timestamp,nose_score,left_eye_score,right_eye_score,left_ear_score,right_ear_score,left_shoulder_score,right_shoulder_score,left_elbow_score,right_elbow_score,left_wrist_score,right_wrist_score,left_hip_score,right_hip_score,left_knee_score,right_knee_score,left_ankle_score,right_ankle_score,head_depth_m,chest_depth_m,hip_depth_m,neck_forward_offset_m,torso_recline_offset_m,head_forward_deg,torso_pitch_deg,elbow_left_deg,elbow_right_deg,torso_len_sw,head_up_m,wrist_face_sw
1791427934.6637955,0.3646,0.7006,0.8440,0.4302,0.4998,0.7538,0.4998,0.5695,0.5695,0.0574,0.3646,0.3646,0.4998,0.0574,0.0737,0.0369,0.0369,0.4040,0.6225,,0.2185,,70.14,,,157.8,0.850,0.079,1.608
1791427934.6954043,0.4302,0.5695,0.8030,0.4302,0.4998,0.6350,0.4998,0.7006,0.4998,0.0737,0.4302,0.2991,0.4302,0.0410,0.0737,0.0410,0.0574,0.4020,0.6225,,0.2205,,69.96,,,157.4,,0.080,1.607
1791427934.7268467,0.1229,0.4998,0.5695,0.1557,0.4302,0.7006,0.5695,0.4998,0.3646,0.0574,0.2991,0.2458,0.4998,0.0410,0.0246,0.0369,0.0410,,0.6235,,,,69.96,,,157.3,,0.080,
1791427934.7580101,0.2991,0.6350,0.7538,0.2991,0.4302,0.7006,0.4302,0.5695,0.4998,0.0369,0.1557,0.4302,0.4302,0.0369,0.0123,0.0369,0.0574,,0.6225,,,,69.96,,,157.9,0.844,0.080,
1791427934.7915368,0.4302,0.7006,0.6350,0.4998,0.4998,0.7006,0.7006,0.7538,0.6350,0.0942,0.2991,0.2991,0.4998,0.0246,0.0205,0.0410,0.0574,0.4040,0.6265,,0.2225,,70.47,,,158.6,,0.078,
1791427934.8239124,0.6350,0.6350,0.8030,0.4998,0.5695,0.6350,0.4302,0.7006,0.4998,0.0737,0.2991,0.3646,0.4302,0.0737,0.0369,0.0164,0.0123,0.4030,0.6230,,0.2200,,70.11,,,158.2,0.797,0.080,
1791427934.8576334,0.6350,0.7006,0.5695,0.2991,0.3646,0.6350,0.5695,0.6350,0.4998,0.0574,0.2991,0.3646,0.2991,0.0574,0.0164,0.0369,0.0574,0.4040,0.6235,,0.2195,,70.21,,,156.9,,0.079,
1791427934.8910716,0.7006,0.6350,0.4998,0.1229,0.5695,0.8440,0.4302,0.5695,0.4302,0.0574,0.2991,0.2991,0.1557,0.0574,0.0369,0.0164,0.0410,0.4030,0.6225,,0.2195,,70.18,,,157.6,,0.079,
1791427934.9243395,0.4302,0.6350,0.8440,0.3646,0.5695,0.6350,0.5695,0.6350,0.7006,0.0942,0.1229,0.4998,0.1557,0.0410,0.0246,0.0246,0.0410,0.4030,0.6230,,0.2200,,69.92,,,157.4,,0.080,
1791427934.957771,0.7006,0.8030,0.6350,0.1966,0.4302,0.8030,0.5695,0.6350,0.5695,0.0737,0.3646,0.2991,0.2458,0.0246,0.0164,0.0574,0.0737,0.4030,0.6220,,0.2190,,69.25,,,158.9,,0.083,1.640
1791427934.9966793,0.4998,0.5695,0.7006,0.5695,0.4998,0.7006,0.7006,0.6350,0.4302,0.0942,0.4302,0.4302,0.4998,0.0164,0.0410,0.0410,0.0410,0.4050,0.6205,,0.2155,,69.12,,,157.7,0.913,0.083,1.701
1791427935.028719,0.6350,0.8030,0.6350,0.3646,0.5695,0.6350,0.3646,0.6350,0.3646,0.2458,0.4302,0.2458,0.4998,0.0737,0.0737,0.0205,0.0369,0.4020,0.6235,,0.2215,,69.08,,,157.8,,0.084,1.602
1791427935.0607028,0.3646,0.6350,0.5695,0.2991,0.4302,0.7538,0.3646,0.5695,0.5695,0.0737,0.4998,0.1557,0.3646,0.0410,0.0164,0.0369,0.0574,0.4050,0.6235,,0.2185,,69.14,,,152.5,,0.083,1.609
1791427935.0926974,0.3646,0.4998,0.8440,0.2991,0.4998,0.7006,0.7538,0.6350,0.5695,0.0574,0.2991,0.3646,0.2991,0.0737,0.0574,0.0369,0.0574,0.4030,0.6220,,0.2190,,69.67,,,152.7,,0.081,
1791427935.1247592,0.6350,0.4302,0.9054,0.5695,0.4302,0.7006,0.3646,0.5695,0.7006,0.0369,0.3646,0.3646,0.2991,0.0246,0.0246,0.0410,0.0410,0.4040,0.6235,,0.2195,,69.44,,,154.1,,0.082,1.606
1791427935.156998,0.2458,0.4302,0.7006,0.4998,0.5695,0.6350,0.2991,0.6350,0.3646,0.0410,0.4998,0.4302,0.2458,0.0410,0.0205,0.0574,0.0574,,,,,,69.44,,,154.1,,,
1791427935.1920156,0.4998,0.5695,0.7538,0.2991,0.4998,0.4998,0.2991,0.7006,0.4302,0.0410,0.4302,0.2458,0.4302,0.0410,0.0246,0.0410,0.0737,0.4050,,,,,69.44,,,154.1,,,
1791427935.2244072,0.5695,0.7006,0.5695,0.4302,0.4998,0.7538,0.4998,0.5695,0.4302,0.0574,0.1557,0.4302,0.4302,0.0369,0.0123,0.0574,0.0410,0.4030,0.6230,,0.2200,,69.21,,,153.8,0.840,0.083,
1791427935.2576342,0.7538,0.6350,0.7538,0.3646,0.4302,0.7006,0.4998,0.5695,0.4302,0.0574,0.4302,0.2458,0.4302,0.0737,0.0737,0.0369,0.0574,0.4030,0.6240,,0.2210,,69.94,,,154.1,,0.080,1.496
1791427935.2909489,0.2991,0.4302,0.7538,0.4302,0.5695,0.7006,0.4998,0.5695,0.4998,0.0369,0.1557,0.2991,0.1557,0.0574,0.0164,0.0574,0.0574,,0.6210,,,,69.94,,,154.4,,0.080,
1791427935.3292341,0.7538,0.6350,0.8440,0.4998,0.4998,0.8030,0.5695,0.6350,0.4998,0.1557,0.2458,0.2458,0.4998,0.0410,0.0205,0.0410,0.0410,0.4040,0.6220,,0.2180,,70.08,,,154.5,,0.080,
1791427935.3608012,0.2991,0.6350,0.8767,0.1966,0.4998,0.7006,0.5695,0.6350,0.4998,0.0737,0.2458,0.2991,0.4302,0.0410,0.0123,0.0369,0.0410,,0.6215,,,,70.08,,,155.1,,0.080,
1791427935.3918548,0.3646,0.4302,0.8030,0.1229,0.2991,0.8030,0.2458,0.7006,0.4998,0.0942,0.3646,0.2991,0.2991,0.0574,0.0205,0.0410,0.0737,0.4040,,,,,70.08,,,155.1,,,
1791427935.426147,0.7006,0.6350,0.6350,0.3646,0.4998,0.7538,0.6350,0.6350,0.4302,0.0942,0.1557,0.2991,0.4998,0.0205,0.0164,0.0410,0.0410,0.4040,0.6230,,0.2190,,69.84,,,154.7,,0.081,
1791427935.4580696,0.5695,0.4302,0.7006,0.4302,0.4998,0.7006,0.4998,0.5695,0.2991,0.1229,0.3646,0.1966,0.0942,0.0369,0.0123,0.0164,0.0369,0.4040,0.6235,,0.2195,,69.29,,,154.7,,0.083,1.619
1791427935.4927719,0.4302,0.6350,0.7006,0.4302,0.5695,0.7538,0.3646,0.5695,0.4302,0.0942,0.4998,0.2458,0.1966,0.0737,0.0205,0.0574,0.0942,0.4020,0.6235,,0.2215,,69.05,,,154.6,,0.084,1.584
1791427935.5256197,0.4302,0.7006,0.8030,0.1966,0.6350,0.7538,0.5695,0.6350,0.4302,0.0574,0.3646,0.1557,0.3646,0.0369,0.0205,0.0369,0.0574,0.4030,0.6245,,0.2215,,69.07,,,155.3,,0.084,1.568
1791427935.5587664,0.4302,0.6350,0.7006,0.4998,0.5695,0.7538,0.3646,0.7006,0.4998,0.1229,0.3646,0.1966,0.3646,0.0410,0.0410,0.0574,0.0369,0.4060,0.6220,,0.2160,,69.45,,,156.7,,0.082,1.587
1791427935.5985,0.7006,0.7538,0.7006,0.3646,0.5695,0.6350,0.5695,0.5695,0.5695,0.0942,0.4302,0.2991,0.1229,0.0574,0.0205,0.0410,0.0574,0.4030,0.6230,,0.2200,,69.52,,,157.5,,0.082,1.597
1791427935.63044,0.6350,0.7538,0.9259,0.4302,0.6350,0.8030,0.5695,0.7006,0.5695,0.0574,0.3646,0.2458,0.4302,0.0574,0.0410,0.0246,0.0410,0.4030,0.6210,,0.2180,,69.43,,,157.4,,0.082,1.648
1791427935.6625385,0.5695,0.6350,0.8440,0.1966,0.4302,0.7006,0.5695,0.6350,0.2991,0.0410,0.2991,0.3646,0.4998,0.0164,0.0205,0.0164,0.0410,0.4050,0.6230,,0.2180,,69.72,,,157.5,0.848,0.081,
1791427935.693304,0.6350,0.4998,0.4302,0.3646,0.5695,0.5695,0.4998,0.6350,0.5695,0.0942,0.0737,0.3646,0.4998,0.0410,0.0410,0.0369,0.0410,0.4030,0.6225,,0.2195,,69.49,,,157.3,0.804,0.082,
1791427935.7266116,0.3646,0.4998,0.6350,0.4998,0.6350,0.8030,0.4302,0.5695,0.4302,0.1229,0.2991,0.2991,0.2458,0.0369,0.0737,0.0164,0.0410,0.4030,0.6225,,0.2195,,69.33,,,157.2,,0.083,
1791427935.758566,0.6350,0.5695,0.7538,0.5695,0.4998,0.5695,0.7006,0.7538,0.4998,0.0410,0.3646,0.2991,0.1229,0.0246,0.0205,0.0574,0.0737,0.4030,0.6235,,0.2205,,68.80,,,156.4,,0.085,1.575
1791427935.792793,0.3646,0.4998,0.8030,0.4302,0.4998,0.7538,0.7538,0.7538,0.3646,0.0574,0.4302,0.2991,0.4998,0.0369,0.0164,0.0574,0.0574,0.4050,0.6235,,0.2185,,69.23,,,157.5,,0.083,1.522
1791427935.825289,0.6350,0.7006,0.5695,0.4998,0.6350,0.7006,0.4998,0.7006,0.6350,0.0410,0.5695,0.3646,0.3646,0.0574,0.0205,0.0369,0.0410,0.4030,0.6215,,0.2185,,69.39,,,157.5,0.819,0.082,1.600
1791427935.85917,0.7006,0.7538,0.5695,0.1966,0.5695,0.8030,0.4998,0.7538,0.6350,0.1229,0.2458,0.2991,0.4998,0.0369,0.0942,0.0246,0.0246,0.4040,0.6230,,0.2190,,69.28,,,156.8,,0.083,
1791427935.8983786,0.2458,0.4302,0.3646,0.3646,0.4998,0.7006,0.4998,0.5695,0.6350,0.1229,0.2991,0.1966,0.0942,0.0574,0.0123,0.0369,0.0369,,0.6230,,,,69.28,,,157.0,,0.083,
1791427935.9298224,0.5695,0.5695,0.7006,0.4998,0.4302,0.6350,0.2991,0.6350,0.4998,0.0574,0.1229,0.2991,0.3646,0.0942,0.0164,0.0410,0.0410,0.4050,,,,,69.28,,,157.0,,,
1791427935.9618819,0.7538,0.5695,0.7006,0.3646,0.7538,0.6350,0.4998,0.4998,0.5695,0.0942,0.4302,0.2458,0.2458,0.0574,0.0574,0.0164,0.0369,0.4040,0.6220,,0.2180,,69.20,,,156.7,,0.083,1.621
1791427935.992803,0.7538,0.7006,0.9054,0.4998,0.6350,0.8440,0.6350,0.7538,0.4998,0.0942,0.4998,0.5695,0.4302,0.0410,0.0164,0.0369,0.0369,0.4070,0.6240,,0.2170,,68.90,,,156.4,0.796,0.084,1.592
1791427936.0250375,0.7538,0.5695,0.7006,0.1557,0.6350,0.8440,0.6350,0.6350,0.4302,0.1557,0.2458,0.1229,0.1557,0.0369,0.0164,0.0410,0.0574,0.4030,0.6220,,0.2190,,69.12,,,156.4,,0.083,
1791427936.0588562,0.4302,0.8030,0.7006,0.2991,0.5695,0.7006,0.4302,0.7006,0.3646,0.1557,0.1966,0.2991,0.4998,0.0369,0.0942,0.0369,0.0574,0.4030,0.6210,,0.2180,,69.42,,,156.4,,0.082,
1791427936.0930436,0.4998,0.8767,0.6350,0.3646,0.7006,0.7006,0.8030,0.7006,0.5695,0.0942,0.2991,0.3646,0.1966,0.0574,0.0205,0.0369,0.0410,0.4040,0.6225,,0.2185,,69.49,,,156.8,,0.082,
1791427936.1257062,0.4302,0.4998,0.9054,0.1557,0.5695,0.5695,0.5695,0.6350,0.4302,0.0737,0.4998,0.2458,0.1966,0.0574,0.0574,0.0369,0.0410,0.4030,0.6165,,0.2135,,69.84,,,156.4,,0.080,1.766
1791427936.1593833,0.3646,0.7538,0.7538,0.4998,0.4302,0.6350,0.7006,0.7538,0.5695,0.0737,0.2991,0.1966,0.2991,0.0410,0.0164,0.0205,0.0410,0.4070,0.6230,,0.2160,,69.50,,,156.1,,0.081,
1791427936.197256,0.4302,0.4998,0.7006,0.2991,0.4998,0.7006,0.4302,0.7538,0.4302,0.1557,0.2458,0.2991,0.4998,0.0737,0.0246,0.0410,0.0410,0.4030,0.6225,,0.2195,,69.49,,,156.1,,0.081,
1791427936.2294056,0.6350,0.5695,0.7006,0.4302,0.5695,0.7006,0.6350,0.4998,0.4302,0.1557,0.3646,0.2991,0.4998,0.0205,0.0205,0.0123,0.0737,0.4050,0.6225,,0.2175,,69.57,,,157.7,,0.081,1.570
1791427936.2600198,0.3646,0.6350,0.8767,0.1966,0.4302,0.7538,0.5695,0.6350,0.4998,0.0574,0.2991,0.1557,0.0942,0.1229,0.0574,0.0369,0.0410,0.4050,0.6230,,0.2180,,69.73,,,157.7,,0.080,
1791427936.292576,0.5695,0.6350,0.8440,0.4302,0.7006,0.7538,0.4998,0.5695,0.3646,0.0369,0.3646,0.3646,0.1557,0.0410,0.0369,0.0246,0.0410,0.4030,0.6245,,0.2215,,69.69,,,157.9,,0.081,1.561
1791427936.3273752,0.6350,0.7538,0.8030,0.2458,0.7538,0.6350,0.4998,0.6350,0.4302,0.0942,0.2458,0.3646,0.1229,0.0410,0.0205,0.0246,0.0574,0.4030,0.6245,,0.2215,,69.52,,,157.2,,0.082,
1791427936.3596556,0.4998,0.4998,0.6350,0.2458,0.4302,0.7006,0.4998,0.6350,0.4998,0.1557,0.2991,0.4302,0.4998,0.0369,0.0410,0.0369,0.0737,0.4030,0.6240,,0.2210,,68.86,,,157.9,0.867,0.085,
1791427936.3934336,0.7006,0.4302,0.2991,0.4302,0.4302,0.8030,0.2458,0.7538,0.5695,0.1557,0.3646,0.1966,0.4998,0.0246,0.0164,0.0369,0.0369,0.4030,,,,,68.86,,,157.9,,,
1791427936.4260032,0.2458,0.5695,0.3646,0.4302,0.4302,0.7006,0.4998,0.5695,0.4998,0.0942,0.1966,0.1966,0.1557,0.0574,0.0737,0.0574,0.0574,,0.6225,,,,68.86,,,157.5,,0.085,
1791427936.4654164,0.5695,0.7538,0.7006,0.4302,0.4998,0.7538,0.3646,0.7006,0.2991,0.0410,0.0942,0.4302,0.4998,0.0369,0.0164,0.0574,0.0410,0.4070,0.6215,,0.2145,,69.51,,,157.7,0.840,0.082,
1791427936.4967895,0.5695,0.7006,0.8440,0.4302,0.5695,0.7006,0.6350,0.5695,0.4302,0.0942,0.1966,0.2991,0.3646,0.0410,0.0246,0.0410,0.0410,0.4080,0.6230,,0.2150,,69.19,,,157.7,,0.083,
1791427936.5281117,0.1966,0.4998,0.8440,0.3646,0.5695,0.7006,0.4302,0.4998,0.4998,0.0246,0.1229,0.1966,0.1966,0.0737,0.0369,0.0574,0.0574,,0.6230,,,,69.19,,,157.5,,0.083,
1791427936.5604422,0.3646,0.6350,0.8440,0.3646,0.5695,0.7538,0.6350,0.6350,0.3646,0.0737,0.0942,0.2991,0.1229,0.0246,0.0369,0.0164,0.0410,0.4070,0.6235,,0.2165,,68.98,,,154.9,,0.084,
1791427936.5927837,0.7006,0.6350,0.4302,0.2991,0.5695,0.7538,0.4302,0.5695,0.3646,0.1557,0.3646,0.2458,0.3646,0.0205,0.0123,0.0410,0.0574,0.4030,0.6235,,0.2205,,68.88,,,155.7,,0.084,1.675
1791427936.6271155,0.1966,0.6350,0.6350,0.2991,0.4998,0.7538,0.4998,0.6350,0.4302,0.1229,0.2991,0.3646,0.1557,0.0410,0.0246,0.0369,0.0574,,0.6240,,,,68.88,,,155.4,,0.084,
1791427936.6607878,0.5695,0.6350,0.8440,0.2991,0.5695,0.6350,0.4998,0.6350,0.4998,0.0737,0.3646,0.1966,0.4998,0.0410,0.0164,0.0410,0.0410,0.4080,0.6230,,0.2150,,69.26,,,157.0,,0.082,1.521
1791427936.7037375,0.6350,0.6350,0.8767,0.1557,0.5695,0.6350,0.4998,0.6350,0.4302,0.0942,0.1557,0.2991,0.4302,0.0410,0.0123,0.0369,0.0369,0.4060,0.6235,,0.2175,,69.45,,,157.3,,0.082,
1791427936.7344227,0.1557,0.4998,0.5695,0.3646,0.4998,0.7006,0.7538,0.5695,0.2991,0.0410,0.4302,0.1557,0.1966,0.0123,0.0246,0.0410,0.0737,,0.6230,,,,69.45,,,157.0,,0.082,
1791427936.765949,0.4998,0.6350,0.7538,0.4302,0.5695,0.7006,0.5695,0.6350,0.4998,0.1557,0.2458,0.4302,0.3646,0.0246,0.0246,0.0410,0.0410,0.4020,0.6240,,0.2220,,69.64,,,156.7,0.753,0.081,
1791427936.7966335,0.1557,0.6350,0.3646,0.1966,0.6350,0.7006,0.4998,0.6350,0.6350,0.0737,0.3646,0.1966,0.2991,0.0574,0.0123,0.0369,0.0410,,0.6225,,,,69.64,,,157.2,,0.081,
1791427936.8280833,0.5695,0.6350,0.8767,0.5695,0.5695,0.8030,0.4998,0.5695,0.4998,0.0574,0.2991,0.2991,0.1557,0.0737,0.0123,0.0369,0.0737,0.4080,0.6215,,0.2135,,69.37,,,157.4,,0.082,
1791427936.8604221,0.1557,0.1966,0.8440,0.2991,0.4998,0.7006,0.2991,0.5695,0.4998,0.1229,0.1229,0.1966,0.2991,0.0574,0.0205,0.0410,0.0246,,,,,,69.37,,,157.4,,,
1791427936.892624,0.3646,0.7538,0.7538,0.2991,0.5695,0.7006,0.4302,0.5695,0.4998,0.1229,0.3646,0.2991,0.2458,0.0574,0.0164,0.0410,0.0737,0.4060,0.6185,,0.2125,,69.43,,,157.5,,0.081,1.683
1791427936.927316,0.2991,0.4998,0.8767,0.6350,0.6350,0.7538,0.5695,0.6350,0.5695,0.0574,0.1557,0.2458,0.4998,0.0574,0.0410,0.0369,0.0410,,0.6220,,,,69.43,,,156.9,,0.081,
1791427936.9601955,0.4302,0.4998,0.7006,0.3646,0.5695,0.5695,0.6350,0.5695,0.4998,0.0737,0.3646,0.2991,0.4998,0.0246,0.0574,0.0246,0.0574,0.4020,0.6245,,0.2225,,69.42,,,157.8,,0.082,1.527
1791427936.9938264,0.4302,0.5695,0.7006,0.4302,0.6350,0.7006,0.2991,0.5695,0.4302,0.0574,0.2458,0.1966,0.1966,0.0369,0.0164,0.0369,0.0574,0.4060,,,,,69.42,,,157.8,,,
1791427937.0268905,0.4998,0.6350,0.7006,0.1557,0.4998,0.7006,0.4998,0.6350,0.5695,0.0737,0.4302,0.2458,0.1966,0.0369,0.0410,0.0246,0.0369,0.4060,0.6235,,0.2175,,69.22,,,158.7,,0.083,1.624
1791427937.0658607,0.3646,0.6350,0.8440,0.4998,0.5695,0.7006,0.6350,0.6350,0.4302,0.0369,0.4998,0.4302,0.4302,0.0737,0.0164,0.0410,0.0574,0.4060,0.6230,,0.2170,,69.51,,,157.2,0.842,0.081,1.618
1791427937.0971334,0.5695,0.5695,0.8440,0.3646,0.6350,0.8030,0.4998,0.7006,0.3646,0.0942,0.2991,0.3646,0.4302,0.0410,0.0574,0.0410,0.0574,0.4060,0.6220,,0.2160,,69.56,,,157.4,0.814,0.081,
1791427937.1288483,0.2458,0.2458,0.2458,0.4998,0.5695,0.7538,0.5695,0.5695,0.4302,0.0410,0.0737,0.4302,0.4302,0.0410,0.0123,0.0369,0.0369,,0.6220,,,,69.56,,,157.1,0.822,0.081,
1791427937.160922,0.4998,0.6350,0.2991,0.4302,0.4302,0.5695,0.6350,0.7538,0.7006,0.0574,0.3646,0.2991,0.2458,0.0205,0.0369,0.0369,0.0410,0.4040,0.6230,,0.2190,,69.27,,,156.5,,0.082,1.630
1791427937.1932151,0.7538,0.3646,0.8030,0.4302,0.4302,0.7006,0.2991,0.6350,0.6350,0.0410,0.1966,0.1966,0.3646,0.0574,0.0205,0.0574,0.0410,0.4080,,,,,69.27,,,156.5,,,
1791427937.2285302,0.1557,0.7006,0.3646,0.3646,0.2991,0.8030,0.4302,0.6350,0.4998,0.0942,0.1557,0.1966,0.3646,0.0574,0.0205,0.0410,0.0574,,0.6210,,,,69.27,,,156.6,,0.082,
1791427937.2602289,0.7538,0.7538,0.6350,0.3646,0.5695,0.7006,0.4998,0.5695,0.6350,0.1557,0.4302,0.2991,0.1557,0.0369,0.0410,0.0369,0.0410,0.4060,0.6235,,0.2175,,68.87,,,155.9,,0.084,1.639
1791427937.2953303,0.6350,0.6350,0.4302,0.4998,0.6350,0.7006,0.6350,0.4302,0.4302,0.0369,0.2991,0.3646,0.1557,0.0574,0.0205,0.0205,0.0246,0.4080,0.6225,,0.2145,,69.01,,,156.5,,0.083,
1791427937.329741,0.6350,0.4998,0.6350,0.4302,0.4998,0.6350,0.7006,0.5695,0.4302,0.0737,0.0942,0.2991,0.3646,0.0410,0.0246,0.0246,0.0369,0.4040,0.6225,,0.2185,,68.97,,,156.6,,0.084,
1791427937.3609395,0.3646,0.4998,0.7006,0.4998,0.2991,0.7006,0.4998,0.7538,0.4302,0.0369,0.4998,0.2991,0.1557,0.0737,0.0369,0.0164,0.0369,0.4060,0.6220,,0.2160,,69.53,,,156.8,,0.081,1.613
1791427937.3937135,0.7538,0.8030,0.5695,0.1557,0.6350,0.7006,0.4998,0.6350,0.3646,0.0574,0.2991,0.3646,0.4302,0.1229,0.0205,0.0246,0.0369,0.4020,0.6235,,0.2215,,69.40,,,156.5,0.823,0.082,
1791427937.42757,0.1966,0.5695,0.4998,0.3646,0.6350,0.7538,0.6350,0.7006,0.3646,0.0942,0.4302,0.2458,0.2991,0.0410,0.0205,0.0410,0.0574,,0.6240,,,,69.40,,,154.4,,0.082,
1791427937.4603229,0.2458,0.7006,0.7538,0.4302,0.3646,0.7006,0.7006,0.6350,0.1966,0.0410,0.1557,0.2458,0.1229,0.0205,0.0123,0.0574,0.0574,,0.6235,,,,69.40,,,153.9,,0.082,
1791427937.4945893,0.4998,0.6350,0.7538,0.2991,0.5695,0.7006,0.7006,0.5695,0.6350,0.0737,0.3646,0.1966,0.1557,0.0246,0.0205,0.0205,0.0369,0.4060,0.6230,,0.2170,,68.98,,,154.8,,0.084,1.672
1791427937.5269694,0.3646,0.7006,0.8767,0.4302,0.5695,0.7006,0.4302,0.6350,0.4302,0.0737,0.3646,0.2991,0.1229,0.0737,0.0737,0.0737,0.0574,0.4020,0.6235,,0.2215,,68.84,,,155.5,,0.085,1.628
1791427937.56717,0.7006,0.7538,0.7006,0.1557,0.6350,0.7538,0.5695,0.5695,0.7006,0.0574,0.0942,0.2991,0.1229,0.0574,0.0410,0.0410,0.0369,0.4060,0.6220,,0.2160,,68.65,,,155.8,,0.085,
1791427937.5979884,0.4998,0.5695,0.7006,0.1557,0.5695,0.6350,0.5695,0.5695,0.4998,0.0737,0.0737,0.2458,0.2458,0.0205,0.0123,0.0369,0.0737,0.4030,0.6235,,0.2205,,69.35,,,155.4,,0.082,
1791427937.6311605,0.6350,0.4998,0.5695,0.1557,0.7006,0.8030,0.7006,0.4998,0.5695,0.1229,0.2991,0.2991,0.1966,0.0369,0.0205,0.0369,0.0410,0.4080,0.6215,,0.2135,,70.14,,,155.5,,0.079,
1791427937.6617014,0.1966,0.4998,0.5695,0.3646,0.1966,0.7006,0.4302,0.7006,0.5695,0.0246,0.2991,0.2458,0.3646,0.0410,0.0164,0.0410,0.0410,,0.6215,,,,70.14,,,155.7,,0.079,
1791427937.6956294,0.7006,0.2991,0.6350,0.1966,0.4998,0.6350,0.7006,0.4998,0.6350,0.0369,0.4302,0.2458,0.4302,0.0410,0.0205,0.0574,0.0410,0.4080,0.6200,,0.2120,,70.47,,,156.0,,0.077,1.649
1791427937.7272146,0.2458,0.2458,0.4998,0.4302,0.2458,0.7538,0.7006,0.5695,0.2991,0.1229,0.4302,0.2458,0.3646,0.0410,0.0164,0.0369,0.0737,,0.6240,,,,70.47,,,156.2,,0.077,
1791427937.761136,0.4302,0.7538,0.7006,0.1557,0.5695,0.4998,0.5695,0.4998,0.5695,0.0574,0.4302,0.3646,0.4302,0.0410,0.0164,0.0369,0.0574,0.4080,0.6220,,0.2140,,70.46,,,157.1,0.871,0.077,1.611
1791427937.793804,0.3646,0.7538,0.6350,0.1966,0.4998,0.7538,0.3646,0.6350,0.4998,0.0737,0.2991,0.2458,0.1557,0.0369,0.0574,0.0410,0.0574,0.4070,0.6235,,0.2165,,70.54,,,156.9,,0.076,
1791427937.8280118,0.4998,0.7538,0.7006,0.1966,0.6350,0.8030,0.5695,0.6350,0.4302,0.0737,0.0737,0.2458,0.1557,0.1229,0.0205,0.0164,0.0410,0.4080,0.6205,,0.2125,,70.78,,,156.7,,0.075,
1791427937.8612008,0.3646,0.6350,0.7538,0.3646,0.4998,0.5695,0.4998,0.5695,0.5695,0.0737,0.2458,0.2458,0.0942,0.0369,0.0123,0.0574,0.0574,0.4060,0.6185,,0.2125,,70.77,,,157.1,,0.075,
1791427937.9007208,0.4998,0.5695,0.6350,0.2991,0.5695,0.7006,0.3646,0.5695,0.2991,0.0737,0.0942,0.2458,0.3646,0.0205,0.0410,0.0410,0.0410,0.4080,0.6225,,0.2145,,71.08,,,157.3,,0.074,
1791427937.933221,0.2458,0.2991,0.5695,0.4302,0.2991,0.8030,0.7006,0.5695,0.6350,0.0737,0.2991,0.1557,0.4998,0.0410,0.0123,0.0574,0.0574,,0.6200,,,,71.08,,,157.6,,0.074,
1791427937.9636965,0.5695,0.6350,0.8030,0.2991,0.5695,0.7538,0.4302,0.5695,0.6350,0.1229,0.2458,0.2458,0.2991,0.0246,0.0369,0.0410,0.0410,0.4080,0.6235,,0.2155,,71.04,,,157.2,,0.074,
1791427937.9961655,0.2458,0.4302,0.8030,0.2991,0.4998,0.6350,0.4302,0.4998,0.2991,0.0574,0.0942,0.1966,0.1966,0.0410,0.0164,0.0205,0.0246,,0.6220,,,,71.04,,,156.8,,0.074,
1791427938.028157,0.7538,0.7006,0.4302,0.3646,0.5695,0.6350,0.6350,0.7006,0.2458,0.0574,0.1966,0.1966,0.4302,0.0574,0.0369,0.0164,0.0737,0.4080,0.6225,,0.2145,,71.09,,,156.7,,0.074,
1791427938.0608878,0.1229,0.6350,0.5695,0.4302,0.1966,0.7006,0.6350,0.5695,0.4302,0.0574,0.3646,0.2991,0.3646,0.0369,0.0369,0.0369,0.0737,,0.6230,,,,71.09,,,157.0,,0.074,
1791427938.095424,0.5695,0.2991,0.4302,0.3646,0.4998,0.7006,0.5695,0.7006,0.5695,0.0737,0.4302,0.3646,0.4302,0.0410,0.0082,0.0369,0.0410,0.4060,0.6225,,0.2165,,71.23,,,156.3,0.826,0.073,1.580
1791427938.1276083,0.2991,0.3646,0.4998,0.3646,0.5695,0.7006,0.4998,0.4998,0.6350,0.0737,0.1229,0.1966,0.1966,0.0123,0.0205,0.0410,0.0410,,0.6230,,,,71.23,,,156.4,,0.073,
1791427938.161746,0.4998,0.3646,0.5695,0.5695,0.5695,0.5695,0.2458,0.4998,0.4998,0.0369,0.4998,0.1966,0.2991,0.1557,0.0123,0.0164,0.0410,0.4080,,,,,71.23,,,156.4,,,
1791427938.2015674,0.7006,0.5695,0.7006,0.0942,0.2458,0.7006,0.7006,0.4998,0.4302,0.0205,0.1557,0.1557,0.4302,0.0737,0.0123,0.0369,0.0369,0.4080,0.6225,,0.2145,,71.45,,,156.4,,0.072,
1791427938.2340443,0.6350,0.6350,0.6350,0.4998,0.6350,0.7538,0.4302,0.5695,0.4998,0.0737,0.0942,0.2458,0.2991,0.0369,0.0574,0.0246,0.0246,0.4030,0.6230,,0.2200,,71.28,,,156.3,,0.073,
1791427938.2647429,0.5695,0.6350,0.7538,0.2991,0.6350,0.6350,0.4998,0.6350,0.4998,0.0942,0.1229,0.2458,0.2458,0.0369,0.0246,0.0369,0.0410,0.4080,0.6205,,0.2125,,71.41,,,156.4,,0.072,
1791427938.296023,0.3646,0.7006,0.6350,0.2991,0.7538,0.7006,0.7006,0.6350,0.7538,0.0737,0.0942,0.2458,0.1557,0.0410,0.0410,0.0574,0.0574,0.4080,0.6235,,0.2155,,71.24,,,155.9,,0.073,
1791427938.3293378,0.2458,0.7538,0.7006,0.1229,0.6350,0.7538,0.5695,0.5695,0.3646,0.0246,0.0942,0.1229,0.4302,0.0246,0.0164,0.0369,0.0942,,0.6220,,,,71.24,,,155.6,,0.073,
1791427938.3619692,0.1966,0.7538,0.7006,0.1966,0.4998,0.7538,0.7538,0.4998,0.3646,0.0574,0.1966,0.1557,0.4302,0.0942,0.0369,0.0410,0.0574,,0.6235,,,,71.24,,,156.0,,0.073,
1791427938.395296,0.7538,0.7006,0.7538,0.1966,0.5695,0.8440,0.7006,0.6350,0.4998,0.0574,0.0942,0.2991,0.4302,0.0246,0.0123,0.0410,0.0410,0.4030,0.6230,,0.2200,,71.18,,,155.7,,0.074,
1791427938.428932,0.4302,0.4302,0.4998,0.4998,0.5695,0.6350,0.2458,0.6350,0.4302,0.1557,0.1966,0.2991,0.4998,0.1229,0.0410,0.0369,0.0369,0.4060,,,,,71.18,,,155.7,,,
1791427938.4617386,0.6350,0.6350,0.2458,0.4302,0.7006,0.6350,0.6350,0.4998,0.2991,0.0574,0.2991,0.2458,0.4302,0.0205,0.0164,0.0164,0.0246,0.4080,0.6220,,0.2140,,71.03,,,156.3,,0.074,
1791427938.4953628,0.7006,0.5695,0.4302,0.2458,0.7006,0.8030,0.4302,0.6350,0.4998,0.0737,0.1966,0.2991,0.4998,0.0737,0.0164,0.0205,0.0246,0.4080,0.6190,,0.2110,,70.56,,,156.7,,0.076,
1791427938.5344236,0.5695,0.8030,0.7538,0.5695,0.1557,0.7538,0.2458,0.7538,0.4998,0.0410,0.4998,0.2458,0.3646,0.0369,0.0369,0.0410,0.0737,0.4080,,,,,70.56,,,156.7,,,
1791427938.5656152,0.2991,0.4302,0.9054,0.1966,0.7006,0.7006,0.4302,0.7006,0.4998,0.0942,0.2458,0.2458,0.1966,0.0574,0.0410,0.0246,0.0410,,0.6230,,,,70.56,,,156.3,,0.076,
1791427938.597338,0.6350,0.5695,0.7538,0.1557,0.5695,0.7538,0.4998,0.6350,0.4998,0.1229,0.2458,0.1557,0.4302,0.0574,0.0164,0.0410,0.0942,0.4040,0.6200,,0.2160,,70.55,,,156.5,,0.076,
1791427938.628237,0.6350,0.4998,0.2458,0.5695,0.3646,0.4998,0.5695,0.6350,0.4998,0.0574,0.5695,0.2458,0.2458,0.0574,0.0737,0.0369,0.0410,0.4080,0.6210,,0.2130,,70.81,,,157.8,,0.075,1.568
1791427938.6626906,0.5695,0.4998,0.8030,0.4998,0.7538,0.7538,0.7006,0.4998,0.2991,0.0737,0.4302,0.1557,0.4998,0.0574,0.0410,0.0369,0.0410,0.4060,0.6190,,0.2130,,70.68,,,158.3,,0.075,1.676
1791427938.6954305,0.4302,0.4302,0.7538,0.4302,0.7006,0.8030,0.5695,0.5695,0.3646,0.0737,0.3646,0.1557,0.4302,0.0737,0.0737,0.0574,0.0574,0.4050,0.6235,,0.2185,,70.82,,,157.1,,0.075,1.551
1791427938.7293577,0.4998,0.5695,0.5695,0.4998,0.4302,0.7538,0.4302,0.5695,0.4302,0.0246,0.1229,0.1966,0.4302,0.0205,0.0164,0.0369,0.0410,0.4060,0.6235,,0.2175,,70.23,,,156.0,,0.078,
1791427938.7624295,0.4998,0.5695,0.6350,0.3646,0.7538,0.8030,0.3646,0.6350,0.4302,0.1557,0.3646,0.2991,0.4302,0.0574,0.0205,0.0369,0.0574,0.4030,0.6235,,0.2205,,70.21,,,157.1,,0.078,1.489
1791427938.7959063,0.7006,0.7006,0.8030,0.2991,0.4998,0.6350,0.6350,0.6350,0.7006,0.0410,0.3646,0.1966,0.4302,0.0246,0.0205,0.0205,0.0410,0.4060,0.6200,,0.2140,,70.21,,,157.0,,0.078,1.691
1791427938.834969,0.7538,0.1966,0.4998,0.4998,0.5695,0.7006,0.4998,0.3646,0.5695,0.0205,0.3646,0.2458,0.4998,0.0123,0.0123,0.0369,0.0369,0.4080,0.6235,,0.2155,,69.84,,,157.0,,0.079,1.581
1791427938.86629,0.1966,0.7006,0.4998,0.4998,0.3646,0.6350,0.4302,0.5695,0.4302,0.1557,0.3646,0.3646,0.3646,0.0737,0.0410,0.0369,0.0574,,0.6225,,,,69.84,,,156.6,0.846,0.079,
1791427938.8972201,0.4998,0.7538,0.7538,0.3646,0.4998,0.8030,0.6350,0.7006,0.5695,0.0574,0.3646,0.3646,0.1557,0.0410,0.0164,0.0574,0.0574,0.4060,0.6235,,0.2175,,69.93,,,156.2,,0.079,1.634
1791427938.9301248,0.6350,0.5695,0.8767,0.4998,0.2991,0.7538,0.4998,0.4998,0.4302,0.1557,0.4302,0.3646,0.4998,0.0410,0.0082,0.0123,0.0410,0.4080,0.6230,,0.2150,,69.88,,,155.9,0.778,0.079,1.552
1791427938.961909,0.2991,0.4998,0.6350,0.3646,0.3646,0.7006,0.4302,0.6350,0.4998,0.0205,0.5695,0.1229,0.4302,0.0574,0.0369,0.0369,0.0737,,0.6225,,,,69.88,,,155.9,,0.079,
1791427938.9967656,0.1966,0.7538,0.8440,0.2991,0.5695,0.6350,0.3646,0.7006,0.5695,0.0942,0.0942,0.3646,0.3646,0.0942,0.0410,0.0410,0.0574,,0.6220,,,,69.88,,,156.3,0.844,0.079,
1791427939.029277,0.1229,0.7538,0.7538,0.4998,0.4998,0.6350,0.6350,0.6350,0.4302,0.0410,0.1966,0.2991,0.4998,0.0164,0.0410,0.0369,0.0737,,0.6235,,,,69.88,,,154.9,,0.079,
1791427939.0633268,0.4998,0.5695,0.8030,0.4998,0.6350,0.5695,0.4998,0.4302,0.5695,0.0942,0.3646,0.2458,0.3646,0.0737,0.0205,0.0246,0.0369,0.4080,0.6220,,0.2140,,70.27,,,153.4,,0.077,1.211
1791427939.1038458,0.3646,0.7538,0.7538,0.3646,0.7538,0.7538,0.6350,0.5695,0.5695,0.0942,0.2991,0.2458,0.1229,0.0164,0.0205,0.0369,0.0942,0.4070,0.6240,,0.2170,,70.33,,,154.7,,0.077,
1791427939.135468,0.4302,0.7006,0.7538,0.4302,0.6350,0.6350,0.4998,0.4302,0.6350,0.0574,0.1966,0.2991,0.1966,0.0574,0.0164,0.0369,0.0410,0.4080,0.6210,,0.2130,,69.62,,,156.8,,0.080,
1791427939.1672413,0.6350,0.7006,0.8440,0.4302,0.5695,0.7538,0.2458,0.5695,0.4998,0.0369,0.2991,0.1557,0.4302,0.0737,0.0574,0.0369,0.0369,0.4060,,,,,69.62,,,156.8,,,
1791427939.1979678,0.7006,0.4998,0.3646,0.3646,0.4998,0.7006,0.1966,0.4998,0.4998,0.0369,0.0574,0.2458,0.3646,0.0410,0.0123,0.0369,0.0574,0.4070,,,,,69.62,,,156.8,,,
1791427939.2298713,0.7538,0.7006,0.8030,0.3646,0.6350,0.8440,0.4302,0.5695,0.4998,0.0942,0.3646,0.2991,0.4998,0.0410,0.0082,0.0369,0.0574,0.4060,0.6240,,0.2180,,69.54,,,155.7,,0.081,1.577
1791427939.2628288,0.2991,0.8030,0.9054,0.2991,0.6350,0.6350,0.7006,0.7006,0.5695,0.0246,0.3646,0.2458,0.1557,0.0574,0.0410,0.0246,0.0410,,0.6230,,,,69.54,,,157.4,,0.081,
1791427939.2972195,0.4302,0.8767,0.8440,0.4998,0.4998,0.8030,0.4998,0.5695,0.6350,0.0574,0.2991,0.2458,0.3646,0.0410,0.0737,0.0369,0.0574,0.4060,0.6225,,0.2165,,69.56,,,157.8,,0.081,
1791427939.330601,0.6350,0.8030,0.6350,0.4302,0.1966,0.8440,0.4998,0.5695,0.1966,0.0369,0.0942,0.1966,0.1229,0.0369,0.0205,0.0369,0.0574,0.4060,0.6235,,0.2175,,69.63,,,152.2,,0.080,
1791427939.3629434,0.5695,0.7538,0.8767,0.4998,0.1966,0.7006,0.7538,0.7538,0.4998,0.0246,0.2458,0.1966,0.1229,0.1229,0.0205,0.0369,0.0410,0.4060,0.6230,,0.2170,,69.86,,,153.1,,0.079,
1791427939.3958347,0.3646,0.2991,0.2458,0.1966,0.8030,0.7538,0.2991,0.7006,0.6350,0.2458,0.0942,0.3646,0.2458,0.0737,0.0205,0.0369,0.0574,0.4060,,,,,69.86,,,153.1,,,
1791427939.436776,0.2458,0.4998,0.8030,0.3646,0.7006,0.6350,0.4998,0.7006,0.4302,0.1557,0.4302,0.2458,0.3646,0.0205,0.0574,0.0410,0.0410,,0.6210,,,,69.86,,,154.2,,0.079,
1791427939.4682202,0.3646,0.4302,0.6350,0.1229,0.6350,0.8030,0.4302,0.4998,0.5695,0.1229,0.0574,0.2458,0.1966,0.0205,0.0164,0.0164,0.0574,0.4060,0.6215,,0.2155,,69.65,,,152.3,,0.080,
1791427939.4988484,0.4302,0.5695,0.5695,0.2991,0.5695,0.7006,0.4302,0.7006,0.4302,0.0942,0.2991,0.1557,0.2991,0.0246,0.0123,0.0246,0.0369,0.4060,0.6230,,0.2170,,69.83,,,153.9,,0.080,
1791427939.530853,0.7006,0.8440,0.8030,0.5695,0.4302,0.5695,0.4998,0.5695,0.7006,0.1229,0.4302,0.1229,0.4998,0.0410,0.0410,0.0410,0.0574,0.4030,0.6235,,0.2205,,70.12,,,154.2,,0.079,1.486
1791427939.5634403,0.4302,0.8440,0.7538,0.4998,0.5695,0.7006,0.7006,0.8030,0.5695,0.1557,0.4998,0.2458,0.4302,0.0164,0.0246,0.0369,0.0410,0.4080,0.6215,,0.2135,,70.10,,,155.9,,0.078,1.630
1791427939.5960298,0.3646,0.5695,0.7006,0.4998,0.5695,0.7006,0.3646,0.5695,0.4998,0.1557,0.1557,0.2458,0.1557,0.0205,0.0369,0.0246,0.0369,0.4080,0.6230,,0.2150,,69.84,,,156.0,,0.079,
1791427939.629756,0.3646,0.7006,0.8440,0.2458,0.6350,0.5695,0.4302,0.5695,0.4998,0.0574,0.1557,0.2458,0.3646,0.0410,0.0410,0.0369,0.0574,0.4030,0.6225,,0.2195,,69.79,,,156.9,,0.080,
1791427939.6632512,0.5695,0.7006,0.7006,0.2991,0.5695,0.7538,0.4302,0.6350,0.4302,0.1229,0.1229,0.2458,0.1966,0.0737,0.0574,0.0369,0.0410,0.4060,0.6230,,0.2170,,69.45,,,157.3,,0.081,
1791427939.697275,0.5695,0.5695,0.8030,0.4998,0.7006,0.7006,0.7006,0.6350,0.3646,0.0410,0.0574,0.1229,0.4998,0.0410,0.0205,0.0410,0.0410,0.4080,0.6235,,0.2155,,69.31,,,157.0,,0.082,
1791427939.7371984,0.4998,0.6350,0.8767,0.1966,0.6350,0.8030,0.5695,0.5695,0.5695,0.1557,0.3646,0.2458,0.3646,0.0410,0.0410,0.0410,0.0410,0.4030,0.6230,,0.2200,,69.30,,,156.3,,0.082,1.610
1791427939.7689123,0.6350,0.6350,0.6350,0.5695,0.2458,0.6350,0.6350,0.6350,0.2991,0.0410,0.1229,0.1966,0.3646,0.0737,0.0205,0.0410,0.0410,0.4100,0.6220,,0.2120,,69.52,,,156.2,,0.081,
1791427939.800481,0.2991,0.6350,0.4998,0.5695,0.6350,0.7006,0.3646,0.4998,0.4302,0.0410,0.4302,0.3646,0.1557,0.0205,0.0164,0.0410,0.0574,,0.6240,,,,69.52,,,156.5,,0.081,
1791427939.8330274,0.4998,0.6350,0.1966,0.4302,0.1966,0.7538,0.5695,0.4302,0.4302,0.0410,0.2458,0.2991,0.2991,0.0737,0.0205,0.0369,0.0574,0.4090,0.6235,,0.2145,,69.09,,,156.7,,0.082,
1791427939.8638506,0.1966,0.6350,0.6350,0.4998,0.2991,0.8030,0.3646,0.5695,0.6350,0.0410,0.1966,0.3646,0.3646,0.0410,0.0410,0.0246,0.0369,,0.6225,,,,69.09,,,157.3,0.849,0.082,
1791427939.8969147,0.4302,0.7006,0.6350,0.1966,0.3646,0.8767,0.4998,0.5695,0.4302,0.0369,0.1229,0.2991,0.4302,0.0410,0.0574,0.0205,0.0369,0.4030,0.6205,,0.2175,,69.48,,,158.0,,0.081,
1791427939.930373,0.5695,0.7006,0.7538,0.4302,0.2991,0.8767,0.4998,0.4998,0.5695,0.0369,0.2991,0.1966,0.1229,0.0737,0.0164,0.0369,0.0410,0.4070,0.6220,,0.2150,,69.50,,,158.0,,0.081,
1791427939.96441,0.7006,0.4302,0.7538,0.4998,0.7006,0.7538,0.6350,0.7006,0.5695,0.0410,0.2458,0.3646,0.4302,0.0410,0.0123,0.0737,0.0574,0.4030,0.6215,,0.2185,,69.66,,,158.0,0.767,0.080,
1791427939.9972878,0.7538,0.6350,0.7006,0.3646,0.2458,0.8440,0.5695,0.4998,0.3646,0.0246,0.1966,0.1229,0.4302,0.0410,0.0410,0.0369,0.0410,0.4090,0.6225,,0.2135,,69.85,,,157.8,,0.079,
1791427940.031301,0.4302,0.6350,0.7538,0.3646,0.6350,0.7538,0.3646,0.7538,0.3646,0.0369,0.2458,0.2458,0.1229,0.0737,0.0205,0.0410,0.0410,0.4070,0.6235,,0.2165,,69.93,,,157.9,,0.079,
1791427940.0698867,0.4302,0.3646,0.6350,0.4302,0.8030,0.7538,0.4998,0.5695,0.4302,0.0574,0.1229,0.2458,0.1966,0.0574,0.0205,0.0574,0.0737,0.4090,0.6240,,0.2150,,70.08,,,157.4,,0.078,
1791427940.1023808,0.2458,0.5695,0.8030,0.1966,0.6350,0.8030,0.6350,0.6350,0.6350,0.0410,0.3646,0.2458,0.2458,0.0246,0.0164,0.0246,0.0369,,0.6225,,,,70.08,,,158.6,,0.078,
1791427940.1325164,0.5695,0.5695,0.6350,0.4998,0.6350,0.4998,0.4998,0.6350,0.5695,0.0369,0.2991,0.3646,0.4302,0.0410,0.0164,0.0369,0.0410,0.4030,0.6210,,0.2180,,69.86,,,158.8,0.881,0.079,
1791427940.1649475,0.7006,0.7538,0.7538,0.4998,0.4998,0.8030,0.2458,0.4998,0.4302,0.0574,0.3646,0.2458,0.1557,0.0205,0.0737,0.0574,0.0737,0.4060,,,,,69.86,,,158.8,,,
1791427940.196804,0.4998,0.6350,0.5695,0.4302,0.5695,0.8030,0.2991,0.7006,0.4302,0.0369,0.3646,0.1557,0.1557,0.0410,0.0410,0.0369,0.0410,0.4080,,,,,69.86,,,158.8,,,
1791427940.2304888,0.3646,0.5695,0.7006,0.4302,0.6350,0.7006,0.3646,0.5695,0.4998,0.0942,0.3646,0.2458,0.4302,0.0574,0.0574,0.0410,0.0410,0.4040,0.6235,,0.2195,,69.60,,,156.7,,0.081,1.680
1791427940.2648125,0.3646,0.7006,0.6350,0.1966,0.7006,0.8030,0.4302,0.5695,0.4302,0.0942,0.3646,0.1966,0.1557,0.0246,0.0369,0.0246,0.0410,0.4070,0.6230,,0.2160,,69.24,,,156.4,,0.082,1.644
1791427940.2975595,0.3646,0.8440,0.6350,0.4302,0.5695,0.5695,0.7538,0.5695,0.6350,0.0574,0.0574,0.1966,0.1966,0.0574,0.0737,0.0410,0.0574,0.4030,0.6230,,0.2200,,69.59,,,155.9,,0.081,
1791427940.336882,0.4998,0.5695,0.8767,0.3646,0.6350,0.7538,0.4998,0.4998,0.4998,0.0574,0.2991,0.2458,0.1229,0.0369,0.0942,0.0574,0.0410,0.4070,0.6235,,0.2165,,69.91,,,155.6,,0.079,
1791427940.3696284,0.4998,0.4998,0.2458,0.4302,0.5695,0.8030,0.4998,0.6350,0.4998,0.0942,0.3646,0.2458,0.2458,0.0410,0.0164,0.0410,0.0574,0.4030,0.6235,,0.2205,,69.76,,,155.3,,0.080,1.572
1791427940.4011376,0.6350,0.3646,0.5695,0.4302,0.7006,0.6350,0.4998,0.5695,0.4998,0.0574,0.3646,0.2991,0.1966,0.0737,0.0246,0.0246,0.0410,0.4090,0.6235,,0.2145,,69.84,,,155.9,,0.080,1.612
1791427940.4313033,0.4998,0.5695,0.8440,0.4998,0.6350,0.6350,0.4302,0.5695,0.2991,0.1557,0.3646,0.2458,0.1966,0.0410,0.0164,0.0246,0.0369,0.4080,0.6235,,0.2155,,69.35,,,155.2,,0.082,1.715
1791427940.4640443,0.7538,0.6350,0.9054,0.4302,0.5695,0.8440,0.4998,0.7006,0.4302,0.0737,0.2458,0.2991,0.2458,0.0737,0.0574,0.0410,0.0410,0.4030,0.6210,,0.2180,,69.28,,,154.8,,0.082,
1791427940.497791,0.7538,0.8030,0.8440,0.4302,0.5695,0.6350,0.3646,0.4998,0.4998,0.1229,0.2458,0.1966,0.4302,0.0205,0.0574,0.0369,0.0410,0.4070,0.6235,,0.2165,,69.39,,,155.4,,0.082,
1791427940.5304918,0.2458,0.8440,0.7538,0.1966,0.4302,0.7538,0.4998,0.6350,0.4998,0.0246,0.0737,0.2991,0.4998,0.0737,0.0410,0.0410,0.0369,,0.6240,,,,69.39,,,154.7,,0.082,
1791427940.5645947,0.4302,0.6350,0.8030,0.3646,0.7006,0.8030,0.5695,0.5695,0.3646,0.0942,0.1557,0.1966,0.4302,0.0410,0.0574,0.0410,0.0410,0.4030,0.6220,,0.2190,,69.58,,,155.1,,0.081,
1791427940.6040754,0.2458,0.6350,0.4302,0.4998,0.1966,0.6350,0.5695,0.4998,0.4998,0.0369,0.3646,0.2458,0.1557,0.0410,0.0369,0.0369,0.0369,,0.6225,,,,69.58,,,156.6,,0.081,
1791427940.6353486,0.5695,0.6350,0.4998,0.5695,0.7006,0.6350,0.4302,0.6350,0.4998,0.0737,0.1966,0.2991,0.4302,0.0737,0.0737,0.0410,0.0410,0.4080,0.6235,,0.2155,,69.86,,,156.2,,0.080,
1791427940.6670203,0.4302,0.8030,0.8030,0.3646,0.7006,0.7538,0.4998,0.4302,0.2991,0.0410,0.0942,0.2458,0.4302,0.0246,0.0369,0.0574,0.0574,0.4060,0.6220,,0.2160,,69.94,,,155.7,,0.079,
1791427940.6987572,0.2991,0.8440,0.8030,0.4998,0.2458,0.8767,0.2991,0.5695,0.2991,0.0410,0.4302,0.1557,0.2991,0.0369,0.0205,0.0369,0.0410,,,,,,69.94,,,155.7,,,
1791427940.7310803,0.4998,0.7538,0.8030,0.5695,0.3646,0.7538,0.4302,0.7006,0.3646,0.0410,0.2458,0.2458,0.1966,0.0574,0.0574,0.0369,0.0369,0.4030,0.6240,,0.2210,,69.86,,,155.1,,0.080,
1791427940.7650747,0.4302,0.6350,0.7006,0.2458,0.6350,0.8030,0.7538,0.5695,0.4998,0.0574,0.0737,0.2991,0.1966,0.0205,0.0369,0.0369,0.0369,0.4070,0.6225,,0.2155,,69.56,,,155.2,,0.081,
1791427940.7984393,0.4302,0.7006,0.6350,0.1229,0.3646,0.8030,0.5695,0.6350,0.5695,0.1557,0.0942,0.2458,0.1966,0.0574,0.0246,0.0369,0.0410,0.4090,0.6230,,0.2140,,69.64,,,155.5,,0.080,
1791427940.8321338,0.7006,0.4998,0.4998,0.1557,0.2458,0.6350,0.4302,0.5695,0.5695,0.0574,0.0942,0.2991,0.1229,0.0942,0.0574,0.0410,0.0574,0.4090,0.6205,,0.2115,,69.97,,,156.1,,0.079,
1791427940.8724124,0.3646,0.6350,0.8767,0.4302,0.7006,0.8030,0.7538,0.7006,0.4302,0.0574,0.4302,0.2991,0.1229,0.0369,0.0574,0.0369,0.0410,0.4090,0.6230,,0.2140,,70.08,,,155.8,,0.078,1.620
1791427940.9040194,0.1966,0.5695,0.5695,0.2991,0.6350,0.5695,0.3646,0.6350,0.6350,0.0369,0.0574,0.2458,0.4302,0.0410,0.0574,0.0369,0.0942,,0.6240,,,,70.08,,,154.7,,0.078,
1791427940.9365652,0.6350,0.8030,0.7006,0.2991,0.4302,0.6350,0.4998,0.7006,0.4302,0.0737,0.4302,0.3646,0.1229,0.0410,0.0369,0.0246,0.0369,0.4090,0.6235,,0.2145,,69.58,,,154.6,,0.080,1.610
1791427940.96718,0.5695,0.5695,0.6350,0.3646,0.5695,0.7538,0.7006,0.5695,0.4998,0.0246,0.4302,0.2991,0.1966,0.0369,0.0574,0.0205,0.0369,0.4060,0.6210,,0.2150,,70.16,,,155.0,,0.078,1.602
1791427940.9994574,0.2991,0.6350,0.8030,0.5695,0.7006,0.7006,0.5695,0.5695,0.4998,0.0574,0.2458,0.3646,0.1966,0.0410,0.0410,0.0164,0.0369,,0.6230,,,,70.16,,,155.5,,0.078,
1791427941.0316546,0.4302,0.6350,0.7538,0.4302,0.5695,0.8030,0.5695,0.6350,0.4302,0.1557,0.0942,0.2458,0.1557,0.0410,0.0574,0.0574,0.0410,0.4060,0.6230,,0.2170,,70.21,,,155.8,,0.078,
1791427941.064703,0.5695,0.5695,0.8440,0.4998,0.2458,0.7538,0.4302,0.5695,0.5695,0.0205,0.4302,0.2991,0.1557,0.0205,0.0574,0.0574,0.0410,0.4030,0.6215,,0.2185,,70.33,,,156.2,,0.077,1.601
1791427941.098163,0.5695,0.7006,0.7006,0.4302,0.4998,0.6350,0.3646,0.6350,0.4998,0.0574,0.1557,0.2458,0.1229,0.0164,0.0246,0.0369,0.0410,0.4090,0.6230,,0.2140,,69.88,,,156.5,,0.079,
1791427941.132098,0.6350,0.6350,0.8030,0.4302,0.4998,0.7538,0.6350,0.7006,0.4302,0.0369,0.0942,0.1966,0.2458,0.0574,0.0410,0.0410,0.0246,0.4070,0.6220,,0.2150,,69.92,,,156.0,,0.079,
1791427941.165153,0.4998,0.5695,0.8030,0.5695,0.5695,0.6350,0.6350,0.4998,0.5695,0.1229,0.2458,0.2458,0.1229,0.0205,0.0246,0.0574,0.0737,0.4090,0.6220,,0.2130,,69.99,,,156.8,,0.078,
1791427941.2039726,0.4998,0.7006,0.8440,0.4998,0.4998,0.7006,0.4998,0.6350,0.3646,0.0942,0.3646,0.1966,0.4998,0.0410,0.0369,0.0410,0.0942,0.4060,0.6210,,0.2150,,69.71,,,156.3,,0.079,1.705
1791427941.2356176,0.1229,0.6350,0.8440,0.2991,0.6350,0.5695,0.6350,0.6350,0.3646,0.0410,0.3646,0.2458,0.1966,0.0737,0.0246,0.0246,0.0737,,0.6215,,,,69.71,,,156.4,,0.079,
1791427941.2664785,0.4302,0.4998,0.7538,0.4302,0.4998,0.8030,0.4302,0.5695,0.4302,0.0246,0.4302,0.1229,0.4302,0.0369,0.0164,0.0737,0.0574,0.4090,0.6230,,0.2140,,69.68,,,156.2,,0.080,1.561
1791427941.2992733,0.6350,0.8030,0.8030,0.1557,0.6350,0.7538,0.5695,0.4998,0.3646,0.0410,0.1966,0.1966,0.1229,0.0410,0.0164,0.0369,0.0737,0.4090,0.6215,,0.2125,,69.51,,,156.1,,0.080,
1791427941.3314345,0.2458,0.5695,0.8440,0.5695,0.1966,0.8440,0.7538,0.3646,0.4998,0.0574,0.2458,0.2458,0.4302,0.0164,0.0410,0.0369,0.0410,,0.6245,,,,69.51,,,155.9,,0.080,
1791427941.3661091,0.4998,0.6350,0.7538,0.3646,0.4302,0.5695,0.3646,0.5695,0.4302,0.0574,0.3646,0.2991,0.2458,0.0574,0.0410,0.0369,0.0574,0.4060,0.6205,,0.2145,,69.28,,,157.4,,0.081,1.690
1791427941.3996687,0.4998,0.6350,0.8440,0.5695,0.5695,0.7538,0.4302,0.7006,0.4302,0.0942,0.2991,0.1966,0.4998,0.0410,0.0123,0.0410,0.0574,0.4070,0.6225,,0.2155,,69.47,,,157.7,,0.080,
1791427941.4320796,0.4302,0.6350,0.8440,0.3646,0.4998,0.6350,0.5695,0.5695,0.4998,0.0737,0.1966,0.1966,0.3646,0.0369,0.0410,0.0205,0.0574,0.4070,0.6230,,0.2160,,69.62,,,157.2,,0.080,
1791427941.4664273,0.4998,0.5695,0.5695,0.4998,0.1966,0.7006,0.6350,0.6350,0.2991,0.1557,0.0942,0.1557,0.3646,0.0574,0.0164,0.0246,0.0410,0.4070,0.6225,,0.2155,,69.72,,,156.5,,0.079,
1791427941.5057254,0.4998,0.5695,0.6350,0.4998,0.1966,0.7006,0.2991,0.4998,0.5695,0.0574,0.0942,0.3646,0.1557,0.0574,0.0737,0.0164,0.0369,0.4050,,,,,69.72,,,156.5,,,
1791427941.5368161,0.4302,0.6350,0.7538,0.2991,0.7006,0.7538,0.7538,0.7006,0.3646,0.0574,0.0737,0.2458,0.4998,0.0410,0.0246,0.0246,0.0410,0.4080,0.6200,,0.2120,,70.12,,,156.4,,0.078,
1791427941.5672996,0.3646,0.6350,0.4998,0.3646,0.7006,0.8030,0.4302,0.6350,0.4302,0.0737,0.3646,0.4302,0.1966,0.0369,0.0369,0.0369,0.0369,0.4060,0.6225,,0.2165,,70.06,,,156.1,,0.078,1.616
1791427941.6000478,0.4998,0.7006,0.6350,0.4302,0.5695,0.7538,0.4998,0.7006,0.6350,0.0574,0.1557,0.2991,0.4302,0.0574,0.0164,0.0246,0.0410,0.4030,0.6220,,0.2190,,70.03,,,156.3,,0.078,
1791427941.6320415,0.1557,0.8030,0.5695,0.4998,0.4302,0.8440,0.7538,0.6350,0.5695,0.0246,0.0737,0.2991,0.2458,0.0942,0.0410,0.0410,0.0574,,0.6235,,,,70.03,,,155.9,,0.078,
1791427941.6655467,0.5695,0.6350,0.4998,0.3646,0.4302,0.8030,0.4998,0.6350,0.6350,0.0942,0.2991,0.1966,0.3646,0.0410,0.0205,0.0369,0.0410,0.4040,0.6200,,0.2160,,70.31,,,156.3,,0.077,
1791427941.699918,0.7006,0.7006,0.8767,0.4302,0.5695,0.8030,0.5695,0.4998,0.4302,0.0737,0.2458,0.2991,0.3646,0.0246,0.0369,0.0369,0.0246,0.4030,0.6235,,0.2205,,70.34,,,156.7,,0.077,
1791427941.7331405,0.4998,0.6350,0.9054,0.6350,0.5695,0.6350,0.4302,0.4998,0.3646,0.0574,0.1557,0.2991,0.4302,0.0737,0.0164,0.0164,0.0369,0.4050,0.6220,,0.2170,,70.18,,,156.1,,0.078,
1791427941.772812,0.5695,0.4998,0.5695,0.2991,0.5695,0.6350,0.6350,0.6350,0.4302,0.0942,0.2458,0.2458,0.1966,0.0164,0.0410,0.0410,0.0574,0.4050,0.6225,,0.2175,,70.11,,,156.2,,0.078,
1791427941.8050716,0.5695,0.4998,0.8030,0.2458,0.4302,0.7538,0.3646,0.4998,0.4998,0.0205,0.2991,0.1966,0.1229,0.0205,0.0164,0.0369,0.0574,0.4060,0.6240,,0.2180,,69.73,,,155.5,,0.080,
1791427941.8360612,0.3646,0.7006,0.4998,0.4302,0.4998,0.8030,0.4302,0.5695,0.7538,0.1557,0.2458,0.3646,0.1557,0.0410,0.0369,0.0369,0.0574,0.4060,0.6220,,0.2160,,69.94,,,155.8,,0.079,
1791427941.8679442,0.4302,0.6350,0.7006,0.4302,0.7006,0.5695,0.3646,0.5695,0.3646,0.0369,0.1229,0.1557,0.1966,0.0369,0.0164,0.0410,0.0574,0.4060,0.6235,,0.2175,,69.50,,,155.1,,0.081,
1791427941.8998866,0.6350,0.4998,0.8440,0.4302,0.5695,0.7538,0.5695,0.7006,0.4998,0.0369,0.4302,0.1966,0.4998,0.0369,0.0082,0.0205,0.0205,0.4040,0.6220,,0.2180,,69.67,,,155.4,,0.080,1.605
1791427941.9324656,0.1557,0.5695,0.6350,0.4998,0.7006,0.6350,0.4998,0.5695,0.4302,0.0410,0.1229,0.2458,0.3646,0.0410,0.0123,0.0246,0.0574,,0.6225,,,,69.67,,,155.5,,0.080,
1791427941.9661071,0.4302,0.8767,0.8030,0.4998,0.7006,0.7006,0.2458,0.4998,0.6350,0.0369,0.3646,0.1557,0.4998,0.0737,0.0574,0.0123,0.0164,0.4050,,,,,69.67,,,155.5,,,
1791427941.9988325,0.3646,0.4998,0.7538,0.4998,0.2458,0.7538,0.5695,0.6350,0.3646,0.1229,0.3646,0.3646,0.2458,0.0410,0.0574,0.0369,0.0410,0.4060,0.6240,,0.2180,,69.99,,,155.4,,0.079,1.549
1791427942.0328689,0.4998,0.6350,0.7538,0.6350,0.6350,0.7538,0.5695,0.5695,0.3646,0.2991,0.0574,0.2458,0.1229,0.0246,0.0205,0.0410,0.0574,0.4070,0.6220,,0.2150,,69.98,,,151.5,,0.079,
1791427942.0722206,0.4998,0.5695,0.8440,0.4998,0.4998,0.7006,0.4998,0.7006,0.4998,0.1229,0.1229,0.1557,0.1557,0.0205,0.0737,0.0574,0.0737,0.4070,0.6250,,0.2180,,70.23,,,152.1,,0.078,
1791427942.1042893,0.2991,0.7538,0.8767,0.3646,0.7006,0.4998,0.6350,0.4998,0.2991,0.0737,0.1229,0.3646,0.3646,0.0737,0.0574,0.0574,0.0737,,0.6240,,,,70.23,,,151.6,0.766,0.078,
1791427942.136236,0.4302,0.6350,0.7006,0.1557,0.6350,0.7538,0.3646,0.7006,0.4998,0.0574,0.1557,0.1966,0.4302,0.0369,0.0369,0.0246,0.0369,0.4090,0.6230,,0.2140,,70.11,,,152.3,,0.078,
1791427942.1668317,0.5695,0.7538,0.3646,0.5695,0.1966,0.6350,0.1966,0.7006,0.4302,0.0369,0.3646,0.2458,0.0942,0.0410,0.0246,0.0369,0.0410,0.4090,,,,,70.11,,,152.3,,,
1791427942.1989634,0.5695,0.3646,0.4302,0.3646,0.7006,0.7006,0.2991,0.7538,0.5695,0.0369,0.1229,0.1557,0.1229,0.0369,0.0369,0.0369,0.0369,0.4030,,,,,70.11,,,152.3,,,
1791427942.2338529,0.4302,0.4998,0.7006,0.4998,0.4302,0.7538,0.4998,0.7006,0.5695,0.0942,0.2458,0.2458,0.1557,0.0246,0.0246,0.0205,0.0246,0.4060,0.6200,,0.2140,,70.32,,,153.3,,0.077,
1791427942.266976,0.3646,0.6350,0.4998,0.4302,0.6350,0.8030,0.4302,0.6350,0.4302,0.0410,0.4302,0.1557,0.4998,0.0942,0.0205,0.0410,0.0574,0.4090,0.6215,,0.2125,,70.25,,,154.9,,0.077,1.671
1791427942.3002026,0.3646,0.6350,0.8030,0.2458,0.7006,0.7006,0.5695,0.6350,0.5695,0.0737,0.2458,0.1966,0.1557,0.0246,0.0574,0.0246,0.0246,0.4090,0.6225,,0.2135,,70.38,,,154.7,,0.077,
1791427942.3332055,0.5695,0.5695,0.8440,0.2458,0.4998,0.6350,0.3646,0.4998,0.5695,0.0737,0.3646,0.2991,0.2458,0.0574,0.0246,0.0410,0.0410,0.4070,0.6235,,0.2165,,69.78,,,154.6,,0.079,1.627
1791427942.3741643,0.4998,0.5695,0.7538,0.4998,0.1966,0.6350,0.4998,0.7538,0.6350,0.0410,0.4302,0.4302,0.2458,0.0369,0.0410,0.0369,0.0574,0.4070,0.6250,,0.2180,,69.45,,,154.1,,0.081,1.622
1791427942.4044235,0.4302,0.4302,0.7006,0.3646,0.4998,0.7006,0.5695,0.7006,0.4302,0.0369,0.2458,0.1966,0.1229,0.0369,0.0123,0.0369,0.0574,0.4070,0.6220,,0.2150,,68.77,,,154.8,,0.084,
1791427942.4373696,0.4302,0.7006,0.4302,0.4302,0.5695,0.7006,0.4302,0.6350,0.4302,0.2991,0.2458,0.2458,0.1557,0.0574,0.0574,0.0410,0.0574,0.4080,0.6230,,0.2150,,69.30,,,155.1,,0.081,
1791427942.4682786,0.5695,0.8030,0.4998,0.1966,0.6350,0.8440,0.7006,0.4998,0.4998,0.0246,0.2991,0.3646,0.2991,0.0369,0.0205,0.0369,0.0574,0.4090,0.6240,,0.2150,,69.11,,,154.8,,0.082,
1791427942.5001924,0.6350,0.5695,0.5695,0.4998,0.6350,0.8030,0.7538,0.7006,0.2991,0.0246,0.0737,0.1966,0.4998,0.0205,0.0737,0.0369,0.0369,0.4030,0.6230,,0.2200,,69.20,,,154.0,,0.082,
1791427942.5332022,0.7006,0.7006,0.7538,0.5695,0.4998,0.8030,0.6350,0.4998,0.6350,0.0737,0.3646,0.1229,0.1557,0.0369,0.0205,0.0369,0.0410,0.4040,0.6215,,0.2175,,69.67,,,150.2,,0.080,1.630
1791427942.5670073,0.2458,0.7538,0.6350,0.2991,0.4998,0.5695,0.4998,0.7006,0.2991,0.0737,0.0942,0.2991,0.1229,0.0164,0.0123,0.0205,0.0369,,0.6225,,,,69.67,,,150.4,,0.080,
1791427942.6013355,0.3646,0.8767,0.6350,0.2991,0.7538,0.7538,0.4302,0.6350,0.3646,0.0574,0.3646,0.2458,0.3646,0.0369,0.0369,0.0164,0.0164,0.4090,0.6210,,0.2120,,70.17,,,152.9,,0.078,1.571
1791427942.6335452,0.5695,0.7538,0.7006,0.4302,0.6350,0.7006,0.5695,0.4302,0.5695,0.1229,0.3646,0.2458,0.3646,0.0410,0.0369,0.0369,0.0574,0.4080,0.6225,,0.2145,,69.96,,,153.7,,0.079,1.684
1791427942.674282,0.3646,0.7006,0.7538,0.1966,0.5695,0.7538,0.5695,0.6350,0.3646,0.0737,0.4998,0.2991,0.3646,0.0410,0.0737,0.0410,0.0737,0.4070,0.6215,,0.2145,,69.95,,,155.7,,0.079,1.603
1791427942.7068675,0.1557,0.7006,0.5695,0.4998,0.5695,0.4998,0.3646,0.7538,0.4998,0.0942,0.0737,0.2991,0.1557,0.0205,0.0369,0.0369,0.0369,,0.6230,,,,69.95,,,152.4,,0.079,
1791427942.7376542,0.4302,0.7006,0.5695,0.4302,0.7006,0.6350,0.3646,0.4302,0.3646,0.0942,0.3646,0.1557,0.3646,0.0737,0.0205,0.0205,0.0369,0.4080,0.6235,,0.2155,,70.13,,,154.4,,0.078,1.549
1791427942.7696745,0.4998,0.4302,0.7006,0.3646,0.7006,0.8030,0.2991,0.7006,0.4302,0.1966,0.2458,0.1966,0.1229,0.0574,0.0574,0.0369,0.0574,0.4060,,,,,70.13,,,154.4,,,
1791427942.8003478,0.4302,0.6350,0.5695,0.3646,0.4998,0.8030,0.6350,0.3646,0.4302,0.0737,0.1966,0.1966,0.3646,0.0737,0.0164,0.0410,0.0574,0.4090,0.6210,,0.2120,,70.15,,,155.6,,0.077,
1791427942.8345816,0.5695,0.6350,0.7006,0.2991,0.6350,0.7006,0.6350,0.6350,0.7538,0.0574,0.1229,0.2458,0.2458,0.0574,0.0369,0.0369,0.0574,0.4030,0.6220,,0.2190,,70.27,,,155.6,,0.077,
1791427942.8670976,0.4998,0.5695,0.6350,0.1966,0.7538,0.5695,0.4998,0.5695,0.4302,0.0942,0.1966,0.1557,0.4302,0.0574,0.0246,0.0574,0.0410,0.4030,0.6220,,0.2190,,69.88,,,155.7,,0.079,
1791427942.901156,0.4998,0.2458,0.3646,0.4998,0.6350,0.7006,0.4998,0.7006,0.4998,0.0942,0.1966,0.2458,0.1966,0.0574,0.0246,0.0164,0.0410,0.4040,0.6230,,0.2190,,69.82,,,155.8,,0.080,
1791427942.9337246,0.6350,0.4998,0.7538,0.3646,0.7006,0.7006,0.6350,0.4998,0.4302,0.1557,0.2458,0.0942,0.4302,0.0574,0.0246,0.0369,0.0246,0.4090,0.6215,,0.2125,,69.85,,,148.8,,0.079,
1791427942.9681582,0.6350,0.8030,0.8767,0.4302,0.5695,0.6350,0.4302,0.6350,0.4998,0.0574,0.0942,0.1966,0.1557,0.0369,0.0205,0.0246,0.0369,0.4040,0.6230,,0.2190,,69.59,,,150.8,,0.081,
1791427943.0063586,0.4302,0.6350,0.9054,0.5695,0.6350,0.7538,0.4998,0.5695,0.4302,0.1229,0.1966,0.2458,0.1557,0.0410,0.0574,0.0369,0.0246,0.4040,0.6230,,0.2190,,69.22,,,152.2,,0.082,
1791427943.0369408,0.6350,0.7538,0.8440,0.3646,0.5695,0.7006,0.6350,0.6350,0.3646,0.0369,0.1229,0.2458,0.2458,0.0410,0.0164,0.0410,0.0410,0.4090,0.6245,,0.2155,,68.98,,,152.7,,0.083,
1791427943.0683973,0.3646,0.8767,0.8767,0.1966,0.6350,0.7006,0.4998,0.4998,0.4302,0.0410,0.2991,0.1229,0.1229,0.0246,0.0123,0.0246,0.0369,0.4090,0.6240,,0.2150,,69.43,,,152.8,,0.081,
1791427943.1005244,0.7006,0.7538,0.8440,0.4998,0.7006,0.7006,0.6350,0.4998,0.3646,0.0574,0.0942,0.1966,0.4302,0.0246,0.0164,0.0246,0.0369,0.4070,0.6195,,0.2125,,69.56,,,153.1,,0.080,
1791427943.133697,0.7006,0.7538,0.6350,0.4302,0.7006,0.7538,0.2991,0.6350,0.4302,0.0410,0.2991,0.2991,0.1966,0.0410,0.0737,0.0164,0.0410,0.4090,,,,,69.56,,,153.1,,,
1791427943.1673913,0.2991,0.7538,0.5695,0.4998,0.6350,0.7006,0.3646,0.6350,0.4998,0.0410,0.0737,0.1966,0.4302,0.0246,0.0410,0.0410,0.0369,,0.6215,,,,69.56,,,152.3,,0.080,
1791427943.2016625,0.5695,0.6350,0.9259,0.6350,0.7006,0.7538,0.4998,0.7006,0.3646,0.0205,0.3646,0.2458,0.4998,0.0410,0.0082,0.0369,0.0574,0.4090,0.6220,,0.2130,,69.08,,,154.2,,0.082,1.688
1791427943.2349527,0.7006,0.6350,0.4998,0.5695,0.7006,0.7006,0.4302,0.7006,0.4998,0.0410,0.3646,0.2458,0.1557,0.0205,0.0410,0.0410,0.0574,0.4030,0.6240,,0.2210,,69.09,,,154.5,,0.083,1.611
1791427943.274127,0.3646,0.7006,0.7006,0.5695,0.5695,0.6350,0.6350,0.4998,0.4998,0.0410,0.2458,0.1966,0.3646,0.0369,0.0410,0.0410,0.0410,0.4090,0.6220,,0.2130,,69.22,,,154.6,,0.082,
1791427943.3049407,0.4998,0.7006,0.5695,0.5695,0.1966,0.6350,0.5695,0.7006,0.7006,0.0942,0.4302,0.2991,0.1966,0.0369,0.0574,0.0246,0.0574,0.4090,0.6220,,0.2130,,69.06,,,156.2,,0.082,1.657
1791427943.336357,0.4302,0.8030,0.5695,0.1966,0.6350,0.7538,0.2991,0.6350,0.6350,0.0942,0.3646,0.1557,0.3646,0.0205,0.0574,0.0369,0.0246,0.4030,,,,,69.06,,,156.2,,,
1791427943.3692882,0.5695,0.8440,0.7538,0.4302,0.4302,0.8440,0.5695,0.7006,0.2991,0.0737,0.0942,0.1966,0.3646,0.0410,0.0246,0.0205,0.0574,0.4030,0.6220,,0.2190,,69.20,,,156.4,,0.082,
1791427943.4005303,0.4302,0.2458,0.2458,0.4302,0.6350,0.5695,0.2991,0.7006,0.4998,0.0574,0.2991,0.1966,0.1229,0.0164,0.0164,0.0205,0.0369,0.4030,,,,,69.20,,,156.4,,,
1791427943.433912,0.4998,0.7006,0.7538,0.5695,0.7006,0.8440,0.5695,0.6350,0.6350,0.1966,0.0942,0.1966,0.1229,0.0246,0.0574,0.0369,0.0737,0.4030,0.6230,,0.2200,,69.37,,,156.0,,0.082,
1791427943.4677236,0.7006,0.7538,0.4302,0.1966,0.7006,0.8030,0.4302,0.6350,0.4998,0.0737,0.3646,0.3646,0.3646,0.0410,0.0737,0.0369,0.0410,0.4060,0.6240,,0.2180,,69.63,,,157.2,0.839,0.081,1.591
1791427943.5011182,0.2991,0.8440,0.7538,0.3646,0.6350,0.6350,0.6350,0.4998,0.7538,0.0574,0.4998,0.1966,0.2991,0.0574,0.0574,0.0369,0.0369,,0.6225,,,,69.63,,,158.3,,0.081,
1791427943.5350358,0.2458,0.7006,0.3646,0.4998,0.6350,0.7006,0.8030,0.6350,0.4302,0.0574,0.2458,0.2458,0.4302,0.0737,0.0123,0.0410,0.0574,,0.6230,,,,69.63,,,158.5,,0.081,
1791427943.5738611,0.4998,0.6350,0.8030,0.4998,0.4998,0.7538,0.4998,0.5695,0.4998,0.1966,0.4302,0.3646,0.1966,0.0574,0.0574,0.0574,0.0942,0.4060,0.6230,,0.2170,,69.60,,,158.4,,0.081,1.596
1791427943.6053154,0.3646,0.8030,0.8440,0.3646,0.4302,0.6350,0.7006,0.3646,0.7006,0.1229,0.3646,0.2991,0.2458,0.0369,0.0246,0.0164,0.0369,0.4060,0.6230,,0.2170,,69.48,,,157.0,,0.081,1.652
1791427943.6363835,0.6350,0.8030,0.6350,0.3646,0.5695,0.7006,0.4302,0.5695,0.4998,0.0737,0.2991,0.2458,0.4302,0.0410,0.0205,0.0369,0.0737,0.4030,0.6235,,0.2205,,69.47,,,157.0,,0.082,
1791427943.6675339,0.4998,0.6350,0.8440,0.2991,0.5695,0.7538,0.6350,0.4998,0.4998,0.0942,0.0942,0.2991,0.1966,0.0574,0.0246,0.0164,0.0369,0.4030,0.6220,,0.2190,,69.70,,,155.9,,0.081,
1791427943.7018626,0.4302,0.4998,0.6350,0.3646,0.6350,0.6350,0.1966,0.5695,0.3646,0.0942,0.0942,0.2991,0.4302,0.0574,0.0164,0.0369,0.0410,0.4030,,,,,69.70,,,155.9,,,
1791427943.7356014,0.3646,0.6350,0.6350,0.1966,0.6350,0.6350,0.4302,0.5695,0.4998,0.1557,0.3646,0.4302,0.2991,0.0410,0.0205,0.0246,0.0574,0.4030,0.6215,,0.2185,,69.94,,,157.9,,0.080,1.538
1791427943.7685428,0.6350,0.8767,0.5695,0.4998,0.6350,0.4998,0.7006,0.4302,0.4998,0.0410,0.3646,0.1966,0.4302,0.0737,0.0082,0.0574,0.0737,0.4030,0.6235,,0.2205,,69.84,,,158.5,,0.080,1.543
1791427943.8018744,0.6350,0.9054,0.8440,0.2991,0.4998,0.7006,0.6350,0.6350,0.5695,0.0410,0.3646,0.1966,0.4998,0.0164,0.0205,0.0369,0.0369,0.4030,0.6230,,0.2200,,69.61,,,159.4,,0.081,1.595
1791427943.842211,0.4998,0.7538,0.9054,0.1557,0.6350,0.8030,0.3646,0.6350,0.4302,0.0942,0.3646,0.1229,0.3646,0.0574,0.0123,0.0369,0.0574,0.4070,0.6230,,0.2160,,69.35,,,158.5,,0.082,1.631
1791427943.8742123,0.4998,0.5695,0.8030,0.5695,0.6350,0.7006,0.5695,0.3646,0.4302,0.0574,0.4302,0.4302,0.1557,0.0737,0.0369,0.0164,0.0410,0.4030,0.6230,,0.2200,,69.27,,,157.6,,0.083,1.552
1791427943.90485,0.4998,0.6350,0.6350,0.4998,0.7006,0.8030,0.4998,0.6350,0.4302,0.0369,0.3646,0.2991,0.1557,0.0574,0.0410,0.0574,0.0737,0.4060,0.6220,,0.2160,,69.63,,,157.7,,0.081,1.647
1791427943.9355006,0.4998,0.6350,0.6350,0.2991,0.6350,0.7006,0.5695,0.7006,0.4998,0.0369,0.2991,0.1557,0.0942,0.0410,0.0205,0.0246,0.0410,0.4060,0.6230,,0.2170,,69.59,,,157.5,,0.081,
1791427943.96874,0.4998,0.7538,0.6350,0.5695,0.2991,0.8030,0.4998,0.6350,0.5695,0.0574,0.2991,0.2458,0.2458,0.0410,0.0205,0.0410,0.0574,0.4030,0.6230,,0.2200,,69.64,,,157.5,,0.081,
1791427944.001796,0.4998,0.8440,0.7538,0.4302,0.4998,0.7006,0.2458,0.5695,0.4998,0.0574,0.3646,0.2991,0.3646,0.0164,0.0410,0.0410,0.0410,0.4030,,,,,69.64,,,157.5,,,
1791427944.0359566,0.3646,0.5695,0.4302,0.1229,0.2991,0.5695,0.4302,0.6350,0.7006,0.0942,0.2991,0.4302,0.2458,0.0574,0.0410,0.0369,0.0737,0.4060,0.6205,,0.2145,,69.74,,,158.0,,0.080,
1791427944.0686588,0.4998,0.1966,0.7006,0.4302,0.3646,0.8030,0.6350,0.5695,0.4302,0.0369,0.0942,0.2458,0.4302,0.0574,0.0123,0.0369,0.0410,0.4070,0.6230,,0.2160,,70.07,,,157.4,,0.079,
1791427944.102362,0.4998,0.6350,0.4302,0.4302,0.1966,0.6350,0.4998,0.5695,0.4998,0.0574,0.4302,0.2458,0.3646,0.0369,0.0410,0.0410,0.0410,0.4030,0.6230,,0.2200,,69.65,,,156.1,,0.081,1.595
1791427944.141979,0.4998,0.6350,0.6350,0.5695,0.6350,0.4302,0.2458,0.5695,0.4302,0.0410,0.3646,0.1966,0.1966,0.0369,0.0123,0.0164,0.0369,0.4060,,,,,69.65,,,156.1,,,
1791427944.1746724,0.5695,0.6350,0.7006,0.4302,0.2458,0.7006,0.3646,0.7538,0.5695,0.0410,0.4302,0.2991,0.0942,0.0410,0.0164,0.0246,0.0369,0.4030,0.6235,,0.2205,,70.15,,,157.2,,0.079,1.564
1791427944.2051442,0.4998,0.4998,0.8030,0.5695,0.4302,0.7006,0.4302,0.7006,0.3646,0.0369,0.3646,0.2458,0.4302,0.1229,0.0369,0.0246,0.0574,0.4030,0.6235,,0.2205,,69.96,,,158.2,,0.080,1.585
1791427944.2367892,0.5695,0.7538,0.9054,0.1966,0.7006,0.7538,0.6350,0.6350,0.5695,0.1557,0.3646,0.1557,0.3646,0.0410,0.0205,0.0205,0.0369,0.4060,0.6200,,0.2140,,70.07,,,158.8,,0.079,1.669
1791427944.2687898,0.5695,0.8440,0.8440,0.3646,0.5695,0.4998,0.4302,0.4302,0.6350,0.0574,0.4302,0.1966,0.1229,0.0369,0.0410,0.0369,0.0737,0.4050,0.6220,,0.2170,,69.98,,,159.5,,0.079,1.572
1791427944.302509,0.7006,0.7006,0.7006,0.4302,0.4302,0.5695,0.4998,0.4998,0.3646,0.0410,0.1229,0.4302,0.1557,0.0410,0.0164,0.0164,0.0369,0.4030,0.6215,,0.2185,,70.15,,,159.6,,0.079,
1791427944.3354232,0.5695,0.7006,0.8030,0.4302,0.4998,0.7538,0.6350,0.6350,0.4998,0.0410,0.2458,0.2458,0.2991,0.0574,0.0410,0.0410,0.0737,0.4030,0.6235,,0.2205,,69.91,,,159.0,,0.080,
1791427944.3697503,0.7006,0.7006,0.5695,0.1557,0.6350,0.7006,0.3646,0.4998,0.5695,0.1229,0.3646,0.2458,0.1966,0.0205,0.0205,0.0574,0.0369,0.4030,0.6225,,0.2195,,70.35,,,159.6,,0.078,1.533
1791427944.402448,0.6350,0.6350,0.7006,0.3646,0.3646,0.7006,0.6350,0.4998,0.4998,0.0369,0.0574,0.2991,0.1557,0.0410,0.0942,0.0369,0.0246,0.4070,0.6225,,0.2155,,70.41,,,157.7,,0.078,
1791427944.4419289,0.4302,0.8440,0.6350,0.3646,0.7006,0.7538,0.5695,0.4998,0.5695,0.0942,0.0737,0.1229,0.4302,0.0410,0.0205,0.0246,0.0369,0.4030,0.6225,,0.2195,,70.90,,,157.2,,0.076,
1791427944.4729023,0.4998,0.7538,0.6350,0.3646,0.5695,0.8440,0.4998,0.4998,0.3646,0.0410,0.4302,0.2991,0.3646,0.0410,0.0246,0.0164,0.0574,0.4040,0.6195,,0.2155,,70.19,,,158.7,,0.078,1.704
1791427944.5048277,0.7538,0.6350,0.5695,0.2991,0.5695,0.8440,0.6350,0.5695,0.7006,0.1557,0.2458,0.1966,0.2991,0.0574,0.0164,0.0246,0.0574,0.4030,0.6225,,0.2195,,70.28,,,159.2,,0.078,
1791427944.5357969,0.1557,0.7006,0.8440,0.5695,0.1966,0.7006,0.4998,0.6350,0.4302,0.1557,0.2991,0.1229,0.1229,0.0574,0.0410,0.0164,0.0369,,0.6215,,,,70.28,,,159.5,,0.078,
1791427944.569721,0.4302,0.6350,0.8030,0.5695,0.1966,0.8030,0.5695,0.6350,0.3646,0.0737,0.0737,0.1966,0.3646,0.0205,0.0123,0.0369,0.0410,0.4030,0.6230,,0.2200,,70.14,,,158.2,,0.079,
1791427944.6024094,0.4302,0.7538,0.8767,0.1966,0.5695,0.8440,0.4998,0.5695,0.7006,0.0574,0.2991,0.1229,0.0942,0.0574,0.0246,0.0246,0.0246,0.4060,0.6215,,0.2155,,69.85,,,159.2,,0.080,
1791427944.635245,0.2458,0.9054,0.4302,0.1557,0.4998,0.7538,0.2991,0.6350,0.2458,0.0574,0.1229,0.1557,0.0942,0.0246,0.0574,0.0410,0.0410,,,,,,69.85,,,159.2,,,
1791427944.670155,0.4998,0.7538,0.8030,0.4998,0.6350,0.7538,0.3646,0.7006,0.6350,0.1557,0.4302,0.2991,0.2991,0.0205,0.0369,0.0369,0.0737,0.4060,0.6225,,0.2165,,69.88,,,158.6,,0.080,1.630
1791427944.7111187,0.4998,0.7006,0.5695,0.2458,0.6350,0.7538,0.4998,0.7006,0.4998,0.0410,0.2458,0.2458,0.1229,0.0574,0.0164,0.0123,0.0410,0.4060,0.6215,,0.2155,,69.79,,,159.0,,0.080,
1791427944.7429836,0.8030,0.8030,0.8030,0.5695,0.5695,0.7006,0.7538,0.6350,0.2991,0.0369,0.3646,0.2991,0.1557,0.0574,0.0574,0.0164,0.0369,0.4030,0.6225,,0.2195,,70.02,,,157.8,,0.079,1.607
1791427944.773365,0.5695,0.2458,0.4998,0.5695,0.2458,0.4998,0.4998,0.6350,0.6350,0.0737,0.3646,0.2458,0.0942,0.0737,0.0205,0.0246,0.0574,0.4070,0.6215,,0.2145,,70.02,,,156.9,,0.079,1.682
1791427944.8050766,0.3646,0.7538,0.8030,0.1557,0.4998,0.7538,0.4998,0.5695,0.6350,0.0410,0.0942,0.2458,0.1966,0.0369,0.0369,0.0737,0.0410,0.4030,0.6225,,0.2195,,69.63,,,156.5,,0.081,
1791427944.8360748,0.4302,0.7006,0.8030,0.4302,0.3646,0.5695,0.4302,0.5695,0.6350,0.0942,0.3646,0.2458,0.1557,0.0205,0.0164,0.0369,0.0410,0.4030,0.6225,,0.2195,,69.92,,,157.4,,0.080,1.565
1791427944.8688452,0.4302,0.2991,0.2991,0.4302,0.5695,0.6350,0.7006,0.4998,0.6350,0.0942,0.3646,0.1966,0.1966,0.0369,0.0369,0.0369,0.0737,0.4030,0.6220,,0.2190,,70.30,,,158.2,,0.078,1.526
1791427944.9029548,0.5695,0.5695,0.6350,0.4998,0.1966,0.7538,0.5695,0.6350,0.5695,0.0737,0.2991,0.2991,0.4302,0.0369,0.0369,0.0410,0.0410,0.4060,0.6230,,0.2170,,70.01,,,158.5,,0.079,
1791427944.9355667,0.6350,0.8440,0.5695,0.4998,0.5695,0.6350,0.2458,0.4998,0.4302,0.0369,0.4302,0.1966,0.2458,0.0574,0.0246,0.0410,0.0942,0.4030,,,,,70.01,,,158.5,,,
1791427944.9704752,0.2458,0.7006,0.4998,0.4998,0.2991,0.4998,0.4302,0.6350,0.5695,0.0410,0.3646,0.2458,0.2991,0.0574,0.0369,0.0410,0.0410,,0.6225,,,,70.01,,,158.4,,0.079,
1791427945.0025747,0.4998,0.7006,0.7538,0.4302,0.5695,0.8030,0.5695,0.6350,0.4998,0.1229,0.2991,0.1557,0.1229,0.0574,0.0205,0.0410,0.0369,0.4070,0.6210,,0.2140,,69.95,,,158.6,,0.079,
1791427945.037319,0.7538,0.6350,0.7006,0.5695,0.6350,0.6350,0.4998,0.7006,0.4998,0.0410,0.3646,0.2458,0.1966,0.0369,0.0164,0.0369,0.0369,0.4030,0.6230,,0.2200,,69.56,,,158.1,,0.081,1.661
1791427945.0750027,0.8030,0.7538,0.8440,0.4302,0.3646,0.7538,0.5695,0.5695,0.6350,0.0410,0.3646,0.1966,0.1229,0.0369,0.0164,0.0164,0.0369,0.4030,0.6215,,0.2185,,69.50,,,158.7,,0.081,1.656
1791427945.107101,0.3646,0.8030,0.7006,0.2991,0.1966,0.7006,0.3646,0.6350,0.4302,0.1557,0.2991,0.2458,0.2991,0.0574,0.0246,0.0246,0.0574,0.4060,0.6185,,0.2125,,69.83,,,159.3,,0.080,
1791427945.1372073,0.7006,0.6350,0.4302,0.4302,0.1966,0.8030,0.4302,0.6350,0.5695,0.0574,0.1229,0.1966,0.3646,0.0574,0.0164,0.0369,0.0574,0.4030,0.6205,,0.2175,,70.29,,,159.3,,0.078,
1791427945.1696198,0.4998,0.7538,0.5695,0.4302,0.2991,0.6350,0.5695,0.5695,0.5695,0.0410,0.2991,0.1557,0.4302,0.0205,0.0410,0.0369,0.0574,0.4060,0.6230,,0.2170,,70.58,,,159.4,,0.076,
1791427945.2034373,0.3646,0.7006,0.6350,0.3646,0.4998,0.6350,0.4302,0.4998,0.6350,0.0369,0.2991,0.1557,0.1229,0.0246,0.0205,0.0737,0.0737,0.4090,0.6220,,0.2130,,70.53,,,159.3,,0.076,
1791427945.2367365,0.7538,0.8440,0.5695,0.4998,0.6350,0.7538,0.5695,0.6350,0.5695,0.0369,0.4302,0.2458,0.1966,0.0123,0.0205,0.0369,0.0410,0.4030,0.6200,,0.2170,,70.67,,,160.3,,0.076,1.635
1791427945.269503,0.2458,0.7538,0.8030,0.1229,0.6350,0.6350,0.5695,0.6350,0.7006,0.0574,0.2991,0.2991,0.1966,0.0574,0.0164,0.0410,0.0737,,0.6235,,,,70.67,,,159.4,,0.076,
1791427945.3044298,0.8440,0.8030,0.7538,0.4302,0.5695,0.6350,0.6350,0.7006,0.4998,0.0369,0.3646,0.1966,0.2991,0.0737,0.0737,0.0410,0.0369,0.4030,0.6220,,0.2190,,70.99,,,159.0,,0.075,1.563
1791427945.3436382,0.5695,0.8767,0.8030,0.5695,0.2458,0.8440,0.5695,0.4998,0.7006,0.0410,0.4302,0.1557,0.1229,0.0410,0.0574,0.0410,0.0942,0.4030,0.6230,,0.2200,,71.08,,,159.9,,0.075,1.550
1791427945.375252,0.7006,0.6350,0.8030,0.1557,0.4998,0.4998,0.2991,0.6350,0.3646,0.0942,0.1229,0.1229,0.1229,0.0737,0.0123,0.0574,0.0737,0.4030,,,,,71.08,,,159.9,,,
1791427945.4064338,0.2991,0.4998,0.7538,0.1966,0.4998,0.5695,0.7006,0.5695,0.4302,0.1557,0.4302,0.1557,0.1229,0.0369,0.0205,0.0737,0.0369,,0.6185,,,,71.08,,,159.8,,0.075,
1791427945.4384413,0.2991,0.7006,0.7538,0.4302,0.7006,0.5695,0.5695,0.5695,0.7006,0.0574,0.3646,0.2991,0.2458,0.0737,0.0205,0.0410,0.0574,,0.6205,,,,71.08,,,160.0,,0.075,
1791427945.4700181,0.4998,0.6350,0.8767,0.3646,0.5695,0.5695,0.4302,0.6350,0.5695,0.0942,0.1966,0.1557,0.4302,0.0574,0.0205,0.0574,0.0574,0.4030,0.6235,,0.2205,,71.53,,,159.3,,0.073,
1791427945.5038533,0.6350,0.7006,0.6350,0.2991,0.6350,0.7538,0.4302,0.4998,0.3646,0.0737,0.1966,0.0942,0.3646,0.0205,0.0574,0.0369,0.0574,0.4040,0.6205,,0.2165,,71.66,,,159.6,,0.072,
1791427945.536923,0.2458,0.4302,0.4998,0.4998,0.2991,0.5695,0.7006,0.7538,0.5695,0.1557,0.0942,0.1966,0.4302,0.0574,0.0574,0.0369,0.0574,,0.6230,,,,71.66,,,158.2,,0.072,
1791427945.5705113,0.7538,0.5695,0.8030,0.3646,0.2458,0.3646,0.2991,0.7006,0.4302,0.0942,0.4302,0.1229,0.4998,0.0164,0.0369,0.0410,0.0942,0.4030,,,,,71.66,,,158.2,,,
1791427945.6040974,0.7538,0.8440,0.7538,0.6350,0.4302,0.6350,0.7006,0.6350,0.4998,0.0369,0.2991,0.1557,0.4302,0.0737,0.0737,0.0410,0.0410,0.4030,0.6230,,0.2200,,71.50,,,158.2,,0.073,
1791427945.6441922,0.7538,0.7006,0.7006,0.2458,0.5695,0.7538,0.4302,0.4302,0.7006,0.1229,0.2458,0.1229,0.4302,0.0410,0.0410,0.0369,0.0410,0.4030,0.6210,,0.2180,,71.54,,,157.9,,0.073,
1791427945.6764655,0.2991,0.5695,0.7538,0.4998,0.4998,0.6350,0.3646,0.6350,0.6350,0.0369,0.3646,0.2991,0.1557,0.0410,0.0164,0.0574,0.0737,,0.6210,,,,71.54,,,159.0,,0.073,
1791427945.7095416,0.7538,0.7538,0.8440,0.4302,0.4302,0.6350,0.4998,0.4998,0.4302,0.0205,0.2991,0.1966,0.1966,0.0737,0.0205,0.0369,0.0942,0.4030,0.6225,,0.2195,,71.30,,,159.7,,0.074,
1791427945.7392437,0.3646,0.7538,0.4998,0.1557,0.1966,0.7006,0.6350,0.7006,0.4998,0.0737,0.2991,0.1966,0.1229,0.0205,0.0369,0.0574,0.0574,0.4030,0.6175,,0.2145,,71.75,,,159.8,,0.072,
1791427945.7717867,0.6350,0.6350,0.6350,0.2458,0.5695,0.7538,0.3646,0.5695,0.4302,0.0737,0.2991,0.2991,0.1557,0.0246,0.0369,0.0369,0.0942,0.4030,0.6215,,0.2185,,71.84,,,159.7,,0.071,
1791427945.8040035,0.7006,0.4302,0.8767,0.2991,0.6350,0.6350,0.4302,0.4998,0.4998,0.0737,0.3646,0.1966,0.3646,0.0574,0.0737,0.0574,0.0942,0.4030,0.6225,,0.2195,,71.73,,,160.1,,0.072,1.586
1791427945.8373928,0.7538,0.7006,0.7538,0.1557,0.2991,0.7538,0.2458,0.6350,0.4302,0.0737,0.3646,0.0942,0.4302,0.0737,0.0164,0.0410,0.0410,0.4030,,,,,71.73,,,160.1,,,
1791427945.870539,0.6350,0.4998,0.6350,0.1557,0.4998,0.6350,0.7006,0.5695,0.6350,0.0574,0.2458,0.1966,0.1229,0.0737,0.0123,0.0410,0.0410,0.4030,0.6225,,0.2195,,72.00,,,160.0,,0.071,
1791427945.9043539,0.7006,0.7538,0.8440,0.1966,0.6350,0.6350,0.4998,0.6350,0.5695,0.0737,0.0942,0.2458,0.1557,0.0410,0.0123,0.0369,0.0574,0.4030,0.6205,,0.2175,,72.03,,,160.0,,0.071,
1791427945.93702,0.7006,0.6350,0.8030,0.1557,0.7006,0.7006,0.4998,0.6350,0.6350,0.0737,0.2991,0.2991,0.1557,0.0410,0.0205,0.0410,0.0410,0.4030,0.6195,,0.2165,,72.34,,,160.3,,0.069,
1791427945.9714856,0.5695,0.7538,0.8440,0.2991,0.4998,0.7006,0.4302,0.6350,0.4998,0.0942,0.1966,0.1966,0.1557,0.0410,0.0164,0.0574,0.0942,0.4030,0.6220,,0.2190,,72.35,,,160.6,,0.069,
1791427946.0085473,0.4302,0.3646,0.7006,0.4302,0.6350,0.5695,0.4998,0.4302,0.3646,0.1229,0.4302,0.2991,0.1229,0.0205,0.0205,0.0369,0.0410,0.4030,0.6230,,0.2200,,72.26,,,160.4,,0.070,1.545
1791427946.0410333,0.2991,0.8030,0.9054,0.1229,0.2991,0.7538,0.8030,0.6350,0.4302,0.0410,0.0737,0.2458,0.3646,0.0574,0.0737,0.0410,0.0410,,0.6230,,,,72.26,,,159.4,,0.070,
1791427946.0729198,0.1966,0.5695,0.5695,0.4998,0.5695,0.6350,0.6350,0.5695,0.5695,0.1229,0.0574,0.2458,0.1229,0.0574,0.0737,0.0574,0.0737,,0.6240,,,,72.26,,,157.6,,0.070,
1791427946.1042175,0.5695,0.4998,0.4302,0.4998,0.7538,0.8030,0.6350,0.4998,0.4302,0.1229,0.4998,0.1966,0.3646,0.0574,0.0369,0.0574,0.0410,0.4030,0.6210,,0.2180,,72.62,,,158.8,,0.068,1.557
1791427946.1372168,0.4302,0.6350,0.8030,0.4302,0.2458,0.8030,0.7538,0.4998,0.2458,0.0410,0.2991,0.1966,0.3646,0.0574,0.0574,0.0410,0.0737,0.4060,0.6220,,0.2160,,72.36,,,158.9,,0.069,
1791427946.171363,0.7006,0.8030,0.5695,0.4998,0.6350,0.5695,0.2991,0.6350,0.4998,0.0574,0.2458,0.2458,0.4302,0.0942,0.0574,0.0574,0.0737,0.4080,,,,,72.36,,,158.9,,,
1791427946.2040448,0.5695,0.5695,0.6350,0.4998,0.3646,0.4302,0.4998,0.6350,0.4998,0.0574,0.2458,0.2991,0.4302,0.0369,0.0123,0.0205,0.0369,0.4030,0.6215,,0.2185,,72.03,,,160.0,,0.071,
1791427946.237766,0.7006,0.5695,0.7538,0.4998,0.6350,0.5695,0.6350,0.2991,0.5695,0.0410,0.2991,0.1966,0.0737,0.0205,0.0737,0.0246,0.0574,0.4030,0.6225,,0.2195,,72.14,,,160.3,,0.070,
1791427946.270925,0.6350,0.7006,0.5695,0.4998,0.5695,0.8030,0.2991,0.7006,0.4998,0.0942,0.1229,0.1966,0.4302,0.0574,0.0205,0.0574,0.0737,0.4060,,,,,72.14,,,160.3,,,
1791427946.3099494,0.7006,0.7006,0.8440,0.2991,0.5695,0.7006,0.5695,0.5695,0.3646,0.0574,0.0942,0.1966,0.0942,0.0205,0.0369,0.0369,0.0369,0.4030,0.6240,,0.2210,,72.04,,,159.4,,0.071,
1791427946.3411372,0.7006,0.7006,0.8767,0.2991,0.4998,0.7538,0.3646,0.7006,0.4998,0.0737,0.4302,0.1966,0.0942,0.0369,0.0164,0.0369,0.0737,0.4030,0.6225,,0.2195,,72.39,,,158.5,,0.070,1.524
1791427946.372335,0.7006,0.3646,0.7006,0.4302,0.5695,0.6350,0.6350,0.7006,0.7006,0.0410,0.2458,0.2458,0.4302,0.0410,0.0410,0.0369,0.0574,0.4060,0.6230,,0.2170,,72.16,,,158.8,,0.070,
1791427946.4041922,0.2458,0.7006,0.5695,0.2458,0.4998,0.7538,0.8030,0.6350,0.4302,0.0410,0.1966,0.2991,0.1229,0.0246,0.0205,0.0574,0.1229,,0.6205,,,,72.16,,,159.2,,0.070,
1791427946.4382477,0.7006,0.4998,0.8767,0.4998,0.7006,0.6350,0.3646,0.6350,0.5695,0.0574,0.0942,0.2991,0.1229,0.0574,0.0410,0.0737,0.0942,0.4030,0.6235,,0.2205,,72.05,,,158.7,,0.071,
1791427946.4712803,0.7006,0.4998,0.5695,0.1229,0.6350,0.6350,0.7538,0.7006,0.5695,0.1557,0.2458,0.1966,0.2458,0.0737,0.0246,0.0369,0.0369,0.4030,0.6245,,0.2215,,72.02,,,158.4,,0.071,
1791427946.5046794,0.4998,0.5695,0.5695,0.5695,0.1966,0.6350,0.2991,0.7006,0.6350,0.0410,0.0942,0.3646,0.2991,0.0574,0.0369,0.0369,0.0369,0.4030,,,,,72.02,,,158.4,,,
1791427946.537466,0.5695,0.7006,0.8440,0.4998,0.6350,0.7006,0.4302,0.4998,0.4302,0.0369,0.0942,0.2458,0.1966,0.0574,0.0574,0.0574,0.0737,0.4030,0.6220,,0.2190,,71.77,,,157.6,,0.072,
1791427946.57818,0.7006,0.7006,0.7006,0.1557,0.4998,0.4998,0.4302,0.6350,0.4302,0.0410,0.3646,0.1557,0.1229,0.0205,0.0410,0.0410,0.0737,0.4030,0.6220,,0.2190,,71.92,,,160.0,,0.072,1.517
1791427946.6102145,0.5695,0.7006,0.6350,0.3646,0.7006,0.4998,0.5695,0.6350,0.6350,0.0942,0.2991,0.1966,0.4302,0.0205,0.0369,0.0246,0.0410,0.4060,0.6225,,0.2165,,72.18,,,160.0,,0.070,
1791427946.6415682,0.4302,0.6350,0.8440,0.4998,0.2458,0.7006,0.3646,0.6350,0.3646,0.0369,0.4302,0.1966,0.2991,0.0410,0.0164,0.0369,0.0410,0.4030,0.6230,,0.2200,,72.11,,,158.8,,0.071,1.602
1791427946.6719332,0.6350,0.7006,0.8440,0.1557,0.4998,0.5695,0.3646,0.6350,0.6350,0.0737,0.0737,0.2458,0.2991,0.0369,0.0246,0.0574,0.0942,0.4030,0.6230,,0.2200,,72.26,,,157.0,,0.070,
1791427946.7047706,0.2991,0.6350,0.7006,0.4302,0.7538,0.6350,0.2991,0.5695,0.4998,0.0737,0.3646,0.1966,0.1229,0.0737,0.0574,0.0123,0.0410,,,,,,72.26,,,157.0,,,
1791427946.738557,0.7006,0.5695,0.5695,0.4302,0.2991,0.5695,0.4302,0.6350,0.4302,0.0246,0.1229,0.1557,0.1557,0.0574,0.0369,0.0369,0.0574,0.4060,0.6220,,0.2160,,71.61,,,156.7,,0.073,
1791427946.77208,0.4302,0.7006,0.7006,0.3646,0.2991,0.7538,0.3646,0.4998,0.3646,0.0410,0.2991,0.4302,0.4998,0.0737,0.0737,0.0164,0.0369,0.4030,0.6220,,0.2190,,71.04,,,157.5,0.879,0.075,
1791427946.8046825,0.4302,0.4302,0.5695,0.3646,0.6350,0.6350,0.4998,0.5695,0.4302,0.0246,0.3646,0.2458,0.3646,0.0205,0.0205,0.0737,0.0574,0.4060,0.6230,,0.2170,,71.05,,,158.5,,0.075,1.538
1791427946.8392036,0.8030,0.2991,0.5695,0.3646,0.4302,0.7006,0.3646,0.4998,0.4302,0.0410,0.4302,0.1966,0.1229,0.0410,0.0205,0.0410,0.0942,0.4030,0.6185,,0.2155,,71.18,,,159.5,,0.074,1.644
1791427946.8775592,0.5695,0.7538,0.7538,0.3646,0.6350,0.6350,0.4302,0.6350,0.4302,0.0574,0.2991,0.2991,0.2991,0.0205,0.0737,0.0574,0.0737,0.4030,0.6185,,0.2155,,70.97,,,160.2,,0.075,
1791427946.9101753,0.3646,0.8440,0.8440,0.2458,0.5695,0.8030,0.4998,0.5695,0.4998,0.0942,0.4302,0.2458,0.1557,0.0410,0.0410,0.0369,0.0410,0.4030,0.6220,,0.2190,,71.09,,,160.8,,0.075,1.605
1791427946.9410734,0.2991,0.8440,0.6350,0.1966,0.6350,0.4998,0.4302,0.4998,0.6350,0.0410,0.3646,0.1966,0.1229,0.0246,0.0246,0.0369,0.0942,,0.6190,,,,71.09,,,159.0,,0.075,
1791427946.972519,0.2458,0.7006,0.8030,0.1229,0.6350,0.6350,0.4998,0.3646,0.4998,0.0942,0.2991,0.1966,0.1229,0.0205,0.0410,0.0369,0.0410,,0.6195,,,,71.09,,,159.8,,0.075,
1791427947.005337,0.2991,0.9054,0.7538,0.2991,0.6350,0.7006,0.4302,0.5695,0.3646,0.0737,0.0942,0.1966,0.3646,0.0246,0.0123,0.0369,0.0574,,0.6225,,,,71.09,,,155.8,,0.075,
1791427947.0398567,0.2458,0.6350,0.2991,0.4998,0.4998,0.6350,0.6350,0.7006,0.4302,0.0369,0.2458,0.2458,0.2991,0.0205,0.0574,0.0369,0.0410,,0.6230,,,,71.09,,,156.5,,0.075,
1791427947.0728338,0.2458,0.7006,0.8440,0.4998,0.4998,0.7006,0.6350,0.4302,0.4302,0.0369,0.4302,0.2458,0.3646,0.0737,0.0369,0.0574,0.0410,,0.6235,,,,71.09,,,157.0,,0.075,
1791427947.1054146,0.6350,0.4998,0.8030,0.4302,0.2458,0.7006,0.2458,0.7006,0.4998,0.0369,0.4998,0.1229,0.4302,0.0410,0.0205,0.0410,0.0737,0.4070,,,,,71.09,,,157.0,,,
1791427947.138645,0.7538,0.8440,0.5695,0.4302,0.2458,0.7006,0.3646,0.4302,0.4302,0.0369,0.2991,0.1966,0.4302,0.0410,0.0205,0.0574,0.0574,0.4030,0.6230,,0.2200,,71.01,,,157.2,,0.075,
1791427947.1726358,0.1557,0.7006,0.7006,0.4302,0.5695,0.7006,0.6350,0.5695,0.4998,0.0369,0.2991,0.2991,0.1557,0.0369,0.0205,0.0369,0.0369,,0.6200,,,,71.01,,,148.4,,0.075,
1791427947.2117114,0.4998,0.7538,0.8440,0.1229,0.6350,0.7538,0.5695,0.4302,0.5695,0.0410,0.1966,0.4998,0.4302,0.0574,0.0205,0.0410,0.0737,0.4030,0.6225,,0.2195,,70.90,,,151.2,0.824,0.076,
1791427947.2435842,0.7006,0.8030,0.5695,0.2458,0.5695,0.7006,0.4302,0.4998,0.5695,0.0737,0.2991,0.2991,0.2458,0.0369,0.0123,0.0205,0.0410,0.4090,0.6230,,0.2140,,71.15,,,153.0,,0.074,
1791427947.2745576,0.4302,0.9259,0.5695,0.2991,0.5695,0.7538,0.6350,0.5695,0.4302,0.0410,0.1229,0.1966,0.1966,0.0164,0.0410,0.0574,0.0942,0.4060,0.6230,,0.2170,,71.39,,,153.9,,0.073,
1791427947.3061934,0.4998,0.8030,0.5695,0.1557,0.4302,0.7538,0.4302,0.6350,0.5695,0.0574,0.3646,0.1966,0.1229,0.0205,0.0164,0.0369,0.0410,0.4030,0.6195,,0.2165,,71.08,,,155.6,,0.074,1.687
1791427947.3396235,0.7006,0.8767,0.7538,0.4302,0.2991,0.3646,0.4302,0.7538,0.3646,0.0246,0.3646,0.2991,0.1966,0.0246,0.0205,0.0410,0.0574,0.4030,0.6220,,0.2190,,70.74,,,156.0,,0.076,1.699
1791427947.3721757,0.6350,0.7538,0.5695,0.4998,0.6350,0.7006,0.3646,0.7538,0.5695,0.0410,0.3646,0.2458,0.1229,0.0574,0.0205,0.0410,0.0737,0.4030,0.6165,,0.2135,,70.79,,,158.1,,0.076,1.684
1791427947.4061854,0.5695,0.6350,0.8030,0.1966,0.6350,0.8030,0.4302,0.5695,0.3646,0.0574,0.2991,0.4302,0.2991,0.0410,0.0246,0.0410,0.0574,0.4070,0.6230,,0.2160,,70.74,,,158.5,,0.076,
1791427947.4393091,0.7006,0.5695,0.8767,0.4998,0.1966,0.8030,0.3646,0.6350,0.4302,0.0410,0.3646,0.2458,0.1557,0.0410,0.0737,0.0574,0.0574,0.4030,0.6230,,0.2200,,70.37,,,157.0,,0.077,1.670
1791427947.472902,0.6350,0.7006,0.7006,0.3646,0.4998,0.7538,0.5695,0.4998,0.4302,0.0737,0.4302,0.2458,0.2458,0.0574,0.0205,0.0410,0.0369,0.4050,0.6230,,0.2180,,70.37,,,158.0,,0.078,1.607
1791427947.5119298,0.2991,0.5695,0.6350,0.5695,0.4302,0.7538,0.4302,0.4998,0.4302,0.1229,0.0942,0.2991,0.4302,0.0574,0.0164,0.0369,0.0410,,0.6195,,,,70.37,,,155.7,,0.078,
1791427947.5439372,0.6350,0.7538,0.6350,0.4302,0.7006,0.7538,0.4302,0.6350,0.4302,0.0942,0.2991,0.1557,0.2991,0.0410,0.0369,0.0410,0.0574,0.4050,0.6225,,0.2175,,70.78,,,156.6,,0.076,
1791427947.575043,0.7538,0.5695,0.8440,0.2991,0.4302,0.8030,0.7538,0.6350,0.4302,0.1229,0.3646,0.2991,0.3646,0.0574,0.0164,0.0205,0.0942,0.4030,0.6205,,0.2175,,70.92,,,156.0,,0.075,1.622
1791427947.6073105,0.7538,0.8767,0.7538,0.1557,0.4302,0.7006,0.6350,0.7006,0.4302,0.0410,0.3646,0.3646,0.1557,0.0369,0.0164,0.0205,0.0410,0.4060,0.6240,,0.2180,,71.32,,,156.4,,0.074,1.518
1791427947.6399891,0.4998,0.5695,0.7538,0.2991,0.6350,0.7006,0.5695,0.6350,0.4998,0.1557,0.2991,0.1229,0.4302,0.0410,0.0574,0.0410,0.0737,0.4030,0.6205,,0.2175,,71.15,,,157.4,,0.074,
1791427947.6734366,0.5695,0.7006,0.5695,0.3646,0.6350,0.8030,0.4302,0.5695,0.5695,0.0737,0.4302,0.2458,0.2458,0.0246,0.0205,0.0369,0.0410,0.4030,0.6200,,0.2170,,71.04,,,158.0,,0.075,1.624
1791427947.7068062,0.5695,0.7538,0.9054,0.2991,0.1966,0.7006,0.7006,0.6350,0.5695,0.0737,0.4998,0.2991,0.2991,0.0737,0.0574,0.0410,0.0737,0.4030,0.6220,,0.2190,,71.32,,,159.1,,0.074,1.525
1791427947.7394564,0.5695,0.7538,0.6350,0.2991,0.4998,0.6350,0.4302,0.8030,0.4998,0.1229,0.1557,0.1966,0.0942,0.0369,0.0737,0.0410,0.0574,0.4030,0.6195,,0.2165,,71.35,,,158.2,,0.073,
1791427947.7736545,0.7006,0.6350,0.4998,0.1966,0.7006,0.7006,0.4302,0.5695,0.4998,0.1229,0.3646,0.1966,0.1966,0.0246,0.0574,0.0737,0.1229,0.4080,0.6205,,0.2125,,71.41,,,158.4,,0.073,1.649
1791427947.8061366,0.7006,0.6350,0.7538,0.4302,0.6350,0.7006,0.4998,0.4998,0.3646,0.0942,0.3646,0.2991,0.5695,0.0410,0.0410,0.0410,0.0410,0.4030,0.6245,,0.2215,,71.50,,,158.1,,0.073,1.467
1791427947.839697,0.7006,0.4998,0.7538,0.3646,0.4998,0.8030,0.4302,0.5695,0.5695,0.0942,0.3646,0.2458,0.2458,0.1557,0.0205,0.0410,0.0737,0.4030,0.6210,,0.2180,,71.93,,,159.2,,0.071,1.486
1791427947.8786001,0.4302,0.5695,0.4998,0.4998,0.3646,0.7006,0.4302,0.6350,0.6350,0.0410,0.0942,0.1557,0.1229,0.0574,0.0123,0.0574,0.0574,0.4030,0.6205,,0.2175,,72.06,,,158.6,,0.070,
1791427947.9113514,0.4998,0.5695,0.7538,0.1557,0.3646,0.6350,0.3646,0.4998,0.2991,0.0942,0.0942,0.2991,0.2458,0.0574,0.0246,0.0737,0.0942,0.4030,0.6220,,0.2190,,72.03,,,158.3,,0.071,
1791427947.942134,0.6350,0.5695,0.5695,0.4302,0.4302,0.7006,0.5695,0.7006,0.6350,0.0737,0.3646,0.1557,0.1229,0.0574,0.0246,0.0574,0.0574,0.4070,0.6195,,0.2125,,72.00,,,158.2,,0.070,1.616
1791427947.9736285,0.5695,0.4998,0.7006,0.2458,0.6350,0.6350,0.4998,0.5695,0.4302,0.0942,0.2991,0.2458,0.1229,0.0574,0.0246,0.0369,0.0410,0.4070,0.6225,,0.2155,,71.81,,,158.8,,0.071,
1791427948.0063555,0.3646,0.7006,0.7006,0.4302,0.4302,0.7538,0.2458,0.6350,0.4998,0.0369,0.2991,0.1229,0.3646,0.0574,0.0164,0.1229,0.0574,0.4030,,,,,71.81,,,158.8,,,
1791427948.039521,0.4998,0.5695,0.8030,0.1557,0.5695,0.7538,0.4998,0.5695,0.4998,0.0410,0.0942,0.1966,0.3646,0.0410,0.0574,0.0369,0.0737,0.4060,0.6225,,0.2165,,71.65,,,158.8,,0.072,
1791427948.0745902,0.7538,0.5695,0.8767,0.4998,0.2991,0.6350,0.5695,0.5695,0.5695,0.0942,0.0574,0.1557,0.4302,0.0410,0.0574,0.0410,0.0410,0.4030,0.6210,,0.2180,,71.85,,,158.4,,0.071,
1791427948.1070533,0.1966,0.7538,0.8030,0.4302,0.4998,0.6350,0.4998,0.4998,0.4302,0.0942,0.1557,0.1966,0.3646,0.0369,0.0246,0.0205,0.0369,,0.6190,,,,71.85,,,159.1,,0.071,
1791427948.1402225,0.6350,0.7538,0.9054,0.3646,0.5695,0.6350,0.4998,0.5695,0.7006,0.1557,0.3646,0.2458,0.2458,0.0574,0.0410,0.0737,0.0574,0.4030,0.6220,,0.2190,,71.99,,,157.4,,0.071,1.620
1791427948.1797981,0.2458,0.8030,0.6350,0.2991,0.6350,0.8030,0.4302,0.7006,0.6350,0.0410,0.3646,0.2458,0.1229,0.0574,0.0737,0.0369,0.0737,,0.6215,,,,71.99,,,158.7,,0.071,
1791427948.2115707,0.3646,0.7006,0.4998,0.1557,0.5695,0.7538,0.4302,0.4998,0.4302,0.1229,0.2991,0.2991,0.4998,0.0246,0.0164,0.0205,0.0574,0.4060,0.6205,,0.2145,,71.86,,,158.9,,0.071,
1791427948.243505,0.5695,0.5695,0.4998,0.4998,0.7006,0.6350,0.4302,0.6350,0.4302,0.0369,0.4302,0.1966,0.3646,0.0574,0.0737,0.0574,0.0410,0.4030,0.6195,,0.2165,,71.73,,,157.9,,0.072,1.703
1791427948.2742465,0.7538,0.7006,0.6350,0.4302,0.2458,0.6350,0.4998,0.6350,0.4998,0.0942,0.1229,0.1557,0.4998,0.0574,0.0410,0.0369,0.0574,0.4030,0.6195,,0.2165,,71.62,,,158.0,,0.072,
1791427948.3063111,0.4302,0.3646,0.7006,0.4302,0.2991,0.5695,0.2991,0.6350,0.5695,0.0369,0.1966,0.1229,0.3646,0.0574,0.0205,0.0369,0.0942,0.4030,,,,,71.62,,,158.0,,,
1791427948.3400867,0.7538,0.8030,0.8767,0.3646,0.5695,0.5695,0.3646,0.5695,0.4998,0.0942,0.3646,0.2991,0.3646,0.0410,0.0164,0.0205,0.0574,0.4030,0.6225,,0.2195,,71.54,,,158.9,,0.073,1.542
1791427948.373777,0.6350,0.4998,0.9054,0.4998,0.3646,0.7538,0.4302,0.6350,0.7006,0.0410,0.2458,0.2458,0.4998,0.0574,0.0164,0.0410,0.0574,0.4030,0.6225,,0.2195,,71.58,,,158.2,,0.072,
1791427948.4075046,0.4302,0.5695,0.8440,0.2991,0.1966,0.6350,0.4998,0.5695,0.5695,0.0410,0.2458,0.1557,0.1966,0.0410,0.0737,0.0369,0.0574,0.4030,0.6230,,0.2200,,71.61,,,158.6,,0.073,
1791427948.440783,0.2458,0.2991,0.7538,0.3646,0.2991,0.7006,0.2991,0.6350,0.4998,0.0410,0.2991,0.1966,0.1229,0.0369,0.0410,0.0410,0.0737,,,,,,71.61,,,158.6,,,
1791427948.4745233,0.2458,0.7006,0.7538,0.2458,0.3646,0.7538,0.7538,0.6350,0.6350,0.0574,0.3646,0.2458,0.0942,0.0205,0.0737,0.0369,0.0369,,0.6230,,,,71.61,,,158.7,,0.073,
1791427948.5139182,0.4998,0.7538,0.8767,0.1557,0.2458,0.7006,0.6350,0.7538,0.4998,0.0369,0.1966,0.2458,0.4302,0.0942,0.0574,0.0574,0.1557,0.4030,0.6225,,0.2195,,72.14,,,158.6,,0.070,
1791427948.5460074,0.5695,0.7006,0.6350,0.4302,0.2991,0.6350,0.6350,0.7006,0.4302,0.0942,0.2458,0.2991,0.1229,0.0574,0.0737,0.0737,0.0574,0.4030,0.6230,,0.2200,,72.20,,,158.5,,0.070,
1791427948.5774543,0.3646,0.7538,0.5695,0.3646,0.4302,0.4998,0.2991,0.7006,0.7006,0.0410,0.1966,0.1966,0.4302,0.0737,0.0574,0.0410,0.0410,0.4070,,,,,72.20,,,158.5,,,
1791427948.6086059,0.7538,0.8440,0.7538,0.5695,0.4302,0.7538,0.2991,0.4302,0.3646,0.0942,0.2458,0.1966,0.2991,0.0737,0.0205,0.0369,0.0369,0.4040,,,,,72.20,,,158.5,,,
1791427948.6407278,0.5695,0.6350,0.7006,0.2991,0.4998,0.7006,0.4302,0.4998,0.4302,0.0574,0.2458,0.1229,0.3646,0.0574,0.0737,0.0369,0.0574,0.4030,0.6190,,0.2160,,72.21,,,158.6,,0.070,
1791427948.673987,0.2458,0.5695,0.6350,0.4998,0.1966,0.4998,0.4998,0.5695,0.4998,0.0410,0.0574,0.1557,0.4302,0.0737,0.0574,0.0246,0.0369,,0.6230,,,,72.21,,,158.0,,0.070,
1791427948.7078145,0.6350,0.7006,0.6350,0.1966,0.7006,0.7538,0.3646,0.5695,0.4998,0.0369,0.1229,0.1557,0.1557,0.0410,0.0737,0.0574,0.0737,0.4030,0.6200,,0.2170,,72.32,,,158.3,,0.069,
1791427948.7420044,0.6350,0.5695,0.7006,0.4998,0.5695,0.6350,0.2991,0.8030,0.4998,0.0737,0.2458,0.2458,0.2991,0.0246,0.0369,0.0369,0.0410,0.4030,,,,,72.32,,,158.3,,,
1791427948.7821,0.3646,0.7006,0.6350,0.1966,0.5695,0.7006,0.5695,0.7538,0.4302,0.0942,0.3646,0.1966,0.4302,0.0246,0.0369,0.0410,0.0574,0.4030,0.6210,,0.2180,,71.62,,,159.1,,0.072,1.718
1791427948.8133655,0.4998,0.7006,0.8030,0.4302,0.2991,0.7006,0.5695,0.6350,0.2991,0.0369,0.2458,0.1966,0.4998,0.0205,0.0369,0.0410,0.0410,0.4030,0.6230,,0.2200,,71.82,,,159.4,,0.072,
1791427948.844474,0.2458,0.5695,0.7006,0.3646,0.2458,0.6350,0.7006,0.7006,0.2458,0.0574,0.3646,0.1557,0.4302,0.0164,0.0737,0.0574,0.0574,,0.6215,,,,71.82,,,160.6,,0.072,
1791427948.8760765,0.2458,0.7006,0.8030,0.4302,0.5695,0.6350,0.2458,0.6350,0.3646,0.0246,0.3646,0.1557,0.1229,0.0369,0.0369,0.0574,0.0369,,,,,,71.82,,,160.6,,,
1791427948.9078302,0.2991,0.7538,0.7538,0.1966,0.4302,0.7538,0.4998,0.5695,0.5695,0.0410,0.2991,0.2458,0.2991,0.0205,0.0574,0.0574,0.0737,,0.6225,,,,71.82,,,160.1,,0.072,
1791427948.9407566,0.4302,0.7006,0.8767,0.4998,0.3646,0.7006,0.7006,0.7006,0.7006,0.0574,0.2458,0.3646,0.2458,0.0942,0.0164,0.0410,0.0410,0.4030,0.6210,,0.2180,,71.93,,,160.3,,0.071,
1791427948.9746616,0.6350,0.6350,0.8767,0.1229,0.4998,0.7006,0.3646,0.7006,0.4998,0.1557,0.4302,0.2458,0.1229,0.0410,0.0410,0.0410,0.1229,0.4030,0.6235,,0.2205,,71.73,,,160.7,,0.072,1.582
1791427949.008053,0.5695,0.4302,0.4998,0.4302,0.2458,0.7006,0.2991,0.5695,0.4302,0.0369,0.0942,0.1557,0.4998,0.0410,0.0410,0.0369,0.0410,0.4030,,,,,71.73,,,160.7,,,
1791427949.0418298,0.5695,0.6350,0.6350,0.3646,0.6350,0.5695,0.3646,0.5695,0.4302,0.0410,0.4302,0.1966,0.1229,0.0369,0.0205,0.0737,0.0942,0.4030,0.6230,,0.2200,,72.00,,,161.2,,0.071,1.522
1791427949.0817034,0.2458,0.6350,0.7538,0.4302,0.4998,0.4998,0.2991,0.4998,0.3646,0.0410,0.3646,0.1557,0.0942,0.0205,0.0410,0.0737,0.1229,,,,,,72.00,,,161.2,,,
1791427949.1133795,0.6350,0.1966,0.4998,0.4998,0.2458,0.7006,0.4998,0.4998,0.4302,0.1966,0.0942,0.2991,0.1229,0.0737,0.0574,0.0410,0.0574,0.4030,0.6205,,0.2175,,72.10,,,161.3,,0.071,
1791427949.1441958,0.3646,0.7006,0.8030,0.5695,0.2991,0.7006,0.2991,0.8440,0.4998,0.0942,0.4998,0.2458,0.1229,0.0574,0.0737,0.0369,0.0737,0.4050,,,,,72.10,,,161.3,,,
1791427949.1760263,0.5695,0.8030,0.8767,0.1966,0.7006,0.7006,0.6350,0.7006,0.4302,0.0942,0.2991,0.2991,0.3646,0.0574,0.0737,0.0410,0.0574,0.4030,0.6235,,0.2205,,71.93,,,160.9,,0.071,
1791427949.2082398,0.5695,0.8030,0.5695,0.3646,0.2458,0.7006,0.5695,0.4998,0.5695,0.0942,0.2991,0.1557,0.2991,0.0410,0.0574,0.0410,0.0737,0.4030,0.6210,,0.2180,,71.95,,,160.7,,0.071,
1791427949.2444265,0.4998,0.6350,0.9054,0.4302,0.6350,0.5695,0.2991,0.6350,0.6350,0.0942,0.1229,0.1966,0.1966,0.0737,0.0410,0.0205,0.0574,0.4030,,,,,71.95,,,160.7,,,
1791427949.275617,0.4998,0.5695,0.6350,0.4302,0.5695,0.5695,0.4998,0.5695,0.6350,0.0410,0.1966,0.4302,0.3646,0.0574,0.0574,0.0369,0.0369,0.4030,0.6210,,0.2180,,72.02,,,160.7,0.837,0.071,
1791427949.3079288,0.4302,0.7006,0.7538,0.1557,0.2991,0.7006,0.2991,0.6350,0.6350,0.0574,0.4302,0.2458,0.4302,0.0205,0.0737,0.0205,0.0574,0.4030,,,,,72.02,,,160.7,,,
1791427949.3417413,0.3646,0.5695,0.7006,0.4302,0.4998,0.5695,0.4302,0.5695,0.4998,0.0737,0.2991,0.1966,0.3646,0.0205,0.0246,0.0369,0.0574,0.4030,0.6180,,0.2150,,71.64,,,161.2,,0.072,
1791427949.3819404,0.4998,0.5695,0.7006,0.5695,0.3646,0.7006,0.5695,0.5695,0.4302,0.0410,0.2991,0.1557,0.3646,0.0205,0.0205,0.0410,0.0410,0.4030,0.6235,,0.2205,,71.75,,,161.1,,0.072,
1791427949.4138944,0.4302,0.4998,0.8030,0.3646,0.1966,0.5695,0.4302,0.4998,0.4302,0.0942,0.2991,0.1966,0.4302,0.1229,0.0410,0.0369,0.0369,0.4030,0.6235,,0.2205,,71.86,,,160.9,,0.072,
1791427949.4450996,0.6350,0.5695,0.8440,0.4998,0.5695,0.7538,0.5695,0.7006,0.4302,0.0410,0.1557,0.1557,0.1229,0.0246,0.0205,0.0737,0.0574,0.4050,0.6220,,0.2170,,71.88,,,161.2,,0.072,
1791427949.4761136,0.1966,0.8030,0.2458,0.4302,0.6350,0.6350,0.7006,0.6350,0.4998,0.0737,0.2458,0.1229,0.4302,0.0574,0.0246,0.0369,0.0574,,0.6205,,,,71.88,,,160.7,,0.072,
1791427949.5081353,0.7538,0.6350,0.6350,0.1966,0.5695,0.7006,0.4302,0.7538,0.3646,0.0574,0.0942,0.1966,0.3646,0.0369,0.0123,0.0410,0.0369,0.4030,0.6220,,0.2190,,71.85,,,160.9,,0.072,
1791427949.541388,0.4302,0.7006,0.5695,0.4998,0.4998,0.7006,0.7006,0.6350,0.3646,0.1229,0.0574,0.0942,0.2991,0.0574,0.0574,0.0369,0.0410,0.4060,0.6225,,0.2165,,71.85,,,160.1,,0.072,
1791427949.5747857,0.2458,0.7006,0.5695,0.4302,0.5695,0.6350,0.4302,0.6350,0.4302,0.0737,0.4302,0.2458,0.3646,0.0574,0.0574,0.0410,0.0737,,0.6225,,,,71.85,,,160.6,,0.072,
1791427949.6083376,0.6350,0.2991,0.8440,0.1229,0.6350,0.7006,0.3646,0.6350,0.7006,0.0410,0.1966,0.1966,0.4302,0.0574,0.0164,0.0574,0.0737,0.4040,0.6220,,0.2180,,72.30,,,160.6,,0.070,
1791427949.6415918,0.4998,0.7006,0.2991,0.4302,0.4998,0.8030,0.4302,0.8030,0.4998,0.0737,0.1557,0.2458,0.2991,0.0574,0.0082,0.0205,0.0369,0.4030,0.6210,,0.2180,,72.02,,,160.3,,0.071,
1791427949.6750753,0.6350,0.7006,0.8030,0.5695,0.4998,0.7006,0.3646,0.6350,0.4998,0.0942,0.2458,0.1966,0.4302,0.0410,0.0574,0.0410,0.0574,0.4030,0.6200,,0.2170,,72.13,,,160.6,,0.070,
1791427949.714908,0.4998,0.6350,0.6350,0.2458,0.5695,0.5695,0.5695,0.7006,0.7006,0.0737,0.1229,0.2991,0.4998,0.0410,0.0410,0.0574,0.0737,0.4030,0.6225,,0.2195,,71.98,,,160.8,,0.071,
1791427949.7462602,0.3646,0.8030,0.5695,0.4998,0.1966,0.6350,0.4998,0.5695,0.3646,0.1557,0.4302,0.1966,0.4302,0.0574,0.0164,0.0410,0.0737,0.4030,0.6245,,0.2215,,71.81,,,160.4,,0.072,1.507
1791427949.778436,0.8030,0.6350,0.8767,0.3646,0.4998,0.7538,0.4998,0.5695,0.6350,0.1557,0.4998,0.2458,0.3646,0.0164,0.0164,0.0369,0.0942,0.4050,0.6210,,0.2160,,71.20,,,162.2,,0.074,1.668
1791427949.8089,0.4998,0.8030,0.5695,0.4302,0.1966,0.7538,0.4998,0.4998,0.5695,0.1229,0.2458,0.2458,0.1966,0.0246,0.0205,0.0410,0.0574,0.4030,0.6230,,0.2200,,71.09,,,162.1,,0.075,
1791427949.8415318,0.6350,0.6350,0.5695,0.2991,0.7006,0.7006,0.4998,0.7006,0.4302,0.0942,0.3646,0.1966,0.2991,0.0410,0.0164,0.0574,0.0410,0.4030,0.6220,,0.2190,,71.30,,,159.6,,0.074,1.633
1791427949.8755727,0.2991,0.7538,0.6350,0.1966,0.6350,0.6350,0.4998,0.7538,0.4998,0.0369,0.3646,0.2991,0.3646,0.0369,0.0205,0.0574,0.0574,,0.6215,,,,71.30,,,160.7,,0.074,
1791427949.909699,0.7006,0.7006,0.6350,0.5695,0.6350,0.7538,0.2458,0.6350,0.6350,0.0942,0.1966,0.2991,0.0942,0.0410,0.0164,0.0574,0.0737,0.4050,,,,,71.30,,,160.7,,,
1791427949.9420953,0.7538,0.6350,0.6350,0.4302,0.2458,0.7006,0.3646,0.6350,0.5695,0.0574,0.3646,0.1966,0.2991,0.0410,0.0410,0.0410,0.0574,0.4030,0.6230,,0.2200,,71.21,,,160.2,,0.074,1.631
1791427949.9767282,0.6350,0.4998,0.8030,0.1966,0.5695,0.7006,0.6350,0.6350,0.6350,0.0410,0.4302,0.1966,0.4998,0.0410,0.0410,0.0369,0.0574,0.4060,0.6220,,0.2160,,71.27,,,159.3,,0.074,1.622
1791427950.0148726,0.4302,0.4302,0.7538,0.3646,0.2991,0.6350,0.4998,0.7006,0.7006,0.0574,0.3646,0.2991,0.3646,0.0574,0.0410,0.0369,0.0410,0.4050,0.6190,,0.2140,,71.54,,,158.7,,0.073,1.640
1791427950.0470147,0.5695,0.5695,0.7538,0.4302,0.2991,0.7538,0.6350,0.6350,0.3646,0.1229,0.3646,0.1229,0.4302,0.0410,0.0205,0.0410,0.0737,0.4030,0.6205,,0.2175,,71.80,,,159.7,,0.071,1.564
1791427950.0783496,0.8440,0.4302,0.8767,0.3646,0.4998,0.7006,0.2991,0.4998,0.4998,0.0410,0.4302,0.1966,0.3646,0.0942,0.0737,0.0369,0.0574,0.4030,,,,,71.80,,,159.7,,,
1791427950.1093862,0.2991,0.7538,0.4998,0.4302,0.5695,0.5695,0.4302,0.4998,0.1557,0.1557,0.2458,0.1966,0.1966,0.0410,0.0369,0.0205,0.0942,,0.6245,,,,71.80,,,155.4,,0.071,
1791427950.1420262,0.5695,0.4998,0.7538,0.3646,0.4998,0.7006,0.4998,0.4998,0.4998,0.1229,0.0942,0.1229,0.1557,0.0737,0.0205,0.0369,0.0737,0.4030,0.6230,,0.2200,,71.58,,,154.6,,0.073,
1791427950.1760123,0.5695,0.5695,0.5695,0.2991,0.7006,0.7538,0.7006,0.6350,0.4302,0.1557,0.3646,0.2458,0.1229,0.0737,0.0737,0.0574,0.0737,0.4070,0.6220,,0.2150,,71.90,,,156.0,,0.071,1.568
1791427950.2090933,0.5695,0.2458,0.7538,0.4302,0.2991,0.7538,0.6350,0.4998,0.4998,0.0942,0.1557,0.2991,0.1966,0.0369,0.0164,0.0369,0.0410,0.4050,0.6245,,0.2195,,72.27,,,156.4,,0.070,
1791427950.2426188,0.7538,0.6350,0.9259,0.1966,0.5695,0.6350,0.4998,0.7006,0.4302,0.1557,0.4302,0.2458,0.4302,0.0574,0.0205,0.0369,0.0369,0.4030,0.6205,,0.2175,,72.12,,,158.0,,0.070,1.563
1791427950.2759483,0.4302,0.6350,0.7538,0.5695,0.4998,0.7006,0.4998,0.5695,0.4998,0.0369,0.4998,0.2458,0.1966,0.0369,0.0246,0.0205,0.0737,0.4030,0.6200,,0.2170,,71.91,,,157.9,,0.071,1.652
1791427950.3155506,0.1966,0.6350,0.8030,0.4998,0.2458,0.7006,0.8030,0.5695,0.5695,0.1229,0.4302,0.1966,0.4302,0.0574,0.0574,0.0410,0.0737,,0.6210,,,,71.91,,,159.5,,0.071,
1791427950.3477716,0.3646,0.9054,0.8030,0.1966,0.5695,0.7006,0.5695,0.5695,0.2991,0.0410,0.2458,0.2991,0.4302,0.0410,0.0164,0.0410,0.0737,0.4030,0.6220,,0.2190,,71.73,,,159.7,,0.072,
1791427950.3783739,0.2458,0.7538,0.9259,0.4302,0.4302,0.7006,0.6350,0.6350,0.7538,0.0574,0.0574,0.2991,0.1229,0.0205,0.0369,0.0410,0.0410,,0.6230,,,,71.73,,,158.9,,0.072,
1791427950.4094036,0.6350,0.7006,0.7538,0.1966,0.5695,0.5695,0.7538,0.4998,0.3646,0.0369,0.3646,0.2458,0.1557,0.0369,0.0737,0.0737,0.0410,0.4030,0.6200,,0.2170,,71.88,,,158.9,,0.071,1.619
1791427950.4432642,0.6350,0.6350,0.9054,0.4998,0.4302,0.2458,0.3646,0.5695,0.7006,0.1557,0.0942,0.1557,0.1966,0.0369,0.0574,0.0369,0.0574,0.4040,,,,,71.88,,,158.9,,,
1791427950.47609,0.6350,0.7006,0.4998,0.1557,0.5695,0.5695,0.2991,0.6350,0.4302,0.0410,0.2458,0.2458,0.2991,0.0123,0.0369,0.0369,0.0410,0.4070,,,,,71.88,,,158.9,,,
1791427950.510437,0.2991,0.8030,0.6350,0.4302,0.6350,0.7538,0.3646,0.7006,0.4998,0.1229,0.3646,0.2458,0.1966,0.0410,0.0574,0.0369,0.0574,,0.6225,,,,71.88,,,158.7,,0.071,
1791427950.5428557,0.2458,0.4998,0.8440,0.4302,0.3646,0.6350,0.1966,0.6350,0.2991,0.0942,0.3646,0.2991,0.1229,0.0246,0.0205,0.0369,0.0574,,,,,,71.88,,,158.7,,,
1791427950.5770519,0.2458,0.5695,0.8030,0.4998,0.4998,0.5695,0.4998,0.7006,0.3646,0.0574,0.2458,0.1966,0.4302,0.0942,0.0410,0.0574,0.0410,,0.6190,,,,71.88,,,159.1,,0.071,
1791427950.6164017,0.5695,0.6350,0.8030,0.4302,0.2991,0.6350,0.4302,0.4998,0.3646,0.0410,0.0410,0.2991,0.0942,0.0246,0.0164,0.0369,0.0574,0.4030,0.6185,,0.2155,,72.06,,,157.9,,0.070,
1791427950.6483748,0.4302,0.7006,0.8030,0.4302,0.5695,0.7006,0.4998,0.7006,0.7006,0.0410,0.4302,0.1966,0.3646,0.0369,0.0205,0.0246,0.0574,0.4030,0.6200,,0.2170,,71.39,,,158.8,,0.073,1.547
1791427950.678302,0.4302,0.6350,0.7538,0.3646,0.6350,0.8030,0.4998,0.6350,0.5695,0.0574,0.3646,0.1966,0.1557,0.0410,0.0205,0.0410,0.0942,0.4030,0.6165,,0.2135,,71.48,,,158.7,,0.072,1.654
1791427950.709601,0.7006,0.8440,0.8767,0.3646,0.5695,0.7006,0.7538,0.7006,0.4998,0.0369,0.0574,0.1557,0.1557,0.0369,0.0369,0.0164,0.0369,0.4030,0.6220,,0.2190,,71.55,,,158.1,,0.072,
1791427950.7440379,0.6350,0.7538,0.4998,0.1557,0.6350,0.7538,0.3646,0.6350,0.6350,0.0737,0.4302,0.1966,0.1229,0.0369,0.0205,0.0369,0.0410,0.4030,0.6175,,0.2145,,71.16,,,159.5,,0.074,1.697
1791427950.7769327,0.7006,0.6350,0.8767,0.3646,0.5695,0.6350,0.4998,0.6350,0.4302,0.0942,0.2458,0.2991,0.4302,0.0574,0.0164,0.0164,0.0369,0.4030,0.6195,,0.2165,,71.55,,,159.1,,0.072,
1791427950.81107,0.3646,0.4302,0.5695,0.1557,0.2991,0.7538,0.4998,0.5695,0.5695,0.0942,0.2991,0.2991,0.4302,0.0246,0.0574,0.0369,0.0410,0.4030,0.6235,,0.2205,,71.66,,,158.9,,0.072,
1791427950.8428435,0.4998,0.6350,0.9054,0.5695,0.2991,0.5695,0.2991,0.5695,0.5695,0.1557,0.3646,0.1966,0.4302,0.0574,0.0369,0.0369,0.0369,0.4030,,,,,71.66,,,158.9,,,
1791427950.8763678,0.2991,0.7538,0.8767,0.4998,0.6350,0.5695,0.5695,0.5695,0.2991,0.0369,0.0737,0.1229,0.4302,0.0574,0.0737,0.0574,0.0574,,0.6230,,,,71.66,,,158.7,,0.072,
1791427950.9163308,0.6350,0.7538,0.8440,0.1966,0.6350,0.7006,0.4998,0.6350,0.4302,0.0737,0.2458,0.1966,0.4998,0.0410,0.0164,0.0369,0.0574,0.4030,0.6230,,0.2200,,71.72,,,159.1,,0.072,
1791427950.9482584,0.5695,0.7006,0.6350,0.2991,0.4998,0.7538,0.4998,0.4998,0.4302,0.0205,0.2991,0.3646,0.4302,0.0410,0.0205,0.0369,0.0410,0.4030,0.6220,,0.2190,,71.89,,,159.3,0.789,0.071,
1791427950.9781094,0.4998,0.7006,0.4302,0.4302,0.4998,0.4998,0.5695,0.5695,0.4998,0.0205,0.1966,0.3646,0.1557,0.0246,0.0205,0.0574,0.0410,0.4030,0.6225,,0.2195,,71.91,,,153.4,,0.071,
1791427951.010235,0.6350,0.6350,0.7538,0.5695,0.4998,0.6350,0.4998,0.5695,0.6350,0.0942,0.2991,0.1557,0.1557,0.0737,0.0205,0.0369,0.0410,0.4030,0.6190,,0.2160,,72.15,,,155.1,,0.070,
1791427951.0432913,0.5695,0.6350,0.7006,0.4998,0.6350,0.7538,0.4998,0.5695,0.4302,0.0942,0.0942,0.2991,0.2991,0.0410,0.0410,0.0410,0.0369,0.4040,0.6210,,0.2170,,72.58,,,154.9,,0.068,
1791427951.0787735,0.6350,0.6350,0.8440,0.4998,0.7006,0.8030,0.3646,0.6350,0.4302,0.1557,0.2458,0.2458,0.1229,0.0574,0.0164,0.0410,0.0369,0.4040,0.6180,,0.2140,,72.89,,,156.6,,0.067,
1791427951.1096325,0.7006,0.8030,0.7538,0.2458,0.7006,0.6350,0.4302,0.6350,0.2991,0.0737,0.1557,0.2458,0.1229,0.0574,0.0410,0.0369,0.0410,0.4030,0.6230,,0.2200,,72.87,,,157.0,,0.067,
1791427951.1438203,0.2458,0.7006,0.8030,0.2991,0.6350,0.7006,0.4302,0.4998,0.4998,0.0942,0.0574,0.2458,0.1966,0.0410,0.0574,0.0369,0.0369,,0.6235,,,,72.87,,,157.5,,0.067,
1791427951.184574,0.4302,0.5695,0.7538,0.2458,0.6350,0.5695,0.6350,0.6350,0.4998,0.0942,0.1557,0.2991,0.4302,0.0369,0.0164,0.0205,0.0410,0.4030,0.6210,,0.2180,,73.29,,,157.5,,0.065,
1791427951.2135777,0.4302,0.7538,0.7538,0.4998,0.5695,0.7006,0.2991,0.4998,0.3646,0.0737,0.0737,0.1557,0.1229,0.0164,0.0246,0.0369,0.0574,0.4030,,,,,73.29,,,157.5,,,
1791427951.2469091,0.2458,0.6350,0.4998,0.1966,0.5695,0.7006,0.3646,0.7006,0.5695,0.0369,0.2458,0.1966,0.0942,0.0410,0.0410,0.0164,0.0369,,0.6230,,,,73.29,,,158.2,,0.065,
1791427951.2773964,0.8440,0.7538,0.8440,0.1966,0.4998,0.6350,0.3646,0.6350,0.5695,0.0737,0.2458,0.1557,0.1557,0.0410,0.0410,0.0369,0.0205,0.4030,0.6230,,0.2200,,73.08,,,,,0.066,
1791427951.3104448,0.2458,0.6350,0.7538,0.1966,0.6350,0.7538,0.6350,0.4302,0.5695,0.0942,0.1966,0.2991,0.1966,0.0205,0.0246,0.0410,0.0574,,0.6225,,,,73.08,,,,,0.066,
1791427951.34315,0.1966,0.7006,0.7538,0.4302,0.6350,0.7538,0.3646,0.4998,0.4998,0.0942,0.4998,0.1557,0.4998,0.0410,0.0369,0.0574,0.0942,,0.6210,,,,73.08,,,158.3,,0.066,
1791427951.3774235,0.6350,0.7006,0.7006,0.4302,0.6350,0.7538,0.2991,0.6350,0.4302,0.0574,0.0574,0.1557,0.1557,0.0205,0.0164,0.0369,0.0369,0.4030,,,,,73.08,,,158.3,,,
1791427951.4106636,0.4998,0.6350,0.8767,0.4998,0.3646,0.7006,0.5695,0.6350,0.5695,0.0737,0.4998,0.1557,0.1229,0.0246,0.0205,0.0246,0.0574,0.4030,0.6230,,0.2200,,72.49,,,158.6,,0.069,1.524
1791427951.445072,0.1966,0.7006,0.8030,0.1966,0.5695,0.5695,0.4302,0.4302,0.3646,0.0410,0.2458,0.1966,0.4302,0.0246,0.0246,0.0410,0.0737,,0.6215,,,,72.49,,,158.7,,0.069,
1791427951.4827592,0.7006,0.8440,0.8030,0.2458,0.6350,0.7538,0.4302,0.4998,0.6350,0.1229,0.0737,0.1557,0.4302,0.0574,0.0369,0.0369,0.0410,0.4030,0.6220,,0.2190,,72.12,,,157.3,,0.071,
1791427951.514416,0.5695,0.7006,0.6350,0.7006,0.5695,0.5695,0.4302,0.5695,0.4998,0.2458,0.2991,0.2458,0.3646,0.0574,0.0123,0.0574,0.0410,0.4030,0.6210,,0.2180,,72.35,,,157.6,,0.070,
1791427951.5469005,0.4302,0.7006,0.8767,0.1966,0.5695,0.7006,0.3646,0.5695,0.5695,0.1966,0.2991,0.1966,0.4302,0.0205,0.0123,0.0369,0.0410,0.4030,0.6210,,0.2180,,72.10,,,158.3,,0.071,
1791427951.577601,0.7006,0.7006,0.7006,0.2991,0.5695,0.6350,0.7538,0.6350,0.6350,0.1229,0.2991,0.4302,0.1557,0.0369,0.0942,0.0369,0.0574,0.4030,0.6210,,0.2180,,72.10,,,158.3,,0.071,
1791427951.6107643,0.7006,0.5695,0.7538,0.4302,0.5695,0.6350,0.5695,0.4998,0.3646,0.0574,0.2991,0.1966,0.2458,0.0205,0.0246,0.0410,0.0574,0.4030,0.6215,,0.2185,,72.01,,,158.6,,0.071,
1791427951.644337,0.6350,0.7538,0.7006,0.1557,0.4998,0.7006,0.4302,0.6350,0.4302,0.0942,0.0942,0.1966,0.2991,0.0410,0.0574,0.0369,0.0737,0.4030,0.6230,,0.2200,,71.61,,,158.0,,0.073,
1791427951.6782725,0.7538,0.4302,0.8440,0.4998,0.7006,0.7006,0.4302,0.7006,0.4302,0.0574,0.2991,0.2458,0.3646,0.0246,0.0410,0.0369,0.0574,0.4030,0.6220,,0.2190,,71.44,,,157.5,,0.073,
1791427951.7110772,0.5695,0.6350,0.6350,0.4302,0.5695,0.4998,0.6350,0.4998,0.4998,0.0574,0.0737,0.3646,0.4302,0.0246,0.0246,0.0410,0.0574,0.4030,0.6230,,0.2200,,71.63,,,156.1,0.821,0.073,
1791427951.7506244,0.7006,0.4302,0.2991,0.4302,0.5695,0.6350,0.2458,0.4998,0.5695,0.0737,0.2458,0.2991,0.1229,0.0369,0.0205,0.0410,0.0574,0.4030,,,,,71.63,,,156.1,,,
1791427951.7824128,0.7538,0.7006,0.8440,0.4302,0.5695,0.6350,0.4998,0.6350,0.4302,0.0737,0.1557,0.1966,0.2991,0.0737,0.0246,0.0574,0.0737,0.4030,0.6210,,0.2180,,71.38,,,156.7,,0.074,
1791427951.8138125,0.6350,0.5695,0.4998,0.6350,0.1966,0.5695,0.4302,0.4998,0.4998,0.0942,0.2991,0.2991,0.4998,0.0410,0.0205,0.0369,0.0737,0.4030,0.6205,,0.2175,,71.35,,,156.8,,0.074,
1791427951.8453965,0.7538,0.6350,0.6350,0.3646,0.5695,0.5695,0.4302,0.6350,0.4998,0.0574,0.0574,0.2458,0.4998,0.0369,0.0205,0.0410,0.0410,0.4030,0.6230,,0.2200,,71.23,,,156.2,,0.074,
1791427951.8784964,0.4998,0.6350,0.7538,0.3646,0.2991,0.8030,0.4998,0.7006,0.4302,0.0737,0.3646,0.4302,0.3646,0.0246,0.0737,0.0410,0.0574,0.4030,0.6240,,0.2210,,71.00,,,156.5,0.773,0.075,1.488
1791427951.9120257,0.4302,0.5695,0.7006,0.4302,0.6350,0.7006,0.4998,0.6350,0.4998,0.0410,0.3646,0.2991,0.1966,0.0205,0.0123,0.0369,0.0574,0.4030,0.6215,,0.2185,,70.69,,,156.7,,0.077,1.621
1791427951.9444294,0.2991,0.7006,0.8767,0.4998,0.3646,0.7006,0.5695,0.4998,0.4302,0.0369,0.0942,0.2991,0.1557,0.0737,0.0164,0.0574,0.0737,,0.6240,,,,70.69,,,156.3,,0.077,
1791427951.9782429,0.4998,0.7006,0.7538,0.3646,0.7006,0.6350,0.5695,0.7538,0.6350,0.0574,0.0942,0.0942,0.2458,0.0574,0.0123,0.0369,0.0574,0.4030,0.6225,,0.2195,,69.98,,,155.5,,0.080,
1791427952.0111465,0.7006,0.5695,0.7538,0.4302,0.1966,0.7006,0.2991,0.5695,0.5695,0.0574,0.1966,0.4302,0.4302,0.0737,0.0574,0.0410,0.0942,0.4040,,,,,69.98,,,155.5,,,
1791427952.0445054,0.5695,0.6350,0.7006,0.4998,0.2991,0.7006,0.4998,0.4998,0.4998,0.0574,0.2991,0.1557,0.4302,0.0737,0.0574,0.0410,0.0574,0.4030,0.6210,,0.2180,,70.30,,,155.2,,0.078,
1791427952.083849,0.8030,0.7006,0.8767,0.4302,0.5695,0.7538,0.3646,0.7006,0.4998,0.0369,0.2991,0.1966,0.1229,0.0410,0.0369,0.0369,0.0410,0.4030,0.6215,,0.2185,,70.65,,,156.3,,0.077,
1791427952.1154747,0.7538,0.6350,0.7538,0.4998,0.7006,0.7538,0.3646,0.5695,0.4302,0.0942,0.3646,0.2458,0.3646,0.0410,0.0205,0.0410,0.0574,0.4030,0.6205,,0.2175,,71.31,,,157.7,,0.074,1.535
1791427952.1469822,0.5695,0.7538,0.6350,0.2458,0.4998,0.4998,0.4998,0.6350,0.5695,0.0737,0.2991,0.2458,0.1229,0.0246,0.0410,0.0369,0.0737,0.4030,0.6215,,0.2185,,71.43,,,158.3,,0.073,
1791427952.1785553,0.7006,0.4302,0.8440,0.4998,0.2991,0.6350,0.5695,0.5695,0.3646,0.0369,0.2991,0.1966,0.2991,0.0164,0.0164,0.0164,0.0574,0.4030,0.6230,,0.2200,,71.69,,,158.7,,0.072,
1791427952.2116382,0.7006,0.8030,0.7538,0.3646,0.6350,0.7006,0.6350,0.6350,0.5695,0.0942,0.2991,0.2991,0.4302,0.0574,0.0246,0.0410,0.0574,0.4030,0.6230,,0.2200,,71.37,,,151.9,,0.074,
1791427952.2449677,0.7006,0.6350,0.7538,0.4998,0.7538,0.7006,0.4998,0.7538,0.4302,0.0737,0.2991,0.2458,0.1229,0.0574,0.0164,0.0574,0.0942,0.4030,0.6235,,0.2205,,71.22,,,153.6,,0.075,
1791427952.2781453,0.4998,0.6350,0.4998,0.4998,0.7006,0.7006,0.3646,0.5695,0.6350,0.0410,0.2458,0.3646,0.1557,0.0574,0.0164,0.0369,0.0574,0.4030,0.6225,,0.2195,,71.65,,,155.1,,0.073,
1791427952.3115227,0.3646,0.7538,0.7006,0.4302,0.4998,0.7006,0.6350,0.4302,0.4998,0.0737,0.0574,0.1966,0.1229,0.0205,0.0737,0.0410,0.0574,0.4040,0.6225,,0.2185,,71.65,,,153.9,,0.073,
1791427952.3449483,0.2458,0.5695,0.5695,0.4998,0.6350,0.7006,0.5695,0.4998,0.2458,0.0574,0.2991,0.1557,0.3646,0.0574,0.0410,0.0369,0.0410,,0.6225,,,,71.65,,,154.5,,0.073,
1791427952.3853784,0.5695,0.7006,0.8440,0.3646,0.5695,0.6350,0.5695,0.4998,0.5695,0.0942,0.4302,0.1557,0.2991,0.0246,0.0410,0.0369,0.0737,0.4030,0.6230,,0.2200,,71.36,,,149.7,,0.074,1.633
1791427952.4161186,0.6350,0.6350,0.8030,0.2458,0.4998,0.7006,0.2991,0.7006,0.4998,0.1229,0.1966,0.1966,0.4302,0.0410,0.0123,0.0369,0.0410,0.4030,,,,,71.36,,,149.7,,,
1791427952.447291,0.8030,0.4998,0.8440,0.5695,0.3646,0.8030,0.7006,0.7006,0.7006,0.0574,0.1966,0.4302,0.4998,0.0942,0.0369,0.0369,0.0574,0.4030,0.6255,,0.2225,,71.35,,,150.0,0.761,0.074,
1791427952.4789238,0.2458,0.7006,0.7538,0.4998,0.5695,0.7006,0.2458,0.5695,0.7006,0.1229,0.3646,0.1229,0.4302,0.0246,0.0574,0.0410,0.0574,,,,,,71.35,,,150.0,,,
1791427952.5118296,0.7006,0.6350,0.8767,0.4302,0.2991,0.5695,0.4302,0.7538,0.4302,0.0369,0.0574,0.1966,0.2458,0.0205,0.0369,0.0369,0.0410,0.4050,0.6220,,0.2170,,71.27,,,150.0,,0.074,
1791427952.5450757,0.1966,0.6350,0.6350,0.2458,0.6350,0.7006,0.1966,0.5695,0.4302,0.0737,0.3646,0.2991,0.4302,0.0369,0.0369,0.0410,0.0574,,,,,,71.27,,,150.0,,,
1791427952.578707,0.4998,0.6350,0.8440,0.5695,0.4998,0.7006,0.4302,0.4998,0.4998,0.0369,0.2458,0.1966,0.1557,0.0164,0.0369,0.0410,0.0737,0.4030,0.6225,,0.2195,,71.29,,,151.7,,0.074,
1791427952.6119819,0.3646,0.5695,0.6350,0.5695,0.6350,0.7006,0.7006,0.7006,0.4302,0.1229,0.2458,0.2991,0.1229,0.0737,0.0410,0.0369,0.0410,0.4080,0.6180,,0.2100,,71.77,,,152.6,,0.072,
1791427952.6527598,0.6350,0.2991,0.9259,0.3646,0.6350,0.7006,0.4998,0.6350,0.4998,0.1229,0.3646,0.1966,0.4302,0.0737,0.0123,0.0410,0.0369,0.4030,0.6230,,0.2200,,71.61,,,153.8,,0.072,1.646
1791427952.684301,0.4302,0.7538,0.8030,0.4302,0.2991,0.7538,0.4302,0.4998,0.6350,0.1557,0.2458,0.1966,0.1229,0.0574,0.0369,0.0410,0.0369,0.4050,0.6220,,0.2170,,71.88,,,146.2,,0.071,
1791427952.7155445,0.4302,0.4998,0.7006,0.3646,0.4302,0.6350,0.4998,0.5695,0.4302,0.0574,0.2991,0.2458,0.1229,0.0369,0.0164,0.0246,0.0369,0.4030,0.6230,,0.2200,,72.18,,,147.6,,0.070,
1791427952.7463484,0.2458,0.7006,0.8030,0.4302,0.4998,0.7538,0.4302,0.5695,0.4998,0.0942,0.1557,0.3646,0.4302,0.0246,0.0246,0.0410,0.0369,,0.6195,,,,72.18,,,149.2,0.872,0.070,
1791427952.7791085,0.3646,0.3646,0.6350,0.2991,0.5695,0.7538,0.4998,0.5695,0.4998,0.0574,0.2458,0.2458,0.3646,0.0369,0.0246,0.0369,0.0410,0.4050,0.6230,,0.2180,,72.73,,,149.1,,0.068,
1791427952.8124208,0.5695,0.7006,0.7538,0.1229,0.7538,0.7538,0.4302,0.6350,0.7006,0.1557,0.0942,0.1966,0.4302,0.0369,0.0246,0.0574,0.0737,0.4030,0.6195,,0.2165,,72.97,,,148.4,,0.067,
1791427952.8452468,0.7538,0.4998,0.7538,0.3646,0.6350,0.7538,0.3646,0.6350,0.4302,0.0942,0.2458,0.3646,0.2991,0.0737,0.0574,0.0369,0.0369,0.4030,0.6215,,0.2185,,72.17,,,149.0,,0.070,
1791427952.8789742,0.3646,0.7006,0.6350,0.2991,0.4998,0.4998,0.2991,0.7006,0.6350,0.0574,0.1966,0.2458,0.2991,0.0246,0.0164,0.0369,0.0574,0.4030,,,,,72.17,,,149.0,,,
1791427952.91339,0.4998,0.5695,0.7538,0.2991,0.2458,0.6350,0.5695,0.4302,0.4302,0.1966,0.1966,0.1966,0.4998,0.0574,0.0410,0.0369,0.0574,0.4030,0.6215,,0.2185,,72.58,,,151.0,,0.068,
1791427952.9514182,0.7006,0.5695,0.8767,0.5695,0.6350,0.7006,0.4998,0.4998,0.6350,0.0410,0.2458,0.2991,0.4998,0.0246,0.0164,0.0369,0.0410,0.4030,0.6235,,0.2205,,72.30,,,151.5,,0.070,
1791427952.9836442,0.7538,0.5695,0.7538,0.4302,0.5695,0.6350,0.7006,0.5695,0.6350,0.1229,0.1966,0.1557,0.3646,0.0205,0.0369,0.0410,0.0410,0.4030,0.6225,,0.2195,,72.40,,,143.4,,0.069,
1791427953.0144374,0.3646,0.7006,0.7538,0.1229,0.2458,0.6350,0.2458,0.7538,0.4302,0.1557,0.2991,0.2458,0.1557,0.0574,0.0410,0.0369,0.0410,0.4030,,,,,72.40,,,143.4,,,
1791427953.0471163,0.4998,0.8030,0.8030,0.2458,0.5695,0.7006,0.4998,0.4998,0.5695,0.1557,0.4302,0.3646,0.3646,0.0369,0.0205,0.0574,0.0737,0.4030,0.6220,,0.2190,,72.14,,,147.8,0.839,0.071,1.613
1791427953.079232,0.5695,0.7538,0.8767,0.2991,0.6350,0.7006,0.6350,0.6350,0.4302,0.0737,0.0942,0.2991,0.4998,0.0369,0.0164,0.0410,0.0574,0.4030,0.6205,,0.2175,,71.90,,,149.9,,0.071,
1791427953.1130753,0.5695,0.4998,0.7006,0.3646,0.7006,0.7006,0.4302,0.5695,0.6350,0.0942,0.2458,0.1557,0.2458,0.0246,0.0246,0.0369,0.0410,0.4030,0.6205,,0.2175,,71.40,,,151.4,,0.073,
1791427953.1456964,0.3646,0.6350,0.5695,0.5695,0.5695,0.7006,0.4302,0.5695,0.3646,0.0942,0.1557,0.2991,0.1966,0.0410,0.0164,0.0369,0.0410,0.4050,0.6200,,0.2150,,71.75,,,145.1,,0.072,
1791427953.1791542,0.4302,0.6350,0.6350,0.5695,0.4998,0.7006,0.4998,0.6350,0.4998,0.0410,0.1966,0.1557,0.0942,0.0246,0.0574,0.0410,0.0737,0.4030,0.6220,,0.2190,,71.92,,,147.7,,0.071,
1791427953.2124038,0.7006,0.6350,0.3646,0.4998,0.5695,0.5695,0.5695,0.6350,0.4998,0.0369,0.1557,0.1966,0.1557,0.0369,0.0369,0.0369,0.0737,0.4030,0.6225,,0.2195,,72.09,,,149.0,,0.071,
1791427953.251543,0.5695,0.4302,0.6350,0.5695,0.6350,0.4302,0.4998,0.5695,0.4302,0.0410,0.4998,0.1966,0.3646,0.0574,0.0205,0.0574,0.0737,0.4030,0.6200,,0.2170,,71.50,,,148.7,,0.073,1.357
1791427953.2830567,0.7006,0.5695,0.5695,0.4998,0.5695,0.7538,0.4302,0.6350,0.5695,0.0942,0.2991,0.2458,0.1229,0.0410,0.0369,0.0410,0.0737,0.4030,0.6200,,0.2170,,71.37,,,152.9,,0.073,
1791427953.3149126,0.1229,0.4302,0.4302,0.3646,0.4998,0.7006,0.3646,0.6350,0.5695,0.2458,0.1557,0.1966,0.4998,0.0737,0.0123,0.0246,0.0737,,0.6230,,,,71.37,,,154.8,,0.073,
1791427953.3462126,0.4998,0.5695,0.5695,0.1966,0.5695,0.4998,0.7538,0.4302,0.2991,0.0574,0.2991,0.2991,0.2458,0.0369,0.0164,0.0369,0.0574,0.4030,0.6210,,0.2180,,71.04,,,144.4,,0.075,
1791427953.379821,0.4302,0.6350,0.7538,0.4302,0.7538,0.6350,0.4998,0.6350,0.2458,0.0574,0.2991,0.1229,0.3646,0.0410,0.0246,0.0410,0.0369,0.4030,0.6200,,0.2170,,70.67,,,151.1,,0.076,
1791427953.4133987,0.1557,0.5695,0.7538,0.4302,0.6350,0.4998,0.4302,0.5695,0.4302,0.0246,0.1557,0.1966,0.2991,0.0574,0.0410,0.0574,0.0574,,0.6225,,,,70.67,,,153.2,,0.076,
1791427953.4468129,0.4302,0.7538,0.6350,0.4998,0.4998,0.7538,0.5695,0.6350,0.5695,0.0410,0.0410,0.1557,0.4998,0.0574,0.0246,0.0410,0.0737,0.4030,0.6215,,0.2185,,71.13,,,149.8,,0.074,
1791427953.4799087,0.7006,0.4302,0.7006,0.6350,0.5695,0.7538,0.4302,0.6350,0.4998,0.0574,0.3646,0.1557,0.1229,0.0410,0.0574,0.0369,0.0410,0.4030,0.6230,,0.2200,,71.54,,,152.9,,0.073,1.583
1791427953.5211196,0.4998,0.4302,0.7006,0.1966,0.4998,0.6350,0.4302,0.6350,0.5695,0.0369,0.2991,0.1966,0.1229,0.0369,0.0369,0.0369,0.0737,0.4030,0.6235,,0.2205,,71.89,,,154.6,,0.072,
1791427953.551572,0.5695,0.6350,0.7006,0.4998,0.6350,0.8030,0.6350,0.6350,0.4302,0.0369,0.2991,0.1229,0.4998,0.0737,0.0737,0.0369,0.0574,0.4030,0.6230,,0.2200,,71.79,,,155.2,,0.072,
1791427953.5832956,0.2991,0.1966,0.6350,0.4302,0.1966,0.6350,0.4998,0.5695,0.4302,0.0369,0.2458,0.1557,0.4302,0.0410,0.0369,0.0410,0.0369,,0.6225,,,,71.79,,,155.6,,0.072,
1791427953.6142876,0.2991,0.2458,0.6350,0.3646,0.4998,0.5695,0.4998,0.5695,0.4998,0.0246,0.3646,0.1966,0.1966,0.0574,0.0164,0.0942,0.0942,,0.6230,,,,71.79,,,157.5,,0.072,
1791427953.647468,0.2991,0.7006,0.8030,0.4302,0.5695,0.6350,0.4302,0.6350,0.4302,0.0942,0.0574,0.1229,0.2991,0.0410,0.0369,0.0369,0.0737,,0.6225,,,,71.79,,,156.4,,0.072,
1791427953.6799374,0.4998,0.5695,0.6350,0.4998,0.5695,0.5695,0.5695,0.5695,0.4302,0.0369,0.4302,0.1229,0.4302,0.0369,0.0164,0.0410,0.0369,0.4030,0.6225,,0.2195,,71.87,,,157.3,,0.072,1.476
1791427953.7138278,0.6350,0.5695,0.6350,0.4302,0.1966,0.7538,0.4998,0.4302,0.7006,0.0410,0.2991,0.2991,0.3646,0.0410,0.0123,0.0410,0.0574,0.4030,0.6215,,0.2185,,71.57,,,158.6,,0.073,
1791427953.7473607,0.4302,0.3646,0.7006,0.3646,0.4302,0.7006,0.4302,0.5695,0.5695,0.0369,0.2991,0.2991,0.1966,0.0942,0.0164,0.0369,0.0737,0.4030,0.6215,,0.2185,,72.10,,,159.0,,0.071,
1791427953.7810059,0.5695,0.5695,0.7538,0.2458,0.4998,0.7538,0.4998,0.4998,0.4302,0.0369,0.2458,0.2458,0.3646,0.0246,0.0164,0.0369,0.0574,0.4080,0.6225,,0.2145,,72.08,,,153.2,,0.071,
1791427953.8201346,0.3646,0.2991,0.4998,0.4998,0.6350,0.7006,0.2991,0.5695,0.5695,0.0410,0.2458,0.4302,0.5695,0.0369,0.0205,0.0369,0.0410,0.4030,,,,,72.08,,,153.2,,,
1791427953.8521461,0.4998,0.4998,0.5695,0.2458,0.4302,0.7006,0.7006,0.6350,0.7006,0.1557,0.0574,0.2458,0.4302,0.0369,0.0410,0.0205,0.0410,0.4030,0.6215,,0.2185,,72.22,,,149.8,,0.070,
1791427953.8827548,0.5695,0.3646,0.7538,0.3646,0.6350,0.7538,0.4998,0.4998,0.5695,0.0574,0.0574,0.1557,0.4998,0.0369,0.0574,0.0369,0.0369,0.4030,0.6210,,0.2180,,72.12,,,153.1,,0.070,
1791427953.9158096,0.5695,0.3646,0.7538,0.4998,0.6350,0.7538,0.2991,0.6350,0.5695,0.0410,0.0737,0.2991,0.4302,0.0737,0.0369,0.0410,0.0574,0.4030,,,,,72.12,,,153.1,,,
1791427953.9477692,0.4302,0.4302,0.6350,0.4302,0.5695,0.7006,0.3646,0.7006,0.5695,0.0942,0.1229,0.1966,0.4302,0.0205,0.0369,0.0574,0.1229,0.4030,0.6235,,0.2205,,71.74,,,153.0,,0.072,
1791427953.9800518,0.2991,0.6350,0.7538,0.3646,0.6350,0.7538,0.7006,0.5695,0.6350,0.1966,0.2991,0.3646,0.3646,0.0410,0.0246,0.0574,0.0574,,0.6225,,,,71.74,,,154.3,0.842,0.072,
1791427954.0151532,0.4302,0.8440,0.4998,0.4998,0.4998,0.8030,0.4998,0.4998,0.4302,0.1229,0.3646,0.3646,0.1966,0.0410,0.0574,0.0369,0.0410,0.4110,0.6235,,0.2125,,72.04,,,156.5,,0.070,1.615
1791427954.0474942,0.4998,0.4998,0.7538,0.4998,0.4998,0.5695,0.7006,0.6350,0.4998,0.0574,0.2458,0.2458,0.3646,0.0574,0.0246,0.0410,0.0737,0.4030,0.6200,,0.2170,,71.44,,,157.7,,0.073,
1791427954.0809112,0.1966,0.4998,0.4998,0.4998,0.6350,0.6350,0.4998,0.7538,0.4998,0.1229,0.4302,0.1966,0.1557,0.0246,0.0369,0.0737,0.0737,,0.6240,,,,71.44,,,158.8,,0.073,
1791427954.114133,0.2991,0.5695,0.8030,0.4998,0.6350,0.6350,0.2991,0.7538,0.3646,0.0410,0.2991,0.2458,0.0942,0.0246,0.0164,0.0410,0.0574,,,,,,71.44,,,158.8,,,
1791427954.1537385,0.4302,0.7006,0.5695,0.5695,0.4998,0.7006,0.3646,0.5695,0.6350,0.0737,0.1557,0.2991,0.2991,0.0942,0.0123,0.0410,0.0574,0.4030,0.6235,,0.2205,,71.54,,,158.3,,0.073,
1791427954.1855605,0.5695,0.6350,0.7006,0.4998,0.7006,0.6350,0.4302,0.7538,0.5695,0.0369,0.0410,0.2991,0.0942,0.0205,0.0164,0.0737,0.0574,0.4060,0.6220,,0.2160,,71.31,,,157.4,,0.074,
1791427954.217208,0.4998,0.4998,0.5695,0.5695,0.4302,0.6350,0.4998,0.6350,0.4302,0.0410,0.2991,0.2458,0.2458,0.0246,0.0737,0.0246,0.0246,0.4030,0.6215,,0.2185,,71.76,,,158.5,,0.072,
1791427954.2482877,0.1557,0.6350,0.7538,0.4998,0.2991,0.7006,0.5695,0.7538,0.4998,0.0369,0.0737,0.1966,0.0942,0.0246,0.0246,0.0369,0.0942,,0.6230,,,,71.76,,,155.4,,0.072,
1791427954.2797577,0.2458,0.7006,0.7538,0.4998,0.1557,0.7006,0.2458,0.7006,0.4998,0.0410,0.0737,0.3646,0.4302,0.0246,0.0164,0.0369,0.0737,,,,,,71.76,,,155.4,,,
1791427954.314367,0.6350,0.5695,0.8030,0.4302,0.6350,0.7006,0.3646,0.4302,0.5695,0.0369,0.2991,0.1557,0.4302,0.0410,0.0737,0.0574,0.0574,0.4030,0.6230,,0.2200,,72.19,,,156.9,,0.070,
1791427954.347914,0.4998,0.6350,0.7538,0.4302,0.5695,0.7006,0.4302,0.5695,0.4998,0.0574,0.3646,0.2458,0.2991,0.0574,0.0737,0.0574,0.0737,0.4030,0.6235,,0.2205,,71.76,,,157.7,,0.072,1.563
1791427954.3813775,0.4998,0.3646,0.7006,0.3646,0.5695,0.5695,0.4302,0.5695,0.3646,0.0574,0.1229,0.2458,0.2458,0.0574,0.0737,0.0574,0.0737,0.4030,0.6220,,0.2190,,71.60,,,157.7,,0.073,
1791427954.4220812,0.4998,0.4302,0.4998,0.3646,0.5695,0.8030,0.4998,0.4302,0.7006,0.0574,0.3646,0.2458,0.1229,0.0574,0.0164,0.0369,0.0410,0.4030,0.6220,,0.2190,,71.42,,,158.3,,0.074,1.576
1791427954.4526918,0.4998,0.3646,0.4998,0.3646,0.1966,0.7538,0.7006,0.5695,0.3646,0.0410,0.1557,0.3646,0.1966,0.0574,0.0205,0.0410,0.0574,0.4030,0.6220,,0.2190,,71.44,,,158.8,,0.073,
1791427954.4844532,0.3646,0.4998,0.6350,0.4302,0.6350,0.7538,0.4302,0.7006,0.4998,0.0942,0.4302,0.1966,0.1229,0.0410,0.0410,0.0369,0.0369,0.4030,0.6225,,0.2195,,72.21,,,158.9,,0.070,1.469
1791427954.5165427,0.2458,0.4998,0.7538,0.3646,0.4302,0.4998,0.4998,0.4998,0.4302,0.0942,0.2458,0.1966,0.1557,0.0410,0.0246,0.0369,0.0574,,0.6230,,,,72.21,,,159.1,,0.070,
1791427954.5474288,0.1966,0.5695,0.7006,0.4302,0.2458,0.6350,0.7538,0.7006,0.3646,0.0942,0.2991,0.2458,0.1557,0.0574,0.0164,0.0369,0.0574,,0.6215,,,,72.21,,,152.1,,0.070,
1791427954.5817063,0.2458,0.6350,0.6350,0.4998,0.5695,0.7006,0.6350,0.4302,0.4998,0.1557,0.2458,0.1557,0.3646,0.0205,0.0369,0.0574,0.0369,,0.6235,,,,72.21,,,154.7,,0.070,
1791427954.615968,0.5695,0.3646,0.4998,0.5695,0.7006,0.6350,0.4998,0.7006,0.4302,0.0246,0.1966,0.2991,0.2458,0.0369,0.0164,0.0369,0.0574,0.4060,0.6225,,0.2165,,71.85,,,156.5,,0.072,
