timestamp,nose_score,left_eye_score,right_eye_score,left_ear_score,right_ear_score,left_shoulder_score,right_shoulder_score,left_elbow_score,right_elbow_score,left_wrist_score,right_wrist_score,left_hip_score,right_hip_score,left_knee_score,right_knee_score,left_ankle_score,right_ankle_score,head_depth_m,chest_depth_m,hip_depth_m,neck_forward_offset_m,torso_recline_offset_m,head_forward_deg,torso_pitch_deg,elbow_left_deg,elbow_right_deg,torso_len_sw,head_up_m,wrist_face_sw
1791428903.783299,0.7006,0.5695,0.7538,0.6350,0.4998,0.7006,0.5695,0.7538,0.4998,0.4302,0.1557,0.4998,0.4998,0.0574,0.0737,0.0410,0.0737,0.6620,0.7645,,0.1025,,31.97,-16.72,173.2,162.5,1.101,0.174,1.781
1791428903.8153117,0.7538,0.3646,0.7538,0.6350,0.4998,0.6350,0.8030,0.6350,0.6350,0.4302,0.4302,0.4998,0.5695,0.0410,0.0410,0.0369,0.0574,0.6570,0.7645,,0.1075,,32.15,-16.84,172.7,161.5,1.054,0.172,1.637
1791428903.8483763,0.4302,0.4998,0.8030,0.5695,0.4998,0.6350,0.4302,0.4302,0.4302,0.2991,0.3646,0.4998,0.5695,0.0369,0.0574,0.0410,0.0574,0.6570,0.7695,,0.1125,,32.39,-16.72,172.6,161.8,1.172,0.172,1.870
1791428903.882068,0.5695,0.5695,0.8767,0.4998,0.4302,0.7006,0.6350,0.4998,0.6350,0.1557,0.0942,0.3646,0.4998,0.0410,0.0246,0.0574,0.0574,0.6590,0.7685,,0.1095,,32.87,-16.88,171.8,162.1,1.073,0.169,
1791428903.9159803,0.6350,0.4302,0.7538,0.4998,0.5695,0.5695,0.4998,0.6350,0.7538,0.2991,0.5695,0.4998,0.4998,0.0369,0.0123,0.0369,0.0410,0.6590,0.7725,,0.1135,,32.77,-16.73,172.1,161.9,1.204,0.171,1.944
1791428903.9564922,0.6350,0.6350,0.7006,0.6350,0.4302,0.7538,0.7006,0.5695,0.6350,0.5695,0.7006,0.5695,0.5695,0.0369,0.0246,0.0369,0.0369,0.6560,0.7720,0.6330,0.1160,-0.1390,33.05,-16.69,172.5,163.1,1.173,0.171,1.819
1791428903.9882646,0.4998,0.6350,0.2458,0.5695,0.4302,0.5695,0.6350,0.6350,0.4302,0.3646,0.4998,0.3646,0.5695,0.0369,0.0369,0.0410,0.0574,0.6580,0.7735,,0.1155,,33.45,-16.83,172.1,163.1,1.121,0.170,1.752
1791428904.020784,0.5695,0.8440,0.5695,0.4302,0.5695,0.5695,0.4998,0.5695,0.5695,0.2991,0.1557,0.4302,0.5695,0.0205,0.0205,0.0410,0.0369,0.6610,0.7685,,0.1075,,32.92,-16.66,171.9,162.7,1.183,0.172,
1791428904.0519776,0.4998,0.6350,0.8440,0.7006,0.4302,0.4998,0.7006,0.2991,0.5695,0.4998,0.4998,0.5695,0.6350,0.0737,0.0574,0.0737,0.0574,0.6560,0.7680,0.6360,0.1120,-0.1320,32.74,-16.64,173.8,163.4,1.112,0.173,1.751
1791428904.0829992,0.4998,0.6350,0.4302,0.5695,0.4302,0.6350,0.4302,0.4998,0.6350,0.4998,0.2458,0.4302,0.5695,0.0369,0.0410,0.0369,0.0574,0.6560,0.7705,,0.1145,,33.14,-16.64,173.1,163.0,1.147,0.171,1.789
1791428904.1158767,0.7006,0.6350,0.7538,0.4998,0.4998,0.7006,0.6350,0.7538,0.7538,0.3646,0.2991,0.4998,0.6350,0.0369,0.0410,0.0369,0.0369,0.6550,0.7685,,0.1135,,33.62,-16.72,172.7,162.7,1.099,0.169,1.684
1791428904.1492977,0.6350,0.6350,0.8030,0.4998,0.5695,0.6350,0.7538,0.7006,0.5695,0.5695,0.1966,0.5695,0.5695,0.0574,0.0737,0.0574,0.0410,0.6550,0.7680,0.6320,0.1130,-0.1360,33.68,-16.80,172.8,162.4,1.103,0.169,1.743
1791428904.182804,0.4998,0.7006,0.8767,0.7006,0.4302,0.6350,0.5695,0.4998,0.5695,0.4302,0.2991,0.4302,0.5695,0.0942,0.0574,0.0574,0.0410,0.6550,0.7750,,0.1200,,33.87,-16.55,173.3,162.1,1.267,0.170,1.926
1791428904.2156746,0.5695,0.6350,0.7006,0.7006,0.6350,0.6350,0.5695,0.1966,0.6350,0.4302,0.2991,0.4302,0.4998,0.0164,0.0246,0.0369,0.0574,0.6640,0.7680,,0.1040,,33.53,-16.58,173.0,162.0,1.122,0.169,1.758
1791428904.248876,0.4998,0.4998,0.5695,0.4302,0.4302,0.7006,0.7006,0.4998,0.4998,0.4998,0.2458,0.4998,0.5695,0.0410,0.0369,0.0369,0.0737,0.6570,0.7650,,0.1080,,33.47,-16.61,173.1,162.3,1.098,0.168,1.703
1791428904.288225,0.6350,0.6350,0.7006,0.4302,0.4302,0.8030,0.6350,0.6350,0.5695,0.4302,0.4998,0.6350,0.5695,0.0205,0.0410,0.0369,0.0574,0.6550,0.7730,0.6330,0.1180,-0.1400,33.90,-16.48,173.2,162.5,1.219,0.167,1.846
1791428904.3198104,0.4998,0.7538,0.7538,0.6350,0.5695,0.3646,0.4302,0.5695,0.7006,0.4302,0.2458,0.5695,0.5695,0.0369,0.0574,0.0574,0.0410,0.6550,0.7755,0.6380,0.1205,-0.1375,33.83,-16.22,173.4,162.9,1.260,0.170,1.906
1791428904.350573,0.4998,0.6350,0.9054,0.4998,0.4302,0.7006,0.5695,0.6350,0.4998,0.4302,0.0942,0.4998,0.5695,0.0205,0.0737,0.0574,0.0410,0.6560,0.7755,,0.1195,,34.14,-16.30,173.3,163.2,1.186,0.170,1.826
1791428904.381925,0.5695,0.5695,0.6350,0.5695,0.4302,0.7006,0.4998,0.7006,0.6350,0.4998,0.1557,0.3646,0.5695,0.0574,0.0574,0.0574,0.0410,0.6560,0.7680,,0.1120,,34.18,-16.42,173.3,163.2,1.097,0.169,1.749
1791428904.4159036,0.5695,0.4302,0.6350,0.5695,0.7006,0.6350,0.7006,0.5695,0.4998,0.4998,0.3646,0.4302,0.5695,0.0574,0.0410,0.0574,0.0574,0.6560,0.7730,,0.1170,,33.34,-16.15,173.5,163.3,1.282,0.175,2.019
1791428904.4491935,0.4302,0.5695,0.7006,0.5695,0.4302,0.7006,0.5695,0.3646,0.5695,0.1229,0.1229,0.4302,0.5695,0.0737,0.0410,0.0737,0.0574,0.6550,0.7760,,0.1210,,32.94,-15.99,173.8,163.2,1.287,0.179,
1791428904.4824572,0.5695,0.4302,0.4998,0.5695,0.4998,0.7006,0.7006,0.6350,0.4998,0.1557,0.3646,0.4998,0.5695,0.0369,0.0737,0.0737,0.0574,0.6590,0.7675,,0.1085,,32.73,-16.11,174.2,163.3,1.116,0.178,1.831
1791428904.5156476,0.1966,0.5695,0.6350,0.4302,0.5695,0.7006,0.5695,0.7538,0.5695,0.4302,0.0942,0.4998,0.4998,0.0369,0.0410,0.0369,0.0410,,0.7610,,,,32.73,-16.11,173.9,163.1,1.059,0.178,
1791428904.5566254,0.7006,0.6350,0.8767,0.4302,0.6350,0.7006,0.8030,0.8030,0.7538,0.4302,0.1557,0.4998,0.4998,0.0410,0.0410,0.0369,0.0369,0.6590,0.7720,,0.1130,,33.00,-16.34,173.3,162.9,1.106,0.176,1.716
1791428904.5881298,0.4998,0.4302,0.7538,0.7006,0.4998,0.6350,0.7006,0.5695,0.4302,0.5695,0.4302,0.4998,0.5695,0.0369,0.0574,0.0574,0.0410,0.6560,0.7670,,0.1110,,32.86,-16.35,173.0,163.2,1.132,0.176,1.760
1791428904.6188922,0.5695,0.5695,0.7538,0.5695,0.4998,0.6350,0.5695,0.4998,0.6350,0.4302,0.3646,0.4998,0.5695,0.0410,0.0574,0.0410,0.0574,0.6560,0.7740,,0.1180,,33.51,-16.40,172.8,163.1,1.172,0.173,1.756
1791428904.6501358,0.7006,0.4302,0.8440,0.6350,0.5695,0.6350,0.2991,0.6350,0.4302,0.4302,0.2991,0.5695,0.5695,0.0574,0.0942,0.0369,0.0410,0.6590,,0.6330,,,33.51,-16.40,172.8,163.1,,,
1791428904.682553,0.7006,0.5695,0.5695,0.6350,0.4998,0.7006,0.3646,0.7006,0.4302,0.4998,0.2991,0.4302,0.5695,0.0246,0.0942,0.0737,0.0574,0.6560,0.7710,,0.1150,,33.57,-16.45,172.2,163.4,1.146,0.173,1.758
1791428904.7165668,0.4302,0.7006,0.7006,0.4998,0.7006,0.7006,0.7006,0.6350,0.4998,0.5695,0.5695,0.4998,0.4998,0.0737,0.0737,0.0574,0.0410,0.6550,0.7710,,0.1160,,33.70,-16.50,172.5,163.9,1.140,0.172,1.771
1791428904.7494807,0.5695,0.6350,0.7006,0.6350,0.4998,0.8030,0.6350,0.7006,0.7006,0.4302,0.4302,0.3646,0.3646,0.0246,0.0205,0.0410,0.0410,0.6560,0.7650,,0.1090,,33.51,-16.64,172.5,164.1,1.054,0.172,1.717
1791428904.7832797,0.5695,0.8440,0.6350,0.5695,0.4998,0.6350,0.5695,0.6350,0.4302,0.5695,0.3646,0.4998,0.5695,0.0410,0.0737,0.0369,0.0246,0.6590,0.7600,,0.1010,,32.83,-16.63,172.9,163.2,1.055,0.172,1.712
1791428904.823798,0.7538,0.6350,0.7006,0.4998,0.4302,0.7538,0.5695,0.5695,0.5695,0.4302,0.4998,0.5695,0.5695,0.0369,0.0246,0.0246,0.0369,0.6560,0.7680,0.6360,0.1120,-0.1320,32.79,-16.36,173.1,164.0,1.204,0.173,1.810
1791428904.8554041,0.6350,0.5695,0.6350,0.5695,0.4998,0.8030,0.5695,0.7538,0.4302,0.4302,0.5695,0.3646,0.4302,0.0246,0.0369,0.0574,0.0369,0.6560,0.7730,,0.1170,,33.36,-16.54,172.9,163.6,1.112,0.171,1.756
1791428904.8876362,0.5695,0.7006,0.6350,0.4998,0.4998,0.7006,0.5695,0.8030,0.7006,0.2991,0.4302,0.4998,0.4998,0.0164,0.0164,0.0410,0.0246,0.6560,0.7670,,0.1110,,32.67,-16.33,173.3,163.8,1.194,0.175,1.972
1791428904.9189136,0.4302,0.5695,0.6350,0.5695,0.7006,0.5695,0.7006,0.5695,0.4998,0.1229,0.0942,0.3646,0.4998,0.0737,0.0942,0.0369,0.0369,0.6560,0.7710,,0.1150,,33.08,-16.35,173.8,164.1,1.157,0.173,
1791428904.9504225,0.5695,0.5695,0.9054,0.6350,0.5695,0.5695,0.7538,0.7006,0.4302,0.4302,0.4998,0.4302,0.4998,0.0369,0.0410,0.0574,0.0410,0.6560,0.7705,,0.1145,,33.04,-16.34,174.0,163.6,1.163,0.174,1.809
1791428904.9834359,0.5695,0.8767,0.9259,0.4998,0.6350,0.7006,0.4998,0.7538,0.4998,0.5695,0.3646,0.4998,0.4998,0.0574,0.0410,0.0369,0.0574,0.6550,0.7670,,0.1120,,33.15,-16.47,173.8,163.3,1.083,0.173,1.703
1791428905.0167737,0.7006,0.8440,0.8440,0.7538,0.6350,0.6350,0.7006,0.6350,0.8440,0.2991,0.2991,0.5695,0.5695,0.0942,0.0410,0.0410,0.0410,0.6560,0.7675,0.6310,0.1115,-0.1365,33.20,-16.68,173.3,163.0,1.079,0.172,
1791428905.0502675,0.8030,0.7006,0.7538,0.4302,0.4998,0.6350,0.6350,0.5695,0.5695,0.3646,0.3646,0.5695,0.5695,0.0410,0.0737,0.0574,0.0574,0.6590,0.7680,0.6330,0.1090,-0.1350,33.40,-16.78,173.1,163.8,1.088,0.170,1.734
1791428905.0835233,0.5695,0.2991,0.7006,0.7006,0.6350,0.7006,0.7006,0.2991,0.6350,0.4302,0.0942,0.4998,0.4998,0.0205,0.0369,0.0246,0.0369,0.6550,0.7705,,0.1155,,33.76,-16.82,173.0,163.9,1.121,0.168,1.725
1791428905.1170516,0.5695,0.5695,0.8440,0.4998,0.5695,0.7538,0.6350,0.6350,0.4302,0.4302,0.4302,0.4998,0.4302,0.0410,0.0369,0.0410,0.0410,0.6590,0.7660,,0.1070,,33.75,-16.92,172.5,164.5,1.060,0.167,1.699
1791428905.158626,0.6350,0.8440,0.5695,0.6350,0.5695,0.5695,0.6350,0.5695,0.4998,0.4998,0.2458,0.4998,0.4998,0.0574,0.0942,0.0410,0.0369,0.6550,0.7635,,0.1085,,33.61,-16.84,172.2,164.3,1.094,0.167,1.712
1791428905.190177,0.5695,0.6350,0.7538,0.6350,0.4302,0.6350,0.6350,0.5695,0.4998,0.6350,0.1229,0.4998,0.5695,0.0574,0.0574,0.0737,0.0410,0.6550,0.7585,,0.1035,,33.82,-17.05,172.3,164.3,0.961,0.163,1.510
1791428905.2223074,0.4998,0.7006,0.8030,0.5695,0.5695,0.4998,0.5695,0.6350,0.4302,0.2458,0.6350,0.5695,0.5695,0.0410,0.0246,0.0410,0.0410,0.6560,0.7710,0.6330,0.1150,-0.1380,33.52,-16.91,172.9,164.2,1.173,0.167,1.925
1791428905.2529385,0.4998,0.4302,0.5695,0.5695,0.4998,0.7538,0.4998,0.3646,0.4998,0.3646,0.7006,0.4302,0.5695,0.0574,0.0410,0.0369,0.0574,0.6560,0.7640,,0.1080,,32.87,-16.67,173.1,164.1,1.157,0.170,1.804
1791428905.285511,0.4302,0.7006,0.4998,0.4998,0.4998,0.6350,0.6350,0.7006,0.3646,0.3646,0.4998,0.5695,0.4998,0.0574,0.0942,0.0410,0.0369,0.6540,0.7710,,0.1170,,32.95,-16.72,173.1,164.4,1.130,0.172,1.772
1791428905.3163075,0.5695,0.5695,0.7538,0.5695,0.5695,0.5695,0.4302,0.7006,0.2991,0.5695,0.1966,0.4302,0.4302,0.0574,0.0942,0.0574,0.0574,0.6550,0.7640,,0.1090,,32.66,-16.67,173.2,163.9,1.103,0.173,1.745
1791428905.3495693,0.5695,0.8030,0.8767,0.6350,0.3646,0.5695,0.7006,0.7006,0.4302,0.3646,0.4302,0.5695,0.5695,0.0737,0.0942,0.0410,0.0410,0.6630,0.7655,0.6320,0.1025,-0.1335,32.59,-16.77,172.8,163.7,1.080,0.171,1.650
1791428905.383299,0.5695,0.8440,0.8030,0.7006,0.4998,0.6350,0.5695,0.7006,0.6350,0.4998,0.1966,0.4998,0.5695,0.0574,0.0410,0.0369,0.0574,0.6540,0.7645,,0.1105,,32.60,-16.76,172.2,164.0,1.093,0.171,1.755
1791428905.4170766,0.6350,0.5695,0.7538,0.7538,0.4998,0.7006,0.7538,0.6350,0.6350,0.2458,0.3646,0.3646,0.4998,0.0410,0.0369,0.0410,0.0410,0.6560,0.7680,,0.1120,,32.39,-16.72,172.7,163.9,1.132,0.173,1.919
1791428905.4583032,0.4998,0.5695,0.9423,0.6350,0.4302,0.4998,0.7538,0.7538,0.6350,0.1557,0.2458,0.5695,0.4998,0.0369,0.0246,0.0410,0.0574,0.6560,0.7700,,0.1140,,32.60,-16.67,172.8,164.1,1.157,0.173,
1791428905.489868,0.4302,0.5695,0.8440,0.7006,0.4302,0.6350,0.5695,0.1966,0.5695,0.3646,0.3646,0.5695,0.4302,0.0574,0.0737,0.0574,0.0410,0.6590,0.7570,,0.0980,,32.26,-16.61,174.1,164.2,1.054,0.171,1.606
1791428905.5220027,0.4302,0.6350,0.7006,0.5695,0.4302,0.7538,0.6350,0.7538,0.6350,0.5695,0.0942,0.4998,0.5695,0.0574,0.0410,0.0410,0.0369,0.6540,0.7690,,0.1150,,32.93,-16.60,173.7,164.3,1.142,0.169,1.734
1791428905.554064,0.5695,0.5695,0.8030,0.7538,0.5695,0.4302,0.4998,0.6350,0.4998,0.2991,0.1557,0.4998,0.5695,0.0737,0.0574,0.0369,0.0410,0.6540,0.7590,,0.1050,,32.67,-16.44,173.9,164.2,1.113,0.169,
1791428905.5846388,0.4998,0.7538,0.8767,0.6350,0.6350,0.5695,0.7538,0.6350,0.5695,0.4998,0.2991,0.4998,0.4998,0.0410,0.0410,0.0410,0.0574,0.6560,0.7645,,0.1085,,32.91,-16.46,173.3,164.1,1.103,0.168,1.713
1791428905.6170807,0.6350,0.3646,0.6350,0.5695,0.6350,0.6350,0.4998,0.6350,0.7006,0.4302,0.4302,0.4998,0.5695,0.0410,0.1229,0.0410,0.0410,0.6540,0.7610,,0.1070,,32.57,-16.48,173.5,164.0,1.075,0.170,1.705
1791428905.650496,0.5695,0.6350,0.7006,0.4998,0.3646,0.6350,0.5695,0.6350,0.3646,0.4302,0.1229,0.4998,0.5695,0.0410,0.0574,0.0369,0.0574,0.6550,0.7625,,0.1075,,32.81,-16.46,172.8,164.0,1.099,0.168,1.668
1791428905.6832886,0.4302,0.7006,0.6350,0.6350,0.4998,0.7006,0.4302,0.7538,0.4998,0.3646,0.2458,0.5695,0.6350,0.0942,0.0410,0.0410,0.0410,0.6620,0.7655,0.6320,0.1035,-0.1335,31.78,-16.23,173.1,164.6,1.212,0.173,1.906
1791428905.7170117,0.4998,0.7006,0.6350,0.4302,0.3646,0.8030,0.7006,0.5695,0.6350,0.4998,0.6350,0.5695,0.4998,0.0164,0.0737,0.0410,0.0369,0.6550,0.7680,,0.1130,,32.21,-16.35,172.7,164.6,1.117,0.172,1.726
1791428905.75809,0.4302,0.6350,0.6350,0.5695,0.5695,0.6350,0.3646,0.5695,0.4998,0.4998,0.1229,0.4302,0.5695,0.0205,0.0737,0.0574,0.0369,0.6620,0.7620,,0.1000,,31.70,-16.38,172.7,164.6,1.088,0.173,1.741
1791428905.79067,0.6350,0.6350,0.5695,0.6350,0.4998,0.6350,0.7538,0.5695,0.5695,0.5695,0.0942,0.4998,0.6350,0.0410,0.0410,0.0737,0.0737,0.6580,0.7620,,0.1040,,32.16,-16.59,172.3,165.8,1.023,0.169,1.621
1791428905.820891,0.4302,0.4302,0.9259,0.5695,0.5695,0.8767,0.4998,0.5695,0.5695,0.3646,0.1557,0.4302,0.5695,0.0164,0.0205,0.0574,0.0410,0.6550,0.7630,,0.1080,,31.98,-16.58,172.5,165.6,1.097,0.171,1.742
1791428905.8525674,0.5695,0.5695,0.7538,0.6350,0.4998,0.4998,0.7006,0.4998,0.4302,0.6350,0.4998,0.4998,0.5695,0.0205,0.0369,0.0369,0.0369,0.6580,0.7580,,0.1000,,31.75,-16.61,172.2,165.2,1.037,0.170,1.699
1791428905.883188,0.2991,0.7006,0.9259,0.4998,0.5695,0.5695,0.7538,0.6350,0.4998,0.2991,0.4998,0.4998,0.5695,0.0410,0.0410,0.0410,0.0410,,0.7690,,,,31.75,-16.61,171.8,165.2,1.122,0.170,
1791428905.9175162,0.5695,0.8030,0.8440,0.5695,0.4998,0.3646,0.5695,0.7006,0.7006,0.2458,0.4302,0.7006,0.4998,0.0410,0.0410,0.0574,0.0369,0.6580,0.7665,,0.1085,,31.86,-16.60,171.3,165.3,1.122,0.170,1.843
1791428905.9509542,0.5695,0.6350,0.8030,0.6350,0.2458,0.5695,0.4998,0.4302,0.3646,0.4998,0.1966,0.5695,0.5695,0.0246,0.0410,0.0369,0.0369,0.6550,0.7705,0.6310,0.1155,-0.1395,32.10,-16.68,172.1,165.0,1.142,0.172,1.778
1791428905.9836528,0.7006,0.8030,0.6350,0.4998,0.3646,0.7006,0.6350,0.7538,0.5695,0.5695,0.1966,0.4998,0.5695,0.0737,0.0737,0.0410,0.0369,0.6540,0.7645,,0.1105,,32.29,-16.69,172.3,164.9,1.098,0.171,1.710
1791428906.01772,0.5695,0.6350,0.8030,0.7006,0.4998,0.7006,0.6350,0.6350,0.6350,0.1229,0.2991,0.5695,0.4998,0.0574,0.1229,0.0410,0.0410,0.6540,0.7650,,0.1110,,32.49,-16.73,172.1,164.8,1.089,0.171,
1791428906.056916,0.6350,0.7006,0.5695,0.6350,0.4302,0.6350,0.7006,0.6350,0.6350,0.4302,0.3646,0.4302,0.5695,0.0410,0.0942,0.0574,0.0410,0.6540,0.7715,,0.1175,,33.28,-16.79,172.6,164.7,1.137,0.169,1.746
1791428906.0890238,0.4302,0.6350,0.8030,0.5695,0.4998,0.3646,0.4998,0.6350,0.4998,0.1966,0.6350,0.4302,0.4998,0.0164,0.0164,0.0574,0.0410,0.6540,0.7650,,0.1110,,33.23,-16.67,172.6,164.4,1.137,0.169,1.876
1791428906.119158,0.6350,0.7006,0.9423,0.5695,0.6350,0.4302,0.6350,0.7006,0.4998,0.1966,0.1557,0.5695,0.4998,0.0369,0.0410,0.0574,0.0574,0.6540,0.7650,,0.1110,,32.84,-16.51,173.3,164.1,1.162,0.172,
1791428906.150893,0.6350,0.5695,0.7006,0.6350,0.4998,0.7006,0.5695,0.8030,0.5695,0.4302,0.5695,0.4998,0.5695,0.0737,0.0164,0.0410,0.0410,0.6540,0.7620,,0.1080,,32.62,-16.56,173.4,164.4,1.074,0.172,1.703
1791428906.1840146,0.6350,0.6350,0.9054,0.7538,0.5695,0.4998,0.6350,0.5695,0.5695,0.4998,0.4998,0.5695,0.4998,0.0410,0.0410,0.0410,0.0369,0.6540,0.7660,,0.1120,,32.48,-16.51,173.4,164.1,1.142,0.174,1.821
1791428906.218024,0.2458,0.7006,0.7006,0.6350,0.4998,0.7538,0.5695,0.3646,0.4998,0.3646,0.3646,0.5695,0.6350,0.0574,0.0737,0.0574,0.0574,,0.7635,0.6330,,-0.1305,32.48,-16.51,173.6,163.8,1.060,0.174,
1791428906.2512798,0.4998,0.7006,0.5695,0.7006,0.4998,0.4998,0.7006,0.2458,0.4998,0.3646,0.1557,0.4998,0.5695,0.0369,0.0574,0.0410,0.0410,0.6540,0.7660,,0.1120,,32.57,-16.49,173.4,163.7,1.132,0.173,1.738
1791428906.283994,0.6350,0.5695,0.9054,0.7006,0.5695,0.7538,0.5695,0.5695,0.4998,0.1557,0.3646,0.5695,0.4998,0.0410,0.0369,0.0574,0.0410,0.6540,0.7670,,0.1130,,32.81,-16.53,173.9,163.6,1.122,0.173,1.820
1791428906.317333,0.4998,0.4998,0.9054,0.6350,0.6350,0.8030,0.4998,0.7538,0.6350,0.1557,0.2458,0.2458,0.4302,0.0574,0.0410,0.0369,0.0410,0.6570,0.7635,,0.1065,,32.73,-16.64,173.6,164.0,,0.172,
1791428906.3585052,0.4302,0.6350,0.7538,0.7006,0.5695,0.6350,0.6350,0.7538,0.4998,0.2991,0.6350,0.5695,0.4302,0.0410,0.0574,0.0574,0.0574,0.6540,0.7680,,0.1140,,32.78,-16.54,173.5,163.8,1.167,0.172,1.929
1791428906.3902318,0.4302,0.7006,0.8767,0.7538,0.6350,0.5695,0.7006,0.7006,0.4998,0.6350,0.0942,0.4998,0.4998,0.0574,0.0574,0.0410,0.0410,0.6570,0.7645,,0.1075,,33.01,-16.73,173.2,163.9,1.043,0.170,1.671
1791428906.4212165,0.5695,0.6350,0.4998,0.6350,0.7538,0.3646,0.7006,0.4302,0.5695,0.4302,0.3646,0.4302,0.4302,0.0574,0.0737,0.0369,0.0737,0.6540,0.7575,,0.1035,,32.54,-16.71,173.4,164.2,1.046,0.171,1.681
1791428906.4518905,0.5695,0.5695,0.8030,0.4998,0.5695,0.6350,0.4302,0.7006,0.5695,0.3646,0.4302,0.4998,0.4302,0.0369,0.0369,0.0369,0.0410,0.6540,0.7635,,0.1095,,32.47,-16.50,173.6,164.8,1.166,0.171,1.803
1791428906.4840739,0.7538,0.6350,0.6350,0.5695,0.4302,0.7538,0.3646,0.6350,0.6350,0.2991,0.3646,0.3646,0.5695,0.0410,0.0410,0.0410,0.0410,0.6610,0.7605,,0.0995,,32.04,,173.3,164.8,1.099,0.171,1.778
1791428906.518051,0.5695,0.4998,0.7006,0.4302,0.4302,0.2991,0.7006,0.6350,0.5695,0.4302,0.4998,0.5695,0.4998,0.0246,0.0082,0.0369,0.0246,0.6570,,,,,32.04,,173.3,164.8,,,
1791428906.5510955,0.4302,0.5695,0.8767,0.5695,0.4998,0.6350,0.8030,0.5695,0.4302,0.4302,0.5695,0.4998,0.5695,0.0410,0.0369,0.0574,0.0369,0.6570,0.7645,,0.1075,,31.83,,173.4,164.7,1.147,0.173,1.841
1791428906.5851674,0.5695,0.7006,0.7006,0.6350,0.2458,0.7538,0.3646,0.7006,0.5695,0.2991,0.4302,0.4998,0.4302,0.0369,0.0574,0.0410,0.0369,0.6540,0.7645,,0.1105,,32.22,,173.2,165.3,1.088,0.171,1.820
1791428906.6260073,0.4998,0.6350,0.7006,0.4998,0.4998,0.7006,0.6350,0.6350,0.6350,0.1229,0.4302,0.3646,0.4998,0.0369,0.0410,0.0410,0.0369,0.6540,0.7640,,0.1100,,31.86,,172.7,165.0,1.137,0.174,1.885
1791428906.6581142,0.4998,0.7538,0.7006,0.5695,0.4302,0.6350,0.4998,0.5695,0.5695,0.1966,0.4998,0.4998,0.5695,0.0246,0.0246,0.0942,0.0369,0.6540,0.7655,,0.1115,,32.29,,173.0,165.4,1.122,0.172,1.820
1791428906.6888502,0.4302,0.7538,0.7006,0.7006,0.5695,0.6350,0.7006,0.7006,0.4302,0.4998,0.1557,0.4998,0.5695,0.0574,0.0410,0.0369,0.0737,0.6570,0.7710,,0.1140,,32.40,,172.7,165.1,1.131,0.173,1.796
1791428906.7208514,0.7006,0.7006,0.6350,0.6350,0.5695,0.5695,0.7006,0.6350,0.7006,0.4302,0.0942,0.4998,0.5695,0.0410,0.0410,0.0737,0.0574,0.6540,0.7665,,0.1125,,32.63,,172.6,165.5,1.156,0.173,1.750
1791428906.7521806,0.5695,0.7538,0.9259,0.4302,0.3646,0.4998,0.4998,0.7006,0.6350,0.1557,0.3646,0.5695,0.4302,0.0737,0.0737,0.0574,0.0410,0.6540,0.7620,,0.1080,,32.36,,173.5,164.9,1.122,0.174,1.809
1791428906.785354,0.4998,0.6350,0.6350,0.5695,0.3646,0.5695,0.5695,0.6350,0.4998,0.4302,0.2458,0.4998,0.5695,0.0246,0.0737,0.0410,0.0574,0.6610,0.7640,,0.1030,,32.20,,173.4,165.6,1.094,0.172,1.683
1791428906.8184612,0.4302,0.7006,0.4998,0.5695,0.4998,0.7006,0.7006,0.1966,0.4998,0.2991,0.4302,0.5695,0.4998,0.0410,0.0574,0.0410,0.0410,0.6540,0.7605,,0.1065,,32.07,,172.3,165.5,1.071,0.173,1.790
1791428906.8527348,0.7538,0.8440,0.5695,0.4998,0.4998,0.6350,0.7538,0.7006,0.4998,0.2458,0.4302,0.4998,0.4998,0.0246,0.0410,0.0574,0.0410,0.6550,0.7650,,0.1100,,32.78,,172.6,165.1,1.076,0.169,1.737
1791428906.8847287,0.4302,0.8030,0.7538,0.6350,0.6350,0.7538,0.7538,0.4302,0.6350,0.1966,0.5695,0.3646,0.4998,0.0369,0.0246,0.0574,0.0410,0.6540,0.7710,,0.1170,,33.39,,173.1,163.8,1.127,0.167,1.808
1791428906.9267795,0.4998,0.7006,0.5695,0.6350,0.4998,0.5695,0.7006,0.7006,0.6350,0.4302,0.1557,0.3646,0.4998,0.0123,0.0574,0.0246,0.0246,0.6540,0.7700,,0.1160,,33.56,,173.4,163.8,1.160,0.168,1.753
1791428906.9586477,0.6350,0.7006,0.7538,0.5695,0.4302,0.7538,0.4998,0.7538,0.4998,0.5695,0.3646,0.6350,0.4998,0.0410,0.0737,0.0369,0.0410,0.6610,0.7665,,0.1055,,33.64,,172.7,163.9,1.075,0.166,1.701
1791428906.990268,0.5695,0.6350,0.4302,0.5695,0.3646,0.7538,0.7006,0.7006,0.3646,0.2458,0.1229,0.4302,0.4998,0.0164,0.0942,0.0369,0.0410,0.6570,0.7645,,0.1075,,33.65,,172.9,164.8,1.113,0.165,
1791428907.0210555,0.6350,0.5695,0.4302,0.6350,0.3646,0.4998,0.4998,0.5695,0.3646,0.4302,0.5695,0.4302,0.5695,0.0205,0.0410,0.0410,0.0410,0.6540,0.7595,,0.1055,,33.44,,172.4,163.3,1.049,0.165,1.688
1791428907.0529916,0.6350,0.8030,0.7538,0.6350,0.4998,0.6350,0.7538,0.4998,0.4302,0.4998,0.7538,0.4998,0.4998,0.0410,0.0410,0.0574,0.0410,0.6540,0.7725,,0.1185,,33.94,,172.9,162.8,1.198,0.165,1.779
1791428907.0861163,0.5695,0.7006,0.8030,0.5695,0.4998,0.6350,0.4302,0.2458,0.4302,0.5695,0.1966,0.5695,0.5695,0.0410,0.0369,0.0164,0.0574,0.6540,0.7755,0.6370,0.1215,-0.1385,34.15,-16.40,173.5,162.5,1.247,0.166,1.916
1791428907.1194437,0.7006,0.5695,0.6350,0.6350,0.5695,0.6350,0.4998,0.4998,0.5695,0.3646,0.4998,0.4998,0.5695,0.0369,0.0369,0.0574,0.0574,0.6540,0.7610,,0.1070,,33.97,-16.42,173.1,163.8,1.076,0.166,1.625
1791428907.1522584,0.6350,0.7006,0.7006,0.4302,0.4302,0.7006,0.4302,0.6350,0.6350,0.5695,0.1557,0.4998,0.4998,0.0574,0.0942,0.0737,0.0574,0.6540,0.7660,,0.1120,,33.79,-16.51,173.1,163.1,1.093,0.167,1.692
1791428907.1859934,0.7006,0.6350,0.4998,0.5695,0.5695,0.6350,0.6350,0.6350,0.8030,0.4302,0.2458,0.5695,0.4998,0.0369,0.0246,0.0737,0.0574,0.6540,0.7675,,0.1135,,34.17,-16.66,172.3,163.5,1.076,0.165,1.680
1791428907.2252574,0.3646,0.7006,0.8440,0.5695,0.6350,0.7006,0.7006,0.6350,0.5695,0.4302,0.4998,0.4998,0.5695,0.0369,0.0410,0.0369,0.0369,0.6540,0.7695,,0.1155,,34.16,-16.68,172.7,163.9,1.131,0.166,1.779
1791428907.2582967,0.6350,0.7006,0.5695,0.7006,0.4302,0.4998,0.6350,0.5695,0.4998,0.2458,0.3646,0.4998,0.5695,0.0369,0.0410,0.0246,0.0574,0.6570,0.7705,,0.1135,,34.59,-16.84,172.5,163.4,1.085,0.164,1.736
1791428907.2891681,0.6350,0.6350,0.4998,0.7006,0.5695,0.5695,0.7006,0.2458,0.4302,0.4998,0.1229,0.4998,0.4998,0.0369,0.0410,0.0369,0.0410,0.6540,0.7685,,0.1145,,34.53,-16.78,173.7,163.4,1.137,0.165,1.726
1791428907.3209834,0.6350,0.7006,0.8767,0.7006,0.3646,0.7006,0.6350,0.6350,0.5695,0.1966,0.5695,0.4998,0.5695,0.0410,0.0574,0.0737,0.0410,0.6540,0.7610,,0.1070,,33.97,-16.65,173.8,163.9,1.103,0.166,1.811
1791428907.3528798,0.5695,0.8767,0.4998,0.7006,0.3646,0.5695,0.6350,0.6350,0.7006,0.0737,0.4302,0.4998,0.4302,0.0737,0.0369,0.0737,0.0410,0.6540,0.7650,,0.1110,,34.12,-16.78,178.9,163.5,1.055,0.165,1.772
1791428907.3855808,0.2458,0.7006,0.5695,0.5695,0.4302,0.4302,0.6350,0.4998,0.7006,0.1966,0.1966,0.5695,0.5695,0.0737,0.0369,0.0574,0.0574,,0.7705,0.6320,,-0.1385,34.12,-16.78,177.5,163.4,1.127,0.165,
1791428907.4196813,0.6350,0.4998,0.7006,0.6350,0.6350,0.5695,0.4998,0.4998,0.6350,0.6350,0.1557,0.6350,0.5695,0.0410,0.0410,0.0410,0.0410,0.6540,0.7625,0.6330,0.1085,-0.1295,33.87,-16.76,176.1,163.3,1.080,0.166,1.675
1791428907.451926,0.5695,0.5695,0.5695,0.6350,0.5695,0.7538,0.5695,0.7006,0.3646,0.1557,0.4998,0.4302,0.4998,0.0164,0.0369,0.0574,0.0574,0.6540,0.7660,,0.1120,,34.06,-16.62,176.3,163.5,1.151,0.165,1.859
1791428907.485748,0.5695,0.7006,0.7006,0.7006,0.6350,0.7006,0.6350,0.7538,0.4998,0.4998,0.4998,0.4302,0.4998,0.0574,0.0737,0.0574,0.0737,0.6550,0.7660,,0.1110,,34.44,-16.79,175.7,163.4,1.051,0.162,1.683
1791428907.5262382,0.4302,0.8030,0.8440,0.7538,0.4998,0.3646,0.6350,0.2991,0.3646,0.4302,0.3646,0.5695,0.4998,0.0737,0.0410,0.0246,0.0410,0.6560,0.7680,,0.1120,,34.13,-16.83,175.6,163.3,1.101,0.164,1.744
1791428907.5591547,0.5695,0.8030,0.6350,0.7538,0.2991,0.5695,0.5695,0.4998,0.4302,0.1966,0.4998,0.5695,0.4998,0.0737,0.0574,0.0410,0.0574,0.6570,0.7660,,0.1090,,34.68,-16.99,176.0,163.3,1.041,0.160,1.653
1791428907.5902622,0.6350,0.7538,0.5695,0.5695,0.7006,0.6350,0.6350,0.7006,0.7006,0.3646,0.1229,0.4998,0.5695,0.0164,0.0737,0.0410,0.0369,0.6540,0.7615,,0.1075,,34.41,-16.99,175.0,163.0,1.049,0.161,1.651
1791428907.6212697,0.5695,0.5695,0.4998,0.6350,0.7006,0.6350,0.7538,0.4998,0.5695,0.4302,0.1557,0.4998,0.5695,0.0574,0.0574,0.0369,0.0574,0.6540,0.7715,,0.1175,,34.57,-16.85,174.5,162.7,1.177,0.162,1.808
1791428907.653776,0.5695,0.7538,0.7538,0.6350,0.3646,0.5695,0.6350,0.5695,0.6350,0.6350,0.4998,0.5695,0.5695,0.0369,0.0737,0.0246,0.0246,0.6540,0.7650,0.6320,0.1110,-0.1330,34.35,-16.98,174.2,162.9,1.055,0.163,1.668
1791428907.6855407,0.5695,0.5695,0.6350,0.7006,0.7006,0.7006,0.4998,0.6350,0.3646,0.6350,0.4998,0.4302,0.4998,0.0574,0.0410,0.0574,0.0574,0.6540,0.7650,,0.1110,,34.05,-16.84,174.4,162.9,1.127,0.165,1.743
1791428907.7197435,0.7006,0.7006,0.5695,0.5695,0.4302,0.6350,0.6350,0.5695,0.7006,0.4302,0.2458,0.4998,0.4998,0.0164,0.0410,0.0410,0.0410,0.6540,0.7600,,0.1060,,33.66,-16.84,173.8,162.6,1.049,0.166,1.640
1791428907.7533464,0.4302,0.5695,0.7006,0.5695,0.3646,0.7538,0.6350,0.5695,0.4998,0.4302,0.1557,0.5695,0.4302,0.0369,0.0410,0.0574,0.0369,0.6540,0.7725,,0.1185,,34.02,-16.81,174.0,163.3,1.163,0.166,1.828
1791428907.7866488,0.7538,0.7006,0.8440,0.4302,0.7006,0.4998,0.8030,0.6350,0.5695,0.4302,0.4302,0.4998,0.6350,0.0369,0.0369,0.0246,0.0369,0.6540,0.7670,,0.1130,,34.30,-16.83,173.5,163.7,1.099,0.164,1.694
1791428907.827027,0.5695,0.7006,0.4998,0.4302,0.6350,0.6350,0.6350,0.6350,0.5695,0.3646,0.4302,0.4998,0.4998,0.0410,0.0574,0.0369,0.0369,0.6540,0.7675,,0.1135,,34.50,-16.81,173.5,164.1,1.117,0.164,1.650
1791428907.85872,0.3646,0.7006,0.5695,0.7006,0.4302,0.6350,0.6350,0.7538,0.7538,0.2458,0.4302,0.4998,0.4998,0.0369,0.0574,0.0410,0.0574,0.6540,0.7640,,0.1100,,34.15,-16.81,173.9,163.9,1.084,0.165,1.838
1791428907.8902738,0.3646,0.7006,0.6350,0.6350,0.8030,0.7006,0.4998,0.3646,0.4998,0.5695,0.2458,0.4998,0.4998,0.0574,0.0574,0.0574,0.0410,0.6560,0.7675,,0.1115,,33.88,-16.81,174.3,163.9,1.112,0.167,1.797
1791428907.921197,0.6350,0.8767,0.8030,0.6350,0.7006,0.3646,0.6350,0.5695,0.6350,0.2458,0.6350,0.5695,0.5695,0.0574,0.0410,0.0737,0.0369,0.6540,0.7690,0.6360,0.1150,-0.1330,33.93,-16.71,174.1,163.2,1.137,0.167,1.875
1791428907.9541543,0.6350,0.7538,0.6350,0.6350,0.4302,0.7006,0.6350,0.4998,0.7006,0.1557,0.1966,0.5695,0.4302,0.0574,0.0410,0.0369,0.0410,0.6540,0.7680,,0.1140,,34.37,-16.83,173.5,162.8,1.076,0.165,
1791428907.986335,0.4302,0.8030,0.7538,0.6350,0.5695,0.6350,0.4998,0.5695,0.3646,0.4302,0.5695,0.5695,0.5695,0.0574,0.0369,0.0942,0.0410,0.6540,0.7630,0.6330,0.1090,-0.1300,34.33,-16.88,173.4,162.3,1.057,0.164,1.610
1791428908.020217,0.4998,0.5695,0.6350,0.4998,0.4998,0.7006,0.4998,0.4998,0.5695,0.6350,0.2458,0.4998,0.4998,0.0737,0.0123,0.1229,0.0410,0.6540,0.7560,,0.1020,,33.73,-16.76,173.0,162.1,1.050,0.165,1.638
1791428908.0538907,0.4302,0.6350,0.8767,0.5695,0.4302,0.7538,0.6350,0.6350,0.4998,0.1229,0.4998,0.4302,0.4998,0.0410,0.0737,0.0410,0.0369,0.6560,0.7725,,0.1165,,34.61,-16.91,177.7,162.8,1.104,0.161,1.749
1791428908.086574,0.7538,0.8767,0.8030,0.5695,0.6350,0.7538,0.4302,0.6350,0.1557,0.4302,0.3646,0.5695,0.4998,0.0410,0.0574,0.0574,0.0369,0.6540,0.7630,,0.1090,,34.41,-16.63,177.4,163.8,1.161,0.162,1.657
1791428908.1195576,0.3646,0.7006,0.4998,0.7006,0.4998,0.4302,0.5695,0.7538,0.5695,0.4302,0.4302,0.5695,0.5695,0.0410,0.0574,0.0737,0.0410,0.6560,0.7710,0.6370,0.1150,-0.1340,34.32,-16.50,177.0,162.9,1.167,0.164,1.773
1791428908.1593845,0.6350,0.7538,0.4998,0.6350,0.4998,0.6350,0.6350,0.6350,0.4302,0.3646,0.5695,0.4998,0.4998,0.0410,0.0574,0.0574,0.0410,0.6560,0.7615,,0.1055,,33.94,-16.48,175.9,163.0,1.080,0.164,1.651
1791428908.1917293,0.5695,0.6350,0.5695,0.4998,0.4998,0.5695,0.8030,0.5695,0.4998,0.5695,0.4998,0.4998,0.5695,0.0369,0.0574,0.0410,0.0574,0.6540,0.7695,,0.1155,,34.62,-16.55,174.9,163.0,1.118,0.161,1.659
1791428908.222787,0.7006,0.9259,0.6350,0.5695,0.4302,0.8030,0.7538,0.4302,0.5695,0.2458,0.3646,0.4302,0.5695,0.0369,0.0246,0.0410,0.0410,0.6540,0.7675,,0.1135,,34.99,-16.80,178.9,164.0,1.036,0.160,1.734
1791428908.2547748,0.4998,0.8030,0.6350,0.4302,0.4998,0.7538,0.5695,0.7006,0.4302,0.4302,0.4302,0.5695,0.4998,0.0205,0.0574,0.0737,0.0410,0.6540,0.7650,,0.1110,,34.49,-16.76,177.9,164.9,1.097,0.163,1.742
1791428908.2870634,0.4998,0.6350,0.5695,0.6350,0.4302,0.7006,0.6350,0.2458,0.4302,0.4302,0.3646,0.4998,0.4998,0.0369,0.0942,0.0369,0.0369,0.6540,0.7620,,0.1080,,34.11,-16.65,177.6,164.7,1.098,0.164,1.745
1791428908.3199444,0.6350,0.6350,0.7006,0.4302,0.5695,0.7006,0.5695,0.5695,0.4302,0.3646,0.3646,0.5695,0.5695,0.0737,0.0369,0.0410,0.0574,0.6540,0.7690,0.6390,0.1150,-0.1300,34.27,-16.46,176.2,164.9,1.152,0.164,1.780
1791428908.3541307,0.6350,0.7006,0.7006,0.5695,0.6350,0.6350,0.7006,0.6350,0.4302,0.3646,0.6350,0.4302,0.5695,0.0369,0.0410,0.0410,0.0574,0.6540,0.7695,,0.1155,,34.16,-16.29,176.2,165.0,1.199,0.166,1.836
1791428908.3870165,0.5695,0.6350,0.8440,0.5695,0.3646,0.4998,0.6350,0.7538,0.3646,0.4302,0.4302,0.4302,0.5695,0.0410,0.0942,0.0737,0.0369,0.6560,0.7635,,0.1075,,33.67,-16.22,176.0,164.7,1.122,0.167,1.767
1791428908.4206991,0.6350,0.6350,0.7538,0.5695,0.4998,0.6350,0.4998,0.6350,0.5695,0.3646,0.4998,0.4302,0.3646,0.0205,0.0369,0.0942,0.0410,0.6580,0.7680,,0.1100,,33.90,-16.34,176.1,164.8,1.097,0.166,1.698
1791428908.4610672,0.4998,0.7006,0.7006,0.6350,0.4998,0.4998,0.4302,0.1557,0.3646,0.4998,0.3646,0.5695,0.5695,0.0369,0.0410,0.0574,0.0410,0.6560,0.7735,0.6330,0.1175,-0.1405,34.44,-16.48,179.6,164.9,1.147,0.164,1.741
1791428908.492521,0.3646,0.8440,0.7538,0.4998,0.5695,0.7538,0.6350,0.6350,0.6350,0.4302,0.4302,0.4998,0.6350,0.0410,0.0574,0.0410,0.0369,0.6540,0.7640,,0.1100,,34.07,-16.40,178.5,163.9,1.122,0.166,1.700
1791428908.5251887,0.5695,0.6350,0.5695,0.7006,0.4302,0.6350,0.7006,0.6350,0.5695,0.2991,0.4302,0.4302,0.5695,0.0410,0.0574,0.0410,0.0369,0.6540,0.7630,,0.1090,,33.58,-16.43,176.9,163.4,1.079,0.168,1.795
1791428908.555984,0.4302,0.5695,0.6350,0.5695,0.4302,0.7538,0.7538,0.1966,0.7538,0.2991,0.4302,0.5695,0.5695,0.0574,0.0574,0.0737,0.0942,0.6550,0.7675,0.6370,0.1125,-0.1305,33.79,-16.30,178.1,163.6,1.152,0.167,1.842
1791428908.586853,0.4302,0.6350,0.8440,0.5695,0.5695,0.6350,0.7006,0.5695,0.6350,0.4302,0.4302,0.4302,0.3646,0.0737,0.0410,0.0574,0.0737,0.6560,0.7690,,0.1130,,33.66,-16.22,177.8,164.2,1.173,0.168,1.791
1791428908.6205566,0.4302,0.7538,0.6350,0.5695,0.6350,0.6350,0.6350,0.7006,0.4998,0.4998,0.4302,0.4302,0.5695,0.0369,0.0369,0.0369,0.0369,0.6540,0.7695,,0.1155,,33.97,-16.15,177.8,164.3,1.182,0.167,1.768
1791428908.6540205,0.4998,0.6350,0.5695,0.5695,0.7006,0.7006,0.4998,0.6350,0.3646,0.4302,0.5695,0.4302,0.5695,0.0410,0.0410,0.0410,0.0737,0.6540,0.7655,,0.1115,,34.52,-16.27,176.2,164.7,1.081,0.163,1.631
1791428908.6867778,0.5695,0.7538,0.6350,0.6350,0.5695,0.6350,0.2991,0.7006,0.4302,0.3646,0.3646,0.4998,0.5695,0.0369,0.0574,0.0410,0.0410,0.6540,,,,,34.52,-16.27,176.2,164.7,,,
1791428908.7210608,0.5695,0.7006,0.8440,0.6350,0.4302,0.8440,0.7006,0.6350,0.6350,0.6350,0.1966,0.4998,0.5695,0.0369,0.0574,0.0737,0.0369,0.6540,0.7670,,0.1130,,34.75,-16.27,179.7,164.6,1.126,0.162,1.704
1791428908.7598977,0.4302,0.8030,0.8440,0.5695,0.6350,0.6350,0.5695,0.5695,0.6350,0.1966,0.4998,0.5695,0.5695,0.0737,0.0574,0.0410,0.0574,0.6540,0.7685,0.6330,0.1145,-0.1355,35.14,-16.43,179.9,164.8,1.103,0.160,1.813
1791428908.7935457,0.4998,0.7006,0.8440,0.7538,0.4998,0.6350,0.4998,0.6350,0.5695,0.5695,0.4302,0.4998,0.4998,0.0410,0.0410,0.0369,0.0246,0.6540,0.7730,,0.1190,,35.29,-16.48,178.9,165.2,1.155,0.161,1.745
1791428908.8238301,0.7006,0.7538,0.7538,0.4998,0.4302,0.7006,0.6350,0.4998,0.4998,0.6350,0.4998,0.4302,0.5695,0.0737,0.0737,0.0574,0.0410,0.6560,0.7620,,0.1060,,34.83,-16.49,177.3,164.0,1.072,0.162,1.682
1791428908.855163,0.4998,0.7538,0.5695,0.7006,0.4998,0.7006,0.7006,0.5695,0.4998,0.2458,0.4302,0.4998,0.5695,0.0410,0.0942,0.0410,0.0164,0.6560,0.7660,,0.1100,,34.97,-16.58,176.7,164.3,1.076,0.160,1.721
1791428908.8886983,0.4302,0.7538,0.6350,0.6350,0.6350,0.7006,0.4998,0.6350,0.6350,0.4302,0.6350,0.4998,0.4998,0.0369,0.0942,0.0410,0.0369,0.6540,0.7640,,0.1100,,34.84,-16.62,175.6,163.8,1.070,0.160,1.705
1791428908.9212697,0.5695,0.7538,0.7006,0.5695,0.5695,0.8440,0.6350,0.6350,0.6350,0.5695,0.1557,0.4998,0.4998,0.0410,0.0410,0.0246,0.0410,0.6560,0.7720,,0.1160,,34.67,-16.66,175.2,163.6,1.136,0.163,1.784
1791428908.9546757,0.4998,0.6350,0.8030,0.6350,0.4998,0.6350,0.6350,0.7538,0.5695,0.7006,0.4302,0.4998,0.4302,0.0410,0.0574,0.0574,0.0369,0.6540,0.7665,,0.1125,,34.18,-16.46,175.1,163.4,1.173,0.166,1.797
1791428908.987594,0.7006,0.6350,0.7538,0.7006,0.4998,0.6350,0.3646,0.6350,0.4302,0.4302,0.4998,0.3646,0.5695,0.0942,0.0737,0.0574,0.0737,0.6560,0.7705,,0.1145,,34.11,-16.41,175.1,163.8,1.168,0.167,1.854
1791428909.021562,0.4302,0.7006,0.8440,0.6350,0.2458,0.4302,0.5695,0.4998,0.6350,0.2991,0.4302,0.3646,0.4998,0.1229,0.0410,0.0369,0.0410,0.6560,0.7610,,0.1050,,33.58,-16.39,174.4,163.8,1.080,0.168,1.790
1791428909.0617886,0.4302,0.7006,0.5695,0.5695,0.1966,0.6350,0.7006,0.4998,0.6350,0.4302,0.5695,0.5695,0.5695,0.0369,0.0737,0.0410,0.0410,0.6600,0.7715,0.6350,0.1115,-0.1365,33.65,-16.37,174.0,164.3,1.167,0.167,1.786
1791428909.0937426,0.3646,0.6350,0.8767,0.4998,0.4998,0.7538,0.6350,0.7006,0.5695,0.4998,0.3646,0.4998,0.5695,0.0574,0.0737,0.0369,0.0369,0.6540,0.7665,,0.1125,,33.75,-16.39,173.9,162.4,1.113,0.167,1.691
1791428909.125396,0.4998,0.4998,0.5695,0.4302,0.4302,0.6350,0.6350,0.2458,0.6350,0.3646,0.4302,0.5695,0.4998,0.0574,0.0737,0.0737,0.0574,0.6560,0.7660,,0.1100,,33.73,-16.44,172.4,161.5,1.098,0.167,1.679
1791428909.1563823,0.4998,0.7538,0.4998,0.7538,0.4302,0.7006,0.4302,0.6350,0.7006,0.4302,0.5695,0.5695,0.4998,0.0574,0.0410,0.0737,0.0369,0.6540,0.7675,,0.1135,,34.11,-16.35,172.6,162.3,1.156,0.165,1.733
1791428909.1889868,0.4302,0.7538,0.8440,0.6350,0.6350,0.7538,0.6350,0.4998,0.7006,0.1966,0.4302,0.4998,0.5695,0.0574,0.0574,0.0737,0.0410,0.6550,0.7620,,0.1070,,34.11,-16.47,172.9,161.2,1.042,0.164,1.673
1791428909.2218685,0.4998,0.7006,0.4998,0.4998,0.4302,0.8440,0.4998,0.5695,0.4998,0.2991,0.4998,0.5695,0.5695,0.0410,0.0737,0.0410,0.0410,0.6540,0.7685,0.6410,0.1145,-0.1275,34.37,-16.35,172.9,161.6,1.122,0.163,1.795
1791428909.25501,0.4302,0.4998,0.6350,0.6350,0.5695,0.4998,0.4998,0.7006,0.5695,0.2991,0.4302,0.4998,0.5695,0.0410,0.0942,0.0410,0.0410,0.6540,0.7680,,0.1140,,34.58,-16.40,172.3,162.4,1.104,0.163,1.790
1791428909.2879853,0.4998,0.7006,0.5695,0.7006,0.5695,0.7006,0.8030,0.7006,0.6350,0.4998,0.5695,0.4302,0.5695,0.0574,0.0410,0.0574,0.0574,0.6540,0.7700,,0.1160,,34.56,-16.37,172.8,161.1,1.151,0.164,1.757
1791428909.3212008,0.7006,0.6350,0.5695,0.5695,0.4998,0.5695,0.7006,0.2991,0.6350,0.5695,0.4302,0.5695,0.4302,0.0369,0.0164,0.0410,0.0369,0.6550,0.7730,,0.1180,,34.92,-16.33,172.9,159.6,1.178,0.163,1.809
1791428909.3617587,0.7006,0.5695,0.6350,0.6350,0.4302,0.7006,0.6350,0.4998,0.6350,0.4302,0.4998,0.4998,0.4302,0.0246,0.0164,0.0737,0.0574,0.6540,0.7640,,0.1100,,34.58,-16.50,172.8,159.4,1.033,0.164,1.634
1791428909.3927698,0.6350,0.7006,0.5695,0.5695,0.6350,0.6350,0.5695,0.6350,0.6350,0.2458,0.4998,0.4998,0.4998,0.0737,0.0942,0.0574,0.0574,0.6550,0.7665,,0.1115,,34.92,-16.67,172.7,160.6,1.040,0.162,1.716
1791428909.4243443,0.5695,0.8440,0.7006,0.6350,0.4998,0.5695,0.8030,0.7006,0.7006,0.3646,0.4302,0.4998,0.5695,0.0123,0.0123,0.0737,0.0410,0.6540,0.7655,,0.1115,,34.68,-16.67,172.3,160.9,1.079,0.163,1.729
1791428909.4565618,0.2991,0.5695,0.6350,0.5695,0.6350,0.7006,0.3646,0.2991,0.2991,0.1557,0.1557,0.4998,0.4998,0.0369,0.0164,0.0369,0.0574,,0.7720,,,,34.68,-16.67,171.9,161.1,1.184,0.163,
1791428909.4888346,0.6350,0.5695,0.6350,0.7006,0.6350,0.6350,0.7538,0.6350,0.5695,0.4302,0.4302,0.4302,0.5695,0.0410,0.0574,0.0410,0.0369,0.6540,0.7620,,0.1080,,34.47,-16.79,172.3,160.2,1.013,0.163,1.613
1791428909.5222113,0.4998,0.9259,0.7006,0.7006,0.6350,0.5695,0.5695,0.7006,0.5695,0.4302,0.5695,0.5695,0.4998,0.0410,0.0410,0.0574,0.0369,0.6550,0.7650,,0.1100,,34.28,-16.77,171.9,159.2,1.075,0.163,1.661
1791428909.555542,0.5695,0.7006,0.6350,0.7006,0.6350,0.7006,0.7538,0.2458,0.4998,0.3646,0.1557,0.5695,0.5695,0.0410,0.0410,0.0737,0.0369,0.6540,0.7680,0.6350,0.1140,-0.1330,34.69,-16.81,173.1,159.4,1.089,0.162,1.675
1791428909.5884197,0.4302,0.7006,0.8440,0.7006,0.4302,0.7006,0.6350,0.4998,0.4998,0.5695,0.3646,0.4998,0.4302,0.0574,0.0123,0.0410,0.0410,0.6540,0.7755,,0.1215,,34.39,-16.44,173.7,160.5,1.284,0.166,1.935
1791428909.6236207,0.5695,0.5695,0.5695,0.8030,0.7006,0.6350,0.4302,0.7006,0.5695,0.4302,0.4998,0.4998,0.5695,0.0410,0.0369,0.0410,0.0164,0.6540,0.7625,,0.1085,,34.55,-16.46,173.2,161.4,1.068,0.164,1.613
1791428909.6633258,0.6350,0.7538,0.8030,0.5695,0.5695,0.6350,0.5695,0.4302,0.4998,0.4998,0.4302,0.4998,0.4998,0.0737,0.0574,0.0369,0.0410,0.6550,0.7655,,0.1105,,34.19,-16.31,173.6,162.1,1.152,0.165,1.785
1791428909.694578,0.4998,0.7538,0.8440,0.7006,0.5695,0.7006,0.7006,0.7006,0.7006,0.4998,0.2458,0.4998,0.5695,0.0246,0.0123,0.0737,0.0164,0.6540,0.7755,,0.1215,,34.20,-16.08,174.3,162.2,1.279,0.168,1.905
1791428909.7265856,0.2991,0.7006,0.8440,0.6350,0.4998,0.6350,0.5695,0.5695,0.4302,0.4998,0.1557,0.5695,0.4998,0.0246,0.0574,0.0410,0.0574,,0.7655,,,,34.20,-16.08,174.9,162.3,1.150,0.168,
1791428909.7575557,0.5695,0.7538,0.8440,0.5695,0.4998,0.7006,0.6350,0.7538,0.3646,0.4998,0.6350,0.3646,0.4302,0.0574,0.0574,0.0737,0.0369,0.6540,0.7620,,0.1080,,34.30,-16.24,174.8,162.3,1.034,0.166,1.624
1791428909.7899811,0.4998,0.7538,0.6350,0.7006,0.6350,0.7006,0.6350,0.3646,0.2991,0.2991,0.4302,0.3646,0.5695,0.0574,0.0737,0.0369,0.0410,0.6550,0.7640,,0.1090,,34.13,-16.26,174.3,161.5,1.094,0.165,1.762
1791428909.8230665,0.6350,0.7006,0.7006,0.5695,0.5695,0.7538,0.4998,0.7538,0.4998,0.3646,0.5695,0.4998,0.4998,0.0410,0.0574,0.0737,0.0737,0.6540,0.7645,,0.1105,,33.88,-16.23,174.1,161.5,1.112,0.166,1.713
1791428909.8557158,0.7006,0.7006,0.7006,0.6350,0.4998,0.7006,0.6350,0.6350,0.7006,0.3646,0.5695,0.5695,0.4998,0.0410,0.0574,0.0410,0.0369,0.6540,0.7605,,0.1065,,33.91,-16.24,173.4,160.6,1.067,0.165,1.625
1791428909.8893812,0.6350,0.6350,0.8767,0.5695,0.4998,0.5695,0.7006,0.4302,0.4302,0.4302,0.5695,0.4998,0.5695,0.0410,0.0574,0.0410,0.0369,0.6550,0.7720,,0.1170,,34.27,-16.30,173.6,160.1,1.147,0.164,1.781
1791428909.9225442,0.4998,0.6350,0.5695,0.5695,0.2991,0.7538,0.7538,0.6350,0.6350,0.1966,0.3646,0.4998,0.4998,0.0246,0.0164,0.0369,0.0369,0.6550,0.7630,,0.1080,,34.23,-16.33,173.2,160.9,1.076,0.163,1.713
1791428909.9637232,0.4998,0.6350,0.6350,0.5695,0.4302,0.6350,0.5695,0.4998,0.7006,0.6350,0.5695,0.4998,0.5695,0.0737,0.0410,0.0574,0.0410,0.6540,0.7655,,0.1115,,34.13,-16.35,173.1,161.7,1.098,0.164,1.698
1791428909.9966424,0.4302,0.6350,0.4998,0.4998,0.7538,0.6350,0.5695,0.5695,0.5695,0.2991,0.4998,0.4998,0.5695,0.0164,0.0205,0.0410,0.0246,0.6550,0.7590,,0.1040,,33.46,-16.41,173.4,162.3,1.030,0.166,1.769
1791428910.0270345,0.6350,0.4998,0.5695,0.6350,0.4998,0.4998,0.5695,0.4998,0.4998,0.3646,0.4998,0.3646,0.4998,0.1229,0.0246,0.0737,0.0369,0.6540,0.7640,,0.1100,,33.71,-16.45,173.4,162.9,1.075,0.165,1.650
1791428910.0580802,0.4302,0.3646,0.6350,0.6350,0.7006,0.7538,0.6350,0.6350,0.2991,0.5695,0.6350,0.5695,0.4998,0.0410,0.0164,0.0369,0.0369,0.6540,0.7630,,0.1090,,33.69,-16.40,172.9,161.6,1.094,0.165,1.702
1791428910.0896106,0.3646,0.5695,0.7006,0.7006,0.4998,0.7006,0.7006,0.3646,0.4302,0.2458,0.2991,0.5695,0.4998,0.0737,0.0410,0.0574,0.0574,0.6540,0.7630,,0.1090,,33.52,,173.7,161.8,1.113,0.165,
1791428910.1231437,0.5695,0.4998,0.9259,0.7006,0.4302,0.5695,0.6350,0.7006,0.5695,0.1557,0.1557,0.4998,0.4302,0.0410,0.0369,0.0369,0.0410,0.6560,0.7705,,0.1145,,34.28,,173.1,161.5,1.118,0.162,
1791428910.1557653,0.5695,0.6350,0.6350,0.7006,0.6350,0.7538,0.6350,0.7006,0.5695,0.5695,0.4998,0.4998,0.4998,0.0574,0.0574,0.0737,0.0410,0.6540,0.7685,,0.1145,,34.16,,173.5,162.4,1.137,0.164,1.805
1791428910.190165,0.5695,0.7006,0.7006,0.4998,0.4998,0.4302,0.6350,0.7538,0.4998,0.3646,0.4998,0.5695,0.5695,0.1229,0.0123,0.0942,0.0246,0.6550,0.7615,0.6320,0.1065,-0.1295,34.17,-16.52,174.1,163.2,1.047,0.163,1.609
1791428910.2226143,0.5695,0.8440,0.8440,0.5695,0.4302,0.7538,0.4998,0.7006,0.7006,0.3646,0.4302,0.4302,0.4998,0.0410,0.0410,0.0410,0.0410,0.6550,0.7635,,0.1085,,34.19,-16.44,174.0,163.9,1.112,0.162,1.687
1791428910.263949,0.4998,0.6350,0.6350,0.7006,0.5695,0.6350,0.7006,0.2458,0.5695,0.4998,0.5695,0.4302,0.5695,0.0737,0.0942,0.0574,0.0737,0.6540,0.7710,,0.1170,,34.17,-16.45,175.1,163.7,1.146,0.164,1.772
1791428910.295305,0.5695,0.8030,0.8440,0.6350,0.5695,0.8030,0.7006,0.4998,0.7006,0.3646,0.6350,0.4998,0.4998,0.0574,0.0574,0.0737,0.0737,0.6550,0.7610,,0.1060,,34.18,-16.50,174.9,162.7,1.049,0.162,1.608
1791428910.326043,0.4998,0.7538,0.4998,0.8030,0.4998,0.6350,0.7006,0.5695,0.3646,0.4998,0.5695,0.4998,0.4998,0.0205,0.0164,0.0574,0.0410,0.6550,0.7725,,0.1175,,34.02,-16.43,174.7,163.0,1.184,0.166,1.899
1791428910.3578906,0.6350,0.4998,0.8030,0.7538,0.6350,0.4302,0.7538,0.5695,0.7006,0.1557,0.5695,0.4998,0.5695,0.0369,0.0410,0.0574,0.0369,0.6540,0.7720,,0.1180,,34.75,-16.46,174.1,163.6,1.152,0.163,1.835
1791428910.3893006,0.5695,0.6350,0.7006,0.5695,0.4302,0.7538,0.6350,0.7538,0.5695,0.4302,0.2991,0.5695,0.4998,0.0410,0.0942,0.0737,0.0410,0.6550,0.7665,,0.1115,,35.22,-16.59,177.4,163.5,1.067,0.160,1.609
1791428910.4226267,0.4302,0.7006,0.5695,0.7006,0.4998,0.6350,0.6350,0.6350,0.4302,0.4302,0.4302,0.4302,0.5695,0.0410,0.0574,0.0574,0.0369,0.6550,0.7705,,0.1155,,34.75,-16.63,177.0,163.8,1.121,0.163,1.776
1791428910.4564438,0.4302,0.6350,0.7538,0.6350,0.7538,0.6350,0.6350,0.7006,0.4998,0.4302,0.1557,0.3646,0.4998,0.0410,0.0737,0.0737,0.0410,0.6540,0.7630,,0.1090,,34.43,-16.70,176.6,164.1,1.046,0.164,1.687
1791428910.4885552,0.4998,0.4998,0.8440,0.5695,0.4302,0.5695,0.7006,0.6350,0.5695,0.1557,0.3646,0.4302,0.4998,0.0369,0.0410,0.0369,0.0574,0.6550,0.7645,,0.1095,,34.19,-16.59,175.5,165.0,1.118,0.165,1.803
1791428910.5231276,0.5695,0.7538,0.6350,0.7006,0.5695,0.4998,0.7538,0.8030,0.4998,0.4302,0.5695,0.5695,0.4302,0.0574,0.0737,0.0369,0.0410,0.6540,0.7650,,0.1110,,33.83,-16.60,175.5,164.5,1.087,0.167,1.773
1791428910.5632975,0.4998,0.6350,0.9054,0.4302,0.6350,0.7006,0.6350,0.6350,0.4998,0.1557,0.4998,0.4998,0.4302,0.0246,0.0574,0.0369,0.0369,0.6540,0.7695,,0.1155,,34.22,-16.66,176.6,164.7,1.107,0.165,1.863
1791428910.59431,0.4302,0.8030,0.8030,0.6350,0.6350,0.4998,0.6350,0.7006,0.7538,0.4302,0.4998,0.4998,0.4998,0.0246,0.0574,0.0369,0.0246,0.6600,0.7655,,0.1055,,34.07,-16.58,176.0,164.7,1.117,0.164,1.740
1791428910.6259167,0.4998,0.8767,0.7006,0.6350,0.4302,0.6350,0.8440,0.6350,0.5695,0.4998,0.1557,0.4302,0.4998,0.0410,0.0410,0.0574,0.0410,0.6540,0.7710,,0.1170,,34.39,-16.69,175.1,164.9,1.103,0.164,1.719
1791428910.6578536,0.4302,0.6350,0.8030,0.6350,0.6350,0.4998,0.7006,0.6350,0.5695,0.1966,0.4302,0.4998,0.5695,0.0205,0.0164,0.0574,0.0369,0.6540,0.7690,,0.1150,,34.46,-16.61,174.9,165.5,1.147,0.164,1.845
1791428910.69094,0.3646,0.6350,0.8030,0.6350,0.5695,0.5695,0.5695,0.5695,0.7538,0.4302,0.1966,0.5695,0.5695,0.0246,0.0737,0.0410,0.0369,0.6620,0.7690,0.6330,0.1070,-0.1360,33.39,-16.57,174.7,165.3,1.152,0.169,1.881
1791428910.7228014,0.3646,0.7538,0.8440,0.6350,0.4998,0.6350,0.8030,0.7538,0.4998,0.2458,0.4998,0.4302,0.5695,0.0410,0.0942,0.0369,0.0369,0.6550,0.7690,,0.1140,,33.73,-16.48,174.9,165.3,1.161,0.168,1.784
1791428910.7565198,0.6350,0.7006,0.8030,0.7006,0.4998,0.6350,0.7006,0.7006,0.4302,0.2458,0.4302,0.4998,0.4998,0.0410,0.0737,0.0574,0.0410,0.6540,0.7690,,0.1150,,34.14,-16.60,174.5,165.6,1.094,0.166,1.778
1791428910.7897115,0.2991,0.5695,0.8440,0.6350,0.6350,0.7006,0.7006,0.4998,0.7538,0.2458,0.4998,0.4302,0.4998,0.0410,0.0574,0.0410,0.0410,,0.7575,,,,34.14,-16.60,174.1,163.6,1.029,0.166,
1791428910.8228853,0.6350,0.5695,0.6350,0.6350,0.5695,0.6350,0.7006,0.4998,0.5695,0.4998,0.6350,0.4302,0.4998,0.0410,0.0369,0.0369,0.0410,0.6540,0.7640,,0.1100,,33.93,-16.54,173.7,162.7,1.103,0.167,1.762
1791428910.8640733,0.3646,0.8030,0.7538,0.5695,0.4302,0.4302,0.7006,0.7538,0.5695,0.2991,0.5695,0.5695,0.4998,0.0410,0.0246,0.0942,0.0369,0.6540,0.7665,,0.1125,,33.69,-16.47,174.0,163.2,1.137,0.168,1.858
1791428910.8967896,0.4998,0.7006,0.6350,0.8030,0.6350,0.6350,0.5695,0.4302,0.7006,0.1557,0.4302,0.4302,0.5695,0.0574,0.0246,0.0246,0.0246,0.6540,0.7690,,0.1150,,33.90,-16.58,174.0,163.6,1.097,0.168,1.863
1791428910.9278085,0.6350,0.7006,0.7538,0.5695,0.7006,0.7538,0.2991,0.6350,0.4302,0.4302,0.5695,0.4998,0.5695,0.0410,0.0574,0.0410,0.0369,0.6570,,,,,33.90,-16.58,174.0,163.6,,,
1791428910.9592278,0.3646,0.7006,0.8440,0.5695,0.6350,0.5695,0.4998,0.7006,0.6350,0.2458,0.4998,0.4302,0.5695,0.0574,0.0123,0.0410,0.0410,0.6540,0.7715,,0.1175,,34.00,-16.48,174.7,163.6,1.183,0.169,1.909
1791428910.990969,0.6350,0.6350,0.8767,0.6350,0.4998,0.6350,0.7006,0.5695,0.4998,0.3646,0.4302,0.4998,0.5695,0.0369,0.0737,0.0410,0.0574,0.6540,0.7645,,0.1105,,33.87,-16.44,174.6,162.6,1.113,0.168,1.716
1791428911.023557,0.3646,0.6350,0.7006,0.5695,0.2991,0.7538,0.5695,0.4998,0.4998,0.4302,0.4302,0.4302,0.4998,0.0410,0.0574,0.0574,0.0574,0.6540,0.7630,,0.1090,,33.81,-16.47,174.6,162.9,1.075,0.168,1.668
1791428911.0570219,0.4302,0.5695,0.4998,0.6350,0.4302,0.5695,0.7006,0.1966,0.4998,0.2991,0.4302,0.4302,0.4998,0.0369,0.0164,0.0369,0.0369,0.6540,0.7610,,0.1070,,33.70,-16.49,174.9,163.4,1.062,0.167,1.771
1791428911.0905585,0.3646,0.6350,0.7538,0.7006,0.4302,0.6350,0.6350,0.6350,0.4998,0.0942,0.2458,0.3646,0.3646,0.0737,0.0205,0.0369,0.0164,0.6540,0.7590,,0.1050,,33.79,-16.58,174.5,163.5,1.020,0.164,
1791428911.1235118,0.3646,0.7006,0.7538,0.7006,0.4302,0.6350,0.4998,0.2458,0.3646,0.2458,0.6350,0.5695,0.5695,0.0369,0.0369,0.0410,0.0410,0.6550,0.7695,0.6360,0.1145,-0.1335,33.70,-16.38,174.6,162.3,1.190,0.166,1.926
1791428911.157824,0.6350,0.7006,0.9259,0.5695,0.6350,0.7006,0.4998,0.6350,0.4998,0.1557,0.1966,0.5695,0.4998,0.0369,0.0737,0.0410,0.0410,0.6540,0.7675,,0.1135,,33.68,-16.33,174.7,162.9,1.147,0.167,
1791428911.1987169,0.4998,0.8440,0.6350,0.4998,0.5695,0.6350,0.5695,0.5695,0.7006,0.1557,0.4302,0.4302,0.4998,0.0205,0.0574,0.0942,0.0410,0.6540,0.7725,,0.1185,,34.06,-16.28,174.3,162.5,1.193,0.167,1.874
1791428911.2308025,0.4998,0.6350,0.8030,0.7006,0.4998,0.7006,0.7538,0.4302,0.4998,0.2991,0.5695,0.4302,0.4998,0.0410,0.0410,0.0410,0.0410,0.6550,0.7710,,0.1160,,34.21,-16.35,174.3,163.6,1.137,0.167,1.859
1791428911.2625227,0.4302,0.5695,0.8030,0.6350,0.4998,0.4302,0.7538,0.5695,0.7538,0.3646,0.6350,0.2991,0.3646,0.0574,0.0369,0.0369,0.0369,0.6550,0.7615,,0.1065,,34.42,-16.40,173.7,163.8,,0.164,1.647
1791428911.294604,0.4998,0.8440,0.7006,0.4998,0.6350,0.5695,0.7006,0.6350,0.5695,0.1966,0.4302,0.4998,0.4998,0.0574,0.0737,0.0410,0.0410,0.6550,0.7635,,0.1085,,34.14,-16.40,173.2,164.2,1.094,0.164,1.806
1791428911.3252788,0.4998,0.7006,0.8030,0.7006,0.2991,0.7538,0.5695,0.7006,0.4302,0.6350,0.5695,0.4998,0.4998,0.0574,0.0369,0.1229,0.0410,0.6540,0.7680,,0.1140,,34.28,-16.41,172.7,163.6,1.127,0.164,1.700
1791428911.357979,0.4998,0.5695,0.7006,0.6350,0.4998,0.4302,0.6350,0.7006,0.4998,0.4998,0.2991,0.5695,0.5695,0.0942,0.0737,0.0369,0.0574,0.6540,0.7755,0.6360,0.1215,-0.1395,34.97,-16.43,173.2,163.7,1.176,0.163,1.739
1791428911.3912594,0.5695,0.6350,0.6350,0.7006,0.4998,0.5695,0.6350,0.7538,0.3646,0.6350,0.2458,0.5695,0.4998,0.0410,0.0369,0.0574,0.0369,0.6540,0.7730,,0.1190,,34.92,-16.42,173.4,163.3,1.171,0.164,1.785
1791428911.4237838,0.5695,0.4998,0.4998,0.6350,0.3646,0.7006,0.7006,0.6350,0.5695,0.4302,0.1966,0.5695,0.4998,0.0246,0.0164,0.0737,0.0737,0.6550,0.7655,,0.1105,,34.82,-16.52,173.0,163.7,1.071,0.164,1.655
1791428911.4568777,0.2991,0.8440,0.8767,0.6350,0.5695,0.6350,0.7006,0.4998,0.4302,0.4302,0.2991,0.4998,0.4998,0.0410,0.0737,0.0369,0.0737,,0.7695,,,,34.82,-16.52,172.9,163.1,1.057,0.164,
1791428911.4908862,0.4998,0.6350,0.7006,0.6350,0.5695,0.8030,0.7006,0.4302,0.5695,0.4302,0.3646,0.4998,0.4998,0.0369,0.0574,0.0737,0.0369,0.6540,0.7700,,0.1160,,34.53,-16.53,173.6,163.4,1.132,0.166,1.752
1791428911.5322845,0.4998,0.7538,0.8030,0.8030,0.4998,0.5695,0.6350,0.4998,0.6350,0.1557,0.1966,0.4302,0.4998,0.0246,0.0410,0.0410,0.0369,0.6540,0.7675,,0.1135,,34.71,-16.58,173.7,163.5,1.098,0.165,
1791428911.5641766,0.6350,0.6350,0.8440,0.6350,0.4998,0.7006,0.6350,0.6350,0.5695,0.3646,0.4302,0.3646,0.4998,0.0410,0.1229,0.0410,0.0574,0.6550,0.7685,,0.1135,,34.99,-16.68,173.3,163.0,1.084,0.163,1.686
1791428911.5962949,0.5695,0.6350,0.7006,0.5695,0.4998,0.6350,0.6350,0.7006,0.4302,0.1229,0.1557,0.5695,0.4998,0.0574,0.0410,0.0737,0.0410,0.6540,0.7665,,0.1125,,34.60,-16.73,172.8,162.7,1.079,0.165,
1791428911.6277068,0.4302,0.6350,0.8030,0.4998,0.4302,0.5695,0.6350,0.4302,0.4998,0.5695,0.1557,0.4998,0.4998,0.0574,0.0574,0.0369,0.0574,0.6540,0.7705,,0.1165,,34.80,-16.68,173.0,162.8,1.142,0.164,1.739
1791428911.6600883,0.4998,0.8030,0.7538,0.5695,0.5695,0.7006,0.5695,0.5695,0.5695,0.4302,0.2458,0.7006,0.5695,0.0737,0.0410,0.0737,0.0574,0.6540,0.7655,0.6350,0.1115,-0.1305,34.40,-16.52,173.2,162.7,1.147,0.166,1.772
1791428911.69103,0.2458,0.5695,0.5695,0.4998,0.3646,0.6350,0.7006,0.6350,0.4998,0.5695,0.4998,0.4998,0.3646,0.0410,0.0410,0.0369,0.0369,,0.7705,,,,34.40,-16.52,173.7,162.8,1.092,0.166,
1791428911.7236736,0.7006,0.7538,0.8030,0.7006,0.2991,0.6350,0.7538,0.6350,0.7538,0.1966,0.3646,0.4998,0.4998,0.0942,0.0574,0.0410,0.0410,0.6540,0.7610,,0.1070,,34.23,-16.48,173.9,162.1,1.076,0.165,1.696
1791428911.757479,0.5695,0.7006,0.7538,0.4302,0.4998,0.5695,0.7006,0.7006,0.5695,0.4302,0.4302,0.5695,0.5695,0.0369,0.0574,0.0410,0.0574,0.6550,0.7630,0.6310,0.1080,-0.1320,33.76,-16.70,173.7,162.1,1.037,0.167,1.675
1791428911.7914178,0.7006,0.6350,0.8030,0.6350,0.2991,0.7006,0.5695,0.4998,0.6350,0.1557,0.4302,0.4998,0.4998,0.0574,0.0737,0.0410,0.0574,0.6540,0.7715,,0.1175,,33.81,-16.53,174.4,162.7,1.205,0.168,1.999
1791428911.825341,0.6350,0.7006,0.8030,0.8030,0.6350,0.6350,0.7538,0.5695,0.4998,0.1966,0.0574,0.4302,0.4302,0.0410,0.0574,0.0410,0.0246,0.6540,0.7670,,0.1130,,33.59,-16.38,174.3,162.8,1.172,0.170,
1791428911.8589015,0.4302,0.7538,0.5695,0.7006,0.4998,0.4998,0.7006,0.5695,0.4998,0.1966,0.5695,0.4302,0.5695,0.0369,0.0410,0.0574,0.0410,0.6550,0.7675,,0.1125,,33.46,-16.33,174.6,162.7,1.151,0.171,1.872
1791428911.8985956,0.4302,0.6350,0.8440,0.5695,0.2991,0.6350,0.7538,0.6350,0.4998,0.0942,0.4302,0.4998,0.5695,0.0942,0.0574,0.0574,0.0737,0.6540,0.7650,,0.1110,,33.28,-16.24,175.7,162.9,1.147,0.171,1.919
1791428911.9296982,0.3646,0.8030,0.8030,0.7538,0.5695,0.4998,0.7538,0.4998,0.3646,0.3646,0.5695,0.4302,0.5695,0.0369,0.0205,0.0574,0.0574,0.6540,0.7730,,0.1190,,33.82,-16.50,175.9,162.6,1.096,0.170,1.723
1791428911.9614677,0.3646,0.6350,0.8030,0.4998,0.4302,0.4998,0.7006,0.4998,0.7538,0.4302,0.5695,0.4302,0.4998,0.0369,0.0123,0.0246,0.0574,0.6540,0.7660,,0.1120,,34.07,-16.58,175.4,162.3,1.084,0.168,1.664
1791428911.993586,0.4302,0.7006,0.8767,0.6350,0.7538,0.8030,0.7538,0.5695,0.7538,0.1229,0.4302,0.5695,0.4302,0.0574,0.0123,0.0369,0.0246,0.6540,0.7595,,0.1055,,33.63,-16.63,175.3,163.1,1.033,0.168,1.732
1791428912.0248048,0.7538,0.4998,0.9054,0.7538,0.5695,0.6350,0.4998,0.4302,0.6350,0.2458,0.1557,0.4998,0.6350,0.0369,0.0410,0.0737,0.0737,0.6540,0.7625,,0.1085,,33.21,-16.42,175.1,163.1,1.146,0.170,
1791428912.0578475,0.6350,0.5695,0.5695,0.6350,0.7538,0.6350,0.3646,0.2991,0.4302,0.2991,0.1966,0.5695,0.6350,0.0942,0.0164,0.0574,0.0369,0.6540,0.7635,0.6410,0.1095,-0.1225,33.13,-16.18,174.3,162.6,1.127,0.170,
1791428912.0911958,0.3646,0.4998,0.7006,0.7006,0.6350,0.7006,0.6350,0.6350,0.4302,0.0942,0.5695,0.4998,0.4302,0.0574,0.0369,0.0410,0.0369,0.6540,0.7660,,0.1120,,33.10,-16.18,174.8,162.9,1.122,0.170,1.875
1791428912.1255853,0.4302,0.8030,0.6350,0.5695,0.3646,0.5695,0.6350,0.7006,0.6350,0.2991,0.5695,0.4302,0.5695,0.0574,0.0574,0.0410,0.0410,0.6540,0.7720,,0.1180,,33.38,-16.20,174.5,164.1,1.167,0.171,1.918
1791428912.158677,0.3646,0.8440,0.7006,0.7006,0.3646,0.7006,0.7006,0.4998,0.4998,0.1966,0.6350,0.6350,0.5695,0.0410,0.0574,0.0410,0.0369,0.6550,0.7635,0.6350,0.1085,-0.1285,33.31,-16.21,174.5,164.4,1.103,0.170,1.762
1791428912.191471,0.5695,0.5695,0.6350,0.7006,0.4302,0.6350,0.7006,0.7538,0.4998,0.4998,0.0942,0.5695,0.4998,0.0205,0.0410,0.0410,0.0574,0.6540,0.7640,,0.1100,,33.51,-16.28,174.5,164.4,1.079,0.168,1.736
1791428912.2318938,0.6350,0.7006,0.6350,0.5695,0.6350,0.5695,0.6350,0.5695,0.4998,0.4302,0.4998,0.6350,0.4998,0.0410,0.0082,0.0369,0.0410,0.6540,0.7660,,0.1120,,33.43,-16.27,173.8,164.1,1.122,0.169,1.766
1791428912.2638261,0.4998,0.6350,0.6350,0.4998,0.4302,0.7006,0.7006,0.6350,0.6350,0.1966,0.4998,0.4998,0.5695,0.0205,0.0942,0.0737,0.0574,0.6540,0.7725,,0.1185,,33.77,-16.29,174.7,163.5,1.167,0.169,1.890
1791428912.2959738,0.4302,0.5695,0.8440,0.6350,0.4302,0.4998,0.6350,0.4302,0.4998,0.1557,0.3646,0.5695,0.5695,0.0205,0.0205,0.0369,0.0574,0.6540,0.7670,0.6380,0.1130,-0.1290,34.24,-16.38,173.8,164.0,1.071,0.166,1.769
1791428912.3269236,0.3646,0.7538,0.7006,0.6350,0.2991,0.4998,0.7006,0.7006,0.5695,0.1557,0.2458,0.5695,0.4302,0.0369,0.0369,0.0369,0.0574,0.6540,0.7695,,0.1155,,34.50,-16.42,175.0,163.9,1.121,0.165,
1791428912.3597522,0.4998,0.4302,0.8030,0.4998,0.6350,0.7006,0.3646,0.7006,0.5695,0.3646,0.3646,0.2991,0.4998,0.0410,0.0942,0.0410,0.0574,0.6540,0.7690,,0.1150,,34.48,-16.39,175.1,163.5,,0.166,1.768
1791428912.3920898,0.4998,0.6350,0.8030,0.7006,0.2991,0.5695,0.4998,0.4302,0.3646,0.4302,0.4998,0.4302,0.6350,0.0205,0.0410,0.0410,0.0369,0.6540,0.7655,,0.1115,,34.28,-16.33,174.6,163.7,1.122,0.166,1.789
1791428912.4244964,0.4998,0.6350,0.5695,0.7006,0.4302,0.7538,0.5695,0.7006,0.6350,0.4302,0.3646,0.5695,0.4998,0.0410,0.0942,0.0574,0.0369,0.6540,0.7680,,0.1140,,34.54,-16.47,173.9,163.4,1.079,0.165,1.703
1791428912.4586647,0.3646,0.6350,0.8440,0.6350,0.2458,0.8030,0.6350,0.4998,0.5695,0.1966,0.1229,0.4998,0.4998,0.0737,0.1229,0.0737,0.0574,0.6540,0.7635,,0.1095,,34.06,-16.45,174.5,163.5,1.083,0.167,
1791428912.4918942,0.4998,0.7006,0.7538,0.5695,0.5695,0.7538,0.5695,0.5695,0.4302,0.2458,0.4302,0.4998,0.4998,0.0737,0.0410,0.0574,0.0574,0.6540,0.7665,,0.1125,,34.32,-16.59,173.6,164.1,1.056,0.165,1.790
1791428912.5254295,0.5695,0.7006,0.4302,0.7538,0.7538,0.7006,0.7006,0.4998,0.5695,0.4302,0.4302,0.5695,0.5695,0.0737,0.0574,0.0737,0.0369,0.6560,0.7715,0.6320,0.1155,-0.1395,34.74,-16.66,173.8,163.9,1.147,0.163,1.717
1791428912.5649347,0.6350,0.5695,0.8030,0.4998,0.5695,0.7538,0.6350,0.7006,0.6350,0.1966,0.1557,0.4302,0.4302,0.0246,0.0737,0.0410,0.0410,0.6540,0.7560,,0.1020,,34.32,-16.78,173.4,163.8,0.966,0.163,
1791428912.5969775,0.4998,0.7006,0.4998,0.7538,0.6350,0.7006,0.8030,0.7006,0.4302,0.0737,0.4302,0.4998,0.4998,0.0205,0.0574,0.0410,0.0574,0.6550,0.7680,,0.1130,,34.46,-16.72,173.3,163.8,1.122,0.162,1.803
1791428912.6292062,0.5695,0.7538,0.8030,0.5695,0.4302,0.5695,0.4302,0.7006,0.4302,0.4998,0.1557,0.4998,0.5695,0.0574,0.0737,0.0410,0.0369,0.6540,0.7670,,0.1130,,34.55,-16.58,172.9,164.0,1.146,0.162,1.750
1791428912.6624339,0.3646,0.7006,0.8030,0.4302,0.6350,0.6350,0.7006,0.6350,0.4302,0.5695,0.4302,0.5695,0.5695,0.0410,0.0410,0.0574,0.0410,0.6540,0.7690,0.6380,0.1150,-0.1310,34.59,-16.35,173.6,164.3,1.183,0.163,1.789
1791428912.692698,0.6350,0.6350,0.8440,0.4998,0.6350,0.5695,0.8030,0.7538,0.7538,0.3646,0.5695,0.4302,0.5695,0.0369,0.0410,0.0369,0.0369,0.6550,0.7695,,0.1145,,34.60,-16.37,173.7,163.6,1.132,0.164,1.750
1791428912.7260778,0.4302,0.8440,0.8767,0.6350,0.4998,0.7538,0.7006,0.7538,0.6350,0.4302,0.0942,0.4998,0.5695,0.0369,0.0942,0.0410,0.0410,0.6540,0.7655,,0.1115,,34.58,-16.53,173.1,163.8,1.047,0.163,1.667
1791428912.7585464,0.2991,0.6350,0.6350,0.6350,0.5695,0.7538,0.5695,0.5695,0.6350,0.2991,0.0942,0.5695,0.4998,0.1229,0.0410,0.0942,0.0574,,0.7700,,,,34.58,-16.53,173.8,164.8,1.198,0.163,
1791428912.7921524,0.7006,0.7538,0.8440,0.6350,0.3646,0.6350,0.5695,0.5695,0.7006,0.2991,0.4998,0.6350,0.6350,0.0369,0.0369,0.0369,0.0410,0.6540,0.7680,0.6320,0.1140,-0.1360,34.91,-16.57,173.2,164.8,1.132,0.162,1.795
1791428912.8258839,0.5695,0.5695,0.7538,0.5695,0.4302,0.5695,0.8030,0.5695,0.5695,0.4998,0.1966,0.4302,0.4998,0.0410,0.0737,0.0737,0.0574,0.6550,0.7645,,0.1095,,34.63,-16.69,173.3,164.9,1.044,0.162,1.687
1791428912.8581493,0.4302,0.6350,0.8030,0.6350,0.7006,0.7006,0.7538,0.3646,0.4998,0.4998,0.4302,0.5695,0.4998,0.0369,0.0369,0.0369,0.0737,0.6540,0.7695,,0.1155,,34.52,-16.64,173.5,165.1,1.142,0.164,1.765
1791428912.8921244,0.6350,0.7006,0.5695,0.7006,0.5695,0.5695,0.6350,0.2458,0.5695,0.4302,0.4998,0.6350,0.4998,0.0410,0.0164,0.0574,0.0369,0.6540,0.7600,,0.1060,,34.60,-16.60,172.1,164.7,1.059,0.162,1.605
1791428912.9308858,0.6350,0.7006,0.6350,0.5695,0.5695,0.8440,0.6350,0.6350,0.6350,0.1966,0.2991,0.4998,0.4998,0.0246,0.0942,0.0410,0.0574,0.6540,0.7650,,0.1110,,34.47,-16.67,172.7,164.7,1.065,0.162,
1791428912.9630103,0.2991,0.6350,0.6350,0.7006,0.6350,0.6350,0.8030,0.7006,0.5695,0.4302,0.4302,0.4998,0.4998,0.0164,0.0369,0.0737,0.0369,,0.7710,,,,34.47,-16.67,172.9,164.2,1.088,0.162,
1791428912.9954162,0.4302,0.7538,0.6350,0.7006,0.5695,0.6350,0.5695,0.1966,0.4998,0.2458,0.2991,0.2991,0.5695,0.0164,0.0410,0.0737,0.0410,0.6540,0.7695,,0.1155,,34.45,-16.66,173.9,164.2,,0.164,
1791428913.025934,0.7006,0.7538,0.8030,0.4998,0.5695,0.5695,0.6350,0.7538,0.4998,0.3646,0.2991,0.4302,0.4998,0.0410,0.0737,0.0737,0.0574,0.6540,0.7745,,0.1205,,34.71,-16.53,173.9,163.8,1.211,0.164,1.872
1791428913.0588868,0.7006,0.7006,0.7538,0.4998,0.6350,0.8030,0.7006,0.7006,0.5695,0.2991,0.2991,0.4998,0.6350,0.0369,0.0737,0.0574,0.0410,0.6540,0.7650,,0.1110,,34.37,-16.40,174.0,164.2,1.141,0.166,
1791428913.0928407,0.6350,0.6350,0.7006,0.4302,0.5695,0.5695,0.5695,0.4998,0.5695,0.4998,0.4998,0.4302,0.4998,0.0369,0.0369,0.0410,0.0369,0.6550,0.7690,,0.1140,,34.97,-16.63,173.4,163.7,1.057,0.162,1.646
1791428913.125824,0.4302,0.6350,0.5695,0.8030,0.4302,0.7006,0.6350,0.6350,0.5695,0.2991,0.4302,0.4302,0.5695,0.0410,0.0410,0.0574,0.0574,0.6540,0.7685,,0.1145,,35.02,-16.74,174.2,163.1,1.079,0.162,1.756
1791428913.1600037,0.5695,0.8030,0.7538,0.5695,0.4302,0.7006,0.4998,0.4998,0.5695,0.4302,0.2991,0.4998,0.4302,0.0574,0.0410,0.0369,0.0369,0.6550,0.7675,,0.1125,,35.04,-16.66,173.4,163.3,1.127,0.162,1.726
1791428913.2002397,0.4302,0.4998,0.8440,0.8030,0.7538,0.8440,0.4998,0.7006,0.5695,0.1966,0.1557,0.4998,0.4302,0.0574,0.0574,0.0410,0.0369,0.6540,0.7705,,0.1165,,34.78,-16.56,173.5,163.2,1.167,0.164,
1791428913.2326703,0.4998,0.8030,0.6350,0.4998,0.4302,0.7006,0.4998,0.3646,0.6350,0.4998,0.2991,0.4302,0.5695,0.0410,0.0574,0.0574,0.0410,0.6540,0.7635,,0.1095,,34.61,-16.55,173.9,162.9,1.084,0.164,1.713
1791428913.2638636,0.7006,0.5695,0.6350,0.6350,0.6350,0.6350,0.6350,0.5695,0.4302,0.1557,0.3646,0.4998,0.4998,0.0737,0.0942,0.0410,0.0369,0.6540,0.7625,,0.1085,,34.38,-16.58,174.4,163.3,1.061,0.164,1.766
1791428913.295666,0.2458,0.8030,0.6350,0.4998,0.4302,0.7538,0.7538,0.7006,0.5695,0.1966,0.1557,0.4998,0.4998,0.0410,0.0410,0.0369,0.0574,,0.7715,,,,34.38,-16.58,174.9,163.9,1.188,0.164,
1791428913.327056,0.5695,0.7006,0.7006,0.5695,0.4302,0.4998,0.5695,0.4998,0.6350,0.1557,0.4998,0.4998,0.5695,0.0369,0.0369,0.0246,0.0369,0.6550,0.7690,,0.1140,,34.15,,174.7,163.5,1.122,0.166,1.864
1791428913.3598917,0.7006,0.7006,0.5695,0.5695,0.6350,0.4998,0.4998,0.4998,0.4302,0.5695,0.1557,0.4302,0.5695,0.0942,0.0574,0.0410,0.0410,0.6550,0.7710,,0.1160,,34.25,,174.7,163.8,1.142,0.166,1.830
1791428913.3937836,0.5695,0.6350,0.7006,0.5695,0.4302,0.7538,0.4302,0.5695,0.4302,0.4302,0.4998,0.4998,0.4998,0.0205,0.0737,0.0246,0.0410,0.6540,0.7675,,0.1135,,34.37,,173.9,163.8,1.108,0.166,1.713
1791428913.427371,0.5695,0.7006,0.4302,0.4998,0.5695,0.5695,0.4302,0.4302,0.5695,0.4302,0.4302,0.4998,0.4302,0.0246,0.0942,0.0737,0.0574,0.6550,0.7595,,0.1045,,34.09,,173.8,163.7,1.067,0.165,1.640
1791428913.4604273,0.4302,0.6350,0.7006,0.7006,0.6350,0.7538,0.8030,0.5695,0.4998,0.5695,0.4998,0.5695,0.5695,0.0737,0.0574,0.0574,0.0410,0.6540,0.7605,0.6400,0.1065,-0.1205,33.98,-16.47,173.2,162.2,1.036,0.164,1.617
1791428913.5020707,0.5695,0.6350,0.6350,0.6350,0.5695,0.6350,0.6350,0.6350,0.7006,0.4998,0.4998,0.4998,0.5695,0.0246,0.0574,0.0369,0.0410,0.6540,0.7625,,0.1085,,33.85,-16.43,173.2,160.7,1.084,0.164,1.687
1791428913.5337327,0.6350,0.7538,0.6350,0.7006,0.3646,0.5695,0.6350,0.7006,0.4302,0.3646,0.4998,0.5695,0.4998,0.0369,0.0164,0.0574,0.0410,0.6540,0.7670,,0.1130,,34.11,-16.60,172.7,161.6,1.052,0.163,1.717
1791428913.5655296,0.3646,0.7538,0.8440,0.6350,0.4998,0.7006,0.7006,0.5695,0.3646,0.1966,0.2991,0.4998,0.4998,0.0369,0.0123,0.0574,0.0410,0.6590,0.7705,,0.1115,,34.14,-16.59,172.7,161.7,1.131,0.164,
1791428913.5970528,0.6350,0.7538,0.6350,0.5695,0.4998,0.4302,0.4998,0.6350,0.4302,0.2991,0.4998,0.3646,0.5695,0.0205,0.0164,0.0410,0.0369,0.6540,0.7685,,0.1145,,34.45,-16.64,172.4,161.7,1.094,0.163,1.829
1791428913.628112,0.4998,0.7538,0.8767,0.6350,0.7538,0.8030,0.7006,0.4998,0.4302,0.5695,0.3646,0.4998,0.3646,0.0574,0.0410,0.0574,0.0574,0.6540,0.7695,,0.1155,,34.79,-16.57,172.2,163.1,1.142,0.162,1.734
1791428913.6607418,0.4998,0.6350,0.8767,0.6350,0.4998,0.6350,0.7538,0.5695,0.4302,0.4302,0.2458,0.5695,0.5695,0.0369,0.0369,0.0942,0.0246,0.6550,0.7610,0.6320,0.1060,-0.1290,34.37,-16.69,171.9,163.6,1.044,0.162,1.656
1791428913.6929877,0.4302,0.7006,0.4998,0.6350,0.3646,0.8030,0.6350,0.7006,0.5695,0.4998,0.5695,0.3646,0.5695,0.0369,0.0369,0.0410,0.0737,0.6540,0.7660,,0.1120,,34.46,-16.66,171.8,164.0,1.098,0.162,1.695
1791428913.7276342,0.5695,0.7538,0.8030,0.6350,0.5695,0.7006,0.6350,0.8440,0.4302,0.4998,0.5695,0.5695,0.4998,0.0205,0.0574,0.1229,0.0737,0.6540,0.7660,,0.1120,,34.43,-16.58,171.9,164.0,1.122,0.163,1.708
1791428913.7593968,0.7006,0.7006,0.8767,0.6350,0.5695,0.7538,0.6350,0.5695,0.5695,0.3646,0.1557,0.4302,0.4998,0.0410,0.0410,0.0574,0.0737,0.6540,0.7615,,0.1075,,34.28,-16.67,171.9,164.1,1.030,0.162,1.624
1791428913.7935555,0.4998,0.7006,0.8767,0.4302,0.3646,0.3646,0.5695,0.3646,0.3646,0.3646,0.4302,0.5695,0.5695,0.0410,0.0410,0.0574,0.0369,0.6540,0.7635,0.6320,0.1095,-0.1315,34.23,-16.69,172.6,164.5,1.089,0.162,1.667
1791428913.8356092,0.3646,0.7006,0.9054,0.7006,0.3646,0.6350,0.6350,0.5695,0.2991,0.4302,0.6350,0.4998,0.5695,0.0246,0.0574,0.0574,0.0574,0.6540,0.7670,,0.1130,,34.52,-16.68,172.7,164.5,1.108,0.161,1.680
1791428913.8664556,0.4302,0.7006,0.6350,0.7006,0.2991,0.7538,0.7538,0.6350,0.4998,0.4998,0.4998,0.4998,0.4998,0.0410,0.0410,0.0737,0.0410,0.6540,0.7650,,0.1110,,34.49,-16.72,173.1,164.4,1.075,0.161,1.668
1791428913.8987274,0.4998,0.5695,0.8440,0.4998,0.3646,0.6350,0.7538,0.5695,0.4998,0.3646,0.6350,0.2991,0.4998,0.0410,0.0737,0.0369,0.0369,0.6540,0.7655,,0.1115,,34.68,-16.69,173.1,163.7,,0.161,1.668
1791428913.9308968,0.3646,0.6350,0.8767,0.7538,0.8030,0.7006,0.5695,0.4998,0.6350,0.1966,0.4998,0.5695,0.5695,0.0737,0.0123,0.0369,0.0369,0.6540,0.7660,0.6310,0.1120,-0.1350,34.58,-16.77,173.9,163.3,1.098,0.161,1.796
1791428913.9620178,0.4302,0.5695,0.8767,0.3646,0.5695,0.4998,0.7538,0.7006,0.5695,0.1966,0.4998,0.4302,0.4998,0.0410,0.0410,0.0410,0.0574,0.6540,0.7710,,0.1170,,34.47,-16.55,174.4,163.4,1.214,0.164,1.945
1791428913.9939377,0.7006,0.5695,0.7006,0.4998,0.5695,0.5695,0.7538,0.5695,0.4302,0.1966,0.4998,0.4998,0.4302,0.0574,0.0369,0.0737,0.0369,0.6540,0.7715,,0.1175,,34.92,-16.42,174.4,163.6,1.207,0.162,1.874
1791428914.0263278,0.7006,0.5695,0.5695,0.6350,0.7006,0.6350,0.6350,0.5695,0.6350,0.1966,0.3646,0.3646,0.4998,0.0246,0.0737,0.0369,0.0410,0.6540,0.7745,,0.1205,,35.24,-16.53,173.6,163.8,1.152,0.163,1.869
1791428914.0603292,0.4302,0.7006,0.6350,0.5695,0.4998,0.5695,0.6350,0.7006,0.3646,0.0942,0.3646,0.5695,0.4998,0.0410,0.0410,0.0369,0.0410,0.6540,0.7765,,0.1225,,35.70,-16.51,175.3,164.1,1.207,0.162,1.939
1791428914.094099,0.8030,0.6350,0.5695,0.5695,0.5695,0.5695,0.6350,0.4998,0.4302,0.1557,0.4302,0.5695,0.5695,0.0205,0.0574,0.0574,0.0410,0.6540,0.7625,0.6330,0.1085,-0.1295,35.62,-16.64,175.2,164.8,1.045,0.160,1.742
1791428914.1349256,0.5695,0.5695,0.6350,0.6350,0.4998,0.6350,0.5695,0.2991,0.7006,0.4302,0.4302,0.4302,0.5695,0.0574,0.0369,0.0369,0.0410,0.6540,0.7615,,0.1075,,35.20,-16.70,174.4,164.8,1.047,0.161,1.668
1791428914.1669319,0.6350,0.7006,0.8440,0.5695,0.5695,0.5695,0.5695,0.4998,0.4302,0.4302,0.1966,0.4998,0.4998,0.0205,0.0410,0.0574,0.0410,0.6540,0.7660,,0.1120,,34.77,-16.61,174.6,164.6,1.137,0.163,1.797
1791428914.1979907,0.4998,0.5695,0.6350,0.5695,0.5695,0.6350,0.7006,0.2458,0.4302,0.4302,0.4998,0.4998,0.5695,0.0410,0.0410,0.0369,0.0369,0.6590,0.7690,,0.1100,,34.39,-16.49,175.1,163.7,1.178,0.164,1.786
1791428914.2299428,0.4998,0.7006,0.8767,0.7006,0.4998,0.7538,0.7006,0.7006,0.5695,0.4998,0.1966,0.3646,0.4998,0.0410,0.0410,0.0574,0.0410,0.6540,0.7720,,0.1180,,34.41,-16.44,175.0,163.3,1.184,0.166,1.862
1791428914.260879,0.4302,0.6350,0.7006,0.6350,0.6350,0.6350,0.6350,0.4998,0.3646,0.2991,0.1229,0.4998,0.5695,0.0410,0.0737,0.0410,0.0410,0.6540,0.7725,,0.1185,,34.77,-16.48,174.1,162.9,1.161,0.165,
1791428914.2945938,0.4998,0.7006,0.8030,0.6350,0.4302,0.6350,0.7006,0.4302,0.4998,0.4998,0.4998,0.5695,0.5695,0.0574,0.0737,0.0574,0.0369,0.6540,0.7685,0.6410,0.1145,-0.1275,35.13,-16.45,173.5,162.8,1.089,0.163,1.672
1791428914.3272607,0.5695,0.5695,0.8030,0.4998,0.6350,0.6350,0.7538,0.6350,0.4998,0.2991,0.4998,0.4302,0.5695,0.0205,0.0205,0.1229,0.0737,0.6540,0.7730,,0.1190,,34.94,-16.46,173.8,163.4,1.163,0.165,1.935
1791428914.3606353,0.4998,0.7006,0.2991,0.7006,0.4998,0.6350,0.7006,0.5695,0.4998,0.4302,0.2991,0.4302,0.5695,0.0369,0.0737,0.0410,0.0369,0.6540,0.7695,,0.1155,,35.18,-16.49,173.5,163.7,1.127,0.164,1.725
1791428914.3949609,0.5695,0.6350,0.6350,0.6350,0.6350,0.5695,0.6350,0.7006,0.4998,0.2458,0.3646,0.5695,0.5695,0.0737,0.0942,0.0410,0.0737,0.6540,0.7675,0.6400,0.1135,-0.1275,35.14,-16.52,173.6,164.2,1.065,0.163,1.789
1791428914.436208,0.5695,0.8030,0.7006,0.7006,0.5695,0.7538,0.2991,0.7538,0.3646,0.4998,0.2991,0.4998,0.5695,0.0574,0.0574,0.0574,0.0737,0.6550,,,,,35.14,-16.52,173.6,164.2,,,
1791428914.4677753,0.7006,0.7006,0.7538,0.5695,0.4998,0.6350,0.7006,0.4998,0.4302,0.2458,0.4998,0.4998,0.5695,0.0410,0.0164,0.0410,0.0574,0.6550,0.7730,,0.1180,,35.34,-16.53,174.0,164.1,1.151,0.163,1.873
1791428914.5000458,0.4998,0.8030,0.9054,0.4998,0.5695,0.6350,0.6350,0.4998,0.4998,0.3646,0.3646,0.4998,0.4998,0.0410,0.0369,0.0410,0.0574,0.6590,0.7700,,0.1110,,35.66,-16.58,174.4,164.1,1.108,0.160,1.691
1791428914.531745,0.7006,0.7006,0.4998,0.6350,0.5695,0.7006,0.5695,0.5695,0.4998,0.2991,0.2458,0.4302,0.4998,0.0246,0.0369,0.0574,0.0574,0.6540,0.7610,,0.1070,,35.02,-16.52,173.8,164.4,1.071,0.162,
1791428914.5628176,0.6350,0.6350,0.6350,0.8030,0.4302,0.5695,0.7006,0.7006,0.4998,0.1966,0.3646,0.4302,0.4302,0.0574,0.0574,0.0369,0.0574,0.6540,0.7705,,0.1165,,35.23,-16.51,173.9,164.1,1.137,0.161,1.800
1791428914.5951457,0.6350,0.7006,0.5695,0.7538,0.3646,0.8030,0.7006,0.6350,0.6350,0.4998,0.4998,0.2991,0.1966,0.0164,0.0574,0.0574,0.0410,0.6540,0.7700,,0.1160,,35.31,-16.52,174.1,164.2,,0.161,1.698
1791428914.627295,0.7006,0.3646,0.5695,0.4998,0.4998,0.5695,0.7006,0.4998,0.4998,0.2991,0.2458,0.4998,0.4302,0.0410,0.0574,0.0410,0.0369,0.6540,0.7680,,0.1140,,35.37,-16.55,173.6,164.2,1.103,0.161,
1791428914.661883,0.4998,0.6350,0.5695,0.5695,0.4302,0.7538,0.4998,0.5695,0.5695,0.4302,0.2458,0.5695,0.4998,0.0737,0.0942,0.0410,0.0574,0.6540,0.7730,,0.1190,,35.43,-16.49,174.6,164.4,1.172,0.162,1.724
1791428914.6940632,0.4998,0.5695,0.4998,0.7006,0.6350,0.7006,0.6350,0.4998,0.5695,0.2991,0.2458,0.4998,0.5695,0.0246,0.0410,0.0369,0.0410,0.6540,0.7670,,0.1130,,35.55,-16.42,174.4,164.8,1.132,0.161,
1791428914.728384,0.5695,0.6350,0.4998,0.5695,0.4998,0.7538,0.6350,0.2991,0.3646,0.2458,0.4302,0.4998,0.5695,0.0246,0.0410,0.0410,0.0574,0.6540,0.7615,,0.1075,,35.39,-16.42,177.8,163.3,1.063,0.159,1.684
1791428914.7617037,0.4998,0.7006,0.7006,0.6350,0.8440,0.5695,0.4998,0.7538,0.7006,0.3646,0.7006,0.4998,0.4998,0.0369,0.0410,0.0410,0.0246,0.6550,0.7670,,0.1120,,35.18,-16.46,176.5,161.7,1.098,0.160,1.724
1791428914.8024313,0.1966,0.3646,0.8440,0.4998,0.4302,0.6350,0.8030,0.5695,0.4998,0.3646,0.4998,0.5695,0.5695,0.0369,0.0574,0.0369,0.0737,,0.7735,0.6350,,-0.1385,35.18,-16.46,176.2,162.1,1.167,0.160,
1791428914.8343728,0.4998,0.7538,0.8030,0.7538,0.5695,0.7006,0.6350,0.4998,0.5695,0.4302,0.4998,0.5695,0.5695,0.0369,0.0574,0.0410,0.0246,0.6540,0.7715,0.6330,0.1175,-0.1385,35.34,-16.48,176.2,162.2,1.162,0.161,1.795
1791428914.8654494,0.6350,0.7006,0.8030,0.6350,0.4998,0.4998,0.5695,0.6350,0.6350,0.2458,0.5695,0.6350,0.5695,0.0246,0.0574,0.0574,0.0737,0.6550,0.7645,0.6340,0.1095,-0.1305,34.54,-16.44,175.7,161.7,1.116,0.164,1.831
1791428914.897996,0.4998,0.7006,0.4998,0.7006,0.5695,0.8030,0.7538,0.4998,0.5695,0.4998,0.4302,0.4302,0.3646,0.0369,0.0574,0.0410,0.0410,0.6550,0.7665,,0.1115,,34.95,-16.43,179.2,162.2,1.116,0.161,1.709
1791428914.9296105,0.4302,0.5695,0.8767,0.2991,0.6350,0.7006,0.7006,0.6350,0.5695,0.3646,0.2991,0.4302,0.5695,0.0574,0.0574,0.0574,0.0369,0.6540,0.7690,,0.1150,,35.58,-16.59,177.5,162.0,1.077,0.158,1.653
1791428914.9616172,0.3646,0.7538,0.7538,0.6350,0.4302,0.7538,0.7006,0.6350,0.7538,0.2991,0.4302,0.5695,0.4998,0.0737,0.0369,0.0369,0.0246,0.6540,0.7650,,0.1110,,35.53,-16.53,176.8,162.7,1.113,0.158,1.782
1791428914.9946835,0.4998,0.6350,0.8767,0.7006,0.3646,0.4302,0.6350,0.4998,0.5695,0.2991,0.1229,0.5695,0.4998,0.0574,0.0410,0.0369,0.0410,0.6540,0.7730,,0.1190,,35.25,-16.44,176.1,163.2,1.193,0.161,
1791428915.0287647,0.4302,0.7006,0.6350,0.6350,0.4302,0.6350,0.7538,0.5695,0.3646,0.4302,0.5695,0.4998,0.5695,0.0246,0.0574,0.0410,0.0246,0.6540,0.7630,,0.1090,,34.73,-16.48,175.5,161.8,1.066,0.163,1.692
1791428915.0616307,0.4998,0.6350,0.6350,0.7006,0.5695,0.6350,0.6350,0.6350,0.6350,0.1966,0.4998,0.5695,0.4998,0.0574,0.0737,0.0574,0.0410,0.6550,0.7650,,0.1100,,34.71,-16.48,176.4,161.2,1.098,0.162,1.753
1791428915.095579,0.3646,0.6350,0.8767,0.6350,0.6350,0.6350,0.6350,0.6350,0.4302,0.1966,0.5695,0.4998,0.4998,0.0574,0.0574,0.0410,0.0574,0.6540,0.7640,,0.1100,,34.38,-16.45,175.7,160.3,1.098,0.164,1.770
1791428915.1374831,0.4302,0.8030,0.7538,0.7006,0.6350,0.7006,0.7006,0.4998,0.4998,0.6350,0.5695,0.3646,0.3646,0.0574,0.0164,0.0369,0.0410,0.6540,0.7650,,0.1110,,34.63,-16.48,174.7,159.5,1.090,0.162,1.692
1791428915.1696448,0.5695,0.5695,0.8030,0.7006,0.2991,0.8030,0.8030,0.4998,0.6350,0.3646,0.6350,0.5695,0.5695,0.0737,0.0737,0.0574,0.0574,0.6540,0.7605,0.6320,0.1065,-0.1285,34.54,-16.61,173.7,158.5,1.041,0.161,1.637
1791428915.201107,0.4998,0.6350,0.8440,0.7538,0.3646,0.7006,0.7538,0.2458,0.3646,0.4302,0.5695,0.5695,0.4998,0.0410,0.0737,0.0410,0.0574,0.6540,0.7635,,0.1095,,34.61,-16.72,174.1,157.9,1.041,0.160,1.607
1791428915.2326612,0.4998,0.7538,0.8030,0.6350,0.7538,0.5695,0.6350,0.4302,0.4998,0.4302,0.6350,0.4302,0.5695,0.0410,0.0942,0.0574,0.0737,0.6540,0.7665,,0.1125,,34.58,-16.71,174.3,159.1,1.103,0.161,1.692
1791428915.263821,0.4302,0.5695,0.8767,0.7538,0.4302,0.5695,0.7006,0.7006,0.7006,0.4302,0.4998,0.4998,0.5695,0.0410,0.0574,0.0574,0.0574,0.6540,0.7685,,0.1145,,34.39,-16.63,174.0,158.5,1.142,0.163,1.699
1791428915.296114,0.4302,0.6350,0.8440,0.4998,0.7538,0.7006,0.7538,0.5695,0.6350,0.1966,0.4302,0.3646,0.3646,0.0369,0.0246,0.0369,0.0410,0.6540,0.7675,,0.1135,,34.42,-16.55,173.6,159.9,1.142,0.163,1.821
1791428915.3281324,0.5695,0.6350,0.6350,0.6350,0.4302,0.4998,0.8030,0.6350,0.5695,0.4998,0.4998,0.4998,0.4998,0.0574,0.0205,0.0410,0.0410,0.6540,0.7605,,0.1065,,33.82,-16.44,173.7,160.8,1.098,0.165,1.751
1791428915.3619692,0.5695,0.7006,0.8030,0.5695,0.4302,0.6350,0.6350,0.4302,0.6350,0.4302,0.5695,0.4302,0.5695,0.0164,0.0205,0.0574,0.0737,0.6540,0.7670,,0.1130,,33.95,-16.43,174.0,160.0,1.127,0.165,1.746
1791428915.3955786,0.4302,0.7538,0.7006,0.6350,0.3646,0.7006,0.4998,0.5695,0.7006,0.3646,0.2991,0.4302,0.4998,0.0574,0.0574,0.0369,0.0574,0.6540,0.7765,,0.1225,,34.69,-16.60,174.1,159.8,1.142,0.164,1.721
1791428915.4291272,0.5695,0.5695,0.8440,0.5695,0.3646,0.6350,0.8030,0.7006,0.4998,0.4302,0.3646,0.5695,0.5695,0.0574,0.0410,0.0737,0.0574,0.6540,0.7740,0.6320,0.1200,-0.1420,34.32,-16.55,174.6,160.4,1.208,0.168,1.915
1791428915.4691923,0.6350,0.7006,0.5695,0.4998,0.7006,0.4998,0.5695,0.6350,0.3646,0.2991,0.5695,0.4302,0.4302,0.0369,0.0164,0.0737,0.0574,0.6540,0.7680,,0.1140,,34.30,-16.60,174.8,161.9,1.112,0.168,1.852
1791428915.501268,0.5695,0.8030,0.7006,0.5695,0.5695,0.4998,0.7538,0.6350,0.5695,0.2991,0.5695,0.4998,0.4998,0.0410,0.0164,0.0410,0.0410,0.6550,0.7680,,0.1130,,34.65,-16.69,178.7,161.5,1.089,0.165,1.749
1791428915.5336692,0.4302,0.6350,0.6350,0.6350,0.4302,0.3646,0.7538,0.2991,0.6350,0.1557,0.2458,0.4302,0.5695,0.0205,0.0574,0.0574,0.0574,0.6540,0.7680,,0.1140,,34.07,-16.51,177.7,161.4,1.183,0.169,
1791428915.565423,0.4302,0.5695,0.7538,0.8030,0.6350,0.7006,0.4998,0.6350,0.4998,0.3646,0.3646,0.5695,0.5695,0.0574,0.0574,0.0737,0.0410,0.6540,0.7645,0.6340,0.1105,-0.1305,33.96,-16.51,176.6,162.0,1.098,0.169,1.670
1791428915.5964043,0.6350,0.6350,0.7538,0.4998,0.2458,0.8030,0.6350,0.5695,0.2991,0.5695,0.1557,0.4998,0.5695,0.0410,0.0574,0.0410,0.0574,0.6550,0.7715,,0.1165,,33.94,-16.55,176.5,162.2,1.145,0.170,1.819
1791428915.629124,0.4302,0.4998,0.8030,0.7538,0.5695,0.7538,0.8767,0.7006,0.4998,0.2991,0.2991,0.4302,0.4998,0.0737,0.0410,0.0737,0.0410,0.6540,0.7700,,0.1160,,33.86,-16.42,176.1,162.9,1.193,0.171,
1791428915.6635027,0.4302,0.7006,0.5695,0.4998,0.6350,0.4998,0.8030,0.4998,0.3646,0.2991,0.4302,0.3646,0.5695,0.0574,0.0737,0.0737,0.0369,0.6540,0.7675,,0.1135,,33.68,-16.25,176.0,162.9,1.193,0.171,1.945
1791428915.6964712,0.7538,0.7006,0.8030,0.5695,0.5695,0.8030,0.7538,0.6350,0.4302,0.4302,0.4998,0.5695,0.5695,0.0246,0.0737,0.0369,0.0410,0.6540,0.7690,0.6400,0.1150,-0.1290,33.61,-16.03,175.8,162.8,1.189,0.172,1.810
1791428915.7288897,0.7538,0.7538,0.6350,0.8030,0.7006,0.6350,0.7006,0.7538,0.6350,0.3646,0.4998,0.4998,0.5695,0.0369,0.0574,0.0369,0.0369,0.6540,0.7710,,0.1170,,34.47,-16.24,175.1,163.0,1.104,0.167,1.664
1791428915.7625763,0.6350,0.7006,0.8440,0.7006,0.4998,0.7538,0.5695,0.7006,0.3646,0.5695,0.5695,0.6350,0.5695,0.0369,0.0410,0.0410,0.0410,0.6550,0.7650,0.6330,0.1100,-0.1320,34.41,-16.35,175.0,162.3,1.093,0.166,1.709
1791428915.8026268,0.4998,0.7538,0.7538,0.8030,0.3646,0.5695,0.6350,0.2991,0.4302,0.3646,0.5695,0.5695,0.4998,0.0246,0.0164,0.0410,0.0410,0.6550,0.7740,,0.1190,,34.82,-16.62,173.8,161.2,1.088,0.165,1.670
1791428915.8343554,0.6350,0.6350,0.8030,0.6350,0.2991,0.8030,0.8440,0.4302,0.4998,0.4998,0.4302,0.4998,0.4998,0.0246,0.0737,0.0574,0.0942,0.6580,0.7675,,0.1095,,34.57,-16.72,173.2,162.1,1.075,0.165,1.737
1791428915.8668606,0.6350,0.7538,0.6350,0.7006,0.7006,0.5695,0.6350,0.5695,0.6350,0.4302,0.0942,0.4998,0.5695,0.0410,0.0410,0.0410,0.0410,0.6570,0.7705,,0.1135,,34.17,-16.76,173.3,162.7,1.116,0.168,1.748
1791428915.8977377,0.5695,0.7538,0.8440,0.6350,0.4998,0.7006,0.5695,0.5695,0.5695,0.4998,0.1966,0.5695,0.4998,0.0164,0.0123,0.0205,0.0410,0.6600,0.7640,,0.1040,,33.11,-16.67,173.5,163.2,1.102,0.171,1.807
1791428915.9296145,0.3646,0.7006,0.8030,0.4998,0.4302,0.6350,0.7006,0.2458,0.4998,0.5695,0.4302,0.5695,0.4998,0.0410,0.0369,0.0369,0.0410,0.6610,0.7660,,0.1050,,32.87,-16.73,173.4,163.2,1.075,0.171,1.695
1791428915.9622016,0.3646,0.3646,0.8767,0.4998,0.5695,0.3646,0.3646,0.2991,0.4302,0.5695,0.0942,0.4302,0.4998,0.0574,0.0410,0.0574,0.0737,0.6610,0.7735,,0.1125,,33.12,-16.78,172.2,162.9,1.137,0.170,1.735
1791428915.9958584,0.6350,0.7538,0.8440,0.7006,0.5695,0.5695,0.5695,0.5695,0.5695,0.6350,0.1557,0.4302,0.2991,0.0369,0.0410,0.0574,0.0410,0.6660,0.7710,,0.1050,,32.12,-16.80,172.6,162.6,,0.175,1.856
1791428916.0294156,0.4998,0.8030,0.5695,0.5695,0.6350,0.6350,0.5695,0.8440,0.4998,0.6350,0.2991,0.4998,0.5695,0.0410,0.0574,0.0369,0.0410,0.6620,0.7720,,0.1100,,31.88,-16.83,172.5,162.4,1.127,0.176,1.730
1791428916.0635927,0.4998,0.8030,0.5695,0.4998,0.3646,0.6350,0.5695,0.5695,0.4998,0.1966,0.2458,0.4998,0.4998,0.0369,0.0369,0.0574,0.0410,0.6650,0.7795,,0.1145,,32.08,-16.87,173.0,162.7,1.183,0.177,
1791428916.1042778,0.4998,0.7538,0.7006,0.7538,0.3646,0.4302,0.4998,0.7006,0.6350,0.4302,0.1557,0.4998,0.4998,0.0369,0.0574,0.0369,0.0410,0.6710,0.7785,,0.1075,,31.63,-16.89,172.9,163.0,1.178,0.179,1.854
1791428916.1354287,0.6350,0.8440,0.7006,0.7006,0.4998,0.2991,0.8440,0.7538,0.7006,0.5695,0.0942,0.4998,0.4998,0.0410,0.0164,0.0574,0.0410,0.6700,,,,,31.63,-16.89,172.9,163.0,,,
1791428916.166432,0.2991,0.6350,0.7006,0.5695,0.4302,0.5695,0.7538,0.4998,0.6350,0.5695,0.4302,0.4998,0.4998,0.0205,0.0737,0.0410,0.0410,,0.7820,,,,31.63,-16.89,173.0,162.7,1.098,0.179,
1791428916.1987846,0.6350,0.7006,0.6350,0.5695,0.4302,0.7538,0.7538,0.7538,0.7006,0.2458,0.1557,0.6350,0.5695,0.0410,0.0082,0.0205,0.0369,0.6780,0.7855,0.6340,0.1075,-0.1515,31.68,-17.14,173.4,162.5,1.155,0.177,
1791428916.229627,0.4998,0.8030,0.8030,0.6350,0.4998,0.8030,0.4302,0.7006,0.7006,0.5695,0.5695,0.4998,0.5695,0.0410,0.0205,0.0369,0.0574,0.6750,0.7805,,0.1055,,31.83,-17.33,173.2,162.7,1.117,0.175,1.751
1791428916.2628617,0.6350,0.5695,0.8440,0.7006,0.2991,0.7006,0.6350,0.7006,0.5695,0.4998,0.1229,0.5695,0.5695,0.0205,0.0574,0.0369,0.0737,0.6800,0.7890,0.6310,0.1090,-0.1580,31.93,-17.76,172.7,162.6,1.114,0.175,1.743
1791428916.2963312,0.6350,0.7538,0.8767,0.6350,0.4998,0.6350,0.7006,0.7006,0.5695,0.5695,0.4998,0.5695,0.4998,0.0369,0.0410,0.0369,0.0369,0.6830,0.7825,,0.0995,,31.68,-18.23,172.5,162.8,1.005,0.173,1.667
1791428916.3306427,0.5695,0.4998,0.7006,0.4998,0.3646,0.7006,0.7006,0.5695,0.4998,0.3646,0.4998,0.3646,0.4998,0.0410,0.0737,0.0574,0.0410,0.6910,0.7890,,0.0980,,31.14,-18.35,172.9,162.8,1.137,0.174,1.748
1791428916.3634253,0.3646,0.8440,0.8767,0.6350,0.4998,0.7538,0.7538,0.4302,0.7538,0.5695,0.3646,0.4998,0.4998,0.0369,0.0205,0.0574,0.0410,0.6910,0.7835,,0.0925,,30.59,-18.46,172.3,163.0,1.093,0.174,1.683
1791428916.4049554,0.4998,0.7006,0.8767,0.6350,0.4998,0.5695,0.8030,0.4998,0.7006,0.4998,0.4998,0.4998,0.4998,0.0574,0.0942,0.0369,0.0246,0.6920,0.7945,,0.1025,,30.18,-18.69,172.6,163.3,1.127,0.176,1.853
1791428916.4378734,0.4998,0.7006,0.5695,0.5695,0.5695,0.6350,0.6350,0.6350,0.6350,0.4998,0.6350,0.2458,0.5695,0.0369,0.0410,0.0369,0.0410,0.6950,0.7925,,0.0975,,30.57,-18.97,177.3,163.6,,0.172,1.708
1791428916.4685535,0.5695,0.8030,0.7538,0.7538,0.3646,0.6350,0.5695,0.6350,0.5695,0.4998,0.2991,0.3646,0.4998,0.0410,0.0369,0.0369,0.0574,0.6980,0.7990,,0.1010,,30.61,-19.09,176.6,164.0,1.162,0.172,1.778
1791428916.4999328,0.5695,0.5695,0.8440,0.5695,0.3646,0.4998,0.4998,0.4998,0.4302,0.4998,0.2991,0.4302,0.5695,0.0164,0.0246,0.0737,0.0369,0.7040,0.8000,,0.0960,,29.55,-18.85,176.1,164.2,1.278,0.177,1.989
1791428916.5322237,0.4998,0.7538,0.5695,0.5695,0.5695,0.7538,0.7006,0.4302,0.7006,0.6350,0.4302,0.4998,0.5695,0.0369,0.0369,0.0574,0.0574,0.7030,0.7955,,0.0925,,29.23,-18.95,176.0,164.0,1.151,0.177,1.695
1791428916.5642974,0.4302,0.6350,0.6350,0.7006,0.6350,0.7006,0.6350,0.7006,0.4302,0.7006,0.2458,0.2991,0.4302,0.0369,0.0369,0.0410,0.0410,0.7050,0.7985,,0.0935,,29.04,-19.12,176.7,163.7,,0.176,1.753
1791428916.5971286,0.4998,0.7006,0.5695,0.5695,0.6350,0.7538,0.8030,0.6350,0.5695,0.6350,0.4302,0.4998,0.4998,0.0574,0.0737,0.0410,0.0369,0.7070,0.8015,,0.0945,,28.72,-19.16,176.6,163.2,1.197,0.177,1.797
1791428916.6300843,0.5695,0.7006,0.5695,0.5695,0.5695,0.7538,0.7006,0.6350,0.4998,0.7538,0.2991,0.4302,0.4302,0.0246,0.0246,0.0164,0.0369,0.7090,0.7985,,0.0895,,28.38,-19.32,176.6,163.4,1.132,0.177,1.760
1791428916.6637778,0.6350,0.6350,0.5695,0.5695,0.4302,0.7006,0.6350,0.5695,0.7006,0.5695,0.1966,0.4998,0.4998,0.0410,0.0737,0.0737,0.0410,0.7110,0.7925,,0.0815,,27.22,-19.36,176.5,163.2,1.117,0.180,1.752
1791428916.6967623,0.5695,0.7538,0.7006,0.5695,0.4998,0.7006,0.6350,0.4998,0.5695,0.4998,0.4302,0.4998,0.4998,0.0369,0.0574,0.0942,0.0737,0.7140,0.7985,,0.0845,,26.41,-19.33,175.8,163.1,1.182,0.183,1.832
1791428916.7381139,0.7006,0.7006,0.6350,0.4998,0.4998,0.6350,0.7538,0.4998,0.7538,0.5695,0.5695,0.5695,0.6350,0.0123,0.0574,0.0205,0.0410,0.7140,0.7935,0.6230,0.0795,-0.1705,25.52,-19.54,175.3,163.1,1.147,0.186,1.775
1791428916.7704935,0.4998,0.5695,0.5695,0.6350,0.5695,0.6350,0.7006,0.4998,0.4302,0.5695,0.4998,0.4302,0.6350,0.0737,0.0737,0.0369,0.0410,0.7150,0.7960,,0.0810,,24.94,-19.60,174.8,163.0,1.137,0.188,1.816
1791428916.8023179,0.5695,0.5695,0.6350,0.6350,0.6350,0.7006,0.6350,0.5695,0.6350,0.6350,0.5695,0.4998,0.5695,0.0410,0.0737,0.0410,0.0410,0.7160,0.7940,,0.0780,,24.57,-19.72,176.9,163.2,1.103,0.187,1.739
1791428916.8336596,0.7006,0.4998,0.7006,0.4998,0.6350,0.5695,0.8030,0.7538,0.7006,0.6350,0.2991,0.4998,0.4998,0.0574,0.0410,0.0369,0.0410,0.7180,0.7945,,0.0765,,23.47,-19.49,176.6,163.2,1.206,0.193,1.939
1791428916.8646393,0.7006,0.5695,0.7538,0.6350,0.4302,0.7006,0.7006,0.5695,0.5695,0.6350,0.4998,0.4998,0.5695,0.0574,0.0246,0.0574,0.0410,0.7190,0.7980,,0.0790,,22.85,-19.25,175.8,164.1,1.254,0.196,1.984
1791428916.897173,0.7006,0.4998,0.6350,0.4998,0.6350,0.6350,0.7538,0.4998,0.6350,0.7006,0.4302,0.4998,0.4998,0.0574,0.0410,0.0410,0.0410,0.7200,0.7995,,0.0795,,22.31,-18.92,175.5,163.8,1.312,0.200,1.992
1791428916.9306257,0.4998,0.6350,0.5695,0.4998,0.5695,0.6350,0.7006,0.4302,0.7006,0.7006,0.4302,0.5695,0.5695,0.0410,0.0410,0.0574,0.0369,0.7220,0.7950,0.6250,0.0730,-0.1700,21.51,-19.05,175.2,163.7,1.195,0.204,1.875
1791428916.9653592,0.8440,0.7538,0.5695,0.5695,0.4998,0.6350,0.7006,0.5695,0.7006,0.5695,0.4302,0.4302,0.5695,0.0574,0.0369,0.0410,0.0369,0.7220,0.7985,,0.0765,,21.53,-19.15,174.7,163.4,1.183,0.202,1.793
1791428916.9974442,0.7538,0.8030,0.7538,0.5695,0.3646,0.7006,0.5695,0.4302,0.5695,0.6350,0.2458,0.6350,0.6350,0.0574,0.0369,0.0574,0.0574,0.7290,0.7940,0.6250,0.0650,-0.1690,20.88,-19.30,174.4,163.4,1.167,0.201,1.832
1791428917.03161,0.5695,0.8440,0.7538,0.4998,0.4998,0.5695,0.8030,0.6350,0.6350,0.7006,0.4302,0.6350,0.5695,0.0737,0.0369,0.0410,0.0574,0.7230,0.7940,0.6260,0.0710,-0.1680,20.32,-19.31,174.0,163.3,1.196,0.204,1.871
1791428917.0721815,0.4302,0.7538,0.4302,0.4998,0.6350,0.6350,0.7538,0.5695,0.6350,0.4998,0.4302,0.4998,0.5695,0.0574,0.0942,0.0942,0.0574,0.7270,0.7990,,0.0720,,19.91,-18.97,174.0,163.8,1.330,0.206,1.993
1791428917.1052704,0.3646,0.6350,0.8030,0.4302,0.5695,0.6350,0.4998,0.5695,0.7006,0.6350,0.1557,0.3646,0.5695,0.0942,0.0205,0.0410,0.0574,0.7300,0.7945,,0.0645,,19.69,-19.12,175.2,163.4,1.157,0.203,1.769
1791428917.136043,0.7006,0.4302,0.7006,0.5695,0.4998,0.8440,0.8030,0.4998,0.7006,0.1966,0.1557,0.4302,0.5695,0.0737,0.0205,0.0574,0.0369,0.7230,0.7805,,0.0575,,19.16,-19.12,174.8,163.2,1.094,0.201,
1791428917.1669295,0.6350,0.6350,0.5695,0.4302,0.6350,0.5695,0.7538,0.7006,0.5695,0.5695,0.4998,0.5695,0.5695,0.0410,0.0410,0.0574,0.0410,0.7230,0.7940,0.6240,0.0710,-0.1700,19.43,-19.57,174.3,164.1,1.078,0.198,1.685
1791428917.1989684,0.4998,0.6350,0.6350,0.3646,0.4998,0.8030,0.7006,0.4998,0.4998,0.7006,0.2991,0.4302,0.4998,0.0369,0.0164,0.0410,0.0369,0.7220,0.7955,,0.0735,,19.82,-19.58,174.2,163.7,1.178,0.196,1.785
1791428917.2309854,0.5695,0.6350,0.5695,0.5695,0.7006,0.6350,0.6350,0.7006,0.5695,0.3646,0.4998,0.5695,0.4998,0.0737,0.0737,0.0737,0.0369,0.7230,0.7915,,0.0685,,19.83,-19.46,174.3,163.7,1.189,0.195,1.795
1791428917.2644928,0.6350,0.6350,0.4998,0.7006,0.6350,0.7006,0.8030,0.4998,0.6350,0.2991,0.3646,0.4998,0.4998,0.0574,0.0574,0.0410,0.0574,0.7220,0.7900,,0.0680,,19.41,-19.33,174.1,163.3,1.191,0.198,1.971
1791428917.2975955,0.6350,0.4998,0.7006,0.6350,0.4998,0.6350,0.7006,0.4998,0.6350,0.6350,0.2458,0.4302,0.5695,0.0410,0.0410,0.0574,0.0574,0.7250,0.7945,,0.0695,,19.54,-19.37,174.0,163.3,1.177,0.196,1.760
1791428917.3310308,0.5695,0.4998,0.8030,0.5695,0.5695,0.5695,0.7538,0.6350,0.7538,0.5695,0.4302,0.4998,0.6350,0.0737,0.0737,0.0410,0.0737,0.7210,0.7975,,0.0765,,20.27,-19.69,173.3,162.7,1.102,0.192,1.646
1791428917.3645747,0.8030,0.6350,0.5695,0.6350,0.5695,0.6350,0.8440,0.4302,0.7538,0.6350,0.3646,0.4998,0.5695,0.0164,0.0123,0.0410,0.0369,0.7200,0.7900,,0.0700,,20.05,-19.52,173.5,163.0,1.190,0.194,1.819
1791428917.4063785,0.7538,0.7006,0.6350,0.4998,0.7006,0.7006,0.7538,0.4998,0.6350,0.7006,0.3646,0.4998,0.5695,0.0574,0.0410,0.0737,0.0410,0.7180,0.7940,,0.0760,,19.88,-19.14,173.7,162.9,1.299,0.199,1.937
1791428917.437537,0.5695,0.5695,0.6350,0.4998,0.7006,0.6350,0.7538,0.5695,0.5695,0.5695,0.4302,0.5695,0.5695,0.0574,0.0410,0.0737,0.0574,0.7200,0.7925,0.6230,0.0725,-0.1695,20.08,-19.33,173.3,162.5,1.158,0.197,1.795
1791428917.4684398,0.5695,0.8030,0.5695,0.5695,0.4998,0.7006,0.7006,0.4998,0.7538,0.5695,0.1557,0.5695,0.4998,0.0369,0.0737,0.0410,0.0574,0.7170,0.7880,,0.0710,,20.20,-19.24,173.4,162.8,1.178,0.195,1.737
1791428917.5001488,0.7538,0.8030,0.5695,0.6350,0.4998,0.7538,0.7538,0.5695,0.7538,0.2991,0.3646,0.4998,0.5695,0.0737,0.0410,0.0737,0.0574,0.7170,0.7890,,0.0720,,20.39,-19.30,173.4,162.7,1.141,0.193,1.944
1791428917.5312626,0.6350,0.7006,0.6350,0.7006,0.5695,0.7006,0.8440,0.4302,0.7538,0.2991,0.2458,0.4998,0.5695,0.0737,0.0410,0.0737,0.0737,0.7160,0.7960,,0.0800,,20.92,-19.18,173.6,163.4,1.248,0.192,
1791428917.564626,0.7006,0.6350,0.6350,0.6350,0.5695,0.7006,0.7006,0.4998,0.6350,0.5695,0.1966,0.4998,0.5695,0.0942,0.0737,0.0410,0.0246,0.7150,0.7940,,0.0790,,21.55,-19.47,173.2,163.3,1.108,0.189,1.643
1791428917.5988476,0.8440,0.5695,0.4302,0.5695,0.8030,0.5695,0.6350,0.4302,0.7006,0.4998,0.2458,0.4998,0.6350,0.0737,0.0410,0.0410,0.0205,0.7150,0.7955,,0.0805,,22.25,-19.68,172.7,164.1,1.125,0.185,1.655
1791428917.631452,0.6350,0.7538,0.6350,0.6350,0.5695,0.7006,0.5695,0.4998,0.7538,0.7006,0.3646,0.4998,0.5695,0.0246,0.0737,0.0369,0.0369,0.7190,0.7915,,0.0725,,22.33,-19.73,172.7,163.9,1.136,0.183,1.659
1791428917.664997,0.5695,0.5695,0.6350,0.3646,0.6350,0.4998,0.7006,0.3646,0.4998,0.7538,0.1966,0.5695,0.5695,0.0574,0.0737,0.0942,0.0574,0.7140,0.7915,0.6220,0.0775,-0.1695,22.20,-19.69,173.6,163.6,1.194,0.185,1.869
1791428917.6986954,0.7538,0.4998,0.5695,0.5695,0.4998,0.6350,0.7006,0.6350,0.7538,0.3646,0.2991,0.5695,0.4998,0.0369,0.0737,0.0737,0.0574,0.7140,0.7945,,0.0805,,22.50,-19.63,173.5,163.5,1.198,0.185,1.794
1791428917.7391822,0.5695,0.6350,0.8767,0.6350,0.5695,0.4302,0.7006,0.4998,0.7006,0.7006,0.1557,0.4998,0.4302,0.0574,0.0410,0.0410,0.0737,0.7180,0.7890,,0.0710,,22.21,-19.70,175.8,163.4,1.122,0.185,1.719
1791428917.770806,0.6350,0.8030,0.6350,0.4302,0.4302,0.4998,0.7006,0.5695,0.6350,0.4998,0.3646,0.2991,0.5695,0.0410,0.0942,0.0574,0.0410,0.7130,0.7855,,0.0725,,22.11,-19.73,175.1,163.3,,0.184,1.627
1791428917.8035903,0.7006,0.7006,0.6350,0.7006,0.7006,0.7006,0.8030,0.4302,0.7006,0.6350,0.2991,0.4998,0.5695,0.0369,0.0574,0.0410,0.0369,0.7170,0.7950,,0.0780,,21.99,-19.47,174.7,163.6,1.265,0.187,1.888
1791428917.834313,0.6350,0.8030,0.8030,0.7006,0.4302,0.7538,0.7538,0.4998,0.7538,0.5695,0.6350,0.4998,0.5695,0.0737,0.0942,0.0737,0.0369,0.7130,0.7940,,0.0810,,22.00,-19.23,174.3,163.0,1.268,0.190,1.908
1791428917.8667033,0.5695,0.7006,0.7006,0.4302,0.5695,0.7006,0.7006,0.4998,0.4302,0.5695,0.4998,0.4302,0.5695,0.0369,0.0410,0.0369,0.0737,0.7160,0.7860,,0.0700,,22.03,-19.34,176.1,162.5,1.113,0.186,1.675
1791428917.899117,0.6350,0.7006,0.6350,0.7006,0.6350,0.6350,0.7538,0.6350,0.6350,0.4998,0.2458,0.4998,0.4998,0.0410,0.0369,0.0574,0.0369,0.7120,0.7920,,0.0800,,21.80,-19.09,175.4,162.8,1.268,0.191,1.957
1791428917.931767,0.5695,0.7006,0.7538,0.6350,0.4302,0.7006,0.5695,0.4998,0.4302,0.5695,0.1966,0.4302,0.4998,0.0574,0.0369,0.0410,0.0369,0.7120,0.7935,,0.0815,,22.36,-19.11,174.7,162.9,1.203,0.188,1.797
1791428917.9655938,0.7006,0.8440,0.7538,0.6350,0.8030,0.7538,0.7538,0.4998,0.5695,0.3646,0.2458,0.6350,0.6350,0.0369,0.0410,0.0574,0.0369,0.7120,0.7920,0.6280,0.0800,-0.1640,22.68,-19.40,174.1,162.8,1.088,0.186,1.739
1791428917.9980187,0.7006,0.8030,0.7538,0.4998,0.5695,0.7006,0.8440,0.4302,0.6350,0.5695,0.4998,0.4998,0.5695,0.0737,0.0410,0.0942,0.0574,0.7150,0.7905,,0.0755,,22.70,-19.44,173.8,163.3,1.152,0.185,1.789
1791428918.0323412,0.6350,0.6350,0.8767,0.6350,0.6350,0.8030,0.7006,0.5695,0.4998,0.4998,0.4302,0.4302,0.5695,0.0737,0.0942,0.0410,0.0410,0.7110,0.7885,,0.0775,,22.61,-19.43,173.8,164.0,1.152,0.186,1.860
1791428918.0727506,0.5695,0.7006,0.6350,0.6350,0.6350,0.2991,0.6350,0.2458,0.7006,0.6350,0.1966,0.5695,0.5695,0.0369,0.0574,0.0410,0.0410,0.7110,,0.6260,,,22.61,-19.43,173.8,164.0,,,
1791428918.1046925,0.7538,0.7538,0.6350,0.4302,0.5695,0.6350,0.7006,0.6350,0.3646,0.4998,0.4302,0.4302,0.4998,0.0410,0.0737,0.0369,0.0410,0.7110,0.7860,,0.0750,,22.64,-19.43,173.5,164.0,1.132,0.184,1.657
1791428918.1366687,0.5695,0.5695,0.5695,0.5695,0.5695,0.7006,0.7006,0.6350,0.2991,0.6350,0.2991,0.5695,0.5695,0.0410,0.0246,0.0574,0.0410,0.7150,0.7940,0.6250,0.0790,-0.1690,22.36,-19.23,173.7,163.7,1.262,0.188,1.888
1791428918.1676688,0.7538,0.5695,0.8030,0.5695,0.7006,0.5695,0.5695,0.5695,0.5695,0.5695,0.4998,0.4302,0.4998,0.0410,0.0410,0.0574,0.0369,0.7110,0.7925,,0.0815,,22.56,-19.12,173.8,163.4,1.231,0.188,1.847
1791428918.1991432,0.8440,0.7006,0.7538,0.4302,0.6350,0.4998,0.7538,0.6350,0.7006,0.7006,0.3646,0.4998,0.4998,0.0574,0.0574,0.0574,0.0737,0.7110,0.7885,,0.0775,,22.46,-19.19,173.8,163.1,1.147,0.189,1.779
1791428918.2328367,0.8030,0.6350,0.4302,0.7006,0.6350,0.7538,0.7538,0.4998,0.7538,0.7006,0.2991,0.4998,0.4998,0.0410,0.0574,0.0574,0.0574,0.7110,0.7920,,0.0810,,22.53,-19.11,174.0,162.9,1.220,0.190,1.811
1791428918.265902,0.8030,0.5695,0.7006,0.5695,0.6350,0.5695,0.7006,0.5695,0.6350,0.4998,0.2458,0.4998,0.4302,0.0369,0.0942,0.0369,0.0369,0.7110,0.7900,,0.0790,,22.70,-19.27,173.4,162.9,1.131,0.188,1.745
1791428918.2996209,0.4998,0.8030,0.5695,0.5695,0.6350,0.7006,0.7538,0.4998,0.7006,0.5695,0.2991,0.4998,0.4998,0.0369,0.0737,0.0410,0.0737,0.7110,0.7940,,0.0830,,23.19,-19.16,172.9,162.9,1.237,0.186,1.819
1791428918.332399,0.5695,0.3646,0.7006,0.4302,0.7006,0.7006,0.8030,0.5695,0.4998,0.5695,0.5695,0.5695,0.4998,0.0574,0.1229,0.0737,0.0369,0.7140,0.7895,,0.0755,,22.82,-19.09,172.7,162.8,1.200,0.187,1.797
1791428918.3661597,0.7006,0.5695,0.4998,0.5695,0.7538,0.4302,0.7006,0.6350,0.6350,0.5695,0.3646,0.5695,0.4998,0.0246,0.0737,0.0737,0.0574,0.7110,0.7930,,0.0820,,22.87,-19.10,172.9,162.9,1.204,0.188,1.830
1791428918.406246,0.6350,0.7006,0.6350,0.4998,0.7538,0.5695,0.8767,0.5695,0.7006,0.7538,0.4998,0.5695,0.4998,0.0574,0.0737,0.0737,0.0369,0.7110,0.7935,,0.0825,,22.84,-19.12,172.8,162.9,1.200,0.190,1.795
1791428918.4384003,0.7006,0.7006,0.4998,0.4998,0.7538,0.6350,0.6350,0.3646,0.6350,0.6350,0.2458,0.4998,0.6350,0.0410,0.0246,0.0574,0.0737,0.7110,0.7910,,0.0800,,22.98,-19.10,172.7,163.3,1.199,0.189,1.796
1791428918.4691124,0.6350,0.6350,0.7538,0.4998,0.5695,0.6350,0.6350,0.5695,0.4998,0.6350,0.2458,0.5695,0.4998,0.0410,0.0410,0.0369,0.0369,0.7150,0.7885,,0.0735,,22.74,-19.41,172.4,163.5,1.070,0.188,1.656
1791428918.5011075,0.6350,0.8030,0.4998,0.4998,0.6350,0.5695,0.7006,0.6350,0.6350,0.5695,0.2991,0.5695,0.4998,0.0737,0.0574,0.0737,0.0410,0.7150,0.7890,,0.0740,,22.64,-19.49,172.0,164.3,1.132,0.186,1.752
1791428918.5331466,0.4302,0.8440,0.5695,0.4998,0.7538,0.8030,0.8440,0.2991,0.4302,0.5695,0.2991,0.4998,0.5695,0.0246,0.0369,0.0574,0.0574,0.7110,0.7900,,0.0790,,22.98,-19.52,174.2,163.6,1.147,0.184,1.714
1791428918.5665271,0.7006,0.7538,0.5695,0.5695,0.4998,0.6350,0.8030,0.6350,0.4302,0.4998,0.1966,0.4998,0.4998,0.0574,0.0737,0.0410,0.0574,0.7110,0.7875,,0.0765,,22.86,-19.56,173.8,163.3,1.127,0.184,1.703
1791428918.5991585,0.7538,0.5695,0.5695,0.5695,0.8030,0.5695,0.7538,0.1966,0.6350,0.4998,0.2991,0.4302,0.4998,0.0574,0.0123,0.0574,0.0410,0.7110,0.7895,,0.0785,,22.98,-19.59,173.9,162.9,1.141,0.184,1.718
1791428918.6325357,0.4998,0.6350,0.4998,0.7006,0.7006,0.8030,0.8030,0.5695,0.7006,0.2458,0.4302,0.4302,0.4998,0.0574,0.0737,0.0737,0.0574,0.7130,0.7900,,0.0770,,23.11,-19.45,173.4,163.0,1.198,0.182,1.874
1791428918.6663582,0.6350,0.8030,0.6350,0.4998,0.6350,0.7006,0.7006,0.6350,0.5695,0.5695,0.5695,0.4302,0.5695,0.0737,0.0369,0.0574,0.0369,0.7100,0.7900,,0.0800,,23.12,,173.2,163.0,1.162,0.183,1.811
1791428918.7085295,0.7538,0.5695,0.7538,0.4998,0.6350,0.7006,0.7006,0.6350,0.4998,0.5695,0.4998,0.3646,0.5695,0.0410,0.0737,0.0369,0.0574,0.7100,0.7950,,0.0850,,23.57,,173.1,163.3,1.173,0.182,1.736
1791428918.7386985,0.7538,0.7006,0.9259,0.4302,0.8440,0.7006,0.7006,0.4998,0.5695,0.7006,0.2458,0.4998,0.4998,0.0737,0.0737,0.0574,0.0369,0.7100,0.7910,,0.0810,,23.40,,172.7,163.6,1.208,0.184,1.752
1791428918.771578,0.4302,0.7538,0.7006,0.5695,0.6350,0.5695,0.7006,0.6350,0.4998,0.4302,0.2991,0.4998,0.4998,0.0369,0.1229,0.0737,0.0410,0.7100,0.7920,,0.0820,,23.29,,172.8,163.6,1.178,0.186,1.811
1791428918.8018963,0.7538,0.8030,0.6350,0.5695,0.4302,0.6350,0.6350,0.4998,0.6350,0.2991,0.3646,0.4302,0.5695,0.0574,0.0737,0.0574,0.0410,0.7100,0.7935,,0.0835,,23.52,,172.9,162.9,1.271,0.186,2.056
1791428918.834018,0.6350,0.8030,0.6350,0.4998,0.4302,0.5695,0.5695,0.5695,0.4302,0.4998,0.4302,0.4998,0.4998,0.0410,0.0737,0.0410,0.0369,0.7090,0.7895,,0.0805,,23.35,,172.8,162.3,1.172,0.187,1.883
1791428918.8665304,0.6350,0.7538,0.9054,0.4998,0.5695,0.7006,0.7006,0.6350,0.5695,0.4998,0.2458,0.4302,0.4302,0.0737,0.0737,0.0737,0.0410,0.7090,0.7865,,0.0775,,23.43,,172.9,162.5,1.052,0.185,1.612
1791428918.9000695,0.7006,0.8440,0.5695,0.5695,0.4998,0.6350,0.6350,0.4302,0.4998,0.6350,0.1966,0.4998,0.4998,0.0410,0.0942,0.0369,0.0410,0.7070,0.7960,,0.0890,,23.90,,173.4,162.3,1.283,0.185,1.847
1791428918.9331145,0.4998,0.6350,0.6350,0.4302,0.7006,0.8030,0.8030,0.3646,0.6350,0.4998,0.4998,0.4998,0.5695,0.0574,0.0246,0.0942,0.0737,0.7090,0.7900,,0.0810,,23.99,,173.4,161.8,1.117,0.184,1.751
1791428918.9662464,0.7538,0.7006,0.8030,0.6350,0.5695,0.8030,0.7006,0.6350,0.5695,0.4302,0.3646,0.4998,0.4998,0.0737,0.0942,0.1229,0.0574,0.7070,0.7920,,0.0850,,23.95,,173.6,161.9,1.184,0.186,1.829
1791428918.9997644,0.7006,0.8030,0.6350,0.6350,0.7538,0.6350,0.7538,0.4998,0.7006,0.1966,0.3646,0.4302,0.5695,0.0574,0.0410,0.0737,0.0369,0.7080,0.7960,,0.0880,,24.30,,173.8,162.6,1.224,0.185,2.028
1791428919.039938,0.7006,0.7006,0.7538,0.5695,0.5695,0.7006,0.5695,0.6350,0.6350,0.4302,0.4998,0.5695,0.4998,0.0737,0.0737,0.0574,0.0369,0.7090,0.7905,,0.0815,,23.88,,173.7,162.6,1.239,0.188,1.848
1791428919.0719302,0.4998,0.7538,0.5695,0.7006,0.7006,0.7006,0.6350,0.6350,0.7006,0.8440,0.1557,0.4998,0.4998,0.0410,0.0574,0.0574,0.0410,0.7110,0.7955,,0.0845,,23.87,,173.5,162.7,1.251,0.188,1.858
1791428919.1034315,0.7006,0.7006,0.7006,0.4998,0.5695,0.7006,0.7006,0.4302,0.7538,0.3646,0.3646,0.4302,0.4302,0.0574,0.0737,0.0737,0.0574,0.7070,0.7915,,0.0845,,24.05,,173.2,162.5,1.178,0.187,1.794
1791428919.1353261,0.6350,0.5695,0.4998,0.7006,0.6350,0.5695,0.6350,0.5695,0.4302,0.5695,0.2991,0.4302,0.4998,0.0574,0.0942,0.0737,0.0574,0.7070,0.7915,,0.0845,,24.11,,173.3,162.7,1.216,0.187,1.773
1791428919.1663253,0.7006,0.5695,0.6350,0.4302,0.7538,0.7006,0.7006,0.5695,0.4302,0.4998,0.3646,0.4302,0.4302,0.0574,0.0574,0.0574,0.0574,0.7070,0.7900,,0.0830,,24.27,,173.2,162.4,1.111,0.186,1.727
1791428919.1997554,0.8030,0.5695,0.7538,0.4998,0.7538,0.5695,0.4998,0.4998,0.4302,0.5695,0.1557,0.4302,0.4998,0.0737,0.1557,0.0942,0.0574,0.7070,0.7860,,0.0790,,24.09,,173.1,162.8,1.127,0.185,1.721
1791428919.2332752,0.7538,0.8767,0.8030,0.7006,0.6350,0.7006,0.7006,0.4302,0.3646,0.5695,0.2991,0.4998,0.6350,0.0737,0.0410,0.0737,0.0737,0.7060,0.7890,,0.0830,,24.12,,172.9,163.0,1.076,0.185,1.713
1791428919.2668483,0.5695,0.5695,0.7538,0.8030,0.5695,0.6350,0.7538,0.5695,0.5695,0.5695,0.1966,0.4302,0.4998,0.0410,0.0737,0.0942,0.0574,0.7090,0.7955,,0.0865,,24.57,,172.8,163.3,1.179,0.183,1.829
1791428919.3002508,0.7006,0.8440,0.4998,0.4998,0.4998,0.6350,0.7006,0.3646,0.5695,0.5695,0.4302,0.5695,0.4998,0.0410,0.0369,0.0737,0.0737,0.7070,0.7920,,0.0850,,24.55,,173.1,163.2,1.195,0.183,1.838
1791428919.341095,0.6350,0.8030,0.4998,0.4998,0.6350,0.6350,0.7006,0.5695,0.4998,0.4998,0.3646,0.6350,0.4998,0.0574,0.0410,0.0369,0.0369,0.7060,0.7910,,0.0850,,24.67,,172.7,162.7,1.173,0.183,1.821
1791428919.373005,0.4998,0.7538,0.6350,0.5695,0.4998,0.7006,0.7538,0.6350,0.4998,0.6350,0.3646,0.4998,0.5695,0.0942,0.0737,0.0737,0.0574,0.7070,0.7895,,0.0825,,24.86,,172.3,163.0,1.137,0.181,1.676
1791428919.4043868,0.8030,0.8030,0.5695,0.5695,0.7006,0.4998,0.6350,0.2991,0.7006,0.4302,0.4302,0.4302,0.5695,0.0737,0.0942,0.1557,0.0410,0.7060,0.7875,,0.0815,,24.62,,172.6,163.1,1.111,0.182,1.743
1791428919.4361043,0.7538,0.6350,0.6350,0.7538,0.6350,0.7006,0.7538,0.6350,0.7006,0.6350,0.2991,0.4302,0.4302,0.0410,0.0574,0.0574,0.0410,0.7070,0.7895,,0.0825,,24.70,,175.1,162.9,1.137,0.181,1.731
1791428919.4680915,0.7006,0.8767,0.7538,0.5695,0.6350,0.7006,0.7538,0.5695,0.4302,0.5695,0.1557,0.5695,0.4998,0.0942,0.1557,0.0942,0.0410,0.7070,0.7940,,0.0870,,25.00,,174.1,163.1,1.152,0.180,1.723
1791428919.500484,0.7538,0.8030,0.4998,0.4302,0.6350,0.6350,0.7006,0.4998,0.6350,0.4998,0.1557,0.4302,0.4998,0.0410,0.0369,0.0574,0.0410,0.7070,0.7955,,0.0885,,24.91,,173.8,163.3,1.273,0.183,1.915
1791428919.5333536,0.7538,0.4302,0.6350,0.5695,0.5695,0.5695,0.7538,0.6350,0.7006,0.4998,0.3646,0.4998,0.4998,0.0369,0.0410,0.0737,0.0574,0.7090,0.7945,,0.0855,,24.92,,173.8,162.5,1.233,0.183,1.819
1791428919.5680337,0.5695,0.7538,0.5695,0.4998,0.6350,0.5695,0.8030,0.5695,0.5695,0.4998,0.3646,0.5695,0.5695,0.0410,0.0410,0.0574,0.0369,0.7070,0.7935,0.6250,0.0865,-0.1685,25.09,-19.34,173.6,163.0,1.198,0.182,1.776
1791428919.6005492,0.4998,0.7006,0.5695,0.5695,0.6350,0.5695,0.8030,0.6350,0.4302,0.5695,0.2458,0.4998,0.4998,0.0574,0.0574,0.0369,0.0574,0.7110,0.7880,,0.0770,,24.67,-19.42,173.0,162.7,1.127,0.182,1.805
1791428919.63462,0.5695,0.7006,0.4998,0.6350,0.4998,0.4998,0.4998,0.6350,0.4302,0.6350,0.2991,0.3646,0.4302,0.0574,0.0942,0.0574,0.0410,0.7070,0.7915,,0.0845,,24.51,-19.46,173.2,163.2,1.163,0.184,1.812
1791428919.6741264,0.6350,0.6350,0.5695,0.7538,0.7006,0.7006,0.5695,0.5695,0.4998,0.4998,0.1557,0.6350,0.5695,0.0574,0.0574,0.0737,0.0574,0.7080,0.7925,0.6260,0.0845,-0.1665,24.69,-19.48,172.8,163.2,1.172,0.183,1.761
1791428919.706373,0.8030,0.8440,0.5695,0.6350,0.4998,0.5695,0.5695,0.4998,0.7006,0.6350,0.4302,0.5695,0.4998,0.0574,0.0574,0.0737,0.0574,0.7090,0.7935,,0.0845,,24.67,-19.40,173.0,162.4,1.211,0.183,1.788
1791428919.737119,0.4302,0.5695,0.4302,0.6350,0.6350,0.6350,0.7006,0.4998,0.4998,0.4998,0.4302,0.4302,0.4998,0.0574,0.0205,0.0737,0.0410,0.7080,0.7890,,0.0810,,24.15,-19.25,172.9,162.9,1.207,0.186,1.913
1791428919.770715,0.6350,0.6350,0.6350,0.5695,0.5695,0.4302,0.4998,0.4998,0.6350,0.7006,0.4302,0.5695,0.5695,0.0369,0.0410,0.0410,0.0410,0.7110,0.7870,0.6240,0.0760,-0.1630,23.80,-19.39,173.0,162.8,1.122,0.186,1.695
1791428919.8012714,0.7006,0.8030,0.6350,0.4998,0.7538,0.7538,0.5695,0.6350,0.3646,0.4998,0.1966,0.4302,0.5695,0.0410,0.0410,0.0574,0.0410,0.7110,0.7855,,0.0745,,23.86,-19.58,172.8,163.3,1.075,0.182,1.636
1791428919.8345058,0.7538,0.6350,0.7006,0.5695,0.4998,0.7538,0.8030,0.4302,0.4998,0.6350,0.2458,0.4998,0.4998,0.1229,0.0246,0.0574,0.0410,0.7090,0.7920,,0.0830,,23.54,-19.39,173.1,163.9,1.231,0.186,1.882
1791428919.8685665,0.5695,0.7006,0.6350,0.5695,0.6350,0.7538,0.8030,0.5695,0.7006,0.5695,0.1966,0.4998,0.4998,0.0369,0.0942,0.0369,0.0410,0.7070,0.7870,,0.0800,,23.23,-19.36,173.1,164.7,1.158,0.188,1.796
1791428919.900639,0.7006,0.7006,0.4998,0.5695,0.7006,0.7006,0.7006,0.5695,0.5695,0.5695,0.4998,0.5695,0.4998,0.0942,0.0410,0.0410,0.0410,0.7070,0.7910,,0.0840,,23.21,-19.49,173.2,164.3,1.136,0.190,1.841
1791428919.934501,0.7538,0.8030,0.4998,0.4302,0.6350,0.5695,0.6350,0.4302,0.7006,0.4302,0.2991,0.5695,0.5695,0.0410,0.0737,0.0574,0.0410,0.7080,0.7905,0.6320,0.0825,-0.1585,23.09,-19.10,173.3,164.3,1.246,0.191,1.880
1791428919.9675076,0.7006,0.8440,0.8030,0.4302,0.5695,0.4998,0.8030,0.6350,0.4302,0.5695,0.4302,0.4998,0.5695,0.0246,0.0246,0.0369,0.0574,0.7080,0.7925,,0.0845,,23.36,-19.25,172.9,163.8,1.146,0.190,1.708
1791428920.0083082,0.4998,0.5695,0.1557,0.5695,0.7006,0.7006,0.5695,0.7006,0.6350,0.4998,0.4302,0.4998,0.4302,0.0574,0.0410,0.0410,0.0574,0.7080,0.7830,,0.0750,,23.34,-19.39,172.7,163.5,1.074,0.187,1.688
1791428920.0398645,0.5695,0.7538,0.7006,0.6350,0.3646,0.4998,0.7006,0.5695,0.2458,0.4998,0.3646,0.5695,0.4998,0.0737,0.0246,0.0942,0.0574,0.7080,0.7820,,0.0740,,23.03,-19.51,172.5,163.2,1.063,0.187,1.719
1791428920.0711558,0.5695,0.6350,0.5695,0.4998,0.5695,0.4998,0.8030,0.5695,0.5695,0.4998,0.4302,0.4998,0.4998,0.0942,0.0942,0.0574,0.0246,0.7080,0.7870,,0.0790,,23.39,-19.58,172.5,163.3,1.108,0.183,1.658
1791428920.1033058,0.4302,0.7006,0.5695,0.5695,0.6350,0.6350,0.7538,0.6350,0.5695,0.4302,0.2991,0.4302,0.5695,0.0942,0.0205,0.0737,0.0410,0.7150,0.7870,,0.0720,,23.40,-19.76,175.2,162.8,1.071,0.180,1.659
1791428920.1351452,0.4998,0.2991,0.6350,0.6350,0.5695,0.8030,0.7538,0.6350,0.5695,0.4998,0.2991,0.4998,0.6350,0.0410,0.0574,0.0410,0.0369,0.7080,0.7955,,0.0875,,23.68,-19.45,174.8,162.6,1.271,0.182,1.817
1791428920.1682703,0.7538,0.7006,0.4998,0.4998,0.5695,0.7006,0.6350,0.6350,0.7006,0.4998,0.6350,0.4998,0.4998,0.0737,0.0942,0.1229,0.0574,0.7080,0.7905,,0.0825,,23.65,-19.43,174.4,162.8,1.168,0.183,1.830
1791428920.2006288,0.5695,0.8030,0.4302,0.6350,0.7538,0.7006,0.7006,0.6350,0.7006,0.3646,0.4302,0.5695,0.4998,0.0737,0.0410,0.0410,0.0410,0.7080,0.7945,,0.0865,,24.08,-19.37,174.2,163.4,1.209,0.183,1.867
1791428920.2348902,0.6350,0.4302,0.7538,0.3646,0.4302,0.6350,0.7538,0.5695,0.4998,0.4998,0.2458,0.4998,0.5695,0.0246,0.0123,0.0410,0.0369,0.7080,0.7925,,0.0845,,24.20,-19.34,173.5,163.0,1.186,0.183,1.762
1791428920.2682712,0.7538,0.7538,0.2991,0.4998,0.6350,0.6350,0.7006,0.7006,0.5695,0.4998,0.4998,0.4998,0.5695,0.0574,0.0737,0.0574,0.0574,0.7080,0.7895,,0.0815,,24.13,-19.65,172.8,162.9,1.060,0.183,1.640
1791428920.30974,0.6350,0.6350,0.4998,0.7006,0.7538,0.5695,0.7006,0.6350,0.4998,0.5695,0.4998,0.5695,0.4998,0.0574,0.0942,0.0574,0.0410,0.7080,0.7945,,0.0865,,24.45,-19.85,172.3,162.6,1.112,0.182,1.688
1791428920.341917,0.5695,0.6350,0.4302,0.5695,0.5695,0.7538,0.7006,0.6350,0.4998,0.7538,0.4998,0.4302,0.5695,0.0410,0.0737,0.0410,0.0369,0.7080,0.7890,,0.0810,,24.02,-19.50,172.4,162.7,1.233,0.185,1.879
1791428920.3738122,0.8030,0.7538,0.6350,0.5695,0.6350,0.8030,0.7538,0.7538,0.6350,0.4998,0.3646,0.5695,0.5695,0.0410,0.0737,0.0737,0.0737,0.7080,0.7950,0.6310,0.0870,-0.1640,23.92,-19.19,172.5,162.8,1.260,0.188,1.886
1791428920.4054203,0.6350,0.5695,0.4998,0.7006,0.5695,0.5695,0.6350,0.3646,0.6350,0.3646,0.4302,0.4998,0.5695,0.0574,0.0410,0.0410,0.0369,0.7080,0.7945,,0.0865,,23.90,-19.06,172.6,162.3,1.241,0.190,1.917
1791428920.4378054,0.7538,0.8030,0.7006,0.4302,0.5695,0.7538,0.5695,0.5695,0.3646,0.4998,0.4302,0.4302,0.4998,0.0737,0.0410,0.0369,0.0369,0.7090,0.7885,,0.0795,,23.71,-19.10,172.7,162.4,1.152,0.189,1.742
1791428920.4695237,0.5695,0.7006,0.5695,0.4998,0.6350,0.6350,0.7538,0.8030,0.6350,0.5695,0.3646,0.5695,0.5695,0.0369,0.0574,0.0942,0.0574,0.7080,0.7855,0.6260,0.0775,-0.1595,23.36,-19.25,172.7,161.2,1.101,0.190,1.761
1791428920.5015857,0.4998,0.4998,0.3646,0.4302,0.4998,0.7006,0.7538,0.7006,0.7006,0.6350,0.1557,0.4998,0.4998,0.0410,0.0369,0.0574,0.0574,0.7080,0.7905,,0.0825,,23.21,-19.08,172.7,161.8,1.224,0.191,1.870
1791428920.5353565,0.6350,0.5695,0.4998,0.7006,0.4998,0.7538,0.7538,0.7006,0.7006,0.5695,0.2458,0.5695,0.4998,0.0369,0.0410,0.0369,0.0574,0.7080,0.7905,,0.0825,,23.60,-19.40,172.3,161.3,1.074,0.188,1.697
1791428920.5680697,0.6350,0.8030,0.5695,0.7006,0.6350,0.4998,0.6350,0.4302,0.4302,0.2458,0.5695,0.4998,0.5695,0.0369,0.0737,0.0574,0.0410,0.7120,0.7855,,0.0735,,22.99,-19.36,172.6,161.4,1.137,0.190,1.944
1791428920.6024995,0.6350,0.8767,0.7006,0.5695,0.6350,0.4302,0.7538,0.4302,0.5695,0.5695,0.4998,0.4302,0.4302,0.0737,0.0410,0.0737,0.0369,0.7080,0.7765,,0.0685,,22.47,-19.27,172.6,161.7,1.088,0.189,1.686
1791428920.6436284,0.6350,0.7538,0.5695,0.4998,0.6350,0.7538,0.7538,0.6350,0.4998,0.4998,0.4302,0.4998,0.4998,0.1229,0.0410,0.0369,0.0574,0.7080,0.7900,,0.0820,,22.50,-19.17,172.6,161.8,1.196,0.190,1.938
1791428920.6753697,0.6350,0.6350,0.4302,0.6350,0.5695,0.6350,0.6350,0.4998,0.5695,0.5695,0.3646,0.4998,0.4998,0.0123,0.0737,0.0369,0.0369,0.7080,0.7845,,0.0765,,22.07,-18.94,172.7,162.9,1.205,0.193,1.811
1791428920.706585,0.4998,0.6350,0.4998,0.4302,0.6350,0.5695,0.6350,0.5695,0.6350,0.5695,0.2991,0.2991,0.4998,0.0574,0.0737,0.0369,0.0369,0.7080,0.7835,,0.0755,,21.95,-18.96,173.0,162.8,,0.193,1.805
1791428920.7383275,0.7538,0.8030,0.4998,0.4998,0.7006,0.4998,0.5695,0.5695,0.7538,0.5695,0.1966,0.5695,0.4998,0.0369,0.0574,0.0574,0.0410,0.7080,0.7905,,0.0825,,22.79,-19.23,175.0,162.6,1.098,0.187,1.670
1791428920.7702825,0.4998,0.8440,0.4998,0.4998,0.6350,0.7538,0.3646,0.6350,0.7006,0.4998,0.2991,0.4998,0.5695,0.0737,0.0574,0.0574,0.0574,0.7080,0.7905,,0.0825,,22.82,-19.07,174.5,162.7,1.221,0.189,1.800
1791428920.802887,0.8030,0.5695,0.5695,0.4302,0.7538,0.6350,0.6350,0.4302,0.6350,0.4998,0.4302,0.5695,0.5695,0.0369,0.0737,0.0410,0.0574,0.7080,0.7780,0.6270,0.0700,-0.1510,22.80,-19.20,174.1,162.6,1.050,0.185,1.613
1791428920.8365092,0.7006,0.7006,0.7006,0.6350,0.8030,0.7538,0.4998,0.6350,0.4302,0.4302,0.1557,0.4302,0.5695,0.0737,0.0942,0.0942,0.0369,0.7120,0.7910,,0.0790,,22.95,-19.16,174.2,162.8,1.189,0.184,1.804
1791428920.868579,0.5695,0.8030,0.4998,0.4998,0.7006,0.7006,0.7538,0.5695,0.4302,0.3646,0.4998,0.4998,0.5695,0.0410,0.0574,0.0737,0.0574,0.7080,0.7835,,0.0755,,22.98,-19.40,173.1,162.9,1.050,0.183,1.607
1791428920.9018333,0.5695,0.4998,0.5695,0.4998,0.4998,0.5695,0.4302,0.5695,0.5695,0.4998,0.1557,0.3646,0.5695,0.0410,0.0369,0.0942,0.0410,0.7080,0.7945,,0.0865,,23.50,-19.46,172.8,163.0,1.168,0.182,1.723
1791428920.936085,0.6350,0.5695,0.7006,0.5695,0.5695,0.9054,0.8440,0.4998,0.4998,0.4302,0.4998,0.5695,0.4998,0.0246,0.0574,0.0410,0.0410,0.7080,0.7870,,0.0790,,23.43,-19.41,173.2,163.5,1.146,0.183,1.776
1791428920.9774697,0.6350,0.8440,0.6350,0.5695,0.6350,0.6350,0.7538,0.5695,0.2991,0.5695,0.2458,0.4302,0.4998,0.0574,0.0369,0.0737,0.0369,0.7080,0.7795,,0.0715,,23.05,-19.32,173.2,163.6,1.108,0.182,1.677
1791428921.009415,0.5695,0.5695,0.5695,0.5695,0.7006,0.4998,0.7538,0.2991,0.6350,0.4302,0.5695,0.3646,0.3646,0.0246,0.0246,0.0369,0.0123,0.7110,0.7920,,0.0810,,23.39,-19.57,172.2,163.5,1.097,0.181,1.700
1791428921.0415833,0.7006,0.7006,0.6350,0.5695,0.6350,0.7006,0.7006,0.6350,0.6350,0.5695,0.1557,0.5695,0.5695,0.0574,0.0574,0.0410,0.0369,0.7080,0.7845,0.6250,0.0765,-0.1595,23.40,-19.58,172.0,163.9,1.118,0.180,1.681
1791428921.0720394,0.5695,0.6350,0.5695,0.4998,0.5695,0.6350,0.4998,0.4302,0.3646,0.4998,0.4998,0.4998,0.4998,0.0942,0.0574,0.0574,0.0410,0.7080,0.7935,,0.0855,,23.67,-19.60,171.5,164.2,1.166,0.181,1.737
1791428921.1036375,0.7538,0.7006,0.5695,0.5695,0.4998,0.6350,0.8030,0.5695,0.6350,0.5695,0.4302,0.4302,0.4998,0.0246,0.0737,0.0942,0.0574,0.7090,0.7940,,0.0850,,23.97,-19.47,172.0,164.2,1.213,0.181,1.791
1791428921.136726,0.8030,0.6350,0.4302,0.5695,0.5695,0.7006,0.4302,0.4998,0.4302,0.4302,0.1966,0.4302,0.5695,0.0737,0.0410,0.0942,0.0574,0.7080,0.7885,,0.0805,,23.93,-19.50,172.4,164.7,1.136,0.182,1.797
1791428921.1697638,0.6350,0.7006,0.5695,0.5695,0.6350,0.7006,0.7006,0.5695,0.3646,0.3646,0.4302,0.4302,0.4998,0.1557,0.0164,0.0410,0.0574,0.7080,0.7880,,0.0800,,23.83,-19.45,172.3,163.6,1.152,0.182,1.697
1791428921.20209,0.6350,0.9259,0.5695,0.4998,0.7006,0.7538,0.6350,0.4302,0.4302,0.2458,0.4302,0.3646,0.4302,0.0410,0.0369,0.0737,0.0246,0.7080,0.7780,,0.0700,,23.01,-19.20,172.2,163.7,1.152,0.185,1.955
1791428921.2357194,0.5695,0.7006,0.7538,0.5695,0.5695,0.5695,0.8030,0.5695,0.5695,0.7006,0.4998,0.4302,0.4302,0.0246,0.0369,0.0205,0.0410,0.7080,0.7895,,0.0815,,23.40,-19.42,172.4,164.1,1.097,0.182,1.692
1791428921.2690914,0.4302,0.8767,0.4998,0.6350,0.4998,0.5695,0.6350,0.3646,0.3646,0.4302,0.4302,0.4302,0.4998,0.0574,0.0574,0.0737,0.0574,0.7080,0.7850,,0.0770,,23.15,-19.36,172.2,164.3,1.140,0.184,1.759
1791428921.3097322,0.5695,0.8030,0.4998,0.4998,0.7006,0.8030,0.7006,0.5695,0.7006,0.6350,0.4998,0.3646,0.4998,0.0369,0.0410,0.0369,0.0410,0.7080,0.7865,,0.0785,,23.00,-19.33,172.2,164.4,1.147,0.185,1.779
1791428921.3417113,0.4302,0.7006,0.3646,0.5695,0.4998,0.6350,0.5695,0.4998,0.5695,0.6350,0.2991,0.4302,0.4998,0.0410,0.0369,0.0574,0.0410,0.7100,0.7920,,0.0820,,23.30,-19.44,172.0,164.2,1.141,0.184,1.767
1791428921.3740902,0.5695,0.8440,0.4998,0.4998,0.7006,0.6350,0.7538,0.4998,0.6350,0.1966,0.2991,0.5695,0.4998,0.0369,0.0369,0.0369,0.0574,0.7070,0.7905,,0.0835,,23.45,-19.48,171.8,163.8,1.147,0.185,
1791428921.4047127,0.3646,0.8440,0.7006,0.6350,0.6350,0.6350,0.5695,0.7006,0.5695,0.3646,0.4998,0.4998,0.5695,0.0942,0.0410,0.0737,0.0574,0.7070,0.7810,,0.0740,,23.06,-19.28,172.0,164.3,1.152,0.185,1.796
1791428921.437042,0.4998,0.6350,0.6350,0.4302,0.6350,0.6350,0.8030,0.4998,0.5695,0.4302,0.1966,0.4302,0.4998,0.0942,0.0246,0.0737,0.0574,0.7070,0.7895,,0.0825,,23.13,-19.23,172.5,163.8,1.179,0.186,1.762
1791428921.46955,0.5695,0.7538,0.4998,0.6350,0.4302,0.7006,0.7006,0.5695,0.6350,0.4998,0.4302,0.4998,0.4998,0.0410,0.0123,0.0942,0.0410,0.7080,0.7885,,0.0805,,23.02,-19.25,172.6,163.7,1.153,0.188,1.830
1791428921.5032864,0.5695,0.5695,0.4302,0.5695,0.6350,0.5695,0.7538,0.3646,0.6350,0.6350,0.4302,0.4302,0.5695,0.0410,0.0410,0.0737,0.0410,0.7080,0.7940,,0.0860,,23.61,-19.38,175.3,163.4,1.156,0.185,1.667
1791428921.5356655,0.7538,0.7538,0.4302,0.7538,0.4998,0.5695,0.5695,0.4998,0.5695,0.3646,0.4302,0.3646,0.4998,0.0369,0.0574,0.0737,0.0737,0.7090,0.7845,,0.0755,,23.46,-19.33,175.0,163.4,1.137,0.184,1.746
1791428921.5701962,0.6350,0.8030,0.3646,0.7006,0.5695,0.6350,0.7006,0.4302,0.6350,0.4998,0.4998,0.4302,0.4302,0.0410,0.0574,0.0369,0.0737,0.7100,0.7970,,0.0870,,23.76,,174.5,163.5,1.262,0.185,1.905
1791428921.6022565,0.4302,0.5695,0.6350,0.4998,0.6350,0.7006,0.4998,0.4302,0.5695,0.4998,0.4998,0.4998,0.4998,0.0942,0.0410,0.0410,0.0574,0.7060,0.7925,,0.0865,,24.08,,174.2,163.4,1.190,0.184,1.819
1791428921.6361918,0.4998,0.7006,0.4998,0.5695,0.6350,0.4302,0.5695,0.4998,0.6350,0.4302,0.2458,0.4998,0.5695,0.0574,0.0410,0.0737,0.0369,0.7080,0.7880,,0.0800,,24.32,,173.6,163.7,1.103,0.181,1.674
1791428921.6756177,0.6350,0.8767,0.4998,0.4998,0.7006,0.2991,0.6350,0.5695,0.5695,0.6350,0.5695,0.5695,0.6350,0.0369,0.0246,0.0737,0.0737,0.7100,,0.6280,,,24.32,,173.6,163.7,,,
1791428921.7082431,0.6350,0.7006,0.4302,0.4998,0.5695,0.5695,0.6350,0.6350,0.6350,0.7006,0.5695,0.4998,0.4998,0.0369,0.0410,0.0574,0.0369,0.7070,0.7905,,0.0835,,24.44,,173.4,163.5,1.152,0.181,1.764
1791428921.7389112,0.6350,0.7006,0.6350,0.6350,0.5695,0.7006,0.4998,0.5695,0.2991,0.3646,0.4998,0.4998,0.4998,0.0410,0.0737,0.0942,0.0369,0.7080,0.7940,,0.0860,,24.13,,173.3,163.6,1.229,0.185,1.899
1791428921.770158,0.6350,0.8440,0.6350,0.4998,0.4302,0.4998,0.6350,0.6350,0.5695,0.6350,0.1557,0.3646,0.3646,0.0942,0.0574,0.0737,0.0410,0.7070,0.7910,,0.0840,,24.41,,172.6,163.5,1.057,0.183,1.620
1791428921.8026786,0.5695,0.8440,0.4302,0.7006,0.3646,0.7538,0.7006,0.6350,0.4302,0.4998,0.3646,0.4302,0.4998,0.0410,0.0246,0.0574,0.0574,0.7080,0.7945,,0.0865,,24.32,,172.9,163.9,1.233,0.185,1.846
1791428921.8363802,0.6350,0.7006,0.4302,0.6350,0.5695,0.4998,0.4998,0.7006,0.8030,0.5695,0.4302,0.5695,0.4998,0.0574,0.0737,0.0574,0.0574,0.7100,0.7900,,0.0800,,24.33,,173.0,163.9,1.141,0.184,1.711
1791428921.8694038,0.8030,0.7006,0.5695,0.4998,0.6350,0.7006,0.6350,0.4998,0.6350,0.4998,0.1966,0.4302,0.4302,0.0369,0.0410,0.0369,0.0574,0.7070,0.7930,,0.0860,,24.77,,172.5,163.6,1.132,0.181,1.720
1791428921.9036658,0.2991,0.6350,0.6350,0.5695,0.4998,0.5695,0.7006,0.2458,0.4998,0.4302,0.4302,0.4998,0.5695,0.0410,0.0574,0.0410,0.0574,,0.7920,,,,24.77,,172.2,163.6,1.226,0.181,
1791428921.9444368,0.5695,0.6350,0.5695,0.5695,0.8030,0.4998,0.6350,0.5695,0.6350,0.5695,0.2991,0.4302,0.5695,0.0574,0.0737,0.0737,0.0574,0.7070,0.7945,,0.0875,,25.08,,172.1,163.8,1.137,0.180,1.757
1791428921.9765859,0.5695,0.7538,0.3646,0.4302,0.5695,0.6350,0.7006,0.4302,0.5695,0.4302,0.4302,0.4998,0.5695,0.0369,0.0737,0.0574,0.0737,0.7070,0.7935,,0.0865,,25.37,,171.6,163.7,1.127,0.179,1.708
1791428922.0086467,0.6350,0.5695,0.5695,0.7538,0.6350,0.6350,0.4998,0.4998,0.2991,0.4302,0.4998,0.4998,0.5695,0.0574,0.0574,0.0410,0.0574,0.7070,0.7865,,0.0795,,24.89,,171.4,162.3,1.107,0.181,1.737
1791428922.04009,0.5695,0.8440,0.4302,0.5695,0.6350,0.4998,0.6350,0.4998,0.3646,0.4302,0.4302,0.4998,0.5695,0.0246,0.0369,0.0737,0.0574,0.7130,0.7930,,0.0800,,24.29,,171.8,162.7,1.298,0.184,1.906
1791428922.0724308,0.7538,0.8440,0.5695,0.5695,0.6350,0.7538,0.6350,0.2991,0.6350,0.5695,0.1966,0.3646,0.4998,0.0737,0.0410,0.0574,0.0574,0.7100,0.7860,,0.0760,,23.54,,171.5,163.2,1.175,0.187,1.881
1791428922.1042178,0.8440,0.8440,0.6350,0.4998,0.5695,0.6350,0.5695,0.6350,0.4998,0.5695,0.2991,0.5695,0.4998,0.0574,0.0369,0.0410,0.0369,0.7070,0.7930,,0.0860,,23.78,,171.5,163.5,1.190,0.187,1.784
1791428922.1371894,0.7538,0.6350,0.7006,0.5695,0.4998,0.8440,0.8030,0.6350,0.6350,0.4302,0.4998,0.4302,0.5695,0.0942,0.0574,0.0410,0.0942,0.7070,0.7920,,0.0850,,24.05,,171.4,163.4,1.082,0.186,1.659
1791428922.1701493,0.6350,0.8030,0.4998,0.4998,0.7538,0.6350,0.6350,0.4998,0.7006,0.4302,0.3646,0.4302,0.4998,0.0942,0.0246,0.0737,0.0369,0.7100,0.7880,,0.0780,,23.91,,171.9,163.6,1.157,0.185,1.766
1791428922.203296,0.6350,0.6350,0.7538,0.4302,0.5695,0.5695,0.7006,0.4998,0.4998,0.7006,0.4998,0.4998,0.5695,0.0369,0.0164,0.0574,0.0574,0.7090,0.7890,,0.0800,,23.88,,172.4,163.7,1.127,0.184,1.685
1791428922.237171,0.7538,0.6350,0.7538,0.7538,0.6350,0.6350,0.7538,0.4302,0.7006,0.7006,0.4302,0.6350,0.4998,0.0574,0.0574,0.0410,0.0410,0.7090,0.7895,,0.0805,,23.72,,172.5,163.5,1.190,0.185,1.805
1791428922.2792144,0.7006,0.7006,0.7538,0.5695,0.6350,0.5695,0.6350,0.7006,0.4998,0.6350,0.4302,0.4302,0.4302,0.0410,0.0737,0.0574,0.0410,0.7070,0.7915,,0.0845,,23.90,,172.8,163.5,1.221,0.185,1.811
1791428922.3107405,0.5695,0.5695,0.4998,0.4998,0.4998,0.8030,0.4998,0.5695,0.5695,0.6350,0.4302,0.5695,0.5695,0.0369,0.0737,0.0410,0.0737,0.7070,0.7895,0.6230,0.0825,-0.1665,23.98,-19.39,172.6,163.9,1.146,0.185,1.737
1791428922.3426268,0.7006,0.4998,0.7006,0.6350,0.5695,0.5695,0.6350,0.5695,0.4302,0.4998,0.4998,0.4998,0.4998,0.0574,0.0574,0.0574,0.0410,0.7070,0.7915,,0.0845,,24.12,-19.43,173.0,163.3,1.161,0.184,1.733
1791428922.3746464,0.4998,0.8030,0.2991,0.5695,0.5695,0.7538,0.7538,0.5695,0.6350,0.5695,0.4302,0.4998,0.4998,0.0369,0.0737,0.0410,0.0369,0.7100,0.7890,,0.0790,,23.69,-19.45,173.1,162.7,1.151,0.187,1.781
1791428922.4056695,0.7006,0.7006,0.6350,0.7006,0.4998,0.7538,0.6350,0.6350,0.4998,0.4998,0.4302,0.4998,0.5695,0.0737,0.0369,0.0574,0.0410,0.7100,0.7950,,0.0850,,23.98,-19.50,173.7,162.5,1.177,0.185,1.791
1791428922.4380832,0.6350,0.8030,0.4302,0.6350,0.5695,0.7006,0.7538,0.4998,0.7538,0.7006,0.5695,0.6350,0.6350,0.0410,0.0574,0.0574,0.0410,0.7070,0.7930,0.6280,0.0860,-0.1650,23.97,-19.21,173.9,162.4,1.263,0.187,1.858
1791428922.4709666,0.5695,0.5695,0.5695,0.4998,0.6350,0.7006,0.6350,0.4998,0.3646,0.6350,0.2991,0.4302,0.4998,0.0410,0.0942,0.0942,0.0410,0.7070,0.7930,,0.0860,,24.13,-19.14,173.4,162.2,1.216,0.187,1.809
1791428922.5038836,0.6350,0.8440,0.6350,0.5695,0.6350,0.7006,0.7006,0.6350,0.6350,0.4998,0.2991,0.4998,0.4998,0.0369,0.0369,0.0737,0.0410,0.7090,0.7905,,0.0815,,24.25,-19.25,173.1,162.4,1.146,0.185,1.688
1791428922.536946,0.5695,0.7006,0.6350,0.5695,0.6350,0.6350,0.4998,0.7538,0.5695,0.4998,0.2991,0.4998,0.5695,0.0574,0.0574,0.0737,0.0369,0.7090,0.7895,,0.0805,,24.14,-19.45,175.4,162.3,1.103,0.185,1.682
1791428922.5707753,0.4998,0.7006,0.8030,0.6350,0.6350,0.7006,0.6350,0.5695,0.4998,0.4302,0.4302,0.4998,0.5695,0.0942,0.0574,0.1229,0.0574,0.7070,0.7895,,0.0825,,24.21,-19.44,175.1,161.9,1.158,0.184,1.768
1791428922.603849,0.5695,0.4998,0.5695,0.6350,0.6350,0.5695,0.2991,0.5695,0.4302,0.4302,0.3646,0.5695,0.3646,0.0574,0.0574,0.1229,0.0410,0.7070,,,,,24.21,-19.44,175.1,161.9,,,
1791428922.6440265,0.8030,0.8030,0.6350,0.5695,0.5695,0.6350,0.7538,0.4998,0.6350,0.4302,0.4302,0.4998,0.4998,0.0369,0.0246,0.0410,0.0410,0.7070,0.7950,,0.0880,,24.73,-19.70,173.9,162.5,1.111,0.182,1.678
1791428922.6763546,0.6350,0.7538,0.5695,0.5695,0.6350,0.6350,0.8030,0.6350,0.7006,0.5695,0.4302,0.4998,0.5695,0.0574,0.0574,0.0737,0.0574,0.7070,0.7870,,0.0800,,24.35,-19.70,173.9,162.4,1.121,0.183,1.798
1791428922.7073398,0.4302,0.6350,0.4998,0.6350,0.6350,0.8030,0.6350,0.8440,0.4998,0.4998,0.2458,0.4302,0.5695,0.0574,0.0369,0.0942,0.0410,0.7070,0.7860,,0.0790,,24.02,-19.69,173.5,162.4,1.117,0.184,1.674
1791428922.7389731,0.4998,0.4998,0.3646,0.5695,0.7538,0.6350,0.7006,0.5695,0.6350,0.4998,0.3646,0.4998,0.4998,0.0942,0.0574,0.0737,0.0369,0.7070,0.7955,,0.0885,,23.99,-19.46,173.5,162.7,1.254,0.188,1.924
1791428922.770987,0.6350,0.7006,0.4998,0.4998,0.7006,0.6350,0.6350,0.4998,0.6350,0.6350,0.5695,0.5695,0.5695,0.0574,0.1229,0.0574,0.0574,0.7070,0.7925,0.6260,0.0855,-0.1665,24.11,-19.64,173.1,162.6,1.122,0.187,1.749
1791428922.8043363,0.8030,0.4998,0.7538,0.5695,0.5695,0.6350,0.6350,0.4998,0.6350,0.4302,0.1966,0.4302,0.6350,0.0574,0.0246,0.0737,0.0410,0.7090,0.7900,,0.0810,,23.84,-19.54,173.3,163.0,1.179,0.188,1.839
1791428922.837754,0.4302,0.7006,0.8030,0.5695,0.5695,0.5695,0.7006,0.4998,0.5695,0.4302,0.4998,0.4998,0.4302,0.0574,0.0205,0.0737,0.0574,0.7070,0.7905,,0.0835,,23.80,-19.51,173.0,162.9,1.163,0.189,1.872
1791428922.8710597,0.3646,0.7006,0.4998,0.5695,0.4998,0.4998,0.7538,0.6350,0.3646,0.4302,0.4998,0.4998,0.4998,0.0942,0.0737,0.1229,0.0410,0.7070,0.7965,,0.0895,,23.88,-19.39,173.2,163.2,1.242,0.191,1.972
1791428922.9050314,0.8030,0.7538,0.7538,0.5695,0.4302,0.7006,0.7538,0.4998,0.7006,0.5695,0.3646,0.5695,0.5695,0.0574,0.0574,0.0369,0.0410,0.7070,0.7915,0.6280,0.0845,-0.1635,24.04,-19.37,173.6,163.5,1.166,0.190,1.790
1791428922.945483,0.7006,0.6350,0.6350,0.4998,0.5695,0.7006,0.7538,0.4302,0.6350,0.5695,0.5695,0.5695,0.4998,0.0246,0.0369,0.0737,0.0737,0.7070,0.7910,,0.0840,,24.28,-19.62,172.9,163.6,1.088,0.187,1.685
1791428922.9776478,0.7006,0.4302,0.3646,0.5695,0.7006,0.8030,0.8030,0.6350,0.6350,0.6350,0.3646,0.4302,0.4998,0.0737,0.0737,0.0574,0.0410,0.7100,0.7905,,0.0805,,24.22,-20.07,172.3,163.5,1.009,0.186,1.693
1791428923.008848,0.6350,0.7006,0.6350,0.4998,0.6350,0.7006,0.7006,0.5695,0.5695,0.4302,0.2991,0.5695,0.4998,0.0574,0.0737,0.0737,0.0410,0.7070,0.7935,,0.0865,,24.55,-19.92,172.4,163.2,1.187,0.184,1.753
1791428923.0407012,0.3646,0.6350,0.7006,0.6350,0.6350,0.7538,0.6350,0.3646,0.5695,0.4998,0.4302,0.4302,0.4998,0.0410,0.0737,0.0737,0.0737,0.7070,0.7930,,0.0860,,24.77,-19.77,172.5,162.8,1.193,0.183,1.786
1791428923.0724509,0.4998,0.8767,0.7006,0.5695,0.4998,0.7538,0.7006,0.4998,0.5695,0.4302,0.4302,0.4998,0.5695,0.0246,0.0737,0.0737,0.0410,0.7090,0.7875,,0.0785,,24.30,-19.65,172.8,162.7,1.156,0.185,1.746
1791428923.1050682,0.3646,0.6350,0.6350,0.5695,0.5695,0.5695,0.5695,0.5695,0.4998,0.4998,0.2991,0.4998,0.5695,0.0737,0.0410,0.0737,0.0410,0.7060,0.7940,,0.0880,,25.07,-19.87,172.3,162.7,1.104,0.180,1.651
1791428923.1381152,0.6350,0.6350,0.4302,0.5695,0.7006,0.6350,0.5695,0.4998,0.5695,0.5695,0.1966,0.4998,0.5695,0.0574,0.1229,0.0942,0.0369,0.7070,0.7925,,0.0855,,24.79,-19.58,172.8,163.0,1.238,0.183,1.832
1791428923.172377,0.7006,0.8030,0.4998,0.6350,0.5695,0.7006,0.7006,0.4998,0.6350,0.4302,0.5695,0.4998,0.4998,0.0942,0.0737,0.0737,0.0737,0.7060,0.7880,,0.0820,,24.62,-19.73,172.4,163.1,1.087,0.183,1.665
1791428923.2057161,0.4998,0.5695,0.7006,0.6350,0.5695,0.6350,0.4302,0.5695,0.4302,0.4998,0.2991,0.4998,0.4302,0.0369,0.0737,0.0369,0.0369,0.7130,0.7950,,0.0820,,24.51,-19.54,172.6,163.5,1.233,0.183,1.878
1791428923.2379787,0.4998,0.5695,0.5695,0.3646,0.7006,0.6350,0.7006,0.4302,0.5695,0.4998,0.4998,0.5695,0.5695,0.0574,0.0737,0.0942,0.0410,0.7100,0.7890,0.6260,0.0790,-0.1630,24.10,-19.30,172.5,163.1,1.226,0.185,1.852
1791428923.2799385,0.7538,0.7006,0.7538,0.5695,0.7538,0.7006,0.5695,0.7538,0.3646,0.4998,0.4302,0.5695,0.4998,0.0574,0.0574,0.0410,0.0410,0.7130,0.7895,,0.0765,,23.85,-19.40,172.3,163.5,1.132,0.184,1.760
1791428923.3109493,0.4302,0.8030,0.5695,0.5695,0.6350,0.7538,0.4998,0.7006,0.6350,0.6350,0.4998,0.5695,0.5695,0.0737,0.0574,0.0410,0.0410,0.7100,0.7785,0.6260,0.0685,-0.1525,23.17,-19.41,172.2,163.5,1.079,0.184,1.679
1791428923.342726,0.6350,0.7006,0.4998,0.5695,0.4302,0.6350,0.8030,0.6350,0.6350,0.4998,0.2991,0.5695,0.4998,0.0737,0.0369,0.0737,0.0574,0.7130,0.7940,,0.0810,,22.93,-19.20,172.4,163.5,1.256,0.187,1.932
1791428923.3743732,0.7006,0.5695,0.7538,0.4998,0.5695,0.7006,0.7538,0.6350,0.7006,0.6350,0.3646,0.5695,0.4998,0.0942,0.0369,0.0574,0.0410,0.7060,0.7930,,0.0870,,23.34,-19.26,172.5,163.2,1.178,0.187,1.777
1791428923.4057434,0.5695,0.8440,0.6350,0.5695,0.7006,0.7006,0.7538,0.5695,0.5695,0.4302,0.2991,0.4998,0.4998,0.0574,0.0410,0.0369,0.0369,0.7100,0.7920,,0.0820,,23.82,-19.42,172.3,163.3,1.132,0.184,1.646
1791428923.4387329,0.3646,0.6350,0.4302,0.4302,0.7006,0.7538,0.5695,0.6350,0.4302,0.4998,0.2458,0.4998,0.4998,0.0410,0.0942,0.0574,0.0410,0.7070,0.7945,,0.0875,,24.33,-19.35,172.3,163.7,1.216,0.182,1.837
1791428923.4720762,0.7538,0.6350,0.5695,0.4998,0.6350,0.4998,0.7538,0.5695,0.6350,0.5695,0.1557,0.3646,0.5695,0.0410,0.0205,0.0737,0.0574,0.7070,0.7935,,0.0865,,24.45,-19.33,172.4,163.6,1.193,0.183,1.834
1791428923.5062149,0.6350,0.6350,0.5695,0.4998,0.6350,0.7538,0.4998,0.4998,0.6350,0.4998,0.4302,0.4998,0.4998,0.0410,0.0410,0.0737,0.0123,0.7100,0.7825,,0.0725,,23.99,-19.30,172.3,163.6,1.122,0.182,1.747
1791428923.5394886,0.7006,0.4998,0.4998,0.5695,0.4998,0.6350,0.7538,0.4998,0.7006,0.6350,0.6350,0.5695,0.4302,0.0574,0.0737,0.0410,0.0246,0.7070,0.7855,,0.0785,,23.80,-19.36,172.1,163.1,1.117,0.183,1.740
1791428923.5818186,0.5695,0.7538,0.3646,0.5695,0.6350,0.7006,0.7538,0.7538,0.6350,0.5695,0.3646,0.4998,0.5695,0.0574,0.0737,0.0410,0.0737,0.7070,0.7920,,0.0850,,23.58,-19.15,172.4,163.6,1.246,0.187,1.926
1791428923.6134832,0.4302,0.7538,0.5695,0.6350,0.6350,0.7538,0.4998,0.5695,0.5695,0.6350,0.5695,0.4998,0.5695,0.0369,0.0737,0.0410,0.0369,0.7070,0.7895,,0.0825,,23.71,-19.25,172.3,163.2,1.142,0.186,1.794
1791428923.6449888,0.5695,0.7006,0.4998,0.6350,0.4302,0.7538,0.4998,0.4998,0.5695,0.2991,0.3646,0.4998,0.5695,0.0410,0.0574,0.0574,0.0369,0.7100,0.7890,,0.0790,,23.66,-19.39,172.5,162.8,1.117,0.185,1.813
1791428923.676952,0.4998,0.8440,0.4302,0.4998,0.5695,0.6350,0.7538,0.2991,0.7006,0.4998,0.4998,0.5695,0.4998,0.0737,0.0410,0.0574,0.0369,0.7090,0.7900,,0.0810,,23.50,-19.28,172.7,163.0,1.199,0.186,1.865
1791428923.7082944,0.8030,0.2991,0.4998,0.5695,0.6350,0.7538,0.7538,0.5695,0.5695,0.5695,0.5695,0.5695,0.4998,0.0369,0.0574,0.0369,0.0410,0.7060,0.7900,,0.0840,,23.47,-19.27,173.0,162.8,1.173,0.188,1.782
1791428923.7397652,0.4998,0.8767,0.6350,0.4998,0.4998,0.6350,0.6350,0.4998,0.5695,0.6350,0.6350,0.4998,0.5695,0.0369,0.0574,0.0737,0.0369,0.7090,0.7890,,0.0800,,23.60,-19.49,172.8,162.6,1.089,0.186,1.698
1791428923.7732205,0.4302,0.8440,0.6350,0.4998,0.5695,0.7006,0.5695,0.4998,0.5695,0.5695,0.7006,0.5695,0.5695,0.0574,0.0246,0.0369,0.0369,0.7060,0.7945,0.6240,0.0885,-0.1705,23.51,-19.34,173.0,163.0,1.254,0.190,1.916
