timestamp,nose_score,left_eye_score,right_eye_score,left_ear_score,right_ear_score,left_shoulder_score,right_shoulder_score,left_elbow_score,right_elbow_score,left_wrist_score,right_wrist_score,left_hip_score,right_hip_score,left_knee_score,right_knee_score,left_ankle_score,right_ankle_score,head_depth_m,chest_depth_m,hip_depth_m,neck_forward_offset_m,torso_recline_offset_m,head_forward_deg,torso_pitch_deg,elbow_left_deg,elbow_right_deg,torso_len_sw,head_up_m,wrist_face_sw
1791426925.9720933,0.8440,0.7006,0.9054,0.5695,0.7006,0.5695,0.6350,0.5695,0.4998,0.4302,0.1229,0.5695,0.5695,0.0123,0.0369,0.0410,0.0574,0.8290,0.8815,0.6660,0.0525,-0.2155,14.15,-23.13,178.6,175.9,1.207,0.176,1.895
1791426926.0129135,0.6350,0.8767,0.8030,0.3646,0.4302,0.6350,0.6350,0.5695,0.7006,0.5695,0.4998,0.7006,0.5695,0.0246,0.0410,0.0369,0.0164,0.8320,0.8730,0.6670,0.0410,-0.2060,13.88,-23.08,178.7,175.4,1.221,0.176,1.961
1791426926.0457697,0.7538,0.7538,0.4302,0.6350,0.4998,0.4998,0.7006,0.3646,0.5695,0.7006,0.3646,0.6350,0.4998,0.0082,0.0246,0.0164,0.0410,0.8320,0.8755,,0.0435,,14.04,-23.39,178.3,175.5,1.142,0.174,1.813
1791426926.0764618,0.5695,0.4998,0.5695,0.4998,0.5695,0.8030,0.7006,0.8030,0.7006,0.1966,0.2991,0.7006,0.7006,0.0205,0.0369,0.0410,0.0369,0.8290,0.8730,0.6700,0.0440,-0.2030,14.05,-23.42,178.7,175.7,1.164,0.174,
1791426926.1077204,0.6350,0.7538,0.6350,0.6350,0.4998,0.7006,0.7006,0.7006,0.7006,0.1966,0.3646,0.6350,0.5695,0.0082,0.0205,0.0246,0.0205,0.8290,0.8660,0.6650,0.0370,-0.2010,13.54,-23.07,179.1,175.1,1.261,0.176,2.051
1791426926.1402192,0.7538,0.8440,0.5695,0.6350,0.3646,0.7006,0.8030,0.7006,0.6350,0.5695,0.5695,0.5695,0.5695,0.0164,0.0574,0.0369,0.0410,0.8290,0.8715,0.6640,0.0425,-0.2075,13.59,-23.17,179.2,174.7,1.191,0.175,1.891
1791426926.1727583,0.6350,0.7006,0.8030,0.4302,0.4998,0.7006,0.5695,0.4302,0.4302,0.6350,0.3646,0.4302,0.4302,0.0164,0.0246,0.0369,0.0164,0.8320,0.8755,,0.0435,,13.68,-23.21,179.3,174.5,1.214,0.175,1.956
1791426926.2055418,0.5695,0.8440,0.6350,0.6350,0.5695,0.4998,0.7006,0.6350,0.4998,0.7006,0.3646,0.4998,0.4302,0.0123,0.0246,0.0574,0.0369,0.8290,0.8765,,0.0475,,13.92,-23.10,178.9,175.3,1.262,0.176,2.021
1791426926.2389867,0.7538,0.7006,0.7538,0.4998,0.5695,0.6350,0.4998,0.6350,0.4998,0.7538,0.2458,0.7006,0.5695,0.0123,0.0164,0.0574,0.0164,0.8320,0.8870,0.6620,0.0550,-0.2250,14.70,-23.21,178.4,175.3,1.287,0.175,2.033
1791426926.2727556,0.4998,0.5695,0.5695,0.5695,0.5695,0.8030,0.5695,0.5695,0.5695,0.6350,0.4302,0.7006,0.5695,0.0123,0.0082,0.0369,0.0369,0.8290,0.8715,0.6640,0.0425,-0.2075,14.68,-23.33,178.4,174.8,1.174,0.173,1.896
1791426926.3128672,0.5695,0.6350,0.5695,0.4998,0.4302,0.6350,0.7006,0.4998,0.5695,0.7006,0.2991,0.6350,0.6350,0.0082,0.0205,0.0369,0.0369,0.8290,0.8765,0.6600,0.0475,-0.2165,14.99,-23.40,178.4,174.0,1.233,0.170,1.934
1791426926.3452644,0.4998,0.8767,0.5695,0.4302,0.3646,0.6350,0.7538,0.5695,0.5695,0.6350,0.3646,0.6350,0.5695,0.0123,0.0123,0.0123,0.0205,0.8360,0.8765,0.6620,0.0405,-0.2145,14.53,-23.21,178.0,174.5,1.296,0.172,2.045
1791426926.377206,0.8030,0.8440,0.4998,0.4302,0.4998,0.4998,0.7006,0.5695,0.7006,0.6350,0.3646,0.5695,0.5695,0.0082,0.0082,0.0410,0.0205,0.8290,0.8720,0.6600,0.0430,-0.2120,14.33,-23.02,178.2,174.3,1.294,0.173,2.035
1791426926.4076006,0.7538,0.7006,0.5695,0.4998,0.5695,0.7006,0.7538,0.7006,0.7006,0.2991,0.2991,0.6350,0.5695,0.0082,0.0205,0.0574,0.0369,0.8360,0.8700,0.6600,0.0340,-0.2100,13.41,-22.81,178.1,174.9,1.299,0.177,
1791426926.4396634,0.6350,0.6350,0.5695,0.6350,0.4302,0.5695,0.6350,0.7538,0.3646,0.5695,0.4998,0.6350,0.4302,0.0246,0.0082,0.0574,0.0369,0.8320,0.8675,,0.0355,,13.23,-22.87,177.7,174.4,1.202,0.174,1.868
1791426926.4729955,0.7538,0.8440,0.5695,0.7006,0.4998,0.8440,0.8030,0.7006,0.7538,0.4302,0.1966,0.6350,0.5695,0.0123,0.0123,0.0737,0.0164,0.8310,0.8800,0.6590,0.0490,-0.2210,13.70,-22.88,177.5,175.1,1.307,0.174,2.046
1791426926.5053194,0.6350,0.7538,0.4998,0.5695,0.4302,0.7006,0.7006,0.4302,0.7538,0.4302,0.4998,0.5695,0.4998,0.0082,0.0082,0.0123,0.0369,0.8310,0.8735,,0.0425,,13.45,-22.63,177.9,174.9,1.332,0.178,2.156
1791426926.5395064,0.6350,0.4302,0.6350,0.2991,0.4302,0.6350,0.5695,0.5695,0.4302,0.6350,0.1229,0.7006,0.5695,0.0123,0.0369,0.0369,0.0369,0.8320,0.8820,0.6630,0.0500,-0.2190,13.94,-22.80,177.6,175.6,1.260,0.177,2.008
1791426926.5726492,0.8030,0.8030,0.8440,0.7006,0.5695,0.7006,0.8030,0.4998,0.7538,0.1229,0.0737,0.6350,0.5695,0.0082,0.0205,0.0410,0.0410,0.8310,0.8735,0.6580,0.0425,-0.2155,13.85,-22.82,177.6,175.8,1.276,0.177,
1791426926.6134748,0.4998,0.5695,0.6350,0.5695,0.2458,0.7006,0.5695,0.5695,0.6350,0.1966,0.4302,0.6350,0.5695,0.0205,0.0164,0.0369,0.0410,0.8310,0.8825,0.6610,0.0515,-0.2215,14.24,-22.76,177.7,175.9,1.334,0.178,2.068
1791426926.6464894,0.5695,0.5695,0.7006,0.2991,0.2991,0.6350,0.7538,0.6350,0.4302,0.5695,0.2991,0.6350,0.5695,0.0082,0.0246,0.0123,0.0164,0.8310,0.8700,0.6660,0.0390,-0.2040,13.96,-22.95,178.3,176.6,1.158,0.177,1.932
1791426926.6786938,0.5695,0.5695,0.7538,0.5695,0.5695,0.4302,0.8030,0.6350,0.4998,0.8030,0.3646,0.7006,0.5695,0.0164,0.0369,0.0369,0.0369,0.8320,0.8735,0.6610,0.0415,-0.2125,14.07,-23.32,177.8,176.0,1.142,0.174,1.805
1791426926.7107291,0.7538,0.6350,0.8440,0.4998,0.3646,0.4998,0.7538,0.5695,0.6350,0.2991,0.1966,0.6350,0.6350,0.0082,0.0164,0.0205,0.0369,0.8290,0.8735,0.6620,0.0445,-0.2115,13.95,-23.13,178.1,176.9,1.285,0.176,
1791426926.74153,0.7538,0.8440,0.8030,0.5695,0.4998,0.5695,0.7006,0.6350,0.7538,0.6350,0.4998,0.5695,0.5695,0.0123,0.0205,0.0574,0.0410,0.8290,0.8715,0.6620,0.0425,-0.2095,13.83,-22.92,177.8,177.0,1.290,0.177,2.056
1791426926.7726917,0.7538,0.8030,0.6350,0.3646,0.4302,0.4998,0.7006,0.7006,0.7006,0.6350,0.3646,0.6350,0.4998,0.0082,0.0410,0.0205,0.0369,0.8350,0.8785,,0.0435,,14.11,-23.32,178.1,177.0,1.158,0.173,1.864
1791426926.8064668,0.6350,0.6350,0.5695,0.7006,0.4998,0.6350,0.7538,0.5695,0.7006,0.6350,0.3646,0.5695,0.5695,0.0369,0.0246,0.0164,0.0369,0.8320,0.8795,0.6660,0.0475,-0.2135,14.27,-23.23,177.9,176.3,1.267,0.174,2.052
1791426926.8396773,0.7006,0.5695,0.6350,0.5695,0.3646,0.6350,0.4998,0.7006,0.6350,0.6350,0.4302,0.6350,0.5695,0.0082,0.0205,0.0164,0.0123,0.8300,0.8615,0.6640,0.0315,-0.1975,13.15,-22.86,178.1,176.8,1.259,0.179,2.103
1791426926.8738382,0.8030,0.3646,0.7006,0.5695,0.4998,0.4998,0.6350,0.4998,0.7006,0.6350,0.4302,0.6350,0.4998,0.0164,0.0246,0.0369,0.0246,0.8310,0.8725,,0.0415,,13.22,-23.16,177.6,177.1,1.152,0.177,1.883
1791426926.9142008,0.8030,0.6350,0.7006,0.5695,0.4998,0.7006,0.7006,0.5695,0.4302,0.7006,0.3646,0.6350,0.5695,0.0082,0.0246,0.0164,0.0246,0.8320,0.8800,0.6580,0.0480,-0.2220,13.64,-23.16,177.4,177.3,1.298,0.177,2.024
1791426926.945821,0.8767,0.6350,0.7006,0.7006,0.2991,0.4998,0.7538,0.4302,0.4998,0.7006,0.1557,0.5695,0.5695,0.0082,0.0123,0.0205,0.0164,0.8350,0.8775,0.6600,0.0425,-0.2175,13.45,-23.08,177.6,178.4,1.296,0.179,2.081
1791426926.9778304,0.7006,0.7538,0.5695,0.7006,0.4302,0.7006,0.6350,0.5695,0.5695,0.5695,0.3646,0.6350,0.5695,0.0082,0.0246,0.0246,0.0369,0.8330,0.8790,0.6630,0.0460,-0.2160,13.66,-23.12,177.5,177.6,1.254,0.179,2.031
1791426927.0085268,0.8030,0.7006,0.6350,0.5695,0.4998,0.7006,0.6350,0.4998,0.4998,0.7006,0.3646,0.4998,0.4998,0.0164,0.0164,0.0410,0.0410,0.8350,0.8730,,0.0380,,13.35,-23.34,177.6,177.8,1.169,0.179,1.940
1791426927.0416377,0.4998,0.7538,0.5695,0.4302,0.4998,0.6350,0.5695,0.7538,0.4998,0.1966,0.4998,0.4302,0.4998,0.0082,0.0205,0.0164,0.0123,0.8340,0.8745,,0.0405,,13.09,-23.18,177.1,178.2,1.281,0.181,2.190
1791426927.072949,0.6350,0.6350,0.7006,0.6350,0.5695,0.7006,0.7006,0.5695,0.6350,0.7006,0.4302,0.7006,0.5695,0.0123,0.0164,0.0410,0.0574,0.8350,0.8730,0.6540,0.0380,-0.2190,12.79,-23.02,177.2,178.1,1.328,0.182,2.071
1791426927.106755,0.6350,0.4302,0.7538,0.4998,0.5695,0.4302,0.5695,0.6350,0.6350,0.4302,0.3646,0.7006,0.5695,0.0123,0.0164,0.0205,0.0164,0.8340,0.8675,0.6640,0.0335,-0.2035,12.23,-22.92,177.4,177.9,1.226,0.183,1.998
1791426927.1405046,0.6350,0.5695,0.7006,0.5695,0.6350,0.7006,0.6350,0.7006,0.6350,0.7538,0.1557,0.6350,0.6350,0.0123,0.0082,0.0574,0.0164,0.8340,0.8805,0.6610,0.0465,-0.2195,12.82,-23.23,177.1,178.6,1.205,0.180,1.910
1791426927.1729078,0.8440,0.7538,0.5695,0.5695,0.4998,0.6350,0.5695,0.7538,0.4998,0.7006,0.3646,0.6350,0.5695,0.0082,0.0164,0.0123,0.0246,0.8350,0.8780,0.6580,0.0430,-0.2200,12.98,-23.21,177.3,178.3,1.287,0.180,2.004
1791426927.2140899,0.8030,0.7006,0.4302,0.5695,0.2458,0.7006,0.6350,0.4302,0.5695,0.6350,0.2991,0.5695,0.4302,0.0082,0.0246,0.0205,0.0369,0.8350,0.8740,,0.0390,,13.00,-23.36,177.3,178.1,1.200,0.177,1.898
1791426927.245982,0.7538,0.7006,0.5695,0.4998,0.4998,0.4998,0.7006,0.6350,0.7006,0.6350,0.3646,0.6350,0.4998,0.0164,0.0205,0.0164,0.0369,0.8350,0.8795,,0.0445,,13.06,-22.99,177.2,178.3,1.380,0.180,2.131
1791426927.2780933,0.6350,0.7006,0.8030,0.3646,0.5695,0.7006,0.6350,0.4302,0.2991,0.6350,0.3646,0.7006,0.5695,0.0205,0.0164,0.0574,0.0369,0.8350,0.8745,0.6600,0.0395,-0.2145,12.57,-22.46,177.3,178.0,1.432,0.185,2.256
1791426927.309158,0.6350,0.7006,0.7006,0.7006,0.5695,0.7006,0.8030,0.5695,0.7006,0.7006,0.2458,0.7538,0.5695,0.0164,0.0123,0.0246,0.0369,0.8400,0.8670,0.6550,0.0270,-0.2120,11.78,-22.59,177.6,177.9,1.240,0.184,1.994
1791426927.3415902,0.8030,0.4998,0.4998,0.7538,0.2991,0.5695,0.8767,0.4302,0.6350,0.7538,0.1229,0.4998,0.5695,0.0205,0.0164,0.0737,0.0369,0.8360,0.8755,,0.0395,,11.93,-22.77,177.4,179.1,1.243,0.183,2.044
1791426927.3736186,0.6350,0.6350,0.4998,0.5695,0.5695,0.7538,0.7006,0.5695,0.5695,0.2458,0.1966,0.6350,0.6350,0.0082,0.0205,0.0369,0.0369,0.8350,0.8740,0.6650,0.0390,-0.2090,12.08,-22.78,177.9,178.8,1.242,0.181,
1791426927.406911,0.4998,0.5695,0.5695,0.4998,0.4302,0.6350,0.6350,0.7006,0.6350,0.6350,0.0942,0.4302,0.4998,0.0369,0.0410,0.0205,0.0205,0.8360,0.8565,,0.0205,,10.80,-22.42,178.5,178.8,1.277,0.184,2.140
1791426927.4410112,0.8767,0.7006,0.6350,0.3646,0.4998,0.6350,0.7538,0.6350,0.3646,0.4302,0.3646,0.6350,0.5695,0.0123,0.0123,0.0164,0.0574,0.8350,0.8615,0.6600,0.0265,-0.2015,10.32,-22.42,179.2,178.6,1.223,0.183,1.964
1791426927.4736967,0.5695,0.5695,0.5695,0.4302,0.4998,0.4998,0.7006,0.4998,0.5695,0.7538,0.2991,0.5695,0.4998,0.0082,0.0369,0.0369,0.0246,0.8350,0.8750,,0.0400,,11.00,-22.80,179.3,178.4,1.183,0.178,1.880
1791426927.51489,0.7006,0.7006,0.4302,0.3646,0.5695,0.7006,0.9054,0.6350,0.4998,0.7538,0.3646,0.5695,0.4302,0.0082,0.0123,0.0164,0.0246,0.8350,0.8695,,0.0345,,10.86,-22.60,179.0,177.4,1.305,0.181,2.074
1791426927.5471573,0.6350,0.7006,0.3646,0.4998,0.6350,0.4998,0.7006,0.7538,0.7006,0.7006,0.2991,0.6350,0.6350,0.0123,0.0082,0.0410,0.0164,0.8340,0.8645,0.6610,0.0305,-0.2035,10.47,-22.53,179.3,176.3,1.242,0.183,2.058
1791426927.5785344,0.6350,0.8030,0.5695,0.4998,0.2991,0.6350,0.6350,0.5695,0.5695,0.2991,0.4998,0.6350,0.6350,0.0082,0.0164,0.0205,0.0164,0.8350,0.8690,0.6590,0.0340,-0.2100,10.44,-22.53,178.9,176.8,1.265,0.184,2.014
1791426927.6097772,0.8440,0.7538,0.7006,0.5695,0.4998,0.6350,0.8030,0.4998,0.5695,0.7538,0.4302,0.7006,0.6350,0.0164,0.0369,0.0410,0.0737,0.8350,0.8700,0.6600,0.0350,-0.2100,10.47,-22.69,178.7,176.7,1.219,0.184,1.980
1791426927.6418934,0.7006,0.6350,0.4302,0.6350,0.4998,0.7006,0.7538,0.5695,0.4998,0.7006,0.3646,0.6350,0.6350,0.0082,0.0123,0.0369,0.0164,0.8350,0.8750,0.6600,0.0400,-0.2150,10.85,-22.74,178.4,177.1,1.270,0.184,2.005
1791426927.6738183,0.4998,0.7538,0.7538,0.3646,0.4302,0.4998,0.7538,0.6350,0.4998,0.7538,0.2991,0.6350,0.5695,0.0369,0.0205,0.0942,0.0164,0.8330,0.8820,0.6610,0.0490,-0.2210,11.77,-22.77,178.2,177.5,1.308,0.182,2.098
1791426927.7079308,0.8030,0.6350,0.5695,0.4998,0.4302,0.6350,0.6350,0.7006,0.4998,0.4302,0.3646,0.6350,0.5695,0.0123,0.0123,0.0369,0.0369,0.8330,0.8725,0.6590,0.0395,-0.2135,11.90,-22.66,178.0,177.5,1.307,0.182,1.999
1791426927.7410476,0.7538,0.6350,0.8030,0.5695,0.5695,0.6350,0.7538,0.4998,0.4302,0.5695,0.0942,0.6350,0.5695,0.0164,0.0082,0.0369,0.0246,0.8340,0.8740,0.6620,0.0400,-0.2120,11.98,-22.69,178.2,177.4,1.259,0.182,1.999
1791426927.7735674,0.7538,0.5695,0.7006,0.6350,0.4302,0.7006,0.6350,0.4998,0.3646,0.6350,0.1966,0.6350,0.4998,0.0082,0.0246,0.0410,0.0205,0.8340,0.8715,,0.0375,,11.70,-22.55,177.8,178.0,1.305,0.185,2.126
1791426927.8079052,0.5695,0.7006,0.7006,0.5695,0.4302,0.4302,0.7538,0.8030,0.4998,0.6350,0.1229,0.4998,0.5695,0.0123,0.0205,0.0246,0.0369,0.8340,0.8720,,0.0380,,11.74,-22.75,178.2,177.5,1.212,0.184,1.999
1791426927.846242,0.7006,0.8030,0.7006,0.4998,0.4302,0.5695,0.7538,0.5695,0.7538,0.1966,0.3646,0.7006,0.6350,0.0205,0.0123,0.0410,0.0123,0.8340,0.8780,0.6570,0.0440,-0.2210,12.22,-22.85,178.5,176.8,1.287,0.182,1.965
1791426927.879309,0.7006,0.6350,0.6350,0.4302,0.4998,0.4302,0.7538,0.7006,0.4998,0.5695,0.4302,0.6350,0.4998,0.0205,0.0246,0.0737,0.0369,0.8340,0.8715,,0.0375,,12.22,-23.10,178.5,177.4,1.180,0.180,1.924
1791426927.9100535,0.6350,0.4998,0.7006,0.6350,0.2991,0.6350,0.8030,0.5695,0.7538,0.7006,0.2458,0.6350,0.6350,0.0164,0.0369,0.0164,0.0164,0.8340,0.8640,0.6560,0.0300,-0.2080,11.64,-22.82,178.8,177.6,1.305,0.181,2.063
1791426927.9428751,0.5695,0.7006,0.4302,0.4998,0.2458,0.6350,0.7538,0.5695,0.4998,0.6350,0.0942,0.6350,0.5695,0.0246,0.0164,0.0164,0.0205,0.8340,0.8785,0.6640,0.0445,-0.2145,12.21,-23.02,178.6,178.6,1.212,0.179,1.926
1791426927.9744797,0.7006,0.4998,0.6350,0.4998,0.3646,0.7006,0.7538,0.4998,0.7538,0.4998,0.1966,0.7006,0.5695,0.0082,0.0082,0.0410,0.0246,0.8350,0.8870,0.6630,0.0520,-0.2240,12.86,-22.82,178.3,178.7,1.379,0.181,2.195
1791426928.007583,0.4998,0.6350,0.5695,0.5695,0.4302,0.6350,0.7538,0.6350,0.6350,0.5695,0.1966,0.6350,0.4998,0.0082,0.0246,0.0574,0.0369,0.8350,0.8730,,0.0380,,12.69,-22.70,178.3,178.4,1.301,0.181,2.049
1791426928.0415337,0.5695,0.7006,0.6350,0.5695,0.4302,0.4998,0.7006,0.4998,0.6350,0.7006,0.2991,0.7006,0.5695,0.0082,0.0205,0.0164,0.0164,0.8350,0.8840,0.6620,0.0490,-0.2220,13.24,-22.86,177.9,178.9,1.276,0.180,2.033
1791426928.0749667,0.6350,0.7538,0.8440,0.5695,0.4302,0.7006,0.5695,0.5695,0.6350,0.4302,0.4998,0.5695,0.6350,0.0082,0.0082,0.0164,0.0123,0.8350,0.8770,0.6640,0.0420,-0.2130,12.96,-22.66,178.8,178.3,1.326,0.184,2.137
1791426928.115794,0.7538,0.7006,0.7538,0.6350,0.4998,0.7006,0.7006,0.6350,0.7006,0.7006,0.3646,0.7006,0.5695,0.0246,0.0123,0.0369,0.0205,0.8350,0.8655,0.6630,0.0305,-0.2025,12.26,-22.56,179.4,177.1,1.245,0.184,2.002
1791426928.1466346,0.7538,0.4998,0.4302,0.5695,0.5695,0.7538,0.7538,0.7538,0.4998,0.7006,0.3646,0.7006,0.5695,0.0164,0.0369,0.0369,0.0123,0.8350,0.8730,0.6620,0.0380,-0.2110,11.94,-22.40,178.7,177.4,1.318,0.187,2.112
1791426928.1785347,0.6350,0.2458,0.2991,0.2991,0.4998,0.8030,0.5695,0.5695,0.4998,0.6350,0.2991,0.5695,0.5695,0.0246,0.0205,0.0369,0.0164,0.8350,0.8760,0.6640,0.0410,-0.2120,12.03,-22.54,178.1,176.7,1.243,0.187,2.016
1791426928.210029,0.5695,0.8030,0.5695,0.4998,0.5695,0.7006,0.8440,0.5695,0.6350,0.1966,0.4998,0.6350,0.7006,0.0164,0.0369,0.0410,0.0369,0.8350,0.8815,0.6650,0.0465,-0.2165,12.37,-22.47,178.0,176.5,1.326,0.188,2.187
1791426928.2421036,0.8030,0.5695,0.4998,0.6350,0.4302,0.7006,0.8767,0.8030,0.5695,0.1557,0.1229,0.7006,0.4998,0.0164,0.0205,0.0737,0.0574,0.8350,0.8785,,0.0435,,12.72,-22.85,178.0,176.8,1.184,0.185,
1791426928.2744493,0.5695,0.7538,0.5695,0.3646,0.4998,0.4998,0.7006,0.7006,0.4998,0.7538,0.3646,0.6350,0.4998,0.0082,0.0082,0.0369,0.0164,0.8390,0.8925,,0.0535,,13.51,-22.98,177.8,176.0,1.323,0.183,2.061
1791426928.3082457,0.5695,0.7006,0.7538,0.4998,0.4302,0.5695,0.6350,0.8767,0.6350,0.1966,0.1557,0.7006,0.5695,0.0205,0.0369,0.0369,0.0246,0.8360,0.8770,0.6610,0.0410,-0.2160,13.44,-23.04,177.8,175.5,1.254,0.182,
1791426928.3420148,0.6350,0.2991,0.7006,0.4998,0.2991,0.5695,0.5695,0.4998,0.5695,0.7006,0.4998,0.6350,0.4998,0.0246,0.0369,0.0369,0.0246,0.8360,0.8770,,0.0410,,13.05,-22.63,178.0,175.5,1.390,0.185,2.208
1791426928.3828216,0.7006,0.6350,0.7538,0.6350,0.5695,0.6350,0.7538,0.5695,0.6350,0.7538,0.1966,0.6350,0.6350,0.0123,0.0369,0.0737,0.0410,0.8360,0.8725,0.6580,0.0365,-0.2145,12.42,-22.36,178.4,177.3,1.373,0.189,2.162
1791426928.41606,0.5695,0.7538,0.7538,0.4998,0.4998,0.7538,0.7538,0.5695,0.6350,0.4998,0.2458,0.6350,0.5695,0.0369,0.0082,0.0246,0.0369,0.8370,0.8710,0.6680,0.0340,-0.2030,12.01,-22.40,178.6,177.8,1.221,0.189,2.040
1791426928.4473612,0.4998,0.6350,0.7538,0.4998,0.5695,0.7006,0.8030,0.5695,0.7538,0.5695,0.2458,0.6350,0.5695,0.0205,0.0205,0.0164,0.0369,0.8360,0.8770,0.6640,0.0410,-0.2130,12.17,-22.52,178.2,178.3,1.254,0.187,2.012
1791426928.4783385,0.6350,0.6350,0.4998,0.4302,0.4302,0.4302,0.7538,0.5695,0.4302,0.7006,0.2458,0.7006,0.5695,0.0205,0.0246,0.0164,0.0369,0.8360,0.8770,0.6600,0.0410,-0.2170,12.07,-22.41,178.3,178.8,1.344,0.189,2.185
1791426928.510568,0.5695,0.7538,0.5695,0.5695,0.3646,0.7538,0.7006,0.6350,0.1966,0.4998,0.2458,0.6350,0.5695,0.0369,0.0082,0.0369,0.0369,0.8360,0.8720,0.6560,0.0360,-0.2160,11.91,-22.44,178.9,177.8,1.301,0.187,2.072
1791426928.54274,0.5695,0.4998,0.7006,0.5695,0.3646,0.5695,0.7006,0.4998,0.7006,0.7006,0.0942,0.6350,0.4998,0.0369,0.0246,0.0369,0.0205,0.8370,0.8595,,0.0225,,10.82,-22.21,179.0,178.0,1.272,0.189,2.112
1791426928.5753386,0.8440,0.5695,0.9054,0.4998,0.4998,0.8030,0.5695,0.6350,0.4302,0.5695,0.1229,0.6350,0.6350,0.0369,0.0123,0.0369,0.0369,0.8370,0.8815,0.6640,0.0445,-0.2175,11.47,-22.44,179.0,178.9,1.260,0.186,2.036
1791426928.6084852,0.4302,0.7006,0.5695,0.5695,0.4998,0.5695,0.8030,0.6350,0.4302,0.5695,0.4302,0.7006,0.4302,0.0123,0.0246,0.0369,0.0369,0.8380,0.8785,,0.0405,,11.69,-22.54,178.5,178.5,1.279,0.185,2.011
1791426928.641722,0.8030,0.6350,0.8030,0.6350,0.4302,0.5695,0.8030,0.4998,0.7006,0.7006,0.2991,0.7006,0.5695,0.0123,0.0164,0.0164,0.0410,0.8360,0.8785,0.6660,0.0425,-0.2125,11.90,-22.68,178.2,178.5,1.237,0.186,2.022
1791426928.6764526,0.6350,0.4998,0.5695,0.5695,0.4302,0.5695,0.8030,0.5695,0.5695,0.6350,0.4302,0.6350,0.6350,0.0164,0.0205,0.0123,0.0369,0.8370,0.8760,0.6630,0.0390,-0.2130,11.97,-22.73,178.4,178.4,1.259,0.185,1.961
1791426928.7159767,0.7538,0.5695,0.7538,0.4998,0.4302,0.6350,0.8440,0.7006,0.4302,0.4302,0.1229,0.7538,0.5695,0.0246,0.0369,0.0246,0.0574,0.8380,0.8890,0.6610,0.0510,-0.2280,12.90,-22.86,178.3,178.1,1.319,0.181,2.022
1791426928.7477765,0.7538,0.4302,0.8440,0.3646,0.2458,0.4302,0.8030,0.5695,0.6350,0.7538,0.2458,0.6350,0.6350,0.0246,0.0737,0.0410,0.0369,0.8370,0.8675,0.6680,0.0305,-0.1995,12.20,-22.76,178.6,177.6,1.215,0.182,1.987
1791426928.7800794,0.6350,0.6350,0.5695,0.5695,0.4998,0.7006,0.7538,0.4998,0.6350,0.2458,0.2458,0.7006,0.6350,0.0164,0.0123,0.0369,0.0369,0.8380,0.8750,0.6600,0.0370,-0.2150,11.98,-22.71,178.2,177.5,1.296,0.183,
1791426928.8112059,0.5695,0.6350,0.7538,0.6350,0.3646,0.5695,0.7006,0.4998,0.1557,0.2991,0.4998,0.7006,0.5695,0.0164,0.0164,0.0410,0.0410,0.8370,0.8775,0.6660,0.0405,-0.2115,12.02,-22.73,177.8,176.8,1.257,0.184,1.960
1791426928.8433335,0.7538,0.7006,0.6350,0.5695,0.4302,0.4998,0.8440,0.5695,0.8440,0.6350,0.4302,0.6350,0.5695,0.0082,0.0082,0.0369,0.0369,0.8380,0.8730,0.6620,0.0350,-0.2110,11.84,-22.84,178.2,176.5,1.224,0.183,1.868
1791426928.8752582,0.8440,0.6350,0.8030,0.5695,0.4998,0.6350,0.7538,0.4998,0.7538,0.7006,0.4998,0.6350,0.7006,0.0123,0.0369,0.0410,0.0369,0.8380,0.8815,0.6620,0.0435,-0.2195,12.13,-22.98,178.0,176.2,1.260,0.183,1.875
1791426928.9094377,0.8030,0.6350,0.6350,0.4998,0.4302,0.4302,0.7006,0.6350,0.4998,0.7006,0.3646,0.6350,0.6350,0.0082,0.0205,0.0574,0.0410,0.8390,0.8810,0.6600,0.0420,-0.2210,12.18,-22.90,177.6,175.9,1.328,0.185,2.044
1791426928.9421537,0.8030,0.7006,0.6350,0.4998,0.4302,0.7006,0.7006,0.4998,0.5695,0.5695,0.4302,0.5695,0.5695,0.0082,0.0123,0.0205,0.0369,0.8380,0.8740,0.6710,0.0360,-0.2030,12.10,-23.10,177.7,176.3,1.142,0.183,1.869
1791426928.9758694,0.7006,0.7538,0.7538,0.5695,0.3646,0.5695,0.7006,0.7538,0.4998,0.1557,0.0942,0.6350,0.5695,0.0082,0.0246,0.0410,0.0205,0.8370,0.8795,0.6620,0.0425,-0.2175,12.44,-23.38,178.2,176.4,1.189,0.180,
1791426929.0161555,0.7538,0.7006,0.7006,0.6350,0.3646,0.7006,0.6350,0.7538,0.4302,0.4998,0.3646,0.7006,0.5695,0.0164,0.0123,0.0410,0.0164,0.8370,0.8790,0.6650,0.0420,-0.2140,12.38,-22.99,178.1,175.6,1.354,0.183,2.192
1791426929.0482197,0.7538,0.6350,0.6350,0.4998,0.4302,0.4998,0.6350,0.7006,0.4998,0.7006,0.2458,0.4998,0.6350,0.0082,0.0082,0.0123,0.0369,0.8400,0.8760,,0.0360,,12.15,-23.15,178.2,175.6,1.201,0.183,1.950
1791426929.079934,0.8030,0.2991,0.5695,0.5695,0.4302,0.6350,0.8030,0.6350,0.7006,0.5695,0.0737,0.6350,0.5695,0.0246,0.0369,0.0164,0.0410,0.8370,0.8825,0.6660,0.0455,-0.2165,12.36,-22.88,178.1,176.5,1.349,0.185,2.181
1791426929.1121569,0.8440,0.7006,0.6350,0.4998,0.4998,0.5695,0.5695,0.6350,0.7006,0.4998,0.2991,0.6350,0.5695,0.0123,0.0410,0.0246,0.0369,0.8370,0.8750,0.6670,0.0380,-0.2080,12.43,-23.12,177.9,176.4,1.158,0.182,1.881
1791426929.1437504,0.6350,0.7538,0.6350,0.4998,0.5695,0.6350,0.7538,0.6350,0.6350,0.6350,0.2458,0.7006,0.5695,0.0123,0.0205,0.0574,0.0410,0.8380,0.8705,0.6650,0.0325,-0.2055,11.98,-23.20,178.4,176.8,1.180,0.182,1.931
1791426929.1767664,0.4998,0.5695,0.7006,0.4998,0.2991,0.5695,0.8030,0.5695,0.5695,0.7006,0.1557,0.7006,0.6350,0.0369,0.0410,0.0369,0.0369,0.8370,0.8720,0.6590,0.0350,-0.2130,11.59,-22.83,178.4,176.5,1.356,0.185,2.133
1791426929.2088473,0.9054,0.4998,0.7006,0.4302,0.5695,0.5695,0.7006,0.6350,0.4998,0.5695,0.1229,0.6350,0.5695,0.0205,0.0123,0.0123,0.0369,0.8390,0.8925,0.6670,0.0535,-0.2255,12.82,-23.23,177.5,177.7,1.217,0.180,1.930
1791426929.2419474,0.8440,0.6350,0.7006,0.5695,0.5695,0.4302,0.7538,0.5695,0.4302,0.6350,0.2991,0.7006,0.5695,0.0164,0.0164,0.0164,0.0205,0.8370,0.8790,0.6600,0.0420,-0.2190,13.10,-23.55,177.3,176.9,1.178,0.177,1.862
1791426929.2770627,0.5695,0.7006,0.7538,0.7538,0.4302,0.6350,0.7538,0.7006,0.3646,0.7538,0.0942,0.7006,0.5695,0.0164,0.0369,0.0410,0.0369,0.8390,0.8785,0.6640,0.0395,-0.2145,12.87,-23.41,177.3,177.3,1.274,0.179,2.058
1791426929.318674,0.4302,0.3646,0.6350,0.4998,0.5695,0.7538,0.8030,0.7006,0.7006,0.7006,0.0737,0.4302,0.4998,0.0082,0.0164,0.0369,0.0369,0.8470,0.8765,,0.0295,,11.86,-22.86,177.1,177.8,1.396,0.184,2.338
1791426929.3499382,0.7006,0.7538,0.7006,0.5695,0.5695,0.4998,0.6350,0.4998,0.3646,0.5695,0.2458,0.6350,0.4998,0.0082,0.0246,0.0737,0.0410,0.8400,0.8795,,0.0395,,11.79,-22.67,177.2,177.3,1.338,0.186,2.174
1791426929.381942,0.7538,0.6350,0.5695,0.5695,0.7006,0.4998,0.7538,0.8030,0.5695,0.7006,0.2991,0.6350,0.4998,0.0082,0.0369,0.0369,0.0369,0.8390,0.8830,,0.0440,,12.18,-23.06,177.3,177.2,1.191,0.184,1.974
1791426929.412882,0.6350,0.6350,0.7538,0.5695,0.5695,0.4998,0.6350,0.7006,0.5695,0.5695,0.2458,0.6350,0.5695,0.0164,0.0205,0.0369,0.0574,0.8410,0.8835,0.6670,0.0425,-0.2165,12.19,-23.01,177.6,177.7,1.288,0.187,2.119
1791426929.4451945,0.4998,0.6350,0.6350,0.4302,0.6350,0.7006,0.7538,0.7006,0.7006,0.2458,0.3646,0.6350,0.4998,0.0246,0.0246,0.0246,0.0574,0.8410,0.8745,,0.0335,,11.65,-22.76,177.6,177.3,1.315,0.189,2.135
1791426929.4753408,0.4998,0.7538,0.6350,0.5695,0.4998,0.5695,0.7538,0.5695,0.6350,0.4998,0.1229,0.7006,0.6350,0.0123,0.0205,0.0369,0.0369,0.8450,0.8795,0.6650,0.0345,-0.2145,11.54,-22.76,177.5,177.7,1.279,0.187,2.092
1791426929.508686,0.7006,0.5695,0.6350,0.5695,0.6350,0.7538,0.7006,0.5695,0.7006,0.2458,0.1966,0.6350,0.5695,0.0082,0.0246,0.0369,0.0369,0.8400,0.8805,0.6630,0.0405,-0.2175,11.89,-23.10,177.2,177.4,1.190,0.183,
1791426929.5443058,0.6350,0.5695,0.4302,0.5695,0.6350,0.4998,0.6350,0.4998,0.5695,0.4998,0.1229,0.4998,0.4998,0.0082,0.0164,0.0574,0.0246,0.8400,0.8810,,0.0410,,12.13,-23.10,177.4,178.3,1.271,0.182,2.028
1791426929.5758233,0.5695,0.7538,0.8030,0.4302,0.4302,0.6350,0.7538,0.6350,0.5695,0.4998,0.1557,0.6350,0.4998,0.0369,0.0205,0.0246,0.0246,0.8410,0.8805,,0.0395,,11.70,-22.61,177.4,178.2,1.421,0.189,2.330
1791426929.6097152,0.5695,0.7538,0.5695,0.6350,0.4998,0.7538,0.4998,0.8030,0.6350,0.2458,0.1557,0.6350,0.5695,0.0123,0.0082,0.0369,0.0369,0.8420,0.8770,0.6600,0.0350,-0.2170,11.58,-22.79,177.4,178.6,1.246,0.187,
1791426929.6496727,0.5695,0.7006,0.7538,0.4998,0.4302,0.5695,0.6350,0.4302,0.5695,0.7006,0.2991,0.7006,0.5695,0.0164,0.0246,0.0164,0.0369,0.8410,0.8765,0.6600,0.0355,-0.2165,11.52,-22.91,177.6,179.0,1.252,0.185,1.976
1791426929.6824636,0.7538,0.5695,0.8030,0.4998,0.5695,0.6350,0.7006,0.8030,0.4998,0.7006,0.4302,0.5695,0.5695,0.0123,0.0246,0.0246,0.0369,0.8400,0.8690,0.6650,0.0290,-0.2040,11.08,-22.86,178.3,178.1,1.222,0.184,1.904
1791426929.713949,0.7538,0.7006,0.8440,0.4998,0.4998,0.7006,0.7006,0.7006,0.7006,0.7538,0.1966,0.3646,0.3646,0.0082,0.0369,0.0164,0.0123,0.8420,0.8750,,0.0330,,10.81,-22.79,178.8,177.5,1.276,0.185,2.081
1791426929.745018,0.8030,0.7006,0.6350,0.5695,0.4302,0.6350,0.8030,0.4998,0.6350,0.7006,0.2458,0.6350,0.5695,0.0123,0.0164,0.0574,0.0246,0.8440,0.8800,0.6620,0.0360,-0.2180,11.06,-23.07,178.5,177.3,1.212,0.182,1.956
1791426929.7773395,0.5695,0.6350,0.5695,0.4998,0.4998,0.4302,0.6350,0.5695,0.7538,0.6350,0.2991,0.7006,0.5695,0.0246,0.0123,0.0574,0.0369,0.8420,0.8685,0.6650,0.0265,-0.2035,10.43,-23.08,178.5,176.5,1.192,0.183,1.942
1791426929.81031,0.7538,0.7538,0.8440,0.4998,0.4302,0.6350,0.7006,0.4998,0.6350,0.6350,0.0942,0.5695,0.5695,0.0164,0.0410,0.0574,0.0410,0.8370,0.8740,0.6650,0.0370,-0.2090,10.85,-23.43,178.1,176.8,1.121,0.179,1.817
1791426929.8431976,0.7538,0.8030,0.7006,0.3646,0.4302,0.6350,0.5695,0.6350,0.5695,0.4998,0.4998,0.7006,0.5695,0.0082,0.0205,0.0737,0.0164,0.8390,0.8730,0.6610,0.0340,-0.2120,10.80,-23.31,178.0,177.1,1.259,0.180,2.005
1791426929.8769093,0.7006,0.7006,0.7538,0.4302,0.4998,0.6350,0.6350,0.7538,0.6350,0.7538,0.3646,0.7006,0.6350,0.0123,0.0164,0.0369,0.0410,0.8390,0.8725,0.6660,0.0335,-0.2065,10.76,-23.37,178.2,177.4,1.179,0.180,1.952
1791426929.9104486,0.7006,0.6350,0.6350,0.6350,0.3646,0.4998,0.7538,0.6350,0.7538,0.6350,0.1229,0.7006,0.5695,0.0082,0.0410,0.0574,0.0410,0.8370,0.8800,0.6610,0.0430,-0.2190,11.51,-23.41,177.4,177.7,1.257,0.176,1.960
1791426929.9511716,0.7538,0.8030,0.5695,0.4998,0.6350,0.7538,0.7538,0.7006,0.8030,0.7006,0.1966,0.7006,0.5695,0.0164,0.0246,0.0737,0.0205,0.8370,0.8710,0.6630,0.0340,-0.2080,11.30,-23.18,178.3,177.6,1.268,0.178,2.036
1791426929.9822013,0.7538,0.4302,0.4998,0.5695,0.4998,0.6350,0.8440,0.7006,0.5695,0.4998,0.1229,0.7006,0.6350,0.0082,0.0123,0.0164,0.0369,0.8420,0.8780,0.6590,0.0360,-0.2190,11.46,-23.48,178.0,177.6,1.190,0.176,1.860
1791426930.0139625,0.7538,0.4302,0.8440,0.5695,0.4998,0.5695,0.7006,0.7006,0.2991,0.7006,0.3646,0.5695,0.4998,0.0205,0.0164,0.0574,0.0205,0.8420,0.8755,,0.0335,,11.15,-23.47,178.2,177.6,1.230,0.179,1.923
1791426930.0453289,0.4998,0.8440,0.6350,0.6350,0.5695,0.7538,0.6350,0.5695,0.6350,0.6350,0.3646,0.6350,0.5695,0.0205,0.0246,0.0574,0.0574,0.8390,0.8745,0.6620,0.0355,-0.2125,11.17,-23.45,177.5,177.7,1.230,0.179,1.895
1791426930.077379,0.7538,0.6350,0.7006,0.3646,0.4302,0.4302,0.8440,0.4998,0.5695,0.6350,0.1229,0.4998,0.4998,0.0246,0.0164,0.0246,0.0574,0.8390,0.8810,,0.0420,,11.66,-23.69,177.0,177.5,1.191,0.177,1.973
1791426930.1117435,0.4998,0.8030,0.7538,0.6350,0.3646,0.5695,0.7006,0.7006,0.5695,0.6350,0.2458,0.5695,0.5695,0.0123,0.0246,0.0369,0.0369,0.8370,0.8670,0.6620,0.0300,-0.2050,11.25,-23.43,177.2,177.5,1.242,0.177,2.012
1791426930.1442451,0.8030,0.7006,0.4998,0.6350,0.4998,0.7538,0.7006,0.7006,0.4302,0.5695,0.2991,0.6350,0.4998,0.0123,0.0246,0.0369,0.0574,0.8400,0.8855,,0.0455,,11.72,-23.01,177.0,177.2,1.415,0.180,2.212
1791426930.1775475,0.4998,0.7538,0.8030,0.5695,0.2991,0.7006,0.7006,0.6350,0.5695,0.7006,0.2458,0.6350,0.6350,0.0082,0.0246,0.0410,0.0410,0.8400,0.8755,0.6650,0.0355,-0.2105,11.49,-22.82,177.2,176.2,1.299,0.182,2.110
1791426930.209833,0.4998,0.6350,0.4998,0.4302,0.6350,0.5695,0.6350,0.7538,0.5695,0.5695,0.1557,0.6350,0.5695,0.0164,0.0369,0.0410,0.0574,0.8450,0.8740,0.6620,0.0290,-0.2120,11.25,-23.19,177.1,175.8,1.146,0.178,1.868
1791426930.2510245,0.7006,0.8440,0.8440,0.4302,0.7006,0.6350,0.8030,0.7006,0.5695,0.1966,0.1966,0.7006,0.6350,0.0082,0.0205,0.0369,0.0410,0.8410,0.8810,0.6610,0.0400,-0.2200,11.61,-23.45,176.6,175.3,1.205,0.177,
1791426930.2830522,0.6350,0.7538,0.8030,0.6350,0.5695,0.6350,0.8767,0.4302,0.5695,0.1966,0.1966,0.6350,0.4998,0.0246,0.0123,0.0574,0.0737,0.8420,0.8760,,0.0340,,11.23,-23.14,177.0,175.7,1.326,0.180,
1791426930.3151107,0.6350,0.7538,0.5695,0.4998,0.6350,0.5695,0.8030,0.7006,0.4302,0.6350,0.1966,0.7538,0.6350,0.0082,0.0123,0.0246,0.0410,0.8370,0.8690,0.6620,0.0320,-0.2070,10.92,-23.15,177.4,174.7,1.208,0.182,1.954
1791426930.3457055,0.7538,0.5695,0.8030,0.7006,0.4302,0.7006,0.8440,0.8030,0.8030,0.5695,0.2991,0.4998,0.4998,0.0369,0.0205,0.0369,0.0574,0.8410,0.8740,,0.0330,,10.86,-23.16,178.0,173.8,1.235,0.181,1.986
1791426930.3775902,0.5695,0.6350,0.5695,0.6350,0.5695,0.7538,0.5695,0.5695,0.5695,0.1966,0.1557,0.7006,0.6350,0.0123,0.0246,0.0369,0.0369,0.8390,0.8725,0.6610,0.0335,-0.2115,10.59,-22.83,178.3,173.6,1.337,0.184,
1791426930.4111803,0.4302,0.6350,0.8030,0.5695,0.5695,0.7538,0.8440,0.8440,0.4998,0.7006,0.1966,0.7006,0.5695,0.0164,0.0369,0.0410,0.0574,0.8370,0.8735,0.6590,0.0365,-0.2145,10.78,-22.88,178.1,173.7,1.257,0.183,1.977
1791426930.4443982,0.8440,0.6350,0.7006,0.5695,0.4998,0.7538,0.7538,0.7538,0.6350,0.2458,0.1229,0.6350,0.4998,0.0082,0.0205,0.0369,0.0369,0.8390,0.8760,,0.0370,,10.95,-22.96,178.0,173.5,1.249,0.182,
1791426930.477212,0.6350,0.6350,0.4998,0.7006,0.5695,0.6350,0.7006,0.7006,0.5695,0.4302,0.2458,0.5695,0.6350,0.0246,0.0246,0.0369,0.0369,0.8390,0.8840,0.6680,0.0450,-0.2160,11.55,-23.02,177.7,173.3,1.256,0.182,2.076
1791426930.510962,0.8440,0.7006,0.6350,0.5695,0.2991,0.4302,0.8440,0.8030,0.4998,0.6350,0.4302,0.6350,0.5695,0.0369,0.0369,0.0369,0.0246,0.8390,0.8765,0.6600,0.0375,-0.2165,11.57,-23.01,177.8,174.1,1.276,0.182,2.024
1791426930.5511887,0.7006,0.4302,0.7006,0.6350,0.4998,0.7006,0.6350,0.4302,0.5695,0.4998,0.1966,0.7006,0.5695,0.0123,0.0369,0.0410,0.0574,0.8390,0.8750,0.6570,0.0360,-0.2180,11.42,-22.92,178.2,173.9,1.312,0.183,2.117
1791426930.5828521,0.5695,0.5695,0.5695,0.4998,0.4302,0.7538,0.7006,0.6350,0.5695,0.2458,0.2458,0.5695,0.6350,0.0369,0.0082,0.0164,0.0205,0.8390,0.8735,0.6640,0.0345,-0.2095,11.33,-23.18,178.1,174.3,1.158,0.182,
1791426930.6148124,0.7006,0.6350,0.7006,0.4302,0.4998,0.7006,0.8030,0.7006,0.4302,0.7006,0.1229,0.6350,0.5695,0.0082,0.0123,0.0205,0.0205,0.8370,0.8825,0.6700,0.0455,-0.2125,11.78,-23.08,178.0,174.1,1.271,0.184,2.076
1791426930.6460254,0.5695,0.7538,0.4998,0.4998,0.5695,0.7006,0.5695,0.6350,0.6350,0.7538,0.3646,0.7006,0.5695,0.0369,0.0410,0.0410,0.0369,0.8410,0.8850,0.6690,0.0440,-0.2160,12.01,-22.85,177.9,174.4,1.337,0.185,2.160
1791426930.6781545,0.6350,0.5695,0.7006,0.6350,0.6350,0.4302,0.6350,0.6350,0.4302,0.4998,0.4998,0.7006,0.6350,0.0123,0.0246,0.0574,0.0410,0.8380,0.8795,0.6650,0.0415,-0.2145,12.38,-23.33,177.4,174.0,1.127,0.182,1.796
1791426930.710807,0.4998,0.5695,0.7006,0.4302,0.5695,0.7006,0.7538,0.4302,0.5695,0.1966,0.1557,0.7006,0.6350,0.0082,0.0205,0.0737,0.0369,0.8380,0.8740,0.6680,0.0360,-0.2060,12.09,-23.30,177.5,175.4,1.204,0.183,
1791426930.7442913,0.4302,0.6350,0.8767,0.5695,0.4302,0.6350,0.7538,0.4998,0.6350,0.6350,0.1966,0.7006,0.5695,0.0123,0.0082,0.0205,0.0410,0.8380,0.8805,0.6610,0.0425,-0.2195,12.48,-23.59,177.7,174.5,1.188,0.180,1.903
1791426930.778144,0.6350,0.4302,0.7006,0.5695,0.6350,0.5695,0.8030,0.6350,0.7006,0.7006,0.1966,0.6350,0.4998,0.0369,0.0082,0.0123,0.0246,0.8370,0.8675,,0.0305,,11.67,-23.16,177.4,174.5,1.288,0.184,2.128
1791426930.8192828,0.7538,0.5695,0.5695,0.5695,0.3646,0.4998,0.7538,0.5695,0.3646,0.7538,0.0942,0.6350,0.5695,0.0123,0.0246,0.0369,0.0410,0.8380,0.8750,0.6610,0.0370,-0.2140,11.68,-23.20,177.3,174.2,1.241,0.183,2.003
1791426930.8513203,0.6350,0.5695,0.6350,0.3646,0.4998,0.5695,0.7006,0.7006,0.7006,0.1966,0.1557,0.5695,0.5695,0.0164,0.0205,0.0369,0.0164,0.8380,0.8780,0.6600,0.0400,-0.2180,11.89,-23.28,177.1,175.0,1.246,0.181,
1791426930.8826616,0.6350,0.5695,0.4302,0.6350,0.6350,0.6350,0.7006,0.6350,0.6350,0.7006,0.1229,0.7006,0.6350,0.0246,0.0574,0.0369,0.0410,0.8370,0.8755,0.6670,0.0385,-0.2085,12.07,-23.43,177.0,175.1,1.167,0.179,1.896
1791426930.9138892,0.5695,0.7006,0.6350,0.4302,0.5695,0.4302,0.6350,0.5695,0.6350,0.6350,0.4302,0.6350,0.5695,0.0082,0.0123,0.0410,0.0410,0.8380,0.8790,0.6590,0.0410,-0.2200,12.10,-23.27,177.6,175.3,1.317,0.181,2.052
1791426930.944897,0.6350,0.4998,0.7006,0.7006,0.6350,0.7006,0.7538,0.6350,0.6350,0.5695,0.2458,0.6350,0.5695,0.0123,0.0164,0.0410,0.0410,0.8400,0.8865,0.6590,0.0465,-0.2275,12.62,-23.26,177.9,175.2,1.325,0.180,2.077
1791426930.9777582,0.4302,0.4998,0.6350,0.6350,0.4998,0.4998,0.7006,0.5695,0.7538,0.7538,0.3646,0.7006,0.6350,0.0410,0.0246,0.0410,0.0123,0.8380,0.8740,0.6660,0.0360,-0.2080,12.21,-23.08,177.9,174.9,1.265,0.182,2.064
1791426931.011331,0.5695,0.7538,0.5695,0.4998,0.4302,0.7006,0.5695,0.6350,0.7006,0.2458,0.4302,0.6350,0.5695,0.0123,0.0410,0.0737,0.0410,0.8400,0.8835,0.6590,0.0435,-0.2245,12.44,-23.13,177.7,174.8,1.302,0.183,2.060
1791426931.0449917,0.5695,0.6350,0.5695,0.6350,0.3646,0.7538,0.7006,0.5695,0.6350,0.2458,0.2458,0.7006,0.5695,0.0082,0.0369,0.0369,0.0164,0.8370,0.8770,0.6670,0.0400,-0.2100,12.49,-23.14,177.4,174.9,1.226,0.182,
1791426931.0782661,0.7538,0.2991,0.4998,0.4302,0.4998,0.4998,0.7006,0.6350,0.7006,0.2458,0.1229,0.6350,0.5695,0.0369,0.0164,0.0410,0.0574,0.8370,0.8775,0.6610,0.0405,-0.2165,12.48,-23.08,177.7,175.0,1.284,0.182,
1791426931.119471,0.7006,0.4998,0.6350,0.4998,0.4302,0.7006,0.8767,0.5695,0.6350,0.7006,0.4302,0.6350,0.5695,0.0164,0.0205,0.0410,0.0369,0.8390,0.8735,0.6580,0.0345,-0.2155,12.04,-22.86,178.4,174.6,1.333,0.183,2.066
1791426931.1506586,0.5695,0.7006,0.6350,0.5695,0.4302,0.6350,0.7538,0.3646,0.5695,0.6350,0.2991,0.5695,0.5695,0.0205,0.0205,0.0123,0.0410,0.8380,0.8820,0.6640,0.0440,-0.2180,12.28,-22.86,178.4,174.3,1.294,0.184,2.100
1791426931.1813068,0.4998,0.5695,0.5695,0.5695,0.4998,0.8030,0.8440,0.7538,0.4998,0.1966,0.3646,0.7006,0.6350,0.0082,0.0369,0.0205,0.0574,0.8400,0.8765,0.6650,0.0365,-0.2115,12.07,-22.93,179.0,174.1,1.231,0.184,2.066
1791426931.2136302,0.7006,0.7538,0.5695,0.5695,0.7006,0.5695,0.8030,0.6350,0.5695,0.7006,0.4302,0.5695,0.6350,0.0123,0.0164,0.0369,0.0369,0.8400,0.8835,0.6670,0.0435,-0.2165,12.60,-23.37,178.6,175.1,1.147,0.180,1.846
1791426931.2453322,0.6350,0.6350,0.5695,0.5695,0.4302,0.7006,0.8030,0.4302,0.4998,0.7006,0.4998,0.6350,0.5695,0.0082,0.0246,0.0369,0.0369,0.8400,0.8700,0.6640,0.0300,-0.2060,12.08,-23.48,178.8,175.4,1.158,0.178,1.889
1791426931.2786546,0.4998,0.5695,0.7006,0.4302,0.3646,0.4998,0.4998,0.7006,0.5695,0.7006,0.3646,0.6350,0.5695,0.0123,0.0369,0.0410,0.0369,0.8380,0.8700,0.6650,0.0320,-0.2050,11.55,-23.31,178.9,175.3,1.231,0.181,2.021
1791426931.3115904,0.4998,0.7006,0.4998,0.5695,0.4302,0.5695,0.7538,0.4998,0.4998,0.8030,0.1966,0.7006,0.6350,0.0123,0.0205,0.0574,0.0410,0.8400,0.8725,0.6630,0.0325,-0.2095,11.17,-23.06,179.2,175.3,1.288,0.182,2.117
1791426931.3444567,0.6350,0.6350,0.4998,0.3646,0.5695,0.6350,0.5695,0.7006,0.6350,0.6350,0.4302,0.6350,0.5695,0.0123,0.0164,0.0574,0.0369,0.8370,0.8790,0.6630,0.0420,-0.2160,11.47,-23.05,178.4,175.0,1.274,0.184,2.069
1791426931.3781285,0.7006,0.7538,0.5695,0.3646,0.4998,0.7006,0.7538,0.7006,0.7006,0.7006,0.4302,0.6350,0.5695,0.0246,0.0164,0.0369,0.0410,0.8360,0.8775,0.6550,0.0415,-0.2225,11.84,-23.34,178.1,175.7,1.221,0.182,1.913
1791426931.4186854,0.7006,0.4998,0.7538,0.5695,0.6350,0.5695,0.8440,0.7006,0.7538,0.6350,0.3646,0.6350,0.5695,0.0369,0.0205,0.0574,0.0410,0.8380,0.8720,0.6620,0.0340,-0.2100,11.63,-23.52,178.2,176.1,1.161,0.181,1.886
1791426931.449016,0.8030,0.8440,0.6350,0.6350,0.4302,0.6350,0.6350,0.4302,0.4998,0.7538,0.3646,0.6350,0.5695,0.0123,0.0205,0.0369,0.0574,0.8370,0.8860,0.6600,0.0490,-0.2260,12.32,-23.44,177.4,175.6,1.323,0.181,2.088
1791426931.4801488,0.7538,0.2991,0.4302,0.5695,0.4302,0.3646,0.8030,0.7538,0.7538,0.7006,0.1557,0.7006,0.5695,0.0082,0.0123,0.0410,0.0410,0.8370,0.8735,0.6650,0.0365,-0.2085,12.07,-23.36,177.7,176.0,1.226,0.182,2.030
1791426931.5122025,0.7006,0.6350,0.5695,0.3646,0.4302,0.4998,0.7538,0.7538,0.6350,0.4998,0.2991,0.5695,0.4998,0.0123,0.0246,0.0369,0.0246,0.8370,0.8805,,0.0435,,12.35,-23.17,177.6,176.0,1.321,0.182,2.119
1791426931.5450578,0.6350,0.7006,0.7006,0.5695,0.5695,0.6350,0.7006,0.5695,0.4998,0.4998,0.4302,0.7006,0.5695,0.0369,0.0410,0.0410,0.0574,0.8370,0.8690,0.6640,0.0320,-0.2050,12.04,-23.25,177.7,176.0,1.172,0.180,1.871
1791426931.5793269,0.5695,0.6350,0.4998,0.4998,0.4998,0.4998,0.7538,0.5695,0.7538,0.1966,0.1966,0.7006,0.6350,0.0164,0.0164,0.0369,0.0737,0.8370,0.8735,0.6640,0.0365,-0.2095,11.91,-23.27,177.6,176.0,1.213,0.180,
1791426931.6114554,0.5695,0.7538,0.5695,0.4998,0.4998,0.5695,0.8440,0.5695,0.5695,0.7538,0.4998,0.4302,0.4302,0.0205,0.0205,0.0205,0.0369,0.8400,0.8760,,0.0360,,11.97,-23.59,177.1,176.1,1.147,0.177,1.819
1791426931.6454377,0.7006,0.5695,0.7006,0.5695,0.4302,0.6350,0.5695,0.5695,0.7006,0.2458,0.1229,0.6350,0.5695,0.0123,0.0246,0.0369,0.0369,0.8370,0.8750,0.6600,0.0380,-0.2150,11.91,-23.65,177.4,176.5,1.212,0.179,
1791426931.6857452,0.7006,0.4302,0.6350,0.4998,0.5695,0.6350,0.6350,0.6350,0.5695,0.7538,0.2458,0.6350,0.5695,0.0082,0.0164,0.0369,0.0410,0.8370,0.8660,0.6630,0.0290,-0.2030,11.32,-23.56,177.8,176.2,1.184,0.180,1.962
1791426931.716978,0.7538,0.6350,0.7006,0.4998,0.6350,0.5695,0.7006,0.6350,0.5695,0.6350,0.3646,0.6350,0.6350,0.0123,0.0205,0.0369,0.0574,0.8400,0.8815,0.6650,0.0415,-0.2165,11.89,-23.73,177.8,176.1,1.194,0.176,1.835
1791426931.7482393,0.5695,0.4302,0.7006,0.5695,0.4302,0.5695,0.8767,0.5695,0.5695,0.7006,0.4998,0.5695,0.5695,0.0082,0.0205,0.0369,0.0410,0.8370,0.8800,0.6630,0.0430,-0.2170,12.35,-23.88,177.6,176.1,1.190,0.175,1.933
1791426931.780708,0.6350,0.6350,0.5695,0.4998,0.5695,0.6350,0.8440,0.7006,0.5695,0.7006,0.4302,0.5695,0.6350,0.0164,0.0369,0.0942,0.0164,0.8370,0.8895,0.6570,0.0525,-0.2325,13.19,-23.91,177.7,175.0,1.304,0.175,2.030
1791426931.811975,0.7538,0.6350,0.7538,0.4998,0.4302,0.4998,0.8440,0.7538,0.4302,0.4998,0.2458,0.5695,0.5695,0.0082,0.0164,0.0123,0.0246,0.8400,0.8820,0.6610,0.0420,-0.2210,13.40,-23.89,177.5,174.6,1.252,0.173,2.005
1791426931.8462243,0.7006,0.2458,0.4302,0.4302,0.4998,0.6350,0.6350,0.6350,0.7006,0.4998,0.3646,0.5695,0.5695,0.0082,0.0205,0.0369,0.0369,0.8370,0.8775,0.6630,0.0405,-0.2145,13.33,-23.84,177.6,175.4,1.225,0.173,1.979
1791426931.8791296,0.5695,0.5695,0.5695,0.4998,0.3646,0.6350,0.6350,0.4998,0.5695,0.1966,0.0942,0.5695,0.4302,0.0082,0.0164,0.0369,0.0205,0.8370,0.8810,,0.0440,,13.49,-23.81,177.4,175.3,1.249,0.174,
1791426931.9121354,0.6350,0.6350,0.5695,0.4998,0.4998,0.6350,0.7538,0.6350,0.7538,0.6350,0.1557,0.6350,0.6350,0.0246,0.0164,0.0574,0.0410,0.8370,0.8810,0.6580,0.0440,-0.2230,13.64,-23.88,177.3,175.6,1.244,0.174,1.903
1791426931.945853,0.7006,0.5695,0.4998,0.4998,0.4998,0.4998,0.7538,0.4998,0.4998,0.6350,0.2458,0.7006,0.5695,0.0082,0.0369,0.0410,0.0410,0.8370,0.8755,0.6600,0.0385,-0.2155,13.36,-23.66,177.5,175.7,1.282,0.174,2.034
1791426931.9852316,0.6350,0.5695,0.4998,0.6350,0.5695,0.4302,0.7006,0.4998,0.6350,0.7006,0.4998,0.6350,0.3646,0.0123,0.0369,0.1557,0.0369,0.8370,0.8790,,0.0420,,13.57,-23.97,177.4,175.2,1.153,0.172,1.864
1791426932.018083,0.7006,0.7006,0.5695,0.7006,0.4998,0.6350,0.6350,0.4998,0.4998,0.6350,0.4302,0.5695,0.6350,0.0082,0.0205,0.0246,0.0164,0.8370,0.8705,0.6570,0.0335,-0.2135,13.04,-23.94,177.4,175.4,1.210,0.172,1.934
1791426932.0494273,0.8767,0.4998,0.4302,0.5695,0.5695,0.4998,0.7538,0.7538,0.5695,0.6350,0.1966,0.5695,0.5695,0.0082,0.0123,0.0205,0.0205,0.8370,0.8735,0.6600,0.0365,-0.2135,12.89,-23.93,177.8,175.9,1.204,0.171,1.921
1791426932.0806298,0.6350,0.4998,0.8030,0.5695,0.4998,0.4998,0.7538,0.5695,0.7538,0.7538,0.5695,0.7006,0.5695,0.0205,0.0205,0.0410,0.0369,0.8370,0.8855,0.6610,0.0485,-0.2245,13.55,-24.00,178.0,175.2,1.244,0.170,1.944
1791426932.1142385,0.7538,0.6350,0.7006,0.6350,0.5695,0.5695,0.8030,0.6350,0.7538,0.7538,0.3646,0.6350,0.6350,0.0082,0.0082,0.0123,0.0164,0.8370,0.8820,0.6590,0.0450,-0.2230,13.62,-23.92,177.9,175.4,1.276,0.173,2.046
1791426932.1456034,0.7006,0.8030,0.4302,0.3646,0.4302,0.7006,0.8030,0.7538,0.7006,0.7538,0.4302,0.6350,0.7006,0.0082,0.0123,0.0205,0.0410,0.8360,0.8750,0.6600,0.0390,-0.2150,13.54,-23.88,178.3,175.5,1.223,0.172,1.914
1791426932.1794007,0.6350,0.7006,0.8440,0.4302,0.6350,0.4998,0.7006,0.8030,0.3646,0.5695,0.6350,0.6350,0.7006,0.0246,0.0082,0.0369,0.0737,0.8370,0.8815,0.6580,0.0445,-0.2235,14.12,-24.11,178.0,175.3,1.195,0.167,1.833
1791426932.2130523,0.7006,0.7538,0.6350,0.4302,0.5695,0.6350,0.8440,0.4998,0.7006,0.6350,0.2458,0.7006,0.6350,0.0123,0.0246,0.0410,0.0369,0.8360,0.8775,0.6610,0.0415,-0.2165,13.96,-23.90,177.9,174.8,1.271,0.168,2.000
1791426932.2462132,0.6350,0.4998,0.5695,0.5695,0.5695,0.5695,0.8440,0.5695,0.7006,0.7006,0.3646,0.5695,0.4998,0.0082,0.0246,0.0246,0.0246,0.8370,0.8815,,0.0445,,14.09,-23.83,178.0,174.8,1.270,0.169,2.001
1791426932.2869697,0.8030,0.8030,0.4998,0.5695,0.4998,0.6350,0.8440,0.6350,0.7538,0.6350,0.1229,0.4998,0.4998,0.0082,0.0205,0.0369,0.0369,0.8370,0.8780,,0.0410,,13.80,-23.89,178.5,175.5,1.217,0.171,1.933
1791426932.3197415,0.8440,0.5695,0.4302,0.4998,0.4302,0.4998,0.7006,0.3646,0.6350,0.6350,0.6350,0.6350,0.6350,0.0082,0.0123,0.0410,0.0574,0.8370,0.8760,0.6560,0.0390,-0.2200,13.44,-23.49,178.8,175.4,1.362,0.174,2.089
1791426932.3499644,0.7538,0.7006,0.7006,0.7538,0.5695,0.7006,0.8030,0.7538,0.5695,0.7006,0.4302,0.7006,0.6350,0.0123,0.0205,0.0410,0.0246,0.8360,0.8815,0.6570,0.0455,-0.2245,13.91,-23.71,178.1,175.1,1.225,0.171,1.880
1791426932.3823204,0.7006,0.3646,0.4302,0.5695,0.4998,0.4998,0.7538,0.7006,0.8440,0.8030,0.2991,0.5695,0.6350,0.0205,0.0164,0.0574,0.0369,0.8370,0.8760,0.6560,0.0390,-0.2200,13.84,-23.72,178.5,175.1,1.248,0.169,1.903
1791426932.413104,0.7006,0.7006,0.5695,0.4998,0.4302,0.4302,0.5695,0.2458,0.4998,0.6350,0.2991,0.4998,0.6350,0.0082,0.0082,0.0369,0.0369,0.8370,0.8790,,0.0420,,13.76,-23.39,178.3,175.4,1.357,0.170,2.062
1791426932.4460816,0.7538,0.8440,0.6350,0.2991,0.7006,0.5695,0.8030,0.6350,0.6350,0.2458,0.2991,0.7538,0.5695,0.0082,0.0123,0.0369,0.0369,0.8370,0.8805,0.6580,0.0435,-0.2225,13.76,-23.38,178.7,175.2,1.287,0.172,
1791426932.4794402,0.8030,0.4302,0.6350,0.5695,0.6350,0.6350,0.7006,0.2991,0.4302,0.8440,0.2991,0.7006,0.5695,0.0123,0.0123,0.0205,0.0369,0.8360,0.8720,0.6620,0.0360,-0.2100,13.38,-23.50,178.8,174.9,1.179,0.172,1.881
1791426932.513106,0.6350,0.6350,0.6350,0.4302,0.6350,0.8030,0.7538,0.5695,0.6350,0.5695,0.5695,0.6350,0.7006,0.0123,0.0205,0.0369,0.0369,0.8370,0.8740,0.6600,0.0370,-0.2140,13.02,-23.35,179.0,175.5,1.274,0.173,2.017
1791426932.547556,0.4998,0.5695,0.5695,0.5695,0.6350,0.5695,0.7006,0.7006,0.6350,0.7006,0.3646,0.6350,0.2991,0.0082,0.0205,0.0369,0.0410,0.8360,0.8770,,0.0410,,13.19,-23.43,179.0,176.1,,0.172,1.943
1791426932.5889695,0.7538,0.6350,0.4998,0.5695,0.7538,0.7006,0.7538,0.4998,0.6350,0.4998,0.2458,0.6350,0.4998,0.0205,0.0369,0.0205,0.0369,0.8370,0.8735,,0.0365,,12.95,-23.40,179.0,176.4,1.246,0.172,1.976
1791426932.620774,0.7538,0.7538,0.7006,0.6350,0.5695,0.5695,0.7538,0.6350,0.5695,0.7538,0.1557,0.5695,0.6350,0.0082,0.0164,0.0369,0.0205,0.8370,0.8690,0.6630,0.0320,-0.2060,12.35,-23.34,178.9,176.4,1.208,0.174,1.961
1791426932.6519194,0.8030,0.6350,0.5695,0.6350,0.5695,0.6350,0.8767,0.8030,0.4998,0.5695,0.2991,0.7006,0.7006,0.0123,0.0123,0.0574,0.0737,0.8370,0.8790,0.6590,0.0420,-0.2200,12.67,-23.32,178.8,176.0,1.282,0.173,1.982
1791426932.684718,0.7538,0.7006,0.7006,0.4998,0.4998,0.7006,0.7538,0.7538,0.5695,0.7538,0.3646,0.7006,0.6350,0.0123,0.0082,0.0369,0.0369,0.8370,0.8700,0.6600,0.0330,-0.2100,12.18,-23.16,178.6,175.5,1.264,0.174,2.022
1791426932.7160048,0.4998,0.7538,0.5695,0.3646,0.6350,0.7538,0.8440,0.6350,0.6350,0.7006,0.1966,0.6350,0.6350,0.0082,0.0123,0.0164,0.0369,0.8370,0.8725,0.6630,0.0355,-0.2095,12.08,-23.37,178.1,176.6,1.164,0.174,1.923
1791426932.7475123,0.8030,0.6350,0.4302,0.6350,0.4998,0.4998,0.8440,0.4302,0.7006,0.4302,0.3646,0.5695,0.5695,0.0205,0.0164,0.0574,0.0369,0.8370,0.8845,0.6680,0.0475,-0.2165,13.01,-23.75,177.5,176.7,1.142,0.170,1.870
1791426932.7806911,0.8030,0.6350,0.4302,0.5695,0.5695,0.5695,0.7006,0.7006,0.5695,0.5695,0.1557,0.7006,0.6350,0.0082,0.0164,0.0369,0.0369,0.8370,0.8755,0.6640,0.0385,-0.2115,12.78,-23.66,177.9,177.4,1.226,0.172,2.012
1791426932.8126922,0.5695,0.7538,0.4302,0.5695,0.6350,0.4998,0.6350,0.4998,0.4302,0.6350,0.2991,0.5695,0.4998,0.0123,0.0205,0.0410,0.0369,0.8370,0.8680,,0.0310,,12.14,-23.33,178.4,177.2,1.270,0.174,2.044
1791426932.8461401,0.7538,0.6350,0.4998,0.3646,0.6350,0.7006,0.7006,0.7006,0.6350,0.6350,0.1229,0.7006,0.5695,0.0082,0.0123,0.0410,0.0410,0.8370,0.8740,0.6590,0.0370,-0.2150,12.16,-23.43,178.4,176.9,1.217,0.174,1.917
1791426932.8794937,0.7006,0.6350,0.7006,0.4998,0.4302,0.6350,0.7006,0.5695,0.4302,0.2991,0.4998,0.6350,0.5695,0.0205,0.0205,0.0164,0.0164,0.8370,0.8710,0.6600,0.0340,-0.2110,12.10,-23.69,178.1,175.7,1.142,0.171,1.875
1791426932.9139857,0.6350,0.6350,0.6350,0.7006,0.4302,0.6350,0.6350,0.7538,0.4302,0.2458,0.3646,0.5695,0.6350,0.0246,0.0246,0.0737,0.0369,0.8370,0.8785,0.6610,0.0415,-0.2175,12.58,-23.63,177.9,175.2,1.257,0.169,2.029
1791426932.9533162,0.8030,0.8440,0.7006,0.4998,0.5695,0.6350,0.8030,0.6350,0.5695,0.5695,0.3646,0.6350,0.6350,0.0082,0.0246,0.0369,0.0410,0.8370,0.8665,0.6610,0.0295,-0.2055,11.70,-23.27,178.7,176.0,1.279,0.174,2.071
1791426932.9862454,0.4302,0.7006,0.3646,0.5695,0.3646,0.5695,0.8030,0.7006,0.6350,0.7006,0.2458,0.6350,0.6350,0.0123,0.0369,0.0123,0.0369,0.8370,0.8705,0.6610,0.0335,-0.2095,11.65,-23.38,178.6,176.4,1.184,0.172,1.901
1791426933.017103,0.8440,0.6350,0.5695,0.5695,0.5695,0.7006,0.7538,0.3646,0.6350,0.7006,0.4998,0.7006,0.5695,0.0369,0.0123,0.0737,0.0574,0.8370,0.8725,0.6670,0.0355,-0.2055,11.63,-23.30,179.0,176.4,1.213,0.173,1.972
1791426933.0494926,0.4998,0.8030,0.4998,0.7006,0.3646,0.7006,0.8030,0.4302,0.6350,0.7006,0.1966,0.5695,0.5695,0.0205,0.0246,0.0246,0.0410,0.8370,0.8765,0.6560,0.0395,-0.2205,12.02,-23.60,178.4,175.8,1.194,0.171,1.831
1791426933.0800183,0.7006,0.6350,0.4302,0.4998,0.5695,0.4998,0.8030,0.6350,0.4302,0.7006,0.3646,0.7006,0.4998,0.0082,0.0205,0.0410,0.0123,0.8370,0.8795,,0.0425,,12.45,-23.94,178.5,176.5,1.152,0.170,1.847
1791426933.1146033,0.7006,0.7006,0.4998,0.5695,0.4998,0.5695,0.8440,0.7006,0.7006,0.6350,0.1966,0.7006,0.7006,0.0123,0.0246,0.0410,0.0410,0.8380,0.8735,0.6580,0.0355,-0.2155,12.36,-23.80,177.9,176.9,1.252,0.170,2.003
1791426933.147516,0.5695,0.7538,0.6350,0.5695,0.7006,0.7006,0.6350,0.4998,0.7538,0.8030,0.4998,0.6350,0.6350,0.0123,0.0410,0.0410,0.0369,0.8370,0.8705,0.6610,0.0335,-0.2095,11.98,-23.38,178.1,176.4,1.311,0.172,2.089
1791426933.1798093,0.6350,0.7006,0.6350,0.5695,0.4998,0.7538,0.8030,0.5695,0.7006,0.5695,0.1966,0.6350,0.5695,0.0205,0.0410,0.0410,0.0369,0.8370,0.8710,0.6620,0.0340,-0.2090,11.68,-23.04,178.6,177.1,1.309,0.174,2.089
1791426933.2145875,0.5695,0.7006,0.7006,0.3646,0.4302,0.4998,0.6350,0.6350,0.7538,0.6350,0.4302,0.5695,0.5695,0.0082,0.0164,0.0205,0.0737,0.8400,0.8715,0.6580,0.0315,-0.2135,11.38,-22.95,178.6,176.9,1.282,0.174,2.018
1791426933.2535675,0.7538,0.7006,0.5695,0.4302,0.4302,0.4302,0.7538,0.4302,0.5695,0.4302,0.4302,0.6350,0.5695,0.0082,0.0246,0.0410,0.0246,0.8370,0.8800,0.6650,0.0430,-0.2150,12.06,-23.24,178.4,176.2,1.184,0.172,1.860
1791426933.2851343,0.7006,0.5695,0.4998,0.4302,0.4302,0.7006,0.7006,0.5695,0.4998,0.2991,0.2458,0.7006,0.5695,0.0082,0.0205,0.0164,0.0410,0.8380,0.8720,0.6640,0.0340,-0.2080,12.01,-23.29,178.7,176.3,1.195,0.170,
1791426933.3174548,0.8767,0.6350,0.6350,0.4998,0.4302,0.5695,0.7006,0.5695,0.7006,0.8440,0.4302,0.5695,0.5695,0.0246,0.0246,0.0369,0.0410,0.8370,0.8785,0.6550,0.0415,-0.2235,12.27,-23.35,178.2,176.4,1.279,0.171,1.989
1791426933.3483443,0.7006,0.7006,0.6350,0.4302,0.4998,0.5695,0.7006,0.6350,0.4302,0.7006,0.1557,0.5695,0.5695,0.0123,0.0369,0.0246,0.0164,0.8370,0.8805,0.6630,0.0435,-0.2175,12.48,-23.19,177.9,177.4,1.310,0.174,2.107
1791426933.380968,0.8030,0.6350,0.6350,0.6350,0.4998,0.5695,0.7538,0.6350,0.7538,0.7006,0.3646,0.6350,0.5695,0.0205,0.0246,0.0737,0.0410,0.8390,0.8765,0.6660,0.0375,-0.2105,12.43,-23.30,177.6,177.4,1.196,0.174,1.946
1791426933.4146252,0.8440,0.7006,0.5695,0.6350,0.5695,0.7006,0.6350,0.4998,0.6350,0.6350,0.2991,0.7006,0.7006,0.0082,0.0205,0.0942,0.0369,0.8370,0.8690,0.6600,0.0320,-0.2090,11.95,-23.13,177.5,177.2,1.265,0.175,2.025
1791426933.4473786,0.7006,0.7006,0.5695,0.3646,0.6350,0.7538,0.8030,0.5695,0.5695,0.8030,0.3646,0.6350,0.5695,0.0205,0.0123,0.0574,0.0369,0.8370,0.8670,0.6580,0.0300,-0.2090,11.44,-22.91,178.4,176.6,1.289,0.176,2.036
1791426933.4810965,0.6350,0.7006,0.4998,0.3646,0.4302,0.7006,0.7538,0.7538,0.4302,0.5695,0.1557,0.5695,0.6350,0.0246,0.0164,0.0574,0.0410,0.8370,0.8775,0.6660,0.0405,-0.2115,11.86,-23.11,178.3,176.5,1.191,0.174,1.930
1791426933.513899,0.8440,0.7006,0.2458,0.5695,0.6350,0.6350,0.6350,0.6350,0.6350,0.5695,0.2458,0.5695,0.6350,0.0082,0.0205,0.0205,0.0369,0.8360,0.8765,0.6590,0.0405,-0.2175,12.18,-23.40,177.8,175.7,1.188,0.173,1.871
1791426933.5549788,0.6350,0.5695,0.8030,0.4998,0.5695,0.4302,0.8030,0.6350,0.6350,0.5695,0.2991,0.6350,0.5695,0.0123,0.0246,0.0205,0.0410,0.8370,0.8710,0.6570,0.0340,-0.2140,11.93,-23.38,177.8,176.3,1.241,0.174,1.975
1791426933.5873747,0.8767,0.9259,0.5695,0.4302,0.4302,0.7006,0.7006,0.6350,0.8030,0.7006,0.2991,0.6350,0.5695,0.0082,0.0410,0.0369,0.0369,0.8370,0.8800,0.6630,0.0430,-0.2170,12.29,-23.28,177.9,175.8,1.285,0.174,2.046
1791426933.618503,0.7538,0.7538,0.5695,0.3646,0.6350,0.7538,0.7538,0.3646,0.5695,0.7538,0.3646,0.6350,0.5695,0.0082,0.0369,0.0369,0.0410,0.8360,0.8755,0.6610,0.0395,-0.2145,12.55,-23.33,177.9,176.5,1.232,0.172,1.891
1791426933.6496902,0.8440,0.5695,0.4998,0.4998,0.5695,0.6350,0.7006,0.4998,0.7006,0.6350,0.2458,0.7006,0.5695,0.0246,0.0205,0.0737,0.0369,0.8360,0.8800,0.6620,0.0440,-0.2180,12.90,-23.32,178.5,177.0,1.265,0.172,2.036
1791426933.6818922,0.8030,0.8030,0.4998,0.5695,0.4302,0.7006,0.8767,0.6350,0.4998,0.7538,0.2991,0.5695,0.4998,0.0123,0.0410,0.0574,0.0410,0.8360,0.8725,,0.0365,,12.67,-23.39,178.2,176.2,1.207,0.173,1.946
1791426933.7142093,0.8440,0.6350,0.7006,0.4998,0.6350,0.6350,0.6350,0.5695,0.6350,0.3646,0.2458,0.7006,0.6350,0.0082,0.0246,0.0574,0.0369,0.8370,0.8760,0.6610,0.0390,-0.2150,12.63,-23.36,177.9,176.2,1.252,0.173,2.009
1791426933.748426,0.7006,0.7006,0.4998,0.3646,0.4998,0.7538,0.7538,0.6350,0.5695,0.7006,0.2991,0.4998,0.5695,0.0123,0.0246,0.0246,0.0369,0.8370,0.8735,,0.0365,,12.52,-23.22,178.6,176.8,1.270,0.173,1.999
1791426933.7818115,0.8440,0.7538,0.7006,0.6350,0.6350,0.5695,0.7006,0.4302,0.4998,0.6350,0.0942,0.6350,0.4998,0.0082,0.0246,0.0205,0.0123,0.8360,0.8720,,0.0360,,12.32,-23.11,178.6,177.2,1.262,0.174,2.042
1791426933.8143349,0.5695,0.5695,0.6350,0.4998,0.5695,0.6350,0.6350,0.6350,0.5695,0.1966,0.1966,0.7006,0.4998,0.0164,0.0205,0.0410,0.0369,0.8370,0.8675,,0.0305,,11.67,-22.85,179.2,176.9,1.288,0.176,
1791426933.847666,0.5695,0.5695,0.5695,0.7006,0.4998,0.4998,0.4302,0.7006,0.5695,0.8030,0.3646,0.5695,0.4998,0.0082,0.0082,0.0164,0.0123,0.8370,0.8700,,0.0330,,11.50,-23.17,178.7,177.1,1.142,0.176,1.838
1791426933.8875613,0.8440,0.5695,0.6350,0.5695,0.3646,0.4998,0.8440,0.3646,0.4998,0.6350,0.1966,0.7006,0.5695,0.0123,0.0369,0.0410,0.0574,0.8360,0.8665,0.6650,0.0305,-0.2015,11.21,-23.16,178.4,177.6,1.180,0.175,1.943
1791426933.9197428,0.7006,0.7538,0.6350,0.4302,0.5695,0.7006,0.6350,0.4302,0.7006,0.7006,0.1229,0.5695,0.5695,0.0082,0.0164,0.0246,0.0369,0.8370,0.8715,0.6650,0.0345,-0.2065,11.02,-22.84,178.6,178.3,1.304,0.178,2.098
1791426933.950439,0.7538,0.5695,0.6350,0.4998,0.5695,0.7006,0.7006,0.4998,0.8030,0.4302,0.1557,0.7006,0.4302,0.0082,0.0164,0.0123,0.0164,0.8370,0.8700,,0.0330,,10.85,-22.76,178.8,178.5,1.256,0.179,2.060
1791426933.9829843,0.6350,0.7006,0.4302,0.4302,0.4998,0.6350,0.8030,0.6350,0.4998,0.2458,0.0942,0.6350,0.6350,0.0246,0.0205,0.0574,0.0410,0.8370,0.8775,0.6610,0.0405,-0.2165,11.25,-22.84,178.7,178.7,1.265,0.179,
1791426934.0148141,0.7538,0.6350,0.8440,0.6350,0.5695,0.7006,0.7006,0.5695,0.6350,0.6350,0.2991,0.5695,0.5695,0.0082,0.0205,0.0737,0.0246,0.8370,0.8775,0.6620,0.0405,-0.2155,11.63,-23.08,178.8,179.0,1.207,0.178,1.934
1791426934.0492804,0.8030,0.8030,0.6350,0.4998,0.4998,0.5695,0.8030,0.7006,0.4302,0.7538,0.2991,0.6350,0.4998,0.0164,0.0369,0.0574,0.0205,0.8360,0.8740,,0.0380,,11.71,-23.14,178.6,178.7,1.224,0.178,1.989
1791426934.081484,0.7006,0.7538,0.7006,0.4998,0.6350,0.7006,0.7006,0.4998,0.6350,0.5695,0.4302,0.7006,0.6350,0.0369,0.0246,0.0410,0.0410,0.8360,0.8790,0.6630,0.0430,-0.2160,12.30,-23.26,179.0,177.6,1.228,0.175,1.914
1791426934.1159966,0.5695,0.9054,0.7006,0.5695,0.5695,0.6350,0.7538,0.5695,0.6350,0.6350,0.4302,0.7006,0.5695,0.0082,0.0369,0.0246,0.0410,0.8370,0.8725,0.6580,0.0355,-0.2145,12.23,-23.58,178.7,178.7,1.152,0.173,1.847
1791426934.1550188,0.7006,0.7006,0.4302,0.4302,0.5695,0.5695,0.8440,0.5695,0.5695,0.2458,0.5695,0.4998,0.3646,0.0205,0.0205,0.0410,0.0410,0.8360,0.8750,,0.0390,,12.31,-23.56,178.3,178.0,1.229,0.173,2.055
1791426934.1882086,0.7538,0.7538,0.5695,0.6350,0.5695,0.5695,0.8030,0.7006,0.7538,0.2458,0.3646,0.7538,0.5695,0.0205,0.0410,0.0574,0.0410,0.8370,0.8805,0.6610,0.0435,-0.2195,13.03,-23.77,178.3,177.7,1.198,0.168,1.897
1791426934.219274,0.3646,0.7538,0.7006,0.4998,0.4998,0.5695,0.7538,0.4998,0.8440,0.5695,0.1966,0.7006,0.4998,0.0205,0.0082,0.0369,0.0246,0.8360,0.8750,,0.0390,,12.82,-23.46,178.2,177.8,1.302,0.171,2.079
1791426934.249578,0.7006,0.8030,0.5695,0.3646,0.5695,0.4998,0.8440,0.5695,0.4998,0.7006,0.2991,0.5695,0.5695,0.0246,0.0246,0.0369,0.0410,0.8360,0.8735,0.6570,0.0375,-0.2165,12.67,-23.46,177.9,177.5,1.248,0.172,1.977
1791426934.2826827,0.5695,0.7006,0.4998,0.6350,0.5695,0.5695,0.8030,0.7006,0.6350,0.7006,0.4302,0.6350,0.6350,0.0082,0.0082,0.0369,0.0574,0.8360,0.8810,0.6620,0.0450,-0.2190,12.83,-23.13,177.9,176.1,1.362,0.175,2.165
1791426934.3165154,0.7538,0.8767,0.4998,0.6350,0.4998,0.4998,0.7538,0.4998,0.7006,0.1966,0.3646,0.5695,0.6350,0.0082,0.0123,0.0369,0.0123,0.8390,0.8740,0.6550,0.0350,-0.2190,12.64,-23.47,177.7,175.9,1.178,0.174,1.821
1791426934.348306,0.7006,0.7538,0.5695,0.7006,0.6350,0.4998,0.7006,0.4998,0.6350,0.6350,0.4998,0.6350,0.6350,0.0082,0.0205,0.0246,0.0574,0.8360,0.8845,0.6660,0.0485,-0.2185,13.44,-23.59,177.2,176.0,1.223,0.171,1.930
1791426934.3824732,0.7006,0.4302,0.6350,0.4302,0.3646,0.7006,0.8030,0.6350,0.4998,0.6350,0.3646,0.6350,0.5695,0.0164,0.0410,0.0369,0.0164,0.8370,0.8755,0.6610,0.0385,-0.2145,13.30,-23.79,177.5,175.2,1.168,0.171,1.874
1791426934.4232976,0.7538,0.6350,0.5695,0.4998,0.4998,0.6350,0.7006,0.8440,0.6350,0.6350,0.0942,0.6350,0.6350,0.0123,0.0246,0.0246,0.0369,0.8390,0.8745,0.6560,0.0355,-0.2185,13.16,-24.11,177.2,176.3,1.147,0.169,1.820
1791426934.453681,0.8030,0.7538,0.6350,0.4302,0.4998,0.6350,0.6350,0.7006,0.7006,0.5695,0.0942,0.6350,0.4302,0.0246,0.0123,0.0164,0.0164,0.8360,0.8775,,0.0415,,12.96,-23.61,177.1,176.3,1.362,0.173,2.174
1791426934.4857194,0.8440,0.5695,0.4998,0.6350,0.6350,0.7006,0.6350,0.4302,0.7006,0.2458,0.2991,0.6350,0.5695,0.0164,0.0246,0.0369,0.0410,0.8360,0.8765,0.6610,0.0405,-0.2155,13.05,-23.74,176.9,176.6,1.195,0.172,
1791426934.517051,0.6350,0.5695,0.2458,0.2991,0.6350,0.4998,0.6350,0.6350,0.7006,0.6350,0.2458,0.6350,0.4302,0.0082,0.0082,0.0574,0.0164,0.8360,0.8775,,0.0415,,13.16,-24.02,176.8,176.0,1.153,0.172,1.937
1791426934.5488868,0.4998,0.6350,0.4998,0.5695,0.4998,0.6350,0.7538,0.6350,0.4302,0.6350,0.3646,0.4998,0.4998,0.0082,0.0205,0.0369,0.0246,0.8390,0.8705,,0.0315,,12.47,-23.71,177.1,175.6,1.270,0.174,2.005
1791426934.5832791,0.8030,0.7538,0.5695,0.6350,0.4998,0.4998,0.5695,0.7538,0.7538,0.6350,0.1966,0.5695,0.4998,0.0082,0.0205,0.0574,0.0164,0.8360,0.8750,,0.0390,,12.59,-23.70,177.2,176.2,1.224,0.173,1.983
1791426934.6153057,0.4302,0.6350,0.7538,0.4998,0.7006,0.6350,0.7538,0.6350,0.7006,0.2991,0.3646,0.6350,0.5695,0.0123,0.0205,0.0246,0.0369,0.8360,0.8685,0.6590,0.0325,-0.2095,12.13,-23.34,177.0,175.7,1.300,0.174,2.039
1791426934.6489756,0.6350,0.6350,0.7006,0.3646,0.4302,0.6350,0.7006,0.4998,0.4302,0.5695,0.2458,0.7006,0.6350,0.0123,0.0164,0.0164,0.0164,0.8370,0.8725,0.6580,0.0355,-0.2145,12.07,-23.30,177.0,175.6,1.256,0.173,1.967
1791426934.6819975,0.6350,0.7538,0.5695,0.4302,0.5695,0.6350,0.6350,0.4998,0.3646,0.7006,0.4998,0.7006,0.5695,0.0082,0.0246,0.0123,0.0369,0.8390,0.8815,0.6600,0.0425,-0.2215,12.63,-23.68,176.3,176.2,1.173,0.170,1.771
1791426934.7214248,0.7538,0.7538,0.5695,0.7006,0.4998,0.5695,0.7006,0.4998,0.4998,0.5695,0.1966,0.6350,0.4998,0.0082,0.0369,0.0410,0.0164,0.8370,0.8755,,0.0385,,12.57,-23.54,176.5,176.8,1.272,0.171,2.051
1791426934.7542865,0.8030,0.7538,0.5695,0.5695,0.7006,0.4302,0.6350,0.7538,0.5695,0.6350,0.2458,0.7006,0.5695,0.0082,0.0369,0.0574,0.0246,0.8390,0.8645,0.6630,0.0255,-0.2015,11.58,-23.06,176.9,177.2,1.298,0.174,2.112
1791426934.7854555,0.6350,0.6350,0.5695,0.5695,0.7006,0.4302,0.5695,0.8440,0.4998,0.6350,0.5695,0.6350,0.5695,0.0082,0.0369,0.0369,0.0369,0.8360,0.8810,0.6610,0.0450,-0.2200,12.38,-23.44,176.5,176.9,1.178,0.171,1.863
1791426934.8169174,0.8030,0.7538,0.7006,0.6350,0.4998,0.5695,0.7538,0.7538,0.6350,0.1557,0.2458,0.7006,0.6350,0.0082,0.0205,0.0574,0.0369,0.8370,0.8810,0.6610,0.0440,-0.2200,12.64,-23.17,176.5,177.5,1.350,0.173,
1791426934.8493845,0.7538,0.7538,0.4302,0.6350,0.4302,0.7006,0.8030,0.3646,0.5695,0.7538,0.1966,0.7006,0.4998,0.0164,0.0082,0.0574,0.0410,0.8390,0.8780,,0.0390,,12.69,-23.26,177.3,177.1,1.243,0.173,2.026
1791426934.8817751,0.5695,0.6350,0.8440,0.4302,0.4302,0.8030,0.5695,0.5695,0.4998,0.7538,0.4302,0.6350,0.4302,0.0164,0.0164,0.0369,0.0369,0.8370,0.8685,,0.0315,,12.09,-23.22,177.4,177.3,1.221,0.174,1.963
1791426934.916172,0.7538,0.7538,0.6350,0.4998,0.4302,0.6350,0.7006,0.5695,0.4302,0.7538,0.1557,0.7006,0.6350,0.0082,0.0123,0.0369,0.0574,0.8370,0.8780,0.6680,0.0410,-0.2100,12.50,-23.58,177.5,177.2,1.117,0.172,1.821
1791426934.9504356,0.6350,0.6350,0.7006,0.4302,0.3646,0.4998,0.7538,0.4302,0.7006,0.5695,0.3646,0.5695,0.5695,0.0123,0.0164,0.0369,0.0369,0.8370,0.8720,0.6560,0.0350,-0.2160,12.21,-23.48,178.0,177.0,1.267,0.173,1.977
1791426934.9829519,0.5695,0.8767,0.4998,0.7006,0.5695,0.5695,0.8030,0.5695,0.6350,0.3646,0.1229,0.6350,0.5695,0.0082,0.0205,0.0369,0.0369,0.8360,0.8765,0.6610,0.0405,-0.2155,12.39,-23.64,177.9,176.4,1.194,0.173,1.951
1791426935.0243573,0.5695,0.3646,0.5695,0.5695,0.2991,0.6350,0.6350,0.7538,0.3646,0.8440,0.1557,0.7006,0.5695,0.0082,0.0369,0.0164,0.0410,0.8360,0.8640,0.6560,0.0280,-0.2080,11.34,-22.76,178.3,175.5,1.451,0.180,2.282
1791426935.0560083,0.7006,0.8030,0.5695,0.4998,0.4302,0.7538,0.7538,0.6350,0.4998,0.1966,0.5695,0.5695,0.4302,0.0082,0.0369,0.0410,0.0737,0.8360,0.8755,,0.0395,,11.55,-22.79,178.2,176.0,1.276,0.180,2.069
1791426935.0888748,0.7538,0.8030,0.5695,0.4998,0.7006,0.5695,0.7006,0.7538,0.3646,0.7006,0.1966,0.6350,0.5695,0.0164,0.0205,0.0410,0.0123,0.8360,0.8700,0.6680,0.0340,-0.2020,11.48,-22.96,178.4,176.7,1.151,0.178,1.931
1791426935.119064,0.8767,0.8030,0.6350,0.5695,0.2458,0.7538,0.7538,0.7538,0.7538,0.8030,0.4998,0.6350,0.4998,0.0082,0.0246,0.0123,0.0410,0.8370,0.8700,,0.0330,,11.32,-22.88,178.3,176.3,1.253,0.178,2.007
1791426935.1506526,0.7006,0.8440,0.4302,0.4998,0.4998,0.4998,0.5695,0.6350,0.5695,0.2991,0.2991,0.7006,0.6350,0.0164,0.0082,0.0574,0.0574,0.8370,0.8750,0.6610,0.0380,-0.2140,11.63,-23.11,178.1,176.1,1.200,0.175,
1791426935.1826372,0.7538,0.7006,0.7006,0.4998,0.5695,0.5695,0.5695,0.4302,0.5695,0.6350,0.4302,0.5695,0.5695,0.0205,0.0369,0.0737,0.0369,0.8370,0.8800,0.6610,0.0430,-0.2190,12.12,-23.11,178.0,175.5,1.282,0.174,2.010
1791426935.216447,0.5695,0.7006,0.5695,0.5695,0.5695,0.6350,0.7006,0.4998,0.7538,0.6350,0.2991,0.7538,0.5695,0.0164,0.0369,0.0246,0.0410,0.8370,0.8750,0.6590,0.0380,-0.2160,12.29,-23.22,178.6,175.1,1.233,0.172,1.899
1791426935.24982,0.7538,0.7006,0.5695,0.6350,0.5695,0.6350,0.7538,0.7006,0.4302,0.7538,0.0942,0.3646,0.4302,0.0205,0.0205,0.0410,0.0369,0.8370,0.8770,,0.0400,,12.48,-23.34,178.2,176.3,1.224,0.172,1.989
1791426935.2826216,0.5695,0.8440,0.4302,0.6350,0.6350,0.6350,0.7006,0.7538,0.4998,0.5695,0.2458,0.7006,0.4998,0.0082,0.0246,0.0205,0.0369,0.8370,0.8720,,0.0350,,12.24,-23.41,178.3,176.4,1.201,0.172,1.954
1791426935.3163683,0.7538,0.7538,0.5695,0.6350,0.7006,0.4998,0.7006,0.6350,0.7538,0.7538,0.2458,0.6350,0.6350,0.0246,0.0246,0.0574,0.0410,0.8370,0.8755,0.6610,0.0385,-0.2145,12.36,-23.52,178.3,177.2,1.207,0.172,1.895
1791426935.3556154,0.7538,0.8440,0.7006,0.6350,0.7538,0.5695,0.5695,0.7538,0.8030,0.7006,0.1229,0.7006,0.7538,0.0205,0.0369,0.0369,0.0410,0.8370,0.8810,0.6600,0.0440,-0.2210,12.65,-23.36,178.0,177.6,1.317,0.173,2.103
1791426935.3865,0.8030,0.7538,0.7006,0.4998,0.4998,0.6350,0.8767,0.5695,0.5695,0.7006,0.1966,0.5695,0.4998,0.0123,0.0123,0.0246,0.0410,0.8370,0.8640,,0.0270,,11.89,-23.32,178.3,176.7,1.189,0.174,1.928
1791426935.4185126,0.8440,0.7006,0.7538,0.4998,0.4998,0.4998,0.8030,0.8767,0.7538,0.2991,0.1229,0.7006,0.4998,0.0205,0.0369,0.0369,0.0574,0.8370,0.8765,,0.0395,,12.08,-23.16,178.5,175.8,1.298,0.173,
1791426935.450301,0.7538,0.7538,0.6350,0.4302,0.4998,0.6350,0.7538,0.4998,0.7006,0.5695,0.3646,0.7538,0.6350,0.0123,0.0369,0.0410,0.0574,0.8370,0.8825,0.6580,0.0455,-0.2245,12.68,-23.19,178.7,175.9,1.304,0.172,2.034
1791426935.4837701,0.7006,0.4998,0.6350,0.4302,0.7006,0.6350,0.8030,0.6350,0.5695,0.1966,0.1966,0.6350,0.5695,0.0082,0.0164,0.0574,0.0410,0.8370,0.8735,0.6600,0.0365,-0.2135,12.31,-22.81,179.2,175.4,1.362,0.176,
1791426935.5175085,0.8030,0.8030,0.7538,0.7006,0.4998,0.4998,0.6350,0.5695,0.5695,0.1966,0.3646,0.6350,0.4998,0.0123,0.0369,0.0123,0.0205,0.8370,0.8765,,0.0395,,12.31,-22.80,179.0,175.6,1.291,0.177,1.993
1791426935.5506814,0.6350,0.7006,0.8030,0.5695,0.3646,0.7006,0.7538,0.5695,0.6350,0.6350,0.1229,0.7006,0.5695,0.0246,0.0410,0.0737,0.0574,0.8370,0.8760,0.6620,0.0390,-0.2140,12.29,-22.88,179.1,177.0,1.248,0.177,2.032
1791426935.5919685,0.8030,0.7538,0.4998,0.3646,0.4998,0.6350,0.5695,0.7538,0.4998,0.5695,0.3646,0.7006,0.5695,0.0082,0.0369,0.0369,0.0205,0.8370,0.8745,0.6650,0.0375,-0.2095,12.22,-22.89,179.2,177.4,1.237,0.177,2.012
1791426935.6239007,0.7006,0.7538,0.4302,0.5695,0.7006,0.5695,0.7538,0.5695,0.5695,0.4998,0.2991,0.7006,0.4998,0.0246,0.0123,0.0410,0.0205,0.8370,0.8725,,0.0355,,12.03,-23.06,179.0,177.4,1.197,0.178,1.999
1791426935.656048,0.7538,0.7006,0.5695,0.4998,0.7538,0.8440,0.5695,0.7538,0.5695,0.1966,0.1966,0.6350,0.5695,0.0123,0.0369,0.0205,0.0369,0.8370,0.8765,0.6640,0.0395,-0.2125,12.05,-23.03,178.7,178.0,1.257,0.179,
1791426935.688137,0.8030,0.8030,0.7006,0.5695,0.4998,0.6350,0.8030,0.7006,0.4998,0.7006,0.4998,0.7006,0.5695,0.0164,0.0205,0.0410,0.0410,0.8370,0.8760,0.6600,0.0390,-0.2160,12.19,-23.11,178.1,177.3,1.246,0.177,2.007
1791426935.718968,0.7006,0.7006,0.5695,0.6350,0.4998,0.6350,0.7538,0.5695,0.5695,0.2458,0.1557,0.6350,0.5695,0.0205,0.0246,0.0410,0.0369,0.8370,0.8745,0.6610,0.0375,-0.2135,12.09,-22.96,178.0,176.8,1.296,0.178,
1791426935.7508936,0.5695,0.6350,0.4998,0.4302,0.4302,0.6350,0.7006,0.7538,0.5695,0.7006,0.0942,0.6350,0.5695,0.0410,0.0369,0.0410,0.0369,0.8370,0.8635,0.6620,0.0265,-0.2015,11.20,-22.73,178.0,178.6,1.262,0.181,2.076
1791426935.7839684,0.5695,0.7006,0.5695,0.5695,0.3646,0.7538,0.8030,0.4998,0.7006,0.7006,0.1557,0.6350,0.4998,0.0246,0.0123,0.0574,0.0942,0.8370,0.8655,,0.0285,,10.70,-22.81,178.0,178.9,1.190,0.182,1.968
1791426935.817045,0.6350,0.5695,0.6350,0.5695,0.4302,0.7538,0.4998,0.6350,0.7006,0.7538,0.2991,0.6350,0.6350,0.0205,0.0369,0.0246,0.0369,0.8370,0.8745,0.6580,0.0375,-0.2165,11.03,-22.91,178.1,178.5,1.257,0.180,1.961
1791426935.8500206,0.7006,0.8440,0.6350,0.4998,0.4302,0.8030,0.7538,0.7538,0.4302,0.7538,0.1966,0.4302,0.2991,0.0082,0.0369,0.0369,0.0246,0.8370,0.8750,,0.0380,,11.22,-22.90,177.9,178.7,,0.179,2.071
1791426935.8838842,0.5695,0.7006,0.4302,0.5695,0.4302,0.6350,0.6350,0.5695,0.7006,0.5695,0.1966,0.7538,0.4302,0.0082,0.0082,0.0123,0.0205,0.8390,0.8740,,0.0350,,11.22,-22.91,178.3,178.5,1.257,0.179,1.992
1791426935.9244828,0.7006,0.8030,0.6350,0.4998,0.6350,0.7006,0.7538,0.6350,0.5695,0.4302,0.1229,0.7006,0.5695,0.0205,0.0164,0.0369,0.0369,0.8370,0.8900,0.6580,0.0530,-0.2320,12.31,-22.94,178.3,177.4,1.362,0.179,2.110
1791426935.9558337,0.5695,0.4998,0.7006,0.3646,0.3646,0.8030,0.7006,0.5695,0.7538,0.2991,0.2458,0.6350,0.5695,0.0164,0.0246,0.0123,0.0369,0.8380,0.8745,0.6620,0.0365,-0.2125,12.13,-22.83,178.4,177.1,1.290,0.179,
1791426935.9873214,0.6350,0.7538,0.6350,0.4998,0.7006,0.7006,0.7006,0.7538,0.7006,0.7006,0.2991,0.6350,0.5695,0.0123,0.0082,0.0246,0.0369,0.8370,0.8795,0.6620,0.0425,-0.2175,12.38,-22.80,178.4,176.3,1.302,0.179,2.056
1791426936.0192757,0.7538,0.6350,0.5695,0.7006,0.5695,0.6350,0.8030,0.5695,0.7006,0.7006,0.4302,0.6350,0.5695,0.0082,0.0205,0.0574,0.0369,0.8370,0.8745,0.6630,0.0375,-0.2115,12.00,-22.51,178.0,175.8,1.349,0.183,2.139
1791426936.0513992,0.7538,0.5695,0.6350,0.7006,0.5695,0.8030,0.7006,0.6350,0.6350,0.7538,0.3646,0.6350,0.5695,0.0082,0.0205,0.0369,0.0369,0.8370,0.8695,0.6600,0.0325,-0.2095,11.64,-22.60,178.1,175.8,1.235,0.183,1.997
1791426936.0839124,0.6350,0.7006,0.4302,0.4998,0.6350,0.7538,0.7006,0.7538,0.6350,0.5695,0.4302,0.5695,0.5695,0.0123,0.0246,0.0369,0.0123,0.8370,0.8760,0.6600,0.0390,-0.2160,11.82,-22.86,178.2,176.2,1.217,0.181,1.944
1791426936.1181827,0.8030,0.8030,0.7006,0.7006,0.4998,0.6350,0.7006,0.3646,0.6350,0.7538,0.4998,0.7006,0.5695,0.0123,0.0410,0.0369,0.0369,0.8370,0.8775,0.6660,0.0405,-0.2115,12.08,-23.07,178.2,177.2,1.190,0.180,1.941
1791426936.1512077,0.7538,0.7538,0.8030,0.5695,0.5695,0.7538,0.6350,0.7538,0.5695,0.6350,0.1966,0.6350,0.5695,0.0123,0.0164,0.0369,0.0246,0.8370,0.8730,0.6590,0.0360,-0.2140,11.87,-23.00,178.5,177.7,1.276,0.180,2.034
1791426936.1850805,0.4998,0.7538,0.4302,0.5695,0.5695,0.8030,0.7006,0.5695,0.4302,0.6350,0.1966,0.3646,0.4998,0.0082,0.0246,0.0369,0.0123,0.8380,0.8680,,0.0300,,11.38,-22.91,178.8,177.4,1.245,0.181,2.048
1791426936.22604,0.7006,0.7006,0.7006,0.4302,0.4302,0.7538,0.6350,0.7006,0.4998,0.5695,0.1966,0.7006,0.5695,0.0082,0.0246,0.0369,0.0164,0.8370,0.8755,0.6610,0.0385,-0.2145,11.56,-22.82,178.3,178.4,1.296,0.180,2.046
1791426936.256282,0.6350,0.6350,0.5695,0.4998,0.5695,0.4302,0.7538,0.6350,0.7006,0.7006,0.3646,0.5695,0.4998,0.0205,0.0246,0.0410,0.0574,0.8370,0.8685,,0.0315,,11.31,-22.79,178.9,178.1,1.240,0.179,1.883
1791426936.2880917,0.5695,0.8030,0.5695,0.2991,0.5695,0.4302,0.5695,0.4998,0.5695,0.7538,0.2458,0.5695,0.5695,0.0123,0.0369,0.0410,0.0164,0.8400,0.8805,0.6620,0.0405,-0.2185,11.53,-22.76,178.4,179.3,1.311,0.180,2.127
1791426936.3192067,0.4998,0.7006,0.3646,0.5695,0.4302,0.4998,0.5695,0.5695,0.4302,0.7538,0.0737,0.7006,0.4998,0.0164,0.0123,0.0410,0.0164,0.8370,0.8785,,0.0415,,12.06,-23.20,178.0,179.9,1.157,0.176,1.836
1791426936.3505106,0.5695,0.6350,0.4998,0.5695,0.6350,0.5695,0.8030,0.5695,0.5695,0.6350,0.4302,0.6350,0.5695,0.0205,0.0246,0.0246,0.0410,0.8370,0.8835,0.6620,0.0465,-0.2215,12.67,-23.32,177.5,179.0,1.257,0.175,1.999
1791426936.383818,0.8440,0.6350,0.5695,0.5695,0.5695,0.5695,0.7006,0.5695,0.4998,0.5695,0.3646,0.7006,0.5695,0.0123,0.0369,0.0369,0.0369,0.8370,0.8755,0.6680,0.0385,-0.2075,12.44,-23.14,177.9,177.7,1.256,0.178,2.052
1791426936.4182284,0.7538,0.7538,0.6350,0.4998,0.7006,0.5695,0.8030,0.6350,0.6350,0.2458,0.4998,0.5695,0.5695,0.0246,0.0123,0.0369,0.0369,0.8370,0.8745,0.6660,0.0375,-0.2085,12.44,-23.16,178.2,176.4,1.213,0.176,1.877
1791426936.450756,0.7538,0.6350,0.8767,0.5695,0.5695,0.5695,0.8030,0.6350,0.6350,0.7538,0.0942,0.5695,0.5695,0.0205,0.0082,0.0246,0.0164,0.8370,0.8735,0.6610,0.0365,-0.2125,12.01,-22.85,178.6,177.6,1.338,0.181,2.177
1791426936.4840448,0.7006,0.5695,0.5695,0.5695,0.3646,0.4302,0.7006,0.4998,0.6350,0.7538,0.2458,0.5695,0.4998,0.0205,0.0369,0.0369,0.0369,0.8370,0.8760,,0.0390,,12.08,-22.72,178.6,177.4,1.305,0.180,2.083
1791426936.5260851,0.8767,0.8767,0.4998,0.6350,0.3646,0.6350,0.7006,0.4302,0.6350,0.6350,0.4302,0.6350,0.4998,0.0082,0.0123,0.0369,0.0369,0.8370,0.8805,,0.0435,,12.22,-22.37,178.8,177.2,1.409,0.182,2.164
1791426936.556478,0.5695,0.7006,0.7006,0.5695,0.5695,0.6350,0.7538,0.7006,0.6350,0.5695,0.1557,0.6350,0.4998,0.0164,0.0369,0.0164,0.0164,0.8370,0.8810,,0.0440,,12.60,-22.39,178.5,177.4,1.318,0.181,2.049
1791426936.5879602,0.6350,0.5695,0.5695,0.6350,0.4302,0.7006,0.8030,0.6350,0.4302,0.6350,0.2991,0.6350,0.5695,0.0082,0.0369,0.0369,0.0574,0.8370,0.8765,0.6640,0.0395,-0.2125,12.54,-22.41,178.4,177.2,1.285,0.181,2.087
1791426936.6201847,0.6350,0.8030,0.4998,0.6350,0.5695,0.5695,0.7538,0.6350,0.4302,0.7006,0.1557,0.5695,0.5695,0.0164,0.0205,0.0123,0.0369,0.8370,0.8815,0.6590,0.0445,-0.2225,12.95,-22.68,178.0,176.9,1.263,0.179,1.976
1791426936.6516101,0.7006,0.7006,0.7006,0.4302,0.5695,0.4998,0.7538,0.4998,0.3646,0.6350,0.2458,0.5695,0.4998,0.0123,0.0246,0.0369,0.0410,0.8370,0.8770,,0.0400,,12.81,-22.88,178.0,177.3,1.221,0.180,1.998
1791426936.6842144,0.4998,0.6350,0.6350,0.5695,0.5695,0.6350,0.7538,0.4302,0.6350,0.5695,0.1557,0.6350,0.6350,0.0246,0.0369,0.0246,0.0369,0.8370,0.8790,0.6650,0.0420,-0.2140,13.08,-23.00,177.9,177.3,1.229,0.177,1.955
1791426936.7186103,0.6350,0.7006,0.4302,0.4998,0.6350,0.5695,0.7006,0.5695,0.6350,0.6350,0.2458,0.5695,0.5695,0.0082,0.0205,0.0574,0.0164,0.8400,0.8720,0.6630,0.0320,-0.2090,12.46,-22.88,177.9,177.7,1.268,0.178,2.085
1791426936.7509294,0.7538,0.4998,0.5695,0.4998,0.4302,0.7006,0.6350,0.5695,0.7006,0.3646,0.1229,0.7006,0.4998,0.0082,0.0205,0.0369,0.0410,0.8370,0.8780,,0.0410,,12.68,-23.23,178.1,178.1,1.169,0.176,1.906
1791426936.7847717,0.6350,0.6350,0.4998,0.5695,0.5695,0.5695,0.8767,0.7538,0.7006,0.7538,0.3646,0.5695,0.6350,0.0123,0.0205,0.0369,0.0205,0.8370,0.8890,0.6630,0.0520,-0.2260,13.43,-23.28,177.8,178.2,1.302,0.176,1.984
1791426936.8250647,0.5695,0.5695,0.7006,0.4302,0.5695,0.5695,0.7006,0.6350,0.4302,0.5695,0.2458,0.6350,0.5695,0.0164,0.0369,0.0123,0.0410,0.8380,0.8715,0.6600,0.0335,-0.2115,12.97,-23.39,178.1,177.8,1.194,0.175,1.897
1791426936.8579626,0.5695,0.7006,0.5695,0.4302,0.4998,0.7006,0.7538,0.6350,0.4998,0.7006,0.3646,0.6350,0.4302,0.0369,0.0369,0.0410,0.0369,0.8370,0.8785,,0.0415,,12.88,-23.40,178.6,177.4,1.248,0.178,1.999
1791426936.8896194,0.7006,0.7538,0.6350,0.4998,0.4998,0.7538,0.4998,0.6350,0.4302,0.7538,0.2991,0.6350,0.6350,0.0246,0.0205,0.0369,0.0942,0.8370,0.8795,0.6640,0.0425,-0.2155,13.01,-23.45,178.8,176.9,1.230,0.177,1.971
1791426936.9213834,0.7538,0.7538,0.4998,0.7006,0.5695,0.6350,0.6350,0.7538,0.4998,0.7006,0.2458,0.7538,0.6350,0.0123,0.0123,0.0164,0.0369,0.8370,0.8725,0.6560,0.0355,-0.2165,12.60,-23.40,179.1,176.6,1.262,0.178,1.973
1791426936.9523134,0.8030,0.6350,0.4998,0.7006,0.4302,0.6350,0.8440,0.5695,0.5695,0.7006,0.2458,0.5695,0.4998,0.0123,0.0082,0.0410,0.0574,0.8370,0.8725,,0.0355,,12.33,-23.35,178.8,176.7,1.234,0.178,2.005
1791426936.9851496,0.7538,0.4998,0.3646,0.4998,0.4998,0.4998,0.7538,0.7006,0.4998,0.3646,0.3646,0.3646,0.4998,0.0123,0.0246,0.0410,0.0574,0.8370,0.8805,,0.0435,,12.83,-23.82,178.2,176.3,1.132,0.175,1.865
1791426937.018905,0.7538,0.7538,0.7006,0.5695,0.3646,0.5695,0.6350,0.7538,0.4998,0.5695,0.1557,0.7006,0.5695,0.0082,0.0246,0.0164,0.0164,0.8370,0.8720,0.6630,0.0350,-0.2090,12.67,-24.24,178.0,175.7,1.065,0.173,1.733
1791426937.052316,0.6350,0.8030,0.5695,0.4302,0.4998,0.5695,0.6350,0.4998,0.4302,0.5695,0.3646,0.4998,0.5695,0.0082,0.0369,0.0369,0.0164,0.8400,0.8695,,0.0295,,11.88,-23.83,177.8,175.7,1.268,0.176,2.041
1791426937.0851405,0.7538,0.5695,0.7006,0.5695,0.5695,0.6350,0.7006,0.6350,0.5695,0.1966,0.3646,0.6350,0.6350,0.0123,0.0205,0.0369,0.0246,0.8370,0.8620,0.6600,0.0250,-0.2020,10.99,-23.54,178.7,175.4,1.227,0.178,1.960
1791426937.1184776,0.6350,0.8030,0.4998,0.5695,0.4998,0.5695,0.6350,0.4998,0.7006,0.5695,0.2458,0.5695,0.5695,0.0246,0.0205,0.0410,0.0574,0.8390,0.8785,0.6670,0.0395,-0.2115,11.36,-23.42,178.5,175.6,1.248,0.177,2.010
1791426937.1513314,0.6350,0.6350,0.6350,0.4998,0.5695,0.7006,0.8440,0.4302,0.5695,0.8440,0.2458,0.5695,0.5695,0.0205,0.0205,0.0410,0.0369,0.8370,0.8765,0.6600,0.0395,-0.2165,11.68,-23.70,178.2,175.5,1.168,0.176,1.910
1791426937.1908197,0.8440,0.7538,0.5695,0.4302,0.4302,0.6350,0.7006,0.4998,0.6350,0.7006,0.4998,0.6350,0.6350,0.0082,0.0246,0.0574,0.0369,0.8370,0.8765,0.6610,0.0395,-0.2155,11.83,-23.74,178.2,175.8,1.218,0.177,1.908
1791426937.2236884,0.8767,0.7538,0.5695,0.6350,0.3646,0.5695,0.7538,0.7006,0.5695,0.7006,0.3646,0.6350,0.6350,0.0164,0.0246,0.0737,0.0205,0.8400,0.8765,0.6680,0.0365,-0.2085,11.88,-23.91,178.1,176.0,1.137,0.175,1.837
1791426937.253924,0.7538,0.7538,0.5695,0.4998,0.6350,0.4998,0.6350,0.5695,0.6350,0.7006,0.2991,0.6350,0.6350,0.0123,0.0123,0.0369,0.0164,0.8370,0.8735,0.6590,0.0365,-0.2145,11.90,-23.74,178.3,175.7,1.257,0.175,1.988
1791426937.2858422,0.7538,0.7006,0.4998,0.4302,0.6350,0.7006,0.7538,0.7006,0.7538,0.6350,0.3646,0.5695,0.5695,0.0205,0.0246,0.0737,0.0410,0.8370,0.8725,0.6640,0.0355,-0.2085,11.75,-23.52,178.7,175.3,1.248,0.176,1.999
1791426937.3186443,0.8030,0.6350,0.6350,0.4998,0.5695,0.4998,0.6350,0.5695,0.6350,0.7006,0.4302,0.7006,0.5695,0.0082,0.0205,0.0410,0.0369,0.8370,0.8685,0.6620,0.0315,-0.2065,11.27,-23.39,179.1,175.1,1.224,0.178,1.952
1791426937.3519788,0.7006,0.4998,0.5695,0.5695,0.4998,0.7538,0.7006,0.4998,0.5695,0.4998,0.2458,0.6350,0.5695,0.0123,0.0246,0.0369,0.0205,0.8370,0.8745,0.6580,0.0375,-0.2165,11.46,-23.47,178.8,175.7,1.228,0.177,1.968
1791426937.3855312,0.8440,0.7538,0.4998,0.4302,0.4302,0.5695,0.7006,0.7006,0.5695,0.6350,0.1557,0.5695,0.5695,0.0082,0.0123,0.0369,0.0246,0.8390,0.8755,0.6610,0.0365,-0.2145,11.60,-23.52,179.0,175.3,1.221,0.176,1.922
1791426937.4189408,0.7538,0.7006,0.3646,0.4998,0.4998,0.8030,0.6350,0.6350,0.7538,0.6350,0.4998,0.6350,0.5695,0.0123,0.0246,0.0164,0.0369,0.8370,0.8775,0.6630,0.0405,-0.2145,11.86,-23.39,178.3,175.6,1.270,0.176,2.061
1791426937.4528835,0.6350,0.6350,0.5695,0.5695,0.5695,0.7006,0.8767,0.4998,0.7538,0.6350,0.3646,0.6350,0.6350,0.0123,0.0369,0.0574,0.0164,0.8400,0.8775,0.6570,0.0375,-0.2205,11.96,-23.69,177.7,174.8,1.188,0.175,1.884
1791426937.4925349,0.8030,0.4998,0.4302,0.6350,0.5695,0.5695,0.6350,0.6350,0.4998,0.4998,0.4998,0.6350,0.6350,0.0082,0.0082,0.0574,0.0410,0.8370,0.8705,0.6580,0.0335,-0.2125,11.59,-23.50,178.3,175.4,1.265,0.177,1.989
1791426937.524692,0.8030,0.7006,0.5695,0.4998,0.7006,0.7006,0.7006,0.5695,0.6350,0.7006,0.4998,0.6350,0.5695,0.0082,0.0246,0.0205,0.0369,0.8400,0.8775,0.6620,0.0375,-0.2155,11.68,-23.18,178.1,175.3,1.334,0.177,2.103
1791426937.5555546,0.6350,0.7006,0.5695,0.5695,0.4998,0.4998,0.7538,0.4998,0.5695,0.7006,0.3646,0.4302,0.4302,0.0082,0.0082,0.0164,0.0123,0.8370,0.8795,,0.0425,,11.92,-23.13,177.9,175.2,1.294,0.179,2.111
1791426937.5865164,0.5695,0.6350,0.4998,0.6350,0.5695,0.6350,0.5695,0.8440,0.7538,0.4998,0.2991,0.5695,0.5695,0.0082,0.0205,0.0737,0.0205,0.8400,0.8870,0.6630,0.0470,-0.2240,12.53,-23.11,177.8,176.1,1.317,0.178,2.127
1791426937.6186023,0.4998,0.7538,0.6350,0.6350,0.4302,0.7006,0.7006,0.7538,0.5695,0.2991,0.4998,0.7006,0.5695,0.0082,0.0246,0.0369,0.0205,0.8370,0.8765,0.6620,0.0395,-0.2145,12.62,-23.40,177.6,176.4,1.168,0.177,1.834
1791426937.6523852,0.7006,0.7538,0.4998,0.5695,0.4998,0.6350,0.7006,0.4302,0.7006,0.6350,0.4302,0.7006,0.6350,0.0123,0.0123,0.0164,0.0369,0.8370,0.8690,0.6560,0.0320,-0.2130,12.26,-23.36,177.9,176.4,1.242,0.175,1.934
1791426937.686027,0.5695,0.4998,0.6350,0.4998,0.4998,0.7006,0.8030,0.4998,0.5695,0.5695,0.2991,0.6350,0.4998,0.0082,0.0246,0.0410,0.0369,0.8370,0.8765,,0.0395,,12.31,-23.35,178.2,175.9,1.257,0.176,1.977
1791426937.7191448,0.7006,0.8440,0.5695,0.6350,0.5695,0.4302,0.8030,0.7006,0.7006,0.7538,0.3646,0.5695,0.7006,0.0205,0.0082,0.0737,0.0205,0.8370,0.8705,0.6600,0.0335,-0.2105,11.73,-22.87,178.3,175.6,1.365,0.180,2.190
1791426937.7527423,0.4998,0.6350,0.3646,0.5695,0.4998,0.4302,0.8030,0.7006,0.4998,0.7538,0.4998,0.5695,0.5695,0.0205,0.0246,0.0369,0.0369,0.8360,0.8745,0.6570,0.0385,-0.2175,12.00,-23.21,177.9,176.3,1.183,0.177,1.878
1791426937.793407,0.4998,0.4998,0.7006,0.4998,0.6350,0.6350,0.8030,0.5695,0.5695,0.6350,0.3646,0.7006,0.6350,0.0082,0.0123,0.0369,0.0410,0.8370,0.8710,0.6610,0.0340,-0.2100,11.66,-22.98,178.2,176.3,1.295,0.179,2.048
1791426937.824363,0.7006,0.7006,0.4302,0.4998,0.5695,0.5695,0.6350,0.6350,0.6350,0.6350,0.4302,0.7006,0.5695,0.0205,0.0123,0.0410,0.0574,0.8370,0.8840,0.6580,0.0470,-0.2260,12.54,-23.23,178.1,176.3,1.254,0.175,1.909
1791426937.8578134,0.7538,0.6350,0.4998,0.4998,0.4998,0.5695,0.6350,0.5695,0.7006,0.1966,0.1557,0.6350,0.6350,0.0164,0.0123,0.0369,0.0410,0.8370,0.8765,0.6590,0.0395,-0.2175,12.78,-23.51,178.1,175.9,1.183,0.172,
1791426937.8869715,0.6350,0.6350,0.7006,0.6350,0.4998,0.7006,0.7538,0.4302,0.7006,0.2458,0.4302,0.6350,0.6350,0.0164,0.0205,0.0574,0.0369,0.8370,0.8815,0.6660,0.0445,-0.2155,13.19,-23.52,178.0,176.7,1.235,0.171,2.056
1791426937.920485,0.8030,0.4998,0.5695,0.7538,0.6350,0.7538,0.7006,0.6350,0.7006,0.7006,0.4302,0.5695,0.5695,0.0123,0.0205,0.0410,0.0205,0.8360,0.8790,0.6580,0.0430,-0.2210,13.41,-23.66,177.8,177.1,1.228,0.171,1.927
1791426937.9525623,0.3646,0.6350,0.6350,0.7006,0.5695,0.6350,0.7538,0.6350,0.7006,0.7006,0.2991,0.7006,0.5695,0.0082,0.0123,0.0410,0.0369,0.8390,0.8660,0.6560,0.0270,-0.2100,12.13,-23.15,178.4,177.3,1.349,0.177,2.160
1791426937.9863267,0.8030,0.7006,0.7006,0.4998,0.4998,0.7538,0.5695,0.2458,0.6350,0.7538,0.4302,0.5695,0.6350,0.0205,0.0205,0.0410,0.0205,0.8360,0.8600,0.6600,0.0240,-0.2000,11.09,-22.90,178.5,176.8,1.246,0.179,2.040
1791426938.0196836,0.5695,0.4998,0.4998,0.5695,0.4998,0.7538,0.8440,0.4998,0.4998,0.8030,0.1557,0.4998,0.5695,0.0369,0.0369,0.0574,0.0574,0.8370,0.8730,,0.0360,,11.19,-22.90,178.4,177.1,1.265,0.179,2.004
1791426938.0531676,0.8030,0.7538,0.7006,0.6350,0.6350,0.6350,0.7006,0.7538,0.7006,0.8030,0.2991,0.7006,0.6350,0.0123,0.0410,0.0246,0.0574,0.8370,0.8820,0.6650,0.0450,-0.2170,12.00,-23.12,178.5,177.0,1.217,0.175,1.930
1791426938.0936596,0.7006,0.5695,0.4998,0.4302,0.3646,0.7538,0.5695,0.5695,0.6350,0.7538,0.1557,0.6350,0.6350,0.0123,0.0205,0.0369,0.0246,0.8360,0.8760,0.6580,0.0400,-0.2180,12.05,-23.08,178.7,176.9,1.287,0.177,2.037
1791426938.1262999,0.8030,0.5695,0.6350,0.5695,0.5695,0.8030,0.7006,0.5695,0.7538,0.6350,0.4998,0.6350,0.6350,0.0205,0.0246,0.0574,0.0737,0.8360,0.8805,0.6620,0.0445,-0.2185,12.60,-23.18,178.4,176.2,1.252,0.175,1.956
1791426938.1574023,0.6350,0.5695,0.5695,0.4998,0.4998,0.7006,0.6350,0.7006,0.6350,0.6350,0.4998,0.6350,0.6350,0.0082,0.0205,0.0369,0.0410,0.8370,0.8780,0.6600,0.0410,-0.2180,12.83,-23.29,178.1,175.9,1.239,0.173,1.964
1791426938.1896553,0.8767,0.6350,0.6350,0.4302,0.6350,0.7538,0.8030,0.4302,0.6350,0.5695,0.4302,0.6350,0.5695,0.0123,0.0205,0.0369,0.0205,0.8370,0.8855,0.6600,0.0485,-0.2255,13.32,-23.28,177.6,175.3,1.313,0.175,2.071
1791426938.220408,0.7538,0.8030,0.4998,0.5695,0.6350,0.7006,0.6350,0.7538,0.5695,0.6350,0.2458,0.6350,0.6350,0.0246,0.0123,0.0369,0.0205,0.8370,0.8720,0.6620,0.0350,-0.2100,12.98,-23.34,177.8,175.8,1.201,0.174,1.928
1791426938.2538114,0.6350,0.4998,0.4302,0.6350,0.4998,0.8030,0.7006,0.6350,0.7538,0.5695,0.2458,0.6350,0.6350,0.0205,0.0246,0.0369,0.0410,0.8360,0.8770,0.6590,0.0410,-0.2180,13.00,-23.36,177.7,175.8,1.257,0.174,1.992
1791426938.2875788,0.8030,0.4998,0.7538,0.5695,0.4998,0.4998,0.7006,0.4302,0.5695,0.6350,0.4998,0.4998,0.4998,0.0123,0.0205,0.0574,0.0574,0.8370,0.8915,,0.0545,,13.89,-23.37,177.2,175.6,1.336,0.174,2.080
1791426938.31964,0.6350,0.7538,0.6350,0.4998,0.6350,0.6350,0.5695,0.6350,0.6350,0.8030,0.0942,0.6350,0.5695,0.0164,0.0082,0.0123,0.0369,0.8360,0.8730,0.6560,0.0370,-0.2170,13.53,-23.58,176.6,175.3,1.194,0.174,1.902
1791426938.3531811,0.7538,0.7538,0.7006,0.4998,0.5695,0.5695,0.4998,0.6350,0.5695,0.7006,0.3646,0.4998,0.6350,0.0123,0.0164,0.0410,0.0410,0.8370,0.8795,,0.0425,,13.63,-23.74,177.4,175.5,1.211,0.173,1.920
1791426938.3868768,0.4302,0.4302,0.6350,0.4998,0.5695,0.5695,0.7006,0.9054,0.7538,0.7538,0.4302,0.5695,0.5695,0.0082,0.0082,0.0369,0.0369,0.8390,0.8775,0.6570,0.0385,-0.2205,13.51,-23.61,177.5,175.3,1.293,0.172,1.972
1791426938.4264066,0.6350,0.5695,0.5695,0.5695,0.4302,0.7006,0.7538,0.6350,0.7538,0.6350,0.3646,0.6350,0.5695,0.0123,0.0246,0.0410,0.0410,0.8370,0.8840,0.6630,0.0470,-0.2210,13.92,-23.59,177.4,175.2,1.270,0.171,2.018
1791426938.4580216,0.6350,0.8030,0.7538,0.4998,0.5695,0.6350,0.7538,0.4998,0.6350,0.7006,0.4302,0.6350,0.4998,0.0205,0.0164,0.0246,0.0123,0.8370,0.8790,,0.0420,,14.02,-23.56,177.6,175.4,1.263,0.170,1.971
1791426938.4882278,0.6350,0.7006,0.5695,0.6350,0.6350,0.4302,0.6350,0.6350,0.6350,0.5695,0.2991,0.6350,0.5695,0.0123,0.0369,0.0574,0.0410,0.8370,0.8680,0.6620,0.0310,-0.2060,13.26,-23.40,177.9,175.8,1.228,0.170,1.976
1791426938.5202022,0.7538,0.4998,0.6350,0.6350,0.5695,0.7006,0.8440,0.7538,0.6350,0.7006,0.3646,0.6350,0.6350,0.0123,0.0123,0.0574,0.0369,0.8370,0.8775,0.6600,0.0405,-0.2175,13.35,-23.34,177.8,176.7,1.276,0.169,1.989
1791426938.5542092,0.8767,0.7006,0.4302,0.6350,0.4998,0.7006,0.7538,0.7006,0.7538,0.5695,0.1966,0.3646,0.4302,0.0164,0.0246,0.0410,0.0369,0.8370,0.8750,,0.0380,,13.46,-23.72,177.7,177.1,1.131,0.166,1.773
1791426938.5876806,0.7538,0.7538,0.7538,0.6350,0.5695,0.7006,0.7006,0.6350,0.5695,0.7538,0.1966,0.4998,0.4998,0.0205,0.0205,0.0574,0.0737,0.8370,0.8780,,0.0410,,13.62,-23.84,177.9,176.9,1.205,0.165,1.878
1791426938.6205218,0.7538,0.7006,0.7006,0.4998,0.5695,0.4998,0.7538,0.7006,0.6350,0.7538,0.2991,0.5695,0.6350,0.0246,0.0246,0.0942,0.0410,0.8370,0.8825,0.6580,0.0455,-0.2245,14.11,-23.94,177.9,176.7,1.242,0.163,1.889
1791426938.6532624,0.6350,0.5695,0.6350,0.6350,0.4302,0.6350,0.7006,0.5695,0.6350,0.8030,0.1557,0.7006,0.5695,0.0246,0.0246,0.0574,0.0410,0.8370,0.8850,0.6600,0.0480,-0.2250,14.38,-23.78,177.9,176.8,1.313,0.166,2.067
1791426938.6946797,0.7538,0.6350,0.7538,0.5695,0.6350,0.7006,0.7006,0.7006,0.8030,0.7538,0.2991,0.5695,0.3646,0.0369,0.0246,0.0410,0.0246,0.8370,0.8805,,0.0435,,14.47,-23.88,177.9,177.0,1.223,0.165,1.940
1791426938.7272968,0.5695,0.7006,0.4302,0.4998,0.5695,0.6350,0.7538,0.5695,0.7006,0.8030,0.1229,0.7006,0.5695,0.0123,0.0164,0.0942,0.0369,0.8370,0.8780,0.6560,0.0410,-0.2220,14.37,-23.93,178.2,176.6,1.239,0.165,1.913
1791426938.7582633,0.7538,0.5695,0.4998,0.6350,0.5695,0.4302,0.7006,0.5695,0.8030,0.7006,0.2991,0.6350,0.5695,0.0205,0.0205,0.0123,0.0369,0.8370,0.8745,0.6510,0.0375,-0.2235,13.95,-23.88,178.5,176.8,1.274,0.167,1.967
1791426938.7914877,0.8440,0.8440,0.7006,0.7006,0.7006,0.7538,0.7538,0.4302,0.7006,0.1966,0.1557,0.6350,0.5695,0.0123,0.0164,0.0737,0.0410,0.8370,0.8830,0.6580,0.0460,-0.2250,14.28,-23.95,177.8,176.0,1.249,0.166,
1791426938.8219724,0.8030,0.8440,0.5695,0.3646,0.4302,0.6350,0.7006,0.7006,0.4998,0.7538,0.1966,0.6350,0.6350,0.0246,0.0369,0.0574,0.0410,0.8370,0.8735,0.6620,0.0365,-0.2115,13.76,-23.56,177.7,176.2,1.305,0.168,2.105
1791426938.8538048,0.8030,0.5695,0.5695,0.7538,0.4998,0.4998,0.7006,0.7538,0.4302,0.7006,0.1966,0.6350,0.6350,0.0082,0.0369,0.0410,0.0369,0.8370,0.8720,0.6630,0.0350,-0.2090,13.20,-23.30,177.8,175.3,1.279,0.170,2.039
1791426938.8889666,0.6350,0.4998,0.6350,0.5695,0.5695,0.6350,0.7538,0.6350,0.4998,0.2458,0.4302,0.6350,0.5695,0.0082,0.0123,0.0246,0.0205,0.8370,0.8770,0.6640,0.0400,-0.2130,13.38,-23.56,177.6,175.4,1.158,0.168,1.911
1791426938.9211957,0.5695,0.7006,0.4302,0.4302,0.4998,0.7538,0.7006,0.4998,0.6350,0.7006,0.1557,0.7006,0.6350,0.0082,0.0082,0.0369,0.0164,0.8390,0.8835,0.6550,0.0445,-0.2285,13.28,-22.99,177.7,174.9,1.483,0.173,2.315
1791426938.9548795,0.6350,0.6350,0.5695,0.7006,0.4998,0.5695,0.7006,0.8440,0.4998,0.7538,0.2991,0.6350,0.5695,0.0246,0.0369,0.0410,0.0574,0.8390,0.8845,0.6620,0.0455,-0.2225,13.57,-22.96,177.5,174.7,1.322,0.173,2.123
1791426938.9871733,0.8030,0.6350,0.8030,0.5695,0.5695,0.6350,0.2458,0.5695,0.5695,0.7538,0.1229,0.6350,0.5695,0.0082,0.0410,0.0369,0.0369,0.8390,,0.6600,,,13.57,-22.96,177.5,174.7,,,
1791426939.0283942,0.6350,0.6350,0.6350,0.5695,0.4302,0.5695,0.8440,0.7006,0.5695,0.7538,0.1966,0.6350,0.5695,0.0082,0.0369,0.0410,0.0369,0.8370,0.8760,0.6580,0.0390,-0.2180,13.42,-23.04,177.3,175.4,1.263,0.173,1.981
1791426939.0601041,0.8440,0.7006,0.4998,0.5695,0.7006,0.4998,0.7538,0.7538,0.4302,0.6350,0.2458,0.5695,0.5695,0.0082,0.0164,0.0205,0.0369,0.8370,0.8750,0.6630,0.0380,-0.2120,13.09,-22.90,177.8,175.1,1.289,0.174,2.083
1791426939.0916739,0.7538,0.7006,0.5695,0.4998,0.4998,0.4998,0.5695,0.6350,0.5695,0.7006,0.4302,0.6350,0.5695,0.0082,0.0205,0.0410,0.0410,0.8370,0.8805,0.6600,0.0435,-0.2205,13.04,-22.72,177.3,175.5,1.361,0.178,2.126
1791426939.1239076,0.6350,0.6350,0.4302,0.4998,0.4302,0.5695,0.8030,0.6350,0.6350,0.7006,0.1229,0.5695,0.5695,0.0082,0.0123,0.0205,0.0369,0.8370,0.8720,0.6630,0.0350,-0.2090,12.70,-22.89,177.5,175.6,1.196,0.177,1.936
1791426939.1548743,0.8030,0.7006,0.5695,0.7006,0.4998,0.4998,0.7006,0.7538,0.7006,0.5695,0.1966,0.7006,0.5695,0.0246,0.0246,0.0410,0.0369,0.8370,0.8665,0.6610,0.0295,-0.2055,11.85,-22.82,178.1,175.5,1.237,0.180,2.020
1791426939.18865,0.7006,0.4998,0.7006,0.4302,0.5695,0.4998,0.7006,0.4998,0.6350,0.7538,0.3646,0.3646,0.5695,0.0082,0.0082,0.0123,0.0369,0.8370,0.8785,,0.0415,,12.17,-23.09,177.7,175.1,1.212,0.179,1.967
1791426939.221003,0.6350,0.7006,0.5695,0.4998,0.4998,0.5695,0.7006,0.6350,0.4998,0.7538,0.1557,0.7006,0.5695,0.0082,0.0205,0.0123,0.0410,0.8370,0.8690,0.6560,0.0320,-0.2130,11.67,-22.98,178.0,175.7,1.282,0.180,2.026
1791426939.2548456,0.7538,0.7538,0.4998,0.4998,0.6350,0.4998,0.7538,0.7538,0.4302,0.5695,0.3646,0.5695,0.5695,0.0082,0.0246,0.0164,0.0369,0.8370,0.8720,0.6570,0.0350,-0.2150,11.71,-23.11,177.8,175.9,1.228,0.178,1.940
1791426939.2963474,0.7538,0.6350,0.5695,0.5695,0.4302,0.7006,0.7006,0.7006,0.6350,0.2458,0.4302,0.6350,0.6350,0.0123,0.0205,0.1229,0.0246,0.8370,0.8690,0.6560,0.0320,-0.2130,11.41,-23.21,177.9,176.0,1.217,0.178,1.954
1791426939.3286858,0.7538,0.5695,0.7006,0.4998,0.7538,0.7006,0.7538,0.5695,0.5695,0.7006,0.1966,0.6350,0.6350,0.0164,0.0246,0.0205,0.0410,0.8370,0.8835,0.6610,0.0465,-0.2225,12.26,-23.50,177.4,175.9,1.211,0.175,1.920
1791426939.3598144,0.7538,0.6350,0.4998,0.4998,0.5695,0.7006,0.7538,0.7006,0.7006,0.5695,0.4302,0.6350,0.4998,0.0082,0.0082,0.0246,0.0369,0.8370,0.8725,,0.0355,,12.27,-23.67,177.9,176.0,1.178,0.172,1.854
1791426939.391346,0.5695,0.8440,0.5695,0.5695,0.5695,0.7538,0.6350,0.6350,0.7006,0.6350,0.0737,0.4998,0.5695,0.0205,0.0164,0.0246,0.0369,0.8370,0.8720,,0.0350,,12.09,-23.64,178.0,175.9,1.223,0.173,1.960
1791426939.4227805,0.7006,0.6350,0.7006,0.4998,0.7538,0.5695,0.7006,0.6350,0.4998,0.5695,0.4302,0.5695,0.5695,0.0082,0.0246,0.0123,0.0369,0.8370,0.8785,0.6570,0.0415,-0.2215,12.48,-23.81,177.9,176.5,1.216,0.171,1.881
1791426939.4558272,0.7006,0.4998,0.7006,0.7006,0.5695,0.4998,0.7006,0.6350,0.4998,0.6350,0.3646,0.7538,0.4998,0.0123,0.0123,0.0205,0.0369,0.8370,0.8860,,0.0490,,12.96,-23.54,177.6,177.0,1.367,0.174,2.156
1791426939.4875731,0.5695,0.4998,0.7538,0.4998,0.6350,0.5695,0.7006,0.3646,0.6350,0.7006,0.3646,0.4998,0.3646,0.0082,0.0205,0.0246,0.0246,0.8370,0.8675,,0.0305,,12.50,-23.53,178.0,176.8,1.200,0.172,1.925
1791426939.521285,0.7006,0.6350,0.6350,0.2991,0.4998,0.7538,0.5695,0.8767,0.6350,0.7006,0.2991,0.7006,0.5695,0.0082,0.0369,0.0410,0.0164,0.8370,0.8690,0.6600,0.0320,-0.2090,12.01,-23.48,178.0,177.3,1.216,0.174,1.930
1791426939.556049,0.6350,0.4302,0.6350,0.3646,0.3646,0.5695,0.8440,0.6350,0.8030,0.6350,0.4302,0.4302,0.2991,0.0123,0.0205,0.0123,0.0410,0.8370,0.8715,,0.0345,,11.70,-23.59,178.4,177.4,,0.176,1.961
1791426939.596806,0.7538,0.3646,0.4998,0.4302,0.3646,0.4302,0.8030,0.6350,0.4998,0.7538,0.4302,0.7006,0.5695,0.0123,0.0123,0.0410,0.0123,0.8370,0.8770,0.6570,0.0400,-0.2200,11.95,-23.60,178.3,177.5,1.256,0.176,1.950
1791426939.6284552,0.7006,0.5695,0.4302,0.6350,0.4998,0.7538,0.7006,0.5695,0.5695,0.2458,0.2458,0.5695,0.5695,0.0123,0.0164,0.0369,0.0574,0.8370,0.8735,0.6620,0.0365,-0.2115,11.71,-23.17,178.4,178.2,1.338,0.179,
1791426939.660699,0.8030,0.2991,0.7006,0.4302,0.6350,0.7006,0.7006,0.4998,0.7006,0.3646,0.2458,0.5695,0.4998,0.0123,0.0246,0.0246,0.0246,0.8370,0.8765,,0.0395,,11.90,-23.15,178.5,177.2,1.276,0.178,2.009
1791426939.6929717,0.8030,0.7006,0.6350,0.4302,0.4302,0.5695,0.7006,0.4998,0.5695,0.6350,0.3646,0.7006,0.7006,0.0082,0.0369,0.0369,0.0369,0.8370,0.8755,0.6590,0.0385,-0.2165,11.91,-22.91,178.4,177.3,1.339,0.179,2.113
1791426939.7240229,0.8767,0.7538,0.5695,0.5695,0.4998,0.5695,0.6350,0.7006,0.6350,0.8030,0.2991,0.6350,0.5695,0.0082,0.0205,0.0369,0.0246,0.8370,0.8790,0.6680,0.0420,-0.2110,12.30,-23.10,178.1,177.5,1.191,0.177,1.950
1791426939.7556741,0.5695,0.7538,0.7006,0.4998,0.4302,0.7006,0.5695,0.5695,0.5695,0.7538,0.2991,0.7006,0.5695,0.0164,0.0164,0.0123,0.0369,0.8370,0.8775,0.6610,0.0405,-0.2165,12.48,-23.25,178.3,177.6,1.223,0.176,1.930
1791426939.7882142,0.7538,0.5695,0.6350,0.7006,0.5695,0.6350,0.7538,0.6350,0.6350,0.8440,0.1557,0.7006,0.5695,0.0164,0.0164,0.0737,0.0246,0.8370,0.8755,0.6630,0.0385,-0.2125,12.47,-23.29,178.1,177.2,1.224,0.176,1.983
1791426939.8217762,0.5695,0.3646,0.7006,0.2991,0.4998,0.6350,0.8030,0.5695,0.6350,0.7538,0.2458,0.6350,0.5695,0.0123,0.0082,0.0246,0.0205,0.8390,0.8810,0.6630,0.0420,-0.2180,12.59,-23.19,178.5,177.0,1.296,0.177,2.092
1791426939.8561902,0.8030,0.7006,0.7538,0.4302,0.5695,0.7006,0.8440,0.7006,0.8030,0.5695,0.3646,0.4998,0.5695,0.0082,0.0082,0.0410,0.0164,0.8370,0.8755,,0.0385,,12.51,-23.14,178.2,176.0,1.262,0.177,2.020
1791426939.8974884,0.4302,0.7006,0.7006,0.4302,0.4302,0.5695,0.6350,0.6350,0.4998,0.7006,0.1557,0.5695,0.5695,0.0369,0.0123,0.0164,0.0369,0.8370,0.8755,0.6600,0.0385,-0.2155,12.52,-23.27,178.6,176.4,1.223,0.176,1.950
1791426939.9295127,0.8030,0.7006,0.7006,0.4302,0.5695,0.5695,0.6350,0.4998,0.7006,0.5695,0.4302,0.4998,0.5695,0.0082,0.0246,0.0123,0.0205,0.8370,0.8685,,0.0315,,12.04,-23.13,178.9,175.9,1.245,0.176,1.959
1791426939.9610813,0.5695,0.7006,0.7538,0.5695,0.5695,0.7538,0.8440,0.6350,0.7006,0.4302,0.2991,0.5695,0.5695,0.0123,0.0123,0.0410,0.0574,0.8370,0.8740,0.6610,0.0370,-0.2130,11.99,-23.28,179.1,175.9,1.201,0.176,1.930
1791426939.9923375,0.5695,0.8440,0.6350,0.4302,0.4302,0.4998,0.7538,0.6350,0.4998,0.7006,0.3646,0.3646,0.4998,0.0082,0.0369,0.0205,0.0369,0.8370,0.8720,,0.0350,,11.84,-23.36,178.6,176.6,1.202,0.176,1.978
1791426940.0237453,0.7538,0.6350,0.6350,0.7006,0.5695,0.7006,0.6350,0.4302,0.5695,0.8030,0.1557,0.5695,0.5695,0.0164,0.0123,0.0410,0.0164,0.8390,0.8700,0.6590,0.0310,-0.2110,11.29,-23.21,179.1,177.1,1.265,0.179,2.018
1791426940.057147,0.5695,0.7006,0.6350,0.5695,0.7538,0.7006,0.7006,0.5695,0.7006,0.6350,0.3646,0.5695,0.5695,0.0205,0.0123,0.0410,0.0369,0.8390,0.8575,0.6600,0.0185,-0.1975,10.14,-22.97,179.1,176.6,1.222,0.181,1.938
1791426940.0887744,0.5695,0.5695,0.4998,0.5695,0.4998,0.7538,0.8767,0.7006,0.6350,0.8440,0.2991,0.7006,0.5695,0.0082,0.0082,0.0246,0.0369,0.8370,0.8785,0.6590,0.0415,-0.2195,10.66,-22.84,178.6,176.3,1.334,0.182,2.134
1791426940.1230876,0.8440,0.7006,0.6350,0.5695,0.4998,0.6350,0.7006,0.7006,0.5695,0.7538,0.4998,0.8030,0.5695,0.0123,0.0574,0.0369,0.0369,0.8370,0.8725,0.6640,0.0355,-0.2085,10.77,-22.87,178.6,176.3,1.229,0.181,1.951
1791426940.1551337,0.7538,0.7006,0.6350,0.4998,0.4998,0.8440,0.7538,0.9054,0.4998,0.6350,0.3646,0.5695,0.6350,0.0369,0.0205,0.0574,0.0369,0.8370,0.8770,0.6580,0.0400,-0.2190,11.25,-23.18,178.4,176.2,1.205,0.179,1.903
1791426940.1887221,0.7006,0.6350,0.5695,0.5695,0.3646,0.4998,0.8030,0.4998,0.4998,0.7006,0.3646,0.6350,0.4998,0.0082,0.0123,0.0164,0.0205,0.8370,0.8720,,0.0350,,11.40,-23.65,178.2,176.8,1.098,0.176,1.774
1791426940.229478,0.8767,0.7006,0.4998,0.3646,0.6350,0.6350,0.7538,0.6350,0.7006,0.3646,0.4998,0.6350,0.5695,0.0205,0.0082,0.0205,0.0369,0.8370,0.8745,0.6600,0.0375,-0.2145,11.62,-23.83,177.9,176.6,1.173,0.174,1.890
1791426940.2611191,0.5695,0.5695,0.4998,0.3646,0.4302,0.7006,0.8030,0.7538,0.6350,0.6350,0.1229,0.5695,0.5695,0.0123,0.0205,0.0123,0.0369,0.8370,0.8715,0.6560,0.0345,-0.2155,11.34,-23.74,177.9,177.3,1.246,0.177,2.005
1791426940.2922103,0.7538,0.7006,0.4998,0.4302,0.5695,0.7006,0.7006,0.7006,0.5695,0.2991,0.4998,0.6350,0.5695,0.0123,0.0246,0.0574,0.0410,0.8370,0.8720,0.6560,0.0350,-0.2160,11.30,-23.35,177.9,177.5,1.340,0.177,2.152
1791426940.3229766,0.8030,0.7006,0.7538,0.4302,0.4998,0.5695,0.8030,0.5695,0.7006,0.8030,0.2458,0.7006,0.6350,0.0369,0.0082,0.0410,0.0574,0.8370,0.8720,0.6600,0.0350,-0.2120,11.24,-23.21,178.0,176.7,1.270,0.178,2.007
1791426940.3551075,0.4998,0.8440,0.5695,0.4302,0.4302,0.5695,0.8030,0.5695,0.4998,0.8440,0.1229,0.6350,0.5695,0.0164,0.0246,0.0574,0.0410,0.8430,0.8725,0.6630,0.0295,-0.2095,10.93,-23.37,178.3,177.6,1.174,0.177,1.920
1791426940.389504,0.4998,0.7538,0.5695,0.4302,0.4998,0.6350,0.8030,0.5695,0.8030,0.6350,0.2458,0.7538,0.5695,0.0123,0.0082,0.0574,0.0369,0.8370,0.8710,0.6600,0.0340,-0.2110,10.80,-23.07,178.3,177.6,1.311,0.179,2.109
1791426940.423231,0.6350,0.7538,0.5695,0.5695,0.4998,0.8440,0.6350,0.7538,0.6350,0.7538,0.4302,0.7006,0.5695,0.0082,0.0410,0.0164,0.0369,0.8380,0.8755,0.6610,0.0375,-0.2145,10.98,-23.13,178.7,177.0,1.240,0.179,1.973
1791426940.4562001,0.6350,0.5695,0.6350,0.4302,0.4998,0.5695,0.8030,0.5695,0.4998,0.7538,0.2991,0.6350,0.5695,0.0246,0.0205,0.0737,0.0369,0.8370,0.8685,0.6630,0.0315,-0.2055,10.62,-23.02,178.8,176.8,1.237,0.182,2.047
1791426940.48873,0.7538,0.6350,0.7538,0.4302,0.6350,0.7006,0.6350,0.4998,0.5695,0.2991,0.3646,0.6350,0.5695,0.0123,0.0123,0.0369,0.0164,0.8370,0.8745,0.6630,0.0375,-0.2115,10.94,-23.07,179.1,175.9,1.230,0.180,1.925
1791426940.528203,0.4998,0.3646,0.4998,0.6350,0.4302,0.7538,0.7538,0.5695,0.4998,0.6350,0.3646,0.7006,0.5695,0.0123,0.0123,0.0123,0.0164,0.8370,0.8775,0.6570,0.0405,-0.2205,11.42,-23.10,178.9,175.2,1.283,0.178,1.942
1791426940.5605466,0.5695,0.7538,0.5695,0.7006,0.4302,0.7538,0.8030,0.5695,0.7006,0.4302,0.1966,0.6350,0.5695,0.0164,0.0205,0.0369,0.0369,0.8370,0.8725,0.6620,0.0355,-0.2105,11.28,-22.83,178.7,175.1,1.316,0.180,2.137
1791426940.5922024,0.8440,0.4998,0.7006,0.4998,0.4302,0.7006,0.8440,0.6350,0.5695,0.7538,0.2458,0.5695,0.5695,0.0082,0.0123,0.0737,0.0574,0.8370,0.8830,0.6600,0.0460,-0.2230,12.05,-22.99,178.6,174.4,1.276,0.178,1.990
1791426940.6223338,0.7538,0.6350,0.7006,0.6350,0.5695,0.6350,0.6350,0.8440,0.5695,0.8440,0.4998,0.6350,0.5695,0.0123,0.0082,0.0123,0.0246,0.8370,0.8770,0.6650,0.0400,-0.2120,12.24,-23.16,178.4,174.6,1.196,0.177,1.924
1791426940.6560636,0.6350,0.7538,0.7006,0.5695,0.4302,0.5695,0.5695,0.4302,0.6350,0.7006,0.2458,0.6350,0.4998,0.0082,0.0205,0.0410,0.0574,0.8370,0.8740,,0.0370,,12.24,-23.09,178.7,174.2,1.263,0.175,2.031
1791426940.6888669,0.6350,0.5695,0.6350,0.4998,0.2991,0.4998,0.6350,0.4998,0.7538,0.7538,0.1229,0.6350,0.6350,0.0000,0.0164,0.0246,0.0410,0.8410,0.8780,0.6590,0.0370,-0.2190,12.26,-23.08,178.8,175.1,1.287,0.174,1.974
1791426940.7231908,0.7006,0.5695,0.4998,0.5695,0.5695,0.5695,0.6350,0.6350,0.4302,0.5695,0.4998,0.7006,0.5695,0.0164,0.0205,0.0369,0.0369,0.8370,0.8860,0.6590,0.0490,-0.2270,13.01,-23.23,178.4,174.8,1.287,0.173,1.993
1791426940.7559457,0.5695,0.6350,0.6350,0.4998,0.6350,0.4998,0.8030,0.5695,0.7006,0.8440,0.2458,0.7006,0.6350,0.0246,0.0410,0.0737,0.0574,0.8370,0.8750,0.6630,0.0380,-0.2120,12.95,-23.15,178.3,174.8,1.259,0.173,1.987
1791426940.7893074,0.5695,0.8030,0.6350,0.4302,0.4998,0.6350,0.6350,0.6350,0.4998,0.8440,0.1229,0.6350,0.6350,0.0082,0.0164,0.0737,0.0410,0.8370,0.8755,0.6570,0.0385,-0.2185,13.01,-23.56,177.9,175.4,1.152,0.171,1.797
1791426940.8298583,0.8030,0.7538,0.5695,0.6350,0.6350,0.7538,0.8030,0.6350,0.5695,0.6350,0.2991,0.5695,0.5695,0.0164,0.0082,0.0410,0.0164,0.8370,0.8770,0.6610,0.0400,-0.2160,13.05,-23.80,177.8,175.5,1.168,0.171,1.881
1791426940.8621125,0.7006,0.6350,0.5695,0.4302,0.3646,0.8030,0.8030,0.7538,0.4998,0.3646,0.4998,0.6350,0.5695,0.0123,0.0082,0.0574,0.0574,0.8370,0.8750,0.6590,0.0380,-0.2160,12.93,-23.50,178.9,175.1,1.312,0.171,2.036
1791426940.8936646,0.7006,0.6350,0.4998,0.4302,0.4302,0.4998,0.8030,0.3646,0.5695,0.6350,0.2458,0.6350,0.5695,0.0164,0.0246,0.0574,0.0574,0.8380,0.8830,0.6580,0.0450,-0.2250,13.45,-23.83,179.1,175.3,1.199,0.169,1.875
1791426940.925077,0.5695,0.5695,0.6350,0.8767,0.6350,0.5695,0.8030,0.6350,0.7006,0.7538,0.2991,0.6350,0.5695,0.0246,0.0246,0.0246,0.0369,0.8400,0.8695,0.6620,0.0295,-0.2075,12.43,-23.40,179.4,174.6,1.299,0.173,2.107
1791426940.9567986,0.6350,0.8030,0.3646,0.7006,0.5695,0.6350,0.7538,0.7006,0.7006,0.5695,0.2991,0.6350,0.5695,0.0369,0.0246,0.0369,0.0574,0.8370,0.8725,0.6620,0.0355,-0.2105,12.38,-23.57,179.0,175.1,1.166,0.172,1.849
1791426940.9897332,0.3646,0.6350,0.4302,0.5695,0.2991,0.6350,0.7006,0.5695,0.4998,0.5695,0.4302,0.6350,0.5695,0.0164,0.0369,0.0369,0.0369,0.8370,0.8760,0.6570,0.0390,-0.2190,12.45,-23.45,178.9,174.8,1.292,0.172,2.026
1791426941.0234783,0.5695,0.6350,0.6350,0.4998,0.5695,0.7006,0.5695,0.5695,0.7006,0.8030,0.1229,0.6350,0.5695,0.0082,0.0369,0.0246,0.0205,0.8370,0.8735,0.6590,0.0365,-0.2145,12.32,-23.45,178.1,175.3,1.235,0.172,1.987
1791426941.056306,0.6350,0.7006,0.4998,0.6350,0.5695,0.6350,0.5695,0.7006,0.5695,0.7006,0.4302,0.5695,0.7006,0.0123,0.0123,0.0574,0.0369,0.8370,0.8815,0.6570,0.0445,-0.2245,13.00,-23.83,177.8,174.2,1.181,0.169,1.832
1791426941.0905554,0.8440,0.2991,0.7006,0.6350,0.6350,0.6350,0.8030,0.5695,0.5695,0.7006,0.6350,0.7006,0.5695,0.0164,0.0123,0.0369,0.0410,0.8400,0.8830,0.6620,0.0430,-0.2210,13.34,-23.99,177.2,173.7,1.205,0.168,1.933
1791426941.1308541,0.6350,0.7006,0.3646,0.4998,0.4998,0.6350,0.5695,0.6350,0.6350,0.7006,0.4302,0.4998,0.6350,0.0123,0.0246,0.0123,0.0369,0.8370,0.8745,,0.0375,,12.91,-23.52,177.3,174.9,1.345,0.172,2.110
1791426941.1641593,0.7006,0.7006,0.5695,0.7006,0.4998,0.5695,0.7006,0.4302,0.6350,0.6350,0.1966,0.7006,0.5695,0.0164,0.0410,0.0410,0.0123,0.8370,0.8885,0.6570,0.0515,-0.2315,13.82,-23.73,177.2,175.2,1.265,0.170,1.941
1791426941.1949544,0.7006,0.7006,0.8030,0.4998,0.3646,0.5695,0.7006,0.6350,0.5695,0.7538,0.1557,0.5695,0.5695,0.0082,0.0369,0.0123,0.0164,0.8370,0.8750,0.6640,0.0380,-0.2110,13.53,-23.73,176.5,175.8,1.201,0.170,1.924
1791426941.2262456,0.6350,0.6350,0.4998,0.4302,0.4302,0.7006,0.7006,0.4998,0.6350,0.7006,0.1557,0.5695,0.6350,0.0082,0.0369,0.0369,0.0205,0.8370,0.8715,0.6600,0.0345,-0.2115,13.16,-23.76,176.7,175.2,1.195,0.170,1.869
1791426941.259206,0.7006,0.7538,0.4302,0.3646,0.5695,0.4998,0.7538,0.6350,0.4302,0.6350,0.2991,0.4998,0.5695,0.0164,0.0246,0.0246,0.0164,0.8370,0.8730,,0.0360,,12.68,-23.58,177.1,175.8,1.260,0.173,2.038
1791426941.2900636,0.7538,0.7006,0.6350,0.6350,0.4998,0.6350,0.5695,0.7006,0.6350,0.7006,0.4998,0.6350,0.5695,0.0082,0.0205,0.0369,0.0369,0.8400,0.8735,0.6630,0.0335,-0.2105,12.37,-23.57,177.0,175.5,1.211,0.173,1.971
1791426941.324167,0.8030,0.8030,0.7006,0.6350,0.4998,0.6350,0.6350,0.4998,0.5695,0.5695,0.1557,0.6350,0.6350,0.0082,0.0369,0.0123,0.0369,0.8370,0.8790,0.6610,0.0420,-0.2180,12.64,-23.73,177.2,174.8,1.200,0.173,1.937
1791426941.3582923,0.5695,0.7006,0.7006,0.6350,0.4998,0.6350,0.7006,0.4302,0.7006,0.6350,0.1557,0.6350,0.4998,0.0123,0.0123,0.0123,0.0205,0.8370,0.8720,,0.0350,,12.24,-23.30,177.8,176.4,1.328,0.175,2.102
1791426941.3898687,0.5695,0.7538,0.6350,0.5695,0.6350,0.5695,0.6350,0.4302,0.7006,0.7006,0.1557,0.6350,0.5695,0.0082,0.0164,0.0410,0.0410,0.8420,0.8675,0.6630,0.0255,-0.2045,11.51,-23.09,177.9,177.3,1.252,0.174,2.028
1791426941.4235625,0.5695,0.7538,0.4302,0.5695,0.4302,0.5695,0.7006,0.7006,0.4998,0.5695,0.4302,0.5695,0.4998,0.0205,0.0369,0.0369,0.0574,0.8380,0.8750,,0.0370,,11.55,-23.11,178.8,177.5,1.246,0.175,1.935
1791426941.4645007,0.6350,0.7006,0.6350,0.2991,0.4302,0.5695,0.5695,0.7006,0.5695,0.6350,0.2991,0.7006,0.7006,0.0123,0.0123,0.0410,0.0164,0.8380,0.8770,0.6560,0.0390,-0.2210,11.81,-23.47,178.4,176.9,1.188,0.174,1.910
1791426941.4959667,0.2991,0.8440,0.3646,0.4998,0.2991,0.8030,0.7006,0.7538,0.5695,0.6350,0.4302,0.5695,0.5695,0.0082,0.0246,0.0410,0.0737,,0.8790,0.6580,,-0.2210,11.81,-23.47,178.2,176.4,1.346,0.174,
1791426941.5263035,0.6350,0.4302,0.7006,0.3646,0.7538,0.7538,0.7006,0.4998,0.5695,0.2458,0.2991,0.4998,0.5695,0.0164,0.0246,0.0410,0.0574,0.8380,0.8755,,0.0375,,11.82,-23.35,178.1,177.3,1.274,0.175,
1791426941.558692,0.5695,0.6350,0.4302,0.4998,0.6350,0.7006,0.5695,0.5695,0.4998,0.7538,0.3646,0.7006,0.6350,0.0123,0.0369,0.0369,0.0410,0.8370,0.8720,0.6610,0.0350,-0.2110,11.74,-23.55,178.2,176.8,1.163,0.175,1.871
1791426941.5915213,0.8030,0.4998,0.7006,0.4302,0.4998,0.6350,0.7538,0.4998,0.6350,0.4302,0.3646,0.6350,0.4998,0.0123,0.0246,0.0410,0.0164,0.8380,0.8710,,0.0330,,11.43,-23.34,178.2,177.0,1.272,0.176,2.065
1791426941.6246836,0.7538,0.7538,0.4998,0.4998,0.4998,0.6350,0.7538,0.6350,0.6350,0.1966,0.2458,0.7006,0.4998,0.0082,0.0164,0.0369,0.0369,0.8370,0.8750,,0.0380,,11.55,-23.49,178.2,177.2,1.200,0.177,
1791426941.6576934,0.7538,0.7538,0.5695,0.4998,0.5695,0.6350,0.5695,0.8440,0.7006,0.6350,0.4998,0.8030,0.5695,0.0205,0.0205,0.0410,0.0205,0.8370,0.8770,0.6630,0.0400,-0.2140,11.81,-23.39,178.3,176.9,1.259,0.176,1.999
1791426941.6905518,0.5695,0.4998,0.4998,0.4998,0.6350,0.7538,0.7538,0.5695,0.6350,0.7538,0.2458,0.6350,0.6350,0.0205,0.0164,0.0246,0.0369,0.8380,0.8740,0.6550,0.0360,-0.2190,11.90,-23.51,178.3,176.1,1.230,0.174,1.894
1791426941.7239237,0.6350,0.6350,0.4302,0.4998,0.4302,0.7006,0.7006,0.7006,0.7538,0.8030,0.1229,0.5695,0.6350,0.0123,0.0246,0.0369,0.0410,0.8370,0.8785,0.6620,0.0415,-0.2165,12.25,-23.44,178.6,176.0,1.265,0.174,2.008
1791426941.7631512,0.7538,0.8030,0.5695,0.4998,0.4998,0.7006,0.5695,0.7538,0.5695,0.8030,0.1966,0.6350,0.5695,0.0123,0.0205,0.0410,0.0369,0.8380,0.8825,0.6590,0.0445,-0.2235,12.62,-23.25,178.4,176.9,1.346,0.174,2.109
1791426941.7959304,0.8030,0.7538,0.5695,0.4302,0.6350,0.6350,0.7538,0.6350,0.7538,0.6350,0.3646,0.7006,0.6350,0.0410,0.0574,0.0205,0.0369,0.8400,0.8760,0.6600,0.0360,-0.2160,12.49,-23.29,178.5,177.6,1.246,0.173,1.987
1791426941.8264546,0.7538,0.8030,0.7006,0.6350,0.4998,0.7538,0.7538,0.4998,0.6350,0.7538,0.1229,0.7006,0.6350,0.0123,0.0246,0.0942,0.0410,0.8370,0.8765,0.6620,0.0395,-0.2145,12.67,-23.30,178.7,177.2,1.241,0.172,1.953
1791426941.8582284,0.5695,0.5695,0.5695,0.6350,0.4302,0.7006,0.8030,0.6350,0.4998,0.6350,0.2991,0.7006,0.6350,0.0123,0.0123,0.0410,0.0369,0.8370,0.8835,0.6650,0.0465,-0.2185,13.13,-23.27,178.0,177.1,1.279,0.172,2.087
1791426941.890597,0.8030,0.6350,0.5695,0.4302,0.4998,0.8030,0.8030,0.4302,0.6350,0.2458,0.4998,0.7006,0.6350,0.0574,0.0123,0.0369,0.0574,0.8400,0.8760,0.6610,0.0360,-0.2150,12.82,-23.16,177.7,176.2,1.281,0.173,2.108
1791426941.9244108,0.7538,0.6350,0.4998,0.4302,0.4998,0.8030,0.6350,0.5695,0.5695,0.6350,0.2991,0.5695,0.5695,0.0205,0.0369,0.0574,0.0942,0.8380,0.8780,0.6630,0.0400,-0.2150,12.99,-23.31,177.9,176.1,1.212,0.171,1.978
1791426941.9575186,0.7538,0.8440,0.2991,0.5695,0.4998,0.6350,0.8030,0.5695,0.6350,0.5695,0.4998,0.7006,0.4998,0.0246,0.0164,0.0737,0.0369,0.8400,0.8765,,0.0365,,13.05,-23.58,178.0,175.8,1.167,0.168,1.882
1791426941.9916046,0.6350,0.8030,0.4998,0.6350,0.6350,0.6350,0.6350,0.4302,0.7006,0.7538,0.1557,0.4998,0.5695,0.0123,0.0246,0.0410,0.0737,0.8400,0.8700,,0.0300,,12.31,-23.27,178.1,175.4,1.285,0.170,2.023
1791426942.0333474,0.7006,0.7538,0.6350,0.7006,0.5695,0.6350,0.6350,0.3646,0.8030,0.6350,0.2458,0.6350,0.5695,0.0164,0.0369,0.0369,0.0369,0.8370,0.8760,0.6620,0.0390,-0.2140,12.45,-23.34,177.9,176.2,1.222,0.170,1.941
1791426942.065109,0.7006,0.7006,0.5695,0.4302,0.5695,0.6350,0.6350,0.5695,0.7538,0.6350,0.5695,0.7006,0.5695,0.0123,0.0574,0.0369,0.0574,0.8400,0.8765,0.6600,0.0365,-0.2165,12.40,-23.25,177.9,176.3,1.282,0.170,2.005
1791426942.0966375,0.7006,0.8030,0.4302,0.4998,0.7006,0.5695,0.5695,0.6350,0.4998,0.7006,0.2458,0.6350,0.6350,0.0123,0.0410,0.0369,0.0369,0.8370,0.8745,0.6650,0.0375,-0.2095,12.53,-23.39,177.8,176.0,1.179,0.168,1.901
1791426942.1291826,0.7538,0.6350,0.7538,0.5695,0.4998,0.7006,0.8030,0.4302,0.7006,0.7006,0.3646,0.7006,0.4998,0.0410,0.0123,0.0574,0.0369,0.8380,0.8735,,0.0355,,12.28,-23.24,177.9,176.2,1.265,0.170,2.016
1791426942.1600575,0.6350,0.7006,0.8030,0.5695,0.5695,0.6350,0.6350,0.4302,0.4998,0.3646,0.5695,0.5695,0.4998,0.0082,0.0082,0.0164,0.0246,0.8370,0.8685,,0.0315,,11.97,-23.34,178.0,176.3,1.173,0.169,1.854
1791426942.1917965,0.8030,0.7006,0.5695,0.4998,0.4998,0.6350,0.7538,0.8440,0.8030,0.5695,0.2458,0.5695,0.4998,0.0164,0.0123,0.0410,0.0942,0.8380,0.8725,,0.0345,,11.90,-23.43,177.9,176.1,1.195,0.169,1.915
1791426942.225149,0.7006,0.7538,0.3646,0.4998,0.4302,0.4302,0.7006,0.5695,0.6350,0.5695,0.4998,0.4998,0.6350,0.0123,0.0369,0.0942,0.0737,0.8370,0.8755,,0.0385,,12.05,-23.21,177.8,176.3,1.296,0.170,2.048
1791426942.2578566,0.7006,0.7006,0.4302,0.6350,0.5695,0.4998,0.8767,0.4998,0.5695,0.4998,0.4302,0.5695,0.6350,0.0123,0.0164,0.0369,0.0369,0.8380,0.8840,0.6620,0.0460,-0.2220,12.51,-23.04,177.8,176.4,1.344,0.172,2.126
1791426942.2916455,0.5695,0.7538,0.7006,0.4998,0.4998,0.6350,0.6350,0.6350,0.6350,0.5695,0.2458,0.6350,0.5695,0.0164,0.0123,0.0737,0.0410,0.8380,0.8770,0.6590,0.0390,-0.2180,12.33,-22.80,177.8,176.0,1.356,0.175,2.139
1791426942.3240478,0.7538,0.8030,0.6350,0.5695,0.5695,0.8030,0.8440,0.7538,0.6350,0.2991,0.2991,0.7006,0.5695,0.0082,0.0123,0.0369,0.0410,0.8400,0.8765,0.6620,0.0365,-0.2145,12.17,-22.91,177.6,176.2,1.241,0.176,
1791426942.35847,0.7006,0.5695,0.4302,0.4998,0.4998,0.4998,0.7006,0.5695,0.8030,0.7538,0.3646,0.6350,0.6350,0.0123,0.0205,0.0369,0.0410,0.8380,0.8755,0.6610,0.0375,-0.2145,12.08,-22.81,177.7,175.5,1.302,0.177,2.085
1791426942.3978581,0.4998,0.4998,0.6350,0.7006,0.6350,0.5695,0.8030,0.5695,0.6350,0.5695,0.0942,0.5695,0.5695,0.0082,0.0369,0.0574,0.0369,0.8380,0.8715,0.6630,0.0335,-0.2085,11.68,-22.61,178.3,176.6,1.299,0.179,2.100
1791426942.4295907,0.8767,0.5695,0.6350,0.6350,0.5695,0.4998,0.7006,0.4998,0.6350,0.7006,0.2458,0.5695,0.6350,0.0123,0.0369,0.0123,0.0246,0.8370,0.8745,0.6600,0.0375,-0.2145,11.68,-22.59,178.8,177.3,1.296,0.179,2.061
1791426942.4611921,0.5695,0.7006,0.7006,0.4302,0.4998,0.7006,0.5695,0.3646,0.5695,0.6350,0.3646,0.7006,0.5695,0.0246,0.0369,0.0574,0.0574,0.8370,0.8735,0.6640,0.0365,-0.2095,11.74,-22.66,178.4,177.4,1.235,0.178,1.934
1791426942.4942129,0.7006,0.5695,0.7006,0.5695,0.4998,0.4998,0.8030,0.4998,0.5695,0.6350,0.2458,0.6350,0.5695,0.0082,0.0164,0.0164,0.0369,0.8370,0.8800,0.6570,0.0430,-0.2230,12.37,-23.12,177.7,177.9,1.193,0.174,1.861
1791426942.5252373,0.7006,0.7006,0.3646,0.7006,0.5695,0.5695,0.5695,0.5695,0.6350,0.7006,0.1229,0.6350,0.6350,0.0082,0.0164,0.0369,0.0410,0.8380,0.8825,0.6580,0.0445,-0.2245,13.11,-23.66,177.2,178.0,1.152,0.169,1.793
1791426942.558141,0.7006,0.6350,0.5695,0.4998,0.4998,0.6350,0.5695,0.7538,0.5695,0.6350,0.4302,0.5695,0.5695,0.0082,0.0082,0.0205,0.0164,0.8380,0.8735,0.6630,0.0355,-0.2105,12.74,-23.50,177.8,177.4,1.248,0.171,1.933
1791426942.5917687,0.6350,0.7006,0.5695,0.4998,0.4998,0.5695,0.7538,0.7006,0.4302,0.7006,0.1557,0.6350,0.5695,0.0123,0.0123,0.0369,0.0164,0.8370,0.8705,0.6620,0.0335,-0.2085,12.41,-23.48,178.2,177.2,1.207,0.171,1.930
1791426942.625773,0.7006,0.6350,0.7006,0.4998,0.4998,0.5695,0.6350,0.7538,0.6350,0.8440,0.2991,0.7538,0.5695,0.0123,0.0082,0.0574,0.0205,0.8380,0.8800,0.6590,0.0420,-0.2210,12.71,-23.53,177.8,176.4,1.257,0.171,1.977
1791426942.658589,0.6350,0.6350,0.4302,0.4998,0.4302,0.7538,0.8030,0.9054,0.7006,0.7538,0.1229,0.5695,0.5695,0.0082,0.0164,0.0246,0.0164,0.8400,0.8770,0.6650,0.0370,-0.2120,12.59,-23.66,177.7,176.9,1.179,0.171,1.886
1791426942.6990385,0.8030,0.6350,0.7006,0.4998,0.7006,0.7006,0.5695,0.3646,0.7006,0.5695,0.2991,0.5695,0.5695,0.0164,0.0246,0.0164,0.0205,0.8370,0.8690,0.6540,0.0320,-0.2150,12.00,-23.67,177.6,176.4,1.223,0.174,1.942
1791426942.7307968,0.6350,0.8767,0.7006,0.5695,0.5695,0.4302,0.8440,0.7006,0.5695,0.7538,0.0942,0.5695,0.5695,0.0123,0.0123,0.0737,0.0574,0.8380,0.8800,0.6600,0.0420,-0.2200,12.42,-23.56,177.9,176.7,1.287,0.172,2.026
1791426942.7616525,0.6350,0.6350,0.5695,0.5695,0.5695,0.4998,0.7006,0.4998,0.5695,0.6350,0.4302,0.6350,0.5695,0.0164,0.0369,0.0164,0.0164,0.8370,0.8725,0.6550,0.0355,-0.2175,12.17,-23.38,177.9,177.0,1.302,0.174,1.993
1791426942.7943497,0.7006,0.4302,0.4302,0.7006,0.5695,0.6350,0.5695,0.4302,0.5695,0.7538,0.1557,0.6350,0.5695,0.0246,0.0123,0.0123,0.0369,0.8380,0.8730,0.6560,0.0350,-0.2170,11.84,-23.15,177.7,176.7,1.323,0.176,2.098
1791426942.825342,0.7538,0.5695,0.6350,0.8440,0.5695,0.6350,0.7006,0.6350,0.8030,0.5695,0.1557,0.6350,0.5695,0.0205,0.0123,0.0369,0.0123,0.8380,0.8725,0.6600,0.0345,-0.2125,11.83,-23.28,177.0,177.0,1.205,0.174,1.903
1791426942.858652,0.8440,0.5695,0.4998,0.6350,0.7538,0.6350,0.6350,0.3646,0.7006,0.7006,0.3646,0.5695,0.4998,0.0082,0.0205,0.0246,0.0369,0.8400,0.8755,,0.0355,,11.81,-23.62,177.2,177.0,1.157,0.174,1.861
1791426942.8925943,0.7006,0.7006,0.7538,0.4998,0.5695,0.5695,0.7538,0.5695,0.7006,0.8767,0.1229,0.6350,0.6350,0.0164,0.0574,0.0369,0.0369,0.8400,0.8775,0.6590,0.0375,-0.2185,11.82,-23.42,177.6,176.2,1.307,0.175,2.081
1791426942.9253747,0.8440,0.7006,0.5695,0.4302,0.6350,0.5695,0.7538,0.6350,0.4998,0.7538,0.1557,0.4998,0.6350,0.0082,0.0246,0.0205,0.0574,0.8380,0.8800,,0.0420,,11.97,-23.14,177.4,176.7,1.362,0.177,2.159
1791426942.958858,0.6350,0.7538,0.6350,0.5695,0.5695,0.4998,0.8767,0.5695,0.4302,0.1966,0.3646,0.6350,0.6350,0.0123,0.0164,0.0164,0.0205,0.8380,0.8760,0.6630,0.0380,-0.2130,11.89,-23.02,177.5,176.4,1.285,0.179,2.139
1791426943.0004125,0.7538,0.7538,0.6350,0.4302,0.5695,0.4998,0.8030,0.6350,0.6350,0.6350,0.4998,0.5695,0.5695,0.0246,0.0246,0.0410,0.0369,0.8380,0.8750,0.6620,0.0370,-0.2130,11.88,-23.08,177.9,176.2,1.235,0.179,1.967
1791426943.032032,0.5695,0.8440,0.7538,0.7006,0.4998,0.5695,0.7538,0.7006,0.7006,0.7538,0.4302,0.6350,0.5695,0.0164,0.0123,0.0164,0.0410,0.8370,0.8750,0.6590,0.0380,-0.2160,12.09,-23.35,177.7,175.7,1.184,0.176,1.862
1791426943.0645912,0.7538,0.6350,0.4302,0.7538,0.4998,0.5695,0.7006,0.4998,0.7006,0.7538,0.3646,0.6350,0.4998,0.0205,0.0082,0.0369,0.0369,0.8380,0.8715,,0.0335,,11.58,-22.90,178.1,176.0,1.362,0.180,2.176
1791426943.0954077,0.6350,0.7006,0.4998,0.4998,0.4998,0.7006,0.8030,0.4998,0.4302,0.3646,0.1557,0.6350,0.5695,0.0246,0.0205,0.0205,0.0246,0.8370,0.8715,0.6620,0.0345,-0.2095,11.45,-22.76,178.9,176.6,1.284,0.180,2.020
1791426943.1266077,0.4998,0.2458,0.6350,0.4998,0.4302,0.5695,0.7006,0.4998,0.8030,0.2991,0.1557,0.6350,0.5695,0.0246,0.0246,0.0410,0.0574,0.8370,0.8750,0.6600,0.0380,-0.2150,11.79,-23.06,179.1,176.1,1.188,0.176,
1791426943.158912,0.6350,0.7538,0.5695,0.4302,0.5695,0.5695,0.4998,0.7538,0.6350,0.6350,0.2458,0.7006,0.5695,0.0082,0.0205,0.0369,0.0369,0.8380,0.8790,0.6550,0.0410,-0.2240,12.04,-22.85,178.5,175.6,1.380,0.176,2.160
1791426943.1926422,0.5695,0.6350,0.6350,0.4998,0.5695,0.7006,0.8030,0.7006,0.5695,0.7538,0.3646,0.6350,0.5695,0.0082,0.0205,0.0123,0.0164,0.8380,0.8780,0.6580,0.0400,-0.2200,12.40,-23.16,178.6,175.4,1.210,0.173,1.894
1791426943.2251997,0.7538,0.5695,0.5695,0.4998,0.7006,0.4302,0.7006,0.7538,0.7006,0.7006,0.2458,0.6350,0.4998,0.0123,0.0205,0.0369,0.0410,0.8400,0.8680,,0.0280,,11.46,-22.87,178.8,175.3,1.310,0.178,2.091
1791426943.2593641,0.8440,0.4302,0.4302,0.4998,0.4998,0.4998,0.7538,0.6350,0.5695,0.7538,0.4302,0.6350,0.4302,0.0246,0.0246,0.0164,0.0123,0.8370,0.8740,,0.0370,,11.47,-23.06,178.6,175.2,1.217,0.178,1.958
1791426943.293233,0.4998,0.7006,0.6350,0.4302,0.5695,0.4998,0.4998,0.5695,0.5695,0.6350,0.2458,0.6350,0.5695,0.0205,0.0369,0.0369,0.0205,0.8380,0.8685,0.6580,0.0305,-0.2105,11.15,-23.19,178.6,175.7,1.195,0.178,1.919
1791426943.332501,0.6350,0.5695,0.7006,0.6350,0.6350,0.4302,0.4998,0.6350,0.7538,0.7538,0.2991,0.6350,0.5695,0.0164,0.0410,0.0574,0.0574,0.8370,0.8740,0.6630,0.0370,-0.2110,11.36,-23.48,178.5,176.3,1.147,0.177,1.847
1791426943.364353,0.8030,0.7006,0.4302,0.5695,0.4998,0.4998,0.8030,0.4998,0.5695,0.7006,0.1966,0.6350,0.4998,0.0164,0.0410,0.0369,0.0164,0.8370,0.8780,,0.0410,,11.73,-23.46,178.4,176.7,1.262,0.176,1.973
1791426943.394872,0.6350,0.7538,0.5695,0.6350,0.5695,0.6350,0.6350,0.5695,0.7006,0.7538,0.2991,0.6350,0.4998,0.0164,0.0205,0.0369,0.0410,0.8400,0.8705,,0.0305,,11.35,-23.11,178.4,175.6,1.318,0.176,2.082
1791426943.426488,0.6350,0.8030,0.6350,0.7538,0.4998,0.2991,0.6350,0.6350,0.5695,0.7006,0.3646,0.5695,0.6350,0.0123,0.0369,0.0164,0.0369,0.8380,,0.6600,,,11.35,-23.11,178.4,175.6,,,
1791426943.4586413,0.8030,0.5695,0.5695,0.5695,0.6350,0.4302,0.7006,0.6350,0.6350,0.7006,0.4302,0.7006,0.6350,0.0246,0.0246,0.0574,0.0574,0.8380,0.8755,0.6570,0.0375,-0.2185,11.29,-22.94,177.9,175.7,1.333,0.179,2.061
1791426943.4925096,0.6350,0.7006,0.5695,0.5695,0.5695,0.6350,0.7538,0.4998,0.5695,0.7538,0.1229,0.6350,0.5695,0.0205,0.0164,0.0164,0.0246,0.8370,0.8725,0.6590,0.0355,-0.2135,11.39,-22.99,177.9,176.0,1.246,0.177,1.987
1791426943.525932,0.6350,0.7006,0.5695,0.4302,0.5695,0.6350,0.7538,0.6350,0.6350,0.7538,0.2458,0.7006,0.5695,0.0123,0.0246,0.0369,0.0246,0.8400,0.8665,0.6630,0.0265,-0.2035,10.76,-22.83,178.4,175.2,1.247,0.178,2.034
1791426943.5612667,0.7006,0.7006,0.6350,0.5695,0.4302,0.7006,0.6350,0.7006,0.5695,0.7006,0.3646,0.4302,0.4998,0.0205,0.0369,0.0369,0.0123,0.8380,0.8730,,0.0350,,10.82,-22.96,178.6,174.9,1.226,0.179,2.039
1791426943.60137,0.7006,0.8030,0.5695,0.4302,0.6350,0.8030,0.4998,0.8030,0.7006,0.7538,0.2991,0.6350,0.5695,0.0123,0.0369,0.0410,0.0205,0.8370,0.8855,0.6590,0.0485,-0.2265,11.77,-22.91,178.2,174.9,1.351,0.177,2.111
1791426943.6331773,0.5695,0.4998,0.4998,0.5695,0.7006,0.6350,0.7006,0.7006,0.5695,0.6350,0.5695,0.6350,0.5695,0.0123,0.0205,0.0205,0.0574,0.8400,0.8700,0.6610,0.0300,-0.2090,11.38,-23.08,178.0,174.6,1.184,0.177,1.900
1791426943.6640913,0.8440,0.7006,0.6350,0.5695,0.5695,0.7006,0.7006,0.4998,0.5695,0.5695,0.4998,0.6350,0.4998,0.0246,0.0164,0.0246,0.0164,0.8370,0.8760,,0.0390,,11.53,-23.07,177.6,174.7,1.270,0.178,2.038
1791426943.6962538,0.6350,0.7006,0.6350,0.4302,0.5695,0.7006,0.6350,0.6350,0.5695,0.6350,0.3646,0.6350,0.6350,0.0123,0.0369,0.0410,0.0369,0.8370,0.8715,0.6630,0.0345,-0.2085,11.45,-22.98,177.7,174.8,1.253,0.177,1.907
1791426943.727791,0.7006,0.7538,0.7006,0.4302,0.6350,0.7006,0.7006,0.7006,0.5695,0.7538,0.4302,0.6350,0.6350,0.0082,0.0369,0.0164,0.0369,0.8380,0.8725,0.6700,0.0345,-0.2025,11.22,-22.71,177.7,175.3,1.275,0.180,2.082
1791426943.7605112,0.6350,0.3646,0.4998,0.4998,0.6350,0.7006,0.7538,0.7538,0.4302,0.3646,0.1229,0.7538,0.5695,0.0082,0.0246,0.0410,0.0737,0.8370,0.8835,0.6670,0.0465,-0.2165,12.19,-23.10,178.0,176.0,1.173,0.175,1.842
1791426943.7928698,0.7538,0.7538,0.5695,0.5695,0.5695,0.3646,0.7006,0.5695,0.5695,0.5695,0.5695,0.5695,0.6350,0.0082,0.0164,0.0123,0.0123,0.8370,0.8770,0.6570,0.0400,-0.2200,12.19,-22.92,178.3,176.3,1.346,0.177,2.062
1791426943.8272645,0.7006,0.2991,0.4998,0.2991,0.6350,0.4302,0.7006,0.6350,0.6350,0.8030,0.0942,0.7006,0.5695,0.0082,0.0205,0.0369,0.0410,0.8400,0.8780,0.6570,0.0380,-0.2210,12.32,-23.12,178.1,176.4,1.244,0.175,1.926
1791426943.8591409,0.8030,0.6350,0.5695,0.4302,0.5695,0.8030,0.7538,0.5695,0.2991,0.6350,0.4302,0.6350,0.5695,0.0123,0.0246,0.0737,0.0410,0.8410,0.8750,0.6680,0.0340,-0.2070,11.97,-23.26,178.0,176.9,1.169,0.176,1.959
1791426943.893482,0.8440,0.6350,0.7538,0.5695,0.7538,0.7538,0.7538,0.6350,0.5695,0.6350,0.3646,0.6350,0.5695,0.0123,0.0369,0.0123,0.0164,0.8380,0.8725,0.6590,0.0345,-0.2135,11.72,-23.17,177.7,176.5,1.270,0.177,2.001
1791426943.932579,0.6350,0.7538,0.4998,0.7006,0.4998,0.8030,0.7006,0.8440,0.5695,0.1557,0.1229,0.7006,0.6350,0.0123,0.0205,0.0369,0.0410,0.8440,0.8785,0.6640,0.0345,-0.2145,11.71,-23.51,178.0,177.4,1.153,0.175,
1791426943.964563,0.2991,0.7538,0.6350,0.5695,0.7006,0.8030,0.6350,0.7006,0.5695,0.7538,0.2458,0.6350,0.7006,0.0205,0.0369,0.0369,0.0369,,0.8650,0.6610,,-0.2040,11.71,-23.51,178.3,177.6,1.205,0.175,
1791426943.9953861,0.4998,0.4302,0.5695,0.6350,0.4998,0.5695,0.7006,0.5695,0.6350,0.6350,0.1557,0.5695,0.5695,0.0246,0.0164,0.0574,0.0410,0.8370,0.8625,0.6590,0.0255,-0.2035,11.02,-23.28,178.7,176.6,1.237,0.175,1.966
1791426944.0272448,0.6350,0.7538,0.6350,0.6350,0.5695,0.4998,0.5695,0.6350,0.7006,0.6350,0.1966,0.5695,0.5695,0.0082,0.0246,0.0410,0.0164,0.8370,0.8800,0.6650,0.0430,-0.2150,11.72,-23.40,177.9,176.6,1.212,0.173,1.942
1791426944.0599506,0.4998,0.8767,0.7538,0.4998,0.3646,0.7006,0.7538,0.3646,0.6350,0.7538,0.4998,0.5695,0.6350,0.0082,0.0410,0.0574,0.0574,0.8380,0.8715,0.6660,0.0335,-0.2055,11.58,-23.29,178.4,176.2,1.219,0.173,1.914
1791426944.093962,0.5695,0.8030,0.4998,0.7006,0.8030,0.4998,0.6350,0.6350,0.4998,0.4302,0.1557,0.6350,0.6350,0.0082,0.0246,0.0574,0.0369,0.8380,0.8860,0.6560,0.0480,-0.2300,12.41,-23.36,178.3,176.5,1.315,0.173,2.053
1791426944.1276245,0.6350,0.4302,0.6350,0.4998,0.4302,0.5695,0.5695,0.6350,0.4998,0.7006,0.4998,0.4998,0.5695,0.0164,0.0246,0.0246,0.0410,0.8400,0.8615,,0.0215,,11.04,-22.84,178.5,176.9,1.313,0.178,2.161
1791426944.1603532,0.7006,0.7006,0.5695,0.4302,0.2991,0.4302,0.6350,0.4998,0.7006,0.4998,0.1966,0.7006,0.5695,0.0246,0.0574,0.0369,0.0369,0.8370,0.8760,0.6640,0.0390,-0.2120,11.47,-23.07,178.7,177.3,1.189,0.175,1.926
1791426944.194003,0.4998,0.8440,0.6350,0.5695,0.6350,0.5695,0.7538,0.4302,0.7006,0.6350,0.2458,0.7006,0.5695,0.0369,0.0246,0.0574,0.0369,0.8410,0.8825,0.6590,0.0415,-0.2235,12.01,-23.28,177.7,176.0,1.249,0.173,1.963
1791426944.2337463,0.4302,0.6350,0.5695,0.3646,0.5695,0.6350,0.6350,0.3646,0.8030,0.8030,0.5695,0.6350,0.5695,0.0123,0.0082,0.0737,0.0369,0.8430,0.8795,0.6620,0.0365,-0.2175,12.11,-23.38,177.9,175.5,1.233,0.171,1.914
1791426944.2663786,0.6350,0.7006,0.5695,0.4998,0.7006,0.8030,0.5695,0.3646,0.6350,0.8440,0.4998,0.7006,0.4998,0.0123,0.0123,0.0737,0.0246,0.8400,0.8830,,0.0430,,12.47,-23.51,177.8,174.6,1.241,0.172,1.963
1791426944.2966814,0.7006,0.6350,0.5695,0.4998,0.4302,0.7006,0.7006,0.7538,0.6350,0.1229,0.1557,0.5695,0.6350,0.0123,0.0164,0.0574,0.0410,0.8400,0.8825,0.6590,0.0425,-0.2235,13.02,-23.88,177.6,174.8,1.177,0.168,
1791426944.3281732,0.7006,0.7538,0.5695,0.5695,0.2991,0.7006,0.5695,0.5695,0.7006,0.5695,0.1557,0.6350,0.4998,0.0123,0.0123,0.0369,0.0369,0.8380,0.8710,,0.0330,,12.82,-23.89,177.5,174.5,1.181,0.166,1.870
1791426944.3608222,0.7006,0.4998,0.7538,0.5695,0.3646,0.7006,0.6350,0.4302,0.5695,0.8030,0.1229,0.7006,0.5695,0.0164,0.0246,0.0246,0.0410,0.8380,0.8675,0.6630,0.0295,-0.2045,11.95,-23.71,177.8,174.4,1.208,0.170,1.986
1791426944.3950276,0.7006,0.8030,0.5695,0.4998,0.4302,0.7006,0.7006,0.4302,0.6350,0.6350,0.4302,0.5695,0.4998,0.0123,0.0164,0.0205,0.0410,0.8400,0.8785,,0.0385,,12.07,-23.92,177.6,174.4,1.175,0.171,1.917
1791426944.4269142,0.8030,0.7006,0.6350,0.4998,0.7006,0.6350,0.6350,0.4302,0.7538,0.6350,0.0737,0.7006,0.6350,0.0123,0.0164,0.0205,0.0574,0.8370,0.8795,0.6560,0.0425,-0.2235,12.50,-24.04,177.8,174.9,1.226,0.170,1.931
1791426944.4614174,0.6350,0.8030,0.7006,0.4998,0.4998,0.5695,0.5695,0.6350,0.6350,0.7006,0.3646,0.5695,0.4998,0.0246,0.0205,0.0164,0.0369,0.8370,0.8745,,0.0375,,12.15,-23.63,177.8,175.8,1.317,0.175,2.092
1791426944.5019085,0.7006,0.4998,0.5695,0.5695,0.5695,0.7006,0.7006,0.7006,0.6350,0.8030,0.4302,0.5695,0.5695,0.0205,0.0164,0.0574,0.0369,0.8370,0.8725,0.6570,0.0355,-0.2155,12.00,-23.36,178.0,176.1,1.312,0.175,2.030
1791426944.533904,0.5695,0.8440,0.6350,0.5695,0.4998,0.6350,0.7538,0.6350,0.8030,0.7006,0.1966,0.5695,0.7006,0.0082,0.0082,0.0574,0.0369,0.8380,0.8760,0.6610,0.0380,-0.2150,12.03,-23.13,177.6,176.3,1.313,0.176,2.087
1791426944.5647037,0.7538,0.6350,0.4998,0.6350,0.5695,0.6350,0.6350,0.4998,0.4998,0.7538,0.4302,0.6350,0.6350,0.0246,0.0164,0.0942,0.0737,0.8370,0.8760,0.6640,0.0390,-0.2120,12.22,-23.26,177.0,176.7,1.201,0.174,1.954
1791426944.5961883,0.5695,0.7006,0.4302,0.4302,0.5695,0.7006,0.8440,0.7538,0.5695,0.7538,0.3646,0.6350,0.5695,0.0123,0.0246,0.0123,0.0369,0.8380,0.8810,0.6640,0.0430,-0.2170,12.76,-23.49,177.2,175.9,1.195,0.171,1.826
1791426944.628171,0.6350,0.8440,0.4302,0.3646,0.6350,0.7006,0.7538,0.8440,0.5695,0.7006,0.1557,0.6350,0.5695,0.0246,0.0246,0.1229,0.0410,0.8370,0.8860,0.6580,0.0490,-0.2280,13.62,-23.76,176.8,176.0,1.232,0.168,1.879
1791426944.6620364,0.4302,0.3646,0.4998,0.7006,0.5695,0.7006,0.8440,0.8767,0.7538,0.6350,0.5695,0.7006,0.4998,0.0123,0.0246,0.0410,0.0369,0.8410,0.8825,,0.0415,,13.83,-23.85,177.1,176.0,1.234,0.166,1.887
1791426944.6941605,0.4998,0.7538,0.4998,0.5695,0.6350,0.7538,0.6350,0.7006,0.5695,0.6350,0.1229,0.6350,0.5695,0.0246,0.0246,0.0369,0.0164,0.8380,0.8745,0.6620,0.0365,-0.2125,13.40,-23.63,177.7,176.0,1.265,0.168,2.027
1791426944.7286623,0.8030,0.4998,0.4302,0.6350,0.4302,0.5695,0.8767,0.7538,0.6350,0.7006,0.4302,0.7006,0.6350,0.0205,0.0369,0.0246,0.0123,0.8380,0.8765,0.6610,0.0385,-0.2155,13.33,-23.66,177.7,175.6,1.223,0.168,1.938
1791426944.7681277,0.5695,0.4998,0.7006,0.4302,0.6350,0.5695,0.5695,0.6350,0.6350,0.7006,0.4998,0.4998,0.6350,0.0082,0.0369,0.0410,0.0410,0.8380,0.8710,,0.0330,,12.75,-23.65,178.1,175.7,1.201,0.170,1.933
1791426944.7995994,0.6350,0.7538,0.5695,0.4998,0.4998,0.5695,0.8030,0.3646,0.6350,0.8440,0.2458,0.7006,0.7006,0.0123,0.0164,0.0369,0.0369,0.8370,0.8630,0.6590,0.0260,-0.2040,11.82,-23.33,178.5,175.9,1.258,0.172,1.997
1791426944.8310995,0.4302,0.7006,0.4302,0.7006,0.4302,0.4998,0.8440,0.4998,0.4302,0.6350,0.2991,0.7006,0.5695,0.0205,0.0246,0.0369,0.0369,0.8380,0.8770,0.6620,0.0390,-0.2150,11.87,-23.10,178.1,175.1,1.317,0.174,2.128
1791426944.861323,0.7538,0.9054,0.6350,0.7006,0.6350,0.8030,0.9054,0.6350,0.7006,0.7538,0.2991,0.7006,0.6350,0.0082,0.0369,0.0737,0.0737,0.8380,0.8775,0.6660,0.0395,-0.2115,12.17,-23.32,178.0,175.5,1.174,0.172,1.913
1791426944.8945694,0.6350,0.7006,0.4302,0.4998,0.5695,0.7006,0.5695,0.7006,0.7538,0.7006,0.3646,0.6350,0.4998,0.0123,0.0205,0.0369,0.0410,0.8410,0.8690,,0.0280,,11.27,-22.77,178.3,175.3,1.365,0.177,2.207
1791426944.927826,0.8440,0.6350,0.6350,0.5695,0.3646,0.4998,0.7538,0.4302,0.6350,0.6350,0.1966,0.5695,0.6350,0.0123,0.0123,0.0123,0.0164,0.8380,0.8760,0.6580,0.0380,-0.2180,11.69,-23.04,178.8,175.1,1.215,0.173,1.867
1791426944.9606373,0.7006,0.5695,0.4998,0.4998,0.5695,0.6350,0.5695,0.7006,0.4998,0.5695,0.4302,0.6350,0.6350,0.0082,0.0164,0.0410,0.0369,0.8380,0.8745,0.6570,0.0365,-0.2175,11.63,-22.93,179.0,175.7,1.313,0.175,2.055
1791426944.9946477,0.8440,0.8440,0.6350,0.5695,0.4998,0.7006,0.8767,0.5695,0.5695,0.7538,0.2458,0.7006,0.6350,0.0369,0.0369,0.0574,0.0737,0.8410,0.8780,0.6680,0.0370,-0.2100,11.73,-23.06,178.9,175.9,1.203,0.174,1.977
1791426945.027806,0.7538,0.8030,0.4302,0.3646,0.4998,0.7006,0.7006,0.7538,0.4302,0.2458,0.4302,0.6350,0.5695,0.0205,0.0369,0.0574,0.0369,0.8430,0.8825,0.6600,0.0395,-0.2225,11.92,-22.97,178.7,175.8,1.334,0.174,2.061
1791426945.0677986,0.7538,0.8440,0.5695,0.5695,0.5695,0.4998,0.5695,0.5695,0.4302,0.2458,0.3646,0.5695,0.5695,0.0164,0.0369,0.0410,0.0369,0.8380,0.8815,0.6640,0.0435,-0.2175,12.62,-23.35,178.5,175.3,1.168,0.170,1.817
1791426945.1001236,0.6350,0.8767,0.7006,0.5695,0.6350,0.7538,0.7538,0.7006,0.5695,0.7538,0.1966,0.6350,0.4998,0.0082,0.0205,0.0410,0.0574,0.8410,0.8780,,0.0370,,12.64,-23.23,178.7,174.9,1.286,0.169,2.022
1791426945.1330996,0.6350,0.7006,0.5695,0.4998,0.4302,0.6350,0.7538,0.5695,0.4302,0.5695,0.1966,0.6350,0.6350,0.0082,0.0082,0.0369,0.0410,0.8410,0.8805,0.6630,0.0395,-0.2175,12.78,-23.38,178.0,175.5,1.223,0.169,1.967
1791426945.1638498,0.6350,0.5695,0.3646,0.5695,0.5695,0.4998,0.8030,0.6350,0.5695,0.5695,0.4302,0.6350,0.6350,0.0123,0.0246,0.0369,0.0410,0.8380,0.8810,0.6630,0.0430,-0.2180,12.76,-23.14,178.0,175.4,1.332,0.173,2.125
1791426945.195429,0.5695,0.8440,0.7006,0.7006,0.6350,0.8030,0.7006,0.5695,0.6350,0.8030,0.1966,0.7538,0.5695,0.0246,0.0246,0.0574,0.0205,0.8380,0.8775,0.6650,0.0395,-0.2125,12.70,-23.00,178.2,174.9,1.285,0.174,2.046
1791426945.228436,0.7538,0.6350,0.6350,0.4998,0.4998,0.5695,0.5695,0.3646,0.5695,0.6350,0.4302,0.6350,0.5695,0.0205,0.0164,0.0164,0.0369,0.8380,0.8745,0.6550,0.0365,-0.2195,12.38,-22.85,178.9,175.3,1.340,0.176,2.100
1791426945.2621634,0.6350,0.7006,0.5695,0.7538,0.4998,0.7538,0.6350,0.7006,0.6350,0.7006,0.2991,0.7006,0.6350,0.0205,0.0164,0.0369,0.0410,0.8370,0.8780,0.6660,0.0410,-0.2120,12.46,-22.82,178.9,175.7,1.268,0.177,2.058
1791426945.294653,0.7006,0.7006,0.5695,0.5695,0.6350,0.7538,0.8767,0.7538,0.4302,0.6350,0.4998,0.7006,0.4998,0.0082,0.0410,0.0410,0.0574,0.8380,0.8720,,0.0340,,12.11,-22.98,178.5,176.7,1.196,0.178,1.938
1791426945.3288836,0.6350,0.7006,0.6350,0.7006,0.4998,0.8030,0.8030,0.5695,0.5695,0.6350,0.3646,0.6350,0.5695,0.0123,0.0410,0.0246,0.0246,0.8380,0.8750,0.6640,0.0370,-0.2110,12.10,-23.11,178.7,176.1,1.206,0.177,1.933
1791426945.3694577,0.5695,0.7538,0.6350,0.6350,0.3646,0.4302,0.8030,0.4302,0.6350,0.7006,0.4302,0.6350,0.6350,0.0164,0.0246,0.0246,0.0410,0.8380,0.8740,0.6610,0.0360,-0.2130,12.09,-23.23,178.9,176.8,1.212,0.175,1.900
1791426945.4012566,0.4998,0.7006,0.5695,0.6350,0.4302,0.6350,0.8440,0.7006,0.4998,0.4998,0.2991,0.4998,0.6350,0.0164,0.0164,0.0369,0.0410,0.8380,0.8785,,0.0405,,12.37,-23.44,178.6,176.5,1.196,0.174,1.987
1791426945.4333348,0.6350,0.7006,0.3646,0.4998,0.5695,0.8030,0.7006,0.6350,0.5695,0.3646,0.2458,0.7006,0.6350,0.0205,0.0123,0.0205,0.0123,0.8380,0.8675,0.6620,0.0295,-0.2055,11.54,-23.38,178.3,176.4,1.203,0.178,2.015
1791426945.4628046,0.7006,0.7006,0.6350,0.4302,0.3646,0.8030,0.8440,0.4998,0.4302,0.3646,0.2991,0.6350,0.5695,0.0123,0.0164,0.0410,0.0164,0.8410,0.8710,0.6570,0.0300,-0.2140,11.18,-23.39,178.7,176.6,1.233,0.178,1.949
1791426945.4960222,0.7538,0.2458,0.6350,0.2458,0.3646,0.5695,0.7538,0.3646,0.5695,0.6350,0.3646,0.7006,0.5695,0.0369,0.0164,0.0369,0.0410,0.8410,0.8745,0.6640,0.0335,-0.2105,11.06,-23.29,178.6,176.7,1.249,0.178,1.991
1791426945.5282686,0.7006,0.8767,0.5695,0.4998,0.4302,0.7006,0.6350,0.7538,0.7538,0.8030,0.2991,0.7006,0.5695,0.0082,0.0082,0.0246,0.0164,0.8370,0.8890,0.6600,0.0520,-0.2290,12.30,-23.54,178.0,177.2,1.255,0.175,1.937
1791426945.5614786,0.7006,0.8767,0.7538,0.4302,0.4998,0.7006,0.6350,0.7006,0.6350,0.6350,0.3646,0.7538,0.6350,0.0246,0.0164,0.0410,0.0246,0.8410,0.8745,0.6620,0.0335,-0.2125,12.14,-23.47,178.1,177.2,1.241,0.173,1.985
1791426945.595842,0.7006,0.7538,0.6350,0.5695,0.5695,0.7006,0.7538,0.5695,0.6350,0.2458,0.3646,0.6350,0.5695,0.0164,0.0246,0.0369,0.0164,0.8410,0.8780,0.6560,0.0370,-0.2220,12.24,-23.56,178.3,177.4,1.249,0.172,1.915
1791426945.6286595,0.7006,0.7538,0.4302,0.5695,0.4998,0.8030,0.7538,0.7538,0.4998,0.8440,0.1557,0.7006,0.5695,0.0123,0.0205,0.0369,0.0369,0.8410,0.8855,0.6550,0.0445,-0.2305,12.78,-23.55,178.3,177.1,1.326,0.171,2.010
1791426945.6702743,0.6350,0.7006,0.4998,0.6350,0.4998,0.7538,0.8030,0.6350,0.3646,0.7538,0.3646,0.7006,0.6350,0.0164,0.0369,0.0123,0.0369,0.8380,0.8805,0.6680,0.0425,-0.2125,13.02,-23.64,178.3,176.7,1.191,0.171,1.918
1791426945.7004797,0.7538,0.7006,0.4998,0.4998,0.3646,0.5695,0.7006,0.6350,0.4998,0.7006,0.2458,0.6350,0.5695,0.0082,0.0205,0.0246,0.0123,0.8380,0.8680,0.6610,0.0300,-0.2070,12.09,-23.19,178.3,176.9,1.317,0.175,2.114
1791426945.7336888,0.6350,0.7006,0.6350,0.7006,0.5695,0.7006,0.7538,0.7538,0.6350,0.6350,0.1229,0.4998,0.4998,0.0082,0.0205,0.0369,0.0410,0.8380,0.8810,,0.0430,,12.49,-23.36,178.1,176.8,1.234,0.174,1.954
1791426945.7634544,0.4998,0.7538,0.6350,0.5695,0.3646,0.7006,0.7538,0.5695,0.8030,0.7006,0.2991,0.5695,0.5695,0.0082,0.0246,0.0123,0.0369,0.8410,0.8770,0.6620,0.0360,-0.2150,12.31,-23.27,178.1,176.9,1.271,0.175,2.054
1791426945.7965724,0.5695,0.8440,0.8030,0.4302,0.4998,0.7006,0.5695,0.5695,0.6350,0.8030,0.4998,0.7006,0.5695,0.0082,0.0123,0.0369,0.0410,0.8410,0.8710,0.6610,0.0300,-0.2100,11.67,-22.97,178.1,176.2,1.311,0.177,2.102
1791426945.8294551,0.7006,0.8030,0.4302,0.2991,0.4302,0.4998,0.6350,0.4998,0.4998,0.7006,0.3646,0.6350,0.5695,0.0369,0.0246,0.0369,0.0164,0.8380,0.8700,0.6650,0.0320,-0.2050,11.41,-23.04,178.1,176.1,1.190,0.176,1.907
1791426945.8627274,0.4998,0.7538,0.6350,0.4998,0.4302,0.5695,0.8030,0.4998,0.3646,0.3646,0.2458,0.5695,0.5695,0.0082,0.0246,0.0574,0.0369,0.8370,0.8775,0.6640,0.0405,-0.2135,11.86,-23.09,178.0,175.3,1.241,0.174,1.963
1791426945.8961725,0.5695,0.7006,0.6350,0.4998,0.5695,0.7538,0.8440,0.7538,0.7006,0.7538,0.1557,0.6350,0.6350,0.0123,0.0164,0.0574,0.0369,0.8380,0.8910,0.6660,0.0530,-0.2250,13.04,-23.23,177.7,176.0,1.276,0.172,2.018
1791426945.936829,0.8030,0.7006,0.7006,0.4998,0.4998,0.6350,0.4998,0.7006,0.6350,0.5695,0.2458,0.5695,0.6350,0.0082,0.0205,0.0205,0.0369,0.8380,0.8810,0.6630,0.0430,-0.2180,13.21,-23.31,177.7,175.4,1.246,0.173,1.993
1791426945.9681957,0.6350,0.7538,0.5695,0.6350,0.4302,0.6350,0.7538,0.7006,0.7538,0.6350,0.1966,0.7006,0.5695,0.0123,0.0164,0.0410,0.0369,0.8380,0.8795,0.6630,0.0415,-0.2165,13.46,-23.40,177.9,175.5,1.228,0.170,1.915
