timestamp,nose_score,left_eye_score,right_eye_score,left_ear_score,right_ear_score,left_shoulder_score,right_shoulder_score,left_elbow_score,right_elbow_score,left_wrist_score,right_wrist_score,left_hip_score,right_hip_score,left_knee_score,right_knee_score,left_ankle_score,right_ankle_score,head_depth_m,chest_depth_m,hip_depth_m,neck_forward_offset_m,torso_recline_offset_m,head_forward_deg,torso_pitch_deg,elbow_left_deg,elbow_right_deg,torso_len_sw,head_up_m,wrist_face_sw
1791427847.1823606,0.6350,0.8030,0.7006,0.4302,0.4302,0.7538,0.6350,0.3646,0.7538,0.1966,0.0574,0.4302,0.5695,0.0737,0.0246,0.0164,0.0246,0.4560,0.6425,,0.1865,,48.73,2.76,155.8,144.3,0.956,0.165,
1791427847.2224896,0.4998,0.6350,0.8440,0.4998,0.4998,0.6350,0.6350,0.6350,0.3646,0.3646,0.1229,0.5695,0.4998,0.0410,0.0205,0.0205,0.0123,0.4550,0.6425,,0.1875,,48.72,2.77,156.2,144.6,0.936,0.165,1.551
1791427847.2541666,0.6350,0.8030,0.5695,0.3646,0.1557,0.6350,0.6350,0.7538,0.5695,0.0410,0.2991,0.4998,0.5695,0.0574,0.0574,0.0410,0.0205,0.4550,0.6460,,0.1910,,48.57,2.71,155.0,144.2,0.873,0.167,
1791427847.2855651,0.4998,0.7006,0.7006,0.7538,0.3646,0.5695,0.7006,0.4998,0.4998,0.0410,0.2991,0.4302,0.5695,0.0369,0.0246,0.0205,0.0164,0.4550,0.6430,,0.1880,,48.84,2.74,153.8,144.6,0.897,0.165,
1791427847.3166714,0.4998,0.7006,0.7006,0.5695,0.3646,0.7538,0.6350,0.5695,0.5695,0.2991,0.2991,0.4998,0.4998,0.0369,0.0164,0.0369,0.0205,0.4550,0.6460,,0.1910,,48.89,2.68,154.2,144.9,0.884,0.165,
1791427847.3498917,0.7006,0.8767,0.6350,0.6350,0.3646,0.4302,0.7006,0.6350,0.1229,0.2991,0.0942,0.4998,0.5695,0.0574,0.0164,0.0123,0.0369,0.4560,0.6430,,0.1870,,48.88,2.73,155.1,144.0,0.884,0.165,
1791427847.3831236,0.5695,0.7538,0.5695,0.4998,0.4998,0.5695,0.7538,0.4998,0.7006,0.2991,0.2991,0.4998,0.4998,0.0574,0.0205,0.0369,0.0164,0.4570,0.6425,,0.1855,,49.19,2.78,156.1,143.5,0.893,0.162,
1791427847.4154131,0.7006,0.8030,0.5695,0.4998,0.4302,0.4302,0.8440,0.4998,0.4998,0.2458,0.5695,0.4998,0.4998,0.0737,0.0246,0.0410,0.0369,0.4560,0.6425,,0.1865,,49.13,2.82,157.2,142.9,0.889,0.162,1.606
1791427847.44936,0.8030,0.6350,0.7538,0.6350,0.4998,0.7006,0.5695,0.2991,0.4302,0.1557,0.3646,0.5695,0.5695,0.0737,0.0123,0.0164,0.0246,0.4560,0.6435,0.6650,0.1875,0.0215,49.02,2.94,157.7,143.0,0.893,0.163,1.642
1791427847.4829314,0.4302,0.8440,0.7538,0.6350,0.4998,0.6350,0.7538,0.5695,0.7538,0.0410,0.2991,0.5695,0.4998,0.0410,0.0164,0.0246,0.0574,0.4550,0.6430,,0.1880,,48.76,2.93,156.5,143.5,0.925,0.165,
1791427847.5225155,0.4998,0.8030,0.5695,0.6350,0.4998,0.7538,0.7006,0.6350,0.6350,0.2458,0.2991,0.4998,0.4998,0.0574,0.0410,0.0369,0.0410,0.4550,0.6420,,0.1870,,48.81,2.97,157.3,143.9,0.915,0.164,
1791427847.5537457,0.8030,0.8440,0.7006,0.5695,0.5695,0.7006,0.7006,0.5695,0.7006,0.2458,0.0737,0.5695,0.4998,0.0574,0.0737,0.0246,0.0369,0.4560,0.6425,,0.1865,,48.98,2.98,157.1,143.9,0.905,0.163,
1791427847.5852137,0.4998,0.8030,0.7006,0.5695,0.4302,0.7006,0.6350,0.4998,0.6350,0.2991,0.0942,0.4998,0.4998,0.0737,0.0369,0.0164,0.0164,0.4560,0.6430,,0.1870,,48.76,2.98,157.6,143.1,0.906,0.164,
1791427847.6164482,0.5695,0.8030,0.6350,0.7006,0.4302,0.2991,0.8030,0.6350,0.3646,0.0942,0.2991,0.4998,0.4998,0.0410,0.0123,0.0123,0.0369,0.4570,,,,,48.76,2.98,157.6,143.1,,,
1791427847.6503189,0.4998,0.8030,0.7006,0.4302,0.4302,0.3646,0.4998,0.6350,0.2991,0.3646,0.1229,0.4302,0.4998,0.0574,0.0246,0.0164,0.0369,0.4560,0.6410,,0.1850,,48.62,3.01,157.8,143.2,0.952,0.165,1.634
1791427847.6821697,0.6350,0.8440,0.5695,0.6350,0.7006,0.6350,0.7538,0.7006,0.4998,0.2991,0.1229,0.4998,0.4998,0.0737,0.0410,0.0164,0.0123,0.4560,0.6455,,0.1895,,48.74,2.94,157.6,143.3,0.885,0.164,
1791427847.7158484,0.6350,0.8440,0.8030,0.6350,0.5695,0.5695,0.4998,0.6350,0.7538,0.2458,0.3646,0.4998,0.5695,0.0942,0.0410,0.0164,0.0369,0.4560,0.6435,,0.1875,,48.95,2.92,158.0,144.0,0.914,0.163,1.616
1791427847.750143,0.7006,0.8767,0.7538,0.4998,0.6350,0.4302,0.6350,0.4302,0.7006,0.2991,0.3646,0.5695,0.5695,0.0737,0.0246,0.0164,0.0369,0.4560,0.6420,0.6630,0.1860,0.0210,48.77,2.97,158.0,145.4,0.950,0.164,1.667
1791427847.7827568,0.4998,0.8030,0.7006,0.6350,0.4998,0.6350,0.7538,0.5695,0.3646,0.2991,0.2991,0.5695,0.5695,0.0410,0.0369,0.0123,0.0246,0.4570,0.6450,0.6610,0.1880,0.0160,48.40,2.89,158.0,145.6,0.902,0.166,
1791427847.82293,0.3646,0.4998,0.6350,0.6350,0.6350,0.7538,0.4998,0.5695,0.5695,0.2991,0.3646,0.5695,0.5695,0.0574,0.0205,0.0082,0.0164,0.4540,0.6455,0.6610,0.1915,0.0155,48.49,2.79,157.6,145.2,0.923,0.166,1.685
1791427847.853654,0.4998,0.8440,0.5695,0.6350,0.6350,0.6350,0.7006,0.4302,0.4998,0.2991,0.1229,0.4998,0.4302,0.0369,0.0246,0.0205,0.0369,0.4560,0.6420,,0.1860,,48.62,2.84,157.5,144.8,0.923,0.165,
1791427847.88468,0.7538,0.7538,0.7006,0.4998,0.6350,0.7006,0.4998,0.7006,0.4302,0.2458,0.2458,0.4998,0.4998,0.0737,0.0369,0.0574,0.0205,0.4550,0.6415,,0.1865,,48.80,2.88,158.0,145.2,0.955,0.164,
1791427847.9161942,0.4302,0.7538,0.7538,0.5695,0.4998,0.7006,0.6350,0.5695,0.6350,0.2991,0.1229,0.5695,0.5695,0.0574,0.0164,0.0205,0.0369,0.4550,0.6430,0.6590,0.1880,0.0160,48.98,2.81,157.1,144.5,0.905,0.163,
1791427847.949701,0.6350,0.7538,0.7538,0.4302,0.4998,0.5695,0.7006,0.5695,0.7538,0.2458,0.2991,0.4998,0.5695,0.0737,0.0369,0.0205,0.0369,0.4550,0.6430,,0.1880,,49.13,2.82,157.2,145.1,0.912,0.162,
1791427847.982656,0.5695,0.7006,0.6350,0.6350,0.4998,0.7006,0.6350,0.3646,0.2458,0.2991,0.1229,0.5695,0.4998,0.0574,0.0369,0.0164,0.0369,0.4550,0.6420,,0.1870,,49.02,2.83,157.6,145.2,0.945,0.163,
1791427848.0168672,0.4998,0.9054,0.8030,0.5695,0.6350,0.7006,0.4302,0.4998,0.2991,0.2991,0.0942,0.4998,0.4998,0.0737,0.0246,0.0164,0.0164,0.4560,0.6415,,0.1855,,48.81,2.87,157.8,145.1,0.937,0.164,
1791427848.0504484,0.7538,0.8767,0.7006,0.4998,0.4302,0.6350,0.5695,0.6350,0.6350,0.1557,0.1966,0.5695,0.4998,0.0369,0.0205,0.0123,0.0369,0.4570,0.6430,,0.1860,,49.39,2.87,157.6,143.6,0.896,0.160,
1791427848.0911267,0.5695,0.8030,0.8030,0.7006,0.4998,0.1966,0.6350,0.5695,0.6350,0.2458,0.0942,0.6350,0.4998,0.0574,0.0164,0.0123,0.0410,0.4550,,,,,49.39,2.87,157.6,143.6,,,
1791427848.1219141,0.5695,0.8767,0.7006,0.4998,0.7006,0.4998,0.5695,0.5695,0.5695,0.1966,0.2458,0.5695,0.5695,0.0369,0.0410,0.0164,0.0246,0.4540,0.6420,0.6620,0.1880,0.0200,49.28,2.89,157.7,143.7,0.968,0.161,
1791427848.154774,0.7538,0.7538,0.9054,0.4998,0.4302,0.6350,0.6350,0.6350,0.8030,0.2991,0.2991,0.4998,0.4302,0.0410,0.0737,0.0410,0.0246,0.4560,0.6415,,0.1855,,49.21,2.93,157.9,144.7,0.920,0.161,
1791427848.1862442,0.5695,0.8440,0.5695,0.5695,0.4302,0.6350,0.4998,0.5695,0.4302,0.2458,0.1966,0.4998,0.4998,0.0410,0.0369,0.0369,0.0369,0.4540,0.6450,,0.1910,,48.72,2.85,,143.9,0.925,0.165,
1791427848.2162502,0.5695,0.7538,0.7006,0.6350,0.5695,0.5695,0.8767,0.5695,0.4998,0.0942,0.1557,0.5695,0.4998,0.0410,0.0942,0.0369,0.0164,0.4540,0.6430,,0.1890,,48.67,2.86,,143.9,0.894,0.165,
1791427848.2502694,0.5695,0.8030,0.7006,0.5695,0.6350,0.7006,0.7006,0.6350,0.4302,0.0942,0.0942,0.4998,0.4998,0.0737,0.0246,0.0164,0.0410,0.4560,0.6430,,0.1870,,48.77,2.88,,143.3,0.889,0.165,
1791427848.2831652,0.8440,0.7538,0.5695,0.5695,0.6350,0.5695,0.6350,0.5695,0.6350,0.1966,0.2991,0.4998,0.4998,0.0369,0.0574,0.0369,0.0574,0.4560,0.6440,,0.1880,,49.18,2.88,,143.8,0.864,0.162,
1791427848.317036,0.5695,0.7006,0.6350,0.4998,0.4998,0.5695,0.4998,0.5695,0.5695,0.1557,0.3646,0.6350,0.4998,0.0574,0.0410,0.0369,0.0369,0.4540,0.6420,,0.1880,,48.98,2.91,,144.0,0.915,0.163,1.648
1791427848.350648,0.7006,0.8767,0.5695,0.5695,0.7006,0.8030,0.7538,0.7006,0.3646,0.3646,0.2458,0.4998,0.4998,0.0737,0.0410,0.0164,0.0164,0.4540,0.6440,,0.1900,,49.13,2.88,156.1,143.9,0.901,0.163,1.512
1791427848.3834891,0.6350,0.7006,0.8030,0.4998,0.4998,0.7006,0.7538,0.4998,0.2458,0.1966,0.1229,0.5695,0.4998,0.0369,0.0410,0.0164,0.0164,0.4540,0.6415,,0.1875,,49.10,2.90,155.4,143.8,0.949,0.163,
1791427848.4229615,0.6350,0.7006,0.7006,0.6350,0.7006,0.6350,0.7538,0.5695,0.3646,0.2458,0.4302,0.4998,0.4998,0.0737,0.0410,0.0246,0.0246,0.4570,0.6455,,0.1885,,48.73,2.83,154.9,143.0,0.881,0.165,1.686
1791427848.456081,0.3646,0.8767,0.7538,0.6350,0.5695,0.5695,0.7006,0.7006,0.2991,0.0574,0.2458,0.5695,0.4998,0.0574,0.0369,0.0369,0.0410,0.4530,0.6420,,0.1890,,48.80,2.87,153.7,143.0,0.915,0.165,
1791427848.486573,0.6350,0.8440,0.7538,0.7006,0.5695,0.5695,0.6350,0.4998,0.3646,0.1966,0.2458,0.5695,0.5695,0.0410,0.0123,0.0369,0.0369,0.4560,0.6440,0.6620,0.1880,0.0180,48.62,2.87,153.9,142.8,0.897,0.166,
1791427848.5179188,0.5695,0.8030,0.8030,0.4998,0.7006,0.5695,0.6350,0.4998,0.3646,0.2458,0.0574,0.5695,0.5695,0.0410,0.0246,0.0164,0.0410,0.4560,0.6420,0.6590,0.1860,0.0170,48.90,2.81,154.8,142.6,0.939,0.164,
1791427848.5505157,0.4998,0.8767,0.6350,0.5695,0.4998,0.3646,0.5695,0.5695,0.5695,0.2991,0.0942,0.4998,0.5695,0.0574,0.0123,0.0164,0.0246,0.4530,0.6415,,0.1885,,49.06,2.84,155.5,142.4,0.953,0.163,
1791427848.5841157,0.7538,0.8030,0.8030,0.7006,0.4998,0.4998,0.8440,0.5695,0.5695,0.3646,0.4302,0.5695,0.4998,0.0942,0.0205,0.0205,0.0574,0.4550,0.6420,,0.1870,,48.89,2.85,155.8,142.8,0.938,0.164,1.562
1791427848.617065,0.4998,0.8767,0.4998,0.5695,0.5695,0.3646,0.8030,0.3646,0.3646,0.0942,0.0942,0.4998,0.4998,0.0737,0.0410,0.0164,0.0410,0.4540,0.6415,,0.1875,,48.37,2.86,156.1,143.3,0.964,0.167,
1791427848.6516666,0.8030,0.8030,0.7006,0.4998,0.4998,0.7006,0.7538,0.6350,0.8030,0.2991,0.4998,0.4998,0.4998,0.0574,0.0205,0.0369,0.0369,0.4540,0.6435,,0.1895,,48.58,2.83,156.1,145.2,0.911,0.166,1.595
1791427848.692647,0.4998,0.9054,0.7006,0.5695,0.4998,0.5695,0.7006,0.5695,0.7538,0.0574,0.3646,0.5695,0.4998,0.0574,0.0164,0.0369,0.0246,0.4570,0.6420,,0.1850,,48.67,2.86,156.5,144.9,0.922,0.165,1.694
1791427848.7240338,0.5695,0.8030,0.8030,0.4302,0.5695,0.4998,0.8030,0.6350,0.6350,0.2458,0.3646,0.5695,0.5695,0.0574,0.0410,0.0164,0.0164,0.4570,0.6435,0.6600,0.1865,0.0165,48.96,2.82,156.7,144.1,0.888,0.163,1.621
1791427848.7552328,0.4998,0.5695,0.7006,0.5695,0.4998,0.7538,0.6350,0.4302,0.6350,0.3646,0.3646,0.4998,0.4998,0.0164,0.0205,0.0164,0.0410,0.4540,0.6420,,0.1880,,48.89,2.86,156.6,144.0,0.890,0.164,1.521
1791427848.7871544,0.7006,0.7538,0.7538,0.5695,0.6350,0.6350,0.7006,0.5695,0.4302,0.0737,0.2991,0.5695,0.4998,0.0737,0.0123,0.0205,0.0246,0.4560,0.6440,,0.1880,,49.08,2.83,155.7,144.4,0.876,0.163,
1791427848.8189042,0.6350,0.8030,0.7538,0.4998,0.6350,0.5695,0.6350,0.1966,0.5695,0.2991,0.1229,0.4998,0.4998,0.0737,0.0246,0.0164,0.0246,0.4560,0.6435,,0.1875,,48.83,2.81,157.3,144.5,0.903,0.164,
1791427848.850998,0.4998,0.7538,0.5695,0.7006,0.7006,0.7538,0.7006,0.5695,0.4302,0.0369,0.2458,0.7538,0.5695,0.0574,0.0205,0.0123,0.0369,0.4560,0.6425,0.6650,0.1865,0.0225,49.25,2.98,155.8,144.9,0.876,0.161,
1791427848.8835824,0.4998,0.8440,0.7006,0.4998,0.5695,0.7538,0.8030,0.4302,0.4998,0.3646,0.4302,0.5695,0.4998,0.0369,0.0369,0.0164,0.0369,0.4540,0.6410,,0.1870,,49.11,3.00,157.1,146.5,0.966,0.162,1.681
1791427848.918085,0.5695,0.7006,0.7538,0.6350,0.5695,0.7006,0.3646,0.4998,0.4998,0.2991,0.1229,0.4302,0.4998,0.1229,0.0369,0.0123,0.0369,0.4560,0.6415,,0.1855,,48.91,2.99,158.1,145.4,0.978,0.163,
1791427848.9509811,0.5695,0.6350,0.4998,0.4998,0.7006,0.5695,0.7538,0.4998,0.4302,0.4302,0.2458,0.4998,0.4998,0.0410,0.0164,0.0164,0.0410,0.4560,0.6440,,0.1880,,49.27,2.98,158.0,145.1,0.857,0.161,1.444
1791427848.9851477,0.5695,0.8767,0.7006,0.5695,0.3646,0.6350,0.7006,0.5695,0.7538,0.1229,0.3646,0.5695,0.5695,0.0574,0.0205,0.0164,0.0369,0.4540,0.6425,0.6630,0.1885,0.0205,48.80,3.01,156.8,145.4,0.938,0.164,1.700
1791427849.0239062,0.5695,0.8030,0.5695,0.6350,0.3646,0.5695,0.7538,0.4998,0.7006,0.2991,0.0574,0.5695,0.4998,0.0737,0.0205,0.0246,0.0246,0.4560,0.6420,,0.1860,,48.44,3.00,157.7,145.0,0.961,0.166,
1791427849.0556817,0.7006,0.8440,0.8767,0.4998,0.4302,0.7006,0.7006,0.4998,0.3646,0.0574,0.2991,0.5695,0.5695,0.0574,0.0369,0.0123,0.0164,0.4580,0.6440,0.6610,0.1860,0.0170,48.94,2.96,156.8,144.8,0.872,0.163,
1791427849.0872898,0.8440,0.8030,0.8030,0.5695,0.4302,0.6350,0.7538,0.7006,0.4998,0.1966,0.3646,0.4998,0.4998,0.0737,0.0082,0.0123,0.0246,0.4540,0.6430,,0.1890,,49.28,2.99,157.0,144.3,0.861,0.161,1.568
1791427849.1183465,0.7538,0.7538,0.6350,0.5695,0.6350,0.6350,0.5695,0.6350,0.5695,0.2991,0.3646,0.4998,0.4998,0.0246,0.0123,0.0369,0.0123,0.4570,0.6420,,0.1850,,49.05,3.01,157.0,144.1,0.914,0.162,1.674
1791427849.150801,0.4998,0.8767,0.4998,0.7006,0.5695,0.8030,0.7006,0.6350,0.7006,0.2991,0.0574,0.5695,0.4998,0.0410,0.0410,0.0123,0.0369,0.4560,0.6420,,0.1860,,49.19,3.02,156.9,144.3,0.927,0.161,
1791427849.1861167,0.7006,0.8440,0.8030,0.4998,0.6350,0.5695,0.6350,0.6350,0.8440,0.2458,0.1229,0.4998,0.5695,0.0410,0.0205,0.0369,0.0205,0.4560,0.6430,,0.1870,,49.37,3.01,156.7,144.8,0.901,0.160,
1791427849.2177043,0.5695,0.8767,0.7538,0.5695,0.4302,0.5695,0.8440,0.4302,0.3646,0.2458,0.0942,0.5695,0.4302,0.0942,0.0369,0.0123,0.0410,0.4560,0.6415,,0.1855,,49.29,3.03,156.9,144.8,0.932,0.160,
1791427849.252513,0.5695,0.8440,0.9054,0.5695,0.4998,0.6350,0.6350,0.5695,0.3646,0.2458,0.4998,0.5695,0.4998,0.1229,0.0164,0.0123,0.0369,0.4540,0.6415,,0.1875,,48.84,3.02,157.1,145.8,0.967,0.163,1.690
1791427849.2933536,0.5695,0.9054,0.7006,0.6350,0.5695,0.6350,0.7538,0.4998,0.4998,0.0737,0.1966,0.5695,0.4998,0.0942,0.0574,0.0410,0.0369,0.4560,0.6415,,0.1855,,49.06,3.03,156.4,146.0,0.947,0.162,
1791427849.3248663,0.7006,0.6350,0.7538,0.5695,0.4302,0.7006,0.7538,0.7006,0.2991,0.1557,0.3646,0.4302,0.4998,0.0737,0.0205,0.0246,0.0410,0.4560,0.6420,,0.1860,,49.20,3.03,155.8,145.9,0.923,0.161,1.663
1791427849.3556645,0.6350,0.8767,0.8440,0.6350,0.4998,0.6350,0.7006,0.6350,0.4998,0.3646,0.2991,0.5695,0.5695,0.0574,0.0246,0.0205,0.0205,0.4570,0.6425,0.6590,0.1855,0.0165,48.97,2.92,156.1,146.5,0.945,0.162,1.515
1791427849.3881488,0.5695,0.9054,0.8440,0.5695,0.6350,0.6350,0.7006,0.6350,0.4302,0.1557,0.3646,0.5695,0.4998,0.0574,0.0410,0.0246,0.0246,0.4560,0.6415,,0.1855,,48.53,2.92,156.5,147.8,0.962,0.164,1.703
1791427849.4185867,0.4998,0.5695,0.8030,0.5695,0.5695,0.7006,0.7006,0.5695,0.3646,0.3646,0.1557,0.4998,0.5695,0.0574,0.0574,0.0410,0.0410,0.4540,0.6420,,0.1880,,48.47,2.93,157.1,147.4,0.927,0.165,1.600
1791427849.4524765,0.5695,0.8440,0.7006,0.4998,0.5695,0.7006,0.7538,0.7538,0.4302,0.2991,0.4302,0.5695,0.5695,0.0737,0.0205,0.0205,0.0369,0.4530,0.6425,0.6620,0.1895,0.0195,48.51,2.94,157.5,145.3,0.932,0.165,1.723
1791427849.4844718,0.4998,0.8440,0.7006,0.3646,0.6350,0.6350,0.7006,0.4998,0.6350,0.1966,0.1229,0.4998,0.4302,0.0574,0.0410,0.0164,0.0246,0.4570,0.6425,,0.1855,,48.90,2.96,157.7,145.6,0.885,0.163,
1791427849.5190291,0.7006,0.8767,0.7538,0.4302,0.7006,0.7538,0.8030,0.5695,0.8030,0.1229,0.1966,0.5695,0.4998,0.0737,0.0369,0.0123,0.0369,0.4560,0.6435,,0.1875,,48.42,2.92,157.7,145.5,0.925,0.166,
1791427849.551454,0.8767,0.8030,0.6350,0.7538,0.4302,0.4998,0.6350,0.6350,0.7538,0.0410,0.2991,0.5695,0.4998,0.0410,0.0164,0.0369,0.0369,0.4580,0.6420,,0.1840,,48.28,2.94,156.7,144.7,0.917,0.166,
1791427849.5856197,0.4302,0.9587,0.8030,0.5695,0.4998,0.6350,0.7538,0.4998,0.4302,0.0574,0.3646,0.5695,0.5695,0.0574,0.0205,0.0246,0.0410,0.4570,0.6420,0.6610,0.1850,0.0190,48.45,2.95,155.0,144.7,0.918,0.165,1.658
1791427849.6250987,0.6350,0.8440,0.8440,0.4302,0.4302,0.6350,0.6350,0.5695,0.7006,0.4302,0.2458,0.5695,0.4998,0.0574,0.0574,0.0410,0.0369,0.4540,0.6415,,0.1875,,48.21,2.94,155.1,145.4,0.968,0.167,1.648
1791427849.656346,0.6350,0.8030,0.7006,0.6350,0.6350,0.5695,0.7006,0.6350,0.3646,0.3646,0.2991,0.4302,0.5695,0.0369,0.0205,0.0164,0.0246,0.4560,0.6410,,0.1850,,48.21,2.95,155.8,145.8,0.975,0.166,1.622
1791427849.6884701,0.5695,0.5695,0.8030,0.7006,0.7006,0.6350,0.4302,0.5695,0.6350,0.2991,0.3646,0.4998,0.6350,0.0737,0.0574,0.0164,0.0410,0.4570,0.6455,,0.1885,,48.27,2.88,155.9,144.8,0.873,0.166,1.592
1791427849.7197113,0.4998,0.8440,0.5695,0.6350,0.5695,0.7006,0.7538,0.5695,0.6350,0.2991,0.4302,0.4998,0.4998,0.0369,0.0410,0.0246,0.0369,0.4530,0.6425,,0.1895,,48.36,2.88,156.3,144.0,0.936,0.166,1.708
1791427849.7522075,0.5695,0.7006,0.7538,0.5695,0.5695,0.6350,0.7006,0.5695,0.6350,0.2458,0.2458,0.4998,0.4998,0.0574,0.0410,0.0205,0.0164,0.4540,0.6420,,0.1880,,48.27,2.88,156.4,144.1,0.956,0.167,
1791427849.7844422,0.7006,0.8030,0.8030,0.7006,0.3646,0.7006,0.6350,0.6350,0.6350,0.2458,0.0942,0.5695,0.4998,0.0942,0.0410,0.0205,0.0369,0.4560,0.6420,,0.1860,,48.59,2.88,157.0,144.4,0.949,0.165,
1791427849.819517,0.4998,0.8440,0.8030,0.4998,0.4302,0.6350,0.6350,0.7006,0.3646,0.4302,0.1966,0.4998,0.4998,0.0574,0.0205,0.0410,0.0369,0.4560,0.6425,,0.1865,,48.80,2.91,157.1,143.8,0.898,0.164,1.492
1791427849.8517258,0.5695,0.8440,0.6350,0.5695,0.4302,0.5695,0.6350,0.5695,0.6350,0.0942,0.2991,0.4998,0.4998,0.0574,0.0246,0.0205,0.0369,0.4540,0.6415,,0.1875,,49.26,2.92,156.7,144.0,0.947,0.161,
1791427849.885901,0.4998,0.8030,0.6350,0.6350,0.4998,0.8030,0.7538,0.5695,0.2991,0.0574,0.2458,0.5695,0.6350,0.0574,0.0574,0.0164,0.0123,0.4560,0.6430,0.6610,0.1870,0.0180,49.07,2.89,155.7,144.2,0.940,0.162,
1791427849.9258063,0.6350,0.8440,0.7538,0.7006,0.2991,0.5695,0.8030,0.4998,0.5695,0.1966,0.3646,0.5695,0.5695,0.0410,0.0205,0.0205,0.0369,0.4560,0.6405,0.6620,0.1845,0.0215,48.70,2.93,156.1,145.0,0.988,0.164,1.768
1791427849.9576612,0.6350,0.8767,0.4302,0.4998,0.4998,0.4998,0.7006,0.6350,0.7538,0.4302,0.2458,0.6350,0.4302,0.0574,0.0410,0.0123,0.0246,0.4560,0.6425,,0.1865,,48.72,2.91,156.7,145.4,0.953,0.164,1.601
1791427849.9885683,0.5695,0.7006,0.7538,0.4998,0.4998,0.5695,0.7006,0.4998,0.3646,0.0942,0.0737,0.5695,0.4998,0.0574,0.0574,0.0246,0.0246,0.4540,0.6420,,0.1880,,48.65,2.91,155.5,145.1,0.950,0.164,
1791427850.0199347,0.7006,0.8440,0.7006,0.4302,0.4998,0.4998,0.5695,0.5695,0.4998,0.2458,0.4302,0.5695,0.5695,0.0410,0.0205,0.0205,0.0369,0.4570,0.6420,0.6620,0.1850,0.0200,48.35,2.93,156.6,144.7,0.956,0.166,1.705
1791427850.0522227,0.5695,0.8030,0.6350,0.7538,0.6350,0.6350,0.4998,0.7538,0.6350,0.1966,0.1966,0.4998,0.5695,0.0737,0.0410,0.0164,0.0246,0.4570,0.6415,,0.1845,,48.15,2.95,157.7,144.4,0.952,0.167,
1791427850.0858767,0.5695,0.8030,0.7538,0.5695,0.5695,0.6350,0.7006,0.4998,0.4998,0.2458,0.2991,0.5695,0.4998,0.0369,0.0246,0.0574,0.0410,0.4540,0.6425,,0.1885,,48.15,2.94,158.0,144.1,0.932,0.167,
1791427850.1202247,0.6350,0.8030,0.8767,0.5695,0.2991,0.5695,0.7538,0.7538,0.7006,0.1966,0.4302,0.5695,0.4998,0.0410,0.0205,0.0205,0.0246,0.4560,0.6415,,0.1855,,48.40,2.97,158.0,145.2,0.931,0.165,1.620
1791427850.1519032,0.7538,0.8440,0.8030,0.5695,0.4998,0.8030,0.6350,0.3646,0.4302,0.1966,0.1229,0.5695,0.4998,0.0410,0.0205,0.0369,0.0369,0.4560,0.6420,,0.1860,,48.63,2.98,158.3,144.9,0.922,0.164,
1791427850.1858566,0.7538,0.8030,0.8030,0.5695,0.6350,0.5695,0.7538,0.4998,0.7006,0.1557,0.1966,0.4998,0.5695,0.0410,0.0205,0.0369,0.0574,0.4560,0.6440,,0.1880,,48.63,2.95,157.5,144.8,0.889,0.164,
1791427850.2267506,0.4998,0.8030,0.8030,0.5695,0.4302,0.5695,0.8440,0.6350,0.5695,0.2458,0.1229,0.5695,0.5695,0.0737,0.0369,0.0246,0.0369,0.4560,0.6445,0.6610,0.1885,0.0165,48.99,2.90,157.6,144.7,0.876,0.163,
1791427850.2570906,0.6350,0.7006,0.7538,0.6350,0.3646,0.7538,0.7006,0.4998,0.7538,0.0574,0.0942,0.4998,0.5695,0.0574,0.0737,0.0164,0.0369,0.4560,0.6425,,0.1865,,49.20,2.92,156.5,144.9,0.905,0.161,
1791427850.286844,0.5695,0.8030,0.8030,0.7006,0.4998,0.6350,0.7006,0.4302,0.4998,0.2991,0.2991,0.4998,0.4998,0.0574,0.0123,0.0123,0.0369,0.4540,0.6475,,0.1935,,49.13,2.80,157.0,144.6,0.865,0.163,
1791427850.3214629,0.4302,0.9054,0.5695,0.6350,0.6350,0.6350,0.7006,0.4302,0.6350,0.0737,0.3646,0.4998,0.4998,0.0737,0.0164,0.0123,0.0246,0.4560,0.6445,,0.1885,,49.23,2.78,154.4,145.0,0.887,0.162,1.557
1791427850.3532789,0.4302,0.9259,0.8440,0.4998,0.6350,0.7006,0.7538,0.4998,0.7006,0.2991,0.1966,0.5695,0.4302,0.0942,0.0205,0.0123,0.0369,0.4540,0.6420,,0.1880,,48.99,2.80,156.1,145.8,0.975,0.164,
1791427850.385568,0.4998,0.8767,0.7538,0.4998,0.4302,0.7538,0.8030,0.5695,0.5695,0.2458,0.3646,0.4998,0.4998,0.0574,0.0205,0.0369,0.0410,0.4560,0.6425,,0.1865,,48.90,2.82,156.5,145.9,0.936,0.164,1.605
1791427850.4193199,0.7006,0.7538,0.7538,0.7006,0.4998,0.6350,0.6350,0.7006,0.8030,0.0574,0.2991,0.5695,0.4302,0.0942,0.0205,0.0205,0.0246,0.4580,0.6435,,0.1855,,48.83,2.81,155.0,146.2,0.914,0.164,
1791427850.453394,0.5695,0.8440,0.7006,0.7006,0.6350,0.4998,0.8440,0.4302,0.4998,0.2458,0.1966,0.4998,0.4998,0.0369,0.0164,0.0123,0.0205,0.4570,0.6425,,0.1855,,48.33,2.84,155.6,146.0,0.918,0.166,
1791427850.4859803,0.4998,0.4998,0.8440,0.7006,0.4302,0.4998,0.5695,0.5695,0.5695,0.0410,0.1557,0.5695,0.4998,0.0410,0.0205,0.0574,0.0369,0.4560,0.6430,,0.1870,,48.33,2.82,,145.8,0.953,0.166,
1791427850.5204823,0.6350,0.9054,0.6350,0.7006,0.4302,0.6350,0.6350,0.6350,0.4998,0.0737,0.0737,0.6350,0.4998,0.0410,0.0410,0.0369,0.0246,0.4570,0.6430,,0.1860,,48.33,2.83,,145.4,0.923,0.166,
1791427850.5583608,0.6350,0.8030,0.9054,0.4998,0.4302,0.5695,0.8030,0.5695,0.7538,0.3646,0.1966,0.5695,0.4998,0.0369,0.0246,0.0123,0.0123,0.4560,0.6435,,0.1875,,48.56,2.82,155.1,145.7,0.917,0.165,1.547
1791427850.5894516,0.4302,0.8767,0.7538,0.6350,0.4998,0.6350,0.8030,0.6350,0.7538,0.0410,0.3646,0.5695,0.5695,0.0737,0.0369,0.0246,0.0410,0.4560,0.6450,0.6620,0.1890,0.0170,48.43,2.80,154.2,145.0,0.906,0.166,1.702
1791427850.6213732,0.7006,0.8440,0.6350,0.5695,0.4302,0.6350,0.7538,0.5695,0.7006,0.1229,0.0942,0.5695,0.5695,0.0410,0.0410,0.0164,0.0369,0.4540,0.6425,0.6600,0.1885,0.0175,48.40,2.77,153.6,144.4,0.944,0.167,
1791427850.6532571,0.6350,0.7538,0.7006,0.6350,0.5695,0.6350,0.4998,0.5695,0.4302,0.1557,0.3646,0.5695,0.4998,0.0410,0.0410,0.0123,0.0369,0.4540,0.6435,,0.1895,,48.54,2.77,153.6,144.5,0.915,0.166,1.681
1791427850.6864874,0.5695,0.7538,0.8767,0.5695,0.7006,0.7006,0.6350,0.5695,0.4998,0.2458,0.2991,0.4998,0.4998,0.0574,0.0123,0.0123,0.0246,0.4560,0.6425,,0.1865,,48.43,2.79,154.3,144.6,0.928,0.166,
1791427850.719243,0.4998,0.8767,0.5695,0.7006,0.4998,0.6350,0.8030,0.6350,0.4302,0.2991,0.1966,0.5695,0.4998,0.0205,0.0164,0.0369,0.0369,0.4530,0.6440,,0.1910,,48.61,2.79,154.8,144.0,0.892,0.166,
1791427850.7529738,0.4998,0.7006,0.7538,0.6350,0.4998,0.6350,0.7538,0.5695,0.6350,0.1966,0.1229,0.4998,0.5695,0.0574,0.0246,0.0246,0.0369,0.4530,0.6415,,0.1885,,48.96,2.85,154.6,144.6,0.908,0.164,
1791427850.7863038,0.5695,0.7538,0.8440,0.4998,0.4302,0.4998,0.7006,0.6350,0.6350,0.0942,0.2458,0.5695,0.5695,0.0164,0.0205,0.0082,0.0369,0.4550,0.6435,0.6600,0.1885,0.0165,49.25,2.81,153.5,143.8,0.888,0.162,
1791427850.8264914,0.8030,0.8440,0.7538,0.6350,0.4998,0.4998,0.7006,0.4998,0.7006,0.1557,0.0942,0.6350,0.4302,0.0574,0.0246,0.0164,0.0246,0.4550,0.6420,,0.1870,,49.65,2.84,154.6,144.5,0.921,0.160,
1791427850.8572433,0.7006,0.7538,0.6350,0.5695,0.4998,0.7006,0.7006,0.6350,0.5695,0.1966,0.2991,0.5695,0.4998,0.0410,0.0164,0.0123,0.0205,0.4570,0.6435,,0.1865,,49.80,2.84,155.0,143.8,0.884,0.159,
1791427850.8868136,0.6350,0.9054,0.9054,0.6350,0.3646,0.7006,0.6350,0.4998,0.5695,0.1966,0.3646,0.4998,0.4302,0.0246,0.0164,0.0369,0.0246,0.4560,0.6425,,0.1865,,50.12,2.84,155.7,143.4,0.930,0.157,1.670
1791427850.9256115,0.7006,0.8440,0.8440,0.6350,0.7006,0.6350,0.7538,0.4998,0.2458,0.0574,0.1557,0.5695,0.6350,0.0574,0.0410,0.0246,0.0246,0.4550,0.6410,0.6650,0.1860,0.0240,49.64,3.00,154.7,143.5,0.942,0.159,
1791427850.9539437,0.4998,0.9259,0.8767,0.6350,0.4302,0.7006,0.7006,0.4998,0.4302,0.3646,0.2458,0.4998,0.5695,0.0205,0.0205,0.0164,0.0369,0.4570,0.6425,,0.1855,,49.72,3.02,155.4,143.6,0.899,0.158,1.490
1791427850.9863796,0.7006,0.8440,0.5695,0.6350,0.7006,0.7006,0.6350,0.4302,0.4998,0.3646,0.3646,0.4998,0.4998,0.0574,0.0574,0.0205,0.0246,0.4550,0.6425,,0.1875,,49.48,3.03,155.6,144.2,0.902,0.160,1.542
1791427851.0201042,0.5695,0.8767,0.6350,0.5695,0.6350,0.5695,0.5695,0.3646,0.4998,0.2991,0.2991,0.4302,0.4998,0.0737,0.0205,0.0123,0.0410,0.4570,0.6435,,0.1865,,49.44,3.02,156.8,143.9,0.868,0.160,
1791427851.0534508,0.8030,0.8767,0.7006,0.5695,0.3646,0.4998,0.5695,0.7006,0.4998,0.2991,0.4302,0.4998,0.4998,0.0942,0.0574,0.0369,0.0246,0.4550,0.6435,,0.1885,,49.81,3.02,156.9,143.6,0.876,0.158,1.558
1791427851.086601,0.6350,0.8030,0.6350,0.5695,0.5695,0.6350,0.7006,0.4998,0.8030,0.4302,0.3646,0.4998,0.5695,0.0574,0.0246,0.0123,0.0369,0.4550,0.6420,,0.1870,,49.21,3.01,157.3,143.7,0.952,0.161,1.620
1791427851.1263902,0.4998,0.7006,0.7006,0.6350,0.5695,0.7006,0.7538,0.4998,0.5695,0.0737,0.0737,0.5695,0.4998,0.0410,0.0574,0.0246,0.0574,0.4560,0.6445,,0.1885,,48.85,2.95,157.0,143.5,0.907,0.164,
1791427851.157909,0.3646,0.8030,0.6350,0.4998,0.3646,0.6350,0.3646,0.7006,0.4998,0.0737,0.1557,0.4998,0.4998,0.0737,0.0123,0.0123,0.0369,0.4560,0.6440,,0.1880,,48.83,2.94,156.6,143.3,0.885,0.164,
1791427851.1891253,0.5695,0.8767,0.8030,0.5695,0.6350,0.7538,0.8030,0.4998,0.5695,0.2991,0.2458,0.4302,0.4998,0.0574,0.0164,0.0164,0.0369,0.4560,0.6410,,0.1850,,48.82,2.98,156.9,144.2,0.946,0.164,
1791427851.2212174,0.5695,0.8030,0.7006,0.5695,0.5695,0.5695,0.6350,0.5695,0.4998,0.2458,0.1966,0.5695,0.4998,0.0737,0.0574,0.0164,0.0410,0.4530,0.6440,,0.1910,,48.67,2.92,157.2,144.2,0.945,0.165,
1791427851.253209,0.4302,0.8030,0.7006,0.4998,0.4998,0.4998,0.7006,0.6350,0.8440,0.0410,0.1229,0.5695,0.5695,0.0737,0.0205,0.0369,0.0369,0.4620,0.6425,0.6600,0.1805,0.0175,48.68,2.88,156.0,143.5,0.918,0.164,
1791427851.2877312,0.4998,0.8030,0.8767,0.6350,0.4998,0.5695,0.7006,0.6350,0.5695,0.1966,0.0942,0.5695,0.4998,0.0942,0.0737,0.0369,0.0246,0.4540,0.6435,,0.1895,,48.60,2.87,156.2,142.8,0.914,0.165,
1791427851.3199716,0.6350,0.8767,0.7006,0.4998,0.5695,0.7006,0.4998,0.4998,0.2991,0.1966,0.1229,0.5695,0.5695,0.0574,0.0369,0.0164,0.0246,0.4560,0.6410,0.6590,0.1850,0.0180,48.66,2.83,156.2,143.1,0.956,0.164,
1791427851.3534522,0.5695,0.9054,0.7006,0.7006,0.4998,0.5695,0.7538,0.7538,0.4998,0.0574,0.4302,0.5695,0.4998,0.0369,0.0205,0.0164,0.0410,0.4550,0.6420,,0.1870,,49.02,2.84,155.3,143.3,0.935,0.162,1.636
1791427851.387779,0.6350,0.8767,0.6350,0.4998,0.4998,0.6350,0.7006,0.7538,0.7006,0.1557,0.0942,0.4998,0.4998,0.0369,0.0246,0.0164,0.0369,0.4550,0.6415,,0.1865,,48.54,2.85,155.8,142.6,0.967,0.165,
1791427851.4271204,0.7006,0.9054,0.8030,0.6350,0.6350,0.6350,0.6350,0.5695,0.6350,0.2458,0.2458,0.5695,0.5695,0.0737,0.0737,0.0369,0.0369,0.4540,0.6435,0.6650,0.1895,0.0215,48.82,2.97,155.7,142.4,0.881,0.164,
1791427851.4586322,0.7538,0.8030,0.7006,0.5695,0.4302,0.7006,0.7538,0.4998,0.8030,0.1966,0.0737,0.5695,0.4998,0.0574,0.0369,0.0123,0.0246,0.4560,0.6435,,0.1875,,48.85,2.94,155.6,143.0,0.932,0.164,
1791427851.4893563,0.4998,0.7538,0.5695,0.6350,0.4998,0.6350,0.7538,0.6350,0.2991,0.1966,0.1557,0.4998,0.4302,0.0205,0.0410,0.0123,0.0369,0.4560,0.6450,,0.1890,,48.88,2.90,156.2,142.8,0.869,0.164,
1791427851.521496,0.4302,0.8767,0.7538,0.4998,0.4998,0.5695,0.8767,0.4998,0.7006,0.1966,0.3646,0.5695,0.4998,0.0410,0.0410,0.0410,0.0410,0.4560,0.6420,,0.1860,,48.48,2.94,156.3,144.3,0.925,0.166,1.660
1791427851.554361,0.6350,0.7538,0.7538,0.6350,0.4998,0.5695,0.8767,0.7006,0.7006,0.4998,0.3646,0.5695,0.4998,0.0737,0.0369,0.0205,0.0369,0.4570,0.6430,,0.1860,,48.01,2.90,156.4,145.0,0.969,0.168,1.605
1791427851.5870798,0.4302,0.9054,0.7006,0.4998,0.4998,0.7538,0.7006,0.6350,0.6350,0.2991,0.3646,0.5695,0.4998,0.0246,0.0737,0.0164,0.0369,0.4550,0.6385,,0.1835,,47.86,2.97,157.0,145.1,1.034,0.169,1.779
1791427851.6220636,0.5695,0.7006,0.7538,0.5695,0.4302,0.8030,0.5695,0.7006,0.6350,0.0574,0.5695,0.5695,0.4998,0.0410,0.0369,0.0164,0.0369,0.4580,0.6435,,0.1855,,48.40,2.98,155.5,144.7,0.868,0.165,1.527
1791427851.6630185,0.5695,0.8767,0.8767,0.5695,0.4302,0.8030,0.5695,0.7006,0.6350,0.3646,0.4302,0.5695,0.5695,0.0205,0.0369,0.0369,0.0369,0.4570,0.6405,0.6650,0.1835,0.0245,48.68,3.13,156.3,147.2,0.941,0.163,1.579
1791427851.6952474,0.5695,0.8440,0.8030,0.7006,0.7006,0.8030,0.4998,0.6350,0.4302,0.0574,0.1557,0.5695,0.4998,0.0574,0.0246,0.0369,0.0410,0.4540,0.6420,,0.1880,,49.00,3.15,155.2,147.0,0.905,0.162,
1791427851.725693,0.6350,0.7006,0.7006,0.7006,0.6350,0.5695,0.4998,0.5695,0.4302,0.4302,0.4302,0.4998,0.4302,0.0369,0.0205,0.0369,0.0410,0.4560,0.6425,,0.1865,,48.79,3.13,155.4,147.1,0.936,0.163,1.565
1791427851.7575874,0.8030,0.7006,0.8030,0.6350,0.4302,0.6350,0.6350,0.4302,0.7006,0.1966,0.3646,0.5695,0.4998,0.0574,0.0369,0.0164,0.0410,0.4570,0.6430,,0.1860,,48.93,3.13,155.6,148.1,0.877,0.162,1.552
1791427851.7888134,0.6350,0.7006,0.8440,0.4998,0.3646,0.7006,0.7006,0.4998,0.2458,0.1966,0.2991,0.4302,0.5695,0.0574,0.0123,0.0123,0.0246,0.4540,0.6415,,0.1875,,49.22,3.15,155.9,148.4,0.930,0.161,
1791427851.8205962,0.4302,0.9054,0.8030,0.4998,0.4302,0.7006,0.2991,0.4302,0.2991,0.0410,0.0942,0.4998,0.5695,0.0942,0.0164,0.0123,0.0369,0.4560,,,,,49.22,3.15,155.9,148.4,,,
1791427851.8543756,0.4998,0.8440,0.7538,0.6350,0.4998,0.7538,0.4998,0.5695,0.7006,0.2458,0.2991,0.5695,0.5695,0.0737,0.0246,0.0205,0.0246,0.4560,0.6420,0.6620,0.1860,0.0200,49.17,3.15,156.2,147.7,0.909,0.161,
1791427851.8876317,0.5695,0.7538,0.7006,0.5695,0.6350,0.6350,0.7538,0.5695,0.4302,0.2991,0.0942,0.4998,0.5695,0.0369,0.0205,0.0369,0.0410,0.4550,0.6400,,0.1850,,49.08,3.16,157.2,147.9,0.999,0.161,
1791427851.9217653,0.7538,0.7006,0.8030,0.5695,0.4998,0.6350,0.7006,0.4998,0.4302,0.2458,0.1966,0.5695,0.5695,0.0574,0.0205,0.0574,0.0369,0.4560,0.6430,0.6610,0.1870,0.0180,49.31,3.12,157.8,147.6,0.880,0.160,
1791427851.95457,0.7538,0.6350,0.8440,0.4998,0.5695,0.6350,0.8030,0.4302,0.8767,0.2458,0.2458,0.5695,0.4302,0.0369,0.0123,0.0123,0.0205,0.4560,0.6440,,0.1880,,49.16,3.06,157.8,147.4,0.905,0.161,
1791427851.9954636,0.5695,0.7538,0.4998,0.4998,0.6350,0.7006,0.7006,0.7006,0.4302,0.1966,0.2458,0.4998,0.4998,0.0410,0.0942,0.0164,0.0246,0.4550,0.6415,,0.1865,,49.71,3.08,158.0,147.1,0.934,0.158,
1791427852.0261805,0.6350,0.8767,0.5695,0.4302,0.7006,0.8030,0.5695,0.4302,0.5695,0.2991,0.2991,0.5695,0.5695,0.0410,0.0205,0.0123,0.0410,0.4560,0.6415,0.6630,0.1855,0.0215,49.88,3.13,157.9,147.4,0.919,0.157,
1791427852.0573573,0.4998,0.8767,0.7538,0.4998,0.5695,0.6350,0.5695,0.4302,0.3646,0.0942,0.0942,0.5695,0.5695,0.0737,0.0737,0.0082,0.0369,0.4560,0.6435,0.6610,0.1875,0.0175,49.49,3.06,155.4,146.5,0.915,0.159,
1791427852.0910563,0.6350,0.5695,0.7006,0.6350,0.4998,0.7006,0.8030,0.4302,0.4998,0.2458,0.2991,0.4998,0.4998,0.0737,0.0246,0.0369,0.0410,0.4560,0.6420,,0.1860,,49.50,3.08,155.7,146.0,0.898,0.159,
1791427852.1225564,0.6350,0.8030,0.8030,0.6350,0.5695,0.5695,0.6350,0.5695,0.7006,0.2458,0.3646,0.4998,0.4998,0.0574,0.0246,0.0369,0.0246,0.4540,0.6415,,0.1875,,49.41,3.08,155.7,148.2,0.952,0.160,1.629
1791427852.155649,0.4998,0.6350,0.6350,0.7538,0.6350,0.5695,0.5695,0.4302,0.4302,0.1966,0.3646,0.4998,0.4998,0.0737,0.0164,0.0574,0.0369,0.4560,0.6430,,0.1870,,49.58,3.07,155.7,147.5,0.906,0.159,1.629
1791427852.1880977,0.4998,0.8030,0.7006,0.6350,0.6350,0.7538,0.7538,0.5695,0.7006,0.1966,0.2991,0.5695,0.5695,0.0205,0.0410,0.0205,0.0410,0.4570,0.6410,0.6610,0.1840,0.0200,49.27,3.02,156.3,148.0,1.010,0.160,
1791427852.2223504,0.7006,0.7006,0.5695,0.4998,0.6350,0.7006,0.6350,0.4998,0.4302,0.1966,0.0574,0.4998,0.4998,0.0410,0.0410,0.0205,0.0246,0.4540,0.6425,,0.1885,,49.44,3.01,156.4,146.2,0.931,0.160,
1791427852.2627273,0.6350,0.4998,0.6350,0.4998,0.5695,0.2458,0.7006,0.5695,0.3646,0.3646,0.3646,0.5695,0.4998,0.0410,0.0205,0.0246,0.0369,0.4540,,,,,49.44,3.01,,146.2,,,
1791427852.2948124,0.4998,0.7538,0.7006,0.5695,0.5695,0.6350,0.6350,0.4302,0.2458,0.2991,0.3646,0.4998,0.4998,0.0737,0.0164,0.0246,0.0410,0.4560,0.6415,,0.1855,,49.11,3.00,,145.8,0.973,0.161,1.734
1791427852.3255117,0.5695,0.6350,0.7538,0.7006,0.5695,0.6350,0.8030,0.4998,0.5695,0.2458,0.2991,0.5695,0.5695,0.0410,0.0737,0.0369,0.0410,0.4540,0.6430,0.6600,0.1890,0.0170,49.11,2.92,,146.2,0.946,0.162,
1791427852.3566296,0.6350,0.6350,0.6350,0.4998,0.4302,0.3646,0.5695,0.8030,0.5695,0.2991,0.2458,0.5695,0.5695,0.0574,0.0205,0.0164,0.0164,0.4540,0.6435,0.6610,0.1895,0.0175,48.91,2.86,,146.1,0.947,0.163,
1791427852.3886633,0.7538,0.4302,0.8030,0.7006,0.5695,0.7006,0.6350,0.6350,0.5695,0.2991,0.4302,0.4998,0.4302,0.0410,0.0205,0.0369,0.0410,0.4560,0.6445,,0.1885,,49.03,2.84,,146.8,0.881,0.163,1.572
1791427852.4224937,0.6350,0.4302,0.7006,0.6350,0.4302,0.5695,0.7006,0.4998,0.7006,0.0942,0.4302,0.5695,0.4998,0.0737,0.0574,0.0164,0.0164,0.4560,0.6410,,0.1850,,48.71,2.86,,147.8,0.982,0.164,1.728
1791427852.455191,0.7006,0.4998,0.7538,0.6350,0.3646,0.4302,0.7538,0.5695,0.4302,0.2991,0.1557,0.6350,0.4998,0.0369,0.0164,0.0123,0.0369,0.4560,0.6430,,0.1870,,49.06,2.87,,148.0,0.906,0.162,
1791427852.4889004,0.6350,0.6350,0.7538,0.5695,0.5695,0.4302,0.7538,0.5695,0.4302,0.0737,0.1229,0.4998,0.4998,0.0410,0.0246,0.0369,0.0410,0.4560,0.6430,,0.1870,,49.13,2.87,,147.3,0.922,0.162,
1791427852.5210624,0.4998,0.5695,0.7538,0.6350,0.5695,0.7006,0.7538,0.5695,0.5695,0.4302,0.2991,0.4302,0.4302,0.0574,0.0123,0.0123,0.0574,0.4570,0.6420,,0.1850,,49.15,2.87,155.8,147.6,0.961,0.161,1.560
1791427852.5552258,0.5695,0.8030,0.7538,0.6350,0.6350,0.6350,0.7006,0.4998,0.5695,0.0942,0.2458,0.4998,0.5695,0.0737,0.0410,0.0164,0.0410,0.4540,0.6415,,0.1875,,49.12,2.90,155.7,147.6,0.940,0.162,
1791427852.595394,0.8030,0.4998,0.7538,0.5695,0.4302,0.7006,0.7006,0.4998,0.6350,0.2458,0.4302,0.6350,0.4302,0.1229,0.0737,0.0737,0.0205,0.4540,0.6420,,0.1880,,49.28,2.91,156.7,147.5,0.932,0.161,1.620
1791427852.6268206,0.4998,0.4998,0.7538,0.6350,0.4998,0.6350,0.4998,0.7538,0.7538,0.3646,0.2991,0.5695,0.5695,0.0410,0.0246,0.0164,0.0369,0.4540,0.6445,0.6590,0.1905,0.0145,49.49,2.79,157.0,147.5,0.905,0.160,1.540
1791427852.6581495,0.5695,0.4302,0.7006,0.4302,0.5695,0.5695,0.6350,0.5695,0.4302,0.0737,0.4302,0.5695,0.4998,0.0574,0.0369,0.0246,0.0410,0.4560,0.6435,,0.1875,,49.38,2.78,155.9,146.3,0.910,0.161,1.607
1791427852.6891003,0.6350,0.4998,0.7006,0.5695,0.6350,0.5695,0.6350,0.4998,0.4302,0.1557,0.2991,0.5695,0.4998,0.0369,0.0574,0.0164,0.0410,0.4540,0.6445,,0.1905,,49.13,2.74,156.3,146.8,0.919,0.163,
1791427852.722282,0.2991,0.6350,0.8030,0.4998,0.4998,0.7006,0.7538,0.5695,0.4302,0.0574,0.2991,0.4998,0.4998,0.0942,0.0942,0.0164,0.0164,,0.6420,,,,49.13,2.74,155.7,147.2,0.944,0.163,
1791427852.7556264,0.5695,0.6350,0.4302,0.6350,0.4998,0.7538,0.7006,0.4998,0.8440,0.2991,0.3646,0.5695,0.5695,0.0410,0.0205,0.0164,0.0410,0.4530,0.6420,0.6610,0.1890,0.0190,49.53,2.78,156.4,147.4,0.922,0.161,1.604
1791427852.7885368,0.4302,0.7006,0.8767,0.5695,0.5695,0.7006,0.7006,0.5695,0.7006,0.0369,0.2458,0.4998,0.5695,0.0369,0.0369,0.0164,0.0369,0.4540,0.6415,,0.1875,,49.42,2.82,153.9,147.2,0.936,0.161,
1791427852.8220794,0.7538,0.6350,0.7538,0.6350,0.5695,0.5695,0.8030,0.4998,0.5695,0.1966,0.2991,0.5695,0.5695,0.0410,0.0574,0.0369,0.0574,0.4560,0.6445,0.6650,0.1885,0.0205,49.55,2.92,154.6,146.4,0.869,0.161,
1791427852.85594,0.5695,0.5695,0.7006,0.6350,0.6350,0.5695,0.6350,0.5695,0.6350,0.1966,0.1229,0.6350,0.4998,0.0574,0.0369,0.0410,0.0410,0.4540,0.6420,,0.1880,,49.65,2.95,155.2,146.2,0.926,0.160,
1791427852.8942986,0.7006,0.6350,0.7006,0.6350,0.3646,0.6350,0.6350,0.6350,0.4998,0.1229,0.2991,0.5695,0.4302,0.0737,0.0246,0.0205,0.0369,0.4580,0.6425,,0.1845,,50.03,2.96,155.4,146.3,0.911,0.157,
1791427852.924808,0.7006,0.4998,0.5695,0.6350,0.4998,0.5695,0.7006,0.4302,0.7538,0.0942,0.3646,0.5695,0.4998,0.0410,0.0369,0.0369,0.0369,0.4540,0.6465,,0.1925,,49.82,2.86,153.5,144.8,0.898,0.159,1.692
1791427852.9576375,0.7006,0.4998,0.6350,0.6350,0.5695,0.7006,0.7538,0.2991,0.5695,0.2458,0.2991,0.4302,0.2991,0.0737,0.0123,0.0123,0.0123,0.4560,0.6420,,0.1860,,50.04,2.90,155.4,145.4,,0.158,
1791427852.9885893,0.5695,0.5695,0.7538,0.3646,0.4302,0.6350,0.6350,0.4302,0.4998,0.4302,0.2458,0.6350,0.4998,0.0737,0.0164,0.0123,0.0410,0.4560,0.6465,,0.1905,,49.94,2.81,155.7,145.6,0.884,0.159,1.525
1791427853.022209,0.5695,0.4998,0.7538,0.5695,0.4302,0.5695,0.6350,0.4998,0.5695,0.2991,0.2991,0.4998,0.5695,0.0410,0.0369,0.0369,0.0410,0.4540,0.6425,,0.1885,,49.60,2.83,156.5,145.7,0.948,0.160,
1791427853.0568855,0.7006,0.4302,0.7538,0.7006,0.6350,0.7006,0.7538,0.3646,0.6350,0.2991,0.2458,0.4998,0.4302,0.0942,0.0246,0.0164,0.0123,0.4540,0.6420,,0.1880,,49.23,2.87,157.0,145.7,0.938,0.162,
1791427853.0901082,0.8030,0.5695,0.4998,0.5695,0.4302,0.6350,0.7006,0.7006,0.7006,0.2991,0.2991,0.4302,0.3646,0.0574,0.0205,0.0246,0.0410,0.4570,0.6430,,0.1860,,49.39,2.88,157.3,145.2,0.910,0.161,
1791427853.1233048,0.6350,0.6350,0.8030,0.7006,0.1966,0.7538,0.7538,0.5695,0.7006,0.3646,0.2991,0.5695,0.4998,0.0737,0.0574,0.0369,0.0164,0.4540,0.6425,,0.1885,,49.25,2.89,157.0,145.2,0.950,0.162,1.566
1791427853.1636643,0.6350,0.4302,0.4998,0.6350,0.4302,0.7006,0.7006,0.4302,0.2458,0.2458,0.0942,0.4998,0.4998,0.0737,0.0369,0.0205,0.0369,0.4570,0.6425,,0.1855,,49.83,2.92,157.1,143.9,0.900,0.158,
1791427853.1951196,0.5695,0.7538,0.5695,0.6350,0.4998,0.7006,0.6350,0.5695,0.4998,0.1557,0.3646,0.6350,0.4998,0.0574,0.0205,0.0164,0.0246,0.4540,0.6410,,0.1870,,49.50,2.94,156.8,144.6,0.988,0.160,1.729
1791427853.2279274,0.8030,0.7006,0.7538,0.5695,0.4998,0.5695,0.7538,0.2458,0.5695,0.2458,0.3646,0.4302,0.2991,0.0410,0.0574,0.0205,0.0410,0.4540,0.6425,,0.1885,,50.03,2.97,157.5,144.8,,0.157,1.569
1791427853.2576795,0.7006,0.8440,0.7538,0.6350,0.6350,0.7006,0.4302,0.6350,0.4302,0.0737,0.4302,0.6350,0.5695,0.0574,0.0123,0.0164,0.0369,0.4570,0.6425,0.6610,0.1855,0.0185,49.52,2.93,156.4,144.9,0.956,0.160,1.736
1791427853.2906845,0.5695,0.5695,0.4302,0.5695,0.4998,0.7006,0.6350,0.5695,0.6350,0.1557,0.1966,0.4998,0.4302,0.0123,0.0246,0.0246,0.0410,0.4540,0.6450,,0.1910,,49.78,2.89,156.2,144.9,0.865,0.159,
1791427853.3227732,0.4998,0.4302,0.6350,0.4302,0.5695,0.4302,0.7006,0.6350,0.4302,0.2458,0.3646,0.4998,0.4998,0.0410,0.0369,0.0123,0.0410,0.4570,0.6430,,0.1860,,49.99,2.92,155.8,145.1,0.872,0.157,1.545
1791427853.3560975,0.5695,0.4998,0.6350,0.4998,0.5695,0.6350,0.7538,0.4998,0.6350,0.2458,0.0737,0.4998,0.4998,0.0574,0.0164,0.0246,0.0410,0.4540,0.6415,,0.1875,,49.70,2.94,156.3,144.7,0.955,0.159,
1791427853.3890924,0.5695,0.4998,0.7006,0.6350,0.4998,0.4998,0.7538,0.4998,0.5695,0.2458,0.2991,0.5695,0.5695,0.0369,0.0369,0.0164,0.0123,0.4580,0.6420,0.6600,0.1840,0.0180,49.61,2.91,157.4,144.4,0.926,0.159,
1791427853.4225311,0.5695,0.5695,0.7006,0.5695,0.3646,0.7006,0.7006,0.3646,0.5695,0.0574,0.1229,0.5695,0.5695,0.0410,0.0369,0.0123,0.0410,0.4560,0.6425,0.6610,0.1865,0.0185,49.71,2.89,155.3,144.8,0.943,0.158,
1791427853.463414,0.4998,0.7006,0.7538,0.5695,0.3646,0.6350,0.6350,0.7006,0.3646,0.0574,0.1966,0.4998,0.4998,0.0369,0.0164,0.0123,0.0164,0.4550,0.6425,,0.1875,,49.59,2.88,155.2,144.5,0.939,0.159,
1791427853.494583,0.8030,0.6350,0.6350,0.5695,0.5695,0.7538,0.6350,0.6350,0.4998,0.2991,0.2991,0.5695,0.5695,0.0942,0.0369,0.0205,0.0574,0.4540,0.6425,0.6650,0.1885,0.0225,49.95,3.02,155.9,143.9,0.897,0.157,
1791427853.526052,0.7006,0.4302,0.7538,0.7006,0.6350,0.5695,0.4998,0.5695,0.8440,0.2991,0.2458,0.4302,0.4302,0.0410,0.0205,0.0246,0.0205,0.4570,0.6435,,0.1865,,49.83,3.02,156.2,143.6,0.877,0.158,
1791427853.5581427,0.5695,0.7006,0.6350,0.4302,0.5695,0.3646,0.7006,0.4998,0.3646,0.3646,0.1966,0.5695,0.4302,0.0737,0.0369,0.0246,0.0123,0.4540,0.6410,,0.1870,,49.62,3.05,156.3,144.5,0.946,0.159,1.588
1791427853.5896235,0.4998,0.7006,0.7006,0.6350,0.5695,0.7538,0.8030,0.4998,0.5695,0.2458,0.2991,0.5695,0.4998,0.1229,0.0369,0.0123,0.0369,0.4550,0.6420,,0.1870,,49.57,3.05,156.9,144.4,0.941,0.159,
1791427853.6240435,0.6350,0.8440,0.7006,0.5695,0.3646,0.5695,0.5695,0.4302,0.3646,0.1966,0.3646,0.4998,0.4998,0.0574,0.0574,0.0123,0.0410,0.4560,0.6430,,0.1870,,49.46,3.03,156.8,144.6,0.919,0.160,1.674
1791427853.6566875,0.6350,0.5695,0.8030,0.6350,0.5695,0.5695,0.5695,0.4302,0.2458,0.1966,0.3646,0.4998,0.5695,0.0574,0.0410,0.0369,0.0369,0.4560,0.6415,,0.1855,,49.77,3.07,156.5,145.1,0.897,0.158,1.546
1791427853.6897633,0.8030,0.5695,0.8030,0.4998,0.4302,0.7538,0.7538,0.5695,0.6350,0.0737,0.3646,0.6350,0.5695,0.0574,0.0369,0.0123,0.0574,0.4550,0.6445,0.6630,0.1895,0.0185,49.86,3.06,155.4,144.4,0.885,0.158,1.631
1791427853.7234974,0.6350,0.4302,0.8030,0.4302,0.2458,0.7006,0.7538,0.5695,0.6350,0.1966,0.2991,0.5695,0.4998,0.0410,0.0369,0.0246,0.0205,0.4560,0.6425,,0.1865,,50.17,3.06,156.3,143.8,0.926,0.156,
1791427853.7639709,0.8030,0.5695,0.4998,0.4998,0.4998,0.4302,0.7538,0.4302,0.7538,0.0942,0.1966,0.5695,0.4998,0.0410,0.0246,0.0123,0.0369,0.4550,0.6415,,0.1865,,49.90,3.06,156.7,144.3,0.965,0.157,
1791427853.795848,0.7006,0.4998,0.5695,0.6350,0.4998,0.2458,0.8030,0.6350,0.2991,0.2458,0.2991,0.5695,0.5695,0.0942,0.0737,0.0164,0.0410,0.4550,,0.6590,,,49.90,3.06,156.7,144.3,,,
1791427853.8269827,0.5695,0.5695,0.5695,0.7006,0.3646,0.5695,0.7006,0.6350,0.3646,0.1966,0.3646,0.4998,0.4998,0.0737,0.0574,0.0123,0.0369,0.4550,0.6420,,0.1870,,49.58,3.05,156.8,145.6,0.953,0.159,1.632
1791427853.8581812,0.4302,0.4998,0.7006,0.4998,0.5695,0.3646,0.6350,0.4998,0.5695,0.0574,0.1557,0.5695,0.4998,0.0410,0.0574,0.0164,0.0123,0.4560,0.6410,,0.1850,,49.18,3.06,155.8,145.1,0.984,0.161,
1791427853.8911142,0.7006,0.6350,0.6350,0.4998,0.6350,0.2458,0.7006,0.4302,0.3646,0.2991,0.3646,0.5695,0.4998,0.0410,0.0123,0.0164,0.0246,0.4560,,,,,49.18,3.06,155.8,145.1,,,
1791427853.9237585,0.4998,0.5695,0.7538,0.5695,0.6350,0.6350,0.6350,0.4302,0.2991,0.2991,0.3646,0.5695,0.4998,0.1229,0.0246,0.0369,0.0123,0.4560,0.6470,,0.1910,,49.51,2.96,156.5,144.8,0.865,0.160,1.579
1791427853.9572344,0.6350,0.6350,0.7538,0.5695,0.4998,0.4998,0.7006,0.4998,0.7538,0.2991,0.2991,0.5695,0.4302,0.0369,0.0246,0.0369,0.0369,0.4570,0.6445,,0.1875,,49.55,2.91,156.9,145.0,0.934,0.160,
1791427853.9905882,0.6350,0.5695,0.8440,0.5695,0.4998,0.5695,0.7538,0.5695,0.5695,0.1966,0.2991,0.5695,0.5695,0.0410,0.0369,0.0410,0.0369,0.4540,0.6430,0.6590,0.1890,0.0160,49.90,2.83,156.7,145.6,0.917,0.158,
1791427854.0234957,0.4998,0.8030,0.4998,0.4998,0.4998,0.5695,0.6350,0.6350,0.2991,0.4302,0.2458,0.4998,0.6350,0.0942,0.0942,0.0369,0.0574,0.4560,0.6475,,0.1915,,49.95,2.73,156.5,144.9,0.864,0.158,1.444
1791427854.0633605,0.5695,0.7538,0.4998,0.4998,0.4998,0.7538,0.8030,0.4998,0.4302,0.2458,0.2458,0.4302,0.4998,0.0737,0.0369,0.0369,0.0369,0.4540,0.6415,,0.1875,,49.85,2.81,156.9,145.2,0.925,0.159,
1791427854.094126,0.7006,0.4998,0.7006,0.5695,0.5695,0.3646,0.7538,0.4998,0.7538,0.2991,0.1966,0.5695,0.4998,0.0410,0.0246,0.0123,0.0369,0.4560,0.6425,,0.1865,,49.92,2.81,156.8,145.4,0.963,0.158,
1791427854.1267922,0.4302,0.7538,0.4998,0.6350,0.6350,0.5695,0.7538,0.4302,0.7006,0.1966,0.2458,0.5695,0.5695,0.0410,0.0205,0.0164,0.0246,0.4540,0.6435,0.6600,0.1895,0.0165,49.70,2.75,156.9,145.3,0.938,0.160,
1791427854.1577108,0.6350,0.7538,0.5695,0.5695,0.4998,0.7006,0.7538,0.4302,0.3646,0.2991,0.3646,0.4998,0.4998,0.0410,0.0369,0.0410,0.0369,0.4560,0.6425,,0.1865,,49.32,2.76,157.1,144.7,0.955,0.162,1.722
1791427854.1906614,0.7006,0.6350,0.3646,0.6350,0.4998,0.7006,0.7006,0.4302,0.4302,0.1557,0.2458,0.5695,0.5695,0.0737,0.0369,0.0369,0.0369,0.4560,0.6475,0.6610,0.1915,0.0135,49.52,2.67,157.0,143.9,0.857,0.161,
1791427854.225176,0.4998,0.7006,0.6350,0.6350,0.6350,0.4998,0.7538,0.4302,0.6350,0.2991,0.2458,0.5695,0.4998,0.0574,0.0164,0.0205,0.0205,0.4600,0.6410,,0.1810,,49.67,2.74,157.8,144.8,0.955,0.159,
1791427854.2579618,0.7006,0.6350,0.7538,0.6350,0.5695,0.7006,0.7538,0.6350,0.4302,0.1229,0.1966,0.6350,0.4998,0.0737,0.0410,0.0369,0.0410,0.4560,0.6455,,0.1895,,49.78,2.69,157.3,144.6,0.900,0.159,
1791427854.2905953,0.7538,0.6350,0.7006,0.4998,0.4302,0.4998,0.6350,0.4998,0.4302,0.2991,0.3646,0.5695,0.4998,0.0942,0.0205,0.0123,0.0369,0.4560,0.6415,,0.1855,,49.97,2.76,157.5,145.1,0.940,0.157,1.637
1791427854.3242946,0.5695,0.7538,0.5695,0.4302,0.4302,0.7538,0.7006,0.4998,0.4998,0.4302,0.2991,0.4998,0.4302,0.0410,0.0369,0.0205,0.0369,0.4560,0.6455,,0.1895,,50.19,2.71,157.3,144.7,0.885,0.156,1.443
1791427854.3629012,0.6350,0.8767,0.6350,0.6350,0.6350,0.5695,0.7006,0.4998,0.4998,0.3646,0.2458,0.5695,0.4998,0.0410,0.0164,0.0369,0.0369,0.4560,0.6425,,0.1865,,50.00,2.75,157.4,145.2,0.918,0.157,1.534
1791427854.3947692,0.6350,0.5695,0.8030,0.6350,0.4302,0.6350,0.8030,0.4302,0.6350,0.4302,0.2991,0.4302,0.4998,0.0246,0.0164,0.0369,0.0410,0.4560,0.6415,,0.1855,,49.83,2.81,157.6,146.0,0.933,0.158,1.572
1791427854.42629,0.7538,0.8030,0.6350,0.5695,0.4302,0.5695,0.7538,0.7006,0.4998,0.2458,0.2458,0.4998,0.5695,0.0369,0.0410,0.0164,0.0369,0.4560,0.6425,,0.1865,,49.64,2.80,157.7,145.8,0.960,0.159,
1791427854.457881,0.5695,0.5695,0.7006,0.5695,0.4998,0.6350,0.7006,0.3646,0.6350,0.3646,0.2991,0.4998,0.5695,0.0369,0.0410,0.0123,0.0369,0.4560,0.6450,,0.1890,,49.85,2.78,157.6,145.7,0.869,0.158,1.492
1791427854.4910643,0.7006,0.7006,0.5695,0.6350,0.6350,0.7006,0.7006,0.4998,0.7538,0.3646,0.2991,0.6350,0.5695,0.0737,0.0369,0.0164,0.0369,0.4560,0.6415,0.6610,0.1855,0.0195,49.89,2.80,157.9,145.9,0.967,0.157,1.581
1791427854.5240269,0.8030,0.5695,0.7538,0.6350,0.4998,0.6350,0.8440,0.6350,0.6350,0.0942,0.2458,0.4998,0.5695,0.0574,0.0410,0.0164,0.0205,0.4550,0.6400,,0.1850,,49.68,2.84,156.9,147.0,1.015,0.158,
1791427854.5579646,0.6350,0.5695,0.7538,0.4998,0.7006,0.4302,0.7538,0.5695,0.4998,0.0942,0.1557,0.5695,0.4998,0.0369,0.0123,0.0123,0.0164,0.4580,0.6415,,0.1835,,49.83,2.87,156.5,147.0,0.932,0.157,
1791427854.591403,0.6350,0.6350,0.7006,0.6350,0.4302,0.7006,0.7538,0.6350,0.4998,0.2458,0.0737,0.4998,0.4998,0.0574,0.0123,0.0164,0.0410,0.4540,0.6425,,0.1885,,49.75,2.87,157.0,146.4,0.932,0.158,
1791427854.6330748,0.7006,0.6350,0.6350,0.6350,0.6350,0.7006,0.8030,0.5695,0.4998,0.1966,0.3646,0.5695,0.4998,0.0574,0.0369,0.0369,0.0369,0.4540,0.6405,,0.1865,,49.36,2.90,157.6,148.2,0.980,0.160,1.668
1791427854.6641026,0.7538,0.7538,0.5695,0.4998,0.4302,0.6350,0.7006,0.4302,0.4302,0.1966,0.4998,0.5695,0.4998,0.0574,0.0574,0.0369,0.0205,0.4540,0.6405,,0.1865,,49.41,2.92,158.8,148.6,0.993,0.160,1.696
1791427854.694728,0.6350,0.7006,0.5695,0.7006,0.4302,0.5695,0.5695,0.4998,0.2458,0.2458,0.4302,0.5695,0.4998,0.0410,0.0410,0.0410,0.0369,0.4560,0.6415,,0.1855,,49.56,2.92,158.7,146.7,0.953,0.159,1.640
1791427854.7271926,0.7006,0.6350,0.7006,0.4998,0.4998,0.7538,0.6350,0.2991,0.6350,0.2991,0.3646,0.5695,0.4302,0.0737,0.0574,0.0205,0.0246,0.4540,0.6405,,0.1865,,49.48,2.95,158.9,147.8,0.969,0.159,1.669
1791427854.7575545,0.7006,0.4998,0.7006,0.6350,0.6350,0.6350,0.6350,0.4998,0.8767,0.2991,0.4302,0.5695,0.4998,0.0574,0.0369,0.0164,0.0246,0.4560,0.6415,,0.1855,,49.21,2.92,158.8,148.4,0.994,0.161,1.765
1791427854.79079,0.7538,0.5695,0.7538,0.5695,0.5695,0.7006,0.7006,0.4302,0.7538,0.2991,0.0737,0.5695,0.4998,0.0737,0.0369,0.0123,0.0123,0.4560,0.6425,,0.1865,,49.45,2.91,158.5,148.2,0.943,0.159,
1791427854.8243334,0.6350,0.5695,0.7538,0.5695,0.5695,0.5695,0.7006,0.5695,0.5695,0.4998,0.3646,0.4998,0.5695,0.1229,0.0205,0.0164,0.0369,0.4550,0.6435,,0.1885,,49.93,2.90,157.7,147.3,0.881,0.157,1.458
1791427854.8581946,0.7538,0.5695,0.7538,0.4998,0.4998,0.6350,0.7006,0.4998,0.2458,0.2458,0.2991,0.4998,0.4998,0.0574,0.0246,0.0369,0.0574,0.4580,0.6455,,0.1875,,50.29,2.83,157.4,147.3,0.888,0.155,
1791427854.891773,0.7538,0.6350,0.6350,0.4998,0.5695,0.6350,0.5695,0.4302,0.5695,0.2458,0.3646,0.4998,0.4998,0.0410,0.0410,0.0246,0.0369,0.4560,0.6420,,0.1860,,50.04,2.85,157.5,146.8,0.932,0.156,1.637
1791427854.9317381,0.7538,0.4302,0.4302,0.5695,0.2991,0.6350,0.7538,0.2991,0.3646,0.0574,0.2991,0.4998,0.4998,0.0574,0.0574,0.0205,0.0246,0.4540,0.6410,,0.1870,,50.11,2.88,155.2,146.6,0.957,0.156,
1791427854.964642,0.7538,0.4998,0.7538,0.5695,0.4302,0.7006,0.6350,0.4302,0.4302,0.1557,0.2991,0.5695,0.4998,0.0410,0.0410,0.0205,0.0369,0.4550,0.6435,,0.1885,,50.21,2.84,155.4,146.6,0.945,0.156,
1791427854.9967563,0.7538,0.5695,0.5695,0.5695,0.7006,0.7538,0.7006,0.4302,0.8030,0.3646,0.4302,0.4998,0.4302,0.0410,0.0246,0.0369,0.0369,0.4560,0.6430,,0.1870,,50.03,2.82,155.6,146.6,0.942,0.157,1.581
1791427855.027631,0.8030,0.5695,0.8030,0.7006,0.4302,0.5695,0.7538,0.2458,0.4998,0.1966,0.2991,0.4998,0.5695,0.0574,0.0410,0.0574,0.0164,0.4560,0.6410,,0.1850,,49.72,,155.0,146.0,0.963,0.158,
1791427855.0593772,0.6350,0.4302,0.8767,0.4998,0.3646,0.7538,0.7538,0.4998,0.6350,0.4302,0.2458,0.4998,0.5695,0.0737,0.0164,0.0574,0.0574,0.4560,0.6430,,0.1870,,49.91,,155.4,145.8,0.885,0.157,1.464
1791427855.0917442,0.7538,0.4302,0.7006,0.6350,0.4998,0.5695,0.7006,0.3646,0.6350,0.2991,0.2458,0.4998,0.4998,0.0164,0.0246,0.0164,0.0123,0.4540,0.6415,,0.1875,,49.61,,156.7,145.8,0.982,0.159,
1791427855.1265628,0.6350,0.4998,0.5695,0.5695,0.5695,0.7006,0.7006,0.5695,0.2991,0.3646,0.3646,0.5695,0.4998,0.1229,0.0574,0.0369,0.0574,0.4560,0.6450,,0.1890,,49.75,,156.7,144.4,0.881,0.159,1.478
1791427855.1589513,0.3646,0.6350,0.7538,0.5695,0.4998,0.5695,0.7006,0.7006,0.2991,0.1229,0.3646,0.5695,0.4998,0.0369,0.0410,0.0123,0.0369,0.4560,0.6410,,0.1850,,49.47,,157.0,146.0,0.960,0.160,1.685
1791427855.19269,0.6350,0.6350,0.7006,0.7006,0.4998,0.6350,0.5695,0.4998,0.5695,0.2458,0.2991,0.5695,0.4998,0.0369,0.0246,0.0369,0.0574,0.4550,0.6410,,0.1860,,49.79,,157.6,146.4,0.961,0.158,
1791427855.2341294,0.7538,0.5695,0.8030,0.6350,0.4998,0.7006,0.7006,0.2458,0.2991,0.2991,0.0574,0.6350,0.4302,0.0737,0.0574,0.0410,0.0410,0.4550,0.6425,,0.1875,,49.93,,158.1,145.6,0.932,0.157,
1791427855.2662811,0.4998,0.5695,0.7006,0.6350,0.4302,0.4998,0.8030,0.2991,0.4302,0.3646,0.4302,0.5695,0.4998,0.0574,0.0369,0.0164,0.0164,0.4560,0.6415,,0.1855,,50.10,,157.8,145.2,0.924,0.156,1.504
1791427855.2980468,0.7006,0.5695,0.5695,0.4998,0.5695,0.6350,0.7006,0.2991,0.5695,0.1557,0.3646,0.4302,0.4302,0.0574,0.0164,0.0164,0.0369,0.4560,0.6425,,0.1865,,50.12,,157.2,145.6,0.946,0.156,1.669
1791427855.32839,0.4302,0.5695,0.8030,0.5695,0.4302,0.7006,0.6350,0.6350,0.5695,0.2991,0.1557,0.5695,0.4302,0.0737,0.0369,0.0574,0.0246,0.4560,0.6450,,0.1890,,50.56,,156.7,145.8,0.868,0.154,
1791427855.360263,0.4302,0.8030,0.7006,0.6350,0.5695,0.6350,0.7538,0.4998,0.7006,0.1557,0.1229,0.5695,0.5695,0.0410,0.0123,0.0369,0.0410,0.4540,0.6420,0.6600,0.1880,0.0180,50.34,2.83,156.8,145.5,0.939,0.155,
1791427855.3920577,0.8440,0.7006,0.7006,0.4302,0.4998,0.7006,0.7538,0.4998,0.7538,0.3646,0.4302,0.6350,0.4998,0.0574,0.0164,0.0369,0.0246,0.4530,0.6410,,0.1880,,49.93,2.85,156.8,145.6,0.980,0.158,1.622
1791427855.4255068,0.7006,0.5695,0.6350,0.6350,0.3646,0.6350,0.5695,0.6350,0.4302,0.1966,0.0737,0.5695,0.5695,0.0942,0.0164,0.0205,0.0369,0.4560,0.6465,0.6590,0.1905,0.0125,50.06,2.70,156.9,145.1,0.868,0.157,
1791427855.4582744,0.6350,0.5695,0.7538,0.6350,0.3646,0.6350,0.7538,0.5695,0.7006,0.4302,0.3646,0.5695,0.5695,0.0410,0.0246,0.0123,0.0164,0.4550,0.6410,0.6600,0.1860,0.0190,49.89,2.73,157.2,144.8,0.963,0.158,1.610
1791427855.492211,0.7006,0.7006,0.6350,0.7006,0.5695,0.7006,0.5695,0.6350,0.7006,0.1966,0.0737,0.5695,0.5695,0.0410,0.0123,0.0123,0.0410,0.4550,0.6420,0.6640,0.1870,0.0220,49.93,2.86,157.4,144.0,0.924,0.158,
1791427855.5252676,0.6350,0.7538,0.6350,0.5695,0.6350,0.6350,0.8030,0.5695,0.6350,0.1966,0.2991,0.4998,0.5695,0.0737,0.0369,0.0164,0.0246,0.4540,0.6415,,0.1875,,49.77,2.89,157.8,144.3,0.938,0.159,
1791427855.5584884,0.5695,0.6350,0.7006,0.4302,0.5695,0.7006,0.7538,0.4302,0.6350,0.1229,0.1557,0.6350,0.5695,0.0574,0.0369,0.0123,0.0369,0.4540,0.6425,0.6610,0.1885,0.0185,50.07,2.88,158.0,144.5,0.927,0.157,
1791427855.599087,0.7538,0.9054,0.5695,0.5695,0.5695,0.7006,0.7538,0.4998,0.5695,0.0737,0.4302,0.5695,0.4998,0.0369,0.0246,0.0123,0.0246,0.4580,0.6445,,0.1865,,49.64,2.82,156.8,144.0,0.928,0.159,1.687
1791427855.6299975,0.5695,0.8030,0.5695,0.4302,0.4998,0.6350,0.7006,0.4998,0.3646,0.2991,0.0737,0.4998,0.4302,0.0737,0.0205,0.0205,0.0410,0.4560,0.6420,,0.1860,,49.84,2.84,157.6,143.6,0.931,0.158,
1791427855.662913,0.6350,0.8030,0.7006,0.7006,0.4998,0.8440,0.8030,0.4998,0.7006,0.2458,0.4302,0.4998,0.4302,0.0574,0.0410,0.0164,0.0123,0.4560,0.6435,,0.1875,,49.63,2.82,157.8,142.5,0.931,0.159,1.661
1791427855.693444,0.5695,0.7006,0.7538,0.5695,0.4998,0.6350,0.7006,0.7006,0.2991,0.2458,0.2991,0.5695,0.5695,0.0574,0.0164,0.0123,0.0246,0.4560,0.6405,0.6600,0.1845,0.0195,49.24,2.81,158.4,143.1,1.008,0.161,
1791427855.7260225,0.7006,0.8030,0.7006,0.7006,0.5695,0.5695,0.4998,0.4998,0.2458,0.0574,0.1229,0.5695,0.4302,0.0737,0.0164,0.0205,0.0246,0.4560,0.6435,,0.1875,,49.21,2.78,156.1,143.0,0.927,0.161,
1791427855.7588499,0.7006,0.8030,0.4302,0.6350,0.4302,0.5695,0.6350,0.6350,0.4998,0.1229,0.4302,0.4998,0.4998,0.0410,0.0410,0.0164,0.0205,0.4560,0.6440,,0.1880,,49.75,2.79,155.7,143.5,0.857,0.158,1.514
1791427855.7920794,0.5695,0.8030,0.8030,0.5695,0.4302,0.3646,0.7006,0.4998,0.2458,0.2458,0.4302,0.5695,0.4998,0.0574,0.0205,0.0369,0.0369,0.4560,0.6425,,0.1865,,49.68,2.79,156.8,145.1,0.941,0.159,1.604
1791427855.8263285,0.6350,0.7006,0.7538,0.5695,0.4998,0.4998,0.7538,0.7006,0.1557,0.1229,0.0942,0.5695,0.4998,0.0737,0.0410,0.0123,0.0246,0.4540,0.6430,,0.1890,,50.04,2.82,157.0,144.9,0.872,0.157,
1791427855.8593228,0.4998,0.7538,0.7006,0.6350,0.6350,0.6350,0.7538,0.5695,0.4998,0.2991,0.2458,0.6350,0.5695,0.0574,0.0369,0.0164,0.0369,0.4540,0.6460,0.6620,0.1920,0.0160,50.04,2.77,156.7,144.8,0.885,0.158,
1791427855.8998632,0.4998,0.5695,0.4998,0.7006,0.6350,0.4998,0.8030,0.2458,0.6350,0.2458,0.2991,0.5695,0.4998,0.0574,0.0123,0.0164,0.0246,0.4560,0.6420,,0.1860,,49.75,2.80,157.8,145.5,0.950,0.159,
1791427855.9309843,0.5695,0.5695,0.9259,0.5695,0.5695,0.6350,0.8030,0.5695,0.7538,0.2991,0.3646,0.5695,0.5695,0.0574,0.0123,0.0123,0.0369,0.4570,0.6430,0.6600,0.1860,0.0170,50.25,2.77,157.5,144.5,0.905,0.156,1.589
1791427855.9627094,0.7538,0.7538,0.6350,0.5695,0.4998,0.6350,0.6350,0.4302,0.2991,0.2458,0.3646,0.5695,0.4998,0.0942,0.0410,0.0164,0.0369,0.4560,0.6420,,0.1860,,50.08,2.78,157.7,144.7,0.969,0.157,1.715
1791427855.994095,0.7006,0.5695,0.6350,0.5695,0.4998,0.6350,0.7006,0.7538,0.5695,0.2991,0.2991,0.5695,0.5695,0.0369,0.0410,0.0123,0.0205,0.4540,0.6415,0.6600,0.1875,0.0185,49.83,2.75,,144.9,0.993,0.158,
1791427856.0263374,0.7006,0.7006,0.5695,0.4998,0.4998,0.5695,0.7006,0.4998,0.8440,0.2458,0.2458,0.4998,0.5695,0.0942,0.0410,0.0369,0.0410,0.4560,0.6435,,0.1875,,49.60,2.74,,145.3,0.911,0.159,
1791427856.0588021,0.5695,0.8030,0.8030,0.5695,0.6350,0.7538,0.5695,0.6350,0.2991,0.2458,0.1966,0.4998,0.4998,0.0410,0.0246,0.0369,0.0205,0.4550,0.6420,,0.1870,,49.70,2.78,,145.1,0.924,0.159,
1791427856.093094,0.7538,0.7006,0.7006,0.6350,0.4302,0.6350,0.7538,0.4998,0.7538,0.2458,0.4302,0.5695,0.4998,0.0942,0.0164,0.0205,0.0246,0.4540,0.6445,,0.1905,,50.22,2.72,,144.0,0.932,0.156,1.609
1791427856.1263351,0.4302,0.4302,0.7538,0.7538,0.5695,0.5695,0.7538,0.4998,0.7538,0.1966,0.2991,0.4998,0.4302,0.0410,0.0205,0.0369,0.0205,0.4560,0.6430,,0.1870,,50.00,2.73,,144.0,0.910,0.157,
1791427856.1591048,0.6350,0.8030,0.8440,0.4998,0.5695,0.4998,0.5695,0.6350,0.5695,0.2458,0.3646,0.4998,0.4998,0.0737,0.0205,0.0123,0.0123,0.4560,0.6450,,0.1890,,50.16,2.70,,143.2,0.877,0.157,1.580
1791427856.199337,0.5695,0.6350,0.6350,0.5695,0.4998,0.7006,0.6350,0.4302,0.4998,0.2991,0.2991,0.5695,0.4998,0.0410,0.0574,0.0369,0.0369,0.4580,0.6420,,0.1840,,49.82,2.72,,143.5,0.965,0.158,
1791427856.231341,0.7006,0.4998,0.5695,0.6350,0.4998,0.5695,0.7538,0.7006,0.4302,0.2991,0.2991,0.5695,0.4998,0.0737,0.0369,0.0164,0.0410,0.4560,0.6420,,0.1860,,49.78,2.74,,143.3,0.936,0.158,
1791427856.262209,0.5695,0.4998,0.6350,0.6350,0.4998,0.7006,0.7538,0.6350,0.7538,0.2991,0.2991,0.4998,0.5695,0.0369,0.0410,0.0164,0.0574,0.4580,0.6440,,0.1860,,49.43,2.72,,143.6,0.911,0.160,
1791427856.2948453,0.4998,0.8030,0.7538,0.5695,0.6350,0.4302,0.7006,0.4302,0.8440,0.2458,0.3646,0.5695,0.4998,0.0574,0.0410,0.0123,0.0246,0.4560,0.6420,,0.1860,,49.72,2.76,,142.9,0.927,0.158,1.631
1791427856.3261218,0.6350,0.7006,0.7006,0.4998,0.7006,0.3646,0.7538,0.2458,0.4998,0.2991,0.2991,0.6350,0.5695,0.0574,0.0164,0.0123,0.0369,0.4530,0.6410,0.6620,0.1880,0.0210,49.74,2.83,,142.7,0.959,0.158,
1791427856.359644,0.8767,0.6350,0.7006,0.4302,0.4998,0.5695,0.7006,0.3646,0.7006,0.2991,0.2991,0.6350,0.4998,0.0942,0.0410,0.0164,0.0205,0.4580,0.6435,,0.1855,,50.00,2.82,,142.6,0.897,0.157,
1791427856.3929007,0.7538,0.7006,0.7006,0.4998,0.4302,0.6350,0.7538,0.4302,0.6350,0.0737,0.2991,0.5695,0.5695,0.0737,0.0369,0.0123,0.0410,0.4580,0.6435,0.6590,0.1855,0.0155,49.99,2.73,,142.3,0.935,0.156,
1791427856.4272163,0.6350,0.5695,0.8030,0.5695,0.4998,0.7538,0.7538,0.4998,0.7538,0.1966,0.2991,0.4998,0.4998,0.0410,0.0574,0.0123,0.0369,0.4540,0.6435,,0.1895,,49.87,2.73,,142.4,0.906,0.158,
1791427856.4597678,0.5695,0.8030,0.7538,0.5695,0.3646,0.4998,0.6350,0.4998,0.7006,0.2458,0.3646,0.5695,0.4998,0.0574,0.0410,0.0123,0.0369,0.4540,0.6425,,0.1885,,50.12,2.75,,142.0,0.914,0.157,1.650
1791427856.5002358,0.6350,0.5695,0.8440,0.6350,0.4998,0.7006,0.6350,0.7538,0.5695,0.2991,0.2458,0.5695,0.4998,0.0410,0.0123,0.0205,0.0410,0.4550,0.6430,,0.1880,,49.91,2.74,,143.2,0.935,0.158,
1791427856.5321302,0.4998,0.8030,0.5695,0.7006,0.4998,0.5695,0.4998,0.3646,0.8030,0.3646,0.1966,0.5695,0.4998,0.0574,0.0410,0.0164,0.0369,0.4540,0.6425,,0.1885,,49.93,2.74,156.8,143.2,0.941,0.158,1.572
1791427856.5621142,0.6350,0.7538,0.7538,0.5695,0.4998,0.8030,0.5695,0.5695,0.3646,0.2458,0.1229,0.5695,0.4998,0.0737,0.0574,0.0123,0.0410,0.4540,0.6430,,0.1890,,50.31,2.75,157.3,143.4,0.893,0.156,
1791427856.5939965,0.3646,0.7006,0.5695,0.6350,0.6350,0.7006,0.7006,0.4998,0.8030,0.2991,0.2458,0.6350,0.4302,0.0574,0.0205,0.0369,0.0205,0.4560,0.6410,,0.1850,,49.91,2.79,157.7,142.8,0.960,0.158,
1791427856.626641,0.6350,0.7538,0.6350,0.4302,0.3646,0.8030,0.7538,0.3646,0.5695,0.2991,0.4302,0.5695,0.5695,0.0737,0.0246,0.0123,0.0369,0.4560,0.6415,0.6620,0.1855,0.0205,49.58,2.85,158.2,144.0,0.955,0.159,1.651
1791427856.6601102,0.7006,0.7538,0.7538,0.6350,0.4998,0.7006,0.7538,0.4302,0.7538,0.2458,0.2458,0.4998,0.5695,0.0410,0.0164,0.0123,0.0410,0.4580,0.6460,,0.1880,,50.00,2.79,158.0,143.1,0.837,0.157,
1791427856.6935935,0.5695,0.7538,0.6350,0.4998,0.5695,0.7538,0.7538,0.4302,0.3646,0.2991,0.2458,0.5695,0.5695,0.0410,0.0205,0.0123,0.0205,0.4560,0.6410,0.6630,0.1850,0.0220,50.50,2.93,157.5,143.4,0.900,0.154,
1791427856.726458,0.5695,0.5695,0.6350,0.5695,0.4998,0.6350,0.6350,0.4302,0.6350,0.2991,0.0942,0.5695,0.4998,0.0574,0.0246,0.0164,0.0123,0.4540,0.6425,,0.1885,,50.56,2.94,157.4,142.7,0.909,0.154,
1791427856.7603989,0.4998,0.5695,0.8030,0.7006,0.4302,0.6350,0.7006,0.4998,0.2991,0.1966,0.1966,0.6350,0.6350,0.0574,0.0369,0.0164,0.0369,0.4560,0.6440,0.6600,0.1880,0.0160,50.42,2.85,156.6,142.3,0.914,0.155,
1791427856.8011463,0.4998,0.8030,0.5695,0.6350,0.5695,0.4998,0.8030,0.3646,0.7006,0.0574,0.3646,0.5695,0.4998,0.0410,0.0410,0.0205,0.0369,0.4550,0.6425,,0.1875,,49.98,2.84,155.7,144.6,0.942,0.157,1.590
1791427856.8321433,0.6350,0.7538,0.6350,0.5695,0.4998,0.7006,0.7006,0.6350,0.3646,0.2991,0.2991,0.6350,0.4998,0.0410,0.0246,0.0123,0.0369,0.4560,0.6445,,0.1885,,50.59,2.83,155.5,143.7,0.845,0.154,
1791427856.862875,0.5695,0.8440,0.7006,0.5695,0.7006,0.6350,0.6350,0.6350,0.5695,0.2458,0.1229,0.5695,0.4302,0.0574,0.0410,0.0123,0.0246,0.4560,0.6420,,0.1860,,50.19,2.84,156.9,142.8,0.955,0.156,
1791427856.895232,0.4998,0.7538,0.7538,0.7006,0.4302,0.6350,0.4998,0.6350,0.2991,0.0737,0.2458,0.4998,0.4998,0.1229,0.0574,0.0574,0.0369,0.4550,0.6430,,0.1880,,49.80,2.82,156.2,143.1,0.943,0.158,
1791427856.9272594,0.4998,0.7538,0.8030,0.4998,0.4998,0.6350,0.7006,0.7538,0.8767,0.2991,0.1557,0.5695,0.5695,0.0410,0.0205,0.0164,0.0369,0.4560,0.6410,0.6600,0.1850,0.0190,49.23,2.80,157.2,143.9,1.001,0.161,
1791427856.961142,0.5695,0.6350,0.6350,0.6350,0.4998,0.5695,0.5695,0.6350,0.4302,0.2991,0.2991,0.5695,0.4302,0.0942,0.0737,0.0164,0.0410,0.4550,0.6430,,0.1880,,49.19,2.80,157.1,143.8,0.910,0.162,
1791427856.9939625,0.8440,0.6350,0.7006,0.7006,0.5695,0.6350,0.8030,0.4998,0.6350,0.0942,0.3646,0.5695,0.5695,0.0574,0.0737,0.0123,0.0410,0.4560,0.6415,0.6600,0.1855,0.0185,49.11,2.80,157.2,145.4,0.935,0.162,1.605
1791427857.026966,0.5695,0.8440,0.7538,0.6350,0.5695,0.5695,0.4998,0.4998,0.4998,0.1229,0.1966,0.4998,0.5695,0.0737,0.0369,0.0205,0.0369,0.4540,0.6410,,0.1870,,49.07,2.84,157.3,145.6,0.936,0.162,
1791427857.0607898,0.7006,0.6350,0.7538,0.5695,0.2991,0.5695,0.6350,0.4302,0.1966,0.2991,0.1557,0.5695,0.4998,0.0737,0.0205,0.0082,0.0369,0.4540,0.6410,,0.1870,,49.25,2.86,,146.0,0.959,0.161,
1791427857.094154,0.4998,0.8767,0.6350,0.5695,0.4302,0.3646,0.7538,0.2458,0.2991,0.2991,0.1557,0.5695,0.4998,0.0574,0.0205,0.0369,0.0369,0.4560,0.6435,,0.1875,,48.96,2.83,,146.1,0.919,0.163,
1791427857.132192,0.4998,0.8030,0.8440,0.6350,0.5695,0.7006,0.7006,0.2458,0.5695,0.3646,0.2458,0.4998,0.4302,0.0246,0.0246,0.0123,0.0246,0.4540,0.6445,,0.1905,,48.96,2.78,158.6,145.3,0.888,0.163,1.498
1791427857.1638765,0.4998,0.7006,0.7538,0.6350,0.4302,0.7538,0.7538,0.4998,0.6350,0.2991,0.3646,0.4998,0.4998,0.0410,0.0082,0.0246,0.0205,0.4560,0.6430,,0.1870,,48.48,2.76,159.0,144.6,0.952,0.166,1.691
1791427857.19556,0.6350,0.6350,0.7006,0.7006,0.6350,0.5695,0.8440,0.4998,0.4998,0.1557,0.0737,0.4998,0.4998,0.0205,0.0205,0.0205,0.0369,0.4560,0.6435,,0.1875,,48.79,2.76,158.8,143.4,0.881,0.164,
1791427857.2273817,0.6350,0.4998,0.7006,0.7538,0.4302,0.6350,0.4302,0.7006,0.7006,0.1557,0.1229,0.4998,0.5695,0.0205,0.0246,0.0369,0.0246,0.4540,0.6445,,0.1905,,48.88,2.73,159.0,142.7,0.885,0.164,
1791427857.2611487,0.4998,0.8440,0.7538,0.6350,0.5695,0.7006,0.7538,0.5695,0.7006,0.2991,0.2458,0.4998,0.4302,0.0942,0.0369,0.0369,0.0205,0.4560,0.6415,,0.1855,,48.95,2.78,158.2,143.9,0.928,0.163,
1791427857.294633,0.4302,0.8030,0.7006,0.5695,0.4998,0.4998,0.8030,0.2991,0.4998,0.2991,0.2991,0.5695,0.4302,0.0410,0.0410,0.0369,0.0246,0.4560,0.6425,,0.1865,,49.16,2.77,158.4,144.9,0.948,0.162,
1791427857.3284166,0.6350,0.5695,0.6350,0.4998,0.4998,0.7538,0.7006,0.4998,0.3646,0.2458,0.2458,0.4998,0.4998,0.0737,0.0410,0.0369,0.0164,0.4560,0.6445,,0.1885,,49.29,2.73,158.1,145.3,0.906,0.161,
1791427857.3691173,0.6350,0.8030,0.5695,0.7006,0.5695,0.4998,0.6350,0.4998,0.4302,0.1557,0.0737,0.5695,0.4998,0.0410,0.0410,0.0410,0.0369,0.4540,0.6420,,0.1880,,48.96,2.75,157.8,144.8,0.947,0.163,
1791427857.4004707,0.5695,0.8030,0.8030,0.7006,0.6350,0.4302,0.5695,0.5695,0.4302,0.2458,0.1966,0.4998,0.4998,0.0737,0.0205,0.0369,0.0410,0.4560,0.6425,,0.1865,,49.15,2.76,158.0,144.3,0.922,0.162,
1791427857.4334219,0.8030,0.7538,0.8030,0.5695,0.4302,0.5695,0.8030,0.3646,0.4998,0.3646,0.0942,0.4998,0.6350,0.0737,0.0369,0.0123,0.0123,0.4560,0.6425,,0.1865,,48.94,2.73,157.8,145.3,0.988,0.163,1.584
1791427857.4635167,0.4998,0.8030,0.7006,0.4998,0.5695,0.7006,0.6350,0.6350,0.4998,0.1966,0.2458,0.5695,0.4998,0.0410,0.0123,0.0737,0.0369,0.4560,0.6450,,0.1890,,49.01,2.70,158.0,145.4,0.873,0.163,
1791427857.4957194,0.4998,0.8440,0.8030,0.5695,0.6350,0.6350,0.5695,0.5695,0.4302,0.2991,0.1229,0.4998,0.4998,0.0369,0.0205,0.0205,0.0369,0.4560,0.6400,,0.1840,,48.82,2.77,158.0,145.6,0.984,0.164,
1791427857.5275273,0.5695,0.5695,0.7006,0.5695,0.6350,0.6350,0.6350,0.4998,0.6350,0.2458,0.2991,0.5695,0.4998,0.0574,0.0410,0.0369,0.0369,0.4540,0.6410,,0.1870,,49.01,,158.3,145.4,0.966,0.162,
1791427857.5617962,0.4998,0.5695,0.6350,0.4998,0.4302,0.5695,0.6350,0.6350,0.5695,0.2458,0.4998,0.4998,0.5695,0.0369,0.0737,0.0164,0.0123,0.4560,0.6410,,0.1850,,48.66,,159.3,145.1,0.993,0.164,1.803
1791427857.5941849,0.6350,0.5695,0.8030,0.6350,0.4302,0.6350,0.6350,0.6350,0.4998,0.0574,0.1229,0.5695,0.4998,0.0574,0.0574,0.0410,0.0164,0.4540,0.6425,,0.1885,,48.79,,158.0,144.5,0.958,0.164,
1791427857.6283648,0.4998,0.7538,0.7006,0.5695,0.6350,0.7006,0.5695,0.4998,0.5695,0.2458,0.4302,0.4998,0.4998,0.0574,0.0246,0.0246,0.0205,0.4560,0.6415,,0.1855,,48.80,,158.6,144.7,0.934,0.163,1.669
1791427857.6612892,0.4302,0.7538,0.8030,0.5695,0.4302,0.5695,0.8030,0.7006,0.3646,0.2991,0.2991,0.4998,0.4998,0.0410,0.0246,0.0123,0.0205,0.4550,0.6415,,0.1865,,48.24,,159.2,144.5,0.967,0.167,
1791427857.700449,0.4998,0.4998,0.7538,0.5695,0.4998,0.4302,0.7538,0.7006,0.7006,0.2991,0.4302,0.5695,0.4998,0.0574,0.0164,0.0164,0.0410,0.4580,0.6435,,0.1855,,48.43,,159.3,143.8,0.894,0.165,1.601
1791427857.7332213,0.6350,0.6350,0.8030,0.5695,0.4998,0.7006,0.7538,0.5695,0.4998,0.4302,0.0942,0.5695,0.4998,0.0369,0.0123,0.0082,0.0369,0.4560,0.6455,,0.1895,,48.29,,158.9,142.9,0.898,0.167,1.571
1791427857.7644234,0.7538,0.4998,0.7538,0.4998,0.5695,0.6350,0.6350,0.7006,0.4998,0.0942,0.3646,0.4302,0.5695,0.0574,0.0205,0.0205,0.0369,0.4550,0.6410,,0.1860,,47.95,,156.4,144.0,0.987,0.168,1.707
1791427857.7967215,0.7006,0.4302,0.8030,0.4998,0.4302,0.7006,0.6350,0.6350,0.8030,0.1966,0.3646,0.5695,0.5695,0.0574,0.0205,0.0369,0.0410,0.4550,0.6435,0.6590,0.1885,0.0155,47.96,2.69,157.3,143.4,0.926,0.169,1.642
1791427857.828101,0.6350,0.6350,0.7006,0.5695,0.5695,0.7538,0.7006,0.4998,0.2458,0.2991,0.2991,0.6350,0.5695,0.0410,0.0164,0.0410,0.0410,0.4550,0.6440,0.6620,0.1890,0.0180,48.06,2.73,156.8,143.2,0.885,0.168,
1791427857.8612862,0.6350,0.7538,0.8030,0.7538,0.4998,0.7006,0.7538,0.4998,0.4998,0.1966,0.2458,0.4998,0.4998,0.0737,0.0574,0.0369,0.0205,0.4560,0.6420,,0.1860,,48.54,2.77,157.2,143.6,0.917,0.165,
1791427857.8954751,0.4998,0.7538,0.8767,0.5695,0.5695,0.6350,0.7006,0.4998,0.4302,0.2991,0.2458,0.4998,0.4998,0.0737,0.0369,0.0369,0.0369,0.4580,0.6440,,0.1860,,48.44,2.72,157.2,143.2,0.937,0.166,
1791427857.9284785,0.4998,0.7006,0.7006,0.4998,0.3646,0.6350,0.8030,0.3646,0.7538,0.3646,0.1229,0.6350,0.5695,0.0942,0.0574,0.0205,0.0410,0.4560,0.6435,0.6610,0.1875,0.0175,48.91,2.74,157.1,143.2,0.892,0.163,1.492
1791427857.9618335,0.4998,0.6350,0.6350,0.4998,0.4302,0.5695,0.7006,0.4998,0.6350,0.1966,0.2991,0.4998,0.6350,0.0574,0.0737,0.0164,0.0246,0.4540,0.6415,,0.1875,,48.61,2.76,157.2,143.3,0.975,0.165,
1791427858.0019155,0.4302,0.8440,0.7006,0.6350,0.5695,0.7006,0.8030,0.4302,0.4998,0.2458,0.0942,0.5695,0.4998,0.0737,0.0205,0.0123,0.0369,0.4550,0.6430,,0.1880,,48.84,2.79,156.8,142.4,0.868,0.164,
1791427858.0340812,0.7006,0.5695,0.7538,0.6350,0.4302,0.4998,0.7006,0.6350,0.2991,0.2458,0.1229,0.4302,0.4998,0.0737,0.0737,0.0369,0.0574,0.4540,0.6430,,0.1890,,48.88,2.80,156.8,142.0,0.890,0.164,
1791427858.0640533,0.5695,0.7538,0.6350,0.4302,0.5695,0.6350,0.8767,0.7006,0.4998,0.2991,0.2458,0.5695,0.4998,0.0737,0.0205,0.0164,0.0369,0.4560,0.6435,,0.1875,,49.08,2.80,157.3,141.8,0.876,0.163,
1791427858.0976808,0.7006,0.6350,0.7538,0.6350,0.4998,0.6350,0.7006,0.5695,0.4302,0.2458,0.1557,0.4998,0.4998,0.0737,0.0410,0.0410,0.0410,0.4560,0.6430,,0.1870,,48.34,2.79,156.4,141.8,0.922,0.167,
1791427858.1294477,0.4998,0.6350,0.7006,0.5695,0.4302,0.7006,0.7006,0.4998,0.7538,0.2991,0.0942,0.5695,0.5695,0.0410,0.0574,0.0205,0.0410,0.4540,0.6430,0.6620,0.1890,0.0190,48.34,2.84,156.4,141.1,0.897,0.167,
1791427858.1620874,0.4998,0.7538,0.7538,0.5695,0.4302,0.6350,0.7006,0.4302,0.6350,0.2458,0.2458,0.5695,0.4998,0.0737,0.0410,0.0410,0.0737,0.4540,0.6435,,0.1895,,48.78,2.81,157.1,141.1,0.926,0.165,
1791427858.1952457,0.5695,0.5695,0.5695,0.5695,0.5695,0.7538,0.6350,0.6350,0.2991,0.2458,0.0942,0.4998,0.5695,0.0574,0.0737,0.0369,0.0369,0.4540,0.6420,,0.1880,,48.69,2.84,157.4,141.1,0.918,0.165,
1791427858.228925,0.7006,0.5695,0.6350,0.7006,0.4302,0.4302,0.7538,0.6350,0.4998,0.2458,0.2991,0.4998,0.4998,0.0574,0.0410,0.0410,0.0737,0.4550,0.6415,,0.1865,,48.23,2.86,158.0,141.6,0.955,0.168,
1791427858.2630165,0.7006,0.5695,0.8030,0.5695,0.7006,0.4998,0.6350,0.4302,0.7538,0.2991,0.2991,0.5695,0.4998,0.0410,0.0164,0.0164,0.0123,0.4580,0.6440,,0.1860,,48.70,2.84,157.6,142.2,0.880,0.165,
1791427858.302964,0.5695,0.7006,0.7006,0.5695,0.5695,0.4998,0.6350,0.3646,0.5695,0.4302,0.1966,0.5695,0.4998,0.0410,0.0205,0.0123,0.0123,0.4550,0.6420,,0.1870,,48.65,2.86,157.5,142.6,0.930,0.165,1.562
1791427858.33489,0.6350,0.6350,0.8030,0.5695,0.6350,0.5695,0.7006,0.6350,0.2991,0.1966,0.1966,0.5695,0.5695,0.0410,0.0410,0.0369,0.0410,0.4560,0.6430,0.6600,0.1870,0.0170,48.36,2.80,158.2,,0.936,0.167,
1791427858.367626,0.6350,0.5695,0.7006,0.5695,0.4998,0.7006,0.8030,0.6350,0.4998,0.2458,0.3646,0.5695,0.4998,0.0942,0.0410,0.0410,0.0410,0.4550,0.6410,,0.1860,,48.27,2.84,157.8,143.1,0.956,0.167,1.747
1791427858.3993278,0.7006,0.5695,0.7538,0.5695,0.5695,0.5695,0.8030,0.6350,0.5695,0.4302,0.1966,0.4998,0.4998,0.0369,0.0369,0.0164,0.0246,0.4550,0.6445,,0.1895,,48.19,2.77,158.0,142.6,0.928,0.168,1.623
1791427858.430779,0.5695,0.7006,0.7006,0.4998,0.4302,0.7006,0.5695,0.4302,0.3646,0.2991,0.1966,0.5695,0.4998,0.0737,0.0369,0.0369,0.0246,0.4560,0.6425,,0.1865,,48.47,2.78,157.5,142.1,0.922,0.166,
1791427858.46304,0.6350,0.7006,0.6350,0.5695,0.7006,0.6350,0.7006,0.3646,0.7006,0.2458,0.2991,0.5695,0.4998,0.0942,0.0942,0.0205,0.0574,0.4560,0.6420,,0.1860,,48.61,2.82,157.7,141.6,0.910,0.165,
1791427858.4959462,0.4998,0.7538,0.7006,0.7006,0.4998,0.6350,0.7006,0.5695,0.4998,0.0574,0.2458,0.4998,0.4998,0.0737,0.0369,0.0164,0.0164,0.4560,0.6420,,0.1860,,48.72,2.83,155.5,142.0,0.935,0.164,
1791427858.529101,0.6350,0.4302,0.7006,0.6350,0.4302,0.7006,0.6350,0.5695,0.4998,0.2991,0.2458,0.4998,0.4998,0.0574,0.0369,0.0164,0.0574,0.4550,0.6435,,0.1885,,48.71,2.80,156.1,142.1,0.927,0.164,
1791427858.5630627,0.5695,0.7006,0.7006,0.7006,0.4302,0.5695,0.7538,0.4302,0.2991,0.2991,0.2458,0.4998,0.4998,0.0410,0.0410,0.0205,0.0123,0.4560,0.6420,,0.1860,,48.66,2.81,156.5,142.2,0.941,0.164,
1791427858.5962257,0.5695,0.4998,0.2991,0.5695,0.4302,0.6350,0.7538,0.4998,0.7006,0.2458,0.0942,0.5695,0.4998,0.0410,0.0369,0.0369,0.0369,0.4560,0.6410,,0.1850,,48.36,2.84,156.7,142.7,0.952,0.166,
1791427858.6363277,0.5695,0.7006,0.7006,0.6350,0.4998,0.7538,0.8030,0.7006,0.3646,0.2991,0.4302,0.5695,0.4998,0.0574,0.0246,0.0369,0.0369,0.4560,0.6430,,0.1870,,48.46,2.84,156.8,142.3,0.898,0.165,1.646
1791427858.6683617,0.6350,0.4998,0.5695,0.4998,0.5695,0.4998,0.8030,0.7006,0.8440,0.2458,0.1557,0.4998,0.4998,0.0410,0.0369,0.0369,0.0410,0.4560,0.6405,,0.1845,,47.84,2.85,157.9,143.2,1.015,0.169,
1791427858.7001367,0.7006,0.5695,0.5695,0.6350,0.5695,0.6350,0.6350,0.6350,0.4998,0.1966,0.2458,0.5695,0.4998,0.0574,0.0123,0.0164,0.0410,0.4550,0.6410,,0.1860,,48.00,2.87,158.1,143.0,0.963,0.168,
1791427858.7307086,0.6350,0.6350,0.6350,0.6350,0.4302,0.7538,0.7538,0.4998,0.5695,0.0942,0.0942,0.5695,0.4998,0.0942,0.0410,0.0410,0.0246,0.4560,0.6425,,0.1865,,48.15,2.88,157.2,142.8,0.892,0.167,
1791427858.7638211,0.6350,0.4998,0.7538,0.5695,0.4302,0.5695,0.7006,0.7006,0.7006,0.0574,0.2458,0.5695,0.4998,0.0737,0.0246,0.0369,0.0410,0.4550,0.6430,,0.1880,,48.08,2.85,156.0,143.0,0.926,0.168,
1791427858.797493,0.6350,0.6350,0.7006,0.4998,0.3646,0.6350,0.7538,0.4998,0.7006,0.0369,0.2458,0.5695,0.4998,0.0737,0.0369,0.0246,0.0410,0.4560,0.6425,,0.1865,,48.54,2.88,154.4,143.4,0.881,0.165,
1791427858.829915,0.7006,0.5695,0.7006,0.4998,0.4302,0.7538,0.7006,0.5695,0.2991,0.2458,0.2458,0.5695,0.5695,0.0942,0.0205,0.0369,0.0410,0.4560,0.6450,0.6620,0.1890,0.0170,48.70,2.84,155.6,142.8,0.906,0.164,
1791427858.86427,0.7538,0.7538,0.7006,0.4998,0.4998,0.8030,0.8030,0.5695,0.3646,0.2458,0.2991,0.5695,0.4998,0.0942,0.0574,0.0246,0.0369,0.4550,0.6415,,0.1865,,48.61,2.86,156.1,142.3,0.953,0.165,
1791427858.9039867,0.7006,0.7006,0.7006,0.4998,0.4998,0.7006,0.7538,0.5695,0.3646,0.4302,0.2458,0.4998,0.5695,0.0369,0.0246,0.0164,0.0369,0.4560,0.6470,,0.1910,,48.67,2.74,155.9,142.5,0.885,0.165,1.534
1791427858.936481,0.4998,0.7006,0.7006,0.6350,0.4998,0.7006,0.5695,0.4998,0.4302,0.2458,0.0737,0.4998,0.4998,0.0574,0.1557,0.0369,0.0574,0.4560,0.6440,,0.1880,,48.84,2.74,155.8,141.2,0.888,0.164,
1791427858.9673202,0.5695,0.7006,0.7006,0.4302,0.4998,0.7006,0.7538,0.5695,0.7538,0.1966,0.3646,0.5695,0.4998,0.0574,0.0737,0.0246,0.0369,0.4560,0.6410,,0.1850,,48.68,2.79,156.0,141.3,0.969,0.165,1.743
1791427858.9987125,0.6350,0.4998,0.8440,0.4998,0.4302,0.7006,0.7538,0.4998,0.4302,0.0410,0.2458,0.5695,0.5695,0.0942,0.0246,0.0246,0.0410,0.4560,0.6410,0.6600,0.1850,0.0190,48.76,2.79,154.8,141.5,0.967,0.164,
1791427859.0291286,0.4998,0.5695,0.8440,0.6350,0.3646,0.7006,0.7006,0.3646,0.7538,0.1966,0.2991,0.5695,0.4998,0.0737,0.0369,0.0123,0.0246,0.4560,0.6430,,0.1870,,48.97,2.80,154.5,141.3,0.905,0.163,
1791427859.0629508,0.7006,0.6350,0.6350,0.5695,0.4998,0.5695,0.7006,0.4302,0.6350,0.1966,0.0410,0.4998,0.4998,0.0942,0.0410,0.0164,0.0574,0.4560,0.6465,,0.1905,,49.19,2.70,154.7,140.9,0.897,0.162,
1791427859.0972083,0.6350,0.4998,0.5695,0.5695,0.4998,0.5695,0.7006,0.4998,0.4998,0.0942,0.2458,0.5695,0.4998,0.0574,0.0164,0.0164,0.0246,0.4560,0.6420,,0.1860,,49.32,2.75,153.4,141.5,0.909,0.161,
1791427859.1294456,0.7538,0.5695,0.7538,0.6350,0.4302,0.6350,0.4998,0.5695,0.7006,0.2991,0.2991,0.4302,0.4998,0.0574,0.0369,0.0205,0.0410,0.4550,0.6420,,0.1870,,49.34,2.79,154.5,142.4,0.918,0.161,
1791427859.1641593,0.5695,0.4998,0.7006,0.5695,0.5695,0.4998,0.7006,0.6350,0.7538,0.1966,0.2991,0.4998,0.4302,0.0737,0.0246,0.0205,0.0246,0.4560,0.6430,,0.1870,,49.17,2.79,155.3,143.1,0.919,0.162,
1791427859.2041636,0.7538,0.4998,0.5695,0.6350,0.5695,0.7538,0.7538,0.4998,0.7538,0.2458,0.2991,0.5695,0.4998,0.1557,0.0410,0.0164,0.0164,0.4550,0.6415,,0.1865,,49.33,2.81,155.6,142.9,0.945,0.161,
1791427859.2359097,0.5695,0.7006,0.7538,0.7538,0.4998,0.4302,0.7006,0.4998,0.7538,0.4302,0.0737,0.4998,0.4998,0.0737,0.0246,0.0123,0.0410,0.4580,0.6455,,0.1875,,49.36,2.76,155.8,141.8,0.861,0.161,1.485
1791427859.2674453,0.6350,0.5695,0.8030,0.6350,0.4302,0.6350,0.7538,0.7006,0.7538,0.2991,0.1229,0.4998,0.4998,0.0737,0.0574,0.0574,0.0410,0.4550,0.6410,,0.1860,,49.00,2.79,156.0,142.0,0.978,0.162,
1791427859.2998877,0.7006,0.6350,0.8030,0.6350,0.4998,0.4302,0.7538,0.7006,0.8767,0.0574,0.1966,0.4998,0.4998,0.0574,0.0246,0.0123,0.0410,0.4550,0.6425,,0.1875,,49.08,2.80,155.7,141.8,0.931,0.162,
1791427859.3303537,0.4998,0.7006,0.6350,0.5695,0.5695,0.6350,0.7006,0.7006,0.2458,0.2458,0.1557,0.4998,0.5695,0.0410,0.0574,0.0369,0.0574,0.4550,0.6415,,0.1865,,48.94,2.82,156.1,141.6,0.950,0.163,
1791427859.3640192,0.7006,0.7538,0.8030,0.7006,0.4302,0.4998,0.7006,0.6350,0.3646,0.2991,0.2458,0.5695,0.4998,0.0410,0.0205,0.0410,0.0410,0.4560,0.6425,,0.1865,,49.20,2.84,155.8,142.0,0.895,0.161,
1791427859.3978417,0.6350,0.8030,0.6350,0.6350,0.4302,0.6350,0.7538,0.6350,0.5695,0.2991,0.1229,0.4998,0.4998,0.0574,0.0369,0.0369,0.0246,0.4560,0.6430,,0.1870,,49.23,2.82,156.6,142.0,0.934,0.161,
1791427859.4303918,0.4998,0.7538,0.8030,0.6350,0.5695,0.6350,0.6350,0.2991,0.4998,0.1966,0.1557,0.5695,0.4998,0.0410,0.0164,0.0164,0.0123,0.4560,0.6440,,0.1880,,49.35,2.80,154.5,142.4,0.884,0.161,
1791427859.464602,0.6350,0.7006,0.6350,0.6350,0.4998,0.6350,0.8030,0.4998,0.4302,0.0574,0.1229,0.4998,0.4998,0.0574,0.0205,0.0369,0.0574,0.4550,0.6425,,0.1875,,49.24,2.80,153.5,142.3,0.943,0.161,
1791427859.5053008,0.4998,0.8440,0.7006,0.7006,0.5695,0.7006,0.8030,0.6350,0.7538,0.0737,0.1966,0.4998,0.4302,0.0942,0.0410,0.0246,0.0410,0.4550,0.6415,,0.1865,,49.13,2.81,153.8,,0.967,0.162,
1791427859.5371668,0.4302,0.5695,0.8767,0.7538,0.5695,0.6350,0.7006,0.6350,0.2458,0.1966,0.1229,0.6350,0.5695,0.0574,0.0246,0.0123,0.0123,0.4550,0.6425,0.6640,0.1875,0.0215,49.68,2.93,154.9,,0.897,0.159,
1791427859.5685196,0.6350,0.7006,0.7006,0.6350,0.6350,0.7538,0.7538,0.6350,0.4998,0.2458,0.0737,0.4998,0.4998,0.0737,0.0737,0.0246,0.0410,0.4550,0.6450,,0.1900,,49.63,2.88,155.5,,0.881,0.160,
1791427859.60045,0.7538,0.7006,0.7006,0.8030,0.5695,0.4998,0.4998,0.7006,0.4998,0.0410,0.1229,0.4302,0.5695,0.0942,0.0574,0.0123,0.0369,0.4580,0.6410,,0.1830,,49.13,2.90,154.5,,0.986,0.162,
1791427859.6306002,0.4302,0.7006,0.7006,0.6350,0.5695,0.6350,0.5695,0.6350,0.4302,0.0369,0.2458,0.4998,0.4998,0.0574,0.0410,0.0164,0.0410,0.4540,0.6410,,0.1870,,48.64,2.91,152.6,,0.988,0.164,
1791427859.664853,0.5695,0.6350,0.7538,0.5695,0.7538,0.6350,0.7006,0.7006,0.7538,0.0942,0.2458,0.5695,0.4302,0.0574,0.0164,0.0205,0.0410,0.4560,0.6415,,0.1855,,48.96,2.94,153.9,,0.943,0.162,
1791427859.6967819,0.5695,0.7538,0.7538,0.7006,0.5695,0.5695,0.6350,0.4302,0.6350,0.1966,0.0574,0.4998,0.4998,0.0737,0.0246,0.0369,0.0369,0.4540,0.6420,,0.1880,,48.86,2.94,154.1,,0.944,0.163,
1791427859.730478,0.5695,0.8440,0.7006,0.6350,0.4998,0.4998,0.8030,0.7006,0.3646,0.2458,0.0942,0.4998,0.5695,0.0410,0.0369,0.0410,0.0246,0.4570,0.6450,,0.1880,,49.07,2.90,154.7,,0.864,0.162,
1791427859.7644715,0.4302,0.7006,0.7538,0.5695,0.5695,0.4998,0.7538,0.4998,0.4302,0.2991,0.1229,0.5695,0.5695,0.0942,0.0410,0.0410,0.0369,0.4540,0.6415,0.6610,0.1875,0.0195,49.17,2.91,,,0.949,0.162,
1791427859.797237,0.8440,0.8440,0.7538,0.6350,0.4998,0.7538,0.7006,0.5695,0.4302,0.0942,0.2458,0.4998,0.5695,0.0246,0.0123,0.0205,0.0246,0.4580,0.6430,,0.1850,,49.16,2.90,,,0.922,0.161,
1791427859.8371959,0.8030,0.7538,0.7538,0.6350,0.4998,0.5695,0.8030,0.4998,0.4998,0.0574,0.2991,0.5695,0.4998,0.0246,0.0164,0.0246,0.0410,0.4580,0.6425,,0.1845,,49.12,2.90,,,0.931,0.161,
1791427859.868117,0.4998,0.6350,0.7006,0.5695,0.4998,0.6350,0.4998,0.4998,0.3646,0.0737,0.0737,0.4998,0.4998,0.1229,0.0164,0.0246,0.0369,0.4540,0.6420,,0.1880,,49.02,2.90,,,0.959,0.162,
1791427859.901149,0.4998,0.8030,0.7538,0.5695,0.4998,0.7006,0.7006,0.4998,0.2458,0.2991,0.1229,0.5695,0.5695,0.0410,0.0164,0.0369,0.0410,0.4560,0.6430,0.6640,0.1870,0.0210,49.02,2.98,,,0.902,0.162,
1791427859.9314008,0.4998,0.8440,0.8440,0.7006,0.4998,0.6350,0.7006,0.4302,0.2458,0.2991,0.1557,0.5695,0.5695,0.0246,0.0246,0.0369,0.0574,0.4530,0.6415,0.6600,0.1885,0.0185,48.75,2.93,,,0.973,0.164,
1791427859.9647858,0.6350,0.8030,0.5695,0.7006,0.4998,0.5695,0.7538,0.5695,0.6350,0.1966,0.3646,0.5695,0.4998,0.0410,0.0410,0.0123,0.0410,0.4540,0.6445,,0.1905,,49.18,2.89,,142.1,0.889,0.162,1.591
1791427859.9977267,0.6350,0.7538,0.6350,0.4998,0.5695,0.4302,0.4998,0.7006,0.2458,0.2458,0.0942,0.5695,0.5695,0.0574,0.0246,0.0123,0.0123,0.4530,0.6410,0.6600,0.1880,0.0190,48.86,2.87,,142.4,0.978,0.164,
1791427860.0319033,0.4998,0.7538,0.7538,0.5695,0.5695,0.7006,0.7538,0.7006,0.6350,0.2991,0.0942,0.5695,0.5695,0.0574,0.0574,0.0246,0.0410,0.4550,0.6420,0.6620,0.1870,0.0200,48.41,2.89,,142.1,0.969,0.167,
1791427860.0641701,0.3646,0.5695,0.8030,0.4998,0.4302,0.4998,0.4302,0.4998,0.2458,0.2991,0.3646,0.5695,0.5695,0.0410,0.0410,0.0369,0.0369,0.4560,0.6420,0.6620,0.1860,0.0200,48.34,2.93,,142.9,0.926,0.167,1.634
1791427860.098141,0.5695,0.8440,0.8030,0.4302,0.5695,0.5695,0.5695,0.5695,0.3646,0.1229,0.2991,0.4998,0.4998,0.0246,0.0123,0.0246,0.0246,0.4560,0.6420,,0.1860,,48.67,2.95,,143.0,0.923,0.164,
1791427860.1391494,0.6350,0.8030,0.8440,0.6350,0.4998,0.7006,0.7006,0.4302,0.4302,0.2458,0.3646,0.4998,0.5695,0.0942,0.0205,0.0205,0.0410,0.4550,0.6430,,0.1880,,48.99,2.94,,142.4,0.909,0.163,1.583
1791427860.1704085,0.4998,0.8030,0.7006,0.7006,0.5695,0.8030,0.7006,0.5695,0.4302,0.1557,0.2991,0.4998,0.5695,0.0942,0.0369,0.0369,0.0369,0.4530,0.6430,,0.1900,,48.88,2.92,,142.2,0.924,0.164,
1791427860.20141,0.7006,0.9054,0.8440,0.7006,0.7006,0.5695,0.6350,0.5695,0.5695,0.2458,0.3646,0.4998,0.4998,0.0574,0.0737,0.0123,0.0369,0.4530,0.6440,,0.1910,,49.18,2.92,,142.5,0.856,0.163,1.547
1791427860.2338095,0.5695,0.9054,0.7538,0.6350,0.4998,0.6350,0.8030,0.4998,0.8030,0.0942,0.0737,0.5695,0.4998,0.0369,0.0369,0.0164,0.0574,0.4530,0.6425,,0.1895,,49.17,2.93,,143.2,0.923,0.163,
1791427860.2645402,0.5695,0.4998,0.7538,0.7006,0.3646,0.6350,0.7006,0.7006,0.4998,0.3646,0.2991,0.4998,0.5695,0.0574,0.0410,0.0164,0.0369,0.4560,0.6445,,0.1885,,49.24,2.89,156.6,143.1,0.885,0.163,1.491
1791427860.2977424,0.4998,0.8440,0.7538,0.6350,0.4998,0.5695,0.7538,0.4998,0.7538,0.1557,0.2458,0.5695,0.4302,0.0574,0.0205,0.0205,0.0246,0.4550,0.6420,,0.1870,,49.51,2.93,156.8,143.2,0.909,0.161,
1791427860.3315294,0.4302,0.8767,0.8030,0.4998,0.3646,0.7006,0.6350,0.7006,0.4302,0.1966,0.1966,0.5695,0.4998,0.0737,0.0123,0.0164,0.0574,0.4550,0.6430,,0.1880,,50.10,2.95,156.6,143.0,0.864,0.157,
1791427860.3644948,0.5695,0.8767,0.9259,0.5695,0.4302,0.5695,0.6350,0.4998,0.7538,0.0737,0.2991,0.4302,0.4998,0.0737,0.0369,0.0123,0.0410,0.4530,0.6415,,0.1885,,49.61,2.95,156.7,143.3,0.973,0.160,
1791427860.398204,0.6350,0.8767,0.6350,0.2991,0.3646,0.7006,0.7006,0.4998,0.7006,0.2991,0.0942,0.4998,0.4998,0.0942,0.0246,0.0164,0.0369,0.4560,0.6420,,0.1860,,49.44,2.97,156.1,143.1,0.924,0.161,
1791427860.4320438,0.6350,0.8030,0.7006,0.6350,0.6350,0.7006,0.7538,0.7538,0.7538,0.1966,0.0574,0.4998,0.5695,0.0410,0.0205,0.0246,0.0369,0.4560,0.6425,,0.1865,,49.34,2.97,156.5,143.0,0.914,0.161,
1791427860.4700813,0.5695,0.8767,0.7006,0.6350,0.5695,0.7538,0.6350,0.1966,0.7006,0.4302,0.2458,0.6350,0.4998,0.0369,0.0369,0.0164,0.0369,0.4550,0.6425,,0.1875,,49.18,2.96,156.7,142.8,0.923,0.162,1.571
1791427860.5028381,0.5695,0.6350,0.6350,0.4998,0.5695,0.8440,0.7006,0.5695,0.4302,0.0410,0.0942,0.5695,0.4998,0.0410,0.0369,0.0369,0.0369,0.4530,0.6425,,0.1895,,49.21,2.98,156.0,142.7,0.885,0.162,
1791427860.5335479,0.4302,0.8440,0.8030,0.5695,0.4998,0.5695,0.7006,0.6350,0.7006,0.1557,0.2458,0.4998,0.4998,0.0574,0.0369,0.0164,0.0369,0.4560,0.6435,,0.1875,,49.11,2.94,156.2,143.4,0.925,0.163,
1791427860.5645924,0.4998,0.9054,0.7538,0.7006,0.4998,0.5695,0.8030,0.4998,0.6350,0.3646,0.2458,0.4998,0.4998,0.0737,0.0410,0.0410,0.0369,0.4580,0.6420,,0.1840,,49.03,2.95,156.5,143.0,0.932,0.162,1.573
1791427860.5985267,0.4998,0.8767,0.6350,0.5695,0.6350,0.5695,0.4302,0.5695,0.4302,0.2991,0.2458,0.4998,0.5695,0.0369,0.0246,0.0246,0.0369,0.4530,0.6440,,0.1910,,49.03,,156.9,142.9,0.901,0.163,
1791427860.63254,0.4998,0.8767,0.7538,0.6350,0.4302,0.6350,0.7538,0.5695,0.6350,0.2991,0.2991,0.5695,0.5695,0.0410,0.0369,0.0164,0.0410,0.4530,0.6440,0.6590,0.1910,0.0150,48.82,2.82,157.2,143.1,0.885,0.165,
1791427860.665932,0.6350,0.9259,0.7006,0.6350,0.4998,0.5695,0.6350,0.4998,0.8030,0.2458,0.1557,0.5695,0.4998,0.0246,0.0164,0.0123,0.0246,0.4560,0.6405,,0.1845,,48.64,2.86,157.2,142.6,0.978,0.165,
1791427860.6982598,0.6350,0.6350,0.6350,0.6350,0.4998,0.2991,0.6350,0.3646,0.6350,0.0942,0.1229,0.4998,0.4998,0.0574,0.0246,0.0246,0.0410,0.4550,,,,,48.64,2.86,157.2,142.6,,,
1791427860.732076,0.5695,0.7538,0.6350,0.4998,0.5695,0.4998,0.7538,0.4302,0.6350,0.1966,0.2458,0.5695,0.4998,0.0369,0.0246,0.0123,0.0737,0.4540,0.6430,,0.1890,,48.64,2.84,157.1,,0.928,0.165,
1791427860.7707489,0.5695,0.9054,0.7538,0.6350,0.6350,0.6350,0.6350,0.6350,0.5695,0.2458,0.1966,0.5695,0.5695,0.0410,0.0205,0.0205,0.0369,0.4540,0.6420,0.6590,0.1880,0.0170,48.78,2.79,157.1,,0.944,0.165,
1791427860.8032413,0.7006,0.8030,0.6350,0.4998,0.5695,0.6350,0.7006,0.4998,0.7538,0.1966,0.0942,0.5695,0.5695,0.0410,0.0410,0.0369,0.0410,0.4540,0.6440,0.6620,0.1900,0.0180,48.75,2.81,156.8,,0.885,0.165,
1791427860.8331044,0.5695,0.8030,0.7006,0.5695,0.4302,0.5695,0.8030,0.1557,0.2991,0.1966,0.1966,0.4998,0.5695,0.0574,0.0410,0.0205,0.0369,0.4560,0.6415,,0.1855,,48.76,2.86,158.8,,0.915,0.165,
1791427860.86615,0.8030,0.7538,0.7538,0.6350,0.4302,0.7006,0.3646,0.6350,0.3646,0.2458,0.2991,0.4998,0.4998,0.0123,0.0410,0.0164,0.0410,0.4540,0.6425,,0.1885,,48.49,2.85,158.6,,0.932,0.166,
1791427860.8990579,0.4998,0.7538,0.7006,0.5695,0.4302,0.4998,0.7538,0.5695,0.6350,0.2458,0.1229,0.6350,0.5695,0.0942,0.0164,0.0123,0.0410,0.4540,0.6425,0.6590,0.1885,0.0165,48.58,2.78,158.5,,0.939,0.166,
1791427860.9323256,0.5695,0.8767,0.8440,0.7006,0.5695,0.5695,0.7538,0.6350,0.2991,0.2991,0.3646,0.4998,0.5695,0.0574,0.0205,0.0123,0.0410,0.4540,0.6430,,0.1890,,48.72,2.78,158.5,142.5,0.905,0.165,1.587
1791427860.9667413,0.7006,0.8440,0.8440,0.5695,0.4302,0.5695,0.8030,0.6350,0.4998,0.0737,0.0942,0.5695,0.4998,0.0574,0.0246,0.0369,0.0369,0.4570,0.6420,,0.1850,,48.61,2.80,157.0,142.7,0.923,0.165,
1791427860.9983785,0.7006,0.9054,0.7538,0.5695,0.5695,0.4998,0.9054,0.6350,0.4302,0.2458,0.4998,0.6350,0.4302,0.0574,0.0164,0.0369,0.0246,0.4560,0.6405,,0.1845,,48.24,2.80,157.4,143.2,1.021,0.167,1.802
1791427861.0329118,0.8030,0.8440,0.8030,0.7006,0.5695,0.6350,0.6350,0.7538,0.7538,0.2458,0.3646,0.5695,0.4998,0.0574,0.0574,0.0410,0.0164,0.4530,0.6425,,0.1895,,48.71,2.82,157.9,145.1,0.888,0.165,1.501
1791427861.070981,0.7006,0.6350,0.8030,0.6350,0.6350,0.5695,0.5695,0.3646,0.4998,0.2991,0.1229,0.4302,0.5695,0.0737,0.0369,0.0410,0.0574,0.4560,0.6415,,0.1855,,48.64,2.83,157.9,144.8,0.953,0.165,
1791427861.1028805,0.7538,0.8440,0.8767,0.7006,0.6350,0.7006,0.6350,0.6350,0.4998,0.0410,0.3646,0.4998,0.4998,0.0942,0.0410,0.0205,0.0369,0.4560,0.6420,,0.1860,,48.52,2.81,,145.6,0.967,0.165,1.659
1791427861.1330597,0.4998,0.5695,0.8030,0.5695,0.5695,0.7538,0.4998,0.3646,0.6350,0.4998,0.0942,0.5695,0.4998,0.0246,0.0205,0.0410,0.0369,0.4530,0.6425,,0.1895,,48.35,2.81,156.2,146.1,0.912,0.167,1.552
1791427861.1666598,0.7006,0.8030,0.7538,0.4998,0.6350,0.7538,0.7538,0.4998,0.2458,0.0737,0.1966,0.4998,0.6350,0.0942,0.0410,0.0164,0.0369,0.4520,0.6425,,0.1905,,48.51,2.81,156.3,145.6,0.918,0.166,
1791427861.199057,0.8030,0.8030,0.7006,0.7006,0.7006,0.6350,0.7006,0.5695,0.5695,0.2991,0.0942,0.5695,0.4998,0.0574,0.0574,0.0369,0.0574,0.4520,0.6420,,0.1900,,48.56,2.82,156.3,145.5,0.932,0.166,
1791427861.2324173,0.7006,0.8440,0.8440,0.6350,0.4302,0.7006,0.7006,0.6350,0.4998,0.1966,0.0574,0.5695,0.4998,0.0737,0.0205,0.0123,0.0410,0.4540,0.6420,,0.1880,,48.49,2.80,156.3,145.7,0.969,0.167,
1791427861.265564,0.7538,0.7538,0.8440,0.4998,0.3646,0.5695,0.6350,0.1966,0.7538,0.0942,0.1229,0.5695,0.5695,0.0369,0.0410,0.0123,0.0410,0.4570,0.6430,0.6650,0.1860,0.0220,48.53,2.94,156.7,145.4,0.885,0.166,
1791427861.298702,0.8030,0.7538,0.7006,0.4998,0.3646,0.4998,0.7006,0.5695,0.6350,0.2991,0.2458,0.5695,0.4998,0.0574,0.0246,0.0164,0.0410,0.4560,0.6435,,0.1875,,48.31,2.90,156.9,144.9,0.931,0.167,
1791427861.3392754,0.7006,0.3646,0.7006,0.4998,0.4998,0.6350,0.7538,0.3646,0.7538,0.2991,0.2991,0.4998,0.4998,0.0574,0.0369,0.0369,0.0205,0.4550,0.6435,,0.1885,,48.41,2.88,156.8,144.2,0.914,0.167,
1791427861.369197,0.5695,0.8440,0.6350,0.4998,0.6350,0.6350,0.7538,0.4998,0.2991,0.2991,0.4302,0.4998,0.4998,0.0574,0.0123,0.0205,0.0410,0.4550,0.6420,,0.1870,,48.63,2.92,156.8,145.7,0.905,0.165,1.563
1791427861.4007628,0.8030,0.7006,0.5695,0.5695,0.5695,0.7538,0.5695,0.6350,0.4302,0.3646,0.1966,0.4998,0.6350,0.0737,0.0410,0.0246,0.0369,0.4570,0.6415,,0.1845,,48.67,2.94,157.1,145.2,0.953,0.165,1.579
1791427861.4327385,0.5695,0.7538,0.7006,0.4998,0.4302,0.8030,0.7538,0.4302,0.1966,0.2458,0.2458,0.4998,0.5695,0.0574,0.0410,0.0574,0.0369,0.4550,0.6415,,0.1865,,48.83,2.98,157.5,145.8,0.900,0.163,
1791427861.466026,0.4998,0.8030,0.7006,0.6350,0.5695,0.5695,0.7006,0.4998,0.8030,0.1966,0.3646,0.4998,0.4998,0.0737,0.0123,0.0164,0.0205,0.4550,0.6420,,0.1870,,48.59,2.97,157.7,146.1,0.946,0.165,1.714
1791427861.499414,0.8030,0.8030,0.9259,0.5695,0.6350,0.7006,0.3646,0.5695,0.7006,0.1557,0.1229,0.4302,0.6350,0.0942,0.0205,0.0246,0.0369,0.4550,0.6415,,0.1865,,48.46,2.96,157.5,145.5,0.978,0.166,
1791427861.5330207,0.7538,0.7538,0.8030,0.6350,0.6350,0.6350,0.7538,0.5695,0.5695,0.3646,0.2991,0.4998,0.4998,0.0410,0.0246,0.0164,0.0410,0.4550,0.6430,,0.1880,,48.41,2.94,157.7,146.0,0.921,0.166,1.562
1791427861.5670328,0.5695,0.9054,0.7006,0.7538,0.5695,0.6350,0.7006,0.7538,0.7538,0.0574,0.2458,0.5695,0.5695,0.0942,0.0246,0.0410,0.0410,0.4550,0.6425,0.6600,0.1875,0.0175,48.35,2.89,156.8,146.1,0.932,0.166,
1791427861.6069827,0.5695,0.9259,0.8767,0.6350,0.5695,0.7538,0.7538,0.4998,0.5695,0.4302,0.1229,0.5695,0.4998,0.0574,0.0410,0.0205,0.0410,0.4550,0.6425,,0.1875,,48.86,2.92,157.2,145.5,0.872,0.164,1.478
1791427861.638112,0.6350,0.8440,0.8440,0.6350,0.5695,0.5695,0.2991,0.4998,0.4998,0.1966,0.3646,0.4998,0.5695,0.0574,0.0574,0.0574,0.0410,0.4520,,,,,48.86,2.92,157.2,145.5,,,
1791427861.6695545,0.5695,0.9054,0.7006,0.6350,0.3646,0.5695,0.6350,0.2991,0.7006,0.4998,0.2458,0.5695,0.4998,0.0410,0.0369,0.0246,0.0369,0.4550,0.6415,,0.1865,,49.05,2.93,157.6,145.1,0.943,0.162,1.535
1791427861.7018232,0.6350,0.8440,0.7538,0.7538,0.5695,0.8030,0.6350,0.4998,0.7538,0.1966,0.0737,0.4998,0.5695,0.0942,0.0737,0.0369,0.0246,0.4580,0.6415,,0.1835,,48.86,2.93,158.1,145.3,0.953,0.163,
1791427861.7325814,0.7006,0.8030,0.8440,0.7538,0.7006,0.4998,0.8440,0.4998,0.4998,0.3646,0.0942,0.5695,0.4998,0.1557,0.0410,0.0164,0.0410,0.4520,0.6415,,0.1895,,48.30,2.95,158.0,145.1,0.935,0.167,1.627
1791427861.7670956,0.5695,0.8030,0.7006,0.5695,0.6350,0.6350,0.8440,0.6350,0.8030,0.2458,0.1557,0.6350,0.4998,0.0164,0.0205,0.0246,0.0410,0.4550,0.6420,,0.1870,,48.47,2.96,158.0,144.8,0.910,0.166,
1791427861.7994845,0.7006,0.8767,0.7538,0.6350,0.6350,0.8030,0.7538,0.4998,0.7538,0.2458,0.2458,0.4998,0.5695,0.0942,0.0410,0.0123,0.0369,0.4520,0.6420,,0.1900,,48.39,2.94,158.3,145.8,0.959,0.167,
1791427861.8334684,0.4998,0.8030,0.8767,0.5695,0.5695,0.7006,0.6350,0.6350,0.6350,0.1966,0.0574,0.4302,0.4998,0.0942,0.0246,0.0574,0.0205,0.4570,0.6420,,0.1850,,48.15,2.94,158.3,146.8,0.931,0.168,
1791427861.866482,0.5695,0.7538,0.8440,0.4998,0.5695,0.5695,0.7538,0.5695,0.2991,0.0737,0.2458,0.4998,0.4302,0.0123,0.0164,0.0574,0.0574,0.4520,0.6435,,0.1915,,48.48,2.93,156.9,146.2,0.877,0.166,
1791427861.9064105,0.3646,0.9259,0.8030,0.7006,0.7006,0.6350,0.8030,0.4998,0.3646,0.2991,0.2991,0.5695,0.4998,0.0410,0.0164,0.0369,0.0369,0.4570,0.6430,,0.1860,,48.57,2.93,156.2,146.0,0.876,0.166,
1791427861.9384756,0.5695,0.7006,0.7538,0.5695,0.7006,0.7538,0.6350,0.5695,0.3646,0.1966,0.1966,0.5695,0.4998,0.0574,0.0410,0.0246,0.0369,0.4530,0.6425,,0.1895,,48.99,2.93,156.7,145.6,0.909,0.163,
1791427861.9688911,0.4302,0.8767,0.8030,0.4998,0.5695,0.3646,0.8030,0.7006,0.5695,0.3646,0.2458,0.4998,0.4998,0.0737,0.0205,0.0246,0.0246,0.4550,0.6415,,0.1865,,48.84,2.95,156.9,145.8,0.936,0.164,1.565
1791427861.9999785,0.4998,0.8767,0.7006,0.6350,0.6350,0.4998,0.4998,0.8030,0.4302,0.2458,0.1557,0.4998,0.4998,0.1229,0.0246,0.0369,0.0369,0.4550,0.6425,,0.1875,,48.38,2.92,157.1,,0.946,0.167,
1791427862.0342567,0.5695,0.8767,0.7538,0.4302,0.4998,0.5695,0.7006,0.4998,0.4998,0.4302,0.0942,0.5695,0.4998,0.0574,0.0205,0.0369,0.0369,0.4530,0.6415,,0.1885,,48.30,2.92,157.6,,0.969,0.167,1.680
1791427862.0675921,0.7538,0.9054,0.7006,0.4998,0.4998,0.4302,0.6350,0.3646,0.5695,0.0574,0.1966,0.4998,0.5695,0.0737,0.0410,0.0164,0.0369,0.4550,0.6405,,0.1855,,48.15,2.94,155.7,,0.977,0.168,
1791427862.1003108,0.6350,0.8030,0.8030,0.5695,0.5695,0.5695,0.7538,0.7006,0.4998,0.2458,0.0942,0.4998,0.4998,0.0574,0.0246,0.0246,0.0246,0.4570,0.6410,,0.1840,,48.20,,156.2,,0.957,0.167,
1791427862.133735,0.4302,0.9054,0.8440,0.6350,0.4998,0.7006,0.8030,0.4302,0.3646,0.3646,0.0942,0.4998,0.4302,0.1229,0.0410,0.0737,0.0205,0.4550,0.6435,,0.1885,,48.23,,156.6,,0.922,0.167,1.548
1791427862.173258,0.3646,0.8030,0.7006,0.7538,0.4998,0.4998,0.6350,0.4998,0.6350,0.2991,0.4998,0.5695,0.4998,0.0574,0.0205,0.0164,0.0410,0.4570,0.6415,,0.1845,,48.03,,158.0,145.4,0.959,0.168,1.753
1791427862.2061255,0.6350,0.9423,0.6350,0.4998,0.4998,0.5695,0.7006,0.7006,0.7538,0.2991,0.1966,0.4998,0.4998,0.0574,0.0410,0.0123,0.0246,0.4550,0.6425,,0.1875,,48.04,,157.4,144.6,0.906,0.168,
1791427862.2377124,0.7006,0.9054,0.9423,0.6350,0.6350,0.4998,0.7538,0.7006,0.6350,0.0737,0.1966,0.4998,0.4998,0.0737,0.0246,0.0164,0.0205,0.4540,0.6415,,0.1875,,48.20,,156.4,144.0,0.923,0.167,
1791427862.2682974,0.5695,0.9423,0.7538,0.5695,0.6350,0.6350,0.7538,0.6350,0.6350,0.2458,0.2458,0.5695,0.5695,0.0410,0.0410,0.0369,0.0410,0.4530,0.6425,0.6590,0.1895,0.0165,48.78,2.88,157.0,143.9,0.896,0.164,
1791427862.3011992,0.5695,0.8030,0.7538,0.6350,0.4998,0.5695,0.4998,0.5695,0.8030,0.2458,0.1557,0.4302,0.5695,0.0574,0.0410,0.0164,0.0369,0.4570,0.6415,,0.1845,,48.56,2.89,157.3,144.2,0.944,0.165,
1791427862.3345695,0.5695,0.8440,0.8030,0.6350,0.5695,0.3646,0.8030,0.6350,0.4998,0.0942,0.2991,0.4998,0.5695,0.0574,0.0205,0.0164,0.0246,0.4570,0.6420,,0.1850,,48.53,2.89,154.5,144.8,0.923,0.165,
1791427862.3671324,0.4302,0.9054,0.7538,0.5695,0.5695,0.7006,0.8440,0.6350,0.4998,0.0737,0.0942,0.4998,0.4302,0.0369,0.0246,0.0246,0.0205,0.4550,0.6425,,0.1875,,48.22,2.89,154.7,144.5,0.899,0.167,
1791427862.4009736,0.4998,0.8440,0.7538,0.5695,0.4998,0.4998,0.8767,0.7006,0.7006,0.3646,0.0737,0.6350,0.6350,0.0123,0.0574,0.0369,0.0369,0.4570,0.6405,0.6620,0.1835,0.0215,48.16,2.96,154.9,143.9,0.955,0.167,1.581
1791427862.4344058,0.4302,0.6350,0.7006,0.6350,0.4302,0.8030,0.6350,0.7006,0.4998,0.2458,0.0737,0.5695,0.5695,0.0574,0.0410,0.0410,0.0410,0.4550,0.6410,0.6620,0.1860,0.0210,48.14,3.00,155.7,144.8,0.955,0.167,
1791427862.4739623,0.4998,0.8030,0.7538,0.7006,0.4302,0.7538,0.2991,0.7538,0.4302,0.2458,0.1557,0.4998,0.4998,0.0574,0.0574,0.0164,0.0410,0.4520,,,,,48.14,3.00,155.7,144.8,,,
1791427862.5054562,0.3646,0.7538,0.8030,0.6350,0.5695,0.2991,0.6350,0.4998,0.5695,0.2458,0.0942,0.4998,0.5695,0.0574,0.0574,0.0205,0.0246,0.4540,,,,,48.14,3.00,155.7,144.8,,,
1791427862.537925,0.4302,0.7006,0.7006,0.5695,0.5695,0.7006,0.6350,0.6350,0.5695,0.3646,0.2991,0.5695,0.5695,0.0123,0.0123,0.0369,0.0123,0.4550,0.6435,0.6630,0.1885,0.0195,48.22,3.03,155.7,144.9,0.889,0.167,1.569
1791427862.5698538,0.7538,0.4998,0.7538,0.7006,0.4302,0.6350,0.7538,0.4302,0.4998,0.1966,0.1229,0.4998,0.5695,0.0574,0.0369,0.0164,0.0369,0.4520,0.6420,,0.1900,,48.16,3.02,156.2,145.5,0.932,0.168,
1791427862.6008997,0.5695,0.8030,0.7006,0.5695,0.6350,0.7538,0.3646,0.5695,0.2991,0.1966,0.1966,0.4998,0.4998,0.0737,0.0164,0.0164,0.0410,0.4530,0.6405,,0.1875,,48.41,3.03,156.5,145.1,0.988,0.166,
1791427862.6349502,0.6350,0.8030,0.7006,0.6350,0.4998,0.7006,0.7538,0.3646,0.6350,0.2991,0.0737,0.4302,0.4998,0.0942,0.0369,0.0369,0.0369,0.4520,0.6420,,0.1900,,48.37,3.01,156.8,144.7,0.940,0.167,
1791427862.6680405,0.7006,0.8767,0.7006,0.6350,0.5695,0.5695,0.4998,0.4998,0.3646,0.0574,0.1966,0.4998,0.4998,0.0410,0.0369,0.0246,0.0369,0.4550,0.6445,,0.1895,,48.96,2.99,155.7,144.8,0.853,0.164,
1791427862.7013583,0.5695,0.6350,0.6350,0.6350,0.5695,0.4998,0.8030,0.4302,0.4998,0.2991,0.1229,0.5695,0.4302,0.1557,0.0246,0.0246,0.0369,0.4550,0.6465,,0.1915,,48.68,2.90,155.6,,0.845,0.166,
1791427862.7341862,0.6350,0.7538,0.7006,0.7006,0.4998,0.7006,0.5695,0.4998,0.7538,0.2991,0.2991,0.3646,0.4998,0.0574,0.0737,0.0410,0.0574,0.4520,0.6415,,0.1895,,48.83,2.96,155.3,,0.894,0.165,
1791427862.773407,0.8030,0.9259,0.8030,0.6350,0.4302,0.4302,0.7006,0.7006,0.5695,0.3646,0.2458,0.4998,0.4998,0.0737,0.0205,0.0123,0.0574,0.4570,0.6415,,0.1845,,48.59,2.96,155.7,,0.978,0.166,1.575
1791427862.805077,0.7006,0.8767,0.8030,0.5695,0.4998,0.6350,0.7006,0.4998,0.3646,0.2458,0.0737,0.5695,0.5695,0.1557,0.0574,0.0410,0.0574,0.4550,0.6430,0.6640,0.1880,0.0210,48.81,3.04,155.8,,0.881,0.165,
1791427862.837456,0.5695,0.8767,0.7006,0.5695,0.4302,0.6350,0.6350,0.6350,0.4998,0.4302,0.2991,0.4998,0.4998,0.0410,0.0246,0.0246,0.0205,0.4540,0.6430,,0.1890,,49.19,3.06,155.9,,0.877,0.163,1.527
1791427862.8686876,0.7006,0.8440,0.7538,0.7006,0.3646,0.6350,0.7006,0.5695,0.6350,0.4998,0.2991,0.5695,0.4998,0.0574,0.0410,0.0369,0.0410,0.4550,0.6430,,0.1880,,48.93,3.03,156.3,,0.928,0.164,1.551
1791427862.901708,0.5695,0.9259,0.5695,0.4302,0.6350,0.8030,0.7538,0.6350,0.7006,0.1966,0.3646,0.5695,0.4998,0.0369,0.0574,0.0205,0.0369,0.4530,0.6420,,0.1890,,48.84,3.03,157.1,143.7,0.946,0.165,1.733
1791427862.9350839,0.5695,0.9054,0.4998,0.5695,0.6350,0.6350,0.5695,0.4998,0.8030,0.1966,0.2458,0.6350,0.4998,0.0574,0.0369,0.0164,0.0369,0.4520,0.6415,,0.1895,,48.93,3.05,157.0,144.3,0.940,0.164,
1791427862.967893,0.4998,0.9054,0.6350,0.4998,0.4998,0.7538,0.4998,0.7006,0.4998,0.2458,0.3646,0.4998,0.4998,0.0574,0.0123,0.0164,0.0246,0.4520,0.6425,,0.1905,,48.42,3.04,156.9,143.2,0.934,0.168,1.711
1791427863.0011666,0.8030,0.9259,0.7006,0.7006,0.5695,0.3646,0.7006,0.7006,0.4998,0.0737,0.0737,0.5695,0.4998,0.0574,0.0205,0.0164,0.0205,0.4550,0.6415,,0.1865,,48.22,3.03,156.5,142.7,0.973,0.168,
1791427863.0346322,0.6350,0.8030,0.8440,0.7006,0.5695,0.7538,0.7538,0.4998,0.4302,0.1966,0.1229,0.5695,0.4998,0.0942,0.0164,0.0164,0.0410,0.4520,0.6420,,0.1900,,48.22,3.04,157.2,143.1,0.936,0.169,
1791427863.0748796,0.5695,0.8030,0.7006,0.4998,0.4302,0.5695,0.7006,0.4998,0.6350,0.2991,0.2458,0.4998,0.5695,0.0574,0.0246,0.0123,0.0369,0.4550,0.6415,,0.1865,,48.22,3.06,157.7,143.2,0.936,0.168,
1791427863.104647,0.4998,0.8440,0.7538,0.4998,0.4998,0.5695,0.7006,0.4302,0.6350,0.2991,0.0737,0.4998,0.4302,0.0410,0.0574,0.0123,0.0246,0.4530,0.6420,,0.1890,,48.04,3.03,157.6,143.0,0.988,0.169,
1791427863.1369867,0.4998,0.9587,0.8440,0.7538,0.4998,0.7006,0.8440,0.4998,0.7538,0.2991,0.2991,0.5695,0.6350,0.0574,0.0246,0.0246,0.0369,0.4530,0.6410,0.6610,0.1880,0.0200,48.33,3.01,157.6,143.0,0.963,0.168,
1791427863.169166,0.6350,0.9259,0.5695,0.4998,0.5695,0.7006,0.6350,0.6350,0.4998,0.0369,0.1229,0.5695,0.4998,0.0942,0.0246,0.0164,0.0369,0.4530,0.6415,,0.1885,,48.62,3.03,155.5,143.7,0.939,0.166,
1791427863.2015433,0.5695,0.8440,0.7006,0.6350,0.5695,0.6350,0.7006,0.6350,0.5695,0.2991,0.2991,0.5695,0.4998,0.0410,0.0574,0.0369,0.0410,0.4530,0.6420,,0.1890,,48.74,3.05,156.0,143.6,0.911,0.165,
1791427863.2350607,0.6350,0.8440,0.8767,0.7538,0.5695,0.5695,0.7006,0.4998,0.4998,0.1966,0.2991,0.4998,0.4998,0.0574,0.0574,0.0164,0.0246,0.4520,0.6440,,0.1920,,48.58,2.99,156.6,143.1,0.923,0.167,
1791427863.2684588,0.5695,0.8030,0.8030,0.7006,0.5695,0.7006,0.5695,0.4302,0.7006,0.1557,0.2458,0.5695,0.5695,0.0574,0.0410,0.0205,0.0410,0.4550,0.6420,0.6590,0.1870,0.0170,48.15,2.88,157.1,143.6,0.984,0.169,
1791427863.3019323,0.6350,0.7006,0.7538,0.6350,0.5695,0.4998,0.5695,0.6350,0.3646,0.2991,0.1557,0.4998,0.4998,0.0574,0.0369,0.0246,0.0369,0.4540,0.6430,,0.1890,,48.74,2.89,157.1,143.3,0.894,0.166,
1791427863.3429313,0.5695,0.6350,0.8030,0.5695,0.5695,0.6350,0.7006,0.4302,0.5695,0.3646,0.0737,0.5695,0.5695,0.0369,0.0164,0.0410,0.0369,0.4550,0.6430,0.6610,0.1880,0.0180,48.57,2.87,156.9,142.4,0.928,0.167,1.558
1791427863.374722,0.7006,0.6350,0.7538,0.5695,0.6350,0.7006,0.7538,0.4302,0.7538,0.1557,0.1557,0.4998,0.4998,0.0942,0.0574,0.0164,0.0369,0.4550,0.6425,,0.1875,,48.59,2.88,156.9,142.6,0.914,0.166,
1791427863.4065695,0.3646,0.4998,0.6350,0.5695,0.3646,0.6350,0.6350,0.4998,0.5695,0.3646,0.1966,0.5695,0.5695,0.0737,0.0246,0.0205,0.0410,0.4520,0.6420,0.6640,0.1900,0.0220,48.65,3.00,156.8,142.4,0.902,0.166,1.577
1791427863.4376047,0.8030,0.8440,0.7538,0.5695,0.4998,0.6350,0.7538,0.4998,0.2458,0.2991,0.2458,0.4998,0.4998,0.0942,0.0574,0.0123,0.0369,0.4570,0.6410,,0.1840,,48.61,3.03,156.9,142.8,0.941,0.165,
1791427863.4683151,0.4998,0.8440,0.8030,0.7006,0.4998,0.6350,0.6350,0.4998,0.5695,0.3646,0.4302,0.4998,0.5695,0.0737,0.0410,0.0164,0.0205,0.4570,0.6405,,0.1835,,48.48,3.05,157.4,143.8,0.980,0.165,1.622
1791427863.501515,0.2991,0.8440,0.7538,0.7538,0.5695,0.5695,0.5695,0.3646,0.4302,0.2458,0.2991,0.6350,0.4302,0.0737,0.0205,0.0410,0.0369,,0.6410,,,,48.48,3.05,157.4,143.6,0.973,0.165,
1791427863.5348675,0.5695,0.9259,0.8030,0.7006,0.6350,0.5695,0.4998,0.5695,0.6350,0.3646,0.2458,0.5695,0.5695,0.0574,0.0369,0.0123,0.0369,0.4520,0.6420,0.6630,0.1900,0.0210,48.66,3.08,157.6,143.9,0.936,0.165,1.571
1791427863.5681148,0.7006,0.8030,0.8030,0.5695,0.4998,0.6350,0.7538,0.6350,0.4998,0.4302,0.2458,0.4998,0.5695,0.0410,0.0246,0.0369,0.0369,0.4530,0.6415,,0.1885,,49.04,3.09,157.6,144.2,0.945,0.163,1.558
1791427863.6025946,0.4302,0.6350,0.7538,0.5695,0.5695,0.5695,0.5695,0.5695,0.5695,0.2991,0.2991,0.5695,0.5695,0.0942,0.0246,0.0369,0.0246,0.4540,0.6415,0.6600,0.1875,0.0185,48.59,3.00,158.1,144.5,0.997,0.166,
1791427863.6426117,0.5695,0.8030,0.7538,0.7006,0.2991,0.7538,0.7006,0.2991,0.2991,0.2991,0.2458,0.4998,0.4302,0.0574,0.0246,0.0205,0.0410,0.4520,0.6410,,0.1890,,48.68,3.00,157.4,144.4,0.976,0.165,
1791427863.6745317,0.4998,0.8030,0.8030,0.7006,0.6350,0.5695,0.5695,0.3646,0.4302,0.4302,0.2991,0.4998,0.5695,0.0410,0.0205,0.0123,0.0246,0.4570,0.6420,,0.1850,,48.72,2.99,157.8,144.8,0.949,0.164,1.558
1791427863.7053864,0.4302,0.8030,0.8030,0.4998,0.4302,0.8030,0.7006,0.4998,0.7006,0.1557,0.0737,0.4998,0.5695,0.0410,0.0246,0.0369,0.0410,0.4550,0.6430,,0.1880,,49.10,3.00,156.9,144.5,0.881,0.162,
1791427863.7373955,0.4998,0.6350,0.9259,0.7006,0.6350,0.7006,0.6350,0.5695,0.5695,0.2991,0.5695,0.4998,0.5695,0.0737,0.0246,0.0164,0.0369,0.4520,0.6430,,0.1910,,49.27,2.98,156.8,144.5,0.915,0.162,1.599
1791427863.768534,0.4998,0.9259,0.8440,0.7006,0.5695,0.1966,0.6350,0.4302,0.7006,0.1229,0.1229,0.5695,0.4998,0.0942,0.0205,0.0369,0.0246,0.4520,,,,,49.27,2.98,156.8,144.5,,,
1791427863.8017244,0.4302,0.6350,0.8030,0.5695,0.5695,0.6350,0.4302,0.6350,0.7538,0.2458,0.3646,0.4998,0.5695,0.0942,0.0369,0.0164,0.0369,0.4550,0.6420,,0.1870,,49.89,3.00,156.4,145.3,0.905,0.158,1.563
1791427863.8358319,0.4998,0.9259,0.7006,0.4998,0.5695,0.5695,0.7006,0.4302,0.5695,0.0942,0.2991,0.5695,0.4998,0.0737,0.0369,0.0369,0.0246,0.4540,0.6410,,0.1870,,49.95,3.03,155.5,145.8,0.935,0.158,
1791427863.8694513,0.6350,0.8030,0.9423,0.7006,0.7538,0.4302,0.5695,0.3646,0.5695,0.2991,0.3646,0.5695,0.4998,0.0737,0.0246,0.0205,0.0369,0.4550,0.6455,,0.1905,,50.44,2.98,156.3,144.5,0.841,0.156,1.577
1791427863.90217,0.7006,0.4998,0.7538,0.5695,0.6350,0.7006,0.2458,0.4998,0.2458,0.2991,0.1229,0.4998,0.4998,0.0574,0.0574,0.0123,0.0369,0.4540,,,,,50.44,2.98,156.3,144.5,,,
1791427863.9438007,0.5695,0.7006,0.8767,0.4998,0.5695,0.4998,0.7006,0.4998,0.4302,0.1557,0.1557,0.5695,0.5695,0.0737,0.0246,0.0164,0.0369,0.4550,0.6395,0.6600,0.1845,0.0205,49.85,2.95,157.2,143.6,1.028,0.158,
1791427863.9759815,0.6350,0.8767,0.9054,0.6350,0.6350,0.7006,0.7006,0.4998,0.5695,0.3646,0.0737,0.5695,0.4998,0.0369,0.0737,0.0369,0.0574,0.4570,0.6405,,0.1835,,49.47,2.97,157.3,143.5,0.983,0.160,1.620
1791427864.007496,0.5695,0.9423,0.7538,0.7006,0.3646,0.6350,0.8030,0.6350,0.6350,0.2991,0.2458,0.4998,0.4998,0.0246,0.0369,0.0369,0.0737,0.4550,0.6430,,0.1880,,49.63,2.97,158.0,143.2,0.881,0.159,
1791427864.0375862,0.7538,0.8030,0.8440,0.6350,0.6350,0.5695,0.7538,0.5695,0.5695,0.0737,0.2991,0.5695,0.5695,0.0410,0.0246,0.0246,0.0246,0.4550,0.6440,0.6590,0.1890,0.0150,49.89,2.87,156.5,142.9,0.880,0.158,
1791427864.0688217,0.4998,0.5695,0.8440,0.6350,0.4302,0.7006,0.6350,0.3646,0.6350,0.2458,0.2991,0.4998,0.4998,0.0574,0.0164,0.0205,0.0369,0.4520,0.6410,,0.1890,,50.12,2.88,157.5,142.7,0.977,0.157,
1791427864.1027653,0.7538,0.9054,0.9423,0.4998,0.6350,0.5695,0.8440,0.5695,0.3646,0.2458,0.2991,0.6350,0.5695,0.0369,0.0369,0.0082,0.0369,0.4530,0.6435,0.6600,0.1905,0.0165,49.75,2.80,158.0,143.5,0.947,0.159,
1791427864.1363084,0.5695,0.9054,0.8440,0.5695,0.5695,0.4998,0.6350,0.5695,0.4998,0.2991,0.4302,0.5695,0.5695,0.0410,0.0123,0.0246,0.0574,0.4570,0.6410,0.6600,0.1840,0.0190,49.46,2.81,158.2,143.3,0.959,0.160,1.760
1791427864.1702368,0.6350,0.8030,0.7006,0.6350,0.5695,0.5695,0.7006,0.6350,0.6350,0.3646,0.2458,0.4998,0.4302,0.0942,0.0574,0.0205,0.0205,0.4520,0.6415,,0.1895,,49.16,2.80,157.9,143.7,0.975,0.162,1.621
1791427864.2111177,0.3646,0.8767,0.8030,0.5695,0.6350,0.6350,0.8030,0.4998,0.6350,0.2458,0.0942,0.6350,0.4998,0.0410,0.0574,0.0123,0.0369,0.4550,0.6420,,0.1870,,48.91,2.78,158.6,144.3,0.980,0.164,
1791427864.2441962,0.5695,0.7538,0.7006,0.6350,0.5695,0.6350,0.7006,0.6350,0.6350,0.3646,0.3646,0.4998,0.4998,0.0574,0.0410,0.0164,0.0410,0.4520,0.6410,,0.1890,,49.36,2.83,158.6,142.9,0.926,0.161,1.527
1791427864.2754354,0.6350,0.8440,0.7538,0.5695,0.5695,0.4302,0.6350,0.7006,0.4998,0.3646,0.2991,0.4998,0.5695,0.0410,0.0246,0.0164,0.0123,0.4530,0.6430,,0.1900,,48.98,2.79,158.3,142.8,0.955,0.164,1.567
1791427864.307769,0.7006,0.5695,0.7538,0.6350,0.4998,0.6350,0.6350,0.4998,0.5695,0.1229,0.1229,0.5695,0.4302,0.0737,0.0246,0.0246,0.0369,0.4570,0.6425,,0.1855,,49.36,2.82,158.3,142.5,0.868,0.161,
1791427864.3375714,0.6350,0.8030,0.8030,0.6350,0.4302,0.5695,0.8030,0.6350,0.4998,0.0737,0.1229,0.6350,0.4302,0.0574,0.0246,0.0164,0.0164,0.4570,0.6410,,0.1840,,49.39,2.84,157.0,142.9,0.967,0.160,
1791427864.3700895,0.5695,0.8440,0.8767,0.6350,0.5695,0.4302,0.7538,0.7006,0.5695,0.1966,0.1557,0.5695,0.4998,0.0574,0.0246,0.0410,0.0369,0.4520,0.6430,,0.1910,,49.30,2.82,156.9,142.8,0.910,0.162,
1791427864.4020085,0.4998,0.8030,0.8440,0.7006,0.3646,0.6350,0.4998,0.4998,0.4302,0.2991,0.2991,0.4998,0.5695,0.0942,0.0369,0.0164,0.0369,0.4540,0.6410,,0.1870,,48.81,2.84,157.4,142.8,0.956,0.164,
1791427864.4371984,0.7006,0.9054,0.8440,0.7006,0.4998,0.6350,0.6350,0.4998,0.7538,0.2458,0.1966,0.4998,0.4998,0.0410,0.0164,0.0574,0.0410,0.4520,0.6415,,0.1895,,49.23,2.85,157.3,143.1,0.938,0.162,
1791427864.4696593,0.7006,0.8440,0.8030,0.5695,0.5695,0.3646,0.4998,0.4998,0.3646,0.2458,0.1557,0.5695,0.4998,0.0410,0.0164,0.0164,0.0410,0.4530,0.6420,,0.1890,,50.07,2.89,156.6,142.8,0.876,0.158,
1791427864.5036066,0.4998,0.7006,0.8767,0.7538,0.5695,0.6350,0.4998,0.5695,0.4998,0.2991,0.2458,0.4998,0.4302,0.0246,0.0164,0.0369,0.0205,0.4520,0.6420,,0.1900,,50.32,2.89,157.1,142.6,0.910,0.156,
1791427864.5441,0.4998,0.9054,0.8767,0.5695,0.4998,0.6350,0.8030,0.6350,0.4302,0.2991,0.4302,0.4998,0.4998,0.0737,0.0205,0.0410,0.0369,0.4530,0.6420,,0.1890,,50.10,2.87,157.6,142.3,0.948,0.158,1.709
1791427864.5750613,0.5695,0.8440,0.8440,0.4998,0.5695,0.7006,0.8030,0.4302,0.4998,0.0410,0.2991,0.5695,0.5695,0.0369,0.0737,0.0123,0.0369,0.4520,0.6415,0.6600,0.1895,0.0185,50.08,2.87,156.6,142.6,0.931,0.158,
1791427864.606946,0.7006,0.8440,0.7538,0.7538,0.5695,0.4998,0.8030,0.6350,0.4998,0.3646,0.2991,0.5695,0.4302,0.0164,0.0246,0.0369,0.0574,0.4550,0.6410,,0.1860,,49.81,2.89,157.9,143.1,0.940,0.159,1.623
1791427864.6385767,0.4998,0.7538,0.9054,0.6350,0.4998,0.5695,0.7006,0.6350,0.4302,0.2458,0.0737,0.4998,0.4302,0.0574,0.0205,0.0369,0.0410,0.4550,0.6420,,0.1870,,50.34,2.90,158.0,142.4,0.896,0.156,
1791427864.670838,0.7538,0.6350,0.8030,0.5695,0.6350,0.7006,0.7538,0.7006,0.7006,0.0574,0.2458,0.5695,0.5695,0.0574,0.0205,0.0123,0.0369,0.4540,0.6420,0.6590,0.1880,0.0170,50.10,2.86,156.7,142.2,0.896,0.157,
1791427864.7030253,0.4998,0.7006,0.7538,0.7006,0.6350,0.7006,0.7006,0.1966,0.8440,0.2991,0.2991,0.4998,0.5695,0.1229,0.0205,0.0205,0.0205,0.4550,0.6425,,0.1875,,50.16,2.84,156.9,141.5,0.918,0.157,
1791427864.7373056,0.4302,0.6350,0.8030,0.5695,0.4998,0.7006,0.7538,0.4302,0.7538,0.0369,0.1966,0.4998,0.5695,0.0737,0.0369,0.0164,0.0410,0.4520,0.6420,,0.1900,,50.47,2.84,153.8,141.4,0.913,0.155,
1791427864.7698638,0.6350,0.8030,0.8030,0.5695,0.4998,0.5695,0.7538,0.5695,0.8030,0.0410,0.0737,0.4998,0.5695,0.1229,0.0246,0.0205,0.0410,0.4530,0.6415,,0.1885,,50.64,2.84,152.8,139.6,0.939,0.155,
1791427864.8039346,0.3646,0.7538,0.7538,0.7006,0.3646,0.6350,0.7538,0.5695,0.4998,0.2991,0.1229,0.5695,0.5695,0.0205,0.0164,0.0164,0.0410,0.4520,0.6415,0.6580,0.1895,0.0165,50.70,2.77,,140.3,0.938,0.154,
1791427864.8447762,0.8440,0.7006,0.8030,0.7006,0.5695,0.4998,0.6350,0.6350,0.4998,0.1966,0.1229,0.5695,0.5695,0.0574,0.0574,0.0123,0.0410,0.4550,0.6415,0.6620,0.1865,0.0205,50.62,2.85,,140.6,0.936,0.154,
1791427864.876231,0.7006,0.7006,0.8030,0.7006,0.7006,0.4998,0.8440,0.6350,0.7538,0.0574,0.2991,0.5695,0.4998,0.1229,0.0164,0.0246,0.0410,0.4540,0.6415,,0.1875,,50.05,2.85,,141.3,0.936,0.158,
1791427864.9082992,0.7006,0.7006,0.8030,0.7006,0.5695,0.5695,0.5695,0.4302,0.3646,0.1966,0.0942,0.4998,0.4302,0.0410,0.0410,0.0164,0.0410,0.4550,0.6425,,0.1875,,50.08,2.86,,140.8,0.873,0.157,
1791427864.9393182,0.8030,0.8767,0.8767,0.5695,0.7006,0.5695,0.7006,0.7006,0.4302,0.1966,0.2991,0.5695,0.4998,0.0737,0.0574,0.0164,0.0369,0.4520,0.6420,,0.1900,,49.96,2.86,,141.3,0.915,0.158,
1791427864.9711308,0.6350,0.7538,0.5695,0.4302,0.6350,0.6350,0.5695,0.4998,0.7006,0.3646,0.4302,0.4998,0.5695,0.1557,0.0574,0.0369,0.0369,0.4570,0.6430,,0.1860,,49.68,2.83,154.9,143.1,0.902,0.159,1.549
1791427865.0036874,0.5695,0.7006,0.8030,0.4998,0.6350,0.6350,0.4998,0.5695,0.4302,0.4302,0.2458,0.5695,0.6350,0.0737,0.0369,0.0164,0.0410,0.4550,0.6415,0.6650,0.1865,0.0235,49.67,3.02,155.3,142.7,0.885,0.159,1.506
1791427865.0365808,0.6350,0.7006,0.8440,0.5695,0.5695,0.6350,0.4998,0.4998,0.6350,0.3646,0.1229,0.4998,0.4302,0.0942,0.0164,0.0369,0.0410,0.4520,0.6425,,0.1905,,50.11,3.01,156.0,141.8,0.896,0.157,1.505
1791427865.0704787,0.5695,0.7538,0.7006,0.4998,0.3646,0.7006,0.5695,0.6350,0.6350,0.3646,0.2458,0.5695,0.4998,0.0737,0.0246,0.0246,0.0410,0.4520,0.6420,,0.1900,,49.84,3.01,156.4,142.1,0.907,0.159,1.586
1791427865.1046066,0.7006,0.8440,0.6350,0.6350,0.3646,0.4998,0.6350,0.4998,0.7006,0.2458,0.2991,0.5695,0.3646,0.0737,0.0410,0.0369,0.0574,0.4550,0.6420,,0.1870,,49.56,3.01,156.4,142.4,0.919,0.160,
1791427865.1373026,0.6350,0.7538,0.8030,0.5695,0.6350,0.6350,0.6350,0.4998,0.7006,0.4302,0.1966,0.6350,0.5695,0.0410,0.0369,0.0205,0.0369,0.4510,0.6420,0.6600,0.1910,0.0180,49.48,2.97,157.2,142.6,0.910,0.161,1.570
1791427865.176781,0.6350,0.8440,0.6350,0.7006,0.6350,0.6350,0.6350,0.4998,0.7006,0.2458,0.2991,0.4998,0.4998,0.0737,0.0574,0.0123,0.0574,0.4550,0.6425,,0.1875,,49.40,2.96,156.5,142.5,0.901,0.162,
1791427865.209766,0.4998,0.9054,0.8030,0.4998,0.5695,0.4302,0.6350,0.5695,0.4998,0.2458,0.0942,0.4998,0.4998,0.0942,0.0246,0.0164,0.0369,0.4550,0.6420,,0.1870,,49.10,2.95,157.4,142.2,0.929,0.163,
1791427865.2404156,0.6350,0.7006,0.8440,0.6350,0.4998,0.5695,0.4998,0.5695,0.2458,0.1966,0.2458,0.5695,0.5695,0.0942,0.0737,0.0369,0.0410,0.4520,0.6440,0.6630,0.1920,0.0190,49.20,2.98,157.2,142.6,0.881,0.163,
1791427865.2713666,0.6350,0.8440,0.8767,0.7006,0.4998,0.7006,0.7006,0.6350,0.7006,0.2991,0.2991,0.4998,0.4302,0.0737,0.0574,0.0410,0.0410,0.4550,0.6410,,0.1860,,49.09,3.00,157.8,142.7,0.946,0.163,
1791427865.304087,0.4998,0.6350,0.8440,0.6350,0.4998,0.6350,0.7006,0.4302,0.6350,0.1229,0.2458,0.5695,0.4998,0.0737,0.0410,0.0246,0.0410,0.4510,0.6415,,0.1905,,48.84,3.00,156.9,142.7,0.946,0.165,
1791427865.338087,0.7006,0.7006,0.7006,0.7538,0.6350,0.6350,0.7006,0.5695,0.8440,0.0737,0.2458,0.5695,0.4302,0.0942,0.0123,0.0246,0.0369,0.4510,0.6420,,0.1910,,48.36,2.96,156.8,143.6,0.980,0.168,
1791427865.3709655,0.4998,0.6350,0.8030,0.4302,0.4302,0.5695,0.7006,0.4998,0.6350,0.2991,0.2458,0.5695,0.4998,0.0942,0.0574,0.0123,0.0369,0.4520,0.6430,,0.1910,,48.80,2.94,157.3,143.3,0.922,0.166,
1791427865.4044907,0.7006,0.8767,0.8030,0.7006,0.4998,0.7006,0.6350,0.4998,0.7538,0.2991,0.4302,0.5695,0.5695,0.0410,0.0246,0.0123,0.0369,0.4530,0.6410,0.6590,0.1880,0.0180,49.34,2.89,157.2,143.8,0.950,0.163,1.604
1791427865.43812,0.3646,0.5695,0.8030,0.4998,0.5695,0.7538,0.8440,0.5695,0.4998,0.2458,0.2458,0.5695,0.5695,0.0737,0.0164,0.0410,0.0164,0.4520,0.6425,0.6590,0.1905,0.0165,49.41,2.83,156.8,143.8,0.914,0.162,
1791427865.4782262,0.7006,0.7006,0.7538,0.4998,0.5695,0.5695,0.7006,0.5695,0.4302,0.0410,0.2991,0.5695,0.4998,0.0737,0.0164,0.0123,0.0205,0.4550,0.6410,,0.1860,,49.49,2.84,155.1,144.3,0.967,0.161,
1791427865.5098844,0.5695,0.6350,0.6350,0.6350,0.6350,0.6350,0.6350,0.6350,0.4998,0.0574,0.0942,0.4998,0.5695,0.0123,0.0123,0.0164,0.0410,0.4510,0.6425,,0.1915,,49.44,2.83,154.3,143.7,0.926,0.162,
1791427865.5408113,0.5695,0.9054,0.8767,0.5695,0.6350,0.7006,0.7538,0.6350,0.7006,0.2991,0.2458,0.5695,0.4998,0.0410,0.0369,0.0369,0.0369,0.4510,0.6415,,0.1905,,49.46,2.85,155.3,143.7,0.923,0.162,
1791427865.57286,0.7538,0.8030,0.7538,0.4998,0.4998,0.6350,0.6350,0.6350,0.1966,0.2458,0.0737,0.4998,0.4998,0.0574,0.0246,0.0164,0.0369,0.4520,0.6420,,0.1900,,49.63,2.88,155.5,143.3,0.889,0.161,
1791427865.6046946,0.7538,0.7006,0.8030,0.6350,0.4998,0.5695,0.6350,0.5695,0.7006,0.3646,0.1229,0.5695,0.5695,0.0942,0.0123,0.0205,0.0205,0.4520,0.6415,0.6590,0.1895,0.0175,49.50,2.83,155.6,142.9,0.944,0.162,1.549
1791427865.6380544,0.6350,0.6350,0.7538,0.5695,0.5695,0.4998,0.5695,0.5695,0.2458,0.0737,0.1557,0.5695,0.5695,0.0410,0.0410,0.0369,0.0574,0.4550,0.6430,0.6620,0.1880,0.0190,49.44,2.86,154.7,142.8,0.918,0.162,
1791427865.6721106,0.5695,0.5695,0.7538,0.5695,0.5695,0.4998,0.4998,0.7006,0.4998,0.1229,0.4302,0.5695,0.5695,0.0574,0.0369,0.0164,0.0123,0.4550,0.6410,0.6620,0.1860,0.0210,49.54,2.92,155.1,142.4,0.945,0.161,1.690
1791427865.704513,0.4998,0.4998,0.6350,0.7006,0.4998,0.6350,0.7006,0.7006,0.7006,0.1966,0.3646,0.4998,0.4998,0.0410,0.0164,0.0205,0.0410,0.4520,0.6425,,0.1905,,49.62,2.92,155.3,143.2,0.905,0.161,1.605
1791427865.738308,0.8440,0.7006,0.8030,0.7538,0.4302,0.6350,0.7006,0.4998,0.6350,0.2458,0.2991,0.5695,0.5695,0.0205,0.0246,0.0246,0.0574,0.4550,0.6430,0.6610,0.1880,0.0180,49.42,2.90,155.3,143.8,0.914,0.162,
1791427865.7775378,0.5695,0.8440,0.9259,0.6350,0.6350,0.2458,0.7006,0.1966,0.4998,0.2991,0.3646,0.4998,0.5695,0.0737,0.0410,0.0123,0.0410,0.4520,,,,,49.42,2.90,155.3,143.8,,,
1791427865.8080597,0.5695,0.6350,0.7538,0.5695,0.6350,0.4998,0.7006,0.4302,0.5695,0.3646,0.0942,0.4302,0.5695,0.0410,0.0369,0.0574,0.0164,0.4550,0.6420,,0.1870,,49.61,2.93,155.7,142.9,0.877,0.160,1.527
1791427865.8397071,0.6350,0.6350,0.7006,0.6350,0.4998,0.8030,0.7006,0.6350,0.7006,0.2458,0.2458,0.4998,0.5695,0.0737,0.0246,0.0164,0.0410,0.4530,0.6430,,0.1900,,49.58,2.89,156.5,143.2,0.935,0.161,
1791427865.8715348,0.4998,0.6350,0.7538,0.5695,0.5695,0.4302,0.7006,0.6350,0.3646,0.1966,0.1557,0.5695,0.5695,0.0737,0.0737,0.0369,0.0369,0.4550,0.6410,0.6600,0.1860,0.0190,49.09,2.87,156.9,143.1,0.980,0.163,
1791427865.9053144,0.4998,0.7538,0.8767,0.4998,0.6350,0.4998,0.4998,0.6350,0.3646,0.2991,0.1557,0.4998,0.4998,0.0246,0.0369,0.0574,0.0369,0.4520,0.6385,,0.1865,,48.75,2.91,157.5,143.5,1.045,0.165,
1791427865.9379518,0.5695,0.8030,0.7538,0.6350,0.4998,0.4998,0.5695,0.4998,0.2991,0.0942,0.1557,0.6350,0.4302,0.0410,0.0164,0.0164,0.0246,0.4520,0.6400,,0.1880,,48.73,2.93,157.4,143.7,0.984,0.165,
1791427865.9710903,0.3646,0.5695,0.7006,0.7006,0.4302,0.6350,0.7006,0.5695,0.4998,0.0737,0.3646,0.5695,0.5695,0.0574,0.0369,0.0164,0.0205,0.4550,0.6395,0.6630,0.1845,0.0235,48.34,3.02,157.2,144.9,0.994,0.167,1.770
1791427866.0055358,0.5695,0.7538,0.7006,0.4302,0.5695,0.5695,0.7538,0.4998,0.4302,0.0942,0.3646,0.4998,0.5695,0.0737,0.0205,0.0123,0.0246,0.4530,0.6455,,0.1925,,48.66,2.94,156.5,145.7,0.872,0.166,1.528
1791427866.0449119,0.4302,0.9054,0.7006,0.6350,0.6350,0.7006,0.6350,0.6350,0.6350,0.3646,0.1966,0.4302,0.4998,0.0410,0.0205,0.0246,0.0410,0.4530,0.6410,,0.1880,,48.97,2.96,156.9,146.0,0.940,0.164,1.573
1791427866.0762897,0.5695,0.8767,0.9259,0.7006,0.4302,0.6350,0.7006,0.5695,0.2991,0.0942,0.1229,0.5695,0.4998,0.0737,0.0369,0.0369,0.0369,0.4510,0.6405,,0.1895,,49.00,2.97,156.2,145.7,0.980,0.164,
1791427866.1077373,0.4998,0.4302,0.7538,0.4998,0.6350,0.7006,0.7538,0.6350,0.4998,0.3646,0.2991,0.5695,0.4998,0.0574,0.0246,0.0164,0.0246,0.4520,0.6425,,0.1905,,49.09,2.96,156.6,145.9,0.928,0.164,1.587
1791427866.1389704,0.4998,0.6350,0.7538,0.5695,0.4998,0.5695,0.7538,0.6350,0.5695,0.2991,0.2458,0.4998,0.4998,0.0410,0.0164,0.0123,0.0123,0.4550,0.6420,,0.1870,,49.13,2.95,156.7,146.1,0.935,0.163,
1791427866.1720915,0.6350,0.7006,0.7538,0.6350,0.5695,0.4998,0.7006,0.5695,0.4302,0.1557,0.0737,0.4302,0.4998,0.0410,0.0123,0.0369,0.0574,0.4520,0.6395,,0.1875,,49.12,2.97,156.1,145.4,1.017,0.163,
1791427866.2049499,0.4998,0.7538,0.7006,0.5695,0.5695,0.6350,0.4998,0.6350,0.4302,0.1966,0.2991,0.5695,0.4998,0.0574,0.0369,0.0164,0.0123,0.4530,0.6410,,0.1880,,48.84,2.96,156.6,144.9,0.997,0.165,
1791427866.2387013,0.4302,0.8030,0.8030,0.6350,0.5695,0.5695,0.5695,0.5695,0.6350,0.2991,0.0942,0.5695,0.4998,0.0737,0.0369,0.0123,0.0369,0.4530,0.6430,,0.1900,,49.15,2.95,156.4,144.3,0.880,0.163,
1791427866.272009,0.4998,0.6350,0.8030,0.5695,0.4998,0.7538,0.6350,0.6350,0.6350,0.1966,0.1229,0.5695,0.6350,0.0574,0.0205,0.0123,0.0369,0.4530,0.6440,0.6590,0.1910,0.0150,49.13,2.85,156.2,143.9,0.897,0.164,
1791427866.3055367,0.7006,0.6350,0.7538,0.6350,0.4998,0.4998,0.5695,0.5695,0.4302,0.1966,0.1229,0.4998,0.4998,0.0574,0.0369,0.0164,0.0369,0.4530,0.6420,,0.1890,,48.74,2.83,156.3,144.1,0.969,0.166,
1791427866.344817,0.7538,0.6350,0.5695,0.5695,0.5695,0.6350,0.5695,0.6350,0.6350,0.2458,0.0942,0.5695,0.5695,0.0737,0.0205,0.0369,0.0574,0.4550,0.6425,0.6590,0.1875,0.0165,48.36,2.76,156.7,144.0,0.946,0.168,
1791427866.3775997,0.6350,0.5695,0.7538,0.6350,0.4302,0.6350,0.7006,0.4998,0.5695,0.1966,0.1966,0.4998,0.4998,0.0205,0.0205,0.0164,0.0410,0.4510,0.6425,,0.1915,,48.45,2.78,156.6,143.7,0.894,0.168,
1791427866.409577,0.6350,0.4302,0.7538,0.6350,0.4302,0.6350,0.7538,0.6350,0.4302,0.1557,0.1966,0.5695,0.5695,0.0737,0.0205,0.0205,0.0246,0.4510,0.6420,0.6610,0.1910,0.0190,48.38,2.81,157.5,143.2,0.932,0.168,
1791427866.439935,0.6350,0.5695,0.7006,0.7006,0.4998,0.6350,0.6350,0.5695,0.4998,0.2458,0.3646,0.4998,0.4998,0.0737,0.0574,0.0369,0.0205,0.4520,0.6405,,0.1885,,48.59,2.84,157.8,143.9,0.965,0.167,1.624
1791427866.4729486,0.6350,0.8440,0.7538,0.5695,0.4998,0.6350,0.7006,0.7006,0.5695,0.2458,0.2458,0.5695,0.5695,0.0410,0.0574,0.0737,0.0369,0.4530,0.6415,0.6590,0.1885,0.0175,48.64,2.80,158.0,145.1,0.953,0.167,
1791427866.5047343,0.4998,0.8030,0.7538,0.7538,0.4998,0.7538,0.7006,0.5695,0.5695,0.2458,0.0737,0.4998,0.4998,0.0205,0.0164,0.0246,0.0410,0.4530,0.6415,,0.1885,,48.36,2.78,158.2,144.9,0.988,0.168,
1791427866.5400007,0.5695,0.7006,0.8030,0.6350,0.6350,0.3646,0.4302,0.4302,0.3646,0.0369,0.2458,0.5695,0.4998,0.0410,0.0246,0.0246,0.0369,0.4530,0.6430,,0.1900,,48.70,2.76,156.2,144.9,0.915,0.166,
1791427866.5721717,0.5695,0.9054,0.8030,0.6350,0.4302,0.6350,0.7538,0.5695,0.4302,0.1229,0.0942,0.6350,0.4998,0.1229,0.0246,0.0205,0.0205,0.4510,0.6395,,0.1885,,48.28,2.79,156.6,145.6,1.019,0.169,
1791427866.605966,0.5695,0.6350,0.8767,0.6350,0.5695,0.6350,0.6350,0.6350,0.7538,0.0574,0.4302,0.5695,0.5695,0.0737,0.0574,0.0205,0.0410,0.4520,0.6420,0.6600,0.1900,0.0180,49.20,2.77,155.3,147.3,0.968,0.163,1.573
1791427866.64561,0.7006,0.7538,0.8767,0.6350,0.4998,0.7538,0.6350,0.6350,0.5695,0.2991,0.2991,0.5695,0.4302,0.0737,0.0410,0.0123,0.0205,0.4520,0.6410,,0.1890,,49.03,2.77,,147.5,0.982,0.164,
1791427866.6776617,0.7006,0.8767,0.8440,0.6350,0.6350,0.4998,0.7538,0.4302,0.3646,0.0737,0.1229,0.4998,0.4998,0.0574,0.0369,0.0369,0.0369,0.4570,0.6410,,0.1840,,48.80,2.79,,147.7,0.956,0.165,
1791427866.7096238,0.3646,0.8030,0.5695,0.7006,0.4998,0.5695,0.7006,0.5695,0.7538,0.3646,0.3646,0.5695,0.4998,0.0574,0.0574,0.0574,0.0369,0.4510,0.6415,,0.1905,,49.04,2.80,155.7,147.6,0.945,0.164,1.579
1791427866.7404227,0.5695,0.8030,0.8030,0.5695,0.4998,0.7006,0.7538,0.4302,0.4302,0.2991,0.4998,0.4302,0.4998,0.0410,0.0574,0.0164,0.0123,0.4520,0.6435,,0.1915,,49.14,2.76,156.9,146.7,0.914,0.164,1.624
1791427866.772875,0.4998,0.6350,0.7006,0.4998,0.5695,0.4302,0.7538,0.4998,0.6350,0.2991,0.2991,0.4998,0.4998,0.0246,0.0205,0.0246,0.0410,0.4520,0.6420,,0.1900,,49.41,2.77,157.3,147.1,0.932,0.162,
1791427866.8053916,0.5695,0.5695,0.7006,0.6350,0.5695,0.5695,0.8030,0.4998,0.4998,0.2458,0.2458,0.5695,0.4998,0.0574,0.0246,0.0205,0.0369,0.4520,0.6410,,0.1890,,49.68,2.81,157.4,146.5,0.927,0.161,
1791427866.839777,0.7538,0.5695,0.8767,0.7538,0.6350,0.5695,0.5695,0.6350,0.4302,0.2991,0.1966,0.5695,0.5695,0.0737,0.0942,0.0164,0.0410,0.4550,0.6425,0.6640,0.1875,0.0215,49.31,2.92,157.5,146.1,0.903,0.162,
1791427866.8726616,0.4998,0.7006,0.8440,0.4998,0.5695,0.7538,0.6350,0.3646,0.4998,0.2991,0.3646,0.5695,0.5695,0.0574,0.0737,0.0369,0.0369,0.4520,0.6420,0.6640,0.1900,0.0220,49.34,3.03,157.1,145.3,0.902,0.162,1.661
1791427866.9058924,0.7538,0.6350,0.8030,0.6350,0.7538,0.5695,0.5695,0.5695,0.7006,0.2458,0.0942,0.5695,0.3646,0.0737,0.0205,0.0164,0.0123,0.4520,0.6455,,0.1935,,49.30,2.96,157.5,145.1,0.865,0.163,
1791427866.9458454,0.6350,0.6350,0.8440,0.6350,0.6350,0.5695,0.7538,0.2458,0.2458,0.0737,0.1966,0.4998,0.4998,0.0574,0.0246,0.0123,0.0246,0.4550,0.6410,,0.1860,,49.50,3.00,157.1,145.2,0.935,0.162,
1791427866.9774454,0.6350,0.7006,0.7538,0.6350,0.6350,0.6350,0.6350,0.4302,0.4998,0.2458,0.2991,0.7006,0.5695,0.0737,0.0246,0.0574,0.0164,0.4550,0.6410,0.6640,0.1860,0.0230,49.44,3.10,157.1,146.0,0.934,0.161,
1791427867.0080159,0.4998,0.6350,0.8440,0.6350,0.5695,0.2991,0.6350,0.5695,0.4302,0.3646,0.1966,0.4998,0.4998,0.0574,0.0123,0.0574,0.0123,0.4530,,,,,49.44,3.10,157.1,146.0,,,
1791427867.0391717,0.4302,0.4998,0.6350,0.5695,0.4302,0.6350,0.3646,0.4998,0.7006,0.2458,0.1229,0.4998,0.4998,0.0410,0.0205,0.0369,0.0410,0.4510,0.6410,,0.1900,,48.89,3.10,157.4,145.9,0.977,0.165,
1791427867.0724876,0.5695,0.7538,0.7006,0.6350,0.6350,0.6350,0.6350,0.6350,0.6350,0.2991,0.1557,0.4998,0.4302,0.0410,0.0205,0.0123,0.0369,0.4560,0.6420,,0.1860,,48.98,3.09,158.0,146.3,0.936,0.164,
1791427867.1059065,0.4998,0.6350,0.8440,0.7538,0.7006,0.5695,0.7538,0.5695,0.6350,0.1557,0.2458,0.5695,0.5695,0.1229,0.0410,0.0164,0.0246,0.4530,0.6445,0.6630,0.1915,0.0185,49.25,3.09,157.9,146.0,0.865,0.163,
1791427867.1395388,0.2991,0.7006,0.8030,0.8030,0.5695,0.6350,0.6350,0.4998,0.5695,0.1966,0.1557,0.5695,0.4998,0.0942,0.0205,0.0123,0.0410,,0.6420,,,,49.25,3.09,157.6,145.1,0.913,0.163,
