timestamp,nose_score,left_eye_score,right_eye_score,left_ear_score,right_ear_score,left_shoulder_score,right_shoulder_score,left_elbow_score,right_elbow_score,left_wrist_score,right_wrist_score,left_hip_score,right_hip_score,left_knee_score,right_knee_score,left_ankle_score,right_ankle_score,head_depth_m,chest_depth_m,hip_depth_m,neck_forward_offset_m,torso_recline_offset_m,head_forward_deg,torso_pitch_deg,elbow_left_deg,elbow_right_deg,torso_len_sw,head_up_m,wrist_face_sw
1791426135.504983,0.5695,0.4998,0.8030,0.4998,0.5695,0.8030,0.6350,0.4302,0.4998,0.1557,0.0574,0.3646,0.4998,0.0246,0.0369,0.0164,0.0205,0.3340,0.5285,,0.1945,,63.43,,,,0.714,0.096,
1791426135.54623,0.6350,0.6350,0.6350,0.5695,0.6350,0.8030,0.7006,0.2458,0.7006,0.0369,0.1966,0.1557,0.2991,0.0410,0.0574,0.0205,0.0164,0.3360,0.5310,,0.1950,,63.29,,,,,0.097,
1791426135.577698,0.8440,0.7538,0.8030,0.4302,0.4998,0.7538,0.6350,0.6350,0.7538,0.1966,0.1966,0.3646,0.3646,0.0246,0.0410,0.0164,0.0123,0.3360,0.5295,,0.1935,,63.26,,,,0.714,0.097,
1791426135.6084754,0.4998,0.8767,0.7006,0.4998,0.6350,0.7538,0.8030,0.6350,0.7006,0.2458,0.0369,0.2991,0.5695,0.0410,0.0574,0.0246,0.0082,0.3350,0.5275,,0.1925,,62.70,,,,,0.100,
1791426135.6406481,0.6350,0.6350,0.4302,0.7006,0.5695,0.5695,0.7006,0.6350,0.7538,0.1966,0.1557,0.3646,0.2458,0.0164,0.0574,0.0205,0.0574,0.3360,0.5295,,0.1935,,63.03,,,,,0.098,
1791426135.6728911,0.5695,0.9259,0.7006,0.6350,0.4998,0.7538,0.7006,0.3646,0.6350,0.1966,0.1229,0.1557,0.4302,0.0410,0.0369,0.0246,0.0246,0.3360,0.5300,,0.1940,,63.07,,,,,0.098,
1791426135.7054863,0.7006,0.4998,0.7538,0.5695,0.4302,0.7538,0.8440,0.6350,0.7006,0.1966,0.3646,0.3646,0.4302,0.0164,0.0410,0.0246,0.0205,0.3350,0.5290,,0.1940,,63.23,,,125.5,0.731,0.098,1.352
1791426135.7394276,0.6350,0.5695,0.7538,0.4302,0.3646,0.7006,0.7538,0.5695,0.6350,0.1557,0.1229,0.1966,0.3646,0.0369,0.0410,0.0369,0.0369,0.3360,0.5285,,0.1925,,63.35,,,123.0,,0.097,
1791426135.7723055,0.5695,0.8440,0.7006,0.4998,0.4998,0.8030,0.7538,0.7006,0.6350,0.2458,0.1966,0.2458,0.2991,0.0942,0.0410,0.0082,0.0164,0.3350,0.5295,,0.1945,,63.07,,,123.3,,0.098,
1791426135.8051496,0.6350,0.4998,0.7006,0.7006,0.4302,0.7006,0.6350,0.7006,0.5695,0.1966,0.0369,0.3646,0.4302,0.0164,0.0369,0.0164,0.0205,0.3350,0.5285,,0.1935,,63.31,,,123.9,0.777,0.097,
1791426135.8398783,0.3646,0.7538,0.7538,0.5695,0.5695,0.7538,0.7538,0.6350,0.7006,0.2991,0.2458,0.1557,0.1966,0.0369,0.0574,0.0123,0.0123,0.3330,0.5285,,0.1955,,63.21,,,126.1,,0.098,
1791426135.8773587,0.4998,0.8030,0.7006,0.4998,0.6350,0.6350,0.6350,0.6350,0.7006,0.0410,0.1966,0.2991,0.3646,0.0205,0.0369,0.0082,0.0164,0.3360,0.5305,,0.1945,,63.17,,,125.8,,0.098,
1791426135.9099917,0.7006,0.7538,0.6350,0.4998,0.5695,0.7538,0.7538,0.5695,0.5695,0.0246,0.1966,0.2458,0.3646,0.0410,0.0574,0.0082,0.0082,0.3360,0.5295,,0.1935,,62.73,,,127.5,,0.100,
1791426135.9397724,0.7006,0.5695,0.8440,0.4998,0.6350,0.6350,0.6350,0.1966,0.6350,0.0246,0.2458,0.1966,0.1966,0.0164,0.0205,0.0369,0.0246,0.3340,0.5290,,0.1950,,62.66,,,127.6,,0.100,
1791426135.9733806,0.4998,0.4998,0.7538,0.4998,0.6350,0.7538,0.7006,0.3646,0.7006,0.3646,0.2458,0.5695,0.2458,0.0246,0.0369,0.0246,0.0205,0.3350,0.5280,,0.1930,,62.88,,123.6,128.7,,0.099,1.215
1791426136.0058603,0.4302,0.5695,0.4998,0.4302,0.4998,0.7538,0.7538,0.6350,0.7006,0.1966,0.1966,0.2991,0.3646,0.0410,0.0574,0.0082,0.0123,0.3360,0.5290,,0.1930,,63.20,,129.6,128.6,,0.098,
1791426136.0397003,0.4998,0.4998,0.4998,0.4302,0.5695,0.7538,0.7006,0.7006,0.5695,0.2458,0.2458,0.1966,0.1966,0.0737,0.0246,0.0574,0.0410,0.3360,0.5295,,0.1935,,63.36,,133.6,129.2,,0.097,
1791426136.073866,0.4302,0.4998,0.5695,0.4302,0.4998,0.7538,0.4302,0.4998,0.6350,0.1229,0.0574,0.1966,0.2991,0.0574,0.0369,0.0082,0.0123,0.3330,0.5295,,0.1965,,62.74,,136.7,126.3,,0.100,
1791426136.113475,0.7006,0.5695,0.7006,0.5695,0.5695,0.7006,0.7538,0.7006,0.5695,0.0246,0.1229,0.1557,0.3646,0.0246,0.0246,0.0082,0.0164,0.3360,0.5285,,0.1925,,62.88,,125.7,127.9,,0.099,
1791426136.1455638,0.4998,0.5695,0.7538,0.5695,0.4302,0.7538,0.6350,0.2991,0.7538,0.1557,0.0410,0.2458,0.4998,0.0410,0.0369,0.0574,0.0205,0.3340,0.5290,,0.1950,,63.05,,132.6,126.3,,0.099,
1791426136.1760924,0.3646,0.7006,0.7538,0.4302,0.4302,0.5695,0.7538,0.6350,0.7006,0.2458,0.1229,0.2458,0.5695,0.1229,0.0410,0.0123,0.0082,0.3330,0.5305,,0.1975,,62.71,,135.4,126.0,,0.100,
1791426136.206698,0.7006,0.6350,0.7538,0.4998,0.4998,0.4302,0.4998,0.4998,0.5695,0.1557,0.0410,0.3646,0.4302,0.0410,0.0205,0.0123,0.0205,0.3360,0.5310,,0.1950,,63.51,,137.3,124.8,0.714,0.097,
1791426136.2390199,0.5695,0.7006,0.6350,0.4998,0.4302,0.7538,0.7538,0.4998,0.7006,0.2458,0.1229,0.1966,0.2991,0.0369,0.0574,0.0123,0.0123,0.3360,0.5325,,0.1965,,63.93,,139.3,,,0.095,
1791426136.2732015,0.4998,0.4998,0.5695,0.6350,0.6350,0.7006,0.7006,0.6350,0.7006,0.1557,0.1229,0.4302,0.3646,0.0410,0.0369,0.0123,0.0205,0.3360,0.5305,,0.1945,,63.87,,140.6,,0.737,0.096,
1791426136.3058825,0.5695,0.7006,0.7006,0.5695,0.4998,0.7538,0.6350,0.7006,0.6350,0.0942,0.0246,0.2991,0.4998,0.0410,0.0369,0.0164,0.0205,0.3360,0.5295,,0.1935,,64.13,,141.9,,,0.094,
1791426136.3396287,0.7006,0.4302,0.6350,0.4998,0.4302,0.7538,0.7538,0.5695,0.8030,0.1966,0.1966,0.2458,0.2991,0.0164,0.0205,0.0164,0.0205,0.3360,0.5325,,0.1965,,64.05,,141.8,,,0.095,
1791426136.373826,0.4998,0.6350,0.7538,0.4998,0.4302,0.8030,0.7538,0.5695,0.5695,0.0246,0.0246,0.2458,0.3646,0.0574,0.0369,0.0082,0.0123,0.3350,0.5290,,0.1940,,63.24,,140.0,,,0.098,
1791426136.4116788,0.4302,0.8030,0.8030,0.4302,0.4302,0.8767,0.7006,0.7006,0.7538,0.1966,0.1966,0.2458,0.3646,0.0246,0.0410,0.0123,0.0164,0.3360,0.5310,,0.1950,,63.37,,139.8,,,0.098,
1791426136.442373,0.4998,0.8030,0.6350,0.4998,0.4302,0.6350,0.7006,0.7006,0.4302,0.3646,0.0574,0.2991,0.4998,0.0246,0.0369,0.0574,0.0205,0.3350,0.5310,,0.1960,,63.25,,140.9,,,0.098,1.203
1791426136.475006,0.5695,0.8440,0.8030,0.4302,0.4998,0.4302,0.7006,0.2991,0.5695,0.1966,0.1557,0.4302,0.4302,0.0942,0.0574,0.0410,0.0246,0.3360,0.5295,,0.1935,,63.26,,141.4,,0.759,0.098,
1791426136.506407,0.2991,0.7538,0.8440,0.3646,0.4998,0.7006,0.7006,0.6350,0.6350,0.1557,0.2458,0.1966,0.2458,0.0410,0.0574,0.0737,0.0574,,0.5325,,,,63.26,,142.6,,,0.098,
1791426136.5400863,0.6350,0.7538,0.7006,0.6350,0.4302,0.7538,0.7538,0.7006,0.5695,0.1966,0.1966,0.3646,0.5695,0.0410,0.0737,0.0123,0.0164,0.3360,0.5335,,0.1975,,63.17,,142.6,,0.688,0.099,
1791426136.5735893,0.4302,0.7538,0.7006,0.6350,0.6350,0.7538,0.7006,0.5695,0.5695,0.4302,0.1966,0.1557,0.2991,0.0246,0.0574,0.0123,0.0164,0.3360,0.5330,,0.1970,,63.12,,142.9,,,0.099,1.224
1791426136.607416,0.3646,0.4998,0.6350,0.3646,0.4302,0.8030,0.7538,0.6350,0.7538,0.1966,0.2458,0.3646,0.3646,0.0737,0.0737,0.0737,0.0574,0.3370,0.5290,,0.1920,,63.41,,143.9,,0.768,0.098,
1791426136.6400304,0.5695,0.4998,0.5695,0.4998,0.4998,0.6350,0.6350,0.7006,0.7006,0.1557,0.1557,0.2991,0.4302,0.0574,0.0574,0.0205,0.0123,0.3360,0.5340,,0.1980,,63.45,,143.4,,,0.098,
1791426136.68021,0.4302,0.4998,0.7538,0.4998,0.5695,0.7538,0.7006,0.6350,0.7006,0.2458,0.0369,0.3646,0.4302,0.0246,0.0574,0.0123,0.0574,0.3360,0.5320,,0.1960,,63.13,,143.7,,0.713,0.099,
1791426136.7109437,0.4998,0.8030,0.7006,0.4998,0.4998,0.7006,0.7538,0.5695,0.4998,0.1557,0.1557,0.2458,0.2991,0.0246,0.0369,0.0082,0.0123,0.3360,0.5295,,0.1935,,62.90,,143.2,,,0.100,
1791426136.7428608,0.5695,0.4998,0.5695,0.4998,0.4998,0.8030,0.8030,0.4302,0.7006,0.0410,0.1557,0.3646,0.2991,0.0246,0.0369,0.0164,0.0205,0.3360,0.5305,,0.1945,,63.05,,135.3,,,0.099,
1791426136.7740762,0.3646,0.4302,0.7006,0.5695,0.5695,0.7006,0.7538,0.6350,0.6350,0.2991,0.0942,0.3646,0.4302,0.0205,0.0410,0.0082,0.0123,0.3360,0.5315,,0.1955,,63.61,,137.0,,0.714,0.097,
1791426136.8066626,0.6350,0.7538,0.7538,0.4998,0.4998,0.6350,0.5695,0.5695,0.5695,0.2458,0.1966,0.2991,0.3646,0.0246,0.0410,0.0082,0.0164,0.3360,0.5310,,0.1950,,63.63,,139.1,,,0.097,
1791426136.8400786,0.4998,0.7538,0.6350,0.6350,0.6350,0.6350,0.7538,0.7006,0.5695,0.1966,0.2458,0.2991,0.4302,0.0246,0.0164,0.0246,0.0410,0.3360,0.5325,,0.1965,,63.75,,140.2,,,0.096,
1791426136.8737018,0.4302,0.7538,0.7006,0.4998,0.4998,0.7006,0.7006,0.7006,0.4998,0.1966,0.2991,0.4998,0.2458,0.0410,0.0574,0.0164,0.0369,0.3350,0.5305,,0.1955,,63.36,,140.7,,,0.098,
1791426136.9074733,0.5695,0.7006,0.7538,0.4998,0.4998,0.7538,0.7538,0.7006,0.6350,0.2991,0.0369,0.2458,0.4998,0.0737,0.0410,0.0123,0.0369,0.3360,0.5305,,0.1945,,63.28,,141.7,,,0.098,
1791426136.9403088,0.1557,0.7006,0.6350,0.4302,0.4302,0.8767,0.5695,0.4998,0.7006,0.1966,0.1557,0.2458,0.4302,0.0369,0.0369,0.0737,0.0205,,0.5315,,,,63.28,,141.4,,,0.098,
1791426136.980006,0.3646,0.4302,0.7538,0.4998,0.5695,0.8030,0.7006,0.7006,0.8030,0.2458,0.1557,0.1966,0.2991,0.0369,0.0574,0.0205,0.0246,0.3390,0.5345,,0.1955,,63.10,,141.4,,,0.099,
1791426137.00938,0.2991,0.7538,0.7006,0.6350,0.4998,0.4302,0.7006,0.4998,0.5695,0.1966,0.1557,0.3646,0.3646,0.0574,0.0410,0.1229,0.0123,,0.5300,,,,63.10,,142.0,,0.762,0.099,
1791426137.0422766,0.4998,0.4998,0.4998,0.4998,0.3646,0.7006,0.7006,0.6350,0.6350,0.1557,0.0369,0.4302,0.4302,0.0410,0.0574,0.0123,0.0082,0.3390,0.5340,,0.1950,,63.19,,142.0,,0.677,0.099,
1791426137.0748339,0.4302,0.5695,0.4302,0.5695,0.3646,0.7006,0.7538,0.5695,0.6350,0.1557,0.2458,0.1966,0.2991,0.0205,0.0574,0.0164,0.0205,0.3360,0.5315,,0.1955,,62.45,,143.2,,,0.102,
1791426137.1074293,0.4302,0.6350,0.9054,0.2991,0.4302,0.7538,0.6350,0.6350,0.7538,0.2458,0.0942,0.3646,0.3646,0.0205,0.0942,0.0123,0.0164,0.3360,0.5335,,0.1975,,62.42,,,,0.716,0.102,
1791426137.1403077,0.7538,0.6350,0.8030,0.3646,0.4998,0.7538,0.6350,0.7006,0.5695,0.2458,0.0369,0.1557,0.2458,0.0205,0.0737,0.0082,0.0164,0.3360,0.5310,,0.1950,,62.29,,,,,0.103,
1791426137.1748915,0.5695,0.4302,0.9054,0.3646,0.4302,0.7538,0.6350,0.4998,0.3646,0.1557,0.2458,0.3646,0.4998,0.0205,0.0369,0.0164,0.0164,0.3360,0.5340,,0.1980,,62.71,,,,0.682,0.101,
1791426137.2070556,0.5695,0.8030,0.7538,0.4998,0.4998,0.6350,0.4998,0.6350,0.5695,0.0369,0.0410,0.4302,0.4302,0.0574,0.0369,0.0082,0.0082,0.3360,0.5345,,0.1985,,62.77,,,,0.686,0.101,
1791426137.2407796,0.4998,0.8030,0.8030,0.5695,0.4998,0.8440,0.4998,0.7006,0.7006,0.1557,0.0410,0.3646,0.4302,0.0574,0.0574,0.0574,0.0574,0.3360,0.5310,,0.1950,,62.88,,,,0.726,0.100,
1791426137.2792249,0.6350,0.7006,0.7538,0.4998,0.4998,0.7538,0.6350,0.5695,0.7006,0.1557,0.2991,0.1966,0.2991,0.0410,0.1229,0.0410,0.0574,0.3360,0.5335,,0.1975,,62.96,,,,,0.100,
1791426137.3077824,0.3646,0.6350,0.4998,0.5695,0.5695,0.7006,0.6350,0.4302,0.6350,0.0205,0.0410,0.2458,0.2991,0.0369,0.0246,0.0082,0.0123,0.3360,0.5330,,0.1970,,63.30,,,,,0.099,
1791426137.3406534,0.3646,0.3646,0.7538,0.4998,0.5695,0.7006,0.8030,0.7006,0.6350,0.0369,0.2991,0.2991,0.3646,0.0205,0.0369,0.0123,0.0082,0.3360,0.5325,,0.1965,,63.58,,,,,0.098,
1791426137.3748977,0.6350,0.8030,0.7538,0.6350,0.4302,0.7538,0.7006,0.7006,0.7006,0.1557,0.1966,0.3646,0.4998,0.0246,0.0574,0.0410,0.0082,0.3360,0.5330,,0.1970,,64.08,,,,0.686,0.096,
1791426137.414064,0.5695,0.5695,0.6350,0.4998,0.4302,0.4998,0.7006,0.7006,0.6350,0.1229,0.1557,0.1557,0.2458,0.0369,0.0410,0.0205,0.0082,0.3360,0.5320,,0.1960,,64.14,,,,,0.095,
1791426137.445674,0.5695,0.4998,0.7006,0.4302,0.4998,0.7006,0.7006,0.7006,0.6350,0.1966,0.0942,0.2991,0.4998,0.0369,0.0574,0.0123,0.0164,0.3400,0.5340,,0.1940,,64.52,,,,,0.093,
1791426137.4768722,0.4302,0.3646,0.6350,0.4998,0.5695,0.7006,0.6350,0.6350,0.6350,0.0369,0.1966,0.2991,0.2991,0.0410,0.0574,0.0123,0.0123,0.3400,0.5305,,0.1905,,64.43,,,,,0.093,
1791426137.5079544,0.4998,0.6350,0.7006,0.2991,0.4998,0.7538,0.7006,0.7538,0.6350,0.2458,0.1557,0.4302,0.3646,0.0205,0.0410,0.0574,0.0123,0.3350,0.5330,,0.1980,,63.82,,,,0.718,0.096,
1791426137.5408335,0.4302,0.6350,0.7538,0.6350,0.6350,0.5695,0.7538,0.4998,0.5695,0.1966,0.0369,0.3646,0.4998,0.0942,0.0246,0.0574,0.0574,0.3350,0.5340,,0.1990,,63.16,,,,0.704,0.099,
1791426137.5742798,0.4302,0.7538,0.7006,0.5695,0.4302,0.8440,0.7006,0.5695,0.7006,0.0369,0.2458,0.5695,0.1966,0.0574,0.0369,0.0164,0.0205,0.3360,0.5310,,0.1950,,63.37,,,,,0.098,
1791426137.6082652,0.4302,0.7006,0.8030,0.5695,0.6350,0.7538,0.8030,0.5695,0.6350,0.0410,0.1966,0.1557,0.3646,0.0410,0.0410,0.0082,0.0123,0.3360,0.5320,,0.1960,,63.46,,,,,0.098,
1791426137.6403515,0.2458,0.6350,0.7006,0.4302,0.4302,0.7538,0.6350,0.5695,0.7006,0.0410,0.1966,0.1557,0.2458,0.0205,0.0410,0.0205,0.0164,,0.5330,,,,63.46,,,,,0.098,
1791426137.6741858,0.4998,0.5695,0.5695,0.4302,0.4302,0.6350,0.7538,0.6350,0.7006,0.1557,0.1557,0.1966,0.2991,0.0369,0.1229,0.2458,0.2458,0.3360,0.5310,,0.1950,,63.53,,,,,0.097,
1791426137.7110507,0.3646,0.8440,0.4998,0.5695,0.4302,0.8440,0.5695,0.6350,0.7538,0.2458,0.2458,0.3646,0.5695,0.0205,0.0942,0.0123,0.0164,0.3360,0.5330,,0.1970,,63.53,,,,0.745,0.098,
1791426137.7426293,0.2991,0.5695,0.8440,0.4998,0.5695,0.7538,0.7006,0.4998,0.7006,0.1557,0.1557,0.2991,0.1557,0.0369,0.0574,0.0574,0.0082,,0.5315,,,,63.53,,,,,0.098,
1791426137.7742717,0.4998,0.6350,0.6350,0.3646,0.6350,0.7006,0.8030,0.4998,0.7006,0.2458,0.0574,0.4302,0.3646,0.0369,0.0246,0.0123,0.0164,0.3400,0.5335,,0.1935,,63.50,,,,0.701,0.097,
1791426137.8086982,0.4302,0.5695,0.8030,0.4998,0.4998,0.7006,0.8030,0.5695,0.7006,0.1229,0.2458,0.2458,0.2991,0.0369,0.0574,0.0164,0.0164,0.3360,0.5325,,0.1965,,63.51,,,,,0.098,
1791426137.8413181,0.6350,0.7006,0.7006,0.5695,0.4998,0.8030,0.6350,0.5695,0.5695,0.1557,0.0574,0.2991,0.4302,0.0410,0.0246,0.0164,0.0164,0.3370,0.5315,,0.1945,,64.03,,,,,0.095,
1791426137.875828,0.4302,0.4302,0.7006,0.5695,0.6350,0.8030,0.6350,0.7006,0.6350,0.1229,0.0574,0.4998,0.5695,0.0164,0.0369,0.0369,0.0246,0.3350,0.5305,,0.1955,,63.66,,,,0.809,0.097,
1791426137.9083805,0.5695,0.8030,0.7538,0.4998,0.4302,0.8440,0.4998,0.4998,0.7006,0.1557,0.0246,0.1557,0.2991,0.0574,0.0410,0.0164,0.0123,0.3400,0.5295,,0.1895,,64.11,,,,,0.094,
1791426137.9412782,0.5695,0.4998,0.7006,0.5695,0.4302,0.7538,0.6350,0.4998,0.7006,0.1966,0.1966,0.2991,0.4998,0.0410,0.0410,0.0246,0.0123,0.3360,0.5330,,0.1970,,64.07,,,,,0.095,
1791426137.980431,0.3646,0.6350,0.8030,0.5695,0.4302,0.7006,0.7538,0.7006,0.8030,0.1557,0.1966,0.2458,0.2991,0.0205,0.0574,0.0369,0.0164,0.3360,0.5315,,0.1955,,64.33,,,,,0.094,
1791426138.0120244,0.6350,0.8440,0.7006,0.4998,0.4998,0.6350,0.7006,0.7538,0.7006,0.2458,0.1557,0.4302,0.4302,0.0246,0.0574,0.0942,0.0164,0.3360,0.5320,,0.1960,,64.30,,,,0.764,0.094,
1791426138.04301,0.6350,0.5695,0.7538,0.5695,0.5695,0.7538,0.7006,0.8030,0.6350,0.1557,0.2991,0.2458,0.4302,0.0369,0.0410,0.0164,0.0205,0.3360,0.5325,,0.1965,,64.00,,,,,0.095,
1791426138.0754142,0.4302,0.4302,0.7538,0.4998,0.4998,0.7538,0.8440,0.5695,0.5695,0.2458,0.1966,0.3646,0.2458,0.0246,0.0369,0.0205,0.0246,0.3360,0.5335,,0.1975,,63.59,,,,,0.097,
1791426138.108072,0.2991,0.4302,0.8030,0.5695,0.2991,0.8030,0.7006,0.7006,0.7006,0.1966,0.1557,0.2458,0.1966,0.0164,0.0737,0.1557,0.0164,,0.5330,,,,63.59,,,,,0.097,
1791426138.1417856,0.4302,0.4998,0.5695,0.4302,0.4998,0.8440,0.7538,0.7006,0.5695,0.2458,0.1966,0.2458,0.2991,0.0410,0.0369,0.0205,0.0123,0.3360,0.5330,,0.1970,,63.13,,,,,0.099,
1791426138.175626,0.4998,0.4302,0.6350,0.4302,0.4302,0.7538,0.7006,0.6350,0.7006,0.1557,0.1557,0.2991,0.2458,0.0410,0.0246,0.1966,0.1557,0.3370,0.5310,,0.1940,,63.08,,,,,0.099,
1791426138.2086468,0.3646,0.6350,0.7538,0.4998,0.4998,0.8030,0.7538,0.4302,0.5695,0.2458,0.2991,0.2991,0.2991,0.0246,0.0574,0.0164,0.0164,0.3360,0.5325,,0.1965,,63.11,,,,,0.099,
1791426138.248979,0.4998,0.6350,0.6350,0.4302,0.3646,0.7538,0.8030,0.6350,0.7006,0.1557,0.1966,0.2458,0.4302,0.0205,0.0574,0.0123,0.0164,0.3370,0.5330,,0.1960,,63.33,,,,,0.098,
1791426138.2794724,0.3646,0.7538,0.7006,0.4302,0.4302,0.7006,0.5695,0.4998,0.6350,0.2458,0.2458,0.2458,0.3646,0.0246,0.0369,0.0123,0.0164,0.3370,0.5315,,0.1945,,63.59,,,,,0.097,
1791426138.311727,0.4302,0.7006,0.6350,0.4302,0.5695,0.7006,0.7538,0.6350,0.5695,0.2458,0.0369,0.2991,0.3646,0.0410,0.0369,0.0123,0.0082,0.3370,0.5325,,0.1955,,63.74,,,,,0.096,
1791426138.3432956,0.7006,0.5695,0.6350,0.4998,0.4302,0.8030,0.7538,0.4302,0.7006,0.1966,0.1966,0.1557,0.2458,0.0410,0.0737,0.1557,0.0164,0.3400,0.5330,,0.1930,,63.67,,,,,0.097,
1791426138.3751109,0.4998,0.7006,0.7006,0.4998,0.4998,0.7006,0.6350,0.5695,0.7006,0.1557,0.2458,0.4302,0.4302,0.0737,0.0410,0.0574,0.0082,0.3360,0.5330,,0.1970,,63.87,,,,0.696,0.096,
1791426138.4100251,0.6350,0.7006,0.4998,0.4302,0.4998,0.7538,0.7538,0.5695,0.7006,0.2458,0.0369,0.3646,0.3646,0.0246,0.0410,0.0574,0.0246,0.3360,0.5330,,0.1970,,63.62,,,,0.714,0.097,
1791426138.4427865,0.4302,0.5695,0.7006,0.4998,0.4302,0.7538,0.7538,0.6350,0.5695,0.2458,0.0574,0.4998,0.3646,0.0205,0.0246,0.0123,0.0123,0.3370,0.5320,,0.1950,,63.58,,,,0.756,0.097,
1791426138.4757981,0.4998,0.6350,0.5695,0.4998,0.4302,0.7006,0.6350,0.8030,0.5695,0.1557,0.1966,0.2458,0.2458,0.0369,0.0574,0.0205,0.0246,0.3360,0.5330,,0.1970,,63.48,,,,,0.098,
1791426138.5088835,0.4998,0.7006,0.7006,0.4998,0.3646,0.7538,0.7006,0.7006,0.6350,0.1229,0.1966,0.2991,0.2991,0.0246,0.0574,0.0123,0.0123,0.3370,0.5285,,0.1915,,63.08,,,,,0.099,
1791426138.5488448,0.4302,0.7538,0.7006,0.6350,0.3646,0.7006,0.7538,0.5695,0.7538,0.2458,0.2458,0.2458,0.3646,0.0246,0.0410,0.0164,0.0164,0.3360,0.5300,,0.1940,,63.53,,,,,0.097,
1791426138.5791564,0.2991,0.8030,0.4302,0.5695,0.4302,0.7006,0.7538,0.5695,0.6350,0.1229,0.1229,0.2991,0.3646,0.0164,0.0246,0.0123,0.0123,,0.5325,,,,63.53,,,,,0.097,
1791426138.6114507,0.3646,0.4998,0.5695,0.2991,0.4302,0.8030,0.6350,0.6350,0.6350,0.0205,0.2458,0.1966,0.3646,0.0164,0.0246,0.0082,0.0205,0.3370,0.5315,,0.1945,,63.47,,,,,0.097,
1791426138.6421978,0.3646,0.8440,0.7538,0.4998,0.4302,0.8030,0.7006,0.6350,0.7006,0.2458,0.2458,0.2991,0.1966,0.0369,0.0410,0.1557,0.0164,0.3370,0.5320,,0.1950,,63.33,,,,,0.098,
1791426138.6755629,0.7006,0.6350,0.5695,0.4998,0.3646,0.8030,0.6350,0.6350,0.4998,0.1229,0.2458,0.3646,0.3646,0.0205,0.0369,0.0123,0.0082,0.3370,0.5300,,0.1930,,62.90,,,,0.769,0.099,
1791426138.709116,0.4998,0.7006,0.7538,0.4302,0.3646,0.7538,0.5695,0.7006,0.7006,0.1557,0.0737,0.3646,0.4998,0.0205,0.0369,0.0123,0.0164,0.3370,0.5305,,0.1935,,62.64,,,,0.745,0.100,
1791426138.7422383,0.5695,0.7538,0.8030,0.4998,0.4302,0.5695,0.7538,0.8030,0.7006,0.0574,0.0369,0.2991,0.2991,0.0246,0.0574,0.0082,0.0164,0.3370,0.5320,,0.1950,,62.79,,,,,0.100,
1791426138.7760692,0.4998,0.8440,0.7538,0.4998,0.4998,0.4302,0.7006,0.5695,0.5695,0.1557,0.1966,0.4302,0.1966,0.0246,0.0205,0.0246,0.0246,0.3350,0.5320,,0.1970,,61.97,,,,,0.104,
1791426138.8103642,0.4302,0.4302,0.7538,0.5695,0.5695,0.8030,0.8440,0.7006,0.4998,0.1966,0.1557,0.2458,0.2991,0.0246,0.0369,0.0737,0.1557,0.3370,0.5320,,0.1950,,61.99,,,,,0.104,
1791426138.8478515,0.4998,0.7538,0.8030,0.4302,0.4302,0.7538,0.6350,0.5695,0.6350,0.0942,0.1557,0.3646,0.3646,0.0369,0.0574,0.0123,0.0205,0.3370,0.5320,,0.1950,,62.54,,,,0.709,0.101,
1791426138.8796105,0.4998,0.7006,0.8030,0.4302,0.4302,0.6350,0.4998,0.5695,0.6350,0.1966,0.1966,0.3646,0.5695,0.0205,0.0410,0.0574,0.0369,0.3400,0.5310,,0.1910,,62.56,,,,0.752,0.101,
1791426138.9110327,0.7006,0.4302,0.3646,0.4998,0.4302,0.8030,0.7006,0.5695,0.6350,0.0410,0.1966,0.3646,0.4302,0.0205,0.0410,0.0082,0.0164,0.3400,0.5315,,0.1915,,62.65,,,,0.748,0.100,
1791426138.9427986,0.4998,0.4302,0.7006,0.5695,0.5695,0.6350,0.8030,0.5695,0.7006,0.1966,0.1557,0.2991,0.3646,0.0369,0.0410,0.0123,0.0164,0.3370,0.5310,,0.1940,,62.64,,,,,0.100,
1791426138.9765236,0.5695,0.5695,0.6350,0.5695,0.5695,0.8030,0.7538,0.4302,0.7006,0.1966,0.2458,0.1966,0.2991,0.0737,0.0246,0.0123,0.0205,0.3370,0.5335,,0.1965,,62.88,,,,,0.100,
1791426139.0100555,0.4302,0.4998,0.5695,0.5695,0.6350,0.8030,0.6350,0.5695,0.7538,0.1557,0.2458,0.2458,0.3646,0.0246,0.0246,0.0164,0.0205,0.3350,0.5325,,0.1975,,62.57,,,,,0.101,
1791426139.0428088,0.4998,0.4998,0.7538,0.4302,0.4998,0.5695,0.5695,0.6350,0.7538,0.1229,0.1966,0.2991,0.2991,0.0246,0.0574,0.3646,0.1966,0.3400,0.5320,,0.1920,,62.54,,,,,0.101,
1791426139.0758085,0.4998,0.6350,0.5695,0.4302,0.5695,0.7538,0.7006,0.5695,0.7006,0.1966,0.2458,0.2991,0.2458,0.0369,0.0246,0.1229,0.0123,0.3370,0.5330,,0.1960,,62.88,,,,,0.100,
1791426139.113867,0.4302,0.7006,0.8030,0.7006,0.5695,0.5695,0.7538,0.4302,0.6350,0.1557,0.1557,0.2458,0.4302,0.0942,0.0369,0.1229,0.0082,0.3370,0.5315,,0.1945,,63.49,,,,,0.097,
1791426139.145658,0.3646,0.7006,0.8030,0.4998,0.6350,0.7006,0.6350,0.5695,0.7006,0.1966,0.1966,0.2458,0.1966,0.0246,0.0369,0.0205,0.0246,0.3360,0.5310,,0.1950,,63.60,,,,,0.097,
1791426139.1773884,0.4302,0.5695,0.5695,0.4998,0.5695,0.7006,0.7006,0.7006,0.7006,0.1229,0.0369,0.3646,0.4998,0.0205,0.0574,0.0082,0.0123,0.3360,0.5345,,0.1985,,63.60,,,,0.683,0.097,
1791426139.2096653,0.5695,0.5695,0.7006,0.5695,0.4302,0.7006,0.4302,0.4998,0.7538,0.1966,0.0410,0.2458,0.4302,0.0369,0.0410,0.0164,0.0205,0.3400,0.5345,,0.1945,,63.20,,,,,0.099,
1791426139.2433002,0.5695,0.4998,0.8030,0.4302,0.4302,0.8030,0.4302,0.4998,0.7006,0.0205,0.1966,0.1966,0.1966,0.0369,0.0369,0.0082,0.0082,0.3350,0.5345,,0.1995,,62.56,,,,,0.102,
1791426139.2764268,0.4302,0.5695,0.6350,0.4302,0.4998,0.7538,0.7006,0.7006,0.6350,0.1229,0.2458,0.1557,0.2991,0.0410,0.0246,0.0205,0.0123,0.3400,0.5340,,0.1940,,63.04,,,,,0.100,
1791426139.3103282,0.4998,0.4302,0.8030,0.3646,0.6350,0.4302,0.5695,0.4998,0.6350,0.0942,0.1966,0.1966,0.3646,0.0205,0.0369,0.0574,0.0574,0.3400,0.5345,,0.1945,,63.02,,,,,0.100,
1791426139.3431408,0.4998,0.6350,0.7538,0.4302,0.4998,0.7538,0.7538,0.7006,0.7006,0.0942,0.1557,0.3646,0.4302,0.0246,0.0369,0.0942,0.0410,0.3440,0.5320,,0.1880,,63.36,,,,0.725,0.097,
1791426139.37667,0.6350,0.4302,0.6350,0.4302,0.6350,0.7006,0.6350,0.3646,0.7006,0.1557,0.0942,0.4302,0.4302,0.0369,0.0369,0.0246,0.0246,0.3400,0.5335,,0.1935,,63.80,,,,0.693,0.095,
1791426139.4149077,0.4302,0.7006,0.7538,0.3646,0.3646,0.6350,0.7538,0.8030,0.7538,0.1557,0.1966,0.3646,0.3646,0.0369,0.0410,0.1557,0.0574,0.3370,0.5340,,0.1970,,63.36,,,,0.734,0.098,
1791426139.4471076,0.4302,0.4998,0.3646,0.6350,0.4302,0.7538,0.7538,0.3646,0.6350,0.0574,0.0369,0.1966,0.2991,0.0574,0.0205,0.1229,0.0123,0.3350,0.5345,,0.1995,,62.50,,,,,0.102,
1791426139.4801264,0.4998,0.6350,0.7006,0.3646,0.4302,0.7538,0.6350,0.5695,0.5695,0.1966,0.0942,0.1557,0.2458,0.0246,0.0369,0.0164,0.0123,0.3370,0.5315,,0.1945,,63.02,,,,,0.099,
1791426139.5115101,0.3646,0.4302,0.7006,0.5695,0.6350,0.7006,0.7006,0.5695,0.7006,0.1966,0.2991,0.1557,0.2458,0.0205,0.0410,0.0082,0.0164,0.3500,0.5315,,0.1815,,63.27,,,,,0.097,
1791426139.5434163,0.4998,0.7538,0.7538,0.6350,0.5695,0.8030,0.6350,0.6350,0.7006,0.0410,0.1557,0.2991,0.4302,0.0205,0.0574,0.0123,0.0164,0.3370,0.5345,,0.1975,,63.24,,,,,0.098,
1791426139.577417,0.5695,0.3646,0.8030,0.5695,0.4998,0.8030,0.7006,0.6350,0.6350,0.0369,0.1229,0.1966,0.2991,0.0369,0.0942,0.0164,0.0164,0.3370,0.5320,,0.1950,,64.09,,,,,0.094,
1791426139.6096373,0.2991,0.7006,0.6350,0.5695,0.3646,0.7538,0.7006,0.5695,0.7006,0.0942,0.1557,0.3646,0.2458,0.0410,0.0737,0.0164,0.0123,,0.5325,,,,64.09,,,,,0.094,
1791426139.6429513,0.4998,0.5695,0.7538,0.4302,0.6350,0.7538,0.7538,0.7538,0.7538,0.1557,0.0737,0.4302,0.3646,0.0205,0.0246,0.0246,0.0246,0.3400,0.5315,,0.1915,,64.13,,,,0.744,0.094,
1791426139.6776237,0.4998,0.5695,0.7538,0.4302,0.4302,0.8767,0.7006,0.4998,0.6350,0.2458,0.1557,0.2458,0.2458,0.0246,0.0942,0.0164,0.0164,0.3340,0.5330,,0.1990,,63.61,,,,,0.097,
1791426139.7179487,0.4302,0.7006,0.8030,0.4302,0.4998,0.8440,0.8030,0.7006,0.8030,0.0942,0.0369,0.3646,0.1966,0.0246,0.0369,0.0123,0.0205,0.3370,0.5320,,0.1950,,64.22,,,,,0.094,
1791426139.748499,0.7006,0.4302,0.7006,0.7006,0.6350,0.7006,0.5695,0.6350,0.6350,0.1557,0.1966,0.1966,0.4302,0.0737,0.0205,0.0164,0.0410,0.3360,0.5320,,0.1960,,64.19,,,,,0.094,
1791426139.7801344,0.4302,0.7538,0.7006,0.4302,0.4302,0.6350,0.7538,0.6350,0.6350,0.1557,0.2458,0.2458,0.4998,0.0246,0.0205,0.0164,0.0164,0.3370,0.5335,,0.1965,,63.98,,,,,0.095,
1791426139.8127396,0.4998,0.7538,0.6350,0.4302,0.5695,0.8030,0.7006,0.7006,0.4998,0.1229,0.1966,0.5695,0.1966,0.0246,0.0410,0.0205,0.0205,0.3370,0.5325,,0.1955,,63.86,,,,,0.096,
1791426139.8436654,0.6350,0.7538,0.6350,0.4998,0.7006,0.8440,0.6350,0.4302,0.7538,0.0410,0.1966,0.3646,0.4302,0.0574,0.0369,0.0737,0.0574,0.3370,0.5350,,0.1980,,63.79,,,,0.659,0.096,
1791426139.8769724,0.6350,0.7006,0.6350,0.2991,0.4302,0.7538,0.5695,0.6350,0.5695,0.1229,0.1557,0.4998,0.3646,0.0574,0.0410,0.2458,0.0246,0.3370,0.5350,,0.1980,,63.75,,,,0.687,0.097,
1791426139.9109676,0.7006,0.8030,0.7006,0.4998,0.4302,0.8030,0.6350,0.7006,0.6350,0.1229,0.1966,0.3646,0.2458,0.0410,0.0574,0.0164,0.0164,0.3340,0.5345,,0.2005,,63.21,,,,,0.100,
1791426139.9450858,0.5695,0.4302,0.4302,0.5695,0.5695,0.8440,0.7538,0.5695,0.7006,0.1557,0.2458,0.2991,0.2991,0.0369,0.0737,0.0123,0.0205,0.3370,0.5340,,0.1970,,63.65,,,,,0.098,
1791426139.9774168,0.3646,0.7006,0.7538,0.5695,0.5695,0.7006,0.7538,0.5695,0.6350,0.1557,0.2458,0.1966,0.1966,0.0246,0.0246,0.0082,0.0164,0.3360,0.5315,,0.1955,,63.47,,,,,0.098,
1791426140.0107474,0.4998,0.8440,0.7006,0.4998,0.3646,0.7006,0.8030,0.7538,0.7006,0.2458,0.1966,0.1966,0.2458,0.0205,0.0369,0.0369,0.0737,0.3360,0.5335,,0.1975,,63.43,,,,,0.098,
1791426140.0502253,0.2458,0.4302,0.7538,0.3646,0.3646,0.6350,0.8440,0.6350,0.6350,0.1966,0.1966,0.1557,0.2991,0.0205,0.0737,0.0574,0.0574,,0.5315,,,,63.43,,,,,0.098,
1791426140.0820894,0.6350,0.6350,0.7538,0.6350,0.6350,0.7538,0.7538,0.7006,0.4998,0.1557,0.2458,0.1229,0.1966,0.0369,0.0574,0.0123,0.0164,0.3370,0.5320,,0.1950,,63.29,,,,,0.099,
1791426140.113258,0.3646,0.6350,0.5695,0.4998,0.4998,0.7538,0.7006,0.4302,0.7538,0.1966,0.0205,0.1229,0.2458,0.0246,0.0369,0.0123,0.0205,0.3360,0.5315,,0.1955,,63.62,,,,,0.097,
1791426140.1443331,0.6350,0.4998,0.7538,0.4998,0.5695,0.6350,0.8030,0.5695,0.6350,0.1229,0.1557,0.2458,0.3646,0.0410,0.0574,0.0369,0.0410,0.3360,0.5345,,0.1985,,63.44,,,,,0.098,
1791426140.1773489,0.3646,0.4302,0.7538,0.5695,0.4998,0.7006,0.7006,0.4302,0.7538,0.1557,0.1557,0.2458,0.3646,0.1557,0.0737,0.0574,0.1229,0.3330,0.5325,,0.1995,,62.95,,,,,0.101,
1791426140.2113547,0.3646,0.3646,0.6350,0.7006,0.6350,0.7006,0.6350,0.7006,0.5695,0.1557,0.1966,0.4302,0.4998,0.0369,0.0410,0.0246,0.0123,0.3350,0.5325,,0.1975,,63.23,,,,0.707,0.100,
1791426140.245172,0.4302,0.5695,0.5695,0.4998,0.6350,0.7006,0.8030,0.7538,0.8440,0.1557,0.1229,0.3646,0.4998,0.0574,0.0369,0.1557,0.1966,0.3360,0.5340,,0.1980,,63.48,,,,0.689,0.099,
1791426140.2783387,0.4998,0.5695,0.7006,0.4998,0.5695,0.6350,0.5695,0.4998,0.6350,0.0410,0.1966,0.2991,0.2991,0.0574,0.0369,0.0164,0.0205,0.3360,0.5325,,0.1965,,63.70,,,,,0.098,
1791426140.3113465,0.4998,0.4302,0.7006,0.4998,0.6350,0.7538,0.6350,0.6350,0.7006,0.1966,0.2458,0.1966,0.2991,0.0246,0.0737,0.0205,0.0205,0.3360,0.5325,,0.1965,,63.02,,,,,0.100,
1791426140.3510768,0.7006,0.7538,0.7006,0.4998,0.6350,0.8030,0.7538,0.3646,0.7538,0.1557,0.1557,0.1557,0.2991,0.0574,0.0410,0.0123,0.0164,0.3330,0.5320,,0.1990,,63.03,,,,,0.100,
1791426140.382475,0.5695,0.6350,0.8030,0.8030,0.6350,0.8030,0.6350,0.7006,0.7006,0.0246,0.1557,0.2458,0.1966,0.0369,0.0369,0.0205,0.0205,0.3360,0.5355,,0.1995,,63.16,,,,,0.100,
1791426140.414911,0.4998,0.4998,0.6350,0.3646,0.6350,0.8440,0.8440,0.2991,0.5695,0.0205,0.1229,0.1966,0.3646,0.0737,0.0369,0.0082,0.0123,0.3360,0.5320,,0.1960,,63.22,,,,,0.100,
1791426140.4451733,0.4998,0.4302,0.7006,0.5695,0.4998,0.7538,0.7006,0.5695,0.6350,0.1229,0.1966,0.1557,0.2458,0.0574,0.0246,0.0205,0.0246,0.3330,0.5325,,0.1995,,62.45,,,,,0.103,
1791426140.477895,0.4998,0.4302,0.7538,0.5695,0.5695,0.8030,0.8030,0.4302,0.7538,0.0410,0.0737,0.2458,0.2991,0.0410,0.0369,0.0123,0.0205,0.3370,0.5340,,0.1970,,63.15,,,,,0.100,
1791426140.5112762,0.4998,0.4998,0.6350,0.6350,0.7006,0.6350,0.7538,0.7538,0.8030,0.1966,0.1557,0.2991,0.2991,0.0410,0.0942,0.0123,0.0123,0.3340,0.5315,,0.1975,,63.54,,,,,0.098,
1791426140.5444834,0.5695,0.4998,0.7538,0.7006,0.4998,0.7538,0.7006,0.5695,0.8030,0.1966,0.2991,0.1966,0.2991,0.0369,0.0737,0.0164,0.0205,0.3370,0.5320,,0.1950,,63.95,,,,,0.096,
1791426140.5782497,0.6350,0.3646,0.5695,0.3646,0.6350,0.7538,0.6350,0.4998,0.5695,0.1557,0.0369,0.1966,0.3646,0.0410,0.0369,0.0574,0.0574,0.3360,0.5310,,0.1950,,63.70,,,,,0.097,
1791426140.6118789,0.5695,0.7006,0.7006,0.5695,0.5695,0.7538,0.7006,0.6350,0.7538,0.1557,0.1966,0.4998,0.4302,0.0369,0.0574,0.0123,0.0123,0.3360,0.5335,,0.1975,,63.24,,,,0.732,0.099,
1791426140.6509993,0.4998,0.7006,0.7006,0.7538,0.7538,0.7538,0.6350,0.4302,0.4998,0.1966,0.1557,0.1229,0.1557,0.0369,0.0205,0.0082,0.0123,0.3360,0.5350,,0.1990,,63.56,,,,,0.098,
1791426140.6824236,0.2991,0.4302,0.6350,0.4302,0.6350,0.7006,0.8767,0.7006,0.7538,0.0205,0.0942,0.4302,0.4302,0.0246,0.0574,0.0123,0.0164,,0.5335,,,,63.56,,,,0.699,0.098,
1791426140.7152956,0.4998,0.6350,0.8030,0.4998,0.4302,0.7006,0.6350,0.5695,0.7006,0.1557,0.0369,0.1966,0.3646,0.0246,0.0410,0.0082,0.0205,0.3370,0.5320,,0.1950,,64.02,,,,,0.096,
1791426140.746245,0.4998,0.4998,0.6350,0.6350,0.5695,0.7538,0.7006,0.6350,0.8030,0.1966,0.1557,0.1966,0.2458,0.0369,0.0369,0.0123,0.0123,0.3360,0.5320,,0.1960,,63.86,,,,,0.097,
1791426140.7784731,0.4302,0.5695,0.8440,0.4302,0.5695,0.7538,0.6350,0.5695,0.7538,0.1557,0.2458,0.2991,0.4998,0.0574,0.0574,0.0246,0.0369,0.3350,0.5320,,0.1970,,63.55,,,,,0.098,
1791426140.8111882,0.4998,0.4302,0.4998,0.4302,0.4302,0.7006,0.6350,0.7006,0.6350,0.0205,0.1966,0.1966,0.2458,0.0410,0.0410,0.0123,0.0164,0.3360,0.5310,,0.1950,,63.31,,,,,0.099,
1791426140.8455095,0.4302,0.4998,0.8030,0.4302,0.4998,0.7538,0.7006,0.7538,0.7538,0.1557,0.2458,0.2458,0.3646,0.0737,0.0410,0.0123,0.0164,0.3360,0.5345,,0.1985,,63.26,,,,,0.099,
1791426140.8787384,0.5695,0.5695,0.7006,0.6350,0.4998,0.7538,0.7006,0.5695,0.6350,0.0574,0.1966,0.2991,0.2991,0.0246,0.0246,0.0082,0.0123,0.3360,0.5325,,0.1965,,63.43,,,,,0.098,
1791426140.912524,0.3646,0.7006,0.8030,0.6350,0.4998,0.8030,0.7538,0.7006,0.7538,0.2458,0.0574,0.2991,0.3646,0.0410,0.0246,0.0410,0.0123,0.3360,0.5325,,0.1965,,63.58,,,,,0.098,
1791426140.945426,0.5695,0.7006,0.6350,0.4302,0.4302,0.7006,0.7006,0.7006,0.7538,0.1229,0.2458,0.1557,0.2458,0.0369,0.0574,0.0082,0.0164,0.3330,0.5350,,0.2020,,63.05,,,,,0.101,
1791426140.9855459,0.4302,0.4998,0.8030,0.4302,0.4302,0.8030,0.8030,0.5695,0.7538,0.1229,0.1966,0.1966,0.2991,0.0410,0.0369,0.0205,0.0164,0.3350,0.5320,,0.1970,,62.32,,,,,0.104,
1791426141.0171666,0.4302,0.4302,0.7538,0.4998,0.4998,0.7006,0.7006,0.6350,0.7538,0.0205,0.2458,0.1557,0.2458,0.0369,0.0737,0.1557,0.1229,0.3370,0.5310,,0.1940,,62.63,,,,,0.102,
1791426141.0472696,0.4998,0.6350,0.4998,0.6350,0.5695,0.7538,0.6350,0.5695,0.8030,0.1966,0.0205,0.2991,0.2458,0.0369,0.0369,0.0123,0.0205,0.3370,0.5315,,0.1945,,62.90,,,,,0.101,
1791426141.080089,0.4998,0.7006,0.6350,0.5695,0.3646,0.8030,0.7538,0.5695,0.4998,0.2458,0.0410,0.1966,0.1966,0.0369,0.0205,0.0246,0.0246,0.3370,0.5320,,0.1950,,63.55,,,,,0.098,
1791426141.1125515,0.6350,0.4302,0.6350,0.5695,0.5695,0.8030,0.6350,0.7538,0.7006,0.2458,0.0369,0.1557,0.3646,0.0410,0.0574,0.0246,0.0082,0.3400,0.5315,,0.1915,,63.38,,,,,0.098,
1791426141.146518,0.4302,0.6350,0.5695,0.5695,0.6350,0.6350,0.7538,0.5695,0.4998,0.0942,0.1966,0.2458,0.3646,0.0369,0.0246,0.0164,0.0123,0.3360,0.5310,,0.1950,,62.80,,,,,0.100,
1791426141.179685,0.5695,0.4302,0.7538,0.4998,0.3646,0.7538,0.7538,0.6350,0.5695,0.2458,0.1966,0.2458,0.4998,0.0410,0.0164,0.0205,0.0410,0.3390,0.5315,,0.1925,,62.40,,,,,0.102,
1791426141.2127368,0.4998,0.6350,0.8030,0.3646,0.6350,0.8030,0.7006,0.6350,0.7006,0.1557,0.4302,0.1966,0.2458,0.0246,0.0410,0.0574,0.0410,0.3360,0.5320,,0.1960,,62.85,,,128.4,,0.100,1.258
1791426141.245759,0.4998,0.4998,0.7006,0.4998,0.7006,0.7538,0.8030,0.6350,0.4998,0.2458,0.1966,0.2458,0.2458,0.0942,0.0410,0.0123,0.0164,0.3330,0.5335,,0.2005,,62.81,,,129.5,,0.101,
1791426141.2847896,0.6350,0.4998,0.8030,0.7006,0.4302,0.7538,0.7006,0.6350,0.6350,0.0574,0.1966,0.2458,0.3646,0.0410,0.0246,0.0369,0.0123,0.3390,0.5355,,0.1965,,62.43,,,129.5,,0.102,
1791426141.3157587,0.4302,0.6350,0.7006,0.5695,0.4998,0.4998,0.5695,0.7006,0.7006,0.0410,0.0737,0.2458,0.2991,0.0246,0.0369,0.0123,0.0164,0.3360,0.5325,,0.1965,,62.45,,,128.6,,0.102,
1791426141.3475046,0.5695,0.7006,0.5695,0.4302,0.5695,0.7006,0.7006,0.6350,0.7006,0.1557,0.2458,0.4302,0.4302,0.0164,0.0369,0.0123,0.0123,0.3360,0.5325,,0.1965,,62.79,,,129.4,0.717,0.101,
1791426141.3801718,0.4998,0.7006,0.8030,0.4302,0.4998,0.7006,0.6350,0.6350,0.5695,0.0942,0.1557,0.3646,0.4302,0.0369,0.0410,0.0164,0.0205,0.3400,0.5320,,0.1920,,62.57,,,129.4,0.714,0.101,
1791426141.4127095,0.4998,0.7006,0.6350,0.4998,0.4998,0.4998,0.5695,0.7538,0.6350,0.1966,0.0369,0.2458,0.2991,0.0205,0.0574,0.0164,0.0369,0.3360,0.5320,,0.1960,,62.76,,,128.2,,0.101,
1791426141.446369,0.4998,0.7006,0.7538,0.4302,0.4302,0.7006,0.7006,0.7006,0.7006,0.1557,0.0737,0.3646,0.2458,0.0246,0.0574,0.1557,0.0164,0.3360,0.5320,,0.1960,,62.72,,,129.7,,0.101,
1791426141.4795275,0.3646,0.4302,0.5695,0.4998,0.4998,0.7006,0.6350,0.2458,0.7538,0.2991,0.0737,0.2458,0.3646,0.0369,0.0410,0.1557,0.1557,0.3360,0.5320,,0.1960,,62.82,,,130.1,,0.101,
1791426141.5127716,0.7006,0.6350,0.6350,0.5695,0.4302,0.7006,0.7538,0.5695,0.7006,0.0942,0.2991,0.1229,0.1966,0.0574,0.0737,0.1229,0.1966,0.3370,0.5335,,0.1965,,63.64,,,130.0,,0.097,
1791426141.5515003,0.7538,0.4302,0.7538,0.4998,0.4302,0.8030,0.6350,0.7006,0.7538,0.0205,0.1229,0.1966,0.1966,0.0246,0.0246,0.0123,0.0205,0.3370,0.5335,,0.1965,,63.92,,,130.1,,0.096,
1791426141.5834992,0.7538,0.4998,0.5695,0.5695,0.5695,0.7538,0.7006,0.4302,0.7006,0.2458,0.0246,0.2458,0.4302,0.0369,0.0369,0.0123,0.0205,0.3360,0.5325,,0.1965,,64.07,,,128.6,,0.095,
1791426141.6143432,0.4998,0.7006,0.6350,0.6350,0.4998,0.7006,0.5695,0.4998,0.6350,0.3646,0.0369,0.2458,0.4302,0.0410,0.0369,0.0123,0.0246,0.3360,0.5335,,0.1975,,64.58,,137.6,128.0,,0.093,1.134
1791426141.6470017,0.4998,0.5695,0.4302,0.4998,0.5695,0.5695,0.6350,0.7538,0.7538,0.0369,0.0369,0.2991,0.1966,0.0369,0.0410,0.0123,0.0123,0.3360,0.5310,,0.1950,,64.47,,137.2,127.5,,0.094,
1791426141.6798115,0.5695,0.7006,0.7538,0.4302,0.4302,0.4998,0.6350,0.8030,0.7006,0.0942,0.1966,0.1966,0.2458,0.0369,0.0410,0.0164,0.0246,0.3360,0.5340,,0.1980,,64.42,,139.0,128.8,,0.094,
1791426141.7129705,0.6350,0.7006,0.7538,0.5695,0.5695,0.7538,0.8440,0.8030,0.7006,0.1966,0.1557,0.1557,0.2458,0.0574,0.0410,0.0123,0.0164,0.3360,0.5320,,0.1960,,64.43,,139.9,121.5,,0.094,
1791426141.7461543,0.3646,0.6350,0.5695,0.5695,0.4302,0.8030,0.7006,0.5695,0.8030,0.1557,0.1557,0.2991,0.2991,0.0737,0.0737,0.0123,0.0123,0.3360,0.5345,,0.1985,,63.97,,141.0,,,0.096,
1791426141.779791,0.3646,0.6350,0.6350,0.6350,0.5695,0.7006,0.6350,0.4998,0.7006,0.1557,0.1966,0.2458,0.3646,0.0369,0.0410,0.0164,0.0369,0.3400,0.5330,,0.1930,,64.17,,141.5,,,0.095,
1791426141.8129163,0.4998,0.4998,0.6350,0.5695,0.5695,0.8030,0.7538,0.3646,0.7538,0.1557,0.1557,0.2991,0.2991,0.0410,0.0410,0.0574,0.0082,0.3360,0.5325,,0.1965,,64.17,,141.7,,,0.095,
1791426141.85217,0.3646,0.4302,0.7006,0.4302,0.4998,0.8030,0.7006,0.5695,0.5695,0.1966,0.1229,0.3646,0.2991,0.0574,0.0574,0.1966,0.0123,0.3340,0.5355,,0.2015,,63.44,,142.8,,,0.099,
1791426141.8830204,0.4998,0.8030,0.8030,0.5695,0.4998,0.8030,0.7006,0.5695,0.6350,0.2991,0.2458,0.1229,0.3646,0.0369,0.0574,0.1557,0.0164,0.3360,0.5315,,0.1955,,62.93,,56.1,,,0.101,
1791426141.9147613,0.5695,0.7006,0.7538,0.4302,0.3646,0.6350,0.6350,0.6350,0.6350,0.2991,0.0737,0.2991,0.3646,0.0369,0.0410,0.0123,0.0164,0.3360,0.5325,,0.1965,,62.93,,81.7,,,0.101,
1791426141.9468627,0.5695,0.4998,0.6350,0.4998,0.3646,0.8440,0.7538,0.6350,0.5695,0.0205,0.2458,0.4998,0.4302,0.0410,0.0574,0.1557,0.0164,0.3370,0.5315,,0.1945,,62.77,,97.6,,0.761,0.101,
1791426141.9800293,0.3646,0.4998,0.6350,0.4302,0.4302,0.7006,0.8030,0.6350,0.7006,0.1557,0.2991,0.3646,0.4998,0.0246,0.0246,0.0123,0.0164,0.3370,0.5330,,0.1960,,63.13,,115.3,,0.745,0.099,
1791426142.0133781,0.5695,0.5695,0.6350,0.4302,0.4302,0.8030,0.5695,0.7006,0.7538,0.0574,0.2458,0.2458,0.4302,0.0246,0.0574,0.1229,0.1557,0.3360,0.5325,,0.1965,,62.43,,123.0,,,0.102,
1791426142.0461981,0.5695,0.8030,0.5695,0.4302,0.4998,0.8030,0.6350,0.6350,0.7538,0.0410,0.1557,0.2991,0.2991,0.0410,0.0737,0.0410,0.0205,0.3370,0.5355,,0.1985,,62.97,,127.3,,,0.100,
1791426142.080015,0.4998,0.7006,0.5695,0.6350,0.5695,0.6350,0.6350,0.4998,0.7006,0.1557,0.4998,0.1966,0.2458,0.0737,0.0410,0.0246,0.0246,0.3370,0.5335,,0.1965,,63.45,,132.2,133.0,,0.098,1.284
1791426142.1137016,0.4302,0.4998,0.6350,0.4998,0.4998,0.7538,0.5695,0.7006,0.4998,0.0369,0.0574,0.1966,0.2991,0.0369,0.0369,0.0164,0.0205,0.3370,0.5335,,0.1965,,63.87,,127.6,130.6,,0.096,
1791426142.1527278,0.4998,0.4998,0.8030,0.6350,0.4998,0.6350,0.7006,0.4302,0.7006,0.1229,0.0369,0.2458,0.3646,0.0369,0.0369,0.0246,0.0246,0.3370,0.5320,,0.1950,,63.52,,,131.3,,0.098,
1791426142.1847138,0.6350,0.4998,0.8030,0.4302,0.4302,0.8030,0.5695,0.2991,0.5695,0.1557,0.0942,0.2458,0.4302,0.0246,0.0410,0.0410,0.0369,0.3360,0.5340,,0.1980,,63.42,,,129.8,,0.098,
1791426142.2156155,0.4998,0.5695,0.8767,0.3646,0.6350,0.7006,0.7538,0.5695,0.5695,0.1966,0.1966,0.2458,0.4302,0.0369,0.0737,0.0123,0.0205,0.3390,0.5345,,0.1955,,63.20,,,130.5,,0.099,
1791426142.2464745,0.7006,0.5695,0.8440,0.4302,0.4998,0.8440,0.7006,0.5695,0.7006,0.1229,0.2991,0.2458,0.2991,0.0205,0.0369,0.1557,0.1557,0.3360,0.5315,,0.1955,,63.14,,,131.7,,0.099,
1791426142.2807436,0.4302,0.5695,0.8440,0.4302,0.4302,0.7006,0.7538,0.4302,0.6350,0.0574,0.1557,0.3646,0.4302,0.0205,0.0246,0.0123,0.0164,0.3370,0.5320,,0.1950,,63.85,,,133.8,0.724,0.096,
1791426142.3136716,0.4998,0.6350,0.6350,0.5695,0.4998,0.7538,0.7006,0.6350,0.6350,0.1966,0.2458,0.3646,0.5695,0.0246,0.0410,0.0369,0.0574,0.3370,0.5330,,0.1960,,63.78,,,134.6,0.719,0.097,
1791426142.346906,0.7006,0.4998,0.7538,0.5695,0.4998,0.8030,0.7006,0.7006,0.7538,0.0410,0.1557,0.2991,0.4998,0.0246,0.0410,0.0369,0.0164,0.3360,0.5325,,0.1965,,63.60,,,133.9,,0.097,
1791426142.3799372,0.6350,0.5695,0.6350,0.4302,0.4998,0.7538,0.5695,0.5695,0.4302,0.1557,0.0942,0.4302,0.4302,0.0369,0.0737,0.0123,0.0205,0.3370,0.5335,,0.1965,,64.19,,,134.0,0.718,0.095,
1791426142.415127,0.3646,0.4998,0.7538,0.4998,0.5695,0.8440,0.7538,0.4302,0.5695,0.1966,0.1557,0.1966,0.3646,0.0246,0.0410,0.0082,0.0164,0.3360,0.5335,,0.1975,,63.94,,,132.7,,0.096,
1791426142.4539225,0.4998,0.5695,0.7538,0.4302,0.5695,0.7006,0.7538,0.6350,0.7538,0.1557,0.1557,0.4302,0.4302,0.0164,0.0369,0.0082,0.0369,0.3360,0.5325,,0.1965,,64.15,,,132.5,0.704,0.095,
1791426142.485456,0.5695,0.6350,0.7006,0.4302,0.4302,0.7538,0.7006,0.5695,0.7538,0.0737,0.0574,0.2458,0.2458,0.0410,0.0410,0.0082,0.0164,0.3370,0.5325,,0.1955,,64.46,,,133.5,,0.094,
1791426142.516784,0.4998,0.7006,0.6350,0.3646,0.4302,0.8030,0.8030,0.6350,0.6350,0.1557,0.1966,0.1966,0.2458,0.0574,0.0369,0.0205,0.1966,0.3370,0.5330,,0.1960,,64.62,,,132.5,,0.093,
1791426142.5487072,0.3646,0.4302,0.8767,0.4302,0.4302,0.7538,0.8440,0.5695,0.8030,0.1557,0.2991,0.2991,0.2458,0.0246,0.0246,0.0164,0.0164,0.3350,0.5340,,0.1990,,64.18,,,133.4,,0.095,
1791426142.581563,0.1557,0.5695,0.6350,0.3646,0.6350,0.7538,0.7006,0.5695,0.6350,0.1229,0.2458,0.1966,0.2458,0.0574,0.0410,0.0205,0.0205,,0.5355,,,,64.18,,,133.6,,0.095,
1791426142.6138453,0.5695,0.6350,0.6350,0.4302,0.4998,0.8440,0.5695,0.6350,0.4998,0.0246,0.1966,0.3646,0.4998,0.0246,0.0574,0.0574,0.0246,0.3370,0.5330,,0.1960,,64.30,,,,0.723,0.095,
1791426142.6479344,0.4998,0.8030,0.4998,0.4302,0.5695,0.7006,0.5695,0.5695,0.5695,0.0205,0.2991,0.1966,0.2458,0.0369,0.0410,0.0123,0.0164,0.3360,0.5330,,0.1970,,63.97,,,,,0.096,
1791426142.6812737,0.4302,0.4998,0.5695,0.4998,0.5695,0.7006,0.6350,0.5695,0.5695,0.1966,0.2458,0.1557,0.3646,0.0369,0.0410,0.0123,0.0205,0.3360,0.5325,,0.1965,,63.81,,,,,0.097,
1791426142.7149417,0.4302,0.6350,0.7538,0.4998,0.4998,0.8030,0.7538,0.5695,0.8030,0.0574,0.0410,0.2991,0.2991,0.0205,0.0369,0.0082,0.0205,0.3330,0.5340,,0.2010,,63.08,,,,,0.100,
1791426142.7548265,0.3646,0.3646,0.6350,0.4998,0.2991,0.7538,0.7006,0.7006,0.4998,0.1557,0.0737,0.4302,0.4998,0.0410,0.0369,0.0123,0.0164,0.3360,0.5320,,0.1960,,63.30,,,,0.757,0.099,
1791426142.7864223,0.4302,0.5695,0.6350,0.4998,0.4302,0.7006,0.8030,0.7006,0.7006,0.4302,0.2458,0.2458,0.2458,0.0737,0.0410,0.0205,0.0123,0.3400,0.5320,,0.1920,,63.69,,140.3,,,0.097,1.195
1791426142.8178325,0.7006,0.5695,0.7006,0.4998,0.4302,0.4998,0.5695,0.4302,0.6350,0.1229,0.1229,0.1557,0.2458,0.0246,0.0369,0.0205,0.0205,0.3370,0.5335,,0.1965,,63.85,,140.1,,,0.096,
1791426142.8485894,0.8030,0.4302,0.7538,0.6350,0.4998,0.7006,0.8030,0.6350,0.4302,0.1557,0.1557,0.2991,0.4302,0.0410,0.0574,0.0082,0.0164,0.3370,0.5340,,0.1970,,63.85,,140.4,,,0.096,
1791426142.8817043,0.5695,0.6350,0.7006,0.6350,0.6350,0.7538,0.7006,0.4998,0.6350,0.1557,0.1557,0.3646,0.3646,0.0369,0.0369,0.0574,0.0205,0.3360,0.5355,,0.1995,,63.58,,141.0,,0.707,0.098,
1791426142.9144526,0.4302,0.6350,0.7006,0.5695,0.4998,0.7538,0.7538,0.6350,0.7006,0.2991,0.1557,0.1557,0.2991,0.0205,0.0410,0.0164,0.0205,0.3390,0.5310,,0.1920,,63.55,,142.1,,,0.097,
1791426142.9482424,0.4302,0.7006,0.7538,0.7006,0.4998,0.4302,0.7538,0.3646,0.6350,0.1557,0.0410,0.4998,0.4998,0.0164,0.0410,0.0246,0.0410,0.3330,0.5330,,0.2000,,63.05,,142.0,,0.726,0.100,
1791426142.9817953,0.3646,0.7006,0.9054,0.4998,0.4998,0.7006,0.7538,0.4998,0.7006,0.2458,0.0410,0.1966,0.2458,0.0410,0.0410,0.0123,0.0164,0.3360,0.5300,,0.1940,,63.00,,143.0,,,0.100,
1791426143.0151312,0.4302,0.6350,0.8440,0.3646,0.3646,0.7538,0.7006,0.7538,0.5695,0.1557,0.2458,0.1557,0.2458,0.0737,0.0246,0.0574,0.0246,0.3370,0.5315,,0.1945,,63.07,,142.7,,,0.100,
1791426143.047704,0.6350,0.7538,0.7538,0.3646,0.4998,0.7006,0.7538,0.4998,0.8030,0.1557,0.0574,0.2991,0.2458,0.0369,0.0123,0.0205,0.0123,0.3370,0.5350,,0.1980,,63.31,,142.8,,,0.099,
1791426143.0866332,0.5695,0.2991,0.8440,0.3646,0.4998,0.7006,0.7538,0.4998,0.6350,0.1966,0.2458,0.2458,0.2991,0.0737,0.0246,0.0246,0.0246,0.3370,0.5325,,0.1955,,63.86,,143.1,,,0.096,
1791426143.1193721,0.4998,0.5695,0.8030,0.4302,0.5695,0.8440,0.7538,0.7538,0.7538,0.0205,0.1557,0.3646,0.2991,0.0737,0.0246,0.0205,0.0369,0.3360,0.5325,,0.1965,,63.96,,139.1,,,0.096,
1791426143.1493125,0.6350,0.5695,0.5695,0.5695,0.5695,0.7006,0.7006,0.4998,0.7006,0.0942,0.1966,0.1966,0.1966,0.0246,0.0574,0.0246,0.0369,0.3370,0.5355,,0.1985,,63.97,,139.2,,,0.096,
1791426143.1820323,0.4998,0.6350,0.6350,0.4998,0.5695,0.7006,0.4998,0.6350,0.7538,0.2991,0.1557,0.3646,0.3646,0.0246,0.0369,0.0574,0.0369,0.3390,0.5350,,0.1960,,63.66,,139.5,,0.718,0.097,
1791426143.2141495,0.4998,0.5695,0.8440,0.6350,0.4998,0.7006,0.8440,0.6350,0.7538,0.1557,0.1966,0.2458,0.2458,0.0369,0.0410,0.0164,0.0205,0.3370,0.5325,,0.1955,,64.18,,140.2,,,0.095,
1791426143.2481291,0.5695,0.7006,0.8030,0.5695,0.7006,0.8030,0.7006,0.5695,0.5695,0.1557,0.1966,0.4302,0.4998,0.0410,0.0369,0.0574,0.0246,0.3370,0.5320,,0.1950,,64.32,,140.5,,0.715,0.094,
1791426143.281421,0.7006,0.7006,0.7538,0.4302,0.6350,0.8440,0.6350,0.7006,0.6350,0.0737,0.0410,0.3646,0.3646,0.0205,0.0574,0.0574,0.0369,0.3360,0.5330,,0.1970,,64.06,,141.7,,0.763,0.095,
1791426143.3148234,0.4998,0.6350,0.7006,0.4302,0.6350,0.7006,0.8030,0.5695,0.7006,0.0942,0.1229,0.2991,0.4998,0.0369,0.0369,0.0246,0.0369,0.3380,0.5330,,0.1950,,64.34,,,,,0.094,
1791426143.3477085,0.3646,0.4998,0.6350,0.6350,0.4998,0.6350,0.7006,0.7006,0.5695,0.0942,0.2458,0.1966,0.2991,0.0246,0.0574,0.0164,0.0205,0.3370,0.5305,,0.1935,,64.70,,,,,0.092,
1791426143.3876264,0.4998,0.4302,0.4998,0.4302,0.5695,0.8440,0.6350,0.7006,0.7538,0.1557,0.0246,0.2991,0.4302,0.0246,0.0942,0.0164,0.0123,0.3400,0.5335,,0.1935,,64.06,,,,,0.095,
1791426143.4188359,0.4302,0.2458,0.7538,0.3646,0.4302,0.7006,0.6350,0.4998,0.4998,0.0205,0.2458,0.3646,0.4998,0.0369,0.0369,0.0205,0.0246,0.3370,0.5325,,0.1955,,64.65,,,,0.697,0.092,
1791426143.450515,0.5695,0.4998,0.4998,0.5695,0.3646,0.8030,0.5695,0.5695,0.8030,0.1557,0.1557,0.2458,0.1966,0.0410,0.0574,0.0123,0.0164,0.3410,0.5315,,0.1905,,64.42,,,,,0.093,
1791426143.4812121,0.4302,0.3646,0.7538,0.3646,0.4302,0.7538,0.4998,0.6350,0.3646,0.1557,0.0737,0.2991,0.2991,0.0574,0.0574,0.0123,0.0123,0.3400,0.5355,,0.1955,,63.75,,,,,0.096,
1791426143.5153754,0.7538,0.4302,0.6350,0.4998,0.4998,0.7006,0.6350,0.7006,0.6350,0.2458,0.2991,0.2458,0.3646,0.0246,0.0737,0.0123,0.0164,0.3360,0.5340,,0.1980,,63.60,,,,,0.097,
1791426143.5483525,0.2458,0.6350,0.6350,0.3646,0.3646,0.5695,0.8030,0.5695,0.8440,0.2991,0.1966,0.2991,0.2458,0.0205,0.0737,0.0082,0.0123,,0.5335,,,,63.60,,,,,0.097,
1791426143.5817938,0.4998,0.4302,0.7006,0.3646,0.4998,0.7538,0.7538,0.7006,0.4998,0.0205,0.1557,0.2991,0.2991,0.0574,0.0410,0.0164,0.0205,0.3360,0.5330,,0.1970,,63.65,,,,,0.097,
1791426143.6155434,0.4302,0.5695,0.8030,0.4998,0.4302,0.7538,0.7006,0.6350,0.6350,0.2458,0.0369,0.1966,0.3646,0.0246,0.0574,0.0246,0.0246,0.3400,0.5330,,0.1930,,63.29,,,,,0.098,
1791426143.6552408,0.4998,0.4302,0.5695,0.3646,0.5695,0.7006,0.4998,0.5695,0.7006,0.2458,0.0574,0.2991,0.2991,0.0369,0.0410,0.0082,0.0123,0.3360,0.5335,,0.1975,,63.17,,,,,0.099,
1791426143.686871,0.3646,0.4998,0.7006,0.5695,0.4998,0.8030,0.4998,0.6350,0.6350,0.2991,0.0942,0.4302,0.2991,0.0737,0.0205,0.0574,0.0574,0.3370,0.5325,,0.1955,,63.16,,,,,0.099,
1791426143.7175064,0.2991,0.8030,0.7006,0.3646,0.4998,0.6350,0.7006,0.7538,0.6350,0.2458,0.2991,0.4302,0.4302,0.0246,0.0369,0.0410,0.0164,,0.5315,,,,63.16,,,,0.759,0.099,
1791426143.7493472,0.5695,0.4302,0.4302,0.4998,0.5695,0.7538,0.7538,0.4998,0.7006,0.1229,0.1557,0.3646,0.4302,0.0410,0.0369,0.0205,0.0246,0.3350,0.5345,,0.1995,,63.10,,,,0.712,0.100,
1791426143.7816854,0.6350,0.4302,0.7538,0.4302,0.5695,0.8440,0.7006,0.5695,0.5695,0.0369,0.0369,0.1966,0.1966,0.0369,0.0737,0.0123,0.0164,0.3370,0.5355,,0.1985,,63.81,,,,,0.097,
1791426143.8152397,0.3646,0.4302,0.5695,0.5695,0.5695,0.7538,0.8030,0.5695,0.6350,0.0246,0.2458,0.3646,0.4302,0.0246,0.0574,0.0123,0.0123,0.3370,0.5325,,0.1955,,63.74,,,,0.757,0.097,
1791426143.8485982,0.5695,0.4302,0.7538,0.4998,0.6350,0.8440,0.8440,0.7538,0.6350,0.2458,0.1966,0.4302,0.4998,0.0205,0.0574,0.0164,0.0205,0.3390,0.5320,,0.1930,,63.99,,,,0.766,0.096,
1791426143.8827708,0.4998,0.5695,0.7538,0.3646,0.5695,0.7538,0.7006,0.5695,0.5695,0.0369,0.1557,0.1229,0.2991,0.0164,0.0942,0.0082,0.0123,0.3370,0.5320,,0.1950,,64.05,,,,,0.095,
1791426143.9156134,0.4998,0.7538,0.8030,0.4302,0.5695,0.7538,0.8030,0.7006,0.5695,0.0574,0.0574,0.2458,0.3646,0.0205,0.0410,0.0164,0.0123,0.3340,0.5340,,0.2000,,63.82,,,,,0.097,
1791426143.9549758,0.4302,0.6350,0.8030,0.5695,0.4998,0.7538,0.7006,0.4998,0.5695,0.0574,0.1229,0.4302,0.5695,0.0246,0.0410,0.0123,0.0164,0.3360,0.5325,,0.1965,,63.87,,,,0.719,0.096,
1791426143.986549,0.3646,0.7006,0.4998,0.4302,0.4998,0.7538,0.7538,0.7006,0.7006,0.1557,0.2458,0.1557,0.2991,0.0164,0.0574,0.0082,0.0123,0.3360,0.5315,,0.1955,,63.98,,,,,0.096,
1791426144.018222,0.4302,0.8030,0.7538,0.3646,0.5695,0.8030,0.5695,0.5695,0.7006,0.1229,0.1966,0.1966,0.4302,0.0410,0.0574,0.0369,0.0369,0.3370,0.5320,,0.1950,,63.99,,,,,0.096,
1791426144.0496047,0.2991,0.6350,0.8030,0.4302,0.4302,0.8030,0.7538,0.7006,0.7006,0.1557,0.0410,0.4302,0.4998,0.0164,0.0574,0.0574,0.0246,,0.5320,,,,63.99,,,,0.735,0.096,
1791426144.082957,0.4302,0.5695,0.7538,0.4998,0.4302,0.8440,0.7538,0.7538,0.5695,0.2458,0.2458,0.3646,0.3646,0.0410,0.0369,0.0574,0.0123,0.3370,0.5335,,0.1965,,64.64,,,,0.718,0.093,
1791426144.1151671,0.2991,0.4998,0.7006,0.6350,0.4302,0.7006,0.7006,0.6350,0.3646,0.0246,0.1966,0.2991,0.4302,0.0369,0.0574,0.0574,0.0574,,0.5345,,,,64.64,,,,,0.093,
1791426144.1493406,0.3646,0.4302,0.6350,0.4302,0.5695,0.7538,0.7006,0.6350,0.8030,0.1557,0.1557,0.2458,0.2458,0.0410,0.0410,0.0123,0.0082,0.3360,0.5330,,0.1970,,64.64,,,,,0.093,
1791426144.1823647,0.3646,0.6350,0.7006,0.3646,0.4302,0.6350,0.7006,0.4302,0.6350,0.2458,0.1966,0.1557,0.2458,0.0574,0.0574,0.0205,0.0410,0.3370,0.5315,,0.1945,,64.54,,,,,0.093,
1791426144.216687,0.5695,0.5695,0.5695,0.4998,0.7006,0.7538,0.7006,0.7538,0.4998,0.0410,0.2458,0.2458,0.3646,0.0410,0.0410,0.0205,0.0246,0.3370,0.5315,,0.1945,,64.18,,,,,0.095,
1791426144.2564137,0.4998,0.5695,0.4998,0.4998,0.2991,0.7006,0.7006,0.5695,0.7538,0.0205,0.0574,0.4998,0.4998,0.0574,0.0574,0.0574,0.0246,0.3370,0.5345,,0.1975,,64.37,,,,0.708,0.094,
1791426144.2873428,0.5695,0.5695,0.8030,0.7006,0.4998,0.7006,0.7538,0.7006,0.8030,0.2458,0.2991,0.1966,0.2991,0.0369,0.0369,0.0123,0.0164,0.3380,0.5350,,0.1970,,64.39,,,,,0.094,
1791426144.3178077,0.5695,0.7006,0.7006,0.3646,0.4302,0.8030,0.7006,0.7538,0.6350,0.1557,0.1557,0.3646,0.2991,0.0942,0.0369,0.0164,0.0123,0.3390,0.5345,,0.1955,,64.47,,,,,0.094,
1791426144.349685,0.6350,0.3646,0.6350,0.4998,0.4302,0.5695,0.7006,0.2991,0.6350,0.1966,0.0574,0.2991,0.2991,0.0369,0.0574,0.0123,0.0246,0.3370,0.5340,,0.1970,,64.48,,,,,0.094,
1791426144.3831248,0.5695,0.4302,0.4998,0.7006,0.4302,0.8030,0.7538,0.7006,0.8440,0.0410,0.2458,0.3646,0.4302,0.0737,0.0737,0.0737,0.0574,0.3370,0.5320,,0.1950,,63.74,,,,0.759,0.097,
1791426144.4169006,0.4998,0.6350,0.7538,0.4302,0.3646,0.7006,0.6350,0.4302,0.5695,0.1229,0.0410,0.2991,0.5695,0.0410,0.0369,0.0369,0.0369,0.3370,0.5320,,0.1950,,63.79,,,,,0.096,
1791426144.4496012,0.3646,0.6350,0.6350,0.3646,0.4998,0.7538,0.7006,0.7006,0.7006,0.1557,0.0737,0.2991,0.4998,0.1557,0.0410,0.0123,0.0123,0.3370,0.5345,,0.1975,,63.94,,,,,0.096,
1791426144.4826262,0.3646,0.4998,0.8030,0.4998,0.4302,0.8440,0.7006,0.7006,0.6350,0.2991,0.0369,0.4302,0.5695,0.0205,0.0369,0.0574,0.0410,0.3390,0.5340,,0.1950,,63.97,,,,0.691,0.096,
1791426144.5164032,0.4302,0.5695,0.6350,0.5695,0.4302,0.7538,0.7538,0.6350,0.4998,0.1557,0.1966,0.4302,0.3646,0.0574,0.0574,0.0574,0.0246,0.3360,0.5320,,0.1960,,63.56,,,,0.757,0.097,
1791426144.55545,0.4998,0.7006,0.8030,0.4302,0.3646,0.7006,0.7006,0.7006,0.7006,0.0205,0.2458,0.4302,0.3646,0.0369,0.0246,0.0164,0.0246,0.3370,0.5330,,0.1960,,64.06,,,,0.735,0.095,
1791426144.5875812,0.2458,0.6350,0.8030,0.4302,0.4302,0.8440,0.7538,0.6350,0.5695,0.2458,0.1966,0.4302,0.4998,0.0410,0.0410,0.0574,0.0246,,0.5340,,,,64.06,,,,0.711,0.095,
1791426144.6185863,0.4302,0.5695,0.6350,0.5695,0.5695,0.8030,0.5695,0.6350,0.7538,0.1557,0.0410,0.2991,0.2458,0.0205,0.0410,0.0205,0.0246,0.3370,0.5330,,0.1960,,63.82,,,,,0.096,
1791426144.6508603,0.4998,0.5695,0.7006,0.4998,0.4998,0.7538,0.8440,0.3646,0.4998,0.0369,0.1966,0.3646,0.4998,0.0205,0.0246,0.0574,0.0246,0.3370,0.5355,,0.1985,,64.00,,,,0.677,0.096,
1791426144.6826212,0.6350,0.4998,0.7538,0.4998,0.3646,0.8030,0.7006,0.5695,0.7538,0.0246,0.1966,0.2991,0.3646,0.0369,0.0369,0.0123,0.0164,0.3380,0.5330,,0.1950,,63.94,,,,,0.096,
1791426144.716969,0.3646,0.4998,0.8030,0.4302,0.6350,0.8030,0.5695,0.6350,0.5695,0.1229,0.0574,0.2991,0.3646,0.0205,0.0410,0.0410,0.0574,0.3350,0.5355,,0.2005,,63.10,,,,,0.100,
1791426144.749517,0.4302,0.7538,0.4998,0.4998,0.4302,0.8440,0.7006,0.7006,0.7006,0.1557,0.1966,0.2991,0.2991,0.0942,0.0410,0.0082,0.0123,0.3400,0.5340,,0.1940,,63.44,,,,,0.098,
1791426144.7837985,0.4302,0.6350,0.8440,0.4998,0.4998,0.7006,0.4998,0.5695,0.8440,0.0246,0.1229,0.2458,0.4302,0.0164,0.0574,0.0246,0.0164,0.3370,0.5320,,0.1950,,63.56,,,,,0.098,
1791426144.8163743,0.3646,0.8030,0.6350,0.5695,0.5695,0.8440,0.5695,0.5695,0.8030,0.0942,0.2991,0.2991,0.2991,0.0574,0.0369,0.0574,0.0164,0.3360,0.5315,,0.1955,,63.27,,,,,0.099,
1791426144.85652,0.3646,0.4998,0.5695,0.4302,0.4302,0.7006,0.4998,0.7006,0.7006,0.1229,0.0737,0.3646,0.3646,0.0123,0.0410,0.0205,0.0369,0.3370,0.5345,,0.1975,,63.37,,,,0.709,0.098,
1791426144.8868554,0.4998,0.7538,0.6350,0.4302,0.4998,0.7538,0.8030,0.7538,0.6350,0.1557,0.1966,0.1966,0.3646,0.0246,0.0205,0.0574,0.0574,0.3400,0.5325,,0.1925,,63.91,,,,,0.096,
1791426144.9197993,0.7006,0.4302,0.5695,0.4302,0.4302,0.7538,0.6350,0.7006,0.7006,0.1966,0.1557,0.2458,0.3646,0.0164,0.0369,0.0082,0.0123,0.3380,0.5320,,0.1940,,64.07,,,,,0.095,
1791426144.9510221,0.5695,0.7006,0.7538,0.4998,0.5695,0.7538,0.7006,0.5695,0.7006,0.2458,0.1557,0.1557,0.2458,0.0205,0.0205,0.0123,0.0205,0.3370,0.5325,,0.1955,,64.06,,,,,0.095,
1791426144.9847238,0.8030,0.4302,0.4998,0.8440,0.5695,0.7006,0.7006,0.7006,0.4302,0.0942,0.1966,0.2458,0.2458,0.0369,0.0205,0.0205,0.0205,0.3440,0.5320,,0.1880,,64.06,,,,,0.094,
1791426145.0169702,0.4302,0.7006,0.4998,0.5695,0.5695,0.7538,0.5695,0.7006,0.6350,0.1557,0.1557,0.4302,0.4998,0.0942,0.0410,0.0205,0.0369,0.3370,0.5320,,0.1950,,64.61,,,,0.778,0.092,
1791426145.0515065,0.3646,0.4998,0.7538,0.4302,0.4302,0.7538,0.6350,0.6350,0.7538,0.0369,0.1557,0.2458,0.1966,0.0205,0.0574,0.0123,0.0369,0.3360,0.5330,,0.1970,,64.32,,,,,0.094,
1791426145.083458,0.4302,0.7006,0.7006,0.4302,0.4998,0.7006,0.7538,0.8440,0.6350,0.2458,0.1966,0.3646,0.4302,0.0205,0.0369,0.0082,0.0123,0.3360,0.5335,,0.1975,,64.18,,,,0.744,0.094,
1791426145.1175199,0.5695,0.7006,0.6350,0.6350,0.4302,0.6350,0.8767,0.6350,0.7006,0.0205,0.1966,0.2458,0.2458,0.0246,0.0410,0.0737,0.0205,0.3360,0.5310,,0.1950,,63.64,,,,,0.097,
1791426145.1551652,0.4302,0.4998,0.4998,0.5695,0.4998,0.7006,0.6350,0.8440,0.7006,0.0942,0.1557,0.4302,0.1557,0.0574,0.0410,0.0205,0.0205,0.3370,0.5315,,0.1945,,63.71,,,,,0.096,
1791426145.186811,0.3646,0.8030,0.7538,0.5695,0.4302,0.7538,0.7006,0.7538,0.7538,0.1557,0.4302,0.2458,0.2991,0.0246,0.0410,0.1229,0.1229,0.3370,0.5305,,0.1935,,63.85,,,132.6,,0.096,1.415
1791426145.218574,0.4302,0.5695,0.7538,0.6350,0.4998,0.8440,0.6350,0.5695,0.8030,0.1966,0.1966,0.2991,0.1966,0.0246,0.0246,0.0205,0.0205,0.3400,0.5330,,0.1930,,63.95,,,134.3,,0.095,
1791426145.2510777,0.4302,0.5695,0.6350,0.6350,0.4998,0.8030,0.7006,0.5695,0.6350,0.0410,0.1966,0.4302,0.4302,0.0369,0.0164,0.0123,0.0164,0.3360,0.5325,,0.1965,,64.05,,,133.7,0.735,0.095,
1791426145.2840536,0.4302,0.3646,0.5695,0.4302,0.7006,0.7538,0.6350,0.7006,0.7006,0.2991,0.1229,0.3646,0.3646,0.0369,0.0369,0.0246,0.0246,0.3370,0.5310,,0.1940,,63.99,,,133.8,0.711,0.095,
1791426145.3171537,0.4998,0.7006,0.6350,0.4998,0.6350,0.6350,0.7538,0.7006,0.7006,0.1557,0.1229,0.1557,0.3646,0.0574,0.0410,0.0164,0.0164,0.3370,0.5320,,0.1950,,64.07,,,126.2,,0.095,
1791426145.3502748,0.3646,0.5695,0.8767,0.4998,0.3646,0.7006,0.8440,0.6350,0.6350,0.1966,0.1966,0.2991,0.3646,0.1229,0.0410,0.0410,0.0246,0.3400,0.5330,,0.1930,,63.36,,,127.3,,0.097,
1791426145.3839822,0.6350,0.4302,0.4998,0.4302,0.4998,0.3646,0.5695,0.3646,0.7538,0.1966,0.0574,0.3646,0.2991,0.0369,0.0369,0.0574,0.0369,0.3370,0.5305,,0.1935,,63.36,,,128.0,,0.097,
1791426145.4233534,0.7006,0.4998,0.4998,0.5695,0.4998,0.6350,0.7006,0.7006,0.8030,0.2458,0.0574,0.4302,0.3646,0.0205,0.0410,0.0123,0.0205,0.3370,0.5325,,0.1955,,63.52,,,129.1,0.745,0.097,
1791426145.4546611,0.4998,0.7538,0.6350,0.4998,0.4998,0.7538,0.6350,0.7538,0.6350,0.0942,0.1966,0.4998,0.4998,0.0574,0.0246,0.0164,0.0369,0.3370,0.5320,,0.1950,,63.99,,,130.2,0.719,0.095,
1791426145.486174,0.4302,0.4302,0.7006,0.4302,0.4302,0.8030,0.7006,0.4302,0.6350,0.1229,0.1557,0.3646,0.4998,0.0410,0.0369,0.0574,0.0164,0.3400,0.5320,,0.1920,,64.06,,,131.5,0.737,0.094,
1791426145.517817,0.5695,0.7538,0.4302,0.4302,0.4998,0.8440,0.7006,0.6350,0.5695,0.1557,0.1557,0.2991,0.3646,0.0369,0.0369,0.0123,0.0246,0.3370,0.5350,,0.1980,,65.06,,,130.4,,0.091,
1791426145.5508997,0.5695,0.4998,0.7006,0.3646,0.4998,0.7538,0.6350,0.6350,0.7538,0.1557,0.1557,0.3646,0.3646,0.0369,0.0574,0.0082,0.0123,0.3370,0.5320,,0.1950,,64.80,,,130.6,0.738,0.092,
1791426145.5837655,0.4302,0.6350,0.6350,0.5695,0.4998,0.7538,0.7006,0.5695,0.7006,0.1557,0.0410,0.2991,0.2991,0.0369,0.0737,0.0574,0.0164,0.3370,0.5325,,0.1955,,64.65,,,127.8,,0.092,
1791426145.6171663,0.5695,0.4998,0.4998,0.4998,0.4302,0.7006,0.7006,0.6350,0.6350,0.1557,0.1966,0.2991,0.2991,0.0246,0.0574,0.0369,0.0574,0.3370,0.5345,,0.1975,,64.52,,,129.3,,0.093,
1791426145.6509929,0.4998,0.4302,0.7538,0.4998,0.4998,0.7006,0.5695,0.4302,0.6350,0.0410,0.0574,0.3646,0.4302,0.0246,0.0246,0.0737,0.0410,0.3380,0.5320,,0.1940,,64.94,,,127.5,0.715,0.091,
1791426145.6837685,0.5695,0.4998,0.4998,0.4302,0.4302,0.4302,0.6350,0.6350,0.6350,0.1229,0.1557,0.2991,0.1557,0.0369,0.0942,0.0164,0.0205,0.3360,0.5320,,0.1960,,64.39,,,128.3,,0.094,
1791426145.7171776,0.3646,0.4998,0.4998,0.6350,0.6350,0.6350,0.6350,0.5695,0.7006,0.0246,0.1966,0.1557,0.3646,0.0246,0.0369,0.0164,0.0246,0.3380,0.5330,,0.1950,,64.65,,,,,0.093,
1791426145.7553086,0.4998,0.7006,0.4998,0.5695,0.4998,0.8030,0.7006,0.7006,0.4998,0.1557,0.1229,0.4302,0.5695,0.0410,0.0574,0.0574,0.0942,0.3370,0.5330,,0.1960,,64.77,,,,0.701,0.092,
1791426145.7869155,0.4302,0.6350,0.4998,0.3646,0.6350,0.7538,0.8030,0.7538,0.6350,0.1229,0.1229,0.1966,0.2991,0.0410,0.0410,0.0123,0.0164,0.3370,0.5325,,0.1955,,64.51,,,,,0.093,
1791426145.8182964,0.4998,0.4998,0.4998,0.4998,0.6350,0.7538,0.8030,0.6350,0.6350,0.0205,0.1557,0.1557,0.2458,0.0369,0.0246,0.0369,0.0246,0.3370,0.5335,,0.1965,,64.78,,,,,0.092,
1791426145.8509989,0.5695,0.4998,0.4998,0.4302,0.5695,0.6350,0.7538,0.7006,0.7006,0.0942,0.1966,0.2991,0.4998,0.0246,0.0205,0.0205,0.0246,0.3370,0.5345,,0.1975,,65.20,,,,,0.091,
1791426145.8844914,0.5695,0.4302,0.7006,0.6350,0.5695,0.7538,0.7538,0.6350,0.5695,0.1229,0.1966,0.3646,0.4302,0.0246,0.0410,0.0082,0.0246,0.3370,0.5330,,0.1960,,65.05,,,,0.734,0.091,
1791426145.9180853,0.4998,0.5695,0.7538,0.4302,0.4302,0.5695,0.7006,0.6350,0.6350,0.1966,0.1557,0.4302,0.4302,0.0246,0.0369,0.1557,0.0164,0.3370,0.5355,,0.1985,,64.90,,,,0.682,0.092,
1791426145.9509544,0.4302,0.5695,0.6350,0.5695,0.3646,0.7006,0.7538,0.7538,0.7006,0.1557,0.1966,0.3646,0.2458,0.0737,0.0574,0.0574,0.0942,0.3370,0.5315,,0.1945,,64.88,,,,,0.092,
1791426145.98505,0.5695,0.6350,0.5695,0.6350,0.3646,0.6350,0.7006,0.6350,0.7006,0.1557,0.2991,0.2458,0.2991,0.0369,0.0574,0.0164,0.0164,0.3380,0.5310,,0.1930,,64.52,,,,,0.093,
1791426146.0242708,0.7006,0.4998,0.8030,0.5695,0.6350,0.7006,0.7006,0.6350,0.6350,0.1966,0.0737,0.3646,0.2991,0.0410,0.0369,0.0205,0.0246,0.3370,0.5350,,0.1980,,64.32,,,,,0.094,
1791426146.0563235,0.4998,0.5695,0.8030,0.5695,0.4998,0.7538,0.7006,0.7006,0.7006,0.1557,0.1966,0.2458,0.2458,0.0410,0.0574,0.0123,0.0246,0.3370,0.5330,,0.1960,,64.15,,,,,0.095,
1791426146.0878675,0.3646,0.2458,0.4998,0.4302,0.4998,0.7006,0.6350,0.6350,0.7538,0.0737,0.1229,0.1966,0.2991,0.0246,0.0369,0.0164,0.0123,0.3370,0.5315,,0.1945,,64.07,,,,,0.095,
1791426146.1201937,0.4998,0.4998,0.4998,0.4998,0.5695,0.7006,0.7006,0.7538,0.7006,0.2458,0.0737,0.2991,0.4998,0.0246,0.0410,0.0410,0.0164,0.3370,0.5310,,0.1940,,63.84,,,,,0.096,
1791426146.1512897,0.6350,0.7006,0.6350,0.4302,0.5695,0.8030,0.4998,0.4998,0.6350,0.1966,0.0246,0.3646,0.4302,0.0205,0.0246,0.0369,0.0369,0.3370,0.5340,,0.1970,,64.15,,,,0.667,0.095,
1791426146.184925,0.4302,0.7006,0.8030,0.6350,0.4302,0.8440,0.8030,0.5695,0.8030,0.1966,0.1966,0.2991,0.4302,0.0410,0.0410,0.0574,0.0574,0.3360,0.5325,,0.1965,,64.16,,,,,0.095,
1791426146.2179704,0.2991,0.7006,0.5695,0.4998,0.4302,0.7538,0.6350,0.4998,0.4998,0.2991,0.2458,0.2991,0.4302,0.0574,0.0246,0.0574,0.0369,,0.5330,,,,64.16,,,,,0.095,
1791426146.251867,0.6350,0.8030,0.8030,0.4302,0.4998,0.8030,0.7006,0.5695,0.4998,0.1557,0.0410,0.2991,0.2991,0.0246,0.0246,0.0082,0.0082,0.3370,0.5330,,0.1960,,63.98,,,,,0.096,
1791426146.2845478,0.5695,0.8440,0.8440,0.4998,0.4302,0.6350,0.7006,0.4998,0.7006,0.0205,0.0942,0.2991,0.2991,0.0942,0.0574,0.0574,0.0246,0.3330,0.5315,,0.1985,,63.08,,,,,0.100,
1791426146.3179364,0.4302,0.4998,0.7538,0.6350,0.3646,0.6350,0.6350,0.4998,0.7006,0.1966,0.1966,0.2991,0.4302,0.0246,0.0369,0.0164,0.0205,0.3370,0.5340,,0.1970,,63.63,,,,,0.097,
1791426146.35515,0.2458,0.4302,0.6350,0.4302,0.4302,0.8030,0.6350,0.6350,0.7006,0.0205,0.1966,0.2991,0.3646,0.0205,0.0369,0.0123,0.0164,,0.5325,,,,63.63,,,,,0.097,
1791426146.3866177,0.5695,0.5695,0.5695,0.3646,0.4998,0.7006,0.5695,0.7538,0.7006,0.1557,0.2991,0.3646,0.2991,0.0410,0.0737,0.0246,0.0164,0.3370,0.5335,,0.1965,,63.74,,,,,0.097,
1791426146.4177449,0.2991,0.7006,0.4998,0.4302,0.6350,0.8440,0.7006,0.4302,0.5695,0.1966,0.2458,0.2991,0.3646,0.0205,0.0410,0.1557,0.0205,,0.5345,,,,63.74,,,,,0.097,
1791426146.4516044,0.3646,0.5695,0.7538,0.5695,0.6350,0.8030,0.6350,0.4302,0.7006,0.1557,0.2458,0.1557,0.4302,0.0369,0.0574,0.1557,0.1229,0.3360,0.5350,,0.1990,,63.41,,,,,0.099,
1791426146.4853427,0.3646,0.7006,0.5695,0.2991,0.3646,0.7538,0.6350,0.7006,0.4302,0.0410,0.2458,0.2991,0.4302,0.0410,0.0942,0.0574,0.0574,0.3360,0.5315,,0.1955,,62.97,,,,,0.100,
1791426146.5181537,0.2991,0.4302,0.7006,0.4302,0.4302,0.8030,0.8030,0.7006,0.7006,0.1966,0.2458,0.2458,0.3646,0.0205,0.0410,0.0123,0.0164,,0.5325,,,,62.97,,,,,0.100,
1791426146.552156,0.4302,0.5695,0.6350,0.3646,0.4998,0.7006,0.6350,0.5695,0.6350,0.0369,0.0574,0.4998,0.4998,0.0246,0.0574,0.1557,0.0246,0.3400,0.5320,,0.1920,,62.99,,,,0.763,0.100,
1791426146.5854638,0.2991,0.5695,0.7538,0.4998,0.4302,0.6350,0.7538,0.4302,0.6350,0.2458,0.0369,0.3646,0.4302,0.0369,0.0574,0.0123,0.0164,,0.5325,,,,62.99,,,,0.745,0.100,
1791426146.6238902,0.4302,0.5695,0.7006,0.4302,0.4302,0.7538,0.6350,0.7538,0.7006,0.1557,0.1557,0.3646,0.3646,0.0737,0.0574,0.0737,0.0574,0.3370,0.5355,,0.1985,,62.82,,,,0.707,0.101,
1791426146.6549187,0.5695,0.4998,0.5695,0.4998,0.5695,0.8030,0.6350,0.7006,0.7538,0.2991,0.1557,0.1966,0.2458,0.1229,0.0410,0.0123,0.0164,0.3370,0.5350,,0.1980,,63.21,,,,,0.099,
1791426146.6871533,0.3646,0.5695,0.5695,0.3646,0.4302,0.8030,0.6350,0.4998,0.8030,0.2458,0.1229,0.4998,0.4302,0.0246,0.0574,0.0164,0.0410,0.3370,0.5335,,0.1965,,63.14,,,,0.713,0.100,
1791426146.718875,0.4302,0.6350,0.8030,0.5695,0.3646,0.7006,0.7006,0.8030,0.5695,0.1557,0.0574,0.4998,0.4302,0.0246,0.0369,0.0205,0.0246,0.3370,0.5355,,0.1985,,63.60,,,,0.684,0.098,
1791426146.7517872,0.4998,0.7006,0.6350,0.3646,0.3646,0.7538,0.6350,0.5695,0.5695,0.1557,0.0410,0.4998,0.4302,0.0369,0.0574,0.1557,0.0369,0.3370,0.5330,,0.1960,,63.39,,,,0.732,0.099,
1791426146.7856438,0.5695,0.5695,0.7006,0.5695,0.4998,0.8030,0.6350,0.5695,0.7006,0.1557,0.2991,0.3646,0.4302,0.0205,0.0369,0.0205,0.0164,0.3380,0.5325,,0.1945,,63.82,,,,0.731,0.097,
1791426146.8185327,0.4302,0.3646,0.5695,0.4302,0.4998,0.7538,0.7006,0.4302,0.7006,0.1557,0.2458,0.3646,0.3646,0.0737,0.0246,0.0123,0.0164,0.3370,0.5340,,0.1970,,63.96,,,,0.725,0.096,
1791426146.852621,0.4302,0.5695,0.7006,0.5695,0.3646,0.7006,0.6350,0.4302,0.7006,0.1557,0.0410,0.4302,0.4998,0.0574,0.0737,0.1966,0.2458,0.3370,0.5365,,0.1995,,63.91,,,,0.669,0.097,
1791426146.892277,0.4302,0.4302,0.4998,0.4302,0.4998,0.8030,0.7538,0.6350,0.6350,0.1966,0.1966,0.2991,0.4998,0.0410,0.0369,0.0737,0.0205,0.3370,0.5350,,0.1980,,63.61,,,,,0.098,
1791426146.9237173,0.4302,0.6350,0.7538,0.4302,0.5695,0.8440,0.6350,0.6350,0.9054,0.1557,0.1966,0.2458,0.4302,0.0369,0.0369,0.1229,0.0574,0.3370,0.5330,,0.1960,,63.58,,,,,0.098,
1791426146.9551501,0.5695,0.6350,0.5695,0.2991,0.4302,0.7006,0.7538,0.7538,0.8030,0.0737,0.2458,0.4302,0.4998,0.0369,0.0410,0.1229,0.0205,0.3370,0.5335,,0.1965,,63.97,,,,0.702,0.096,
1791426146.9873352,0.4302,0.6350,0.6350,0.6350,0.4302,0.7538,0.7006,0.7006,0.7006,0.1557,0.0574,0.1557,0.2991,0.0369,0.0369,0.1966,0.0123,0.3370,0.5320,,0.1950,,64.16,,,,,0.095,
1791426147.0188386,0.4302,0.4302,0.7538,0.5695,0.4998,0.8440,0.6350,0.7006,0.5695,0.2458,0.0737,0.5695,0.5695,0.0369,0.0410,0.0205,0.0205,0.3370,0.5320,0.6820,0.1950,0.1500,63.75,27.49,,,0.734,0.097,
1791426147.0524511,0.5695,0.5695,0.7006,0.3646,0.4998,0.6350,0.8030,0.6350,0.6350,0.1557,0.0737,0.3646,0.4302,0.0205,0.0574,0.0205,0.0246,0.3370,0.5325,,0.1955,,63.92,27.13,,,0.773,0.096,
1791426147.0860426,0.4998,0.6350,0.7538,0.4998,0.4302,0.7538,0.8030,0.7006,0.7006,0.1557,0.3646,0.1557,0.2991,0.0369,0.0574,0.0123,0.0164,0.3400,0.5330,,0.1930,,64.13,27.25,,128.6,,0.095,1.344
1791426147.1197436,0.6350,0.4998,0.7538,0.4998,0.4302,0.7006,0.6350,0.6350,0.5695,0.1966,0.1229,0.3646,0.4998,0.0123,0.0123,0.1557,0.1557,0.3400,0.5335,,0.1935,,64.32,27.19,,129.1,0.730,0.094,
1791426147.1526616,0.5695,0.4998,0.5695,0.4302,0.6350,0.7538,0.8440,0.4302,0.7538,0.1229,0.2991,0.2458,0.4302,0.0246,0.0410,0.0164,0.0205,0.3360,0.5330,,0.1970,,64.22,27.30,,129.1,,0.094,
1791426147.1916761,0.4998,0.5695,0.7538,0.4302,0.5695,0.7006,0.7538,0.7006,0.5695,0.1557,0.0737,0.1966,0.5695,0.0574,0.0369,0.0246,0.0246,0.3370,0.5330,,0.1960,,64.45,27.33,,127.6,,0.094,
1791426147.2223692,0.4302,0.6350,0.7538,0.3646,0.4998,0.5695,0.7006,0.7006,0.7006,0.1557,0.1557,0.2458,0.2991,0.0369,0.0369,0.0123,0.0123,0.3370,0.5325,,0.1955,,64.35,27.40,,128.5,,0.094,
1791426147.2536032,0.4998,0.5695,0.7006,0.5695,0.4302,0.5695,0.7006,0.5695,0.6350,0.1966,0.0574,0.3646,0.2991,0.0410,0.0410,0.0164,0.0205,0.3400,0.5315,,0.1915,,64.41,27.45,,126.9,,0.093,
1791426147.28576,0.4302,0.6350,0.7006,0.4302,0.4998,0.7006,0.6350,0.6350,0.6350,0.1966,0.1966,0.2458,0.2991,0.0246,0.0369,0.1557,0.0123,0.3370,0.5325,,0.1955,,64.60,27.45,,128.4,,0.093,
1791426147.3193758,0.4998,0.4302,0.7538,0.3646,0.4998,0.7006,0.7006,0.7006,0.7006,0.1229,0.2991,0.2991,0.4302,0.0205,0.0369,0.1966,0.0164,0.3360,0.5345,,0.1985,,64.30,27.37,,128.8,,0.094,
1791426147.3529577,0.4302,0.5695,0.7538,0.3646,0.4998,0.7538,0.5695,0.4998,0.7538,0.1557,0.2991,0.4302,0.4302,0.0369,0.0410,0.0246,0.0164,0.3380,0.5325,,0.1945,,64.10,27.25,,129.1,0.740,0.095,
1791426147.385702,0.4302,0.6350,0.7006,0.4998,0.4998,0.7006,0.5695,0.5695,0.6350,0.0410,0.1966,0.2458,0.4302,0.0246,0.0410,0.0123,0.0164,0.3360,0.5315,,0.1955,,63.71,27.07,,121.8,,0.097,
1791426147.4194326,0.4302,0.4998,0.7006,0.4302,0.5695,0.8030,0.7538,0.8030,0.7006,0.1557,0.0942,0.3646,0.3646,0.0246,0.0246,0.1966,0.1229,0.3360,0.5355,,0.1995,,63.59,27.35,,123.1,0.673,0.097,
1791426147.4586456,0.3646,0.6350,0.6350,0.4302,0.4302,0.8030,0.7006,0.5695,0.7538,0.1557,0.0574,0.4998,0.4302,0.0737,0.0369,0.2991,0.1966,0.3350,0.5325,,0.1975,,63.15,27.25,,125.1,0.739,0.099,
1791426147.48946,0.4302,0.7006,0.5695,0.4302,0.4998,0.5695,0.7006,0.4998,0.6350,0.0942,0.2458,0.2991,0.4998,0.0737,0.0574,0.1966,0.1557,0.3360,0.5345,,0.1985,,62.50,27.11,,126.7,,0.102,
1791426147.5211265,0.2991,0.4998,0.7006,0.4302,0.4302,0.7538,0.7006,0.6350,0.6350,0.2991,0.1966,0.2458,0.2458,0.0369,0.0369,0.0164,0.1557,,0.5325,,,,62.50,27.11,,127.7,,0.102,
1791426147.5531836,0.2991,0.5695,0.7538,0.4998,0.4998,0.7006,0.6350,0.7006,0.8030,0.1557,0.0369,0.2458,0.2458,0.0574,0.0410,0.1966,0.1557,,0.5355,,,,62.50,,,123.4,,0.102,
1791426147.586565,0.4998,0.5695,0.4998,0.6350,0.4998,0.6350,0.8030,0.7006,0.7538,0.1557,0.2458,0.1966,0.1966,0.0410,0.0205,0.0205,0.0164,0.3370,0.5355,,0.1985,,62.71,,,126.1,,0.102,
1791426147.6209788,0.7006,0.5695,0.7006,0.3646,0.4998,0.7006,0.7538,0.7006,0.6350,0.1557,0.1557,0.3646,0.2991,0.0205,0.0574,0.0164,0.0164,0.3400,0.5350,,0.1950,,62.82,,,,,0.101,
1791426147.653162,0.4302,0.4302,0.5695,0.4998,0.4998,0.8030,0.7006,0.4302,0.6350,0.1229,0.1229,0.3646,0.4302,0.0410,0.0205,0.0082,0.0123,0.3360,0.5350,,0.1990,,63.06,,,,0.718,0.100,
1791426147.6874924,0.5695,0.7538,0.6350,0.3646,0.4998,0.8030,0.7006,0.7006,0.6350,0.1557,0.3646,0.4998,0.5695,0.0246,0.0205,0.1229,0.0574,0.3370,0.5325,,0.1955,,63.53,,,129.1,0.775,0.098,1.357
1791426147.726103,0.4302,0.3646,0.7006,0.3646,0.3646,0.7006,0.7006,0.6350,0.6350,0.4302,0.0574,0.1966,0.2458,0.0246,0.0410,0.1229,0.1966,0.3370,0.5350,,0.1980,,63.79,,143.6,128.2,,0.097,1.163
1791426147.7572806,0.4302,0.4998,0.5695,0.4998,0.3646,0.7006,0.7006,0.7538,0.7006,0.0369,0.0410,0.2458,0.4302,0.0246,0.0574,0.0123,0.0205,0.3370,0.5315,,0.1945,,64.05,,142.7,127.8,,0.096,
1791426147.7895906,0.4998,0.6350,0.5695,0.5695,0.4302,0.8440,0.7006,0.4998,0.5695,0.1966,0.0369,0.4302,0.3646,0.0410,0.0369,0.0123,0.0164,0.3370,0.5325,,0.1955,,64.47,,142.7,126.2,0.681,0.094,
1791426147.820687,0.4998,0.5695,0.7538,0.4998,0.4302,0.7538,0.6350,0.3646,0.7006,0.1966,0.2458,0.1966,0.1966,0.0369,0.0369,0.0942,0.0205,0.3370,0.5315,,0.1945,,64.00,,143.2,127.9,,0.096,
1791426147.8533201,0.4998,0.4302,0.7538,0.4998,0.4302,0.7538,0.7538,0.4302,0.7538,0.0942,0.1966,0.4998,0.5695,0.0410,0.0410,0.0123,0.0205,0.3370,0.5335,,0.1965,,64.26,,143.3,128.5,0.724,0.095,
1791426147.8868237,0.5695,0.4998,0.8030,0.4998,0.5695,0.7538,0.6350,0.6350,0.6350,0.1966,0.1557,0.2991,0.4302,0.0410,0.0246,0.0737,0.0205,0.3370,0.5325,,0.1955,,63.77,,143.4,128.8,,0.097,
1791426147.9209836,0.4998,0.6350,0.4302,0.3646,0.5695,0.7538,0.7538,0.5695,0.7538,0.1966,0.0410,0.2991,0.3646,0.0205,0.0205,0.0164,0.0205,0.3390,0.5335,,0.1945,,64.25,,144.0,127.4,,0.094,
1791426147.953604,0.4302,0.4302,0.8030,0.5695,0.4998,0.6350,0.7006,0.4302,0.7006,0.1557,0.1229,0.3646,0.2458,0.0205,0.0246,0.0123,0.0164,0.3360,0.5345,,0.1985,,63.95,,144.4,127.9,,0.096,
1791426147.987419,0.4998,0.6350,0.7538,0.4302,0.5695,0.2991,0.7006,0.6350,0.7538,0.2458,0.1229,0.2458,0.3646,0.0369,0.0369,0.0123,0.0205,0.3370,,,,,63.95,,144.4,127.9,,,
1791426148.0266924,0.4998,0.5695,0.8030,0.4998,0.4998,0.8440,0.7538,0.2458,0.8030,0.1966,0.1966,0.1966,0.2458,0.0246,0.0205,0.1557,0.0164,0.3380,0.5330,,0.1950,,64.50,,145.2,130.0,,0.094,
1791426148.0575,0.4302,0.4998,0.7538,0.5695,0.4302,0.7006,0.7006,0.5695,0.6350,0.0369,0.1966,0.1966,0.2458,0.0737,0.0369,0.0410,0.0369,0.3400,0.5330,,0.1930,,64.54,,136.2,130.6,,0.093,
1791426148.0887666,0.4302,0.4302,0.4998,0.4998,0.4302,0.8440,0.6350,0.4998,0.5695,0.0410,0.0737,0.1966,0.2991,0.0574,0.0574,0.0164,0.0246,0.3370,0.5330,,0.1960,,64.39,,135.7,129.4,,0.094,
1791426148.1209815,0.4302,0.4998,0.6350,0.4998,0.4998,0.7006,0.7538,0.6350,0.7006,0.1229,0.0246,0.3646,0.4302,0.0410,0.0737,0.0246,0.0246,0.3360,0.5330,,0.1970,,64.28,,137.4,128.6,0.672,0.094,
1791426148.1538904,0.5695,0.4998,0.6350,0.4302,0.5695,0.6350,0.7006,0.4998,0.7006,0.1229,0.0246,0.4998,0.5695,0.0369,0.0410,0.0369,0.0205,0.3390,0.5315,,0.1925,,64.42,,138.7,127.9,0.755,0.093,
1791426148.1877759,0.4302,0.7538,0.7538,0.4302,0.6350,0.8030,0.5695,0.7006,0.7538,0.1557,0.1229,0.2991,0.3646,0.0205,0.0369,0.0369,0.0369,0.3360,0.5315,,0.1955,,64.12,,140.8,128.1,,0.095,
1791426148.220417,0.5695,0.5695,0.6350,0.4998,0.3646,0.8440,0.5695,0.6350,0.7006,0.1966,0.1557,0.1557,0.4302,0.0246,0.0737,0.0164,0.0123,0.3380,0.5355,,0.1975,,64.26,,140.8,,,0.094,
1791426148.2536447,0.3646,0.4302,0.6350,0.7006,0.4302,0.7006,0.7006,0.4302,0.7006,0.2458,0.1966,0.1966,0.2991,0.0410,0.0574,0.0246,0.0246,0.3360,0.5315,,0.1955,,64.10,,,,,0.095,
1791426148.2929626,0.4998,0.5695,0.8030,0.3646,0.3646,0.5695,0.7006,0.6350,0.6350,0.0574,0.1966,0.3646,0.2991,0.0164,0.0737,0.0123,0.0164,0.3380,0.5355,,0.1975,,63.94,,,,,0.096,
1791426148.3239462,0.4998,0.5695,0.8030,0.4998,0.3646,0.5695,0.7006,0.4998,0.5695,0.1557,0.2458,0.2458,0.2991,0.0205,0.0410,0.0164,0.0369,0.3390,0.5335,,0.1945,,63.51,,,,,0.098,
1791426148.355403,0.4302,0.4998,0.5695,0.4998,0.2991,0.7538,0.5695,0.6350,0.7006,0.1557,0.2458,0.4302,0.3646,0.0942,0.0574,0.0082,0.0410,0.3370,0.5345,,0.1975,,63.93,,,,0.720,0.096,
1791426148.3875835,0.6350,0.6350,0.8030,0.2991,0.4302,0.7538,0.7538,0.7006,0.8030,0.0737,0.1966,0.4302,0.4998,0.0205,0.0246,0.0123,0.0164,0.3380,0.5340,,0.1960,,64.28,,,,0.719,0.094,
1791426148.4212325,0.6350,0.5695,0.5695,0.4998,0.5695,0.7006,0.7006,0.6350,0.7538,0.1229,0.1557,0.4302,0.3646,0.0737,0.0369,0.0082,0.0164,0.3370,0.5320,,0.1950,,64.24,,,,0.729,0.095,
1791426148.4541335,0.4998,0.5695,0.4302,0.4302,0.4302,0.7538,0.6350,0.3646,0.8030,0.2458,0.2991,0.2991,0.3646,0.0574,0.0369,0.0737,0.0574,0.3380,0.5345,,0.1965,,65.02,,,,,0.091,
1791426148.4877932,0.2991,0.7006,0.8030,0.3646,0.4998,0.5695,0.7006,0.7006,0.4998,0.1557,0.0410,0.4302,0.4998,0.0574,0.0574,0.0205,0.0164,,0.5365,,,,65.02,,,,0.675,0.091,
1791426148.5207143,0.3646,0.6350,0.4998,0.4302,0.4302,0.7006,0.7006,0.6350,0.7538,0.1229,0.1966,0.2991,0.2991,0.0246,0.0410,0.0574,0.0410,0.3390,0.5320,,0.1930,,64.71,,,,,0.092,
1791426148.559443,0.3646,0.4998,0.5695,0.4302,0.3646,0.6350,0.6350,0.4302,0.4998,0.2458,0.2458,0.4998,0.4998,0.0410,0.0410,0.0574,0.0574,0.3370,0.5320,,0.1950,,64.65,,,,0.750,0.093,
1791426148.5916555,0.4998,0.7538,0.8030,0.4302,0.3646,0.7538,0.7538,0.7538,0.7006,0.0942,0.1966,0.2458,0.2991,0.0246,0.0574,0.0123,0.0164,0.3370,0.5320,,0.1950,,65.01,,,,,0.091,
1791426148.6227264,0.6350,0.6350,0.7538,0.4302,0.3646,0.8030,0.7006,0.6350,0.6350,0.1557,0.0942,0.3646,0.4998,0.0205,0.0737,0.0205,0.0205,0.3370,0.5350,,0.1980,,64.74,,,,0.709,0.092,
1791426148.6544328,0.4302,0.5695,0.7006,0.2991,0.5695,0.8030,0.7006,0.6350,0.7538,0.1229,0.0410,0.3646,0.4302,0.0574,0.0574,0.0082,0.0123,0.3410,0.5330,,0.1920,,64.59,,,,0.718,0.093,
1791426148.6885061,0.6350,0.7006,0.6350,0.4998,0.4998,0.7006,0.7538,0.6350,0.7538,0.1557,0.0737,0.2458,0.3646,0.0737,0.0369,0.0574,0.0369,0.3370,0.5325,,0.1955,,64.04,,,,,0.095,
1791426148.7210417,0.4302,0.7538,0.5695,0.5695,0.4998,0.8030,0.7006,0.8030,0.6350,0.2458,0.1557,0.2458,0.3646,0.0205,0.0410,0.0123,0.0205,0.3390,0.5360,,0.1970,,64.13,,,,,0.095,
1791426148.7547846,0.4302,0.4998,0.7538,0.3646,0.5695,0.7006,0.7538,0.5695,0.6350,0.0574,0.0574,0.4302,0.4302,0.0410,0.0737,0.0123,0.0164,0.3370,0.5325,,0.1955,,64.52,,,,0.762,0.093,
1791426148.7876127,0.5695,0.4302,0.6350,0.4998,0.4998,0.7006,0.5695,0.5695,0.7538,0.1966,0.1557,0.2458,0.2458,0.0942,0.0574,0.0082,0.0082,0.3370,0.5335,,0.1965,,64.75,,,,,0.092,
1791426148.8264322,0.5695,0.5695,0.6350,0.5695,0.6350,0.8030,0.7538,0.6350,0.6350,0.1229,0.1557,0.4302,0.4998,0.0369,0.0574,0.0082,0.0205,0.3380,0.5335,,0.1955,,64.56,,,,0.732,0.093,
1791426148.859135,0.6350,0.4998,0.7538,0.6350,0.5695,0.7006,0.7006,0.7538,0.5695,0.1966,0.0574,0.2991,0.5695,0.0410,0.0369,0.0205,0.0246,0.3370,0.5340,,0.1970,,64.29,,,,,0.094,
1791426148.8909364,0.5695,0.6350,0.4998,0.4998,0.5695,0.7006,0.8440,0.7006,0.5695,0.2458,0.0410,0.4302,0.4302,0.0205,0.0246,0.0164,0.0246,0.3370,0.5335,,0.1965,,64.95,,,,0.704,0.092,
1791426148.9219775,0.4302,0.4998,0.8030,0.4998,0.7006,0.7006,0.7538,0.7538,0.6350,0.1557,0.0246,0.4302,0.4998,0.0246,0.0737,0.0205,0.0123,0.3390,0.5325,,0.1935,,64.92,,,,0.707,0.092,
1791426148.956629,0.4302,0.4998,0.7538,0.7006,0.4998,0.8440,0.7006,0.6350,0.6350,0.2991,0.1557,0.2991,0.4998,0.0410,0.0737,0.0205,0.0246,0.3370,0.5320,,0.1950,,64.94,,,,,0.091,
1791426148.9883032,0.4302,0.7006,0.7538,0.4302,0.5695,0.7006,0.8030,0.7006,0.7538,0.1557,0.1966,0.2991,0.3646,0.0369,0.0369,0.0082,0.0164,0.3370,0.5315,,0.1945,,64.88,,,,,0.092,
1791426149.023644,0.3646,0.5695,0.6350,0.4998,0.5695,0.7538,0.7006,0.4998,0.6350,0.1966,0.1966,0.2458,0.2991,0.0246,0.0737,0.0123,0.0205,0.3400,0.5350,,0.1950,,64.71,,,,,0.092,
1791426149.0639474,0.4302,0.7006,0.8440,0.4998,0.4998,0.8440,0.6350,0.4302,0.5695,0.1557,0.1966,0.3646,0.4302,0.0246,0.0369,0.0410,0.1557,0.3370,0.5345,,0.1975,,64.99,,,,0.687,0.091,
1791426149.0941837,0.4998,0.7538,0.5695,0.5695,0.4998,0.7006,0.7538,0.4998,0.7006,0.0246,0.1557,0.2991,0.5695,0.0369,0.0574,0.0123,0.0164,0.3380,0.5335,,0.1955,,64.61,,,,,0.093,
1791426149.1257265,0.5695,0.7006,0.6350,0.4302,0.5695,0.7006,0.7006,0.4998,0.6350,0.1229,0.1557,0.2458,0.5695,0.0410,0.0246,0.0205,0.0369,0.3370,0.5325,,0.1955,,64.64,,,,,0.093,
1791426149.1566837,0.5695,0.5695,0.8030,0.4998,0.4302,0.6350,0.8030,0.7538,0.6350,0.1966,0.1557,0.2458,0.2991,0.0205,0.0123,0.0123,0.0123,0.3370,0.5340,,0.1970,,64.51,,,,,0.093,
1791426149.1889927,0.4998,0.5695,0.7538,0.4998,0.4302,0.6350,0.4302,0.7006,0.5695,0.0246,0.1966,0.4302,0.3646,0.0369,0.0369,0.0082,0.0123,0.3370,0.5355,,0.1985,,64.81,,,,0.683,0.092,
1791426149.222571,0.4302,0.5695,0.6350,0.4302,0.3646,0.7006,0.7006,0.4998,0.7538,0.1966,0.1557,0.2991,0.3646,0.0410,0.0737,0.0164,0.0164,0.3370,0.5355,,0.1985,,65.18,,,,,0.091,
1791426149.2551675,0.4998,0.6350,0.4302,0.4302,0.6350,0.7538,0.8030,0.5695,0.5695,0.1557,0.0942,0.4998,0.4302,0.0205,0.0410,0.0574,0.0410,0.3370,0.5320,,0.1950,,65.25,,,,0.784,0.091,
1791426149.2884295,0.5695,0.4302,0.7006,0.5695,0.4998,0.7538,0.7538,0.7006,0.6350,0.0246,0.0246,0.4302,0.4998,0.0205,0.0574,0.0082,0.0123,0.3400,0.5360,,0.1960,,64.94,,,,0.685,0.092,
1791426149.3222346,0.6350,0.7006,0.5695,0.5695,0.4998,0.8030,0.6350,0.6350,0.5695,0.1557,0.2458,0.4998,0.4302,0.0369,0.0246,0.0164,0.0246,0.3370,0.5350,,0.1980,,64.88,,,,0.732,0.092,
1791426149.3608477,0.6350,0.5695,0.6350,0.4302,0.5695,0.7006,0.7538,0.4998,0.6350,0.0369,0.2458,0.2458,0.1966,0.0369,0.0410,0.0205,0.0246,0.3370,0.5325,,0.1955,,64.61,,,,,0.093,
1791426149.393129,0.6350,0.7538,0.7538,0.4302,0.3646,0.7538,0.6350,0.3646,0.6350,0.1557,0.1229,0.2458,0.4302,0.0246,0.0246,0.0246,0.0369,0.3370,0.5315,,0.1945,,64.45,,,,,0.094,
1791426149.42376,0.4302,0.8030,0.5695,0.4302,0.4998,0.7538,0.7538,0.5695,0.5695,0.1229,0.0410,0.2991,0.3646,0.0205,0.0574,0.0123,0.0164,0.3370,0.5335,,0.1965,,64.44,,,,,0.094,
1791426149.4546356,0.4998,0.8030,0.8030,0.3646,0.7006,0.8440,0.7538,0.7006,0.7006,0.1229,0.0574,0.3646,0.3646,0.0410,0.0410,0.0123,0.0205,0.3400,0.5315,,0.1915,,64.61,,,,0.702,0.093,
1791426149.488127,0.6350,0.4302,0.4998,0.4998,0.5695,0.8030,0.7006,0.7538,0.6350,0.0369,0.0369,0.3646,0.2991,0.0123,0.0246,0.0205,0.0205,0.3370,0.5310,,0.1940,,64.83,,,,,0.092,
1791426149.522297,0.6350,0.8030,0.5695,0.4998,0.5695,0.7538,0.7006,0.7538,0.4998,0.2458,0.2458,0.4302,0.4998,0.0369,0.0164,0.0246,0.0246,0.3370,0.5335,,0.1965,,65.18,,,,0.729,0.090,
1791426149.5547056,0.6350,0.6350,0.7006,0.5695,0.6350,0.7538,0.7538,0.6350,0.7006,0.1229,0.0410,0.4302,0.4302,0.0410,0.0246,0.0123,0.0246,0.3400,0.5340,,0.1940,,65.21,,,,0.688,0.090,
1791426149.5887158,0.5695,0.7538,0.6350,0.5695,0.4998,0.7538,0.6350,0.7538,0.5695,0.1229,0.0410,0.4302,0.3646,0.0737,0.0410,0.0082,0.0246,0.3370,0.5335,,0.1965,,65.56,,,,0.680,0.089,
1791426149.6275764,0.1966,0.7538,0.5695,0.4302,0.5695,0.7538,0.7006,0.6350,0.6350,0.1557,0.1557,0.3646,0.3646,0.0410,0.0369,0.0737,0.0205,,0.5315,,,,65.56,,,,0.736,0.089,
1791426149.6586719,0.2458,0.7006,0.7006,0.4998,0.5695,0.7538,0.6350,0.7006,0.5695,0.0205,0.0410,0.4998,0.4302,0.0164,0.0246,0.0737,0.0246,,0.5315,,,,65.56,,,,0.753,0.089,
1791426149.6898928,0.3646,0.7538,0.4302,0.7538,0.4998,0.6350,0.8030,0.4998,0.7006,0.0410,0.0574,0.3646,0.1966,0.0369,0.0164,0.0574,0.0205,0.3400,0.5325,,0.1925,,65.63,,,,,0.088,
1791426149.7219281,0.4302,0.5695,0.7006,0.5695,0.5695,0.8767,0.7006,0.6350,0.5695,0.1229,0.0410,0.2991,0.2991,0.0369,0.0164,0.0164,0.0205,0.3370,0.5350,,0.1980,,65.85,,,,,0.088,
1791426149.7570534,0.5695,0.4302,0.5695,0.4998,0.6350,0.7006,0.5695,0.7006,0.6350,0.1557,0.1966,0.2458,0.4302,0.0574,0.0246,0.0574,0.0246,0.3370,0.5325,,0.1955,,65.77,,,,,0.088,
1791426149.789006,0.3646,0.7006,0.4998,0.5695,0.5695,0.7006,0.7538,0.6350,0.7538,0.0369,0.0369,0.3646,0.4302,0.0246,0.0369,0.0164,0.0574,0.3360,0.5315,,0.1955,,65.51,,,,0.742,0.089,
1791426149.8231823,0.4998,0.7538,0.7006,0.4998,0.4302,0.7538,0.7006,0.7006,0.5695,0.0410,0.0246,0.2991,0.4998,0.0737,0.0246,0.0123,0.0164,0.3400,0.5365,,0.1965,,65.55,,,,,0.089,
1791426149.8558617,0.2458,0.4998,0.5695,0.5695,0.5695,0.8767,0.7006,0.4998,0.7006,0.0205,0.0737,0.3646,0.5695,0.1229,0.0246,0.0574,0.0737,,0.5325,,,,65.55,,,,0.740,0.089,
1791426149.8949082,0.6350,0.5695,0.7538,0.5695,0.4998,0.7538,0.7538,0.7538,0.5695,0.2458,0.0246,0.4998,0.2991,0.0410,0.0410,0.0205,0.0205,0.3370,0.5335,,0.1965,,65.02,,,,,0.091,
1791426149.9273367,0.5695,0.6350,0.5695,0.4302,0.3646,0.8030,0.7538,0.6350,0.6350,0.0205,0.2991,0.4302,0.4998,0.0369,0.0410,0.0164,0.0164,0.3380,0.5325,,0.1945,,65.15,,,,0.734,0.091,
1791426149.9581842,0.2991,0.4998,0.7538,0.3646,0.4998,0.7538,0.7538,0.4998,0.7006,0.0369,0.0574,0.4998,0.4302,0.0369,0.0410,0.0164,0.0246,,0.5335,,,,65.15,,,,0.714,0.091,
1791426149.990108,0.4302,0.7538,0.5695,0.3646,0.3646,0.7538,0.7538,0.6350,0.7538,0.0410,0.2458,0.2458,0.2991,0.0164,0.0369,0.0410,0.0205,0.3380,0.5330,,0.1950,,65.69,,,,,0.088,
1791426150.0222178,0.5695,0.8030,0.5695,0.4998,0.4998,0.7538,0.7538,0.7538,0.7006,0.0246,0.0410,0.2991,0.2991,0.0369,0.0246,0.0369,0.0369,0.3370,0.5340,,0.1970,,65.98,,,,,0.087,
1791426150.0556989,0.2991,0.7006,0.6350,0.6350,0.4998,0.7538,0.8030,0.5695,0.7538,0.0369,0.1229,0.3646,0.2991,0.0369,0.0410,0.0574,0.0737,,0.5340,,,,65.98,,,,,0.087,
1791426150.0895607,0.5695,0.5695,0.4302,0.4998,0.6350,0.7538,0.8030,0.2991,0.5695,0.0164,0.1229,0.1966,0.2991,0.0246,0.0737,0.0369,0.0246,0.3360,0.5320,,0.1960,,65.28,,,,,0.090,
1791426150.1236916,0.6350,0.6350,0.7006,0.4302,0.4998,0.6350,0.7538,0.7538,0.7538,0.0369,0.0410,0.3646,0.3646,0.0246,0.0246,0.0369,0.0246,0.3370,0.5355,,0.1985,,65.51,,,,0.666,0.089,
1791426150.1565788,0.4998,0.4998,0.6350,0.4998,0.5695,0.6350,0.7538,0.7538,0.7006,0.1229,0.1557,0.4302,0.4998,0.0246,0.0369,0.0574,0.0369,0.3370,0.5350,,0.1980,,65.74,,,,0.694,0.089,
1791426150.1955526,0.6350,0.6350,0.5695,0.4302,0.4998,0.8767,0.7006,0.5695,0.6350,0.1229,0.0369,0.4302,0.4302,0.0205,0.0737,0.0164,0.0737,0.3400,0.5325,,0.1925,,65.08,,,,0.752,0.091,
1791426150.22697,0.4998,0.7006,0.5695,0.5695,0.5695,0.6350,0.8767,0.6350,0.5695,0.0246,0.0737,0.2458,0.2991,0.0205,0.0737,0.0164,0.0205,0.3370,0.5325,,0.1955,,65.04,,,,,0.091,
1791426150.2593992,0.4302,0.7538,0.6350,0.3646,0.4998,0.6350,0.7006,0.3646,0.6350,0.2458,0.0942,0.2458,0.2458,0.0737,0.0574,0.0574,0.0737,0.3370,0.5315,,0.1945,,64.97,,,,,0.091,
1791426150.2897239,0.2991,0.5695,0.7538,0.4998,0.4998,0.6350,0.6350,0.5695,0.6350,0.1966,0.2991,0.1966,0.2991,0.0574,0.0369,0.0082,0.0205,,0.5325,,,,64.97,,,,,0.091,
1791426150.3234222,0.4998,0.6350,0.5695,0.4998,0.4998,0.8030,0.7538,0.5695,0.7538,0.0574,0.2458,0.3646,0.4302,0.0369,0.0574,0.0205,0.0369,0.3380,0.5320,,0.1940,,64.84,,,,0.711,0.092,
1791426150.3566682,0.5695,0.7538,0.5695,0.5695,0.4302,0.7006,0.7538,0.7006,0.4998,0.2458,0.2458,0.3646,0.2991,0.0410,0.0410,0.0574,0.0574,0.3360,0.5330,,0.1970,,64.85,,,,,0.092,
1791426150.3900685,0.4302,0.7538,0.5695,0.4998,0.4998,0.8030,0.4998,0.4998,0.7006,0.0369,0.2458,0.4998,0.2991,0.0246,0.0410,0.0082,0.0164,0.3390,0.5350,,0.1960,,65.24,,,,,0.090,
1791426150.4231257,0.4998,0.5695,0.4998,0.4998,0.4998,0.8030,0.6350,0.4302,0.6350,0.0410,0.1557,0.3646,0.4998,0.0410,0.0369,0.0164,0.0205,0.3370,0.5335,,0.1965,,64.78,,,,0.741,0.092,
1791426150.4563668,0.4302,0.7006,0.7006,0.5695,0.4998,0.7538,0.7538,0.3646,0.5695,0.1557,0.0205,0.2991,0.4302,0.0942,0.0205,0.0164,0.0205,0.3400,0.5340,,0.1940,,65.06,,,,,0.091,
1791426150.4939733,0.4998,0.6350,0.7538,0.6350,0.5695,0.8030,0.7538,0.4302,0.4998,0.2458,0.0737,0.2991,0.3646,0.0574,0.0410,0.0123,0.0123,0.3370,0.5330,,0.1960,,65.48,,,,,0.089,
1791426150.5273216,0.4302,0.5695,0.4998,0.5695,0.5695,0.7006,0.7538,0.6350,0.4998,0.0410,0.1557,0.4302,0.5695,0.0246,0.0574,0.0164,0.0205,0.3370,0.5350,,0.1980,,65.29,,,,0.691,0.090,
1791426150.5581357,0.3646,0.6350,0.6350,0.4998,0.4998,0.8030,0.5695,0.4302,0.7006,0.1966,0.1229,0.5695,0.2458,0.0205,0.0410,0.0574,0.0942,0.3400,0.5340,,0.1940,,65.53,,,,,0.089,
1791426150.5898914,0.4302,0.6350,0.7006,0.4998,0.5695,0.7006,0.6350,0.7538,0.4998,0.2991,0.0246,0.2991,0.4302,0.0942,0.0410,0.0123,0.0164,0.3400,0.5330,,0.1930,,65.66,,,,,0.088,
1791426150.623473,0.4998,0.5695,0.3646,0.4302,0.4302,0.8030,0.8440,0.4998,0.8030,0.0369,0.0410,0.2991,0.4998,0.0205,0.0369,0.0574,0.0246,0.3390,0.5355,,0.1965,,65.92,,,,,0.087,
1791426150.6569731,0.4998,0.6350,0.5695,0.4302,0.6350,0.8440,0.7538,0.5695,0.5695,0.1557,0.0942,0.2991,0.3646,0.0737,0.0410,0.0082,0.0205,0.3400,0.5325,,0.1925,,65.86,,,,,0.087,
1791426150.690189,0.6350,0.5695,0.5695,0.4998,0.5695,0.7006,0.7006,0.5695,0.7538,0.2458,0.0574,0.1557,0.2991,0.0246,0.0410,0.0369,0.0205,0.3400,0.5345,,0.1945,,65.61,,,,,0.088,
1791426150.7232907,0.2991,0.4998,0.5695,0.2991,0.4302,0.7538,0.8030,0.4998,0.8440,0.0369,0.1229,0.2991,0.4302,0.0369,0.0574,0.0123,0.0574,,0.5335,,,,65.61,,,,,0.088,
1791426150.7565148,0.2991,0.4998,0.6350,0.5695,0.3646,0.8440,0.8030,0.4302,0.6350,0.0369,0.1966,0.4998,0.4998,0.1229,0.0369,0.0164,0.0205,,0.5325,,,,65.61,,,,0.716,0.088,
1791426150.7954543,0.5695,0.5695,0.5695,0.4998,0.4998,0.7006,0.8440,0.6350,0.5695,0.2458,0.1229,0.2991,0.4302,0.0205,0.0369,0.0123,0.0164,0.3370,0.5350,,0.1980,,65.54,,,,,0.089,
1791426150.8263593,0.3646,0.8440,0.7006,0.5695,0.4998,0.7538,0.6350,0.6350,0.7006,0.1229,0.1966,0.2991,0.4302,0.0205,0.0410,0.0123,0.0205,0.3370,0.5320,,0.1950,,65.30,,,,,0.090,
1791426150.858505,0.2458,0.5695,0.5695,0.4998,0.4998,0.8030,0.7006,0.5695,0.5695,0.1557,0.1966,0.1557,0.1966,0.0246,0.0246,0.0574,0.0123,,0.5320,,,,65.30,,,,,0.090,
1791426150.890533,0.5695,0.4302,0.7006,0.4998,0.6350,0.7538,0.7538,0.7006,0.8030,0.1229,0.1557,0.2991,0.4302,0.0246,0.0369,0.0410,0.0369,0.3370,0.5345,,0.1975,,65.11,,,,,0.091,
1791426150.92309,0.2458,0.5695,0.6350,0.4302,0.4302,0.8030,0.7006,0.4998,0.6350,0.1966,0.0369,0.1966,0.4302,0.0737,0.0410,0.0205,0.0369,,0.5335,,,,65.11,,,,,0.091,
1791426150.9565315,0.4998,0.6350,0.7538,0.4998,0.4998,0.8767,0.7538,0.6350,0.7538,0.1229,0.0410,0.4302,0.4998,0.0205,0.0410,0.0082,0.0082,0.3390,0.5325,,0.1935,,65.15,,,,0.728,0.090,
1791426150.9908178,0.6350,0.7006,0.7538,0.5695,0.5695,0.6350,0.7006,0.5695,0.4998,0.1966,0.0942,0.2991,0.3646,0.0410,0.0205,0.0205,0.0369,0.3400,0.5330,,0.1930,,65.37,,,,,0.089,
1791426151.023169,0.4302,0.5695,0.5695,0.6350,0.6350,0.7538,0.7538,0.7006,0.4302,0.1557,0.1557,0.1966,0.2991,0.0246,0.0410,0.0205,0.0205,0.3370,0.5325,,0.1955,,65.41,,,,,0.089,
1791426151.0575721,0.4302,0.5695,0.4998,0.4998,0.4998,0.8030,0.7006,0.4998,0.6350,0.0205,0.2458,0.2991,0.4302,0.0574,0.0246,0.0410,0.0369,0.3370,0.5345,,0.1975,,65.77,,,,,0.088,
1791426151.096355,0.5695,0.7538,0.8030,0.5695,0.4998,0.7006,0.5695,0.4302,0.7538,0.1966,0.0369,0.4998,0.5695,0.0410,0.0205,0.0246,0.0246,0.3400,0.5355,,0.1955,,65.66,,,,0.687,0.088,
1791426151.1280003,0.4302,0.7538,0.8030,0.3646,0.6350,0.8440,0.7538,0.6350,0.7538,0.2991,0.0942,0.4302,0.4302,0.0369,0.0410,0.0574,0.0574,0.3370,0.5345,,0.1975,,65.81,,,,0.707,0.088,
1791426151.1600525,0.7006,0.7006,0.5695,0.6350,0.5695,0.8440,0.7538,0.7538,0.6350,0.1557,0.1557,0.1966,0.2458,0.0737,0.0369,0.0205,0.0205,0.3400,0.5340,,0.1940,,65.74,,,,,0.088,
1791426151.1908603,0.4302,0.8030,0.7538,0.4998,0.4998,0.7538,0.5695,0.7538,0.5695,0.0246,0.1229,0.4302,0.4998,0.0246,0.0410,0.0410,0.0246,0.3370,0.5355,,0.1985,,65.32,,,,0.701,0.090,
1791426151.223697,0.4998,0.7006,0.7538,0.4998,0.6350,0.7538,0.7006,0.7006,0.6350,0.1229,0.1557,0.1557,0.3646,0.0369,0.0369,0.0574,0.0205,0.3370,0.5345,,0.1975,,65.05,,,,,0.091,
1791426151.2570288,0.5695,0.7006,0.7006,0.5695,0.4998,0.8030,0.4998,0.7538,0.8030,0.0205,0.0369,0.3646,0.3646,0.0246,0.0574,0.0574,0.0205,0.3390,0.5355,,0.1965,,64.85,,,,0.667,0.092,
1791426151.2903652,0.2991,0.5695,0.5695,0.7006,0.3646,0.7538,0.6350,0.6350,0.5695,0.0369,0.1966,0.4302,0.4302,0.0205,0.0737,0.0410,0.0205,,0.5335,,,,64.85,,,,0.709,0.092,
1791426151.3240871,0.4998,0.8440,0.4998,0.6350,0.5695,0.8030,0.5695,0.6350,0.6350,0.1229,0.0246,0.4302,0.4998,0.0737,0.0410,0.0205,0.0369,0.3380,0.5355,,0.1975,,64.67,,,,0.702,0.093,
1791426151.3570497,0.4302,0.7538,0.7006,0.6350,0.3646,0.7538,0.7006,0.5695,0.6350,0.1557,0.0410,0.2991,0.4302,0.0205,0.0205,0.0574,0.0737,0.3390,0.5320,,0.1930,,64.70,,,,,0.093,
1791426151.390886,0.4998,0.5695,0.5695,0.6350,0.6350,0.7006,0.7006,0.6350,0.7538,0.1966,0.1229,0.4302,0.5695,0.0369,0.0574,0.0205,0.0246,0.3390,0.5325,,0.1935,,64.74,,,,0.725,0.092,
1791426151.4285176,0.4998,0.7006,0.7006,0.4302,0.5695,0.8030,0.8440,0.6350,0.7006,0.2458,0.0369,0.3646,0.4998,0.0246,0.0164,0.0164,0.0246,0.3400,0.5355,,0.1955,,64.22,,,,0.693,0.094,
1791426151.460504,0.4302,0.8030,0.6350,0.6350,0.4998,0.4998,0.7538,0.4302,0.7538,0.2991,0.1557,0.4302,0.2991,0.0574,0.0410,0.0123,0.0164,0.3400,0.5325,,0.1925,,64.72,,,,,0.092,
1791426151.4924712,0.5695,0.7006,0.7006,0.5695,0.4998,0.8030,0.7538,0.5695,0.7006,0.2991,0.1966,0.2991,0.2458,0.0574,0.0246,0.0574,0.0082,0.3370,0.5355,,0.1985,,64.56,,,,,0.093,
1791426151.5248492,0.4998,0.5695,0.6350,0.5695,0.3646,0.8030,0.7006,0.5695,0.6350,0.2458,0.2458,0.4302,0.4998,0.0369,0.0246,0.1966,0.0246,0.3370,0.5350,,0.1980,,64.14,,,,0.709,0.095,
1791426151.5577266,0.4302,0.5695,0.7006,0.4998,0.6350,0.8440,0.7006,0.5695,0.6350,0.1966,0.1557,0.3646,0.4302,0.0205,0.0205,0.1229,0.0123,0.3360,0.5320,,0.1960,,63.49,,,,0.756,0.098,
1791426151.591379,0.4998,0.7006,0.6350,0.3646,0.7006,0.7538,0.7538,0.6350,0.7006,0.2458,0.0574,0.2991,0.3646,0.0410,0.0369,0.3646,0.0205,0.3370,0.5350,,0.1980,,63.71,,,,,0.097,
1791426151.6246307,0.5695,0.5695,0.8030,0.4998,0.4302,0.7006,0.7006,0.6350,0.5695,0.1557,0.0942,0.2991,0.3646,0.0246,0.0410,0.0246,0.0369,0.3440,0.5325,,0.1885,,63.46,,,,,0.097,
1791426151.657588,0.4998,0.4302,0.7006,0.5695,0.4998,0.7006,0.7006,0.7006,0.7006,0.1557,0.1229,0.2991,0.4302,0.0369,0.0410,0.0205,0.0246,0.3440,0.5360,,0.1920,,63.53,,,,,0.097,
1791426151.6912737,0.3646,0.7006,0.7006,0.5695,0.4998,0.7006,0.6350,0.7006,0.3646,0.1229,0.1557,0.4302,0.4302,0.0164,0.0410,0.1557,0.1229,0.3390,0.5355,,0.1965,,63.58,,,,0.668,0.097,
1791426151.7296317,0.4998,0.7006,0.7006,0.4998,0.6350,0.5695,0.6350,0.4998,0.7538,0.0205,0.0574,0.2458,0.2458,0.0205,0.0737,0.0574,0.0205,0.3410,0.5355,,0.1945,,63.73,,,,,0.096,
1791426151.7612574,0.4302,0.7006,0.7006,0.4302,0.6350,0.7538,0.6350,0.5695,0.7538,0.1557,0.1557,0.4302,0.5695,0.0205,0.0205,0.0737,0.0574,0.3370,0.5325,,0.1955,,64.02,,,,0.739,0.095,
1791426151.7943468,0.4998,0.8030,0.6350,0.4998,0.6350,0.7538,0.8440,0.5695,0.7006,0.3646,0.1966,0.2458,0.2991,0.0369,0.0410,0.0082,0.0246,0.3380,0.5335,,0.1955,,64.03,,138.4,,,0.095,1.228
1791426151.8256094,0.4302,0.6350,0.4998,0.5695,0.6350,0.8030,0.8030,0.6350,0.7538,0.1557,0.2458,0.2458,0.4302,0.0369,0.0205,0.0410,0.0123,0.3400,0.5355,,0.1955,,63.77,,139.9,,,0.096,
1791426151.8581023,0.3646,0.7538,0.8030,0.5695,0.5695,0.7006,0.4998,0.4302,0.6350,0.0246,0.1557,0.1966,0.2991,0.0246,0.0574,0.0574,0.0574,0.3380,0.5350,,0.1970,,64.07,,129.0,,,0.095,
1791426151.8919146,0.5695,0.6350,0.7538,0.5695,0.5695,0.7538,0.8030,0.6350,0.5695,0.1229,0.2458,0.1966,0.3646,0.0369,0.0123,0.0205,0.0574,0.3400,0.5335,,0.1935,,64.24,,132.9,,,0.094,
1791426151.9253263,0.5695,0.5695,0.7006,0.5695,0.7006,0.7538,0.7538,0.5695,0.6350,0.1557,0.0942,0.3646,0.4998,0.0246,0.0410,0.0574,0.0574,0.3400,0.5335,,0.1935,,64.91,,135.9,,0.700,0.091,
1791426151.9587154,0.4998,0.6350,0.7006,0.5695,0.4998,0.8030,0.8030,0.4998,0.6350,0.0205,0.1966,0.2991,0.2458,0.0410,0.0574,0.0082,0.0246,0.3370,0.5325,,0.1955,,64.98,,127.4,,,0.091,
1791426151.9918468,0.4998,0.7538,0.5695,0.4998,0.5695,0.7006,0.7006,0.7006,0.7006,0.1229,0.0574,0.2991,0.3646,0.0246,0.0410,0.0164,0.0123,0.3410,0.5330,,0.1920,,64.59,,130.7,,,0.092,
1791426152.0311594,0.2991,0.8030,0.7006,0.4998,0.5695,0.7538,0.8030,0.7006,0.4998,0.0246,0.1229,0.2458,0.4998,0.0246,0.0246,0.0123,0.0205,,0.5325,,,,64.59,,121.8,,,0.092,
1791426152.0636163,0.4302,0.6350,0.8030,0.4302,0.4998,0.7538,0.7538,0.7006,0.5695,0.2991,0.0369,0.2991,0.4998,0.0410,0.0205,0.0123,0.0123,0.3370,0.5345,,0.1975,,64.94,,127.4,,,0.091,
1791426152.0962281,0.4998,0.6350,0.5695,0.5695,0.5695,0.7006,0.6350,0.5695,0.6350,0.0737,0.0410,0.4302,0.4302,0.0246,0.0246,0.0164,0.0574,0.3400,0.5325,,0.1925,,65.42,,130.2,,0.721,0.089,
1791426152.1272082,0.4302,0.8030,0.4302,0.5695,0.6350,0.7006,0.7006,0.6350,0.7538,0.2458,0.1966,0.1966,0.3646,0.0737,0.0574,0.0164,0.0246,0.3400,0.5340,,0.1940,,65.08,,135.1,,,0.090,
1791426152.1586685,0.4998,0.7006,0.6350,0.4302,0.4998,0.8030,0.8030,0.4998,0.7538,0.0205,0.1229,0.2458,0.3646,0.0205,0.0574,0.0205,0.0369,0.3390,0.5345,,0.1955,,65.05,,122.8,,,0.091,
1791426152.192046,0.4998,0.7006,0.6350,0.4998,0.6350,0.8030,0.6350,0.7006,0.5695,0.1966,0.1557,0.3646,0.5695,0.0574,0.0410,0.0574,0.0574,0.3370,0.5325,,0.1955,,64.88,,129.0,,0.759,0.091,
1791426152.2250495,0.5695,0.4998,0.6350,0.4302,0.4998,0.7006,0.5695,0.7006,0.6350,0.1557,0.0942,0.1966,0.2991,0.0942,0.0246,0.0246,0.0205,0.3370,0.5350,,0.1980,,65.60,,131.7,,,0.089,
1791426152.258551,0.5695,0.6350,0.7006,0.4998,0.7006,0.7538,0.7538,0.5695,0.5695,0.0246,0.1229,0.2458,0.4302,0.0737,0.0410,0.0574,0.0574,0.3370,0.5325,,0.1955,,65.45,,122.3,,,0.089,
1791426152.292125,0.4998,0.8030,0.7006,0.5695,0.7006,0.6350,0.8440,0.7538,0.7538,0.1557,0.0369,0.3646,0.4302,0.0164,0.0205,0.0123,0.0205,0.3400,0.5360,,0.1960,,64.96,,127.8,,0.687,0.091,
1791426152.325786,0.4998,0.5695,0.6350,0.4998,0.6350,0.8440,0.7006,0.5695,0.6350,0.0737,0.1557,0.1966,0.3646,0.0205,0.0246,0.0410,0.0574,0.3400,0.5335,,0.1935,,65.60,,,,,0.089,
1791426152.3647602,0.2991,0.4998,0.4998,0.4998,0.7006,0.7006,0.8440,0.4998,0.6350,0.0369,0.1557,0.4302,0.4302,0.0410,0.0246,0.0123,0.0205,,0.5330,,,,65.60,,,,0.667,0.089,
1791426152.3977242,0.4302,0.4998,0.7538,0.6350,0.4998,0.8440,0.7006,0.4998,0.7006,0.0205,0.1229,0.4302,0.5695,0.0369,0.0369,0.0574,0.0737,0.3370,0.5330,,0.1960,,65.59,,,,0.753,0.089,
1791426152.4285192,0.3646,0.7006,0.6350,0.5695,0.6350,0.7538,0.7538,0.2458,0.6350,0.1557,0.1557,0.4998,0.3646,0.0574,0.0574,0.0942,0.0205,0.3370,0.5340,,0.1970,,65.38,,,,0.669,0.090,
1791426152.459863,0.7006,0.5695,0.7006,0.4998,0.5695,0.8030,0.7538,0.2991,0.6350,0.0246,0.0410,0.2991,0.3646,0.0246,0.0205,0.0737,0.0737,0.3380,0.5325,,0.1945,,65.71,,,,,0.088,
1791426152.4923916,0.4998,0.4998,0.6350,0.4998,0.5695,0.8030,0.7538,0.3646,0.7006,0.1966,0.1966,0.4998,0.5695,0.0410,0.0205,0.0410,0.0574,0.3380,0.5345,,0.1965,,66.09,,,,0.714,0.087,
1791426152.525989,0.3646,0.7006,0.5695,0.4998,0.6350,0.7538,0.7006,0.4302,0.5695,0.1966,0.0369,0.3646,0.4998,0.0205,0.0246,0.0574,0.0574,0.3370,0.5325,,0.1955,,65.99,,,,0.734,0.087,
1791426152.5591373,0.5695,0.6350,0.6350,0.5695,0.7006,0.8030,0.7006,0.7538,0.5695,0.1966,0.1557,0.2991,0.3646,0.0574,0.0246,0.0164,0.0369,0.3370,0.5350,,0.1980,,65.76,,,,,0.088,
1791426152.592553,0.4302,0.5695,0.7538,0.4998,0.5695,0.7006,0.6350,0.7538,0.6350,0.0205,0.0369,0.1966,0.3646,0.1229,0.0164,0.0123,0.0164,0.3360,0.5355,,0.1995,,64.91,,,,,0.092,
1791426152.6259553,0.4998,0.5695,0.7006,0.3646,0.7006,0.7006,0.7006,0.4302,0.4998,0.0246,0.1557,0.2458,0.2458,0.0369,0.0246,0.0082,0.0164,0.3400,0.5325,,0.1925,,64.49,,,,,0.093,
1791426152.6598442,0.5695,0.5695,0.7006,0.5695,0.6350,0.8440,0.7006,0.7538,0.5695,0.0369,0.2991,0.3646,0.2991,0.0205,0.0369,0.0164,0.0246,0.3370,0.5330,,0.1960,,64.85,,,,,0.092,
1791426152.6982045,0.4998,0.5695,0.7006,0.4998,0.5695,0.7006,0.7538,0.2991,0.7538,0.0246,0.1229,0.1557,0.3646,0.0246,0.0369,0.0574,0.0574,0.3370,0.5320,,0.1950,,64.76,,,,,0.092,
1791426152.7301264,0.4302,0.5695,0.7538,0.4302,0.4302,0.5695,0.7538,0.5695,0.4302,0.0942,0.1557,0.2458,0.4302,0.0574,0.0369,0.0082,0.0123,0.3400,0.5320,,0.1920,,64.58,,,,,0.093,
1791426152.7612576,0.3646,0.6350,0.4302,0.4302,0.6350,0.6350,0.7538,0.5695,0.7006,0.0246,0.0737,0.4302,0.4998,0.0410,0.0369,0.0082,0.0123,0.3370,0.5325,,0.1955,,64.55,,,,0.723,0.093,
1791426152.792779,0.4998,0.5695,0.7006,0.5695,0.4998,0.8030,0.6350,0.7006,0.6350,0.1557,0.1557,0.3646,0.4998,0.0246,0.0574,0.0123,0.0205,0.3370,0.5335,,0.1965,,64.60,,,,0.721,0.093,
1791426152.8251374,0.6350,0.6350,0.5695,0.3646,0.5695,0.8440,0.8030,0.5695,0.6350,0.1557,0.2458,0.3646,0.4302,0.0246,0.0410,0.0246,0.0164,0.3390,0.5350,,0.1960,,64.84,,,,0.727,0.092,
1791426152.8598442,0.2991,0.5695,0.5695,0.4998,0.5695,0.5695,0.7538,0.7006,0.8440,0.2991,0.1966,0.4998,0.4302,0.0369,0.0410,0.0164,0.0205,,0.5355,,,,64.84,,,,0.707,0.092,
1791426152.8925312,0.6350,0.4998,0.6350,0.4302,0.5695,0.7538,0.7006,0.7006,0.5695,0.0942,0.2458,0.2458,0.3646,0.0942,0.0205,0.0164,0.0164,0.3400,0.5350,,0.1950,,65.13,,,,,0.091,
1791426152.925819,0.4302,0.7538,0.6350,0.4998,0.7006,0.8030,0.7006,0.4302,0.7538,0.0205,0.1966,0.2991,0.2458,0.0574,0.0574,0.0164,0.0164,0.3370,0.5330,,0.1960,,65.32,,,,,0.090,
1791426152.9594073,0.5695,0.7006,0.7006,0.5695,0.5695,0.7538,0.3646,0.4302,0.4302,0.1557,0.0410,0.3646,0.5695,0.0369,0.0205,0.0123,0.0164,0.3390,0.5360,,0.1970,,65.02,,,,0.704,0.091,
1791426152.9932215,0.5695,0.6350,0.6350,0.4302,0.4998,0.7538,0.7006,0.5695,0.5695,0.0205,0.1557,0.4302,0.2458,0.0410,0.0574,0.0246,0.0737,0.3390,0.5335,,0.1945,,65.53,,,,,0.089,
1791426153.0302267,0.3646,0.5695,0.7006,0.3646,0.4998,0.8030,0.8030,0.3646,0.5695,0.0246,0.0369,0.2458,0.2991,0.0205,0.0410,0.0574,0.0410,0.3380,0.5355,,0.1975,,65.46,,,,,0.089,
1791426153.062111,0.4998,0.6350,0.7006,0.6350,0.7006,0.8030,0.7006,0.7006,0.7006,0.1557,0.0369,0.1966,0.1966,0.0369,0.0246,0.0205,0.0205,0.3370,0.5330,,0.1960,,65.17,,,,,0.091,
1791426153.0931222,0.4302,0.4998,0.8030,0.4998,0.6350,0.8030,0.6350,0.5695,0.5695,0.0369,0.1557,0.1966,0.3646,0.0410,0.0246,0.0205,0.0205,0.3390,0.5325,,0.1935,,65.18,,,,,0.090,
1791426153.126711,0.4998,0.8030,0.7006,0.6350,0.6350,0.7006,0.7538,0.7006,0.8030,0.0574,0.2458,0.4998,0.4998,0.0737,0.0246,0.0205,0.0205,0.3390,0.5325,,0.1935,,65.21,,,,0.731,0.090,
1791426153.1595917,0.4302,0.4998,0.7538,0.5695,0.4302,0.7538,0.5695,0.7006,0.7006,0.1557,0.1229,0.1557,0.2991,0.0205,0.0369,0.0123,0.0164,0.3370,0.5360,,0.1990,,65.21,,,,,0.090,
1791426153.1930935,0.6350,0.7006,0.7538,0.5695,0.6350,0.7006,0.6350,0.2991,0.6350,0.1557,0.0737,0.3646,0.4998,0.0205,0.0246,0.0123,0.0574,0.3440,0.5335,,0.1895,,64.91,,,,0.716,0.091,
1791426153.2264435,0.4998,0.7538,0.7006,0.4998,0.5695,0.8030,0.6350,0.1966,0.7006,0.0369,0.0410,0.1966,0.2991,0.0369,0.0205,0.0205,0.0369,0.3370,0.5360,,0.1990,,65.15,,,,,0.091,
1791426153.260166,0.6350,0.7538,0.7538,0.4998,0.5695,0.8440,0.7006,0.4998,0.5695,0.1229,0.1229,0.1557,0.2458,0.0246,0.0574,0.0123,0.0164,0.3400,0.5335,,0.1935,,64.64,,,,,0.092,
1791426153.299927,0.5695,0.6350,0.4998,0.4998,0.5695,0.7538,0.7006,0.6350,0.7006,0.1966,0.0246,0.2458,0.4302,0.0410,0.0369,0.0123,0.0164,0.3400,0.5330,,0.1930,,64.63,,,,,0.092,
1791426153.3308604,0.4302,0.7538,0.7538,0.5695,0.6350,0.7538,0.7538,0.8030,0.7006,0.1557,0.0410,0.4998,0.5695,0.0246,0.0574,0.0410,0.0164,0.3370,0.5370,,0.2000,,64.82,,,,0.661,0.092,
1791426153.3617659,0.4998,0.7538,0.8440,0.6350,0.6350,0.7538,0.7538,0.3646,0.5695,0.1229,0.1557,0.1966,0.3646,0.0369,0.0369,0.0205,0.0246,0.3380,0.5335,,0.1955,,64.50,,,,,0.093,
1791426153.393946,0.7538,0.5695,0.7006,0.5695,0.7006,0.7006,0.8440,0.7538,0.5695,0.1966,0.0942,0.3646,0.4302,0.0737,0.0205,0.0369,0.0164,0.3370,0.5355,,0.1985,,64.36,,,,0.718,0.094,
1791426153.4261487,0.6350,0.7538,0.6350,0.7006,0.5695,0.8440,0.7006,0.5695,0.6350,0.1557,0.0205,0.2458,0.2991,0.0574,0.0369,0.0574,0.0369,0.3370,0.5330,,0.1960,,64.25,,,,,0.095,
1791426153.4596877,0.4302,0.5695,0.4998,0.4302,0.6350,0.7538,0.7538,0.3646,0.7538,0.2991,0.1966,0.3646,0.4998,0.0246,0.0205,0.0164,0.0164,0.3370,0.5335,,0.1965,,64.52,,,,0.707,0.094,
1791426153.493403,0.7006,0.8440,0.8030,0.5695,0.6350,0.8440,0.8030,0.5695,0.6350,0.1557,0.1557,0.4302,0.3646,0.0246,0.0410,0.0164,0.0164,0.3370,0.5335,,0.1965,,64.80,,,,0.736,0.092,
1791426153.5268173,0.3646,0.6350,0.4998,0.6350,0.6350,0.7538,0.8030,0.6350,0.7006,0.1557,0.1557,0.3646,0.4302,0.0410,0.0410,0.0082,0.0123,0.3370,0.5340,,0.1970,,64.84,,,,0.700,0.092,
1791426153.5599067,0.5695,0.6350,0.4998,0.4998,0.6350,0.7006,0.7006,0.4998,0.5695,0.0574,0.0737,0.3646,0.3646,0.0410,0.0574,0.0574,0.0369,0.3390,0.5330,,0.1940,,65.12,,,,0.737,0.091,
1791426153.593888,0.3646,0.6350,0.8767,0.7006,0.5695,0.7538,0.6350,0.7006,0.7006,0.0369,0.1229,0.3646,0.4998,0.0369,0.0410,0.0205,0.0369,0.3390,0.5335,,0.1945,,64.92,,,,0.740,0.092,
1791426153.6324496,0.4998,0.5695,0.5695,0.5695,0.4998,0.8030,0.6350,0.7006,0.7538,0.0369,0.0410,0.3646,0.5695,0.0205,0.0246,0.0205,0.0246,0.3380,0.5340,,0.1960,,65.07,,,,0.719,0.091,
1791426153.6635518,0.4302,0.7538,0.6350,0.6350,0.5695,0.7538,0.7006,0.7538,0.8030,0.1557,0.0246,0.3646,0.2991,0.0246,0.0369,0.0123,0.0205,0.3370,0.5360,,0.1990,,64.76,,,,,0.093,
1791426153.6954496,0.5695,0.8440,0.7538,0.5695,0.4998,0.4998,0.7538,0.6350,0.5695,0.0410,0.0369,0.3646,0.2458,0.0942,0.0369,0.0082,0.0164,0.3390,0.5335,,0.1945,,65.15,,,,,0.091,
1791426153.727559,0.4302,0.7006,0.5695,0.4302,0.5695,0.7538,0.8767,0.4998,0.4998,0.1229,0.1557,0.4302,0.4302,0.0205,0.0369,0.0082,0.0246,0.3390,0.5345,,0.1955,,65.78,,,,0.677,0.088,
1791426153.7603073,0.5695,0.5695,0.6350,0.4998,0.5695,0.6350,0.8030,0.5695,0.6350,0.0164,0.1557,0.4302,0.5695,0.0205,0.0164,0.0205,0.0164,0.3370,0.5325,,0.1955,,65.06,,,,0.767,0.091,
1791426153.7943466,0.4998,0.4302,0.4302,0.4998,0.6350,0.6350,0.8030,0.6350,0.8030,0.0410,0.0737,0.6350,0.1966,0.0164,0.0410,0.0205,0.0205,0.3370,0.5360,,0.1990,,64.55,,,,,0.094,
1791426153.8271072,0.6350,0.6350,0.4998,0.4302,0.5695,0.7006,0.8030,0.4302,0.7006,0.2458,0.1966,0.4998,0.5695,0.0574,0.0369,0.0123,0.0205,0.3370,0.5350,,0.1980,,65.18,,,,0.684,0.091,
1791426153.8600707,0.3646,0.6350,0.7006,0.4302,0.4302,0.8440,0.7538,0.4302,0.7538,0.0205,0.1966,0.2991,0.4998,0.0574,0.0410,0.0123,0.0164,0.3390,0.5345,,0.1955,,65.67,,,,,0.089,
1791426153.894838,0.4998,0.4998,0.7006,0.5695,0.6350,0.7006,0.5695,0.3646,0.7538,0.2991,0.1557,0.2458,0.1557,0.0737,0.0369,0.0205,0.0246,0.3370,0.5340,,0.1970,,65.40,,,,,0.090,
1791426153.9332223,0.4998,0.5695,0.5695,0.5695,0.5695,0.7538,0.8030,0.2991,0.7006,0.1557,0.1557,0.1229,0.2458,0.0369,0.0574,0.0123,0.0164,0.3390,0.5330,,0.1940,,65.00,,,,,0.091,
1791426153.9642031,0.4998,0.5695,0.5695,0.5695,0.6350,0.7006,0.7006,0.5695,0.7538,0.2458,0.0737,0.2991,0.4302,0.0410,0.0246,0.0123,0.0574,0.3380,0.5330,,0.1950,,64.84,,,,,0.092,
1791426153.9966218,0.5695,0.6350,0.8030,0.4302,0.7006,0.8030,0.8030,0.4998,0.4998,0.1557,0.1557,0.3646,0.4998,0.1229,0.0246,0.0574,0.0737,0.3390,0.5330,,0.1940,,64.80,,,,0.742,0.092,
1791426154.028283,0.3646,0.7538,0.7006,0.4302,0.6350,0.8440,0.8030,0.4998,0.7006,0.1966,0.1557,0.1557,0.2991,0.0246,0.0574,0.0082,0.0164,0.3370,0.5335,,0.1965,,64.98,,,,,0.091,
1791426154.0607579,0.4998,0.5695,0.5695,0.4998,0.6350,0.8030,0.8030,0.7006,0.5695,0.1557,0.0369,0.4998,0.4302,0.0574,0.0410,0.0123,0.0164,0.3380,0.5335,,0.1955,,64.99,,,,0.725,0.091,
1791426154.0947,0.4302,0.7006,0.6350,0.3646,0.4998,0.7538,0.7538,0.6350,0.6350,0.2458,0.1229,0.4998,0.3646,0.0410,0.0410,0.0123,0.0205,0.3390,0.5360,,0.1970,,64.71,,,,0.695,0.093,
1791426154.1276288,0.5695,0.6350,0.4998,0.5695,0.6350,0.7538,0.8030,0.5695,0.7538,0.2458,0.1557,0.1966,0.2458,0.0737,0.0410,0.0205,0.0246,0.3390,0.5330,,0.1940,,64.57,,,,,0.093,
1791426154.1608486,0.4302,0.4998,0.4998,0.4302,0.4998,0.7006,0.7538,0.4998,0.7006,0.1966,0.1229,0.4302,0.4302,0.0205,0.0205,0.0123,0.0123,0.3380,0.5355,,0.1975,,64.51,,,,0.717,0.093,
1791426154.194645,0.6350,0.5695,0.5695,0.4998,0.5695,0.8030,0.7006,0.5695,0.5695,0.1557,0.1557,0.2458,0.2991,0.0369,0.0369,0.0164,0.0205,0.3370,0.5325,,0.1955,,64.27,,,,,0.094,
1791426154.2342207,0.4302,0.4302,0.4998,0.5695,0.5695,0.6350,0.7538,0.4998,0.5695,0.1966,0.1966,0.1557,0.1966,0.0942,0.0369,0.0205,0.0164,0.3360,0.5340,,0.1980,,63.90,,,,,0.096,
1791426154.266409,0.4302,0.6350,0.7006,0.5695,0.5695,0.7538,0.6350,0.5695,0.7006,0.1966,0.1966,0.3646,0.4302,0.0205,0.0164,0.0369,0.0164,0.3400,0.5330,,0.1930,,64.02,,,,0.707,0.095,
1791426154.2976074,0.4302,0.7538,0.6350,0.4998,0.7006,0.8030,0.6350,0.5695,0.5695,0.0246,0.1966,0.4302,0.4998,0.0942,0.0369,0.0164,0.0369,0.3370,0.5360,,0.1990,,63.79,,,,0.718,0.097,
1791426154.3299668,0.6350,0.7006,0.5695,0.5695,0.7006,0.7538,0.7538,0.7006,0.5695,0.2991,0.0574,0.4302,0.4302,0.0942,0.0410,0.0205,0.0246,0.3370,0.5340,,0.1970,,64.02,,,,0.702,0.096,
1791426154.360956,0.4302,0.5695,0.6350,0.6350,0.5695,0.8767,0.6350,0.6350,0.4998,0.1229,0.2458,0.4998,0.5695,0.0246,0.0410,0.0164,0.0369,0.3360,0.5350,,0.1990,,64.02,,,,0.697,0.096,
1791426154.3945363,0.5695,0.4998,0.7006,0.3646,0.5695,0.7006,0.8440,0.5695,0.6350,0.2458,0.1557,0.3646,0.3646,0.0246,0.0369,0.0369,0.0410,0.3390,0.5325,,0.1935,,64.35,,,,0.705,0.094,
1791426154.4277267,0.4998,0.6350,0.7538,0.5695,0.5695,0.7538,0.9054,0.2991,0.7006,0.1229,0.1557,0.2991,0.3646,0.0574,0.0369,0.0164,0.0164,0.3370,0.5320,,0.1950,,64.26,,,,,0.095,
1791426154.4620676,0.6350,0.7006,0.4998,0.5695,0.5695,0.8030,0.8767,0.5695,0.6350,0.0246,0.1966,0.3646,0.2991,0.0369,0.0410,0.0246,0.0369,0.3370,0.5365,,0.1995,,64.29,,,,,0.095,
1791426154.494657,0.4998,0.7006,0.4998,0.4302,0.4998,0.7006,0.8440,0.7538,0.2991,0.2458,0.1557,0.3646,0.4998,0.0410,0.0574,0.0205,0.0246,0.3390,0.5340,,0.1950,,64.78,,,,0.694,0.092,
1791426154.5282695,0.3646,0.8440,0.7538,0.4998,0.6350,0.7006,0.7538,0.7006,0.4302,0.0369,0.1229,0.3646,0.2991,0.0205,0.0574,0.0369,0.0205,0.3380,0.5345,,0.1965,,64.61,,,,,0.093,
1791426154.5620773,0.3646,0.4998,0.4998,0.4998,0.4998,0.8030,0.8440,0.6350,0.7006,0.0246,0.2991,0.1557,0.2458,0.0369,0.0246,0.0246,0.0246,0.3390,0.5360,,0.1970,,64.71,,,,,0.093,
1791426154.6006439,0.5695,0.6350,0.8030,0.5695,0.8030,0.7538,0.7538,0.8030,0.7006,0.2991,0.0410,0.2991,0.3646,0.0246,0.0574,0.0164,0.0246,0.3390,0.5340,,0.1950,,64.89,,,,,0.092,
1791426154.632921,0.4302,0.6350,0.5695,0.6350,0.6350,0.8030,0.7006,0.7006,0.7006,0.1229,0.1557,0.1966,0.2991,0.0246,0.0574,0.0205,0.0205,0.3390,0.5325,,0.1935,,65.21,,,,,0.090,
1791426154.6651385,0.4302,0.7006,0.5695,0.5695,0.7006,0.7538,0.7006,0.5695,0.4998,0.1229,0.1557,0.1557,0.4302,0.0410,0.0410,0.0123,0.0123,0.3370,0.5365,,0.1995,,65.10,,,,,0.091,
1791426154.6962738,0.6350,0.7538,0.8030,0.5695,0.4998,0.8030,0.6350,0.6350,0.7006,0.2458,0.0737,0.1557,0.2458,0.0369,0.0246,0.0205,0.0246,0.3390,0.5350,,0.1960,,64.78,,,,,0.092,
1791426154.7283442,0.4998,0.5695,0.8030,0.4302,0.7006,0.8030,0.7006,0.7538,0.7006,0.1229,0.0410,0.3646,0.4302,0.0246,0.0205,0.0164,0.0246,0.3370,0.5360,,0.1990,,64.88,,,,0.650,0.092,
1791426154.7616084,0.5695,0.5695,0.8440,0.4998,0.6350,0.8440,0.7006,0.7006,0.5695,0.1966,0.0942,0.2458,0.4998,0.0246,0.0246,0.0369,0.0205,0.3390,0.5365,,0.1975,,64.78,,,,,0.093,
1791426154.7949693,0.2991,0.7538,0.7006,0.4302,0.4998,0.7006,0.8440,0.6350,0.7006,0.0369,0.2458,0.2991,0.2458,0.0574,0.0205,0.0574,0.0205,,0.5330,,,,64.78,,,,,0.093,
1791426154.8278053,0.4998,0.4998,0.3646,0.4998,0.5695,0.8030,0.7006,0.2991,0.6350,0.0369,0.1229,0.5695,0.4998,0.0410,0.0205,0.0164,0.0574,0.3370,0.5340,,0.1970,,64.99,,,,0.728,0.092,
1791426154.861781,0.5695,0.5695,0.5695,0.4302,0.5695,0.7538,0.8030,0.5695,0.5695,0.0246,0.1557,0.4302,0.4998,0.0205,0.0410,0.0123,0.0574,0.3370,0.5360,,0.1990,,64.56,,,,0.711,0.094,
1791426154.8948884,0.5695,0.8030,0.5695,0.4998,0.4302,0.7006,0.7006,0.5695,0.6350,0.0737,0.1966,0.1966,0.4302,0.0205,0.0205,0.0123,0.0164,0.3400,0.5360,,0.1960,,64.70,,,,,0.093,
1791426154.9332085,0.4998,0.4998,0.7006,0.2991,0.5695,0.8030,0.8440,0.6350,0.4302,0.0942,0.0369,0.2458,0.2991,0.0205,0.0737,0.0369,0.0205,0.3370,0.5325,,0.1955,,64.49,,,,,0.094,
1791426154.965162,0.5695,0.9423,0.5695,0.4998,0.4998,0.7538,0.6350,0.6350,0.8440,0.2458,0.0410,0.3646,0.4998,0.0737,0.0410,0.0205,0.0246,0.3370,0.5355,,0.1985,,64.84,,,,0.696,0.093,
1791426154.9974456,0.4998,0.7006,0.4998,0.4302,0.5695,0.6350,0.5695,0.6350,0.7006,0.0246,0.1229,0.2458,0.4302,0.0737,0.0574,0.0574,0.0205,0.3370,0.5360,,0.1990,,65.02,,,,,0.092,
1791426155.0282595,0.2991,0.8030,0.4998,0.6350,0.5695,0.8030,0.8440,0.4302,0.7006,0.1966,0.0942,0.2458,0.2991,0.0410,0.0369,0.0123,0.0123,,0.5340,,,,65.02,,,,,0.092,
1791426155.0625453,0.3646,0.6350,0.8030,0.6350,0.6350,0.8030,0.8440,0.7006,0.5695,0.1557,0.0574,0.4302,0.3646,0.0369,0.0205,0.0123,0.0369,0.3390,0.5350,,0.1960,,64.96,,,,0.697,0.092,
1791426155.095274,0.4998,0.6350,0.4998,0.4998,0.5695,0.7538,0.7006,0.4998,0.7538,0.0410,0.1557,0.1966,0.2458,0.0574,0.0574,0.0082,0.0123,0.3360,0.5360,,0.2000,,64.41,,,,,0.095,
1791426155.1284285,0.6350,0.5695,0.4998,0.4998,0.5695,0.7538,0.7006,0.3646,0.7006,0.1966,0.1966,0.1966,0.2458,0.0205,0.0574,0.0205,0.0369,0.3380,0.5360,,0.1980,,64.48,,,,,0.094,
1791426155.1611009,0.3646,0.4998,0.7006,0.4998,0.7006,0.8030,0.7006,0.6350,0.7538,0.1229,0.1557,0.1966,0.2458,0.0369,0.0246,0.0082,0.0164,0.3380,0.5330,,0.1950,,64.41,,,,,0.094,
1791426155.1954777,0.2991,0.5695,0.4998,0.6350,0.6350,0.8030,0.6350,0.7006,0.7006,0.1557,0.2458,0.2458,0.2458,0.0369,0.0205,0.0082,0.0164,,0.5335,,,,64.41,,,,,0.094,
1791426155.228539,0.2458,0.7006,0.7006,0.4998,0.5695,0.7538,0.7538,0.5695,0.6350,0.1229,0.2458,0.4998,0.4998,0.0737,0.0205,0.0164,0.0246,,0.5330,,,,64.41,,,,0.695,0.094,
1791426155.2675674,0.6350,0.5695,0.7006,0.7538,0.6350,0.8030,0.6350,0.6350,0.6350,0.0369,0.2458,0.1966,0.3646,0.0737,0.0574,0.0205,0.0205,0.3390,0.5345,,0.1955,,64.61,,,,,0.093,
1791426155.2988946,0.4998,0.4998,0.7006,0.5695,0.6350,0.6350,0.8767,0.3646,0.8030,0.1229,0.0737,0.4998,0.3646,0.0369,0.0574,0.0574,0.0737,0.3390,0.5345,,0.1955,,65.12,,,,0.684,0.091,
1791426155.330854,0.5695,0.5695,0.5695,0.4998,0.6350,0.7538,0.8440,0.4998,0.5695,0.1557,0.1229,0.4302,0.4998,0.0246,0.0410,0.0574,0.0369,0.3380,0.5340,,0.1960,,65.34,,,,0.687,0.090,
1791426155.3623278,0.6350,0.5695,0.6350,0.5695,0.5695,0.7006,0.8030,0.5695,0.6350,0.1229,0.1557,0.4998,0.4302,0.0369,0.0369,0.0205,0.0164,0.3370,0.5330,,0.1960,,65.59,,,,0.743,0.089,
1791426155.3957958,0.4998,0.7538,0.6350,0.6350,0.4998,0.7538,0.7538,0.5695,0.6350,0.1229,0.0369,0.5695,0.4302,0.0369,0.0369,0.0164,0.0246,0.3400,0.5355,,0.1955,,65.56,,,,0.691,0.089,
1791426155.4294844,0.4302,0.7538,0.8030,0.4998,0.6350,0.5695,0.7538,0.7006,0.5695,0.1966,0.1557,0.3646,0.4302,0.0246,0.0369,0.0123,0.0123,0.3400,0.5360,,0.1960,,65.15,,,,0.704,0.091,
1791426155.4621742,0.4998,0.7538,0.7006,0.5695,0.6350,0.7538,0.6350,0.7006,0.3646,0.1557,0.1229,0.2991,0.4998,0.0574,0.0164,0.0082,0.0164,0.3370,0.5360,,0.1990,,65.02,,,,,0.092,
