timestamp,nose_score,left_eye_score,right_eye_score,left_ear_score,right_ear_score,left_shoulder_score,right_shoulder_score,left_elbow_score,right_elbow_score,left_wrist_score,right_wrist_score,left_hip_score,right_hip_score,left_knee_score,right_knee_score,left_ankle_score,right_ankle_score,head_depth_m,chest_depth_m,hip_depth_m,neck_forward_offset_m,torso_recline_offset_m,head_forward_deg,torso_pitch_deg,elbow_left_deg,elbow_right_deg,torso_len_sw,head_up_m,wrist_face_sw
1791426876.5165005,0.8030,0.4998,0.5695,0.5695,0.4302,0.4998,0.7538,0.7538,0.7538,0.6350,0.2458,0.4998,0.4998,0.0205,0.0410,0.0574,0.0574,0.6870,0.8010,,0.1140,,30.89,-8.63,173.7,172.5,1.238,0.198,1.914
1791426876.5496757,0.7006,0.5695,0.4302,0.5695,0.4998,0.5695,0.8440,0.6350,0.7006,0.7538,0.1557,0.6350,0.4998,0.0369,0.0205,0.0410,0.0942,0.6850,0.8010,,0.1160,,30.62,-8.54,173.6,172.4,1.349,0.199,2.097
1791426876.5839238,0.9054,0.7538,0.7006,0.3646,0.4302,0.4998,0.8440,0.6350,0.6350,0.4302,0.1966,0.6350,0.7006,0.0246,0.0410,0.0369,0.0369,0.6830,0.8065,0.7300,0.1235,-0.0765,30.92,-8.55,173.5,171.9,1.266,0.199,2.037
1791426876.6175323,0.6350,0.6350,0.4998,0.5695,0.4998,0.6350,0.6350,0.7006,0.5695,0.5695,0.1557,0.5695,0.6350,0.0246,0.0410,0.1229,0.0574,0.6850,0.8015,0.7240,0.1165,-0.0775,31.31,-8.67,173.3,171.8,1.193,0.195,1.881
1791426876.6499796,0.7538,0.7538,0.7006,0.7006,0.4998,0.7006,0.7006,0.6350,0.7006,0.4998,0.1557,0.6350,0.6350,0.0246,0.0737,0.0574,0.0737,0.6800,0.8050,0.7240,0.1250,-0.0810,31.36,-8.58,173.5,171.3,1.402,0.197,2.197
1791426876.6834815,0.6350,0.7006,0.6350,0.4302,0.6350,0.7006,0.7006,0.8440,0.6350,0.4302,0.3646,0.6350,0.7006,0.0246,0.0574,0.0574,0.0737,0.6830,0.8030,0.7100,0.1200,-0.0930,31.27,-8.87,173.4,171.3,1.318,0.197,2.027
1791426876.7232914,0.6350,0.2991,0.6350,0.6350,0.4302,0.4998,0.7538,0.8030,0.6350,0.5695,0.1966,0.5695,0.7006,0.0123,0.0737,0.0574,0.0574,0.6830,0.7990,0.7230,0.1160,-0.0760,31.57,-8.90,173.2,171.3,1.190,0.194,1.870
1791426876.7564301,0.7006,0.5695,0.7006,0.6350,0.4998,0.6350,0.7538,0.7538,0.5695,0.4998,0.4302,0.7006,0.5695,0.0246,0.0737,0.0574,0.0369,0.6830,0.8065,0.7260,0.1235,-0.0805,31.04,-8.70,173.5,171.3,1.437,0.199,2.206
1791426876.7861588,0.7006,0.8440,0.6350,0.4998,0.7006,0.6350,0.8030,0.7006,0.4302,0.2458,0.1229,0.5695,0.6350,0.0369,0.0246,0.0246,0.0574,0.6830,0.7995,0.7240,0.1165,-0.0755,30.66,-8.59,173.5,170.8,1.314,0.201,
1791426876.8172991,0.8030,0.6350,0.6350,0.4998,0.6350,0.7006,0.7538,0.7006,0.6350,0.4302,0.2991,0.7006,0.6350,0.0246,0.0574,0.0369,0.0410,0.6820,0.8070,0.7230,0.1250,-0.0840,30.50,-8.65,173.3,171.0,1.347,0.204,2.172
1791426876.8509257,0.7538,0.9054,0.5695,0.5695,0.5695,0.5695,0.6350,0.7006,0.8030,0.5695,0.1966,0.5695,0.6350,0.0205,0.0369,0.2458,0.0574,0.6820,0.8035,0.7240,0.1215,-0.0795,30.67,-8.72,173.4,171.3,1.255,0.203,1.995
1791426876.8836257,0.8767,0.4998,0.7538,0.5695,0.4998,0.7538,0.7006,0.7006,0.4998,0.5695,0.2458,0.5695,0.7006,0.0369,0.0410,0.0737,0.0369,0.6820,0.8070,0.7190,0.1250,-0.0880,31.00,-8.94,173.2,170.9,1.265,0.202,2.014
1791426876.9169068,0.8030,0.8767,0.5695,0.5695,0.4998,0.8030,0.6350,0.7006,0.5695,0.1966,0.4302,0.7006,0.6350,0.0164,0.0574,0.0942,0.0410,0.6800,0.7995,0.7170,0.1195,-0.0825,30.64,-8.91,173.3,170.3,1.332,0.204,2.082
1791426876.9502199,0.7538,0.6350,0.4998,0.6350,0.6350,0.4302,0.6350,0.6350,0.4302,0.4998,0.3646,0.7006,0.6350,0.0369,0.0205,0.0574,0.0574,0.6820,0.8060,0.7210,0.1240,-0.0850,30.80,-8.97,173.3,170.1,1.314,0.204,1.989
1791426876.9910147,0.7538,0.8030,0.7006,0.4302,0.4998,0.7006,0.5695,0.4998,0.5695,0.2991,0.2991,0.6350,0.7006,0.0574,0.0205,0.0942,0.0574,0.6800,0.8020,0.7100,0.1220,-0.0920,31.25,-9.14,172.9,170.6,1.331,0.201,
1791426877.0230925,0.4998,0.7538,0.6350,0.4998,0.7006,0.5695,0.6350,0.6350,0.4998,0.1557,0.2991,0.7006,0.6350,0.0246,0.0246,0.0942,0.0410,0.6800,0.8005,0.7160,0.1205,-0.0845,31.26,-9.13,173.1,170.6,1.322,0.200,
1791426877.053757,0.8030,0.4302,0.3646,0.6350,0.5695,0.6350,0.7006,0.7538,0.7538,0.6350,0.3646,0.7006,0.6350,0.0246,0.0369,0.0942,0.0410,0.6800,0.8065,0.7270,0.1265,-0.0795,31.76,-9.04,173.4,170.3,1.300,0.198,1.988
1791426877.0865061,0.7538,0.7006,0.3646,0.4302,0.4998,0.6350,0.7538,0.4998,0.5695,0.2991,0.1966,0.7006,0.5695,0.0246,0.0942,0.0737,0.0410,0.6850,0.8030,0.7310,0.1180,-0.0720,31.07,-8.78,173.6,171.0,1.326,0.202,
1791426877.1166215,0.6350,0.8767,0.5695,0.4998,0.4998,0.5695,0.6350,0.7006,0.7006,0.7538,0.4998,0.5695,0.7006,0.0410,0.0574,0.0574,0.0574,0.6840,0.8030,0.7300,0.1190,-0.0730,30.95,-8.61,173.8,171.3,1.311,0.202,2.040
1791426877.1514912,0.6350,0.7006,0.5695,0.5695,0.5695,0.6350,0.7006,0.5695,0.6350,0.5695,0.1966,0.7006,0.6350,0.0123,0.0246,0.0737,0.0369,0.6800,0.8040,0.7210,0.1240,-0.0830,31.28,-8.78,173.7,171.1,1.236,0.200,1.954
1791426877.1842587,0.8030,0.7006,0.5695,0.6350,0.6350,0.7006,0.8767,0.7538,0.5695,0.5695,0.2458,0.6350,0.7006,0.0123,0.0574,0.0410,0.0410,0.6800,0.8025,0.7200,0.1225,-0.0825,30.99,-8.84,173.7,171.1,1.295,0.203,2.088
1791426877.2174065,0.7006,0.6350,0.3646,0.6350,0.4998,0.4302,0.8030,0.6350,0.5695,0.7006,0.2458,0.7006,0.6350,0.0410,0.0574,0.0410,0.0205,0.6830,0.8030,0.7040,0.1200,-0.0990,31.03,-9.10,173.5,171.0,1.393,0.202,2.108
1791426877.2513633,0.7538,0.8030,0.7006,0.5695,0.5695,0.4998,0.8030,0.7006,0.7538,0.1557,0.2991,0.6350,0.5695,0.0246,0.0737,0.0410,0.0942,0.6830,0.8055,0.7230,0.1225,-0.0825,30.64,-9.03,173.3,171.3,1.337,0.205,
1791426877.2921467,0.8440,0.8440,0.6350,0.7006,0.5695,0.7538,0.7538,0.7538,0.6350,0.5695,0.2991,0.7538,0.7006,0.0369,0.0410,0.0942,0.1229,0.6810,0.8025,0.7270,0.1215,-0.0755,30.56,-8.75,173.2,171.2,1.397,0.206,2.222
1791426877.3238451,0.6350,0.7006,0.5695,0.4302,0.6350,0.6350,0.5695,0.7006,0.7006,0.7006,0.4302,0.5695,0.7006,0.0164,0.0410,0.0369,0.0942,0.6840,0.8060,0.7030,0.1220,-0.1030,31.11,-9.26,173.2,171.0,1.282,0.202,1.903
1791426877.3554807,0.8767,0.8767,0.4998,0.7006,0.7006,0.7006,0.7006,0.7538,0.5695,0.5695,0.1966,0.6350,0.7006,0.0164,0.0410,0.0369,0.0574,0.6830,0.8015,0.7200,0.1185,-0.0815,30.87,-9.15,173.3,171.5,1.333,0.203,2.091
1791426877.387666,0.9054,0.6350,0.6350,0.5695,0.4302,0.6350,0.5695,0.7538,0.5695,0.3646,0.4302,0.6350,0.5695,0.0369,0.0205,0.0737,0.0369,0.6830,0.8000,0.7210,0.1170,-0.0790,30.70,-9.05,173.3,171.6,1.299,0.202,2.041
1791426877.4196062,0.7538,0.7538,0.4998,0.6350,0.4998,0.6350,0.7006,0.4998,0.7006,0.3646,0.2458,0.6350,0.6350,0.0123,0.0410,0.0574,0.0369,0.6830,0.8010,0.7120,0.1180,-0.0890,30.45,-9.11,173.6,171.7,1.349,0.204,2.106
1791426877.451191,0.7006,0.7006,0.7006,0.5695,0.5695,0.7006,0.7538,0.8440,0.6350,0.2991,0.2991,0.7006,0.6350,0.0164,0.0410,0.0737,0.0737,0.6850,0.8025,0.7220,0.1175,-0.0805,30.37,-9.12,173.2,171.3,1.247,0.204,
1791426877.4840438,0.7538,0.7538,0.4998,0.6350,0.5695,0.7538,0.7538,0.5695,0.4302,0.1966,0.1557,0.6350,0.6350,0.0205,0.0574,0.1229,0.0574,0.6810,0.8010,0.7250,0.1200,-0.0760,30.55,-8.86,172.9,171.8,1.381,0.202,
1791426877.517433,0.8030,0.8440,0.5695,0.4998,0.4998,0.7538,0.6350,0.6350,0.7006,0.5695,0.4302,0.6350,0.5695,0.0246,0.0369,0.0942,0.0942,0.6830,0.8040,0.7310,0.1210,-0.0730,30.70,-8.75,172.9,171.5,1.251,0.202,1.887
1791426877.550948,0.5695,0.7006,0.7006,0.6350,0.6350,0.7538,0.8030,0.7538,0.5695,0.7006,0.3646,0.6350,0.7006,0.0164,0.0410,0.0574,0.1557,0.6830,0.7995,0.7260,0.1165,-0.0735,30.48,-8.61,173.0,171.9,1.297,0.202,2.030
1791426877.5843976,0.7538,0.8440,0.6350,0.5695,0.5695,0.5695,0.7006,0.7006,0.4302,0.7006,0.2991,0.7006,0.7538,0.0410,0.0574,0.0369,0.0737,0.6830,0.7960,0.7330,0.1130,-0.0630,30.36,-8.33,172.9,171.5,1.257,0.201,2.015
1791426877.6246836,0.8440,0.7006,0.4998,0.6350,0.7538,0.4302,0.6350,0.7538,0.3646,0.3646,0.3646,0.6350,0.5695,0.0123,0.0574,0.0574,0.0737,0.6830,0.7955,0.7260,0.1125,-0.0695,30.13,-8.15,172.6,170.5,1.333,0.201,2.008
1791426877.6569138,0.6350,0.5695,0.5695,0.6350,0.7006,0.7006,0.6350,0.7538,0.4998,0.2458,0.2458,0.7006,0.7006,0.0369,0.0410,0.0574,0.0574,0.6810,0.8015,0.7290,0.1205,-0.0725,30.21,-8.13,172.7,170.6,1.277,0.202,
1791426877.6887412,0.8030,0.3646,0.5695,0.6350,0.6350,0.5695,0.6350,0.7006,0.8030,0.5695,0.2991,0.7006,0.7006,0.0369,0.0942,0.0737,0.0574,0.6810,0.8015,0.7090,0.1205,-0.0925,30.07,-8.43,173.2,171.6,1.373,0.204,2.145
1791426877.7204127,0.8030,0.8030,0.4998,0.5695,0.6350,0.6350,0.7006,0.6350,0.4998,0.4302,0.4302,0.7006,0.4998,0.0123,0.0737,0.0574,0.0737,0.6810,0.8055,,0.1245,,30.28,-8.48,173.3,171.8,1.359,0.205,2.038
1791426877.7528274,0.2991,0.8030,0.5695,0.6350,0.6350,0.4998,0.8030,0.7006,0.5695,0.4302,0.1966,0.6350,0.6350,0.0082,0.0246,0.0369,0.0369,,0.7995,0.7220,,-0.0775,30.28,-8.48,173.5,171.9,1.321,0.205,
1791426877.7847335,0.6350,0.7538,0.7006,0.4302,0.6350,0.6350,0.7006,0.6350,0.8030,0.6350,0.2991,0.6350,0.5695,0.0369,0.0737,0.0737,0.0574,0.6830,0.8005,0.7340,0.1175,-0.0665,30.37,-8.25,173.6,172.3,1.302,0.203,2.089
1791426877.818092,0.7006,0.9259,0.5695,0.7006,0.5695,0.7006,0.7006,0.6350,0.7538,0.6350,0.1966,0.7006,0.7006,0.0737,0.0574,0.0410,0.0410,0.6810,0.8025,0.7280,0.1215,-0.0745,30.39,-8.17,173.7,172.4,1.348,0.204,2.139
1791426877.8515954,0.5695,0.8030,0.4302,0.5695,0.4998,0.6350,0.6350,0.7006,0.5695,0.2991,0.2458,0.6350,0.6350,0.0369,0.1557,0.0942,0.0942,0.6810,0.7970,0.7240,0.1160,-0.0730,30.49,-8.22,173.4,172.4,1.231,0.202,
1791426877.884608,0.5695,0.4998,0.4998,0.5695,0.6350,0.5695,0.7006,0.7538,0.5695,0.6350,0.2458,0.5695,0.6350,0.0369,0.0574,0.0942,0.0942,0.6850,0.8005,0.7260,0.1155,-0.0745,30.34,-8.18,173.5,172.9,1.322,0.202,2.074
1791426877.9177582,0.7006,0.7006,0.5695,0.4302,0.6350,0.6350,0.8030,0.7538,0.3646,0.2458,0.3646,0.7006,0.6350,0.0737,0.0410,0.0942,0.0942,0.6850,0.8005,0.7290,0.1155,-0.0715,30.13,-8.00,173.7,173.0,1.390,0.203,2.169
1791426877.9588888,0.7538,0.5695,0.6350,0.7006,0.7006,0.6350,0.5695,0.7006,0.6350,0.5695,0.2458,0.7006,0.5695,0.0410,0.0574,0.0942,0.0737,0.6830,0.7975,0.7220,0.1145,-0.0755,30.22,-8.10,173.6,173.4,1.261,0.201,1.984
1791426877.9895487,0.5695,0.6350,0.4998,0.6350,0.4998,0.7006,0.8030,0.5695,0.5695,0.4302,0.2458,0.7006,0.7006,0.0369,0.0410,0.1229,0.0737,0.6810,0.8075,0.7310,0.1265,-0.0765,30.49,-8.14,173.5,173.4,1.310,0.202,2.143
1791426878.0221367,0.8030,0.5695,0.4998,0.5695,0.7006,0.5695,0.7538,0.7006,0.4998,0.3646,0.3646,0.7538,0.7006,0.0246,0.0410,0.0574,0.0737,0.6900,0.8075,0.7310,0.1175,-0.0765,30.69,-8.16,173.6,172.9,1.317,0.200,2.029
1791426878.0539393,0.6350,0.6350,0.7538,0.4998,0.4998,0.7006,0.7006,0.7538,0.4998,0.7006,0.1966,0.6350,0.6350,0.0164,0.0574,0.0942,0.0410,0.6830,0.7970,0.7130,0.1140,-0.0840,30.37,-8.28,173.6,172.8,1.366,0.201,2.105
1791426878.0860827,0.8030,0.8767,0.6350,0.5695,0.5695,0.7538,0.7006,0.6350,0.6350,0.4302,0.3646,0.7538,0.5695,0.0574,0.0246,0.0942,0.0574,0.6830,0.7985,0.7280,0.1155,-0.0705,30.10,-8.11,173.5,172.0,1.351,0.202,2.072
1791426878.1188054,0.7006,0.7006,0.5695,0.6350,0.6350,0.6350,0.6350,0.6350,0.7006,0.5695,0.2991,0.7006,0.7006,0.0164,0.0410,0.0574,0.0737,0.6820,0.7940,0.7200,0.1120,-0.0740,29.82,-8.12,173.7,171.9,1.288,0.203,2.062
1791426878.1518533,0.7006,0.7006,0.2991,0.4302,0.5695,0.4302,0.7006,0.7538,0.6350,0.6350,0.1966,0.7006,0.6350,0.0246,0.0737,0.0942,0.0737,0.6840,0.8045,0.7140,0.1205,-0.0905,29.71,-8.31,174.0,172.3,1.426,0.205,2.202
1791426878.1855297,0.4998,0.5695,0.7006,0.4998,0.5695,0.5695,0.7538,0.6350,0.4998,0.7006,0.4302,0.7006,0.7006,0.0369,0.0246,0.0410,0.0574,0.6850,0.8030,0.7230,0.1180,-0.0800,29.75,-8.28,174.2,172.0,1.399,0.205,2.074
1791426878.2183297,0.8440,0.8767,0.5695,0.5695,0.5695,0.7006,0.7538,0.7538,0.7006,0.6350,0.3646,0.6350,0.6350,0.0246,0.0369,0.0737,0.0574,0.6810,0.7990,0.7260,0.1180,-0.0730,29.86,-8.18,174.2,172.4,1.335,0.205,2.024
1791426878.2594814,0.7538,0.6350,0.3646,0.6350,0.7006,0.7538,0.8030,0.7538,0.5695,0.5695,0.2991,0.8030,0.5695,0.0369,0.0410,0.0942,0.0410,0.6830,0.7980,0.7290,0.1150,-0.0690,29.84,-8.10,174.4,172.7,1.267,0.204,2.025
1791426878.2906756,0.8440,0.8440,0.4998,0.5695,0.4998,0.7538,0.6350,0.8030,0.7006,0.1966,0.2458,0.7006,0.5695,0.0369,0.0574,0.0737,0.0574,0.6830,0.7980,0.7290,0.1150,-0.0690,29.98,-8.02,173.9,172.9,1.273,0.202,
1791426878.3221555,0.7006,0.5695,0.4998,0.5695,0.4998,0.6350,0.7006,0.5695,0.7538,0.5695,0.1966,0.7538,0.5695,0.0410,0.0205,0.0574,0.0574,0.6810,0.7975,0.7310,0.1165,-0.0665,30.01,-7.89,174.2,172.6,1.291,0.202,2.090
1791426878.3534665,0.8767,0.5695,0.7538,0.5695,0.6350,0.6350,0.7538,0.5695,0.4998,0.6350,0.1557,0.7538,0.6350,0.0205,0.0369,0.2991,0.0410,0.6840,0.7995,0.6990,0.1155,-0.1005,30.10,-8.47,174.1,173.0,1.323,0.201,2.034
1791426878.385824,0.7006,0.5695,0.6350,0.6350,0.4998,0.7006,0.6350,0.7538,0.4302,0.6350,0.1557,0.6350,0.7006,0.0246,0.0574,0.0410,0.0574,0.6850,0.7980,0.7270,0.1130,-0.0710,29.54,-8.32,174.1,173.1,1.311,0.204,2.111
1791426878.4193306,0.7538,0.7538,0.4998,0.4998,0.6350,0.5695,0.6350,0.7006,0.7006,0.3646,0.2991,0.7006,0.5695,0.0205,0.0246,0.0737,0.0737,0.6840,0.8050,0.7340,0.1210,-0.0710,30.20,-8.27,174.1,172.2,1.252,0.201,1.997
1791426878.4522653,0.7538,0.6350,0.7006,0.4302,0.4302,0.8767,0.7538,0.7538,0.3646,0.7006,0.2991,0.7538,0.5695,0.0246,0.0737,0.0410,0.0737,0.6830,0.8040,0.7230,0.1210,-0.0810,29.98,-8.23,174.1,172.2,1.425,0.204,2.207
1791426878.4854777,0.7006,0.6350,0.4302,0.6350,0.4998,0.4998,0.8030,0.5695,0.4998,0.3646,0.2991,0.7006,0.6350,0.0123,0.0164,0.1229,0.0410,0.6810,0.8020,0.7240,0.1210,-0.0780,30.19,-8.32,174.2,172.2,1.278,0.203,2.061
1791426878.5197752,0.8440,0.6350,0.7538,0.5695,0.4998,0.4998,0.8030,0.7538,0.7538,0.3646,0.2991,0.7006,0.5695,0.0369,0.0410,0.0737,0.0574,0.6810,0.7980,0.7220,0.1170,-0.0760,30.13,-8.24,174.1,172.0,1.362,0.203,2.145
1791426878.5602198,0.7538,0.4998,0.4998,0.6350,0.7006,0.5695,0.8030,0.6350,0.5695,0.7538,0.3646,0.7006,0.5695,0.0737,0.0737,0.0737,0.0737,0.6850,0.8010,0.7300,0.1160,-0.0710,29.83,-8.03,174.4,172.3,1.400,0.205,2.133
1791426878.593068,0.8767,0.5695,0.7006,0.6350,0.4998,0.6350,0.7538,0.7006,0.4302,0.2458,0.3646,0.7006,0.5695,0.0369,0.0574,0.0410,0.0410,0.6860,0.7985,0.7210,0.1125,-0.0775,30.23,-8.13,174.3,172.9,1.287,0.200,1.928
1791426878.6240487,0.7538,0.4998,0.5695,0.3646,0.4302,0.6350,0.7006,0.6350,0.5695,0.6350,0.1229,0.7006,0.5695,0.0246,0.0410,0.0574,0.0942,0.6820,0.8050,0.7280,0.1230,-0.0770,30.25,-8.11,174.3,173.3,1.362,0.202,2.172
1791426878.6545904,0.7538,0.7006,0.7006,0.4998,0.4998,0.6350,0.7006,0.7006,0.6350,0.1557,0.3646,0.6350,0.4998,0.0164,0.0574,0.0737,0.0737,0.6820,0.7980,,0.1160,,30.24,-8.03,174.3,173.4,1.351,0.202,2.038
1791426878.6867173,0.4998,0.4302,0.5695,0.2991,0.7006,0.7006,0.8030,0.6350,0.4998,0.2458,0.3646,0.6350,0.4998,0.0574,0.0737,0.1966,0.0737,0.6890,0.7995,,0.1105,,30.25,-8.12,174.0,173.1,1.243,0.199,1.854
1791426878.7203395,0.7006,0.4998,0.4998,0.5695,0.5695,0.6350,0.6350,0.5695,0.4998,0.4302,0.2458,0.6350,0.5695,0.0369,0.0246,0.0574,0.0574,0.6850,0.7970,0.7180,0.1120,-0.0790,30.17,-8.26,174.5,173.0,1.269,0.198,1.970
1791426878.751808,0.7006,0.7006,0.7538,0.5695,0.5695,0.6350,0.6350,0.7538,0.4998,0.7006,0.1557,0.5695,0.6350,0.0164,0.0737,0.0942,0.0410,0.6830,0.7955,0.7240,0.1125,-0.0715,30.31,-8.26,174.0,173.1,1.238,0.196,1.950
1791426878.7865722,0.7006,0.8030,0.4302,0.3646,0.6350,0.6350,0.7006,0.7006,0.4302,0.1557,0.2458,0.6350,0.5695,0.0205,0.0574,0.0369,0.0369,0.6850,0.7980,0.7210,0.1130,-0.0770,30.06,-8.30,173.9,172.7,1.294,0.198,
1791426878.8206823,0.7006,0.7538,0.5695,0.5695,0.6350,0.4998,0.6350,0.7006,0.6350,0.5695,0.2458,0.7006,0.6350,0.0369,0.0574,0.0410,0.0410,0.6840,0.8005,0.7230,0.1165,-0.0775,29.74,-8.20,174.2,172.7,1.405,0.201,2.209
1791426878.8530486,0.7006,0.7006,0.7006,0.4998,0.4998,0.6350,0.7006,0.5695,0.6350,0.1966,0.2458,0.6350,0.6350,0.0164,0.0574,0.0737,0.0410,0.6820,0.8050,0.7150,0.1230,-0.0900,29.69,-8.38,173.9,172.0,1.415,0.204,
1791426878.8863065,0.9054,0.7006,0.5695,0.6350,0.7006,0.7006,0.8030,0.7538,0.7006,0.7538,0.3646,0.7006,0.5695,0.0164,0.0574,0.0737,0.0369,0.6840,0.8020,0.7050,0.1180,-0.0970,29.89,-8.80,173.8,172.2,1.303,0.203,1.945
1791426878.9258056,0.8030,0.8440,0.6350,0.5695,0.5695,0.6350,0.6350,0.7006,0.7006,0.6350,0.2458,0.5695,0.6350,0.0574,0.0205,0.0410,0.0737,0.6840,0.8030,0.7290,0.1190,-0.0740,30.01,-8.65,173.8,172.1,1.313,0.203,2.116
1791426878.9579413,0.7538,0.5695,0.5695,0.4302,0.5695,0.7006,0.7538,0.8030,0.5695,0.5695,0.4302,0.7538,0.7006,0.0369,0.0369,0.0942,0.0574,0.6840,0.8015,0.7150,0.1175,-0.0865,30.20,-8.77,173.9,172.8,1.330,0.201,2.007
1791426878.988469,0.4998,0.8440,0.7006,0.7006,0.7006,0.7538,0.4998,0.6350,0.4998,0.4998,0.4302,0.7006,0.6350,0.0123,0.0246,0.0737,0.0574,0.6830,0.8010,0.7090,0.1180,-0.0920,30.70,-9.07,173.3,172.9,1.261,0.198,1.875
1791426879.0194035,0.7538,0.7006,0.5695,0.5695,0.6350,0.4998,0.7006,0.4998,0.7006,0.4302,0.3646,0.6350,0.6350,0.0164,0.0574,0.0574,0.0574,0.6840,0.8065,0.7320,0.1225,-0.0745,30.60,-8.86,173.5,172.7,1.324,0.200,1.960
1791426879.0530262,0.6350,0.4998,0.3646,0.6350,0.5695,0.7538,0.7538,0.7006,0.6350,0.6350,0.3646,0.7006,0.6350,0.0369,0.0574,0.1229,0.0574,0.6840,0.7955,0.7300,0.1115,-0.0655,30.44,-8.56,173.3,172.6,1.272,0.199,1.962
1791426879.0860643,0.6350,0.7006,0.6350,0.4302,0.7538,0.7006,0.6350,0.7006,0.4302,0.4998,0.1229,0.5695,0.4998,0.0123,0.0942,0.0410,0.0410,0.6860,0.8015,,0.1155,,30.18,-8.60,173.4,172.5,1.286,0.201,2.102
1791426879.1202066,0.8030,0.6350,0.6350,0.5695,0.4302,0.8440,0.7538,0.8440,0.7006,0.4998,0.2991,0.7006,0.6350,0.0123,0.0737,0.0410,0.0737,0.6850,0.8020,0.7180,0.1170,-0.0840,29.95,-8.64,173.5,172.6,1.358,0.203,2.150
1791426879.152988,0.7006,0.6350,0.5695,0.6350,0.3646,0.6350,0.5695,0.4998,0.6350,0.2991,0.1966,0.6350,0.7006,0.0164,0.0410,0.0574,0.0574,0.6850,0.8005,0.6980,0.1155,-0.1025,29.54,-9.00,173.3,172.4,1.408,0.206,
1791426879.1861851,0.4998,0.6350,0.7006,0.5695,0.5695,0.6350,0.7538,0.5695,0.5695,0.2991,0.2458,0.7006,0.5695,0.0123,0.0205,0.0737,0.0574,0.6840,0.8040,0.7260,0.1200,-0.0780,29.57,-8.89,173.5,172.5,1.308,0.207,
1791426879.2266984,0.7538,0.3646,0.4998,0.4302,0.6350,0.7006,0.7006,0.6350,0.5695,0.1966,0.2458,0.7006,0.5695,0.0082,0.0410,0.1229,0.0942,0.6850,0.8060,0.7320,0.1210,-0.0740,29.43,-8.68,173.3,172.9,1.345,0.209,
1791426879.2585356,0.4302,0.7006,0.4998,0.4998,0.4998,0.2991,0.7006,0.7006,0.7538,0.6350,0.4302,0.7006,0.6350,0.0205,0.0246,0.0737,0.0942,0.6870,,0.7220,,,29.43,-8.68,173.3,172.9,,,
1791426879.289539,0.4998,0.7538,0.3646,0.5695,0.7006,0.6350,0.7538,0.7538,0.6350,0.4302,0.4302,0.7538,0.7006,0.0246,0.0246,0.0942,0.0737,0.6850,0.8045,0.7300,0.1195,-0.0745,29.15,-8.58,173.4,172.6,1.299,0.212,2.072
1791426879.3208838,0.6350,0.7006,0.6350,0.6350,0.5695,0.7006,0.8440,0.7006,0.3646,0.7006,0.2991,0.7006,0.7006,0.0574,0.0737,0.3646,0.0410,0.6850,0.7970,0.7300,0.1120,-0.0670,29.15,-8.35,173.4,172.0,1.291,0.210,2.047
1791426879.353396,0.6350,0.8030,0.5695,0.5695,0.7538,0.7538,0.7538,0.7006,0.5695,0.7006,0.2458,0.7006,0.5695,0.0246,0.0246,0.0574,0.0737,0.6870,0.8060,0.7240,0.1190,-0.0820,29.30,-8.47,173.6,171.2,1.302,0.209,2.064
1791426879.3866456,0.6350,0.6350,0.6350,0.5695,0.6350,0.7538,0.7006,0.7538,0.6350,0.6350,0.2991,0.6350,0.5695,0.0246,0.0737,0.0410,0.0574,0.6850,0.8075,0.7140,0.1225,-0.0935,29.69,-8.86,173.6,171.0,1.265,0.208,1.995
1791426879.4202788,0.5695,0.4302,0.4302,0.6350,0.3646,0.6350,0.7538,0.8440,0.6350,0.5695,0.2458,0.6350,0.5695,0.0246,0.0369,0.0574,0.0369,0.6860,0.8015,0.7210,0.1155,-0.0805,29.29,-8.81,173.6,171.4,1.327,0.210,2.162
1791426879.454279,0.4998,0.7006,0.5695,0.4998,0.4302,0.5695,0.7006,0.7538,0.4998,0.5695,0.3646,0.8030,0.6350,0.0369,0.0410,0.0574,0.1229,0.6860,0.8035,0.7300,0.1175,-0.0735,29.64,-8.65,173.5,171.2,1.303,0.207,1.998
1791426879.4882572,0.8030,0.5695,0.7006,0.3646,0.7006,0.5695,0.7006,0.7006,0.5695,0.1557,0.3646,0.4998,0.5695,0.0369,0.0369,0.0942,0.0737,0.6860,0.8050,,0.1190,,29.98,-8.76,173.2,171.7,1.258,0.205,2.000
1791426879.5269783,0.7538,0.4998,0.7006,0.5695,0.4998,0.6350,0.7006,0.5695,0.4302,0.4998,0.2458,0.6350,0.7006,0.0205,0.0410,0.1229,0.0369,0.6860,0.8080,0.7120,0.1220,-0.0960,29.84,-8.98,173.1,171.5,1.386,0.207,2.178
1791426879.5594816,0.5695,0.5695,0.4998,0.6350,0.4998,0.5695,0.8030,0.3646,0.2991,0.3646,0.2458,0.7006,0.6350,0.0164,0.0369,0.0942,0.0410,0.6880,0.8010,0.7200,0.1130,-0.0810,29.59,-9.01,173.1,171.9,1.259,0.207,2.011
1791426879.590387,0.4998,0.6350,0.4998,0.5695,0.5695,0.7006,0.8030,0.6350,0.4998,0.4998,0.2991,0.7006,0.6350,0.0410,0.0369,0.0737,0.0942,0.6860,0.8065,0.7260,0.1205,-0.0805,30.00,-9.14,172.7,171.2,1.179,0.205,1.915
1791426879.6229832,0.6350,0.4302,0.4998,0.4998,0.4998,0.7006,0.7538,0.7006,0.4998,0.4998,0.3646,0.7006,0.7006,0.0369,0.0737,0.1557,0.0942,0.6920,0.8035,0.7260,0.1115,-0.0775,29.15,-8.81,173.1,171.5,1.444,0.210,2.291
1791426879.6540394,0.6350,0.7006,0.5695,0.5695,0.7006,0.5695,0.6350,0.7006,0.5695,0.7006,0.3646,0.7538,0.6350,0.0205,0.0164,0.0574,0.0410,0.6860,0.8020,0.7290,0.1160,-0.0730,29.23,-8.63,173.0,171.7,1.312,0.209,2.007
1791426879.68745,0.8440,0.5695,0.4302,0.5695,0.6350,0.5695,0.7538,0.6350,0.5695,0.2458,0.1229,0.4998,0.6350,0.0369,0.0574,0.1557,0.0369,0.6860,0.8030,,0.1170,,29.13,-8.64,173.0,172.1,1.294,0.210,
1791426879.720767,0.5695,0.5695,0.5695,0.7006,0.7006,0.5695,0.7538,0.7006,0.7538,0.6350,0.2458,0.7006,0.7006,0.0246,0.0410,0.0737,0.0410,0.6860,0.8050,0.7340,0.1190,-0.0710,29.28,-8.51,173.2,172.0,1.271,0.209,2.095
1791426879.7542405,0.7538,0.7006,0.4302,0.5695,0.4998,0.5695,0.7538,0.4998,0.4998,0.6350,0.1229,0.5695,0.6350,0.0410,0.0410,0.0737,0.0737,0.6890,0.8010,0.7290,0.1120,-0.0720,29.38,-8.44,172.8,171.4,1.255,0.206,1.980
1791426879.7873015,0.4998,0.5695,0.4302,0.5695,0.6350,0.7006,0.4998,0.6350,0.5695,0.2458,0.2991,0.7006,0.6350,0.0246,0.0369,0.0942,0.0737,0.6890,0.8025,0.7220,0.1135,-0.0805,29.21,-8.52,173.0,171.4,1.290,0.207,
1791426879.821412,0.6350,0.4998,0.5695,0.4998,0.5695,0.7538,0.6350,0.7006,0.7006,0.4998,0.1557,0.7006,0.6350,0.0369,0.0246,0.0410,0.0574,0.6870,0.8050,0.7250,0.1180,-0.0800,28.91,-8.51,173.8,170.8,1.342,0.210,2.174
1791426879.862779,0.7006,0.4302,0.6350,0.4302,0.4998,0.7006,0.4998,0.6350,0.7006,0.4302,0.2458,0.6350,0.7006,0.0410,0.0942,0.0737,0.0574,0.6860,0.8055,0.7270,0.1195,-0.0785,29.47,-8.49,173.3,171.1,1.330,0.207,2.102
1791426879.894112,0.5695,0.7006,0.7538,0.4998,0.4998,0.7006,0.7006,0.8030,0.5695,0.1557,0.2458,0.6350,0.4998,0.0205,0.0410,0.0574,0.0574,0.6870,0.8080,,0.1210,,29.34,-8.51,173.3,171.4,1.359,0.209,
1791426879.9266233,0.6350,0.8440,0.8030,0.5695,0.4998,0.8440,0.7006,0.8440,0.4998,0.4998,0.2991,0.6350,0.6350,0.0369,0.0410,0.1557,0.0574,0.6900,0.8055,0.7310,0.1155,-0.0745,29.35,-8.46,173.2,171.4,1.287,0.208,2.089
1791426879.9590085,0.5695,0.6350,0.6350,0.4302,0.4998,0.4302,0.7006,0.7006,0.5695,0.3646,0.2991,0.4302,0.6350,0.0410,0.0205,0.0410,0.0369,0.6910,0.8025,,0.1115,,29.33,-8.49,173.3,171.8,1.247,0.207,1.994
1791426879.9886186,0.7538,0.6350,0.7006,0.5695,0.5695,0.4998,0.4998,0.6350,0.5695,0.2991,0.1966,0.6350,0.4998,0.0737,0.0410,0.1557,0.1229,0.6910,0.8055,,0.1145,,29.58,-8.56,173.1,171.5,1.265,0.204,
1791426880.022052,0.4998,0.4998,0.2991,0.6350,0.5695,0.6350,0.6350,0.7538,0.6350,0.4998,0.2458,0.6350,0.5695,0.0410,0.0942,0.1557,0.0574,0.6960,0.8045,0.7300,0.1085,-0.0745,29.77,-8.62,172.8,170.9,1.190,0.200,1.886
1791426880.0549595,0.5695,0.7538,0.6350,0.6350,0.4302,0.6350,0.7538,0.7006,0.7538,0.5695,0.4302,0.7006,0.4998,0.0410,0.0410,0.0942,0.0942,0.6880,0.8105,,0.1225,,29.75,-8.63,173.0,170.8,1.359,0.203,2.134
1791426880.0875678,0.4998,0.5695,0.8030,0.6350,0.4302,0.6350,0.7006,0.8030,0.7538,0.4998,0.2991,0.7538,0.6350,0.0574,0.0942,0.1557,0.0737,0.6910,0.8130,0.7080,0.1220,-0.1050,30.38,-9.14,173.0,170.5,1.343,0.200,2.055
1791426880.1205802,0.7538,0.7538,0.5695,0.6350,0.7006,0.4998,0.6350,0.7006,0.5695,0.5695,0.1557,0.7006,0.7538,0.0246,0.0574,0.0737,0.0574,0.6900,0.8115,0.7130,0.1215,-0.0985,30.87,-9.51,172.9,170.0,1.263,0.197,1.967
1791426880.154375,0.6350,0.5695,0.6350,0.6350,0.6350,0.5695,0.6350,0.7006,0.7006,0.7006,0.2991,0.6350,0.6350,0.0164,0.0574,0.0574,0.0410,0.6900,0.8115,0.7020,0.1215,-0.1095,31.04,-9.97,173.2,169.8,1.313,0.197,2.020
1791426880.195014,0.4998,0.7006,0.5695,0.4998,0.6350,0.7006,0.8030,0.5695,0.7538,0.6350,0.4302,0.4998,0.5695,0.0205,0.0164,0.0369,0.0574,0.6900,0.8115,,0.1215,,30.87,-9.96,173.3,170.7,1.342,0.200,2.163
1791426880.2264416,0.5695,0.5695,0.5695,0.6350,0.7006,0.6350,0.7006,0.8440,0.5695,0.2458,0.2458,0.7006,0.7006,0.0164,0.0574,0.0737,0.0574,0.6890,0.8040,0.7030,0.1150,-0.1010,30.41,-10.09,173.1,170.7,1.353,0.202,
1791426880.258994,0.7538,0.5695,0.8440,0.6350,0.4998,0.6350,0.7006,0.6350,0.6350,0.5695,0.2458,0.7006,0.6350,0.0369,0.0942,0.0369,0.0369,0.6900,0.8060,0.7210,0.1160,-0.0850,30.32,-9.98,173.1,171.0,1.263,0.202,2.031
1791426880.2900755,0.5695,0.7006,0.7006,0.4998,0.4998,0.6350,0.7006,0.5695,0.8440,0.5695,0.4302,0.7006,0.6350,0.0369,0.0246,0.0410,0.0737,0.6920,0.8120,0.6990,0.1200,-0.1130,30.35,-10.29,173.3,171.4,1.397,0.202,2.058
1791426880.320823,0.7006,0.8030,0.5695,0.7006,0.4302,0.7006,0.7006,0.7538,0.4302,0.5695,0.4302,0.5695,0.5695,0.0410,0.0410,0.0574,0.0574,0.6910,0.8070,0.7120,0.1160,-0.0950,29.99,-10.14,173.3,172.1,1.408,0.204,2.158
1791426880.354685,0.8030,0.2991,0.5695,0.5695,0.2991,0.7006,0.6350,0.7538,0.6350,0.7006,0.0942,0.7006,0.6350,0.0410,0.0574,0.0574,0.0574,0.6910,0.8065,0.7190,0.1155,-0.0875,29.83,-9.99,173.4,172.3,1.327,0.205,2.111
1791426880.3879948,0.6350,0.4302,0.5695,0.5695,0.4998,0.7006,0.5695,0.4302,0.4302,0.5695,0.2991,0.5695,0.4998,0.0123,0.1229,0.0737,0.0574,0.6920,0.8040,,0.1120,,29.71,-9.94,173.6,171.9,1.311,0.204,2.088
1791426880.4220588,0.7006,0.8440,0.5695,0.3646,0.2458,0.6350,0.7006,0.8440,0.4998,0.5695,0.1966,0.6350,0.6350,0.0410,0.0737,0.0369,0.0369,0.6920,0.8065,0.7150,0.1145,-0.0915,29.51,-9.92,173.6,172.4,1.321,0.205,2.103
1791426880.4561362,0.6350,0.7538,0.4998,0.4998,0.6350,0.4998,0.7538,0.5695,0.4998,0.5695,0.1557,0.7006,0.5695,0.0123,0.0369,0.0942,0.0410,0.6930,0.8110,0.7120,0.1180,-0.0990,29.97,-10.20,173.8,171.9,1.226,0.202,1.939
1791426880.4961,0.7006,0.4302,0.4998,0.5695,0.4302,0.7538,0.6350,0.7006,0.4998,0.4998,0.1229,0.7006,0.6350,0.0369,0.0410,0.1229,0.0369,0.6940,0.8080,0.6930,0.1140,-0.1150,29.75,-10.59,173.6,171.9,1.338,0.203,2.108
1791426880.5272338,0.5695,0.8030,0.5695,0.3646,0.4998,0.7538,0.5695,0.5695,0.7006,0.2458,0.2991,0.7006,0.5695,0.0082,0.0164,0.0737,0.0737,0.6940,0.8120,0.7250,0.1180,-0.0870,29.79,-10.34,173.5,172.8,1.322,0.203,
1791426880.5576208,0.8767,0.7538,0.4302,0.6350,0.7538,0.7006,0.7538,0.7538,0.4302,0.7006,0.3646,0.4998,0.7006,0.0369,0.0410,0.0123,0.0369,0.6950,0.8160,,0.1210,,30.25,-10.56,173.7,172.0,1.278,0.201,1.982
1791426880.5907817,0.7538,0.7538,0.4302,0.5695,0.6350,0.5695,0.8030,0.7006,0.7006,0.3646,0.4302,0.6350,0.6350,0.0164,0.0369,0.0574,0.0574,0.6960,0.8090,0.7030,0.1130,-0.1060,29.93,-10.69,173.8,171.6,1.338,0.202,2.075
1791426880.6219804,0.6350,0.6350,0.7006,0.5695,0.4998,0.5695,0.6350,0.7006,0.7538,0.4998,0.1229,0.5695,0.5695,0.0205,0.0369,0.1557,0.0205,0.6960,0.8170,0.7130,0.1210,-0.1040,30.51,-10.83,173.4,171.7,1.289,0.199,2.024
1791426880.6556604,0.6350,0.7006,0.4998,0.5695,0.3646,0.7006,0.4998,0.7006,0.4302,0.6350,0.1229,0.7006,0.6350,0.0246,0.0205,0.0410,0.0369,0.6960,0.8090,0.7150,0.1130,-0.0940,30.77,-10.83,173.1,172.3,1.231,0.196,1.917
1791426880.6897094,0.4998,0.4998,0.5695,0.7006,0.5695,0.7538,0.7006,0.7538,0.6350,0.5695,0.2458,0.6350,0.5695,0.0205,0.0369,0.1229,0.0369,0.6970,0.8100,0.7200,0.1130,-0.0900,30.19,-10.56,173.0,172.4,1.340,0.199,2.127
1791426880.7224746,0.7006,0.3646,0.6350,0.5695,0.5695,0.6350,0.6350,0.6350,0.3646,0.5695,0.2458,0.7006,0.5695,0.0410,0.0205,0.0410,0.0410,0.6970,0.8075,0.7140,0.1105,-0.0935,29.77,-10.53,172.9,172.1,1.274,0.201,2.052
1791426880.763893,0.8440,0.7538,0.7006,0.5695,0.3646,0.4998,0.6350,0.2991,0.4998,0.2991,0.2991,0.6350,0.6350,0.0246,0.0369,0.0574,0.0574,0.6970,0.8185,0.6980,0.1215,-0.1205,29.91,-10.93,172.9,172.0,1.365,0.202,
1791426880.795566,0.7538,0.4998,0.4302,0.6350,0.5695,0.4998,0.6350,0.7538,0.6350,0.8030,0.2458,0.6350,0.6350,0.0369,0.0246,0.0410,0.0410,0.6980,0.8110,0.7080,0.1130,-0.1030,30.04,-11.05,172.2,171.9,1.261,0.200,2.013
1791426880.826627,0.7006,0.8030,0.4998,0.5695,0.4302,0.8030,0.7538,0.6350,0.5695,0.6350,0.2991,0.7006,0.6350,0.0369,0.0410,0.0737,0.0737,0.6980,0.8100,0.7230,0.1120,-0.0870,29.65,-10.80,172.2,172.4,1.266,0.202,2.068
1791426880.8578997,0.8440,0.7538,0.4302,0.5695,0.4998,0.7006,0.6350,0.7538,0.5695,0.6350,0.2991,0.4302,0.6350,0.0246,0.0574,0.0410,0.0574,0.6980,0.8080,,0.1100,,28.91,-10.70,172.4,172.1,1.309,0.206,2.141
1791426880.8890555,0.7006,0.7006,0.5695,0.5695,0.4302,0.3646,0.6350,0.6350,0.6350,0.6350,0.2458,0.7006,0.5695,0.0246,0.0369,0.0737,0.0942,0.6980,0.8190,0.7270,0.1210,-0.0920,29.44,-10.60,172.5,172.8,1.281,0.204,2.081
1791426880.9226546,0.7006,0.7006,0.5695,0.6350,0.6350,0.6350,0.5695,0.6350,0.6350,0.6350,0.2991,0.7538,0.6350,0.0410,0.0369,0.0410,0.0574,0.6990,0.8100,0.7230,0.1110,-0.0870,29.06,-10.30,172.8,172.5,1.347,0.206,2.167
1791426880.9561973,0.8440,0.7006,0.5695,0.5695,0.4302,0.5695,0.8030,0.6350,0.6350,0.7006,0.2458,0.7538,0.6350,0.0369,0.0246,0.0410,0.0737,0.6990,0.8085,0.7200,0.1095,-0.0885,28.93,-10.22,172.6,172.3,1.269,0.205,2.072
1791426880.9882698,0.7538,0.5695,0.5695,0.5695,0.6350,0.5695,0.5695,0.7006,0.4998,0.6350,0.1966,0.4998,0.7006,0.0164,0.0369,0.0410,0.0574,0.7030,0.8130,,0.1100,,28.95,-10.24,172.4,173.7,1.312,0.204,2.078
1791426881.0216694,0.7006,0.6350,0.4302,0.5695,0.7006,0.6350,0.7006,0.7538,0.6350,0.6350,0.2458,0.6350,0.7006,0.0205,0.0574,0.1229,0.0574,0.6980,0.8115,0.7100,0.1135,-0.1015,28.99,-10.45,172.4,173.5,1.268,0.204,2.036
1791426881.0560036,0.7006,0.8030,0.5695,0.5695,0.6350,0.6350,0.7538,0.8440,0.4998,0.5695,0.2991,0.7006,0.5695,0.0164,0.0574,0.0369,0.0410,0.6980,0.8120,0.7050,0.1140,-0.1070,28.67,-10.64,172.8,173.3,1.331,0.207,2.130
1791426881.0957382,0.4998,0.7538,0.4302,0.5695,0.4302,0.7538,0.5695,0.7006,0.5695,0.6350,0.1557,0.7538,0.5695,0.0574,0.0574,0.0369,0.0369,0.7020,0.8150,0.7160,0.1130,-0.0990,28.80,-10.70,172.8,172.7,1.278,0.206,2.041
1791426881.1264906,0.6350,0.7006,0.4302,0.5695,0.6350,0.7006,0.7006,0.5695,0.7538,0.2458,0.2458,0.7006,0.6350,0.0246,0.0410,0.0737,0.0369,0.6980,0.8205,0.7170,0.1225,-0.1035,29.25,-10.85,172.6,,1.280,0.205,
1791426881.157728,0.8030,0.5695,0.4998,0.4998,0.6350,0.6350,0.8030,0.7006,0.4998,0.5695,0.4302,0.7006,0.7006,0.0164,0.0410,0.0410,0.0123,0.7000,0.8155,0.7030,0.1155,-0.1125,28.63,-10.84,172.7,172.6,1.472,0.211,2.296
1791426881.1903102,0.6350,0.8030,0.5695,0.5695,0.7006,0.7538,0.8030,0.7538,0.7538,0.5695,0.3646,0.7006,0.6350,0.0369,0.0205,0.0737,0.0410,0.6980,0.8095,0.7170,0.1115,-0.0925,28.46,-10.73,172.4,172.9,1.279,0.211,2.009
1791426881.222321,0.6350,0.7538,0.7006,0.7006,0.7006,0.7006,0.6350,0.4998,0.3646,0.2991,0.2991,0.7006,0.7006,0.0164,0.0123,0.0410,0.0574,0.6990,0.8100,0.7010,0.1110,-0.1090,28.21,-10.92,172.5,172.9,1.318,0.212,
1791426881.2550495,0.7006,0.5695,0.4998,0.5695,0.7006,0.7538,0.7538,0.6350,0.7006,0.4998,0.2458,0.5695,0.5695,0.0369,0.0369,0.0410,0.0164,0.6990,0.8110,0.7100,0.1120,-0.1010,27.97,-10.81,172.4,173.6,1.376,0.213,2.192
1791426881.2891955,0.8440,0.4998,0.4998,0.5695,0.6350,0.6350,0.6350,0.7538,0.4998,0.1557,0.2991,0.4998,0.4998,0.0123,0.0410,0.0737,0.0737,0.7010,0.8055,,0.1045,,27.37,-10.55,172.8,173.2,1.407,0.216,
1791426881.3217156,0.7006,0.7538,0.4998,0.6350,0.5695,0.5695,0.7006,0.6350,0.6350,0.6350,0.1557,0.7006,0.6350,0.0205,0.0410,0.0737,0.0942,0.6980,0.8115,0.6790,0.1135,-0.1325,27.36,-11.11,172.8,172.7,1.409,0.216,2.219
1791426881.3566837,0.4998,0.6350,0.7538,0.7006,0.6350,0.7006,0.7006,0.7538,0.8030,0.4998,0.1229,0.6350,0.6350,0.0164,0.0410,0.0942,0.0574,0.6960,0.8085,0.7150,0.1125,-0.0935,27.64,-10.86,173.1,172.5,1.349,0.214,2.120
1791426881.3967164,0.7538,0.4302,0.6350,0.6350,0.6350,0.7006,0.6350,0.5695,0.7538,0.7006,0.0574,0.7006,0.6350,0.0369,0.0246,0.0574,0.0737,0.6970,0.8085,0.7070,0.1115,-0.1015,27.68,-10.86,173.2,173.1,1.324,0.213,2.097
1791426881.4276023,0.8030,0.8030,0.5695,0.6350,0.4998,0.7006,0.6350,0.5695,0.7006,0.4998,0.4302,0.6350,0.6350,0.0205,0.0246,0.0410,0.0574,0.6980,0.8080,0.7090,0.1100,-0.0990,27.36,-10.66,173.5,172.7,1.415,0.216,2.109
1791426881.459969,0.5695,0.7006,0.6350,0.6350,0.6350,0.7538,0.6350,0.7006,0.6350,0.1966,0.4302,0.6350,0.6350,0.0082,0.0410,0.1557,0.0574,0.6980,0.8060,0.7160,0.1080,-0.0900,27.31,-10.50,173.2,172.2,1.299,0.215,1.957
1791426881.4914458,0.6350,0.8030,0.6350,0.7538,0.4998,0.7006,0.6350,0.7006,0.6350,0.6350,0.1557,0.7006,0.6350,0.0246,0.0369,0.0574,0.0410,0.6970,0.8090,0.7200,0.1120,-0.0890,27.40,-10.27,173.3,171.9,1.353,0.214,2.157
1791426881.5223699,0.7538,0.5695,0.4998,0.5695,0.4998,0.5695,0.5695,0.5695,0.7006,0.4302,0.1966,0.7006,0.5695,0.0246,0.0205,0.0410,0.0574,0.6970,0.8110,0.7190,0.1140,-0.0920,27.59,-10.17,173.3,173.3,1.339,0.214,2.101
1791426881.5553322,0.8030,0.8440,0.7538,0.6350,0.5695,0.6350,0.6350,0.5695,0.5695,0.6350,0.2458,0.4302,0.4998,0.0246,0.0205,0.0942,0.0737,0.6960,0.8065,,0.1105,,27.87,-10.40,173.2,173.7,1.156,0.211,1.919
1791426881.5896554,0.7006,0.4998,0.6350,0.5695,0.5695,0.7006,0.6350,0.8767,0.5695,0.2991,0.1229,0.7006,0.5695,0.0164,0.0410,0.0410,0.0737,0.6970,0.8075,0.7130,0.1105,-0.0945,28.09,-10.43,173.2,173.0,1.264,0.208,
1791426881.622722,0.5695,0.7538,0.6350,0.2991,0.4302,0.6350,0.7006,0.7538,0.7006,0.3646,0.2991,0.5695,0.4998,0.0123,0.0369,0.0574,0.0410,0.6960,0.8075,,0.1115,,27.98,-10.44,173.1,172.6,1.281,0.209,2.055
1791426881.6562436,0.7538,0.7006,0.8030,0.4998,0.6350,0.7006,0.6350,0.5695,0.5695,0.2458,0.2458,0.6350,0.6350,0.0164,0.0410,0.0574,0.0246,0.6960,0.8095,0.7150,0.1135,-0.0945,28.04,-10.36,173.2,171.9,1.333,0.210,
1791426881.6959853,0.7538,0.8030,0.7006,0.5695,0.5695,0.4998,0.8030,0.6350,0.7006,0.5695,0.2991,0.7538,0.6350,0.0164,0.0369,0.0574,0.0737,0.6970,0.8065,0.7190,0.1095,-0.0875,27.95,-10.23,172.9,171.8,1.278,0.210,2.059
1791426881.7284703,0.7006,0.6350,0.7006,0.4998,0.3646,0.7006,0.5695,0.6350,0.7538,0.5695,0.0942,0.4998,0.5695,0.0205,0.0369,0.0410,0.0574,0.6970,0.8075,,0.1105,,27.74,-10.26,173.0,171.6,1.275,0.211,2.084
1791426881.7603471,0.6350,0.5695,0.7538,0.5695,0.7006,0.7006,0.4998,0.4998,0.5695,0.3646,0.2458,0.6350,0.5695,0.0123,0.0574,0.0574,0.0410,0.6960,0.8105,0.7040,0.1145,-0.1065,27.93,-10.47,172.8,171.3,1.335,0.211,2.095
1791426881.792359,0.5695,0.7006,0.5695,0.4998,0.5695,0.5695,0.4998,0.7538,0.5695,0.5695,0.1557,0.7006,0.5695,0.0369,0.0246,0.0574,0.0369,0.6960,0.8125,0.7200,0.1165,-0.0925,28.33,-10.31,173.0,171.7,1.353,0.209,2.142
1791426881.824281,0.6350,0.8030,0.6350,0.7006,0.4998,0.6350,0.6350,0.7006,0.5695,0.5695,0.2991,0.6350,0.5695,0.0205,0.0205,0.0410,0.0369,0.6970,0.8115,0.7080,0.1145,-0.1035,28.26,-10.42,173.1,171.4,1.349,0.210,2.131
1791426881.8559885,0.6350,0.8440,0.7006,0.4998,0.4998,0.6350,0.5695,0.5695,0.4998,0.2991,0.1557,0.6350,0.6350,0.0205,0.0410,0.0369,0.0369,0.6970,0.8070,0.7160,0.1100,-0.0910,27.77,-10.15,173.3,171.0,1.415,0.214,
1791426881.8913107,0.4998,0.7006,0.5695,0.5695,0.5695,0.8440,0.6350,0.8440,0.4302,0.7006,0.2991,0.6350,0.6350,0.0369,0.0737,0.0737,0.0410,0.6970,0.8070,0.7200,0.1100,-0.0870,27.96,-10.00,173.5,171.0,1.316,0.211,2.081
1791426881.9241712,0.4998,0.7538,0.7006,0.5695,0.7006,0.5695,0.7538,0.5695,0.7006,0.1557,0.1966,0.6350,0.6350,0.0246,0.0369,0.0410,0.0574,0.6970,0.8115,0.7160,0.1145,-0.0955,28.04,-9.93,173.5,171.1,1.401,0.211,
1791426881.9661632,0.4998,0.6350,0.4302,0.7538,0.7006,0.5695,0.6350,0.5695,0.5695,0.2458,0.2991,0.7006,0.5695,0.0410,0.0410,0.0410,0.0369,0.6970,0.8055,0.7170,0.1085,-0.0885,27.58,-9.70,173.3,170.9,1.426,0.214,
1791426881.9970343,0.5695,0.7006,0.4998,0.6350,0.7538,0.7006,0.5695,0.4302,0.5695,0.5695,0.2458,0.7538,0.7006,0.0164,0.0246,0.0737,0.0737,0.6960,0.8115,0.7160,0.1155,-0.0955,27.42,-9.71,173.6,,1.392,0.217,2.212
1791426882.0276558,0.7538,0.7538,0.3646,0.5695,0.6350,0.5695,0.8030,0.7538,0.7006,0.4998,0.2991,0.5695,0.6350,0.0082,0.0369,0.0737,0.0369,0.6960,0.8090,0.6880,0.1130,-0.1210,27.47,-10.27,173.4,,1.361,0.216,2.129
1791426882.0596619,0.6350,0.7006,0.4998,0.6350,0.3646,0.7538,0.6350,0.6350,0.7006,0.5695,0.2458,0.7006,0.6350,0.0123,0.0574,0.0737,0.0942,0.6960,0.8060,0.7270,0.1100,-0.0790,27.93,-9.99,172.9,,1.279,0.211,2.043
1791426882.0901206,0.5695,0.7538,0.4998,0.6350,0.4998,0.5695,0.5695,0.8030,0.5695,0.4998,0.1966,0.6350,0.6350,0.0164,0.0246,0.0410,0.0410,0.6960,0.8075,0.7190,0.1115,-0.0885,27.87,-9.82,172.9,,1.376,0.212,2.211
1791426882.1232972,0.5695,0.8030,0.7006,0.6350,0.7006,0.5695,0.6350,0.5695,0.6350,0.5695,0.2991,0.6350,0.6350,0.0205,0.0123,0.0410,0.0369,0.6980,0.8080,0.6810,0.1100,-0.1270,27.93,-10.58,172.9,,1.305,0.210,2.028
1791426882.1571927,0.6350,0.8440,0.5695,0.3646,0.3646,0.5695,0.6350,0.6350,0.4302,0.1557,0.2991,0.6350,0.6350,0.0369,0.0737,0.0574,0.0737,0.6960,0.8070,0.7160,0.1110,-0.0910,28.08,-10.41,172.9,,1.322,0.209,
1791426882.1905622,0.5695,0.7538,0.4998,0.5695,0.4302,0.6350,0.7006,0.7538,0.5695,0.4302,0.2458,0.7006,0.7006,0.0369,0.0574,0.0574,0.0369,0.6960,0.8095,0.7160,0.1135,-0.0935,28.47,-10.45,172.9,,1.248,0.206,1.988
1791426882.223713,0.7006,0.5695,0.6350,0.4998,0.4302,0.7538,0.7006,0.7006,0.6350,0.7006,0.1557,0.5695,0.7006,0.0205,0.0369,0.0942,0.0410,0.6970,0.8040,0.7160,0.1070,-0.0880,28.31,-10.21,173.0,,1.352,0.206,2.142
1791426882.257323,0.6350,0.8030,0.6350,0.5695,0.7006,0.7006,0.5695,0.7538,0.5695,0.6350,0.3646,0.6350,0.6350,0.0123,0.0205,0.0942,0.0737,0.6970,0.8060,0.7220,0.1090,-0.0840,28.25,-9.92,172.8,170.4,1.355,0.206,2.084
1791426882.297344,0.4302,0.8440,0.7006,0.4998,0.6350,0.6350,0.4998,0.7006,0.5695,0.6350,0.2458,0.4998,0.5695,0.0205,0.0574,0.0410,0.0410,0.6970,0.8085,,0.1115,,28.32,-9.92,173.2,170.3,1.354,0.205,2.103
1791426882.329571,0.7538,0.8030,0.7006,0.7538,0.6350,0.4998,0.5695,0.7006,0.5695,0.7006,0.3646,0.7006,0.6350,0.0164,0.0410,0.0737,0.0737,0.6950,0.8075,0.7130,0.1125,-0.0945,28.28,-9.88,173.3,170.3,1.381,0.206,2.076
1791426882.361772,0.7006,0.5695,0.6350,0.5695,0.4998,0.7538,0.7538,0.7006,0.5695,0.4998,0.2458,0.7006,0.6350,0.0164,0.0246,0.0574,0.0574,0.6970,0.8095,0.7180,0.1125,-0.0915,28.00,-9.66,173.7,170.4,1.467,0.209,2.291
1791426882.39243,0.3646,0.9054,0.6350,0.1966,0.5695,0.7006,0.7006,0.6350,0.5695,0.1966,0.2991,0.7006,0.6350,0.0205,0.0410,0.1229,0.0737,0.7020,0.8075,0.7160,0.1055,-0.0915,28.02,-9.62,173.7,170.6,1.374,0.207,
1791426882.4244754,0.5695,0.7006,0.7006,0.6350,0.5695,0.6350,0.6350,0.5695,0.6350,0.4302,0.1557,0.6350,0.7006,0.0123,0.0246,0.0737,0.0737,0.6970,0.8085,0.7140,0.1115,-0.0945,28.04,-9.68,173.7,171.3,1.349,0.207,2.119
1791426882.4578164,0.5695,0.8440,0.8440,0.5695,0.5695,0.6350,0.4998,0.7006,0.7006,0.5695,0.1229,0.7006,0.7006,0.0123,0.0369,0.0737,0.1229,0.6980,0.8100,0.7070,0.1120,-0.1030,28.34,-9.98,173.7,171.2,1.294,0.205,1.977
1791426882.4919982,0.6350,0.8030,0.4302,0.4302,0.4998,0.4998,0.7006,0.8440,0.4302,0.5695,0.2991,0.7538,0.6350,0.0369,0.0246,0.0574,0.0942,0.6980,0.8030,0.6950,0.1050,-0.1080,27.81,-10.14,173.8,170.1,1.426,0.208,2.168
1791426882.5249662,0.7006,0.8440,0.6350,0.7006,0.6350,0.5695,0.5695,0.5695,0.5695,0.4998,0.1966,0.7006,0.6350,0.0205,0.0369,0.0737,0.0574,0.6970,0.8075,0.7200,0.1105,-0.0875,27.49,-9.77,173.6,171.5,1.480,0.211,2.320
1791426882.5665507,0.7006,0.9259,0.6350,0.5695,0.5695,0.7006,0.7006,0.5695,0.4302,0.7006,0.2458,0.6350,0.5695,0.0410,0.0574,0.0410,0.0942,0.6950,0.8055,0.7200,0.1105,-0.0855,27.71,-9.68,173.5,171.7,1.306,0.209,2.055
1791426882.5991738,0.7006,0.7006,0.4998,0.4302,0.7538,0.5695,0.7006,0.7006,0.5695,0.2991,0.0942,0.8030,0.7006,0.0164,0.0737,0.0574,0.0574,0.6950,0.8095,0.7070,0.1145,-0.1025,27.69,-9.80,173.4,172.9,1.416,0.211,
1791426882.6297932,0.6350,0.8030,0.5695,0.5695,0.6350,0.8030,0.7006,0.7006,0.4998,0.3646,0.1229,0.7538,0.6350,0.0246,0.0246,0.0574,0.0737,0.6970,0.8035,0.6990,0.1065,-0.1045,27.80,-10.17,173.0,173.4,1.252,0.209,1.985
1791426882.6618135,0.6350,0.7006,0.7006,0.3646,0.2991,0.4302,0.6350,0.7538,0.4998,0.4998,0.1229,0.6350,0.5695,0.0410,0.0410,0.0737,0.0369,0.6970,0.8035,0.7160,0.1065,-0.0875,27.73,-10.08,172.9,174.3,1.278,0.208,2.033
1791426882.693663,0.4998,0.6350,0.6350,0.7006,0.5695,0.7538,0.5695,0.7538,0.6350,0.4302,0.1966,0.6350,0.6350,0.0205,0.0737,0.0737,0.0574,0.6950,0.8055,0.7110,0.1105,-0.0945,27.93,-10.15,172.7,174.0,1.283,0.207,2.035
1791426882.724892,0.7006,0.7006,0.7006,0.5695,0.6350,0.7538,0.5695,0.8440,0.6350,0.4302,0.3646,0.6350,0.6350,0.0082,0.0164,0.0369,0.0737,0.6970,0.8105,0.7120,0.1135,-0.0985,28.09,-10.23,173.1,173.4,1.319,0.207,1.998
1791426882.7578485,0.3646,0.8767,0.6350,0.6350,0.6350,0.7006,0.5695,0.5695,0.6350,0.4998,0.1557,0.5695,0.7538,0.0123,0.0410,0.0410,0.0574,0.6950,0.8055,0.7170,0.1105,-0.0885,28.16,-10.06,173.3,172.6,1.341,0.206,2.121
1791426882.7913468,0.4302,0.8030,0.5695,0.2458,0.7006,0.5695,0.7006,0.7006,0.5695,0.1966,0.2991,0.7538,0.5695,0.0369,0.0246,0.0410,0.0737,0.6950,0.8045,0.7160,0.1095,-0.0885,27.76,-9.86,173.2,171.7,1.381,0.209,
1791426882.8251114,0.4998,0.8030,0.4998,0.5695,0.5695,0.7006,0.7006,0.7006,0.7538,0.2458,0.1966,0.5695,0.6350,0.0246,0.0410,0.0737,0.0410,0.6970,0.8040,0.7060,0.1070,-0.0980,27.81,-10.01,173.2,172.1,1.309,0.208,
1791426882.8577695,0.5695,0.9054,0.6350,0.5695,0.4302,0.7538,0.6350,0.6350,0.7538,0.4998,0.3646,0.7006,0.4998,0.0123,0.0369,0.0737,0.0737,0.6950,0.8085,,0.1135,,27.95,-10.10,173.2,171.6,1.307,0.208,1.978
1791426882.890867,0.4998,0.8767,0.5695,0.7538,0.6350,0.8030,0.6350,0.7538,0.6350,0.6350,0.4302,0.6350,0.6350,0.0369,0.0410,0.0942,0.0737,0.6970,0.8035,0.7180,0.1065,-0.0855,27.73,-9.87,173.3,171.7,1.356,0.208,2.150
1791426882.9298897,0.7538,0.8030,0.7538,0.7006,0.7006,0.4998,0.7006,0.7006,0.4998,0.3646,0.1557,0.5695,0.6350,0.0246,0.0942,0.0574,0.0410,0.6980,0.8080,0.7130,0.1100,-0.0950,27.92,-10.01,173.3,171.9,1.272,0.207,2.001
1791426882.962368,0.6350,0.8030,0.7006,0.4998,0.6350,0.5695,0.6350,0.7006,0.4998,0.7538,0.2458,0.6350,0.5695,0.0246,0.0410,0.0574,0.0369,0.6980,0.8095,0.7150,0.1115,-0.0945,28.05,-10.00,173.4,171.6,1.344,0.206,2.071
1791426882.9922104,0.4998,0.8440,0.5695,0.4998,0.5695,0.6350,0.6350,0.6350,0.5695,0.6350,0.2991,0.6350,0.6350,0.0246,0.0410,0.0574,0.0410,0.6970,0.8085,0.7110,0.1115,-0.0975,28.07,-10.00,173.7,171.7,1.382,0.207,2.105
1791426883.0246775,0.5695,0.5695,0.5695,0.4998,0.5695,0.7006,0.7006,0.7006,0.5695,0.6350,0.3646,0.6350,0.5695,0.0082,0.0369,0.0574,0.0737,0.6970,0.8035,0.7240,0.1065,-0.0795,28.02,-9.82,173.2,171.9,1.250,0.206,1.999
1791426883.0587783,0.6350,0.7006,0.7006,0.4998,0.5695,0.5695,0.7006,0.4998,0.7006,0.6350,0.2458,0.7006,0.6350,0.0123,0.0369,0.0942,0.0737,0.7000,0.8085,0.7200,0.1085,-0.0885,28.32,-9.82,173.1,172.0,1.274,0.203,1.962
1791426883.0908813,0.7538,0.7006,0.7538,0.4998,0.8030,0.6350,0.5695,0.7538,0.5695,0.7006,0.2458,0.5695,0.4998,0.0164,0.0246,0.0574,0.0410,0.6970,0.8115,,0.1145,,28.21,-9.80,173.2,172.6,1.397,0.206,2.157
1791426883.1244128,0.8030,0.4302,0.6350,0.6350,0.5695,0.6350,0.7006,0.6350,0.5695,0.5695,0.1557,0.6350,0.4998,0.0246,0.0246,0.0574,0.0410,0.6970,0.8045,,0.1075,,28.50,-9.86,172.7,172.0,1.238,0.202,1.971
1791426883.1582575,0.7006,0.7538,0.7006,0.3646,0.7006,0.4302,0.6350,0.7538,0.5695,0.7538,0.2991,0.6350,0.7006,0.0246,0.0574,0.0574,0.0737,0.6970,0.8150,0.7040,0.1180,-0.1110,28.25,-10.13,172.7,172.6,1.413,0.207,2.210
1791426883.1998417,0.7538,0.4302,0.5695,0.7006,0.5695,0.5695,0.6350,0.8440,0.5695,0.7538,0.1557,0.7006,0.5695,0.0164,0.0246,0.0369,0.0369,0.6970,0.8125,0.7210,0.1155,-0.0915,28.19,-9.99,172.9,173.0,1.375,0.209,2.164
1791426883.2288833,0.7538,0.5695,0.6350,0.4302,0.4998,0.6350,0.8440,0.8030,0.6350,0.7006,0.1229,0.4998,0.7006,0.0164,0.0246,0.0410,0.0737,0.6980,0.8115,,0.1135,,28.37,-9.98,173.1,172.6,1.376,0.208,2.132
1791426883.2610176,0.7006,0.7006,0.6350,0.4998,0.2991,0.6350,0.6350,0.8030,0.5695,0.1966,0.3646,0.7538,0.5695,0.0205,0.0205,0.0942,0.0369,0.6970,0.8070,0.7180,0.1100,-0.0890,28.47,-9.95,173.0,172.3,1.284,0.207,2.026
1791426883.293165,0.4998,0.6350,0.6350,0.4998,0.6350,0.4998,0.6350,0.6350,0.5695,0.3646,0.4302,0.7538,0.7006,0.0123,0.0410,0.0369,0.0369,0.6980,0.8125,0.6820,0.1145,-0.1305,28.67,-10.68,173.0,172.5,1.354,0.206,2.050
1791426883.3247406,0.4998,0.5695,0.8030,0.4302,0.4998,0.5695,0.7538,0.5695,0.6350,0.4998,0.4302,0.7006,0.6350,0.0369,0.0369,0.0410,0.0410,0.6970,0.8085,0.7030,0.1115,-0.1055,28.75,-10.78,173.3,172.1,1.338,0.205,2.005
1791426883.357943,0.8440,0.8440,0.4998,0.3646,0.4998,0.4998,0.7538,0.6350,0.6350,0.6350,0.2991,0.7538,0.7006,0.0123,0.0164,0.0574,0.0574,0.6950,0.8090,0.7080,0.1140,-0.1010,28.44,-10.63,173.3,172.3,1.423,0.208,2.239
1791426883.3921616,0.8440,0.9054,0.5695,0.4998,0.5695,0.6350,0.5695,0.7006,0.7006,0.5695,0.1229,0.6350,0.6350,0.0164,0.0737,0.0737,0.1229,0.6970,0.8070,0.7190,0.1100,-0.0880,28.78,-10.57,172.9,172.6,1.211,0.204,1.938
1791426883.4253554,0.7538,0.7538,0.5695,0.4998,0.4998,0.6350,0.6350,0.8030,0.4998,0.7006,0.2991,0.7006,0.7006,0.0246,0.0410,0.0410,0.0574,0.6950,0.8075,0.7080,0.1125,-0.0995,28.92,-10.62,172.7,172.5,1.299,0.203,2.036
1791426883.458886,0.7538,0.7006,0.2458,0.6350,0.5695,0.5695,0.7538,0.6350,0.5695,0.7006,0.4302,0.6350,0.6350,0.0410,0.0574,0.0410,0.0737,0.6970,0.8080,0.7120,0.1110,-0.0960,28.88,-10.55,172.7,172.6,1.328,0.203,2.053
1791426883.4985695,0.6350,0.8030,0.4998,0.4998,0.4998,0.7538,0.7538,0.2991,0.6350,0.1966,0.1966,0.6350,0.7006,0.0246,0.0410,0.0737,0.0574,0.6950,0.8075,0.7040,0.1125,-0.1035,29.11,-10.58,172.0,172.6,1.367,0.201,
1791426883.531896,0.6350,0.6350,0.6350,0.4302,0.5695,0.7006,0.7006,0.6350,0.5695,0.2991,0.3646,0.6350,0.7006,0.0246,0.0205,0.0942,0.0737,0.6980,0.8155,0.7120,0.1175,-0.1035,29.13,-10.55,172.9,171.9,1.407,0.203,2.106
1791426883.5631616,0.7006,0.8767,0.4302,0.4302,0.6350,0.5695,0.6350,0.6350,0.6350,0.4998,0.1966,0.6350,0.6350,0.0164,0.0574,0.0574,0.0737,0.6950,0.8075,0.7150,0.1125,-0.0925,28.91,-10.41,173.1,172.2,1.333,0.205,2.127
1791426883.5942597,0.3646,0.6350,0.7538,0.6350,0.4998,0.8030,0.6350,0.7006,0.7006,0.6350,0.1557,0.6350,0.7006,0.0369,0.0574,0.0737,0.0574,0.6970,0.8045,0.7090,0.1075,-0.0955,28.38,-10.26,173.2,171.0,1.397,0.207,2.173
1791426883.6261067,0.4998,0.5695,0.5695,0.5695,0.5695,0.5695,0.7006,0.6350,0.7006,0.6350,0.2458,0.5695,0.5695,0.0082,0.0123,0.0574,0.0369,0.6950,0.8170,0.7240,0.1220,-0.0930,28.93,-10.14,173.1,171.8,1.364,0.206,2.148
1791426883.6586025,0.5695,0.7006,0.4998,0.4998,0.7538,0.7538,0.5695,0.8440,0.3646,0.7006,0.1966,0.7006,0.7006,0.0410,0.0123,0.0574,0.0574,0.6970,0.8080,0.7130,0.1110,-0.0950,28.50,-9.99,173.4,170.7,1.432,0.209,2.258
1791426883.6924558,0.6350,0.7538,0.7538,0.5695,0.6350,0.4998,0.6350,0.7538,0.2991,0.1557,0.3646,0.6350,0.7006,0.0164,0.0369,0.0737,0.0410,0.6950,0.8130,0.6870,0.1180,-0.1260,28.46,-10.40,173.3,171.3,1.495,0.211,2.194
1791426883.725134,0.7538,0.8767,0.6350,0.3646,0.4302,0.6350,0.4998,0.7538,0.6350,0.7538,0.2991,0.7006,0.6350,0.0123,0.0737,0.0410,0.0369,0.6970,0.8120,0.6940,0.1150,-0.1180,28.35,-10.66,173.3,171.8,1.432,0.212,2.199
1791426883.7592757,0.7538,0.8440,0.7538,0.4998,0.4302,0.7006,0.7006,0.5695,0.6350,0.5695,0.2458,0.6350,0.7006,0.0205,0.0205,0.1229,0.0737,0.6970,0.8075,0.7090,0.1105,-0.0985,28.20,-10.67,173.1,172.5,1.303,0.212,2.079
1791426883.7992673,0.6350,0.3646,0.4998,0.4302,0.3646,0.4998,0.6350,0.5695,0.6350,0.1557,0.2458,0.6350,0.5695,0.0369,0.0574,0.0574,0.0737,0.6970,0.8130,0.7170,0.1160,-0.0960,28.50,-10.60,173.4,172.8,1.318,0.210,
1791426883.8315537,0.6350,0.5695,0.3646,0.5695,0.4998,0.7006,0.6350,0.6350,0.4998,0.5695,0.3646,0.6350,0.4998,0.0205,0.0410,0.0574,0.0410,0.6960,0.8085,,0.1125,,28.36,-10.63,173.5,172.5,1.322,0.211,2.055
1791426883.8625925,0.3646,0.8440,0.2991,0.5695,0.6350,0.5695,0.4998,0.6350,0.8030,0.1966,0.1966,0.5695,0.5695,0.0123,0.0164,0.0574,0.0410,0.6970,0.8160,0.7260,0.1190,-0.0900,28.86,-10.48,173.6,172.1,1.298,0.208,
1791426883.8936577,0.4998,0.7006,0.6350,0.5695,0.6350,0.4302,0.8030,0.7006,0.7006,0.4302,0.1557,0.6350,0.4998,0.1229,0.0410,0.0246,0.0369,0.6990,0.8130,,0.1140,,29.35,-10.71,173.5,171.6,1.219,0.204,1.963
1791426883.9263153,0.5695,0.7538,0.6350,0.5695,0.8030,0.4998,0.4998,0.7538,0.6350,0.5695,0.3646,0.6350,0.6350,0.0123,0.0246,0.0574,0.0369,0.6970,0.8105,0.7200,0.1135,-0.0905,29.24,-10.46,173.6,171.7,1.352,0.204,2.087
1791426883.9591928,0.6350,0.4998,0.5695,0.6350,0.3646,0.5695,0.7538,0.7538,0.6350,0.5695,0.1966,0.7538,0.6350,0.0410,0.0410,0.0737,0.0410,0.6990,0.8095,0.7180,0.1105,-0.0915,28.61,-10.30,173.6,171.6,1.348,0.208,2.149
1791426883.991911,0.3646,0.5695,0.6350,0.4998,0.5695,0.7006,0.5695,0.8030,0.4302,0.2991,0.2991,0.6350,0.7006,0.0205,0.0574,0.0942,0.0737,0.6970,0.8060,0.7180,0.1090,-0.0880,28.58,-10.21,173.5,171.7,1.267,0.207,
1791426884.0264435,0.4998,0.9054,0.5695,0.7538,0.5695,0.4998,0.4998,0.5695,0.5695,0.5695,0.3646,0.6350,0.4302,0.0123,0.0574,0.0737,0.0574,0.6970,0.8120,,0.1150,,28.84,-10.21,173.4,171.5,1.344,0.206,2.018
1791426884.0587537,0.7006,0.8440,0.7538,0.4998,0.5695,0.6350,0.5695,0.7006,0.7006,0.6350,0.1966,0.6350,0.5695,0.0164,0.0410,0.0737,0.0369,0.6970,0.8085,0.7210,0.1115,-0.0875,28.79,-10.04,173.3,171.9,1.332,0.205,2.093
1791426884.0924318,0.7006,0.4302,0.7006,0.6350,0.7006,0.7538,0.6350,0.5695,0.7006,0.6350,0.2991,0.7006,0.6350,0.0205,0.0574,0.0410,0.0737,0.6960,0.8125,0.7160,0.1165,-0.0965,29.19,-10.13,173.1,170.9,1.300,0.203,2.037
1791426884.1321118,0.7538,0.7538,0.7006,0.5695,0.8030,0.8030,0.7538,0.7006,0.7006,0.1229,0.2458,0.7006,0.6350,0.0205,0.0205,0.0942,0.0737,0.6970,0.8115,0.7220,0.1145,-0.0895,29.15,-10.03,173.9,171.4,1.317,0.204,
1791426884.1635551,0.4998,0.7538,0.7006,0.4302,0.5695,0.7006,0.5695,0.6350,0.5695,0.7006,0.2458,0.8030,0.4998,0.0369,0.0246,0.0369,0.0574,0.6960,0.8060,,0.1100,,28.94,-9.88,173.6,171.0,1.358,0.204,2.153
1791426884.1946177,0.7538,0.8030,0.6350,0.7006,0.5695,0.6350,0.6350,0.5695,0.4998,0.5695,0.1966,0.6350,0.7006,0.0369,0.0369,0.0574,0.0737,0.6960,0.8095,0.7150,0.1135,-0.0945,29.03,-10.04,173.4,172.6,1.249,0.204,1.985
1791426884.2259333,0.7006,0.7006,0.6350,0.4302,0.4302,0.7006,0.7538,0.6350,0.7538,0.1966,0.2458,0.4302,0.4998,0.0410,0.0737,0.0737,0.0737,0.6970,0.8070,,0.1100,,29.01,-10.02,173.1,172.3,1.282,0.203,
1791426884.2597475,0.7006,0.8440,0.7006,0.5695,0.5695,0.6350,0.6350,0.6350,0.6350,0.3646,0.3646,0.7006,0.7006,0.0164,0.0246,0.0942,0.0737,0.6960,0.8085,0.7150,0.1125,-0.0935,29.38,-10.13,172.9,172.0,1.252,0.200,1.924
1791426884.2928002,0.8440,0.4998,0.4998,0.2991,0.5695,0.6350,0.7006,0.5695,0.6350,0.2458,0.1966,0.6350,0.5695,0.0123,0.0574,0.0410,0.0410,0.6970,0.8085,0.7220,0.1115,-0.0865,29.25,-10.03,172.9,172.3,1.273,0.201,
1791426884.326577,0.4302,0.7006,0.5695,0.8030,0.4998,0.5695,0.4998,0.8030,0.3646,0.5695,0.1966,0.7006,0.5695,0.0410,0.0246,0.0410,0.1229,0.6970,0.8065,0.7290,0.1095,-0.0775,29.11,-9.78,172.8,171.8,1.262,0.201,2.017
1791426884.3594012,0.6350,0.6350,0.6350,0.4998,0.4998,0.7006,0.6350,0.5695,0.4302,0.1557,0.1557,0.6350,0.6350,0.0246,0.0410,0.0737,0.0410,0.6970,0.8075,0.6930,0.1105,-0.1145,29.01,-10.25,173.0,171.5,1.340,0.201,
1791426884.393082,0.8030,0.7006,0.4998,0.5695,0.5695,0.5695,0.7006,0.6350,0.5695,0.4302,0.1557,0.4302,0.4998,0.0410,0.0246,0.0942,0.0574,0.6980,0.8065,,0.1085,,29.03,-10.21,172.4,171.5,1.299,0.200,2.026
1791426884.432614,0.5695,0.7006,0.4998,0.5695,0.6350,0.4302,0.5695,0.6350,0.6350,0.4998,0.1966,0.6350,0.6350,0.0205,0.0410,0.0942,0.0574,0.6970,0.8085,0.7220,0.1115,-0.0865,29.02,-10.11,172.3,171.1,1.263,0.200,2.040
1791426884.4647212,0.6350,0.3646,0.5695,0.4302,0.5695,0.8030,0.7538,0.6350,0.7006,0.5695,0.2991,0.6350,0.6350,0.0410,0.0246,0.0574,0.0369,0.6960,0.8085,0.7140,0.1125,-0.0945,28.66,-10.13,172.6,171.4,1.317,0.204,2.132
1791426884.4948456,0.5695,0.5695,0.4302,0.7006,0.4998,0.7006,0.5695,0.6350,0.4998,0.7006,0.3646,0.6350,0.6350,0.0123,0.0737,0.0410,0.0574,0.6970,0.8130,0.6990,0.1160,-0.1140,28.51,-10.29,172.9,171.9,1.483,0.207,2.226
1791426884.5279284,0.4998,0.8030,0.6350,0.4998,0.7538,0.7538,0.5695,0.7538,0.5695,0.7006,0.1966,0.7006,0.7006,0.0369,0.0246,0.0369,0.0410,0.6970,0.8080,0.7160,0.1110,-0.0920,28.48,-10.14,173.0,171.5,1.369,0.206,2.115
1791426884.5604188,0.7006,0.4998,0.6350,0.6350,0.4998,0.6350,0.6350,0.7006,0.4998,0.7538,0.1557,0.4998,0.4302,0.0164,0.0737,0.0369,0.0574,0.6970,0.8075,,0.1105,,28.35,-10.19,173.1,171.5,1.286,0.207,2.071
1791426884.5935054,0.6350,0.5695,0.7006,0.6350,0.6350,0.6350,0.7006,0.4302,0.4302,0.7006,0.2991,0.6350,0.6350,0.0369,0.0369,0.0737,0.0574,0.6970,0.8115,0.7120,0.1145,-0.0995,28.62,-10.32,173.2,171.4,1.297,0.206,2.013
1791426884.6263998,0.7006,0.7006,0.6350,0.6350,0.6350,0.7006,0.6350,0.5695,0.7006,0.6350,0.1557,0.6350,0.6350,0.0246,0.0410,0.0574,0.0410,0.6970,0.8100,0.7160,0.1130,-0.0940,28.33,-10.23,173.2,172.2,1.353,0.209,2.141
1791426884.65937,0.3646,0.7006,0.6350,0.4998,0.6350,0.5695,0.7006,0.7538,0.4998,0.7006,0.2991,0.6350,0.6350,0.0410,0.0410,0.0942,0.0737,0.6970,0.8105,0.6880,0.1135,-0.1225,28.80,-10.72,173.0,172.2,1.367,0.205,2.069
1791426884.6929963,0.4998,0.8030,0.6350,0.6350,0.6350,0.4998,0.6350,0.5695,0.5695,0.5695,0.1557,0.3646,0.5695,0.0246,0.0410,0.0369,0.0410,0.6970,0.8050,,0.1080,,28.83,-10.76,172.7,172.4,1.254,0.203,1.981
1791426884.7352152,0.7006,0.8030,0.6350,0.3646,0.2458,0.8440,0.6350,0.7538,0.4998,0.7538,0.1557,0.4998,0.4998,0.0246,0.0164,0.0574,0.0410,0.6970,0.8085,,0.1115,,28.79,-10.74,172.8,172.1,1.327,0.203,2.093
1791426884.766502,0.7538,0.8440,0.6350,0.5695,0.6350,0.8030,0.5695,0.8030,0.5695,0.7538,0.1966,0.6350,0.6350,0.0369,0.0737,0.0410,0.0737,0.6970,0.8085,0.7000,0.1115,-0.1085,28.54,-10.86,173.1,170.5,1.355,0.205,2.121
1791426884.7977605,0.7006,0.9054,0.7006,0.6350,0.6350,0.6350,0.7006,0.7538,0.6350,0.4998,0.2991,0.7006,0.6350,0.0246,0.0574,0.0737,0.0737,0.7000,0.8105,0.7200,0.1105,-0.0905,28.44,-10.73,173.1,170.7,1.261,0.206,2.054
1791426884.8293848,0.4302,0.7538,0.7538,0.5695,0.4302,0.6350,0.6350,0.6350,0.6350,0.6350,0.2458,0.6350,0.6350,0.0164,0.0164,0.0942,0.0737,0.6970,0.8060,0.7180,0.1090,-0.0880,28.60,-10.53,172.8,170.8,1.282,0.203,2.000
1791426884.8617203,0.7538,0.7538,0.6350,0.4998,0.6350,0.5695,0.6350,0.7538,0.6350,0.5695,0.2458,0.7006,0.5695,0.0205,0.0369,0.0737,0.0410,0.6970,0.8115,0.7170,0.1145,-0.0945,28.43,-10.37,172.8,171.5,1.374,0.206,2.219
1791426884.8924775,0.7006,0.7006,0.7006,0.5695,0.5695,0.6350,0.7006,0.8030,0.7006,0.4998,0.2458,0.7006,0.6350,0.0205,0.0369,0.0942,0.1229,0.6960,0.8075,0.7100,0.1115,-0.0975,28.76,-10.48,172.7,172.0,1.263,0.203,1.985
1791426884.9264762,0.7006,0.6350,0.5695,0.4998,0.4998,0.5695,0.5695,0.5695,0.4998,0.2991,0.3646,0.7006,0.5695,0.0246,0.0410,0.0410,0.0574,0.6980,0.8070,0.6950,0.1090,-0.1120,28.71,-10.73,172.8,171.3,1.350,0.203,2.016
1791426884.959917,0.4302,0.7538,0.6350,0.4302,0.6350,0.5695,0.6350,0.7006,0.4998,0.4302,0.3646,0.7006,0.4998,0.0082,0.0410,0.0737,0.0410,0.6970,0.8130,,0.1160,,28.84,-10.73,173.0,171.8,1.381,0.204,2.134
1791426884.9928443,0.8440,0.9054,0.8030,0.5695,0.4998,0.5695,0.7006,0.6350,0.7006,0.5695,0.2991,0.4998,0.4998,0.0246,0.0574,0.0942,0.0410,0.6960,0.8125,,0.1165,,28.86,-10.78,173.3,171.6,1.342,0.205,2.141
1791426885.0266466,0.8440,0.6350,0.7006,0.7006,0.5695,0.4998,0.5695,0.6350,0.5695,0.4302,0.2991,0.7538,0.6350,0.0123,0.0369,0.0737,0.0369,0.6970,0.8075,0.7120,0.1105,-0.0955,28.62,-10.63,173.4,171.2,1.346,0.206,2.113
1791426885.0670192,0.6350,0.9054,0.7538,0.5695,0.6350,0.7538,0.7006,0.5695,0.5695,0.7006,0.1966,0.2991,0.5695,0.0246,0.0205,0.0410,0.0369,0.6980,0.8095,,0.1115,,28.33,-10.51,173.5,171.1,,0.208,2.221
1791426885.0975227,0.7006,0.4302,0.6350,0.4998,0.4302,0.4302,0.7538,0.6350,0.6350,0.5695,0.3646,0.5695,0.7006,0.0369,0.0369,0.0574,0.0369,0.6980,0.8125,0.7210,0.1145,-0.0915,28.65,-10.39,173.3,171.3,1.312,0.206,2.062
1791426885.1293921,0.6350,0.4302,0.6350,0.6350,0.6350,0.4998,0.7006,0.7538,0.7006,0.4998,0.2991,0.6350,0.6350,0.0123,0.0369,0.0942,0.0574,0.6960,0.8095,0.7160,0.1135,-0.0935,28.68,-10.23,173.2,171.6,1.382,0.206,2.167
1791426885.1602578,0.7006,0.4302,0.5695,0.7006,0.4302,0.7538,0.7006,0.8440,0.5695,0.2991,0.1966,0.6350,0.7006,0.0123,0.0942,0.0410,0.0737,0.6970,0.8100,0.7160,0.1130,-0.0940,29.27,-10.30,172.9,171.1,1.257,0.201,
1791426885.1945708,0.7006,0.7006,0.6350,0.5695,0.4302,0.6350,0.7006,0.7538,0.4998,0.4998,0.3646,0.6350,0.6350,0.0246,0.0369,0.0410,0.0410,0.6960,0.8075,0.7190,0.1115,-0.0885,28.98,-10.12,173.0,170.8,1.333,0.203,2.065
1791426885.226695,0.4302,0.7006,0.6350,0.4998,0.7006,0.5695,0.7538,0.7538,0.4998,0.1966,0.3646,0.4302,0.6350,0.0123,0.0574,0.0737,0.0942,0.6970,0.8080,,0.1110,,28.72,-10.17,172.9,171.6,1.281,0.205,1.998
1791426885.2611864,0.4998,0.4302,0.7006,0.5695,0.6350,0.6350,0.6350,0.7538,0.5695,0.3646,0.2458,0.6350,0.6350,0.0369,0.0369,0.0574,0.0737,0.6970,0.8125,0.6800,0.1155,-0.1325,28.88,-10.85,173.1,171.4,1.386,0.205,2.158
1791426885.2942443,0.7538,0.8030,0.6350,0.5695,0.6350,0.5695,0.7006,0.6350,0.7006,0.7538,0.2991,0.4302,0.6350,0.0410,0.0205,0.0574,0.0574,0.6970,0.8110,,0.1140,,28.74,-10.83,173.1,171.4,1.363,0.206,2.180
1791426885.3279555,0.6350,0.7006,0.2991,0.5695,0.5695,0.4998,0.7538,0.6350,0.6350,0.6350,0.2991,0.7006,0.5695,0.0205,0.0410,0.0410,0.0574,0.6980,0.8100,0.7210,0.1120,-0.0890,28.69,-10.58,173.1,170.8,1.326,0.206,2.089
1791426885.3668869,0.7538,0.4302,0.5695,0.4998,0.3646,0.5695,0.7006,0.7538,0.5695,0.2458,0.2458,0.7006,0.6350,0.0205,0.0410,0.0737,0.0410,0.6960,0.8090,0.7150,0.1130,-0.0940,28.48,-10.46,173.4,171.0,1.333,0.208,
1791426885.3984993,0.4998,0.3646,0.7538,0.4998,0.5695,0.7006,0.6350,0.7538,0.7006,0.5695,0.1966,0.7006,0.5695,0.0123,0.0164,0.0574,0.0574,0.6980,0.8075,0.7180,0.1095,-0.0895,28.49,-10.17,173.4,171.7,1.407,0.207,2.194
1791426885.4309812,0.7538,0.7538,0.6350,0.6350,0.5695,0.7538,0.7006,0.7538,0.6350,0.7006,0.2991,0.7006,0.6350,0.0369,0.0574,0.0942,0.0737,0.6960,0.8070,0.7250,0.1110,-0.0820,28.35,-9.84,173.4,172.1,1.363,0.208,2.181
1791426885.460815,0.7006,0.8030,0.5695,0.4302,0.5695,0.5695,0.6350,0.7006,0.8030,0.4998,0.1966,0.7006,0.7006,0.0123,0.0410,0.0410,0.0574,0.6980,0.8075,0.7180,0.1095,-0.0895,28.55,-9.81,173.2,172.5,1.308,0.205,2.010
1791426885.4940138,0.5695,0.7006,0.7006,0.6350,0.6350,0.5695,0.5695,0.8030,0.5695,0.5695,0.2458,0.7006,0.5695,0.0123,0.0369,0.0369,0.0737,0.6960,0.8100,0.7240,0.1140,-0.0860,28.74,-9.75,173.0,172.1,1.289,0.204,2.076
1791426885.528321,0.5695,0.4998,0.6350,0.4998,0.4998,0.6350,0.7538,0.4998,0.5695,0.5695,0.2991,0.6350,0.6350,0.0123,0.0246,0.0574,0.0574,0.6970,0.8045,0.7240,0.1075,-0.0805,28.42,-9.62,172.9,172.9,1.257,0.205,2.043
1791426885.5620532,0.7006,0.6350,0.6350,0.7006,0.5695,0.6350,0.6350,0.7006,0.6350,0.6350,0.2458,0.6350,0.6350,0.0164,0.0369,0.0410,0.0574,0.6960,0.8120,0.7200,0.1160,-0.0920,29.05,-9.64,172.6,173.4,1.346,0.202,2.075
1791426885.5947266,0.3646,0.7006,0.6350,0.3646,0.5695,0.4998,0.6350,0.7538,0.5695,0.6350,0.1966,0.7006,0.6350,0.0369,0.0246,0.0942,0.0574,0.6960,0.8055,0.7150,0.1095,-0.0905,29.14,-9.72,172.6,173.3,1.276,0.200,1.980
1791426885.6376128,0.6350,0.8767,0.6350,0.6350,0.5695,0.7538,0.7538,0.7538,0.5695,0.7006,0.2458,0.5695,0.6350,0.0369,0.0410,0.0574,0.0737,0.6960,0.8035,0.7140,0.1075,-0.0895,28.70,-9.63,172.4,172.7,1.371,0.202,2.133
1791426885.6686237,0.6350,0.8030,0.4302,0.6350,0.4998,0.7006,0.6350,0.7538,0.4998,0.7006,0.4302,0.7006,0.6350,0.0123,0.0369,0.0574,0.0574,0.6970,0.8065,0.7200,0.1095,-0.0865,28.03,-9.36,172.7,172.9,1.468,0.208,2.256
1791426885.6990325,0.4998,0.8767,0.5695,0.4998,0.5695,0.7538,0.7538,0.7006,0.5695,0.1966,0.2458,0.6350,0.6350,0.0205,0.0369,0.0942,0.0410,0.6960,0.8065,0.7180,0.1105,-0.0885,27.76,-9.31,172.7,173.4,1.379,0.210,
1791426885.7307708,0.5695,0.7538,0.7006,0.6350,0.6350,0.4998,0.6350,0.6350,0.5695,0.1557,0.1229,0.7006,0.5695,0.0164,0.0574,0.0737,0.0737,0.6960,0.8070,0.7270,0.1110,-0.0800,28.12,-9.10,172.4,173.2,1.376,0.207,
1791426885.7612123,0.4302,0.7538,0.5695,0.2458,0.5695,0.7006,0.7006,0.4998,0.6350,0.4302,0.2458,0.6350,0.7006,0.0246,0.0410,0.0737,0.0737,0.6970,0.8065,0.7070,0.1095,-0.0995,28.14,-9.32,172.5,173.2,1.386,0.206,2.158
1791426885.7958038,0.4998,0.8767,0.7006,0.4998,0.7006,0.6350,0.6350,0.6350,0.5695,0.5695,0.2991,0.7538,0.6350,0.0205,0.0410,0.0737,0.0574,0.6970,0.8075,0.7230,0.1105,-0.0845,28.21,-9.16,172.6,173.3,1.402,0.206,2.180
1791426885.8293247,0.7006,0.7538,0.8030,0.4998,0.4998,0.5695,0.8030,0.7538,0.6350,0.5695,0.2458,0.7006,0.6350,0.0205,0.0942,0.0737,0.0737,0.6970,0.8075,0.7150,0.1105,-0.0925,28.29,-9.33,172.7,173.4,1.306,0.205,2.079
1791426885.8623512,0.6350,0.8440,0.7006,0.7006,0.4998,0.6350,0.6350,0.6350,0.4998,0.4998,0.1966,0.7006,0.6350,0.0246,0.0574,0.0737,0.0410,0.6970,0.8110,0.7250,0.1140,-0.0860,28.07,-9.15,173.4,173.7,1.449,0.208,2.326
1791426885.8954382,0.8440,0.7006,0.8440,0.6350,0.7006,0.8440,0.6350,0.7006,0.4998,0.6350,0.2458,0.7006,0.6350,0.0205,0.0369,0.0410,0.0574,0.6970,0.8095,0.7080,0.1125,-0.1015,28.12,-9.45,173.4,174.0,1.347,0.208,2.087
1791426885.9369528,0.5695,0.7538,0.6350,0.4998,0.6350,0.5695,0.5695,0.6350,0.5695,0.1966,0.3646,0.6350,0.7006,0.0369,0.0410,0.1229,0.0737,0.7030,0.8060,0.7160,0.1030,-0.0900,27.89,-9.50,173.2,173.7,1.312,0.207,1.980
1791426885.9678192,0.7538,0.7538,0.5695,0.3646,0.2458,0.5695,0.6350,0.6350,0.7006,0.5695,0.2991,0.6350,0.5695,0.0205,0.0574,0.0410,0.0737,0.6980,0.8065,0.7190,0.1085,-0.0875,27.57,-9.40,173.3,173.3,1.385,0.210,2.198
1791426886.0003204,0.7006,0.8440,0.7006,0.5695,0.5695,0.8030,0.5695,0.6350,0.7006,0.2991,0.1966,0.6350,0.6350,0.0369,0.0574,0.0737,0.0737,0.6970,0.8050,0.7090,0.1080,-0.0960,27.68,-9.68,173.3,172.9,1.242,0.208,
1791426886.03066,0.4998,0.6350,0.7006,0.4998,0.5695,0.4998,0.7006,0.7006,0.7006,0.4302,0.2458,0.6350,0.6350,0.0369,0.0410,0.0737,0.0574,0.6960,0.8120,0.7210,0.1160,-0.0910,27.81,-9.64,173.4,173.1,1.364,0.210,2.194
1791426886.062507,0.5695,0.8440,0.5695,0.7006,0.7006,0.5695,0.7006,0.7538,0.8767,0.5695,0.1557,0.6350,0.6350,0.0369,0.0410,0.0737,0.0737,0.6960,0.8065,0.6830,0.1105,-0.1235,27.73,-10.28,173.6,173.1,1.359,0.210,2.103
1791426886.0953162,0.4302,0.7006,0.5695,0.5695,0.6350,0.7006,0.4998,0.5695,0.4998,0.3646,0.2991,0.6350,0.5695,0.0164,0.0246,0.0369,0.0410,0.6960,0.8075,0.7120,0.1115,-0.0955,28.11,-10.34,173.5,172.3,1.276,0.207,1.977
1791426886.1289554,0.7006,0.7538,0.5695,0.4998,0.7006,0.6350,0.7006,0.5695,0.4302,0.7006,0.2991,0.6350,0.5695,0.0410,0.0942,0.0410,0.0737,0.6960,0.8065,0.7040,0.1105,-0.1025,28.21,-10.39,173.3,172.1,1.371,0.206,2.112
1791426886.1613321,0.5695,0.6350,0.7538,0.5695,0.4998,0.6350,0.6350,0.7538,0.7538,0.4998,0.3646,0.4302,0.4998,0.0205,0.0164,0.0942,0.0410,0.6970,0.8120,,0.1150,,28.75,-10.61,173.6,172.3,1.259,0.203,1.927
1791426886.1949542,0.5695,0.7006,0.6350,0.6350,0.6350,0.6350,0.8030,0.7538,0.7538,0.6350,0.3646,0.7538,0.6350,0.0164,0.0410,0.0574,0.0574,0.6980,0.8065,0.7160,0.1085,-0.0905,28.62,-10.48,173.0,172.3,1.289,0.203,2.050
1791426886.2361903,0.5695,0.8030,0.7006,0.4998,0.4998,0.5695,0.7006,0.7006,0.6350,0.4998,0.2458,0.7538,0.7006,0.0205,0.0574,0.0410,0.0369,0.6970,0.8060,0.7140,0.1090,-0.0920,28.20,-10.29,172.9,172.3,1.365,0.206,2.146
1791426886.2678528,0.4998,0.8440,0.5695,0.4998,0.8030,0.6350,0.4998,0.5695,0.4998,0.2458,0.2458,0.6350,0.6350,0.0164,0.0369,0.0574,0.0574,0.6970,0.8100,0.7160,0.1130,-0.0940,28.24,-10.22,172.9,172.5,1.344,0.207,
1791426886.2993097,0.6350,0.8030,0.4998,0.6350,0.2991,0.7538,0.7538,0.4998,0.6350,0.5695,0.2458,0.7006,0.6350,0.0205,0.0574,0.0574,0.0574,0.6970,0.8085,0.7110,0.1115,-0.0975,28.55,-10.26,173.3,171.8,1.324,0.204,2.075
1791426886.3303273,0.5695,0.7538,0.4302,0.5695,0.6350,0.7006,0.6350,0.5695,0.6350,0.6350,0.2991,0.5695,0.6350,0.0246,0.0410,0.0410,0.0574,0.6970,0.8080,0.7060,0.1110,-0.1020,28.45,-10.30,173.4,172.1,1.380,0.205,2.115
1791426886.362291,0.5695,0.8767,0.4998,0.7006,0.4998,0.7538,0.6350,0.4998,0.7006,0.2991,0.1966,0.6350,0.4998,0.0246,0.0737,0.0410,0.0410,0.6960,0.8085,,0.1125,,28.34,-10.29,173.2,172.2,1.354,0.207,
1791426886.396003,0.7538,0.7006,0.6350,0.5695,0.6350,0.7006,0.7006,0.7538,0.6350,0.5695,0.1966,0.4998,0.6350,0.0123,0.0369,0.0410,0.0574,0.6970,0.8045,,0.1075,,27.93,-10.22,173.1,171.9,1.340,0.209,2.142
1791426886.4294953,0.7538,0.8440,0.7538,0.7006,0.6350,0.7006,0.7006,0.7006,0.4998,0.2991,0.1966,0.6350,0.5695,0.0246,0.0574,0.0574,0.0737,0.6970,0.8085,0.7110,0.1115,-0.0975,28.15,-10.27,172.8,172.6,1.319,0.207,
1791426886.4628272,0.6350,0.7006,0.5695,0.4302,0.6350,0.5695,0.5695,0.6350,0.7006,0.6350,0.2991,0.7006,0.6350,0.0369,0.0369,0.0942,0.0574,0.6980,0.8065,0.7040,0.1085,-0.1025,28.51,-10.46,172.6,173.0,1.286,0.203,1.973
1791426886.50468,0.6350,0.5695,0.7538,0.6350,0.4998,0.4998,0.6350,0.7006,0.4998,0.5695,0.1966,0.7006,0.6350,0.0164,0.0410,0.0574,0.0574,0.6970,0.8120,0.6820,0.1150,-0.1300,28.63,-11.11,172.7,172.7,1.338,0.204,2.072
1791426886.5346708,0.5695,0.5695,0.6350,0.5695,0.8030,0.6350,0.7006,0.7006,0.5695,0.1966,0.3646,0.7006,0.4998,0.0164,0.0574,0.0942,0.0737,0.6970,0.8050,,0.1080,,28.55,-11.18,172.7,172.3,1.242,0.203,2.006
1791426886.5664437,0.6350,0.7006,0.7006,0.6350,0.2458,0.6350,0.7538,0.5695,0.7006,0.7006,0.2458,0.7006,0.4998,0.0082,0.0410,0.0410,0.0574,0.6970,0.8070,,0.1100,,28.46,-11.03,172.8,171.4,1.400,0.204,2.147
1791426886.5974357,0.6350,0.8030,0.7006,0.6350,0.6350,0.7538,0.7006,0.6350,0.4998,0.4998,0.2458,0.7006,0.7006,0.0205,0.0574,0.0574,0.0574,0.6970,0.8080,0.7070,0.1110,-0.1010,28.48,-10.91,172.7,170.8,1.366,0.204,2.107
1791426886.6284087,0.7006,0.7006,0.7006,0.8030,0.7538,0.5695,0.7006,0.7006,0.5695,0.5695,0.3646,0.7006,0.6350,0.0205,0.0369,0.1229,0.0737,0.6980,0.8095,0.7010,0.1115,-0.1085,28.85,-11.01,172.8,171.2,1.345,0.201,1.991
1791426886.6619496,0.8440,0.7538,0.7538,0.6350,0.5695,0.5695,0.7006,0.7006,0.7006,0.6350,0.2458,0.5695,0.4998,0.0410,0.0205,0.0737,0.0410,0.6980,0.8120,,0.1140,,28.50,-10.92,172.8,171.6,1.450,0.205,2.284
1791426886.6950374,0.7006,0.7538,0.4998,0.5695,0.5695,0.5695,0.8030,0.7538,0.6350,0.4998,0.3646,0.6350,0.6350,0.0123,0.0369,0.0574,0.0737,0.6970,0.8070,0.7050,0.1100,-0.1020,28.60,-10.87,172.6,171.6,1.350,0.204,1.988
1791426886.729086,0.4302,0.9054,0.6350,0.5695,0.4302,0.4998,0.6350,0.8440,0.4302,0.7538,0.3646,0.7006,0.5695,0.0246,0.0410,0.0574,0.0410,0.6970,0.8140,0.7130,0.1170,-0.1010,28.64,-10.84,172.8,171.7,1.336,0.206,2.082
1791426886.7635543,0.6350,0.9423,0.7538,0.6350,0.4302,0.7538,0.7538,0.8030,0.5695,0.6350,0.2458,0.7006,0.6350,0.0369,0.0410,0.0737,0.0737,0.6970,0.8090,0.6780,0.1120,-0.1310,28.56,-11.33,173.0,171.6,1.392,0.206,2.127
1791426886.8037548,0.7006,0.4998,0.5695,0.6350,0.4998,0.7006,0.7006,0.7538,0.4998,0.1966,0.2458,0.6350,0.5695,0.0164,0.0574,0.1557,0.0369,0.6970,0.8145,0.7120,0.1175,-0.1025,29.01,-11.29,172.9,170.7,1.302,0.204,
1791426886.835548,0.6350,0.9423,0.7538,0.6350,0.4998,0.5695,0.6350,0.4302,0.5695,0.4302,0.2458,0.6350,0.5695,0.0123,0.0410,0.0410,0.0164,0.6970,0.8140,0.7130,0.1170,-0.1010,29.01,-11.18,173.1,171.2,1.333,0.206,2.094
1791426886.8662255,0.6350,0.9054,0.7006,0.7006,0.6350,0.6350,0.5695,0.4998,0.7538,0.4998,0.2458,0.6350,0.6350,0.0369,0.0574,0.0737,0.0410,0.6970,0.8120,0.7060,0.1150,-0.1060,29.02,-11.14,172.8,171.1,1.365,0.206,2.163
1791426886.8964875,0.7538,0.7538,0.6350,0.5695,0.5695,0.6350,0.7538,0.6350,0.4302,0.1557,0.3646,0.7006,0.7006,0.0082,0.0369,0.0737,0.0369,0.6970,0.8085,0.7190,0.1115,-0.0895,28.99,-10.83,173.0,171.5,1.327,0.205,2.065
1791426886.9302845,0.7538,0.7006,0.7006,0.5695,0.5695,0.5695,0.6350,0.7006,0.5695,0.5695,0.3646,0.5695,0.7006,0.0369,0.0246,0.0737,0.0574,0.6970,0.8090,0.6950,0.1120,-0.1140,28.60,-10.86,173.2,171.1,1.472,0.208,2.235
1791426886.9627464,0.7006,0.7006,0.7538,0.5695,0.6350,0.7006,0.6350,0.8030,0.5695,0.6350,0.1966,0.6350,0.7538,0.0082,0.0164,0.0574,0.0369,0.6970,0.8075,0.7170,0.1105,-0.0905,28.31,-10.58,173.2,171.3,1.363,0.209,2.171
1791426886.995869,0.7538,0.3646,0.6350,0.6350,0.7006,0.6350,0.7538,0.7006,0.5695,0.6350,0.1966,0.7006,0.6350,0.0123,0.0574,0.0737,0.0942,0.6970,0.8085,0.7230,0.1115,-0.0855,28.59,-10.36,173.4,172.4,1.289,0.206,2.023
1791426887.0293033,0.6350,0.7538,0.4998,0.7538,0.8030,0.7006,0.6350,0.8030,0.6350,0.5695,0.3646,0.6350,0.8030,0.0205,0.0574,0.1557,0.0574,0.6970,0.8085,0.7030,0.1115,-0.1055,28.49,-10.49,173.2,172.2,1.354,0.207,2.038
1791426887.0692654,0.4302,0.8440,0.7006,0.7006,0.5695,0.7006,0.7538,0.7538,0.6350,0.4998,0.3646,0.4302,0.4302,0.0205,0.0082,0.0410,0.0369,0.6970,0.8085,,0.1115,,28.51,-10.51,173.1,172.2,1.328,0.206,2.049
1791426887.1020453,0.7538,0.8030,0.7006,0.4302,0.5695,0.7006,0.7006,0.8767,0.4998,0.1966,0.3646,0.6350,0.5695,0.0246,0.0246,0.0574,0.0574,0.6970,0.8065,0.7020,0.1095,-0.1045,28.54,-10.58,173.2,172.2,1.360,0.205,1.990
1791426887.1330383,0.5695,0.8767,0.6350,0.6350,0.5695,0.7538,0.5695,0.5695,0.6350,0.2458,0.1966,0.7538,0.7006,0.0369,0.0574,0.0737,0.0369,0.6970,0.8145,0.7070,0.1175,-0.1075,28.97,-10.70,173.2,173.0,1.360,0.204,
1791426887.163749,0.7006,0.8767,0.4998,0.7006,0.5695,0.6350,0.6350,0.6350,0.4998,0.4302,0.2458,0.4998,0.4998,0.0246,0.0574,0.0574,0.0410,0.6970,0.8145,,0.1175,,28.85,-10.77,173.0,172.7,1.374,0.206,2.222
1791426887.1970367,0.6350,0.8030,0.5695,0.4302,0.7538,0.5695,0.7006,0.7006,0.7006,0.7538,0.1966,0.4998,0.4302,0.0205,0.0246,0.0410,0.0737,0.6970,0.8075,,0.1105,,28.89,-10.87,172.8,172.5,1.247,0.205,1.978
1791426887.2304356,0.5695,0.8767,0.5695,0.6350,0.5695,0.7538,0.7538,0.7006,0.7006,0.2991,0.1966,0.7006,0.4998,0.0123,0.0410,0.0737,0.0737,0.6970,0.8075,,0.1105,,28.72,-10.84,173.3,172.4,1.318,0.205,
1791426887.2642207,0.2991,0.7538,0.4302,0.7006,0.7006,0.7006,0.7538,0.6350,0.3646,0.4998,0.3646,0.6350,0.7006,0.0246,0.0369,0.0574,0.0737,,0.8065,0.7090,,-0.0975,28.72,-10.84,173.2,171.8,1.288,0.205,
1791426887.2971258,0.6350,0.6350,0.7006,0.5695,0.5695,0.7006,0.5695,0.7006,0.6350,0.5695,0.2991,0.6350,0.6350,0.0410,0.0410,0.1557,0.0737,0.6970,0.8135,0.7170,0.1165,-0.0965,29.12,-10.68,173.3,172.1,1.359,0.203,2.110
1791426887.3396447,0.6350,0.6350,0.7006,0.5695,0.7006,0.7006,0.7538,0.7006,0.4998,0.5695,0.1557,0.4302,0.4998,0.0123,0.0205,0.0942,0.0942,0.6970,0.8075,,0.1105,,28.73,-10.59,173.2,172.4,1.358,0.206,2.136
1791426887.3694503,0.6350,0.7006,0.6350,0.6350,0.4302,0.7538,0.7006,0.7538,0.8030,0.1966,0.1229,0.4998,0.4302,0.0123,0.0205,0.0737,0.0574,0.6970,0.8085,,0.1115,,28.51,-10.53,173.1,172.7,1.364,0.207,
1791426887.4016948,0.7538,0.4302,0.5695,0.6350,0.6350,0.6350,0.5695,0.7006,0.7006,0.4302,0.1229,0.7006,0.6350,0.0246,0.0410,0.0410,0.0574,0.6970,0.8075,0.7180,0.1105,-0.0895,28.48,-10.40,173.1,173.9,1.291,0.207,2.065
1791426887.433752,0.7006,0.8767,0.7538,0.4998,0.4998,0.7006,0.7538,0.7538,0.5695,0.4998,0.1229,0.6350,0.7006,0.0082,0.0123,0.1229,0.0369,0.6980,0.8140,0.7090,0.1160,-0.1050,28.35,-10.49,173.3,174.6,1.369,0.209,2.123
1791426887.4647772,0.7006,0.7538,0.7538,0.5695,0.4998,0.7006,0.7538,0.8030,0.7006,0.3646,0.0737,0.7006,0.6350,0.0123,0.0369,0.0574,0.0942,0.6970,0.8085,0.7220,0.1115,-0.0865,28.62,-10.31,173.4,173.6,1.282,0.206,2.026
1791426887.496946,0.6350,0.8767,0.6350,0.4998,0.5695,0.5695,0.7538,0.7006,0.7006,0.8030,0.1966,0.6350,0.6350,0.0369,0.0410,0.0410,0.0410,0.6970,0.8145,0.7080,0.1175,-0.1065,28.88,-10.48,173.4,173.4,1.352,0.206,2.087
1791426887.5308735,0.8767,0.7006,0.7006,0.6350,0.5695,0.4302,0.6350,0.6350,0.4998,0.4302,0.2458,0.6350,0.4998,0.0369,0.0369,0.0574,0.0942,0.6970,0.8090,,0.1120,,28.66,-10.34,173.3,173.3,1.403,0.207,2.208
1791426887.563442,0.7538,0.8767,0.6350,0.6350,0.5695,0.7006,0.5695,0.7006,0.6350,0.5695,0.0574,0.7006,0.6350,0.0369,0.0574,0.0737,0.0737,0.6970,0.8100,0.7270,0.1130,-0.0830,28.71,-10.11,173.2,173.1,1.293,0.207,2.061
1791426887.5973952,0.7006,0.8030,0.2991,0.6350,0.6350,0.6350,0.7538,0.4998,0.7538,0.7006,0.2458,0.7006,0.6350,0.0164,0.0123,0.0737,0.0574,0.6970,0.8075,0.7180,0.1105,-0.0895,28.68,-10.03,173.1,172.2,1.308,0.206,2.058
1791426887.6375422,0.7538,0.8440,0.7006,0.7538,0.7006,0.7006,0.7006,0.4302,0.4302,0.7538,0.2991,0.6350,0.6350,0.0164,0.0369,0.0369,0.0737,0.6970,0.8140,0.7220,0.1170,-0.0920,29.00,-10.03,173.3,172.5,1.302,0.205,2.057
1791426887.6702478,0.5695,0.8440,0.4998,0.4998,0.7006,0.7538,0.6350,0.5695,0.6350,0.3646,0.3646,0.7006,0.5695,0.0123,0.0205,0.0737,0.0942,0.6970,0.8065,0.7270,0.1095,-0.0795,28.88,-9.74,173.2,171.8,1.316,0.204,2.102
1791426887.701284,0.7006,0.8440,0.7006,0.7006,0.5695,0.8030,0.7006,0.7006,0.5695,0.2991,0.1229,0.7006,0.6350,0.0123,0.0574,0.0574,0.0410,0.6970,0.8095,0.7110,0.1125,-0.0985,28.67,-9.76,173.0,171.6,1.420,0.206,
1791426887.7323112,0.5695,0.8030,0.7006,0.4998,0.6350,0.7006,0.7006,0.4302,0.6350,0.5695,0.2458,0.6350,0.6350,0.0123,0.0410,0.0942,0.0942,0.6970,0.8090,0.7140,0.1120,-0.0950,28.68,-9.80,173.0,172.0,1.349,0.206,2.125
1791426887.7635324,0.8030,0.6350,0.7006,0.4998,0.4998,0.8767,0.7006,0.6350,0.5695,0.5695,0.2991,0.6350,0.7006,0.0410,0.0574,0.0737,0.0410,0.6970,0.8145,0.7180,0.1175,-0.0965,28.96,-9.91,173.6,172.1,1.322,0.205,2.062
1791426887.797978,0.8030,0.8767,0.5695,0.4998,0.5695,0.6350,0.5695,0.8440,0.6350,0.1966,0.2458,0.6350,0.6350,0.0410,0.0574,0.0574,0.0574,0.6970,0.8065,0.7090,0.1095,-0.0975,28.50,-9.98,173.4,171.7,1.350,0.208,
1791426887.830325,0.6350,0.9259,0.6350,0.4302,0.5695,0.6350,0.6350,0.6350,0.7006,0.1557,0.1557,0.6350,0.4998,0.0082,0.0246,0.0942,0.0410,0.7040,0.8055,,0.1015,,28.00,-9.86,173.5,171.8,1.364,0.208,
1791426887.863678,0.4998,0.7006,0.5695,0.4302,0.2991,0.8030,0.7538,0.7006,0.4998,0.7538,0.0942,0.6350,0.6350,0.0123,0.0410,0.0737,0.0410,0.6970,0.8115,0.7110,0.1145,-0.1005,28.45,-10.15,173.4,171.8,1.247,0.205,1.949
1791426887.896183,0.7006,0.5695,0.7006,0.6350,0.6350,0.7538,0.7538,0.4302,0.6350,0.7006,0.2458,0.5695,0.6350,0.0246,0.0123,0.0574,0.0737,0.6970,0.8115,0.7100,0.1145,-0.1015,28.64,-10.33,173.2,171.6,1.298,0.205,2.038
1791426887.9307928,0.7538,0.8440,0.8030,0.6350,0.4302,0.7006,0.7538,0.8030,0.5695,0.6350,0.1557,0.4302,0.5695,0.0164,0.0205,0.0164,0.0574,0.6970,0.8080,,0.1110,,28.79,-10.38,173.1,171.8,1.263,0.203,2.007
1791426887.9700055,0.5695,0.8030,0.7006,0.4998,0.4998,0.4302,0.5695,0.7538,0.6350,0.1557,0.2991,0.5695,0.7006,0.0123,0.0369,0.0164,0.0737,0.6970,0.8060,0.7150,0.1090,-0.0910,28.77,-10.30,172.9,171.9,1.294,0.203,
1791426888.0008962,0.8030,0.7538,0.6350,0.7538,0.6350,0.6350,0.5695,0.7538,0.4998,0.1966,0.2991,0.4302,0.4998,0.0246,0.0410,0.0737,0.0737,0.6970,0.8060,,0.1090,,28.42,-10.23,172.8,171.9,1.310,0.205,
1791426888.0325766,0.4998,0.8030,0.6350,0.7006,0.4998,0.6350,0.5695,0.7006,0.5695,0.5695,0.3646,0.6350,0.6350,0.0246,0.0410,0.0574,0.0410,0.6970,0.8070,0.7140,0.1100,-0.0930,28.32,-10.04,172.7,171.8,1.412,0.205,2.174
1791426888.0636647,0.8030,0.9423,0.4302,0.4998,0.4998,0.5695,0.6350,0.7006,0.5695,0.5695,0.2991,0.6350,0.6350,0.0369,0.0574,0.0369,0.0574,0.6970,0.8080,0.7220,0.1110,-0.0860,28.25,-9.89,172.8,172.6,1.316,0.206,2.101
1791426888.0974433,0.5695,0.8030,0.8030,0.6350,0.5695,0.5695,0.6350,0.6350,0.5695,0.2458,0.3646,0.7538,0.4998,0.0123,0.0410,0.0737,0.0737,0.6970,0.8100,,0.1130,,28.75,-10.03,172.7,172.5,1.260,0.203,1.861
1791426888.1302626,0.8030,0.7538,0.7006,0.6350,0.5695,0.6350,0.5695,0.6350,0.4998,0.6350,0.1229,0.4998,0.4302,0.0164,0.0574,0.0737,0.0737,0.6970,0.8080,,0.1110,,28.72,-10.10,172.4,172.1,1.263,0.203,2.066
1791426888.1638756,0.4998,0.8030,0.4998,0.4302,0.5695,0.8030,0.7006,0.7538,0.4998,0.6350,0.2991,0.6350,0.5695,0.0246,0.0369,0.0574,0.0942,0.6970,0.8065,0.7200,0.1095,-0.0865,28.63,-9.81,172.5,171.5,1.408,0.203,2.176
1791426888.1976078,0.6350,0.6350,0.6350,0.5695,0.5695,0.4998,0.8030,0.6350,0.4302,0.7538,0.2458,0.6350,0.6350,0.0164,0.0246,0.0574,0.1229,0.6970,0.8100,0.7100,0.1130,-0.1000,28.85,-10.10,172.5,171.2,1.248,0.202,1.970
1791426888.2365406,0.5695,0.3646,0.7006,0.4302,0.8030,0.7538,0.4998,0.7006,0.4302,0.5695,0.3646,0.6350,0.6350,0.0246,0.0942,0.0737,0.0574,0.6970,0.8065,0.7190,0.1095,-0.0875,28.92,-10.03,172.2,170.9,1.271,0.201,1.955
1791426888.267274,0.4302,0.5695,0.7006,0.3646,0.4998,0.7538,0.7006,0.7006,0.4998,0.4998,0.3646,0.5695,0.6350,0.0205,0.0737,0.0410,0.0410,0.6970,0.8105,0.7180,0.1135,-0.0925,29.03,-10.07,172.4,171.2,1.287,0.201,1.997
1791426888.2989268,0.5695,0.7006,0.5695,0.7006,0.7006,0.7006,0.5695,0.7006,0.6350,0.2991,0.3646,0.7006,0.7006,0.0123,0.0737,0.0410,0.0369,0.6980,0.8130,0.7150,0.1150,-0.0980,28.80,-10.00,172.4,171.1,1.426,0.204,2.141
1791426888.3311818,0.7538,0.7006,0.6350,0.4998,0.4302,0.7538,0.8767,0.6350,0.6350,0.6350,0.2458,0.7006,0.7006,0.0123,0.0410,0.0369,0.0123,0.6970,0.8125,0.7210,0.1155,-0.0915,28.47,-9.86,172.5,170.9,1.391,0.208,2.237
1791426888.3650634,0.5695,0.4998,0.5695,0.6350,0.7006,0.8030,0.7538,0.6350,0.6350,0.4998,0.1229,0.5695,0.7006,0.0205,0.0369,0.0737,0.0942,0.6970,0.8095,0.7250,0.1125,-0.0845,28.26,-9.58,173.0,170.8,1.408,0.210,2.249
1791426888.3968205,0.6350,0.9259,0.4302,0.7006,0.4302,0.5695,0.5695,0.7538,0.6350,0.2991,0.4302,0.5695,0.5695,0.0246,0.0369,0.0410,0.0369,0.6970,0.8065,0.7250,0.1095,-0.0815,28.09,-9.39,172.9,170.8,1.348,0.210,2.156
1791426888.431333,0.8030,0.6350,0.5695,0.7006,0.5695,0.7006,0.6350,0.5695,0.6350,0.2458,0.2991,0.6350,0.6350,0.0082,0.0410,0.0574,0.0574,0.6970,0.8040,0.7160,0.1070,-0.0880,27.86,-9.34,172.7,170.3,1.363,0.210,
1791426888.4642072,0.8440,0.7538,0.7538,0.7006,0.4998,0.6350,0.7006,0.5695,0.5695,0.6350,0.3646,0.7006,0.7006,0.0369,0.0410,0.0737,0.0574,0.6990,0.8095,0.7170,0.1105,-0.0925,27.86,-9.23,172.8,170.1,1.491,0.210,2.113
1791426888.5041993,0.4302,0.7538,0.6350,0.6350,0.4302,0.7006,0.6350,0.7006,0.7006,0.4998,0.2458,0.7006,0.4998,0.0205,0.0410,0.0574,0.0942,0.6970,0.8075,,0.1105,,28.01,-9.28,172.6,170.8,1.328,0.208,2.123
1791426888.5365849,0.4302,0.8440,0.7006,0.7006,0.6350,0.7006,0.7538,0.7538,0.5695,0.5695,0.2458,0.7006,0.5695,0.0369,0.0369,0.0737,0.0942,0.6970,0.8125,0.7120,0.1155,-0.1005,28.11,-9.47,172.8,171.2,1.392,0.209,2.169
1791426888.5667648,0.7006,0.8030,0.7538,0.4302,0.6350,0.6350,0.5695,0.3646,0.6350,0.3646,0.2991,0.4998,0.5695,0.0082,0.0205,0.0942,0.0574,0.6980,0.8060,,0.1080,,28.26,-9.56,172.4,171.5,1.266,0.207,2.000
1791426888.6006236,0.6350,0.9054,0.5695,0.5695,0.7006,0.4302,0.7006,0.6350,0.6350,0.6350,0.0942,0.4998,0.6350,0.0205,0.0164,0.1229,0.0574,0.6970,0.8110,,0.1140,,28.19,-9.53,172.6,173.8,1.409,0.208,2.175
1791426888.631487,0.3646,0.8030,0.5695,0.5695,0.6350,0.5695,0.4998,0.6350,0.5695,0.1557,0.1557,0.6350,0.6350,0.0205,0.0369,0.0410,0.0410,0.6970,0.8035,0.7120,0.1065,-0.0915,27.91,-9.59,172.5,172.9,1.322,0.209,
1791426888.66431,0.7006,0.7538,0.6350,0.5695,0.5695,0.7538,0.7006,0.6350,0.6350,0.5695,0.1966,0.6350,0.6350,0.0164,0.0574,0.0369,0.0574,0.6970,0.8085,0.7160,0.1115,-0.0925,28.28,-9.64,173.2,172.9,1.329,0.206,2.014
1791426888.6985946,0.5695,0.8440,0.7006,0.4302,0.4302,0.7538,0.7538,0.8030,0.6350,0.5695,0.1966,0.6350,0.6350,0.0123,0.0369,0.0737,0.0574,0.6970,0.8075,0.7210,0.1105,-0.0865,28.47,-9.66,173.1,172.8,1.263,0.204,2.004
1791426888.7313356,0.7006,0.8440,0.7538,0.5695,0.7006,0.6350,0.7538,0.7006,0.4302,0.2458,0.1557,0.6350,0.6350,0.0410,0.0410,0.0574,0.0737,0.6970,0.8045,0.7170,0.1075,-0.0875,27.82,-9.55,173.1,172.2,1.364,0.209,
1791426888.7658994,0.7538,0.4998,0.4302,0.7006,0.6350,0.5695,0.7006,0.4998,0.6350,0.4302,0.3646,0.7006,0.6350,0.0123,0.0410,0.0942,0.0574,0.6970,0.8095,0.7150,0.1125,-0.0945,28.19,-9.69,173.0,172.3,1.300,0.206,1.967
1791426888.8048725,0.4998,0.7006,0.6350,0.2458,0.6350,0.5695,0.6350,0.6350,0.6350,0.5695,0.2458,0.6350,0.6350,0.0164,0.0410,0.0369,0.0574,0.6970,0.8055,0.7270,0.1085,-0.0785,28.40,-9.55,172.7,171.6,1.245,0.204,1.964
1791426888.8357801,0.7006,0.4302,0.4998,0.6350,0.6350,0.5695,0.7006,0.7006,0.6350,0.1557,0.3646,0.7006,0.4302,0.0082,0.0574,0.0942,0.0574,0.6970,0.8065,,0.1095,,28.53,-9.57,172.6,171.3,1.293,0.202,1.996
1791426888.8674574,0.7006,0.8767,0.6350,0.6350,0.7538,0.4998,0.4998,0.4998,0.4998,0.4998,0.2458,0.7006,0.5695,0.0205,0.0369,0.0410,0.0574,0.6970,0.8065,0.7220,0.1095,-0.0845,28.46,-9.45,172.7,171.3,1.339,0.203,2.107
1791426888.8987575,0.6350,0.9054,0.4998,0.5695,0.7006,0.7006,0.5695,0.6350,0.5695,0.1966,0.4302,0.4998,0.4998,0.0205,0.0369,0.0737,0.0574,0.6970,0.8095,,0.1125,,28.69,-9.41,172.6,171.2,1.382,0.202,2.077
1791426888.9314044,0.5695,0.8030,0.7006,0.2991,0.3646,0.7006,0.5695,0.7538,0.7006,0.6350,0.1966,0.7006,0.5695,0.0246,0.0574,0.0737,0.0574,0.6970,0.8065,0.7200,0.1095,-0.0865,28.53,-9.36,172.7,171.6,1.339,0.203,2.115
1791426888.9647474,0.8030,0.7538,0.6350,0.5695,0.7538,0.7006,0.6350,0.7006,0.4998,0.5695,0.2458,0.6350,0.5695,0.0246,0.0369,0.0410,0.0410,0.7010,0.8090,0.7230,0.1080,-0.0860,28.57,-9.26,172.8,171.5,1.374,0.202,2.141
1791426888.998144,0.4998,0.7006,0.6350,0.7006,0.6350,0.7538,0.5695,0.4998,0.5695,0.6350,0.2458,0.6350,0.5695,0.0164,0.0410,0.0737,0.0574,0.6970,0.8065,0.6850,0.1095,-0.1215,28.48,-9.97,172.9,171.7,1.344,0.202,2.047
1791426889.0320528,0.8030,0.3646,0.7006,0.4998,0.7538,0.7538,0.7006,0.6350,0.6350,0.5695,0.1557,0.5695,0.7006,0.0246,0.0410,0.0737,0.0410,0.6970,0.8065,0.7040,0.1095,-0.1025,28.26,-10.11,173.0,171.9,1.360,0.204,2.132
1791426889.0718722,0.5695,0.7538,0.4998,0.4998,0.8030,0.5695,0.4998,0.6350,0.4998,0.5695,0.2458,0.5695,0.6350,0.0164,0.0410,0.0369,0.0369,0.6980,0.8115,0.7180,0.1135,-0.0935,27.96,-9.96,173.0,172.2,1.414,0.208,2.229
1791426889.1040926,0.4998,0.3646,0.6350,0.4998,0.4998,0.7006,0.6350,0.6350,0.7006,0.2991,0.4302,0.6350,0.6350,0.0123,0.0410,0.0410,0.0737,0.6970,0.8065,0.7140,0.1095,-0.0925,27.61,-9.89,172.9,171.8,1.364,0.211,2.046
1791426889.1345687,0.7006,0.8030,0.4998,0.5695,0.8030,0.7006,0.8440,0.6350,0.5695,0.6350,0.4302,0.6350,0.6350,0.0410,0.0410,0.0737,0.0574,0.6970,0.8065,0.7030,0.1095,-0.1035,27.43,-10.04,173.0,171.6,1.381,0.212,2.115
1791426889.1662848,0.4998,0.7538,0.7538,0.7006,0.4998,0.4998,0.7006,0.6350,0.7006,0.7006,0.1966,0.6350,0.6350,0.0123,0.0369,0.0574,0.0574,0.6970,0.8100,0.7070,0.1130,-0.1030,27.64,-10.13,173.2,172.1,1.392,0.211,2.165
1791426889.198555,0.6350,0.7006,0.6350,0.4998,0.7006,0.6350,0.6350,0.6350,0.5695,0.7006,0.2458,0.6350,0.5695,0.0246,0.0369,0.0737,0.0410,0.6990,0.8055,0.7100,0.1065,-0.0955,27.57,-10.11,173.1,172.3,1.348,0.210,2.102
1791426889.2321515,0.5695,0.7006,0.8030,0.6350,0.5695,0.6350,0.7006,0.6350,0.6350,0.3646,0.2991,0.5695,0.7006,0.0164,0.0410,0.0574,0.0737,0.6970,0.8075,0.7150,0.1105,-0.0925,27.65,-9.89,173.2,172.5,1.449,0.210,2.266
1791426889.2657485,0.5695,0.8030,0.7006,0.6350,0.7006,0.5695,0.6350,0.7006,0.4998,0.2458,0.1229,0.7006,0.5695,0.0123,0.0410,0.0942,0.0737,0.6980,0.8075,0.7200,0.1095,-0.0875,28.03,-9.83,173.3,173.0,1.297,0.206,
1791426889.2977984,0.3646,0.8030,0.7006,0.5695,0.4302,0.7006,0.7006,0.6350,0.6350,0.1966,0.2991,0.7006,0.4998,0.0369,0.0942,0.0369,0.0410,0.6970,0.8075,,0.1105,,27.87,-9.77,173.7,173.2,1.407,0.208,
1791426889.3317337,0.4998,0.3646,0.7006,0.5695,0.3646,0.6350,0.4998,0.7538,0.7006,0.2458,0.1229,0.6350,0.6350,0.0123,0.0410,0.0410,0.0410,0.6990,0.8070,0.7230,0.1080,-0.0840,27.57,-9.64,173.7,173.1,1.317,0.210,
1791426889.3718357,0.7006,0.8440,0.7006,0.4998,0.5695,0.7538,0.4998,0.7006,0.4998,0.6350,0.3646,0.5695,0.6350,0.0205,0.0369,0.0737,0.0737,0.6970,0.8090,0.7270,0.1120,-0.0820,27.74,-9.53,173.6,173.6,1.285,0.209,1.999
1791426889.4024932,0.4998,0.6350,0.6350,0.7006,0.8030,0.5695,0.6350,0.7006,0.5695,0.7006,0.4302,0.7006,0.6350,0.0205,0.0410,0.0410,0.0737,0.6980,0.8030,0.7190,0.1050,-0.0840,27.58,-9.39,173.2,171.9,1.349,0.209,2.046
1791426889.434261,0.7006,0.7538,0.6350,0.5695,0.6350,0.5695,0.5695,0.7538,0.1966,0.5695,0.2991,0.6350,0.5695,0.0369,0.0574,0.0737,0.0574,0.6970,0.8170,0.7300,0.1200,-0.0870,27.76,-9.35,173.1,171.7,1.344,0.211,2.210
1791426889.4667912,0.5695,0.8030,0.8030,0.2991,0.4302,0.6350,0.7006,0.6350,0.7006,0.6350,0.2991,0.6350,0.5695,0.0369,0.0737,0.0942,0.0737,0.6970,0.8115,0.7270,0.1145,-0.0845,27.96,-9.30,173.1,171.4,1.317,0.211,2.133
1791426889.4984546,0.5695,0.7006,0.5695,0.4998,0.4302,0.7538,0.5695,0.6350,0.6350,0.5695,0.1966,0.7006,0.4998,0.0123,0.0246,0.0369,0.0410,0.6970,0.8155,,0.1185,,28.28,-9.39,173.0,172.1,1.371,0.210,2.132
1791426889.5315049,0.7538,0.8030,0.6350,0.4998,0.5695,0.6350,0.8440,0.8030,0.5695,0.4302,0.4302,0.6350,0.5695,0.0205,0.0164,0.0369,0.0369,0.6980,0.8095,0.7140,0.1115,-0.0955,28.10,-9.48,172.9,172.4,1.375,0.211,2.154
1791426889.5666862,0.7538,0.9587,0.4302,0.4998,0.5695,0.7006,0.8440,0.6350,0.5695,0.5695,0.1557,0.7006,0.6350,0.0082,0.0410,0.0369,0.0574,0.6970,0.8075,0.7210,0.1105,-0.0865,28.01,-9.45,172.8,172.1,1.316,0.211,2.131
1791426889.5985065,0.7538,0.8440,0.5695,0.6350,0.6350,0.4998,0.7006,0.5695,0.5695,0.7006,0.2991,0.4998,0.4998,0.0246,0.0410,0.0574,0.0942,0.6980,0.8025,,0.1045,,27.68,-9.36,172.6,171.4,1.300,0.211,2.100
1791426889.6318474,0.7006,0.9259,0.4998,0.5695,0.4302,0.5695,0.7006,0.5695,0.6350,0.6350,0.1557,0.6350,0.4998,0.0246,0.0410,0.0574,0.1229,0.6970,0.8100,,0.1130,,28.32,-9.61,172.8,171.5,1.190,0.206,1.895
1791426889.6730645,0.8440,0.7538,0.7538,0.6350,0.5695,0.6350,0.5695,0.8030,0.6350,0.2991,0.3646,0.5695,0.4998,0.0369,0.0410,0.0574,0.0410,0.6980,0.8140,,0.1160,,29.11,-9.84,172.9,171.0,1.227,0.202,1.784
1791426889.7048523,0.8030,0.8767,0.5695,0.5695,0.6350,0.5695,0.7006,0.6350,0.5695,0.5695,0.4302,0.7006,0.7006,0.0205,0.0574,0.0574,0.0369,0.6980,0.8150,0.7110,0.1170,-0.1040,29.38,-9.94,173.0,170.7,1.431,0.201,2.106
1791426889.736015,0.5695,0.9423,0.5695,0.4302,0.4302,0.6350,0.6350,0.7538,0.5695,0.1966,0.3646,0.4998,0.7006,0.0123,0.0574,0.0369,0.0410,0.6970,0.8060,,0.1090,,29.35,-9.84,172.9,171.6,1.315,0.200,2.009
1791426889.7676988,0.7538,0.5695,0.6350,0.5695,0.3646,0.6350,0.7538,0.6350,0.4998,0.6350,0.3646,0.7538,0.7006,0.0164,0.0246,0.0942,0.0574,0.6970,0.8075,0.7160,0.1105,-0.0915,29.28,-9.88,172.7,171.2,1.294,0.200,1.916
1791426889.799827,0.7538,0.9054,0.7006,0.6350,0.4302,0.6350,0.5695,0.6350,0.6350,0.6350,0.1966,0.6350,0.5695,0.0369,0.0369,0.0737,0.0574,0.6980,0.8075,0.7110,0.1095,-0.0965,28.77,-9.80,172.8,171.1,1.438,0.203,2.240
1791426889.8336217,0.8767,0.8767,0.5695,0.5695,0.2458,0.7006,0.6350,0.5695,0.5695,0.1966,0.4302,0.5695,0.6350,0.0369,0.0574,0.0737,0.0574,0.6970,0.8130,0.7200,0.1160,-0.0930,29.26,-9.94,172.8,172.0,1.254,0.201,1.954
1791426889.8669147,0.7538,0.9054,0.8030,0.4302,0.7006,0.5695,0.7538,0.6350,0.6350,0.6350,0.1966,0.3646,0.5695,0.0123,0.0737,0.0574,0.0574,0.6980,0.8075,,0.1095,,29.46,-9.99,172.7,172.3,1.249,0.198,2.003
1791426889.8997247,0.7538,0.9054,0.7006,0.5695,0.4998,0.5695,0.7006,0.7006,0.5695,0.5695,0.2991,0.6350,0.4302,0.0205,0.0369,0.0410,0.0574,0.6980,0.8070,,0.1090,,29.36,-9.93,172.5,172.2,1.320,0.198,2.053
1791426889.9336197,0.8030,0.8030,0.8440,0.5695,0.6350,0.5695,0.6350,0.5695,0.6350,0.2991,0.4302,0.6350,0.6350,0.0205,0.0123,0.0410,0.0574,0.7010,0.8080,0.7090,0.1070,-0.0990,29.51,-10.08,172.6,172.4,1.310,0.195,1.926
1791426889.9734182,0.6350,0.6350,0.7006,0.5695,0.5695,0.4998,0.5695,0.7006,0.7538,0.4998,0.2458,0.7006,0.6350,0.0164,0.0410,0.0369,0.0737,0.6970,0.8095,0.7240,0.1125,-0.0855,29.15,-9.95,172.6,172.5,1.291,0.199,2.070
1791426890.006057,0.5695,0.7006,0.8030,0.2991,0.3646,0.7006,0.8030,0.8440,0.6350,0.4998,0.2991,0.5695,0.4998,0.0123,0.0574,0.0369,0.0574,0.6980,0.8065,,0.1085,,29.14,-9.92,172.6,171.6,1.288,0.198,1.995
1791426890.036018,0.8030,0.7538,0.3646,0.4998,0.4998,0.4998,0.4998,0.7538,0.4998,0.6350,0.0942,0.7006,0.7006,0.0246,0.0164,0.0574,0.0737,0.6970,0.8065,0.7150,0.1095,-0.0915,29.10,-9.94,172.5,171.0,1.299,0.198,1.998
1791426890.06966,0.5695,0.8030,0.6350,0.6350,0.6350,0.6350,0.5695,0.7006,0.8440,0.5695,0.2991,0.4302,0.5695,0.0082,0.0246,0.0574,0.0246,0.6970,0.8065,,0.1095,,29.21,-10.02,172.2,170.6,1.228,0.197,1.967
1791426890.1003368,0.4998,0.8030,0.7538,0.6350,0.5695,0.6350,0.6350,0.5695,0.6350,0.5695,0.1966,0.7538,0.6350,0.0123,0.0410,0.1229,0.1229,0.6990,0.8145,0.7070,0.1155,-0.1075,29.61,-10.33,172.7,170.5,1.315,0.196,2.032
1791426890.1331964,0.6350,0.7538,0.5695,0.4998,0.4998,0.6350,0.6350,0.4998,0.4998,0.5695,0.4302,0.4302,0.5695,0.0164,0.0410,0.0942,0.0246,0.6970,0.8085,,0.1115,,29.20,-10.21,172.9,171.5,1.363,0.199,2.120
1791426890.1674933,0.7538,0.8767,0.7006,0.4998,0.5695,0.4302,0.4998,0.5695,0.5695,0.2458,0.2458,0.7538,0.5695,0.0369,0.0369,0.0574,0.0410,0.6970,0.8095,0.7170,0.1125,-0.0925,29.12,-10.10,172.9,171.6,1.355,0.200,
1791426890.199723,0.5695,0.8440,0.7006,0.5695,0.5695,0.7538,0.7006,0.7006,0.6350,0.1557,0.2991,0.4998,0.4998,0.0246,0.0410,0.0737,0.0737,0.6970,0.8075,,0.1105,,29.29,-10.18,172.5,171.1,1.240,0.198,
1791426890.2332656,0.6350,0.8440,0.5695,0.3646,0.4302,0.7006,0.6350,0.4998,0.7006,0.2991,0.2991,0.6350,0.7006,0.0410,0.0410,0.0410,0.0410,0.6990,0.8100,0.7290,0.1110,-0.0810,29.49,-9.94,172.8,170.8,1.286,0.197,
1791426890.266367,0.6350,0.7006,0.7006,0.5695,0.5695,0.8030,0.8440,0.5695,0.5695,0.5695,0.2991,0.4302,0.5695,0.0205,0.0369,0.0574,0.0574,0.6980,0.8075,,0.1095,,29.37,-9.92,172.9,171.2,1.292,0.197,2.041
1791426890.3056538,0.5695,0.8767,0.5695,0.4998,0.4302,0.7538,0.5695,0.7006,0.4998,0.3646,0.1966,0.6350,0.4998,0.0369,0.0410,0.0410,0.0410,0.6980,0.8060,,0.1080,,29.15,-9.86,172.7,171.8,1.297,0.198,2.078
1791426890.3396268,0.8030,0.8030,0.6350,0.4302,0.6350,0.8030,0.7538,0.8030,0.5695,0.1966,0.2991,0.6350,0.5695,0.0164,0.0410,0.0942,0.0737,0.6970,0.8060,0.7220,0.1090,-0.0840,28.46,-9.68,172.8,171.6,1.331,0.203,
1791426890.3691661,0.6350,0.8030,0.7538,0.4998,0.5695,0.7006,0.6350,0.6350,0.4998,0.7006,0.2991,0.5695,0.4998,0.0246,0.0164,0.0737,0.0574,0.6980,0.8155,,0.1175,,28.80,-9.79,173.0,172.1,1.338,0.203,2.110
1791426890.4031785,0.6350,0.7538,0.4302,0.4998,0.5695,0.6350,0.6350,0.6350,0.4998,0.6350,0.1966,0.6350,0.6350,0.0246,0.0410,0.0737,0.0574,0.6980,0.8080,0.7240,0.1100,-0.0840,28.61,-9.53,172.9,172.1,1.395,0.204,2.216
1791426890.4336717,0.8440,0.8030,0.6350,0.4998,0.6350,0.5695,0.6350,0.7006,0.7006,0.5695,0.2991,0.6350,0.6350,0.0410,0.0737,0.0737,0.0737,0.6970,0.8075,0.7100,0.1105,-0.0975,28.52,-9.66,172.7,172.5,1.359,0.204,2.108
1791426890.4672983,0.7538,0.8030,0.4998,0.5695,0.5695,0.7538,0.7006,0.7006,0.5695,0.6350,0.2458,0.6350,0.6350,0.0369,0.0410,0.0574,0.0410,0.6980,0.8085,0.7140,0.1105,-0.0945,28.45,-9.69,172.7,172.3,1.369,0.205,2.146
1791426890.5001814,0.4302,0.8440,0.4302,0.6350,0.5695,0.5695,0.5695,0.7006,0.7006,0.4302,0.2458,0.7006,0.6350,0.0123,0.0410,0.0574,0.0410,0.6980,0.8085,0.7130,0.1105,-0.0955,28.24,-9.72,172.8,172.4,1.376,0.206,2.191
1791426890.533781,0.6350,0.6350,0.4998,0.5695,0.4998,0.7006,0.5695,0.4302,0.5695,0.6350,0.1229,0.4302,0.4998,0.0164,0.0410,0.0574,0.0574,0.6980,0.8120,,0.1140,,28.75,-9.89,172.8,172.9,1.282,0.203,2.024
1791426890.5759604,0.7538,0.8440,0.6350,0.7538,0.6350,0.7006,0.7006,0.7538,0.5695,0.2458,0.1557,0.2991,0.5695,0.0369,0.0410,0.0737,0.0942,0.6980,0.8080,,0.1100,,28.40,-9.89,172.8,173.1,,0.206,
1791426890.607008,0.7006,0.7006,0.7006,0.4302,0.5695,0.7006,0.7006,0.5695,0.7006,0.7538,0.3646,0.4998,0.4302,0.0205,0.0205,0.0737,0.0410,0.6970,0.8085,,0.1115,,28.34,-9.87,172.8,173.0,1.333,0.206,1.989
1791426890.6405778,0.4998,0.7538,0.7538,0.4302,0.6350,0.6350,0.7006,0.7006,0.6350,0.6350,0.3646,0.7538,0.6350,0.0123,0.0369,0.0369,0.0410,0.6980,0.8125,0.7180,0.1145,-0.0945,28.52,-9.92,173.1,173.3,1.328,0.206,2.029
1791426890.6712046,0.6350,0.8440,0.4302,0.7006,0.5695,0.4998,0.6350,0.6350,0.6350,0.2458,0.1557,0.7006,0.6350,0.0246,0.0246,0.0574,0.0574,0.6980,0.8085,0.7200,0.1105,-0.0885,28.15,-9.79,172.9,173.8,1.352,0.209,
1791426890.7025995,0.4998,0.8767,0.4998,0.6350,0.5695,0.7538,0.7006,0.7006,0.4998,0.2458,0.2458,0.6350,0.6350,0.0205,0.0369,0.0369,0.0369,0.6980,0.8085,0.7180,0.1105,-0.0905,28.50,-9.85,172.5,173.4,1.270,0.205,
1791426890.7338002,0.7006,0.2991,0.4998,0.7006,0.4302,0.7006,0.6350,0.7006,0.6350,0.3646,0.2458,0.7006,0.5695,0.0369,0.0164,0.0410,0.0410,0.6980,0.8105,0.7240,0.1125,-0.0865,29.04,-9.89,172.3,172.5,1.221,0.201,1.940
1791426890.7670481,0.5695,0.5695,0.7006,0.4998,0.7538,0.5695,0.7006,0.7006,0.4302,0.4998,0.1557,0.6350,0.6350,0.0123,0.0410,0.0410,0.0737,0.6970,0.8055,0.7010,0.1085,-0.1045,29.03,-10.19,172.1,172.2,1.297,0.200,1.998
1791426890.8003118,0.7006,0.7538,0.6350,0.6350,0.5695,0.7538,0.6350,0.4998,0.4302,0.5695,0.2458,0.6350,0.6350,0.0123,0.0123,0.0410,0.0737,0.6980,0.8085,0.7210,0.1105,-0.0875,28.66,-9.94,172.6,172.3,1.379,0.203,2.214
1791426890.8337877,0.7006,0.4998,0.4998,0.5695,0.6350,0.6350,0.7006,0.8030,0.6350,0.1557,0.1966,0.6350,0.7538,0.0246,0.0410,0.0737,0.0574,0.6990,0.8070,0.7070,0.1080,-0.1000,28.92,-10.11,172.5,171.1,1.315,0.200,
1791426890.8671117,0.3646,0.8440,0.4998,0.5695,0.5695,0.8030,0.8030,0.7538,0.6350,0.4302,0.3646,0.5695,0.4998,0.0574,0.0410,0.0942,0.0574,0.6980,0.8155,,0.1175,,29.28,-10.22,173.0,171.4,1.339,0.199,2.018
1791426890.9087715,0.7538,0.8767,0.5695,0.4998,0.6350,0.7006,0.4998,0.7538,0.4998,0.7006,0.2991,0.3646,0.5695,0.0123,0.0410,0.0369,0.0574,0.6970,0.8055,,0.1085,,29.18,-10.23,172.5,171.0,1.256,0.199,2.012
1791426890.9392138,0.4998,0.7538,0.7006,0.5695,0.4998,0.7006,0.6350,0.5695,0.4998,0.4302,0.1229,0.6350,0.6350,0.0123,0.0369,0.0574,0.0410,0.7010,0.8070,0.7110,0.1060,-0.0960,28.84,-10.11,172.9,172.7,1.409,0.200,2.165
1791426890.971216,0.4998,0.8440,0.6350,0.4302,0.7538,0.4302,0.7006,0.4998,0.6350,0.4302,0.3646,0.4302,0.4998,0.0123,0.0205,0.0410,0.0737,0.6970,0.8085,,0.1115,,28.82,-10.18,172.5,172.3,1.284,0.201,2.007
1791426891.0027328,0.4998,0.8440,0.5695,0.6350,0.6350,0.7006,0.7538,0.7006,0.4998,0.4302,0.1966,0.7006,0.6350,0.0410,0.0369,0.0369,0.0369,0.6980,0.8070,0.7190,0.1090,-0.0880,28.77,-9.99,172.5,172.3,1.349,0.201,2.107
1791426891.0344377,0.7006,0.8030,0.5695,0.4302,0.4302,0.3646,0.7006,0.7006,0.4302,0.4998,0.2991,0.5695,0.6350,0.0246,0.0369,0.0164,0.0246,0.6980,0.8095,0.7210,0.1115,-0.0885,29.05,-9.85,172.3,171.9,1.350,0.199,2.092
1791426891.0672631,0.7006,0.7006,0.7006,0.6350,0.6350,0.5695,0.8440,0.7006,0.5695,0.6350,0.1966,0.6350,0.4998,0.0369,0.0082,0.0737,0.0369,0.6970,0.8115,,0.1145,,29.13,-10.00,172.5,172.4,1.275,0.200,2.044
1791426891.100445,0.5695,0.9259,0.5695,0.4998,0.4998,0.5695,0.7538,0.7538,0.5695,0.4998,0.2458,0.6350,0.4998,0.0410,0.0246,0.0369,0.0942,0.6980,0.8115,,0.1135,,28.91,-9.97,172.5,173.0,1.375,0.202,2.214
1791426891.1338408,0.5695,0.7006,0.6350,0.7538,0.5695,0.7538,0.6350,0.6350,0.4302,0.7006,0.1966,0.6350,0.6350,0.0246,0.0205,0.0369,0.0574,0.6980,0.8060,0.7260,0.1080,-0.0800,28.54,-9.70,172.6,172.8,1.317,0.204,2.101
1791426891.1679416,0.7006,0.9054,0.3646,0.4998,0.6350,0.7006,0.7538,0.5695,0.6350,0.7006,0.2458,0.5695,0.5695,0.0410,0.0164,0.0574,0.0737,0.6970,0.8075,0.7220,0.1105,-0.0855,28.75,-9.62,172.7,173.2,1.308,0.202,2.051
1791426891.2075415,0.4302,0.8767,0.5695,0.4998,0.3646,0.7006,0.7006,0.5695,0.7006,0.4998,0.1966,0.6350,0.5695,0.0164,0.0410,0.0574,0.0574,0.6970,0.8060,0.7150,0.1090,-0.0910,28.47,-9.55,172.7,172.0,1.392,0.204,2.187
1791426891.2404363,0.7006,0.8440,0.4302,0.3646,0.5695,0.5695,0.7006,0.4998,0.6350,0.4998,0.2458,0.5695,0.4998,0.0369,0.0164,0.0574,0.0942,0.6970,0.8080,,0.1110,,28.76,-9.64,172.6,172.8,1.274,0.201,2.016
1791426891.271589,0.7538,0.9423,0.7538,0.4998,0.6350,0.7538,0.4998,0.4998,0.5695,0.7006,0.1966,0.7006,0.6350,0.0205,0.0164,0.0574,0.0574,0.6970,0.8075,0.7170,0.1105,-0.0905,28.92,-9.68,172.9,172.2,1.300,0.200,2.009
1791426891.302225,0.6350,0.8030,0.3646,0.7006,0.4998,0.4998,0.7538,0.5695,0.3646,0.4998,0.2991,0.6350,0.5695,0.0369,0.0410,0.0574,0.0410,0.6970,0.8075,0.7180,0.1105,-0.0895,28.95,-9.73,173.0,171.4,1.281,0.200,2.041
1791426891.3346767,0.8030,0.7538,0.4998,0.4302,0.5695,0.5695,0.7006,0.5695,0.4998,0.7006,0.1966,0.3646,0.4998,0.0369,0.0369,0.0410,0.1229,0.6970,0.8145,,0.1175,,29.04,-9.82,172.9,171.6,1.349,0.202,2.146
1791426891.3677104,0.6350,0.8440,0.5695,0.5695,0.4302,0.7006,0.7006,0.7538,0.5695,0.5695,0.4302,0.7006,0.5695,0.0205,0.0410,0.0369,0.0410,0.6980,0.8125,0.7190,0.1145,-0.0935,29.40,-9.95,172.9,172.4,1.260,0.200,1.901
1791426891.4007032,0.6350,0.8030,0.6350,0.5695,0.5695,0.5695,0.7006,0.6350,0.5695,0.3646,0.2458,0.4998,0.5695,0.0410,0.0942,0.0942,0.0574,0.6980,0.8080,,0.1100,,29.72,-9.93,172.6,172.1,1.294,0.196,2.037
1791426891.434738,0.4998,0.9054,0.8440,0.5695,0.6350,0.8440,0.6350,0.7538,0.4998,0.5695,0.1966,0.5695,0.7006,0.0246,0.0574,0.1229,0.0410,0.6980,0.8095,0.7190,0.1115,-0.0905,29.34,-9.83,173.0,172.6,1.358,0.199,2.178
1791426891.4685032,0.5695,0.2991,0.2458,0.4998,0.5695,0.8030,0.6350,0.6350,0.7538,0.3646,0.3646,0.7006,0.6350,0.0164,0.0123,0.0737,0.0164,0.6990,0.8090,0.7140,0.1100,-0.0950,29.38,-9.89,173.0,172.6,1.329,0.198,1.960
1791426891.508445,0.6350,0.8030,0.5695,0.6350,0.4998,0.7006,0.7538,0.7538,0.6350,0.4998,0.2458,0.7006,0.6350,0.0123,0.0410,0.1229,0.0410,0.7040,0.8070,0.7070,0.1030,-0.1000,28.95,-10.01,172.9,172.2,1.354,0.198,2.086
1791426891.5402904,0.6350,0.6350,0.3646,0.4998,0.4998,0.8030,0.7538,0.7006,0.7006,0.5695,0.2458,0.7006,0.4998,0.0205,0.0410,0.0737,0.0410,0.6970,0.8115,,0.1145,,29.05,-10.08,173.0,172.1,1.313,0.199,2.057
1791426891.573243,0.5695,0.8030,0.8030,0.4998,0.6350,0.7006,0.7006,0.6350,0.7006,0.7006,0.2458,0.7006,0.6350,0.0164,0.0574,0.0369,0.0369,0.6970,0.8060,0.7150,0.1090,-0.0910,28.73,-10.08,173.0,172.5,1.279,0.201,2.053
1791426891.6042747,0.7538,0.9423,0.3646,0.5695,0.5695,0.6350,0.5695,0.6350,0.6350,0.2458,0.5695,0.6350,0.7006,0.0123,0.0369,0.0574,0.0410,0.6980,0.8075,0.7180,0.1095,-0.0895,28.58,-9.87,173.2,172.3,1.403,0.202,2.068
1791426891.635424,0.5695,0.8767,0.3646,0.5695,0.4998,0.6350,0.6350,0.7538,0.4302,0.6350,0.1966,0.4998,0.6350,0.0369,0.0246,0.0369,0.0410,0.6980,0.8065,,0.1085,,28.35,-9.90,173.1,172.5,1.284,0.204,2.132
1791426891.6685114,0.7006,0.8030,0.7538,0.5695,0.7538,0.5695,0.7006,0.6350,0.4302,0.5695,0.0410,0.6350,0.4998,0.0164,0.0410,0.0369,0.0737,0.6970,0.8065,,0.1095,,28.03,-9.60,173.0,171.7,1.505,0.206,2.358
1791426891.701174,0.7538,0.7538,0.7538,0.5695,0.4998,0.6350,0.7006,0.7006,0.4302,0.5695,0.2458,0.7006,0.6350,0.0246,0.0737,0.0574,0.0369,0.6980,0.8130,0.7190,0.1150,-0.0940,28.45,-9.67,173.0,172.2,1.342,0.205,2.119
1791426891.7348044,0.4998,0.8030,0.7538,0.6350,0.4998,0.4998,0.5695,0.6350,0.4998,0.4998,0.2458,0.4302,0.6350,0.0123,0.0082,0.1229,0.0737,0.6980,0.8065,,0.1085,,28.30,-9.67,173.0,171.8,1.316,0.205,2.111
1791426891.7675803,0.6350,0.8030,0.7006,0.4998,0.4998,0.5695,0.5695,0.6350,0.7538,0.6350,0.3646,0.3646,0.6350,0.0205,0.0369,0.1557,0.0737,0.6980,0.8050,,0.1070,,28.06,-9.70,172.7,171.9,1.283,0.206,2.035
1791426891.8084948,0.5695,0.7006,0.5695,0.5695,0.5695,0.6350,0.7006,0.7006,0.5695,0.5695,0.4302,0.7006,0.5695,0.0369,0.0164,0.0410,0.0369,0.6970,0.8115,0.7210,0.1145,-0.0905,28.03,-9.52,172.8,171.9,1.453,0.208,2.089
1791426891.8404129,0.5695,0.9259,0.8030,0.6350,0.6350,0.5695,0.6350,0.7006,0.4998,0.5695,0.1229,0.6350,0.7006,0.0246,0.0205,0.0737,0.0942,0.6990,0.8055,0.7200,0.1065,-0.0855,28.29,-9.61,172.4,171.8,1.206,0.204,1.947
1791426891.871737,0.5695,0.8030,0.7006,0.4302,0.7006,0.7006,0.7006,0.4998,0.5695,0.5695,0.1557,0.6350,0.6350,0.0123,0.0246,0.0410,0.0574,0.6980,0.8095,0.7220,0.1115,-0.0875,28.63,-9.62,172.5,172.3,1.289,0.202,2.049
1791426891.902876,0.5695,0.9259,0.6350,0.5695,0.5695,0.4998,0.8440,0.7006,0.4998,0.6350,0.2458,0.7006,0.6350,0.0164,0.0246,0.0574,0.0410,0.6980,0.8160,0.7220,0.1180,-0.0940,28.96,-9.71,172.6,172.1,1.322,0.202,2.109
1791426891.9366097,0.6350,0.7538,0.7006,0.7538,0.4302,0.7006,0.6350,0.7006,0.6350,0.4998,0.2991,0.7006,0.6350,0.0164,0.0574,0.0410,0.0574,0.6970,0.8070,0.7180,0.1100,-0.0890,28.79,-9.51,172.5,171.7,1.444,0.203,2.186
1791426891.9698555,0.6350,0.8440,0.8030,0.5695,0.4998,0.5695,0.7006,0.7538,0.4998,0.1966,0.3646,0.6350,0.6350,0.0369,0.0205,0.0737,0.0574,0.6970,0.8135,0.7020,0.1165,-0.1115,29.02,-9.89,172.6,172.0,1.387,0.203,2.067
1791426892.0023594,0.4302,0.7006,0.6350,0.3646,0.3646,0.6350,0.7538,0.6350,0.5695,0.5695,0.1966,0.6350,0.6350,0.0123,0.0369,0.0410,0.0737,0.6970,0.8090,0.7170,0.1120,-0.0920,29.14,-9.92,172.9,171.9,1.300,0.201,2.017
1791426892.043521,0.4998,0.8030,0.6350,0.4998,0.5695,0.4998,0.6350,0.6350,0.6350,0.2458,0.3646,0.5695,0.6350,0.0123,0.0369,0.0737,0.0164,0.6970,0.8065,0.7180,0.1095,-0.0885,29.18,-9.88,173.1,172.1,1.294,0.200,1.982
1791426892.0750031,0.7006,0.7538,0.7006,0.5695,0.2991,0.4302,0.6350,0.6350,0.5695,0.6350,0.2458,0.7006,0.5695,0.0246,0.0410,0.0737,0.0574,0.7010,0.8080,0.7060,0.1070,-0.1020,29.24,-9.98,173.4,172.1,1.391,0.198,2.098
1791426892.106963,0.5695,0.8030,0.7538,0.6350,0.7538,0.7538,0.7538,0.8030,0.4302,0.4998,0.3646,0.4998,0.4302,0.0574,0.0410,0.0369,0.0574,0.7010,0.8050,,0.1040,,28.91,-9.98,173.0,172.6,1.289,0.198,1.953
1791426892.1395502,0.6350,0.4998,0.7006,0.4998,0.5695,0.7006,0.6350,0.6350,0.6350,0.6350,0.2458,0.6350,0.7006,0.0369,0.0369,0.0942,0.0574,0.6980,0.8060,0.7000,0.1080,-0.1060,28.79,-10.24,172.8,172.8,1.328,0.199,2.087
1791426892.1694999,0.7538,0.8030,0.7538,0.6350,0.4998,0.7006,0.6350,0.5695,0.4998,0.4302,0.2458,0.6350,0.7006,0.0082,0.0205,0.0942,0.0369,0.6980,0.8150,0.7150,0.1170,-0.1000,29.13,-10.32,172.9,172.3,1.330,0.199,2.088
1791426892.2021682,0.4302,0.4302,0.8030,0.4302,0.4998,0.7006,0.5695,0.7006,0.6350,0.2458,0.4302,0.5695,0.6350,0.0205,0.0410,0.0737,0.0410,0.6980,0.8125,0.7210,0.1145,-0.0915,28.85,-10.09,172.9,172.4,1.414,0.202,2.130
1791426892.2350907,0.7006,0.8440,0.7538,0.5695,0.7538,0.6350,0.7006,0.5695,0.7006,0.6350,0.2991,0.6350,0.6350,0.0000,0.0123,0.0369,0.0369,0.6980,0.8070,0.7200,0.1090,-0.0870,28.70,-9.93,173.0,171.4,1.332,0.203,2.116
1791426892.2691927,0.7538,0.8767,0.4998,0.4998,0.5695,0.7538,0.7006,0.6350,0.5695,0.4998,0.4302,0.5695,0.5695,0.0205,0.0123,0.0574,0.0574,0.6980,0.8120,0.7210,0.1140,-0.0910,28.61,-9.70,173.0,171.9,1.455,0.205,2.143
1791426892.3023183,0.5695,0.7006,0.7538,0.7006,0.4302,0.7538,0.6350,0.5695,0.7006,0.7006,0.1557,0.7006,0.6350,0.0369,0.0205,0.0410,0.0574,0.6980,0.8130,0.7180,0.1150,-0.0950,28.81,-9.77,173.1,171.9,1.339,0.204,2.098
1791426892.3352485,0.7538,0.7006,0.5695,0.5695,0.4998,0.7538,0.8030,0.6350,0.5695,0.6350,0.4302,0.6350,0.4302,0.0410,0.0369,0.0205,0.0574,0.6970,0.8155,,0.1185,,28.97,-9.87,173.2,172.0,1.364,0.205,2.065
1791426892.3693857,0.4998,0.7538,0.4998,0.6350,0.6350,0.3646,0.7006,0.6350,0.7006,0.1966,0.2991,0.5695,0.4302,0.0123,0.0410,0.0369,0.0369,0.6970,0.8135,,0.1165,,29.01,-9.93,173.5,171.5,1.349,0.206,
1791426892.4084923,0.5695,0.8030,0.4302,0.6350,0.8030,0.7006,0.7006,0.7006,0.5695,0.6350,0.2458,0.5695,0.7538,0.0205,0.0410,0.0369,0.0410,0.6980,0.8060,0.7140,0.1080,-0.0920,28.83,-9.87,173.4,171.1,1.359,0.205,2.098
1791426892.4392133,0.5695,0.8767,0.6350,0.7538,0.4998,0.5695,0.7006,0.4998,0.4998,0.2458,0.1966,0.6350,0.6350,0.0246,0.0410,0.1557,0.0574,0.6970,0.8070,0.7170,0.1100,-0.0900,28.53,-9.76,173.1,170.8,1.369,0.207,
1791426892.4709957,0.6350,0.8030,0.6350,0.5695,0.4302,0.6350,0.7538,0.6350,0.5695,0.5695,0.1966,0.4302,0.4998,0.0246,0.0246,0.0942,0.0410,0.6970,0.8110,,0.1140,,28.70,-9.80,173.2,171.6,1.349,0.206,2.117
1791426892.5020323,0.7006,0.8030,0.6350,0.5695,0.4998,0.5695,0.7006,0.7006,0.4302,0.4998,0.2458,0.6350,0.5695,0.0205,0.0574,0.0574,0.0574,0.7010,0.8105,0.7210,0.1095,-0.0895,28.45,-9.70,173.2,172.1,1.369,0.207,2.192
1791426892.5358913,0.7538,0.7006,0.4998,0.6350,0.5695,0.6350,0.7538,0.7006,0.4302,0.7006,0.1557,0.5695,0.6350,0.0410,0.0410,0.0369,0.0410,0.6980,0.8125,0.7090,0.1145,-0.1035,28.76,-9.97,173.6,171.7,1.322,0.205,2.072
1791426892.5687017,0.5695,0.4998,0.7006,0.7006,0.3646,0.8030,0.5695,0.6350,0.4302,0.5695,0.1557,0.5695,0.4998,0.0123,0.0410,0.0574,0.1229,0.7000,0.8090,,0.1090,,28.68,-9.90,173.8,172.1,1.375,0.204,2.149
1791426892.6034374,0.5695,0.8767,0.4998,0.4998,0.4302,0.7538,0.6350,0.5695,0.7006,0.2458,0.2991,0.7006,0.6350,0.0123,0.0410,0.0369,0.0369,0.6980,0.8130,0.7120,0.1150,-0.1010,28.75,-10.08,173.5,172.2,1.324,0.205,
1791426892.635306,0.4302,0.8030,0.7006,0.2991,0.3646,0.5695,0.4998,0.7538,0.6350,0.4302,0.3646,0.6350,0.5695,0.0123,0.0574,0.0574,0.0737,0.6980,0.8145,0.7280,0.1165,-0.0865,28.94,-9.91,173.7,172.0,1.327,0.205,2.025
1791426892.6768281,0.5695,0.9054,0.7538,0.7006,0.4998,0.6350,0.7006,0.8030,0.7006,0.1557,0.2458,0.7006,0.4998,0.0164,0.0246,0.0737,0.0369,0.6980,0.8135,,0.1155,,29.00,-9.91,173.4,170.9,1.375,0.205,
1791426892.7081144,0.5695,0.9054,0.6350,0.4302,0.5695,0.4302,0.5695,0.5695,0.4998,0.5695,0.3646,0.6350,0.5695,0.0123,0.0246,0.0410,0.0737,0.6980,0.8060,0.7160,0.1080,-0.0900,29.08,-9.98,173.1,170.9,1.240,0.202,1.930
1791426892.7392547,0.4998,0.2991,0.7006,0.4998,0.3646,0.7006,0.7006,0.5695,0.5695,0.7006,0.3646,0.7006,0.5695,0.0205,0.0410,0.0737,0.0574,0.6980,0.8140,0.7170,0.1160,-0.0970,29.13,-10.05,173.5,171.6,1.331,0.203,2.016
1791426892.7699296,0.4998,0.8440,0.6350,0.5695,0.4998,0.7006,0.6350,0.7006,0.6350,0.7006,0.2991,0.6350,0.7006,0.0369,0.0123,0.0737,0.0369,0.6980,0.8100,0.7270,0.1120,-0.0830,29.06,-9.78,173.4,172.1,1.353,0.203,2.144
1791426892.8036718,0.6350,0.8767,0.7538,0.7006,0.6350,0.7006,0.6350,0.5695,0.5695,0.6350,0.2458,0.6350,0.7006,0.0205,0.0410,0.0410,0.0410,0.6970,0.8155,0.7180,0.1185,-0.0975,28.69,-9.63,173.2,172.1,1.525,0.208,2.401
1791426892.8360357,0.7538,0.8767,0.6350,0.5695,0.1966,0.7538,0.8030,0.6350,0.5695,0.5695,0.0942,0.6350,0.6350,0.0246,0.0410,0.0737,0.0574,0.6980,0.8085,0.7120,0.1105,-0.0965,28.60,-9.64,173.5,172.3,1.409,0.208,2.203
1791426892.8703527,0.7006,0.5695,0.7538,0.6350,0.4302,0.4302,0.7006,0.4302,0.4302,0.7006,0.2991,0.6350,0.6350,0.0164,0.0369,0.0369,0.0574,0.6980,0.8110,0.7030,0.1130,-0.1080,28.58,-9.82,173.4,172.0,1.461,0.208,2.223
1791426892.9022,0.7006,0.8440,0.6350,0.2458,0.4998,0.6350,0.6350,0.8030,0.7538,0.5695,0.1966,0.5695,0.4998,0.0123,0.0574,0.0410,0.0942,0.6980,0.8100,,0.1120,,28.62,-9.86,173.5,172.6,1.348,0.207,2.142
1791426892.93737,0.7538,0.8440,0.5695,0.2991,0.7538,0.4998,0.6350,0.5695,0.5695,0.4998,0.0942,0.7538,0.6350,0.0369,0.0574,0.0574,0.0737,0.6970,0.8060,0.7120,0.1090,-0.0940,28.55,-9.98,173.6,172.9,1.265,0.206,2.004
1791426892.97578,0.6350,0.7538,0.6350,0.4998,0.3646,0.7538,0.8030,0.5695,0.8440,0.4998,0.1966,0.5695,0.5695,0.0164,0.0737,0.0369,0.0410,0.6970,0.8150,0.6930,0.1180,-0.1220,29.33,-10.66,173.5,172.4,1.267,0.202,1.940
1791426893.0072534,0.4302,0.7006,0.7006,0.2458,0.5695,0.7006,0.7538,0.7006,0.7006,0.1557,0.4302,0.7006,0.7006,0.0123,0.0369,0.0737,0.0574,0.6970,0.8060,0.7270,0.1090,-0.0790,29.26,-10.32,173.5,172.3,1.267,0.201,1.989
1791426893.039442,0.7006,0.7538,0.5695,0.4302,0.5695,0.7006,0.5695,0.5695,0.6350,0.6350,0.3646,0.5695,0.6350,0.0123,0.0369,0.0369,0.0574,0.6980,0.8055,0.6980,0.1075,-0.1075,29.06,-10.46,173.3,172.0,1.381,0.201,1.999
1791426893.0710776,0.4998,0.7538,0.5695,0.2991,0.7006,0.6350,0.4998,0.7006,0.7006,0.6350,0.1229,0.6350,0.6350,0.0164,0.0410,0.0574,0.0574,0.6970,0.8145,0.7060,0.1175,-0.1085,28.92,-10.59,173.3,173.6,1.386,0.204,2.147
1791426893.1028066,0.7006,0.8767,0.6350,0.4998,0.4998,0.6350,0.7006,0.6350,0.7006,0.6350,0.4302,0.5695,0.6350,0.0246,0.0369,0.0410,0.0410,0.6970,0.8060,0.7090,0.1090,-0.0970,28.64,-10.50,173.3,172.8,1.355,0.205,1.970
1791426893.1370833,0.7006,0.8030,0.7538,0.4998,0.5695,0.6350,0.4998,0.6350,0.6350,0.4998,0.3646,0.6350,0.7006,0.0123,0.0369,0.0737,0.0574,0.7000,0.8100,0.7010,0.1100,-0.1090,28.66,-10.71,173.0,172.5,1.329,0.204,1.981
1791426893.1709785,0.6350,0.7006,0.7006,0.5695,0.7006,0.4998,0.8030,0.7006,0.4998,0.6350,0.2458,0.6350,0.7006,0.0410,0.0410,0.0369,0.0410,0.6980,0.8105,0.6960,0.1125,-0.1145,28.59,-10.91,172.8,172.4,1.387,0.205,2.191
1791426893.2035294,0.7006,0.7006,0.6350,0.5695,0.6350,0.4302,0.6350,0.5695,0.7006,0.7538,0.2458,0.7006,0.7538,0.0369,0.0574,0.0574,0.0410,0.6970,0.8090,0.7070,0.1120,-0.1020,28.61,-10.83,173.0,174.3,1.371,0.205,2.121
1791426893.2448611,0.7006,0.7006,0.6350,0.2458,0.2991,0.5695,0.6350,0.4302,0.5695,0.4998,0.2991,0.6350,0.7006,0.0082,0.0246,0.0737,0.0574,0.6980,0.8115,0.7080,0.1135,-0.1035,28.81,-10.74,173.5,174.3,1.409,0.204,2.163
1791426893.2762377,0.4302,0.7006,0.7538,0.6350,0.5695,0.7538,0.5695,0.7006,0.5695,0.4998,0.4998,0.6350,0.6350,0.0123,0.0410,0.0369,0.0737,0.6970,0.8175,0.7110,0.1205,-0.1065,29.35,-10.84,173.3,173.4,1.344,0.202,1.969
1791426893.308167,0.5695,0.8030,0.4998,0.4998,0.6350,0.7006,0.7538,0.7006,0.5695,0.6350,0.1966,0.6350,0.6350,0.0164,0.0246,0.0737,0.0574,0.6970,0.8060,0.7170,0.1090,-0.0890,29.18,-10.63,173.1,173.0,1.293,0.202,2.032
1791426893.339686,0.7538,0.7538,0.6350,0.4998,0.4302,0.7538,0.7006,0.7006,0.7006,0.5695,0.2991,0.5695,0.6350,0.0205,0.0410,0.0737,0.0369,0.6980,0.8125,0.7160,0.1145,-0.0965,28.99,-10.46,173.0,171.6,1.398,0.204,2.186
1791426893.371136,0.7006,0.5695,0.6350,0.4998,0.7538,0.5695,0.7006,0.6350,0.5695,0.1557,0.1966,0.6350,0.7006,0.0123,0.0369,0.0574,0.0574,0.6970,0.8080,0.7020,0.1110,-0.1060,28.97,-10.66,172.8,171.6,1.304,0.204,
1791426893.403349,0.6350,0.7538,0.8030,0.4998,0.3646,0.7538,0.7538,0.7006,0.6350,0.6350,0.2458,0.5695,0.7006,0.0123,0.0410,0.0369,0.0410,0.6970,0.8075,0.7040,0.1105,-0.1035,28.84,-10.71,172.7,170.4,1.340,0.204,2.075
1791426893.4369633,0.5695,0.7538,0.8030,0.4998,0.6350,0.7006,0.7006,0.7006,0.4998,0.1557,0.2458,0.6350,0.6350,0.0164,0.0410,0.0574,0.0737,0.6970,0.8090,0.7180,0.1120,-0.0910,28.96,-10.57,172.8,170.6,1.291,0.203,
1791426893.4708047,0.6350,0.7538,0.4302,0.6350,0.4302,0.5695,0.7538,0.5695,0.5695,0.6350,0.2991,0.5695,0.6350,0.0082,0.0942,0.0410,0.0737,0.6970,0.8085,0.7130,0.1115,-0.0955,28.87,-10.56,172.8,170.5,1.287,0.203,2.040
1791426893.5048814,0.7006,0.5695,0.6350,0.5695,0.4998,0.6350,0.5695,0.5695,0.5695,0.4998,0.4998,0.6350,0.7006,0.0164,0.0246,0.0246,0.0410,0.7030,0.8125,0.7060,0.1095,-0.1065,28.91,-10.72,172.7,170.7,1.326,0.202,2.008
1791426893.544812,0.7538,0.5695,0.4302,0.4998,0.5695,0.7006,0.6350,0.6350,0.4998,0.5695,0.1966,0.5695,0.4302,0.0164,0.0164,0.0369,0.0574,0.7050,0.8130,,0.1080,,28.62,-10.62,173.0,171.5,1.432,0.203,2.240
1791426893.5758893,0.7538,0.2991,0.7006,0.6350,0.5695,0.6350,0.7006,0.8030,0.5695,0.6350,0.1966,0.7006,0.7006,0.0123,0.0369,0.0737,0.0410,0.6970,0.8075,0.7140,0.1105,-0.0935,28.73,-10.43,172.8,171.1,1.366,0.202,2.091
1791426893.6073747,0.4998,0.7006,0.7006,0.6350,0.4998,0.7006,0.6350,0.7538,0.6350,0.3646,0.2991,0.5695,0.6350,0.0205,0.0246,0.0164,0.0369,0.6970,0.8135,0.7210,0.1165,-0.0925,28.96,-10.36,172.8,171.1,1.302,0.202,2.068
1791426893.6383579,0.8440,0.8440,0.7538,0.6350,0.4302,0.7006,0.4998,0.7006,0.4302,0.6350,0.2991,0.7006,0.7006,0.0246,0.0410,0.0574,0.0410,0.6980,0.8145,0.7120,0.1165,-0.1025,28.95,-10.41,173.0,171.1,1.370,0.204,2.135
1791426893.6706553,0.6350,0.8767,0.7538,0.4998,0.7006,0.5695,0.7538,0.8030,0.5695,0.2991,0.2991,0.6350,0.4998,0.0246,0.0369,0.0737,0.0737,0.7030,0.8130,,0.1100,,28.78,-10.44,173.2,170.8,1.351,0.204,
1791426893.7049115,0.5695,0.8030,0.5695,0.5695,0.7006,0.6350,0.7006,0.7538,0.5695,0.4998,0.2991,0.7006,0.6350,0.0246,0.0369,0.0369,0.0737,0.6970,0.8070,0.7180,0.1100,-0.0890,28.63,-10.23,173.0,170.9,1.344,0.205,2.091
1791426893.7370577,0.5695,0.7006,0.7006,0.4998,0.6350,0.7006,0.5695,0.6350,0.5695,0.7538,0.1966,0.7006,0.5695,0.0246,0.0369,0.0737,0.0737,0.6970,0.8060,0.7140,0.1090,-0.0920,28.68,-10.24,172.9,171.5,1.271,0.203,1.982
1791426893.770619,0.6350,0.6350,0.5695,0.2991,0.4998,0.7006,0.7006,0.7006,0.7538,0.5695,0.3646,0.5695,0.6350,0.0205,0.0410,0.0410,0.0737,0.7070,0.8100,0.7200,0.1030,-0.0900,28.04,-10.07,173.3,171.4,1.353,0.206,2.057
1791426893.811887,0.6350,0.4998,0.7538,0.6350,0.6350,0.5695,0.5695,0.7538,0.5695,0.7006,0.2458,0.7006,0.6350,0.0164,0.0246,0.0574,0.0410,0.6970,0.8065,0.7180,0.1095,-0.0885,27.63,-9.82,173.8,171.8,1.419,0.209,2.252
1791426893.8451698,0.4302,0.5695,0.4998,0.6350,0.6350,0.7538,0.6350,0.6350,0.7006,0.6350,0.2458,0.6350,0.6350,0.0205,0.0410,0.0737,0.0574,0.6980,0.8090,0.7190,0.1110,-0.0900,27.62,-9.69,173.7,172.0,1.391,0.210,2.176
1791426893.8752549,0.6350,0.7538,0.5695,0.5695,0.5695,0.6350,0.8440,0.7538,0.6350,0.7006,0.2458,0.3646,0.6350,0.0164,0.0410,0.0737,0.0574,0.6980,0.8080,,0.1100,,27.92,-9.80,173.4,173.0,1.267,0.207,2.019
1791426893.9066353,0.7006,0.8440,0.6350,0.6350,0.5695,0.6350,0.5695,0.7538,0.8440,0.2991,0.2458,0.6350,0.7006,0.0082,0.0369,0.0574,0.0737,0.6980,0.8170,0.6980,0.1190,-0.1190,28.47,-10.33,173.5,172.9,1.350,0.206,
1791426893.9378116,0.6350,0.8030,0.7538,0.4998,0.6350,0.6350,0.5695,0.6350,0.4998,0.7006,0.2458,0.6350,0.5695,0.0082,0.0410,0.0574,0.0574,0.7060,0.8065,0.7200,0.1005,-0.0865,28.23,-10.06,173.7,172.4,1.365,0.204,2.133
1791426893.970706,0.6350,0.8030,0.8030,0.6350,0.6350,0.6350,0.6350,0.7006,0.5695,0.4998,0.0942,0.4998,0.6350,0.0164,0.0410,0.0574,0.0574,0.7050,0.8075,,0.1025,,28.15,-10.05,173.4,172.5,1.324,0.202,2.034
1791426894.0046253,0.7538,0.6350,0.7538,0.5695,0.5695,0.7006,0.7538,0.5695,0.6350,0.5695,0.2991,0.6350,0.6350,0.0123,0.0737,0.1229,0.0574,0.6980,0.8150,0.7230,0.1170,-0.0920,28.78,-10.04,173.2,173.0,1.308,0.200,2.066
1791426894.0369298,0.3646,0.7006,0.6350,0.4998,0.6350,0.5695,0.7006,0.5695,0.4302,0.1557,0.2991,0.6350,0.7006,0.0205,0.0205,0.0369,0.0205,0.6970,0.8090,0.6820,0.1120,-0.1270,28.82,-10.65,173.1,172.9,1.376,0.200,
1791426894.0711668,0.5695,0.8030,0.5695,0.5695,0.5695,0.4998,0.7006,0.6350,0.6350,0.7006,0.1966,0.4998,0.6350,0.0246,0.0737,0.0574,0.0574,0.6980,0.8125,,0.1145,,28.89,-10.61,173.2,172.8,1.397,0.201,2.188
1791426894.1041791,0.5695,0.7006,0.6350,0.5695,0.3646,0.7538,0.6350,0.5695,0.4998,0.4998,0.2458,0.4302,0.5695,0.0082,0.0369,0.0205,0.0369,0.6980,0.8065,,0.1085,,29.04,-10.63,173.0,172.8,1.289,0.199,2.026
1791426894.1452162,0.5695,0.8440,0.6350,0.5695,0.6350,0.7006,0.7538,0.6350,0.4998,0.6350,0.4302,0.7006,0.6350,0.0123,0.0369,0.0410,0.0574,0.6980,0.8065,0.7130,0.1085,-0.0935,28.88,-10.47,173.0,172.6,1.351,0.200,2.050
1791426894.1761417,0.7538,0.8030,0.7006,0.5695,0.6350,0.7006,0.4998,0.6350,0.5695,0.4998,0.1557,0.7006,0.5695,0.0123,0.0205,0.0574,0.0574,0.6970,0.8110,0.7280,0.1140,-0.0830,29.12,-10.24,172.8,173.1,1.272,0.199,2.009
1791426894.2085056,0.4998,0.8440,0.7538,0.4302,0.4998,0.7006,0.7006,0.8030,0.4302,0.4998,0.2458,0.7006,0.4998,0.0246,0.0205,0.0574,0.0574,0.6970,0.8085,,0.1115,,28.55,-9.98,173.1,172.6,1.492,0.204,2.339
1791426894.2386541,0.6350,0.7006,0.4302,0.7006,0.7006,0.6350,0.7006,0.5695,0.6350,0.6350,0.1557,0.6350,0.6350,0.0246,0.0246,0.0574,0.0942,0.6980,0.8130,0.6980,0.1150,-0.1150,28.54,-10.17,173.0,172.3,1.500,0.206,2.300
1791426894.2717695,0.5695,0.8030,0.5695,0.6350,0.4998,0.7538,0.6350,0.4302,0.7006,0.3646,0.2991,0.7006,0.5695,0.0123,0.0410,0.0369,0.0737,0.6980,0.8090,0.7170,0.1110,-0.0920,28.64,-10.06,173.0,172.5,1.358,0.204,2.134
1791426894.304678,0.7538,0.7006,0.6350,0.4302,0.6350,0.4998,0.8030,0.8030,0.4998,0.6350,0.1557,0.4998,0.4998,0.0246,0.0205,0.0574,0.0410,0.6980,0.8075,,0.1095,,28.63,-10.14,173.0,172.7,1.293,0.204,2.055
1791426894.337558,0.4302,0.8767,0.6350,0.4998,0.4998,0.7538,0.7006,0.4998,0.4998,0.7006,0.1557,0.6350,0.6350,0.0123,0.0369,0.0574,0.0737,0.6970,0.8055,0.7180,0.1085,-0.0875,28.57,-10.04,172.8,172.4,1.288,0.203,2.025
1791426894.371167,0.6350,0.8030,0.7538,0.5695,0.5695,0.7006,0.7006,0.6350,0.7006,0.4998,0.2458,0.5695,0.4998,0.0164,0.0574,0.0737,0.0737,0.7020,0.8110,,0.1090,,28.85,-10.19,172.8,172.8,1.283,0.200,2.002
1791426894.4049184,0.6350,0.7538,0.7538,0.5695,0.4998,0.5695,0.7006,0.4998,0.6350,0.2991,0.2991,0.7006,0.6350,0.0164,0.0410,0.0574,0.0574,0.6970,0.8100,0.7200,0.1130,-0.0900,28.71,-10.02,172.9,172.8,1.365,0.202,
1791426894.4455261,0.6350,0.8440,0.6350,0.6350,0.7538,0.7538,0.7538,0.5695,0.6350,0.4998,0.2458,0.6350,0.5695,0.0369,0.0410,0.0737,0.0574,0.6980,0.8165,0.7250,0.1185,-0.0915,29.11,-9.90,172.9,172.2,1.376,0.202,2.173
1791426894.4774058,0.7006,0.7538,0.4998,0.5695,0.4998,0.5695,0.7538,0.7006,0.4998,0.5695,0.2991,0.5695,0.5695,0.0246,0.0369,0.0737,0.0410,0.6980,0.8060,0.7240,0.1080,-0.0820,28.86,-9.69,173.0,171.3,1.320,0.202,2.071
1791426894.5085585,0.7538,0.4998,0.5695,0.6350,0.6350,0.4998,0.7006,0.6350,0.4302,0.4302,0.1557,0.6350,0.5695,0.0082,0.0410,0.0369,0.0369,0.6980,0.8065,0.7220,0.1085,-0.0845,29.04,-9.52,172.6,170.8,1.360,0.200,2.131
1791426894.5394447,0.5695,0.8030,0.6350,0.4998,0.5695,0.8030,0.5695,0.6350,0.4998,0.1966,0.2458,0.6350,0.6350,0.0246,0.0123,0.0574,0.0737,0.6980,0.8090,0.7200,0.1110,-0.0890,29.13,-9.52,172.6,172.2,1.324,0.199,
1791426894.5719066,0.4998,0.5695,0.7006,0.6350,0.6350,0.4998,0.6350,0.7006,0.5695,0.4998,0.1557,0.7538,0.6350,0.0246,0.0737,0.0369,0.0737,0.6980,0.8040,0.7270,0.1060,-0.0770,28.96,-9.35,172.4,172.4,1.274,0.199,2.027
1791426894.6049986,0.6350,0.6350,0.6350,0.6350,0.4302,0.7006,0.6350,0.4302,0.6350,0.7006,0.2991,0.7006,0.7006,0.0369,0.0574,0.0369,0.0574,0.6970,0.8090,0.7120,0.1120,-0.0970,28.70,-9.47,172.7,173.2,1.381,0.202,2.146
1791426894.639153,0.7006,0.4998,0.6350,0.7538,0.6350,0.7006,0.5695,0.7538,0.6350,0.5695,0.2458,0.7006,0.6350,0.0574,0.0410,0.0574,0.0737,0.6970,0.8050,0.7040,0.1080,-0.1010,28.24,-9.54,172.6,173.0,1.460,0.205,2.234
1791426894.6711473,0.7538,0.7006,0.6350,0.6350,0.6350,0.5695,0.7006,0.6350,0.6350,0.6350,0.2458,0.6350,0.6350,0.0369,0.0574,0.0410,0.0574,0.6970,0.8060,0.7200,0.1090,-0.0860,28.22,-9.60,172.7,,1.238,0.204,1.991
1791426894.7051036,0.8030,0.8767,0.7006,0.7006,0.7006,0.7538,0.7538,0.5695,0.3646,0.1229,0.1966,0.7538,0.6350,0.0369,0.0737,0.0574,0.0737,0.6980,0.8095,0.7160,0.1115,-0.0935,28.53,-9.73,172.8,,1.294,0.203,
1791426894.7458954,0.6350,0.7006,0.7006,0.4302,0.5695,0.5695,0.5695,0.6350,0.5695,0.7006,0.2991,0.4998,0.6350,0.0123,0.0737,0.0410,0.0737,0.7030,0.8100,,0.1070,,28.34,-9.79,173.0,,1.317,0.203,2.102
1791426894.7785687,0.5695,0.8030,0.8030,0.6350,0.5695,0.4998,0.7006,0.5695,0.5695,0.7006,0.2458,0.6350,0.5695,0.0205,0.0369,0.0410,0.0574,0.6980,0.8050,0.7160,0.1070,-0.0890,28.53,-9.76,173.0,,1.314,0.200,2.001
1791426894.8092618,0.6350,0.8030,0.7006,0.5695,0.6350,0.7538,0.5695,0.4302,0.8440,0.2991,0.3646,0.6350,0.6350,0.0246,0.0369,0.0737,0.1229,0.6970,0.8060,0.7210,0.1090,-0.0850,28.24,-9.58,173.0,170.6,1.358,0.203,2.065
1791426894.841216,0.7006,0.8030,0.7006,0.4998,0.6350,0.5695,0.5695,0.4302,0.5695,0.1557,0.3646,0.7006,0.5695,0.0164,0.0410,0.0737,0.0369,0.6970,0.8060,0.7140,0.1090,-0.0920,28.29,-9.61,172.8,170.8,1.339,0.202,1.932
1791426894.8727162,0.6350,0.7006,0.6350,0.4302,0.6350,0.7538,0.6350,0.7006,0.4998,0.6350,0.1229,0.7006,0.5695,0.0246,0.0410,0.0410,0.0410,0.6980,0.8075,0.7260,0.1095,-0.0815,28.07,-9.37,172.9,171.3,1.375,0.205,2.203
1791426894.9050684,0.6350,0.7538,0.5695,0.4302,0.4998,0.8030,0.6350,0.5695,0.5695,0.4998,0.1229,0.3646,0.4998,0.0123,0.0205,0.0942,0.0410,0.7030,0.8100,,0.1070,,27.68,-9.48,172.9,172.4,1.305,0.207,2.110
1791426894.9382906,0.6350,0.7006,0.8440,0.4998,0.5695,0.7006,0.7538,0.6350,0.6350,0.4302,0.2458,0.7006,0.6350,0.0164,0.0737,0.0574,0.0942,0.6970,0.8060,0.6790,0.1090,-0.1270,27.32,-10.16,173.2,172.3,1.407,0.210,2.177
1791426894.972277,0.6350,0.4998,0.7006,0.6350,0.4998,0.4998,0.7006,0.7538,0.4302,0.6350,0.4302,0.6350,0.5695,0.0369,0.0205,0.0574,0.0737,0.6970,0.8080,0.7270,0.1110,-0.0810,27.36,-9.92,173.0,171.7,1.291,0.211,1.950
1791426895.0058641,0.5695,0.6350,0.6350,0.4998,0.4998,0.7538,0.6350,0.7006,0.4998,0.4998,0.2991,0.6350,0.6350,0.0123,0.0369,0.0369,0.0942,0.6980,0.8045,0.7210,0.1065,-0.0835,27.15,-9.75,172.9,172.0,1.313,0.212,2.153
1791426895.045865,0.6350,0.8030,0.7538,0.6350,0.4302,0.5695,0.5695,0.8030,0.3646,0.4998,0.1229,0.7006,0.6350,0.0246,0.0246,0.1229,0.0942,0.6970,0.8140,0.7180,0.1170,-0.0960,27.35,-9.65,172.9,172.9,1.467,0.213,2.271
1791426895.0783126,0.7006,0.7538,0.5695,0.5695,0.5695,0.4998,0.6350,0.7538,0.7006,0.4998,0.3646,0.5695,0.6350,0.0246,0.0574,0.0246,0.0369,0.6970,0.8080,0.7130,0.1110,-0.0950,27.77,-9.81,173.1,171.9,1.281,0.210,1.944
1791426895.1096246,0.5695,0.7006,0.8030,0.4998,0.7538,0.4998,0.5695,0.8030,0.6350,0.5695,0.2458,0.7006,0.6350,0.0164,0.0369,0.0410,0.0574,0.6970,0.8065,0.7160,0.1095,-0.0905,27.32,-9.71,173.1,170.9,1.379,0.213,2.204
1791426895.1425161,0.7538,0.9054,0.4998,0.7006,0.7006,0.6350,0.6350,0.4302,0.7538,0.4998,0.2991,0.6350,0.7006,0.0246,0.0410,0.0737,0.0737,0.6970,0.8045,0.6860,0.1075,-0.1185,27.13,-10.10,173.4,170.4,1.448,0.214,2.225
1791426895.1730294,0.4302,0.2458,0.2991,0.5695,0.7006,0.8030,0.5695,0.7006,0.7006,0.7006,0.1557,0.7006,0.6350,0.0369,0.0246,0.0737,0.0574,0.6970,0.8065,0.7190,0.1095,-0.0875,26.95,-9.94,173.6,171.2,1.343,0.216,2.159
1791426895.207176,0.8030,0.5695,0.5695,0.4998,0.4998,0.7006,0.5695,0.7006,0.7006,0.6350,0.0942,0.7006,0.6350,0.0164,0.0410,0.0410,0.0574,0.6970,0.8075,0.7190,0.1105,-0.0885,27.39,-9.90,173.5,171.8,1.289,0.212,2.033
1791426895.2396975,0.7006,0.4302,0.4998,0.7006,0.4998,0.7006,0.5695,0.6350,0.5695,0.7006,0.2458,0.7006,0.6350,0.0205,0.0246,0.1229,0.0737,0.6970,0.8150,0.6980,0.1180,-0.1170,27.83,-10.16,173.5,171.6,1.489,0.211,2.245
1791426895.2723927,0.5695,0.8767,0.8030,0.4998,0.6350,0.6350,0.7006,0.7538,0.6350,0.1557,0.3646,0.7006,0.6350,0.0246,0.0737,0.0574,0.0574,0.6980,0.8055,0.7190,0.1075,-0.0865,27.67,-9.98,173.4,171.3,1.331,0.211,2.005
1791426895.305657,0.5695,0.8440,0.8030,0.7006,0.6350,0.5695,0.7538,0.5695,0.4998,0.4998,0.1557,0.6350,0.7006,0.0123,0.0410,0.0737,0.0574,0.6980,0.8085,0.7090,0.1105,-0.0995,28.02,-10.17,173.2,171.6,1.285,0.208,2.010
1791426895.3396475,0.5695,0.8030,0.8440,0.5695,0.5695,0.4998,0.8030,0.7006,0.5695,0.6350,0.1229,0.7006,0.5695,0.0246,0.0369,0.0410,0.0737,0.7040,0.8055,0.7180,0.1015,-0.0875,27.56,-9.93,173.2,172.0,1.381,0.208,2.174
1791426895.3788517,0.4998,0.8030,0.7006,0.3646,0.2458,0.7538,0.4302,0.6350,0.6350,0.1966,0.4302,0.7006,0.5695,0.0123,0.0410,0.0574,0.0574,0.6980,0.8075,0.7270,0.1095,-0.0805,27.80,-9.77,173.2,172.5,1.263,0.207,1.907
1791426895.4116652,0.4998,0.8440,0.7006,0.5695,0.3646,0.4998,0.4302,0.6350,0.5695,0.3646,0.0942,0.7006,0.7006,0.0082,0.0410,0.0737,0.0737,0.6970,0.8075,0.7140,0.1105,-0.0935,27.77,-9.79,173.1,172.7,1.342,0.207,2.114
1791426895.4426286,0.7006,0.4302,0.7006,0.4998,0.5695,0.7006,0.6350,0.7538,0.7538,0.5695,0.2458,0.7538,0.6350,0.0205,0.0574,0.0737,0.0942,0.6970,0.8100,0.6850,0.1130,-0.1250,27.62,-10.31,172.9,172.9,1.442,0.210,2.294
1791426895.4753244,0.7538,0.8767,0.7538,0.5695,0.5695,0.8030,0.8030,0.6350,0.5695,0.3646,0.1966,0.7006,0.7006,0.0082,0.0246,0.0942,0.0942,0.6980,0.8090,0.6990,0.1110,-0.1100,27.79,-10.58,173.0,173.7,1.327,0.209,2.053
1791426895.5066853,0.4302,0.6350,0.7006,0.1966,0.5695,0.5695,0.7006,0.6350,0.6350,0.5695,0.2458,0.5695,0.7006,0.0205,0.0246,0.0369,0.0369,0.6980,0.8110,0.7160,0.1130,-0.0950,27.78,-10.40,173.1,173.9,1.390,0.210,2.207
1791426895.5396283,0.6350,0.8767,0.5695,0.6350,0.5695,0.5695,0.7006,0.6350,0.4998,0.5695,0.1966,0.2991,0.3646,0.0123,0.0246,0.0369,0.0410,0.6980,0.8160,,0.1180,,28.12,-10.52,173.0,173.8,,0.210,2.191
1791426895.5730677,0.5695,0.9054,0.8030,0.5695,0.6350,0.5695,0.7006,0.8030,0.4998,0.5695,0.4998,0.6350,0.6350,0.0205,0.0369,0.0574,0.0369,0.6970,0.8050,0.7220,0.1080,-0.0830,28.01,-10.26,172.8,174.1,1.292,0.209,2.049
1791426895.6069233,0.6350,0.8440,0.7006,0.6350,0.4302,0.7538,0.7006,0.7006,0.5695,0.2991,0.2458,0.6350,0.7006,0.0123,0.0205,0.0737,0.0410,0.6980,0.8115,0.7000,0.1135,-0.1115,28.44,-10.59,172.8,173.5,1.317,0.206,
1791426895.6406677,0.7006,0.6350,0.7538,0.3646,0.4998,0.4998,0.5695,0.6350,0.6350,0.7006,0.2991,0.6350,0.5695,0.0205,0.0410,0.0737,0.0737,0.7010,0.8110,0.7260,0.1100,-0.0850,28.63,-10.39,172.9,173.2,1.263,0.204,2.014
1791426895.6793902,0.5695,0.8767,0.8030,0.4998,0.4998,0.5695,0.7538,0.4998,0.6350,0.7006,0.2991,0.7006,0.7006,0.0205,0.0369,0.0942,0.0369,0.7000,0.8100,0.7220,0.1100,-0.0880,28.41,-10.13,172.8,173.6,1.371,0.205,2.208
1791426895.7127533,0.6350,0.7006,0.4302,0.4998,0.5695,0.7006,0.7006,0.7538,0.7538,0.4998,0.3646,0.5695,0.6350,0.0205,0.0410,0.0369,0.0737,0.6970,0.8065,0.7150,0.1095,-0.0915,28.26,-10.06,172.8,173.1,1.327,0.206,2.062
1791426895.7425623,0.7006,0.9423,0.6350,0.7006,0.7006,0.4998,0.7006,0.7538,0.7538,0.7006,0.2458,0.4998,0.4998,0.0123,0.0164,0.0737,0.0942,0.6980,0.8090,,0.1110,,28.36,-10.06,172.8,173.1,1.333,0.205,2.121
1791426895.7740123,0.6350,0.8767,0.5695,0.7006,0.7006,0.5695,0.7006,0.8030,0.7006,0.5695,0.3646,0.7538,0.6350,0.0369,0.0574,0.0574,0.0410,0.6980,0.8075,0.7210,0.1095,-0.0865,28.10,-9.89,173.2,172.4,1.336,0.207,2.018
1791426895.8066459,0.3646,0.7006,0.8030,0.5695,0.5695,0.7006,0.7538,0.6350,0.5695,0.4302,0.2458,0.6350,0.5695,0.0369,0.0369,0.0737,0.0574,0.7050,0.8085,0.7270,0.1035,-0.0815,28.03,-9.73,173.0,172.9,1.272,0.205,2.058
1791426895.8399198,0.4302,0.6350,0.4998,0.6350,0.3646,0.6350,0.5695,0.4302,0.5695,0.4998,0.1557,0.5695,0.4998,0.0123,0.0410,0.0737,0.0942,0.6990,0.8135,,0.1145,,28.34,-9.72,173.0,172.5,1.397,0.204,2.205
1791426895.8735163,0.4998,0.8440,0.6350,0.6350,0.4302,0.5695,0.6350,0.7006,0.4998,0.4302,0.3646,0.6350,0.7538,0.0123,0.0246,0.0574,0.0574,0.6980,0.8100,0.7230,0.1120,-0.0870,28.27,-9.60,173.1,172.0,1.353,0.206,2.047
1791426895.9061668,0.7006,0.4302,0.4302,0.2458,0.4998,0.4302,0.7538,0.7006,0.4998,0.5695,0.2458,0.7006,0.7006,0.0123,0.0369,0.0410,0.0574,0.6990,0.8095,0.7040,0.1105,-0.1055,28.41,-9.87,173.2,172.1,1.366,0.204,2.097
1791426895.9409566,0.3646,0.8767,0.7006,0.4998,0.6350,0.7538,0.7006,0.5695,0.5695,0.4998,0.1966,0.7006,0.5695,0.0123,0.0410,0.0410,0.0737,0.6990,0.8115,0.7150,0.1125,-0.0965,28.52,-9.80,173.0,171.8,1.438,0.204,2.222
1791426895.9794333,0.4998,0.8767,0.4302,0.4998,0.5695,0.4998,0.4302,0.7006,0.6350,0.4998,0.1966,0.7006,0.7006,0.0164,0.0246,0.0410,0.0574,0.7010,0.8065,0.6880,0.1055,-0.1185,28.67,-10.31,172.9,172.3,1.356,0.201,2.012
1791426896.010493,0.5695,0.8440,0.8030,0.6350,0.7538,0.7006,0.7006,0.5695,0.7006,0.2458,0.1966,0.7006,0.6350,0.0410,0.0410,0.0574,0.0410,0.6980,0.8105,0.7100,0.1125,-0.1005,28.74,-10.39,172.8,172.3,1.324,0.201,
1791426896.0416892,0.6350,0.7006,0.7006,0.7538,0.7006,0.6350,0.5695,0.8030,0.4998,0.1557,0.3646,0.7006,0.6350,0.0205,0.0369,0.0369,0.0737,0.6980,0.8125,0.7010,0.1145,-0.1115,29.00,-10.61,173.2,171.9,1.371,0.201,1.960
1791426896.074162,0.6350,0.6350,0.8030,0.4998,0.5695,0.7538,0.6350,0.6350,0.4302,0.6350,0.2458,0.5695,0.6350,0.0164,0.0574,0.0737,0.0942,0.6980,0.8090,0.7060,0.1110,-0.1030,29.08,-10.71,173.0,172.0,1.309,0.200,2.032
1791426896.10676,0.8030,0.8030,0.7006,0.6350,0.5695,0.7538,0.6350,0.7006,0.7006,0.6350,0.2458,0.5695,0.6350,0.0123,0.0410,0.0369,0.0369,0.6970,0.8115,0.7170,0.1145,-0.0945,28.85,-10.59,173.1,172.1,1.328,0.203,2.113
1791426896.1410537,0.7006,0.9423,0.4998,0.8030,0.6350,0.5695,0.6350,0.7538,0.4302,0.5695,0.1557,0.7006,0.6350,0.0164,0.0246,0.0574,0.0574,0.6980,0.8075,0.7170,0.1095,-0.0905,28.46,-10.37,173.2,171.9,1.353,0.205,2.132
1791426896.174393,0.5695,0.7006,0.4998,0.4998,0.5695,0.7006,0.7538,0.7538,0.5695,0.5695,0.1966,0.6350,0.5695,0.0123,0.0123,0.0574,0.0410,0.6980,0.8080,0.7090,0.1100,-0.0990,28.13,-10.33,173.1,171.5,1.380,0.208,2.179
1791426896.2144675,0.6350,0.8030,0.4998,0.5695,0.5695,0.6350,0.7006,0.4998,0.5695,0.6350,0.2991,0.3646,0.7006,0.0123,0.0410,0.0369,0.0574,0.6980,0.8075,,0.1095,,28.16,-10.39,172.9,171.6,1.289,0.207,2.046
1791426896.2462208,0.3646,0.8030,0.7006,0.5695,0.4998,0.6350,0.8440,0.4998,0.4302,0.7006,0.1557,0.5695,0.4302,0.0205,0.0205,0.0942,0.0942,0.6970,0.8085,,0.1115,,28.00,-10.35,173.0,172.3,1.359,0.209,2.159
1791426896.2785037,0.6350,0.8030,0.7538,0.7006,0.3646,0.8440,0.6350,0.3646,0.7006,0.2458,0.1966,0.6350,0.6350,0.0164,0.0410,0.0574,0.0574,0.6990,0.8120,0.7200,0.1130,-0.0920,28.41,-10.32,173.1,172.2,1.279,0.206,
1791426896.3091328,0.6350,0.2991,0.7006,0.4998,0.3646,0.3646,0.4998,0.5695,0.7006,0.4998,0.1557,0.6350,0.6350,0.0205,0.0410,0.0737,0.0737,0.6980,0.8185,0.7130,0.1205,-0.1055,28.96,-10.54,173.1,171.8,1.304,0.204,2.066
1791426896.3413804,0.7006,0.8767,0.8030,0.5695,0.5695,0.7538,0.7006,0.7006,0.4302,0.7538,0.1557,0.7006,0.7006,0.0123,0.0246,0.0574,0.0737,0.7020,0.8090,0.7000,0.1070,-0.1090,28.75,-10.70,173.0,171.6,1.359,0.204,2.085
1791426896.3735936,0.6350,0.8440,0.8440,0.7006,0.7006,0.6350,0.7006,0.8440,0.4998,0.5695,0.4302,0.6350,0.6350,0.0410,0.0410,0.0942,0.0574,0.6980,0.8135,0.7070,0.1155,-0.1065,29.33,-10.84,173.1,171.7,1.324,0.200,1.978
1791426896.407126,0.5695,0.8030,0.8030,0.6350,0.4998,0.8030,0.6350,0.6350,0.4302,0.4998,0.0942,0.6350,0.7006,0.0369,0.0574,0.0574,0.0246,0.6980,0.8115,0.7070,0.1135,-0.1045,29.52,-10.86,173.3,171.6,1.349,0.199,2.086
1791426896.4400558,0.4302,0.4302,0.4998,0.5695,0.2458,0.7006,0.7006,0.8030,0.4998,0.4302,0.2991,0.6350,0.5695,0.0410,0.0574,0.0574,0.0369,0.7020,0.8090,0.7270,0.1070,-0.0820,29.14,-10.48,173.4,171.6,1.306,0.200,2.091
1791426896.474407,0.4998,0.8440,0.7538,0.5695,0.5695,0.6350,0.6350,0.7538,0.7006,0.2991,0.1557,0.6350,0.5695,0.0123,0.0164,0.0737,0.0574,0.7000,0.8150,0.7060,0.1150,-0.1090,29.30,-10.62,173.9,171.7,1.380,0.200,
