timestamp,nose_score,left_eye_score,right_eye_score,left_ear_score,right_ear_score,left_shoulder_score,right_shoulder_score,left_elbow_score,right_elbow_score,left_wrist_score,right_wrist_score,left_hip_score,right_hip_score,left_knee_score,right_knee_score,left_ankle_score,right_ankle_score,head_depth_m,chest_depth_m,hip_depth_m,neck_forward_offset_m,torso_recline_offset_m,head_forward_deg,torso_pitch_deg,elbow_left_deg,elbow_right_deg,torso_len_sw,head_up_m,wrist_face_sw
1791426313.4316537,0.7538,0.7006,0.9054,0.7006,0.6350,0.6350,0.4302,0.6350,0.5695,0.2458,0.1966,0.4302,0.5695,0.0164,0.0164,0.0164,0.0369,0.4510,0.6485,,0.1975,,52.62,4.22,,151.1,0.821,0.149,
1791426313.464831,0.6350,0.7538,0.8440,0.6350,0.5695,0.6350,0.7538,0.7538,0.6350,0.0737,0.2991,0.4998,0.4998,0.0123,0.0369,0.0205,0.0369,0.4510,0.6445,,0.1935,,52.50,4.27,,151.6,0.869,0.149,
1791426313.4981234,0.7006,0.4998,0.8767,0.6350,0.6350,0.7006,0.8440,0.4998,0.7006,0.1557,0.2991,0.5695,0.4302,0.0123,0.0246,0.0123,0.0164,0.4510,0.6430,,0.1920,,52.62,4.34,,151.5,0.890,0.148,
1791426313.5322185,0.6350,0.7006,0.7538,0.4998,0.6350,0.7538,0.7538,0.7006,0.4998,0.1966,0.2458,0.5695,0.5695,0.0574,0.0369,0.0164,0.0164,0.4510,0.6430,0.6730,0.1920,0.0300,52.98,4.45,,151.1,0.877,0.146,
1791426313.5643148,0.7538,0.7006,0.8767,0.8030,0.4302,0.4302,0.5695,0.7538,0.4998,0.0369,0.3646,0.5695,0.5695,0.0369,0.0164,0.0410,0.0574,0.4510,0.6430,0.6750,0.1920,0.0320,52.79,4.57,,152.6,0.907,0.147,1.610
1791426313.6050208,0.8030,0.7538,0.8030,0.4998,0.4998,0.6350,0.7006,0.7006,0.5695,0.0942,0.2458,0.6350,0.5695,0.0369,0.0574,0.0123,0.0123,0.4510,0.6420,0.6690,0.1910,0.0270,52.24,4.42,,153.0,0.996,0.149,
1791426313.6358883,0.6350,0.5695,0.8030,0.5695,0.7006,0.7538,0.7006,0.7006,0.2458,0.1966,0.1966,0.5695,0.4998,0.0369,0.0123,0.0164,0.0205,0.4510,0.6445,,0.1935,,51.76,4.36,,152.8,0.948,0.152,
1791426313.6682324,0.8440,0.5695,0.8767,0.6350,0.5695,0.6350,0.7006,0.6350,0.6350,0.2991,0.1966,0.5695,0.4998,0.0369,0.0205,0.0369,0.0205,0.4510,0.6480,,0.1970,,51.95,4.28,,153.1,0.863,0.152,
1791426313.6992297,0.6350,0.8030,0.7538,0.6350,0.5695,0.7538,0.6350,0.7006,0.5695,0.0574,0.2458,0.6350,0.5695,0.0410,0.0369,0.0410,0.0369,0.4510,0.6445,0.6720,0.1935,0.0275,51.97,4.31,,153.4,0.890,0.151,
1791426313.731491,0.6350,0.7006,0.5695,0.4998,0.4998,0.7006,0.5695,0.5695,0.4302,0.1229,0.2991,0.4302,0.5695,0.0369,0.1557,0.0123,0.0123,0.4510,0.6440,,0.1930,,52.80,4.37,,153.8,0.857,0.147,
1791426313.765392,0.6350,0.4302,0.8767,0.7538,0.4998,0.6350,0.7006,0.7006,0.3646,0.2458,0.3646,0.5695,0.5695,0.0410,0.0246,0.0164,0.0123,0.4510,0.6455,0.6720,0.1945,0.0265,52.92,4.35,,155.0,0.890,0.146,1.579
1791426313.798688,0.5695,0.8030,0.8440,0.5695,0.5695,0.7006,0.6350,0.6350,0.4302,0.2991,0.4302,0.2991,0.5695,0.0574,0.0410,0.0205,0.0164,0.4510,0.6460,,0.1950,,52.87,4.33,,156.7,,0.147,1.533
1791426313.8320477,0.6350,0.5695,0.8767,0.5695,0.5695,0.7006,0.7006,0.5695,0.4302,0.2991,0.3646,0.5695,0.5695,0.0410,0.0410,0.0246,0.0369,0.4530,0.6430,0.6720,0.1900,0.0290,52.69,4.36,,158.8,0.925,0.147,1.562
1791426313.8656547,0.7006,0.4302,0.7538,0.6350,0.7006,0.7006,0.6350,0.4998,0.5695,0.2458,0.2991,0.6350,0.5695,0.0246,0.0082,0.0164,0.0574,0.4530,0.6465,0.6710,0.1935,0.0245,52.23,4.27,,158.5,0.899,0.150,
1791426313.9048717,0.4998,0.5695,0.5695,0.4998,0.6350,0.8030,0.7006,0.6350,0.4302,0.1966,0.4302,0.5695,0.5695,0.0369,0.0369,0.0164,0.0164,0.4510,0.6505,0.6710,0.1995,0.0205,52.71,4.15,,158.9,0.808,0.148,1.449
1791426313.9372344,0.4998,0.8030,0.8030,0.5695,0.4302,0.7006,0.7006,0.7538,0.5695,0.0942,0.3646,0.4302,0.4998,0.0410,0.0410,0.0164,0.0164,0.4510,0.6450,,0.1940,,52.30,4.15,,160.0,0.920,0.150,1.591
1791426313.9688053,0.4302,0.8030,0.6350,0.4998,0.6350,0.7006,0.4998,0.4998,0.4998,0.2991,0.1966,0.5695,0.4998,0.0574,0.0574,0.0369,0.0123,0.4510,0.6505,,0.1995,,52.46,4.06,,159.7,0.815,0.150,
1791426314.0006678,0.4998,0.7006,0.7538,0.5695,0.6350,0.5695,0.6350,0.7538,0.5695,0.2458,0.2458,0.4998,0.5695,0.0369,0.0737,0.0410,0.0410,0.4510,0.6470,,0.1960,,52.89,4.10,,158.7,0.829,0.148,
1791426314.0324726,0.3646,0.7538,0.7538,0.5695,0.7006,0.4302,0.7006,0.4998,0.4998,0.2991,0.3646,0.4998,0.5695,0.0246,0.0574,0.0410,0.0164,0.4510,0.6440,,0.1930,,52.87,4.15,,159.1,0.907,0.148,1.612
1791426314.0648658,0.7006,0.8767,0.9054,0.6350,0.4998,0.7006,0.7538,0.2991,0.5695,0.2458,0.1966,0.4302,0.6350,0.0410,0.0164,0.0246,0.0246,0.4510,0.6460,,0.1950,,52.87,4.13,,159.4,0.902,0.148,
1791426314.0980518,0.7538,0.8030,0.5695,0.6350,0.4998,0.5695,0.7006,0.7006,0.6350,0.0737,0.1557,0.4302,0.5695,0.0369,0.0246,0.0164,0.0369,0.4510,0.6405,,0.1895,,53.18,4.25,,160.0,0.942,0.145,
1791426314.1318643,0.5695,0.7006,0.8440,0.4302,0.5695,0.6350,0.6350,0.6350,0.7006,0.0737,0.2991,0.4998,0.5695,0.0410,0.0246,0.0410,0.0574,0.4510,0.6415,,0.1905,,52.80,4.30,,160.2,0.960,0.147,
1791426314.1656845,0.8030,0.7006,0.8030,0.5695,0.5695,0.4998,0.7006,0.4998,0.4302,0.2458,0.3646,0.4302,0.5695,0.0574,0.0205,0.0164,0.0410,0.4510,0.6445,,0.1935,,52.20,4.27,,161.5,0.930,0.150,1.654
1791426314.1989303,0.5695,0.8030,0.7538,0.7006,0.6350,0.7006,0.7538,0.6350,0.5695,0.0369,0.4302,0.4302,0.5695,0.0369,0.0574,0.0369,0.0369,0.4510,0.6445,,0.1935,,52.03,4.27,,161.5,0.911,0.151,1.563
1791426314.2380311,0.6350,0.5695,0.8767,0.6350,0.6350,0.5695,0.6350,0.7538,0.7006,0.4998,0.1229,0.4998,0.4998,0.0369,0.0410,0.0164,0.0205,0.4530,0.6440,,0.1910,,51.71,4.28,149.5,161.7,0.909,0.152,1.522
1791426314.2699974,0.6350,0.8030,0.7538,0.4998,0.6350,0.6350,0.8030,0.7006,0.7006,0.2991,0.2458,0.4998,0.4998,0.1229,0.0410,0.0123,0.0164,0.4510,0.6460,,0.1950,,51.94,4.25,151.0,161.5,0.890,0.151,
1791426314.3016446,0.7538,0.8767,0.8030,0.4998,0.4302,0.7006,0.6350,0.5695,0.4302,0.1557,0.3646,0.5695,0.4998,0.0369,0.0942,0.0164,0.0410,0.4510,0.6415,,0.1905,,51.98,4.34,151.5,162.0,0.920,0.151,1.605
1791426314.3350196,0.7006,0.6350,0.7006,0.4998,0.7006,0.7006,0.7538,0.7538,0.5695,0.1229,0.2458,0.6350,0.5695,0.0574,0.0246,0.0123,0.0369,0.4510,0.6495,0.6720,0.1985,0.0225,52.20,4.20,151.8,162.2,0.886,0.150,
1791426314.3661327,0.5695,0.4302,0.6350,0.6350,0.7006,0.3646,0.7006,0.5695,0.5695,0.3646,0.1966,0.4998,0.6350,0.0574,0.0246,0.0205,0.0410,0.4510,0.6430,,0.1920,,52.08,4.23,152.4,162.5,0.946,0.151,1.578
1791426314.3989627,0.6350,0.7006,0.8440,0.4998,0.4998,0.7006,0.5695,0.4302,0.4302,0.3646,0.0942,0.4998,0.5695,0.0737,0.0410,0.0410,0.0574,0.4510,0.6505,,0.1995,,52.25,4.14,152.0,162.5,0.805,0.151,1.416
1791426314.4330049,0.5695,0.4302,0.7006,0.6350,0.4998,0.6350,0.8030,0.7006,0.4302,0.2991,0.3646,0.6350,0.5695,0.0369,0.0942,0.0410,0.0574,0.4510,0.6505,0.6770,0.1995,0.0265,52.38,4.22,151.9,161.9,0.829,0.151,1.524
1791426314.466016,0.6350,0.8030,0.8440,0.7006,0.7006,0.7006,0.7006,0.4998,0.4302,0.2458,0.4302,0.4998,0.5695,0.0410,0.0410,0.0369,0.0574,0.4510,0.6480,,0.1970,,52.16,4.20,151.8,162.3,0.865,0.152,1.554
1791426314.4997451,0.6350,0.7538,0.9054,0.6350,0.5695,0.4998,0.5695,0.7006,0.4302,0.1229,0.2991,0.6350,0.4998,0.0574,0.0410,0.0164,0.0246,0.4510,0.6460,,0.1950,,52.29,4.24,151.5,162.4,0.865,0.151,
1791426314.539237,0.8030,0.7006,0.9054,0.5695,0.5695,0.4302,0.6350,0.4998,0.7006,0.1557,0.1557,0.4998,0.4998,0.0574,0.0205,0.0369,0.0410,0.4510,0.6410,,0.1900,,52.52,4.36,152.7,162.3,0.943,0.149,
1791426314.5710895,0.4302,0.4998,0.8030,0.6350,0.6350,0.4998,0.6350,0.4998,0.5695,0.1966,0.2458,0.4998,0.5695,0.0942,0.0123,0.0205,0.0574,0.4510,0.6475,,0.1965,,52.31,4.30,152.8,161.3,0.891,0.151,
1791426314.602805,0.6350,0.7538,0.8440,0.4998,0.4998,0.7006,0.7006,0.7538,0.4302,0.0574,0.0942,0.4998,0.5695,0.0410,0.0164,0.0369,0.0410,0.4510,0.6450,,0.1940,,52.77,4.34,152.0,161.4,0.877,0.148,
1791426314.6338224,0.7006,0.7006,0.7006,0.6350,0.7006,0.7006,0.7538,0.5695,0.3646,0.0737,0.2991,0.4998,0.4998,0.0410,0.0574,0.0369,0.0369,0.4510,0.6450,,0.1940,,52.56,4.36,151.0,162.0,0.899,0.149,
1791426314.6663582,0.5695,0.9054,0.7006,0.4998,0.5695,0.7006,0.8030,0.8030,0.4302,0.2991,0.4302,0.4998,0.4998,0.0369,0.0574,0.0369,0.0369,0.4510,0.6450,,0.1940,,52.45,4.36,151.5,157.9,0.911,0.150,1.610
1791426314.699886,0.5695,0.7538,0.5695,0.5695,0.7006,0.5695,0.6350,0.8030,0.4998,0.1966,0.4302,0.5695,0.4998,0.0123,0.0205,0.0123,0.0246,0.4510,0.6440,,0.1930,,52.52,4.40,152.2,159.3,0.903,0.149,1.593
1791426314.731987,0.7006,0.7006,0.7006,0.5695,0.5695,0.7006,0.7006,0.7006,0.5695,0.3646,0.2991,0.4998,0.4998,0.0737,0.0123,0.0164,0.0737,0.4510,0.6505,,0.1995,,52.80,4.31,151.9,158.9,0.807,0.148,1.418
1791426314.7657952,0.6350,0.7538,0.6350,0.5695,0.7006,0.6350,0.7006,0.7006,0.5695,0.1229,0.3646,0.5695,0.5695,0.0574,0.0410,0.0205,0.0410,0.4510,0.6445,0.6790,0.1935,0.0345,52.49,4.55,152.3,159.5,0.900,0.150,1.638
1791426314.7999868,0.5695,0.7006,0.7538,0.7538,0.5695,0.5695,0.7006,0.5695,0.5695,0.1966,0.1229,0.5695,0.5695,0.0410,0.0164,0.0574,0.0123,0.4510,0.6470,0.6740,0.1960,0.0270,52.73,4.52,152.7,159.2,0.873,0.148,
1791426314.8406012,0.6350,0.8030,0.7538,0.5695,0.4998,0.6350,0.5695,0.7538,0.4302,0.0942,0.3646,0.4998,0.4998,0.0410,0.0410,0.0410,0.0574,0.4510,0.6435,,0.1925,,53.01,4.60,152.2,159.7,0.889,0.147,1.561
1791426314.8721385,0.6350,0.7538,0.8030,0.6350,0.4998,0.7006,0.7006,0.7538,0.6350,0.0942,0.2991,0.4998,0.4998,0.0410,0.0205,0.0410,0.0123,0.4510,0.6480,,0.1970,,53.03,4.54,152.6,159.4,0.870,0.147,
1791426314.903693,0.6350,0.8030,0.8030,0.6350,0.6350,0.7006,0.6350,0.7006,0.6350,0.1966,0.1966,0.5695,0.5695,0.0246,0.0205,0.0205,0.0123,0.4510,0.6450,0.6730,0.1940,0.0280,52.77,4.51,152.2,159.3,0.911,0.148,
1791426314.9354043,0.5695,0.8030,0.7006,0.4302,0.4998,0.6350,0.7538,0.7006,0.4998,0.1229,0.2991,0.5695,0.4998,0.0942,0.0410,0.0123,0.0246,0.4510,0.6470,,0.1960,,52.56,4.48,152.0,159.4,0.876,0.149,
1791426314.966453,0.4998,0.6350,0.8440,0.6350,0.5695,0.7006,0.7006,0.7006,0.5695,0.0737,0.3646,0.5695,0.5695,0.0574,0.0574,0.0164,0.0369,0.4510,0.6485,0.6780,0.1975,0.0295,52.77,4.57,152.2,159.1,0.849,0.149,1.564
1791426314.9999242,0.6350,0.8440,0.8030,0.5695,0.4302,0.5695,0.6350,0.4998,0.6350,0.2991,0.1557,0.4998,0.5695,0.0123,0.0369,0.0369,0.0369,0.4510,0.6450,,0.1940,,52.56,4.62,152.4,158.8,0.882,0.150,
1791426315.0334935,0.7538,0.7538,0.7538,0.7006,0.6350,0.7006,0.7538,0.5695,0.5695,0.2458,0.0942,0.5695,0.5695,0.0410,0.0246,0.0369,0.0369,0.4510,0.6435,0.6750,0.1925,0.0315,52.49,4.67,152.3,158.0,0.926,0.149,
1791426315.0671756,0.8030,0.8440,0.6350,0.4998,0.6350,0.5695,0.7538,0.8030,0.5695,0.2458,0.4302,0.6350,0.5695,0.0737,0.0574,0.0164,0.0246,0.4510,0.6435,0.6760,0.1925,0.0325,52.54,4.77,151.9,159.5,0.899,0.149,1.584
1791426315.0994787,0.6350,0.8030,0.7006,0.5695,0.6350,0.7538,0.8440,0.6350,0.6350,0.0574,0.4302,0.3646,0.6350,0.0574,0.0737,0.0123,0.0123,0.4510,0.6445,,0.1935,,52.64,4.79,150.8,159.2,0.894,0.148,1.566
1791426315.1401346,0.7006,0.4998,0.7538,0.5695,0.5695,0.4998,0.7538,0.4998,0.2458,0.1966,0.3646,0.4302,0.4998,0.0574,0.0410,0.0246,0.0369,0.4510,0.6470,,0.1960,,52.44,4.78,151.4,160.1,0.845,0.150,1.530
1791426315.1707895,0.6350,0.4302,0.8767,0.7538,0.4998,0.2458,0.7006,0.4998,0.5695,0.1229,0.2991,0.4302,0.5695,0.0410,0.0574,0.0164,0.0410,0.4510,,,,,52.44,4.78,151.4,160.1,,,
1791426315.2028697,0.7538,0.8767,0.7006,0.6350,0.7006,0.7006,0.7006,0.6350,0.4998,0.1966,0.4302,0.4998,0.5695,0.0942,0.0410,0.0369,0.0574,0.4510,0.6440,,0.1930,,52.09,4.79,151.5,156.5,0.913,0.151,1.685
1791426315.2344985,0.7006,0.7006,0.8030,0.7006,0.4998,0.6350,0.8030,0.4998,0.6350,0.1966,0.2458,0.4998,0.6350,0.0574,0.0410,0.0246,0.0164,0.4510,0.6445,,0.1935,,52.06,4.80,151.6,154.3,0.903,0.151,
1791426315.2673216,0.6350,0.4998,0.6350,0.5695,0.4998,0.6350,0.7006,0.7006,0.6350,0.0942,0.1557,0.5695,0.5695,0.0369,0.0205,0.0164,0.0574,0.4510,0.6510,0.6710,0.2000,0.0200,52.36,4.53,,153.7,0.845,0.151,
1791426315.300229,0.5695,0.7006,0.5695,0.6350,0.4302,0.3646,0.5695,0.4998,0.7006,0.3646,0.2458,0.5695,0.5695,0.0410,0.0246,0.0246,0.0369,0.4510,0.6440,0.6790,0.1930,0.0350,52.24,4.74,151.5,154.4,0.900,0.151,1.566
1791426315.3330007,0.7006,0.8767,0.8440,0.7006,0.4302,0.5695,0.7538,0.7006,0.5695,0.0737,0.0737,0.3646,0.6350,0.0369,0.0369,0.0205,0.0246,0.4510,0.6455,,0.1945,,52.63,4.79,150.9,154.7,0.845,0.149,
1791426315.3674734,0.6350,0.4302,0.6350,0.4998,0.4998,0.2458,0.7538,0.6350,0.7006,0.0737,0.0737,0.4302,0.4998,0.0574,0.0164,0.0164,0.0164,0.4510,,,,,52.63,4.79,150.9,154.7,,,
1791426315.4001958,0.6350,0.7006,0.7538,0.5695,0.5695,0.5695,0.6350,0.7538,0.4302,0.2458,0.2991,0.4998,0.4998,0.0410,0.0574,0.0410,0.0369,0.4510,0.6455,,0.1945,,52.77,4.81,151.9,155.4,0.869,0.148,
1791426315.4400518,0.6350,0.6350,0.8030,0.6350,0.7538,0.6350,0.6350,0.7006,0.4998,0.2458,0.0942,0.4998,0.5695,0.0369,0.0942,0.0410,0.0410,0.4510,0.6425,,0.1915,,52.94,4.87,152.0,155.1,0.911,0.147,
1791426315.473127,0.6350,0.7538,0.5695,0.5695,0.5695,0.7006,0.7006,0.5695,0.6350,0.2458,0.4302,0.4302,0.5695,0.0410,0.0574,0.0246,0.0369,0.4510,0.6460,,0.1950,,53.00,4.86,151.7,156.3,0.865,0.146,1.577
1791426315.503613,0.6350,0.8030,0.7006,0.4998,0.6350,0.7538,0.7006,0.8767,0.4302,0.0942,0.1557,0.4998,0.6350,0.0410,0.0369,0.0369,0.0369,0.4510,0.6450,,0.1940,,52.79,4.84,151.1,156.4,0.901,0.147,
1791426315.535257,0.6350,0.4998,0.8030,0.5695,0.2991,0.7006,0.7538,0.5695,0.4998,0.1966,0.2991,0.4998,0.5695,0.0410,0.0410,0.0123,0.0369,0.4510,0.6455,,0.1945,,52.55,4.81,150.4,156.8,0.906,0.149,
1791426315.5672324,0.4998,0.7006,0.9259,0.4998,0.6350,0.5695,0.6350,0.7006,0.4302,0.2991,0.2991,0.4302,0.4998,0.0369,0.0410,0.0164,0.0123,0.4510,0.6450,,0.1940,,52.38,4.81,150.6,157.2,0.891,0.150,
1791426315.6008348,0.6350,0.7538,0.7006,0.5695,0.4998,0.7538,0.7538,0.4998,0.5695,0.1229,0.2458,0.5695,0.4998,0.0369,0.0123,0.0123,0.0369,0.4510,0.6440,,0.1930,,52.68,4.84,151.7,157.8,0.898,0.148,
1791426315.6337771,0.7006,0.7006,0.8030,0.4998,0.7006,0.6350,0.7006,0.7006,0.3646,0.2991,0.1557,0.6350,0.5695,0.0123,0.0164,0.0205,0.0574,0.4510,0.6470,0.6770,0.1960,0.0300,52.44,4.86,151.3,157.6,0.869,0.149,
1791426315.6673763,0.7538,0.7538,0.7006,0.4998,0.4998,0.6350,0.6350,0.7538,0.4998,0.2991,0.3646,0.4998,0.5695,0.0574,0.0574,0.0164,0.0369,0.4510,0.6510,,0.2000,,52.37,4.74,151.6,157.6,0.829,0.151,1.563
1791426315.7014022,0.8767,0.7006,0.5695,0.4302,0.5695,0.6350,0.4998,0.6350,0.5695,0.2991,0.4998,0.5695,0.4998,0.0246,0.0574,0.0410,0.0574,0.4510,0.6440,,0.1930,,52.60,4.80,151.6,157.8,0.894,0.149,1.524
1791426315.740393,0.5695,0.4302,0.6350,0.7006,0.6350,0.3646,0.7538,0.8440,0.4998,0.1557,0.1557,0.4302,0.5695,0.0574,0.0369,0.0205,0.0164,0.4510,0.6470,,0.1960,,52.54,4.76,151.6,157.9,0.886,0.150,
1791426315.771941,0.6350,0.4998,0.8440,0.6350,0.7006,0.7006,0.8030,0.6350,0.5695,0.1557,0.2991,0.3646,0.5695,0.0410,0.0205,0.0123,0.0164,0.4510,0.6435,,0.1925,,52.65,4.84,151.2,158.1,0.886,0.149,
1791426315.8035638,0.6350,0.8767,0.5695,0.7538,0.6350,0.7538,0.5695,0.6350,0.4302,0.0942,0.1229,0.5695,0.4998,0.0737,0.0369,0.0164,0.0164,0.4510,0.6460,,0.1950,,52.51,4.82,150.7,158.1,0.886,0.149,
1791426315.834109,0.4998,0.6350,0.8440,0.6350,0.4998,0.4998,0.6350,0.5695,0.2458,0.1557,0.2991,0.4998,0.5695,0.0574,0.0123,0.0123,0.0123,0.4510,0.6445,,0.1935,,52.28,4.82,,158.4,0.924,0.150,
1791426315.8671057,0.4998,0.7538,0.8030,0.5695,0.5695,0.7006,0.7538,0.7006,0.6350,0.2458,0.2991,0.4302,0.4302,0.0574,0.0410,0.0246,0.0369,0.4510,0.6475,,0.1965,,52.30,4.79,,158.5,0.856,0.151,
1791426315.9009984,0.2991,0.8030,0.8440,0.7006,0.5695,0.5695,0.6350,0.8030,0.6350,0.1229,0.3646,0.5695,0.5695,0.0574,0.0410,0.0246,0.0369,,0.6455,0.6770,,0.0315,52.30,4.79,,159.4,0.882,0.151,
1791426315.93462,0.4302,0.7538,0.8767,0.6350,0.4998,0.7006,0.6350,0.6350,0.6350,0.1229,0.2991,0.5695,0.5695,0.0737,0.0737,0.0123,0.0369,0.4510,0.6490,0.6750,0.1980,0.0260,52.53,4.70,,159.6,0.857,0.150,
1791426315.9672518,0.4998,0.3646,0.9423,0.4998,0.5695,0.5695,0.5695,0.6350,0.7538,0.1966,0.0942,0.6350,0.4998,0.0574,0.0123,0.0123,0.0369,0.4510,0.6445,,0.1935,,52.74,4.75,,158.7,0.894,0.148,
1791426316.0006707,0.6350,0.6350,0.8030,0.5695,0.7006,0.6350,0.7006,0.4998,0.3646,0.1229,0.4998,0.4998,0.4998,0.0369,0.0246,0.0369,0.0369,0.4510,0.6465,,0.1955,,52.38,4.75,,158.7,0.869,0.150,1.573
1791426316.0409586,0.5695,0.8767,0.7538,0.5695,0.6350,0.7006,0.7538,0.7538,0.4302,0.1557,0.2991,0.4302,0.5695,0.0410,0.0410,0.0123,0.0164,0.4510,0.6455,,0.1945,,52.14,4.74,,158.5,0.907,0.152,
1791426316.0720901,0.7538,0.8030,0.7006,0.7006,0.5695,0.5695,0.6350,0.6350,0.4998,0.2991,0.4302,0.5695,0.5695,0.0369,0.0410,0.0164,0.0369,0.4510,0.6505,0.6780,0.1995,0.0275,51.97,4.71,,158.1,0.860,0.153,1.586
1791426316.103022,0.5695,0.7006,0.8440,0.5695,0.4998,0.7538,0.8030,0.5695,0.5695,0.2991,0.2991,0.5695,0.4998,0.0246,0.0410,0.0410,0.0369,0.4510,0.6475,,0.1965,,52.05,4.69,,158.7,0.881,0.153,
1791426316.1351838,0.7006,0.4998,0.7538,0.6350,0.6350,0.5695,0.7538,0.4998,0.5695,0.0369,0.0942,0.5695,0.5695,0.0246,0.0123,0.0164,0.0246,0.4510,0.6450,0.6790,0.1940,0.0340,52.13,4.86,,158.8,0.874,0.152,
1791426316.1684575,0.5695,0.8030,0.7006,0.6350,0.5695,0.2458,0.7538,0.5695,0.7006,0.0942,0.2991,0.4998,0.4998,0.0369,0.0369,0.0123,0.0369,0.4510,,,,,52.13,4.86,,158.8,,,
1791426316.2037683,0.6350,0.8440,0.8030,0.5695,0.6350,0.6350,0.5695,0.4998,0.2458,0.1557,0.2991,0.4998,0.5695,0.0574,0.0369,0.0205,0.0205,0.4510,0.6435,,0.1925,,52.00,4.92,,158.6,0.916,0.152,
1791426316.2347362,0.4998,0.7006,0.7538,0.6350,0.4998,0.7538,0.7006,0.5695,0.4302,0.1557,0.3646,0.4998,0.4998,0.0246,0.0369,0.0369,0.0164,0.4510,0.6440,,0.1930,,52.02,4.97,,158.8,0.904,0.152,1.650
1791426316.2683585,0.5695,0.7538,0.7538,0.6350,0.7006,0.5695,0.8030,0.5695,0.4998,0.0574,0.4302,0.5695,0.4998,0.0369,0.0369,0.0246,0.0246,0.4510,0.6455,,0.1945,,52.46,5.01,,159.0,0.857,0.150,1.518
1791426316.3069253,0.6350,0.4998,0.8030,0.6350,0.6350,0.5695,0.7538,0.6350,0.5695,0.0942,0.2991,0.5695,0.5695,0.0574,0.0082,0.0164,0.0205,0.4510,0.6480,0.6730,0.1970,0.0250,52.84,4.86,,159.2,0.845,0.148,
1791426316.338043,0.8030,0.5695,0.6350,0.5695,0.4302,0.5695,0.6350,0.7006,0.4998,0.1966,0.3646,0.5695,0.5695,0.0737,0.0410,0.0369,0.0410,0.4510,0.6495,0.6740,0.1985,0.0245,53.43,4.74,,158.6,0.826,0.145,1.509
1791426316.3703897,0.5695,0.8030,0.7006,0.6350,0.5695,0.5695,0.7538,0.7538,0.4998,0.1557,0.3646,0.5695,0.4998,0.0410,0.0369,0.0369,0.0369,0.4510,0.6445,,0.1935,,53.13,4.77,,158.3,0.907,0.146,1.625
1791426316.4007726,0.7006,0.7538,0.6350,0.5695,0.6350,0.6350,0.7538,0.7006,0.2991,0.2458,0.2991,0.5695,0.4998,0.0942,0.0574,0.0205,0.0737,0.4510,0.6490,,0.1980,,53.16,4.70,,158.3,0.853,0.147,
1791426316.4342945,0.7006,0.8030,0.7006,0.4998,0.4302,0.7538,0.7006,0.7006,0.4302,0.2458,0.2991,0.3646,0.5695,0.0737,0.0246,0.0246,0.0164,0.4510,0.6425,,0.1915,,53.20,4.82,,158.5,0.889,0.146,
1791426316.467552,0.7538,0.8440,0.7538,0.8030,0.4998,0.7538,0.5695,0.7538,0.4998,0.2458,0.1557,0.5695,0.6350,0.0246,0.0574,0.0205,0.0369,0.4510,0.6465,0.6730,0.1955,0.0265,52.78,4.71,,158.6,0.890,0.148,
1791426316.5020752,0.7006,0.8030,0.8440,0.6350,0.5695,0.5695,0.6350,0.7006,0.4998,0.1557,0.2991,0.4302,0.5695,0.0369,0.0369,0.0737,0.0205,0.4510,0.6470,,0.1960,,52.93,4.72,,158.1,0.841,0.148,
1791426316.5358608,0.5695,0.8440,0.7538,0.6350,0.7538,0.7538,0.5695,0.5695,0.2991,0.0574,0.2458,0.4998,0.6350,0.0574,0.0246,0.0123,0.0164,0.4510,0.6450,,0.1940,,52.47,4.71,,157.9,0.917,0.150,
1791426316.5744736,0.7538,0.7538,0.7006,0.6350,0.6350,0.7006,0.6350,0.4998,0.4998,0.2991,0.1557,0.4998,0.4998,0.0369,0.0205,0.0205,0.0369,0.4510,0.6510,,0.2000,,51.80,4.57,,157.9,0.852,0.154,
1791426316.6064692,0.4998,0.7006,0.7538,0.7006,0.7006,0.7006,0.7538,0.7006,0.7006,0.0574,0.2458,0.4998,0.4302,0.0410,0.0574,0.0369,0.0574,0.4510,0.6445,,0.1935,,51.87,4.67,,158.2,0.865,0.153,
1791426316.63748,0.4998,0.8767,0.6350,0.5695,0.6350,0.6350,0.7006,0.7538,0.5695,0.4998,0.2991,0.4998,0.4998,0.0574,0.0205,0.0369,0.0369,0.4510,0.6460,,0.1950,,52.00,4.67,152.1,158.4,0.886,0.153,1.564
1791426316.670175,0.8030,0.7538,0.7538,0.4998,0.4998,0.2458,0.7006,0.5695,0.6350,0.0942,0.2991,0.4998,0.5695,0.0574,0.0205,0.0164,0.0410,0.4510,,,,,52.00,4.67,152.1,158.4,,,
1791426316.7019463,0.6350,0.7006,0.6350,0.6350,0.6350,0.4998,0.7006,0.3646,0.3646,0.2458,0.3646,0.2991,0.4302,0.0574,0.0123,0.0164,0.0369,0.4510,0.6455,,0.1945,,51.74,4.68,151.9,158.8,,0.154,1.602
1791426316.7360508,0.7006,0.7538,0.8767,0.5695,0.6350,0.4302,0.7006,0.6350,0.4998,0.3646,0.1966,0.4302,0.4998,0.0369,0.0737,0.0410,0.0574,0.4510,0.6450,,0.1940,,51.72,4.68,151.1,159.0,0.912,0.154,1.522
1791426316.7684066,0.5695,0.8030,0.8030,0.6350,0.5695,0.7006,0.8030,0.6350,0.5695,0.1966,0.2991,0.4998,0.6350,0.0369,0.0737,0.0369,0.0410,0.4510,0.6435,,0.1925,,51.87,4.73,152.3,158.9,0.915,0.153,
1791426316.801911,0.3646,0.8767,0.9423,0.7538,0.6350,0.6350,0.6350,0.5695,0.5695,0.1557,0.2458,0.4998,0.4998,0.0410,0.0737,0.0205,0.0369,0.4510,0.6440,,0.1930,,51.67,4.74,152.5,159.2,0.929,0.154,
1791426316.8353963,0.5695,0.6350,0.7006,0.7538,0.7006,0.5695,0.5695,0.4998,0.5695,0.0942,0.1557,0.4998,0.5695,0.0574,0.0410,0.0205,0.0369,0.4510,0.6430,,0.1920,,51.15,4.75,152.8,158.6,0.955,0.156,
1791426316.875481,0.7538,0.7006,0.8030,0.4998,0.7006,0.6350,0.7006,0.4998,0.5695,0.2458,0.4302,0.6350,0.5695,0.0410,0.0123,0.0123,0.0369,0.4510,0.6480,0.6710,0.1970,0.0230,51.91,4.59,152.8,158.7,0.845,0.152,1.454
1791426316.9077904,0.6350,0.7006,0.8030,0.6350,0.6350,0.7006,0.7538,0.4998,0.5695,0.1229,0.2991,0.4998,0.5695,0.0369,0.0205,0.0574,0.0574,0.4510,0.6465,,0.1955,,52.34,4.60,153.0,158.0,0.849,0.150,
1791426316.9393888,0.5695,0.8767,0.7538,0.6350,0.5695,0.2991,0.7006,0.6350,0.4998,0.3646,0.2991,0.4998,0.6350,0.0246,0.0205,0.0123,0.0123,0.4510,,,,,52.34,4.60,153.0,158.0,,,
1791426316.9710999,0.7006,0.7538,0.7538,0.6350,0.5695,0.6350,0.5695,0.7538,0.4302,0.0737,0.1557,0.4998,0.5695,0.0369,0.0410,0.0369,0.0246,0.4510,0.6465,,0.1955,,51.84,4.56,152.1,157.8,0.896,0.153,
1791426317.0026166,0.4998,0.8440,0.7006,0.5695,0.4302,0.7006,0.6350,0.7006,0.7006,0.0737,0.2991,0.4998,0.5695,0.0737,0.0737,0.0369,0.0246,0.4510,0.6490,,0.1980,,51.83,4.49,151.9,158.0,0.861,0.154,
1791426317.0350485,0.3646,0.7006,0.8440,0.5695,0.5695,0.6350,0.6350,0.5695,0.6350,0.1229,0.2458,0.4302,0.4998,0.0164,0.0164,0.0246,0.0574,0.4510,0.6500,,0.1990,,52.46,4.45,151.3,158.1,0.803,0.151,
1791426317.0692017,0.6350,0.8030,0.8030,0.5695,0.5695,0.7006,0.5695,0.7006,0.3646,0.1966,0.1557,0.4998,0.4998,0.0369,0.0574,0.0123,0.0123,0.4510,0.6505,,0.1995,,52.58,4.34,151.4,158.3,0.873,0.151,
1791426317.1023378,0.4998,0.8030,0.8030,0.7538,0.7006,0.4998,0.7006,0.6350,0.6350,0.1229,0.2458,0.4302,0.5695,0.0410,0.0205,0.0123,0.0410,0.4510,0.6490,,0.1980,,52.07,4.27,150.6,158.3,0.899,0.154,
1791426317.1355648,0.6350,0.8440,0.9054,0.6350,0.7538,0.6350,0.7538,0.7006,0.4998,0.2458,0.1557,0.5695,0.5695,0.0410,0.0205,0.0123,0.0246,0.4510,0.6430,0.6680,0.1920,0.0250,52.13,4.17,152.1,157.8,0.941,0.152,
1791426317.1700795,0.8030,0.9054,0.5695,0.6350,0.7006,0.7006,0.6350,0.7006,0.5695,0.2991,0.2991,0.4998,0.6350,0.0410,0.0369,0.0410,0.0369,0.4510,0.6465,,0.1955,,52.26,4.20,152.3,158.3,0.873,0.152,
1791426317.2093976,0.6350,0.8440,0.7006,0.4998,0.3646,0.7006,0.5695,0.6350,0.4998,0.1966,0.4302,0.6350,0.5695,0.0123,0.0410,0.0123,0.0205,0.4510,0.6465,0.6690,0.1955,0.0225,52.49,4.09,152.4,158.7,0.881,0.150,1.546
1791426317.241297,0.6350,0.7006,0.8030,0.6350,0.6350,0.6350,0.7006,0.5695,0.5695,0.1966,0.2991,0.4302,0.4998,0.0369,0.0410,0.0410,0.0369,0.4510,0.6430,,0.1920,,52.19,4.16,152.0,158.8,0.946,0.151,
1791426317.2726026,0.6350,0.8030,0.8440,0.5695,0.5695,0.4998,0.7538,0.4998,0.4998,0.1557,0.4302,0.3646,0.5695,0.0369,0.0574,0.0082,0.0205,0.4510,0.6415,,0.1905,,51.99,4.24,,159.6,0.966,0.152,1.681
1791426317.3114336,0.8440,0.7538,0.8440,0.6350,0.7006,0.7006,0.7538,0.7006,0.4998,0.1966,0.3646,0.4998,0.4998,0.0574,0.0737,0.0205,0.0410,0.4510,0.6450,,0.1940,,51.63,4.27,,160.5,0.878,0.154,1.606
1791426317.3424134,0.5695,0.8440,0.7538,0.7006,0.4998,0.6350,0.8030,0.5695,0.6350,0.1557,0.2991,0.5695,0.5695,0.0205,0.0737,0.0164,0.0369,0.4510,0.6450,0.6710,0.1940,0.0260,51.67,4.24,,160.9,0.906,0.153,
1791426317.3729994,0.6350,0.8440,0.7538,0.5695,0.7538,0.6350,0.7006,0.6350,0.5695,0.1966,0.1966,0.6350,0.5695,0.0737,0.0205,0.0369,0.0369,0.4510,0.6485,0.6710,0.1975,0.0225,52.22,4.15,,160.4,0.853,0.151,
1791426317.406191,0.4998,0.8030,0.7538,0.5695,0.7006,0.5695,0.6350,0.7006,0.4998,0.2458,0.4302,0.4998,0.4998,0.0410,0.0410,0.0246,0.0205,0.4510,0.6450,,0.1940,,52.16,4.18,,160.8,0.885,0.151,1.539
1791426317.4367979,0.7538,0.8440,0.8030,0.7006,0.6350,0.6350,0.7006,0.8030,0.4998,0.3646,0.3646,0.4998,0.4998,0.0246,0.0410,0.0164,0.0246,0.4510,0.6450,,0.1940,,51.91,4.19,153.2,161.2,0.910,0.152,1.542
1791426317.4702628,0.6350,0.8440,0.6350,0.7006,0.6350,0.6350,0.7006,0.6350,0.7006,0.0205,0.1966,0.5695,0.4302,0.0369,0.0737,0.0369,0.0164,0.4510,0.6470,,0.1960,,51.83,4.17,151.3,161.4,0.865,0.153,
1791426317.503402,0.6350,0.8440,0.8030,0.5695,0.7006,0.6350,0.7538,0.4302,0.5695,0.1557,0.3646,0.4302,0.4998,0.0369,0.0369,0.0246,0.0410,0.4510,0.6465,,0.1955,,51.95,4.16,151.2,161.3,0.873,0.153,1.567
1791426317.5361965,0.4998,0.8440,0.8030,0.5695,0.4998,0.6350,0.4998,0.7538,0.5695,0.0369,0.0574,0.5695,0.5695,0.0369,0.0164,0.0410,0.0123,0.4510,0.6435,0.6710,0.1925,0.0275,51.89,4.19,152.1,161.0,0.910,0.153,
1791426317.569807,0.7006,0.8767,0.8030,0.4998,0.6350,0.4302,0.7538,0.4302,0.3646,0.2458,0.4302,0.4998,0.5695,0.0737,0.0410,0.0123,0.0369,0.4510,0.6435,,0.1925,,51.24,4.18,152.5,161.2,0.970,0.156,1.717
1791426317.6026607,0.3646,0.7538,0.8030,0.5695,0.4998,0.6350,0.7538,0.7538,0.5695,0.0737,0.4998,0.4998,0.5695,0.0410,0.0410,0.0164,0.0574,0.4510,0.6440,,0.1930,,51.08,4.19,152.0,161.9,0.939,0.157,1.647
1791426317.6366227,0.7006,0.7538,0.7538,0.6350,0.7006,0.6350,0.7006,0.5695,0.7006,0.0574,0.2991,0.4302,0.5695,0.0246,0.0369,0.0123,0.0410,0.4510,0.6465,,0.1955,,51.27,4.18,151.1,161.0,0.865,0.156,
1791426317.6756516,0.8030,0.7538,0.7538,0.5695,0.5695,0.7006,0.6350,0.6350,0.4998,0.1966,0.3646,0.4302,0.5695,0.0737,0.0737,0.0123,0.0164,0.4510,0.6485,,0.1975,,51.50,4.14,151.3,159.4,0.833,0.155,1.519
1791426317.7080438,0.5695,0.8030,0.8030,0.6350,0.7006,0.4302,0.7538,0.7006,0.6350,0.2991,0.4302,0.6350,0.5695,0.0410,0.0164,0.0410,0.0574,0.4510,0.6480,0.6740,0.1970,0.0260,51.73,4.17,151.8,160.4,0.869,0.154,1.533
1791426317.738731,0.5695,0.4998,0.8440,0.6350,0.7006,0.4302,0.8030,0.5695,0.5695,0.1966,0.1966,0.5695,0.5695,0.0942,0.0410,0.0737,0.0123,0.4510,0.6425,0.6720,0.1915,0.0295,51.57,4.23,152.1,160.0,0.938,0.154,
1791426317.7703419,0.5695,0.8440,0.8030,0.5695,0.6350,0.7538,0.6350,0.4998,0.4998,0.2991,0.3646,0.4998,0.5695,0.0574,0.0410,0.0369,0.0164,0.4510,0.6480,,0.1970,,51.80,4.19,152.7,156.5,0.861,0.153,1.528
1791426317.8039167,0.3646,0.8440,0.8440,0.6350,0.7006,0.5695,0.6350,0.5695,0.2991,0.0574,0.2991,0.5695,0.6350,0.0574,0.0123,0.0164,0.0246,0.4510,0.6440,0.6730,0.1930,0.0290,51.69,4.27,151.3,156.3,0.907,0.154,
1791426317.8358731,0.7006,0.7006,0.8440,0.6350,0.7006,0.6350,0.7006,0.6350,0.5695,0.2458,0.4302,0.5695,0.5695,0.0410,0.0737,0.0164,0.0246,0.4510,0.6480,0.6750,0.1970,0.0270,51.51,4.30,152.0,157.8,0.873,0.155,1.559
1791426317.8696105,0.7006,0.6350,0.8767,0.7006,0.7006,0.7006,0.7006,0.6350,0.7006,0.0942,0.3646,0.4302,0.4998,0.0410,0.0410,0.0737,0.0205,0.4510,0.6490,,0.1980,,51.84,4.27,150.5,157.7,0.817,0.154,1.534
1791426317.904108,0.4998,0.8440,0.8440,0.7006,0.3646,0.5695,0.7006,0.6350,0.4302,0.1229,0.0942,0.4998,0.4998,0.0574,0.0737,0.0123,0.0123,0.4510,0.6500,,0.1990,,51.48,4.20,150.3,157.8,0.837,0.156,
1791426317.9366221,0.7538,0.9054,0.8440,0.6350,0.6350,0.6350,0.8440,0.4998,0.3646,0.0942,0.0942,0.4302,0.5695,0.0369,0.0246,0.0369,0.0369,0.4510,0.6460,,0.1950,,51.74,4.26,149.7,157.9,0.853,0.155,
1791426317.9768634,0.8030,0.7538,0.7006,0.6350,0.6350,0.6350,0.7538,0.3646,0.4998,0.1966,0.2458,0.5695,0.5695,0.0574,0.0246,0.0410,0.0410,0.4510,0.6445,0.6740,0.1935,0.0295,51.70,4.33,,158.5,0.917,0.154,
1791426318.009407,0.7538,0.8767,0.8030,0.5695,0.7006,0.7538,0.7538,0.4998,0.5695,0.0574,0.2991,0.6350,0.5695,0.0410,0.0574,0.0123,0.0410,0.4510,0.6455,0.6700,0.1945,0.0245,51.88,4.24,,158.8,0.898,0.153,
1791426318.039638,0.4998,0.6350,0.7538,0.6350,0.4998,0.6350,0.7538,0.5695,0.2991,0.3646,0.4302,0.6350,0.4998,0.0369,0.0410,0.0164,0.0123,0.4510,0.6445,,0.1935,,51.71,4.28,149.7,159.9,0.903,0.154,1.550
1791426318.071146,0.6350,0.7538,0.8030,0.6350,0.5695,0.6350,0.6350,0.8030,0.4998,0.1966,0.3646,0.4302,0.5695,0.0574,0.0369,0.0205,0.0205,0.4530,0.6460,,0.1930,,51.70,4.25,149.6,159.6,0.915,0.154,1.592
1791426318.103691,0.5695,0.9054,0.9259,0.5695,0.7006,0.7006,0.5695,0.7006,0.4302,0.2458,0.5695,0.5695,0.5695,0.0410,0.0369,0.0164,0.0410,0.4510,0.6480,0.6760,0.1970,0.0280,52.02,4.33,150.1,156.2,0.853,0.152,1.593
1791426318.1374395,0.7006,0.7006,0.9054,0.7538,0.7538,0.6350,0.7006,0.6350,0.4998,0.2458,0.2991,0.4998,0.5695,0.0205,0.0369,0.0369,0.0574,0.4510,0.6445,,0.1935,,51.47,4.35,150.2,155.5,0.930,0.155,
1791426318.1697502,0.7538,0.7538,0.8440,0.4998,0.7006,0.6350,0.5695,0.7006,0.7006,0.1557,0.1557,0.5695,0.4998,0.0574,0.0410,0.0164,0.0369,0.4510,0.6485,,0.1975,,51.49,4.32,150.6,155.4,0.841,0.155,
1791426318.2034132,0.6350,0.7538,0.7006,0.5695,0.6350,0.7538,0.7006,0.7538,0.4998,0.0369,0.2458,0.4998,0.4302,0.0574,0.0123,0.0123,0.0164,0.4510,0.6445,,0.1935,,51.83,4.39,150.2,156.0,0.878,0.153,
1791426318.2367349,0.6350,0.7006,0.7538,0.6350,0.6350,0.7538,0.7006,0.6350,0.6350,0.0369,0.3646,0.4998,0.4998,0.0574,0.0410,0.0164,0.0410,0.4510,0.6450,,0.1940,,51.48,4.40,148.6,156.1,0.904,0.155,1.666
1791426318.2780142,0.8440,0.8440,0.8767,0.5695,0.7006,0.7006,0.7006,0.7006,0.3646,0.0369,0.2991,0.4998,0.5695,0.0369,0.0164,0.0164,0.0369,0.4510,0.6485,,0.1975,,51.44,4.33,147.2,156.2,0.869,0.156,
1791426318.310589,0.8030,0.8440,0.8440,0.6350,0.6350,0.6350,0.7538,0.7006,0.4302,0.0737,0.2458,0.4998,0.6350,0.0410,0.0574,0.0123,0.0574,0.4510,0.6450,,0.1940,,51.23,4.32,148.4,156.4,0.937,0.157,
1791426318.342637,0.7006,0.8030,0.7006,0.5695,0.7006,0.6350,0.7006,0.5695,0.6350,0.1966,0.2458,0.5695,0.5695,0.0574,0.0164,0.0164,0.0369,0.4510,0.6450,0.6740,0.1940,0.0290,51.00,4.37,149.9,156.0,0.912,0.158,
1791426318.3741574,0.4998,0.8030,0.8030,0.6350,0.6350,0.6350,0.6350,0.7006,0.5695,0.1966,0.3646,0.5695,0.5695,0.0574,0.0205,0.0164,0.0246,0.4510,0.6465,0.6730,0.1955,0.0265,51.15,4.35,150.3,156.3,0.890,0.157,1.609
1791426318.4046025,0.7538,0.8030,0.8440,0.5695,0.7006,0.7006,0.7538,0.6350,0.5695,0.1557,0.0942,0.4302,0.5695,0.0410,0.0737,0.0369,0.0123,0.4510,0.6520,,0.2010,,51.49,4.25,149.3,155.9,0.796,0.156,
1791426318.4377582,0.7006,0.7006,0.8767,0.5695,0.4998,0.4302,0.6350,0.5695,0.5695,0.1229,0.1966,0.4302,0.4998,0.0205,0.0942,0.0205,0.0369,0.4510,0.6460,,0.1950,,51.47,4.28,149.9,155.5,0.889,0.156,
1791426318.4699192,0.6350,0.8440,0.8440,0.6350,0.7538,0.7006,0.7538,0.6350,0.6350,0.2458,0.3646,0.4302,0.5695,0.0410,0.0369,0.0246,0.0123,0.4510,0.6485,,0.1975,,51.72,4.28,150.4,155.9,0.828,0.155,1.547
1791426318.504139,0.7006,0.8440,0.6350,0.5695,0.5695,0.6350,0.6350,0.4998,0.4998,0.1557,0.2991,0.4998,0.5695,0.0410,0.0369,0.0164,0.0737,0.4510,0.6445,,0.1935,,51.60,4.34,151.4,156.7,0.896,0.155,
1791426318.53706,0.6350,0.8440,0.8440,0.5695,0.7006,0.6350,0.7006,0.7006,0.6350,0.2458,0.4302,0.5695,0.4998,0.0410,0.0410,0.0164,0.0246,0.4510,0.6485,,0.1975,,51.66,4.29,151.1,157.1,0.861,0.155,1.578
1791426318.5702097,0.5695,0.4998,0.6350,0.5695,0.7006,0.5695,0.6350,0.6350,0.4302,0.0574,0.2458,0.4302,0.4998,0.0737,0.0369,0.0123,0.0369,0.4510,0.6505,,0.1995,,51.95,4.23,,156.6,0.822,0.154,
1791426318.6036646,0.6350,0.7538,0.8030,0.5695,0.7538,0.6350,0.7538,0.7006,0.4998,0.2991,0.2458,0.2991,0.4302,0.0410,0.0246,0.0205,0.0369,0.4510,0.6440,,0.1930,,51.91,4.32,,156.5,,0.154,
1791426318.6426518,0.8767,0.7538,0.6350,0.5695,0.6350,0.2991,0.6350,0.3646,0.4302,0.1557,0.0942,0.2991,0.5695,0.0942,0.0574,0.0205,0.0369,0.4510,,,,,51.91,4.32,,156.5,,,
1791426318.6750872,0.7006,0.6350,0.8030,0.4998,0.7006,0.7006,0.6350,0.7538,0.5695,0.0410,0.2991,0.4302,0.4998,0.0410,0.1229,0.0164,0.0369,0.4510,0.6485,,0.1975,,51.58,4.27,,156.6,0.870,0.156,
1791426318.7059603,0.7006,0.8030,0.8030,0.4998,0.7006,0.4998,0.6350,0.7006,0.5695,0.0410,0.1557,0.4998,0.4302,0.0369,0.0737,0.0246,0.0369,0.4510,0.6470,,0.1960,,51.19,4.25,,157.4,0.896,0.158,
1791426318.7377532,0.4998,0.8030,0.6350,0.5695,0.7006,0.5695,0.6350,0.5695,0.5695,0.1966,0.4302,0.4998,0.5695,0.0369,0.0123,0.0164,0.0369,0.4510,0.6460,,0.1950,,51.06,4.25,,157.5,0.912,0.158,1.653
1791426318.771042,0.7538,0.6350,0.8767,0.5695,0.5695,0.6350,0.6350,0.8440,0.5695,0.2458,0.1557,0.5695,0.5695,0.0574,0.0574,0.0164,0.0410,0.4510,0.6470,0.6740,0.1960,0.0270,51.12,4.26,,156.6,0.907,0.158,
1791426318.804353,0.7006,0.8767,0.8767,0.4998,0.5695,0.4998,0.7538,0.6350,0.4998,0.2458,0.4302,0.4998,0.5695,0.0369,0.0369,0.0369,0.0369,0.4510,0.6440,,0.1930,,51.44,4.33,,158.0,0.911,0.156,1.575
1791426318.8379931,0.8030,0.8767,0.8030,0.4998,0.7538,0.6350,0.7006,0.7006,0.5695,0.3646,0.1229,0.4998,0.5695,0.0410,0.0410,0.0205,0.0410,0.4510,0.6490,,0.1980,,51.75,4.30,152.0,157.0,0.837,0.154,1.409
1791426318.8704627,0.8440,0.8440,0.8030,0.5695,0.4998,0.7006,0.7538,0.7006,0.4998,0.2991,0.3646,0.6350,0.4302,0.0369,0.0410,0.0205,0.0369,0.4510,0.6440,,0.1930,,52.21,4.37,151.9,158.2,0.902,0.151,1.565
1791426318.9058313,0.8030,0.4998,0.7538,0.6350,0.6350,0.5695,0.8030,0.5695,0.4998,0.2458,0.3646,0.4302,0.6350,0.0737,0.0205,0.0164,0.0574,0.4510,0.6510,,0.2000,,52.68,4.29,152.3,154.8,0.815,0.150,1.473
1791426318.9447541,0.6350,0.4998,0.8440,0.8030,0.4998,0.4998,0.7006,0.7006,0.5695,0.1557,0.4998,0.4998,0.5695,0.0737,0.0410,0.0164,0.0164,0.4510,0.6475,,0.1965,,52.80,4.30,152.2,156.2,0.853,0.149,1.537
1791426318.976578,0.7006,0.6350,0.7538,0.5695,0.7006,0.6350,0.4998,0.4998,0.6350,0.1557,0.2458,0.4302,0.4998,0.0574,0.0574,0.0123,0.0369,0.4510,0.6485,,0.1975,,52.80,4.26,151.9,156.1,0.873,0.149,
1791426319.0095296,0.6350,0.5695,0.8030,0.6350,0.7006,0.6350,0.5695,0.7006,0.5695,0.0369,0.1229,0.5695,0.5695,0.0246,0.0369,0.0164,0.0205,0.4510,0.6460,0.6750,0.1950,0.0290,52.83,4.35,151.4,156.1,0.877,0.149,
1791426319.0404923,0.7006,0.4302,0.7538,0.6350,0.7538,0.5695,0.7006,0.5695,0.4302,0.3646,0.2458,0.3646,0.4998,0.0246,0.0123,0.0369,0.0369,0.4510,0.6465,,0.1955,,52.63,4.36,151.6,156.0,0.886,0.150,1.513
1791426319.0726142,0.7538,0.7006,0.9259,0.5695,0.7006,0.7006,0.7538,0.4998,0.4998,0.2991,0.3646,0.5695,0.4998,0.0574,0.0369,0.0574,0.0123,0.4510,0.6455,,0.1945,,52.97,4.42,152.4,157.4,0.868,0.148,1.497
1791426319.1056426,0.7006,0.4998,0.7006,0.4302,0.7006,0.5695,0.8030,0.6350,0.6350,0.2458,0.1229,0.4998,0.4998,0.0369,0.0369,0.0369,0.0369,0.4510,0.6455,,0.1945,,52.75,4.45,152.2,157.7,0.882,0.149,
1791426319.1382422,0.7538,0.8030,0.5695,0.6350,0.7538,0.5695,0.5695,0.6350,0.6350,0.0574,0.1557,0.5695,0.5695,0.0369,0.0942,0.0574,0.0410,0.4510,0.6445,0.6720,0.1935,0.0275,52.04,4.37,152.1,158.2,0.964,0.152,
1791426319.1719413,0.7006,0.5695,0.7538,0.4998,0.4998,0.8767,0.6350,0.6350,0.4998,0.0737,0.2458,0.4302,0.4998,0.0369,0.0737,0.0164,0.0164,0.4510,0.6435,,0.1925,,52.38,4.45,151.7,158.1,0.890,0.150,
1791426319.2049768,0.4998,0.7006,0.7006,0.4998,0.5695,0.8030,0.5695,0.4998,0.5695,0.0737,0.2991,0.5695,0.5695,0.0574,0.0410,0.0205,0.0369,0.4510,0.6475,0.6720,0.1965,0.0245,52.23,4.33,151.9,157.6,0.912,0.151,
1791426319.2384808,0.7538,0.5695,0.7538,0.5695,0.6350,0.6350,0.7006,0.7538,0.6350,0.0369,0.3646,0.5695,0.5695,0.0410,0.0410,0.0369,0.0574,0.4510,0.6495,0.6760,0.1985,0.0265,52.49,4.35,150.3,157.8,0.849,0.150,1.490
1791426319.2718673,0.6350,0.6350,0.9259,0.5695,0.6350,0.6350,0.6350,0.6350,0.4302,0.0574,0.2458,0.4998,0.5695,0.0205,0.0574,0.0369,0.0246,0.4510,0.6470,,0.1960,,52.63,4.38,150.3,156.9,0.849,0.149,
1791426319.3113365,0.6350,0.7538,0.8440,0.4302,0.6350,0.4998,0.6350,0.5695,0.5695,0.0246,0.3646,0.5695,0.4998,0.0737,0.0410,0.0369,0.0574,0.4510,0.6430,,0.1920,,52.45,4.46,149.8,156.0,0.920,0.150,1.626
1791426319.3431377,0.7006,0.5695,0.8767,0.7006,0.6350,0.6350,0.6350,0.4998,0.6350,0.1966,0.4302,0.4998,0.6350,0.0369,0.0574,0.0369,0.0369,0.4500,0.6435,,0.1935,,52.57,4.55,151.3,157.2,0.880,0.149,1.578
1791426319.3745065,0.5695,0.8767,0.9259,0.4998,0.5695,0.6350,0.7006,0.4998,0.7006,0.1557,0.2458,0.5695,0.5695,0.0410,0.0574,0.0410,0.0410,0.4510,0.6430,0.6740,0.1920,0.0310,52.15,4.57,151.7,158.0,0.949,0.151,
1791426319.4059324,0.4998,0.8030,0.7538,0.5695,0.7006,0.7006,0.5695,0.4998,0.5695,0.1966,0.4302,0.6350,0.4998,0.0410,0.0737,0.0410,0.0737,0.4510,0.6445,,0.1935,,52.33,4.62,151.7,158.5,0.873,0.150,1.564
1791426319.4381518,0.4302,0.5695,0.9259,0.5695,0.6350,0.5695,0.6350,0.7538,0.4998,0.2991,0.2991,0.4302,0.5695,0.0410,0.0205,0.0164,0.0369,0.4500,0.6460,,0.1960,,52.44,4.58,151.6,158.7,0.893,0.150,
1791426319.471195,0.8440,0.7538,0.7006,0.7006,0.7006,0.4302,0.7006,0.7538,0.5695,0.1229,0.1557,0.4302,0.5695,0.0410,0.0942,0.0205,0.0369,0.4510,0.6445,,0.1935,,52.13,4.58,150.7,159.0,0.912,0.151,
1791426319.50571,0.7006,0.8440,0.7538,0.7006,0.7006,0.8030,0.6350,0.7538,0.7006,0.2458,0.2991,0.5695,0.4998,0.0574,0.0737,0.0410,0.0369,0.4510,0.6470,,0.1960,,52.55,4.56,151.2,159.4,0.853,0.149,
1791426319.5392292,0.4998,0.8440,0.8030,0.7006,0.7538,0.6350,0.8030,0.7538,0.4998,0.3646,0.3646,0.4302,0.6350,0.0574,0.0410,0.0410,0.0369,0.4510,0.6490,,0.1980,,52.83,4.50,151.1,158.8,0.833,0.148,1.397
1791426319.580559,0.7538,0.7538,0.8030,0.6350,0.4998,0.7538,0.7538,0.6350,0.6350,0.2458,0.2991,0.5695,0.5695,0.0369,0.0205,0.0123,0.0164,0.4510,0.6430,0.6730,0.1920,0.0300,52.59,4.53,151.6,159.2,0.921,0.149,
1791426319.610805,0.5695,0.8767,0.8440,0.7538,0.6350,0.7006,0.7006,0.4998,0.5695,0.0574,0.1229,0.5695,0.4998,0.0369,0.0574,0.0369,0.0410,0.4510,0.6445,,0.1935,,52.62,4.56,150.4,159.4,0.889,0.149,
1791426319.6427636,0.5695,0.8440,0.8030,0.4998,0.6350,0.7538,0.6350,0.6350,0.6350,0.1966,0.2458,0.5695,0.4998,0.0205,0.0410,0.0205,0.0410,0.4510,0.6435,,0.1925,,52.52,4.60,151.0,158.5,0.903,0.149,
1791426319.6741562,0.7006,0.7538,0.6350,0.6350,0.5695,0.5695,0.7006,0.7006,0.4302,0.2458,0.2458,0.4998,0.4998,0.0410,0.0574,0.0574,0.0410,0.4500,0.6490,,0.1990,,52.50,4.51,151.4,158.3,0.857,0.150,
1791426319.7046983,0.6350,0.9054,0.5695,0.6350,0.7538,0.6350,0.5695,0.7006,0.4998,0.2991,0.2991,0.4998,0.5695,0.0410,0.0205,0.0574,0.0123,0.4510,0.6450,,0.1940,,52.02,4.47,151.8,159.0,0.945,0.152,
1791426319.7385519,0.8030,0.7538,0.8030,0.5695,0.7538,0.8030,0.5695,0.6350,0.5695,0.0737,0.0737,0.5695,0.5695,0.0410,0.0369,0.0369,0.0369,0.4510,0.6450,0.6760,0.1940,0.0310,51.98,4.58,152.5,158.5,0.882,0.152,
1791426319.7723515,0.6350,0.5695,0.7538,0.5695,0.7006,0.7006,0.5695,0.5695,0.4998,0.1229,0.1229,0.4998,0.4998,0.0737,0.0369,0.0123,0.0369,0.4510,0.6450,,0.1940,,52.19,4.60,152.8,158.5,0.886,0.151,
1791426319.8055775,0.4998,0.6350,0.8030,0.5695,0.6350,0.5695,0.7006,0.5695,0.4998,0.1557,0.4302,0.4998,0.5695,0.0410,0.0123,0.0205,0.0205,0.4510,0.6475,,0.1965,,52.28,4.55,152.6,158.9,0.877,0.151,1.560
1791426319.8396342,0.6350,0.8030,0.8030,0.6350,0.7006,0.8030,0.6350,0.6350,0.4998,0.1966,0.4302,0.5695,0.4998,0.0410,0.0410,0.0205,0.0737,0.4510,0.6450,,0.1940,,52.41,4.59,152.2,158.8,0.873,0.150,1.547
1791426319.8794494,0.5695,0.8030,0.8030,0.7006,0.5695,0.6350,0.7538,0.6350,0.5695,0.2458,0.0942,0.5695,0.4998,0.0574,0.0123,0.0246,0.0410,0.4510,0.6460,,0.1950,,52.45,4.59,152.1,159.0,0.876,0.150,
1791426319.9121773,0.5695,0.7006,0.9259,0.5695,0.6350,0.7006,0.7538,0.7006,0.4998,0.1557,0.3646,0.5695,0.4998,0.0574,0.0574,0.0737,0.0410,0.4510,0.6480,,0.1970,,52.57,4.53,151.9,160.2,0.864,0.149,1.509
1791426319.9433293,0.6350,0.7006,0.7538,0.6350,0.4998,0.4998,0.7006,0.7006,0.2991,0.2458,0.1966,0.4998,0.5695,0.0574,0.0082,0.0164,0.0246,0.4510,0.6495,,0.1985,,52.39,4.45,151.6,159.8,0.857,0.151,
1791426319.9748354,0.7538,0.5695,0.8030,0.6350,0.7006,0.6350,0.5695,0.6350,0.4998,0.1229,0.2991,0.4302,0.5695,0.0737,0.0574,0.0246,0.0410,0.4510,0.6440,,0.1930,,52.61,4.52,151.6,160.6,0.894,0.149,
1791426320.0067427,0.6350,0.4998,0.7538,0.7006,0.7006,0.6350,0.6350,0.7006,0.7006,0.0369,0.2458,0.4998,0.5695,0.0369,0.0574,0.0164,0.0410,0.4500,0.6430,,0.1930,,52.45,4.58,150.1,161.0,0.929,0.150,
1791426320.0396109,0.7006,0.9054,0.7006,0.4998,0.5695,0.5695,0.7006,0.6350,0.4998,0.1557,0.1557,0.5695,0.5695,0.0205,0.0369,0.0164,0.0164,0.4510,0.6445,0.6740,0.1935,0.0295,52.69,4.62,151.6,161.3,0.881,0.148,
1791426320.0724928,0.4998,0.8030,0.7538,0.6350,0.7006,0.7006,0.6350,0.5695,0.3646,0.2458,0.2991,0.5695,0.4998,0.0574,0.0410,0.0123,0.0123,0.4500,0.6435,,0.1935,,52.70,4.62,,161.7,0.942,0.148,
1791426320.1058798,0.8440,0.4998,0.8030,0.6350,0.6350,0.7006,0.7006,0.5695,0.7006,0.1557,0.2458,0.5695,0.5695,0.0574,0.0574,0.0410,0.0123,0.4510,0.6500,0.6730,0.1990,0.0230,52.85,4.50,,161.1,0.833,0.148,
1791426320.1392827,0.7006,0.7538,0.7006,0.4998,0.6350,0.7006,0.8030,0.4302,0.4998,0.0942,0.0737,0.4302,0.4998,0.0574,0.0164,0.0123,0.0369,0.4510,0.6470,,0.1960,,53.37,4.55,,160.4,0.803,0.145,
1791426320.1726782,0.8030,0.7538,0.8767,0.4998,0.6350,0.6350,0.7538,0.7006,0.4302,0.0369,0.1557,0.3646,0.4302,0.0574,0.0123,0.0164,0.0369,0.4510,0.6475,,0.1965,,53.54,4.55,,159.5,0.822,0.145,
1791426320.2123349,0.7538,0.7006,0.6350,0.7538,0.7538,0.8030,0.6350,0.6350,0.4302,0.0942,0.1966,0.4302,0.4998,0.0410,0.0410,0.0164,0.0369,0.4510,0.6460,,0.1950,,53.16,4.52,,159.6,0.902,0.146,
1791426320.2446668,0.4302,0.8440,0.7538,0.7538,0.5695,0.7538,0.5695,0.4998,0.5695,0.2458,0.0942,0.4998,0.5695,0.0737,0.0164,0.0123,0.0205,0.4510,0.6485,,0.1975,,53.15,4.46,,159.1,0.865,0.147,
1791426320.2755375,0.5695,0.5695,0.7538,0.7006,0.6350,0.7006,0.8030,0.8030,0.6350,0.1966,0.2991,0.5695,0.5695,0.0410,0.0410,0.0369,0.0164,0.4510,0.6460,0.6770,0.1950,0.0310,52.95,4.57,,159.7,0.886,0.148,
1791426320.3070343,0.8030,0.7538,0.7006,0.6350,0.7006,0.6350,0.8030,0.5695,0.7006,0.1557,0.1229,0.5695,0.4302,0.0246,0.0410,0.0082,0.0164,0.4510,0.6480,,0.1970,,53.48,4.56,,159.4,0.834,0.145,
1791426320.340065,0.5695,0.8030,0.8440,0.5695,0.7538,0.5695,0.7538,0.7006,0.4302,0.1229,0.2991,0.4998,0.5695,0.0410,0.0369,0.0246,0.0123,0.4510,0.6445,,0.1935,,53.15,4.60,,159.8,0.900,0.147,
1791426320.3728316,0.8440,0.5695,0.7006,0.4998,0.6350,0.7538,0.7006,0.6350,0.5695,0.1557,0.2991,0.5695,0.5695,0.0410,0.0164,0.0205,0.0246,0.4510,0.6475,0.6690,0.1965,0.0215,52.95,4.39,,159.0,0.873,0.148,
1791426320.405937,0.7538,0.4302,0.7006,0.4998,0.5695,0.5695,0.8030,0.8030,0.4998,0.1966,0.2458,0.5695,0.6350,0.0369,0.0574,0.0369,0.0410,0.4510,0.6445,0.6730,0.1935,0.0285,53.10,4.43,,159.2,0.889,0.147,
1791426320.4394805,0.7006,0.8030,0.8030,0.5695,0.6350,0.6350,0.6350,0.4998,0.3646,0.2991,0.0942,0.3646,0.4998,0.0246,0.0123,0.0246,0.0246,0.4500,0.6490,,0.1990,,53.08,4.37,,,0.841,0.147,
1791426320.4730086,0.6350,0.4998,0.7006,0.4998,0.5695,0.7006,0.7006,0.7538,0.7006,0.2458,0.0574,0.5695,0.4998,0.0410,0.0410,0.0082,0.0123,0.4500,0.6450,,0.1950,,52.85,4.39,,,0.905,0.148,
1791426320.5126717,0.7006,0.7538,0.9259,0.5695,0.7538,0.6350,0.5695,0.6350,0.7006,0.2991,0.1966,0.5695,0.5695,0.0410,0.0410,0.0164,0.0369,0.4510,0.6440,0.6750,0.1930,0.0310,52.92,4.51,,,0.894,0.148,
1791426320.5443869,0.5695,0.6350,0.7538,0.6350,0.8440,0.7538,0.7538,0.4998,0.6350,0.4998,0.0942,0.5695,0.5695,0.0369,0.0164,0.0246,0.0369,0.4510,0.6455,0.6750,0.1945,0.0295,53.36,4.59,152.5,,0.853,0.145,1.403
1791426320.5741894,0.5695,0.4302,0.6350,0.6350,0.7538,0.4302,0.8440,0.7006,0.6350,0.0737,0.1229,0.4302,0.4998,0.0369,0.0410,0.0123,0.0082,0.4510,0.6475,,0.1965,,53.51,4.55,151.7,,0.861,0.145,
1791426320.606808,0.7006,0.7538,0.8440,0.5695,0.7006,0.5695,0.6350,0.6350,0.7006,0.0369,0.1229,0.5695,0.5695,0.0574,0.0410,0.0574,0.0123,0.4510,0.6435,0.6740,0.1925,0.0305,53.42,4.59,151.7,,0.920,0.145,
1791426320.639766,0.7006,0.7538,0.6350,0.5695,0.7538,0.4998,0.8030,0.4302,0.6350,0.2991,0.2458,0.6350,0.5695,0.0574,0.0410,0.0205,0.0164,0.4510,0.6460,0.6720,0.1950,0.0260,53.65,4.52,151.9,,0.873,0.143,
1791426320.6746838,0.6350,0.4998,0.7538,0.6350,0.8440,0.6350,0.7006,0.7006,0.5695,0.1557,0.1966,0.4302,0.6350,0.0369,0.0410,0.0574,0.0246,0.4500,0.6425,,0.1925,,53.43,4.57,151.9,,0.934,0.144,
1791426320.7060173,0.7538,0.7006,0.7538,0.6350,0.7006,0.5695,0.7006,0.7538,0.5695,0.0574,0.1557,0.5695,0.5695,0.0574,0.0123,0.0369,0.0205,0.4510,0.6470,0.6730,0.1960,0.0260,53.16,4.50,151.3,,0.886,0.146,
1791426320.7410595,0.8030,0.8767,0.8767,0.6350,0.4998,0.7006,0.6350,0.7006,0.4302,0.0737,0.1229,0.4302,0.5695,0.0369,0.0369,0.0410,0.0369,0.4510,0.6465,,0.1955,,52.95,4.50,150.6,,0.857,0.147,
1791426320.7812145,0.4302,0.7538,0.7538,0.5695,0.6350,0.5695,0.8030,0.7006,0.8030,0.0942,0.3646,0.5695,0.5695,0.0574,0.0574,0.0164,0.0369,0.4510,0.6470,0.6750,0.1960,0.0280,53.04,4.52,150.9,157.0,0.869,0.147,1.631
1791426320.812669,0.7538,0.7538,0.7538,0.4998,0.7538,0.6350,0.7006,0.6350,0.7006,0.1557,0.2991,0.5695,0.6350,0.0574,0.0410,0.0164,0.0369,0.4510,0.6480,0.6760,0.1970,0.0280,53.09,4.54,151.4,156.4,0.865,0.147,
1791426320.8442419,0.3646,0.7538,0.7006,0.4998,0.6350,0.8767,0.8440,0.5695,0.4998,0.2458,0.2991,0.4998,0.5695,0.0737,0.0164,0.0123,0.0246,0.4500,0.6500,,0.2000,,53.22,4.47,151.2,156.2,0.829,0.147,
1791426320.875212,0.7538,0.6350,0.7006,0.6350,0.6350,0.8030,0.7538,0.7006,0.4998,0.1966,0.0942,0.4998,0.4998,0.0574,0.0410,0.0410,0.0246,0.4510,0.6455,,0.1945,,53.03,4.47,152.4,156.5,0.921,0.148,
1791426320.90661,0.7538,0.6350,0.7538,0.4302,0.4998,0.4998,0.6350,0.8440,0.7006,0.3646,0.2458,0.4302,0.5695,0.0574,0.0369,0.0410,0.0369,0.4510,0.6480,,0.1970,,53.44,4.44,152.6,156.5,0.865,0.146,1.437
1791426320.9398632,0.6350,0.7006,0.8030,0.4302,0.7538,0.6350,0.6350,0.7006,0.5695,0.2991,0.0942,0.5695,0.5695,0.0369,0.0164,0.0123,0.0369,0.4510,0.6430,0.6730,0.1920,0.0300,53.27,4.46,153.4,156.5,0.942,0.146,
1791426320.9738026,0.6350,0.7006,0.7006,0.8030,0.7006,0.7538,0.7006,0.6350,0.5695,0.2458,0.2991,0.4302,0.4998,0.0942,0.0410,0.0246,0.0246,0.4510,0.6435,,0.1925,,52.91,4.50,153.5,156.9,0.940,0.147,
1791426321.0076234,0.5695,0.7006,0.7006,0.4302,0.7006,0.8030,0.8767,0.7006,0.4998,0.2991,0.4302,0.6350,0.5695,0.0369,0.0246,0.0164,0.0369,0.4510,0.6460,0.6700,0.1950,0.0240,53.04,4.36,153.6,156.5,0.902,0.147,1.588
1791426321.0403352,0.7538,0.6350,0.7538,0.5695,0.6350,0.7006,0.6350,0.7006,0.5695,0.0942,0.4302,0.5695,0.4998,0.0410,0.0410,0.0369,0.0369,0.4510,0.6455,,0.1945,,53.40,4.39,152.8,156.1,0.880,0.145,1.537
1791426321.0819647,0.6350,0.8030,0.7006,0.6350,0.7006,0.4302,0.7538,0.6350,0.6350,0.0942,0.0942,0.5695,0.5695,0.0574,0.0205,0.0369,0.0246,0.4510,0.6490,0.6730,0.1980,0.0240,53.43,4.32,151.6,154.6,0.849,0.145,
1791426321.1128,0.7538,0.8767,0.8440,0.7006,0.6350,0.4998,0.7538,0.8440,0.7006,0.1229,0.3646,0.5695,0.5695,0.0410,0.0246,0.0369,0.0123,0.4510,0.6445,0.6780,0.1935,0.0335,53.32,4.53,151.0,154.8,0.891,0.145,1.643
1791426321.1440978,0.7538,0.8030,0.6350,0.6350,0.5695,0.6350,0.7006,0.7006,0.6350,0.3646,0.1557,0.5695,0.4998,0.0737,0.0246,0.0164,0.0164,0.4500,0.6435,,0.1935,,53.42,4.58,150.7,155.1,0.915,0.145,1.499
1791426321.1744385,0.4302,0.8030,0.7006,0.6350,0.4998,0.5695,0.5695,0.5695,0.7538,0.0942,0.2991,0.5695,0.5695,0.0574,0.0123,0.0246,0.0410,0.4500,0.6480,0.6750,0.1980,0.0270,52.95,4.51,151.4,155.0,0.909,0.147,
1791426321.20653,0.5695,0.8030,0.9054,0.5695,0.6350,0.5695,0.5695,0.5695,0.4302,0.2991,0.2991,0.6350,0.5695,0.0410,0.0410,0.0369,0.0246,0.4500,0.6455,0.6770,0.1955,0.0315,52.66,4.61,151.9,155.0,0.900,0.149,
1791426321.2404277,0.6350,0.7538,0.7006,0.7006,0.6350,0.7006,0.8030,0.7006,0.7006,0.0737,0.2991,0.5695,0.5695,0.0369,0.0205,0.0164,0.0246,0.4510,0.6465,0.6720,0.1955,0.0255,52.85,4.51,150.8,155.0,0.889,0.148,
1791426321.2737124,0.8030,0.6350,0.8030,0.6350,0.7006,0.6350,0.7538,0.7538,0.5695,0.2458,0.4998,0.5695,0.5695,0.0369,0.0410,0.0164,0.0369,0.4510,0.6445,0.6750,0.1935,0.0305,52.86,4.57,151.1,157.0,0.903,0.148,1.570
1791426321.3072486,0.6350,0.4998,0.8030,0.4998,0.6350,0.5695,0.7006,0.6350,0.4998,0.1229,0.1966,0.4998,0.5695,0.0574,0.0205,0.0369,0.0369,0.4500,0.6435,,0.1935,,53.45,4.64,150.8,157.4,0.901,0.144,
1791426321.3411398,0.4998,0.7006,0.8440,0.4998,0.7006,0.5695,0.7006,0.7538,0.6350,0.1229,0.4302,0.5695,0.5695,0.0410,0.0410,0.0164,0.0369,0.4510,0.6430,0.6740,0.1920,0.0310,53.34,4.67,150.9,158.7,0.929,0.145,1.624
1791426321.3805256,0.4998,0.4302,0.8440,0.5695,0.5695,0.7538,0.5695,0.5695,0.4998,0.0737,0.3646,0.4998,0.6350,0.0574,0.0246,0.0205,0.0205,0.4510,0.6460,,0.1950,,52.91,4.65,151.5,159.8,0.882,0.147,1.607
1791426321.4115784,0.7538,0.4302,0.6350,0.6350,0.6350,0.5695,0.6350,0.6350,0.5695,0.0942,0.1966,0.5695,0.6350,0.0574,0.0574,0.0164,0.0164,0.4510,0.6450,0.6770,0.1940,0.0320,53.35,4.79,150.1,159.1,0.853,0.145,
1791426321.4437714,0.7538,0.6350,0.7006,0.5695,0.7538,0.4998,0.6350,0.7006,0.6350,0.0574,0.4302,0.6350,0.7006,0.0369,0.0246,0.0164,0.0205,0.4510,0.6470,0.6720,0.1960,0.0250,53.11,4.61,149.7,157.8,0.916,0.146,1.662
1791426321.4749153,0.4998,0.7006,0.8030,0.4998,0.7006,0.6350,0.7006,0.7006,0.7006,0.2458,0.1229,0.5695,0.5695,0.0574,0.0410,0.0205,0.0369,0.4510,0.6495,0.6770,0.1985,0.0275,53.59,4.64,150.1,157.6,0.826,0.144,
1791426321.5063226,0.7006,0.7006,0.6350,0.6350,0.7006,0.7006,0.7538,0.7538,0.5695,0.2458,0.2458,0.5695,0.4998,0.0574,0.0205,0.0369,0.0369,0.4500,0.6505,,0.2005,,54.28,4.58,150.0,156.9,0.801,0.141,
1791426321.5401657,0.8030,0.5695,0.7538,0.7006,0.7538,0.8030,0.6350,0.7006,0.5695,0.0574,0.1557,0.6350,0.5695,0.0246,0.0246,0.0123,0.0164,0.4510,0.6490,0.6750,0.1980,0.0260,54.52,4.56,150.5,156.9,0.830,0.140,
1791426321.5737326,0.7006,0.7006,0.7006,0.5695,0.4998,0.7538,0.7006,0.5695,0.7538,0.0737,0.1557,0.4998,0.5695,0.0410,0.0123,0.0369,0.0123,0.4510,0.6435,,0.1925,,54.15,4.62,151.1,157.6,0.929,0.142,
1791426321.6081097,0.7006,0.7538,0.7006,0.5695,0.7006,0.6350,0.8030,0.7538,0.6350,0.0942,0.0942,0.7006,0.5695,0.0737,0.0737,0.0164,0.0246,0.4500,0.6445,0.6750,0.1945,0.0305,53.79,4.66,151.8,157.3,0.903,0.143,
1791426321.6406438,0.7538,0.8030,0.7006,0.6350,0.7006,0.6350,0.7538,0.4998,0.7538,0.2458,0.1966,0.5695,0.5695,0.0574,0.0164,0.0574,0.0164,0.4510,0.6455,0.6730,0.1945,0.0275,53.92,4.62,152.0,157.3,0.885,0.142,
1791426321.6809483,0.4998,0.5695,0.8767,0.6350,0.6350,0.7006,0.7006,0.7006,0.7538,0.1557,0.3646,0.5695,0.6350,0.0410,0.0123,0.0574,0.0410,0.4500,0.6440,0.6690,0.1940,0.0250,53.87,4.47,,157.3,0.915,0.142,1.628
1791426321.712854,0.7006,0.7006,0.8030,0.5695,0.7538,0.6350,0.7538,0.7006,0.4998,0.1229,0.1966,0.5695,0.5695,0.0369,0.0410,0.0246,0.0369,0.4510,0.6500,0.6760,0.1990,0.0260,54.46,4.49,,156.2,0.808,0.140,
1791426321.7430594,0.8030,0.7006,0.5695,0.6350,0.7538,0.4998,0.7006,0.5695,0.7006,0.1966,0.0574,0.4302,0.5695,0.0369,0.0410,0.0369,0.0369,0.4550,0.6450,,0.1900,,53.98,4.54,,156.1,0.878,0.142,
1791426321.7768264,0.7006,0.8440,0.7538,0.6350,0.5695,0.6350,0.4302,0.5695,0.6350,0.0574,0.0942,0.5695,0.6350,0.0942,0.0410,0.0164,0.0123,0.4510,0.6405,0.6740,0.1895,0.0335,53.77,4.61,,156.7,0.986,0.142,
1791426321.8075275,0.4998,0.8030,0.8030,0.5695,0.7006,0.7538,0.6350,0.7538,0.5695,0.0737,0.1229,0.5695,0.5695,0.0410,0.0205,0.0246,0.0369,0.4510,0.6460,0.6720,0.1950,0.0260,53.52,4.51,,156.7,0.898,0.143,
1791426321.841845,0.7538,0.6350,0.6350,0.6350,0.4998,0.7006,0.7538,0.7538,0.5695,0.1557,0.1966,0.5695,0.5695,0.0942,0.0369,0.0164,0.0246,0.4500,0.6440,0.6860,0.1940,0.0420,53.28,4.99,,157.0,0.861,0.145,
1791426321.8736374,0.6350,0.6350,0.7538,0.5695,0.7538,0.5695,0.6350,0.5695,0.4302,0.0737,0.2458,0.5695,0.5695,0.0737,0.0205,0.0246,0.0410,0.4510,0.6455,0.6750,0.1945,0.0295,53.12,4.94,,157.4,0.886,0.146,
1791426321.9077892,0.4998,0.4998,0.7538,0.4998,0.7006,0.8030,0.7006,0.7006,0.4302,0.2991,0.2991,0.5695,0.5695,0.0369,0.0410,0.0205,0.0410,0.4500,0.6435,0.6840,0.1935,0.0405,53.36,5.30,,157.6,0.852,0.144,
1791426321.940922,0.7538,0.8030,0.9259,0.7006,0.7006,0.7006,0.7006,0.6350,0.7538,0.2991,0.1229,0.4302,0.5695,0.0737,0.0574,0.0369,0.0369,0.4510,0.6460,,0.1950,,53.34,5.27,,157.4,0.873,0.145,
1791426321.9740043,0.6350,0.8030,0.8030,0.4998,0.5695,0.6350,0.5695,0.7006,0.5695,0.2991,0.4302,0.4998,0.6350,0.0737,0.0410,0.0369,0.0205,0.4510,0.6435,,0.1925,,53.22,5.28,,157.4,0.911,0.145,1.617
1791426322.0138135,0.5695,0.7538,0.7006,0.5695,0.6350,0.4302,0.7538,0.5695,0.4998,0.0737,0.2991,0.4302,0.5695,0.0369,0.0369,0.0369,0.0369,0.4510,0.6510,,0.2000,,52.80,5.13,,157.6,0.841,0.148,
1791426322.0452628,0.5695,0.8440,0.7538,0.4302,0.6350,0.7006,0.8030,0.6350,0.4998,0.1229,0.1557,0.5695,0.5695,0.1229,0.0205,0.0164,0.0205,0.4510,0.6490,0.6810,0.1980,0.0320,53.32,5.22,,157.5,0.818,0.146,
1791426322.0768757,0.8030,0.8030,0.7538,0.4998,0.6350,0.7006,0.6350,0.5695,0.7006,0.1966,0.2458,0.5695,0.5695,0.0574,0.0205,0.0369,0.0410,0.4510,0.6490,0.6780,0.1980,0.0290,53.80,5.20,,157.2,0.811,0.144,
1791426322.108625,0.7538,0.8030,0.8767,0.6350,0.7006,0.7006,0.5695,0.7006,0.7006,0.1966,0.0942,0.5695,0.6350,0.0369,0.0369,0.0369,0.0410,0.4510,0.6440,0.6740,0.1930,0.0300,53.09,5.06,,156.7,0.940,0.147,
1791426322.1404119,0.7006,0.7538,0.7538,0.5695,0.5695,0.7538,0.6350,0.6350,0.7006,0.0574,0.4302,0.5695,0.6350,0.0410,0.0574,0.0369,0.0246,0.4510,0.6440,0.6720,0.1930,0.0280,52.91,4.92,,155.8,0.915,0.147,1.663
1791426322.1745164,0.5695,0.9054,0.7006,0.4998,0.6350,0.7006,0.8030,0.5695,0.5695,0.1229,0.4302,0.4998,0.5695,0.0369,0.0410,0.0123,0.0574,0.4500,0.6450,,0.1950,,53.05,4.96,,156.4,0.865,0.147,1.574
1791426322.2084513,0.6350,0.8030,0.7538,0.7538,0.5695,0.6350,0.5695,0.6350,0.6350,0.1229,0.1229,0.4998,0.5695,0.0410,0.0410,0.0164,0.0123,0.4510,0.6465,,0.1955,,53.18,4.95,,155.5,0.873,0.146,
1791426322.2417228,0.5695,0.5695,0.5695,0.7006,0.5695,0.6350,0.5695,0.7006,0.4998,0.1557,0.3646,0.6350,0.6350,0.0574,0.0369,0.0205,0.0369,0.4510,0.6475,0.6750,0.1965,0.0275,53.19,4.88,,154.6,0.857,0.146,1.570
1791426322.2745209,0.7538,0.7006,0.9259,0.6350,0.4998,0.7006,0.7006,0.4998,0.4998,0.1557,0.2991,0.5695,0.6350,0.0574,0.0164,0.0123,0.0369,0.4510,0.6445,0.6760,0.1935,0.0315,52.98,4.89,,154.3,0.908,0.147,
1791426322.3155603,0.7006,0.8030,0.7538,0.6350,0.7538,0.7006,0.6350,0.6350,0.5695,0.0942,0.0942,0.5695,0.4998,0.0410,0.0942,0.0164,0.0246,0.4510,0.6450,,0.1940,,52.79,4.90,,153.8,0.899,0.148,
1791426322.3466134,0.6350,0.8440,0.7006,0.5695,0.5695,0.6350,0.7006,0.7006,0.6350,0.2991,0.2458,0.6350,0.4998,0.0410,0.0410,0.0246,0.0246,0.4510,0.6455,,0.1945,,52.65,4.88,,154.3,0.911,0.149,
1791426322.3773265,0.4998,0.7006,0.7006,0.7538,0.6350,0.6350,0.7006,0.6350,0.6350,0.0737,0.1229,0.4998,0.4998,0.0737,0.0205,0.0205,0.0369,0.4510,0.6445,,0.1935,,52.69,4.90,,154.0,0.903,0.148,
1791426322.4091537,0.7538,0.7538,0.7006,0.7006,0.6350,0.7538,0.8030,0.8030,0.5695,0.2458,0.2991,0.4998,0.4998,0.0737,0.0369,0.0574,0.0369,0.4510,0.6490,,0.1980,,52.93,4.83,,154.9,0.852,0.147,
1791426322.4418504,0.5695,0.8030,0.8030,0.7006,0.5695,0.7006,0.7006,0.6350,0.7006,0.2991,0.1966,0.5695,0.5695,0.0574,0.0410,0.0369,0.0246,0.4510,0.6455,0.6790,0.1945,0.0335,52.98,4.97,,154.8,0.865,0.147,
1791426322.4750102,0.6350,0.8440,0.8030,0.6350,0.7006,0.5695,0.7538,0.6350,0.4998,0.2991,0.4302,0.5695,0.5695,0.0737,0.0205,0.0205,0.0246,0.4510,0.6460,0.6730,0.1950,0.0270,53.21,4.84,,153.5,0.890,0.146,1.624
1791426322.508783,0.8440,0.7538,0.7006,0.5695,0.5695,0.4998,0.7538,0.5695,0.4998,0.1557,0.4302,0.5695,0.6350,0.0369,0.1229,0.0369,0.0164,0.4510,0.6495,0.6750,0.1985,0.0255,53.73,4.76,,153.1,0.826,0.144,1.508
1791426322.5424345,0.4998,0.7006,0.7538,0.7538,0.6350,0.6350,0.7538,0.5695,0.3646,0.1229,0.2458,0.5695,0.5695,0.0737,0.0205,0.0164,0.0123,0.4510,0.6470,0.6720,0.1960,0.0250,53.67,4.62,,153.9,0.881,0.144,
1791426322.5838926,0.4302,0.5695,0.7538,0.5695,0.7006,0.5695,0.4302,0.6350,0.5695,0.2458,0.3646,0.4998,0.5695,0.0410,0.0574,0.0574,0.0246,0.4510,0.6445,,0.1935,,53.57,4.67,,154.6,0.891,0.144,1.604
1791426322.6140993,0.7006,0.5695,0.8030,0.7006,0.6350,0.4998,0.7538,0.4998,0.6350,0.0574,0.3646,0.5695,0.6350,0.0410,0.0123,0.0164,0.0246,0.4510,0.6465,0.6740,0.1955,0.0275,53.58,4.63,,155.5,0.877,0.144,1.569
1791426322.6458392,0.4998,0.7538,0.8030,0.5695,0.6350,0.7538,0.6350,0.7538,0.4998,0.0737,0.0942,0.4998,0.4998,0.0410,0.0369,0.0123,0.0410,0.4510,0.6460,,0.1950,,53.44,4.65,,155.1,0.870,0.145,
1791426322.677312,0.8030,0.7006,0.6350,0.7538,0.6350,0.7006,0.7006,0.7006,0.7006,0.0737,0.1557,0.4302,0.5695,0.0410,0.0410,0.0410,0.0123,0.4510,0.6480,,0.1970,,53.40,4.66,,155.2,0.817,0.145,
1791426322.7083867,0.4302,0.4998,0.7006,0.4302,0.7006,0.5695,0.7006,0.4302,0.7006,0.1966,0.2991,0.6350,0.5695,0.0246,0.0246,0.0164,0.0246,0.4510,0.6450,0.6750,0.1940,0.0300,53.10,4.66,,155.4,0.917,0.147,
1791426322.7424207,0.8440,0.7538,0.7538,0.5695,0.4302,0.7006,0.4998,0.6350,0.5695,0.0942,0.0737,0.5695,0.6350,0.0410,0.0737,0.0574,0.0246,0.4510,0.6470,0.6770,0.1960,0.0300,53.61,4.75,,154.8,0.841,0.144,
1791426322.775195,0.7538,0.4998,0.8030,0.6350,0.5695,0.7538,0.7006,0.7538,0.7538,0.1966,0.2458,0.4302,0.4998,0.0737,0.0246,0.0164,0.0164,0.4510,0.6450,,0.1940,,53.76,4.78,,155.5,0.881,0.143,
1791426322.8094265,0.8030,0.8030,0.7006,0.6350,0.7006,0.7538,0.7006,0.5695,0.7006,0.0246,0.2991,0.5695,0.5695,0.0369,0.0410,0.0369,0.0246,0.4510,0.6480,0.6790,0.1970,0.0310,53.73,4.88,,155.9,0.837,0.143,
1791426322.8425078,0.8030,0.4998,0.8440,0.4998,0.8030,0.7006,0.6350,0.7538,0.4998,0.2458,0.1229,0.4302,0.4998,0.0574,0.0246,0.0164,0.0123,0.4510,0.6430,,0.1920,,53.77,4.97,,156.0,0.886,0.143,
1791426322.8842573,0.5695,0.5695,0.7538,0.6350,0.6350,0.7006,0.7006,0.7538,0.4302,0.2458,0.3646,0.4302,0.3646,0.0246,0.0164,0.0205,0.0123,0.4510,0.6440,,0.1930,,53.93,5.02,,156.1,0.877,0.142,1.542
1791426322.9156804,0.8030,0.7538,0.7006,0.4302,0.6350,0.5695,0.7006,0.6350,0.8440,0.0942,0.0574,0.2991,0.6350,0.0369,0.0574,0.0123,0.0369,0.4510,0.6440,,0.1930,,53.55,5.01,,155.5,,0.143,
1791426322.947774,0.4302,0.4998,0.8030,0.5695,0.6350,0.7538,0.8030,0.6350,0.6350,0.0574,0.2991,0.5695,0.5695,0.0574,0.0574,0.0410,0.0410,0.4510,0.6445,0.6730,0.1935,0.0285,53.17,4.91,,155.8,0.903,0.145,
1791426322.9783754,0.7006,0.8030,0.7006,0.7006,0.8030,0.7538,0.7538,0.7538,0.5695,0.0574,0.1229,0.5695,0.5695,0.0410,0.0737,0.0246,0.0205,0.4510,0.6430,0.6810,0.1920,0.0380,53.68,5.20,,155.8,0.844,0.142,
1791426323.0100586,0.5695,0.8440,0.6350,0.5695,0.7006,0.7538,0.7006,0.8030,0.6350,0.1557,0.2991,0.6350,0.6350,0.0369,0.0123,0.0205,0.0574,0.4530,0.6445,0.6750,0.1915,0.0305,53.45,5.17,,155.6,0.865,0.143,
1791426323.042714,0.5695,0.7538,0.4998,0.5695,0.5695,0.6350,0.5695,0.7006,0.5695,0.0574,0.4302,0.5695,0.6350,0.0410,0.0246,0.0369,0.0410,0.4510,0.6425,0.6790,0.1915,0.0365,53.20,5.29,,157.5,0.908,0.144,1.591
1791426323.0757322,0.6350,0.8440,0.7538,0.5695,0.4998,0.7006,0.7538,0.5695,0.6350,0.0369,0.4998,0.4302,0.6350,0.0737,0.0737,0.0123,0.0369,0.4510,0.6465,,0.1955,,53.16,5.26,,157.3,0.841,0.145,1.520
1791426323.109529,0.4998,0.7006,0.7538,0.7006,0.4998,0.4998,0.6350,0.4302,0.7538,0.1229,0.4302,0.5695,0.5695,0.0246,0.0164,0.0246,0.0369,0.4530,0.6425,0.6730,0.1895,0.0305,52.73,5.14,,157.6,0.928,0.147,1.621
1791426323.1432264,0.5695,0.5695,0.8030,0.4302,0.5695,0.6350,0.7006,0.7006,0.6350,0.1229,0.1557,0.5695,0.5695,0.0410,0.0164,0.0574,0.0369,0.4520,0.6450,0.6780,0.1930,0.0330,52.42,5.20,,157.8,0.865,0.148,
1791426323.1817589,0.7006,0.7006,0.8030,0.5695,0.4302,0.7538,0.7538,0.7006,0.5695,0.0737,0.3646,0.4998,0.5695,0.0574,0.0574,0.0123,0.0205,0.4510,0.6425,,0.1915,,52.49,5.26,,154.2,0.885,0.148,1.631
1791426323.2137504,0.4998,0.7538,0.7538,0.6350,0.5695,0.7538,0.8030,0.5695,0.5695,0.1557,0.3646,0.5695,0.5695,0.0246,0.0123,0.0123,0.0369,0.4530,0.6445,0.6730,0.1915,0.0285,52.77,5.15,,154.8,0.865,0.146,1.516
1791426323.244068,0.6350,0.4998,0.7006,0.6350,0.5695,0.8440,0.7538,0.7538,0.7538,0.0574,0.1966,0.5695,0.5695,0.0410,0.0737,0.0369,0.0410,0.4520,0.6435,0.6770,0.1915,0.0335,52.71,5.20,,154.6,0.885,0.146,
1791426323.2764423,0.7006,0.6350,0.8030,0.8030,0.4998,0.5695,0.8030,0.8030,0.7006,0.0737,0.0942,0.6350,0.7006,0.0410,0.1229,0.0410,0.0369,0.4510,0.6425,0.6730,0.1915,0.0305,52.66,5.13,,154.6,0.901,0.146,
1791426323.3096578,0.7006,0.4998,0.5695,0.4998,0.6350,0.4998,0.7006,0.7006,0.5695,0.0737,0.0737,0.6350,0.5695,0.0410,0.0369,0.0123,0.0205,0.4520,0.6425,0.6790,0.1905,0.0365,52.59,5.29,,154.7,0.877,0.147,
1791426323.3436925,0.4998,0.7006,0.7538,0.4998,0.4998,0.4998,0.7538,0.4998,0.7006,0.0942,0.1966,0.5695,0.5695,0.0737,0.0123,0.0410,0.0410,0.4520,0.6420,0.6760,0.1900,0.0340,52.34,5.27,,155.0,0.933,0.148,
1791426323.375982,0.6350,0.9054,0.7538,0.5695,0.4998,0.7006,0.7538,0.7538,0.4302,0.1966,0.0942,0.5695,0.5695,0.0410,0.0246,0.0205,0.0205,0.4510,0.6440,0.6720,0.1930,0.0280,52.41,5.10,,154.9,0.906,0.148,
1791426323.409866,0.6350,0.8030,0.9259,0.7538,0.7006,0.8030,0.7006,0.6350,0.8767,0.2458,0.2458,0.4998,0.6350,0.0164,0.0246,0.0205,0.0205,0.4530,0.6450,,0.1920,,52.66,5.10,,154.9,0.849,0.146,
1791426323.448903,0.6350,0.7538,0.7006,0.4302,0.4998,0.8440,0.7006,0.7538,0.6350,0.2991,0.0574,0.3646,0.6350,0.0410,0.0164,0.0205,0.0410,0.4520,0.6445,,0.1925,,52.63,5.09,,155.1,0.872,0.147,
1791426323.4808297,0.4302,0.4998,0.6350,0.6350,0.4998,0.8030,0.7538,0.7538,0.5695,0.3646,0.3646,0.4998,0.6350,0.0369,0.0205,0.0246,0.0369,0.4510,0.6440,,0.1930,,52.58,5.08,152.7,153.8,0.881,0.147,1.456
1791426323.512193,0.7538,0.4998,0.6350,0.4998,0.5695,0.4302,0.8440,0.8030,0.7006,0.1229,0.2458,0.4302,0.4998,0.0737,0.0246,0.0164,0.0246,0.4520,0.6450,,0.1930,,52.87,5.10,152.7,154.4,0.837,0.146,
1791426323.5441382,0.5695,0.5695,0.6350,0.6350,0.6350,0.4998,0.7538,0.3646,0.7006,0.1229,0.4302,0.5695,0.5695,0.0369,0.0164,0.0737,0.0410,0.4590,0.6460,0.6750,0.1870,0.0290,52.22,4.98,153.6,154.6,0.912,0.148,1.633
1791426323.5767841,0.7006,0.8440,0.7006,0.6350,0.4998,0.6350,0.7538,0.5695,0.7006,0.0410,0.2991,0.4998,0.5695,0.0737,0.0369,0.0205,0.0246,0.4520,0.6440,,0.1920,,52.33,4.96,152.7,154.7,0.919,0.148,
1791426323.6094146,0.4998,0.7538,0.8767,0.7538,0.7006,0.8030,0.8440,0.6350,0.8030,0.0369,0.2991,0.5695,0.5695,0.0410,0.0369,0.0123,0.0369,0.4530,0.6435,0.6720,0.1905,0.0285,52.16,4.85,151.5,154.9,0.920,0.149,
1791426323.642807,0.6350,0.8440,0.6350,0.7006,0.6350,0.7006,0.6350,0.4998,0.6350,0.1229,0.5695,0.4302,0.5695,0.0410,0.0410,0.0123,0.0246,0.4540,0.6445,,0.1905,,52.46,4.86,151.6,152.8,0.880,0.147,1.553
1791426323.6766894,0.4302,0.6350,0.7538,0.4998,0.6350,0.7538,0.7538,0.7006,0.4302,0.2991,0.4998,0.6350,0.5695,0.0205,0.0164,0.0123,0.0123,0.4520,0.6430,0.6710,0.1910,0.0280,52.69,4.76,151.6,151.3,0.914,0.146,1.635
1791426323.7104185,0.7006,0.8767,0.8030,0.5695,0.6350,0.7538,0.6350,0.5695,0.7538,0.1229,0.1557,0.5695,0.6350,0.0574,0.0574,0.0369,0.0369,0.4510,0.6480,0.6740,0.1970,0.0260,52.70,4.67,151.1,150.6,0.861,0.146,
1791426323.750331,0.4998,0.4302,0.7538,0.6350,0.4998,0.5695,0.7006,0.6350,0.4302,0.1557,0.0574,0.5695,0.5695,0.0410,0.0246,0.0246,0.0082,0.4570,0.6445,0.6740,0.1875,0.0295,52.56,4.70,151.4,149.3,0.880,0.146,
1791426323.7819016,0.5695,0.8440,0.8030,0.4998,0.5695,0.3646,0.7006,0.3646,0.4998,0.0410,0.1229,0.4998,0.4998,0.0574,0.0123,0.0246,0.0369,0.4510,0.6435,,0.1925,,52.80,4.73,151.7,148.9,0.894,0.145,
1791426323.8131182,0.5695,0.8030,0.7538,0.4998,0.6350,0.6350,0.7538,0.7538,0.7538,0.1557,0.2458,0.4302,0.5695,0.0737,0.0246,0.0369,0.0410,0.4510,0.6445,,0.1935,,52.48,4.76,151.4,149.1,0.857,0.147,
1791426323.8452387,0.4998,0.8767,0.8030,0.4998,0.5695,0.4998,0.7538,0.4998,0.4998,0.0737,0.1229,0.5695,0.6350,0.0410,0.0369,0.0369,0.0123,0.4510,0.6440,0.6770,0.1930,0.0330,52.46,4.87,151.5,148.4,0.893,0.148,
1791426323.8770232,0.5695,0.8767,0.4998,0.5695,0.6350,0.2991,0.8030,0.4998,0.3646,0.1557,0.0942,0.5695,0.5695,0.0574,0.0574,0.0369,0.0369,0.4520,,0.6750,,,52.46,4.87,151.5,148.4,,,
1791426323.9110491,0.6350,0.6350,0.8030,0.8030,0.4998,0.4998,0.4998,0.6350,0.7006,0.0574,0.0574,0.4998,0.5695,0.0737,0.0369,0.0369,0.0123,0.4530,0.6460,,0.1930,,52.14,4.82,151.6,148.2,0.877,0.149,
1791426323.9438565,0.5695,0.8767,0.7538,0.5695,0.6350,0.6350,0.7006,0.5695,0.6350,0.0574,0.0574,0.5695,0.5695,0.0737,0.0410,0.0246,0.0369,0.4520,0.6415,0.6770,0.1895,0.0355,52.51,4.97,151.5,148.2,0.917,0.147,
1791426323.977562,0.5695,0.7538,0.8030,0.6350,0.6350,0.8030,0.8030,0.7006,0.4998,0.1557,0.1229,0.6350,0.5695,0.0369,0.0205,0.0574,0.0410,0.4530,0.6425,0.6820,0.1895,0.0395,52.82,5.26,150.9,148.5,0.873,0.145,
1791426324.0109339,0.4998,0.7006,0.7006,0.4302,0.6350,0.7538,0.8030,0.7538,0.6350,0.2458,0.4302,0.5695,0.5695,0.0410,0.0246,0.0164,0.0246,0.4520,0.6470,0.6760,0.1950,0.0290,53.34,5.21,,147.5,0.830,0.143,1.468
1791426324.0445526,0.6350,0.8767,0.5695,0.6350,0.7006,0.7006,0.8440,0.6350,0.7538,0.0369,0.3646,0.4998,0.5695,0.0369,0.0246,0.0164,0.0164,0.4510,0.6430,,0.1920,,53.50,5.26,,149.7,0.869,0.142,1.546
1791426324.0845373,0.6350,0.8440,0.7006,0.5695,0.6350,0.8030,0.7006,0.8030,0.7006,0.0737,0.1557,0.6350,0.5695,0.0164,0.0737,0.0246,0.0205,0.4510,0.6440,0.6720,0.1930,0.0280,53.99,5.12,,149.8,0.876,0.140,
1791426324.1151974,0.7538,0.9054,0.7006,0.7006,0.5695,0.7006,0.8030,0.7006,0.4302,0.0942,0.2458,0.4998,0.4998,0.0737,0.0410,0.0205,0.0410,0.4510,0.6485,,0.1975,,53.68,5.00,,150.0,0.861,0.142,
1791426324.1468153,0.5695,0.4998,0.6350,0.6350,0.7006,0.7538,0.7538,0.7006,0.1966,0.1557,0.0574,0.5695,0.5695,0.0410,0.0369,0.0246,0.0369,0.4510,0.6440,0.6720,0.1930,0.0280,53.43,4.89,,150.4,0.897,0.143,
1791426324.1781886,0.5695,0.7538,0.7006,0.6350,0.7006,0.8030,0.8030,0.7538,0.6350,0.0942,0.3646,0.6350,0.4998,0.0737,0.0410,0.0369,0.0574,0.4520,0.6475,,0.1955,,53.23,4.79,,152.3,0.885,0.145,1.545
1791426324.210623,0.5695,0.6350,0.8767,0.5695,0.5695,0.4998,0.7538,0.6350,0.4998,0.0737,0.0737,0.4998,0.5695,0.0574,0.0410,0.0205,0.0369,0.4510,0.6425,,0.1915,,53.23,4.83,,152.1,0.924,0.144,
1791426324.2437139,0.6350,0.7006,0.6350,0.5695,0.7538,0.7538,0.7006,0.5695,0.4302,0.1229,0.0574,0.3646,0.5695,0.0205,0.0369,0.0246,0.0410,0.4510,0.6425,,0.1915,,53.10,4.87,,152.2,0.919,0.145,
1791426324.2774954,0.5695,0.6350,0.6350,0.5695,0.4998,0.7006,0.7006,0.5695,0.5695,0.2458,0.0942,0.2991,0.4302,0.0246,0.0205,0.0246,0.0246,0.4510,0.6425,,0.1915,,53.42,4.95,,152.5,,0.143,
1791426324.3112955,0.4302,0.7538,0.7006,0.7006,0.4998,0.6350,0.7006,0.7006,0.4998,0.0410,0.3646,0.5695,0.6350,0.0369,0.0164,0.0369,0.0369,0.4510,0.6455,0.6760,0.1945,0.0305,53.15,4.96,,153.0,0.869,0.145,1.590
1791426324.351309,0.5695,0.7538,0.7538,0.7538,0.5695,0.5695,0.7006,0.5695,0.5695,0.2458,0.0942,0.4998,0.6350,0.0246,0.0574,0.0246,0.0737,0.4510,0.6450,,0.1940,,53.33,4.94,,152.1,0.881,0.144,
1791426324.3825896,0.6350,0.8440,0.7006,0.4998,0.5695,0.8030,0.7006,0.6350,0.4302,0.0574,0.0942,0.5695,0.5695,0.0574,0.0942,0.0369,0.0246,0.4520,0.6430,0.6750,0.1910,0.0320,52.78,4.92,,152.1,0.944,0.146,
1791426324.4127579,0.7006,0.7006,0.8030,0.7006,0.6350,0.4998,0.8030,0.4998,0.4998,0.3646,0.2458,0.4998,0.5695,0.0410,0.0737,0.0574,0.0574,0.4510,0.6440,,0.1930,,52.52,4.91,153.3,152.2,0.912,0.148,1.529
1791426324.4443266,0.7538,0.7538,0.6350,0.6350,0.5695,0.8030,0.8030,0.7538,0.7538,0.0410,0.4302,0.5695,0.4998,0.0410,0.0410,0.0246,0.0369,0.4510,0.6480,,0.1970,,53.02,4.85,153.1,154.0,0.841,0.146,1.491
1791426324.4781315,0.7006,0.7538,0.8440,0.8030,0.6350,0.6350,0.8767,0.4998,0.4302,0.0942,0.1966,0.5695,0.5695,0.0574,0.0942,0.0246,0.0410,0.4510,0.6480,0.6800,0.1970,0.0320,52.82,4.95,153.0,153.6,0.849,0.147,
1791426324.5114262,0.6350,0.7538,0.7006,0.6350,0.4998,0.5695,0.6350,0.6350,0.6350,0.1966,0.0942,0.5695,0.5695,0.0410,0.0123,0.0164,0.0369,0.4510,0.6445,0.6710,0.1935,0.0265,52.33,4.78,153.6,153.6,0.920,0.150,
1791426324.5441022,0.6350,0.7006,0.6350,0.5695,0.5695,0.7006,0.6350,0.5695,0.6350,0.2458,0.1229,0.6350,0.4998,0.0410,0.0410,0.0164,0.0123,0.4520,0.6465,,0.1945,,52.71,4.79,153.8,153.7,0.841,0.148,
1791426324.5771873,0.4998,0.8767,0.8440,0.6350,0.4998,0.7006,0.7006,0.5695,0.7538,0.1966,0.0942,0.4302,0.5695,0.0942,0.0574,0.0369,0.0369,0.4520,0.6445,,0.1925,,52.86,4.80,154.1,153.6,0.906,0.147,
1791426324.6105425,0.6350,0.7006,0.7006,0.5695,0.4998,0.6350,0.7538,0.7538,0.6350,0.1557,0.4998,0.5695,0.5695,0.0574,0.0164,0.0205,0.0246,0.4510,0.6435,0.6730,0.1925,0.0295,53.02,4.75,154.8,153.7,0.924,0.146,1.630
1791426324.6496546,0.6350,0.5695,0.7538,0.4998,0.6350,0.7006,0.8030,0.7006,0.4998,0.0942,0.0737,0.5695,0.5695,0.0205,0.0942,0.0369,0.0369,0.4520,0.6465,0.6770,0.1945,0.0305,53.46,4.83,154.0,153.3,0.837,0.144,
1791426324.6812806,0.6350,0.8030,0.7006,0.7538,0.5695,0.7006,0.8030,0.4302,0.5695,0.0410,0.1966,0.4998,0.5695,0.0737,0.0410,0.0123,0.0369,0.4520,0.6430,,0.1910,,53.25,4.92,153.7,153.6,0.869,0.144,
1791426324.7130756,0.6350,0.7538,0.5695,0.5695,0.4998,0.8030,0.7538,0.7538,0.5695,0.2458,0.2458,0.5695,0.6350,0.0574,0.0205,0.0369,0.0205,0.4510,0.6445,0.6740,0.1935,0.0295,53.21,4.89,153.9,153.4,0.889,0.145,
1791426324.7444568,0.6350,0.7006,0.8030,0.5695,0.7006,0.7006,0.7538,0.7006,0.4302,0.0574,0.1229,0.5695,0.5695,0.0737,0.0123,0.0205,0.0246,0.4510,0.6480,0.6800,0.1970,0.0320,53.13,5.00,153.6,153.4,0.833,0.146,
1791426324.7789433,0.4998,0.7006,0.7006,0.7006,0.6350,0.5695,0.7538,0.6350,0.7006,0.0410,0.3646,0.4998,0.5695,0.0574,0.0369,0.0164,0.0164,0.4510,0.6460,,0.1950,,53.13,5.02,153.6,153.2,0.841,0.146,1.558
1791426324.8110118,0.5695,0.5695,0.8440,0.5695,0.7538,0.6350,0.7006,0.6350,0.5695,0.1966,0.3646,0.5695,0.5695,0.0410,0.0205,0.0246,0.0246,0.4510,0.6435,0.6780,0.1925,0.0345,53.49,5.17,153.6,152.4,0.849,0.143,1.570
1791426324.8449433,0.5695,0.9259,0.9054,0.7006,0.7006,0.6350,0.7006,0.4998,0.6350,0.0574,0.3646,0.5695,0.5695,0.0246,0.0246,0.0410,0.0369,0.4510,0.6440,0.6750,0.1930,0.0310,53.44,5.12,153.1,151.9,0.898,0.144,1.669
1791426324.8784406,0.7006,0.7006,0.7538,0.6350,0.6350,0.5695,0.8030,0.7006,0.4302,0.0574,0.4302,0.4998,0.5695,0.0574,0.0410,0.0246,0.0246,0.4520,0.6470,,0.1950,,53.01,5.01,148.8,150.2,0.902,0.146,1.687
1791426324.9176688,0.4998,0.7006,0.7538,0.6350,0.4302,0.2458,0.8030,0.4998,0.4998,0.1966,0.2458,0.5695,0.4998,0.0574,0.0164,0.0164,0.0205,0.4520,,,,,53.01,5.01,148.8,150.2,,,
1791426324.9489994,0.4998,0.8767,0.7538,0.5695,0.6350,0.7006,0.8030,0.4302,0.7538,0.0574,0.2991,0.4998,0.5695,0.0369,0.0205,0.0574,0.0369,0.4510,0.6415,,0.1905,,53.01,5.08,,150.8,0.924,0.146,
1791426324.9817386,0.4998,0.7006,0.8030,0.6350,0.5695,0.7538,0.4998,0.6350,0.4998,0.0410,0.3646,0.4302,0.5695,0.0574,0.0574,0.0123,0.0082,0.4510,0.6450,,0.1940,,53.22,5.07,,151.9,0.885,0.145,1.566
1791426325.0128162,0.8030,0.9423,0.7006,0.6350,0.6350,0.7006,0.7538,0.7006,0.3646,0.4302,0.4998,0.6350,0.5695,0.0205,0.0123,0.0164,0.0205,0.4520,0.6500,0.6770,0.1980,0.0270,53.01,4.96,147.6,151.9,0.857,0.146,1.500
1791426325.046041,0.6350,0.8767,0.7538,0.5695,0.7006,0.7538,0.7538,0.4998,0.6350,0.1557,0.2991,0.5695,0.5695,0.0942,0.0123,0.0369,0.0410,0.4510,0.6500,0.6730,0.1990,0.0230,53.60,4.78,147.9,152.0,0.823,0.144,
1791426325.0787919,0.4998,0.4998,0.6350,0.6350,0.5695,0.6350,0.7006,0.6350,0.6350,0.2458,0.3646,0.4302,0.5695,0.0410,0.0246,0.0369,0.0369,0.4510,0.6440,,0.1930,,53.64,4.85,149.5,151.5,0.878,0.143,1.688
1791426325.1125486,0.5695,0.7006,0.7006,0.8030,0.6350,0.5695,0.7006,0.6350,0.8030,0.0574,0.3646,0.5695,0.5695,0.0737,0.0246,0.0246,0.0369,0.4510,0.6480,0.6730,0.1970,0.0250,53.78,4.72,149.4,151.1,0.853,0.143,1.565
1791426325.14582,0.8030,0.8440,0.8030,0.4998,0.7006,0.5695,0.5695,0.7538,0.6350,0.0410,0.1557,0.4998,0.5695,0.0574,0.0574,0.0369,0.0369,0.4510,0.6465,,0.1955,,53.87,4.71,149.5,151.2,0.873,0.143,
1791426325.1777885,0.9054,0.8030,0.8767,0.7006,0.6350,0.5695,0.8030,0.5695,0.4302,0.0942,0.0942,0.3646,0.6350,0.0574,0.0164,0.0369,0.0574,0.4510,0.6455,,0.1945,,54.19,4.78,149.9,151.2,0.833,0.141,
1791426325.217717,0.4302,0.7006,0.8030,0.7538,0.4998,0.8030,0.6350,0.6350,0.6350,0.1229,0.0942,0.5695,0.5695,0.0410,0.0410,0.0369,0.0369,0.4510,0.6435,0.6790,0.1925,0.0355,54.04,4.98,150.5,149.9,0.878,0.141,
1791426325.2493494,0.6350,0.4998,0.7006,0.5695,0.7006,0.6350,0.5695,0.6350,0.8030,0.1229,0.0942,0.5695,0.5695,0.0246,0.0574,0.0942,0.0574,0.4510,0.6425,0.6710,0.1915,0.0285,54.23,4.88,151.2,150.4,0.906,0.140,
1791426325.2806602,0.7006,0.5695,0.6350,0.6350,0.5695,0.6350,0.7006,0.7006,0.4998,0.0942,0.4302,0.4998,0.4302,0.0942,0.0246,0.0369,0.0410,0.4520,0.6475,,0.1955,,54.32,4.85,150.3,150.2,0.833,0.139,1.563
1791426325.3122015,0.5695,0.4998,0.8440,0.5695,0.6350,0.8030,0.7006,0.7006,0.3646,0.0737,0.2458,0.5695,0.6350,0.0574,0.0164,0.0246,0.0410,0.4510,0.6465,0.6740,0.1955,0.0275,54.21,4.79,150.5,150.3,0.859,0.140,
1791426325.345606,0.7538,0.6350,0.8767,0.7006,0.5695,0.7006,0.5695,0.4998,0.6350,0.2458,0.1966,0.7006,0.5695,0.0410,0.0369,0.0369,0.0410,0.4520,0.6420,0.6750,0.1900,0.0330,54.25,4.87,151.7,149.9,0.914,0.139,
1791426325.3797386,0.6350,0.5695,0.6350,0.4998,0.5695,0.7538,0.7538,0.7006,0.5695,0.0574,0.1229,0.4998,0.4998,0.0737,0.0205,0.0369,0.0205,0.4510,0.6455,,0.1945,,54.36,4.88,151.5,150.0,0.849,0.139,
1791426325.411559,0.6350,0.5695,0.6350,0.6350,0.6350,0.7538,0.7006,0.5695,0.7006,0.1229,0.4302,0.6350,0.5695,0.0574,0.0737,0.0205,0.0410,0.4510,0.6425,0.6740,0.1915,0.0315,54.47,4.89,152.0,151.3,0.910,0.138,1.582
1791426325.4453568,0.7006,0.7006,0.8767,0.7006,0.7006,0.6350,0.6350,0.5695,0.6350,0.0574,0.2458,0.5695,0.5695,0.0574,0.0164,0.0205,0.0246,0.4510,0.6445,0.6780,0.1935,0.0335,54.57,5.02,152.3,151.4,0.861,0.138,
1791426325.4843411,0.8030,0.7006,0.8030,0.7006,0.5695,0.7006,0.6350,0.5695,0.7006,0.1966,0.1966,0.5695,0.5695,0.0942,0.0205,0.0246,0.0410,0.4550,0.6435,0.6730,0.1885,0.0295,54.48,4.93,152.6,151.8,0.919,0.137,
1791426325.516105,0.6350,0.4998,0.7538,0.7006,0.6350,0.7006,0.6350,0.4998,0.6350,0.2458,0.0737,0.6350,0.5695,0.0410,0.0246,0.0123,0.0164,0.4510,0.6435,0.6780,0.1925,0.0345,54.19,5.05,152.4,151.4,0.895,0.139,
1791426325.5473373,0.6350,0.6350,0.7538,0.5695,0.7006,0.7538,0.7538,0.5695,0.5695,0.2991,0.4302,0.4998,0.6350,0.0369,0.0737,0.0246,0.0369,0.4520,0.6435,,0.1915,,53.85,5.04,,152.8,0.916,0.140,1.633
1791426325.5795853,0.6350,0.4302,0.7006,0.5695,0.7006,0.6350,0.7538,0.5695,0.7006,0.2991,0.4302,0.4998,0.4302,0.0574,0.0246,0.0123,0.0369,0.4520,0.6430,,0.1910,,53.82,5.06,,152.9,0.900,0.140,1.648
1791426325.6128573,0.5695,0.6350,0.6350,0.4998,0.7006,0.8030,0.6350,0.7006,0.8030,0.1966,0.2991,0.4998,0.5695,0.0410,0.0164,0.0369,0.0369,0.4520,0.6425,,0.1905,,54.21,5.08,,153.3,0.914,0.138,
1791426325.6455634,0.8440,0.4998,0.5695,0.5695,0.5695,0.4302,0.7006,0.7538,0.4998,0.0574,0.1229,0.5695,0.6350,0.0410,0.0574,0.0164,0.0574,0.4520,0.6440,0.6740,0.1920,0.0300,54.12,5.03,,153.2,0.885,0.139,
1791426325.679199,0.5695,0.8030,0.7006,0.5695,0.5695,0.5695,0.6350,0.5695,0.6350,0.0574,0.1966,0.4998,0.5695,0.0410,0.0164,0.0205,0.0369,0.4510,0.6430,,0.1920,,54.02,5.01,,153.1,0.932,0.139,
1791426325.7120433,0.7538,0.5695,0.8030,0.4998,0.8030,0.4302,0.7538,0.3646,0.4998,0.0737,0.1229,0.4998,0.6350,0.0410,0.0164,0.0410,0.0574,0.4520,0.6420,,0.1900,,54.33,4.99,,153.2,0.967,0.137,
1791426325.74582,0.7006,0.4302,0.8440,0.7006,0.5695,0.8030,0.7538,0.6350,0.6350,0.2458,0.5695,0.5695,0.6350,0.0410,0.0410,0.0246,0.0246,0.4510,0.6395,0.6770,0.1885,0.0375,54.19,5.12,,153.3,0.952,0.138,1.668
1791426325.7850897,0.6350,0.7006,0.7538,0.4302,0.6350,0.7006,0.7006,0.6350,0.2991,0.0574,0.1557,0.4998,0.4998,0.0737,0.0410,0.0164,0.0410,0.4530,0.6425,,0.1895,,54.34,5.18,,153.3,0.865,0.137,
1791426325.817071,0.4998,0.5695,0.7006,0.6350,0.6350,0.7538,0.8030,0.6350,0.4302,0.1966,0.2991,0.5695,0.6350,0.0205,0.0164,0.0369,0.0369,0.4510,0.6445,0.6780,0.1935,0.0335,54.55,5.27,,153.5,0.845,0.136,
1791426325.8484526,0.8440,0.7538,0.7538,0.7006,0.7538,0.5695,0.8440,0.7006,0.5695,0.0574,0.4302,0.4998,0.5695,0.0574,0.0737,0.0205,0.0574,0.4530,0.6435,,0.1905,,55.01,5.31,,155.1,0.849,0.134,1.436
1791426325.8807058,0.7006,0.5695,0.7538,0.6350,0.6350,0.8030,0.8030,0.7006,0.5695,0.0737,0.2458,0.4302,0.3646,0.0737,0.0205,0.0246,0.0205,0.4510,0.6420,,0.1910,,55.52,5.39,,155.1,0.849,0.131,
1791426325.9126523,0.7006,0.7006,0.7538,0.5695,0.7006,0.5695,0.7006,0.6350,0.4302,0.1966,0.4998,0.5695,0.5695,0.0737,0.0410,0.0737,0.0942,0.4510,0.6410,0.6820,0.1900,0.0410,54.65,5.57,,156.5,0.937,0.135,1.685
1791426325.945359,0.7006,0.4302,0.8440,0.5695,0.7006,0.5695,0.6350,0.8030,0.5695,0.0737,0.1966,0.5695,0.6350,0.0410,0.0410,0.0164,0.0123,0.4510,0.6425,0.6710,0.1915,0.0285,54.99,5.37,,156.4,0.888,0.134,
1791426325.9796867,0.7538,0.7006,0.7006,0.5695,0.5695,0.6350,0.5695,0.5695,0.7538,0.0737,0.2458,0.5695,0.5695,0.0574,0.0123,0.0164,0.0164,0.4510,0.6435,0.6800,0.1925,0.0365,55.43,5.54,,156.2,0.837,0.132,
1791426326.0127187,0.5695,0.6350,0.6350,0.6350,0.7006,0.6350,0.8440,0.4302,0.5695,0.1229,0.2458,0.5695,0.6350,0.0164,0.0246,0.0123,0.0246,0.4520,0.6435,0.6730,0.1915,0.0295,55.13,5.36,,156.5,0.902,0.133,
1791426326.0463018,0.4998,0.4302,0.4998,0.4998,0.4302,0.5695,0.5695,0.4998,0.5695,0.0942,0.1966,0.5695,0.6350,0.0574,0.0574,0.0574,0.0369,0.4510,0.6425,0.6750,0.1915,0.0325,55.03,5.34,,156.2,0.885,0.134,
1791426326.0796137,0.4998,0.7006,0.8767,0.4998,0.6350,0.6350,0.5695,0.6350,0.7006,0.0737,0.1966,0.5695,0.6350,0.0574,0.0410,0.0164,0.0369,0.4510,0.6395,0.6750,0.1885,0.0355,54.88,5.32,,155.9,0.965,0.134,
1791426326.1186342,0.4302,0.6350,0.8440,0.6350,0.5695,0.8030,0.6350,0.7538,0.7006,0.0574,0.1229,0.4998,0.6350,0.0737,0.0369,0.0410,0.0410,0.4520,0.6445,,0.1925,,54.69,5.29,,155.6,0.865,0.135,
1791426326.1499746,0.5695,0.7538,0.5695,0.4998,0.7006,0.4998,0.7006,0.8030,0.7538,0.0574,0.1229,0.4998,0.6350,0.0737,0.0410,0.0410,0.0410,0.4510,0.6430,,0.1920,,54.05,5.24,,155.6,0.925,0.139,
1791426326.18356,0.8030,0.7006,0.8030,0.5695,0.5695,0.5695,0.6350,0.5695,0.4302,0.0574,0.2991,0.5695,0.5695,0.0574,0.0574,0.0369,0.0410,0.4510,0.6435,0.6760,0.1925,0.0325,54.06,5.23,,155.1,0.889,0.139,
1791426326.2127109,0.4998,0.7006,0.8030,0.6350,0.6350,0.7538,0.7006,0.7538,0.4302,0.3646,0.4302,0.6350,0.5695,0.0164,0.0205,0.0205,0.0205,0.4510,0.6415,0.6800,0.1905,0.0385,54.04,5.39,152.8,155.5,0.912,0.139,1.537
1791426326.2460852,0.8440,0.7538,0.7006,0.7006,0.4998,0.7538,0.7006,0.6350,0.5695,0.0942,0.4302,0.4998,0.5695,0.0410,0.0410,0.0123,0.0205,0.4510,0.6440,,0.1930,,54.37,5.41,151.1,155.3,0.845,0.137,1.521
1791426326.2793913,0.6350,0.5695,0.7006,0.5695,0.7538,0.7006,0.7006,0.6350,0.4998,0.0369,0.4302,0.5695,0.6350,0.0574,0.0574,0.0369,0.0369,0.4520,0.6450,0.6730,0.1930,0.0280,54.30,5.26,150.6,155.9,0.865,0.138,1.498
1791426326.313857,0.6350,0.7538,0.6350,0.6350,0.7538,0.6350,0.6350,0.6350,0.5695,0.3646,0.1966,0.4998,0.5695,0.0737,0.0369,0.0205,0.0246,0.4520,0.6430,,0.1910,,54.69,5.27,151.1,156.4,0.880,0.136,1.456
1791426326.3461325,0.4998,0.4998,0.5695,0.6350,0.6350,0.4998,0.7006,0.6350,0.7538,0.0942,0.2458,0.4998,0.6350,0.0410,0.0205,0.0164,0.0369,0.4510,0.6460,,0.1950,,54.64,5.18,151.2,156.7,0.886,0.137,
1791426326.379946,0.7006,0.4998,0.7538,0.8440,0.7538,0.7538,0.7538,0.5695,0.7538,0.4998,0.1557,0.5695,0.6350,0.0205,0.0123,0.0123,0.0410,0.4520,0.6440,0.6730,0.1920,0.0290,54.94,5.11,150.9,156.8,0.861,0.135,1.419
1791426326.4185755,0.6350,0.7006,0.7538,0.6350,0.8030,0.6350,0.6350,0.6350,0.5695,0.1966,0.1557,0.6350,0.5695,0.0410,0.0410,0.0246,0.0574,0.4510,0.6425,0.6750,0.1915,0.0325,54.78,5.09,151.3,156.9,0.924,0.136,
1791426326.4497962,0.5695,0.5695,0.9259,0.7538,0.6350,0.7006,0.5695,0.4998,0.5695,0.1966,0.0942,0.5695,0.4998,0.0205,0.0246,0.0369,0.0205,0.4540,0.6495,,0.1955,,54.50,4.96,151.7,156.5,0.841,0.138,
1791426326.481014,0.7538,0.8030,0.8440,0.5695,0.7006,0.6350,0.4998,0.6350,0.5695,0.1229,0.4302,0.4998,0.5695,0.0164,0.0737,0.0123,0.0246,0.4510,0.6435,,0.1925,,54.39,4.96,151.7,157.3,0.908,0.138,1.626
1791426326.5144472,0.5695,0.4998,0.5695,0.7006,0.7006,0.6350,0.7538,0.5695,0.5695,0.1557,0.2458,0.4998,0.4302,0.0574,0.0942,0.0369,0.0369,0.4520,0.6460,,0.1940,,54.50,4.91,152.0,156.8,0.886,0.138,
1791426326.5470977,0.4998,0.4998,0.8030,0.6350,0.5695,0.5695,0.7006,0.8030,0.7538,0.0942,0.2991,0.5695,0.4998,0.0942,0.0246,0.0410,0.0410,0.4510,0.6415,,0.1905,,54.76,4.97,151.3,157.2,0.925,0.136,
1791426326.58087,0.5695,0.4998,0.7006,0.7006,0.5695,0.7006,0.7538,0.6350,0.5695,0.0574,0.4302,0.5695,0.6350,0.0574,0.0369,0.0369,0.0574,0.4520,0.6470,0.6790,0.1950,0.0320,55.06,5.08,149.9,154.1,0.826,0.135,1.505
1791426326.613664,0.8030,0.5695,0.7538,0.5695,0.6350,0.7538,0.6350,0.4998,0.4302,0.1557,0.4302,0.5695,0.6350,0.0369,0.0369,0.0246,0.0410,0.4520,0.6410,0.6750,0.1890,0.0340,54.85,5.09,151.4,155.1,0.948,0.135,1.638
1791426326.6465898,0.6350,0.5695,0.5695,0.5695,0.5695,0.7006,0.4998,0.5695,0.4998,0.0942,0.4302,0.5695,0.6350,0.0574,0.0410,0.0410,0.0574,0.4520,0.6465,0.6780,0.1945,0.0315,54.91,5.13,150.8,156.2,0.849,0.135,1.474
1791426326.6869884,0.8030,0.6350,0.6350,0.7006,0.7006,0.7538,0.6350,0.6350,0.7006,0.1966,0.2991,0.4998,0.5695,0.0574,0.0737,0.0410,0.0410,0.4520,0.6415,,0.1895,,55.33,5.24,151.4,156.2,0.873,0.133,
1791426326.7186542,0.7006,0.8030,0.7538,0.4998,0.5695,0.5695,0.6350,0.4998,0.5695,0.0737,0.1966,0.5695,0.5695,0.0737,0.0410,0.0205,0.0369,0.4520,0.6430,0.6740,0.1910,0.0310,54.67,5.11,152.0,156.0,0.955,0.136,
1791426326.750543,0.7006,0.4998,0.7006,0.4998,0.7006,0.3646,0.7538,0.4998,0.3646,0.0942,0.1966,0.5695,0.5695,0.0410,0.0410,0.0410,0.0410,0.4520,0.6445,0.6780,0.1925,0.0335,55.16,5.22,152.3,156.1,0.845,0.134,
1791426326.781629,0.7006,0.5695,0.6350,0.7538,0.5695,0.7538,0.7006,0.5695,0.5695,0.0574,0.2991,0.5695,0.5695,0.0369,0.0574,0.0369,0.0369,0.4510,0.6465,0.6770,0.1955,0.0305,55.31,5.20,151.8,156.0,0.853,0.133,
1791426326.8134286,0.8030,0.7538,0.6350,0.7538,0.4998,0.4998,0.7538,0.6350,0.4998,0.1557,0.1229,0.4998,0.5695,0.0205,0.0164,0.0205,0.0410,0.4510,0.6425,,0.1915,,55.44,5.24,151.5,155.6,0.889,0.133,
1791426326.84762,0.6350,0.5695,0.8440,0.5695,0.7006,0.7006,0.7006,0.7538,0.5695,0.2991,0.1557,0.4998,0.6350,0.0737,0.0737,0.0205,0.0369,0.4510,0.6425,,0.1915,,55.40,5.26,152.0,156.1,0.911,0.133,
1791426326.8803082,0.8440,0.7538,0.7538,0.4302,0.7006,0.7538,0.7006,0.6350,0.5695,0.0410,0.4302,0.3646,0.3646,0.0942,0.0410,0.0246,0.0246,0.4520,0.6440,,0.1920,,55.73,5.28,152.3,156.2,0.861,0.131,1.538
1791426326.9140484,0.6350,0.3646,0.7538,0.4998,0.6350,0.7006,0.6350,0.6350,0.5695,0.1557,0.2458,0.6350,0.5695,0.0205,0.0737,0.0246,0.0574,0.4520,0.6415,0.6790,0.1895,0.0375,55.47,5.39,,156.3,0.926,0.132,
1791426326.946653,0.4998,0.7538,0.8440,0.6350,0.6350,0.8030,0.8030,0.8030,0.4302,0.1557,0.1557,0.4302,0.4998,0.0410,0.0574,0.0205,0.0246,0.4510,0.6410,,0.1900,,55.33,5.36,,156.8,0.975,0.132,
1791426326.9875581,0.6350,0.6350,0.6350,0.5695,0.7006,0.6350,0.7006,0.5695,0.7006,0.2458,0.0942,0.4302,0.5695,0.0737,0.0574,0.0246,0.0369,0.4550,0.6460,,0.1910,,55.12,5.31,,156.7,0.865,0.133,
1791426327.0186276,0.7538,0.5695,0.7538,0.6350,0.5695,0.8030,0.7538,0.5695,0.7538,0.1229,0.1229,0.5695,0.6350,0.0410,0.0410,0.0369,0.0410,0.4510,0.6405,0.6780,0.1895,0.0375,54.67,5.36,,156.8,0.968,0.135,
1791426327.0511894,0.7538,0.4998,0.3646,0.6350,0.7006,0.6350,0.6350,0.7538,0.4998,0.0574,0.1557,0.4998,0.6350,0.0369,0.0737,0.0123,0.0246,0.4510,0.6450,,0.1940,,54.94,5.36,,156.4,0.853,0.134,
1791426327.0826578,0.7538,0.6350,0.6350,0.6350,0.8030,0.7538,0.6350,0.4998,0.4302,0.0369,0.4998,0.4302,0.5695,0.0410,0.0574,0.0123,0.0369,0.4560,0.6500,,0.1940,,55.23,5.22,,156.0,0.837,0.133,1.538
1791426327.1148684,0.8030,0.4998,0.7006,0.4998,0.7538,0.6350,0.5695,0.5695,0.7538,0.0574,0.4302,0.4998,0.5695,0.0410,0.0123,0.0123,0.0205,0.4520,0.6440,,0.1920,,55.59,5.24,,155.6,0.889,0.132,1.538
1791426327.147708,0.5695,0.7006,0.4998,0.4998,0.5695,0.6350,0.4302,0.4998,0.5695,0.1966,0.1966,0.5695,0.6350,0.0410,0.0369,0.0369,0.0410,0.4520,0.6440,0.6770,0.1920,0.0330,55.07,5.21,,155.7,0.931,0.134,
1791426327.180427,0.7538,0.4998,0.6350,0.5695,0.6350,0.7006,0.7538,0.6350,0.5695,0.1966,0.1229,0.4998,0.4998,0.0410,0.0574,0.0246,0.0369,0.4520,0.6435,,0.1915,,54.57,5.18,,155.5,0.948,0.137,
1791426327.2151134,0.6350,0.8030,0.6350,0.4998,0.6350,0.7538,0.7538,0.6350,0.6350,0.0942,0.1966,0.4998,0.5695,0.0574,0.0205,0.0369,0.0369,0.4510,0.6445,,0.1935,,54.62,5.20,,155.4,0.882,0.137,
1791426327.2480104,0.7538,0.5695,0.4998,0.6350,0.4998,0.6350,0.6350,0.7006,0.4998,0.0574,0.2991,0.5695,0.6350,0.0246,0.0205,0.0246,0.0574,0.4520,0.6435,0.6770,0.1915,0.0335,54.72,5.20,,155.5,0.916,0.136,
1791426327.2868137,0.8767,0.7538,0.7006,0.5695,0.7006,0.5695,0.5695,0.6350,0.5695,0.1966,0.4302,0.5695,0.4998,0.0737,0.0164,0.0574,0.0123,0.4510,0.6460,,0.1950,,54.43,5.13,,155.7,0.917,0.138,1.643
1791426327.3187277,0.8030,0.4302,0.5695,0.6350,0.5695,0.5695,0.7538,0.7538,0.4302,0.0410,0.2991,0.4998,0.5695,0.0942,0.0369,0.0205,0.0369,0.4510,0.6495,,0.1985,,54.95,5.04,,155.6,0.845,0.136,
1791426327.3504357,0.8440,0.7006,0.4998,0.5695,0.6350,0.7006,0.5695,0.7006,0.4302,0.1557,0.2458,0.5695,0.4998,0.0410,0.0737,0.0246,0.0369,0.4520,0.6450,,0.1930,,54.71,5.05,,156.0,0.903,0.137,
1791426327.382703,0.8030,0.6350,0.7006,0.5695,0.4998,0.4998,0.7538,0.7538,0.5695,0.2991,0.4302,0.4302,0.6350,0.0205,0.0369,0.0410,0.0369,0.4510,0.6470,,0.1960,,55.35,5.08,,155.6,0.826,0.134,1.488
1791426327.4146514,0.7006,0.4302,0.6350,0.6350,0.7006,0.8440,0.7006,0.7538,0.4302,0.1557,0.2991,0.5695,0.5695,0.0574,0.0123,0.0123,0.0369,0.4510,0.6455,0.6720,0.1945,0.0265,55.15,4.90,,154.8,0.898,0.135,
1791426327.4481645,0.5695,0.5695,0.6350,0.6350,0.6350,0.7006,0.7538,0.7006,0.6350,0.1966,0.2458,0.5695,0.3646,0.0410,0.0123,0.0410,0.0205,0.4510,0.6435,,0.1925,,55.34,4.99,,155.1,0.873,0.134,
1791426327.481264,0.7538,0.4998,0.7538,0.5695,0.6350,0.7538,0.7538,0.7538,0.6350,0.1229,0.1966,0.4998,0.5695,0.0942,0.0164,0.0369,0.0410,0.4510,0.6455,,0.1945,,55.70,5.05,,155.5,0.822,0.132,
1791426327.5157137,0.8030,0.6350,0.7006,0.4998,0.5695,0.7006,0.7538,0.6350,0.6350,0.3646,0.1229,0.4998,0.5695,0.0369,0.0205,0.0246,0.0246,0.4510,0.6440,,0.1930,,54.95,4.99,152.1,155.7,0.960,0.136,1.586
1791426327.555795,0.8767,0.7006,0.4998,0.5695,0.7538,0.7006,0.8030,0.6350,0.6350,0.0942,0.1557,0.5695,0.5695,0.0369,0.0123,0.0369,0.0164,0.4510,0.6445,0.6770,0.1935,0.0325,54.24,4.97,152.5,156.3,0.950,0.140,
1791426327.5884044,0.7538,0.4998,0.7538,0.4998,0.6350,0.5695,0.6350,0.7006,0.4998,0.0369,0.1557,0.4998,0.4998,0.0246,0.0123,0.0369,0.0164,0.4510,0.6420,,0.1910,,53.88,5.00,151.6,156.0,0.951,0.141,
1791426327.6201575,0.7006,0.5695,0.4302,0.6350,0.5695,0.6350,0.4998,0.4998,0.4998,0.1966,0.4998,0.4998,0.5695,0.0574,0.0410,0.0123,0.0205,0.4510,0.6420,,0.1910,,54.09,5.07,152.5,157.2,0.919,0.140,1.664
1791426327.6522915,0.6350,0.7538,0.7006,0.4998,0.4998,0.5695,0.8030,0.6350,0.6350,0.1557,0.1557,0.4998,0.5695,0.1229,0.0410,0.0164,0.0246,0.4510,0.6410,,0.1900,,54.22,5.09,153.0,157.0,0.971,0.138,
1791426327.6830025,0.7006,0.4302,0.4998,0.5695,0.3646,0.4998,0.6350,0.6350,0.7006,0.0246,0.4998,0.4998,0.4998,0.0369,0.0369,0.0246,0.0410,0.4510,0.6475,,0.1965,,54.79,5.08,151.5,157.9,0.821,0.136,1.458
1791426327.7153878,0.3646,0.4998,0.5695,0.5695,0.5695,0.6350,0.7006,0.5695,0.4998,0.1229,0.2458,0.5695,0.5695,0.0410,0.0205,0.0123,0.0246,0.4510,0.6500,0.6770,0.1990,0.0270,55.25,5.00,151.6,157.7,0.825,0.135,
1791426327.7483363,0.5695,0.5695,0.5695,0.5695,0.7006,0.4998,0.7538,0.7006,0.4998,0.1966,0.3646,0.3646,0.5695,0.0737,0.0246,0.0164,0.0369,0.4520,0.6430,,0.1910,,55.23,5.08,152.2,157.0,0.882,0.134,1.608
1791426327.7819042,0.5695,0.4302,0.4302,0.4998,0.5695,0.7538,0.4998,0.7006,0.5695,0.1229,0.2458,0.6350,0.6350,0.0410,0.0164,0.0410,0.0737,0.4510,0.6465,0.6780,0.1955,0.0315,54.91,5.08,152.3,156.2,0.891,0.136,
1791426327.816626,0.5695,0.7006,0.6350,0.5695,0.5695,0.5695,0.5695,0.7538,0.7006,0.1966,0.2458,0.5695,0.5695,0.0369,0.0205,0.0410,0.0574,0.4520,0.6450,0.6790,0.1930,0.0340,55.08,5.16,152.3,156.8,0.886,0.135,
1791426327.8489957,0.8440,0.4302,0.6350,0.7006,0.6350,0.6350,0.7006,0.5695,0.7006,0.1229,0.1966,0.5695,0.4998,0.0737,0.0410,0.0369,0.0574,0.4510,0.6460,,0.1950,,55.21,5.13,152.1,156.7,0.890,0.135,
1791426327.881345,0.8030,0.5695,0.5695,0.6350,0.7538,0.6350,0.6350,0.6350,0.4998,0.1966,0.4302,0.5695,0.5695,0.0410,0.0205,0.0246,0.0410,0.4550,0.6445,0.6790,0.1895,0.0345,54.95,5.21,151.8,155.7,0.886,0.135,1.582
1791426327.9230294,0.6350,0.6350,0.4998,0.5695,0.6350,0.7006,0.7538,0.5695,0.4998,0.1966,0.3646,0.4998,0.5695,0.0246,0.0410,0.0205,0.0164,0.4520,0.6445,,0.1925,,54.84,5.23,152.2,154.9,0.890,0.136,1.589
1791426327.9536688,0.7538,0.7538,0.3646,0.6350,0.6350,0.7538,0.8030,0.7538,0.3646,0.1966,0.4998,0.4998,0.5695,0.0737,0.0574,0.0369,0.0410,0.4510,0.6435,,0.1925,,54.95,5.26,151.9,155.6,0.902,0.135,1.559
1791426327.9856117,0.5695,0.4998,0.5695,0.6350,0.6350,0.6350,0.7538,0.5695,0.5695,0.0942,0.1557,0.5695,0.5695,0.0410,0.0574,0.0574,0.0246,0.4520,0.6435,0.6810,0.1915,0.0375,54.47,5.37,151.3,155.9,0.923,0.138,
1791426328.016994,0.6350,0.7538,0.6350,0.4998,0.4998,0.5695,0.7538,0.4998,0.4302,0.0410,0.1966,0.4998,0.4998,0.0737,0.0164,0.0369,0.0410,0.4520,0.6450,,0.1930,,54.69,5.42,150.9,156.0,0.845,0.136,
1791426328.0494227,0.6350,0.4998,0.6350,0.4998,0.6350,0.6350,0.6350,0.6350,0.5695,0.1557,0.1557,0.5695,0.5695,0.0737,0.0123,0.0369,0.0246,0.4510,0.6440,0.6710,0.1930,0.0270,54.72,5.19,,155.8,0.898,0.136,
1791426328.0821707,0.8030,0.4302,0.4998,0.4998,0.4302,0.6350,0.7006,0.6350,0.4302,0.3646,0.3646,0.4998,0.5695,0.0574,0.0205,0.0205,0.0164,0.4510,0.6445,,0.1935,,54.35,5.13,150.8,156.0,0.945,0.138,1.592
1791426328.1151893,0.5695,0.7006,0.5695,0.7006,0.6350,0.6350,0.4302,0.5695,0.6350,0.1557,0.3646,0.5695,0.4998,0.0410,0.0205,0.0205,0.0369,0.4510,0.6420,,0.1910,,53.76,5.14,150.5,157.1,0.955,0.141,1.690
1791426328.1485665,0.5695,0.4302,0.7538,0.4998,0.4998,0.6350,0.4998,0.5695,0.5695,0.1557,0.2991,0.4998,0.5695,0.0737,0.0164,0.0246,0.0369,0.4510,0.6465,,0.1955,,53.79,5.11,151.5,156.7,0.873,0.141,
1791426328.182193,0.8030,0.5695,0.7006,0.4302,0.6350,0.6350,0.8030,0.7538,0.5695,0.1229,0.1557,0.5695,0.5695,0.0574,0.0164,0.0369,0.0369,0.4510,0.6460,0.6730,0.1950,0.0270,54.12,4.97,150.9,156.9,0.881,0.140,
1791426328.2230368,0.7006,0.4302,0.6350,0.6350,0.6350,0.6350,0.5695,0.4998,0.5695,0.0574,0.2991,0.7006,0.4302,0.0410,0.0205,0.0123,0.0123,0.4510,0.6455,,0.1945,,54.11,4.96,149.4,156.5,0.886,0.140,
1791426328.254162,0.7538,0.4302,0.6350,0.4302,0.8030,0.6350,0.8030,0.5695,0.5695,0.0574,0.1966,0.4998,0.4998,0.0574,0.0369,0.0410,0.0410,0.4510,0.6435,,0.1925,,54.57,5.03,148.4,156.6,0.869,0.138,
1791426328.2854815,0.4998,0.5695,0.4302,0.7538,0.7538,0.6350,0.7006,0.4998,0.4998,0.0410,0.3646,0.5695,0.4998,0.0410,0.0942,0.0123,0.0369,0.4510,0.6460,,0.1950,,54.62,5.01,147.9,156.6,0.869,0.138,1.541
1791426328.3168175,0.8030,0.6350,0.6350,0.5695,0.6350,0.7006,0.6350,0.5695,0.4998,0.0942,0.3646,0.4998,0.4998,0.0942,0.0369,0.0164,0.0164,0.4510,0.6475,,0.1965,,54.86,4.99,148.1,155.9,0.837,0.137,1.510
1791426328.3494651,0.5695,0.7538,0.7538,0.3646,0.5695,0.5695,0.5695,0.7538,0.4998,0.0410,0.2458,0.4998,0.4998,0.0164,0.0246,0.0369,0.0164,0.4510,0.6465,,0.1955,,54.80,4.97,148.0,154.6,0.861,0.137,
1791426328.3826053,0.8440,0.7006,0.4998,0.4998,0.4302,0.5695,0.7006,0.5695,0.4302,0.0737,0.1966,0.3646,0.4998,0.0410,0.0246,0.0246,0.0369,0.4510,0.6400,,0.1890,,54.18,5.03,149.7,155.1,0.979,0.140,
1791426328.4165285,0.7006,0.5695,0.5695,0.4998,0.4998,0.4998,0.6350,0.8030,0.5695,0.0737,0.4302,0.3646,0.4998,0.0410,0.0369,0.0205,0.0246,0.4520,0.6470,,0.1950,,53.68,4.96,148.9,155.8,0.887,0.142,1.602
1791426328.4489655,0.8030,0.5695,0.7538,0.4998,0.7006,0.6350,0.6350,0.4998,0.5695,0.0942,0.4998,0.5695,0.5695,0.0737,0.0164,0.0123,0.0369,0.4510,0.6420,0.6780,0.1910,0.0360,53.92,5.14,150.0,157.2,0.877,0.141,1.534
1791426328.4823177,0.5695,0.5695,0.7006,0.7006,0.6350,0.6350,0.6350,0.6350,0.6350,0.2458,0.1229,0.4302,0.5695,0.0737,0.0737,0.0369,0.0164,0.4510,0.6445,,0.1935,,53.71,5.11,150.8,156.8,0.911,0.142,
1791426328.516775,0.7538,0.8440,0.8030,0.4998,0.4998,0.7006,0.4302,0.4998,0.4302,0.1966,0.3646,0.5695,0.5695,0.0369,0.0737,0.0164,0.0369,0.4510,0.6420,0.6770,0.1910,0.0350,53.70,5.17,151.1,157.2,0.930,0.142,1.649
1791426328.5551364,0.5695,0.4998,0.6350,0.4302,0.7006,0.6350,0.7006,0.7538,0.5695,0.0410,0.4998,0.5695,0.4998,0.0574,0.0369,0.0123,0.0246,0.4510,0.6450,,0.1940,,53.48,5.14,150.1,157.8,0.895,0.143,1.587
1791426328.586743,0.4302,0.5695,0.6350,0.6350,0.4998,0.7538,0.6350,0.5695,0.4998,0.0574,0.4302,0.5695,0.5695,0.0410,0.0574,0.0164,0.0369,0.4510,0.6455,0.6740,0.1945,0.0285,53.53,5.03,150.3,158.7,0.890,0.143,1.552
1791426328.618454,0.5695,0.5695,0.6350,0.5695,0.6350,0.7006,0.6350,0.7538,0.4998,0.0737,0.2458,0.4998,0.5695,0.0410,0.0410,0.0369,0.0574,0.4520,0.6435,,0.1915,,53.38,5.03,,159.2,0.925,0.143,
1791426328.64971,0.3646,0.8030,0.3646,0.5695,0.6350,0.7538,0.5695,0.6350,0.5695,0.1966,0.1229,0.4998,0.5695,0.0369,0.0737,0.0205,0.0246,0.4510,0.6445,,0.1935,,53.55,5.04,,159.5,0.882,0.143,
1791426328.6824486,0.5695,0.4998,0.5695,0.4998,0.6350,0.6350,0.5695,0.4998,0.7006,0.1966,0.4302,0.4998,0.6350,0.0410,0.0574,0.0369,0.0410,0.4510,0.6445,,0.1935,,53.89,5.06,,159.3,0.881,0.141,1.533
1791426328.7158163,0.4998,0.4998,0.7538,0.6350,0.4998,0.7538,0.7538,0.7006,0.7006,0.1229,0.3646,0.6350,0.4998,0.0164,0.0205,0.0205,0.0205,0.4510,0.6450,,0.1940,,54.06,5.08,,159.3,0.853,0.140,1.521
1791426328.7503376,0.6350,0.8030,0.6350,0.7006,0.6350,0.7006,0.7538,0.7006,0.4998,0.0737,0.4302,0.5695,0.5695,0.0410,0.0737,0.0164,0.0123,0.4510,0.6445,0.6780,0.1935,0.0335,54.01,5.15,,158.9,0.886,0.140,1.584
1791426328.7828355,0.6350,0.7006,0.7538,0.4998,0.4998,0.6350,0.4998,0.7006,0.6350,0.0369,0.2458,0.4302,0.4302,0.0410,0.0369,0.0369,0.0123,0.4510,0.6475,,0.1965,,54.11,5.08,,158.8,0.861,0.140,
1791426328.8169894,0.7006,0.4302,0.6350,0.5695,0.6350,0.5695,0.7538,0.6350,0.6350,0.2458,0.4998,0.6350,0.5695,0.0574,0.0369,0.0246,0.0369,0.4510,0.6435,0.6780,0.1925,0.0345,54.50,5.19,,159.2,0.873,0.138,1.516
1791426328.855236,0.4998,0.4998,0.5695,0.4998,0.5695,0.7006,0.8440,0.5695,0.4998,0.0574,0.4302,0.2991,0.5695,0.0737,0.0369,0.0164,0.0369,0.4510,0.6475,,0.1965,,54.40,5.15,,160.4,,0.139,1.455
1791426328.886934,0.7006,0.4998,0.6350,0.7538,0.7006,0.6350,0.5695,0.7538,0.4998,0.0574,0.0942,0.5695,0.4998,0.0410,0.0205,0.0164,0.0123,0.4510,0.6480,,0.1970,,54.21,5.07,,160.5,0.869,0.140,
1791426328.9191582,0.6350,0.4998,0.7006,0.4302,0.6350,0.6350,0.6350,0.5695,0.4302,0.1966,0.2991,0.4302,0.5695,0.0574,0.0369,0.0123,0.0123,0.4520,0.6450,,0.1930,,54.29,5.11,,160.6,0.853,0.140,
1791426328.950163,0.5695,0.4998,0.7006,0.6350,0.5695,0.7006,0.6350,0.5695,0.4998,0.2458,0.4998,0.4998,0.5695,0.0410,0.0574,0.0164,0.0369,0.4510,0.6440,,0.1930,,53.99,5.12,,159.8,0.907,0.141,1.612
1791426328.9833224,0.6350,0.7006,0.5695,0.6350,0.5695,0.7006,0.7006,0.7006,0.7538,0.2458,0.3646,0.5695,0.5695,0.0737,0.0737,0.0246,0.0246,0.4510,0.6450,0.6730,0.1940,0.0280,54.20,5.02,,158.6,0.869,0.140,1.530
1791426329.0169582,0.6350,0.8440,0.5695,0.6350,0.5695,0.7006,0.7006,0.8030,0.7006,0.1229,0.1557,0.5695,0.6350,0.0410,0.0369,0.0410,0.0369,0.4510,0.6465,0.6780,0.1955,0.0315,54.61,5.09,,158.5,0.837,0.138,
1791426329.050441,0.8030,0.4998,0.7006,0.6350,0.5695,0.7006,0.7538,0.4998,0.7006,0.1557,0.4302,0.4998,0.5695,0.0410,0.0737,0.0123,0.0369,0.4510,0.6455,,0.1945,,54.50,5.09,,155.7,0.870,0.139,1.670
1791426329.0835037,0.4998,0.8030,0.4998,0.4998,0.7006,0.7538,0.7006,0.4998,0.6350,0.0942,0.4998,0.4998,0.4998,0.0737,0.0574,0.0369,0.0164,0.4510,0.6465,,0.1955,,54.97,5.08,,155.5,0.845,0.136,1.529
1791426329.1236038,0.5695,0.8030,0.5695,0.5695,0.6350,0.7006,0.7006,0.6350,0.3646,0.0737,0.2458,0.5695,0.5695,0.0574,0.0410,0.0369,0.0123,0.4520,0.6420,0.6740,0.1900,0.0320,54.52,5.02,,156.1,0.954,0.138,
1791426329.1566455,0.4998,0.4998,0.6350,0.5695,0.5695,0.7006,0.6350,0.4998,0.5695,0.2458,0.3646,0.4998,0.4998,0.0246,0.0164,0.0164,0.0246,0.4520,0.6480,,0.1960,,54.48,4.93,,155.8,0.869,0.139,1.583
1791426329.1878896,0.7538,0.5695,0.6350,0.5695,0.5695,0.6350,0.8440,0.4998,0.5695,0.1966,0.0942,0.4998,0.5695,0.0942,0.0574,0.0369,0.0410,0.4510,0.6470,,0.1960,,54.57,4.91,,155.8,0.861,0.138,
1791426329.2189415,0.5695,0.4302,0.6350,0.5695,0.7006,0.7538,0.8030,0.7538,0.5695,0.1557,0.1229,0.5695,0.5695,0.0369,0.0164,0.0123,0.0410,0.4520,0.6470,0.6720,0.1950,0.0250,54.85,4.78,,155.1,0.841,0.137,
1791426329.2504888,0.6350,0.7006,0.7006,0.6350,0.7006,0.5695,0.7538,0.5695,0.5695,0.0574,0.2458,0.4998,0.5695,0.0369,0.0410,0.0574,0.0574,0.4520,0.6475,,0.1955,,54.52,4.71,,155.2,0.894,0.139,
1791426329.283345,0.7538,0.8767,0.7006,0.4998,0.7006,0.8030,0.6350,0.6350,0.5695,0.0737,0.1557,0.4998,0.6350,0.0410,0.0164,0.0737,0.0410,0.4510,0.6435,,0.1925,,54.76,4.81,,155.4,0.865,0.137,
1791426329.3165724,0.4998,0.7006,0.4998,0.5695,0.5695,0.7538,0.6350,0.4998,0.5695,0.0737,0.0942,0.5695,0.5695,0.0574,0.0574,0.0164,0.0164,0.4510,0.6425,0.6710,0.1915,0.0285,54.50,4.71,,155.6,0.938,0.138,
1791426329.350128,0.7006,0.5695,0.7538,0.6350,0.7006,0.3646,0.7538,0.5695,0.4998,0.2991,0.3646,0.5695,0.5695,0.0574,0.0737,0.0123,0.0246,0.4510,0.6430,0.6700,0.1920,0.0270,54.24,4.59,,154.7,0.934,0.139,1.659
1791426329.3843858,0.5695,0.7006,0.8030,0.4998,0.6350,0.6350,0.6350,0.6350,0.6350,0.1557,0.1229,0.5695,0.5695,0.0369,0.0369,0.0369,0.0369,0.4510,0.6480,0.6750,0.1970,0.0270,54.08,4.56,,155.2,0.869,0.141,
1791426329.416921,0.8030,0.8440,0.4998,0.4998,0.7006,0.5695,0.7538,0.7538,0.4302,0.1966,0.1966,0.4998,0.5695,0.0369,0.0369,0.0369,0.0123,0.4510,0.6475,,0.1965,,54.61,4.53,,154.8,0.853,0.138,
1791426329.4572535,0.4998,0.4998,0.5695,0.7006,0.5695,0.5695,0.7538,0.4998,0.6350,0.1966,0.4998,0.5695,0.5695,0.0205,0.0737,0.0369,0.0164,0.4510,0.6460,0.6760,0.1950,0.0300,54.48,4.61,,154.2,0.865,0.139,1.593
1791426329.4900734,0.7538,0.8440,0.7006,0.6350,0.6350,0.6350,0.8030,0.4998,0.6350,0.2458,0.3646,0.5695,0.5695,0.0246,0.0123,0.0123,0.0205,0.4510,0.6500,0.6710,0.1990,0.0210,54.50,4.40,,153.0,0.853,0.139,1.574
1791426329.5212474,0.7006,0.5695,0.4998,0.5695,0.6350,0.7538,0.7006,0.4998,0.7006,0.2458,0.2991,0.4998,0.5695,0.0574,0.0205,0.0369,0.0246,0.4510,0.6440,,0.1930,,54.43,4.48,,153.1,0.882,0.139,
1791426329.5521996,0.6350,0.7538,0.6350,0.6350,0.4998,0.7538,0.7538,0.5695,0.5695,0.2458,0.1966,0.4998,0.4998,0.0246,0.0369,0.0246,0.0205,0.4510,0.6435,,0.1925,,54.41,4.56,,153.5,0.878,0.139,
1791426329.5835373,0.5695,0.7538,0.4302,0.8030,0.5695,0.5695,0.6350,0.4998,0.5695,0.2991,0.0942,0.4302,0.4998,0.0737,0.0123,0.0123,0.0246,0.4510,0.6445,,0.1935,,54.50,4.59,,152.5,0.882,0.139,
1791426329.6170938,0.6350,0.5695,0.4998,0.7006,0.6350,0.5695,0.5695,0.7006,0.3646,0.0942,0.1966,0.3646,0.5695,0.1229,0.0205,0.0164,0.0123,0.4510,0.6435,,0.1925,,54.00,4.58,,153.1,0.945,0.141,
1791426329.6502125,0.5695,0.8030,0.4998,0.7006,0.5695,0.6350,0.6350,0.7006,0.2458,0.1966,0.2991,0.6350,0.5695,0.0737,0.0737,0.0410,0.0410,0.4510,0.6445,0.6740,0.1935,0.0295,54.31,4.62,,153.0,0.885,0.139,
1791426329.6840808,0.7006,0.6350,0.6350,0.5695,0.7006,0.5695,0.7538,0.6350,0.6350,0.0410,0.4302,0.5695,0.5695,0.0737,0.0737,0.0369,0.0369,0.4510,0.6505,0.6760,0.1995,0.0255,54.24,4.57,,153.7,0.833,0.140,1.561
1791426329.7174325,0.6350,0.7538,0.8030,0.6350,0.5695,0.6350,0.5695,0.5695,0.6350,0.0942,0.1229,0.5695,0.5695,0.0574,0.0205,0.0123,0.0205,0.4510,0.6430,0.6740,0.1920,0.0310,54.15,4.59,,153.6,0.948,0.140,
1791426329.7571578,0.7006,0.4302,0.6350,0.5695,0.6350,0.6350,0.7006,0.6350,0.5695,0.0369,0.1966,0.5695,0.5695,0.0574,0.0410,0.0123,0.0410,0.4510,0.6450,0.6820,0.1940,0.0370,54.18,4.89,,153.4,0.861,0.140,
1791426329.788685,0.5695,0.5695,0.4998,0.7006,0.7006,0.6350,0.8030,0.7538,0.4302,0.1966,0.1557,0.4302,0.5695,0.0574,0.0410,0.0369,0.0246,0.4510,0.6445,,0.1935,,53.96,4.94,,153.6,0.870,0.141,
1791426329.8186872,0.4998,0.8440,0.7006,0.7006,0.6350,0.6350,0.7538,0.6350,0.7006,0.1557,0.1966,0.4302,0.5695,0.0574,0.0410,0.0164,0.0369,0.4510,0.6475,,0.1965,,53.80,4.87,,153.4,0.873,0.142,
1791426329.8507407,0.7538,0.5695,0.6350,0.4998,0.6350,0.5695,0.7006,0.7538,0.6350,0.0737,0.2458,0.4302,0.5695,0.0410,0.0164,0.0369,0.0369,0.4510,0.6475,,0.1965,,54.04,4.82,,153.3,0.873,0.141,
1791426329.8842642,0.6350,0.5695,0.4998,0.6350,0.7006,0.6350,0.7006,0.7006,0.4998,0.1229,0.2458,0.5695,0.5695,0.0410,0.0369,0.0574,0.0246,0.4510,0.6460,0.6740,0.1950,0.0280,53.94,4.76,,153.2,0.889,0.142,
1791426329.9181678,0.5695,0.7006,0.7538,0.5695,0.6350,0.8030,0.6350,0.6350,0.4998,0.2991,0.1557,0.6350,0.6350,0.0574,0.0164,0.0246,0.0574,0.4510,0.6495,0.6770,0.1985,0.0275,54.18,4.75,,153.2,0.829,0.141,
1791426329.9510646,0.8767,0.5695,0.6350,0.4302,0.8030,0.7006,0.8030,0.7538,0.4302,0.0410,0.2458,0.4998,0.5695,0.0574,0.0942,0.0369,0.0410,0.4510,0.6500,,0.1990,,54.51,4.70,,153.4,0.821,0.140,
1791426329.984027,0.6350,0.5695,0.4998,0.8440,0.5695,0.4998,0.7538,0.7006,0.4998,0.1966,0.4998,0.4998,0.5695,0.0574,0.0574,0.0369,0.0410,0.4510,0.6425,,0.1915,,54.36,4.78,,153.5,0.938,0.140,1.679
1791426330.0234318,0.4998,0.6350,0.7006,0.6350,0.5695,0.6350,0.8030,0.5695,0.5695,0.0942,0.0737,0.4998,0.6350,0.0410,0.0574,0.0123,0.0246,0.4500,0.6495,,0.1995,,54.55,4.73,,153.4,0.829,0.140,
1791426330.0557923,0.5695,0.4302,0.6350,0.7006,0.4998,0.5695,0.8030,0.5695,0.6350,0.1966,0.3646,0.4998,0.5695,0.0574,0.0737,0.0246,0.0410,0.4500,0.6430,,0.1930,,54.99,4.82,,153.9,0.897,0.137,1.572
1791426330.0876226,0.7006,0.7006,0.5695,0.5695,0.7006,0.7538,0.6350,0.5695,0.7006,0.0574,0.1557,0.4998,0.6350,0.0574,0.0369,0.0246,0.0369,0.4510,0.6425,,0.1915,,54.54,4.91,,153.9,0.905,0.139,
1791426330.118028,0.6350,0.5695,0.7006,0.5695,0.7538,0.4998,0.7006,0.4998,0.6350,0.0574,0.1557,0.4998,0.6350,0.0574,0.0164,0.0123,0.0369,0.4510,0.6465,,0.1955,,54.40,4.86,,154.0,0.890,0.140,
1791426330.1517599,0.5695,0.9054,0.5695,0.6350,0.7006,0.6350,0.7538,0.7006,0.6350,0.0574,0.2458,0.6350,0.5695,0.0410,0.0410,0.0123,0.0369,0.4510,0.6455,0.6710,0.1945,0.0255,54.23,4.67,,153.7,0.925,0.140,
1791426330.1838496,0.7006,0.5695,0.4302,0.5695,0.6350,0.7006,0.7538,0.6350,0.6350,0.1966,0.1966,0.4998,0.5695,0.0737,0.0246,0.0369,0.0246,0.4500,0.6410,,0.1910,,54.11,4.77,,154.2,0.939,0.140,
1791426330.217629,0.7538,0.8767,0.6350,0.3646,0.4998,0.7006,0.6350,0.7538,0.5695,0.0737,0.3646,0.4998,0.5695,0.0410,0.0205,0.0205,0.0369,0.4510,0.6435,,0.1925,,54.23,4.82,,156.0,0.890,0.140,1.537
1791426330.2514956,0.6350,0.5695,0.6350,0.7006,0.5695,0.7006,0.7006,0.6350,0.5695,0.0737,0.2458,0.4998,0.5695,0.0574,0.0410,0.0369,0.0369,0.4500,0.6430,,0.1930,,54.75,4.92,,155.9,0.849,0.137,
1791426330.2846744,0.7006,0.6350,0.7006,0.6350,0.5695,0.4302,0.7538,0.7006,0.7538,0.1229,0.1557,0.5695,0.6350,0.0410,0.0205,0.0123,0.0123,0.4500,0.6445,0.6730,0.1945,0.0285,54.68,4.85,,155.9,0.885,0.137,
1791426330.318471,0.7006,0.6350,0.6350,0.7538,0.5695,0.7538,0.6350,0.4998,0.4302,0.4302,0.2991,0.6350,0.5695,0.0410,0.0246,0.0246,0.0123,0.4510,0.6430,0.6700,0.1920,0.0270,54.81,4.72,153.0,155.5,0.923,0.136,1.514
1791426330.357461,0.5695,0.5695,0.7006,0.6350,0.6350,0.5695,0.7006,0.4998,0.5695,0.2991,0.2458,0.5695,0.4998,0.0737,0.0410,0.0123,0.0369,0.4510,0.6420,,0.1910,,54.49,4.74,153.2,156.0,0.936,0.138,
1791426330.390039,0.5695,0.8440,0.8030,0.7006,0.6350,0.7006,0.7538,0.7538,0.6350,0.0410,0.1966,0.4998,0.6350,0.0410,0.0246,0.0164,0.0410,0.4500,0.6455,,0.1955,,54.71,4.72,150.6,155.7,0.861,0.137,
1791426330.4199338,0.6350,0.7006,0.8767,0.5695,0.6350,0.7538,0.8030,0.6350,0.5695,0.1966,0.2458,0.4998,0.5695,0.0737,0.0205,0.0246,0.0410,0.4570,0.6460,,0.1890,,54.64,4.69,150.9,155.7,0.865,0.137,
1791426330.4514346,0.6350,0.6350,0.6350,0.6350,0.7006,0.7006,0.4998,0.6350,0.4998,0.1229,0.2458,0.6350,0.4998,0.0574,0.0574,0.0410,0.0369,0.4500,0.6440,,0.1940,,54.28,4.68,150.8,156.1,0.908,0.139,
1791426330.4842613,0.7006,0.6350,0.6350,0.5695,0.4998,0.2991,0.8440,0.6350,0.5695,0.2991,0.0942,0.6350,0.5695,0.0410,0.0205,0.0123,0.0246,0.4510,,0.6800,,,54.28,4.68,150.8,156.1,,,
1791426330.5186982,0.6350,0.6350,0.5695,0.4998,0.4998,0.6350,0.5695,0.6350,0.4998,0.0737,0.4302,0.5695,0.4998,0.0410,0.0205,0.0246,0.0082,0.4510,0.6425,,0.1915,,54.20,4.73,150.6,156.0,0.899,0.139,1.636
1791426330.551931,0.6350,0.6350,0.7538,0.6350,0.5695,0.4998,0.2458,0.5695,0.4302,0.1229,0.4302,0.4302,0.5695,0.0574,0.0410,0.0737,0.0205,0.4500,,,,,54.20,4.73,150.6,156.0,,,
1791426330.5855148,0.5695,0.5695,0.6350,0.5695,0.5695,0.6350,0.7538,0.6350,0.8440,0.0942,0.1229,0.5695,0.5695,0.0737,0.0737,0.0574,0.0410,0.4500,0.6415,0.6790,0.1915,0.0375,53.70,4.91,151.0,156.0,0.957,0.141,
1791426330.6187904,0.4998,0.8440,0.7006,0.5695,0.6350,0.6350,0.8030,0.6350,0.6350,0.1229,0.3646,0.6350,0.5695,0.0574,0.0369,0.0205,0.0410,0.4510,0.6480,0.6770,0.1970,0.0290,53.93,4.91,150.8,156.5,0.845,0.141,1.516
1791426330.6588368,0.5695,0.8767,0.4998,0.7006,0.6350,0.6350,0.6350,0.7006,0.1966,0.1229,0.1966,0.5695,0.5695,0.0410,0.0410,0.0246,0.0410,0.4510,0.6455,0.6740,0.1945,0.0285,53.89,4.84,151.3,156.4,0.897,0.141,
1791426330.689394,0.7006,0.7006,0.6350,0.6350,0.4302,0.7006,0.7006,0.5695,0.5695,0.2458,0.1229,0.4302,0.6350,0.0574,0.0737,0.0164,0.0410,0.4510,0.6450,,0.1940,,54.24,4.85,152.1,155.9,0.869,0.139,
1791426330.7217016,0.7006,0.5695,0.4302,0.4998,0.5695,0.7006,0.6350,0.4998,0.6350,0.0942,0.1557,0.5695,0.5695,0.0942,0.0205,0.0164,0.0410,0.4500,0.6485,0.6780,0.1985,0.0295,54.19,4.87,150.7,155.8,0.853,0.140,
1791426330.752477,0.5695,0.4302,0.5695,0.5695,0.6350,0.7006,0.7538,0.7006,0.5695,0.1966,0.4302,0.6350,0.5695,0.0942,0.1229,0.0164,0.0369,0.4510,0.6475,0.6740,0.1965,0.0265,54.49,4.78,150.6,156.0,0.861,0.139,1.523
1791426330.7851055,0.7538,0.6350,0.6350,0.6350,0.4302,0.4998,0.6350,0.4998,0.3646,0.1966,0.4302,0.6350,0.5695,0.0369,0.0574,0.0246,0.0410,0.4500,0.6450,0.6770,0.1950,0.0320,55.08,4.90,149.6,156.2,0.849,0.136,1.535
1791426330.818599,0.7006,0.7538,0.5695,0.4998,0.4998,0.5695,0.6350,0.7006,0.4998,0.0737,0.2991,0.4998,0.5695,0.0574,0.0205,0.0369,0.0205,0.4500,0.6445,,0.1945,,54.59,4.90,150.6,156.5,0.903,0.139,
1791426330.8521662,0.7006,0.5695,0.5695,0.7538,0.4302,0.5695,0.7538,0.7006,0.4998,0.0574,0.4302,0.4302,0.5695,0.0574,0.0246,0.0246,0.0574,0.4510,0.6445,,0.1935,,54.59,4.94,,156.4,0.865,0.138,1.547
1791426330.885457,0.7538,0.5695,0.5695,0.4998,0.5695,0.4302,0.6350,0.7006,0.7006,0.0942,0.1557,0.4998,0.5695,0.0369,0.0574,0.0164,0.0123,0.4500,0.6425,,0.1925,,54.88,5.03,,155.9,0.881,0.137,
1791426330.9196532,0.6350,0.7006,0.6350,0.7006,0.6350,0.7538,0.7006,0.5695,0.7006,0.1557,0.1229,0.6350,0.5695,0.0410,0.0123,0.0123,0.0246,0.4500,0.6485,0.6750,0.1985,0.0265,55.44,4.94,,156.1,0.826,0.134,
1791426330.957987,0.5695,0.5695,0.7006,0.5695,0.6350,0.5695,0.6350,0.6350,0.6350,0.0574,0.3646,0.5695,0.4998,0.0410,0.0164,0.0246,0.0369,0.4500,0.6425,,0.1925,,55.19,4.98,,156.3,0.918,0.135,1.657
1791426330.9900658,0.7006,0.8440,0.6350,0.6350,0.4998,0.7006,0.7006,0.4998,0.6350,0.2458,0.3646,0.5695,0.5695,0.0410,0.0574,0.0369,0.0369,0.4500,0.6450,0.6760,0.1950,0.0310,55.32,5.02,,156.5,0.856,0.135,1.551
1791426331.0215614,0.5695,0.7006,0.7006,0.4302,0.6350,0.7538,0.6350,0.4998,0.7006,0.2458,0.1229,0.5695,0.6350,0.0574,0.0410,0.0205,0.0369,0.4500,0.6435,0.6740,0.1935,0.0305,55.17,4.99,,156.5,0.898,0.135,
1791426331.0532515,0.7006,0.4998,0.5695,0.5695,0.7006,0.7006,0.7538,0.6350,0.6350,0.1966,0.1229,0.7006,0.6350,0.0737,0.0369,0.0123,0.0246,0.4500,0.6425,0.6760,0.1925,0.0335,55.12,5.03,,156.1,0.920,0.135,
1791426331.0865035,0.4302,0.5695,0.4998,0.4998,0.6350,0.7006,0.7538,0.7006,0.6350,0.1557,0.3646,0.5695,0.5695,0.0574,0.0574,0.0369,0.0369,0.4500,0.6450,0.6750,0.1950,0.0300,54.81,5.01,,157.5,0.869,0.137,1.527
1791426331.1187148,0.4998,0.4998,0.7006,0.4998,0.5695,0.6350,0.6350,0.7006,0.5695,0.0574,0.1966,0.4998,0.5695,0.0246,0.0369,0.0246,0.0246,0.4510,0.6425,,0.1915,,55.18,5.09,,156.5,0.868,0.135,
1791426331.1524127,0.5695,0.6350,0.7006,0.5695,0.4302,0.6350,0.8440,0.4998,0.7538,0.1966,0.1966,0.5695,0.5695,0.0410,0.0410,0.0123,0.0123,0.4500,0.6465,0.6740,0.1965,0.0275,55.30,4.99,,156.3,0.857,0.134,
1791426331.1857443,0.6350,0.5695,0.8440,0.5695,0.4998,0.6350,0.7538,0.7538,0.6350,0.2991,0.0942,0.5695,0.5695,0.0410,0.0574,0.0164,0.0410,0.4510,0.6435,0.6720,0.1925,0.0285,54.58,4.85,,156.8,0.945,0.138,
1791426331.2193453,0.6350,0.6350,0.4998,0.6350,0.7006,0.8030,0.4998,0.7006,0.7006,0.0942,0.0942,0.5695,0.5695,0.0574,0.0123,0.0410,0.0246,0.4510,0.6425,0.6740,0.1915,0.0315,54.78,4.89,,156.9,0.885,0.137,
1791426331.2598202,0.4302,0.5695,0.7006,0.5695,0.5695,0.7006,0.7538,0.7538,0.7006,0.1557,0.1229,0.5695,0.5695,0.0369,0.0410,0.0369,0.0410,0.4510,0.6445,0.6760,0.1935,0.0315,55.29,4.99,,156.7,0.829,0.134,
1791426331.2915907,0.4998,0.7538,0.7006,0.6350,0.7006,0.7006,0.7538,0.6350,0.5695,0.0410,0.4302,0.5695,0.6350,0.0410,0.0942,0.0369,0.0369,0.4500,0.6435,0.6750,0.1935,0.0315,54.91,4.98,,157.1,0.912,0.136,1.625
1791426331.3233547,0.3646,0.7538,0.4998,0.4998,0.6350,0.7006,0.7538,0.4998,0.4998,0.0737,0.2458,0.5695,0.5695,0.0574,0.0574,0.0205,0.0164,0.4500,0.6470,0.6750,0.1970,0.0280,54.31,4.89,,157.5,0.887,0.139,
1791426331.355418,0.7006,0.4302,0.5695,0.5695,0.5695,0.6350,0.7538,0.4998,0.5695,0.1966,0.1557,0.4998,0.5695,0.0574,0.0205,0.0123,0.0123,0.4510,0.6440,,0.1930,,54.29,4.92,,157.0,0.869,0.139,
1791426331.3865325,0.5695,0.8030,0.4302,0.4302,0.6350,0.7006,0.7538,0.5695,0.6350,0.2458,0.4302,0.4998,0.5695,0.0574,0.0369,0.0369,0.0369,0.4500,0.6435,,0.1935,,54.29,4.97,,156.3,0.865,0.139,1.583
1791426331.4188182,0.5695,0.6350,0.6350,0.6350,0.5695,0.5695,0.7006,0.4998,0.6350,0.1966,0.3646,0.4998,0.5695,0.0410,0.0574,0.0369,0.0369,0.4500,0.6450,,0.1950,,54.46,4.94,,155.4,0.885,0.139,1.599
1791426331.452788,0.6350,0.6350,0.6350,0.4998,0.7006,0.6350,0.7538,0.5695,0.5695,0.0737,0.1557,0.5695,0.5695,0.0574,0.0205,0.0205,0.0205,0.4510,0.6475,0.6730,0.1965,0.0255,54.66,4.80,,155.3,0.860,0.138,
1791426331.4863591,0.7006,0.5695,0.4998,0.6350,0.4998,0.7538,0.7538,0.4998,0.6350,0.0410,0.0942,0.4302,0.4998,0.0574,0.0737,0.0246,0.0369,0.4510,0.6465,,0.1955,,54.84,4.76,,155.1,0.873,0.137,
1791426331.5196567,0.7006,0.7006,0.5695,0.4302,0.5695,0.7538,0.6350,0.6350,0.5695,0.0369,0.2991,0.5695,0.4998,0.0737,0.0205,0.0123,0.0123,0.4510,0.6500,,0.1990,,54.70,4.63,,155.3,0.853,0.139,
1791426331.5530567,0.5695,0.7006,0.7006,0.5695,0.5695,0.4998,0.7538,0.7538,0.7006,0.1966,0.1966,0.6350,0.6350,0.0574,0.0369,0.0369,0.0123,0.4510,0.6440,0.6770,0.1930,0.0330,54.92,4.79,,155.1,0.865,0.137,
1791426331.5931354,0.6350,0.7006,0.4998,0.6350,0.6350,0.5695,0.7538,0.4998,0.7006,0.0574,0.1557,0.4998,0.5695,0.0574,0.0410,0.0410,0.0574,0.4500,0.6485,,0.1985,,54.87,4.72,,154.8,0.857,0.138,
1791426331.6259186,0.6350,0.8440,0.5695,0.4998,0.7006,0.6350,0.8030,0.7538,0.5695,0.2458,0.2458,0.5695,0.6350,0.0246,0.0246,0.0164,0.0369,0.4510,0.6475,0.6700,0.1965,0.0225,55.36,4.52,,155.3,0.865,0.135,
1791426331.655993,0.7538,0.7006,0.5695,0.7538,0.4998,0.6350,0.7006,0.5695,0.6350,0.1557,0.2991,0.4998,0.4998,0.0574,0.0369,0.0369,0.0205,0.4510,0.6445,,0.1935,,55.47,4.59,,155.5,0.860,0.134,
1791426331.687547,0.5695,0.7538,0.4302,0.6350,0.4998,0.5695,0.6350,0.7006,0.7538,0.1966,0.2458,0.5695,0.4302,0.0574,0.0082,0.0123,0.0123,0.4500,0.6455,,0.1955,,55.57,4.63,,155.6,0.853,0.134,
1791426331.720132,0.7006,0.6350,0.5695,0.4302,0.7006,0.5695,0.8030,0.6350,0.7006,0.1229,0.1966,0.5695,0.5695,0.0369,0.0574,0.0246,0.0369,0.4510,0.6435,0.6770,0.1925,0.0335,54.95,4.76,,155.8,0.913,0.137,
1791426331.7524407,0.7006,0.5695,0.4998,0.5695,0.6350,0.6350,0.7006,0.6350,0.7538,0.2458,0.1966,0.6350,0.6350,0.0410,0.0410,0.0246,0.0410,0.4500,0.6450,0.6740,0.1950,0.0290,55.05,4.74,,155.0,0.881,0.136,
1791426331.7864487,0.4998,0.8030,0.4998,0.5695,0.5695,0.6350,0.7538,0.4998,0.6350,0.2458,0.2991,0.5695,0.5695,0.0246,0.0369,0.0123,0.0164,0.4500,0.6440,0.6770,0.1940,0.0330,54.76,4.85,,155.4,0.899,0.138,
1791426331.819491,0.4998,0.8030,0.4998,0.6350,0.5695,0.7006,0.7006,0.2991,0.6350,0.0737,0.1557,0.4302,0.4998,0.0369,0.0205,0.0082,0.0246,0.4500,0.6445,,0.1945,,54.81,4.86,,155.9,0.886,0.137,
1791426331.8531237,0.6350,0.8030,0.6350,0.4998,0.6350,0.6350,0.6350,0.6350,0.7538,0.0574,0.2458,0.4998,0.5695,0.0369,0.0246,0.0369,0.0369,0.4500,0.6480,,0.1980,,54.92,4.82,,155.6,0.833,0.137,
1791426331.8862653,0.5695,0.7538,0.7006,0.6350,0.6350,0.6350,0.7006,0.6350,0.6350,0.0369,0.2991,0.4302,0.5695,0.0574,0.0205,0.0123,0.0369,0.4500,0.6440,,0.1940,,54.99,4.88,,156.0,0.861,0.137,
1791426331.9251912,0.6350,0.8767,0.7006,0.4302,0.7006,0.6350,0.4998,0.6350,0.6350,0.1229,0.1229,0.4998,0.5695,0.0737,0.0205,0.0369,0.0164,0.4500,0.6445,,0.1945,,54.86,4.92,,155.4,0.853,0.137,
1791426331.9571943,0.7006,0.8030,0.4998,0.5695,0.7006,0.6350,0.7006,0.6350,0.6350,0.1966,0.1966,0.4998,0.5695,0.0574,0.0410,0.0574,0.0410,0.4500,0.6420,,0.1920,,55.09,5.04,,,0.857,0.136,
1791426331.9898825,0.4998,0.7538,0.5695,0.5695,0.5695,0.5695,0.7006,0.6350,0.5695,0.1966,0.3646,0.5695,0.5695,0.0574,0.0164,0.0123,0.0123,0.4500,0.6425,0.6760,0.1925,0.0335,54.84,5.06,,155.5,0.926,0.137,1.632
1791426332.0217457,0.6350,0.8030,0.4302,0.4998,0.6350,0.6350,0.6350,0.7538,0.7006,0.0942,0.1966,0.5695,0.6350,0.0737,0.0205,0.0574,0.0123,0.4500,0.6455,0.6810,0.1955,0.0355,54.99,5.25,,155.8,0.841,0.136,
1791426332.0544877,0.7006,0.8030,0.4998,0.7006,0.5695,0.7006,0.4998,0.7538,0.8030,0.1557,0.3646,0.4998,0.5695,0.0369,0.0410,0.0205,0.0369,0.4510,0.6465,,0.1955,,54.93,5.18,,156.0,0.873,0.137,1.612
1791426332.0867991,0.8030,0.6350,0.5695,0.4302,0.6350,0.4302,0.8030,0.7538,0.4998,0.1557,0.1229,0.4998,0.5695,0.0369,0.0410,0.0369,0.0410,0.4510,0.6465,,0.1955,,54.89,5.11,,154.6,0.882,0.137,
1791426332.1193898,0.4998,0.8030,0.5695,0.5695,0.5695,0.2458,0.7006,0.6350,0.6350,0.2991,0.0942,0.5695,0.5695,0.0574,0.0410,0.0164,0.0205,0.4500,,0.6740,,,54.89,5.11,,154.6,,,
1791426332.1535497,0.6350,0.7538,0.5695,0.4998,0.4998,0.5695,0.8030,0.7006,0.6350,0.1966,0.4302,0.5695,0.5695,0.0410,0.0574,0.0205,0.0410,0.4500,0.6445,0.6730,0.1945,0.0285,55.05,5.00,,155.2,0.885,0.136,1.544
1791426332.1869552,0.6350,0.4998,0.6350,0.6350,0.7006,0.6350,0.6350,0.7538,0.6350,0.1557,0.3646,0.4998,0.6350,0.0410,0.0410,0.0123,0.0369,0.4500,0.6460,,0.1960,,54.61,4.94,,155.4,0.907,0.138,1.630
1791426332.227765,0.7006,0.4998,0.7538,0.4998,0.4998,0.4302,0.7538,0.6350,0.8030,0.1557,0.1966,0.6350,0.5695,0.0369,0.0369,0.0123,0.0369,0.4500,0.6455,0.6780,0.1955,0.0325,54.17,4.99,,155.1,0.891,0.141,
1791426332.2584646,0.8767,0.8030,0.6350,0.6350,0.6350,0.6350,0.7006,0.5695,0.7006,0.0574,0.1557,0.4302,0.4998,0.0574,0.0574,0.0164,0.0123,0.4500,0.6440,,0.1940,,54.66,5.07,,155.8,0.853,0.138,
1791426332.2902904,0.6350,0.8767,0.7006,0.4998,0.4998,0.7006,0.6350,0.5695,0.7538,0.1966,0.2991,0.6350,0.4998,0.0942,0.0164,0.0246,0.0410,0.4510,0.6470,,0.1960,,55.24,5.05,,155.8,0.837,0.135,
1791426332.320614,0.6350,0.8030,0.6350,0.4998,0.5695,0.7538,0.7538,0.3646,0.7006,0.1229,0.4302,0.5695,0.5695,0.0574,0.0410,0.0246,0.0246,0.4500,0.6490,0.6750,0.1990,0.0260,55.56,4.94,,155.9,0.826,0.134,1.490
1791426332.3531754,0.7538,0.7538,0.6350,0.4302,0.7006,0.7006,0.7538,0.7006,0.7006,0.1557,0.2458,0.4998,0.5695,0.0942,0.0737,0.0369,0.0246,0.4500,0.6465,,0.1965,,55.66,4.95,,156.3,0.849,0.134,
1791426332.3871918,0.6350,0.7006,0.8440,0.4302,0.7006,0.8030,0.8030,0.7006,0.2991,0.2458,0.4302,0.4998,0.4998,0.0410,0.0574,0.0369,0.0369,0.4500,0.6515,,0.2015,,55.79,4.83,,156.7,0.806,0.134,1.454
1791426332.420959,0.7006,0.7006,0.7006,0.5695,0.5695,0.7006,0.5695,0.5695,0.6350,0.0410,0.1557,0.4998,0.5695,0.0574,0.0164,0.0123,0.0246,0.4500,0.6450,,0.1950,,55.44,4.87,,157.0,0.880,0.135,
1791426332.4537823,0.4998,0.8440,0.7006,0.7006,0.6350,0.5695,0.6350,0.5695,0.5695,0.2458,0.2991,0.5695,0.5695,0.0942,0.0410,0.0164,0.0246,0.4500,0.6450,0.6790,0.1950,0.0340,54.96,5.00,,156.9,0.882,0.138,
1791426332.4868438,0.7006,0.7538,0.8030,0.4998,0.6350,0.5695,0.7538,0.7006,0.6350,0.0410,0.2991,0.4302,0.4998,0.0369,0.0942,0.0123,0.0164,0.4500,0.6460,,0.1960,,55.21,5.04,,157.0,0.837,0.136,
1791426332.5267458,0.5695,0.5695,0.8030,0.5695,0.7006,0.6350,0.7538,0.6350,0.7006,0.2458,0.1557,0.5695,0.5695,0.0737,0.0574,0.0205,0.0246,0.4500,0.6485,0.6780,0.1985,0.0295,55.50,5.04,,156.8,0.837,0.135,
1791426332.5589018,0.8030,0.8767,0.5695,0.5695,0.5695,0.5695,0.5695,0.4998,0.4302,0.1966,0.2991,0.5695,0.6350,0.0574,0.0737,0.0082,0.0164,0.4510,0.6465,0.6770,0.1955,0.0305,55.56,5.03,,156.9,0.870,0.135,
1791426332.5892189,0.6350,0.7538,0.4998,0.5695,0.6350,0.6350,0.7538,0.7538,0.2991,0.1966,0.2991,0.4998,0.5695,0.0574,0.0410,0.0123,0.0410,0.4500,0.6485,,0.1985,,55.46,4.97,,156.6,0.861,0.136,
1791426332.6205604,0.5695,0.8030,0.7006,0.6350,0.6350,0.8440,0.8030,0.5695,0.6350,0.0737,0.1557,0.5695,0.6350,0.0574,0.0737,0.0123,0.0369,0.4500,0.6460,0.6720,0.1960,0.0260,55.70,4.85,,156.8,0.853,0.134,
1791426332.6538014,0.7006,0.5695,0.7006,0.5695,0.4302,0.5695,0.6350,0.7006,0.8030,0.0574,0.1229,0.4302,0.5695,0.0410,0.0410,0.0246,0.0369,0.4500,0.6450,,0.1950,,55.66,4.87,,156.9,0.889,0.134,
1791426332.6872523,0.8030,0.8440,0.7538,0.7006,0.5695,0.7538,0.5695,0.6350,0.6350,0.1229,0.4302,0.4998,0.5695,0.0737,0.0410,0.0574,0.0164,0.4500,0.6480,,0.1980,,55.61,4.85,,156.3,0.837,0.135,1.527
1791426332.7210467,0.6350,0.8767,0.7538,0.4998,0.4998,0.7006,0.7538,0.7006,0.4302,0.1966,0.2991,0.5695,0.5695,0.0942,0.0164,0.0123,0.0246,0.4500,0.6445,0.6770,0.1945,0.0325,55.50,4.94,,156.0,0.873,0.135,
1791426332.7537193,0.8440,0.5695,0.5695,0.6350,0.2991,0.2991,0.7006,0.6350,0.6350,0.2458,0.1229,0.5695,0.5695,0.0574,0.0574,0.0246,0.0369,0.4500,,0.6730,,,55.50,4.94,,156.0,,,
1791426332.7932336,0.6350,0.7538,0.7538,0.4998,0.6350,0.6350,0.6350,0.7006,0.4998,0.1229,0.1229,0.5695,0.5695,0.0369,0.0410,0.0164,0.0123,0.4510,0.6450,0.6750,0.1940,0.0300,55.80,4.94,,156.1,0.869,0.133,
1791426332.825386,0.6350,0.8440,0.4302,0.4998,0.6350,0.6350,0.4998,0.4998,0.3646,0.1229,0.2458,0.4302,0.4998,0.0737,0.0369,0.0164,0.0246,0.4500,0.6455,,0.1955,,55.67,4.97,,155.6,0.853,0.134,
1791426332.856706,0.7006,0.5695,0.7006,0.3646,0.4998,0.7006,0.6350,0.6350,0.4998,0.0737,0.1229,0.5695,0.5695,0.0574,0.0246,0.0410,0.0123,0.4500,0.6435,0.6740,0.1935,0.0305,55.92,4.96,,156.2,0.885,0.132,
1791426332.8877547,0.7006,0.7006,0.5695,0.4998,0.4998,0.7006,0.8030,0.7006,0.2991,0.2458,0.0574,0.5695,0.5695,0.0369,0.0205,0.0410,0.0205,0.4500,0.6410,0.6770,0.1910,0.0360,55.96,5.07,,156.5,0.937,0.131,
1791426332.920316,0.7006,0.8440,0.8030,0.6350,0.5695,0.6350,0.6350,0.7006,0.5695,0.2458,0.4302,0.4302,0.6350,0.0410,0.0574,0.0205,0.0410,0.4500,0.6460,,0.1960,,56.30,5.08,,155.3,0.837,0.130,1.519
1791426332.9543517,0.6350,0.9587,0.4302,0.4998,0.6350,0.6350,0.7006,0.6350,0.5695,0.0737,0.1966,0.6350,0.6350,0.0410,0.0574,0.0574,0.0574,0.4500,0.6470,0.6730,0.1970,0.0260,55.78,4.90,,155.2,0.881,0.133,
1791426332.987682,0.4998,0.8030,0.5695,0.4998,0.7006,0.7538,0.7006,0.5695,0.7006,0.1557,0.0942,0.5695,0.4998,0.0369,0.0574,0.0123,0.0123,0.4500,0.6445,,0.1945,,55.56,4.91,,155.1,0.885,0.134,
1791426333.0212486,0.6350,0.8767,0.7538,0.7006,0.4302,0.5695,0.7538,0.7538,0.4998,0.0410,0.1557,0.5695,0.4998,0.0942,0.0246,0.0246,0.0369,0.4500,0.6435,,0.1935,,55.56,4.96,,154.6,0.881,0.134,
1791426333.0545187,0.7006,0.8440,0.4998,0.5695,0.6350,0.5695,0.8030,0.5695,0.7006,0.1557,0.0737,0.5695,0.6350,0.0410,0.0246,0.0205,0.0369,0.4500,0.6450,0.6780,0.1950,0.0330,55.38,5.09,,154.1,0.841,0.134,
1791426333.093861,0.7538,0.7538,0.4998,0.5695,0.7538,0.2991,0.7538,0.8030,0.6350,0.2991,0.1966,0.5695,0.4998,0.0369,0.0410,0.0205,0.0246,0.4500,,,,,55.38,5.09,,154.1,,,
1791426333.127226,0.5695,0.8030,0.7538,0.5695,0.6350,0.5695,0.4998,0.5695,0.4998,0.1229,0.5695,0.4302,0.4998,0.0574,0.0410,0.0205,0.0246,0.4500,0.6450,,0.1950,,55.61,5.10,,153.5,0.853,0.133,1.555
1791426333.1583166,0.7006,0.8030,0.5695,0.6350,0.6350,0.4998,0.8440,0.5695,0.4302,0.0574,0.1557,0.4998,0.5695,0.0574,0.0737,0.0246,0.0246,0.4500,0.6445,,0.1945,,55.58,5.09,,153.4,0.881,0.133,
1791426333.1901367,0.4998,0.8030,0.7006,0.4998,0.7006,0.4302,0.6350,0.7538,0.7006,0.0737,0.4998,0.4998,0.4998,0.0410,0.0574,0.0369,0.0123,0.4500,0.6450,,0.1950,,55.41,5.11,,152.3,0.849,0.134,1.641
1791426333.2210178,0.5695,0.8440,0.6350,0.5695,0.6350,0.6350,0.7538,0.7538,0.7538,0.0574,0.2458,0.5695,0.5695,0.0410,0.0410,0.0082,0.0205,0.4500,0.6475,0.6770,0.1975,0.0295,55.04,5.08,,152.4,0.849,0.137,
1791426333.2543614,0.4998,0.6350,0.7538,0.6350,0.6350,0.5695,0.6350,0.6350,0.4302,0.0942,0.1966,0.4302,0.5695,0.0574,0.0246,0.0164,0.0410,0.4500,0.6440,,0.1940,,54.64,5.10,,152.5,0.883,0.138,
1791426333.2882197,0.6350,0.8767,0.7006,0.4302,0.6350,0.5695,0.7006,0.7006,0.3646,0.2458,0.1229,0.5695,0.5695,0.0410,0.0737,0.0123,0.0123,0.4500,0.6500,0.6720,0.2000,0.0220,55.24,4.87,,152.4,0.814,0.136,
1791426333.3218043,0.6350,0.7006,0.7538,0.4302,0.5695,0.6350,0.4302,0.5695,0.5695,0.0737,0.1557,0.5695,0.6350,0.0574,0.0574,0.0164,0.0123,0.4500,0.6430,0.6720,0.1930,0.0290,54.99,4.79,,152.3,0.925,0.137,
1791426333.3547227,0.5695,0.7006,0.6350,0.4998,0.7538,0.7006,0.7006,0.7006,0.5695,0.2458,0.2458,0.4998,0.5695,0.0574,0.0246,0.0246,0.0369,0.4500,0.6425,,0.1925,,54.83,4.82,,153.0,0.930,0.137,
1791426333.3880732,0.7006,0.7538,0.7006,0.5695,0.5695,0.6350,0.6350,0.5695,0.4998,0.0246,0.4302,0.6350,0.5695,0.0737,0.0574,0.0123,0.0246,0.4500,0.6445,0.6800,0.1945,0.0355,54.29,4.99,,152.4,0.892,0.140,1.716
