timestamp,nose_score,left_eye_score,right_eye_score,left_ear_score,right_ear_score,left_shoulder_score,right_shoulder_score,left_elbow_score,right_elbow_score,left_wrist_score,right_wrist_score,left_hip_score,right_hip_score,left_knee_score,right_knee_score,left_ankle_score,right_ankle_score,head_depth_m,chest_depth_m,hip_depth_m,neck_forward_offset_m,torso_recline_offset_m,head_forward_deg,torso_pitch_deg,elbow_left_deg,elbow_right_deg,torso_len_sw,head_up_m,wrist_face_sw
1791428283.7982292,0.3646,0.4998,0.7538,0.5695,0.4302,0.7538,0.3646,0.4302,0.2458,0.1229,0.3646,0.4998,0.4302,0.0737,0.1557,0.0410,0.1229,0.3560,0.5520,,0.1960,,56.96,7.10,,165.5,0.718,0.125,1.143
1791428283.8385162,0.4998,0.6350,0.7006,0.4302,0.2991,0.8030,0.4998,0.6350,0.1966,0.2458,0.4302,0.5695,0.4998,0.0574,0.0942,0.0410,0.1557,0.3590,0.5530,,0.1940,,57.35,6.85,,164.1,0.749,0.124,1.132
1791428283.8703427,0.4302,0.8030,0.6350,0.4998,0.2991,0.8440,0.2458,0.4998,0.2991,0.2458,0.2991,0.5695,0.5695,0.0942,0.0942,0.0942,0.1557,0.3590,,0.5600,,,57.35,6.85,,164.1,,,
1791428283.9013846,0.4998,0.8030,0.7538,0.1966,0.2458,0.8030,0.4998,0.8030,0.3646,0.0942,0.1966,0.5695,0.5695,0.1557,0.0942,0.0942,0.1966,0.3600,0.5495,0.5630,0.1895,0.0135,57.09,5.94,,161.9,0.790,0.124,
1791428283.9334276,0.4302,0.8440,0.7006,0.4998,0.2991,0.7538,0.3646,0.7006,0.2991,0.2991,0.4302,0.4998,0.4998,0.0574,0.0942,0.1557,0.0369,0.3600,0.5495,,0.1895,,56.38,5.83,,159.8,0.796,0.128,1.252
1791428283.9651165,0.4302,0.7538,0.8767,0.4302,0.2458,0.7006,0.2458,0.3646,0.2458,0.0942,0.2991,0.5695,0.4998,0.0574,0.0942,0.0942,0.1557,0.3620,,,,,56.38,5.83,,159.8,,,
1791428283.9994166,0.4302,0.8767,0.8030,0.3646,0.1966,0.4998,0.4302,0.6350,0.1966,0.0942,0.1966,0.5695,0.5695,0.1557,0.0574,0.0942,0.1557,0.3630,0.5520,0.5680,0.1890,0.0160,55.90,5.20,,160.6,0.812,0.129,
1791428284.033893,0.7006,0.8767,0.7006,0.4302,0.2458,0.6350,0.4302,0.7538,0.2991,0.0410,0.0942,0.5695,0.4302,0.0574,0.0410,0.0737,0.0942,0.3640,0.5510,,0.1870,,54.84,5.06,,160.1,0.832,0.134,
1791428284.0656054,0.6350,0.8440,0.8030,0.4302,0.2991,0.8030,0.6350,0.6350,0.4998,0.0574,0.1557,0.5695,0.4998,0.0942,0.0737,0.0410,0.0942,0.3650,0.5405,,0.1755,,54.15,5.31,,160.2,0.839,0.135,
1791428284.0991826,0.3646,0.6350,0.7006,0.1966,0.5695,0.8440,0.2991,0.7538,0.3646,0.1966,0.2458,0.6350,0.4998,0.0410,0.0574,0.0942,0.1557,0.3660,,,,,54.15,5.31,,160.2,,,
1791428284.1328063,0.4998,0.5695,0.8030,0.4998,0.2458,0.4998,0.6350,0.7538,0.4302,0.0574,0.2458,0.4998,0.5695,0.0574,0.0369,0.0942,0.1557,0.3650,0.5550,,0.1900,,54.35,5.08,,161.6,0.775,0.135,
1791428284.1728637,0.3646,0.7006,0.5695,0.2991,0.4302,0.8767,0.7006,0.6350,0.2458,0.2991,0.3646,0.6350,0.4998,0.0410,0.0942,0.0737,0.0410,0.3650,0.5545,,0.1895,,54.67,4.85,,160.5,0.829,0.133,1.276
1791428284.2024095,0.2991,0.7538,0.6350,0.4302,0.4302,0.8440,0.5695,0.7538,0.2991,0.2458,0.1966,0.5695,0.5695,0.0410,0.0410,0.0246,0.0410,,0.5510,0.5680,,0.0170,54.67,4.85,,161.3,0.881,0.133,
1791428284.233756,0.4302,0.8030,0.7538,0.4302,0.4998,0.7538,0.7538,0.7538,0.4302,0.1966,0.3646,0.5695,0.4998,0.0574,0.0574,0.0410,0.0574,0.3690,0.5525,,0.1835,,54.57,4.73,,159.4,0.828,0.133,1.325
1791428284.267136,0.4998,0.8030,0.7538,0.3646,0.1966,0.6350,0.6350,0.7006,0.4302,0.1966,0.1557,0.5695,0.4998,0.1229,0.0574,0.0574,0.0574,0.3690,0.5565,,0.1875,,55.07,4.52,,159.9,0.815,0.131,
1791428284.2990088,0.5695,0.4302,0.8440,0.4998,0.4998,0.5695,0.3646,0.2458,0.4302,0.0942,0.4302,0.6350,0.5695,0.0246,0.0574,0.0410,0.0410,0.3700,0.5565,0.5690,0.1865,0.0125,55.31,4.00,,158.9,0.866,0.130,1.311
1791428284.333228,0.6350,0.5695,0.7538,0.3646,0.2991,0.8030,0.7538,0.7538,0.7006,0.1229,0.2991,0.4998,0.5695,0.0737,0.0410,0.0246,0.0246,0.3700,0.5560,,0.1860,,55.26,3.85,,159.2,0.859,0.130,
1791428284.3661857,0.4998,0.8030,0.6350,0.6350,0.4998,0.2991,0.6350,0.4998,0.1966,0.1966,0.2458,0.5695,0.6350,0.0369,0.0369,0.0574,0.0369,0.3700,,0.5700,,,55.26,3.85,,159.2,,,
1791428284.3991737,0.8440,0.8767,0.4998,0.6350,0.3646,0.7006,0.6350,0.7006,0.2991,0.1966,0.4302,0.4998,0.6350,0.0574,0.0737,0.0574,0.0410,0.3710,0.5590,,0.1880,,55.53,3.66,,158.4,0.825,0.128,1.271
1791428284.4324505,0.5695,0.8440,0.7538,0.4998,0.2458,0.4302,0.5695,0.7538,0.4998,0.2991,0.4998,0.6350,0.5695,0.0574,0.0410,0.0574,0.0737,0.3700,0.5585,0.5700,0.1885,0.0115,55.85,3.30,,157.5,0.863,0.127,1.345
1791428284.4720438,0.4998,0.9259,0.8767,0.5695,0.1966,0.4302,0.7006,0.6350,0.3646,0.2458,0.4302,0.4998,0.5695,0.0369,0.0369,0.0410,0.0737,0.3690,0.5580,,0.1890,,56.31,3.21,,157.2,0.825,0.125,1.286
1791428284.503129,0.6350,0.7538,0.8030,0.7006,0.3646,0.5695,0.7006,0.7538,0.2458,0.1557,0.1557,0.5695,0.5695,0.0410,0.0369,0.0574,0.0737,0.3680,0.5550,0.5700,0.1870,0.0150,56.75,3.08,,157.5,0.835,0.123,
1791428284.5349684,0.4302,0.4998,0.6350,0.3646,0.1966,0.7538,0.4302,0.7006,0.2458,0.2458,0.2991,0.5695,0.4998,0.0942,0.0205,0.0942,0.0574,0.3690,0.5585,,0.1895,,57.50,3.02,,157.5,0.784,0.120,
1791428284.5667794,0.7006,0.8030,0.6350,0.4998,0.2991,0.5695,0.4302,0.4998,0.3646,0.1557,0.2458,0.5695,0.4998,0.0410,0.0410,0.0246,0.0410,0.3670,0.5535,,0.1865,,57.50,3.08,,157.6,0.877,0.120,
1791428284.5993493,0.6350,0.8440,0.7006,0.2458,0.3646,0.7006,0.7006,0.7006,0.1557,0.0737,0.3646,0.4998,0.4998,0.0410,0.0942,0.0410,0.0942,0.3670,0.5595,,0.1925,,58.09,2.96,,157.1,0.811,0.117,1.228
1791428284.63205,0.6350,0.9259,0.7538,0.4302,0.3646,0.7006,0.5695,0.8030,0.3646,0.0942,0.3646,0.5695,0.5695,0.0574,0.0574,0.0574,0.0574,0.3650,0.5580,0.5720,0.1930,0.0140,58.58,2.84,,157.0,0.849,0.116,1.267
1791428284.6658292,0.7006,0.7006,0.6350,0.4998,0.4998,0.4998,0.7006,0.7538,0.1229,0.3646,0.4998,0.7006,0.4998,0.0410,0.1229,0.0369,0.0942,0.3660,0.5570,,0.1910,,59.35,2.83,147.8,157.1,0.845,0.112,1.273
1791428284.6995513,0.7006,0.5695,0.7006,0.4998,0.1557,0.8440,0.7006,0.7006,0.4998,0.1557,0.2991,0.4998,0.5695,0.0574,0.1229,0.0410,0.0737,0.3630,0.5545,,0.1915,,59.79,2.91,148.6,156.4,0.822,0.111,
1791428284.7324278,0.5695,0.7006,0.5695,0.4302,0.3646,0.4998,0.4302,0.5695,0.1557,0.1229,0.3646,0.5695,0.5695,0.0369,0.0410,0.2458,0.0737,0.3620,0.5510,0.5700,0.1890,0.0190,59.71,2.99,148.1,155.4,0.831,0.111,1.309
1791428284.766744,0.5695,0.6350,0.4998,0.4302,0.3646,0.7006,0.4302,0.7538,0.4302,0.0737,0.3646,0.3646,0.3646,0.0410,0.0246,0.0205,0.0737,0.3600,0.5525,,0.1925,,59.96,3.14,148.0,155.2,0.750,0.110,1.192
1791428284.8048368,0.4302,0.7538,0.7006,0.4998,0.3646,0.7006,0.5695,0.7006,0.2991,0.2458,0.2458,0.3646,0.3646,0.0410,0.0246,0.0574,0.0737,0.3630,0.5615,,0.1985,,61.01,2.96,147.2,154.9,0.741,0.106,
1791428284.837077,0.7006,0.4998,0.6350,0.4998,0.4302,0.6350,0.5695,0.7006,0.4998,0.2458,0.2458,0.4998,0.5695,0.0205,0.0369,0.1557,0.1966,0.3600,0.5460,,0.1860,,61.41,3.33,147.1,154.3,0.785,0.104,
1791428284.8703423,0.4302,0.8030,0.6350,0.4998,0.3646,0.7538,0.4302,0.7006,0.2458,0.1557,0.1557,0.4998,0.5695,0.0410,0.0369,0.1557,0.0410,0.3570,0.5500,,0.1930,,61.34,3.49,146.8,153.7,0.789,0.105,
1791428284.9001553,0.8030,0.7006,0.7538,0.4998,0.3646,0.4998,0.6350,0.7538,0.6350,0.1229,0.1966,0.4998,0.5695,0.0737,0.0737,0.0369,0.0369,0.3630,0.5505,,0.1875,,61.91,3.60,146.6,153.1,0.778,0.102,
1791428284.9327006,0.5695,0.7006,0.7006,0.3646,0.2458,0.7538,0.5695,0.5695,0.1966,0.1557,0.4998,0.4302,0.4302,0.0574,0.0737,0.0410,0.0737,0.3560,0.5535,,0.1975,,63.03,3.56,146.4,153.4,0.806,0.098,1.159
1791428284.9664552,0.5695,0.6350,0.7006,0.4302,0.2458,0.7006,0.6350,0.7538,0.5695,0.0574,0.4302,0.4302,0.3646,0.0410,0.0574,0.0574,0.0410,0.3560,0.5545,,0.1985,,63.03,3.50,145.2,153.5,0.798,0.098,1.204
1791428284.9996438,0.7006,0.7006,0.7006,0.4302,0.2991,0.8030,0.7538,0.7006,0.1966,0.2458,0.4302,0.3646,0.4998,0.0369,0.0574,0.0737,0.0942,0.3560,0.5575,,0.2015,,63.94,3.37,144.5,153.8,0.768,0.095,1.165
1791428285.0338624,0.5695,0.7538,0.6350,0.4302,0.3646,0.8030,0.4998,0.6350,0.1557,0.2458,0.4302,0.4998,0.4998,0.1557,0.0942,0.0737,0.1557,0.3560,0.5500,,0.1940,,64.29,3.52,144.7,153.6,0.781,0.094,1.144
1791428285.0654716,0.6350,0.7006,0.8030,0.4302,0.3646,0.8030,0.6350,0.6350,0.4998,0.0942,0.1229,0.4998,0.4998,0.0737,0.0410,0.1557,0.0574,0.3560,0.5555,,0.1995,,64.74,3.46,144.7,153.6,0.766,0.092,
1791428285.1001775,0.5695,0.8440,0.8030,0.3646,0.4302,0.6350,0.6350,0.6350,0.3646,0.0737,0.5695,0.2991,0.4302,0.0164,0.1229,0.0205,0.0410,0.3560,0.5550,,0.1990,,65.08,3.42,143.9,151.9,,0.091,1.184
1791428285.1398559,0.2991,0.8440,0.4998,0.3646,0.4998,0.5695,0.5695,0.6350,0.5695,0.2991,0.2458,0.2991,0.4998,0.0574,0.0737,0.0205,0.0410,,0.5510,,,,65.08,3.42,143.5,151.7,,0.091,
1791428285.1712997,0.4302,0.5695,0.8030,0.3646,0.4302,0.7538,0.5695,0.6350,0.2991,0.2991,0.2458,0.4302,0.4302,0.0574,0.0369,0.0369,0.0410,0.3560,0.5550,,0.1990,,65.41,3.39,143.7,152.1,0.770,0.090,
1791428285.202404,0.4302,0.5695,0.7006,0.2991,0.2458,0.8030,0.4302,0.5695,0.4998,0.0942,0.2991,0.2991,0.2991,0.0246,0.1229,0.1966,0.2458,0.3560,0.5520,,0.1960,,65.87,3.47,,152.8,,0.088,
1791428285.2338448,0.5695,0.8440,0.8030,0.4998,0.1966,0.5695,0.3646,0.7006,0.1557,0.2458,0.1229,0.3646,0.5695,0.0574,0.0942,0.0369,0.1557,0.3560,0.5565,,0.2005,,66.35,3.39,,152.9,0.756,0.086,
1791428285.267019,0.4998,0.7006,0.7006,0.4302,0.3646,0.5695,0.5695,0.7538,0.2458,0.0737,0.2991,0.2991,0.2991,0.0410,0.0942,0.0410,0.0737,0.3550,0.5540,,0.1990,,66.90,,,153.1,,0.084,
1791428285.3005307,0.5695,0.7006,0.7538,0.4998,0.4998,0.6350,0.5695,0.7538,0.4302,0.3646,0.4302,0.1557,0.2458,0.1229,0.0942,0.0574,0.0574,0.3560,0.5495,,0.1935,,66.96,,143.7,154.2,,0.084,1.195
1791428285.3334193,0.7006,0.7006,0.7006,0.4302,0.3646,0.5695,0.4302,0.7006,0.4998,0.2458,0.1557,0.3646,0.3646,0.1229,0.0574,0.0410,0.1557,0.3540,0.5505,,0.1965,,67.13,,144.6,154.0,0.852,0.083,
1791428285.3672104,0.4998,0.8030,0.7538,0.2991,0.4998,0.8030,0.3646,0.7006,0.2458,0.1557,0.3646,0.2991,0.5695,0.0574,0.0410,0.0369,0.0737,0.3520,0.5495,,0.1975,,67.33,,144.4,151.8,,0.082,1.205
1791428285.4010074,0.7538,0.7006,0.6350,0.3646,0.1966,0.5695,0.4998,0.7006,0.7006,0.1229,0.5695,0.3646,0.4302,0.0205,0.0574,0.0574,0.1557,0.3550,0.5510,,0.1960,,67.60,,143.8,149.1,0.766,0.081,1.207
1791428285.4337022,0.5695,0.7006,0.7538,0.2991,0.4302,0.5695,0.4998,0.7006,0.5695,0.0574,0.1557,0.4302,0.4998,0.0737,0.0574,0.0369,0.0574,0.3530,0.5465,,0.1935,,67.82,,143.3,148.0,0.781,0.080,
1791428285.4671025,0.6350,0.6350,0.7538,0.2991,0.2458,0.4998,0.7006,0.7006,0.4302,0.2458,0.4302,0.2458,0.4302,0.0410,0.0737,0.0737,0.0737,0.3530,0.5490,,0.1960,,67.81,,143.4,148.4,,0.080,1.196
1791428285.5055103,0.4998,0.5695,0.7006,0.4302,0.4998,0.7006,0.6350,0.7006,0.2458,0.0942,0.2458,0.2991,0.4998,0.0369,0.0410,0.0574,0.0737,0.3510,0.5535,,0.2025,,67.73,,143.5,148.3,,0.081,
1791428285.5377483,0.3646,0.4998,0.6350,0.2458,0.3646,0.7538,0.6350,0.7538,0.2991,0.1557,0.1557,0.2458,0.4302,0.0574,0.0369,0.0410,0.0574,0.3520,0.5550,,0.2030,,67.86,,143.5,147.9,,0.081,
1791428285.5695379,0.4998,0.4998,0.4998,0.3646,0.2991,0.8030,0.5695,0.7006,0.2991,0.0737,0.4302,0.4302,0.5695,0.0737,0.0942,0.1966,0.1966,0.3510,0.5525,,0.2015,,68.27,,144.2,148.4,0.790,0.079,1.169
1791428285.6007957,0.4998,0.8767,0.8030,0.5695,0.1966,0.7006,0.5695,0.7006,0.1966,0.2458,0.1966,0.3646,0.4998,0.0737,0.0942,0.1557,0.0942,0.3540,0.5530,,0.1990,,68.59,,144.0,149.6,0.729,0.078,
1791428285.6342099,0.5695,0.5695,0.6350,0.4302,0.3646,0.8030,0.6350,0.6350,0.1966,0.1557,0.2991,0.4302,0.4998,0.0737,0.0574,0.1557,0.0737,0.3510,0.5570,,0.2060,,68.71,,142.8,149.1,0.680,0.078,
1791428285.6668868,0.4302,0.4998,0.8440,0.4998,0.2991,0.7006,0.7006,0.7006,0.1966,0.2991,0.2991,0.3646,0.4998,0.0574,0.0410,0.0737,0.1229,0.3550,0.5475,,0.1925,,68.12,,143.3,148.0,0.711,0.080,
1791428285.7009141,0.5695,0.4998,0.8030,0.3646,0.2991,0.6350,0.4302,0.5695,0.1966,0.0574,0.2991,0.2991,0.2991,0.1229,0.0737,0.1966,0.1229,0.3490,0.5540,,0.2050,,68.23,,142.8,148.2,,0.080,
1791428285.7332802,0.2991,0.8030,0.7006,0.4998,0.2991,0.7538,0.5695,0.6350,0.2458,0.1966,0.3646,0.2991,0.2991,0.0205,0.0410,0.1557,0.0737,,0.5550,,,,68.23,,142.2,149.7,,0.080,
1791428285.7673326,0.2991,0.7006,0.5695,0.4302,0.4302,0.7006,0.6350,0.7006,0.2991,0.0410,0.1557,0.1966,0.2991,0.1229,0.0574,0.0942,0.1229,,0.5510,,,,68.23,,140.6,149.0,,0.080,
1791428285.8003085,0.4998,0.7538,0.5695,0.4998,0.2991,0.7538,0.5695,0.7006,0.2458,0.1966,0.2458,0.4998,0.4998,0.0574,0.0410,0.1557,0.0737,0.3490,0.5520,,0.2030,,68.14,,141.5,148.3,0.783,0.081,
1791428285.8404505,0.5695,0.7538,0.7006,0.4302,0.3646,0.8440,0.6350,0.7538,0.1966,0.1557,0.1557,0.3646,0.4302,0.0737,0.1229,0.0942,0.1557,0.3490,0.5440,,0.1950,,67.65,,,146.8,0.760,0.082,
1791428285.8725057,0.5695,0.7006,0.8440,0.4998,0.3646,0.7006,0.7006,0.8030,0.2991,0.1229,0.3646,0.5695,0.4998,0.0574,0.0942,0.0574,0.0574,0.3530,0.5515,,0.1985,,68.26,,,147.7,0.779,0.079,1.099
1791428285.9044251,0.5695,0.7538,0.6350,0.4302,0.3646,0.8030,0.6350,0.6350,0.1229,0.1966,0.4998,0.3646,0.3646,0.0410,0.0942,0.0369,0.0369,0.3510,0.5545,,0.2035,,68.21,,,147.5,0.722,0.080,1.109
1791428285.9358935,0.4302,0.7006,0.7538,0.4998,0.3646,0.7538,0.6350,0.7006,0.1966,0.0410,0.2458,0.4302,0.4302,0.0164,0.0574,0.0737,0.0737,0.3480,0.5510,,0.2030,,68.32,,,146.5,0.767,0.080,
1791428285.9677863,0.6350,0.6350,0.7006,0.4998,0.3646,0.6350,0.7006,0.6350,0.2458,0.0574,0.4302,0.2458,0.4302,0.0737,0.0574,0.1557,0.0737,0.3480,0.5505,,0.2025,,68.47,,,146.5,,0.079,1.097
1791428286.0010564,0.4302,0.8030,0.7006,0.4998,0.4302,0.8440,0.4998,0.6350,0.4998,0.1229,0.1557,0.1557,0.3646,0.0410,0.0737,0.0410,0.0574,0.3480,0.5520,,0.2040,,68.61,,,146.8,,0.079,
1791428286.0338364,0.5695,0.7006,0.6350,0.4998,0.2991,0.7006,0.7006,0.6350,0.2991,0.0410,0.2991,0.2458,0.4998,0.0574,0.0410,0.0369,0.0410,0.3460,0.5510,,0.2050,,69.43,,,146.9,,0.076,
1791428286.0672925,0.4302,0.4998,0.4998,0.5695,0.4302,0.7006,0.7006,0.7006,0.4998,0.0942,0.3646,0.4302,0.5695,0.0737,0.0574,0.0574,0.0574,0.3450,0.5490,,0.2040,,69.99,,,148.0,0.776,0.074,1.135
1791428286.100288,0.4302,0.6350,0.8030,0.4998,0.3646,0.7006,0.4998,0.5695,0.1966,0.0942,0.1966,0.3646,0.4998,0.0737,0.0410,0.0574,0.0410,0.3450,0.5495,,0.2045,,70.62,,,147.4,0.731,0.071,
1791428286.1341531,0.1966,0.4998,0.7538,0.4998,0.2991,0.7538,0.7006,0.5695,0.4302,0.0942,0.1966,0.3646,0.4302,0.0410,0.0942,0.0737,0.0737,,0.5475,,,,70.62,,,147.5,0.709,0.071,
1791428286.167069,0.2458,0.8440,0.6350,0.4302,0.4998,0.7006,0.4998,0.7538,0.3646,0.1966,0.1557,0.3646,0.2991,0.0205,0.0737,0.0410,0.0574,,0.5425,,,,70.62,,,147.7,,0.071,
1791428286.2058978,0.4302,0.6350,0.8030,0.4998,0.4998,0.8030,0.6350,0.4302,0.1966,0.0574,0.1966,0.2991,0.3646,0.0246,0.0410,0.0369,0.0942,0.3420,0.5440,,0.2020,,71.15,,,147.6,,0.069,
1791428286.237452,0.2458,0.7538,0.7538,0.6350,0.4302,0.8440,0.6350,0.4998,0.2991,0.0942,0.1557,0.2458,0.4998,0.1229,0.0369,0.0410,0.0410,,0.5465,,,,71.15,,,148.2,,0.069,
1791428286.2693658,0.6350,0.6350,0.6350,0.5695,0.3646,0.7538,0.5695,0.6350,0.2458,0.1557,0.2991,0.4302,0.2991,0.0574,0.0574,0.0410,0.0574,0.3420,0.5435,,0.2015,,71.97,,,147.8,,0.066,
1791428286.3008769,0.3646,0.8440,0.4998,0.4998,0.4302,0.7538,0.5695,0.5695,0.2458,0.0574,0.4302,0.2458,0.2991,0.0164,0.0574,0.0574,0.0574,0.3420,0.5410,,0.1990,,72.46,,,148.2,,0.064,1.125
1791428286.3339577,0.4302,0.5695,0.8767,0.5695,0.4998,0.8030,0.6350,0.6350,0.2458,0.2458,0.1229,0.2991,0.3646,0.0369,0.1229,0.0574,0.0574,0.3420,0.5435,,0.2015,,73.30,,,147.8,,0.061,
1791428286.3672636,0.3646,0.8767,0.7538,0.5695,0.4998,0.8767,0.7006,0.4998,0.2991,0.0574,0.1557,0.3646,0.4302,0.0942,0.0737,0.0574,0.0369,0.3420,0.5470,,0.2050,,73.45,,,147.3,0.712,0.060,
1791428286.4015663,0.4998,0.7538,0.8440,0.5695,0.5695,0.8767,0.7538,0.5695,0.2458,0.1966,0.0942,0.2458,0.4302,0.0942,0.0246,0.0410,0.0410,0.3420,0.5435,,0.2015,,73.93,,,147.0,,0.058,
1791428286.4340472,0.6350,0.4998,0.8030,0.5695,0.4302,0.8030,0.7006,0.4998,0.6350,0.0737,0.2991,0.3646,0.4302,0.0942,0.0574,0.0410,0.0574,0.3420,0.5430,,0.2010,,74.18,,,148.6,0.719,0.057,
1791428286.4681723,0.4302,0.8767,0.8030,0.6350,0.5695,0.8440,0.7006,0.4998,0.1557,0.0574,0.4302,0.2991,0.4302,0.0737,0.0369,0.0574,0.0410,0.3420,0.5435,,0.2015,,74.31,,,147.0,,0.057,1.065
1791428286.507079,0.4998,0.4998,0.7006,0.4302,0.5695,0.9054,0.5695,0.6350,0.2991,0.0942,0.2991,0.2991,0.3646,0.0737,0.0737,0.0410,0.0574,0.3430,0.5440,,0.2010,,75.00,,,147.2,,0.054,
1791428286.538827,0.3646,0.8030,0.8767,0.5695,0.4998,0.7006,0.7006,0.7006,0.3646,0.2991,0.3646,0.2991,0.5695,0.0574,0.1229,0.0574,0.0574,0.3480,0.5515,,0.2035,,75.19,,,143.5,,0.053,1.218
1791428286.5704646,0.3646,0.6350,0.8030,0.4302,0.4302,0.8767,0.7538,0.8030,0.4302,0.1229,0.1966,0.2991,0.4302,0.0369,0.0246,0.0574,0.0574,0.3440,0.5440,,0.2000,,74.57,,,143.9,,0.056,
1791428286.6017373,0.2991,0.7538,0.5695,0.4998,0.2991,0.6350,0.5695,0.7006,0.2458,0.2458,0.3646,0.5695,0.4302,0.0410,0.0574,0.0410,0.0737,,0.5515,,,,74.57,,,145.1,0.701,0.056,
1791428286.6351967,0.1966,0.4998,0.7538,0.4998,0.4302,0.8030,0.4998,0.7006,0.2458,0.1557,0.1229,0.4302,0.4998,0.0574,0.0574,0.0410,0.0410,,0.5515,,,,74.57,,,144.9,0.699,0.056,
1791428286.6686265,0.6350,0.6350,0.8030,0.4302,0.5695,0.8767,0.7006,0.7538,0.2991,0.0737,0.1557,0.2991,0.4998,0.0737,0.1229,0.0737,0.0737,0.3480,0.5520,,0.2040,,74.40,,,145.3,,0.056,
1791428286.7021186,0.4302,0.4302,0.6350,0.4302,0.4302,0.7006,0.7538,0.8030,0.1966,0.0574,0.2991,0.4998,0.4998,0.0737,0.0942,0.0410,0.0574,0.3510,0.5500,,0.1990,,74.27,,,145.4,0.731,0.057,
1791428286.7346513,0.5695,0.6350,0.8030,0.5695,0.4998,0.8440,0.4998,0.8440,0.2991,0.1229,0.1966,0.4302,0.4302,0.0574,0.0737,0.0574,0.0942,0.3530,0.5520,,0.1990,,74.14,,,145.8,0.738,0.057,
1791428286.768781,0.3646,0.8030,0.8440,0.5695,0.4302,0.7006,0.6350,0.7006,0.1966,0.0574,0.2991,0.3646,0.3646,0.0574,0.0574,0.0410,0.0737,0.3550,0.5545,,0.1995,,73.98,,,145.7,0.706,0.058,
1791428286.801332,0.5695,0.5695,0.5695,0.3646,0.4302,0.7538,0.7006,0.7538,0.2991,0.1557,0.2458,0.2991,0.3646,0.0410,0.0737,0.0574,0.0410,0.3590,0.5545,,0.1955,,73.26,,,146.1,,0.060,
1791428286.8412127,0.7538,0.5695,0.6350,0.2458,0.4302,0.7006,0.4998,0.8030,0.4302,0.0737,0.1966,0.4302,0.4302,0.0369,0.0942,0.0205,0.0574,0.3600,0.5605,,0.2005,,72.99,,,146.0,0.790,0.061,
1791428286.8724627,0.5695,0.8030,0.7006,0.2991,0.4998,0.8030,0.2991,0.6350,0.2991,0.2458,0.1966,0.1966,0.2991,0.0737,0.0737,0.0942,0.0737,0.3630,,,,,72.99,,,146.0,,,
1791428286.9047968,0.5695,0.5695,0.8030,0.4998,0.2991,0.4998,0.5695,0.7538,0.1557,0.2991,0.1557,0.4998,0.4998,0.0410,0.0410,0.0410,0.0942,0.3660,0.5690,,0.2030,,72.37,,,147.7,0.831,0.064,
1791428286.9354775,0.5695,0.5695,0.8440,0.4302,0.4998,0.7538,0.6350,0.7538,0.3646,0.0942,0.2991,0.5695,0.4998,0.0737,0.0246,0.0942,0.0737,0.3690,0.5670,,0.1980,,71.58,,,148.6,0.774,0.067,
1791428286.9686925,0.4998,0.5695,0.6350,0.3646,0.4302,0.7538,0.6350,0.7538,0.4998,0.1966,0.2458,0.2458,0.3646,0.0574,0.1229,0.0737,0.0942,0.3710,0.5670,,0.1960,,71.15,,,149.2,,0.068,
1791428287.0022018,0.5695,0.5695,0.8030,0.4302,0.4302,0.7538,0.4302,0.7538,0.3646,0.1557,0.3646,0.4302,0.3646,0.0410,0.0574,0.0574,0.0942,0.3750,0.5680,,0.1930,,70.52,,,149.1,0.811,0.070,1.181
1791428287.036462,0.6350,0.7006,0.5695,0.4998,0.2991,0.7538,0.6350,0.8030,0.2991,0.0942,0.2458,0.1966,0.3646,0.0574,0.0737,0.0410,0.0574,0.3760,0.5775,,0.2015,,70.10,,,149.9,,0.072,
1791428287.0702236,0.4998,0.6350,0.8440,0.4998,0.4302,0.8030,0.6350,0.8767,0.2991,0.0737,0.3646,0.3646,0.5695,0.0369,0.0737,0.0410,0.0737,0.3800,0.5730,,0.1930,,69.64,,,151.7,0.773,0.073,1.098
1791428287.1021476,0.7006,0.8440,0.7538,0.4998,0.3646,0.8767,0.8440,0.6350,0.2458,0.0574,0.3646,0.4302,0.4302,0.0410,0.0246,0.0737,0.0942,0.3810,0.5760,,0.1950,,68.97,,,152.3,0.769,0.076,1.152
1791428287.1363056,0.5695,0.5695,0.8030,0.2991,0.2991,0.7538,0.3646,0.7538,0.2458,0.2458,0.2458,0.5695,0.4998,0.0123,0.0942,0.0737,0.0574,0.3820,0.5730,,0.1910,,67.83,,,152.9,0.871,0.080,
1791428287.174252,0.5695,0.5695,0.7538,0.2458,0.2458,0.7006,0.3646,0.8030,0.6350,0.0942,0.2991,0.5695,0.6350,0.0164,0.0737,0.0737,0.0737,0.3840,0.5735,0.5730,0.1895,-0.0005,66.86,0.47,,153.6,0.832,0.083,
1791428287.2067358,0.8030,0.5695,0.8440,0.4998,0.3646,0.4302,0.8030,0.5695,0.2991,0.0942,0.2991,0.5695,0.5695,0.0410,0.0246,0.0737,0.0574,0.3850,0.5750,0.7140,0.1900,0.1390,66.67,5.29,,154.5,0.849,0.084,
1791428287.2380347,0.4998,0.6350,0.7006,0.3646,0.1966,0.4998,0.5695,0.7538,0.7538,0.0574,0.1557,0.5695,0.5695,0.0369,0.0942,0.0942,0.0942,0.3860,0.5750,0.5770,0.1890,0.0020,66.16,4.23,,156.1,0.877,0.085,
1791428287.269633,0.7538,0.7538,0.7006,0.4998,0.2991,0.6350,0.3646,0.5695,0.4302,0.0574,0.2458,0.3646,0.4998,0.0082,0.0410,0.0574,0.0737,0.3860,0.5815,,0.1955,,65.99,3.91,,158.0,0.808,0.086,
1791428287.3021595,0.8030,0.5695,0.6350,0.4998,0.2991,0.5695,0.7006,0.8440,0.6350,0.1557,0.1966,0.5695,0.6350,0.0369,0.0410,0.0574,0.0410,0.3860,0.5840,0.7130,0.1980,0.1290,65.69,7.63,,160.8,0.802,0.088,
1791428287.336381,0.7006,0.4998,0.7006,0.4998,0.4302,0.3646,0.4998,0.7538,0.5695,0.1557,0.2458,0.4302,0.4998,0.0574,0.0410,0.0369,0.0737,0.3870,0.5845,,0.1975,,66.19,7.34,,163.9,0.813,0.086,
1791428287.370657,0.5695,0.7006,0.7538,0.5695,0.4302,0.5695,0.4998,0.7006,0.6350,0.2991,0.1557,0.4302,0.4998,0.0369,0.0246,0.0737,0.0942,0.3860,0.5885,,0.2025,,66.71,7.04,,166.1,0.765,0.085,
1791428287.4025455,0.5695,0.8030,0.8030,0.3646,0.2991,0.7006,0.5695,0.5695,0.7538,0.0942,0.1966,0.3646,0.4302,0.0246,0.0369,0.0410,0.0574,0.3870,0.5790,,0.1920,,66.62,7.15,,167.7,0.761,0.085,
1791428287.4368517,0.7006,0.6350,0.8440,0.4998,0.4302,0.6350,0.6350,0.5695,0.7006,0.1229,0.1966,0.4998,0.4998,0.0369,0.0574,0.0574,0.0574,0.3870,0.5770,,0.1900,,66.35,7.21,,167.7,0.815,0.085,
1791428287.4695752,0.7538,0.5695,0.8030,0.4998,0.1966,0.8767,0.4998,0.7006,0.5695,0.2458,0.1966,0.4302,0.5695,0.0246,0.0369,0.0410,0.0574,0.3900,0.5800,,0.1900,,66.30,7.08,,168.7,0.856,0.085,
1791428287.5090003,0.4998,0.7538,0.7006,0.3646,0.4302,0.8440,0.6350,0.7538,0.6350,0.1557,0.1966,0.4302,0.4998,0.0410,0.0410,0.1557,0.1557,0.3910,0.5900,,0.1990,,66.68,6.73,,169.2,0.793,0.084,
1791428287.5400553,0.4998,0.7006,0.7538,0.4998,0.2458,0.8440,0.7538,0.8030,0.4998,0.1229,0.1557,0.5695,0.5695,0.0574,0.0737,0.0737,0.0737,0.3920,0.5795,0.5780,0.1875,-0.0015,66.04,5.36,,170.2,0.794,0.086,
1791428287.5734315,0.5695,0.7006,0.8030,0.4302,0.2991,0.8030,0.7538,0.8440,0.3646,0.0574,0.1557,0.5695,0.5695,0.0737,0.0574,0.0574,0.0737,0.3930,0.5825,0.5780,0.1895,-0.0045,65.66,4.12,,169.8,0.816,0.087,
1791428287.6050193,0.6350,0.4998,0.7006,0.4998,0.2458,0.6350,0.5695,0.7006,0.4302,0.1557,0.1557,0.4998,0.6350,0.0246,0.0737,0.0574,0.0737,0.3970,0.5845,,0.1875,,65.26,4.03,,171.2,0.788,0.088,
1791428287.6366026,0.4998,0.5695,0.7538,0.4998,0.4998,0.7538,0.6350,0.8030,0.4302,0.0942,0.0942,0.5695,0.5695,0.0574,0.0369,0.0942,0.0737,0.4000,0.5815,0.7170,0.1815,0.1355,64.67,7.98,,,0.818,0.090,
1791428287.6699915,0.5695,0.5695,0.7538,0.5695,0.2458,0.8440,0.6350,0.4998,0.5695,0.1229,0.1966,0.6350,0.7006,0.0574,0.0737,0.0942,0.0737,0.4000,0.5895,0.5800,0.1895,-0.0095,64.31,6.06,,,0.811,0.091,
1791428287.703463,0.3646,0.8440,0.8767,0.4302,0.4302,0.7006,0.5695,0.7006,0.6350,0.1966,0.1966,0.6350,0.5695,0.0737,0.0574,0.0737,0.0942,0.4020,0.5835,0.5820,0.1815,-0.0015,63.46,4.76,,,0.842,0.094,
1791428287.7367628,0.6350,0.6350,0.7538,0.4302,0.4302,0.7006,0.7006,0.7538,0.4302,0.1966,0.1557,0.6350,0.5695,0.0574,0.0369,0.0410,0.0574,0.4040,0.5920,0.5810,0.1880,-0.0110,62.72,3.42,,,0.821,0.097,
1791428287.7703872,0.4998,0.7006,0.7006,0.4302,0.2458,0.8030,0.6350,0.6350,0.4998,0.1229,0.1229,0.6350,0.5695,0.0246,0.0205,0.0574,0.0737,0.4040,0.5910,0.5860,0.1870,-0.0050,62.32,2.56,,,0.817,0.098,
1791428287.8101814,0.7006,0.7006,0.6350,0.4998,0.2991,0.8030,0.5695,0.7006,0.4302,0.1966,0.1966,0.6350,0.7006,0.0410,0.0574,0.1229,0.1229,0.4080,0.5915,0.5820,0.1835,-0.0095,62.10,1.71,,,0.832,0.099,
1791428287.841925,0.5695,0.7006,0.7006,0.4302,0.3646,0.7006,0.8030,0.7538,0.4302,0.1557,0.1557,0.5695,0.5695,0.1229,0.0410,0.0942,0.0737,0.4100,0.5930,0.5850,0.1830,-0.0080,61.59,1.09,,,0.797,0.101,
1791428287.8736255,0.4302,0.4302,0.7538,0.3646,0.4998,0.7538,0.6350,0.8030,0.6350,0.1229,0.1966,0.7006,0.7006,0.0205,0.0205,0.0942,0.0942,0.4120,0.5915,0.5810,0.1795,-0.0105,61.11,0.49,,,0.921,0.102,
1791428287.905783,0.4998,0.7006,0.8030,0.5695,0.3646,0.5695,0.5695,0.8030,0.5695,0.1966,0.2991,0.6350,0.6350,0.0369,0.0410,0.0942,0.0737,0.4130,0.5910,0.5830,0.1780,-0.0080,60.46,0.12,,,0.871,0.104,
1791428287.9374285,0.7538,0.4998,0.8440,0.2991,0.2458,0.6350,0.6350,0.7006,0.5695,0.0942,0.1557,0.7006,0.6350,0.0737,0.0205,0.0942,0.0737,0.4140,0.6045,0.5860,0.1905,-0.0185,60.56,-0.53,,,0.911,0.104,
1791428287.970742,0.4998,0.6350,0.8030,0.4302,0.6350,0.7538,0.6350,0.7538,0.4998,0.2458,0.1966,0.6350,0.6350,0.0369,0.0737,0.0574,0.1229,0.4140,0.5930,0.5840,0.1790,-0.0090,59.70,-0.71,,,0.918,0.107,
1791428288.0041478,0.4998,0.6350,0.5695,0.4302,0.2991,0.8440,0.7006,0.7538,0.6350,0.0942,0.1966,0.5695,0.5695,0.0737,0.0574,0.0737,0.0369,0.4150,0.6025,0.5820,0.1875,-0.0205,59.80,-1.24,,,0.888,0.107,
1791428288.0374243,0.7538,0.7006,0.7538,0.2458,0.2991,0.8030,0.7538,0.6350,0.7006,0.0942,0.2458,0.4998,0.4998,0.0737,0.0246,0.0737,0.0737,0.4180,0.5935,,0.1755,,59.54,-1.22,,,0.819,0.107,
1791428288.070829,0.5695,0.4998,0.8030,0.3646,0.2991,0.8030,0.3646,0.7006,0.4998,0.1557,0.1557,0.6350,0.6350,0.0246,0.0164,0.0410,0.0410,0.4170,0.5980,0.5810,0.1810,-0.0170,59.73,-1.55,,,0.835,0.106,
1791428288.1038988,0.7538,0.4302,0.8440,0.4302,0.2991,0.7006,0.7006,0.6350,0.3646,0.0942,0.2458,0.7006,0.5695,0.0737,0.0410,0.0737,0.0737,0.4180,0.6035,0.5850,0.1855,-0.0185,59.84,-1.85,,,0.882,0.106,
1791428288.1432922,0.6350,0.5695,0.6350,0.4998,0.2991,0.8030,0.4998,0.5695,0.5695,0.1557,0.1557,0.7006,0.7006,0.0574,0.0246,0.0942,0.0737,0.4180,0.6095,0.5820,0.1915,-0.0275,60.55,-2.37,,,0.891,0.104,
1791428288.175098,0.8440,0.4998,0.7538,0.3646,0.2991,0.7006,0.8030,0.7538,0.6350,0.0942,0.1966,0.7006,0.5695,0.0574,0.0410,0.0737,0.0942,0.4180,0.6010,0.5820,0.1830,-0.0190,60.35,-2.53,,,0.870,0.105,
1791428288.2065911,0.5695,0.3646,0.7006,0.6350,0.2991,0.7006,0.7006,0.6350,0.6350,0.1966,0.1229,0.6350,0.5695,0.0123,0.0369,0.0410,0.0737,0.4180,0.5950,0.5820,0.1770,-0.0130,60.10,-2.46,,,0.845,0.105,
1791428288.238429,0.8767,0.5695,0.7538,0.4302,0.3646,0.7538,0.7538,0.7006,0.5695,0.2991,0.2991,0.6350,0.6350,0.0410,0.0369,0.0942,0.0737,0.4180,0.5960,0.5840,0.1780,-0.0120,60.23,-2.39,,,0.822,0.104,
1791428288.27064,0.4998,0.5695,0.9054,0.4302,0.4302,0.7538,0.7006,0.6350,0.4302,0.2458,0.1966,0.6350,0.5695,0.0737,0.0246,0.0410,0.0410,0.4180,0.5955,0.5770,0.1775,-0.0185,60.38,-2.54,,,0.846,0.103,
1791428288.3034182,0.5695,0.6350,0.8030,0.4998,0.2991,0.3646,0.6350,0.6350,0.5695,0.1557,0.2991,0.6350,0.5695,0.0942,0.0369,0.0942,0.0942,0.4190,0.6010,0.5800,0.1820,-0.0210,60.13,-2.74,,,0.852,0.104,
1791428288.3379936,0.4998,0.5695,0.7006,0.4998,0.3646,0.7006,0.7006,0.4998,0.5695,0.0942,0.2458,0.6350,0.5695,0.0737,0.0942,0.0942,0.0942,0.4180,0.5975,0.5810,0.1795,-0.0165,59.51,-2.75,,,0.835,0.106,
1791428288.3712187,0.4998,0.7538,0.8030,0.3646,0.1557,0.6350,0.6350,0.7538,0.5695,0.1557,0.1557,0.6350,0.5695,0.0737,0.0574,0.0737,0.0942,0.4180,0.5955,0.5840,0.1775,-0.0115,59.44,-2.60,,,0.838,0.106,
1791428288.405163,0.4998,0.5695,0.8030,0.3646,0.2458,0.6350,0.4998,0.7006,0.6350,0.2458,0.1966,0.5695,0.6350,0.0737,0.0246,0.0737,0.0737,0.4200,0.5970,0.6890,0.1770,0.0920,59.59,1.03,,,0.871,0.105,
1791428288.445077,0.4998,0.7006,0.7006,0.2991,0.2991,0.7006,0.5695,0.8030,0.6350,0.2458,0.2458,0.6350,0.6350,0.0410,0.0369,0.0737,0.1229,0.4190,0.6025,0.5770,0.1835,-0.0255,59.66,-0.04,,,0.858,0.106,
1791428288.476182,0.6350,0.5695,0.8767,0.4998,0.4302,0.7006,0.7006,0.7006,0.4302,0.1966,0.1557,0.6350,0.6350,0.0369,0.0410,0.0942,0.0574,0.4210,0.6055,0.5800,0.1845,-0.0255,60.03,-0.87,,,0.914,0.104,
1791428288.5079021,0.6350,0.8030,0.7538,0.1966,0.3646,0.9054,0.7006,0.7538,0.5695,0.1557,0.1966,0.7006,0.6350,0.0737,0.0410,0.0574,0.0737,0.4210,0.5975,0.5800,0.1765,-0.0175,59.89,-1.28,,,0.845,0.105,
1791428288.5390491,0.6350,0.8030,0.6350,0.4998,0.3646,0.8030,0.6350,0.6350,0.5695,0.1966,0.2458,0.6350,0.6350,0.0205,0.0246,0.0574,0.0942,0.4220,0.5955,0.5800,0.1735,-0.0155,59.29,-1.54,,,0.870,0.106,
1791428288.5711567,0.4302,0.8030,0.6350,0.2991,0.2458,0.8030,0.6350,0.5695,0.7538,0.2458,0.2458,0.5695,0.5695,0.0737,0.0369,0.0942,0.0737,0.4250,0.5995,0.5820,0.1745,-0.0175,59.05,-1.80,,,0.904,0.107,
1791428288.6044006,0.5695,0.7006,0.5695,0.5695,0.2991,0.6350,0.7006,0.5695,0.4998,0.1966,0.2458,0.6350,0.5695,0.0737,0.0574,0.0942,0.0942,0.4250,0.6040,0.5800,0.1790,-0.0240,58.98,-2.21,,,0.897,0.107,
1791428288.6376948,0.6350,0.9054,0.8767,0.6350,0.4302,0.8030,0.7538,0.6350,0.5695,0.2991,0.2458,0.6350,0.6350,0.1557,0.0574,0.0737,0.0737,0.4260,0.6010,0.5800,0.1750,-0.0210,58.67,-2.46,,,0.860,0.108,
1791428288.671823,0.6350,0.8030,0.8030,0.4302,0.2991,0.7006,0.8030,0.5695,0.7538,0.1229,0.2991,0.5695,0.7006,0.0737,0.0737,0.1229,0.0737,0.4250,0.5980,0.7120,0.1730,0.1140,58.23,1.76,,,0.882,0.109,
1791428288.7045555,0.8030,0.7006,0.8767,0.4998,0.2991,0.8030,0.8030,0.7006,0.7538,0.1966,0.1966,0.5695,0.6350,0.0737,0.0574,0.0737,0.0942,0.4260,0.6025,0.5800,0.1765,-0.0225,58.70,0.68,,,0.848,0.107,
1791428288.7384796,0.5695,0.8440,0.7006,0.4302,0.4302,0.7006,0.8030,0.7006,0.4998,0.0942,0.2458,0.6350,0.6350,0.0574,0.0737,0.0574,0.0737,0.4260,0.5995,0.5860,0.1735,-0.0135,58.55,0.10,,,0.911,0.108,
1791428288.7791421,0.7006,0.7538,0.7006,0.5695,0.2991,0.5695,0.8030,0.5695,0.7006,0.2458,0.1966,0.6350,0.6350,0.0737,0.0205,0.1229,0.0737,0.4260,0.6010,0.5810,0.1750,-0.0200,58.32,-0.57,,,0.889,0.108,
1791428288.8107762,0.4998,0.8030,0.8440,0.3646,0.4998,0.7538,0.7006,0.5695,0.7538,0.1229,0.2458,0.6350,0.6350,0.1229,0.1229,0.0737,0.1229,0.4260,0.5995,0.5820,0.1735,-0.0175,57.84,-1.04,,,0.845,0.110,
1791428288.8414826,0.7006,0.7006,0.8440,0.4302,0.1966,0.8030,0.7538,0.6350,0.7006,0.3646,0.1966,0.7006,0.5695,0.0737,0.0942,0.1229,0.0942,0.4260,0.6010,0.5850,0.1750,-0.0160,57.82,-1.36,179.6,,0.838,0.110,1.472
1791428288.873695,0.5695,0.4998,0.8030,0.4998,0.2458,0.7538,0.7006,0.3646,0.7538,0.2991,0.1557,0.7006,0.6350,0.0574,0.0737,0.1229,0.0737,0.4260,0.6040,0.5830,0.1780,-0.0210,58.17,-1.79,179.1,,0.867,0.109,
1791428288.904956,0.7538,0.8030,0.7006,0.4998,0.3646,0.7538,0.6350,0.6350,0.4998,0.4302,0.1966,0.6350,0.5695,0.0737,0.0737,0.0737,0.0737,0.4260,0.6035,0.5850,0.1775,-0.0185,58.10,-2.05,178.4,,0.841,0.110,1.453
1791428288.9382203,0.7006,0.6350,0.4302,0.5695,0.3646,0.7538,0.6350,0.8767,0.4998,0.1229,0.1557,0.7006,0.6350,0.0942,0.0246,0.0737,0.0737,0.4280,0.6005,0.5850,0.1725,-0.0155,58.09,-2.15,177.2,,0.871,0.109,
1791428288.9713326,0.4998,0.5695,0.4998,0.5695,0.5695,0.7538,0.6350,0.4998,0.7538,0.4998,0.1966,0.4302,0.6350,0.0737,0.0369,0.1557,0.1229,0.4260,0.6050,,0.1790,,58.15,-2.29,174.7,,0.834,0.109,1.495
1791428289.005225,0.6350,0.6350,0.8030,0.4302,0.2991,0.9259,0.8030,0.4998,0.7006,0.3646,0.2458,0.6350,0.6350,0.0737,0.0410,0.0737,0.0737,0.4260,0.6050,0.5860,0.1790,-0.0190,57.86,-2.48,173.6,,0.828,0.111,1.414
1791428289.039316,0.8030,0.7538,0.8030,0.4302,0.3646,0.8030,0.7006,0.5695,0.5695,0.1966,0.2458,0.5695,0.5695,0.0942,0.0205,0.0410,0.0737,0.4260,0.6005,0.5850,0.1745,-0.0155,57.09,-2.52,173.1,,0.831,0.114,
1791428289.072147,0.6350,0.7006,0.8030,0.4998,0.4998,0.8767,0.5695,0.4998,0.4998,0.1966,0.1966,0.5695,0.6350,0.0574,0.0574,0.0942,0.0942,0.4270,0.6025,0.5850,0.1755,-0.0175,56.91,-2.59,173.3,,0.867,0.115,
1791428289.11166,0.5695,0.7006,0.7538,0.4302,0.1557,0.7006,0.7006,0.7006,0.2991,0.2991,0.1966,0.7006,0.6350,0.0942,0.0246,0.0410,0.0574,0.4270,0.6045,0.5840,0.1775,-0.0205,56.84,-2.80,173.4,,0.804,0.115,
1791428289.1441355,0.4302,0.6350,0.7006,0.3646,0.4302,0.7538,0.7006,0.7006,0.4302,0.2458,0.2458,0.6350,0.6350,0.0574,0.0574,0.0942,0.0942,0.4270,0.6060,0.5850,0.1790,-0.0210,56.89,-2.93,173.7,,0.877,0.115,
1791428289.1763678,0.5695,0.8030,0.8030,0.4302,0.4302,0.7538,0.7538,0.5695,0.6350,0.1557,0.2458,0.5695,0.5695,0.0737,0.0205,0.0737,0.0737,0.4290,0.6085,0.5820,0.1795,-0.0265,56.87,-3.22,173.6,,0.867,0.116,
1791428289.2069743,0.4302,0.6350,0.8440,0.3646,0.2991,0.8440,0.7538,0.7538,0.7006,0.1229,0.1229,0.4998,0.6350,0.0574,0.0574,0.0369,0.0246,0.4270,0.6050,,0.1780,,56.61,-3.25,173.2,,0.841,0.117,
1791428289.2388482,0.7006,0.7538,0.9054,0.4302,0.2458,0.7006,0.7538,0.7006,0.4998,0.1557,0.2458,0.6350,0.5695,0.0942,0.0369,0.0737,0.0942,0.4300,0.6045,0.5850,0.1745,-0.0195,56.57,-3.28,171.0,,0.824,0.117,
1791428289.2718902,0.7006,0.7538,0.8030,0.4998,0.3646,0.6350,0.6350,0.7006,0.5695,0.3646,0.2458,0.7006,0.5695,0.0737,0.0410,0.1557,0.1229,0.4300,0.6050,0.5870,0.1750,-0.0180,56.48,-3.22,169.4,,0.856,0.117,1.503
1791428289.3050969,0.8030,0.5695,0.8440,0.4302,0.5695,0.6350,0.7538,0.5695,0.6350,0.4302,0.2458,0.5695,0.6350,0.1229,0.0246,0.0942,0.1229,0.4320,0.6035,0.5860,0.1715,-0.0175,55.88,-3.14,168.2,,0.887,0.119,1.590
1791428289.3386977,0.6350,0.7006,0.6350,0.5695,0.4998,0.7006,0.8030,0.7538,0.5695,0.2458,0.1557,0.6350,0.5695,0.1229,0.1229,0.0737,0.0942,0.4320,0.6095,0.5870,0.1775,-0.0225,55.75,-3.26,169.3,,0.867,0.120,
1791428289.3726704,0.7538,0.8030,0.4998,0.4302,0.4302,0.7006,0.8440,0.5695,0.7538,0.1229,0.1557,0.7006,0.6350,0.0737,0.0246,0.0942,0.0574,0.4360,0.6065,0.5850,0.1705,-0.0215,55.69,-3.33,169.4,,0.848,0.119,
1791428289.4067254,0.8030,0.7006,0.9054,0.4998,0.4302,0.7006,0.6350,0.7538,0.5695,0.2458,0.1557,0.5695,0.6350,0.0574,0.1557,0.1557,0.0737,0.4330,0.6105,0.5880,0.1775,-0.0225,55.73,-3.42,169.6,,0.848,0.119,
1791428289.4454799,0.8030,0.7538,0.8440,0.4998,0.3646,0.8030,0.7538,0.5695,0.6350,0.2991,0.1966,0.7006,0.5695,0.0369,0.0574,0.0942,0.1229,0.4330,0.6055,0.5890,0.1725,-0.0165,55.12,-3.27,170.0,,0.875,0.122,
1791428289.4773114,0.4302,0.4302,0.9259,0.4998,0.4302,0.8030,0.7006,0.7006,0.5695,0.1229,0.1557,0.6350,0.6350,0.0942,0.0369,0.0942,0.0410,0.4330,0.6095,0.5880,0.1765,-0.0215,54.97,-3.33,168.8,,0.863,0.123,
1791428289.5084789,0.6350,0.4302,0.7006,0.4998,0.5695,0.7538,0.5695,0.7538,0.5695,0.1966,0.1229,0.7006,0.5695,0.0246,0.0410,0.0942,0.1229,0.4330,0.6060,0.5900,0.1730,-0.0160,55.14,-3.23,168.6,,0.813,0.122,
1791428289.541534,0.8030,0.7538,0.7006,0.4302,0.2458,0.7006,0.7006,0.8030,0.5695,0.2991,0.1557,0.5695,0.6350,0.0737,0.0574,0.0942,0.0737,0.4330,0.6105,0.5910,0.1775,-0.0195,55.16,-3.25,169.1,,0.848,0.122,
1791428289.573237,0.7538,0.7538,0.7006,0.4302,0.5695,0.7538,0.3646,0.6350,0.6350,0.1557,0.2458,0.6350,0.5695,0.0369,0.0246,0.1229,0.0737,0.4330,0.6065,0.5870,0.1735,-0.0195,55.37,-3.25,168.2,,0.852,0.121,
1791428289.6054943,0.6350,0.7006,0.7006,0.4302,0.6350,0.7006,0.6350,0.6350,0.7538,0.3646,0.1966,0.6350,0.5695,0.0942,0.0574,0.0737,0.0942,0.4330,0.6060,0.5880,0.1730,-0.0180,55.52,-3.21,167.7,,0.852,0.120,1.448
1791428289.639942,0.8440,0.4998,0.6350,0.4302,0.4302,0.8030,0.7006,0.6350,0.5695,0.2458,0.2991,0.5695,0.5695,0.0369,0.0369,0.0369,0.0942,0.4330,0.6090,0.5880,0.1760,-0.0210,55.55,-3.27,167.5,,0.849,0.120,
1791428289.6732566,0.6350,0.6350,0.7538,0.5695,0.6350,0.6350,0.7006,0.6350,0.6350,0.1557,0.1966,0.6350,0.6350,0.0942,0.0369,0.0574,0.0942,0.4330,0.6050,0.5880,0.1720,-0.0170,54.99,-3.18,166.1,,0.867,0.122,
1791428289.7068732,0.7006,0.4302,0.8440,0.4998,0.5695,0.7538,0.6350,0.4998,0.4302,0.0942,0.1966,0.6350,0.5695,0.0574,0.0410,0.0737,0.1229,0.4330,0.6055,0.5880,0.1725,-0.0175,54.94,-3.11,165.0,,0.886,0.122,
1791428289.7396233,0.8030,0.4998,0.7538,0.4998,0.4998,0.6350,0.5695,0.6350,0.6350,0.2458,0.1557,0.5695,0.6350,0.0574,0.0942,0.0737,0.1229,0.4330,0.6055,0.5870,0.1725,-0.0185,54.78,-3.11,166.6,,0.845,0.123,
1791428289.7735105,0.8030,0.8767,0.7538,0.4302,0.6350,0.8030,0.7006,0.4302,0.6350,0.3646,0.1557,0.7006,0.5695,0.0246,0.0942,0.0737,0.0942,0.4330,0.6045,0.5890,0.1715,-0.0155,54.50,-3.03,166.3,,0.817,0.124,1.481
1791428289.8068075,0.8030,0.6350,0.7538,0.4998,0.2991,0.8030,0.7006,0.8440,0.6350,0.2458,0.1229,0.5695,0.7006,0.0737,0.0737,0.0737,0.0737,0.4330,0.6090,0.5880,0.1760,-0.0210,54.39,-3.11,165.7,,0.889,0.124,
1791428289.8445196,0.7006,0.8030,0.8440,0.3646,0.4302,0.7006,0.8030,0.7538,0.5695,0.2458,0.1229,0.6350,0.6350,0.0737,0.0942,0.1557,0.0942,0.4330,0.6030,0.5900,0.1700,-0.0130,53.95,-2.87,166.5,,0.927,0.126,
1791428289.8766558,0.4302,0.8440,0.7006,0.4302,0.5695,0.6350,0.6350,0.7006,0.6350,0.1557,0.1229,0.6350,0.6350,0.0246,0.0942,0.0574,0.0737,0.4330,0.6050,0.5880,0.1720,-0.0170,53.51,-2.85,166.4,,0.889,0.128,
1791428289.9081445,0.7538,0.7006,0.8440,0.4302,0.4998,0.5695,0.7006,0.6350,0.7006,0.0942,0.1557,0.6350,0.4998,0.0574,0.0942,0.0574,0.0737,0.4330,0.6055,,0.1725,,53.44,-2.84,166.0,,0.878,0.128,
1791428289.940278,0.8767,0.8440,0.8030,0.4998,0.3646,0.7006,0.8030,0.7006,0.5695,0.1557,0.1229,0.6350,0.6350,0.0737,0.0574,0.0942,0.0737,0.4340,0.6075,0.5890,0.1735,-0.0185,53.54,-2.87,166.5,,0.874,0.128,
1791428289.97259,0.6350,0.7006,0.8767,0.4998,0.2991,0.8767,0.4998,0.7538,0.5695,0.1966,0.1966,0.6350,0.6350,0.0410,0.0574,0.0574,0.0737,0.4340,0.6050,0.5880,0.1710,-0.0170,53.49,-2.88,167.2,,0.842,0.128,
1791428290.0068085,0.8440,0.4998,0.8030,0.4302,0.3646,0.7538,0.5695,0.7006,0.7538,0.2991,0.2991,0.5695,0.4998,0.0574,0.0737,0.0942,0.0737,0.4350,0.6065,,0.1715,,53.33,-2.91,166.8,,0.856,0.128,
1791428290.0404603,0.7538,0.7538,0.6350,0.4302,0.7006,0.6350,0.7006,0.4302,0.7006,0.1557,0.1557,0.4998,0.6350,0.0574,0.0942,0.1229,0.1229,0.4350,0.6080,,0.1730,,53.36,-2.96,165.5,,0.894,0.128,
1791428290.0729952,0.4998,0.5695,0.6350,0.6350,0.5695,0.7006,0.7538,0.7006,0.6350,0.2458,0.2458,0.5695,0.6350,0.0737,0.0369,0.0942,0.1229,0.4370,0.6060,0.5880,0.1690,-0.0180,52.68,-2.90,166.1,,0.959,0.131,
1791428290.1070392,0.6350,0.4302,0.7006,0.4302,0.4998,0.7006,0.5695,0.7538,0.4998,0.1229,0.2458,0.6350,0.6350,0.0574,0.0369,0.0737,0.1229,0.4390,0.6105,0.5920,0.1715,-0.0185,52.86,-2.92,165.8,,0.881,0.130,
1791428290.1473477,0.6350,0.6350,0.7006,0.4998,0.4302,0.7006,0.5695,0.5695,0.6350,0.4998,0.2458,0.6350,0.6350,0.0574,0.0369,0.0246,0.0574,0.4390,0.6070,0.5870,0.1680,-0.0200,52.43,-2.97,165.6,,0.905,0.132,1.580
1791428290.1787722,0.7538,0.4998,0.7006,0.4998,0.5695,0.8030,0.5695,0.5695,0.5695,0.0942,0.1966,0.5695,0.6350,0.0737,0.0942,0.0574,0.0737,0.4400,0.6145,0.5920,0.1745,-0.0225,52.54,-3.10,163.1,,0.883,0.132,
1791428290.2094767,0.4998,0.6350,0.7006,0.2991,0.5695,0.7538,0.7006,0.7006,0.8030,0.1229,0.2991,0.6350,0.5695,0.0410,0.0942,0.0410,0.0574,0.4400,0.6080,0.5950,0.1680,-0.0130,52.25,-2.83,164.6,,0.997,0.132,
1791428290.24211,0.5695,0.6350,0.8030,0.3646,0.4998,0.7538,0.6350,0.6350,0.7538,0.2991,0.2991,0.5695,0.6350,0.0574,0.0942,0.0574,0.0574,0.4410,0.6075,0.5880,0.1665,-0.0195,51.95,-2.90,165.0,,0.878,0.133,
1791428290.2734213,0.7538,0.7006,0.7538,0.4302,0.3646,0.8440,0.7006,0.7538,0.5695,0.3646,0.2991,0.6350,0.6350,0.0410,0.0410,0.0205,0.0737,0.4410,0.6095,0.5940,0.1685,-0.0155,51.89,-2.85,164.8,,0.842,0.133,1.517
1791428290.3065097,0.8030,0.4302,0.6350,0.6350,0.2991,0.8030,0.7006,0.7538,0.4302,0.1557,0.2991,0.5695,0.5695,0.0574,0.0737,0.0574,0.0574,0.4410,0.6105,0.5950,0.1695,-0.0155,51.70,-2.74,164.2,,0.960,0.134,
1791428290.3399029,0.7538,0.5695,0.7006,0.4998,0.5695,0.7006,0.7006,0.6350,0.5695,0.3646,0.2991,0.6350,0.6350,0.0410,0.1229,0.0942,0.0737,0.4410,0.6115,0.5930,0.1705,-0.0185,51.63,-2.79,163.9,,0.878,0.135,1.511
1791428290.373217,0.6350,0.4998,0.5695,0.5695,0.6350,0.5695,0.7538,0.7538,0.6350,0.1229,0.2991,0.6350,0.5695,0.0737,0.0369,0.0737,0.0737,0.4420,0.6100,0.5960,0.1680,-0.0140,51.42,-2.66,164.1,,0.934,0.135,
1791428290.4072192,0.6350,0.4302,0.5695,0.4998,0.5695,0.4302,0.6350,0.8030,0.5695,0.2458,0.4998,0.5695,0.5695,0.0574,0.0574,0.0369,0.0737,0.4460,0.6125,0.5960,0.1665,-0.0165,51.55,-2.63,164.7,174.1,0.931,0.134,1.602
1791428290.4394414,0.8767,0.5695,0.7006,0.5695,0.4302,0.7006,0.7006,0.8030,0.6350,0.1557,0.2458,0.5695,0.7006,0.0737,0.0942,0.0410,0.1229,0.4420,0.6110,0.5980,0.1690,-0.0130,51.61,-2.52,164.1,174.3,0.898,0.134,
1791428290.4737148,0.7538,0.5695,0.4302,0.4302,0.2991,0.7538,0.7006,0.7006,0.8030,0.4998,0.2458,0.5695,0.5695,0.0574,0.0410,0.1229,0.0410,0.4410,0.6100,0.5950,0.1690,-0.0150,51.17,-2.50,163.6,175.1,0.897,0.136,1.569
1791428290.5122006,0.5695,0.4998,0.7006,0.4998,0.4302,0.6350,0.5695,0.7006,0.7006,0.2991,0.5695,0.5695,0.5695,0.0574,0.0246,0.0737,0.0574,0.4410,0.6105,0.5920,0.1695,-0.0185,51.16,-2.58,163.9,171.8,0.912,0.136,1.524
1791428290.5447707,0.7006,0.7006,0.4302,0.3646,0.4998,0.6350,0.7006,0.7538,0.2991,0.1966,0.3646,0.6350,0.5695,0.0574,0.0737,0.0574,0.0737,0.4420,0.6110,0.5920,0.1690,-0.0190,51.19,-2.65,164.4,169.3,0.923,0.136,1.485
1791428290.5758123,0.7538,0.4998,0.6350,0.5695,0.2991,0.7538,0.8030,0.7538,0.5695,0.4302,0.2991,0.7006,0.4998,0.0410,0.0574,0.0942,0.0574,0.4460,0.6125,,0.1665,,51.15,-2.72,164.3,169.3,0.902,0.136,1.515
1791428290.6077278,0.7538,0.7538,0.7538,0.5695,0.5695,0.7538,0.7538,0.8030,0.7006,0.1557,0.4998,0.6350,0.5695,0.0574,0.0369,0.0574,0.0574,0.4450,0.6130,0.5920,0.1680,-0.0210,51.21,-2.81,164.1,167.5,0.952,0.135,1.490
1791428290.640122,0.8030,0.7538,0.5695,0.4998,0.4998,0.7538,0.9054,0.7006,0.7538,0.1229,0.2991,0.7006,0.4998,0.0737,0.0574,0.0574,0.0574,0.4420,0.6115,,0.1695,,50.92,-2.85,163.4,167.3,0.870,0.137,
1791428290.6754344,0.7538,0.6350,0.6350,0.4302,0.6350,0.7006,0.8440,0.8030,0.7538,0.2458,0.3646,0.5695,0.5695,0.0942,0.0369,0.0574,0.0574,0.4420,0.6105,0.5920,0.1685,-0.0185,50.85,-2.85,163.3,166.7,0.927,0.137,1.465
1791428290.7074134,0.8030,0.8030,0.7006,0.4998,0.4302,0.6350,0.7006,0.7538,0.7006,0.1557,0.2458,0.6350,0.6350,0.0737,0.0737,0.0574,0.0574,0.4420,0.6105,0.5950,0.1685,-0.0155,50.72,-2.76,162.6,167.4,0.925,0.138,
1791428290.7419608,0.7006,0.7006,0.6350,0.4302,0.5695,0.5695,0.7538,0.7006,0.6350,0.1229,0.2991,0.6350,0.6350,0.0737,0.0369,0.0410,0.0737,0.4460,0.6135,0.5950,0.1675,-0.0185,50.70,-2.82,162.7,168.1,0.859,0.138,
1791428290.774081,0.8030,0.7006,0.5695,0.4998,0.1966,0.6350,0.7006,0.7538,0.5695,0.4998,0.2991,0.6350,0.6350,0.0737,0.0574,0.0737,0.0942,0.4460,0.6165,0.5970,0.1705,-0.0195,50.71,-2.83,162.4,169.8,0.973,0.138,1.640
1791428290.8081942,0.7006,0.7538,0.8030,0.7006,0.4998,0.5695,0.6350,0.7006,0.4998,0.2458,0.1557,0.7006,0.6350,0.0737,0.0737,0.0574,0.0574,0.4480,0.6110,0.5950,0.1630,-0.0160,50.63,-2.76,162.5,170.1,0.922,0.138,
1791428290.847061,0.7006,0.7006,0.6350,0.4998,0.4302,0.7006,0.6350,0.5695,0.4998,0.0942,0.2991,0.5695,0.7006,0.0737,0.0942,0.0737,0.0737,0.4420,0.6210,0.5970,0.1790,-0.0240,51.13,-2.94,159.3,170.5,0.937,0.137,
1791428290.8787265,0.8030,0.4998,0.6350,0.4998,0.6350,0.7006,0.8030,0.7006,0.7006,0.1557,0.1557,0.5695,0.6350,0.0410,0.1229,0.0574,0.0737,0.4420,0.6130,0.5960,0.1710,-0.0170,51.22,-2.95,159.9,170.3,0.814,0.137,
1791428290.91062,0.7538,0.7538,0.6350,0.6350,0.4998,0.8030,0.6350,0.5695,0.4998,0.1557,0.4302,0.6350,0.6350,0.0574,0.0574,0.0574,0.0737,0.4420,0.6185,0.5980,0.1765,-0.0205,51.35,-3.00,160.8,167.4,0.915,0.137,1.515
1791428290.9418657,0.4998,0.7006,0.5695,0.4302,0.4302,0.7006,0.6350,0.7006,0.7538,0.2458,0.2991,0.6350,0.6350,0.0737,0.0574,0.0737,0.0574,0.4420,0.6110,0.5960,0.1690,-0.0150,51.36,-2.83,161.5,167.2,0.973,0.137,
1791428290.9738271,0.6350,0.4998,0.8440,0.4302,0.4302,0.7006,0.7006,0.5695,0.8030,0.2458,0.3646,0.6350,0.7006,0.1229,0.0410,0.0737,0.0410,0.4420,0.6135,0.5970,0.1715,-0.0165,51.56,-2.81,159.1,164.8,0.877,0.136,1.471
1791428291.0077214,0.5695,0.6350,0.8030,0.4998,0.3646,0.6350,0.8030,0.3646,0.4302,0.4998,0.2991,0.6350,0.5695,0.0737,0.0369,0.0942,0.0737,0.4430,0.6130,0.5970,0.1700,-0.0160,51.42,-2.76,160.8,164.5,0.886,0.136,1.504
1791428291.0413532,0.8030,0.3646,0.6350,0.4998,0.4302,0.8030,0.5695,0.7538,0.4998,0.1966,0.1557,0.5695,0.7006,0.0737,0.0737,0.0737,0.0737,0.4420,0.6115,0.5970,0.1695,-0.0145,51.01,-2.69,160.0,164.3,0.879,0.138,
1791428291.074475,0.4998,0.4998,0.5695,0.3646,0.5695,0.4302,0.5695,0.4998,0.5695,0.2458,0.4302,0.5695,0.7006,0.0737,0.0410,0.0737,0.0737,0.4420,0.6110,0.5970,0.1690,-0.0140,50.83,-2.58,159.0,163.3,0.926,0.139,1.532
1791428291.107182,0.8440,0.6350,0.6350,0.4302,0.4302,0.7538,0.7538,0.6350,0.8030,0.1229,0.3646,0.6350,0.5695,0.0574,0.0246,0.0574,0.1966,0.4420,0.6115,0.5980,0.1695,-0.0135,51.33,-2.52,159.5,162.6,0.849,0.136,1.404
1791428291.1417906,0.8440,0.4998,0.7006,0.4302,0.4302,0.6350,0.7006,0.7006,0.5695,0.4302,0.3646,0.6350,0.6350,0.0410,0.0942,0.0410,0.0574,0.4420,0.6110,0.5970,0.1690,-0.0140,51.38,-2.46,160.5,161.4,0.909,0.136,1.515
1791428291.1801038,0.5695,0.7006,0.7538,0.7006,0.3646,0.7538,0.7538,0.6350,0.7006,0.2991,0.2458,0.4998,0.5695,0.0737,0.0942,0.0574,0.0410,0.4420,0.6115,,0.1695,,51.52,-2.46,161.4,161.6,0.856,0.135,
1791428291.2107413,0.4998,0.5695,0.7538,0.4302,0.5695,0.5695,0.5695,0.6350,0.7006,0.1557,0.2458,0.5695,0.5695,0.0737,0.0246,0.0574,0.0942,0.4420,0.6100,0.5960,0.1680,-0.0140,51.30,-2.40,160.9,161.8,0.921,0.136,
1791428291.2428427,0.8030,0.6350,0.6350,0.3646,0.4302,0.6350,0.7538,0.7538,0.6350,0.1557,0.1557,0.6350,0.7006,0.0737,0.0246,0.0574,0.0737,0.4420,0.6115,0.5970,0.1695,-0.0145,51.13,-2.39,159.3,161.7,0.882,0.137,
1791428291.2751453,0.4998,0.7006,0.8440,0.6350,0.5695,0.7006,0.4302,0.5695,0.7006,0.3646,0.3646,0.6350,0.6350,0.0574,0.0942,0.0574,0.0574,0.4420,0.6105,0.5960,0.1685,-0.0145,51.03,-2.33,160.9,160.4,0.979,0.137,1.462
1791428291.30785,0.5695,0.7538,0.6350,0.6350,0.2991,0.6350,0.7006,0.6350,0.6350,0.2458,0.2991,0.5695,0.7006,0.0942,0.0369,0.0574,0.0737,0.4420,0.6160,0.5990,0.1740,-0.0170,51.54,-2.40,162.8,160.1,0.902,0.135,
1791428291.3418097,0.7538,0.4998,0.7538,0.4998,0.4302,0.9054,0.6350,0.6350,0.6350,0.1966,0.3646,0.6350,0.6350,0.0410,0.0942,0.0574,0.1229,0.4420,0.6115,0.5920,0.1695,-0.0195,51.48,-2.53,163.1,159.2,0.921,0.135,1.555
1791428291.3748126,0.7538,0.7006,0.7006,0.5695,0.5695,0.7538,0.7538,0.6350,0.5695,0.1966,0.1557,0.5695,0.5695,0.0410,0.0246,0.0942,0.0942,0.4420,0.6135,0.5940,0.1715,-0.0195,51.32,-2.67,163.3,157.1,0.852,0.136,
1791428291.4081674,0.7006,0.7006,0.8030,0.4998,0.4302,0.7538,0.7006,0.7006,0.6350,0.3646,0.1966,0.6350,0.6350,0.0410,0.0942,0.0574,0.0737,0.4420,0.6120,0.5960,0.1700,-0.0160,51.62,-2.67,163.0,157.9,0.859,0.135,1.497
1791428291.4414842,0.8030,0.7538,0.6350,0.5695,0.4302,0.7006,0.7006,0.5695,0.4998,0.2991,0.1966,0.6350,0.6350,0.0737,0.0737,0.0246,0.0737,0.4420,0.6115,0.5960,0.1695,-0.0155,51.81,-2.62,163.8,157.8,0.917,0.134,
1791428291.4808855,0.4302,0.4998,0.8440,0.4998,0.6350,0.7538,0.4998,0.7006,0.3646,0.1229,0.4302,0.5695,0.6350,0.0942,0.0410,0.0574,0.0737,0.4430,0.6120,0.5960,0.1690,-0.0160,51.43,-2.62,162.8,157.3,0.875,0.135,1.514
1791428291.511911,0.4302,0.5695,0.8030,0.5695,0.5695,0.7006,0.7006,0.7538,0.4998,0.1229,0.4302,0.4998,0.5695,0.0737,0.0737,0.0410,0.0574,0.4420,0.6115,,0.1695,,51.12,-2.60,161.3,157.2,0.888,0.137,1.530
1791428291.5442905,0.7006,0.5695,0.6350,0.4998,0.2458,0.7006,0.7006,0.6350,0.5695,0.3646,0.1966,0.6350,0.5695,0.0737,0.1557,0.1229,0.1557,0.4420,0.6130,0.5960,0.1710,-0.0170,51.38,-2.65,161.6,157.5,0.845,0.136,1.459
1791428291.575461,0.4302,0.7006,0.8767,0.4998,0.2458,0.7538,0.7538,0.8030,0.4998,0.1229,0.2991,0.6350,0.6350,0.0737,0.0574,0.0246,0.0410,0.4420,0.6115,0.5980,0.1695,-0.0135,51.18,-2.54,159.4,156.8,0.921,0.137,
1791428291.6073978,0.6350,0.5695,0.7006,0.4302,0.5695,0.7006,0.5695,0.6350,0.4998,0.1966,0.2991,0.6350,0.6350,0.0942,0.1557,0.0574,0.0737,0.4420,0.6085,0.5980,0.1665,-0.0105,50.40,-2.34,160.1,157.1,0.948,0.140,
1791428291.641865,0.4998,0.7006,0.7006,0.6350,0.5695,0.6350,0.7006,0.7006,0.5695,0.1966,0.2991,0.7006,0.6350,0.1229,0.0369,0.1229,0.0942,0.4420,0.6130,0.5980,0.1710,-0.0150,50.63,-2.35,160.7,157.7,0.890,0.139,
1791428291.675975,0.6350,0.5695,0.6350,0.6350,0.4302,0.7538,0.7538,0.8030,0.3646,0.1229,0.5695,0.6350,0.6350,0.0942,0.0737,0.0942,0.0574,0.4420,0.6180,0.5980,0.1760,-0.0200,50.80,-2.54,161.0,157.4,0.870,0.139,1.550
1791428291.708148,0.6350,0.7538,0.6350,0.4302,0.6350,0.6350,0.7538,0.6350,0.4302,0.4998,0.3646,0.6350,0.6350,0.0737,0.0205,0.0737,0.0737,0.4420,0.6095,0.5980,0.1675,-0.0115,50.29,-2.38,161.4,157.5,0.923,0.141,1.593
1791428291.7420645,0.8030,0.5695,0.8030,0.6350,0.4302,0.7006,0.7006,0.7006,0.5695,0.1557,0.3646,0.5695,0.6350,0.0410,0.0205,0.0574,0.0737,0.4420,0.6130,0.5980,0.1710,-0.0150,50.42,-2.38,160.7,157.4,0.906,0.141,1.538
1791428291.7826297,0.7006,0.6350,0.7538,0.4302,0.4302,0.5695,0.7538,0.6350,0.4302,0.3646,0.2991,0.6350,0.6350,0.0942,0.0942,0.0410,0.0737,0.4420,0.6120,0.5980,0.1700,-0.0140,50.77,-2.39,161.3,157.2,0.830,0.139,1.420
1791428291.8136861,0.4998,0.6350,0.5695,0.5695,0.4998,0.5695,0.5695,0.6350,0.4998,0.2991,0.2991,0.5695,0.5695,0.0410,0.0942,0.0574,0.0737,0.4410,0.6110,0.5980,0.1700,-0.0130,50.49,-2.34,161.7,158.0,0.871,0.140,
1791428291.8446505,0.4998,0.6350,0.5695,0.4998,0.2991,0.7006,0.6350,0.7538,0.3646,0.2458,0.2458,0.7006,0.6350,0.0737,0.0574,0.0737,0.0737,0.4420,0.6105,0.5980,0.1685,-0.0125,50.49,-2.31,161.9,158.3,0.817,0.140,
1791428291.87624,0.4998,0.4998,0.7006,0.4998,0.4998,0.6350,0.5695,0.7538,0.6350,0.1229,0.3646,0.5695,0.6350,0.0574,0.0205,0.1229,0.0942,0.4410,0.6145,0.5980,0.1735,-0.0165,50.66,-2.38,161.7,158.2,0.890,0.140,1.569
1791428291.908703,0.4302,0.6350,0.8030,0.4998,0.4302,0.6350,0.6350,0.8030,0.4302,0.3646,0.2458,0.5695,0.5695,0.0737,0.0205,0.0410,0.0737,0.4420,0.6140,0.5960,0.1720,-0.0180,50.62,-2.46,162.3,157.8,0.929,0.140,1.593
1791428291.9420712,0.7006,0.3646,0.7538,0.5695,0.3646,0.8030,0.5695,0.5695,0.5695,0.1557,0.2458,0.6350,0.6350,0.0737,0.0737,0.0737,0.0737,0.4410,0.6150,0.5960,0.1740,-0.0190,50.85,-2.58,162.4,156.8,0.897,0.140,
1791428291.976412,0.7006,0.5695,0.4302,0.4302,0.1966,0.7538,0.6350,0.7538,0.5695,0.1557,0.4302,0.7006,0.7006,0.0737,0.0205,0.0737,0.0574,0.4410,0.6105,0.5960,0.1695,-0.0145,50.67,-2.56,161.5,156.5,0.841,0.140,1.539
1791428292.008862,0.6350,0.6350,0.4998,0.5695,0.4302,0.8440,0.7006,0.6350,0.4302,0.0942,0.2991,0.6350,0.6350,0.0574,0.0246,0.0410,0.0737,0.4410,0.6105,0.5980,0.1695,-0.0125,50.77,-2.48,158.0,155.9,0.836,0.139,
1791428292.0425253,0.4998,0.4302,0.7538,0.3646,0.4302,0.7538,0.6350,0.7006,0.4998,0.3646,0.4302,0.6350,0.5695,0.0369,0.0942,0.0737,0.0942,0.4400,0.6105,0.5960,0.1705,-0.0145,51.24,-2.45,159.5,156.4,0.881,0.137,1.414
1791428292.0831988,0.7538,0.5695,0.8440,0.4998,0.3646,0.6350,0.7538,0.7006,0.4998,0.1229,0.2991,0.7006,0.6350,0.0574,0.0369,0.0410,0.1229,0.4390,0.6095,0.5970,0.1705,-0.0125,51.38,-2.39,160.2,157.0,0.849,0.136,
1791428292.1153023,0.6350,0.7006,0.6350,0.5695,0.6350,0.6350,0.7006,0.7006,0.4998,0.1966,0.3646,0.5695,0.6350,0.0942,0.0369,0.0942,0.0942,0.4370,0.6095,0.5950,0.1725,-0.0145,51.29,-2.39,160.5,157.4,0.867,0.137,1.496
1791428292.1468244,0.8440,0.7006,0.8030,0.4998,0.4302,0.7538,0.7538,0.6350,0.7538,0.1229,0.2458,0.7006,0.4998,0.0737,0.0574,0.0737,0.0737,0.4360,0.6090,,0.1730,,51.50,-2.33,159.1,157.3,0.852,0.136,
1791428292.1787188,0.7006,0.5695,0.9259,0.5695,0.4998,0.7538,0.7538,0.4998,0.4998,0.1557,0.4302,0.6350,0.6350,0.0737,0.0574,0.0737,0.0737,0.4360,0.6130,0.5950,0.1770,-0.0180,51.97,-2.46,157.5,157.6,0.856,0.135,1.474
1791428292.210336,0.5695,0.8030,0.7006,0.4302,0.4998,0.4998,0.5695,0.6350,0.4998,0.1557,0.1557,0.5695,0.5695,0.0737,0.0737,0.0574,0.0574,0.4360,0.6090,0.5920,0.1730,-0.0170,52.31,-2.56,155.0,157.3,0.814,0.133,
1791428292.2422984,0.7538,0.8767,0.7006,0.4998,0.4302,0.6350,0.5695,0.4998,0.2458,0.2458,0.1966,0.6350,0.7006,0.0737,0.0942,0.0574,0.0574,0.4370,0.6085,0.5950,0.1715,-0.0135,51.72,-2.48,156.3,157.4,0.895,0.136,
1791428292.2759216,0.3646,0.7538,0.7006,0.4302,0.5695,0.7538,0.7006,0.7006,0.4302,0.2991,0.3646,0.6350,0.6350,0.0410,0.0942,0.0574,0.0737,0.4360,0.6085,0.5920,0.1725,-0.0165,51.95,-2.53,156.9,157.4,0.863,0.135,1.426
1791428292.3092897,0.7006,0.8030,0.8030,0.6350,0.3646,0.8030,0.7006,0.7006,0.5695,0.4302,0.3646,0.7538,0.6350,0.0574,0.0410,0.0574,0.0942,0.4360,0.6075,0.5960,0.1715,-0.0115,52.12,-2.39,159.3,157.1,0.902,0.134,1.511
1791428292.3433974,0.6350,0.7538,0.7538,0.3646,0.1966,0.7538,0.7538,0.7006,0.4302,0.2458,0.1229,0.6350,0.5695,0.0410,0.0410,0.0574,0.0942,0.4350,0.6085,0.5920,0.1735,-0.0165,52.03,-2.47,160.7,156.1,0.837,0.135,
1791428292.3768787,0.7538,0.7538,0.8440,0.3646,0.4998,0.6350,0.4998,0.8030,0.4998,0.2458,0.3646,0.6350,0.7006,0.0574,0.0737,0.0942,0.0942,0.4350,0.6080,0.5940,0.1730,-0.0140,52.21,-2.44,161.1,156.3,0.870,0.134,1.421
1791428292.4156058,0.8440,0.8030,0.7538,0.5695,0.2991,0.7538,0.7006,0.7538,0.7006,0.2458,0.3646,0.5695,0.5695,0.0942,0.0369,0.0410,0.0942,0.4340,0.6060,0.5940,0.1720,-0.0120,51.62,-2.30,162.0,156.4,0.946,0.137,1.622
1791428292.446605,0.8030,0.7538,0.5695,0.2991,0.4302,0.6350,0.5695,0.5695,0.4302,0.4302,0.1966,0.7006,0.7006,0.0574,0.0942,0.0574,0.0737,0.4330,0.6075,0.5890,0.1745,-0.0185,52.07,-2.46,163.3,155.9,0.852,0.135,1.505
1791428292.477868,0.5695,0.8440,0.8030,0.4998,0.5695,0.7006,0.6350,0.7006,0.5695,0.0942,0.1966,0.7006,0.6350,0.0942,0.1229,0.0410,0.0574,0.4320,0.6115,0.5940,0.1795,-0.0175,52.37,-2.54,162.9,155.8,0.870,0.134,
1791428292.5097563,0.4998,0.7006,0.8767,0.1966,0.2991,0.7006,0.7006,0.7006,0.5695,0.1966,0.0942,0.6350,0.6350,0.0369,0.0737,0.0574,0.0942,0.4300,0.6045,0.5940,0.1745,-0.0105,52.15,-2.37,163.0,155.1,0.886,0.135,
1791428292.5434177,0.4302,0.8440,0.9259,0.4302,0.4998,0.7006,0.7538,0.7538,0.4998,0.3646,0.3646,0.5695,0.6350,0.0574,0.0942,0.0737,0.0737,0.4320,0.6050,0.5920,0.1730,-0.0130,52.37,-2.33,163.6,155.1,0.867,0.134,1.402
1791428292.5761688,0.4302,0.8030,0.8440,0.3646,0.4998,0.7538,0.6350,0.6350,0.4998,0.1966,0.4302,0.6350,0.5695,0.0369,0.0737,0.0737,0.0737,0.4290,0.6000,0.5950,0.1710,-0.0050,52.52,-2.00,162.6,155.5,0.936,0.133,1.532
1791428292.6102448,0.5695,0.7006,0.8440,0.4998,0.5695,0.7006,0.8030,0.8030,0.5695,0.2458,0.3646,0.5695,0.6350,0.0410,0.0574,0.0410,0.0574,0.4310,0.6035,0.5890,0.1725,-0.0145,53.26,-2.11,162.0,155.5,0.796,0.129,1.325
1791428292.6505682,0.4998,0.7006,0.7006,0.4998,0.3646,0.6350,0.4998,0.6350,0.8030,0.1229,0.1557,0.5695,0.6350,0.0410,0.0737,0.0737,0.0574,0.4280,0.6060,0.5930,0.1780,-0.0130,53.50,-2.13,160.7,155.6,0.837,0.129,
1791428292.6817458,0.8030,0.6350,0.7006,0.3646,0.1966,0.7006,0.7006,0.7538,0.6350,0.0942,0.2991,0.6350,0.5695,0.0410,0.0410,0.0410,0.0410,0.4290,0.6020,0.5870,0.1730,-0.0150,54.14,-2.19,159.3,155.8,0.884,0.126,
1791428292.7135384,0.8030,0.6350,0.8767,0.4998,0.2991,0.7538,0.5695,0.8030,0.4998,0.2991,0.4302,0.5695,0.6350,0.0410,0.0205,0.0574,0.0574,0.4280,0.6030,0.5930,0.1750,-0.0100,54.53,-2.09,160.3,155.6,0.859,0.124,1.415
1791428292.744414,0.6350,0.6350,0.7006,0.5695,0.4998,0.7538,0.5695,0.8440,0.7538,0.1966,0.2458,0.5695,0.6350,0.0574,0.0574,0.0574,0.0410,0.4270,0.6030,0.5880,0.1760,-0.0150,54.64,-2.18,159.9,155.3,0.849,0.124,
1791428292.7764072,0.7538,0.5695,0.6350,0.4998,0.4998,0.8030,0.6350,0.7006,0.4998,0.2458,0.2991,0.6350,0.6350,0.0574,0.0574,0.0574,0.0574,0.4280,0.6020,0.5880,0.1740,-0.0140,55.21,-2.20,159.5,155.3,0.877,0.121,
1791428292.810301,0.5695,0.8030,0.6350,0.6350,0.5695,0.8440,0.4998,0.7006,0.5695,0.1557,0.3646,0.5695,0.6350,0.0574,0.0410,0.0737,0.0737,0.4290,0.6015,0.5950,0.1725,-0.0065,55.38,-1.97,157.5,155.7,0.867,0.120,1.469
1791428292.8432405,0.6350,0.7006,0.4302,0.4998,0.3646,0.6350,0.7538,0.6350,0.5695,0.2458,0.1557,0.6350,0.5695,0.0737,0.0246,0.0246,0.0737,0.4270,0.6020,0.5880,0.1750,-0.0140,54.83,-2.01,158.9,155.4,0.934,0.123,
1791428292.8763843,0.7538,0.7006,0.8767,0.5695,0.4998,0.7006,0.7006,0.5695,0.3646,0.2458,0.2991,0.5695,0.5695,0.0410,0.0410,0.0410,0.0369,0.4270,0.6010,0.5910,0.1740,-0.0100,55.24,-1.94,159.8,155.1,0.874,0.121,
1791428292.9107938,0.7006,0.6350,0.6350,0.3646,0.2991,0.8030,0.7538,0.7538,0.4302,0.2991,0.2991,0.6350,0.5695,0.0369,0.0410,0.0246,0.0369,0.4270,0.6005,0.5890,0.1735,-0.0115,54.98,-1.92,159.6,154.3,0.886,0.122,
1791428292.9505432,0.8440,0.7006,0.8030,0.4998,0.6350,0.7538,0.7006,0.7006,0.5695,0.1557,0.2991,0.5695,0.6350,0.0574,0.0574,0.0246,0.0410,0.4270,0.6070,0.5930,0.1800,-0.0140,55.55,-1.99,158.8,154.4,0.888,0.120,
1791428292.9820993,0.4998,0.7538,0.8440,0.5695,0.4998,0.8030,0.7538,0.7006,0.4302,0.5695,0.3646,0.6350,0.7006,0.0410,0.0737,0.0369,0.0574,0.4240,0.5995,0.5930,0.1755,-0.0065,55.42,-1.80,159.9,154.2,0.892,0.121,1.459
1791428293.0125155,0.8440,0.9259,0.8030,0.4302,0.4302,0.7538,0.7538,0.6350,0.7006,0.1557,0.2991,0.6350,0.5695,0.0410,0.0737,0.0369,0.0410,0.4260,0.5985,0.5950,0.1725,-0.0035,55.10,-1.55,159.7,153.3,0.894,0.122,
1791428293.0448818,0.7006,0.7538,0.9054,0.2991,0.4302,0.7538,0.7006,0.7538,0.4998,0.3646,0.2991,0.5695,0.5695,0.0369,0.0410,0.0410,0.0246,0.4240,0.5985,0.5960,0.1745,-0.0025,54.81,-1.31,160.5,152.9,0.925,0.123,1.524
1791428293.0774438,0.7006,0.4998,0.8030,0.4998,0.4998,0.8440,0.6350,0.2458,0.5695,0.1966,0.2458,0.6350,0.5695,0.0369,0.0410,0.0737,0.0369,0.4220,0.6025,0.5950,0.1805,-0.0075,55.17,-1.29,160.4,152.4,0.878,0.122,
1791428293.1096075,0.4998,0.6350,0.7538,0.5695,0.4998,0.7006,0.8030,0.8030,0.6350,0.1557,0.3646,0.5695,0.5695,0.0164,0.0574,0.0737,0.0574,0.4230,0.5955,0.5930,0.1725,-0.0025,55.06,-1.09,159.4,153.1,0.977,0.122,1.592
1791428293.1445825,0.7006,0.5695,0.8440,0.5695,0.4302,0.8030,0.4998,0.7006,0.4302,0.4302,0.5695,0.5695,0.5695,0.0410,0.0410,0.0737,0.0410,0.4200,0.5945,0.5940,0.1745,-0.0005,55.45,-0.88,160.1,153.9,0.941,0.121,1.484
1791428293.1778135,0.4998,0.7006,0.8030,0.3646,0.4998,0.5695,0.7006,0.7006,0.4302,0.2458,0.4998,0.5695,0.6350,0.0737,0.0246,0.0369,0.0574,0.4200,0.5935,0.5880,0.1735,-0.0055,55.19,-0.87,159.4,154.8,0.960,0.121,1.640
1791428293.2172887,0.7006,0.7006,0.6350,0.4998,0.4302,0.8030,0.6350,0.7538,0.5695,0.1966,0.4302,0.6350,0.5695,0.0574,0.0410,0.0369,0.0574,0.4180,0.5990,0.5880,0.1810,-0.0110,55.38,-1.04,158.8,154.8,0.908,0.122,1.479
1791428293.2495062,0.5695,0.7006,0.8030,0.4302,0.4302,0.6350,0.6350,0.4302,0.4998,0.4302,0.2458,0.6350,0.6350,0.0410,0.0246,0.0369,0.0369,0.4160,0.5955,0.5970,0.1795,0.0015,55.74,-0.80,157.9,154.5,0.865,0.120,1.436
1791428293.280352,0.6350,0.8030,0.9054,0.3646,0.4302,0.7538,0.6350,0.7538,0.6350,0.2991,0.1229,0.4998,0.4998,0.0574,0.0246,0.0164,0.0369,0.4160,0.6005,,0.1845,,55.91,-0.89,157.9,154.6,0.895,0.121,
1791428293.312531,0.5695,0.8767,0.8030,0.4998,0.5695,0.8030,0.8440,0.7006,0.6350,0.0737,0.1557,0.5695,0.5695,0.0369,0.0737,0.0574,0.0369,0.4140,0.5935,0.5890,0.1795,-0.0045,56.02,-0.86,157.0,153.7,0.896,0.120,
1791428293.3440647,0.5695,0.8440,0.8440,0.3646,0.7006,0.4998,0.7538,0.6350,0.4302,0.4302,0.4302,0.6350,0.6350,0.0369,0.0369,0.0410,0.0574,0.4140,0.6020,0.5940,0.1880,-0.0080,56.49,-0.94,157.6,153.5,0.916,0.119,1.479
1791428293.3770533,0.8030,0.6350,0.9054,0.2991,0.4302,0.7006,0.6350,0.7006,0.4998,0.1966,0.1229,0.6350,0.4998,0.0410,0.0737,0.0410,0.0574,0.4140,0.5925,,0.1785,,56.06,-0.76,156.3,152.6,0.893,0.121,
1791428293.4109259,0.7006,0.6350,0.8030,0.3646,0.6350,0.4998,0.5695,0.7538,0.4998,0.4998,0.1557,0.4302,0.5695,0.0369,0.0246,0.0369,0.0574,0.4140,0.5990,,0.1850,,55.84,-0.81,156.9,152.3,0.934,0.123,1.534
1791428293.444387,0.6350,0.7006,0.8440,0.3646,0.4302,0.6350,0.7006,0.7006,0.2991,0.1557,0.1557,0.5695,0.5695,0.0410,0.0410,0.0574,0.0246,0.4140,0.5980,0.5870,0.1840,-0.0110,56.10,-1.00,157.1,152.4,0.895,0.122,
1791428293.4776127,0.5695,0.7538,0.7538,0.2458,0.4998,0.8030,0.4998,0.7538,0.6350,0.2991,0.2458,0.4302,0.6350,0.0369,0.0737,0.0369,0.0574,0.4140,0.5915,,0.1775,,55.66,-0.81,157.6,152.2,0.907,0.124,
1791428293.5112803,0.4302,0.6350,0.8440,0.3646,0.2991,0.8030,0.7006,0.6350,0.4302,0.1229,0.3646,0.6350,0.5695,0.0410,0.0737,0.0737,0.0369,0.4140,0.5990,0.5870,0.1850,-0.0120,55.92,-1.03,155.9,152.9,0.907,0.123,1.483
1791428293.5499206,0.6350,0.7006,0.8440,0.4998,0.2991,0.6350,0.5695,0.6350,0.4998,0.0942,0.1229,0.5695,0.6350,0.0410,0.0369,0.0369,0.0574,0.4130,0.5980,0.5950,0.1850,-0.0030,55.89,-0.92,156.2,152.4,0.863,0.123,
1791428293.581067,0.8030,0.4998,0.8440,0.3646,0.5695,0.7006,0.6350,0.5695,0.4302,0.2991,0.2991,0.5695,0.5695,0.0369,0.0737,0.0737,0.0574,0.4150,0.5995,0.5930,0.1845,-0.0065,56.22,-0.94,156.0,152.6,0.910,0.122,
1791428293.6132932,0.6350,0.8030,0.8030,0.3646,0.4998,0.8440,0.5695,0.7006,0.6350,0.0737,0.3646,0.4998,0.5695,0.0410,0.0410,0.0246,0.0205,0.4130,0.5935,,0.1805,,56.13,-0.82,155.3,153.2,0.859,0.122,1.394
1791428293.6448936,0.8030,0.6350,0.8440,0.2458,0.4302,0.8030,0.7538,0.5695,0.6350,0.0942,0.1557,0.7006,0.6350,0.0410,0.0410,0.0369,0.0410,0.4130,0.5900,0.5870,0.1770,-0.0030,56.25,-0.75,152.9,153.5,0.910,0.121,
1791428293.6775985,0.7538,0.7538,0.8767,0.3646,0.3646,0.8440,0.6350,0.5695,0.5695,0.1966,0.2991,0.6350,0.6350,0.0369,0.0123,0.0246,0.0369,0.4130,0.5945,0.5880,0.1815,-0.0065,56.22,-0.80,154.0,154.0,0.919,0.121,
1791428293.7120264,0.8030,0.7006,0.8440,0.2991,0.4998,0.5695,0.7006,0.7538,0.4998,0.1557,0.2991,0.6350,0.5695,0.0369,0.0410,0.0246,0.0246,0.4140,0.5980,0.5870,0.1840,-0.0110,56.60,-1.00,154.7,154.6,0.886,0.120,
1791428293.7446792,0.5695,0.7538,0.8767,0.3646,0.2991,0.8440,0.7538,0.7006,0.4302,0.1966,0.2458,0.4998,0.4998,0.0410,0.0369,0.0369,0.0574,0.4130,0.5945,,0.1815,,56.50,-0.95,155.0,155.0,0.937,0.120,
1791428293.7788131,0.6350,0.7006,0.9423,0.4998,0.1966,0.8030,0.5695,0.7538,0.5695,0.1966,0.1966,0.4302,0.5695,0.0410,0.0942,0.0369,0.0737,0.4140,0.5910,,0.1770,,56.35,-0.81,155.4,154.8,0.901,0.120,
1791428293.8108714,0.4998,0.8440,0.8767,0.4302,0.2991,0.7538,0.7538,0.7006,0.4302,0.4998,0.0737,0.5695,0.4998,0.0410,0.0410,0.0123,0.0574,0.4150,0.5925,,0.1775,,56.57,-0.74,156.6,153.3,0.914,0.119,1.509
1791428293.8514137,0.6350,0.7006,0.7538,0.4302,0.3646,0.7538,0.7006,0.7006,0.4998,0.1229,0.2458,0.5695,0.5695,0.0369,0.0410,0.0574,0.0737,0.4140,0.5930,0.5870,0.1790,-0.0060,56.33,-0.78,154.7,155.0,0.911,0.120,
1791428293.884703,0.9259,0.6350,0.4302,0.4998,0.2458,0.6350,0.7538,0.7538,0.4302,0.4998,0.2991,0.4302,0.5695,0.0410,0.0737,0.0410,0.0574,0.4160,0.5930,,0.1770,,56.54,-0.75,155.9,154.6,0.881,0.119,1.439
1791428293.9149408,0.7006,0.6350,0.5695,0.3646,0.2991,0.8030,0.7006,0.7006,0.4302,0.1966,0.3646,0.4998,0.5695,0.0410,0.0737,0.0410,0.0410,0.4150,0.5915,,0.1765,,56.37,-0.68,156.8,155.8,0.907,0.119,1.350
1791428293.9463944,0.8030,0.4302,0.7538,0.3646,0.4302,0.4998,0.6350,0.6350,0.4302,0.2458,0.2991,0.4302,0.5695,0.0410,0.0410,0.0410,0.0942,0.4160,0.5920,,0.1760,,56.08,-0.64,157.6,157.7,0.901,0.120,
1791428293.9779031,0.8030,0.7006,0.3646,0.4302,0.4302,0.7006,0.5695,0.7006,0.6350,0.1229,0.2458,0.4998,0.5695,0.0410,0.0205,0.0369,0.0369,0.4190,0.5910,,0.1720,,55.53,-0.57,158.2,159.3,0.911,0.121,
1791428294.0111954,0.7538,0.5695,0.7006,0.4998,0.4302,0.7006,0.6350,0.4302,0.5695,0.2991,0.3646,0.5695,0.5695,0.0410,0.0942,0.0369,0.0574,0.4160,0.5895,0.5920,0.1735,0.0025,54.84,-0.37,158.7,159.7,0.953,0.124,1.430
1791428294.043936,0.7006,0.6350,0.6350,0.3646,0.5695,0.7538,0.5695,0.5695,0.5695,0.4302,0.2458,0.4302,0.4998,0.0942,0.0246,0.0410,0.0246,0.4160,0.5910,,0.1750,,54.45,-0.34,160.1,160.4,0.899,0.126,1.564
1791428294.0775142,0.5695,0.5695,0.5695,0.5695,0.4302,0.7006,0.8030,0.6350,0.7006,0.4302,0.2991,0.6350,0.6350,0.0410,0.0205,0.0369,0.0246,0.4170,0.5895,0.5890,0.1725,-0.0005,53.99,-0.29,160.2,161.2,0.937,0.127,1.507
1791428294.111714,0.7006,0.6350,0.8030,0.4302,0.1966,0.6350,0.7006,0.7538,0.5695,0.1557,0.2991,0.5695,0.5695,0.0246,0.0410,0.0369,0.0369,0.4170,0.5920,0.5880,0.1750,-0.0040,53.76,-0.36,160.7,161.8,0.912,0.128,
1791428294.145931,0.6350,0.4302,0.8767,0.4998,0.4998,0.7006,0.5695,0.5695,0.5695,0.2458,0.2458,0.4302,0.5695,0.0574,0.0942,0.0410,0.0574,0.4180,0.5910,,0.1730,,53.65,-0.34,161.5,162.7,0.918,0.129,
1791428294.186026,0.8030,0.7538,0.8767,0.4302,0.5695,0.6350,0.4302,0.7006,0.8030,0.1557,0.3646,0.4998,0.5695,0.0574,0.0574,0.0574,0.0369,0.4170,0.5905,,0.1735,,52.78,-0.32,161.9,162.2,0.864,0.133,1.429
1791428294.2174926,0.6350,0.5695,0.8440,0.4998,0.5695,0.5695,0.7006,0.5695,0.4302,0.1966,0.1229,0.4302,0.5695,0.0574,0.0574,0.0369,0.0410,0.4190,0.5885,,0.1695,,51.46,-0.23,161.9,161.8,0.928,0.138,
1791428294.2489815,0.7538,0.5695,0.7538,0.4302,0.5695,0.6350,0.5695,0.4302,0.5695,0.1966,0.1966,0.4998,0.4998,0.0410,0.0574,0.0574,0.0369,0.4190,0.5900,,0.1710,,51.37,-0.21,161.2,162.1,0.893,0.138,
1791428294.2795897,0.8440,0.7006,0.5695,0.3646,0.2458,0.7006,0.2991,0.5695,0.4302,0.2458,0.2991,0.6350,0.5695,0.0737,0.0246,0.0942,0.0410,0.4170,,0.5880,,,51.37,-0.21,161.2,162.1,,,
1791428294.3112204,0.7538,0.4998,0.6350,0.4998,0.6350,0.7006,0.6350,0.7006,0.5695,0.1229,0.1557,0.4998,0.5695,0.0737,0.0574,0.0737,0.0574,0.4180,0.5885,,0.1705,,50.75,-0.15,161.0,162.6,0.941,0.141,
1791428294.3447642,0.5695,0.6350,0.7006,0.5695,0.1966,0.8030,0.6350,0.7538,0.5695,0.1229,0.1229,0.4998,0.4302,0.0737,0.0410,0.0737,0.0410,0.4180,0.5890,,0.1710,,50.26,-0.11,160.9,162.9,0.954,0.143,
1791428294.3780172,0.5695,0.5695,0.7006,0.4998,0.4998,0.7538,0.5695,0.7538,0.4302,0.1229,0.1229,0.5695,0.5695,0.0410,0.0574,0.0369,0.0574,0.4180,0.5910,0.5960,0.1730,0.0050,49.95,0.07,160.6,161.1,0.931,0.145,
1791428294.4121094,0.7538,0.4998,0.7006,0.5695,0.4998,0.7538,0.5695,0.6350,0.4998,0.0942,0.2991,0.5695,0.5695,0.0410,0.0410,0.0369,0.0574,0.4200,0.5905,0.5950,0.1705,0.0045,49.11,0.19,159.5,161.2,0.910,0.149,
1791428294.4451425,0.5695,0.3646,0.7006,0.5695,0.5695,0.5695,0.6350,0.8440,0.4998,0.2458,0.1229,0.5695,0.6350,0.0410,0.0205,0.0574,0.0574,0.4190,0.5920,0.5920,0.1730,0.0000,49.21,0.16,159.5,160.9,0.930,0.149,
1791428294.4851043,0.8030,0.4998,0.7006,0.4998,0.4998,0.4998,0.4998,0.8440,0.6350,0.1966,0.3646,0.4998,0.5695,0.0369,0.0942,0.0369,0.0369,0.4180,0.5885,,0.1705,,48.74,0.22,159.5,160.6,0.937,0.151,1.524
1791428294.5168128,0.4302,0.4998,0.5695,0.4998,0.4302,0.7006,0.7538,0.6350,0.7006,0.0942,0.1557,0.4998,0.5695,0.0737,0.0369,0.0737,0.0737,0.4190,0.5920,,0.1730,,48.49,0.16,159.1,160.7,0.879,0.152,
1791428294.54865,0.6350,0.7538,0.8030,0.3646,0.2458,0.8030,0.6350,0.6350,0.7006,0.5695,0.1966,0.4998,0.5695,0.0574,0.0574,0.0574,0.0410,0.4190,0.5920,,0.1730,,48.53,0.12,158.7,160.8,0.901,0.152,1.589
1791428294.5810096,0.6350,0.4998,0.7538,0.3646,0.2458,0.7538,0.7006,0.7538,0.6350,0.1557,0.1557,0.4998,0.6350,0.0410,0.0410,0.0574,0.0737,0.4190,0.5910,,0.1720,,49.15,0.11,158.2,161.0,0.931,0.149,
1791428294.612228,0.8440,0.5695,0.6350,0.1966,0.2991,0.6350,0.7538,0.6350,0.2991,0.2991,0.3646,0.5695,0.5695,0.0574,0.0410,0.0942,0.0574,0.4190,0.5910,0.5960,0.1720,0.0050,49.23,0.24,158.3,160.6,0.916,0.148,1.468
1791428294.645415,0.4998,0.5695,0.7538,0.5695,0.5695,0.8030,0.5695,0.4302,0.4302,0.0942,0.2458,0.4998,0.4998,0.0410,0.0410,0.0410,0.0123,0.4190,0.5915,,0.1725,,49.58,0.23,158.1,160.8,0.921,0.147,
1791428294.6778486,0.8440,0.4998,0.5695,0.3646,0.4998,0.4998,0.6350,0.7006,0.5695,0.1966,0.1229,0.4302,0.5695,0.0410,0.0410,0.0369,0.0574,0.4170,0.5900,,0.1730,,49.77,0.25,158.1,160.6,0.949,0.146,
1791428294.7122755,0.7538,0.5695,0.7538,0.5695,0.2991,0.7538,0.7006,0.4998,0.7006,0.2458,0.0737,0.2991,0.4998,0.0574,0.0737,0.0410,0.0369,0.4190,0.5940,,0.1750,,50.52,0.16,158.2,160.9,,0.142,
1791428294.7453775,0.4998,0.6350,0.5695,0.4302,0.5695,0.7006,0.7538,0.4998,0.3646,0.2991,0.1229,0.4998,0.4998,0.0574,0.0574,0.0410,0.0410,0.4170,0.5875,,0.1705,,50.36,0.28,158.8,160.8,0.978,0.143,
1791428294.779694,0.6350,0.8030,0.7538,0.4998,0.2991,0.7538,0.6350,0.4302,0.4998,0.0942,0.1557,0.4302,0.6350,0.0369,0.0369,0.0410,0.0574,0.4180,0.5920,,0.1740,,50.84,0.24,158.4,160.2,0.870,0.141,
1791428294.818894,0.7006,0.5695,0.6350,0.4302,0.3646,0.6350,0.5695,0.6350,0.7006,0.0942,0.2458,0.4998,0.5695,0.0369,0.0369,0.0246,0.0246,0.4140,0.5935,,0.1795,,51.54,0.16,158.0,160.1,0.866,0.138,
1791428294.849688,0.5695,0.7538,0.4302,0.4302,0.1966,0.8030,0.7538,0.7538,0.4998,0.5695,0.1557,0.4302,0.3646,0.0246,0.0246,0.0410,0.0410,0.4130,0.5885,,0.1755,,51.87,0.25,158.2,159.5,0.928,0.137,1.562
1791428294.880667,0.7006,0.6350,0.6350,0.4302,0.4998,0.6350,0.8030,0.6350,0.6350,0.4302,0.0737,0.4302,0.5695,0.0574,0.0410,0.0205,0.0246,0.4120,0.5875,,0.1755,,52.28,0.36,159.1,160.1,0.903,0.135,1.551
1791428294.912863,0.6350,0.4998,0.5695,0.4998,0.4302,0.8030,0.6350,0.6350,0.4302,0.1229,0.1557,0.4998,0.5695,0.0369,0.0410,0.0369,0.0369,0.4100,0.5870,,0.1770,,52.38,0.46,158.9,159.5,0.925,0.135,
1791428294.9456377,0.6350,0.7538,0.8440,0.4998,0.3646,0.8440,0.8030,0.6350,0.4998,0.1557,0.1966,0.5695,0.4998,0.0410,0.0574,0.0246,0.0246,0.4170,0.5850,,0.1680,,52.48,0.59,159.3,159.2,0.944,0.133,
1791428294.978522,0.8440,0.6350,0.7538,0.5695,0.3646,0.7006,0.8030,0.6350,0.5695,0.1229,0.0574,0.4998,0.4998,0.0410,0.0410,0.0942,0.0942,0.4090,0.5855,,0.1765,,52.85,0.69,158.9,159.3,0.927,0.132,
1791428295.012435,0.5695,0.8440,0.8030,0.4998,0.5695,0.8030,0.5695,0.5695,0.6350,0.0942,0.1966,0.3646,0.4998,0.0369,0.0737,0.0737,0.0574,0.4080,0.5875,,0.1795,,53.64,0.72,157.0,158.4,0.858,0.129,
1791428295.0451493,0.7006,0.5695,0.7538,0.2458,0.2991,0.7006,0.6350,0.7006,0.7006,0.1557,0.1966,0.4998,0.5695,0.0942,0.0574,0.0369,0.0574,0.4060,0.5835,,0.1775,,54.01,0.85,157.5,158.1,0.931,0.128,
1791428295.0789595,0.8030,0.7538,0.6350,0.2458,0.2991,0.7538,0.5695,0.6350,0.4998,0.2991,0.0574,0.6350,0.4998,0.0410,0.0410,0.0369,0.0246,0.4040,0.5915,,0.1875,,55.06,0.72,156.7,157.7,0.883,0.124,
1791428295.1197114,0.7538,0.9423,0.6350,0.3646,0.2458,0.7538,0.4998,0.6350,0.5695,0.4302,0.1557,0.3646,0.5695,0.0369,0.0410,0.0369,0.0369,0.4030,0.5825,,0.1795,,55.16,0.89,157.4,157.9,0.880,0.124,1.441
1791428295.1513045,0.7006,0.8440,0.7006,0.5695,0.4302,0.7538,0.5695,0.7538,0.6350,0.1557,0.1557,0.3646,0.4998,0.0369,0.0737,0.0369,0.0574,0.4060,0.5800,,0.1740,,54.81,,157.4,,0.892,0.125,
1791428295.1824799,0.7538,0.4302,0.7538,0.2458,0.2458,0.4998,0.7538,0.3646,0.6350,0.4302,0.0942,0.4998,0.5695,0.0574,0.0369,0.0410,0.0369,0.3990,0.5770,,0.1780,,54.83,,157.2,,0.900,0.125,1.525
1791428295.2134678,0.6350,0.5695,0.6350,0.4998,0.3646,0.6350,0.8030,0.5695,0.7006,0.0942,0.3646,0.5695,0.5695,0.0574,0.0164,0.0369,0.0369,0.3990,0.5785,0.5850,0.1795,0.0065,55.54,1.31,157.0,156.3,0.913,0.122,1.338
1791428295.2459588,0.4998,0.5695,0.7006,0.4302,0.2991,0.8440,0.7006,0.7006,0.5695,0.2991,0.3646,0.6350,0.5695,0.0737,0.0205,0.0574,0.0574,0.3970,0.5760,0.5840,0.1790,0.0080,55.96,1.30,156.2,156.3,0.912,0.120,1.349
1791428295.2801673,0.4302,0.4998,0.5695,0.2991,0.5695,0.8440,0.5695,0.4302,0.6350,0.4302,0.2991,0.4998,0.4998,0.0410,0.0369,0.0574,0.0369,0.3940,0.5730,,0.1790,,56.25,1.57,156.7,156.4,0.895,0.119,1.436
1791428295.312407,0.4302,0.6350,0.8440,0.4302,0.3646,0.7538,0.6350,0.6350,0.6350,0.4302,0.1966,0.6350,0.4998,0.0574,0.0574,0.0942,0.0369,0.3910,0.5840,,0.1930,,56.42,1.43,156.4,156.7,0.888,0.120,1.469
1791428295.3459702,0.4302,0.4998,0.6350,0.3646,0.3646,0.8440,0.7538,0.8440,0.7006,0.2991,0.1966,0.4302,0.4998,0.0737,0.0942,0.0410,0.0410,0.3910,0.5790,,0.1880,,56.87,1.49,156.0,156.8,0.874,0.119,
1791428295.379398,0.3646,0.7538,0.9054,0.3646,0.2991,0.7006,0.7006,0.7538,0.5695,0.1966,0.4302,0.4998,0.4998,0.0164,0.0369,0.0410,0.0369,0.3860,0.5755,,0.1895,,57.53,1.64,155.9,157.6,0.891,0.117,1.387
1791428295.4122345,0.5695,0.7006,0.8030,0.3646,0.4302,0.8030,0.7006,0.7538,0.4998,0.1557,0.4302,0.4302,0.4998,0.0410,0.0574,0.0369,0.0410,0.3840,0.5685,,0.1845,,58.16,2.00,156.4,158.6,0.863,0.114,1.405
1791428295.4514225,0.4998,0.5695,0.7006,0.6350,0.4302,0.8030,0.2991,0.7538,0.4998,0.1557,0.4302,0.4998,0.5695,0.0574,0.0205,0.0369,0.0574,0.3820,,,,,58.16,2.00,156.4,158.6,,,
1791428295.483579,0.4998,0.7006,0.5695,0.5695,0.3646,0.8767,0.3646,0.6350,0.5695,0.0942,0.2991,0.3646,0.4998,0.0164,0.0737,0.0369,0.0369,0.3800,0.5755,,0.1955,,59.08,2.11,155.7,158.4,0.777,0.112,
1791428295.5139475,0.4302,0.5695,0.4302,0.4302,0.2991,0.7538,0.7006,0.6350,0.6350,0.6350,0.1966,0.4302,0.4302,0.0410,0.0737,0.0246,0.0737,0.3800,0.5665,,0.1865,,59.22,2.46,155.0,158.5,0.846,0.111,1.366
1791428295.546512,0.5695,0.7538,0.7006,0.4302,0.3646,0.7006,0.5695,0.6350,0.5695,0.3646,0.2458,0.2458,0.4302,0.0574,0.0942,0.0369,0.0737,0.3770,0.5615,,0.1845,,59.60,2.91,154.4,158.5,,0.109,1.393
1791428295.5788248,0.4998,0.6350,0.7006,0.4302,0.4302,0.7538,0.5695,0.7006,0.5695,0.1557,0.0737,0.4302,0.3646,0.0410,0.0737,0.0574,0.0410,0.3770,0.5675,,0.1905,,60.63,3.12,153.6,159.3,0.785,0.105,
1791428295.6127255,0.7538,0.7538,0.7538,0.4302,0.4302,0.7538,0.4302,0.6350,0.4998,0.1966,0.2991,0.3646,0.4998,0.0574,0.0574,0.0410,0.0369,0.3690,0.5635,,0.1945,,61.84,3.39,153.0,158.8,0.825,0.101,
1791428295.6454902,0.3646,0.7538,0.7006,0.5695,0.2991,0.6350,0.3646,0.6350,0.6350,0.3646,0.4302,0.4998,0.4998,0.0369,0.1229,0.0410,0.0410,0.3660,0.5705,,0.2045,,62.80,3.39,152.9,158.6,0.814,0.098,1.226
1791428295.679793,0.6350,0.5695,0.5695,0.4302,0.4998,0.7006,0.4998,0.8440,0.7538,0.1229,0.0737,0.2991,0.4302,0.0369,0.0574,0.0574,0.0574,0.3640,0.5605,,0.1965,,63.34,3.75,152.2,158.3,,0.097,
1791428295.7126613,0.7006,0.6350,0.5695,0.4302,0.3646,0.4302,0.2991,0.5695,0.6350,0.1229,0.0942,0.3646,0.5695,0.0574,0.0369,0.0574,0.0410,0.3610,,,,,63.34,3.75,152.2,158.3,,,
1791428295.753085,0.5695,0.8030,0.5695,0.4302,0.3646,0.7538,0.5695,0.6350,0.2991,0.3646,0.2991,0.1966,0.4302,0.0737,0.0942,0.1229,0.0737,0.3600,0.5600,,0.2000,,64.14,4.04,151.8,157.0,,0.094,1.283
1791428295.7829266,0.5695,0.8030,0.5695,0.4998,0.3646,0.8030,0.5695,0.7538,0.3646,0.4302,0.0942,0.2991,0.4302,0.0410,0.0410,0.0737,0.0942,0.3600,0.5595,,0.1995,,64.50,,151.3,155.5,,0.093,1.266
1791428295.8156118,0.5695,0.8440,0.8440,0.4302,0.4302,0.8030,0.5695,0.7006,0.4302,0.0737,0.1229,0.5695,0.4998,0.0574,0.1229,0.0369,0.0737,0.3560,0.5565,,0.2005,,65.47,,150.5,154.3,0.778,0.090,
1791428295.8464766,0.3646,0.7006,0.5695,0.4302,0.3646,0.8767,0.4302,0.8030,0.2991,0.3646,0.1966,0.4998,0.4302,0.0942,0.0942,0.0574,0.1966,0.3550,0.5600,,0.2050,,66.13,,150.0,155.6,0.725,0.088,1.183
1791428295.8794148,0.5695,0.8440,0.7006,0.3646,0.3646,0.8030,0.6350,0.6350,0.3646,0.2991,0.3646,0.3646,0.5695,0.0369,0.0369,0.0737,0.0410,0.3520,0.5480,,0.1960,,66.55,,150.3,155.9,0.787,0.086,1.197
1791428295.9132087,0.6350,0.7538,0.7006,0.4998,0.2991,0.6350,0.4998,0.7006,0.3646,0.1966,0.0942,0.2991,0.4998,0.0737,0.1229,0.0410,0.0574,0.3520,0.5575,,0.2055,,67.67,,149.5,156.7,,0.082,
1791428295.9461796,0.1966,0.8767,0.6350,0.4302,0.4302,0.3646,0.6350,0.7538,0.4998,0.2458,0.4302,0.4998,0.4302,0.0410,0.0410,0.0410,0.2458,,0.5545,,,,67.67,,148.6,156.2,0.738,0.082,
1791428295.9789436,0.2458,0.8767,0.5695,0.2991,0.4302,0.8440,0.5695,0.7006,0.4998,0.0737,0.4998,0.4302,0.5695,0.0574,0.1229,0.1229,0.1229,,0.5555,,,,67.67,,147.8,156.6,0.727,0.082,
1791428296.013244,0.6350,0.7538,0.7538,0.4302,0.3646,0.8030,0.4998,0.6350,0.5695,0.0942,0.1557,0.4302,0.4998,0.0574,0.0737,0.0410,0.0574,0.3510,0.5560,,0.2050,,68.04,,147.9,156.6,0.747,0.081,
1791428296.0459485,0.6350,0.7006,0.8767,0.3646,0.2991,0.6350,0.5695,0.7006,0.2991,0.1557,0.1966,0.4302,0.4998,0.0205,0.0410,0.1557,0.1557,0.3490,0.5460,,0.1970,,68.22,,147.5,154.7,0.745,0.080,
1791428296.0852594,0.4302,0.5695,0.7538,0.4302,0.4302,0.7538,0.4302,0.8030,0.4302,0.0574,0.1557,0.1966,0.4302,0.0574,0.0737,0.0369,0.0942,0.3500,0.5520,,0.2020,,68.24,,148.5,155.3,,0.080,
1791428296.1162188,0.5695,0.6350,0.8030,0.5695,0.4302,0.7006,0.4998,0.6350,0.4302,0.1557,0.1557,0.2991,0.4998,0.0574,0.1229,0.0574,0.0574,0.3500,0.5520,,0.2020,,67.89,,148.7,156.1,,0.081,
1791428296.1478982,0.4998,0.6350,0.9054,0.4998,0.2991,0.8030,0.5695,0.7006,0.4302,0.0246,0.1966,0.3646,0.4998,0.0164,0.0410,0.0369,0.0737,0.3500,0.5545,,0.2045,,67.83,,149.5,153.4,0.739,0.082,
1791428296.1804862,0.5695,0.7006,0.7006,0.4302,0.4302,0.8030,0.3646,0.5695,0.3646,0.0369,0.2458,0.4998,0.5695,0.1557,0.1966,0.0574,0.1229,0.3470,0.5525,,0.2055,,67.27,,148.5,153.0,0.733,0.085,
1791428296.2136471,0.5695,0.6350,0.7006,0.5695,0.2991,0.8767,0.6350,0.7006,0.2991,0.1557,0.0942,0.4998,0.4302,0.0410,0.0737,0.0942,0.0737,0.3470,0.5545,,0.2075,,67.24,,148.7,147.7,0.731,0.085,
1791428296.2467375,0.6350,0.4998,0.8030,0.4998,0.4302,0.4302,0.4302,0.5695,0.2991,0.0737,0.1229,0.4998,0.4998,0.0737,0.1557,0.0942,0.1229,0.3510,0.5530,,0.2020,,66.83,,146.7,146.8,0.782,0.087,
1791428296.280633,0.4998,0.6350,0.7006,0.5695,0.2991,0.8767,0.4998,0.7006,0.4302,0.0737,0.1966,0.3646,0.5695,0.1229,0.2458,0.0410,0.1557,0.3520,0.5505,,0.1985,,66.31,,146.4,147.5,0.707,0.089,
1791428296.3125882,0.4998,0.4998,0.4998,0.3646,0.2991,0.8440,0.4998,0.5695,0.4302,0.0737,0.1966,0.4998,0.4998,0.0574,0.1229,0.0574,0.0737,0.3490,0.5555,,0.2065,,66.21,,146.3,145.3,0.746,0.089,
1791428296.3465676,0.6350,0.6350,0.7006,0.5695,0.1557,0.7538,0.4998,0.7006,0.4302,0.0574,0.2458,0.3646,0.4302,0.1229,0.0737,0.2458,0.1966,0.3490,0.5535,,0.2045,,65.58,,146.2,148.6,0.798,0.092,
1791428296.3846593,0.7006,0.7006,0.7006,0.4998,0.2458,0.7538,0.3646,0.7538,0.3646,0.0410,0.0737,0.4302,0.4998,0.0737,0.1966,0.0410,0.1557,0.3530,0.5435,,0.1905,,65.35,,,149.3,0.825,0.092,
1791428296.4159734,0.6350,0.7006,0.8440,0.2991,0.1966,0.8030,0.4302,0.4998,0.5695,0.0574,0.3646,0.4302,0.4302,0.0410,0.0410,0.1229,0.1557,0.3510,0.5465,,0.1955,,65.50,,,149.6,0.769,0.091,1.150
1791428296.4469774,0.5695,0.6350,0.7538,0.4302,0.2991,0.8030,0.5695,0.7006,0.6350,0.0942,0.0737,0.4302,0.4998,0.1966,0.1966,0.0737,0.1557,0.3530,0.5580,,0.2050,,65.60,,,151.5,0.731,0.091,
1791428296.4805527,0.4302,0.6350,0.8440,0.4302,0.2991,0.8030,0.3646,0.7006,0.4998,0.1229,0.0574,0.4302,0.4998,0.0942,0.0574,0.0942,0.1966,0.3500,0.5580,,0.2080,,66.13,,,150.2,0.737,0.089,
1791428296.5131671,0.4302,0.7006,0.5695,0.3646,0.3646,0.8440,0.3646,0.7538,0.7006,0.2458,0.0574,0.2991,0.3646,0.1229,0.1557,0.0737,0.1229,0.3530,0.5590,,0.2060,,66.00,,,145.5,,0.090,
1791428296.5474296,0.7006,0.6350,0.8030,0.2991,0.1966,0.8440,0.4998,0.6350,0.6350,0.1966,0.4998,0.2991,0.3646,0.1557,0.0942,0.0369,0.0410,0.3490,0.5485,,0.1995,,65.60,,,165.6,,0.092,1.203
1791428296.5805326,0.6350,0.5695,0.8030,0.5695,0.2991,0.8440,0.4998,0.7538,0.4302,0.0574,0.0942,0.3646,0.4998,0.2458,0.1229,0.1557,0.1966,0.3490,0.5600,,0.2110,,65.63,,,165.3,0.773,0.092,
1791428296.6204414,0.4302,0.6350,0.7538,0.4302,0.2458,0.7006,0.4998,0.7006,0.4998,0.1966,0.1557,0.4302,0.4998,0.0737,0.1966,0.0369,0.0737,0.3500,0.5585,,0.2085,,65.77,,,164.5,0.765,0.092,
1791428296.6524434,0.4302,0.6350,0.7538,0.4998,0.4302,0.7006,0.4998,0.7538,0.5695,0.1966,0.1966,0.3646,0.4302,0.0410,0.1557,0.0574,0.0737,0.3530,0.5565,,0.2035,,65.56,,,164.6,0.760,0.093,
1791428296.683248,0.4302,0.5695,0.8030,0.3646,0.2991,0.7538,0.3646,0.8030,0.2991,0.1557,0.1229,0.4998,0.4302,0.0574,0.0942,0.0369,0.0942,0.3500,0.5470,,0.1970,,64.77,,,165.3,0.785,0.096,
1791428296.7151968,0.4998,0.6350,0.7538,0.2458,0.2458,0.7006,0.4302,0.5695,0.5695,0.0369,0.0574,0.1966,0.3646,0.0737,0.1966,0.0369,0.0942,0.3490,0.5565,,0.2075,,64.64,,,166.0,,0.097,
1791428296.7471063,0.3646,0.6350,0.7538,0.4998,0.4998,0.6350,0.4998,0.8440,0.3646,0.0942,0.0737,0.4302,0.4302,0.1229,0.0574,0.0410,0.1557,0.3530,0.5570,,0.2040,,64.72,,,165.6,0.724,0.096,
1791428296.7806532,0.4302,0.4302,0.8030,0.4998,0.3646,0.8440,0.2991,0.7006,0.6350,0.0410,0.0942,0.4302,0.4998,0.0737,0.2458,0.0737,0.1557,0.3500,,,,,64.72,,,165.6,,,
1791428296.8138754,0.4998,0.5695,0.8030,0.3646,0.4998,0.5695,0.4302,0.7538,0.2991,0.0369,0.0942,0.4998,0.3646,0.0574,0.0737,0.0410,0.0574,0.3510,0.5575,,0.2065,,64.82,,,164.8,0.728,0.096,
1791428296.8469636,0.7006,0.7538,0.5695,0.3646,0.3646,0.6350,0.2991,0.6350,0.2991,0.0574,0.4998,0.4998,0.4998,0.1966,0.0942,0.1557,0.0737,0.3500,,,,,64.82,,,164.8,,,
1791428296.8804812,0.4998,0.7006,0.5695,0.4998,0.2458,0.8440,0.4302,0.7538,0.2458,0.0410,0.0942,0.5695,0.4302,0.0942,0.0737,0.0410,0.0737,0.3500,0.5555,,0.2055,,64.65,,,164.7,0.731,0.097,
1791428296.9138722,0.5695,0.6350,0.4302,0.3646,0.2991,0.7538,0.4998,0.8030,0.4302,0.2458,0.6350,0.4998,0.4302,0.0574,0.0574,0.0574,0.0574,0.3500,0.5480,,0.1980,,64.91,,,119.2,0.758,0.095,1.210
1791428296.9523761,0.6350,0.5695,0.5695,0.2991,0.2458,0.8440,0.4998,0.6350,0.2991,0.1966,0.0942,0.4998,0.4302,0.1229,0.0942,0.0942,0.0737,0.3500,0.5560,,0.2060,,64.98,,,117.6,0.722,0.095,
1791428296.985629,0.4998,0.7006,0.6350,0.5695,0.2991,0.8030,0.1966,0.5695,0.2458,0.2458,0.1229,0.4998,0.4302,0.0737,0.0942,0.0410,0.1229,0.3530,,,,,64.98,,,117.6,,,
1791428297.0157871,0.6350,0.5695,0.4998,0.4998,0.2991,0.7538,0.4998,0.7538,0.3646,0.1966,0.1557,0.3646,0.3646,0.0574,0.0942,0.0410,0.0942,0.3500,0.5575,,0.2075,,65.80,,,115.8,0.684,0.092,
1791428297.047911,0.8030,0.7006,0.6350,0.5695,0.1229,0.6350,0.5695,0.8030,0.2458,0.1966,0.1966,0.4302,0.4302,0.0410,0.0737,0.0737,0.0737,0.3530,0.5530,,0.2000,,65.15,,,118.4,0.760,0.094,
1791428297.0801442,0.6350,0.4998,0.6350,0.3646,0.4302,0.7006,0.2991,0.7538,0.1557,0.1966,0.1557,0.4302,0.4302,0.0574,0.1966,0.1557,0.1229,0.3490,,,,,65.15,,,118.4,,,
1791428297.1139874,0.5695,0.5695,0.4998,0.4302,0.2458,0.7538,0.3646,0.7006,0.5695,0.0410,0.1557,0.5695,0.4998,0.0942,0.0737,0.0574,0.0942,0.3490,0.5540,,0.2050,,64.73,,,120.5,0.716,0.096,
1791428297.147355,0.4998,0.5695,0.5695,0.4998,0.3646,0.7006,0.2458,0.7006,0.1229,0.1966,0.7538,0.3646,0.3646,0.0246,0.0574,0.1966,0.0942,0.3530,,,,,64.73,,,120.5,,,
1791428297.1811986,0.5695,0.6350,0.5695,0.4302,0.2991,0.7006,0.4302,0.8030,0.3646,0.1966,0.2458,0.3646,0.3646,0.0574,0.2458,0.0574,0.0737,0.3500,0.5550,,0.2050,,64.99,,,122.5,0.732,0.095,
1791428297.2134588,0.6350,0.5695,0.5695,0.3646,0.1966,0.8030,0.4998,0.6350,0.3646,0.0410,0.1966,0.2991,0.4302,0.1229,0.2458,0.0737,0.0737,0.3490,0.5420,,0.1930,,64.72,,,146.5,,0.095,
1791428297.2477877,0.2991,0.6350,0.5695,0.4998,0.2991,0.7538,0.2458,0.6350,0.2991,0.1966,0.1966,0.5695,0.4302,0.0737,0.0410,0.0410,0.1229,,,,,,64.72,,,146.5,,,
1791428297.2875638,0.2991,0.4302,0.7538,0.4302,0.2991,0.8440,0.4998,0.8030,0.3646,0.1966,0.1229,0.3646,0.3646,0.1966,0.2991,0.0369,0.0737,,0.5550,,,,64.72,,,164.8,0.727,0.095,
1791428297.3302624,0.5695,0.4998,0.7006,0.3646,0.1557,0.7538,0.4302,0.7006,0.2991,0.1557,0.0942,0.4302,0.4302,0.2458,0.1229,0.1557,0.0574,0.3500,0.5540,,0.2040,,64.82,,,164.7,0.744,0.095,
1791428297.3643687,0.3646,0.6350,0.8030,0.4998,0.1557,0.7006,0.5695,0.7538,0.2458,0.1229,0.1557,0.3646,0.4998,0.0574,0.0574,0.0574,0.0942,0.3490,0.5550,,0.2060,,65.28,,,165.5,0.737,0.094,
1791428297.3959565,0.4998,0.5695,0.7538,0.4998,0.4302,0.8440,0.4998,0.6350,0.5695,0.1966,0.0942,0.4998,0.4302,0.0942,0.0574,0.0737,0.0942,0.3500,0.5570,,0.2070,,66.08,,,177.0,0.698,0.090,
1791428297.4283657,0.3646,0.4998,0.8030,0.6350,0.1966,0.8440,0.4998,0.7538,0.4302,0.0246,0.1966,0.1966,0.3646,0.1229,0.0574,0.0737,0.0737,0.3530,0.5520,,0.1990,,65.46,,,175.5,,0.093,
1791428297.4602597,0.5695,0.6350,0.7006,0.5695,0.3646,0.7538,0.4998,0.6350,0.3646,0.1966,0.1229,0.3646,0.4302,0.0410,0.0737,0.0410,0.0737,0.3500,0.5535,,0.2035,,66.36,,,,0.779,0.089,
1791428297.4917643,0.6350,0.7006,0.8440,0.2991,0.1966,0.7538,0.4998,0.4302,0.2991,0.1966,0.0737,0.2458,0.3646,0.0205,0.0737,0.0410,0.1966,0.3500,0.5435,,0.1935,,66.13,,,,,0.089,
1791428297.5232213,0.7006,0.4302,0.5695,0.3646,0.2991,0.8440,0.4998,0.7538,0.3646,0.1966,0.5695,0.4998,0.4998,0.0410,0.0942,0.1557,0.1557,0.3500,0.5525,,0.2025,,66.16,,,128.0,0.760,0.089,1.207
1791428297.5546417,0.4998,0.6350,0.6350,0.3646,0.4998,0.8440,0.7006,0.7006,0.5695,0.1229,0.0942,0.2991,0.4302,0.0410,0.0737,0.0410,0.1229,0.3500,0.5455,,0.1955,,66.43,,,127.2,,0.087,
1791428297.5854564,0.5695,0.4998,0.7538,0.4998,0.1557,0.8767,0.2458,0.7006,0.2458,0.0942,0.1229,0.5695,0.4998,0.0737,0.0942,0.0574,0.0574,0.3500,,,,,66.43,,,127.2,,,
1791428297.6164536,0.3646,0.7538,0.5695,0.4998,0.3646,0.7006,0.4998,0.7006,0.2991,0.1229,0.0942,0.4302,0.4302,0.1557,0.2991,0.1557,0.1229,0.3500,0.5460,,0.1960,,65.78,,,129.3,0.739,0.090,
1791428297.6481707,0.2991,0.6350,0.4998,0.3646,0.2458,0.8440,0.4998,0.7538,0.4302,0.1557,0.2991,0.2458,0.4998,0.0410,0.0737,0.1557,0.1557,,0.5550,,,,65.78,,,124.6,,0.090,
1791428297.6806252,0.5695,0.7538,0.4302,0.4302,0.3646,0.8030,0.3646,0.7538,0.3646,0.2458,0.1557,0.4302,0.4998,0.1557,0.0737,0.3646,0.1557,0.3470,0.5480,,0.2010,,65.76,,,123.9,0.728,0.090,
1791428297.7147174,0.7006,0.7006,0.6350,0.3646,0.2458,0.7538,0.4998,0.8030,0.2991,0.1557,0.1557,0.4998,0.4998,0.1557,0.0737,0.0410,0.0574,0.3490,0.5515,,0.2025,,65.42,,,124.5,0.798,0.092,
1791428297.74842,0.4998,0.4998,0.4998,0.3646,0.2458,0.7538,0.4998,0.6350,0.2458,0.1966,0.1966,0.3646,0.4302,0.2458,0.4302,0.1557,0.2458,0.3480,0.5525,,0.2045,,64.75,,,127.8,0.704,0.095,
1791428297.7815824,0.4998,0.7006,0.5695,0.4998,0.2991,0.7538,0.3646,0.7006,0.3646,0.1229,0.1229,0.4998,0.4302,0.0574,0.1229,0.0574,0.0737,0.3480,0.5530,,0.2050,,64.74,,,125.1,0.733,0.095,
1791428297.8153229,0.6350,0.6350,0.5695,0.4998,0.3646,0.7538,0.4302,0.6350,0.2991,0.1229,0.1557,0.4998,0.4998,0.2991,0.2991,0.2458,0.3646,0.3470,0.5545,,0.2075,,64.88,,,124.1,0.717,0.095,
1791428297.854174,0.7006,0.8030,0.6350,0.4998,0.1966,0.6350,0.1966,0.7006,0.3646,0.0737,0.1966,0.4302,0.4998,0.0737,0.0410,0.0574,0.1229,0.3500,,,,,64.88,,,124.1,,,
1791428297.8861282,0.3646,0.5695,0.6350,0.5695,0.2458,0.7006,0.3646,0.7006,0.4302,0.1966,0.2458,0.2458,0.3646,0.1557,0.0737,0.0942,0.0737,0.3530,0.5550,,0.2020,,65.17,,,170.5,,0.094,
1791428297.9171898,0.2991,0.4302,0.5695,0.4302,0.4302,0.8767,0.4302,0.7538,0.3646,0.1557,0.2991,0.2991,0.4302,0.1557,0.2991,0.0410,0.0574,,0.5535,,,,65.17,,,175.3,,0.094,
1791428297.9489057,0.4998,0.6350,0.8030,0.4998,0.2991,0.8030,0.3646,0.7006,0.2991,0.1557,0.2458,0.4998,0.3646,0.1557,0.2991,0.0737,0.0737,0.3500,0.5540,,0.2040,,65.60,,,174.4,0.756,0.092,
1791428297.9810977,0.3646,0.5695,0.7538,0.4302,0.2991,0.8440,0.4998,0.7006,0.4302,0.0369,0.2458,0.4302,0.3646,0.0164,0.0942,0.0737,0.0574,0.3500,0.5530,,0.2030,,65.33,,,127.2,0.768,0.093,
1791428298.0157685,0.7006,0.8030,0.8440,0.2991,0.1229,0.7006,0.4302,0.7538,0.4302,0.1557,0.1229,0.4302,0.3646,0.0574,0.1966,0.1229,0.0737,0.3500,0.5565,,0.2065,,66.09,,,151.6,0.743,0.090,
1791428298.0491312,0.4998,0.7538,0.7538,0.2458,0.2458,0.8030,0.6350,0.8030,0.2991,0.1229,0.1557,0.4998,0.3646,0.1557,0.0410,0.0574,0.1557,0.3550,0.5515,,0.1965,,65.71,,,,0.802,0.091,
1791428298.0817282,0.6350,0.5695,0.7006,0.2458,0.3646,0.7538,0.5695,0.7538,0.4302,0.0737,0.1229,0.4998,0.4998,0.0942,0.2458,0.0369,0.0942,0.3530,0.5420,,0.1890,,65.17,,,,0.841,0.092,
1791428298.1153579,0.4998,0.6350,0.8030,0.4998,0.2991,0.7538,0.4302,0.8030,0.2991,0.0942,0.1557,0.3646,0.4998,0.1557,0.2458,0.0410,0.0737,0.3500,0.5535,,0.2035,,65.42,,,,0.759,0.092,
1791428298.1546192,0.4998,0.5695,0.6350,0.6350,0.4302,0.9054,0.4302,0.7006,0.2991,0.0737,0.2458,0.4302,0.4998,0.0369,0.0942,0.1557,0.0942,0.3510,0.5535,,0.2025,,65.17,,,,0.734,0.093,
1791428298.1852221,0.6350,0.5695,0.8767,0.4998,0.3646,0.7538,0.4302,0.7538,0.4302,0.1966,0.3646,0.3646,0.4302,0.0942,0.0942,0.0737,0.1557,0.3530,0.5525,,0.1995,,65.12,,,161.7,0.796,0.093,1.280
1791428298.2169838,0.4998,0.7006,0.7006,0.3646,0.3646,0.7538,0.3646,0.7006,0.2458,0.0369,0.0737,0.3646,0.4998,0.1229,0.3646,0.0410,0.0574,0.3500,0.5515,,0.2015,,65.45,,,160.2,0.812,0.092,
1791428298.248997,0.6350,0.7006,0.5695,0.4302,0.2991,0.8440,0.3646,0.7006,0.3646,0.0410,0.2458,0.4302,0.4998,0.0574,0.2991,0.1966,0.0574,0.3500,0.5560,,0.2060,,65.68,,,172.5,0.756,0.091,
1791428298.2821035,0.5695,0.8767,0.7006,0.3646,0.3646,0.8440,0.4998,0.7538,0.3646,0.2458,0.3646,0.5695,0.4998,0.0942,0.0942,0.0410,0.1557,0.3500,0.5525,,0.2025,,65.22,,,136.3,0.754,0.093,1.233
1791428298.3154764,0.6350,0.8767,0.7006,0.6350,0.4998,0.8440,0.4302,0.8440,0.3646,0.0574,0.2458,0.4998,0.4302,0.1557,0.1229,0.0574,0.0737,0.3540,0.5465,,0.1925,,65.17,,,132.7,0.754,0.093,
1791428298.3489559,0.4998,0.7006,0.6350,0.5695,0.2991,0.8440,0.1557,0.6350,0.3646,0.0574,0.0942,0.3646,0.5695,0.1229,0.1229,0.0942,0.1229,0.3460,,,,,65.17,,,132.7,,,
1791428298.3827345,0.4998,0.6350,0.8030,0.4998,0.1557,0.7538,0.3646,0.6350,0.2991,0.1557,0.1966,0.5695,0.4302,0.1966,0.2991,0.0574,0.2458,0.3460,0.5510,,0.2050,,65.34,,,131.6,0.797,0.092,
1791428298.4153304,0.5695,0.9054,0.7538,0.4998,0.2458,0.8030,0.4998,0.7538,0.5695,0.1557,0.0574,0.4302,0.4998,0.1557,0.1557,0.0369,0.1229,0.3500,0.5545,,0.2045,,65.50,,,127.7,0.738,0.092,
1791428298.4527867,0.4998,0.6350,0.8030,0.4302,0.2458,0.7538,0.4998,0.7538,0.4302,0.0574,0.0737,0.3646,0.4302,0.1966,0.0574,0.0737,0.1557,0.3500,0.5550,,0.2050,,65.53,,,122.2,0.736,0.092,
1791428298.4836373,0.4302,0.7006,0.6350,0.4302,0.2458,0.7538,0.3646,0.7006,0.5695,0.1966,0.0942,0.5695,0.4998,0.1229,0.2458,0.0737,0.0737,0.3500,0.5525,,0.2025,,65.75,,,119.1,0.762,0.091,
1791428298.5159872,0.7538,0.7006,0.8440,0.4998,0.3646,0.7006,0.4998,0.7006,0.4302,0.1557,0.1557,0.4998,0.4302,0.1557,0.1966,0.0942,0.1557,0.3500,0.5530,,0.2030,,66.02,,,115.4,0.730,0.090,
1791428298.5489771,0.4302,0.4302,0.7538,0.4302,0.2991,0.7006,0.5695,0.7538,0.6350,0.0369,0.1229,0.4302,0.4998,0.1557,0.2458,0.0574,0.1229,0.3460,0.5505,,0.2045,,65.92,,,113.3,0.792,0.091,
1791428298.5827525,0.4302,0.8030,0.8440,0.5695,0.2991,0.8767,0.4998,0.7006,0.4302,0.1557,0.0942,0.2458,0.4302,0.1229,0.0574,0.0574,0.1557,0.3460,0.5540,,0.2080,,66.26,,,112.9,,0.090,
1791428298.6162999,0.4998,0.7006,0.6350,0.4998,0.4302,0.8440,0.2991,0.7538,0.4302,0.0942,0.1229,0.4302,0.4302,0.0574,0.1966,0.0574,0.0574,0.3470,,,,,66.26,,,112.9,,,
1791428298.6496978,0.7538,0.4998,0.4998,0.4302,0.2458,0.7538,0.4998,0.5695,0.3646,0.1557,0.1229,0.4998,0.5695,0.1966,0.1557,0.0942,0.1966,0.3460,0.5535,,0.2075,,66.29,,,112.4,0.727,0.090,
1791428298.6827083,0.7006,0.7006,0.7006,0.4998,0.3646,0.7006,0.4302,0.7006,0.4998,0.0942,0.4302,0.5695,0.4302,0.0164,0.1966,0.0737,0.0574,0.3460,0.5495,,0.2035,,66.76,,,121.8,0.748,0.088,1.148
1791428298.722659,0.3646,0.8030,0.6350,0.4998,0.2991,0.7538,0.4998,0.7538,0.4302,0.0942,0.0942,0.4998,0.4998,0.2991,0.1966,0.0410,0.1557,0.3470,0.5520,,0.2050,,67.42,,,119.7,0.742,0.085,
1791428298.753035,0.6350,0.6350,0.5695,0.4998,0.1966,0.7006,0.4302,0.8030,0.3646,0.0942,0.1966,0.3646,0.4998,0.0574,0.2991,0.0574,0.1229,0.3460,0.5430,,0.1970,,67.06,,,119.3,0.756,0.086,
1791428298.7857282,0.5695,0.7538,0.8030,0.5695,0.2991,0.8440,0.3646,0.4302,0.4302,0.1557,0.0574,0.5695,0.4998,0.1557,0.1966,0.1557,0.1229,0.3470,0.5485,,0.2015,,67.10,,,119.2,0.787,0.086,
1791428298.815857,0.5695,0.6350,0.7006,0.4998,0.4302,0.7538,0.4302,0.8440,0.2991,0.1966,0.2458,0.4998,0.5695,0.1557,0.1966,0.0737,0.0737,0.3460,0.5520,,0.2060,,67.31,,,121.1,0.714,0.085,
1791428298.8501935,0.4302,0.7538,0.6350,0.4302,0.4998,0.8030,0.4302,0.6350,0.2991,0.0737,0.1557,0.4998,0.4998,0.0369,0.0737,0.0942,0.0737,0.3460,0.5440,,0.1980,,66.85,,,118.6,0.757,0.086,
1791428298.8831127,0.4998,0.5695,0.7006,0.4302,0.2458,0.8030,0.6350,0.7006,0.4302,0.0410,0.1229,0.3646,0.3646,0.1229,0.1229,0.0574,0.1966,0.3490,0.5495,,0.2005,,66.95,,,118.5,0.723,0.086,
1791428298.9171386,0.3646,0.5695,0.4302,0.4998,0.2991,0.6350,0.4302,0.5695,0.2991,0.0574,0.1229,0.4302,0.4302,0.1557,0.2991,0.0574,0.0737,0.3460,0.5390,,0.1930,,66.80,,,118.0,0.842,0.086,
1791428298.9494202,0.5695,0.4302,0.7006,0.4302,0.3646,0.9259,0.6350,0.7006,0.3646,0.1229,0.0942,0.3646,0.4302,0.0574,0.1966,0.1229,0.1557,0.3460,0.5495,,0.2035,,67.19,,,116.4,0.739,0.084,
1791428298.9839575,0.6350,0.7006,0.5695,0.5695,0.2991,0.8440,0.4302,0.7538,0.4998,0.1229,0.0737,0.4998,0.5695,0.0574,0.1966,0.0942,0.1229,0.3460,0.5455,,0.1995,,67.09,,,116.7,0.788,0.085,
1791428299.0223951,0.4302,0.6350,0.7538,0.5695,0.3646,0.8030,0.4302,0.8030,0.5695,0.0737,0.0574,0.3646,0.4302,0.1229,0.1557,0.0942,0.1557,0.3460,0.5440,,0.1980,,66.90,,,114.5,0.740,0.085,
1791428299.0525794,0.6350,0.4998,0.8030,0.5695,0.4998,0.2458,0.5695,0.4302,0.2991,0.1557,0.1966,0.4998,0.4998,0.1966,0.0574,0.0737,0.0942,0.3460,,,,,66.90,,,114.5,,,
1791428299.0839608,0.5695,0.5695,0.7006,0.3646,0.1557,0.7006,0.2991,0.7006,0.6350,0.0574,0.1966,0.1966,0.2991,0.0942,0.0246,0.1229,0.1557,0.3460,,,,,66.90,,,114.5,,,
1791428299.1163256,0.4998,0.4998,0.5695,0.4998,0.3646,0.7006,0.4998,0.8030,0.4302,0.1966,0.1229,0.5695,0.4998,0.1557,0.0737,0.0574,0.0942,0.3460,0.5490,,0.2030,,67.69,,,116.9,0.793,0.082,
1791428299.1506555,0.6350,0.5695,0.4998,0.6350,0.3646,0.4998,0.6350,0.7006,0.4998,0.0574,0.0737,0.2991,0.4998,0.0574,0.0574,0.0574,0.0737,0.3460,0.5515,,0.2055,,68.01,,,119.4,,0.081,
1791428299.1841915,0.7006,0.5695,0.4998,0.4302,0.3646,0.7006,0.4302,0.7006,0.3646,0.0574,0.1557,0.4998,0.3646,0.0574,0.1229,0.0942,0.1229,0.3460,0.5515,,0.2055,,67.80,,,117.3,0.715,0.083,
1791428299.2179136,0.7006,0.7006,0.6350,0.2991,0.3646,0.7006,0.5695,0.7538,0.4302,0.1557,0.0737,0.4302,0.4302,0.0574,0.1557,0.0737,0.1229,0.3460,0.5505,,0.2045,,67.73,,,,0.752,0.083,
1791428299.2501707,0.4998,0.7538,0.8440,0.4302,0.3646,0.8030,0.4302,0.5695,0.2458,0.2991,0.2458,0.5695,0.4998,0.1557,0.1229,0.0369,0.0737,0.3460,0.5510,,0.2050,,67.51,,,,0.741,0.084,
1791428299.2843583,0.7006,0.5695,0.6350,0.4302,0.2991,0.7538,0.5695,0.7006,0.4998,0.0942,0.2991,0.4302,0.4998,0.1966,0.0942,0.0410,0.0574,0.3460,0.5445,,0.1985,,67.45,,,,0.757,0.084,
1791428299.3210325,0.6350,0.7538,0.8030,0.3646,0.3646,0.8440,0.2991,0.7006,0.3646,0.0942,0.1229,0.2991,0.3646,0.0123,0.3646,0.0574,0.2458,0.3490,,,,,67.45,,,,,,
1791428299.3529708,0.6350,0.6350,0.8030,0.4998,0.2991,0.8030,0.4998,0.8440,0.2991,0.0574,0.1557,0.5695,0.4302,0.0410,0.1557,0.0410,0.0410,0.3460,0.5455,,0.1995,,67.10,,,,0.693,0.085,
1791428299.3838718,0.3646,0.6350,0.7538,0.4302,0.4998,0.8440,0.3646,0.7006,0.1966,0.1966,0.1966,0.2458,0.4302,0.0164,0.0410,0.0737,0.1229,0.3490,0.5535,,0.2045,,66.88,,,,,0.086,
1791428299.4171455,0.4998,0.7538,0.5695,0.6350,0.4302,0.8767,0.4302,0.7006,0.4998,0.2458,0.1557,0.4302,0.4302,0.1966,0.1966,0.0737,0.0574,0.3460,0.5520,,0.2060,,67.12,,,,0.707,0.086,
1791428299.4498537,0.5695,0.6350,0.6350,0.4998,0.2991,0.8440,0.5695,0.7006,0.1966,0.0574,0.1557,0.4998,0.4998,0.1557,0.1966,0.0369,0.0737,0.3460,0.5530,,0.2070,,67.44,,,,0.751,0.085,
1791428299.4844785,0.3646,0.6350,0.8030,0.4998,0.2991,0.7538,0.3646,0.7006,0.3646,0.1557,0.0942,0.5695,0.4998,0.1229,0.1557,0.0369,0.1229,0.3460,0.5485,,0.2025,,66.51,,,,0.767,0.088,
1791428299.517117,0.5695,0.7538,0.7006,0.4302,0.4302,0.8030,0.5695,0.7006,0.2991,0.0410,0.1229,0.4302,0.4998,0.0246,0.0369,0.0737,0.1229,0.3490,0.5475,,0.1985,,66.56,,,,0.750,0.088,
1791428299.5512059,0.6350,0.6350,0.8030,0.4998,0.4302,0.9054,0.2991,0.7006,0.3646,0.0574,0.1229,0.4302,0.4998,0.0737,0.1557,0.0737,0.0410,0.3480,,,,,66.56,,,,,,
1791428299.5899262,0.6350,0.5695,0.7006,0.4302,0.4302,0.8030,0.4302,0.7538,0.2991,0.0942,0.1557,0.5695,0.4302,0.0574,0.0737,0.0410,0.0737,0.3460,0.5495,,0.2035,,66.82,,,,0.769,0.087,
1791428299.6225293,0.7538,0.5695,0.6350,0.4302,0.2991,0.7006,0.4998,0.7538,0.2991,0.2991,0.3646,0.3646,0.4998,0.0574,0.1966,0.0369,0.0737,0.3470,0.5480,,0.2010,,67.03,,,128.1,0.801,0.086,1.213
1791428299.6540942,0.4302,0.7538,0.5695,0.4998,0.4998,0.7538,0.4302,0.7006,0.4302,0.0942,0.0942,0.4302,0.4998,0.0574,0.1557,0.0574,0.1966,0.3460,0.5515,,0.2055,,66.86,,,127.5,0.733,0.087,
1791428299.6840045,0.5695,0.6350,0.7006,0.6350,0.3646,0.6350,0.4998,0.7006,0.5695,0.1966,0.0942,0.4998,0.4998,0.0737,0.1966,0.0410,0.0737,0.3470,0.5510,,0.2040,,67.18,,,125.0,0.735,0.086,
1791428299.7168932,0.4998,0.5695,0.6350,0.3646,0.2991,0.6350,0.4998,0.8767,0.4302,0.1557,0.1229,0.2991,0.3646,0.1229,0.1966,0.0574,0.0942,0.3460,0.5515,,0.2055,,67.29,,,124.8,,0.085,
1791428299.7508898,0.7538,0.4302,0.5695,0.4998,0.2991,0.7006,0.4998,0.7538,0.3646,0.0737,0.0574,0.2458,0.3646,0.0164,0.0410,0.0369,0.0737,0.3460,0.5490,,0.2030,,67.01,,,125.7,,0.086,
1791428299.7848086,0.4998,0.4998,0.6350,0.4998,0.3646,0.7006,0.2458,0.7006,0.4302,0.0737,0.1557,0.4302,0.4998,0.0410,0.0410,0.0410,0.0737,0.3460,,,,,67.01,,,125.7,,,
1791428299.81826,0.6350,0.6350,0.5695,0.2991,0.4302,0.7006,0.4302,0.8030,0.3646,0.0574,0.1557,0.4302,0.4302,0.0574,0.2991,0.0942,0.0942,0.3460,0.5405,,0.1945,,66.69,,,127.2,0.779,0.087,
1791428299.8593414,0.5695,0.6350,0.5695,0.4998,0.2991,0.8440,0.4302,0.7006,0.6350,0.1557,0.0942,0.4998,0.4998,0.0574,0.0574,0.1557,0.1229,0.3460,0.5410,,0.1950,,66.23,,,128.5,0.741,0.088,
1791428299.8911583,0.3646,0.4998,0.5695,0.3646,0.2991,0.8030,0.5695,0.7006,0.4998,0.2458,0.1229,0.4998,0.4998,0.0410,0.1966,0.1229,0.1229,0.3460,0.5490,,0.2030,,66.21,,,127.7,0.784,0.089,
1791428299.9215693,0.5695,0.6350,0.6350,0.4998,0.4302,0.8030,0.5695,0.6350,0.4998,0.2458,0.1229,0.5695,0.4998,0.1557,0.1557,0.0410,0.0737,0.3460,0.5500,,0.2040,,66.27,,,130.0,0.752,0.089,
1791428299.9546568,0.5695,0.4998,0.6350,0.4998,0.4302,0.7538,0.4998,0.7538,0.4302,0.0574,0.0737,0.4998,0.4302,0.1557,0.0574,0.0737,0.1229,0.3460,0.5495,,0.2035,,65.97,,,131.3,0.781,0.090,
1791428299.9848158,0.7538,0.5695,0.4998,0.4302,0.2991,0.8440,0.5695,0.7006,0.5695,0.0574,0.2991,0.6350,0.4302,0.0737,0.0369,0.0369,0.0942,0.3460,0.5490,,0.2030,,65.97,,,132.2,0.762,0.090,
1791428300.0176497,0.4998,0.4302,0.5695,0.3646,0.2991,0.6350,0.5695,0.8030,0.4998,0.1966,0.1229,0.5695,0.5695,0.0737,0.1966,0.0410,0.0737,0.3460,0.5500,0.5670,0.2040,0.0170,66.19,6.92,,131.4,0.712,0.089,
1791428300.0515006,0.4998,0.4998,0.7006,0.4998,0.4302,0.7538,0.6350,0.6350,0.4998,0.0574,0.1557,0.3646,0.4998,0.0574,0.2458,0.0369,0.0737,0.3460,0.5465,,0.2005,,65.90,6.98,,133.4,0.762,0.090,
1791428300.0844498,0.5695,0.5695,0.7006,0.4998,0.4302,0.8440,0.4302,0.7006,0.6350,0.2458,0.0942,0.4302,0.4998,0.1557,0.2458,0.1557,0.0574,0.3460,0.5495,,0.2035,,66.20,6.95,,130.5,0.740,0.089,
1791428300.1188285,0.5695,0.6350,0.6350,0.4998,0.5695,0.7006,0.5695,0.7006,0.4302,0.0410,0.0942,0.4998,0.4998,0.1966,0.0737,0.0942,0.0737,0.3460,0.5505,,0.2045,,66.39,6.83,,129.8,0.775,0.089,
1791428300.151419,0.6350,0.4998,0.6350,0.3646,0.4302,0.7538,0.4302,0.4998,0.4302,0.0574,0.0942,0.5695,0.4998,0.0574,0.0737,0.0737,0.0737,0.3460,0.5430,,0.1970,,66.54,7.07,,,0.745,0.088,
1791428300.1903622,0.4998,0.5695,0.7538,0.4302,0.3646,0.8030,0.4998,0.7006,0.5695,0.2458,0.1229,0.5695,0.4998,0.0369,0.0574,0.0410,0.1229,0.3460,0.5510,,0.2050,,66.84,6.94,,,0.756,0.087,
1791428300.2207704,0.5695,0.8440,0.6350,0.4998,0.6350,0.7538,0.3646,0.7538,0.3646,0.0737,0.2458,0.2458,0.4302,0.0574,0.1229,0.0410,0.0737,0.3490,0.5430,,0.1940,,67.02,7.17,,,,0.085,
1791428300.2531605,0.6350,0.7006,0.5695,0.3646,0.4302,0.7538,0.5695,0.7006,0.4302,0.1557,0.1557,0.4302,0.4302,0.1229,0.1557,0.0410,0.1229,0.3480,0.5405,,0.1925,,66.85,7.36,,,0.786,0.085,
1791428300.2851305,0.4998,0.6350,0.6350,0.5695,0.4302,0.7006,0.5695,0.7006,0.7006,0.0574,0.0737,0.3646,0.4998,0.0369,0.0369,0.0942,0.1229,0.3490,0.5505,,0.2015,,66.48,7.21,,,0.745,0.087,
1791428300.3176544,0.3646,0.5695,0.6350,0.4302,0.4302,0.6350,0.3646,0.4998,0.2991,0.0574,0.1557,0.4302,0.5695,0.1229,0.0410,0.0410,0.0574,0.3490,0.5485,,0.1995,,65.80,7.06,,,0.804,0.090,
1791428300.3515825,0.4998,0.6350,0.7538,0.4998,0.4302,0.6350,0.4998,0.6350,0.4998,0.1557,0.1229,0.4998,0.4998,0.0410,0.0942,0.0737,0.0410,0.3460,0.5470,,0.2010,,65.60,6.98,,,0.812,0.091,
1791428300.385101,0.4998,0.5695,0.5695,0.6350,0.4998,0.7538,0.5695,0.7538,0.4302,0.1966,0.3646,0.4998,0.5695,0.1966,0.1966,0.1229,0.1229,0.3460,0.5420,,0.1960,,65.73,7.18,,144.7,0.765,0.090,1.144
1791428300.4181678,0.7006,0.6350,0.7006,0.4998,0.2458,0.7538,0.4302,0.7538,0.6350,0.0410,0.1557,0.2991,0.3646,0.0942,0.1966,0.0369,0.0737,0.3460,0.5440,,0.1980,,66.10,7.38,,144.6,,0.088,
1791428300.4515874,0.4998,0.6350,0.4302,0.5695,0.4302,0.6350,0.2991,0.7006,0.4998,0.1966,0.1966,0.5695,0.5695,0.1229,0.0246,0.0737,0.0574,0.3460,,0.5690,,,66.10,7.38,,144.6,,,
1791428300.4898767,0.4998,0.4302,0.7538,0.3646,0.2991,0.8030,0.4998,0.7538,0.4998,0.1557,0.0942,0.2991,0.2991,0.1229,0.1229,0.0942,0.0737,0.3460,0.5500,,0.2040,,65.86,7.23,,143.6,,0.090,
1791428300.5220294,0.4302,0.5695,0.7006,0.4998,0.4302,0.6350,0.4302,0.7006,0.2458,0.0246,0.3646,0.4302,0.4998,0.0942,0.1557,0.0410,0.0737,0.3460,0.5500,,0.2040,,65.75,7.10,,158.2,0.761,0.090,1.187
1791428300.5542781,0.5695,0.6350,0.6350,0.5695,0.2991,0.5695,0.3646,0.7538,0.4302,0.0574,0.1966,0.4302,0.4302,0.0942,0.0410,0.0574,0.0737,0.3490,0.5505,,0.2015,,66.12,,,157.1,0.742,0.089,
1791428300.5862505,0.6350,0.5695,0.7538,0.4302,0.1966,0.7006,0.5695,0.7538,0.3646,0.2458,0.1966,0.4998,0.4998,0.0737,0.1966,0.0737,0.0942,0.3460,0.5515,,0.2055,,66.24,,,155.2,0.780,0.089,
1791428300.618026,0.4998,0.6350,0.7006,0.5695,0.2991,0.7538,0.5695,0.7538,0.1966,0.1229,0.1557,0.4998,0.4302,0.1557,0.0737,0.0574,0.1966,0.3460,0.5490,,0.2030,,66.06,,,157.4,0.782,0.090,
1791428300.6518338,0.4998,0.6350,0.6350,0.5695,0.3646,0.7006,0.6350,0.7538,0.1966,0.1966,0.1557,0.5695,0.4302,0.0737,0.1557,0.0369,0.0574,0.3460,0.5505,,0.2045,,65.85,,,156.5,0.727,0.091,
1791428300.6853194,0.5695,0.7538,0.4998,0.3646,0.3646,0.6350,0.3646,0.7538,0.4302,0.1966,0.1557,0.4998,0.4302,0.0574,0.1229,0.0737,0.0737,0.3460,0.5505,,0.2045,,66.11,,,155.6,0.749,0.090,
1791428300.7191021,0.6350,0.6350,0.6350,0.4302,0.2991,0.7538,0.4302,0.7538,0.4302,0.1557,0.1229,0.5695,0.4998,0.0369,0.0574,0.0574,0.1229,0.3460,0.5515,,0.2055,,66.27,,,155.0,0.733,0.089,
1791428300.7519274,0.4998,0.5695,0.7538,0.4302,0.4302,0.7538,0.4998,0.7538,0.1966,0.1966,0.1229,0.2458,0.4302,0.0574,0.1229,0.0942,0.0942,0.3530,0.5510,,0.1980,,66.48,,,155.6,,0.088,
1791428300.7858257,0.2991,0.7006,0.7006,0.3646,0.3646,0.8030,0.4998,0.7538,0.5695,0.2458,0.0942,0.4302,0.3646,0.1557,0.0369,0.1229,0.1229,,0.5425,,,,66.48,,,156.1,0.767,0.088,
1791428300.8246026,0.7006,0.5695,0.6350,0.4998,0.2458,0.8030,0.5695,0.7006,0.3646,0.1557,0.0737,0.4998,0.5695,0.1229,0.1966,0.0737,0.1557,0.3460,0.5470,,0.2010,,66.27,,,156.5,0.796,0.089,
1791428300.856318,0.4302,0.5695,0.6350,0.4998,0.2458,0.8030,0.4998,0.5695,0.6350,0.1557,0.4302,0.2991,0.4998,0.1557,0.1966,0.0942,0.1557,0.3460,0.5420,,0.1960,,66.28,,,126.5,,0.088,1.229
1791428300.8876417,0.7006,0.6350,0.5695,0.4998,0.2458,0.7006,0.4998,0.5695,0.4302,0.0410,0.2458,0.2991,0.3646,0.0737,0.1557,0.0410,0.0410,0.3460,0.5515,,0.2055,,66.77,,,124.9,,0.087,
1791428300.9188464,0.5695,0.5695,0.7538,0.3646,0.2991,0.8030,0.2991,0.6350,0.4302,0.0942,0.3646,0.4302,0.4998,0.1557,0.1966,0.0942,0.1557,0.3460,,,,,66.77,,,124.9,,,
1791428300.9529576,0.4998,0.7538,0.5695,0.5695,0.3646,0.7538,0.4998,0.7538,0.4302,0.1229,0.1966,0.4302,0.4302,0.0410,0.0410,0.0942,0.1229,0.3460,0.5495,,0.2035,,67.04,,,127.9,0.745,0.086,
1791428300.9852557,0.6350,0.5695,0.6350,0.4998,0.3646,0.8767,0.5695,0.7538,0.4302,0.2458,0.1229,0.4998,0.4302,0.0410,0.2458,0.0410,0.1229,0.3460,0.5495,,0.2035,,66.95,,,125.9,0.732,0.086,
1791428301.0190427,0.3646,0.6350,0.7006,0.5695,0.1966,0.7538,0.4998,0.7538,0.4998,0.1557,0.1966,0.5695,0.4998,0.1557,0.0574,0.0410,0.0737,0.3460,0.5490,,0.2030,,67.19,,,128.1,0.731,0.085,
1791428301.0524197,0.3646,0.4998,0.7006,0.5695,0.5695,0.8767,0.4998,0.7006,0.4302,0.1557,0.1557,0.1966,0.4302,0.0942,0.0574,0.0737,0.0942,0.3470,0.5490,,0.2020,,67.13,,,131.2,,0.085,
1791428301.0859642,0.6350,0.7538,0.6350,0.6350,0.4302,0.7538,0.4302,0.7006,0.4998,0.1966,0.2991,0.4998,0.4998,0.0574,0.0410,0.0410,0.0410,0.3460,0.5485,,0.2025,,67.41,,,132.2,0.772,0.084,
1791428301.1256297,0.4998,0.4302,0.6350,0.5695,0.2991,0.8030,0.2991,0.4998,0.4998,0.2991,0.1966,0.3646,0.4302,0.0574,0.2991,0.0737,0.0942,0.3490,,,,,67.41,,,132.2,,,
1791428301.1566212,0.5695,0.4302,0.8030,0.4998,0.3646,0.8030,0.4998,0.6350,0.5695,0.0574,0.0737,0.4998,0.4998,0.1966,0.1229,0.0942,0.1557,0.3460,0.5420,,0.1960,,67.18,,,128.8,0.749,0.085,
1791428301.1893103,0.4302,0.7006,0.6350,0.3646,0.4302,0.8030,0.5695,0.8030,0.5695,0.2458,0.4302,0.4302,0.4998,0.0410,0.0942,0.0369,0.1557,0.3460,0.5505,,0.2045,,67.14,,,144.7,0.720,0.085,1.090
1791428301.2205892,0.4998,0.5695,0.5695,0.4998,0.4998,0.8030,0.4998,0.7006,0.5695,0.1966,0.3646,0.3646,0.4998,0.1229,0.1229,0.1557,0.2991,0.3460,0.5500,,0.2040,,67.45,,,160.2,0.764,0.084,1.113
1791428301.2525008,0.4302,0.5695,0.6350,0.4302,0.2458,0.7538,0.4998,0.8030,0.7006,0.0737,0.1966,0.4302,0.4998,0.1557,0.0737,0.0410,0.1557,0.3460,0.5485,,0.2025,,67.70,,,160.5,0.760,0.083,
1791428301.28645,0.3646,0.6350,0.8030,0.4998,0.2458,0.8030,0.4302,0.7006,0.6350,0.0737,0.1229,0.3646,0.4998,0.0574,0.0369,0.0737,0.0574,0.3460,0.5500,,0.2040,,68.16,,,159.1,0.742,0.081,
1791428301.3194985,0.8030,0.6350,0.5695,0.4302,0.2458,0.8440,0.5695,0.7538,0.6350,0.0737,0.2991,0.5695,0.6350,0.2458,0.1557,0.1229,0.2458,0.3460,0.5520,0.5670,0.2060,0.0150,68.01,6.11,,160.0,0.739,0.082,
1791428301.3529887,0.6350,0.6350,0.7538,0.4302,0.4302,0.8030,0.5695,0.6350,0.6350,0.3646,0.2991,0.4302,0.5695,0.0737,0.1557,0.1229,0.0942,0.3460,0.5525,,0.2065,,68.46,6.02,146.2,158.6,0.729,0.081,1.167
1791428301.3861444,0.5695,0.6350,0.7006,0.3646,0.2458,0.8440,0.5695,0.7006,0.5695,0.2991,0.1557,0.3646,0.3646,0.2458,0.1557,0.0410,0.0410,0.3460,0.5500,,0.2040,,68.85,6.01,146.9,158.3,0.756,0.079,
1791428301.4253047,0.4302,0.7006,0.8440,0.5695,0.2991,0.7538,0.3646,0.7006,0.6350,0.0574,0.0942,0.4998,0.5695,0.0574,0.1966,0.1966,0.1966,0.3460,0.5525,,0.2065,,69.31,5.92,145.8,158.0,0.739,0.077,
1791428301.4576402,0.3646,0.5695,0.7538,0.3646,0.1966,0.7006,0.4998,0.7538,0.4998,0.1557,0.2458,0.2458,0.4302,0.0737,0.1229,0.1557,0.0942,0.3460,0.5500,,0.2040,,68.83,5.90,145.6,158.1,,0.079,
1791428301.4885588,0.5695,0.6350,0.7006,0.3646,0.1966,0.6350,0.4302,0.7006,0.4302,0.0574,0.1557,0.4302,0.4302,0.0737,0.1966,0.0410,0.0737,0.3460,0.5500,,0.2040,,69.01,5.94,145.9,158.3,0.739,0.078,
1791428301.5195706,0.4302,0.5695,0.8030,0.5695,0.3646,0.7538,0.3646,0.5695,0.6350,0.0942,0.0942,0.4998,0.6350,0.0574,0.0737,0.1229,0.1229,0.3460,0.5510,,0.2050,,69.12,5.91,146.0,157.7,0.747,0.078,
1791428301.55312,0.4998,0.5695,0.6350,0.3646,0.1557,0.7538,0.4302,0.7538,0.4302,0.1557,0.1229,0.4998,0.4998,0.1557,0.1557,0.0410,0.1966,0.3460,0.5505,,0.2045,,68.73,5.90,145.6,158.3,0.755,0.080,
1791428301.58634,0.4302,0.6350,0.8767,0.4998,0.4302,0.7538,0.3646,0.7538,0.4302,0.0942,0.0737,0.2991,0.4302,0.0574,0.2991,0.0574,0.0737,0.3460,0.5505,,0.2045,,69.22,5.94,146.4,157.6,,0.078,
1791428301.620083,0.5695,0.5695,0.7006,0.5695,0.4302,0.8030,0.4302,0.7006,0.4998,0.0942,0.2991,0.4998,0.4998,0.2458,0.0942,0.1229,0.1557,0.3460,0.5400,,0.1940,,68.82,6.26,146.6,158.7,0.790,0.078,
1791428301.6537676,0.2991,0.6350,0.5695,0.4998,0.4302,0.7538,0.4302,0.4998,0.5695,0.4302,0.4302,0.4998,0.5695,0.1557,0.1966,0.0574,0.0574,,0.5480,,,,68.82,6.26,146.2,171.1,0.784,0.078,
1791428301.6862974,0.2991,0.6350,0.8030,0.4998,0.4998,0.8030,0.4302,0.7006,0.4998,0.0737,0.3646,0.4302,0.5695,0.0410,0.0737,0.1229,0.1229,,0.5520,,,,68.82,6.26,145.7,178.8,0.738,0.078,
1791428301.7253265,0.4998,0.6350,0.7538,0.5695,0.4302,0.8030,0.4302,0.8030,0.3646,0.0369,0.2991,0.3646,0.4302,0.1557,0.1966,0.1229,0.1966,0.3460,0.5415,,0.1955,,69.10,6.45,144.3,178.9,0.793,0.077,
1791428301.7575035,0.6350,0.5695,0.8030,0.4998,0.2458,0.7538,0.5695,0.5695,0.7006,0.1557,0.0737,0.4302,0.4998,0.1966,0.2458,0.1229,0.1229,0.3460,0.5475,,0.2015,,68.72,6.40,145.3,178.7,0.784,0.078,
1791428301.7884493,0.4302,0.6350,0.5695,0.4998,0.3646,0.8440,0.4998,0.6350,0.6350,0.2458,0.2991,0.4302,0.5695,0.2458,0.1229,0.1229,0.1229,0.3460,0.5525,,0.2065,,68.83,6.30,145.3,179.1,0.701,0.078,
1791428301.819997,0.7006,0.5695,0.5695,0.4998,0.2458,0.4302,0.5695,0.8030,0.4302,0.0574,0.1229,0.4302,0.4998,0.2458,0.1557,0.1229,0.1966,0.3460,0.5415,,0.1955,,68.21,6.55,144.4,179.0,0.757,0.080,
1791428301.8528752,0.4998,0.4998,0.6350,0.4998,0.5695,0.8030,0.4998,0.7538,0.6350,0.0574,0.0737,0.4302,0.6350,0.3646,0.1966,0.1557,0.2458,0.3460,0.5515,,0.2055,,67.81,,145.8,178.9,0.747,0.082,
1791428301.886472,0.5695,0.5695,0.7538,0.5695,0.3646,0.7538,0.4998,0.6350,0.3646,0.0574,0.1966,0.4998,0.6350,0.2458,0.1557,0.0410,0.1966,0.3460,0.5510,,0.2050,,67.58,,145.9,178.6,0.727,0.083,
1791428301.9202507,0.6350,0.6350,0.7006,0.5695,0.3646,0.8030,0.5695,0.6350,0.4302,0.0737,0.0574,0.6350,0.5695,0.1966,0.1229,0.0574,0.1557,0.3460,0.5510,0.5670,0.2050,0.0160,67.89,5.66,146.3,179.3,0.746,0.082,
1791428301.9535854,0.4302,0.5695,0.7006,0.4998,0.2991,0.6350,0.3646,0.8440,0.4302,0.0737,0.0737,0.4998,0.4998,0.0942,0.1229,0.1229,0.0410,0.3460,0.5410,,0.1950,,67.80,5.89,147.2,179.0,0.791,0.082,
1791428301.986909,0.5695,0.5695,0.7538,0.4302,0.3646,0.7006,0.3646,0.8440,0.5695,0.1557,0.3646,0.4302,0.4998,0.2458,0.0942,0.0410,0.2458,0.3460,0.5515,,0.2055,,68.07,5.80,147.1,172.0,0.715,0.081,1.139
1791428302.0263426,0.5695,0.4302,0.6350,0.4998,0.3646,0.7538,0.4998,0.8030,0.4998,0.0410,0.1229,0.3646,0.4302,0.1966,0.1229,0.1229,0.1966,0.3460,0.5505,,0.2045,,67.76,5.71,146.8,171.5,0.751,0.083,
1791428302.057511,0.7006,0.8030,0.7006,0.4998,0.2458,0.6350,0.3646,0.5695,0.4998,0.0410,0.2991,0.4302,0.6350,0.0574,0.1229,0.0369,0.1229,0.3460,0.5490,,0.2030,,68.21,5.68,146.2,171.8,0.757,0.081,
1791428302.0886734,0.5695,0.4998,0.5695,0.4302,0.1966,0.8030,0.4302,0.7538,0.5695,0.0942,0.3646,0.4302,0.4302,0.0737,0.2458,0.0410,0.1557,0.3460,0.5520,,0.2060,,68.29,5.61,146.1,166.7,0.714,0.081,1.108
1791428302.1199589,0.3646,0.4998,0.8767,0.4998,0.4998,0.7006,0.4998,0.7006,0.6350,0.0942,0.0737,0.6350,0.6350,0.0737,0.2458,0.1229,0.1229,0.3460,0.5510,0.5670,0.2050,0.0160,68.45,5.10,145.5,167.0,0.746,0.080,
1791428302.1539128,0.5695,0.6350,0.7538,0.3646,0.2991,0.8767,0.4302,0.7006,0.5695,0.0737,0.2991,0.4998,0.5695,0.0574,0.0942,0.0410,0.0410,0.3460,0.5505,,0.2045,,68.69,5.07,145.3,167.7,0.746,0.080,
1791428302.1875281,0.3646,0.6350,0.7538,0.6350,0.2458,0.8030,0.5695,0.6350,0.4302,0.0574,0.3646,0.4302,0.4998,0.0942,0.2991,0.1966,0.2458,0.3460,0.5435,,0.1975,,67.63,5.36,,163.8,0.706,0.083,1.182
1791428302.220321,0.6350,0.5695,0.8767,0.5695,0.3646,0.8030,0.5695,0.7538,0.4998,0.2991,0.0942,0.4998,0.5695,0.0737,0.1966,0.1557,0.2991,0.3470,0.5405,,0.1935,,67.59,5.52,,162.9,0.839,0.083,
1791428302.2539952,0.4998,0.6350,0.6350,0.4998,0.4302,0.7006,0.4302,0.8440,0.5695,0.0410,0.0942,0.4998,0.5695,0.0574,0.2458,0.0942,0.1229,0.3460,0.5530,,0.2070,,67.82,5.38,,162.9,0.695,0.082,
1791428302.2931855,0.3646,0.4302,0.6350,0.4998,0.4998,0.8030,0.4302,0.7538,0.4998,0.1966,0.3646,0.4302,0.4998,0.0574,0.1557,0.0574,0.1229,0.3460,0.5400,,0.1940,,67.27,5.61,,159.3,0.801,0.084,1.238
1791428302.3244627,0.5695,0.7538,0.6350,0.4302,0.2991,0.8030,0.5695,0.6350,0.4998,0.3646,0.0942,0.4302,0.5695,0.0942,0.1229,0.1966,0.1966,0.3460,0.5510,,0.2050,,67.48,5.45,146.5,159.3,0.748,0.083,1.177
1791428302.3565414,0.6350,0.5695,0.8440,0.4302,0.2991,0.8030,0.5695,0.7538,0.4998,0.2458,0.0942,0.5695,0.5695,0.1229,0.1229,0.0369,0.0369,0.3460,0.5395,0.5680,0.1935,0.0285,66.88,5.34,147.0,159.6,0.828,0.085,
1791428302.387484,0.3646,0.7538,0.5695,0.4998,0.2458,0.7538,0.5695,0.7006,0.4302,0.0737,0.0942,0.5695,0.4302,0.0574,0.1557,0.0410,0.0369,0.3460,0.5430,,0.1970,,66.80,5.46,147.1,158.4,0.756,0.085,
1791428302.4198601,0.7006,0.7538,0.4998,0.3646,0.4302,0.6350,0.4302,0.6350,0.4998,0.0410,0.2991,0.3646,0.5695,0.1229,0.1557,0.0410,0.0737,0.3460,0.5500,,0.2040,,66.78,5.36,147.9,159.1,0.713,0.086,
1791428302.4542348,0.4998,0.4998,0.7538,0.4302,0.1966,0.7006,0.5695,0.7538,0.6350,0.0737,0.2991,0.4998,0.4302,0.0205,0.1229,0.0369,0.0574,0.3470,0.5505,,0.2035,,66.82,5.22,148.2,160.1,0.743,0.086,
1791428302.4874816,0.4998,0.5695,0.5695,0.5695,0.4302,0.7538,0.4998,0.7538,0.4302,0.0369,0.0942,0.4998,0.5695,0.1557,0.1966,0.0369,0.1229,0.3460,0.5500,,0.2040,,66.56,5.12,148.6,159.3,0.743,0.087,
1791428302.5210493,0.3646,0.6350,0.6350,0.3646,0.2991,0.6350,0.6350,0.7538,0.5695,0.0574,0.0737,0.4998,0.5695,0.0737,0.0942,0.0369,0.0574,0.3460,0.5425,,0.1965,,66.47,5.31,148.4,159.1,0.754,0.087,
1791428302.5536995,0.5695,0.6350,0.6350,0.4998,0.4302,0.7538,0.5695,0.7538,0.5695,0.0942,0.2991,0.4302,0.4998,0.0369,0.0942,0.0410,0.0574,0.3460,0.5530,,0.2070,,67.06,5.07,148.2,160.5,0.756,0.085,
1791428302.593642,0.4302,0.5695,0.6350,0.4998,0.3646,0.8440,0.6350,0.7538,0.6350,0.1229,0.3646,0.6350,0.5695,0.0574,0.0942,0.0369,0.1229,0.3460,0.5410,0.5700,0.1950,0.0290,67.07,5.13,147.7,157.7,0.772,0.085,1.176
1791428302.624685,0.6350,0.6350,0.8440,0.5695,0.2458,0.8030,0.5695,0.7538,0.4998,0.0574,0.1966,0.5695,0.5695,0.0410,0.0246,0.1229,0.1557,0.3460,0.5430,0.5700,0.1970,0.0270,66.75,5.12,147.1,157.3,0.755,0.086,
1791428302.6571596,0.5695,0.5695,0.6350,0.4302,0.2991,0.4998,0.7006,0.5695,0.6350,0.2991,0.4998,0.2458,0.4302,0.0737,0.0574,0.0410,0.1229,0.3460,0.5490,,0.2030,,66.69,4.96,147.3,155.5,,0.086,1.233
1791428302.6879935,0.5695,0.2991,0.7538,0.4998,0.2458,0.8030,0.7006,0.7006,0.5695,0.0737,0.0737,0.3646,0.4998,0.0369,0.1229,0.0574,0.0369,0.3460,0.5515,,0.2055,,66.75,4.79,147.4,156.0,0.745,0.087,
1791428302.7213326,0.4302,0.6350,0.5695,0.4998,0.2991,0.7538,0.7538,0.7538,0.6350,0.2991,0.2458,0.4998,0.4998,0.0410,0.0942,0.0410,0.0369,0.3460,0.5500,,0.2040,,66.84,4.67,147.4,156.4,0.780,0.086,
1791428302.755268,0.4302,0.4302,0.6350,0.4302,0.4302,0.7006,0.6350,0.8030,0.7006,0.0574,0.0942,0.2991,0.4998,0.1229,0.1966,0.0369,0.0410,0.3460,0.5530,,0.2070,,67.00,4.55,147.0,155.7,,0.086,
1791428302.7877214,0.4302,0.6350,0.8030,0.4998,0.3646,0.8767,0.4998,0.8030,0.4998,0.1229,0.4302,0.4998,0.4998,0.0574,0.0246,0.0369,0.0369,0.3460,0.5415,,0.1955,,66.94,4.78,147.1,153.9,0.790,0.086,1.192
1791428302.8219304,0.6350,0.5695,0.7538,0.5695,0.4302,0.8030,0.4302,0.7538,0.4998,0.0737,0.0942,0.3646,0.5695,0.0737,0.0942,0.0574,0.1229,0.3460,0.5505,,0.2045,,66.86,4.68,146.5,153.7,0.752,0.086,
1791428302.8545508,0.6350,0.4302,0.7538,0.5695,0.5695,0.8030,0.6350,0.7006,0.6350,0.0574,0.0410,0.4998,0.5695,0.0410,0.0737,0.0369,0.0410,0.3460,0.5510,,0.2050,,67.06,4.57,,153.4,0.758,0.086,
1791428302.8951979,0.4302,0.4998,0.7538,0.4302,0.3646,0.8030,0.7006,0.7538,0.4302,0.0574,0.3646,0.4302,0.5695,0.0369,0.1229,0.0410,0.0410,0.3460,0.5415,,0.1955,,66.68,4.79,,152.3,0.799,0.087,1.231
1791428302.9255722,0.6350,0.5695,0.7538,0.5695,0.3646,0.7006,0.4302,0.6350,0.4998,0.0574,0.0737,0.3646,0.5695,0.0737,0.1229,0.0410,0.0246,0.3460,0.5510,,0.2050,,66.88,4.69,,152.6,0.739,0.086,
1791428302.9569075,0.4998,0.7006,0.7538,0.4998,0.4302,0.2991,0.4998,0.7006,0.4302,0.0942,0.1557,0.4302,0.4998,0.0574,0.0737,0.0369,0.0410,0.3460,,,,,66.88,4.69,,152.6,,,
1791428302.9899046,0.4302,0.7006,0.6350,0.5695,0.2458,0.8030,0.5695,0.6350,0.4998,0.1966,0.0942,0.2991,0.4302,0.0410,0.0246,0.0410,0.0410,0.3460,0.5430,,0.1970,,66.72,4.90,,152.1,,0.086,
1791428303.0214632,0.4302,0.5695,0.5695,0.3646,0.4302,0.7538,0.5695,0.8030,0.4998,0.0410,0.1229,0.3646,0.5695,0.0574,0.0205,0.0369,0.0574,0.3460,0.5485,,0.2025,,66.57,4.80,,152.0,0.798,0.087,
1791428303.0554385,0.8030,0.6350,0.6350,0.4998,0.4302,0.8440,0.4998,0.7538,0.6350,0.0574,0.4302,0.4998,0.5695,0.0574,0.0737,0.0410,0.0574,0.3460,0.5520,,0.2060,,66.38,4.63,,151.4,0.759,0.088,1.185
1791428303.0883362,0.5695,0.8030,0.7006,0.3646,0.3646,0.8767,0.7006,0.7538,0.5695,0.2458,0.2991,0.4998,0.5695,0.0410,0.1229,0.0410,0.0369,0.3460,0.5510,,0.2050,,66.55,4.53,,151.7,0.761,0.088,
1791428303.1220024,0.4302,0.4998,0.7006,0.4302,0.2458,0.7006,0.6350,0.7538,0.5695,0.0942,0.3646,0.3646,0.4998,0.0574,0.0737,0.0737,0.1229,0.3470,0.5500,,0.2030,,66.66,4.51,,151.6,0.741,0.088,1.182
1791428303.1553729,0.4302,0.5695,0.4302,0.4998,0.3646,0.6350,0.5695,0.8030,0.7538,0.0737,0.1966,0.5695,0.5695,0.0369,0.0737,0.0410,0.0574,0.3460,0.5440,0.5690,0.1980,0.0250,66.30,4.57,,151.6,0.742,0.089,
1791428303.1925006,0.5695,0.6350,0.5695,0.4302,0.3646,0.8440,0.5695,0.6350,0.6350,0.2458,0.1229,0.4998,0.4998,0.0574,0.0737,0.0574,0.0574,0.3470,0.5430,,0.1960,,66.42,4.74,,149.8,0.768,0.088,
1791428303.224281,0.5695,0.6350,0.6350,0.4998,0.2991,0.7006,0.5695,0.8030,0.5695,0.0737,0.1966,0.4302,0.4998,0.0737,0.1229,0.0574,0.0574,0.3460,0.5415,,0.1955,,66.23,4.91,,147.2,0.785,0.088,
1791428303.2571657,0.4302,0.8030,0.6350,0.4302,0.2458,0.7006,0.5695,0.8767,0.5695,0.0737,0.2991,0.4302,0.4998,0.0574,0.0737,0.0410,0.0574,0.3460,0.5515,,0.2055,,66.61,4.71,,147.4,0.756,0.087,
1791428303.2884932,0.4998,0.4998,0.8030,0.4998,0.3646,0.8030,0.4302,0.8030,0.5695,0.0737,0.0574,0.4302,0.4998,0.0369,0.0574,0.0410,0.0410,0.3460,0.5395,,0.1935,,66.59,4.90,,146.7,0.834,0.086,
1791428303.3220308,0.8030,0.6350,0.5695,0.3646,0.3646,0.7538,0.7006,0.8030,0.4998,0.0737,0.1966,0.4302,0.4998,0.0410,0.0246,0.0410,0.0369,0.3460,0.5410,,0.1950,,65.86,5.08,,147.2,0.767,0.089,
1791428303.3555875,0.5695,0.5695,0.4998,0.4998,0.3646,0.7006,0.6350,0.7538,0.5695,0.0410,0.1557,0.4302,0.4998,0.0410,0.0123,0.0246,0.0369,0.3470,0.5500,,0.2030,,66.15,4.92,,148.2,0.746,0.088,
1791428303.3884475,0.6350,0.7006,0.8767,0.5695,0.2991,0.8030,0.4998,0.7538,0.7006,0.0942,0.1966,0.3646,0.5695,0.0369,0.0369,0.0246,0.0369,0.3460,0.5430,,0.1970,,66.10,5.09,,147.7,0.711,0.088,
1791428303.4220352,0.4998,0.4998,0.7006,0.4302,0.5695,0.7006,0.4998,0.7006,0.7006,0.0410,0.4302,0.4998,0.4998,0.0574,0.0737,0.0410,0.0410,0.3460,0.5520,,0.2060,,66.51,4.92,,148.0,0.696,0.087,1.090
1791428303.4619172,0.4302,0.7006,0.4998,0.4302,0.4998,0.8030,0.7006,0.7538,0.7006,0.2991,0.1229,0.4302,0.4998,0.0574,0.0942,0.0369,0.0369,0.3460,0.5530,,0.2070,,66.58,4.73,,147.7,0.698,0.087,
1791428303.4936385,0.5695,0.5695,0.7538,0.3646,0.2458,0.8030,0.5695,0.7538,0.4998,0.0737,0.0737,0.4302,0.4998,0.0737,0.1557,0.0369,0.1557,0.3460,0.5525,,0.2065,,67.03,4.52,,148.1,0.759,0.086,
1791428303.524295,0.4302,0.6350,0.7538,0.3646,0.3646,0.8030,0.5695,0.7538,0.5695,0.1966,0.4302,0.3646,0.4998,0.0574,0.0246,0.0574,0.0369,0.3460,0.5425,,0.1965,,66.84,4.73,,148.3,0.761,0.086,1.201
1791428303.5558832,0.4998,0.7006,0.5695,0.4998,0.3646,0.8030,0.6350,0.8030,0.5695,0.2991,0.2458,0.4998,0.5695,0.0369,0.0737,0.0574,0.0574,0.3460,0.5510,,0.2050,,66.87,4.58,,149.0,0.757,0.086,
1791428303.5892322,0.3646,0.5695,0.8030,0.6350,0.4302,0.5695,0.5695,0.7006,0.6350,0.0942,0.0942,0.2991,0.5695,0.0410,0.1557,0.0410,0.0369,0.3460,0.5525,,0.2065,,67.05,4.45,,148.6,,0.086,
1791428303.6228595,0.4998,0.4998,0.6350,0.7006,0.3646,0.8030,0.7538,0.7006,0.5695,0.1966,0.2991,0.3646,0.5695,0.0410,0.0942,0.0574,0.0410,0.3460,0.5520,,0.2060,,67.26,4.35,,149.2,0.729,0.085,
1791428303.6557171,0.4998,0.4302,0.7538,0.5695,0.3646,0.7006,0.7006,0.7006,0.5695,0.2991,0.1557,0.4302,0.5695,0.1229,0.1229,0.0369,0.0574,0.3460,0.5505,,0.2045,,67.05,4.35,,149.4,0.714,0.086,
1791428303.6883893,0.2991,0.7006,0.6350,0.5695,0.4998,0.7006,0.6350,0.7538,0.5695,0.1966,0.3646,0.4998,0.5695,0.0410,0.0942,0.0369,0.0410,,0.5505,,,,67.05,,,149.9,0.735,0.086,
1791428303.7222326,0.3646,0.8030,0.2991,0.4302,0.3646,0.6350,0.7006,0.7538,0.5695,0.0369,0.4302,0.2991,0.5695,0.0574,0.0369,0.0369,0.0369,0.3460,0.5500,,0.2040,,67.11,,,151.1,,0.086,1.174
1791428303.7603123,0.5695,0.4998,0.4998,0.4998,0.2991,0.7006,0.7006,0.6350,0.4998,0.0942,0.0737,0.2458,0.4998,0.0164,0.1557,0.0410,0.0410,0.3460,0.5450,,0.1990,,66.98,,,149.4,,0.086,
1791428303.7914371,0.5695,0.5695,0.7538,0.5695,0.2991,0.8030,0.5695,0.7538,0.5695,0.0737,0.1229,0.3646,0.5695,0.0942,0.0737,0.0369,0.0369,0.3460,0.5500,,0.2040,,66.88,,,149.2,0.784,0.087,
