timestamp,nose_score,left_eye_score,right_eye_score,left_ear_score,right_ear_score,left_shoulder_score,right_shoulder_score,left_elbow_score,right_elbow_score,left_wrist_score,right_wrist_score,left_hip_score,right_hip_score,left_knee_score,right_knee_score,left_ankle_score,right_ankle_score,head_depth_m,chest_depth_m,hip_depth_m,neck_forward_offset_m,torso_recline_offset_m,head_forward_deg,torso_pitch_deg,elbow_left_deg,elbow_right_deg,torso_len_sw,head_up_m,wrist_face_sw
1791427653.917816,0.5695,0.6350,0.8767,0.4302,0.5695,0.8440,0.6350,0.7006,0.7006,0.1229,0.2991,0.5695,0.4998,0.0410,0.0205,0.0246,0.0574,0.4270,0.6490,,0.2220,,63.94,2.54,158.6,168.1,0.953,0.108,
1791427653.9609537,0.5695,0.7538,0.8767,0.7006,0.6350,0.7006,0.7006,0.7006,0.7006,0.2991,0.1229,0.3646,0.3646,0.0574,0.0369,0.0369,0.0369,0.4260,0.6475,,0.2215,,63.59,2.57,158.7,167.6,0.968,0.110,
1791427653.9910462,0.5695,0.6350,0.6350,0.7006,0.5695,0.8767,0.6350,0.5695,0.8030,0.4998,0.1557,0.4998,0.5695,0.0369,0.0164,0.0369,0.0369,0.4270,0.6475,,0.2205,,64.29,2.63,158.6,166.8,0.906,0.106,1.288
1791427654.0238345,0.2991,0.7006,0.8030,0.4998,0.5695,0.6350,0.7006,0.5695,0.7538,0.1966,0.1229,0.5695,0.5695,0.0205,0.0205,0.0164,0.0246,,0.6480,0.6700,,0.0220,64.29,2.63,158.3,167.7,0.922,0.106,
1791427654.0550935,0.6350,0.6350,0.9054,0.5695,0.6350,0.4302,0.5695,0.6350,0.6350,0.1966,0.0737,0.4998,0.3646,0.0123,0.0164,0.0164,0.0164,0.4270,0.6470,,0.2200,,63.98,2.71,158.5,167.7,0.894,0.108,
1791427654.0861964,0.4998,0.7006,0.8030,0.7006,0.5695,0.7006,0.5695,0.5695,0.7006,0.1229,0.0942,0.5695,0.4998,0.0205,0.0123,0.0123,0.0369,0.4260,0.6465,,0.2205,,64.03,2.73,158.2,168.6,0.973,0.107,
1791427654.1186037,0.4998,0.7538,0.8030,0.7538,0.5695,0.7006,0.8030,0.6350,0.7006,0.2991,0.2458,0.4998,0.2458,0.0205,0.0205,0.0410,0.0574,0.4260,0.6485,,0.2225,,64.10,2.73,158.4,168.0,,0.107,
1791427654.1508508,0.5695,0.7538,0.8440,0.5695,0.6350,0.7538,0.7538,0.5695,0.8030,0.2458,0.1557,0.4302,0.4302,0.0246,0.0164,0.0164,0.0123,0.4260,0.6485,,0.2225,,64.15,2.73,158.1,168.6,0.905,0.107,
1791427654.185518,0.7006,0.7006,0.6350,0.5695,0.4998,0.8030,0.7006,0.7006,0.7538,0.0942,0.0737,0.4998,0.4998,0.0205,0.0164,0.0205,0.0410,0.4270,0.6480,,0.2210,,63.75,2.70,157.1,168.0,0.987,0.109,
1791427654.2177725,0.4998,0.8030,0.6350,0.6350,0.5695,0.8030,0.7538,0.5695,0.7006,0.3646,0.2458,0.4302,0.4302,0.0246,0.0410,0.0205,0.0369,0.4250,0.6495,,0.2245,,63.85,,157.5,167.3,0.853,0.109,1.414
1791427654.2514038,0.4302,0.7538,0.6350,0.6350,0.4302,0.7006,0.7006,0.6350,0.8030,0.0737,0.1557,0.5695,0.3646,0.0369,0.0574,0.0164,0.0369,0.4250,0.6490,,0.2240,,63.51,,157.7,166.8,0.936,0.111,
1791427654.2848785,0.5695,0.7538,0.6350,0.6350,0.7006,0.7006,0.7538,0.6350,0.7006,0.2991,0.2458,0.5695,0.4998,0.0205,0.0410,0.0164,0.0369,0.4250,0.6500,,0.2250,,63.21,,157.6,168.0,0.884,0.113,
1791427654.318517,0.3646,0.5695,0.8440,0.6350,0.4998,0.7538,0.7006,0.5695,0.6350,0.2458,0.3646,0.4998,0.4302,0.0369,0.0164,0.0205,0.0369,0.4250,0.6490,,0.2240,,63.33,,157.7,166.5,0.888,0.112,1.462
1791427654.3565102,0.5695,0.6350,0.8030,0.6350,0.4302,0.4302,0.8030,0.6350,0.5695,0.0737,0.2458,0.5695,0.5695,0.0205,0.0164,0.0574,0.0410,0.4280,0.6495,0.6620,0.2215,0.0125,62.64,2.49,157.5,166.4,0.967,0.115,
1791427654.3896496,0.4998,0.7006,0.7006,0.5695,0.4998,0.6350,0.7538,0.7006,0.6350,0.4302,0.2991,0.6350,0.4998,0.0369,0.0082,0.0369,0.0205,0.4250,0.6490,,0.2240,,63.12,2.52,157.8,167.3,0.868,0.113,1.366
1791427654.420216,0.3646,0.7006,0.8767,0.4998,0.6350,0.8030,0.7006,0.6350,0.6350,0.0737,0.2991,0.3646,0.3646,0.0205,0.0369,0.0123,0.0369,0.4260,0.6490,,0.2230,,63.31,2.53,156.9,166.9,0.899,0.112,
1791427654.4520912,0.5695,0.6350,0.6350,0.5695,0.4998,0.6350,0.7538,0.5695,0.6350,0.1557,0.2991,0.4998,0.4998,0.0369,0.0205,0.0574,0.0123,0.4260,0.6490,,0.2230,,62.93,2.51,156.8,166.2,0.936,0.114,
1791427654.4844751,0.5695,0.7006,0.6350,0.5695,0.3646,0.6350,0.7006,0.5695,0.7006,0.3646,0.0737,0.5695,0.4998,0.0410,0.0737,0.0410,0.0246,0.4260,0.6490,,0.2230,,63.10,2.51,157.0,167.1,0.913,0.113,1.435
1791427654.5191574,0.6350,0.5695,0.7006,0.7006,0.4302,0.8440,0.5695,0.6350,0.7006,0.3646,0.4302,0.3646,0.3646,0.0574,0.0246,0.0369,0.0369,0.4260,0.6500,,0.2240,,62.79,2.48,157.4,168.2,0.909,0.115,1.485
1791427654.551412,0.5695,0.5695,0.7538,0.6350,0.5695,0.8440,0.6350,0.4302,0.6350,0.1966,0.0574,0.5695,0.4302,0.0369,0.0164,0.0369,0.0369,0.4260,0.6485,,0.2225,,63.17,2.51,156.8,167.9,0.900,0.113,
1791427654.5860667,0.4302,0.7538,0.8440,0.5695,0.5695,0.6350,0.4998,0.7006,0.8030,0.3646,0.2458,0.3646,0.4998,0.0205,0.0164,0.0410,0.0574,0.4260,0.6490,,0.2230,,63.03,2.53,157.1,166.9,0.876,0.114,1.403
1791427654.6184034,0.5695,0.6350,0.7538,0.6350,0.4998,0.8030,0.7006,0.5695,0.5695,0.1229,0.1229,0.4998,0.5695,0.0369,0.0205,0.0205,0.0369,0.4250,0.6480,,0.2230,,62.98,2.56,157.3,167.0,0.903,0.114,
1791427654.6588247,0.4998,0.7538,0.7538,0.5695,0.5695,0.5695,0.4998,0.6350,0.6350,0.2458,0.2458,0.4998,0.4998,0.0205,0.0205,0.0164,0.0369,0.4250,0.6490,,0.2240,,62.57,2.56,157.3,168.2,0.901,0.116,
1791427654.6901045,0.4302,0.7006,0.8030,0.6350,0.4302,0.5695,0.4998,0.8767,0.5695,0.4998,0.0942,0.4998,0.2991,0.1229,0.0246,0.0164,0.0369,0.4250,0.6480,,0.2230,,62.67,2.56,158.8,167.9,,0.115,1.505
1791427654.7212806,0.3646,0.5695,0.9259,0.4998,0.5695,0.7006,0.6350,0.4998,0.6350,0.0737,0.1966,0.4998,0.4302,0.0246,0.0410,0.0369,0.0369,0.4230,0.6485,,0.2255,,62.68,2.55,158.7,167.6,0.946,0.116,
1791427654.7528105,0.5695,0.4302,0.8030,0.7006,0.7006,0.7538,0.5695,0.7006,0.7006,0.4302,0.1557,0.4998,0.4998,0.0369,0.0082,0.0123,0.0123,0.4250,0.6490,,0.2240,,62.91,2.54,159.1,167.5,0.913,0.114,1.441
1791427654.7857344,0.4998,0.7006,0.8440,0.6350,0.7006,0.7006,0.7006,0.4302,0.4998,0.2991,0.1557,0.4998,0.3646,0.0410,0.0205,0.0205,0.0574,0.4240,0.6480,,0.2240,,62.49,2.53,159.9,166.9,0.984,0.117,
1791427654.8195827,0.7006,0.7006,0.8030,0.5695,0.6350,0.5695,0.7006,0.6350,0.4998,0.4302,0.2458,0.4998,0.2458,0.0246,0.0205,0.0164,0.0246,0.4250,0.6490,,0.2240,,62.82,2.52,159.3,165.0,,0.115,1.405
1791427654.8518705,0.4998,0.7006,0.8030,0.7006,0.6350,0.6350,0.7006,0.4998,0.5695,0.2991,0.1557,0.3646,0.2458,0.0410,0.0410,0.0369,0.0205,0.4250,0.6480,,0.2230,,62.54,2.53,159.5,164.9,,0.116,
1791427654.886289,0.4302,0.8030,0.8767,0.7538,0.4998,0.7006,0.7538,0.7538,0.8030,0.2991,0.1966,0.4998,0.3646,0.0410,0.0574,0.0246,0.0574,0.4260,0.6460,,0.2200,,63.31,,159.7,165.2,0.948,0.112,
1791427654.9187524,0.3646,0.5695,0.9587,0.6350,0.7538,0.7538,0.8030,0.8030,0.6350,0.0737,0.0942,0.5695,0.4998,0.0574,0.0369,0.0246,0.0737,0.4260,0.6475,,0.2215,,63.83,,159.2,166.5,0.922,0.109,
1791427654.9529905,0.5695,0.6350,0.8767,0.7006,0.7006,0.6350,0.7006,0.4998,0.7538,0.0737,0.1966,0.6350,0.4998,0.0246,0.0369,0.0369,0.0369,0.4260,0.6480,,0.2220,,63.25,,159.4,166.9,0.970,0.112,
1791427654.9915903,0.6350,0.7006,0.7006,0.7538,0.3646,0.8440,0.8767,0.5695,0.8440,0.3646,0.2991,0.3646,0.3646,0.0205,0.0369,0.0369,0.0410,0.4260,0.6500,,0.2240,,63.43,,159.0,167.6,0.864,0.111,1.366
1791427655.0244412,0.4302,0.8030,0.8767,0.7006,0.6350,0.7006,0.7006,0.6350,0.5695,0.0942,0.2458,0.4302,0.2991,0.0246,0.0246,0.0369,0.0410,0.4260,0.6485,,0.2225,,63.74,,158.7,167.0,,0.110,
1791427655.054971,0.7006,0.6350,0.7538,0.5695,0.6350,0.5695,0.7006,0.6350,0.5695,0.1966,0.2991,0.5695,0.3646,0.0369,0.0246,0.0205,0.0410,0.4290,0.6495,,0.2205,,63.29,,158.9,,0.885,0.112,
1791427655.0860958,0.4998,0.8030,0.8030,0.5695,0.4998,0.7006,0.7538,0.7006,0.5695,0.1966,0.1229,0.4302,0.3646,0.0574,0.0246,0.0410,0.0369,0.4260,0.6480,,0.2220,,63.09,,159.1,,0.938,0.113,
1791427655.1188853,0.4302,0.6350,0.8767,0.7006,0.6350,0.7006,0.5695,0.6350,0.5695,0.1557,0.1966,0.4302,0.4302,0.0369,0.0123,0.0123,0.0410,0.4260,0.6495,,0.2235,,62.85,,158.6,,0.904,0.114,
1791427655.1523244,0.4302,0.5695,0.8030,0.6350,0.4302,0.6350,0.8440,0.7006,0.7538,0.0942,0.2991,0.4998,0.3646,0.0410,0.0369,0.0369,0.0369,0.4260,0.6480,,0.2220,,62.74,,158.5,,0.881,0.115,
1791427655.185625,0.5695,0.6350,0.7538,0.6350,0.4998,0.7538,0.6350,0.6350,0.7006,0.2458,0.1966,0.4302,0.3646,0.0410,0.0205,0.0123,0.0246,0.4260,0.6485,,0.2225,,62.68,,159.3,,0.876,0.115,
1791427655.218757,0.4302,0.8440,0.7538,0.4998,0.4998,0.6350,0.5695,0.5695,0.6350,0.2458,0.0942,0.7006,0.5695,0.0737,0.0164,0.0369,0.0369,0.4260,0.6480,0.6730,0.2220,0.0250,62.67,2.87,158.8,,0.932,0.115,
1791427655.2525487,0.6350,0.7006,0.8440,0.4998,0.4998,0.6350,0.7006,0.5695,0.7006,0.1557,0.2991,0.5695,0.4998,0.0205,0.0123,0.0410,0.0574,0.4260,0.6485,,0.2225,,62.27,2.85,159.3,,0.931,0.117,
1791427655.2858722,0.6350,0.6350,0.8030,0.5695,0.5695,0.6350,0.5695,0.4302,0.4302,0.1229,0.2458,0.4302,0.2991,0.0246,0.0164,0.0164,0.0369,0.4260,0.6480,,0.2220,,62.29,2.88,158.9,,,0.117,
1791427655.3254032,0.5695,0.8440,0.8030,0.6350,0.7006,0.7006,0.8030,0.7006,0.7006,0.4302,0.1557,0.4998,0.4302,0.0737,0.0082,0.0369,0.0410,0.4260,0.6480,,0.2220,,62.36,2.88,159.5,,0.921,0.116,1.424
1791427655.3566856,0.5695,0.7538,0.8030,0.6350,0.5695,0.6350,0.7006,0.5695,0.6350,0.4998,0.4302,0.4998,0.3646,0.0410,0.0246,0.0410,0.0410,0.4260,0.6495,,0.2235,,62.27,2.85,159.2,165.8,0.895,0.117,1.395
1791427655.3884292,0.7006,0.4998,0.8767,0.6350,0.6350,0.7538,0.6350,0.6350,0.4302,0.2458,0.3646,0.4998,0.4302,0.0246,0.0123,0.0369,0.0410,0.4300,0.6480,,0.2180,,62.32,2.89,159.5,165.7,0.884,0.116,1.436
1791427655.4201014,0.4998,0.7006,0.7006,0.7006,0.6350,0.5695,0.5695,0.5695,0.8440,0.1966,0.1557,0.3646,0.3646,0.0369,0.0205,0.0369,0.0410,0.4260,0.6480,,0.2220,,62.39,2.90,159.4,165.5,0.894,0.116,
1791427655.4530437,0.5695,0.6350,0.7538,0.4998,0.5695,0.7006,0.6350,0.6350,0.7538,0.1557,0.1557,0.4302,0.4302,0.0574,0.0410,0.0246,0.0369,0.4260,0.6490,,0.2230,,62.08,2.90,159.2,166.6,0.873,0.118,
1791427655.4856255,0.5695,0.7538,0.7006,0.6350,0.7006,0.6350,0.7538,0.5695,0.8030,0.0942,0.2991,0.5695,0.4302,0.0246,0.0205,0.0410,0.0246,0.4270,0.6480,,0.2210,,61.64,2.89,157.7,166.8,0.935,0.120,
1791427655.5195825,0.7538,0.5695,0.8030,0.5695,0.6350,0.7006,0.6350,0.7006,0.7006,0.2458,0.2458,0.4998,0.4998,0.0410,0.0369,0.0164,0.0410,0.4270,0.6475,,0.2205,,61.12,2.88,158.7,168.2,0.961,0.122,
1791427655.5526674,0.5695,0.6350,0.5695,0.5695,0.7538,0.7538,0.7538,0.6350,0.5695,0.1229,0.0942,0.4998,0.4302,0.0164,0.0205,0.0164,0.0574,0.4270,0.6490,,0.2220,,61.55,2.89,157.3,167.6,0.861,0.120,
1791427655.5865824,0.4302,0.7538,0.7006,0.4998,0.4302,0.7006,0.6350,0.7538,0.7006,0.1557,0.3646,0.4302,0.5695,0.0410,0.0082,0.0369,0.0574,0.4270,0.6475,,0.2205,,61.68,2.92,157.6,167.7,0.905,0.119,1.461
1791427655.6267865,0.4998,0.7006,0.6350,0.6350,0.4302,0.7006,0.7538,0.5695,0.7538,0.3646,0.1557,0.4998,0.4998,0.0164,0.0123,0.0205,0.0369,0.4290,0.6490,,0.2200,,61.32,2.91,157.5,168.4,0.869,0.121,1.408
1791427655.6598477,0.7006,0.6350,0.7538,0.4998,0.4302,0.6350,0.8030,0.7538,0.7006,0.3646,0.2458,0.5695,0.5695,0.0369,0.0369,0.0410,0.0410,0.4310,0.6495,0.6670,0.2185,0.0175,61.25,2.89,158.0,168.9,0.892,0.121,1.449
1791427655.6902564,0.4998,0.6350,0.8030,0.5695,0.7006,0.6350,0.7538,0.5695,0.7538,0.2991,0.3646,0.5695,0.4302,0.0164,0.0246,0.0410,0.0369,0.4270,0.6475,,0.2205,,60.95,2.89,158.6,168.5,0.956,0.123,1.570
1791427655.7229567,0.5695,0.7006,0.7538,0.6350,0.6350,0.5695,0.7006,0.6350,0.4998,0.2991,0.2458,0.2991,0.2458,0.0205,0.0164,0.0246,0.0246,0.4270,0.6480,,0.2210,,61.14,2.91,159.0,168.2,,0.122,
1791427655.7539637,0.4998,0.8030,0.7538,0.5695,0.5695,0.7006,0.7538,0.7006,0.7006,0.0942,0.2458,0.4302,0.4998,0.0205,0.0164,0.0369,0.0410,0.4320,0.6500,,0.2180,,60.99,2.89,158.3,165.6,0.856,0.122,
1791427655.7873166,0.5695,0.7538,0.9423,0.5695,0.4998,0.7006,0.8440,0.8030,0.8030,0.0942,0.1557,0.4998,0.4302,0.0369,0.0164,0.0369,0.0410,0.4270,0.6465,,0.2195,,60.72,2.91,157.8,167.0,0.973,0.123,
1791427655.820281,0.6350,0.6350,0.8767,0.6350,0.4998,0.4998,0.7006,0.7006,0.7006,0.1557,0.1557,0.6350,0.2991,0.0205,0.0574,0.0410,0.0574,0.4310,0.6485,,0.2175,,61.00,2.89,157.8,165.1,,0.122,
1791427655.8532443,0.4302,0.7538,0.7538,0.6350,0.4998,0.6350,0.5695,0.4302,0.7006,0.0737,0.1966,0.5695,0.2991,0.0410,0.0205,0.0246,0.0369,0.4310,0.6480,,0.2170,,60.76,2.89,156.7,165.7,,0.123,
1791427655.8862567,0.5695,0.7538,0.8440,0.6350,0.4998,0.7006,0.7006,0.7006,0.4998,0.4302,0.1557,0.5695,0.4302,0.0369,0.0205,0.0205,0.0246,0.4270,0.6475,,0.2205,,61.24,2.89,157.5,166.1,0.952,0.120,1.522
1791427655.9208007,0.5695,0.7006,0.7006,0.4998,0.7538,0.7538,0.7538,0.7006,0.8030,0.0942,0.0942,0.5695,0.4998,0.0574,0.0205,0.0205,0.0369,0.4270,0.6495,,0.2225,,61.21,2.85,157.4,165.7,0.917,0.121,
1791427655.9610589,0.5695,0.7538,0.6350,0.4998,0.5695,0.9054,0.5695,0.5695,0.6350,0.1229,0.2458,0.5695,0.5695,0.0737,0.0369,0.0410,0.0410,0.4270,0.6475,0.6650,0.2205,0.0175,61.06,2.79,158.0,165.3,0.969,0.122,
1791427655.993089,0.3646,0.6350,0.8767,0.5695,0.4998,0.7538,0.7006,0.7538,0.7006,0.0942,0.4302,0.4998,0.3646,0.0123,0.0123,0.0205,0.0410,0.4260,0.6495,,0.2235,,60.92,2.80,156.8,166.0,0.856,0.123,1.444
1791427656.0245097,0.7006,0.6350,0.6350,0.5695,0.4998,0.7538,0.7538,0.7538,0.5695,0.1966,0.0574,0.4998,0.4302,0.0205,0.0082,0.0246,0.0369,0.4270,0.6480,,0.2210,,60.77,2.77,157.8,166.8,0.980,0.124,
1791427656.0562317,0.6350,0.8030,0.5695,0.7006,0.4998,0.7538,0.7538,0.6350,0.6350,0.3646,0.0942,0.4302,0.3646,0.0410,0.0164,0.0369,0.0164,0.4270,0.6490,,0.2220,,60.48,2.74,158.5,166.2,0.957,0.125,1.537
1791427656.088321,0.5695,0.7006,0.8030,0.5695,0.5695,0.7538,0.5695,0.7538,0.2991,0.2991,0.0737,0.4998,0.6350,0.0164,0.0410,0.0246,0.0369,0.4270,0.6495,,0.2225,,60.54,2.71,159.3,165.7,0.922,0.125,
1791427656.1202323,0.6350,0.7006,0.6350,0.4998,0.5695,0.6350,0.7538,0.7006,0.5695,0.1229,0.1229,0.5695,0.4302,0.0205,0.0574,0.0369,0.0574,0.4280,0.6500,,0.2220,,60.70,2.68,158.7,165.1,0.910,0.124,
1791427656.1534057,0.5695,0.7538,0.6350,0.6350,0.6350,0.8030,0.7006,0.7538,0.6350,0.1229,0.1557,0.4998,0.3646,0.0410,0.0205,0.0574,0.0574,0.4310,0.6485,,0.2175,,60.47,2.72,157.7,164.5,0.889,0.125,
1791427656.1880376,0.3646,0.8030,0.8030,0.5695,0.4998,0.7006,0.6350,0.7006,0.4302,0.0737,0.2991,0.7006,0.4998,0.0246,0.0164,0.0369,0.0410,0.4270,0.6480,,0.2210,,59.92,2.71,157.7,164.5,0.988,0.128,
1791427656.2205405,0.4998,0.8440,0.6350,0.4998,0.5695,0.7006,0.6350,0.8030,0.6350,0.1557,0.2991,0.4998,0.4998,0.0574,0.0164,0.0246,0.0246,0.4270,0.6500,,0.2230,,59.72,2.68,158.3,163.9,0.910,0.129,
1791427656.2538617,0.5695,0.5695,0.7006,0.5695,0.6350,0.7538,0.5695,0.6350,0.7006,0.4302,0.1966,0.5695,0.4998,0.0410,0.0082,0.0164,0.0246,0.4270,0.6490,,0.2220,,59.79,2.68,159.0,163.7,0.922,0.129,1.494
1791427656.2865942,0.4998,0.3646,0.7538,0.5695,0.4302,0.7006,0.7006,0.7538,0.7006,0.2458,0.1966,0.4998,0.4302,0.0246,0.0164,0.0246,0.0410,0.4320,0.6485,,0.2165,,59.49,2.66,159.2,164.0,0.990,0.130,
1791427656.3274097,0.4998,0.5695,0.7006,0.7006,0.4998,0.7006,0.6350,0.7006,0.5695,0.1557,0.1229,0.4998,0.4998,0.0369,0.0246,0.0205,0.0246,0.4270,0.6505,,0.2235,,59.42,2.63,158.9,163.6,0.899,0.131,
1791427656.358361,0.7006,0.6350,0.7538,0.6350,0.5695,0.7538,0.6350,0.4302,0.5695,0.3646,0.1966,0.4998,0.3646,0.0410,0.0123,0.0164,0.0123,0.4280,0.6505,,0.2225,,58.94,2.61,157.7,163.8,0.909,0.133,1.447
1791427656.3911448,0.4998,0.8030,0.8030,0.7006,0.6350,0.7538,0.7538,0.7006,0.5695,0.0942,0.1966,0.5695,0.5695,0.0574,0.0205,0.0246,0.0410,0.4290,0.6510,0.6740,0.2220,0.0230,59.84,2.81,158.4,165.9,0.904,0.129,
1791427656.4219124,0.4302,0.5695,0.7006,0.6350,0.5695,0.7006,0.7006,0.8030,0.7538,0.0942,0.2991,0.5695,0.4998,0.0369,0.0369,0.0246,0.0410,0.4280,0.6495,,0.2215,,60.00,2.82,157.8,165.7,0.923,0.128,
1791427656.4549227,0.7006,0.8030,0.7006,0.6350,0.5695,0.5695,0.8030,0.4302,0.3646,0.0574,0.1229,0.5695,0.4998,0.0574,0.0164,0.0246,0.0369,0.4280,0.6490,,0.2210,,60.24,2.84,157.2,164.0,0.926,0.127,
1791427656.4879153,0.2991,0.4302,0.7538,0.4302,0.4998,0.8030,0.5695,0.6350,0.7006,0.2458,0.3646,0.5695,0.4302,0.0737,0.0369,0.0410,0.0737,,0.6490,,,,60.24,2.84,158.4,164.2,0.906,0.127,
1791427656.5212731,0.5695,0.5695,0.6350,0.7538,0.7006,0.7006,0.7538,0.6350,0.5695,0.1966,0.1557,0.5695,0.4998,0.0410,0.0123,0.0164,0.0574,0.4280,0.6485,,0.2205,,59.43,2.86,158.2,164.6,0.946,0.131,
1791427656.5537605,0.5695,0.8030,0.6350,0.5695,0.4998,0.4998,0.6350,0.7538,0.8440,0.2458,0.2991,0.4998,0.4998,0.0369,0.0205,0.0369,0.0369,0.4330,0.6495,,0.2165,,59.11,2.87,159.6,164.7,0.894,0.132,
1791427656.5875747,0.6350,0.7006,0.9054,0.7538,0.4998,0.2991,0.7006,0.6350,0.7538,0.2458,0.1229,0.4998,0.4998,0.0410,0.0410,0.0246,0.0410,0.4310,,,,,59.11,2.87,159.6,164.7,,,
1791427656.6278474,0.4998,0.4998,0.8767,0.6350,0.6350,0.7006,0.7538,0.8030,0.7538,0.0942,0.1229,0.5695,0.4998,0.0246,0.0205,0.0410,0.0369,0.4330,0.6485,,0.2155,,59.05,2.87,159.0,166.0,0.975,0.132,
1791427656.6599011,0.5695,0.4998,0.7538,0.5695,0.5695,0.6350,0.6350,0.7006,0.7006,0.1966,0.1229,0.5695,0.4998,0.0410,0.0369,0.0369,0.0246,0.4300,0.6490,,0.2190,,58.94,2.89,159.1,166.0,0.902,0.132,
1791427656.691215,0.4302,0.8030,0.8440,0.5695,0.4998,0.6350,0.7006,0.4998,0.5695,0.1557,0.1966,0.4302,0.3646,0.0574,0.0574,0.0369,0.0369,0.4310,0.6485,,0.2175,,58.77,2.94,159.0,165.7,0.877,0.133,
1791427656.7239208,0.7006,0.6350,0.8440,0.4302,0.4998,0.5695,0.6350,0.8030,0.5695,0.1966,0.1557,0.4998,0.4998,0.0737,0.0123,0.0369,0.0410,0.4330,0.6485,,0.2155,,58.21,2.95,158.7,164.6,0.928,0.135,
1791427656.7545848,0.4302,0.6350,0.8767,0.4998,0.6350,0.7006,0.5695,0.7538,0.5695,0.0942,0.1229,0.4302,0.5695,0.0123,0.0164,0.0123,0.0369,0.4330,0.6485,,0.2155,,58.49,2.95,158.5,165.8,0.947,0.133,
1791427656.787769,0.6350,0.5695,0.9054,0.6350,0.6350,0.7538,0.8440,0.7006,0.3646,0.2458,0.1557,0.4302,0.5695,0.0410,0.0164,0.0205,0.0410,0.4330,0.6480,,0.2150,,58.45,2.97,159.5,165.6,0.935,0.133,
1791427656.8209293,0.6350,0.4302,0.8767,0.5695,0.6350,0.5695,0.7538,0.7538,0.6350,0.2991,0.1966,0.5695,0.4302,0.0574,0.0410,0.0246,0.0410,0.4330,0.6480,,0.2150,,58.34,2.97,159.2,166.4,0.953,0.134,
1791427656.8545854,0.4998,0.5695,0.8440,0.4998,0.4998,0.5695,0.7006,0.5695,0.5695,0.1966,0.1557,0.4998,0.4998,0.0369,0.0246,0.0369,0.0246,0.4330,0.6475,,0.2145,,58.15,2.97,159.4,166.4,0.982,0.134,
1791427656.8880987,0.5695,0.4302,0.8030,0.7006,0.6350,0.4998,0.6350,0.6350,0.6350,0.0942,0.1229,0.5695,0.4998,0.0574,0.0082,0.0123,0.0369,0.4340,0.6475,,0.2135,,58.46,3.01,,165.1,0.923,0.132,
1791427656.9229686,0.3646,0.4998,0.8440,0.3646,0.5695,0.7538,0.7006,0.7538,0.6350,0.3646,0.1557,0.5695,0.4998,0.1229,0.0369,0.0410,0.0123,0.4340,0.6475,,0.2135,,58.71,,159.2,165.3,0.918,0.131,1.506
1791427656.960927,0.3646,0.4998,0.9054,0.7006,0.6350,0.2991,0.7538,0.7006,0.6350,0.4302,0.2458,0.4998,0.2991,0.0205,0.0164,0.0410,0.0410,0.4340,,,,,58.71,,159.2,165.3,,,
1791427656.9931407,0.4998,0.7538,0.8030,0.4998,0.5695,0.4302,0.7006,0.2991,0.6350,0.4302,0.0942,0.4998,0.4302,0.0410,0.0082,0.0164,0.0123,0.4340,0.6480,,0.2140,,58.73,,158.6,166.3,0.943,0.131,1.536
1791427657.0246482,0.5695,0.5695,0.8440,0.7538,0.4998,0.7006,0.6350,0.7538,0.4998,0.2991,0.0574,0.5695,0.5695,0.0410,0.0164,0.0123,0.0246,0.4340,0.6470,0.6680,0.2130,0.0210,58.28,3.03,159.7,,1.001,0.133,
1791427657.056077,0.4302,0.8030,0.7538,0.4998,0.5695,0.7006,0.8440,0.7538,0.7006,0.1229,0.0942,0.4302,0.6350,0.0410,0.0205,0.0246,0.0246,0.4340,0.6470,,0.2130,,58.42,3.05,160.1,,0.957,0.132,
1791427657.0877335,0.5695,0.5695,0.8440,0.4998,0.4998,0.6350,0.8440,0.5695,0.5695,0.2991,0.2458,0.4998,0.4998,0.0574,0.0369,0.0369,0.0410,0.4340,0.6465,,0.2125,,58.77,3.09,159.5,,0.936,0.130,
1791427657.12257,0.5695,0.8030,0.7538,0.5695,0.5695,0.8030,0.7006,0.7006,0.7538,0.4302,0.2458,0.4998,0.4998,0.0205,0.0082,0.0574,0.0123,0.4340,0.6480,,0.2140,,58.78,3.08,159.7,,0.939,0.130,1.527
1791427657.1545181,0.5695,0.8767,0.4302,0.8030,0.5695,0.6350,0.7006,0.5695,0.8030,0.3646,0.0737,0.4998,0.4998,0.0369,0.0574,0.0205,0.0410,0.4330,0.6485,,0.2155,,58.52,3.09,159.9,,0.889,0.131,1.491
1791427657.1895342,0.3646,0.5695,0.8440,0.5695,0.4998,0.5695,0.8440,0.5695,0.7538,0.2991,0.3646,0.4998,0.5695,0.0574,0.0410,0.0369,0.0246,0.4340,0.6460,,0.2120,,58.76,3.11,159.6,167.6,0.984,0.130,1.651
1791427657.2216556,0.7006,0.5695,0.8440,0.6350,0.5695,0.6350,0.6350,0.7538,0.6350,0.2458,0.2991,0.5695,0.4998,0.0410,0.0205,0.0410,0.0410,0.4340,0.6485,,0.2145,,58.92,3.10,159.7,167.8,0.913,0.129,
1791427657.2556255,0.5695,0.7006,0.7538,0.5695,0.6350,0.8030,0.5695,0.7006,0.6350,0.1557,0.2991,0.5695,0.5695,0.0574,0.0369,0.0574,0.0246,0.4340,0.6475,0.6730,0.2135,0.0255,58.95,3.27,160.0,166.9,0.915,0.129,
1791427657.294293,0.4302,0.5695,0.5695,0.5695,0.4998,0.7006,0.6350,0.6350,0.7006,0.3646,0.1966,0.5695,0.4998,0.0574,0.0369,0.0369,0.0369,0.4330,0.6470,,0.2140,,59.31,3.30,159.3,166.0,0.914,0.127,1.415
1791427657.326222,0.3646,0.4998,0.8767,0.4302,0.7538,0.6350,0.7538,0.6350,0.4302,0.4998,0.1229,0.5695,0.4998,0.0410,0.0082,0.0246,0.0246,0.4320,0.6480,,0.2160,,59.37,3.28,159.4,166.6,0.941,0.127,1.530
1791427657.3576767,0.7006,0.7006,0.7006,0.4998,0.6350,0.8030,0.7006,0.4302,0.6350,0.1557,0.1966,0.5695,0.4998,0.0574,0.0082,0.0574,0.0205,0.4330,0.6450,,0.2120,,59.00,3.27,160.2,166.1,1.054,0.129,
1791427657.3896372,0.4302,0.8440,0.5695,0.6350,0.5695,0.7006,0.7006,0.5695,0.7538,0.4302,0.1966,0.4998,0.4998,0.0737,0.0164,0.0369,0.0369,0.4340,0.6460,,0.2120,,59.24,3.30,160.6,166.7,0.967,0.127,1.494
1791427657.4215817,0.5695,0.5695,0.7538,0.4302,0.6350,0.7538,0.5695,0.7538,0.6350,0.1557,0.4302,0.5695,0.5695,0.0737,0.0246,0.0410,0.0369,0.4320,0.6475,0.6660,0.2155,0.0185,59.16,3.17,160.4,164.7,0.980,0.128,1.598
1791427657.4554641,0.5695,0.7006,0.8030,0.7006,0.5695,0.4998,0.7538,0.4998,0.7538,0.1229,0.4302,0.6350,0.5695,0.0205,0.0164,0.0164,0.0164,0.4330,0.6470,0.6700,0.2140,0.0230,59.27,3.23,160.0,166.1,0.950,0.127,1.557
1791427657.488867,0.7006,0.9054,0.5695,0.6350,0.3646,0.8440,0.6350,0.5695,0.7538,0.2991,0.4302,0.5695,0.6350,0.0205,0.0123,0.0164,0.0369,0.4290,0.6470,0.6680,0.2180,0.0210,59.61,3.25,159.8,167.7,0.908,0.126,1.444
1791427657.5225885,0.6350,0.6350,0.7538,0.6350,0.6350,0.6350,0.5695,0.6350,0.6350,0.1557,0.4302,0.5695,0.4998,0.0410,0.0164,0.0410,0.0410,0.4290,0.6460,,0.2170,,59.38,3.32,159.6,168.4,0.886,0.127,1.464
1791427657.5549028,0.6350,0.6350,0.9054,0.5695,0.4302,0.4998,0.7006,0.6350,0.7006,0.4998,0.2991,0.5695,0.4302,0.0737,0.0246,0.0205,0.0369,0.4300,0.6480,,0.2180,,59.33,3.27,158.8,167.6,0.956,0.128,1.552
1791427657.589309,0.4302,0.7006,0.8440,0.5695,0.5695,0.5695,0.5695,0.4302,0.8030,0.1966,0.2991,0.5695,0.4998,0.0369,0.0205,0.0410,0.0164,0.4290,0.6470,,0.2180,,59.59,3.31,157.3,168.3,0.893,0.127,
1791427657.6269128,0.4998,0.4998,0.8440,0.7006,0.6350,0.7006,0.4998,0.6350,0.6350,0.0737,0.2458,0.5695,0.3646,0.0737,0.0205,0.0164,0.0369,0.4290,0.6480,,0.2190,,59.68,3.28,156.7,169.0,0.922,0.127,
1791427657.6597612,0.4302,0.4998,0.8440,0.6350,0.5695,0.6350,0.8030,0.7006,0.4998,0.2991,0.1229,0.4302,0.2991,0.0574,0.0574,0.0410,0.0369,0.4290,0.6480,,0.2190,,60.15,3.27,156.6,168.1,,0.125,
1791427657.6911795,0.3646,0.6350,0.7006,0.4998,0.5695,0.7006,0.7538,0.6350,0.5695,0.1557,0.2458,0.7006,0.5695,0.0410,0.0369,0.0410,0.0369,0.4280,0.6480,0.6680,0.2200,0.0200,60.14,3.22,156.2,168.9,0.948,0.125,
1791427657.721937,0.4998,0.6350,0.6350,0.5695,0.4998,0.7538,0.7538,0.4998,0.7538,0.1229,0.2991,0.6350,0.4998,0.0574,0.0123,0.0205,0.0369,0.4280,0.6470,,0.2190,,60.25,3.23,155.6,168.0,0.943,0.125,
1791427657.7553182,0.5695,0.7538,0.7538,0.6350,0.6350,0.5695,0.6350,0.7006,0.7006,0.0574,0.2991,0.4998,0.3646,0.0205,0.0082,0.0246,0.0410,0.4280,0.6470,,0.2190,,60.33,3.24,155.4,167.8,0.928,0.124,
1791427657.7900484,0.4302,0.6350,0.7538,0.4998,0.4998,0.7006,0.7006,0.7006,0.8030,0.1966,0.2991,0.5695,0.4302,0.0737,0.0082,0.0246,0.0246,0.4300,0.6475,,0.2175,,60.29,3.24,155.9,168.1,0.924,0.124,
1791427657.8218424,0.5695,0.4998,0.8440,0.6350,0.5695,0.7006,0.6350,0.7538,0.7006,0.1229,0.0942,0.4998,0.5695,0.0410,0.0164,0.0123,0.0246,0.4330,0.6480,,0.2150,,60.54,3.24,156.7,168.7,0.905,0.123,
1791427657.855757,0.6350,0.7538,0.7538,0.6350,0.4998,0.4302,0.7538,0.7006,0.5695,0.1966,0.0737,0.6350,0.4998,0.0205,0.0369,0.0164,0.0205,0.4280,0.6475,,0.2195,,60.27,3.18,157.7,168.2,1.017,0.124,
1791427657.8888166,0.5695,0.4302,0.7538,0.5695,0.6350,0.7006,0.7538,0.4998,0.6350,0.1557,0.0737,0.4302,0.2991,0.0574,0.0246,0.0205,0.0369,0.4290,0.6480,,0.2190,,60.17,3.20,157.8,168.3,,0.125,
1791427657.9290793,0.5695,0.5695,0.8440,0.5695,0.5695,0.6350,0.7006,0.5695,0.4998,0.1557,0.2458,0.4998,0.4998,0.0205,0.0246,0.0369,0.0369,0.4280,0.6470,,0.2190,,60.47,3.23,158.7,168.4,0.914,0.124,
1791427657.9600308,0.4302,0.7006,0.8440,0.5695,0.4998,0.7538,0.7006,0.4998,0.6350,0.2991,0.2458,0.5695,0.4302,0.0369,0.0246,0.0369,0.0410,0.4300,0.6465,,0.2165,,60.44,3.25,158.7,167.8,0.943,0.124,
1791427657.9920933,0.5695,0.7538,0.8440,0.6350,0.5695,0.7006,0.7538,0.4998,0.6350,0.0574,0.2458,0.5695,0.2991,0.0574,0.0205,0.0123,0.0369,0.4280,0.6480,,0.2200,,60.71,3.23,158.0,168.1,,0.122,
1791427658.0237365,0.3646,0.7006,0.8030,0.7006,0.5695,0.7538,0.7538,0.6350,0.5695,0.2991,0.0574,0.4998,0.3646,0.0246,0.0082,0.0246,0.0410,0.4280,0.6480,,0.2200,,60.85,3.21,158.2,168.3,0.932,0.122,
1791427658.0561914,0.4998,0.4998,0.6350,0.5695,0.6350,0.7006,0.5695,0.4998,0.4302,0.2458,0.1966,0.4998,0.2991,0.0369,0.0574,0.0369,0.0369,0.4270,0.6475,,0.2205,,61.25,3.23,157.7,,,0.120,
1791427658.08882,0.5695,0.5695,0.7538,0.7006,0.4998,0.7006,0.7538,0.5695,0.5695,0.2458,0.0737,0.4998,0.3646,0.0246,0.0164,0.0246,0.0369,0.4270,0.6490,,0.2220,,61.79,3.19,,,0.924,0.118,
1791427658.122909,0.5695,0.7006,0.8030,0.7006,0.5695,0.5695,0.8030,0.3646,0.5695,0.4998,0.2458,0.4998,0.2991,0.0574,0.0123,0.0246,0.0246,0.4270,0.6490,,0.2220,,61.78,3.17,158.6,,,0.118,1.488
1791427658.1571686,0.4302,0.5695,0.7538,0.5695,0.4998,0.8440,0.7006,0.6350,0.7538,0.3646,0.1229,0.4998,0.3646,0.0410,0.0123,0.0123,0.0164,0.4280,0.6465,,0.2185,,62.08,3.17,159.2,,0.992,0.116,1.533
1791427658.1892357,0.7006,0.7006,0.7538,0.6350,0.4998,0.7006,0.8440,0.6350,0.5695,0.2458,0.0942,0.4302,0.3646,0.0164,0.0205,0.0123,0.0164,0.4270,0.6470,,0.2200,,61.71,3.24,159.0,,0.861,0.118,
1791427658.2227318,0.3646,0.7006,0.8767,0.5695,0.6350,0.7006,0.5695,0.6350,0.5695,0.0737,0.0737,0.4998,0.2991,0.0246,0.0369,0.0123,0.0246,0.4270,0.6475,,0.2205,,61.60,,158.9,,,0.119,
1791427658.2624447,0.4302,0.8030,0.7538,0.4302,0.4998,0.7006,0.8030,0.6350,0.6350,0.0737,0.1966,0.5695,0.4998,0.0369,0.0369,0.0410,0.0410,0.4270,0.6475,,0.2205,,61.52,,158.8,,0.918,0.119,
1791427658.294198,0.4998,0.7006,0.6350,0.5695,0.6350,0.7006,0.7006,0.5695,0.5695,0.3646,0.3646,0.4302,0.4998,0.0574,0.0123,0.0205,0.0246,0.4270,0.6490,,0.2220,,62.25,,159.2,166.9,0.911,0.116,1.358
1791427658.325116,0.4998,0.5695,0.8440,0.7006,0.6350,0.6350,0.8030,0.5695,0.6350,0.2458,0.2458,0.5695,0.3646,0.0205,0.0246,0.0369,0.0410,0.4270,0.6480,,0.2210,,62.32,,159.1,167.9,0.896,0.116,
1791427658.3571565,0.5695,0.8440,0.8440,0.4998,0.5695,0.7006,0.7006,0.7006,0.7538,0.3646,0.0574,0.3646,0.3646,0.0574,0.0246,0.0574,0.0574,0.4270,0.6470,,0.2200,,62.13,,159.1,167.7,0.952,0.117,1.548
1791427658.3889172,0.4998,0.6350,0.6350,0.6350,0.6350,0.7006,0.8767,0.4998,0.7006,0.3646,0.0942,0.5695,0.4998,0.0574,0.0123,0.0574,0.0164,0.4270,0.6480,,0.2210,,61.94,,159.0,168.4,0.940,0.118,1.515
1791427658.4242094,0.4302,0.6350,0.8767,0.4998,0.5695,0.7538,0.6350,0.7538,0.7006,0.1557,0.0942,0.4998,0.4998,0.0737,0.0574,0.0410,0.0205,0.4270,0.6485,,0.2215,,62.21,,158.0,169.0,0.905,0.116,
1791427658.456565,0.2991,0.8030,0.8440,0.4998,0.4302,0.5695,0.5695,0.5695,0.5695,0.2991,0.2458,0.4302,0.1557,0.0574,0.0123,0.0164,0.0246,,0.6470,,,,62.21,,158.0,169.5,,0.116,
1791427658.4897056,0.4998,0.7538,0.7538,0.6350,0.6350,0.7006,0.6350,0.5695,0.4998,0.0737,0.1966,0.6350,0.4302,0.0574,0.0246,0.0246,0.0369,0.4270,0.6475,,0.2205,,62.06,,157.7,170.4,0.980,0.117,
1791427658.5230143,0.2991,0.7538,0.8767,0.7006,0.5695,0.6350,0.5695,0.7538,0.5695,0.1229,0.3646,0.4998,0.3646,0.0737,0.0369,0.0123,0.0369,,0.6465,,,,62.06,,157.7,169.9,0.966,0.117,
1791427658.5627286,0.4998,0.7538,0.7538,0.5695,0.4302,0.7006,0.7006,0.4302,0.4998,0.2458,0.2458,0.5695,0.4302,0.0246,0.0246,0.0369,0.0246,0.4270,0.6485,,0.2215,,62.30,,158.1,170.8,0.947,0.116,
1791427658.5942152,0.4998,0.6350,0.6350,0.4998,0.6350,0.7006,0.7006,0.4302,0.6350,0.1557,0.2458,0.4998,0.5695,0.0574,0.0164,0.0164,0.0410,0.4270,0.6485,,0.2215,,62.23,,158.4,171.2,0.955,0.116,
1791427658.6249974,0.2991,0.7006,0.8767,0.4998,0.5695,0.7538,0.8030,0.7538,0.6350,0.0942,0.2458,0.4998,0.3646,0.0737,0.0205,0.0369,0.0410,,0.6475,,,,62.23,,157.8,170.9,0.953,0.116,
1791427658.6573641,0.6350,0.4998,0.8767,0.7006,0.4998,0.4998,0.8767,0.5695,0.4302,0.0942,0.0574,0.4302,0.4998,0.0164,0.0164,0.0369,0.0410,0.4270,0.6475,,0.2205,,62.41,,157.4,170.8,0.916,0.115,
1791427658.6902452,0.3646,0.5695,0.8440,0.4998,0.5695,0.6350,0.7006,0.4302,0.7538,0.0574,0.1966,0.3646,0.4302,0.0574,0.0246,0.0574,0.0369,0.4270,0.6485,,0.2215,,62.17,,156.5,169.9,0.958,0.117,
1791427658.7236469,0.3646,0.7538,0.7538,0.7006,0.5695,0.8030,0.7006,0.5695,0.4302,0.0737,0.0737,0.4302,0.3646,0.0410,0.0164,0.0246,0.0410,0.4290,0.6480,,0.2190,,62.08,,155.5,168.9,0.904,0.117,
1791427658.7567484,0.6350,0.6350,0.7006,0.5695,0.5695,0.8030,0.6350,0.2458,0.5695,0.0574,0.1557,0.5695,0.4302,0.0246,0.0410,0.0164,0.0164,0.4270,0.6475,,0.2205,,61.83,,154.9,168.5,0.910,0.118,
1791427658.790038,0.6350,0.7538,0.7006,0.4998,0.4302,0.7006,0.6350,0.4302,0.6350,0.4302,0.0574,0.4998,0.4998,0.0246,0.0246,0.0410,0.0410,0.4270,0.6485,,0.2215,,61.71,,156.0,169.2,0.944,0.119,1.514
1791427658.8240228,0.6350,0.6350,0.8030,0.6350,0.5695,0.7538,0.5695,0.6350,0.6350,0.0574,0.3646,0.7006,0.4998,0.0410,0.0164,0.0369,0.0410,0.4270,0.6475,,0.2205,,61.30,,155.6,168.6,0.988,0.121,1.572
1791427658.8630936,0.5695,0.6350,0.8030,0.5695,0.5695,0.5695,0.6350,0.6350,0.6350,0.2991,0.1229,0.4998,0.4998,0.0123,0.0164,0.0369,0.0369,0.4270,0.6480,,0.2210,,61.08,,156.4,169.6,0.937,0.122,
1791427658.895301,0.6350,0.8440,0.8030,0.6350,0.4998,0.7538,0.8030,0.6350,0.7006,0.2991,0.2458,0.4302,0.4998,0.0205,0.0164,0.0205,0.0123,0.4270,0.6495,,0.2225,,61.35,,156.6,170.1,0.879,0.121,
1791427658.926395,0.4302,0.6350,0.9259,0.5695,0.5695,0.7006,0.5695,0.7006,0.7006,0.0942,0.0737,0.5695,0.4998,0.0574,0.0123,0.0246,0.0369,0.4270,0.6490,,0.2220,,61.48,,156.4,169.1,0.928,0.120,
1791427658.9584394,0.4998,0.5695,0.5695,0.6350,0.6350,0.7538,0.8767,0.4302,0.8030,0.0942,0.0574,0.4302,0.4998,0.0574,0.0369,0.0123,0.0369,0.4280,0.6475,,0.2195,,61.73,,155.9,168.5,0.955,0.119,
1791427658.9900894,0.2991,0.7006,0.8440,0.7006,0.4998,0.7538,0.5695,0.7006,0.7006,0.1557,0.2458,0.5695,0.4998,0.0574,0.0246,0.0737,0.0574,,0.6480,,,,61.73,,155.9,169.5,0.945,0.119,
1791427659.0238361,0.4302,0.8767,0.8767,0.7006,0.6350,0.7006,0.8030,0.4998,0.5695,0.1229,0.1229,0.4302,0.4302,0.0410,0.0082,0.0369,0.0369,0.4280,0.6475,,0.2195,,61.86,,155.4,170.3,0.953,0.118,
1791427659.0584087,0.4998,0.5695,0.7006,0.7006,0.5695,0.5695,0.7538,0.4998,0.4302,0.0942,0.1966,0.5695,0.4302,0.0410,0.0164,0.0410,0.0369,0.4280,0.6490,,0.2210,,61.79,,156.0,171.0,0.966,0.118,
1791427659.0907722,0.7006,0.7006,0.8030,0.4998,0.6350,0.7006,0.7006,0.4998,0.6350,0.2458,0.1557,0.4998,0.4302,0.0369,0.0164,0.0574,0.0574,0.4290,0.6490,,0.2200,,61.65,,156.1,171.1,0.957,0.119,
1791427659.1239269,0.5695,0.7006,0.7538,0.7006,0.6350,0.7538,0.5695,0.4302,0.7538,0.0574,0.1229,0.5695,0.5695,0.0164,0.0410,0.0164,0.0369,0.4300,0.6480,0.6640,0.2180,0.0160,61.57,2.92,155.7,171.6,0.921,0.119,
1791427659.1579676,0.7006,0.8030,0.7538,0.7006,0.5695,0.6350,0.7538,0.7538,0.4302,0.0942,0.1229,0.4302,0.4302,0.0410,0.0123,0.0369,0.0246,0.4270,0.6470,,0.2200,,61.21,2.99,156.1,171.6,0.899,0.121,
1791427659.1965463,0.2991,0.6350,0.4302,0.6350,0.6350,0.7538,0.6350,0.4998,0.6350,0.1557,0.2991,0.5695,0.4302,0.0574,0.0205,0.0410,0.0369,,0.6485,,,,61.21,2.99,155.1,170.9,0.900,0.121,
1791427659.2281685,0.6350,0.5695,0.8030,0.5695,0.5695,0.5695,0.7006,0.7006,0.7006,0.2458,0.2458,0.4998,0.4998,0.0205,0.0410,0.0369,0.0123,0.4280,0.6475,,0.2195,,61.32,3.04,155.6,169.4,0.884,0.120,
1791427659.2593193,0.4302,0.7006,0.7006,0.7006,0.6350,0.8440,0.8030,0.7006,0.7006,0.1229,0.2458,0.4998,0.4998,0.0410,0.0410,0.0410,0.0369,0.4290,0.6485,,0.2195,,61.78,3.05,155.2,168.6,0.876,0.118,
1791427659.2911987,0.3646,0.6350,0.7538,0.6350,0.5695,0.7006,0.8030,0.7006,0.5695,0.3646,0.3646,0.6350,0.4302,0.0574,0.0410,0.0410,0.0574,0.4320,0.6480,,0.2160,,61.02,3.04,157.0,168.5,0.931,0.121,1.523
1791427659.3243945,0.5695,0.6350,0.8030,0.6350,0.4302,0.8030,0.6350,0.4998,0.7006,0.0737,0.2458,0.6350,0.3646,0.0246,0.0164,0.0164,0.0574,0.4280,0.6480,,0.2200,,61.11,3.05,156.5,169.3,0.901,0.121,
1791427659.3576407,0.4998,0.6350,0.6350,0.6350,0.7006,0.7538,0.8440,0.6350,0.5695,0.0942,0.0942,0.4998,0.4302,0.0737,0.0082,0.0369,0.0164,0.4270,0.6480,,0.2210,,60.74,3.05,155.5,169.4,0.922,0.123,
1791427659.3917575,0.6350,0.7006,0.8030,0.6350,0.4998,0.7006,0.6350,0.6350,0.8440,0.1557,0.2458,0.4998,0.2991,0.0246,0.0574,0.0369,0.0369,0.4270,0.6470,,0.2200,,61.14,3.03,155.9,169.8,,0.121,
1791427659.424782,0.4998,0.7006,0.7538,0.7006,0.6350,0.4302,0.7538,0.6350,0.6350,0.4302,0.0942,0.5695,0.4302,0.0737,0.0164,0.0410,0.0205,0.4280,0.6480,,0.2200,,60.87,3.02,156.8,169.3,0.936,0.122,1.531
1791427659.4580865,0.4998,0.4998,0.6350,0.6350,0.5695,0.7006,0.7006,0.7538,0.7538,0.3646,0.2991,0.4302,0.4998,0.0369,0.0369,0.0369,0.0164,0.4270,0.6485,,0.2215,,60.89,3.03,157.6,169.0,0.893,0.123,1.501
1791427659.4924235,0.5695,0.8440,0.7006,0.5695,0.5695,0.7538,0.6350,0.6350,0.5695,0.1557,0.3646,0.5695,0.3646,0.0369,0.0246,0.0410,0.0369,0.4280,0.6480,,0.2200,,60.56,3.03,157.6,168.8,0.918,0.124,1.502
1791427659.5310009,0.4998,0.7538,0.7006,0.7006,0.3646,0.7538,0.7006,0.6350,0.7006,0.2458,0.1229,0.2458,0.2458,0.0246,0.0205,0.0369,0.0410,0.4270,0.6480,,0.2210,,60.37,3.03,158.3,169.4,,0.125,
1791427659.5628362,0.4302,0.5695,0.8030,0.7006,0.5695,0.7006,0.7538,0.6350,0.5695,0.0737,0.2991,0.5695,0.4998,0.0369,0.0369,0.0164,0.0410,0.4330,0.6470,,0.2140,,60.05,3.04,158.6,170.2,0.961,0.126,
1791427659.594773,0.5695,0.7006,0.9587,0.6350,0.7006,0.7006,0.8030,0.6350,0.5695,0.4302,0.1966,0.5695,0.3646,0.0369,0.0164,0.0164,0.0369,0.4300,0.6475,,0.2175,,60.27,3.04,158.9,169.8,0.947,0.125,1.493
1791427659.6262665,0.5695,0.8440,0.8767,0.6350,0.5695,0.8440,0.7006,0.6350,0.6350,0.2991,0.1229,0.5695,0.4998,0.0246,0.0246,0.0410,0.0410,0.4320,0.6470,,0.2150,,60.20,3.07,159.9,169.8,0.910,0.125,
1791427659.6586845,0.6350,0.4998,0.8767,0.5695,0.4998,0.5695,0.7006,0.5695,0.8030,0.0737,0.0942,0.4998,0.4302,0.0369,0.0205,0.0369,0.0369,0.4340,0.6465,,0.2125,,60.47,,159.3,170.1,0.884,0.123,
1791427659.6914258,0.5695,0.4998,0.8030,0.6350,0.5695,0.7538,0.7538,0.5695,0.6350,0.0574,0.1966,0.4998,0.4302,0.0574,0.0123,0.0410,0.0369,0.4280,0.6470,,0.2190,,60.59,,158.1,170.1,0.885,0.122,
1791427659.724776,0.5695,0.7538,0.8767,0.5695,0.5695,0.7006,0.6350,0.7538,0.5695,0.2991,0.2991,0.4302,0.4302,0.0082,0.0164,0.0164,0.0369,0.4320,0.6475,,0.2155,,60.55,,159.1,169.4,0.884,0.123,
1791427659.7594228,0.3646,0.6350,0.8767,0.5695,0.6350,0.7006,0.7538,0.6350,0.7006,0.2458,0.4302,0.4998,0.4302,0.0246,0.0123,0.0410,0.0369,0.4270,0.6465,,0.2195,,60.57,,159.5,169.4,0.977,0.123,1.578
1791427659.800237,0.4998,0.5695,0.8030,0.6350,0.6350,0.6350,0.7006,0.8030,0.6350,0.0737,0.3646,0.4998,0.4302,0.0574,0.0164,0.0164,0.0369,0.4270,0.6465,,0.2195,,60.73,,158.7,168.9,0.914,0.122,1.490
1791427659.8304455,0.4998,0.7538,0.7538,0.5695,0.7538,0.7538,0.7538,0.4998,0.8030,0.0737,0.1966,0.3646,0.6350,0.0410,0.0164,0.0369,0.0410,0.4280,0.6475,,0.2195,,60.81,,158.5,169.2,0.868,0.122,
1791427659.8637023,0.5695,0.8767,0.8030,0.7538,0.5695,0.6350,0.7538,0.5695,0.6350,0.0942,0.2458,0.6350,0.4998,0.0410,0.0246,0.0410,0.0410,0.4280,0.6470,,0.2190,,60.66,,157.8,169.2,0.901,0.123,
1791427659.8938637,0.4998,0.6350,0.8440,0.5695,0.6350,0.7006,0.7538,0.7538,0.7538,0.1966,0.0942,0.4302,0.4302,0.0737,0.0164,0.0410,0.0369,0.4270,0.6470,,0.2200,,61.02,,158.3,169.1,0.893,0.121,
1791427659.9260345,0.4998,0.7538,0.9054,0.7006,0.4998,0.7006,0.7006,0.7006,0.6350,0.0942,0.2458,0.5695,0.4302,0.0410,0.0246,0.0369,0.0205,0.4270,0.6465,,0.2195,,60.83,,158.6,168.6,0.919,0.122,
1791427659.958238,0.4998,0.5695,0.8767,0.4998,0.7538,0.5695,0.6350,0.4302,0.6350,0.2458,0.0942,0.5695,0.4302,0.0123,0.0123,0.0123,0.0369,0.4280,0.6465,,0.2185,,61.05,,158.7,168.6,0.884,0.121,
1791427659.9915543,0.4998,0.7006,0.7538,0.6350,0.4302,0.7006,0.7006,0.4998,0.7538,0.0737,0.2458,0.4302,0.4302,0.0410,0.0246,0.0246,0.0410,0.4270,0.6460,,0.2190,,60.70,,158.9,168.9,0.924,0.123,
1791427660.0261095,0.7538,0.6350,0.8030,0.6350,0.5695,0.6350,0.6350,0.4998,0.6350,0.3646,0.0942,0.5695,0.4998,0.0410,0.0246,0.0369,0.0123,0.4270,0.6460,,0.2190,,60.69,,159.4,168.6,0.957,0.123,1.529
1791427660.0596206,0.5695,0.6350,0.7006,0.8030,0.4302,0.7538,0.7006,0.4302,0.3646,0.0737,0.1557,0.4302,0.3646,0.0369,0.0737,0.0369,0.0369,0.4270,0.6460,,0.2190,,60.32,,159.4,169.2,0.993,0.125,
1791427660.0924368,0.2991,0.8767,0.8440,0.7006,0.4998,0.7006,0.4998,0.4998,0.7006,0.0737,0.0942,0.5695,0.4998,0.0737,0.0410,0.0410,0.0410,,0.6460,,,,60.32,,159.0,168.7,0.918,0.125,
1791427660.133499,0.7538,0.5695,0.7538,0.5695,0.5695,0.7006,0.8030,0.6350,0.7006,0.2458,0.2458,0.5695,0.4302,0.0942,0.0123,0.0123,0.0574,0.4310,0.6455,,0.2145,,59.85,,159.4,167.6,1.001,0.127,
1791427660.1645324,0.4998,0.7006,0.8440,0.5695,0.6350,0.7006,0.7006,0.4998,0.6350,0.4302,0.1229,0.5695,0.5695,0.0942,0.0246,0.0246,0.0246,0.4320,0.6455,0.6680,0.2135,0.0225,60.15,3.26,160.0,166.8,0.947,0.125,1.485
1791427660.1960955,0.4302,0.4302,0.7006,0.6350,0.5695,0.7538,0.6350,0.7538,0.2991,0.0942,0.2458,0.4998,0.4302,0.0369,0.0164,0.0369,0.0369,0.4320,0.6470,,0.2150,,60.37,3.26,159.0,167.0,0.901,0.123,
1791427660.2274547,0.6350,0.5695,0.8030,0.4998,0.7006,0.7538,0.7538,0.7006,0.7538,0.2991,0.1966,0.3646,0.2458,0.0246,0.0205,0.0205,0.0246,0.4310,0.6460,,0.2150,,59.93,3.26,159.4,167.4,,0.125,
1791427660.2593272,0.5695,0.7538,0.8030,0.5695,0.6350,0.8030,0.6350,0.6350,0.7006,0.1966,0.0942,0.4302,0.4302,0.0410,0.0410,0.0205,0.0410,0.4270,0.6470,,0.2200,,59.63,3.24,158.3,167.5,0.937,0.127,
1791427660.2919312,0.7006,0.4998,0.8767,0.4998,0.5695,0.8030,0.7538,0.5695,0.7006,0.0737,0.2991,0.4302,0.5695,0.0410,0.0369,0.0369,0.0369,0.4270,0.6465,,0.2195,,60.43,3.24,159.0,166.2,0.942,0.123,
1791427660.3260643,0.4302,0.7538,0.7538,0.5695,0.6350,0.6350,0.7006,0.6350,0.7006,0.0942,0.2991,0.4302,0.4998,0.1229,0.0246,0.0369,0.0369,0.4270,0.6455,,0.2185,,60.48,3.28,159.2,,0.913,0.123,
1791427660.3588023,0.7006,0.5695,0.8767,0.7538,0.6350,0.6350,0.7006,0.5695,0.6350,0.2458,0.0942,0.5695,0.4302,0.0164,0.0369,0.0369,0.0123,0.4320,0.6470,,0.2150,,60.50,3.27,159.6,,0.917,0.123,
1791427660.3928022,0.7006,0.8030,0.8767,0.5695,0.4998,0.7006,0.7006,0.6350,0.5695,0.2458,0.1966,0.4302,0.4302,0.0369,0.0123,0.0123,0.0246,0.4330,0.6465,,0.2135,,60.48,3.27,159.4,,0.927,0.123,
1791427660.4252784,0.7006,0.6350,0.8030,0.6350,0.4998,0.8030,0.7538,0.5695,0.7538,0.1966,0.1229,0.4998,0.3646,0.0942,0.0123,0.0574,0.0369,0.4340,0.6470,,0.2130,,60.52,3.27,160.4,,0.897,0.122,
1791427660.4660237,0.5695,0.7538,0.8767,0.6350,0.5695,0.7538,0.7006,0.7006,0.6350,0.1557,0.1557,0.5695,0.3646,0.0369,0.0205,0.0123,0.0410,0.4270,0.6470,,0.2200,,60.58,3.26,160.0,,0.913,0.122,
1791427660.496658,0.2991,0.6350,0.8030,0.6350,0.4998,0.7006,0.7006,0.8030,0.5695,0.2991,0.1557,0.6350,0.2991,0.0246,0.0246,0.0205,0.0369,,0.6460,,,,60.58,3.26,160.9,,,0.122,
1791427660.5285857,0.5695,0.6350,0.8030,0.6350,0.4998,0.8030,0.8030,0.6350,0.6350,0.1229,0.1966,0.5695,0.4998,0.0369,0.0082,0.0164,0.0246,0.4320,0.6475,,0.2155,,60.46,3.22,161.0,,0.943,0.123,
1791427660.5611749,0.4998,0.8030,0.9054,0.6350,0.6350,0.8440,0.6350,0.8030,0.7006,0.0942,0.2991,0.5695,0.4998,0.0574,0.0246,0.0369,0.0369,0.4320,0.6455,,0.2135,,60.51,3.26,160.7,,0.923,0.122,
1791427660.5927045,0.4998,0.4998,0.6350,0.4998,0.5695,0.7006,0.5695,0.4998,0.4998,0.1229,0.0942,0.6350,0.4998,0.0737,0.0246,0.0205,0.0164,0.4280,0.6460,,0.2180,,60.31,3.27,159.7,,0.945,0.123,
1791427660.6258023,0.5695,0.7538,0.8440,0.5695,0.5695,0.5695,0.6350,0.6350,0.7538,0.0737,0.1229,0.7006,0.5695,0.0369,0.0082,0.0164,0.0123,0.4280,0.6460,0.6650,0.2180,0.0190,60.39,3.24,158.8,,0.876,0.123,
1791427660.658839,0.4302,0.6350,0.7538,0.4998,0.5695,0.7006,0.8030,0.4998,0.5695,0.3646,0.1966,0.4998,0.2991,0.0574,0.0205,0.0205,0.0205,0.4280,0.6475,,0.2195,,60.48,3.24,159.2,,,0.123,1.434
1791427660.692314,0.3646,0.7538,0.8030,0.4998,0.4998,0.5695,0.6350,0.4302,0.6350,0.1229,0.0942,0.6350,0.5695,0.0574,0.0082,0.0246,0.0410,0.4270,0.6465,0.6640,0.2195,0.0175,60.55,3.16,158.5,,0.884,0.123,
1791427660.7264466,0.6350,0.7538,0.7538,0.7538,0.5695,0.6350,0.6350,0.4998,0.7006,0.2991,0.1557,0.4998,0.4302,0.0737,0.0369,0.0246,0.0574,0.4280,0.6470,,0.2190,,60.71,3.14,159.1,,0.913,0.122,
1791427660.766906,0.6350,0.5695,0.7538,0.5695,0.5695,0.7538,0.8030,0.7006,0.4998,0.4998,0.1966,0.5695,0.4302,0.0369,0.0369,0.0369,0.0246,0.4270,0.6460,,0.2190,,60.57,3.14,159.1,,0.935,0.123,1.535
1791427660.7978654,0.6350,0.7006,0.7538,0.5695,0.5695,0.6350,0.7538,0.5695,0.4998,0.0942,0.2991,0.4302,0.4998,0.0164,0.0246,0.0369,0.0574,0.4320,0.6485,,0.2165,,60.55,3.09,158.4,,0.884,0.123,
1791427660.8288748,0.6350,0.8440,0.5695,0.5695,0.6350,0.7538,0.7006,0.7006,0.6350,0.0574,0.0737,0.3646,0.3646,0.0574,0.0369,0.0205,0.0164,0.4270,0.6485,,0.2215,,60.44,3.05,156.5,,0.896,0.124,
1791427660.8616326,0.5695,0.7538,0.8440,0.7006,0.6350,0.8030,0.6350,0.7538,0.6350,0.2458,0.1229,0.5695,0.4302,0.0369,0.0164,0.0205,0.0369,0.4280,0.6470,,0.2190,,60.08,3.02,157.9,,0.959,0.126,
1791427660.8927114,0.4302,0.8440,0.7006,0.5695,0.4998,0.7006,0.7006,0.4302,0.5695,0.1557,0.2458,0.5695,0.4998,0.0410,0.0164,0.0205,0.0246,0.4270,0.6460,,0.2190,,60.04,3.01,159.4,,0.990,0.126,
1791427660.9257035,0.5695,0.5695,0.8030,0.6350,0.4998,0.5695,0.7006,0.4302,0.8440,0.0942,0.2991,0.5695,0.4998,0.0574,0.0369,0.0410,0.0369,0.4340,0.6480,,0.2140,,60.01,3.00,158.7,,0.888,0.126,
1791427660.9602203,0.4302,0.4998,0.8440,0.7538,0.5695,0.6350,0.8440,0.5695,0.7006,0.0574,0.2458,0.3646,0.4302,0.0410,0.0123,0.0369,0.0574,0.4330,0.6495,,0.2165,,60.47,2.97,158.5,,0.860,0.123,
1791427660.9929864,0.5695,0.4998,0.9054,0.6350,0.7006,0.7538,0.5695,0.6350,0.7006,0.3646,0.1229,0.4302,0.2991,0.0737,0.0246,0.0205,0.0574,0.4330,0.6480,,0.2150,,60.22,2.95,159.4,,,0.124,1.503
1791427661.0265253,0.5695,0.4998,0.7006,0.7006,0.5695,0.7538,0.5695,0.6350,0.7006,0.2991,0.1229,0.4998,0.3646,0.0205,0.0205,0.0574,0.0369,0.4270,0.6480,,0.2210,,60.09,2.93,159.4,,0.919,0.125,
1791427661.0603755,0.5695,0.8030,0.8440,0.4998,0.4998,0.6350,0.7538,0.3646,0.5695,0.0942,0.1229,0.5695,0.4302,0.0246,0.0410,0.0123,0.0246,0.4290,0.6475,,0.2185,,59.94,2.94,158.9,,0.911,0.126,
1791427661.100059,0.4998,0.7006,0.8030,0.5695,0.5695,0.8030,0.7006,0.5695,0.4302,0.0942,0.2991,0.4302,0.4998,0.0205,0.0123,0.0369,0.0369,0.4270,0.6480,,0.2210,,60.07,2.94,158.9,,0.910,0.126,
1791427661.1319697,0.4998,0.5695,0.7538,0.7006,0.3646,0.7538,0.6350,0.2458,0.7006,0.1557,0.1557,0.6350,0.5695,0.0205,0.0205,0.0164,0.0164,0.4330,0.6480,0.6630,0.2150,0.0150,60.16,2.80,158.5,,0.943,0.125,
1791427661.1624537,0.6350,0.8030,0.8030,0.6350,0.4998,0.7006,0.7538,0.4302,0.6350,0.4302,0.1229,0.5695,0.4998,0.0410,0.0123,0.0574,0.0164,0.4270,0.6475,,0.2205,,60.22,2.79,158.8,,0.950,0.125,1.470
1791427661.194789,0.6350,0.4998,0.7538,0.4998,0.4998,0.6350,0.7538,0.7006,0.7538,0.4998,0.1557,0.5695,0.4302,0.0369,0.0123,0.0369,0.0737,0.4320,0.6475,,0.2155,,60.37,2.82,159.2,,0.884,0.124,1.445
1791427661.226027,0.6350,0.6350,0.7538,0.5695,0.4998,0.7006,0.8767,0.2458,0.4998,0.1966,0.1557,0.4998,0.3646,0.0410,0.0369,0.0369,0.0164,0.4270,0.6480,,0.2210,,60.67,2.80,158.8,,0.944,0.123,
1791427661.2595916,0.4998,0.5695,0.7006,0.6350,0.4998,0.7006,0.7006,0.4998,0.4998,0.2991,0.3646,0.4998,0.4998,0.0246,0.0410,0.0369,0.0246,0.4330,0.6480,,0.2150,,60.51,2.78,159.5,170.4,0.941,0.123,1.540
1791427661.2940452,0.5695,0.7006,0.7538,0.6350,0.4302,0.8030,0.5695,0.4998,0.6350,0.0942,0.1557,0.5695,0.2991,0.0410,0.0369,0.0574,0.0574,0.4290,0.6490,,0.2200,,60.57,2.75,157.8,168.7,,0.123,
1791427661.3263302,0.6350,0.8030,0.8767,0.4998,0.6350,0.8767,0.5695,0.6350,0.2991,0.0574,0.1966,0.5695,0.3646,0.0942,0.0123,0.0369,0.0737,0.4330,0.6480,,0.2150,,60.57,2.74,157.4,168.9,0.947,0.123,
1791427661.3604255,0.5695,0.5695,0.8030,0.4998,0.6350,0.7538,0.6350,0.6350,0.6350,0.1229,0.0737,0.5695,0.5695,0.0410,0.0205,0.0369,0.0369,0.4270,0.6485,0.6650,0.2215,0.0165,60.85,2.71,157.2,169.2,0.905,0.122,
1791427661.3930752,0.6350,0.6350,0.7538,0.6350,0.6350,0.7006,0.6350,0.8030,0.3646,0.0942,0.1557,0.6350,0.5695,0.0737,0.0369,0.0246,0.0369,0.4270,0.6480,0.6650,0.2210,0.0170,60.93,2.70,157.3,167.9,0.913,0.122,
1791427661.433588,0.4998,0.5695,0.8030,0.5695,0.6350,0.7006,0.4998,0.4302,0.5695,0.0942,0.2458,0.4998,0.4998,0.0410,0.0410,0.0574,0.0369,0.4290,0.6480,,0.2190,,60.80,2.68,156.4,168.5,0.967,0.122,
1791427661.4651313,0.4998,0.8030,0.8030,0.4998,0.5695,0.7538,0.7538,0.6350,0.8767,0.4998,0.4302,0.4998,0.4998,0.0369,0.0246,0.0205,0.0369,0.4270,0.6480,,0.2210,,61.15,2.70,157.4,169.1,0.905,0.121,1.454
1791427661.496572,0.4998,0.5695,0.7538,0.5695,0.6350,0.7006,0.7538,0.5695,0.4998,0.2458,0.2458,0.4998,0.5695,0.0737,0.0369,0.0164,0.0164,0.4290,0.6485,,0.2195,,61.19,2.68,158.4,169.3,0.928,0.121,
1791427661.5283356,0.4302,0.7538,0.8440,0.6350,0.4998,0.7538,0.5695,0.6350,0.8030,0.0942,0.1229,0.4998,0.4998,0.0574,0.0246,0.0574,0.0410,0.4330,0.6480,,0.2150,,61.20,2.70,158.2,169.3,0.913,0.120,
1791427661.5598624,0.6350,0.7006,0.8440,0.4998,0.5695,0.6350,0.6350,0.8030,0.7538,0.1229,0.0737,0.4998,0.4998,0.0410,0.0164,0.0369,0.0410,0.4280,0.6485,,0.2205,,61.46,2.69,158.1,169.5,0.904,0.119,
1791427661.5949223,0.5695,0.7006,0.7538,0.4998,0.5695,0.7006,0.7006,0.6350,0.8440,0.0574,0.1557,0.4998,0.3646,0.0574,0.0205,0.0410,0.0246,0.4290,0.6475,,0.2185,,61.05,2.69,158.0,168.9,0.973,0.121,
1791427661.6267724,0.3646,0.7006,0.8767,0.5695,0.5695,0.8440,0.6350,0.4998,0.7006,0.4302,0.1966,0.4998,0.3646,0.0205,0.0164,0.0410,0.0369,0.4340,0.6475,,0.2135,,60.69,2.69,158.2,168.5,0.944,0.122,1.530
1791427661.660276,0.5695,0.5695,0.9054,0.6350,0.4998,0.8030,0.6350,0.5695,0.4998,0.1229,0.2991,0.5695,0.4998,0.0574,0.0205,0.0164,0.0246,0.4280,0.6495,,0.2215,,61.33,2.66,157.8,168.0,0.903,0.119,
1791427661.694586,0.4302,0.6350,0.7006,0.4998,0.4998,0.7538,0.7538,0.7006,0.6350,0.2458,0.4302,0.4998,0.4302,0.0246,0.0205,0.0410,0.0369,0.4320,0.6475,,0.2155,,60.95,2.66,158.5,168.6,0.975,0.121,1.608
1791427661.7343698,0.4998,0.6350,0.8767,0.5695,0.6350,0.7006,0.5695,0.2991,0.6350,0.2991,0.4302,0.4302,0.2991,0.0246,0.0410,0.0369,0.0246,0.4280,0.6490,,0.2210,,61.21,2.67,157.8,167.9,,0.120,1.403
1791427661.7666316,0.5695,0.6350,0.8030,0.4302,0.4998,0.7006,0.6350,0.6350,0.4998,0.1557,0.1557,0.4998,0.4302,0.0246,0.0205,0.0205,0.0246,0.4280,0.6470,,0.2190,,61.04,2.71,157.0,168.5,0.915,0.121,
1791427661.797746,0.8030,0.4302,0.4998,0.5695,0.4998,0.6350,0.7006,0.4998,0.4998,0.2458,0.0574,0.5695,0.4998,0.0369,0.0737,0.0737,0.0737,0.4280,0.6480,,0.2200,,61.45,2.71,156.6,169.2,0.922,0.119,
1791427661.8301458,0.4302,0.5695,0.4302,0.7006,0.5695,0.7006,0.7006,0.6350,0.8030,0.0942,0.4302,0.5695,0.4998,0.0369,0.0410,0.0246,0.0410,0.4270,0.6485,,0.2215,,61.75,2.74,154.9,169.9,0.856,0.118,1.366
1791427661.861969,0.5695,0.5695,0.7006,0.6350,0.3646,0.6350,0.8030,0.8030,0.7538,0.3646,0.1557,0.5695,0.4998,0.0574,0.0574,0.0164,0.0246,0.4280,0.6495,,0.2215,,61.99,2.67,155.5,170.3,0.959,0.117,1.410
1791427661.8937893,0.4302,0.5695,0.8440,0.4302,0.6350,0.7006,0.8030,0.4302,0.7538,0.2991,0.2458,0.5695,0.5695,0.0410,0.0205,0.0410,0.0369,0.4260,0.6490,0.6680,0.2230,0.0190,61.62,2.73,156.8,170.8,0.910,0.119,
1791427661.9276729,0.6350,0.5695,0.6350,0.6350,0.4998,0.7006,0.8030,0.4302,0.7538,0.1966,0.0737,0.5695,0.2458,0.0574,0.0205,0.0369,0.0246,0.4260,0.6485,,0.2225,,61.58,2.74,157.1,169.8,,0.120,
1791427661.9612098,0.4302,0.6350,0.8767,0.7538,0.5695,0.6350,0.7006,0.5695,0.6350,0.0737,0.1229,0.5695,0.5695,0.0737,0.0205,0.0369,0.0369,0.4260,0.6470,0.6670,0.2210,0.0200,61.36,2.80,156.6,170.2,0.946,0.121,
1791427661.9952433,0.4302,0.6350,0.7006,0.5695,0.4302,0.7538,0.7538,0.5695,0.6350,0.0737,0.0737,0.5695,0.3646,0.0123,0.0574,0.0574,0.0410,0.4260,0.6495,,0.2235,,61.66,2.77,156.3,169.9,0.900,0.119,
1791427662.035802,0.5695,0.7006,0.4998,0.5695,0.4998,0.6350,0.7538,0.4302,0.5695,0.0942,0.0574,0.5695,0.5695,0.0410,0.0205,0.0164,0.0369,0.4270,0.6480,0.6640,0.2210,0.0160,62.03,2.73,156.6,170.0,0.900,0.118,
1791427662.0671272,0.7006,0.4998,0.7538,0.7006,0.4302,0.6350,0.6350,0.5695,0.6350,0.2991,0.1966,0.4998,0.4302,0.0410,0.0164,0.0205,0.0410,0.4270,0.6485,,0.2215,,62.34,2.74,157.4,169.9,0.889,0.116,
1791427662.0985835,0.4302,0.7538,0.7006,0.6350,0.4302,0.7538,0.6350,0.4302,0.5695,0.1557,0.2458,0.5695,0.5695,0.0942,0.0410,0.0410,0.0369,0.4270,0.6485,0.6650,0.2215,0.0165,62.84,2.72,156.8,169.9,0.895,0.114,
1791427662.1313338,0.5695,0.8030,0.8030,0.7006,0.5695,0.4302,0.7538,0.4998,0.2991,0.2458,0.2458,0.4998,0.4998,0.0369,0.0574,0.0369,0.0369,0.4250,0.6480,,0.2230,,62.89,2.74,156.2,170.0,0.883,0.114,
1791427662.1625001,0.5695,0.4302,0.8030,0.5695,0.4998,0.6350,0.8440,0.5695,0.7538,0.2991,0.1229,0.5695,0.5695,0.0410,0.0205,0.0410,0.0369,0.4270,0.6475,0.6640,0.2205,0.0165,62.88,2.67,157.6,170.4,0.975,0.113,
1791427662.194587,0.7538,0.2991,0.7006,0.7006,0.4998,0.7006,0.7538,0.6350,0.7006,0.4302,0.2991,0.4998,0.4998,0.0737,0.0369,0.0574,0.0410,0.4250,0.6480,,0.2230,,62.92,2.69,158.2,170.5,0.896,0.113,1.467
1791427662.227915,0.4998,0.8030,0.7006,0.7006,0.4302,0.6350,0.5695,0.6350,0.7006,0.0942,0.0942,0.5695,0.4998,0.0737,0.0123,0.0574,0.0369,0.4270,0.6485,,0.2215,,63.25,2.68,157.4,170.6,0.908,0.112,
1791427662.2612715,0.5695,0.5695,0.8440,0.6350,0.6350,0.7006,0.7006,0.4998,0.5695,0.4302,0.0737,0.4998,0.4302,0.0205,0.0205,0.0369,0.0574,0.4270,0.6485,,0.2215,,63.59,2.65,157.4,170.3,0.945,0.110,1.443
1791427662.2947254,0.5695,0.7006,0.8440,0.6350,0.4998,0.7538,0.6350,0.3646,0.7006,0.0574,0.0410,0.5695,0.5695,0.0574,0.0205,0.0205,0.0369,0.4260,0.6480,0.6700,0.2220,0.0220,63.34,2.82,155.6,169.7,0.897,0.111,
1791427662.3281858,0.4998,0.6350,0.6350,0.6350,0.6350,0.8440,0.7006,0.7006,0.7538,0.2991,0.0737,0.6350,0.5695,0.0942,0.0123,0.0574,0.0205,0.4250,0.6485,0.6730,0.2235,0.0245,63.30,3.03,156.3,169.2,0.901,0.112,
1791427662.3672256,0.5695,0.7538,0.8440,0.5695,0.4998,0.7538,0.5695,0.4998,0.4302,0.0942,0.2458,0.4998,0.4302,0.0369,0.0123,0.0123,0.0369,0.4260,0.6470,,0.2210,,63.01,3.03,155.9,,0.979,0.113,
1791427662.3993692,0.4998,0.4998,0.6350,0.6350,0.5695,0.6350,0.6350,0.5695,0.7006,0.1229,0.0942,0.5695,0.5695,0.0942,0.0410,0.0246,0.0410,0.4290,0.6475,0.6640,0.2185,0.0165,63.31,2.97,154.9,,0.872,0.111,
1791427662.4304254,0.4998,0.8030,0.7538,0.7006,0.4998,0.6350,0.7006,0.5695,0.4998,0.1557,0.2458,0.3646,0.4998,0.0246,0.0205,0.0369,0.0410,0.4260,0.6490,,0.2230,,63.53,2.94,154.4,,0.907,0.110,
1791427662.4618068,0.3646,0.6350,0.8440,0.5695,0.5695,0.6350,0.5695,0.5695,0.7538,0.0942,0.0410,0.6350,0.4998,0.0410,0.0205,0.0410,0.0574,0.4270,0.6490,,0.2220,,63.93,2.95,153.7,,0.844,0.108,
1791427662.4953842,0.7006,0.7538,0.7006,0.5695,0.6350,0.6350,0.7538,0.4998,0.4998,0.2991,0.0574,0.5695,0.5695,0.0369,0.0123,0.0410,0.0574,0.4270,0.6475,0.6680,0.2205,0.0205,63.97,3.02,155.1,,0.893,0.108,
1791427662.5277884,0.5695,0.7006,0.8030,0.5695,0.5695,0.6350,0.5695,0.4302,0.6350,0.1966,0.2991,0.3646,0.3646,0.0574,0.0123,0.0164,0.0246,0.4240,0.6475,,0.2235,,63.74,3.07,155.4,,0.860,0.109,
1791427662.5625603,0.6350,0.8440,0.8030,0.7006,0.4302,0.7006,0.7538,0.7538,0.6350,0.2991,0.3646,0.5695,0.4998,0.0574,0.0082,0.0246,0.0369,0.4270,0.6470,,0.2200,,63.41,3.05,156.3,167.9,0.963,0.111,1.529
1791427662.5952837,0.6350,0.8030,0.8440,0.6350,0.6350,0.5695,0.7006,0.4302,0.6350,0.0737,0.2991,0.4302,0.4998,0.0574,0.0369,0.0164,0.0410,0.4270,0.6470,,0.2200,,63.28,3.08,154.8,168.5,0.895,0.111,
1791427662.628271,0.4302,0.5695,0.8440,0.7006,0.4998,0.6350,0.7006,0.5695,0.6350,0.1557,0.4302,0.6350,0.4302,0.0942,0.0369,0.0410,0.0369,0.4270,0.6475,,0.2205,,63.45,3.08,154.3,167.7,0.913,0.110,1.451
1791427662.6688821,0.2991,0.4302,0.6350,0.4302,0.4302,0.8030,0.8030,0.7538,0.4998,0.0574,0.2458,0.6350,0.4302,0.0369,0.0410,0.0164,0.0410,,0.6465,,,,63.45,3.08,154.1,168.0,0.906,0.110,
1791427662.6959379,0.3646,0.8030,0.7538,0.6350,0.4302,0.7538,0.6350,0.5695,0.7006,0.0942,0.2458,0.4998,0.6350,0.0942,0.0369,0.0410,0.0369,0.4260,0.6470,,0.2210,,63.73,3.10,154.6,168.4,0.908,0.109,
1791427662.7334943,0.5695,0.4998,0.4302,0.6350,0.5695,0.7538,0.7006,0.7006,0.4998,0.0574,0.3646,0.5695,0.4302,0.0574,0.0205,0.0164,0.0369,0.4260,0.6475,,0.2215,,63.90,3.08,153.2,168.0,0.933,0.108,1.453
1791427662.764102,0.2991,0.7006,0.6350,0.7538,0.4998,0.6350,0.5695,0.5695,0.5695,0.4302,0.0737,0.5695,0.4998,0.0205,0.0082,0.0164,0.0369,,0.6475,,,,63.90,3.08,154.6,167.8,0.932,0.108,
1791427662.7961092,0.5695,0.7538,0.8767,0.6350,0.4998,0.7006,0.7006,0.7006,0.7538,0.1557,0.2991,0.5695,0.5695,0.0369,0.0082,0.0164,0.0369,0.4260,0.6475,0.6670,0.2215,0.0195,63.43,3.05,155.2,168.5,0.946,0.111,
1791427662.8290884,0.4998,0.7006,0.7538,0.6350,0.6350,0.5695,0.7006,0.6350,0.7006,0.1229,0.2458,0.6350,0.5695,0.0410,0.0205,0.0574,0.0410,0.4260,0.6480,0.6650,0.2220,0.0170,63.54,2.98,156.5,168.6,0.912,0.110,
1791427662.861753,0.4998,0.8030,0.8767,0.6350,0.3646,0.6350,0.5695,0.5695,0.6350,0.2458,0.2991,0.4302,0.4302,0.0205,0.0246,0.0123,0.0574,0.4270,0.6480,,0.2210,,63.60,2.99,156.6,169.1,0.871,0.110,
1791427662.895106,0.4998,0.8440,0.7006,0.7006,0.5695,0.7538,0.5695,0.5695,0.6350,0.0574,0.0574,0.5695,0.4998,0.0205,0.0123,0.0369,0.0123,0.4270,0.6480,,0.2210,,63.78,3.01,157.0,168.6,0.865,0.109,
1791427662.9285035,0.3646,0.9259,0.8030,0.7006,0.4998,0.8030,0.7006,0.5695,0.7006,0.1966,0.1229,0.6350,0.6350,0.0410,0.0164,0.0574,0.0369,0.4270,0.6475,0.6620,0.2205,0.0145,63.59,2.85,157.6,168.3,0.935,0.110,
1791427662.9618955,0.5695,0.5695,0.7006,0.7006,0.4998,0.6350,0.6350,0.5695,0.6350,0.2991,0.0942,0.5695,0.5695,0.0369,0.0410,0.0164,0.0123,0.4260,0.6480,0.6660,0.2220,0.0180,63.47,2.88,158.4,166.8,0.856,0.110,
1791427662.9953423,0.3646,0.4302,0.8030,0.6350,0.4302,0.6350,0.7538,0.5695,0.5695,0.2991,0.0942,0.3646,0.4302,0.0410,0.0164,0.0246,0.0410,0.4270,0.6485,,0.2215,,63.94,2.88,158.6,167.2,0.852,0.108,
1791427663.034717,0.6350,0.7006,0.7538,0.6350,0.5695,0.7006,0.5695,0.5695,0.4998,0.1966,0.0410,0.5695,0.4998,0.0369,0.0246,0.0574,0.0369,0.4270,0.6475,,0.2205,,64.11,2.89,158.1,166.1,0.892,0.107,
1791427663.066463,0.4302,0.4998,0.7006,0.4998,0.6350,0.5695,0.5695,0.5695,0.6350,0.4302,0.0737,0.4998,0.4998,0.0574,0.0369,0.0410,0.0410,0.4270,0.6470,,0.2200,,63.98,2.89,158.5,166.7,0.927,0.108,1.502
1791427663.0973155,0.4998,0.2458,0.7006,0.5695,0.5695,0.6350,0.5695,0.4998,0.7006,0.5695,0.3646,0.4998,0.4998,0.0369,0.0410,0.0164,0.0205,0.4270,0.6475,,0.2205,,63.75,2.88,158.5,167.1,0.931,0.109,1.444
1791427663.130286,0.3646,0.6350,0.5695,0.6350,0.4302,0.5695,0.6350,0.5695,0.6350,0.2991,0.3646,0.5695,0.4998,0.0410,0.0205,0.0164,0.0164,0.4270,0.6465,,0.2195,,64.00,2.94,158.9,165.4,0.869,0.108,1.391
1791427663.1623137,0.6350,0.4998,0.7538,0.5695,0.6350,0.7006,0.6350,0.6350,0.6350,0.0737,0.3646,0.4998,0.5695,0.0410,0.0123,0.0123,0.0410,0.4260,0.6485,,0.2225,,63.88,2.91,157.8,166.9,0.883,0.108,1.422
1791427663.1953626,0.4998,0.7538,0.6350,0.4998,0.4998,0.7006,0.7538,0.6350,0.7006,0.0737,0.1966,0.4998,0.4302,0.0574,0.0082,0.0369,0.0410,0.4270,0.6470,,0.2200,,63.94,2.91,157.6,167.4,0.922,0.108,
1791427663.228291,0.4302,0.7538,0.8030,0.5695,0.4998,0.8030,0.5695,0.6350,0.7006,0.2991,0.0737,0.5695,0.5695,0.0246,0.0246,0.0205,0.0369,0.4270,0.6475,0.6660,0.2205,0.0185,63.91,2.93,158.0,166.4,0.880,0.108,
1791427663.2628002,0.5695,0.7006,0.8030,0.6350,0.5695,0.7538,0.7006,0.5695,0.7006,0.2991,0.1557,0.4998,0.4998,0.0369,0.0082,0.0574,0.0574,0.4270,0.6475,,0.2205,,63.96,2.93,158.2,166.5,0.897,0.108,
1791427663.2959096,0.6350,0.7006,0.7006,0.6350,0.5695,0.7006,0.7538,0.7006,0.6350,0.2458,0.2458,0.5695,0.5695,0.0205,0.0205,0.0410,0.0410,0.4250,0.6470,0.6660,0.2220,0.0190,63.76,2.93,158.3,166.0,0.927,0.109,
1791427663.3297303,0.4998,0.6350,0.7538,0.4998,0.6350,0.7538,0.6350,0.5695,0.6350,0.1229,0.2458,0.5695,0.5695,0.0123,0.0082,0.0164,0.0123,0.4270,0.6475,0.6640,0.2205,0.0165,63.79,2.85,157.5,166.2,0.923,0.109,
1791427663.3686714,0.5695,0.8440,0.8440,0.6350,0.4998,0.6350,0.5695,0.3646,0.7538,0.0942,0.1229,0.5695,0.5695,0.0574,0.0123,0.0410,0.0369,0.4270,0.6470,0.6670,0.2200,0.0200,63.92,2.91,157.0,165.3,0.913,0.108,
1791427663.4006317,0.5695,0.4998,0.8030,0.6350,0.5695,0.5695,0.7538,0.7006,0.6350,0.0942,0.1557,0.5695,0.2991,0.0205,0.0082,0.0164,0.0369,0.4270,0.6470,,0.2200,,63.69,2.91,157.3,164.9,,0.109,
1791427663.4324174,0.4998,0.6350,0.8030,0.5695,0.5695,0.8030,0.7006,0.7006,0.4998,0.2458,0.4302,0.4998,0.4302,0.0369,0.0164,0.0369,0.0369,0.4270,0.6475,,0.2205,,63.31,2.89,158.1,165.7,0.923,0.111,1.489
1791427663.4642868,0.3646,0.8030,0.6350,0.5695,0.6350,0.8030,0.7538,0.5695,0.7538,0.0942,0.1966,0.5695,0.5695,0.0737,0.0369,0.0410,0.0410,0.4270,0.6475,0.6670,0.2205,0.0195,63.55,2.93,158.0,167.0,0.900,0.110,
1791427663.4959755,0.5695,0.8767,0.5695,0.7538,0.4302,0.7538,0.5695,0.5695,0.4998,0.0737,0.2458,0.6350,0.5695,0.0205,0.0205,0.0205,0.0410,0.4250,0.6455,0.6640,0.2205,0.0185,63.20,2.92,156.9,166.0,0.927,0.111,
1791427663.5296068,0.4998,0.7538,0.8440,0.5695,0.5695,0.7538,0.5695,0.5695,0.7538,0.1557,0.0942,0.4998,0.5695,0.0123,0.0574,0.0205,0.0369,0.4270,0.6470,,0.2200,,63.25,2.90,157.5,166.7,0.940,0.111,
1791427663.5630999,0.4302,0.7006,0.6350,0.5695,0.6350,0.7006,0.7538,0.3646,0.8440,0.0942,0.0574,0.5695,0.5695,0.0574,0.0205,0.0369,0.0369,0.4270,0.6470,0.6620,0.2200,0.0150,63.48,2.81,157.7,167.2,0.891,0.110,
1791427663.5957375,0.4998,0.7538,0.8767,0.4302,0.4998,0.4998,0.4998,0.5695,0.3646,0.0410,0.3646,0.4998,0.4302,0.0942,0.0246,0.0164,0.0574,0.4260,0.6490,,0.2230,,63.91,2.78,155.8,168.0,0.860,0.108,1.348
1791427663.630482,0.5695,0.9054,0.6350,0.5695,0.4998,0.5695,0.7006,0.3646,0.6350,0.0574,0.0410,0.5695,0.6350,0.0205,0.0123,0.0369,0.0574,0.4270,0.6480,0.6660,0.2210,0.0180,64.02,2.81,,168.0,0.872,0.108,
1791427663.6711266,0.4998,0.6350,0.5695,0.7538,0.7006,0.6350,0.6350,0.5695,0.7006,0.0942,0.2458,0.4998,0.4998,0.0205,0.0369,0.0164,0.0369,0.4270,0.6470,,0.2200,,63.34,2.78,,168.0,0.973,0.111,
1791427663.7030168,0.5695,0.7538,0.7538,0.5695,0.7006,0.6350,0.6350,0.4998,0.5695,0.0737,0.2991,0.6350,0.4302,0.0410,0.0369,0.0410,0.0369,0.4270,0.6465,,0.2195,,63.50,2.77,,167.4,0.967,0.110,
1791427663.7354245,0.6350,0.8440,0.7006,0.6350,0.4998,0.7006,0.7006,0.6350,0.8030,0.2991,0.0737,0.4998,0.5695,0.0410,0.0205,0.0410,0.0410,0.4270,0.6475,,0.2205,,63.70,2.77,,167.9,0.920,0.109,
1791427663.7667186,0.8030,0.4998,0.8440,0.4998,0.6350,0.5695,0.5695,0.5695,0.4998,0.2458,0.2458,0.5695,0.4302,0.0737,0.0246,0.0205,0.0369,0.4270,0.6470,,0.2200,,63.38,2.78,,168.3,0.923,0.110,
1791427663.798549,0.6350,0.9054,0.8440,0.5695,0.6350,0.5695,0.7006,0.7006,0.4302,0.2458,0.0942,0.4998,0.4302,0.0574,0.0082,0.0246,0.0369,0.4270,0.6470,,0.2200,,63.53,2.79,,168.7,0.919,0.110,
1791427663.830805,0.6350,0.8440,0.9054,0.5695,0.3646,0.7006,0.7538,0.7538,0.8030,0.4998,0.3646,0.4998,0.4302,0.0164,0.0246,0.0369,0.0369,0.4270,0.6465,,0.2195,,63.30,2.84,158.3,168.3,0.869,0.111,1.425
1791427663.8627846,0.4998,0.6350,0.4998,0.6350,0.6350,0.8030,0.8030,0.5695,0.7538,0.0737,0.2991,0.5695,0.4998,0.0369,0.0082,0.0205,0.0369,0.4270,0.6470,,0.2200,,63.19,2.83,157.4,169.0,0.931,0.111,
1791427663.896179,0.5695,0.8440,0.7538,0.5695,0.7006,0.7006,0.6350,0.7006,0.5695,0.0942,0.2991,0.4302,0.5695,0.0942,0.0574,0.0410,0.0410,0.4270,0.6470,,0.2200,,63.04,2.83,158.0,168.9,0.918,0.112,
1791427663.9293416,0.4998,0.6350,0.8767,0.7006,0.7006,0.6350,0.8030,0.4998,0.6350,0.1557,0.1557,0.4998,0.4998,0.0574,0.0410,0.0205,0.0410,0.4260,0.6470,,0.2210,,62.95,2.81,158.1,168.9,0.939,0.113,
1791427663.9636643,0.6350,0.6350,0.6350,0.7538,0.4998,0.8767,0.8030,0.5695,0.5695,0.0942,0.0737,0.4998,0.5695,0.0410,0.0246,0.0205,0.0410,0.4290,0.6480,,0.2190,,63.15,2.81,157.7,169.3,0.872,0.111,
1791427663.996084,0.7006,0.7006,0.8440,0.4998,0.6350,0.5695,0.7006,0.6350,0.5695,0.0574,0.2458,0.4998,0.5695,0.0737,0.0574,0.0164,0.0369,0.4270,0.6475,,0.2205,,62.89,2.80,157.6,168.0,0.916,0.113,
1791427664.0360882,0.5695,0.4302,0.7538,0.5695,0.4302,0.8030,0.7006,0.4302,0.7538,0.0942,0.2991,0.5695,0.5695,0.0737,0.0164,0.0369,0.0574,0.4270,0.6470,0.6660,0.2200,0.0190,63.00,2.85,157.3,167.8,0.884,0.112,
1791427664.068362,0.6350,0.5695,0.8440,0.5695,0.5695,0.7006,0.7006,0.4998,0.3646,0.3646,0.0574,0.5695,0.5695,0.0574,0.0574,0.0410,0.0410,0.4270,0.6475,0.6650,0.2205,0.0175,63.24,2.81,158.5,166.8,0.942,0.111,1.444
1791427664.099894,0.7006,0.7006,0.7538,0.6350,0.6350,0.8030,0.6350,0.4302,0.7538,0.4998,0.3646,0.2991,0.3646,0.0369,0.0082,0.0164,0.0410,0.4270,0.6470,,0.2200,,63.50,2.80,158.9,166.9,,0.110,1.517
1791427664.1314363,0.5695,0.7006,0.8030,0.6350,0.6350,0.5695,0.5695,0.5695,0.8030,0.3646,0.0942,0.5695,0.4998,0.0369,0.0369,0.0164,0.0164,0.4270,0.6470,,0.2200,,63.62,2.81,158.9,167.3,0.922,0.109,1.416
1791427664.164169,0.7006,0.7006,0.8767,0.6350,0.8030,0.5695,0.7006,0.6350,0.5695,0.1557,0.1966,0.4998,0.6350,0.0574,0.0369,0.0369,0.0369,0.4270,0.6460,,0.2190,,63.70,2.86,158.5,168.1,0.893,0.109,
1791427664.1984086,0.6350,0.8440,0.7538,0.7006,0.7006,0.7006,0.8030,0.5695,0.5695,0.4302,0.0942,0.7006,0.5695,0.0205,0.0205,0.0369,0.0369,0.4270,0.6470,0.6640,0.2200,0.0170,63.86,2.78,159.3,168.2,0.980,0.108,1.498
1791427664.2306483,0.7538,0.7538,0.7006,0.7006,0.6350,0.5695,0.8030,0.5695,0.7006,0.4998,0.2991,0.4998,0.4998,0.0410,0.0410,0.0123,0.0246,0.4270,0.6475,,0.2205,,64.07,2.75,159.3,168.6,0.951,0.107,1.435
1791427664.2639654,0.6350,0.5695,0.8767,0.5695,0.7006,0.6350,0.7006,0.4998,0.7538,0.0574,0.2458,0.4998,0.4302,0.0246,0.0574,0.0410,0.0369,0.4270,0.6470,,0.2200,,64.22,2.76,158.5,169.0,0.926,0.106,
1791427664.296895,0.3646,0.8440,0.8440,0.5695,0.6350,0.7006,0.8030,0.6350,0.6350,0.0574,0.3646,0.4998,0.4998,0.0369,0.0574,0.0246,0.0123,0.4270,0.6470,,0.2200,,64.20,2.76,156.7,168.8,0.931,0.106,1.480
1791427664.3309247,0.4302,0.8440,0.8440,0.5695,0.6350,0.4998,0.6350,0.5695,0.6350,0.2458,0.0574,0.4998,0.3646,0.0205,0.0737,0.0164,0.0369,0.4230,0.6475,,0.2245,,64.28,2.75,157.2,168.6,0.917,0.106,
1791427664.3692932,0.6350,0.8440,0.7538,0.7006,0.5695,0.7006,0.8030,0.5695,0.5695,0.5695,0.2991,0.4998,0.5695,0.0410,0.0369,0.0246,0.0369,0.4250,0.6475,,0.2225,,64.44,2.74,157.8,168.0,0.939,0.106,1.477
1791427664.4009943,0.7538,0.8030,0.8767,0.4998,0.4998,0.7006,0.8440,0.5695,0.8030,0.6350,0.0942,0.4998,0.3646,0.0205,0.0942,0.0410,0.0164,0.4330,0.6465,,0.2135,,64.25,2.75,158.4,168.2,0.943,0.106,1.414
1791427664.432562,0.2991,0.6350,0.7538,0.7006,0.6350,0.5695,0.6350,0.6350,0.6350,0.0942,0.2991,0.4998,0.4998,0.0574,0.0574,0.0164,0.0369,,0.6475,,,,64.25,2.75,157.8,168.6,0.899,0.106,
1791427664.464509,0.4302,0.9054,0.8440,0.6350,0.5695,0.5695,0.6350,0.5695,0.4302,0.1966,0.0737,0.5695,0.4998,0.0369,0.0164,0.0410,0.0410,0.4270,0.6475,,0.2205,,64.80,2.73,157.4,168.3,0.943,0.103,
1791427664.4977052,0.4998,0.6350,0.7538,0.6350,0.5695,0.6350,0.5695,0.7006,0.7538,0.3646,0.0942,0.4998,0.5695,0.0164,0.0164,0.0369,0.0369,0.4270,0.6470,,0.2200,,64.82,2.72,157.9,168.6,0.967,0.103,1.441
1791427664.530329,0.5695,0.7538,0.7538,0.7538,0.7006,0.8030,0.6350,0.5695,0.4998,0.1557,0.2991,0.4998,0.4998,0.0369,0.0246,0.0410,0.0574,0.4260,0.6480,,0.2220,,65.19,2.70,157.7,169.1,0.928,0.102,
1791427664.564931,0.4998,0.7006,0.7006,0.6350,0.4302,0.7538,0.7006,0.6350,0.4998,0.1557,0.2458,0.4998,0.3646,0.0410,0.0205,0.0574,0.0123,0.4270,0.6465,,0.2195,,65.04,2.73,158.6,169.1,0.919,0.102,
1791427664.5968988,0.7006,0.7006,0.8440,0.7006,0.5695,0.7538,0.7538,0.4998,0.6350,0.2458,0.0574,0.2991,0.2991,0.0574,0.0410,0.0369,0.0369,0.4270,0.6470,,0.2200,,65.06,2.74,159.7,169.1,,0.102,
1791427664.6299245,0.5695,0.4302,0.6350,0.5695,0.5695,0.4998,0.5695,0.5695,0.5695,0.1229,0.2458,0.2991,0.3646,0.0369,0.0164,0.0369,0.0246,0.4270,0.6470,,0.2200,,65.37,2.76,158.2,169.1,,0.101,
1791427664.6635742,0.6350,0.7006,0.8767,0.6350,0.5695,0.7006,0.6350,0.4302,0.6350,0.1966,0.0737,0.4998,0.4998,0.0246,0.0082,0.0369,0.0369,0.4270,0.6470,,0.2200,,65.90,2.76,157.8,168.9,0.931,0.098,
1791427664.7031195,0.6350,0.6350,0.8030,0.7006,0.5695,0.6350,0.7006,0.5695,0.7538,0.1229,0.3646,0.4998,0.5695,0.0369,0.0369,0.0205,0.0410,0.4260,0.6485,,0.2225,,66.19,2.75,157.6,170.1,0.879,0.097,1.324
1791427664.7346845,0.3646,0.6350,0.6350,0.6350,0.5695,0.7006,0.5695,0.7006,0.3646,0.3646,0.1557,0.4998,0.4998,0.0246,0.0164,0.0123,0.0369,0.4260,0.6465,,0.2205,,66.07,,158.2,170.2,0.936,0.098,1.512
1791427664.7669835,0.4998,0.7006,0.8440,0.6350,0.5695,0.6350,0.8030,0.7006,0.5695,0.3646,0.1966,0.5695,0.4302,0.0574,0.0205,0.0205,0.0246,0.4250,0.6475,,0.2225,,66.17,,158.3,170.6,0.978,0.098,1.460
1791427664.7976935,0.4998,0.7538,0.6350,0.5695,0.4302,0.7538,0.7538,0.6350,0.6350,0.0737,0.1557,0.6350,0.5695,0.0410,0.0369,0.0737,0.0369,0.4290,0.6465,0.6670,0.2175,0.0205,66.17,2.77,158.1,170.1,0.986,0.097,
1791427664.8307774,0.4302,0.8440,0.7006,0.5695,0.5695,0.6350,0.7006,0.5695,0.7006,0.1966,0.2458,0.5695,0.4998,0.0369,0.0205,0.0410,0.0369,0.4220,0.6465,,0.2245,,65.64,2.79,158.0,168.9,0.941,0.100,
1791427664.8653128,0.4302,0.7006,0.7538,0.5695,0.4998,0.7006,0.6350,0.7006,0.7538,0.4302,0.1229,0.4998,0.2991,0.0246,0.0369,0.0246,0.0369,0.4250,0.6470,,0.2220,,65.89,2.83,157.8,169.1,,0.099,1.352
1791427664.897244,0.7538,0.8440,0.6350,0.6350,0.4302,0.7538,0.7538,0.4302,0.7006,0.2458,0.1966,0.5695,0.4998,0.0942,0.0410,0.0574,0.0369,0.4250,0.6470,,0.2220,,65.73,2.84,157.8,169.7,0.915,0.100,
1791427664.930726,0.5695,0.7006,0.8030,0.5695,0.5695,0.7006,0.8030,0.6350,0.4302,0.1557,0.0737,0.4998,0.4302,0.0369,0.0082,0.0369,0.0369,0.4250,0.6470,,0.2220,,65.65,2.87,157.8,169.7,0.872,0.100,
1791427664.964345,0.5695,0.8030,0.8030,0.5695,0.7538,0.5695,0.6350,0.4302,0.7006,0.3646,0.2458,0.6350,0.4998,0.0369,0.0246,0.0164,0.0574,0.4270,0.6480,,0.2210,,66.08,2.84,157.8,169.8,0.913,0.098,1.469
1791427665.0037365,0.7006,0.7538,0.7006,0.5695,0.4998,0.6350,0.8030,0.7006,0.4998,0.1557,0.1557,0.6350,0.4998,0.0369,0.0246,0.0123,0.0410,0.4240,0.6475,,0.2235,,66.20,2.87,157.0,169.6,0.860,0.098,
1791427665.0353186,0.6350,0.8030,0.7006,0.5695,0.6350,0.7006,0.7006,0.3646,0.7006,0.3646,0.2458,0.4998,0.4998,0.0205,0.0205,0.0410,0.0574,0.4260,0.6470,,0.2210,,66.04,2.83,158.5,170.3,0.973,0.099,1.499
1791427665.067049,0.6350,0.7006,0.5695,0.4998,0.7006,0.6350,0.6350,0.5695,0.7538,0.0942,0.2991,0.5695,0.4302,0.0246,0.0082,0.0410,0.0410,0.4320,0.6475,,0.2155,,66.45,2.85,158.4,170.4,0.880,0.096,
1791427665.0986428,0.7006,0.3646,0.4998,0.6350,0.6350,0.6350,0.5695,0.5695,0.7538,0.0574,0.0737,0.6350,0.4998,0.0205,0.0369,0.0205,0.0369,0.4270,0.6470,,0.2200,,66.38,2.88,156.3,170.3,0.876,0.096,
1791427665.1313133,0.3646,0.7538,0.6350,0.6350,0.5695,0.6350,0.4998,0.6350,0.6350,0.3646,0.2458,0.4998,0.4998,0.0369,0.0246,0.0737,0.0574,0.4260,0.6470,,0.2210,,66.77,2.88,156.8,170.4,0.917,0.095,1.422
1791427665.165731,0.5695,0.4998,0.7006,0.5695,0.6350,0.7006,0.7006,0.6350,0.5695,0.4302,0.0737,0.6350,0.4998,0.0164,0.0082,0.0123,0.0369,0.4240,0.6475,,0.2235,,67.00,2.86,157.5,169.4,0.925,0.094,1.457
1791427665.1981285,0.4998,0.7538,0.7006,0.5695,0.6350,0.6350,0.7006,0.7538,0.5695,0.4998,0.2991,0.4998,0.4998,0.0737,0.0574,0.0410,0.0410,0.4260,0.6460,,0.2200,,67.05,2.88,158.3,169.6,0.926,0.094,1.414
1791427665.2311378,0.4998,0.7538,0.7538,0.6350,0.7538,0.8440,0.7006,0.4302,0.8030,0.2458,0.2458,0.5695,0.4998,0.0123,0.0369,0.0164,0.0369,0.4260,0.6475,,0.2215,,67.12,2.86,158.8,,0.930,0.093,
1791427665.2649202,0.5695,0.7538,0.8030,0.4302,0.4302,0.8767,0.6350,0.7006,0.7006,0.1966,0.2458,0.6350,0.4302,0.0942,0.0205,0.0410,0.0164,0.4280,0.6475,,0.2195,,66.94,2.84,158.0,,0.926,0.094,
1791427665.3047125,0.7538,0.7538,0.8030,0.4998,0.6350,0.6350,0.7538,0.5695,0.6350,0.3646,0.1557,0.5695,0.4998,0.0410,0.0205,0.0410,0.0246,0.4270,0.6470,,0.2200,,66.76,2.81,158.3,,0.977,0.095,1.497
1791427665.3362935,0.6350,0.7538,0.7538,0.7006,0.3646,0.7006,0.6350,0.5695,0.6350,0.1966,0.1966,0.4998,0.5695,0.0369,0.0246,0.0164,0.0369,0.4260,0.6470,,0.2210,,66.84,,158.8,,0.957,0.094,
1791427665.3681548,0.5695,0.7006,0.6350,0.4998,0.6350,0.8030,0.7538,0.6350,0.7006,0.0942,0.2458,0.4998,0.4998,0.0164,0.0574,0.0123,0.0123,0.4240,0.6470,,0.2230,,66.64,,158.1,,0.914,0.096,
1791427665.3987226,0.5695,0.7006,0.7006,0.7538,0.5695,0.4998,0.7006,0.6350,0.6350,0.2458,0.4302,0.7006,0.5695,0.0410,0.0574,0.0123,0.0369,0.4240,0.6465,0.6670,0.2225,0.0205,66.11,2.91,157.9,169.7,0.889,0.098,1.412
1791427665.4308522,0.6350,0.8440,0.6350,0.4998,0.5695,0.7538,0.7006,0.4302,0.7538,0.1229,0.4302,0.4998,0.3646,0.0942,0.0369,0.0410,0.0410,0.4270,0.6475,,0.2205,,66.25,2.91,157.5,170.4,0.892,0.097,1.387
1791427665.4650972,0.5695,0.6350,0.5695,0.7006,0.6350,0.6350,0.8030,0.6350,0.7538,0.1229,0.1557,0.4998,0.4302,0.0574,0.0369,0.0369,0.0369,0.4270,0.6480,,0.2210,,66.25,2.90,157.1,170.3,0.883,0.097,
1791427665.4987266,0.3646,0.4998,0.9054,0.6350,0.6350,0.6350,0.5695,0.4998,0.4302,0.2458,0.3646,0.5695,0.5695,0.0737,0.0246,0.0164,0.0246,0.4250,0.6480,0.6640,0.2230,0.0160,66.03,2.82,157.0,170.2,0.921,0.099,1.434
1791427665.531945,0.7006,0.7538,0.5695,0.4998,0.5695,0.6350,0.6350,0.6350,0.6350,0.2991,0.3646,0.5695,0.5695,0.0410,0.0369,0.0574,0.0205,0.4250,0.6470,0.6660,0.2220,0.0190,65.77,2.83,158.1,170.9,0.941,0.100,1.481
1791427665.5652764,0.5695,0.8030,0.6350,0.7006,0.4302,0.7006,0.7006,0.3646,0.7006,0.2991,0.4302,0.4998,0.5695,0.0574,0.0205,0.0164,0.0369,0.4310,0.6480,,0.2170,,66.23,2.85,158.2,170.3,0.859,0.097,1.380
1791427665.6049068,0.5695,0.6350,0.7006,0.6350,0.4998,0.8440,0.7006,0.6350,0.7538,0.3646,0.2991,0.6350,0.5695,0.0942,0.0123,0.0164,0.0164,0.4250,0.6475,0.6630,0.2225,0.0155,65.87,2.72,158.5,170.7,0.978,0.099,1.486
1791427665.6364563,0.4998,0.4998,0.8440,0.6350,0.3646,0.7006,0.7006,0.5695,0.6350,0.2458,0.0737,0.6350,0.2458,0.0574,0.0164,0.0369,0.0246,0.4250,0.6475,,0.2225,,66.00,2.72,158.4,170.3,,0.099,
1791427665.6685345,0.3646,0.7006,0.8767,0.6350,0.4998,0.6350,0.7538,0.4302,0.6350,0.0942,0.0737,0.4998,0.4998,0.0574,0.0246,0.0164,0.0369,0.4240,0.6475,,0.2235,,66.32,2.75,157.2,170.1,0.875,0.097,
1791427665.6999602,0.4998,0.7538,0.7538,0.5695,0.5695,0.7006,0.6350,0.5695,0.7538,0.4302,0.0942,0.5695,0.4998,0.0369,0.0164,0.0574,0.0369,0.4250,0.6465,,0.2215,,66.25,2.78,157.9,170.0,0.906,0.098,1.444
1791427665.732657,0.4998,0.5695,0.8767,0.7006,0.5695,0.6350,0.7538,0.5695,0.4998,0.2991,0.1557,0.5695,0.5695,0.0574,0.0574,0.0369,0.0410,0.4280,0.6475,0.6650,0.2195,0.0175,66.12,2.75,158.3,170.3,0.956,0.098,
1791427665.7657006,0.4998,0.7538,0.8767,0.7006,0.5695,0.8030,0.7538,0.6350,0.7538,0.2991,0.1966,0.5695,0.5695,0.0246,0.0082,0.0246,0.0369,0.4250,0.6480,0.6690,0.2230,0.0210,65.93,2.84,158.5,170.3,0.934,0.099,
1791427665.7987878,0.4998,0.4302,0.8767,0.4998,0.5695,0.7006,0.5695,0.7006,0.2991,0.1229,0.3646,0.4998,0.4302,0.0369,0.0164,0.0123,0.0369,0.4270,0.6475,,0.2205,,66.46,2.86,158.5,169.7,0.892,0.096,1.407
1791427665.8322926,0.4302,0.4998,0.7538,0.6350,0.4998,0.5695,0.8440,0.6350,0.6350,0.1557,0.1966,0.5695,0.5695,0.0410,0.0246,0.0410,0.0410,0.4260,0.6480,0.6640,0.2220,0.0160,66.25,2.79,157.8,168.4,0.917,0.097,
1791427665.8664973,0.6350,0.6350,0.4998,0.7538,0.5695,0.8030,0.5695,0.6350,0.4998,0.1557,0.2991,0.4998,0.4998,0.0123,0.0369,0.0369,0.0410,0.4250,0.6470,,0.2220,,66.19,2.84,157.2,167.8,0.865,0.098,
1791427665.8982174,0.5695,0.5695,0.6350,0.6350,0.5695,0.6350,0.8030,0.2458,0.7538,0.1966,0.2458,0.5695,0.5695,0.0574,0.0369,0.0369,0.0123,0.4250,0.6470,0.6640,0.2220,0.0170,66.17,2.78,157.5,167.2,0.946,0.098,
1791427665.9327428,0.3646,0.7538,0.8767,0.7006,0.4302,0.7538,0.6350,0.5695,0.7538,0.1229,0.1557,0.4998,0.2991,0.0410,0.0123,0.0246,0.0410,0.4280,0.6465,,0.2185,,65.75,2.79,158.2,167.5,,0.100,
1791427665.970466,0.4998,0.8767,0.7538,0.5695,0.6350,0.4998,0.5695,0.5695,0.7538,0.1557,0.2458,0.4998,0.2458,0.0737,0.0164,0.0574,0.0369,0.4250,0.6465,,0.2215,,65.68,2.79,158.1,168.3,,0.100,
1791427666.0022829,0.4302,0.5695,0.7006,0.6350,0.4998,0.5695,0.7006,0.7006,0.8030,0.1229,0.3646,0.5695,0.4998,0.0410,0.0123,0.0410,0.0369,0.4220,0.6470,,0.2250,,65.94,2.80,158.5,169.2,0.913,0.099,1.405
1791427666.0343335,0.7006,0.4998,0.8767,0.7006,0.4998,0.8440,0.6350,0.6350,0.7538,0.5695,0.2458,0.5695,0.5695,0.0410,0.0369,0.0737,0.0369,0.4280,0.6455,0.6640,0.2175,0.0185,65.32,2.78,159.3,169.2,0.982,0.102,1.503
1791427666.0659642,0.5695,0.4998,0.6350,0.6350,0.5695,0.7538,0.7538,0.7006,0.7006,0.1557,0.1557,0.4302,0.4302,0.0574,0.0246,0.0205,0.0123,0.4270,0.6465,,0.2195,,65.13,2.84,159.3,169.1,0.845,0.102,
1791427666.0990446,0.5695,0.6350,0.6350,0.5695,0.4998,0.5695,0.7538,0.7006,0.5695,0.0942,0.1966,0.4998,0.3646,0.0410,0.0737,0.0410,0.0410,0.4260,0.6470,,0.2210,,65.46,2.82,159.0,168.1,0.948,0.101,
1791427666.1328871,0.6350,0.8767,0.8030,0.4998,0.5695,0.6350,0.6350,0.5695,0.4302,0.0942,0.1229,0.6350,0.4998,0.0410,0.0369,0.0574,0.0574,0.4270,0.6470,,0.2200,,66.13,2.80,158.7,167.6,0.944,0.098,
1791427666.1655521,0.5695,0.7538,0.6350,0.5695,0.7006,0.7006,0.7538,0.5695,0.4302,0.0574,0.1966,0.6350,0.4998,0.0205,0.0205,0.0205,0.0205,0.4270,0.6475,,0.2205,,66.37,2.77,155.8,168.3,0.934,0.097,
1791427666.1993353,0.5695,0.6350,0.5695,0.4998,0.4998,0.6350,0.7006,0.6350,0.4998,0.2458,0.2458,0.4998,0.5695,0.0574,0.0164,0.0246,0.0369,0.4270,0.6470,,0.2200,,66.27,2.75,155.7,168.5,0.960,0.097,
1791427666.2388952,0.7006,0.7006,0.6350,0.6350,0.5695,0.7006,0.6350,0.6350,0.5695,0.0574,0.2458,0.4998,0.4998,0.0410,0.0574,0.0205,0.0410,0.4250,0.6470,,0.2220,,66.54,2.75,153.5,168.6,0.936,0.096,
1791427666.2712746,0.4998,0.8030,0.7006,0.5695,0.6350,0.7006,0.6350,0.6350,0.5695,0.1229,0.2458,0.4998,0.4998,0.0410,0.0369,0.0164,0.0369,0.4250,0.6470,,0.2220,,66.53,2.73,153.9,168.9,0.961,0.096,
1791427666.302804,0.5695,0.8030,0.5695,0.7006,0.5695,0.7538,0.7006,0.4998,0.7006,0.1229,0.1557,0.5695,0.4998,0.0246,0.0082,0.0164,0.0369,0.4230,0.6455,,0.2225,,66.39,2.77,153.8,168.6,0.953,0.097,
1791427666.3340604,0.3646,0.4302,0.7538,0.6350,0.4998,0.7006,0.6350,0.5695,0.7006,0.1966,0.0942,0.6350,0.4998,0.0410,0.0123,0.0410,0.0410,0.4250,0.6475,,0.2225,,66.38,2.77,154.4,167.3,0.891,0.097,
1791427666.3654912,0.6350,0.7538,0.7538,0.7538,0.5695,0.7538,0.7006,0.5695,0.5695,0.3646,0.2991,0.4302,0.5695,0.0246,0.0082,0.0574,0.0369,0.4240,0.6470,,0.2230,,66.28,2.76,155.6,166.7,0.948,0.097,1.454
1791427666.3997748,0.4302,0.7538,0.7006,0.8030,0.5695,0.7538,0.6350,0.7006,0.2991,0.1966,0.1966,0.4998,0.4302,0.0574,0.0164,0.0246,0.0369,0.4270,0.6460,,0.2190,,65.93,2.74,156.4,166.9,1.010,0.099,
1791427666.4333942,0.4302,0.7538,0.4998,0.6350,0.7006,0.7538,0.6350,0.4998,0.5695,0.1229,0.2991,0.4998,0.4998,0.0369,0.0123,0.0410,0.0410,0.4250,0.6465,,0.2215,,65.96,2.74,157.0,166.3,0.961,0.099,
1791427666.466732,0.4302,0.5695,0.6350,0.6350,0.5695,0.8030,0.6350,0.4998,0.3646,0.2458,0.2991,0.5695,0.4998,0.0410,0.0410,0.0369,0.0410,0.4270,0.6475,,0.2205,,65.94,2.74,156.7,167.6,0.908,0.099,
1791427666.4988558,0.7006,0.5695,0.6350,0.7006,0.5695,0.5695,0.7006,0.4998,0.2991,0.1229,0.1966,0.6350,0.4302,0.0205,0.0369,0.0574,0.0369,0.4240,0.6470,,0.2230,,65.87,2.73,157.0,168.0,0.965,0.099,
1791427666.5334466,0.4998,0.6350,0.5695,0.5695,0.5695,0.7538,0.6350,0.8030,0.4998,0.0942,0.3646,0.6350,0.4998,0.0574,0.0246,0.0164,0.0574,0.4250,0.6470,,0.2220,,65.66,2.69,157.6,169.6,1.005,0.100,1.482
1791427666.5720718,0.4302,0.7006,0.5695,0.6350,0.6350,0.6350,0.7538,0.7006,0.7538,0.5695,0.0942,0.7006,0.4302,0.0574,0.0246,0.0410,0.0410,0.4260,0.6470,,0.2210,,65.96,,158.0,169.6,0.967,0.099,1.493
1791427666.6034257,0.4998,0.7006,0.6350,0.5695,0.5695,0.5695,0.7006,0.5695,0.5695,0.0737,0.0737,0.6350,0.4998,0.0369,0.0205,0.0369,0.0369,0.4270,0.6465,,0.2195,,65.80,,157.9,169.7,0.940,0.099,
1791427666.6365824,0.7006,0.6350,0.6350,0.7006,0.7006,0.7006,0.8440,0.6350,0.5695,0.4302,0.2458,0.5695,0.4302,0.0574,0.0164,0.0123,0.0123,0.4220,0.6475,,0.2255,,65.72,,158.6,170.3,0.943,0.100,1.480
1791427666.666815,0.4302,0.7538,0.7538,0.6350,0.3646,0.7538,0.7538,0.5695,0.4302,0.0574,0.1557,0.5695,0.4998,0.0410,0.0246,0.0164,0.0369,0.4240,0.6470,,0.2230,,65.40,,157.3,170.2,0.956,0.102,
1791427666.6995265,0.4998,0.5695,0.8030,0.4998,0.6350,0.5695,0.4302,0.6350,0.6350,0.3646,0.1557,0.4302,0.3646,0.0369,0.0246,0.0164,0.0369,0.4270,0.6470,,0.2200,,65.51,,158.0,168.3,0.936,0.101,1.441
1791427666.732731,0.6350,0.6350,0.7538,0.5695,0.7006,0.5695,0.6350,0.3646,0.4998,0.3646,0.1229,0.6350,0.4302,0.0410,0.0205,0.0205,0.0164,0.4250,0.6470,,0.2220,,65.35,,158.1,168.6,0.923,0.102,1.452
1791427666.767333,0.4998,0.7538,0.7006,0.6350,0.5695,0.6350,0.7006,0.4998,0.5695,0.0737,0.1557,0.3646,0.3646,0.0205,0.0369,0.0410,0.0410,0.4250,0.6480,,0.2230,,65.86,,157.8,169.2,0.913,0.100,
1791427666.8005571,0.7538,0.7006,0.5695,0.8030,0.7006,0.7006,0.8440,0.6350,0.7538,0.0942,0.1557,0.4998,0.2991,0.0737,0.0082,0.0369,0.0369,0.4250,0.6470,,0.2220,,65.57,,157.6,169.9,,0.101,
1791427666.833824,0.4998,0.8030,0.8030,0.7006,0.4998,0.6350,0.7538,0.5695,0.7538,0.1229,0.1229,0.7006,0.4998,0.0410,0.0123,0.0574,0.0369,0.4250,0.6475,,0.2225,,65.74,,156.2,169.9,0.908,0.100,
1791427666.8726277,0.4998,0.6350,0.7538,0.5695,0.4302,0.5695,0.7538,0.5695,0.6350,0.0942,0.3646,0.6350,0.5695,0.0410,0.0410,0.0574,0.0369,0.4260,0.6460,0.6650,0.2200,0.0190,65.93,2.77,155.5,170.0,0.876,0.099,1.362
1791427666.9046643,0.5695,0.5695,0.8767,0.7006,0.4998,0.7006,0.6350,0.6350,0.4302,0.0574,0.0942,0.3646,0.2991,0.0369,0.0246,0.0164,0.0246,0.4280,0.6465,,0.2185,,65.80,2.82,154.8,170.2,,0.099,
1791427666.9357255,0.4302,0.5695,0.7006,0.5695,0.5695,0.7006,0.7006,0.7006,0.6350,0.1229,0.1966,0.4998,0.4998,0.0574,0.0369,0.0164,0.0369,0.4270,0.6480,,0.2210,,65.92,2.83,155.0,170.3,0.837,0.099,
1791427666.9684775,0.4998,0.6350,0.7538,0.7006,0.7006,0.7006,0.7538,0.6350,0.7538,0.3646,0.1557,0.5695,0.5695,0.0574,0.0123,0.0369,0.0410,0.4280,0.6460,0.6650,0.2180,0.0190,65.59,2.88,155.7,170.5,0.889,0.100,1.403
1791427667.0003173,0.4302,0.6350,0.8440,0.7006,0.5695,0.7538,0.6350,0.4302,0.6350,0.0942,0.2458,0.6350,0.5695,0.0574,0.0205,0.0369,0.0369,0.4280,0.6475,0.6660,0.2195,0.0185,65.69,2.89,155.0,170.8,0.896,0.099,
1791427667.0338006,0.6350,0.7006,0.8030,0.7006,0.6350,0.6350,0.7538,0.4998,0.7006,0.0737,0.2458,0.5695,0.5695,0.0410,0.0205,0.0205,0.0369,0.4300,0.6475,0.6700,0.2175,0.0225,65.27,3.01,156.3,171.1,0.928,0.101,
1791427667.066276,0.4998,0.6350,0.8030,0.5695,0.5695,0.8030,0.6350,0.4302,0.7006,0.4998,0.1966,0.6350,0.4998,0.0737,0.0369,0.0574,0.0369,0.4250,0.6465,,0.2215,,64.93,3.03,157.1,169.1,0.910,0.103,1.451
1791427667.1002486,0.7006,0.4302,0.8440,0.5695,0.5695,0.5695,0.7538,0.5695,0.4302,0.1966,0.1557,0.4998,0.4998,0.0205,0.0164,0.0123,0.0164,0.4270,0.6475,,0.2205,,65.39,3.02,157.8,169.2,0.896,0.101,
1791427667.13437,0.6350,0.6350,0.6350,0.6350,0.4998,0.6350,0.6350,0.6350,0.7006,0.1557,0.4302,0.5695,0.4998,0.0410,0.0082,0.0164,0.0369,0.4260,0.6465,,0.2205,,65.86,3.01,157.2,170.0,0.939,0.099,1.410
1791427667.1667056,0.4998,0.7006,0.8030,0.4998,0.4998,0.8030,0.8030,0.7006,0.5695,0.0737,0.2991,0.5695,0.5695,0.0246,0.0246,0.0164,0.0410,0.4250,0.6470,0.6670,0.2220,0.0200,65.89,3.03,157.2,170.6,0.917,0.099,
1791427667.2000806,0.7006,0.8440,0.8440,0.6350,0.3646,0.7006,0.7538,0.6350,0.4998,0.0942,0.2991,0.4302,0.4998,0.0205,0.0369,0.0369,0.0369,0.4260,0.6470,,0.2210,,66.10,3.04,156.6,170.9,0.896,0.098,
1791427667.2391953,0.6350,0.7006,0.8030,0.7006,0.4998,0.7006,0.7538,0.5695,0.7538,0.1966,0.2458,0.4302,0.4998,0.0410,0.0246,0.0164,0.0737,0.4300,0.6480,,0.2180,,66.32,3.04,156.7,170.2,0.868,0.097,
1791427667.271809,0.7006,0.2991,0.8030,0.5695,0.4998,0.7006,0.7006,0.5695,0.5695,0.0737,0.2991,0.3646,0.4998,0.0410,0.0410,0.0574,0.0737,0.4270,0.6460,,0.2190,,66.40,3.02,156.1,170.8,0.977,0.096,
1791427667.3019478,0.5695,0.7538,0.4998,0.4998,0.6350,0.6350,0.7006,0.5695,0.7006,0.2458,0.0942,0.5695,0.3646,0.0369,0.0369,0.0123,0.0246,0.4250,0.6475,,0.2225,,66.06,3.04,156.5,171.2,0.872,0.098,
1791427667.3343902,0.7006,0.6350,0.8440,0.6350,0.5695,0.6350,0.7538,0.5695,0.7006,0.0942,0.0942,0.4998,0.3646,0.0164,0.0082,0.0410,0.0123,0.4250,0.6470,,0.2220,,65.92,3.01,156.8,171.1,0.947,0.099,
1791427667.3662744,0.5695,0.6350,0.8030,0.5695,0.5695,0.6350,0.7006,0.5695,0.7006,0.2991,0.3646,0.5695,0.5695,0.0410,0.0410,0.0123,0.0246,0.4240,0.6470,0.6640,0.2230,0.0170,65.27,2.87,158.6,170.2,1.024,0.102,1.598
1791427667.400745,0.6350,0.4998,0.8440,0.4998,0.5695,0.7006,0.6350,0.4302,0.7006,0.2458,0.2458,0.5695,0.4998,0.0942,0.0082,0.0410,0.0410,0.4250,0.6475,,0.2225,,65.30,2.88,158.4,170.4,0.901,0.102,
1791427667.4338703,0.5695,0.6350,0.6350,0.4998,0.4302,0.7538,0.7006,0.5695,0.7006,0.0574,0.1966,0.4302,0.4998,0.0410,0.0246,0.0164,0.0369,0.4250,0.6470,,0.2220,,65.17,2.91,156.9,169.1,0.889,0.103,
1791427667.4678025,0.5695,0.3646,0.8440,0.5695,0.4998,0.7538,0.5695,0.4998,0.7006,0.0942,0.3646,0.4998,0.4998,0.0737,0.0246,0.0123,0.0410,0.4250,0.6465,,0.2215,,65.21,2.91,157.0,170.7,0.944,0.102,1.430
1791427667.5093699,0.3646,0.3646,0.9054,0.7006,0.4998,0.7006,0.7538,0.7006,0.6350,0.2458,0.0942,0.4998,0.4998,0.0410,0.0574,0.0164,0.0369,0.4250,0.6485,,0.2235,,65.20,2.88,157.5,169.8,0.899,0.103,
1791427667.53963,0.7006,0.5695,0.7538,0.4998,0.4998,0.6350,0.6350,0.5695,0.7538,0.0574,0.1966,0.4302,0.5695,0.0410,0.0369,0.0246,0.0410,0.4270,0.6470,,0.2200,,65.27,2.88,156.7,169.3,0.939,0.102,
1791427667.5715415,0.7006,0.5695,0.8440,0.5695,0.4998,0.7538,0.6350,0.4302,0.3646,0.4302,0.2458,0.5695,0.4302,0.0205,0.0164,0.0369,0.0737,0.4270,0.6475,,0.2205,,65.27,2.88,156.5,168.7,0.907,0.102,1.384
1791427667.6035337,0.4998,0.4302,0.7006,0.7006,0.4998,0.5695,0.7538,0.4998,0.4998,0.4998,0.1557,0.5695,0.4998,0.0574,0.0574,0.0164,0.0410,0.4240,0.6485,,0.2245,,65.06,2.87,156.6,169.4,0.878,0.103,1.404
1791427667.6354213,0.4302,0.4302,0.8440,0.6350,0.4302,0.6350,0.5695,0.5695,0.5695,0.4302,0.2458,0.4998,0.4998,0.0205,0.0164,0.0369,0.0369,0.4250,0.6470,,0.2220,,65.00,2.85,157.6,170.2,0.982,0.103,1.558
1791427667.6672513,0.6350,0.7006,0.7006,0.6350,0.4998,0.7006,0.7538,0.5695,0.8030,0.2991,0.2991,0.5695,0.5695,0.0246,0.0369,0.0205,0.0164,0.4270,0.6470,0.6710,0.2200,0.0240,65.44,2.98,158.5,169.4,0.979,0.101,
1791427667.7010498,0.6350,0.5695,0.7006,0.5695,0.7006,0.6350,0.6350,0.4998,0.7006,0.4998,0.1966,0.3646,0.4302,0.0164,0.0205,0.0369,0.0246,0.4270,0.6475,,0.2205,,65.93,3.01,158.8,168.7,0.891,0.099,1.343
1791427667.7345698,0.5695,0.3646,0.8440,0.4998,0.4998,0.7006,0.6350,0.6350,0.7538,0.0574,0.1966,0.5695,0.4998,0.0942,0.0082,0.0574,0.0574,0.4260,0.6470,,0.2210,,65.59,3.01,156.5,167.8,0.936,0.100,
1791427667.768523,0.8030,0.7538,0.7538,0.5695,0.5695,0.6350,0.8440,0.5695,0.5695,0.2991,0.2991,0.4998,0.4302,0.0410,0.0369,0.0164,0.0369,0.4270,0.6470,,0.2200,,65.66,3.02,156.7,168.7,0.940,0.100,
1791427667.8013165,0.4998,0.7538,0.8767,0.7006,0.7006,0.7006,0.4998,0.7006,0.7006,0.3646,0.2991,0.4302,0.4302,0.0410,0.0369,0.0410,0.0123,0.4270,0.6480,,0.2210,,65.77,3.04,155.9,169.6,0.860,0.099,1.320
1791427667.8336773,0.7006,0.6350,0.7538,0.6350,0.4998,0.5695,0.6350,0.5695,0.6350,0.0942,0.0942,0.4302,0.4998,0.0574,0.0369,0.0369,0.0369,0.4280,0.6480,,0.2200,,65.50,3.09,154.5,169.9,0.817,0.101,
1791427667.8735828,0.4302,0.4998,0.7006,0.7006,0.6350,0.5695,0.5695,0.7006,0.4998,0.2991,0.2458,0.5695,0.5695,0.0369,0.0246,0.0246,0.0410,0.4230,0.6475,0.6700,0.2245,0.0225,65.32,3.18,155.5,168.2,0.902,0.102,
1791427667.9061232,0.3646,0.6350,0.6350,0.5695,0.5695,0.8030,0.7006,0.5695,0.5695,0.0574,0.2991,0.5695,0.5695,0.0410,0.0574,0.0410,0.0410,0.4280,0.6505,0.6640,0.2225,0.0135,65.81,3.02,154.3,168.6,0.840,0.100,
1791427667.9374168,0.6350,0.7538,0.8440,0.6350,0.5695,0.4302,0.6350,0.7538,0.4998,0.3646,0.2991,0.6350,0.5695,0.0410,0.0369,0.0246,0.0369,0.4270,0.6465,0.6640,0.2195,0.0175,65.61,2.94,155.5,168.5,0.940,0.100,1.453
1791427667.9690664,0.4302,0.7538,0.8440,0.6350,0.4998,0.5695,0.7538,0.4998,0.7006,0.3646,0.1966,0.4302,0.4302,0.0205,0.0123,0.0164,0.0369,0.4220,0.6445,,0.2225,,65.56,3.06,156.2,167.9,0.880,0.101,1.400
1791427668.0017982,0.3646,0.7538,0.8440,0.7538,0.6350,0.7006,0.4998,0.6350,0.3646,0.2991,0.1966,0.5695,0.4302,0.0164,0.0164,0.0574,0.0410,0.4260,0.6475,,0.2215,,65.98,3.05,157.0,,0.888,0.099,
1791427668.0342941,0.6350,0.8030,0.7538,0.4998,0.5695,0.7006,0.7006,0.7538,0.7006,0.0942,0.2991,0.5695,0.4302,0.0737,0.0246,0.0369,0.0369,0.4250,0.6465,,0.2215,,66.15,3.04,157.4,,0.940,0.098,
1791427668.0674894,0.6350,0.7538,0.7006,0.7538,0.7006,0.6350,0.7538,0.5695,0.8440,0.2458,0.4302,0.6350,0.5695,0.0574,0.0205,0.0205,0.0369,0.4240,0.6470,0.6660,0.2230,0.0190,65.95,3.03,157.7,167.6,0.918,0.099,1.455
1791427668.1015604,0.6350,0.7006,0.7538,0.7006,0.6350,0.7538,0.7538,0.5695,0.7538,0.0737,0.0737,0.5695,0.4998,0.0246,0.0123,0.0410,0.0737,0.4240,0.6455,,0.2215,,66.06,3.02,157.2,166.7,0.988,0.098,
1791427668.134986,0.3646,0.6350,0.7006,0.4998,0.4998,0.5695,0.6350,0.6350,0.6350,0.3646,0.2991,0.5695,0.4998,0.0205,0.0410,0.0574,0.0574,0.4220,0.6450,,0.2230,,65.60,3.06,157.2,164.9,0.943,0.101,1.479
1791427668.1743085,0.6350,0.4302,0.6350,0.5695,0.6350,0.8440,0.5695,0.4998,0.7538,0.1229,0.2991,0.5695,0.5695,0.0574,0.0205,0.0574,0.0369,0.4270,0.6460,0.6700,0.2190,0.0240,65.79,3.18,157.6,166.1,0.944,0.100,
1791427668.2062874,0.6350,0.7538,0.8030,0.7538,0.5695,0.8030,0.8030,0.4998,0.7538,0.2991,0.0574,0.4998,0.2458,0.0205,0.0410,0.0205,0.0205,0.4250,0.6465,,0.2215,,66.02,3.20,157.5,166.6,,0.098,
1791427668.2375505,0.5695,0.7006,0.7006,0.6350,0.4302,0.4998,0.5695,0.5695,0.2458,0.2458,0.3646,0.6350,0.6350,0.0369,0.0246,0.0574,0.0410,0.4270,0.6455,0.6730,0.2185,0.0275,66.11,3.43,158.0,166.8,0.902,0.098,1.450
1791427668.2696762,0.8030,0.4302,0.7538,0.6350,0.4998,0.6350,0.8030,0.5695,0.6350,0.4998,0.4302,0.4998,0.4302,0.0410,0.0082,0.0164,0.0369,0.4250,0.6460,,0.2210,,65.81,3.42,158.4,168.3,0.944,0.099,1.430
1791427668.3018064,0.7006,0.5695,0.6350,0.5695,0.7006,0.6350,0.6350,0.6350,0.7006,0.4998,0.2991,0.4998,0.4998,0.0942,0.0369,0.0410,0.0205,0.4270,0.6455,,0.2185,,66.02,3.40,158.5,168.9,0.966,0.098,1.482
1791427668.3348126,0.3646,0.4998,0.7006,0.7006,0.4302,0.6350,0.6350,0.6350,0.5695,0.0942,0.1557,0.6350,0.4998,0.0410,0.0574,0.0164,0.0410,0.4270,0.6455,,0.2185,,65.76,3.43,158.6,168.6,0.916,0.099,
1791427668.36819,0.6350,0.7006,0.7006,0.5695,0.4998,0.5695,0.6350,0.5695,0.4998,0.4302,0.1966,0.4998,0.4998,0.0369,0.0246,0.0164,0.0164,0.4270,0.6460,,0.2190,,65.90,3.42,158.5,167.9,0.938,0.098,1.395
1791427668.401219,0.4998,0.8030,0.7538,0.5695,0.4998,0.8030,0.4998,0.6350,0.6350,0.1229,0.1229,0.6350,0.4998,0.0246,0.0082,0.0205,0.0369,0.4260,0.6455,,0.2195,,65.81,3.45,157.7,168.3,0.909,0.099,
1791427668.4352648,0.5695,0.4998,0.8030,0.7006,0.4998,0.7006,0.7538,0.4302,0.6350,0.0737,0.1557,0.5695,0.4998,0.0574,0.0410,0.0164,0.0369,0.4270,0.6465,,0.2195,,65.87,3.44,157.7,168.7,0.916,0.098,
1791427668.475502,0.4998,0.7538,0.7006,0.5695,0.5695,0.5695,0.7538,0.5695,0.7006,0.2991,0.1229,0.5695,0.5695,0.0369,0.0123,0.0123,0.0369,0.4260,0.6470,0.6640,0.2210,0.0170,66.35,3.29,158.3,169.3,0.900,0.096,
1791427668.506708,0.4998,0.8030,0.7006,0.4998,0.4998,0.8030,0.6350,0.4302,0.7538,0.3646,0.1557,0.6350,0.4998,0.0574,0.0082,0.0369,0.0123,0.4250,0.6465,,0.2215,,66.42,3.28,159.0,170.0,0.929,0.096,1.443
1791427668.5396166,0.2991,0.7538,0.7006,0.7006,0.4998,0.6350,0.7006,0.6350,0.7538,0.1557,0.1557,0.6350,0.5695,0.0737,0.0246,0.0369,0.0164,,0.6460,0.6640,,0.0180,66.42,3.28,158.7,169.8,0.926,0.096,
1791427668.5708318,0.4998,0.5695,0.9587,0.4998,0.4302,0.7538,0.4998,0.7006,0.7538,0.0942,0.0942,0.6350,0.4998,0.0410,0.0369,0.0369,0.0574,0.4270,0.6465,,0.2195,,66.49,3.29,157.4,169.8,0.888,0.096,
1791427668.602537,0.6350,0.6350,0.6350,0.7006,0.5695,0.7006,0.5695,0.5695,0.5695,0.0574,0.2458,0.6350,0.5695,0.0574,0.0164,0.0369,0.0410,0.4260,0.6465,0.6630,0.2205,0.0165,66.85,3.15,156.3,169.3,0.921,0.094,
1791427668.635041,0.6350,0.6350,0.8030,0.5695,0.5695,0.6350,0.6350,0.5695,0.5695,0.1966,0.1966,0.5695,0.5695,0.0574,0.0164,0.0410,0.0410,0.4270,0.6465,0.6630,0.2195,0.0165,66.71,3.03,156.3,170.0,0.925,0.095,
1791427668.6691334,0.8030,0.2458,0.7538,0.7006,0.5695,0.7006,0.7006,0.5695,0.4998,0.0574,0.2458,0.6350,0.4998,0.0574,0.0205,0.0369,0.0369,0.4270,0.6460,,0.2190,,66.75,3.03,155.3,170.1,0.927,0.094,
1791427668.7014942,0.5695,0.7538,0.7006,0.7006,0.4998,0.6350,0.5695,0.5695,0.3646,0.1557,0.1229,0.4998,0.4998,0.0574,0.0205,0.0164,0.0410,0.4270,0.6445,,0.2175,,66.59,3.09,154.9,170.3,0.910,0.095,
1791427668.735738,0.4998,0.6350,0.7006,0.7006,0.7006,0.7538,0.3646,0.5695,0.4998,0.4302,0.2458,0.5695,0.5695,0.0369,0.0205,0.0410,0.0369,0.4270,0.6450,0.6640,0.2180,0.0190,66.20,3.07,156.2,170.8,0.919,0.097,1.433
1791427668.7681742,0.6350,0.6350,0.6350,0.6350,0.6350,0.6350,0.6350,0.3646,0.5695,0.1229,0.2991,0.5695,0.4998,0.0369,0.0246,0.0369,0.0410,0.4230,0.6450,,0.2220,,65.82,3.10,156.1,169.9,0.906,0.099,
1791427668.8091202,0.4998,0.7006,0.7538,0.5695,0.5695,0.7538,0.8030,0.6350,0.5695,0.4998,0.4302,0.6350,0.6350,0.0942,0.0246,0.0574,0.0246,0.4240,0.6455,0.6650,0.2215,0.0195,65.57,3.10,156.7,170.6,0.901,0.100,1.410
1791427668.8404999,0.4302,0.7538,0.7538,0.7006,0.6350,0.4998,0.7006,0.7006,0.7538,0.2991,0.0942,0.5695,0.5695,0.0574,0.0369,0.0410,0.0410,0.4240,0.6455,0.6660,0.2215,0.0205,65.82,3.10,157.6,170.3,0.949,0.099,
1791427668.8713722,0.4998,0.7006,0.8440,0.7006,0.6350,0.7538,0.4998,0.6350,0.7006,0.1229,0.4302,0.5695,0.4302,0.0574,0.0082,0.0205,0.0246,0.4240,0.6450,,0.2210,,66.06,3.13,157.9,170.5,0.901,0.098,1.393
1791427668.90308,0.4998,0.4998,0.7006,0.6350,0.5695,0.8440,0.7006,0.5695,0.6350,0.2991,0.1966,0.6350,0.4302,0.0369,0.0082,0.0574,0.0369,0.4260,0.6465,,0.2205,,66.03,3.10,158.2,171.2,0.901,0.098,
1791427668.9353807,0.5695,0.8440,0.7006,0.6350,0.5695,0.7538,0.6350,0.5695,0.7538,0.1229,0.0942,0.5695,0.4998,0.0246,0.0369,0.0123,0.0123,0.4260,0.6465,,0.2205,,66.32,3.12,158.3,171.0,0.852,0.097,
1791427668.970222,0.6350,0.7538,0.9054,0.4998,0.5695,0.6350,0.8030,0.4302,0.7538,0.2458,0.3646,0.4998,0.4302,0.0205,0.0410,0.0369,0.0574,0.4230,0.6465,,0.2235,,66.10,3.09,158.5,171.3,0.906,0.098,1.439
1791427669.0028467,0.6350,0.4998,0.6350,0.6350,0.6350,0.8030,0.7006,0.4998,0.5695,0.2458,0.1229,0.5695,0.4998,0.0369,0.0246,0.0164,0.0369,0.4250,0.6440,,0.2190,,66.33,3.19,158.7,169.8,0.849,0.097,
1791427669.035834,0.4998,0.7006,0.7006,0.4998,0.4998,0.5695,0.7538,0.4302,0.4302,0.3646,0.1229,0.2991,0.5695,0.0410,0.0164,0.0164,0.0737,0.4260,0.6460,,0.2200,,66.51,3.17,159.4,170.1,,0.096,1.432
1791427669.0687537,0.4302,0.7538,0.5695,0.4998,0.4998,0.4302,0.5695,0.7006,0.4998,0.0737,0.1966,0.4998,0.4998,0.0369,0.0205,0.0246,0.0369,0.4260,0.6455,,0.2195,,66.61,3.13,157.9,168.5,0.957,0.095,
1791427669.1087694,0.7006,0.7006,0.8440,0.5695,0.4998,0.6350,0.7006,0.7006,0.8030,0.2458,0.1557,0.4302,0.3646,0.0574,0.0082,0.0123,0.0369,0.4270,0.6470,,0.2200,,66.56,3.08,157.8,169.2,0.926,0.096,
1791427669.1403837,0.4998,0.3646,0.5695,0.7538,0.4302,0.5695,0.5695,0.5695,0.4998,0.6350,0.2458,0.4302,0.4302,0.0410,0.0205,0.0369,0.0369,0.4230,0.6460,,0.2230,,66.27,3.06,158.7,169.7,0.928,0.097,1.484
1791427669.1718948,0.6350,0.4302,0.7006,0.7006,0.5695,0.7006,0.7006,0.5695,0.4998,0.1966,0.3646,0.4998,0.4302,0.0205,0.0246,0.0369,0.0369,0.4270,0.6460,,0.2190,,66.46,3.06,158.9,170.7,0.905,0.096,1.378
1791427669.203849,0.7538,0.5695,0.5695,0.6350,0.5695,0.7538,0.6350,0.6350,0.6350,0.4998,0.2991,0.5695,0.4998,0.0205,0.0123,0.0410,0.0164,0.4260,0.6465,,0.2205,,66.47,3.06,159.1,170.1,0.896,0.096,1.379
1791427669.2370172,0.5695,0.5695,0.7538,0.4302,0.5695,0.7006,0.7006,0.7006,0.3646,0.4302,0.2991,0.5695,0.4998,0.0369,0.0205,0.0410,0.0369,0.4270,0.6455,,0.2185,,66.34,3.04,159.6,171.1,0.963,0.096,1.488
1791427669.2700105,0.4998,0.7006,0.5695,0.4998,0.4302,0.7538,0.6350,0.5695,0.6350,0.4302,0.1966,0.4998,0.5695,0.0369,0.0082,0.0369,0.0369,0.4220,0.6465,,0.2245,,66.21,2.99,159.4,171.1,0.961,0.097,1.461
1791427669.3024006,0.7006,0.4998,0.7006,0.7006,0.4998,0.4998,0.6350,0.5695,0.8030,0.0737,0.3646,0.4302,0.4998,0.0410,0.0164,0.0369,0.0164,0.4270,0.6465,,0.2195,,66.54,2.99,158.9,171.2,0.912,0.096,1.395
1791427669.3356702,0.6350,0.5695,0.6350,0.4998,0.7538,0.8030,0.4998,0.5695,0.4998,0.3646,0.1557,0.5695,0.4998,0.0246,0.0082,0.0369,0.0410,0.4220,0.6450,,0.2230,,66.19,3.01,159.4,171.6,0.944,0.098,1.449
1791427669.3689203,0.4998,0.7006,0.7006,0.6350,0.6350,0.6350,0.5695,0.6350,0.5695,0.2991,0.1966,0.5695,0.5695,0.0369,0.0246,0.0164,0.0369,0.4260,0.6470,0.6660,0.2210,0.0190,66.72,3.03,159.4,171.1,0.879,0.095,
1791427669.404003,0.4302,0.5695,0.8030,0.7006,0.5695,0.6350,0.8767,0.7006,0.4998,0.1557,0.3646,0.5695,0.5695,0.0574,0.0369,0.0123,0.0205,0.4220,0.6460,0.6670,0.2240,0.0210,66.51,3.06,159.8,171.1,0.946,0.096,1.484
1791427669.441632,0.4302,0.8030,0.4302,0.6350,0.4998,0.6350,0.7006,0.6350,0.6350,0.4302,0.1966,0.6350,0.4998,0.0574,0.0369,0.0369,0.0410,0.4220,0.6465,,0.2245,,66.52,3.06,159.9,171.7,0.900,0.097,1.414
1791427669.473132,0.5695,0.8767,0.7006,0.5695,0.5695,0.6350,0.8767,0.4302,0.7006,0.0942,0.3646,0.4998,0.4998,0.0410,0.0246,0.0369,0.0369,0.4220,0.6465,,0.2245,,66.34,3.06,158.0,171.5,0.904,0.098,1.431
1791427669.504586,0.6350,0.7538,0.6350,0.5695,0.4998,0.8030,0.7538,0.6350,0.7006,0.1966,0.3646,0.4302,0.6350,0.0574,0.0246,0.0164,0.0369,0.4270,0.6470,,0.2200,,66.46,3.06,159.2,172.5,0.888,0.097,1.383
1791427669.5371187,0.7538,0.8767,0.5695,0.4998,0.6350,0.7006,0.7006,0.6350,0.7538,0.0737,0.2458,0.5695,0.4998,0.0369,0.0246,0.0410,0.0410,0.4270,0.6470,,0.2200,,66.75,3.03,157.5,172.2,0.928,0.095,
1791427669.569489,0.4302,0.6350,0.7006,0.5695,0.5695,0.5695,0.7006,0.5695,0.5695,0.0574,0.2458,0.4302,0.5695,0.0737,0.0082,0.0164,0.0369,0.4220,0.6465,,0.2245,,66.64,3.04,157.8,170.7,0.899,0.096,
1791427669.603469,0.8440,0.5695,0.7006,0.3646,0.5695,0.7006,0.5695,0.4302,0.4302,0.0574,0.1229,0.6350,0.4302,0.0410,0.0369,0.0574,0.0410,0.4270,0.6440,,0.2170,,66.57,3.13,157.6,170.7,0.889,0.096,
1791427669.6368525,0.6350,0.5695,0.6350,0.5695,0.6350,0.5695,0.5695,0.4302,0.5695,0.1229,0.2991,0.6350,0.4998,0.0574,0.0574,0.0369,0.0410,0.4220,0.6450,,0.2230,,66.54,3.17,157.6,171.1,0.905,0.096,
1791427669.6703806,0.5695,0.6350,0.6350,0.4998,0.5695,0.7006,0.6350,0.6350,0.6350,0.3646,0.0574,0.5695,0.5695,0.0410,0.0369,0.0369,0.0410,0.4260,0.6460,0.6630,0.2200,0.0170,66.57,3.04,157.6,171.5,0.944,0.096,1.415
1791427669.7095182,0.4998,0.8030,0.7006,0.6350,0.5695,0.7538,0.4998,0.6350,0.8440,0.1557,0.2991,0.4998,0.5695,0.0246,0.0574,0.0164,0.0369,0.4260,0.6470,,0.2210,,66.92,3.02,158.1,172.0,0.889,0.094,
1791427669.7419708,0.4998,0.8030,0.6350,0.6350,0.5695,0.6350,0.5695,0.6350,0.4998,0.2991,0.2458,0.6350,0.4998,0.0737,0.0369,0.0164,0.0369,0.4270,0.6465,,0.2195,,66.78,3.00,158.2,171.8,0.922,0.095,
1791427669.7735028,0.4998,0.7538,0.7006,0.6350,0.5695,0.7006,0.6350,0.4998,0.4998,0.5695,0.2458,0.5695,0.4998,0.0942,0.0164,0.0164,0.0410,0.4220,0.6455,,0.2235,,66.65,3.04,158.7,171.6,0.881,0.096,1.447
1791427669.8045442,0.5695,0.7538,0.6350,0.6350,0.7006,0.7538,0.7538,0.7538,0.7006,0.2991,0.1966,0.6350,0.4998,0.0205,0.0123,0.0369,0.0164,0.4220,0.6470,,0.2250,,66.67,3.00,159.1,171.8,0.930,0.096,
1791427669.8377678,0.7538,0.8440,0.4998,0.4998,0.6350,0.7006,0.7006,0.5695,0.4998,0.1557,0.0942,0.5695,0.4998,0.0410,0.0410,0.0574,0.0164,0.4270,0.6455,,0.2185,,66.14,3.00,159.0,172.0,0.940,0.098,
1791427669.86956,0.7538,0.8030,0.4998,0.6350,0.6350,0.5695,0.7006,0.4998,0.7538,0.2458,0.2991,0.5695,0.5695,0.0737,0.0410,0.0574,0.0369,0.4260,0.6470,0.6660,0.2210,0.0190,66.32,2.99,159.3,172.0,0.926,0.097,
1791427669.9036813,0.4998,0.8030,0.8030,0.4998,0.6350,0.6350,0.6350,0.6350,0.6350,0.1557,0.1557,0.4998,0.6350,0.0246,0.0246,0.0164,0.0369,0.4340,0.6465,,0.2125,,66.53,2.97,158.6,172.2,0.935,0.095,
1791427669.936933,0.4998,0.4998,0.6350,0.5695,0.5695,0.8440,0.7006,0.4302,0.5695,0.0737,0.2991,0.4998,0.5695,0.0205,0.0164,0.0205,0.0369,0.4250,0.6465,,0.2215,,66.08,2.96,158.1,171.2,0.933,0.098,
1791427669.9703522,0.7006,0.7538,0.6350,0.5695,0.7538,0.7006,0.6350,0.4998,0.5695,0.0737,0.3646,0.3646,0.4302,0.0574,0.0369,0.0369,0.0410,0.4270,0.6465,,0.2195,,66.77,2.98,158.3,170.3,0.876,0.094,1.395
1791427670.0041203,0.6350,0.6350,0.6350,0.5695,0.4998,0.4998,0.6350,0.6350,0.7006,0.0942,0.1229,0.4998,0.5695,0.0410,0.0123,0.0737,0.0410,0.4250,0.6460,,0.2210,,66.74,2.98,157.7,168.9,0.930,0.095,
1791427670.0441248,0.4998,0.6350,0.6350,0.5695,0.5695,0.5695,0.7538,0.5695,0.5695,0.1557,0.2458,0.5695,0.4998,0.0942,0.0164,0.0574,0.0410,0.4250,0.6460,,0.2210,,66.66,3.00,158.0,169.5,0.910,0.095,
1791427670.075453,0.4998,0.8440,0.5695,0.4998,0.7006,0.6350,0.7006,0.7006,0.5695,0.2991,0.2458,0.4302,0.4998,0.0574,0.0574,0.0369,0.0410,0.4270,0.6470,,0.2200,,66.73,2.99,159.3,169.8,0.889,0.095,
1791427670.1064618,0.4302,0.7006,0.7006,0.5695,0.6350,0.4998,0.4998,0.5695,0.5695,0.2991,0.2991,0.5695,0.6350,0.0574,0.0410,0.0164,0.0369,0.4250,0.6460,0.6640,0.2210,0.0180,66.89,2.93,159.7,169.6,0.953,0.094,
1791427670.138736,0.4998,0.7538,0.4998,0.5695,0.7006,0.5695,0.7538,0.7006,0.7538,0.2991,0.1966,0.6350,0.4998,0.0164,0.0410,0.0164,0.0369,0.4270,0.6470,,0.2200,,67.14,2.90,159.8,170.1,0.940,0.093,
1791427670.1705189,0.4998,0.4998,0.6350,0.7006,0.7006,0.7006,0.7538,0.4998,0.7538,0.3646,0.2991,0.4998,0.4998,0.0369,0.0082,0.0164,0.0369,0.4270,0.6465,,0.2195,,67.48,2.88,159.9,170.4,0.957,0.091,1.424
1791427670.2037091,0.3646,0.7006,0.6350,0.6350,0.6350,0.5695,0.7006,0.6350,0.5695,0.0942,0.3646,0.6350,0.4998,0.0410,0.0123,0.0164,0.0246,0.4250,0.6460,,0.2210,,67.65,2.91,160.2,170.2,0.905,0.091,1.385
1791427670.2382743,0.4998,0.6350,0.5695,0.3646,0.6350,0.7006,0.7006,0.6350,0.7538,0.0942,0.2458,0.4998,0.4998,0.0574,0.0205,0.0574,0.0369,0.4270,0.6440,,0.2170,,67.41,3.00,158.3,169.1,0.884,0.091,
1791427670.270408,0.8440,0.6350,0.6350,0.5695,0.4998,0.7538,0.5695,0.6350,0.7006,0.1229,0.2458,0.3646,0.4998,0.0410,0.0410,0.0410,0.0369,0.4270,0.6460,,0.2190,,67.09,3.01,158.0,169.3,0.902,0.093,
1791427670.3039403,0.4998,0.4998,0.7006,0.7538,0.3646,0.6350,0.7538,0.7006,0.5695,0.2991,0.0942,0.4302,0.3646,0.0369,0.0164,0.0369,0.0246,0.4270,0.6465,,0.2195,,67.53,3.01,159.2,167.8,0.889,0.091,
1791427670.3374922,0.4998,0.8030,0.7538,0.6350,0.6350,0.6350,0.5695,0.5695,0.8030,0.4302,0.2458,0.5695,0.4302,0.0164,0.0082,0.0369,0.0246,0.4270,0.6460,,0.2190,,67.36,2.97,159.8,168.8,0.973,0.092,1.514
1791427670.3761902,0.4998,0.7006,0.6350,0.7006,0.4302,0.7538,0.6350,0.5695,0.8440,0.1557,0.1557,0.6350,0.5695,0.0205,0.0123,0.0369,0.0574,0.4260,0.6470,0.6650,0.2210,0.0180,67.41,2.95,159.1,169.2,0.891,0.091,
1791427670.4069796,0.7006,0.6350,0.8030,0.5695,0.4998,0.7006,0.8030,0.4998,0.6350,0.3646,0.0942,0.5695,0.4998,0.0369,0.0123,0.0369,0.0369,0.4260,0.6465,,0.2205,,67.27,2.92,159.6,169.5,0.957,0.092,1.415
1791427670.4391122,0.5695,0.7538,0.7006,0.7006,0.4998,0.7538,0.5695,0.6350,0.6350,0.0574,0.1557,0.4302,0.3646,0.0205,0.0123,0.0164,0.0369,0.4270,0.6460,,0.2190,,67.56,2.93,158.9,169.1,0.919,0.091,
1791427670.4705398,0.4998,0.7538,0.5695,0.5695,0.4998,0.7006,0.6350,0.6350,0.7006,0.2458,0.2458,0.4998,0.4302,0.0246,0.0205,0.0574,0.0164,0.4250,0.6460,,0.2210,,67.18,2.92,158.7,169.6,0.946,0.093,
1791427670.504395,0.5695,0.8440,0.8030,0.7006,0.5695,0.5695,0.7538,0.4998,0.5695,0.1557,0.1966,0.2991,0.4998,0.0737,0.0246,0.0410,0.0369,0.4230,0.6465,,0.2235,,66.95,2.89,158.8,169.8,,0.094,
1791427670.5379412,0.6350,0.5695,0.4302,0.7006,0.4998,0.8030,0.4998,0.4998,0.7538,0.4998,0.1966,0.4302,0.4998,0.0574,0.0082,0.0164,0.0369,0.4230,0.6465,,0.2235,,66.97,2.87,159.6,168.4,0.962,0.094,1.467
1791427670.5710728,0.5695,0.6350,0.4302,0.5695,0.6350,0.6350,0.8030,0.6350,0.7538,0.1966,0.2991,0.5695,0.5695,0.0574,0.0369,0.0574,0.0410,0.4250,0.6465,0.6680,0.2215,0.0215,66.57,2.97,159.4,169.1,0.906,0.096,
1791427670.6048691,0.6350,0.7006,0.4998,0.7006,0.7006,0.7538,0.6350,0.5695,0.6350,0.1966,0.1966,0.4998,0.5695,0.0123,0.0205,0.0246,0.0410,0.4270,0.6460,,0.2190,,66.78,2.97,159.9,167.6,0.947,0.095,
1791427670.6450694,0.7006,0.7006,0.6350,0.5695,0.5695,0.7538,0.6350,0.7538,0.5695,0.6350,0.1966,0.4998,0.4998,0.0410,0.0164,0.0574,0.0369,0.4270,0.6470,,0.2200,,67.18,2.99,160.0,168.2,0.876,0.093,1.359
1791427670.6770515,0.4998,0.8440,0.7006,0.4998,0.7006,0.7538,0.6350,0.6350,0.7006,0.0942,0.3646,0.5695,0.4998,0.0369,0.0246,0.0574,0.0164,0.4220,0.6480,,0.2260,,67.03,2.96,159.4,169.1,0.895,0.094,1.397
1791427670.7083209,0.4998,0.6350,0.7006,0.5695,0.6350,0.6350,0.5695,0.5695,0.3646,0.0737,0.1966,0.4302,0.4302,0.0737,0.0082,0.0574,0.0369,0.4270,0.6460,,0.2190,,67.19,2.98,158.0,169.3,0.917,0.093,
1791427670.7405126,0.4302,0.7538,0.7538,0.4302,0.4302,0.7006,0.7538,0.7006,0.4302,0.1557,0.1229,0.4998,0.4998,0.0205,0.0369,0.0164,0.0410,0.4250,0.6460,,0.2210,,67.27,3.01,158.5,168.6,0.892,0.093,
1791427670.7716758,0.7006,0.7538,0.5695,0.4998,0.7006,0.7006,0.7538,0.5695,0.4302,0.4998,0.4302,0.4998,0.5695,0.0410,0.0164,0.0205,0.0369,0.4220,0.6465,,0.2245,,67.38,2.99,159.6,169.4,0.953,0.092,1.458
1791427670.8060257,0.6350,0.8440,0.8030,0.6350,0.7006,0.7538,0.7006,0.4998,0.6350,0.1557,0.2458,0.6350,0.5695,0.0410,0.0369,0.0574,0.0369,0.4270,0.6465,0.6650,0.2195,0.0185,67.51,2.99,157.9,168.9,0.876,0.092,
1791427670.8385499,0.7006,0.8030,0.6350,0.5695,0.6350,0.7006,0.6350,0.7006,0.3646,0.1557,0.1557,0.4998,0.4998,0.0246,0.0369,0.0410,0.0205,0.4270,0.6465,,0.2195,,67.17,3.00,157.7,168.1,0.901,0.093,
1791427670.8716674,0.2991,0.6350,0.6350,0.4998,0.6350,0.7006,0.6350,0.4998,0.4302,0.1229,0.2458,0.4998,0.4998,0.0574,0.0410,0.0410,0.0369,,0.6465,,,,67.17,3.00,157.4,168.7,0.918,0.093,
1791427670.9044719,0.6350,0.7006,0.8030,0.6350,0.7006,0.6350,0.6350,0.4998,0.5695,0.1557,0.1966,0.5695,0.6350,0.0410,0.0205,0.0164,0.0164,0.4220,0.6470,0.6680,0.2250,0.0210,67.37,3.10,157.6,168.7,0.848,0.092,
1791427670.939268,0.5695,0.8440,0.5695,0.4998,0.4302,0.5695,0.4998,0.5695,0.7006,0.1229,0.2991,0.5695,0.5695,0.0574,0.0164,0.0369,0.0164,0.4260,0.6450,0.6630,0.2190,0.0180,67.72,3.05,157.6,169.3,0.900,0.091,
1791427670.9781582,0.4998,0.8767,0.7006,0.5695,0.6350,0.4998,0.5695,0.7006,0.6350,0.3646,0.2991,0.5695,0.4998,0.0574,0.0082,0.0246,0.0246,0.4250,0.6460,,0.2210,,67.25,3.02,157.7,169.5,0.956,0.093,1.464
1791427671.010011,0.5695,0.4998,0.7538,0.5695,0.5695,0.8440,0.7006,0.5695,0.8030,0.1229,0.0942,0.5695,0.3646,0.0410,0.0164,0.0369,0.0369,0.4270,0.6470,,0.2200,,67.44,3.01,157.6,169.3,0.892,0.092,
1791427671.041804,0.3646,0.8030,0.8440,0.4998,0.6350,0.6350,0.6350,0.5695,0.8440,0.2991,0.1229,0.4998,0.4998,0.0205,0.0246,0.0246,0.0123,0.4270,0.6465,,0.2195,,67.79,3.03,158.0,169.6,0.876,0.090,
1791427671.073355,0.5695,0.7006,0.7006,0.5695,0.5695,0.6350,0.6350,0.6350,0.6350,0.0942,0.1966,0.5695,0.4998,0.0369,0.0164,0.0369,0.0410,0.4250,0.6465,,0.2215,,68.06,3.04,158.0,168.4,0.881,0.089,
1791427671.104576,0.4998,0.8440,0.8030,0.5695,0.5695,0.6350,0.5695,0.5695,0.8440,0.1966,0.2458,0.4998,0.5695,0.0574,0.0246,0.0164,0.0574,0.4210,0.6455,,0.2245,,67.35,3.03,158.1,169.3,0.955,0.092,
1791427671.1391604,0.4998,0.5695,0.8030,0.4998,0.4998,0.7538,0.5695,0.6350,0.5695,0.1229,0.1557,0.6350,0.5695,0.0205,0.0082,0.0410,0.0410,0.4210,0.6465,0.6640,0.2255,0.0175,67.15,2.96,158.2,169.4,0.929,0.094,
1791427671.1716359,0.7006,0.6350,0.6350,0.6350,0.4302,0.6350,0.6350,0.6350,0.7538,0.1229,0.1966,0.5695,0.4998,0.0574,0.0205,0.0574,0.0369,0.4240,0.6465,,0.2225,,67.38,2.94,158.1,169.3,0.931,0.093,
1791427671.2057397,0.4998,0.8767,0.7006,0.4998,0.5695,0.7538,0.5695,0.4998,0.5695,0.1229,0.2458,0.4998,0.5695,0.1229,0.0369,0.0369,0.0410,0.4220,0.6465,,0.2245,,67.02,2.94,158.7,169.2,0.904,0.094,
1791427671.2381923,0.5695,0.8440,0.5695,0.4998,0.4302,0.7006,0.5695,0.7006,0.7006,0.0737,0.1966,0.3646,0.2991,0.0410,0.0123,0.0123,0.0246,0.4270,0.6465,,0.2195,,66.99,2.95,158.4,169.9,,0.094,
1791427671.2783515,0.6350,0.7006,0.8440,0.6350,0.4302,0.6350,0.5695,0.4302,0.5695,0.4302,0.1966,0.4998,0.4998,0.0369,0.0123,0.0164,0.0369,0.4280,0.6445,,0.2165,,66.82,3.04,158.7,169.7,0.861,0.095,1.371
1791427671.3090034,0.4998,0.9587,0.7006,0.7006,0.4998,0.7538,0.7006,0.5695,0.7538,0.2991,0.1966,0.4302,0.4302,0.0410,0.0082,0.0410,0.0246,0.4240,0.6465,,0.2225,,67.03,3.03,158.6,,0.901,0.094,
1791427671.3415685,0.4998,0.7006,0.8030,0.4998,0.4302,0.4998,0.7006,0.6350,0.6350,0.0737,0.2458,0.5695,0.4998,0.0574,0.0082,0.0369,0.0410,0.4230,0.6470,,0.2240,,67.44,2.99,157.1,,0.913,0.092,
1791427671.3727229,0.5695,0.6350,0.7538,0.4998,0.6350,0.6350,0.6350,0.7538,0.6350,0.1229,0.0942,0.4998,0.5695,0.0205,0.0205,0.0205,0.0369,0.4270,0.6470,,0.2200,,67.02,2.94,157.4,,0.950,0.094,
1791427671.406012,0.4302,0.8440,0.8767,0.4998,0.6350,0.5695,0.5695,0.5695,0.7538,0.2991,0.0942,0.6350,0.6350,0.0410,0.0082,0.0369,0.0123,0.4240,0.6455,0.6640,0.2215,0.0185,66.89,2.92,157.9,,0.931,0.095,
1791427671.438411,0.4998,0.7006,0.8440,0.4302,0.5695,0.8030,0.7006,0.5695,0.6350,0.1229,0.2458,0.2991,0.4302,0.0410,0.0164,0.0574,0.0410,0.4220,0.6460,,0.2240,,66.72,2.90,157.9,,,0.096,
1791427671.4719274,0.6350,0.4998,0.8030,0.4998,0.6350,0.7006,0.8030,0.4998,0.5695,0.2991,0.2458,0.4998,0.4998,0.0246,0.0369,0.0205,0.0164,0.4270,0.6460,,0.2190,,67.09,2.88,158.7,,0.964,0.094,
1791427671.5049975,0.4998,0.8030,0.8030,0.4302,0.4302,0.6350,0.7006,0.6350,0.8030,0.1966,0.1966,0.5695,0.5695,0.0410,0.0205,0.0123,0.0410,0.4250,0.6465,0.6630,0.2215,0.0165,67.24,2.80,158.7,,0.951,0.093,
1791427671.539394,0.5695,0.8767,0.8030,0.6350,0.5695,0.7006,0.6350,0.6350,0.7538,0.1557,0.1557,0.5695,0.4302,0.0574,0.0164,0.0369,0.0410,0.4220,0.6455,,0.2235,,67.01,2.87,157.7,,0.860,0.094,
1791427671.5778058,0.4998,0.8440,0.8030,0.4998,0.6350,0.6350,0.5695,0.6350,0.8030,0.1229,0.1966,0.5695,0.5695,0.0942,0.0574,0.0410,0.0410,0.4260,0.6465,0.6670,0.2205,0.0205,67.07,2.94,158.3,,0.901,0.094,
1791427671.6096313,0.4302,0.4998,0.5695,0.7006,0.6350,0.6350,0.7006,0.4302,0.5695,0.0574,0.2991,0.3646,0.3646,0.0574,0.0246,0.0205,0.0369,0.4270,0.6465,,0.2195,,66.75,2.96,154.9,,0.868,0.095,
1791427671.6417017,0.4302,0.4998,0.7006,0.4998,0.4302,0.4998,0.7006,0.7006,0.5695,0.1229,0.1557,0.6350,0.3646,0.0410,0.0369,0.0410,0.0205,0.4220,0.6450,,0.2230,,66.92,3.01,155.7,,0.890,0.094,
1791427671.6729577,0.5695,0.5695,0.4998,0.4998,0.7538,0.7006,0.7538,0.7006,0.5695,0.1966,0.4998,0.4302,0.4302,0.0574,0.0574,0.0410,0.0369,0.4220,0.6450,,0.2230,,67.05,3.06,157.0,169.0,0.889,0.094,1.394
1791427671.7054682,0.3646,0.7538,0.5695,0.4998,0.5695,0.8030,0.4998,0.5695,0.7006,0.1229,0.2991,0.3646,0.4998,0.0737,0.0205,0.0246,0.0410,0.4240,0.6465,,0.2225,,67.22,3.00,157.9,168.7,0.943,0.093,
1791427671.7389028,0.7006,0.7006,0.8030,0.5695,0.4998,0.6350,0.7538,0.8030,0.2991,0.4302,0.1229,0.5695,0.3646,0.0369,0.0123,0.0410,0.0737,0.4210,0.6440,,0.2230,,66.79,3.10,157.9,168.6,0.865,0.095,1.407
1791427671.7726166,0.5695,0.4302,0.7538,0.6350,0.5695,0.7006,0.7006,0.4998,0.4998,0.1229,0.2458,0.5695,0.5695,0.0369,0.0369,0.0205,0.0369,0.4240,0.6470,0.6640,0.2230,0.0170,67.31,3.02,157.3,169.3,0.891,0.093,
1791427671.8063142,0.5695,0.5695,0.5695,0.6350,0.5695,0.6350,0.7006,0.5695,0.6350,0.2991,0.2458,0.4302,0.4998,0.0574,0.0246,0.0246,0.0369,0.4220,0.6460,,0.2240,,67.16,3.01,156.9,169.7,0.917,0.094,
1791427671.8391364,0.5695,0.7006,0.7006,0.6350,0.7006,0.6350,0.7538,0.6350,0.8030,0.0942,0.1966,0.5695,0.5695,0.0369,0.0246,0.0410,0.0369,0.4260,0.6465,0.6750,0.2205,0.0285,67.08,3.31,157.3,169.9,0.902,0.094,
1791427671.878503,0.8030,0.7006,0.6350,0.5695,0.6350,0.5695,0.7538,0.6350,0.5695,0.4302,0.1557,0.3646,0.3646,0.0737,0.0369,0.0369,0.0410,0.4250,0.6455,,0.2205,,66.73,3.32,157.8,170.4,0.912,0.095,1.468
1791427671.9109795,0.4998,0.7006,0.7538,0.6350,0.6350,0.6350,0.5695,0.4998,0.6350,0.0737,0.2458,0.2991,0.1966,0.0369,0.0164,0.0369,0.0369,0.4270,0.6450,,0.2180,,66.80,3.35,158.5,170.3,,0.095,
1791427671.9419055,0.7006,0.4998,0.6350,0.5695,0.5695,0.7006,0.7538,0.6350,0.5695,0.1966,0.2458,0.4998,0.4998,0.0410,0.0246,0.0205,0.0410,0.4240,0.6465,,0.2225,,67.01,3.34,158.5,170.3,0.891,0.094,
1791427671.9739375,0.4998,0.8030,0.8440,0.3646,0.6350,0.6350,0.7006,0.5695,0.5695,0.1966,0.1557,0.4998,0.5695,0.0410,0.0205,0.0574,0.0574,0.4220,0.6455,,0.2235,,67.05,3.33,158.2,170.1,0.922,0.094,
1791427672.0054662,0.4302,0.7538,0.5695,0.4302,0.6350,0.7006,0.7538,0.5695,0.6350,0.2458,0.2991,0.4998,0.6350,0.0737,0.0205,0.0410,0.0410,0.4220,0.6465,,0.2245,,67.60,3.32,157.8,169.3,0.895,0.092,
1791427672.0405068,0.5695,0.6350,0.7538,0.5695,0.5695,0.5695,0.6350,0.5695,0.4998,0.2458,0.2458,0.5695,0.4998,0.0410,0.0369,0.0369,0.0369,0.4270,0.6460,,0.2190,,67.31,3.31,158.1,170.0,0.902,0.093,
1791427672.0732532,0.4998,0.8030,0.8440,0.6350,0.5695,0.4998,0.6350,0.7538,0.7006,0.1966,0.2458,0.5695,0.3646,0.0410,0.0123,0.0410,0.0164,0.4220,0.6460,,0.2240,,67.73,3.30,158.3,170.3,0.918,0.091,
1791427672.1064453,0.7006,0.4998,0.8030,0.5695,0.4302,0.7006,0.7006,0.4998,0.4998,0.1229,0.2458,0.4998,0.4998,0.0164,0.0369,0.0410,0.0164,0.4250,0.6460,,0.2210,,67.58,3.32,157.3,169.9,0.884,0.092,
1791427672.1393988,0.4302,0.8030,0.6350,0.7006,0.6350,0.6350,0.7006,0.7006,0.7006,0.2991,0.1229,0.4998,0.5695,0.0574,0.0369,0.0369,0.0369,0.4260,0.6465,,0.2205,,67.84,3.30,158.3,170.3,0.901,0.090,
1791427672.177811,0.6350,0.6350,0.7006,0.4998,0.5695,0.7006,0.7538,0.6350,0.7006,0.0942,0.2991,0.5695,0.5695,0.0737,0.0369,0.0369,0.0410,0.4230,0.6460,0.6630,0.2230,0.0170,68.12,3.17,159.0,169.2,0.917,0.089,
1791427672.2112765,0.6350,0.7006,0.7006,0.6350,0.4998,0.5695,0.7538,0.4302,0.4998,0.2991,0.1557,0.4998,0.4302,0.0410,0.0246,0.0410,0.0369,0.4270,0.6450,,0.2180,,67.22,3.18,159.7,,0.931,0.093,
1791427672.2417283,0.5695,0.6350,0.6350,0.4998,0.4998,0.7538,0.6350,0.6350,0.6350,0.1557,0.2991,0.4998,0.4302,0.0410,0.0369,0.0369,0.0246,0.4270,0.6455,,0.2185,,67.43,3.18,159.8,,0.931,0.092,
1791427672.2743695,0.6350,0.5695,0.7538,0.4998,0.7006,0.6350,0.7538,0.7006,0.7006,0.1229,0.2458,0.4302,0.4998,0.0574,0.0246,0.0369,0.0369,0.4250,0.6455,,0.2205,,67.42,3.17,158.7,,0.935,0.092,
1791427672.305892,0.2991,0.6350,0.5695,0.4998,0.4302,0.6350,0.8030,0.5695,0.5695,0.0942,0.1966,0.4302,0.4302,0.0246,0.0410,0.0574,0.0369,,0.6465,,,,67.42,3.17,158.7,,0.899,0.092,
1791427672.3391278,0.7006,0.6350,0.7006,0.5695,0.5695,0.5695,0.8030,0.6350,0.7538,0.2991,0.1966,0.5695,0.5695,0.0246,0.0574,0.0369,0.0369,0.4280,0.6470,0.6680,0.2190,0.0210,67.18,3.20,158.9,,0.908,0.093,
1791427672.373251,0.4998,0.7538,0.6350,0.4998,0.4998,0.7006,0.4998,0.7006,0.7538,0.3646,0.0574,0.4998,0.4302,0.0942,0.0410,0.0369,0.0369,0.4270,0.6465,,0.2195,,66.94,3.19,158.1,,0.912,0.094,1.393
1791427672.4075217,0.5695,0.8767,0.5695,0.6350,0.6350,0.6350,0.7538,0.4998,0.6350,0.2991,0.1229,0.5695,0.4998,0.0205,0.0369,0.0246,0.0369,0.4260,0.6460,,0.2200,,66.93,3.21,158.2,,0.893,0.094,
1791427672.449194,0.7006,0.8030,0.8767,0.6350,0.5695,0.7006,0.7538,0.6350,0.8030,0.1557,0.1557,0.5695,0.3646,0.0942,0.0205,0.0369,0.0369,0.4250,0.6450,,0.2200,,66.73,3.23,157.9,,0.924,0.095,
1791427672.480343,0.5695,0.4302,0.7538,0.5695,0.5695,0.7538,0.7538,0.6350,0.4998,0.1557,0.0942,0.4302,0.4302,0.0205,0.0082,0.0205,0.0574,0.4270,0.6460,,0.2190,,67.12,3.22,157.8,,0.915,0.093,
1791427672.5124128,0.7006,0.7538,0.7006,0.4998,0.5695,0.7006,0.6350,0.4998,0.5695,0.0737,0.2458,0.4998,0.5695,0.0942,0.0410,0.0246,0.0410,0.4250,0.6470,,0.2220,,67.46,3.20,158.4,,0.892,0.091,
1791427672.542973,0.5695,0.7538,0.8440,0.4998,0.6350,0.6350,0.7006,0.5695,0.7538,0.0942,0.1966,0.6350,0.4998,0.0410,0.0205,0.0164,0.0369,0.4250,0.6450,,0.2200,,66.95,3.22,158.2,,0.943,0.094,
1791427672.5747182,0.6350,0.8030,0.5695,0.4998,0.6350,0.7538,0.6350,0.6350,0.6350,0.1229,0.2458,0.4302,0.4998,0.0737,0.0410,0.0574,0.0123,0.4250,0.6465,,0.2215,,67.05,3.21,158.2,,0.893,0.093,
1791427672.6073954,0.4998,0.8030,0.5695,0.4302,0.6350,0.4998,0.6350,0.4998,0.6350,0.1229,0.3646,0.6350,0.5695,0.0410,0.0164,0.0574,0.0369,0.4220,0.6460,0.6720,0.2240,0.0260,67.21,3.41,158.5,168.2,0.880,0.093,1.381
1791427672.6408248,0.5695,0.5695,0.6350,0.4998,0.7006,0.7006,0.6350,0.5695,0.4998,0.0737,0.1966,0.5695,0.4998,0.0369,0.0246,0.0574,0.0369,0.4230,0.6460,,0.2230,,67.35,3.40,157.7,168.7,0.921,0.092,
1791427672.6738396,0.5695,0.7006,0.8767,0.5695,0.5695,0.5695,0.6350,0.7006,0.5695,0.0942,0.1229,0.4302,0.4998,0.1229,0.0574,0.0369,0.0410,0.4230,0.6455,,0.2225,,67.67,3.42,156.5,167.8,0.897,0.091,
1791427672.7062528,0.4302,0.7006,0.6350,0.4998,0.4302,0.7538,0.7006,0.7006,0.4998,0.2458,0.0737,0.4998,0.4302,0.0369,0.0123,0.0369,0.0410,0.4250,0.6440,,0.2190,,67.57,3.49,157.1,168.4,0.894,0.091,
1791427672.7403736,0.6350,0.8030,0.8767,0.6350,0.4302,0.7538,0.6350,0.5695,0.7006,0.1557,0.2991,0.6350,0.4998,0.0410,0.0369,0.0369,0.0369,0.4220,0.6450,,0.2230,,67.52,3.48,156.8,168.7,0.940,0.092,
1791427672.7743824,0.7538,0.4998,0.4998,0.5695,0.4302,0.4998,0.6350,0.6350,0.6350,0.0942,0.2458,0.6350,0.4302,0.0410,0.0574,0.0164,0.0574,0.4240,0.6455,,0.2215,,67.56,3.49,156.5,169.2,0.888,0.092,
1791427672.8138816,0.4302,0.6350,0.7538,0.5695,0.4302,0.5695,0.5695,0.5695,0.5695,0.1229,0.1966,0.4998,0.4302,0.0205,0.0164,0.0574,0.0164,0.4220,0.6460,,0.2240,,67.24,3.45,156.6,169.5,0.941,0.093,
1791427672.84549,0.5695,0.7538,0.6350,0.5695,0.4998,0.6350,0.7538,0.7006,0.6350,0.1966,0.2991,0.4998,0.4998,0.0574,0.0164,0.0410,0.0369,0.4270,0.6450,,0.2180,,67.27,3.50,157.1,169.7,0.877,0.093,
1791427672.8775287,0.6350,0.7538,0.9587,0.6350,0.5695,0.7006,0.7006,0.5695,0.6350,0.4302,0.2991,0.4998,0.5695,0.0942,0.0246,0.0369,0.0410,0.4220,0.6450,,0.2230,,67.00,3.50,157.7,170.1,0.924,0.094,1.480
1791427672.9081564,0.5695,0.8440,0.7538,0.6350,0.5695,0.7006,0.6350,0.7006,0.4998,0.2458,0.1557,0.6350,0.5695,0.0737,0.0246,0.0123,0.0246,0.4220,0.6455,0.6630,0.2235,0.0175,67.29,3.31,158.5,170.0,0.966,0.093,
1791427672.940213,0.4998,0.7006,0.6350,0.4998,0.6350,0.7006,0.6350,0.7538,0.7006,0.1557,0.2458,0.3646,0.3646,0.0410,0.0246,0.0164,0.0369,0.4260,0.6455,,0.2195,,67.58,3.31,158.4,169.9,0.910,0.091,
1791427672.9732695,0.5695,0.7006,0.8440,0.5695,0.5695,0.7006,0.8030,0.4998,0.3646,0.1966,0.0942,0.5695,0.4998,0.0410,0.0369,0.0164,0.0410,0.4230,0.6460,,0.2230,,67.10,3.28,158.4,170.0,0.937,0.094,
1791427673.007791,0.7006,0.7538,0.8440,0.5695,0.4302,0.6350,0.7538,0.4998,0.5695,0.2991,0.0942,0.4302,0.3646,0.0369,0.0369,0.0410,0.0246,0.4220,0.6460,,0.2240,,66.74,3.26,158.9,170.1,0.928,0.096,
1791427673.0404968,0.4998,0.8030,0.8440,0.5695,0.4998,0.6350,0.8030,0.6350,0.7006,0.3646,0.2458,0.4998,0.4998,0.0369,0.0123,0.0123,0.0369,0.4220,0.6460,,0.2240,,66.45,3.23,158.4,170.6,0.945,0.097,1.525
1791427673.0743074,0.4302,0.7538,0.8767,0.6350,0.3646,0.7006,0.7538,0.6350,0.5695,0.0942,0.1966,0.4998,0.4998,0.0410,0.0574,0.0369,0.0369,0.4240,0.6450,,0.2210,,66.71,3.32,157.6,170.4,0.830,0.096,
1791427673.1126797,0.4302,0.7538,0.8030,0.5695,0.6350,0.7538,0.8030,0.6350,0.7006,0.1229,0.2458,0.4302,0.4998,0.0410,0.0410,0.0369,0.0246,0.4250,0.6460,,0.2210,,67.04,3.32,157.1,170.5,0.897,0.094,
1791427673.146138,0.5695,0.4998,0.7538,0.5695,0.6350,0.5695,0.7006,0.4998,0.7538,0.2991,0.1966,0.5695,0.5695,0.0369,0.0369,0.0164,0.0369,0.4220,0.6455,0.6640,0.2235,0.0185,66.80,3.24,157.0,,0.905,0.095,
1791427673.1764188,0.5695,0.8030,0.7006,0.5695,0.4302,0.6350,0.7006,0.7006,0.4302,0.2458,0.2991,0.4998,0.4998,0.0246,0.0205,0.0164,0.0369,0.4220,0.6470,,0.2250,,67.31,3.21,157.3,,0.887,0.093,
1791427673.209455,0.7006,0.8440,0.5695,0.5695,0.7006,0.4998,0.4998,0.5695,0.6350,0.1557,0.1229,0.4302,0.4302,0.0410,0.0369,0.0369,0.0369,0.4220,0.6460,,0.2240,,67.59,3.20,157.1,,0.917,0.092,
1791427673.2409918,0.5695,0.8030,0.8030,0.4998,0.4998,0.7006,0.7538,0.3646,0.7006,0.1557,0.1966,0.5695,0.4998,0.0410,0.0410,0.0123,0.0410,0.4220,0.6450,,0.2230,,67.45,3.23,157.2,,0.894,0.093,
1791427673.275126,0.5695,0.5695,0.7538,0.4998,0.4302,0.6350,0.6350,0.6350,0.8440,0.0737,0.1966,0.4302,0.5695,0.0164,0.0574,0.0369,0.0369,0.4220,0.6455,,0.2235,,67.60,3.25,156.3,,0.885,0.092,
1791427673.3072398,0.4302,0.7538,0.8030,0.7538,0.4998,0.5695,0.7006,0.4302,0.5695,0.1557,0.0942,0.5695,0.4998,0.0410,0.0410,0.0164,0.0410,0.4220,0.6450,,0.2230,,67.60,3.25,155.5,,0.927,0.092,
1791427673.3408537,0.4302,0.7006,0.9259,0.6350,0.4302,0.6350,0.5695,0.7006,0.7006,0.0942,0.0942,0.4302,0.5695,0.0410,0.0246,0.0369,0.0123,0.4270,0.6460,,0.2190,,67.98,3.25,155.3,,0.888,0.090,
1791427673.3742125,0.3646,0.4302,0.9259,0.6350,0.4998,0.7006,0.6350,0.5695,0.4302,0.0574,0.1966,0.4998,0.4998,0.0574,0.0246,0.0205,0.0410,0.4220,0.6460,,0.2240,,68.32,3.24,154.1,,0.896,0.088,
1791427673.4142048,0.2991,0.4302,0.8767,0.5695,0.4998,0.5695,0.4302,0.6350,0.5695,0.3646,0.0942,0.4998,0.5695,0.0410,0.0369,0.0369,0.0369,,0.6465,,,,68.32,3.24,154.9,,0.892,0.088,
1791427673.44544,0.4998,0.8440,0.8767,0.7006,0.6350,0.6350,0.7538,0.7538,0.4998,0.1229,0.0737,0.5695,0.5695,0.0410,0.0205,0.0369,0.0574,0.4280,0.6455,0.6650,0.2175,0.0195,68.20,3.21,154.4,,0.905,0.089,
1791427673.4766083,0.5695,0.7538,0.7538,0.6350,0.4998,0.6350,0.7006,0.5695,0.4998,0.2991,0.3646,0.5695,0.4998,0.0410,0.0369,0.0164,0.0369,0.4220,0.6460,,0.2240,,68.37,3.20,155.5,168.4,0.901,0.088,1.376
1791427673.5074956,0.4998,0.8767,0.7538,0.5695,0.5695,0.7538,0.7006,0.7006,0.6350,0.0942,0.2458,0.4998,0.5695,0.0410,0.0205,0.0369,0.0369,0.4270,0.6470,,0.2200,,68.29,3.17,155.6,168.3,0.886,0.088,
1791427673.5410278,0.6350,0.5695,0.6350,0.5695,0.5695,0.5695,0.6350,0.5695,0.5695,0.4302,0.2991,0.4998,0.5695,0.0410,0.0123,0.0205,0.0410,0.4270,0.6470,,0.2200,,68.50,3.14,156.8,168.8,0.896,0.087,1.372
1791427673.5751388,0.5695,0.8440,0.5695,0.5695,0.4998,0.8440,0.5695,0.4998,0.5695,0.4302,0.1966,0.4302,0.4302,0.0369,0.0123,0.0369,0.0164,0.4270,0.6460,,0.2190,,68.68,3.15,158.0,168.6,0.901,0.086,1.379
1791427673.608824,0.4998,0.7006,0.8440,0.5695,0.4302,0.7006,0.8030,0.4998,0.7538,0.1229,0.1557,0.7006,0.5695,0.0410,0.0737,0.0369,0.0369,0.4220,0.6460,0.6630,0.2240,0.0170,68.32,3.05,157.9,169.1,0.913,0.088,
1791427673.6411784,0.4998,0.7538,0.7538,0.6350,0.6350,0.6350,0.8030,0.6350,0.7538,0.1229,0.1966,0.5695,0.4998,0.0205,0.0410,0.0369,0.0369,0.4250,0.6455,,0.2205,,68.24,3.03,158.0,169.8,0.963,0.088,
1791427673.6750448,0.6350,0.8440,0.7006,0.5695,0.5695,0.7538,0.5695,0.8030,0.4998,0.1229,0.1229,0.4302,0.3646,0.0246,0.0369,0.0369,0.0410,0.4320,0.6460,,0.2140,,68.21,3.04,158.2,168.8,0.888,0.088,
1791427673.7137005,0.6350,0.5695,0.7538,0.6350,0.5695,0.4998,0.6350,0.4998,0.7538,0.0942,0.1966,0.5695,0.4998,0.0246,0.0574,0.0164,0.0410,0.4270,0.6470,,0.2200,,68.30,3.01,156.9,169.2,0.908,0.088,
1791427673.7456346,0.7006,0.8030,0.7538,0.5695,0.4998,0.7006,0.6350,0.6350,0.6350,0.1229,0.2991,0.3646,0.3646,0.0574,0.0574,0.0369,0.0574,0.4220,0.6465,,0.2245,,68.13,3.04,156.8,169.5,0.855,0.089,
1791427673.7769408,0.4998,0.8440,0.7538,0.6350,0.3646,0.6350,0.6350,0.7538,0.7006,0.0574,0.1966,0.4302,0.4998,0.0942,0.0205,0.0737,0.0246,0.4220,0.6455,,0.2235,,68.03,3.04,154.9,168.6,0.926,0.089,
1791427673.8080804,0.6350,0.4302,0.4998,0.4998,0.4998,0.6350,0.5695,0.8030,0.6350,0.0369,0.1229,0.5695,0.4998,0.0574,0.0369,0.0369,0.0410,0.4270,0.6455,,0.2185,,68.07,3.06,153.3,169.3,0.910,0.089,
1791427673.8417127,0.7538,0.7006,0.7006,0.2991,0.4998,0.7006,0.7006,0.6350,0.5695,0.1229,0.3646,0.6350,0.5695,0.0410,0.0369,0.0369,0.0410,0.4270,0.6445,0.6670,0.2175,0.0225,68.08,3.16,154.3,168.4,0.898,0.089,1.403
1791427673.8753948,0.4998,0.5695,0.8440,0.6350,0.4998,0.6350,0.4998,0.5695,0.6350,0.1229,0.2458,0.5695,0.4998,0.0246,0.0369,0.0369,0.0410,0.4250,0.6450,,0.2200,,67.70,3.20,154.7,167.9,0.885,0.090,
