timestamp,nose_score,left_eye_score,right_eye_score,left_ear_score,right_ear_score,left_shoulder_score,right_shoulder_score,left_elbow_score,right_elbow_score,left_wrist_score,right_wrist_score,left_hip_score,right_hip_score,left_knee_score,right_knee_score,left_ankle_score,right_ankle_score,head_depth_m,chest_depth_m,hip_depth_m,neck_forward_offset_m,torso_recline_offset_m,head_forward_deg,torso_pitch_deg,elbow_left_deg,elbow_right_deg,torso_len_sw,head_up_m,wrist_face_sw
1791428763.6930945,0.4302,0.7538,0.7538,0.5695,0.5695,0.5695,0.5695,0.7538,0.4302,0.3646,0.1966,0.6350,0.7006,0.1229,0.0942,0.0737,0.0574,0.5090,0.7075,0.6820,0.1985,-0.0255,56.52,-4.24,169.1,177.0,0.923,0.133,1.492
1791428763.725062,0.7006,0.8440,0.7538,0.7006,0.4998,0.7006,0.8030,0.6350,0.6350,0.2458,0.2991,0.4302,0.5695,0.1229,0.0246,0.0942,0.0737,0.5060,0.7060,,0.2000,,56.54,-4.22,168.0,177.9,0.903,0.133,
1791428763.758726,0.5695,0.8767,0.7538,0.5695,0.4998,0.6350,0.5695,0.7538,0.6350,0.7006,0.1557,0.4998,0.5695,0.0737,0.0942,0.0737,0.0942,0.5060,0.7075,,0.2015,,56.88,-4.26,168.6,178.6,0.898,0.131,1.492
1791428763.7926702,0.6350,0.8030,0.8030,0.4998,0.6350,0.7006,0.5695,0.6350,0.5695,0.2991,0.3646,0.4998,0.6350,0.0737,0.0942,0.1557,0.0737,0.5090,0.7085,,0.1995,,56.82,-4.29,169.6,179.3,0.936,0.131,1.596
1791428763.8252666,0.6350,0.7006,0.7006,0.5695,0.4998,0.7006,0.7538,0.6350,0.5695,0.2458,0.1229,0.5695,0.6350,0.1229,0.1229,0.0942,0.0737,0.5050,0.7040,0.6820,0.1990,-0.0220,57.25,-4.16,169.2,178.2,0.865,0.129,
1791428763.8592484,0.6350,0.7538,0.6350,0.4998,0.5695,0.5695,0.7538,0.4998,0.4998,0.4998,0.2458,0.4998,0.5695,0.0574,0.0942,0.1557,0.0737,0.5060,0.7095,,0.2035,,57.34,-4.22,168.7,177.8,0.948,0.129,1.560
1791428763.8930614,0.6350,0.6350,0.8440,0.5695,0.5695,0.4998,0.7006,0.4998,0.6350,0.4998,0.1229,0.4998,0.7006,0.0942,0.1229,0.0574,0.0410,0.5050,0.7045,,0.1995,,57.19,-4.13,169.1,177.9,0.915,0.129,1.492
1791428763.931687,0.6350,0.7538,0.8767,0.5695,0.6350,0.5695,0.7006,0.7006,0.6350,0.4302,0.0737,0.5695,0.6350,0.0942,0.0942,0.0942,0.1229,0.5050,0.7075,0.6860,0.2025,-0.0215,56.94,-3.97,168.8,178.2,0.921,0.131,1.516
1791428763.963402,0.5695,0.9054,0.9423,0.5695,0.7006,0.6350,0.7006,0.8030,0.5695,0.1966,0.4302,0.5695,0.5695,0.1557,0.0246,0.0737,0.0737,0.5050,0.7060,0.6800,0.2010,-0.0260,56.43,-4.03,169.3,179.2,0.874,0.133,1.628
1791428763.9952981,0.6350,0.8030,0.8440,0.5695,0.5695,0.7538,0.8030,0.7538,0.7006,0.4302,0.0737,0.4302,0.6350,0.0942,0.0942,0.0574,0.0942,0.5050,0.7085,,0.2035,,56.75,-4.07,169.6,178.9,0.922,0.132,1.545
1791428764.027879,0.5695,0.7006,0.4998,0.5695,0.7538,0.7006,0.7006,0.6350,0.7006,0.4998,0.1229,0.6350,0.6350,0.0737,0.0942,0.0737,0.0574,0.5050,0.7095,0.6760,0.2045,-0.0335,56.44,-4.22,169.2,179.1,1.006,0.134,1.636
1791428764.0588722,0.4998,0.7538,0.5695,0.5695,0.7538,0.7006,0.7538,0.5695,0.4998,0.5695,0.1557,0.5695,0.5695,0.0737,0.0737,0.0737,0.0737,0.5050,0.7045,0.6780,0.1995,-0.0265,56.68,-4.23,168.8,179.8,0.886,0.132,1.470
1791428764.0920718,0.8030,0.8440,0.7006,0.4998,0.4998,0.7006,0.7006,0.6350,0.5695,0.4998,0.1557,0.5695,0.6350,0.1557,0.0246,0.0942,0.0942,0.5090,0.7095,0.6850,0.2005,-0.0245,56.67,-4.13,168.5,178.5,0.935,0.132,1.524
1791428764.1256318,0.6350,0.7538,0.7006,0.6350,0.5695,0.6350,0.8440,0.5695,0.5695,0.4998,0.4998,0.5695,0.6350,0.0737,0.0410,0.0737,0.0737,0.5130,0.7065,0.6590,0.1935,-0.0475,56.91,-4.78,168.6,179.1,0.917,0.130,1.456
1791428764.1596358,0.7538,0.8030,0.7006,0.5695,0.5695,0.7538,0.7006,0.7538,0.4998,0.6350,0.2458,0.5695,0.5695,0.0942,0.0942,0.0574,0.0574,0.5050,0.7085,0.6820,0.2035,-0.0265,57.02,-4.67,168.7,178.6,0.904,0.130,1.486
1791428764.1925683,0.6350,0.9423,0.8767,0.5695,0.6350,0.7006,0.7006,0.6350,0.4998,0.3646,0.1229,0.5695,0.6350,0.0942,0.0737,0.0737,0.0737,0.5060,0.7070,0.6820,0.2010,-0.0250,57.24,-4.53,168.8,179.4,0.895,0.129,1.522
1791428764.2328577,0.4998,0.8030,0.4998,0.4998,0.7006,0.7006,0.8030,0.3646,0.5695,0.4998,0.3646,0.5695,0.6350,0.0246,0.0205,0.1557,0.1229,0.5050,0.7095,0.6760,0.2045,-0.0335,57.72,-4.73,169.5,179.4,0.861,0.127,1.478
1791428764.2661033,0.4998,0.8767,0.8440,0.4998,0.5695,0.5695,0.7538,0.5695,0.6350,0.2991,0.0942,0.4302,0.6350,0.0369,0.0942,0.1229,0.0942,0.5040,0.7085,,0.2045,,57.53,-4.72,168.9,179.5,0.934,0.129,
1791428764.2968426,0.5695,0.6350,0.8030,0.6350,0.4998,0.7006,0.7006,0.5695,0.4998,0.1557,0.1557,0.5695,0.5695,0.0574,0.0410,0.0737,0.0942,0.5050,0.7075,0.6840,0.2025,-0.0235,57.15,-4.44,167.6,179.7,0.984,0.130,
1791428764.329672,0.4302,0.8767,0.9587,0.4302,0.7006,0.8030,0.5695,0.7538,0.4998,0.2991,0.4302,0.4998,0.6350,0.0737,0.0737,0.0942,0.0737,0.5110,0.7085,,0.1975,,57.52,-4.45,167.8,179.6,0.939,0.128,1.609
1791428764.359846,0.6350,0.7006,0.8440,0.3646,0.6350,0.6350,0.8030,0.8440,0.5695,0.2991,0.1557,0.4998,0.6350,0.1966,0.0942,0.1229,0.0737,0.5050,0.7090,,0.2040,,57.63,-4.42,167.1,179.5,0.990,0.128,
1791428764.393265,0.6350,0.9054,0.8030,0.4998,0.4998,0.4998,0.4998,0.4998,0.6350,0.4302,0.1557,0.4998,0.7006,0.0246,0.0737,0.0737,0.0942,0.5050,0.7100,,0.2050,,58.17,-4.43,167.5,179.7,0.986,0.126,1.546
1791428764.425983,0.7006,0.5695,0.8440,0.5695,0.4998,0.7538,0.8030,0.7006,0.4998,0.4998,0.2458,0.6350,0.7006,0.0410,0.0574,0.0942,0.0737,0.5080,0.7060,0.6780,0.1980,-0.0280,58.22,-4.39,167.5,179.9,0.950,0.125,1.514
1791428764.4603095,0.2991,0.7006,0.8767,0.5695,0.6350,0.8440,0.6350,0.7538,0.6350,0.3646,0.4998,0.6350,0.6350,0.0942,0.0737,0.0942,0.0574,,0.7090,0.6830,,-0.0260,58.22,-4.39,167.1,179.4,0.932,0.125,
1791428764.495755,0.4998,0.8767,0.8440,0.5695,0.6350,0.7006,0.7006,0.7006,0.5695,0.4302,0.3646,0.5695,0.5695,0.0574,0.0737,0.0942,0.0737,0.5040,0.7040,0.6790,0.2000,-0.0250,58.45,-4.29,167.1,179.4,0.924,0.124,1.435
1791428764.5353434,0.6350,0.5695,0.5695,0.7006,0.4998,0.7538,0.7538,0.7006,0.4302,0.4302,0.2458,0.3646,0.4998,0.1229,0.0942,0.0942,0.0574,0.5040,0.7075,,0.2035,,58.23,-4.30,166.8,179.6,0.940,0.125,1.537
1791428764.567279,0.5695,0.7538,0.7006,0.6350,0.5695,0.7538,0.8030,0.7006,0.5695,0.2991,0.1966,0.4998,0.6350,0.0942,0.0737,0.0737,0.0737,0.5040,0.7025,,0.1985,,58.15,-4.19,167.6,179.9,0.898,0.125,
1791428764.5984547,0.8030,0.8030,0.6350,0.5695,0.6350,0.8440,0.8030,0.7538,0.6350,0.3646,0.2991,0.5695,0.5695,0.0942,0.0942,0.1557,0.0737,0.5040,0.7080,0.6850,0.2040,-0.0230,58.14,-4.05,167.7,179.9,0.945,0.125,1.539
1791428764.6303213,0.5695,0.8440,0.8030,0.4998,0.4998,0.6350,0.8767,0.6350,0.6350,0.2991,0.1229,0.5695,0.6350,0.0574,0.0369,0.0737,0.0737,0.5050,0.7085,0.6750,0.2035,-0.0335,58.69,-4.28,167.8,179.9,0.919,0.123,
1791428764.663126,0.5695,0.6350,0.5695,0.6350,0.5695,0.8767,0.7538,0.8440,0.6350,0.2458,0.2991,0.5695,0.6350,0.0410,0.0205,0.0942,0.0942,0.5040,0.7070,0.6800,0.2030,-0.0270,58.61,-4.23,167.2,179.5,0.957,0.123,
1791428764.6941116,0.4302,0.4302,0.6350,0.6350,0.7538,0.7006,0.8440,0.7538,0.5695,0.3646,0.4302,0.4302,0.4998,0.0737,0.0410,0.0737,0.0574,0.5040,0.7070,,0.2030,,58.72,-4.23,167.1,180.0,0.931,0.123,1.483
1791428764.7262948,0.4302,0.6350,0.8440,0.4998,0.6350,0.7538,0.8030,0.6350,0.6350,0.2991,0.2458,0.3646,0.3646,0.0737,0.1229,0.0942,0.0737,0.5070,0.7040,,0.1970,,58.85,-4.19,166.8,179.7,0.878,0.122,
1791428764.7598128,0.5695,0.7006,0.7538,0.4998,0.5695,0.7538,0.8030,0.6350,0.6350,0.2458,0.0942,0.4998,0.6350,0.0574,0.0942,0.0574,0.0942,0.5040,0.7030,,0.1990,,58.93,-4.06,166.8,179.5,0.961,0.121,
1791428764.7928677,0.4998,0.7006,0.7006,0.4998,0.6350,0.8440,0.7006,0.5695,0.4998,0.4302,0.2458,0.5695,0.5695,0.0942,0.0574,0.0942,0.1229,0.5040,0.7060,0.6610,0.2020,-0.0450,59.01,-4.61,166.9,179.6,0.945,0.121,1.463
1791428764.8263729,0.5695,0.8030,0.7538,0.6350,0.5695,0.6350,0.8030,0.8030,0.5695,0.4302,0.2458,0.4998,0.7006,0.0737,0.0942,0.0737,0.0737,0.5030,0.7030,,0.2000,,59.11,-4.58,167.3,180.0,0.879,0.120,1.381
1791428764.859779,0.4998,0.7538,0.5695,0.4998,0.6350,0.7006,0.8030,0.6350,0.6350,0.2991,0.4302,0.4998,0.6350,0.0410,0.0205,0.1229,0.0737,0.5040,0.7065,,0.2025,,58.86,-4.57,166.4,179.8,0.974,0.122,1.641
1791428764.8998582,0.7006,0.8030,0.7538,0.4998,0.7538,0.6350,0.7006,0.7006,0.7006,0.2458,0.1557,0.5695,0.6350,0.0737,0.0737,0.1229,0.1229,0.5030,0.7080,0.6830,0.2050,-0.0250,58.70,-4.36,165.4,179.0,1.004,0.123,
1791428764.932749,0.5695,0.5695,0.5695,0.5695,0.5695,0.6350,0.6350,0.6350,0.6350,0.3646,0.1229,0.5695,0.7006,0.0737,0.0410,0.0737,0.0942,0.5020,0.7065,0.6740,0.2045,-0.0325,58.22,-4.40,165.4,179.4,1.021,0.125,1.580
1791428764.9641466,0.8030,0.7538,0.6350,0.4998,0.5695,0.7538,0.7006,0.7006,0.5695,0.2458,0.1557,0.4302,0.7006,0.1229,0.0369,0.0737,0.0942,0.5020,0.7080,,0.2060,,58.33,-4.47,165.1,179.2,0.946,0.125,
1791428764.9945157,0.5695,0.7006,0.7006,0.4998,0.8440,0.7538,0.6350,0.6350,0.7006,0.1966,0.0942,0.4998,0.6350,0.0410,0.0205,0.0737,0.0737,0.5050,0.7090,,0.2040,,58.29,-4.55,164.8,179.4,0.956,0.126,
1791428765.0268664,0.7538,0.7538,0.8030,0.6350,0.7006,0.7006,0.7538,0.7538,0.6350,0.5695,0.2991,0.6350,0.6350,0.1229,0.0942,0.0942,0.1229,0.5010,0.7070,0.6850,0.2060,-0.0220,58.24,-4.31,164.8,179.8,0.938,0.126,1.507
1791428765.0605829,0.6350,0.6350,0.7538,0.7006,0.6350,0.6350,0.7006,0.4998,0.4302,0.3646,0.1557,0.5695,0.5695,0.0369,0.0205,0.1229,0.1229,0.5030,0.7085,0.6770,0.2055,-0.0315,58.95,-4.43,165.7,179.1,0.918,0.123,1.351
1791428765.0938787,0.6350,0.7538,0.8030,0.4998,0.4998,0.6350,0.5695,0.6350,0.5695,0.2991,0.1557,0.5695,0.6350,0.0574,0.0942,0.0737,0.0574,0.5030,0.7070,0.6850,0.2040,-0.0220,59.14,-4.23,166.4,178.6,0.925,0.122,
1791428765.1274037,0.6350,0.6350,0.8767,0.5695,0.5695,0.8030,0.7006,0.5695,0.6350,0.3646,0.1557,0.4998,0.6350,0.0737,0.0246,0.0942,0.0942,0.5020,0.7060,,0.2040,,59.30,-4.18,165.8,177.7,0.953,0.121,1.471
1791428765.1599898,0.4302,0.8440,0.4998,0.3646,0.5695,0.7538,0.8440,0.5695,0.5695,0.4302,0.1557,0.5695,0.6350,0.0410,0.0942,0.0574,0.0737,0.5020,0.7045,0.6810,0.2025,-0.0235,59.16,-4.06,165.6,177.2,0.943,0.122,1.508
1791428765.2004812,0.4302,0.8030,0.8030,0.6350,0.7006,0.5695,0.7538,0.2991,0.4998,0.1966,0.1557,0.5695,0.6350,0.0410,0.0205,0.1229,0.1229,0.5020,0.7015,0.6580,0.1995,-0.0435,59.34,-4.60,165.7,177.7,0.905,0.120,
1791428765.2320948,0.4302,0.7538,0.4998,0.4998,0.5695,0.8030,0.7538,0.7006,0.6350,0.4302,0.2991,0.5695,0.6350,0.0410,0.0574,0.0737,0.0737,0.5020,0.7070,0.6780,0.2050,-0.0290,59.35,-4.60,165.7,178.8,0.906,0.121,1.436
1791428765.263477,0.8030,0.8440,0.6350,0.5695,0.7538,0.7006,0.6350,0.7006,0.7538,0.5695,0.1966,0.6350,0.6350,0.0410,0.0574,0.0942,0.0737,0.5010,0.7040,0.6850,0.2030,-0.0190,59.09,-4.26,165.5,178.3,0.936,0.122,1.490
1791428765.2959132,0.4998,0.8030,0.6350,0.6350,0.6350,0.6350,0.6350,0.6350,0.7006,0.7006,0.4302,0.4998,0.6350,0.0574,0.0737,0.1229,0.0942,0.5030,0.7070,,0.2040,,59.19,-4.33,165.4,179.1,0.902,0.121,1.398
1791428765.3279638,0.4302,0.6350,0.7538,0.6350,0.7006,0.7006,0.5695,0.4998,0.6350,0.1966,0.2991,0.6350,0.6350,0.0246,0.0246,0.1557,0.1229,0.5020,0.7080,0.6800,0.2060,-0.0280,59.08,-4.28,164.7,179.8,0.977,0.122,
1791428765.3610282,0.6350,0.8030,0.7538,0.4302,0.5695,0.6350,0.8030,0.5695,0.6350,0.4998,0.1229,0.4998,0.5695,0.0737,0.0737,0.0942,0.0737,0.5020,0.7035,,0.2015,,59.04,-4.21,165.4,179.9,0.925,0.122,1.453
1791428765.3942254,0.5695,0.6350,0.6350,0.5695,0.7006,0.6350,0.6350,0.6350,0.7538,0.4302,0.0737,0.5695,0.6350,0.0574,0.0574,0.0410,0.0574,0.5010,0.7070,0.6720,0.2060,-0.0350,58.67,-4.39,165.1,179.0,0.986,0.124,1.593
1791428765.4267032,0.3646,0.7006,0.8767,0.4998,0.5695,0.7006,0.7006,0.7538,0.4998,0.2458,0.1966,0.5695,0.6350,0.0574,0.0410,0.0942,0.0942,0.5020,0.7025,0.6610,0.2005,-0.0415,58.56,-4.79,165.0,178.9,0.919,0.124,
1791428765.4609988,0.4302,0.7538,0.6350,0.5695,0.4998,0.7006,0.7006,0.8030,0.4998,0.4302,0.1229,0.6350,0.6350,0.0942,0.1229,0.0942,0.0737,0.5010,0.7045,0.6730,0.2035,-0.0315,58.18,-4.76,165.3,179.2,0.968,0.126,1.529
1791428765.4951367,0.4998,0.9054,0.7006,0.6350,0.5695,0.8030,0.7538,0.7006,0.6350,0.4302,0.1229,0.5695,0.5695,0.1229,0.0737,0.0737,0.0737,0.5020,0.7025,0.6670,0.2005,-0.0355,58.77,-4.92,165.5,179.6,0.911,0.123,1.375
1791428765.5347848,0.4998,0.6350,0.6350,0.4302,0.6350,0.5695,0.7538,0.5695,0.6350,0.4302,0.1229,0.5695,0.5695,0.0737,0.0205,0.1229,0.0737,0.5020,0.7045,0.6610,0.2025,-0.0435,58.84,-5.27,165.0,179.1,0.926,0.123,1.455
1791428765.5653837,0.7006,0.8440,0.4998,0.7006,0.4998,0.6350,0.7538,0.5695,0.4998,0.7006,0.4302,0.4302,0.7006,0.0942,0.0942,0.0737,0.0737,0.5020,0.7070,,0.2050,,59.00,-5.38,165.7,179.0,0.908,0.122,1.507
1791428765.5987232,0.7538,0.8767,0.7006,0.6350,0.5695,0.7538,0.5695,0.7006,0.4998,0.2458,0.1229,0.4998,0.6350,0.1229,0.0942,0.1229,0.0942,0.5030,0.7075,,0.2045,,59.69,-5.45,166.2,178.1,0.929,0.119,
1791428765.629749,0.5695,0.8440,0.7006,0.5695,0.6350,0.6350,0.7006,0.6350,0.4998,0.4302,0.3646,0.5695,0.5695,0.0737,0.0574,0.0942,0.0737,0.5020,0.7040,0.6600,0.2020,-0.0440,59.55,-5.77,165.7,179.3,0.886,0.119,1.470
1791428765.6609206,0.4998,0.7538,0.8030,0.7006,0.6350,0.8030,0.7006,0.6350,0.6350,0.5695,0.1966,0.6350,0.7006,0.0942,0.0942,0.2458,0.1557,0.5020,0.7060,0.6830,0.2040,-0.0230,59.77,-5.36,165.8,178.4,0.893,0.118,1.434
1791428765.69371,0.6350,0.8030,0.5695,0.5695,0.4998,0.7006,0.8030,0.6350,0.3646,0.5695,0.2991,0.4998,0.6350,0.0942,0.0737,0.0942,0.0737,0.5020,0.7055,,0.2035,,59.93,-5.35,165.7,179.0,0.927,0.118,1.448
1791428765.7276685,0.5695,0.6350,0.7538,0.4998,0.6350,0.7538,0.7538,0.5695,0.3646,0.1557,0.0942,0.4302,0.5695,0.0205,0.0942,0.0574,0.0574,0.5020,0.7050,,0.2030,,59.83,-5.32,165.2,177.8,0.939,0.118,
1791428765.761448,0.7538,0.7006,0.8767,0.5695,0.4998,0.7006,0.7538,0.5695,0.4998,0.1557,0.1557,0.4998,0.5695,0.0942,0.0205,0.0942,0.1229,0.5020,0.7030,,0.2010,,59.85,-5.25,164.4,177.8,0.915,0.118,
1791428765.7953987,0.3646,0.7538,0.6350,0.4302,0.7538,0.5695,0.8030,0.5695,0.5695,0.2458,0.1229,0.5695,0.5695,0.0246,0.0205,0.0942,0.0942,0.5010,0.7030,0.6730,0.2020,-0.0300,60.02,-5.20,164.8,177.6,0.857,0.117,
1791428765.8347332,0.7006,0.8030,0.7006,0.7006,0.7006,0.7538,0.8440,0.7538,0.6350,0.2458,0.3646,0.5695,0.4998,0.1229,0.0942,0.0737,0.0737,0.5020,0.7055,,0.2035,,60.35,-5.21,164.8,178.7,0.930,0.115,1.578
1791428765.8664048,0.7006,0.4302,0.7006,0.4998,0.6350,0.7006,0.7006,0.5695,0.6350,0.5695,0.1557,0.5695,0.6350,0.1229,0.0369,0.0574,0.0737,0.5020,0.7005,0.6710,0.1985,-0.0295,60.06,-5.08,164.9,178.6,0.923,0.116,1.491
1791428765.8986385,0.6350,0.6350,0.8030,0.6350,0.6350,0.7538,0.7006,0.4998,0.6350,0.2991,0.1229,0.5695,0.6350,0.1229,0.0737,0.0942,0.0942,0.5010,0.7065,0.6720,0.2055,-0.0345,59.68,-5.09,164.7,178.0,0.964,0.119,
1791428765.9290898,0.6350,0.6350,0.6350,0.6350,0.7006,0.6350,0.7538,0.5695,0.6350,0.2991,0.3646,0.4998,0.5695,0.0942,0.0737,0.0737,0.0737,0.5040,0.7040,,0.2000,,59.91,-5.07,165.0,177.5,0.929,0.117,1.568
1791428765.9614885,0.5695,0.6350,0.7538,0.4998,0.7538,0.7006,0.8030,0.7006,0.4998,0.1966,0.2991,0.5695,0.5695,0.0369,0.0205,0.0737,0.0737,0.5030,0.7050,0.6710,0.2020,-0.0340,60.29,-5.13,164.6,178.4,0.902,0.115,
1791428765.9951682,0.8030,0.6350,0.7006,0.5695,0.4998,0.7538,0.8030,0.5695,0.5695,0.3646,0.4998,0.5695,0.6350,0.1229,0.0246,0.0737,0.0942,0.5030,0.7025,0.6770,0.1995,-0.0255,60.40,-4.91,164.7,179.7,0.906,0.115,1.440
1791428766.0290284,0.5695,0.6350,0.6350,0.5695,0.5695,0.7006,0.7538,0.4998,0.4998,0.1557,0.2991,0.6350,0.5695,0.0410,0.0369,0.0737,0.0942,0.5020,0.7040,0.6750,0.2020,-0.0290,60.62,-4.83,164.1,179.9,0.924,0.114,
1791428766.0611963,0.7006,0.7006,0.5695,0.4998,0.6350,0.7538,0.5695,0.7538,0.6350,0.2458,0.1966,0.4998,0.5695,0.0574,0.0205,0.0942,0.0737,0.5020,0.7015,,0.1995,,60.58,-4.75,164.1,179.8,0.915,0.113,
1791428766.0953238,0.4998,0.7006,0.7538,0.4302,0.4998,0.7006,0.8030,0.6350,0.4302,0.2458,0.2991,0.5695,0.6350,0.0574,0.0737,0.0737,0.0574,0.5000,0.7000,0.6760,0.2000,-0.0240,60.43,-4.58,164.1,179.0,0.888,0.114,
1791428766.1368837,0.7006,0.7538,0.5695,0.7538,0.5695,0.5695,0.7538,0.4998,0.7006,0.6350,0.1966,0.5695,0.5695,0.0737,0.0369,0.1229,0.1229,0.5020,0.7060,0.6820,0.2040,-0.0240,61.05,-4.39,164.7,178.1,0.940,0.112,1.427
1791428766.1686182,0.7006,0.5695,0.5695,0.5695,0.5695,0.7006,0.7538,0.5695,0.4302,0.2458,0.1966,0.5695,0.6350,0.1229,0.0205,0.0942,0.1557,0.5000,0.7030,0.6580,0.2030,-0.0450,60.81,-4.93,162.9,177.4,0.905,0.113,
1791428766.2001793,0.8440,0.8030,0.6350,0.4998,0.6350,0.7006,0.8440,0.7006,0.3646,0.1966,0.1966,0.5695,0.6350,0.1557,0.0369,0.0737,0.0737,0.5020,0.7025,0.6740,0.2005,-0.0285,60.83,-4.83,162.4,176.9,0.912,0.113,
1791428766.2314198,0.4302,0.4302,0.7538,0.4998,0.4998,0.8030,0.7538,0.7538,0.5695,0.4998,0.3646,0.5695,0.7006,0.0737,0.0574,0.1557,0.1229,0.5020,0.7040,0.6610,0.2020,-0.0430,60.74,-5.17,162.7,175.8,0.953,0.113,1.508
1791428766.2625585,0.4998,0.7006,0.6350,0.4998,0.5695,0.7538,0.7538,0.5695,0.3646,0.1966,0.1229,0.4998,0.5695,0.0942,0.0942,0.0737,0.0942,0.5010,0.7055,,0.2045,,60.87,-5.26,162.3,175.2,0.895,0.113,
1791428766.2954223,0.7538,0.7538,0.7006,0.5695,0.7006,0.7538,0.7538,0.8030,0.4998,0.4302,0.4302,0.4998,0.5695,0.0410,0.0205,0.0410,0.0574,0.5020,0.7060,,0.2040,,60.75,-5.32,163.5,176.5,0.929,0.113,1.498
1791428766.3292046,0.3646,0.7006,0.7538,0.6350,0.4998,0.4998,0.7538,0.6350,0.7006,0.3646,0.1557,0.6350,0.5695,0.0737,0.0205,0.0942,0.0942,0.5010,0.7065,0.6800,0.2055,-0.0265,60.76,-5.03,163.4,177.4,0.965,0.114,1.521
1791428766.3624701,0.4998,0.8440,0.7006,0.4998,0.6350,0.7006,0.8440,0.6350,0.5695,0.1557,0.0942,0.5695,0.5695,0.0942,0.1229,0.0737,0.0942,0.5020,0.7050,0.6820,0.2030,-0.0230,60.94,-4.74,162.5,177.4,0.925,0.113,
1791428766.3954892,0.8030,0.7006,0.7006,0.6350,0.4998,0.7006,0.7006,0.7006,0.4998,0.1229,0.2458,0.4998,0.5695,0.0205,0.0410,0.1229,0.0737,0.5020,0.7070,,0.2050,,61.11,-4.80,160.9,177.3,0.929,0.112,
1791428766.428697,0.7538,0.6350,0.6350,0.5695,0.4302,0.8030,0.8440,0.8030,0.5695,0.3646,0.0942,0.4998,0.6350,0.0574,0.0942,0.0942,0.0737,0.5060,0.7060,,0.2000,,61.35,-4.88,162.4,176.9,0.881,0.111,1.420
1791428766.4689236,0.7006,0.6350,0.7006,0.6350,0.6350,0.7006,0.7538,0.7006,0.4302,0.2991,0.2458,0.5695,0.5695,0.0942,0.0246,0.1557,0.0942,0.5000,0.7045,0.6770,0.2045,-0.0275,61.06,-4.69,163.4,177.4,0.981,0.112,
1791428766.5007594,0.4998,0.5695,0.6350,0.6350,0.4998,0.6350,0.6350,0.6350,0.5695,0.3646,0.1229,0.4998,0.6350,0.0942,0.0574,0.0942,0.0737,0.4990,0.7070,,0.2080,,61.43,-4.73,164.9,176.8,0.946,0.111,1.406
1791428766.531908,0.7006,0.6350,0.6350,0.6350,0.7006,0.7006,0.7538,0.4998,0.6350,0.2991,0.1229,0.5695,0.6350,0.0737,0.0246,0.0942,0.1229,0.5010,0.7065,0.6590,0.2055,-0.0475,61.60,-5.20,165.1,177.9,0.964,0.111,
1791428766.5643008,0.4998,0.7006,0.8030,0.7006,0.6350,0.7006,0.7538,0.8030,0.6350,0.2458,0.1557,0.4998,0.6350,0.0574,0.0942,0.0942,0.0737,0.5000,0.7035,,0.2035,,61.24,-5.10,164.4,178.3,0.973,0.112,
1791428766.5952988,0.7006,0.5695,0.7538,0.5695,0.5695,0.4302,0.7538,0.5695,0.7006,0.4302,0.0942,0.6350,0.6350,0.0737,0.0737,0.0942,0.1229,0.4990,0.7045,0.6820,0.2055,-0.0225,60.87,-4.80,164.1,177.3,0.907,0.114,1.462
1791428766.6288881,0.6350,0.8440,0.6350,0.5695,0.6350,0.5695,0.8440,0.7006,0.4998,0.5695,0.3646,0.4998,0.5695,0.0942,0.0737,0.0942,0.0574,0.5000,0.7085,,0.2085,,61.00,-4.91,164.2,178.5,0.931,0.114,1.493
1791428766.6626494,0.8767,0.6350,0.7006,0.5695,0.7006,0.5695,0.8030,0.7538,0.4302,0.2458,0.1966,0.4302,0.6350,0.0246,0.1229,0.1229,0.1229,0.5000,0.7070,,0.2070,,61.35,-4.97,163.8,179.0,0.921,0.112,
1791428766.6972566,0.4302,0.5695,0.6350,0.6350,0.4998,0.7538,0.5695,0.5695,0.4302,0.3646,0.3646,0.4998,0.6350,0.1229,0.0737,0.0737,0.0737,0.5010,0.7035,,0.2025,,61.10,-4.91,164.4,179.4,0.916,0.113,1.492
1791428766.7372065,0.7006,0.7006,0.6350,0.4998,0.4998,0.7538,0.5695,0.7006,0.7006,0.2458,0.3646,0.5695,0.7006,0.0737,0.0942,0.0942,0.0737,0.4990,0.7005,0.6820,0.2015,-0.0185,61.02,-4.54,164.3,178.4,0.885,0.113,1.554
1791428766.7686644,0.5695,0.8030,0.5695,0.6350,0.4998,0.6350,0.7006,0.7538,0.5695,0.5695,0.1229,0.4302,0.6350,0.0246,0.0369,0.0942,0.0942,0.5000,0.7015,,0.2015,,61.02,-4.51,163.9,177.7,0.852,0.113,1.380
1791428766.8010392,0.8767,0.7006,0.5695,0.7006,0.6350,0.7006,0.7006,0.7006,0.5695,0.5695,0.1966,0.5695,0.6350,0.0574,0.0737,0.0574,0.0574,0.4990,0.7080,0.6610,0.2090,-0.0470,60.67,-4.97,164.4,176.7,1.019,0.115,1.543
1791428766.8321517,0.8030,0.4998,0.6350,0.5695,0.5695,0.7538,0.7538,0.6350,0.4998,0.4998,0.1966,0.5695,0.5695,0.0942,0.1229,0.0942,0.0942,0.5010,0.7035,0.6610,0.2025,-0.0425,60.63,-5.31,164.0,177.2,0.906,0.115,1.439
1791428766.8639219,0.7006,0.6350,0.8030,0.7538,0.4998,0.5695,0.8440,0.7006,0.7006,0.2458,0.1966,0.4998,0.6350,0.0737,0.0574,0.0737,0.0574,0.5000,0.7020,,0.2020,,60.80,-5.25,164.6,176.0,0.903,0.114,
1791428766.8960257,0.4998,0.4998,0.6350,0.4998,0.5695,0.7538,0.7006,0.7538,0.5695,0.3646,0.1229,0.5695,0.7006,0.0942,0.0942,0.0942,0.0737,0.4990,0.7030,0.6800,0.2040,-0.0230,60.62,-4.90,164.0,175.8,0.943,0.115,1.470
1791428766.9290173,0.8030,0.7006,0.4998,0.6350,0.5695,0.5695,0.7006,0.7006,0.4302,0.1229,0.2991,0.4998,0.6350,0.0737,0.0205,0.0574,0.0737,0.4990,0.7060,,0.2070,,60.84,-4.91,164.3,176.1,0.977,0.114,
1791428766.9627051,0.6350,0.7538,0.6350,0.5695,0.4302,0.7006,0.7538,0.7006,0.6350,0.4998,0.2458,0.5695,0.6350,0.0574,0.0942,0.0737,0.0942,0.4990,0.7030,0.6560,0.2040,-0.0470,61.22,-5.38,163.9,176.4,0.917,0.112,1.406
1791428766.995471,0.6350,0.5695,0.9054,0.4302,0.7006,0.5695,0.7006,0.5695,0.6350,0.3646,0.1966,0.4998,0.6350,0.0942,0.0737,0.1229,0.0737,0.4990,0.7070,,0.2080,,61.19,-5.44,164.1,176.6,0.957,0.113,1.523
1791428767.030065,0.5695,0.5695,0.9054,0.7006,0.7006,0.8030,0.7538,0.7538,0.5695,0.1966,0.4998,0.6350,0.7006,0.0369,0.0410,0.0574,0.0410,0.4950,0.7030,0.6770,0.2080,-0.0260,61.18,-5.17,164.1,176.7,0.922,0.113,1.575
1791428767.0705109,0.8030,0.6350,0.5695,0.7006,0.6350,0.7006,0.7538,0.5695,0.5695,0.3646,0.2991,0.4998,0.7006,0.0737,0.0410,0.0574,0.0942,0.4990,0.6995,,0.2005,,61.19,-5.03,164.2,177.5,0.923,0.113,1.435
1791428767.1019943,0.4302,0.8030,0.4998,0.5695,0.4998,0.7538,0.7006,0.7538,0.4998,0.4998,0.2991,0.4998,0.6350,0.0737,0.1229,0.0942,0.0942,0.4990,0.7060,,0.2070,,61.08,-5.12,165.1,178.1,0.925,0.113,1.449
1791428767.132995,0.5695,0.5695,0.8767,0.5695,0.6350,0.7538,0.7006,0.5695,0.7006,0.1229,0.4302,0.5695,0.5695,0.1229,0.1229,0.0942,0.0942,0.4990,0.7050,0.6780,0.2060,-0.0270,60.81,-4.90,163.0,178.9,0.953,0.115,1.650
1791428767.1647809,0.6350,0.4998,0.7006,0.5695,0.7006,0.7538,0.7006,0.6350,0.4998,0.1229,0.1229,0.4998,0.5695,0.0942,0.0410,0.0942,0.0737,0.4990,0.7025,,0.2035,,60.69,-4.86,163.2,179.3,0.934,0.115,
1791428767.1970258,0.6350,0.7006,0.8440,0.5695,0.6350,0.7006,0.5695,0.7006,0.4302,0.2458,0.2458,0.4998,0.6350,0.0205,0.0369,0.1229,0.1229,0.4950,0.7075,,0.2125,,60.50,-4.93,162.9,178.0,0.972,0.117,
1791428767.2299738,0.4998,0.7006,0.5695,0.4998,0.7538,0.4998,0.7006,0.8030,0.6350,0.4302,0.2991,0.4998,0.6350,0.0737,0.0737,0.0942,0.0737,0.5000,0.7035,,0.2035,,60.15,-4.93,163.0,178.6,0.918,0.118,1.479
1791428767.263018,0.3646,0.8030,0.7538,0.4998,0.4998,0.6350,0.7006,0.7006,0.5695,0.4302,0.0942,0.5695,0.5695,0.0737,0.0737,0.1229,0.0737,0.5000,0.7025,0.6630,0.2025,-0.0395,60.42,-5.16,163.5,176.8,0.923,0.116,1.379
1791428767.296988,0.5695,0.6350,0.6350,0.6350,0.6350,0.7006,0.7006,0.7538,0.4998,0.1557,0.1229,0.4998,0.5695,0.0942,0.0246,0.1557,0.1229,0.4990,0.7070,,0.2080,,60.56,-5.34,163.5,176.5,0.861,0.116,
1791428767.3299286,0.5695,0.7538,0.6350,0.3646,0.7538,0.7538,0.8440,0.4302,0.7538,0.2458,0.2458,0.3646,0.5695,0.0942,0.0574,0.0942,0.0737,0.4950,0.7000,,0.2050,,60.46,-5.22,164.1,175.8,0.894,0.117,
1791428767.369925,0.7006,0.7006,0.6350,0.6350,0.6350,0.7538,0.8030,0.7538,0.7006,0.2458,0.4998,0.4302,0.4998,0.0737,0.0369,0.1557,0.1229,0.5000,0.7075,,0.2075,,61.20,-5.36,164.7,176.0,0.902,0.113,1.559
1791428767.4019308,0.7538,0.8030,0.9054,0.4302,0.7006,0.7006,0.6350,0.7006,0.4998,0.3646,0.3646,0.4302,0.5695,0.1229,0.0942,0.1229,0.0737,0.4990,0.7015,,0.2025,,61.26,-5.32,164.7,176.3,0.869,0.113,1.441
1791428767.4338088,0.7006,0.7006,0.7006,0.4302,0.5695,0.5695,0.7006,0.4998,0.4302,0.4998,0.2458,0.4998,0.7006,0.0737,0.0737,0.0942,0.0737,0.4980,0.7035,,0.2055,,61.45,-5.30,165.0,175.7,0.910,0.112,1.428
1791428767.4664266,0.4302,0.6350,0.4998,0.6350,0.7538,0.7006,0.7538,0.7006,0.6350,0.2991,0.4302,0.5695,0.5695,0.0737,0.0737,0.0737,0.0737,0.4990,0.7040,0.6820,0.2050,-0.0220,61.46,-4.89,164.6,176.4,0.947,0.112,1.617
1791428767.4982226,0.4302,0.3646,0.4998,0.4998,0.4302,0.6350,0.7538,0.7006,0.4998,0.1966,0.2458,0.4998,0.6350,0.1557,0.0942,0.1229,0.0737,0.4990,0.6990,,0.2000,,60.99,-4.77,163.7,176.4,0.884,0.113,
1791428767.5296402,0.6350,0.8440,0.6350,0.5695,0.4998,0.7006,0.7538,0.7006,0.4998,0.4302,0.1966,0.5695,0.5695,0.0942,0.0737,0.0737,0.0737,0.4990,0.7060,0.6870,0.2070,-0.0190,61.06,-4.44,164.3,176.4,0.880,0.113,1.388
1791428767.563631,0.5695,0.7006,0.6350,0.4998,0.7006,0.7538,0.7006,0.4998,0.4302,0.2991,0.2458,0.4998,0.6350,0.0737,0.0205,0.0737,0.0574,0.4980,0.7065,,0.2085,,61.01,-4.48,164.5,176.2,0.956,0.114,
1791428767.5965726,0.7006,0.7006,0.8767,0.7006,0.8030,0.7538,0.8030,0.6350,0.6350,0.2991,0.1966,0.4998,0.6350,0.0737,0.0574,0.0737,0.1229,0.4980,0.7065,,0.2085,,60.97,-4.52,164.4,176.2,0.954,0.114,
1791428767.6308343,0.8030,0.8030,0.8030,0.5695,0.7006,0.6350,0.7538,0.6350,0.4998,0.2991,0.1229,0.4302,0.4998,0.0737,0.1966,0.0737,0.0942,0.5000,0.7075,,0.2075,,61.27,-4.62,164.2,175.8,0.915,0.113,
1791428767.6639657,0.4998,0.7538,0.6350,0.5695,0.5695,0.8440,0.8030,0.5695,0.6350,0.6350,0.0942,0.4998,0.5695,0.0737,0.0737,0.0942,0.0574,0.5000,0.7015,,0.2015,,61.63,-4.61,164.3,175.7,0.813,0.111,1.342
1791428767.7047894,0.6350,0.9054,0.5695,0.7006,0.7538,0.7006,0.7538,0.6350,0.6350,0.7538,0.1557,0.5695,0.6350,0.0574,0.0942,0.0942,0.1229,0.4990,0.7070,0.6780,0.2080,-0.0290,61.82,-4.54,165.4,175.6,0.968,0.110,1.464
1791428767.7362545,0.4998,0.8030,0.9259,0.6350,0.7006,0.6350,0.8030,0.7538,0.5695,0.2991,0.1557,0.4302,0.5695,0.1229,0.0246,0.0942,0.0737,0.4990,0.7085,,0.2095,,61.54,-4.55,165.4,175.4,1.013,0.112,
1791428767.7679005,0.7538,0.7538,0.9054,0.5695,0.5695,0.7006,0.7538,0.6350,0.4998,0.1229,0.3646,0.4998,0.6350,0.0942,0.1229,0.0942,0.1229,0.4990,0.7045,,0.2055,,61.81,-4.55,163.7,175.3,0.897,0.111,1.521
1791428767.7995722,0.6350,0.5695,0.7006,0.5695,0.7006,0.7538,0.7538,0.6350,0.5695,0.2991,0.1229,0.5695,0.6350,0.0737,0.0246,0.1557,0.0737,0.4990,0.7060,0.6810,0.2070,-0.0250,61.73,-4.40,163.9,176.0,0.941,0.111,
1791428767.832183,0.4302,0.6350,0.7538,0.5695,0.4998,0.5695,0.7006,0.6350,0.2991,0.1966,0.1557,0.5695,0.7006,0.0942,0.0737,0.0942,0.1229,0.5000,0.7060,0.6610,0.2060,-0.0450,61.92,-4.87,163.6,175.3,0.960,0.110,
1791428767.8637254,0.6350,0.6350,0.9259,0.5695,0.5695,0.5695,0.7538,0.7006,0.4302,0.4302,0.3646,0.4302,0.4998,0.0737,0.0369,0.0942,0.0574,0.4990,0.7075,,0.2085,,61.44,-4.86,164.3,177.0,0.995,0.113,1.566
1791428767.8970394,0.5695,0.6350,0.6350,0.5695,0.6350,0.6350,0.7538,0.7006,0.4998,0.2458,0.1229,0.4302,0.5695,0.0574,0.0205,0.0737,0.0737,0.4990,0.7075,,0.2085,,61.53,-4.92,164.0,176.7,0.937,0.112,
1791428767.930098,0.5695,0.7006,0.8440,0.5695,0.4998,0.6350,0.6350,0.5695,0.5695,0.1966,0.3646,0.5695,0.6350,0.0942,0.0246,0.1229,0.0737,0.4990,0.7055,0.6580,0.2065,-0.0475,61.90,-5.40,164.1,177.9,0.913,0.111,1.547
1791428767.963167,0.3646,0.4998,0.8440,0.7538,0.6350,0.6350,0.8030,0.7006,0.5695,0.3646,0.1966,0.4998,0.4302,0.1557,0.0942,0.0737,0.0574,0.4990,0.7065,,0.2075,,62.01,-5.47,164.5,178.2,0.890,0.110,1.423
1791428767.9973743,0.4998,0.5695,0.8440,0.4302,0.4998,0.8030,0.5695,0.5695,0.6350,0.5695,0.0574,0.4302,0.5695,0.0737,0.1229,0.0942,0.0737,0.4980,0.7030,,0.2050,,61.68,-5.37,164.7,177.8,0.928,0.111,1.471
1791428768.0375142,0.5695,0.6350,0.7006,0.5695,0.5695,0.7538,0.6350,0.7006,0.7006,0.2458,0.1557,0.5695,0.5695,0.0574,0.0942,0.0737,0.0737,0.4990,0.7045,0.6750,0.2055,-0.0295,61.58,-5.18,165.2,178.0,0.956,0.112,
1791428768.0694683,0.6350,0.8030,0.8030,0.6350,0.7006,0.5695,0.7006,0.6350,0.7006,0.2458,0.1229,0.4998,0.6350,0.0246,0.0942,0.1229,0.0737,0.5000,0.7055,,0.2055,,61.72,-5.21,164.4,177.6,0.913,0.111,
1791428768.1004975,0.4998,0.6350,0.8440,0.7006,0.6350,0.6350,0.7538,0.7006,0.7006,0.2991,0.4998,0.4998,0.6350,0.0574,0.0737,0.1229,0.0410,0.4970,0.7085,,0.2115,,61.82,-5.27,164.3,177.3,0.962,0.111,1.621
1791428768.1320972,0.7538,0.8440,0.8440,0.5695,0.5695,0.7006,0.7538,0.5695,0.5695,0.4302,0.4302,0.4998,0.6350,0.0246,0.1229,0.0942,0.0942,0.4970,0.7085,,0.2115,,61.22,-5.30,165.4,178.1,0.974,0.114,1.573
1791428768.1639776,0.5695,0.9054,0.8767,0.6350,0.7006,0.7538,0.7538,0.4998,0.3646,0.1966,0.4302,0.5695,0.4998,0.0737,0.0942,0.0737,0.0942,0.5000,0.7025,,0.2025,,61.28,-5.20,165.1,178.6,0.925,0.113,1.564
1791428768.1971374,0.5695,0.5695,0.8030,0.4302,0.7006,0.7538,0.6350,0.6350,0.5695,0.5695,0.2458,0.5695,0.6350,0.0574,0.0410,0.0369,0.0942,0.5000,0.7010,0.6720,0.2010,-0.0290,61.29,-5.09,165.3,179.5,0.894,0.113,1.421
1791428768.230216,0.4998,0.6350,0.6350,0.5695,0.7538,0.7006,0.7538,0.7538,0.5695,0.3646,0.2991,0.4302,0.5695,0.0942,0.0737,0.0942,0.0942,0.4990,0.7040,,0.2050,,60.89,-5.11,165.7,179.9,0.895,0.115,1.501
1791428768.264189,0.4998,0.7006,0.9054,0.6350,0.6350,0.7006,0.7006,0.7538,0.4998,0.4998,0.1229,0.6350,0.6350,0.0942,0.0942,0.0737,0.0574,0.5000,0.7075,0.6820,0.2075,-0.0255,61.28,-4.84,164.9,179.6,0.956,0.113,1.478
1791428768.2985144,0.6350,0.7538,0.7006,0.7538,0.4998,0.7538,0.7538,0.7006,0.6350,0.5695,0.3646,0.5695,0.5695,0.0942,0.0737,0.0942,0.0574,0.4990,0.7085,0.6800,0.2095,-0.0285,61.28,-4.72,164.9,178.6,0.962,0.113,1.509
1791428768.339565,0.7006,0.4998,0.7538,0.4998,0.5695,0.7006,0.8440,0.6350,0.4302,0.4998,0.3646,0.6350,0.6350,0.0737,0.0205,0.0737,0.0737,0.5000,0.7035,0.6790,0.2035,-0.0245,61.49,-4.52,165.1,178.2,0.940,0.112,1.448
1791428768.371523,0.4302,0.7538,0.7006,0.7006,0.6350,0.7538,0.7538,0.7006,0.6350,0.2458,0.1966,0.4302,0.3646,0.0369,0.0246,0.0942,0.0737,0.5000,0.7070,,0.2070,,61.61,-4.60,164.5,178.4,0.899,0.111,
1791428768.4032207,0.4998,0.7006,0.8030,0.7006,0.4998,0.6350,0.7538,0.5695,0.5695,0.2458,0.2458,0.4998,0.6350,0.1229,0.0942,0.0942,0.0737,0.4990,0.7040,,0.2050,,61.65,-4.54,164.8,178.4,0.942,0.111,
1791428768.4344268,0.7006,0.7538,0.7006,0.5695,0.7006,0.7538,0.7006,0.7538,0.3646,0.2458,0.1557,0.4302,0.5695,0.1229,0.0205,0.0574,0.0574,0.4980,0.6995,,0.2015,,61.39,-4.41,164.4,177.1,0.885,0.112,
1791428768.4659753,0.6350,0.6350,0.8030,0.5695,0.5695,0.7006,0.7538,0.7538,0.4302,0.3646,0.3646,0.6350,0.7006,0.0942,0.0737,0.0942,0.0574,0.5000,0.7025,0.6790,0.2025,-0.0235,61.43,-4.24,164.5,176.6,0.940,0.111,1.468
1791428768.497584,0.5695,0.6350,0.8767,0.6350,0.6350,0.7006,0.8030,0.6350,0.7006,0.4302,0.1229,0.4998,0.5695,0.1229,0.0942,0.0942,0.0942,0.5010,0.7020,,0.2010,,61.05,-4.22,164.4,177.3,0.882,0.113,1.450
1791428768.5320327,0.7006,0.7006,0.7538,0.7006,0.6350,0.4998,0.7006,0.7006,0.6350,0.1966,0.4302,0.4998,0.6350,0.0942,0.1557,0.0942,0.0942,0.4990,0.7020,,0.2030,,60.94,-4.16,165.0,178.2,0.936,0.113,1.545
1791428768.5651817,0.6350,0.8440,0.8440,0.6350,0.5695,0.7538,0.6350,0.6350,0.7006,0.1966,0.4998,0.6350,0.6350,0.0574,0.0369,0.0737,0.0737,0.5010,0.7030,0.6830,0.2020,-0.0200,61.12,-3.97,164.8,178.8,0.900,0.112,1.553
1791428768.598492,0.5695,0.8440,0.8440,0.4302,0.6350,0.8030,0.7006,0.7006,0.5695,0.1557,0.4302,0.3646,0.4302,0.0574,0.0369,0.1229,0.1229,0.5000,0.7035,,0.2035,,61.08,-3.97,164.0,177.0,0.922,0.112,1.631
1791428768.6316648,0.4998,0.5695,0.9054,0.6350,0.4302,0.7006,0.7538,0.7006,0.5695,0.3646,0.1557,0.5695,0.5695,0.1229,0.1966,0.0737,0.0737,0.4970,0.7065,0.6830,0.2095,-0.0235,60.73,-3.87,164.4,177.7,0.966,0.115,1.595
1791428768.673125,0.7006,0.6350,0.7538,0.4998,0.8030,0.4998,0.8030,0.4302,0.4302,0.4998,0.4998,0.5695,0.6350,0.0942,0.0942,0.0737,0.0574,0.4990,0.7020,0.6810,0.2030,-0.0210,61.04,-3.75,165.0,178.0,0.922,0.113,1.427
1791428768.7050443,0.6350,0.6350,0.7538,0.5695,0.7006,0.8030,0.7006,0.4998,0.5695,0.4998,0.3646,0.4998,0.5695,0.0410,0.0164,0.0942,0.0737,0.4990,0.6985,,0.1995,,61.25,-3.66,165.5,177.0,0.841,0.112,1.376
1791428768.7359478,0.6350,0.7006,0.7006,0.5695,0.3646,0.7538,0.6350,0.5695,0.6350,0.2458,0.4302,0.4998,0.5695,0.0737,0.0574,0.0574,0.0942,0.4960,0.7010,,0.2050,,61.22,-3.61,165.3,177.4,0.917,0.112,1.628
1791428768.7674046,0.7538,0.9054,0.7538,0.4998,0.6350,0.4302,0.6350,0.7006,0.4998,0.1557,0.3646,0.4998,0.6350,0.0574,0.0246,0.0574,0.0574,0.4970,0.7025,,0.2055,,60.92,-3.58,164.7,177.4,0.964,0.113,1.614
1791428768.7992382,0.2991,0.4998,0.7006,0.5695,0.4998,0.7538,0.7006,0.8030,0.5695,0.2991,0.1557,0.4998,0.5695,0.0737,0.0410,0.0737,0.0737,,0.7045,,,,60.92,-3.58,164.4,176.6,0.930,0.113,
1791428768.831099,0.4998,0.5695,0.6350,0.4998,0.5695,0.6350,0.8440,0.6350,0.4998,0.4998,0.1557,0.6350,0.5695,0.0942,0.0205,0.0942,0.0737,0.4970,0.6995,0.6760,0.2025,-0.0235,60.55,-3.62,164.9,177.0,0.889,0.115,1.421
1791428768.8662302,0.7538,0.4302,0.7538,0.6350,0.3646,0.7006,0.8440,0.5695,0.4302,0.5695,0.4302,0.3646,0.4998,0.0942,0.1229,0.0942,0.0574,0.4990,0.7025,,0.2035,,60.56,-3.67,164.6,177.4,0.885,0.115,1.433
1791428768.8981996,0.5695,0.6350,0.8440,0.4302,0.4998,0.5695,0.7006,0.6350,0.3646,0.1557,0.1229,0.4998,0.6350,0.0369,0.0369,0.0737,0.0942,0.4990,0.7040,,0.2050,,60.39,-3.75,163.7,177.3,0.886,0.116,
1791428768.9320092,0.5695,0.4998,0.7006,0.5695,0.4998,0.6350,0.4998,0.6350,0.3646,0.3646,0.1229,0.4302,0.5695,0.0737,0.0737,0.0942,0.0737,0.4980,0.7085,,0.2105,,60.66,-3.92,164.3,176.7,0.934,0.115,1.493
1791428768.9652224,0.7006,0.4998,0.7006,0.4998,0.7006,0.4998,0.6350,0.6350,0.4998,0.2458,0.2991,0.4998,0.6350,0.0369,0.0369,0.0942,0.0942,0.4990,0.7085,,0.2095,,60.85,-4.04,164.2,177.3,0.946,0.115,
1791428769.0051038,0.7006,0.8030,0.7006,0.5695,0.4998,0.7006,0.7538,0.4998,0.4302,0.2991,0.2458,0.6350,0.6350,0.0737,0.0737,0.1229,0.0942,0.5000,0.7035,0.6810,0.2035,-0.0225,61.30,-3.93,165.3,176.3,0.932,0.113,
1791428769.0370967,0.6350,0.7538,0.8440,0.5695,0.4998,0.6350,0.6350,0.7538,0.7006,0.2991,0.4302,0.4302,0.6350,0.0574,0.0205,0.0942,0.0737,0.5000,0.7030,,0.2030,,61.28,-3.88,164.2,174.1,0.930,0.112,1.633
1791428769.067831,0.5695,0.7006,0.8030,0.5695,0.6350,0.6350,0.7006,0.7006,0.5695,0.3646,0.2991,0.4998,0.7006,0.0942,0.0942,0.0942,0.0737,0.5020,0.7070,,0.2050,,61.24,-3.93,164.0,174.6,0.971,0.113,1.546
1791428769.1002457,0.7006,0.7538,0.7006,0.7538,0.3646,0.8030,0.6350,0.6350,0.7538,0.2458,0.4302,0.4998,0.5695,0.0574,0.0574,0.1229,0.0942,0.4990,0.7010,,0.2020,,61.49,-3.85,165.3,175.7,0.885,0.111,1.509
1791428769.1324527,0.5695,0.4998,0.7006,0.4998,0.5695,0.5695,0.8440,0.8030,0.4998,0.4302,0.1557,0.5695,0.6350,0.0574,0.0205,0.0737,0.0737,0.5000,0.7025,0.6620,0.2025,-0.0405,61.78,-4.33,165.4,175.1,0.926,0.109,1.427
1791428769.1654253,0.4302,0.6350,0.8030,0.6350,0.5695,0.7538,0.7538,0.6350,0.4998,0.2991,0.1557,0.3646,0.4998,0.0942,0.0574,0.0737,0.0737,0.5020,0.7010,,0.1990,,61.65,-4.31,165.3,173.9,0.860,0.110,
1791428769.198861,0.7006,0.7006,0.9054,0.7006,0.6350,0.8440,0.7538,0.6350,0.6350,0.5695,0.0942,0.5695,0.5695,0.0737,0.0574,0.0942,0.0574,0.5000,0.7015,0.6790,0.2015,-0.0225,61.81,-4.19,165.2,172.2,0.877,0.109,1.400
1791428769.232695,0.4302,0.4998,0.6350,0.6350,0.5695,0.8030,0.8030,0.6350,0.4998,0.2991,0.1966,0.4998,0.4998,0.0942,0.0942,0.0737,0.0574,0.4990,0.7030,,0.2040,,60.83,-4.17,164.5,173.1,0.925,0.113,
1791428769.2649653,0.4302,0.6350,0.8030,0.5695,0.7538,0.7538,0.7538,0.5695,0.5695,0.1966,0.3646,0.3646,0.4998,0.0942,0.0246,0.0737,0.0737,0.5000,0.7060,,0.2060,,60.98,-4.26,164.3,174.8,0.922,0.113,1.602
1791428769.3056831,0.7538,0.7006,0.8767,0.4998,0.6350,0.6350,0.7006,0.7006,0.2991,0.1557,0.0942,0.3646,0.4998,0.0410,0.0164,0.0737,0.0574,0.5000,0.7045,,0.2045,,60.77,-4.26,162.9,175.0,0.949,0.114,
1791428769.3371413,0.6350,0.7538,0.7006,0.4302,0.4302,0.7538,0.5695,0.7006,0.5695,0.2458,0.1966,0.4998,0.6350,0.1229,0.0205,0.1229,0.0942,0.5000,0.7080,,0.2080,,60.91,-4.35,163.9,174.0,0.962,0.114,
1791428769.368412,0.7006,0.4302,0.9259,0.5695,0.4998,0.8767,0.8030,0.7006,0.4998,0.4302,0.3646,0.4998,0.6350,0.0574,0.0737,0.0737,0.0737,0.5000,0.7070,,0.2070,,61.00,-4.41,163.9,175.9,0.943,0.114,1.523
1791428769.401038,0.6350,0.4998,0.7006,0.6350,0.6350,0.6350,0.8030,0.6350,0.4302,0.4302,0.2458,0.4998,0.6350,0.0574,0.0164,0.0737,0.0737,0.5000,0.7020,,0.2020,,61.23,-4.35,164.3,176.4,0.897,0.112,1.399
1791428769.4322808,0.7538,0.5695,0.8030,0.6350,0.6350,0.8440,0.7538,0.6350,0.6350,0.2991,0.1966,0.5695,0.6350,0.0942,0.0246,0.1229,0.0737,0.4990,0.7030,0.6720,0.2040,-0.0310,61.04,-4.47,164.3,176.9,0.890,0.113,
1791428769.4651465,0.3646,0.5695,0.8030,0.6350,0.4302,0.7006,0.7006,0.7006,0.4302,0.1966,0.1966,0.3646,0.4998,0.0410,0.0737,0.0737,0.0737,0.5000,0.7070,,0.2070,,60.86,-4.48,164.1,177.2,1.002,0.114,
1791428769.4993484,0.6350,0.5695,0.7538,0.5695,0.4998,0.7006,0.7538,0.4998,0.6350,0.4998,0.4302,0.5695,0.6350,0.0737,0.0737,0.0942,0.0737,0.5000,0.7015,0.6810,0.2015,-0.0205,60.90,-4.24,164.3,177.4,0.901,0.114,1.413
1791428769.5325563,0.7006,0.8767,0.7538,0.4998,0.4302,0.7538,0.7538,0.6350,0.7538,0.1557,0.4302,0.4302,0.4302,0.0205,0.0205,0.0942,0.0942,0.4990,0.7050,,0.2060,,60.89,-4.27,164.0,178.0,0.925,0.114,1.564
1791428769.5656188,0.7538,0.8030,0.7006,0.5695,0.5695,0.7006,0.8030,0.5695,0.4302,0.4998,0.0942,0.4998,0.6350,0.0246,0.0205,0.0737,0.0737,0.5000,0.7065,,0.2065,,60.97,-4.30,163.9,177.6,0.974,0.114,1.507
1791428769.6067157,0.5695,0.4998,0.8440,0.6350,0.5695,0.5695,0.7538,0.6350,0.5695,0.2991,0.0942,0.6350,0.6350,0.0942,0.0737,0.0942,0.0737,0.5000,0.7080,0.6740,0.2080,-0.0340,61.28,-4.46,163.6,176.8,0.950,0.113,
1791428769.6391065,0.7006,0.5695,0.8440,0.5695,0.4998,0.8767,0.7538,0.7538,0.7538,0.1557,0.1557,0.5695,0.6350,0.0737,0.0737,0.0737,0.0737,0.5000,0.7065,0.6610,0.2065,-0.0455,61.57,-4.96,162.9,176.4,0.934,0.111,
1791428769.6704595,0.5695,0.6350,0.8440,0.7006,0.4302,0.5695,0.8030,0.6350,0.4998,0.3646,0.2458,0.5695,0.6350,0.0205,0.0410,0.0942,0.0574,0.5000,0.7055,0.6580,0.2055,-0.0475,61.71,-5.38,163.2,175.8,0.962,0.111,1.404
1791428769.7026386,0.5695,0.5695,0.7006,0.7006,0.6350,0.6350,0.7538,0.5695,0.7006,0.2458,0.2991,0.5695,0.5695,0.0205,0.0205,0.0369,0.0574,0.5000,0.7055,0.6590,0.2055,-0.0465,61.67,-5.65,163.0,175.7,0.992,0.111,
1791428769.7349348,0.4302,0.6350,0.8440,0.5695,0.7006,0.7006,0.7006,0.7006,0.7006,0.1557,0.1966,0.5695,0.5695,0.0574,0.0737,0.1229,0.0942,0.5000,0.6995,0.6790,0.1995,-0.0205,61.51,-5.21,162.1,175.3,0.885,0.111,
1791428769.7663078,0.7538,0.4998,0.9054,0.5695,0.6350,0.6350,0.8030,0.6350,0.4998,0.1557,0.0737,0.4302,0.6350,0.0942,0.0246,0.1229,0.1229,0.5000,0.7065,,0.2065,,60.83,-5.25,162.3,175.4,0.968,0.114,
1791428769.8004014,0.3646,0.7006,0.8030,0.5695,0.6350,0.5695,0.8030,0.5695,0.4998,0.7006,0.2458,0.4998,0.5695,0.0737,0.1229,0.0737,0.0737,0.5000,0.7065,,0.2065,,61.00,-5.29,162.1,175.8,0.951,0.114,1.484
1791428769.8332758,0.4302,0.4998,0.7006,0.5695,0.4998,0.8030,0.7006,0.6350,0.5695,0.5695,0.1557,0.4998,0.6350,0.0737,0.0205,0.0942,0.0942,0.5010,0.7055,,0.2045,,61.23,-5.32,162.9,174.1,0.929,0.113,1.468
1791428769.8735912,0.6350,0.6350,0.6350,0.5695,0.4302,0.6350,0.6350,0.4998,0.7538,0.4302,0.6350,0.4998,0.6350,0.0369,0.0574,0.1229,0.0942,0.5000,0.7065,,0.2065,,61.24,-5.38,163.6,174.5,0.926,0.113,1.495
1791428769.9052377,0.5695,0.6350,0.6350,0.7538,0.6350,0.6350,0.7538,0.5695,0.4302,0.2991,0.0942,0.5695,0.5695,0.0942,0.0942,0.0737,0.0737,0.5000,0.7055,0.6820,0.2055,-0.0235,61.08,-4.99,164.6,175.1,0.966,0.113,
1791428769.9382305,0.4998,0.5695,0.8440,0.4998,0.5695,0.5695,0.6350,0.4998,0.5695,0.5695,0.1966,0.5695,0.6350,0.1229,0.0410,0.0737,0.0737,0.5000,0.7050,0.6800,0.2050,-0.0250,61.01,-4.75,165.1,175.7,0.948,0.114,1.523
1791428769.9695299,0.4302,0.7006,0.8767,0.5695,0.4302,0.6350,0.8030,0.6350,0.4998,0.1966,0.1229,0.5695,0.6350,0.0410,0.0205,0.0942,0.0737,0.5000,0.7080,0.6620,0.2080,-0.0460,61.10,-5.21,165.5,175.4,0.929,0.114,
1791428770.0016513,0.6350,0.4998,0.8440,0.6350,0.5695,0.7538,0.8030,0.5695,0.6350,0.3646,0.0942,0.5695,0.6350,0.0737,0.0369,0.0737,0.0737,0.5000,0.7035,0.6610,0.2035,-0.0425,61.00,-5.41,165.5,175.2,0.977,0.114,1.449
1791428770.03344,0.4998,0.8030,0.8030,0.3646,0.4998,0.7538,0.8030,0.5695,0.7006,0.2458,0.1966,0.4998,0.6350,0.0574,0.0246,0.1557,0.1557,0.5000,0.7020,,0.2020,,61.49,-5.38,165.1,175.9,0.885,0.111,
1791428770.0667558,0.4998,0.6350,0.7006,0.5695,0.7006,0.5695,0.7006,0.6350,0.4998,0.1966,0.4302,0.4998,0.6350,0.1229,0.0574,0.0942,0.0942,0.5000,0.7040,,0.2040,,61.31,-5.38,164.7,176.5,0.919,0.112,1.644
1791428770.1006858,0.4998,0.6350,0.8767,0.4998,0.5695,0.5695,0.7006,0.6350,0.4302,0.1557,0.3646,0.4998,0.6350,0.0942,0.0942,0.1229,0.0737,0.5000,0.7025,,0.2025,,61.00,-5.33,164.3,177.8,0.920,0.113,1.548
1791428770.133604,0.6350,0.6350,0.8767,0.5695,0.7006,0.8440,0.8440,0.4998,0.4302,0.2991,0.2458,0.4998,0.5695,0.0410,0.1229,0.0737,0.0737,0.5000,0.7010,,0.2010,,60.93,-5.29,163.8,176.6,0.885,0.113,
1791428770.16709,0.5695,0.6350,0.7538,0.7006,0.6350,0.5695,0.7006,0.7538,0.7006,0.6350,0.1966,0.5695,0.5695,0.0942,0.0942,0.0737,0.0574,0.5000,0.7025,0.6870,0.2025,-0.0155,60.91,-4.69,163.6,175.0,0.939,0.113,1.469
1791428770.2071786,0.6350,0.7538,0.8767,0.4998,0.4998,0.8030,0.7538,0.7006,0.5695,0.1966,0.1229,0.5695,0.5695,0.1229,0.0246,0.0737,0.0737,0.5000,0.7060,0.6780,0.2060,-0.0280,61.05,-4.61,162.9,175.9,0.938,0.113,
1791428770.2386537,0.5695,0.7538,0.6350,0.6350,0.4998,0.7538,0.7006,0.5695,0.5695,0.0942,0.3646,0.2991,0.4998,0.0410,0.0205,0.1557,0.1229,0.5000,0.7005,,0.2005,,61.02,-4.55,162.7,174.7,,0.113,1.521
1791428770.269029,0.5695,0.7006,0.8030,0.6350,0.6350,0.5695,0.8030,0.7006,0.4998,0.3646,0.2458,0.4302,0.6350,0.0574,0.0942,0.0737,0.0574,0.5000,0.7045,,0.2045,,61.10,-4.53,163.1,174.8,0.977,0.112,1.477
1791428770.3010476,0.7538,0.5695,0.7006,0.6350,0.5695,0.7006,0.8030,0.7006,0.5695,0.2991,0.2991,0.6350,0.5695,0.0574,0.1229,0.0942,0.0942,0.5000,0.7020,0.6710,0.2020,-0.0310,60.96,-4.59,163.2,175.8,0.919,0.113,
1791428770.333414,0.7006,0.7006,0.8030,0.5695,0.5695,0.7006,0.6350,0.7006,0.6350,0.2991,0.1557,0.5695,0.6350,0.0942,0.0942,0.0942,0.0942,0.5000,0.7045,0.6730,0.2045,-0.0315,60.54,-4.60,163.4,176.1,0.969,0.115,
1791428770.3669066,0.6350,0.7538,0.8440,0.4998,0.7006,0.7006,0.7538,0.7538,0.7006,0.1557,0.4998,0.2991,0.4302,0.0942,0.1229,0.0942,0.0737,0.5000,0.7010,,0.2010,,60.70,-4.57,163.4,175.4,,0.114,1.556
1791428770.4004002,0.5695,0.6350,0.8767,0.4998,0.7538,0.6350,0.7006,0.6350,0.4998,0.4302,0.1229,0.5695,0.6350,0.0369,0.0246,0.0942,0.0737,0.5000,0.7065,0.6630,0.2065,-0.0435,60.59,-4.92,164.9,175.5,0.995,0.115,1.494
1791428770.4336612,0.5695,0.4302,0.7006,0.5695,0.6350,0.5695,0.7538,0.6350,0.6350,0.2458,0.1557,0.4998,0.6350,0.1229,0.0205,0.0942,0.0737,0.4970,0.7055,,0.2085,,60.56,-5.00,164.5,175.1,0.920,0.115,
1791428770.4745958,0.4998,0.7006,0.7006,0.5695,0.5695,0.6350,0.7006,0.6350,0.6350,0.1557,0.0737,0.4998,0.5695,0.1557,0.0574,0.0369,0.0410,0.4980,0.7005,,0.2025,,59.81,-4.91,163.9,174.9,0.926,0.119,
1791428770.5061386,0.6350,0.5695,0.8030,0.5695,0.5695,0.5695,0.7538,0.5695,0.4302,0.1966,0.0737,0.5695,0.5695,0.0574,0.0205,0.0737,0.0942,0.5000,0.7005,0.6810,0.2005,-0.0195,60.10,-4.59,163.3,174.0,0.868,0.117,
1791428770.5375233,0.4998,0.5695,0.8440,0.7006,0.7006,0.7006,0.7006,0.6350,0.5695,0.2458,0.1229,0.4302,0.4998,0.1229,0.0246,0.0737,0.0737,0.5000,0.7075,,0.2075,,60.43,-4.73,162.7,173.2,0.922,0.116,
1791428770.5691683,0.4302,0.4998,0.9259,0.5695,0.6350,0.7006,0.7006,0.4998,0.4998,0.2458,0.1229,0.4998,0.6350,0.1557,0.0942,0.0737,0.0737,0.4990,0.7075,,0.2085,,60.07,-4.79,162.9,174.1,0.983,0.118,
1791428770.6001549,0.6350,0.8030,0.7538,0.5695,0.6350,0.6350,0.7006,0.6350,0.6350,0.2991,0.4302,0.4998,0.6350,0.0574,0.0737,0.0942,0.0942,0.5030,0.7025,,0.1995,,59.63,-4.73,162.7,175.2,0.930,0.120,1.681
1791428770.6344461,0.5695,0.4998,0.9259,0.5695,0.7006,0.8030,0.6350,0.6350,0.8030,0.4998,0.1966,0.5695,0.6350,0.0737,0.0737,0.0942,0.0737,0.4990,0.7050,0.6720,0.2060,-0.0330,60.22,-4.83,163.3,174.5,0.901,0.117,1.386
1791428770.6672635,0.4302,0.8440,0.7006,0.5695,0.6350,0.7006,0.8030,0.5695,0.6350,0.1229,0.4302,0.4302,0.5695,0.1229,0.1229,0.0737,0.0737,0.5000,0.7010,,0.2010,,60.57,-4.79,162.9,175.1,0.864,0.115,1.489
1791428770.7006223,0.2991,0.6350,0.8440,0.6350,0.6350,0.7538,0.7006,0.5695,0.6350,0.2458,0.1229,0.2991,0.6350,0.0574,0.0737,0.0942,0.0737,,0.7075,,,,60.57,-4.79,162.9,175.8,,0.115,
1791428770.7344112,0.4998,0.7538,0.9054,0.6350,0.5695,0.7538,0.8030,0.5695,0.4302,0.4302,0.2991,0.4998,0.5695,0.0737,0.0574,0.0737,0.0737,0.4990,0.7065,,0.2075,,60.45,-4.87,162.7,176.2,0.925,0.116,1.498
1791428770.7744565,0.6350,0.7538,0.7538,0.5695,0.5695,0.7006,0.7006,0.8030,0.7006,0.5695,0.2991,0.4998,0.5695,0.1557,0.0246,0.0942,0.0737,0.5020,0.7000,,0.1980,,60.61,-4.81,162.9,176.7,0.845,0.114,1.343
1791428770.8067374,0.5695,0.7538,0.7006,0.6350,0.7006,0.6350,0.7006,0.6350,0.4998,0.6350,0.1966,0.4302,0.5695,0.0737,0.0574,0.0737,0.0737,0.5010,0.7060,,0.2050,,61.01,-4.85,162.9,176.7,0.943,0.113,1.455
1791428770.837325,0.2991,0.4998,0.7006,0.5695,0.6350,0.8030,0.8030,0.7538,0.5695,0.2991,0.5695,0.4998,0.5695,0.0942,0.1229,0.0942,0.0574,,0.7070,,,,61.01,-4.85,163.2,178.0,0.957,0.113,
1791428770.869633,0.6350,0.5695,0.5695,0.7006,0.4998,0.7006,0.8030,0.6350,0.6350,0.2991,0.1557,0.4302,0.5695,0.0410,0.0942,0.0942,0.0737,0.4990,0.7075,,0.2085,,60.73,-4.90,164.2,178.3,0.971,0.115,
1791428770.901172,0.7006,0.7006,0.7538,0.4302,0.6350,0.7538,0.6350,0.7006,0.3646,0.2991,0.4302,0.4998,0.5695,0.0737,0.0942,0.0942,0.0942,0.4980,0.7035,,0.2055,,60.61,-4.91,165.4,179.2,0.882,0.115,1.553
1791428770.9342234,0.5695,0.7006,0.9054,0.5695,0.5695,0.4998,0.4998,0.5695,0.4302,0.4302,0.1557,0.5695,0.6350,0.0410,0.0246,0.0942,0.0737,0.5000,0.7075,0.6890,0.2075,-0.0185,60.54,-4.42,165.5,178.5,1.006,0.116,1.571
1791428770.968523,0.6350,0.7006,0.7006,0.4998,0.6350,0.7538,0.7538,0.5695,0.4302,0.1966,0.4302,0.4302,0.4998,0.0942,0.0737,0.0737,0.0942,0.4990,0.7035,,0.2045,,60.37,-4.39,164.6,175.4,0.913,0.117,1.624
1791428771.0009868,0.7006,0.7006,0.6350,0.5695,0.5695,0.7006,0.7006,0.5695,0.6350,0.1966,0.1966,0.4998,0.5695,0.0410,0.1229,0.0942,0.0737,0.4990,0.7075,,0.2085,,60.45,-4.44,165.1,174.8,0.969,0.117,
1791428771.0344489,0.5695,0.7538,0.8767,0.4998,0.4998,0.7006,0.7006,0.5695,0.7006,0.1557,0.1966,0.4998,0.5695,0.0737,0.0737,0.0942,0.0737,0.4990,0.7070,,0.2080,,60.94,-4.50,165.2,174.7,0.930,0.115,
1791428771.0688925,0.6350,0.4302,0.6350,0.7006,0.6350,0.8440,0.7006,0.4998,0.6350,0.3646,0.2458,0.3646,0.5695,0.0942,0.0737,0.1229,0.0737,0.4990,0.7065,,0.2075,,61.24,-4.55,165.2,174.6,0.911,0.113,1.457
1791428771.1074133,0.7006,0.6350,0.8030,0.5695,0.4998,0.7538,0.7538,0.5695,0.4302,0.2458,0.1229,0.4302,0.6350,0.0737,0.0942,0.0942,0.0574,0.5000,0.7080,,0.2080,,61.05,-4.52,164.2,175.0,1.029,0.114,
1791428771.138763,0.4302,0.6350,0.8440,0.6350,0.4998,0.7538,0.7538,0.6350,0.5695,0.1966,0.1229,0.4998,0.6350,0.0942,0.0737,0.0737,0.0737,0.5000,0.7060,,0.2060,,61.01,-4.58,163.3,175.6,0.885,0.114,
1791428771.1703525,0.6350,0.6350,0.7538,0.6350,0.5695,0.6350,0.7538,0.5695,0.6350,0.3646,0.2991,0.4998,0.6350,0.0737,0.0737,0.1229,0.0942,0.5000,0.7075,,0.2075,,60.87,-4.60,163.5,175.5,0.953,0.115,1.523
1791428771.2023802,0.4998,0.5695,0.7538,0.6350,0.4998,0.8030,0.5695,0.4302,0.4998,0.1966,0.1229,0.4998,0.5695,0.0737,0.1229,0.1229,0.0410,0.5000,0.7050,,0.2050,,60.69,-4.57,162.8,175.1,0.927,0.116,
1791428771.2342052,0.4302,0.8030,0.7538,0.4998,0.7538,0.7006,0.7538,0.7006,0.6350,0.4998,0.3646,0.4998,0.7006,0.0942,0.0737,0.0942,0.0737,0.5000,0.7045,,0.2045,,60.70,-4.54,162.9,176.9,0.914,0.116,1.404
1791428771.2688713,0.4998,0.5695,0.8030,0.7006,0.5695,0.5695,0.8030,0.6350,0.4998,0.4998,0.1557,0.4302,0.5695,0.0246,0.0942,0.0737,0.0574,0.5000,0.7080,,0.2080,,60.39,-4.59,163.7,176.4,0.958,0.117,1.614
1791428771.3012996,0.4998,0.3646,0.7006,0.4998,0.6350,0.7006,0.8030,0.6350,0.4302,0.2458,0.1966,0.4302,0.5695,0.0410,0.0246,0.1229,0.1229,0.5000,0.7090,,0.2090,,60.70,-4.59,163.9,176.9,1.020,0.116,
1791428771.3342197,0.4998,0.6350,0.8030,0.5695,0.4998,0.6350,0.7006,0.7006,0.6350,0.1557,0.2458,0.5695,0.7006,0.0737,0.0574,0.0574,0.0737,0.5000,0.7080,0.6830,0.2080,-0.0250,60.92,-4.38,163.2,176.8,0.998,0.115,
1791428771.3678644,0.5695,0.6350,0.7006,0.4998,0.6350,0.7006,0.7538,0.7006,0.6350,0.6350,0.4998,0.4998,0.5695,0.0574,0.0737,0.0942,0.0737,0.5000,0.7010,,0.2010,,61.00,-4.27,163.2,177.6,0.886,0.114,1.406
1791428771.4072793,0.7006,0.6350,0.7538,0.4998,0.5695,0.5695,0.7538,0.5695,0.4998,0.4302,0.2458,0.5695,0.6350,0.2458,0.0942,0.0942,0.0942,0.5000,0.7060,0.6820,0.2060,-0.0240,60.67,-4.13,163.6,177.5,0.959,0.116,1.525
1791428771.44013,0.4302,0.7006,0.7006,0.5695,0.6350,0.6350,0.7538,0.5695,0.5695,0.1229,0.0942,0.4302,0.4302,0.0942,0.1229,0.0942,0.0942,0.5000,0.7050,,0.2050,,60.75,-4.11,164.7,175.8,0.945,0.115,
1791428771.4705346,0.4998,0.4998,0.6350,0.6350,0.5695,0.8440,0.8030,0.5695,0.4998,0.2458,0.1557,0.5695,0.6350,0.0942,0.0164,0.0737,0.0737,0.5000,0.7080,0.6720,0.2080,-0.0360,60.90,-4.34,164.0,176.0,0.986,0.115,
1791428771.5026543,0.4998,0.4302,0.8767,0.6350,0.7006,0.6350,0.7006,0.6350,0.7006,0.2991,0.1966,0.4998,0.5695,0.0737,0.0369,0.0737,0.0737,0.5000,0.7050,,0.2050,,60.64,-4.31,164.3,176.4,0.948,0.116,
1791428771.534605,0.5695,0.7538,0.9054,0.4998,0.5695,0.8440,0.8030,0.5695,0.5695,0.1229,0.0942,0.4302,0.5695,0.0205,0.0942,0.0737,0.0942,0.5000,0.7005,,0.2005,,60.77,-4.22,163.1,176.0,0.872,0.115,
1791428771.5681806,0.5695,0.7538,0.5695,0.6350,0.5695,0.6350,0.6350,0.7538,0.7006,0.3646,0.1557,0.2991,0.6350,0.0942,0.0737,0.1229,0.0942,0.5020,0.7015,,0.1995,,60.77,-4.15,163.1,176.1,,0.114,1.414
1791428771.6020758,0.5695,0.6350,0.6350,0.4998,0.7006,0.7006,0.8030,0.8030,0.6350,0.2458,0.1229,0.6350,0.6350,0.0737,0.0574,0.0942,0.0737,0.5000,0.7050,0.6610,0.2050,-0.0440,60.84,-4.67,162.8,176.0,0.927,0.114,
1791428771.6352665,0.6350,0.5695,0.8030,0.5695,0.6350,0.7006,0.8030,0.5695,0.5695,0.1966,0.4302,0.4302,0.3646,0.0246,0.0205,0.0410,0.0574,0.5000,0.7035,,0.2035,,60.94,-4.67,162.1,177.1,0.904,0.113,1.633
1791428771.6755955,0.4302,0.7538,0.9259,0.5695,0.5695,0.7006,0.7006,0.6350,0.6350,0.4302,0.4302,0.2458,0.3646,0.0942,0.0574,0.0737,0.0737,0.5000,0.7010,,0.2010,,60.88,-4.60,162.2,177.2,,0.113,1.442
1791428771.7077994,0.4998,0.4998,0.5695,0.5695,0.5695,0.5695,0.8030,0.7006,0.5695,0.6350,0.2991,0.4998,0.5695,0.0737,0.0205,0.0574,0.0737,0.5000,0.7075,,0.2075,,60.98,-4.60,162.0,177.6,1.042,0.113,1.657
1791428771.73991,0.4302,0.8767,0.9054,0.5695,0.4998,0.6350,0.8030,0.6350,0.5695,0.4998,0.4302,0.3646,0.5695,0.1229,0.1229,0.0737,0.0942,0.5000,0.7005,,0.2005,,61.11,-4.55,162.2,177.1,0.878,0.112,1.414
1791428771.7717335,0.5695,0.5695,0.8440,0.6350,0.4302,0.5695,0.8030,0.5695,0.7006,0.3646,0.4998,0.5695,0.5695,0.0942,0.0246,0.0942,0.0737,0.5000,0.7045,0.6750,0.2045,-0.0295,61.02,-4.55,162.5,177.5,0.926,0.113,1.515
1791428771.8014371,0.5695,0.4998,0.6350,0.6350,0.8030,0.8030,0.7006,0.5695,0.5695,0.2991,0.1229,0.4302,0.6350,0.1229,0.0942,0.0942,0.0737,0.5000,0.7055,,0.2055,,60.99,-4.65,162.0,178.2,0.881,0.113,
1791428771.8354926,0.4998,0.8030,0.8440,0.6350,0.6350,0.6350,0.6350,0.6350,0.4998,0.3646,0.3646,0.5695,0.5695,0.0246,0.0942,0.0942,0.0737,0.5000,0.7040,0.6760,0.2040,-0.0280,61.05,-4.62,163.2,178.3,0.894,0.113,1.408
1791428771.8685024,0.7006,0.6350,0.7538,0.7538,0.4998,0.7006,0.8030,0.4302,0.4998,0.4302,0.1966,0.5695,0.5695,0.1229,0.0246,0.0942,0.0737,0.5020,0.7075,0.6770,0.2055,-0.0305,60.86,-4.66,163.7,178.4,0.900,0.114,1.471
1791428771.9019814,0.4302,0.3646,0.8030,0.4998,0.7006,0.8030,0.7006,0.5695,0.5695,0.2991,0.1557,0.4998,0.5695,0.0942,0.1229,0.0574,0.0574,0.5000,0.7045,,0.2045,,60.68,-4.65,163.6,176.9,0.921,0.115,
1791428771.9352536,0.4998,0.8767,0.7006,0.7006,0.6350,0.5695,0.7006,0.5695,0.5695,0.2991,0.2458,0.4302,0.5695,0.0942,0.0246,0.1557,0.0737,0.5030,0.7055,,0.2025,,60.48,-4.69,163.9,177.2,0.896,0.115,
1791428771.975644,0.7538,0.7538,0.8440,0.7538,0.4998,0.7538,0.8030,0.5695,0.5695,0.2991,0.1966,0.4998,0.6350,0.1557,0.0942,0.1229,0.1229,0.5000,0.7075,,0.2075,,60.28,-4.67,163.7,177.3,1.012,0.117,
1791428772.008281,0.6350,0.6350,0.6350,0.4998,0.5695,0.7538,0.7538,0.5695,0.4302,0.3646,0.1229,0.4998,0.6350,0.0737,0.1557,0.0942,0.0737,0.5000,0.7035,,0.2035,,60.48,-4.63,163.9,177.3,0.907,0.116,1.428
1791428772.0401847,0.7006,0.7006,0.7006,0.4302,0.4302,0.7538,0.7538,0.6350,0.4998,0.3646,0.1966,0.5695,0.7006,0.0369,0.0205,0.1229,0.0942,0.5000,0.7060,0.6720,0.2060,-0.0340,60.49,-4.73,164.0,176.1,0.956,0.116,1.477
1791428772.0706763,0.4998,0.7006,0.8030,0.4998,0.5695,0.8030,0.7538,0.5695,0.7538,0.2991,0.1966,0.2991,0.4302,0.0410,0.0410,0.0737,0.0942,0.5000,0.7075,,0.2075,,60.45,-4.77,163.5,177.1,,0.116,
1791428772.103344,0.6350,0.6350,0.9054,0.7006,0.7006,0.6350,0.5695,0.5695,0.4998,0.4302,0.2458,0.4998,0.5695,0.0574,0.1229,0.0942,0.0737,0.5000,0.7055,,0.2055,,61.20,-4.83,164.0,175.9,0.872,0.113,1.355
1791428772.135378,0.7006,0.7538,0.9054,0.7538,0.6350,0.8030,0.7538,0.4998,0.4998,0.4302,0.1229,0.4998,0.6350,0.0942,0.0369,0.0942,0.0737,0.5030,0.6985,,0.1955,,61.31,-4.65,164.5,175.8,0.878,0.111,1.413
1791428772.1701987,0.6350,0.7538,0.7538,0.5695,0.6350,0.7006,0.8767,0.4998,0.6350,0.1557,0.1557,0.4998,0.6350,0.0574,0.0574,0.0942,0.0737,0.5000,0.7020,,0.2020,,61.20,-4.65,163.0,175.8,0.856,0.112,
1791428772.2028046,0.5695,0.6350,0.7006,0.5695,0.7538,0.5695,0.8440,0.5695,0.4302,0.4998,0.1966,0.5695,0.6350,0.0942,0.0942,0.0942,0.0737,0.5000,0.7075,0.6740,0.2075,-0.0335,61.01,-4.67,163.2,175.3,1.011,0.113,1.556
1791428772.2361236,0.7538,0.7006,0.7006,0.5695,0.7006,0.7006,0.7538,0.4302,0.6350,0.4302,0.1557,0.5695,0.6350,0.0942,0.0737,0.0737,0.0574,0.5000,0.7075,0.6790,0.2075,-0.0285,60.93,-4.55,163.9,175.5,0.987,0.114,1.513
1791428772.275644,0.6350,0.7538,0.8030,0.6350,0.6350,0.6350,0.7006,0.4998,0.5695,0.1557,0.2991,0.4302,0.4998,0.0410,0.0123,0.0737,0.0942,0.5000,0.7045,,0.2045,,61.18,-4.55,163.7,174.6,0.924,0.113,
1791428772.307842,0.4302,0.7538,0.7538,0.6350,0.6350,0.5695,0.7006,0.5695,0.6350,0.2991,0.2991,0.4302,0.7006,0.0942,0.0574,0.0737,0.0737,0.5000,0.7085,,0.2085,,60.86,-4.61,163.0,175.4,0.975,0.115,
1791428772.3387733,0.6350,0.8030,0.8767,0.5695,0.5695,0.6350,0.7538,0.6350,0.7006,0.2458,0.4998,0.4998,0.6350,0.0737,0.1229,0.0942,0.0942,0.5000,0.7075,,0.2075,,60.74,-4.60,162.8,175.6,1.010,0.115,1.708
1791428772.3712592,0.4998,0.7538,0.5695,0.4998,0.7538,0.6350,0.6350,0.7006,0.4302,0.1557,0.4998,0.4302,0.5695,0.0574,0.0205,0.0369,0.0942,0.5000,0.7075,,0.2075,,60.87,-4.67,162.9,177.0,0.937,0.115,1.638
1791428772.4021854,0.4302,0.7006,0.9054,0.6350,0.6350,0.6350,0.7006,0.5695,0.3646,0.1966,0.1229,0.4998,0.5695,0.1229,0.0369,0.0737,0.0574,0.4990,0.7045,,0.2055,,60.71,-4.63,162.8,176.1,0.930,0.116,
1791428772.4357986,0.3646,0.8030,0.8030,0.6350,0.6350,0.7006,0.8030,0.7006,0.7006,0.1557,0.0942,0.4998,0.5695,0.0737,0.0205,0.0942,0.0737,0.4990,0.7070,,0.2080,,61.14,-4.68,163.0,175.7,0.927,0.114,
1791428772.4690344,0.3646,0.6350,0.8767,0.6350,0.6350,0.6350,0.7006,0.5695,0.5695,0.2458,0.1557,0.4302,0.6350,0.0410,0.1229,0.0942,0.0737,0.5020,0.7075,,0.2055,,60.84,-4.67,163.5,175.2,0.994,0.115,
1791428772.5028608,0.5695,0.6350,0.8440,0.5695,0.7006,0.7006,0.7538,0.5695,0.7006,0.4998,0.4302,0.4998,0.6350,0.0942,0.0737,0.0942,0.0737,0.5000,0.7050,,0.2050,,61.25,-4.65,163.9,176.0,0.932,0.113,1.427
1791428772.5368383,0.6350,0.8030,0.8030,0.5695,0.5695,0.5695,0.8440,0.6350,0.6350,0.2458,0.1966,0.5695,0.5695,0.0574,0.0942,0.0942,0.0737,0.4990,0.7060,0.6820,0.2070,-0.0240,61.34,-4.49,164.3,176.5,0.904,0.113,
1791428772.5778897,0.5695,0.6350,0.8767,0.7538,0.5695,0.6350,0.7006,0.5695,0.5695,0.1966,0.2458,0.4302,0.6350,0.0737,0.0737,0.0737,0.0737,0.5020,0.7065,,0.2045,,61.49,-4.51,165.1,176.9,0.929,0.112,
1791428772.6089664,0.7006,0.8030,0.8440,0.4998,0.6350,0.7006,0.6350,0.4998,0.3646,0.1966,0.1229,0.2991,0.5695,0.0737,0.0410,0.0737,0.0942,0.4990,0.7060,,0.2070,,61.53,-4.51,164.7,177.1,,0.112,
1791428772.640743,0.3646,0.7538,0.8440,0.6350,0.5695,0.8440,0.7006,0.6350,0.6350,0.2458,0.1966,0.4998,0.6350,0.1229,0.0369,0.0737,0.0737,0.4970,0.7090,,0.2120,,61.23,-4.54,164.6,177.1,0.996,0.114,
1791428772.6723137,0.7006,0.8030,0.8440,0.6350,0.6350,0.5695,0.7006,0.4998,0.4302,0.4302,0.2991,0.4998,0.6350,0.0942,0.1229,0.0942,0.0942,0.5000,0.7035,,0.2035,,61.32,-4.46,164.7,178.1,0.933,0.113,1.433
1791428772.7048914,0.6350,0.8440,0.8030,0.6350,0.7006,0.8030,0.8030,0.5695,0.5695,0.1557,0.1966,0.4998,0.6350,0.0942,0.1229,0.0737,0.0737,0.4980,0.7065,,0.2085,,61.42,-4.51,165.6,177.6,0.899,0.113,
1791428772.736212,0.6350,0.7006,0.9054,0.4302,0.4998,0.6350,0.7538,0.7006,0.6350,0.2458,0.1966,0.3646,0.5695,0.0410,0.0737,0.1966,0.0942,0.4990,0.7035,,0.2045,,61.43,-4.47,165.2,177.6,0.893,0.112,
1791428772.770485,0.3646,0.8030,0.9259,0.5695,0.4998,0.7538,0.5695,0.3646,0.6350,0.2458,0.4302,0.4998,0.5695,0.0737,0.0574,0.0737,0.0574,0.5000,0.7060,,0.2060,,61.31,-4.45,165.2,178.2,0.961,0.113,1.633
1791428772.8038883,0.6350,0.6350,0.9054,0.6350,0.7538,0.7006,0.7006,0.5695,0.6350,0.4302,0.1229,0.4998,0.5695,0.1229,0.0942,0.0574,0.0942,0.4990,0.7060,,0.2070,,60.94,-4.48,165.0,177.6,0.920,0.115,1.539
1791428772.8357801,0.7006,0.8030,0.9054,0.5695,0.6350,0.7538,0.7006,0.6350,0.5695,0.5695,0.3646,0.4302,0.4302,0.0369,0.0246,0.0369,0.0410,0.5000,0.7005,,0.2005,,60.87,-4.38,164.8,177.1,0.861,0.114,1.414
1791428772.8696392,0.4998,0.7538,0.7006,0.4302,0.6350,0.7538,0.5695,0.7006,0.4998,0.3646,0.0942,0.4998,0.6350,0.0737,0.1229,0.1229,0.0737,0.4990,0.7075,,0.2085,,60.85,-4.40,164.7,176.8,0.986,0.115,1.541
1791428772.9101872,0.5695,0.4302,0.7538,0.5695,0.6350,0.7006,0.7006,0.4998,0.6350,0.3646,0.1229,0.4998,0.5695,0.0246,0.1229,0.0942,0.0737,0.4990,0.7050,,0.2060,,60.63,-4.40,164.8,177.1,0.926,0.116,1.449
1791428772.94216,0.4998,0.4998,0.9054,0.5695,0.3646,0.6350,0.8030,0.6350,0.6350,0.3646,0.2991,0.4998,0.7006,0.1229,0.0942,0.0942,0.0737,0.4990,0.7075,,0.2085,,60.58,-4.42,164.5,177.6,0.981,0.116,1.546
1791428772.9734087,0.7006,0.6350,0.7538,0.5695,0.4998,0.7538,0.7538,0.5695,0.6350,0.4302,0.2991,0.4302,0.5695,0.1557,0.0942,0.0737,0.0410,0.5000,0.7075,,0.2075,,60.44,-4.44,164.2,178.0,0.976,0.117,1.533
1791428773.0049589,0.7006,0.8030,0.8440,0.5695,0.5695,0.6350,0.7538,0.6350,0.4998,0.5695,0.3646,0.5695,0.6350,0.0410,0.0942,0.0942,0.0737,0.5010,0.6990,0.6890,0.1980,-0.0100,60.75,-3.89,163.7,179.9,0.910,0.115,1.420
1791428773.037461,0.5695,0.7006,0.8030,0.6350,0.5695,0.7006,0.6350,0.4998,0.5695,0.1557,0.4302,0.4998,0.5695,0.0942,0.0942,0.0737,0.0942,0.4990,0.7015,,0.2025,,60.56,-3.85,163.2,179.8,0.869,0.115,1.542
1791428773.0705864,0.5695,0.6350,0.7538,0.6350,0.6350,0.7006,0.7006,0.6350,0.2458,0.4998,0.1557,0.4302,0.4302,0.0574,0.0205,0.1229,0.0737,0.5000,0.7075,,0.2075,,61.02,-3.95,163.5,180.0,0.939,0.114,1.484
1791428773.1029792,0.7006,0.8030,0.8767,0.6350,0.6350,0.7538,0.6350,0.6350,0.5695,0.2458,0.1229,0.4302,0.6350,0.0410,0.1229,0.0737,0.0942,0.5020,0.7060,,0.2040,,61.39,-3.98,163.4,179.5,0.931,0.112,
1791428773.1367884,0.7006,0.8030,0.8030,0.6350,0.7006,0.7538,0.7006,0.5695,0.4302,0.4302,0.2458,0.5695,0.5695,0.0574,0.0205,0.0942,0.1557,0.5020,0.6985,0.6820,0.1965,-0.0165,61.20,-3.75,163.8,179.5,0.866,0.112,1.388
1791428773.1697502,0.7006,0.6350,0.8767,0.5695,0.7006,0.8030,0.7538,0.5695,0.5695,0.3646,0.2458,0.5695,0.6350,0.0246,0.0369,0.0942,0.0737,0.5000,0.7070,0.6820,0.2070,-0.0250,61.30,-3.77,164.1,180.0,0.930,0.112,1.470
1791428773.2107542,0.5695,0.8030,0.8440,0.5695,0.5695,0.6350,0.7538,0.6350,0.5695,0.1966,0.3646,0.4302,0.4998,0.0942,0.1229,0.0942,0.0942,0.5000,0.7055,,0.2055,,61.34,-3.81,163.7,179.9,0.915,0.112,1.559
1791428773.24301,0.7006,0.6350,0.9054,0.6350,0.5695,0.6350,0.6350,0.4998,0.5695,0.4302,0.1229,0.5695,0.5695,0.0942,0.0942,0.0942,0.0737,0.5000,0.7040,0.6730,0.2040,-0.0310,61.12,-4.00,164.4,179.5,0.930,0.113,1.463
1791428773.2728124,0.7006,0.7006,0.8030,0.5695,0.5695,0.7006,0.7006,0.6350,0.4998,0.3646,0.1557,0.4998,0.5695,0.0410,0.0205,0.0942,0.0942,0.5010,0.7050,,0.2040,,61.61,-4.01,164.3,178.7,0.925,0.110,1.457
1791428773.3054297,0.4998,0.8030,0.7538,0.7006,0.5695,0.4998,0.5695,0.5695,0.5695,0.4998,0.4302,0.4998,0.5695,0.0369,0.0246,0.0942,0.0942,0.5010,0.7020,,0.2010,,61.91,-3.98,164.5,177.3,0.869,0.109,1.415
1791428773.3369052,0.6350,0.7538,0.9054,0.7538,0.4998,0.7006,0.6350,0.6350,0.4998,0.3646,0.2458,0.4302,0.5695,0.0737,0.0205,0.0942,0.0942,0.5000,0.7065,,0.2065,,61.78,-4.05,164.5,178.4,0.913,0.110,1.494
1791428773.3710706,0.6350,0.8030,0.8440,0.4998,0.5695,0.8030,0.6350,0.4998,0.6350,0.1966,0.1966,0.4998,0.6350,0.0737,0.1229,0.0942,0.0737,0.5020,0.7035,,0.2015,,62.06,-4.06,164.2,178.3,0.865,0.108,
1791428773.403864,0.5695,0.8030,0.7538,0.7006,0.5695,0.7538,0.8440,0.7006,0.4998,0.3646,0.1229,0.4302,0.5695,0.0574,0.0942,0.0737,0.0737,0.5000,0.7035,,0.2035,,62.19,-4.05,164.4,178.3,0.889,0.107,1.414
1791428773.4378996,0.6350,0.8440,0.7538,0.4998,0.6350,0.7538,0.7538,0.4998,0.2991,0.2991,0.2458,0.4998,0.5695,0.0737,0.0737,0.0737,0.0574,0.4990,0.7070,,0.2080,,61.74,-4.13,164.8,179.4,0.909,0.110,
1791428773.4707835,0.5695,0.7538,0.8440,0.7006,0.4998,0.6350,0.7006,0.4302,0.6350,0.2991,0.1229,0.5695,0.6350,0.0737,0.0574,0.0737,0.0574,0.5010,0.7045,0.6780,0.2035,-0.0265,61.95,-4.12,165.1,177.7,0.929,0.109,
1791428773.511055,0.6350,0.7538,0.8030,0.5695,0.7006,0.7538,0.8030,0.4998,0.4998,0.2991,0.2991,0.4998,0.6350,0.1557,0.0942,0.0737,0.0737,0.4990,0.7050,,0.2060,,61.72,-4.08,165.1,178.5,0.962,0.110,
1791428773.5429251,0.5695,0.8030,0.8440,0.6350,0.7538,0.6350,0.6350,0.4302,0.4998,0.4998,0.1557,0.4998,0.6350,0.0737,0.0942,0.0942,0.0942,0.5000,0.7070,,0.2070,,61.49,-4.10,164.9,178.6,0.974,0.111,1.533
1791428773.5735197,0.4998,0.7006,0.8030,0.5695,0.6350,0.7006,0.8440,0.7006,0.5695,0.1966,0.4998,0.3646,0.4998,0.0942,0.0410,0.0737,0.0574,0.4980,0.7035,,0.2055,,61.50,-4.05,164.0,178.6,0.926,0.111,1.611
1791428773.606589,0.5695,0.6350,0.7538,0.5695,0.6350,0.6350,0.8030,0.5695,0.4302,0.2458,0.4302,0.4302,0.4998,0.0369,0.0246,0.0737,0.0574,0.5000,0.7055,,0.2055,,61.51,-4.06,163.0,177.4,0.937,0.111,1.611
1791428773.6378312,0.7006,0.7006,0.7538,0.6350,0.6350,0.7538,0.6350,0.6350,0.4302,0.1229,0.4302,0.4998,0.5695,0.0942,0.0246,0.0942,0.1229,0.5010,0.7065,,0.2055,,61.36,-4.07,161.9,176.2,0.974,0.112,1.694
1791428773.6707375,0.4998,0.8030,0.7538,0.5695,0.7006,0.8440,0.7006,0.7006,0.6350,0.1557,0.3646,0.4998,0.6350,0.0942,0.0737,0.1229,0.0574,0.4990,0.7010,,0.2020,,61.59,-3.97,162.7,176.2,0.901,0.111,1.532
1791428773.7037003,0.7538,0.7538,0.9259,0.5695,0.7538,0.6350,0.7006,0.5695,0.7006,0.1966,0.1229,0.4302,0.5695,0.0942,0.0369,0.0942,0.0942,0.5020,0.7065,,0.2045,,61.91,-4.08,162.6,175.4,0.878,0.109,
1791428773.7372777,0.5695,0.7006,0.7538,0.4998,0.6350,0.4302,0.7538,0.5695,0.5695,0.2458,0.1229,0.5695,0.5695,0.0942,0.0942,0.0942,0.0942,0.5010,0.7035,0.6720,0.2025,-0.0315,61.46,-4.23,162.7,176.5,0.940,0.111,
1791428773.771054,0.3646,0.8030,0.7006,0.5695,0.7006,0.6350,0.6350,0.4998,0.4998,0.2991,0.0942,0.4302,0.6350,0.1229,0.0205,0.0737,0.0737,0.5010,0.7065,,0.2055,,61.48,-4.22,163.0,175.0,0.995,0.111,
1791428773.8110216,0.6350,0.6350,0.7006,0.7006,0.6350,0.7006,0.7538,0.7006,0.4998,0.2991,0.1229,0.4998,0.5695,0.1229,0.0205,0.1229,0.0942,0.5000,0.7070,,0.2070,,61.82,-4.30,163.4,174.7,0.925,0.110,
1791428773.8425295,0.4302,0.8030,0.5695,0.6350,0.4998,0.6350,0.8440,0.6350,0.7006,0.5695,0.3646,0.4998,0.6350,0.0737,0.0737,0.0942,0.0737,0.5000,0.7045,,0.2045,,61.52,-4.23,164.0,174.7,0.976,0.111,1.470
1791428773.8734703,0.4998,0.7006,0.6350,0.7538,0.7006,0.7006,0.8030,0.4998,0.4302,0.3646,0.1557,0.5695,0.5695,0.1557,0.1229,0.0942,0.0737,0.4990,0.7045,0.6810,0.2055,-0.0235,61.44,-4.11,164.1,173.0,0.929,0.112,1.449
1791428773.9053295,0.5695,0.7006,0.7538,0.6350,0.5695,0.7006,0.7006,0.4302,0.6350,0.2458,0.4302,0.4998,0.6350,0.0942,0.0410,0.0942,0.0737,0.5020,0.7015,,0.1995,,61.32,-4.04,164.1,172.8,0.899,0.112,1.612
1791428773.9372532,0.4998,0.6350,0.7538,0.5695,0.4998,0.7538,0.7006,0.7006,0.4998,0.2991,0.1966,0.4302,0.4998,0.0942,0.0942,0.0942,0.0737,0.5010,0.6990,,0.1980,,61.60,-3.94,164.4,173.6,0.861,0.110,
1791428773.971615,0.6350,0.8030,0.8767,0.6350,0.7006,0.8030,0.7006,0.6350,0.5695,0.1966,0.2458,0.2991,0.4998,0.0410,0.0205,0.0942,0.0574,0.4990,0.7035,,0.2045,,61.34,-3.92,164.1,173.9,,0.111,
1791428774.0050802,0.6350,0.8440,0.8440,0.6350,0.6350,0.7006,0.7538,0.4998,0.5695,0.4998,0.1966,0.4302,0.5695,0.0737,0.0737,0.0942,0.0737,0.4990,0.7020,,0.2030,,61.25,-3.86,164.8,175.0,0.950,0.111,1.484
1791428774.038628,0.5695,0.7538,0.7538,0.6350,0.7006,0.7006,0.7538,0.4998,0.6350,0.2991,0.1557,0.5695,0.5695,0.0942,0.0737,0.0942,0.0737,0.5010,0.7070,0.6830,0.2060,-0.0240,61.69,-3.81,165.0,175.1,0.952,0.110,
1791428774.0716264,0.3646,0.5695,0.9587,0.4302,0.7006,0.7538,0.6350,0.4998,0.5695,0.4998,0.0942,0.4998,0.7006,0.0574,0.0737,0.0737,0.0574,0.4990,0.7005,,0.2015,,61.91,-3.73,164.8,175.0,0.906,0.108,1.414
1791428774.1114557,0.4302,0.7538,0.4998,0.5695,0.4302,0.8030,0.6350,0.6350,0.4302,0.2458,0.5695,0.4998,0.5695,0.0942,0.0574,0.0942,0.0574,0.5000,0.7040,,0.2040,,61.94,-3.77,165.1,176.5,0.912,0.108,1.554
1791428774.1433766,0.7006,0.8440,0.9054,0.6350,0.7538,0.6350,0.7538,0.6350,0.6350,0.4302,0.2458,0.4998,0.5695,0.0737,0.0942,0.1229,0.1229,0.4990,0.7050,,0.2060,,61.87,-3.79,164.8,177.6,0.957,0.109,1.477
1791428774.1743965,0.6350,0.5695,0.8440,0.7006,0.7006,0.7006,0.7538,0.4998,0.3646,0.4998,0.3646,0.4998,0.5695,0.0737,0.0574,0.0737,0.0574,0.5010,0.7060,,0.2050,,61.72,-3.81,164.2,176.2,0.994,0.110,1.523
1791428774.206511,0.4302,0.8030,0.7006,0.6350,0.7006,0.7006,0.6350,0.7006,0.7006,0.1557,0.1557,0.4998,0.6350,0.0737,0.0369,0.0410,0.0574,0.4990,0.7010,,0.2020,,61.38,-3.76,163.9,175.9,0.889,0.111,
1791428774.2374282,0.4998,0.5695,0.8030,0.6350,0.5695,0.7538,0.7538,0.5695,0.4998,0.1966,0.0737,0.4998,0.6350,0.0369,0.0574,0.1229,0.0737,0.5000,0.7060,,0.2060,,61.28,-3.81,163.4,174.5,0.962,0.112,
1791428774.270785,0.4302,0.6350,0.7006,0.4998,0.7006,0.8030,0.7538,0.5695,0.7006,0.1557,0.4302,0.3646,0.5695,0.0942,0.0205,0.0942,0.0942,0.5010,0.7070,,0.2060,,61.70,-3.93,163.5,176.0,0.904,0.110,1.565
1791428774.3045065,0.7538,0.8030,0.8767,0.4998,0.6350,0.4998,0.7006,0.6350,0.7006,0.3646,0.2991,0.4302,0.5695,0.1229,0.0942,0.0737,0.0737,0.4990,0.7030,,0.2040,,61.84,-3.91,163.5,176.1,0.902,0.109,1.427
1791428774.3383796,0.7006,0.4998,0.9259,0.5695,0.5695,0.7006,0.8030,0.5695,0.7006,0.0942,0.1557,0.5695,0.6350,0.0574,0.0942,0.0574,0.0737,0.5010,0.7005,0.6620,0.1995,-0.0385,61.78,-4.33,160.0,176.4,0.906,0.109,
1791428774.3713691,0.7006,0.8030,0.6350,0.6350,0.6350,0.7006,0.7006,0.5695,0.4998,0.4302,0.3646,0.5695,0.7006,0.1557,0.0737,0.0737,0.0737,0.5010,0.7045,0.6840,0.2035,-0.0205,61.98,-4.09,160.9,177.7,0.935,0.108,1.485
1791428774.4056437,0.7006,0.8030,0.8030,0.5695,0.7006,0.8030,0.6350,0.4998,0.5695,0.1966,0.1229,0.4998,0.6350,0.0942,0.0205,0.0737,0.0574,0.4990,0.6990,,0.2000,,62.03,-4.03,161.0,176.7,0.821,0.108,
1791428774.4441245,0.4998,0.4998,0.6350,0.5695,0.5695,0.7538,0.7538,0.8030,0.6350,0.1557,0.4302,0.4998,0.4998,0.0369,0.0942,0.0410,0.0942,0.5000,0.6985,,0.1985,,62.24,-3.98,161.2,177.1,0.814,0.106,1.438
1791428774.4767008,0.4302,0.6350,0.9259,0.5695,0.4998,0.6350,0.6350,0.4998,0.7006,0.3646,0.1229,0.4998,0.6350,0.0246,0.0942,0.0942,0.0737,0.5000,0.7015,,0.2015,,62.36,-3.94,162.3,177.4,0.914,0.106,1.414
1791428774.5076563,0.5695,0.4302,0.7538,0.6350,0.6350,0.7538,0.7538,0.4998,0.4998,0.1966,0.0942,0.4998,0.7006,0.0942,0.0737,0.0737,0.0574,0.4980,0.7055,,0.2075,,62.23,-4.01,162.2,176.7,0.939,0.107,
1791428774.5391405,0.5695,0.7538,0.5695,0.7006,0.7006,0.7006,0.8030,0.4998,0.5695,0.1557,0.4302,0.4998,0.5695,0.0942,0.0369,0.0737,0.0574,0.5000,0.7030,,0.2030,,62.04,-4.05,162.4,177.8,0.879,0.108,1.478
1791428774.5714052,0.4998,0.7006,0.8440,0.4998,0.7006,0.8030,0.8440,0.4302,0.4302,0.4302,0.1229,0.4302,0.6350,0.0246,0.0942,0.0737,0.0574,0.5030,0.7000,,0.1970,,61.51,-3.90,162.3,178.0,0.970,0.110,1.486
1791428774.6043181,0.6350,0.9054,0.8440,0.5695,0.5695,0.7538,0.7006,0.5695,0.8030,0.3646,0.6350,0.5695,0.5695,0.0942,0.0942,0.0737,0.0942,0.5000,0.7065,0.6620,0.2065,-0.0445,61.69,-4.48,163.0,178.5,0.947,0.109,1.478
1791428774.638166,0.6350,0.7538,0.7006,0.6350,0.7006,0.7006,0.7538,0.4998,0.7006,0.2458,0.4302,0.4998,0.6350,0.1229,0.0942,0.0737,0.0737,0.4990,0.7035,,0.2045,,61.56,-4.47,163.4,179.0,0.946,0.110,1.619
1791428774.6723948,0.6350,0.7006,0.7006,0.5695,0.5695,0.6350,0.7006,0.5695,0.5695,0.1966,0.4302,0.5695,0.6350,0.0942,0.0205,0.0574,0.0737,0.5000,0.7030,0.6860,0.2030,-0.0170,61.57,-4.09,163.4,179.2,0.932,0.110,1.585
1791428774.7053897,0.7006,0.7538,0.6350,0.6350,0.6350,0.7006,0.8030,0.5695,0.7006,0.4302,0.4998,0.4998,0.4998,0.0410,0.0369,0.0942,0.0942,0.5000,0.7035,,0.2035,,61.29,-4.10,163.5,179.9,0.931,0.111,1.523
1791428774.7452884,0.4302,0.8440,0.8767,0.6350,0.4998,0.6350,0.7006,0.4998,0.4998,0.1557,0.0737,0.4998,0.4998,0.0369,0.0574,0.1229,0.0737,0.4980,0.7055,,0.2075,,61.31,-4.17,161.7,179.6,0.936,0.112,
1791428774.777789,0.2991,0.8440,0.7006,0.4998,0.5695,0.9054,0.7006,0.5695,0.4302,0.2458,0.4302,0.5695,0.6350,0.1229,0.0942,0.0942,0.0410,,0.7045,0.6790,,-0.0255,61.31,-4.17,161.7,179.7,0.928,0.112,
1791428774.8077168,0.4998,0.7006,0.7006,0.6350,0.8030,0.7006,0.7006,0.2991,0.6350,0.2991,0.4302,0.4998,0.5695,0.1229,0.0205,0.0737,0.0737,0.4970,0.7050,,0.2080,,61.49,-4.22,162.4,179.0,0.911,0.111,1.586
1791428774.8399925,0.7006,0.6350,0.8767,0.5695,0.7538,0.8030,0.7538,0.5695,0.7006,0.3646,0.1229,0.5695,0.6350,0.0942,0.0942,0.0942,0.0737,0.4980,0.7050,0.6720,0.2070,-0.0330,61.47,-4.40,162.5,177.9,0.918,0.112,1.446
1791428774.8728266,0.7538,0.7006,0.7538,0.5695,0.6350,0.6350,0.7006,0.5695,0.5695,0.4302,0.4998,0.6350,0.6350,0.1557,0.1229,0.0737,0.0737,0.5020,0.7015,0.6740,0.1995,-0.0275,60.96,-4.38,163.7,178.2,0.919,0.113,1.481
1791428774.9058788,0.4998,0.8030,0.9054,0.5695,0.7538,0.5695,0.5695,0.5695,0.6350,0.1557,0.1229,0.4998,0.6350,0.0737,0.0942,0.0737,0.0942,0.4980,0.6990,,0.2010,,60.96,-4.25,162.5,177.2,0.915,0.113,
1791428774.9394062,0.4998,0.7006,0.9423,0.6350,0.7006,0.7006,0.7006,0.5695,0.6350,0.3646,0.2991,0.1229,0.3646,0.0737,0.0369,0.0410,0.0574,0.5020,0.7020,,0.2000,,60.65,-4.25,162.6,177.5,,0.114,1.440
1791428774.9721992,0.6350,0.7538,0.7538,0.6350,0.5695,0.7006,0.8030,0.5695,0.7006,0.1229,0.5695,0.4302,0.5695,0.0410,0.0205,0.0942,0.0942,0.4980,0.7065,,0.2085,,60.82,-4.36,161.0,178.5,0.929,0.114,1.586
1791428775.0056965,0.6350,0.6350,0.7006,0.6350,0.6350,0.6350,0.7006,0.6350,0.4998,0.4998,0.2458,0.4998,0.5695,0.0942,0.0942,0.0942,0.0737,0.4990,0.7060,,0.2070,,61.00,-4.43,161.3,179.2,0.931,0.113,1.477
1791428775.0442877,0.8030,0.7006,0.9054,0.5695,0.7006,0.7538,0.7538,0.6350,0.6350,0.1966,0.0737,0.4302,0.5695,0.0369,0.0369,0.0942,0.0737,0.4980,0.7070,,0.2090,,61.97,-4.53,160.4,178.7,0.914,0.109,
1791428775.0753682,0.4302,0.7538,0.8030,0.7006,0.5695,0.7006,0.7538,0.7006,0.6350,0.5695,0.4302,0.4998,0.6350,0.0942,0.0205,0.0942,0.1229,0.4980,0.7080,,0.2100,,61.99,-4.59,161.6,179.5,0.973,0.110,1.524
1791428775.1084096,0.4998,0.7538,0.8767,0.6350,0.5695,0.7006,0.7006,0.4302,0.4302,0.2991,0.4302,0.5695,0.6350,0.0942,0.0574,0.0942,0.0737,0.4980,0.7075,0.6810,0.2095,-0.0265,61.77,-4.48,161.6,179.7,0.934,0.111,1.620
1791428775.140072,0.6350,0.9054,0.8030,0.5695,0.7538,0.7538,0.7006,0.5695,0.5695,0.4302,0.1229,0.5695,0.6350,0.0205,0.0574,0.0942,0.0574,0.4970,0.7065,0.6870,0.2095,-0.0195,61.21,-4.17,162.1,179.4,0.947,0.114,1.577
1791428775.172487,0.5695,0.7006,0.7006,0.6350,0.7006,0.8030,0.5695,0.6350,0.4302,0.2991,0.4302,0.4302,0.4302,0.0246,0.0205,0.0942,0.0737,0.4980,0.7065,,0.2085,,60.97,-4.17,162.7,178.8,0.955,0.115,1.669
1791428775.206678,0.4302,0.8030,0.8767,0.7006,0.6350,0.7538,0.7538,0.4998,0.4998,0.4302,0.2458,0.4302,0.6350,0.0574,0.1229,0.0574,0.0737,0.4960,0.7070,,0.2110,,61.28,-4.22,163.2,178.2,0.921,0.114,1.463
1791428775.239297,0.4998,0.7538,0.9054,0.6350,0.5695,0.5695,0.8030,0.6350,0.5695,0.2458,0.1557,0.5695,0.6350,0.0737,0.0246,0.1229,0.0942,0.4950,0.7035,0.6820,0.2085,-0.0215,61.67,-4.09,164.1,177.7,0.875,0.112,
1791428775.273302,0.5695,0.7538,0.7006,0.6350,0.8030,0.5695,0.8030,0.4998,0.7538,0.6350,0.1557,0.5695,0.5695,0.0942,0.0942,0.0942,0.0737,0.4950,0.7045,0.6810,0.2095,-0.0235,61.73,-4.04,165.1,177.3,0.873,0.112,1.420
1791428775.312954,0.4998,0.8440,0.9259,0.6350,0.5695,0.6350,0.6350,0.5695,0.7006,0.4998,0.3646,0.4998,0.6350,0.0942,0.0942,0.0737,0.0574,0.4940,0.6995,,0.2055,,61.48,-3.90,164.3,177.7,0.861,0.113,1.428
1791428775.3451185,0.4998,0.7006,0.9054,0.6350,0.5695,0.7006,0.8030,0.6350,0.7006,0.4302,0.1966,0.4998,0.6350,0.1557,0.1229,0.1229,0.1229,0.4940,0.6995,,0.2055,,61.41,-3.75,164.0,178.5,0.907,0.113,1.423
1791428775.3768995,0.4998,0.5695,0.8030,0.6350,0.4998,0.8030,0.7006,0.6350,0.6350,0.2458,0.3646,0.4302,0.4998,0.0410,0.0246,0.1229,0.0410,0.4940,0.7065,,0.2125,,61.60,-3.80,163.8,177.9,0.965,0.113,1.650
1791428775.4089825,0.4302,0.7538,0.7538,0.5695,0.7006,0.7538,0.7538,0.5695,0.4302,0.4302,0.1229,0.4998,0.5695,0.0942,0.0369,0.0942,0.0737,0.4970,0.7065,,0.2095,,61.83,-3.85,164.0,177.2,0.951,0.112,1.484
1791428775.4408722,0.4998,0.8767,0.8030,0.5695,0.6350,0.7006,0.7006,0.5695,0.6350,0.4302,0.2991,0.5695,0.5695,0.0737,0.0737,0.1229,0.0737,0.5020,0.7050,0.6810,0.2030,-0.0240,61.41,-3.78,163.5,178.2,0.980,0.113,1.515
1791428775.4727144,0.5695,0.7006,0.8030,0.5695,0.7538,0.7006,0.6350,0.7006,0.4998,0.4998,0.1229,0.4302,0.6350,0.0410,0.0205,0.0942,0.0737,0.4990,0.7035,,0.2045,,61.57,-3.71,164.3,177.9,0.973,0.112,1.494
1791428775.506786,0.5695,0.7538,0.8767,0.5695,0.5695,0.6350,0.7006,0.6350,0.4998,0.5695,0.0942,0.5695,0.5695,0.0410,0.1229,0.0737,0.0737,0.4960,0.7075,0.6880,0.2115,-0.0195,61.34,-3.60,164.3,176.3,0.899,0.114,1.485
1791428775.5400856,0.4998,0.7538,0.8030,0.6350,0.5695,0.7006,0.7538,0.7006,0.4302,0.2991,0.1229,0.4302,0.5695,0.0942,0.0737,0.0737,0.0737,0.4940,0.7050,,0.2110,,61.50,-3.59,164.2,176.6,0.937,0.113,
1791428775.5730243,0.5695,0.8030,0.9587,0.6350,0.6350,0.7006,0.8440,0.4302,0.5695,0.4998,0.3646,0.5695,0.6350,0.1229,0.0737,0.0737,0.1229,0.4960,0.7040,0.6860,0.2080,-0.0180,60.98,-3.42,165.0,177.3,0.948,0.116,1.551
1791428775.6135309,0.4302,0.8440,0.7538,0.7006,0.6350,0.7006,0.7538,0.6350,0.4302,0.4998,0.2458,0.4998,0.5695,0.0369,0.0737,0.1229,0.0737,0.5000,0.7070,,0.2070,,60.98,-3.48,165.5,177.4,0.948,0.115,1.469
1791428775.6452272,0.3646,0.7538,0.9259,0.7538,0.4998,0.7006,0.6350,0.5695,0.4998,0.3646,0.2991,0.4998,0.5695,0.0737,0.0942,0.0737,0.0737,0.4940,0.7070,,0.2130,,61.05,-3.52,165.9,177.9,0.952,0.116,1.521
1791428775.6774027,0.4998,0.7006,0.7538,0.4998,0.4998,0.7006,0.6350,0.4302,0.4998,0.3646,0.4998,0.5695,0.6350,0.0246,0.1229,0.0737,0.0942,0.4940,0.7070,0.6850,0.2130,-0.0220,61.39,-3.48,165.7,178.5,0.947,0.114,1.485
1791428775.7083147,0.4302,0.4302,0.8767,0.5695,0.6350,0.7538,0.6350,0.4998,0.6350,0.4998,0.1966,0.5695,0.5695,0.0246,0.1557,0.0942,0.0737,0.5020,0.6985,0.6820,0.1965,-0.0165,61.48,-3.34,165.2,177.0,0.869,0.113,1.395
1791428775.7394724,0.4998,0.5695,0.8030,0.6350,0.6350,0.7006,0.7538,0.6350,0.7006,0.1966,0.1557,0.4998,0.6350,0.0942,0.1229,0.0942,0.0737,0.4940,0.7010,,0.2070,,61.52,-3.24,164.2,176.9,0.916,0.112,
1791428775.7736554,0.6350,0.8440,0.8030,0.7006,0.6350,0.8030,0.7006,0.5695,0.7006,0.3646,0.2458,0.4998,0.5695,0.0737,0.1229,0.0942,0.0574,0.4940,0.7060,,0.2120,,61.75,-3.32,164.5,176.8,0.912,0.112,1.411
1791428775.807193,0.4302,0.8030,0.8030,0.7006,0.5695,0.7538,0.7006,0.6350,0.6350,0.1966,0.3646,0.4302,0.6350,0.0737,0.0737,0.0737,0.0737,0.4940,0.7065,,0.2125,,61.72,-3.38,164.4,177.6,0.937,0.112,1.654
1791428775.8410778,0.7538,0.7538,0.8030,0.5695,0.7006,0.7006,0.8440,0.7006,0.5695,0.2458,0.4302,0.4998,0.6350,0.0205,0.0369,0.0942,0.0737,0.4960,0.7055,,0.2095,,61.77,-3.43,165.8,177.9,0.895,0.112,1.594
1791428775.8738098,0.5695,0.7538,0.9259,0.5695,0.7006,0.7006,0.6350,0.6350,0.7538,0.2991,0.0737,0.4302,0.5695,0.0574,0.0369,0.1229,0.0942,0.4960,0.7025,,0.2065,,61.89,-3.38,166.0,177.3,0.897,0.111,
1791428775.9068515,0.7006,0.8030,0.8767,0.4998,0.4302,0.7006,0.7538,0.6350,0.7006,0.1966,0.1229,0.6350,0.6350,0.0205,0.1557,0.1229,0.0942,0.4960,0.7075,0.6590,0.2115,-0.0485,62.04,-4.15,165.4,175.2,0.994,0.111,
1791428775.947647,0.7538,0.4998,0.9423,0.7006,0.4998,0.6350,0.7538,0.5695,0.4302,0.0942,0.3646,0.5695,0.5695,0.0737,0.0246,0.0737,0.0574,0.4990,0.7080,0.6810,0.2090,-0.0270,62.02,-4.10,164.1,176.0,0.986,0.111,1.638
1791428775.9785361,0.5695,0.8440,0.9423,0.5695,0.7006,0.5695,0.7006,0.6350,0.4302,0.7006,0.2991,0.4302,0.5695,0.1229,0.0737,0.0410,0.0737,0.4970,0.7070,,0.2100,,62.26,-4.09,163.8,177.2,1.004,0.110,1.573
1791428776.0106225,0.7538,0.5695,0.7538,0.5695,0.7538,0.7538,0.7538,0.1966,0.4998,0.2991,0.1966,0.5695,0.5695,0.0942,0.0205,0.0574,0.0737,0.4940,0.7005,0.6830,0.2065,-0.0175,61.93,-3.84,163.6,177.3,0.898,0.111,
1791428776.0409687,0.6350,0.6350,0.7006,0.4998,0.5695,0.6350,0.7538,0.5695,0.6350,0.4998,0.1229,0.4998,0.6350,0.1229,0.0246,0.0942,0.0942,0.4950,0.7060,,0.2110,,62.06,-3.90,163.5,177.3,0.918,0.111,1.467
1791428776.0738826,0.6350,0.8030,0.8030,0.4302,0.7006,0.7538,0.7538,0.5695,0.5695,0.3646,0.2991,0.3646,0.5695,0.0942,0.0942,0.0737,0.0942,0.5020,0.6985,,0.1965,,61.94,-3.79,164.3,177.2,0.826,0.110,1.351
1791428776.1071522,0.7538,0.8030,0.7006,0.5695,0.4998,0.6350,0.7538,0.4998,0.7006,0.2458,0.2458,0.4998,0.6350,0.0942,0.0369,0.0737,0.0574,0.4950,0.7000,,0.2050,,61.70,-3.67,163.9,177.5,0.921,0.111,
1791428776.1413424,0.4302,0.7538,0.8030,0.5695,0.5695,0.7538,0.6350,0.5695,0.4998,0.1229,0.4998,0.2991,0.5695,0.0942,0.1229,0.0737,0.0574,0.4950,0.7055,,0.2105,,61.85,-3.75,163.8,177.9,,0.111,1.600
1791428776.1743367,0.5695,0.7538,0.7006,0.6350,0.7006,0.7538,0.8440,0.7006,0.7006,0.1966,0.1966,0.4302,0.6350,0.0942,0.1229,0.0737,0.0737,0.4950,0.7015,,0.2065,,61.45,-3.69,163.6,178.1,0.908,0.113,
1791428776.2156425,0.5695,0.5695,0.8440,0.7538,0.4302,0.6350,0.5695,0.7006,0.5695,0.1966,0.4302,0.4998,0.5695,0.1229,0.0942,0.0942,0.0942,0.4980,0.7015,,0.2035,,61.04,-3.64,163.6,178.5,0.919,0.114,1.621
1791428776.2473602,0.4998,0.4998,0.9054,0.4998,0.5695,0.6350,0.8440,0.6350,0.6350,0.2991,0.4302,0.4998,0.6350,0.0410,0.0942,0.0942,0.0410,0.4960,0.7060,,0.2100,,61.25,-3.70,164.2,178.0,0.964,0.114,1.676
1791428776.2794712,0.4302,0.8440,0.9259,0.4998,0.7006,0.6350,0.7006,0.6350,0.6350,0.2991,0.1966,0.4998,0.5695,0.0205,0.0942,0.0737,0.0574,0.4990,0.7030,,0.2040,,61.70,-3.71,164.5,178.1,0.902,0.111,
1791428776.310484,0.6350,0.8030,0.7006,0.6350,0.5695,0.8030,0.7538,0.4998,0.6350,0.4998,0.1557,0.5695,0.5695,0.0737,0.0737,0.1229,0.1229,0.5020,0.7000,0.6800,0.1980,-0.0200,61.41,-3.57,164.9,177.9,0.948,0.112,1.465
1791428776.342379,0.6350,0.4998,0.7538,0.6350,0.7006,0.8030,0.7006,0.5695,0.5695,0.1229,0.4302,0.4998,0.5695,0.0737,0.0737,0.0942,0.0574,0.5020,0.7055,,0.2035,,61.75,-3.65,162.4,178.2,0.928,0.110,1.607
1791428776.3746357,0.4302,0.5695,0.7538,0.5695,0.7006,0.6350,0.7006,0.5695,0.4998,0.3646,0.1229,0.4998,0.4998,0.0737,0.0246,0.0737,0.0574,0.4950,0.7025,,0.2075,,61.75,-3.65,162.3,177.0,0.899,0.110,1.435
1791428776.4072216,0.4998,0.3646,0.8030,0.5695,0.4998,0.7538,0.7006,0.5695,0.4302,0.1966,0.1229,0.6350,0.5695,0.0574,0.0410,0.0574,0.0574,0.4970,0.7055,0.6740,0.2085,-0.0315,61.77,-3.88,162.4,177.1,0.946,0.110,
1791428776.4408915,0.4302,0.7006,0.9054,0.5695,0.7006,0.8030,0.8030,0.7538,0.7006,0.2991,0.1557,0.5695,0.5695,0.0942,0.0942,0.0942,0.0737,0.4960,0.7035,0.6810,0.2075,-0.0225,61.33,-3.82,162.5,177.4,0.905,0.113,
1791428776.4742334,0.4302,0.6350,0.8030,0.6350,0.5695,0.7538,0.6350,0.5695,0.3646,0.6350,0.2991,0.5695,0.6350,0.0410,0.1966,0.0737,0.1557,0.4960,0.7010,0.6790,0.2050,-0.0220,61.56,-3.77,163.6,177.7,0.878,0.112,1.428
1791428776.5077229,0.4998,0.6350,0.9054,0.4998,0.5695,0.7538,0.7006,0.7538,0.5695,0.4302,0.4302,0.4998,0.5695,0.0737,0.0205,0.0737,0.0574,0.4950,0.7040,,0.2090,,62.05,-3.84,163.8,176.5,0.869,0.110,1.407
1791428776.5480852,0.4998,0.6350,0.8767,0.5695,0.7006,0.7006,0.6350,0.6350,0.4998,0.2991,0.2991,0.5695,0.6350,0.0246,0.0942,0.0942,0.0942,0.4960,0.7055,0.6790,0.2095,-0.0265,62.04,-3.92,163.9,177.0,0.894,0.110,
1791428776.5802584,0.6350,0.6350,0.7538,0.7006,0.6350,0.7006,0.7538,0.3646,0.6350,0.4302,0.1966,0.4998,0.5695,0.1229,0.0369,0.1557,0.0737,0.4960,0.6990,,0.2030,,61.74,-3.76,164.2,176.4,0.911,0.111,1.455
1791428776.6116383,0.7006,0.5695,0.7006,0.5695,0.4302,0.5695,0.7538,0.5695,0.7006,0.4302,0.1557,0.5695,0.6350,0.0737,0.0942,0.0942,0.0942,0.4990,0.7030,0.6830,0.2040,-0.0200,61.89,-3.59,163.9,175.3,0.974,0.110,1.455
1791428776.6435897,0.7538,0.6350,0.8440,0.4998,0.6350,0.6350,0.7006,0.5695,0.7006,0.3646,0.3646,0.4998,0.4998,0.0942,0.0574,0.0737,0.0737,0.4950,0.7055,,0.2105,,61.79,-3.63,163.7,175.8,0.966,0.111,1.509
1791428776.6755886,0.4998,0.8030,0.9423,0.6350,0.7006,0.8440,0.8030,0.4998,0.4998,0.2991,0.4302,0.6350,0.6350,0.0942,0.0737,0.0737,0.0942,0.4960,0.7055,0.6810,0.2095,-0.0245,61.60,-3.64,164.6,176.3,0.953,0.112,1.638
1791428776.7071428,0.4302,0.8030,0.7538,0.7006,0.4302,0.7538,0.8440,0.6350,0.2991,0.1229,0.4302,0.5695,0.5695,0.0574,0.0205,0.0737,0.0574,0.4980,0.6990,0.6820,0.2010,-0.0170,61.55,-3.50,163.2,176.8,0.849,0.112,1.534
1791428776.741635,0.4302,0.7538,0.8440,0.7006,0.5695,0.6350,0.7538,0.5695,0.5695,0.5695,0.2991,0.5695,0.6350,0.0737,0.0737,0.0737,0.0737,0.4950,0.7050,0.6830,0.2100,-0.0220,61.42,-3.44,163.4,177.1,0.979,0.113,1.526
1791428776.774654,0.7006,0.8030,0.8767,0.7006,0.7006,0.7006,0.7006,0.6350,0.4998,0.2991,0.2991,0.4998,0.6350,0.0246,0.0246,0.0942,0.0942,0.4960,0.7065,,0.2105,,61.34,-3.56,165.1,177.6,0.905,0.113,
1791428776.807632,0.2991,0.8440,0.7538,0.5695,0.8030,0.7006,0.4998,0.6350,0.5695,0.1557,0.0942,0.3646,0.5695,0.1229,0.0246,0.0737,0.0942,,0.7055,,,,61.34,-3.56,163.0,177.8,0.908,0.113,
1791428776.8409452,0.5695,0.5695,0.8030,0.7006,0.7006,0.7006,0.7006,0.6350,0.5695,0.1557,0.1966,0.4998,0.6350,0.0369,0.0942,0.0942,0.0942,0.4990,0.7030,,0.2040,,61.42,-3.51,162.4,177.9,0.945,0.113,
1791428776.8827069,0.3646,0.7006,0.6350,0.5695,0.7006,0.8767,0.6350,0.7006,0.3646,0.2991,0.2458,0.5695,0.5695,0.1966,0.1229,0.1229,0.0737,0.4950,0.7050,0.6810,0.2100,-0.0240,61.00,-3.51,162.5,177.4,0.986,0.115,
1791428776.913764,0.7538,0.7538,0.9259,0.6350,0.5695,0.7538,0.7538,0.7006,0.4998,0.1966,0.1557,0.4998,0.5695,0.0737,0.0942,0.0942,0.0574,0.4980,0.7075,,0.2095,,61.42,-3.62,162.0,177.7,0.935,0.113,
1791428776.9455507,0.3646,0.8030,0.7538,0.7006,0.6350,0.6350,0.7006,0.6350,0.5695,0.2458,0.3646,0.4302,0.6350,0.1229,0.0369,0.0942,0.0942,0.4950,0.7070,,0.2120,,61.29,-3.65,161.7,178.0,0.981,0.114,1.725
1791428776.976787,0.6350,0.7006,0.8767,0.4998,0.4998,0.7006,0.7006,0.5695,0.5695,0.1229,0.3646,0.2458,0.5695,0.1229,0.1229,0.0574,0.0737,0.4960,0.6990,,0.2030,,61.21,-3.51,162.0,177.8,,0.114,1.573
1791428777.008886,0.8030,0.7538,0.8767,0.5695,0.5695,0.7538,0.8767,0.5695,0.5695,0.3646,0.1557,0.5695,0.5695,0.0737,0.0205,0.0737,0.0574,0.4950,0.7035,0.6800,0.2085,-0.0235,61.27,-3.54,162.9,176.8,0.916,0.114,1.456
1791428777.041463,0.5695,0.7006,0.9054,0.4998,0.5695,0.7538,0.6350,0.4302,0.4998,0.4998,0.1229,0.4998,0.4998,0.0737,0.1229,0.0942,0.0737,0.4950,0.7020,,0.2070,,61.06,-3.50,163.6,176.9,0.921,0.115,1.463
1791428777.0748692,0.8030,0.8030,0.7538,0.4998,0.6350,0.7538,0.7538,0.5695,0.4998,0.1966,0.1229,0.4998,0.5695,0.1229,0.0574,0.0737,0.0737,0.4960,0.7070,,0.2110,,60.99,-3.59,163.5,176.4,0.949,0.115,
1791428777.107628,0.3646,0.7006,0.8030,0.5695,0.5695,0.7538,0.7538,0.4998,0.4302,0.1557,0.2458,0.6350,0.6350,0.0942,0.0369,0.1229,0.0942,0.4960,0.7025,0.6820,0.2065,-0.0205,61.26,-3.53,161.0,176.9,0.898,0.114,
1791428777.1411304,0.7006,0.5695,0.7538,0.4302,0.6350,0.4998,0.8030,0.6350,0.6350,0.3646,0.0942,0.4998,0.5695,0.0942,0.0942,0.0942,0.0942,0.4980,0.7060,,0.2080,,60.68,-3.56,161.6,175.1,0.967,0.117,1.551
1791428777.1814406,0.7006,0.7538,0.8440,0.5695,0.7006,0.6350,0.7538,0.4998,0.6350,0.2458,0.1966,0.4998,0.6350,0.0942,0.1229,0.1229,0.1229,0.4950,0.7065,,0.2115,,60.69,-3.62,162.2,173.7,0.946,0.117,
1791428777.2128768,0.4998,0.7538,0.7006,0.6350,0.7006,0.8030,0.7006,0.5695,0.6350,0.3646,0.1557,0.5695,0.6350,0.0737,0.0942,0.0737,0.0737,0.4960,0.7065,0.6710,0.2105,-0.0355,61.11,-3.98,162.3,174.0,0.932,0.115,1.471
1791428777.2450125,0.6350,0.8030,0.8440,0.5695,0.6350,0.8030,0.7006,0.4302,0.3646,0.1229,0.4998,0.5695,0.4998,0.0410,0.0942,0.1229,0.0574,0.4980,0.7060,,0.2080,,61.18,-4.01,161.8,174.3,0.942,0.115,1.629
1791428777.2762733,0.4302,0.7006,0.9259,0.6350,0.6350,0.6350,0.7006,0.6350,0.4998,0.2991,0.2458,0.3646,0.4302,0.0942,0.1557,0.0942,0.0737,0.4960,0.7065,,0.2105,,61.30,-4.06,162.5,174.8,0.917,0.115,
1791428777.3096268,0.7006,0.5695,0.8030,0.5695,0.5695,0.7538,0.7006,0.5695,0.6350,0.2458,0.1966,0.5695,0.6350,0.0737,0.0737,0.1229,0.1229,0.4950,0.7060,0.6840,0.2110,-0.0220,61.19,-3.94,162.3,175.4,0.916,0.115,
1791428777.342207,0.4302,0.8767,0.7006,0.4998,0.8030,0.5695,0.7006,0.6350,0.5695,0.1966,0.0942,0.4998,0.7006,0.0942,0.0737,0.0737,0.0737,0.4950,0.7070,,0.2120,,60.97,-3.96,162.8,175.7,0.957,0.117,
1791428777.3827467,0.4998,0.5695,0.9259,0.4302,0.5695,0.7006,0.8767,0.4998,0.5695,0.1557,0.1229,0.3646,0.5695,0.0737,0.1229,0.0737,0.0942,0.4950,0.7025,,0.2075,,60.91,-3.91,161.8,174.9,0.866,0.117,
1791428777.4142132,0.4302,0.7538,0.8767,0.5695,0.6350,0.6350,0.5695,0.6350,0.3646,0.2991,0.0942,0.4998,0.5695,0.0205,0.1229,0.1966,0.0574,0.4960,0.7040,,0.2080,,60.73,-3.87,162.5,175.1,0.923,0.117,
1791428777.4462485,0.5695,0.6350,0.8030,0.7006,0.5695,0.5695,0.8440,0.5695,0.5695,0.2458,0.4302,0.5695,0.6350,0.0410,0.1229,0.0942,0.1229,0.5020,0.7040,0.6770,0.2020,-0.0270,60.58,-3.89,161.9,177.0,0.977,0.117,1.643
1791428777.4780917,0.6350,0.4998,0.7006,0.6350,0.7538,0.8030,0.7538,0.6350,0.7006,0.2991,0.2458,0.6350,0.6350,0.1229,0.0942,0.0574,0.0737,0.4980,0.7045,0.6820,0.2065,-0.0225,60.65,-3.81,162.5,176.9,0.920,0.117,
1791428777.5091789,0.8030,0.7006,0.7006,0.4998,0.6350,0.6350,0.7538,0.7006,0.5695,0.2458,0.1229,0.5695,0.6350,0.0737,0.1229,0.0942,0.0574,0.5030,0.7040,0.6840,0.2010,-0.0200,60.72,-3.66,162.7,176.3,0.934,0.116,
1791428777.5419416,0.5695,0.8030,0.8030,0.6350,0.5695,0.7538,0.5695,0.2991,0.5695,0.1966,0.1557,0.5695,0.7006,0.0942,0.0737,0.0942,0.0737,0.4960,0.7025,0.6800,0.2065,-0.0225,60.76,-3.64,163.2,176.9,0.907,0.115,
1791428777.5749109,0.3646,0.5695,0.8030,0.7006,0.4998,0.6350,0.8030,0.5695,0.6350,0.2458,0.1966,0.3646,0.5695,0.0246,0.0369,0.0737,0.0574,0.4950,0.7040,,0.2090,,60.55,-3.62,162.4,176.4,0.946,0.117,
1791428777.6089435,0.3646,0.8030,0.8440,0.4998,0.5695,0.8767,0.7538,0.4998,0.5695,0.2458,0.4302,0.5695,0.7006,0.1557,0.0205,0.0574,0.0737,0.4970,0.7050,0.6620,0.2080,-0.0430,60.80,-4.23,163.8,178.5,0.914,0.116,1.509
1791428777.641736,0.4302,0.7538,0.7538,0.4302,0.5695,0.5695,0.7006,0.4302,0.6350,0.1966,0.1229,0.5695,0.6350,0.0737,0.0369,0.1229,0.0737,0.4950,0.7055,0.6780,0.2105,-0.0275,61.06,-4.25,163.8,178.4,0.908,0.115,
1791428777.6825254,0.4998,0.7006,0.6350,0.6350,0.5695,0.7006,0.7538,0.5695,0.6350,0.2991,0.1229,0.5695,0.6350,0.0942,0.1229,0.0942,0.0942,0.4950,0.7065,0.6800,0.2115,-0.0265,61.00,-4.17,163.8,177.4,0.977,0.116,
1791428777.714824,0.4998,0.8030,0.9587,0.6350,0.7538,0.8030,0.6350,0.5695,0.4302,0.1229,0.1229,0.4302,0.5695,0.0942,0.0246,0.0737,0.0574,0.4960,0.6995,,0.2035,,61.19,-4.06,163.0,176.7,0.878,0.114,
1791428777.7457416,0.6350,0.8440,0.8030,0.6350,0.4998,0.7538,0.7006,0.5695,0.6350,0.1966,0.1966,0.4998,0.5695,0.0942,0.0369,0.0737,0.0737,0.4960,0.7055,,0.2095,,61.28,-4.09,,177.0,0.945,0.114,
1791428777.7766101,0.4998,0.6350,0.8030,0.6350,0.7538,0.7006,0.7006,0.5695,0.5695,0.3646,0.4302,0.6350,0.5695,0.0942,0.0574,0.0410,0.0737,0.4980,0.7055,0.6820,0.2075,-0.0235,61.37,-4.02,163.2,178.2,0.894,0.113,1.442
1791428777.8093677,0.4998,0.8030,0.8030,0.6350,0.7538,0.7538,0.7006,0.7006,0.5695,0.1557,0.1229,0.4302,0.5695,0.0737,0.1557,0.0574,0.0737,0.4980,0.6995,,0.2015,,61.31,-3.91,163.0,177.3,0.874,0.113,
1791428777.8416457,0.5695,0.4998,0.8030,0.7006,0.7006,0.7006,0.8030,0.4998,0.5695,0.6350,0.4302,0.4302,0.4302,0.0205,0.0369,0.0246,0.0369,0.4970,0.7065,,0.2095,,61.52,-4.00,162.8,176.2,0.918,0.112,1.508
1791428777.8758707,0.4998,0.7006,0.8030,0.4998,0.4998,0.7006,0.7006,0.5695,0.5695,0.1229,0.2991,0.4998,0.5695,0.0246,0.0942,0.0942,0.0574,0.4980,0.7075,,0.2095,,61.54,-4.06,160.9,176.4,0.959,0.113,
1791428777.9099972,0.4998,0.9259,0.6350,0.7538,0.5695,0.6350,0.7006,0.5695,0.5695,0.1557,0.0737,0.5695,0.7006,0.0942,0.0574,0.0737,0.0574,0.5020,0.7055,0.6810,0.2035,-0.0245,61.35,-3.99,160.1,175.6,0.952,0.113,
1791428777.9427664,0.4302,0.7538,0.9259,0.7006,0.5695,0.8030,0.6350,0.6350,0.5695,0.1557,0.4998,0.5695,0.5695,0.0246,0.0246,0.0737,0.0574,0.4970,0.7030,0.6910,0.2060,-0.0120,61.25,-3.61,161.2,176.4,0.869,0.113,1.517
1791428777.9761152,0.4998,0.7538,0.7006,0.4998,0.4998,0.8030,0.8440,0.5695,0.3646,0.2458,0.1557,0.4998,0.5695,0.1557,0.0369,0.1229,0.0942,0.4960,0.7075,,0.2115,,61.59,-3.70,162.4,176.6,0.908,0.112,
1791428778.0161808,0.4998,0.8030,0.7538,0.5695,0.5695,0.7006,0.7006,0.7006,0.4998,0.1966,0.0942,0.4998,0.5695,0.0574,0.0205,0.0942,0.0574,0.4970,0.7030,,0.2060,,61.59,-3.64,162.5,176.3,0.912,0.112,
1791428778.0472124,0.4302,0.7538,0.9054,0.7006,0.4998,0.8030,0.7006,0.4302,0.7538,0.0942,0.0942,0.4998,0.4998,0.0942,0.0942,0.0942,0.0737,0.4960,0.7055,,0.2095,,62.22,-3.70,161.6,176.2,0.877,0.109,
1791428778.078657,0.4302,0.4998,0.8767,0.7006,0.6350,0.7538,0.8030,0.6350,0.3646,0.1557,0.2991,0.4998,0.5695,0.0942,0.0942,0.0942,0.0737,0.4950,0.7055,,0.2105,,61.82,-3.71,161.8,176.5,0.919,0.112,
1791428778.1099074,0.6350,0.8030,0.9054,0.7006,0.4998,0.4998,0.5695,0.6350,0.4998,0.2991,0.2991,0.4998,0.4998,0.0737,0.1229,0.0737,0.0737,0.4950,0.7065,,0.2115,,61.47,-3.73,162.5,177.3,0.943,0.114,
1791428778.1423035,0.5695,0.7538,0.8030,0.6350,0.5695,0.7006,0.6350,0.7538,0.5695,0.2991,0.2991,0.5695,0.5695,0.0246,0.0369,0.0574,0.0574,0.4950,0.7070,0.6880,0.2120,-0.0190,61.26,-3.54,162.7,178.3,0.962,0.115,
1791428778.1766965,0.5695,0.7538,0.7006,0.5695,0.5695,0.7006,0.6350,0.5695,0.6350,0.1966,0.4302,0.5695,0.6350,0.0942,0.0737,0.0737,0.0737,0.4970,0.6975,0.6780,0.2005,-0.0195,60.92,-3.45,162.4,178.4,0.898,0.116,1.548
1791428778.2102385,0.5695,0.8030,0.8440,0.6350,0.4998,0.6350,0.6350,0.6350,0.4302,0.1229,0.4302,0.4998,0.5695,0.0205,0.0205,0.0737,0.0574,0.4960,0.7060,,0.2100,,60.78,-3.49,162.1,177.9,0.954,0.116,1.662
1791428778.2511034,0.7006,0.7538,0.8767,0.4302,0.4998,0.7006,0.7006,0.7006,0.4302,0.1229,0.0942,0.4998,0.6350,0.0942,0.0737,0.1229,0.0574,0.4950,0.7005,,0.2055,,61.12,-3.41,159.7,177.4,0.872,0.115,
1791428778.2822213,0.5695,0.8440,0.7006,0.4998,0.4998,0.7006,0.7538,0.7006,0.4998,0.4302,0.2458,0.4998,0.6350,0.1557,0.0737,0.0942,0.0737,0.4970,0.7085,,0.2115,,61.12,-3.51,161.0,178.3,0.982,0.115,1.540
1791428778.3136432,0.3646,0.8030,0.6350,0.4998,0.4998,0.7538,0.7006,0.7006,0.4998,0.2458,0.4302,0.5695,0.5695,0.0942,0.0205,0.0737,0.0410,0.5030,0.7065,0.6820,0.2035,-0.0245,60.94,-3.55,161.6,178.3,0.947,0.115,1.638
1791428778.3452082,0.6350,0.4998,0.7006,0.4998,0.4302,0.5695,0.8030,0.7006,0.4302,0.3646,0.4998,0.4998,0.7006,0.0737,0.0942,0.0942,0.0737,0.5010,0.7035,,0.2025,,60.39,-3.49,162.3,177.7,0.960,0.117,1.570
1791428778.3764708,0.6350,0.8440,0.8440,0.5695,0.4998,0.7006,0.8030,0.5695,0.7006,0.3646,0.0737,0.4998,0.5695,0.1229,0.0574,0.0737,0.0574,0.4970,0.7055,,0.2085,,60.55,-3.52,162.4,176.6,0.923,0.117,1.489
1791428778.409752,0.6350,0.7006,0.8440,0.4998,0.5695,0.6350,0.7538,0.7006,0.7006,0.2458,0.0737,0.4302,0.5695,0.0246,0.1229,0.0737,0.0942,0.4990,0.7050,,0.2060,,61.17,-3.55,162.8,176.2,0.903,0.114,
1791428778.442563,0.4998,0.7006,0.8440,0.7006,0.4998,0.8030,0.7538,0.4302,0.4302,0.2991,0.0942,0.5695,0.5695,0.0942,0.0574,0.0737,0.0737,0.4950,0.7060,0.6820,0.2110,-0.0240,60.85,-3.59,162.8,176.3,0.919,0.116,
1791428778.4766629,0.7006,0.9054,0.9054,0.7006,0.5695,0.7538,0.7006,0.6350,0.6350,0.2458,0.1557,0.6350,0.6350,0.1229,0.0369,0.0737,0.0942,0.4960,0.7030,0.6830,0.2070,-0.0200,60.95,-3.48,163.0,176.5,0.934,0.115,
1791428778.5094316,0.6350,0.8440,0.7006,0.5695,0.7006,0.4998,0.8767,0.5695,0.6350,0.3646,0.2458,0.5695,0.5695,0.0369,0.0205,0.0942,0.0942,0.4960,0.7075,0.6830,0.2115,-0.0245,61.13,-3.51,163.2,177.0,0.972,0.115,1.557
1791428778.5439713,0.4302,0.8440,0.7538,0.6350,0.7006,0.7538,0.7006,0.7006,0.6350,0.2458,0.1557,0.5695,0.5695,0.0737,0.0942,0.0942,0.0737,0.4980,0.7055,0.6810,0.2075,-0.0245,61.61,-3.57,163.1,176.8,0.915,0.112,
1791428778.5826871,0.5695,0.4302,0.7006,0.4998,0.5695,0.7538,0.7006,0.5695,0.4302,0.1966,0.0737,0.4998,0.6350,0.0574,0.1229,0.0737,0.0574,0.4970,0.6980,,0.2010,,61.48,-3.37,162.0,176.3,0.902,0.112,
1791428778.6149042,0.3646,0.7006,0.9259,0.4998,0.3646,0.4998,0.7006,0.4998,0.5695,0.1229,0.0942,0.3646,0.4998,0.0942,0.0942,0.1229,0.0574,0.4950,0.7055,,0.2105,,60.95,-3.40,161.5,176.7,0.948,0.115,
1791428778.6459124,0.6350,0.7538,0.6350,0.5695,0.6350,0.7006,0.8440,0.7006,0.6350,0.2458,0.1229,0.5695,0.6350,0.0942,0.0205,0.0942,0.0942,0.5010,0.7055,0.6820,0.2045,-0.0235,60.82,-3.44,162.7,176.6,0.937,0.115,
1791428778.6767044,0.5695,0.7538,0.9054,0.4998,0.7538,0.6350,0.7006,0.7006,0.4998,0.4302,0.2991,0.5695,0.5695,0.0574,0.0942,0.0942,0.0942,0.4970,0.7070,0.6760,0.2100,-0.0310,60.69,-3.67,162.9,176.5,0.974,0.116,1.587
1791428778.7099464,0.4302,0.7006,0.7538,0.6350,0.6350,0.8030,0.5695,0.6350,0.6350,0.1557,0.1229,0.4302,0.5695,0.0737,0.0737,0.0737,0.0737,0.4960,0.7050,,0.2090,,60.50,-3.69,162.0,177.2,0.923,0.118,
1791428778.7429588,0.3646,0.7538,0.7006,0.4998,0.6350,0.7006,0.7006,0.5695,0.5695,0.1557,0.1229,0.2991,0.4302,0.0369,0.1229,0.0737,0.0574,0.4950,0.7060,,0.2110,,60.16,-3.69,160.7,176.1,,0.120,
1791428778.7766726,0.2991,0.7538,0.6350,0.6350,0.5695,0.8030,0.7006,0.7006,0.7006,0.3646,0.2991,0.4998,0.6350,0.0574,0.0246,0.1229,0.1229,,0.6990,,,,60.16,-3.69,161.4,176.2,0.869,0.120,
1791428778.8103576,0.3646,0.8440,0.8440,0.6350,0.5695,0.6350,0.7538,0.5695,0.7538,0.1557,0.1229,0.5695,0.6350,0.0369,0.0942,0.0737,0.0574,0.4970,0.7050,0.6840,0.2080,-0.0210,60.42,-3.59,160.9,176.0,0.943,0.118,
1791428778.843566,0.4998,0.8030,0.7006,0.4998,0.5695,0.6350,0.7538,0.7006,0.5695,0.1557,0.0737,0.4998,0.5695,0.0574,0.1229,0.0942,0.0574,0.4970,0.7045,,0.2075,,60.61,-3.60,160.7,174.7,0.904,0.117,
1791428778.88458,0.7006,0.7006,0.9259,0.5695,0.4302,0.7006,0.7538,0.6350,0.5695,0.1557,0.1229,0.4998,0.5695,0.0369,0.0246,0.0737,0.0942,0.4950,0.7060,,0.2110,,60.56,-3.65,160.5,,0.914,0.118,
1791428778.9157171,0.5695,0.7006,0.6350,0.5695,0.5695,0.8030,0.7538,0.7006,0.4998,0.2991,0.2991,0.4302,0.4998,0.1229,0.0410,0.1229,0.0942,0.4950,0.7040,,0.2090,,60.83,-3.63,161.4,,0.913,0.117,
1791428778.9481914,0.4998,0.8030,0.7006,0.7538,0.6350,0.6350,0.6350,0.5695,0.5695,0.1966,0.3646,0.2991,0.3646,0.0246,0.0246,0.0942,0.0737,0.4980,0.7025,,0.2045,,60.65,-3.59,161.2,175.7,,0.117,1.638
1791428778.979187,0.5695,0.7538,0.9259,0.4998,0.4998,0.8030,0.6350,0.6350,0.4998,0.5695,0.4302,0.4998,0.6350,0.0942,0.1229,0.0737,0.0737,0.4950,0.7010,,0.2060,,60.77,-3.50,161.6,176.9,0.891,0.116,1.448
1791428779.0111392,0.6350,0.7538,0.9423,0.5695,0.4998,0.8440,0.7538,0.7006,0.6350,0.3646,0.1557,0.6350,0.6350,0.0737,0.0737,0.1966,0.0574,0.4960,0.7045,0.6830,0.2085,-0.0215,60.77,-3.46,162.4,177.7,0.929,0.116,1.485
1791428779.044092,0.7006,0.8440,0.8440,0.5695,0.7538,0.7006,0.7538,0.6350,0.5695,0.1557,0.1229,0.4302,0.5695,0.1966,0.1229,0.1229,0.0942,0.4950,0.7030,,0.2080,,60.69,-3.45,162.5,177.9,0.887,0.117,
1791428779.0772011,0.6350,0.8030,0.7538,0.4998,0.6350,0.8030,0.6350,0.5695,0.4998,0.4998,0.4998,0.4998,0.4998,0.0942,0.0369,0.0942,0.0574,0.4960,0.7040,,0.2080,,60.98,-3.48,162.9,179.7,0.882,0.115,1.427
1791428779.1100118,0.5695,0.7538,0.8440,0.5695,0.7006,0.7006,0.7538,0.5695,0.4998,0.2458,0.3646,0.4998,0.5695,0.0737,0.1229,0.0942,0.0737,0.4960,0.7005,,0.2045,,61.14,-3.41,163.7,179.7,0.870,0.114,1.566
1791428779.1433747,0.4302,0.7538,0.7006,0.6350,0.5695,0.6350,0.7538,0.7538,0.3646,0.1966,0.2458,0.6350,0.6350,0.1229,0.1229,0.1229,0.0942,0.4980,0.7050,0.6730,0.2070,-0.0320,60.87,-3.68,164.7,179.9,0.974,0.115,
1791428779.1769805,0.4302,0.7006,0.9259,0.5695,0.6350,0.7006,0.6350,0.5695,0.3646,0.5695,0.4302,0.4998,0.5695,0.0942,0.0246,0.0737,0.0737,0.4950,0.7025,,0.2075,,60.76,-3.67,165.0,179.4,0.891,0.116,1.465
1791428779.2164135,0.4998,0.7538,0.7006,0.5695,0.7538,0.7006,0.7538,0.7006,0.5695,0.1966,0.4998,0.4302,0.5695,0.0737,0.0246,0.0737,0.0737,0.4950,0.7045,,0.2095,,61.01,-3.74,165.3,179.2,0.865,0.115,1.549
1791428779.2488587,0.4998,0.8440,0.9259,0.6350,0.4998,0.5695,0.7006,0.4998,0.4302,0.1966,0.1557,0.4998,0.4998,0.0942,0.0246,0.0737,0.0574,0.4960,0.7030,,0.2070,,60.93,-3.69,163.0,178.9,0.935,0.115,
1791428779.2804022,0.4998,0.8440,0.7006,0.7006,0.6350,0.6350,0.6350,0.5695,0.7006,0.0942,0.0942,0.4998,0.6350,0.0574,0.0369,0.0574,0.0574,0.4950,0.7060,,0.2110,,60.88,-3.73,162.4,178.4,0.963,0.116,
1791428779.3117468,0.4998,0.8030,0.9054,0.4998,0.6350,0.6350,0.8030,0.5695,0.4998,0.2458,0.0942,0.5695,0.7006,0.0369,0.0205,0.0574,0.0410,0.4950,0.6985,0.6760,0.2035,-0.0225,60.56,-3.76,162.6,178.2,0.820,0.117,
1791428779.34375,0.5695,0.7538,0.8030,0.6350,0.6350,0.6350,0.7538,0.4302,0.4998,0.2458,0.0942,0.2991,0.5695,0.0574,0.0205,0.0737,0.0737,0.4960,0.7065,,0.2105,,60.49,-3.83,162.4,178.3,,0.118,
1791428779.3775678,0.4998,0.7538,0.5695,0.5695,0.7006,0.7006,0.8440,0.4998,0.6350,0.1557,0.1966,0.5695,0.6350,0.0942,0.0737,0.0737,0.0574,0.4960,0.7075,0.6840,0.2115,-0.0235,60.77,-3.74,163.4,178.9,0.986,0.117,
1791428779.4108455,0.6350,0.7538,0.9423,0.6350,0.5695,0.8030,0.8030,0.5695,0.6350,0.4302,0.2991,0.2458,0.4998,0.0369,0.1229,0.0574,0.0574,0.4960,0.7050,,0.2090,,61.00,-3.77,163.3,179.3,,0.116,1.500
1791428779.445063,0.5695,0.7538,0.6350,0.4998,0.4998,0.6350,0.8030,0.7538,0.4998,0.1229,0.1966,0.4302,0.5695,0.1557,0.0574,0.0737,0.0942,0.4950,0.7055,,0.2105,,61.00,-3.81,162.9,178.9,0.913,0.116,
1791428779.4864068,0.4998,0.8030,0.8030,0.7006,0.5695,0.8030,0.6350,0.6350,0.4998,0.1966,0.2458,0.4302,0.4998,0.1557,0.0410,0.1229,0.0737,0.4960,0.7080,,0.2120,,60.89,-3.88,162.8,178.4,0.956,0.117,
1791428779.518482,0.5695,0.6350,0.7006,0.4998,0.5695,0.7006,0.7538,0.5695,0.5695,0.4998,0.2991,0.4998,0.5695,0.0942,0.1229,0.0737,0.0737,0.4970,0.7025,,0.2055,,60.81,-3.81,163.0,178.2,0.902,0.117,1.463
1791428779.549081,0.4998,0.6350,0.8030,0.5695,0.7006,0.8440,0.7538,0.7006,0.6350,0.3646,0.2458,0.5695,0.5695,0.0737,0.0246,0.1557,0.1229,0.4950,0.7045,0.6820,0.2095,-0.0225,60.61,-3.74,162.8,178.6,0.936,0.118,1.515
1791428779.580526,0.7538,0.4302,0.7006,0.6350,0.3646,0.7006,0.7006,0.6350,0.5695,0.1229,0.1229,0.5695,0.6350,0.0737,0.0369,0.0942,0.0737,0.5020,0.6985,0.6800,0.1965,-0.0185,60.29,-3.59,161.1,178.7,0.890,0.118,
1791428779.6122196,0.4998,0.6350,0.9259,0.6350,0.5695,0.8030,0.8030,0.7006,0.4302,0.1966,0.2991,0.4998,0.5695,0.0942,0.1229,0.1229,0.0737,0.4950,0.7050,,0.2100,,60.06,-3.60,161.3,178.7,0.972,0.119,
1791428779.6445668,0.3646,0.6350,0.8767,0.6350,0.5695,0.6350,0.7006,0.7006,0.6350,0.2991,0.4302,0.3646,0.5695,0.1229,0.0942,0.0737,0.0737,0.4970,0.7065,,0.2095,,60.15,-3.65,162.3,179.3,0.961,0.119,1.684
1791428779.6788027,0.4302,0.7538,0.9259,0.6350,0.6350,0.6350,0.7538,0.6350,0.5695,0.4302,0.2991,0.6350,0.5695,0.0942,0.0737,0.0737,0.0737,0.4950,0.7070,0.6770,0.2120,-0.0300,60.64,-3.85,163.4,179.1,0.925,0.117,1.428
1791428779.7109036,0.5695,0.4302,0.8030,0.4998,0.3646,0.7538,0.7006,0.6350,0.6350,0.1557,0.2458,0.3646,0.6350,0.0574,0.0942,0.0737,0.0737,0.4950,0.7025,,0.2075,,60.79,-3.80,162.9,178.4,0.907,0.116,
1791428779.7447627,0.5695,0.5695,0.5695,0.6350,0.7538,0.7538,0.8030,0.5695,0.5695,0.2991,0.2458,0.5695,0.5695,0.0942,0.0942,0.1229,0.0942,0.4960,0.7055,0.6810,0.2095,-0.0245,61.32,-3.79,163.6,178.8,0.930,0.114,
1791428779.7782905,0.6350,0.7006,0.7006,0.7006,0.5695,0.7006,0.7006,0.6350,0.5695,0.1966,0.4302,0.4302,0.4998,0.0574,0.1229,0.0942,0.0942,0.4960,0.7060,,0.2100,,61.10,-3.81,163.1,179.5,0.964,0.115,1.662
1791428779.8180387,0.7006,0.6350,0.8030,0.6350,0.7006,0.8440,0.7006,0.4998,0.5695,0.4302,0.0942,0.4998,0.7006,0.0410,0.0205,0.0737,0.0737,0.4950,0.7040,,0.2090,,61.47,-3.80,163.4,178.5,0.907,0.114,1.428
1791428779.8498333,0.5695,0.7538,0.7006,0.4998,0.5695,0.8030,0.7006,0.5695,0.7006,0.1229,0.1229,0.4998,0.4998,0.0574,0.0205,0.0737,0.0942,0.4950,0.7065,,0.2115,,61.62,-3.91,162.8,178.9,0.865,0.113,
1791428779.8821719,0.1966,0.8767,0.8440,0.5695,0.5695,0.8030,0.7006,0.8440,0.4998,0.1229,0.1966,0.5695,0.5695,0.0737,0.1229,0.0942,0.0737,,0.7060,0.6800,,-0.0260,61.62,-3.91,162.2,179.1,0.908,0.113,
1791428779.9137208,0.5695,0.7006,0.7538,0.7006,0.6350,0.7538,0.6350,0.6350,0.5695,0.4302,0.3646,0.4302,0.5695,0.0737,0.0574,0.0410,0.0737,0.4960,0.7040,,0.2080,,61.73,-3.92,162.4,179.9,0.865,0.112,1.427
1791428779.9460452,0.5695,0.7538,0.9054,0.5695,0.6350,0.8440,0.7006,0.5695,0.6350,0.2458,0.1966,0.4302,0.4302,0.0410,0.0205,0.0942,0.0737,0.4950,0.7050,,0.2100,,61.50,-3.93,162.0,179.2,0.908,0.114,
1791428779.977981,0.6350,0.8767,0.8440,0.7538,0.6350,0.8030,0.6350,0.6350,0.6350,0.2991,0.1966,0.4998,0.6350,0.2458,0.0574,0.0737,0.0574,0.4960,0.7045,,0.2085,,61.43,-3.89,162.2,179.1,0.933,0.114,
1791428780.0115294,0.4998,0.5695,0.9628,0.7538,0.5695,0.6350,0.8767,0.7538,0.5695,0.4998,0.1966,0.4998,0.6350,0.0942,0.1229,0.0574,0.0574,0.4980,0.7065,,0.2085,,61.81,-3.91,162.2,178.0,0.947,0.112,1.483
1791428780.0451298,0.4998,0.6350,0.8030,0.6350,0.6350,0.7006,0.7006,0.7006,0.4998,0.1557,0.1966,0.5695,0.5695,0.0410,0.0369,0.1229,0.0942,0.4960,0.7015,0.6870,0.2055,-0.0145,61.53,-3.58,162.2,178.8,0.926,0.113,
1791428780.0794444,0.6350,0.7538,0.7006,0.4302,0.6350,0.6350,0.6350,0.6350,0.5695,0.3646,0.1229,0.4998,0.6350,0.0246,0.0205,0.0737,0.0737,0.4960,0.7085,,0.2125,,61.54,-3.65,163.0,179.0,0.984,0.113,1.603
1791428780.1199405,0.4998,0.8030,0.7538,0.3646,0.4998,0.8030,0.7006,0.5695,0.6350,0.1966,0.1229,0.4998,0.5695,0.0942,0.0942,0.1229,0.0942,0.4970,0.7025,,0.2055,,61.47,-3.58,163.5,179.1,0.920,0.113,
1791428780.1514304,0.7538,0.8030,0.8030,0.4998,0.5695,0.7006,0.8030,0.5695,0.7006,0.2991,0.4998,0.5695,0.5695,0.0942,0.0737,0.0942,0.0737,0.5040,0.7055,0.6860,0.2015,-0.0195,61.25,-3.45,163.5,179.2,0.946,0.114,1.599
1791428780.183107,0.5695,0.7006,0.7538,0.5695,0.4998,0.7006,0.7538,0.6350,0.4998,0.0942,0.0942,0.4998,0.5695,0.0942,0.0410,0.0942,0.0574,0.4970,0.7055,,0.2085,,60.94,-3.48,161.5,178.8,0.925,0.115,
1791428780.2156727,0.7006,0.8030,0.7538,0.5695,0.5695,0.7006,0.6350,0.6350,0.6350,0.1557,0.4302,0.4998,0.7006,0.0737,0.0205,0.1229,0.0942,0.4970,0.7065,,0.2095,,60.93,-3.49,161.2,179.4,0.982,0.115,1.659
1791428780.2465549,0.4998,0.6350,0.8440,0.7006,0.6350,0.5695,0.7006,0.5695,0.5695,0.1557,0.1229,0.4302,0.4998,0.0410,0.0205,0.0574,0.0574,0.4960,0.7060,,0.2100,,61.37,-3.49,161.5,179.7,0.971,0.114,
1791428780.279237,0.6350,0.4998,0.7538,0.5695,0.6350,0.6350,0.6350,0.6350,0.7006,0.1557,0.2458,0.5695,0.5695,0.1229,0.1557,0.0942,0.0410,0.4960,0.7065,0.6820,0.2105,-0.0245,61.52,-3.54,161.9,179.8,0.935,0.113,
1791428780.3123574,0.4998,0.8767,0.8440,0.6350,0.4302,0.7006,0.7538,0.5695,0.3646,0.1229,0.4302,0.4998,0.6350,0.0942,0.0246,0.0942,0.0942,0.4950,0.7065,,0.2115,,61.51,-3.56,160.7,180.0,0.961,0.114,1.621
1791428780.3469594,0.7538,0.7006,0.8767,0.7006,0.4998,0.5695,0.7006,0.7006,0.5695,0.5695,0.1557,0.4998,0.5695,0.1229,0.1229,0.1229,0.0737,0.5010,0.7065,,0.2055,,61.06,-3.55,161.5,179.9,0.977,0.115,1.565
1791428780.378866,0.4998,0.4998,0.8767,0.6350,0.5695,0.7538,0.6350,0.6350,0.4302,0.1557,0.1557,0.4302,0.4998,0.1229,0.0205,0.1229,0.0737,0.4950,0.7070,,0.2120,,60.92,-3.56,162.1,179.7,0.986,0.116,
1791428780.411615,0.4998,0.5695,0.7006,0.6350,0.4998,0.7006,0.7006,0.4998,0.5695,0.4998,0.3646,0.4998,0.6350,0.0369,0.0369,0.0737,0.0737,0.4950,0.7015,,0.2065,,60.77,-3.44,162.0,179.6,0.930,0.117,1.508
1791428780.4456255,0.4998,0.8030,0.7006,0.6350,0.6350,0.6350,0.7006,0.4302,0.4998,0.3646,0.2991,0.4998,0.5695,0.1557,0.0246,0.0410,0.0410,0.4970,0.7040,,0.2070,,61.03,-3.46,162.6,179.0,0.887,0.115,1.486
1791428780.4856622,0.7006,0.7006,0.6350,0.7006,0.6350,0.6350,0.7006,0.4998,0.7006,0.1557,0.4998,0.4302,0.5695,0.0246,0.0246,0.0737,0.0942,0.4950,0.6965,,0.2015,,60.47,-3.26,162.2,178.5,0.857,0.117,1.569
1791428780.5176542,0.5695,0.3646,0.7538,0.5695,0.7006,0.5695,0.6350,0.8030,0.5695,0.4998,0.4302,0.5695,0.4998,0.0410,0.1229,0.0737,0.0737,0.4970,0.7015,,0.2045,,60.52,-3.21,162.5,178.0,0.910,0.117,1.483
1791428780.5489194,0.5695,0.7538,0.8440,0.4998,0.7006,0.7006,0.7006,0.4998,0.7006,0.6350,0.2458,0.4998,0.7006,0.0737,0.0737,0.1966,0.0737,0.4950,0.7050,,0.2100,,61.16,-3.30,163.0,178.5,0.892,0.114,1.387
1791428780.5799766,0.4998,0.7538,0.9259,0.5695,0.6350,0.7538,0.5695,0.7006,0.4998,0.2991,0.1557,0.2991,0.5695,0.1229,0.1229,0.0737,0.0942,0.4950,0.7045,,0.2095,,60.96,-3.31,162.3,178.8,,0.115,
1791428780.611864,0.6350,0.7006,0.9054,0.5695,0.6350,0.8030,0.7006,0.5695,0.7006,0.1966,0.1557,0.4998,0.6350,0.0942,0.0737,0.0737,0.0942,0.4950,0.7035,,0.2085,,61.07,-3.30,161.8,179.8,0.930,0.115,
1791428780.6458676,0.7538,0.5695,0.8767,0.4998,0.6350,0.5695,0.7538,0.4998,0.7006,0.4302,0.2991,0.4998,0.5695,0.0369,0.0205,0.0574,0.0574,0.4950,0.7035,,0.2085,,61.16,-3.28,161.7,179.9,0.948,0.115,1.492
1791428780.6787834,0.7538,0.6350,0.7538,0.4998,0.8030,0.8030,0.8440,0.4998,0.3646,0.1229,0.2991,0.2991,0.5695,0.0737,0.0942,0.1229,0.0942,0.5010,0.7070,,0.2060,,60.79,-3.36,160.8,179.6,,0.116,
1791428780.7125645,0.6350,0.8440,0.8030,0.6350,0.4998,0.7538,0.7538,0.5695,0.4998,0.2991,0.2991,0.5695,0.5695,0.0737,0.1229,0.0737,0.0574,0.5050,0.7065,0.6810,0.2015,-0.0255,60.92,-3.43,161.7,179.7,0.982,0.115,
1791428780.7452853,0.4302,0.7538,0.7006,0.4998,0.7538,0.7006,0.7538,0.4998,0.6350,0.2991,0.1229,0.4998,0.5695,0.0942,0.0737,0.1229,0.0942,0.4960,0.7065,,0.2105,,61.37,-3.52,161.8,179.8,0.903,0.113,
1791428780.7851937,0.5695,0.8440,0.9423,0.5695,0.7006,0.7538,0.8440,0.6350,0.5695,0.1557,0.1557,0.4302,0.5695,0.0737,0.0246,0.1229,0.0942,0.4970,0.7080,,0.2110,,61.53,-3.58,160.9,178.2,0.970,0.113,
1791428780.817413,0.7538,0.4998,0.7538,0.6350,0.7006,0.5695,0.6350,0.5695,0.3646,0.2458,0.4998,0.6350,0.5695,0.1229,0.0205,0.0574,0.0942,0.4950,0.7070,0.6810,0.2120,-0.0260,61.17,-3.64,161.3,178.1,0.957,0.115,1.644
1791428780.8477452,0.6350,0.7538,0.9259,0.5695,0.4302,0.8440,0.7006,0.5695,0.4302,0.1966,0.3646,0.5695,0.7006,0.0574,0.0369,0.0737,0.0574,0.4950,0.7065,0.6820,0.2115,-0.0245,61.24,-3.66,160.9,179.0,0.948,0.115,1.624
1791428780.8801763,0.6350,0.3646,0.7538,0.6350,0.6350,0.8030,0.5695,0.7006,0.4998,0.4998,0.4302,0.5695,0.6350,0.0574,0.0737,0.0737,0.0410,0.4960,0.7065,0.6750,0.2105,-0.0315,61.12,-3.88,161.7,179.5,0.939,0.116,1.485
1791428780.912529,0.5695,0.5695,0.8440,0.7538,0.7006,0.7538,0.7538,0.6350,0.5695,0.4998,0.1229,0.4302,0.4302,0.0574,0.0205,0.0574,0.0737,0.4970,0.7010,,0.2040,,60.66,-3.75,162.1,178.5,0.917,0.117,1.485
1791428780.94684,0.7006,0.4998,0.7538,0.6350,0.5695,0.5695,0.7006,0.6350,0.5695,0.1229,0.1966,0.5695,0.5695,0.1229,0.0737,0.0737,0.0410,0.4950,0.7025,0.6820,0.2075,-0.0205,60.30,-3.63,162.8,178.6,0.927,0.119,
1791428780.9804418,0.4998,0.8030,0.7538,0.5695,0.5695,0.6350,0.7538,0.7006,0.5695,0.1966,0.4302,0.4302,0.5695,0.1229,0.0942,0.0942,0.0574,0.4950,0.7020,,0.2070,,60.28,-3.57,162.4,179.0,0.919,0.119,1.621
1791428781.0130558,0.5695,0.7538,0.9054,0.6350,0.5695,0.6350,0.6350,0.7538,0.4302,0.3646,0.1557,0.5695,0.6350,0.0737,0.0574,0.0942,0.0942,0.4950,0.7080,0.6820,0.2130,-0.0260,60.02,-3.59,163.3,179.3,1.021,0.121,1.649
1791428781.0467138,0.4998,0.4998,0.8440,0.5695,0.7006,0.8030,0.5695,0.7006,0.3646,0.1557,0.1557,0.5695,0.5695,0.1229,0.0246,0.0942,0.0942,0.4960,0.7035,0.6760,0.2075,-0.0275,60.08,-3.73,161.9,179.7,0.904,0.120,
1791428781.0858843,0.6350,0.7538,0.8767,0.4998,0.6350,0.7538,0.7006,0.5695,0.7538,0.3646,0.2991,0.6350,0.7006,0.0205,0.0246,0.0942,0.0737,0.4970,0.7075,0.6790,0.2105,-0.0285,60.33,-3.81,161.9,179.7,0.995,0.119,1.486
1791428781.117138,0.4998,0.7538,0.8767,0.5695,0.6350,0.4998,0.7006,0.5695,0.4302,0.1229,0.4998,0.4302,0.5695,0.0942,0.0410,0.0737,0.0942,0.4970,0.7000,,0.2030,,60.70,-3.73,161.9,179.6,0.849,0.117,1.496
1791428781.148993,0.4998,0.7538,0.8030,0.4998,0.7006,0.8030,0.7006,0.6350,0.4302,0.2458,0.2991,0.4998,0.5695,0.0942,0.0205,0.0942,0.0942,0.4960,0.7055,,0.2095,,60.58,-3.73,162.5,178.6,0.994,0.117,
1791428781.1804497,0.7006,0.5695,0.8030,0.5695,0.4998,0.8030,0.7006,0.5695,0.5695,0.1966,0.2991,0.4998,0.6350,0.0574,0.0205,0.0737,0.0737,0.4960,0.7065,,0.2105,,61.22,-3.82,163.3,178.3,0.901,0.115,
1791428781.2130437,0.4998,0.8030,0.8030,0.5695,0.4998,0.7538,0.8030,0.5695,0.6350,0.1966,0.2458,0.5695,0.5695,0.0737,0.0369,0.0737,0.0737,0.4970,0.6975,0.6620,0.2005,-0.0355,60.95,-4.17,163.2,178.8,0.910,0.115,
1791428781.2473786,0.4998,0.8030,0.6350,0.7006,0.4302,0.7006,0.6350,0.7006,0.8030,0.1557,0.2991,0.4998,0.6350,0.0942,0.0205,0.0737,0.0942,0.4970,0.7065,,0.2095,,60.71,-4.20,163.0,179.9,0.999,0.116,
1791428781.2798595,0.5695,0.4998,0.6350,0.7006,0.5695,0.7538,0.5695,0.5695,0.4302,0.2458,0.1966,0.4302,0.4998,0.0246,0.0574,0.0737,0.0737,0.4960,0.7045,,0.2085,,60.65,-4.22,163.5,179.9,0.935,0.117,
1791428781.3133104,0.4302,0.7006,0.7006,0.4998,0.5695,0.7538,0.7538,0.8030,0.2991,0.2991,0.0942,0.4998,0.4302,0.0737,0.0737,0.0737,0.0410,0.4960,0.6995,,0.2035,,60.77,-4.12,163.9,179.0,0.899,0.116,
1791428781.3466885,0.5695,0.6350,0.8030,0.4998,0.6350,0.6350,0.7006,0.5695,0.6350,0.1557,0.1229,0.4302,0.5695,0.0942,0.0737,0.0737,0.0737,0.4950,0.7030,,0.2080,,60.84,-4.14,163.7,178.7,0.908,0.116,
1791428781.3870044,0.4998,0.8767,0.8030,0.6350,0.4998,0.8030,0.7006,0.7006,0.5695,0.4302,0.2991,0.4998,0.6350,0.1229,0.0246,0.0737,0.0574,0.4980,0.7035,,0.2055,,60.83,-4.18,164.6,179.5,0.892,0.115,1.493
1791428781.4176176,0.4302,0.7006,0.9259,0.5695,0.6350,0.7006,0.8440,0.4998,0.3646,0.3646,0.1557,0.6350,0.6350,0.0737,0.0737,0.0942,0.0942,0.4960,0.7065,0.6800,0.2105,-0.0265,61.16,-4.14,164.4,179.8,0.955,0.114,1.555
1791428781.4489617,0.5695,0.8440,0.7538,0.7006,0.7006,0.7538,0.7006,0.5695,0.4302,0.1966,0.0942,0.5695,0.5695,0.1229,0.0246,0.0942,0.0574,0.4960,0.7060,0.6610,0.2100,-0.0450,60.97,-4.66,165.5,179.7,0.963,0.115,
1791428781.4797223,0.4302,0.7006,0.7006,0.4998,0.5695,0.5695,0.7006,0.7538,0.4998,0.2991,0.1557,0.6350,0.5695,0.0737,0.0737,0.0942,0.0942,0.4960,0.7060,0.6820,0.2100,-0.0240,60.84,-4.52,165.7,179.8,0.872,0.116,
1791428781.514541,0.5695,0.4302,0.8767,0.4998,0.7006,0.7538,0.7538,0.4998,0.5695,0.2991,0.1966,0.4998,0.6350,0.0737,0.0205,0.1229,0.1229,0.4960,0.7070,,0.2110,,60.53,-4.59,165.1,179.8,0.931,0.118,
1791428781.5465827,0.6350,0.7006,0.9054,0.6350,0.6350,0.8030,0.8030,0.5695,0.4998,0.1557,0.1966,0.4998,0.5695,0.1229,0.1229,0.1229,0.0942,0.4950,0.7065,,0.2115,,60.87,-4.63,164.3,179.5,0.928,0.117,
1791428781.5806541,0.5695,0.7538,0.8030,0.6350,0.4302,0.7006,0.7538,0.6350,0.5695,0.3646,0.2458,0.6350,0.6350,0.0574,0.0246,0.0942,0.0942,0.4950,0.7025,0.6830,0.2075,-0.0195,61.25,-4.31,165.4,178.4,0.925,0.115,1.449
1791428781.6147914,0.6350,0.7538,0.8767,0.5695,0.4998,0.7538,0.6350,0.6350,0.6350,0.1557,0.3646,0.4998,0.6350,0.0942,0.0574,0.0737,0.0737,0.4950,0.7065,,0.2115,,61.46,-4.36,164.1,175.3,0.925,0.114,1.672
1791428781.654939,0.4302,0.8767,0.8030,0.6350,0.7538,0.6350,0.6350,0.3646,0.5695,0.2991,0.1966,0.5695,0.5695,0.0574,0.1229,0.0737,0.0574,0.4950,0.7055,0.6810,0.2105,-0.0245,61.36,-4.18,163.6,176.0,0.991,0.115,
1791428781.6872065,0.5695,0.5695,0.6350,0.7006,0.7006,0.7538,0.8440,0.6350,0.4998,0.1557,0.5695,0.3646,0.4302,0.0205,0.0369,0.0737,0.0942,0.4950,0.7050,,0.2100,,61.28,-4.20,162.6,176.1,0.909,0.115,1.644
1791428781.7185102,0.4998,0.7538,0.8767,0.6350,0.6350,0.7006,0.8440,0.5695,0.7538,0.3646,0.3646,0.6350,0.6350,0.0737,0.1229,0.0942,0.0942,0.4950,0.7055,0.6840,0.2105,-0.0215,61.37,-3.99,162.9,176.9,0.975,0.115,1.540
1791428781.7496796,0.4998,0.6350,0.9259,0.6350,0.7006,0.7538,0.7006,0.7006,0.6350,0.2991,0.0942,0.4998,0.5695,0.1966,0.0246,0.0737,0.0942,0.5020,0.7030,,0.2010,,61.30,-3.92,162.6,176.3,0.936,0.114,
1791428781.7814746,0.4998,0.8767,0.9259,0.5695,0.7538,0.6350,0.7006,0.4998,0.7006,0.1966,0.1966,0.6350,0.5695,0.0737,0.0164,0.0574,0.0737,0.4970,0.7020,0.6820,0.2050,-0.0200,61.05,-3.81,162.8,177.0,0.865,0.115,
1791428781.8138497,0.5695,0.7006,0.9054,0.6350,0.7006,0.6350,0.4998,0.7006,0.6350,0.1557,0.4998,0.3646,0.5695,0.0737,0.0737,0.0737,0.0737,0.4950,0.7035,,0.2085,,60.92,-3.79,160.4,178.0,0.919,0.115,1.654
1791428781.8471665,0.3646,0.8440,0.9054,0.6350,0.6350,0.7006,0.7006,0.6350,0.4998,0.2458,0.2458,0.4302,0.5695,0.0574,0.0246,0.0942,0.0942,0.4950,0.7000,,0.2050,,61.11,-3.69,160.7,177.0,0.886,0.114,
1791428781.8807018,0.4998,0.8767,0.8767,0.6350,0.8030,0.8030,0.7006,0.7006,0.5695,0.1557,0.0737,0.4998,0.4998,0.0942,0.0410,0.0737,0.0410,0.4950,0.7015,,0.2065,,61.35,-3.67,161.8,176.4,0.874,0.113,
1791428781.914037,0.5695,0.6350,0.7006,0.4998,0.5695,0.8440,0.7006,0.6350,0.7006,0.1557,0.1557,0.4998,0.4302,0.0942,0.0369,0.0942,0.0737,0.4950,0.7065,,0.2115,,61.60,-3.77,162.2,176.0,0.926,0.112,
1791428781.948053,0.3646,0.7006,0.8440,0.7006,0.4998,0.8440,0.7538,0.4302,0.7006,0.2458,0.0737,0.4302,0.5695,0.0737,0.0942,0.0737,0.0574,0.4950,0.7005,,0.2055,,61.65,-3.71,162.4,174.7,0.869,0.112,
1791428781.9879503,0.5695,0.8440,0.9054,0.4998,0.6350,0.7538,0.7006,0.4998,0.4998,0.1229,0.1229,0.5695,0.6350,0.0737,0.0737,0.0737,0.0942,0.4970,0.6985,0.6620,0.2015,-0.0365,61.39,-4.10,162.1,174.2,0.926,0.112,
1791428782.0188463,0.7538,0.7538,0.8030,0.7538,0.7006,0.7006,0.8030,0.5695,0.6350,0.4998,0.2991,0.4302,0.6350,0.1966,0.0737,0.1229,0.0574,0.4950,0.7005,,0.2055,,61.63,-4.09,162.0,175.6,0.862,0.111,1.434
1791428782.0495837,0.6350,0.8767,0.7538,0.4998,0.6350,0.8030,0.7538,0.4998,0.4998,0.4302,0.4302,0.5695,0.6350,0.1229,0.1229,0.0737,0.0574,0.4960,0.6995,0.6620,0.2035,-0.0375,61.63,-4.46,162.3,176.8,0.901,0.111,1.415
1791428782.0816479,0.6350,0.8440,0.9423,0.6350,0.3646,0.7006,0.4998,0.6350,0.4302,0.3646,0.3646,0.6350,0.7006,0.1229,0.0205,0.0942,0.0942,0.4960,0.7045,0.6820,0.2085,-0.0225,61.68,-4.25,163.2,177.9,0.938,0.111,1.485
1791428782.1148107,0.7006,0.8030,0.6350,0.6350,0.6350,0.8030,0.6350,0.7006,0.5695,0.6350,0.2991,0.4302,0.5695,0.0574,0.0369,0.0942,0.0410,0.4960,0.7005,,0.2045,,61.10,-4.20,162.9,177.8,0.905,0.114,1.545
1791428782.1485686,0.7006,0.8030,0.8440,0.7006,0.5695,0.6350,0.5695,0.7006,0.4302,0.1557,0.0737,0.5695,0.6350,0.0410,0.0737,0.0737,0.0737,0.4960,0.7005,0.6730,0.2045,-0.0275,60.94,-4.20,161.9,175.9,0.939,0.114,
1791428782.1811914,0.3646,0.7538,0.8440,0.6350,0.5695,0.5695,0.7538,0.7006,0.5695,0.0737,0.0942,0.4998,0.6350,0.0942,0.0737,0.0737,0.0737,0.4970,0.7015,,0.2045,,61.11,-4.22,160.4,175.7,0.899,0.113,
1791428782.215504,0.7006,0.8440,0.8767,0.6350,0.6350,0.7006,0.7006,0.3646,0.5695,0.1966,0.3646,0.4998,0.5695,0.0737,0.0942,0.0942,0.0574,0.4970,0.7020,,0.2050,,60.67,-4.24,160.3,175.7,0.899,0.115,1.615
1791428782.248137,0.5695,0.7006,0.8767,0.7006,0.7006,0.7538,0.7006,0.4998,0.4998,0.1557,0.1966,0.4998,0.5695,0.0369,0.0737,0.0942,0.0737,0.4960,0.7035,,0.2075,,60.89,-4.31,159.5,176.1,0.897,0.115,
1791428782.288744,0.4998,0.5695,0.8030,0.5695,0.5695,0.8440,0.7538,0.6350,0.5695,0.4302,0.2991,0.5695,0.5695,0.0737,0.0246,0.0737,0.0410,0.4970,0.7030,0.6830,0.2060,-0.0200,60.96,-4.11,160.6,177.6,0.874,0.114,1.470
1791428782.3198867,0.5695,0.6350,0.7538,0.5695,0.5695,0.6350,0.6350,0.4998,0.7538,0.1557,0.1557,0.4302,0.6350,0.0574,0.0369,0.0737,0.0574,0.4970,0.7025,,0.2055,,60.70,-4.12,160.2,176.7,0.905,0.115,
1791428782.3512187,0.5695,0.5695,0.8030,0.5695,0.6350,0.7006,0.6350,0.4998,0.6350,0.3646,0.4302,0.4998,0.5695,0.1557,0.1229,0.0942,0.0942,0.4950,0.7020,,0.2070,,61.04,-4.14,160.7,173.7,0.874,0.114,1.478
1791428782.3826041,0.7006,0.6350,0.9259,0.5695,0.7006,0.6350,0.7006,0.6350,0.8030,0.1966,0.1557,0.5695,0.5695,0.1229,0.1229,0.0737,0.0737,0.4960,0.7060,0.6810,0.2100,-0.0250,61.39,-4.12,161.7,174.1,0.883,0.113,
1791428782.414408,0.6350,0.6350,0.8440,0.7006,0.5695,0.7538,0.7538,0.7006,0.5695,0.3646,0.2458,0.5695,0.5695,0.0942,0.0369,0.1229,0.0942,0.4960,0.7035,0.6880,0.2075,-0.0155,61.17,-3.78,162.2,173.2,0.903,0.114,1.411
1791428782.4484484,0.5695,0.7538,0.8030,0.6350,0.4998,0.7006,0.7006,0.7006,0.4998,0.2991,0.4998,0.5695,0.7006,0.0737,0.1557,0.0942,0.0737,0.4950,0.7065,0.6830,0.2115,-0.0235,60.95,-3.75,162.1,174.8,0.934,0.115,1.615
1791428782.4809368,0.4302,0.6350,0.7006,0.5695,0.4998,0.7538,0.7538,0.5695,0.5695,0.1557,0.5695,0.5695,0.5695,0.0410,0.0246,0.0246,0.0574,0.4950,0.7055,0.6820,0.2105,-0.0235,60.75,-3.73,161.7,175.9,0.922,0.117,1.627
1791428782.5149992,0.5695,0.7006,0.8030,0.6350,0.3646,0.6350,0.8030,0.7538,0.3646,0.1557,0.1966,0.4998,0.6350,0.0737,0.0942,0.0942,0.0574,0.4950,0.6995,,0.2045,,60.23,-3.58,161.6,175.7,0.913,0.119,
1791428782.548724,0.6350,0.8030,0.9259,0.4302,0.5695,0.6350,0.6350,0.4302,0.7006,0.2458,0.1966,0.5695,0.5695,0.1229,0.0942,0.0574,0.0737,0.4950,0.7050,0.6620,0.2100,-0.0430,60.15,-4.18,162.1,175.8,0.946,0.119,
1791428782.5886095,0.7538,0.8030,0.9259,0.7006,0.7006,0.6350,0.7006,0.6350,0.4998,0.1229,0.1229,0.3646,0.4302,0.1229,0.0942,0.0737,0.0942,0.4950,0.7055,,0.2105,,60.54,-4.22,161.0,176.3,0.935,0.118,
1791428782.6206484,0.4998,0.8030,0.8030,0.5695,0.6350,0.6350,0.5695,0.6350,0.5695,0.1966,0.4998,0.5695,0.5695,0.1229,0.0737,0.0942,0.0737,0.4990,0.7040,0.6820,0.2050,-0.0220,60.65,-4.07,162.2,176.7,0.912,0.117,1.629
1791428782.6531148,0.4998,0.5695,0.8440,0.7538,0.7006,0.8030,0.7538,0.7006,0.6350,0.2991,0.1966,0.5695,0.6350,0.0246,0.0246,0.0942,0.0737,0.4960,0.7045,0.6850,0.2085,-0.0195,60.82,-3.87,162.5,177.0,0.907,0.116,
1791428782.6840296,0.7538,0.7006,0.7006,0.7538,0.7006,0.7006,0.7538,0.6350,0.5695,0.3646,0.1966,0.2991,0.4302,0.0737,0.0205,0.1557,0.0737,0.4980,0.7010,,0.2030,,61.39,-3.80,163.2,176.4,,0.113,1.456
1791428782.7168922,0.7538,0.6350,0.7538,0.7006,0.6350,0.8030,0.7538,0.5695,0.4998,0.1557,0.2458,0.5695,0.6350,0.0942,0.0574,0.0942,0.0737,0.4950,0.7000,0.6850,0.2050,-0.0150,61.33,-3.55,163.6,175.3,0.865,0.113,
1791428782.7479165,0.4302,0.7538,0.8767,0.7006,0.5695,0.5695,0.7538,0.6350,0.4998,0.2458,0.1229,0.5695,0.6350,0.0942,0.0942,0.0737,0.0737,0.4960,0.7070,0.6790,0.2110,-0.0280,61.28,-3.69,164.6,174.8,0.942,0.114,
1791428782.781739,0.6350,0.7006,0.8440,0.5695,0.7538,0.6350,0.4998,0.5695,0.4998,0.3646,0.2991,0.4998,0.7006,0.0942,0.0737,0.0942,0.0737,0.4950,0.7080,,0.2130,,61.06,-3.76,164.6,175.3,0.990,0.115,1.539
1791428782.8155117,0.6350,0.8440,0.7538,0.5695,0.4998,0.7006,0.7538,0.6350,0.4998,0.3646,0.1557,0.4998,0.6350,0.0942,0.0737,0.0737,0.0410,0.4960,0.7010,,0.2050,,60.72,-3.69,164.5,176.2,0.886,0.117,1.484
1791428782.8480744,0.7006,0.6350,0.7538,0.7538,0.6350,0.7538,0.8030,0.6350,0.4998,0.1966,0.4998,0.5695,0.6350,0.1229,0.0942,0.0737,0.0737,0.4970,0.6980,0.6820,0.2010,-0.0160,60.91,-3.48,164.2,177.0,0.882,0.115,1.517
1791428782.8823228,0.4302,0.7006,0.9259,0.6350,0.6350,0.8440,0.7538,0.6350,0.5695,0.2458,0.1557,0.4302,0.4998,0.0574,0.0942,0.0737,0.0574,0.4950,0.7055,,0.2105,,60.93,-3.56,164.0,177.3,0.923,0.115,
1791428782.9222429,0.4998,0.8767,0.9259,0.6350,0.8030,0.7538,0.7538,0.7006,0.4998,0.4302,0.5695,0.4998,0.5695,0.0246,0.0574,0.0942,0.0737,0.4960,0.7065,,0.2105,,61.24,-3.66,163.8,178.3,0.917,0.114,1.492
1791428782.9535966,0.2991,0.7006,0.9259,0.5695,0.7006,0.4998,0.8440,0.7538,0.4998,0.2458,0.1557,0.5695,0.5695,0.0574,0.0369,0.0942,0.0574,,0.7065,0.6740,,-0.0325,61.24,-3.66,164.4,178.2,0.977,0.114,
1791428782.985718,0.5695,0.6350,0.8767,0.5695,0.6350,0.8440,0.6350,0.5695,0.4998,0.4998,0.1229,0.5695,0.5695,0.0737,0.0737,0.1229,0.0574,0.4960,0.7030,0.6810,0.2070,-0.0220,61.33,-3.61,164.9,178.3,0.921,0.114,1.470
1791428783.017183,0.6350,0.7538,0.9259,0.6350,0.7006,0.6350,0.5695,0.6350,0.3646,0.2458,0.1229,0.4302,0.4998,0.0942,0.0246,0.0942,0.0942,0.4960,0.6980,,0.2020,,61.35,-3.45,164.7,178.4,0.886,0.113,
1791428783.048602,0.4998,0.5695,0.8440,0.5695,0.6350,0.7538,0.7538,0.5695,0.7006,0.3646,0.1966,0.4998,0.6350,0.1229,0.0369,0.1229,0.1229,0.4950,0.6995,,0.2045,,61.36,-3.38,165.3,177.9,0.879,0.113,1.435
1791428783.0814779,0.6350,0.7538,0.9054,0.6350,0.5695,0.7538,0.7006,0.5695,0.6350,0.4302,0.3646,0.4302,0.4998,0.0246,0.0942,0.1557,0.0737,0.4950,0.7060,,0.2110,,61.59,-3.50,164.7,176.9,0.908,0.112,1.463
1791428783.1160336,0.6350,0.4998,0.8030,0.6350,0.5695,0.6350,0.7006,0.6350,0.7006,0.2991,0.3646,0.4998,0.5695,0.0942,0.1229,0.0737,0.0574,0.4950,0.6975,,0.2025,,61.72,-3.34,165.3,176.9,0.902,0.111,1.552
1791428783.148354,0.7006,0.7538,0.9259,0.4302,0.4998,0.7538,0.6350,0.2458,0.4302,0.1557,0.2991,0.4998,0.5695,0.0574,0.0164,0.0737,0.0574,0.4980,0.6970,,0.1990,,61.80,-3.23,163.2,176.9,0.857,0.110,
1791428783.1817884,0.3646,0.6350,0.8767,0.5695,0.7538,0.7006,0.7538,0.5695,0.7538,0.3646,0.3646,0.5695,0.6350,0.0942,0.0737,0.0942,0.0737,0.4960,0.7035,0.6740,0.2075,-0.0295,61.33,-3.48,163.1,178.3,0.955,0.112,1.531
1791428783.221133,0.7006,0.8440,0.9054,0.7538,0.6350,0.7006,0.5695,0.6350,0.5695,0.1557,0.3646,0.4998,0.6350,0.0574,0.0205,0.1229,0.0737,0.4960,0.7020,,0.2060,,61.38,-3.54,161.2,177.9,0.849,0.112,1.520
1791428783.2536266,0.4998,0.6350,0.8030,0.7006,0.7006,0.7006,0.8030,0.7006,0.5695,0.4302,0.1557,0.5695,0.6350,0.1229,0.0942,0.1557,0.1229,0.4950,0.7065,0.6790,0.2115,-0.0275,61.40,-3.66,161.5,178.0,0.965,0.113,1.465
1791428783.2844794,0.4998,0.7006,0.8440,0.5695,0.7006,0.7538,0.7006,0.5695,0.4998,0.1557,0.1557,0.4998,0.5695,0.2458,0.0942,0.1229,0.0942,0.4950,0.7020,,0.2070,,61.47,-3.64,161.2,177.4,0.906,0.112,
1791428783.316107,0.7538,0.6350,0.9423,0.4998,0.6350,0.7006,0.7006,0.5695,0.4998,0.1557,0.2991,0.2458,0.5695,0.0942,0.0942,0.0942,0.0574,0.4950,0.7070,,0.2120,,61.41,-3.80,160.9,177.0,,0.113,
1791428783.3485563,0.4302,0.9423,0.8767,0.4302,0.6350,0.7538,0.7538,0.4302,0.6350,0.1229,0.4302,0.2991,0.2991,0.0942,0.0246,0.0942,0.0942,0.4980,0.7035,,0.2055,,61.71,-3.83,160.6,176.9,,0.112,1.533
1791428783.381624,0.6350,0.6350,0.9423,0.7006,0.7006,0.7006,0.6350,0.6350,0.4302,0.1966,0.1557,0.4302,0.5695,0.0410,0.0369,0.0410,0.0737,0.5010,0.7065,,0.2055,,61.82,-3.95,160.2,177.4,0.874,0.111,
1791428783.4153183,0.4998,0.7006,0.9054,0.4998,0.4998,0.7538,0.7006,0.7006,0.6350,0.4302,0.3646,0.4998,0.4998,0.0737,0.0942,0.1229,0.0574,0.4960,0.7040,,0.2080,,61.59,-3.91,161.4,176.4,0.946,0.112,1.546
1791428783.450141,0.5695,0.4998,0.9423,0.7538,0.6350,0.7538,0.7006,0.4998,0.6350,0.2458,0.3646,0.4998,0.5695,0.0942,0.0205,0.1229,0.0737,0.4950,0.7070,,0.2120,,61.80,-3.98,160.8,176.7,0.932,0.112,1.666
1791428783.4909196,0.8030,0.7006,0.9054,0.4998,0.6350,0.7538,0.7006,0.5695,0.3646,0.1557,0.4302,0.3646,0.3646,0.0737,0.0737,0.0942,0.0942,0.5000,0.7060,,0.2060,,61.69,-4.05,160.8,177.2,0.879,0.112,1.649
1791428783.5232666,0.4998,0.7538,0.9259,0.7006,0.7006,0.7006,0.7538,0.6350,0.4998,0.2991,0.1966,0.3646,0.5695,0.0942,0.0737,0.0737,0.0942,0.4960,0.6985,,0.2025,,61.85,-3.90,160.7,176.2,0.849,0.111,
1791428783.554598,0.7006,0.7006,0.9423,0.5695,0.7006,0.7006,0.7538,0.5695,0.4998,0.2458,0.1557,0.2991,0.5695,0.0410,0.0942,0.0737,0.0737,0.4960,0.6990,,0.2030,,61.66,-3.77,160.3,175.7,,0.111,
1791428783.5852077,0.4302,0.7538,0.9423,0.5695,0.7538,0.5695,0.7538,0.5695,0.5695,0.2991,0.4998,0.4998,0.6350,0.0369,0.1229,0.0737,0.0574,0.4950,0.7075,,0.2125,,61.65,-3.86,161.1,176.3,0.966,0.112,1.645
1791428783.6162548,0.5695,0.4302,0.8030,0.6350,0.5695,0.7538,0.7538,0.4998,0.7006,0.1966,0.2458,0.5695,0.6350,0.0737,0.1557,0.0737,0.0737,0.4950,0.7045,0.6820,0.2095,-0.0225,62.00,-3.83,160.4,176.9,0.869,0.110,
1791428783.6490235,0.7538,0.4998,0.9423,0.6350,0.7538,0.7006,0.7006,0.7006,0.7006,0.1229,0.1557,0.4998,0.6350,0.0942,0.1229,0.0942,0.0737,0.5000,0.7065,,0.2065,,62.00,-3.93,159.4,176.2,0.878,0.110,
1791428783.6818762,0.5695,0.7538,0.9423,0.6350,0.6350,0.6350,0.6350,0.4998,0.5695,0.2458,0.1229,0.3646,0.4998,0.1557,0.0205,0.0942,0.0574,0.4980,0.7065,,0.2085,,61.44,-3.93,160.6,176.9,0.971,0.113,
