timestamp,nose_score,left_eye_score,right_eye_score,left_ear_score,right_ear_score,left_shoulder_score,right_shoulder_score,left_elbow_score,right_elbow_score,left_wrist_score,right_wrist_score,left_hip_score,right_hip_score,left_knee_score,right_knee_score,left_ankle_score,right_ankle_score,head_depth_m,chest_depth_m,hip_depth_m,neck_forward_offset_m,torso_recline_offset_m,head_forward_deg,torso_pitch_deg,elbow_left_deg,elbow_right_deg,torso_len_sw,head_up_m,wrist_face_sw
1791428163.6276224,0.5695,0.7538,0.7538,0.4998,0.7006,0.7006,0.7006,0.4998,0.6350,0.3646,0.2991,0.5695,0.4998,0.0942,0.0369,0.1229,0.0410,0.5900,0.7100,,0.1200,,31.50,-8.75,169.3,179.7,1.028,0.190,1.819
1791428163.6586995,0.7006,0.7538,0.7538,0.5695,0.5695,0.7538,0.6350,0.6350,0.6350,0.3646,0.4998,0.5695,0.5695,0.0942,0.0410,0.1557,0.0574,0.5900,0.7025,0.6450,0.1125,-0.0575,30.93,-8.61,169.5,179.9,1.013,0.193,1.824
1791428163.6900122,0.5695,0.7538,0.6350,0.4302,0.4998,0.7006,0.7538,0.7538,0.6350,0.1966,0.2991,0.5695,0.4998,0.0410,0.0369,0.0737,0.0574,0.5900,0.7075,,0.1175,,31.16,-8.69,170.0,179.5,0.979,0.192,
1791428163.7217987,0.7006,0.8030,0.5695,0.5695,0.5695,0.7538,0.7538,0.5695,0.5695,0.5695,0.4302,0.5695,0.4998,0.0942,0.0410,0.0737,0.0737,0.5910,0.7035,,0.1125,,30.92,-8.60,170.1,178.4,1.001,0.193,1.721
1791428163.7544444,0.7538,0.8030,0.4998,0.6350,0.5695,0.6350,0.4998,0.7538,0.6350,0.4302,0.4998,0.5695,0.4998,0.1229,0.0737,0.0737,0.0574,0.5890,0.7090,,0.1200,,31.08,-8.61,170.6,179.3,1.042,0.193,1.822
1791428163.787288,0.4998,0.8030,0.7538,0.4998,0.4998,0.5695,0.7006,0.5695,0.7006,0.1557,0.3646,0.5695,0.5695,0.0410,0.0410,0.1229,0.1229,0.5920,0.7045,0.6480,0.1125,-0.0565,31.19,-8.54,168.2,179.9,0.976,0.191,1.655
1791428163.821014,0.7538,0.7538,0.5695,0.7006,0.3646,0.7006,0.7538,0.6350,0.4998,0.2991,0.3646,0.5695,0.4998,0.1229,0.0410,0.0737,0.0574,0.5870,0.7060,,0.1190,,31.31,-8.59,168.3,179.8,0.969,0.191,1.746
1791428163.8538785,0.7006,0.7538,0.6350,0.5695,0.4302,0.6350,0.7538,0.5695,0.6350,0.2991,0.3646,0.5695,0.4998,0.0410,0.0164,0.1229,0.0737,0.5900,0.7105,,0.1205,,31.61,-8.60,168.2,179.8,1.064,0.190,1.806
1791428163.8951852,0.6350,0.8030,0.7538,0.6350,0.5695,0.8030,0.8030,0.6350,0.6350,0.4998,0.2991,0.6350,0.5695,0.0942,0.0205,0.0246,0.0410,0.5880,0.7090,0.6460,0.1210,-0.0630,31.87,-8.68,168.4,179.6,0.990,0.190,1.797
1791428163.9252393,0.5695,0.6350,0.7538,0.5695,0.4998,0.7538,0.7538,0.5695,0.6350,0.2991,0.4302,0.5695,0.4998,0.1229,0.0369,0.0737,0.0574,0.5870,0.7015,,0.1145,,31.66,-8.60,168.7,179.5,0.961,0.190,1.769
1791428163.9573915,0.6350,0.8030,0.4998,0.4998,0.4998,0.7006,0.6350,0.6350,0.5695,0.2991,0.4302,0.6350,0.4302,0.0246,0.0574,0.1229,0.0574,0.5900,0.7040,,0.1140,,31.30,-8.53,168.6,179.9,0.999,0.192,1.840
1791428163.9888713,0.8030,0.7006,0.4998,0.5695,0.5695,0.7538,0.7538,0.7006,0.5695,0.5695,0.3646,0.5695,0.5695,0.0410,0.0410,0.0737,0.0737,0.5900,0.7050,0.6470,0.1150,-0.0580,31.36,-8.59,169.0,179.4,0.931,0.191,1.635
1791428164.0206795,0.7538,0.7006,0.6350,0.6350,0.5695,0.7538,0.7006,0.5695,0.7006,0.4302,0.4998,0.5695,0.4998,0.0574,0.0246,0.0942,0.0410,0.5900,0.7040,,0.1140,,30.75,-8.45,169.3,179.8,1.038,0.195,1.822
1791428164.0554152,0.6350,0.8030,0.6350,0.4998,0.6350,0.8030,0.7006,0.5695,0.4998,0.4302,0.4302,0.5695,0.4998,0.1229,0.0410,0.0942,0.0574,0.5890,0.7030,,0.1140,,30.53,-8.39,169.1,178.5,0.993,0.196,1.744
1791428164.0886714,0.4302,0.4998,0.5695,0.4302,0.4998,0.7006,0.6350,0.7538,0.7538,0.3646,0.4302,0.5695,0.5695,0.0737,0.0410,0.0574,0.0369,0.5930,0.7055,0.6470,0.1125,-0.0585,30.36,-8.38,169.3,179.1,0.995,0.196,1.769
1791428164.1222658,0.4998,0.7538,0.3646,0.4998,0.4998,0.7006,0.6350,0.7006,0.6350,0.2458,0.3646,0.5695,0.4998,0.0737,0.0410,0.0737,0.0574,0.5890,0.7005,,0.1115,,30.13,-8.13,169.4,179.1,1.073,0.197,1.790
1791428164.1757784,0.7006,0.5695,0.5695,0.6350,0.5695,0.8767,0.7538,0.6350,0.7538,0.4302,0.2991,0.6350,0.4302,0.0942,0.0942,0.0410,0.0410,0.5890,0.7035,,0.1145,,30.13,-8.05,169.6,178.6,1.051,0.197,1.896
1791428164.2047837,0.7538,0.5695,0.5695,0.4998,0.6350,0.6350,0.8030,0.5695,0.6350,0.1557,0.2991,0.4302,0.4302,0.0942,0.0410,0.0737,0.0410,0.5890,0.6985,,0.1095,,29.81,-7.78,168.8,177.9,1.096,0.198,
1791428164.2388484,0.3646,0.7006,0.5695,0.4998,0.5695,0.8030,0.8030,0.4998,0.4998,0.1966,0.2991,0.4998,0.4998,0.0574,0.0369,0.0737,0.0369,0.5900,0.7005,,0.1105,,29.43,-7.63,168.6,177.9,1.096,0.200,
1791428164.2859046,0.5695,0.7538,0.5695,0.4998,0.7006,0.7538,0.6350,0.8030,0.4998,0.2991,0.4302,0.5695,0.4998,0.1229,0.0737,0.0410,0.0410,0.5900,0.7030,,0.1130,,29.47,-7.66,169.1,178.2,1.032,0.200,1.804
1791428164.3278794,0.7006,0.7538,0.5695,0.6350,0.6350,0.8440,0.6350,0.7006,0.6350,0.1966,0.4302,0.5695,0.4998,0.0369,0.0410,0.1966,0.0737,0.5880,0.7000,,0.1120,,29.38,-7.57,167.7,177.5,1.061,0.200,1.763
1791428164.3842638,0.2991,0.7538,0.5695,0.5695,0.7538,0.7538,0.7538,0.5695,0.6350,0.4302,0.3646,0.5695,0.4998,0.0737,0.0410,0.0574,0.0574,,0.7000,,,,29.38,-7.57,168.0,177.9,1.113,0.200,
1791428164.4314632,0.5695,0.5695,0.6350,0.4302,0.5695,0.8767,0.6350,0.6350,0.7006,0.3646,0.4998,0.4998,0.5695,0.0205,0.0574,0.1966,0.0369,0.5890,0.6925,,0.1035,,28.89,-7.23,168.7,179.0,1.108,0.201,1.946
1791428164.490937,0.5695,0.5695,0.5695,0.4998,0.6350,0.7538,0.4998,0.5695,0.7006,0.2991,0.4302,0.5695,0.5695,0.0737,0.0574,0.0737,0.0410,0.5870,0.6960,0.6590,0.1090,-0.0370,28.88,-6.81,169.0,179.1,1.039,0.200,1.770
1791428164.554013,0.4998,0.7006,0.7538,0.6350,0.6350,0.7538,0.7538,0.5695,0.6350,0.3646,0.3646,0.4998,0.5695,0.0574,0.0369,0.0737,0.0369,0.5870,0.6905,,0.1035,,28.44,-6.51,169.4,179.9,1.109,0.201,1.923
1791428164.615911,0.7006,0.7006,0.7538,0.6350,0.7538,0.7538,0.7006,0.4302,0.4302,0.3646,0.4302,0.6350,0.5695,0.0942,0.0410,0.1557,0.0410,0.5820,0.6885,0.6600,0.1065,-0.0285,28.08,-5.96,169.5,179.8,1.077,0.203,1.899
1791428164.6680577,0.6350,0.8030,0.9259,0.7006,0.5695,0.7538,0.7538,0.5695,0.5695,0.3646,0.3646,0.4998,0.4998,0.0410,0.0164,0.0737,0.0737,0.5810,0.6945,,0.1135,,28.34,-5.97,169.5,179.6,1.034,0.203,1.815
1791428164.717273,0.5695,0.7006,0.7006,0.4998,0.5695,0.7538,0.7006,0.5695,0.5695,0.1557,0.3646,0.5695,0.4998,0.0942,0.0369,0.1229,0.1229,0.5810,0.6910,,0.1100,,28.51,-5.88,169.3,178.7,1.032,0.202,1.789
1791428164.7673864,0.5695,0.7538,0.4302,0.4302,0.4998,0.7538,0.8030,0.6350,0.5695,0.3646,0.3646,0.6350,0.4998,0.0942,0.0246,0.1229,0.0369,0.5800,0.6975,,0.1175,,28.75,-5.93,169.8,179.5,1.077,0.203,1.922
1791428164.8193524,0.7538,0.8440,0.5695,0.7006,0.8030,0.8030,0.6350,0.5695,0.4998,0.2991,0.3646,0.6350,0.4998,0.0737,0.0410,0.0574,0.0737,0.5800,0.6975,,0.1175,,29.08,-6.02,169.6,180.0,1.036,0.202,1.871
1791428164.8773572,0.2991,0.4998,0.8440,0.4998,0.5695,0.7538,0.7006,0.6350,0.7538,0.4302,0.2991,0.6350,0.5695,0.0737,0.0205,0.0410,0.0574,,0.6970,0.6570,,-0.0400,29.08,-6.02,170.1,179.5,1.186,0.202,
1791428164.9401562,0.7538,0.7006,0.7538,0.6350,0.5695,0.4998,0.7538,0.4998,0.5695,0.3646,0.4302,0.5695,0.4302,0.0942,0.0369,0.1229,0.0369,0.5790,0.6885,,0.1095,,28.60,-5.75,169.8,179.7,1.127,0.205,1.962
1791428165.005543,0.7538,0.8030,0.8030,0.7006,0.7006,0.7538,0.7538,0.6350,0.7538,0.2458,0.2991,0.6350,0.5695,0.0410,0.0123,0.1229,0.0410,0.5800,0.6945,0.6560,0.1145,-0.0385,28.62,-5.58,169.3,179.8,1.116,0.206,
1791428165.0460749,0.4998,0.7538,0.7006,0.4998,0.5695,0.7538,0.8440,0.5695,0.5695,0.2458,0.4302,0.5695,0.4302,0.0737,0.0164,0.0942,0.0369,0.5830,0.6970,,0.1140,,29.00,-5.71,168.6,179.7,1.029,0.203,1.869
1791428165.0868695,0.7006,0.8440,0.7006,0.5695,0.6350,0.6350,0.5695,0.5695,0.5695,0.3646,0.3646,0.4998,0.6350,0.1229,0.0410,0.0737,0.0410,0.5790,0.6915,,0.1125,,29.09,-5.64,169.0,179.9,1.047,0.203,1.869
1791428165.1461985,0.8030,0.8440,0.7538,0.5695,0.7006,0.8767,0.6350,0.5695,0.4302,0.1966,0.4998,0.5695,0.4998,0.0574,0.0369,0.0369,0.0574,0.5790,0.6900,,0.1110,,28.50,-5.50,168.7,179.9,1.098,0.207,1.986
1791428165.1883438,0.5695,0.5695,0.8030,0.4998,0.3646,0.8440,0.5695,0.7006,0.6350,0.4302,0.4998,0.5695,0.4998,0.0737,0.0737,0.0737,0.0410,0.5790,0.6980,,0.1190,,29.15,-5.68,169.2,179.9,1.014,0.204,1.809
1791428165.2403753,0.4302,0.7538,0.7538,0.4998,0.6350,0.8030,0.4998,0.4998,0.6350,0.3646,0.4302,0.5695,0.4998,0.0942,0.0369,0.1557,0.0369,0.5790,0.6945,,0.1155,,29.59,-5.73,169.4,179.8,1.016,0.201,1.785
1791428165.2896235,0.4998,0.8440,0.6350,0.5695,0.4998,0.8030,0.7006,0.6350,0.8030,0.2458,0.4302,0.6350,0.4302,0.0574,0.0164,0.2458,0.0410,0.5790,0.6985,,0.1195,,30.00,-5.90,168.9,179.7,1.003,0.199,1.767
1791428165.340947,0.7538,0.6350,0.8440,0.4302,0.4998,0.7006,0.7006,0.5695,0.6350,0.1966,0.3646,0.5695,0.6350,0.1229,0.0737,0.1557,0.0410,0.5770,0.6955,0.6550,0.1185,-0.0405,30.14,-5.85,169.2,179.8,1.029,0.199,1.792
1791428165.3984168,0.5695,0.7538,0.8440,0.4302,0.6350,0.5695,0.7006,0.7006,0.5695,0.3646,0.4302,0.5695,0.4998,0.0737,0.0574,0.1229,0.0369,0.5780,0.6960,,0.1180,,30.39,-5.88,169.4,179.8,1.028,0.198,1.804
1791428165.454555,0.8030,0.7006,0.7006,0.5695,0.6350,0.7538,0.7538,0.5695,0.6350,0.3646,0.4998,0.6350,0.4998,0.0737,0.0737,0.1229,0.0574,0.5770,0.6950,,0.1180,,30.38,-5.85,169.4,179.8,1.057,0.199,1.847
1791428165.5060794,0.6350,0.6350,0.5695,0.3646,0.7006,0.5695,0.7006,0.6350,0.6350,0.2458,0.4998,0.6350,0.5695,0.0737,0.0205,0.0737,0.0410,0.5780,0.6920,0.6530,0.1140,-0.0390,30.36,-5.77,169.6,179.0,1.019,0.198,1.751
1791428165.5527937,0.3646,0.8030,0.5695,0.5695,0.6350,0.8030,0.8030,0.6350,0.7538,0.2991,0.1966,0.5695,0.4998,0.0942,0.0369,0.1557,0.0369,0.5770,0.6870,,0.1100,,29.72,-5.52,169.2,179.0,1.081,0.201,
1791428165.6023252,0.7006,0.7538,0.4998,0.4998,0.4998,0.7538,0.6350,0.4998,0.7006,0.2991,0.3646,0.5695,0.4998,0.0410,0.0410,0.0737,0.0410,0.5770,0.6975,,0.1205,,30.09,-5.64,169.0,179.8,1.043,0.200,1.861
1791428165.6420321,0.8030,0.8030,0.7006,0.6350,0.6350,0.8030,0.8030,0.4998,0.4998,0.2458,0.4302,0.4998,0.4998,0.0205,0.0205,0.0737,0.0737,0.5780,0.6980,,0.1200,,30.39,-5.76,169.2,179.8,1.031,0.199,1.788
1791428165.684928,0.8030,0.7006,0.8030,0.4998,0.6350,0.8030,0.7538,0.5695,0.5695,0.3646,0.4302,0.4998,0.4998,0.1229,0.0205,0.1229,0.0574,0.5780,0.6930,,0.1150,,30.45,-5.76,169.2,179.7,0.999,0.198,1.753
1791428165.742078,0.7538,0.8030,0.7006,0.6350,0.5695,0.8440,0.7006,0.7006,0.5695,0.2458,0.4302,0.6350,0.4998,0.1557,0.0164,0.1229,0.0369,0.5770,0.6960,,0.1190,,30.62,-5.82,168.5,179.8,1.021,0.198,1.821
1791428165.8053617,0.7006,0.2991,0.7006,0.5695,0.4998,0.8030,0.7538,0.8030,0.4302,0.2458,0.4302,0.6350,0.4998,0.0410,0.0205,0.1557,0.0369,0.5770,0.6965,,0.1195,,30.79,-5.88,168.9,179.5,1.016,0.197,1.798
1791428165.882308,0.4998,0.4998,0.4998,0.7006,0.6350,0.6350,0.7006,0.6350,0.6350,0.4998,0.4302,0.5695,0.4998,0.1229,0.0410,0.1229,0.0410,0.5790,0.6940,,0.1150,,30.42,-5.79,169.0,179.2,1.084,0.199,1.926
1791428165.9222295,0.7006,0.6350,0.5695,0.7006,0.5695,0.5695,0.5695,0.7006,0.6350,0.2991,0.4302,0.4998,0.4998,0.0574,0.0369,0.0737,0.0410,0.5770,0.6940,,0.1170,,30.58,-5.74,169.3,178.6,1.061,0.198,1.878
1791428165.9662247,0.6350,0.3646,0.3646,0.3646,0.7006,0.6350,0.7006,0.7006,0.6350,0.1557,0.4998,0.5695,0.5695,0.0737,0.0410,0.0942,0.0574,0.5770,0.6970,0.6580,0.1200,-0.0390,30.66,-5.65,169.3,178.0,1.057,0.198,1.870
1791428166.0160608,0.6350,0.7006,0.7006,0.5695,0.6350,0.7006,0.8030,0.4998,0.5695,0.4302,0.3646,0.5695,0.4998,0.1229,0.0369,0.0574,0.0574,0.5780,0.6960,,0.1180,,30.94,-5.66,169.7,177.5,1.052,0.196,1.802
1791428166.0727837,0.7538,0.6350,0.4302,0.6350,0.4998,0.8440,0.2458,0.3646,0.3646,0.4302,0.2458,0.6350,0.4998,0.0574,0.0369,0.0737,0.0410,0.5780,,,,,30.94,-5.66,169.7,177.5,,,
1791428166.1248462,0.7006,0.6350,0.6350,0.3646,0.6350,0.7538,0.8440,0.7006,0.5695,0.3646,0.3646,0.5695,0.4302,0.0737,0.0410,0.0737,0.0369,0.5780,0.6980,,0.1200,,31.09,-5.74,170.1,178.7,1.047,0.196,1.785
1791428166.1828222,0.4998,0.7006,0.3646,0.5695,0.4998,0.8030,0.7006,0.6350,0.6350,0.4998,0.3646,0.6350,0.5695,0.0410,0.0410,0.0574,0.0205,0.5780,0.6965,0.6550,0.1185,-0.0415,31.09,-5.73,170.0,178.5,1.034,0.196,1.808
1791428166.2316544,0.3646,0.6350,0.6350,0.6350,0.6350,0.7538,0.7538,0.5695,0.7006,0.3646,0.4302,0.6350,0.4998,0.0574,0.0369,0.1229,0.0246,0.5770,0.6970,,0.1200,,31.10,-5.82,169.8,179.0,0.994,0.197,1.775
1791428166.2782798,0.8030,0.7006,0.5695,0.5695,0.6350,0.8767,0.6350,0.5695,0.6350,0.4998,0.4998,0.6350,0.4998,0.0942,0.0410,0.1229,0.0369,0.5780,0.6965,,0.1185,,31.09,-5.73,170.1,178.9,1.121,0.197,1.897
1791428166.3205352,0.6350,0.7006,0.5695,0.4302,0.5695,0.7006,0.8440,0.7538,0.5695,0.5695,0.4302,0.6350,0.4998,0.0737,0.0410,0.0574,0.0574,0.5750,0.6970,,0.1220,,31.79,-5.82,170.0,179.4,0.988,0.192,1.712
1791428166.3634758,0.7538,0.8030,0.6350,0.4998,0.4998,0.6350,0.7006,0.5695,0.7006,0.2458,0.3646,0.7538,0.5695,0.0737,0.0369,0.0737,0.0369,0.5790,0.6980,0.6540,0.1190,-0.0440,31.90,-5.88,169.5,178.7,1.022,0.191,1.847
1791428166.401014,0.7006,0.7538,0.6350,0.4998,0.6350,0.8030,0.7006,0.4998,0.7006,0.4998,0.4302,0.5695,0.5695,0.1229,0.0737,0.1557,0.0410,0.5770,0.6965,0.6570,0.1195,-0.0395,32.01,-5.84,169.5,178.5,0.994,0.191,1.766
1791428166.4309692,0.7538,0.7538,0.7006,0.4998,0.5695,0.8030,0.8440,0.7006,0.6350,0.2991,0.4998,0.5695,0.5695,0.0737,0.0574,0.0737,0.0574,0.5790,0.7015,0.6500,0.1225,-0.0515,32.59,-6.19,169.3,178.3,0.960,0.188,1.765
1791428166.468689,0.7006,0.7006,0.4998,0.6350,0.6350,0.7538,0.6350,0.6350,0.6350,0.2458,0.4998,0.6350,0.4998,0.0410,0.0123,0.1557,0.0410,0.5760,0.6950,,0.1190,,32.13,-6.03,169.0,178.0,1.087,0.191,1.892
1791428166.5020547,0.5695,0.7006,0.4998,0.4302,0.3646,0.6350,0.7006,0.6350,0.6350,0.4302,0.2991,0.5695,0.4998,0.0246,0.0737,0.1557,0.0410,0.5760,0.6980,,0.1220,,31.80,-6.07,169.4,178.2,1.012,0.194,1.892
1791428166.539847,0.4998,0.4998,0.5695,0.5695,0.8030,0.7538,0.6350,0.4998,0.6350,0.3646,0.4998,0.5695,0.4998,0.0942,0.0574,0.1229,0.0369,0.5810,0.6890,,0.1080,,30.78,-5.78,169.3,178.1,1.079,0.198,1.977
1791428166.5665817,0.5695,0.7006,0.6350,0.5695,0.7006,0.7538,0.7006,0.6350,0.6350,0.4302,0.4302,0.5695,0.4998,0.1229,0.0205,0.0942,0.0410,0.5760,0.6935,,0.1175,,30.79,-5.73,169.1,177.5,1.032,0.197,1.827
1791428166.5932596,0.5695,0.7538,0.3646,0.4998,0.4998,0.8440,0.7538,0.7538,0.4998,0.1966,0.4302,0.6350,0.4998,0.0205,0.0246,0.1557,0.0369,0.5790,0.6860,,0.1070,,30.34,-5.43,168.3,177.3,1.081,0.197,1.938
1791428166.627187,0.4998,0.4998,0.6350,0.6350,0.6350,0.7538,0.8030,0.7538,0.7006,0.4998,0.2991,0.5695,0.5695,0.0574,0.0369,0.0737,0.0369,0.5780,0.6980,0.6550,0.1200,-0.0430,30.67,-5.54,168.1,177.0,1.020,0.196,1.807
1791428166.659679,0.4302,0.7006,0.5695,0.6350,0.4998,0.8440,0.5695,0.4998,0.7538,0.4998,0.4998,0.6350,0.4998,0.1229,0.0205,0.1557,0.0737,0.5740,0.6995,,0.1255,,31.42,-5.73,168.5,177.8,0.996,0.194,1.749
1791428166.6929681,0.6350,0.5695,0.6350,0.4998,0.5695,0.7538,0.7006,0.6350,0.7006,0.3646,0.4998,0.5695,0.5695,0.0942,0.0369,0.1966,0.0942,0.5760,0.6950,0.6540,0.1190,-0.0410,31.45,-5.75,168.7,177.3,1.007,0.194,1.806
1791428166.7257853,0.6350,0.7006,0.5695,0.5695,0.6350,0.7006,0.7006,0.5695,0.6350,0.2458,0.4998,0.7006,0.5695,0.1557,0.0737,0.1229,0.0737,0.5760,0.6955,0.6540,0.1195,-0.0415,31.29,-5.77,168.1,177.4,1.012,0.195,1.822
1791428166.7600794,0.7006,0.7538,0.6350,0.4302,0.4302,0.6350,0.7538,0.5695,0.3646,0.4302,0.4998,0.5695,0.4998,0.0574,0.0410,0.0737,0.0737,0.5760,0.6945,,0.1185,,31.36,-5.72,168.3,177.5,1.046,0.195,1.874
1791428166.7938924,0.4302,0.6350,0.6350,0.7006,0.7006,0.7006,0.6350,0.5695,0.4302,0.2991,0.4998,0.5695,0.5695,0.1557,0.0942,0.0737,0.0369,0.5740,0.6950,0.6500,0.1210,-0.0450,31.43,-5.82,168.5,176.8,1.033,0.195,1.900
1791428166.8265302,0.3646,0.7006,0.4998,0.4998,0.4998,0.6350,0.7538,0.6350,0.2991,0.2458,0.4998,0.6350,0.5695,0.0410,0.0369,0.0737,0.0369,0.5790,0.6970,0.6520,0.1180,-0.0450,31.43,-5.83,167.6,175.8,1.094,0.194,1.979
1791428166.8595793,0.4302,0.5695,0.6350,0.4998,0.4998,0.6350,0.7538,0.6350,0.7006,0.3646,0.3646,0.5695,0.4998,0.0942,0.0574,0.1557,0.0369,0.5740,0.6990,,0.1250,,32.01,-5.94,168.5,175.9,1.031,0.192,1.795
1791428166.8931792,0.7006,0.7006,0.7006,0.6350,0.7006,0.5695,0.7538,0.6350,0.6350,0.2991,0.4302,0.4998,0.5695,0.0942,0.0410,0.1229,0.0410,0.5780,0.6935,,0.1155,,31.43,-5.89,168.2,176.4,1.019,0.195,1.892
1791428166.9260824,0.8030,0.7006,0.6350,0.8030,0.5695,0.8767,0.4998,0.7006,0.7538,0.4302,0.3646,0.6350,0.5695,0.0369,0.0574,0.1229,0.0369,0.5780,0.6970,0.6530,0.1190,-0.0440,31.82,-5.95,168.6,176.4,1.012,0.192,1.798
1791428166.9588425,0.7006,0.6350,0.6350,0.6350,0.7006,0.8030,0.8030,0.5695,0.5695,0.2458,0.1557,0.5695,0.5695,0.0737,0.0410,0.1229,0.0410,0.5740,0.6965,0.6530,0.1225,-0.0435,32.02,-5.98,168.4,176.3,1.019,0.192,
1791428166.9994226,0.6350,0.7006,0.5695,0.5695,0.4998,0.7538,0.7538,0.7006,0.6350,0.4302,0.3646,0.4998,0.4998,0.0574,0.0410,0.1966,0.0410,0.5810,0.6930,,0.1120,,31.51,-5.88,168.4,175.6,1.043,0.193,1.901
1791428167.0267384,0.5695,0.4302,0.7006,0.7538,0.6350,0.6350,0.7538,0.6350,0.3646,0.4998,0.3646,0.6350,0.5695,0.0942,0.0205,0.1229,0.0410,0.5780,0.6980,0.6500,0.1200,-0.0480,31.67,-6.06,168.8,174.8,1.009,0.192,1.835
1791428167.0613244,0.6350,0.5695,0.7538,0.5695,0.7006,0.8030,0.8440,0.5695,0.7006,0.4998,0.2991,0.7006,0.5695,0.1229,0.0574,0.0737,0.0410,0.5760,0.6955,0.6530,0.1195,-0.0425,31.51,-6.00,168.4,175.2,1.048,0.194,1.893
1791428167.0952916,0.7006,0.6350,0.6350,0.5695,0.5695,0.7538,0.7538,0.4998,0.4998,0.2991,0.4998,0.5695,0.4998,0.0737,0.0164,0.0737,0.0574,0.5780,0.6955,,0.1175,,31.62,-5.96,167.9,174.8,1.057,0.192,1.833
1791428167.125644,0.7006,0.4998,0.7538,0.4998,0.7538,0.8767,0.5695,0.6350,0.4998,0.4998,0.4302,0.6350,0.4998,0.0737,0.0246,0.0737,0.0369,0.5780,0.6970,,0.1190,,31.66,-6.00,168.4,174.5,1.033,0.192,1.842
1791428167.1595113,0.7006,0.4302,0.5695,0.4998,0.5695,0.3646,0.5695,0.7006,0.5695,0.2458,0.4302,0.5695,0.5695,0.1557,0.0369,0.1229,0.0410,0.5760,0.6920,0.6550,0.1160,-0.0370,31.43,-5.83,167.6,175.0,1.028,0.193,1.864
1791428167.1932192,0.6350,0.4998,0.7538,0.5695,0.6350,0.8030,0.5695,0.6350,0.4998,0.3646,0.3646,0.6350,0.4998,0.1557,0.0574,0.1229,0.0369,0.5810,0.6965,,0.1155,,31.49,-5.85,167.8,174.8,1.046,0.192,1.868
1791428167.226239,0.5695,0.4998,0.6350,0.4998,0.5695,0.8440,0.7538,0.7006,0.4998,0.1966,0.3646,0.6350,0.4998,0.0574,0.0574,0.1229,0.0369,0.5760,0.6955,,0.1195,,31.42,-5.92,168.0,175.0,0.979,0.193,1.814
1791428167.267273,0.5695,0.5695,0.4998,0.5695,0.6350,0.7538,0.7006,0.6350,0.4998,0.2991,0.4302,0.6350,0.5695,0.0737,0.0410,0.1229,0.0369,0.5770,0.6955,0.6530,0.1185,-0.0425,31.31,-5.90,168.4,175.3,1.044,0.194,1.870
1791428167.2993834,0.4302,0.7006,0.4998,0.7006,0.7006,0.7538,0.7006,0.7006,0.7538,0.2458,0.4302,0.5695,0.4998,0.1229,0.0574,0.1557,0.0369,0.5780,0.6980,,0.1200,,31.53,-6.05,168.2,176.3,0.958,0.193,1.755
1791428167.3303368,0.4998,0.6350,0.6350,0.5695,0.7006,0.7006,0.8030,0.7006,0.5695,0.1966,0.4302,0.6350,0.4998,0.0942,0.0410,0.1229,0.0737,0.5730,0.6985,,0.1255,,32.08,-6.05,169.0,176.0,1.074,0.191,1.846
1791428167.3628514,0.4998,0.7538,0.7006,0.5695,0.5695,0.8030,0.6350,0.6350,0.6350,0.4998,0.4302,0.5695,0.5695,0.0574,0.0205,0.0574,0.0369,0.5760,0.6950,0.6570,0.1190,-0.0380,31.98,-5.91,169.1,176.4,1.015,0.192,1.827
1791428167.3925729,0.7006,0.5695,0.6350,0.5695,0.5695,0.8440,0.8440,0.6350,0.7006,0.4302,0.3646,0.5695,0.6350,0.0574,0.0369,0.0737,0.0164,0.5770,0.6970,0.6580,0.1200,-0.0390,32.04,-5.82,169.2,176.2,1.023,0.191,1.804
1791428167.426521,0.7538,0.6350,0.4998,0.4302,0.7006,0.8030,0.7538,0.8030,0.4998,0.1966,0.4998,0.4998,0.5695,0.0942,0.0205,0.0942,0.0369,0.5780,0.6965,,0.1185,,31.58,-5.79,169.3,176.4,1.047,0.194,1.892
1791428167.461179,0.5695,0.8030,0.5695,0.4302,0.4998,0.7538,0.7006,0.6350,0.7006,0.2458,0.2991,0.6350,0.4998,0.0942,0.0246,0.1229,0.0410,0.5790,0.6970,,0.1180,,31.65,-5.79,169.1,176.6,1.047,0.193,
1791428167.4941807,0.6350,0.8030,0.6350,0.6350,0.6350,0.8440,0.6350,0.4998,0.7006,0.2991,0.4998,0.5695,0.5695,0.1229,0.0737,0.1557,0.0410,0.5770,0.6970,0.6510,0.1200,-0.0460,31.61,-5.91,169.4,176.9,1.025,0.194,1.861
1791428167.5357625,0.4302,0.8030,0.5695,0.6350,0.6350,0.8440,0.7006,0.7006,0.7538,0.2458,0.4302,0.5695,0.4998,0.0205,0.0205,0.1229,0.0574,0.5770,0.6970,,0.1200,,31.83,-5.88,169.1,176.9,1.069,0.192,1.869
1791428167.5690498,0.4998,0.9259,0.6350,0.6350,0.6350,0.7538,0.7006,0.6350,0.6350,0.4302,0.4302,0.5695,0.5695,0.1229,0.0410,0.1557,0.0410,0.5780,0.6925,0.6550,0.1145,-0.0375,31.49,-5.69,168.9,177.4,1.081,0.193,1.898
1791428167.6002383,0.5695,0.7538,0.5695,0.7006,0.4998,0.7538,0.7538,0.4302,0.6350,0.2991,0.2991,0.6350,0.4998,0.1229,0.0737,0.1229,0.0410,0.5750,0.6935,,0.1185,,31.28,-5.60,169.3,177.2,1.073,0.195,
1791428167.6318755,0.4302,0.6350,0.6350,0.5695,0.4302,0.5695,0.7006,0.6350,0.6350,0.1557,0.3646,0.5695,0.5695,0.0737,0.0369,0.1557,0.0410,0.5730,0.6975,0.6530,0.1245,-0.0445,31.83,-5.74,169.2,176.4,1.005,0.193,1.810
1791428167.663341,0.6350,0.7006,0.8030,0.5695,0.5695,0.7538,0.7538,0.4998,0.5695,0.4302,0.3646,0.4998,0.4998,0.0737,0.0410,0.1229,0.0410,0.5780,0.6970,,0.1190,,32.00,-5.78,168.7,176.8,1.028,0.191,1.860
1791428167.6939328,0.2991,0.7538,0.4998,0.6350,0.5695,0.7006,0.7538,0.7006,0.7006,0.1966,0.4302,0.5695,0.4998,0.0942,0.0737,0.1557,0.0737,,0.6960,,,,32.00,-5.78,168.6,177.1,1.042,0.191,
1791428167.7273204,0.6350,0.7538,0.7538,0.4998,0.5695,0.7538,0.7538,0.6350,0.7538,0.1557,0.4998,0.5695,0.5695,0.0942,0.0205,0.1557,0.0737,0.5720,0.6990,0.6540,0.1270,-0.0450,32.42,-5.84,167.1,176.0,1.057,0.191,1.888
1791428167.7602725,0.4998,0.5695,0.4998,0.4302,0.5695,0.7006,0.7006,0.6350,0.4998,0.2991,0.3646,0.5695,0.6350,0.0164,0.0574,0.1229,0.0574,0.5760,0.6990,0.6540,0.1230,-0.0450,32.67,-5.97,167.3,176.3,0.986,0.189,1.715
1791428167.7944164,0.4302,0.3646,0.8440,0.5695,0.6350,0.7006,0.5695,0.4302,0.5695,0.3646,0.4998,0.6350,0.4998,0.0942,0.0410,0.1966,0.0410,0.5720,0.6975,,0.1255,,32.74,-5.96,167.9,176.1,1.048,0.190,1.832
1791428167.8267899,0.7538,0.7006,0.5695,0.5695,0.7006,0.7538,0.6350,0.5695,0.7006,0.4302,0.2991,0.5695,0.4998,0.0942,0.0246,0.0942,0.0574,0.5730,0.6975,,0.1245,,33.24,-6.03,167.7,177.1,0.988,0.187,1.763
1791428167.868507,0.6350,0.4998,0.6350,0.4302,0.4998,0.7006,0.5695,0.7538,0.6350,0.1966,0.2991,0.5695,0.5695,0.0574,0.0410,0.1557,0.0369,0.5760,0.6935,0.6560,0.1175,-0.0375,32.39,-5.81,168.2,176.7,1.077,0.192,
1791428167.9011827,0.8440,0.8030,0.6350,0.6350,0.4998,0.8440,0.7006,0.6350,0.5695,0.2458,0.2991,0.5695,0.6350,0.1229,0.0942,0.0942,0.0574,0.5770,0.6990,0.6490,0.1220,-0.0500,32.70,-6.05,167.5,176.5,1.014,0.190,
1791428167.9312787,0.4302,0.7006,0.4302,0.5695,0.5695,0.4998,0.8030,0.5695,0.4302,0.3646,0.2991,0.6350,0.4998,0.0942,0.0410,0.1229,0.0369,0.5750,0.6980,,0.1230,,32.46,-5.99,168.2,175.9,1.109,0.192,1.954
1791428167.9638016,0.7006,0.7538,0.8440,0.4302,0.4998,0.7006,0.6350,0.6350,0.4998,0.3646,0.3646,0.5695,0.4998,0.0942,0.0410,0.1229,0.0410,0.5760,0.6945,,0.1185,,32.01,-5.90,168.4,175.6,1.055,0.194,1.884
1791428167.995567,0.5695,0.7006,0.5695,0.5695,0.5695,0.7538,0.7006,0.5695,0.8030,0.3646,0.3646,0.5695,0.5695,0.0942,0.0574,0.0942,0.0737,0.5770,0.6925,0.6570,0.1155,-0.0355,31.59,-5.65,168.5,176.5,1.091,0.195,1.891
1791428168.0278025,0.7538,0.8030,0.7006,0.5695,0.4998,0.7538,0.7006,0.7006,0.4302,0.4998,0.4998,0.6350,0.5695,0.0942,0.0369,0.0942,0.0369,0.5750,0.6985,0.6550,0.1235,-0.0435,31.88,-5.71,168.8,177.3,1.044,0.194,1.794
1791428168.061523,0.4998,0.4302,0.8440,0.4998,0.6350,0.7538,0.8440,0.4998,0.5695,0.3646,0.3646,0.7006,0.5695,0.0574,0.0410,0.0737,0.0369,0.5790,0.6950,0.6560,0.1160,-0.0390,31.76,-5.56,168.7,177.6,1.112,0.194,1.920
1791428168.0944936,0.7006,0.7538,0.6350,0.3646,0.7006,0.7006,0.5695,0.4998,0.7006,0.4998,0.4302,0.6350,0.5695,0.0369,0.0410,0.0410,0.0410,0.5740,0.6975,0.6550,0.1235,-0.0425,32.11,-5.69,168.3,177.7,0.969,0.192,1.752
1791428168.128596,0.6350,0.8030,0.7538,0.6350,0.4998,0.7006,0.7006,0.7006,0.7538,0.2991,0.2991,0.5695,0.4998,0.0942,0.0369,0.0942,0.0205,0.5740,0.6935,,0.1195,,31.90,-5.58,168.0,177.4,1.080,0.193,
1791428168.1616395,0.8030,0.7006,0.8767,0.4998,0.6350,0.6350,0.7006,0.6350,0.4998,0.4302,0.3646,0.6350,0.5695,0.0246,0.0205,0.1557,0.0369,0.5730,0.6990,0.6510,0.1260,-0.0480,32.58,-5.87,168.0,177.9,0.956,0.190,1.699
1791428168.1947231,0.8030,0.6350,0.8030,0.5695,0.6350,0.8440,0.7538,0.5695,0.6350,0.2458,0.4302,0.5695,0.5695,0.0369,0.0737,0.0942,0.0410,0.5740,0.6975,0.6520,0.1235,-0.0455,32.59,-5.95,167.4,176.6,1.034,0.191,1.871
1791428168.2273774,0.4998,0.4302,0.6350,0.6350,0.7538,0.4998,0.6350,0.8030,0.6350,0.4302,0.4302,0.6350,0.4302,0.0164,0.0369,0.1557,0.0369,0.5770,0.6870,,0.1100,,31.48,-5.63,167.2,177.2,1.090,0.195,1.930
1791428168.2661552,0.7006,0.8030,0.7538,0.5695,0.6350,0.8030,0.7006,0.5695,0.4998,0.2458,0.3646,0.6350,0.4998,0.0737,0.0574,0.0574,0.0410,0.5740,0.6975,,0.1235,,31.84,-5.70,167.0,177.4,1.049,0.194,1.834
1791428168.2979712,0.6350,0.8030,0.4998,0.4302,0.6350,0.5695,0.6350,0.8440,0.6350,0.4998,0.3646,0.5695,0.5695,0.0737,0.0410,0.1229,0.0574,0.5770,0.6970,0.6510,0.1200,-0.0460,31.67,-5.86,167.6,177.2,1.007,0.195,1.792
1791428168.3281765,0.4302,0.4998,0.7538,0.4302,0.5695,0.6350,0.7538,0.7538,0.6350,0.1966,0.3646,0.6350,0.4998,0.0369,0.0164,0.1557,0.0574,0.5750,0.6975,,0.1225,,31.60,-5.87,167.4,176.8,1.069,0.196,1.908
1791428168.3611531,0.2991,0.8030,0.6350,0.4302,0.6350,0.5695,0.6350,0.7538,0.4998,0.4302,0.4302,0.5695,0.5695,0.0574,0.0574,0.0737,0.0369,,0.6975,0.6530,,-0.0445,31.60,-5.87,167.8,178.2,1.025,0.196,
1791428168.39355,0.6350,0.8030,0.6350,0.4998,0.5695,0.8440,0.5695,0.7006,0.4998,0.3646,0.3646,0.5695,0.5695,0.0410,0.0410,0.1966,0.0574,0.5740,0.6970,0.6520,0.1230,-0.0450,31.53,-5.91,167.6,178.0,1.059,0.197,1.898
1791428168.4272008,0.6350,0.7006,0.8767,0.6350,0.5695,0.8030,0.7538,0.5695,0.4998,0.4998,0.4302,0.6350,0.4302,0.0410,0.0369,0.1229,0.0410,0.5790,0.6975,,0.1185,,31.27,-5.95,168.3,178.6,1.043,0.199,1.862
1791428168.4603236,0.7006,0.4998,0.7538,0.4302,0.7538,0.7538,0.6350,0.6350,0.7538,0.4302,0.4302,0.4998,0.4998,0.1966,0.0410,0.0737,0.0369,0.5800,0.6975,,0.1175,,31.37,-6.01,168.8,179.6,1.017,0.197,1.793
1791428168.4940634,0.5695,0.7538,0.5695,0.4998,0.5695,0.7006,0.6350,0.8030,0.4302,0.3646,0.4998,0.5695,0.5695,0.0737,0.0369,0.0737,0.0164,0.5750,0.6950,0.6570,0.1200,-0.0380,31.64,-5.86,168.9,179.3,1.036,0.195,1.841
1791428168.5367813,0.2458,0.7006,0.6350,0.7006,0.4998,0.7538,0.8030,0.4302,0.5695,0.2991,0.3646,0.6350,0.5695,0.0942,0.0246,0.1229,0.0410,,0.6965,0.6530,,-0.0435,31.64,-5.86,169.1,179.0,1.081,0.195,
1791428168.5630102,0.6350,0.7006,0.6350,0.5695,0.5695,0.8030,0.5695,0.5695,0.7538,0.2458,0.2991,0.5695,0.4302,0.0942,0.0410,0.1557,0.0369,0.5740,0.6980,,0.1240,,32.07,-5.91,169.4,179.1,1.038,0.193,
1791428168.5998724,0.5695,0.5695,0.4998,0.4998,0.5695,0.7006,0.8030,0.7006,0.6350,0.2458,0.4998,0.5695,0.5695,0.0737,0.0942,0.1966,0.0574,0.5790,0.6985,0.6540,0.1195,-0.0445,32.10,-5.95,169.3,178.5,1.040,0.192,1.871
1791428168.6290815,0.5695,0.6350,0.5695,0.4998,0.7006,0.4998,0.7006,0.5695,0.4998,0.4302,0.1966,0.6350,0.5695,0.0737,0.0574,0.0942,0.0369,0.5790,0.6925,0.6580,0.1135,-0.0345,31.51,-5.67,169.5,178.5,1.074,0.194,1.893
1791428168.6616547,0.6350,0.5695,0.6350,0.5695,0.6350,0.7538,0.8030,0.4302,0.5695,0.4302,0.4302,0.6350,0.5695,0.0737,0.0410,0.1557,0.0369,0.5730,0.6950,0.6600,0.1220,-0.0350,31.00,-5.44,169.6,177.6,1.094,0.199,1.978
1791428168.6944332,0.7538,0.4302,0.5695,0.4302,0.4998,0.7538,0.7538,0.6350,0.7006,0.2991,0.3646,0.5695,0.5695,0.0942,0.0205,0.1557,0.0369,0.5730,0.7010,0.6550,0.1280,-0.0460,31.80,-5.63,170.0,177.5,1.029,0.196,1.791
1791428168.7281,0.6350,0.7538,0.7538,0.6350,0.4998,0.6350,0.6350,0.6350,0.7006,0.3646,0.4998,0.6350,0.4998,0.0737,0.0123,0.1229,0.0574,0.5780,0.6945,,0.1165,,30.91,-5.53,169.7,177.5,1.079,0.201,1.943
1791428168.761652,0.4998,0.7006,0.9054,0.4998,0.5695,0.7538,0.6350,0.7538,0.7006,0.4302,0.4998,0.6350,0.5695,0.0942,0.0164,0.1229,0.0410,0.5750,0.6960,0.6520,0.1210,-0.0440,30.89,-5.61,169.3,178.4,1.060,0.201,1.885
1791428168.7936366,0.5695,0.4998,0.5695,0.4998,0.6350,0.8440,0.7006,0.7006,0.7538,0.1557,0.4302,0.5695,0.5695,0.1229,0.0246,0.1557,0.0369,0.5760,0.6915,0.6520,0.1155,-0.0395,30.68,-5.57,169.4,178.5,1.047,0.201,1.861
1791428168.82889,0.4998,0.7006,0.5695,0.4998,0.4998,0.7538,0.6350,0.6350,0.4998,0.4302,0.4302,0.4998,0.6350,0.0942,0.0574,0.1229,0.0369,0.5770,0.6890,,0.1120,,30.58,-5.40,169.1,178.1,1.048,0.200,1.831
1791428168.8682587,0.7006,0.8030,0.8030,0.6350,0.6350,0.7006,0.7538,0.6350,0.7538,0.2458,0.2991,0.6350,0.4998,0.1229,0.0574,0.1229,0.0369,0.5860,0.6960,,0.1100,,30.29,-5.44,167.9,178.0,1.068,0.199,
1791428168.900782,0.7006,0.4998,0.8030,0.5695,0.4302,0.6350,0.7538,0.4302,0.7006,0.2458,0.4998,0.5695,0.4998,0.0246,0.0410,0.0737,0.0410,0.5770,0.6975,,0.1205,,30.82,-5.52,168.0,177.8,1.051,0.197,1.846
1791428168.9320223,0.6350,0.7006,0.6350,0.7006,0.4998,0.7006,0.7538,0.7006,0.4998,0.3646,0.3646,0.7006,0.5695,0.0942,0.0369,0.1229,0.0369,0.5790,0.6980,0.6540,0.1190,-0.0440,31.20,-5.66,168.0,177.8,1.005,0.194,1.736
1791428168.9630756,0.7006,0.4998,0.7538,0.3646,0.6350,0.7006,0.7538,0.5695,0.4998,0.2458,0.2991,0.5695,0.4998,0.0942,0.0369,0.0737,0.0410,0.5740,0.6995,,0.1255,,31.82,-5.79,168.4,177.8,1.025,0.192,
1791428168.9977057,0.7006,0.6350,0.6350,0.4998,0.4998,0.5695,0.8030,0.5695,0.6350,0.4302,0.3646,0.6350,0.5695,0.0246,0.0410,0.1229,0.0369,0.5850,0.6940,0.6530,0.1090,-0.0410,31.13,-5.77,168.4,177.3,1.030,0.194,1.824
1791428169.0289767,0.5695,0.4998,0.7538,0.7538,0.4998,0.5695,0.7006,0.4998,0.7006,0.3646,0.5695,0.5695,0.4998,0.1229,0.0246,0.1229,0.0369,0.5740,0.6995,,0.1255,,31.40,-5.90,168.8,177.6,1.012,0.195,1.828
1791428169.061678,0.6350,0.6350,0.7006,0.6350,0.6350,0.6350,0.7006,0.7006,0.4302,0.1966,0.4302,0.6350,0.5695,0.0574,0.0123,0.1229,0.0410,0.5730,0.6970,0.6540,0.1240,-0.0430,31.50,-5.90,169.1,178.3,1.037,0.196,1.882
1791428169.095358,0.6350,0.6350,0.4998,0.3646,0.4302,0.7538,0.6350,0.7538,0.5695,0.2991,0.5695,0.5695,0.6350,0.0246,0.0369,0.1557,0.0246,0.5850,0.6960,0.6540,0.1110,-0.0420,31.17,-5.92,169.1,178.2,1.003,0.195,1.813
1791428169.1365826,0.4998,0.6350,0.6350,0.5695,0.6350,0.7006,0.8030,0.5695,0.5695,0.3646,0.7006,0.5695,0.4998,0.1229,0.0410,0.1557,0.0574,0.5740,0.6970,,0.1230,,31.39,-5.94,169.0,178.9,1.014,0.195,1.818
1791428169.1677535,0.7006,0.4302,0.5695,0.5695,0.5695,0.8030,0.6350,0.5695,0.4302,0.4302,0.4302,0.6350,0.4998,0.0737,0.0205,0.1229,0.0369,0.5740,0.6985,,0.1245,,31.73,-5.95,169.2,178.4,1.065,0.194,1.861
1791428169.1998043,0.4302,0.4302,0.7538,0.4998,0.5695,0.7538,0.7006,0.4302,0.4998,0.4302,0.4998,0.5695,0.5695,0.0942,0.0246,0.1557,0.0369,0.5730,0.6990,0.6550,0.1260,-0.0440,32.02,-5.95,169.1,178.3,1.057,0.194,1.855
1791428169.231982,0.3646,0.6350,0.6350,0.4998,0.4998,0.8030,0.7538,0.6350,0.5695,0.2991,0.4302,0.6350,0.5695,0.0574,0.0410,0.0410,0.0369,0.5730,0.6970,0.6570,0.1240,-0.0400,32.35,-5.96,167.4,178.6,0.950,0.192,1.710
1791428169.2627795,0.5695,0.4998,0.6350,0.3646,0.6350,0.5695,0.7006,0.6350,0.7538,0.2458,0.4998,0.5695,0.5695,0.0942,0.0410,0.1229,0.0574,0.5780,0.6975,0.6520,0.1195,-0.0455,32.26,-6.00,167.5,178.2,1.050,0.192,1.906
1791428169.2964675,0.2458,0.4998,0.6350,0.4302,0.5695,0.7538,0.6350,0.5695,0.5695,0.4998,0.3646,0.6350,0.5695,0.0369,0.0410,0.1229,0.0737,,0.6970,0.6590,,-0.0380,32.26,-6.00,167.8,176.8,1.009,0.192,
1791428169.3288307,0.5695,0.7006,0.4302,0.7006,0.6350,0.7538,0.4998,0.5695,0.6350,0.3646,0.4998,0.5695,0.5695,0.0574,0.0369,0.1229,0.0737,0.5740,0.6980,0.6610,0.1240,-0.0370,32.42,-5.76,168.0,176.6,1.091,0.192,1.883
1791428169.3636625,0.7006,0.4302,0.7006,0.6350,0.5695,0.8030,0.7538,0.6350,0.6350,0.2991,0.3646,0.6350,0.5695,0.1229,0.0410,0.0942,0.0737,0.5740,0.6950,0.6530,0.1210,-0.0420,32.07,-5.68,168.0,177.3,1.117,0.194,1.944
1791428169.3963752,0.5695,0.4998,0.6350,0.3646,0.6350,0.7006,0.7538,0.7006,0.7006,0.3646,0.3646,0.4998,0.5695,0.0574,0.0246,0.0737,0.0410,0.5740,0.7000,,0.1260,,32.46,-5.76,168.6,177.3,1.058,0.193,1.796
1791428169.432619,0.4998,0.6350,0.7006,0.7006,0.7006,0.7006,0.7538,0.6350,0.6350,0.3646,0.3646,0.5695,0.4998,0.0574,0.0410,0.1229,0.0369,0.5730,0.6975,,0.1245,,32.31,-5.79,168.4,177.1,1.021,0.194,1.862
1791428169.4662519,0.6350,0.5695,0.6350,0.6350,0.7006,0.8030,0.6350,0.7006,0.4998,0.4302,0.5695,0.6350,0.6350,0.0942,0.0369,0.1229,0.0410,0.5770,0.6945,0.6560,0.1175,-0.0385,31.67,-5.67,168.4,177.1,1.063,0.198,1.889
1791428169.4985938,0.6350,0.4998,0.6350,0.4998,0.3646,0.8030,0.5695,0.6350,0.7006,0.1557,0.4302,0.5695,0.5695,0.0574,0.0369,0.0737,0.0410,0.5770,0.6930,0.6530,0.1160,-0.0400,31.27,-5.65,168.0,176.9,1.019,0.199,1.850
1791428169.5306342,0.4998,0.7006,0.7538,0.6350,0.4998,0.8030,0.5695,0.7006,0.7006,0.1966,0.3646,0.7006,0.5695,0.0369,0.0574,0.1229,0.0246,0.5740,0.6960,0.6530,0.1220,-0.0430,31.72,-5.74,168.7,176.7,1.008,0.196,1.814
1791428169.56405,0.4998,0.6350,0.5695,0.4998,0.4302,0.6350,0.6350,0.5695,0.7006,0.3646,0.6350,0.5695,0.5695,0.0737,0.0410,0.1229,0.0369,0.5780,0.6985,0.6550,0.1205,-0.0435,31.93,-5.82,168.7,176.5,1.011,0.194,1.805
1791428169.5972228,0.6350,0.4302,0.7006,0.7006,0.4998,0.7006,0.6350,0.4998,0.5695,0.4302,0.4302,0.5695,0.4302,0.0942,0.0369,0.0737,0.0205,0.5780,0.6960,,0.1180,,31.94,-5.80,168.9,176.3,1.030,0.193,1.862
1791428169.6323612,0.6350,0.7006,0.6350,0.6350,0.7006,0.8440,0.5695,0.4302,0.7538,0.2458,0.4302,0.5695,0.5695,0.0574,0.0410,0.0574,0.0369,0.5780,0.6940,0.6540,0.1160,-0.0400,31.57,-5.66,167.8,175.7,1.112,0.194,2.005
1791428169.6645374,0.5695,0.7006,0.4302,0.2458,0.4998,0.7538,0.7006,0.5695,0.4998,0.3646,0.4302,0.5695,0.4998,0.0369,0.0410,0.1966,0.0737,0.5780,0.6985,,0.1205,,31.75,-5.77,168.4,176.1,1.013,0.193,1.742
1791428169.6957235,0.6350,0.7006,0.7006,0.6350,0.7006,0.7538,0.4998,0.6350,0.5695,0.2991,0.1966,0.5695,0.5695,0.0737,0.0410,0.0942,0.0410,0.5770,0.6935,0.6540,0.1165,-0.0395,31.01,-5.66,168.4,176.0,1.075,0.198,
1791428169.72886,0.5695,0.4998,0.5695,0.3646,0.5695,0.6350,0.6350,0.6350,0.4302,0.3646,0.4998,0.5695,0.5695,0.0737,0.0410,0.1557,0.0164,0.5730,0.6995,0.6520,0.1265,-0.0475,31.70,-5.93,168.4,175.5,0.955,0.195,1.720
1791428169.7640123,0.6350,0.7006,0.6350,0.5695,0.6350,0.8030,0.7538,0.4998,0.5695,0.3646,0.4302,0.5695,0.5695,0.1229,0.0574,0.3646,0.0574,0.5780,0.6960,0.6560,0.1180,-0.0400,31.49,-5.81,169.0,174.4,1.063,0.196,1.881
1791428169.80495,0.6350,0.7538,0.2458,0.7006,0.4998,0.7006,0.8440,0.6350,0.5695,0.4302,0.4998,0.5695,0.5695,0.0574,0.0205,0.1557,0.0574,0.5750,0.6970,0.6560,0.1220,-0.0410,31.39,-5.74,169.5,175.2,1.073,0.197,1.875
1791428169.8374994,0.4302,0.4998,0.4302,0.2991,0.8030,0.8030,0.7538,0.7006,0.5695,0.2991,0.2991,0.5695,0.4998,0.0942,0.0574,0.1229,0.0410,0.5780,0.6990,,0.1210,,31.81,-5.85,167.8,175.2,1.005,0.194,
1791428169.863509,0.4302,0.6350,0.4998,0.4302,0.5695,0.8030,0.5695,0.6350,0.4998,0.3646,0.4302,0.6350,0.5695,0.0942,0.0410,0.0942,0.0574,0.5750,0.6945,0.6490,0.1195,-0.0455,31.22,-5.93,168.1,175.6,1.035,0.199,1.928
1791428169.8997862,0.6350,0.8030,0.6350,0.4998,0.6350,0.7006,0.6350,0.5695,0.7006,0.1557,0.3646,0.6350,0.4998,0.1557,0.0205,0.1229,0.0410,0.5730,0.6965,,0.1235,,31.62,-5.92,168.0,175.9,1.049,0.196,1.904
1791428169.9329112,0.5695,0.7538,0.4998,0.5695,0.4998,0.8030,0.7538,0.5695,0.5695,0.1966,0.3646,0.4998,0.4998,0.0737,0.0574,0.0737,0.0369,0.5740,0.6970,,0.1230,,31.94,-5.93,168.3,175.5,1.034,0.195,1.825
1791428169.9629228,0.7538,0.8030,0.5695,0.5695,0.6350,0.6350,0.6350,0.4998,0.4998,0.2991,0.4302,0.5695,0.5695,0.0574,0.0410,0.1966,0.0369,0.5740,0.6955,0.6560,0.1215,-0.0395,32.22,-5.83,168.9,176.0,1.045,0.193,1.850
1791428169.9963007,0.4998,0.5695,0.7538,0.5695,0.3646,0.5695,0.7538,0.7006,0.7006,0.2458,0.4302,0.6350,0.6350,0.0737,0.0246,0.0942,0.0369,0.5750,0.6970,0.6550,0.1220,-0.0420,31.93,-5.87,168.6,175.9,0.988,0.195,1.822
1791428170.030013,0.6350,0.7006,0.6350,0.6350,0.4302,0.8030,0.4998,0.6350,0.6350,0.2458,0.4302,0.6350,0.4998,0.0942,0.0205,0.1229,0.0369,0.5750,0.6985,,0.1235,,32.16,-5.95,169.0,175.8,1.010,0.194,1.819
1791428170.0640585,0.7538,0.4998,0.5695,0.7006,0.7006,0.8030,0.7538,0.6350,0.6350,0.2458,0.2991,0.5695,0.4998,0.0737,0.0246,0.0942,0.0574,0.5770,0.6970,,0.1200,,31.95,-5.92,169.4,176.1,1.054,0.195,
1791428170.0969064,0.7538,0.5695,0.6350,0.5695,0.4998,0.7006,0.7538,0.4302,0.6350,0.4302,0.4998,0.5695,0.4302,0.0205,0.0369,0.1966,0.0410,0.5740,0.6980,,0.1240,,32.24,-5.94,169.7,176.9,1.039,0.193,1.794
1791428170.1370504,0.5695,0.6350,0.6350,0.4998,0.6350,0.6350,0.7006,0.5695,0.6350,0.4302,0.4998,0.5695,0.4998,0.0737,0.0574,0.1557,0.0574,0.5770,0.6960,,0.1190,,32.00,-5.95,170.0,177.4,0.992,0.194,1.801
1791428170.16833,0.5695,0.4998,0.4302,0.4998,0.4998,0.7006,0.7006,0.7006,0.5695,0.3646,0.2991,0.4998,0.4998,0.0737,0.0369,0.1557,0.0574,0.5750,0.6995,,0.1245,,32.15,-6.02,169.7,177.0,1.024,0.194,1.835
1791428170.1991074,0.7006,0.6350,0.8030,0.4302,0.4302,0.8440,0.8030,0.7006,0.6350,0.2458,0.3646,0.5695,0.5695,0.0942,0.0246,0.1229,0.0574,0.5750,0.6955,0.6590,0.1205,-0.0365,31.57,-5.78,169.7,176.8,1.073,0.198,1.860
1791428170.2306995,0.4302,0.6350,0.7538,0.5695,0.6350,0.6350,0.6350,0.7538,0.3646,0.3646,0.4998,0.5695,0.4998,0.0942,0.0369,0.0942,0.0574,0.5740,0.6980,,0.1240,,31.89,-5.82,168.7,175.7,1.027,0.196,1.818
1791428170.2643685,0.4998,0.6350,0.6350,0.6350,0.6350,0.8440,0.6350,0.6350,0.7538,0.1966,0.2991,0.5695,0.4998,0.1229,0.0737,0.1557,0.0410,0.5780,0.6940,,0.1160,,31.40,-5.72,168.8,175.7,1.039,0.198,
1791428170.2984161,0.4998,0.7006,0.7538,0.5695,0.6350,0.8030,0.5695,0.4998,0.5695,0.4998,0.2991,0.6350,0.5695,0.1229,0.0369,0.0942,0.0410,0.5750,0.6975,0.6530,0.1225,-0.0445,31.66,-5.85,169.2,175.4,0.995,0.197,1.799
1791428170.3309796,0.4998,0.8440,0.5695,0.5695,0.5695,0.8440,0.8030,0.7006,0.4998,0.2991,0.3646,0.6350,0.4998,0.0942,0.0164,0.1229,0.0369,0.5770,0.6945,,0.1175,,31.75,-5.80,169.4,175.4,1.016,0.195,1.844
1791428170.363445,0.7006,0.8030,0.3646,0.6350,0.4302,0.5695,0.8440,0.5695,0.4998,0.4998,0.3646,0.5695,0.5695,0.0737,0.0369,0.1966,0.0369,0.5770,0.6970,0.6550,0.1200,-0.0420,31.77,-5.81,169.5,175.3,1.019,0.194,1.811
1791428170.4017978,0.7006,0.7006,0.7006,0.6350,0.5695,0.6350,0.6350,0.7006,0.8440,0.2991,0.2991,0.6350,0.5695,0.0369,0.0369,0.1229,0.0410,0.5720,0.6980,0.6530,0.1260,-0.0450,32.29,-5.92,169.1,175.7,1.009,0.192,
1791428170.434024,0.4998,0.7006,0.5695,0.6350,0.7006,0.6350,0.8030,0.5695,0.6350,0.1557,0.4302,0.5695,0.5695,0.0369,0.0942,0.1557,0.0369,0.5740,0.6935,0.6560,0.1195,-0.0375,32.00,-5.76,169.1,175.8,1.048,0.194,1.887
1791428170.4653907,0.5695,0.7538,0.5695,0.5695,0.6350,0.7538,0.7006,0.5695,0.5695,0.3646,0.3646,0.7006,0.4998,0.0205,0.0246,0.0737,0.0410,0.5740,0.6970,,0.1230,,32.25,-5.79,168.6,175.4,1.018,0.193,1.757
1791428170.4965205,0.7006,0.7538,0.6350,0.4998,0.7006,0.7538,0.8030,0.6350,0.5695,0.1966,0.4302,0.5695,0.5695,0.0737,0.0369,0.1229,0.0246,0.5790,0.6980,0.6540,0.1190,-0.0440,32.63,-5.93,167.6,175.2,0.962,0.189,1.691
1791428170.5292773,0.6350,0.6350,0.5695,0.7538,0.7006,0.4998,0.7006,0.6350,0.6350,0.1966,0.3646,0.5695,0.5695,0.1557,0.0410,0.0737,0.0369,0.5750,0.6925,0.6540,0.1175,-0.0385,32.18,-5.76,167.8,176.6,1.079,0.191,1.847
1791428170.563566,0.8030,0.7006,0.5695,0.5695,0.5695,0.8030,0.8440,0.7006,0.5695,0.2991,0.2991,0.6350,0.5695,0.1229,0.0410,0.1557,0.0574,0.5730,0.6970,0.6530,0.1240,-0.0440,32.41,-5.84,167.8,176.8,1.011,0.191,
1791428170.5970213,0.6350,0.6350,0.8440,0.6350,0.7006,0.8440,0.8440,0.7006,0.6350,0.1966,0.4998,0.4998,0.4998,0.1557,0.0410,0.1557,0.0246,0.5740,0.6945,,0.1205,,32.07,-5.76,168.4,176.6,1.058,0.193,1.889
1791428170.6305175,0.4302,0.6350,0.6350,0.4998,0.4998,0.7006,0.8030,0.6350,0.2991,0.2991,0.4998,0.5695,0.4998,0.0737,0.0574,0.1229,0.0246,0.5740,0.7000,,0.1260,,32.29,-5.93,169.3,177.3,0.985,0.193,1.751
1791428170.6714056,0.3646,0.7538,0.4998,0.6350,0.4998,0.7006,0.7006,0.6350,0.5695,0.2458,0.4302,0.6350,0.5695,0.0574,0.0164,0.1557,0.0410,0.5740,0.6935,0.6540,0.1195,-0.0395,31.32,-5.74,168.4,177.8,1.122,0.200,1.969
1791428170.7028718,0.6350,0.7006,0.7006,0.4302,0.5695,0.7538,0.7538,0.4302,0.4998,0.2991,0.3646,0.6350,0.5695,0.0737,0.0369,0.2458,0.0737,0.5790,0.6955,0.6510,0.1165,-0.0445,31.28,-5.86,168.4,177.1,0.995,0.198,1.877
1791428170.7349632,0.5695,0.6350,0.5695,0.4302,0.4998,0.5695,0.6350,0.6350,0.7538,0.4302,0.3646,0.5695,0.5695,0.0574,0.0246,0.1229,0.0369,0.5750,0.6980,0.6520,0.1230,-0.0460,31.32,-5.91,168.7,177.4,1.072,0.199,1.921
1791428170.7647913,0.4302,0.6350,0.5695,0.7006,0.6350,0.6350,0.7006,0.6350,0.4998,0.3646,0.3646,0.4998,0.4998,0.0369,0.0123,0.0942,0.0369,0.5760,0.6920,,0.1160,,30.91,-5.84,168.9,177.2,0.998,0.200,1.861
1791428170.7975178,0.8030,0.8440,0.5695,0.6350,0.5695,0.8030,0.7538,0.6350,0.5695,0.4302,0.4302,0.5695,0.4998,0.0369,0.0410,0.0942,0.0942,0.5730,0.6950,,0.1220,,30.94,-5.75,168.9,176.7,1.108,0.201,1.946
1791428170.8309283,0.8440,0.8767,0.4998,0.4998,0.5695,0.7006,0.7006,0.5695,0.6350,0.4302,0.4998,0.7006,0.4998,0.0737,0.0246,0.1229,0.0574,0.5720,0.6985,,0.1265,,31.91,-5.92,168.3,177.3,0.966,0.195,1.681
1791428170.8644838,0.6350,0.8030,0.4302,0.4998,0.6350,0.7006,0.7006,0.6350,0.6350,0.4302,0.4998,0.5695,0.5695,0.0942,0.0246,0.1966,0.0410,0.5760,0.6965,0.6550,0.1205,-0.0415,32.25,-5.93,168.5,177.0,0.992,0.192,1.758
1791428170.8974893,0.5695,0.8440,0.5695,0.6350,0.5695,0.4998,0.7006,0.4302,0.5695,0.3646,0.3646,0.5695,0.4998,0.1229,0.0410,0.1557,0.0410,0.5800,0.6990,,0.1190,,32.51,-6.05,168.8,176.6,0.988,0.190,1.771
1791428170.9400904,0.6350,0.8767,0.6350,0.6350,0.7538,0.8440,0.8030,0.5695,0.5695,0.4302,0.3646,0.5695,0.4998,0.0574,0.0574,0.0410,0.0369,0.5750,0.6975,,0.1225,,32.90,-6.04,169.2,175.9,1.050,0.187,1.836
1791428170.9708886,0.6350,0.6350,0.6350,0.6350,0.6350,0.6350,0.5695,0.6350,0.5695,0.2991,0.4302,0.5695,0.5695,0.0942,0.0123,0.1557,0.0574,0.5750,0.6975,0.6580,0.1225,-0.0395,33.18,-5.95,169.3,176.3,1.010,0.186,1.750
1791428171.0025504,0.6350,0.6350,0.6350,0.6350,0.6350,0.6350,0.7006,0.7538,0.5695,0.1966,0.3646,0.6350,0.5695,0.0942,0.0369,0.0942,0.0369,0.5770,0.6965,0.6570,0.1195,-0.0395,33.03,-5.88,168.9,176.4,1.010,0.186,1.795
1791428171.0338695,0.5695,0.8440,0.4302,0.6350,0.5695,0.5695,0.6350,0.4998,0.6350,0.2991,0.4302,0.4998,0.5695,0.0410,0.0164,0.1229,0.0574,0.5730,0.6975,,0.1245,,33.26,-5.84,168.5,176.7,1.065,0.186,1.908
1791428171.0650587,0.4998,0.8440,0.7006,0.4302,0.5695,0.7006,0.7538,0.5695,0.7538,0.4998,0.4302,0.5695,0.5695,0.0942,0.0410,0.1557,0.0410,0.5790,0.6995,0.6510,0.1205,-0.0485,33.44,-6.02,168.4,177.1,1.027,0.184,1.803
1791428171.0979974,0.6350,0.9054,0.6350,0.5695,0.5695,0.7538,0.7006,0.5695,0.7538,0.3646,0.3646,0.5695,0.4998,0.0369,0.0369,0.1229,0.0737,0.5730,0.6940,,0.1210,,33.15,-5.87,168.7,178.1,1.071,0.186,1.872
1791428171.131524,0.7006,0.8767,0.4302,0.4998,0.6350,0.7538,0.7538,0.8440,0.4302,0.2458,0.4302,0.5695,0.4302,0.0369,0.0246,0.1229,0.0369,0.5770,0.6980,,0.1210,,33.40,-5.93,168.3,177.9,1.016,0.184,1.784
1791428171.16395,0.8440,0.9054,0.6350,0.5695,0.5695,0.8440,0.7006,0.4998,0.4998,0.3646,0.4998,0.5695,0.4998,0.1229,0.0246,0.1557,0.0369,0.5720,0.6995,,0.1275,,33.93,-5.98,167.9,177.8,1.045,0.182,1.760
1791428171.198263,0.5695,0.8030,0.5695,0.5695,0.5695,0.8030,0.5695,0.6350,0.6350,0.4302,0.4998,0.5695,0.5695,0.0737,0.0410,0.1557,0.0574,0.5770,0.6970,0.6560,0.1200,-0.0410,33.44,-5.93,166.4,177.3,1.020,0.185,1.814
1791428171.2395685,0.5695,0.8030,0.6350,0.7006,0.5695,0.8030,0.7006,0.4998,0.6350,0.2991,0.4302,0.6350,0.5695,0.0942,0.0205,0.1557,0.0369,0.5760,0.6985,0.6550,0.1225,-0.0435,33.87,-5.92,166.9,177.6,1.057,0.182,1.825
1791428171.2713175,0.8030,0.6350,0.8030,0.4998,0.6350,0.8030,0.8030,0.5695,0.4302,0.1966,0.5695,0.6350,0.4998,0.0942,0.0205,0.1966,0.0410,0.5740,0.6990,,0.1250,,33.83,-6.02,167.8,177.4,0.979,0.183,1.741
1791428171.302432,0.5695,0.7538,0.4998,0.5695,0.4998,0.8030,0.6350,0.4302,0.6350,0.3646,0.3646,0.5695,0.5695,0.0737,0.0369,0.0942,0.0369,0.5750,0.7000,0.6550,0.1250,-0.0450,34.13,-6.13,168.1,177.2,0.977,0.182,1.679
1791428171.3353524,0.6350,0.8440,0.6350,0.5695,0.5695,0.8440,0.7538,0.6350,0.7538,0.2991,0.3646,0.5695,0.4998,0.0737,0.0246,0.0942,0.0369,0.5720,0.6960,,0.1240,,33.89,-6.02,167.4,176.8,1.052,0.184,1.856
1791428171.3659327,0.6350,0.8440,0.8767,0.6350,0.6350,0.6350,0.7006,0.6350,0.6350,0.4998,0.2991,0.6350,0.5695,0.0574,0.0410,0.1229,0.0410,0.5780,0.6960,0.6520,0.1180,-0.0440,33.60,-6.02,167.8,177.4,1.043,0.184,1.854
1791428171.397828,0.7006,0.7006,0.7006,0.6350,0.5695,0.6350,0.7538,0.7538,0.7538,0.4302,0.4998,0.5695,0.4998,0.0410,0.0369,0.1229,0.0369,0.5750,0.6990,,0.1240,,33.75,-6.11,168.2,176.9,0.989,0.184,1.759
1791428171.4320996,0.7006,0.5695,0.7538,0.5695,0.7538,0.7538,0.7538,0.7006,0.7006,0.2991,0.4302,0.6350,0.4998,0.0942,0.0246,0.1229,0.0246,0.5720,0.6975,,0.1255,,33.46,-6.09,168.0,176.1,1.029,0.186,1.908
1791428171.4650786,0.7006,0.6350,0.6350,0.6350,0.6350,0.9054,0.4998,0.5695,0.4302,0.4302,0.4302,0.6350,0.5695,0.0737,0.0574,0.0942,0.0410,0.5720,0.6950,0.6550,0.1230,-0.0400,33.19,-5.93,168.4,176.6,1.069,0.188,1.876
1791428171.4986093,0.5695,0.8030,0.7006,0.5695,0.7006,0.7538,0.7006,0.5695,0.7006,0.2991,0.4302,0.6350,0.5695,0.1229,0.0410,0.0942,0.0574,0.5790,0.6975,0.6530,0.1185,-0.0445,33.02,-6.03,167.4,176.8,0.988,0.188,1.801
1791428171.5394776,0.6350,0.7538,0.4302,0.4302,0.5695,0.8440,0.6350,0.6350,0.8030,0.2991,0.5695,0.6350,0.5695,0.0574,0.0410,0.1557,0.0369,0.5720,0.6960,0.6550,0.1240,-0.0410,32.82,-5.84,167.3,176.2,1.136,0.190,1.994
1791428171.5714958,0.5695,0.7538,0.5695,0.7006,0.5695,0.8030,0.7006,0.6350,0.5695,0.1966,0.4302,0.5695,0.4998,0.0737,0.0410,0.1229,0.0369,0.5720,0.6930,,0.1210,,32.18,-5.66,167.5,176.0,1.108,0.194,2.044
1791428171.6037836,0.7006,0.7006,0.5695,0.5695,0.4998,0.6350,0.8030,0.5695,0.7538,0.3646,0.3646,0.6350,0.5695,0.0574,0.0410,0.0942,0.0410,0.5720,0.6935,0.6530,0.1215,-0.0405,32.33,-5.71,166.9,175.5,0.980,0.193,1.722
1791428171.6348646,0.4998,0.7538,0.5695,0.5695,0.5695,0.7538,0.7538,0.4302,0.6350,0.3646,0.4302,0.6350,0.5695,0.0410,0.0574,0.1229,0.0574,0.5790,0.6970,0.6530,0.1180,-0.0440,31.89,-5.77,167.0,174.9,1.046,0.195,1.828
1791428171.666923,0.4998,0.8030,0.5695,0.5695,0.6350,0.7006,0.6350,0.5695,0.6350,0.2458,0.5695,0.6350,0.5695,0.1229,0.0410,0.1229,0.0737,0.5720,0.6960,0.6530,0.1240,-0.0430,32.31,-5.83,166.4,175.1,1.007,0.193,1.739
1791428171.697677,0.6350,0.8440,0.4998,0.5695,0.7006,0.8440,0.6350,0.7006,0.7538,0.4302,0.3646,0.6350,0.4998,0.0574,0.0369,0.0737,0.0574,0.5720,0.6990,,0.1270,,32.94,-6.00,166.9,175.3,0.962,0.190,1.681
1791428171.7312667,0.5695,0.8440,0.4998,0.5695,0.5695,0.8030,0.8767,0.8440,0.5695,0.4302,0.4302,0.5695,0.4998,0.0942,0.0246,0.1229,0.0369,0.5770,0.6980,,0.1210,,32.67,-6.03,167.3,174.9,1.026,0.191,1.793
1791428171.763785,0.5695,0.7006,0.7006,0.6350,0.6350,0.7006,0.6350,0.5695,0.5695,0.4302,0.6350,0.4998,0.5695,0.0942,0.0369,0.1229,0.0574,0.5720,0.6985,,0.1265,,33.27,-6.13,167.9,174.9,0.979,0.188,1.765
1791428171.7974868,0.5695,0.7006,0.4302,0.6350,0.7006,0.7538,0.7006,0.6350,0.4998,0.2458,0.4998,0.6350,0.4998,0.0942,0.0410,0.1557,0.0410,0.5720,0.6975,,0.1255,,33.09,-6.09,168.5,175.4,1.055,0.190,1.868
1791428171.8319683,0.4998,0.7538,0.4998,0.6350,0.6350,0.8767,0.7006,0.7006,0.7538,0.4302,0.3646,0.6350,0.5695,0.1229,0.0369,0.1229,0.0369,0.5720,0.6995,0.6580,0.1275,-0.0415,33.38,-6.03,168.7,175.6,1.024,0.189,1.805
1791428171.8743103,0.5695,0.7538,0.6350,0.4998,0.5695,0.7538,0.6350,0.6350,0.7538,0.3646,0.4302,0.7006,0.4998,0.1229,0.0369,0.0942,0.0369,0.5720,0.6950,,0.1230,,33.14,-5.90,168.9,176.3,1.072,0.190,1.865
1791428171.9022791,0.5695,0.8440,0.5695,0.4302,0.5695,0.7538,0.7538,0.8030,0.7006,0.1966,0.3646,0.5695,0.5695,0.0205,0.0246,0.0942,0.0410,0.5740,0.6960,0.6520,0.1220,-0.0440,32.85,-5.91,169.4,175.3,1.054,0.192,1.890
1791428171.9322677,0.5695,0.8440,0.5695,0.4998,0.4998,0.9054,0.7006,0.7006,0.6350,0.4302,0.4998,0.4998,0.6350,0.0574,0.0369,0.1557,0.0410,0.5720,0.6985,,0.1265,,33.03,-5.94,169.3,175.0,1.048,0.191,1.825
1791428171.9648604,0.7006,0.5695,0.7538,0.5695,0.6350,0.8440,0.6350,0.6350,0.5695,0.1966,0.4302,0.6350,0.4998,0.0737,0.0410,0.0942,0.0574,0.5720,0.6935,,0.1215,,32.80,-5.88,169.2,175.0,1.003,0.192,1.851
1791428171.9976692,0.5695,0.7006,0.6350,0.4998,0.6350,0.8440,0.7538,0.6350,0.5695,0.3646,0.4302,0.4998,0.5695,0.0246,0.0369,0.1229,0.0410,0.5720,0.7000,,0.1280,,33.18,-6.04,169.5,174.3,0.972,0.191,1.757
1791428172.0346246,0.5695,0.5695,0.6350,0.4302,0.5695,0.6350,0.5695,0.6350,0.5695,0.2458,0.2991,0.5695,0.4998,0.0737,0.0410,0.0942,0.0369,0.5720,0.6970,,0.1250,,33.35,-6.04,168.6,174.4,1.016,0.189,
1791428172.0663085,0.4998,0.8030,0.8030,0.4998,0.6350,0.4998,0.6350,0.6350,0.6350,0.2991,0.4302,0.5695,0.4998,0.0737,0.0410,0.0737,0.0574,0.5720,0.6960,,0.1240,,33.22,-5.99,167.9,174.0,1.040,0.190,1.858
1791428172.0973244,0.7538,0.7006,0.7538,0.4998,0.6350,0.7538,0.8030,0.7006,0.6350,0.1557,0.4302,0.4998,0.5695,0.0942,0.0246,0.1229,0.0410,0.5720,0.6990,,0.1270,,33.23,-6.04,167.3,173.8,1.027,0.191,1.865
1791428172.13208,0.5695,0.7006,0.7006,0.6350,0.5695,0.4998,0.7538,0.4998,0.5695,0.4998,0.4998,0.5695,0.4998,0.0246,0.0205,0.0942,0.0369,0.5720,0.6950,,0.1230,,32.68,-5.91,167.7,174.2,1.080,0.194,1.888
1791428172.1645534,0.7006,0.7538,0.6350,0.5695,0.7006,0.8030,0.7006,0.4998,0.7538,0.3646,0.2991,0.6350,0.5695,0.0737,0.0246,0.0737,0.0737,0.5730,0.6985,0.6530,0.1255,-0.0455,32.96,-6.01,168.4,174.1,1.012,0.192,1.828
1791428172.1986768,0.8030,0.7006,0.7538,0.7006,0.5695,0.6350,0.6350,0.7538,0.6350,0.4302,0.3646,0.5695,0.4302,0.0737,0.0246,0.0737,0.0369,0.5720,0.6920,,0.1200,,32.53,-5.84,168.5,173.1,1.051,0.194,1.861
1791428172.230776,0.6350,0.7538,0.7006,0.4998,0.6350,0.7006,0.7538,0.4998,0.7006,0.1966,0.2991,0.4998,0.4302,0.0410,0.0410,0.0942,0.0369,0.5710,0.6980,,0.1270,,32.87,-5.91,167.8,172.8,1.018,0.193,
1791428172.2642138,0.5695,0.6350,0.8440,0.5695,0.6350,0.6350,0.6350,0.5695,0.5695,0.2991,0.3646,0.5695,0.6350,0.0410,0.0246,0.0942,0.0410,0.5810,0.6940,0.6530,0.1130,-0.0410,32.14,-5.81,168.0,172.6,1.083,0.194,2.019
1791428172.3036978,0.5695,0.8767,0.9054,0.4302,0.5695,0.8030,0.4998,0.5695,0.6350,0.4302,0.2991,0.6350,0.5695,0.0942,0.0410,0.0942,0.0410,0.5720,0.6980,0.6610,0.1260,-0.0370,32.52,-5.63,168.0,172.8,1.066,0.193,1.811
1791428172.335659,0.6350,0.8440,0.4998,0.4998,0.5695,0.4302,0.8030,0.6350,0.7006,0.1557,0.4302,0.6350,0.4998,0.0205,0.0369,0.0942,0.0410,0.5720,0.6950,,0.1230,,32.14,-5.54,167.4,173.0,1.102,0.196,1.969
1791428172.3658512,0.4998,0.8767,0.9054,0.3646,0.7006,0.7538,0.5695,0.6350,0.5695,0.2991,0.2458,0.4998,0.4998,0.1557,0.0205,0.1229,0.0410,0.5710,0.6980,,0.1270,,32.54,-5.60,167.7,172.8,1.042,0.194,
1791428172.3981516,0.5695,0.8440,0.7006,0.6350,0.4998,0.7538,0.8767,0.7006,0.4998,0.4302,0.3646,0.4998,0.5695,0.0574,0.0410,0.1229,0.0574,0.5710,0.6970,,0.1260,,32.99,-5.67,168.0,173.6,1.001,0.191,1.757
1791428172.4322166,0.6350,0.7006,0.6350,0.6350,0.7006,0.7538,0.7006,0.6350,0.6350,0.3646,0.2458,0.5695,0.4998,0.0410,0.0246,0.0410,0.0574,0.5710,0.6925,,0.1215,,32.78,-5.49,168.2,173.4,1.113,0.192,1.938
1791428172.4658356,0.6350,0.7538,0.7006,0.5695,0.6350,0.8030,0.6350,0.4998,0.7006,0.2991,0.2991,0.5695,0.5695,0.0942,0.0205,0.1229,0.0369,0.5710,0.6965,0.6540,0.1255,-0.0425,33.16,-5.56,168.4,173.1,1.039,0.190,
1791428172.498761,0.8440,0.8030,0.8767,0.6350,0.4998,0.7538,0.8440,0.5695,0.8030,0.4302,0.4998,0.6350,0.5695,0.0410,0.0410,0.1966,0.0410,0.5780,0.6945,0.6500,0.1165,-0.0445,32.49,-5.65,168.3,173.5,1.054,0.192,1.882
1791428172.5329776,0.4302,0.7538,0.7538,0.4998,0.6350,0.8767,0.7538,0.6350,0.5695,0.3646,0.3646,0.6350,0.6350,0.0246,0.0164,0.0737,0.0410,0.5710,0.6945,0.6530,0.1235,-0.0415,32.90,-5.71,168.4,174.3,0.997,0.190,1.743
1791428172.5652401,0.4302,0.7538,0.7006,0.6350,0.5695,0.6350,0.5695,0.7538,0.7006,0.4302,0.4302,0.5695,0.5695,0.0737,0.0410,0.1966,0.0737,0.5710,0.6970,0.6550,0.1260,-0.0420,33.27,-5.78,168.2,174.4,0.982,0.188,1.688
1791428172.598262,0.4302,0.7006,0.6350,0.7006,0.4998,0.7538,0.7006,0.5695,0.5695,0.2458,0.3646,0.5695,0.4998,0.0942,0.0410,0.1557,0.0410,0.5700,0.6945,,0.1245,,33.32,-5.78,168.2,175.6,1.006,0.188,1.788
1791428172.6314776,0.5695,0.8440,0.6350,0.6350,0.4998,0.7006,0.8030,0.2991,0.4998,0.4302,0.4998,0.6350,0.5695,0.0574,0.0369,0.0942,0.0574,0.5700,0.6950,0.6550,0.1250,-0.0400,33.25,-5.70,168.7,175.0,1.056,0.189,1.861
1791428172.6723044,0.6350,0.8030,0.7006,0.4302,0.7538,0.5695,0.7538,0.7538,0.7538,0.4302,0.5695,0.6350,0.5695,0.0410,0.0369,0.0737,0.0574,0.5710,0.6965,0.6520,0.1255,-0.0445,33.81,-5.79,168.7,175.4,1.033,0.185,1.799
1791428172.7040327,0.6350,0.7538,0.7006,0.6350,0.7006,0.6350,0.6350,0.5695,0.4998,0.2991,0.4302,0.5695,0.5695,0.0574,0.0410,0.1557,0.0737,0.5730,0.6985,0.6510,0.1255,-0.0475,34.49,-5.96,168.9,175.8,1.022,0.181,1.735
1791428172.7355294,0.6350,0.7006,0.8767,0.6350,0.7006,0.6350,0.6350,0.7538,0.6350,0.2991,0.3646,0.5695,0.5695,0.0737,0.0246,0.0574,0.0410,0.5720,0.6970,0.6520,0.1250,-0.0450,34.83,-6.00,169.0,176.2,1.045,0.179,1.743
1791428172.76812,0.5695,0.6350,0.8030,0.4998,0.6350,0.8440,0.8030,0.6350,0.6350,0.4302,0.2991,0.5695,0.4998,0.0737,0.0410,0.0942,0.0369,0.5700,0.6890,,0.1190,,33.93,-5.66,168.8,175.6,1.151,0.184,1.945
1791428172.7989812,0.7538,0.3646,0.8030,0.4998,0.7538,0.8030,0.4998,0.7538,0.5695,0.4302,0.4302,0.5695,0.5695,0.0942,0.0205,0.1229,0.0410,0.5690,0.6995,0.6500,0.1305,-0.0495,34.63,-5.84,169.0,175.5,1.079,0.181,1.809
1791428172.8321002,0.4998,0.4998,0.6350,0.4998,0.6350,0.7538,0.8030,0.4998,0.6350,0.3646,0.5695,0.5695,0.6350,0.0410,0.0410,0.0574,0.0246,0.5670,0.6925,0.6530,0.1255,-0.0395,34.33,-5.78,169.0,176.6,1.025,0.183,1.776
1791428172.8648965,0.5695,0.7006,0.7538,0.6350,0.5695,0.7006,0.8030,0.7538,0.4998,0.3646,0.4302,0.5695,0.5695,0.0574,0.0164,0.0942,0.0410,0.5670,0.6980,0.6480,0.1310,-0.0500,34.87,-6.01,168.9,176.8,1.025,0.181,1.761
1791428172.8987298,0.4302,0.8767,0.8030,0.6350,0.6350,0.7006,0.6350,0.6350,0.6350,0.2991,0.4302,0.5695,0.5695,0.0410,0.0369,0.0737,0.0410,0.5670,0.6945,0.6480,0.1275,-0.0465,34.88,-6.09,168.9,176.7,1.032,0.181,1.797
1791428172.9320579,0.4998,0.8440,0.6350,0.5695,0.4998,0.8440,0.5695,0.5695,0.4302,0.1966,0.4998,0.5695,0.4998,0.0737,0.0410,0.0942,0.0574,0.5680,0.6985,,0.1305,,35.50,-6.23,168.5,176.8,0.994,0.178,1.760
1791428172.9651833,0.6350,0.5695,0.8030,0.4302,0.4998,0.7006,0.8030,0.7006,0.6350,0.2458,0.4998,0.5695,0.4998,0.0246,0.0123,0.1557,0.0574,0.5670,0.6975,,0.1305,,35.62,-6.28,167.5,176.6,1.030,0.179,1.808
1791428173.006124,0.7006,0.8767,0.9054,0.6350,0.7006,0.7006,0.4998,0.7006,0.7006,0.2991,0.3646,0.7006,0.4998,0.0737,0.0574,0.0942,0.0574,0.5680,0.6965,,0.1285,,35.84,-6.32,167.9,176.3,1.005,0.177,1.758
1791428173.0377028,0.4302,0.7538,0.8030,0.5695,0.5695,0.7538,0.7006,0.7006,0.4998,0.3646,0.2991,0.4998,0.5695,0.0737,0.0410,0.1229,0.0410,0.5670,0.6945,,0.1275,,35.40,-6.23,168.1,175.3,1.052,0.180,1.802
1791428173.0701756,0.4302,0.6350,0.7538,0.5695,0.6350,0.7006,0.8030,0.7538,0.7538,0.2458,0.2991,0.5695,0.5695,0.0574,0.0246,0.0737,0.0574,0.5670,0.6925,0.6500,0.1255,-0.0425,35.17,-6.15,168.2,174.9,1.042,0.181,
1791428173.100471,0.6350,0.7538,0.7006,0.7006,0.6350,0.7006,0.7538,0.4998,0.5695,0.4302,0.3646,0.6350,0.4998,0.0737,0.0369,0.0737,0.0574,0.5720,0.6920,,0.1200,,35.00,-6.01,168.3,175.7,1.078,0.180,1.814
1791428173.1330862,0.6350,0.8030,0.5695,0.6350,0.6350,0.7006,0.6350,0.7006,0.5695,0.3646,0.5695,0.6350,0.5695,0.0574,0.0410,0.1229,0.0410,0.5690,0.6945,0.6540,0.1255,-0.0405,34.99,-5.91,168.3,175.7,1.049,0.180,1.751
1791428173.165492,0.6350,0.7006,0.8440,0.6350,0.4998,0.7538,0.6350,0.6350,0.4998,0.3646,0.4302,0.5695,0.5695,0.0369,0.0123,0.1229,0.0410,0.5680,0.6890,0.6520,0.1210,-0.0370,34.33,-5.76,167.9,176.1,1.028,0.183,1.834
1791428173.1994612,0.6350,0.4998,0.7538,0.7006,0.4302,0.5695,0.7006,0.6350,0.7006,0.1966,0.3646,0.7006,0.5695,0.0410,0.0574,0.0737,0.0369,0.5670,0.6935,0.6520,0.1265,-0.0415,34.09,-5.67,168.2,176.2,1.109,0.185,1.907
1791428173.2331793,0.6350,0.7538,0.7006,0.7006,0.6350,0.8030,0.5695,0.7006,0.7006,0.2991,0.4302,0.5695,0.5695,0.0574,0.0205,0.0737,0.0574,0.5690,0.6955,0.6490,0.1265,-0.0465,34.35,-5.88,168.0,176.1,0.982,0.184,1.732
1791428173.2658613,0.8440,0.5695,0.7006,0.5695,0.4998,0.6350,0.7006,0.5695,0.6350,0.2991,0.4302,0.5695,0.3646,0.0574,0.0369,0.0942,0.0410,0.5680,0.6940,,0.1260,,34.38,-5.83,168.1,175.5,1.086,0.184,1.884
1791428173.3058157,0.4302,0.7538,0.7006,0.7006,0.5695,0.7006,0.7006,0.7006,0.5695,0.3646,0.3646,0.4998,0.5695,0.1229,0.0246,0.0246,0.0410,0.5690,0.6945,,0.1255,,34.28,-5.89,168.1,176.1,1.012,0.184,1.776
1791428173.337865,0.2991,0.7538,0.9054,0.5695,0.5695,0.8030,0.7006,0.5695,0.7538,0.2458,0.4302,0.5695,0.4998,0.0574,0.0246,0.1229,0.0123,,0.6945,,,,34.28,-5.89,168.0,176.0,1.031,0.184,
1791428173.3680882,0.4302,0.5695,0.4302,0.5695,0.8030,0.8030,0.7006,0.7538,0.6350,0.2991,0.4302,0.5695,0.5695,0.0410,0.0164,0.0942,0.0410,0.5690,0.6935,0.6520,0.1245,-0.0415,34.04,-5.81,168.1,175.9,1.070,0.186,1.840
1791428173.4002683,0.6350,0.7538,0.5695,0.7006,0.4998,0.8030,0.7006,0.6350,0.7006,0.4302,0.4302,0.6350,0.5695,0.0410,0.0369,0.0574,0.0369,0.5690,0.6940,0.6500,0.1250,-0.0440,33.76,-5.84,168.1,177.5,1.053,0.187,1.758
1791428173.4327106,0.4302,0.8030,0.4302,0.4998,0.7006,0.7538,0.7538,0.7538,0.5695,0.2991,0.2458,0.5695,0.5695,0.0246,0.0164,0.1229,0.0410,0.5690,0.6935,0.6530,0.1245,-0.0405,33.83,-5.76,168.4,177.5,1.069,0.187,
1791428173.4664328,0.7006,0.7538,0.6350,0.5695,0.4998,0.7538,0.7538,0.4998,0.5695,0.3646,0.4998,0.6350,0.4998,0.0942,0.0369,0.1557,0.0369,0.5690,0.6940,,0.1250,,34.02,-5.82,168.2,176.5,0.999,0.185,1.731
1791428173.5001328,0.4998,0.7538,0.7538,0.6350,0.7006,0.8440,0.7006,0.7538,0.6350,0.2991,0.4302,0.6350,0.5695,0.0574,0.0246,0.1557,0.0410,0.5700,0.6915,0.6570,0.1215,-0.0345,33.47,-5.55,168.4,175.5,1.095,0.188,1.930
1791428173.5323415,0.6350,0.8767,0.6350,0.5695,0.7006,0.7538,0.8440,0.4998,0.7006,0.4302,0.4302,0.6350,0.4998,0.0369,0.0369,0.0410,0.0246,0.5700,0.6950,,0.1250,,33.45,-5.63,168.4,174.9,1.019,0.188,1.827
1791428173.5661504,0.5695,0.8030,0.6350,0.6350,0.6350,0.4302,0.6350,0.4998,0.7006,0.3646,0.4302,0.6350,0.4998,0.0410,0.0205,0.0574,0.0369,0.5700,0.6935,,0.1235,,33.20,-5.54,168.6,175.2,1.119,0.190,1.878
1791428173.6064954,0.6350,0.8030,0.8767,0.4998,0.5695,0.7538,0.6350,0.7006,0.4998,0.4302,0.4302,0.5695,0.5695,0.0737,0.0410,0.1229,0.0410,0.5700,0.6920,0.6530,0.1220,-0.0390,33.07,-5.51,168.1,175.7,1.034,0.190,1.807
1791428173.6397166,0.4998,0.8030,0.5695,0.4998,0.5695,0.7006,0.9054,0.5695,0.7538,0.5695,0.3646,0.5695,0.6350,0.0574,0.0410,0.0737,0.0574,0.5700,0.6960,0.6520,0.1260,-0.0440,33.32,-5.59,168.1,176.3,1.067,0.189,1.804
1791428173.6711552,0.4998,0.7006,0.5695,0.5695,0.4998,0.8440,0.5695,0.7538,0.6350,0.2991,0.3646,0.5695,0.5695,0.0942,0.0369,0.0574,0.0574,0.5700,0.6900,0.6540,0.1200,-0.0360,32.91,-5.39,167.7,176.2,1.114,0.191,1.946
1791428173.7018356,0.7006,0.6350,0.8440,0.4998,0.5695,0.8030,0.6350,0.7006,0.7538,0.4302,0.4302,0.6350,0.5695,0.0369,0.0410,0.1966,0.0369,0.5700,0.6920,0.6520,0.1220,-0.0400,32.86,-5.36,167.9,175.1,1.087,0.191,1.870
1791428173.733922,0.4998,0.7006,0.8440,0.6350,0.4302,0.8767,0.7006,0.3646,0.8030,0.3646,0.2991,0.5695,0.4998,0.0574,0.0205,0.0574,0.0369,0.5700,0.6935,,0.1235,,32.84,-5.38,168.3,174.9,1.073,0.191,1.939
1791428173.7672875,0.7538,0.8440,0.5695,0.3646,0.7006,0.8030,0.8030,0.6350,0.6350,0.2458,0.5695,0.6350,0.5695,0.0574,0.0369,0.1229,0.0205,0.5700,0.6935,0.6510,0.1235,-0.0425,32.87,-5.45,168.2,175.2,1.060,0.191,1.790
1791428173.800031,0.5695,0.7006,0.6350,0.7006,0.5695,0.8767,0.6350,0.7006,0.6350,0.1557,0.4302,0.5695,0.5695,0.1229,0.0369,0.1229,0.0574,0.5700,0.6955,0.6550,0.1255,-0.0405,33.29,-5.47,168.2,175.6,1.034,0.188,1.778
1791428173.834318,0.5695,0.7006,0.8440,0.5695,0.6350,0.4302,0.7006,0.7006,0.4998,0.4998,0.4998,0.5695,0.5695,0.0574,0.0205,0.0574,0.0410,0.5700,0.6925,0.6540,0.1225,-0.0385,33.23,-5.38,168.2,176.2,1.096,0.188,1.860
1791428173.866858,0.5695,0.8030,0.6350,0.4998,0.4998,0.5695,0.6350,0.6350,0.5695,0.2458,0.4302,0.5695,0.6350,0.0737,0.0369,0.0942,0.0410,0.5700,0.6925,0.6540,0.1225,-0.0385,33.19,-5.31,168.6,176.8,1.096,0.188,1.892
1791428173.899582,0.5695,0.7538,0.7006,0.6350,0.4302,0.7006,0.7538,0.4998,0.7006,0.2458,0.5695,0.5695,0.4998,0.0574,0.0410,0.1229,0.0369,0.5700,0.6900,,0.1200,,32.91,-5.22,168.1,176.6,1.077,0.189,1.891
1791428173.9397712,0.5695,0.8767,0.7538,0.6350,0.7006,0.6350,0.7006,0.5695,0.7006,0.1966,0.3646,0.6350,0.5695,0.0574,0.0369,0.0942,0.0410,0.5700,0.6925,0.6610,0.1225,-0.0315,32.45,-4.97,167.9,176.1,1.127,0.193,1.922
1791428173.970853,0.3646,0.7538,0.6350,0.7538,0.7006,0.7006,0.7538,0.6350,0.7006,0.2991,0.3646,0.5695,0.4998,0.0574,0.0369,0.0737,0.0369,0.5700,0.6905,,0.1205,,32.19,-4.90,167.8,176.1,1.100,0.194,1.931
1791428174.0034683,0.4998,0.7006,0.8767,0.7006,0.5695,0.7006,0.8440,0.6350,0.7006,0.2991,0.3646,0.6350,0.4302,0.0410,0.0205,0.0942,0.0410,0.5700,0.6940,,0.1240,,32.39,-5.00,167.6,176.1,1.031,0.193,1.802
1791428174.0347342,0.4998,0.7006,0.6350,0.6350,0.5695,0.4302,0.8030,0.6350,0.4302,0.3646,0.4302,0.5695,0.5695,0.0410,0.0410,0.0574,0.0737,0.5700,0.6925,0.6570,0.1225,-0.0355,32.43,-4.91,166.3,175.0,1.109,0.193,1.906
1791428174.0661957,0.8030,0.8030,0.4998,0.5695,0.6350,0.7538,0.4998,0.7006,0.6350,0.4998,0.4998,0.5695,0.4302,0.0737,0.0410,0.0737,0.0246,0.5700,0.6935,,0.1235,,32.80,-4.97,166.9,175.0,1.055,0.190,1.799
1791428174.1010668,0.7006,0.8030,0.8030,0.4998,0.5695,0.5695,0.7006,0.4998,0.6350,0.4302,0.2991,0.6350,0.6350,0.0942,0.0246,0.0737,0.0410,0.5700,0.6945,0.6510,0.1245,-0.0435,33.21,-5.14,167.4,175.1,1.059,0.188,1.777
1791428174.134418,0.8030,0.7538,0.7538,0.6350,0.4998,0.5695,0.8440,0.7006,0.6350,0.3646,0.4302,0.6350,0.5695,0.0574,0.0205,0.1229,0.0205,0.5700,0.6940,0.6510,0.1240,-0.0430,33.33,-5.30,167.8,175.1,1.028,0.187,1.752
1791428174.168052,0.4302,0.8030,0.4302,0.7006,0.5695,0.8030,0.7538,0.6350,0.7006,0.3646,0.4998,0.6350,0.6350,0.0369,0.0410,0.1229,0.0246,0.5700,0.6930,0.6500,0.1230,-0.0430,33.04,-5.39,168.1,175.2,1.068,0.189,1.883
1791428174.2011514,0.4998,0.8030,0.5695,0.4998,0.7006,0.7538,0.5695,0.6350,0.4998,0.4302,0.4302,0.7006,0.4302,0.0410,0.0246,0.0737,0.0410,0.5690,0.6950,,0.1260,,33.64,-5.48,168.0,175.3,1.022,0.186,1.703
1791428174.2423253,0.4302,0.8030,0.5695,0.7006,0.6350,0.6350,0.6350,0.8030,0.7006,0.3646,0.4302,0.5695,0.5695,0.0410,0.0574,0.0737,0.0369,0.5700,0.6930,0.6530,0.1230,-0.0400,33.45,-5.33,168.3,175.3,1.194,0.187,1.913
1791428174.2739842,0.5695,0.7006,0.6350,0.5695,0.6350,0.8440,0.7538,0.7006,0.7006,0.4998,0.2991,0.6350,0.6350,0.0942,0.0246,0.1229,0.0369,0.5700,0.6960,0.6510,0.1260,-0.0450,33.87,-5.50,168.4,175.0,1.031,0.185,1.786
1791428174.304021,0.6350,0.7538,0.6350,0.5695,0.4998,0.8030,0.7006,0.7006,0.7538,0.4998,0.4302,0.5695,0.4998,0.0205,0.0410,0.1229,0.0574,0.5700,0.6970,,0.1270,,33.99,-5.63,168.2,175.2,1.029,0.185,1.821
1791428174.3354294,0.4998,0.8030,0.5695,0.6350,0.6350,0.8030,0.8440,0.7538,0.4998,0.2991,0.3646,0.6350,0.4302,0.0123,0.0164,0.0574,0.0574,0.5700,0.6935,,0.1235,,33.82,-5.60,168.7,175.2,1.069,0.186,1.831
1791428174.3667681,0.4998,0.8440,0.6350,0.5695,0.5695,0.8030,0.6350,0.7538,0.5695,0.3646,0.3646,0.5695,0.5695,0.0737,0.0205,0.0942,0.0246,0.5700,0.6925,0.6540,0.1225,-0.0385,33.49,-5.53,168.7,175.1,1.052,0.187,1.847
1791428174.4006493,0.4998,0.8030,0.7006,0.6350,0.5695,0.3646,0.5695,0.6350,0.6350,0.3646,0.2991,0.6350,0.5695,0.0410,0.0246,0.0942,0.0410,0.5700,0.6870,0.6540,0.1170,-0.0330,32.70,-5.32,168.0,175.4,1.048,0.191,1.794
1791428174.434251,0.4302,0.7006,0.7006,0.6350,0.7006,0.5695,0.8030,0.7006,0.7006,0.3646,0.6350,0.5695,0.4998,0.0410,0.0369,0.1229,0.0574,0.5700,0.6955,,0.1255,,32.87,-5.46,168.2,175.6,1.001,0.191,1.786
1791428174.467049,0.8030,0.7538,0.8440,0.4998,0.7538,0.7538,0.5695,0.6350,0.6350,0.1229,0.4302,0.5695,0.5695,0.0574,0.0410,0.0737,0.0410,0.5700,0.6945,0.6590,0.1245,-0.0355,33.17,-5.30,167.5,176.3,1.087,0.189,1.822
1791428174.500884,0.7006,0.9054,0.4998,0.7006,0.7006,0.6350,0.7006,0.6350,0.6350,0.4302,0.1557,0.5695,0.4998,0.0410,0.0369,0.0737,0.0369,0.5700,0.6930,,0.1230,,33.30,-5.30,167.8,176.4,1.046,0.188,1.814
1791428174.5409687,0.7538,0.5695,0.7006,0.7006,0.5695,0.4998,0.7006,0.7538,0.7006,0.3646,0.3646,0.5695,0.6350,0.1229,0.0246,0.0737,0.0410,0.5700,0.6905,0.6480,0.1205,-0.0425,33.05,-5.40,167.9,176.1,1.042,0.189,1.846
1791428174.573331,0.5695,0.7006,0.8440,0.7538,0.6350,0.7538,0.7538,0.7006,0.7006,0.4302,0.4302,0.4998,0.5695,0.0574,0.0246,0.0369,0.0369,0.5700,0.6925,,0.1225,,32.76,-5.33,168.0,175.9,1.117,0.191,1.892
1791428174.604788,0.4998,0.8440,0.7006,0.4302,0.6350,0.7538,0.5695,0.5695,0.4998,0.4302,0.4998,0.6350,0.5695,0.0737,0.0164,0.1229,0.0369,0.5700,0.6945,0.6480,0.1245,-0.0465,32.78,-5.54,168.1,175.8,1.035,0.191,1.855
1791428174.635531,0.5695,0.8440,0.7006,0.6350,0.8030,0.7006,0.6350,0.6350,0.4998,0.4998,0.4998,0.4998,0.4998,0.0737,0.0246,0.0737,0.0369,0.5700,0.6965,,0.1265,,33.66,-5.69,168.4,175.9,1.006,0.186,1.696
1791428174.6685295,0.4998,0.8440,0.5695,0.4302,0.7006,0.7538,0.8030,0.6350,0.7538,0.2458,0.4302,0.6350,0.5695,0.0737,0.0369,0.1229,0.0574,0.5700,0.6930,0.6650,0.1230,-0.0280,33.10,-5.24,168.2,175.7,1.122,0.190,1.938
1791428174.7029183,0.5695,0.7006,0.6350,0.7538,0.6350,0.7538,0.4998,0.5695,0.8030,0.4302,0.3646,0.5695,0.4998,0.0574,0.0369,0.0574,0.0369,0.5700,0.6955,,0.1255,,33.24,-5.28,168.2,175.4,1.070,0.189,1.841
1791428174.7350607,0.4302,0.8030,0.7006,0.6350,0.6350,0.6350,0.6350,0.6350,0.8030,0.2991,0.4998,0.6350,0.4998,0.0369,0.0410,0.0410,0.0574,0.5700,0.6920,,0.1220,,33.28,-5.22,168.5,175.9,1.075,0.188,1.834
1791428174.7684534,0.4302,0.7006,0.5695,0.4302,0.5695,0.8030,0.6350,0.8440,0.4998,0.5695,0.4302,0.5695,0.5695,0.0737,0.0410,0.1229,0.0410,0.5700,0.6940,0.6570,0.1240,-0.0370,33.29,-5.18,168.5,175.4,1.049,0.188,1.789
1791428174.8095481,0.4998,0.7538,0.5695,0.7006,0.6350,0.7006,0.8030,0.7006,0.5695,0.2991,0.4998,0.5695,0.5695,0.0574,0.0369,0.0942,0.0574,0.5700,0.6940,0.6550,0.1240,-0.0390,33.62,-5.24,168.5,175.1,1.018,0.186,1.765
1791428174.8412201,0.6350,0.8030,0.5695,0.7006,0.5695,0.8440,0.7538,0.7006,0.7538,0.2991,0.4998,0.5695,0.4302,0.0410,0.0246,0.0246,0.0369,0.5780,0.6935,,0.1155,,33.04,-5.21,168.3,175.1,1.078,0.188,1.894
1791428174.8729937,0.6350,0.8030,0.7006,0.5695,0.8030,0.8030,0.7006,0.6350,0.6350,0.4302,0.2991,0.6350,0.4998,0.0574,0.0410,0.1229,0.0369,0.5700,0.6910,,0.1210,,33.21,-5.18,168.2,174.5,1.020,0.186,1.791
1791428174.9044125,0.4998,0.7538,0.7006,0.5695,0.5695,0.7538,0.7538,0.7538,0.4998,0.2991,0.4302,0.7006,0.5695,0.0737,0.0369,0.0737,0.0737,0.5700,0.6950,0.6510,0.1250,-0.0440,33.44,-5.36,167.7,174.4,1.032,0.185,1.796
1791428174.9353297,0.7006,0.7538,0.6350,0.5695,0.7006,0.8030,0.7538,0.5695,0.6350,0.4998,0.2991,0.5695,0.5695,0.0737,0.0205,0.1966,0.0164,0.5700,0.6945,0.6480,0.1245,-0.0465,33.60,-5.54,167.8,174.7,1.058,0.185,1.797
1791428174.9678605,0.4998,0.8030,0.7538,0.4998,0.6350,0.7006,0.8440,0.7538,0.7006,0.5695,0.2991,0.6350,0.5695,0.0737,0.0123,0.2458,0.0410,0.5700,0.6955,0.6480,0.1255,-0.0475,33.80,-5.76,167.6,175.0,1.020,0.184,1.828
1791428175.0013087,0.4998,0.5695,0.9054,0.5695,0.4302,0.7538,0.7006,0.7006,0.4998,0.4302,0.4302,0.5695,0.5695,0.0737,0.0205,0.0574,0.0205,0.5700,0.6940,0.6530,0.1240,-0.0410,34.23,-5.78,167.9,175.2,0.997,0.182,1.678
1791428175.035279,0.4998,0.8767,0.7538,0.5695,0.4998,0.5695,0.7538,0.4998,0.5695,0.3646,0.3646,0.6350,0.4998,0.0246,0.0410,0.0737,0.0369,0.5700,0.6960,,0.1260,,34.34,-5.89,168.2,175.1,0.981,0.182,1.744
1791428175.0680025,0.5695,0.8440,0.7538,0.6350,0.4998,0.8440,0.7006,0.6350,0.6350,0.2458,0.4998,0.5695,0.5695,0.0942,0.0205,0.0574,0.0410,0.5700,0.6960,0.6480,0.1260,-0.0480,34.20,-5.93,168.5,175.1,1.131,0.183,1.937
1791428175.1008976,0.7006,0.6350,0.8030,0.4998,0.4998,0.8030,0.7538,0.5695,0.7006,0.4302,0.2991,0.6350,0.5695,0.1229,0.0574,0.0737,0.0369,0.5700,0.6955,0.6530,0.1255,-0.0425,34.37,-5.91,168.7,175.3,1.035,0.182,1.759
1791428175.1442416,0.4302,0.8030,0.7006,0.6350,0.6350,0.7538,0.7538,0.4998,0.5695,0.2991,0.4302,0.5695,0.5695,0.0410,0.0246,0.0737,0.0410,0.5700,0.6940,0.6500,0.1240,-0.0440,34.09,-5.90,167.9,176.1,1.078,0.184,1.823
1791428175.173078,0.8030,0.8440,0.7006,0.4998,0.6350,0.8440,0.6350,0.8440,0.7006,0.4302,0.3646,0.6350,0.6350,0.0205,0.0164,0.0410,0.0369,0.5700,0.6930,0.6510,0.1230,-0.0420,33.94,-5.88,168.1,175.2,1.033,0.185,1.806
1791428175.204721,0.3646,0.7538,0.8440,0.4998,0.6350,0.3646,0.7538,0.6350,0.7006,0.2991,0.3646,0.6350,0.5695,0.0942,0.0205,0.0737,0.0574,0.5700,0.6930,0.6590,0.1230,-0.0340,33.72,-5.56,167.7,175.0,1.109,0.186,1.901
1791428175.2365503,0.7006,0.8767,0.8767,0.6350,0.5695,0.7538,0.8030,0.7006,0.7006,0.3646,0.3646,0.5695,0.4998,0.0737,0.0369,0.0737,0.0410,0.5700,0.6965,,0.1265,,33.73,-5.70,166.3,175.1,0.992,0.186,1.739
1791428175.2697592,0.6350,0.8030,0.7006,0.7538,0.7006,0.5695,0.6350,0.7538,0.8440,0.3646,0.4302,0.5695,0.5695,0.0574,0.0246,0.1229,0.0246,0.5700,0.6975,0.6550,0.1275,-0.0425,34.17,-5.78,166.9,175.4,0.996,0.184,1.720
1791428175.301533,0.4998,0.7538,0.7538,0.4998,0.7006,0.8440,0.6350,0.6350,0.5695,0.2458,0.5695,0.5695,0.5695,0.0942,0.0410,0.0942,0.0574,0.5700,0.6950,0.6490,0.1250,-0.0460,34.13,-5.96,166.4,175.7,0.975,0.185,1.771
1791428175.3349373,0.4998,0.7006,0.9054,0.7006,0.5695,0.5695,0.7538,0.6350,0.7006,0.3646,0.4998,0.4998,0.4998,0.0737,0.0164,0.0942,0.0369,0.5700,0.6950,,0.1250,,34.19,-5.93,167.1,175.8,1.046,0.184,1.792
1791428175.3692617,0.5695,0.8030,0.7006,0.5695,0.6350,0.7538,0.7006,0.5695,0.4998,0.2991,0.4998,0.6350,0.5695,0.0410,0.0205,0.0574,0.0410,0.5700,0.6930,0.6570,0.1230,-0.0360,33.73,-5.64,166.8,175.6,1.118,0.187,1.954
1791428175.4029381,0.4998,0.8030,0.5695,0.4302,0.5695,0.6350,0.5695,0.5695,0.7538,0.4302,0.4998,0.4998,0.6350,0.0410,0.0123,0.1229,0.0369,0.5700,0.6975,,0.1275,,34.14,-5.73,167.3,175.7,1.042,0.185,1.776
1791428175.4437006,0.4998,0.7538,0.8030,0.5695,0.4998,0.8030,0.7006,0.7538,0.5695,0.1966,0.3646,0.5695,0.4998,0.0737,0.0410,0.0942,0.0164,0.5700,0.6935,,0.1235,,34.06,-5.60,167.4,175.4,1.122,0.185,1.836
1791428175.4766374,0.4302,0.8030,0.6350,0.5695,0.5695,0.7538,0.8030,0.8030,0.7538,0.2991,0.3646,0.5695,0.5695,0.0574,0.0246,0.0410,0.0369,0.5700,0.6875,0.6600,0.1175,-0.0275,33.68,-5.23,167.0,175.4,1.046,0.185,1.808
1791428175.5064745,0.5695,0.8030,0.8030,0.4302,0.5695,0.4302,0.7006,0.7538,0.7006,0.3646,0.4302,0.5695,0.5695,0.0737,0.0574,0.1557,0.0369,0.5700,0.6920,0.6530,0.1220,-0.0390,33.40,-5.19,167.5,174.7,1.113,0.187,1.898
1791428175.5384934,0.5695,0.4998,0.7006,0.5695,0.7006,0.7006,0.5695,0.7006,0.5695,0.4302,0.4998,0.5695,0.4998,0.0410,0.0410,0.0737,0.0574,0.5700,0.6950,,0.1250,,33.57,-5.27,167.2,174.5,1.033,0.186,1.791
1791428175.5696695,0.6350,0.8767,0.7538,0.7006,0.6350,0.7538,0.8030,0.6350,0.4302,0.5695,0.4302,0.5695,0.4998,0.0410,0.0369,0.1557,0.0574,0.5700,0.6960,,0.1260,,33.84,-5.34,167.6,174.3,1.061,0.185,1.862
1791428175.6023707,0.7006,0.8030,0.7538,0.4998,0.6350,0.5695,0.6350,0.6350,0.6350,0.3646,0.3646,0.5695,0.5695,0.0574,0.0369,0.0737,0.0410,0.5700,0.6935,0.6490,0.1235,-0.0445,33.64,-5.41,167.8,175.4,1.113,0.186,1.882
1791428175.6356177,0.2991,0.8440,0.6350,0.4998,0.7538,0.6350,0.7538,0.5695,0.6350,0.4998,0.4302,0.4998,0.5695,0.0737,0.0246,0.0574,0.0369,,0.6935,,,,33.64,-5.41,168.1,175.7,1.070,0.186,
1791428175.6684668,0.5695,0.7538,0.7006,0.4998,0.5695,0.7538,0.7538,0.7006,0.4998,0.2991,0.4302,0.5695,0.4998,0.0737,0.0410,0.0942,0.0369,0.5700,0.6940,,0.1240,,33.54,-5.44,168.2,175.4,1.049,0.187,1.850
1791428175.70198,0.5695,0.6350,0.7538,0.4998,0.4998,0.7538,0.7006,0.3646,0.5695,0.4302,0.3646,0.5695,0.5695,0.0942,0.0369,0.0737,0.0574,0.5700,0.6965,0.6510,0.1265,-0.0455,33.83,-5.63,168.1,176.1,1.009,0.186,1.721
1791428175.7352867,0.5695,0.5695,0.7006,0.5695,0.7006,0.8767,0.8030,0.7006,0.7006,0.4998,0.3646,0.6350,0.5695,0.0574,0.0574,0.0574,0.0410,0.5700,0.6960,0.6490,0.1260,-0.0470,33.89,-5.77,168.4,175.8,1.061,0.186,1.886
1791428175.768345,0.6350,0.8440,0.8440,0.5695,0.7006,0.7006,0.7538,0.7006,0.4998,0.4302,0.3646,0.5695,0.5695,0.0410,0.0369,0.0942,0.0410,0.5700,0.6955,0.6500,0.1255,-0.0455,33.74,-5.83,168.2,175.2,1.069,0.187,1.862
1791428175.8078067,0.3646,0.7006,0.8440,0.5695,0.7538,0.7538,0.7538,0.7006,0.6350,0.4998,0.4998,0.5695,0.5695,0.0574,0.0164,0.0737,0.0410,0.5700,0.6960,0.6480,0.1260,-0.0480,33.86,-5.97,168.1,174.8,1.044,0.187,1.803
1791428175.8392777,0.5695,0.8767,0.7538,0.5695,0.6350,0.8767,0.8030,0.7006,0.6350,0.3646,0.4302,0.6350,0.6350,0.0574,0.0369,0.0737,0.0369,0.5700,0.6935,0.6560,0.1235,-0.0375,33.71,-5.76,168.2,175.1,1.082,0.187,1.769
1791428175.8726828,0.4998,0.7006,0.6350,0.5695,0.5695,0.4998,0.7538,0.8030,0.4302,0.4998,0.4302,0.6350,0.6350,0.0205,0.0205,0.1966,0.0369,0.5700,0.6960,0.6520,0.1260,-0.0440,33.96,-5.82,168.3,175.2,1.038,0.186,1.799
1791428175.903997,0.7006,0.7538,0.6350,0.4998,0.5695,0.9054,0.7538,0.6350,0.7006,0.2991,0.2458,0.6350,0.4998,0.0574,0.0410,0.0410,0.0410,0.5700,0.6970,,0.1270,,34.26,-5.90,168.7,175.1,1.033,0.184,
1791428175.936284,0.4998,0.7538,0.7538,0.6350,0.4302,0.6350,0.7006,0.7006,0.5695,0.4302,0.2991,0.5695,0.4998,0.1229,0.0369,0.0942,0.0410,0.5700,0.6910,,0.1210,,34.37,-5.84,168.5,174.5,1.001,0.182,1.728
1791428175.9685125,0.2991,0.8030,0.7006,0.4998,0.5695,0.7006,0.6350,0.6350,0.6350,0.3646,0.4998,0.5695,0.4998,0.0737,0.0123,0.0942,0.0410,,0.6935,,,,34.37,-5.84,168.4,174.7,1.009,0.182,
1791428176.0021925,0.6350,0.7538,0.9054,0.4998,0.6350,0.8440,0.8030,0.7538,0.5695,0.4302,0.3646,0.6350,0.5695,0.0737,0.0205,0.1229,0.0369,0.5700,0.6960,0.6500,0.1260,-0.0460,34.45,-5.96,168.6,174.3,1.015,0.182,1.768
1791428176.0369437,0.6350,0.8030,0.6350,0.5695,0.5695,0.7006,0.6350,0.7006,0.5695,0.2458,0.4998,0.7538,0.6350,0.0410,0.0369,0.0942,0.0369,0.5710,0.6970,0.6570,0.1260,-0.0400,34.61,-5.87,168.1,174.8,1.037,0.181,1.761
1791428176.0778787,0.3646,0.8767,0.7006,0.5695,0.4998,0.7006,0.4998,0.7538,0.5695,0.1966,0.2991,0.5695,0.4998,0.0410,0.0410,0.0737,0.0410,0.5720,0.6965,,0.1245,,34.85,-5.94,168.3,174.7,1.001,0.179,
1791428176.1096175,0.4998,0.6350,0.7006,0.5695,0.5695,0.5695,0.7006,0.7538,0.5695,0.2991,0.3646,0.4998,0.5695,0.0246,0.0205,0.0942,0.0410,0.5700,0.6870,,0.1170,,34.07,-5.65,167.6,175.2,1.087,0.182,1.870
1791428176.1411607,0.5695,0.8767,0.7006,0.7006,0.5695,0.8030,0.5695,0.8030,0.6350,0.4302,0.4302,0.5695,0.4998,0.0737,0.0369,0.0737,0.0369,0.5700,0.6955,,0.1255,,34.18,-5.67,167.9,175.2,1.060,0.182,1.854
1791428176.1720228,0.6350,0.7006,0.8030,0.4998,0.5695,0.4302,0.8440,0.6350,0.3646,0.3646,0.4998,0.5695,0.4998,0.0410,0.0246,0.0942,0.0369,0.5680,0.6910,,0.1230,,33.99,-5.53,167.9,175.5,1.101,0.183,1.824
1791428176.204568,0.4302,0.4998,0.4998,0.4998,0.4998,0.4302,0.7006,0.4998,0.4302,0.4302,0.4998,0.5695,0.5695,0.0737,0.0246,0.1557,0.0410,0.5680,0.6960,0.6540,0.1280,-0.0420,34.15,-5.53,168.1,174.8,1.084,0.184,1.795
1791428176.236569,0.4998,0.7538,0.5695,0.6350,0.7006,0.6350,0.5695,0.7006,0.7006,0.4302,0.4302,0.6350,0.5695,0.0737,0.0410,0.0737,0.0574,0.5680,0.6910,0.6540,0.1230,-0.0370,33.71,-5.38,168.3,174.4,1.098,0.186,1.928
1791428176.2693257,0.4998,0.5695,0.2458,0.5695,0.3646,0.7006,0.6350,0.4302,0.5695,0.4998,0.3646,0.5695,0.5695,0.0942,0.0574,0.0942,0.0410,0.5680,0.6945,0.6500,0.1265,-0.0445,34.16,-5.57,168.3,174.9,0.997,0.184,1.720
1791428176.303562,0.6350,0.7538,0.7538,0.4302,0.4302,0.7006,0.7538,0.5695,0.5695,0.4998,0.4302,0.5695,0.4998,0.0574,0.0574,0.1229,0.0410,0.5670,0.6945,,0.1275,,34.03,-5.57,168.4,175.5,1.078,0.185,1.837
1791428176.3378658,0.6350,0.7006,0.6350,0.7006,0.4998,0.7538,0.7538,0.5695,0.7538,0.3646,0.4302,0.4998,0.5695,0.0574,0.0246,0.2458,0.0369,0.5680,0.6910,,0.1230,,33.96,-5.54,168.2,175.2,1.010,0.185,1.804
1791428176.3790443,0.5695,0.5695,0.9054,0.7006,0.4998,0.6350,0.7006,0.7006,0.7538,0.2458,0.3646,0.6350,0.5695,0.0410,0.0410,0.0737,0.0369,0.5670,0.6935,0.6500,0.1265,-0.0435,34.24,-5.66,167.7,174.7,1.007,0.184,1.761
1791428176.4102259,0.2991,0.5695,0.5695,0.4998,0.6350,0.6350,0.6350,0.5695,0.4998,0.4998,0.4302,0.4998,0.5695,0.0942,0.0574,0.1229,0.0369,,0.6920,,,,34.24,-5.66,168.0,175.1,1.049,0.184,
1791428176.441993,0.4302,0.6350,0.7006,0.4302,0.5695,0.5695,0.7006,0.6350,0.4998,0.1966,0.4998,0.5695,0.5695,0.0369,0.0164,0.0574,0.0410,0.5670,0.6935,0.6500,0.1265,-0.0435,34.58,-5.70,167.6,175.1,1.062,0.182,1.804
1791428176.4744618,0.3646,0.7006,0.6350,0.6350,0.7006,0.8767,0.7006,0.6350,0.7006,0.3646,0.4302,0.6350,0.5695,0.0737,0.0205,0.0737,0.0574,0.5670,0.6920,0.6490,0.1250,-0.0430,34.97,-5.84,167.6,175.7,0.954,0.179,1.633
1791428176.5063052,0.7538,0.7538,0.7006,0.4998,0.6350,0.4998,0.6350,0.2458,0.5695,0.5695,0.3646,0.6350,0.5695,0.0737,0.0574,0.0737,0.0737,0.5670,0.6915,0.6540,0.1245,-0.0375,34.40,-5.62,167.9,175.2,1.114,0.183,1.907
1791428176.5381393,0.4302,0.8030,0.5695,0.6350,0.6350,0.8440,0.5695,0.6350,0.5695,0.2991,0.2991,0.6350,0.5695,0.0737,0.0246,0.1557,0.0164,0.5690,0.6945,0.6490,0.1255,-0.0455,34.41,-5.77,167.7,174.7,1.014,0.183,
1791428176.570579,0.5695,0.7538,0.6350,0.4302,0.6350,0.8440,0.8030,0.8030,0.6350,0.3646,0.4302,0.6350,0.4998,0.0942,0.0410,0.1557,0.0737,0.5670,0.6935,,0.1265,,34.51,-5.76,167.9,175.2,1.056,0.183,1.814
1791428176.6033692,0.6350,0.5695,0.6350,0.5695,0.4998,0.8030,0.8030,0.8030,0.4998,0.3646,0.4302,0.5695,0.5695,0.0737,0.0246,0.1229,0.0369,0.5670,0.6950,0.6480,0.1280,-0.0470,34.78,-5.86,168.2,175.6,1.074,0.181,1.815
1791428176.6369739,0.6350,0.7538,0.7006,0.4302,0.5695,0.8440,0.6350,0.7538,0.6350,0.2991,0.4998,0.6350,0.5695,0.0574,0.0369,0.0942,0.0410,0.5670,0.6930,0.6500,0.1260,-0.0430,34.62,-5.84,168.3,175.3,1.069,0.182,1.830
1791428176.6695607,0.5695,0.7006,0.4998,0.5695,0.4998,0.6350,0.7006,0.5695,0.6350,0.4302,0.2991,0.5695,0.6350,0.0574,0.0123,0.0737,0.0369,0.5690,0.6950,0.6500,0.1260,-0.0450,35.20,-5.94,168.5,176.0,1.007,0.179,1.688
1791428176.7041576,0.5695,0.7538,0.5695,0.5695,0.5695,0.7538,0.6350,0.4302,0.4998,0.2458,0.4302,0.5695,0.5695,0.0574,0.0574,0.0737,0.0369,0.5670,0.6930,0.6490,0.1260,-0.0440,34.90,-5.93,168.2,176.0,1.069,0.181,1.853
1791428176.743186,0.7538,0.7538,0.4302,0.7006,0.5695,0.7006,0.6350,0.6350,0.7006,0.4302,0.3646,0.6350,0.4998,0.0942,0.0574,0.0942,0.0369,0.5680,0.6955,,0.1275,,35.34,-6.04,168.0,176.6,0.995,0.178,1.652
1791428176.775418,0.7006,0.9423,0.7538,0.5695,0.5695,0.5695,0.8030,0.3646,0.4998,0.4302,0.4302,0.5695,0.5695,0.1229,0.0410,0.0737,0.0369,0.5670,0.6945,0.6500,0.1275,-0.0445,35.19,-6.08,168.2,176.2,1.019,0.179,1.735
1791428176.8071115,0.5695,0.4998,0.7006,0.4302,0.6350,0.8030,0.4302,0.7006,0.4302,0.1557,0.3646,0.6350,0.5695,0.0942,0.0246,0.0574,0.0164,0.5670,0.6970,0.6560,0.1300,-0.0410,35.76,-6.02,167.5,176.9,1.009,0.177,1.642
1791428176.8379197,0.4302,0.9054,0.8440,0.4998,0.6350,0.7538,0.7538,0.6350,0.7538,0.4302,0.5695,0.5695,0.5695,0.0410,0.0737,0.1557,0.0410,0.5670,0.6940,0.6540,0.1270,-0.0400,35.61,-5.84,167.8,176.7,1.104,0.178,1.859
1791428176.8709369,0.7538,0.8030,0.7006,0.4998,0.4998,0.8030,0.7006,0.6350,0.4302,0.4302,0.1557,0.5695,0.5695,0.0942,0.0410,0.1966,0.0574,0.5670,0.6980,0.6530,0.1310,-0.0450,36.09,-5.86,168.2,176.8,1.088,0.175,1.810
1791428176.9047525,0.7006,0.7006,0.7006,0.5695,0.5695,0.6350,0.5695,0.6350,0.5695,0.2991,0.4302,0.5695,0.5695,0.1229,0.0205,0.1229,0.0574,0.5670,0.6935,0.6490,0.1265,-0.0445,35.82,-5.86,168.0,177.5,1.086,0.177,1.850
1791428176.93693,0.7006,0.4998,0.7538,0.6350,0.5695,0.8030,0.8030,0.7538,0.6350,0.4302,0.4302,0.6350,0.4998,0.0942,0.0369,0.1229,0.0737,0.5670,0.6935,,0.1265,,35.54,-5.84,168.2,177.2,1.039,0.178,1.802
1791428176.9712265,0.6350,0.4998,0.8030,0.4302,0.7538,0.8030,0.5695,0.7006,0.6350,0.4302,0.3646,0.6350,0.7006,0.1229,0.0205,0.0942,0.0369,0.5670,0.6940,0.6530,0.1270,-0.0410,35.45,-5.79,168.4,176.7,1.047,0.179,1.778
1791428177.0120466,0.6350,0.4998,0.7006,0.4998,0.4998,0.8440,0.6350,0.6350,0.6350,0.4998,0.4998,0.4998,0.5695,0.0737,0.0246,0.0942,0.0369,0.5670,0.6885,,0.1215,,34.64,-5.61,168.2,176.5,1.069,0.183,1.861
1791428177.0435185,0.6350,0.7006,0.6350,0.5695,0.6350,0.7538,0.6350,0.3646,0.7006,0.4998,0.3646,0.5695,0.5695,0.0737,0.0369,0.0942,0.0410,0.5670,0.6955,0.6560,0.1285,-0.0395,34.79,-5.54,168.4,176.1,1.071,0.182,1.804
1791428177.0751524,0.4302,0.5695,0.8030,0.5695,0.6350,0.8030,0.7538,0.7538,0.7006,0.4302,0.4302,0.4998,0.6350,0.0737,0.0410,0.1557,0.0410,0.5690,0.6920,,0.1230,,34.64,-5.48,168.3,176.1,1.079,0.182,1.831
1791428177.1059034,0.8030,0.7538,0.4302,0.5695,0.7006,0.7538,0.8030,0.8030,0.5695,0.3646,0.7006,0.6350,0.5695,0.0369,0.0369,0.0574,0.0574,0.5670,0.6940,0.6560,0.1270,-0.0380,34.69,-5.39,168.4,176.1,1.074,0.182,1.762
1791428177.1371667,0.7538,0.7538,0.6350,0.4998,0.4302,0.7006,0.6350,0.6350,0.6350,0.1966,0.3646,0.6350,0.5695,0.0410,0.0410,0.1229,0.0205,0.5670,0.6945,0.6540,0.1275,-0.0405,35.11,-5.45,168.2,177.0,1.011,0.180,1.673
1791428177.1712244,0.5695,0.7006,0.7538,0.4998,0.4302,0.7538,0.7538,0.7006,0.6350,0.1966,0.4302,0.6350,0.6350,0.0574,0.0123,0.0737,0.0574,0.5670,0.6955,0.6610,0.1285,-0.0345,35.51,-5.27,167.7,176.8,1.085,0.178,1.747
1791428177.204718,0.6350,0.8767,0.6350,0.4998,0.5695,0.7538,0.6350,0.7006,0.7538,0.2991,0.4302,0.5695,0.6350,0.0574,0.0246,0.0246,0.0410,0.5700,0.6955,0.6520,0.1255,-0.0435,35.54,-5.41,168.0,176.8,1.041,0.177,1.708
1791428177.238081,0.5695,0.3646,0.8440,0.7538,0.5695,0.7006,0.8440,0.8030,0.5695,0.3646,0.4302,0.7006,0.5695,0.0737,0.0410,0.0737,0.0246,0.5670,0.6940,0.6490,0.1270,-0.0450,35.66,-5.60,167.8,176.8,1.000,0.177,1.741
1791428177.2700343,0.6350,0.8030,0.4998,0.6350,0.6350,0.7006,0.6350,0.5695,0.6350,0.2991,0.3646,0.5695,0.4998,0.0574,0.0369,0.1229,0.0369,0.5680,0.6955,,0.1275,,36.13,-5.69,168.2,176.6,0.988,0.174,1.685
1791428177.3052888,0.7006,0.5695,0.6350,0.4998,0.2991,0.7538,0.5695,0.7538,0.4998,0.1966,0.3646,0.5695,0.4998,0.0942,0.0574,0.0737,0.0410,0.5670,0.6925,,0.1255,,35.82,-5.66,167.3,176.1,1.016,0.175,1.785
1791428177.3386352,0.5695,0.5695,0.5695,0.5695,0.6350,0.7538,0.7538,0.7006,0.5695,0.2458,0.4302,0.5695,0.5695,0.0942,0.0369,0.0942,0.0410,0.5680,0.6955,0.6550,0.1275,-0.0405,35.96,-5.67,166.7,175.6,1.012,0.175,1.727
1791428177.371381,0.7006,0.7006,0.5695,0.5695,0.7006,0.6350,0.5695,0.8030,0.5695,0.4998,0.3646,0.5695,0.5695,0.0574,0.0164,0.0942,0.0410,0.5670,0.6945,0.6520,0.1275,-0.0425,35.88,-5.67,167.1,175.6,1.069,0.175,1.800
1791428177.41283,0.5695,0.8030,0.5695,0.4998,0.5695,0.6350,0.7538,0.6350,0.7006,0.2991,0.4302,0.5695,0.5695,0.0164,0.0205,0.0737,0.0246,0.5680,0.6965,0.6590,0.1285,-0.0375,36.21,-5.57,167.5,175.4,1.037,0.174,1.733
1791428177.4437044,0.7006,0.4998,0.5695,0.5695,0.6350,0.7538,0.7538,0.7538,0.5695,0.2458,0.4998,0.5695,0.5695,0.0942,0.0123,0.1229,0.0369,0.5670,0.6905,0.6540,0.1235,-0.0365,35.55,-5.37,167.5,175.6,1.122,0.177,1.874
1791428177.47542,0.7006,0.8440,0.4998,0.3646,0.4998,0.6350,0.5695,0.6350,0.3646,0.2991,0.4302,0.6350,0.5695,0.0737,0.0246,0.0369,0.0369,0.5670,0.6945,0.6590,0.1275,-0.0355,35.52,-5.18,168.4,175.5,1.140,0.177,1.853
1791428177.5066452,0.5695,0.7006,0.7538,0.6350,0.4998,0.6350,0.8030,0.6350,0.5695,0.2458,0.4302,0.5695,0.5695,0.0942,0.0410,0.0942,0.0410,0.5670,0.6960,0.6480,0.1290,-0.0480,35.88,-5.47,168.1,175.1,1.026,0.176,1.750
1791428177.5384495,0.6350,0.6350,0.6350,0.7006,0.4998,0.6350,0.6350,0.7006,0.7538,0.4302,0.3646,0.5695,0.5695,0.0410,0.0410,0.0942,0.0574,0.5670,0.6925,0.6490,0.1255,-0.0435,35.97,-5.56,168.2,175.7,1.045,0.175,1.766
1791428177.5710967,0.6350,0.8030,0.6350,0.5695,0.5695,0.8440,0.5695,0.4998,0.4998,0.2458,0.3646,0.5695,0.4998,0.0574,0.0205,0.1229,0.0369,0.5670,0.6950,,0.1280,,35.85,-5.61,167.8,175.1,1.033,0.176,1.806
1791428177.6041095,0.4302,0.8030,0.4998,0.5695,0.7006,0.7006,0.8440,0.8030,0.7538,0.2991,0.5695,0.4998,0.4998,0.0737,0.0164,0.0942,0.0410,0.5670,0.6955,,0.1285,,36.06,-5.67,167.8,175.7,1.032,0.175,1.707
1791428177.6377766,0.6350,0.7538,0.7538,0.7538,0.5695,0.5695,0.6350,0.5695,0.4998,0.1557,0.3646,0.6350,0.4998,0.0942,0.0205,0.0737,0.0369,0.5680,0.6940,,0.1260,,36.22,-5.68,168.1,176.0,1.029,0.174,1.694
1791428177.6802897,0.5695,0.8030,0.7538,0.4998,0.4302,0.7538,0.8030,0.7538,0.7006,0.3646,0.4998,0.6350,0.4998,0.0574,0.0369,0.0942,0.0410,0.5670,0.6945,,0.1275,,35.96,-5.68,168.2,175.3,1.044,0.175,1.841
1791428177.712335,0.7006,0.7006,0.6350,0.6350,0.5695,0.7538,0.7538,0.6350,0.7006,0.2991,0.3646,0.6350,0.4998,0.0574,0.0205,0.2991,0.0574,0.5670,0.6930,,0.1260,,35.59,-5.58,168.1,176.0,1.105,0.177,1.809
1791428177.7433317,0.4998,0.4302,0.4998,0.4998,0.6350,0.5695,0.7006,0.4998,0.8440,0.3646,0.3646,0.6350,0.6350,0.0737,0.0369,0.1229,0.0164,0.5670,0.6935,0.6540,0.1265,-0.0395,35.34,-5.49,168.2,175.8,1.091,0.179,1.845
1791428177.7748659,0.4998,0.8030,0.6350,0.5695,0.4998,0.6350,0.8030,0.4998,0.7006,0.5695,0.2991,0.5695,0.4998,0.0942,0.0574,0.0737,0.0574,0.5670,0.6975,,0.1305,,35.83,-5.65,168.4,175.8,1.002,0.177,1.724
1791428177.8061342,0.7006,0.8440,0.7006,0.4998,0.6350,0.8440,0.5695,0.5695,0.4998,0.3646,0.4302,0.5695,0.4998,0.0410,0.0205,0.0737,0.0410,0.5670,0.6950,,0.1280,,35.88,-5.70,168.5,176.7,1.018,0.177,1.735
1791428177.8384595,0.7538,0.4302,0.6350,0.5695,0.4998,0.8030,0.5695,0.7006,0.8440,0.2991,0.4302,0.5695,0.6350,0.0942,0.0246,0.0737,0.0410,0.5680,0.6915,0.6500,0.1235,-0.0415,35.29,-5.58,168.7,175.3,1.150,0.179,1.969
1791428177.8721116,0.4302,0.8030,0.7006,0.4998,0.5695,0.6350,0.6350,0.7006,0.7006,0.7006,0.4302,0.5695,0.5695,0.0737,0.0369,0.1557,0.0574,0.5670,0.6955,0.6520,0.1285,-0.0435,35.44,-5.61,168.8,175.1,1.083,0.179,1.825
1791428177.9053767,0.5695,0.7538,0.4302,0.4998,0.5695,0.7538,0.7538,0.5695,0.6350,0.2458,0.4302,0.6350,0.4998,0.0942,0.0410,0.0942,0.0410,0.5670,0.6940,,0.1270,,35.35,-5.59,168.3,174.8,1.082,0.179,1.868
1791428177.9388509,0.4302,0.8030,0.4998,0.5695,0.5695,0.8440,0.5695,0.7538,0.6350,0.4998,0.4302,0.6350,0.4998,0.0205,0.0369,0.1229,0.0369,0.5680,0.6910,,0.1230,,35.07,-5.47,168.2,175.2,1.099,0.180,1.874
1791428177.9792972,0.5695,0.6350,0.7006,0.6350,0.5695,0.8440,0.8030,0.7006,0.6350,0.3646,0.3646,0.5695,0.5695,0.0410,0.0123,0.0574,0.0205,0.5670,0.6900,0.6600,0.1230,-0.0300,34.98,-5.23,167.9,174.7,1.024,0.180,1.739
1791428178.0108697,0.5695,0.3646,0.8030,0.6350,0.4302,0.6350,0.7006,0.3646,0.4998,0.6350,0.4302,0.5695,0.6350,0.0737,0.0369,0.0737,0.0246,0.5670,0.6925,0.6480,0.1255,-0.0445,35.33,-5.40,167.6,175.3,1.033,0.177,1.761
1791428178.0427313,0.4998,0.8030,0.8440,0.5695,0.5695,0.4302,0.5695,0.6350,0.7006,0.1966,0.5695,0.5695,0.4998,0.0737,0.0164,0.1557,0.0574,0.5690,0.6925,,0.1235,,35.17,-5.35,167.8,175.4,1.102,0.178,1.827
1791428178.0747275,0.2458,0.7538,0.8030,0.4998,0.4998,0.8030,0.8030,0.7006,0.7538,0.2458,0.5695,0.5695,0.4998,0.0246,0.0164,0.0574,0.0369,,0.6935,,,,35.17,-5.35,167.5,175.6,1.105,0.178,
1791428178.105793,0.4302,0.7538,0.4998,0.7006,0.6350,0.7538,0.6350,0.5695,0.7006,0.4302,0.4302,0.6350,0.5695,0.0574,0.0369,0.1229,0.0369,0.5670,0.6900,0.6510,0.1230,-0.0390,34.87,-5.36,167.5,175.9,1.036,0.179,1.796
1791428178.1386526,0.6350,0.7538,0.5695,0.3646,0.5695,0.7538,0.5695,0.4998,0.4998,0.4998,0.4302,0.6350,0.5695,0.0410,0.0246,0.0737,0.0369,0.5670,0.6955,0.6590,0.1285,-0.0365,35.12,-5.23,167.9,174.8,1.102,0.178,1.811
1791428178.171302,0.5695,0.8440,0.6350,0.4302,0.5695,0.7006,0.7538,0.7538,0.7006,0.1966,0.2458,0.5695,0.4998,0.0737,0.0205,0.0737,0.0369,0.5670,0.6940,,0.1270,,35.16,-5.23,168.0,174.9,1.099,0.179,
1791428178.2049153,0.6350,0.7006,0.4302,0.7006,0.6350,0.7006,0.6350,0.7538,0.4998,0.3646,0.3646,0.6350,0.5695,0.0574,0.0574,0.0737,0.0574,0.5670,0.6945,0.6520,0.1275,-0.0425,35.06,-5.35,167.8,174.6,1.044,0.180,1.818
1791428178.2394578,0.5695,0.7538,0.7538,0.6350,0.7006,0.7006,0.6350,0.4302,0.7538,0.2991,0.4302,0.5695,0.5695,0.0737,0.0369,0.1229,0.0410,0.5690,0.6870,0.6510,0.1180,-0.0360,34.50,-5.24,167.7,175.5,1.065,0.181,1.822
1791428178.2811964,0.3646,0.6350,0.7538,0.4998,0.5695,0.7538,0.5695,0.7006,0.6350,0.3646,0.3646,0.6350,0.5695,0.0737,0.0410,0.1229,0.0410,0.5690,0.6955,0.6580,0.1265,-0.0375,34.58,-5.23,168.0,174.7,1.040,0.181,1.757
1791428178.3125076,0.5695,0.7006,0.4998,0.5695,0.7538,0.7538,0.7538,0.7006,0.7006,0.2458,0.3646,0.6350,0.4998,0.0369,0.0123,0.0369,0.0410,0.5680,0.6940,,0.1260,,34.58,-5.18,167.1,174.5,1.146,0.181,1.908
1791428178.3445947,0.4302,0.8030,0.6350,0.6350,0.6350,0.8030,0.8030,0.6350,0.7538,0.2991,0.4302,0.5695,0.4998,0.0574,0.0574,0.1557,0.0410,0.5690,0.6935,,0.1245,,34.15,-5.20,166.0,174.7,1.068,0.184,1.891
1791428178.3759594,0.2991,0.8440,0.5695,0.4998,0.4998,0.3646,0.7006,0.3646,0.6350,0.2458,0.4302,0.5695,0.5695,0.0410,0.0164,0.0942,0.0410,,0.6930,0.6520,,-0.0410,34.15,-5.20,165.8,174.4,1.114,0.184,
1791428178.406969,0.7006,0.7538,0.8030,0.5695,0.5695,0.5695,0.6350,0.6350,0.4998,0.4302,0.4302,0.5695,0.5695,0.0942,0.0246,0.1557,0.0369,0.5670,0.6950,0.6510,0.1280,-0.0440,34.56,-5.42,166.3,175.0,0.986,0.182,1.716
1791428178.4392545,0.2991,0.7006,0.8030,0.7538,0.5695,0.7006,0.8030,0.6350,0.7006,0.4998,0.4302,0.6350,0.5695,0.0737,0.0369,0.1557,0.0410,,0.6995,0.6500,,-0.0495,34.56,-5.42,166.9,175.1,1.071,0.182,
1791428178.4730647,0.6350,0.8440,0.6350,0.4998,0.5695,0.7538,0.8030,0.5695,0.7538,0.4302,0.2991,0.6350,0.4998,0.0410,0.0246,0.1229,0.0410,0.5670,0.6945,,0.1275,,34.79,-5.42,167.5,175.1,1.086,0.181,1.764
1791428178.5062716,0.5695,0.4998,0.7006,0.4998,0.4998,0.7006,0.7538,0.5695,0.7006,0.3646,0.4302,0.6350,0.5695,0.0574,0.0410,0.1229,0.0574,0.5670,0.6940,0.6510,0.1270,-0.0430,34.49,-5.53,166.3,175.1,1.027,0.184,1.779
1791428178.5390606,0.6350,0.4998,0.7006,0.6350,0.5695,0.7006,0.7538,0.7006,0.7538,0.2991,0.4302,0.4998,0.5695,0.0737,0.0410,0.1229,0.0737,0.5670,0.6955,,0.1285,,34.56,-5.67,166.5,175.4,0.965,0.184,1.737
1791428178.5730789,0.4302,0.8440,0.7006,0.7006,0.5695,0.6350,0.5695,0.5695,0.8030,0.2991,0.4302,0.5695,0.4998,0.0942,0.0410,0.1229,0.0410,0.5680,0.6920,,0.1240,,34.39,-5.60,167.0,175.7,1.052,0.184,1.809
1791428178.6121933,0.7006,0.5695,0.7006,0.4302,0.7538,0.6350,0.8440,0.7538,0.7538,0.2991,0.2458,0.5695,0.4998,0.0410,0.0369,0.0737,0.0737,0.5680,0.6900,,0.1220,,33.86,-5.53,166.7,175.7,1.014,0.187,
1791428178.6439862,0.4998,0.6350,0.7006,0.5695,0.6350,0.7006,0.7006,0.7006,0.6350,0.4302,0.3646,0.5695,0.6350,0.0246,0.0246,0.0942,0.0369,0.5680,0.6920,0.6550,0.1240,-0.0370,33.74,-5.41,167.2,176.1,1.065,0.187,1.831
1791428178.6759832,0.7006,0.8030,0.7006,0.4998,0.8030,0.7006,0.7006,0.5695,0.7006,0.2458,0.4302,0.5695,0.5695,0.0737,0.0410,0.0737,0.0369,0.5680,0.6940,0.6530,0.1260,-0.0410,34.15,-5.47,167.4,175.9,1.026,0.185,1.772
1791428178.7074878,0.8440,0.8030,0.7538,0.7006,0.5695,0.7538,0.7538,0.6350,0.7006,0.2991,0.4998,0.5695,0.6350,0.0574,0.0246,0.0942,0.0737,0.5700,0.6895,0.6530,0.1195,-0.0365,34.04,-5.40,167.3,176.2,1.020,0.184,1.768
1791428178.7384737,0.6350,0.3646,0.4302,0.4302,0.7006,0.7538,0.5695,0.6350,0.5695,0.2458,0.4302,0.6350,0.4302,0.1229,0.0574,0.1229,0.0410,0.5690,0.6920,,0.1230,,33.93,-5.43,167.7,175.7,1.001,0.184,1.824
1791428178.7729542,0.7538,0.7006,0.4998,0.5695,0.5695,0.8030,0.7006,0.5695,0.6350,0.4998,0.4998,0.5695,0.4998,0.0410,0.0410,0.0942,0.0369,0.5670,0.6920,,0.1250,,33.34,-5.40,168.1,176.0,1.047,0.189,1.838
1791428178.8061113,0.4998,0.5695,0.6350,0.5695,0.4998,0.7538,0.6350,0.5695,0.6350,0.2991,0.4998,0.5695,0.6350,0.0574,0.0410,0.0410,0.0574,0.5670,0.6860,0.6560,0.1190,-0.0300,32.66,-5.16,168.5,176.1,1.027,0.192,1.894
1791428178.8386865,0.8030,0.8440,0.7006,0.6350,0.5695,0.8030,0.7538,0.3646,0.5695,0.2991,0.4302,0.5695,0.4998,0.0737,0.0410,0.0737,0.0369,0.5670,0.6855,,0.1185,,32.08,-4.96,168.4,176.0,1.081,0.195,1.914
1791428178.871886,0.4998,0.8440,0.7538,0.4998,0.6350,0.6350,0.5695,0.6350,0.5695,0.2991,0.4302,0.6350,0.4302,0.0410,0.0246,0.0737,0.0369,0.5670,0.6890,,0.1220,,31.99,-4.92,168.2,175.8,1.052,0.196,1.885
1791428178.9122086,0.7006,0.6350,0.7006,0.5695,0.4998,0.7006,0.6350,0.7006,0.7538,0.1966,0.4302,0.5695,0.4998,0.0737,0.0369,0.0942,0.0246,0.5670,0.6845,,0.1175,,31.48,-4.72,167.9,175.9,1.113,0.198,1.946
1791428178.944817,0.6350,0.2991,0.7538,0.7538,0.5695,0.8767,0.6350,0.4998,0.4998,0.4998,0.3646,0.5695,0.5695,0.0369,0.0246,0.0942,0.0410,0.5680,0.6930,0.6540,0.1250,-0.0390,32.22,-4.86,168.2,175.9,1.018,0.194,1.742
1791428178.9762032,0.7006,0.5695,0.7006,0.4302,0.5695,0.7006,0.7538,0.4998,0.6350,0.2991,0.4302,0.5695,0.4998,0.0737,0.0246,0.0574,0.0410,0.5670,0.6910,,0.1240,,32.32,-4.90,168.3,175.5,1.057,0.193,1.855
1791428179.008582,0.3646,0.7006,0.6350,0.4302,0.4998,0.8767,0.7006,0.5695,0.8030,0.1557,0.2991,0.6350,0.4998,0.0574,0.0369,0.0942,0.0410,0.5670,0.6900,,0.1230,,32.46,-4.96,167.1,175.0,0.984,0.193,
1791428179.04038,0.5695,0.4302,0.6350,0.6350,0.4998,0.7538,0.6350,0.7006,0.6350,0.2458,0.3646,0.6350,0.4998,0.0574,0.0246,0.0942,0.0205,0.5670,0.6895,,0.1225,,32.58,-4.96,166.2,175.5,1.036,0.192,1.849
1791428179.073272,0.5695,0.7538,0.7006,0.7006,0.4998,0.7006,0.7006,0.5695,0.6350,0.3646,0.4302,0.4998,0.5695,0.0737,0.0574,0.0574,0.0574,0.5670,0.6855,,0.1185,,32.58,-4.90,165.8,176.0,0.976,0.190,1.742
1791428179.1063879,0.4998,0.5695,0.3646,0.4998,0.5695,0.8440,0.8030,0.8030,0.3646,0.3646,0.4302,0.5695,0.4998,0.0737,0.0574,0.1557,0.0410,0.5670,0.6915,,0.1245,,32.70,-4.98,166.5,176.1,1.016,0.190,1.784
1791428179.13995,0.6350,0.7006,0.6350,0.4998,0.5695,0.8030,0.5695,0.4998,0.7006,0.2458,0.3646,0.5695,0.4302,0.0205,0.0410,0.1229,0.0369,0.5700,0.6880,,0.1180,,32.83,-4.94,166.9,176.3,1.022,0.188,1.802
1791428179.173256,0.6350,0.7538,0.8030,0.7006,0.5695,0.6350,0.7006,0.4998,0.5695,0.3646,0.4998,0.5695,0.5695,0.0942,0.0205,0.0942,0.0369,0.5680,0.6885,0.6530,0.1205,-0.0355,32.95,-4.96,167.2,175.9,1.001,0.187,1.765
1791428179.2117515,0.4998,0.7006,0.7006,0.5695,0.7006,0.6350,0.7006,0.3646,0.4998,0.5695,0.4998,0.6350,0.5695,0.0574,0.0574,0.0737,0.0369,0.5670,0.6885,0.6580,0.1215,-0.0305,32.96,-4.87,167.4,175.5,0.976,0.187,1.742
1791428179.2449205,0.7538,0.4998,0.2458,0.4998,0.4998,0.4998,0.8440,0.5695,0.4998,0.4302,0.4302,0.5695,0.4998,0.0737,0.0369,0.0737,0.0246,0.5670,0.6840,,0.1170,,32.16,-4.62,167.6,175.1,1.132,0.192,1.962
1791428179.2750964,0.4998,0.5695,0.6350,0.5695,0.4998,0.7538,0.7006,0.4998,0.5695,0.2991,0.3646,0.5695,0.5695,0.0737,0.0737,0.1557,0.0410,0.5670,0.6880,0.6540,0.1210,-0.0340,31.87,-4.63,167.6,175.3,1.044,0.194,1.855
1791428179.3073127,0.5695,0.7538,0.8767,0.5695,0.4998,0.8030,0.8767,0.4998,0.7538,0.3646,0.4302,0.5695,0.5695,0.0942,0.0164,0.0574,0.0574,0.5670,0.6860,0.6540,0.1190,-0.0320,31.56,-4.56,167.6,174.4,1.060,0.196,1.900
1791428179.3395674,0.4302,0.9054,0.7538,0.4302,0.7006,0.7006,0.6350,0.7006,0.6350,0.1557,0.4302,0.6350,0.4998,0.0737,0.0737,0.1557,0.0369,0.5670,0.6890,,0.1220,,31.79,-4.59,167.4,174.5,1.049,0.195,1.842
1791428179.373406,0.6350,0.4302,0.4998,0.4998,0.5695,0.8030,0.7006,0.6350,0.7006,0.2991,0.7006,0.7006,0.4998,0.0942,0.0574,0.1229,0.0246,0.5670,0.6925,,0.1255,,32.21,-4.77,167.1,175.4,0.994,0.193,1.782
1791428179.4062712,0.7538,0.7538,0.5695,0.4302,0.4998,0.7538,0.8030,0.4302,0.6350,0.2458,0.4302,0.6350,0.5695,0.0737,0.0205,0.1557,0.0369,0.5670,0.6925,0.6520,0.1255,-0.0405,32.48,-4.97,166.1,175.5,0.991,0.192,1.755
1791428179.4400938,0.7538,0.7538,0.5695,0.7006,0.7006,0.8030,0.6350,0.7006,0.6350,0.3646,0.4302,0.4998,0.5695,0.0574,0.0369,0.1229,0.0164,0.5670,0.6905,,0.1235,,32.29,-4.94,166.7,175.4,1.086,0.194,1.829
1791428179.4802113,0.4998,0.3646,0.5695,0.4998,0.6350,0.5695,0.7006,0.8030,0.4998,0.3646,0.4998,0.6350,0.6350,0.0737,0.0737,0.0942,0.0942,0.5680,0.6870,0.6550,0.1190,-0.0320,32.37,-4.83,166.9,175.8,1.038,0.192,1.829
1791428179.512291,0.4998,0.7006,0.5695,0.4302,0.6350,0.5695,0.6350,0.6350,0.7006,0.1966,0.4998,0.5695,0.4998,0.0574,0.0410,0.1229,0.0369,0.5690,0.6905,,0.1215,,32.35,-4.88,167.4,175.7,1.022,0.192,1.794
1791428179.54335,0.5695,0.7006,0.4998,0.5695,0.5695,0.7006,0.6350,0.4302,0.8030,0.4302,0.4302,0.6350,0.4998,0.0574,0.0246,0.1557,0.0410,0.5670,0.6850,,0.1180,,31.93,-4.76,167.4,176.2,1.031,0.194,1.825
1791428179.5752058,0.7538,0.8030,0.7006,0.5695,0.6350,0.7538,0.7538,0.3646,0.7538,0.2991,0.4998,0.5695,0.5695,0.0246,0.0369,0.0737,0.0369,0.5670,0.6895,0.6530,0.1225,-0.0365,32.14,-4.88,168.0,176.3,0.975,0.193,1.762
1791428179.608092,0.9054,0.5695,0.7538,0.6350,0.7006,0.7538,0.7006,0.8030,0.7538,0.2991,0.4998,0.5695,0.5695,0.0737,0.0410,0.0737,0.0410,0.5670,0.6860,0.6610,0.1190,-0.0250,31.59,-4.53,167.7,175.6,1.100,0.197,1.907
1791428179.6405027,0.5695,0.5695,0.5695,0.5695,0.6350,0.7006,0.6350,0.5695,0.4998,0.4302,0.4302,0.5695,0.6350,0.1557,0.0410,0.1229,0.0410,0.5670,0.6905,0.6580,0.1235,-0.0325,31.88,-4.54,167.8,175.9,1.011,0.195,1.753
1791428179.67383,0.4998,0.8440,0.8030,0.6350,0.7006,0.5695,0.7006,0.4302,0.4302,0.2458,0.3646,0.5695,0.5695,0.0942,0.0164,0.1229,0.0574,0.5670,0.6845,0.6550,0.1175,-0.0295,31.65,-4.49,166.7,174.7,0.984,0.196,1.868
1791428179.7069528,0.7006,0.8030,0.5695,0.4998,0.7006,0.7006,0.8440,0.7006,0.4302,0.2991,0.4302,0.5695,0.4998,0.0574,0.0410,0.0574,0.0164,0.5670,0.6905,,0.1235,,31.64,-4.57,167.6,174.4,1.021,0.197,1.830
1791428179.7405195,0.8030,0.5695,0.6350,0.5695,0.7006,0.8440,0.8440,0.5695,0.7006,0.3646,0.2458,0.6350,0.5695,0.0737,0.0410,0.1229,0.0410,0.5670,0.6915,0.6550,0.1245,-0.0365,31.76,-4.70,167.5,173.8,1.000,0.197,1.800
1791428179.78055,0.4998,0.4998,0.7006,0.5695,0.6350,0.7006,0.6350,0.6350,0.6350,0.4998,0.4302,0.6350,0.5695,0.0574,0.0205,0.1229,0.0369,0.5670,0.6870,0.6570,0.1200,-0.0300,31.47,-4.57,167.7,173.8,1.056,0.199,1.893
1791428179.811693,0.4998,0.8030,0.8030,0.6350,0.7006,0.7538,0.7538,0.5695,0.7538,0.4302,0.4998,0.5695,0.4998,0.0574,0.0164,0.0942,0.0574,0.5670,0.6850,,0.1180,,30.89,-4.41,167.7,174.0,1.095,0.202,1.940
1791428179.8443232,0.4302,0.7006,0.9054,0.5695,0.6350,0.7538,0.5695,0.7006,0.4998,0.2991,0.3646,0.5695,0.4302,0.0737,0.0410,0.0737,0.0574,0.5670,0.6895,,0.1225,,31.14,-4.45,167.9,174.5,1.044,0.201,1.848
1791428179.8760564,0.3646,0.7538,0.4998,0.4302,0.5695,0.7538,0.7006,0.7538,0.7538,0.3646,0.2991,0.5695,0.4998,0.0942,0.0737,0.0737,0.0369,0.5660,0.6890,,0.1230,,31.07,-4.40,168.2,174.2,1.126,0.202,1.969
1791428179.908162,0.4998,0.5695,0.4998,0.5695,0.7006,0.7006,0.7006,0.4302,0.7006,0.3646,0.4998,0.5695,0.4302,0.0246,0.0737,0.1229,0.0410,0.5660,0.6840,,0.1180,,30.63,-4.26,168.0,175.0,1.086,0.204,1.882
1791428179.9407127,0.6350,0.4302,0.7006,0.4998,0.7006,0.8030,0.7538,0.4998,0.7006,0.2458,0.4302,0.6350,0.6350,0.0942,0.0410,0.0942,0.0410,0.5680,0.6910,0.6500,0.1230,-0.0410,31.11,-4.56,168.3,174.8,0.999,0.201,1.790
1791428179.9748816,0.6350,0.4302,0.5695,0.4302,0.7006,0.7538,0.5695,0.5695,0.6350,0.2991,0.4998,0.6350,0.4998,0.0246,0.0246,0.0942,0.0410,0.5670,0.6890,,0.1220,,31.47,-4.63,167.9,174.7,0.998,0.198,1.766
1791428180.0077255,0.6350,0.4998,0.5695,0.6350,0.6350,0.8030,0.7006,0.6350,0.5695,0.1966,0.2991,0.5695,0.4998,0.0574,0.0369,0.1229,0.0737,0.5670,0.6895,,0.1225,,31.71,-4.69,167.5,174.4,1.013,0.197,
1791428180.041111,0.5695,0.4302,0.5695,0.4998,0.3646,0.4998,0.8440,0.4998,0.4998,0.2991,0.4302,0.5695,0.5695,0.1229,0.0574,0.1229,0.0369,0.5680,0.6890,0.6580,0.1210,-0.0310,32.01,-4.64,167.7,174.5,0.993,0.194,1.722
1791428180.0752304,0.6350,0.7006,0.3646,0.7006,0.7006,0.6350,0.7006,0.5695,0.7006,0.5695,0.2991,0.5695,0.5695,0.0737,0.0369,0.0942,0.0574,0.5660,0.6855,0.6560,0.1195,-0.0295,32.06,-4.55,167.3,175.0,1.009,0.193,1.809
1791428180.1146224,0.6350,0.5695,0.6350,0.6350,0.4998,0.6350,0.6350,0.4998,0.6350,0.3646,0.4998,0.5695,0.4998,0.0246,0.0369,0.1229,0.0410,0.5660,0.6860,,0.1200,,32.02,-4.49,167.2,174.6,1.028,0.193,1.767
1791428180.1464262,0.5695,0.7006,0.4998,0.7538,0.5695,0.7006,0.5695,0.6350,0.6350,0.3646,0.2991,0.5695,0.5695,0.0410,0.0410,0.0574,0.0369,0.5660,0.6895,0.6580,0.1235,-0.0315,32.11,-4.47,167.5,174.7,1.026,0.193,1.801
1791428180.1791365,0.5695,0.7538,0.4998,0.4302,0.5695,0.6350,0.5695,0.7538,0.5695,0.2991,0.4302,0.4998,0.5695,0.1229,0.0574,0.1557,0.0410,0.5660,0.6835,,0.1175,,31.46,-4.31,167.6,173.7,1.063,0.197,1.946
1791428180.2088525,0.5695,0.7006,0.4998,0.5695,0.5695,0.7538,0.7538,0.6350,0.5695,0.3646,0.4302,0.4998,0.4998,0.0737,0.0574,0.0942,0.0164,0.5690,0.6890,,0.1200,,31.23,-4.33,167.4,173.8,1.069,0.199,1.793
1791428180.2407868,0.4998,0.5695,0.7006,0.7006,0.4998,0.7006,0.7006,0.6350,0.7538,0.3646,0.4998,0.5695,0.4998,0.0737,0.0410,0.0737,0.0737,0.5660,0.6830,,0.1170,,30.80,-4.18,167.7,173.2,1.081,0.201,1.923
1791428180.2741208,0.6350,0.5695,0.5695,0.4998,0.7006,0.8030,0.7006,0.6350,0.4998,0.4302,0.4302,0.5695,0.4998,0.0574,0.0410,0.0942,0.0574,0.5660,0.6875,,0.1215,,30.43,-4.20,167.9,174.0,1.045,0.205,1.905
1791428180.308691,0.4998,0.5695,0.7006,0.7006,0.4998,0.8030,0.5695,0.6350,0.4998,0.2458,0.4998,0.5695,0.4998,0.0574,0.0574,0.1229,0.0574,0.5660,0.6850,,0.1190,,30.23,-4.18,168.1,174.1,1.023,0.206,1.849
1791428180.3410852,0.5695,0.4998,0.8030,0.6350,0.4302,0.7006,0.7538,0.6350,0.6350,0.2458,0.4998,0.6350,0.4998,0.0737,0.0205,0.1557,0.0369,0.5660,0.6915,,0.1255,,30.85,-4.38,167.4,173.9,0.959,0.203,1.748
1791428180.374757,0.6350,0.6350,0.7006,0.4998,0.7006,0.7006,0.5695,0.5695,0.6350,0.3646,0.2458,0.7006,0.4998,0.1229,0.0574,0.0942,0.0369,0.5660,0.6865,,0.1205,,30.82,-4.39,167.4,174.0,0.984,0.203,1.758
1791428180.4154634,0.5695,0.8767,0.7538,0.4998,0.7006,0.7006,0.7006,0.6350,0.5695,0.5695,0.3646,0.5695,0.4302,0.0942,0.0205,0.1557,0.0574,0.5660,0.6855,,0.1195,,30.70,-4.33,167.7,174.3,1.031,0.203,1.817
1791428180.448931,0.6350,0.4998,0.8767,0.6350,0.4998,0.8030,0.7006,0.4998,0.7006,0.2458,0.2991,0.5695,0.4998,0.0369,0.0246,0.1229,0.0410,0.5660,0.6840,,0.1180,,30.08,-4.18,167.5,173.9,1.107,0.207,
1791428180.4785297,0.8030,0.8030,0.5695,0.6350,0.4998,0.8440,0.6350,0.5695,0.7006,0.4998,0.3646,0.5695,0.4998,0.0410,0.0737,0.0737,0.0369,0.5660,0.6860,,0.1200,,30.27,-4.22,167.6,173.8,0.975,0.206,1.793
1791428180.5100396,0.3646,0.7006,0.7538,0.4998,0.5695,0.7538,0.4998,0.6350,0.7006,0.4302,0.3646,0.5695,0.4302,0.0574,0.0164,0.0737,0.0369,0.5660,0.6855,,0.1195,,30.18,-4.20,167.4,174.3,1.025,0.206,1.885
1791428180.541025,0.4998,0.8030,0.7538,0.4998,0.7006,0.8440,0.6350,0.6350,0.5695,0.4302,0.3646,0.5695,0.5695,0.0410,0.0246,0.0942,0.0574,0.5660,0.6855,0.6540,0.1195,-0.0315,29.98,-4.24,167.5,174.5,1.029,0.208,1.876
1791428180.574358,0.5695,0.8030,0.5695,0.4302,0.4998,0.8767,0.7006,0.6350,0.4998,0.2991,0.2991,0.5695,0.4998,0.0942,0.0410,0.1557,0.0410,0.5660,0.6865,,0.1205,,30.21,-4.27,167.6,174.7,1.009,0.206,
1791428180.608211,0.7538,0.8030,0.4998,0.4302,0.6350,0.7538,0.8030,0.6350,0.5695,0.2991,0.3646,0.4998,0.4998,0.0574,0.0369,0.0737,0.0574,0.5660,0.6885,,0.1225,,30.52,-4.35,167.5,174.6,1.004,0.204,1.807
1791428180.6409361,0.7538,0.8030,0.7006,0.5695,0.4998,0.5695,0.7538,0.7538,0.5695,0.3646,0.5695,0.6350,0.4998,0.0574,0.0369,0.0737,0.0410,0.5690,0.6855,,0.1165,,30.11,-4.31,167.3,174.1,1.025,0.206,1.837
1791428180.674444,0.7538,0.4998,0.8440,0.4302,0.7006,0.5695,0.7538,0.6350,0.4998,0.2991,0.4998,0.4998,0.4998,0.0737,0.0246,0.1229,0.0369,0.5660,0.6875,,0.1215,,30.01,-4.33,167.2,174.4,1.042,0.208,1.890
1791428180.7156272,0.5695,0.7538,0.8767,0.7538,0.5695,0.7538,0.6350,0.7006,0.6350,0.4302,0.4998,0.5695,0.5695,0.0942,0.0410,0.0942,0.0410,0.5690,0.6900,0.6580,0.1210,-0.0320,30.26,-4.39,167.5,175.0,0.988,0.206,1.707
1791428180.7481678,0.7006,0.5695,0.6350,0.4998,0.6350,0.7538,0.6350,0.6350,0.5695,0.3646,0.4302,0.6350,0.5695,0.0737,0.0410,0.0942,0.0737,0.5660,0.6890,0.6570,0.1230,-0.0320,30.58,-4.42,167.8,175.4,1.005,0.204,1.808
1791428180.778553,0.7006,0.4998,0.5695,0.6350,0.4998,0.7006,0.6350,0.5695,0.4998,0.3646,0.4302,0.5695,0.4998,0.0942,0.0246,0.1557,0.0369,0.5660,0.6865,,0.1205,,30.38,-4.32,168.0,176.0,1.091,0.206,1.891
1791428180.81008,0.2991,0.4302,0.4998,0.5695,0.5695,0.5695,0.5695,0.7006,0.7006,0.3646,0.3646,0.6350,0.5695,0.0246,0.0205,0.1229,0.0369,,0.6855,0.6590,,-0.0265,30.38,-4.32,168.2,175.3,1.160,0.206,
1791428180.8420732,0.8440,0.7006,0.7538,0.4998,0.6350,0.7006,0.7538,0.4998,0.5695,0.4302,0.4998,0.5695,0.5695,0.0410,0.0246,0.0369,0.0574,0.5660,0.6910,0.6580,0.1250,-0.0330,30.74,-4.37,168.4,175.2,1.036,0.204,1.820
1791428180.8748393,0.7006,0.6350,0.7006,0.5695,0.5695,0.6350,0.6350,0.3646,0.4302,0.2458,0.3646,0.5695,0.4998,0.0737,0.0574,0.0942,0.0369,0.5660,0.6885,,0.1225,,31.32,-4.43,168.8,175.2,0.978,0.200,1.737
1791428180.9089293,0.7006,0.4998,0.7538,0.5695,0.5695,0.7538,0.7006,0.4998,0.4998,0.3646,0.4302,0.6350,0.4998,0.0574,0.0410,0.1557,0.0369,0.5660,0.6870,,0.1210,,31.14,-4.35,168.6,175.0,1.066,0.201,1.917
1791428180.9417582,0.7006,0.7538,0.7538,0.7538,0.4998,0.7006,0.4302,0.5695,0.6350,0.4998,0.3646,0.5695,0.5695,0.0410,0.0574,0.0574,0.0410,0.5660,0.6880,0.6530,0.1220,-0.0350,31.25,-4.49,168.1,174.9,0.993,0.201,1.823
1791428180.9749875,0.7006,0.2991,0.5695,0.6350,0.5695,0.8030,0.7538,0.3646,0.4998,0.3646,0.4998,0.5695,0.4302,0.0942,0.0410,0.1229,0.0369,0.5670,0.6870,,0.1200,,31.49,-4.45,168.3,174.9,1.028,0.198,1.811
1791428181.0086474,0.4998,0.7006,0.6350,0.4998,0.5695,0.6350,0.7538,0.4998,0.3646,0.2458,0.3646,0.6350,0.5695,0.0574,0.0574,0.0942,0.0410,0.5660,0.6840,0.6620,0.1180,-0.0220,31.10,-4.09,167.4,174.0,1.131,0.200,2.010
1791428181.0485997,0.5695,0.7538,0.6350,0.6350,0.5695,0.8767,0.5695,0.6350,0.5695,0.2991,0.4998,0.5695,0.5695,0.0574,0.0574,0.0942,0.0369,0.5660,0.6845,0.6580,0.1185,-0.0265,31.05,-3.99,167.5,174.1,1.053,0.200,1.871
1791428181.0799298,0.5695,0.8767,0.7538,0.6350,0.6350,0.7538,0.4302,0.4998,0.4302,0.2991,0.4302,0.5695,0.4998,0.0737,0.0246,0.0737,0.0369,0.5660,0.6905,,0.1245,,31.20,-4.12,167.0,174.8,1.020,0.200,1.835
1791428181.1104717,0.6350,0.7006,0.6350,0.5695,0.4302,0.6350,0.7006,0.5695,0.5695,0.4998,0.3646,0.5695,0.4302,0.1557,0.0246,0.0737,0.0369,0.5660,0.6835,,0.1175,,30.83,-4.04,167.1,174.9,1.018,0.202,1.818
1791428181.1433594,0.6350,0.6350,0.6350,0.7006,0.6350,0.6350,0.7538,0.4998,0.4998,0.2991,0.3646,0.6350,0.4998,0.0574,0.0246,0.0574,0.0410,0.5660,0.6895,,0.1235,,31.04,-4.11,167.0,174.6,1.048,0.201,1.794
1791428181.17489,0.6350,0.8030,0.8440,0.7538,0.6350,0.7538,0.7006,0.5695,0.4302,0.2991,0.4998,0.5695,0.5695,0.0410,0.0246,0.0737,0.0246,0.5660,0.6840,0.6550,0.1180,-0.0290,30.97,-4.08,167.2,174.7,1.042,0.201,1.851
1791428181.2097282,0.2991,0.7006,0.5695,0.6350,0.5695,0.7538,0.6350,0.5695,0.5695,0.4998,0.4998,0.5695,0.4998,0.0942,0.0369,0.0942,0.0410,,0.6880,,,,30.97,-4.08,167.5,174.9,0.997,0.201,
1791428181.2416205,0.7538,0.7006,0.8030,0.5695,0.5695,0.8030,0.7006,0.7006,0.4302,0.2458,0.4302,0.5695,0.5695,0.0737,0.0410,0.1229,0.0205,0.5660,0.6865,0.6570,0.1205,-0.0295,30.48,-3.98,168.1,174.7,1.170,0.205,2.020
1791428181.276098,0.7538,0.8030,0.5695,0.6350,0.7538,0.7538,0.8440,0.4998,0.8030,0.3646,0.2991,0.6350,0.4998,0.0737,0.0574,0.1229,0.0369,0.5660,0.6895,,0.1235,,30.90,-4.07,167.9,174.0,1.051,0.202,1.838
1791428181.3163562,0.8440,0.7538,0.8030,0.7006,0.7006,0.8440,0.6350,0.7006,0.7006,0.3646,0.4998,0.5695,0.5695,0.0942,0.0205,0.0942,0.0410,0.5660,0.6905,0.6520,0.1245,-0.0385,31.05,-4.30,168.0,173.7,1.049,0.202,1.872
1791428181.347229,0.4998,0.6350,0.7006,0.5695,0.7006,0.7006,0.7538,0.5695,0.7538,0.2991,0.5695,0.5695,0.5695,0.0574,0.0246,0.1229,0.0369,0.5660,0.6885,0.6520,0.1225,-0.0365,31.31,-4.45,168.2,174.6,1.032,0.200,1.819
1791428181.3789408,0.3646,0.7538,0.7538,0.4998,0.4998,0.6350,0.7006,0.5695,0.7006,0.4302,0.4302,0.6350,0.4998,0.0737,0.0410,0.1229,0.0410,0.5660,0.6915,,0.1255,,31.54,-4.59,168.4,174.2,1.004,0.200,1.764
1791428181.4116547,0.6350,0.7538,0.4998,0.5695,0.5695,0.4998,0.7538,0.5695,0.5695,0.2991,0.4302,0.5695,0.5695,0.0942,0.0369,0.1229,0.0369,0.5660,0.6880,0.6530,0.1220,-0.0350,31.55,-4.65,168.0,174.4,1.023,0.200,1.856
1791428181.442735,0.6350,0.7006,0.7006,0.4998,0.7538,0.8030,0.7538,0.7538,0.7006,0.2991,0.4302,0.5695,0.5695,0.1229,0.0410,0.1557,0.0369,0.5660,0.6890,0.6530,0.1230,-0.0360,31.48,-4.68,168.3,174.0,1.077,0.200,1.929
1791428181.4757054,0.8030,0.5695,0.7538,0.4998,0.5695,0.7538,0.5695,0.4302,0.7006,0.4302,0.4302,0.6350,0.5695,0.0246,0.0164,0.0942,0.0369,0.5660,0.6885,0.6530,0.1225,-0.0355,31.96,-4.80,168.2,174.8,0.948,0.196,1.705
1791428181.509011,0.5695,0.7006,0.7006,0.6350,0.4998,0.8030,0.7538,0.6350,0.5695,0.2991,0.3646,0.6350,0.4998,0.0737,0.0574,0.0942,0.0246,0.5660,0.6895,,0.1235,,31.93,-4.85,168.5,175.1,0.996,0.197,1.815
1791428181.5425372,0.4302,0.7538,0.4302,0.4302,0.5695,0.7538,0.7538,0.4998,0.7538,0.3646,0.2991,0.6350,0.4998,0.0574,0.0246,0.0574,0.0369,0.5660,0.6870,,0.1210,,31.74,-4.72,168.4,174.9,1.109,0.198,1.894
1791428181.5762491,0.4302,0.7006,0.8440,0.5695,0.5695,0.8030,0.5695,0.6350,0.4998,0.3646,0.4302,0.5695,0.5695,0.0737,0.0369,0.0737,0.0410,0.5660,0.6905,0.6540,0.1245,-0.0365,31.75,-4.76,168.6,174.6,1.064,0.199,1.852
1791428181.6163344,0.7006,0.8030,0.6350,0.4998,0.4998,0.8440,0.8030,0.5695,0.5695,0.2991,0.4302,0.6350,0.4998,0.0942,0.0410,0.1229,0.0410,0.5660,0.6820,,0.1160,,31.25,-4.54,168.2,174.3,1.083,0.200,1.916
1791428181.647941,0.6350,0.8030,0.7538,0.4998,0.5695,0.8030,0.4998,0.5695,0.4998,0.3646,0.4302,0.5695,0.4998,0.0369,0.0246,0.1557,0.0369,0.5660,0.6820,,0.1160,,30.92,-4.40,167.8,174.7,1.042,0.201,1.801
1791428181.680963,0.4998,0.6350,0.5695,0.7006,0.4302,0.8030,0.6350,0.7006,0.7006,0.2458,0.2458,0.5695,0.4998,0.0246,0.0205,0.1229,0.0410,0.5660,0.6905,,0.1245,,31.25,-4.55,167.5,174.5,1.003,0.200,
1791428181.7113454,0.7006,0.5695,0.7538,0.6350,0.7538,0.7538,0.7006,0.7006,0.4998,0.3646,0.3646,0.7006,0.4998,0.0942,0.0410,0.0942,0.0410,0.5660,0.6835,,0.1175,,31.00,-4.48,167.3,174.4,1.010,0.200,1.820
1791428181.7434986,0.5695,0.7538,0.8030,0.6350,0.3646,0.7006,0.8030,0.7538,0.6350,0.3646,0.4998,0.7006,0.5695,0.0737,0.0410,0.1557,0.0410,0.5660,0.6900,0.6610,0.1240,-0.0290,31.27,-4.39,167.6,174.4,1.025,0.200,1.770
1791428181.7766676,0.5695,0.6350,0.6350,0.4998,0.6350,0.6350,0.4998,0.6350,0.5695,0.2991,0.4302,0.6350,0.4302,0.0737,0.0205,0.1229,0.0369,0.5660,0.6880,,0.1220,,31.22,-4.39,167.3,175.1,1.063,0.200,1.844
1791428181.810026,0.5695,0.6350,0.7006,0.6350,0.7006,0.9054,0.7006,0.7006,0.4998,0.2458,0.3646,0.6350,0.5695,0.0737,0.0164,0.1966,0.0410,0.5660,0.6920,0.6530,0.1260,-0.0390,31.98,-4.64,166.9,173.7,0.975,0.196,1.754
1791428181.843475,0.5695,0.5695,0.5695,0.4302,0.5695,0.7006,0.7006,0.5695,0.6350,0.2991,0.2458,0.5695,0.4998,0.0574,0.0737,0.0942,0.0369,0.5660,0.6850,,0.1190,,31.35,-4.46,167.1,173.8,1.127,0.200,
1791428181.884891,0.8767,0.6350,0.5695,0.4302,0.4998,0.7006,0.7006,0.5695,0.6350,0.3646,0.4998,0.6350,0.4302,0.0574,0.0369,0.1557,0.0205,0.5660,0.6830,,0.1170,,31.04,-4.27,166.8,173.9,1.123,0.201,1.914
1791428181.9169705,0.7538,0.5695,0.7006,0.7538,0.7006,0.6350,0.7538,0.6350,0.7538,0.3646,0.3646,0.5695,0.4998,0.0574,0.0369,0.0942,0.0410,0.5660,0.6860,,0.1200,,31.02,-4.29,167.0,173.8,1.022,0.200,1.832
1791428181.948475,0.4302,0.5695,0.7538,0.4998,0.4998,0.8440,0.6350,0.6350,0.6350,0.2991,0.4302,0.5695,0.5695,0.0737,0.0205,0.1229,0.0574,0.5660,0.6855,0.6510,0.1195,-0.0345,30.44,-4.31,167.0,173.8,1.119,0.205,2.006
1791428181.9795794,0.4302,0.7538,0.7006,0.5695,0.7006,0.7006,0.7006,0.4998,0.7538,0.3646,0.3646,0.4998,0.4998,0.0574,0.0410,0.0574,0.0410,0.5670,0.6895,,0.1225,,30.96,-4.45,167.3,173.6,1.001,0.201,1.727
1791428182.0108113,0.8030,0.5695,0.7538,0.6350,0.5695,0.8030,0.4998,0.7006,0.6350,0.2991,0.6350,0.6350,0.5695,0.0574,0.0410,0.1557,0.0205,0.5660,0.6875,0.6520,0.1215,-0.0355,31.02,-4.57,166.9,175.1,1.001,0.201,1.779
1791428182.0432603,0.7006,0.5695,0.6350,0.4998,0.7006,0.6350,0.7006,0.6350,0.3646,0.3646,0.2458,0.4998,0.4998,0.0410,0.0410,0.0942,0.0410,0.5660,0.6905,,0.1245,,31.36,-4.70,167.1,175.0,1.007,0.200,1.820
1791428182.0763216,0.7006,0.7538,0.6350,0.5695,0.5695,0.7538,0.5695,0.5695,0.5695,0.3646,0.3646,0.5695,0.5695,0.0737,0.0410,0.1557,0.0369,0.5660,0.6900,0.6520,0.1240,-0.0380,31.52,-4.84,167.5,175.4,0.998,0.199,1.753
1791428182.110058,0.5695,0.4998,0.7538,0.4998,0.6350,0.7538,0.5695,0.5695,0.6350,0.3646,0.2991,0.5695,0.5695,0.0246,0.0205,0.1966,0.0574,0.5660,0.6875,0.6550,0.1215,-0.0325,31.37,-4.74,167.9,175.4,1.065,0.200,1.849
1791428182.1445174,0.5695,0.5695,0.8030,0.5695,0.6350,0.4302,0.7006,0.5695,0.5695,0.4998,0.4302,0.5695,0.5695,0.0410,0.0164,0.0942,0.0410,0.5660,0.6870,0.6510,0.1210,-0.0360,31.31,-4.77,168.2,175.3,1.054,0.200,1.812
1791428182.184933,0.7006,0.6350,0.7538,0.4998,0.4998,0.7538,0.7006,0.6350,0.5695,0.2991,0.4998,0.5695,0.6350,0.0942,0.0410,0.0410,0.0410,0.5690,0.6845,0.6550,0.1155,-0.0295,30.81,-4.59,168.2,174.9,1.085,0.202,1.961
1791428182.2162166,0.5695,0.4998,0.7006,0.4302,0.6350,0.4998,0.8030,0.4998,0.5695,0.2991,0.5695,0.5695,0.5695,0.0574,0.0246,0.1557,0.0205,0.5660,0.6890,0.6570,0.1230,-0.0320,30.92,-4.46,167.9,175.0,1.141,0.202,1.929
1791428182.2481444,0.6350,0.4302,0.6350,0.7006,0.5695,0.8767,0.6350,0.4302,0.4998,0.3646,0.4302,0.6350,0.4998,0.0737,0.0246,0.0942,0.0369,0.5660,0.6875,,0.1215,,31.20,-4.48,167.3,175.0,1.049,0.200,1.803
1791428182.2789812,0.3646,0.7538,0.7538,0.5695,0.6350,0.6350,0.7538,0.6350,0.5695,0.4302,0.4998,0.4998,0.4998,0.0737,0.0410,0.1229,0.0246,0.5660,0.6915,,0.1255,,31.53,-4.59,167.3,174.8,1.055,0.199,1.831
1791428182.3108618,0.5695,0.7006,0.7538,0.5695,0.5695,0.7006,0.7006,0.7006,0.7006,0.2991,0.4302,0.5695,0.5695,0.1557,0.0205,0.0737,0.0369,0.5660,0.6895,0.6630,0.1235,-0.0265,31.51,-4.38,168.0,175.3,1.067,0.199,1.811
1791428182.3441973,0.4998,0.3646,0.8440,0.6350,0.7006,0.8030,0.7006,0.5695,0.5695,0.2991,0.4302,0.5695,0.4998,0.0410,0.0246,0.0410,0.0369,0.5660,0.6910,,0.1250,,31.42,-4.52,168.5,175.9,0.978,0.201,1.770
1791428182.3780131,0.8030,0.4998,0.7006,0.6350,0.6350,0.8440,0.7538,0.5695,0.5695,0.2458,0.3646,0.5695,0.4998,0.0942,0.0246,0.1229,0.0410,0.5660,0.6905,,0.1245,,31.78,-4.54,168.5,175.5,1.062,0.199,1.819
1791428182.4100454,0.3646,0.6350,0.5695,0.7006,0.5695,0.7006,0.6350,0.5695,0.6350,0.3646,0.4998,0.5695,0.4302,0.0369,0.0246,0.1229,0.0410,0.5660,0.6905,,0.1245,,31.83,-4.61,168.7,175.6,1.007,0.199,1.776
1791428182.4439976,0.6350,0.8030,0.8030,0.5695,0.7006,0.2458,0.7538,0.4998,0.5695,0.3646,0.2991,0.5695,0.5695,0.0942,0.0369,0.0737,0.0164,0.5660,,0.6550,,,31.83,-4.61,168.7,175.6,,,
1791428182.4844878,0.4302,0.5695,0.5695,0.5695,0.6350,0.7006,0.6350,0.4302,0.6350,0.3646,0.4998,0.4998,0.5695,0.0737,0.0737,0.0942,0.0369,0.5660,0.6840,,0.1180,,31.40,-4.47,168.5,175.4,1.026,0.200,1.893
1791428182.5167298,0.7006,0.6350,0.7006,0.5695,0.6350,0.7538,0.6350,0.5695,0.6350,0.3646,0.4302,0.6350,0.5695,0.0246,0.0246,0.0942,0.0164,0.5660,0.6865,0.6540,0.1205,-0.0325,31.08,-4.45,168.1,175.4,1.069,0.202,1.897
1791428182.5483406,0.5695,0.4998,0.7538,0.5695,0.5695,0.7538,0.6350,0.7538,0.7538,0.4302,0.4998,0.5695,0.5695,0.0737,0.0574,0.1229,0.0574,0.5660,0.6880,0.6490,0.1220,-0.0390,31.29,-4.74,167.5,175.6,0.913,0.201,1.708
1791428182.5799308,0.5695,0.6350,0.8030,0.6350,0.4998,0.8030,0.5695,0.4302,0.4998,0.2991,0.4998,0.7006,0.4998,0.0574,0.0205,0.1229,0.0410,0.5660,0.6915,,0.1255,,31.49,-4.84,167.5,175.3,1.015,0.200,1.804
1791428182.6118653,0.5695,0.5695,0.7006,0.4998,0.6350,0.7538,0.8767,0.5695,0.4302,0.4302,0.4302,0.5695,0.4998,0.0574,0.0246,0.0942,0.0410,0.5690,0.6825,,0.1135,,30.68,-4.64,166.7,175.6,1.054,0.204,1.907
1791428182.644371,0.4998,0.4998,0.7538,0.5695,0.6350,0.6350,0.5695,0.7006,0.7006,0.4998,0.5695,0.5695,0.5695,0.0942,0.0246,0.0737,0.0246,0.5660,0.6875,0.6550,0.1215,-0.0325,30.68,-4.59,166.9,175.2,1.052,0.204,1.886
1791428182.6776237,0.4998,0.8440,0.7538,0.4302,0.5695,0.7538,0.7006,0.3646,0.2991,0.2458,0.4998,0.4998,0.4998,0.0942,0.0164,0.1229,0.0369,0.5660,0.6855,,0.1195,,30.70,-4.57,166.5,175.5,0.994,0.203,1.805
1791428182.714005,0.4998,0.6350,0.7538,0.7006,0.6350,0.6350,0.7006,0.4998,0.7006,0.2991,0.2991,0.4998,0.5695,0.0574,0.0246,0.0942,0.0410,0.5690,0.6920,,0.1230,,31.09,-4.74,167.3,175.2,0.986,0.201,
1791428182.7544646,0.8440,0.7006,0.7538,0.5695,0.6350,0.8030,0.5695,0.6350,0.5695,0.5695,0.3646,0.4998,0.5695,0.1229,0.0942,0.0942,0.0574,0.5670,0.6900,,0.1230,,31.69,-4.81,167.7,175.3,0.996,0.197,1.763
1791428182.7861478,0.4302,0.8030,0.6350,0.6350,0.6350,0.7538,0.4302,0.6350,0.4302,0.2991,0.5695,0.5695,0.4998,0.0737,0.0369,0.1966,0.0246,0.5660,0.6915,,0.1255,,31.94,-4.87,167.7,175.0,1.041,0.196,1.849
1791428182.817114,0.4998,0.4998,0.7006,0.3646,0.5695,0.4302,0.8440,0.7006,0.8030,0.2991,0.4302,0.5695,0.5695,0.0574,0.0574,0.1229,0.0246,0.5660,0.6845,0.6540,0.1185,-0.0305,31.51,-4.70,167.5,175.0,1.069,0.198,1.931
1791428182.8492312,0.7006,0.2458,0.4998,0.7006,0.4302,0.8440,0.6350,0.8030,0.7538,0.4302,0.4302,0.5695,0.5695,0.0737,0.0574,0.0737,0.0410,0.5660,0.6895,0.6580,0.1235,-0.0315,31.66,-4.64,167.8,175.4,1.029,0.198,1.798
1791428182.8811393,0.5695,0.4302,0.6350,0.4998,0.4998,0.6350,0.8030,0.7006,0.6350,0.4302,0.4302,0.4998,0.6350,0.0737,0.0410,0.1557,0.0574,0.5660,0.6905,,0.1245,,31.66,-4.70,167.6,175.1,1.018,0.199,1.826
1791428182.912283,0.7006,0.7006,0.6350,0.6350,0.5695,0.7006,0.6350,0.7006,0.7538,0.3646,0.4302,0.6350,0.5695,0.0737,0.0410,0.0942,0.0369,0.5660,0.6910,0.6500,0.1250,-0.0410,31.95,-4.91,167.8,175.7,1.018,0.197,1.803
1791428182.9445066,0.5695,0.7006,0.4302,0.4998,0.7538,0.7006,0.5695,0.8030,0.6350,0.4302,0.4998,0.5695,0.4998,0.0410,0.0410,0.0737,0.0574,0.5660,0.6885,,0.1225,,31.86,-4.87,167.9,175.5,1.048,0.198,1.809
1791428182.9781466,0.5695,0.8030,0.7538,0.5695,0.5695,0.7006,0.7538,0.7006,0.5695,0.4302,0.5695,0.5695,0.6350,0.0369,0.0369,0.1966,0.0369,0.5660,0.6925,0.6520,0.1265,-0.0405,31.99,-5.03,167.5,175.1,1.019,0.198,1.798
1791428183.0112329,0.4302,0.8030,0.6350,0.7006,0.4998,0.7006,0.7006,0.6350,0.5695,0.4998,0.4998,0.6350,0.5695,0.0942,0.0410,0.1557,0.0369,0.5660,0.6910,0.6540,0.1250,-0.0370,32.15,-5.07,167.7,175.5,1.012,0.197,1.769
1791428183.0448313,0.7006,0.4998,0.8440,0.4998,0.6350,0.8030,0.7006,0.7538,0.7006,0.3646,0.4302,0.4998,0.5695,0.0574,0.0410,0.0942,0.0410,0.5660,0.6920,,0.1260,,32.37,-5.05,167.9,175.1,1.096,0.196,1.907
1791428183.0856137,0.4998,0.8030,0.7538,0.6350,0.6350,0.9054,0.7538,0.5695,0.6350,0.4302,0.4998,0.4998,0.4998,0.0574,0.0410,0.0942,0.0369,0.5660,0.6900,,0.1240,,32.37,-5.07,167.4,174.9,1.003,0.196,1.768
1791428183.1176536,0.5695,0.7538,0.6350,0.5695,0.6350,0.7538,0.8030,0.5695,0.5695,0.3646,0.3646,0.5695,0.4998,0.0737,0.0410,0.1229,0.0410,0.5660,0.6855,,0.1195,,32.05,-4.95,167.5,175.4,1.016,0.197,1.829
1791428183.148301,0.5695,0.6350,0.2991,0.5695,0.6350,0.7006,0.6350,0.4998,0.6350,0.2991,0.1966,0.4998,0.4998,0.0369,0.0737,0.0942,0.0410,0.5660,0.6860,,0.1200,,31.97,-4.86,166.6,175.3,1.027,0.197,
1791428183.1812158,0.6350,0.8030,0.7538,0.5695,0.4998,0.7538,0.7006,0.6350,0.7006,0.3646,0.3646,0.5695,0.5695,0.0410,0.0737,0.1229,0.0369,0.5670,0.6865,0.6560,0.1195,-0.0305,31.64,-4.68,166.9,175.4,1.098,0.198,1.967
1791428183.211044,0.4302,0.6350,0.4998,0.4998,0.5695,0.7538,0.6350,0.6350,0.5695,0.2991,0.4998,0.6350,0.4998,0.0574,0.0369,0.1229,0.0410,0.5660,0.6895,,0.1235,,31.59,-4.66,167.2,175.2,1.094,0.199,1.944
1791428183.2445147,0.4302,0.7538,0.7538,0.4302,0.6350,0.6350,0.7538,0.6350,0.4998,0.3646,0.1966,0.6350,0.5695,0.0942,0.0205,0.1557,0.0369,0.5660,0.6875,0.6560,0.1215,-0.0315,31.53,-4.66,167.3,175.2,0.970,0.199,1.738
1791428183.278273,0.4998,0.7006,0.7006,0.4998,0.7006,0.8440,0.8030,0.7006,0.5695,0.2991,0.4302,0.5695,0.5695,0.0574,0.0246,0.0369,0.0410,0.5660,0.6900,0.6530,0.1240,-0.0370,31.50,-4.75,167.8,174.7,1.038,0.200,1.877
1791428183.3112028,0.5695,0.7006,0.8030,0.5695,0.7006,0.8030,0.5695,0.7538,0.4998,0.2991,0.4998,0.7006,0.4998,0.0737,0.0410,0.1557,0.0369,0.5700,0.6880,,0.1180,,30.85,-4.63,168.3,175.0,1.145,0.204,2.034
1791428183.344093,0.5695,0.6350,0.8767,0.5695,0.6350,0.6350,0.5695,0.4998,0.5695,0.2991,0.3646,0.5695,0.6350,0.0737,0.0369,0.1229,0.0574,0.5660,0.6895,0.6560,0.1235,-0.0335,30.86,-4.60,167.4,174.5,1.076,0.204,1.904
1791428183.3776054,0.7538,0.8030,0.5695,0.4302,0.5695,0.7538,0.7006,0.7006,0.4998,0.3646,0.4302,0.5695,0.5695,0.1229,0.0369,0.1229,0.0410,0.5660,0.6845,0.6590,0.1185,-0.0255,30.40,-4.34,167.5,174.6,1.090,0.207,1.960
1791428183.4170837,0.4998,0.7006,0.7006,0.4998,0.4302,0.7538,0.6350,0.7538,0.5695,0.2991,0.1557,0.5695,0.4302,0.0205,0.0410,0.0574,0.0205,0.5660,0.6910,,0.1250,,30.82,-4.49,167.4,175.0,0.991,0.205,
1791428183.4499078,0.7006,0.7538,0.7006,0.4302,0.4998,0.6350,0.8030,0.7538,0.6350,0.3646,0.5695,0.5695,0.4998,0.0737,0.0410,0.0942,0.0369,0.5660,0.6850,,0.1190,,30.63,-4.43,167.4,175.3,1.010,0.205,1.842
1791428183.4825892,0.6350,0.4998,0.7538,0.4998,0.5695,0.7006,0.6350,0.7006,0.5695,0.3646,0.4302,0.5695,0.5695,0.0737,0.0369,0.0369,0.0410,0.5660,0.6865,0.6530,0.1205,-0.0335,30.51,-4.45,167.4,175.2,1.055,0.206,1.891
1791428183.5133183,0.7006,0.8030,0.5695,0.7006,0.4998,0.7538,0.7538,0.6350,0.8440,0.2458,0.4302,0.7006,0.5695,0.0737,0.0205,0.0574,0.0246,0.5660,0.6895,0.6550,0.1235,-0.0345,30.94,-4.53,167.7,175.8,1.012,0.203,1.777
1791428183.5453305,0.4302,0.5695,0.6350,0.6350,0.7006,0.7006,0.7006,0.5695,0.6350,0.2458,0.1557,0.5695,0.4302,0.0737,0.0574,0.0942,0.0410,0.5660,0.6905,,0.1245,,31.10,-4.59,167.1,175.3,1.050,0.203,
1791428183.5781095,0.7538,0.7538,0.5695,0.7006,0.7006,0.6350,0.6350,0.5695,0.7006,0.3646,0.5695,0.5695,0.4998,0.0123,0.0205,0.1229,0.0246,0.5660,0.6840,,0.1180,,30.73,-4.47,167.1,175.0,1.039,0.204,1.839
1791428183.6118743,0.4998,0.4998,0.6350,0.4998,0.6350,0.5695,0.7538,0.5695,0.6350,0.1557,0.4998,0.5695,0.4998,0.0369,0.0369,0.1229,0.0942,0.5660,0.6865,,0.1205,,30.59,-4.42,166.8,175.2,1.065,0.205,1.900
