timestamp,nose_score,left_eye_score,right_eye_score,left_ear_score,right_ear_score,left_shoulder_score,right_shoulder_score,left_elbow_score,right_elbow_score,left_wrist_score,right_wrist_score,left_hip_score,right_hip_score,left_knee_score,right_knee_score,left_ankle_score,right_ankle_score,head_depth_m,chest_depth_m,hip_depth_m,neck_forward_offset_m,torso_recline_offset_m,head_forward_deg,torso_pitch_deg,elbow_left_deg,elbow_right_deg,torso_len_sw,head_up_m,wrist_face_sw
1791426468.333244,0.4998,0.8440,0.7006,0.3646,0.8030,0.7006,0.6350,0.8030,0.4998,0.2458,0.1557,0.2991,0.4302,0.0574,0.0369,0.0246,0.0410,0.4260,0.6440,,0.2180,,69.39,,129.4,172.7,,0.081,
1791426468.3671355,0.2991,0.8030,0.7006,0.4998,0.5695,0.5695,0.5695,0.6350,0.2991,0.2458,0.4302,0.2991,0.1966,0.0574,0.0246,0.0942,0.0574,,0.6385,,,,69.39,,130.8,168.9,,0.081,
1791426468.3990674,0.3646,0.9054,0.6350,0.4302,0.4302,0.7538,0.4302,0.5695,0.4998,0.2458,0.0574,0.2458,0.4998,0.1229,0.0369,0.0369,0.0410,0.4260,0.6390,,0.2130,,69.25,,132.1,164.6,,0.082,
1791426468.4329133,0.7006,0.9054,0.7006,0.4302,0.4998,0.7006,0.7538,0.5695,0.7006,0.3646,0.1557,0.1966,0.1966,0.0410,0.0737,0.0369,0.0410,0.4260,0.6380,,0.2120,,68.95,,133.2,161.3,,0.083,1.344
1791426468.4662814,0.4998,0.8030,0.7538,0.4998,0.5695,0.6350,0.6350,0.4998,0.1966,0.3646,0.0942,0.2991,0.2458,0.0246,0.0205,0.0369,0.0246,0.4300,0.6395,,0.2095,,68.27,,133.7,156.2,,0.085,1.379
1791426468.505439,0.3646,0.7006,0.5695,0.4998,0.4302,0.6350,0.5695,0.5695,0.1966,0.0410,0.2991,0.4302,0.4302,0.0369,0.0369,0.0369,0.0369,0.4260,0.6370,,0.2110,,68.18,,128.7,154.5,0.794,0.085,
1791426468.537956,0.4302,0.4302,0.4302,0.3646,0.5695,0.5695,0.7006,0.7006,0.6350,0.2991,0.1229,0.2991,0.2991,0.0205,0.0205,0.1557,0.0410,0.4250,0.6365,,0.2115,,68.40,,130.6,152.6,,0.084,
1791426468.5690303,0.2991,0.6350,0.4998,0.4302,0.6350,0.5695,0.4302,0.6350,0.4998,0.3646,0.0942,0.3646,0.2458,0.0246,0.0410,0.0369,0.0737,,0.6390,,,,68.40,,131.8,148.9,,0.084,
1791426468.6008637,0.4302,0.6350,0.7006,0.4998,0.6350,0.2991,0.7006,0.5695,0.1966,0.0574,0.0737,0.1966,0.2991,0.0246,0.0410,0.0246,0.0246,0.4250,,,,,68.40,,131.8,148.9,,,
1791426468.63447,0.6350,0.7006,0.7006,0.4998,0.4302,0.7006,0.3646,0.8030,0.7006,0.2991,0.0737,0.1229,0.1229,0.0410,0.0369,0.0164,0.0369,0.4260,0.6445,,0.2185,,69.01,,132.4,142.4,,0.082,
1791426468.6669776,0.4302,0.7538,0.7538,0.4302,0.5695,0.8440,0.5695,0.6350,0.2991,0.2458,0.2458,0.2991,0.4998,0.0246,0.0164,0.0246,0.0369,0.4300,0.6415,,0.2115,,69.04,,133.1,143.5,,0.082,
1791426468.7009559,0.7538,0.7006,0.4998,0.5695,0.4998,0.6350,0.3646,0.7006,0.2991,0.1966,0.2458,0.2458,0.3646,0.0369,0.0369,0.0574,0.0574,0.4260,0.6460,,0.2200,,69.84,,133.9,124.2,,0.079,
1791426468.733678,0.6350,0.7006,0.5695,0.3646,0.4998,0.6350,0.7006,0.6350,0.2458,0.0737,0.0737,0.2458,0.1557,0.0246,0.0410,0.0574,0.0369,0.4260,0.6400,,0.2140,,69.97,,127.6,123.5,,0.078,
1791426468.7737517,0.4302,0.4998,0.5695,0.4998,0.4998,0.7006,0.6350,0.7006,0.6350,0.1229,0.0574,0.2991,0.4998,0.0410,0.0246,0.0369,0.0369,0.4280,0.6400,,0.2120,,69.85,,125.8,121.3,,0.079,
1791426468.8057034,0.7538,0.7006,0.5695,0.4302,0.4998,0.7006,0.6350,0.5695,0.2458,0.0574,0.0737,0.2991,0.1229,0.0410,0.0164,0.0574,0.0369,0.4290,0.6410,,0.2120,,70.18,,121.1,126.2,,0.077,
1791426468.836651,0.4998,0.7538,0.8440,0.4302,0.5695,0.7006,0.4998,0.5695,0.4302,0.0942,0.0942,0.2458,0.4998,0.0246,0.0369,0.0574,0.0410,0.4260,0.6345,,0.2085,,69.52,,114.7,,,0.079,
1791426468.8680005,0.2458,0.6350,0.4998,0.4302,0.4302,0.6350,0.6350,0.7538,0.5695,0.0246,0.2458,0.2458,0.1557,0.0737,0.0942,0.0123,0.0410,,0.6400,,,,69.52,,106.2,,,0.079,
1791426468.901465,0.3646,0.7538,0.4998,0.4998,0.6350,0.6350,0.5695,0.6350,0.1966,0.0574,0.0574,0.2991,0.2458,0.0942,0.0737,0.0369,0.0737,0.4260,0.6460,,0.2200,,69.68,,108.6,,,0.079,
1791426468.934057,0.2458,0.5695,0.2991,0.5695,0.4998,0.7538,0.4302,0.7006,0.4998,0.2458,0.0574,0.3646,0.4302,0.0369,0.0369,0.0574,0.0410,,0.6415,,,,69.68,,115.0,,0.754,0.079,
1791426468.9672956,0.4302,0.7538,0.7006,0.5695,0.4998,0.6350,0.4998,0.6350,0.4302,0.0737,0.3646,0.1966,0.4302,0.0410,0.0246,0.0246,0.0369,0.4260,0.6485,,0.2225,,69.93,,114.2,155.3,,0.079,0.797
1791426469.001399,0.2991,0.8030,0.7006,0.4302,0.4998,0.7538,0.6350,0.5695,0.4302,0.2458,0.0369,0.2991,0.2991,0.0246,0.0205,0.0246,0.0942,,0.6435,,,,69.93,,119.7,156.6,,0.079,
1791426469.0344706,0.5695,0.5695,0.7006,0.6350,0.5695,0.7006,0.5695,0.7006,0.4302,0.2458,0.2458,0.2458,0.1557,0.0410,0.0205,0.0369,0.0369,0.4250,0.6410,,0.2160,,69.77,,123.5,166.5,,0.080,
1791426469.0749888,0.4998,0.7006,0.7006,0.4302,0.6350,0.6350,0.6350,0.4998,0.2458,0.0369,0.2458,0.4302,0.2991,0.0574,0.0737,0.0246,0.0574,0.4260,0.6450,,0.2190,,69.63,,117.4,170.7,,0.080,
1791426469.1057029,0.2991,0.8030,0.6350,0.4998,0.6350,0.7538,0.3646,0.5695,0.1557,0.0410,0.1966,0.1966,0.1229,0.0574,0.0574,0.0369,0.0410,,0.6435,,,,69.63,,,174.6,,0.080,
1791426469.1367588,0.2458,0.6350,0.7006,0.4302,0.3646,0.7006,0.6350,0.5695,0.3646,0.2991,0.0942,0.4302,0.3646,0.0942,0.0574,0.0410,0.0574,,0.6465,,,,69.63,,,173.9,0.780,0.080,
1791426469.1694963,0.4302,0.8767,0.6350,0.4302,0.4302,0.5695,0.7538,0.5695,0.4998,0.2458,0.2458,0.2991,0.1966,0.0246,0.0942,0.0369,0.0369,0.4260,0.6380,,0.2120,,69.79,,,173.9,,0.079,
1791426469.200745,0.2991,0.9054,0.5695,0.4302,0.4998,0.8440,0.4302,0.6350,0.2458,0.2458,0.0737,0.1966,0.0942,0.0164,0.0246,0.0369,0.0369,,0.6375,,,,69.79,,,172.8,,0.079,
1791426469.2341187,0.3646,0.8767,0.7006,0.4998,0.5695,0.6350,0.5695,0.7006,0.5695,0.0737,0.1229,0.4302,0.1966,0.0410,0.0246,0.0574,0.0410,0.4260,0.6405,,0.2145,,69.71,,,173.6,,0.080,
1791426469.2685423,0.2458,0.7538,0.7538,0.4998,0.5695,0.6350,0.5695,0.7006,0.2991,0.1557,0.0574,0.2458,0.1966,0.0246,0.0246,0.0410,0.0410,,0.6455,,,,69.71,,,173.3,,0.080,
1791426469.3003383,0.2991,0.8030,0.3646,0.4998,0.4998,0.7538,0.5695,0.6350,0.1557,0.2991,0.0737,0.3646,0.4302,0.0410,0.0246,0.0205,0.0410,,0.6455,,,,69.71,,,171.6,0.801,0.080,
1791426469.3351011,0.5695,0.8030,0.7538,0.4302,0.4998,0.6350,0.4998,0.6350,0.1966,0.1557,0.1229,0.3646,0.3646,0.0574,0.0737,0.0369,0.0410,0.4260,0.6455,,0.2195,,69.43,,,172.5,0.769,0.081,
1791426469.3750327,0.6350,0.9423,0.5695,0.4302,0.6350,0.7006,0.5695,0.5695,0.3646,0.3646,0.0942,0.3646,0.1557,0.0737,0.0574,0.0123,0.0369,0.4260,0.6470,,0.2210,,69.83,,128.1,151.3,,0.080,1.374
1791426469.407067,0.3646,0.5695,0.7006,0.4302,0.4302,0.4998,0.6350,0.7006,0.2991,0.0942,0.1229,0.2991,0.1557,0.0737,0.0369,0.0369,0.1557,0.4260,0.6365,,0.2105,,69.85,,128.0,155.1,,0.079,
1791426469.43979,0.3646,0.8030,0.7538,0.5695,0.5695,0.7006,0.6350,0.6350,0.5695,0.1966,0.2991,0.2991,0.3646,0.0737,0.0369,0.0410,0.0369,0.4260,0.6420,,0.2160,,69.39,,129.5,167.5,,0.081,
1791426469.4691238,0.2458,0.7538,0.6350,0.4302,0.4998,0.6350,0.5695,0.7538,0.2991,0.0410,0.0737,0.4302,0.2458,0.0574,0.0942,0.0164,0.0410,,0.6400,,,,69.39,,127.6,172.8,,0.081,
1791426469.5014315,0.2991,0.7538,0.4998,0.5695,0.4302,0.7006,0.4998,0.6350,0.1966,0.2991,0.0942,0.4302,0.2458,0.0737,0.0410,0.0410,0.1229,,0.6340,,,,69.39,,130.1,,,0.081,
1791426469.5350943,0.3646,0.8440,0.7006,0.4998,0.5695,0.7006,0.2991,0.7006,0.5695,0.2458,0.0369,0.4302,0.4302,0.0246,0.0410,0.0574,0.0410,0.4270,,,,,69.39,,130.1,,,,
1791426469.567441,0.3646,0.8440,0.5695,0.4998,0.5695,0.7538,0.3646,0.7538,0.6350,0.2458,0.1966,0.2991,0.4998,0.0246,0.0369,0.0246,0.0410,0.4260,0.6470,,0.2210,,69.45,,130.8,,,0.081,
1791426469.60122,0.4998,0.8767,0.5695,0.4302,0.5695,0.5695,0.6350,0.5695,0.4998,0.2991,0.0942,0.2991,0.4998,0.0737,0.0942,0.0737,0.0164,0.4260,0.6385,,0.2125,,69.02,,131.8,,,0.083,
1791426469.6352627,0.4302,0.5695,0.6350,0.4998,0.4302,0.7006,0.7006,0.6350,0.2991,0.3646,0.1966,0.2458,0.1557,0.0574,0.0246,0.0574,0.0410,0.4260,0.6470,,0.2210,,69.29,,132.1,,,0.082,1.333
1791426469.6756015,0.3646,0.6350,0.5695,0.3646,0.5695,0.7538,0.3646,0.4998,0.2458,0.1557,0.0574,0.4302,0.4998,0.0942,0.0205,0.0246,0.0410,0.4260,0.6430,,0.2170,,69.76,,132.3,,0.742,0.080,
1791426469.7059891,0.4302,0.8440,0.7006,0.3646,0.5695,0.7538,0.5695,0.7006,0.2991,0.0369,0.2991,0.1966,0.2458,0.0164,0.0737,0.0369,0.0574,0.4260,0.6395,,0.2135,,69.77,,127.7,,,0.080,
1791426469.7384183,0.1557,0.9054,0.4998,0.4998,0.6350,0.7006,0.7538,0.7538,0.2991,0.2458,0.0574,0.4302,0.2991,0.0737,0.0737,0.0369,0.0369,,0.6420,,,,69.77,,129.3,,,0.080,
1791426469.7687106,0.1966,0.9054,0.5695,0.4998,0.4998,0.6350,0.7006,0.7538,0.2458,0.1557,0.0737,0.4302,0.3646,0.0246,0.0205,0.0369,0.0369,,0.6470,,,,69.77,,129.9,,0.804,0.080,
1791426469.8019187,0.1966,0.8030,0.7006,0.3646,0.4998,0.7006,0.7006,0.7538,0.4998,0.0737,0.0942,0.4998,0.1966,0.0246,0.0246,0.0410,0.0369,,0.6420,,,,69.77,,130.3,,,0.080,
1791426469.8351452,0.6350,0.9054,0.5695,0.5695,0.5695,0.6350,0.4302,0.6350,0.3646,0.2458,0.1229,0.2991,0.1966,0.0574,0.0574,0.0574,0.0574,0.4260,0.6460,,0.2200,,69.92,,130.7,,,0.079,
1791426469.8694367,0.4302,0.7538,0.7006,0.5695,0.6350,0.7006,0.7538,0.7006,0.1966,0.0574,0.1229,0.2458,0.4998,0.0574,0.0410,0.0369,0.0369,0.4260,0.6400,,0.2140,,69.83,,126.5,,,0.080,
1791426469.9020631,0.4998,0.8030,0.7538,0.4302,0.6350,0.4998,0.5695,0.4302,0.4302,0.0369,0.0737,0.1966,0.2458,0.0410,0.0205,0.0205,0.0574,0.4260,0.6400,,0.2140,,69.44,,120.9,,,0.081,
1791426469.9347162,0.7006,0.8767,0.8030,0.4998,0.5695,0.6350,0.3646,0.7538,0.4302,0.1966,0.1229,0.2991,0.1966,0.0574,0.0410,0.0164,0.0410,0.4260,0.6390,,0.2130,,69.46,,124.6,,,0.081,
1791426469.9736407,0.7538,0.7538,0.4302,0.4998,0.4302,0.8767,0.6350,0.7006,0.5695,0.2458,0.0942,0.2991,0.1557,0.0574,0.0164,0.0574,0.0574,0.4260,0.6360,,0.2100,,69.57,,127.9,,,0.080,
1791426470.0059195,0.2991,0.6350,0.4302,0.4998,0.4998,0.7538,0.4998,0.8030,0.1966,0.0574,0.2458,0.1557,0.1229,0.0574,0.0369,0.0246,0.0369,,0.6445,,,,69.57,,122.8,,,0.080,
1791426470.037273,0.1557,0.8030,0.7006,0.4998,0.5695,0.7538,0.6350,0.5695,0.5695,0.0737,0.2458,0.4998,0.1966,0.1229,0.0574,0.0369,0.0369,,0.6350,,,,69.57,,119.7,,,0.080,
1791426470.0694456,0.5695,0.7538,0.4998,0.4998,0.4998,0.6350,0.4998,0.6350,0.4302,0.2991,0.0737,0.3646,0.3646,0.0574,0.0737,0.0246,0.0410,0.4260,0.6455,,0.2195,,70.02,,122.8,,0.767,0.078,
1791426470.1021898,0.2458,0.7006,0.3646,0.4998,0.4998,0.8030,0.5695,0.8030,0.2458,0.0369,0.4302,0.1966,0.1229,0.0246,0.0369,0.0574,0.0410,,0.6420,,,,70.02,,118.5,156.7,,0.078,
1791426470.1352155,0.6350,0.6350,0.8030,0.4302,0.5695,0.7538,0.7006,0.6350,0.4998,0.0410,0.0737,0.2991,0.2458,0.0737,0.0246,0.0369,0.0574,0.4260,0.6425,,0.2165,,70.62,,120.8,156.0,,0.076,
1791426470.1691554,0.4302,0.6350,0.3646,0.4998,0.5695,0.8030,0.6350,0.7538,0.2991,0.0369,0.2458,0.2458,0.1557,0.0369,0.0737,0.0246,0.0369,0.4260,0.6450,,0.2190,,70.63,,,155.3,,0.076,
1791426470.2020829,0.2458,0.6350,0.4302,0.4998,0.6350,0.6350,0.3646,0.7006,0.2991,0.0574,0.1557,0.5695,0.4302,0.0369,0.0410,0.0410,0.0369,,0.6390,,,,70.63,,,144.1,0.803,0.076,
1791426470.236463,0.4998,0.8767,0.7006,0.4302,0.6350,0.7006,0.4998,0.8030,0.3646,0.0574,0.1229,0.1966,0.2458,0.0737,0.0369,0.0574,0.0410,0.4260,0.6430,,0.2170,,70.72,,,148.5,,0.076,
1791426470.2739217,0.4302,0.8030,0.4302,0.4998,0.3646,0.7538,0.7538,0.7538,0.3646,0.0574,0.1966,0.4302,0.4302,0.0942,0.0205,0.0246,0.0410,0.4260,0.6380,,0.2120,,70.56,,,151.9,0.797,0.076,
1791426470.3063364,0.2991,0.4302,0.7006,0.4998,0.5695,0.6350,0.5695,0.7006,0.1229,0.3646,0.1557,0.3646,0.3646,0.0410,0.0369,0.0369,0.0410,,0.6470,,,,70.56,,119.7,140.2,0.759,0.076,
1791426470.3373888,0.4998,0.9423,0.8030,0.4998,0.4998,0.7006,0.5695,0.7538,0.7006,0.2458,0.2458,0.5695,0.1966,0.0205,0.0410,0.0369,0.0369,0.4260,0.6440,,0.2180,,70.34,,122.6,147.8,,0.077,
1791426470.3693757,0.5695,0.8440,0.7006,0.5695,0.5695,0.6350,0.4998,0.6350,0.2458,0.0737,0.0942,0.3646,0.1966,0.0410,0.0369,0.0369,0.0369,0.4260,0.6445,,0.2185,,70.51,,121.5,139.4,,0.077,
1791426470.4016716,0.3646,0.8440,0.5695,0.7006,0.5695,0.7006,0.5695,0.6350,0.5695,0.2991,0.2991,0.4998,0.1557,0.0574,0.0205,0.0205,0.0369,0.4260,0.6395,,0.2135,,70.02,,125.4,146.1,,0.079,
1791426470.4354806,0.6350,0.8767,0.4998,0.4302,0.4302,0.5695,0.7538,0.7538,0.4302,0.0942,0.2458,0.3646,0.1966,0.0942,0.0574,0.0574,0.0410,0.4260,0.6415,,0.2155,,69.90,,125.1,151.6,,0.079,
1791426470.46993,0.2458,0.7006,0.6350,0.3646,0.5695,0.7006,0.4998,0.5695,0.1557,0.0410,0.0574,0.1966,0.4302,0.0410,0.0410,0.0246,0.0369,,0.6420,,,,69.90,,123.3,153.6,,0.079,
1791426470.5022767,0.2991,0.8767,0.6350,0.4302,0.4998,0.7006,0.3646,0.5695,0.7538,0.0574,0.0737,0.2458,0.4998,0.0369,0.0246,0.0369,0.0410,,0.6470,,,,69.90,,119.0,152.1,,0.079,
1791426470.5358963,0.4998,0.5695,0.7006,0.4998,0.5695,0.7006,0.4302,0.7538,0.6350,0.0369,0.0942,0.2991,0.4998,0.0574,0.0369,0.0164,0.0369,0.4260,0.6440,,0.2180,,69.72,,120.4,155.8,,0.080,
1791426470.574593,0.3646,0.7006,0.7006,0.4302,0.4998,0.7006,0.3646,0.7006,0.4998,0.1557,0.2991,0.1557,0.4302,0.0246,0.0205,0.0369,0.0410,0.4260,0.6420,,0.2160,,69.97,,123.9,160.7,,0.079,
1791426470.606944,0.4998,0.6350,0.4998,0.4302,0.4302,0.7538,0.4998,0.6350,0.2458,0.1966,0.2458,0.1966,0.4998,0.0574,0.0205,0.0205,0.0369,0.4260,0.6425,,0.2165,,70.43,,125.9,162.7,,0.077,
1791426470.6402783,0.7538,0.6350,0.7006,0.5695,0.4998,0.6350,0.5695,0.7538,0.5695,0.0410,0.1557,0.4302,0.4998,0.0410,0.0205,0.0369,0.0410,0.4260,0.6420,,0.2160,,70.80,,121.1,,0.815,0.075,
1791426470.6700304,0.4998,0.5695,0.7538,0.5695,0.4998,0.7006,0.5695,0.7538,0.2458,0.0574,0.1966,0.2458,0.4998,0.0205,0.0410,0.0164,0.0369,0.4260,0.6465,,0.2205,,71.09,,115.5,,,0.074,
1791426470.7024019,0.5695,0.8440,0.7538,0.4998,0.6350,0.7538,0.4302,0.8030,0.3646,0.2458,0.2991,0.1229,0.4998,0.0246,0.0205,0.0369,0.0410,0.4260,0.6440,,0.2180,,71.14,,119.9,,,0.074,
1791426470.7358253,0.2991,0.6350,0.4998,0.5695,0.4302,0.7538,0.6350,0.7538,0.2458,0.0369,0.0574,0.2991,0.1557,0.0369,0.0410,0.0574,0.0369,,0.6465,,,,71.14,,113.7,,,0.074,
1791426470.7687204,0.1966,0.5695,0.7538,0.4998,0.5695,0.6350,0.2991,0.6350,0.6350,0.3646,0.3646,0.2991,0.2458,0.0574,0.0246,0.0410,0.0410,,,,,,71.14,,113.7,,,,
1791426470.802322,0.7006,0.8767,0.7538,0.6350,0.5695,0.8030,0.6350,0.7006,0.5695,0.0574,0.0574,0.3646,0.1557,0.0369,0.0246,0.0369,0.0574,0.4260,0.6440,,0.2180,,71.14,,112.3,,,0.074,
1791426470.8359725,0.6350,0.5695,0.4998,0.4998,0.5695,0.7006,0.7006,0.7538,0.2991,0.0574,0.0942,0.4302,0.2991,0.0942,0.0369,0.0246,0.0369,0.4260,0.6450,,0.2190,,70.92,,,,,0.075,
1791426470.876737,0.5695,0.6350,0.6350,0.6350,0.4998,0.5695,0.4998,0.8030,0.5695,0.0369,0.0574,0.4302,0.1229,0.0574,0.0410,0.0369,0.0369,0.4260,0.6465,,0.2205,,70.94,,,,,0.075,
1791426470.9091432,0.3646,0.4998,0.7538,0.4998,0.6350,0.7538,0.6350,0.5695,0.1966,0.0737,0.2458,0.4998,0.2991,0.0369,0.0410,0.0246,0.0369,0.4260,0.6440,,0.2180,,70.30,,,,,0.078,
1791426470.939166,0.7006,0.6350,0.8440,0.6350,0.6350,0.7006,0.6350,0.6350,0.3646,0.0737,0.1966,0.4302,0.1229,0.1229,0.0369,0.0574,0.0369,0.4260,0.6460,,0.2200,,70.25,,,,,0.078,
1791426470.971118,0.3646,0.7006,0.7006,0.6350,0.4998,0.4998,0.4998,0.4302,0.3646,0.1229,0.0737,0.4302,0.2991,0.0369,0.0246,0.0246,0.0369,0.4260,0.6405,,0.2145,,70.24,,,,,0.078,
1791426471.003007,0.7006,0.7538,0.7538,0.4998,0.4998,0.5695,0.6350,0.8030,0.4998,0.0574,0.0942,0.4302,0.1966,0.0574,0.0410,0.0369,0.0574,0.4260,0.6410,,0.2150,,70.75,,,,,0.076,
1791426471.0366697,0.4302,0.5695,0.4998,0.5695,0.5695,0.6350,0.7006,0.7006,0.3646,0.2991,0.1557,0.2991,0.2991,0.0737,0.0942,0.0410,0.0410,0.4260,0.6410,,0.2150,,70.50,,,,,0.077,
1791426471.0692003,0.4302,0.7538,0.8030,0.5695,0.4998,0.7006,0.7006,0.6350,0.1966,0.0574,0.1229,0.4302,0.2991,0.0737,0.0410,0.0246,0.0369,0.4260,0.6445,,0.2185,,70.28,,,,,0.078,
1791426471.1030242,0.4998,0.7006,0.7538,0.4998,0.4998,0.5695,0.7538,0.6350,0.4998,0.0942,0.1229,0.4998,0.4998,0.0410,0.0574,0.0246,0.0410,0.4260,0.6430,,0.2170,,70.31,,,,0.732,0.078,
1791426471.137267,0.6350,0.6350,0.5695,0.4998,0.5695,0.7006,0.6350,0.7006,0.3646,0.0410,0.1229,0.5695,0.2991,0.0737,0.0246,0.0123,0.0246,0.4260,0.6455,,0.2195,,70.27,,,,,0.078,
1791426471.1766686,0.4302,0.8030,0.7538,0.4302,0.5695,0.6350,0.4302,0.7538,0.2458,0.0410,0.0410,0.4302,0.4302,0.0369,0.0410,0.0246,0.0369,0.4260,0.6405,,0.2145,,70.45,,,,0.759,0.077,
1791426471.2090454,0.6350,0.8030,0.7538,0.4998,0.4302,0.5695,0.5695,0.7006,0.2458,0.0737,0.2991,0.3646,0.1557,0.0574,0.0574,0.0369,0.0369,0.4260,0.6455,,0.2195,,70.35,,,,,0.078,
1791426471.2404912,0.4998,0.6350,0.7006,0.6350,0.4302,0.5695,0.5695,0.5695,0.4998,0.2991,0.0574,0.2991,0.4302,0.0410,0.0205,0.0410,0.0369,0.4260,0.6390,,0.2130,,70.04,,,,,0.079,
1791426471.2714858,0.4998,0.5695,0.7538,0.4998,0.4998,0.7006,0.3646,0.7538,0.4302,0.0574,0.2458,0.3646,0.1229,0.0574,0.0410,0.0369,0.0369,0.4260,0.6435,,0.2175,,70.34,,,,,0.077,
1791426471.3046036,0.3646,0.5695,0.7538,0.7006,0.4302,0.6350,0.3646,0.6350,0.5695,0.1229,0.1966,0.1966,0.1229,0.0574,0.0410,0.0246,0.0410,0.4260,0.6455,,0.2195,,69.90,,,,,0.080,
1791426471.3370569,0.2991,0.7006,0.7006,0.4998,0.4302,0.7006,0.4998,0.6350,0.5695,0.0410,0.0410,0.2458,0.4302,0.0369,0.0574,0.0246,0.0410,,0.6380,,,,69.90,,,,,0.080,
1791426471.370772,0.5695,0.4998,0.5695,0.6350,0.4302,0.5695,0.6350,0.7538,0.2991,0.0574,0.1557,0.3646,0.3646,0.0246,0.0369,0.0369,0.0410,0.4260,0.6465,,0.2205,,70.26,,,,0.723,0.078,
1791426471.4026232,0.4998,0.8030,0.8030,0.6350,0.6350,0.5695,0.5695,0.7006,0.3646,0.0737,0.0942,0.1229,0.2458,0.0205,0.0574,0.0369,0.0369,0.4260,0.6385,,0.2125,,70.41,,,,,0.077,
1791426471.4365883,0.4998,0.7538,0.6350,0.6350,0.3646,0.7006,0.6350,0.7006,0.2991,0.0410,0.1966,0.3646,0.3646,0.0369,0.0737,0.0369,0.0205,0.4260,0.6385,,0.2125,,70.60,,,,0.762,0.076,
1791426471.47119,0.6350,0.6350,0.8030,0.3646,0.5695,0.6350,0.6350,0.7006,0.1966,0.0410,0.1557,0.3646,0.1229,0.0246,0.0942,0.0410,0.0574,0.4260,0.6430,,0.2170,,70.54,,,,,0.076,
1791426471.5096872,0.3646,0.5695,0.5695,0.6350,0.7006,0.7006,0.5695,0.6350,0.1557,0.0369,0.1966,0.4302,0.1966,0.0737,0.0164,0.0369,0.0369,0.4260,0.6470,,0.2210,,70.41,,,,,0.077,
1791426471.5414233,0.6350,0.7538,0.7006,0.4302,0.5695,0.6350,0.7006,0.5695,0.1966,0.0574,0.0942,0.4998,0.4302,0.0737,0.0942,0.0369,0.0369,0.4260,0.6425,,0.2165,,70.54,,,,0.837,0.077,
1791426471.5727477,0.3646,0.7538,0.7006,0.6350,0.6350,0.5695,0.4302,0.7006,0.1557,0.2458,0.0942,0.4302,0.3646,0.0410,0.0369,0.0574,0.0246,0.4260,0.6445,,0.2185,,70.66,,,,0.709,0.076,
1791426471.6039104,0.7006,0.4998,0.7006,0.7538,0.5695,0.6350,0.7006,0.4302,0.1966,0.0246,0.2458,0.1229,0.4998,0.0737,0.0246,0.0246,0.0410,0.4250,0.6470,,0.2220,,70.82,,,,,0.076,
1791426471.6377118,0.2458,0.5695,0.7006,0.4998,0.4998,0.6350,0.4998,0.8030,0.2458,0.0574,0.3646,0.3646,0.4302,0.0942,0.0205,0.0164,0.0369,,0.6430,,,,70.82,,,155.9,0.768,0.076,
1791426471.6707902,0.6350,0.5695,0.8030,0.7006,0.4302,0.7006,0.5695,0.7006,0.4998,0.0410,0.1229,0.3646,0.3646,0.0942,0.0369,0.0410,0.0369,0.4260,0.6445,,0.2185,,70.97,,,155.4,0.752,0.075,
1791426471.7031622,0.5695,0.4998,0.8030,0.6350,0.5695,0.6350,0.6350,0.5695,0.1966,0.2991,0.2458,0.3646,0.1557,0.0574,0.0369,0.0246,0.0369,0.4260,0.6450,,0.2190,,70.58,,,157.5,,0.077,
1791426471.7373927,0.3646,0.7538,0.8030,0.5695,0.4998,0.7006,0.7538,0.8030,0.4302,0.0737,0.1229,0.4302,0.2991,0.0205,0.1229,0.0410,0.0574,0.4260,0.6410,,0.2150,,70.76,,,157.9,,0.076,
1791426471.7706263,0.5695,0.4998,0.8030,0.5695,0.4302,0.5695,0.5695,0.7538,0.1966,0.0574,0.3646,0.2991,0.4302,0.0205,0.0164,0.0369,0.0574,0.4260,0.6425,,0.2165,,70.16,,,152.9,,0.078,1.092
1791426471.811842,0.3646,0.8030,0.7006,0.4998,0.4302,0.5695,0.5695,0.7006,0.2458,0.0942,0.0942,0.2991,0.4302,0.0410,0.0369,0.0369,0.0410,0.4260,0.6425,,0.2165,,70.57,,,153.2,,0.077,
1791426471.8417656,0.7006,0.4998,0.4998,0.6350,0.4998,0.6350,0.8030,0.3646,0.1966,0.2458,0.2458,0.2991,0.2991,0.0205,0.0737,0.0369,0.0369,0.4260,0.6395,,0.2135,,70.63,,,152.9,,0.076,
1791426471.873834,0.7538,0.8030,0.7538,0.4998,0.4302,0.5695,0.4302,0.6350,0.1966,0.0574,0.3646,0.4998,0.1229,0.0246,0.0574,0.0410,0.0574,0.4260,0.6455,,0.2195,,71.12,,,149.7,,0.074,1.003
1791426471.9064844,0.7538,0.6350,0.7006,0.4998,0.5695,0.6350,0.7006,0.5695,0.2991,0.0410,0.3646,0.2991,0.3646,0.0205,0.0737,0.0205,0.0574,0.4260,0.6500,,0.2240,,71.33,,,175.1,,0.074,1.000
1791426471.9374747,0.2991,0.5695,0.7006,0.5695,0.4998,0.6350,0.8030,0.5695,0.2458,0.0574,0.0737,0.2991,0.2458,0.0410,0.0737,0.0246,0.0164,,0.6455,,,,71.33,,,179.7,,0.074,
1791426471.9711916,0.3646,0.4998,0.8440,0.6350,0.6350,0.4998,0.7006,0.7006,0.5695,0.0369,0.1966,0.1966,0.4302,0.0205,0.0942,0.0369,0.0369,0.4260,0.6435,,0.2175,,71.12,,,162.7,,0.075,
1791426472.0043359,0.5695,0.7006,0.8030,0.4302,0.6350,0.7006,0.5695,0.7006,0.4302,0.3646,0.2458,0.3646,0.3646,0.1557,0.0205,0.0410,0.0410,0.4260,0.6465,,0.2205,,70.61,,120.3,161.2,0.758,0.077,1.367
1791426472.0376756,0.7538,0.7006,0.8030,0.6350,0.6350,0.6350,0.6350,0.8030,0.4998,0.2458,0.0574,0.3646,0.2991,0.0246,0.0737,0.0205,0.0369,0.4260,0.6435,,0.2175,,71.09,,122.8,156.9,,0.075,
1791426472.0714297,0.7006,0.7538,0.8030,0.5695,0.4302,0.5695,0.6350,0.7538,0.7006,0.0942,0.1966,0.2991,0.2458,0.0574,0.0737,0.0369,0.0369,0.4260,0.6485,,0.2225,,71.20,,124.9,157.4,,0.075,
1791426472.110968,0.6350,0.8767,0.5695,0.7006,0.5695,0.7006,0.3646,0.8030,0.4302,0.0369,0.1229,0.4998,0.3646,0.0246,0.0410,0.0369,0.0369,0.4260,0.6465,,0.2205,,70.86,,121.4,151.9,0.802,0.076,
1791426472.1423078,0.4302,0.8440,0.6350,0.4998,0.6350,0.6350,0.4302,0.6350,0.5695,0.0737,0.1229,0.3646,0.1966,0.0410,0.0246,0.0369,0.0246,0.4260,0.6465,,0.2205,,70.11,,124.4,152.7,,0.080,
1791426472.174193,0.2991,0.8030,0.5695,0.4998,0.7538,0.5695,0.6350,0.7538,0.4998,0.2991,0.0574,0.3646,0.2458,0.0410,0.0942,0.0369,0.0410,,0.6465,,,,70.11,,126.4,154.3,,0.080,
1791426472.2060664,0.5695,0.5695,0.5695,0.4998,0.4998,0.4998,0.7006,0.7538,0.1557,0.0942,0.1966,0.4302,0.2991,0.0246,0.0205,0.0410,0.0410,0.4260,0.6460,,0.2200,,70.30,,127.5,154.9,,0.079,
1791426472.2376637,0.5695,0.8030,0.7006,0.5695,0.7006,0.8030,0.5695,0.5695,0.5695,0.2458,0.2991,0.2991,0.3646,0.0737,0.0942,0.0369,0.0410,0.4260,0.6410,,0.2150,,70.60,,128.8,153.7,,0.077,
1791426472.2713065,0.6350,0.8440,0.6350,0.6350,0.6350,0.8030,0.6350,0.8030,0.3646,0.0410,0.2991,0.3646,0.2458,0.0737,0.0246,0.0246,0.0574,0.4260,0.6435,,0.2175,,70.36,,125.7,152.9,,0.078,
1791426472.304737,0.5695,0.8030,0.7006,0.5695,0.4302,0.7006,0.5695,0.5695,0.3646,0.0737,0.2458,0.1966,0.1557,0.0737,0.0164,0.0369,0.0410,0.4260,0.6450,,0.2190,,70.49,,125.6,151.5,,0.077,
1791426472.338138,0.4998,0.7538,0.8030,0.6350,0.4302,0.5695,0.3646,0.5695,0.8030,0.0410,0.0942,0.0942,0.4998,0.0246,0.0737,0.0574,0.0369,0.4260,0.6500,,0.2240,,70.80,,119.9,176.4,,0.077,
1791426472.3793707,0.5695,0.8767,0.7538,0.5695,0.6350,0.6350,0.4998,0.7006,0.3646,0.0942,0.1966,0.2458,0.4302,0.0737,0.0369,0.0369,0.0410,0.4260,0.6395,,0.2135,,70.80,,123.6,179.6,,0.076,
1791426472.4114916,0.4998,0.7538,0.7538,0.4302,0.5695,0.7006,0.4302,0.7538,0.3646,0.0369,0.0942,0.3646,0.1966,0.0410,0.0246,0.0369,0.0369,0.4260,0.6465,,0.2205,,71.44,,121.4,169.9,,0.073,
1791426472.442162,0.5695,0.7538,0.8440,0.6350,0.6350,0.6350,0.6350,0.5695,0.2458,0.0737,0.1557,0.1557,0.1229,0.0737,0.0737,0.0246,0.0369,0.4260,0.6430,,0.2170,,71.58,,117.9,,,0.073,
1791426472.4743829,0.3646,0.6350,0.6350,0.5695,0.6350,0.7006,0.6350,0.8440,0.1966,0.0574,0.1229,0.3646,0.3646,0.0410,0.0205,0.0410,0.0410,0.4260,0.6450,,0.2190,,71.09,,119.8,,0.799,0.075,
1791426472.505196,0.6350,0.6350,0.7006,0.5695,0.6350,0.5695,0.5695,0.6350,0.2991,0.2991,0.2991,0.2458,0.1966,0.0410,0.0737,0.0410,0.0574,0.4260,0.6445,,0.2185,,70.74,,123.2,,,0.076,
1791426472.5382051,0.5695,0.8440,0.7538,0.5695,0.5695,0.6350,0.5695,0.7006,0.6350,0.0410,0.4302,0.2458,0.4302,0.0574,0.0246,0.0205,0.0369,0.4260,0.6395,,0.2135,,70.99,,,161.1,,0.075,1.103
1791426472.5720928,0.6350,0.5695,0.8030,0.4998,0.6350,0.5695,0.3646,0.7006,0.2991,0.2458,0.2458,0.4302,0.1966,0.0574,0.0942,0.0246,0.0574,0.4260,0.6465,,0.2205,,71.13,,,159.6,,0.075,
1791426472.605223,0.4302,0.8030,0.7006,0.4302,0.4998,0.6350,0.4998,0.4998,0.2458,0.0942,0.0942,0.1966,0.1966,0.0942,0.0574,0.0369,0.0369,0.4260,0.6435,,0.2175,,71.42,,,158.7,,0.073,
1791426472.6381586,0.6350,0.4998,0.6350,0.6350,0.5695,0.6350,0.6350,0.7006,0.4302,0.0410,0.2458,0.2458,0.2458,0.0410,0.0246,0.0369,0.0369,0.4250,0.6375,,0.2125,,71.30,,,155.9,,0.073,
1791426472.6720777,0.5695,0.6350,0.7006,0.4998,0.2991,0.7006,0.7006,0.7006,0.2991,0.0574,0.0410,0.3646,0.2458,0.0410,0.0246,0.0410,0.0942,0.4260,0.6400,,0.2140,,71.58,,,153.6,,0.072,
1791426472.7115185,0.6350,0.7006,0.7006,0.5695,0.6350,0.7538,0.4998,0.5695,0.2458,0.2991,0.0942,0.2991,0.1966,0.0737,0.0246,0.0410,0.0369,0.4260,0.6465,,0.2205,,71.57,,,152.0,,0.072,
1791426472.7441022,0.2458,0.8440,0.4998,0.7006,0.4998,0.5695,0.5695,0.7538,0.3646,0.0574,0.0737,0.4302,0.2991,0.0574,0.0942,0.0369,0.0369,,0.6430,,,,71.57,,,144.8,,0.072,
1791426472.7750812,0.4302,0.6350,0.7538,0.6350,0.5695,0.6350,0.2991,0.6350,0.1229,0.0737,0.0574,0.4302,0.1557,0.1557,0.0942,0.0369,0.0410,0.4260,,,,,71.57,,,144.8,,,
1791426472.8064995,0.6350,0.3646,0.4302,0.4302,0.5695,0.7006,0.5695,0.7006,0.2991,0.0574,0.1229,0.3646,0.2991,0.0410,0.0164,0.0205,0.0410,0.4250,0.6460,,0.2210,,71.15,,,146.0,,0.074,
1791426472.8384078,0.4302,0.8440,0.6350,0.4302,0.3646,0.6350,0.7006,0.7006,0.1966,0.0574,0.0574,0.3646,0.4302,0.0574,0.0410,0.0246,0.0369,0.4260,0.6480,,0.2220,,71.13,,,138.6,0.797,0.075,
1791426472.8727448,0.2991,0.7006,0.4998,0.4998,0.4998,0.6350,0.5695,0.7538,0.4302,0.0574,0.0942,0.4302,0.3646,0.0246,0.0737,0.0246,0.0574,,0.6420,,,,71.13,,,140.2,0.785,0.075,
1791426472.9057338,0.4302,0.8440,0.7006,0.5695,0.4998,0.7006,0.8030,0.6350,0.2991,0.0737,0.1557,0.2458,0.4302,0.0369,0.0574,0.0410,0.0410,0.4260,0.6440,,0.2180,,71.40,,,143.1,,0.074,
1791426472.9389555,0.4302,0.8440,0.8440,0.4998,0.5695,0.7006,0.7538,0.6350,0.5695,0.0942,0.0942,0.4302,0.1229,0.0410,0.0164,0.0369,0.0246,0.4260,0.6465,,0.2205,,71.14,,,142.4,,0.075,
1791426472.972102,0.6350,0.7006,0.4998,0.4998,0.5695,0.6350,0.4302,0.7538,0.5695,0.2458,0.2458,0.2991,0.1557,0.0574,0.0205,0.0164,0.0369,0.4260,0.6485,,0.2225,,71.43,,,144.8,,0.074,
1791426473.012655,0.4998,0.5695,0.7538,0.4302,0.5695,0.7006,0.4998,0.7006,0.1557,0.2458,0.3646,0.4302,0.1966,0.0410,0.0369,0.0369,0.0410,0.4260,0.6465,,0.2205,,71.59,,,178.5,,0.073,1.102
1791426473.0427792,0.5695,0.6350,0.5695,0.7006,0.4998,0.7538,0.6350,0.6350,0.1966,0.0410,0.1557,0.1966,0.1229,0.0246,0.0737,0.0246,0.0737,0.4260,0.6450,,0.2190,,71.77,,,176.8,,0.072,
1791426473.075136,0.4302,0.6350,0.5695,0.4998,0.4998,0.6350,0.7006,0.7538,0.7006,0.2458,0.1557,0.2458,0.4302,0.0410,0.0369,0.0246,0.0574,0.4260,0.6425,,0.2165,,71.60,,,172.8,,0.073,
1791426473.1059432,0.6350,0.7006,0.4998,0.5695,0.4998,0.7006,0.4998,0.7006,0.2458,0.2458,0.0737,0.2458,0.1966,0.0246,0.0410,0.0246,0.0369,0.4260,0.6475,,0.2215,,71.50,,,165.0,,0.073,
1791426473.138976,0.6350,0.4998,0.8440,0.4998,0.4998,0.7006,0.5695,0.6350,0.1966,0.0410,0.3646,0.3646,0.2991,0.1229,0.0410,0.0410,0.0369,0.4260,0.6460,,0.2200,,71.33,,,162.0,,0.074,1.105
1791426473.1723592,0.5695,0.5695,0.7006,0.4998,0.5695,0.7006,0.5695,0.4998,0.7006,0.0369,0.0574,0.1229,0.0737,0.0574,0.0369,0.0369,0.0369,0.4260,0.6445,,0.2185,,71.41,,,152.5,,0.074,
1791426473.2060428,0.7006,0.6350,0.4998,0.4998,0.4998,0.8030,0.4302,0.4302,0.2458,0.2458,0.0942,0.3646,0.1966,0.0574,0.0737,0.0246,0.0369,0.4260,0.6435,,0.2175,,70.91,,,151.8,,0.076,
1791426473.238629,0.2991,0.4998,0.7006,0.4998,0.3646,0.7006,0.6350,0.5695,0.3646,0.0737,0.0737,0.4998,0.2458,0.0737,0.0164,0.0369,0.0369,,0.6450,,,,70.91,,,149.8,,0.076,
1791426473.2725508,0.4302,0.5695,0.5695,0.4998,0.4998,0.7006,0.6350,0.4998,0.4998,0.0574,0.0942,0.3646,0.2458,0.0574,0.0369,0.0246,0.0410,0.4260,0.6400,,0.2140,,70.83,,,146.6,,0.076,
1791426473.311824,0.4302,0.6350,0.4998,0.4998,0.4998,0.7538,0.4302,0.6350,0.7006,0.1966,0.1966,0.6350,0.1966,0.0205,0.0246,0.0246,0.0410,0.4260,0.6385,,0.2125,,71.23,,,136.3,,0.074,
1791426473.3444362,0.8030,0.8767,0.4302,0.4998,0.6350,0.6350,0.7006,0.7538,0.1557,0.1229,0.0942,0.3646,0.1557,0.0164,0.0246,0.0574,0.0369,0.4260,0.6445,,0.2185,,71.33,,,138.5,,0.073,
1791426473.3751104,0.4998,0.7006,0.7006,0.5695,0.4998,0.4998,0.6350,0.7006,0.3646,0.0737,0.0942,0.3646,0.3646,0.0369,0.0205,0.0246,0.0369,0.4260,0.6410,,0.2150,,70.53,,,139.5,0.768,0.077,
1791426473.406115,0.6350,0.8030,0.8030,0.3646,0.5695,0.6350,0.6350,0.6350,0.1966,0.0574,0.0942,0.4302,0.2991,0.0737,0.0164,0.0369,0.0942,0.4260,0.6465,,0.2205,,70.56,,,136.8,,0.077,
1791426473.4396527,0.6350,0.6350,0.6350,0.4998,0.5695,0.8030,0.6350,0.5695,0.1966,0.0737,0.0737,0.4302,0.4302,0.0574,0.0246,0.0369,0.0410,0.4260,0.6435,,0.2175,,70.94,,,130.0,0.763,0.075,
1791426473.4722607,0.3646,0.7538,0.5695,0.4302,0.4998,0.7006,0.4302,0.6350,0.1229,0.0410,0.0737,0.4302,0.2458,0.0410,0.0369,0.0164,0.0369,0.4260,0.6470,,0.2210,,71.15,,,128.5,,0.074,
1791426473.506054,0.2991,0.5695,0.7538,0.6350,0.4998,0.4302,0.7006,0.6350,0.2458,0.0410,0.2458,0.2458,0.1229,0.0369,0.0246,0.0410,0.0574,,0.6450,,,,71.15,,,133.0,,0.074,
1791426473.53967,0.2991,0.7006,0.4998,0.5695,0.6350,0.7538,0.5695,0.4998,0.2991,0.2458,0.1966,0.3646,0.3646,0.0369,0.0410,0.0369,0.0369,,0.6415,,,,71.15,,,135.6,0.762,0.074,
1791426473.5790038,0.2458,0.7538,0.6350,0.4998,0.6350,0.6350,0.5695,0.6350,0.2991,0.0410,0.0574,0.4998,0.2991,0.0574,0.0205,0.0369,0.0574,,0.6425,,,,71.15,,,135.2,,0.074,
1791426473.611084,0.2991,0.7006,0.5695,0.4998,0.4998,0.7538,0.7006,0.5695,0.4302,0.0410,0.1557,0.3646,0.1229,0.1557,0.0410,0.0246,0.0205,,0.6440,,,,71.15,,,136.3,,0.074,
1791426473.6442864,0.3646,0.7006,0.7006,0.4302,0.5695,0.7006,0.7006,0.7006,0.1229,0.2458,0.0574,0.2991,0.3646,0.0574,0.0737,0.0369,0.0942,0.4260,0.6405,,0.2145,,71.30,,,137.1,,0.074,
1791426473.6745493,0.4302,0.7006,0.8030,0.4998,0.7006,0.7538,0.4998,0.7006,0.4302,0.0410,0.2991,0.2991,0.1229,0.0737,0.0246,0.0369,0.0410,0.4260,0.6430,,0.2170,,70.74,,,,,0.076,
1791426473.7064674,0.6350,0.8030,0.6350,0.4302,0.4302,0.5695,0.5695,0.4998,0.3646,0.0410,0.1229,0.2991,0.1557,0.0737,0.0410,0.0246,0.0369,0.4250,0.6430,,0.2180,,70.43,,,,,0.077,
1791426473.7399123,0.6350,0.3646,0.7006,0.7006,0.4998,0.6350,0.4998,0.7538,0.5695,0.0942,0.2991,0.4302,0.1229,0.0205,0.0205,0.0246,0.0410,0.4260,0.6465,,0.2205,,70.80,,,,,0.076,
1791426473.773441,0.3646,0.4998,0.6350,0.4998,0.5695,0.7538,0.5695,0.5695,0.3646,0.0574,0.1229,0.1557,0.1966,0.0574,0.0246,0.0246,0.0410,0.4260,0.6390,,0.2130,,70.53,,,,,0.077,
1791426473.8061934,0.3646,0.8030,0.5695,0.4302,0.4302,0.7006,0.5695,0.7538,0.3646,0.0737,0.0942,0.3646,0.2991,0.1229,0.0737,0.0369,0.0246,0.4260,0.6360,,0.2100,,70.75,,,,,0.075,
1791426473.8396447,0.4998,0.7538,0.7006,0.3646,0.5695,0.5695,0.7538,0.8030,0.2458,0.0410,0.1966,0.4302,0.3646,0.0574,0.0246,0.0369,0.0369,0.4260,0.6465,,0.2205,,71.12,,,,0.805,0.074,
1791426473.8785548,0.4998,0.8030,0.7538,0.4302,0.6350,0.7006,0.3646,0.8030,0.2458,0.0574,0.2991,0.2991,0.3646,0.0369,0.0574,0.0246,0.0410,0.4260,0.6455,,0.2195,,71.10,,,,,0.074,
1791426473.9102952,0.4302,0.7006,0.5695,0.6350,0.2991,0.6350,0.7006,0.6350,0.1557,0.0574,0.2991,0.3646,0.2991,0.0164,0.0369,0.0205,0.0369,0.4260,0.6435,,0.2175,,71.61,,,,,0.072,
1791426473.9416664,0.5695,0.4302,0.7006,0.4302,0.4302,0.6350,0.4302,0.7538,0.1966,0.0410,0.1557,0.2458,0.1229,0.0246,0.0737,0.0369,0.0369,0.4260,0.6415,,0.2155,,71.94,,,,,0.071,
1791426473.973327,0.6350,0.4998,0.6350,0.4998,0.5695,0.5695,0.4302,0.7006,0.6350,0.0410,0.0737,0.1557,0.3646,0.1229,0.0737,0.0205,0.0410,0.4250,0.6470,,0.2220,,71.82,,,,,0.072,
1791426474.0070508,0.5695,0.6350,0.8030,0.6350,0.4998,0.6350,0.5695,0.7006,0.5695,0.0574,0.2991,0.2991,0.1229,0.0410,0.0410,0.0164,0.0410,0.4250,0.6410,,0.2160,,71.69,,,,,0.072,
1791426474.03994,0.5695,0.7538,0.4998,0.4998,0.5695,0.7006,0.8030,0.7006,0.4998,0.0942,0.3646,0.3646,0.4998,0.0574,0.0942,0.0369,0.0369,0.4250,0.6415,,0.2165,,71.58,,,141.6,0.781,0.072,1.135
1791426474.073049,0.4302,0.8030,0.8030,0.4302,0.5695,0.7538,0.3646,0.5695,0.3646,0.0369,0.2458,0.3646,0.4302,0.0410,0.0246,0.0410,0.0574,0.4260,0.6410,,0.2150,,71.76,,,143.0,0.714,0.071,
1791426474.1070595,0.3646,0.8440,0.8440,0.5695,0.5695,0.5695,0.4998,0.6350,0.2991,0.0942,0.1557,0.2991,0.1966,0.0369,0.1229,0.0410,0.0369,0.4250,0.6420,,0.2170,,71.67,,,144.3,,0.072,
1791426474.1402175,0.6350,0.8030,0.5695,0.3646,0.4302,0.7538,0.5695,0.7538,0.4998,0.0942,0.1557,0.2458,0.1966,0.0737,0.1229,0.0369,0.0574,0.4260,0.6435,,0.2175,,72.16,,,144.0,,0.070,
1791426474.1799662,0.4302,0.7538,0.8030,0.4998,0.4998,0.7006,0.6350,0.7006,0.6350,0.1557,0.0574,0.4302,0.1966,0.0410,0.0369,0.0369,0.0410,0.4260,0.6425,,0.2165,,72.51,,,143.6,,0.068,
1791426474.2116787,0.5695,0.9054,0.8030,0.4998,0.4302,0.7006,0.5695,0.7006,0.4302,0.0574,0.0942,0.1966,0.1557,0.0574,0.0246,0.0574,0.0369,0.4260,0.6460,,0.2200,,72.63,,,143.3,,0.068,
1791426474.242553,0.6350,0.7006,0.6350,0.3646,0.4998,0.6350,0.7006,0.6350,0.1557,0.0574,0.1966,0.2458,0.1966,0.0246,0.0369,0.0369,0.0246,0.4260,0.6425,,0.2165,,73.08,,,133.3,,0.066,
1791426474.2740262,0.5695,0.7006,0.8030,0.7006,0.4998,0.4998,0.4998,0.7538,0.2458,0.0574,0.1966,0.2991,0.1557,0.0369,0.0205,0.0246,0.0369,0.4250,0.6430,,0.2180,,72.73,,,136.1,,0.068,
1791426474.3070664,0.4302,0.7006,0.6350,0.7006,0.5695,0.7538,0.6350,0.7538,0.2458,0.0737,0.0942,0.3646,0.1557,0.0574,0.0246,0.0369,0.0410,0.4260,0.6400,,0.2140,,72.59,,,130.4,,0.068,
1791426474.3396924,0.3646,0.6350,0.5695,0.4302,0.5695,0.7538,0.5695,0.7006,0.4998,0.0410,0.0737,0.2991,0.4302,0.0410,0.0246,0.0410,0.0410,0.4260,0.6360,,0.2100,,72.72,,,122.2,,0.067,
1791426474.3741527,0.4302,0.5695,0.8440,0.7006,0.5695,0.7538,0.5695,0.8030,0.4998,0.0574,0.1557,0.4302,0.2991,0.0369,0.0574,0.0369,0.0942,0.4260,0.6430,,0.2170,,72.86,,,130.2,,0.067,
1791426474.4075015,0.3646,0.6350,0.4302,0.5695,0.4998,0.7006,0.5695,0.7006,0.1557,0.2458,0.1229,0.1966,0.4302,0.0369,0.0574,0.0369,0.0410,0.4250,0.6430,,0.2180,,72.52,,,131.3,,0.068,
1791426474.4408388,0.4998,0.5695,0.6350,0.4998,0.4998,0.7006,0.4998,0.7006,0.5695,0.0410,0.0737,0.3646,0.4998,0.0737,0.0410,0.0369,0.0410,0.4250,0.6430,,0.2180,,72.63,,,129.0,0.735,0.068,
1791426474.480282,0.4998,0.7006,0.5695,0.5695,0.4998,0.4998,0.7006,0.5695,0.2991,0.2458,0.2458,0.3646,0.3646,0.0205,0.1229,0.0369,0.0369,0.4250,0.6405,,0.2155,,72.39,,,134.3,0.743,0.069,
1791426474.5117388,0.7006,0.4998,0.7006,0.5695,0.4998,0.6350,0.7006,0.7538,0.3646,0.0369,0.0942,0.3646,0.1557,0.0737,0.0410,0.0369,0.0205,0.4260,0.6440,,0.2180,,72.64,,,132.4,,0.068,
1791426474.5427508,0.6350,0.8440,0.7538,0.7006,0.4998,0.7006,0.5695,0.7538,0.2991,0.2991,0.1966,0.3646,0.2991,0.0737,0.0410,0.0410,0.0369,0.4250,0.6410,,0.2160,,72.31,,,136.9,,0.069,
1791426474.573755,0.3646,0.8440,0.7006,0.7006,0.6350,0.7538,0.5695,0.8030,0.7006,0.2458,0.0737,0.3646,0.1966,0.0205,0.0369,0.0369,0.0369,0.4260,0.6465,,0.2205,,72.51,,,,,0.068,
1791426474.6070106,0.7006,0.8767,0.4998,0.4998,0.7538,0.5695,0.5695,0.7538,0.4998,0.0410,0.2458,0.1229,0.1966,0.0369,0.0246,0.0410,0.0574,0.4260,0.6400,,0.2140,,72.38,,,,,0.069,
1791426474.6419413,0.4998,0.8767,0.7006,0.5695,0.6350,0.7538,0.4998,0.7538,0.2458,0.0574,0.1229,0.3646,0.1966,0.0369,0.0246,0.0246,0.0246,0.4250,0.6475,,0.2225,,72.29,,,,,0.070,
1791426474.6742551,0.2991,0.5695,0.7006,0.5695,0.5695,0.7006,0.5695,0.4998,0.4302,0.0574,0.2458,0.2458,0.1229,0.0369,0.0369,0.0164,0.0369,,0.6460,,,,72.29,,,,,0.070,
1791426474.7077608,0.6350,0.9054,0.3646,0.6350,0.5695,0.5695,0.4998,0.5695,0.3646,0.0369,0.2458,0.1966,0.1229,0.0369,0.0369,0.0205,0.0369,0.4260,0.6450,,0.2190,,72.72,,,,,0.068,
1791426474.7469127,0.4998,0.8030,0.7006,0.5695,0.4998,0.7006,0.5695,0.8030,0.1966,0.0369,0.1229,0.1966,0.1966,0.0737,0.0410,0.0246,0.0164,0.4260,0.6415,,0.2155,,73.01,,,,,0.066,
1791426474.7781487,0.5695,0.6350,0.6350,0.7006,0.4998,0.7006,0.4998,0.7006,0.2458,0.0410,0.2991,0.1229,0.1229,0.0410,0.0369,0.0205,0.0369,0.4260,0.6465,,0.2205,,73.14,,,,,0.066,
1791426474.8106537,0.3646,0.7538,0.4998,0.4998,0.4998,0.7006,0.4302,0.7538,0.4302,0.2458,0.0942,0.1966,0.1557,0.0410,0.0410,0.0205,0.0246,0.4250,0.6470,,0.2220,,72.73,,,,,0.068,
1791426474.841106,0.4998,0.8030,0.7538,0.5695,0.4998,0.5695,0.4998,0.8030,0.2991,0.0574,0.0574,0.2458,0.3646,0.0410,0.0410,0.0246,0.0410,0.4260,0.6460,,0.2200,,73.16,,,,,0.066,
1791426474.8739235,0.4302,0.5695,0.7006,0.3646,0.4998,0.7538,0.5695,0.6350,0.4998,0.1557,0.2458,0.3646,0.2991,0.0574,0.0205,0.0369,0.0205,0.4260,0.6425,,0.2165,,73.03,,,,,0.067,
1791426474.908709,0.5695,0.7538,0.7006,0.5695,0.4998,0.4998,0.7006,0.7538,0.6350,0.0574,0.2458,0.3646,0.2458,0.0410,0.0737,0.0410,0.0246,0.4260,0.6430,,0.2170,,72.81,,,,,0.068,
1791426474.941467,0.2458,0.7006,0.6350,0.4302,0.4998,0.7006,0.6350,0.7006,0.1966,0.0574,0.0942,0.4302,0.2458,0.0410,0.0369,0.0369,0.0410,,0.6460,,,,72.81,,,,,0.068,
1791426474.9743514,0.5695,0.8767,0.5695,0.5695,0.4998,0.7006,0.6350,0.5695,0.7006,0.0574,0.0942,0.3646,0.2458,0.1229,0.0737,0.0246,0.0369,0.4260,0.6405,,0.2145,,72.44,,,,,0.069,
1791426475.007694,0.4302,0.7006,0.5695,0.7006,0.5695,0.6350,0.7538,0.4998,0.4998,0.0410,0.1966,0.2458,0.2458,0.0246,0.0737,0.0369,0.0369,0.4250,0.6405,,0.2155,,72.26,,,,,0.069,
1791426475.0465226,0.3646,0.7006,0.7538,0.7006,0.4998,0.7538,0.7006,0.6350,0.1557,0.2991,0.1229,0.1966,0.2991,0.0205,0.0410,0.0246,0.0246,0.4250,0.6400,,0.2150,,71.97,,,,,0.071,
1791426475.0794613,0.2991,0.7006,0.8030,0.7006,0.6350,0.7006,0.6350,0.5695,0.2458,0.0410,0.0737,0.1557,0.1557,0.0246,0.0737,0.0410,0.0369,,0.6455,,,,71.97,,,,,0.071,
1791426475.1098742,0.3646,0.8030,0.5695,0.6350,0.5695,0.8030,0.6350,0.5695,0.3646,0.2991,0.2458,0.2458,0.2458,0.0369,0.0246,0.0205,0.0410,0.4260,0.6440,,0.2180,,72.42,,,,,0.069,
1791426475.1414015,0.5695,0.6350,0.5695,0.6350,0.5695,0.7006,0.2458,0.5695,0.5695,0.4998,0.1966,0.3646,0.2458,0.0205,0.0942,0.0246,0.0246,0.4260,,,,,72.42,,,,,,
1791426475.1742442,0.7006,0.5695,0.4998,0.6350,0.4998,0.5695,0.5695,0.6350,0.5695,0.0737,0.1557,0.4302,0.2991,0.0410,0.0369,0.0410,0.0410,0.4260,0.6395,,0.2135,,72.55,,,,,0.068,
1791426475.2078626,0.4302,0.7538,0.4998,0.7006,0.4998,0.5695,0.5695,0.5695,0.4998,0.3646,0.1557,0.4302,0.2991,0.0369,0.0737,0.0369,0.0410,0.4270,0.6400,,0.2130,,72.42,,126.6,,,0.068,1.303
1791426475.2407813,0.2991,0.7538,0.7538,0.7006,0.4998,0.7538,0.4998,0.6350,0.3646,0.0942,0.2991,0.4302,0.2458,0.0737,0.0410,0.0369,0.0574,,0.6470,,,,72.42,,127.6,,,0.068,
1791426475.275311,0.4998,0.7538,0.7538,0.6350,0.5695,0.6350,0.6350,0.4998,0.4302,0.0737,0.2458,0.3646,0.1557,0.0205,0.0574,0.0369,0.0410,0.4260,0.6450,,0.2190,,72.52,,128.2,,,0.068,
1791426475.3146176,0.5695,0.8767,0.5695,0.6350,0.5695,0.6350,0.6350,0.6350,0.5695,0.0574,0.0942,0.1966,0.1966,0.0942,0.0574,0.0369,0.0369,0.4270,0.6480,,0.2210,,72.89,,123.6,,,0.067,
1791426475.3469524,0.5695,0.4998,0.4302,0.6350,0.4302,0.4302,0.5695,0.7006,0.1557,0.0737,0.1229,0.3646,0.2991,0.0737,0.0246,0.0410,0.0410,0.4260,0.6455,,0.2195,,73.01,,120.3,,,0.067,
1791426475.3786862,0.6350,0.4302,0.7006,0.7006,0.6350,0.5695,0.6350,0.7006,0.3646,0.0574,0.2991,0.2991,0.3646,0.0369,0.0410,0.0246,0.0369,0.4260,0.6475,,0.2215,,72.57,,115.6,,,0.069,
1791426475.4101284,0.4302,0.7006,0.7006,0.7006,0.5695,0.8030,0.8030,0.7006,0.4998,0.0574,0.2991,0.1557,0.1557,0.1229,0.0942,0.0369,0.0369,0.4260,0.6400,,0.2140,,72.47,,120.4,,,0.069,
1791426475.4424822,0.4302,0.6350,0.7006,0.6350,0.5695,0.7006,0.7006,0.7006,0.2991,0.0410,0.1557,0.4302,0.2991,0.0369,0.0737,0.0369,0.0410,0.4260,0.6410,,0.2150,,72.77,,117.8,,,0.067,
1791426475.4747367,0.3646,0.8440,0.5695,0.4998,0.5695,0.7006,0.5695,0.6350,0.2458,0.0574,0.0574,0.3646,0.1557,0.0737,0.0737,0.0369,0.0369,0.4270,0.6450,,0.2180,,73.21,,120.2,,,0.066,
1791426475.5082402,0.5695,0.7538,0.4998,0.6350,0.4998,0.4998,0.4998,0.7006,0.3646,0.0574,0.2458,0.1966,0.1966,0.0574,0.0369,0.0246,0.0410,0.4260,0.6465,,0.2205,,73.33,,121.9,,,0.065,
1791426475.5419161,0.5695,0.8440,0.4998,0.6350,0.4998,0.6350,0.4998,0.7006,0.2458,0.1229,0.2458,0.4302,0.1966,0.0410,0.0164,0.0246,0.0369,0.4260,0.6390,,0.2130,,72.58,,126.2,,,0.068,
1791426475.5751183,0.7006,0.5695,0.4998,0.5695,0.5695,0.7006,0.5695,0.5695,0.3646,0.2458,0.1966,0.3646,0.1966,0.0410,0.0369,0.0410,0.0410,0.4260,0.6415,,0.2155,,72.40,,128.4,,,0.069,
1791426475.6153529,0.3646,0.7006,0.5695,0.6350,0.6350,0.6350,0.6350,0.6350,0.5695,0.0942,0.2458,0.4302,0.3646,0.0574,0.0737,0.0246,0.0369,0.4280,0.6455,,0.2175,,72.33,,129.8,,0.768,0.069,
1791426475.6479151,0.4998,0.7006,0.6350,0.5695,0.5695,0.7006,0.6350,0.6350,0.3646,0.3646,0.0942,0.2458,0.1557,0.0246,0.0410,0.0246,0.0369,0.4300,0.6450,,0.2150,,72.94,,130.4,,,0.066,1.233
1791426475.6782205,0.5695,0.7538,0.4998,0.6350,0.4302,0.7538,0.4998,0.7006,0.2991,0.0942,0.3646,0.3646,0.3646,0.0942,0.1557,0.0410,0.0574,0.4260,0.6450,,0.2190,,73.34,,130.5,,0.691,0.065,1.028
1791426475.7093782,0.2991,0.7006,0.5695,0.4998,0.5695,0.7006,0.6350,0.6350,0.4302,0.1229,0.1557,0.3646,0.0942,0.0205,0.0369,0.0410,0.0574,,0.6430,,,,73.34,,127.8,,,0.065,
1791426475.742569,0.4302,0.8440,0.7006,0.5695,0.6350,0.7538,0.5695,0.7538,0.2458,0.0574,0.1557,0.3646,0.1557,0.0205,0.0205,0.0246,0.0369,0.4260,0.6450,,0.2190,,73.41,,124.5,,,0.065,
1791426475.7755187,0.4998,0.7006,0.6350,0.7006,0.5695,0.7006,0.7006,0.6350,0.2458,0.0410,0.3646,0.2458,0.1229,0.0574,0.0410,0.0246,0.0369,0.4270,0.6425,,0.2155,,73.50,,121.0,145.2,,0.064,1.100
1791426475.8085294,0.2458,0.6350,0.6350,0.5695,0.5695,0.8030,0.5695,0.4998,0.4998,0.0737,0.0410,0.1966,0.1229,0.0246,0.0246,0.0369,0.0410,,0.6465,,,,73.50,,118.2,141.2,,0.064,
1791426475.8425581,0.4302,0.7538,0.5695,0.4998,0.4998,0.7538,0.5695,0.7006,0.2991,0.1966,0.1966,0.2991,0.1557,0.0410,0.0410,0.0369,0.0369,0.4260,0.6460,,0.2200,,73.00,,121.8,141.2,,0.067,
1791426475.8757803,0.4302,0.7538,0.5695,0.6350,0.4302,0.8030,0.4302,0.7006,0.5695,0.3646,0.1966,0.3646,0.1966,0.0942,0.1557,0.0369,0.0369,0.4260,0.6415,,0.2155,,72.75,,124.5,142.0,,0.067,1.340
1791426475.9152904,0.2991,0.4998,0.6350,0.5695,0.4998,0.7006,0.5695,0.7006,0.5695,0.1966,0.1966,0.4302,0.4302,0.1229,0.0574,0.0737,0.0369,,0.6415,,,,72.75,,126.6,141.7,0.809,0.067,
1791426475.9459145,0.5695,0.4998,0.5695,0.4998,0.5695,0.5695,0.4998,0.5695,0.2991,0.2458,0.0737,0.2991,0.1966,0.0369,0.1229,0.0369,0.0369,0.4260,0.6445,,0.2185,,72.82,,129.1,139.8,,0.067,
1791426475.9774692,0.7538,0.8030,0.4998,0.5695,0.5695,0.6350,0.6350,0.8030,0.5695,0.0942,0.0942,0.2458,0.1557,0.0574,0.0737,0.0369,0.0369,0.4290,0.6400,,0.2110,,73.34,,129.6,141.3,,0.065,
1791426476.0094492,0.6350,0.5695,0.7538,0.5695,0.4998,0.5695,0.7006,0.6350,0.4998,0.0410,0.0369,0.4302,0.1229,0.0369,0.0246,0.0164,0.0369,0.4260,0.6380,,0.2120,,73.50,,123.5,134.8,,0.064,
1791426476.042387,0.5695,0.6350,0.5695,0.5695,0.4998,0.6350,0.7006,0.7538,0.6350,0.0942,0.2991,0.3646,0.2991,0.0737,0.0942,0.0205,0.0369,0.4310,0.6440,,0.2130,,73.72,,126.1,138.2,,0.063,
1791426476.0759392,0.4998,0.7538,0.7006,0.6350,0.6350,0.4998,0.5695,0.6350,0.4302,0.0942,0.1229,0.3646,0.2991,0.0369,0.0410,0.0164,0.0246,0.4320,0.6395,,0.2075,,73.70,,127.9,137.9,,0.062,
1791426476.1088269,0.7538,0.5695,0.6350,0.6350,0.4998,0.6350,0.6350,0.6350,0.2991,0.0574,0.2991,0.2458,0.2991,0.0246,0.0410,0.0369,0.0410,0.4260,0.6390,,0.2130,,73.77,,128.9,126.7,,0.062,
1791426476.1438816,0.4998,0.8030,0.7538,0.7006,0.6350,0.6350,0.5695,0.6350,0.1966,0.0574,0.1966,0.1557,0.1966,0.0205,0.0246,0.0369,0.0410,0.4260,0.6435,,0.2175,,74.10,,125.5,132.7,,0.061,
1791426476.182927,0.7538,0.6350,0.4302,0.4998,0.5695,0.7538,0.6350,0.7006,0.4998,0.0942,0.1229,0.2991,0.2991,0.0369,0.0410,0.0369,0.0369,0.4270,0.6445,,0.2175,,73.64,,126.7,132.0,,0.063,
1791426476.2137077,0.7538,0.7006,0.4998,0.6350,0.4998,0.7006,0.5695,0.7538,0.4302,0.0574,0.1229,0.1557,0.2991,0.0942,0.0246,0.0410,0.0410,0.4320,0.6440,,0.2120,,73.58,,128.2,133.8,,0.063,
1791426476.244675,0.7006,0.3646,0.4302,0.5695,0.5695,0.7006,0.5695,0.6350,0.1966,0.0942,0.1557,0.4998,0.2991,0.0246,0.0246,0.0369,0.0410,0.4260,0.6415,,0.2155,,73.38,,128.0,127.4,,0.064,
1791426476.276506,0.4302,0.4302,0.6350,0.6350,0.5695,0.5695,0.6350,0.7538,0.3646,0.1229,0.3646,0.3646,0.1966,0.0410,0.0574,0.0369,0.0369,0.4270,0.6415,,0.2145,,73.29,,129.2,131.4,,0.064,1.054
1791426476.3088465,0.4998,0.4998,0.7006,0.4302,0.5695,0.7006,0.4998,0.7538,0.1966,0.0574,0.1557,0.4302,0.1229,0.0410,0.0410,0.0205,0.0574,0.4320,0.6435,,0.2115,,73.31,,130.0,133.5,,0.064,
1791426476.3437357,0.3646,0.6350,0.5695,0.5695,0.4998,0.8767,0.6350,0.6350,0.4998,0.1557,0.3646,0.3646,0.1229,0.0246,0.0410,0.0369,0.0574,0.4260,0.6410,,0.2150,,73.20,,130.5,136.0,,0.065,1.037
1791426476.37561,0.4998,0.3646,0.5695,0.5695,0.4998,0.7006,0.6350,0.7006,0.3646,0.1229,0.1557,0.3646,0.2991,0.0737,0.0737,0.0369,0.0574,0.4300,0.6455,,0.2155,,73.09,,131.0,136.4,,0.065,
1791426476.4098325,0.4302,0.5695,0.7538,0.5695,0.4998,0.7006,0.7006,0.5695,0.1557,0.2458,0.0942,0.5695,0.1557,0.0205,0.0246,0.0369,0.0369,0.4260,0.6440,,0.2180,,73.25,,,135.9,,0.065,
1791426476.4489005,0.4302,0.7006,0.8030,0.6350,0.4302,0.6350,0.5695,0.7006,0.1966,0.0737,0.4302,0.2458,0.2991,0.0737,0.0369,0.0164,0.0410,0.4280,0.6480,,0.2200,,73.13,,,159.0,,0.066,0.819
1791426476.4817634,0.5695,0.7006,0.5695,0.6350,0.5695,0.5695,0.5695,0.8440,0.2458,0.0410,0.1557,0.2458,0.4302,0.0574,0.0410,0.0410,0.0369,0.4260,0.6420,,0.2160,,73.24,,,162.1,,0.065,
1791426476.512381,0.3646,0.4998,0.7538,0.4998,0.4302,0.7006,0.6350,0.7006,0.4302,0.1229,0.2991,0.2991,0.2991,0.0737,0.0737,0.0369,0.0369,0.4260,0.6385,,0.2125,,73.23,,,164.4,,0.065,
1791426476.543764,0.2458,0.4302,0.8030,0.7006,0.5695,0.7006,0.6350,0.6350,0.4302,0.0737,0.0942,0.1557,0.4998,0.0942,0.0410,0.0369,0.0369,,0.6385,,,,73.23,,,164.5,,0.065,
1791426476.5774505,0.4302,0.6350,0.4998,0.6350,0.5695,0.5695,0.4302,0.8030,0.5695,0.3646,0.0942,0.4998,0.3646,0.0246,0.0737,0.0574,0.0369,0.4310,0.6390,,0.2080,,73.09,,127.9,163.0,0.808,0.065,1.351
1791426476.6096106,0.2991,0.5695,0.7006,0.4302,0.4998,0.7538,0.8030,0.5695,0.1966,0.0410,0.1229,0.2991,0.2458,0.0369,0.0369,0.0205,0.0246,,0.6455,,,,73.09,,124.5,166.9,,0.065,
1791426476.6434968,0.6350,0.8030,0.7538,0.4998,0.4998,0.7006,0.4998,0.6350,0.1966,0.0574,0.0942,0.3646,0.2991,0.0246,0.1557,0.0246,0.0410,0.4260,0.6410,,0.2150,,72.93,,126.1,162.8,,0.066,
1791426476.677477,0.2991,0.7006,0.4998,0.6350,0.4302,0.7006,0.6350,0.6350,0.2458,0.1229,0.0942,0.3646,0.2991,0.0942,0.0369,0.0574,0.0369,,0.6440,,,,72.93,,127.8,160.4,,0.066,
1791426476.714442,0.4302,0.5695,0.6350,0.4998,0.4302,0.6350,0.5695,0.7006,0.4302,0.0737,0.0410,0.2991,0.1229,0.0410,0.0369,0.0410,0.0369,0.4270,0.6430,,0.2160,,73.44,,121.5,153.0,,0.064,
1791426476.7460198,0.3646,0.7538,0.4998,0.4998,0.4998,0.5695,0.3646,0.7538,0.3646,0.0942,0.2458,0.4302,0.1966,0.0205,0.0410,0.0369,0.0369,0.4260,0.6400,,0.2140,,73.13,,124.3,156.3,,0.065,
1791426476.7774947,0.5695,0.5695,0.6350,0.5695,0.5695,0.5695,0.4302,0.6350,0.1966,0.0410,0.0737,0.2991,0.2991,0.0574,0.0410,0.0369,0.0369,0.4290,0.6470,,0.2180,,73.56,,122.7,151.2,,0.063,
1791426476.8095317,0.5695,0.4998,0.7538,0.7006,0.3646,0.7006,0.4302,0.6350,0.2991,0.0574,0.3646,0.4302,0.2991,0.0205,0.0369,0.0369,0.0369,0.4310,0.6420,,0.2110,,73.06,,118.4,149.3,,0.065,1.072
1791426476.8432422,0.4302,0.7006,0.7006,0.5695,0.4302,0.6350,0.6350,0.7006,0.3646,0.0574,0.1966,0.1966,0.1229,0.0246,0.0369,0.0246,0.0369,0.4260,0.6420,,0.2160,,73.17,,119.5,154.3,,0.065,
1791426476.8763602,0.2991,0.7538,0.5695,0.6350,0.4998,0.7006,0.2991,0.7006,0.1557,0.0942,0.1966,0.2991,0.1229,0.0574,0.0246,0.0574,0.0369,,,,,,73.17,,119.5,154.3,,,
1791426476.9099722,0.7006,0.7538,0.7006,0.7538,0.5695,0.5695,0.7538,0.5695,0.5695,0.1557,0.2458,0.1557,0.1966,0.0246,0.0737,0.0410,0.0369,0.4280,0.6445,,0.2165,,73.21,,123.2,155.7,,0.065,
1791426476.9433556,0.6350,0.6350,0.5695,0.6350,0.5695,0.6350,0.7538,0.7538,0.2991,0.2458,0.1229,0.4302,0.3646,0.0574,0.0737,0.0369,0.0369,0.4260,0.6460,,0.2200,,72.69,,126.3,156.5,0.757,0.067,
1791426476.9836242,0.6350,0.5695,0.4302,0.7006,0.5695,0.6350,0.4998,0.7006,0.4302,0.0737,0.1557,0.4302,0.3646,0.0410,0.0369,0.0410,0.0574,0.4280,0.6415,,0.2135,,72.69,,124.9,158.1,0.770,0.067,
1791426477.0159805,0.4998,0.8767,0.4998,0.5695,0.4302,0.5695,0.6350,0.7006,0.4998,0.0574,0.1229,0.4302,0.4302,0.0574,0.1229,0.0246,0.0574,0.4260,0.6465,,0.2205,,73.25,,126.9,161.9,0.757,0.065,
1791426477.0461266,0.1966,0.4302,0.7006,0.7006,0.4998,0.8030,0.7006,0.7006,0.2991,0.0737,0.1229,0.3646,0.1557,0.0369,0.0246,0.0737,0.1229,,0.6465,,,,73.25,,125.7,154.5,,0.065,
1791426477.0785627,0.5695,0.6350,0.6350,0.5695,0.5695,0.7006,0.7538,0.6350,0.3646,0.2991,0.0737,0.3646,0.3646,0.0737,0.0246,0.0410,0.0369,0.4270,0.6370,,0.2100,,73.23,,128.6,156.3,0.790,0.065,
1791426477.1103365,0.5695,0.7006,0.5695,0.7006,0.5695,0.5695,0.5695,0.7006,0.1966,0.0942,0.1229,0.3646,0.1557,0.0410,0.0410,0.0246,0.0574,0.4270,0.6480,,0.2210,,73.02,,,159.7,,0.066,
1791426477.1445434,0.4998,0.8030,0.7538,0.4302,0.4998,0.7006,0.4998,0.6350,0.5695,0.0737,0.2991,0.1966,0.3646,0.0410,0.1229,0.0246,0.0369,0.4260,0.6435,,0.2175,,73.64,,,163.6,,0.064,
1791426477.1769814,0.5695,0.6350,0.6350,0.6350,0.4998,0.6350,0.5695,0.7006,0.3646,0.0942,0.2991,0.2991,0.2991,0.0410,0.1557,0.0369,0.0410,0.4290,0.6435,,0.2145,,73.56,,,165.1,,0.064,
1791426477.2096288,0.4302,0.5695,0.7006,0.4998,0.4998,0.7006,0.6350,0.7006,0.4998,0.0737,0.1557,0.2458,0.1557,0.0574,0.0246,0.0369,0.0369,0.4250,0.6470,,0.2220,,73.47,,,166.3,,0.064,
1791426477.2437892,0.4302,0.8030,0.8030,0.6350,0.5695,0.7006,0.7006,0.7538,0.6350,0.0574,0.0737,0.4302,0.4302,0.0369,0.0410,0.0369,0.0369,0.4260,0.6465,,0.2205,,72.99,,,164.5,0.792,0.067,
1791426477.2767913,0.4302,0.3646,0.7538,0.4998,0.6350,0.7006,0.4302,0.7006,0.3646,0.0574,0.0942,0.3646,0.2458,0.0737,0.0410,0.0410,0.0410,0.4260,0.6465,,0.2205,,73.12,,,158.7,,0.066,
1791426477.3159482,0.4302,0.6350,0.7006,0.5695,0.6350,0.4998,0.5695,0.5695,0.2991,0.0942,0.0410,0.2991,0.3646,0.0410,0.0369,0.0369,0.0164,0.4260,0.6405,,0.2145,,73.14,,,147.3,,0.066,
1791426477.3482678,0.4998,0.8030,0.5695,0.4302,0.5695,0.7006,0.5695,0.7006,0.2458,0.1229,0.1966,0.4302,0.3646,0.0410,0.0246,0.0369,0.0574,0.4240,0.6455,,0.2215,,72.34,,,,0.738,0.070,
1791426477.379663,0.4302,0.7538,0.7006,0.5695,0.6350,0.4302,0.6350,0.3646,0.3646,0.0574,0.0942,0.1966,0.1229,0.0574,0.0246,0.0369,0.0410,0.4260,0.6530,,0.2270,,72.39,,,,,0.070,
1791426477.4120886,0.6350,0.7538,0.7538,0.4302,0.5695,0.5695,0.5695,0.7006,0.5695,0.0574,0.0574,0.2991,0.2458,0.0369,0.0410,0.0410,0.0369,0.4250,0.6435,,0.2185,,72.29,,,,,0.070,
1791426477.4438434,0.5695,0.7538,0.7006,0.5695,0.4998,0.7006,0.5695,0.5695,0.4998,0.0942,0.1966,0.1966,0.1966,0.0574,0.0369,0.0205,0.0246,0.4260,0.6445,,0.2185,,72.31,,,,,0.070,
1791426477.4774656,0.5695,0.5695,0.7538,0.6350,0.5695,0.7006,0.7006,0.7006,0.5695,0.1229,0.2458,0.4302,0.4302,0.0737,0.1557,0.0369,0.0574,0.4260,0.6450,,0.2190,,73.02,,,,0.753,0.067,
1791426477.5112457,0.3646,0.4302,0.5695,0.4998,0.4998,0.6350,0.6350,0.7538,0.2458,0.0574,0.0737,0.1557,0.2458,0.0574,0.0369,0.0410,0.0574,0.4260,0.6465,,0.2205,,73.14,,,,,0.067,
1791426477.5435622,0.4302,0.6350,0.8030,0.5695,0.4998,0.7006,0.4998,0.6350,0.1966,0.0574,0.0942,0.1966,0.2991,0.0410,0.0369,0.0410,0.0410,0.4260,0.6390,,0.2130,,73.76,,,,,0.064,
1791426477.5777993,0.2991,0.5695,0.4998,0.4998,0.2991,0.5695,0.5695,0.6350,0.2991,0.2991,0.1229,0.2458,0.2458,0.0574,0.0942,0.0574,0.0574,,0.6400,,,,73.76,,,,,0.064,
1791426477.617347,0.6350,0.4998,0.6350,0.3646,0.4302,0.6350,0.6350,0.6350,0.2991,0.1557,0.1966,0.3646,0.1966,0.0410,0.0369,0.0369,0.0369,0.4260,0.6465,,0.2205,,73.30,,,,,0.066,
1791426477.6490116,0.4998,0.6350,0.9259,0.4998,0.4302,0.5695,0.6350,0.5695,0.4998,0.0737,0.1229,0.1557,0.1966,0.0737,0.0410,0.0246,0.0205,0.4260,0.6425,,0.2165,,73.32,,,,,0.065,
1791426477.6803503,0.7006,0.8440,0.6350,0.4998,0.4998,0.7006,0.6350,0.7006,0.3646,0.0574,0.1229,0.3646,0.2458,0.0369,0.0942,0.0410,0.0369,0.4260,0.6435,,0.2175,,72.78,,,,,0.068,
1791426477.71147,0.4302,0.7006,0.4998,0.7006,0.4998,0.4998,0.6350,0.7006,0.2458,0.0737,0.2458,0.2991,0.1966,0.0369,0.0369,0.0205,0.0164,0.4250,0.6430,,0.2180,,72.46,,,,,0.069,
1791426477.7453356,0.2458,0.5695,0.4998,0.4998,0.4302,0.6350,0.5695,0.7538,0.2458,0.0942,0.0737,0.4302,0.1966,0.0574,0.0942,0.0369,0.0410,,0.6490,,,,72.46,,,,,0.069,
1791426477.7789268,0.3646,0.3646,0.4302,0.4998,0.5695,0.6350,0.5695,0.7538,0.1966,0.0942,0.0942,0.4302,0.1966,0.0737,0.0246,0.0410,0.0369,0.4260,0.6450,,0.2190,,72.48,,,,,0.069,
1791426477.8108695,0.4302,0.4998,0.7538,0.3646,0.4998,0.6350,0.4998,0.7006,0.3646,0.0737,0.0942,0.1966,0.4302,0.0410,0.0410,0.0410,0.0369,0.4260,0.6465,,0.2205,,72.57,,,,,0.069,
1791426477.844895,0.5695,0.4302,0.5695,0.3646,0.5695,0.6350,0.5695,0.8030,0.1557,0.0737,0.1229,0.3646,0.1557,0.0942,0.0942,0.0410,0.0369,0.4260,0.6490,,0.2230,,72.72,,,,,0.068,
1791426477.8771665,0.3646,0.6350,0.5695,0.6350,0.4998,0.6350,0.4998,0.7538,0.1557,0.0942,0.1557,0.4302,0.1966,0.0737,0.0164,0.0410,0.0369,0.4270,0.6445,,0.2175,,73.22,,,,,0.066,
1791426477.9167566,0.8440,0.6350,0.4998,0.4998,0.4998,0.6350,0.4998,0.6350,0.1966,0.0942,0.1557,0.3646,0.2458,0.0369,0.0574,0.0246,0.0410,0.4260,0.6375,,0.2115,,73.23,,,,,0.066,
1791426477.9479156,0.4998,0.7006,0.7006,0.5695,0.4998,0.5695,0.4998,0.7006,0.4998,0.0737,0.0942,0.4302,0.2458,0.0574,0.1229,0.0246,0.0574,0.4290,0.6420,,0.2130,,73.28,,,,,0.065,
1791426477.9798079,0.7006,0.7006,0.7538,0.6350,0.4302,0.5695,0.5695,0.5695,0.4998,0.0737,0.1966,0.1966,0.1966,0.0369,0.0574,0.0369,0.0574,0.4260,0.6465,,0.2205,,73.23,,,,,0.066,
1791426478.0120146,0.7006,0.6350,0.5695,0.4302,0.5695,0.8030,0.4302,0.6350,0.3646,0.0369,0.1557,0.1229,0.3646,0.0369,0.0246,0.0205,0.0410,0.4260,0.6470,,0.2210,,73.78,,,,,0.063,
1791426478.0446558,0.3646,0.3646,0.7006,0.5695,0.5695,0.5695,0.7006,0.7006,0.2991,0.0410,0.0737,0.1966,0.1229,0.0410,0.0410,0.0369,0.0410,0.4260,0.6480,,0.2220,,73.17,,,,,0.066,
1791426478.07921,0.6350,0.8030,0.6350,0.4998,0.6350,0.7538,0.7006,0.7006,0.2991,0.1966,0.2458,0.3646,0.2458,0.1229,0.0205,0.0246,0.0574,0.4260,0.6420,,0.2160,,73.23,,,,,0.066,
1791426478.1115842,0.4302,0.5695,0.6350,0.5695,0.4302,0.7006,0.7006,0.4302,0.2991,0.0574,0.1966,0.2458,0.1229,0.0737,0.0574,0.0369,0.0410,0.4260,0.6405,,0.2145,,73.15,,,,,0.066,
1791426478.1445837,0.6350,0.4302,0.7538,0.4302,0.4998,0.4998,0.4998,0.6350,0.2458,0.1229,0.2458,0.4302,0.1557,0.0737,0.1557,0.0369,0.0369,0.4300,0.6390,,0.2090,,73.62,,,,,0.063,
1791426478.1788833,0.4302,0.4998,0.8440,0.4998,0.4998,0.5695,0.4998,0.6350,0.3646,0.0737,0.0574,0.2991,0.1966,0.1966,0.0574,0.0410,0.0369,0.4260,0.6460,,0.2200,,73.60,,,,,0.064,
1791426478.2168353,0.5695,0.5695,0.7006,0.5695,0.4998,0.7006,0.4998,0.6350,0.2458,0.0737,0.0942,0.4302,0.3646,0.0942,0.1966,0.0410,0.0737,0.4260,0.6375,,0.2115,,73.43,,,,0.795,0.064,
1791426478.2483642,0.4998,0.5695,0.6350,0.4302,0.5695,0.7006,0.4998,0.7538,0.2458,0.0574,0.2458,0.2458,0.2458,0.0737,0.0205,0.0410,0.0369,0.4260,0.6510,,0.2250,,73.30,,,,,0.065,
1791426478.2789888,0.4302,0.7006,0.6350,0.7006,0.4302,0.7538,0.5695,0.7538,0.2991,0.0737,0.4302,0.2991,0.3646,0.0737,0.0737,0.0410,0.0574,0.4250,0.6465,,0.2215,,73.08,,,,,0.066,1.183
1791426478.3124177,0.8030,0.5695,0.6350,0.6350,0.4998,0.6350,0.4302,0.7006,0.1966,0.0942,0.0737,0.2458,0.4302,0.0737,0.0574,0.0369,0.0410,0.4260,0.6390,,0.2130,,72.86,,,,,0.067,
1791426478.3456736,0.4998,0.8767,0.6350,0.7006,0.4998,0.7006,0.6350,0.6350,0.2991,0.0942,0.0737,0.2458,0.1966,0.0410,0.0369,0.0369,0.0369,0.4260,0.6470,,0.2210,,73.04,,,,,0.066,
1791426478.3779905,0.4302,0.8440,0.8030,0.3646,0.3646,0.5695,0.4998,0.7006,0.4302,0.0574,0.2458,0.4302,0.2991,0.0410,0.0410,0.0410,0.0737,0.4280,0.6390,,0.2110,,72.03,,,,,0.070,
1791426478.4118152,0.7006,0.3646,0.6350,0.4302,0.4302,0.5695,0.4998,0.8030,0.2991,0.0737,0.0942,0.2991,0.1557,0.0574,0.1229,0.0410,0.0369,0.4290,0.6385,,0.2095,,71.97,,,,,0.070,
1791426478.4507008,0.4998,0.6350,0.5695,0.6350,0.3646,0.5695,0.4998,0.7006,0.2991,0.0942,0.2991,0.2991,0.1557,0.0737,0.0737,0.0410,0.0410,0.4260,0.6385,,0.2125,,72.02,,,,,0.070,
1791426478.4827933,0.5695,0.6350,0.7006,0.5695,0.4998,0.6350,0.5695,0.7006,0.4998,0.0737,0.1557,0.2458,0.1557,0.0410,0.0574,0.0369,0.0410,0.4290,0.6415,,0.2125,,71.94,,,,,0.070,
1791426478.51409,0.2991,0.5695,0.6350,0.4998,0.4998,0.5695,0.5695,0.7006,0.5695,0.2458,0.1229,0.2458,0.1557,0.0574,0.0410,0.0369,0.0574,,0.6405,,,,71.94,,,,,0.070,
1791426478.546817,0.5695,0.7006,0.5695,0.6350,0.5695,0.7538,0.4998,0.6350,0.4998,0.1229,0.2458,0.4302,0.2991,0.0410,0.0737,0.0410,0.0410,0.4270,0.6400,,0.2130,,72.46,,,,,0.068,
1791426478.578552,0.2458,0.6350,0.7006,0.5695,0.4302,0.5695,0.5695,0.7538,0.2458,0.0574,0.0574,0.3646,0.1966,0.0410,0.0205,0.0574,0.0369,,0.6450,,,,72.46,,,,,0.068,
1791426478.6115458,0.7538,0.4302,0.8030,0.4302,0.4302,0.4998,0.4302,0.8030,0.2458,0.0574,0.1229,0.4302,0.2991,0.0737,0.0942,0.0369,0.0574,0.4260,0.6395,,0.2135,,73.39,,,,,0.064,
1791426478.6450408,0.5695,0.7538,0.7538,0.4302,0.4998,0.6350,0.5695,0.6350,0.3646,0.2991,0.1557,0.3646,0.3646,0.0369,0.0369,0.0205,0.0737,0.4290,0.6420,,0.2130,,73.41,,,,0.716,0.064,
1791426478.6794178,0.8030,0.6350,0.8440,0.4302,0.5695,0.6350,0.6350,0.7538,0.3646,0.0942,0.1557,0.4302,0.2991,0.0737,0.0205,0.0574,0.0410,0.4260,0.6380,,0.2120,,73.66,,,,,0.063,
1791426478.7116234,0.6350,0.7006,0.4998,0.6350,0.4302,0.7538,0.6350,0.7006,0.2991,0.0410,0.0737,0.3646,0.2458,0.0369,0.1229,0.0369,0.0737,0.4270,0.6435,,0.2165,,73.87,,,,,0.062,
1791426478.7457037,0.2991,0.7006,0.4998,0.4998,0.6350,0.4998,0.6350,0.8030,0.3646,0.0942,0.0737,0.4302,0.2458,0.0205,0.0737,0.1229,0.0246,,0.6415,,,,73.87,,,,,0.062,
1791426478.784224,0.3646,0.8030,0.6350,0.6350,0.6350,0.4998,0.4302,0.6350,0.1557,0.0410,0.0737,0.4998,0.2991,0.0410,0.0737,0.0369,0.0410,0.4260,0.6465,,0.2205,,74.33,,,,,0.060,
1791426478.8155558,0.8030,0.7006,0.4998,0.5695,0.6350,0.7006,0.4302,0.7538,0.1966,0.2458,0.0942,0.2991,0.4302,0.0574,0.0410,0.0369,0.0369,0.4270,0.6525,,0.2255,,74.31,,,,,0.061,
1791426478.8474333,0.6350,0.5695,0.5695,0.4302,0.4302,0.7006,0.6350,0.7538,0.2458,0.0574,0.0737,0.3646,0.3646,0.0942,0.0737,0.0369,0.0410,0.4290,0.6400,,0.2110,,73.83,,,,0.847,0.063,
1791426478.878769,0.5695,0.7538,0.6350,0.5695,0.6350,0.7006,0.7538,0.8030,0.4302,0.0942,0.1966,0.2458,0.2458,0.0942,0.0737,0.0410,0.0369,0.4260,0.6450,,0.2190,,74.03,,,,,0.062,
1791426478.9131186,0.2458,0.4998,0.7006,0.4998,0.6350,0.4998,0.7538,0.5695,0.2458,0.1966,0.0942,0.3646,0.2991,0.0942,0.0942,0.0410,0.0369,,0.6450,,,,74.03,,,,,0.062,
1791426478.945871,0.5695,0.7538,0.7538,0.4302,0.5695,0.6350,0.5695,0.6350,0.5695,0.0574,0.1557,0.2991,0.1966,0.0205,0.0574,0.0205,0.0574,0.4260,0.6465,,0.2205,,73.24,,,,,0.065,
1791426478.9783626,0.4998,0.8030,0.7538,0.7006,0.4302,0.5695,0.5695,0.6350,0.3646,0.0942,0.1966,0.3646,0.2458,0.0574,0.0942,0.0369,0.0369,0.4260,0.6315,,0.2055,,72.58,,,,,0.067,
1791426479.0128052,0.7006,0.4302,0.7006,0.4302,0.5695,0.6350,0.3646,0.6350,0.4302,0.0574,0.0737,0.1229,0.2991,0.0574,0.0737,0.0737,0.0574,0.4260,0.6440,,0.2180,,73.09,,,,,0.066,
1791426479.051766,0.6350,0.6350,0.7006,0.4302,0.5695,0.4998,0.7006,0.7006,0.2991,0.1229,0.1966,0.3646,0.1229,0.0574,0.0410,0.0246,0.0574,0.4260,0.6435,,0.2175,,73.03,,,,,0.066,
1791426479.0835328,0.3646,0.8030,0.5695,0.5695,0.4302,0.5695,0.5695,0.7006,0.2458,0.2458,0.2991,0.4302,0.1966,0.0574,0.1229,0.0574,0.0410,0.4260,0.6440,,0.2180,,72.91,,,,,0.067,
1791426479.115399,0.2991,0.7006,0.6350,0.7006,0.5695,0.6350,0.5695,0.7006,0.3646,0.0574,0.0737,0.3646,0.3646,0.0574,0.0410,0.0410,0.0369,,0.6480,,,,72.91,,,,0.719,0.067,
1791426479.146949,0.6350,0.6350,0.7006,0.4302,0.5695,0.5695,0.4998,0.7006,0.2991,0.1229,0.1557,0.3646,0.2458,0.0737,0.0205,0.0246,0.0574,0.4260,0.6465,,0.2205,,73.42,,,,,0.065,
1791426479.179314,0.5695,0.6350,0.4998,0.5695,0.4998,0.5695,0.3646,0.7538,0.2458,0.0942,0.1557,0.2991,0.2458,0.0737,0.0410,0.0246,0.0410,0.4260,0.6405,,0.2145,,73.07,,,,,0.066,
1791426479.2133114,0.6350,0.5695,0.8030,0.5695,0.4998,0.7006,0.4998,0.7538,0.3646,0.0737,0.0942,0.3646,0.2991,0.0737,0.0205,0.0410,0.0410,0.4300,0.6470,,0.2170,,73.35,,,,,0.065,
1791426479.2469158,0.5695,0.5695,0.5695,0.4998,0.6350,0.6350,0.4998,0.5695,0.2458,0.1557,0.1966,0.3646,0.2458,0.0246,0.0246,0.0410,0.0410,0.4260,0.6450,,0.2190,,73.86,,,,,0.063,
1791426479.2791486,0.4302,0.7538,0.8440,0.5695,0.4998,0.7006,0.4998,0.7006,0.5695,0.0574,0.2458,0.1966,0.2991,0.0574,0.0942,0.0369,0.0574,0.4260,0.6410,,0.2150,,73.77,,,,,0.063,
1791426479.312726,0.7006,0.4998,0.5695,0.4302,0.3646,0.7538,0.6350,0.7006,0.1557,0.0737,0.1229,0.1557,0.1966,0.0369,0.0369,0.0410,0.0369,0.4300,0.6440,,0.2140,,73.83,,,,,0.063,
1791426479.352142,0.6350,0.4998,0.7006,0.5695,0.4998,0.5695,0.7006,0.4998,0.2458,0.1966,0.1229,0.4302,0.2458,0.0369,0.0737,0.0574,0.0369,0.4260,0.6385,,0.2125,,73.93,,,,,0.062,
1791426479.3838692,0.6350,0.7006,0.8440,0.4998,0.4302,0.6350,0.4998,0.6350,0.4998,0.0574,0.1557,0.3646,0.4998,0.0942,0.0369,0.0410,0.0410,0.4260,0.6440,,0.2180,,74.05,,,,0.795,0.062,
1791426479.415421,0.4998,0.7006,0.6350,0.5695,0.3646,0.6350,0.7006,0.7538,0.3646,0.1229,0.0942,0.2991,0.3646,0.0410,0.0410,0.0246,0.0410,0.4260,0.6410,,0.2150,,73.57,,,,,0.064,
1791426479.4459975,0.6350,0.6350,0.8030,0.4998,0.4302,0.7006,0.2458,0.7538,0.1557,0.0737,0.1557,0.2458,0.1966,0.0574,0.0574,0.0410,0.0410,0.4260,,,,,73.57,,,,,,
1791426479.4800498,0.4302,0.8030,0.6350,0.4998,0.5695,0.6350,0.6350,0.5695,0.3646,0.0574,0.0942,0.2458,0.3646,0.0246,0.0410,0.0574,0.0410,0.4250,0.6430,,0.2180,,72.81,,,,,0.067,
1791426479.513256,0.7006,0.6350,0.4998,0.5695,0.4998,0.6350,0.5695,0.8030,0.1966,0.1557,0.1229,0.4302,0.3646,0.0737,0.0574,0.0205,0.0123,0.4260,0.6485,,0.2225,,72.86,,,,0.750,0.067,
1791426479.5461152,0.7006,0.6350,0.5695,0.5695,0.4998,0.6350,0.4998,0.7006,0.4302,0.0410,0.2458,0.2458,0.1557,0.0410,0.0246,0.0369,0.0369,0.4260,0.6415,,0.2155,,72.98,,,,,0.066,
1791426479.579921,0.2991,0.8440,0.7538,0.4998,0.6350,0.6350,0.5695,0.5695,0.1966,0.1229,0.2991,0.4302,0.1966,0.0410,0.0574,0.0410,0.0574,,0.6440,,,,72.98,,,,,0.066,
1791426479.6133018,0.6350,0.5695,0.5695,0.5695,0.4302,0.7006,0.5695,0.5695,0.4302,0.1966,0.1229,0.3646,0.2458,0.0942,0.0737,0.0164,0.0164,0.4260,0.6455,,0.2195,,72.97,,,,,0.067,
1791426479.6525042,0.6350,0.6350,0.5695,0.5695,0.4998,0.7538,0.4302,0.4302,0.4302,0.2458,0.0574,0.2991,0.1557,0.0410,0.0246,0.0410,0.0369,0.4290,0.6425,,0.2135,,73.08,,,,,0.066,
1791426479.685635,0.6350,0.6350,0.7538,0.5695,0.4302,0.5695,0.6350,0.4998,0.2991,0.0410,0.2991,0.2458,0.3646,0.0369,0.0737,0.0369,0.0574,0.4260,0.6405,,0.2145,,73.39,,,,,0.065,
1791426479.7153463,0.5695,0.4998,0.7538,0.5695,0.4302,0.7006,0.5695,0.7538,0.1557,0.0369,0.0737,0.2991,0.2458,0.0205,0.0246,0.0369,0.0410,0.4300,0.6455,,0.2155,,73.40,,,,,0.064,
1791426479.746282,0.3646,0.5695,0.7538,0.4998,0.4998,0.6350,0.5695,0.6350,0.1966,0.1229,0.3646,0.4998,0.2991,0.0737,0.0205,0.0369,0.0369,0.4260,0.6410,,0.2150,,73.59,,,144.5,,0.064,0.781
1791426479.7794304,0.4998,0.6350,0.6350,0.4302,0.4998,0.7006,0.6350,0.7538,0.1557,0.0410,0.0574,0.4302,0.3646,0.0205,0.0246,0.0410,0.0410,0.4260,0.6415,,0.2155,,73.96,,,134.5,0.727,0.062,
1791426479.813586,0.4302,0.5695,0.2991,0.4302,0.4998,0.7006,0.7006,0.4998,0.2458,0.0574,0.0574,0.2991,0.2458,0.0737,0.0942,0.0369,0.0369,0.4260,0.6445,,0.2185,,74.01,,,135.2,,0.062,
1791426479.8471563,0.4998,0.4998,0.8440,0.6350,0.4998,0.6350,0.4998,0.7538,0.1966,0.0942,0.0942,0.2991,0.2458,0.0410,0.0410,0.0369,0.0410,0.4260,0.6405,,0.2145,,73.76,,,142.0,,0.063,
1791426479.8802452,0.4998,0.8030,0.4302,0.4998,0.5695,0.7538,0.4998,0.7538,0.4302,0.0737,0.1229,0.3646,0.2991,0.0410,0.0410,0.0369,0.0410,0.4260,0.6445,,0.2185,,73.78,,,146.5,,0.063,
1791426479.913415,0.6350,0.8440,0.7538,0.4302,0.4302,0.6350,0.5695,0.7538,0.3646,0.1229,0.1966,0.2991,0.2458,0.0737,0.0369,0.0410,0.0410,0.4260,0.6450,,0.2190,,74.09,,,150.4,,0.062,
1791426479.953539,0.8030,0.8030,0.5695,0.6350,0.4998,0.7538,0.6350,0.8030,0.2991,0.0942,0.2458,0.4302,0.3646,0.0410,0.0574,0.0410,0.0246,0.4260,0.6440,,0.2180,,74.12,,,152.0,0.702,0.062,
1791426479.9838858,0.3646,0.4998,0.8440,0.4302,0.3646,0.5695,0.5695,0.8030,0.4302,0.1229,0.4302,0.1966,0.2458,0.0574,0.0246,0.0574,0.0574,0.4260,0.6345,,0.2085,,73.87,,,177.6,,0.062,1.145
1791426480.016566,0.3646,0.8030,0.6350,0.6350,0.5695,0.7006,0.6350,0.7006,0.2458,0.4302,0.2991,0.3646,0.2458,0.0737,0.0574,0.0737,0.0737,0.4260,0.6470,,0.2210,,73.88,,126.2,175.6,,0.063,1.303
1791426480.0472307,0.5695,0.8030,0.6350,0.5695,0.5695,0.6350,0.4998,0.6350,0.5695,0.0737,0.2991,0.2458,0.1229,0.0737,0.0410,0.0246,0.0410,0.4310,0.6465,,0.2155,,73.34,,126.5,174.9,,0.065,
1791426480.0808916,0.6350,0.6350,0.7006,0.4998,0.4302,0.7538,0.4302,0.7006,0.3646,0.0574,0.2991,0.4302,0.3646,0.0410,0.0737,0.0369,0.0574,0.4300,0.6435,,0.2135,,73.31,,124.8,172.6,0.756,0.065,
1791426480.1141129,0.4998,0.4998,0.5695,0.4302,0.5695,0.7006,0.4998,0.6350,0.4302,0.1557,0.1557,0.3646,0.1557,0.0574,0.0205,0.0246,0.0574,0.4250,0.6465,,0.2215,,72.85,,127.2,171.0,,0.067,
1791426480.1468122,0.5695,0.4998,0.7006,0.4998,0.4998,0.5695,0.5695,0.6350,0.3646,0.0574,0.1557,0.2458,0.2458,0.0369,0.0410,0.0246,0.0574,0.4270,0.6470,,0.2200,,73.07,,128.4,172.1,,0.066,
1791426480.1808367,0.6350,0.8440,0.7006,0.4998,0.4998,0.6350,0.3646,0.6350,0.2991,0.1229,0.1966,0.1966,0.3646,0.0369,0.0410,0.0246,0.0164,0.4290,0.6470,,0.2180,,73.25,,128.7,171.8,,0.066,
1791426480.2224777,0.4302,0.7006,0.7006,0.6350,0.4302,0.6350,0.4998,0.7538,0.2991,0.0737,0.1229,0.3646,0.2458,0.0574,0.0246,0.0410,0.0737,0.4260,0.6445,,0.2185,,73.31,,126.9,171.1,,0.065,
1791426480.2525034,0.3646,0.8030,0.7006,0.4998,0.3646,0.7006,0.7006,0.7006,0.6350,0.0737,0.3646,0.2991,0.0942,0.0574,0.0737,0.0246,0.0410,0.4260,0.6385,,0.2125,,73.18,,125.7,175.2,,0.066,1.161
1791426480.2845893,0.6350,0.6350,0.8030,0.7006,0.3646,0.5695,0.6350,0.7538,0.2458,0.1229,0.0574,0.3646,0.2458,0.0737,0.1229,0.0369,0.0410,0.4260,0.6370,,0.2110,,73.46,,125.3,175.8,,0.064,
1791426480.3162825,0.2991,0.7538,0.7006,0.7006,0.6350,0.7006,0.4998,0.6350,0.3646,0.0574,0.3646,0.2458,0.1557,0.0574,0.0410,0.0205,0.0246,,0.6425,,,,73.46,,127.4,167.4,,0.064,
1791426480.3473158,0.2458,0.5695,0.7006,0.5695,0.4998,0.7006,0.7538,0.7538,0.4302,0.0942,0.1229,0.2458,0.1966,0.0942,0.0246,0.0369,0.0246,,0.6405,,,,73.46,,127.8,164.8,,0.064,
1791426480.3815591,0.2991,0.8767,0.7006,0.6350,0.5695,0.6350,0.6350,0.7006,0.3646,0.0737,0.2991,0.2458,0.1966,0.1229,0.0574,0.0574,0.0410,,0.6480,,,,73.46,,129.5,166.4,,0.064,
1791426480.4146538,0.5695,0.8030,0.6350,0.5695,0.4998,0.6350,0.4302,0.7538,0.3646,0.0737,0.0942,0.4998,0.3646,0.0369,0.0205,0.0369,0.0737,0.4260,0.6400,,0.2140,,73.80,,128.6,159.8,0.771,0.063,
1791426480.4472818,0.4998,0.7006,0.6350,0.5695,0.4998,0.5695,0.7006,0.6350,0.4998,0.0574,0.1966,0.3646,0.2991,0.0574,0.0942,0.0574,0.0574,0.4260,0.6375,,0.2115,,73.16,,125.9,160.7,,0.065,
1791426480.4810824,0.6350,0.8440,0.8767,0.5695,0.6350,0.7006,0.4302,0.6350,0.2458,0.1229,0.0942,0.1966,0.4302,0.0369,0.0410,0.0205,0.0574,0.4260,0.6405,,0.2145,,73.67,,127.0,157.1,,0.063,
1791426480.5198848,0.4998,0.6350,0.4998,0.5695,0.6350,0.5695,0.6350,0.7006,0.1966,0.1229,0.1557,0.4302,0.2991,0.0942,0.1229,0.0410,0.0737,0.4300,0.6380,,0.2080,,73.93,,128.7,159.3,,0.061,
1791426480.5523763,0.6350,0.8030,0.4998,0.4302,0.5695,0.5695,0.4998,0.7006,0.4998,0.0574,0.1557,0.3646,0.2458,0.0737,0.1229,0.0410,0.0369,0.4270,0.6470,,0.2200,,74.30,,,161.9,,0.060,
1791426480.5833035,0.6350,0.6350,0.7538,0.4998,0.6350,0.8030,0.3646,0.7538,0.1557,0.0574,0.0737,0.3646,0.1966,0.0574,0.0205,0.0205,0.0574,0.4260,0.6450,,0.2190,,74.69,,,169.7,,0.059,
1791426480.6150851,0.4302,0.7006,0.7538,0.5695,0.4998,0.5695,0.6350,0.7538,0.3646,0.0737,0.1966,0.3646,0.2458,0.0737,0.0205,0.0164,0.0205,0.4260,0.6440,,0.2180,,74.47,,,174.1,,0.060,
1791426480.6487193,0.4302,0.6350,0.5695,0.6350,0.4998,0.7538,0.4998,0.5695,0.2458,0.0737,0.0574,0.1966,0.1966,0.0942,0.0942,0.0410,0.0369,0.4260,0.6365,,0.2105,,73.69,,,179.1,,0.063,
1791426480.681164,0.6350,0.5695,0.7006,0.4998,0.4998,0.7006,0.4998,0.7006,0.2991,0.1229,0.2458,0.2458,0.1557,0.0737,0.0942,0.0574,0.0574,0.4260,0.6465,,0.2205,,73.26,,,179.6,,0.065,
1791426480.715573,0.6350,0.5695,0.4998,0.4998,0.4998,0.7538,0.4998,0.8440,0.2991,0.0574,0.1966,0.1557,0.2458,0.0369,0.0410,0.0246,0.0410,0.4260,0.6455,,0.2195,,73.61,,,179.1,,0.064,
1791426480.7481828,0.6350,0.8030,0.7538,0.5695,0.4998,0.6350,0.5695,0.5695,0.4302,0.0410,0.1557,0.1966,0.2991,0.0737,0.0369,0.0369,0.0574,0.4270,0.6445,,0.2175,,73.48,,,172.9,,0.064,
1791426480.7823057,0.7538,0.5695,0.5695,0.4998,0.4302,0.6350,0.4302,0.7006,0.2458,0.0737,0.2458,0.2991,0.2991,0.0574,0.0369,0.0574,0.0942,0.4270,0.6425,,0.2155,,73.47,,,172.6,,0.064,
1791426480.82178,0.2458,0.4302,0.4998,0.4998,0.3646,0.7006,0.7538,0.6350,0.3646,0.0574,0.1229,0.1966,0.1966,0.0369,0.0574,0.0410,0.0574,,0.6440,,,,73.47,,,169.1,,0.064,
1791426480.8526268,0.6350,0.7538,0.6350,0.4998,0.4302,0.6350,0.4998,0.8030,0.4998,0.0574,0.2991,0.4302,0.2991,0.0246,0.0410,0.0246,0.0410,0.4260,0.6375,,0.2115,,73.43,,,,,0.064,
1791426480.8850853,0.3646,0.6350,0.4302,0.5695,0.5695,0.5695,0.4302,0.7538,0.4998,0.0942,0.1966,0.2458,0.1557,0.0369,0.0410,0.0574,0.0410,0.4260,0.6455,,0.2195,,73.19,,,,,0.065,
1791426480.9166195,0.5695,0.5695,0.4302,0.5695,0.4998,0.6350,0.4998,0.5695,0.4998,0.1229,0.1557,0.1966,0.2458,0.0574,0.0369,0.0369,0.0410,0.4260,0.6445,,0.2185,,73.51,,,,,0.064,
1791426480.949337,0.8030,0.6350,0.4998,0.4302,0.4998,0.7538,0.3646,0.6350,0.3646,0.0369,0.0737,0.4302,0.0942,0.0574,0.0246,0.0369,0.0369,0.4270,0.6455,,0.2185,,74.07,,,,,0.062,
1791426480.9810271,0.7006,0.8030,0.8030,0.5695,0.4302,0.5695,0.4302,0.8030,0.2991,0.0574,0.1557,0.2458,0.1557,0.0574,0.0246,0.0369,0.0942,0.4260,0.6465,,0.2205,,74.24,,,,,0.061,
1791426481.0144587,0.6350,0.5695,0.5695,0.4302,0.5695,0.6350,0.4998,0.7538,0.2991,0.0737,0.1557,0.2991,0.1557,0.0574,0.0410,0.0574,0.0574,0.4270,0.6450,,0.2180,,73.87,,,,,0.063,
1791426481.0475042,0.6350,0.5695,0.5695,0.5695,0.5695,0.7538,0.4998,0.4302,0.3646,0.1966,0.3646,0.3646,0.1966,0.0737,0.0410,0.0410,0.0410,0.4270,0.6415,,0.2145,,73.48,,,120.0,,0.064,0.848
1791426481.0822575,0.6350,0.6350,0.4302,0.4998,0.5695,0.7538,0.7006,0.7006,0.1557,0.2458,0.0942,0.3646,0.2991,0.0737,0.0737,0.0369,0.0369,0.4260,0.6410,,0.2150,,73.90,,,126.6,,0.063,
1791426481.1150403,0.7006,0.6350,0.4302,0.7006,0.5695,0.7538,0.5695,0.7538,0.1966,0.0737,0.1229,0.4302,0.1966,0.0410,0.0246,0.0410,0.0410,0.4260,0.6470,,0.2210,,73.73,,,124.6,,0.064,
1791426481.155848,0.7006,0.7538,0.5695,0.7006,0.4302,0.7006,0.5695,0.6350,0.2458,0.0942,0.0942,0.2991,0.2458,0.0246,0.0410,0.0369,0.0574,0.4260,0.6465,,0.2205,,74.14,,,130.7,,0.062,
1791426481.1865587,0.7006,0.8030,0.4998,0.4998,0.5695,0.6350,0.4998,0.7006,0.1229,0.0942,0.2458,0.2991,0.2458,0.0369,0.0369,0.0574,0.0410,0.4260,0.6450,,0.2190,,74.18,,,136.3,,0.062,
1791426481.2190428,0.7006,0.4998,0.7006,0.6350,0.5695,0.6350,0.4998,0.7006,0.4302,0.0737,0.1229,0.3646,0.2458,0.0369,0.0369,0.0369,0.0410,0.4260,0.6460,,0.2200,,74.35,,,130.4,,0.061,
1791426481.2501938,0.7538,0.7006,0.7538,0.5695,0.4302,0.5695,0.5695,0.4998,0.1966,0.2991,0.1557,0.2458,0.4302,0.0369,0.0246,0.0942,0.0737,0.4260,0.6400,,0.2140,,74.56,,,137.8,,0.060,
1791426481.2820518,0.5695,0.5695,0.6350,0.5695,0.4302,0.5695,0.6350,0.7006,0.4998,0.0737,0.1966,0.1966,0.4302,0.0369,0.0246,0.0574,0.0737,0.4260,0.6440,,0.2180,,74.74,,,141.9,,0.059,
1791426481.3150303,0.3646,0.4998,0.5695,0.4998,0.5695,0.8767,0.3646,0.7538,0.1557,0.0574,0.1229,0.4302,0.2458,0.0942,0.0205,0.0246,0.0410,0.4260,0.6465,,0.2205,,74.33,,,143.3,,0.061,
1791426481.3482995,0.3646,0.7006,0.5695,0.4998,0.5695,0.6350,0.4302,0.7006,0.1966,0.0737,0.0737,0.2458,0.1229,0.0246,0.0410,0.0410,0.0369,0.4270,0.6425,,0.2155,,74.12,,,144.3,,0.062,
1791426481.3826098,0.6350,0.6350,0.5695,0.4998,0.4302,0.5695,0.2991,0.7006,0.4998,0.1966,0.1557,0.1966,0.3646,0.0369,0.0574,0.0369,0.0410,0.4260,,,,,74.12,,,144.3,,,
1791426481.4153366,0.7006,0.7006,0.7006,0.5695,0.4998,0.6350,0.5695,0.7006,0.3646,0.0737,0.1966,0.1966,0.2991,0.0246,0.0205,0.0369,0.0574,0.4260,0.6425,,0.2165,,73.66,,,148.4,,0.064,
1791426481.4488766,0.4302,0.7006,0.7006,0.6350,0.4998,0.5695,0.4998,0.5695,0.2458,0.0942,0.2458,0.2458,0.1557,0.0246,0.0369,0.0410,0.0410,0.4260,0.6435,,0.2175,,73.46,,,150.4,,0.065,
1791426481.4884055,0.3646,0.7006,0.4998,0.5695,0.5695,0.7006,0.5695,0.6350,0.5695,0.0737,0.1966,0.3646,0.1557,0.0574,0.0369,0.0246,0.0205,0.4260,0.6455,,0.2195,,73.01,,,149.5,,0.067,
1791426481.5206678,0.2458,0.6350,0.4998,0.6350,0.5695,0.5695,0.6350,0.7538,0.3646,0.2458,0.1557,0.2991,0.1966,0.0410,0.0574,0.0205,0.0205,,0.6465,,,,73.01,,,151.0,,0.067,
1791426481.551883,0.8030,0.6350,0.5695,0.5695,0.5695,0.4998,0.5695,0.5695,0.4302,0.0410,0.1966,0.2991,0.1966,0.0737,0.0205,0.0737,0.0369,0.4260,0.6430,,0.2170,,73.51,,,149.0,,0.064,
1791426481.5838385,0.4302,0.6350,0.7006,0.4302,0.5695,0.6350,0.4998,0.6350,0.1966,0.0942,0.0942,0.2458,0.3646,0.0574,0.0410,0.0942,0.0410,0.4310,0.6420,,0.2110,,73.57,,,,,0.064,
1791426481.6159103,0.2458,0.8030,0.7538,0.6350,0.3646,0.8030,0.5695,0.7006,0.3646,0.1557,0.2991,0.2458,0.1229,0.1229,0.0737,0.0369,0.0574,,0.6425,,,,73.57,,,,,0.064,
1791426481.6490996,0.3646,0.3646,0.5695,0.4302,0.4998,0.7006,0.3646,0.7538,0.1557,0.0942,0.2458,0.2458,0.1966,0.0737,0.0246,0.0369,0.0369,0.4270,0.6450,,0.2180,,73.87,,,,,0.063,
1791426481.6830235,0.7538,0.4302,0.6350,0.5695,0.5695,0.5695,0.5695,0.7538,0.4302,0.0737,0.1229,0.3646,0.1229,0.0410,0.0410,0.0246,0.0410,0.4260,0.6415,,0.2155,,73.11,,,,,0.066,
1791426481.715904,0.6350,0.5695,0.6350,0.4998,0.7006,0.7006,0.4302,0.7538,0.2458,0.1229,0.1557,0.4302,0.2458,0.0574,0.1229,0.0369,0.0369,0.4270,0.6465,,0.2195,,73.56,,,,,0.064,
1791426481.7496927,0.7006,0.7538,0.7006,0.5695,0.5695,0.7006,0.5695,0.7006,0.4302,0.1229,0.1966,0.4302,0.2458,0.1557,0.0737,0.0410,0.0246,0.4310,0.6455,,0.2145,,73.33,,,,,0.065,
1791426481.789967,0.4998,0.6350,0.4998,0.4998,0.6350,0.7006,0.6350,0.8030,0.4998,0.0942,0.0574,0.3646,0.4302,0.0410,0.0369,0.0410,0.0410,0.4260,0.6380,,0.2120,,73.26,,,,0.781,0.065,
1791426481.8224685,0.6350,0.6350,0.8030,0.4998,0.7006,0.7006,0.4998,0.5695,0.1966,0.0942,0.0942,0.4302,0.1557,0.0737,0.0410,0.0369,0.0574,0.4300,0.6345,,0.2045,,73.19,,,,,0.064,
1791426481.8532488,0.5695,0.7006,0.7538,0.6350,0.5695,0.6350,0.4998,0.8030,0.3646,0.0942,0.0942,0.4302,0.2991,0.0205,0.1229,0.0246,0.0369,0.4270,0.6470,,0.2200,,73.47,,,,,0.064,
1791426481.8852584,0.2991,0.7538,0.8030,0.5695,0.4998,0.5695,0.4998,0.7006,0.3646,0.0737,0.1229,0.2991,0.1229,0.0574,0.1966,0.0246,0.0369,,0.6420,,,,73.47,,,,,0.064,
1791426481.9171584,0.3646,0.6350,0.8440,0.5695,0.4998,0.7006,0.5695,0.6350,0.2991,0.0410,0.1229,0.4302,0.2991,0.0246,0.0574,0.0246,0.0410,0.4270,0.6455,,0.2185,,73.80,,,,,0.063,
1791426481.9488983,0.5695,0.4998,0.6350,0.5695,0.4998,0.4998,0.3646,0.4998,0.4302,0.0737,0.1966,0.1966,0.2991,0.0369,0.0369,0.0246,0.0737,0.4260,0.6445,,0.2185,,74.00,,,,,0.062,
1791426481.9823196,0.5695,0.7538,0.7538,0.4998,0.4302,0.7006,0.7006,0.7006,0.6350,0.0574,0.2991,0.2458,0.2458,0.0369,0.0410,0.0369,0.0942,0.4280,0.6420,,0.2140,,74.04,,,,,0.062,
1791426482.0166714,0.6350,0.8440,0.4302,0.4302,0.5695,0.5695,0.5695,0.6350,0.1966,0.0737,0.1966,0.2458,0.2458,0.0246,0.0369,0.0164,0.0410,0.4260,0.6440,,0.2180,,74.68,,,,,0.059,
1791426482.0493877,0.3646,0.8030,0.8030,0.4998,0.4302,0.6350,0.4998,0.7006,0.2991,0.2991,0.2991,0.2458,0.1229,0.0369,0.0410,0.1229,0.0369,0.4280,0.6455,,0.2175,,75.04,,,,,0.058,
1791426482.0834992,0.4302,0.6350,0.7006,0.4998,0.5695,0.6350,0.3646,0.5695,0.2458,0.0737,0.1966,0.1557,0.1966,0.0246,0.1229,0.0369,0.0737,0.4270,0.6410,,0.2140,,75.14,,,,,0.057,
1791426482.1225564,0.5695,0.7006,0.5695,0.7006,0.4998,0.6350,0.4998,0.7006,0.1557,0.0737,0.0942,0.4302,0.4302,0.0410,0.0574,0.0369,0.0369,0.4290,0.6445,,0.2155,,74.89,,,,0.728,0.058,
1791426482.154469,0.7006,0.4998,0.4302,0.4302,0.5695,0.6350,0.4998,0.7006,0.2991,0.0942,0.2991,0.2991,0.1557,0.0574,0.0246,0.0369,0.0369,0.4270,0.6470,,0.2200,,74.80,,,,,0.059,
1791426482.1859782,0.6350,0.3646,0.7538,0.5695,0.4302,0.4998,0.4302,0.5695,0.4302,0.1557,0.1229,0.2991,0.1557,0.0410,0.0410,0.0369,0.0942,0.4290,0.6440,,0.2150,,74.53,,,,,0.060,
1791426482.2180696,0.8030,0.6350,0.8030,0.4998,0.4302,0.7006,0.6350,0.8030,0.3646,0.0574,0.1229,0.3646,0.2458,0.0410,0.0410,0.0369,0.0737,0.4270,0.6475,,0.2205,,75.04,,,,,0.058,
1791426482.2492945,0.8440,0.6350,0.5695,0.4998,0.4302,0.7006,0.5695,0.6350,0.2458,0.0737,0.1229,0.3646,0.3646,0.0246,0.0574,0.0369,0.0369,0.4260,0.6455,,0.2195,,74.95,,,,0.790,0.058,
1791426482.2828739,0.2991,0.7006,0.7006,0.5695,0.5695,0.5695,0.7006,0.7538,0.4998,0.0574,0.0737,0.3646,0.3646,0.0205,0.0246,0.0369,0.0246,,0.6480,,,,74.95,,,,0.738,0.058,
1791426482.3170328,0.7538,0.7538,0.8767,0.4998,0.4302,0.6350,0.4998,0.7538,0.2458,0.1229,0.1966,0.3646,0.4302,0.1557,0.0205,0.0369,0.0942,0.4310,0.6395,,0.2085,,74.96,,,,0.702,0.058,
1791426482.349188,0.4302,0.6350,0.4998,0.6350,0.5695,0.7006,0.5695,0.8030,0.2458,0.0410,0.2991,0.4302,0.2458,0.0410,0.0410,0.0246,0.0574,0.4270,0.6425,,0.2155,,75.36,,,,,0.056,
1791426482.3827846,0.4302,0.8030,0.6350,0.4998,0.4998,0.7538,0.4998,0.6350,0.2991,0.0942,0.0574,0.4302,0.1966,0.0942,0.0574,0.0369,0.0369,0.4260,0.6470,,0.2210,,75.23,,,,,0.057,
1791426482.4161205,0.4998,0.7538,0.7006,0.4302,0.3646,0.6350,0.5695,0.7006,0.2458,0.0942,0.1966,0.4302,0.2458,0.0737,0.0205,0.0574,0.0369,0.4270,0.6420,,0.2150,,75.06,,,,,0.058,
1791426482.455391,0.4302,0.7006,0.7538,0.5695,0.4998,0.6350,0.4998,0.7538,0.3646,0.2458,0.2458,0.2458,0.1966,0.0369,0.0410,0.0369,0.0737,0.4260,0.6420,,0.2160,,75.18,,,,,0.057,
1791426482.4873717,0.5695,0.7006,0.6350,0.5695,0.4998,0.7006,0.6350,0.7006,0.4998,0.1557,0.0737,0.2458,0.2458,0.0737,0.0737,0.0205,0.0410,0.4270,0.6460,,0.2190,,75.64,,,,,0.056,
1791426482.5184588,0.6350,0.7538,0.4998,0.5695,0.5695,0.7006,0.7006,0.8030,0.4998,0.1229,0.2458,0.1966,0.3646,0.0369,0.0410,0.0205,0.0574,0.4260,0.6470,,0.2210,,75.68,,,,,0.056,
1791426482.5499773,0.2458,0.5695,0.8767,0.5695,0.4302,0.7006,0.4998,0.7538,0.3646,0.0942,0.2458,0.4302,0.3646,0.1229,0.0942,0.0410,0.0410,,0.6455,,,,75.68,,,,0.724,0.056,
1791426482.582852,0.6350,0.6350,0.8030,0.4998,0.4998,0.6350,0.4998,0.6350,0.2991,0.1229,0.1229,0.4302,0.1966,0.0737,0.0737,0.0410,0.0410,0.4300,0.6420,,0.2120,,75.70,,,,,0.055,
1791426482.617168,0.4998,0.5695,0.7006,0.6350,0.4998,0.5695,0.5695,0.6350,0.2991,0.0410,0.1229,0.4302,0.1557,0.0205,0.0246,0.0369,0.0369,0.4300,0.6400,,0.2100,,75.46,,,,,0.056,
1791426482.6507068,0.8030,0.4302,0.7538,0.4998,0.4998,0.6350,0.4302,0.7006,0.2458,0.1229,0.2458,0.3646,0.3646,0.0574,0.0369,0.0410,0.0246,0.4300,0.6445,,0.2145,,75.16,,,,0.734,0.057,
1791426482.6836805,0.5695,0.5695,0.4998,0.4302,0.5695,0.7006,0.4302,0.7538,0.2458,0.0737,0.2991,0.1557,0.3646,0.0410,0.0369,0.0246,0.0574,0.4260,0.6415,,0.2155,,74.90,,,,,0.058,
1791426482.7180965,0.8030,0.4998,0.4302,0.6350,0.5695,0.7006,0.4302,0.7006,0.2991,0.4302,0.1229,0.3646,0.1229,0.0574,0.0410,0.0205,0.0369,0.4260,0.6485,,0.2225,,74.86,,132.2,,,0.059,1.317
1791426482.7556915,0.4998,0.5695,0.7006,0.4998,0.6350,0.6350,0.6350,0.7006,0.2991,0.0369,0.2991,0.2458,0.2458,0.0737,0.0574,0.0410,0.0410,0.4270,0.6450,,0.2180,,74.87,,128.3,,,0.059,
1791426482.7882938,0.4302,0.4998,0.5695,0.4302,0.4302,0.5695,0.5695,0.7006,0.5695,0.0574,0.1557,0.2458,0.2991,0.0410,0.0410,0.0246,0.0942,0.4330,0.6435,,0.2105,,75.21,,128.1,,,0.057,
1791426482.819373,0.2991,0.4302,0.6350,0.6350,0.4302,0.5695,0.4998,0.7006,0.3646,0.1229,0.2458,0.1966,0.2991,0.0205,0.0246,0.0369,0.0410,,0.6385,,,,75.21,,129.5,,,0.057,
1791426482.8511088,0.7006,0.6350,0.7538,0.3646,0.3646,0.6350,0.4998,0.6350,0.4998,0.0574,0.2458,0.3646,0.2991,0.0369,0.0369,0.0246,0.0942,0.4300,0.6435,,0.2135,,75.16,,130.4,,,0.057,
1791426482.8844197,0.5695,0.5695,0.8030,0.4998,0.4998,0.7538,0.4998,0.6350,0.2991,0.1966,0.2991,0.4998,0.1966,0.0737,0.0942,0.0574,0.0369,0.4270,0.6470,,0.2200,,75.48,,130.0,,,0.056,
1791426482.9181921,0.7006,0.8030,0.7006,0.6350,0.3646,0.7538,0.5695,0.7006,0.4302,0.0410,0.1557,0.1966,0.2458,0.0737,0.0369,0.0246,0.0942,0.4310,0.6410,,0.2100,,75.56,,130.6,,,0.055,
1791426482.950274,0.7538,0.7538,0.4998,0.4998,0.5695,0.5695,0.5695,0.6350,0.2458,0.0574,0.1229,0.4998,0.3646,0.0737,0.0574,0.0574,0.0369,0.4300,0.6405,,0.2105,,75.73,,128.5,,0.766,0.054,
1791426482.9838233,0.5695,0.4302,0.5695,0.6350,0.4998,0.8440,0.4998,0.6350,0.2991,0.0942,0.2458,0.2458,0.3646,0.0737,0.0205,0.0410,0.0574,0.4270,0.6385,,0.2115,,75.62,,128.8,,,0.055,
1791426483.0177286,0.5695,0.7006,0.4998,0.4998,0.4998,0.7006,0.4998,0.7538,0.3646,0.0942,0.0942,0.3646,0.1557,0.0737,0.1229,0.0369,0.0369,0.4300,0.6455,,0.2155,,76.11,,124.0,,,0.053,
1791426483.0564587,0.4998,0.7006,0.6350,0.4302,0.4998,0.5695,0.4998,0.7538,0.5695,0.2991,0.0737,0.3646,0.2458,0.0205,0.0369,0.0205,0.0246,0.4270,0.6410,,0.2140,,76.31,,126.4,,,0.052,
1791426483.088339,0.6350,0.5695,0.7006,0.4998,0.4998,0.6350,0.5695,0.7538,0.2458,0.0942,0.0737,0.3646,0.2991,0.0205,0.0246,0.0369,0.0410,0.4250,0.6445,,0.2195,,75.96,,127.2,,,0.054,
1791426483.1204677,0.3646,0.8440,0.6350,0.5695,0.4998,0.4998,0.4998,0.7006,0.6350,0.0574,0.0942,0.3646,0.2991,0.0574,0.0369,0.0369,0.0574,0.4270,0.6445,,0.2175,,75.59,,128.8,,,0.055,
1791426483.1517096,0.3646,0.8030,0.6350,0.5695,0.4998,0.4998,0.5695,0.7006,0.4302,0.0410,0.0942,0.2991,0.4998,0.0246,0.0737,0.0246,0.1229,0.4320,0.6465,,0.2145,,75.70,,125.9,,,0.055,
1791426483.183647,0.4998,0.6350,0.4998,0.5695,0.4998,0.6350,0.6350,0.7538,0.3646,0.0942,0.0942,0.1557,0.1966,0.0246,0.0246,0.0574,0.0942,0.4320,0.6380,,0.2060,,75.30,,127.2,,,0.056,
1791426483.2171113,0.5695,0.8030,0.6350,0.6350,0.3646,0.6350,0.4998,0.8030,0.4302,0.0737,0.2458,0.4302,0.2991,0.0410,0.0410,0.0369,0.0246,0.4320,0.6440,,0.2120,,75.22,,128.0,,,0.056,
1791426483.2516737,0.2991,0.8030,0.8440,0.4302,0.6350,0.6350,0.7006,0.5695,0.4998,0.0574,0.0942,0.2991,0.2991,0.0574,0.0369,0.1229,0.0369,,0.6340,,,,75.22,,,,,0.056,
1791426483.283751,0.4998,0.6350,0.7006,0.4302,0.4998,0.4998,0.4998,0.6350,0.2458,0.1229,0.2458,0.2991,0.1557,0.0205,0.0246,0.0410,0.0410,0.4280,0.6480,,0.2200,,75.26,,,,,0.056,
1791426483.3182244,0.7006,0.8030,0.7538,0.5695,0.3646,0.7006,0.6350,0.7006,0.2458,0.0737,0.0737,0.2991,0.2991,0.0410,0.0369,0.0942,0.1229,0.4320,0.6470,,0.2150,,75.02,,,,,0.057,
1791426483.3570435,0.6350,0.5695,0.7538,0.4998,0.5695,0.7006,0.6350,0.7538,0.4998,0.0942,0.0737,0.3646,0.2458,0.0369,0.0369,0.0410,0.0574,0.4250,0.6400,,0.2150,,75.49,,,,,0.056,
1791426483.388904,0.7006,0.5695,0.6350,0.4302,0.4998,0.7006,0.6350,0.5695,0.4302,0.0574,0.0737,0.2991,0.3646,0.0737,0.0246,0.0369,0.0737,0.4280,0.6420,,0.2140,,75.92,,,,,0.054,
1791426483.4195263,0.4998,0.7006,0.4302,0.5695,0.2991,0.7006,0.4998,0.6350,0.4302,0.0410,0.0574,0.4302,0.3646,0.0410,0.0205,0.0410,0.0942,0.4330,0.6420,,0.2090,,76.31,,,,0.715,0.052,
1791426483.4510715,0.8030,0.4998,0.7006,0.4998,0.7006,0.5695,0.8030,0.7538,0.6350,0.1557,0.0737,0.2458,0.1229,0.0574,0.0369,0.0246,0.1229,0.4260,0.6390,,0.2130,,76.86,,,,,0.050,
1791426483.485259,0.5695,0.6350,0.7538,0.3646,0.4302,0.5695,0.6350,0.4998,0.4998,0.0737,0.1229,0.1229,0.1557,0.0410,0.0410,0.0246,0.0410,0.4270,0.6410,,0.2140,,77.41,,,,,0.048,
1791426483.5179548,0.4302,0.5695,0.8440,0.4302,0.4302,0.6350,0.6350,0.7006,0.2991,0.1229,0.3646,0.2991,0.3646,0.0369,0.0369,0.0574,0.0410,0.4250,0.6445,,0.2195,,76.64,,,73.1,,0.051,0.703
1791426483.5513968,0.4998,0.8440,0.5695,0.5695,0.6350,0.7006,0.4998,0.4998,0.3646,0.0737,0.2458,0.2991,0.4302,0.1229,0.0737,0.0246,0.0369,0.4260,0.6420,,0.2160,,76.94,,,91.0,,0.050,
1791426483.5844975,0.4302,0.7006,0.5695,0.4998,0.5695,0.7538,0.6350,0.4998,0.2991,0.0737,0.1229,0.3646,0.1557,0.0942,0.0205,0.0574,0.0410,0.4260,0.6440,,0.2180,,76.64,,,99.0,,0.051,
1791426483.6179338,0.5695,0.4998,0.5695,0.4998,0.4998,0.7538,0.6350,0.7538,0.4302,0.1557,0.0942,0.3646,0.1966,0.0942,0.0205,0.0246,0.0246,0.4250,0.6470,,0.2220,,76.81,,,97.2,,0.051,
1791426483.656991,0.1557,0.4302,0.3646,0.4998,0.5695,0.4302,0.4302,0.5695,0.3646,0.0574,0.2991,0.2458,0.2991,0.0737,0.0246,0.0410,0.0369,,0.6400,,,,76.81,,,106.9,,0.051,
1791426483.6898618,0.3646,0.4998,0.4998,0.4302,0.4998,0.7006,0.6350,0.6350,0.4302,0.0410,0.1966,0.2991,0.3646,0.0410,0.0205,0.0369,0.0369,0.4340,0.6430,,0.2090,,76.81,,,114.1,,0.050,
1791426483.7203362,0.4302,0.5695,0.8440,0.4998,0.4998,0.4998,0.3646,0.8030,0.3646,0.1557,0.2991,0.3646,0.3646,0.0574,0.0246,0.0369,0.0369,0.4300,0.6470,,0.2170,,76.78,,,115.8,0.697,0.051,
1791426483.7526348,0.1966,0.5695,0.8030,0.4998,0.4302,0.5695,0.5695,0.7538,0.3646,0.1229,0.0574,0.3646,0.3646,0.0205,0.0942,0.0369,0.1229,,0.6475,,,,76.78,,,114.6,0.743,0.051,
1791426483.7851698,0.2991,0.7538,0.6350,0.4998,0.4302,0.6350,0.5695,0.7538,0.3646,0.0737,0.2458,0.4302,0.1966,0.0737,0.0737,0.0246,0.0369,,0.6420,,,,76.78,,,118.9,,0.051,
1791426483.8189995,0.4302,0.6350,0.5695,0.3646,0.4998,0.5695,0.4302,0.7538,0.3646,0.0737,0.1966,0.3646,0.2991,0.0574,0.0942,0.1229,0.0574,0.4310,0.6480,,0.2170,,77.17,,,82.6,,0.049,
1791426483.8518775,0.3646,0.5695,0.7538,0.4998,0.4302,0.5695,0.6350,0.6350,0.5695,0.0737,0.2458,0.3646,0.3646,0.0369,0.0737,0.0410,0.0942,0.4260,0.6435,,0.2175,,76.86,,,87.8,0.683,0.050,
1791426483.8849952,0.4998,0.4998,0.4998,0.4302,0.4998,0.6350,0.4302,0.5695,0.2991,0.0574,0.0737,0.2991,0.2458,0.0574,0.0369,0.0205,0.0246,0.4250,0.6475,,0.2225,,76.39,,,72.7,,0.053,
1791426483.9185321,0.5695,0.4302,0.6350,0.5695,0.3646,0.5695,0.6350,0.7538,0.2991,0.0369,0.2991,0.2458,0.1557,0.0246,0.0410,0.0369,0.0369,0.4280,0.6420,,0.2140,,76.92,,,79.5,,0.050,
1791426483.9578264,0.4998,0.4302,0.5695,0.4302,0.4302,0.8767,0.5695,0.7006,0.4998,0.0737,0.0942,0.2991,0.2458,0.0410,0.0369,0.0205,0.0369,0.4300,0.6460,,0.2160,,77.05,,,84.7,,0.050,
1791426483.9911916,0.4998,0.7538,0.5695,0.5695,0.4998,0.5695,0.5695,0.5695,0.6350,0.0737,0.1557,0.4302,0.3646,0.0737,0.0205,0.0369,0.0410,0.4310,0.6405,,0.2095,,76.02,,,90.2,0.737,0.054,
1791426484.022101,0.2458,0.6350,0.6350,0.6350,0.4302,0.6350,0.3646,0.6350,0.7006,0.0737,0.2458,0.1557,0.1557,0.0410,0.0369,0.0410,0.0369,,0.6535,,,,76.02,,,94.1,,0.054,
1791426484.0544279,0.5695,0.4998,0.4998,0.4302,0.4998,0.8030,0.4998,0.7006,0.4302,0.0942,0.2458,0.2991,0.2991,0.0737,0.0737,0.0410,0.1229,0.4270,0.6350,,0.2080,,75.94,,,,,0.054,
1791426484.0858579,0.6350,0.5695,0.6350,0.6350,0.4302,0.6350,0.6350,0.8440,0.4302,0.0574,0.0942,0.4302,0.3646,0.0942,0.0369,0.0369,0.0369,0.4260,0.6425,,0.2165,,75.47,,,,0.797,0.056,
1791426484.1190135,0.3646,0.6350,0.8440,0.4302,0.4302,0.6350,0.5695,0.4302,0.3646,0.0574,0.1229,0.1557,0.1229,0.0942,0.0246,0.0574,0.0574,0.4270,0.6445,,0.2175,,75.96,,,,,0.054,
1791426484.1521583,0.4998,0.7006,0.6350,0.4998,0.4998,0.7006,0.4998,0.7538,0.3646,0.0942,0.0574,0.2991,0.3646,0.0737,0.0410,0.0369,0.0574,0.4250,0.6435,,0.2185,,76.60,,,,,0.051,
1791426484.1859303,0.2458,0.5695,0.5695,0.6350,0.5695,0.7006,0.4998,0.6350,0.2458,0.0942,0.0942,0.3646,0.2458,0.0942,0.0369,0.0369,0.0942,,0.6400,,,,76.60,,,,,0.051,
1791426484.2189462,0.2991,0.4302,0.5695,0.4998,0.5695,0.5695,0.5695,0.7538,0.3646,0.0737,0.1557,0.2991,0.2991,0.0737,0.0737,0.0410,0.0410,,0.6465,,,,76.60,,,,,0.051,
1791426484.2522433,0.4302,0.5695,0.6350,0.6350,0.4998,0.7006,0.2991,0.6350,0.4998,0.1966,0.2458,0.2991,0.2458,0.0369,0.0410,0.0410,0.0369,0.4240,,,,,76.60,,,,,,
1791426484.2924197,0.3646,0.6350,0.6350,0.4302,0.4302,0.5695,0.6350,0.7538,0.2991,0.1229,0.2991,0.3646,0.2991,0.0737,0.0246,0.0246,0.0369,0.4320,0.6320,,0.2000,,77.11,,,,,0.049,
1791426484.3239238,0.4998,0.4302,0.6350,0.4998,0.6350,0.4998,0.4302,0.7006,0.1966,0.1229,0.0574,0.2458,0.1966,0.0942,0.0369,0.0737,0.0369,0.4270,0.6420,,0.2150,,77.12,,,,,0.049,
1791426484.3558455,0.5695,0.4302,0.4998,0.4998,0.4302,0.6350,0.4998,0.7006,0.4998,0.0942,0.0737,0.3646,0.4302,0.0737,0.0737,0.0942,0.0369,0.4280,0.6415,,0.2135,,77.37,,,,0.788,0.048,
1791426484.3878777,0.5695,0.4998,0.7538,0.4302,0.5695,0.7538,0.5695,0.7538,0.1966,0.1966,0.0942,0.2991,0.1557,0.0574,0.0369,0.0410,0.0737,0.4240,0.6420,,0.2180,,77.59,,,,,0.047,
1791426484.4190016,0.6350,0.6350,0.4302,0.5695,0.5695,0.7006,0.6350,0.7006,0.4302,0.0942,0.1966,0.2458,0.1966,0.0942,0.1229,0.0410,0.0369,0.4300,0.6485,,0.2185,,76.98,,,,,0.050,
1791426484.4520364,0.4302,0.4998,0.6350,0.3646,0.3646,0.6350,0.6350,0.8440,0.5695,0.0942,0.2458,0.3646,0.3646,0.0410,0.1229,0.0410,0.0369,0.4260,0.6460,,0.2200,,77.24,,,,0.693,0.049,
1791426484.485695,0.4302,0.6350,0.4302,0.4998,0.5695,0.6350,0.4302,0.4998,0.4998,0.0942,0.2458,0.2458,0.2458,0.0737,0.0205,0.0410,0.0369,0.4260,0.6435,,0.2175,,76.94,,,,,0.050,
1791426484.5196817,0.4998,0.4998,0.7538,0.4302,0.4302,0.7538,0.4302,0.7006,0.4998,0.1229,0.2458,0.2991,0.2458,0.0410,0.0246,0.0574,0.0410,0.4370,0.6440,,0.2070,,77.25,,,,,0.049,
1791426484.5524757,0.2458,0.7006,0.7538,0.7006,0.4302,0.7006,0.4302,0.6350,0.3646,0.1229,0.1229,0.2991,0.2991,0.0942,0.0574,0.0369,0.0410,,0.6410,,,,77.25,,,,,0.049,
1791426484.5940094,0.4302,0.2991,0.7006,0.4302,0.4998,0.6350,0.5695,0.5695,0.4302,0.0737,0.0737,0.2458,0.2458,0.0942,0.0574,0.0410,0.0369,0.4300,0.6355,,0.2055,,77.28,,,,,0.048,
1791426484.6238346,0.4302,0.5695,0.4998,0.5695,0.4998,0.5695,0.5695,0.3646,0.4998,0.0574,0.1966,0.1229,0.2458,0.0574,0.0369,0.0574,0.0205,0.4290,0.6455,,0.2165,,77.42,,,,,0.048,
1791426484.655359,0.6350,0.5695,0.8030,0.4302,0.5695,0.7006,0.3646,0.7006,0.3646,0.0737,0.1966,0.2458,0.1966,0.0574,0.1229,0.0369,0.0410,0.4270,0.6465,,0.2195,,77.34,,,,,0.048,
1791426484.6869314,0.4302,0.7006,0.7006,0.4998,0.4998,0.6350,0.7006,0.5695,0.3646,0.0737,0.1966,0.1966,0.2458,0.0942,0.0246,0.0410,0.0737,0.4260,0.6405,,0.2145,,77.92,,,,,0.046,
1791426484.7197034,0.4998,0.7006,0.8030,0.4998,0.3646,0.5695,0.7006,0.7006,0.5695,0.0737,0.0574,0.2991,0.2991,0.0410,0.0410,0.0246,0.0574,0.4250,0.6405,,0.2155,,77.54,,,,,0.047,
1791426484.7525616,0.4302,0.5695,0.8030,0.4998,0.4302,0.6350,0.4302,0.7006,0.1966,0.0574,0.1229,0.1966,0.2458,0.0369,0.0737,0.0410,0.0410,0.4310,0.6405,,0.2095,,77.42,,,,,0.048,
1791426484.7852826,0.3646,0.3646,0.5695,0.4998,0.4998,0.7006,0.5695,0.4302,0.4998,0.0574,0.2458,0.1557,0.1966,0.0369,0.0574,0.0205,0.0410,0.4330,0.6415,,0.2085,,77.20,,,,,0.048,
1791426484.819582,0.6350,0.7006,0.8030,0.4998,0.4998,0.7538,0.4302,0.5695,0.4302,0.0737,0.1966,0.1966,0.2991,0.0737,0.0410,0.0205,0.0369,0.4310,0.6385,,0.2075,,77.53,,,,,0.047,
1791426484.8525183,0.4302,0.6350,0.4998,0.4998,0.4302,0.6350,0.5695,0.4998,0.5695,0.0737,0.0737,0.2991,0.1229,0.0410,0.0369,0.0574,0.0410,0.4240,0.6475,,0.2235,,76.98,,,,,0.049,
1791426484.8929765,0.4998,0.4998,0.5695,0.5695,0.4302,0.7538,0.7538,0.6350,0.4302,0.0737,0.2458,0.3646,0.1557,0.0942,0.0410,0.0574,0.0410,0.4250,0.6475,,0.2225,,77.02,,,,,0.050,
1791426484.9247715,0.4302,0.8030,0.7006,0.3646,0.4302,0.7006,0.4302,0.6350,0.4998,0.1966,0.1557,0.2991,0.2458,0.1557,0.0737,0.0410,0.0369,0.4290,0.6445,,0.2155,,76.56,,,,,0.052,
1791426484.9558566,0.2991,0.7538,0.8030,0.4998,0.6350,0.7006,0.4998,0.7006,0.4302,0.1229,0.2458,0.3646,0.2991,0.0737,0.0737,0.0410,0.0369,,0.6445,,,,76.56,,,,,0.052,
1791426484.9880278,0.5695,0.6350,0.7006,0.5695,0.4998,0.6350,0.5695,0.7006,0.4302,0.0942,0.2458,0.1966,0.1966,0.0574,0.0369,0.0369,0.0574,0.4290,0.6430,,0.2140,,76.04,,,,,0.054,
1791426485.020221,0.6350,0.7538,0.4302,0.4998,0.4302,0.6350,0.6350,0.7538,0.4302,0.0574,0.0942,0.4302,0.3646,0.0410,0.0246,0.0369,0.0410,0.4320,0.6405,,0.2085,,76.05,,,,0.738,0.053,
1791426485.0525992,0.5695,0.4998,0.7006,0.4998,0.4302,0.5695,0.5695,0.7006,0.6350,0.0410,0.1229,0.1557,0.2458,0.0942,0.0246,0.0123,0.0164,0.4280,0.6445,,0.2165,,75.59,,,,,0.055,
1791426485.0866172,0.7006,0.5695,0.8440,0.4998,0.4302,0.7006,0.5695,0.4302,0.3646,0.0574,0.0942,0.2458,0.2458,0.0737,0.0246,0.0369,0.0410,0.4260,0.6430,,0.2170,,75.39,,,,,0.056,
1791426485.1200514,0.4998,0.8440,0.3646,0.4302,0.4998,0.6350,0.6350,0.5695,0.2458,0.0737,0.0737,0.4302,0.1557,0.0246,0.0942,0.0369,0.0369,0.4250,0.6345,,0.2095,,74.98,,,,,0.057,
1791426485.1536405,0.6350,0.7538,0.8440,0.4998,0.5695,0.7006,0.4998,0.8030,0.4302,0.0942,0.0737,0.1966,0.1966,0.0246,0.0369,0.0369,0.0369,0.4250,0.6475,,0.2225,,75.60,,,,,0.055,
1791426485.193253,0.7006,0.7006,0.8440,0.4998,0.6350,0.6350,0.4998,0.7538,0.2991,0.0737,0.0574,0.2458,0.1966,0.0410,0.0246,0.0369,0.0410,0.4310,0.6415,,0.2105,,75.99,,,,,0.054,
1791426485.2253208,0.6350,0.6350,0.6350,0.5695,0.4998,0.6350,0.7006,0.6350,0.1557,0.1966,0.1229,0.2458,0.2991,0.0737,0.0737,0.0410,0.0369,0.4260,0.6475,,0.2215,,75.77,,,,,0.055,
1791426485.257378,0.2991,0.7006,0.8030,0.3646,0.3646,0.6350,0.6350,0.6350,0.6350,0.0574,0.0942,0.2458,0.2458,0.0410,0.0369,0.1557,0.0369,,0.6440,,,,75.77,,,,,0.055,
1791426485.2892132,0.4998,0.4998,0.5695,0.4302,0.4998,0.4998,0.3646,0.8030,0.1966,0.0737,0.4302,0.2458,0.2458,0.0369,0.1229,0.1229,0.0410,0.4250,0.6420,,0.2170,,75.50,,,120.4,,0.056,1.122
1791426485.320271,0.8440,0.4302,0.7006,0.4302,0.4302,0.7006,0.3646,0.7538,0.1966,0.0737,0.0574,0.3646,0.2991,0.0737,0.0410,0.0369,0.1229,0.4260,0.6490,,0.2230,,75.11,,,115.5,,0.058,
1791426485.3541834,0.4998,0.7538,0.7006,0.4998,0.4998,0.5695,0.4302,0.7538,0.4998,0.1229,0.1557,0.4302,0.4302,0.0737,0.0246,0.1229,0.1557,0.4240,0.6450,,0.2210,,74.71,,,119.8,0.715,0.060,
1791426485.3858955,0.4998,0.6350,0.7006,0.5695,0.4302,0.5695,0.6350,0.5695,0.4302,0.1229,0.1229,0.2458,0.1557,0.0369,0.0369,0.0369,0.0574,0.4300,0.6405,,0.2105,,74.68,,,121.3,,0.059,
1791426485.4207642,0.4998,0.5695,0.4998,0.5695,0.4998,0.6350,0.4998,0.7538,0.1557,0.0574,0.2458,0.2991,0.3646,0.1229,0.0205,0.0574,0.0369,0.4320,0.6410,,0.2090,,75.08,,,127.9,,0.057,
1791426485.4536257,0.6350,0.4998,0.7006,0.5695,0.4998,0.5695,0.6350,0.7006,0.1966,0.1229,0.0942,0.3646,0.1966,0.0942,0.0369,0.0246,0.0410,0.4300,0.6410,,0.2110,,75.14,,,126.1,,0.057,
1791426485.4870768,0.7538,0.4998,0.4998,0.5695,0.4998,0.7538,0.5695,0.7538,0.4302,0.0574,0.0942,0.1966,0.1966,0.0246,0.0246,0.0369,0.0369,0.4290,0.6435,,0.2145,,74.91,,,125.7,,0.058,
1791426485.5279613,0.7006,0.8030,0.7538,0.5695,0.5695,0.7006,0.5695,0.6350,0.4302,0.0737,0.0942,0.2458,0.2991,0.0369,0.0246,0.0369,0.0410,0.4300,0.6425,,0.2125,,75.10,,,114.4,,0.057,
1791426485.5597427,0.4998,0.8030,0.4998,0.4998,0.4302,0.7538,0.4302,0.6350,0.4302,0.2458,0.1229,0.3646,0.2991,0.0737,0.0737,0.0246,0.0574,0.4260,0.6405,,0.2145,,75.12,,,120.6,,0.057,
1791426485.5904827,0.4998,0.5695,0.7538,0.4302,0.4998,0.6350,0.4998,0.6350,0.1966,0.0737,0.0942,0.3646,0.2991,0.0737,0.0410,0.0369,0.0369,0.4290,0.6465,,0.2175,,75.49,,,81.9,,0.056,
1791426485.6230547,0.2458,0.7538,0.6350,0.5695,0.5695,0.6350,0.4302,0.6350,0.4302,0.0737,0.0942,0.4302,0.2458,0.0246,0.0369,0.0369,0.0369,,0.6460,,,,75.49,,,80.0,,0.056,
1791426485.6540692,0.1557,0.4998,0.8030,0.6350,0.4302,0.6350,0.4998,0.7538,0.5695,0.0942,0.0942,0.3646,0.3646,0.0737,0.0164,0.0369,0.0369,,0.6425,,,,75.49,,,92.4,0.734,0.056,
1791426485.6870356,0.3646,0.6350,0.3646,0.4302,0.4302,0.5695,0.2991,0.6350,0.1966,0.0942,0.0942,0.2458,0.2991,0.0737,0.0246,0.0410,0.0737,0.4320,,,,,75.49,,,92.4,,,
1791426485.7215743,0.5695,0.5695,0.6350,0.4998,0.4998,0.7006,0.5695,0.4302,0.4998,0.0574,0.2458,0.1966,0.2991,0.0737,0.0369,0.0369,0.0205,0.4290,0.6405,,0.2115,,75.98,,,106.8,,0.053,
1791426485.7541862,0.4302,0.5695,0.8030,0.5695,0.5695,0.6350,0.5695,0.5695,0.3646,0.0942,0.3646,0.1966,0.2458,0.0942,0.0737,0.0205,0.0369,0.4310,0.6370,,0.2060,,76.48,,,140.6,,0.051,1.051
1791426485.7874124,0.5695,0.6350,0.7538,0.5695,0.4302,0.7538,0.7006,0.7538,0.4302,0.0737,0.0737,0.2991,0.1966,0.0410,0.0574,0.0369,0.0942,0.4270,0.6395,,0.2125,,76.08,,,145.2,,0.053,
1791426485.8217099,0.8030,0.5695,0.6350,0.6350,0.4998,0.7006,0.5695,0.7538,0.6350,0.0942,0.0737,0.1966,0.2458,0.0737,0.0205,0.0410,0.0369,0.4290,0.6460,,0.2170,,75.71,,,147.6,,0.054,
1791426485.8602688,0.2458,0.4302,0.7006,0.4302,0.2991,0.6350,0.2991,0.7538,0.4998,0.0737,0.1966,0.1966,0.1557,0.0737,0.0369,0.0205,0.0164,,,,,,75.71,,,147.6,,,
1791426485.8916209,0.3646,0.7006,0.7006,0.4998,0.5695,0.6350,0.5695,0.7538,0.5695,0.0942,0.0942,0.2991,0.1557,0.0942,0.0574,0.0369,0.0410,0.4320,0.6460,,0.2140,,75.34,,,149.2,,0.056,
1791426485.9228504,0.4998,0.4998,0.4998,0.4998,0.4998,0.6350,0.4998,0.7006,0.4998,0.0737,0.0574,0.1966,0.1966,0.0410,0.0410,0.0246,0.0574,0.4260,0.6405,,0.2145,,75.47,,,152.2,,0.055,
1791426485.9546707,0.5695,0.6350,0.5695,0.5695,0.4998,0.5695,0.4998,0.8030,0.4302,0.1229,0.1966,0.4302,0.2991,0.0574,0.0737,0.0369,0.0369,0.4260,0.6435,,0.2175,,75.63,,,155.2,,0.055,
1791426485.986939,0.7006,0.6350,0.5695,0.5695,0.5695,0.4998,0.5695,0.5695,0.4302,0.0574,0.1557,0.2458,0.1557,0.0942,0.0246,0.0369,0.0410,0.4260,0.6440,,0.2180,,75.30,,,156.3,,0.056,
1791426486.021162,0.5695,0.4998,0.5695,0.4998,0.4302,0.4998,0.4302,0.7006,0.2991,0.0942,0.2991,0.3646,0.2458,0.0942,0.0574,0.0369,0.0574,0.4320,0.6450,,0.2130,,75.37,,,157.5,,0.056,
1791426486.0546362,0.5695,0.7538,0.7538,0.4998,0.6350,0.7538,0.4998,0.6350,0.3646,0.0737,0.2991,0.2991,0.4302,0.0369,0.0410,0.0369,0.0410,0.4240,0.6400,,0.2160,,74.91,,,159.4,,0.058,
1791426486.0879276,0.3646,0.5695,0.7006,0.5695,0.3646,0.5695,0.4302,0.7538,0.3646,0.0942,0.1557,0.4302,0.1557,0.0574,0.0737,0.0164,0.0410,0.4300,0.6355,,0.2055,,74.75,,,163.2,,0.058,
1791426486.121293,0.4998,0.6350,0.4302,0.5695,0.5695,0.6350,0.4998,0.6350,0.5695,0.0942,0.1229,0.2991,0.1229,0.0205,0.0369,0.0369,0.0369,0.4300,0.6470,,0.2170,,75.31,,,161.3,,0.056,
1791426486.1611075,0.4998,0.7006,0.6350,0.6350,0.5695,0.7006,0.7006,0.7538,0.6350,0.0737,0.2991,0.2991,0.2991,0.0942,0.0574,0.0369,0.0574,0.4290,0.6450,,0.2160,,75.77,,,162.0,,0.054,
1791426486.192744,0.3646,0.8767,0.8030,0.5695,0.5695,0.5695,0.4302,0.7006,0.2458,0.1229,0.1229,0.4302,0.3646,0.0574,0.0205,0.0369,0.0369,0.4240,0.6475,,0.2235,,74.99,,,162.6,0.754,0.058,
1791426486.224289,0.5695,0.7538,0.7006,0.4302,0.4302,0.7538,0.4998,0.7538,0.5695,0.0369,0.1966,0.4302,0.2991,0.0574,0.0737,0.0410,0.0410,0.4280,0.6455,,0.2175,,75.45,,,160.0,,0.056,
1791426486.2553053,0.4998,0.5695,0.6350,0.4302,0.6350,0.7006,0.4998,0.5695,0.3646,0.0410,0.0737,0.1966,0.1966,0.0574,0.0369,0.0410,0.0574,0.4300,0.6430,,0.2130,,75.49,,,159.5,,0.056,
1791426486.2888324,0.4998,0.7538,0.4302,0.5695,0.4302,0.7006,0.4998,0.7538,0.2991,0.0737,0.2458,0.3646,0.1966,0.0574,0.0574,0.0369,0.0369,0.4280,0.6440,,0.2160,,75.43,,,,,0.056,
1791426486.320875,0.3646,0.4302,0.4998,0.6350,0.3646,0.5695,0.4998,0.7538,0.3646,0.0942,0.1229,0.2458,0.1966,0.0737,0.0410,0.0410,0.0369,0.4250,0.6480,,0.2230,,75.28,,,,,0.057,
1791426486.3549843,0.7006,0.7006,0.6350,0.6350,0.7006,0.6350,0.4998,0.7538,0.2991,0.0737,0.2991,0.2991,0.2991,0.0942,0.0205,0.0410,0.0574,0.4290,0.6485,,0.2195,,75.98,,,,,0.054,
1791426486.388534,0.6350,0.7006,0.6350,0.4302,0.4998,0.7538,0.6350,0.7538,0.4302,0.1229,0.1966,0.2991,0.2991,0.0410,0.0246,0.0205,0.0246,0.4310,0.6470,,0.2160,,76.25,,,,,0.053,
1791426486.4217582,0.4998,0.5695,0.4302,0.4998,0.6350,0.6350,0.5695,0.7006,0.4302,0.0942,0.2458,0.2458,0.2991,0.0205,0.0369,0.0205,0.0369,0.4280,0.6500,,0.2220,,76.41,,,,,0.053,
1791426486.4551024,0.4998,0.5695,0.6350,0.4998,0.4998,0.5695,0.3646,0.7006,0.6350,0.0942,0.1966,0.2458,0.1557,0.0574,0.0737,0.1557,0.0369,0.4330,0.6445,,0.2115,,76.73,,,,,0.051,
1791426486.494219,0.2991,0.5695,0.6350,0.4998,0.4998,0.6350,0.7006,0.6350,0.5695,0.0942,0.2991,0.3646,0.1966,0.0574,0.0737,0.0369,0.0369,,0.6470,,,,76.73,,,,,0.051,
1791426486.5267115,0.2458,0.6350,0.4998,0.6350,0.4998,0.5695,0.5695,0.7006,0.5695,0.1557,0.3646,0.2991,0.3646,0.0942,0.1229,0.0369,0.0737,,0.6380,,,,76.73,,,162.2,,0.051,
1791426486.556412,0.4302,0.4998,0.4998,0.4302,0.5695,0.6350,0.4998,0.7538,0.3646,0.0737,0.2991,0.2991,0.1557,0.0574,0.1229,0.0737,0.0410,0.4280,0.6520,,0.2240,,76.20,,,162.8,,0.054,
1791426486.589217,0.1966,0.5695,0.7006,0.4998,0.4998,0.8440,0.4998,0.7006,0.5695,0.0942,0.2458,0.2458,0.2991,0.0369,0.0574,0.0410,0.0574,,0.6435,,,,76.20,,,165.8,,0.054,
1791426486.621474,0.2991,0.7538,0.6350,0.4302,0.5695,0.5695,0.5695,0.7006,0.4302,0.0369,0.2991,0.2458,0.2458,0.1229,0.0205,0.0369,0.0737,,0.6420,,,,76.20,,,168.6,,0.054,
1791426486.654412,0.4998,0.5695,0.6350,0.4998,0.4302,0.6350,0.4998,0.8030,0.1557,0.0574,0.0737,0.2991,0.1229,0.0574,0.0410,0.0123,0.0205,0.4330,0.6385,,0.2055,,76.86,,,173.9,,0.050,
1791426486.6886096,0.6350,0.6350,0.5695,0.4302,0.4302,0.7006,0.4998,0.5695,0.5695,0.0737,0.2458,0.2458,0.2458,0.0246,0.0246,0.0369,0.0369,0.4330,0.6420,,0.2090,,76.73,,,172.1,,0.051,
1791426486.721517,0.3646,0.5695,0.5695,0.4302,0.4998,0.4302,0.6350,0.7538,0.5695,0.0737,0.1557,0.1229,0.2458,0.0369,0.0737,0.0369,0.0410,0.4260,0.6435,,0.2175,,77.13,,,173.1,,0.049,
1791426486.7547643,0.4302,0.1966,0.3646,0.5695,0.4302,0.6350,0.4998,0.4302,0.4302,0.0574,0.1966,0.1557,0.1966,0.0246,0.0737,0.0737,0.0737,0.4320,0.6355,,0.2035,,77.96,,,175.4,,0.045,
1791426486.7880247,0.3646,0.5695,0.4998,0.4998,0.4302,0.7538,0.3646,0.6350,0.4302,0.1229,0.1966,0.1966,0.2458,0.0942,0.0410,0.0410,0.0942,0.4240,0.6500,,0.2260,,77.54,,,176.3,,0.048,
1791426486.827422,0.2458,0.5695,0.7006,0.5695,0.4302,0.5695,0.6350,0.5695,0.2458,0.0574,0.0942,0.3646,0.3646,0.0737,0.0942,0.0369,0.0574,,0.6490,,,,77.54,,,176.4,0.708,0.048,
1791426486.860069,0.4998,0.4302,0.7006,0.4998,0.4998,0.7538,0.5695,0.6350,0.5695,0.2991,0.0942,0.1557,0.1557,0.0369,0.0205,0.0246,0.0369,0.4250,0.6455,,0.2205,,77.30,,,179.4,,0.049,
1791426486.8907151,0.4302,0.6350,0.4998,0.4998,0.4998,0.5695,0.4998,0.7538,0.4998,0.0737,0.1557,0.2458,0.2991,0.0574,0.0246,0.0410,0.0574,0.4300,0.6400,,0.2100,,77.66,,,179.6,,0.047,
1791426486.9222088,0.4998,0.5695,0.4998,0.5695,0.4998,0.5695,0.3646,0.7006,0.2991,0.0942,0.1229,0.2458,0.2458,0.0410,0.0410,0.1229,0.0574,0.4260,0.6415,,0.2155,,77.99,,,174.5,,0.046,
1791426486.9550905,0.4998,0.6350,0.5695,0.4302,0.4998,0.6350,0.4998,0.6350,0.7006,0.0942,0.3646,0.1557,0.1966,0.0574,0.0942,0.0574,0.0574,0.4260,0.6450,,0.2190,,78.54,,,161.6,,0.044,1.007
1791426486.9891698,0.6350,0.7006,0.7006,0.6350,0.3646,0.5695,0.4998,0.7006,0.2458,0.0737,0.2991,0.3646,0.2991,0.0737,0.1229,0.0369,0.0410,0.4260,0.6415,,0.2155,,78.40,,,164.4,,0.044,
1791426487.0218978,0.4302,0.7538,0.4302,0.4998,0.5695,0.7538,0.4302,0.5695,0.6350,0.0942,0.2991,0.1966,0.2458,0.0574,0.0369,0.0246,0.0410,0.4260,0.6370,,0.2110,,78.11,,,167.6,,0.045,
1791426487.0556655,0.3646,0.6350,0.7538,0.5695,0.4302,0.7006,0.5695,0.4998,0.2458,0.1557,0.4302,0.2458,0.2458,0.0737,0.0574,0.0574,0.0410,0.4290,0.6465,,0.2175,,78.55,,,151.8,,0.044,0.860
1791426487.0886958,0.3646,0.3646,0.6350,0.5695,0.4302,0.4998,0.4302,0.7006,0.5695,0.1557,0.0737,0.3646,0.2458,0.0369,0.1966,0.1966,0.0574,0.4270,0.6405,,0.2135,,78.43,,,158.1,,0.044,
1791426487.1278734,0.4998,0.6350,0.5695,0.5695,0.5695,0.7006,0.6350,0.6350,0.3646,0.0942,0.0942,0.1229,0.2458,0.0574,0.0410,0.0574,0.0246,0.4290,0.6435,,0.2145,,78.68,,,161.7,,0.043,
1791426487.1592302,0.2991,0.7538,0.4302,0.4302,0.4302,0.4302,0.4302,0.4998,0.4302,0.0942,0.0942,0.1966,0.1966,0.0410,0.0737,0.0410,0.0410,,0.6490,,,,78.68,,,166.1,,0.043,
1791426487.1906996,0.3646,0.5695,0.4998,0.4998,0.3646,0.4302,0.6350,0.8030,0.2991,0.1229,0.0942,0.3646,0.2458,0.0737,0.0205,0.1966,0.0410,0.4260,0.6400,,0.2140,,79.00,,,174.3,,0.042,
1791426487.2224927,0.7006,0.2991,0.5695,0.3646,0.4302,0.5695,0.6350,0.4302,0.6350,0.0574,0.1229,0.2458,0.2458,0.0942,0.0369,0.0246,0.0574,0.4270,0.6460,,0.2190,,78.75,,,178.2,,0.043,
1791426487.2557855,0.4302,0.4998,0.7538,0.4998,0.4998,0.5695,0.4998,0.7538,0.2458,0.1229,0.0574,0.4302,0.3646,0.0410,0.0369,0.0369,0.0369,0.4330,0.6410,,0.2080,,78.35,,,176.9,0.706,0.044,
1791426487.2889721,0.4998,0.7006,0.7538,0.6350,0.4302,0.7538,0.5695,0.7006,0.2991,0.0410,0.0737,0.1966,0.2458,0.0246,0.0246,0.0369,0.1557,0.4310,0.6435,,0.2125,,78.21,,,169.2,,0.045,
1791426487.3228447,0.4302,0.7006,0.6350,0.5695,0.4998,0.5695,0.7006,0.7006,0.4302,0.1229,0.2458,0.2458,0.1557,0.0574,0.0246,0.0410,0.0574,0.4250,0.6390,,0.2140,,78.10,,,169.5,,0.045,
1791426487.3554742,0.4998,0.7538,0.5695,0.6350,0.4302,0.7538,0.6350,0.7538,0.3646,0.0737,0.2458,0.1557,0.2458,0.0574,0.0410,0.0369,0.0410,0.4300,0.6410,,0.2110,,78.01,,,171.0,,0.045,
1791426487.389338,0.5695,0.6350,0.4302,0.4302,0.4998,0.7006,0.4302,0.7006,0.2991,0.0574,0.0737,0.5695,0.1229,0.0369,0.0369,0.0369,0.0410,0.4340,0.6410,,0.2070,,78.58,,,169.5,,0.043,
1791426487.4225488,0.4302,0.4998,0.3646,0.6350,0.4998,0.7006,0.5695,0.7538,0.3646,0.1229,0.1966,0.3646,0.2991,0.0205,0.0574,0.0369,0.0410,0.4250,0.6445,,0.2195,,78.31,,,168.9,,0.044,
1791426487.4616778,0.4302,0.3646,0.8030,0.4998,0.4998,0.6350,0.7006,0.7006,0.1966,0.0737,0.1557,0.2991,0.2458,0.0246,0.0574,0.0246,0.0369,0.4260,0.6390,,0.2130,,78.86,,,169.0,,0.042,
1791426487.4933376,0.4302,0.4998,0.6350,0.4302,0.4998,0.4998,0.5695,0.5695,0.2991,0.0574,0.2991,0.2458,0.2991,0.0942,0.0737,0.0410,0.0369,0.4250,0.6385,,0.2135,,78.61,,,167.9,,0.043,
1791426487.5251596,0.5695,0.5695,0.7538,0.6350,0.7006,0.5695,0.7538,0.7006,0.3646,0.0942,0.1966,0.2991,0.2458,0.0369,0.0410,0.0246,0.0369,0.4260,0.6400,,0.2140,,78.30,,,166.9,,0.044,
1791426487.5565002,0.2991,0.7538,0.4302,0.4998,0.4302,0.7006,0.6350,0.7006,0.5695,0.0942,0.1229,0.3646,0.4302,0.0942,0.1229,0.0369,0.0410,,0.6380,,,,78.30,,,165.9,0.700,0.044,
1791426487.5896394,0.3646,0.5695,0.6350,0.6350,0.4998,0.7006,0.4302,0.7006,0.3646,0.0737,0.1229,0.3646,0.2991,0.0410,0.0737,0.0369,0.0410,0.4250,0.6450,,0.2200,,78.16,,,,,0.045,
1791426487.6227293,0.7538,0.7006,0.8030,0.4302,0.6350,0.5695,0.4998,0.8440,0.2991,0.1229,0.1557,0.2991,0.2458,0.0410,0.0369,0.0410,0.0574,0.4250,0.6485,,0.2235,,77.56,,,,,0.048,
1791426487.656804,0.3646,0.4998,0.6350,0.4998,0.4998,0.5695,0.7006,0.7538,0.2991,0.0942,0.0942,0.4998,0.2991,0.0369,0.0369,0.1229,0.1229,0.4330,0.6400,,0.2070,,77.38,,,,,0.048,
1791426487.6892343,0.4302,0.4998,0.7006,0.5695,0.4998,0.5695,0.4998,0.7538,0.4998,0.1229,0.2458,0.2458,0.1966,0.0737,0.0574,0.0246,0.0205,0.4270,0.6360,,0.2090,,77.45,,,,,0.048,
1791426487.7227023,0.4302,0.5695,0.4302,0.5695,0.4998,0.6350,0.4998,0.7006,0.2458,0.1229,0.3646,0.2458,0.3646,0.0410,0.0369,0.0574,0.0369,0.4250,0.6405,,0.2155,,76.97,,,145.9,,0.050,0.761
1791426487.756788,0.2991,0.7006,0.7538,0.5695,0.5695,0.6350,0.4302,0.7538,0.2458,0.1229,0.1966,0.3646,0.3646,0.0574,0.0942,0.0410,0.0574,,0.6415,,,,76.97,,,148.8,0.759,0.050,
1791426487.7954376,0.6350,0.6350,0.5695,0.6350,0.4302,0.7006,0.4998,0.6350,0.5695,0.1229,0.0574,0.2991,0.2991,0.0737,0.0942,0.0574,0.0737,0.4270,0.6400,,0.2130,,77.43,,,148.4,,0.048,
1791426487.8270276,0.3646,0.5695,0.6350,0.6350,0.4302,0.6350,0.5695,0.7538,0.3646,0.0942,0.1229,0.2991,0.2991,0.0737,0.0574,0.0369,0.0369,0.4250,0.6440,,0.2190,,77.35,,,149.0,,0.048,
1791426487.8592014,0.2458,0.8030,0.2458,0.4998,0.4302,0.6350,0.4302,0.7538,0.1557,0.1557,0.2458,0.3646,0.1966,0.0369,0.0574,0.0942,0.0410,,0.6385,,,,77.35,,,150.8,,0.048,
1791426487.890555,0.2458,0.6350,0.7006,0.4998,0.5695,0.8030,0.5695,0.7006,0.2458,0.1229,0.0737,0.2991,0.2458,0.0942,0.0369,0.0369,0.0737,,0.6440,,,,77.35,,,147.1,,0.048,
1791426487.9236073,0.4302,0.4998,0.4302,0.5695,0.5695,0.6350,0.6350,0.7006,0.6350,0.1966,0.1966,0.2991,0.2991,0.0737,0.0942,0.0369,0.0410,0.4250,0.6380,,0.2130,,77.37,,,147.5,,0.048,
1791426487.956348,0.8440,0.5695,0.7538,0.4998,0.4998,0.5695,0.4302,0.7006,0.4998,0.1557,0.1557,0.2458,0.3646,0.0737,0.0369,0.0369,0.0410,0.4260,0.6445,,0.2185,,77.42,,,147.6,,0.048,
1791426487.9903705,0.5695,0.5695,0.4998,0.4998,0.5695,0.7006,0.4302,0.7006,0.4302,0.1966,0.2458,0.3646,0.2991,0.0737,0.0369,0.0410,0.0369,0.4260,0.6475,,0.2215,,77.22,,,149.7,,0.049,
1791426488.0228264,0.2458,0.5695,0.8440,0.6350,0.5695,0.7006,0.6350,0.7538,0.4998,0.1229,0.1966,0.3646,0.4302,0.0574,0.0369,0.0369,0.0410,,0.6440,,,,77.22,,,149.6,0.701,0.049,
1791426488.0566523,0.7006,0.6350,0.8030,0.5695,0.4998,0.6350,0.4998,0.7006,0.1557,0.0410,0.0942,0.1229,0.1557,0.0942,0.0205,0.0574,0.0410,0.4250,0.6405,,0.2155,,76.75,,,150.5,,0.051,
1791426488.09609,0.2991,0.4998,0.6350,0.4998,0.6350,0.5695,0.4998,0.8030,0.2458,0.0737,0.0942,0.1966,0.2458,0.0369,0.0410,0.0410,0.0369,,0.6425,,,,76.75,,,150.7,,0.051,
1791426488.1283634,0.4302,0.7006,0.5695,0.5695,0.5695,0.5695,0.5695,0.5695,0.4302,0.0574,0.0942,0.2991,0.2458,0.0410,0.0410,0.0410,0.0737,0.4250,0.6465,,0.2215,,76.66,,,150.2,,0.052,
1791426488.1591523,0.2991,0.6350,0.7006,0.4302,0.5695,0.7006,0.3646,0.5695,0.4998,0.0942,0.2991,0.4302,0.1966,0.0246,0.0246,0.0369,0.0369,,0.6445,,,,76.66,,,151.6,,0.052,
1791426488.1913838,0.2458,0.4998,0.5695,0.5695,0.5695,0.5695,0.5695,0.7538,0.3646,0.0942,0.1966,0.2991,0.2458,0.0574,0.0737,0.0410,0.0737,,0.6445,,,,76.66,,,154.1,,0.052,
1791426488.2237413,0.2991,0.7006,0.7006,0.5695,0.5695,0.4998,0.6350,0.6350,0.2991,0.1229,0.0574,0.2458,0.2991,0.0737,0.1229,0.0369,0.0574,,0.6470,,,,76.66,,,152.4,,0.052,
1791426488.2575557,0.7538,0.7538,0.7006,0.4998,0.5695,0.6350,0.6350,0.7538,0.4302,0.1557,0.2458,0.2991,0.4302,0.0574,0.0369,0.0369,0.0410,0.4260,0.6365,,0.2105,,76.65,,,,,0.051,
1791426488.2896445,0.4998,0.6350,0.7006,0.4998,0.6350,0.7006,0.7006,0.6350,0.1557,0.1966,0.0737,0.3646,0.2458,0.0737,0.0205,0.0737,0.0410,0.4270,0.6455,,0.2185,,76.77,,,,,0.051,
1791426488.323777,0.3646,0.4302,0.7006,0.4302,0.4998,0.4998,0.5695,0.7538,0.3646,0.1557,0.2458,0.2458,0.3646,0.0574,0.0410,0.0205,0.0369,0.4250,0.6480,,0.2230,,76.46,,,,,0.052,
