timestamp,nose_score,left_eye_score,right_eye_score,left_ear_score,right_ear_score,left_shoulder_score,right_shoulder_score,left_elbow_score,right_elbow_score,left_wrist_score,right_wrist_score,left_hip_score,right_hip_score,left_knee_score,right_knee_score,left_ankle_score,right_ankle_score,head_depth_m,chest_depth_m,hip_depth_m,neck_forward_offset_m,torso_recline_offset_m,head_forward_deg,torso_pitch_deg,elbow_left_deg,elbow_right_deg,torso_len_sw,head_up_m,wrist_face_sw
1791426181.0087497,0.6350,0.8767,0.6350,0.7006,0.5695,0.6350,0.7538,0.4998,0.8030,0.2458,0.5695,0.5695,0.4998,0.0574,0.0369,0.0574,0.0942,0.6690,0.7595,,0.0905,,22.90,-9.61,177.9,177.6,1.113,0.212,1.815
1791426181.0408292,0.8440,0.7538,0.7538,0.7006,0.4998,0.7006,0.6350,0.7538,0.4998,0.3646,0.3646,0.4998,0.4998,0.0942,0.0410,0.1557,0.0574,0.6690,0.7615,,0.0925,,22.91,-9.65,177.9,178.0,1.107,0.214,1.864
1791426181.0740626,0.5695,0.8767,0.8440,0.6350,0.7006,0.4998,0.7006,0.7538,0.4998,0.6350,0.3646,0.4998,0.5695,0.0737,0.0737,0.0942,0.0737,0.6700,0.7600,,0.0900,,22.84,-9.64,178.9,177.6,1.112,0.214,1.860
1791426181.107616,0.4998,0.8767,0.7538,0.5695,0.5695,0.7006,0.8030,0.6350,0.4998,0.2991,0.3646,0.6350,0.4302,0.0410,0.0369,0.0737,0.0942,0.6690,0.7590,,0.0900,,22.92,-9.73,179.1,177.9,1.039,0.213,1.849
1791426181.1479406,0.7538,0.7006,0.8030,0.8030,0.5695,0.6350,0.7538,0.7006,0.4998,0.1229,0.4998,0.4998,0.4302,0.0574,0.0410,0.0410,0.0410,0.6690,0.7575,,0.0885,,22.88,-9.65,178.4,178.4,1.108,0.213,1.878
1791426181.1802244,0.6350,0.8767,0.7538,0.5695,0.5695,0.4998,0.5695,0.7006,0.6350,0.2991,0.1966,0.5695,0.4302,0.0737,0.0410,0.0737,0.0942,0.6710,0.7600,,0.0890,,22.89,-9.66,179.1,178.3,1.102,0.212,
1791426181.2110271,0.7006,0.7538,0.7538,0.7006,0.4998,0.6350,0.7006,0.6350,0.5695,0.2458,0.3646,0.5695,0.4998,0.0410,0.0369,0.0737,0.0574,0.6700,0.7595,,0.0895,,22.30,-9.58,179.4,178.3,1.142,0.219,2.044
1791426181.2419443,0.7538,0.6350,0.7538,0.5695,0.5695,0.6350,0.8030,0.7006,0.4302,0.1557,0.1557,0.7006,0.5695,0.0410,0.0410,0.0410,0.0737,0.6700,0.7640,0.6870,0.0940,-0.0770,22.65,-9.57,179.0,178.8,1.146,0.217,
1791426181.2752988,0.7006,0.7006,0.6350,0.5695,0.4998,0.6350,0.8440,0.4998,0.6350,0.5695,0.6350,0.4998,0.5695,0.0574,0.0737,0.0942,0.0410,0.6690,0.7575,,0.0885,,22.63,-9.57,179.2,178.2,1.075,0.216,1.839
1791426181.3080792,0.5695,0.4302,0.7006,0.5695,0.6350,0.6350,0.8030,0.6350,0.4998,0.6350,0.5695,0.5695,0.4998,0.0737,0.0942,0.1229,0.0410,0.6690,0.7570,,0.0880,,22.71,-9.65,179.7,177.7,1.015,0.214,1.720
1791426181.3413138,0.7538,0.8030,0.8767,0.7006,0.6350,0.6350,0.6350,0.7006,0.6350,0.5695,0.2458,0.5695,0.3646,0.0574,0.0410,0.0574,0.0574,0.6690,0.7575,,0.0885,,22.61,-9.57,179.7,177.7,1.108,0.215,1.890
1791426181.37504,0.8030,0.7006,0.7538,0.6350,0.7006,0.7538,0.7538,0.6350,0.5695,0.4998,0.4302,0.4302,0.4998,0.0410,0.0246,0.0737,0.0574,0.6700,0.7640,,0.0940,,22.86,-9.63,179.8,178.2,1.132,0.214,1.962
1791426181.4085095,0.7538,0.8440,0.5695,0.5695,0.5695,0.5695,0.7538,0.2991,0.4302,0.7006,0.5695,0.4998,0.4998,0.0410,0.0369,0.0737,0.0737,0.6700,0.7610,,0.0910,,22.55,-9.54,179.0,178.0,1.173,0.218,1.980
1791426181.448446,0.8030,0.2458,0.8440,0.6350,0.4302,0.7006,0.7006,0.7538,0.3646,0.4998,0.1966,0.4998,0.4998,0.0574,0.0410,0.1557,0.0574,0.6700,0.7595,,0.0895,,22.23,-9.42,178.8,177.3,1.173,0.221,2.048
1791426181.4801536,0.5695,0.7538,0.7006,0.8440,0.5695,0.6350,0.7006,0.8030,0.4302,0.1966,0.3646,0.4998,0.3646,0.0410,0.0737,0.0410,0.0369,0.6700,0.7555,,0.0855,,22.09,-9.42,179.3,176.9,1.060,0.220,1.820
1791426181.510817,0.7538,0.7538,0.3646,0.6350,0.5695,0.6350,0.7538,0.3646,0.2458,0.2991,0.4302,0.4998,0.4998,0.0410,0.0574,0.1229,0.0574,0.6700,0.7610,,0.0910,,22.52,-9.58,178.7,176.5,1.050,0.216,1.764
1791426181.54303,0.6350,0.7006,0.7006,0.6350,0.4302,0.6350,0.7006,0.4998,0.4302,0.2458,0.3646,0.4998,0.4302,0.0942,0.0737,0.0574,0.0942,0.6700,0.7610,,0.0910,,22.54,-9.56,178.3,176.4,1.132,0.217,1.927
1791426181.5759156,0.7538,0.6350,0.7538,0.7006,0.6350,0.8030,0.7006,0.4998,0.4302,0.3646,0.4302,0.4998,0.3646,0.0574,0.0737,0.0574,0.0737,0.6700,0.7605,,0.0905,,22.67,-9.65,179.1,177.2,1.065,0.216,1.829
1791426181.6084845,0.7538,0.7538,0.7006,0.7538,0.5695,0.7006,0.7006,0.5695,0.6350,0.6350,0.2991,0.5695,0.4302,0.0246,0.0574,0.0737,0.0410,0.6700,0.7555,,0.0855,,22.54,-9.63,179.8,177.5,1.044,0.215,1.863
1791426181.6411607,0.7006,0.8030,0.9054,0.4302,0.6350,0.5695,0.7006,0.7006,0.6350,0.1557,0.1557,0.4998,0.4302,0.0410,0.0574,0.0737,0.0942,0.6700,0.7565,,0.0865,,22.45,-9.64,178.8,177.5,1.049,0.214,
1791426181.675884,0.4998,0.8767,0.7538,0.5695,0.4302,0.4302,0.8030,0.5695,0.7006,0.1229,0.4302,0.4998,0.4302,0.0369,0.0574,0.0410,0.0942,0.6700,0.7565,,0.0865,,22.34,-9.59,179.5,177.2,1.075,0.215,1.815
1791426181.709705,0.7538,0.8440,0.7006,0.6350,0.7006,0.6350,0.6350,0.7006,0.4302,0.5695,0.3646,0.5695,0.4998,0.0410,0.0205,0.0410,0.1229,0.6700,0.7590,,0.0890,,22.41,-9.60,179.7,177.2,1.084,0.214,1.795
1791426181.7490253,0.8030,0.6350,0.5695,0.7006,0.6350,0.7006,0.7006,0.7006,0.7006,0.2458,0.2458,0.4302,0.4998,0.0574,0.0574,0.1229,0.0737,0.6700,0.7580,,0.0880,,22.69,-9.73,179.8,175.8,1.001,0.211,
1791426181.7816162,0.6350,0.7538,0.8030,0.4998,0.7538,0.7538,0.8030,0.4998,0.4998,0.1557,0.3646,0.4998,0.5695,0.0369,0.0369,0.1229,0.0737,0.6700,0.7590,,0.0890,,22.55,,179.7,174.9,1.142,0.213,1.893
1791426181.8139253,0.5695,0.8440,0.7006,0.5695,0.4302,0.5695,0.7538,0.6350,0.5695,0.5695,0.2991,0.4302,0.4302,0.0574,0.0737,0.0574,0.0574,0.6700,0.7590,,0.0890,,22.56,,179.6,175.9,1.072,0.213,1.865
1791426181.845941,0.7006,0.7006,0.9054,0.7006,0.4302,0.7538,0.8440,0.5695,0.3646,0.2458,0.2991,0.4998,0.4302,0.0410,0.0942,0.0737,0.0410,0.6700,0.7590,,0.0890,,22.64,,179.5,177.6,1.018,0.212,
1791426181.875688,0.5695,0.7538,0.6350,0.7006,0.5695,0.7006,0.8767,0.6350,0.5695,0.5695,0.2991,0.5695,0.5695,0.0737,0.0369,0.2458,0.0737,0.6700,0.7630,0.6830,0.0930,-0.0800,22.73,-9.73,179.1,178.2,1.182,0.214,1.970
1791426181.9095576,0.8030,0.8767,0.8440,0.6350,0.5695,0.6350,0.7006,0.4998,0.5695,0.2458,0.1557,0.5695,0.4302,0.0574,0.0369,0.1229,0.0205,0.6700,0.7610,,0.0910,,22.99,-9.76,179.5,178.1,1.094,0.212,
1791426181.9420502,0.8030,0.9054,0.6350,0.7006,0.5695,0.6350,0.8030,0.6350,0.5695,0.5695,0.2458,0.4998,0.4302,0.0410,0.0574,0.1229,0.0737,0.6700,0.7590,,0.0890,,23.06,-9.85,178.9,177.7,1.027,0.211,1.825
1791426181.9766939,0.7538,0.8440,0.6350,0.8030,0.4302,0.8030,0.8440,0.4998,0.4998,0.2991,0.2458,0.5695,0.4302,0.0410,0.0410,0.1229,0.0574,0.6700,0.7575,,0.0875,,22.58,-9.73,178.9,178.6,1.117,0.215,
1791426182.0090327,0.8030,0.7538,0.8767,0.7006,0.4998,0.6350,0.8440,0.4302,0.5695,0.3646,0.2458,0.4302,0.4998,0.0737,0.0574,0.0942,0.0574,0.6700,0.7590,,0.0890,,22.55,-9.82,178.9,178.6,1.030,0.215,1.843
1791426182.0443861,0.6350,0.7006,0.8440,0.7006,0.6350,0.5695,0.7538,0.5695,0.4302,0.1557,0.2991,0.4998,0.3646,0.0369,0.0942,0.0942,0.0942,0.6730,0.7600,,0.0870,,22.39,-9.75,178.9,177.6,1.127,0.215,
1791426182.0819457,0.7006,0.8030,0.8030,0.7538,0.5695,0.6350,0.7006,0.7006,0.4302,0.1229,0.1557,0.5695,0.4302,0.0737,0.0737,0.1557,0.0942,0.6700,0.7575,,0.0875,,22.37,-9.74,179.7,177.4,1.066,0.215,
1791426182.1138048,0.5695,0.8440,0.4302,0.5695,0.4998,0.7006,0.7538,0.5695,0.6350,0.6350,0.2991,0.4302,0.5695,0.0574,0.0942,0.0942,0.1229,0.6700,0.7575,,0.0875,,22.22,-9.70,179.9,176.4,1.079,0.216,1.925
1791426182.146645,0.7538,0.6350,0.6350,0.5695,0.7006,0.6350,0.7538,0.4998,0.4998,0.3646,0.5695,0.5695,0.4998,0.0410,0.0737,0.0737,0.0737,0.6700,0.7575,,0.0875,,22.14,-9.73,179.4,176.3,1.046,0.217,1.887
1791426182.1784618,0.7538,0.8767,0.7538,0.5695,0.5695,0.7006,0.7538,0.4998,0.4998,0.3646,0.4998,0.4998,0.4302,0.0410,0.0737,0.0737,0.0737,0.6700,0.7650,,0.0950,,22.56,-9.82,179.2,176.4,1.117,0.215,1.851
1791426182.2098985,0.7006,0.9054,0.7006,0.6350,0.7538,0.6350,0.7006,0.8030,0.4998,0.4998,0.4302,0.4302,0.2991,0.0737,0.0574,0.0942,0.0942,0.6700,0.7610,,0.0910,,23.13,-10.00,178.9,177.2,,0.210,1.745
1791426182.242469,0.7538,0.7538,0.7538,0.5695,0.7006,0.5695,0.7538,0.7006,0.4998,0.2991,0.4998,0.4998,0.4998,0.0410,0.0574,0.0737,0.0205,0.6700,0.7675,,0.0975,,23.25,-10.04,179.6,177.4,1.152,0.213,1.987
1791426182.2758057,0.7006,0.8440,0.7538,0.7538,0.7006,0.7006,0.8030,0.7006,0.5695,0.2458,0.5695,0.4998,0.4998,0.0410,0.0410,0.1229,0.0737,0.6700,0.7650,,0.0950,,23.63,-10.08,179.9,177.7,1.113,0.210,1.839
1791426182.3098798,0.7006,0.7538,0.7006,0.7006,0.5695,0.4998,0.8030,0.7006,0.4998,0.1557,0.2458,0.5695,0.4998,0.0574,0.0737,0.0369,0.0410,0.6700,0.7575,,0.0875,,23.33,-9.99,179.8,177.3,1.072,0.211,
1791426182.3430524,0.7006,0.7538,0.7538,0.7006,0.7006,0.4302,0.7538,0.6350,0.5695,0.1557,0.3646,0.5695,0.3646,0.0410,0.0246,0.1229,0.0737,0.6700,0.7635,,0.0935,,23.69,-10.05,179.2,177.2,1.086,0.209,1.793
1791426182.3842518,0.6350,0.9259,0.7006,0.7006,0.7006,0.7538,0.7538,0.6350,0.4998,0.1966,0.4302,0.4998,0.4998,0.0410,0.0369,0.0410,0.0942,0.6700,0.7585,,0.0885,,23.35,-9.96,179.7,177.7,1.089,0.211,1.903
1791426182.4162893,0.7006,0.8030,0.4998,0.7538,0.4998,0.7538,0.6350,0.6350,0.4998,0.0942,0.1966,0.5695,0.4998,0.0410,0.0942,0.0942,0.0737,0.6700,0.7670,,0.0970,,23.27,,179.2,178.3,1.223,0.214,
1791426182.4470415,0.7538,0.8030,0.4998,0.7538,0.7538,0.7006,0.7006,0.7538,0.4998,0.1557,0.2991,0.4998,0.4302,0.0574,0.0246,0.1557,0.0574,0.6700,0.7595,,0.0895,,23.31,,177.2,178.5,1.008,0.213,
1791426182.4784997,0.7538,0.9259,0.7538,0.7006,0.4998,0.7006,0.7538,0.6350,0.4998,0.2458,0.5695,0.4998,0.5695,0.0737,0.0410,0.0574,0.0369,0.6700,0.7615,,0.0915,,23.57,,177.8,179.2,1.054,0.210,1.820
1791426182.5105665,0.6350,0.8440,0.7006,0.7538,0.5695,0.5695,0.7538,0.4998,0.4998,0.2458,0.1557,0.5695,0.4998,0.0942,0.0737,0.0574,0.0574,0.6700,0.7605,,0.0905,,23.77,,177.3,178.7,1.146,0.208,
1791426182.5431972,0.8440,0.8767,0.6350,0.6350,0.2991,0.5695,0.6350,0.6350,0.4302,0.2458,0.5695,0.4998,0.4998,0.0574,0.0574,0.0737,0.0737,0.6700,0.7570,,0.0870,,23.38,,176.9,178.4,1.075,0.209,1.905
1791426182.5763993,0.6350,0.8030,0.6350,0.6350,0.5695,0.6350,0.6350,0.6350,0.6350,0.1557,0.2458,0.5695,0.4998,0.0410,0.0246,0.0574,0.1229,0.6700,0.7600,,0.0900,,23.46,,176.8,178.5,1.040,0.208,
1791426182.609281,0.6350,0.8030,0.9423,0.7006,0.6350,0.6350,0.7538,0.4302,0.7006,0.4998,0.5695,0.5695,0.4998,0.0574,0.0246,0.0942,0.0369,0.6700,0.7615,,0.0915,,23.67,,178.2,178.2,1.062,0.207,1.777
1791426182.6425805,0.7006,0.9054,0.7538,0.7006,0.5695,0.4998,0.7538,0.6350,0.4302,0.1557,0.4998,0.5695,0.4998,0.0574,0.0737,0.1229,0.0369,0.6700,0.7595,,0.0895,,23.58,,177.0,177.5,1.156,0.207,1.868
1791426182.6819766,0.7538,0.9054,0.7006,0.4998,0.5695,0.5695,0.7006,0.5695,0.6350,0.4302,0.4998,0.4302,0.4302,0.0410,0.0410,0.2458,0.0574,0.6700,0.7575,,0.0875,,23.36,,178.4,178.2,1.066,0.208,1.831
1791426182.7140815,0.7006,0.8440,0.7006,0.7006,0.5695,0.7006,0.6350,0.7006,0.5695,0.4998,0.3646,0.4998,0.5695,0.0410,0.0574,0.0737,0.0737,0.6700,0.7595,,0.0895,,23.39,,179.2,177.4,1.061,0.208,1.773
1791426182.744722,0.7538,0.7538,0.8440,0.5695,0.4302,0.6350,0.6350,0.5695,0.6350,0.1966,0.1966,0.4998,0.4302,0.0410,0.0737,0.1557,0.0737,0.6700,0.7650,,0.0950,,23.60,,179.0,178.7,1.112,0.208,
1791426182.7767224,0.8440,0.7538,0.4998,0.5695,0.5695,0.4998,0.7006,0.4998,0.4302,0.5695,0.4302,0.4998,0.5695,0.0574,0.0574,0.0737,0.0574,0.6700,0.7600,,0.0900,,23.42,,179.4,179.3,1.122,0.209,1.918
1791426182.8103435,0.8030,0.7006,0.9259,0.7006,0.6350,0.5695,0.7006,0.5695,0.4302,0.2458,0.3646,0.4302,0.4998,0.0574,0.0410,0.0942,0.0574,0.6710,0.7605,,0.0895,,23.25,,178.4,180.0,1.071,0.210,1.913
1791426182.844262,0.4998,0.5695,0.7006,0.7006,0.6350,0.6350,0.7538,0.7006,0.6350,0.1557,0.3646,0.5695,0.4302,0.0737,0.0574,0.0737,0.0737,0.6720,0.7610,,0.0890,,23.14,,178.4,179.6,1.113,0.211,1.979
1791426182.8765347,0.6350,0.7538,0.7006,0.6350,0.4302,0.6350,0.7006,0.6350,0.3646,0.1229,0.5695,0.4998,0.4998,0.0410,0.0205,0.0942,0.0410,0.6710,0.7580,,0.0870,,22.95,,178.4,179.6,1.059,0.211,1.836
1791426182.9101427,0.5695,0.8030,0.3646,0.5695,0.6350,0.7006,0.7006,0.6350,0.4302,0.4998,0.2458,0.4998,0.4998,0.0737,0.0942,0.1229,0.0737,0.6710,0.7615,,0.0905,,22.82,,178.6,180.0,1.141,0.213,2.000
1791426182.9500723,0.7006,0.7538,0.4302,0.6350,0.7538,0.7538,0.6350,0.6350,0.5695,0.1557,0.2991,0.5695,0.2991,0.0410,0.0574,0.1966,0.0942,0.6710,0.7590,,0.0880,,22.99,,180.0,179.5,,0.211,
1791426182.9823313,0.8030,0.7006,0.7538,0.5695,0.7538,0.7538,0.7006,0.5695,0.4998,0.2458,0.1966,0.4998,0.3646,0.0410,0.0574,0.1229,0.0369,0.6710,0.7585,,0.0875,,22.60,,179.8,179.3,1.122,0.214,
1791426183.0130801,0.8030,0.2991,0.7006,0.6350,0.6350,0.4998,0.7538,0.5695,0.6350,0.3646,0.4302,0.4998,0.4998,0.0574,0.0942,0.0574,0.0737,0.6710,0.7625,,0.0915,,22.40,,178.9,179.8,1.205,0.217,2.025
1791426183.0451221,0.7538,0.7538,0.7538,0.6350,0.6350,0.6350,0.6350,0.5695,0.5695,0.1557,0.4302,0.6350,0.4998,0.0369,0.0246,0.0942,0.0574,0.6710,0.7595,,0.0885,,22.43,,179.3,178.8,1.071,0.216,1.790
1791426183.0770059,0.4998,0.8030,0.7006,0.4998,0.4998,0.4302,0.7006,0.5695,0.4998,0.1966,0.4302,0.5695,0.4998,0.0369,0.0737,0.0369,0.0410,0.6750,0.7570,,0.0820,,22.31,,178.7,178.1,1.042,0.214,1.737
1791426183.1105385,0.5695,0.7538,0.6350,0.7006,0.4998,0.6350,0.7006,0.5695,0.4998,0.2991,0.1229,0.4998,0.4998,0.0410,0.0574,0.1229,0.0410,0.6710,0.7560,,0.0850,,22.20,,178.2,179.0,1.055,0.214,
1791426183.1434069,0.8030,0.7006,0.5695,0.6350,0.4998,0.6350,0.7538,0.7006,0.3646,0.4302,0.1966,0.5695,0.4998,0.0369,0.0246,0.0574,0.0410,0.6720,0.7620,,0.0900,,22.66,,178.2,178.9,1.113,0.210,1.870
1791426183.1769967,0.7006,0.8030,0.7538,0.7538,0.4998,0.7006,0.6350,0.5695,0.5695,0.3646,0.4998,0.4998,0.4998,0.0410,0.0410,0.0942,0.0737,0.6710,0.7590,,0.0880,,22.37,,177.9,178.8,1.102,0.214,1.968
1791426183.2178738,0.7538,0.8440,0.8440,0.6350,0.6350,0.5695,0.6350,0.5695,0.4998,0.5695,0.2991,0.4998,0.4302,0.0737,0.0737,0.0737,0.0574,0.6720,0.7590,,0.0870,,22.05,,178.1,178.8,1.127,0.216,1.988
1791426183.2498214,0.6350,0.7538,0.7006,0.6350,0.3646,0.8030,0.7006,0.6350,0.4302,0.3646,0.3646,0.4302,0.4998,0.0369,0.0737,0.0410,0.0737,0.6750,0.7580,,0.0830,,21.44,,178.3,179.0,1.158,0.221,2.024
1791426183.2800791,0.8030,0.7006,0.7538,0.4302,0.6350,0.7006,0.6350,0.6350,0.4998,0.5695,0.5695,0.5695,0.4998,0.0410,0.0737,0.0942,0.0574,0.6720,0.7575,,0.0855,,21.45,,178.1,179.4,1.137,0.220,1.812
1791426183.3122559,0.7006,0.7538,0.6350,0.7538,0.4998,0.4998,0.7538,0.7538,0.5695,0.1557,0.4998,0.5695,0.4998,0.0737,0.0574,0.0942,0.0737,0.6720,0.7610,,0.0890,,21.49,,178.3,179.9,1.111,0.221,1.943
1791426183.3445435,0.8030,0.8440,0.8030,0.6350,0.5695,0.6350,0.7538,0.7006,0.4998,0.7006,0.3646,0.5695,0.4302,0.0410,0.0369,0.0369,0.0737,0.6720,0.7595,,0.0875,,21.59,,178.0,179.6,1.132,0.220,1.885
1791426183.3775716,0.4998,0.5695,0.8030,0.7006,0.5695,0.5695,0.7006,0.4998,0.4998,0.2458,0.2991,0.6350,0.4302,0.0410,0.0410,0.0410,0.0737,0.6720,0.7595,,0.0875,,21.67,,178.3,178.4,1.161,0.219,
1791426183.4108772,0.4998,0.8440,0.8440,0.8030,0.4302,0.5695,0.7538,0.7538,0.4302,0.1966,0.6350,0.5695,0.4998,0.0942,0.0574,0.0410,0.0942,0.6720,0.7610,,0.0890,,21.52,,178.3,179.1,1.168,0.222,1.954
1791426183.4457836,0.4998,0.9054,0.7006,0.8440,0.4998,0.5695,0.8767,0.4302,0.6350,0.3646,0.4998,0.4998,0.4998,0.0369,0.0737,0.0574,0.1557,0.6720,0.7545,,0.0825,,21.22,,178.1,179.8,1.107,0.223,1.910
1791426183.485489,0.7538,0.7006,0.4998,0.8030,0.4998,0.7006,0.7538,0.5695,0.4302,0.2458,0.5695,0.5695,0.4998,0.0410,0.0737,0.0942,0.0942,0.6720,0.7605,,0.0885,,21.57,,178.1,180.0,1.062,0.220,1.729
1791426183.5176947,0.7006,0.9423,0.2991,0.7006,0.5695,0.7006,0.7538,0.5695,0.4998,0.1557,0.3646,0.5695,0.4302,0.0410,0.0942,0.0574,0.0737,0.6730,0.7635,,0.0905,,21.97,,178.8,179.8,1.137,0.217,1.837
1791426183.5491362,0.7006,0.6350,0.3646,0.6350,0.4302,0.4302,0.7538,0.5695,0.5695,0.1966,0.4998,0.5695,0.4998,0.0574,0.0410,0.0369,0.0369,0.6730,0.7595,,0.0865,,22.06,,179.9,178.9,1.071,0.216,1.798
1791426183.581237,0.4998,0.9259,0.7538,0.5695,0.5695,0.4998,0.8030,0.7006,0.5695,0.4998,0.1557,0.4998,0.4302,0.0410,0.0410,0.0410,0.0737,0.6730,0.7620,,0.0890,,22.08,,179.3,177.6,1.152,0.216,1.970
1791426183.6113262,0.7538,0.6350,0.7538,0.6350,0.8030,0.8030,0.8440,0.6350,0.4998,0.1966,0.4302,0.4302,0.4998,0.0574,0.0574,0.0737,0.0205,0.6730,0.7585,,0.0855,,22.03,,179.2,177.3,1.067,0.216,1.833
1791426183.6445377,0.5695,0.4998,0.6350,0.6350,0.4302,0.7006,0.8030,0.7006,0.6350,0.1557,0.3646,0.5695,0.4998,0.0942,0.0574,0.1229,0.0942,0.6730,0.7605,,0.0875,,21.99,,177.9,177.3,1.132,0.216,1.886
1791426183.6776152,0.5695,0.7538,0.8030,0.8030,0.4998,0.5695,0.6350,0.2991,0.5695,0.1557,0.2991,0.4998,0.4998,0.0737,0.0574,0.1229,0.0574,0.6730,0.7605,,0.0875,,22.10,,177.8,177.3,1.142,0.215,
1791426183.7114382,0.6350,0.8030,0.8030,0.6350,0.6350,0.6350,0.6350,0.7538,0.4998,0.4998,0.4302,0.6350,0.4302,0.0410,0.0737,0.0205,0.0369,0.6730,0.7580,,0.0850,,21.86,,179.0,177.0,1.065,0.217,1.829
1791426183.7451208,0.5695,0.8030,0.7538,0.5695,0.6350,0.7538,0.8440,0.5695,0.4998,0.4998,0.4302,0.5695,0.4998,0.1229,0.0369,0.0942,0.0737,0.6730,0.7530,,0.0800,,21.80,,175.8,176.5,1.090,0.214,1.770
1791426183.7789266,0.6350,0.7538,0.4998,0.6350,0.6350,0.6350,0.8030,0.6350,0.6350,0.2458,0.5695,0.4998,0.4998,0.0737,0.0410,0.0574,0.0205,0.6730,0.7590,,0.0860,,21.74,,176.0,176.4,1.112,0.215,1.843
1791426183.8190403,0.7006,0.7006,0.8030,0.7538,0.5695,0.7006,0.7006,0.6350,0.5695,0.5695,0.4998,0.5695,0.4998,0.0410,0.0942,0.0369,0.0737,0.6730,0.7665,,0.0935,,22.25,,177.4,178.0,1.121,0.213,1.910
1791426183.8509295,0.4998,0.7538,0.7538,0.6350,0.4302,0.6350,0.7538,0.7538,0.5695,0.4998,0.3646,0.5695,0.4998,0.0574,0.0369,0.0410,0.0410,0.6730,0.7580,,0.0850,,21.90,,178.6,178.2,1.107,0.216,1.911
1791426183.8814125,0.6350,0.7006,0.4998,0.7006,0.4998,0.6350,0.6350,0.4998,0.6350,0.1966,0.1966,0.5695,0.3646,0.0574,0.0942,0.0369,0.0574,0.6730,0.7640,,0.0910,,21.87,,179.2,179.2,1.173,0.218,
1791426183.9122922,0.6350,0.8440,0.9259,0.7006,0.5695,0.5695,0.7538,0.4998,0.4998,0.4998,0.2458,0.6350,0.4998,0.0410,0.0737,0.0737,0.1229,0.6730,0.7595,,0.0865,,21.71,,179.9,179.5,1.122,0.219,1.944
1791426183.944431,0.7006,0.8030,0.5695,0.7538,0.6350,0.7006,0.8030,0.5695,0.3646,0.1966,0.2458,0.4998,0.4998,0.0369,0.0737,0.0942,0.0942,0.6760,0.7600,,0.0840,,21.89,,179.1,179.4,1.050,0.216,
1791426183.9783602,0.7538,0.8030,0.6350,0.5695,0.5695,0.6350,0.4302,0.5695,0.4998,0.2458,0.3646,0.4998,0.4998,0.0574,0.0574,0.1557,0.0574,0.6730,0.7605,,0.0875,,21.66,,179.3,179.4,1.198,0.219,1.918
1791426184.0115418,0.7006,0.8030,0.4302,0.7006,0.4998,0.4998,0.7538,0.7006,0.4998,0.3646,0.1966,0.4998,0.5695,0.0574,0.0246,0.1966,0.0410,0.6730,0.7580,,0.0850,,21.48,,180.0,179.0,1.122,0.220,1.938
1791426184.0454004,0.4998,0.6350,0.8440,0.8030,0.7006,0.8030,0.7006,0.4998,0.4998,0.2458,0.4998,0.5695,0.4998,0.0410,0.0410,0.1229,0.0574,0.6730,0.7580,,0.0850,,21.53,,179.9,178.5,1.080,0.218,1.814
1791426184.077986,0.5695,0.5695,0.6350,0.7538,0.3646,0.6350,0.6350,0.7538,0.5695,0.3646,0.4302,0.4998,0.5695,0.0246,0.0737,0.0942,0.0942,0.6730,0.7615,,0.0885,,21.91,,179.5,178.6,1.089,0.215,1.863
1791426184.1197162,0.7538,0.8440,0.8030,0.7006,0.4302,0.4998,0.8030,0.4998,0.6350,0.1966,0.7006,0.4998,0.4998,0.0574,0.0410,0.0574,0.0574,0.6730,0.7580,,0.0850,,21.56,,179.1,179.3,1.157,0.218,1.980
1791426184.1506405,0.5695,0.6350,0.6350,0.6350,0.7006,0.7006,0.8440,0.5695,0.5695,0.1966,0.3646,0.5695,0.4998,0.0737,0.0246,0.1557,0.0574,0.6730,0.7600,,0.0870,,21.75,,179.8,178.8,1.085,0.217,1.798
1791426184.1829,0.5695,0.8030,0.8767,0.8030,0.6350,0.5695,0.7538,0.4998,0.4302,0.4302,0.3646,0.5695,0.4998,0.0737,0.0246,0.0574,0.0737,0.6730,0.7565,,0.0835,,21.58,,179.6,179.3,1.080,0.217,1.790
1791426184.2148335,0.7006,0.8030,0.5695,0.4998,0.5695,0.8030,0.7538,0.5695,0.5695,0.1229,0.4302,0.4302,0.4302,0.0246,0.0410,0.0574,0.0410,0.6790,0.7575,,0.0785,,21.15,,179.2,179.1,1.075,0.218,1.799
1791426184.2465057,0.7006,0.8440,0.8030,0.6350,0.4302,0.7538,0.7006,0.5695,0.3646,0.2991,0.3646,0.5695,0.5695,0.0369,0.0737,0.1557,0.0574,0.6730,0.7600,0.6800,0.0870,-0.0800,21.59,-9.83,179.7,178.3,1.021,0.215,1.640
1791426184.2781727,0.6350,0.9054,0.6350,0.7538,0.3646,0.7538,0.8030,0.5695,0.4302,0.4302,0.4998,0.5695,0.4302,0.0369,0.0410,0.0737,0.0574,0.6730,0.7585,,0.0855,,21.44,-9.77,179.4,179.2,1.112,0.217,1.944
1791426184.312285,0.4302,0.8030,0.8440,0.5695,0.6350,0.6350,0.7006,0.5695,0.5695,0.4302,0.4998,0.6350,0.5695,0.0574,0.0369,0.1557,0.0737,0.6730,0.7610,0.6790,0.0880,-0.0820,21.47,-9.83,179.0,178.5,1.156,0.218,1.866
1791426184.3459663,0.5695,0.7538,0.6350,0.6350,0.6350,0.7538,0.7006,0.6350,0.3646,0.3646,0.4998,0.4998,0.4998,0.0410,0.0574,0.0369,0.1229,0.6730,0.7625,,0.0895,,21.53,-9.84,178.7,178.6,1.141,0.219,1.892
1791426184.387293,0.4302,0.7538,0.3646,0.5695,0.6350,0.7538,0.7538,0.7006,0.4302,0.1229,0.4998,0.4998,0.4998,0.0574,0.0574,0.0369,0.0410,0.6730,0.7640,,0.0910,,21.68,-9.96,178.0,179.5,1.101,0.220,1.927
1791426184.418775,0.7538,0.7006,0.7538,0.8030,0.7006,0.7006,0.7538,0.5695,0.6350,0.1966,0.4998,0.5695,0.4998,0.0574,0.0410,0.0737,0.0737,0.6730,0.7600,,0.0870,,21.82,-9.97,179.7,179.6,1.094,0.218,1.897
1791426184.450609,0.4998,0.7006,0.4998,0.8030,0.7538,0.8030,0.7006,0.4998,0.4998,0.3646,0.2991,0.5695,0.4302,0.0410,0.0246,0.0942,0.0574,0.6730,0.7585,,0.0855,,22.07,-10.11,180.0,179.2,0.995,0.214,1.626
1791426184.4828553,0.6350,0.8030,0.5695,0.7538,0.7006,0.6350,0.7538,0.5695,0.6350,0.1966,0.5695,0.5695,0.5695,0.0410,0.0574,0.1229,0.0410,0.6740,0.7600,0.6840,0.0860,-0.0760,22.32,-10.15,180.0,178.8,1.045,0.211,1.828
1791426184.5146904,0.4998,0.8767,0.5695,0.7006,0.4302,0.6350,0.8440,0.6350,0.6350,0.1557,0.1966,0.4998,0.4998,0.0369,0.0246,0.0574,0.0737,0.6770,0.7595,,0.0825,,22.02,-10.03,178.9,178.6,1.132,0.212,
1791426184.5465176,0.7006,0.7538,0.7006,0.5695,0.4998,0.6350,0.8440,0.5695,0.4998,0.2458,0.3646,0.4998,0.4998,0.0942,0.0737,0.0574,0.0574,0.6740,0.7600,,0.0860,,21.94,-10.01,179.3,179.4,1.098,0.213,1.929
1791426184.5784376,0.7006,0.8440,0.6350,0.5695,0.4998,0.4998,0.7006,0.5695,0.4998,0.3646,0.3646,0.5695,0.4998,0.0410,0.0246,0.0574,0.0410,0.6770,0.7595,,0.0825,,21.75,-10.03,179.8,178.6,1.075,0.214,1.904
1791426184.612246,0.6350,0.8767,0.7538,0.8030,0.4302,0.6350,0.7538,0.6350,0.4998,0.1557,0.1966,0.6350,0.4998,0.0410,0.0737,0.0737,0.0410,0.6740,0.7595,,0.0855,,21.98,-10.08,179.4,179.4,1.049,0.211,
1791426184.6454532,0.4998,0.7538,0.6350,0.7006,0.4998,0.7006,0.7538,0.3646,0.4998,0.7006,0.2991,0.5695,0.4998,0.0574,0.0574,0.0942,0.1229,0.6740,0.7600,,0.0860,,21.88,-10.02,179.2,179.2,1.117,0.213,1.928
1791426184.6785965,0.8030,0.7538,0.8030,0.7538,0.6350,0.6350,0.7538,0.5695,0.4302,0.4302,0.2991,0.4998,0.4302,0.0574,0.0737,0.0369,0.0942,0.6770,0.7590,,0.0820,,21.75,-10.01,179.5,179.4,1.079,0.212,1.942
1791426184.7190573,0.8030,0.7538,0.7006,0.6350,0.7006,0.5695,0.7006,0.4998,0.5695,0.5695,0.4998,0.5695,0.4998,0.0410,0.0246,0.0369,0.0410,0.6740,0.7600,,0.0860,,22.13,-10.09,179.0,179.4,1.045,0.209,1.740
1791426184.7504938,0.4998,0.4998,0.7006,0.7006,0.4998,0.3646,0.6350,0.5695,0.6350,0.1557,0.5695,0.4302,0.4998,0.0410,0.0574,0.0737,0.0942,0.6740,0.7610,,0.0870,,22.29,-10.09,179.7,179.9,1.094,0.208,1.773
1791426184.7818997,0.7006,0.6350,0.8440,0.6350,0.4998,0.6350,0.8030,0.4998,0.8030,0.4302,0.4998,0.5695,0.4302,0.0574,0.0410,0.0369,0.0737,0.6740,0.7655,,0.0915,,22.50,-10.19,178.7,179.8,1.106,0.209,1.883
1791426184.8130639,0.8030,0.8030,0.7538,0.7006,0.6350,0.6350,0.7006,0.6350,0.7006,0.1557,0.2458,0.4998,0.5695,0.0410,0.0942,0.0737,0.0410,0.6740,0.7620,,0.0880,,22.27,-10.02,178.5,179.3,1.188,0.212,
1791426184.8453407,0.7538,0.9054,0.4998,0.5695,0.5695,0.7006,0.7538,0.4998,0.5695,0.6350,0.4998,0.5695,0.4998,0.0410,0.0410,0.0574,0.0410,0.6740,0.7600,,0.0860,,22.43,-10.11,178.8,180.0,1.039,0.210,1.749
1791426184.8787105,0.7538,0.9259,0.5695,0.7538,0.3646,0.6350,0.7538,0.7538,0.4998,0.2458,0.6350,0.5695,0.4302,0.0410,0.0246,0.0737,0.0410,0.6740,0.7645,,0.0905,,22.14,-10.06,178.7,179.2,1.172,0.215,2.023
1791426184.912597,0.6350,0.7006,0.8030,0.7538,0.3646,0.8440,0.7538,0.7006,0.6350,0.2991,0.1966,0.5695,0.5695,0.0410,0.0205,0.0737,0.0737,0.6740,0.7625,0.6770,0.0885,-0.0855,22.10,-10.17,178.3,178.0,1.139,0.216,
1791426184.945857,0.6350,0.8440,0.7006,0.7538,0.6350,0.5695,0.7538,0.6350,0.4998,0.3646,0.4998,0.5695,0.4998,0.0410,0.0410,0.0410,0.0737,0.6740,0.7610,,0.0870,,22.15,-10.20,177.9,177.4,1.090,0.215,1.800
1791426184.9798546,0.6350,0.7538,0.7538,0.5695,0.4998,0.7006,0.7538,0.6350,0.4302,0.1966,0.4302,0.6350,0.4998,0.0369,0.0369,0.0942,0.0246,0.6740,0.7605,,0.0865,,21.97,-10.18,178.6,177.3,1.102,0.216,1.827
1791426185.0195699,0.7006,0.7006,0.7538,0.8030,0.6350,0.7006,0.7006,0.6350,0.6350,0.2991,0.3646,0.4998,0.4998,0.0369,0.0574,0.0737,0.0737,0.6740,0.7635,,0.0895,,22.21,-10.24,178.7,177.9,1.103,0.215,1.878
1791426185.052547,0.5695,0.8030,0.5695,0.7006,0.7006,0.5695,0.8030,0.6350,0.7006,0.3646,0.2458,0.3646,0.4998,0.0574,0.0369,0.0574,0.0574,0.6740,0.7590,,0.0850,,22.28,-10.32,178.7,178.3,1.022,0.213,1.818
1791426185.0838723,0.4998,0.8030,0.7006,0.6350,0.4998,0.7006,0.7006,0.5695,0.6350,0.1557,0.1966,0.6350,0.4998,0.0737,0.0410,0.1229,0.0574,0.6740,0.7585,,0.0845,,22.04,-10.28,179.2,178.1,1.075,0.214,
1791426185.1173055,0.7538,0.8767,0.7538,0.8030,0.5695,0.6350,0.8030,0.4998,0.5695,0.3646,0.4998,0.5695,0.4302,0.0410,0.0246,0.0942,0.0369,0.6740,0.7625,,0.0885,,22.11,-10.26,179.0,178.8,1.122,0.214,1.886
1791426185.147792,0.7006,0.7538,0.5695,0.7538,0.7006,0.7006,0.7538,0.5695,0.4302,0.3646,0.3646,0.4302,0.4998,0.0410,0.0574,0.0574,0.0410,0.6770,0.7655,,0.0885,,22.28,-10.33,179.3,178.5,1.117,0.213,1.886
1791426185.1794827,0.6350,0.8030,0.4998,0.7006,0.7538,0.6350,0.7538,0.5695,0.4998,0.2458,0.4998,0.6350,0.4998,0.0574,0.0410,0.0737,0.0369,0.6740,0.7605,,0.0865,,22.44,-10.39,179.3,178.4,1.045,0.211,1.764
1791426185.213251,0.5695,0.8030,0.4998,0.7538,0.5695,0.4302,0.8030,0.6350,0.6350,0.1966,0.1966,0.5695,0.5695,0.0369,0.0369,0.0410,0.0737,0.6740,0.7630,0.6810,0.0890,-0.0820,22.47,-10.23,178.3,178.5,1.208,0.212,
1791426185.2458427,0.7006,0.8440,0.7006,0.5695,0.4302,0.8440,0.7538,0.5695,0.3646,0.2458,0.3646,0.5695,0.5695,0.0410,0.0410,0.0737,0.0574,0.6740,0.7550,0.6850,0.0810,-0.0700,21.71,-9.90,178.3,178.5,1.151,0.217,2.048
1791426185.2794592,0.6350,0.8030,0.7538,0.5695,0.4998,0.7006,0.7538,0.5695,0.7006,0.1966,0.3646,0.3646,0.4302,0.0574,0.0410,0.0369,0.0574,0.6740,0.7595,,0.0855,,21.53,-9.81,177.8,178.1,1.157,0.218,1.911
1791426185.3131294,0.4998,0.2458,0.2458,0.7006,0.7006,0.7538,0.8030,0.5695,0.4302,0.2991,0.2458,0.5695,0.4998,0.0410,0.0737,0.0369,0.0942,0.6740,0.7570,,0.0830,,21.21,-9.64,177.7,178.4,1.182,0.220,
1791426185.3550482,0.8440,0.8030,0.5695,0.5695,0.4998,0.6350,0.6350,0.5695,0.4302,0.1557,0.6350,0.4302,0.4998,0.0410,0.0369,0.0942,0.0737,0.6770,0.7605,,0.0835,,21.41,-9.82,178.3,177.7,1.044,0.217,1.745
1791426185.3874424,0.6350,0.5695,0.7006,0.7538,0.5695,0.5695,0.8030,0.7538,0.4998,0.2991,0.2991,0.6350,0.4998,0.0574,0.0737,0.0574,0.1557,0.6770,0.7605,,0.0835,,21.38,-9.86,178.2,177.6,1.107,0.217,
1791426185.4184527,0.7538,0.8030,0.5695,0.4998,0.5695,0.7006,0.4998,0.4302,0.1966,0.6350,0.2991,0.4998,0.4998,0.0737,0.0410,0.0737,0.0942,0.6770,0.7610,,0.0840,,21.51,-10.01,178.2,177.6,1.042,0.215,1.885
1791426185.4513185,0.7538,0.8440,0.7538,0.7538,0.7538,0.4998,0.7006,0.7006,0.4302,0.1966,0.4302,0.5695,0.4998,0.0942,0.0574,0.0369,0.0737,0.6740,0.7570,,0.0830,,21.36,-9.90,178.5,177.7,1.122,0.215,1.809
1791426185.4818826,0.7006,0.9259,0.6350,0.7006,0.3646,0.7006,0.7538,0.7006,0.4998,0.2991,0.3646,0.4998,0.4998,0.0574,0.0410,0.0574,0.0574,0.6740,0.7550,,0.0810,,20.98,-9.77,178.8,176.9,1.112,0.218,1.866
1791426185.5142944,0.7538,0.8767,0.4998,0.5695,0.5695,0.6350,0.6350,0.4998,0.5695,0.4998,0.4302,0.4998,0.4998,0.0574,0.0410,0.0410,0.0574,0.6740,0.7590,,0.0850,,20.97,-9.79,178.5,176.7,1.103,0.219,1.829
1791426185.5463042,0.7006,0.8030,0.5695,0.5695,0.4998,0.6350,0.8030,0.7006,0.5695,0.1557,0.6350,0.4998,0.4998,0.0410,0.0369,0.0246,0.0942,0.6740,0.7610,,0.0870,,21.48,-9.97,177.7,178.1,1.035,0.215,1.710
1791426185.5792303,0.7006,0.7006,0.8030,0.6350,0.4302,0.7006,0.5695,0.7006,0.4998,0.7006,0.4302,0.4998,0.5695,0.0410,0.0369,0.0574,0.0942,0.6770,0.7600,,0.0830,,21.38,-9.79,177.9,177.4,1.206,0.215,1.867
1791426185.6128614,0.7006,0.8767,0.7538,0.7006,0.6350,0.6350,0.8030,0.7538,0.4998,0.1229,0.3646,0.6350,0.4998,0.0410,0.0369,0.0737,0.0737,0.6740,0.7570,,0.0830,,21.19,-9.75,179.6,177.3,1.107,0.217,1.877
1791426185.647196,0.4302,0.7538,0.7538,0.5695,0.3646,0.7006,0.8440,0.6350,0.4302,0.4302,0.4302,0.4302,0.2458,0.0369,0.0574,0.0574,0.0737,0.6770,0.7585,,0.0815,,21.10,-9.89,179.1,178.3,,0.216,1.745
1791426185.6879458,0.5695,0.9423,0.4302,0.6350,0.4998,0.6350,0.7006,0.6350,0.5695,0.2991,0.1966,0.4998,0.4302,0.0574,0.0410,0.0574,0.0410,0.6770,0.7550,,0.0780,,20.77,-9.84,179.3,178.4,1.069,0.217,
1791426185.7201684,0.6350,0.7538,0.8030,0.7538,0.6350,0.7006,0.8767,0.4302,0.4302,0.4998,0.5695,0.5695,0.4998,0.0369,0.0737,0.0369,0.0574,0.6770,0.7555,,0.0785,,20.53,-9.79,178.7,179.5,1.081,0.218,1.794
1791426185.7524283,0.4998,0.8440,0.7538,0.7006,0.5695,0.6350,0.8030,0.7006,0.4998,0.3646,0.2458,0.5695,0.4998,0.0205,0.0205,0.0369,0.0574,0.6740,0.7595,,0.0855,,20.69,-9.80,178.4,178.8,1.113,0.218,1.899
1791426185.7843246,0.6350,0.7538,0.6350,0.7006,0.7006,0.7006,0.8030,0.7006,0.5695,0.1557,0.5695,0.5695,0.4998,0.0574,0.0737,0.1229,0.0737,0.6740,0.7575,,0.0835,,20.67,,178.9,178.9,1.103,0.219,1.887
1791426185.8150477,0.5695,0.8440,0.7538,0.7006,0.8030,0.7006,0.8030,0.8030,0.4998,0.4302,0.1966,0.6350,0.5695,0.0410,0.0246,0.0410,0.0737,0.6740,0.7635,0.6770,0.0895,-0.0865,21.32,-9.98,179.0,178.2,1.137,0.215,1.880
1791426185.8474517,0.8440,0.7538,0.8030,0.7538,0.6350,0.6350,0.7538,0.6350,0.4998,0.2458,0.3646,0.4302,0.4998,0.0942,0.0942,0.0942,0.0574,0.6740,0.7610,,0.0870,,21.63,-10.14,178.7,177.4,1.044,0.213,1.754
1791426185.8800464,0.7538,0.7006,0.7538,0.6350,0.5695,0.5695,0.7006,0.5695,0.4302,0.4302,0.1966,0.4998,0.5695,0.0574,0.0410,0.1557,0.0574,0.6740,0.7620,,0.0880,,21.83,-10.17,178.8,177.5,1.113,0.213,1.909
1791426185.9145868,0.7006,0.7538,0.4998,0.5695,0.5695,0.7006,0.8440,0.4302,0.4998,0.5695,0.2991,0.5695,0.5695,0.0369,0.0737,0.0410,0.0574,0.6740,0.7590,0.6840,0.0850,-0.0750,21.95,-10.12,178.8,178.2,1.072,0.212,1.823
1791426185.9470327,0.6350,0.6350,0.6350,0.7006,0.4998,0.4302,0.8030,0.7538,0.6350,0.1557,0.1557,0.5695,0.4998,0.0246,0.0574,0.0737,0.0369,0.6740,0.7585,,0.0845,,21.98,-10.12,178.2,178.9,1.076,0.211,
1791426185.9817216,0.3646,0.4998,0.4302,0.7538,0.5695,0.7006,0.8030,0.4998,0.4998,0.1229,0.2458,0.4998,0.4998,0.0205,0.0942,0.0574,0.0246,0.6770,0.7595,,0.0825,,21.95,-10.18,179.1,179.4,1.053,0.210,
1791426186.0201397,0.4998,0.7006,0.6350,0.7006,0.4998,0.7006,0.8030,0.6350,0.5695,0.3646,0.1966,0.4998,0.4998,0.0410,0.0574,0.0737,0.0737,0.6740,0.7600,,0.0860,,22.40,-10.34,178.6,179.1,1.005,0.206,1.731
1791426186.052273,0.5695,0.8030,0.4998,0.7538,0.6350,0.5695,0.8030,0.4998,0.3646,0.2991,0.1966,0.5695,0.4302,0.0410,0.0737,0.0737,0.0410,0.6740,0.7640,,0.0900,,22.67,-10.35,178.2,178.6,1.117,0.206,
1791426186.0832329,0.7538,0.5695,0.4998,0.4998,0.7538,0.5695,0.8767,0.4302,0.4302,0.1966,0.1966,0.5695,0.4998,0.0410,0.0246,0.1229,0.0737,0.6740,0.7655,,0.0915,,22.79,-10.31,178.4,177.3,1.171,0.207,
1791426186.1150734,0.4302,0.8440,0.6350,0.4998,0.4998,0.7006,0.8440,0.4998,0.4302,0.4302,0.4998,0.6350,0.4998,0.0246,0.0369,0.1229,0.0574,0.6740,0.7615,,0.0875,,23.01,-10.39,178.7,177.2,1.050,0.205,1.795
1791426186.1475775,0.6350,0.8440,0.7538,0.8440,0.4998,0.6350,0.7006,0.5695,0.4998,0.2458,0.5695,0.4998,0.5695,0.0369,0.0737,0.0410,0.0737,0.6740,0.7585,,0.0845,,22.62,-10.30,179.1,177.5,1.094,0.208,1.954
1791426186.1818097,0.4998,0.8030,0.7538,0.4998,0.6350,0.4998,0.8440,0.7006,0.6350,0.6350,0.2991,0.4998,0.4302,0.0574,0.0574,0.1557,0.0737,0.6740,0.7600,,0.0860,,22.77,-10.36,178.8,177.2,1.045,0.206,1.816
1791426186.2140656,0.7006,0.4302,0.4998,0.6350,0.3646,0.5695,0.7006,0.5695,0.4998,0.1557,0.5695,0.4998,0.4998,0.0574,0.0410,0.0737,0.0737,0.6740,0.7570,,0.0830,,22.28,-10.22,179.6,177.4,1.098,0.209,1.862
1791426186.2481208,0.6350,0.8030,0.4998,0.4998,0.4998,0.6350,0.8030,0.5695,0.5695,0.1966,0.1557,0.5695,0.4302,0.0574,0.0737,0.0737,0.0942,0.6810,0.7570,,0.0760,,21.54,-10.03,179.8,177.6,1.147,0.212,
1791426186.2892647,0.6350,0.7538,0.5695,0.7006,0.6350,0.6350,0.7006,0.6350,0.5695,0.3646,0.4998,0.5695,0.4302,0.0410,0.0574,0.0737,0.1229,0.6740,0.7580,,0.0840,,21.47,-10.00,179.7,178.1,1.093,0.213,1.886
1791426186.3216946,0.7538,0.8030,0.5695,0.8030,0.4998,0.6350,0.7006,0.4302,0.6350,0.4998,0.1557,0.6350,0.4998,0.0574,0.0369,0.0574,0.0737,0.6740,0.7565,,0.0825,,21.38,-9.93,179.1,178.4,1.098,0.214,1.911
1791426186.3543904,0.7538,0.8767,0.7006,0.7006,0.4998,0.8030,0.7538,0.4998,0.7006,0.1229,0.2991,0.5695,0.4998,0.0737,0.0942,0.0369,0.0574,0.6740,0.7595,,0.0855,,21.37,-9.93,179.4,178.2,1.113,0.215,
1791426186.3844767,0.7006,0.8767,0.7538,0.4998,0.4302,0.6350,0.7538,0.5695,0.5695,0.6350,0.5695,0.4998,0.5695,0.0574,0.0574,0.0082,0.0410,0.6740,0.7585,,0.0845,,21.22,-9.84,179.7,177.8,1.147,0.217,1.836
1791426186.416476,0.6350,0.9259,0.6350,0.8440,0.7006,0.6350,0.6350,0.5695,0.5695,0.3646,0.4302,0.4302,0.2991,0.0369,0.0737,0.1966,0.0942,0.6740,0.7630,,0.0890,,21.67,-9.97,179.4,179.7,,0.214,1.797
1791426186.4476597,0.5695,0.5695,0.6350,0.4998,0.4998,0.6350,0.8030,0.5695,0.5695,0.1966,0.1557,0.6350,0.4998,0.0574,0.0574,0.0942,0.1557,0.6740,0.7590,,0.0850,,21.34,,179.0,179.8,1.157,0.218,
1791426186.4823139,0.6350,0.8440,0.4998,0.7006,0.4998,0.7006,0.7538,0.6350,0.4302,0.2458,0.4998,0.5695,0.4998,0.0574,0.0574,0.0942,0.0574,0.6740,0.7600,,0.0860,,21.26,,179.7,179.5,1.127,0.219,1.953
1791426186.5147638,0.7006,0.7538,0.5695,0.8030,0.7006,0.5695,0.7006,0.7006,0.4998,0.1557,0.1966,0.2991,0.4302,0.0410,0.0574,0.0369,0.0574,0.6780,0.7610,,0.0830,,21.17,,179.1,179.3,,0.219,
1791426186.5470963,0.5695,0.9423,0.5695,0.4998,0.6350,0.7006,0.8440,0.6350,0.4998,0.1966,0.4998,0.4998,0.4998,0.0410,0.0205,0.0369,0.0942,0.6740,0.7560,,0.0820,,21.08,,179.6,179.3,1.132,0.218,1.829
1791426186.5819108,0.7006,0.7538,0.7006,0.5695,0.7006,0.6350,0.7006,0.4302,0.4302,0.1966,0.4302,0.6350,0.5695,0.0574,0.0246,0.1229,0.0737,0.6740,0.7570,0.6850,0.0830,-0.0720,20.85,-9.65,178.6,179.3,1.132,0.220,1.885
1791426186.6229348,0.5695,0.7538,0.7538,0.6350,0.6350,0.6350,0.7538,0.4998,0.3646,0.5695,0.1557,0.5695,0.4302,0.0123,0.0737,0.0410,0.0942,0.6740,0.7630,,0.0890,,21.54,-9.98,179.5,179.4,0.994,0.215,1.762
1791426186.6549695,0.5695,0.7538,0.4998,0.6350,0.4998,0.7006,0.7538,0.4998,0.4998,0.5695,0.7006,0.4998,0.4998,0.0410,0.0737,0.0737,0.0410,0.6740,0.7555,,0.0815,,21.42,-9.98,180.0,178.6,1.035,0.215,1.825
1791426186.6864445,0.6350,0.7006,0.7538,0.4998,0.4998,0.7538,0.7538,0.6350,0.4998,0.3646,0.2458,0.5695,0.4998,0.0410,0.0369,0.0410,0.0574,0.6740,0.7610,,0.0870,,21.67,-10.05,179.2,178.5,1.076,0.213,1.834
1791426186.7176845,0.5695,0.8030,0.7538,0.4998,0.6350,0.7006,0.7006,0.5695,0.5695,0.1557,0.1966,0.5695,0.4302,0.0410,0.0246,0.0410,0.0942,0.6740,0.7585,,0.0845,,21.59,-10.03,179.4,178.6,1.085,0.214,
1791426186.74929,0.6350,0.6350,0.6350,0.6350,0.5695,0.5695,0.7538,0.5695,0.6350,0.6350,0.2458,0.4998,0.4998,0.0369,0.0164,0.0574,0.0737,0.6740,0.7625,,0.0885,,21.92,-10.06,178.5,179.0,1.113,0.213,1.845
1791426186.7817662,0.5695,0.8030,0.8440,0.7006,0.6350,0.5695,0.8030,0.5695,0.5695,0.1966,0.2458,0.6350,0.4998,0.0737,0.0369,0.0737,0.0942,0.6740,0.7570,,0.0830,,21.76,-10.08,179.9,179.6,1.041,0.213,
1791426186.8144066,0.6350,0.8440,0.8030,0.5695,0.5695,0.5695,0.7538,0.7538,0.6350,0.7006,0.4998,0.5695,0.4302,0.0369,0.0737,0.0737,0.0737,0.6740,0.7685,,0.0945,,22.02,-10.07,179.6,179.8,1.216,0.215,2.017
1791426186.8487394,0.5695,0.8440,0.4302,0.3646,0.4302,0.7538,0.7538,0.7006,0.4998,0.1966,0.3646,0.4998,0.3646,0.0205,0.0737,0.0942,0.0574,0.6740,0.7585,,0.0845,,21.74,-10.00,179.1,178.6,1.107,0.217,1.927
1791426186.881611,0.4998,0.8440,0.8440,0.7538,0.7006,0.5695,0.8030,0.4302,0.4998,0.4998,0.4998,0.4998,0.4302,0.0410,0.0942,0.0737,0.0942,0.6740,0.7605,,0.0865,,21.64,-9.86,178.7,178.2,1.189,0.218,1.962
1791426186.9233263,0.5695,0.6350,0.8030,0.4998,0.6350,0.7006,0.7006,0.5695,0.4302,0.7006,0.4998,0.4998,0.4998,0.0369,0.0942,0.1557,0.0942,0.6740,0.7620,,0.0880,,21.70,-9.88,178.3,178.0,1.132,0.218,1.928
1791426186.954581,0.6350,0.9054,0.7006,0.7006,0.7006,0.7006,0.7538,0.4998,0.5695,0.4302,0.1966,0.4998,0.4998,0.0574,0.0574,0.1229,0.0737,0.6740,0.7615,,0.0875,,21.99,-9.94,178.0,179.5,1.100,0.215,1.830
1791426186.986045,0.5695,0.7538,0.4302,0.7006,0.4998,0.7538,0.7538,0.5695,0.5695,0.6350,0.1966,0.4998,0.4998,0.0369,0.0369,0.0737,0.0737,0.6740,0.7595,,0.0855,,21.93,-9.96,178.1,179.6,1.089,0.215,1.892
1791426187.0174441,0.7006,0.8030,0.4998,0.7538,0.4998,0.7006,0.6350,0.5695,0.4302,0.5695,0.3646,0.4998,0.4302,0.0574,0.0410,0.0410,0.1557,0.6740,0.7635,,0.0895,,21.96,-10.02,177.8,178.9,1.117,0.216,1.868
1791426187.048965,0.6350,0.7538,0.8440,0.7006,0.6350,0.7538,0.7006,0.5695,0.3646,0.1229,0.3646,0.5695,0.4302,0.0942,0.0737,0.0205,0.0369,0.6740,0.7625,,0.0885,,21.95,-10.00,178.7,178.0,1.142,0.217,1.918
1791426187.0817285,0.5695,0.7538,0.4998,0.2991,0.3646,0.6350,0.8030,0.5695,0.6350,0.2458,0.1966,0.5695,0.4998,0.0574,0.0205,0.1229,0.0942,0.6740,0.7580,,0.0840,,21.83,-9.97,179.3,177.9,1.089,0.217,
1791426187.116338,0.6350,0.8440,0.9054,0.7538,0.4998,0.4998,0.8030,0.7538,0.6350,0.1229,0.4998,0.4998,0.4302,0.0574,0.0574,0.0942,0.0246,0.6780,0.7610,,0.0830,,21.73,,179.8,178.3,1.078,0.216,1.970
1791426187.1487906,0.7538,0.9259,0.4998,0.6350,0.6350,0.7006,0.7006,0.6350,0.7006,0.1229,0.4302,0.4998,0.4302,0.0410,0.0942,0.0942,0.0574,0.6740,0.7630,,0.0890,,21.98,,179.7,179.3,1.042,0.215,1.840
1791426187.1827023,0.6350,0.7538,0.8030,0.7006,0.4998,0.6350,0.7006,0.5695,0.6350,0.2458,0.5695,0.5695,0.4302,0.0942,0.0410,0.0942,0.0737,0.6740,0.7650,,0.0910,,22.30,,179.9,178.9,1.152,0.213,1.927
1791426187.2225754,0.6350,0.8030,0.8030,0.6350,0.5695,0.5695,0.5695,0.7006,0.5695,0.2458,0.4998,0.4998,0.4998,0.0410,0.0737,0.0574,0.0737,0.6740,0.7580,,0.0840,,22.20,,179.4,178.8,1.022,0.213,1.733
1791426187.2539096,0.5695,0.7538,0.4302,0.4998,0.5695,0.7538,0.7006,0.6350,0.4302,0.2458,0.2458,0.5695,0.4998,0.0410,0.0410,0.0737,0.0574,0.6740,0.7575,,0.0835,,22.07,,179.5,179.1,1.039,0.212,
1791426187.28599,0.8030,0.7538,0.8030,0.6350,0.5695,0.6350,0.8030,0.5695,0.4998,0.2991,0.1557,0.5695,0.4302,0.0369,0.0410,0.1229,0.0737,0.6740,0.7600,,0.0860,,21.73,,179.4,179.3,1.162,0.216,
1791426187.3173907,0.5695,0.8440,0.7006,0.5695,0.5695,0.7538,0.8440,0.5695,0.6350,0.0942,0.5695,0.4998,0.4302,0.1229,0.0942,0.0574,0.0574,0.6740,0.7580,,0.0840,,21.78,,179.5,178.7,1.021,0.214,1.777
1791426187.3489444,0.7006,0.8030,0.5695,0.7006,0.4998,0.5695,0.8030,0.7538,0.4998,0.2458,0.4998,0.5695,0.4998,0.0410,0.0369,0.0737,0.0737,0.6740,0.7630,,0.0890,,21.99,,178.8,177.8,1.089,0.214,1.726
1791426187.382586,0.7006,0.6350,0.8440,0.6350,0.5695,0.5695,0.8030,0.6350,0.4998,0.1557,0.5695,0.4998,0.5695,0.0574,0.0737,0.1557,0.0574,0.6740,0.7595,,0.0855,,22.09,,178.4,177.7,1.032,0.212,1.819
1791426187.415261,0.4998,0.2458,0.6350,0.6350,0.4998,0.8030,0.7538,0.5695,0.6350,0.1966,0.3646,0.4302,0.4302,0.0574,0.0410,0.0737,0.0737,0.6740,0.7625,,0.0885,,22.53,,178.0,176.7,1.064,0.209,1.717
1791426187.4491146,0.4302,0.8440,0.6350,0.6350,0.4998,0.7006,0.8440,0.7006,0.6350,0.7006,0.4302,0.6350,0.4998,0.0574,0.0737,0.0737,0.0737,0.6740,0.7600,,0.0860,,22.42,,178.9,178.9,1.098,0.210,1.878
1791426187.4891143,0.5695,0.8440,0.7006,0.5695,0.4302,0.8440,0.8030,0.4998,0.5695,0.1557,0.4302,0.5695,0.4302,0.0410,0.0410,0.0574,0.0410,0.6740,0.7590,,0.0850,,22.31,,179.4,179.4,1.051,0.210,1.782
1791426187.521085,0.4302,0.7006,0.7006,0.5695,0.5695,0.7006,0.7538,0.7006,0.4302,0.2458,0.3646,0.4998,0.4302,0.0164,0.0410,0.0737,0.0574,0.6740,0.7595,,0.0855,,22.18,,179.6,179.6,1.113,0.211,1.879
1791426187.5510428,0.4302,0.7538,0.4302,0.6350,0.6350,0.6350,0.7538,0.5695,0.4302,0.1557,0.5695,0.4998,0.5695,0.0410,0.0574,0.0574,0.1229,0.6740,0.7570,,0.0830,,22.17,,179.0,179.0,1.067,0.210,1.794
1791426187.5824718,0.7006,0.7538,0.6350,0.7006,0.6350,0.4998,0.7006,0.5695,0.4998,0.2458,0.2991,0.6350,0.4998,0.0410,0.0205,0.0574,0.0737,0.6740,0.7595,,0.0855,,22.18,,178.3,179.1,1.117,0.210,
1791426187.61526,0.6350,0.7006,0.8030,0.7538,0.5695,0.6350,0.7006,0.5695,0.4998,0.3646,0.1966,0.6350,0.4998,0.0369,0.0369,0.0737,0.0574,0.6740,0.7610,,0.0870,,22.08,,179.4,178.7,1.156,0.211,1.959
1791426187.6494865,0.8440,0.8030,0.5695,0.7006,0.4302,0.6350,0.7006,0.5695,0.4302,0.1557,0.2458,0.5695,0.4998,0.0574,0.0574,0.0369,0.0574,0.6740,0.7630,,0.0890,,22.25,,179.5,178.5,1.117,0.211,
1791426187.6830883,0.7006,0.9054,0.7538,0.6350,0.5695,0.7538,0.7006,0.7006,0.5695,0.1557,0.1557,0.4998,0.4302,0.0410,0.0574,0.1229,0.1229,0.6740,0.7565,,0.0825,,21.99,,179.4,178.1,1.052,0.212,
1791426187.7157192,0.4998,0.8440,0.7538,0.7006,0.5695,0.8030,0.7538,0.4998,0.4998,0.1229,0.5695,0.5695,0.5695,0.0410,0.0410,0.1229,0.0574,0.6740,0.7640,0.6820,0.0900,-0.0820,22.19,-10.01,179.3,178.6,1.167,0.212,1.911
1791426187.7488444,0.6350,0.7538,0.8440,0.7538,0.6350,0.7538,0.8030,0.4998,0.5695,0.4998,0.1966,0.4302,0.4302,0.0205,0.0410,0.0942,0.0737,0.6740,0.7565,,0.0825,,21.77,-9.82,180.0,178.8,1.157,0.215,2.010
1791426187.7886853,0.5695,0.8030,0.6350,0.6350,0.7006,0.6350,0.8440,0.7006,0.3646,0.4302,0.1557,0.5695,0.4998,0.0574,0.0369,0.0942,0.0574,0.6740,0.7585,,0.0845,,21.68,-9.80,179.3,178.1,1.108,0.215,1.919
1791426187.8199492,0.6350,0.7538,0.4302,0.4302,0.4998,0.5695,0.8440,0.5695,0.3646,0.2458,0.4998,0.6350,0.4302,0.0410,0.0410,0.0574,0.0737,0.6810,0.7620,,0.0810,,21.16,-9.80,178.8,178.4,1.152,0.218,1.988
1791426187.8519456,0.6350,0.6350,0.8030,0.5695,0.6350,0.7538,0.7006,0.5695,0.4302,0.2991,0.5695,0.4998,0.4998,0.0737,0.0942,0.0574,0.0737,0.6740,0.7595,,0.0855,,21.34,-9.85,178.7,178.7,1.088,0.217,1.878
1791426187.8827786,0.5695,0.7006,0.7538,0.4998,0.4302,0.6350,0.8030,0.7538,0.4998,0.7006,0.3646,0.4998,0.4998,0.0410,0.0369,0.0737,0.0369,0.6740,0.7600,,0.0860,,21.60,-9.99,178.4,177.8,1.039,0.215,1.776
1791426187.9157832,0.3646,0.8767,0.2458,0.6350,0.5695,0.6350,0.7538,0.6350,0.2991,0.1557,0.2991,0.6350,0.4998,0.0246,0.0942,0.1229,0.0737,0.6740,0.7600,,0.0860,,21.47,-9.95,178.5,178.4,1.127,0.217,
1791426187.949116,0.7538,0.8030,0.4302,0.6350,0.5695,0.6350,0.7006,0.4998,0.5695,0.2991,0.3646,0.4998,0.4998,0.0123,0.0737,0.0942,0.0737,0.6780,0.7585,,0.0805,,21.28,-9.93,178.9,178.4,1.094,0.216,1.754
1791426187.9825652,0.6350,0.8030,0.4302,0.6350,0.7538,0.7538,0.7538,0.4998,0.3646,0.2991,0.5695,0.5695,0.5695,0.0737,0.0369,0.1557,0.0942,0.6740,0.7605,0.6790,0.0865,-0.0815,21.51,-10.01,179.0,178.8,1.118,0.215,1.824
1791426188.0171103,0.6350,0.7538,0.7538,0.7538,0.7006,0.6350,0.6350,0.4302,0.4998,0.1966,0.4998,0.3646,0.3646,0.0574,0.0942,0.0737,0.0410,0.6740,0.7600,,0.0860,,21.85,-10.23,179.2,179.9,0.991,0.212,1.701
1791426188.0568454,0.4998,0.8030,0.7538,0.7006,0.5695,0.6350,0.7538,0.6350,0.6350,0.4302,0.3646,0.6350,0.4998,0.0574,0.0942,0.0574,0.0574,0.6740,0.7615,,0.0875,,21.99,-10.16,178.8,179.4,1.142,0.212,1.919
1791426188.0886245,0.7006,0.8030,0.4302,0.6350,0.4998,0.4998,0.7538,0.7006,0.7006,0.4998,0.1557,0.6350,0.5695,0.0574,0.0410,0.0574,0.1229,0.6740,0.7635,0.6820,0.0895,-0.0815,22.27,-10.11,178.7,178.6,1.166,0.211,1.940
1791426188.1204298,0.7538,0.7006,0.7538,0.6350,0.4998,0.6350,0.7538,0.6350,0.4302,0.1557,0.3646,0.5695,0.4998,0.0574,0.1229,0.0410,0.0574,0.6740,0.7640,,0.0900,,22.48,-10.11,178.4,178.4,1.152,0.210,1.843
1791426188.1516602,0.4998,0.9054,0.5695,0.5695,0.5695,0.8440,0.8440,0.4302,0.3646,0.3646,0.1966,0.6350,0.4998,0.0574,0.0410,0.0410,0.0574,0.6740,0.7570,,0.0830,,22.06,-10.00,179.1,178.5,1.117,0.213,1.947
1791426188.1844127,0.7006,0.7538,0.7538,0.7006,0.4302,0.5695,0.8030,0.5695,0.5695,0.2458,0.4302,0.4998,0.4302,0.0737,0.0369,0.1229,0.0942,0.6780,0.7610,,0.0830,,21.98,-10.06,179.9,178.5,1.089,0.212,1.838
1791426188.216589,0.6350,0.7006,0.7006,0.7006,0.4998,0.6350,0.8440,0.4998,0.7006,0.1557,0.3646,0.4998,0.4302,0.0205,0.0574,0.0737,0.0410,0.6780,0.7590,,0.0810,,21.64,-10.10,179.9,179.5,1.066,0.213,1.807
1791426188.2509153,0.6350,0.7006,0.8030,0.7538,0.4998,0.6350,0.8440,0.2991,0.4302,0.1557,0.4302,0.6350,0.4302,0.0369,0.0737,0.1229,0.0942,0.6740,0.7615,,0.0875,,22.03,-10.32,179.2,179.8,0.998,0.211,1.701
1791426188.2828903,0.6350,0.7538,0.4998,0.4998,0.6350,0.5695,0.7538,0.4302,0.5695,0.1229,0.4998,0.5695,0.4998,0.0737,0.0369,0.0574,0.1229,0.6740,0.7570,,0.0830,,21.59,-10.28,178.7,180.0,1.054,0.214,1.885
1791426188.316707,0.6350,0.7006,0.7538,0.7538,0.4302,0.7538,0.8440,0.7006,0.4998,0.1557,0.1966,0.5695,0.4998,0.0574,0.0574,0.0369,0.0942,0.6750,0.7605,,0.0855,,21.61,-10.18,179.6,179.8,1.142,0.214,
1791426188.3580687,0.8030,0.7538,0.7006,0.5695,0.7006,0.6350,0.7006,0.4302,0.4998,0.4998,0.2458,0.6350,0.4998,0.0737,0.0737,0.1229,0.0574,0.6740,0.7620,,0.0880,,21.85,-10.27,179.8,178.8,1.066,0.213,1.904
1791426188.389481,0.8030,0.7538,0.4998,0.4302,0.4302,0.7006,0.8030,0.6350,0.6350,0.1966,0.2991,0.5695,0.4998,0.0574,0.0737,0.0574,0.1557,0.6740,0.7670,,0.0930,,22.14,-10.34,179.6,178.9,1.141,0.214,
1791426188.4203887,0.6350,0.8767,0.6350,0.4998,0.5695,0.7538,0.7538,0.4998,0.6350,0.4302,0.5695,0.4998,0.4998,0.0369,0.0574,0.0574,0.0737,0.6740,0.7585,,0.0845,,21.79,-10.21,179.6,179.0,1.122,0.216,1.893
1791426188.4521244,0.5695,0.9054,0.6350,0.5695,0.4998,0.4998,0.6350,0.5695,0.5695,0.6350,0.3646,0.5695,0.4302,0.0410,0.0737,0.0410,0.0574,0.6780,0.7590,,0.0810,,21.47,-10.19,179.3,179.4,1.082,0.217,1.885
1791426188.4828954,0.4998,0.7538,0.8030,0.6350,0.6350,0.7006,0.7538,0.2991,0.6350,0.1557,0.3646,0.5695,0.4302,0.0574,0.0942,0.0410,0.0574,0.6740,0.7630,,0.0890,,21.09,-10.02,179.5,178.0,1.224,0.223,2.018
1791426188.5172467,0.6350,0.8440,0.7538,0.5695,0.4998,0.7006,0.8030,0.5695,0.4998,0.1229,0.2991,0.5695,0.4302,0.0737,0.0410,0.0737,0.0574,0.6740,0.7595,,0.0855,,21.19,-10.11,178.4,177.6,1.050,0.222,
1791426188.5505865,0.7538,0.8440,0.6350,0.6350,0.5695,0.7006,0.7538,0.6350,0.6350,0.1229,0.4302,0.5695,0.4998,0.0574,0.0410,0.1557,0.0574,0.6740,0.7560,,0.0820,,21.21,-10.05,179.0,177.9,1.078,0.220,1.851
1791426188.5839794,0.7006,0.8030,0.8030,0.6350,0.6350,0.7538,0.7538,0.7006,0.4998,0.4998,0.4302,0.5695,0.5695,0.0574,0.0574,0.0246,0.0369,0.6740,0.7620,0.6830,0.0880,-0.0790,21.61,-10.10,179.6,176.9,1.086,0.217,1.737
1791426188.6179724,0.5695,0.7538,0.8030,0.5695,0.4302,0.6350,0.7006,0.7006,0.6350,0.2991,0.4302,0.4998,0.4998,0.0410,0.0246,0.0205,0.0410,0.6740,0.7620,,0.0880,,21.81,-10.13,178.8,176.9,1.103,0.215,1.779
1791426188.6590443,0.6350,0.8440,0.7006,0.5695,0.7006,0.4998,0.8440,0.7006,0.4302,0.2991,0.2458,0.5695,0.4302,0.0737,0.0737,0.0737,0.0737,0.6740,0.7670,,0.0930,,22.31,-10.30,178.7,177.3,1.098,0.213,
1791426188.6912642,0.6350,0.8440,0.7538,0.6350,0.5695,0.7006,0.7006,0.5695,0.4998,0.2458,0.1966,0.4302,0.4998,0.0410,0.0410,0.1966,0.0369,0.6740,0.7705,,0.0965,,22.94,-10.38,179.1,177.7,1.172,0.211,
1791426188.7227275,0.4302,0.9423,0.3646,0.4998,0.4302,0.7538,0.8030,0.5695,0.5695,0.5695,0.3646,0.6350,0.4302,0.0737,0.0737,0.0574,0.1229,0.6740,0.7570,,0.0830,,22.57,-10.33,179.9,177.4,1.052,0.212,1.798
1791426188.753653,0.8440,0.6350,0.7006,0.7006,0.6350,0.5695,0.7538,0.5695,0.7006,0.2991,0.2458,0.4998,0.4998,0.0369,0.0369,0.0942,0.0574,0.6740,0.7605,,0.0865,,22.44,-10.28,179.9,176.6,1.104,0.213,
1791426188.7858672,0.7538,0.7006,0.4998,0.6350,0.7006,0.7538,0.6350,0.7538,0.4302,0.1966,0.3646,0.5695,0.4998,0.0410,0.0369,0.0737,0.0737,0.6740,0.7605,,0.0865,,22.73,-10.39,178.6,178.4,1.024,0.209,1.729
1791426188.8181698,0.6350,0.7006,0.4302,0.6350,0.6350,0.6350,0.7538,0.5695,0.5695,0.3646,0.4302,0.5695,0.3646,0.0737,0.0369,0.0942,0.0369,0.6740,0.7575,,0.0835,,22.18,-10.10,179.4,179.1,1.187,0.213,2.002
1791426188.8506777,0.5695,0.8030,0.7538,0.5695,0.5695,0.7006,0.6350,0.6350,0.6350,0.5695,0.4998,0.3646,0.4302,0.0574,0.0410,0.0369,0.0737,0.6740,0.7565,,0.0825,,21.84,-10.08,179.9,178.6,1.055,0.214,1.921
1791426188.883712,0.7538,0.9054,0.8440,0.5695,0.5695,0.5695,0.8030,0.4302,0.5695,0.1229,0.2991,0.4998,0.5695,0.0574,0.0410,0.0410,0.0574,0.6740,0.7650,,0.0910,,22.24,-10.16,179.9,178.7,1.121,0.212,
1791426188.9177861,0.6350,0.8440,0.9259,0.8030,0.5695,0.5695,0.7538,0.6350,0.5695,0.1966,0.4302,0.5695,0.4998,0.0574,0.0737,0.0737,0.0737,0.6740,0.7595,,0.0855,,22.13,-10.20,179.1,178.8,1.062,0.213,1.818
1791426188.9582403,0.7006,0.8440,0.7006,0.8030,0.5695,0.7006,0.7538,0.6350,0.4998,0.1966,0.2458,0.4998,0.4998,0.0942,0.0737,0.1229,0.0574,0.6780,0.7670,,0.0890,,22.32,-10.37,179.0,179.8,1.087,0.212,
1791426188.9901721,0.5695,0.8767,0.8030,0.5695,0.7006,0.5695,0.8440,0.7006,0.4998,0.1557,0.6350,0.4302,0.4302,0.0410,0.0737,0.0410,0.0942,0.6810,0.7585,,0.0775,,21.79,-10.35,178.2,179.8,1.055,0.213,1.855
1791426189.021426,0.5695,0.8030,0.8440,0.5695,0.7006,0.7006,0.7006,0.7538,0.4998,0.1966,0.3646,0.5695,0.4998,0.0410,0.0574,0.0410,0.0410,0.6740,0.7620,,0.0880,,22.06,-10.32,179.1,179.4,1.113,0.212,1.773
1791426189.0526638,0.6350,0.6350,0.5695,0.8440,0.4998,0.8030,0.8030,0.4302,0.4302,0.1966,0.5695,0.5695,0.6350,0.0737,0.0369,0.0574,0.0574,0.6740,0.7605,0.6860,0.0865,-0.0745,21.93,-10.13,179.8,179.0,1.122,0.213,1.893
1791426189.0842466,0.7538,0.7538,0.7538,0.5695,0.4998,0.7006,0.7006,0.5695,0.6350,0.4998,0.2991,0.6350,0.5695,0.0737,0.0369,0.0574,0.0574,0.6740,0.7575,0.6850,0.0835,-0.0725,21.65,-10.09,179.5,178.6,1.039,0.215,1.890
1791426189.119929,0.6350,0.7538,0.6350,0.7006,0.6350,0.7538,0.8767,0.5695,0.4998,0.2991,0.5695,0.4302,0.4302,0.0410,0.0369,0.0942,0.0410,0.6740,0.7580,,0.0840,,21.38,-10.02,179.3,178.5,1.087,0.217,1.945
1791426189.1513376,0.6350,0.8030,0.7538,0.7006,0.4302,0.7538,0.7538,0.6350,0.6350,0.2991,0.2991,0.5695,0.4302,0.0574,0.0737,0.0942,0.0574,0.6740,0.7600,,0.0860,,21.40,-9.90,179.0,178.3,1.156,0.218,
1791426189.1853304,0.6350,0.7006,0.5695,0.6350,0.7006,0.7538,0.8767,0.7006,0.4998,0.4302,0.2458,0.5695,0.4998,0.0574,0.0942,0.1229,0.0369,0.6740,0.7600,,0.0860,,21.71,-9.97,179.6,178.7,1.058,0.215,1.792
1791426189.2179565,0.6350,0.8767,0.5695,0.7538,0.6350,0.4998,0.8030,0.5695,0.4998,0.1966,0.4302,0.4998,0.4998,0.0410,0.0737,0.0737,0.1229,0.6740,0.7610,,0.0870,,21.71,-9.98,179.4,179.0,1.103,0.215,1.937
1791426189.2507243,0.8030,0.2991,0.7538,0.6350,0.4998,0.7006,0.7006,0.6350,0.4302,0.4998,0.1966,0.4302,0.4998,0.0410,0.0410,0.1229,0.0737,0.6740,0.7565,,0.0825,,21.40,-9.74,180.0,178.7,1.177,0.217,1.994
1791426189.29239,0.7006,0.7006,0.7006,0.6350,0.5695,0.7538,0.6350,0.5695,0.4302,0.2991,0.5695,0.5695,0.4998,0.0574,0.0574,0.1229,0.0574,0.6740,0.7625,,0.0885,,21.76,-9.87,180.0,178.4,1.080,0.215,1.775
1791426189.3233874,0.4302,0.2991,0.4998,0.4302,0.4302,0.6350,0.8440,0.7538,0.6350,0.2991,0.4302,0.4998,0.4998,0.0410,0.0369,0.0942,0.0737,0.6780,0.7605,,0.0825,,21.61,-9.84,179.3,178.0,1.127,0.215,1.793
1791426189.354979,0.6350,0.7006,0.8030,0.7006,0.6350,0.5695,0.8030,0.5695,0.5695,0.1966,0.4302,0.4998,0.4998,0.0369,0.0942,0.1229,0.1229,0.6740,0.7660,,0.0920,,21.86,-9.93,178.9,179.0,1.141,0.216,1.886
1791426189.3868608,0.5695,0.4998,0.7006,0.6350,0.4998,0.5695,0.7538,0.7006,0.4998,0.2458,0.4302,0.4998,0.2991,0.0410,0.0737,0.0737,0.0410,0.6740,0.7575,,0.0835,,21.80,-9.95,178.6,177.8,,0.215,1.814
1791426189.4176176,0.7006,0.7538,0.7538,0.5695,0.4302,0.7006,0.8030,0.5695,0.5695,0.1557,0.4998,0.4998,0.4302,0.1229,0.0410,0.0942,0.0574,0.6780,0.7585,,0.0805,,21.77,-10.02,178.5,178.1,1.033,0.212,1.699
1791426189.45109,0.7006,0.8030,0.4302,0.4998,0.4998,0.8030,0.7006,0.5695,0.5695,0.5695,0.1966,0.5695,0.4998,0.0574,0.0574,0.0737,0.0369,0.6740,0.7585,,0.0845,,21.80,-10.00,178.3,177.7,1.077,0.212,1.808
1791426189.4853904,0.7006,0.8767,0.6350,0.8767,0.4998,0.6350,0.8030,0.7006,0.6350,0.4302,0.4302,0.6350,0.4302,0.0574,0.0410,0.0737,0.0942,0.6780,0.7565,,0.0785,,21.35,-9.86,178.3,178.4,1.117,0.214,1.904
1791426189.5179615,0.6350,0.8030,0.5695,0.5695,0.4998,0.7006,0.8030,0.7006,0.7538,0.1966,0.2991,0.5695,0.4998,0.0410,0.0410,0.0574,0.0737,0.6740,0.7580,,0.0840,,21.35,-9.73,179.6,178.6,1.146,0.214,
1791426189.5511453,0.7006,0.8030,0.5695,0.6350,0.4998,0.5695,0.8030,0.7006,0.4998,0.4998,0.1966,0.4998,0.4998,0.0369,0.0410,0.0574,0.0410,0.6780,0.7550,,0.0770,,20.65,-9.68,179.8,177.6,1.078,0.218,1.967
1791426189.5918117,0.6350,0.9423,0.6350,0.7538,0.7006,0.5695,0.8030,0.5695,0.4302,0.1229,0.1557,0.4302,0.4998,0.0942,0.0574,0.1966,0.0737,0.6780,0.7585,,0.0805,,21.03,-9.90,179.2,178.7,0.978,0.213,
1791426189.6245167,0.7538,0.8767,0.6350,0.5695,0.3646,0.6350,0.8030,0.7538,0.6350,0.4998,0.2458,0.5695,0.4302,0.0574,0.0410,0.1229,0.1557,0.6740,0.7590,,0.0850,,21.17,,179.9,178.3,1.052,0.213,1.851
1791426189.6552029,0.6350,0.4302,0.7006,0.4998,0.5695,0.7006,0.8030,0.4998,0.5695,0.7538,0.4998,0.5695,0.4998,0.0737,0.0737,0.1229,0.0737,0.6740,0.7565,,0.0825,,20.97,,179.6,178.5,1.141,0.215,1.936
1791426189.686016,0.6350,0.8030,0.4302,0.7538,0.4998,0.7538,0.7006,0.6350,0.4998,0.1229,0.4998,0.4998,0.4998,0.0410,0.0369,0.0410,0.0942,0.6740,0.7580,,0.0840,,20.94,,179.6,178.6,1.089,0.216,1.853
1791426189.7189834,0.7006,0.8440,0.3646,0.5695,0.7006,0.6350,0.8440,0.6350,0.3646,0.7006,0.4998,0.4302,0.5695,0.1557,0.0737,0.1229,0.0737,0.6740,0.7580,,0.0840,,20.96,,179.9,177.2,1.029,0.217,1.792
1791426189.7520504,0.8030,0.8030,0.6350,0.5695,0.4998,0.7538,0.6350,0.4998,0.4302,0.3646,0.4302,0.4998,0.4302,0.0737,0.0574,0.0942,0.0737,0.6740,0.7595,,0.0855,,21.04,,179.2,177.4,1.093,0.217,1.903
1791426189.7848046,0.7006,0.8767,0.4302,0.6350,0.4302,0.5695,0.7538,0.7006,0.5695,0.1557,0.2991,0.5695,0.4998,0.0246,0.0410,0.0942,0.0369,0.6740,0.7580,,0.0840,,21.00,,179.4,177.2,1.070,0.218,
1791426189.8197875,0.5695,0.8440,0.4998,0.3646,0.4302,0.7538,0.7538,0.5695,0.4998,0.2991,0.1966,0.4998,0.4998,0.0410,0.0574,0.0942,0.0737,0.6740,0.7605,,0.0865,,21.58,,179.5,177.6,0.990,0.213,
1791426189.8594127,0.6350,0.7538,0.5695,0.6350,0.4302,0.7006,0.7006,0.4998,0.5695,0.6350,0.4302,0.5695,0.4998,0.0737,0.0410,0.0369,0.0574,0.6780,0.7580,,0.0800,,21.57,,179.8,178.0,1.041,0.211,1.717
1791426189.8919752,0.6350,0.7538,0.8030,0.5695,0.4998,0.4998,0.7538,0.6350,0.5695,0.1229,0.4302,0.5695,0.4302,0.0369,0.0164,0.0737,0.0574,0.6740,0.7590,,0.0850,,21.71,,177.8,178.0,1.048,0.210,1.841
1791426189.923591,0.6350,0.9628,0.7538,0.6350,0.5695,0.6350,0.7538,0.7006,0.2991,0.1557,0.3646,0.5695,0.4998,0.0205,0.0410,0.0942,0.0410,0.6740,0.7670,,0.0930,,21.77,,179.0,177.8,1.220,0.214,2.032
1791426189.954693,0.5695,0.8440,0.8030,0.8030,0.7006,0.7006,0.7006,0.4998,0.5695,0.1557,0.3646,0.5695,0.4302,0.0574,0.0574,0.1229,0.0246,0.6740,0.7565,,0.0825,,21.83,,179.2,178.1,1.001,0.212,1.798
1791426189.9881148,0.7538,0.8030,0.5695,0.4302,0.4302,0.7006,0.7006,0.7538,0.4302,0.2991,0.1966,0.5695,0.4998,0.1557,0.0574,0.1229,0.0737,0.6780,0.7605,,0.0825,,21.60,,179.2,178.4,1.127,0.213,
1791426190.0191212,0.7538,0.8030,0.6350,0.5695,0.6350,0.6350,0.8030,0.4998,0.4302,0.1557,0.1966,0.6350,0.4302,0.0410,0.0574,0.1229,0.0574,0.6740,0.7595,,0.0855,,21.65,,177.8,179.7,1.108,0.213,
1791426190.053175,0.6350,0.7006,0.7538,0.4302,0.4302,0.7538,0.7006,0.4998,0.5695,0.3646,0.3646,0.4998,0.4998,0.0369,0.0737,0.0942,0.0369,0.6740,0.7605,,0.0865,,21.64,,179.0,179.4,1.046,0.214,1.813
1791426190.0850203,0.7006,0.8767,0.5695,0.4998,0.5695,0.7006,0.7006,0.6350,0.4302,0.2458,0.2458,0.4998,0.4998,0.0574,0.0164,0.0410,0.0574,0.6740,0.7570,,0.0830,,21.66,,179.3,180.0,1.058,0.213,
1791426190.1182857,0.4302,0.7006,0.8030,0.6350,0.4302,0.7006,0.7006,0.4998,0.4302,0.3646,0.1966,0.5695,0.5695,0.0369,0.0369,0.1229,0.0574,0.6740,0.7630,0.6900,0.0890,-0.0730,21.62,-9.86,179.7,179.9,1.127,0.216,1.981
1791426190.1522012,0.4998,0.9054,0.8030,0.5695,0.4998,0.6350,0.8030,0.7006,0.7538,0.1557,0.4998,0.4998,0.4998,0.0410,0.0369,0.0369,0.0737,0.6740,0.7570,,0.0830,,21.48,-9.80,179.9,180.0,1.075,0.216,1.872
1791426190.1926825,0.7006,0.8767,0.7006,0.8030,0.7006,0.5695,0.8030,0.4302,0.5695,0.1966,0.4302,0.4998,0.4302,0.0246,0.0737,0.0410,0.0410,0.6750,0.7585,,0.0835,,21.33,-9.76,179.1,179.3,1.093,0.217,1.852
1791426190.222836,0.5695,0.8440,0.6350,0.4998,0.5695,0.7006,0.7538,0.4998,0.2458,0.4302,0.1557,0.4998,0.4302,0.0205,0.0205,0.0410,0.0942,0.6780,0.7570,,0.0790,,21.38,-9.77,179.8,179.0,1.048,0.213,1.774
1791426190.2549942,0.5695,0.5695,0.7538,0.5695,0.4998,0.6350,0.7538,0.5695,0.5695,0.4998,0.2458,0.4302,0.4998,0.0737,0.0246,0.0737,0.0410,0.6780,0.7585,,0.0805,,21.39,-9.87,179.0,179.1,1.017,0.212,1.796
1791426190.2855482,0.5695,0.7538,0.7538,0.7538,0.5695,0.7006,0.7538,0.7006,0.4998,0.1966,0.4302,0.4998,0.4998,0.0574,0.0205,0.1229,0.0737,0.6750,0.7610,,0.0860,,21.51,-9.84,179.2,178.3,1.112,0.212,1.911
1791426190.3187566,0.4998,0.7006,0.6350,0.7006,0.5695,0.7538,0.7538,0.6350,0.6350,0.2991,0.4302,0.5695,0.4302,0.0246,0.0574,0.0410,0.0410,0.6750,0.7615,,0.0865,,21.38,-9.64,178.6,178.5,1.221,0.215,2.072
1791426190.3518884,0.7538,0.6350,0.7006,0.4998,0.3646,0.7006,0.8030,0.5695,0.4302,0.2991,0.4302,0.5695,0.4302,0.0205,0.0410,0.0737,0.0574,0.6750,0.7565,,0.0815,,20.88,-9.48,178.9,178.2,1.158,0.219,2.060
1791426190.3859868,0.5695,0.8030,0.7006,0.5695,0.4998,0.7006,0.7006,0.6350,0.3646,0.3646,0.1229,0.5695,0.4302,0.0410,0.0369,0.0942,0.0574,0.6750,0.7585,,0.0835,,21.04,-9.54,178.5,178.5,1.071,0.217,1.880
1791426190.4191217,0.6350,0.8440,0.6350,0.6350,0.7006,0.7006,0.8030,0.4998,0.2991,0.1557,0.5695,0.4998,0.5695,0.0737,0.0369,0.0574,0.0737,0.6750,0.7605,,0.0855,,21.28,-9.53,179.3,176.6,1.132,0.216,1.843
1791426190.459404,0.7006,0.9259,0.7006,0.7538,0.6350,0.7006,0.7006,0.5695,0.6350,0.4998,0.4998,0.4998,0.5695,0.0369,0.0574,0.0942,0.0369,0.6750,0.7600,,0.0850,,21.35,-9.50,179.0,176.7,1.142,0.215,1.877
1791426190.490465,0.6350,0.8030,0.5695,0.4998,0.4302,0.5695,0.8767,0.7538,0.5695,0.4302,0.2458,0.5695,0.4998,0.0410,0.0574,0.1557,0.0574,0.6810,0.7570,,0.0760,,20.97,-9.51,178.6,177.4,1.076,0.215,1.863
1791426190.5218503,0.7538,0.8767,0.8030,0.7538,0.5695,0.8030,0.6350,0.4998,0.4302,0.1966,0.1557,0.4302,0.4998,0.0410,0.0410,0.1229,0.0737,0.6750,0.7585,,0.0835,,20.82,-9.49,178.8,177.8,1.112,0.218,
1791426190.5533288,0.7006,0.7538,0.7538,0.6350,0.6350,0.7006,0.7006,0.5695,0.6350,0.3646,0.2458,0.4998,0.4998,0.0410,0.0737,0.1229,0.0737,0.6750,0.7605,,0.0855,,21.24,-9.65,178.7,178.3,1.042,0.214,1.719
1791426190.5867593,0.7006,0.8030,0.7538,0.5695,0.5695,0.7538,0.8030,0.5695,0.4998,0.4302,0.5695,0.5695,0.4998,0.0410,0.0246,0.0942,0.0574,0.6750,0.7645,,0.0895,,21.73,-9.83,178.3,178.1,1.073,0.212,1.752
1791426190.6196265,0.4302,0.7006,0.8030,0.7538,0.7006,0.7538,0.8030,0.5695,0.4998,0.1557,0.5695,0.5695,0.4998,0.0369,0.0574,0.0410,0.0942,0.6750,0.7610,,0.0860,,21.82,-9.84,178.1,179.4,1.094,0.212,1.888
1791426190.6529772,0.7006,0.8030,0.6350,0.7006,0.5695,0.7538,0.8440,0.4998,0.6350,0.2458,0.2458,0.4998,0.5695,0.0574,0.0164,0.0737,0.0737,0.6780,0.7590,,0.0810,,21.62,,178.7,179.2,1.127,0.212,
1791426190.6864507,0.5695,0.9054,0.6350,0.6350,0.4302,0.8030,0.7006,0.6350,0.5695,0.1557,0.4302,0.5695,0.5695,0.0942,0.0410,0.0942,0.0737,0.6780,0.7585,0.6780,0.0805,-0.0805,21.36,-9.89,179.7,178.7,1.090,0.213,1.823
1791426190.7193487,0.8030,0.8767,0.7006,0.6350,0.6350,0.6350,0.7538,0.5695,0.4302,0.1557,0.1966,0.5695,0.4998,0.0410,0.0410,0.0737,0.0737,0.6750,0.7570,,0.0820,,21.06,-9.65,180.0,179.0,1.197,0.216,
1791426190.759803,0.7538,0.7538,0.8030,0.6350,0.5695,0.6350,0.7006,0.7006,0.4998,0.1966,0.4302,0.4998,0.4998,0.0410,0.0410,0.0574,0.1229,0.6750,0.7605,,0.0855,,21.19,-9.71,179.4,179.8,1.098,0.216,1.795
1791426190.7913802,0.5695,0.7006,0.4998,0.4998,0.6350,0.6350,0.8767,0.6350,0.4998,0.1229,0.2458,0.4302,0.4998,0.0574,0.0246,0.0410,0.0410,0.6780,0.7600,,0.0820,,21.30,-9.76,179.9,179.4,1.090,0.214,
1791426190.8226874,0.7006,0.9587,0.8440,0.7006,0.6350,0.7538,0.8030,0.5695,0.4302,0.4998,0.1557,0.4998,0.4302,0.0410,0.0246,0.0123,0.0410,0.6750,0.7590,,0.0840,,21.31,-9.82,180.0,179.2,1.070,0.214,1.916
1791426190.8544645,0.7006,0.8767,0.5695,0.6350,0.7006,0.7006,0.7006,0.5695,0.3646,0.4998,0.4998,0.4998,0.4998,0.0410,0.0574,0.0410,0.0737,0.6750,0.7575,,0.0825,,21.37,-9.88,179.4,178.8,1.039,0.213,1.806
1791426190.886069,0.4302,0.9587,0.6350,0.6350,0.6350,0.7006,0.6350,0.5695,0.4998,0.0942,0.4998,0.4998,0.4998,0.0410,0.0737,0.0737,0.0737,0.6750,0.7570,,0.0820,,21.24,-9.85,177.1,178.7,1.074,0.213,1.829
1791426190.9195578,0.4302,0.8030,0.6350,0.5695,0.6350,0.8440,0.7006,0.4998,0.5695,0.1966,0.4998,0.4998,0.4302,0.0369,0.0410,0.0942,0.0574,0.6780,0.7540,,0.0760,,21.22,-9.89,173.7,179.7,0.993,0.210,1.675
1791426190.9539707,0.5695,0.8440,0.6350,0.6350,0.5695,0.8030,0.8030,0.5695,0.4302,0.2991,0.4302,0.5695,0.4302,0.0369,0.0574,0.1557,0.0737,0.6750,0.7585,,0.0835,,21.15,-9.86,175.6,179.7,1.098,0.212,1.854
1791426190.986783,0.4302,0.7006,0.8030,0.8030,0.4998,0.7006,0.8030,0.5695,0.4998,0.5695,0.3646,0.4998,0.4302,0.0737,0.0410,0.1229,0.0737,0.6750,0.7575,,0.0825,,21.01,-9.94,177.0,179.2,1.025,0.214,1.737
1791426191.019934,0.7538,0.8440,0.7006,0.6350,0.7006,0.6350,0.7006,0.7006,0.6350,0.6350,0.4302,0.4998,0.5695,0.0369,0.0410,0.0737,0.0369,0.6750,0.7575,,0.0825,,21.14,-9.93,178.1,178.7,1.062,0.212,1.816
1791426191.0615027,0.6350,0.9259,0.4302,0.5695,0.4302,0.7006,0.8030,0.4998,0.5695,0.2458,0.1557,0.5695,0.4998,0.0246,0.0574,0.1229,0.0574,0.6750,0.7585,,0.0835,,21.06,-9.85,178.3,178.4,1.118,0.214,
1791426191.0934155,0.4302,0.9054,0.8030,0.6350,0.5695,0.7538,0.8440,0.5695,0.6350,0.1229,0.4302,0.5695,0.4998,0.0574,0.0246,0.0737,0.0410,0.6750,0.7570,,0.0820,,21.08,-9.89,178.7,178.5,1.040,0.214,1.771
1791426191.124808,0.4998,0.8440,0.8440,0.6350,0.6350,0.7006,0.7538,0.6350,0.5695,0.1966,0.1557,0.5695,0.5695,0.0410,0.0369,0.0410,0.0410,0.6750,0.7595,0.6790,0.0845,-0.0805,20.95,-9.86,177.6,178.5,1.172,0.216,
1791426191.1567812,0.8030,0.7538,0.8440,0.5695,0.6350,0.7006,0.7538,0.8030,0.4998,0.4302,0.5695,0.5695,0.5695,0.0410,0.0574,0.0737,0.0737,0.6750,0.7600,0.6840,0.0850,-0.0760,20.88,-9.77,178.1,177.6,1.142,0.218,1.893
1791426191.1877928,0.7006,0.9587,0.7006,0.4998,0.4998,0.7006,0.7538,0.5695,0.4998,0.3646,0.3646,0.5695,0.4998,0.0737,0.0369,0.0737,0.0410,0.6750,0.7605,,0.0855,,21.22,-9.93,178.9,176.9,1.041,0.215,1.740
1791426191.220747,0.7006,0.8440,0.8767,0.8030,0.6350,0.4998,0.8030,0.6350,0.6350,0.1966,0.4302,0.5695,0.5695,0.0410,0.0574,0.0574,0.0737,0.6750,0.7625,0.6820,0.0875,-0.0805,21.38,-9.93,177.9,176.4,1.147,0.216,1.877
1791426191.2530231,0.5695,0.7538,0.7006,0.5695,0.4302,0.7538,0.8030,0.4998,0.2458,0.4302,0.2991,0.5695,0.4302,0.0410,0.0205,0.0410,0.0369,0.6750,0.7595,,0.0845,,21.42,-9.93,178.8,176.4,1.100,0.215,1.865
1791426191.2872417,0.6350,0.8030,0.7006,0.8030,0.3646,0.7006,0.7538,0.7538,0.7006,0.2991,0.3646,0.4998,0.5695,0.0574,0.0205,0.0737,0.0737,0.6750,0.7580,,0.0830,,21.19,-9.85,179.5,176.5,1.122,0.217,1.877
1791426191.3202262,0.6350,0.7006,0.8440,0.5695,0.4998,0.7006,0.7538,0.7538,0.5695,0.2458,0.5695,0.4998,0.4998,0.0574,0.0369,0.0574,0.0574,0.6750,0.7605,,0.0855,,21.30,-9.74,180.0,176.6,1.186,0.217,1.936
1791426191.3622427,0.5695,0.8030,0.6350,0.3646,0.5695,0.5695,0.8767,0.4998,0.6350,0.1966,0.4998,0.4998,0.4302,0.0574,0.0410,0.1229,0.0410,0.6750,0.7645,,0.0895,,21.57,-9.82,178.5,177.2,1.146,0.216,1.953
1791426191.3940423,0.5695,0.7006,0.7006,0.6350,0.5695,0.7006,0.6350,0.5695,0.4998,0.4998,0.3646,0.5695,0.3646,0.0410,0.0369,0.1229,0.0205,0.6750,0.7600,,0.0850,,21.60,-9.86,178.9,176.9,1.094,0.216,1.814
1791426191.4261427,0.5695,0.7006,0.8030,0.4998,0.4302,0.7006,0.8030,0.4302,0.3646,0.1229,0.5695,0.4998,0.4998,0.0574,0.0737,0.1229,0.0369,0.6750,0.7585,,0.0835,,21.55,-9.88,179.0,177.3,1.081,0.215,1.865
1791426191.4567423,0.7006,0.7538,0.8030,0.7006,0.8030,0.6350,0.8030,0.6350,0.7006,0.1966,0.7006,0.3646,0.3646,0.0737,0.0369,0.0410,0.0369,0.6750,0.7600,,0.0850,,21.62,-9.95,178.9,178.7,1.071,0.214,1.847
1791426191.4883764,0.4998,0.7538,0.7006,0.6350,0.2991,0.7006,0.8030,0.5695,0.4998,0.1229,0.4998,0.4998,0.4998,0.0369,0.0246,0.0574,0.0942,0.6750,0.7615,,0.0865,,21.48,-9.96,177.9,178.7,1.117,0.217,1.944
1791426191.5211496,0.6350,0.6350,0.7006,0.4998,0.4998,0.7538,0.7006,0.7538,0.7006,0.1557,0.3646,0.4998,0.4998,0.0574,0.0410,0.0574,0.0410,0.6750,0.7615,,0.0865,,21.70,-10.07,179.0,177.7,1.062,0.215,1.760
1791426191.553649,0.6350,0.6350,0.8440,0.4998,0.4998,0.7006,0.8030,0.5695,0.4998,0.4302,0.2458,0.4998,0.4998,0.0942,0.0574,0.0410,0.0369,0.6750,0.7615,,0.0865,,21.88,-10.08,179.7,178.5,1.108,0.213,1.856
1791426191.586815,0.5695,0.7538,0.7006,0.6350,0.4998,0.6350,0.8030,0.5695,0.7538,0.1557,0.4998,0.4998,0.4998,0.0246,0.0410,0.1557,0.0942,0.6750,0.7570,,0.0820,,21.55,-9.88,179.6,178.4,1.157,0.215,1.927
1791426191.6203146,0.5695,0.7538,0.6350,0.5695,0.5695,0.8030,0.6350,0.5695,0.7006,0.4302,0.4302,0.5695,0.4998,0.0574,0.0574,0.0574,0.0574,0.6750,0.7650,,0.0900,,21.99,-10.02,179.8,178.4,1.103,0.213,1.863
1791426191.6543841,0.7006,0.8767,0.7538,0.7538,0.5695,0.8030,0.7538,0.7006,0.3646,0.3646,0.2991,0.4998,0.4998,0.0369,0.0410,0.0737,0.0410,0.6790,0.7575,,0.0785,,21.70,-10.01,179.4,178.1,1.067,0.212,1.860
1791426191.6943552,0.7006,0.9259,0.7006,0.5695,0.4302,0.7006,0.7006,0.5695,0.4302,0.1966,0.1966,0.4998,0.5695,0.0369,0.0410,0.0942,0.0737,0.6790,0.7600,,0.0810,,21.63,-10.06,179.9,178.3,1.066,0.211,
1791426191.7262154,0.7006,0.8767,0.6350,0.6350,0.7006,0.7006,0.8030,0.6350,0.6350,0.4302,0.1557,0.5695,0.4302,0.0246,0.0410,0.0574,0.0942,0.6750,0.7630,,0.0880,,21.62,-10.04,179.1,178.1,1.146,0.214,1.959
1791426191.7578866,0.6350,0.6350,0.4998,0.4302,0.5695,0.8030,0.7538,0.4302,0.5695,0.3646,0.4302,0.4998,0.5695,0.0410,0.0246,0.0410,0.0737,0.6750,0.7595,,0.0845,,21.65,,178.6,178.0,1.058,0.213,1.834
1791426191.7882514,0.5695,0.8440,0.4998,0.4998,0.5695,0.6350,0.6350,0.4998,0.4302,0.2991,0.4302,0.4998,0.4998,0.0410,0.0574,0.0737,0.0737,0.6860,0.7605,,0.0745,,21.18,,178.6,177.4,1.132,0.213,1.814
1791426191.821929,0.3646,0.8767,0.4998,0.5695,0.5695,0.8030,0.7538,0.6350,0.7006,0.2991,0.2458,0.5695,0.5695,0.0369,0.0410,0.0369,0.0369,0.6750,0.7570,0.6740,0.0820,-0.0830,21.12,-10.15,178.1,177.3,1.104,0.214,
1791426191.8541906,0.6350,0.6350,0.7006,0.7006,0.4998,0.6350,0.7538,0.5695,0.5695,0.2458,0.4302,0.4998,0.4302,0.0574,0.0574,0.0574,0.0574,0.6750,0.7620,,0.0870,,21.67,-10.24,178.3,177.0,1.081,0.210,1.800
1791426191.8867748,0.5695,0.8030,0.6350,0.6350,0.5695,0.5695,0.7006,0.4998,0.4302,0.4998,0.4998,0.4998,0.4302,0.0574,0.0942,0.0942,0.0369,0.6750,0.7570,,0.0820,,21.48,-10.21,178.0,175.7,1.070,0.211,1.831
1791426191.9204912,0.6350,0.8767,0.7538,0.7006,0.5695,0.6350,0.8030,0.4998,0.5695,0.1229,0.3646,0.4302,0.4302,0.0410,0.0369,0.0737,0.0574,0.6750,0.7585,,0.0835,,21.40,-10.19,178.7,175.6,1.088,0.212,1.902
1791426191.954166,0.7538,0.7538,0.7006,0.6350,0.7006,0.6350,0.5695,0.4998,0.6350,0.5695,0.1229,0.4302,0.4998,0.0369,0.0246,0.0737,0.0737,0.6750,0.7590,,0.0840,,21.39,-10.14,178.9,176.0,1.113,0.213,1.909
1791426191.9952466,0.5695,0.7538,0.5695,0.5695,0.4998,0.7538,0.8767,0.5695,0.5695,0.5695,0.4998,0.6350,0.4998,0.0369,0.0574,0.0574,0.0205,0.6750,0.7600,,0.0850,,21.43,-10.11,178.9,177.2,1.127,0.213,1.900
1791426192.0260243,0.7006,0.8767,0.7006,0.6350,0.7006,0.8440,0.8440,0.7006,0.4998,0.2991,0.1966,0.6350,0.4998,0.0574,0.0369,0.0942,0.0574,0.6750,0.7530,,0.0780,,21.28,-10.01,176.8,177.6,1.065,0.212,
1791426192.0574646,0.5695,0.8030,0.7538,0.4998,0.4302,0.5695,0.5695,0.7006,0.5695,0.1966,0.1966,0.4302,0.2991,0.0369,0.0369,0.0369,0.0574,0.6750,0.7555,,0.0805,,20.72,-9.91,176.0,178.3,,0.217,
1791426192.0897079,0.4998,0.8030,0.4998,0.5695,0.5695,0.7538,0.8030,0.4998,0.5695,0.5695,0.4302,0.5695,0.4302,0.0410,0.0737,0.0369,0.0574,0.6750,0.7580,,0.0830,,20.89,-10.03,177.6,178.2,1.036,0.216,1.811
1791426192.1213017,0.4302,0.7538,0.5695,0.6350,0.6350,0.7006,0.7538,0.7006,0.4302,0.1557,0.4302,0.5695,0.4302,0.0246,0.0369,0.0737,0.0942,0.6750,0.7635,,0.0885,,21.36,-10.15,178.7,178.0,1.103,0.214,1.796
1791426192.1545389,0.8030,0.7006,0.5695,0.7006,0.6350,0.6350,0.7538,0.5695,0.5695,0.2458,0.4998,0.5695,0.4302,0.0369,0.0369,0.0369,0.0574,0.6750,0.7600,,0.0850,,21.31,-10.06,179.0,178.8,1.152,0.215,1.970
1791426192.1885252,0.6350,0.8030,0.7006,0.6350,0.7006,0.5695,0.8440,0.7538,0.4998,0.1966,0.4998,0.4998,0.4302,0.0369,0.0410,0.0410,0.0737,0.6750,0.7590,,0.0840,,21.35,-10.05,178.9,179.9,1.108,0.215,1.920
1791426192.2209473,0.6350,0.8440,0.6350,0.7006,0.5695,0.7006,0.8440,0.5695,0.4302,0.5695,0.4998,0.5695,0.4998,0.0369,0.0246,0.1229,0.0737,0.6750,0.7605,,0.0855,,21.65,-10.08,179.3,179.7,1.109,0.212,1.836
1791426192.2554772,0.4998,0.8440,0.4998,0.4998,0.7538,0.7006,0.6350,0.7006,0.4998,0.3646,0.2991,0.6350,0.4998,0.0369,0.0574,0.1557,0.0737,0.6750,0.7580,,0.0830,,21.43,-10.05,179.9,179.9,1.098,0.214,1.886
1791426192.294816,0.7006,0.8440,0.5695,0.5695,0.4998,0.7006,0.8030,0.5695,0.5695,0.4998,0.2458,0.5695,0.5695,0.0574,0.0410,0.1557,0.0369,0.6750,0.7595,0.6800,0.0845,-0.0795,21.51,-10.08,179.4,179.9,1.108,0.213,1.869
1791426192.3267927,0.5695,0.8030,0.6350,0.5695,0.4998,0.7538,0.7538,0.6350,0.5695,0.5695,0.2991,0.4998,0.4998,0.0410,0.0205,0.1557,0.0410,0.6790,0.7560,,0.0770,,21.11,-10.04,179.0,179.3,1.080,0.214,1.939
1791426192.3581076,0.7006,0.7538,0.8440,0.7538,0.4998,0.5695,0.7006,0.5695,0.3646,0.1557,0.2991,0.5695,0.5695,0.0369,0.0410,0.1229,0.0737,0.6750,0.7605,0.6790,0.0855,-0.0815,21.17,-10.01,179.7,179.6,1.167,0.215,
1791426192.3889472,0.5695,0.8767,0.5695,0.5695,0.6350,0.7538,0.8030,0.7006,0.4302,0.1966,0.2991,0.4998,0.4998,0.0737,0.0737,0.0369,0.0574,0.6750,0.7650,,0.0900,,21.55,-10.09,179.5,178.2,1.151,0.214,
1791426192.422649,0.8030,0.8440,0.5695,0.4302,0.3646,0.7538,0.8440,0.4998,0.4998,0.5695,0.1966,0.4998,0.5695,0.0410,0.0737,0.0574,0.0574,0.6800,0.7565,,0.0765,,21.06,-10.04,179.3,178.4,1.098,0.215,1.918
1791426192.4558218,0.5695,0.8767,0.5695,0.6350,0.6350,0.5695,0.7538,0.6350,0.4998,0.5695,0.3646,0.4998,0.5695,0.0369,0.0574,0.0737,0.0942,0.6750,0.7595,,0.0845,,21.20,-10.10,179.9,179.8,1.085,0.215,1.817
1791426192.488009,0.7538,0.9259,0.8030,0.7006,0.5695,0.4998,0.7538,0.6350,0.5695,0.4998,0.4302,0.4302,0.5695,0.0737,0.0410,0.0574,0.0737,0.6800,0.7585,,0.0785,,20.94,-10.18,179.3,179.8,1.053,0.215,1.818
1791426192.5214767,0.7006,0.7538,0.8440,0.4998,0.4998,0.6350,0.7538,0.5695,0.5695,0.1966,0.5695,0.4998,0.5695,0.0574,0.0369,0.0737,0.0942,0.6750,0.7650,,0.0900,,21.43,-10.35,178.5,179.3,1.084,0.214,1.813
1791426192.5549786,0.5695,0.7006,0.6350,0.6350,0.5695,0.5695,0.7538,0.5695,0.4302,0.1966,0.2458,0.5695,0.4302,0.0369,0.0164,0.0410,0.0369,0.6760,0.7605,,0.0845,,21.27,-10.30,177.1,179.6,1.122,0.216,
1791426192.5949917,0.5695,0.8440,0.6350,0.6350,0.6350,0.7538,0.7538,0.6350,0.4998,0.1966,0.4302,0.4302,0.4302,0.0737,0.0369,0.0410,0.0737,0.6760,0.7565,,0.0805,,20.99,-10.23,177.5,179.8,1.088,0.217,1.936
1791426192.6268315,0.4302,0.7006,0.7538,0.7006,0.6350,0.7538,0.7006,0.7006,0.5695,0.2991,0.4302,0.5695,0.4302,0.0574,0.0410,0.0574,0.0410,0.6760,0.7650,,0.0890,,20.94,-10.18,178.0,178.5,1.200,0.221,1.971
1791426192.6590035,0.4302,0.7006,0.4998,0.7006,0.3646,0.6350,0.7006,0.2991,0.6350,0.1966,0.3646,0.5695,0.4998,0.0574,0.0410,0.1229,0.0410,0.6760,0.7560,,0.0800,,20.87,-10.12,177.6,176.7,1.084,0.219,1.822
1791426192.6895902,0.7006,0.8440,0.7006,0.6350,0.4998,0.7006,0.7538,0.6350,0.7006,0.4302,0.3646,0.4998,0.4998,0.0410,0.0164,0.0737,0.0574,0.6760,0.7595,,0.0835,,20.64,-10.17,178.4,175.7,1.084,0.222,1.871
1791426192.7229037,0.6350,0.8440,0.5695,0.7538,0.4998,0.6350,0.8030,0.5695,0.4998,0.2458,0.3646,0.4302,0.4302,0.0410,0.0574,0.0574,0.1229,0.6760,0.7575,,0.0815,,20.50,-10.21,178.5,175.5,1.052,0.222,1.806
1791426192.7552512,0.7538,0.6350,0.7006,0.6350,0.4302,0.5695,0.5695,0.5695,0.7006,0.1966,0.4302,0.5695,0.5695,0.0369,0.0205,0.0942,0.0737,0.6760,0.7630,0.6840,0.0870,-0.0790,20.74,-10.17,178.7,175.4,1.117,0.222,1.827
1791426192.7898579,0.7538,0.7006,0.7006,0.4998,0.4998,0.6350,0.8440,0.4998,0.4998,0.3646,0.5695,0.4998,0.4302,0.0369,0.0737,0.0369,0.0942,0.6760,0.7640,,0.0880,,20.98,-10.19,179.3,175.4,1.147,0.221,1.997
1791426192.8220553,0.7538,0.8030,0.2991,0.5695,0.5695,0.6350,0.7006,0.7006,0.4998,0.2458,0.4998,0.5695,0.4302,0.0942,0.0369,0.0246,0.0574,0.6760,0.7660,,0.0900,,21.30,-10.29,178.9,176.7,1.126,0.220,1.960
1791426192.8564548,0.8030,0.7538,0.4302,0.4998,0.4302,0.5695,0.7006,0.6350,0.5695,0.1557,0.4302,0.5695,0.4998,0.0737,0.0410,0.0942,0.0369,0.6760,0.7580,,0.0820,,21.29,-10.19,178.0,176.4,1.111,0.218,1.851
1791426192.8957665,0.7006,0.6350,0.3646,0.5695,0.4302,0.7006,0.8030,0.5695,0.4998,0.1966,0.4998,0.4998,0.4302,0.0410,0.0574,0.1557,0.0246,0.6760,0.7580,,0.0820,,21.27,-10.25,178.7,177.0,1.041,0.217,1.774
1791426192.9275074,0.7006,0.7006,0.7006,0.4998,0.5695,0.5695,0.7006,0.5695,0.4998,0.1966,0.2991,0.4998,0.4998,0.0737,0.0246,0.0942,0.0737,0.6760,0.7585,,0.0825,,21.11,-10.23,179.2,178.1,1.080,0.218,
1791426192.9600408,0.6350,0.8030,0.5695,0.3646,0.5695,0.6350,0.8030,0.5695,0.4302,0.4998,0.5695,0.4302,0.4998,0.1229,0.0737,0.1966,0.0737,0.6760,0.7570,,0.0810,,20.92,-10.20,179.8,178.6,1.067,0.218,1.819
1791426192.990351,0.5695,0.8030,0.4998,0.5695,0.4998,0.7538,0.8440,0.3646,0.4998,0.3646,0.5695,0.4998,0.4998,0.0942,0.0410,0.1966,0.0942,0.6760,0.7585,,0.0825,,20.60,-10.12,180.0,177.5,1.117,0.221,1.896
1791426193.0224586,0.7538,0.6350,0.7538,0.4302,0.6350,0.6350,0.7538,0.6350,0.4998,0.5695,0.4302,0.4998,0.4998,0.0574,0.0574,0.1229,0.0574,0.6760,0.7660,,0.0900,,21.09,-10.30,179.7,178.7,1.093,0.219,1.883
1791426193.0552433,0.6350,0.8030,0.7006,0.5695,0.3646,0.7006,0.6350,0.6350,0.4302,0.2458,0.1557,0.4998,0.5695,0.0574,0.0574,0.0737,0.0410,0.6760,0.7635,,0.0875,,21.70,-10.52,180.0,177.9,1.017,0.214,
1791426193.0884683,0.7006,0.4998,0.7006,0.7006,0.4998,0.6350,0.6350,0.8030,0.4302,0.1557,0.1557,0.5695,0.4998,0.0737,0.0410,0.0942,0.0574,0.6760,0.7645,,0.0885,,21.95,-10.54,179.9,178.0,1.112,0.213,
1791426193.1224437,0.6350,0.7538,0.4302,0.4998,0.4998,0.6350,0.8030,0.7006,0.5695,0.4302,0.4998,0.5695,0.4302,0.0246,0.0246,0.1229,0.0410,0.6760,0.7605,,0.0845,,21.53,-10.36,179.7,177.2,1.162,0.217,1.946
1791426193.155406,0.7538,0.9054,0.7538,0.5695,0.4302,0.7006,0.6350,0.7006,0.5695,0.4302,0.4302,0.5695,0.4998,0.0369,0.0369,0.1557,0.0942,0.6760,0.7610,,0.0850,,21.63,-10.37,179.3,177.2,1.090,0.215,1.818
1791426193.1974597,0.7006,0.8030,0.6350,0.5695,0.7006,0.8030,0.6350,0.7006,0.4998,0.1229,0.1557,0.5695,0.4302,0.0369,0.0410,0.1229,0.0737,0.6760,0.7605,,0.0845,,21.50,-10.24,178.8,177.6,1.152,0.216,
1791426193.2280345,0.4998,0.9054,0.4302,0.4998,0.5695,0.7006,0.8030,0.5695,0.7006,0.5695,0.4998,0.6350,0.4998,0.0410,0.0246,0.0737,0.0574,0.6760,0.7615,,0.0855,,21.67,-10.38,178.9,177.3,1.039,0.215,1.777
1791426193.2591593,0.4998,0.8030,0.7006,0.4302,0.6350,0.4302,0.7538,0.6350,0.4998,0.4302,0.1966,0.4998,0.4998,0.0574,0.0410,0.0737,0.0574,0.6760,0.7620,,0.0860,,21.84,-10.40,179.0,177.4,1.093,0.213,1.894
1791426193.290581,0.4302,0.8030,0.6350,0.4998,0.4998,0.8440,0.7538,0.6350,0.6350,0.3646,0.1966,0.4998,0.5695,0.0574,0.0246,0.1557,0.0574,0.6760,0.7580,,0.0820,,21.71,,179.4,177.3,1.072,0.213,1.806
1791426193.3226154,0.8030,0.8767,0.6350,0.6350,0.4998,0.7006,0.7538,0.7006,0.5695,0.2458,0.1229,0.4302,0.3646,0.0369,0.0410,0.0410,0.0942,0.6760,0.7585,,0.0825,,21.39,,179.2,177.9,1.078,0.215,
1791426193.356181,0.7006,0.7538,0.4998,0.5695,0.6350,0.7538,0.8030,0.7538,0.4302,0.4998,0.6350,0.5695,0.4998,0.0574,0.0246,0.1557,0.0574,0.6760,0.7570,,0.0810,,21.18,,178.6,177.6,1.117,0.216,1.837
1791426193.3895068,0.5695,0.8030,0.7538,0.6350,0.6350,0.7006,0.8440,0.8030,0.4998,0.4998,0.4998,0.5695,0.4302,0.0574,0.0369,0.1229,0.0369,0.6760,0.7590,,0.0830,,20.96,,178.4,176.9,1.167,0.218,1.979
1791426193.422258,0.7006,0.8030,0.4998,0.7006,0.4302,0.7538,0.7006,0.4302,0.4998,0.2458,0.3646,0.4998,0.4998,0.0574,0.0737,0.0737,0.1229,0.6760,0.7590,,0.0830,,21.10,,178.3,176.4,1.098,0.216,1.753
1791426193.4559982,0.5695,0.7006,0.5695,0.7538,0.7538,0.5695,0.7538,0.8440,0.4998,0.5695,0.5695,0.5695,0.5695,0.0246,0.0205,0.0737,0.0737,0.6760,0.7600,0.6820,0.0840,-0.0780,21.18,-10.06,178.0,175.8,1.090,0.216,1.783
1791426193.4978392,0.4998,0.9423,0.7538,0.6350,0.4998,0.5695,0.8440,0.5695,0.3646,0.2458,0.4998,0.4998,0.5695,0.0410,0.0574,0.1557,0.1966,0.6760,0.7700,,0.0940,,21.82,-10.28,177.9,175.8,1.126,0.214,1.836
1791426193.5290875,0.7538,0.8440,0.4998,0.6350,0.5695,0.7006,0.8440,0.7006,0.7006,0.5695,0.4302,0.5695,0.4998,0.0574,0.0369,0.0942,0.0574,0.6760,0.7590,,0.0830,,21.57,-10.20,178.1,176.0,1.117,0.215,1.919
1791426193.560498,0.5695,0.6350,0.5695,0.7006,0.4302,0.8030,0.7006,0.5695,0.4998,0.4302,0.4302,0.5695,0.5695,0.0737,0.0369,0.0942,0.0574,0.6800,0.7580,0.6780,0.0780,-0.0800,21.38,-10.24,178.4,175.9,1.085,0.214,1.746
1791426193.5913472,0.4998,0.8440,0.7006,0.7006,0.5695,0.4998,0.7538,0.6350,0.5695,0.3646,0.3646,0.4998,0.4998,0.0410,0.0369,0.0942,0.0410,0.6760,0.7595,,0.0835,,21.11,-10.10,178.4,176.0,1.172,0.217,2.033
1791426193.6230311,0.5695,0.7006,0.7006,0.7538,0.4302,0.6350,0.8030,0.4998,0.5695,0.2458,0.5695,0.5695,0.4998,0.0737,0.0369,0.0942,0.0574,0.6760,0.7605,,0.0845,,21.08,-10.12,178.5,175.8,1.108,0.217,1.913
1791426193.6564245,0.3646,0.9054,0.7006,0.4998,0.4998,0.6350,0.8440,0.6350,0.6350,0.7006,0.3646,0.4998,0.4998,0.0574,0.0369,0.0737,0.0737,0.6760,0.7600,,0.0840,,21.06,-10.15,178.4,175.6,1.098,0.218,1.804
1791426193.689843,0.7006,0.7538,0.7538,0.7006,0.7538,0.7538,0.7006,0.6350,0.4998,0.4998,0.2458,0.6350,0.4302,0.0410,0.0410,0.1557,0.0737,0.6760,0.7605,,0.0845,,21.30,-10.25,178.5,176.1,1.058,0.215,1.823
1791426193.7230985,0.6350,0.7538,0.4302,0.5695,0.4998,0.6350,0.8440,0.5695,0.6350,0.2458,0.4302,0.4998,0.4998,0.0369,0.0205,0.0410,0.0410,0.6830,0.7585,,0.0755,,20.65,-10.09,178.4,176.5,1.167,0.218,1.980
1791426193.7568007,0.5695,0.6350,0.5695,0.7006,0.4998,0.6350,0.7538,0.4302,0.5695,0.4998,0.1966,0.4998,0.4998,0.0369,0.0737,0.0410,0.0737,0.6760,0.7585,,0.0825,,20.62,-9.95,179.3,177.4,1.171,0.219,2.017
1791426193.796234,0.7006,0.9259,0.6350,0.8030,0.5695,0.6350,0.6350,0.5695,0.6350,0.5695,0.3646,0.4998,0.4998,0.0574,0.1229,0.0737,0.1229,0.6760,0.7585,,0.0825,,20.63,-9.94,178.9,177.3,1.117,0.219,1.843
1791426193.828113,0.7538,0.8030,0.4998,0.7538,0.6350,0.6350,0.7538,0.7006,0.7006,0.1557,0.6350,0.4998,0.4998,0.0737,0.0369,0.1229,0.0942,0.6760,0.7610,,0.0850,,20.85,-9.98,179.9,176.8,1.123,0.218,1.799
1791426193.8588152,0.7538,0.7538,0.4302,0.5695,0.7006,0.6350,0.8440,0.7006,0.5695,0.2991,0.3646,0.3646,0.4998,0.0369,0.0574,0.1557,0.0737,0.6760,0.7645,,0.0885,,21.03,-10.04,179.5,176.1,1.157,0.219,1.858
1791426193.891047,0.7006,0.9054,0.6350,0.7006,0.3646,0.7538,0.8030,0.7006,0.4302,0.1966,0.3646,0.6350,0.5695,0.0942,0.0369,0.1557,0.0574,0.6760,0.7615,0.6860,0.0855,-0.0755,21.20,-9.94,179.4,175.7,1.122,0.217,1.835
1791426193.9228694,0.7538,0.8440,0.6350,0.6350,0.7538,0.7538,0.8030,0.5695,0.3646,0.1557,0.2458,0.4998,0.4998,0.0574,0.0410,0.0737,0.0574,0.6760,0.7565,,0.0805,,21.03,-9.96,178.8,175.9,1.056,0.217,
1791426193.9565315,0.5695,0.8030,0.4998,0.7006,0.5695,0.6350,0.7538,0.7538,0.6350,0.4998,0.2458,0.4998,0.4998,0.0410,0.0369,0.0942,0.0574,0.6800,0.7570,,0.0770,,20.73,-10.02,179.7,175.9,1.039,0.217,1.870
1791426193.9899096,0.7006,0.6350,0.7006,0.5695,0.3646,0.6350,0.7006,0.5695,0.6350,0.3646,0.4302,0.5695,0.4998,0.0737,0.0942,0.0410,0.0574,0.6760,0.7600,,0.0840,,21.01,-10.08,179.9,176.0,1.072,0.215,1.793
1791426194.0238366,0.5695,0.8767,0.5695,0.4302,0.6350,0.5695,0.7006,0.6350,0.4998,0.2991,0.3646,0.5695,0.5695,0.0369,0.0942,0.0737,0.0942,0.6760,0.7620,0.6880,0.0860,-0.0740,21.07,-9.96,179.8,176.3,1.108,0.216,1.919
1791426194.0650437,0.5695,0.7006,0.7538,0.7006,0.5695,0.6350,0.7538,0.3646,0.6350,0.2991,0.4998,0.4998,0.4302,0.0369,0.0574,0.1229,0.0942,0.6760,0.7555,,0.0795,,20.75,-9.87,179.3,176.8,1.084,0.218,1.912
1791426194.0964344,0.5695,0.8767,0.7006,0.4998,0.4998,0.6350,0.7538,0.4998,0.5695,0.5695,0.4302,0.4998,0.4998,0.0574,0.0942,0.0942,0.0942,0.6800,0.7570,,0.0770,,20.35,-9.80,178.8,179.0,1.103,0.220,1.872
1791426194.1283684,0.7538,0.7006,0.6350,0.8030,0.5695,0.6350,0.7006,0.8030,0.5695,0.1229,0.2991,0.6350,0.4998,0.0737,0.0205,0.0942,0.0737,0.6760,0.7630,,0.0870,,20.28,-9.77,179.1,177.9,1.174,0.223,
1791426194.1591063,0.7006,0.8440,0.7538,0.6350,0.4302,0.7538,0.8440,0.4998,0.7538,0.6350,0.4998,0.6350,0.4998,0.0246,0.0574,0.0942,0.0410,0.6760,0.7640,,0.0880,,20.76,-9.93,179.3,178.3,1.085,0.221,1.847
1791426194.1913586,0.6350,0.7538,0.6350,0.6350,0.4998,0.7538,0.7538,0.5695,0.4998,0.2991,0.2458,0.6350,0.5695,0.0369,0.0574,0.0410,0.0942,0.6760,0.7570,0.6870,0.0810,-0.0700,20.67,-9.78,180.0,179.4,1.084,0.220,
1791426194.223335,0.9054,0.9054,0.7006,0.7538,0.5695,0.6350,0.7006,0.7006,0.4302,0.2991,0.4998,0.5695,0.3646,0.0369,0.0737,0.0737,0.0574,0.6760,0.7625,,0.0865,,20.82,-9.81,179.5,179.8,1.127,0.220,1.945
1791426194.257055,0.8030,0.8440,0.6350,0.5695,0.6350,0.6350,0.8030,0.3646,0.6350,0.2458,0.5695,0.3646,0.4998,0.0164,0.0410,0.0737,0.0737,0.6760,0.7630,,0.0870,,20.83,-9.91,180.0,179.4,1.087,0.222,1.934
1791426194.2910886,0.6350,0.7538,0.5695,0.4302,0.4998,0.6350,0.7538,0.5695,0.4302,0.1966,0.2458,0.4998,0.5695,0.0246,0.0369,0.0369,0.0737,0.6760,0.7605,,0.0845,,21.23,-10.04,179.9,179.1,1.024,0.217,
1791426194.3242383,0.8030,0.8767,0.7006,0.4998,0.5695,0.4998,0.7538,0.4998,0.5695,0.2991,0.2991,0.4998,0.4998,0.0574,0.0574,0.1557,0.0737,0.6760,0.7530,,0.0770,,21.21,-9.91,177.1,178.8,1.051,0.214,
1791426194.35766,0.8030,0.8030,0.8030,0.7006,0.5695,0.6350,0.8030,0.3646,0.4998,0.2458,0.4998,0.5695,0.5695,0.0369,0.0574,0.0574,0.0737,0.6760,0.7610,0.6850,0.0850,-0.0760,21.15,-9.85,177.7,177.9,1.122,0.216,1.852
1791426194.3980303,0.4998,0.7538,0.4302,0.5695,0.7006,0.6350,0.7538,0.5695,0.5695,0.2991,0.3646,0.5695,0.4302,0.0369,0.0410,0.0942,0.0410,0.6760,0.7610,,0.0850,,21.33,-9.90,179.1,178.4,1.076,0.214,1.785
1791426194.4311185,0.5695,0.8767,0.7006,0.4998,0.5695,0.8030,0.8030,0.5695,0.2991,0.1966,0.4302,0.4998,0.4302,0.0410,0.0737,0.0737,0.0574,0.6760,0.7545,,0.0785,,20.77,-9.77,179.5,179.1,1.083,0.218,1.928
1791426194.4627192,0.4998,0.8767,0.6350,0.5695,0.4998,0.7538,0.7006,0.4998,0.5695,0.7538,0.2458,0.4998,0.4998,0.0737,0.0205,0.0942,0.0737,0.6830,0.7585,,0.0755,,20.23,-9.74,179.9,179.2,1.098,0.220,2.001
1791426194.4924622,0.4302,0.7006,0.4998,0.5695,0.5695,0.7006,0.8440,0.6350,0.6350,0.7006,0.5695,0.4998,0.4302,0.0410,0.0410,0.1229,0.0737,0.6760,0.7580,,0.0820,,20.32,-9.81,179.5,178.8,1.039,0.220,1.801
1791426194.524101,0.4998,0.8767,0.6350,0.5695,0.6350,0.7006,0.8440,0.4998,0.5695,0.1966,0.1966,0.5695,0.4998,0.1229,0.0246,0.0574,0.0737,0.6760,0.7585,,0.0825,,20.51,-9.85,179.3,179.0,1.052,0.218,
1791426194.5569003,0.4998,0.6350,0.5695,0.7006,0.6350,0.7538,0.8440,0.6350,0.5695,0.5695,0.4302,0.4998,0.4998,0.0369,0.0246,0.0369,0.0574,0.6760,0.7570,,0.0810,,20.54,-9.84,179.7,178.6,1.056,0.217,1.806
1791426194.591126,0.4302,0.2991,0.6350,0.7538,0.6350,0.4998,0.7006,0.5695,0.2991,0.2458,0.1966,0.4302,0.4998,0.0574,0.0410,0.0942,0.0737,0.6800,0.7595,,0.0795,,20.49,-9.84,179.0,178.5,1.089,0.217,
1791426194.6237717,0.8030,0.9423,0.6350,0.7538,0.6350,0.7006,0.8030,0.5695,0.7006,0.1229,0.4998,0.4998,0.5695,0.0737,0.0737,0.1557,0.0737,0.6760,0.7575,,0.0815,,20.64,-9.95,179.9,177.7,0.997,0.216,1.752
1791426194.6567307,0.6350,0.6350,0.8030,0.8030,0.6350,0.8440,0.5695,0.4998,0.4302,0.4998,0.1966,0.4998,0.4302,0.1229,0.0574,0.1229,0.0942,0.6760,0.7625,,0.0865,,20.97,-9.92,179.4,178.0,1.137,0.215,1.945
1791426194.690822,0.6350,0.9259,0.7006,0.6350,0.7006,0.4998,0.7538,0.5695,0.4998,0.4302,0.4998,0.4998,0.4302,0.0574,0.0410,0.0410,0.0574,0.6760,0.7610,,0.0850,,21.26,-9.96,179.2,177.2,1.080,0.213,1.798
1791426194.7301874,0.4302,0.8767,0.7538,0.4998,0.5695,0.5695,0.7538,0.3646,0.4998,0.5695,0.4302,0.5695,0.4998,0.0574,0.0942,0.1229,0.0737,0.6760,0.7525,,0.0765,,21.21,-9.82,177.4,177.3,1.051,0.210,1.789
1791426194.7615488,0.6350,0.8030,0.7006,0.7538,0.5695,0.6350,0.8030,0.7538,0.4998,0.5695,0.2991,0.4998,0.4302,0.0574,0.0574,0.1229,0.0737,0.6760,0.7610,,0.0850,,21.45,-9.94,178.4,177.4,1.047,0.209,1.879
1791426194.7938418,0.5695,0.6350,0.8030,0.4302,0.6350,0.7538,0.7538,0.5695,0.4302,0.2458,0.1966,0.5695,0.4998,0.0369,0.0410,0.0410,0.0574,0.6760,0.7585,,0.0825,,20.90,-9.81,179.2,177.1,1.132,0.215,
1791426194.82583,0.7538,0.9423,0.5695,0.4998,0.4998,0.7006,0.7006,0.7006,0.5695,0.4302,0.1557,0.4998,0.5695,0.0574,0.0574,0.0942,0.0574,0.6760,0.7615,,0.0855,,20.86,-9.84,180.0,177.1,1.103,0.218,1.952
1791426194.8578706,0.6350,0.8440,0.7538,0.5695,0.6350,0.7006,0.8440,0.4302,0.6350,0.1229,0.3646,0.4998,0.4998,0.0369,0.0942,0.0369,0.0737,0.6760,0.7585,,0.0825,,20.82,-9.80,179.6,177.4,1.098,0.218,1.847
1791426194.8905203,0.4998,0.7006,0.6350,0.7006,0.3646,0.7006,0.8030,0.7006,0.4998,0.4998,0.5695,0.4302,0.4302,0.0737,0.0737,0.1229,0.0737,0.6760,0.7580,,0.0820,,20.83,,179.7,178.2,1.025,0.217,1.855
1791426194.9239478,0.7006,0.9054,0.4302,0.4998,0.5695,0.5695,0.7538,0.6350,0.5695,0.4998,0.2991,0.5695,0.4302,0.0369,0.0246,0.1557,0.0574,0.6760,0.7600,,0.0840,,20.90,,179.2,178.1,1.075,0.217,1.886
1791426194.9575949,0.5695,0.8030,0.7538,0.7538,0.7538,0.5695,0.7538,0.6350,0.6350,0.1229,0.4998,0.5695,0.4998,0.0369,0.0205,0.0942,0.0410,0.6760,0.7605,,0.0845,,21.01,,179.7,177.9,1.118,0.217,1.912
1791426194.991522,0.4998,0.7538,0.5695,0.4302,0.4302,0.7538,0.7538,0.6350,0.5695,0.1966,0.6350,0.6350,0.4998,0.0369,0.0942,0.1229,0.0574,0.6800,0.7565,,0.0765,,20.53,,179.2,178.2,1.103,0.219,1.913
1791426195.0317793,0.5695,0.9259,0.5695,0.6350,0.6350,0.7538,0.8767,0.5695,0.4302,0.1557,0.4302,0.5695,0.4302,0.0574,0.0574,0.0737,0.0737,0.6760,0.7645,,0.0885,,21.19,,178.9,179.1,1.030,0.215,1.824
1791426195.0641453,0.7538,0.9054,0.4998,0.5695,0.4998,0.7538,0.8440,0.4998,0.4302,0.3646,0.4998,0.4998,0.4998,0.0369,0.0369,0.0574,0.0737,0.6800,0.7605,,0.0805,,21.05,,178.8,178.5,1.137,0.215,1.800
1791426195.0954635,0.4302,0.8030,0.5695,0.6350,0.7006,0.6350,0.7538,0.7006,0.7006,0.4302,0.3646,0.6350,0.4998,0.0410,0.0410,0.0737,0.0410,0.6800,0.7605,,0.0805,,20.92,,178.7,177.7,1.152,0.215,1.912
1791426195.1280866,0.5695,0.7006,0.9259,0.6350,0.5695,0.5695,0.7538,0.5695,0.4302,0.4302,0.3646,0.6350,0.4998,0.0410,0.0410,0.0942,0.0942,0.6760,0.7605,,0.0845,,20.96,,178.4,177.5,1.103,0.216,1.843
1791426195.1584597,0.7006,0.9054,0.8440,0.5695,0.4998,0.4998,0.7006,0.7006,0.6350,0.1966,0.2458,0.4302,0.4998,0.0410,0.0574,0.1966,0.0574,0.6800,0.7585,,0.0785,,20.94,,178.6,177.9,1.085,0.214,
1791426195.1909397,0.4998,0.6350,0.7006,0.5695,0.3646,0.7538,0.7006,0.6350,0.7538,0.2458,0.4998,0.5695,0.5695,0.0410,0.0410,0.0737,0.0574,0.6800,0.7605,0.6810,0.0805,-0.0795,20.93,-9.88,179.0,177.6,1.104,0.213,1.815
1791426195.22437,0.6350,0.9259,0.7006,0.5695,0.4998,0.7006,0.8030,0.4998,0.6350,0.3646,0.2458,0.4998,0.4998,0.0410,0.0737,0.0737,0.0410,0.6800,0.7635,,0.0835,,20.89,-9.77,178.6,178.0,1.214,0.215,2.065
1791426195.2579772,0.6350,0.8030,0.8440,0.7006,0.4998,0.8030,0.8030,0.4998,0.2991,0.3646,0.3646,0.4998,0.4302,0.0737,0.0246,0.1229,0.0369,0.6760,0.7595,,0.0835,,21.06,-9.83,178.5,177.5,1.071,0.214,1.783
1791426195.2920613,0.6350,0.7006,0.8030,0.5695,0.4302,0.6350,0.7006,0.7006,0.4998,0.1966,0.4998,0.4998,0.5695,0.0574,0.0574,0.0737,0.0410,0.6800,0.7560,,0.0760,,20.72,-9.68,178.5,177.0,1.132,0.214,1.884
1791426195.3248336,0.4998,0.7006,0.5695,0.6350,0.3646,0.6350,0.8030,0.5695,0.6350,0.4998,0.5695,0.5695,0.4998,0.0737,0.0410,0.0737,0.0737,0.6760,0.7555,,0.0795,,20.26,-9.47,178.6,176.8,1.183,0.219,1.968
1791426195.3653157,0.7538,0.8030,0.7538,0.5695,0.4302,0.6350,0.8440,0.5695,0.5695,0.2458,0.1966,0.4998,0.5695,0.0410,0.0574,0.0942,0.0574,0.6760,0.7645,,0.0885,,20.52,-9.53,178.2,177.2,1.176,0.220,
1791426195.3988786,0.6350,0.7006,0.7538,0.6350,0.4302,0.6350,0.7006,0.4998,0.4302,0.2458,0.3646,0.6350,0.5695,0.0410,0.0574,0.1229,0.0574,0.6830,0.7615,0.6840,0.0785,-0.0775,20.68,-9.72,179.7,177.6,1.041,0.216,1.710
1791426195.4292402,0.4998,0.9587,0.7006,0.6350,0.4998,0.7006,0.7538,0.4998,0.4998,0.1966,0.4302,0.5695,0.4998,0.0369,0.0574,0.0737,0.0410,0.6760,0.7630,,0.0870,,21.25,-9.89,179.2,177.7,1.060,0.212,1.759
1791426195.4615467,0.7006,0.4998,0.7538,0.6350,0.4998,0.5695,0.7538,0.6350,0.5695,0.1229,0.4998,0.6350,0.4998,0.0574,0.0205,0.1557,0.0574,0.6760,0.7550,,0.0790,,20.83,-9.80,179.7,176.8,1.079,0.215,1.830
1791426195.4925663,0.7006,0.8030,0.8440,0.8030,0.5695,0.8030,0.8440,0.6350,0.5695,0.1229,0.3646,0.4998,0.4998,0.0410,0.0574,0.1229,0.0737,0.6800,0.7605,,0.0805,,20.50,-9.76,178.9,176.2,1.137,0.218,1.962
1791426195.5256243,0.5695,0.7006,0.7006,0.5695,0.4998,0.7006,0.8030,0.5695,0.5695,0.2991,0.2991,0.5695,0.5695,0.0574,0.0246,0.0737,0.0574,0.6790,0.7565,0.6820,0.0775,-0.0745,20.51,-9.90,178.3,177.0,1.001,0.216,
1791426195.559256,0.5695,0.4998,0.7006,0.4998,0.4998,0.7538,0.7538,0.7006,0.4998,0.1966,0.3646,0.5695,0.4998,0.0369,0.0369,0.0123,0.0410,0.6760,0.7595,,0.0835,,20.78,-9.87,178.3,177.0,1.109,0.214,1.841
1791426195.5918756,0.6350,0.7538,0.6350,0.5695,0.4302,0.7538,0.8440,0.7006,0.5695,0.1557,0.1966,0.4998,0.4302,0.0369,0.0369,0.0574,0.0410,0.6760,0.7595,,0.0835,,21.12,-9.99,178.1,176.8,1.031,0.212,
1791426195.6256273,0.7538,0.8767,0.8440,0.6350,0.6350,0.8030,0.7006,0.6350,0.6350,0.4302,0.2991,0.4998,0.4302,0.0737,0.0942,0.0737,0.0410,0.6760,0.7610,,0.0850,,20.97,-9.84,179.3,177.1,1.189,0.215,2.102
1791426195.665829,0.7538,0.8440,0.7006,0.6350,0.4998,0.6350,0.6350,0.6350,0.4302,0.2458,0.4998,0.6350,0.4998,0.0410,0.0410,0.1557,0.0574,0.6760,0.7625,,0.0865,,21.23,-9.86,179.8,177.3,1.127,0.214,1.912
1791426195.6981018,0.5695,0.6350,0.7538,0.7538,0.7006,0.7006,0.7006,0.3646,0.6350,0.5695,0.4302,0.5695,0.4998,0.0574,0.0737,0.0942,0.0737,0.6760,0.7565,,0.0805,,20.82,-9.80,179.6,177.2,1.089,0.217,1.944
1791426195.7295413,0.6350,0.6350,0.5695,0.5695,0.3646,0.6350,0.7006,0.6350,0.4998,0.4998,0.4998,0.5695,0.5695,0.0369,0.0737,0.0410,0.0942,0.6760,0.7595,0.6810,0.0835,-0.0785,21.07,-9.88,179.4,176.4,1.094,0.215,1.774
1791426195.7613864,0.4302,0.9423,0.8030,0.4302,0.4998,0.7006,0.5695,0.5695,0.4998,0.1557,0.2991,0.4998,0.4998,0.0410,0.0246,0.0737,0.0574,0.6790,0.7570,,0.0780,,20.92,-9.85,179.1,177.0,1.082,0.214,
1791426195.7938735,0.4302,0.7006,0.7538,0.7006,0.4302,0.4998,0.8440,0.5695,0.4998,0.2458,0.2458,0.5695,0.4998,0.0410,0.0574,0.1229,0.0942,0.6760,0.7595,,0.0835,,20.81,-9.93,179.6,178.9,1.060,0.216,
1791426195.8262792,0.5695,0.8767,0.4998,0.5695,0.7538,0.8030,0.8030,0.6350,0.7538,0.4302,0.2991,0.5695,0.4998,0.0737,0.0410,0.1557,0.1557,0.6790,0.7565,,0.0775,,20.42,-9.82,179.9,179.3,1.113,0.218,1.908
1791426195.858802,0.6350,0.8440,0.4302,0.5695,0.6350,0.7538,0.7006,0.5695,0.4998,0.1966,0.4998,0.5695,0.4998,0.0369,0.0737,0.0205,0.0737,0.6760,0.7595,,0.0835,,20.55,-9.79,179.6,178.4,1.127,0.218,1.821
1791426195.8921835,0.7538,0.8440,0.5695,0.7006,0.5695,0.7538,0.7006,0.5695,0.5695,0.2458,0.3646,0.4302,0.4998,0.0574,0.0737,0.1229,0.0737,0.6760,0.7565,,0.0805,,20.28,-9.76,179.4,178.5,1.083,0.220,1.877
1791426195.9255204,0.4302,0.7006,0.4998,0.7538,0.5695,0.7006,0.7538,0.5695,0.5695,0.4998,0.2458,0.5695,0.4998,0.0737,0.0410,0.0737,0.1229,0.6760,0.7610,,0.0850,,20.38,-9.71,180.0,179.1,1.167,0.221,2.005
1791426195.9599547,0.5695,0.7538,0.5695,0.6350,0.4998,0.6350,0.7538,0.5695,0.4998,0.4302,0.1557,0.4302,0.4302,0.0369,0.0574,0.0410,0.0737,0.6760,0.7530,,0.0770,,20.66,-9.78,176.6,179.6,0.984,0.215,1.676
1791426195.9996154,0.7006,0.8030,0.6350,0.7006,0.4998,0.6350,0.7538,0.5695,0.6350,0.3646,0.1966,0.5695,0.4998,0.0369,0.0410,0.0574,0.0737,0.6760,0.7590,,0.0830,,20.65,-9.64,177.7,179.2,1.187,0.216,1.954
1791426196.031908,0.7006,0.2991,0.4998,0.5695,0.7006,0.6350,0.7006,0.4998,0.2991,0.3646,0.7006,0.4998,0.4302,0.0369,0.0410,0.0410,0.0737,0.6760,0.7585,,0.0825,,20.75,-9.83,178.5,178.7,1.009,0.216,1.748
1791426196.0621614,0.7006,0.7538,0.7006,0.7538,0.7006,0.7538,0.7006,0.7538,0.5695,0.3646,0.3646,0.4998,0.4998,0.0369,0.0369,0.0942,0.0574,0.6760,0.7605,,0.0845,,20.93,-9.79,179.4,178.7,1.142,0.215,1.836
1791426196.0952814,0.7006,0.7538,0.7538,0.5695,0.5695,0.7006,0.4302,0.7006,0.4998,0.4998,0.1966,0.4302,0.4998,0.0369,0.0737,0.0574,0.0574,0.6760,0.7610,,0.0850,,20.96,-9.75,180.0,177.8,1.157,0.216,2.028
1791426196.1259887,0.6350,0.9259,0.5695,0.8030,0.5695,0.7006,0.7006,0.4998,0.4998,0.4302,0.6350,0.4998,0.4998,0.0737,0.0574,0.1557,0.0737,0.6790,0.7585,,0.0795,,20.93,-9.75,179.4,178.0,1.103,0.215,1.861
1791426196.1593318,0.6350,0.7538,0.7006,0.5695,0.7006,0.7006,0.7006,0.5695,0.3646,0.7006,0.1557,0.5695,0.4998,0.0574,0.0410,0.1229,0.0574,0.6760,0.7595,,0.0835,,21.28,-9.91,179.8,177.8,1.022,0.212,1.830
1791426196.1924396,0.4998,0.7006,0.6350,0.4998,0.4998,0.8030,0.8030,0.4302,0.4998,0.1966,0.2458,0.6350,0.4998,0.0410,0.0369,0.0737,0.0574,0.6760,0.7605,,0.0845,,21.28,-9.88,179.3,177.3,1.132,0.213,
1791426196.226095,0.6350,0.9259,0.8030,0.7538,0.4302,0.6350,0.7006,0.6350,0.5695,0.4302,0.2991,0.4998,0.3646,0.0410,0.0574,0.0574,0.0369,0.6760,0.7595,,0.0835,,21.21,-9.91,179.2,176.4,1.083,0.214,1.949
1791426196.2593544,0.7006,0.9054,0.8030,0.4302,0.6350,0.7006,0.7538,0.6350,0.3646,0.1966,0.4998,0.4998,0.4998,0.0369,0.0574,0.0574,0.0574,0.6760,0.7575,,0.0815,,21.09,,179.3,176.4,1.136,0.214,1.885
1791426196.2997568,0.5695,0.7538,0.5695,0.7006,0.6350,0.7006,0.7006,0.7538,0.4998,0.5695,0.3646,0.6350,0.4302,0.0737,0.0737,0.0410,0.0574,0.6760,0.7590,,0.0830,,20.93,,178.8,177.2,1.117,0.216,1.877
1791426196.3319726,0.6350,0.7538,0.8767,0.5695,0.4998,0.5695,0.6350,0.6350,0.5695,0.2991,0.2991,0.5695,0.4302,0.0369,0.0574,0.1557,0.0737,0.6760,0.7590,,0.0830,,20.62,,179.5,177.6,1.102,0.220,
1791426196.364466,0.7006,0.8030,0.4998,0.8030,0.5695,0.7006,0.7538,0.6350,0.4998,0.6350,0.3646,0.5695,0.4302,0.0737,0.0574,0.1557,0.0574,0.6760,0.7600,,0.0840,,20.67,,178.9,178.6,1.157,0.220,1.884
1791426196.3951936,0.6350,0.7006,0.4302,0.5695,0.5695,0.8767,0.7538,0.1557,0.3646,0.1966,0.1966,0.5695,0.4998,0.0369,0.0369,0.0737,0.0942,0.6760,0.7580,,0.0820,,20.77,,179.7,178.7,1.085,0.218,
1791426196.4275422,0.7006,0.8030,0.5695,0.7006,0.6350,0.7006,0.8030,0.4998,0.5695,0.1229,0.4998,0.5695,0.4998,0.0574,0.0737,0.1229,0.0942,0.6790,0.7620,,0.0830,,20.78,,178.9,179.2,1.127,0.218,1.887
1791426196.459422,0.5695,0.7538,0.5695,0.4998,0.5695,0.7006,0.6350,0.7006,0.6350,0.2458,0.4998,0.4302,0.3646,0.0942,0.0574,0.0410,0.0205,0.6760,0.7565,,0.0805,,20.57,,178.9,179.2,1.045,0.220,1.861
1791426196.4930508,0.7538,0.8030,0.6350,0.7006,0.6350,0.7006,0.8030,0.7006,0.3646,0.4998,0.1229,0.4998,0.4302,0.0737,0.0574,0.0737,0.0737,0.6760,0.7580,,0.0820,,20.63,,179.5,179.6,1.084,0.219,1.900
1791426196.526648,0.4302,0.7538,0.7538,0.7006,0.4998,0.5695,0.6350,0.2458,0.7006,0.4998,0.4302,0.5695,0.4998,0.0574,0.0410,0.0737,0.0737,0.6820,0.7575,,0.0755,,20.43,,179.6,179.6,1.036,0.217,1.726
1791426196.5600984,0.4302,0.6350,0.7006,0.5695,0.4998,0.4998,0.7538,0.5695,0.3646,0.2458,0.3646,0.4998,0.4998,0.0574,0.0410,0.0942,0.0369,0.6760,0.7575,,0.0815,,20.20,,179.4,179.1,1.193,0.220,2.032
1791426196.6003664,0.4998,0.9259,0.5695,0.5695,0.4302,0.7538,0.6350,0.7006,0.6350,0.2991,0.3646,0.5695,0.5695,0.0410,0.0574,0.0410,0.0574,0.6790,0.7595,0.6800,0.0805,-0.0795,20.04,-9.78,179.9,178.3,1.108,0.222,1.814
1791426196.6317677,0.7538,0.9259,0.4998,0.6350,0.5695,0.7538,0.8030,0.6350,0.6350,0.2991,0.2458,0.4998,0.1966,0.0737,0.0574,0.0737,0.0369,0.6790,0.7670,,0.0880,,20.35,-9.92,179.3,178.2,,0.222,
1791426196.6634479,0.6350,0.8767,0.7006,0.4302,0.6350,0.4998,0.7006,0.7006,0.6350,0.2458,0.3646,0.4998,0.4998,0.0574,0.0574,0.0410,0.0942,0.6760,0.7625,,0.0865,,20.76,-9.99,179.2,177.5,1.108,0.219,1.798
1791426196.695905,0.5695,0.7538,0.3646,0.5695,0.4302,0.7006,0.8440,0.5695,0.2458,0.2991,0.3646,0.5695,0.5695,0.0574,0.0574,0.0942,0.0574,0.6790,0.7615,0.6780,0.0825,-0.0835,20.97,-10.09,179.9,178.0,1.127,0.217,1.831
1791426196.7270296,0.8440,0.7538,0.4302,0.6350,0.6350,0.7538,0.7006,0.5695,0.5695,0.2458,0.2991,0.4998,0.4998,0.0942,0.0574,0.0737,0.0942,0.6760,0.7605,,0.0845,,21.00,-10.05,179.2,177.4,1.132,0.217,
1791426196.7603276,0.8030,0.8030,0.3646,0.5695,0.6350,0.5695,0.8030,0.5695,0.4998,0.3646,0.2991,0.6350,0.4998,0.0942,0.0369,0.0942,0.0574,0.6760,0.7630,,0.0870,,21.40,-10.20,179.9,177.3,1.067,0.215,1.849
1791426196.7928972,0.4302,0.6350,0.7006,0.4998,0.4302,0.8030,0.8030,0.4998,0.5695,0.1966,0.5695,0.4998,0.4998,0.0369,0.0410,0.0942,0.0574,0.6760,0.7595,,0.0835,,21.40,-10.20,179.5,177.0,1.086,0.214,1.793
1791426196.8269978,0.7006,0.6350,0.7538,0.5695,0.5695,0.7538,0.9054,0.6350,0.4998,0.3646,0.4998,0.6350,0.4998,0.0574,0.0942,0.0574,0.0410,0.6760,0.7590,,0.0830,,21.37,-10.24,179.7,177.6,1.057,0.214,1.826
1791426196.8605714,0.6350,0.8440,0.8440,0.5695,0.3646,0.7006,0.7006,0.6350,0.4998,0.4998,0.4302,0.4302,0.3646,0.0410,0.0737,0.0574,0.0574,0.6760,0.7605,,0.0845,,21.22,-10.22,179.0,177.4,1.107,0.216,1.903
1791426196.9016905,0.7538,0.4302,0.8030,0.5695,0.6350,0.6350,0.7538,0.6350,0.5695,0.4998,0.2991,0.5695,0.4302,0.0574,0.0369,0.1229,0.0737,0.6760,0.7580,,0.0820,,21.15,-10.19,178.7,179.5,1.080,0.216,1.900
1791426196.9333434,0.6350,0.8440,0.7006,0.5695,0.3646,0.8030,0.7006,0.5695,0.4302,0.4998,0.4302,0.4302,0.4302,0.0737,0.0369,0.0205,0.0369,0.6760,0.7585,,0.0825,,21.11,-10.36,178.3,179.7,0.981,0.216,1.709
1791426196.9638586,0.4302,0.7006,0.6350,0.4998,0.4998,0.7538,0.7006,0.6350,0.3646,0.2458,0.6350,0.5695,0.5695,0.0369,0.0737,0.0737,0.0942,0.6790,0.7600,0.6850,0.0810,-0.0750,21.08,-10.25,179.0,178.9,1.085,0.215,1.783
1791426196.995932,0.7538,0.8030,0.8030,0.4998,0.2991,0.8030,0.7538,0.6350,0.5695,0.2991,0.4998,0.4998,0.4302,0.0246,0.0942,0.0942,0.0574,0.6790,0.7605,,0.0815,,20.78,-10.06,179.5,178.4,1.189,0.218,1.944
1791426197.0273051,0.4998,0.8767,0.5695,0.6350,0.4998,0.8030,0.8030,0.4998,0.5695,0.4998,0.2991,0.4302,0.4302,0.0737,0.0369,0.0942,0.0942,0.6790,0.7615,,0.0825,,20.62,-10.12,179.0,178.7,1.083,0.219,1.977
1791426197.0601737,0.4998,0.7006,0.7006,0.7006,0.3646,0.4998,0.7006,0.7006,0.4998,0.1229,0.4302,0.4998,0.4998,0.0942,0.0737,0.0942,0.0737,0.6760,0.7650,,0.0890,,21.35,-10.36,179.7,177.6,1.031,0.215,1.708
1791426197.094111,0.4302,0.9259,0.7006,0.7006,0.5695,0.5695,0.8030,0.7006,0.4302,0.1557,0.3646,0.4998,0.5695,0.0205,0.0737,0.1229,0.0410,0.6760,0.7600,,0.0840,,21.63,-10.48,179.7,177.2,1.002,0.212,1.705
1791426197.126866,0.5695,0.7006,0.8030,0.4998,0.4998,0.8767,0.8030,0.7538,0.5695,0.1557,0.3646,0.4998,0.4998,0.0574,0.0737,0.0737,0.0410,0.6760,0.7620,,0.0860,,21.53,-10.34,179.0,179.3,1.151,0.214,1.911
1791426197.1609154,0.7538,0.8440,0.8440,0.5695,0.5695,0.6350,0.5695,0.4998,0.5695,0.1966,0.1966,0.4998,0.5695,0.0410,0.0574,0.0410,0.0574,0.6790,0.7585,,0.0795,,21.45,-10.30,178.9,178.8,1.072,0.212,
1791426197.2015653,0.6350,0.8440,0.5695,0.5695,0.4998,0.6350,0.7006,0.7006,0.6350,0.5695,0.1966,0.5695,0.4998,0.0410,0.0574,0.0369,0.0574,0.6760,0.7590,,0.0830,,21.10,-10.20,179.2,178.4,1.113,0.216,1.979
1791426197.2338603,0.7538,0.9054,0.6350,0.5695,0.4998,0.5695,0.7006,0.5695,0.4998,0.2458,0.1966,0.4998,0.4302,0.0942,0.0942,0.0942,0.0574,0.6760,0.7665,,0.0905,,21.36,-10.17,180.0,177.3,1.188,0.217,
1791426197.2660224,0.7006,0.7006,0.5695,0.7538,0.6350,0.7538,0.7538,0.4302,0.3646,0.4302,0.4998,0.4302,0.4998,0.0574,0.0737,0.0574,0.0737,0.6760,0.7600,,0.0840,,21.59,-10.16,179.6,177.0,1.089,0.214,1.744
1791426197.299587,0.5695,0.7538,0.7006,0.7538,0.5695,0.7538,0.8440,0.6350,0.5695,0.0942,0.3646,0.4302,0.4998,0.0574,0.0369,0.0574,0.0737,0.6760,0.7545,,0.0785,,21.61,-10.01,175.1,176.0,1.096,0.210,1.693
1791426197.3387766,0.7538,0.7006,0.5695,0.7006,0.6350,0.7006,0.8030,0.5695,0.5695,0.2991,0.4302,0.5695,0.5695,0.0574,0.0737,0.0737,0.0942,0.6760,0.7610,0.6880,0.0850,-0.0730,21.68,-9.84,176.8,175.3,1.131,0.210,1.851
1791426197.3710263,0.4302,0.8030,0.7538,0.5695,0.5695,0.5695,0.7538,0.4998,0.6350,0.2991,0.1966,0.5695,0.4998,0.0574,0.0205,0.1966,0.0410,0.6790,0.7575,,0.0785,,21.46,-9.81,177.9,174.4,1.084,0.210,
1791426197.401505,0.7006,0.7538,0.7006,0.4998,0.4998,0.7006,0.8030,0.4998,0.6350,0.5695,0.3646,0.5695,0.4998,0.0410,0.0574,0.0574,0.0942,0.6760,0.7585,,0.0825,,21.12,-9.76,178.3,173.4,1.118,0.214,1.820
1791426197.4321692,0.4302,0.8767,0.7006,0.5695,0.5695,0.8030,0.8440,0.7538,0.6350,0.1966,0.1966,0.5695,0.4998,0.0369,0.0246,0.0942,0.0410,0.6790,0.7560,,0.0770,,21.00,-9.78,178.9,173.5,1.043,0.212,
1791426197.4638534,0.5695,0.5695,0.7006,0.7006,0.4998,0.7538,0.8030,0.2991,0.4998,0.2458,0.4302,0.6350,0.4302,0.0574,0.0410,0.1229,0.0574,0.6790,0.7605,,0.0815,,20.92,-9.80,179.9,173.7,1.113,0.213,1.863
1791426197.4960444,0.7538,0.7538,0.8030,0.5695,0.7006,0.7006,0.7538,0.4998,0.5695,0.3646,0.1557,0.4302,0.3646,0.0410,0.0737,0.0574,0.0410,0.6760,0.7625,,0.0865,,21.25,-9.99,179.5,174.5,1.039,0.212,1.803
1791426197.528623,0.4998,0.8030,0.6350,0.6350,0.5695,0.7006,0.6350,0.2458,0.4998,0.1966,0.5695,0.5695,0.5695,0.0574,0.0369,0.1229,0.0574,0.6760,0.7620,0.6840,0.0860,-0.0780,21.44,-10.00,179.2,174.8,1.098,0.212,1.820
1791426197.5606565,0.6350,0.7538,0.7538,0.5695,0.4998,0.4998,0.8030,0.4998,0.4998,0.1229,0.1966,0.4998,0.3646,0.0369,0.0737,0.0737,0.0205,0.6790,0.7620,,0.0830,,21.42,-9.95,178.7,174.9,1.142,0.212,
1791426197.594937,0.4998,0.6350,0.7006,0.5695,0.5695,0.7538,0.7538,0.5695,0.3646,0.1229,0.4998,0.4998,0.4302,0.0737,0.0737,0.1229,0.0369,0.6790,0.7570,,0.0780,,20.98,-9.92,179.6,175.6,1.066,0.214,1.798
1791426197.6280797,0.7006,0.8030,0.7538,0.6350,0.5695,0.6350,0.7006,0.4998,0.4302,0.1966,0.2991,0.4998,0.5695,0.0574,0.0737,0.0737,0.0737,0.6760,0.7605,,0.0845,,20.88,-9.85,179.0,175.3,1.142,0.217,
1791426197.6620932,0.5695,0.8030,0.8767,0.5695,0.4302,0.4998,0.8030,0.7006,0.5695,0.4998,0.4998,0.6350,0.5695,0.0737,0.0410,0.1229,0.0942,0.6760,0.7620,0.6830,0.0860,-0.0790,21.16,-9.93,178.6,175.5,1.090,0.215,1.793
1791426197.7014663,0.7006,0.8767,0.6350,0.5695,0.4998,0.6350,0.6350,0.7006,0.4998,0.5695,0.1966,0.5695,0.5695,0.0410,0.0369,0.0410,0.0369,0.6790,0.7575,0.6770,0.0785,-0.0805,20.67,-9.85,178.6,174.8,1.199,0.218,2.057
1791426197.733837,0.5695,0.8030,0.6350,0.4998,0.6350,0.7006,0.8440,0.6350,0.3646,0.1557,0.6350,0.4998,0.4302,0.0369,0.0574,0.0737,0.0410,0.6760,0.7650,,0.0890,,20.97,-9.95,178.6,176.3,1.136,0.218,1.953
1791426197.765368,0.6350,0.6350,0.7006,0.6350,0.4998,0.7006,0.7538,0.5695,0.4302,0.1557,0.2458,0.4302,0.4998,0.0737,0.0737,0.0164,0.0410,0.6760,0.7590,,0.0830,,21.10,-9.98,179.8,176.2,1.078,0.216,
1791426197.796539,0.7006,0.8767,0.7006,0.4998,0.4998,0.8030,0.7006,0.4302,0.4998,0.2458,0.1966,0.5695,0.4998,0.0410,0.0369,0.0942,0.0410,0.6760,0.7650,,0.0890,,21.42,-10.10,178.8,176.2,1.112,0.216,
1791426197.8276558,0.8030,0.8440,0.6350,0.7538,0.6350,0.6350,0.8030,0.5695,0.6350,0.1966,0.3646,0.4998,0.4998,0.0942,0.0737,0.0942,0.0574,0.6760,0.7605,,0.0845,,21.65,-10.25,177.9,176.9,1.015,0.213,1.775
1791426197.8611782,0.6350,0.8440,0.7006,0.6350,0.4302,0.7006,0.7006,0.3646,0.4998,0.2991,0.3646,0.5695,0.4998,0.0369,0.0574,0.1229,0.0574,0.6760,0.7580,,0.0820,,21.42,-10.21,178.1,176.6,1.070,0.214,1.814
1791426197.8944542,0.7006,0.8030,0.5695,0.5695,0.4302,0.5695,0.7538,0.6350,0.4998,0.4302,0.2991,0.4998,0.5695,0.0737,0.0737,0.1557,0.0942,0.6760,0.7600,,0.0840,,21.30,-10.20,179.0,176.1,1.089,0.216,1.945
1791426197.9288151,0.4998,0.7538,0.6350,0.6350,0.4998,0.5695,0.8440,0.3646,0.6350,0.1966,0.2458,0.4998,0.5695,0.0737,0.0574,0.1229,0.0737,0.6790,0.7585,,0.0795,,21.17,-10.24,177.6,176.9,1.039,0.215,
1791426197.9685547,0.6350,0.8440,0.4998,0.7006,0.6350,0.6350,0.7538,0.7006,0.5695,0.2458,0.4302,0.4998,0.4302,0.0246,0.0737,0.0574,0.0574,0.6760,0.7595,,0.0835,,21.33,-10.36,178.3,178.6,1.009,0.213,1.803
1791426198.001531,0.6350,0.7006,0.8030,0.5695,0.7006,0.5695,0.7006,0.7006,0.5695,0.3646,0.2991,0.6350,0.4998,0.0574,0.0574,0.1557,0.0942,0.6760,0.7600,,0.0840,,21.47,-10.32,179.3,179.2,1.085,0.212,1.874
1791426198.0327961,0.4302,0.7538,0.6350,0.7006,0.4302,0.7538,0.7006,0.6350,0.2991,0.1966,0.1229,0.5695,0.4998,0.0574,0.0205,0.1229,0.0942,0.6790,0.7620,,0.0830,,21.56,-10.39,178.2,179.3,1.059,0.211,
1791426198.0627656,0.6350,0.9259,0.7006,0.7538,0.5695,0.7006,0.7538,0.6350,0.5695,0.1229,0.1557,0.6350,0.4998,0.0574,0.0369,0.0942,0.0205,0.6760,0.7605,,0.0845,,21.29,-10.20,177.9,179.2,1.172,0.214,
1791426198.095885,0.8030,0.7538,0.8030,0.8030,0.5695,0.5695,0.6350,0.4998,0.3646,0.1966,0.4302,0.4998,0.4302,0.0942,0.0737,0.0942,0.0942,0.6760,0.7610,,0.0850,,21.42,-10.29,178.8,179.6,1.046,0.214,1.748
1791426198.1282904,0.6350,0.8030,0.8030,0.3646,0.5695,0.7538,0.7538,0.5695,0.5695,0.2991,0.2991,0.4998,0.5695,0.0410,0.0246,0.0942,0.0410,0.6790,0.7610,,0.0820,,21.24,-10.29,179.1,178.9,1.088,0.215,
1791426198.161701,0.8030,0.8030,0.8030,0.5695,0.6350,0.6350,0.8767,0.4998,0.3646,0.3646,0.2458,0.5695,0.4302,0.0369,0.0369,0.0942,0.0574,0.6760,0.7575,,0.0815,,21.18,-10.29,179.5,178.0,1.039,0.214,1.817
1791426198.1961944,0.5695,0.7538,0.8030,0.6350,0.4998,0.7006,0.7538,0.6350,0.5695,0.1229,0.1966,0.4998,0.5695,0.0737,0.0410,0.0942,0.0369,0.6760,0.7590,,0.0830,,21.47,-10.41,178.9,176.6,0.994,0.211,
1791426198.237447,0.7006,0.4302,0.5695,0.4998,0.7006,0.6350,0.8440,0.5695,0.5695,0.1229,0.1229,0.4998,0.4998,0.0574,0.0410,0.1229,0.0574,0.6760,0.7585,,0.0825,,21.06,,178.3,177.1,1.078,0.215,
1791426198.2694259,0.7006,0.7006,0.7006,0.7006,0.5695,0.6350,0.8440,0.6350,0.4998,0.3646,0.1966,0.4998,0.4998,0.0737,0.0737,0.0574,0.0574,0.6760,0.7675,,0.0915,,21.52,,179.4,177.2,1.146,0.215,1.952
1791426198.3006115,0.7538,0.9259,0.7538,0.5695,0.4998,0.6350,0.6350,0.4998,0.3646,0.1229,0.1557,0.4302,0.3646,0.0737,0.1229,0.1229,0.0942,0.6760,0.7560,,0.0800,,21.06,,178.1,178.0,1.115,0.217,
1791426198.331491,0.8030,0.7006,0.7006,0.4998,0.3646,0.7538,0.8030,0.7006,0.5695,0.1966,0.3646,0.5695,0.4998,0.0410,0.0574,0.0574,0.1229,0.6760,0.7515,,0.0755,,20.81,,174.2,177.7,1.041,0.216,1.740
1791426198.363518,0.7538,0.8440,0.7538,0.6350,0.7006,0.6350,0.8030,0.7006,0.4302,0.1557,0.6350,0.5695,0.4998,0.0369,0.0410,0.0737,0.0737,0.6760,0.7575,,0.0815,,21.04,,174.6,178.3,0.988,0.213,1.712
1791426198.3953695,0.4302,0.8767,0.7538,0.5695,0.4998,0.6350,0.8030,0.4998,0.5695,0.1966,0.2458,0.4998,0.4998,0.0410,0.0410,0.0737,0.0942,0.6790,0.7560,,0.0770,,20.95,,175.5,177.5,1.017,0.212,
1791426198.428723,0.7538,0.5695,0.6350,0.5695,0.7006,0.5695,0.8030,0.5695,0.5695,0.5695,0.2991,0.5695,0.4302,0.0410,0.0369,0.1966,0.0737,0.6760,0.7585,,0.0825,,21.08,,177.4,176.7,1.045,0.211,1.833
1791426198.4627855,0.7538,0.8030,0.7538,0.7538,0.5695,0.7006,0.6350,0.6350,0.7006,0.2991,0.4302,0.4998,0.5695,0.0737,0.0410,0.0574,0.0942,0.6760,0.7610,,0.0850,,21.11,,178.7,177.4,1.127,0.212,1.919
1791426198.4948554,0.6350,0.9259,0.7006,0.5695,0.5695,0.5695,0.7538,0.2991,0.4998,0.2458,0.2458,0.4998,0.4998,0.0369,0.0574,0.0369,0.0574,0.6760,0.7675,,0.0915,,21.38,,179.7,177.2,1.193,0.214,
1791426198.5289538,0.4998,0.8440,0.3646,0.4998,0.4998,0.6350,0.7538,0.7006,0.5695,0.3646,0.2458,0.5695,0.4998,0.0942,0.0246,0.0737,0.0942,0.6790,0.7620,,0.0830,,21.09,,180.0,177.2,1.198,0.217,1.876
1791426198.5633223,0.4998,0.8767,0.7006,0.5695,0.6350,0.7006,0.7538,0.5695,0.2991,0.4302,0.2991,0.5695,0.4998,0.0410,0.0574,0.1557,0.0574,0.6760,0.7600,,0.0840,,20.94,,179.2,177.2,1.152,0.219,1.976
1791426198.6024883,0.7538,0.6350,0.8030,0.7538,0.6350,0.6350,0.7006,0.6350,0.6350,0.2991,0.2991,0.5695,0.4302,0.0410,0.0246,0.0574,0.0574,0.6790,0.7610,,0.0820,,20.86,,178.2,176.6,1.137,0.219,
1791426198.633368,0.7538,0.7538,0.5695,0.7006,0.5695,0.7538,0.7538,0.7006,0.6350,0.2991,0.1966,0.6350,0.5695,0.0574,0.0410,0.0737,0.0737,0.6760,0.7615,0.6860,0.0855,-0.0755,20.93,-9.86,178.3,176.2,1.112,0.219,
1791426198.664761,0.5695,0.9423,0.6350,0.5695,0.5695,0.6350,0.8030,0.6350,0.4302,0.1557,0.4302,0.5695,0.5695,0.0737,0.0410,0.1229,0.0574,0.6760,0.7600,0.6850,0.0840,-0.0750,20.92,-9.79,178.2,176.7,1.117,0.219,1.912
1791426198.6958497,0.7006,0.2458,0.7006,0.7538,0.7006,0.7006,0.7538,0.6350,0.4302,0.1966,0.5695,0.4302,0.5695,0.0369,0.0410,0.0410,0.0942,0.6760,0.7595,,0.0835,,21.04,-9.83,178.3,177.4,1.085,0.218,1.831
1791426198.7291799,0.8440,0.4998,0.7538,0.4302,0.4998,0.7006,0.6350,0.5695,0.4302,0.2458,0.1966,0.6350,0.4998,0.0574,0.0410,0.0737,0.1229,0.6760,0.7620,,0.0860,,21.10,-9.87,178.3,177.9,1.112,0.218,
1791426198.7621617,0.7006,0.8440,0.7538,0.7538,0.7538,0.5695,0.6350,0.7538,0.5695,0.1966,0.5695,0.5695,0.4302,0.1229,0.0246,0.0942,0.0737,0.6760,0.7605,,0.0845,,21.20,-9.94,179.9,177.3,1.070,0.217,1.788
1791426198.7956522,0.6350,0.8030,0.8030,0.7006,0.5695,0.5695,0.6350,0.2991,0.6350,0.2991,0.2458,0.6350,0.5695,0.0737,0.0205,0.0942,0.0369,0.6760,0.7585,0.6890,0.0825,-0.0695,21.00,-9.75,179.5,177.2,1.097,0.219,
1791426198.8289814,0.4302,0.7006,0.8440,0.7538,0.5695,0.5695,0.8030,0.5695,0.4998,0.3646,0.2991,0.4998,0.3646,0.0369,0.0574,0.0942,0.0942,0.6790,0.7580,,0.0790,,20.77,-9.75,179.2,177.0,1.071,0.219,1.893
1791426198.8623822,0.4998,0.8030,0.7538,0.5695,0.4998,0.7006,0.7538,0.5695,0.5695,0.4302,0.2991,0.5695,0.4998,0.0410,0.0942,0.0410,0.0410,0.6760,0.7610,,0.0850,,21.09,-9.83,179.1,176.7,1.066,0.216,1.850
1791426198.9028575,0.5695,0.7538,0.8030,0.6350,0.4302,0.7006,0.7538,0.7006,0.6350,0.6350,0.1966,0.4998,0.5695,0.0205,0.0410,0.0574,0.0574,0.6760,0.7585,,0.0825,,20.94,-9.79,178.6,176.2,1.094,0.217,1.902
1791426198.9348688,0.6350,0.8440,0.4302,0.5695,0.5695,0.6350,0.7006,0.7006,0.3646,0.1229,0.2991,0.5695,0.4998,0.0574,0.0410,0.0737,0.0942,0.6760,0.7570,,0.0810,,20.72,-9.74,179.3,177.1,1.078,0.219,
1791426198.966224,0.4998,0.7538,0.7006,0.8030,0.4998,0.7538,0.7538,0.7538,0.4998,0.2991,0.3646,0.4998,0.4998,0.0737,0.0369,0.0737,0.0737,0.6760,0.7590,,0.0830,,20.85,-9.82,178.7,177.3,1.044,0.217,1.769
1791426198.9981258,0.4998,0.7538,0.7538,0.8030,0.4998,0.6350,0.7538,0.4998,0.6350,0.6350,0.3646,0.4302,0.4302,0.0410,0.0410,0.0574,0.0369,0.6760,0.7590,,0.0830,,20.71,-9.77,178.4,177.1,1.102,0.219,1.902
1791426199.029467,0.4998,0.7538,0.6350,0.5695,0.4302,0.5695,0.7006,0.5695,0.7006,0.3646,0.2458,0.4998,0.4998,0.0737,0.0737,0.0410,0.0737,0.6760,0.7605,,0.0845,,20.76,-9.72,178.0,176.8,1.132,0.219,1.999
1791426199.0632195,0.8030,0.6350,0.4998,0.7006,0.5695,0.6350,0.5695,0.4998,0.4302,0.2458,0.4302,0.4998,0.3646,0.0574,0.0574,0.0942,0.0574,0.6760,0.7645,,0.0885,,20.88,-9.64,178.2,176.8,1.216,0.221,1.953
1791426199.0969648,0.5695,0.7538,0.6350,0.5695,0.5695,0.7006,0.8030,0.5695,0.4302,0.1557,0.2991,0.4998,0.4998,0.0574,0.0574,0.0942,0.1229,0.6790,0.7615,,0.0825,,20.67,-9.62,179.4,176.6,1.146,0.222,
1791426199.1309311,0.3646,0.7538,0.7538,0.4302,0.5695,0.6350,0.8030,0.4998,0.4302,0.5695,0.2991,0.4998,0.4998,0.0574,0.0410,0.0737,0.0574,0.6760,0.7590,,0.0830,,20.66,-9.60,179.5,176.8,1.113,0.222,1.954
1791426199.1710799,0.4302,0.8440,0.7006,0.6350,0.6350,0.5695,0.7006,0.4998,0.7006,0.1557,0.2991,0.5695,0.5695,0.0574,0.0410,0.0369,0.0737,0.6790,0.7570,0.6920,0.0780,-0.0650,20.33,-9.46,179.7,177.4,1.046,0.223,
1791426199.203248,0.5695,0.8440,0.8030,0.8030,0.4302,0.7006,0.7538,0.7006,0.4998,0.4302,0.3646,0.5695,0.4998,0.0410,0.0942,0.1557,0.1557,0.6760,0.7595,,0.0835,,20.63,-9.50,179.3,177.1,1.076,0.220,1.769
1791426199.2344365,0.7538,0.7538,0.8030,0.7006,0.6350,0.5695,0.7006,0.6350,0.4998,0.4998,0.4302,0.4998,0.4302,0.0205,0.0942,0.0737,0.1229,0.6760,0.7590,,0.0830,,20.87,-9.58,178.8,177.0,1.045,0.217,1.741
1791426199.264979,0.6350,0.8767,0.7006,0.4998,0.4998,0.6350,0.8440,0.5695,0.5695,0.4302,0.2991,0.4998,0.4302,0.0410,0.0574,0.0246,0.0205,0.6760,0.7570,,0.0810,,20.93,-9.53,178.6,176.9,1.084,0.216,1.875
1791426199.2966518,0.5695,0.5695,0.7006,0.7006,0.6350,0.7006,0.7538,0.8030,0.4998,0.1557,0.3646,0.4998,0.4302,0.0737,0.0574,0.0942,0.0942,0.6760,0.7635,,0.0875,,21.31,-9.67,179.6,176.8,1.071,0.214,1.815
1791426199.3291836,0.5695,0.8030,0.7538,0.7006,0.6350,0.7538,0.7538,0.7538,0.4302,0.1966,0.4302,0.5695,0.2458,0.0369,0.0574,0.0574,0.0574,0.6760,0.7660,,0.0900,,21.67,-9.72,179.9,177.5,,0.213,1.893
1791426199.3628414,0.5695,0.8440,0.7538,0.8440,0.4998,0.8030,0.4998,0.5695,0.4998,0.2991,0.5695,0.4998,0.5695,0.0410,0.0574,0.0942,0.1229,0.6760,0.7590,,0.0830,,21.46,-9.65,179.5,177.2,1.108,0.215,1.903
1791426199.3966305,0.6350,0.8440,0.8030,0.4998,0.4998,0.5695,0.7006,0.7538,0.6350,0.3646,0.3646,0.4998,0.5695,0.0410,0.0205,0.0737,0.0369,0.6790,0.7570,,0.0780,,20.92,-9.53,179.0,176.0,1.113,0.217,1.860
1791426199.437682,0.7006,0.8440,0.7538,0.6350,0.5695,0.8030,0.7538,0.5695,0.5695,0.2991,0.4302,0.5695,0.4998,0.0369,0.0942,0.0942,0.0410,0.6790,0.7595,,0.0805,,20.43,-9.39,179.9,176.4,1.179,0.222,2.045
1791426199.470638,0.4302,0.8030,0.6350,0.5695,0.4302,0.6350,0.8767,0.7006,0.4998,0.4302,0.2458,0.6350,0.4998,0.0737,0.1229,0.1229,0.0737,0.6760,0.7580,,0.0820,,20.23,-9.42,179.7,176.7,1.073,0.224,1.959
1791426199.5017078,0.7006,0.7006,0.7006,0.5695,0.5695,0.7006,0.7006,0.4998,0.3646,0.1557,0.5695,0.5695,0.5695,0.0574,0.0205,0.0574,0.0737,0.6760,0.7575,0.6890,0.0815,-0.0685,20.33,-9.37,179.1,176.2,1.061,0.222,1.805
1791426199.5344243,0.7006,0.8030,0.9054,0.4998,0.4998,0.7006,0.7006,0.4998,0.2991,0.1229,0.3646,0.4998,0.4998,0.0942,0.0205,0.1229,0.0410,0.6790,0.7605,,0.0815,,20.42,-9.31,179.7,174.8,1.156,0.221,1.818
1791426199.5657446,0.6350,0.9054,0.4998,0.4998,0.4302,0.6350,0.7538,0.6350,0.4302,0.2991,0.2458,0.5695,0.4998,0.0942,0.0942,0.0942,0.0737,0.6760,0.7625,,0.0865,,21.03,-9.44,179.9,174.9,1.077,0.216,
1791426199.5972254,0.5695,0.7538,0.7006,0.6350,0.5695,0.7006,0.8440,0.6350,0.5695,0.1229,0.6350,0.4998,0.4998,0.0574,0.0737,0.0942,0.1229,0.6760,0.7570,,0.0810,,21.08,-9.44,179.6,175.2,1.058,0.214,1.747
1791426199.6297023,0.5695,0.8440,0.4998,0.6350,0.7006,0.7538,0.5695,0.4998,0.3646,0.3646,0.4998,0.5695,0.4998,0.0737,0.1229,0.1229,0.0574,0.6760,0.7580,,0.0820,,20.90,-9.47,179.6,175.5,1.057,0.216,1.818
1791426199.6634889,0.8030,0.8030,0.5695,0.7538,0.6350,0.5695,0.7006,0.4998,0.7006,0.1229,0.5695,0.5695,0.4998,0.0942,0.0369,0.1229,0.0574,0.6760,0.7625,,0.0865,,21.01,-9.42,179.2,175.9,1.172,0.217,1.869
1791426199.6963391,0.4998,0.7006,0.5695,0.5695,0.4998,0.7006,0.7006,0.5695,0.5695,0.7006,0.3646,0.6350,0.4998,0.0410,0.0205,0.1229,0.0246,0.6790,0.7650,,0.0860,,21.07,-9.61,179.8,175.6,1.067,0.218,1.818
1791426199.7304223,0.7006,0.6350,0.7538,0.6350,0.5695,0.7538,0.6350,0.6350,0.3646,0.1966,0.2991,0.5695,0.4998,0.0574,0.1229,0.0942,0.0942,0.6760,0.7635,,0.0875,,21.60,-9.76,178.8,175.8,1.051,0.214,
1791426199.769763,0.5695,0.7538,0.7538,0.5695,0.5695,0.5695,0.8030,0.2458,0.4302,0.3646,0.4302,0.3646,0.4998,0.0574,0.0410,0.0574,0.0737,0.6760,0.7575,,0.0815,,21.40,-9.64,178.7,175.3,1.097,0.214,1.768
1791426199.8029892,0.8030,0.5695,0.6350,0.6350,0.4998,0.7538,0.8440,0.7006,0.5695,0.3646,0.3646,0.3646,0.4302,0.0410,0.0574,0.0410,0.0737,0.6760,0.7650,,0.0890,,21.70,-9.71,178.4,175.9,1.117,0.213,1.842
1791426199.833843,0.4998,0.8030,0.6350,0.7538,0.5695,0.6350,0.8030,0.4998,0.4998,0.4998,0.3646,0.4302,0.4998,0.0574,0.0737,0.0942,0.0942,0.6760,0.7605,,0.0845,,21.58,-9.65,178.0,175.8,1.113,0.215,1.814
1791426199.8668182,0.6350,0.8440,0.3646,0.4998,0.4302,0.6350,0.4998,0.4302,0.5695,0.2458,0.4998,0.5695,0.4302,0.0369,0.0574,0.0737,0.0574,0.6760,0.7590,,0.0830,,21.58,-9.68,178.5,175.5,1.050,0.214,1.740
1791426199.8974094,0.5695,0.8030,0.4998,0.6350,0.7006,0.5695,0.8030,0.5695,0.4998,0.1557,0.4302,0.5695,0.4302,0.0574,0.0369,0.0942,0.0410,0.6760,0.7600,,0.0840,,21.33,-9.64,179.3,175.7,1.098,0.216,1.837
1791426199.9307158,0.7006,0.7006,0.5695,0.4302,0.7006,0.6350,0.8767,0.4302,0.4302,0.2991,0.4998,0.5695,0.4998,0.0410,0.0410,0.1557,0.0369,0.6760,0.7580,,0.0820,,21.10,-9.59,179.6,176.8,1.079,0.217,1.837
1791426199.9649172,0.8030,0.8767,0.8030,0.6350,0.4998,0.6350,0.8030,0.5695,0.6350,0.2458,0.2991,0.4302,0.2991,0.0410,0.0410,0.0410,0.0737,0.6760,0.7595,,0.0835,,21.32,-9.66,179.4,176.7,,0.215,
1791426199.9968002,0.6350,0.9259,0.6350,0.6350,0.5695,0.7538,0.7006,0.6350,0.5695,0.1557,0.2458,0.4998,0.4302,0.0369,0.0410,0.0574,0.0942,0.6760,0.7590,,0.0830,,21.24,-9.66,178.6,176.7,1.062,0.215,
1791426200.0314405,0.6350,0.8030,0.8030,0.5695,0.7006,0.7006,0.7006,0.5695,0.4998,0.1966,0.3646,0.4998,0.3646,0.0574,0.0410,0.1229,0.0574,0.6790,0.7595,,0.0805,,20.97,,178.7,175.4,1.112,0.217,1.902
1791426200.0734196,0.4302,0.8030,0.7006,0.5695,0.4302,0.8030,0.7538,0.5695,0.6350,0.1557,0.3646,0.4302,0.4302,0.0574,0.0574,0.0737,0.0737,0.6760,0.7570,,0.0810,,20.60,,177.4,175.4,1.142,0.220,1.867
1791426200.1043165,0.6350,0.8030,0.4998,0.6350,0.4998,0.7006,0.8030,0.5695,0.4998,0.2991,0.2458,0.5695,0.4302,0.0574,0.0410,0.0737,0.0737,0.6760,0.7595,,0.0835,,20.59,,179.0,175.4,1.058,0.220,
1791426200.1355035,0.4998,0.8440,0.5695,0.5695,0.7006,0.6350,0.8030,0.5695,0.4998,0.4302,0.2458,0.3646,0.4998,0.0369,0.0410,0.1229,0.0574,0.6760,0.7595,,0.0835,,20.91,,179.8,174.7,1.039,0.217,1.863
1791426200.1681802,0.4998,0.8030,0.5695,0.5695,0.7006,0.6350,0.3646,0.6350,0.4998,0.1229,0.4302,0.5695,0.4998,0.0737,0.0410,0.1229,0.0737,0.6790,0.7620,,0.0830,,20.99,,179.1,177.5,1.142,0.216,1.895
1791426200.1979148,0.4998,0.7006,0.7006,0.4998,0.4998,0.7538,0.7006,0.4998,0.5695,0.5695,0.1966,0.5695,0.4302,0.0410,0.0246,0.0574,0.0737,0.6790,0.7600,,0.0810,,21.01,,179.9,178.2,1.058,0.215,1.869
1791426200.2317472,0.7538,0.7538,0.7538,0.8030,0.6350,0.5695,0.7538,0.5695,0.6350,0.1557,0.4302,0.5695,0.4998,0.0737,0.0737,0.0942,0.0369,0.6760,0.7610,,0.0850,,20.96,,179.5,179.0,1.183,0.217,1.971
1791426200.265072,0.6350,0.8440,0.4998,0.5695,0.4302,0.6350,0.7538,0.6350,0.4998,0.1557,0.4302,0.4998,0.4998,0.0737,0.0410,0.0942,0.0574,0.6760,0.7630,,0.0870,,21.33,,179.7,179.2,1.045,0.215,1.812
1791426200.297486,0.4998,0.8440,0.7006,0.6350,0.5695,0.5695,0.7006,0.4998,0.6350,0.1557,0.1229,0.5695,0.4302,0.0369,0.0205,0.0574,0.0737,0.6760,0.7530,,0.0770,,20.77,,179.9,178.6,1.146,0.217,
1791426200.3311608,0.5695,0.7538,0.7006,0.5695,0.4998,0.7538,0.8767,0.6350,0.4998,0.1229,0.5695,0.5695,0.4302,0.0737,0.0369,0.0737,0.0574,0.6790,0.7590,,0.0800,,20.61,,178.1,177.3,1.171,0.218,1.885
1791426200.3725462,0.5695,0.8030,0.7006,0.5695,0.4302,0.7538,0.7538,0.4998,0.6350,0.3646,0.4302,0.5695,0.4998,0.0369,0.0369,0.0574,0.0737,0.6760,0.7560,,0.0800,,20.56,,178.6,178.1,1.049,0.217,1.818
1791426200.4039648,0.6350,0.7006,0.8440,0.7006,0.4302,0.7538,0.7538,0.6350,0.4998,0.1557,0.4998,0.4998,0.4302,0.0369,0.0737,0.0737,0.0574,0.6760,0.7570,,0.0810,,20.45,,179.5,177.4,1.094,0.219,1.799
1791426200.4363294,0.7006,0.9054,0.6350,0.5695,0.4302,0.7006,0.8440,0.7006,0.3646,0.5695,0.1229,0.6350,0.5695,0.0410,0.0737,0.0942,0.0737,0.6790,0.7545,0.6790,0.0755,-0.0755,19.98,-9.26,179.8,179.2,1.146,0.221,2.007
1791426200.4673123,0.5695,0.7538,0.7538,0.5695,0.6350,0.7538,0.8030,0.5695,0.2458,0.1966,0.5695,0.6350,0.4998,0.0737,0.0574,0.0737,0.0942,0.6790,0.7605,,0.0815,,20.30,-9.29,177.8,179.0,1.141,0.218,1.820
1791426200.499388,0.4998,0.8030,0.5695,0.6350,0.4998,0.5695,0.8030,0.7538,0.4998,0.5695,0.4302,0.4302,0.4998,0.0574,0.0737,0.0369,0.0942,0.6760,0.7650,,0.0890,,20.71,-9.50,178.7,178.6,1.092,0.217,1.834
1791426200.5325148,0.7006,0.8030,0.7538,0.7006,0.4302,0.8440,0.8030,0.5695,0.6350,0.2991,0.4998,0.5695,0.4998,0.0164,0.0410,0.1229,0.0369,0.6760,0.7690,,0.0930,,21.37,-9.65,179.7,178.1,1.165,0.216,1.883
1791426200.5652342,0.7006,0.7538,0.7538,0.6350,0.4998,0.7538,0.7538,0.5695,0.4302,0.4302,0.1966,0.5695,0.4998,0.0410,0.0369,0.0574,0.0410,0.6760,0.7585,,0.0825,,21.06,-9.61,179.7,177.1,1.103,0.218,1.951
1791426200.597811,0.7006,0.7538,0.9423,0.7006,0.3646,0.6350,0.6350,0.7538,0.4998,0.3646,0.2991,0.5695,0.4998,0.0574,0.0410,0.0737,0.0737,0.6790,0.7595,,0.0805,,20.99,-9.66,179.1,176.6,1.069,0.217,1.931
1791426200.631479,0.4302,0.8440,0.5695,0.6350,0.4998,0.6350,0.7538,0.7538,0.4998,0.7006,0.2458,0.4998,0.4998,0.0574,0.0410,0.1557,0.0369,0.6760,0.7590,,0.0830,,20.68,-9.67,179.1,176.7,1.082,0.221,1.959
1791426200.6648571,0.4998,0.9054,0.5695,0.3646,0.6350,0.5695,0.8030,0.5695,0.7006,0.4998,0.4998,0.4302,0.5695,0.0574,0.0369,0.0574,0.0942,0.6760,0.7600,,0.0840,,21.08,-9.77,178.8,177.3,1.042,0.216,1.745
1791426200.7053676,0.5695,0.7538,0.7006,0.5695,0.2991,0.7538,0.8440,0.4998,0.7006,0.6350,0.4302,0.4302,0.3646,0.0410,0.0737,0.0737,0.1229,0.6760,0.7570,,0.0810,,20.96,-9.77,178.9,177.6,1.044,0.216,1.833
1791426200.7374678,0.5695,0.7538,0.7538,0.7006,0.4302,0.5695,0.8030,0.4998,0.5695,0.1557,0.3646,0.4998,0.5695,0.0410,0.0574,0.0942,0.0737,0.6760,0.7660,,0.0900,,21.49,-9.80,179.5,178.1,1.156,0.214,1.887
1791426200.7689083,0.5695,0.8440,0.7006,0.5695,0.6350,0.6350,0.8030,0.5695,0.4998,0.1557,0.3646,0.4998,0.4998,0.0410,0.0369,0.0942,0.0737,0.6790,0.7555,,0.0765,,21.07,-9.68,179.0,177.1,1.090,0.215,1.798
1791426200.7994008,0.7006,0.9259,0.7006,0.6350,0.7538,0.7538,0.6350,0.4998,0.4302,0.3646,0.1966,0.5695,0.4998,0.0574,0.0574,0.0942,0.0942,0.6760,0.7600,,0.0840,,21.13,-9.66,179.2,178.3,1.108,0.215,1.855
1791426200.8319314,0.5695,0.8767,0.4302,0.6350,0.4302,0.6350,0.6350,0.4998,0.6350,0.1557,0.2991,0.4998,0.4998,0.0410,0.0369,0.0942,0.0737,0.6790,0.7560,,0.0770,,20.88,-9.68,178.7,177.9,1.034,0.215,
1791426200.8642087,0.6350,0.7538,0.6350,0.7538,0.4302,0.4998,0.8030,0.7006,0.4998,0.5695,0.3646,0.4998,0.4998,0.0737,0.0410,0.0942,0.0574,0.6790,0.7565,,0.0775,,20.40,-9.47,179.4,176.7,1.167,0.218,1.902
1791426200.8986022,0.6350,0.7006,0.5695,0.5695,0.5695,0.7538,0.7006,0.6350,0.4302,0.2991,0.1966,0.4302,0.4302,0.0410,0.0942,0.1229,0.0410,0.6760,0.7560,,0.0800,,20.28,-9.41,179.7,177.4,1.100,0.219,
1791426200.9321823,0.4302,0.9054,0.7006,0.6350,0.6350,0.7538,0.8030,0.2991,0.4998,0.2991,0.3646,0.5695,0.4998,0.0410,0.0205,0.1557,0.0942,0.6760,0.7575,,0.0815,,20.08,-9.22,179.7,177.4,1.206,0.221,1.952
1791426200.96478,0.5695,0.7006,0.8030,0.6350,0.6350,0.6350,0.8030,0.7538,0.6350,0.2991,0.3646,0.4998,0.5695,0.0574,0.0369,0.1229,0.0737,0.6760,0.7555,,0.0795,,20.00,,179.7,176.5,1.103,0.222,1.820
