timestamp,nose_score,left_eye_score,right_eye_score,left_ear_score,right_ear_score,left_shoulder_score,right_shoulder_score,left_elbow_score,right_elbow_score,left_wrist_score,right_wrist_score,left_hip_score,right_hip_score,left_knee_score,right_knee_score,left_ankle_score,right_ankle_score,head_depth_m,chest_depth_m,hip_depth_m,neck_forward_offset_m,torso_recline_offset_m,head_forward_deg,torso_pitch_deg,elbow_left_deg,elbow_right_deg,torso_len_sw,head_up_m,wrist_face_sw
1791428327.5318122,0.2991,0.4998,0.8767,0.5695,0.4302,0.6350,0.7006,0.5695,0.6350,0.4998,0.6350,0.5695,0.4302,0.1557,0.0942,0.1966,0.2991,,0.8200,,,,23.60,-15.07,172.0,170.9,1.008,0.169,
1791428327.574724,0.5695,0.5695,0.8440,0.4998,0.5695,0.5695,0.7006,0.4998,0.7006,0.4998,0.4998,0.3646,0.4302,0.1966,0.0574,0.1229,0.1966,0.7460,0.8150,,0.0690,,23.23,-14.95,171.5,171.2,1.055,0.170,1.748
1791428327.606123,0.5695,0.6350,0.6350,0.6350,0.4998,0.8030,0.6350,0.7006,0.6350,0.6350,0.1557,0.5695,0.4302,0.0942,0.0737,0.1966,0.0369,0.7410,0.8165,,0.0755,,23.76,-15.11,172.1,170.3,0.980,0.167,1.630
1791428327.6377556,0.8030,0.8440,0.5695,0.5695,0.5695,0.7006,0.7538,0.7006,0.6350,0.5695,0.5695,0.4302,0.3646,0.0369,0.0737,0.1966,0.3646,0.7460,0.8130,,0.0670,,23.24,-14.85,172.3,170.5,1.086,0.168,1.817
1791428327.6694474,0.5695,0.7538,0.5695,0.4998,0.6350,0.8030,0.6350,0.6350,0.7538,0.4998,0.5695,0.5695,0.4998,0.0942,0.0942,0.0410,0.1966,0.7400,0.8150,,0.0750,,23.23,-14.65,172.3,170.9,1.101,0.169,1.806
1791428327.700534,0.5695,0.8030,0.5695,0.4998,0.4998,0.7006,0.7538,0.7538,0.4998,0.6350,0.1966,0.5695,0.4998,0.1229,0.0942,0.0574,0.0737,0.7400,0.8170,,0.0770,,23.27,-14.60,172.6,170.6,1.081,0.171,1.792
1791428327.733478,0.8030,0.7538,0.4302,0.4302,0.4302,0.7006,0.7538,0.7006,0.7538,0.7006,0.5695,0.5695,0.4998,0.0942,0.0942,0.1966,0.0369,0.7410,0.8140,,0.0730,,23.51,-14.68,172.6,170.9,1.009,0.169,1.710
1791428327.765858,0.5695,0.6350,0.7006,0.7006,0.4998,0.7006,0.8030,0.7538,0.7006,0.6350,0.7006,0.5695,0.5695,0.0737,0.0942,0.0369,0.0574,0.7400,0.8115,0.6970,0.0715,-0.1145,23.49,-14.87,172.8,170.6,1.021,0.168,1.648
1791428327.7987561,0.6350,0.8440,0.7538,0.4302,0.5695,0.7006,0.6350,0.7538,0.4998,0.6350,0.5695,0.4998,0.4302,0.0737,0.0574,0.0737,0.0574,0.7400,0.8160,,0.0760,,23.14,-14.70,173.1,170.9,1.116,0.172,1.939
1791428327.8322654,0.4998,0.8030,0.8030,0.4998,0.5695,0.7006,0.6350,0.5695,0.7538,0.4998,0.4998,0.4302,0.4302,0.1229,0.0410,0.1966,0.2458,0.7400,0.8115,,0.0715,,23.05,-14.69,172.8,170.4,1.028,0.172,1.757
1791428327.8662062,0.5695,0.8030,0.6350,0.4998,0.4998,0.5695,0.6350,0.7006,0.8767,0.4998,0.4998,0.5695,0.4302,0.0737,0.0942,0.1557,0.0942,0.7400,0.8195,,0.0795,,23.31,-14.89,173.0,170.7,1.026,0.173,1.783
1791428327.9062004,0.4302,0.7006,0.7006,0.6350,0.4998,0.7538,0.7006,0.7538,0.7006,0.6350,0.1966,0.5695,0.4302,0.0942,0.0737,0.0369,0.0574,0.7400,0.8200,,0.0800,,23.84,-15.15,172.9,169.9,0.995,0.171,1.730
1791428327.9371407,0.7006,0.8440,0.7006,0.4998,0.7006,0.7006,0.7538,0.5695,0.7538,0.7006,0.5695,0.4998,0.4302,0.0369,0.0574,0.2991,0.0942,0.7400,0.8170,,0.0770,,23.85,-15.03,172.6,170.4,1.087,0.172,1.799
1791428327.9688659,0.7538,0.8440,0.7006,0.4998,0.4302,0.5695,0.7006,0.7538,0.7006,0.6350,0.6350,0.5695,0.4302,0.1229,0.0737,0.1966,0.2458,0.7400,0.8175,,0.0775,,23.89,-15.12,172.8,170.5,1.021,0.172,1.790
1791428328.0002208,0.6350,0.7538,0.7538,0.4998,0.6350,0.6350,0.7538,0.5695,0.8030,0.4302,0.5695,0.5695,0.4302,0.0737,0.0737,0.2458,0.3646,0.7460,0.8195,,0.0735,,23.92,-15.29,172.4,170.6,1.007,0.171,1.725
1791428328.0328557,0.6350,0.8030,0.4998,0.6350,0.4998,0.7006,0.7006,0.7006,0.7538,0.6350,0.4998,0.6350,0.4302,0.0942,0.0737,0.3646,0.1966,0.7400,0.8200,,0.0800,,24.58,-15.51,172.4,170.7,0.981,0.167,1.696
1791428328.0652206,0.8030,0.8440,0.7538,0.7006,0.6350,0.7006,0.7006,0.6350,0.6350,0.6350,0.7006,0.4302,0.3646,0.1557,0.0942,0.0410,0.0410,0.7460,0.8180,,0.0720,,24.21,-15.28,172.8,171.0,1.106,0.168,1.758
1791428328.09968,0.6350,0.7006,0.7538,0.4998,0.4998,0.7538,0.6350,0.7006,0.7006,0.4302,0.4302,0.4998,0.3646,0.2458,0.0574,0.1966,0.2458,0.7460,0.8170,,0.0710,,23.86,-15.40,172.2,170.8,0.991,0.169,1.650
1791428328.1327193,0.6350,0.8030,0.6350,0.7006,0.2991,0.6350,0.8030,0.6350,0.8440,0.5695,0.4998,0.4998,0.4302,0.3646,0.0942,0.2991,0.1229,0.7400,0.8205,,0.0805,,24.21,-15.60,172.4,171.0,0.986,0.169,1.727
1791428328.166531,0.4302,0.7538,0.6350,0.4302,0.4302,0.7538,0.7006,0.5695,0.6350,0.7006,0.4302,0.5695,0.4998,0.0737,0.0246,0.2991,0.1229,0.7460,0.8155,,0.0695,,23.59,-15.31,172.4,170.8,1.101,0.171,1.789
1791428328.2078624,0.6350,0.3646,0.4998,0.4998,0.4998,0.6350,0.5695,0.6350,0.8030,0.6350,0.1966,0.4998,0.3646,0.1229,0.0737,0.3646,0.0410,0.7470,0.8160,,0.0690,,23.49,-15.33,172.3,170.0,1.015,0.169,1.661
1791428328.2395747,0.6350,0.8767,0.6350,0.5695,0.2458,0.7006,0.8440,0.7006,0.6350,0.7006,0.4998,0.5695,0.4998,0.1229,0.0942,0.3646,0.2991,0.7400,0.8165,,0.0765,,23.65,-15.24,172.3,169.9,1.056,0.169,1.792
1791428328.2712033,0.7006,0.7006,0.7006,0.5695,0.3646,0.6350,0.7538,0.6350,0.7006,0.6350,0.4998,0.5695,0.4998,0.1557,0.0942,0.0369,0.0369,0.7400,0.8205,,0.0805,,24.35,-15.46,172.7,170.2,0.988,0.167,1.653
1791428328.3026202,0.7538,0.7538,0.7538,0.5695,0.5695,0.8030,0.7006,0.7006,0.8030,0.4302,0.2458,0.4998,0.3646,0.1229,0.0737,0.1557,0.1966,0.7400,0.8160,,0.0760,,24.35,,173.1,169.7,1.025,0.167,1.728
1791428328.3344502,0.6350,0.4998,0.8030,0.4998,0.4998,0.7006,0.8440,0.5695,0.7538,0.7006,0.4998,0.4998,0.4302,0.0369,0.0737,0.0942,0.0942,0.7460,0.8200,,0.0740,,24.04,,173.3,170.2,1.056,0.169,1.784
1791428328.3658552,0.6350,0.7006,0.7538,0.3646,0.5695,0.5695,0.8030,0.7006,0.6350,0.6350,0.1966,0.4998,0.4302,0.1557,0.0410,0.0410,0.0369,0.7460,0.8190,,0.0730,,23.76,,173.1,169.4,0.998,0.170,1.709
1791428328.3996682,0.7006,0.8440,0.5695,0.5695,0.7006,0.7538,0.7538,0.7538,0.7006,0.5695,0.2458,0.6350,0.4998,0.1966,0.0737,0.0737,0.0737,0.7390,0.8165,,0.0775,,23.91,,172.4,170.0,1.034,0.170,1.710
1791428328.4329844,0.5695,0.7006,0.5695,0.5695,0.4302,0.7006,0.6350,0.7006,0.4302,0.7006,0.5695,0.4998,0.4302,0.0205,0.0737,0.1229,0.0942,0.7460,0.8150,,0.0690,,23.44,,172.6,170.0,1.043,0.171,1.760
1791428328.4672248,0.8030,0.8030,0.6350,0.6350,0.4302,0.8440,0.6350,0.7006,0.7006,0.7006,0.4998,0.5695,0.5695,0.1557,0.0737,0.2458,0.2458,0.7480,0.8205,0.7060,0.0725,-0.1145,23.95,-15.48,172.3,170.0,0.997,0.166,1.621
1791428328.5089366,0.5695,0.7006,0.8030,0.4998,0.4998,0.7538,0.7006,0.7006,0.5695,0.5695,0.7006,0.5695,0.5695,0.1557,0.0574,0.0410,0.2458,0.7390,0.8215,0.7050,0.0825,-0.1165,24.62,-15.38,172.3,170.1,1.086,0.165,1.752
1791428328.540949,0.7538,0.8440,0.8030,0.5695,0.5695,0.5695,0.7538,0.7006,0.6350,0.7006,0.4998,0.5695,0.4998,0.1229,0.0369,0.0942,0.0574,0.7440,0.8175,,0.0735,,24.30,-15.33,172.5,170.2,1.044,0.166,1.808
1791428328.5718353,0.7538,0.7006,0.4998,0.3646,0.4998,0.8030,0.7006,0.7538,0.7538,0.7538,0.6350,0.5695,0.4998,0.0942,0.0574,0.1966,0.0410,0.7390,0.8165,,0.0775,,24.25,-15.26,172.7,170.1,1.044,0.168,1.737
1791428328.6044462,0.4998,0.8440,0.8030,0.6350,0.4302,0.7006,0.5695,0.5695,0.7006,0.7538,0.5695,0.4998,0.4302,0.1229,0.0410,0.1557,0.1966,0.7400,0.8165,,0.0765,,24.14,-15.23,172.4,169.9,1.036,0.169,1.787
1791428328.6357737,0.5695,0.7538,0.7006,0.4998,0.5695,0.6350,0.5695,0.7006,0.7538,0.5695,0.4998,0.4998,0.4302,0.1966,0.0410,0.1966,0.0369,0.7470,0.8145,,0.0675,,23.28,-15.06,172.7,169.6,1.070,0.172,1.826
1791428328.6684778,0.5695,0.8030,0.6350,0.6350,0.7006,0.5695,0.8440,0.6350,0.7006,0.4998,0.7538,0.4998,0.4302,0.0574,0.0574,0.2458,0.1557,0.7410,0.8185,,0.0775,,23.95,-15.29,172.6,170.0,0.975,0.168,1.635
1791428328.6994827,0.4998,0.7538,0.7006,0.4998,0.8030,0.8030,0.8440,0.7538,0.7006,0.7538,0.7006,0.6350,0.5695,0.1229,0.0369,0.0942,0.0574,0.7440,0.8130,0.7050,0.0690,-0.1080,23.78,-15.28,172.5,170.3,0.991,0.167,1.645
1791428328.7334569,0.7006,0.7538,0.7006,0.7006,0.7006,0.8030,0.8030,0.7538,0.7006,0.7538,0.6350,0.6350,0.4998,0.0574,0.0737,0.0574,0.0369,0.7390,0.8180,,0.0790,,24.17,-15.36,172.7,169.8,1.009,0.166,1.695
1791428328.766892,0.6350,0.8030,0.8440,0.5695,0.5695,0.7538,0.7538,0.8030,0.8030,0.6350,0.6350,0.6350,0.4998,0.0942,0.0737,0.2458,0.2991,0.7500,0.8160,,0.0660,,24.12,-15.27,172.8,170.5,1.047,0.163,1.631
1791428328.7998526,0.7538,0.5695,0.8440,0.5695,0.5695,0.8440,0.7538,0.7006,0.8030,0.6350,0.4998,0.4998,0.4998,0.1557,0.0737,0.2458,0.2458,0.7390,0.8180,,0.0790,,24.39,-15.29,172.9,170.6,1.030,0.164,1.705
1791428328.8338368,0.4998,0.8440,0.7538,0.5695,0.5695,0.6350,0.7006,0.7006,0.6350,0.6350,0.5695,0.4302,0.2991,0.0574,0.0737,0.1557,0.2458,0.7400,0.8190,,0.0790,,24.35,-15.27,173.2,170.3,,0.166,1.755
1791428328.873516,0.8030,0.8030,0.6350,0.5695,0.7538,0.7006,0.7538,0.6350,0.7006,0.4302,0.5695,0.4998,0.4302,0.1966,0.0369,0.2458,0.1229,0.7390,0.8135,,0.0745,,23.88,-14.95,172.8,170.5,1.111,0.169,1.840
1791428328.904858,0.7538,0.8030,0.4302,0.2991,0.5695,0.6350,0.6350,0.5695,0.7538,0.5695,0.4998,0.4998,0.4302,0.0737,0.1557,0.0942,0.1229,0.7390,0.8180,,0.0790,,23.89,-14.91,172.5,170.6,1.076,0.171,1.744
1791428328.9359674,0.8030,0.7538,0.9054,0.4998,0.5695,0.7538,0.7538,0.7006,0.4998,0.7006,0.4998,0.5695,0.4998,0.1229,0.0942,0.1557,0.1229,0.7390,0.8185,,0.0795,,24.00,-14.89,172.6,170.3,1.075,0.172,1.804
1791428328.9688349,0.7006,0.8030,0.7006,0.4998,0.4998,0.3646,0.4998,0.7538,0.5695,0.6350,0.4998,0.4302,0.4998,0.1229,0.0574,0.1966,0.1966,0.7390,0.8200,,0.0810,,24.11,-14.66,172.6,171.0,1.171,0.173,1.947
1791428328.9995515,0.6350,0.7538,0.5695,0.4998,0.4998,0.5695,0.8440,0.6350,0.5695,0.6350,0.5695,0.4998,0.4302,0.1229,0.0574,0.0410,0.0574,0.7390,0.8145,,0.0755,,24.01,-14.54,172.7,171.5,1.096,0.173,1.815
1791428329.0331745,0.5695,0.8030,0.7006,0.7006,0.6350,0.7006,0.7538,0.5695,0.7006,0.7538,0.5695,0.5695,0.4998,0.1229,0.0574,0.0410,0.0574,0.7470,0.8245,,0.0775,,24.47,-14.86,172.8,171.5,1.031,0.169,1.678
1791428329.067707,0.7006,0.8030,0.6350,0.7006,0.7006,0.6350,0.6350,0.7538,0.7006,0.5695,0.4998,0.6350,0.5695,0.0942,0.1229,0.1557,0.0737,0.7440,0.8170,0.7070,0.0730,-0.1100,24.71,-15.09,172.3,171.5,0.953,0.166,1.598
1791428329.0999234,0.7006,0.7538,0.7538,0.6350,0.4998,0.7006,0.7006,0.5695,0.7006,0.4302,0.2458,0.4998,0.3646,0.2458,0.0574,0.3646,0.2991,0.7390,0.8145,,0.0755,,24.64,-15.08,172.4,171.9,1.018,0.166,1.700
1791428329.1328979,0.4998,0.8767,0.7538,0.5695,0.6350,0.7538,0.5695,0.7538,0.7006,0.2991,0.4998,0.5695,0.4302,0.0369,0.0574,0.2458,0.1229,0.7390,0.8180,,0.0790,,24.49,-15.18,172.3,171.4,1.011,0.168,1.821
1791428329.1669161,0.5695,0.7538,0.7538,0.4302,0.4302,0.5695,0.7538,0.5695,0.7006,0.6350,0.2991,0.4998,0.4302,0.1229,0.0942,0.2458,0.1229,0.7390,0.8135,,0.0745,,24.00,-14.81,172.2,171.7,1.132,0.171,1.900
1791428329.206931,0.8030,0.8440,0.4998,0.5695,0.5695,0.7006,0.7538,0.7538,0.7538,0.2991,0.5695,0.4302,0.3646,0.1966,0.0737,0.2991,0.0410,0.7470,0.8160,,0.0690,,23.41,-14.88,172.0,171.3,1.024,0.173,1.918
1791428329.2376184,0.6350,0.8440,0.8030,0.4998,0.4998,0.6350,0.6350,0.6350,0.7538,0.3646,0.5695,0.4998,0.4998,0.1229,0.0737,0.2458,0.1966,0.7390,0.8170,,0.0780,,23.38,-14.86,172.6,170.7,1.060,0.175,1.753
1791428329.2685285,0.6350,0.7538,0.5695,0.5695,0.4998,0.6350,0.7006,0.5695,0.5695,0.7006,0.6350,0.4998,0.4302,0.1229,0.0737,0.1557,0.0246,0.7390,0.8165,,0.0775,,23.29,-14.82,172.8,170.8,1.065,0.176,1.832
1791428329.3011608,0.4302,0.4302,0.7538,0.5695,0.5695,0.7538,0.8030,0.7006,0.7538,0.5695,0.5695,0.4998,0.4998,0.1557,0.0410,0.1966,0.1557,0.7460,0.8205,,0.0745,,23.22,-14.95,173.0,170.8,1.041,0.176,1.786
1791428329.3341084,0.6350,0.8440,0.8767,0.5695,0.7006,0.8030,0.7538,0.7538,0.7538,0.5695,0.2991,0.5695,0.4998,0.0410,0.0410,0.0369,0.0410,0.7390,0.8215,,0.0825,,24.08,-15.10,173.5,170.9,1.033,0.172,1.681
1791428329.3668666,0.4998,0.8440,0.4998,0.6350,0.4998,0.8030,0.6350,0.5695,0.6350,0.6350,0.5695,0.4998,0.5695,0.2458,0.0737,0.1966,0.1557,0.7390,0.8205,,0.0815,,24.51,-15.27,173.2,170.2,1.007,0.171,1.692
1791428329.400608,0.6350,0.8440,0.7538,0.4998,0.4998,0.6350,0.8030,0.7006,0.8030,0.7006,0.6350,0.4998,0.4302,0.1229,0.0574,0.2458,0.1229,0.7420,0.8165,,0.0745,,24.17,-15.09,173.4,170.6,1.086,0.172,1.849
1791428329.4344392,0.5695,0.8767,0.8030,0.7006,0.5695,0.6350,0.7538,0.5695,0.7006,0.7006,0.7538,0.4998,0.4302,0.1229,0.0369,0.1966,0.1557,0.7440,0.8175,,0.0735,,24.05,-14.79,173.3,171.3,1.153,0.171,1.852
1791428329.4748168,0.5695,0.8030,0.5695,0.6350,0.6350,0.5695,0.6350,0.6350,0.6350,0.6350,0.6350,0.6350,0.6350,0.0942,0.0574,0.2991,0.0737,0.7390,0.8210,0.7040,0.0820,-0.1170,24.20,-14.86,173.2,171.4,1.081,0.173,1.789
1791428329.5068657,0.6350,0.9423,0.4302,0.6350,0.7006,0.6350,0.7006,0.5695,0.4998,0.6350,0.4302,0.4302,0.4302,0.1557,0.0574,0.1966,0.1966,0.7400,0.8170,,0.0770,,24.08,-14.87,173.3,170.9,1.051,0.173,1.792
1791428329.5384214,0.4998,0.7538,0.4998,0.4998,0.5695,0.7538,0.7538,0.4998,0.8440,0.7006,0.2458,0.5695,0.4302,0.0737,0.0164,0.1966,0.0942,0.7400,0.8135,,0.0735,,23.48,-14.77,173.2,170.8,1.060,0.176,1.806
1791428329.571179,0.6350,0.7006,0.4998,0.4998,0.7006,0.7006,0.7006,0.7006,0.7538,0.6350,0.4302,0.5695,0.4998,0.1229,0.1229,0.1557,0.0574,0.7400,0.8175,,0.0775,,23.59,-14.59,173.4,171.4,1.137,0.176,1.808
1791428329.6013098,0.4998,0.8440,0.6350,0.7006,0.5695,0.5695,0.6350,0.7538,0.6350,0.7538,0.5695,0.4998,0.4302,0.1557,0.0574,0.1229,0.1966,0.7400,0.8180,,0.0780,,24.05,-14.84,173.5,170.8,0.993,0.173,1.659
1791428329.6345317,0.7006,0.8767,0.4302,0.5695,0.4998,0.7006,0.7006,0.5695,0.7006,0.7538,0.1557,0.5695,0.4998,0.1229,0.0246,0.1966,0.1966,0.7400,0.8150,,0.0750,,23.88,-14.71,173.4,170.3,1.086,0.173,1.798
1791428329.6681075,0.6350,0.8030,0.5695,0.7006,0.6350,0.6350,0.6350,0.4998,0.6350,0.7006,0.4998,0.3646,0.3646,0.1557,0.0574,0.1966,0.1966,0.7430,0.8270,,0.0840,,24.50,-14.82,173.5,170.9,1.122,0.171,1.840
1791428329.7014441,0.5695,0.8767,0.5695,0.4302,0.4302,0.5695,0.5695,0.7538,0.3646,0.4998,0.2991,0.5695,0.4302,0.0942,0.0737,0.1966,0.1229,0.7390,0.8155,,0.0765,,23.91,-14.65,173.5,170.7,1.110,0.175,1.946
1791428329.7346282,0.4998,0.8440,0.8030,0.6350,0.4998,0.7538,0.6350,0.6350,0.6350,0.6350,0.5695,0.4998,0.4302,0.0942,0.0574,0.1229,0.1557,0.7470,0.8215,,0.0745,,23.94,-14.75,173.7,170.2,1.077,0.174,1.735
1791428329.7759087,0.4302,0.8030,0.4998,0.5695,0.7006,0.8030,0.8440,0.8030,0.7538,0.6350,0.4998,0.4302,0.3646,0.0574,0.0574,0.1557,0.1966,0.7390,0.8145,,0.0755,,23.68,-14.81,173.6,170.1,1.018,0.175,1.778
1791428329.8074398,0.4302,0.9054,0.5695,0.4302,0.4302,0.7538,0.8030,0.6350,0.5695,0.4998,0.4998,0.4998,0.4998,0.1966,0.0942,0.1557,0.0574,0.7400,0.8200,,0.0800,,23.38,-14.61,173.4,170.2,1.164,0.179,1.988
1791428329.83879,0.7006,0.8440,0.6350,0.5695,0.5695,0.8440,0.7538,0.7006,0.7006,0.6350,0.7006,0.4998,0.4302,0.0942,0.0942,0.1966,0.1229,0.7480,0.8165,,0.0685,,23.14,-14.66,172.9,170.8,1.050,0.177,1.787
1791428329.8698783,0.6350,0.5695,0.5695,0.4998,0.7006,0.8030,0.7538,0.7006,0.7006,0.5695,0.3646,0.4998,0.4998,0.0737,0.0246,0.1557,0.2458,0.7400,0.8145,,0.0745,,23.40,-14.77,173.1,170.8,1.007,0.174,1.741
1791428329.9018915,0.4302,0.8030,0.8030,0.5695,0.6350,0.7538,0.6350,0.6350,0.8030,0.6350,0.1966,0.3646,0.3646,0.0942,0.0737,0.2991,0.1966,0.7400,0.8155,,0.0755,,23.15,-14.49,173.0,170.8,1.154,0.176,1.889
1791428329.9345396,0.4302,0.8767,0.7006,0.6350,0.4998,0.7538,0.5695,0.7006,0.7538,0.5695,0.5695,0.5695,0.4302,0.1229,0.0737,0.1229,0.1229,0.7470,0.8135,,0.0665,,22.48,-14.41,173.2,170.8,1.084,0.178,1.853
1791428329.9685848,0.4302,0.7006,0.8030,0.4302,0.5695,0.6350,0.7006,0.6350,0.7538,0.6350,0.6350,0.4302,0.4998,0.0410,0.0737,0.1229,0.1557,0.7390,0.8145,,0.0755,,22.34,-14.35,173.2,171.0,1.090,0.180,1.866
1791428330.001171,0.4302,0.7538,0.8440,0.5695,0.5695,0.8440,0.6350,0.7006,0.7006,0.4998,0.5695,0.4302,0.4302,0.0942,0.0942,0.1557,0.0737,0.7420,0.8155,,0.0735,,22.61,,173.3,171.2,1.052,0.177,1.750
1791428330.035236,0.7538,0.8440,0.4998,0.5695,0.4998,0.7006,0.8440,0.7538,0.7006,0.7006,0.4998,0.4998,0.4302,0.0737,0.0410,0.2991,0.1229,0.7390,0.7985,,0.0595,,22.45,,169.5,171.0,0.967,0.172,1.617
1791428330.076432,0.5695,0.8030,0.5695,0.5695,0.4302,0.6350,0.8440,0.6350,0.6350,0.5695,0.6350,0.4998,0.4302,0.0737,0.0205,0.0942,0.1229,0.7390,0.8155,,0.0765,,22.65,,169.5,170.9,1.023,0.173,1.713
1791428330.1079128,0.5695,0.8030,0.8030,0.4302,0.3646,0.8767,0.5695,0.6350,0.6350,0.5695,0.5695,0.5695,0.4998,0.1557,0.0942,0.0574,0.0369,0.7430,0.8155,,0.0725,,22.29,,170.1,170.5,1.091,0.176,1.827
1791428330.1382806,0.6350,0.8440,0.6350,0.5695,0.5695,0.8440,0.7538,0.6350,0.6350,0.7006,0.4998,0.4998,0.4302,0.1229,0.0737,0.1557,0.1966,0.7390,0.8145,,0.0755,,22.71,,170.8,170.7,1.019,0.174,1.664
1791428330.170439,0.6350,0.8030,0.8030,0.6350,0.4998,0.7006,0.5695,0.6350,0.7538,0.5695,0.6350,0.5695,0.4998,0.1229,0.1229,0.1557,0.1966,0.7390,0.8155,,0.0765,,23.26,,171.2,170.4,0.988,0.171,1.652
1791428330.2024288,0.5695,0.8030,0.6350,0.6350,0.4302,0.7006,0.7006,0.8030,0.7006,0.7006,0.6350,0.4998,0.3646,0.0410,0.0574,0.1966,0.1229,0.7390,0.8180,,0.0790,,23.40,,171.7,170.9,1.031,0.173,1.807
1791428330.2359083,0.6350,0.7538,0.6350,0.6350,0.4998,0.6350,0.7006,0.7006,0.7538,0.7006,0.4302,0.4998,0.4998,0.1557,0.1229,0.1966,0.0369,0.7430,0.8160,,0.0730,,23.54,,171.8,170.6,1.068,0.171,1.724
1791428330.2685232,0.6350,0.8440,0.7006,0.6350,0.5695,0.7538,0.7006,0.8030,0.8030,0.7006,0.7538,0.5695,0.4302,0.0942,0.0410,0.1557,0.0942,0.7410,0.8215,,0.0805,,23.79,,172.1,170.7,1.042,0.171,1.760
1791428330.3022122,0.6350,0.8440,0.7538,0.4998,0.7006,0.7538,0.8030,0.7538,0.7006,0.4302,0.5695,0.5695,0.4998,0.1966,0.1229,0.2458,0.2458,0.7470,0.8280,,0.0810,,24.44,,172.2,171.0,1.082,0.169,1.789
1791428330.335451,0.4998,0.8030,0.8440,0.4998,0.7006,0.8030,0.8030,0.6350,0.7538,0.4998,0.5695,0.6350,0.4302,0.2458,0.0574,0.2991,0.1966,0.7390,0.8150,,0.0760,,24.04,,172.3,170.5,1.070,0.172,1.796
1791428330.3767967,0.3646,0.7538,0.7538,0.4998,0.5695,0.7538,0.8440,0.7006,0.7538,0.5695,0.4998,0.4998,0.4302,0.0369,0.0737,0.1229,0.1966,0.7390,0.8135,,0.0745,,23.64,,172.4,170.8,1.091,0.174,1.823
1791428330.4083972,0.7006,0.8030,0.6350,0.6350,0.7538,0.6350,0.7006,0.7006,0.7006,0.4302,0.4998,0.5695,0.4302,0.1557,0.0369,0.2991,0.1557,0.7390,0.8175,,0.0785,,23.75,,172.7,171.1,1.038,0.174,1.718
1791428330.440349,0.7006,0.7538,0.7538,0.4998,0.4302,0.5695,0.6350,0.7006,0.6350,0.7006,0.4998,0.5695,0.4998,0.0942,0.0737,0.0574,0.0574,0.7390,0.8155,,0.0765,,23.85,,172.7,170.7,0.986,0.173,1.648
1791428330.4715753,0.4998,0.9259,0.5695,0.4998,0.5695,0.6350,0.7006,0.6350,0.7006,0.6350,0.1966,0.4998,0.4302,0.1229,0.0574,0.2458,0.0205,0.7450,0.8205,,0.0755,,23.70,,173.1,170.5,1.152,0.174,1.857
1791428330.503034,0.7006,0.8767,0.5695,0.4998,0.3646,0.5695,0.6350,0.6350,0.5695,0.5695,0.6350,0.4998,0.4998,0.0737,0.0942,0.1966,0.1229,0.7390,0.8210,,0.0820,,24.09,,173.2,170.7,1.122,0.173,1.751
1791428330.5352142,0.4998,0.8030,0.4302,0.5695,0.4302,0.6350,0.8440,0.6350,0.5695,0.6350,0.4998,0.5695,0.4302,0.0410,0.0737,0.0737,0.0246,0.7450,0.8150,,0.0700,,23.61,,173.0,170.4,1.041,0.174,1.764
1791428330.5685086,0.7538,0.8767,0.7538,0.6350,0.4998,0.8030,0.7538,0.7006,0.7006,0.7538,0.2991,0.7006,0.6350,0.2991,0.0942,0.0737,0.0410,0.7470,0.8180,0.7100,0.0710,-0.1080,23.29,-14.77,172.8,170.2,1.020,0.174,1.767
1791428330.6031182,0.5695,0.8440,0.7538,0.4302,0.5695,0.8030,0.5695,0.7006,0.5695,0.7538,0.7006,0.5695,0.4302,0.1229,0.0737,0.0737,0.0369,0.7450,0.8190,,0.0740,,23.17,-14.86,172.8,170.5,1.038,0.175,1.801
1791428330.6353917,0.7006,0.8767,0.6350,0.5695,0.7006,0.7006,0.7538,0.6350,0.7538,0.7538,0.5695,0.6350,0.4998,0.0369,0.0942,0.1557,0.1966,0.7400,0.8205,,0.0805,,23.72,-15.13,172.7,170.6,0.983,0.173,1.676
1791428330.6696982,0.4302,0.6350,0.7006,0.6350,0.4302,0.7538,0.7006,0.7006,0.6350,0.6350,0.2991,0.5695,0.4302,0.0942,0.0942,0.1966,0.1966,0.7450,0.8140,,0.0690,,23.46,-14.97,172.4,170.3,1.056,0.172,1.771
1791428330.709732,0.7006,0.8440,0.8030,0.7006,0.5695,0.5695,0.6350,0.8030,0.7538,0.7538,0.6350,0.6350,0.4302,0.0574,0.1557,0.0410,0.0574,0.7470,0.8185,,0.0715,,23.85,-15.10,172.9,170.1,1.005,0.167,1.684
1791428330.7418847,0.5695,0.6350,0.7006,0.4302,0.4302,0.6350,0.7538,0.5695,0.6350,0.7006,0.5695,0.5695,0.4998,0.0737,0.0737,0.1557,0.2458,0.7470,0.8210,,0.0740,,23.41,-15.07,173.0,170.2,1.075,0.171,1.828
1791428330.7731094,0.4302,0.7006,0.7006,0.4998,0.4302,0.7006,0.5695,0.6350,0.6350,0.6350,0.5695,0.4998,0.4998,0.0369,0.0942,0.1229,0.1966,0.7400,0.8185,,0.0785,,23.59,-14.89,173.1,170.2,1.112,0.171,1.773
1791428330.8056147,0.6350,0.7538,0.8030,0.7006,0.6350,0.7538,0.7006,0.8030,0.8030,0.6350,0.4302,0.5695,0.5695,0.0942,0.1229,0.0574,0.2991,0.7510,0.8195,0.7040,0.0685,-0.1155,23.67,-15.08,172.9,170.4,1.017,0.168,1.641
1791428330.8361115,0.4998,0.7538,0.8440,0.4302,0.4998,0.7006,0.7538,0.6350,0.7006,0.5695,0.4998,0.5695,0.4998,0.0410,0.0942,0.0574,0.0737,0.7450,0.8175,,0.0725,,23.49,-14.83,172.8,170.8,1.132,0.169,1.796
1791428330.8689907,0.6350,0.6350,0.8030,0.6350,0.4998,0.5695,0.8030,0.5695,0.5695,0.4302,0.7006,0.4998,0.4302,0.1229,0.1229,0.1557,0.1229,0.7410,0.8200,,0.0790,,23.94,-14.80,172.7,170.7,1.090,0.168,1.780
1791428330.902857,0.5695,0.6350,0.4998,0.5695,0.5695,0.7006,0.7538,0.7006,0.7538,0.7006,0.4302,0.4998,0.4998,0.1966,0.0574,0.1557,0.0942,0.7400,0.8190,,0.0790,,24.27,-14.92,172.8,170.8,1.028,0.167,1.737
1791428330.935711,0.5695,0.6350,0.6350,0.4998,0.4998,0.7006,0.7538,0.8440,0.7006,0.5695,0.6350,0.5695,0.5695,0.1229,0.0410,0.2458,0.1229,0.7450,0.8195,0.6970,0.0745,-0.1225,24.02,-15.04,172.7,171.3,1.104,0.169,1.906
1791428330.969948,0.3646,0.7538,0.4302,0.4998,0.6350,0.5695,0.7006,0.7006,0.7006,0.8030,0.4998,0.5695,0.4302,0.0410,0.0737,0.0410,0.2458,0.7420,0.8130,,0.0710,,23.58,-14.84,172.4,171.4,1.091,0.170,1.841
1791428331.0119367,0.7538,0.6350,0.7538,0.5695,0.4998,0.7006,0.7006,0.6350,0.7538,0.2991,0.5695,0.5695,0.3646,0.1557,0.0942,0.1557,0.0942,0.7450,0.8135,,0.0685,,23.38,-14.85,172.6,170.9,1.031,0.169,1.746
1791428331.0433788,0.6350,0.5695,0.4998,0.4302,0.4998,0.7006,0.6350,0.7006,0.7006,0.7006,0.6350,0.4998,0.4302,0.0574,0.0369,0.0942,0.1229,0.7470,0.8185,,0.0715,,23.02,-14.82,172.8,170.3,1.092,0.171,1.812
1791428331.0761523,0.8440,0.8030,0.5695,0.6350,0.6350,0.5695,0.7006,0.6350,0.6350,0.5695,0.2458,0.4998,0.4302,0.0574,0.0410,0.0410,0.0369,0.7450,0.8190,,0.0740,,23.58,-15.11,173.1,169.5,0.981,0.167,1.618
1791428331.10681,0.5695,0.6350,0.4302,0.4998,0.4302,0.5695,0.7006,0.5695,0.8030,0.7006,0.3646,0.5695,0.4302,0.1229,0.0737,0.1229,0.1557,0.7500,0.8175,,0.0675,,23.30,-15.00,173.3,169.6,1.091,0.167,1.753
1791428331.1379743,0.4302,0.7538,0.6350,0.5695,0.4998,0.6350,0.8440,0.6350,0.7006,0.6350,0.6350,0.4998,0.4998,0.1229,0.0942,0.1557,0.1557,0.7430,0.8160,,0.0730,,23.09,-15.07,173.1,170.0,1.021,0.169,1.773
1791428331.1696258,0.4998,0.7538,0.6350,0.5695,0.5695,0.8030,0.6350,0.5695,0.6350,0.4998,0.4998,0.4998,0.4302,0.1966,0.0246,0.1557,0.1557,0.7430,0.8180,,0.0750,,23.04,-14.98,173.3,170.0,1.095,0.171,1.862
1791428331.2029479,0.4302,0.8440,0.7538,0.6350,0.7538,0.4998,0.7538,0.6350,0.7006,0.7538,0.6350,0.4302,0.4998,0.0737,0.0737,0.0737,0.0942,0.7430,0.8170,,0.0740,,22.91,-14.78,173.4,170.5,1.132,0.173,1.918
1791428331.236477,0.4998,0.8440,0.5695,0.2991,0.4998,0.7006,0.7538,0.7006,0.7538,0.5695,0.5695,0.6350,0.4998,0.1557,0.0369,0.1229,0.1229,0.7410,0.8190,,0.0780,,23.14,-14.71,173.5,170.7,1.116,0.173,1.839
1791428331.269194,0.4998,0.5695,0.7538,0.6350,0.5695,0.6350,0.7538,0.7006,0.5695,0.6350,0.5695,0.4302,0.4998,0.1557,0.1557,0.1966,0.1557,0.7450,0.8185,,0.0735,,23.22,-14.78,173.5,171.1,1.065,0.172,1.804
1791428331.307964,0.5695,0.8030,0.5695,0.4998,0.4302,0.8030,0.7006,0.5695,0.5695,0.8030,0.4302,0.4998,0.3646,0.0574,0.0574,0.0942,0.1557,0.7390,0.8235,,0.0845,,24.07,-14.89,173.9,170.6,1.091,0.170,1.788
1791428331.343643,0.3646,0.7538,0.7006,0.4998,0.4302,0.7006,0.7538,0.6350,0.4998,0.4302,0.5695,0.4998,0.4302,0.1229,0.0737,0.3646,0.1557,0.7480,0.8200,,0.0720,,23.79,-15.17,173.3,170.6,0.987,0.171,1.724
1791428331.3744264,0.5695,0.7538,0.7006,0.4302,0.4302,0.7538,0.6350,0.7006,0.7006,0.6350,0.5695,0.5695,0.3646,0.0942,0.0737,0.0410,0.2458,0.7410,0.8170,,0.0760,,23.73,-15.04,173.2,170.4,1.092,0.171,1.751
1791428331.4058473,0.5695,0.8030,0.7006,0.4998,0.5695,0.7006,0.7006,0.7538,0.7538,0.5695,0.5695,0.5695,0.4998,0.0942,0.0737,0.1966,0.2458,0.7450,0.8190,,0.0740,,23.62,-15.12,173.0,170.3,1.042,0.172,1.749
1791428331.4368393,0.4998,0.9054,0.7006,0.4302,0.5695,0.7538,0.4998,0.5695,0.7006,0.7538,0.5695,0.4998,0.4998,0.0737,0.0410,0.2458,0.1229,0.7500,0.8180,,0.0680,,23.32,-15.14,173.2,170.5,1.049,0.171,1.718
1791428331.4692004,0.8030,0.8440,0.7538,0.4998,0.4998,0.5695,0.6350,0.7006,0.6350,0.2991,0.6350,0.4302,0.4302,0.1229,0.0369,0.0942,0.1966,0.7450,0.8195,,0.0745,,23.44,,172.5,170.3,1.015,0.170,1.785
1791428331.5035007,0.4998,0.3646,0.3646,0.4302,0.4302,0.4998,0.8030,0.5695,0.7006,0.6350,0.4302,0.4998,0.4302,0.1557,0.0410,0.2458,0.1966,0.7460,0.8185,,0.0725,,23.30,,172.4,170.4,1.029,0.171,1.804
1791428331.53638,0.7006,0.7538,0.8030,0.5695,0.4302,0.4302,0.7538,0.6350,0.5695,0.5695,0.2991,0.6350,0.5695,0.2458,0.0410,0.1966,0.1557,0.7460,0.8165,0.7080,0.0705,-0.1085,23.03,-15.17,172.0,170.6,1.050,0.172,1.794
1791428331.5803204,0.6350,0.8030,0.7538,0.5695,0.4998,0.8440,0.6350,0.5695,0.7538,0.6350,0.4998,0.4998,0.4302,0.1966,0.0942,0.1966,0.1966,0.7500,0.8155,,0.0655,,22.48,-15.04,172.2,171.0,1.070,0.173,1.790
1791428331.611259,0.4998,0.7006,0.4998,0.4302,0.4998,0.8030,0.6350,0.6350,0.5695,0.6350,0.4302,0.4302,0.3646,0.0574,0.0942,0.2458,0.1966,0.7450,0.8140,,0.0690,,21.99,-14.93,172.4,171.3,1.057,0.176,1.847
1791428331.6432598,0.4998,0.7538,0.5695,0.6350,0.4302,0.4998,0.7538,0.5695,0.6350,0.5695,0.4998,0.4998,0.4302,0.0737,0.0737,0.1966,0.0410,0.7430,0.8195,,0.0765,,22.61,-15.09,172.8,170.9,1.019,0.173,1.665
1791428331.6744587,0.5695,0.7538,0.5695,0.7006,0.6350,0.6350,0.8030,0.6350,0.5695,0.4998,0.2458,0.5695,0.4998,0.2458,0.0205,0.1966,0.1557,0.7460,0.8195,,0.0735,,22.98,-15.18,172.9,170.7,1.033,0.171,1.741
1791428331.70637,0.6350,0.7538,0.7538,0.7006,0.6350,0.6350,0.5695,0.6350,0.8440,0.5695,0.5695,0.4998,0.4302,0.1966,0.0574,0.1966,0.1557,0.7540,0.8190,,0.0650,,22.87,-15.32,173.1,171.0,1.002,0.168,1.622
1791428331.7377136,0.6350,0.5695,0.8440,0.7006,0.3646,0.7006,0.6350,0.5695,0.6350,0.7006,0.5695,0.5695,0.5695,0.0737,0.0942,0.1966,0.1229,0.7450,0.8200,0.7000,0.0750,-0.1200,23.36,-15.35,173.2,171.3,1.083,0.166,1.712
1791428331.7705443,0.3646,0.8030,0.7006,0.4302,0.4998,0.7006,0.7006,0.7006,0.8030,0.5695,0.6350,0.5695,0.4302,0.1229,0.0246,0.1966,0.0942,0.7460,0.8190,,0.0730,,23.66,-15.46,173.1,170.9,1.012,0.164,1.680
1791428331.8041844,0.4302,0.4998,0.8030,0.5695,0.4998,0.7006,0.7538,0.7006,0.8030,0.6350,0.2991,0.5695,0.5695,0.0574,0.0737,0.1229,0.1557,0.7440,0.8145,0.6980,0.0705,-0.1165,23.15,-15.23,173.2,170.8,1.137,0.168,1.832
1791428331.8372283,0.4302,0.7538,0.7538,0.4998,0.7006,0.7006,0.7006,0.7006,0.7006,0.7006,0.4302,0.4998,0.3646,0.1229,0.0574,0.2991,0.0737,0.7500,0.8215,,0.0715,,22.98,-15.29,173.7,170.8,1.069,0.169,1.835
1791428331.8701618,0.4998,0.6350,0.5695,0.5695,0.6350,0.7006,0.7006,0.5695,0.5695,0.4998,0.6350,0.4302,0.4302,0.0574,0.0737,0.1966,0.0410,0.7440,0.8170,,0.0730,,22.84,-15.33,173.1,170.7,1.031,0.171,1.757
1791428331.9038095,0.5695,0.8440,0.8767,0.5695,0.6350,0.8030,0.7538,0.7006,0.7538,0.6350,0.7538,0.5695,0.4998,0.0737,0.0205,0.1557,0.1229,0.7420,0.8195,,0.0775,,23.13,-15.30,173.2,170.7,1.076,0.171,1.792
1791428331.9433615,0.4998,0.8030,0.4998,0.5695,0.4998,0.6350,0.7538,0.6350,0.8030,0.6350,0.4302,0.5695,0.4998,0.1557,0.0410,0.2458,0.0369,0.7500,0.8190,,0.0690,,22.94,-15.26,173.1,170.8,1.080,0.171,1.735
1791428331.9752858,0.3646,0.7006,0.5695,0.5695,0.4998,0.7006,0.6350,0.6350,0.8030,0.7006,0.2991,0.4998,0.4998,0.1229,0.0574,0.0574,0.0369,0.7450,0.8135,,0.0685,,22.12,-14.76,172.4,170.2,1.205,0.176,1.975
1791428332.0065913,0.8030,0.8030,0.5695,0.5695,0.4998,0.7006,0.7006,0.5695,0.7006,0.4998,0.5695,0.5695,0.4302,0.1229,0.0574,0.0737,0.0574,0.7510,0.8145,,0.0635,,21.76,-14.59,172.4,170.4,1.127,0.175,1.853
1791428332.0386078,0.6350,0.8767,0.5695,0.7006,0.4302,0.7006,0.8030,0.6350,0.7538,0.7006,0.4302,0.4302,0.4302,0.0942,0.0410,0.2458,0.0369,0.7430,0.8220,,0.0790,,22.28,-14.85,172.8,170.3,1.047,0.175,1.719
1791428332.0711324,0.4998,0.7538,0.3646,0.5695,0.4302,0.7006,0.6350,0.7006,0.6350,0.7006,0.4998,0.4302,0.4302,0.1229,0.0737,0.1229,0.0942,0.7430,0.8180,,0.0750,,22.11,-14.86,172.9,170.6,1.084,0.178,1.876
1791428332.1047091,0.4998,0.8440,0.7006,0.4998,0.4302,0.8440,0.5695,0.5695,0.7006,0.5695,0.5695,0.5695,0.4998,0.0737,0.0369,0.1966,0.1557,0.7430,0.8185,,0.0755,,22.40,-14.86,172.7,170.8,1.091,0.177,1.785
1791428332.137893,0.8030,0.8440,0.7538,0.6350,0.5695,0.6350,0.7006,0.7538,0.7538,0.6350,0.5695,0.5695,0.4302,0.1557,0.0574,0.1966,0.1557,0.7410,0.8185,,0.0775,,22.70,-14.72,172.8,171.2,1.147,0.177,1.898
1791428332.1716971,0.4998,0.7538,0.7006,0.6350,0.4302,0.9054,0.7006,0.5695,0.7006,0.4302,0.6350,0.4998,0.4998,0.1229,0.0574,0.0369,0.0369,0.7490,0.8145,,0.0655,,21.99,-14.69,172.7,171.1,1.075,0.179,1.812
1791428332.2116416,0.4998,0.7538,0.8440,0.6350,0.7006,0.5695,0.7538,0.6350,0.6350,0.7006,0.4998,0.4998,0.4302,0.1557,0.1229,0.3646,0.1966,0.7540,0.8205,,0.0665,,21.97,-14.91,172.8,170.9,1.041,0.176,1.745
1791428332.2427313,0.5695,0.9054,0.8030,0.4998,0.4998,0.6350,0.7006,0.5695,0.5695,0.7006,0.2991,0.4302,0.4302,0.0369,0.0369,0.1229,0.1229,0.7420,0.8160,,0.0740,,21.97,-14.68,173.0,171.6,1.152,0.178,1.892
1791428332.2747555,0.7006,0.5695,0.8440,0.6350,0.4998,0.7538,0.7006,0.7006,0.5695,0.4302,0.7006,0.4998,0.4302,0.0574,0.0942,0.2458,0.1557,0.7540,0.8205,,0.0665,,22.08,-14.85,173.1,171.5,1.059,0.174,1.680
1791428332.3069055,0.5695,0.8767,0.4998,0.7006,0.5695,0.7006,0.7006,0.7006,0.4302,0.6350,0.5695,0.5695,0.4998,0.0369,0.0574,0.0942,0.2458,0.7460,0.8200,,0.0740,,22.53,-15.01,172.8,171.4,1.047,0.172,1.741
1791428332.337861,0.7538,0.9054,0.8030,0.4998,0.4998,0.8030,0.7006,0.7006,0.6350,0.6350,0.5695,0.5695,0.4302,0.0737,0.1557,0.0410,0.0410,0.7440,0.8235,,0.0795,,23.05,,172.9,170.6,1.096,0.171,1.782
1791428332.3714538,0.7006,0.7006,0.6350,0.4302,0.5695,0.7538,0.7006,0.4998,0.7538,0.5695,0.4998,0.5695,0.4998,0.1966,0.0369,0.1557,0.1557,0.7450,0.8205,,0.0755,,23.11,,173.1,170.8,1.137,0.172,1.823
1791428332.4043965,0.6350,0.8440,0.6350,0.6350,0.2991,0.7538,0.4998,0.5695,0.7006,0.7538,0.6350,0.4998,0.4998,0.1229,0.0246,0.0942,0.0942,0.7510,0.8135,,0.0625,,22.29,,173.2,171.0,1.175,0.174,1.883
1791428332.4377742,0.5695,0.7006,0.4998,0.5695,0.4302,0.7006,0.5695,0.5695,0.7006,0.6350,0.6350,0.4998,0.3646,0.0369,0.0942,0.1966,0.1966,0.7440,0.8165,,0.0725,,22.24,,173.5,171.3,1.106,0.175,1.807
1791428332.4724045,0.5695,0.9054,0.5695,0.7006,0.7006,0.7538,0.7006,0.6350,0.7006,0.6350,0.6350,0.4998,0.5695,0.1229,0.0369,0.1229,0.0369,0.7490,0.8175,,0.0685,,22.03,,173.3,171.8,1.095,0.175,1.808
1791428332.5115817,0.4302,0.6350,0.6350,0.4998,0.4998,0.5695,0.6350,0.7006,0.7006,0.7006,0.4998,0.4302,0.4302,0.0205,0.0737,0.1966,0.1966,0.7430,0.8265,,0.0835,,22.83,,173.5,171.5,1.111,0.174,1.832
1791428332.5436373,0.5695,0.7006,0.5695,0.4302,0.4302,0.7538,0.8030,0.6350,0.7538,0.6350,0.2991,0.5695,0.5695,0.1557,0.0369,0.2458,0.1557,0.7430,0.8225,0.7060,0.0795,-0.1165,23.33,-14.96,173.1,171.4,1.039,0.173,1.730
1791428332.5751202,0.7006,0.6350,0.6350,0.5695,0.4302,0.7538,0.7006,0.6350,0.7538,0.6350,0.4998,0.4998,0.4302,0.1557,0.0737,0.4302,0.0574,0.7440,0.8135,,0.0695,,23.10,-14.96,173.0,171.3,1.033,0.173,1.760
1791428332.6072066,0.7006,0.3646,0.6350,0.4998,0.7006,0.7538,0.8030,0.7538,0.7006,0.5695,0.6350,0.5695,0.5695,0.0246,0.1229,0.1229,0.1557,0.7440,0.8220,0.7050,0.0780,-0.1170,23.43,-14.92,172.6,171.4,1.111,0.172,1.802
1791428332.638436,0.7538,0.6350,0.5695,0.7006,0.4998,0.7006,0.6350,0.6350,0.7538,0.2458,0.6350,0.4998,0.4302,0.1966,0.0737,0.2458,0.0574,0.7500,0.8220,,0.0720,,23.39,-15.05,172.8,171.5,1.059,0.171,1.810
1791428332.67165,0.5695,0.8030,0.6350,0.5695,0.4998,0.5695,0.7538,0.5695,0.6350,0.6350,0.4998,0.4998,0.4302,0.0737,0.0574,0.1229,0.1966,0.7440,0.8235,,0.0795,,23.51,-15.14,172.9,171.5,1.080,0.173,1.833
1791428332.7055883,0.3646,0.7006,0.7006,0.7006,0.6350,0.7006,0.6350,0.7538,0.5695,0.2991,0.5695,0.5695,0.4302,0.0942,0.0410,0.1229,0.1557,0.7440,0.8205,,0.0765,,23.49,-15.18,172.8,171.3,1.067,0.173,1.806
1791428332.7386081,0.5695,0.4998,0.7538,0.4998,0.5695,0.7538,0.7006,0.4302,0.6350,0.4998,0.4998,0.4302,0.4302,0.0574,0.0942,0.2991,0.1557,0.7490,0.8210,,0.0720,,23.24,-15.08,173.1,171.1,1.116,0.174,1.780
1791428332.7727227,0.3646,0.8030,0.8440,0.4998,0.8440,0.6350,0.8440,0.7006,0.8030,0.6350,0.5695,0.4998,0.6350,0.0942,0.0574,0.0369,0.1966,0.7450,0.8235,,0.0785,,23.40,-15.07,172.8,171.2,1.116,0.174,1.839
1791428332.8133357,0.4998,0.8030,0.7006,0.5695,0.6350,0.7006,0.8030,0.6350,0.6350,0.4998,0.3646,0.4302,0.4302,0.1557,0.0574,0.1557,0.1966,0.7490,0.8180,,0.0690,,22.96,-15.01,172.1,171.3,1.086,0.175,1.716
1791428332.845234,0.6350,0.7006,0.7538,0.4998,0.6350,0.7006,0.7006,0.6350,0.6350,0.4302,0.4998,0.4998,0.4302,0.1557,0.0574,0.1557,0.0737,0.7490,0.8190,,0.0700,,22.66,-14.84,172.1,170.9,1.142,0.176,1.766
1791428332.874698,0.7006,0.8030,0.7538,0.4302,0.6350,0.7006,0.7006,0.7006,0.4998,0.6350,0.6350,0.4998,0.5695,0.0942,0.1557,0.1229,0.0942,0.7450,0.8170,,0.0720,,22.24,-14.55,172.1,170.9,1.181,0.179,1.933
1791428332.9064457,0.5695,0.5695,0.8440,0.6350,0.3646,0.7006,0.8440,0.6350,0.7006,0.7006,0.5695,0.4998,0.4302,0.0737,0.0246,0.1966,0.1557,0.7430,0.8255,,0.0825,,23.24,-14.76,172.6,170.7,1.093,0.175,1.728
1791428332.938397,0.4998,0.8030,0.4998,0.5695,0.4302,0.6350,0.8030,0.5695,0.5695,0.7006,0.5695,0.3646,0.4302,0.1229,0.0737,0.1557,0.0574,0.7440,0.8135,,0.0695,,22.64,-14.61,172.6,170.5,1.101,0.177,1.832
1791428332.97192,0.5695,0.7538,0.7006,0.6350,0.7006,0.5695,0.7538,0.6350,0.6350,0.6350,0.2991,0.5695,0.4302,0.1557,0.0410,0.0574,0.0410,0.7470,0.8220,,0.0750,,22.92,-14.73,172.8,170.5,1.086,0.175,1.780
1791428333.0053182,0.7538,0.7006,0.7538,0.6350,0.2991,0.7006,0.4998,0.6350,0.7006,0.5695,0.4998,0.4998,0.4302,0.1229,0.0737,0.1557,0.0942,0.7490,0.8190,,0.0700,,22.65,-14.79,172.5,170.6,1.075,0.176,1.786
1791428333.0388613,0.4998,0.8030,0.6350,0.5695,0.4302,0.6350,0.8030,0.6350,0.7538,0.5695,0.7006,0.5695,0.4302,0.0737,0.0205,0.0942,0.0942,0.7440,0.8155,,0.0715,,22.30,-14.70,172.7,170.8,1.095,0.178,1.909
1791428333.0802252,0.5695,0.8030,0.7538,0.6350,0.4998,0.5695,0.7006,0.5695,0.7006,0.4302,0.4998,0.4302,0.4302,0.0737,0.0942,0.1557,0.0574,0.7440,0.8185,,0.0745,,22.22,-14.63,172.8,171.0,1.122,0.179,1.840
1791428333.1118312,0.4998,0.7538,0.4302,0.5695,0.6350,0.7006,0.7006,0.7538,0.7006,0.6350,0.5695,0.5695,0.4998,0.0410,0.0410,0.0942,0.1557,0.7440,0.8190,,0.0750,,22.60,-14.80,172.5,171.3,1.038,0.177,1.776
1791428333.14326,0.5695,0.8030,0.7006,0.6350,0.4302,0.7538,0.7006,0.6350,0.6350,0.6350,0.7006,0.4998,0.4302,0.0942,0.0574,0.1229,0.0205,0.7440,0.8160,,0.0720,,22.81,,172.6,171.3,1.019,0.174,1.670
1791428333.174802,0.4998,0.8030,0.8030,0.4998,0.4998,0.8030,0.6350,0.6350,0.8030,0.6350,0.5695,0.5695,0.4302,0.1557,0.0574,0.1557,0.0942,0.7440,0.8180,,0.0740,,22.76,,172.9,171.2,1.061,0.175,1.818
1791428333.206815,0.6350,0.7538,0.5695,0.4998,0.4302,0.8030,0.7538,0.4998,0.5695,0.5695,0.6350,0.4998,0.4302,0.0369,0.0942,0.1557,0.1229,0.7440,0.8180,,0.0740,,22.62,,172.9,171.1,1.132,0.176,1.811
1791428333.2384086,0.2991,0.8030,0.7006,0.4302,0.7538,0.7006,0.7006,0.6350,0.6350,0.6350,0.5695,0.5695,0.4302,0.0942,0.0942,0.1966,0.0942,,0.8180,,,,22.62,,173.1,170.7,1.082,0.176,
1791428333.2720816,0.4302,0.7006,0.8030,0.4998,0.4302,0.6350,0.8440,0.6350,0.7538,0.4998,0.5695,0.4998,0.3646,0.0369,0.0942,0.1229,0.1557,0.7440,0.8205,,0.0765,,22.87,,173.1,171.0,1.067,0.176,1.761
1791428333.3055282,0.8030,0.8030,0.5695,0.6350,0.5695,0.6350,0.6350,0.6350,0.6350,0.6350,0.4998,0.3646,0.3646,0.1229,0.0410,0.0737,0.0737,0.7510,0.8200,,0.0690,,22.58,,173.1,170.8,1.095,0.176,1.804
1791428333.3389897,0.6350,0.8767,0.6350,0.5695,0.4998,0.6350,0.6350,0.7006,0.8440,0.6350,0.4302,0.5695,0.4302,0.1229,0.0574,0.1966,0.1557,0.7440,0.8235,,0.0795,,23.22,,173.5,170.8,1.081,0.173,1.774
1791428333.3721783,0.5695,0.8440,0.4998,0.7538,0.4998,0.5695,0.6350,0.6350,0.6350,0.5695,0.4998,0.4302,0.4998,0.0574,0.1229,0.1966,0.0942,0.7450,0.8235,,0.0785,,23.36,,173.7,171.1,1.164,0.174,1.927
1791428333.4116917,0.7538,0.8440,0.7538,0.6350,0.7006,0.7006,0.7006,0.7006,0.5695,0.7538,0.5695,0.6350,0.5695,0.0737,0.0410,0.0410,0.0574,0.7440,0.8215,0.7080,0.0775,-0.1135,23.76,-14.89,173.8,171.5,1.067,0.172,1.762
1791428333.443814,0.4302,0.8030,0.7538,0.4998,0.4302,0.7538,0.8030,0.5695,0.5695,0.2991,0.6350,0.4998,0.4998,0.0942,0.0737,0.1557,0.1557,0.7460,0.8205,,0.0745,,23.46,-14.76,173.3,171.5,1.143,0.174,1.924
1791428333.475892,0.5695,0.5695,0.5695,0.4998,0.5695,0.7006,0.5695,0.4302,0.6350,0.2458,0.7006,0.4302,0.4302,0.0574,0.1229,0.1229,0.1557,0.7440,0.8170,,0.0730,,23.30,-14.84,173.0,171.6,1.034,0.174,1.872
1791428333.5069666,0.7006,0.8767,0.8440,0.3646,0.5695,0.5695,0.6350,0.7006,0.6350,0.5695,0.7538,0.4302,0.4302,0.0246,0.0574,0.1229,0.1229,0.7440,0.8180,,0.0740,,23.49,-14.93,172.8,171.6,1.039,0.172,1.736
1791428333.5394263,0.7006,0.8030,0.7538,0.6350,0.6350,0.6350,0.6350,0.7006,0.7538,0.4302,0.6350,0.5695,0.5695,0.1229,0.0574,0.0574,0.0574,0.7500,0.8175,0.7130,0.0675,-0.1045,23.23,-14.91,172.2,171.3,0.986,0.171,1.700
1791428333.572116,0.7006,0.8440,0.7006,0.4998,0.4302,0.4998,0.7006,0.4998,0.6350,0.7006,0.7006,0.4302,0.4302,0.1557,0.0410,0.1557,0.0369,0.7420,0.8135,,0.0715,,22.94,-14.88,172.5,171.2,1.018,0.172,1.771
1791428333.605953,0.2458,0.4998,0.8030,0.5695,0.5695,0.8030,0.6350,0.6350,0.7538,0.6350,0.3646,0.4998,0.4302,0.0369,0.0369,0.1557,0.1229,,0.8205,,,,22.94,-14.88,173.0,171.0,1.106,0.172,
1791428333.6394186,0.7006,0.8440,0.7006,0.7006,0.5695,0.7006,0.7006,0.7006,0.5695,0.7538,0.3646,0.5695,0.4998,0.0737,0.0574,0.1557,0.1557,0.7440,0.8160,,0.0720,,22.92,-14.72,173.1,170.4,1.092,0.172,1.784
1791428333.672578,0.7006,0.6350,0.4998,0.5695,0.5695,0.7006,0.6350,0.5695,0.6350,0.3646,0.6350,0.4302,0.4302,0.0737,0.0942,0.1229,0.2991,0.7440,0.8190,,0.0750,,22.69,-14.57,173.1,170.1,1.132,0.175,1.928
1791428333.7140985,0.7006,0.8030,0.7006,0.4302,0.6350,0.6350,0.8030,0.5695,0.7006,0.6350,0.5695,0.4998,0.4302,0.0737,0.1557,0.1557,0.1966,0.7500,0.8185,,0.0685,,22.73,-14.79,173.3,170.6,0.995,0.172,1.715
1791428333.7454855,0.3646,0.8030,0.6350,0.6350,0.2991,0.6350,0.7538,0.5695,0.7538,0.6350,0.4302,0.4998,0.4302,0.1229,0.0737,0.0942,0.1229,0.7430,0.8165,,0.0735,,22.26,-14.41,173.0,170.5,1.192,0.177,1.965
1791428333.7765424,0.4998,0.8767,0.8767,0.4998,0.4302,0.6350,0.7006,0.5695,0.6350,0.7006,0.1966,0.4302,0.4302,0.0246,0.0574,0.1229,0.0737,0.7440,0.8155,,0.0715,,22.26,-14.46,173.3,170.4,1.043,0.177,1.806
1791428333.8086648,0.5695,0.7538,0.7006,0.5695,0.4998,0.5695,0.5695,0.6350,0.6350,0.2458,0.5695,0.4302,0.4302,0.0246,0.0737,0.1966,0.2991,0.7440,0.8205,,0.0765,,22.60,-14.69,173.4,170.4,1.020,0.176,1.792
1791428333.8394477,0.3646,0.2458,0.4998,0.5695,0.6350,0.7538,0.5695,0.5695,0.4998,0.6350,0.5695,0.4998,0.4302,0.0246,0.0410,0.0574,0.1557,0.7490,0.8225,,0.0735,,22.62,-14.59,173.7,170.0,1.147,0.176,1.805
1791428333.8731303,0.5695,0.7538,0.8030,0.4998,0.4302,0.7006,0.7538,0.6350,0.7006,0.5695,0.4998,0.5695,0.4998,0.1229,0.0574,0.0942,0.1229,0.7440,0.8265,,0.0825,,23.03,-14.53,173.4,170.5,1.179,0.177,1.866
1791428333.9068842,0.7006,0.8767,0.7006,0.4998,0.7006,0.6350,0.7538,0.7538,0.6350,0.5695,0.7006,0.5695,0.4998,0.1229,0.0737,0.1229,0.1229,0.7490,0.8140,,0.0650,,22.01,-14.31,172.9,170.8,1.127,0.181,1.823
1791428333.940522,0.4998,0.8030,0.6350,0.6350,0.2991,0.6350,0.7006,0.6350,0.7006,0.6350,0.4302,0.4998,0.4998,0.1557,0.0574,0.1557,0.0369,0.7440,0.8215,,0.0775,,22.70,-14.38,173.0,170.7,1.102,0.177,1.759
1791428333.9727714,0.3646,0.4998,0.7006,0.4998,0.3646,0.7538,0.7538,0.7538,0.7006,0.5695,0.5695,0.4998,0.4998,0.0737,0.1229,0.1229,0.1966,0.7440,0.8215,,0.0775,,23.23,-14.50,173.0,170.9,1.077,0.174,1.753
1791428334.0133815,0.5695,0.8030,0.6350,0.3646,0.4302,0.6350,0.6350,0.7006,0.7006,0.5695,0.2991,0.4998,0.4998,0.1229,0.0369,0.1966,0.0942,0.7440,0.8160,,0.0720,,22.78,-14.37,173.0,170.4,1.111,0.176,1.858
1791428334.045199,0.2991,0.7538,0.6350,0.7538,0.6350,0.6350,0.6350,0.6350,0.7006,0.6350,0.5695,0.4998,0.5695,0.0737,0.0574,0.0574,0.0942,,0.8175,,,,22.78,-14.37,173.0,170.1,1.013,0.176,
1791428334.0766006,0.7538,0.7538,0.4998,0.4302,0.6350,0.6350,0.7538,0.4998,0.7006,0.5695,0.4302,0.4998,0.4998,0.1229,0.0574,0.0942,0.0942,0.7460,0.8210,,0.0750,,23.01,,173.4,170.1,1.142,0.175,1.815
1791428334.1087656,0.4302,0.8440,0.9054,0.6350,0.4302,0.7538,0.4998,0.7006,0.6350,0.1966,0.4998,0.4998,0.4302,0.0942,0.0942,0.0574,0.0574,0.7440,0.8205,,0.0765,,22.85,,172.6,170.8,1.164,0.177,1.998
1791428334.1409273,0.5695,0.7538,0.7538,0.7538,0.2991,0.6350,0.7538,0.5695,0.5695,0.7006,0.3646,0.4302,0.4302,0.0942,0.0369,0.1557,0.0942,0.7440,0.8220,,0.0780,,22.99,,173.0,170.5,1.106,0.178,1.831
1791428334.1734853,0.2991,0.9054,0.6350,0.7538,0.5695,0.6350,0.7006,0.6350,0.8030,0.5695,0.1557,0.5695,0.4302,0.0737,0.0942,0.2991,0.0410,,0.8200,,,,22.99,,172.6,170.0,0.985,0.178,
1791428334.2073698,0.4998,0.9259,0.7538,0.4998,0.3646,0.7538,0.5695,0.6350,0.7006,0.6350,0.5695,0.5695,0.4302,0.0574,0.0737,0.0574,0.0410,0.7440,0.8225,,0.0785,,23.09,,172.5,170.1,1.003,0.178,1.804
1791428334.2402244,0.8030,0.4998,0.5695,0.6350,0.3646,0.7006,0.6350,0.7538,0.6350,0.4998,0.2991,0.4998,0.4998,0.0574,0.1229,0.0410,0.1557,0.7440,0.8185,,0.0745,,23.06,,172.4,169.9,1.056,0.178,1.783
1791428334.2731636,0.4998,0.8030,0.6350,0.4302,0.4302,0.7006,0.5695,0.7006,0.5695,0.4998,0.1557,0.4302,0.4302,0.0942,0.0410,0.1966,0.0942,0.7440,0.8185,,0.0745,,23.14,,172.4,171.0,1.106,0.177,1.806
1791428334.3140745,0.5695,0.7006,0.4998,0.5695,0.7006,0.7538,0.7006,0.7006,0.5695,0.7006,0.2991,0.4998,0.4302,0.0574,0.0410,0.1966,0.1557,0.7440,0.8165,,0.0725,,23.01,,172.5,171.4,1.060,0.176,1.815
1791428334.3444598,0.7538,0.8440,0.7006,0.5695,0.7006,0.6350,0.6350,0.6350,0.7538,0.6350,0.2991,0.4998,0.4998,0.0737,0.0574,0.1557,0.1557,0.7440,0.8210,,0.0770,,23.31,,172.7,170.9,1.111,0.175,1.779
1791428334.377913,0.4998,0.8767,0.7538,0.5695,0.4998,0.6350,0.7006,0.7006,0.7538,0.2458,0.4302,0.4998,0.4302,0.0574,0.1229,0.1966,0.1229,0.7440,0.8180,,0.0740,,23.45,,172.5,170.7,1.024,0.173,1.741
1791428334.4087415,0.5695,0.8767,0.7538,0.6350,0.5695,0.6350,0.6350,0.5695,0.7538,0.2458,0.2458,0.4998,0.3646,0.1229,0.0574,0.1557,0.2991,0.7440,0.8230,,0.0790,,23.91,,172.7,170.2,1.036,0.171,
1791428334.4401648,0.5695,0.8767,0.6350,0.6350,0.4302,0.6350,0.7006,0.8030,0.8030,0.8030,0.6350,0.4998,0.4998,0.0942,0.0574,0.0410,0.0410,0.7440,0.8185,,0.0745,,23.92,,172.6,170.5,1.102,0.170,1.783
1791428334.4740324,0.7538,0.8767,0.5695,0.6350,0.6350,0.7538,0.7538,0.5695,0.7006,0.7006,0.2991,0.4998,0.4998,0.1229,0.0574,0.1557,0.1557,0.7530,0.8170,,0.0640,,23.10,,172.7,170.5,1.060,0.172,1.793
1791428334.5069988,0.6350,0.7006,0.5695,0.7006,0.8030,0.9054,0.6350,0.8030,0.7006,0.5695,0.7006,0.5695,0.4302,0.1229,0.0942,0.1229,0.0942,0.7460,0.8225,,0.0765,,23.45,,173.1,170.7,1.060,0.170,1.774
1791428334.540842,0.7006,0.7538,0.7538,0.4998,0.7006,0.6350,0.4998,0.6350,0.4998,0.7538,0.6350,0.4302,0.3646,0.0737,0.0574,0.1229,0.0737,0.7450,0.8160,,0.0710,,23.00,,172.9,170.9,1.116,0.173,1.818
1791428334.5735822,0.7006,0.8440,0.7538,0.4998,0.7006,0.8030,0.7006,0.7006,0.7538,0.4998,0.4998,0.4302,0.3646,0.1966,0.0574,0.1557,0.0369,0.7440,0.8140,,0.0700,,22.79,,173.0,170.6,1.015,0.173,1.721
1791428334.6137776,0.4998,0.8767,0.4302,0.6350,0.4998,0.7538,0.7538,0.5695,0.6350,0.6350,0.5695,0.5695,0.4998,0.0574,0.0574,0.1966,0.2991,0.7440,0.8240,,0.0800,,23.25,,172.8,170.5,1.013,0.173,1.784
1791428334.6454806,0.5695,0.8440,0.4998,0.5695,0.4998,0.7538,0.9054,0.7538,0.7538,0.7538,0.6350,0.5695,0.5695,0.1557,0.0942,0.2991,0.1557,0.7440,0.8210,0.7110,0.0770,-0.1100,23.65,-15.02,172.4,170.8,1.018,0.171,1.750
1791428334.6766634,0.4302,0.8440,0.8030,0.7006,0.7006,0.8440,0.8030,0.7006,0.8440,0.7006,0.4998,0.5695,0.4998,0.2458,0.0942,0.2991,0.1557,0.7450,0.7965,,0.0515,,22.76,-14.71,168.5,170.9,0.943,0.167,1.560
1791428334.7078202,0.4998,0.8440,0.7006,0.6350,0.6350,0.8767,0.7006,0.7006,0.5695,0.6350,0.6350,0.6350,0.5695,0.1966,0.0737,0.1229,0.0574,0.7440,0.8195,0.7040,0.0755,-0.1155,22.81,-14.65,168.9,170.6,1.120,0.169,1.850
1791428334.7400548,0.4998,0.8440,0.4302,0.7006,0.4998,0.8440,0.7538,0.6350,0.6350,0.5695,0.3646,0.5695,0.5695,0.0942,0.0737,0.1966,0.0942,0.7440,0.8180,0.7060,0.0740,-0.1120,22.73,-14.61,169.4,170.9,1.088,0.171,1.869
1791428334.7740543,0.5695,0.9054,0.7006,0.4998,0.6350,0.5695,0.7538,0.5695,0.6350,0.6350,0.4302,0.4998,0.4302,0.0737,0.0574,0.1966,0.1229,0.7490,0.8225,,0.0735,,22.39,-14.56,170.2,171.0,1.132,0.175,1.885
1791428334.8073483,0.5695,0.7538,0.6350,0.6350,0.5695,0.7538,0.7538,0.5695,0.5695,0.7006,0.7538,0.4302,0.4998,0.1229,0.0369,0.1229,0.1557,0.7500,0.8245,,0.0745,,22.50,-14.52,170.3,170.9,1.153,0.175,1.787
1791428334.8419337,0.4998,0.7006,0.4302,0.6350,0.3646,0.7538,0.7538,0.7538,0.7006,0.6350,0.4302,0.4998,0.4998,0.1966,0.0737,0.1229,0.0942,0.7490,0.8170,,0.0680,,22.25,-14.47,170.9,171.0,1.087,0.175,1.746
1791428334.881811,0.4998,0.7006,0.4998,0.6350,0.4998,0.6350,0.5695,0.6350,0.7006,0.7006,0.5695,0.4998,0.4998,0.0369,0.0574,0.1557,0.1229,0.7440,0.8185,,0.0745,,22.04,-14.24,171.1,171.2,1.175,0.178,1.965
1791428334.9134214,0.4302,0.8440,0.7006,0.6350,0.6350,0.7006,0.5695,0.7006,0.6350,0.3646,0.3646,0.4302,0.4302,0.1229,0.0410,0.1229,0.1966,0.7440,0.8215,,0.0775,,22.53,-14.36,171.4,170.7,1.086,0.177,1.753
1791428334.9443517,0.4302,0.8030,0.6350,0.5695,0.4998,0.5695,0.7006,0.7006,0.7538,0.7006,0.6350,0.5695,0.4998,0.0369,0.0369,0.1966,0.1229,0.7450,0.8235,,0.0785,,23.21,-14.58,171.7,170.7,1.054,0.173,1.727
1791428334.9759417,0.4998,0.8030,0.8030,0.7538,0.7006,0.8440,0.7006,0.7538,0.8440,0.7006,0.4302,0.6350,0.4998,0.1229,0.0246,0.1966,0.1557,0.7440,0.8205,,0.0765,,23.58,-14.71,171.8,170.6,1.046,0.171,1.701
1791428335.0081065,0.4302,0.4998,0.6350,0.5695,0.3646,0.6350,0.7006,0.6350,0.6350,0.4302,0.4998,0.6350,0.4998,0.1229,0.0737,0.2458,0.0942,0.7460,0.8235,,0.0775,,23.59,-14.57,172.3,170.5,1.169,0.172,1.909
1791428335.040631,0.7006,0.7006,0.5695,0.4998,0.5695,0.8767,0.7006,0.6350,0.4998,0.4998,0.4998,0.4998,0.4998,0.1557,0.0574,0.1966,0.0942,0.7440,0.8210,,0.0770,,23.87,-14.66,172.7,170.6,1.067,0.171,1.733
1791428335.074575,0.6350,0.8030,0.5695,0.5695,0.3646,0.7006,0.7538,0.6350,0.7538,0.5695,0.4302,0.5695,0.4998,0.0942,0.0942,0.1966,0.1966,0.7500,0.8240,,0.0740,,23.57,-14.49,173.1,170.4,1.191,0.173,1.887
1791428335.1077435,0.7006,0.8030,0.4302,0.7006,0.5695,0.7006,0.5695,0.7006,0.8030,0.6350,0.4998,0.4302,0.4302,0.1966,0.0410,0.0410,0.1229,0.7460,0.8205,,0.0745,,23.57,-14.56,173.3,170.4,1.075,0.172,1.788
1791428335.1423683,0.4998,0.8440,0.7006,0.6350,0.3646,0.6350,0.6350,0.5695,0.5695,0.6350,0.3646,0.4302,0.4302,0.1557,0.0737,0.1557,0.1229,0.7440,0.8250,,0.0810,,23.65,-14.60,173.7,170.2,1.127,0.174,1.871
1791428335.1835423,0.4998,0.8440,0.8030,0.4302,0.4302,0.7006,0.8030,0.8030,0.7006,0.5695,0.4998,0.4998,0.5695,0.0942,0.0410,0.1229,0.1229,0.7450,0.8215,,0.0765,,23.82,-14.65,173.7,170.7,1.087,0.173,1.798
1791428335.215474,0.6350,0.9054,0.7006,0.5695,0.4302,0.4998,0.8030,0.7006,0.7006,0.6350,0.4998,0.5695,0.5695,0.1229,0.0410,0.0574,0.0942,0.7450,0.8180,0.7080,0.0730,-0.1100,23.76,-14.64,173.5,170.7,1.056,0.172,1.715
1791428335.2457826,0.7006,0.9054,0.7006,0.4302,0.4302,0.7538,0.6350,0.4998,0.7538,0.5695,0.7006,0.4998,0.4302,0.1229,0.0246,0.1229,0.1229,0.7450,0.8200,,0.0750,,23.50,-14.57,173.4,170.5,1.111,0.174,1.832
1791428335.2766562,0.4302,0.9259,0.4998,0.6350,0.4998,0.4998,0.8030,0.4998,0.6350,0.4302,0.4998,0.4302,0.4998,0.1557,0.0737,0.1557,0.1229,0.7450,0.8170,,0.0720,,23.03,-14.21,173.3,170.3,1.203,0.176,1.859
1791428335.3088074,0.4302,0.6350,0.7538,0.5695,0.4998,0.7006,0.8030,0.6350,0.7006,0.6350,0.4998,0.4302,0.4302,0.0205,0.0246,0.0737,0.2458,0.7450,0.8170,,0.0720,,22.60,-14.12,173.2,170.9,1.126,0.178,1.945
1791428335.340721,0.6350,0.8030,0.6350,0.6350,0.5695,0.8030,0.7006,0.5695,0.7006,0.7006,0.5695,0.4998,0.3646,0.1229,0.0942,0.1966,0.1966,0.7530,0.8195,,0.0665,,22.33,-14.38,173.2,170.7,1.015,0.177,1.707
1791428335.3752086,0.7538,0.8440,0.4998,0.4998,0.4302,0.7006,0.7538,0.4302,0.8030,0.4998,0.5695,0.4998,0.3646,0.0410,0.0410,0.1229,0.0942,0.7450,0.8190,,0.0740,,22.44,-14.26,173.5,171.1,1.142,0.177,1.922
1791428335.4090593,0.6350,0.5695,0.7006,0.7006,0.3646,0.6350,0.8030,0.6350,0.7006,0.4998,0.3646,0.5695,0.4998,0.0574,0.0737,0.1557,0.1557,0.7450,0.8205,,0.0755,,22.52,-14.18,173.6,171.3,1.153,0.177,1.936
1791428335.4414458,0.5695,0.8440,0.7006,0.5695,0.5695,0.7538,0.7006,0.6350,0.7538,0.7006,0.5695,0.5695,0.4998,0.0369,0.0369,0.2458,0.1966,0.7500,0.8280,,0.0780,,22.99,-14.45,174.0,171.5,1.090,0.175,1.835
1791428335.4833984,0.4302,0.7538,0.7006,0.5695,0.5695,0.7006,0.7538,0.7538,0.5695,0.5695,0.3646,0.5695,0.4302,0.0574,0.0737,0.0574,0.0369,0.7450,0.8185,,0.0735,,22.75,-14.21,173.7,171.7,1.180,0.177,1.899
1791428335.5143232,0.7006,0.7538,0.6350,0.4302,0.4302,0.7006,0.7006,0.5695,0.7006,0.6350,0.4302,0.4302,0.4998,0.1557,0.0574,0.2458,0.0942,0.7450,0.8175,,0.0725,,22.42,-14.08,173.7,171.9,1.148,0.179,1.929
1791428335.5459795,0.4998,0.8767,0.7006,0.4302,0.4998,0.7538,0.6350,0.5695,0.7006,0.7006,0.5695,0.5695,0.4998,0.0369,0.0205,0.1557,0.1229,0.7450,0.8185,,0.0735,,22.35,-14.10,173.8,171.8,1.106,0.179,1.853
1791428335.5778506,0.7006,0.5695,0.4998,0.6350,0.7006,0.8030,0.7538,0.8030,0.7006,0.7538,0.4302,0.4998,0.5695,0.0574,0.0574,0.1229,0.1557,0.7450,0.8170,,0.0720,,22.56,-14.24,173.6,171.7,1.038,0.177,1.662
1791428335.6085947,0.3646,0.6350,0.5695,0.6350,0.6350,0.7006,0.7006,0.5695,0.7538,0.6350,0.4998,0.4302,0.4302,0.1229,0.0369,0.1966,0.0737,0.7450,0.8220,,0.0770,,23.01,-14.39,173.6,171.7,1.076,0.175,1.774
1791428335.641006,0.6350,0.7538,0.4302,0.6350,0.6350,0.7538,0.7538,0.7006,0.6350,0.7006,0.1966,0.4998,0.4998,0.1229,0.0737,0.1557,0.0574,0.7500,0.8200,,0.0700,,22.75,-14.48,173.6,171.3,1.066,0.175,1.794
1791428335.6749375,0.4302,0.8440,0.5695,0.6350,0.6350,0.7006,0.7538,0.7538,0.7538,0.5695,0.7006,0.4998,0.4998,0.2458,0.0942,0.2458,0.1229,0.7500,0.8210,,0.0710,,22.42,-14.53,173.4,171.4,1.088,0.177,1.822
1791428335.708256,0.7538,0.7538,0.5695,0.5695,0.7538,0.8030,0.6350,0.6350,0.4998,0.4998,0.7006,0.4998,0.4302,0.0246,0.0574,0.0942,0.1229,0.7450,0.8205,,0.0755,,22.61,-14.48,173.5,171.1,1.116,0.176,1.830
1791428335.7414038,0.4998,0.9054,0.7538,0.4302,0.5695,0.8030,0.5695,0.6350,0.6350,0.6350,0.3646,0.4998,0.4302,0.1229,0.0942,0.1557,0.1229,0.7450,0.8180,,0.0730,,22.76,,173.4,171.0,1.018,0.175,1.777
1791428335.780423,0.6350,0.7006,0.4302,0.4998,0.4998,0.7006,0.7538,0.5695,0.6350,0.7006,0.4302,0.4998,0.3646,0.1966,0.0410,0.1557,0.1557,0.7470,0.8245,,0.0775,,23.32,,173.0,171.0,1.022,0.172,1.731
1791428335.8121665,0.4998,0.8767,0.7538,0.7538,0.4998,0.7006,0.7006,0.5695,0.6350,0.5695,0.5695,0.4302,0.3646,0.1229,0.0574,0.1966,0.0942,0.7450,0.8205,,0.0755,,23.52,,172.8,170.8,1.033,0.171,1.751
1791428335.8437462,0.4302,0.7538,0.5695,0.4998,0.4998,0.8440,0.7538,0.5695,0.5695,0.5695,0.4302,0.5695,0.4998,0.0942,0.0369,0.0410,0.0369,0.7450,0.8170,,0.0720,,23.63,,172.7,171.0,1.064,0.169,1.731
1791428335.8763175,0.7006,0.2991,0.4998,0.6350,0.4998,0.5695,0.6350,0.6350,0.7538,0.7006,0.4302,0.4998,0.4302,0.0942,0.0574,0.1229,0.1966,0.7450,0.8225,,0.0775,,23.68,,172.9,171.1,1.075,0.170,1.807
1791428335.9088006,0.3646,0.7006,0.4998,0.4998,0.6350,0.6350,0.6350,0.5695,0.6350,0.7538,0.6350,0.4998,0.4302,0.0574,0.0942,0.1557,0.1229,0.7450,0.8185,,0.0735,,23.34,,173.1,171.3,1.169,0.172,1.874
1791428335.9415534,0.5695,0.7006,0.7006,0.5695,0.2991,0.6350,0.8030,0.5695,0.6350,0.4998,0.4998,0.4302,0.4302,0.1557,0.0574,0.1229,0.1229,0.7450,0.8155,,0.0705,,23.47,,173.2,171.1,0.948,0.170,1.590
1791428335.9750473,0.4998,0.7538,0.6350,0.5695,0.4302,0.6350,0.8030,0.7538,0.7006,0.5695,0.5695,0.4998,0.5695,0.0574,0.0574,0.0942,0.0737,0.7450,0.8180,,0.0730,,23.40,,172.7,171.2,1.008,0.170,1.775
1791428336.008206,0.6350,0.8030,0.8030,0.5695,0.3646,0.8030,0.8030,0.6350,0.7006,0.7006,0.6350,0.5695,0.4998,0.0737,0.0574,0.0737,0.1557,0.7500,0.8200,,0.0700,,22.98,,172.8,171.1,1.081,0.172,1.793
1791428336.0482059,0.8440,0.7538,0.6350,0.7006,0.7006,0.8030,0.7538,0.8030,0.8440,0.7006,0.7006,0.7006,0.6350,0.1229,0.0737,0.2458,0.2458,0.7500,0.8205,0.7060,0.0705,-0.1145,23.05,-15.18,172.4,171.1,0.979,0.170,1.638
1791428336.0798368,0.7006,0.8440,0.7006,0.5695,0.5695,0.5695,0.7006,0.6350,0.7538,0.7006,0.6350,0.5695,0.4998,0.0942,0.0369,0.1557,0.1557,0.7470,0.8210,,0.0740,,23.30,-15.12,172.9,170.9,1.076,0.169,1.791
1791428336.1101077,0.4998,0.8440,0.4998,0.4998,0.6350,0.7006,0.6350,0.6350,0.8030,0.7006,0.4998,0.4302,0.4998,0.0737,0.0737,0.1966,0.1557,0.7470,0.8150,,0.0680,,22.76,-14.97,173.1,170.6,1.056,0.171,1.786
1791428336.1419349,0.4302,0.8030,0.5695,0.3646,0.6350,0.6350,0.6350,0.5695,0.6350,0.5695,0.5695,0.5695,0.4302,0.1557,0.1229,0.1966,0.2991,0.7450,0.8195,,0.0745,,22.95,-15.11,173.1,169.9,1.005,0.171,1.646
1791428336.17566,0.4998,0.8440,0.6350,0.6350,0.2991,0.7538,0.7538,0.5695,0.5695,0.6350,0.3646,0.4998,0.3646,0.0410,0.0737,0.1557,0.2991,0.7450,0.8185,,0.0735,,23.11,-15.07,172.8,170.3,1.052,0.170,1.767
1791428336.2087502,0.7538,0.8767,0.7538,0.7006,0.7006,0.8440,0.8030,0.7006,0.8440,0.5695,0.2991,0.5695,0.5695,0.2991,0.1557,0.0737,0.1229,0.7500,0.8295,0.7080,0.0795,-0.1215,24.30,-15.48,173.1,170.6,0.981,0.164,1.582
1791428336.2428663,0.4302,0.5695,0.8030,0.4302,0.4998,0.8440,0.7006,0.5695,0.7006,0.4998,0.4998,0.4998,0.4302,0.1229,0.0574,0.2458,0.0942,0.7500,0.8175,,0.0675,,23.90,-15.40,173.1,170.6,1.027,0.164,1.718
1791428336.282894,0.4302,0.8767,0.5695,0.4998,0.5695,0.7538,0.5695,0.4998,0.7006,0.7006,0.2458,0.4998,0.3646,0.1229,0.1229,0.1557,0.1557,0.7450,0.8165,,0.0715,,23.43,-15.32,172.6,170.4,1.021,0.167,1.816
1791428336.3146737,0.4998,0.8767,0.5695,0.7006,0.5695,0.8030,0.7538,0.7006,0.7006,0.5695,0.1557,0.5695,0.4998,0.0574,0.0737,0.1966,0.0369,0.7450,0.8210,,0.0760,,23.52,-15.29,172.0,170.4,1.051,0.168,1.764
1791428336.3456385,0.4302,0.8767,0.8030,0.6350,0.4998,0.6350,0.7538,0.4998,0.7538,0.7538,0.6350,0.4302,0.4302,0.0737,0.0737,0.2458,0.2991,0.7450,0.8255,,0.0805,,23.84,-15.42,172.6,170.7,1.041,0.169,1.834
1791428336.3777733,0.4302,0.8030,0.4302,0.4998,0.5695,0.8030,0.7006,0.5695,0.7538,0.4302,0.3646,0.4302,0.2991,0.1229,0.0737,0.1229,0.1229,0.7450,0.8155,,0.0705,,22.97,-14.92,172.5,170.7,,0.174,1.963
1791428336.4090495,0.5695,0.8767,0.5695,0.7006,0.6350,0.7006,0.7006,0.7006,0.7538,0.5695,0.3646,0.5695,0.4302,0.1229,0.0574,0.0574,0.0410,0.7450,0.8260,,0.0810,,23.64,-15.07,172.5,170.4,1.063,0.172,1.756
1791428336.441853,0.8030,0.7538,0.4302,0.4998,0.4302,0.7006,0.4998,0.7006,0.6350,0.7006,0.4998,0.4998,0.3646,0.0410,0.0737,0.0942,0.2458,0.7450,0.8165,,0.0715,,23.10,-14.76,172.6,170.7,1.132,0.175,1.892
1791428336.4761705,0.4302,0.7006,0.8030,0.6350,0.7538,0.7538,0.8030,0.7006,0.8440,0.6350,0.4998,0.4998,0.4998,0.1229,0.0942,0.2458,0.1966,0.7450,0.8200,,0.0750,,22.80,-14.71,172.7,170.9,1.095,0.177,1.856
1791428336.509754,0.7538,0.8030,0.4998,0.5695,0.4998,0.7006,0.7538,0.7538,0.5695,0.7538,0.5695,0.5695,0.4302,0.1229,0.0737,0.0574,0.4302,0.7490,0.8185,,0.0695,,22.25,-14.69,172.7,170.7,1.070,0.180,1.817
1791428336.542291,0.5695,0.8767,0.4302,0.4302,0.4302,0.7538,0.7538,0.5695,0.7538,0.5695,0.3646,0.4998,0.4302,0.0246,0.0737,0.1557,0.1557,0.7450,0.8180,,0.0730,,22.26,-14.54,173.1,170.6,1.117,0.179,1.821
1791428336.5761971,0.6350,0.8767,0.5695,0.4998,0.5695,0.8440,0.6350,0.6350,0.7006,0.7538,0.5695,0.4998,0.4302,0.1229,0.0942,0.1229,0.1229,0.7450,0.8210,,0.0760,,22.45,-14.39,173.2,170.6,1.159,0.179,1.901
1791428336.6149166,0.7006,0.8030,0.7538,0.4998,0.4302,0.2991,0.5695,0.7006,0.7006,0.7006,0.4998,0.6350,0.4998,0.0737,0.0737,0.0205,0.0369,0.7450,,,,,22.45,-14.39,173.2,170.6,,,
1791428336.6462188,0.5695,0.8767,0.7538,0.6350,0.4302,0.7538,0.8030,0.5695,0.8030,0.4998,0.4998,0.4302,0.4302,0.0737,0.0574,0.1229,0.3646,0.7450,0.8215,,0.0765,,22.54,-14.50,173.2,170.3,1.075,0.179,1.836
1791428336.6775525,0.7006,0.8440,0.7006,0.4302,0.4998,0.6350,0.7538,0.4998,0.8030,0.7006,0.3646,0.4998,0.4302,0.0574,0.0737,0.1966,0.2458,0.7470,0.8155,,0.0685,,22.50,-14.52,173.1,169.9,1.042,0.177,1.753
1791428336.7097526,0.5695,0.9054,0.7006,0.4998,0.5695,0.7538,0.7006,0.5695,0.6350,0.5695,0.4998,0.4998,0.3646,0.0942,0.0942,0.1557,0.1557,0.7440,0.8220,,0.0780,,22.74,-14.62,173.4,170.0,1.071,0.177,1.812
1791428336.7426884,0.8440,0.8030,0.8030,0.5695,0.6350,0.6350,0.7006,0.5695,0.5695,0.7006,0.4998,0.4998,0.4998,0.0942,0.0942,0.1966,0.0410,0.7450,0.8140,,0.0690,,22.64,,173.4,170.3,1.022,0.175,1.692
1791428336.776122,0.5695,0.8767,0.6350,0.5695,0.3646,0.7538,0.8030,0.7006,0.8030,0.4998,0.5695,0.4998,0.4302,0.0737,0.0737,0.0369,0.0369,0.7460,0.8170,,0.0710,,22.79,,173.5,170.3,1.033,0.173,1.665
1791428336.809749,0.5695,0.8030,0.7538,0.6350,0.6350,0.5695,0.8030,0.6350,0.6350,0.4302,0.4998,0.4998,0.4998,0.0410,0.0574,0.1229,0.1557,0.7470,0.8235,,0.0765,,23.22,,173.6,170.3,1.121,0.171,1.787
1791428336.8502986,0.4302,0.8440,0.7538,0.4302,0.5695,0.6350,0.6350,0.6350,0.7538,0.3646,0.5695,0.5695,0.4302,0.1557,0.0737,0.0246,0.0369,0.7450,0.8230,,0.0780,,23.44,,173.8,170.0,1.111,0.172,1.815
1791428336.8831155,0.6350,0.9054,0.5695,0.4998,0.2991,0.8030,0.7006,0.6350,0.7538,0.5695,0.7006,0.4998,0.4302,0.1557,0.0574,0.2991,0.2458,0.7440,0.8180,,0.0740,,23.11,,172.3,170.2,1.074,0.174,1.856
1791428336.9150786,0.4998,0.9054,0.4998,0.6350,0.7006,0.6350,0.5695,0.7006,0.7538,0.6350,0.3646,0.4998,0.4302,0.1229,0.0737,0.1966,0.0574,0.7470,0.8250,,0.0780,,23.49,,172.0,170.3,1.065,0.173,1.800
1791428336.9460409,0.4302,0.7006,0.8030,0.6350,0.6350,0.7538,0.7006,0.5695,0.7006,0.4998,0.6350,0.4302,0.4302,0.0574,0.0942,0.1557,0.1229,0.7450,0.8205,,0.0755,,23.52,,172.0,170.5,1.007,0.173,1.775
1791428336.9767647,0.7538,0.8030,0.4998,0.4998,0.4998,0.6350,0.7538,0.7538,0.7538,0.6350,0.7006,0.5695,0.4302,0.1966,0.0737,0.2991,0.1966,0.7450,0.8155,,0.0705,,23.26,,171.7,170.6,1.031,0.173,1.704
1791428337.0097554,0.6350,0.8767,0.6350,0.4998,0.4998,0.6350,0.5695,0.6350,0.8440,0.7538,0.3646,0.4998,0.4302,0.0942,0.0737,0.1557,0.1229,0.7500,0.8210,,0.0710,,23.28,,172.1,170.4,1.005,0.171,1.667
1791428337.043788,0.4302,0.8440,0.5695,0.4998,0.3646,0.8030,0.7006,0.7006,0.2991,0.6350,0.4998,0.6350,0.4302,0.1557,0.1229,0.1229,0.1966,0.7440,0.8205,,0.0765,,23.28,,172.4,170.8,1.041,0.172,1.801
1791428337.0770364,0.6350,0.8767,0.7006,0.4998,0.7006,0.6350,0.7006,0.7538,0.7006,0.5695,0.7538,0.5695,0.4302,0.0574,0.0410,0.1557,0.2458,0.7450,0.8240,,0.0790,,23.27,,172.6,171.1,1.061,0.175,1.799
1791428337.118796,0.5695,0.8767,0.6350,0.4998,0.7538,0.6350,0.6350,0.5695,0.7006,0.7538,0.4302,0.5695,0.4302,0.1557,0.0942,0.1557,0.1229,0.7440,0.8160,,0.0720,,22.82,,172.4,170.9,1.085,0.177,1.828
1791428337.1502168,0.8030,0.4998,0.4998,0.5695,0.6350,0.6350,0.7538,0.7006,0.6350,0.6350,0.4302,0.4302,0.4302,0.0737,0.0737,0.1966,0.1966,0.7440,0.8185,,0.0745,,22.97,,172.6,170.9,1.068,0.176,1.760
1791428337.1813595,0.6350,0.8767,0.7538,0.6350,0.7006,0.7006,0.8440,0.7538,0.6350,0.6350,0.3646,0.5695,0.5695,0.1229,0.0737,0.0410,0.0574,0.7450,0.8195,0.7050,0.0745,-0.1145,22.80,-14.86,172.3,170.7,1.096,0.177,1.784
1791428337.2131572,0.6350,0.8767,0.8030,0.4998,0.4998,0.8440,0.7006,0.7538,0.7538,0.5695,0.6350,0.5695,0.4302,0.0737,0.1229,0.2458,0.1966,0.7450,0.8175,,0.0725,,22.67,-14.90,172.3,170.5,1.031,0.177,1.799
1791428337.2435236,0.4302,0.8030,0.7538,0.4302,0.5695,0.6350,0.5695,0.6350,0.6350,0.5695,0.8440,0.4998,0.4302,0.0942,0.0574,0.1557,0.1557,0.7460,0.8250,,0.0790,,23.40,-15.12,172.4,170.7,1.030,0.174,1.702
1791428337.2773302,0.4998,0.8030,0.7006,0.5695,0.5695,0.7538,0.8030,0.6350,0.7538,0.6350,0.1557,0.4998,0.4302,0.0410,0.0246,0.0369,0.0410,0.7440,0.8260,,0.0820,,23.90,-15.14,172.5,170.8,1.101,0.173,1.824
1791428337.310259,0.5695,0.8767,0.7538,0.5695,0.4998,0.6350,0.7006,0.6350,0.5695,0.1966,0.6350,0.4302,0.3646,0.2458,0.0574,0.1966,0.1966,0.7440,0.8185,,0.0745,,23.64,-15.14,171.8,170.5,1.033,0.174,1.858
1791428337.3433778,0.5695,0.8767,0.4998,0.3646,0.4998,0.8030,0.6350,0.7006,0.7006,0.2991,0.5695,0.5695,0.5695,0.1557,0.0574,0.2991,0.1229,0.7450,0.8215,0.7100,0.0765,-0.1115,23.58,-14.89,171.1,170.7,1.125,0.174,1.958
1791428337.3778791,0.5695,0.8030,0.9054,0.4998,0.5695,0.8440,0.7006,0.7006,0.7538,0.7006,0.4302,0.5695,0.5695,0.0369,0.0942,0.0410,0.0410,0.7440,0.8205,0.7030,0.0765,-0.1175,23.99,-15.08,171.4,171.0,1.033,0.171,1.662
1791428337.4187796,0.5695,0.8767,0.4302,0.5695,0.5695,0.7006,0.8440,0.4998,0.7006,0.5695,0.7006,0.3646,0.4302,0.1229,0.0942,0.2458,0.2991,0.7450,0.8280,,0.0830,,24.56,-15.26,171.8,171.0,1.061,0.170,1.787
1791428337.4509232,0.4998,0.4998,0.4302,0.5695,0.3646,0.5695,0.6350,0.7006,0.8767,0.7538,0.2991,0.5695,0.4302,0.0942,0.0737,0.2458,0.1966,0.7450,0.8185,,0.0735,,24.58,-15.19,171.7,170.5,1.054,0.168,1.755
1791428337.4822946,0.5695,0.8030,0.7006,0.3646,0.4998,0.7538,0.8440,0.7538,0.7006,0.5695,0.4302,0.5695,0.4302,0.1557,0.0737,0.1557,0.2991,0.7440,0.8190,,0.0750,,24.48,-15.18,171.9,169.9,1.041,0.168,1.797
1791428337.5148172,0.5695,0.7006,0.5695,0.5695,0.6350,0.7538,0.7538,0.6350,0.6350,0.2991,0.4998,0.5695,0.4302,0.0737,0.1229,0.1557,0.1966,0.7500,0.8255,,0.0755,,24.12,-15.00,171.2,170.0,1.163,0.170,1.934
1791428337.5460143,0.6350,0.8030,0.4302,0.4998,0.6350,0.6350,0.7538,0.6350,0.7006,0.6350,0.7006,0.5695,0.4998,0.1229,0.0574,0.0942,0.0410,0.7450,0.8110,,0.0660,,23.24,-14.85,171.5,170.2,1.032,0.173,1.792
1791428337.5777583,0.6350,0.9054,0.9259,0.6350,0.5695,0.7006,0.7006,0.7538,0.4998,0.6350,0.4998,0.5695,0.4998,0.0737,0.0410,0.0737,0.0942,0.7500,0.8195,,0.0695,,22.84,-14.99,171.6,170.3,1.017,0.174,1.786
1791428337.6105638,0.5695,0.8767,0.5695,0.5695,0.7006,0.7006,0.6350,0.5695,0.6350,0.7538,0.3646,0.4302,0.4998,0.0246,0.0574,0.1229,0.1557,0.7450,0.8120,,0.0670,,22.23,-14.90,171.8,169.9,1.019,0.176,1.778
1791428337.644032,0.4998,0.8440,0.6350,0.5695,0.6350,0.7538,0.7538,0.5695,0.7006,0.5695,0.5695,0.4998,0.3646,0.1557,0.0942,0.2991,0.2458,0.7440,0.8210,,0.0770,,22.58,-14.94,171.6,170.3,1.063,0.176,1.733
1791428337.6773367,0.7006,0.8767,0.6350,0.7006,0.6350,0.8440,0.6350,0.7006,0.8030,0.6350,0.7006,0.7006,0.4302,0.0942,0.0737,0.0942,0.0737,0.7440,0.8225,,0.0785,,23.12,-15.18,171.9,170.3,0.999,0.174,1.719
1791428337.7106268,0.4998,0.8767,0.8440,0.4998,0.4998,0.6350,0.7006,0.6350,0.4998,0.4302,0.4998,0.4302,0.3646,0.1229,0.0737,0.2458,0.0942,0.7450,0.8170,,0.0720,,22.92,-15.01,172.2,170.4,1.081,0.174,1.841
1791428337.751389,0.5695,0.8440,0.6350,0.5695,0.7006,0.5695,0.7538,0.5695,0.7538,0.6350,0.2458,0.4302,0.4998,0.0737,0.0246,0.1557,0.2991,0.7440,0.8245,,0.0805,,23.53,-15.06,172.6,169.4,1.082,0.172,1.760
1791428337.783008,0.4998,0.8440,0.5695,0.5695,0.3646,0.4998,0.8030,0.7006,0.6350,0.6350,0.1966,0.4302,0.3646,0.2991,0.0246,0.1966,0.1557,0.7440,0.8145,,0.0705,,23.31,-15.06,172.5,168.0,1.007,0.172,1.691
1791428337.8156037,0.5695,0.4998,0.7006,0.4302,0.5695,0.8030,0.6350,0.6350,0.8030,0.4998,0.4998,0.4998,0.4302,0.1966,0.0246,0.2991,0.1557,0.7440,0.8200,,0.0760,,23.32,-15.06,172.6,168.3,1.056,0.173,1.816
1791428337.8453581,0.5695,0.8440,0.6350,0.7538,0.5695,0.7538,0.7006,0.7006,0.6350,0.4302,0.5695,0.5695,0.4302,0.0410,0.0737,0.1557,0.2458,0.7450,0.8215,,0.0765,,23.39,-15.20,172.8,168.6,1.018,0.173,1.760
1791428337.8778126,0.5695,0.8030,0.8030,0.4998,0.4302,0.7006,0.7538,0.7538,0.7006,0.6350,0.2991,0.4998,0.4302,0.1557,0.0942,0.0574,0.0942,0.7500,0.8135,,0.0635,,22.50,-15.10,172.7,168.5,1.020,0.175,1.760
1791428337.9117587,0.8030,0.8030,0.6350,0.6350,0.7006,0.7538,0.6350,0.6350,0.8030,0.5695,0.6350,0.6350,0.4998,0.0942,0.0574,0.2458,0.0737,0.7450,0.8230,,0.0780,,22.93,,172.8,169.1,1.041,0.174,1.755
1791428337.944751,0.4998,0.8767,0.7538,0.4998,0.5695,0.7006,0.7006,0.6350,0.7006,0.5695,0.6350,0.4302,0.4998,0.0942,0.1229,0.1229,0.0942,0.7450,0.8200,,0.0750,,23.23,,173.1,169.5,1.072,0.172,1.751
1791428337.9776156,0.6350,0.9054,0.8030,0.4302,0.6350,0.7538,0.7538,0.6350,0.6350,0.6350,0.5695,0.4998,0.3646,0.1229,0.0410,0.1557,0.2458,0.7450,0.8215,,0.0765,,23.51,,173.3,170.1,1.047,0.171,1.757
1791428338.0111876,0.5695,0.8440,0.5695,0.4998,0.3646,0.7538,0.7006,0.5695,0.7006,0.6350,0.5695,0.4998,0.4302,0.0737,0.0410,0.1557,0.1966,0.7450,0.8145,,0.0695,,22.81,,173.1,170.4,1.080,0.175,1.841
1791428338.0496182,0.6350,0.7006,0.4998,0.4998,0.4302,0.5695,0.7006,0.5695,0.6350,0.4998,0.2458,0.5695,0.4302,0.1966,0.0737,0.2458,0.2991,0.7500,0.8225,,0.0725,,22.42,,173.0,169.4,1.110,0.178,1.914
1791428338.0824852,0.4302,0.8030,0.5695,0.5695,0.4302,0.7006,0.8767,0.6350,0.6350,0.3646,0.4998,0.4302,0.4302,0.0942,0.0574,0.1966,0.1966,0.7470,0.8155,,0.0685,,22.03,,172.6,169.4,1.106,0.179,1.818
1791428338.1129482,0.7006,0.8030,0.5695,0.6350,0.4302,0.7006,0.9054,0.7006,0.6350,0.2458,0.4302,0.4302,0.4998,0.0942,0.0737,0.0737,0.1966,0.7470,0.8195,,0.0725,,22.17,,172.3,170.0,1.121,0.178,1.923
1791428338.1449282,0.4302,0.8767,0.5695,0.5695,0.6350,0.7006,0.6350,0.6350,0.7538,0.6350,0.6350,0.4998,0.4998,0.0942,0.0410,0.1557,0.2458,0.7450,0.8225,,0.0775,,22.52,,172.2,170.1,1.072,0.177,1.777
1791428338.1777823,0.7006,0.7006,0.6350,0.5695,0.4302,0.7538,0.7006,0.7538,0.6350,0.6350,0.5695,0.4302,0.4998,0.0942,0.0737,0.0246,0.0369,0.7450,0.8210,,0.0760,,22.68,,172.2,170.4,1.127,0.177,1.864
1791428338.2114422,0.4998,0.8440,0.7006,0.7006,0.4302,0.6350,0.6350,0.5695,0.5695,0.4998,0.6350,0.4302,0.4302,0.0369,0.0410,0.1557,0.1557,0.7470,0.8175,,0.0705,,22.29,,172.2,170.3,1.111,0.179,1.897
1791428338.244303,0.4998,0.8440,0.6350,0.5695,0.3646,0.8030,0.7006,0.7006,0.8030,0.6350,0.4998,0.4998,0.3646,0.1229,0.0574,0.1229,0.0369,0.7450,0.8210,,0.0760,,22.55,,171.7,170.5,1.031,0.178,1.796
1791428338.278191,0.5695,0.8030,0.7006,0.7006,0.6350,0.7538,0.6350,0.5695,0.7538,0.6350,0.7006,0.4302,0.4302,0.0942,0.0574,0.1557,0.1557,0.7440,0.8240,,0.0800,,22.88,,171.7,170.5,1.106,0.178,1.830
1791428338.3178997,0.6350,0.7538,0.5695,0.5695,0.4302,0.7538,0.7006,0.6350,0.7006,0.7006,0.5695,0.4302,0.4302,0.0410,0.0737,0.1229,0.1229,0.7450,0.8175,,0.0725,,23.00,,171.9,170.7,1.062,0.176,1.776
1791428338.3503087,0.4998,0.8030,0.5695,0.6350,0.4302,0.5695,0.7538,0.5695,0.6350,0.4302,0.1966,0.4302,0.3646,0.0246,0.0369,0.0737,0.1557,0.7450,0.8205,,0.0755,,22.83,,171.9,171.1,1.081,0.178,1.839
1791428338.3823795,0.5695,0.8767,0.5695,0.7006,0.6350,0.7538,0.7006,0.5695,0.4998,0.6350,0.3646,0.5695,0.4302,0.0410,0.0410,0.1557,0.0942,0.7450,0.8220,,0.0770,,23.01,,172.2,171.1,1.116,0.177,1.821
1791428338.4144876,0.3646,0.8030,0.7538,0.5695,0.2991,0.6350,0.6350,0.5695,0.6350,0.4302,0.7538,0.5695,0.4302,0.1229,0.0942,0.1966,0.0942,0.7450,0.8200,,0.0750,,22.93,,172.5,171.2,1.094,0.178,1.857
1791428338.4447405,0.4302,0.7006,0.7006,0.3646,0.4302,0.8030,0.7006,0.7538,0.5695,0.7006,0.4302,0.4998,0.4998,0.0369,0.0369,0.1557,0.0369,0.7440,0.8230,,0.0790,,23.18,,172.0,170.8,1.086,0.177,1.797
1791428338.4783962,0.7538,0.8030,0.8440,0.7006,0.4998,0.7006,0.8030,0.5695,0.8030,0.4998,0.6350,0.4302,0.4302,0.1557,0.0410,0.1557,0.0942,0.7450,0.8180,,0.0730,,22.98,,172.2,171.0,1.060,0.178,1.823
1791428338.5123184,0.4998,0.7538,0.8030,0.4998,0.5695,0.6350,0.7538,0.7006,0.6350,0.7538,0.4302,0.5695,0.4998,0.0246,0.0574,0.0246,0.0574,0.7450,0.8190,,0.0740,,22.66,,172.5,171.3,1.095,0.180,1.894
1791428338.545109,0.7538,0.9259,0.8030,0.4998,0.4302,0.7006,0.8030,0.7006,0.7538,0.7006,0.3646,0.5695,0.4302,0.0737,0.0737,0.1557,0.1966,0.7500,0.8235,,0.0735,,22.75,,172.8,170.9,1.092,0.178,1.794
1791428338.5790699,0.4302,0.8030,0.7538,0.4998,0.4998,0.6350,0.6350,0.5695,0.7006,0.5695,0.4998,0.4302,0.4302,0.0737,0.0737,0.1229,0.2991,0.7450,0.8215,,0.0765,,22.93,,172.8,170.8,1.042,0.178,1.732
1791428338.6189988,0.5695,0.7538,0.7006,0.7538,0.5695,0.5695,0.5695,0.7538,0.6350,0.4998,0.4998,0.4302,0.4302,0.0369,0.0246,0.1966,0.1557,0.7450,0.8215,,0.0765,,23.02,,172.6,170.9,1.070,0.177,1.756
1791428338.6503582,0.3646,0.8440,0.7006,0.5695,0.5695,0.6350,0.4998,0.5695,0.6350,0.5695,0.4302,0.4302,0.4302,0.0737,0.0574,0.1557,0.0942,0.7470,0.8120,,0.0650,,22.11,,172.4,170.5,1.073,0.180,1.852
1791428338.6816573,0.4998,0.8440,0.4998,0.5695,0.3646,0.6350,0.6350,0.6350,0.7006,0.6350,0.4998,0.4998,0.4302,0.0205,0.0574,0.1229,0.1229,0.7470,0.8220,,0.0750,,22.69,,172.5,171.0,1.062,0.176,1.774
1791428338.7135446,0.6350,0.6350,0.6350,0.6350,0.4998,0.6350,0.7006,0.6350,0.8030,0.4998,0.7006,0.5695,0.4998,0.0737,0.0942,0.1557,0.2458,0.7450,0.8190,,0.0740,,22.76,,172.6,171.0,1.105,0.176,1.835
1791428338.7450323,0.6350,0.9054,0.4302,0.4998,0.4998,0.4302,0.5695,0.6350,0.7006,0.4998,0.6350,0.4998,0.4302,0.1229,0.0942,0.1229,0.1229,0.7450,0.8195,,0.0745,,22.57,,172.7,171.1,1.110,0.178,1.891
1791428338.778988,0.5695,0.7538,0.4998,0.6350,0.4998,0.4998,0.5695,0.7538,0.7006,0.7006,0.5695,0.4302,0.4998,0.0737,0.0942,0.1229,0.1557,0.7450,0.8210,,0.0760,,22.73,,172.9,171.2,1.132,0.177,1.833
1791428338.8125737,0.5695,0.7538,0.5695,0.4998,0.6350,0.7006,0.8440,0.5695,0.6350,0.4998,0.4998,0.4302,0.4302,0.1229,0.0246,0.1557,0.2991,0.7450,0.8205,,0.0755,,22.80,,173.2,170.9,1.105,0.177,1.840
1791428338.8450942,0.4998,0.8030,0.6350,0.4998,0.4302,0.6350,0.7538,0.6350,0.5695,0.4998,0.4998,0.4302,0.3646,0.0737,0.0410,0.1229,0.0942,0.7450,0.8200,,0.0750,,22.62,,173.1,170.5,1.106,0.179,1.881
1791428338.8793893,0.4998,0.3646,0.4302,0.4302,0.5695,0.6350,0.8030,0.5695,0.7006,0.3646,0.4998,0.5695,0.4302,0.1229,0.0942,0.2458,0.1557,0.7450,0.8220,,0.0770,,22.91,,172.9,170.3,1.066,0.178,1.780
1791428338.9195955,0.4302,0.6350,0.4998,0.6350,0.5695,0.7006,0.6350,0.6350,0.7006,0.6350,0.5695,0.4998,0.4998,0.1966,0.1557,0.2458,0.1557,0.7450,0.8175,,0.0725,,22.81,,172.6,170.7,1.101,0.177,1.770
1791428338.9504912,0.6350,0.7006,0.7538,0.4302,0.6350,0.5695,0.7006,0.5695,0.7538,0.6350,0.4302,0.4302,0.4302,0.0737,0.0942,0.1229,0.1557,0.7470,0.8230,,0.0760,,23.07,,172.9,170.8,1.086,0.176,1.794
1791428338.980385,0.4998,0.8440,0.6350,0.6350,0.6350,0.7538,0.7006,0.6350,0.7006,0.6350,0.5695,0.4998,0.4998,0.0574,0.0942,0.2458,0.1557,0.7450,0.8205,,0.0755,,23.52,,173.1,171.0,0.990,0.172,1.688
1791428339.012165,0.6350,0.5695,0.7006,0.6350,0.4998,0.8440,0.4998,0.7006,0.6350,0.2991,0.4998,0.4998,0.4302,0.0942,0.1557,0.1966,0.2991,0.7450,0.8190,,0.0740,,23.63,,173.3,171.2,1.040,0.171,1.802
1791428339.045185,0.5695,0.6350,0.5695,0.4302,0.3646,0.5695,0.7538,0.6350,0.7006,0.4998,0.6350,0.4998,0.4302,0.1966,0.0410,0.1966,0.2458,0.7450,0.8195,,0.0745,,23.66,,172.8,171.5,1.067,0.171,1.758
1791428339.079082,0.4998,0.8440,0.4302,0.5695,0.4302,0.8440,0.7006,0.7538,0.5695,0.7538,0.6350,0.4998,0.4998,0.1557,0.0737,0.1966,0.1966,0.7450,0.8235,,0.0785,,24.04,,173.0,171.3,1.000,0.169,1.663
1791428339.1129327,0.4998,0.5695,0.7538,0.5695,0.6350,0.7006,0.7006,0.6350,0.5695,0.7006,0.5695,0.4998,0.4302,0.0369,0.0737,0.0942,0.1557,0.7450,0.8180,,0.0730,,23.69,,173.1,171.3,1.024,0.171,1.729
1791428339.1460123,0.4302,0.7006,0.4998,0.5695,0.4302,0.7538,0.7538,0.6350,0.4998,0.5695,0.4302,0.6350,0.4998,0.0574,0.0737,0.1966,0.2458,0.7470,0.8215,,0.0745,,23.54,,173.2,171.7,1.132,0.172,1.883
1791428339.1864228,0.6350,0.8440,0.4998,0.5695,0.4302,0.7006,0.7538,0.7538,0.5695,0.7006,0.5695,0.4998,0.4302,0.0942,0.0574,0.0574,0.0369,0.7470,0.8245,,0.0775,,23.54,,173.4,171.7,1.092,0.173,1.816
1791428339.2174413,0.4998,0.8767,0.6350,0.4998,0.4998,0.4998,0.6350,0.6350,0.6350,0.6350,0.4998,0.4998,0.4998,0.0942,0.0369,0.1557,0.1966,0.7460,0.8210,,0.0750,,23.62,,173.4,171.1,1.082,0.172,1.746
1791428339.2486835,0.7006,0.8440,0.8030,0.7538,0.5695,0.8030,0.8440,0.7538,0.6350,0.5695,0.7538,0.5695,0.4302,0.1229,0.0574,0.2991,0.2458,0.7470,0.8225,,0.0755,,23.79,,173.3,171.2,1.015,0.171,1.778
1791428339.2792938,0.7006,0.8440,0.5695,0.6350,0.5695,0.7006,0.7538,0.5695,0.7006,0.4998,0.5695,0.5695,0.4302,0.0737,0.0942,0.0369,0.1229,0.7460,0.8210,,0.0750,,23.73,,173.2,171.3,1.043,0.171,1.751
1791428339.3126888,0.5695,0.6350,0.7006,0.5695,0.4302,0.6350,0.8030,0.7538,0.7006,0.7006,0.4998,0.4302,0.4998,0.1229,0.0410,0.1557,0.1229,0.7460,0.8150,,0.0690,,22.96,,173.2,171.3,1.090,0.175,1.864
1791428339.345734,0.7538,0.7006,0.3646,0.3646,0.7538,0.7006,0.7006,0.5695,0.8030,0.6350,0.6350,0.4998,0.4998,0.1557,0.0574,0.1557,0.0942,0.7460,0.8170,,0.0710,,22.76,,173.2,171.1,1.137,0.175,1.847
1791428339.3797586,0.5695,0.9054,0.6350,0.4302,0.6350,0.8440,0.6350,0.7538,0.5695,0.4998,0.3646,0.4998,0.4302,0.1229,0.0942,0.0942,0.1966,0.7470,0.8240,,0.0770,,23.21,,173.4,170.5,1.116,0.173,1.808
1791428339.4130914,0.4998,0.8440,0.5695,0.5695,0.4998,0.8030,0.4302,0.5695,0.7538,0.6350,0.4998,0.4302,0.2991,0.1557,0.0942,0.2458,0.1557,0.7460,0.8125,,0.0665,,22.46,,173.2,170.6,,0.176,1.855
1791428339.4533226,0.4998,0.8440,0.4998,0.5695,0.5695,0.4998,0.5695,0.5695,0.6350,0.6350,0.5695,0.4302,0.4998,0.0942,0.0737,0.0942,0.1229,0.7460,0.8150,,0.0690,,22.35,,173.1,170.6,1.005,0.175,1.727
1791428339.485632,0.4302,0.4998,0.5695,0.4998,0.4302,0.7006,0.5695,0.6350,0.7538,0.4998,0.4998,0.4998,0.4302,0.0942,0.0205,0.1966,0.2991,0.7460,0.8155,,0.0695,,22.01,,173.0,170.6,1.081,0.177,1.823
1791428339.516168,0.4302,0.7538,0.8030,0.5695,0.4302,0.7538,0.6350,0.6350,0.7006,0.6350,0.4998,0.3646,0.3646,0.0574,0.0737,0.1229,0.1557,0.7460,0.8235,,0.0775,,22.50,,173.4,170.4,1.106,0.175,1.875
1791428339.5470107,0.5695,0.9054,0.7538,0.5695,0.4998,0.8030,0.5695,0.5695,0.7006,0.7006,0.4998,0.4998,0.4998,0.0574,0.0737,0.0942,0.0942,0.7460,0.8150,,0.0690,,22.07,,173.2,170.2,1.050,0.177,1.849
1791428339.5799713,0.7006,0.8767,0.7538,0.7538,0.6350,0.7006,0.5695,0.8030,0.7538,0.4998,0.4302,0.4998,0.3646,0.1557,0.0369,0.2458,0.0574,0.7460,0.8210,,0.0750,,22.40,,173.2,169.9,1.017,0.176,1.745
1791428339.613394,0.4302,0.8030,0.8030,0.7006,0.6350,0.8030,0.7006,0.7538,0.7006,0.6350,0.4998,0.4302,0.3646,0.0574,0.1557,0.0942,0.1557,0.7460,0.8235,,0.0775,,22.96,,173.4,169.8,1.030,0.174,1.707
1791428339.6466777,0.5695,0.7538,0.4302,0.4998,0.5695,0.5695,0.7538,0.6350,0.7006,0.7006,0.6350,0.4998,0.4998,0.0574,0.0410,0.1966,0.1557,0.7460,0.8205,,0.0745,,23.28,,173.1,169.9,0.981,0.171,1.631
1791428339.6797428,0.5695,0.8440,0.5695,0.4998,0.4302,0.7538,0.7006,0.7006,0.8030,0.6350,0.5695,0.4998,0.4998,0.1966,0.0574,0.1966,0.1229,0.7460,0.8185,,0.0725,,23.15,,173.1,170.2,1.039,0.172,1.752
1791428339.7208278,0.4302,0.8030,0.7538,0.4998,0.4302,0.7006,0.7006,0.6350,0.7006,0.7006,0.4302,0.4302,0.4998,0.1557,0.0737,0.0737,0.0369,0.7510,0.8215,,0.0705,,23.03,,172.9,170.5,1.132,0.171,1.813
1791428339.752162,0.7538,0.8030,0.5695,0.5695,0.4998,0.4998,0.7006,0.6350,0.5695,0.6350,0.4302,0.3646,0.3646,0.1966,0.0942,0.2991,0.2458,0.7500,0.8225,,0.0725,,23.31,,172.8,170.8,1.031,0.169,1.675
1791428339.7835658,0.4302,0.8440,0.7538,0.4998,0.4302,0.7006,0.5695,0.7006,0.7006,0.7006,0.6350,0.4998,0.4998,0.0410,0.0574,0.0737,0.0574,0.7510,0.8205,,0.0695,,23.05,,172.5,170.6,1.087,0.170,1.812
1791428339.8149269,0.5695,0.8440,0.6350,0.7006,0.4302,0.6350,0.7006,0.4998,0.5695,0.7006,0.4302,0.5695,0.4302,0.0574,0.0942,0.1229,0.1229,0.7460,0.8140,,0.0680,,22.71,,172.7,170.7,1.060,0.170,1.784
1791428339.846457,0.5695,0.7538,0.6350,0.4998,0.5695,0.7006,0.7538,0.6350,0.4998,0.7538,0.2991,0.4998,0.4302,0.0574,0.0574,0.0737,0.1229,0.7460,0.8175,,0.0715,,22.94,,173.1,170.8,0.979,0.169,1.692
1791428339.8798532,0.5695,0.7006,0.8030,0.4998,0.5695,0.6350,0.6350,0.4998,0.5695,0.7006,0.4998,0.4998,0.4998,0.0574,0.0574,0.1966,0.0369,0.7480,0.8155,,0.0675,,22.56,,173.3,170.6,1.086,0.170,1.845
1791428339.9132414,0.2991,0.9054,0.6350,0.6350,0.4998,0.5695,0.5695,0.6350,0.8030,0.1557,0.4302,0.4302,0.4302,0.0737,0.0574,0.1557,0.0942,,0.8165,,,,22.56,,173.2,170.8,1.147,0.170,
1791428339.9472108,0.5695,0.8767,0.7006,0.7006,0.6350,0.7006,0.8767,0.5695,0.5695,0.5695,0.5695,0.4998,0.4302,0.0942,0.0410,0.1229,0.1229,0.7460,0.8220,,0.0760,,22.68,,172.6,171.0,1.106,0.172,1.891
1791428339.9882185,0.7538,0.7538,0.8030,0.4998,0.4302,0.7538,0.7006,0.7006,0.7006,0.7538,0.4998,0.5695,0.5695,0.0246,0.0737,0.0369,0.1229,0.7460,0.8250,0.7050,0.0790,-0.1200,23.53,-15.06,172.5,171.2,1.046,0.168,1.659
1791428340.0201957,0.5695,0.6350,0.7538,0.8030,0.4302,0.7006,0.7006,0.6350,0.4998,0.2991,0.4998,0.4998,0.4302,0.0737,0.0737,0.1966,0.0574,0.7460,0.8170,,0.0710,,23.04,-14.91,171.8,171.3,1.086,0.171,1.881
1791428340.0528917,0.4998,0.8030,0.7006,0.5695,0.4998,0.8030,0.7006,0.7006,0.8030,0.5695,0.6350,0.5695,0.4998,0.0574,0.0737,0.1966,0.1966,0.7460,0.8175,,0.0715,,22.92,-14.90,172.0,171.2,1.050,0.171,1.804
1791428340.083724,0.5695,0.4302,0.3646,0.7006,0.6350,0.7006,0.7538,0.6350,0.7538,0.6350,0.6350,0.5695,0.4998,0.0369,0.0942,0.1557,0.1557,0.7460,0.8280,,0.0820,,23.74,-15.12,172.4,171.2,1.064,0.169,1.757
1791428340.1142497,0.6350,0.8440,0.7006,0.5695,0.5695,0.6350,0.6350,0.5695,0.6350,0.7006,0.4998,0.4998,0.4302,0.1557,0.0942,0.1966,0.2458,0.7460,0.8180,,0.0720,,23.54,-15.05,172.7,171.0,1.061,0.170,1.784
1791428340.1475775,0.5695,0.8440,0.8030,0.7006,0.4998,0.4998,0.7006,0.8440,0.6350,0.6350,0.4302,0.4998,0.3646,0.1229,0.0737,0.2991,0.1229,0.7510,0.8190,,0.0680,,23.25,-15.18,172.9,170.8,1.003,0.169,1.720
1791428340.180407,0.4302,0.8767,0.8030,0.5695,0.5695,0.7006,0.7006,0.6350,0.7006,0.8030,0.5695,0.4302,0.3646,0.0574,0.0246,0.1966,0.1229,0.7460,0.8170,,0.0710,,22.66,-14.77,173.1,170.6,1.174,0.173,1.920
1791428340.2134092,0.5695,0.7006,0.8030,0.6350,0.5695,0.8030,0.7006,0.5695,0.5695,0.7006,0.6350,0.4302,0.3646,0.0942,0.0246,0.1229,0.2458,0.7460,0.8190,,0.0730,,22.68,-14.79,172.6,171.0,1.061,0.173,1.816
1791428340.246882,0.3646,0.7006,0.4998,0.6350,0.3646,0.8030,0.8030,0.6350,0.7006,0.4998,0.7006,0.5695,0.4998,0.0942,0.0574,0.0737,0.0574,0.7470,0.8195,,0.0725,,22.61,-14.81,173.1,170.7,1.066,0.174,1.782
1791428340.2884028,0.5695,0.8030,0.4998,0.4998,0.5695,0.6350,0.7538,0.7006,0.7006,0.8030,0.4302,0.4998,0.4998,0.1557,0.0574,0.1966,0.0737,0.7460,0.8175,,0.0715,,22.37,-14.81,172.7,170.5,1.056,0.176,1.782
1791428340.319915,0.7006,0.8030,0.4302,0.4998,0.4998,0.6350,0.8767,0.4998,0.7538,0.7538,0.4998,0.5695,0.5695,0.0737,0.0410,0.1966,0.2991,0.7470,0.8260,0.7020,0.0790,-0.1240,22.91,-15.00,172.5,170.6,1.097,0.174,1.775
1791428340.351847,0.5695,0.9054,0.6350,0.6350,0.4302,0.6350,0.4998,0.7006,0.7538,0.6350,0.6350,0.5695,0.4998,0.0942,0.0410,0.1966,0.1966,0.7460,0.8195,,0.0735,,22.82,-15.19,172.6,170.3,0.995,0.175,1.752
1791428340.3834252,0.6350,0.8030,0.6350,0.6350,0.5695,0.5695,0.5695,0.6350,0.6350,0.7006,0.4998,0.4998,0.4302,0.0574,0.1557,0.1557,0.2458,0.7500,0.8225,,0.0725,,22.67,-15.15,172.7,170.3,1.096,0.176,1.792
1791428340.4153984,0.7538,0.9054,0.7006,0.4998,0.4302,0.6350,0.7006,0.4302,0.7006,0.6350,0.4302,0.5695,0.4998,0.1557,0.0737,0.0737,0.0369,0.7460,0.8220,,0.0760,,22.85,-14.96,173.0,170.0,1.147,0.175,1.794
1791428340.4471278,0.6350,0.8440,0.7538,0.5695,0.4302,0.7538,0.7538,0.6350,0.7538,0.5695,0.6350,0.3646,0.3646,0.0246,0.0574,0.1557,0.0942,0.7460,0.8160,,0.0700,,22.70,-14.88,172.8,170.4,1.067,0.175,1.740
1791428340.4810085,0.4302,0.7006,0.7538,0.6350,0.4998,0.7538,0.8030,0.4998,0.6350,0.6350,0.2458,0.4302,0.3646,0.0369,0.0574,0.1966,0.2458,0.7460,0.8190,,0.0730,,22.64,-14.88,172.9,170.4,1.070,0.175,1.787
1791428340.5144868,0.5695,0.8767,0.8030,0.7006,0.6350,0.8030,0.8030,0.6350,0.7006,0.6350,0.3646,0.4998,0.4998,0.0942,0.0737,0.2458,0.1966,0.7450,0.8130,,0.0680,,22.05,-14.50,172.7,169.7,1.158,0.178,1.855
1791428340.5474777,0.6350,0.7538,0.7538,0.5695,0.6350,0.7538,0.8440,0.6350,0.7006,0.5695,0.5695,0.4998,0.3646,0.1557,0.0574,0.0574,0.1557,0.7460,0.8225,,0.0765,,22.58,-14.66,172.6,170.1,1.071,0.176,1.743
1791428340.581143,0.6350,0.7006,0.6350,0.4998,0.5695,0.6350,0.7006,0.5695,0.7538,0.1966,0.4998,0.4302,0.4302,0.0942,0.0574,0.1229,0.1966,0.7460,0.8190,,0.0730,,22.48,-14.78,172.5,170.2,1.041,0.176,1.803
1791428340.6219835,0.4998,0.7006,0.7006,0.6350,0.5695,0.8030,0.8030,0.6350,0.7538,0.5695,0.4302,0.4998,0.4302,0.1229,0.0737,0.1966,0.1229,0.7460,0.8180,,0.0720,,22.27,-14.69,172.5,170.4,1.101,0.178,1.847
1791428340.6538246,0.7006,0.7006,0.6350,0.4998,0.5695,0.8440,0.7538,0.5695,0.6350,0.5695,0.3646,0.3646,0.4302,0.1966,0.0574,0.1966,0.1966,0.7460,0.8150,,0.0690,,21.76,-14.84,172.4,169.9,0.991,0.180,1.771
1791428340.686046,0.6350,0.8440,0.7006,0.6350,0.4998,0.7006,0.7538,0.6350,0.7006,0.6350,0.5695,0.5695,0.4998,0.0574,0.0942,0.2458,0.1966,0.7460,0.8215,,0.0755,,22.34,-15.02,172.5,170.1,1.030,0.177,1.713
1791428340.7176564,0.4998,0.8767,0.5695,0.7006,0.5695,0.7538,0.7538,0.7538,0.6350,0.6350,0.5695,0.4302,0.4302,0.1229,0.1229,0.0410,0.2458,0.7470,0.8230,,0.0760,,22.69,-15.01,172.7,170.3,1.102,0.176,1.790
1791428340.7483985,0.5695,0.8030,0.7538,0.4302,0.4302,0.8030,0.7006,0.7006,0.8030,0.5695,0.6350,0.4998,0.4302,0.1557,0.0737,0.2458,0.1966,0.7460,0.8220,,0.0760,,22.79,-14.96,172.9,170.5,1.105,0.176,1.854
1791428340.7811255,0.4302,0.4998,0.8030,0.5695,0.4302,0.6350,0.8440,0.7538,0.6350,0.6350,0.3646,0.4302,0.4302,0.0942,0.0737,0.1966,0.1557,0.7460,0.8195,,0.0735,,22.74,-14.92,173.3,170.4,1.086,0.176,1.812
1791428340.8140016,0.4998,0.8030,0.8440,0.4998,0.6350,0.7538,0.6350,0.6350,0.6350,0.6350,0.4998,0.5695,0.3646,0.1966,0.0574,0.1966,0.1966,0.7450,0.8245,,0.0795,,22.78,-14.92,173.7,170.4,1.116,0.178,1.914
1791428340.8482325,0.6350,0.8030,0.8030,0.7006,0.5695,0.7006,0.7006,0.7006,0.7006,0.6350,0.4998,0.5695,0.4302,0.0574,0.0205,0.1966,0.1557,0.7470,0.7980,,0.0510,,21.96,,169.8,170.2,1.031,0.174,1.652
1791428340.881354,0.4302,0.8767,0.8440,0.6350,0.4998,0.8030,0.7006,0.6350,0.7006,0.4302,0.5695,0.4302,0.4302,0.0737,0.1557,0.0942,0.1557,0.7460,0.8200,,0.0740,,22.38,,170.5,170.2,1.022,0.172,1.685
1791428340.9140003,0.4998,0.7538,0.7006,0.4998,0.4998,0.4998,0.7538,0.5695,0.7006,0.3646,0.4302,0.4998,0.3646,0.1229,0.0369,0.1966,0.1966,0.7480,0.8200,,0.0720,,22.65,,171.1,170.6,1.111,0.171,1.770
1791428340.9542155,0.4302,0.8030,0.4998,0.6350,0.5695,0.6350,0.8030,0.7538,0.6350,0.5695,0.6350,0.4998,0.4302,0.1966,0.0942,0.1229,0.0369,0.7450,0.8220,,0.0770,,22.81,,171.0,170.7,1.036,0.172,1.792
1791428340.9874828,0.7006,0.8440,0.6350,0.7006,0.4302,0.6350,0.7006,0.7006,0.6350,0.5695,0.5695,0.4998,0.4302,0.1229,0.0942,0.1966,0.0942,0.7450,0.8205,,0.0755,,23.13,,171.7,170.4,0.995,0.171,1.633
1791428341.019311,0.7538,0.7006,0.7538,0.4302,0.5695,0.5695,0.7006,0.5695,0.7006,0.4998,0.3646,0.4302,0.4302,0.0737,0.0737,0.0942,0.1966,0.7460,0.8205,,0.0745,,22.99,,171.8,170.5,1.127,0.173,1.913
1791428341.0508404,0.3646,0.8030,0.6350,0.5695,0.4302,0.7538,0.7006,0.7006,0.7006,0.2991,0.6350,0.4302,0.4302,0.2458,0.0942,0.1229,0.1557,0.7460,0.8230,,0.0770,,23.06,,171.1,170.5,1.132,0.174,1.943
1791428341.0817902,0.4998,0.7538,0.8030,0.4302,0.4302,0.7006,0.7006,0.7538,0.8030,0.5695,0.6350,0.5695,0.4998,0.1966,0.0574,0.0410,0.2458,0.7460,0.8225,,0.0765,,23.11,,171.7,170.4,1.081,0.175,1.816
1791428341.115018,0.6350,0.7006,0.8030,0.7538,0.5695,0.8030,0.7006,0.6350,0.6350,0.2458,0.4998,0.4998,0.4302,0.0574,0.0410,0.1966,0.2458,0.7460,0.8260,,0.0800,,23.75,,171.5,170.3,1.092,0.172,1.788
1791428341.148683,0.4998,0.7538,0.4998,0.6350,0.6350,0.7006,0.5695,0.4998,0.6350,0.5695,0.6350,0.4302,0.4302,0.0737,0.0737,0.1229,0.1557,0.7450,0.8175,,0.0725,,23.33,,171.7,170.2,1.096,0.174,1.747
1791428341.1812918,0.7006,0.7538,0.6350,0.4998,0.3646,0.8030,0.4998,0.7006,0.6350,0.7538,0.4998,0.4998,0.3646,0.0942,0.0246,0.1229,0.1966,0.7450,0.8215,,0.0765,,23.34,,172.0,170.6,1.080,0.174,1.833
1791428341.2147648,0.2458,0.8440,0.4998,0.4998,0.5695,0.6350,0.6350,0.5695,0.6350,0.6350,0.5695,0.4302,0.4302,0.1229,0.0574,0.1966,0.1966,,0.8245,,,,23.34,,172.4,170.8,1.116,0.174,
1791428341.2484345,0.4302,0.6350,0.7538,0.4302,0.4302,0.7006,0.5695,0.7006,0.5695,0.3646,0.4302,0.4998,0.4998,0.0942,0.0737,0.0942,0.2458,0.7460,0.8205,,0.0745,,23.31,,172.3,171.1,1.111,0.174,1.817
1791428341.2882361,0.4998,0.8767,0.5695,0.3646,0.6350,0.6350,0.5695,0.6350,0.4998,0.5695,0.5695,0.4998,0.4998,0.1557,0.0246,0.1966,0.0737,0.7460,0.8145,,0.0685,,22.47,,172.5,171.0,1.217,0.178,1.986
1791428341.3212059,0.6350,0.7006,0.6350,0.6350,0.6350,0.7006,0.5695,0.7006,0.7538,0.5695,0.8030,0.4998,0.5695,0.0737,0.0942,0.0369,0.1966,0.7460,0.8180,,0.0720,,22.31,,172.8,171.1,1.086,0.179,1.823
1791428341.3524883,0.6350,0.6350,0.6350,0.4998,0.4998,0.5695,0.6350,0.7006,0.7006,0.3646,0.7006,0.4302,0.4302,0.1966,0.0574,0.2991,0.1557,0.7500,0.8155,,0.0655,,21.78,,172.5,171.2,1.060,0.180,1.774
1791428341.3844798,0.8030,0.6350,0.7538,0.3646,0.4302,0.8030,0.6350,0.6350,0.7006,0.4998,0.4998,0.4998,0.4302,0.0574,0.0574,0.0942,0.1966,0.7460,0.8205,,0.0745,,22.06,,172.6,170.7,1.091,0.179,1.763
1791428341.4156036,0.3646,0.7538,0.7538,0.5695,0.6350,0.6350,0.8030,0.5695,0.8030,0.6350,0.6350,0.4998,0.4302,0.0369,0.0410,0.1557,0.1557,0.7480,0.8225,,0.0745,,22.38,,172.9,171.0,1.056,0.177,1.781
1791428341.448381,0.4302,0.7538,0.4302,0.7006,0.4998,0.5695,0.8030,0.6350,0.7006,0.4998,0.6350,0.4998,0.4302,0.1229,0.0574,0.2458,0.1229,0.7530,0.8175,,0.0645,,21.73,,172.7,170.9,1.081,0.179,1.753
1791428341.4817765,0.5695,0.8767,0.7538,0.6350,0.7006,0.7006,0.7538,0.6350,0.7538,0.5695,0.5695,0.4302,0.4998,0.1557,0.0737,0.0942,0.1966,0.7460,0.8205,,0.0745,,22.11,,172.7,171.0,1.102,0.177,1.735
1791428341.5161917,0.4998,0.8440,0.5695,0.6350,0.5695,0.7538,0.6350,0.6350,0.5695,0.2458,0.5695,0.4302,0.3646,0.0246,0.0942,0.0942,0.1966,0.7460,0.8205,,0.0745,,22.23,,173.1,170.8,1.137,0.177,1.906
1791428341.5490417,0.3646,0.6350,0.7006,0.4998,0.3646,0.8767,0.5695,0.7006,0.8440,0.2458,0.2458,0.4998,0.4998,0.0410,0.0369,0.0737,0.1557,0.7460,0.8190,,0.0730,,22.11,,173.1,170.6,1.076,0.178,
1791428341.5908551,0.7006,0.9054,0.7538,0.5695,0.6350,0.5695,0.5695,0.7006,0.7006,0.7006,0.5695,0.4998,0.2991,0.0410,0.0737,0.1229,0.1557,0.7460,0.8220,,0.0760,,22.29,,173.2,170.5,,0.179,1.824
1791428341.6220348,0.4998,0.8767,0.6350,0.7006,0.4998,0.7538,0.7538,0.4998,0.6350,0.4302,0.4302,0.4302,0.4302,0.0942,0.0737,0.2458,0.2991,0.7500,0.8205,,0.0705,,22.27,,172.8,170.4,1.065,0.177,1.781
1791428341.6544843,0.4302,0.7006,0.7538,0.4998,0.4302,0.7538,0.5695,0.4998,0.7538,0.2991,0.6350,0.4998,0.3646,0.0737,0.0737,0.1557,0.1557,0.7460,0.8225,,0.0765,,22.52,,172.6,170.6,1.066,0.177,1.892
1791428341.685079,0.4998,0.8030,0.7538,0.5695,0.4302,0.7006,0.7006,0.7538,0.6350,0.7006,0.6350,0.4998,0.4302,0.1229,0.0737,0.1966,0.0369,0.7460,0.8240,,0.0780,,22.94,,173.0,170.8,1.112,0.176,1.809
1791428341.7167516,0.5695,0.7006,0.7006,0.5695,0.4302,0.5695,0.7006,0.6350,0.7538,0.4302,0.1966,0.4302,0.4302,0.0369,0.0410,0.0369,0.0410,0.7500,0.8120,,0.0620,,22.18,,172.9,170.3,1.058,0.176,1.728
1791428341.7499352,0.7006,0.8440,0.8767,0.4998,0.4302,0.7538,0.6350,0.8440,0.7538,0.4302,0.7006,0.4998,0.4998,0.0942,0.0942,0.1557,0.0942,0.7500,0.8165,,0.0665,,22.05,,172.8,170.6,1.062,0.175,1.733
1791428341.7830124,0.4302,0.6350,0.7538,0.6350,0.4302,0.7006,0.7538,0.4998,0.7538,0.7538,0.4998,0.4302,0.3646,0.0410,0.0574,0.1557,0.1557,0.7460,0.8225,,0.0765,,22.49,,172.8,170.6,1.063,0.174,1.723
1791428341.8160324,0.6350,0.9054,0.7006,0.5695,0.6350,0.4998,0.4998,0.6350,0.5695,0.6350,0.5695,0.5695,0.3646,0.1229,0.0205,0.1557,0.1966,0.7480,0.8175,,0.0695,,22.44,,172.8,170.0,0.986,0.173,1.686
1791428341.848686,0.4998,0.8030,0.5695,0.3646,0.4302,0.6350,0.7006,0.4998,0.3646,0.3646,0.4998,0.4998,0.3646,0.0737,0.0737,0.1966,0.1557,0.7460,0.8225,,0.0765,,22.71,,172.8,170.4,1.096,0.173,1.781
1791428341.8826292,0.7006,0.9054,0.5695,0.5695,0.3646,0.6350,0.8030,0.4302,0.5695,0.4302,0.6350,0.4302,0.4302,0.0737,0.0942,0.1557,0.1229,0.7460,0.8215,,0.0755,,22.77,,172.8,170.5,1.036,0.174,1.772
1791428341.923392,0.5695,0.8440,0.6350,0.6350,0.4998,0.7538,0.6350,0.7006,0.5695,0.6350,0.4302,0.4998,0.4998,0.1966,0.1229,0.1966,0.1966,0.7460,0.8170,,0.0710,,22.73,,172.6,170.6,1.022,0.173,1.683
1791428341.955936,0.4998,0.7006,0.5695,0.7006,0.7006,0.6350,0.7006,0.4998,0.7006,0.7538,0.4998,0.4998,0.4302,0.1966,0.0246,0.3646,0.1966,0.7460,0.8205,,0.0745,,22.86,,173.1,170.6,1.031,0.173,1.748
1791428341.9865665,0.6350,0.8030,0.5695,0.6350,0.3646,0.7538,0.5695,0.5695,0.6350,0.8030,0.6350,0.4998,0.4302,0.1966,0.0574,0.1966,0.1557,0.7460,0.8240,,0.0780,,23.27,,172.8,170.3,1.025,0.172,1.770
1791428342.0186532,0.4998,0.8440,0.8030,0.3646,0.4998,0.7538,0.8030,0.5695,0.4998,0.4998,0.5695,0.5695,0.4302,0.1229,0.0942,0.1966,0.1557,0.7460,0.8170,,0.0710,,23.13,,172.7,170.1,0.974,0.172,1.683
1791428342.050415,0.7006,0.7538,0.8440,0.5695,0.6350,0.7538,0.5695,0.6350,0.8030,0.5695,0.5695,0.4302,0.4998,0.2458,0.0410,0.2991,0.0369,0.7460,0.8215,,0.0755,,23.59,,172.8,170.2,1.034,0.169,1.703
1791428342.0826142,0.5695,0.8030,0.5695,0.6350,0.6350,0.6350,0.8030,0.6350,0.7006,0.8030,0.5695,0.6350,0.5695,0.1229,0.0574,0.1966,0.1229,0.7460,0.8175,0.7090,0.0715,-0.1085,22.89,-15.20,172.7,170.2,1.105,0.174,1.907
1791428342.1158752,0.6350,0.8440,0.8030,0.5695,0.4998,0.7538,0.7006,0.7006,0.7006,0.6350,0.6350,0.4998,0.4998,0.0737,0.0942,0.0737,0.0737,0.7500,0.8235,,0.0735,,22.99,-15.30,172.8,170.3,1.046,0.173,1.777
1791428342.1499436,0.4302,0.7538,0.8030,0.7006,0.6350,0.7006,0.7006,0.7538,0.7006,0.5695,0.4302,0.4998,0.4302,0.0574,0.0574,0.1966,0.2458,0.7500,0.8180,,0.0680,,22.77,-15.29,172.5,170.3,1.025,0.172,1.707
1791428342.1822407,0.6350,0.8030,0.7538,0.5695,0.5695,0.6350,0.5695,0.8030,0.7006,0.5695,0.5695,0.6350,0.4998,0.1557,0.0574,0.2458,0.0410,0.7460,0.8210,,0.0750,,22.81,-15.27,172.5,170.6,1.060,0.173,1.817
1791428342.2168453,0.4998,0.5695,0.7006,0.5695,0.5695,0.5695,0.8440,0.7006,0.7006,0.4302,0.6350,0.4302,0.4302,0.0574,0.0942,0.0737,0.1966,0.7470,0.8200,,0.0730,,22.68,-15.20,172.3,170.9,1.070,0.174,1.849
1791428342.255493,0.6350,0.8030,0.7538,0.5695,0.4302,0.6350,0.7006,0.7006,0.7006,0.4998,0.5695,0.4998,0.4302,0.1966,0.0942,0.0942,0.1557,0.7460,0.8230,,0.0770,,23.06,-15.42,172.3,170.5,0.995,0.173,1.716
1791428342.2882419,0.5695,0.8440,0.4998,0.6350,0.4998,0.8440,0.6350,0.6350,0.7538,0.6350,0.4302,0.5695,0.5695,0.0942,0.0942,0.0942,0.1229,0.7460,0.8015,0.6960,0.0555,-0.1055,22.07,-15.30,168.5,169.9,1.000,0.173,1.720
1791428342.3195615,0.4998,0.3646,0.5695,0.4998,0.7006,0.8030,0.7538,0.6350,0.8030,0.6350,0.7006,0.5695,0.4998,0.0574,0.0737,0.1966,0.1229,0.7480,0.8175,,0.0695,,22.35,-15.42,169.2,169.9,0.993,0.170,1.683
1791428342.3502934,0.5695,0.6350,0.8030,0.4302,0.5695,0.6350,0.6350,0.5695,0.6350,0.6350,0.4302,0.4998,0.4998,0.1966,0.0410,0.0942,0.0246,0.7460,0.8200,,0.0740,,22.59,-15.53,169.6,170.0,1.015,0.170,1.695
1791428342.383705,0.7538,0.8767,0.8030,0.5695,0.7538,0.7006,0.5695,0.6350,0.4998,0.5695,0.4998,0.5695,0.4302,0.1966,0.0737,0.2458,0.1229,0.7460,0.8240,,0.0780,,23.22,-15.81,169.7,169.8,0.983,0.168,1.648
1791428342.417317,0.4998,0.8440,0.8030,0.5695,0.5695,0.8440,0.5695,0.5695,0.7538,0.6350,0.4302,0.5695,0.5695,0.0942,0.0574,0.0574,0.0369,0.7480,0.8225,0.6960,0.0745,-0.1265,23.40,-16.05,170.1,170.1,1.034,0.168,1.803
1791428342.4502172,0.7538,0.7538,0.7538,0.6350,0.6350,0.7538,0.6350,0.7006,0.6350,0.5695,0.5695,0.4998,0.4302,0.0942,0.0737,0.2458,0.0737,0.7500,0.8205,,0.0705,,23.20,-15.96,170.6,170.1,1.057,0.169,1.737
1791428342.4837267,0.5695,0.8030,0.8440,0.4998,0.7006,0.8030,0.6350,0.6350,0.7006,0.4998,0.2458,0.4998,0.4998,0.0942,0.0369,0.1966,0.1557,0.7460,0.8210,,0.0750,,23.52,-15.91,171.0,169.2,1.054,0.167,1.701
1791428342.5253274,0.7538,0.6350,0.6350,0.6350,0.4998,0.7006,0.7538,0.7006,0.7006,0.3646,0.6350,0.5695,0.4998,0.1966,0.0942,0.0574,0.0410,0.7530,0.8210,,0.0680,,23.03,-15.75,171.4,169.6,1.095,0.169,1.787
1791428342.558201,0.4998,0.9054,0.7006,0.4998,0.5695,0.4998,0.7538,0.5695,0.6350,0.4998,0.1966,0.4998,0.3646,0.0737,0.0574,0.1557,0.1966,0.7460,0.8160,,0.0700,,22.83,-15.50,171.3,170.2,1.096,0.170,1.792
1791428342.589513,0.4302,0.8767,0.7538,0.7538,0.4998,0.6350,0.7538,0.5695,0.5695,0.2991,0.2458,0.4998,0.4998,0.0574,0.0737,0.0410,0.0369,0.7480,0.8170,,0.0690,,22.44,-15.38,171.7,168.5,1.074,0.172,
1791428342.6214767,0.6350,0.8440,0.5695,0.7006,0.7006,0.5695,0.7006,0.7006,0.7538,0.6350,0.2458,0.5695,0.4998,0.1229,0.0410,0.1557,0.1966,0.7500,0.8165,,0.0665,,21.77,-15.31,171.7,168.9,1.063,0.176,1.878
1791428342.652661,0.7538,0.7538,0.7538,0.4302,0.5695,0.7006,0.6350,0.6350,0.6350,0.5695,0.7006,0.4998,0.4302,0.0942,0.0737,0.1557,0.0369,0.7510,0.8160,,0.0650,,21.45,-15.31,172.1,169.2,1.039,0.176,1.798
1791428342.68487,0.7538,0.8767,0.7006,0.5695,0.5695,0.8440,0.6350,0.7006,0.6350,0.5695,0.5695,0.4998,0.4998,0.2458,0.0574,0.0574,0.0574,0.7480,0.8230,,0.0750,,22.23,-15.42,172.5,169.9,1.059,0.172,1.714
1791428342.7173843,0.6350,0.7538,0.7538,0.4998,0.4302,0.6350,0.7538,0.5695,0.7538,0.6350,0.4998,0.4302,0.4302,0.0410,0.0410,0.1557,0.1966,0.7480,0.8240,,0.0760,,22.78,-15.40,172.2,170.0,1.111,0.170,1.787
1791428342.7502458,0.4998,0.7538,0.7006,0.7538,0.3646,0.6350,0.6350,0.5695,0.7006,0.6350,0.4998,0.5695,0.4302,0.0410,0.0942,0.1966,0.1966,0.7460,0.8195,,0.0735,,22.83,-15.33,172.4,169.9,1.087,0.171,1.760
1791428342.783304,0.5695,0.7538,0.8030,0.5695,0.4998,0.7538,0.6350,0.7538,0.7006,0.5695,0.5695,0.5695,0.4302,0.1966,0.0942,0.2458,0.1229,0.7460,0.8165,,0.0705,,22.73,-15.25,172.2,169.8,1.071,0.171,1.773
1791428342.8173888,0.4302,0.7538,0.8440,0.5695,0.5695,0.8030,0.8030,0.7006,0.7006,0.7006,0.5695,0.5695,0.4302,0.0246,0.0737,0.1229,0.1966,0.7460,0.8245,,0.0785,,23.22,-15.54,172.7,170.0,1.013,0.170,1.763
1791428342.8505557,0.4998,0.9259,0.8030,0.7006,0.5695,0.7006,0.7006,0.6350,0.5695,0.4998,0.4998,0.4302,0.4302,0.1229,0.0942,0.1966,0.1229,0.7500,0.8165,,0.0665,,22.71,-15.36,172.7,169.9,1.092,0.171,1.784
1791428342.8917081,0.4998,0.8440,0.6350,0.4998,0.4998,0.7538,0.8030,0.8030,0.6350,0.4998,0.4998,0.4998,0.4302,0.1557,0.0737,0.1966,0.1557,0.7500,0.8150,,0.0650,,22.27,-15.27,172.6,170.2,1.055,0.172,1.765
1791428342.924721,0.7006,0.7006,0.7538,0.6350,0.4998,0.7006,0.7006,0.5695,0.7538,0.6350,0.4998,0.4998,0.4302,0.2458,0.0942,0.1966,0.1557,0.7460,0.8185,,0.0725,,22.30,-15.46,172.9,170.1,0.996,0.173,1.795
1791428342.9556482,0.4302,0.8440,0.8767,0.4998,0.4998,0.5695,0.7006,0.6350,0.7006,0.6350,0.6350,0.4998,0.4302,0.1557,0.1966,0.1229,0.1557,0.7460,0.8205,,0.0745,,22.76,,172.9,170.4,1.034,0.170,1.722
1791428342.9876738,0.8030,0.7538,0.6350,0.4998,0.5695,0.7006,0.7006,0.4302,0.7538,0.7006,0.4998,0.5695,0.4998,0.0410,0.0942,0.1557,0.1966,0.7460,0.8170,,0.0710,,22.82,,172.9,170.7,1.026,0.170,1.665
1791428343.0187418,0.8030,0.8767,0.8767,0.4302,0.5695,0.7538,0.6350,0.7006,0.8030,0.4998,0.6350,0.7006,0.5695,0.1557,0.0410,0.1966,0.1557,0.7500,0.8155,0.7040,0.0655,-0.1115,22.48,-15.54,172.8,170.8,1.009,0.170,1.659
1791428343.0507424,0.4998,0.5695,0.6350,0.5695,0.6350,0.6350,0.7006,0.4998,0.6350,0.7006,0.4302,0.5695,0.4302,0.2458,0.0369,0.2458,0.0942,0.7460,0.8205,,0.0745,,22.50,-15.55,173.0,170.2,1.055,0.172,1.839
1791428343.0835512,0.3646,0.8030,0.6350,0.6350,0.4998,0.7538,0.7538,0.6350,0.6350,0.6350,0.3646,0.5695,0.4998,0.1966,0.1557,0.3646,0.1557,0.7500,0.8135,,0.0635,,21.76,-15.31,173.1,170.1,1.080,0.174,1.817
1791428343.1174695,0.6350,0.9259,0.7538,0.5695,0.4998,0.6350,0.6350,0.5695,0.6350,0.6350,0.5695,0.4302,0.3646,0.1557,0.0410,0.2458,0.1966,0.7480,0.8240,,0.0760,,22.20,-15.20,173.2,170.2,1.148,0.174,1.881
1791428343.1505382,0.8030,0.9054,0.4302,0.5695,0.3646,0.6350,0.9054,0.7006,0.7006,0.3646,0.7006,0.5695,0.4302,0.0942,0.1557,0.1229,0.1966,0.7480,0.8195,,0.0715,,22.15,-14.99,173.2,169.8,1.153,0.174,1.872
1791428343.1838017,0.3646,0.6350,0.5695,0.4998,0.4302,0.7538,0.6350,0.6350,0.7006,0.5695,0.5695,0.4998,0.4302,0.0410,0.0574,0.1966,0.1229,0.7460,0.8215,,0.0755,,22.67,-15.26,173.3,169.9,1.007,0.172,1.689
1791428343.2246249,0.4302,0.9259,0.8440,0.4302,0.4302,0.7006,0.7006,0.5695,0.7538,0.4302,0.5695,0.4302,0.3646,0.0942,0.0737,0.1557,0.1229,0.7510,0.8195,,0.0685,,22.49,-15.33,173.5,170.4,1.046,0.172,1.830
1791428343.2558734,0.3646,0.9054,0.7006,0.6350,0.4998,0.7538,0.7006,0.7006,0.7006,0.2991,0.7006,0.5695,0.4998,0.0574,0.0942,0.0737,0.0410,0.7480,0.8195,,0.0715,,22.79,-15.41,173.2,170.7,1.034,0.170,1.775
1791428343.288284,0.7006,0.7006,0.7006,0.4998,0.6350,0.6350,0.8030,0.7538,0.7006,0.2991,0.3646,0.5695,0.4998,0.0737,0.0737,0.2991,0.1229,0.7500,0.8240,,0.0740,,23.10,-15.37,172.8,170.9,1.116,0.168,1.870
1791428343.3211462,0.7006,0.8030,0.7006,0.4302,0.4998,0.5695,0.7006,0.7006,0.7006,0.6350,0.2991,0.4998,0.4998,0.0737,0.0942,0.1229,0.1229,0.7460,0.8215,,0.0755,,23.22,-15.17,172.5,171.0,1.153,0.169,1.866
1791428343.351988,0.5695,0.8767,0.6350,0.3646,0.3646,0.7538,0.7006,0.7538,0.4998,0.6350,0.5695,0.4302,0.4302,0.1229,0.0942,0.1966,0.0246,0.7480,0.8200,,0.0720,,23.20,-15.21,172.8,171.0,1.067,0.169,1.740
1791428343.3847797,0.5695,0.6350,0.5695,0.6350,0.4302,0.7006,0.6350,0.4998,0.6350,0.6350,0.4998,0.4998,0.4302,0.0942,0.0737,0.1557,0.0942,0.7470,0.8155,,0.0685,,22.35,-14.87,172.9,171.0,1.165,0.174,1.960
1791428343.4177747,0.5695,0.8440,0.3646,0.5695,0.2991,0.7006,0.8767,0.7006,0.6350,0.6350,0.4302,0.4302,0.4998,0.1557,0.0737,0.1229,0.1557,0.7480,0.8175,,0.0695,,22.38,-14.80,173.2,171.0,1.107,0.173,1.810
1791428343.4504712,0.7006,0.5695,0.9054,0.5695,0.6350,0.7538,0.6350,0.8030,0.4998,0.6350,0.6350,0.4302,0.4998,0.1229,0.0574,0.2458,0.2458,0.7460,0.8210,,0.0750,,22.64,-15.12,173.3,171.1,0.998,0.173,1.717
1791428343.4852176,0.7006,0.8030,0.5695,0.4302,0.5695,0.7538,0.6350,0.6350,0.8030,0.5695,0.4998,0.4998,0.4998,0.0737,0.0246,0.1966,0.1229,0.7480,0.8150,,0.0670,,22.54,-15.22,172.6,170.6,1.002,0.171,1.648
1791428343.5262556,0.4998,0.8440,0.4998,0.4302,0.3646,0.6350,0.7538,0.7006,0.7006,0.7006,0.6350,0.5695,0.4998,0.1229,0.0942,0.1557,0.1229,0.7480,0.8155,,0.0675,,22.37,-15.18,172.7,170.5,1.051,0.171,1.751
1791428343.5538573,0.4998,0.7538,0.6350,0.5695,0.5695,0.7538,0.7538,0.5695,0.7538,0.5695,0.4998,0.4302,0.3646,0.1229,0.0942,0.1557,0.0942,0.7480,0.8175,,0.0695,,22.37,,172.8,170.7,1.012,0.170,1.748
1791428343.5907378,0.5695,0.7538,0.8030,0.6350,0.4998,0.6350,0.6350,0.7006,0.7006,0.5695,0.4998,0.4998,0.4302,0.0410,0.0369,0.1557,0.1229,0.7460,0.8165,,0.0705,,22.13,,172.9,171.0,1.121,0.173,1.890
1791428343.622047,0.2991,0.8767,0.4302,0.4998,0.2991,0.5695,0.7538,0.5695,0.6350,0.4998,0.4998,0.4302,0.4302,0.0942,0.1229,0.1229,0.1557,,0.8185,,,,22.13,,172.9,170.9,1.075,0.173,
1791428343.652967,0.4998,0.8030,0.4998,0.6350,0.4302,0.6350,0.7006,0.7006,0.6350,0.6350,0.4998,0.4998,0.4998,0.0942,0.1229,0.2458,0.1229,0.7470,0.8185,,0.0715,,22.00,,172.7,170.5,1.111,0.174,1.909
1791428343.6854875,0.6350,0.8440,0.7538,0.5695,0.2991,0.7538,0.7538,0.5695,0.5695,0.7006,0.5695,0.4998,0.3646,0.1557,0.0574,0.1557,0.1229,0.7500,0.8205,,0.0705,,22.18,,173.1,170.7,1.082,0.173,1.764
1791428343.7179012,0.7538,0.6350,0.4998,0.4998,0.7538,0.7006,0.8030,0.7538,0.6350,0.4302,0.3646,0.4998,0.4302,0.0574,0.0942,0.1557,0.1557,0.7460,0.8250,,0.0790,,22.80,,172.7,170.9,1.043,0.172,1.728
1791428343.7521355,0.4998,0.8440,0.7538,0.4998,0.3646,0.6350,0.6350,0.4998,0.7538,0.7538,0.4998,0.4998,0.4302,0.1229,0.0246,0.1557,0.1557,0.7470,0.8165,,0.0695,,22.37,,172.7,171.0,1.121,0.174,1.866
1791428343.7843647,0.4998,0.8030,0.4998,0.7538,0.3646,0.7006,0.7538,0.6350,0.5695,0.4998,0.2991,0.4302,0.4302,0.1229,0.0410,0.1557,0.1557,0.7480,0.8170,,0.0690,,22.44,,173.0,170.8,1.102,0.172,1.801
1791428343.8191574,0.4998,0.8030,0.7538,0.4998,0.4998,0.6350,0.8767,0.7006,0.7538,0.7006,0.5695,0.4998,0.4302,0.0737,0.0737,0.1229,0.1229,0.7470,0.8180,,0.0710,,22.37,,172.8,171.1,1.070,0.173,1.814
1791428343.8592622,0.6350,0.8030,0.7538,0.5695,0.3646,0.3646,0.7538,0.5695,0.7006,0.6350,0.4998,0.5695,0.4998,0.0410,0.0737,0.1966,0.0246,0.7500,0.8230,,0.0730,,22.26,,173.1,170.7,1.210,0.175,1.978
1791428343.89111,0.6350,0.7006,0.5695,0.5695,0.6350,0.5695,0.7538,0.7538,0.7006,0.7006,0.5695,0.5695,0.4302,0.0737,0.0942,0.0942,0.1557,0.7480,0.8210,,0.0730,,22.67,,173.4,171.0,1.082,0.172,1.772
1791428343.921928,0.7006,0.5695,0.7006,0.4998,0.4998,0.8030,0.7538,0.7006,0.7538,0.6350,0.5695,0.6350,0.4998,0.0737,0.0410,0.1229,0.0737,0.7540,0.8230,,0.0690,,22.73,,173.1,170.9,1.052,0.170,1.666
1791428343.953963,0.4302,0.7006,0.6350,0.6350,0.7538,0.6350,0.7538,0.4998,0.6350,0.8440,0.4302,0.4998,0.4998,0.1229,0.0574,0.1966,0.1229,0.7470,0.8185,,0.0715,,22.80,,172.9,170.7,1.092,0.170,1.766
1791428343.9866583,0.4998,0.7538,0.4302,0.7006,0.7538,0.7538,0.7006,0.6350,0.4998,0.5695,0.3646,0.4302,0.3646,0.0369,0.0942,0.1229,0.1229,0.7460,0.8200,,0.0740,,22.72,,173.3,171.0,1.175,0.172,1.912
1791428344.0187995,0.4998,0.7006,0.4302,0.4998,0.4302,0.4998,0.7538,0.5695,0.6350,0.7006,0.5695,0.4302,0.4998,0.0574,0.0410,0.1557,0.1229,0.7460,0.8230,,0.0770,,23.22,,173.4,170.9,1.012,0.170,1.709
1791428344.0512714,0.7006,0.7006,0.8030,0.7006,0.4998,0.5695,0.7006,0.8030,0.7006,0.6350,0.5695,0.4998,0.5695,0.0410,0.0574,0.1557,0.1557,0.7480,0.8155,,0.0675,,22.86,,173.5,170.4,1.097,0.170,1.807
1791428344.085481,0.6350,0.7006,0.7538,0.5695,0.4998,0.6350,0.7538,0.4998,0.5695,0.6350,0.5695,0.4998,0.4302,0.0574,0.0942,0.0942,0.3646,0.7460,0.8170,,0.0710,,22.60,,173.5,170.3,1.049,0.172,1.746
1791428344.1187522,0.4998,0.7006,0.4302,0.4998,0.6350,0.8030,0.5695,0.5695,0.7006,0.2991,0.6350,0.5695,0.5695,0.1966,0.0737,0.2458,0.1557,0.7580,0.8170,0.7090,0.0590,-0.1080,22.34,-15.05,172.7,170.5,1.000,0.168,1.802
1791428344.151768,0.4302,0.8767,0.6350,0.5695,0.5695,0.7006,0.8030,0.6350,0.4998,0.6350,0.3646,0.4998,0.3646,0.1557,0.0942,0.1557,0.1229,0.7460,0.8260,,0.0800,,22.78,-14.87,173.0,169.9,1.202,0.170,1.895
1791428344.1925929,0.4302,0.8440,0.8030,0.6350,0.4302,0.5695,0.7538,0.7006,0.7538,0.6350,0.5695,0.4302,0.4302,0.0942,0.0410,0.0942,0.1966,0.7500,0.8215,,0.0715,,22.46,-14.96,173.3,169.7,1.072,0.173,1.822
1791428344.2246163,0.7006,0.6350,0.7006,0.6350,0.6350,0.4998,0.7006,0.7538,0.7006,0.7006,0.4998,0.4998,0.4302,0.0410,0.1229,0.3646,0.1229,0.7460,0.8215,,0.0755,,22.69,-15.00,173.6,169.6,1.086,0.173,1.849
1791428344.256385,0.3646,0.9054,0.7538,0.5695,0.6350,0.7538,0.7538,0.5695,0.5695,0.3646,0.4998,0.4998,0.4302,0.1966,0.0410,0.1966,0.0942,0.7480,0.8225,,0.0745,,22.82,-14.96,173.0,170.0,1.121,0.173,1.830
1791428344.2881148,0.5695,0.6350,0.5695,0.6350,0.5695,0.7006,0.7006,0.6350,0.6350,0.5695,0.5695,0.5695,0.4302,0.0942,0.1557,0.2458,0.1229,0.7500,0.8185,,0.0685,,22.72,-14.88,172.7,170.1,1.101,0.171,1.792
1791428344.3196366,0.5695,0.8440,0.4302,0.7538,0.5695,0.8030,0.7006,0.8030,0.7006,0.5695,0.5695,0.4998,0.4998,0.0737,0.0574,0.1966,0.1229,0.7460,0.8250,,0.0790,,23.32,-15.22,172.7,169.7,1.010,0.170,1.712
1791428344.3514223,0.4998,0.8030,0.8030,0.6350,0.5695,0.6350,0.7006,0.8030,0.5695,0.7006,0.4998,0.4998,0.4998,0.0942,0.0737,0.1229,0.2458,0.7460,0.8215,,0.0755,,22.96,-15.04,172.6,170.0,1.148,0.174,1.851
1791428344.385818,0.4302,0.8030,0.7538,0.6350,0.5695,0.6350,0.7538,0.5695,0.6350,0.5695,0.3646,0.4998,0.4302,0.2458,0.0737,0.1557,0.2458,0.7460,0.8220,,0.0760,,23.26,-15.05,173.0,169.9,1.096,0.173,1.734
1791428344.4195073,0.5695,0.7006,0.6350,0.6350,0.7006,0.6350,0.7538,0.6350,0.7538,0.7006,0.6350,0.4998,0.4302,0.0369,0.0246,0.0942,0.1229,0.7500,0.8195,,0.0695,,22.97,-15.11,172.9,170.2,1.049,0.173,1.689
1791428344.4516745,0.4998,0.6350,0.7538,0.6350,0.4998,0.6350,0.8440,0.4302,0.5695,0.4998,0.4998,0.4998,0.4998,0.0737,0.0574,0.1229,0.1557,0.7500,0.8210,,0.0710,,23.04,-15.08,172.4,170.4,1.096,0.171,1.775
1791428344.4859478,0.5695,0.7538,0.8030,0.3646,0.2991,0.5695,0.6350,0.7538,0.7006,0.7006,0.4998,0.6350,0.4302,0.1229,0.0574,0.0942,0.0737,0.7470,0.8185,,0.0715,,22.88,-15.01,172.2,170.7,1.090,0.172,1.807
1791428344.5246627,0.3646,0.5695,0.5695,0.5695,0.5695,0.5695,0.7538,0.5695,0.7538,0.7006,0.5695,0.4302,0.2991,0.0574,0.0410,0.1229,0.1966,0.7480,0.8215,,0.0735,,23.15,-15.16,172.4,170.7,,0.170,1.640
1791428344.5583699,0.5695,0.8030,0.8030,0.5695,0.5695,0.7006,0.6350,0.6350,0.8440,0.2991,0.4998,0.5695,0.4998,0.0942,0.0737,0.2458,0.0942,0.7480,0.8180,,0.0700,,23.07,-15.15,172.5,170.8,1.054,0.169,1.898
1791428344.5888996,0.4302,0.8440,0.8030,0.6350,0.4998,0.6350,0.7538,0.5695,0.7538,0.3646,0.6350,0.4998,0.4302,0.0737,0.0737,0.2458,0.1557,0.7480,0.8225,,0.0745,,23.49,-15.36,172.2,170.5,1.020,0.167,1.632
1791428344.620438,0.7006,0.7006,0.7538,0.6350,0.4998,0.6350,0.7006,0.7006,0.6350,0.7538,0.4302,0.4302,0.4302,0.1229,0.1229,0.0942,0.1966,0.7460,0.8175,,0.0715,,23.66,-15.52,171.9,170.6,0.974,0.165,1.635
1791428344.6522212,0.5695,0.8030,0.8030,0.3646,0.4998,0.7538,0.7006,0.7538,0.8440,0.7538,0.6350,0.4998,0.4302,0.1229,0.0410,0.0942,0.1557,0.7460,0.8170,,0.0710,,23.19,,172.3,170.6,0.998,0.168,1.793
1791428344.6856937,0.6350,0.8767,0.8030,0.4302,0.5695,0.5695,0.7538,0.6350,0.7006,0.7538,0.7006,0.4302,0.4302,0.1557,0.0246,0.1229,0.1229,0.7480,0.8210,,0.0730,,23.26,,172.6,170.9,1.025,0.168,1.765
1791428344.7196217,0.4998,0.7006,0.7006,0.5695,0.4302,0.8440,0.8030,0.7006,0.7006,0.7006,0.3646,0.5695,0.4998,0.1229,0.1229,0.1966,0.1557,0.7460,0.8195,,0.0735,,23.11,,172.8,170.9,1.127,0.170,1.805
1791428344.7526815,0.4998,0.6350,0.3646,0.5695,0.4998,0.7538,0.8030,0.7006,0.7538,0.5695,0.4302,0.4302,0.3646,0.1966,0.0737,0.2458,0.1557,0.7510,0.8185,,0.0675,,23.23,,172.9,171.0,0.986,0.167,1.588
1791428344.7941012,0.4998,0.8030,0.8030,0.5695,0.6350,0.5695,0.7006,0.7006,0.6350,0.6350,0.5695,0.4302,0.4302,0.0369,0.0942,0.0942,0.1229,0.7460,0.8220,,0.0760,,23.05,,173.3,170.8,1.090,0.170,1.843
1791428344.8259437,0.6350,0.7006,0.5695,0.5695,0.4998,0.7006,0.8030,0.8030,0.6350,0.5695,0.4302,0.5695,0.4302,0.0574,0.0942,0.2458,0.1557,0.7460,0.8215,,0.0755,,23.33,,173.2,170.9,1.056,0.169,1.763
1791428344.8573291,0.7006,0.8440,0.4998,0.6350,0.5695,0.4998,0.7006,0.7006,0.7538,0.4302,0.5695,0.4998,0.3646,0.1229,0.0737,0.2991,0.1557,0.7460,0.8200,,0.0740,,23.35,,172.9,171.1,1.070,0.170,1.778
1791428344.8899717,0.7006,0.7006,0.5695,0.4998,0.4998,0.7006,0.7006,0.6350,0.6350,0.6350,0.6350,0.3646,0.4302,0.1557,0.0410,0.1229,0.1966,0.7460,0.8195,,0.0735,,23.19,,172.8,170.9,1.065,0.171,1.811
1791428344.9213233,0.4998,0.8030,0.8440,0.5695,0.5695,0.6350,0.7006,0.7538,0.6350,0.5695,0.4998,0.4998,0.4302,0.1557,0.0574,0.1557,0.1966,0.7460,0.8215,,0.0755,,23.20,,172.7,170.4,1.056,0.172,1.780
1791428344.9532902,0.6350,0.6350,0.8440,0.5695,0.3646,0.5695,0.8030,0.5695,0.7538,0.6350,0.3646,0.4302,0.4302,0.1229,0.0942,0.1557,0.2458,0.7460,0.8210,,0.0750,,23.25,,172.9,170.8,1.070,0.172,1.806
1791428344.9873338,0.7006,0.4998,0.5695,0.4302,0.5695,0.4302,0.6350,0.3646,0.4998,0.6350,0.5695,0.4998,0.4302,0.0737,0.0737,0.1557,0.1966,0.7460,0.8135,,0.0675,,22.63,,173.0,170.5,1.074,0.174,1.822
1791428345.0202992,0.4302,0.7538,0.4998,0.5695,0.4998,0.4998,0.8030,0.4998,0.6350,0.6350,0.6350,0.4998,0.3646,0.1966,0.0410,0.1966,0.2458,0.7460,0.8185,,0.0725,,22.38,,172.9,170.5,1.116,0.176,1.857
1791428345.0530038,0.5695,0.8030,0.8440,0.6350,0.4302,0.6350,0.8030,0.7006,0.8030,0.7006,0.6350,0.5695,0.4998,0.0574,0.1229,0.3646,0.1557,0.7460,0.8225,,0.0765,,22.73,,173.0,170.7,1.085,0.175,1.805
1791428345.0864406,0.7006,0.9054,0.6350,0.5695,0.4302,0.8767,0.7538,0.7006,0.6350,0.4302,0.3646,0.4998,0.3646,0.1229,0.0574,0.1229,0.1557,0.7500,0.8195,,0.0695,,22.52,,173.1,170.7,1.045,0.175,1.832
1791428345.1269217,0.3646,0.8030,0.4302,0.6350,0.6350,0.6350,0.7538,0.7006,0.6350,0.5695,0.5695,0.4302,0.4998,0.1557,0.0574,0.1557,0.1229,0.7510,0.8250,,0.0740,,22.94,,173.2,171.0,1.081,0.172,1.787
1791428345.1584594,0.6350,0.8030,0.8030,0.5695,0.5695,0.8030,0.7538,0.5695,0.7538,0.2458,0.3646,0.4998,0.2991,0.1229,0.0737,0.1229,0.1966,0.7480,0.8235,,0.0755,,23.17,,172.2,170.2,,0.172,1.776
1791428345.1904235,0.4302,0.6350,0.7006,0.5695,0.5695,0.7538,0.6350,0.5695,0.7006,0.5695,0.4302,0.4998,0.4302,0.1557,0.0737,0.1966,0.0942,0.7460,0.8200,,0.0740,,22.91,,172.8,170.2,1.121,0.174,1.915
1791428345.2213428,0.5695,0.8030,0.8030,0.4998,0.4998,0.7006,0.4998,0.5695,0.7538,0.4998,0.4998,0.4302,0.4302,0.1966,0.0574,0.2458,0.1229,0.7460,0.8180,,0.0720,,22.85,,172.3,170.4,1.091,0.174,1.795
1791428345.2544827,0.5695,0.8440,0.8030,0.5695,0.6350,0.7006,0.7006,0.6350,0.8030,0.6350,0.5695,0.4998,0.4302,0.1229,0.0942,0.0942,0.1557,0.7460,0.8145,,0.0685,,22.73,,172.5,170.6,1.028,0.173,1.713
1791428345.2861066,0.7006,0.7538,0.6350,0.6350,0.4998,0.4998,0.7538,0.7006,0.5695,0.5695,0.5695,0.4302,0.4998,0.0737,0.0205,0.1557,0.1557,0.7480,0.8255,,0.0775,,23.12,,172.9,170.4,1.086,0.172,1.760
1791428345.320567,0.4998,0.8440,0.6350,0.4998,0.5695,0.7538,0.7538,0.7538,0.6350,0.5695,0.6350,0.4302,0.4302,0.1557,0.0410,0.1557,0.1229,0.7460,0.8265,,0.0805,,23.65,,173.1,170.8,1.127,0.171,1.806
1791428345.3537843,0.7006,0.8030,0.8440,0.7006,0.4302,0.5695,0.5695,0.5695,0.6350,0.4302,0.2991,0.4998,0.3646,0.0246,0.1229,0.0942,0.2991,0.7510,0.8180,,0.0670,,23.18,,172.9,171.1,1.025,0.171,1.747
1791428345.38744,0.4302,0.8440,0.6350,0.4998,0.5695,0.4998,0.7006,0.6350,0.7006,0.6350,0.4302,0.5695,0.4302,0.0942,0.0574,0.0942,0.1229,0.7480,0.8230,,0.0750,,23.05,,173.0,171.0,1.170,0.173,1.892
1791428345.4287496,0.4302,0.6350,0.7538,0.4998,0.4302,0.4302,0.6350,0.6350,0.6350,0.4998,0.5695,0.4302,0.4998,0.1557,0.0737,0.0942,0.1557,0.7460,0.8180,,0.0720,,23.11,,172.9,170.9,1.112,0.172,1.733
1791428345.4612746,0.4998,0.4998,0.8767,0.6350,0.4302,0.7006,0.7538,0.6350,0.7006,0.6350,0.1557,0.5695,0.5695,0.0369,0.0574,0.1557,0.1229,0.7510,0.8200,0.7090,0.0690,-0.1110,23.01,-14.83,173.0,170.9,1.066,0.171,1.775
1791428345.493457,0.5695,0.7006,0.8440,0.4998,0.3646,0.7538,0.8030,0.7006,0.8030,0.6350,0.4302,0.5695,0.4998,0.0574,0.0737,0.1966,0.1229,0.7460,0.8180,,0.0720,,23.06,-14.77,173.0,171.2,1.090,0.170,1.779
1791428345.5250225,0.7538,0.8440,0.4998,0.4302,0.4302,0.4998,0.7538,0.5695,0.6350,0.6350,0.5695,0.4998,0.4302,0.1229,0.0246,0.1966,0.2458,0.7460,0.8210,,0.0750,,23.31,-14.91,173.0,171.3,1.046,0.169,1.807
1791428345.5567815,0.4998,0.8767,0.4998,0.7006,0.4998,0.6350,0.6350,0.7006,0.7538,0.7006,0.6350,0.4302,0.4302,0.1966,0.1229,0.1229,0.1557,0.7480,0.8220,,0.0740,,23.41,-15.07,173.3,171.3,1.041,0.169,1.781
1791428345.5878303,0.2991,0.7538,0.7538,0.6350,0.3646,0.7006,0.8767,0.6350,0.5695,0.7006,0.4998,0.4998,0.4998,0.1557,0.0737,0.2458,0.0410,,0.8150,,,,23.41,-15.07,173.1,171.1,1.052,0.169,
1791428345.62055,0.6350,0.7538,0.3646,0.5695,0.4998,0.8030,0.7538,0.6350,0.6350,0.6350,0.4998,0.5695,0.4302,0.1557,0.1966,0.1557,0.1966,0.7460,0.8175,,0.0715,,23.27,-15.09,173.0,170.9,1.038,0.169,1.723
1791428345.6535625,0.4998,0.8440,0.4302,0.4998,0.4998,0.6350,0.4302,0.7006,0.7006,0.6350,0.6350,0.4998,0.4998,0.0942,0.0737,0.1966,0.1229,0.7480,0.8160,,0.0680,,22.74,-15.04,173.0,170.9,1.045,0.171,1.804
1791428345.687652,0.4302,0.7006,0.4998,0.4998,0.4998,0.7006,0.6350,0.6350,0.7006,0.7006,0.4302,0.4302,0.3646,0.2458,0.0574,0.2458,0.1557,0.7460,0.8200,,0.0740,,22.48,-14.95,173.0,170.8,1.105,0.175,1.893
1791428345.7204406,0.4302,0.7538,0.6350,0.4998,0.4998,0.5695,0.6350,0.6350,0.7538,0.7006,0.4998,0.4302,0.4302,0.0942,0.0369,0.0737,0.2458,0.7470,0.8240,,0.0770,,22.93,-15.06,173.2,170.9,1.072,0.173,1.792
1791428345.754551,0.4998,0.8767,0.4998,0.5695,0.4998,0.6350,0.6350,0.4302,0.6350,0.7006,0.4998,0.4998,0.4998,0.1229,0.0737,0.0737,0.1557,0.7460,0.8255,,0.0795,,23.31,-15.06,173.3,170.8,1.121,0.173,1.805
1791428345.7941463,0.5695,0.7538,0.6350,0.3646,0.5695,0.6350,0.7006,0.6350,0.8030,0.6350,0.4302,0.4302,0.4998,0.1229,0.0410,0.1229,0.1557,0.7460,0.8200,,0.0740,,23.21,-14.78,173.3,171.3,1.174,0.173,1.902
1791428345.8269105,0.6350,0.8767,0.4998,0.5695,0.4302,0.6350,0.7006,0.6350,0.7006,0.7006,0.4302,0.4302,0.4998,0.0369,0.0737,0.1557,0.1557,0.7490,0.8195,,0.0705,,22.94,-14.77,173.4,171.2,1.091,0.174,1.813
1791428345.8570895,0.6350,0.8440,0.8030,0.5695,0.7006,0.7006,0.5695,0.5695,0.5695,0.4998,0.6350,0.5695,0.4998,0.0574,0.0942,0.2458,0.1557,0.7460,0.8250,,0.0790,,23.29,-14.98,173.4,171.2,1.056,0.174,1.808
1791428345.889154,0.6350,0.7538,0.6350,0.6350,0.4302,0.7006,0.8030,0.6350,0.7538,0.4302,0.6350,0.4998,0.4302,0.0246,0.0737,0.1229,0.0737,0.7460,0.8235,,0.0775,,23.33,-14.89,173.3,171.1,1.142,0.174,1.827
1791428345.9212842,0.6350,0.9054,0.8440,0.6350,0.4302,0.8767,0.8767,0.7538,0.4998,0.5695,0.1966,0.4998,0.5695,0.1557,0.0942,0.0737,0.1966,0.7470,0.8225,,0.0755,,23.48,-14.88,173.5,171.2,1.106,0.173,1.798
1791428345.9534512,0.4998,0.9054,0.5695,0.4998,0.4998,0.7006,0.7538,0.7538,0.7538,0.3646,0.6350,0.4998,0.5695,0.0942,0.0737,0.1966,0.1229,0.7480,0.8170,,0.0690,,22.88,-14.85,173.6,171.3,1.066,0.175,1.847
1791428345.9871948,0.4998,0.7006,0.9054,0.6350,0.4998,0.4998,0.6350,0.7006,0.6350,0.4998,0.4998,0.4998,0.4998,0.0942,0.0574,0.1229,0.1229,0.7470,0.8205,,0.0735,,22.81,,173.1,171.1,1.122,0.176,1.787
1791428346.0213149,0.4998,0.8440,0.8030,0.4302,0.6350,0.5695,0.7538,0.5695,0.7538,0.7538,0.4998,0.5695,0.4302,0.1229,0.0737,0.0942,0.1966,0.7470,0.8180,,0.0710,,22.74,,172.9,170.9,1.092,0.175,1.794
1791428346.0544374,0.5695,0.8030,0.7538,0.6350,0.3646,0.5695,0.7538,0.7006,0.8767,0.7006,0.5695,0.4998,0.4302,0.0574,0.0574,0.1557,0.0737,0.7470,0.8220,,0.0750,,23.21,,173.3,171.0,1.021,0.172,1.716
1791428346.095709,0.4302,0.7538,0.6350,0.5695,0.4998,0.6350,0.8030,0.6350,0.6350,0.4302,0.4998,0.4302,0.4302,0.1229,0.1557,0.2458,0.1966,0.7460,0.8255,,0.0795,,23.53,,173.4,171.0,1.122,0.172,1.811
1791428346.127583,0.4302,0.8767,0.6350,0.4998,0.4998,0.8440,0.8030,0.6350,0.7538,0.7006,0.5695,0.5695,0.4302,0.0737,0.1229,0.1557,0.0942,0.7490,0.8215,,0.0725,,23.58,,173.4,171.0,1.096,0.170,1.804
1791428346.1595287,0.4998,0.5695,0.4302,0.4998,0.4998,0.7006,0.7006,0.7538,0.7538,0.6350,0.6350,0.4998,0.4302,0.0942,0.0410,0.2991,0.1229,0.7490,0.8200,,0.0710,,23.17,,173.2,170.5,1.100,0.172,1.859
1791428346.1919684,0.5695,0.8030,0.6350,0.7006,0.4302,0.7006,0.5695,0.6350,0.6350,0.5695,0.4302,0.4302,0.4302,0.1229,0.0737,0.1229,0.1229,0.7470,0.8215,,0.0745,,23.42,,173.1,170.6,1.086,0.170,1.745
1791428346.2226071,0.7538,0.8030,0.7006,0.6350,0.3646,0.5695,0.7006,0.7006,0.6350,0.4302,0.6350,0.4998,0.5695,0.1557,0.0942,0.1557,0.1557,0.7460,0.8245,,0.0785,,23.87,,173.1,170.7,1.007,0.169,1.708
1791428346.2540417,0.5695,0.6350,0.7006,0.5695,0.6350,0.5695,0.7538,0.5695,0.5695,0.5695,0.2991,0.4998,0.4302,0.1229,0.0737,0.1966,0.1229,0.7460,0.8195,,0.0735,,23.52,,173.3,170.6,1.095,0.171,1.848
1791428346.2870543,0.7006,0.8440,0.4998,0.4998,0.3646,0.7006,0.7006,0.4998,0.7538,0.7006,0.4998,0.5695,0.4998,0.1557,0.0942,0.0574,0.0410,0.7460,0.8215,,0.0755,,23.68,,172.7,170.6,1.023,0.170,1.755
1791428346.3216476,0.4998,0.8440,0.6350,0.5695,0.4998,0.6350,0.6350,0.7006,0.7538,0.5695,0.4998,0.5695,0.4998,0.0942,0.0205,0.2991,0.0574,0.7460,0.8205,,0.0745,,23.49,,173.2,170.2,1.046,0.172,1.838
1791428346.353958,0.5695,0.7538,0.4998,0.5695,0.4302,0.5695,0.7006,0.6350,0.6350,0.6350,0.4998,0.4302,0.4998,0.0942,0.0574,0.0942,0.2458,0.7470,0.8230,,0.0760,,23.54,,173.1,169.9,1.070,0.172,1.819
1791428346.3874896,0.5695,0.8440,0.7538,0.4302,0.5695,0.4998,0.8030,0.5695,0.5695,0.4998,0.3646,0.4302,0.4302,0.0369,0.0410,0.1557,0.2458,0.7470,0.8150,,0.0680,,23.32,,172.8,169.9,1.022,0.171,1.646
1791428346.4218383,0.7006,0.7538,0.6350,0.4302,0.4998,0.6350,0.8440,0.4998,0.6350,0.6350,0.4998,0.4302,0.4302,0.0410,0.0737,0.1557,0.1229,0.7470,0.8220,,0.0750,,23.52,,173.0,170.2,1.056,0.170,1.781
1791428346.4617512,0.4302,0.8440,0.6350,0.4998,0.4302,0.7006,0.5695,0.6350,0.7538,0.4998,0.7006,0.4302,0.3646,0.0369,0.0737,0.1966,0.0737,0.7470,0.8225,,0.0755,,23.78,,172.6,170.6,1.063,0.168,1.740
1791428346.493838,0.6350,0.4998,0.8030,0.4998,0.4998,0.7538,0.8030,0.7538,0.7538,0.5695,0.5695,0.5695,0.4998,0.1966,0.1557,0.2458,0.1557,0.7470,0.8160,,0.0690,,23.53,,172.6,170.8,1.077,0.168,1.750
1791428346.524029,0.6350,0.7538,0.6350,0.4998,0.6350,0.8030,0.6350,0.7006,0.7006,0.6350,0.4998,0.4302,0.4302,0.0410,0.0410,0.2458,0.1557,0.7470,0.8145,,0.0675,,22.96,,172.7,170.7,1.041,0.170,1.789
1791428346.5569444,0.4998,0.8767,0.5695,0.5695,0.6350,0.7006,0.7538,0.7538,0.6350,0.7006,0.2991,0.5695,0.4998,0.0942,0.0574,0.1966,0.0574,0.7510,0.8205,,0.0695,,22.89,,172.5,169.8,1.053,0.169,1.744
1791428346.5884802,0.7538,0.5695,0.7006,0.4998,0.5695,0.8767,0.6350,0.5695,0.7538,0.4998,0.5695,0.4302,0.4302,0.1966,0.0942,0.1966,0.1557,0.7470,0.8225,,0.0755,,22.96,,172.4,169.8,1.127,0.171,1.798
1791428346.620817,0.5695,0.9054,0.5695,0.6350,0.4998,0.7006,0.6350,0.6350,0.5695,0.6350,0.2991,0.4998,0.4998,0.0942,0.0942,0.2458,0.1966,0.7470,0.8220,,0.0750,,23.20,,172.6,169.4,1.074,0.170,1.699
1791428346.6551344,0.4998,0.8767,0.5695,0.5695,0.4998,0.8030,0.5695,0.5695,0.6350,0.7006,0.4998,0.5695,0.4998,0.0410,0.0942,0.1229,0.0942,0.7470,0.8240,,0.0770,,23.52,,173.0,169.9,1.067,0.169,1.760
1791428346.688184,0.4998,0.8767,0.7006,0.4998,0.4302,0.6350,0.7538,0.7006,0.6350,0.6350,0.5695,0.4302,0.3646,0.0369,0.0369,0.2991,0.1557,0.7480,0.8205,,0.0725,,23.35,,173.1,170.3,1.039,0.170,1.803
1791428346.7226272,0.6350,0.8030,0.7006,0.6350,0.4998,0.4998,0.5695,0.5695,0.6350,0.4302,0.4302,0.4998,0.4998,0.0942,0.0246,0.1557,0.0942,0.7490,0.8195,,0.0705,,23.29,,173.0,170.7,1.071,0.169,1.773
1791428346.7625375,0.7006,0.7538,0.5695,0.5695,0.4998,0.6350,0.8440,0.6350,0.6350,0.4998,0.1966,0.4998,0.3646,0.1229,0.0737,0.1966,0.0737,0.7500,0.8240,,0.0740,,23.29,,173.4,169.8,1.127,0.170,1.763
1791428346.79429,0.4998,0.8030,0.7538,0.6350,0.7006,0.9054,0.6350,0.7538,0.7006,0.7006,0.6350,0.5695,0.4998,0.1229,0.0574,0.1557,0.1966,0.7470,0.8235,,0.0765,,23.36,,173.2,170.2,1.065,0.171,1.839
1791428346.8258624,0.4302,0.8767,0.6350,0.6350,0.4998,0.4998,0.7538,0.7538,0.6350,0.5695,0.4302,0.4998,0.4998,0.0942,0.0369,0.1966,0.0942,0.7470,0.8280,,0.0810,,23.99,,173.4,170.6,1.061,0.169,1.790
1791428346.8573997,0.5695,0.9054,0.4998,0.4998,0.4302,0.5695,0.7006,0.7006,0.7006,0.6350,0.5695,0.4998,0.4302,0.0942,0.0737,0.0410,0.0369,0.7490,0.8230,,0.0740,,24.06,,173.6,170.7,1.092,0.168,1.772
1791428346.8888545,0.4998,0.8030,0.8440,0.5695,0.7006,0.7006,0.6350,0.4302,0.7538,0.4998,0.5695,0.4302,0.4302,0.1557,0.0246,0.1557,0.1229,0.7470,0.8190,,0.0720,,23.37,,173.4,170.9,1.111,0.172,1.885
1791428346.9229295,0.5695,0.8440,0.6350,0.3646,0.4302,0.7538,0.7006,0.6350,0.7006,0.6350,0.7006,0.3646,0.4302,0.0942,0.1229,0.1966,0.1966,0.7470,0.8150,,0.0680,,22.83,,173.3,170.9,1.001,0.174,1.827
1791428346.954551,0.5695,0.8767,0.8030,0.6350,0.4302,0.7538,0.6350,0.5695,0.7538,0.4302,0.5695,0.4302,0.4302,0.1229,0.0737,0.1229,0.1229,0.7470,0.8220,,0.0750,,22.77,,173.1,171.1,1.165,0.175,1.882
1791428346.9888756,0.4302,0.9054,0.7006,0.5695,0.4998,0.7006,0.7538,0.7006,0.7006,0.5695,0.4998,0.5695,0.4998,0.1229,0.0942,0.1966,0.2458,0.7470,0.8240,,0.0770,,23.65,,173.1,171.6,0.993,0.169,1.616
1791428347.0218723,0.7006,0.8030,0.5695,0.6350,0.5695,0.7538,0.5695,0.5695,0.7006,0.6350,0.5695,0.4302,0.4302,0.1229,0.0369,0.1557,0.1557,0.7470,0.8185,,0.0715,,23.29,,173.1,171.3,1.090,0.171,1.828
1791428347.0628262,0.7006,0.5695,0.4302,0.7006,0.6350,0.6350,0.6350,0.4998,0.5695,0.6350,0.5695,0.4998,0.4302,0.0942,0.0369,0.1229,0.1229,0.7470,0.8225,,0.0755,,23.42,,173.3,170.9,1.076,0.171,1.774
1791428347.094183,0.5695,0.8440,0.6350,0.5695,0.4998,0.6350,0.5695,0.7006,0.8030,0.6350,0.3646,0.4998,0.4302,0.1966,0.0942,0.0410,0.1966,0.7510,0.8245,,0.0735,,23.81,,173.4,171.2,1.059,0.168,1.687
1791428347.126566,0.5695,0.8440,0.7538,0.4302,0.4998,0.5695,0.4998,0.7006,0.6350,0.4998,0.4998,0.4998,0.3646,0.1229,0.0942,0.0574,0.3646,0.7490,0.8205,,0.0715,,23.56,,173.2,170.8,1.095,0.168,1.834
1791428347.1582508,0.6350,0.7538,0.4998,0.4998,0.7006,0.8440,0.7538,0.5695,0.7006,0.5695,0.5695,0.7006,0.4998,0.1557,0.0942,0.0942,0.0737,0.7510,0.8170,,0.0660,,23.31,,173.2,170.7,1.012,0.167,1.704
1791428347.189794,0.3646,0.6350,0.5695,0.5695,0.4302,0.6350,0.5695,0.7006,0.7538,0.6350,0.2991,0.4998,0.4998,0.0942,0.1229,0.1557,0.2991,0.7470,0.8190,,0.0720,,23.22,,172.9,169.9,1.053,0.168,1.751
1791428347.2227888,0.7006,0.4998,0.7006,0.5695,0.5695,0.5695,0.6350,0.7538,0.8030,0.7006,0.4302,0.5695,0.5695,0.1229,0.0737,0.1557,0.1557,0.7470,0.8205,0.7070,0.0735,-0.1135,23.45,-15.40,172.8,170.0,0.976,0.167,1.660
1791428347.2558355,0.5695,0.8767,0.8030,0.5695,0.5695,0.7006,0.8030,0.6350,0.4998,0.6350,0.1966,0.4998,0.4998,0.0737,0.0410,0.2991,0.1229,0.7490,0.8235,,0.0745,,23.70,-15.45,172.9,170.0,1.056,0.166,1.780
1791428347.2892103,0.8030,0.8440,0.4998,0.5695,0.4302,0.8030,0.6350,0.5695,0.5695,0.2991,0.4302,0.4998,0.4302,0.1966,0.0410,0.1966,0.1557,0.7490,0.8175,,0.0685,,23.53,-15.28,172.8,170.2,1.072,0.165,1.815
1791428347.32173,0.4998,0.5695,0.7006,0.6350,0.4302,0.7006,0.6350,0.6350,0.7006,0.4998,0.5695,0.4998,0.4998,0.1229,0.1229,0.0410,0.0410,0.7470,0.8175,,0.0705,,23.25,-15.31,173.0,170.5,1.018,0.167,1.742
1791428347.355423,0.6350,0.8030,0.7538,0.4998,0.4998,0.5695,0.5695,0.5695,0.4998,0.5695,0.5695,0.5695,0.4998,0.1229,0.0942,0.2991,0.1557,0.7470,0.8165,,0.0695,,23.22,-15.38,172.9,170.7,0.988,0.166,1.697
1791428347.3937879,0.4302,0.8440,0.8440,0.4998,0.6350,0.7006,0.6350,0.6350,0.7006,0.6350,0.5695,0.5695,0.4998,0.0737,0.0369,0.1229,0.1229,0.7470,0.8205,,0.0735,,23.00,-15.16,172.9,169.7,1.127,0.169,1.855
1791428347.4268327,0.6350,0.8440,0.6350,0.3646,0.6350,0.8030,0.5695,0.7006,0.6350,0.5695,0.4998,0.4998,0.3646,0.1229,0.0410,0.1557,0.2458,0.7490,0.8220,,0.0730,,22.92,-14.96,173.1,169.9,1.148,0.170,1.872
1791428347.4577157,0.3646,0.8030,0.8030,0.5695,0.4998,0.5695,0.4998,0.5695,0.7538,0.6350,0.6350,0.5695,0.4302,0.0942,0.0942,0.0737,0.0369,0.7480,0.8260,,0.0780,,23.28,-15.10,173.0,170.1,1.076,0.170,1.795
1791428347.4903808,0.4998,0.7538,0.8030,0.4998,0.4302,0.6350,0.7006,0.7006,0.7006,0.4998,0.4998,0.4302,0.3646,0.0574,0.0574,0.1557,0.1966,0.7470,0.8225,,0.0755,,23.27,-15.12,173.2,169.9,1.076,0.171,1.773
