timestamp,nose_score,left_eye_score,right_eye_score,left_ear_score,right_ear_score,left_shoulder_score,right_shoulder_score,left_elbow_score,right_elbow_score,left_wrist_score,right_wrist_score,left_hip_score,right_hip_score,left_knee_score,right_knee_score,left_ankle_score,right_ankle_score,head_depth_m,chest_depth_m,hip_depth_m,neck_forward_offset_m,torso_recline_offset_m,head_forward_deg,torso_pitch_deg,elbow_left_deg,elbow_right_deg,torso_len_sw,head_up_m,wrist_face_sw
1791428454.2349997,0.4998,0.5695,0.8030,0.5695,0.3646,0.6350,0.7538,0.4302,0.5695,0.3646,0.3646,0.4998,0.4998,0.0737,0.1557,0.1966,0.0942,0.6560,0.7845,,0.1285,,45.31,,179.9,169.7,0.985,0.127,1.714
1791428454.2802672,0.6350,0.7006,0.7538,0.5695,0.4998,0.3646,0.5695,0.5695,0.6350,0.2991,0.3646,0.3646,0.4998,0.0574,0.1557,0.1557,0.1229,0.6580,0.7945,,0.1365,,45.11,,179.8,169.5,1.015,0.130,1.667
1791428454.3108132,0.4302,0.6350,0.5695,0.5695,0.7006,0.5695,0.7538,0.7006,0.6350,0.2991,0.4998,0.4302,0.4998,0.0737,0.1229,0.1229,0.1229,0.6580,0.7875,,0.1295,,44.04,,179.4,169.2,1.052,0.134,1.820
1791428454.3420942,0.5695,0.8440,0.8030,0.4998,0.7006,0.4998,0.7006,0.5695,0.4998,0.1966,0.4998,0.4302,0.4998,0.0942,0.1229,0.0737,0.1229,0.6580,0.7895,,0.1315,,43.60,,179.2,169.6,0.966,0.137,1.661
1791428454.374491,0.5695,0.8030,0.9259,0.4998,0.6350,0.4302,0.8030,0.5695,0.4998,0.4998,0.2991,0.4302,0.4998,0.0942,0.0942,0.0942,0.1229,0.6640,0.7945,,0.1305,,42.94,,179.8,169.2,1.059,0.140,1.763
1791428454.4069026,0.4302,0.8440,0.5695,0.6350,0.4998,0.5695,0.6350,0.6350,0.6350,0.4998,0.5695,0.4302,0.4302,0.0574,0.1557,0.1557,0.1557,0.6610,0.7870,,0.1260,,42.21,,179.7,168.8,0.945,0.143,1.634
1791428454.437758,0.5695,0.7538,0.7538,0.4302,0.3646,0.6350,0.7006,0.6350,0.4302,0.2458,0.4302,0.4302,0.4302,0.0574,0.0574,0.1229,0.1229,0.6580,0.7925,,0.1345,,42.52,,179.9,169.4,1.024,0.142,1.670
1791428454.4689314,0.7006,0.6350,0.6350,0.5695,0.3646,0.4302,0.7006,0.7006,0.2458,0.4302,0.4302,0.4998,0.5695,0.0574,0.2458,0.0942,0.1229,0.6620,0.7885,,0.1265,,42.08,,179.6,169.5,0.988,0.144,1.728
1791428454.5006936,0.6350,0.7538,0.4302,0.4998,0.7006,0.7006,0.6350,0.3646,0.4998,0.4998,0.1966,0.4302,0.4998,0.0410,0.0942,0.0574,0.0942,0.6580,0.7910,,0.1330,,42.24,,179.8,169.1,0.972,0.144,1.629
1791428454.535171,0.4998,0.9423,0.5695,0.4302,0.4998,0.4998,0.7538,0.6350,0.7538,0.1557,0.5695,0.4998,0.4998,0.0574,0.1229,0.2991,0.0737,0.6580,0.7955,,0.1375,,42.53,,178.2,169.5,1.050,0.144,1.769
1791428454.5688274,0.7006,0.8030,0.4302,0.4998,0.2991,0.5695,0.8030,0.7538,0.6350,0.4998,0.2458,0.4302,0.4998,0.0737,0.1557,0.0942,0.1557,0.6580,0.7925,,0.1345,,42.42,,178.4,169.7,1.060,0.145,1.781
1791428454.601199,0.7538,0.9054,0.4302,0.4302,0.4302,0.6350,0.8030,0.4998,0.8030,0.4998,0.2458,0.4302,0.4998,0.0737,0.1557,0.1229,0.0737,0.6580,0.7965,,0.1385,,42.50,,178.9,168.8,1.068,0.146,1.846
1791428454.643019,0.4998,0.5695,0.5695,0.4998,0.6350,0.2458,0.7006,0.5695,0.3646,0.3646,0.4302,0.4302,0.4998,0.0369,0.1557,0.1557,0.0942,0.6580,,,,,42.50,,178.9,168.8,,,
1791428454.6749797,0.6350,0.5695,0.7538,0.4998,0.4302,0.7006,0.5695,0.4998,0.5695,0.4998,0.2458,0.4998,0.4998,0.0737,0.1557,0.1557,0.0737,0.6610,0.7945,,0.1335,,41.73,,179.2,169.1,1.020,0.150,1.759
1791428454.7068913,0.7538,0.7538,0.7538,0.4998,0.5695,0.5695,0.7538,0.5695,0.6350,0.5695,0.5695,0.4998,0.4998,0.0410,0.1557,0.0942,0.0942,0.6600,0.7965,,0.1365,,41.26,,179.6,169.6,1.116,0.153,1.801
1791428454.7374694,0.6350,0.7538,0.8030,0.5695,0.5695,0.6350,0.7006,0.5695,0.5695,0.4998,0.6350,0.4302,0.4998,0.0369,0.0942,0.0574,0.0737,0.6580,0.7935,,0.1355,,41.32,,179.9,170.2,0.939,0.153,1.610
1791428454.7700763,0.5695,0.5695,0.5695,0.5695,0.4302,0.4998,0.7538,0.7006,0.7006,0.2991,0.7006,0.4302,0.4302,0.0410,0.1557,0.0942,0.0737,0.6590,0.7905,,0.1315,,41.27,,179.5,171.0,0.957,0.152,1.601
1791428454.8027556,0.5695,0.6350,0.4998,0.5695,0.4998,0.5695,0.7006,0.6350,0.7538,0.1966,0.4998,0.4302,0.4302,0.0574,0.0942,0.1557,0.0942,0.6600,0.7895,,0.1295,,41.02,,178.9,171.2,1.000,0.153,1.674
1791428454.8346255,0.6350,0.5695,0.6350,0.6350,0.4998,0.5695,0.6350,0.7538,0.5695,0.4302,0.1966,0.4302,0.4998,0.0410,0.0942,0.0942,0.1557,0.6600,0.7825,,0.1225,,40.60,,173.1,170.8,0.918,0.153,1.639
1791428454.8686843,0.6350,0.8030,0.7006,0.6350,0.6350,0.6350,0.8440,0.4998,0.6350,0.3646,0.4998,0.4998,0.4998,0.0410,0.0942,0.0737,0.0942,0.6610,0.7880,,0.1270,,39.85,,174.3,170.9,1.050,0.156,1.785
1791428454.9019003,0.6350,0.8440,0.8440,0.4302,0.4998,0.6350,0.5695,0.6350,0.4302,0.1557,0.6350,0.4998,0.4302,0.0574,0.0737,0.0737,0.0942,0.6610,0.7880,,0.1270,,39.22,,176.2,171.2,1.109,0.159,1.846
1791428454.935496,0.6350,0.7538,0.4998,0.5695,0.4998,0.4998,0.4998,0.7538,0.6350,0.3646,0.4998,0.4302,0.5695,0.0410,0.1229,0.0205,0.0942,0.6610,0.7910,,0.1300,,39.91,,176.8,171.2,0.998,0.155,1.649
1791428454.9785776,0.7006,0.7538,0.4998,0.4998,0.4302,0.4998,0.7006,0.6350,0.7538,0.5695,0.1966,0.4998,0.4998,0.0410,0.0942,0.0942,0.0942,0.6610,0.7910,,0.1300,,39.95,,176.9,171.4,1.025,0.155,1.734
1791428455.009322,0.5695,0.8030,0.5695,0.4302,0.4302,0.6350,0.6350,0.7006,0.7006,0.1966,0.4302,0.4998,0.4998,0.0574,0.1229,0.1557,0.1229,0.6610,0.7930,,0.1320,,39.90,,177.2,172.1,1.094,0.156,1.819
1791428455.0400796,0.8767,0.7538,0.8030,0.4998,0.6350,0.6350,0.6350,0.5695,0.2991,0.4998,0.3646,0.4302,0.4302,0.0410,0.0942,0.1557,0.0737,0.6610,0.7875,,0.1265,,40.12,,177.6,171.9,0.962,0.154,1.635
1791428455.0715818,0.6350,0.8767,0.4998,0.5695,0.5695,0.5695,0.5695,0.6350,0.6350,0.4302,0.4998,0.4302,0.4302,0.0246,0.1557,0.0737,0.1557,0.6610,0.7890,,0.1280,,39.85,,177.8,171.6,1.038,0.155,1.781
1791428455.1029954,0.8030,0.7538,0.7006,0.6350,0.6350,0.4998,0.7006,0.6350,0.4998,0.4302,0.5695,0.3646,0.4998,0.1229,0.0942,0.1229,0.1557,0.6630,0.7925,,0.1295,,40.23,,178.5,170.7,1.090,0.153,1.698
1791428455.1356962,0.4302,0.7538,0.8440,0.5695,0.4998,0.4998,0.7538,0.4998,0.5695,0.4998,0.5695,0.4302,0.4302,0.0737,0.1557,0.1966,0.1557,0.6650,0.7855,,0.1205,,40.31,,178.6,170.4,1.011,0.150,1.725
1791428455.1688411,0.4998,0.7006,0.7538,0.3646,0.6350,0.5695,0.8030,0.6350,0.2458,0.2991,0.2991,0.4998,0.4302,0.0410,0.1966,0.1966,0.0942,0.6600,0.7965,,0.1365,,41.29,,178.7,169.6,0.913,0.147,
1791428455.2017283,0.6350,0.7538,0.6350,0.5695,0.6350,0.5695,0.7006,0.7538,0.5695,0.4302,0.4302,0.4302,0.4998,0.1229,0.1966,0.1966,0.1557,0.6590,0.7915,,0.1325,,41.40,,178.4,171.0,1.007,0.147,1.803
1791428455.2354429,0.7006,0.4998,0.7538,0.4302,0.4998,0.7006,0.6350,0.6350,0.5695,0.2991,0.3646,0.4302,0.4302,0.1229,0.1966,0.1557,0.1557,0.6610,0.7905,,0.1295,,41.80,,178.7,171.2,1.057,0.145,1.779
1791428455.2763906,0.5695,0.6350,0.6350,0.4998,0.3646,0.5695,0.4998,0.2991,0.2991,0.3646,0.4302,0.3646,0.4302,0.1229,0.1966,0.1557,0.1229,0.6570,0.7845,,0.1275,,41.95,,179.2,172.2,1.046,0.144,1.815
1791428455.3080127,0.5695,0.5695,0.5695,0.4302,0.5695,0.7006,0.5695,0.6350,0.5695,0.1966,0.4998,0.4998,0.4302,0.0942,0.1557,0.1557,0.0942,0.6580,0.7935,,0.1355,,42.54,,179.8,172.8,1.109,0.142,1.846
1791428455.339249,0.7538,0.8440,0.4302,0.7006,0.6350,0.7006,0.6350,0.6350,0.4302,0.4302,0.2991,0.4302,0.4302,0.0574,0.1557,0.0942,0.1229,0.6570,0.7840,,0.1270,,43.24,,179.7,172.3,0.934,0.138,1.705
1791428455.369392,0.5695,0.4998,0.6350,0.5695,0.4998,0.7006,0.5695,0.5695,0.8767,0.3646,0.4302,0.3646,0.5695,0.1229,0.1229,0.1229,0.1229,0.6560,0.7890,,0.1330,,43.72,,178.9,172.0,0.996,0.136,1.703
1791428455.4032168,0.5695,0.6350,0.9054,0.5695,0.4998,0.5695,0.7538,0.6350,0.6350,0.1229,0.2458,0.4998,0.4998,0.1229,0.1557,0.1966,0.1229,0.6570,0.7890,,0.1320,,44.51,,179.3,172.0,0.947,0.133,
1791428455.4371572,0.7006,0.5695,0.4302,0.4998,0.5695,0.7006,0.6350,0.5695,0.7006,0.3646,0.5695,0.4302,0.4998,0.0737,0.1966,0.1229,0.1557,0.6560,0.7840,,0.1280,,44.85,,178.6,171.4,0.867,0.131,1.558
1791428455.4698188,0.5695,0.7006,0.5695,0.4998,0.3646,0.6350,0.7538,0.6350,0.5695,0.4302,0.4302,0.4302,0.4998,0.0369,0.1966,0.1229,0.1557,0.6560,0.7805,,0.1245,,44.66,,179.1,171.2,0.946,0.131,1.661
1791428455.501854,0.4302,0.7006,0.8030,0.6350,0.3646,0.6350,0.7006,0.5695,0.5695,0.3646,0.4302,0.4998,0.4998,0.0574,0.0942,0.1229,0.0942,0.6560,0.7845,,0.1285,,45.50,,179.4,171.1,0.900,0.127,1.522
1791428455.5447838,0.5695,0.7006,0.7006,0.4998,0.3646,0.7538,0.5695,0.6350,0.2991,0.1557,0.4302,0.4302,0.4998,0.0737,0.1229,0.1966,0.0737,0.6550,0.7815,,0.1265,,45.09,,179.7,171.0,0.975,0.128,1.674
1791428455.5761867,0.5695,0.5695,0.7538,0.5695,0.4998,0.6350,0.7006,0.7006,0.4998,0.2991,0.6350,0.4998,0.4302,0.0410,0.1557,0.1229,0.1557,0.6560,0.7970,,0.1410,,46.23,,179.7,170.7,0.906,0.125,1.558
1791428455.606994,0.4998,0.6350,0.6350,0.4998,0.6350,0.6350,0.6350,0.5695,0.4998,0.3646,0.2458,0.4998,0.5695,0.0574,0.0942,0.1229,0.0942,0.6560,0.7925,,0.1365,,46.67,,179.4,170.6,0.983,0.125,1.685
1791428455.6394,0.2991,0.5695,0.8440,0.6350,0.7006,0.4302,0.8440,0.4302,0.5695,0.2458,0.3646,0.4302,0.4998,0.0942,0.1229,0.0737,0.1229,,0.7860,,,,46.67,,179.9,170.8,0.967,0.125,
1791428455.6705194,0.6350,0.7006,0.7538,0.6350,0.5695,0.6350,0.7006,0.6350,0.6350,0.4998,0.4302,0.4998,0.4302,0.0737,0.1557,0.0942,0.1557,0.6570,0.7945,,0.1375,,47.16,,179.4,170.6,0.972,0.123,1.576
1791428455.7017803,0.8440,0.5695,0.4302,0.4998,0.4302,0.6350,0.5695,0.7006,0.4998,0.1966,0.4302,0.4302,0.4302,0.0942,0.0942,0.1966,0.1229,0.6570,0.7940,,0.1370,,47.52,,179.6,170.7,0.970,0.123,1.638
1791428455.7359025,0.7006,0.7006,0.7006,0.6350,0.4998,0.5695,0.5695,0.4998,0.3646,0.1557,0.2458,0.4998,0.4302,0.0574,0.1557,0.0942,0.0942,0.6610,0.7915,,0.1305,,48.00,,179.7,170.5,0.945,0.120,
1791428455.7683296,0.7006,0.7538,0.8440,0.6350,0.4998,0.5695,0.7006,0.7006,0.6350,0.4302,0.4998,0.4998,0.4998,0.0737,0.1557,0.1557,0.1229,0.6610,0.7935,,0.1325,,47.94,,179.9,171.0,0.895,0.120,1.512
1791428455.803388,0.7006,0.8440,0.9054,0.5695,0.4998,0.6350,0.7538,0.7538,0.5695,0.1557,0.5695,0.3646,0.4998,0.0410,0.1966,0.1229,0.1557,0.6600,0.7830,,0.1230,,47.37,,179.3,171.3,0.932,0.121,1.623
1791428455.8436363,0.4998,0.8030,0.8440,0.8030,0.4998,0.7538,0.7006,0.4998,0.7538,0.1557,0.4998,0.4302,0.4998,0.0942,0.0942,0.1229,0.0574,0.6600,0.7795,,0.1195,,46.59,,179.3,171.4,0.915,0.122,1.591
1791428455.8771548,0.5695,0.8440,0.8440,0.4302,0.6350,0.4302,0.7006,0.5695,0.7006,0.4998,0.4998,0.3646,0.4998,0.0737,0.0942,0.1557,0.0737,0.6560,0.7895,,0.1335,,47.03,,179.2,171.6,0.924,0.121,1.572
1791428455.908738,0.4998,0.8030,0.6350,0.6350,0.5695,0.6350,0.8030,0.5695,0.6350,0.4998,0.4998,0.3646,0.3646,0.0737,0.1229,0.0410,0.0410,0.6580,0.7865,,0.1285,,47.25,,179.6,172.0,0.867,0.120,1.447
1791428455.9400284,0.4302,0.4998,0.9054,0.4302,0.4302,0.4302,0.4302,0.4998,0.5695,0.3646,0.5695,0.4998,0.4302,0.0737,0.0942,0.0942,0.1229,0.6580,0.7850,,0.1270,,46.87,,179.6,171.4,1.029,0.121,1.682
1791428455.9710498,0.7538,0.5695,0.4998,0.5695,0.3646,0.7538,0.6350,0.7006,0.6350,0.4998,0.6350,0.4302,0.4998,0.0942,0.0942,0.0737,0.1229,0.6570,0.7805,,0.1235,,46.14,,179.7,171.4,0.953,0.123,1.611
1791428456.0044074,0.6350,0.7006,0.4998,0.6350,0.4302,0.5695,0.7006,0.6350,0.5695,0.2991,0.3646,0.4302,0.3646,0.0574,0.1966,0.0942,0.1966,0.6570,0.7850,,0.1280,,46.14,,179.6,171.7,0.942,0.123,1.585
1791428456.0358815,0.7006,0.8767,0.9054,0.7006,0.4302,0.5695,0.7538,0.7006,0.4998,0.3646,0.4302,0.4998,0.4302,0.0574,0.1557,0.1557,0.1229,0.6570,0.7925,,0.1355,,47.03,,179.4,171.4,0.934,0.121,1.564
1791428456.0698805,0.7006,0.6350,0.6350,0.6350,0.4302,0.3646,0.6350,0.6350,0.7006,0.4302,0.4302,0.4998,0.4998,0.0737,0.1966,0.1229,0.1229,0.6580,0.7865,,0.1285,,46.28,,178.8,172.1,1.057,0.124,1.850
1791428456.1039104,0.4998,0.5695,0.8767,0.6350,0.4302,0.6350,0.7006,0.7006,0.7006,0.3646,0.2458,0.4302,0.4998,0.0574,0.1557,0.1557,0.1966,0.6580,0.7825,,0.1245,,46.00,,179.2,172.0,0.918,0.124,1.685
1791428456.1446335,0.4302,0.8030,0.6350,0.5695,0.5695,0.4998,0.7006,0.4998,0.4302,0.2991,0.3646,0.5695,0.4302,0.0737,0.1557,0.0410,0.0737,0.6590,0.7835,,0.1245,,45.99,,178.7,171.5,0.840,0.123,1.521
1791428456.1769621,0.4998,0.6350,0.9054,0.2991,0.5695,0.4998,0.7538,0.5695,0.4302,0.3646,0.5695,0.4998,0.4302,0.0737,0.0942,0.1557,0.0942,0.6580,0.7850,,0.1270,,45.57,,179.3,171.7,0.872,0.125,1.524
1791428456.2078574,0.8440,0.5695,0.6350,0.5695,0.3646,0.6350,0.6350,0.4998,0.6350,0.4998,0.5695,0.4302,0.4998,0.0737,0.1966,0.0410,0.0942,0.6610,0.7825,,0.1215,,45.11,,178.8,172.6,0.943,0.126,1.637
1791428456.2407115,0.5695,0.5695,0.7538,0.4998,0.4998,0.4998,0.7538,0.6350,0.7006,0.3646,0.4302,0.3646,0.4998,0.0737,0.0942,0.1229,0.0942,0.6610,0.7820,,0.1210,,44.72,,178.4,172.4,0.938,0.126,1.611
1791428456.2717972,0.5695,0.6350,0.9423,0.6350,0.4302,0.6350,0.7538,0.6350,0.7006,0.4998,0.5695,0.3646,0.4998,0.0942,0.1229,0.1229,0.1229,0.6580,0.7845,,0.1265,,44.78,,179.3,172.0,0.940,0.126,1.564
1791428456.3038812,0.6350,0.7006,0.8440,0.5695,0.5695,0.7006,0.7538,0.6350,0.7006,0.7006,0.4302,0.4302,0.4998,0.0369,0.1229,0.0942,0.1557,0.6620,0.7825,,0.1205,,44.90,,178.6,171.9,0.934,0.125,1.514
1791428456.3373113,0.4998,0.7538,0.6350,0.4302,0.4998,0.7006,0.7538,0.4998,0.6350,0.4302,0.4302,0.4302,0.4302,0.0942,0.1229,0.1229,0.1557,0.6620,0.7855,,0.1235,,45.22,,178.3,171.2,0.920,0.123,1.498
1791428456.369873,0.5695,0.5695,0.8030,0.7006,0.6350,0.5695,0.8030,0.7006,0.8030,0.2458,0.2458,0.4998,0.4998,0.0410,0.1229,0.0942,0.0942,0.6580,0.7840,,0.1260,,45.13,,179.3,170.8,0.962,0.124,
1791428456.4028156,0.7006,0.6350,0.8030,0.3646,0.4998,0.5695,0.7538,0.8030,0.4998,0.4998,0.2458,0.4302,0.4998,0.0737,0.1557,0.1229,0.0737,0.6580,0.7835,,0.1255,,45.34,,179.4,170.4,0.885,0.123,1.509
1791428456.4379814,0.5695,0.4302,0.7006,0.4998,0.4302,0.5695,0.7538,0.4998,0.6350,0.4998,0.4998,0.4998,0.4302,0.0737,0.1229,0.0942,0.0737,0.6580,0.7835,,0.1255,,45.40,,179.8,170.4,0.897,0.123,1.549
1791428456.477133,0.6350,0.6350,0.8030,0.6350,0.4302,0.5695,0.7006,0.5695,0.4302,0.4302,0.5695,0.4302,0.4998,0.0410,0.1966,0.1966,0.0942,0.6580,0.7815,,0.1235,,45.36,,179.9,170.9,0.914,0.123,1.547
1791428456.5080311,0.5695,0.7006,0.8767,0.4998,0.4998,0.6350,0.7538,0.6350,0.7006,0.3646,0.5695,0.4302,0.4998,0.0737,0.1557,0.0942,0.1229,0.6580,0.7855,,0.1275,,45.60,,179.7,171.5,0.910,0.123,1.540
1791428456.5425975,0.7006,0.5695,0.7006,0.4302,0.4998,0.7006,0.5695,0.5695,0.5695,0.2991,0.4998,0.4302,0.4302,0.0574,0.1966,0.0942,0.1229,0.6580,0.7855,,0.1275,,45.79,,178.9,171.6,0.959,0.122,1.582
1791428456.5724099,0.2458,0.9054,0.8767,0.4998,0.2458,0.3646,0.7006,0.6350,0.6350,0.4302,0.4302,0.5695,0.4998,0.0410,0.0942,0.0942,0.1229,,0.7780,,,,45.79,,178.7,171.7,0.900,0.122,
1791428456.6028779,0.4998,0.6350,0.8030,0.3646,0.4998,0.4302,0.6350,0.6350,0.5695,0.5695,0.4302,0.4302,0.4998,0.0942,0.2458,0.0942,0.1557,0.6580,0.7825,,0.1245,,45.54,,179.4,172.3,0.868,0.123,1.565
1791428456.6376362,0.6350,0.7006,0.7006,0.6350,0.5695,0.4998,0.6350,0.5695,0.7006,0.2458,0.2991,0.4302,0.4302,0.0574,0.1229,0.1557,0.1229,0.6610,0.7875,,0.1265,,46.15,,178.3,172.0,0.892,0.121,
1791428456.670261,0.4302,0.8030,0.8030,0.4998,0.4998,0.5695,0.6350,0.5695,0.8030,0.4998,0.4998,0.4302,0.4998,0.0369,0.0942,0.1229,0.1229,0.6600,0.7835,,0.1235,,46.50,,179.2,171.6,0.919,0.119,1.489
1791428456.703911,0.8030,0.8030,0.5695,0.4998,0.5695,0.6350,0.5695,0.6350,0.5695,0.5695,0.4998,0.4302,0.4998,0.0942,0.1966,0.1229,0.1229,0.6580,0.7925,,0.1345,,46.74,,179.4,171.2,0.910,0.120,1.531
1791428456.7470312,0.7538,0.5695,0.9259,0.7006,0.4998,0.4302,0.8440,0.6350,0.7006,0.4998,0.4998,0.4998,0.4998,0.0410,0.1229,0.1229,0.0942,0.6580,0.7840,,0.1260,,46.62,,178.8,171.8,0.958,0.120,1.615
1791428456.7786324,0.5695,0.6350,0.7006,0.5695,0.4998,0.3646,0.8440,0.6350,0.7538,0.2458,0.5695,0.4302,0.4998,0.0574,0.1966,0.0737,0.1229,0.6580,0.7865,,0.1285,,46.57,,177.9,171.8,0.948,0.120,1.572
1791428456.8095334,0.7006,0.7538,0.5695,0.4998,0.4998,0.4998,0.6350,0.5695,0.4302,0.4302,0.2991,0.4302,0.4302,0.0737,0.1229,0.0737,0.0942,0.6600,0.7855,,0.1255,,46.56,,178.8,171.6,0.917,0.120,1.674
1791428456.8402483,0.6350,0.8030,0.8440,0.4998,0.4998,0.6350,0.7538,0.2991,0.3646,0.5695,0.2458,0.4302,0.4998,0.0574,0.1229,0.0942,0.1229,0.6580,0.7840,,0.1260,,46.59,,178.4,170.9,0.914,0.120,1.567
1791428456.872147,0.4998,0.8030,0.5695,0.7006,0.4302,0.5695,0.6350,0.8440,0.4998,0.2458,0.3646,0.5695,0.4998,0.0246,0.1229,0.0942,0.0369,0.6580,0.7870,,0.1290,,47.44,,178.4,170.9,0.911,0.117,1.457
1791428456.903799,0.7006,0.7006,0.7538,0.4302,0.4998,0.4998,0.7006,0.6350,0.2991,0.3646,0.4302,0.4998,0.4998,0.0574,0.1966,0.1966,0.0942,0.6580,0.7795,,0.1215,,46.19,,178.1,170.2,0.954,0.121,1.621
1791428456.9374294,0.7006,0.8440,0.4998,0.4998,0.5695,0.6350,0.6350,0.7006,0.1966,0.2991,0.5695,0.4302,0.4302,0.0737,0.0942,0.0942,0.0942,0.6590,0.7815,,0.1225,,45.87,,177.9,170.3,0.881,0.122,1.537
1791428456.9712887,0.5695,0.8030,0.7006,0.5695,0.6350,0.5695,0.7538,0.8030,0.7538,0.4998,0.2991,0.4302,0.4302,0.0737,0.1229,0.2458,0.0574,0.6580,0.7935,,0.1355,,46.91,,178.0,171.0,0.991,0.119,1.623
1791428457.0052512,0.5695,0.7538,0.7006,0.6350,0.5695,0.7006,0.7006,0.5695,0.7538,0.2458,0.4302,0.4302,0.4998,0.0574,0.1229,0.2458,0.1229,0.6620,0.7805,,0.1185,,45.68,,178.3,171.2,0.942,0.123,1.572
1791428457.045616,0.2991,0.6350,0.4998,0.4998,0.4998,0.4998,0.7006,0.5695,0.8440,0.4302,0.5695,0.4302,0.4998,0.0410,0.1966,0.1557,0.0942,,0.7775,,,,45.68,,178.1,171.2,0.910,0.123,
1791428457.0773323,0.5695,0.7538,0.8030,0.4998,0.6350,0.4302,0.7538,0.5695,0.7538,0.5695,0.4998,0.4998,0.4998,0.0410,0.0942,0.1557,0.0942,0.6580,0.7820,,0.1240,,45.05,,178.4,171.3,0.971,0.125,1.598
1791428457.1097105,0.5695,0.8030,0.8030,0.4998,0.4302,0.7538,0.6350,0.5695,0.3646,0.4998,0.2991,0.4302,0.4998,0.0737,0.1966,0.2458,0.1229,0.6580,0.7850,,0.1270,,45.59,,179.0,171.1,0.876,0.123,1.502
1791428457.1408272,0.2458,0.7006,0.4998,0.5695,0.5695,0.4302,0.7538,0.6350,0.8030,0.3646,0.5695,0.4998,0.4302,0.0942,0.1557,0.0737,0.0737,,0.7900,,,,45.59,,178.3,171.3,0.941,0.123,
1791428457.1719782,0.4302,0.7538,0.6350,0.7006,0.7006,0.5695,0.8030,0.5695,0.7538,0.4998,0.2991,0.4998,0.4998,0.0246,0.0737,0.0942,0.0942,0.6580,0.7795,,0.1215,,45.17,,178.8,171.1,0.923,0.124,1.600
1791428457.2044702,0.5695,0.9259,0.7006,0.4998,0.6350,0.4998,0.6350,0.5695,0.5695,0.3646,0.5695,0.4302,0.4998,0.0574,0.1557,0.1966,0.0942,0.6580,0.7815,,0.1235,,44.72,,178.2,171.4,0.926,0.126,1.599
1791428457.2373013,0.4998,0.7538,0.7006,0.5695,0.4998,0.5695,0.7006,0.6350,0.5695,0.4998,0.4302,0.4302,0.5695,0.0574,0.1557,0.1229,0.1557,0.6590,0.7815,,0.1225,,44.38,,177.8,171.7,0.933,0.127,1.632
1791428457.2716863,0.5695,0.7538,0.7006,0.4302,0.3646,0.4998,0.6350,0.6350,0.7538,0.1229,0.6350,0.4302,0.4998,0.0574,0.1557,0.2991,0.1966,0.6590,0.7840,,0.1250,,44.13,,177.6,171.8,0.980,0.128,1.647
1791428457.304634,0.4302,0.7538,0.7006,0.4998,0.4998,0.5695,0.5695,0.8030,0.7006,0.4998,0.5695,0.4998,0.4302,0.0574,0.1557,0.0737,0.0942,0.6580,0.7815,,0.1235,,43.95,,177.8,172.1,0.844,0.129,1.514
1791428457.33722,0.6350,0.7006,0.6350,0.4302,0.5695,0.4998,0.6350,0.5695,0.7006,0.2991,0.4302,0.4998,0.4998,0.0410,0.0942,0.0737,0.0942,0.6600,0.7840,,0.1240,,44.47,,177.9,172.5,0.872,0.126,1.500
1791428457.3790772,0.5695,0.6350,0.5695,0.4998,0.4302,0.4998,0.7006,0.6350,0.2991,0.5695,0.6350,0.4302,0.4998,0.0410,0.1229,0.0737,0.0942,0.6580,0.7835,,0.1255,,44.55,,177.9,173.1,0.923,0.126,1.556
1791428457.410166,0.4302,0.4302,0.9054,0.5695,0.6350,0.6350,0.7006,0.7006,0.6350,0.4302,0.6350,0.4302,0.5695,0.0410,0.1229,0.1229,0.0942,0.6590,0.7880,,0.1290,,45.00,,177.9,172.7,0.978,0.125,1.633
1791428457.4422283,0.4302,0.7538,0.7538,0.3646,0.4998,0.4998,0.7538,0.5695,0.6350,0.4998,0.6350,0.3646,0.4998,0.0369,0.1229,0.1557,0.1229,0.6580,0.7830,,0.1250,,44.30,,177.7,171.4,0.912,0.128,1.574
1791428457.47487,0.5695,0.5695,0.7006,0.4302,0.2991,0.6350,0.7006,0.4998,0.6350,0.2458,0.4998,0.4998,0.4998,0.0737,0.1229,0.1966,0.0942,0.6590,0.7840,,0.1250,,44.45,,177.4,171.4,0.945,0.128,1.523
1791428457.506006,0.7538,0.8030,0.8030,0.4998,0.6350,0.7006,0.6350,0.6350,0.7538,0.3646,0.5695,0.4302,0.4998,0.0410,0.1229,0.0942,0.1229,0.6580,0.7900,,0.1320,,44.87,,178.2,171.9,0.950,0.127,1.660
1791428457.5374098,0.4302,0.8030,0.7006,0.4302,0.3646,0.7006,0.5695,0.7538,0.3646,0.4998,0.4998,0.4302,0.4998,0.0574,0.1557,0.1557,0.0942,0.6580,0.7850,,0.1270,,44.65,,178.3,172.1,0.901,0.128,1.580
1791428457.571985,0.1966,0.5695,0.5695,0.4302,0.6350,0.6350,0.7538,0.5695,0.8440,0.4302,0.4998,0.4998,0.4302,0.0737,0.1557,0.0942,0.0574,,0.7835,,,,44.65,,178.1,171.9,0.985,0.128,
1791428457.6041148,0.4302,0.7538,0.7006,0.4998,0.4998,0.5695,0.7538,0.7006,0.6350,0.2458,0.2991,0.4302,0.5695,0.0369,0.1557,0.1557,0.1229,0.6580,0.7840,,0.1260,,44.30,,177.8,172.0,0.975,0.130,
1791428457.6379201,0.4998,0.7538,0.8440,0.6350,0.7006,0.4998,0.6350,0.5695,0.7538,0.4302,0.4302,0.4302,0.4998,0.0410,0.1966,0.1229,0.0737,0.6610,0.7835,,0.1225,,44.78,,178.2,172.3,0.857,0.127,1.510
1791428457.6785188,0.5695,0.7538,0.7006,0.4302,0.4998,0.4302,0.6350,0.7538,0.5695,0.4998,0.4998,0.3646,0.4998,0.0410,0.0942,0.2458,0.0942,0.6580,0.7885,,0.1305,,44.80,,177.5,172.5,0.978,0.128,1.646
1791428457.709874,0.4998,0.9423,0.8030,0.6350,0.5695,0.2991,0.5695,0.6350,0.8030,0.3646,0.2458,0.4302,0.4302,0.0942,0.1229,0.1229,0.0942,0.6580,,,,,44.80,,177.5,172.5,,,
1791428457.7428255,0.5695,0.4302,0.7006,0.5695,0.6350,0.4998,0.6350,0.4998,0.3646,0.4302,0.3646,0.4302,0.4302,0.0942,0.0737,0.1557,0.0942,0.6580,0.7845,,0.1265,,44.17,,177.4,172.5,0.986,0.130,1.686
1791428457.7728553,0.4302,0.4998,0.7538,0.5695,0.7006,0.7006,0.8030,0.7006,0.7006,0.4998,0.4998,0.4998,0.5695,0.0410,0.1229,0.0942,0.0942,0.6620,0.7830,,0.1210,,43.97,,177.4,172.0,0.906,0.130,1.493
1791428457.805246,0.5695,0.8030,0.6350,0.7006,0.5695,0.4302,0.7006,0.6350,0.5695,0.4302,0.4998,0.4302,0.4302,0.0737,0.0942,0.1229,0.0737,0.6580,0.7820,,0.1240,,44.15,,177.7,172.0,0.924,0.129,1.549
1791428457.8376515,0.4302,0.8767,0.7006,0.6350,0.6350,0.7006,0.6350,0.5695,0.5695,0.2991,0.5695,0.4302,0.4998,0.0369,0.0942,0.0942,0.1557,0.6590,0.7840,,0.1250,,43.30,,178.2,172.0,0.998,0.133,1.718
1791428457.8711374,0.7538,0.5695,0.5695,0.6350,0.4998,0.4302,0.7538,0.6350,0.5695,0.4302,0.4998,0.3646,0.4998,0.0410,0.0737,0.0942,0.0574,0.6610,0.7845,,0.1235,,43.58,,178.3,171.7,0.901,0.131,1.544
1791428457.9055767,0.5695,0.5695,0.5695,0.5695,0.5695,0.6350,0.7006,0.4998,0.7538,0.1557,0.2991,0.4302,0.4998,0.0737,0.1557,0.1229,0.0369,0.6590,0.7845,,0.1255,,42.86,,178.7,172.1,0.927,0.135,
1791428457.9457674,0.4998,0.7538,0.8030,0.4998,0.5695,0.6350,0.6350,0.5695,0.8440,0.4302,0.6350,0.3646,0.4998,0.0942,0.1229,0.0942,0.0942,0.6590,0.7825,,0.1235,,42.86,,179.4,172.7,0.938,0.134,1.628
1791428457.9779606,0.6350,0.8030,0.4998,0.6350,0.4998,0.4998,0.7538,0.6350,0.6350,0.2458,0.6350,0.2991,0.3646,0.0737,0.1229,0.1229,0.1229,0.6590,0.7855,,0.1265,,43.20,,179.8,172.1,,0.133,1.564
1791428458.0097976,0.7006,0.8030,0.5695,0.4998,0.5695,0.8030,0.8030,0.5695,0.7006,0.3646,0.4998,0.4302,0.4302,0.0737,0.1229,0.0942,0.1557,0.6590,0.7820,,0.1230,,42.90,,179.9,171.6,0.949,0.134,1.599
1791428458.0416143,0.5695,0.4302,0.4998,0.5695,0.5695,0.5695,0.7538,0.5695,0.8030,0.4302,0.6350,0.3646,0.5695,0.0737,0.1557,0.0737,0.0942,0.6590,0.7850,,0.1260,,43.04,,179.6,171.1,0.969,0.134,1.572
1791428458.072078,0.5695,0.9423,0.8440,0.4302,0.5695,0.7006,0.8440,0.6350,0.7006,0.3646,0.4998,0.4998,0.4998,0.0737,0.1557,0.1229,0.1229,0.6590,0.7820,,0.1230,,42.75,,179.1,170.6,0.922,0.135,1.627
1791428458.104661,0.3646,0.7538,0.6350,0.4302,0.6350,0.6350,0.7538,0.5695,0.6350,0.5695,0.3646,0.4302,0.4302,0.0942,0.1229,0.0737,0.1557,0.6590,0.7800,,0.1210,,41.94,,179.3,170.3,0.868,0.138,1.646
1791428458.1383488,0.5695,0.8440,0.5695,0.4998,0.5695,0.5695,0.6350,0.7006,0.4998,0.3646,0.5695,0.4998,0.4998,0.0246,0.0942,0.0942,0.1557,0.6590,0.7800,,0.1210,,41.23,,178.4,170.3,0.986,0.141,1.702
1791428458.1717916,0.4302,0.7538,0.7006,0.5695,0.4302,0.6350,0.8030,0.7006,0.4998,0.4302,0.4302,0.4998,0.4302,0.0737,0.1966,0.1557,0.0942,0.6590,0.7840,,0.1250,,41.01,,177.9,170.0,1.003,0.142,1.732
1791428458.2051198,0.3646,0.5695,0.6350,0.4302,0.4302,0.6350,0.7538,0.7006,0.1966,0.4302,0.5695,0.3646,0.4302,0.0574,0.1229,0.1557,0.0942,0.6590,0.7825,,0.1235,,40.55,,177.6,169.3,0.985,0.144,1.692
1791428458.2464044,0.3646,0.6350,0.7538,0.6350,0.5695,0.5695,0.6350,0.7006,0.6350,0.4302,0.4998,0.4998,0.5695,0.0574,0.0942,0.0942,0.1229,0.6590,0.7765,,0.1175,,40.11,,177.9,169.9,0.986,0.145,1.662
1791428458.277926,0.7006,0.8030,0.5695,0.6350,0.5695,0.4998,0.6350,0.5695,0.7006,0.4998,0.6350,0.4302,0.5695,0.0942,0.1557,0.1557,0.1229,0.6590,0.7835,,0.1245,,40.22,,178.2,169.8,0.973,0.145,1.653
1791428458.3106942,0.4302,0.7006,0.7006,0.4998,0.5695,0.7006,0.7538,0.5695,0.5695,0.4302,0.4998,0.4302,0.4998,0.0737,0.0942,0.1229,0.1229,0.6610,0.7840,,0.1230,,40.88,,179.2,170.1,0.950,0.142,1.586
1791428458.340526,0.8030,0.8030,0.7538,0.5695,0.4998,0.5695,0.8440,0.5695,0.3646,0.1557,0.5695,0.4998,0.4998,0.0574,0.1229,0.1557,0.0737,0.6620,0.7815,,0.1195,,41.25,,179.4,170.2,0.972,0.139,1.590
1791428458.3728776,0.4998,0.7538,0.6350,0.4998,0.4998,0.6350,0.8030,0.6350,0.6350,0.1966,0.5695,0.4302,0.4998,0.0942,0.1557,0.1229,0.1966,0.6590,0.7890,,0.1300,,42.08,,178.9,170.1,0.932,0.137,1.514
1791428458.4053595,0.6350,0.7006,0.8767,0.4998,0.6350,0.5695,0.7006,0.7538,0.4998,0.4998,0.4998,0.4302,0.4302,0.0574,0.1557,0.0942,0.0737,0.6590,0.7945,,0.1355,,42.39,,179.2,170.0,0.991,0.138,1.745
1791428458.4389932,0.4302,0.4998,0.4998,0.5695,0.4302,0.7538,0.7006,0.5695,0.5695,0.5695,0.4998,0.4302,0.4302,0.0574,0.1557,0.0942,0.1229,0.6590,0.7855,,0.1265,,42.29,,179.6,170.2,0.953,0.139,1.652
1791428458.4718277,0.5695,0.7538,0.5695,0.5695,0.5695,0.5695,0.8030,0.6350,0.7006,0.4998,0.4998,0.4302,0.4998,0.0737,0.1229,0.1229,0.0942,0.6590,0.7845,,0.1255,,42.70,,179.5,169.8,0.962,0.137,1.571
1791428458.513443,0.7538,0.8030,0.5695,0.5695,0.5695,0.6350,0.7538,0.5695,0.5695,0.2458,0.4302,0.4998,0.4998,0.0942,0.1557,0.1966,0.0942,0.6590,0.7825,,0.1235,,42.97,,179.9,170.0,0.857,0.135,1.495
1791428458.5456827,0.5695,0.6350,0.5695,0.2991,0.4998,0.6350,0.4302,0.8030,0.6350,0.5695,0.5695,0.4302,0.4302,0.0246,0.0942,0.0737,0.0942,0.6590,0.7825,,0.1235,,42.87,,179.8,170.7,1.022,0.135,1.644
1791428458.5771039,0.4998,0.6350,0.4998,0.6350,0.4998,0.4998,0.7538,0.6350,0.4302,0.1557,0.1966,0.4302,0.4998,0.0574,0.1229,0.1557,0.0369,0.6590,0.7850,,0.1260,,43.36,,179.9,170.1,0.932,0.133,
1791428458.6098902,0.7006,0.7006,0.6350,0.5695,0.3646,0.6350,0.5695,0.6350,0.4998,0.2991,0.2991,0.4302,0.4302,0.0737,0.1557,0.1229,0.0942,0.6590,0.7840,,0.1250,,43.44,,179.1,170.2,0.906,0.132,
1791428458.6404119,0.5695,0.4998,0.6350,0.5695,0.6350,0.6350,0.6350,0.6350,0.7006,0.1966,0.4998,0.3646,0.4302,0.0942,0.1557,0.2458,0.0942,0.6590,0.7815,,0.1225,,43.06,,178.6,170.3,0.930,0.133,1.554
1791428458.6733296,0.4998,0.7006,0.5695,0.6350,0.4998,0.5695,0.8030,0.5695,0.6350,0.2991,0.6350,0.4302,0.4998,0.0737,0.1966,0.1557,0.0737,0.6590,0.7855,,0.1265,,43.22,,178.9,170.4,0.918,0.133,1.537
1791428458.7062764,0.5695,0.8767,0.6350,0.4302,0.5695,0.4998,0.4998,0.4302,0.5695,0.4302,0.6350,0.4302,0.4302,0.0369,0.1966,0.0942,0.1229,0.6610,0.7855,,0.1245,,43.24,,178.4,170.6,0.924,0.133,1.578
1791428458.7399957,0.6350,0.8030,0.5695,0.6350,0.5695,0.5695,0.7006,0.6350,0.4302,0.2458,0.2991,0.4302,0.4998,0.1557,0.0737,0.1966,0.1557,0.6590,0.7800,,0.1210,,42.74,,178.6,170.8,0.945,0.134,
1791428458.773194,0.6350,0.7538,0.6350,0.7006,0.5695,0.6350,0.6350,0.6350,0.7538,0.5695,0.4998,0.4302,0.4302,0.0574,0.0737,0.1966,0.0737,0.6590,0.7850,,0.1260,,43.26,,178.4,170.5,0.937,0.132,1.540
1791428458.8145893,0.4998,0.7538,0.6350,0.6350,0.5695,0.5695,0.7538,0.6350,0.6350,0.2458,0.4998,0.4998,0.4998,0.0410,0.1229,0.1229,0.1557,0.6590,0.7825,,0.1235,,43.39,,178.5,170.4,0.910,0.132,1.557
1791428458.845388,0.2991,0.5695,0.4998,0.5695,0.4302,0.5695,0.8030,0.6350,0.2991,0.6350,0.4998,0.4302,0.4998,0.1229,0.1229,0.1229,0.0942,,0.7800,,,,43.39,,179.1,170.7,0.894,0.132,
1791428458.8771455,0.7538,0.6350,0.6350,0.3646,0.7006,0.5695,0.5695,0.8030,0.6350,0.2991,0.5695,0.5695,0.4998,0.0737,0.1229,0.1229,0.1229,0.6600,0.7820,,0.1220,,43.45,,178.8,171.1,0.871,0.131,1.505
1791428458.9097524,0.7006,0.7006,0.5695,0.5695,0.4302,0.6350,0.8030,0.6350,0.8440,0.3646,0.6350,0.4302,0.4302,0.0737,0.1557,0.0942,0.1966,0.6620,0.7825,,0.1205,,43.48,,178.6,171.2,0.929,0.130,1.571
1791428458.9411252,0.4998,0.7006,0.6350,0.7006,0.7006,0.4302,0.4998,0.5695,0.6350,0.2458,0.4998,0.4302,0.4998,0.0737,0.1229,0.0942,0.0410,0.6590,0.7835,,0.1245,,43.00,,179.2,170.9,1.020,0.132,1.722
1791428458.972888,0.4998,0.7006,0.7006,0.4998,0.5695,0.7006,0.7538,0.7006,0.5695,0.4302,0.4998,0.4302,0.4302,0.0737,0.1557,0.0942,0.0942,0.6590,0.7825,,0.1235,,42.68,,178.3,170.9,0.911,0.134,1.591
1791428459.0061145,0.2458,0.7538,0.6350,0.6350,0.7006,0.5695,0.7006,0.4998,0.7538,0.2458,0.2991,0.4302,0.4302,0.0574,0.1229,0.0737,0.1557,,0.7840,,,,42.68,,178.8,170.6,0.963,0.134,
1791428459.0397563,0.5695,0.8767,0.6350,0.7538,0.7006,0.6350,0.7006,0.7006,0.5695,0.3646,0.2991,0.4302,0.4998,0.0410,0.0574,0.1229,0.1557,0.6590,0.7855,,0.1265,,42.90,,178.8,170.6,0.953,0.134,1.635
1791428459.0732636,0.4998,0.8440,0.5695,0.5695,0.5695,0.5695,0.7006,0.6350,0.6350,0.2458,0.5695,0.4998,0.4302,0.0574,0.1557,0.1557,0.1557,0.6590,0.7940,,0.1350,,43.56,,178.5,170.7,1.029,0.133,1.691
1791428459.1143098,0.5695,0.4998,0.5695,0.4302,0.6350,0.7538,0.7006,0.6350,0.4302,0.4302,0.6350,0.4998,0.4998,0.0574,0.1557,0.1966,0.1229,0.6590,0.7865,,0.1275,,43.10,,179.2,170.4,0.973,0.135,1.654
1791428459.1459494,0.6350,0.6350,0.5695,0.4998,0.4998,0.6350,0.7006,0.6350,0.4302,0.2991,0.4302,0.4302,0.4998,0.1229,0.1229,0.0942,0.1557,0.6590,0.7870,,0.1280,,43.12,,179.2,170.5,1.063,0.135,1.713
1791428459.1781318,0.4302,0.4998,0.7538,0.4998,0.5695,0.5695,0.6350,0.5695,0.2991,0.2458,0.5695,0.4302,0.4998,0.0574,0.1229,0.0942,0.0737,0.6590,0.7830,,0.1240,,43.13,,179.1,170.2,0.930,0.135,1.590
1791428459.2097726,0.5695,0.3646,0.4998,0.4998,0.6350,0.4998,0.7006,0.7538,0.7538,0.5695,0.4302,0.4998,0.4302,0.0410,0.1229,0.0737,0.1229,0.6590,0.7800,,0.1210,,42.63,,178.4,170.5,0.894,0.136,1.560
1791428459.2398374,0.2458,0.7006,0.7538,0.4998,0.5695,0.4998,0.7538,0.7006,0.7006,0.4302,0.6350,0.4302,0.4998,0.0942,0.1557,0.1557,0.1557,,0.7870,,,,42.63,,177.5,170.7,0.956,0.136,
1791428459.2736096,0.4302,0.6350,0.5695,0.5695,0.6350,0.4302,0.8030,0.6350,0.8440,0.5695,0.4302,0.4998,0.5695,0.0410,0.0942,0.0942,0.1966,0.6590,0.7880,,0.1290,,43.18,,177.9,171.0,1.047,0.134,1.656
1791428459.306093,0.7006,0.5695,0.5695,0.4998,0.4302,0.5695,0.7006,0.8030,0.7006,0.4998,0.6350,0.3646,0.6350,0.0410,0.1229,0.1229,0.1966,0.6620,0.7850,,0.1230,,43.29,,178.4,170.9,0.950,0.133,1.548
1791428459.3400273,0.4998,0.8030,0.7006,0.4302,0.4998,0.5695,0.6350,0.5695,0.4998,0.2991,0.3646,0.3646,0.4998,0.0574,0.1229,0.1557,0.0942,0.6590,0.7800,,0.1210,,42.85,,178.1,170.9,0.952,0.134,1.635
1791428459.3837445,0.5695,0.6350,0.7538,0.5695,0.7006,0.6350,0.7006,0.7006,0.4998,0.4998,0.4998,0.4302,0.4302,0.0737,0.1557,0.1557,0.1229,0.6590,0.7830,,0.1240,,42.65,,177.8,170.6,0.970,0.135,1.600
1791428459.414479,0.5695,0.8767,0.6350,0.6350,0.4302,0.4302,0.7538,0.5695,0.7006,0.2458,0.5695,0.4302,0.4998,0.0942,0.1966,0.1557,0.0574,0.6590,0.7950,,0.1360,,43.39,,177.8,170.3,1.032,0.134,1.729
1791428459.4457545,0.7538,0.7006,0.7006,0.7538,0.5695,0.4998,0.7538,0.6350,0.7006,0.1966,0.2458,0.4302,0.4998,0.0942,0.1229,0.1557,0.0942,0.6630,0.7820,,0.1190,,43.54,,178.4,170.5,0.895,0.132,
1791428459.4770944,0.4302,0.8030,0.7538,0.3646,0.4302,0.2458,0.7538,0.6350,0.5695,0.3646,0.4998,0.4998,0.4998,0.1229,0.1229,0.1229,0.0942,0.6610,,,,,43.54,,178.4,170.5,,,
1791428459.5084572,0.3646,0.6350,0.6350,0.5695,0.7006,0.4998,0.6350,0.6350,0.4302,0.4302,0.2458,0.4998,0.4998,0.0410,0.1229,0.1557,0.1966,0.6600,0.7850,,0.1250,,43.68,,178.9,170.2,0.953,0.131,1.576
1791428459.5419812,0.6350,0.4998,0.7006,0.5695,0.5695,0.7006,0.6350,0.7538,0.6350,0.4998,0.4998,0.4998,0.4998,0.0737,0.1966,0.1229,0.1229,0.6590,0.7850,,0.1260,,43.43,,179.2,170.4,1.033,0.132,1.712
1791428459.5733469,0.4302,0.7538,0.5695,0.5695,0.4998,0.5695,0.5695,0.6350,0.8440,0.2991,0.4998,0.4302,0.4998,0.0574,0.1557,0.1966,0.1229,0.6640,0.7895,,0.1255,,43.57,,178.3,170.8,0.990,0.132,1.694
1791428459.6065252,0.4302,0.7006,0.6350,0.5695,0.4302,0.5695,0.7006,0.6350,0.7006,0.2991,0.5695,0.4998,0.3646,0.0737,0.1966,0.2458,0.1229,0.6590,0.7845,,0.1255,,43.39,,177.2,170.4,0.964,0.133,1.590
1791428459.6400735,0.5695,0.7538,0.7006,0.6350,0.4998,0.2991,0.7006,0.6350,0.2458,0.4302,0.4998,0.4998,0.4998,0.0410,0.1229,0.1229,0.0942,0.6630,,,,,43.39,,177.2,170.4,,,
1791428459.6737726,0.4302,0.4998,0.6350,0.4998,0.4998,0.7006,0.7006,0.7538,0.5695,0.4302,0.5695,0.3646,0.4998,0.0737,0.0574,0.1557,0.1557,0.6590,0.7865,,0.1275,,43.33,,176.6,170.3,0.935,0.133,1.571
1791428459.7151022,0.4998,0.7006,0.7006,0.3646,0.4998,0.6350,0.7538,0.6350,0.5695,0.4998,0.2991,0.3646,0.5695,0.0369,0.1966,0.1229,0.1229,0.6590,0.7820,,0.1230,,43.10,,177.2,170.8,0.924,0.134,1.642
1791428459.7466934,0.4998,0.9259,0.5695,0.4998,0.4998,0.5695,0.7538,0.5695,0.8030,0.4302,0.4998,0.4998,0.4998,0.0574,0.1229,0.1229,0.1229,0.6600,0.7785,,0.1185,,41.78,,176.7,172.0,1.127,0.139,1.906
1791428459.777992,0.7006,0.4998,0.7006,0.4998,0.5695,0.7538,0.6350,0.7538,0.6350,0.3646,0.2991,0.4302,0.4998,0.0942,0.1557,0.1229,0.1229,0.6620,0.7855,,0.1235,,41.73,,177.5,172.1,0.934,0.139,1.620
1791428459.8091898,0.4302,0.4302,0.5695,0.3646,0.4998,0.4302,0.5695,0.7006,0.6350,0.4998,0.7538,0.4302,0.5695,0.0737,0.1229,0.0942,0.0942,0.6590,0.7830,,0.1240,,42.00,,177.4,171.7,0.935,0.138,1.563
1791428459.8404229,0.3646,0.7006,0.7006,0.5695,0.4998,0.4998,0.8030,0.4998,0.4302,0.6350,0.3646,0.4302,0.4998,0.0410,0.0942,0.0942,0.0942,0.6610,0.7845,,0.1235,,42.21,,176.9,171.4,0.929,0.136,1.557
1791428459.8737571,0.4302,0.8030,0.6350,0.4302,0.4302,0.4302,0.5695,0.7006,0.5695,0.1966,0.2991,0.4998,0.4302,0.0737,0.2458,0.1966,0.1229,0.6630,0.7855,,0.1225,,42.50,,177.8,171.7,0.924,0.135,
1791428459.9079316,0.4998,0.7006,0.9259,0.4998,0.4998,0.5695,0.5695,0.7006,0.2991,0.1966,0.5695,0.4302,0.4998,0.0574,0.0942,0.1557,0.1229,0.6600,0.7885,,0.1285,,43.08,,178.8,171.7,0.945,0.133,1.584
1791428459.9405136,0.4302,0.6350,0.7006,0.4302,0.4998,0.5695,0.6350,0.6350,0.8440,0.6350,0.5695,0.4998,0.4998,0.0737,0.1557,0.1229,0.0246,0.6600,0.7825,,0.1225,,43.11,,178.7,171.9,0.977,0.133,1.627
1791428459.9743326,0.2991,0.3646,0.5695,0.4302,0.6350,0.4998,0.7006,0.6350,0.6350,0.4302,0.3646,0.4302,0.4302,0.0737,0.1966,0.0942,0.1557,,0.7860,,,,43.11,,178.6,171.6,0.956,0.133,
1791428460.0167725,0.5695,0.6350,0.7538,0.4302,0.4302,0.5695,0.6350,0.6350,0.4302,0.4998,0.4302,0.4302,0.4302,0.0410,0.1229,0.1557,0.1229,0.6620,0.7830,,0.1210,,42.16,,178.0,171.5,1.016,0.136,1.721
1791428460.048066,0.4998,0.4998,0.7538,0.5695,0.4998,0.4302,0.8030,0.5695,0.6350,0.5695,0.5695,0.3646,0.4302,0.0737,0.1229,0.1229,0.0737,0.6630,0.7855,,0.1225,,41.90,,177.9,171.0,1.021,0.137,1.683
1791428460.0797107,0.4998,0.7006,0.8030,0.5695,0.4998,0.5695,0.6350,0.6350,0.5695,0.2458,0.4998,0.3646,0.4302,0.1229,0.1229,0.1966,0.1229,0.6600,0.7870,,0.1270,,41.88,,176.8,170.9,0.962,0.138,1.699
1791428460.1116457,0.6350,0.9259,0.6350,0.5695,0.5695,0.7006,0.6350,0.5695,0.6350,0.2458,0.4998,0.4302,0.4998,0.0942,0.1557,0.1229,0.0369,0.6630,0.7870,,0.1240,,42.44,,177.1,171.5,0.970,0.136,1.619
1791428460.142531,0.5695,0.8030,0.7006,0.5695,0.6350,0.4998,0.7538,0.7538,0.7006,0.4998,0.3646,0.4998,0.4998,0.1229,0.1557,0.1966,0.1557,0.6600,0.7860,,0.1260,,43.18,,177.6,171.2,0.894,0.133,1.507
1791428460.1744714,0.4302,0.9054,0.4998,0.4998,0.5695,0.5695,0.7006,0.7538,0.5695,0.1966,0.4302,0.4302,0.4302,0.0574,0.1966,0.1966,0.1229,0.6620,0.7845,,0.1225,,42.97,,178.3,171.3,0.991,0.133,1.684
1791428460.208143,0.4302,0.7538,0.5695,0.7006,0.4998,0.6350,0.4998,0.5695,0.3646,0.3646,0.2458,0.4998,0.4302,0.0574,0.1229,0.1229,0.0574,0.6600,0.7915,,0.1315,,42.76,,177.1,171.4,0.978,0.136,1.747
1791428460.240832,0.7006,0.8440,0.6350,0.4998,0.3646,0.4998,0.7538,0.4998,0.4998,0.3646,0.2458,0.4302,0.4998,0.0942,0.1229,0.2458,0.1229,0.6600,0.7890,,0.1290,,42.91,,178.1,171.6,1.029,0.136,1.775
1791428460.284645,0.4998,0.7006,0.8030,0.6350,0.4998,0.5695,0.7006,0.5695,0.7538,0.4998,0.3646,0.4302,0.4998,0.0410,0.1229,0.1557,0.0942,0.6600,0.7825,,0.1225,,42.31,,178.2,170.6,1.013,0.138,1.707
1791428460.3167732,0.5695,0.7006,0.7006,0.4998,0.7006,0.5695,0.6350,0.6350,0.2991,0.4302,0.4998,0.4302,0.4998,0.0574,0.1229,0.1966,0.0942,0.6620,0.7910,,0.1290,,42.69,,178.5,169.7,0.966,0.137,1.626
1791428460.3477204,0.7006,0.4302,0.7006,0.4302,0.5695,0.5695,0.7006,0.5695,0.6350,0.2991,0.4998,0.4302,0.4302,0.0574,0.1229,0.1966,0.0942,0.6620,0.7865,,0.1245,,42.35,,178.5,170.0,0.988,0.138,1.678
1791428460.3792768,0.4302,0.8440,0.7006,0.6350,0.4302,0.3646,0.7538,0.6350,0.7006,0.2991,0.4302,0.4302,0.4302,0.0737,0.1229,0.1229,0.0942,0.6600,0.7800,,0.1200,,41.62,,178.5,170.5,0.979,0.140,1.705
1791428460.411621,0.5695,0.7006,0.6350,0.5695,0.4998,0.6350,0.7006,0.8030,0.5695,0.5695,0.4302,0.4302,0.4998,0.0574,0.0737,0.0574,0.0737,0.6600,0.7830,,0.1230,,41.71,,178.0,170.5,0.955,0.140,1.649
1791428460.4428775,0.6350,0.7538,0.7006,0.7538,0.4998,0.5695,0.7006,0.6350,0.5695,0.4998,0.4998,0.4302,0.4998,0.0410,0.1966,0.1229,0.0942,0.6600,0.7835,,0.1235,,40.99,,178.5,170.5,1.029,0.143,1.742
1791428460.4752312,0.3646,0.7538,0.6350,0.6350,0.5695,0.5695,0.4998,0.6350,0.7006,0.4998,0.4998,0.4302,0.4998,0.0737,0.0737,0.1229,0.0574,0.6600,0.7885,,0.1285,,41.03,,177.9,170.9,1.064,0.144,1.765
1791428460.5074444,0.5695,0.8767,0.6350,0.4998,0.4302,0.6350,0.8030,0.7006,0.4302,0.2991,0.3646,0.4998,0.4998,0.0410,0.1229,0.1557,0.0942,0.6630,0.7840,,0.1210,,41.33,,177.9,171.6,1.035,0.141,1.769
1791428460.541087,0.4302,0.8030,0.7538,0.5695,0.5695,0.5695,0.7006,0.4998,0.4998,0.3646,0.4302,0.4302,0.4302,0.0574,0.1229,0.0246,0.0942,0.6600,0.7880,,0.1280,,42.08,,177.3,170.9,0.947,0.138,1.623
1791428460.5743983,0.5695,0.8767,0.6350,0.4302,0.5695,0.6350,0.6350,0.5695,0.7538,0.1966,0.4302,0.3646,0.4998,0.0369,0.1229,0.1557,0.1557,0.6600,0.7860,,0.1260,,41.66,,176.7,170.7,1.069,0.141,1.714
1791428460.6095812,0.4998,0.8440,0.7538,0.6350,0.8030,0.4998,0.6350,0.6350,0.7538,0.4998,0.5695,0.4302,0.4998,0.0574,0.1557,0.1966,0.1966,0.6600,0.7845,,0.1245,,41.49,,176.9,170.9,1.008,0.141,1.700
1791428460.6497474,0.5695,0.6350,0.5695,0.5695,0.4302,0.5695,0.6350,0.5695,0.7006,0.6350,0.4998,0.4302,0.4998,0.0942,0.1557,0.1557,0.1557,0.6600,0.7885,,0.1285,,42.10,,177.5,171.3,0.963,0.139,1.613
1791428460.682249,0.5695,0.7538,0.7006,0.7006,0.6350,0.6350,0.5695,0.5695,0.5695,0.4302,0.4998,0.4302,0.4302,0.0737,0.0942,0.0942,0.0942,0.6600,0.7845,,0.1245,,42.24,,178.2,171.7,0.911,0.138,1.606
1791428460.7124848,0.6350,0.6350,0.8440,0.5695,0.5695,0.5695,0.7006,0.4998,0.4302,0.1966,0.4998,0.4998,0.4998,0.0574,0.1557,0.0942,0.1229,0.6600,0.7855,,0.1255,,42.27,,178.3,171.9,1.051,0.138,1.695
1791428460.743868,0.4998,0.4998,0.7006,0.5695,0.4998,0.5695,0.4998,0.5695,0.4998,0.4998,0.3646,0.4302,0.5695,0.0410,0.1557,0.1557,0.1966,0.6600,0.7840,,0.1240,,42.17,,178.1,171.9,0.988,0.138,1.672
1791428460.7755032,0.3646,0.5695,0.4998,0.5695,0.5695,0.7006,0.7006,0.7538,0.6350,0.2458,0.3646,0.4302,0.4998,0.0737,0.1229,0.1229,0.1229,0.6620,0.7870,,0.1250,,42.16,,177.6,172.2,0.945,0.138,1.629
1791428460.8085835,0.4998,0.9054,0.6350,0.5695,0.7006,0.4998,0.7006,0.6350,0.5695,0.1557,0.4302,0.4998,0.4998,0.0942,0.1966,0.1229,0.0942,0.6600,0.7910,,0.1310,,42.67,,178.1,171.8,0.959,0.137,1.598
1791428460.842097,0.4998,0.6350,0.5695,0.6350,0.5695,0.6350,0.6350,0.7006,0.6350,0.2458,0.6350,0.4998,0.4998,0.0737,0.1229,0.0737,0.1229,0.6600,0.7860,,0.1260,,42.69,,178.1,172.4,0.973,0.137,1.590
1791428460.8754187,0.3646,0.8030,0.7538,0.4998,0.6350,0.5695,0.8030,0.6350,0.7006,0.2458,0.2991,0.4998,0.4998,0.0737,0.1557,0.1229,0.0942,0.6600,0.7860,,0.1260,,42.26,,177.0,172.9,0.901,0.139,
1791428460.9096997,0.6350,0.8030,0.4998,0.6350,0.4302,0.4302,0.8030,0.6350,0.7006,0.3646,0.7006,0.4302,0.4998,0.0574,0.1229,0.1557,0.1229,0.6600,0.7890,,0.1290,,42.49,,176.7,172.3,0.907,0.138,1.573
1791428460.9497485,0.5695,0.6350,0.7006,0.5695,0.6350,0.4998,0.5695,0.7006,0.6350,0.4998,0.3646,0.4302,0.4998,0.0737,0.1557,0.1229,0.1229,0.6600,0.7865,,0.1265,,42.97,,176.9,172.6,0.926,0.136,1.611
1791428460.981337,0.6350,0.5695,0.6350,0.7006,0.5695,0.4998,0.4998,0.7538,0.4998,0.5695,0.5695,0.4998,0.4998,0.0574,0.1229,0.0942,0.1229,0.6600,0.7850,,0.1250,,42.41,,177.1,172.1,1.011,0.138,1.696
1791428461.01301,0.2991,0.5695,0.4998,0.4302,0.4998,0.5695,0.8030,0.6350,0.6350,0.2458,0.2991,0.4998,0.4998,0.0737,0.1229,0.1229,0.0574,,0.7855,,,,42.41,,176.5,172.0,0.923,0.138,
1791428461.0444884,0.4998,0.7006,0.7006,0.4302,0.4998,0.6350,0.6350,0.5695,0.8767,0.5695,0.4998,0.3646,0.4998,0.0246,0.1229,0.0942,0.1557,0.6620,0.7865,,0.1245,,42.35,,177.1,171.9,1.029,0.138,1.669
1791428461.0761187,0.6350,0.8030,0.5695,0.4998,0.5695,0.5695,0.4998,0.7006,0.4998,0.2458,0.4302,0.4998,0.4998,0.1229,0.1966,0.1966,0.1229,0.6600,0.7830,,0.1230,,41.73,,177.2,171.8,1.028,0.141,1.723
1791428461.1095765,0.7006,0.5695,0.6350,0.4998,0.5695,0.5695,0.8030,0.7006,0.6350,0.2458,0.2991,0.4302,0.4998,0.0574,0.1229,0.1229,0.1557,0.6600,0.7815,,0.1215,,41.03,,177.3,171.7,1.005,0.143,
1791428461.1426063,0.7006,0.7538,0.6350,0.4998,0.3646,0.6350,0.7538,0.7006,0.4998,0.4302,0.1966,0.4302,0.4998,0.0574,0.1966,0.1229,0.1229,0.6600,0.7830,,0.1230,,40.91,,176.9,172.1,0.946,0.143,1.666
1791428461.176094,0.7006,0.7538,0.4998,0.7006,0.6350,0.7006,0.7006,0.6350,0.4998,0.4302,0.5695,0.4998,0.4302,0.0737,0.1557,0.1557,0.0737,0.6600,0.7890,,0.1290,,41.00,,177.3,171.9,1.058,0.144,1.739
1791428461.219003,0.4998,0.7006,0.7538,0.3646,0.3646,0.7538,0.6350,0.5695,0.6350,0.2991,0.2458,0.4302,0.4302,0.0737,0.0942,0.1966,0.0942,0.6600,0.7825,,0.1225,,41.20,,177.4,171.8,0.943,0.142,
1791428461.249671,0.6350,0.7006,0.6350,0.4302,0.5695,0.3646,0.7538,0.7006,0.7538,0.3646,0.4998,0.4998,0.4302,0.0369,0.1557,0.1229,0.1229,0.6600,0.7885,,0.1285,,41.63,,178.0,171.4,0.963,0.141,1.582
1791428461.28155,0.4302,0.7538,0.8440,0.4998,0.4998,0.2991,0.7538,0.7006,0.7538,0.5695,0.6350,0.4302,0.4302,0.0574,0.1229,0.1557,0.0942,0.6600,,,,,41.63,,178.0,171.4,,,
1791428461.3125093,0.4998,0.7538,0.6350,0.4302,0.4302,0.7538,0.5695,0.6350,0.5695,0.5695,0.4302,0.4302,0.4998,0.0942,0.1557,0.0737,0.1229,0.6600,0.7835,,0.1235,,41.83,,178.1,171.6,0.933,0.140,1.581
1791428461.3441694,0.4998,0.6350,0.7006,0.5695,0.3646,0.6350,0.7006,0.6350,0.7006,0.4998,0.2458,0.4998,0.4998,0.0246,0.0942,0.1557,0.1229,0.6600,0.7890,,0.1290,,41.98,,177.9,171.6,0.937,0.140,1.699
1791428461.3759818,0.5695,0.8030,0.7538,0.4998,0.4998,0.4998,0.4998,0.7538,0.4302,0.2458,0.2458,0.4302,0.4998,0.0737,0.2458,0.1229,0.1229,0.6610,0.7835,,0.1225,,42.05,,177.9,170.9,0.955,0.139,
1791428461.410368,0.4302,0.6350,0.7006,0.5695,0.6350,0.3646,0.5695,0.7006,0.6350,0.4302,0.2458,0.4302,0.4998,0.0942,0.0737,0.1229,0.1229,0.6600,0.7825,,0.1225,,42.00,,177.3,171.0,1.028,0.138,1.728
1791428461.4431663,0.4998,0.7006,0.8030,0.6350,0.4302,0.4998,0.4302,0.8030,0.7538,0.4302,0.3646,0.4998,0.4998,0.0574,0.0737,0.1557,0.0574,0.6600,0.7860,,0.1260,,42.15,,177.3,171.2,0.997,0.138,1.599
1791428461.47665,0.6350,0.7538,0.6350,0.4998,0.7006,0.6350,0.8030,0.7006,0.5695,0.3646,0.6350,0.4302,0.4998,0.0737,0.1229,0.1966,0.0942,0.6600,0.7850,,0.1250,,42.14,,177.4,171.8,0.994,0.138,1.618
1791428461.5192165,0.4302,0.5695,0.5695,0.7006,0.4998,0.2991,0.7006,0.5695,0.8030,0.4302,0.4302,0.4998,0.4998,0.0410,0.0574,0.0574,0.0574,0.6600,,,,,42.14,,177.4,171.8,,,
1791428461.5517764,0.5695,0.4998,0.6350,0.4302,0.4302,0.7006,0.6350,0.6350,0.3646,0.4302,0.6350,0.3646,0.4998,0.0574,0.1229,0.1557,0.1229,0.6600,0.7855,,0.1255,,42.50,,177.1,171.2,0.929,0.136,1.557
1791428461.5826893,0.4998,0.5695,0.6350,0.6350,0.3646,0.6350,0.4998,0.5695,0.2991,0.4302,0.4302,0.4302,0.4302,0.0737,0.1229,0.1229,0.1966,0.6600,0.7855,,0.1255,,42.61,,177.0,170.6,0.954,0.136,1.565
1791428461.6141546,0.4302,0.5695,0.8440,0.3646,0.5695,0.6350,0.4998,0.4302,0.2991,0.4302,0.4998,0.4998,0.4998,0.0737,0.0942,0.1557,0.0942,0.6610,0.7865,,0.1255,,42.17,,177.4,170.7,0.968,0.138,1.676
1791428461.6449664,0.7006,0.4302,0.6350,0.4998,0.4302,0.6350,0.6350,0.6350,0.5695,0.4998,0.7006,0.3646,0.3646,0.0737,0.1557,0.0369,0.0942,0.6620,0.7800,,0.1180,,41.81,,177.3,170.2,0.923,0.138,1.609
1791428461.676628,0.7006,0.8030,0.7006,0.4998,0.4302,0.5695,0.4998,0.6350,0.6350,0.3646,0.4998,0.4998,0.4998,0.0410,0.1229,0.1229,0.0942,0.6610,0.7890,,0.1280,,42.13,,176.9,170.2,1.056,0.138,1.683
1791428461.71037,0.7006,0.7006,0.7006,0.3646,0.1966,0.6350,0.6350,0.4998,0.4302,0.4302,0.2991,0.4998,0.4302,0.0942,0.1557,0.1229,0.0942,0.6610,0.7870,,0.1260,,41.71,,176.7,169.7,1.016,0.140,1.760
1791428461.7427197,0.6350,0.5695,0.6350,0.4998,0.4998,0.5695,0.6350,0.6350,0.7006,0.4302,0.4998,0.4302,0.4998,0.0410,0.1229,0.0942,0.0369,0.6610,0.7840,,0.1230,,41.22,,176.4,170.0,1.048,0.142,1.752
1791428461.7768676,0.7006,0.6350,0.6350,0.5695,0.5695,0.3646,0.6350,0.5695,0.7006,0.2458,0.3646,0.4302,0.4998,0.0574,0.0942,0.0942,0.1229,0.6610,0.7850,,0.1240,,41.14,,176.0,170.4,1.001,0.142,1.704
1791428461.8091297,0.4998,0.7006,0.7006,0.4302,0.4998,0.3646,0.7006,0.4998,0.6350,0.5695,0.4998,0.4302,0.4302,0.0574,0.0942,0.1229,0.0737,0.6610,0.7920,,0.1310,,40.86,,176.4,170.1,1.079,0.145,1.734
1791428461.8520658,0.7006,0.4998,0.8030,0.3646,0.5695,0.6350,0.6350,0.7006,0.6350,0.1966,0.6350,0.4998,0.4302,0.1229,0.1557,0.1229,0.1229,0.6610,0.7880,,0.1270,,40.86,,176.5,170.4,0.977,0.146,1.637
1791428461.883837,0.5695,0.5695,0.7538,0.6350,0.6350,0.7006,0.4998,0.8030,0.6350,0.3646,0.2458,0.3646,0.4998,0.0574,0.0737,0.0369,0.0942,0.6610,0.7925,,0.1315,,41.52,,177.7,170.4,0.978,0.144,1.720
1791428461.9160266,0.3646,0.4302,0.5695,0.7006,0.5695,0.7006,0.5695,0.5695,0.7538,0.5695,0.4998,0.4302,0.4302,0.0410,0.1229,0.1557,0.0942,0.6610,0.7855,,0.1245,,41.77,,177.3,170.6,0.954,0.142,1.636
1791428461.9479,0.7006,0.3646,0.8030,0.4998,0.4302,0.7006,0.7538,0.6350,0.4302,0.4302,0.3646,0.4302,0.4302,0.0737,0.1229,0.1229,0.0737,0.6640,0.7920,,0.1280,,42.57,,177.9,170.3,0.888,0.138,1.471
1791428461.9789748,0.6350,0.4998,0.4302,0.3646,0.4302,0.6350,0.5695,0.6350,0.5695,0.4302,0.3646,0.4302,0.4998,0.0574,0.1557,0.1557,0.1229,0.6630,0.7805,,0.1175,,42.05,,177.3,170.3,1.075,0.139,1.736
1791428462.009952,0.6350,0.6350,0.8030,0.6350,0.5695,0.4998,0.8030,0.5695,0.6350,0.3646,0.4302,0.4302,0.4998,0.0574,0.1229,0.1229,0.0942,0.6630,0.7835,,0.1205,,41.51,,178.1,170.3,1.002,0.140,1.644
1791428462.0432312,0.5695,0.7006,0.7006,0.7006,0.3646,0.3646,0.5695,0.8030,0.4302,0.3646,0.3646,0.4998,0.4998,0.0737,0.1557,0.1557,0.0737,0.6620,0.7865,,0.1245,,41.52,,176.9,170.1,0.985,0.140,1.623
1791428462.0772934,0.5695,0.4998,0.7006,0.4302,0.5695,0.4998,0.7538,0.7006,0.7006,0.4302,0.2458,0.4302,0.4302,0.0942,0.0942,0.0942,0.0574,0.6620,0.7855,,0.1235,,41.40,,176.7,170.4,0.937,0.141,1.640
1791428462.1103072,0.5695,0.7006,0.4998,0.4302,0.4998,0.6350,0.4302,0.8440,0.2458,0.4302,0.4998,0.4302,0.4998,0.0574,0.1557,0.1229,0.1229,0.6620,0.7860,,0.1240,,41.43,,176.8,170.5,0.948,0.141,1.590
1791428462.1436226,0.4998,0.7538,0.7006,0.6350,0.7006,0.4998,0.6350,0.6350,0.4998,0.2991,0.2458,0.4998,0.4998,0.0574,0.0737,0.0942,0.0942,0.6620,0.7860,,0.1240,,41.86,,177.2,170.7,0.924,0.138,
1791428462.1846948,0.5695,0.4302,0.5695,0.6350,0.6350,0.4998,0.5695,0.6350,0.7006,0.3646,0.5695,0.4998,0.5695,0.1966,0.1966,0.1229,0.1557,0.6620,0.7925,,0.1305,,42.36,,177.5,169.8,0.996,0.137,1.621
1791428462.217909,0.5695,0.4302,0.6350,0.4998,0.7538,0.4998,0.7538,0.7538,0.4998,0.2991,0.2991,0.4998,0.4302,0.0737,0.0410,0.0942,0.0942,0.6620,0.7890,,0.1270,,42.21,,178.5,170.0,0.968,0.139,
1791428462.2488308,0.4998,0.5695,0.6350,0.5695,0.4998,0.7538,0.6350,0.7538,0.6350,0.2458,0.6350,0.4302,0.4998,0.0574,0.0942,0.1229,0.0942,0.6620,0.7860,,0.1240,,42.28,,178.2,170.3,0.993,0.138,1.597
1791428462.281035,0.6350,0.5695,0.4998,0.4998,0.7006,0.4998,0.7538,0.6350,0.4302,0.4302,0.5695,0.4302,0.4998,0.0574,0.0942,0.1229,0.1229,0.6620,0.7905,,0.1285,,42.12,,177.5,170.6,1.095,0.139,1.778
1791428462.3122826,0.2991,0.5695,0.8030,0.7006,0.4302,0.5695,0.6350,0.7538,0.7538,0.3646,0.4998,0.4302,0.4302,0.0369,0.0942,0.0737,0.1229,,0.7800,,,,42.12,,177.2,170.8,0.984,0.139,
1791428462.3446174,0.7538,0.5695,0.6350,0.3646,0.6350,0.5695,0.7006,0.6350,0.4998,0.4998,0.3646,0.4302,0.4998,0.0369,0.1229,0.1229,0.1557,0.6620,0.7885,,0.1265,,42.41,,178.0,170.5,0.966,0.138,1.619
1791428462.3772256,0.8030,0.7538,0.4998,0.4302,0.4302,0.7006,0.8030,0.5695,0.7006,0.2991,0.2991,0.4302,0.4302,0.0942,0.1557,0.0369,0.1229,0.6620,0.7835,,0.1215,,41.52,,177.9,171.0,0.953,0.141,
1791428462.411668,0.4998,0.6350,0.7006,0.6350,0.5695,0.4302,0.6350,0.5695,0.5695,0.3646,0.3646,0.4998,0.4302,0.0410,0.0942,0.0942,0.1229,0.6620,0.7890,,0.1270,,41.99,,178.2,170.9,0.895,0.139,1.538
1791428462.4538343,0.4302,0.5695,0.7006,0.4302,0.4998,0.4998,0.5695,0.7538,0.7006,0.4998,0.2991,0.4302,0.4998,0.0942,0.1229,0.1966,0.0942,0.6620,0.7835,,0.1215,,41.50,,177.9,171.0,0.988,0.141,1.712
1791428462.4856782,0.4998,0.5695,0.7006,0.4302,0.6350,0.7006,0.7538,0.6350,0.5695,0.1966,0.4998,0.4998,0.4998,0.0737,0.0942,0.0737,0.1229,0.6620,0.7855,,0.1235,,41.10,,178.4,171.1,0.960,0.143,1.649
1791428462.5163062,0.6350,0.6350,0.6350,0.5695,0.4998,0.7006,0.5695,0.5695,0.4302,0.3646,0.5695,0.4302,0.4998,0.0737,0.1557,0.1557,0.1229,0.6630,0.7835,,0.1205,,41.15,,178.5,171.0,0.988,0.142,1.633
1791428462.5484917,0.4998,0.7006,0.7538,0.5695,0.4302,0.4998,0.6350,0.6350,0.4998,0.2991,0.4302,0.4998,0.4998,0.0942,0.1557,0.1966,0.0410,0.6620,0.7840,,0.1220,,41.30,,178.3,170.5,0.915,0.140,1.547
1791428462.5807145,0.5695,0.6350,0.7538,0.4302,0.7006,0.4998,0.4302,0.6350,0.8030,0.4302,0.3646,0.3646,0.4998,0.0737,0.1229,0.0942,0.1966,0.6620,0.7825,,0.1205,,40.75,,177.0,170.3,0.958,0.142,1.634
1791428462.6124258,0.4998,0.5695,0.8440,0.5695,0.5695,0.5695,0.6350,0.7006,0.5695,0.1966,0.1966,0.4998,0.4302,0.0574,0.1557,0.1966,0.1229,0.6620,0.7960,,0.1340,,41.03,,176.6,171.5,0.917,0.144,
1791428462.6454043,0.6350,0.7006,0.8030,0.5695,0.4302,0.7006,0.6350,0.6350,0.4302,0.1229,0.4302,0.4302,0.4302,0.0574,0.1557,0.1966,0.1229,0.6620,0.7850,,0.1230,,40.69,,177.2,170.9,0.994,0.145,1.605
1791428462.678598,0.5695,0.4998,0.5695,0.4998,0.4998,0.4998,0.7538,0.5695,0.7006,0.1557,0.4302,0.3646,0.4302,0.0574,0.1557,0.0942,0.0942,0.6620,0.7870,,0.1250,,40.50,,175.9,171.4,1.029,0.146,1.715
1791428462.7110214,0.5695,0.6350,0.4998,0.6350,0.4998,0.7006,0.8440,0.7006,0.3646,0.4302,0.5695,0.4998,0.4302,0.0574,0.0942,0.1557,0.0737,0.6620,0.7840,,0.1220,,40.52,,176.0,171.0,1.010,0.145,1.650
1791428462.7450943,0.4302,0.7538,0.6350,0.4998,0.7006,0.5695,0.8030,0.7006,0.2991,0.3646,0.4302,0.3646,0.4998,0.0574,0.0942,0.1229,0.1229,0.6620,0.7870,,0.1250,,40.76,,176.6,170.3,0.988,0.144,1.582
1791428462.7877212,0.7006,0.5695,0.7006,0.5695,0.4302,0.4998,0.7006,0.8030,0.2991,0.5695,0.4998,0.4302,0.4998,0.0574,0.0942,0.0942,0.1966,0.6620,0.7865,,0.1245,,41.34,,176.5,169.8,0.937,0.141,1.563
1791428462.819199,0.6350,0.4998,0.5695,0.4998,0.4998,0.7538,0.4998,0.6350,0.4998,0.4302,0.5695,0.5695,0.4998,0.0942,0.1229,0.1229,0.1229,0.6620,0.7885,,0.1265,,41.19,,175.9,169.2,1.036,0.143,1.686
1791428462.850687,0.4302,0.8030,0.7538,0.6350,0.4302,0.4998,0.7538,0.8030,0.4998,0.3646,0.1966,0.4302,0.5695,0.0410,0.1229,0.1229,0.0737,0.6620,0.7920,,0.1300,,41.78,,176.2,169.0,0.924,0.141,1.604
1791428462.8824878,0.7006,0.5695,0.8030,0.4998,0.5695,0.7006,0.7538,0.5695,0.7006,0.4302,0.5695,0.5695,0.5695,0.0369,0.1229,0.1229,0.1229,0.6620,0.7875,0.6960,0.1255,-0.0915,41.92,-23.70,176.6,169.6,1.018,0.140,1.613
1791428462.9140825,0.6350,0.4998,0.7538,0.6350,0.4998,0.5695,0.5695,0.6350,0.6350,0.1966,0.4998,0.4998,0.4998,0.1229,0.1229,0.1557,0.1229,0.6620,0.7845,,0.1225,,41.68,-23.72,176.3,170.3,0.960,0.141,1.659
1791428462.9445305,0.8030,0.5695,0.4998,0.8030,0.4998,0.1966,0.8030,0.5695,0.3646,0.4998,0.3646,0.3646,0.4998,0.0737,0.1229,0.0205,0.1966,0.6620,,,,,41.68,-23.72,176.3,170.3,,,
1791428462.9772806,0.4998,0.7006,0.4998,0.7538,0.4302,0.7538,0.7538,0.4998,0.4998,0.3646,0.2991,0.3646,0.4302,0.0246,0.0942,0.1229,0.0942,0.6620,0.7815,,0.1195,,40.85,-23.75,175.3,169.4,0.938,0.143,1.729
1791428463.011973,0.6350,0.5695,0.4998,0.5695,0.5695,0.4998,0.4998,0.5695,0.4998,0.4302,0.3646,0.5695,0.4998,0.0942,0.0942,0.1229,0.1229,0.6620,0.7920,,0.1300,,41.02,-23.75,176.6,169.8,1.003,0.144,1.724
1791428463.0446157,0.7006,0.7538,0.7006,0.3646,0.7006,0.5695,0.7538,0.7006,0.7006,0.3646,0.4302,0.4998,0.4998,0.0737,0.1557,0.1229,0.0942,0.6620,0.7860,,0.1240,,41.84,-23.86,176.9,171.1,0.947,0.140,1.507
1791428463.0867822,0.7006,0.4302,0.7006,0.4998,0.4998,0.4998,0.7538,0.7006,0.7538,0.4302,0.4302,0.3646,0.4302,0.0942,0.1557,0.1229,0.0737,0.6620,0.7840,,0.1220,,41.22,-23.83,176.3,171.9,0.960,0.142,1.713
1791428463.1181202,0.6350,0.6350,0.5695,0.5695,0.4998,0.5695,0.7538,0.4998,0.6350,0.1229,0.4998,0.4302,0.4302,0.0737,0.1557,0.2458,0.1229,0.6620,0.7875,,0.1255,,41.83,-23.86,176.7,172.1,0.967,0.139,1.611
1791428463.1500556,0.6350,0.6350,0.6350,0.6350,0.5695,0.4302,0.6350,0.4998,0.6350,0.4302,0.4998,0.4302,0.4998,0.0410,0.1229,0.0942,0.0942,0.6620,0.7825,,0.1205,,41.48,-23.59,176.4,171.1,1.008,0.140,1.646
1791428463.1815867,0.7006,0.7006,0.6350,0.4998,0.2458,0.5695,0.6350,0.5695,0.7538,0.2991,0.2991,0.3646,0.4302,0.0737,0.0942,0.1557,0.1229,0.6630,0.7880,,0.1250,,41.85,-23.80,176.9,171.0,0.940,0.138,
1791428463.2131484,0.7538,0.4998,0.7538,0.4998,0.5695,0.5695,0.7538,0.5695,0.4302,0.4998,0.6350,0.4302,0.4302,0.0410,0.1557,0.1966,0.0942,0.6640,0.7935,,0.1295,,42.69,-24.08,177.2,171.4,0.946,0.136,1.543
1791428463.245835,0.5695,0.5695,0.7006,0.6350,0.7538,0.7006,0.7006,0.7006,0.3646,0.3646,0.4998,0.4998,0.4998,0.1229,0.1966,0.1966,0.1229,0.6620,0.7885,,0.1265,,42.76,-24.45,177.8,170.8,0.886,0.136,1.520
1791428463.2785664,0.4998,0.5695,0.5695,0.7006,0.7006,0.5695,0.7538,0.7006,0.5695,0.2458,0.6350,0.4302,0.4998,0.0574,0.1229,0.1557,0.0737,0.6620,0.7830,,0.1210,,42.07,-24.15,177.8,170.8,0.989,0.138,1.690
1791428463.3112006,0.6350,0.4998,0.4998,0.5695,0.6350,0.6350,0.4998,0.7538,0.6350,0.5695,0.4302,0.4302,0.4998,0.0737,0.1229,0.1557,0.1557,0.6620,0.7865,,0.1245,,41.45,-23.81,177.3,170.6,1.032,0.141,1.744
1791428463.3458984,0.6350,0.7006,0.4998,0.8030,0.4302,0.5695,0.5695,0.7006,0.7006,0.6350,0.4998,0.3646,0.4302,0.0737,0.1229,0.0942,0.0942,0.6620,0.7920,,0.1300,,41.16,-23.41,176.9,170.5,1.094,0.144,1.812
1791428463.387527,0.6350,0.8030,0.8030,0.5695,0.6350,0.5695,0.4998,0.6350,0.6350,0.5695,0.2991,0.3646,0.4302,0.0737,0.1557,0.0942,0.1229,0.6620,0.7890,,0.1270,,41.46,-23.24,177.7,170.9,1.043,0.142,1.773
1791428463.4201496,0.7006,0.7006,0.7006,0.6350,0.4302,0.4302,0.7006,0.2991,0.4998,0.4302,0.5695,0.4302,0.4302,0.0574,0.1557,0.1966,0.0737,0.6620,0.7875,,0.1255,,41.26,,177.7,171.0,0.973,0.143,1.680
1791428463.4510827,0.8030,0.6350,0.6350,0.6350,0.4998,0.7006,0.7006,0.6350,0.6350,0.5695,0.1966,0.4302,0.4302,0.0737,0.1229,0.0410,0.0574,0.6620,0.7830,,0.1210,,41.51,,177.6,171.0,0.946,0.141,1.647
1791428463.4825642,0.6350,0.7006,0.6350,0.3646,0.4998,0.6350,0.6350,0.7006,0.7538,0.1557,0.6350,0.4302,0.4998,0.0942,0.1557,0.1229,0.1557,0.6620,0.7940,,0.1320,,41.77,,177.1,170.1,1.080,0.141,1.709
1791428463.515398,0.4998,0.5695,0.7538,0.6350,0.7538,0.7006,0.5695,0.6350,0.8440,0.3646,0.2458,0.4302,0.4302,0.0737,0.1229,0.1229,0.2458,0.6620,0.7880,,0.1260,,41.67,,177.3,170.3,0.996,0.142,1.708
1791428463.546924,0.5695,0.7006,0.5695,0.7006,0.6350,0.4998,0.7538,0.7006,0.4998,0.2991,0.3646,0.4302,0.4998,0.0737,0.1229,0.1229,0.0942,0.6620,0.7845,,0.1225,,41.50,,178.0,170.4,0.964,0.142,1.601
1791428463.578474,0.4998,0.5695,0.3646,0.4302,0.2991,0.4998,0.6350,0.3646,0.6350,0.4998,0.4998,0.4998,0.4302,0.0737,0.1966,0.0942,0.1229,0.6620,0.7840,,0.1220,,41.60,,178.5,170.4,1.031,0.141,1.702
1791428463.6135411,0.4302,0.6350,0.5695,0.6350,0.6350,0.6350,0.7538,0.7538,0.6350,0.1966,0.3646,0.4302,0.4302,0.0737,0.1229,0.1557,0.1229,0.6620,0.7870,,0.1250,,41.16,,178.6,171.2,1.057,0.143,1.779
1791428463.6456938,0.4998,0.7006,0.4998,0.4302,0.4302,0.6350,0.6350,0.7006,0.6350,0.2458,0.3646,0.4302,0.4302,0.0574,0.0942,0.0942,0.0942,0.6620,0.7860,,0.1240,,41.63,,179.1,171.0,0.920,0.140,1.605
1791428463.6800232,0.3646,0.5695,0.5695,0.4998,0.5695,0.6350,0.7006,0.6350,0.6350,0.6350,0.2458,0.3646,0.4998,0.0574,0.1229,0.1557,0.0942,0.6640,0.7815,,0.1175,,41.22,,178.5,170.3,0.950,0.141,1.631
1791428463.7204037,0.4302,0.7538,0.7006,0.3646,0.7006,0.4998,0.7538,0.4998,0.6350,0.4998,0.4302,0.3646,0.4302,0.0574,0.1966,0.1557,0.0942,0.6620,0.7870,,0.1250,,41.21,,178.0,170.2,0.983,0.141,1.654
1791428463.752228,0.4302,0.5695,0.6350,0.5695,0.5695,0.5695,0.7538,0.5695,0.4998,0.3646,0.4998,0.4998,0.4998,0.0737,0.1557,0.0737,0.0737,0.6620,0.7860,,0.1240,,41.30,,177.8,169.7,1.036,0.141,1.695
1791428463.784046,0.6350,0.7006,0.6350,0.4302,0.5695,0.4998,0.7006,0.7538,0.4998,0.2991,0.3646,0.3646,0.4302,0.0737,0.1229,0.1557,0.0942,0.6620,0.7820,,0.1200,,40.93,,178.1,170.1,0.953,0.142,1.617
1791428463.8157125,0.6350,0.7538,0.5695,0.4998,0.6350,0.4998,0.6350,0.7006,0.7006,0.4302,0.4302,0.5695,0.4998,0.0737,0.0942,0.1557,0.0737,0.6620,0.7895,,0.1275,,41.20,,178.0,170.5,1.063,0.141,1.756
1791428463.8472786,0.7006,0.6350,0.6350,0.5695,0.7538,0.7538,0.6350,0.7538,0.4998,0.2458,0.4302,0.4998,0.4302,0.0737,0.1557,0.0942,0.1229,0.6620,0.7855,,0.1235,,41.09,,178.5,171.0,0.940,0.142,1.617
1791428463.8804333,0.4998,0.7538,0.4998,0.4998,0.7006,0.7006,0.6350,0.7538,0.2991,0.2458,0.4998,0.3646,0.4998,0.0574,0.0942,0.0737,0.1229,0.6620,0.7825,,0.1205,,40.46,,178.2,171.3,1.069,0.144,1.794
1791428463.9123387,0.4302,0.6350,0.4302,0.4302,0.4998,0.5695,0.7538,0.8030,0.7006,0.4302,0.4998,0.4302,0.4998,0.0574,0.0942,0.0942,0.0942,0.6620,0.7855,,0.1235,,40.78,,178.1,171.2,1.024,0.143,1.624
1791428463.945257,0.7538,0.8030,0.7006,0.4998,0.4302,0.6350,0.7006,0.5695,0.7006,0.3646,0.2458,0.4998,0.5695,0.0737,0.0942,0.0942,0.0942,0.6620,0.7840,,0.1220,,40.77,,178.3,170.6,1.028,0.143,1.718
1791428463.9796379,0.6350,0.8030,0.7006,0.6350,0.5695,0.7538,0.4998,0.6350,0.7006,0.1966,0.4302,0.3646,0.4302,0.1229,0.0942,0.1229,0.0737,0.6650,0.7870,,0.1220,,40.89,,177.6,170.9,1.017,0.142,1.762
1791428464.0215125,0.4302,0.7538,0.6350,0.5695,0.4998,0.6350,0.7006,0.6350,0.4302,0.2458,0.5695,0.4302,0.4998,0.0737,0.0942,0.1229,0.0942,0.6620,0.8020,,0.1400,,42.29,,177.5,171.2,0.940,0.139,1.584
1791428464.0529542,0.6350,0.7538,0.6350,0.5695,0.3646,0.7538,0.7538,0.7006,0.6350,0.1557,0.3646,0.4998,0.4998,0.0737,0.0942,0.0737,0.0942,0.6620,0.7930,,0.1310,,42.48,,177.3,171.2,0.947,0.139,1.611
1791428464.0861235,0.5695,0.7538,0.5695,0.7006,0.4998,0.6350,0.4998,0.5695,0.1966,0.3646,0.4302,0.4302,0.4302,0.0737,0.1557,0.2991,0.0942,0.6620,0.7860,,0.1240,,42.51,,177.2,171.3,0.951,0.138,1.639
1791428464.1159148,0.6350,0.8030,0.5695,0.7006,0.4302,0.2458,0.7538,0.5695,0.4998,0.4998,0.6350,0.4302,0.4998,0.0737,0.1229,0.0942,0.0942,0.6650,,,,,42.51,,177.2,171.3,,,
1791428464.1478043,0.6350,0.8030,0.8440,0.5695,0.6350,0.4302,0.7538,0.4998,0.5695,0.2991,0.4998,0.4998,0.4998,0.0574,0.0942,0.0942,0.1229,0.6620,0.7865,,0.1245,,42.56,,177.0,170.8,0.986,0.137,1.576
1791428464.1795247,0.4998,0.7006,0.5695,0.5695,0.5695,0.4302,0.6350,0.7538,0.4998,0.4998,0.4302,0.4302,0.4302,0.0410,0.0737,0.1229,0.1229,0.6620,0.7880,,0.1260,,42.89,,177.0,170.4,0.934,0.136,1.500
1791428464.2128983,0.7538,0.7006,0.7538,0.5695,0.2458,0.7538,0.4998,0.5695,0.7538,0.4302,0.2458,0.4302,0.4998,0.0737,0.0942,0.1557,0.1557,0.6620,0.7910,,0.1290,,43.20,,176.9,169.9,0.990,0.135,1.717
1791428464.2463908,0.7006,0.4998,0.4998,0.5695,0.4998,0.7006,0.6350,0.5695,0.6350,0.2991,0.4998,0.4302,0.4998,0.0737,0.1557,0.3646,0.1229,0.6630,0.7890,,0.1260,,43.61,,177.3,169.6,0.988,0.133,1.581
1791428464.2805772,0.3646,0.7006,0.6350,0.4998,0.5695,0.4998,0.7538,0.5695,0.4998,0.2991,0.2458,0.4302,0.4998,0.0410,0.0942,0.0942,0.0737,0.6620,0.7860,,0.1240,,43.15,,177.1,169.8,0.998,0.134,
1791428464.3228316,0.5695,0.7006,0.5695,0.4998,0.4998,0.6350,0.4998,0.4998,0.6350,0.2458,0.3646,0.4302,0.4998,0.0574,0.2458,0.1966,0.1966,0.6620,0.7885,,0.1265,,42.82,,176.7,170.2,1.059,0.136,1.718
1791428464.354131,0.5695,0.4998,0.7006,0.5695,0.4998,0.6350,0.7538,0.5695,0.4998,0.4302,0.4998,0.4302,0.4998,0.0737,0.0574,0.3646,0.1557,0.6630,0.7860,,0.1230,,42.81,,176.0,170.2,0.968,0.135,1.640
1791428464.3848608,0.4998,0.7538,0.7006,0.4302,0.5695,0.6350,0.6350,0.6350,0.8440,0.4998,0.4302,0.2991,0.5695,0.0737,0.0737,0.1229,0.1229,0.6620,0.7850,,0.1230,,42.98,,177.0,170.3,,0.134,1.664
1791428464.4167995,0.5695,0.6350,0.5695,0.5695,0.7006,0.3646,0.7006,0.5695,0.3646,0.4302,0.2458,0.4998,0.4302,0.0942,0.1966,0.1557,0.1557,0.6620,0.7840,,0.1220,,42.78,,177.0,170.1,0.909,0.134,1.624
1791428464.4494755,0.2458,0.3646,0.5695,0.4302,0.3646,0.6350,0.5695,0.5695,0.4998,0.3646,0.4302,0.4998,0.4302,0.0942,0.1557,0.1229,0.0942,,0.7850,,,,42.78,,176.6,169.4,0.993,0.134,
1791428464.480296,0.4998,0.4998,0.8030,0.4998,0.4998,0.6350,0.7006,0.7006,0.3646,0.3646,0.4998,0.4302,0.4302,0.0942,0.1229,0.1966,0.1557,0.6620,0.7875,,0.1255,,42.64,,176.8,169.0,1.003,0.135,1.621
1791428464.5127785,0.5695,0.5695,0.6350,0.4998,0.5695,0.5695,0.5695,0.4998,0.7006,0.4302,0.2991,0.4998,0.4302,0.0942,0.1966,0.1229,0.0574,0.6620,0.7880,,0.1260,,42.70,,176.5,169.3,0.965,0.135,1.717
1791428464.5474627,0.7006,0.4998,0.4998,0.7538,0.5695,0.4998,0.6350,0.7006,0.7006,0.3646,0.3646,0.3646,0.4998,0.0410,0.0737,0.2458,0.0942,0.6620,0.7875,,0.1255,,42.32,,177.0,169.5,1.018,0.137,1.653
1791428464.5797446,0.4998,0.6350,0.7538,0.5695,0.5695,0.6350,0.8030,0.5695,0.8440,0.4302,0.4998,0.3646,0.4998,0.0737,0.0737,0.1229,0.1229,0.6620,0.7865,,0.1245,,42.10,,177.3,169.6,0.969,0.138,1.574
1791428464.6138275,0.6350,0.5695,0.4302,0.3646,0.5695,0.8030,0.6350,0.4998,0.6350,0.2991,0.4302,0.4998,0.4998,0.0574,0.0942,0.1557,0.0942,0.6660,0.7860,,0.1200,,41.56,,177.0,170.1,1.065,0.140,1.676
1791428464.6551013,0.5695,0.7538,0.7006,0.4998,0.4302,0.5695,0.7538,0.5695,0.4302,0.4998,0.4998,0.4302,0.4998,0.0574,0.1557,0.0942,0.1229,0.6620,0.7885,,0.1265,,42.23,,177.5,170.5,0.958,0.137,1.538
1791428464.68774,0.6350,0.6350,0.6350,0.5695,0.6350,0.7538,0.7538,0.4998,0.7006,0.1966,0.3646,0.4998,0.4998,0.0737,0.1229,0.2458,0.1557,0.6620,0.7865,,0.1245,,41.47,,177.6,170.5,1.016,0.141,1.709
1791428464.7178721,0.4302,0.5695,0.6350,0.4302,0.6350,0.5695,0.5695,0.7006,0.7006,0.4998,0.4302,0.4302,0.4998,0.0369,0.1229,0.0942,0.1229,0.6620,0.7850,,0.1230,,41.06,,177.1,170.1,1.045,0.143,1.673
1791428464.750183,0.8030,0.4998,0.8030,0.4998,0.5695,0.6350,0.7538,0.8030,0.7538,0.4302,0.4302,0.4302,0.4998,0.0942,0.1229,0.1557,0.0410,0.6620,0.7890,,0.1270,,41.47,,177.5,170.0,0.946,0.141,1.545
1791428464.781623,0.6350,0.7006,0.7006,0.4998,0.7538,0.5695,0.7006,0.7006,0.6350,0.2458,0.4998,0.4998,0.4998,0.0574,0.0942,0.0369,0.2458,0.6620,0.7850,,0.1230,,40.59,,178.0,169.9,1.053,0.145,1.745
1791428464.8138304,0.4302,0.3646,0.2991,0.4302,0.6350,0.2991,0.6350,0.6350,0.6350,0.4302,0.4998,0.4302,0.4302,0.0942,0.1229,0.1966,0.1229,0.6620,,,,,40.59,,178.0,169.9,,,
1791428464.8465056,0.6350,0.7006,0.4998,0.5695,0.4998,0.6350,0.7006,0.7538,0.5695,0.1966,0.2991,0.4998,0.4998,0.0737,0.0942,0.1229,0.0942,0.6620,0.7830,,0.1210,,40.56,,177.1,169.4,0.964,0.145,
1791428464.8799767,0.5695,0.4998,0.5695,0.4998,0.5695,0.4998,0.6350,0.6350,0.7538,0.1966,0.4302,0.4998,0.4998,0.0737,0.1229,0.1557,0.0942,0.6620,0.7850,,0.1230,,40.68,,177.3,170.6,0.981,0.144,1.618
1791428464.9125483,0.4998,0.4302,0.6350,0.4302,0.4998,0.4998,0.8030,0.6350,0.5695,0.4302,0.2458,0.4998,0.4302,0.0410,0.1229,0.0246,0.0942,0.6620,0.7855,,0.1235,,40.84,,178.0,170.3,0.953,0.143,1.659
1791428464.946361,0.8030,0.4998,0.7006,0.7006,0.4302,0.2991,0.7006,0.4302,0.6350,0.5695,0.4998,0.4998,0.4998,0.0737,0.1229,0.1966,0.0942,0.6640,,,,,40.84,,178.0,170.3,,,
1791428464.9874108,0.5695,0.6350,0.5695,0.3646,0.3646,0.5695,0.4998,0.7006,0.5695,0.4998,0.4998,0.4302,0.4302,0.0574,0.1557,0.0737,0.1229,0.6620,0.7830,,0.1210,,40.73,,178.6,171.1,0.928,0.143,1.545
1791428465.0196846,0.5695,0.5695,0.4998,0.7538,0.4998,0.3646,0.4998,0.7006,0.6350,0.4302,0.4998,0.4302,0.4302,0.0737,0.0942,0.1966,0.1229,0.6620,0.7890,,0.1270,,40.91,,178.8,171.5,1.003,0.143,1.671
1791428465.0512993,0.5695,0.4998,0.8030,0.5695,0.4302,0.4302,0.7006,0.4302,0.5695,0.4302,0.4302,0.4302,0.4998,0.0574,0.1229,0.1557,0.1229,0.6620,0.7880,,0.1260,,41.30,,177.7,171.8,0.960,0.141,1.562
1791428465.0822628,0.7538,0.4998,0.4998,0.4998,0.4302,0.4998,0.7006,0.5695,0.8030,0.2991,0.5695,0.4998,0.5695,0.0942,0.1557,0.1557,0.0737,0.6620,0.7880,,0.1260,,41.50,,177.4,171.9,0.990,0.141,1.607
1791428465.114723,0.6350,0.6350,0.6350,0.5695,0.6350,0.4302,0.7006,0.3646,0.5695,0.2991,0.5695,0.4302,0.5695,0.0737,0.0737,0.0369,0.0574,0.6620,0.7925,,0.1305,,41.50,,177.9,171.8,1.051,0.142,1.700
1791428465.1471748,0.7538,0.4998,0.5695,0.5695,0.7006,0.6350,0.8030,0.4998,0.8440,0.4998,0.4998,0.4302,0.5695,0.0737,0.0942,0.1229,0.0942,0.6620,0.8015,,0.1395,,41.79,,177.8,172.1,1.096,0.144,1.758
1791428465.1799405,0.8767,0.4302,0.6350,0.7538,0.4998,0.6350,0.7538,0.5695,0.6350,0.3646,0.4998,0.4302,0.4998,0.0574,0.0942,0.1229,0.1557,0.6620,0.7810,,0.1190,,40.86,,178.0,171.7,0.997,0.146,1.650
1791428465.213922,0.7538,0.5695,0.5695,0.5695,0.5695,0.6350,0.5695,0.5695,0.7006,0.2458,0.4998,0.4302,0.4998,0.0574,0.0942,0.1229,0.0574,0.6620,0.7890,,0.1270,,40.86,,178.2,172.4,1.023,0.146,1.684
1791428465.248165,0.5695,0.4998,0.4998,0.4302,0.4998,0.6350,0.8030,0.7006,0.2991,0.2991,0.2991,0.4998,0.4998,0.0574,0.1229,0.1966,0.1557,0.6620,0.7910,,0.1290,,41.14,,178.3,172.4,1.002,0.146,
1791428465.288548,0.8030,0.7006,0.7006,0.5695,0.7006,0.6350,0.7006,0.7006,0.3646,0.4302,0.4302,0.4998,0.4998,0.0737,0.0410,0.1557,0.0942,0.6620,0.7870,,0.1250,,41.10,,177.4,172.4,0.979,0.145,1.659
1791428465.3200092,0.7006,0.4998,0.6350,0.5695,0.4302,0.6350,0.7006,0.6350,0.5695,0.3646,0.4998,0.4998,0.4302,0.0574,0.0942,0.1557,0.1229,0.6620,0.7880,,0.1260,,41.49,,177.6,171.4,0.994,0.143,1.605
1791428465.3518121,0.8030,0.4998,0.4998,0.4302,0.4302,0.5695,0.7538,0.7538,0.4998,0.1966,0.4302,0.4302,0.4998,0.0246,0.0574,0.0942,0.1229,0.6620,0.7865,,0.1245,,41.81,,177.4,170.8,0.893,0.141,1.487
1791428465.3829937,0.7006,0.6350,0.6350,0.7006,0.6350,0.4998,0.6350,0.4998,0.7006,0.3646,0.4302,0.4302,0.4998,0.0369,0.0942,0.0737,0.0942,0.6620,0.7840,,0.1220,,41.35,,176.9,171.2,0.886,0.142,1.491
1791428465.4158516,0.6350,0.6350,0.7006,0.4998,0.5695,0.5695,0.8030,0.3646,0.8030,0.6350,0.5695,0.4998,0.4302,0.0246,0.1229,0.1229,0.1229,0.6620,0.7865,,0.1245,,41.25,,177.7,171.2,0.993,0.143,1.587
1791428465.4482863,0.5695,0.4302,0.8440,0.6350,0.4998,0.4998,0.7006,0.5695,0.5695,0.4302,0.4998,0.4302,0.4998,0.0737,0.1229,0.1229,0.0737,0.6600,0.7870,,0.1270,,41.94,,177.8,171.0,0.936,0.140,1.520
1791428465.4802344,0.7006,0.5695,0.7006,0.4998,0.6350,0.4998,0.6350,0.6350,0.6350,0.3646,0.5695,0.4302,0.4998,0.0737,0.0942,0.0942,0.0942,0.6600,0.7960,,0.1360,,42.79,,177.6,171.3,0.988,0.138,1.583
1791428465.5144813,0.5695,0.7538,0.8440,0.6350,0.3646,0.5695,0.8030,0.7006,0.5695,0.1966,0.4302,0.4302,0.5695,0.0942,0.1229,0.1966,0.0737,0.6600,0.7920,,0.1320,,43.47,,177.6,171.6,0.951,0.136,1.578
1791428465.5479028,0.4998,0.8440,0.8767,0.7006,0.5695,0.5695,0.7006,0.6350,0.6350,0.5695,0.3646,0.3646,0.4302,0.0737,0.1966,0.1557,0.0737,0.6600,0.7845,,0.1245,,43.14,,177.5,171.2,0.914,0.136,1.544
1791428465.5811908,0.7538,0.7538,0.7006,0.6350,0.5695,0.5695,0.7006,0.5695,0.5695,0.4998,0.2458,0.4302,0.4998,0.0410,0.1229,0.1557,0.1229,0.6590,0.7805,,0.1215,,42.41,,177.3,171.3,1.023,0.138,1.729
1791428465.6225595,0.4302,0.7538,0.8767,0.4998,0.5695,0.6350,0.7006,0.4302,0.4998,0.3646,0.4998,0.4302,0.4998,0.0574,0.0942,0.1966,0.0942,0.6600,0.7860,,0.1260,,42.26,,177.0,171.1,0.957,0.139,1.605
1791428465.6555276,0.7006,0.8030,0.5695,0.4998,0.3646,0.6350,0.6350,0.5695,0.6350,0.3646,0.4998,0.4302,0.4998,0.0574,0.1229,0.2991,0.1229,0.6590,0.7895,,0.1305,,42.25,,177.6,171.9,0.979,0.140,1.617
1791428465.6870894,0.6350,0.7006,0.6350,0.3646,0.7006,0.7538,0.7006,0.7006,0.6350,0.1557,0.2991,0.4302,0.4302,0.0574,0.0574,0.0737,0.0737,0.6590,0.7855,,0.1265,,41.42,,177.6,172.0,0.951,0.144,
1791428465.7182329,0.2458,0.6350,0.4998,0.4998,0.7006,0.3646,0.8030,0.6350,0.6350,0.4998,0.5695,0.4302,0.4302,0.0574,0.1229,0.1229,0.1229,,0.7960,,,,41.42,,177.0,171.3,0.998,0.144,
1791428465.7488248,0.4302,0.4302,0.5695,0.4998,0.4302,0.5695,0.8440,0.8440,0.5695,0.2991,0.6350,0.4302,0.4998,0.0942,0.1229,0.1229,0.1229,0.6590,0.7910,,0.1320,,41.27,,176.5,170.4,0.974,0.146,1.638
1791428465.7813418,0.2458,0.4302,0.4998,0.4302,0.5695,0.7006,0.8030,0.5695,0.7538,0.5695,0.4302,0.4302,0.4998,0.0574,0.1557,0.1229,0.1557,,0.7815,,,,41.27,,176.3,170.7,0.963,0.146,
1791428465.815687,0.6350,0.7538,0.4302,0.5695,0.4302,0.7538,0.6350,0.7006,0.7006,0.2458,0.5695,0.4302,0.4998,0.0410,0.0942,0.0942,0.0942,0.6590,0.7935,,0.1345,,41.53,,177.2,171.3,0.979,0.146,1.586
1791428465.8490179,0.7006,0.7006,0.5695,0.6350,0.6350,0.7006,0.5695,0.4302,0.7006,0.4302,0.2991,0.4302,0.4998,0.0410,0.1229,0.0942,0.1557,0.6640,0.7905,,0.1265,,41.34,,177.4,171.4,1.003,0.146,1.754
1791428465.8921666,0.5695,0.6350,0.7538,0.4302,0.5695,0.5695,0.6350,0.7006,0.5695,0.4302,0.4998,0.3646,0.5695,0.0942,0.1229,0.1557,0.1229,0.6590,0.7885,,0.1295,,41.22,,176.9,172.0,0.965,0.147,1.625
1791428465.9230757,0.7538,0.4302,0.4998,0.3646,0.7006,0.5695,0.7006,0.7538,0.6350,0.2991,0.4998,0.4998,0.4998,0.0574,0.0942,0.0942,0.0942,0.6600,0.7885,,0.1285,,40.83,,177.2,172.1,0.988,0.149,1.695
1791428465.9547126,0.6350,0.7006,0.4998,0.4998,0.5695,0.6350,0.4998,0.6350,0.4302,0.3646,0.2991,0.3646,0.4998,0.0410,0.1229,0.1557,0.0574,0.6590,0.7895,,0.1305,,40.61,,176.1,172.0,1.022,0.151,1.728
1791428465.9862216,0.7006,0.5695,0.5695,0.4998,0.2991,0.7006,0.6350,0.5695,0.7006,0.4302,0.4998,0.4302,0.4302,0.0574,0.0574,0.0942,0.0942,0.6590,0.7855,,0.1265,,40.00,,176.7,171.8,1.010,0.153,1.692
1791428466.0181334,0.8030,0.6350,0.4302,0.5695,0.5695,0.7006,0.7006,0.6350,0.7006,0.4998,0.7006,0.3646,0.4998,0.0574,0.0942,0.0574,0.0574,0.6590,0.7840,,0.1250,,39.17,,177.0,171.9,0.966,0.157,1.674
1791428466.049042,0.5695,0.7006,0.5695,0.4302,0.5695,0.4998,0.7006,0.4302,0.4998,0.2991,0.4998,0.4302,0.4998,0.0410,0.1229,0.1229,0.0737,0.6590,0.7940,,0.1350,,39.43,,177.4,171.5,1.075,0.157,1.721
1791428466.0810528,0.6350,0.8030,0.4998,0.6350,0.4998,0.7006,0.7006,0.4998,0.3646,0.4302,0.4998,0.4302,0.4998,0.0574,0.0942,0.1229,0.0737,0.6590,0.7855,,0.1265,,39.52,,178.1,171.4,0.982,0.156,1.630
1791428466.1152668,0.5695,0.7538,0.7538,0.3646,0.6350,0.4998,0.7006,0.6350,0.4998,0.3646,0.2991,0.4302,0.4302,0.0737,0.1229,0.0942,0.0574,0.6590,0.7880,,0.1290,,39.67,,178.4,171.1,0.971,0.155,1.700
1791428466.148129,0.5695,0.6350,0.5695,0.4998,0.6350,0.5695,0.6350,0.8030,0.7538,0.4302,0.5695,0.4998,0.4998,0.0737,0.0942,0.1229,0.0574,0.6630,0.7895,,0.1265,,40.07,,178.6,171.4,0.985,0.153,1.578
1791428466.1813786,0.5695,0.7006,0.6350,0.6350,0.6350,0.8030,0.4998,0.7006,0.7006,0.3646,0.2991,0.4302,0.4998,0.0737,0.1557,0.1557,0.0942,0.6580,0.7840,,0.1260,,39.41,,177.6,171.1,1.001,0.156,1.769
1791428466.2244942,0.7006,0.5695,0.6350,0.6350,0.4998,0.4302,0.5695,0.6350,0.6350,0.5695,0.4302,0.4998,0.5695,0.0369,0.0737,0.1229,0.0942,0.6580,0.7995,,0.1415,,40.25,,177.6,171.2,1.038,0.154,1.651
1791428466.255974,0.8440,0.4998,0.8030,0.7006,0.1966,0.6350,0.7006,0.7006,0.3646,0.4302,0.4998,0.4302,0.4998,0.1229,0.0942,0.0737,0.1557,0.6580,0.7875,,0.1295,,40.82,,178.7,172.1,0.893,0.151,1.471
1791428466.286779,0.8440,0.7538,0.6350,0.4998,0.3646,0.4998,0.6350,0.6350,0.2991,0.1557,0.3646,0.4302,0.4998,0.0574,0.1229,0.1229,0.0942,0.6590,0.7850,,0.1260,,40.78,,178.1,172.2,0.952,0.150,1.594
1791428466.317447,0.7006,0.7538,0.6350,0.5695,0.7006,0.6350,0.6350,0.6350,0.4998,0.4302,0.3646,0.4302,0.4998,0.0574,0.1229,0.1229,0.1557,0.6580,0.7845,,0.1265,,40.11,,178.2,172.0,1.148,0.153,1.826
1791428466.348826,0.5695,0.7006,0.4998,0.6350,0.3646,0.6350,0.6350,0.7006,0.5695,0.3646,0.1966,0.4302,0.4998,0.0410,0.2458,0.0737,0.0942,0.6610,0.7890,,0.1280,,40.08,,178.2,171.4,0.901,0.153,1.707
1791428466.3822975,0.6350,0.8030,0.8030,0.6350,0.4998,0.6350,0.6350,0.5695,0.4998,0.1966,0.5695,0.4302,0.4302,0.0942,0.0942,0.1557,0.0942,0.6580,0.7840,,0.1260,,39.70,,177.4,171.3,1.005,0.154,1.650
1791428466.4160633,0.4998,0.5695,0.8767,0.4998,0.2458,0.7006,0.6350,0.7006,0.5695,0.3646,0.4998,0.4998,0.4998,0.0942,0.0737,0.0942,0.0205,0.6580,0.7960,,0.1380,,40.37,,177.0,171.1,1.143,0.153,1.796
1791428466.448573,0.5695,0.7538,0.6350,0.4998,0.6350,0.7006,0.5695,0.6350,0.6350,0.1557,0.6350,0.4302,0.4998,0.0574,0.1229,0.1557,0.1557,0.6580,0.7835,,0.1255,,40.15,,175.9,171.4,1.045,0.153,1.706
1791428466.483079,0.4998,0.6350,0.7538,0.7538,0.5695,0.6350,0.7006,0.6350,0.7006,0.6350,0.4998,0.4998,0.4998,0.0574,0.1557,0.1229,0.0942,0.6610,0.7855,,0.1245,,39.41,,176.0,171.5,1.069,0.156,1.785
1791428466.5241432,0.2458,0.5695,0.8030,0.7538,0.4998,0.7538,0.5695,0.6350,0.7006,0.2991,0.4998,0.4302,0.5695,0.0942,0.1557,0.2458,0.1229,,0.7865,,,,39.41,,176.4,171.8,0.988,0.156,
1791428466.5567276,0.8030,0.4998,0.7006,0.4998,0.5695,0.8030,0.7006,0.7538,0.4998,0.2991,0.3646,0.3646,0.4302,0.0369,0.0737,0.0737,0.1557,0.6580,0.7855,,0.1275,,39.75,,176.2,171.8,0.890,0.154,1.567
1791428466.5872898,0.7006,0.7006,0.8030,0.6350,0.7538,0.7006,0.5695,0.6350,0.4998,0.3646,0.5695,0.4302,0.4998,0.0737,0.1229,0.0942,0.1229,0.6580,0.7855,,0.1275,,39.81,,176.9,171.7,1.066,0.154,1.674
1791428466.6187618,0.5695,0.4998,0.8440,0.6350,0.4302,0.6350,0.5695,0.6350,0.4302,0.4998,0.4998,0.4302,0.4998,0.0574,0.1229,0.1557,0.1229,0.6580,0.7865,,0.1285,,40.26,,177.4,171.7,0.979,0.151,1.624
1791428466.6510031,0.5695,0.7538,0.7538,0.4998,0.4998,0.5695,0.7538,0.4998,0.4302,0.4302,0.5695,0.4302,0.4998,0.0574,0.1966,0.1229,0.1229,0.6580,0.7880,,0.1300,,39.98,,178.3,172.4,0.959,0.153,1.628
1791428466.6832662,0.7006,0.4302,0.5695,0.5695,0.7006,0.7006,0.6350,0.7006,0.6350,0.2458,0.5695,0.4302,0.4998,0.0410,0.0942,0.0737,0.0737,0.6580,0.7845,,0.1265,,40.22,,178.7,173.0,0.975,0.151,1.640
1791428466.7159042,0.7006,0.5695,0.7006,0.4998,0.4998,0.4998,0.7006,0.7006,0.8030,0.1966,0.4998,0.4998,0.5695,0.0942,0.1229,0.0942,0.1229,0.6580,0.7855,,0.1275,,40.55,,178.5,173.5,0.950,0.150,1.632
1791428466.749449,0.7006,0.6350,0.6350,0.4302,0.6350,0.4302,0.7006,0.7538,0.7006,0.5695,0.4998,0.4302,0.4302,0.0369,0.0942,0.0942,0.0574,0.6580,0.7905,,0.1325,,41.17,,178.0,172.9,0.961,0.147,1.641
1791428466.78358,0.7538,0.4998,0.7006,0.8030,0.4998,0.6350,0.4998,0.4998,0.7538,0.4302,0.4302,0.4998,0.5695,0.0942,0.0942,0.1229,0.0737,0.6580,0.7890,,0.1310,,41.51,,177.7,173.4,1.028,0.146,1.656
1791428466.8237245,0.4998,0.4998,0.7538,0.5695,0.5695,0.5695,0.7538,0.7006,0.7006,0.2991,0.4998,0.4302,0.4998,0.0737,0.1557,0.0737,0.0942,0.6570,0.7835,,0.1265,,41.55,,177.2,173.5,0.978,0.145,1.588
1791428466.8556492,0.6350,0.4302,0.9054,0.4998,0.4302,0.7006,0.5695,0.5695,0.5695,0.4998,0.5695,0.4302,0.4998,0.0574,0.0942,0.1229,0.1557,0.6580,0.7850,,0.1270,,41.72,,177.5,172.5,0.918,0.144,1.511
1791428466.8880513,0.4998,0.4302,0.9054,0.5695,0.5695,0.5695,0.5695,0.7006,0.7538,0.1557,0.5695,0.4998,0.4998,0.0574,0.1229,0.1557,0.0737,0.6570,0.7875,,0.1305,,41.72,,176.9,172.2,0.990,0.144,1.623
1791428466.918049,0.6350,0.7006,0.7538,0.5695,0.4302,0.4998,0.4998,0.6350,0.3646,0.4998,0.4302,0.4998,0.4998,0.0574,0.1966,0.0246,0.0369,0.6570,0.7850,,0.1280,,41.23,,177.0,172.6,1.020,0.147,1.677
1791428466.9496298,0.6350,0.6350,0.7006,0.5695,0.4302,0.7538,0.8030,0.6350,0.2458,0.2458,0.4998,0.4998,0.4998,0.0737,0.0574,0.1557,0.1229,0.6570,0.7885,,0.1315,,41.27,,176.9,171.6,1.008,0.147,1.645
1791428466.9824133,0.7006,0.5695,0.7006,0.5695,0.7538,0.4998,0.7006,0.4998,0.7006,0.4998,0.4302,0.4998,0.4998,0.0574,0.0942,0.1229,0.0574,0.6580,0.7845,,0.1265,,40.64,,177.6,171.7,1.055,0.150,1.759
1791428467.0163133,0.7538,0.5695,0.7006,0.4302,0.5695,0.7006,0.8030,0.7006,0.4302,0.4302,0.6350,0.4302,0.4998,0.0574,0.1229,0.0942,0.1557,0.6570,0.7870,,0.1300,,40.66,,176.6,171.7,1.013,0.150,1.663
1791428467.0490663,0.7006,0.4998,0.7006,0.6350,0.6350,0.5695,0.6350,0.7006,0.5695,0.3646,0.4998,0.4302,0.5695,0.0410,0.0942,0.0574,0.0942,0.6570,0.7885,,0.1315,,41.49,,176.4,171.9,0.968,0.146,1.511
1791428467.0832767,0.7006,0.4998,0.7538,0.6350,0.6350,0.4998,0.7538,0.7006,0.4998,0.2458,0.4998,0.3646,0.4302,0.0574,0.1229,0.0942,0.0942,0.6620,0.7840,,0.1220,,41.28,,176.4,171.7,0.951,0.146,1.526
1791428467.1261156,0.7006,0.7538,0.8440,0.6350,0.4998,0.4998,0.7006,0.7006,0.2458,0.5695,0.4302,0.4998,0.4302,0.0737,0.0942,0.0942,0.0942,0.6580,0.7890,,0.1310,,41.78,,176.3,171.5,1.005,0.144,1.626
1791428467.1564925,0.8030,0.6350,0.7006,0.4998,0.4302,0.5695,0.7538,0.7006,0.5695,0.2458,0.7006,0.3646,0.4998,0.0737,0.1557,0.0942,0.1229,0.6580,0.7860,,0.1280,,41.87,,177.4,172.0,0.932,0.143,1.573
1791428467.1895103,0.6350,0.7006,0.8030,0.4302,0.5695,0.6350,0.6350,0.7006,0.4302,0.2991,0.4302,0.4302,0.4302,0.1229,0.1229,0.0246,0.0574,0.6570,0.7875,,0.1305,,41.91,,178.0,172.6,1.000,0.144,1.644
1791428467.220617,0.6350,0.4998,0.7006,0.4998,0.4998,0.5695,0.6350,0.5695,0.5695,0.2991,0.2458,0.4998,0.4998,0.0574,0.1229,0.0737,0.1229,0.6570,0.7875,,0.1305,,41.17,,177.4,172.1,1.028,0.148,
1791428467.2529325,0.5695,0.5695,0.7006,0.4998,0.7006,0.6350,0.5695,0.5695,0.4998,0.1966,0.5695,0.4302,0.5695,0.0574,0.1557,0.0942,0.0942,0.6580,0.7880,,0.1300,,41.33,,177.2,171.4,1.015,0.147,1.606
1791428467.283796,0.7538,0.8030,0.7538,0.7006,0.4998,0.4998,0.6350,0.5695,0.8030,0.6350,0.4998,0.3646,0.4998,0.0369,0.0737,0.0942,0.1557,0.6570,0.7905,,0.1335,,42.11,,178.0,171.6,0.960,0.144,1.531
1791428467.3172977,0.8030,0.5695,0.6350,0.4998,0.4998,0.6350,0.7538,0.4998,0.8440,0.4302,0.2458,0.4302,0.4998,0.0942,0.1557,0.1966,0.0737,0.6580,0.7930,,0.1350,,41.92,,177.5,171.8,0.986,0.146,1.667
1791428467.3501105,0.9054,0.6350,0.8440,0.7006,0.4998,0.6350,0.7538,0.8030,0.3646,0.2458,0.4998,0.4998,0.4998,0.0369,0.1557,0.1229,0.1229,0.6600,0.7870,,0.1270,,41.53,,177.4,171.8,0.983,0.147,1.654
1791428467.383622,0.8030,0.5695,0.5695,0.4302,0.4302,0.6350,0.6350,0.4998,0.7006,0.4302,0.4302,0.4998,0.4998,0.0410,0.1557,0.0942,0.1229,0.6570,0.7920,,0.1350,,41.43,,176.7,171.7,0.993,0.149,1.670
1791428467.426024,0.6350,0.6350,0.7006,0.5695,0.4998,0.4302,0.5695,0.7006,0.5695,0.2458,0.3646,0.4302,0.4998,0.0574,0.1557,0.1557,0.1229,0.6580,0.7835,,0.1255,,41.00,,177.5,171.7,1.010,0.150,1.709
1791428467.45722,0.6350,0.4302,0.7006,0.4998,0.6350,0.4302,0.7006,0.5695,0.6350,0.5695,0.4302,0.3646,0.4998,0.0574,0.0942,0.0737,0.1229,0.6570,0.7845,,0.1275,,40.89,,177.0,172.2,1.021,0.150,1.729
1791428467.4891875,0.6350,0.7006,0.7538,0.5695,0.5695,0.4302,0.4998,0.5695,0.4302,0.5695,0.4302,0.4998,0.4302,0.0410,0.0737,0.1229,0.0737,0.6570,0.7880,,0.1310,,41.08,,176.7,172.3,1.010,0.149,1.692
1791428467.521005,0.7006,0.6350,0.8030,0.4998,0.4998,0.4998,0.8030,0.6350,0.7006,0.5695,0.4302,0.4998,0.4998,0.0737,0.1229,0.0737,0.0942,0.6630,0.7890,,0.1260,,41.01,,176.5,171.8,1.030,0.148,1.588
1791428467.5518677,0.8767,0.4302,0.5695,0.5695,0.5695,0.1966,0.6350,0.3646,0.4302,0.5695,0.4998,0.4302,0.4998,0.0942,0.0737,0.0369,0.0369,0.6590,,,,,41.01,,176.5,171.8,,,
1791428467.5835962,0.7006,0.4302,0.7006,0.4998,0.5695,0.7006,0.7538,0.2991,0.5695,0.4302,0.5695,0.4302,0.4302,0.0737,0.1229,0.1229,0.1229,0.6570,0.7905,,0.1335,,41.49,,177.0,171.6,1.043,0.147,1.687
1791428467.6167517,0.6350,0.5695,0.4998,0.5695,0.4302,0.6350,0.7006,0.5695,0.1966,0.4998,0.3646,0.3646,0.4998,0.0574,0.1229,0.1557,0.1557,0.6570,0.7900,,0.1330,,42.04,,177.8,171.6,0.988,0.145,1.553
1791428467.6502647,0.2991,0.3646,0.7006,0.4302,0.7006,0.4302,0.8030,0.6350,0.8767,0.4302,0.5695,0.4302,0.4998,0.0574,0.0737,0.1557,0.0737,,0.7930,,,,42.04,,177.7,172.3,1.017,0.145,
1791428467.6830199,0.4998,0.8030,0.7006,0.5695,0.5695,0.2991,0.5695,0.4998,0.6350,0.4998,0.4302,0.4302,0.4998,0.0410,0.1229,0.0205,0.0574,0.6590,,,,,42.04,,177.7,172.3,,,
1791428467.7165117,0.2458,0.4302,0.7538,0.4998,0.6350,0.5695,0.6350,0.5695,0.7006,0.2991,0.6350,0.4998,0.4998,0.0737,0.1229,0.1966,0.1229,,0.7910,,,,42.04,,177.1,172.5,1.032,0.145,
1791428467.7571929,0.6350,0.6350,0.8030,0.7006,0.5695,0.5695,0.8030,0.5695,0.7006,0.3646,0.5695,0.3646,0.4998,0.0574,0.1229,0.1229,0.1229,0.6580,0.7920,,0.1340,,42.04,,176.8,172.8,1.017,0.146,1.669
1791428467.789293,0.6350,0.4998,0.9259,0.4998,0.6350,0.5695,0.6350,0.7006,0.4998,0.4998,0.4302,0.4998,0.4998,0.0410,0.1557,0.1557,0.0942,0.6570,0.7935,,0.1365,,41.62,,176.7,171.7,1.132,0.149,1.777
1791428467.821023,0.4998,0.6350,0.7006,0.5695,0.5695,0.4998,0.7006,0.6350,0.5695,0.4302,0.6350,0.3646,0.4998,0.0737,0.1229,0.0737,0.0737,0.6580,0.7900,,0.1320,,42.43,,177.2,171.4,0.925,0.145,1.496
1791428467.8516626,0.4302,0.4998,0.5695,0.7538,0.4998,0.7006,0.6350,0.7006,0.5695,0.1557,0.4998,0.3646,0.4998,0.0410,0.1557,0.1557,0.1557,0.6580,0.7860,,0.1280,,42.34,,177.4,171.0,0.956,0.144,1.616
1791428467.883958,0.8030,0.7538,0.7006,0.4998,0.5695,0.6350,0.5695,0.7538,0.7538,0.4302,0.5695,0.4998,0.4302,0.0369,0.1229,0.1229,0.0737,0.6580,0.7855,,0.1275,,42.45,,177.6,170.6,0.988,0.143,1.561
1791428467.9172885,0.7006,0.7006,0.7006,0.4998,0.4998,0.5695,0.7538,0.6350,0.6350,0.2991,0.5695,0.4998,0.4998,0.0574,0.1229,0.1557,0.0369,0.6580,0.7870,,0.1290,,42.16,,177.3,171.2,0.976,0.144,1.650
1791428467.951333,0.7006,0.4998,0.7006,0.4302,0.5695,0.6350,0.7538,0.6350,0.4998,0.4998,0.7006,0.4302,0.4998,0.0737,0.1229,0.0942,0.0410,0.6600,0.7965,,0.1365,,42.40,,177.1,171.2,1.053,0.144,1.763
1791428467.983843,0.6350,0.7006,0.8030,0.4998,0.7006,0.4998,0.5695,0.7006,0.6350,0.3646,0.5695,0.3646,0.4998,0.0574,0.1229,0.1229,0.0942,0.6580,0.7875,,0.1295,,42.57,,177.6,171.0,0.971,0.143,1.596
1791428468.017856,0.7538,0.7538,0.8030,0.4998,0.5695,0.4302,0.5695,0.6350,0.6350,0.4998,0.6350,0.4302,0.4998,0.0369,0.1229,0.0574,0.0737,0.6600,0.7875,,0.1275,,42.40,,177.2,171.2,0.993,0.143,1.571
1791428468.0591657,0.7538,0.8440,0.7006,0.3646,0.4302,0.7006,0.5695,0.5695,0.5695,0.5695,0.4998,0.4998,0.4302,0.1229,0.0942,0.0942,0.0205,0.6580,0.7825,,0.1245,,41.93,,177.0,170.9,0.941,0.144,1.624
1791428468.0909913,0.4302,0.7006,0.8767,0.5695,0.4302,0.4998,0.6350,0.5695,0.3646,0.2991,0.4302,0.3646,0.4302,0.0737,0.1557,0.1229,0.1966,0.6580,0.7845,,0.1265,,41.19,,176.6,171.1,1.025,0.147,1.716
1791428468.122496,0.7006,0.6350,0.8030,0.4302,0.5695,0.6350,0.6350,0.6350,0.7006,0.5695,0.4302,0.4302,0.5695,0.0410,0.1557,0.1557,0.0410,0.6580,0.7925,,0.1345,,41.09,,177.2,171.6,1.086,0.149,1.759
1791428468.1533947,0.7538,0.4998,0.6350,0.4998,0.5695,0.4998,0.5695,0.7006,0.7006,0.5695,0.4998,0.4998,0.4998,0.0737,0.1229,0.0574,0.0369,0.6580,0.7860,,0.1280,,40.73,,177.4,171.6,0.991,0.150,1.670
1791428468.1856878,0.7538,0.5695,0.6350,0.4302,0.4302,0.5695,0.6350,0.5695,0.6350,0.1557,0.2458,0.4302,0.4302,0.0942,0.1966,0.1557,0.1229,0.6580,0.7855,,0.1275,,41.06,,178.4,171.2,0.971,0.148,
1791428468.2178197,0.7006,0.4998,0.8030,0.5695,0.4998,0.4998,0.7538,0.4302,0.4998,0.4998,0.5695,0.4302,0.4998,0.0574,0.1557,0.1557,0.1557,0.6580,0.7890,,0.1310,,41.29,,177.4,171.2,0.995,0.147,1.634
1791428468.2514706,0.6350,0.5695,0.7538,0.4998,0.4998,0.4998,0.7006,0.6350,0.3646,0.2991,0.4302,0.4998,0.4998,0.0574,0.1229,0.1966,0.0942,0.6580,0.7915,,0.1335,,41.65,,176.7,171.7,1.000,0.146,1.647
1791428468.2962198,0.5695,0.3646,0.8767,0.3646,0.4998,0.6350,0.5695,0.4998,0.7538,0.1966,0.1966,0.4302,0.4998,0.0942,0.1557,0.0942,0.0737,0.6580,0.7895,,0.1315,,41.66,,176.0,171.8,1.061,0.147,
1791428468.3284342,0.7538,0.6350,0.6350,0.6350,0.4998,0.6350,0.7538,0.6350,0.6350,0.4998,0.5695,0.4998,0.4998,0.1966,0.0942,0.1229,0.1557,0.6580,0.7930,,0.1350,,42.24,,177.3,172.5,0.926,0.145,1.548
1791428468.3590717,0.6350,0.4998,0.7538,0.7006,0.5695,0.7538,0.7006,0.6350,0.4302,0.4998,0.6350,0.4302,0.4998,0.0574,0.1229,0.0942,0.1229,0.6590,0.7875,,0.1285,,42.02,,177.0,172.3,0.948,0.145,1.610
1791428468.3912044,0.6350,0.5695,0.5695,0.4998,0.5695,0.5695,0.7006,0.5695,0.5695,0.4998,0.6350,0.4302,0.4998,0.0737,0.1557,0.1966,0.1229,0.6580,0.7875,,0.1295,,42.32,,176.6,172.0,0.964,0.143,1.587
1791428468.42331,0.8030,0.3646,0.5695,0.4998,0.5695,0.5695,0.7006,0.5695,0.7006,0.2991,0.5695,0.4302,0.4998,0.0737,0.1229,0.0942,0.0574,0.6590,0.7850,,0.1260,,42.18,,176.9,171.3,0.889,0.143,1.479
1791428468.4560728,0.7538,0.4998,0.5695,0.4998,0.6350,0.7006,0.6350,0.6350,0.5695,0.2458,0.4302,0.4998,0.4998,0.0737,0.0574,0.1557,0.1229,0.6590,0.7920,,0.1330,,42.76,,175.9,171.6,0.988,0.141,1.589
1791428468.4860923,0.5695,0.6350,0.7538,0.4998,0.5695,0.7006,0.7006,0.5695,0.4998,0.3646,0.4302,0.4302,0.4998,0.0369,0.0737,0.1229,0.0737,0.6590,0.7865,,0.1275,,42.56,,176.5,172.2,0.946,0.141,1.620
1791428468.5181983,0.7006,0.4302,0.9259,0.4998,0.4998,0.6350,0.5695,0.6350,0.4302,0.4302,0.4302,0.3646,0.4998,0.0410,0.0737,0.1229,0.0942,0.6590,0.7880,,0.1290,,42.19,,177.0,172.1,1.016,0.143,1.629
1791428468.5517144,0.4998,0.4302,0.8440,0.4998,0.4998,0.5695,0.5695,0.7006,0.2991,0.3646,0.1557,0.4998,0.4998,0.0737,0.0737,0.0942,0.0942,0.6590,0.7870,,0.1280,,41.83,,177.1,172.2,1.015,0.144,1.683
1791428468.5850904,0.7006,0.4998,0.7538,0.4998,0.5695,0.5695,0.6350,0.6350,0.5695,0.2991,0.4302,0.4302,0.4998,0.0574,0.1229,0.0942,0.1229,0.6590,0.7910,,0.1320,,41.82,,177.9,172.3,0.979,0.145,1.656
1791428468.6187415,0.4998,0.7006,0.9054,0.4302,0.4998,0.4998,0.5695,0.7006,0.6350,0.3646,0.3646,0.4302,0.4998,0.0737,0.0737,0.0942,0.0737,0.6590,0.7880,,0.1290,,41.93,,178.0,172.2,1.031,0.144,1.720
1791428468.6514378,0.5695,0.6350,0.9259,0.4998,0.5695,0.7006,0.7538,0.4998,0.6350,0.3646,0.4302,0.4302,0.4998,0.0942,0.1229,0.1966,0.1966,0.6600,0.7895,,0.1295,,41.66,,177.7,172.4,1.008,0.146,1.696
1791428468.694138,0.6350,0.8030,0.7538,0.5695,0.4302,0.5695,0.8030,0.2458,0.5695,0.4302,0.4998,0.4302,0.4302,0.0410,0.0942,0.0574,0.0737,0.6590,0.7875,,0.1285,,41.38,,177.6,173.2,1.061,0.147,1.728
1791428468.7256901,0.7538,0.4998,0.7538,0.4998,0.5695,0.6350,0.7006,0.6350,0.2991,0.5695,0.5695,0.4302,0.4998,0.0574,0.0942,0.0942,0.0737,0.6600,0.7890,,0.1290,,41.31,,178.2,172.9,1.020,0.147,1.633
1791428468.7580533,0.8440,0.6350,0.8030,0.6350,0.4998,0.6350,0.6350,0.6350,0.4998,0.3646,0.3646,0.4998,0.4998,0.0410,0.1229,0.1557,0.1229,0.6600,0.7910,,0.1310,,41.58,,178.3,172.3,0.964,0.146,1.606
1791428468.7893033,0.5695,0.5695,0.7006,0.4998,0.5695,0.6350,0.7006,0.7006,0.5695,0.3646,0.5695,0.4302,0.4302,0.0574,0.1229,0.0737,0.1966,0.6600,0.7910,,0.1310,,41.73,,178.4,172.2,1.012,0.146,1.622
1791428468.8203602,0.2991,0.7538,0.7538,0.7006,0.6350,0.6350,0.5695,0.7538,0.6350,0.4998,0.5695,0.4998,0.4998,0.0737,0.1229,0.0737,0.0737,,0.7890,,,,41.73,,179.1,172.8,0.948,0.146,
1791428468.8524756,0.7006,0.5695,0.6350,0.4302,0.4998,0.5695,0.7538,0.4998,0.7538,0.4998,0.4998,0.4302,0.4302,0.0369,0.1229,0.0737,0.1229,0.6600,0.7895,,0.1295,,41.76,,178.8,172.6,0.995,0.145,1.632
1791428468.8863754,0.6350,0.7538,0.8440,0.6350,0.6350,0.6350,0.7538,0.7538,0.6350,0.4998,0.4302,0.4998,0.4302,0.0574,0.1229,0.0737,0.1229,0.6600,0.7875,,0.1275,,42.21,,178.1,173.1,0.913,0.143,1.537
1791428468.9181757,0.5695,0.7006,0.7538,0.5695,0.4998,0.7006,0.7006,0.6350,0.8030,0.2991,0.5695,0.4998,0.4998,0.0410,0.0942,0.0737,0.0942,0.6600,0.7850,,0.1250,,41.41,,177.3,172.4,0.985,0.146,1.631
1791428468.9520082,0.7006,0.7538,0.7538,0.5695,0.5695,0.7006,0.6350,0.6350,0.4302,0.3646,0.5695,0.4302,0.4998,0.0574,0.0737,0.1229,0.1229,0.6610,0.7870,,0.1260,,41.86,,177.2,172.5,0.921,0.143,1.511
1791428468.9851584,0.8767,0.6350,0.7006,0.4302,0.1966,0.5695,0.6350,0.6350,0.2991,0.5695,0.3646,0.4302,0.4998,0.0410,0.1229,0.0942,0.1229,0.6600,0.7990,,0.1390,,42.87,,177.5,171.4,0.942,0.140,1.545
1791428469.026867,0.7538,0.5695,0.7538,0.3646,0.3646,0.5695,0.7538,0.4998,0.4998,0.4998,0.4998,0.4302,0.4998,0.0574,0.0942,0.0942,0.1229,0.6650,0.7885,,0.1235,,42.14,,178.2,171.7,1.008,0.142,1.669
1791428469.0593648,0.7538,0.4998,0.5695,0.4998,0.4998,0.6350,0.7538,0.7006,0.7538,0.3646,0.4998,0.4302,0.4998,0.1229,0.0942,0.1557,0.0942,0.6610,0.7915,,0.1305,,42.21,,177.6,171.4,0.991,0.142,1.624
1791428469.0906565,0.7006,0.6350,0.6350,0.4302,0.4998,0.7006,0.6350,0.5695,0.7538,0.2991,0.4998,0.4998,0.4302,0.0410,0.0942,0.0942,0.1557,0.6600,0.7870,,0.1270,,41.67,,177.6,172.1,1.026,0.145,1.737
1791428469.1212137,0.8030,0.6350,0.5695,0.6350,0.4998,0.5695,0.7538,0.7006,0.7006,0.4302,0.4302,0.4302,0.4998,0.0942,0.0737,0.0942,0.0942,0.6610,0.7810,,0.1200,,41.25,,177.2,171.9,0.972,0.145,1.623
1791428469.1536725,0.8030,0.5695,0.8030,0.4302,0.7006,0.7006,0.6350,0.5695,0.6350,0.2458,0.4998,0.4998,0.5695,0.0574,0.1557,0.1557,0.0942,0.6610,0.7895,,0.1285,,41.61,,176.8,172.3,0.965,0.143,1.612
1791428469.185056,0.6350,0.5695,0.7006,0.5695,0.6350,0.4998,0.4998,0.5695,0.5695,0.3646,0.5695,0.4998,0.4998,0.0574,0.0942,0.0942,0.1229,0.6610,0.7875,,0.1265,,41.38,,177.5,172.6,0.990,0.144,1.676
1791428469.220232,0.7538,0.7006,0.5695,0.4998,0.5695,0.7006,0.7006,0.4302,0.4998,0.1557,0.4302,0.4998,0.4302,0.0246,0.0942,0.1229,0.1229,0.6610,0.7915,,0.1305,,41.32,,177.6,171.8,0.945,0.145,1.597
1791428469.252756,0.6350,0.6350,0.7006,0.4998,0.4998,0.7006,0.8030,0.4998,0.7538,0.3646,0.5695,0.4998,0.4998,0.0737,0.0574,0.1966,0.0942,0.6610,0.7850,,0.1240,,40.63,,177.5,171.3,1.003,0.148,1.626
1791428469.2953913,0.7006,0.4998,0.8440,0.4998,0.5695,0.5695,0.5695,0.4302,0.6350,0.4998,0.2991,0.4998,0.4302,0.0574,0.0942,0.2458,0.0942,0.6610,0.7895,,0.1285,,40.81,,177.1,171.2,0.858,0.147,1.549
1791428469.3274133,0.8030,0.5695,0.6350,0.3646,0.5695,0.5695,0.6350,0.8030,0.5695,0.4998,0.5695,0.4302,0.4998,0.0737,0.1229,0.0942,0.0737,0.6610,0.7850,,0.1240,,40.00,,177.7,171.7,1.003,0.151,1.713
1791428469.3581903,0.7538,0.6350,0.4998,0.6350,0.4302,0.6350,0.4998,0.4998,0.5695,0.4998,0.4302,0.4302,0.4998,0.0737,0.0942,0.0574,0.0737,0.6610,0.7865,,0.1255,,39.58,,177.1,171.4,1.033,0.153,1.642
1791428469.389588,0.4998,0.7538,0.7006,0.4998,0.4998,0.6350,0.4998,0.6350,0.6350,0.2991,0.5695,0.4302,0.4302,0.0369,0.0942,0.0737,0.0942,0.6610,0.7935,,0.1325,,40.04,,178.0,170.6,0.917,0.152,1.510
1791428469.4217887,0.5695,0.6350,0.7006,0.2991,0.4998,0.5695,0.8030,0.5695,0.6350,0.1966,0.3646,0.4302,0.3646,0.0410,0.1229,0.1557,0.1229,0.6610,0.7890,,0.1280,,40.35,,176.7,170.3,0.950,0.150,1.631
1791428469.4540153,0.7006,0.5695,0.5695,0.4302,0.3646,0.7538,0.7006,0.2991,0.4302,0.7006,0.4302,0.4998,0.4998,0.0737,0.0942,0.1229,0.1229,0.6610,0.7870,,0.1260,,40.38,,176.8,170.0,1.046,0.150,1.690
1791428469.4858172,0.5695,0.7538,0.7538,0.4302,0.4998,0.4998,0.6350,0.4998,0.7006,0.2458,0.4302,0.4998,0.4998,0.0737,0.0942,0.1229,0.1229,0.6610,0.7935,,0.1325,,40.77,,176.4,169.9,1.051,0.149,1.691
1791428469.5186915,0.5695,0.6350,0.6350,0.5695,0.6350,0.5695,0.4998,0.8440,0.5695,0.7006,0.4998,0.4302,0.4302,0.0574,0.1229,0.0737,0.0369,0.6610,0.7875,,0.1265,,40.73,,176.3,170.0,1.022,0.149,1.595
1791428469.5531135,0.4302,0.5695,0.8030,0.4998,0.3646,0.6350,0.6350,0.7006,0.2458,0.4302,0.4302,0.4998,0.4998,0.0410,0.0737,0.1229,0.0942,0.6610,0.7825,,0.1215,,40.26,,176.5,171.0,0.983,0.150,1.678
1791428469.5859973,0.6350,0.6350,0.6350,0.4998,0.4302,0.6350,0.6350,0.7006,0.7538,0.3646,0.6350,0.4302,0.4998,0.0737,0.0942,0.0737,0.1229,0.6610,0.7850,,0.1240,,40.16,,177.0,172.2,0.962,0.150,1.629
1791428469.627283,0.6350,0.4302,0.6350,0.4998,0.6350,0.5695,0.6350,0.8030,0.4998,0.2991,0.5695,0.4302,0.4998,0.0737,0.1229,0.0942,0.1229,0.6610,0.7900,,0.1290,,40.16,,177.3,171.9,1.053,0.150,1.679
1791428469.6595776,0.8030,0.4998,0.8767,0.4998,0.6350,0.6350,0.7006,0.6350,0.5695,0.4302,0.5695,0.4302,0.4302,0.0574,0.0942,0.0737,0.0942,0.6610,0.7860,,0.1250,,40.10,,178.5,171.8,1.007,0.150,1.605
1791428469.6913092,0.4998,0.5695,0.7006,0.4998,0.5695,0.6350,0.7006,0.6350,0.6350,0.4998,0.6350,0.4302,0.4302,0.0410,0.0737,0.0574,0.0737,0.6610,0.7910,,0.1300,,39.61,,179.6,172.3,1.073,0.154,1.778
1791428469.7231166,0.8030,0.4998,0.7538,0.4302,0.6350,0.6350,0.6350,0.5695,0.4998,0.4302,0.4302,0.4302,0.4998,0.0574,0.1557,0.1557,0.1229,0.6610,0.7990,,0.1380,,40.52,,179.4,172.3,1.007,0.151,1.623
1791428469.7559435,0.6350,0.5695,0.7006,0.4302,0.5695,0.5695,0.7538,0.7006,0.5695,0.4998,0.6350,0.4302,0.4998,0.0410,0.1557,0.0942,0.1229,0.6610,0.7870,,0.1260,,40.67,,179.9,171.9,1.009,0.150,1.571
1791428469.7860317,0.6350,0.6350,0.7006,0.4998,0.6350,0.6350,0.7006,0.6350,0.7006,0.2458,0.4998,0.4302,0.4998,0.0574,0.1557,0.1229,0.0942,0.6610,0.7880,,0.1270,,40.89,,179.2,171.4,1.007,0.148,1.581
1791428469.819095,0.7538,0.4998,0.7538,0.4302,0.4998,0.6350,0.7538,0.5695,0.7538,0.3646,0.4302,0.4998,0.4302,0.0574,0.0942,0.0246,0.0574,0.6610,0.7840,,0.1230,,40.37,,178.5,171.6,1.016,0.150,1.704
1791428469.8540504,0.8030,0.4302,0.7538,0.4998,0.4998,0.6350,0.7006,0.4998,0.4998,0.4302,0.4302,0.3646,0.4302,0.0410,0.0942,0.1229,0.1557,0.6610,0.7880,,0.1270,,40.67,,177.7,171.2,1.009,0.148,1.637
1791428469.8972108,0.4302,0.6350,0.5695,0.4302,0.6350,0.4302,0.6350,0.6350,0.4302,0.2991,0.5695,0.4302,0.4302,0.0369,0.0942,0.0410,0.0737,0.6610,0.7890,,0.1280,,40.89,,177.1,171.5,0.981,0.147,1.620
1791428469.9285314,0.8030,0.6350,0.5695,0.5695,0.4998,0.5695,0.7538,0.6350,0.6350,0.4302,0.4998,0.4998,0.4998,0.0942,0.1557,0.2458,0.1229,0.6610,0.7905,,0.1295,,40.73,,176.7,171.8,1.110,0.148,1.807
1791428469.9588711,0.7006,0.5695,0.7006,0.4302,0.4998,0.5695,0.7538,0.7006,0.8030,0.5695,0.4998,0.3646,0.5695,0.0369,0.1229,0.0942,0.1229,0.6610,0.7820,,0.1210,,40.46,,176.4,171.7,1.016,0.148,1.629
1791428469.990392,0.4998,0.4302,0.8440,0.3646,0.4302,0.6350,0.8030,0.5695,0.6350,0.4998,0.4998,0.4302,0.4998,0.0737,0.1229,0.2458,0.0942,0.6610,0.7905,,0.1295,,41.17,,176.0,171.6,0.954,0.145,1.544
1791428470.0227973,0.6350,0.3646,0.6350,0.4998,0.5695,0.2458,0.7538,0.4998,0.7538,0.3646,0.4998,0.3646,0.4302,0.0574,0.0737,0.0574,0.0246,0.6610,,,,,41.17,,176.0,171.6,,,
1791428470.0536244,0.5695,0.4998,0.6350,0.4998,0.4998,0.5695,0.5695,0.4302,0.2458,0.4998,0.2991,0.4302,0.4998,0.0574,0.1557,0.0737,0.1229,0.6620,0.7935,,0.1315,,41.79,,176.0,170.9,1.025,0.143,1.691
1791428470.0868104,0.5695,0.4998,0.8030,0.5695,0.4302,0.5695,0.4998,0.4998,0.3646,0.3646,0.2991,0.4302,0.4302,0.0737,0.1557,0.0410,0.0942,0.6600,0.7870,,0.1270,,41.49,,176.1,171.1,1.051,0.144,1.750
1791428470.1199648,0.7006,0.6350,0.7538,0.3646,0.4998,0.7006,0.6350,0.2991,0.7006,0.5695,0.4998,0.3646,0.4302,0.0574,0.0942,0.0246,0.0369,0.6600,0.7870,,0.1270,,41.59,,176.7,172.1,1.013,0.144,1.712
1791428470.1527536,0.5695,0.7538,0.4998,0.4998,0.6350,0.4302,0.7006,0.6350,0.4302,0.2458,0.5695,0.4302,0.4998,0.0369,0.0737,0.0942,0.0737,0.6600,0.7870,,0.1270,,41.31,,175.8,171.6,1.025,0.145,1.649
1791428470.1873376,0.7006,0.4302,0.7538,0.4998,0.6350,0.6350,0.7006,0.7006,0.7006,0.3646,0.4998,0.4302,0.4998,0.0574,0.1557,0.1557,0.0246,0.6600,0.7850,,0.1250,,41.41,,175.7,172.1,0.967,0.144,1.596
1791428470.2279549,0.4998,0.5695,0.7006,0.3646,0.4998,0.4998,0.6350,0.7006,0.6350,0.2458,0.4998,0.4302,0.4302,0.1229,0.2458,0.1557,0.0737,0.6600,0.7840,,0.1240,,41.26,,175.6,172.4,0.995,0.144,1.626
1791428470.2589533,0.7538,0.7006,0.4998,0.6350,0.3646,0.5695,0.6350,0.5695,0.2991,0.5695,0.1557,0.4302,0.4998,0.0942,0.1229,0.0369,0.0410,0.6600,0.7875,,0.1275,,41.24,,175.5,171.2,1.007,0.144,1.678
1791428470.2896163,0.6350,0.5695,0.7006,0.5695,0.7006,0.4998,0.7006,0.6350,0.4998,0.5695,0.5695,0.4302,0.4998,0.0737,0.1966,0.0737,0.0942,0.6600,0.7875,,0.1275,,41.23,,174.6,171.7,1.007,0.145,1.648
1791428470.3207517,0.5695,0.3646,0.8767,0.4302,0.6350,0.7006,0.7006,0.4998,0.4998,0.4998,0.1966,0.3646,0.5695,0.0942,0.1229,0.0246,0.0737,0.6600,0.7895,,0.1295,,41.55,,173.8,171.9,0.991,0.144,1.643
1791428470.3530335,0.6350,0.7006,0.7006,0.4302,0.5695,0.4302,0.7006,0.6350,0.3646,0.1557,0.5695,0.4302,0.4998,0.0246,0.0942,0.0737,0.0942,0.6600,0.7925,,0.1325,,41.98,,172.8,171.4,1.004,0.143,1.552
1791428470.386393,0.7006,0.4998,0.8030,0.6350,0.7006,0.5695,0.7538,0.7538,0.4302,0.1557,0.2991,0.4998,0.4998,0.0574,0.1229,0.0246,0.0737,0.6600,0.7845,,0.1245,,41.13,,172.6,170.8,1.061,0.146,
1791428470.4206254,0.6350,0.7006,0.7006,0.4998,0.5695,0.7006,0.6350,0.7006,0.6350,0.4998,0.4998,0.4302,0.4998,0.0410,0.0737,0.1966,0.1966,0.6600,0.7870,,0.1270,,40.89,,172.7,171.3,1.087,0.147,1.707
1791428470.4532564,0.8030,0.6350,0.7006,0.5695,0.4302,0.6350,0.7538,0.7006,0.7538,0.1229,0.4302,0.4998,0.4302,0.0737,0.0737,0.0205,0.0574,0.6610,0.7815,,0.1205,,40.21,,172.2,171.5,1.022,0.149,1.668
1791428470.4951046,0.7006,0.7006,0.7538,0.3646,0.7006,0.4998,0.7006,0.6350,0.5695,0.4302,0.4998,0.4302,0.4302,0.0574,0.0737,0.0737,0.0737,0.6600,0.7915,,0.1315,,40.54,,171.8,172.1,1.057,0.149,1.686
1791428470.527143,0.7006,0.7538,0.7538,0.4998,0.5695,0.7006,0.7538,0.5695,0.5695,0.3646,0.3646,0.4302,0.4302,0.0410,0.0942,0.0737,0.1229,0.6600,0.7895,,0.1295,,40.45,,172.1,172.3,1.056,0.150,1.709
1791428470.5586514,0.7006,0.5695,0.9259,0.4302,0.4998,0.6350,0.8767,0.5695,0.6350,0.5695,0.4998,0.4302,0.4998,0.0410,0.0737,0.0574,0.0737,0.6600,0.7885,,0.1285,,41.01,,172.2,173.2,1.074,0.147,1.685
1791428470.589683,0.7006,0.5695,0.7538,0.5695,0.2991,0.6350,0.6350,0.7006,0.6350,0.4302,0.4998,0.4302,0.4302,0.0410,0.0737,0.0369,0.1229,0.6600,0.7885,,0.1285,,40.84,,172.3,173.5,1.044,0.148,1.691
1791428470.6214795,0.5695,0.4302,0.8030,0.5695,0.6350,0.7538,0.8030,0.5695,0.6350,0.5695,0.4302,0.4998,0.4998,0.0574,0.0737,0.0737,0.1229,0.6610,0.7990,,0.1380,,41.25,,172.1,173.9,1.111,0.148,1.770
1791428470.6534557,0.7006,0.3646,0.4302,0.4998,0.4998,0.4998,0.5695,0.5695,0.6350,0.1966,0.3646,0.4302,0.5695,0.0574,0.0574,0.0369,0.0737,0.6610,0.7860,,0.1250,,40.63,,172.3,174.0,1.117,0.150,1.715
1791428470.686968,0.7538,0.4998,0.7006,0.4998,0.6350,0.6350,0.7006,0.7538,0.6350,0.2991,0.5695,0.4302,0.4998,0.0574,0.0942,0.0574,0.0942,0.6620,0.7840,,0.1220,,40.25,,172.4,173.8,1.024,0.151,1.673
1791428470.7207222,0.8440,0.8030,0.8440,0.4302,0.4998,0.5695,0.7006,0.7006,0.7538,0.1966,0.3646,0.4302,0.4998,0.0737,0.0942,0.0942,0.1966,0.6620,0.7875,,0.1255,,40.00,,172.5,173.4,1.067,0.152,1.663
1791428470.7631073,0.8030,0.4998,0.6350,0.4998,0.6350,0.6350,0.7006,0.5695,0.2991,0.5695,0.5695,0.4302,0.4302,0.0246,0.0737,0.0574,0.0942,0.6620,0.7860,,0.1240,,39.96,,173.0,172.9,1.014,0.151,1.603
1791428470.7959445,0.7538,0.5695,0.8767,0.4302,0.5695,0.4302,0.7538,0.6350,0.3646,0.4998,0.2991,0.4302,0.4998,0.0410,0.0942,0.0410,0.0737,0.6620,0.7995,,0.1375,,40.75,,172.6,172.7,1.057,0.149,1.762
1791428470.8275735,0.6350,0.4302,0.8030,0.3646,0.5695,0.6350,0.4998,0.6350,0.2458,0.2458,0.3646,0.4302,0.4998,0.0369,0.0942,0.0737,0.0942,0.6620,0.7890,,0.1270,,40.81,,172.4,172.1,1.012,0.149,1.641
1791428470.8594158,0.8440,0.7006,0.8440,0.4302,0.4998,0.6350,0.8767,0.7538,0.4998,0.2991,0.3646,0.4998,0.4302,0.0369,0.0942,0.0737,0.0942,0.6620,0.7895,,0.1275,,40.13,,172.6,171.6,1.080,0.152,1.800
1791428470.8911111,0.7538,0.5695,0.8030,0.5695,0.4302,0.4998,0.4998,0.6350,0.5695,0.4998,0.2458,0.4302,0.4302,0.0737,0.0942,0.0942,0.0737,0.6620,0.7875,,0.1255,,40.01,,172.6,172.2,1.069,0.152,1.835
1791428470.9222505,0.6350,0.6350,0.8767,0.4302,0.5695,0.5695,0.6350,0.6350,0.3646,0.4302,0.6350,0.4302,0.4998,0.0246,0.0737,0.0737,0.0942,0.6620,0.7865,,0.1245,,40.44,,172.7,172.5,1.031,0.149,1.552
1791428470.954136,0.8030,0.6350,0.7538,0.4302,0.5695,0.6350,0.8440,0.4998,0.6350,0.1557,0.3646,0.4998,0.4302,0.0410,0.1229,0.0737,0.0574,0.6630,0.7830,,0.1200,,40.89,,176.8,173.5,0.951,0.145,1.522
1791428470.987523,0.4998,0.5695,0.6350,0.4998,0.4302,0.6350,0.4998,0.7006,0.4302,0.1966,0.4998,0.3646,0.5695,0.0369,0.1229,0.0246,0.0942,0.6630,0.7850,,0.1220,,40.58,,175.9,173.5,1.027,0.146,1.653
1791428471.0216184,0.6350,0.5695,0.6350,0.3646,0.3646,0.7538,0.6350,0.7006,0.4302,0.5695,0.4998,0.4302,0.4998,0.0410,0.0737,0.0410,0.0942,0.6630,0.7880,,0.1250,,40.65,,175.1,173.5,0.949,0.146,1.569
1791428471.0546048,0.7006,0.7006,0.7006,0.3646,0.5695,0.5695,0.8030,0.7538,0.7006,0.4302,0.4302,0.4302,0.4998,0.0737,0.0574,0.0942,0.1229,0.6630,0.7855,,0.1225,,40.35,,174.7,173.5,1.020,0.146,1.694
1791428471.096892,0.4302,0.4998,0.8440,0.4998,0.4998,0.6350,0.6350,0.5695,0.4302,0.2991,0.5695,0.3646,0.4302,0.0737,0.1557,0.1229,0.0737,0.6640,0.7860,,0.1220,,40.02,,173.6,173.4,1.006,0.148,1.633
1791428471.1293273,0.8440,0.5695,0.7006,0.5695,0.5695,0.7006,0.4998,0.4998,0.6350,0.1966,0.3646,0.3646,0.4302,0.0574,0.0942,0.0737,0.0737,0.6640,0.7845,,0.1205,,39.56,,173.2,173.7,1.061,0.149,1.745
1791428471.1597376,0.4998,0.5695,0.7538,0.4998,0.4998,0.6350,0.7538,0.6350,0.7538,0.1229,0.4998,0.4302,0.4998,0.0574,0.0737,0.0737,0.0942,0.6640,0.7860,,0.1220,,39.30,,173.4,173.7,1.037,0.150,1.697
1791428471.1898787,0.4998,0.4998,0.7006,0.4998,0.3646,0.5695,0.6350,0.7006,0.6350,0.4302,0.5695,0.3646,0.4998,0.0246,0.0942,0.0942,0.1229,0.6640,0.7875,,0.1235,,38.90,,173.4,173.3,1.046,0.153,1.708
1791428471.2217507,0.7006,0.5695,0.4998,0.4302,0.4302,0.6350,0.7538,0.7006,0.2991,0.7006,0.2991,0.5695,0.4998,0.0246,0.0942,0.1229,0.1557,0.6640,0.7925,,0.1285,,39.25,,173.5,172.9,1.051,0.152,1.786
1791428471.2553005,0.7538,0.5695,0.7538,0.5695,0.6350,0.5695,0.8030,0.4998,0.4302,0.2991,0.5695,0.4302,0.4302,0.0369,0.0574,0.0205,0.0942,0.6640,0.7850,,0.1210,,39.86,,178.1,172.6,1.039,0.148,1.580
1791428471.2890549,0.6350,0.4998,0.4998,0.6350,0.4302,0.7006,0.6350,0.6350,0.2458,0.3646,0.4998,0.3646,0.4998,0.0737,0.1229,0.0737,0.0942,0.6640,0.7845,,0.1205,,39.39,,176.8,172.6,1.037,0.150,1.695
1791428471.3211348,0.8030,0.5695,0.8767,0.5695,0.3646,0.5695,0.5695,0.7006,0.4998,0.2991,0.4998,0.4302,0.4998,0.0574,0.0942,0.1229,0.0369,0.6640,0.7970,,0.1330,,39.62,,176.1,172.7,1.141,0.151,1.795
1791428471.354469,0.7006,0.6350,0.6350,0.4998,0.6350,0.7538,0.6350,0.6350,0.4998,0.3646,0.4302,0.4302,0.5695,0.0574,0.0942,0.1557,0.0942,0.6640,0.7850,,0.1210,,39.42,,175.9,172.2,0.973,0.151,1.623
1791428471.3961546,0.6350,0.6350,0.4998,0.4998,0.4302,0.6350,0.6350,0.7538,0.3646,0.5695,0.6350,0.3646,0.4302,0.0410,0.1229,0.0737,0.0942,0.6640,0.7880,,0.1240,,39.73,,175.4,172.2,1.039,0.149,1.656
1791428471.4275532,0.7006,0.5695,0.6350,0.6350,0.5695,0.7006,0.7538,0.6350,0.4998,0.2458,0.4302,0.4302,0.5695,0.0942,0.0737,0.1229,0.1229,0.6640,0.7865,,0.1225,,39.92,,174.7,172.0,0.972,0.148,1.542
1791428471.4603944,0.8030,0.5695,0.8030,0.5695,0.4998,0.3646,0.7538,0.8440,0.8440,0.2991,0.2458,0.4302,0.4302,0.0574,0.0942,0.0942,0.1966,0.6640,0.7970,,0.1330,,40.00,,174.3,170.7,1.087,0.150,
1791428471.4917552,0.7006,0.5695,0.7538,0.5695,0.6350,0.7538,0.6350,0.6350,0.2991,0.1966,0.3646,0.4302,0.4998,0.0369,0.0942,0.1229,0.1229,0.6640,0.8040,,0.1400,,40.72,,173.9,171.1,1.107,0.149,1.716
1791428471.523239,0.4302,0.3646,0.7006,0.4998,0.4998,0.5695,0.6350,0.3646,0.4998,0.2991,0.5695,0.4302,0.5695,0.0574,0.1229,0.0737,0.0942,0.6640,0.7910,,0.1270,,41.66,,173.5,170.8,0.887,0.144,1.421
1791428471.5553145,0.7538,0.5695,0.4302,0.3646,0.4998,0.7538,0.6350,0.6350,0.4998,0.2458,0.4302,0.4302,0.4998,0.0246,0.0942,0.0410,0.0942,0.6640,0.7885,,0.1245,,41.91,,173.7,172.2,1.007,0.142,1.597
1791428471.5879576,0.7006,0.6350,0.6350,0.4998,0.3646,0.7006,0.7006,0.5695,0.7006,0.4998,0.4302,0.4302,0.4302,0.0410,0.0942,0.0737,0.0737,0.6640,0.7900,,0.1260,,41.87,,173.3,173.1,1.009,0.142,1.631
1791428471.6218865,0.7538,0.7538,0.4302,0.4998,0.6350,0.5695,0.4998,0.5695,0.6350,0.4998,0.4302,0.4302,0.4998,0.0410,0.0942,0.1229,0.1229,0.6630,0.7850,,0.1220,,41.82,,173.5,173.1,0.946,0.141,1.576
1791428471.6559885,0.7006,0.5695,0.8030,0.5695,0.4998,0.6350,0.6350,0.6350,0.4998,0.2991,0.4998,0.3646,0.4302,0.0410,0.0942,0.0737,0.1557,0.6630,0.7845,,0.1215,,41.31,,173.4,174.8,1.030,0.142,1.749
1791428471.6972852,0.5695,0.5695,0.8440,0.5695,0.4302,0.4302,0.8030,0.6350,0.3646,0.4998,0.4302,0.4302,0.3646,0.0410,0.0574,0.0737,0.0737,0.6630,0.7920,,0.1290,,41.98,,173.1,174.2,0.995,0.140,1.603
1791428471.7295258,0.4998,0.5695,0.7006,0.6350,0.5695,0.4998,0.8030,0.4998,0.7538,0.4998,0.2991,0.4998,0.4998,0.0246,0.1229,0.0942,0.0942,0.6630,0.7870,,0.1240,,42.13,,173.2,174.7,0.976,0.139,1.658
1791428471.7614324,0.7006,0.7538,0.7006,0.6350,0.5695,0.6350,0.8440,0.5695,0.7538,0.2991,0.4998,0.4302,0.4998,0.0369,0.0737,0.0942,0.1229,0.6630,0.7915,,0.1285,,42.03,,173.5,174.3,1.127,0.140,1.757
1791428471.7932305,0.8030,0.5695,0.7538,0.4998,0.4998,0.7006,0.7006,0.5695,0.8030,0.4302,0.5695,0.4998,0.4302,0.0410,0.1557,0.1229,0.1229,0.6630,0.7955,,0.1325,,42.15,,173.3,174.1,1.070,0.141,1.744
1791428471.8243659,0.7006,0.5695,0.8440,0.5695,0.3646,0.5695,0.5695,0.6350,0.3646,0.3646,0.3646,0.4302,0.4302,0.0737,0.1229,0.0942,0.1229,0.6630,0.7855,,0.1225,,41.70,,173.1,173.8,1.030,0.142,1.772
1791428471.8559535,0.6350,0.5695,0.7538,0.5695,0.5695,0.4998,0.7006,0.7006,0.7006,0.2458,0.2458,0.3646,0.4998,0.0737,0.1229,0.0737,0.0942,0.6630,0.7910,,0.1280,,41.83,,173.6,173.5,1.085,0.142,
1791428471.8884952,0.5695,0.5695,0.8767,0.4302,0.4302,0.7006,0.7006,0.7006,0.6350,0.2991,0.3646,0.4302,0.4998,0.0737,0.1229,0.0737,0.0942,0.6630,0.7875,,0.1245,,42.44,,173.4,173.4,0.953,0.138,1.528
1791428471.92173,0.4302,0.5695,0.7538,0.7538,0.6350,0.3646,0.4302,0.7006,0.3646,0.1557,0.5695,0.4302,0.4302,0.0737,0.1557,0.1229,0.0942,0.6630,0.7915,,0.1285,,42.58,,173.6,173.5,1.033,0.138,1.648
1791428471.9555905,0.6350,0.4998,0.4302,0.6350,0.5695,0.6350,0.6350,0.6350,0.7538,0.2991,0.4302,0.4302,0.4302,0.0574,0.1229,0.0737,0.0942,0.6630,0.7880,,0.1250,,42.88,,173.7,173.2,1.020,0.136,1.636
1791428471.9892592,0.7006,0.5695,0.6350,0.4998,0.4998,0.6350,0.5695,0.7006,0.4998,0.4302,0.4998,0.4302,0.3646,0.0737,0.1557,0.0737,0.1557,0.6640,0.7860,,0.1220,,42.96,,173.8,172.8,1.018,0.135,1.707
1791428472.0307882,0.8030,0.8030,0.8030,0.4302,0.5695,0.3646,0.6350,0.4302,0.5695,0.4998,0.4998,0.4302,0.4998,0.0410,0.0574,0.0942,0.0942,0.6640,0.7975,,0.1335,,43.51,,173.6,173.2,1.121,0.134,1.753
1791428472.062325,0.5695,0.7006,0.5695,0.6350,0.4998,0.7006,0.6350,0.6350,0.6350,0.4998,0.4302,0.4302,0.4302,0.0737,0.1557,0.1229,0.0410,0.6630,0.7865,,0.1235,,43.67,,173.4,172.7,0.919,0.132,1.548
1791428472.0930915,0.6350,0.7538,0.7006,0.4302,0.5695,0.6350,0.7538,0.5695,0.4998,0.4998,0.3646,0.4998,0.4302,0.0942,0.1229,0.0942,0.1229,0.6630,0.7910,,0.1280,,43.33,,173.5,172.9,1.034,0.134,1.758
1791428472.1248329,0.4998,0.7538,0.6350,0.4998,0.6350,0.5695,0.8030,0.6350,0.4302,0.2458,0.4998,0.4998,0.4998,0.0737,0.0942,0.0737,0.0942,0.6630,0.7845,,0.1215,,43.28,,173.5,172.7,0.995,0.133,1.548
1791428472.156437,0.7006,0.4998,0.7006,0.4998,0.5695,0.4998,0.7538,0.7006,0.4998,0.3646,0.4998,0.4302,0.4302,0.0369,0.1229,0.1229,0.1557,0.6630,0.7885,,0.1255,,43.64,,173.9,173.0,0.956,0.132,1.592
1791428472.1886575,0.2458,0.4998,0.7006,0.5695,0.5695,0.5695,0.6350,0.6350,0.4998,0.4302,0.1966,0.4302,0.3646,0.0574,0.1966,0.0410,0.0942,,0.7890,,,,43.64,,174.0,173.1,1.036,0.132,
1791428472.223034,0.5695,0.4302,0.7538,0.7006,0.4998,0.6350,0.7006,0.6350,0.4302,0.1229,0.5695,0.4302,0.4998,0.0410,0.1557,0.0574,0.1557,0.6630,0.7815,,0.1185,,43.46,,174.1,172.9,0.996,0.131,1.595
1791428472.2551684,0.4998,0.5695,0.6350,0.4302,0.5695,0.6350,0.7006,0.5695,0.4302,0.1557,0.3646,0.4998,0.4998,0.0737,0.1229,0.0205,0.1966,0.6630,0.7840,,0.1210,,43.31,,174.6,172.7,1.035,0.131,1.643
1791428472.28981,0.5695,0.6350,0.5695,0.4302,0.4998,0.5695,0.6350,0.6350,0.6350,0.4302,0.4998,0.3646,0.4302,0.0737,0.1229,0.1229,0.1557,0.6630,0.7850,,0.1220,,43.23,,174.3,172.5,1.035,0.131,1.667
1791428472.332387,0.4302,0.4998,0.6350,0.4998,0.6350,0.5695,0.5695,0.4998,0.5695,0.2991,0.4998,0.4302,0.4998,0.0574,0.0737,0.0737,0.0942,0.6630,0.7850,,0.1220,,43.22,,174.2,172.6,0.965,0.131,1.570
1791428472.3640385,0.4998,0.5695,0.8030,0.6350,0.5695,0.6350,0.6350,0.6350,0.7006,0.4302,0.1557,0.3646,0.4302,0.0737,0.0942,0.0205,0.1557,0.6630,0.7855,,0.1225,,43.57,,173.8,172.3,0.891,0.129,1.617
1791428472.3948328,0.6350,0.8030,0.6350,0.5695,0.7006,0.4998,0.8767,0.6350,0.7006,0.4302,0.2458,0.3646,0.4998,0.0410,0.0942,0.0737,0.1557,0.6630,0.7985,,0.1355,,44.34,,173.7,172.6,1.010,0.128,1.707
1791428472.4263105,0.2458,0.4998,0.7006,0.7006,0.5695,0.4302,0.5695,0.6350,0.8030,0.4302,0.6350,0.4302,0.4302,0.0737,0.0737,0.0737,0.1229,,0.7865,,,,44.34,,173.9,172.4,1.090,0.128,
1791428472.4586315,0.4302,0.5695,0.6350,0.5695,0.5695,0.4302,0.8440,0.7006,0.7006,0.3646,0.2991,0.4998,0.4998,0.0369,0.1557,0.0246,0.1557,0.6630,0.7825,,0.1195,,44.50,,179.0,172.4,0.954,0.126,1.573
1791428472.4908879,0.3646,0.5695,0.4998,0.4302,0.6350,0.6350,0.7006,0.6350,0.4998,0.2991,0.2991,0.4998,0.4302,0.0369,0.0737,0.1229,0.1557,0.6620,0.7840,,0.1220,,43.98,,178.1,172.2,0.938,0.128,
1791428472.5224855,0.5695,0.7538,0.5695,0.4998,0.4998,0.6350,0.6350,0.7006,0.5695,0.4302,0.3646,0.4302,0.4302,0.0737,0.1229,0.1229,0.1229,0.6620,0.7800,,0.1180,,43.15,,177.3,172.4,0.978,0.131,1.647
1791428472.5561204,0.7006,0.8030,0.7006,0.5695,0.4302,0.5695,0.6350,0.5695,0.6350,0.1966,0.3646,0.4302,0.4302,0.0942,0.1229,0.0942,0.0942,0.6630,0.7865,,0.1235,,43.81,,177.0,172.7,0.937,0.128,1.545
1791428472.5896125,0.4302,0.4998,0.7006,0.5695,0.4998,0.6350,0.7538,0.7006,0.7538,0.1229,0.2991,0.4998,0.3646,0.0574,0.0737,0.0574,0.0942,0.6620,0.7830,,0.1210,,43.38,,176.6,172.6,0.957,0.130,
1791428472.6239324,0.3646,0.5695,0.7006,0.5695,0.3646,0.6350,0.8440,0.4998,0.6350,0.4302,0.1966,0.4302,0.4302,0.0737,0.1229,0.0737,0.0942,0.6620,0.7830,,0.1210,,43.30,,176.2,171.6,0.988,0.130,1.638
1791428472.6646957,0.6350,0.7538,0.7538,0.4302,0.6350,0.7538,0.5695,0.6350,0.8030,0.2991,0.5695,0.2991,0.4302,0.0737,0.0574,0.0574,0.0737,0.6620,0.7895,,0.1275,,43.65,,176.1,172.2,,0.129,1.699
1791428472.6962974,0.7538,0.5695,0.8440,0.4998,0.6350,0.5695,0.7006,0.8030,0.4302,0.4302,0.4302,0.4998,0.4302,0.0942,0.0574,0.0410,0.0574,0.6620,0.7830,,0.1210,,43.41,,175.6,172.5,1.011,0.130,1.616
1791428472.728676,0.4998,0.4302,0.7006,0.7006,0.5695,0.5695,0.7006,0.7538,0.3646,0.1966,0.2991,0.2991,0.4302,0.0737,0.0942,0.1229,0.1229,0.6620,0.7845,,0.1225,,43.00,,175.4,171.9,,0.132,
1791428472.7603407,0.5695,0.4998,0.7006,0.5695,0.4302,0.5695,0.6350,0.6350,0.6350,0.3646,0.2991,0.3646,0.4998,0.0369,0.0737,0.0942,0.0737,0.6650,0.7900,,0.1250,,43.83,,175.1,172.5,0.958,0.128,1.618
1791428472.7914393,0.6350,0.7006,0.7006,0.4998,0.3646,0.6350,0.6350,0.7006,0.4998,0.3646,0.2458,0.4302,0.4302,0.0410,0.1229,0.0942,0.0942,0.6620,0.7825,,0.1205,,42.76,,174.9,172.9,1.069,0.133,1.843
1791428472.8228376,0.5695,0.8030,0.5695,0.5695,0.4302,0.4302,0.5695,0.7006,0.5695,0.2991,0.2991,0.4998,0.4302,0.0574,0.1229,0.0574,0.0942,0.6630,0.7870,,0.1240,,43.08,,174.8,173.2,0.964,0.131,
1791428472.856496,0.4998,0.6350,0.7006,0.5695,0.3646,0.7006,0.6350,0.5695,0.6350,0.0942,0.4998,0.4302,0.4998,0.0410,0.0942,0.0737,0.1229,0.6620,0.7875,,0.1255,,43.14,,174.9,173.0,1.010,0.132,1.633
1791428472.8903472,0.4302,0.7006,0.4998,0.4998,0.6350,0.7006,0.7006,0.7006,0.7006,0.4302,0.4302,0.4302,0.4302,0.0410,0.0942,0.0737,0.0737,0.6620,0.7890,,0.1270,,43.18,,175.8,172.9,1.025,0.132,1.641
1791428472.9240446,0.6350,0.4998,0.5695,0.5695,0.5695,0.6350,0.6350,0.6350,0.5695,0.0942,0.3646,0.4302,0.4998,0.0737,0.1229,0.0942,0.1557,0.6620,0.7890,,0.1270,,43.09,,178.4,172.7,1.056,0.133,1.682
1791428472.9657707,0.7538,0.7538,0.4302,0.5695,0.4998,0.6350,0.7006,0.6350,0.6350,0.2991,0.3646,0.4302,0.4998,0.0369,0.1229,0.0942,0.0205,0.6630,0.7855,,0.1225,,43.05,,177.1,172.9,0.984,0.133,1.554
1791428472.997818,0.4302,0.4302,0.6350,0.4998,0.6350,0.5695,0.7538,0.7538,0.7538,0.4998,0.5695,0.3646,0.4998,0.0737,0.0942,0.0942,0.1557,0.6630,0.7855,,0.1225,,43.14,,176.5,172.8,1.041,0.132,1.642
1791428473.0294619,0.4302,0.7538,0.4998,0.7538,0.4998,0.5695,0.7006,0.7006,0.7006,0.2458,0.6350,0.2991,0.4302,0.0942,0.0942,0.0410,0.0737,0.6620,0.7855,,0.1235,,42.55,,175.9,172.1,,0.135,1.686
1791428473.060406,0.4998,0.7006,0.5695,0.5695,0.4998,0.6350,0.6350,0.6350,0.7006,0.2458,0.6350,0.4302,0.4302,0.0410,0.0737,0.0574,0.0942,0.6620,0.7870,,0.1250,,43.31,,175.6,172.2,0.977,0.132,1.535
1791428473.09186,0.6350,0.6350,0.9054,0.5695,0.6350,0.7006,0.6350,0.6350,0.5695,0.2991,0.3646,0.3646,0.4302,0.0369,0.0737,0.0737,0.0942,0.6620,0.7860,,0.1240,,43.63,,175.1,172.3,0.944,0.130,1.551
1791428473.1238155,0.5695,0.4302,0.7006,0.4998,0.7006,0.5695,0.7538,0.4302,0.5695,0.2991,0.6350,0.3646,0.4302,0.0737,0.0942,0.1229,0.1229,0.6620,0.7875,,0.1255,,43.77,,174.6,171.9,0.983,0.130,1.598
1791428473.1570091,0.4998,0.6350,0.7538,0.7538,0.5695,0.4998,0.7006,0.4302,0.6350,0.2458,0.4998,0.3646,0.4302,0.0737,0.0737,0.0246,0.0737,0.6620,0.7905,,0.1285,,43.54,,174.2,171.8,1.026,0.132,1.696
1791428473.1901133,0.6350,0.4302,0.6350,0.4998,0.4998,0.6350,0.6350,0.7006,0.6350,0.2458,0.4998,0.4302,0.4998,0.0574,0.0737,0.0942,0.0737,0.6620,0.7985,,0.1365,,44.06,,173.8,172.1,1.092,0.132,1.714
1791428473.2240055,0.6350,0.5695,0.7006,0.4998,0.3646,0.7006,0.7006,0.4998,0.7538,0.3646,0.4998,0.4302,0.4302,0.0369,0.0737,0.1229,0.0942,0.6620,0.7980,,0.1360,,45.18,,173.6,172.1,1.060,0.128,1.589
1791428473.266466,0.4998,0.7006,0.8030,0.7538,0.7006,0.7006,0.7006,0.6350,0.7006,0.4302,0.4302,0.4302,0.4998,0.0369,0.0574,0.0369,0.0737,0.6630,0.7935,,0.1305,,45.32,,173.2,172.5,0.995,0.128,1.582
1791428473.2980819,0.4998,0.4302,0.6350,0.4998,0.4302,0.5695,0.6350,0.6350,0.5695,0.3646,0.2991,0.3646,0.4302,0.0737,0.1229,0.0737,0.1229,0.6620,0.7870,,0.1250,,45.01,,173.3,172.0,1.024,0.129,1.741
1791428473.330385,0.5695,0.7538,0.5695,0.5695,0.5695,0.5695,0.6350,0.5695,0.7538,0.3646,0.3646,0.4302,0.4302,0.0410,0.1229,0.0574,0.1229,0.6620,0.7880,,0.1260,,44.72,,173.6,172.6,0.988,0.129,1.604
1791428473.3615298,0.5695,0.4302,0.4998,0.4302,0.4998,0.4998,0.7006,0.5695,0.6350,0.4998,0.5695,0.3646,0.4302,0.0369,0.0737,0.0246,0.0410,0.6620,0.7865,,0.1245,,44.01,,174.0,172.5,1.096,0.132,1.695
1791428473.3937604,0.6350,0.7538,0.6350,0.4998,0.5695,0.7006,0.6350,0.6350,0.7538,0.4998,0.4998,0.3646,0.4998,0.0737,0.0942,0.0737,0.1229,0.6620,0.7905,,0.1285,,43.95,,173.5,173.1,1.007,0.132,1.613
1791428473.4246852,0.4998,0.5695,0.7006,0.7006,0.4998,0.7006,0.8030,0.6350,0.5695,0.2991,0.4302,0.4302,0.4998,0.0410,0.1229,0.0737,0.1229,0.6630,0.7870,,0.1240,,44.21,,173.8,173.6,1.027,0.130,1.598
1791428473.4568524,0.4998,0.8030,0.4998,0.4998,0.2991,0.4998,0.6350,0.7006,0.5695,0.3646,0.4302,0.4302,0.4998,0.0410,0.0942,0.0737,0.1557,0.6630,0.7875,,0.1245,,44.15,,174.2,173.0,1.011,0.130,1.649
1791428473.490321,0.8440,0.7006,0.7006,0.5695,0.6350,0.5695,0.5695,0.5695,0.6350,0.1966,0.4302,0.2991,0.4998,0.0942,0.0942,0.0246,0.0410,0.6620,0.7875,,0.1255,,44.35,,174.3,173.3,,0.129,1.616
1791428473.5241866,0.7006,0.7006,0.6350,0.6350,0.3646,0.5695,0.6350,0.7006,0.7006,0.3646,0.2991,0.4302,0.4998,0.0574,0.0942,0.0942,0.1557,0.6620,0.7850,,0.1230,,44.17,,174.6,173.5,0.946,0.129,1.615
1791428473.5575688,0.6350,0.8440,0.6350,0.4998,0.4998,0.7006,0.7538,0.6350,0.4998,0.2991,0.4998,0.4998,0.4302,0.0737,0.0737,0.0737,0.1229,0.6620,0.7890,,0.1270,,44.07,,174.6,173.9,1.012,0.130,1.696
1791428473.5915525,0.6350,0.5695,0.3646,0.4998,0.4302,0.5695,0.7538,0.7006,0.5695,0.2991,0.6350,0.3646,0.4998,0.0246,0.1229,0.1229,0.0942,0.6620,0.7890,,0.1270,,44.43,,174.7,173.8,1.073,0.129,1.625
1791428473.63244,0.4302,0.6350,0.5695,0.5695,0.4998,0.4998,0.7006,0.6350,0.7006,0.5695,0.2991,0.4302,0.4998,0.0942,0.0942,0.0942,0.1229,0.6620,0.7910,,0.1290,,44.81,,174.7,173.7,1.087,0.127,1.702
1791428473.6630645,0.7006,0.8030,0.8030,0.6350,0.6350,0.6350,0.6350,0.7006,0.5695,0.2991,0.4302,0.3646,0.4998,0.0574,0.0942,0.0942,0.0942,0.6620,0.7840,,0.1220,,44.30,,174.2,173.6,1.036,0.129,1.633
1791428473.6958795,0.4302,0.4998,0.6350,0.4998,0.4998,0.5695,0.7006,0.5695,0.4998,0.2991,0.1557,0.4302,0.4302,0.0737,0.0737,0.0737,0.0737,0.6620,0.7830,,0.1210,,43.90,,174.0,173.6,1.007,0.130,
1791428473.7276087,0.4998,0.5695,0.5695,0.4998,0.5695,0.4302,0.7006,0.4998,0.4998,0.5695,0.3646,0.4998,0.4302,0.0369,0.0737,0.0737,0.1229,0.6620,0.7960,,0.1340,,44.16,,174.5,173.6,1.076,0.130,1.669
1791428473.758031,0.4998,0.4302,0.6350,0.6350,0.4998,0.6350,0.7006,0.6350,0.3646,0.0942,0.4998,0.4302,0.4302,0.0737,0.1229,0.0737,0.0942,0.6620,0.7930,,0.1310,,44.34,,174.4,173.8,1.054,0.130,1.624
1791428473.792217,0.4998,0.4998,0.7538,0.4998,0.5695,0.5695,0.7006,0.7006,0.6350,0.1229,0.2991,0.4302,0.4302,0.0410,0.0942,0.1229,0.1229,0.6620,0.7900,,0.1280,,44.45,,174.2,172.7,1.026,0.130,
1791428473.8250458,0.7006,0.6350,0.8440,0.4998,0.5695,0.4302,0.6350,0.4302,0.4998,0.5695,0.3646,0.4302,0.4998,0.0574,0.0737,0.0737,0.0737,0.6620,0.7885,,0.1265,,44.30,,174.1,172.9,1.007,0.131,1.609
1791428473.858723,0.4302,0.5695,0.5695,0.6350,0.8030,0.5695,0.7538,0.5695,0.5695,0.4998,0.5695,0.4302,0.4998,0.0737,0.0737,0.0942,0.0942,0.6620,0.8015,,0.1395,,44.47,,174.5,173.3,1.047,0.132,1.648
1791428473.901789,0.5695,0.8440,0.6350,0.4302,0.4302,0.5695,0.7006,0.7006,0.3646,0.1966,0.4302,0.4302,0.4302,0.0574,0.1229,0.0942,0.1557,0.6630,0.7855,,0.1225,,43.62,,174.5,172.7,1.010,0.135,1.633
1791428473.9334693,0.5695,0.7006,0.5695,0.5695,0.4302,0.5695,0.5695,0.7006,0.5695,0.4302,0.3646,0.4302,0.4998,0.0574,0.0574,0.1229,0.1229,0.6630,0.7830,,0.1200,,42.86,,174.6,172.8,1.059,0.137,1.703
1791428473.964272,0.7006,0.6350,0.6350,0.4998,0.4302,0.6350,0.6350,0.7538,0.8030,0.1229,0.4302,0.3646,0.4998,0.0574,0.1229,0.0574,0.1229,0.6630,0.7890,,0.1260,,43.26,,174.7,172.6,1.002,0.134,1.579
1791428473.9961567,0.6350,0.6350,0.5695,0.6350,0.4302,0.7006,0.7006,0.6350,0.2991,0.5695,0.2991,0.4302,0.4998,0.0410,0.0737,0.1229,0.0574,0.6630,0.7955,,0.1325,,43.28,,174.8,172.0,1.127,0.136,1.880
1791428474.027907,0.4302,0.6350,0.6350,0.4998,0.3646,0.5695,0.8030,0.5695,0.5695,0.5695,0.4302,0.3646,0.4998,0.0410,0.1229,0.0737,0.0942,0.6630,0.7920,,0.1290,,43.30,,174.1,172.4,1.023,0.136,1.606
1791428474.0583096,0.3646,0.6350,0.6350,0.4998,0.2991,0.5695,0.6350,0.4998,0.7006,0.4302,0.2991,0.3646,0.4302,0.0410,0.0942,0.0574,0.1557,0.6630,0.7850,,0.1220,,42.76,,173.7,172.1,1.088,0.137,1.848
1791428474.090797,0.4998,0.8030,0.7006,0.6350,0.4998,0.5695,0.8767,0.5695,0.5695,0.4998,0.2458,0.4998,0.4998,0.0737,0.1229,0.0410,0.1557,0.6650,0.7845,,0.1195,,42.06,,174.3,171.4,1.039,0.139,1.800
1791428474.124973,0.5695,0.5695,0.7006,0.5695,0.4998,0.4302,0.7538,0.5695,0.6350,0.2458,0.3646,0.4302,0.4998,0.0737,0.1966,0.0942,0.1229,0.6650,0.7875,,0.1225,,41.70,,174.5,170.9,1.126,0.140,1.830
1791428474.1589706,0.4302,0.4998,0.6350,0.4302,0.4998,0.5695,0.7006,0.5695,0.4998,0.1966,0.3646,0.4302,0.5695,0.0410,0.1229,0.0574,0.0942,0.6630,0.7955,,0.1325,,42.69,,174.1,171.3,0.995,0.137,1.599
1791428474.191887,0.3646,0.5695,0.6350,0.5695,0.4998,0.5695,0.6350,0.5695,0.4998,0.1557,0.2458,0.4302,0.4302,0.0737,0.0942,0.0737,0.1229,0.6630,0.7945,,0.1315,,43.52,,173.9,170.3,0.998,0.134,
