timestamp,nose_score,left_eye_score,right_eye_score,left_ear_score,right_ear_score,left_shoulder_score,right_shoulder_score,left_elbow_score,right_elbow_score,left_wrist_score,right_wrist_score,left_hip_score,right_hip_score,left_knee_score,right_knee_score,left_ankle_score,right_ankle_score,head_depth_m,chest_depth_m,hip_depth_m,neck_forward_offset_m,torso_recline_offset_m,head_forward_deg,torso_pitch_deg,elbow_left_deg,elbow_right_deg,torso_len_sw,head_up_m,wrist_face_sw
1791428721.2843397,0.4998,0.6350,0.8030,0.4998,0.2458,0.8030,0.7538,0.5695,0.6350,0.4302,0.2991,0.5695,0.5695,0.0737,0.0246,0.0246,0.0369,0.5630,0.7255,0.6750,0.1625,-0.0505,45.51,-8.49,164.4,178.0,0.933,0.164,1.574
1791428721.3156137,0.6350,0.5695,0.7538,0.6350,0.5695,0.5695,0.7538,0.4998,0.6350,0.7006,0.3646,0.4998,0.5695,0.0737,0.0246,0.0737,0.0737,0.5670,0.7285,,0.1615,,45.37,-8.49,164.0,177.5,0.990,0.164,1.648
1791428721.3466885,0.7006,0.7006,0.6350,0.6350,0.4302,0.7538,0.7538,0.7538,0.7006,0.7006,0.6350,0.6350,0.5695,0.0737,0.0574,0.0737,0.0737,0.5660,0.7330,0.6760,0.1670,-0.0570,45.23,-8.30,164.1,177.4,1.071,0.165,1.767
1791428721.3796346,0.4998,0.7538,0.6350,0.4998,0.5695,0.8767,0.7006,0.7006,0.5695,0.2458,0.6350,0.4998,0.6350,0.0942,0.0737,0.0369,0.0737,0.5670,0.7315,,0.1645,,45.10,-8.27,163.9,177.3,1.067,0.165,1.809
1791428721.4113827,0.4302,0.8440,0.6350,0.4998,0.4302,0.7538,0.7006,0.7538,0.6350,0.2458,0.6350,0.4998,0.5695,0.0737,0.0737,0.0737,0.0942,0.5670,0.7305,,0.1635,,44.90,-8.32,164.2,176.7,0.997,0.166,1.743
1791428721.4447742,0.7006,0.6350,0.7538,0.4998,0.5695,0.6350,0.5695,0.7006,0.4998,0.4302,0.5695,0.5695,0.6350,0.0369,0.0369,0.0737,0.0942,0.5660,0.7310,0.6590,0.1650,-0.0720,44.69,-8.59,164.4,176.6,1.059,0.167,1.740
1791428721.478696,0.6350,0.7006,0.7006,0.5695,0.4998,0.6350,0.6350,0.6350,0.4302,0.4998,0.5695,0.4998,0.6350,0.0942,0.0737,0.0737,0.0737,0.5630,0.7325,,0.1695,,45.27,-8.59,164.3,176.8,1.065,0.165,1.667
1791428721.51225,0.6350,0.7538,0.7006,0.4302,0.4998,0.7006,0.7006,0.7538,0.6350,0.6350,0.3646,0.4302,0.7006,0.0410,0.0574,0.0737,0.0942,0.5690,0.7310,,0.1620,,45.14,-8.62,164.2,176.8,1.021,0.165,1.663
1791428721.5510674,0.5695,0.7538,0.7538,0.5695,0.4998,0.6350,0.7006,0.5695,0.5695,0.5695,0.2458,0.5695,0.5695,0.0574,0.0574,0.0574,0.0574,0.5670,0.7275,0.6760,0.1605,-0.0515,45.24,-8.36,164.3,177.2,1.006,0.163,1.637
1791428721.5830564,0.7006,0.5695,0.8440,0.6350,0.5695,0.8440,0.8440,0.6350,0.5695,0.4302,0.2991,0.4998,0.6350,0.0737,0.0942,0.0574,0.0574,0.5630,0.7290,,0.1660,,45.19,-8.29,164.3,176.9,1.050,0.164,1.702
1791428721.614717,0.6350,0.7006,0.6350,0.7538,0.4998,0.7006,0.7538,0.6350,0.4998,0.4302,0.4998,0.5695,0.5695,0.0942,0.0574,0.0369,0.0737,0.5670,0.7325,0.6540,0.1655,-0.0785,45.31,-8.79,164.4,176.8,1.034,0.163,1.676
1791428721.645534,0.7006,0.8030,0.7538,0.4998,0.4302,0.6350,0.6350,0.4998,0.5695,0.5695,0.4998,0.2991,0.5695,0.0205,0.0205,0.0574,0.0574,0.5700,0.7290,,0.1590,,45.31,-8.81,164.1,176.7,,0.162,1.655
1791428721.6785743,0.4998,0.3646,0.7538,0.5695,0.5695,0.5695,0.7006,0.7006,0.6350,0.2991,0.4302,0.5695,0.6350,0.1229,0.0942,0.0737,0.0737,0.5670,0.7335,0.6780,0.1665,-0.0555,45.86,-8.62,164.2,176.9,1.003,0.159,1.657
1791428721.7115633,0.5695,0.5695,0.7006,0.5695,0.2991,0.7538,0.8030,0.6350,0.4302,0.3646,0.4302,0.6350,0.6350,0.0205,0.0410,0.0737,0.0737,0.5690,0.7330,0.6710,0.1640,-0.0620,45.36,-8.60,163.9,176.8,1.034,0.162,1.698
1791428721.7454424,0.6350,0.5695,0.6350,0.5695,0.4998,0.4998,0.7006,0.6350,0.3646,0.5695,0.4998,0.4998,0.5695,0.0737,0.1229,0.0574,0.0574,0.5630,0.7320,,0.1690,,46.10,-8.63,163.9,176.5,1.019,0.159,1.615
1791428721.7786603,0.1966,0.5695,0.8440,0.4998,0.2991,0.5695,0.7538,0.7538,0.4302,0.4998,0.5695,0.4302,0.6350,0.0942,0.1229,0.0574,0.0574,,0.7345,,,,46.10,-8.63,164.4,176.5,1.132,0.159,
1791428721.8114698,0.4998,0.2991,0.6350,0.5695,0.4998,0.5695,0.5695,0.7006,0.6350,0.6350,0.2458,0.5695,0.5695,0.1229,0.0410,0.0410,0.0737,0.5610,0.7250,0.6780,0.1640,-0.0470,45.61,-8.27,164.4,176.6,0.991,0.161,1.671
1791428721.8516216,0.4302,0.7006,0.8440,0.5695,0.5695,0.7538,0.7006,0.7006,0.6350,0.5695,0.4998,0.5695,0.5695,0.0737,0.0942,0.0574,0.0942,0.5610,0.7335,0.6710,0.1725,-0.0625,45.79,-8.32,164.9,176.4,1.042,0.162,1.698
1791428721.8824463,0.4302,0.7538,0.6350,0.4998,0.4998,0.5695,0.5695,0.7538,0.4302,0.6350,0.4998,0.4998,0.6350,0.0942,0.0205,0.0574,0.0574,0.5620,0.7340,,0.1720,,46.10,-8.36,165.0,176.8,1.049,0.161,1.707
1791428721.9154236,0.4998,0.8030,0.7006,0.6350,0.5695,0.6350,0.4998,0.4998,0.7538,0.6350,0.5695,0.5695,0.5695,0.0574,0.0737,0.0574,0.0574,0.5630,0.7300,0.6710,0.1670,-0.0590,46.03,-8.31,165.1,176.7,1.034,0.162,1.625
1791428721.9462898,0.1966,0.3646,0.6350,0.6350,0.5695,0.6350,0.7006,0.6350,0.4302,0.7006,0.4302,0.6350,0.5695,0.0369,0.0737,0.0410,0.0574,,0.7290,0.6590,,-0.0700,46.03,-8.31,164.8,176.5,1.062,0.162,
1791428721.9789393,0.2991,0.4302,0.8030,0.5695,0.7538,0.7006,0.6350,0.6350,0.3646,0.6350,0.4302,0.5695,0.6350,0.0410,0.0205,0.0942,0.0942,,0.7320,0.6680,,-0.0640,46.03,-8.31,165.1,176.8,1.069,0.162,
1791428722.0122166,0.5695,0.8030,0.8440,0.7538,0.5695,0.6350,0.6350,0.7006,0.4998,0.3646,0.1557,0.4998,0.6350,0.0574,0.0246,0.0942,0.0737,0.5610,0.7240,,0.1630,,46.08,-8.27,165.3,176.7,0.935,0.160,1.563
1791428722.0457518,0.2458,0.7538,0.7538,0.5695,0.6350,0.7538,0.6350,0.5695,0.4998,0.6350,0.3646,0.5695,0.5695,0.0246,0.0410,0.0737,0.0737,,0.7295,0.6600,,-0.0695,46.08,-8.27,165.3,176.6,0.983,0.160,
1791428722.0792458,0.7538,0.7538,0.6350,0.6350,0.7006,0.8030,0.6350,0.7538,0.7006,0.6350,0.2991,0.5695,0.5695,0.0574,0.0942,0.0574,0.0574,0.5630,0.7290,0.6720,0.1660,-0.0570,46.01,-8.19,165.2,176.2,1.029,0.161,1.674
1791428722.1194496,0.7538,0.8030,0.8030,0.7006,0.5695,0.4998,0.5695,0.4998,0.5695,0.5695,0.3646,0.4998,0.5695,0.0410,0.0942,0.0942,0.0574,0.5620,0.7335,,0.1715,,45.83,-8.24,164.8,176.7,1.049,0.163,1.722
1791428722.1510386,0.7538,0.8440,0.7006,0.5695,0.6350,0.5695,0.7006,0.6350,0.6350,0.2991,0.2991,0.4302,0.5695,0.0574,0.0205,0.0574,0.0574,0.5670,0.7345,,0.1675,,45.97,-8.24,164.8,176.9,1.095,0.162,
1791428722.1829576,0.5695,0.8030,0.5695,0.4302,0.6350,0.5695,0.7006,0.3646,0.6350,0.4998,0.7006,0.4998,0.6350,0.0369,0.0246,0.1557,0.0942,0.5620,0.7270,,0.1650,,46.11,-8.18,164.7,176.8,0.997,0.161,1.588
1791428722.2144334,0.7538,0.8767,0.7006,0.4998,0.4998,0.6350,0.7538,0.8440,0.5695,0.2991,0.2458,0.5695,0.5695,0.0737,0.0942,0.0737,0.0574,0.5630,0.7340,0.6620,0.1710,-0.0720,46.23,-8.37,164.6,176.4,1.132,0.161,
1791428722.2466993,0.6350,0.6350,0.5695,0.5695,0.4998,0.7006,0.6350,0.6350,0.4302,0.4998,0.2991,0.4998,0.5695,0.0574,0.0205,0.0574,0.0574,0.5660,0.7280,,0.1620,,46.02,-8.42,164.3,176.8,0.965,0.161,1.612
1791428722.2804055,0.5695,0.6350,0.7006,0.6350,0.6350,0.7538,0.6350,0.6350,0.4998,0.5695,0.1966,0.4998,0.5695,0.0410,0.0574,0.0410,0.0737,0.5620,0.7265,,0.1645,,45.87,-8.49,164.3,176.7,0.922,0.161,1.598
1791428722.3135936,0.1966,0.7538,0.4998,0.6350,0.2991,0.7006,0.7006,0.7006,0.5695,0.5695,0.2458,0.5695,0.6350,0.0574,0.0574,0.0737,0.0574,,0.7335,0.6590,,-0.0745,45.87,-8.49,164.3,177.0,1.069,0.161,
1791428722.3455822,0.8440,0.7538,0.8030,0.7006,0.4302,0.5695,0.4998,0.7006,0.6350,0.7006,0.5695,0.5695,0.6350,0.0942,0.0369,0.0737,0.0942,0.5660,0.7345,0.6780,0.1685,-0.0565,46.21,-8.34,164.4,177.6,1.035,0.160,1.656
1791428722.37914,0.4998,0.7006,0.8030,0.5695,0.5695,0.6350,0.7006,0.7006,0.5695,0.6350,0.4302,0.6350,0.6350,0.0369,0.0246,0.0410,0.0942,0.5610,0.7330,0.6630,0.1720,-0.0700,45.83,-8.57,164.4,177.2,1.053,0.163,1.701
1791428722.420854,0.7006,0.8030,0.8030,0.6350,0.3646,0.7006,0.7006,0.5695,0.4998,0.2458,0.1966,0.5695,0.5695,0.0574,0.0246,0.0942,0.0942,0.5660,0.7340,0.6800,0.1680,-0.0540,46.01,-8.31,164.1,177.2,1.055,0.162,
1791428722.4519699,0.7006,0.8440,0.7538,0.6350,0.5695,0.6350,0.7538,0.8030,0.2991,0.5695,0.3646,0.6350,0.5695,0.0737,0.0942,0.0737,0.0737,0.5670,0.7325,0.6790,0.1655,-0.0535,46.22,-8.16,164.1,177.1,1.008,0.160,1.631
1791428722.4820964,0.1557,0.4998,0.4998,0.4998,0.4302,0.6350,0.7538,0.5695,0.6350,0.3646,0.6350,0.4998,0.5695,0.0574,0.0123,0.0737,0.0737,,0.7330,,,,46.22,-8.16,164.3,177.2,1.071,0.160,
1791428722.5150845,0.8030,0.8030,0.4998,0.5695,0.7006,0.6350,0.6350,0.3646,0.5695,0.5695,0.2458,0.4998,0.6350,0.0737,0.0205,0.0737,0.0942,0.5610,0.7330,,0.1720,,45.76,-8.13,164.0,176.9,1.066,0.164,1.777
1791428722.5458798,0.7538,0.8030,0.8030,0.3646,0.6350,0.7006,0.7006,0.7006,0.6350,0.5695,0.2458,0.4998,0.5695,0.0574,0.0942,0.0574,0.0737,0.5610,0.7350,,0.1740,,45.41,-8.07,164.2,176.8,1.122,0.167,1.803
1791428722.5797062,0.7006,0.8440,0.7538,0.5695,0.5695,0.4998,0.6350,0.6350,0.6350,0.1966,0.3646,0.4998,0.5695,0.0205,0.0369,0.0410,0.0737,0.5620,0.7305,,0.1685,,45.70,-8.16,164.5,176.9,0.952,0.165,1.650
1791428722.6138327,0.6350,0.8767,0.7006,0.6350,0.4302,0.4998,0.6350,0.6350,0.4998,0.6350,0.3646,0.5695,0.7006,0.0574,0.0369,0.0942,0.1229,0.5630,0.7325,0.6580,0.1695,-0.0745,45.77,-8.48,164.6,176.2,1.095,0.165,1.736
1791428722.6461632,0.6350,0.8030,0.6350,0.4998,0.5695,0.7006,0.7538,0.7538,0.7538,0.2991,0.3646,0.4998,0.5695,0.0574,0.0737,0.0942,0.0737,0.5610,0.7310,,0.1700,,45.84,-8.50,164.1,176.6,1.010,0.165,1.729
1791428722.6801097,0.4302,0.7538,0.7006,0.5695,0.4998,0.7006,0.7006,0.6350,0.5695,0.5695,0.2991,0.5695,0.5695,0.0369,0.0246,0.0410,0.0574,0.5620,0.7325,0.6550,0.1705,-0.0775,45.97,-8.96,164.7,176.3,1.014,0.164,1.629
1791428722.7214935,0.5695,0.7538,0.7006,0.5695,0.4302,0.6350,0.6350,0.5695,0.6350,0.8030,0.4998,0.5695,0.6350,0.0737,0.0369,0.0574,0.0574,0.5610,0.7345,0.6560,0.1735,-0.0785,45.87,-9.15,164.7,176.1,1.132,0.165,1.738
1791428722.7524014,0.7538,0.8030,0.7006,0.6350,0.5695,0.7538,0.8030,0.7006,0.6350,0.1966,0.7538,0.4998,0.5695,0.0410,0.0246,0.0737,0.0737,0.5660,0.7340,,0.1680,,46.10,-9.24,164.7,175.9,1.020,0.164,1.744
1791428722.7844188,0.4998,0.8030,0.7006,0.4998,0.5695,0.5695,0.7006,0.4998,0.5695,0.7006,0.3646,0.4998,0.5695,0.0410,0.0246,0.0574,0.0410,0.5620,0.7325,,0.1705,,46.03,-9.22,164.9,176.0,1.050,0.164,1.703
1791428722.815092,0.4998,0.8030,0.6350,0.5695,0.5695,0.6350,0.7538,0.7006,0.5695,0.5695,0.2458,0.4998,0.5695,0.0737,0.0164,0.0574,0.0942,0.5600,0.7340,,0.1740,,45.81,-9.25,164.8,175.9,1.047,0.166,1.742
1791428722.8472545,0.4998,0.4302,0.5695,0.4998,0.5695,0.8030,0.7538,0.7538,0.4302,0.5695,0.6350,0.4302,0.6350,0.0737,0.0574,0.0574,0.0737,0.5620,0.7315,,0.1695,,45.97,-9.32,164.9,176.1,0.983,0.165,1.573
1791428722.8797886,0.4302,0.7006,0.5695,0.4998,0.1966,0.5695,0.6350,0.7538,0.8030,0.3646,0.1966,0.4998,0.5695,0.0737,0.0246,0.0574,0.0737,0.5690,0.7295,,0.1605,,45.70,-9.34,165.2,176.3,0.973,0.165,1.649
1791428722.913808,0.4302,0.7006,0.7006,0.5695,0.4302,0.5695,0.7006,0.5695,0.4998,0.5695,0.2458,0.5695,0.5695,0.0942,0.0737,0.0574,0.0737,0.5620,0.7335,0.6610,0.1715,-0.0725,45.49,-9.55,165.4,176.0,0.986,0.166,1.670
1791428722.9470003,0.8030,0.7006,0.8440,0.5695,0.4998,0.5695,0.7538,0.7006,0.8767,0.6350,0.4302,0.4998,0.5695,0.0574,0.0942,0.0574,0.0574,0.5620,0.7335,,0.1715,,45.29,-9.47,165.2,176.2,1.076,0.168,1.753
1791428722.9803445,0.4998,0.8030,0.7538,0.4998,0.4302,0.7006,0.7006,0.7538,0.4998,0.5695,0.4302,0.4998,0.5695,0.0164,0.0410,0.0942,0.0737,0.5610,0.7310,,0.1700,,45.43,-9.41,164.6,175.9,1.036,0.167,1.668
1791428723.0136948,0.2458,0.8767,0.8030,0.5695,0.4998,0.5695,0.7006,0.4998,0.5695,0.2458,0.4302,0.5695,0.5695,0.0737,0.1229,0.0942,0.0737,,0.7330,0.6750,,-0.0580,45.43,-9.41,164.5,176.0,1.033,0.167,
1791428723.0548868,0.7006,0.6350,0.8030,0.5695,0.6350,0.6350,0.8440,0.6350,0.4302,0.4302,0.3646,0.5695,0.5695,0.0942,0.1229,0.0942,0.0737,0.5690,0.7300,0.6750,0.1610,-0.0550,45.37,-9.12,164.4,175.9,0.993,0.166,1.652
1791428723.0861433,0.4302,0.7006,0.7006,0.5695,0.4302,0.4998,0.7538,0.6350,0.7006,0.5695,0.3646,0.4302,0.5695,0.1229,0.1229,0.0737,0.1229,0.5620,0.7335,,0.1715,,45.51,-9.17,164.4,175.9,1.015,0.166,1.712
1791428723.1175752,0.7538,0.6350,0.5695,0.4302,0.5695,0.7538,0.6350,0.7006,0.6350,0.6350,0.2458,0.4998,0.6350,0.0737,0.0942,0.0574,0.0737,0.5620,0.7310,,0.1690,,45.07,-9.10,164.3,175.9,1.045,0.168,1.702
1791428723.1498258,0.6350,0.7538,0.6350,0.6350,0.4302,0.7006,0.8030,0.7538,0.7006,0.4302,0.4998,0.4998,0.6350,0.0737,0.0574,0.0574,0.0574,0.5660,0.7290,,0.1630,,45.07,-9.02,164.0,176.5,1.026,0.167,1.678
1791428723.1806314,0.3646,0.6350,0.7006,0.4302,0.5695,0.4998,0.7538,0.5695,0.4998,0.4998,0.1966,0.4998,0.6350,0.0942,0.0942,0.1557,0.0246,0.5660,0.7345,,0.1685,,44.86,-9.08,164.3,176.3,1.038,0.169,1.711
1791428723.2136097,0.2458,0.8440,0.9054,0.6350,0.5695,0.4998,0.7006,0.6350,0.4998,0.4302,0.2991,0.5695,0.6350,0.0574,0.0246,0.0574,0.0737,,0.7340,0.6620,,-0.0720,44.86,-9.08,164.2,177.9,1.090,0.169,
1791428723.247263,0.6350,0.7006,0.8030,0.4998,0.4998,0.6350,0.6350,0.7006,0.5695,0.6350,0.2458,0.4998,0.5695,0.0574,0.0246,0.0737,0.0737,0.5600,0.7335,,0.1735,,44.86,-9.06,164.3,177.4,1.062,0.170,1.747
1791428723.2811775,0.3646,0.6350,0.7006,0.5695,0.4998,0.4998,0.7538,0.6350,0.7006,0.7006,0.4302,0.5695,0.5695,0.0737,0.0410,0.0737,0.0410,0.5600,0.7320,0.6740,0.1720,-0.0580,44.96,-8.88,164.1,177.4,1.013,0.170,1.636
1791428723.315436,0.7006,0.7538,0.7538,0.5695,0.5695,0.7538,0.6350,0.6350,0.6350,0.6350,0.1966,0.6350,0.6350,0.0574,0.0942,0.0410,0.0737,0.5620,0.7240,0.6610,0.1620,-0.0630,45.23,-8.95,164.6,177.7,0.968,0.167,1.515
1791428723.3550894,0.3646,0.7538,0.7006,0.4998,0.3646,0.7006,0.7006,0.4302,0.6350,0.5695,0.1966,0.5695,0.6350,0.0574,0.0942,0.0574,0.0737,0.5600,0.7320,0.6750,0.1720,-0.0570,45.32,-8.73,164.5,178.4,1.032,0.167,1.679
1791428723.3874614,0.5695,0.8440,0.5695,0.3646,0.4998,0.4302,0.5695,0.8030,0.5695,0.6350,0.5695,0.5695,0.5695,0.0410,0.0246,0.0246,0.0410,0.5670,0.7320,0.6710,0.1650,-0.0610,45.56,-8.73,164.7,177.8,0.995,0.165,1.611
1791428723.4176898,0.1966,0.7538,0.8030,0.5695,0.5695,0.5695,0.5695,0.7006,0.5695,0.6350,0.4998,0.3646,0.6350,0.0410,0.0737,0.0737,0.0942,,0.7340,,,,45.56,-8.73,164.5,177.7,1.081,0.165,
1791428723.449688,0.5695,0.7538,0.8030,0.6350,0.4302,0.5695,0.7006,0.7006,0.6350,0.5695,0.4998,0.5695,0.6350,0.0737,0.0942,0.0574,0.0942,0.5600,0.7335,0.6580,0.1735,-0.0755,45.22,-9.04,164.7,177.1,1.044,0.168,1.754
1791428723.4807332,0.5695,0.7006,0.8030,0.6350,0.4302,0.8030,0.7006,0.7006,0.7006,0.4998,0.6350,0.5695,0.5695,0.0369,0.1229,0.0737,0.0737,0.5690,0.7335,0.6620,0.1645,-0.0715,44.76,-9.19,164.4,176.8,1.039,0.170,1.729
1791428723.5149057,0.5695,0.8030,0.7006,0.5695,0.5695,0.7006,0.7006,0.6350,0.4998,0.7006,0.2458,0.4998,0.4998,0.0942,0.0205,0.0246,0.0574,0.5630,0.7305,,0.1675,,45.06,-9.25,164.4,176.8,0.965,0.168,1.605
1791428723.5472243,0.3646,0.7006,0.5695,0.6350,0.3646,0.7538,0.7006,0.6350,0.5695,0.7006,0.3646,0.5695,0.5695,0.0737,0.0942,0.0942,0.0942,0.5620,0.7335,0.6610,0.1715,-0.0725,45.96,-9.38,164.7,178.3,1.043,0.163,1.648
1791428723.581126,0.3646,0.7006,0.9259,0.4998,0.5695,0.8030,0.6350,0.7538,0.6350,0.3646,0.7006,0.4302,0.6350,0.0574,0.0737,0.0574,0.0737,0.5620,0.7325,,0.1705,,45.98,-9.29,164.2,178.2,1.073,0.163,1.694
1791428723.6141863,0.4998,0.8030,0.7006,0.7006,0.4302,0.6350,0.7538,0.7006,0.7006,0.6350,0.3646,0.5695,0.5695,0.0942,0.0942,0.0737,0.0574,0.5600,0.7335,0.6630,0.1735,-0.0705,45.84,-9.32,164.3,178.0,1.063,0.165,1.702
1791428723.6544588,0.7006,0.6350,0.8030,0.5695,0.5695,0.4998,0.5695,0.7006,0.4302,0.7006,0.3646,0.5695,0.5695,0.0737,0.0737,0.0737,0.0737,0.5610,0.7330,0.6740,0.1720,-0.0590,46.43,-9.09,164.3,177.7,1.026,0.162,1.640
1791428723.6862025,0.7006,0.7006,0.7006,0.4998,0.6350,0.7538,0.5695,0.2991,0.5695,0.4998,0.2458,0.5695,0.6350,0.0246,0.0205,0.0574,0.0737,0.5620,0.7335,0.6730,0.1715,-0.0605,46.57,-9.01,164.3,177.6,0.995,0.162,1.649
1791428723.7179034,0.4998,0.4998,0.6350,0.5695,0.4998,0.6350,0.4998,0.7538,0.6350,0.4302,0.4998,0.5695,0.6350,0.0942,0.0737,0.0246,0.0410,0.5620,0.7330,0.6650,0.1710,-0.0680,46.16,-9.02,164.2,177.5,1.063,0.164,1.732
1791428723.7499819,0.3646,0.7538,0.7006,0.6350,0.5695,0.5695,0.6350,0.7006,0.6350,0.5695,0.2991,0.4998,0.6350,0.0574,0.0246,0.1229,0.1229,0.5610,0.7320,,0.1710,,45.82,-8.97,164.0,177.3,1.050,0.166,1.688
1791428723.781072,0.2991,0.8030,0.8440,0.5695,0.5695,0.6350,0.7538,0.4998,0.4998,0.6350,0.4998,0.5695,0.6350,0.0737,0.0246,0.0737,0.0942,,0.7310,0.6740,,-0.0570,45.82,-8.97,163.8,177.6,1.023,0.166,
1791428723.8149805,0.3646,0.6350,0.7538,0.4302,0.7006,0.6350,0.7538,0.4998,0.6350,0.5695,0.3646,0.5695,0.6350,0.0574,0.0410,0.0737,0.0737,0.5620,0.7325,0.6720,0.1705,-0.0605,45.40,-8.81,163.7,177.5,1.052,0.168,1.775
1791428723.8488085,0.6350,0.7538,0.7538,0.6350,0.3646,0.6350,0.7006,0.4998,0.5695,0.6350,0.2458,0.6350,0.5695,0.0737,0.0942,0.0737,0.0737,0.5660,0.7310,0.6730,0.1650,-0.0580,44.88,-8.60,163.7,177.3,1.062,0.170,1.760
1791428723.8814766,0.5695,0.7006,0.6350,0.6350,0.5695,0.7006,0.7538,0.5695,0.4998,0.4998,0.1966,0.5695,0.5695,0.0410,0.0942,0.0942,0.1229,0.5600,0.7335,0.6610,0.1735,-0.0725,45.22,-8.84,163.9,177.7,1.053,0.169,1.715
1791428723.914774,0.3646,0.7538,0.8767,0.6350,0.5695,0.4302,0.8030,0.4998,0.7006,0.4998,0.6350,0.3646,0.4998,0.0574,0.0205,0.0574,0.0410,0.5620,0.7330,,0.1710,,45.38,-8.87,163.9,177.4,1.032,0.168,1.672
1791428723.948417,0.3646,0.8030,0.9054,0.7006,0.6350,0.7006,0.5695,0.4998,0.7006,0.8030,0.1966,0.4998,0.5695,0.0410,0.0246,0.0737,0.0410,0.5600,0.7315,,0.1715,,45.14,-8.85,163.8,177.3,1.039,0.170,1.716
1791428723.9885297,0.6350,0.5695,0.5695,0.6350,0.2991,0.8440,0.7006,0.4998,0.5695,0.1966,0.2991,0.5695,0.7006,0.0574,0.0410,0.1229,0.1229,0.5600,0.7305,0.6780,0.1705,-0.0525,44.90,-8.51,163.7,177.3,1.044,0.171,
1791428724.019267,0.7006,0.7006,0.7006,0.5695,0.4302,0.6350,0.7538,0.7538,0.7538,0.6350,0.2458,0.3646,0.4998,0.0942,0.0246,0.0737,0.0574,0.5620,0.7340,,0.1720,,45.00,-8.63,163.9,177.3,1.007,0.171,1.684
1791428724.0500531,0.4302,0.7538,0.7538,0.5695,0.4998,0.7538,0.8030,0.6350,0.4998,0.2991,0.4998,0.4302,0.5695,0.0574,0.0205,0.0574,0.0574,0.5600,0.7300,,0.1700,,45.48,-8.59,163.6,177.3,1.015,0.168,1.649
1791428724.0815933,0.3646,0.7538,0.7538,0.6350,0.4998,0.6350,0.7006,0.7006,0.5695,0.5695,0.3646,0.6350,0.6350,0.0737,0.0410,0.0942,0.0942,0.5600,0.7345,0.6610,0.1745,-0.0735,45.63,-8.78,163.8,176.9,1.100,0.168,1.707
1791428724.115027,0.6350,0.4998,0.8030,0.5695,0.4302,0.6350,0.6350,0.5695,0.5695,0.5695,0.5695,0.5695,0.5695,0.1229,0.0205,0.0737,0.0737,0.5600,0.7340,0.6700,0.1740,-0.0640,45.80,-8.71,164.2,177.0,1.081,0.167,1.721
1791428724.1489327,0.4998,0.7006,0.7006,0.7006,0.5695,0.6350,0.7538,0.5695,0.6350,0.4998,0.4998,0.5695,0.5695,0.0942,0.0205,0.0574,0.0574,0.5610,0.7345,0.6790,0.1735,-0.0555,45.82,-8.52,164.4,177.3,1.020,0.167,1.714
1791428724.1820707,0.3646,0.4302,0.8030,0.7538,0.5695,0.6350,0.7006,0.5695,0.7006,0.4998,0.6350,0.6350,0.6350,0.0410,0.0369,0.0737,0.0942,0.5600,0.7325,0.6760,0.1725,-0.0565,45.95,-8.38,164.6,177.0,1.029,0.167,1.676
1791428724.215407,0.5695,0.4998,0.5695,0.5695,0.4998,0.7538,0.6350,0.5695,0.6350,0.4998,0.4998,0.4998,0.6350,0.0410,0.0574,0.0737,0.0410,0.5600,0.7345,,0.1745,,45.66,-8.23,164.9,177.0,1.165,0.169,1.867
1791428724.248836,0.5695,0.4998,0.8030,0.6350,0.5695,0.8030,0.6350,0.5695,0.5695,0.1966,0.1557,0.6350,0.5695,0.0369,0.1229,0.0410,0.0410,0.5600,0.7315,0.6790,0.1715,-0.0525,44.84,-7.99,164.3,176.9,1.070,0.173,
1791428724.2888525,0.6350,0.6350,0.7538,0.6350,0.4302,0.7006,0.7538,0.6350,0.4998,0.6350,0.4302,0.5695,0.5695,0.0410,0.0737,0.0369,0.0574,0.5620,0.7290,0.6720,0.1670,-0.0570,44.70,-7.96,164.6,177.0,1.033,0.173,1.675
1791428724.3205755,0.6350,0.7006,0.7538,0.5695,0.5695,0.5695,0.6350,0.4302,0.6350,0.5695,0.1966,0.4998,0.5695,0.0737,0.0737,0.0574,0.0942,0.5610,0.7315,,0.1705,,45.25,-7.96,164.4,176.6,1.048,0.170,1.656
1791428724.3515482,0.3646,0.7006,0.7006,0.6350,0.4998,0.7006,0.7538,0.4998,0.4998,0.4998,0.6350,0.4998,0.5695,0.0574,0.0737,0.0942,0.0737,0.5600,0.7325,,0.1725,,45.28,-7.99,164.1,176.5,1.046,0.170,1.734
1791428724.3832028,0.7538,0.8440,0.6350,0.6350,0.5695,0.7538,0.6350,0.7006,0.6350,0.1966,0.2991,0.4998,0.6350,0.0410,0.0737,0.1229,0.0737,0.5600,0.7325,,0.1725,,45.19,-8.04,163.9,176.5,1.031,0.171,
1791428724.4154618,0.7006,0.7538,0.7538,0.5695,0.4302,0.7006,0.7006,0.6350,0.4998,0.4302,0.2991,0.4998,0.5695,0.0410,0.0205,0.0574,0.0737,0.5620,0.7320,,0.1700,,45.46,-8.08,164.2,176.9,1.021,0.169,1.648
1791428724.448343,0.5695,0.8030,0.6350,0.7006,0.4302,0.7006,0.7006,0.4302,0.3646,0.4302,0.3646,0.5695,0.5695,0.0737,0.0246,0.0737,0.0574,0.5610,0.7280,0.6600,0.1670,-0.0680,45.25,-8.39,164.2,176.9,0.996,0.169,1.652
1791428724.4829748,0.5695,0.7006,0.7538,0.7538,0.4302,0.4998,0.6350,0.5695,0.6350,0.6350,0.2991,0.5695,0.5695,0.0246,0.0369,0.0942,0.0942,0.5610,0.7335,0.6610,0.1725,-0.0725,45.30,-8.68,164.5,176.8,1.043,0.169,1.761
1791428724.5152595,0.7006,0.6350,0.4998,0.6350,0.4302,0.8767,0.6350,0.6350,0.5695,0.3646,0.4998,0.4998,0.5695,0.0205,0.0369,0.0410,0.0369,0.5610,0.7325,,0.1715,,45.08,-8.63,164.2,177.0,1.085,0.171,1.728
1791428724.55615,0.4998,0.5695,0.7006,0.5695,0.6350,0.8030,0.6350,0.7538,0.7006,0.6350,0.2458,0.5695,0.5695,0.0737,0.0410,0.0737,0.0574,0.5620,0.7300,0.6790,0.1680,-0.0510,44.98,-8.39,164.1,176.4,0.983,0.171,1.674
1791428724.5879543,0.5695,0.5695,0.9054,0.6350,0.2458,0.8030,0.6350,0.5695,0.5695,0.3646,0.2458,0.4998,0.5695,0.0574,0.0205,0.0737,0.0737,0.5620,0.7330,,0.1710,,45.39,-8.42,163.7,176.5,1.042,0.168,1.653
1791428724.619333,0.2991,0.4302,0.5695,0.4998,0.4302,0.5695,0.8030,0.5695,0.7006,0.1966,0.1966,0.4998,0.6350,0.0737,0.0410,0.0737,0.0737,,0.7300,,,,45.39,-8.42,163.5,176.5,0.985,0.168,
1791428724.6505268,0.6350,0.4998,0.7006,0.4998,0.4998,0.7538,0.6350,0.5695,0.6350,0.6350,0.4302,0.4998,0.5695,0.0737,0.0942,0.0574,0.0737,0.5650,0.7320,,0.1670,,45.25,-8.47,164.2,176.7,1.005,0.168,1.652
1791428724.682333,0.5695,0.7006,0.6350,0.6350,0.4998,0.8030,0.5695,0.4302,0.6350,0.6350,0.5695,0.4302,0.6350,0.0410,0.0369,0.0737,0.0574,0.5600,0.7270,,0.1670,,45.45,-8.50,164.2,177.1,0.932,0.167,1.567
1791428724.7158442,0.4302,0.8030,0.8030,0.6350,0.4998,0.8767,0.6350,0.7006,0.4998,0.4998,0.4998,0.3646,0.5695,0.0574,0.0737,0.0737,0.0574,0.5660,0.7320,,0.1660,,45.33,-8.56,164.4,176.7,0.992,0.167,1.680
1791428724.7490926,0.4998,0.4302,0.6350,0.4998,0.6350,0.7538,0.5695,0.6350,0.5695,0.2991,0.5695,0.5695,0.6350,0.0942,0.0246,0.0737,0.0737,0.5640,0.7310,0.6730,0.1670,-0.0580,45.02,-8.50,164.0,176.5,1.001,0.168,1.759
1791428724.7821229,0.3646,0.7538,0.9054,0.7006,0.4998,0.7538,0.5695,0.6350,0.4302,0.7538,0.5695,0.3646,0.4998,0.0574,0.0369,0.0737,0.0574,0.5610,0.7310,,0.1700,,44.83,-8.46,164.4,176.3,1.027,0.170,1.711
1791428724.82306,0.7006,0.8030,0.8440,0.5695,0.4998,0.8030,0.6350,0.4998,0.4302,0.5695,0.4302,0.5695,0.5695,0.0574,0.0942,0.0574,0.0737,0.5640,0.7290,0.6740,0.1650,-0.0550,44.77,-8.31,164.0,176.3,1.012,0.169,1.671
1791428724.8552148,0.4998,0.5695,0.6350,0.5695,0.4998,0.7538,0.7006,0.7006,0.7006,0.7006,0.2991,0.5695,0.5695,0.0737,0.0369,0.0574,0.0574,0.5660,0.7330,0.6770,0.1670,-0.0560,44.99,-8.21,164.3,176.9,1.020,0.168,1.675
1791428724.8861244,0.7538,0.5695,0.6350,0.5695,0.4302,0.4302,0.6350,0.5695,0.6350,0.6350,0.6350,0.4998,0.5695,0.0737,0.0205,0.0410,0.0410,0.5650,0.7340,,0.1690,,44.57,-8.10,164.0,176.2,1.132,0.171,1.818
1791428724.9179144,0.5695,0.7538,0.7538,0.7006,0.5695,0.3646,0.6350,0.6350,0.4998,0.6350,0.3646,0.4998,0.6350,0.0574,0.0942,0.0410,0.0737,0.5600,0.7305,,0.1705,,44.59,-8.08,163.7,176.1,1.033,0.171,1.689
1791428724.9488232,0.2991,0.8440,0.6350,0.4998,0.6350,0.7006,0.6350,0.6350,0.5695,0.1966,0.2991,0.5695,0.5695,0.0574,0.0246,0.0410,0.0574,,0.7340,0.6610,,-0.0730,44.59,-8.08,163.8,176.1,1.113,0.171,
1791428724.9831052,0.4302,0.8030,0.7538,0.6350,0.5695,0.7006,0.6350,0.4302,0.4302,0.6350,0.4998,0.4998,0.5695,0.0737,0.0164,0.0737,0.0737,0.5610,0.7345,,0.1735,,45.09,-8.13,163.6,176.2,1.057,0.169,1.713
1791428725.015852,0.5695,0.8030,0.8030,0.6350,0.4998,0.5695,0.6350,0.4302,0.6350,0.6350,0.4998,0.5695,0.5695,0.0574,0.0574,0.0737,0.0574,0.5630,0.7285,0.6690,0.1655,-0.0595,45.40,-8.21,163.9,176.3,0.985,0.166,1.583
1791428725.0550263,0.2991,0.6350,0.8767,0.5695,0.6350,0.7006,0.6350,0.3646,0.5695,0.6350,0.2991,0.5695,0.5695,0.0410,0.1229,0.0942,0.0737,,0.7315,0.6720,,-0.0595,45.40,-8.21,164.2,176.5,1.059,0.166,
1791428725.0917544,0.7006,0.7538,0.9423,0.5695,0.5695,0.6350,0.7006,0.4998,0.6350,0.5695,0.3646,0.5695,0.5695,0.0737,0.0369,0.0942,0.0942,0.5620,0.7350,0.6650,0.1730,-0.0700,45.15,-8.24,164.4,176.5,1.193,0.169,1.892
1791428725.124373,0.4302,0.7538,0.4302,0.6350,0.6350,0.8030,0.7006,0.4998,0.7006,0.5695,0.5695,0.3646,0.6350,0.0574,0.0942,0.0410,0.0410,0.5650,0.7310,,0.1660,,45.34,-8.39,164.5,176.8,0.952,0.167,1.627
1791428725.1556027,0.4302,0.6350,0.8440,0.7006,0.4998,0.5695,0.6350,0.6350,0.4998,0.6350,0.2991,0.4998,0.4998,0.0737,0.0246,0.0410,0.0574,0.5620,0.7340,,0.1720,,45.39,-8.41,164.3,177.2,1.060,0.167,1.719
1791428725.1872654,0.4998,0.4998,0.7006,0.5695,0.3646,0.7538,0.6350,0.6350,0.5695,0.6350,0.1229,0.5695,0.5695,0.0942,0.0574,0.0737,0.0574,0.5640,0.7320,0.6720,0.1680,-0.0600,45.20,-8.38,164.1,178.2,1.035,0.168,1.739
1791428725.218856,0.5695,0.8030,0.9054,0.7006,0.4302,0.6350,0.7538,0.6350,0.5695,0.6350,0.5695,0.4998,0.6350,0.0574,0.0205,0.0574,0.0574,0.5620,0.7315,,0.1695,,45.15,-8.39,164.0,178.1,1.021,0.168,1.716
1791428725.2497284,0.2991,0.7538,0.7006,0.6350,0.5695,0.6350,0.6350,0.6350,0.5695,0.2458,0.1966,0.4998,0.5695,0.0369,0.0737,0.0942,0.0574,,0.7325,,,,45.15,-8.39,163.6,179.3,1.050,0.168,
1791428725.2826943,0.4302,0.8440,0.5695,0.7006,0.7006,0.7006,0.6350,0.7006,0.6350,0.6350,0.1966,0.4998,0.5695,0.0410,0.0369,0.0942,0.0737,0.5640,0.7330,,0.1690,,45.42,-8.48,163.9,179.1,0.997,0.167,1.646
1791428725.317627,0.5695,0.8030,0.5695,0.6350,0.4302,0.7006,0.6350,0.4302,0.4302,0.6350,0.1557,0.6350,0.5695,0.0369,0.0246,0.0737,0.0737,0.5640,0.7325,0.6600,0.1685,-0.0725,45.41,-8.76,164.2,179.0,1.044,0.167,1.680
1791428725.3500123,0.5695,0.8440,0.6350,0.2458,0.2458,0.6350,0.6350,0.8030,0.4998,0.3646,0.2458,0.5695,0.6350,0.0410,0.0942,0.0574,0.0574,0.5650,0.7310,0.6710,0.1660,-0.0600,45.59,-8.73,164.3,178.5,0.992,0.165,1.675
1791428725.384053,0.4302,0.3646,0.8030,0.5695,0.4998,0.8030,0.7538,0.7006,0.6350,0.6350,0.3646,0.5695,0.6350,0.0737,0.0410,0.0737,0.0574,0.5640,0.7330,0.6610,0.1690,-0.0720,45.42,-8.92,164.5,178.3,1.055,0.166,1.711
1791428725.424483,0.4998,0.7006,0.7538,0.5695,0.4998,0.7538,0.7538,0.4998,0.4998,0.5695,0.4998,0.5695,0.6350,0.0574,0.0246,0.0737,0.0574,0.5610,0.7290,0.6650,0.1680,-0.0640,45.28,-8.91,164.2,177.8,1.025,0.167,1.671
1791428725.4566526,0.4998,0.5695,0.7006,0.7538,0.4998,0.4998,0.5695,0.2991,0.5695,0.6350,0.4998,0.6350,0.6350,0.0737,0.0737,0.0737,0.0574,0.5640,0.7345,0.6580,0.1705,-0.0765,45.12,-9.10,164.3,178.1,1.108,0.168,1.783
1791428725.487473,0.5695,0.7538,0.7006,0.4302,0.5695,0.5695,0.6350,0.7538,0.6350,0.4998,0.4302,0.5695,0.5695,0.0205,0.0164,0.0410,0.0574,0.5610,0.7305,0.6700,0.1695,-0.0605,45.30,-9.02,164.2,177.7,0.993,0.167,1.651
1791428725.51919,0.7006,0.6350,0.7006,0.6350,0.4998,0.7006,0.6350,0.7006,0.3646,0.1966,0.4302,0.4998,0.5695,0.0737,0.0246,0.0737,0.0737,0.5620,0.7340,,0.1720,,45.66,-9.06,164.2,177.8,1.041,0.166,1.759
1791428725.5494173,0.5695,0.7538,0.5695,0.4302,0.5695,0.5695,0.7006,0.6350,0.5695,0.4302,0.4998,0.6350,0.5695,0.1229,0.0737,0.0574,0.0574,0.5670,0.7345,0.6610,0.1675,-0.0735,45.16,-9.19,164.4,177.7,1.076,0.168,1.768
1791428725.582617,0.8440,0.8030,0.7538,0.5695,0.4302,0.8030,0.5695,0.6350,0.5695,0.4302,0.4998,0.4302,0.7006,0.0410,0.0942,0.0942,0.0737,0.5670,0.7320,,0.1650,,45.31,-9.20,164.3,178.3,1.028,0.167,1.673
1791428725.6170363,0.3646,0.4998,0.4998,0.5695,0.4302,0.5695,0.6350,0.7006,0.6350,0.4998,0.4998,0.4998,0.5695,0.0574,0.1557,0.0942,0.0942,0.5630,0.7325,,0.1695,,45.50,-9.23,164.7,178.2,1.020,0.166,1.713
1791428725.6496913,0.2458,0.3646,0.8030,0.5695,0.4302,0.6350,0.5695,0.6350,0.5695,0.4998,0.4302,0.5695,0.5695,0.0410,0.0942,0.0410,0.0737,,0.7300,0.6800,,-0.0500,45.50,-9.23,164.7,178.1,1.015,0.166,
1791428725.6826353,0.6350,0.5695,0.8767,0.6350,0.3646,0.8767,0.5695,0.6350,0.4998,0.4998,0.6350,0.6350,0.4998,0.0942,0.0410,0.0574,0.0574,0.5640,0.7300,,0.1660,,45.51,-9.24,165.0,177.8,0.994,0.165,1.626
1791428725.7237804,0.5695,0.6350,0.5695,0.6350,0.4998,0.7538,0.7538,0.6350,0.4998,0.5695,0.2991,0.5695,0.6350,0.0574,0.1229,0.1229,0.0942,0.5660,0.7320,0.6610,0.1660,-0.0710,45.24,-9.30,164.7,177.4,1.056,0.166,1.705
1791428725.7552967,0.5695,0.5695,0.6350,0.4998,0.4302,0.8440,0.5695,0.5695,0.6350,0.4302,0.2458,0.5695,0.5695,0.0737,0.0246,0.0574,0.0737,0.5620,0.7290,0.6770,0.1670,-0.0520,45.16,-8.87,164.7,178.0,1.041,0.167,1.677
1791428725.7854946,0.5695,0.7538,0.6350,0.6350,0.6350,0.8030,0.7006,0.6350,0.6350,0.5695,0.5695,0.4998,0.6350,0.0574,0.0574,0.0737,0.0737,0.5640,0.7290,,0.1650,,44.90,-8.78,164.4,177.6,1.050,0.168,1.716
1791428725.8187826,0.2991,0.7006,0.5695,0.6350,0.3646,0.6350,0.7006,0.6350,0.5695,0.3646,0.3646,0.4998,0.6350,0.0737,0.0737,0.0246,0.0246,,0.7340,,,,44.90,-8.78,164.5,177.3,1.085,0.168,
1791428725.8502192,0.4302,0.7538,0.7006,0.7006,0.4302,0.7538,0.5695,0.6350,0.4302,0.4998,0.4998,0.5695,0.6350,0.0737,0.0737,0.0737,0.0737,0.5620,0.7335,0.6610,0.1715,-0.0725,45.14,-8.89,164.1,177.6,1.103,0.167,1.805
1791428725.8839343,0.5695,0.7006,0.5695,0.6350,0.4998,0.7538,0.7006,0.6350,0.5695,0.6350,0.4998,0.5695,0.6350,0.0942,0.0942,0.0942,0.0737,0.5600,0.7330,0.6810,0.1730,-0.0520,45.41,-8.54,164.0,178.3,1.041,0.167,1.687
1791428725.917988,0.4302,0.6350,0.8440,0.5695,0.4302,0.7006,0.5695,0.7006,0.5695,0.6350,0.1966,0.3646,0.5695,0.0574,0.0737,0.0410,0.0574,0.5630,0.7330,,0.1700,,45.78,-8.61,164.3,178.0,1.027,0.165,1.702
1791428725.9502673,0.2991,0.8440,0.6350,0.6350,0.4998,0.7006,0.7538,0.5695,0.5695,0.5695,0.1966,0.4998,0.5695,0.0737,0.1229,0.0737,0.0737,,0.7330,,,,45.78,-8.61,164.8,178.1,0.983,0.165,
1791428725.9841874,0.7006,0.7006,0.7538,0.7006,0.5695,0.7006,0.7006,0.5695,0.4998,0.4998,0.1966,0.4302,0.5695,0.0574,0.0942,0.0574,0.0574,0.5620,0.7330,,0.1710,,46.26,-8.61,164.7,178.3,1.060,0.162,1.689
1791428726.024248,0.6350,0.6350,0.8030,0.7006,0.4302,0.7538,0.4998,0.7538,0.5695,0.5695,0.3646,0.4998,0.5695,0.0737,0.0942,0.0737,0.1229,0.5620,0.7325,,0.1705,,46.00,-8.60,164.7,178.4,1.061,0.164,1.719
1791428726.0559616,0.4302,0.7538,0.8440,0.6350,0.4998,0.7006,0.7006,0.4998,0.4998,0.7006,0.2458,0.4998,0.5695,0.0942,0.0942,0.0737,0.0410,0.5660,0.7330,,0.1670,,46.34,-8.72,164.7,178.3,0.986,0.161,1.599
1791428726.0884316,0.3646,0.8030,0.7538,0.6350,0.5695,0.6350,0.5695,0.7538,0.5695,0.4998,0.1966,0.6350,0.6350,0.0410,0.0942,0.0737,0.0574,0.5610,0.7340,0.6550,0.1730,-0.0790,46.24,-8.94,164.9,178.6,1.151,0.163,1.782
1791428726.1183448,0.3646,0.8030,0.6350,0.6350,0.4998,0.5695,0.7006,0.7006,0.4302,0.6350,0.2991,0.5695,0.6350,0.0369,0.0942,0.0737,0.0574,0.5660,0.7340,0.6640,0.1680,-0.0700,45.96,-8.96,165.0,178.9,1.104,0.164,1.761
1791428726.1509366,0.4998,0.5695,0.9054,0.7006,0.4998,0.7006,0.7006,0.8767,0.4998,0.7006,0.2991,0.5695,0.5695,0.0942,0.0942,0.0574,0.0737,0.5610,0.7310,0.6610,0.1700,-0.0700,45.48,-8.98,164.6,178.4,1.093,0.167,1.795
1791428726.1844916,0.8030,0.7006,0.7006,0.5695,0.4302,0.5695,0.7538,0.7006,0.5695,0.7006,0.3646,0.4302,0.5695,0.0410,0.0737,0.1229,0.0942,0.5660,0.7345,,0.1685,,45.43,-9.01,164.7,178.5,1.089,0.167,1.771
1791428726.2171814,0.7538,0.7006,0.8030,0.7006,0.4302,0.7006,0.6350,0.4998,0.6350,0.5695,0.1966,0.4998,0.5695,0.0246,0.0410,0.0737,0.0574,0.5640,0.7335,,0.1695,,45.31,-9.03,164.7,179.3,1.076,0.168,1.777
1791428726.25143,0.5695,0.7006,0.5695,0.5695,0.4302,0.5695,0.7006,0.7006,0.4998,0.2991,0.4302,0.4302,0.4302,0.0574,0.0369,0.0737,0.0410,0.5660,0.7320,,0.1660,,45.34,-9.12,164.0,178.8,1.004,0.167,1.694
1791428726.284582,0.4302,0.6350,0.5695,0.7538,0.3646,0.7006,0.8440,0.7006,0.6350,0.4998,0.4998,0.4998,0.5695,0.0574,0.0246,0.0737,0.0574,0.5620,0.7335,,0.1715,,45.14,-9.14,164.1,178.5,1.057,0.168,1.750
1791428726.3250358,0.5695,0.5695,0.7006,0.5695,0.4998,0.7006,0.6350,0.5695,0.7538,0.5695,0.2991,0.4998,0.5695,0.0942,0.0942,0.0737,0.0574,0.5620,0.7345,,0.1725,,45.66,-9.21,164.8,178.5,1.047,0.166,1.713
1791428726.3563974,0.4998,0.6350,0.8767,0.5695,0.4998,0.6350,0.8030,0.6350,0.7006,0.7006,0.4302,0.5695,0.6350,0.0574,0.0942,0.1229,0.0942,0.5620,0.7345,0.6620,0.1725,-0.0725,45.85,-9.23,165.0,179.1,1.108,0.165,1.735
1791428726.3872652,0.5695,0.8440,0.8030,0.5695,0.4998,0.8030,0.7538,0.8030,0.7006,0.7006,0.2991,0.4998,0.5695,0.0410,0.0574,0.0574,0.0410,0.5610,0.7310,,0.1700,,45.66,-9.22,165.1,179.0,1.031,0.166,1.670
1791428726.418556,0.8767,0.7538,0.8440,0.7006,0.2458,0.6350,0.6350,0.7538,0.5695,0.7538,0.4998,0.4302,0.5695,0.0574,0.0246,0.0574,0.0574,0.5630,0.7350,,0.1720,,45.77,-9.17,165.0,178.7,1.122,0.166,1.779
1791428726.4517045,0.4302,0.8767,0.8440,0.3646,0.5695,0.7538,0.6350,0.6350,0.6350,0.7006,0.4998,0.4998,0.6350,0.0410,0.0942,0.0246,0.0369,0.5620,0.7330,,0.1710,,46.12,-9.29,165.2,178.2,0.996,0.164,1.607
1791428726.484667,0.5695,0.7006,0.9054,0.7538,0.4302,0.6350,0.6350,0.8440,0.7006,0.7006,0.2991,0.5695,0.5695,0.0942,0.0942,0.0737,0.0574,0.5660,0.7335,0.6590,0.1675,-0.0745,45.91,-9.30,165.4,178.0,1.132,0.165,1.796
1791428726.5183034,0.2991,0.4302,0.8030,0.6350,0.5695,0.7006,0.7006,0.7006,0.8030,0.7006,0.3646,0.6350,0.5695,0.0369,0.1229,0.0942,0.0737,,0.7340,0.6610,,-0.0730,45.91,-9.30,165.0,177.7,1.054,0.165,
1791428726.5522,0.4998,0.6350,0.9054,0.5695,0.3646,0.5695,0.6350,0.4998,0.7006,0.6350,0.2458,0.5695,0.6350,0.0737,0.0574,0.0574,0.0574,0.5610,0.7335,0.6610,0.1725,-0.0725,46.50,-9.43,164.8,177.6,1.034,0.162,1.633
1791428726.5918465,0.4302,0.7006,0.8440,0.5695,0.4302,0.5695,0.6350,0.5695,0.5695,0.2991,0.2458,0.6350,0.4998,0.0737,0.0942,0.0574,0.0574,0.5600,0.7325,,0.1725,,46.15,-9.36,164.7,178.0,1.089,0.164,
1791428726.6233788,0.7006,0.7538,0.7538,0.5695,0.4302,0.7538,0.6350,0.7006,0.6350,0.5695,0.4998,0.5695,0.4998,0.0574,0.0246,0.0942,0.0574,0.5610,0.7340,,0.1730,,46.01,-9.37,164.5,177.9,1.073,0.165,1.709
1791428726.6553135,0.5695,0.8030,0.7006,0.5695,0.4302,0.8030,0.5695,0.6350,0.6350,0.6350,0.1557,0.4998,0.6350,0.0737,0.1229,0.0737,0.0942,0.5620,0.7340,,0.1720,,46.24,-9.34,164.3,178.1,1.099,0.164,1.720
1791428726.6867146,0.5695,0.7538,0.7006,0.7006,0.5695,0.7538,0.5695,0.7538,0.6350,0.7538,0.4302,0.4998,0.5695,0.0574,0.1229,0.0942,0.0737,0.5610,0.7305,,0.1695,,45.70,-9.28,164.5,178.6,1.066,0.167,1.737
1791428726.717607,0.4998,0.8440,0.5695,0.6350,0.6350,0.5695,0.7006,0.7538,0.4998,0.5695,0.3646,0.5695,0.5695,0.0410,0.1229,0.1229,0.0942,0.5650,0.7335,0.6720,0.1685,-0.0615,45.76,-9.09,164.5,178.5,1.054,0.166,1.702
1791428726.7512553,0.2991,0.6350,0.7538,0.5695,0.6350,0.5695,0.6350,0.7006,0.7006,0.7006,0.1966,0.5695,0.5695,0.0737,0.0410,0.0737,0.0574,,0.7325,0.6620,,-0.0705,45.76,-9.09,164.5,178.2,1.017,0.166,
1791428726.7850702,0.8440,0.7006,0.9054,0.5695,0.4998,0.6350,0.6350,0.5695,0.8030,0.6350,0.5695,0.5695,0.6350,0.0737,0.0942,0.0737,0.0737,0.5650,0.7330,0.6630,0.1680,-0.0700,45.91,-9.37,165.3,178.8,0.930,0.165,1.649
1791428726.8189428,0.5695,0.7006,0.8767,0.6350,0.4302,0.8440,0.7538,0.5695,0.7006,0.6350,0.2991,0.4998,0.6350,0.0369,0.0369,0.0737,0.0737,0.5610,0.7340,,0.1730,,46.18,-9.40,164.9,178.6,1.037,0.164,1.665
1791428726.8515606,0.5695,0.6350,0.8440,0.5695,0.4998,0.5695,0.6350,0.7006,0.7006,0.7006,0.4998,0.7006,0.6350,0.0737,0.0410,0.0574,0.0574,0.5600,0.7255,0.6590,0.1655,-0.0665,46.15,-9.52,165.0,179.3,0.940,0.163,1.558
1791428726.8854883,0.4302,0.7006,0.7006,0.6350,0.4998,0.6350,0.7006,0.7006,0.5695,0.5695,0.4998,0.5695,0.6350,0.0410,0.0410,0.0574,0.0574,0.5620,0.7310,0.6770,0.1690,-0.0540,46.09,-9.09,164.8,178.8,1.039,0.163,1.691
1791428726.923764,0.8030,0.5695,0.8030,0.6350,0.5695,0.6350,0.7538,0.7006,0.5695,0.7006,0.6350,0.4998,0.6350,0.0942,0.0942,0.0574,0.0737,0.5600,0.7335,,0.1735,,46.37,-9.08,165.1,178.1,1.059,0.162,1.670
1791428726.9559646,0.4998,0.8030,0.9054,0.7006,0.3646,0.4302,0.7006,0.5695,0.6350,0.4998,0.3646,0.4998,0.5695,0.0942,0.0410,0.0737,0.0574,0.5610,0.7280,,0.1670,,46.22,-9.04,164.9,177.7,0.996,0.163,1.599
1791428726.9873655,0.7538,0.7538,0.8030,0.7006,0.4302,0.7538,0.7006,0.7006,0.3646,0.6350,0.2991,0.4998,0.5695,0.0574,0.0246,0.0246,0.0410,0.5620,0.7340,,0.1720,,46.05,-9.08,164.8,177.5,1.046,0.164,1.732
1791428727.0187395,0.5695,0.8030,0.7006,0.6350,0.4302,0.6350,0.7006,0.7006,0.5695,0.6350,0.4998,0.4998,0.4998,0.0942,0.0574,0.0737,0.0369,0.5660,0.7285,,0.1625,,46.13,-9.10,164.9,177.4,0.969,0.162,1.599
1791428727.0519762,0.4998,0.7006,0.6350,0.5695,0.4998,0.8030,0.8030,0.6350,0.6350,0.6350,0.4998,0.6350,0.6350,0.0942,0.1557,0.0737,0.0942,0.5610,0.7315,0.6700,0.1705,-0.0615,45.96,-9.00,164.8,177.9,1.014,0.163,1.702
1791428727.084897,0.2991,0.8030,0.9259,0.5695,0.5695,0.7006,0.8030,0.7538,0.6350,0.3646,0.2458,0.5695,0.6350,0.0737,0.1229,0.0737,0.0737,,0.7330,0.6790,,-0.0540,45.96,-9.00,165.0,177.9,1.024,0.163,
1791428727.118625,0.4998,0.7006,0.6350,0.6350,0.5695,0.4998,0.7538,0.6350,0.4998,0.1966,0.4302,0.5695,0.5695,0.0942,0.0410,0.0737,0.0942,0.5640,0.7325,0.6720,0.1685,-0.0605,45.76,-8.91,164.9,177.8,1.006,0.164,1.727
1791428727.151793,0.5695,0.5695,0.6350,0.5695,0.4302,0.7538,0.8030,0.3646,0.4998,0.6350,0.1557,0.5695,0.6350,0.0574,0.0369,0.0410,0.0410,0.5610,0.7330,0.6760,0.1720,-0.0570,45.78,-8.71,164.4,178.3,1.028,0.165,1.658
1791428727.1850986,0.4998,0.6350,0.9054,0.6350,0.5695,0.6350,0.6350,0.5695,0.7006,0.7006,0.5695,0.4998,0.6350,0.0410,0.0369,0.0574,0.0574,0.5650,0.7340,,0.1690,,45.87,-8.71,164.1,177.4,1.051,0.164,1.682
1791428727.218612,0.3646,0.4998,0.8767,0.5695,0.5695,0.6350,0.6350,0.5695,0.5695,0.6350,0.4302,0.5695,0.5695,0.0410,0.0410,0.0410,0.0369,0.5630,0.7255,0.6590,0.1625,-0.0665,46.07,-8.90,163.6,178.4,0.975,0.162,1.566
1791428727.2583206,0.4302,0.6350,0.8030,0.4998,0.4998,0.4998,0.7006,0.6350,0.6350,0.4998,0.5695,0.5695,0.5695,0.0942,0.0942,0.0246,0.0574,0.5590,0.7340,0.6580,0.1750,-0.0760,45.70,-9.09,164.0,177.8,1.099,0.165,1.791
1791428727.290411,0.7538,0.7538,0.7538,0.6350,0.5695,0.6350,0.7006,0.6350,0.4998,0.3646,0.4998,0.5695,0.5695,0.0737,0.0737,0.0737,0.0410,0.5610,0.7305,0.6770,0.1695,-0.0535,46.11,-8.88,164.4,177.8,0.954,0.163,1.581
1791428727.3207915,0.8030,0.6350,0.7538,0.6350,0.4302,0.7538,0.6350,0.5695,0.4998,0.4998,0.3646,0.5695,0.6350,0.0246,0.0942,0.0737,0.0737,0.5600,0.7335,0.6820,0.1735,-0.0515,46.34,-8.49,164.1,177.8,1.052,0.162,1.676
1791428727.3533788,0.8030,0.5695,0.7538,0.6350,0.5695,0.7538,0.4998,0.7538,0.7006,0.5695,0.5695,0.5695,0.6350,0.0574,0.0246,0.0410,0.0737,0.5600,0.7300,0.6790,0.1700,-0.0510,46.14,-8.25,164.4,177.7,1.004,0.164,1.671
1791428727.38516,0.7538,0.6350,0.8030,0.6350,0.6350,0.6350,0.7006,0.5695,0.7006,0.6350,0.5695,0.6350,0.5695,0.0574,0.0246,0.0574,0.0410,0.5600,0.7325,0.6580,0.1725,-0.0745,46.28,-8.67,165.0,177.6,1.021,0.163,1.592
1791428727.418898,0.7538,0.4998,0.8030,0.5695,0.3646,0.7538,0.6350,0.7538,0.6350,0.5695,0.3646,0.5695,0.6350,0.0737,0.0942,0.0737,0.0574,0.5690,0.7230,0.6710,0.1540,-0.0520,45.81,-8.52,164.9,177.6,0.938,0.163,1.589
1791428727.4522784,0.5695,0.8030,0.7006,0.6350,0.4998,0.6350,0.7006,0.6350,0.6350,0.5695,0.4998,0.4998,0.5695,0.0369,0.1229,0.0942,0.1229,0.5600,0.7335,,0.1735,,45.75,-8.56,164.6,177.2,1.041,0.164,1.727
1791428727.4862998,0.6350,0.8030,0.5695,0.7538,0.3646,0.7538,0.7006,0.7538,0.4998,0.4302,0.4302,0.4998,0.5695,0.0574,0.0737,0.0246,0.0574,0.5680,0.7345,,0.1665,,45.74,-8.60,164.7,177.0,1.049,0.164,1.769
1791428727.5274491,0.4998,0.8440,0.7538,0.6350,0.5695,0.7006,0.6350,0.6350,0.5695,0.6350,0.6350,0.4998,0.6350,0.0942,0.1229,0.1229,0.0942,0.5610,0.7340,,0.1730,,45.89,-8.60,164.7,176.9,1.066,0.164,1.782
1791428727.5591147,0.7006,0.7006,0.9054,0.7006,0.6350,0.7006,0.8030,0.7538,0.7006,0.2991,0.7006,0.4998,0.6350,0.0369,0.0942,0.0246,0.0369,0.5610,0.7325,,0.1715,,45.72,-8.58,164.6,177.0,1.048,0.165,1.738
1791428727.5903888,0.5695,0.7006,0.5695,0.4998,0.4302,0.6350,0.5695,0.7538,0.6350,0.4302,0.4302,0.4998,0.6350,0.0942,0.0574,0.0737,0.0737,0.5610,0.7330,,0.1720,,45.88,-8.52,164.6,177.2,1.084,0.165,1.774
1791428727.6212764,0.7006,0.7538,0.8030,0.5695,0.4302,0.6350,0.7006,0.6350,0.4302,0.1966,0.2458,0.4998,0.6350,0.0737,0.1229,0.0369,0.0737,0.5610,0.7315,,0.1705,,46.04,-8.55,164.5,179.1,1.012,0.164,
1791428727.653586,0.4302,0.7538,0.8440,0.6350,0.4998,0.7538,0.7538,0.4998,0.5695,0.5695,0.3646,0.5695,0.5695,0.0942,0.0410,0.0574,0.0737,0.5600,0.7300,0.6540,0.1700,-0.0760,45.93,-8.85,164.2,178.5,1.081,0.165,1.697
1791428727.6856844,0.5695,0.7538,0.5695,0.6350,0.3646,0.8030,0.6350,0.7006,0.7538,0.4998,0.1966,0.4302,0.5695,0.0737,0.0942,0.0737,0.0942,0.5710,0.7325,,0.1615,,46.19,-8.94,164.1,178.3,1.001,0.162,1.656
1791428727.7184749,0.4998,0.8030,0.7006,0.4998,0.4302,0.6350,0.7006,0.8030,0.6350,0.5695,0.1557,0.4302,0.5695,0.0737,0.0205,0.0737,0.0737,0.5620,0.7325,,0.1705,,46.13,-8.88,164.1,178.4,1.085,0.162,1.742
1791428727.7527711,0.4998,0.8030,0.7006,0.4998,0.4998,0.8030,0.5695,0.6350,0.7006,0.4302,0.6350,0.6350,0.5695,0.0410,0.0410,0.0246,0.0369,0.5620,0.7295,0.6630,0.1675,-0.0665,45.79,-8.93,163.9,177.6,1.032,0.164,1.664
1791428727.7866497,0.5695,0.8030,0.8030,0.7006,0.4998,0.7006,0.7006,0.5695,0.5695,0.4998,0.1966,0.2991,0.5695,0.0574,0.0246,0.0737,0.0737,0.5620,0.7305,,0.1685,,46.42,-9.00,163.6,177.5,,0.160,1.606
1791428727.8264005,0.2458,0.7538,0.9259,0.5695,0.4998,0.7538,0.6350,0.5695,0.4302,0.7538,0.2458,0.4998,0.5695,0.0574,0.0410,0.0942,0.0942,,0.7295,,,,46.42,-9.00,163.8,177.3,1.006,0.160,
1791428727.8582976,0.7538,0.8440,0.8030,0.6350,0.4998,0.6350,0.7006,0.7006,0.6350,0.7538,0.3646,0.5695,0.6350,0.0737,0.0942,0.0942,0.0737,0.5610,0.7310,0.6560,0.1700,-0.0750,46.11,-9.23,163.9,177.2,1.049,0.162,1.672
1791428727.8903658,0.6350,0.8440,0.7538,0.4998,0.4998,0.7538,0.7006,0.5695,0.7006,0.6350,0.6350,0.3646,0.6350,0.0737,0.0737,0.0942,0.0574,0.5640,0.7310,,0.1670,,45.65,-9.25,164.1,176.8,1.022,0.165,1.672
1791428727.9220936,0.2991,0.8767,0.7538,0.6350,0.3646,0.5695,0.7006,0.7006,0.6350,0.6350,0.1966,0.4998,0.6350,0.0942,0.0942,0.0737,0.0737,,0.7350,,,,45.65,-9.25,165.1,177.2,1.145,0.165,
1791428727.9527478,0.4998,0.7006,0.9054,0.6350,0.4998,0.6350,0.7006,0.4998,0.7006,0.3646,0.2991,0.3646,0.5695,0.0369,0.0369,0.0942,0.0942,0.5620,0.7320,,0.1700,,45.68,-9.35,165.2,177.2,0.988,0.165,1.665
1791428727.986235,0.7006,0.6350,0.7006,0.6350,0.5695,0.6350,0.7538,0.8030,0.7006,0.6350,0.5695,0.5695,0.5695,0.1229,0.0942,0.0737,0.0410,0.5600,0.7310,0.6580,0.1710,-0.0730,45.56,-9.49,164.9,177.6,1.032,0.166,1.668
1791428728.0200374,0.7538,0.7538,0.7538,0.4998,0.5695,0.7538,0.4302,0.3646,0.7006,0.7006,0.2458,0.4998,0.5695,0.1229,0.0205,0.0574,0.0737,0.5680,0.7315,,0.1635,,45.30,-9.47,164.7,178.0,1.040,0.166,1.739
1791428728.053367,0.5695,0.7538,0.6350,0.7006,0.6350,0.7006,0.7538,0.5695,0.6350,0.4998,0.6350,0.5695,0.6350,0.0574,0.0246,0.0574,0.0574,0.5650,0.7315,0.6710,0.1665,-0.0605,45.25,-9.26,164.4,177.9,1.022,0.166,1.685
1791428728.086249,0.2991,0.6350,0.7538,0.4998,0.5695,0.7538,0.7538,0.4998,0.5695,0.3646,0.1557,0.4302,0.5695,0.0574,0.0737,0.0737,0.1229,,0.7330,,,,45.25,-9.26,164.5,178.0,1.016,0.166,
1791428728.1265736,0.2991,0.8030,0.7538,0.6350,0.5695,0.6350,0.7006,0.5695,0.7538,0.7538,0.2458,0.6350,0.6350,0.0942,0.0574,0.0737,0.0574,,0.7320,0.6750,,-0.0570,45.25,-9.26,164.6,178.8,1.043,0.166,
1791428728.1590793,0.7538,0.5695,0.5695,0.6350,0.4998,0.7538,0.6350,0.7538,0.4302,0.4998,0.3646,0.4998,0.6350,0.0737,0.0574,0.0737,0.0942,0.5650,0.7340,,0.1690,,45.27,-9.24,164.9,178.3,1.081,0.166,1.768
1791428728.1900976,0.7538,0.8030,0.7538,0.5695,0.3646,0.7538,0.6350,0.8030,0.6350,0.5695,0.3646,0.4998,0.5695,0.0574,0.0942,0.0574,0.0737,0.5650,0.7340,,0.1690,,45.13,-9.23,165.0,177.8,1.074,0.167,1.748
1791428728.223058,0.7006,0.8030,0.8030,0.5695,0.4302,0.7538,0.6350,0.5695,0.4998,0.3646,0.2991,0.6350,0.5695,0.0205,0.0205,0.0410,0.0410,0.5620,0.7330,0.6710,0.1710,-0.0620,45.24,-9.06,165.0,177.9,1.052,0.167,1.711
1791428728.2541308,0.5695,0.8030,0.7538,0.5695,0.5695,0.6350,0.6350,0.8030,0.6350,0.4998,0.1966,0.4302,0.5695,0.0737,0.1229,0.0574,0.0737,0.5620,0.7305,,0.1685,,45.62,-9.04,164.8,178.2,1.024,0.165,1.658
1791428728.2864773,0.6350,0.8440,0.6350,0.7006,0.3646,0.6350,0.7006,0.1966,0.5695,0.6350,0.2991,0.4998,0.5695,0.0737,0.1229,0.0942,0.0737,0.5620,0.7300,,0.1680,,45.85,-9.12,165.3,178.8,0.968,0.164,1.568
1791428728.3205464,0.7538,0.7538,0.8767,0.5695,0.3646,0.5695,0.7006,0.6350,0.4998,0.7006,0.7538,0.5695,0.6350,0.0410,0.1557,0.1557,0.1229,0.5600,0.7345,0.6610,0.1745,-0.0735,45.95,-9.19,165.2,178.5,1.102,0.164,1.793
1791428728.3541539,0.2458,0.7538,0.8440,0.6350,0.4998,0.7006,0.6350,0.5695,0.6350,0.4302,0.4998,0.4302,0.5695,0.0574,0.0574,0.0246,0.0737,,0.7310,,,,45.95,-9.19,165.3,177.9,1.004,0.164,
1791428728.38687,0.5695,0.8030,0.7006,0.6350,0.6350,0.5695,0.7538,0.5695,0.4998,0.4998,0.2991,0.4998,0.5695,0.0737,0.0410,0.0942,0.0574,0.5610,0.7335,,0.1725,,46.26,-9.21,165.1,178.8,1.051,0.163,1.651
1791428728.4274144,0.7538,0.8440,0.8030,0.5695,0.4302,0.7538,0.6350,0.6350,0.5695,0.1966,0.4302,0.4998,0.5695,0.0246,0.0369,0.0737,0.0410,0.5610,0.7315,,0.1705,,46.40,-9.35,164.8,177.6,0.949,0.162,1.593
1791428728.458854,0.6350,0.7006,0.9054,0.4998,0.4998,0.6350,0.8440,0.4998,0.5695,0.5695,0.4302,0.6350,0.6350,0.0737,0.1229,0.0942,0.0737,0.5620,0.7310,0.6710,0.1690,-0.0600,46.67,-9.24,164.7,177.3,0.975,0.160,1.616
1791428728.4901402,0.4302,0.6350,0.8440,0.4998,0.4998,0.7006,0.7538,0.7538,0.5695,0.5695,0.1557,0.5695,0.5695,0.0369,0.1229,0.0942,0.0942,0.5610,0.7305,0.6790,0.1695,-0.0515,46.42,-8.87,164.8,178.1,0.997,0.162,1.668
1791428728.5221825,0.6350,0.7006,0.8440,0.5695,0.4998,0.7006,0.4998,0.5695,0.5695,0.4998,0.4998,0.4998,0.4998,0.0942,0.0369,0.0369,0.0737,0.5610,0.7315,,0.1705,,46.28,-8.92,164.6,177.9,0.977,0.163,1.647
1791428728.5532968,0.6350,0.7006,0.7006,0.6350,0.6350,0.7006,0.7538,0.5695,0.6350,0.6350,0.3646,0.5695,0.5695,0.0737,0.0369,0.0942,0.0942,0.5640,0.7325,0.6790,0.1685,-0.0535,46.23,-8.68,164.6,177.5,0.989,0.163,1.662
1791428728.586542,0.6350,0.7006,0.7006,0.7006,0.4302,0.6350,0.6350,0.5695,0.6350,0.6350,0.6350,0.4302,0.5695,0.0942,0.0369,0.0574,0.0737,0.5610,0.7335,,0.1725,,46.27,-8.72,165.2,177.5,1.006,0.163,1.675
1791428728.620199,0.4302,0.8030,0.8767,0.4998,0.2991,0.7006,0.6350,0.6350,0.7006,0.5695,0.4302,0.5695,0.5695,0.0737,0.0205,0.1229,0.0737,0.5610,0.7275,0.6570,0.1665,-0.0705,46.24,-9.00,164.8,178.6,0.984,0.162,1.624
1791428728.6539533,0.4302,0.7006,0.7006,0.5695,0.4302,0.5695,0.6350,0.5695,0.5695,0.7538,0.4302,0.4998,0.5695,0.0737,0.0737,0.0574,0.0737,0.5600,0.7340,,0.1740,,46.16,-8.80,165.1,178.1,1.161,0.164,1.808
1791428728.6877482,0.8030,0.8767,0.7006,0.7006,0.2458,0.6350,0.7006,0.8440,0.5695,0.7006,0.2991,0.6350,0.6350,0.0942,0.1557,0.0574,0.0574,0.5690,0.7330,0.6610,0.1640,-0.0720,46.40,-9.06,165.2,178.0,1.006,0.161,1.611
1791428728.7273333,0.7006,0.7538,0.7006,0.6350,0.5695,0.6350,0.7006,0.7006,0.4998,0.5695,0.1966,0.4302,0.6350,0.0737,0.0737,0.0737,0.0574,0.5610,0.7345,,0.1735,,46.26,-9.04,165.2,178.1,1.077,0.163,1.761
1791428728.7592416,0.7538,0.4998,0.8030,0.6350,0.5695,0.7006,0.6350,0.4998,0.7006,0.4998,0.2991,0.3646,0.5695,0.0574,0.0574,0.0574,0.0574,0.5600,0.7325,,0.1725,,45.59,-8.98,165.0,178.0,1.070,0.167,1.815
1791428728.7906065,0.2991,0.5695,0.7006,0.5695,0.4302,0.6350,0.7538,0.7006,0.5695,0.5695,0.2991,0.4998,0.5695,0.0737,0.0246,0.0942,0.0737,,0.7335,,,,45.59,-8.98,165.0,177.9,0.991,0.167,
1791428728.8221273,0.2458,0.6350,0.9259,0.5695,0.5695,0.4998,0.7006,0.5695,0.5695,0.6350,0.1966,0.4998,0.5695,0.0574,0.0574,0.0410,0.0574,,0.7315,,,,45.59,-8.98,165.4,177.8,1.031,0.167,
1791428728.8584952,0.5695,0.7006,0.9054,0.6350,0.4302,0.6350,0.6350,0.4998,0.6350,0.7006,0.4302,0.5695,0.6350,0.0574,0.1229,0.0737,0.0942,0.5640,0.7275,0.6600,0.1635,-0.0675,45.56,-9.06,164.7,178.0,1.025,0.166,1.592
1791428728.8875167,0.6350,0.7006,0.6350,0.6350,0.3646,0.6350,0.6350,0.7538,0.5695,0.4998,0.2991,0.5695,0.5695,0.0737,0.0942,0.0737,0.0737,0.5700,0.7310,0.6730,0.1610,-0.0580,45.91,-8.95,164.7,179.1,0.970,0.162,1.613
1791428728.9206748,0.3646,0.4998,0.8767,0.5695,0.4998,0.7006,0.6350,0.6350,0.5695,0.4998,0.4302,0.5695,0.5695,0.0737,0.1557,0.0410,0.0410,0.5600,0.7340,0.6720,0.1740,-0.0620,46.06,-8.89,164.6,178.6,1.022,0.163,1.708
1791428728.9543839,0.4998,0.8440,0.7538,0.7006,0.4998,0.8440,0.7538,0.6350,0.6350,0.5695,0.2991,0.4998,0.5695,0.0574,0.0246,0.0737,0.0942,0.5650,0.7320,,0.1670,,46.29,-8.97,164.7,178.3,0.978,0.161,1.583
1791428728.9878962,0.5695,0.7006,0.7006,0.6350,0.4302,0.8030,0.5695,0.7006,0.5695,0.1966,0.2991,0.5695,0.5695,0.0574,0.0942,0.0737,0.0410,0.5600,0.7330,0.6720,0.1730,-0.0610,46.04,-8.81,164.0,178.7,1.058,0.163,
1791428729.0274394,0.7006,0.8030,0.9054,0.5695,0.4998,0.7538,0.7006,0.6350,0.6350,0.6350,0.2991,0.5695,0.6350,0.0410,0.0205,0.0369,0.0574,0.5610,0.7325,0.6700,0.1715,-0.0625,45.96,-8.74,163.9,178.1,1.048,0.164,1.738
1791428729.059314,0.5695,0.8440,0.8030,0.7538,0.4998,0.7538,0.7006,0.6350,0.7538,0.4998,0.1966,0.4998,0.4998,0.0410,0.0410,0.0737,0.0574,0.5650,0.7315,,0.1665,,45.96,-8.79,163.9,177.9,0.990,0.164,1.647
1791428729.090381,0.7006,0.7538,0.7538,0.5695,0.4302,0.5695,0.7006,0.4998,0.5695,0.4302,0.2991,0.5695,0.5695,0.0369,0.0246,0.0942,0.0942,0.5620,0.7350,0.6810,0.1730,-0.0540,45.98,-8.41,163.9,177.8,1.097,0.164,1.777
1791428729.1213717,0.6350,0.7006,0.8767,0.6350,0.4302,0.7006,0.7006,0.4998,0.5695,0.4998,0.1557,0.4302,0.6350,0.0574,0.0574,0.0737,0.0942,0.5610,0.7350,,0.1740,,46.03,-8.44,163.9,178.4,1.061,0.165,1.729
1791428729.1547291,0.8030,0.8440,0.6350,0.6350,0.3646,0.4998,0.5695,0.7006,0.5695,0.5695,0.4998,0.5695,0.5695,0.0369,0.0410,0.0410,0.0574,0.5620,0.7280,0.6640,0.1660,-0.0640,46.17,-8.59,164.3,178.1,0.986,0.163,1.568
1791428729.188054,0.2458,0.8030,0.8440,0.6350,0.7006,0.7006,0.6350,0.4998,0.5695,0.4302,0.3646,0.3646,0.4998,0.0737,0.0410,0.0737,0.0410,,0.7320,,,,46.17,-8.59,164.2,177.8,1.021,0.163,
1791428729.221337,0.7006,0.8767,0.8030,0.5695,0.4998,0.7538,0.7006,0.5695,0.4998,0.4998,0.2458,0.5695,0.6350,0.0942,0.0246,0.0737,0.0737,0.5600,0.7310,0.6560,0.1710,-0.0750,45.85,-8.82,163.7,178.0,1.099,0.165,1.757
1791428729.254823,0.4998,0.8030,0.7538,0.6350,0.5695,0.6350,0.5695,0.7006,0.6350,0.4998,0.2991,0.4998,0.5695,0.0942,0.0410,0.0737,0.0574,0.5620,0.7285,,0.1665,,45.91,-8.74,163.8,178.3,1.038,0.164,1.659
1791428729.2877414,0.7006,0.7538,0.9259,0.7538,0.4302,0.7538,0.5695,0.6350,0.7006,0.5695,0.1966,0.5695,0.6350,0.0942,0.0410,0.0942,0.0574,0.5620,0.7260,0.6760,0.1640,-0.0500,46.17,-8.51,164.2,178.1,0.949,0.162,1.551
1791428729.328348,0.5695,0.8030,0.7006,0.7006,0.4302,0.7006,0.6350,0.5695,0.4302,0.5695,0.2991,0.4998,0.5695,0.0737,0.0246,0.0737,0.0574,0.5650,0.7340,,0.1690,,46.02,-8.56,164.3,178.5,1.055,0.163,1.717
1791428729.3602116,0.4302,0.7006,0.7538,0.6350,0.5695,0.5695,0.8030,0.5695,0.5695,0.5695,0.1557,0.6350,0.5695,0.0574,0.0205,0.0737,0.0942,0.5650,0.7315,0.6620,0.1665,-0.0695,46.07,-8.82,164.5,178.4,0.999,0.162,1.686
1791428729.3910408,0.5695,0.8030,0.8030,0.4998,0.2991,0.7538,0.7006,0.5695,0.5695,0.5695,0.1966,0.4302,0.6350,0.0574,0.0737,0.0942,0.0737,0.5600,0.7305,,0.1705,,45.72,-8.89,164.5,177.8,0.974,0.164,1.681
1791428729.424271,0.2991,0.8440,0.5695,0.7006,0.6350,0.3646,0.8030,0.5695,0.4302,0.1966,0.3646,0.4998,0.5695,0.0574,0.0942,0.0737,0.0574,,0.7305,,,,45.72,-8.89,164.3,177.7,1.035,0.164,
1791428729.4558907,0.7006,0.8440,0.8767,0.4998,0.1557,0.7006,0.7006,0.7006,0.7538,0.4998,0.1966,0.4998,0.5695,0.0942,0.0942,0.0410,0.0574,0.5600,0.7345,,0.1745,,46.46,-8.95,164.6,177.3,1.038,0.161,1.659
1791428729.4879146,0.7538,0.6350,0.8030,0.5695,0.3646,0.4998,0.6350,0.8030,0.3646,0.2458,0.2991,0.5695,0.6350,0.0737,0.0942,0.0942,0.0737,0.5690,0.7350,0.6570,0.1660,-0.0780,46.00,-9.17,164.8,178.7,1.107,0.163,
1791428729.5225239,0.8440,0.8440,0.7538,0.5695,0.4998,0.7006,0.4998,0.6350,0.6350,0.4998,0.2991,0.4302,0.6350,0.0410,0.0737,0.0574,0.0737,0.5650,0.7340,,0.1690,,45.40,-9.06,164.7,178.2,1.126,0.167,1.840
1791428729.5547023,0.6350,0.7006,0.4998,0.7538,0.7006,0.7538,0.6350,0.4302,0.6350,0.7006,0.1966,0.5695,0.6350,0.0737,0.0942,0.1229,0.0410,0.5620,0.7325,0.6710,0.1705,-0.0615,45.73,-9.03,165.1,177.5,0.984,0.165,1.614
1791428729.5877678,0.6350,0.8440,0.9259,0.3646,0.3646,0.7538,0.6350,0.6350,0.6350,0.7006,0.3646,0.5695,0.4998,0.0942,0.0369,0.0737,0.0737,0.5610,0.7330,,0.1720,,46.07,-9.00,164.8,177.8,1.060,0.164,1.689
1791428729.621058,0.6350,0.8767,0.8767,0.4998,0.5695,0.7006,0.5695,0.5695,0.6350,0.4998,0.2991,0.6350,0.5695,0.0737,0.0410,0.0737,0.0737,0.5650,0.7330,0.6750,0.1680,-0.0580,46.01,-8.83,164.5,177.7,1.014,0.164,1.680
1791428729.661846,0.7538,0.8030,0.8030,0.4998,0.4302,0.4998,0.5695,0.7538,0.7006,0.4998,0.1966,0.5695,0.6350,0.0737,0.0369,0.0942,0.0942,0.5610,0.7285,0.6610,0.1675,-0.0675,45.80,-8.98,164.3,177.6,0.998,0.164,1.661
1791428729.693539,0.6350,0.8030,0.9587,0.5695,0.4998,0.6350,0.4302,0.6350,0.6350,0.1966,0.5695,0.4302,0.5695,0.0410,0.0737,0.0410,0.0574,0.5620,0.7285,,0.1665,,46.21,-9.07,164.6,177.9,0.928,0.162,1.595
1791428729.7258673,0.7006,0.8440,0.8440,0.4998,0.5695,0.6350,0.7006,0.6350,0.4302,0.3646,0.4302,0.5695,0.5695,0.0737,0.0410,0.0574,0.0737,0.5610,0.7300,0.6750,0.1690,-0.0550,45.90,-8.83,164.8,178.2,0.997,0.163,1.697
1791428729.758153,0.6350,0.8767,0.8767,0.4998,0.7006,0.6350,0.5695,0.4998,0.5695,0.5695,0.2458,0.3646,0.5695,0.0410,0.0246,0.0246,0.0410,0.5610,0.7355,,0.1745,,45.76,-8.89,164.9,177.9,1.041,0.165,1.787
1791428729.789121,0.7538,0.7538,0.8440,0.5695,0.5695,0.5695,0.6350,0.7006,0.4302,0.4302,0.3646,0.4302,0.6350,0.1229,0.0246,0.0737,0.0737,0.5610,0.7345,,0.1735,,46.35,-8.95,165.1,177.9,1.020,0.163,1.616
1791428729.8222458,0.2458,0.8030,0.9054,0.6350,0.5695,0.7538,0.8440,0.7538,0.4998,0.2458,0.1966,0.5695,0.5695,0.0205,0.0246,0.0410,0.0574,,0.7340,0.6770,,-0.0570,46.35,-8.95,165.2,177.9,1.085,0.163,
1791428729.8550932,0.2458,0.7538,0.5695,0.7006,0.7006,0.7006,0.6350,0.5695,0.6350,0.5695,0.4302,0.4998,0.4998,0.0205,0.0737,0.0574,0.0574,,0.7345,,,,46.35,-8.95,165.2,178.0,1.051,0.163,
1791428729.88926,0.5695,0.8030,0.8030,0.4998,0.4302,0.7006,0.5695,0.7538,0.5695,0.4998,0.3646,0.5695,0.6350,0.0737,0.0942,0.0574,0.0574,0.5640,0.7335,0.6550,0.1695,-0.0785,45.69,-9.11,165.0,177.8,1.152,0.166,1.841
1791428729.9220939,0.3646,0.7006,0.6350,0.6350,0.4998,0.7538,0.7538,0.7006,0.5695,0.5695,0.4998,0.5695,0.5695,0.0574,0.0205,0.0574,0.0574,0.5600,0.7340,0.6760,0.1740,-0.0580,46.16,-8.84,164.6,177.4,1.060,0.164,1.669
1791428729.9553866,0.6350,0.7006,0.8767,0.4302,0.2991,0.8030,0.7006,0.5695,0.5695,0.6350,0.4302,0.4302,0.5695,0.0942,0.0205,0.0369,0.0942,0.5700,0.7350,,0.1650,,46.02,-8.83,164.2,177.2,1.089,0.164,1.757
1791428729.99593,0.4998,0.7538,0.7006,0.5695,0.4998,0.6350,0.6350,0.6350,0.5695,0.6350,0.4302,0.4998,0.5695,0.0942,0.0369,0.0574,0.0574,0.5620,0.7330,,0.1710,,46.27,-8.93,164.6,176.8,0.988,0.163,1.673
1791428730.0275059,0.6350,0.7006,0.8440,0.6350,0.4998,0.7006,0.5695,0.3646,0.5695,0.4998,0.4998,0.5695,0.6350,0.0369,0.0246,0.0574,0.0574,0.5610,0.7330,0.6610,0.1720,-0.0720,46.40,-9.13,164.2,177.1,1.027,0.162,1.702
1791428730.0597959,0.7538,0.7006,0.8030,0.6350,0.4302,0.7006,0.5695,0.4302,0.4998,0.5695,0.3646,0.5695,0.5695,0.0737,0.0942,0.0369,0.0574,0.5600,0.7315,0.6610,0.1715,-0.0705,46.18,-9.26,164.3,177.5,1.021,0.164,1.694
1791428730.0902598,0.8030,0.8440,0.7538,0.4998,0.2458,0.6350,0.5695,0.7538,0.5695,0.4302,0.3646,0.3646,0.5695,0.0369,0.0246,0.0410,0.0574,0.5600,0.7320,,0.1720,,46.58,-9.31,164.6,177.6,0.995,0.162,1.647
1791428730.1239307,0.3646,0.8440,0.7538,0.7006,0.4998,0.5695,0.7538,0.4998,0.6350,0.1966,0.1557,0.4998,0.5695,0.0369,0.0410,0.0574,0.0942,0.5610,0.7325,,0.1715,,46.51,-9.31,164.2,177.2,1.027,0.162,
1791428730.1559868,0.4302,0.7538,0.9054,0.3646,0.2991,0.6350,0.7538,0.6350,0.6350,0.4998,0.4302,0.4998,0.5695,0.0737,0.0574,0.0574,0.0574,0.5600,0.7305,,0.1705,,46.44,-9.30,164.4,176.9,0.996,0.163,1.616
1791428730.1884754,0.8030,0.6350,0.8767,0.4302,0.7006,0.6350,0.6350,0.7538,0.6350,0.5695,0.1557,0.3646,0.5695,0.0410,0.2458,0.0410,0.0574,0.5660,0.7345,,0.1685,,46.54,-9.23,164.9,177.1,1.098,0.162,1.795
1791428730.2221344,0.2458,0.8440,0.8030,0.5695,0.5695,0.7006,0.6350,0.6350,0.6350,0.5695,0.2991,0.5695,0.5695,0.0737,0.0737,0.0574,0.0942,,0.7340,0.6610,,-0.0730,46.54,-9.23,164.9,177.1,1.103,0.162,
1791428730.2563624,0.4998,0.7538,0.9054,0.5695,0.5695,0.4302,0.7006,0.5695,0.5695,0.5695,0.3646,0.4998,0.5695,0.0574,0.0737,0.0737,0.0942,0.5680,0.7330,,0.1650,,46.74,-9.17,164.6,177.1,1.075,0.159,1.717
1791428730.2893317,0.4302,0.8030,0.8440,0.6350,0.7006,0.5695,0.6350,0.4302,0.4998,0.5695,0.3646,0.5695,0.5695,0.0574,0.0942,0.0942,0.1229,0.5600,0.7330,0.6770,0.1730,-0.0560,46.28,-8.76,164.6,176.9,1.108,0.163,1.795
1791428730.329603,0.7006,0.8440,0.8030,0.6350,0.7538,0.4302,0.8030,0.7538,0.7538,0.6350,0.5695,0.4302,0.5695,0.0737,0.1557,0.1557,0.1229,0.5610,0.7300,,0.1690,,46.42,-8.84,164.5,176.6,0.964,0.162,1.590
1791428730.3612964,0.2458,0.6350,0.7006,0.5695,0.4302,0.8440,0.7538,0.8440,0.6350,0.5695,0.1557,0.5695,0.5695,0.0574,0.0410,0.0737,0.0942,,0.7305,0.6630,,-0.0675,46.42,-8.84,164.5,178.1,1.021,0.162,
1791428730.3930411,0.7006,0.6350,0.8030,0.6350,0.3646,0.5695,0.7006,0.7006,0.6350,0.5695,0.3646,0.4998,0.6350,0.0737,0.0737,0.0737,0.0737,0.5610,0.7335,,0.1725,,46.58,-8.82,165.0,178.9,1.067,0.161,1.696
1791428730.4253633,0.4998,0.8030,0.5695,0.4998,0.5695,0.6350,0.7006,0.7006,0.6350,0.4998,0.2458,0.5695,0.5695,0.0410,0.1557,0.0246,0.0737,0.5620,0.7295,0.6800,0.1675,-0.0495,46.56,-8.53,164.8,178.6,0.972,0.161,1.617
1791428730.456345,0.5695,0.8030,0.9054,0.7006,0.5695,0.5695,0.5695,0.5695,0.6350,0.7006,0.1966,0.4998,0.5695,0.1229,0.1966,0.0737,0.0737,0.5610,0.7345,,0.1735,,46.94,-8.66,165.0,179.9,0.994,0.159,1.632
1791428730.4896343,0.4302,0.6350,0.6350,0.4998,0.4302,0.7538,0.6350,0.5695,0.5695,0.5695,0.2991,0.5695,0.6350,0.0574,0.0574,0.0410,0.0574,0.5610,0.7345,0.6600,0.1735,-0.0745,47.02,-8.77,165.0,179.6,1.156,0.160,1.776
1791428730.522483,0.7006,0.7006,0.6350,0.6350,0.5695,0.5695,0.7006,0.3646,0.5695,0.6350,0.1966,0.4998,0.6350,0.0737,0.0574,0.0737,0.0574,0.5610,0.7345,,0.1735,,46.80,-8.71,165.0,179.7,1.112,0.161,1.748
1791428730.5557318,0.7006,0.5695,0.6350,0.7538,0.4998,0.5695,0.7006,0.2991,0.3646,0.4998,0.3646,0.6350,0.5695,0.0737,0.0942,0.0737,0.0574,0.5600,0.7330,0.6680,0.1730,-0.0650,46.90,-8.74,165.1,180.0,1.039,0.161,1.706
1791428730.5897357,0.2991,0.9054,0.7538,0.5695,0.6350,0.6350,0.7006,0.7006,0.6350,0.4998,0.2991,0.3646,0.5695,0.0737,0.0737,0.0737,0.0737,,0.7280,,,,46.90,-8.74,165.0,179.6,1.013,0.161,
1791428730.630289,0.4998,0.8030,0.8440,0.5695,0.6350,0.8030,0.7538,0.7006,0.4302,0.2458,0.1966,0.5695,0.6350,0.0942,0.0574,0.0737,0.0574,0.5600,0.7300,0.6730,0.1700,-0.0570,46.56,-8.54,164.5,178.9,1.049,0.162,
1791428730.6622167,0.2991,0.6350,0.8767,0.6350,0.4302,0.7538,0.7538,0.7006,0.4998,0.5695,0.4302,0.5695,0.6350,0.0369,0.0369,0.0574,0.0737,,0.7330,0.6800,,-0.0530,46.56,-8.54,164.5,178.7,1.013,0.162,
1791428730.6940858,0.6350,0.7006,0.9259,0.4998,0.7006,0.8030,0.7006,0.7006,0.6350,0.4998,0.3646,0.4998,0.5695,0.0737,0.0737,0.0737,0.0737,0.5600,0.7330,,0.1730,,46.52,-8.62,164.4,175.9,1.014,0.163,1.678
1791428730.7254772,0.7006,0.7006,0.8767,0.6350,0.5695,0.7538,0.8030,0.4998,0.7538,0.4998,0.4998,0.5695,0.5695,0.1229,0.0942,0.1229,0.0942,0.5610,0.7345,0.6600,0.1735,-0.0745,46.41,-8.88,164.5,176.0,1.070,0.164,1.765
1791428730.7568727,0.4302,0.7538,0.7538,0.5695,0.5695,0.6350,0.4302,0.6350,0.5695,0.6350,0.4302,0.5695,0.5695,0.0737,0.0737,0.0574,0.0737,0.5640,0.7340,0.6620,0.1700,-0.0720,45.75,-8.87,164.2,177.4,1.157,0.167,1.899
1791428730.7913995,0.2991,0.8030,0.8030,0.5695,0.5695,0.6350,0.7538,0.6350,0.6350,0.5695,0.4998,0.4998,0.5695,0.0737,0.0369,0.0942,0.0737,,0.7340,,,,45.75,-8.87,164.4,173.8,1.107,0.167,
1791428730.822928,0.6350,0.7538,0.8440,0.6350,0.4998,0.7006,0.6350,0.7006,0.6350,0.4998,0.2991,0.5695,0.5695,0.0737,0.0737,0.0574,0.0574,0.5610,0.7330,0.6590,0.1720,-0.0740,45.48,-9.05,164.4,173.3,1.079,0.169,1.758
1791428730.8561027,0.5695,0.6350,0.5695,0.4302,0.5695,0.5695,0.7006,0.6350,0.6350,0.4998,0.3646,0.5695,0.4998,0.0737,0.0942,0.0737,0.0574,0.5650,0.7270,,0.1620,,45.13,-8.99,164.5,174.0,1.008,0.169,1.699
1791428730.8894162,0.6350,0.7538,0.8767,0.6350,0.5695,0.8030,0.7538,0.7006,0.5695,0.4302,0.4998,0.5695,0.5695,0.0737,0.0942,0.0737,0.0737,0.5690,0.7310,0.6620,0.1620,-0.0690,45.49,-9.12,164.5,174.9,1.015,0.165,1.673
1791428730.923601,0.7538,0.8440,0.8030,0.3646,0.5695,0.6350,0.7006,0.6350,0.6350,0.3646,0.2458,0.4998,0.6350,0.0410,0.0737,0.0942,0.0942,0.5610,0.7335,,0.1725,,45.75,-9.13,164.3,174.6,1.075,0.165,1.725
1791428730.9641428,0.8030,0.7538,0.9054,0.4998,0.4998,0.7538,0.6350,0.4998,0.5695,0.4998,0.2991,0.5695,0.5695,0.1229,0.0369,0.0737,0.0737,0.5600,0.7310,0.6710,0.1710,-0.0600,45.61,-8.97,164.0,175.8,1.025,0.166,1.731
1791428730.9972444,0.2991,0.8440,0.8440,0.6350,0.7006,0.7538,0.5695,0.7006,0.6350,0.5695,0.4998,0.4302,0.5695,0.0205,0.0205,0.0410,0.0942,,0.7320,,,,45.61,-8.97,163.9,177.2,1.018,0.166,
1791428731.0285575,0.6350,0.7538,0.9423,0.4998,0.4998,0.7006,0.5695,0.7538,0.7006,0.4302,0.3646,0.5695,0.5695,0.0574,0.0246,0.0410,0.0574,0.5610,0.7330,0.6720,0.1720,-0.0610,45.66,-8.81,164.2,177.3,1.062,0.166,1.721
1791428731.0593762,0.4998,0.6350,0.8767,0.4998,0.4998,0.6350,0.5695,0.3646,0.6350,0.7006,0.1557,0.5695,0.5695,0.0369,0.0205,0.0737,0.0737,0.5640,0.7340,0.6610,0.1700,-0.0730,45.63,-8.92,164.4,177.1,1.108,0.166,1.780
1791428731.0914679,0.7006,0.9054,0.7006,0.5695,0.4998,0.4998,0.5695,0.6350,0.7006,0.3646,0.6350,0.4998,0.5695,0.0942,0.0369,0.0574,0.0574,0.5610,0.7325,,0.1715,,45.84,-8.99,164.7,177.0,1.024,0.165,1.697
1791428731.1240797,0.6350,0.7538,0.8030,0.7006,0.5695,0.8030,0.6350,0.6350,0.5695,0.7006,0.2458,0.4302,0.5695,0.0410,0.0246,0.0574,0.0410,0.5600,0.7325,,0.1725,,46.13,-9.09,164.8,176.8,0.999,0.164,1.694
1791428731.1565058,0.6350,0.7538,0.9054,0.5695,0.5695,0.7538,0.7006,0.7538,0.4998,0.7006,0.7006,0.4998,0.6350,0.0737,0.0942,0.0942,0.0737,0.5640,0.7260,,0.1620,,46.14,-9.09,164.6,177.2,0.942,0.162,1.568
1791428731.1897933,0.6350,0.8030,0.7006,0.6350,0.6350,0.6350,0.7006,0.4998,0.5695,0.6350,0.1966,0.4302,0.5695,0.0246,0.0246,0.0410,0.0410,0.5610,0.7330,,0.1720,,46.61,-9.05,164.8,176.8,1.076,0.160,1.696
1791428731.2229948,0.3646,0.7538,0.7538,0.5695,0.5695,0.7006,0.7006,0.4998,0.4302,0.4998,0.1557,0.4998,0.5695,0.0574,0.0246,0.0574,0.0574,0.5640,0.7300,,0.1660,,46.25,-9.06,164.6,176.7,1.001,0.162,1.681
1791428731.2568336,0.4998,0.8440,0.8030,0.6350,0.4998,0.3646,0.7538,0.4302,0.5695,0.2458,0.1229,0.4302,0.4302,0.0410,0.0369,0.0737,0.0574,0.5650,0.7330,,0.1680,,46.10,-8.99,164.5,176.9,1.098,0.162,
1791428731.297615,0.6350,0.8767,0.8030,0.6350,0.4998,0.7538,0.6350,0.5695,0.3646,0.3646,0.3646,0.6350,0.5695,0.0737,0.1229,0.0737,0.0737,0.5600,0.7315,0.6730,0.1715,-0.0585,46.03,-8.82,164.3,176.5,1.020,0.163,1.704
1791428731.329594,0.4302,0.8030,0.4998,0.4302,0.4302,0.7006,0.7538,0.5695,0.4998,0.2991,0.3646,0.5695,0.5695,0.0737,0.0410,0.0737,0.0737,0.5650,0.7330,0.6650,0.1680,-0.0680,46.54,-8.93,164.5,177.4,1.031,0.160,1.732
1791428731.3612418,0.5695,0.8030,0.8767,0.7006,0.4998,0.6350,0.5695,0.6350,0.4998,0.1966,0.4302,0.5695,0.6350,0.1229,0.0737,0.0737,0.0410,0.5650,0.7335,0.6710,0.1685,-0.0625,46.67,-8.93,164.6,178.7,0.996,0.159,1.688
1791428731.3941483,0.4998,0.7538,0.7006,0.3646,0.1557,0.7538,0.6350,0.5695,0.7006,0.6350,0.1966,0.4998,0.5695,0.0737,0.0574,0.0574,0.0737,0.5610,0.7340,,0.1730,,46.77,-8.97,164.5,179.5,1.033,0.160,1.697
1791428731.4251385,0.7006,0.6350,0.7006,0.6350,0.6350,0.5695,0.7538,0.6350,0.4998,0.6350,0.3646,0.5695,0.4998,0.0942,0.0410,0.0737,0.0737,0.5630,0.7320,,0.1690,,46.20,-9.01,164.3,179.0,0.998,0.163,1.708
1791428731.4575398,0.4302,0.8440,0.8030,0.5695,0.1966,0.6350,0.6350,0.7006,0.5695,0.4302,0.4302,0.4998,0.5695,0.0942,0.0369,0.0942,0.0737,0.5610,0.7285,,0.1675,,46.44,-8.90,164.3,179.2,1.021,0.161,1.624
1791428731.4901397,0.6350,0.9054,0.8030,0.4998,0.5695,0.6350,0.5695,0.7006,0.6350,0.6350,0.3646,0.5695,0.5695,0.0942,0.0369,0.0942,0.0410,0.5610,0.7310,0.6720,0.1700,-0.0590,46.25,-8.74,164.2,179.0,1.034,0.162,1.728
1791428731.5239286,0.8767,0.6350,0.8440,0.7538,0.3646,0.7538,0.7538,0.7006,0.5695,0.6350,0.3646,0.5695,0.6350,0.0574,0.0942,0.0942,0.0942,0.5660,0.7340,0.6720,0.1680,-0.0620,46.82,-8.72,164.4,178.8,1.025,0.159,1.608
1791428731.5566366,0.7538,0.7538,0.8767,0.4998,0.4302,0.7006,0.8030,0.6350,0.6350,0.5695,0.3646,0.5695,0.6350,0.0410,0.1229,0.0942,0.0574,0.5600,0.7325,0.6620,0.1725,-0.0705,46.64,-8.97,164.6,178.8,0.995,0.160,1.687
1791428731.5907168,0.7006,0.5695,0.7006,0.7006,0.4998,0.8030,0.7006,0.6350,0.8030,0.5695,0.1966,0.4998,0.6350,0.0574,0.0369,0.0942,0.1229,0.5610,0.7310,,0.1700,,46.94,-8.96,164.5,180.0,1.013,0.159,1.632
1791428731.6302462,0.4998,0.7538,0.7538,0.7006,0.8030,0.7006,0.7006,0.4998,0.6350,0.4998,0.4302,0.5695,0.5695,0.0574,0.0246,0.0737,0.0737,0.5600,0.7330,0.6780,0.1730,-0.0550,46.66,-8.68,164.4,180.0,1.030,0.161,1.729
1791428731.662308,0.7006,0.8030,0.8030,0.6350,0.4302,0.4998,0.7006,0.7006,0.5695,0.6350,0.4998,0.4998,0.5695,0.0942,0.0246,0.0737,0.0574,0.5660,0.7310,,0.1650,,46.45,-8.78,164.6,179.3,0.948,0.161,1.622
1791428731.6938412,0.6350,0.7006,0.9423,0.6350,0.4998,0.5695,0.6350,0.8030,0.6350,0.4998,0.4302,0.5695,0.6350,0.0574,0.0246,0.0574,0.0737,0.5650,0.7335,0.6610,0.1685,-0.0725,46.53,-8.95,164.7,177.9,1.071,0.160,1.704
1791428731.7254891,0.5695,0.7538,0.8767,0.6350,0.4302,0.7006,0.8030,0.7006,0.4998,0.5695,0.6350,0.5695,0.5695,0.0737,0.0942,0.0574,0.0737,0.5600,0.7300,0.6790,0.1700,-0.0510,46.58,-8.55,164.7,178.2,1.042,0.160,1.689
1791428731.758681,0.5695,0.7538,0.7006,0.6350,0.4998,0.5695,0.7538,0.5695,0.4998,0.5695,0.1966,0.4998,0.5695,0.1966,0.0369,0.0737,0.0574,0.5640,0.7295,,0.1655,,46.28,-8.46,164.6,179.0,1.041,0.161,1.687
1791428731.7909777,0.5695,0.8767,0.9423,0.6350,0.6350,0.6350,0.7006,0.7538,0.7006,0.4302,0.2991,0.3646,0.5695,0.0369,0.0246,0.0164,0.0369,0.5640,0.7305,,0.1665,,46.03,-8.47,164.3,177.9,1.008,0.162,1.648
1791428731.8238435,0.7538,0.8030,0.8767,0.6350,0.5695,0.7538,0.6350,0.6350,0.7006,0.3646,0.1966,0.4302,0.6350,0.0574,0.0942,0.0737,0.0574,0.5640,0.7320,,0.1680,,45.89,-8.43,164.4,178.0,1.059,0.163,1.716
1791428731.8586724,0.7006,0.8767,0.9054,0.4998,0.5695,0.8030,0.8030,0.5695,0.6350,0.6350,0.6350,0.5695,0.6350,0.0942,0.0205,0.0737,0.0942,0.5670,0.7335,0.6760,0.1665,-0.0575,46.04,-8.27,164.5,178.2,1.073,0.162,1.716
1791428731.8910325,0.7538,0.7538,0.7006,0.5695,0.5695,0.5695,0.7006,0.5695,0.7006,0.2991,0.1966,0.4998,0.5695,0.0369,0.1229,0.0942,0.0737,0.5600,0.7320,,0.1720,,46.26,-8.25,164.0,178.6,1.058,0.161,
1791428731.9241498,0.4998,0.7538,0.9259,0.7006,0.4998,0.6350,0.5695,0.5695,0.5695,0.7006,0.4998,0.3646,0.4302,0.0737,0.0574,0.0737,0.0574,0.5600,0.7340,,0.1740,,46.51,-8.30,164.2,178.0,1.044,0.161,1.737
1791428731.9645717,0.5695,0.7006,0.8440,0.4998,0.4998,0.6350,0.7006,0.7006,0.5695,0.6350,0.4302,0.6350,0.5695,0.1229,0.0369,0.0369,0.0410,0.5640,0.7300,0.6620,0.1660,-0.0680,46.14,-8.62,164.0,177.9,0.968,0.162,1.640
1791428731.996716,0.6350,0.7538,0.7538,0.7006,0.4302,0.5695,0.7006,0.6350,0.4302,0.5695,0.1557,0.5695,0.5695,0.0246,0.1229,0.0737,0.0737,0.5640,0.7320,0.6590,0.1680,-0.0730,45.91,-8.93,164.1,177.9,1.013,0.163,1.700
1791428732.028227,0.6350,0.7538,0.8440,0.4998,0.7006,0.7538,0.6350,0.5695,0.7006,0.7006,0.2991,0.5695,0.5695,0.0574,0.0410,0.0942,0.0574,0.5670,0.7325,0.6570,0.1655,-0.0755,45.68,-9.15,164.1,178.6,1.076,0.164,1.720
1791428732.0589237,0.6350,0.7538,0.7538,0.5695,0.5695,0.6350,0.6350,0.7006,0.7538,0.6350,0.1557,0.4998,0.5695,0.0942,0.0205,0.0942,0.0410,0.5600,0.7335,,0.1735,,45.96,-9.23,164.2,179.2,1.009,0.164,1.671
1791428732.0920386,0.5695,0.8440,0.9259,0.7006,0.4302,0.5695,0.7006,0.7006,0.4998,0.5695,0.4302,0.4302,0.5695,0.0410,0.0737,0.0942,0.0942,0.5610,0.7345,,0.1735,,45.62,-9.15,164.1,178.6,1.111,0.166,1.808
1791428732.1246893,0.6350,0.7538,0.6350,0.4302,0.4302,0.5695,0.6350,0.6350,0.5695,0.2991,0.4302,0.5695,0.4998,0.0737,0.0369,0.0737,0.0574,0.5650,0.7315,,0.1665,,45.48,-9.15,164.1,179.3,1.030,0.167,1.761
1791428732.1579118,0.5695,0.8030,0.7006,0.4302,0.4302,0.5695,0.5695,0.6350,0.6350,0.4998,0.1966,0.4302,0.5695,0.0942,0.1229,0.0737,0.1229,0.5640,0.7340,,0.1700,,45.58,-9.21,164.3,179.2,1.026,0.166,1.701
1791428732.191669,0.5695,0.8440,0.8030,0.5695,0.4302,0.4302,0.7006,0.7538,0.5695,0.7006,0.4998,0.6350,0.5695,0.0942,0.0246,0.0737,0.0574,0.5600,0.7345,0.6710,0.1745,-0.0635,46.30,-9.05,164.3,178.8,1.072,0.163,1.706
1791428732.2247884,0.5695,0.5695,0.8440,0.6350,0.5695,0.6350,0.4998,0.7006,0.5695,0.6350,0.3646,0.4998,0.5695,0.0574,0.0737,0.0410,0.0574,0.5640,0.7300,,0.1660,,45.91,-9.10,164.1,178.6,0.973,0.164,1.664
1791428732.265311,0.7006,0.8440,0.7006,0.6350,0.6350,0.6350,0.5695,0.7006,0.4302,0.4998,0.3646,0.4998,0.5695,0.0574,0.1229,0.0942,0.0574,0.5600,0.7355,,0.1755,,45.95,-9.14,164.2,178.3,1.050,0.165,1.755
1791428732.2972279,0.7538,0.8440,0.9054,0.7006,0.5695,0.8030,0.5695,0.7538,0.6350,0.1966,0.3646,0.6350,0.5695,0.0369,0.0369,0.0369,0.0410,0.5640,0.7335,0.6710,0.1695,-0.0625,45.73,-9.00,164.1,178.6,1.052,0.166,1.734
1791428732.3288817,0.4998,0.7006,0.8030,0.5695,0.4302,0.5695,0.6350,0.7538,0.7006,0.4998,0.4302,0.5695,0.5695,0.0737,0.0246,0.0737,0.0574,0.5610,0.7310,0.6610,0.1700,-0.0700,46.22,-9.20,163.9,178.0,0.992,0.163,1.600
1791428732.3611784,0.4302,0.7538,0.9259,0.3646,0.2991,0.5695,0.7006,0.6350,0.6350,0.4998,0.2458,0.4998,0.5695,0.0410,0.0574,0.0942,0.0737,0.5640,0.7340,,0.1700,,46.63,-9.18,163.9,178.1,1.058,0.161,1.699
1791428732.3928351,0.2991,0.7006,0.8767,0.4998,0.4302,0.6350,0.7538,0.6350,0.7006,0.7006,0.5695,0.5695,0.5695,0.0737,0.0942,0.0737,0.0574,,0.7345,0.6580,,-0.0765,46.63,-9.18,164.3,178.2,1.048,0.161,
1791428732.4250612,0.5695,0.8030,0.8030,0.6350,0.6350,0.6350,0.7006,0.4302,0.4998,0.7538,0.3646,0.4998,0.4998,0.0410,0.1229,0.0737,0.1229,0.5590,0.7320,,0.1730,,46.31,-9.14,164.3,178.4,1.044,0.163,1.723
1791428732.4584508,0.6350,0.7006,0.7538,0.7538,0.5695,0.7538,0.6350,0.6350,0.5695,0.6350,0.4998,0.4998,0.5695,0.0369,0.0246,0.0574,0.0574,0.5610,0.7325,,0.1715,,46.20,-9.13,164.7,178.0,1.039,0.164,1.735
1791428732.4920204,0.2991,0.8030,0.4998,0.5695,0.4998,0.4302,0.7538,0.6350,0.5695,0.2991,0.2458,0.4998,0.4302,0.0574,0.0369,0.0410,0.0574,,0.7325,,,,46.20,-9.13,164.3,178.7,1.092,0.164,
1791428732.524526,0.4998,0.7538,0.6350,0.6350,0.5695,0.7006,0.7006,0.7006,0.4302,0.7006,0.2458,0.5695,0.5695,0.0574,0.0942,0.0574,0.0574,0.5600,0.7275,0.6790,0.1675,-0.0485,46.24,-8.76,164.7,179.6,0.961,0.163,1.599
1791428732.5587327,0.4998,0.8030,0.9423,0.5695,0.5695,0.7538,0.6350,0.5695,0.6350,0.3646,0.2458,0.4998,0.5695,0.0369,0.1557,0.0942,0.0737,0.5610,0.7330,,0.1720,,47.36,-8.87,164.7,179.2,0.979,0.157,1.558
1791428732.5986087,0.6350,0.8767,0.8030,0.7006,0.5695,0.7006,0.6350,0.7006,0.4998,0.7538,0.2991,0.5695,0.4998,0.0369,0.0369,0.0737,0.0574,0.5610,0.7340,,0.1730,,47.58,-8.89,165.1,179.0,1.035,0.156,1.676
1791428732.6304505,0.4302,0.5695,0.8767,0.7006,0.5695,0.7538,0.6350,0.5695,0.2991,0.1557,0.2458,0.4302,0.5695,0.0574,0.0246,0.0574,0.0410,0.5600,0.7325,,0.1725,,47.11,-8.84,164.8,178.8,1.053,0.159,
1791428732.6618574,0.6350,0.8440,0.8030,0.5695,0.4302,0.7006,0.7538,0.5695,0.5695,0.5695,0.4302,0.6350,0.6350,0.0942,0.0942,0.0942,0.0737,0.5600,0.7285,0.6600,0.1685,-0.0685,46.89,-8.97,164.3,179.1,1.021,0.160,1.655
1791428732.6943808,0.3646,0.7538,0.8030,0.7538,0.4998,0.8030,0.5695,0.6350,0.7006,0.6350,0.1557,0.4302,0.5695,0.0942,0.0574,0.0369,0.0942,0.5600,0.7335,,0.1735,,47.04,-9.06,164.8,178.9,1.002,0.160,1.674
1791428732.7260308,0.7538,0.7538,0.9259,0.6350,0.4998,0.5695,0.7006,0.7006,0.6350,0.7006,0.4998,0.3646,0.6350,0.0410,0.0410,0.0737,0.0737,0.5670,0.7315,,0.1645,,46.89,-9.02,164.4,178.0,1.034,0.159,1.632
1791428732.7581987,0.6350,0.7006,0.8767,0.4998,0.7538,0.4998,0.6350,0.6350,0.7538,0.5695,0.1966,0.5695,0.6350,0.0942,0.1229,0.0737,0.0737,0.5610,0.7305,0.6650,0.1695,-0.0655,46.96,-9.09,164.4,177.7,0.992,0.159,1.592
1791428732.792423,0.7538,0.8767,0.8030,0.5695,0.4998,0.5695,0.6350,0.7006,0.7538,0.5695,0.3646,0.5695,0.5695,0.0574,0.0410,0.0737,0.0737,0.5640,0.7345,0.6620,0.1705,-0.0725,46.62,-9.13,164.9,177.4,1.113,0.161,1.820
1791428732.8258078,0.3646,0.8767,0.5695,0.4998,0.4998,0.6350,0.5695,0.7006,0.6350,0.3646,0.5695,0.5695,0.6350,0.0737,0.0942,0.0574,0.0410,0.5600,0.7305,0.6570,0.1705,-0.0735,46.38,-9.31,165.0,176.9,1.039,0.162,1.682
1791428732.8589077,0.7006,0.5695,0.7538,0.6350,0.5695,0.7006,0.5695,0.7006,0.6350,0.2458,0.6350,0.5695,0.4998,0.1557,0.1557,0.0942,0.0737,0.5600,0.7325,,0.1725,,46.61,-9.36,165.3,176.5,1.015,0.161,1.712
1791428732.891502,0.5695,0.8030,0.7006,0.5695,0.4302,0.7006,0.7538,0.7538,0.5695,0.5695,0.6350,0.5695,0.5695,0.0574,0.0942,0.0410,0.0737,0.5610,0.7310,0.6820,0.1700,-0.0490,46.65,-8.88,165.2,177.1,1.012,0.161,1.638
1791428732.931438,0.3646,0.8440,0.5695,0.7538,0.4302,0.6350,0.7538,0.5695,0.6350,0.5695,0.3646,0.4998,0.4998,0.0410,0.0737,0.0737,0.0737,0.5610,0.7335,,0.1725,,46.95,-8.94,164.9,177.3,1.019,0.160,1.641
1791428732.962756,0.7538,0.5695,0.8440,0.4998,0.4998,0.7006,0.5695,0.4302,0.6350,0.6350,0.5695,0.4998,0.6350,0.0737,0.0737,0.0737,0.0737,0.5650,0.7340,,0.1690,,46.53,-8.82,165.0,177.3,1.131,0.162,1.824
1791428732.9949484,0.2458,0.8440,0.8030,0.4998,0.4998,0.5695,0.5695,0.7006,0.6350,0.6350,0.3646,0.5695,0.7006,0.0574,0.0369,0.0737,0.0737,,0.7335,0.6730,,-0.0605,46.53,-8.82,165.0,177.0,1.041,0.162,
1791428733.0273175,0.8440,0.8030,0.6350,0.5695,0.5695,0.7006,0.5695,0.6350,0.6350,0.7006,0.2991,0.4998,0.5695,0.0942,0.0737,0.0737,0.0942,0.5610,0.7325,,0.1715,,46.82,-8.86,164.9,177.3,1.024,0.160,1.681
1791428733.058363,0.6350,0.8030,0.9423,0.6350,0.4998,0.5695,0.7006,0.6350,0.7006,0.7006,0.6350,0.4998,0.5695,0.0205,0.0737,0.0942,0.0574,0.5610,0.7270,,0.1660,,46.42,-8.78,164.9,176.9,0.997,0.162,1.634
1791428733.0921295,0.7006,0.8440,0.8440,0.6350,0.6350,0.5695,0.8767,0.4998,0.5695,0.5695,0.3646,0.4998,0.6350,0.0574,0.0410,0.0942,0.0737,0.5650,0.7290,,0.1640,,46.36,-8.84,165.4,176.7,0.964,0.161,1.610
1791428733.1258438,0.5695,0.8440,0.7006,0.4302,0.4302,0.7538,0.7006,0.8030,0.7006,0.7006,0.7006,0.4998,0.5695,0.0737,0.0369,0.0942,0.0410,0.5600,0.7290,,0.1690,,46.12,-8.78,165.0,176.8,1.023,0.162,1.710
1791428733.1587903,0.8030,0.7006,0.7006,0.4998,0.7006,0.7538,0.6350,0.8030,0.5695,0.6350,0.6350,0.4998,0.5695,0.0410,0.0737,0.0574,0.0737,0.5610,0.7305,,0.1695,,46.39,-8.81,164.7,176.7,0.998,0.161,1.624
1791428733.192689,0.4998,0.8030,0.7538,0.6350,0.4302,0.7006,0.5695,0.4998,0.4998,0.5695,0.1966,0.4998,0.5695,0.0410,0.0737,0.0574,0.0574,0.5640,0.7285,,0.1645,,46.15,-8.75,164.4,177.1,1.020,0.161,1.690
1791428733.2328482,0.2458,0.2458,0.9054,0.4998,0.4998,0.4998,0.6350,0.4998,0.4302,0.5695,0.5695,0.5695,0.5695,0.0246,0.0942,0.0942,0.0942,,0.7325,0.6730,,-0.0595,46.15,-8.75,164.7,177.0,1.006,0.161,
1791428733.2646217,0.7006,0.8030,0.7538,0.6350,0.4998,0.7006,0.5695,0.7538,0.4998,0.7006,0.4302,0.4998,0.5695,0.0942,0.0942,0.1229,0.0942,0.5600,0.7300,,0.1700,,46.47,-8.83,164.8,176.7,0.968,0.160,1.590
1791428733.296068,0.7538,0.7538,0.7006,0.6350,0.5695,0.8030,0.7006,0.6350,0.4302,0.5695,0.3646,0.5695,0.5695,0.0737,0.0369,0.0574,0.0574,0.5620,0.7325,0.6720,0.1705,-0.0605,46.62,-8.74,164.7,176.3,1.030,0.159,1.712
1791428733.32939,0.6350,0.7538,0.8767,0.4998,0.1966,0.6350,0.5695,0.7538,0.4998,0.5695,0.2991,0.5695,0.5695,0.0737,0.0246,0.0942,0.0737,0.5650,0.7345,0.6550,0.1695,-0.0795,46.42,-8.98,164.6,176.9,1.147,0.161,1.827
1791428733.3594363,0.4302,0.8030,0.7006,0.6350,0.6350,0.5695,0.8767,0.7006,0.6350,0.4998,0.2991,0.5695,0.5695,0.0942,0.0369,0.0574,0.0574,0.5600,0.7300,0.6560,0.1700,-0.0740,46.57,-9.28,164.4,178.2,0.995,0.160,1.625
1791428733.3929842,0.4998,0.7006,0.7006,0.4998,0.4998,0.6350,0.4998,0.6350,0.5695,0.7538,0.3646,0.6350,0.5695,0.0574,0.0246,0.0942,0.0737,0.5610,0.7345,0.6720,0.1735,-0.0625,46.94,-9.11,164.5,177.8,1.053,0.159,1.713
1791428733.4260895,0.4998,0.6350,0.7538,0.5695,0.4998,0.8030,0.6350,0.7006,0.7006,0.1966,0.4302,0.6350,0.5695,0.0574,0.0246,0.0574,0.0410,0.5590,0.7335,0.6590,0.1745,-0.0745,47.05,-9.40,164.4,177.7,0.995,0.159,1.656
1791428733.4591744,0.4998,0.7538,0.9054,0.6350,0.4998,0.5695,0.7006,0.6350,0.4998,0.2458,0.2991,0.4998,0.5695,0.0737,0.0942,0.0737,0.0410,0.5600,0.7325,,0.1725,,47.09,-9.34,164.3,178.8,1.066,0.159,
1791428733.4928226,0.5695,0.8440,0.7538,0.6350,0.6350,0.8030,0.7538,0.5695,0.6350,0.2458,0.3646,0.5695,0.4998,0.1229,0.0246,0.0942,0.0574,0.5650,0.7340,,0.1690,,47.47,-9.33,164.5,178.6,1.067,0.157,1.728
1791428733.5256617,0.7006,0.7538,0.7538,0.7006,0.4302,0.4998,0.6350,0.6350,0.7538,0.2458,0.6350,0.3646,0.4302,0.0737,0.0574,0.0737,0.0737,0.5650,0.7325,,0.1675,,47.48,-9.31,164.8,178.0,1.050,0.156,1.732
1791428733.5650399,0.5695,0.7006,0.7538,0.6350,0.5695,0.7538,0.6350,0.6350,0.4998,0.7006,0.3646,0.5695,0.5695,0.0574,0.0369,0.0369,0.0737,0.5610,0.7300,0.6720,0.1690,-0.0580,47.27,-9.10,164.5,174.7,1.007,0.157,1.607
1791428733.597162,0.6350,0.8767,0.7538,0.6350,0.7006,0.7006,0.7538,0.5695,0.4998,0.6350,0.2991,0.4998,0.5695,0.1229,0.0737,0.0574,0.0574,0.5610,0.7325,,0.1715,,47.46,-9.13,164.2,174.5,1.026,0.156,1.644
1791428733.628725,0.4998,0.6350,0.8030,0.5695,0.5695,0.6350,0.7538,0.4998,0.5695,0.4302,0.4302,0.4302,0.6350,0.0574,0.0369,0.1229,0.0942,0.5600,0.7320,,0.1720,,47.84,-9.21,164.5,174.9,0.986,0.154,1.567
1791428733.660225,0.4998,0.7538,0.8030,0.7006,0.4302,0.7006,0.5695,0.6350,0.4998,0.5695,0.5695,0.4998,0.6350,0.0942,0.0246,0.0942,0.0737,0.5650,0.7330,,0.1680,,48.02,-9.25,164.7,175.5,1.015,0.153,1.681
1791428733.6925936,0.7006,0.9054,0.8030,0.2991,0.2458,0.7006,0.7006,0.7538,0.6350,0.3646,0.2991,0.5695,0.5695,0.0737,0.0410,0.0410,0.0574,0.5600,0.7310,0.6720,0.1710,-0.0590,48.02,-9.10,164.3,175.4,0.985,0.153,1.661
1791428733.7256408,0.5695,0.7006,0.8030,0.3646,0.4998,0.7538,0.7006,0.6350,0.7538,0.7006,0.6350,0.5695,0.6350,0.1229,0.0574,0.0942,0.0942,0.5640,0.7300,0.6580,0.1660,-0.0720,47.11,-9.29,164.1,175.3,1.015,0.157,1.674
1791428733.7601545,0.7006,0.8030,0.7006,0.5695,0.3646,0.7006,0.5695,0.7538,0.4998,0.7006,0.6350,0.4998,0.5695,0.0942,0.0574,0.0574,0.0369,0.5600,0.7345,,0.1745,,46.74,-9.34,164.5,175.1,1.032,0.160,1.765
1791428733.7924335,0.1966,0.8767,0.7006,0.4998,0.4998,0.7538,0.7538,0.7538,0.4302,0.2991,0.2991,0.5695,0.5695,0.0410,0.0942,0.0737,0.0737,,0.7315,0.6710,,-0.0605,46.74,-9.34,163.9,175.7,1.033,0.160,
1791428733.8265874,0.4998,0.8030,0.8030,0.4302,0.7006,0.5695,0.7006,0.4302,0.4998,0.3646,0.4998,0.4302,0.5695,0.0942,0.0942,0.0942,0.0737,0.5610,0.7310,,0.1700,,46.56,-9.29,163.5,175.8,1.030,0.161,1.696
1791428733.8591723,0.5695,0.7538,0.8030,0.4998,0.4998,0.7006,0.6350,0.7006,0.6350,0.7538,0.2458,0.4998,0.5695,0.0410,0.0942,0.0737,0.0737,0.5610,0.7305,,0.1695,,46.95,-9.28,163.6,177.2,1.005,0.159,1.629
1791428733.8997421,0.7538,0.6350,0.8767,0.5695,0.4998,0.7006,0.7006,0.5695,0.6350,0.4998,0.4302,0.5695,0.5695,0.0574,0.0942,0.0737,0.0737,0.5610,0.7340,0.6740,0.1730,-0.0600,47.23,-9.01,163.7,177.5,1.066,0.158,1.705
1791428733.9315848,0.3646,0.7538,0.7006,0.5695,0.7006,0.3646,0.5695,0.7006,0.4998,0.4998,0.5695,0.4998,0.5695,0.1557,0.0246,0.0574,0.0574,0.5650,0.7345,,0.1695,,47.33,-8.97,163.9,177.2,1.090,0.157,1.745
1791428733.9628165,0.8030,0.6350,0.6350,0.4998,0.4998,0.6350,0.7006,0.6350,0.4998,0.4998,0.1966,0.5695,0.5695,0.0574,0.0737,0.0574,0.0574,0.5660,0.7330,0.6770,0.1670,-0.0560,46.96,-8.76,163.9,176.9,1.012,0.159,1.714
1791428733.9951155,0.8440,0.9423,0.7006,0.7006,0.4998,0.4998,0.7006,0.5695,0.6350,0.6350,0.4302,0.5695,0.5695,0.0410,0.1557,0.0737,0.1229,0.5650,0.7255,0.6720,0.1605,-0.0535,47.10,-8.69,164.0,176.8,0.910,0.156,1.519
1791428734.0264306,0.7006,0.7006,0.7006,0.7006,0.4302,0.7538,0.7006,0.5695,0.4998,0.5695,0.6350,0.6350,0.6350,0.0737,0.0942,0.0737,0.0574,0.5610,0.7285,0.6740,0.1675,-0.0545,47.13,-8.52,164.2,176.7,0.988,0.156,1.614
1791428734.0595672,0.2991,0.7006,0.6350,0.4998,0.4998,0.7006,0.7006,0.6350,0.7006,0.4998,0.3646,0.5695,0.5695,0.0942,0.0574,0.0942,0.0737,,0.7315,0.6610,,-0.0705,47.13,-8.52,164.1,176.7,1.024,0.156,
1791428734.0930245,0.6350,0.7538,0.8030,0.4998,0.7006,0.8030,0.7006,0.4998,0.4998,0.6350,0.3646,0.5695,0.6350,0.0737,0.0369,0.0737,0.0737,0.5600,0.7275,0.6610,0.1675,-0.0665,47.19,-8.70,164.1,177.2,1.003,0.155,1.603
1791428734.1268725,0.5695,0.7006,0.8030,0.4302,0.4998,0.6350,0.7006,0.6350,0.4998,0.4998,0.2991,0.4302,0.5695,0.0737,0.0369,0.1229,0.0737,0.5600,0.7330,,0.1730,,47.21,-8.83,164.1,177.5,0.977,0.156,1.641
1791428734.1603634,0.5695,0.8030,0.7006,0.5695,0.5695,0.7006,0.6350,0.7006,0.6350,0.3646,0.2458,0.6350,0.5695,0.0737,0.0737,0.0574,0.0574,0.5650,0.7305,0.6740,0.1655,-0.0565,47.03,-8.65,164.0,178.6,1.015,0.157,1.666
1791428734.1933384,0.3646,0.8030,0.8767,0.5695,0.5695,0.6350,0.6350,0.5695,0.5695,0.5695,0.4998,0.3646,0.6350,0.0737,0.0737,0.0574,0.0737,0.5600,0.7330,,0.1730,,46.83,-8.62,164.2,178.1,1.055,0.159,1.787
1791428734.2344205,0.4998,0.6350,0.6350,0.6350,0.5695,0.7006,0.6350,0.7538,0.6350,0.6350,0.4302,0.4998,0.6350,0.1229,0.0942,0.1966,0.0942,0.5600,0.7310,,0.1710,,46.91,-8.61,163.8,176.9,1.020,0.159,1.643
1791428734.2666025,0.6350,0.7006,0.8440,0.4302,0.2991,0.7006,0.7538,0.7006,0.7006,0.4998,0.4998,0.5695,0.6350,0.0737,0.0942,0.0942,0.0942,0.5650,0.7320,0.6640,0.1670,-0.0680,46.75,-8.69,163.7,176.8,1.073,0.159,1.677
1791428734.297678,0.6350,0.7006,0.9423,0.5695,0.5695,0.7006,0.4998,0.5695,0.4998,0.6350,0.5695,0.4302,0.6350,0.0574,0.1557,0.0942,0.0942,0.5600,0.7305,,0.1705,,46.60,-8.66,163.8,176.6,1.034,0.160,1.641
1791428734.330815,0.5695,0.7006,0.5695,0.7006,0.4998,0.6350,0.7006,0.7538,0.4998,0.6350,0.3646,0.4998,0.6350,0.0574,0.0369,0.1229,0.0942,0.5640,0.7335,,0.1695,,46.14,-8.69,163.9,176.7,1.050,0.163,1.771
1791428734.3613348,0.6350,0.5695,0.6350,0.6350,0.4302,0.6350,0.5695,0.7006,0.6350,0.1966,0.2991,0.5695,0.6350,0.0410,0.0942,0.0574,0.0737,0.5600,0.7320,0.6730,0.1720,-0.0590,46.40,-8.55,164.4,177.5,1.045,0.162,
1791428734.3950891,0.6350,0.6350,0.6350,0.7006,0.6350,0.7538,0.7006,0.7006,0.7006,0.2991,0.3646,0.5695,0.5695,0.0737,0.0574,0.0574,0.0574,0.5610,0.7335,0.6710,0.1725,-0.0625,46.84,-8.59,164.5,177.3,1.016,0.160,1.685
1791428734.426775,0.7006,0.8440,0.7006,0.6350,0.4302,0.4302,0.5695,0.6350,0.4998,0.5695,0.4302,0.4302,0.5695,0.0737,0.0369,0.0942,0.0737,0.5650,0.7320,,0.1670,,46.85,-8.65,164.4,177.1,0.992,0.159,1.658
1791428734.4606893,0.3646,0.8767,0.7006,0.7006,0.5695,0.8440,0.7006,0.8030,0.5695,0.7538,0.3646,0.4998,0.5695,0.0574,0.0246,0.0410,0.1229,0.5610,0.7305,,0.1695,,46.59,-8.64,164.5,177.0,1.004,0.161,1.708
1791428734.4940033,0.5695,0.8767,0.6350,0.4302,0.5695,0.6350,0.5695,0.6350,0.7006,0.6350,0.1229,0.4998,0.5695,0.0737,0.0246,0.0737,0.0737,0.5600,0.7320,,0.1720,,46.76,-8.64,164.3,177.2,1.027,0.160,1.650
1791428734.5271587,0.4998,0.6350,0.8440,0.5695,0.6350,0.6350,0.5695,0.7006,0.6350,0.5695,0.1966,0.3646,0.5695,0.0737,0.0574,0.0942,0.0574,0.5610,0.7320,,0.1710,,46.54,-8.64,164.2,177.5,1.025,0.161,1.735
1791428734.5681875,0.7538,0.5695,0.7538,0.2991,0.1966,0.7006,0.4998,0.4998,0.3646,0.6350,0.4302,0.4998,0.5695,0.0737,0.0410,0.0942,0.0942,0.5610,0.7330,,0.1720,,46.45,-8.62,163.6,177.8,1.055,0.162,1.755
1791428734.5987659,0.4998,0.6350,0.8030,0.5695,0.5695,0.7006,0.5695,0.5695,0.5695,0.3646,0.4302,0.4998,0.6350,0.0410,0.1229,0.0942,0.0942,0.5610,0.7325,,0.1715,,47.35,-8.78,164.2,177.6,0.939,0.157,1.534
1791428734.6310058,0.4302,0.6350,0.7538,0.4998,0.6350,0.8440,0.7538,0.7006,0.6350,0.1966,0.2458,0.4998,0.5695,0.0737,0.0737,0.0410,0.0574,0.5610,0.7295,,0.1685,,47.34,-8.73,164.0,178.0,0.994,0.157,
1791428734.6616495,0.3646,0.7538,0.8030,0.7006,0.5695,0.7006,0.4998,0.7006,0.7006,0.4998,0.1557,0.4998,0.6350,0.0942,0.0942,0.1229,0.1966,0.5610,0.7300,,0.1690,,47.32,-8.67,164.3,179.3,1.019,0.157,1.657
1791428734.6948252,0.5695,0.9054,0.8030,0.5695,0.3646,0.5695,0.5695,0.7538,0.6350,0.3646,0.2991,0.6350,0.6350,0.0574,0.0574,0.0942,0.0942,0.5610,0.7315,0.6780,0.1705,-0.0535,47.33,-8.43,164.3,178.9,1.017,0.157,1.675
1791428734.7284718,0.5695,0.8030,0.5695,0.6350,0.5695,0.5695,0.5695,0.4998,0.4302,0.7006,0.3646,0.5695,0.5695,0.1229,0.0574,0.0942,0.0737,0.5600,0.7335,0.6650,0.1735,-0.0685,46.94,-8.55,164.2,178.7,1.081,0.160,1.730
1791428734.760747,0.5695,0.7006,0.8440,0.4998,0.4998,0.4998,0.7006,0.3646,0.4302,0.5695,0.7006,0.4998,0.5695,0.0574,0.0574,0.1229,0.0737,0.5640,0.7330,,0.1690,,46.42,-8.44,163.7,177.9,1.113,0.162,1.763
1791428734.794498,0.4998,0.5695,0.8030,0.5695,0.7538,0.6350,0.7538,0.7538,0.4998,0.6350,0.2991,0.5695,0.5695,0.1229,0.1229,0.0737,0.0737,0.5600,0.7310,0.6590,0.1710,-0.0720,46.14,-8.73,163.7,177.4,1.034,0.164,1.688
1791428734.8275094,0.6350,0.7538,0.7538,0.5695,0.3646,0.4302,0.5695,0.7006,0.7006,0.7538,0.3646,0.5695,0.5695,0.0574,0.0942,0.0574,0.0737,0.5610,0.7335,0.6760,0.1725,-0.0575,46.47,-8.57,164.1,178.0,1.032,0.162,1.658
1791428734.8677216,0.1966,0.8030,0.9054,0.7006,0.4302,0.5695,0.7538,0.4998,0.3646,0.5695,0.3646,0.5695,0.5695,0.0942,0.0246,0.0737,0.0737,,0.7330,0.6620,,-0.0710,46.47,-8.57,164.3,177.9,1.070,0.162,
1791428734.8992622,0.4998,0.7538,0.7538,0.4998,0.4998,0.5695,0.7006,0.6350,0.5695,0.2458,0.4998,0.4998,0.4998,0.0574,0.0410,0.0246,0.0410,0.5600,0.7350,,0.1750,,46.81,-8.64,164.7,177.9,1.042,0.161,1.791
1791428734.9300277,0.5695,0.6350,0.7006,0.7006,0.4998,0.7006,0.7006,0.6350,0.5695,0.7006,0.4998,0.6350,0.6350,0.0737,0.1229,0.0737,0.0574,0.5640,0.7315,0.6640,0.1675,-0.0675,46.77,-8.84,164.8,177.6,0.992,0.161,1.636
1791428734.9625902,0.4998,0.8030,0.8440,0.7006,0.5695,0.7538,0.7538,0.8440,0.8440,0.5695,0.6350,0.5695,0.5695,0.0737,0.0942,0.0574,0.0737,0.5600,0.7285,0.6570,0.1685,-0.0715,46.72,-9.06,164.7,177.5,1.019,0.160,1.642
1791428734.994571,0.4302,0.7006,0.7006,0.5695,0.5695,0.7006,0.8030,0.6350,0.5695,0.5695,0.1966,0.5695,0.6350,0.0737,0.0205,0.0942,0.0737,0.5600,0.7280,0.6600,0.1680,-0.0680,46.53,-9.23,164.5,177.5,0.970,0.161,1.621
1791428735.0277328,0.6350,0.6350,0.8030,0.5695,0.5695,0.4998,0.6350,0.6350,0.6350,0.5695,0.1966,0.4998,0.6350,0.0737,0.1229,0.0574,0.0737,0.5600,0.7335,,0.1735,,46.95,-9.32,164.6,177.8,1.001,0.159,1.648
1791428735.061688,0.5695,0.7006,0.9054,0.4998,0.4302,0.6350,0.7006,0.6350,0.4998,0.6350,0.2991,0.4998,0.6350,0.0369,0.0369,0.1557,0.1229,0.5600,0.7270,,0.1670,,47.07,-9.31,164.8,178.1,0.952,0.158,1.569
1791428735.094658,0.7006,0.7538,0.8440,0.5695,0.7006,0.7006,0.7538,0.7006,0.5695,0.1966,0.4998,0.5695,0.5695,0.0737,0.0369,0.0737,0.0942,0.5680,0.7300,0.6730,0.1620,-0.0570,46.93,-9.14,164.5,177.6,0.965,0.157,1.619
1791428735.1279495,0.6350,0.8767,0.9054,0.6350,0.4302,0.7006,0.7538,0.7538,0.5695,0.1966,0.2458,0.4998,0.5695,0.0574,0.0942,0.0942,0.0737,0.5600,0.7320,,0.1720,,46.77,-9.14,164.4,177.7,1.018,0.159,
1791428735.1692607,0.6350,0.8030,0.4998,0.6350,0.3646,0.4998,0.7006,0.6350,0.7006,0.4302,0.2991,0.4998,0.5695,0.0205,0.0410,0.0410,0.0737,0.5650,0.7290,,0.1640,,46.63,-9.08,164.6,177.7,1.002,0.159,1.689
1791428735.2007692,0.4998,0.6350,0.8030,0.4998,0.5695,0.8767,0.6350,0.5695,0.5695,0.5695,0.1966,0.6350,0.5695,0.0205,0.0369,0.0942,0.0410,0.5600,0.7330,0.6710,0.1730,-0.0620,46.96,-8.98,164.5,177.7,1.027,0.158,1.656
1791428735.2323935,0.6350,0.7538,0.7538,0.5695,0.4302,0.7538,0.7006,0.7538,0.4998,0.4998,0.2458,0.5695,0.6350,0.0574,0.0942,0.0246,0.0369,0.5600,0.7300,0.6710,0.1700,-0.0590,46.63,-8.84,164.4,178.2,1.013,0.160,1.700
1791428735.267902,0.5695,0.9054,0.9054,0.6350,0.4998,0.7538,0.7538,0.6350,0.7006,0.6350,0.2991,0.5695,0.5695,0.0574,0.0410,0.1229,0.0942,0.5610,0.7350,0.6670,0.1740,-0.0680,47.05,-8.84,164.1,178.9,1.094,0.158,1.708
1791428735.2963083,0.3646,0.6350,0.7538,0.5695,0.4302,0.7006,0.5695,0.6350,0.7006,0.3646,0.3646,0.6350,0.5695,0.0737,0.0205,0.0737,0.1229,0.5660,0.7310,0.6850,0.1650,-0.0460,46.76,-8.34,164.3,178.7,1.034,0.159,1.719
1791428735.3281667,0.7538,0.7006,0.7538,0.4998,0.6350,0.6350,0.5695,0.7006,0.7006,0.6350,0.1966,0.5695,0.6350,0.0942,0.0574,0.0737,0.0737,0.5600,0.7315,0.6620,0.1715,-0.0695,46.91,-8.63,164.2,178.6,1.006,0.159,1.608
1791428735.3627975,0.4302,0.4998,0.9423,0.4302,0.2991,0.7538,0.6350,0.7538,0.3646,0.4998,0.3646,0.4998,0.5695,0.0410,0.0369,0.0574,0.0942,0.5600,0.7320,,0.1720,,47.04,-8.70,164.3,178.7,0.985,0.158,1.638
1791428735.3957329,0.7538,0.7006,0.6350,0.6350,0.4302,0.7006,0.7006,0.6350,0.4302,0.4998,0.3646,0.5695,0.6350,0.0737,0.0246,0.0737,0.0737,0.5640,0.7315,0.6690,0.1675,-0.0625,47.46,-8.75,164.3,178.4,0.993,0.156,1.615
1791428735.4280074,0.2458,0.5695,0.8030,0.5695,0.6350,0.4302,0.7538,0.6350,0.5695,0.3646,0.3646,0.4998,0.5695,0.0737,0.0410,0.0737,0.0410,,0.7360,,,,47.46,-8.75,164.6,177.8,1.121,0.156,
1791428735.4615157,0.6350,0.8030,0.9259,0.6350,0.5695,0.7538,0.7006,0.6350,0.5695,0.1557,0.4302,0.4998,0.5695,0.0410,0.0737,0.0737,0.0574,0.5600,0.7340,,0.1740,,47.26,-8.72,164.8,177.6,1.067,0.158,1.777
1791428735.5016513,0.6350,0.6350,0.7538,0.7006,0.5695,0.6350,0.6350,0.5695,0.5695,0.2458,0.2458,0.3646,0.4302,0.0942,0.0574,0.0246,0.0574,0.5600,0.7340,,0.1740,,47.29,-8.81,164.9,177.7,1.002,0.158,
1791428735.533509,0.3646,0.8767,0.8030,0.6350,0.4302,0.7006,0.5695,0.4998,0.4302,0.6350,0.4998,0.6350,0.5695,0.0942,0.0205,0.0574,0.0574,0.5600,0.7350,0.6790,0.1750,-0.0560,47.37,-8.55,164.9,178.0,1.056,0.158,1.687
1791428735.565899,0.6350,0.8030,0.7006,0.5695,0.6350,0.7538,0.7538,0.6350,0.4998,0.5695,0.2458,0.5695,0.6350,0.0574,0.0942,0.0737,0.0737,0.5620,0.7305,0.6610,0.1685,-0.0695,47.48,-8.82,164.8,177.9,0.990,0.157,1.594
1791428735.5970895,0.4302,0.6350,0.8030,0.4302,0.2991,0.5695,0.5695,0.4998,0.7538,0.5695,0.4302,0.3646,0.4998,0.0369,0.0942,0.0369,0.0574,0.5640,0.7325,,0.1685,,47.37,-8.93,164.7,177.8,0.960,0.157,1.640
1791428735.6289062,0.5695,0.7538,0.7538,0.5695,0.4302,0.7006,0.6350,0.7006,0.5695,0.6350,0.5695,0.4998,0.4998,0.0410,0.1229,0.1229,0.0737,0.5600,0.7320,,0.1720,,47.69,-8.95,164.9,177.7,0.984,0.156,1.637
1791428735.6624086,0.3646,0.7006,0.9054,0.7006,0.6350,0.7006,0.7006,0.5695,0.5695,0.7006,0.3646,0.4998,0.5695,0.0737,0.0737,0.0737,0.0737,0.5610,0.7320,,0.1710,,47.51,-8.93,165.1,177.6,1.008,0.157,1.683
1791428735.6952326,0.4998,0.6350,0.7006,0.5695,0.6350,0.6350,0.7538,0.7006,0.5695,0.4998,0.2991,0.4998,0.5695,0.0574,0.1229,0.0369,0.0410,0.5600,0.7355,,0.1755,,47.33,-8.82,165.2,177.7,1.121,0.158,1.832
1791428735.7286212,0.5695,0.8030,0.4998,0.6350,0.3646,0.7006,0.7538,0.7538,0.4998,0.4998,0.6350,0.4998,0.4998,0.0737,0.1229,0.0737,0.0410,0.5610,0.7340,,0.1730,,47.40,-8.84,164.8,177.7,1.029,0.158,1.711
1791428735.7616408,0.7538,0.7006,0.7538,0.4998,0.6350,0.7006,0.7006,0.4998,0.4998,0.7538,0.1966,0.6350,0.5695,0.0205,0.0574,0.0737,0.0574,0.5680,0.7350,0.6620,0.1670,-0.0730,47.25,-9.08,164.6,177.8,1.034,0.158,1.703
1791428735.795807,0.7006,0.6350,0.7006,0.4998,0.4302,0.7538,0.5695,0.5695,0.7006,0.7006,0.3646,0.4998,0.5695,0.1229,0.1966,0.0737,0.0574,0.5680,0.7310,,0.1630,,46.89,-9.04,164.5,177.8,1.008,0.159,1.676
1791428735.834778,0.5695,0.8030,0.7006,0.5695,0.4998,0.7538,0.7538,0.5695,0.4998,0.2991,0.4998,0.5695,0.4998,0.0942,0.0574,0.0574,0.0410,0.5610,0.7310,,0.1700,,47.00,-8.99,164.3,177.9,1.023,0.158,1.695
1791428735.8667898,0.4998,0.6350,0.8767,0.5695,0.4302,0.6350,0.7006,0.5695,0.5695,0.7538,0.5695,0.5695,0.6350,0.0737,0.0205,0.0737,0.0737,0.5640,0.7335,0.6640,0.1695,-0.0695,46.91,-9.05,164.4,177.6,1.063,0.159,1.709
1791428735.8976912,0.8030,0.7538,0.7538,0.2991,0.3646,0.5695,0.4998,0.6350,0.7538,0.7006,0.3646,0.4998,0.5695,0.0574,0.0737,0.0942,0.0737,0.5660,0.7335,,0.1675,,46.83,-9.06,164.4,177.2,1.040,0.159,1.668
1791428735.930294,0.6350,0.6350,0.8440,0.6350,0.3646,0.7006,0.7006,0.7006,0.5695,0.4998,0.5695,0.5695,0.5695,0.0574,0.0942,0.0737,0.0737,0.5650,0.7325,0.6720,0.1675,-0.0605,47.29,-8.92,164.2,177.0,1.027,0.156,1.613
1791428735.9619608,0.5695,0.5695,0.8767,0.5695,0.4302,0.7006,0.6350,0.5695,0.5695,0.6350,0.4998,0.5695,0.5695,0.0737,0.1229,0.0737,0.0574,0.5650,0.7330,0.6730,0.1680,-0.0600,47.10,-8.77,164.1,176.9,1.047,0.157,1.748
1791428735.9962687,0.5695,0.4998,0.6350,0.6350,0.5695,0.6350,0.8030,0.7006,0.6350,0.5695,0.4998,0.4302,0.5695,0.1557,0.0737,0.1229,0.1229,0.5660,0.7275,,0.1615,,46.35,-8.74,163.8,177.3,0.966,0.160,1.667
1791428736.029197,0.5695,0.7006,0.8767,0.5695,0.5695,0.6350,0.7538,0.4302,0.6350,0.7006,0.3646,0.5695,0.5695,0.0942,0.0246,0.1229,0.0942,0.5600,0.7345,0.6830,0.1745,-0.0515,46.78,-8.45,164.2,177.1,1.011,0.159,1.652
1791428736.063098,0.6350,0.6350,0.8030,0.5695,0.4998,0.5695,0.6350,0.3646,0.5695,0.7006,0.4302,0.5695,0.7006,0.0574,0.1229,0.0942,0.0942,0.5600,0.7350,0.6600,0.1750,-0.0750,46.80,-8.73,163.8,177.9,1.088,0.160,1.750
1791428736.0959687,0.4998,0.6350,0.8030,0.4998,0.4998,0.7006,0.4998,0.7006,0.4302,0.8030,0.4302,0.4998,0.6350,0.0737,0.0246,0.0574,0.0942,0.5600,0.7350,,0.1750,,46.65,-8.72,164.1,177.8,1.073,0.161,1.801
1791428736.1360118,0.5695,0.5695,0.8440,0.5695,0.4302,0.7538,0.7006,0.7006,0.7006,0.4302,0.2991,0.5695,0.5695,0.0246,0.0942,0.0737,0.0737,0.5640,0.7335,0.6760,0.1695,-0.0575,46.37,-8.52,163.9,177.7,1.060,0.163,1.755
1791428736.1689014,0.7006,0.7006,0.7006,0.7006,0.3646,0.6350,0.7538,0.7538,0.7006,0.5695,0.2991,0.4998,0.6350,0.0737,0.0942,0.0942,0.1229,0.5650,0.7325,,0.1675,,46.73,-8.64,164.2,179.1,0.953,0.160,1.583
1791428736.1991534,0.5695,0.6350,0.8030,0.6350,0.2458,0.6350,0.7006,0.4998,0.6350,0.5695,0.4302,0.4998,0.5695,0.0737,0.0246,0.0737,0.0737,0.5600,0.7350,,0.1750,,46.62,-8.57,164.2,178.6,1.103,0.162,1.809
1791428736.2317655,0.6350,0.7538,0.7006,0.5695,0.3646,0.5695,0.7006,0.7006,0.7006,0.6350,0.1966,0.4302,0.5695,0.0574,0.0369,0.0942,0.0942,0.5600,0.7340,,0.1740,,47.21,-8.65,164.6,178.6,0.999,0.159,1.684
1791428736.263107,0.7538,0.5695,0.8030,0.7006,0.5695,0.7006,0.7006,0.4998,0.5695,0.5695,0.5695,0.4998,0.5695,0.0574,0.0205,0.0942,0.0574,0.5600,0.7300,,0.1700,,47.24,-8.69,164.3,178.2,0.948,0.158,1.584
1791428736.2960918,0.5695,0.7538,0.7006,0.5695,0.6350,0.6350,0.5695,0.6350,0.7538,0.7538,0.2991,0.4998,0.5695,0.0369,0.0942,0.0737,0.0737,0.5600,0.7340,,0.1740,,47.46,-8.69,164.5,178.2,1.034,0.158,1.674
1791428736.3289673,0.5695,0.5695,0.8440,0.5695,0.2991,0.7538,0.7006,0.5695,0.7006,0.5695,0.4302,0.4998,0.6350,0.0737,0.1229,0.0737,0.0737,0.5600,0.7315,,0.1715,,47.47,-8.59,164.3,177.8,1.054,0.158,1.652
1791428736.3627746,0.5695,0.3646,0.7538,0.6350,0.4302,0.7538,0.7538,0.4998,0.4998,0.6350,0.2458,0.5695,0.6350,0.0942,0.1229,0.0737,0.0737,0.5650,0.7315,0.6740,0.1665,-0.0575,47.29,-8.44,164.4,178.1,1.044,0.158,1.696
1791428736.3964336,0.2458,0.5695,0.7538,0.4302,0.3646,0.6350,0.5695,0.5695,0.5695,0.7538,0.6350,0.4998,0.5695,0.1229,0.1229,0.0942,0.0737,,0.7305,,,,47.29,-8.44,164.3,178.2,0.997,0.158,
1791428736.43015,0.5695,0.6350,0.6350,0.5695,0.5695,0.7538,0.4998,0.7538,0.6350,0.5695,0.2991,0.5695,0.6350,0.0737,0.0369,0.0737,0.0737,0.5640,0.7330,0.6740,0.1690,-0.0590,47.13,-8.40,164.6,178.6,1.021,0.158,1.659
1791428736.4696908,0.7006,0.5695,0.7006,0.6350,0.4302,0.6350,0.7006,0.4302,0.7538,0.7006,0.4302,0.5695,0.5695,0.0942,0.0369,0.0737,0.0410,0.5640,0.7330,0.6740,0.1690,-0.0590,46.73,-8.35,164.4,178.4,1.028,0.160,1.726
1791428736.502232,0.7006,0.4998,0.7538,0.4998,0.4998,0.8767,0.7006,0.8030,0.7006,0.6350,0.4998,0.6350,0.6350,0.0737,0.0737,0.0737,0.0942,0.5660,0.7310,0.6750,0.1650,-0.0560,46.38,-8.21,164.4,178.1,1.039,0.161,1.721
1791428736.5324814,0.7006,0.5695,0.8440,0.4998,0.4998,0.7006,0.7006,0.6350,0.4998,0.6350,0.4998,0.4998,0.5695,0.0369,0.0737,0.0574,0.0574,0.5600,0.7325,,0.1725,,46.77,-8.30,164.2,178.8,0.980,0.160,1.615
1791428736.5638406,0.6350,0.5695,0.6350,0.4998,0.4302,0.6350,0.7006,0.5695,0.7006,0.1966,0.4302,0.4998,0.5695,0.1557,0.0246,0.0574,0.0574,0.5660,0.7320,,0.1660,,46.31,-8.24,164.7,178.6,1.049,0.161,1.769
1791428736.596771,0.6350,0.7006,0.7538,0.4998,0.3646,0.6350,0.5695,0.7006,0.6350,0.1557,0.4998,0.6350,0.5695,0.0942,0.0410,0.0369,0.0737,0.5640,0.7315,0.6610,0.1675,-0.0705,46.66,-8.59,164.7,178.6,0.998,0.159,1.653
1791428736.62925,0.7006,0.6350,0.6350,0.4998,0.4302,0.8030,0.6350,0.6350,0.5695,0.4998,0.4302,0.4998,0.5695,0.0369,0.0369,0.0942,0.0942,0.5650,0.7335,,0.1685,,47.17,-8.70,164.5,178.3,0.976,0.156,1.623
1791428736.6628425,0.7006,0.5695,0.8030,0.5695,0.4998,0.7538,0.6350,0.5695,0.5695,0.6350,0.4998,0.5695,0.6350,0.0205,0.0410,0.0942,0.0942,0.5600,0.7320,0.6610,0.1720,-0.0710,47.44,-8.96,164.2,177.9,1.008,0.155,1.632
1791428736.6973429,0.6350,0.5695,0.7006,0.5695,0.5695,0.7538,0.5695,0.7006,0.4302,0.5695,0.7538,0.6350,0.5695,0.0942,0.0942,0.0942,0.0737,0.5600,0.7335,0.6580,0.1735,-0.0755,47.46,-9.21,164.2,178.0,1.050,0.156,1.694
1791428736.7295156,0.8030,0.5695,0.6350,0.5695,0.6350,0.6350,0.5695,0.6350,0.6350,0.6350,0.2458,0.5695,0.5695,0.0737,0.0574,0.0737,0.0574,0.5640,0.7320,0.6720,0.1680,-0.0600,47.47,-9.07,164.2,177.7,1.003,0.156,1.639
1791428736.7631302,0.4998,0.7006,0.7006,0.7006,0.4998,0.4302,0.5695,0.6350,0.4998,0.2991,0.2991,0.4998,0.4998,0.1229,0.0942,0.0574,0.0574,0.5600,0.7340,,0.1740,,47.44,-8.98,163.7,178.2,1.094,0.157,
1791428736.8031461,0.7538,0.7006,0.7006,0.4998,0.3646,0.7538,0.7006,0.5695,0.6350,0.5695,0.4998,0.4998,0.5695,0.0369,0.0369,0.0369,0.0574,0.5600,0.7345,,0.1745,,47.83,-8.97,163.7,178.0,1.063,0.155,1.685
1791428736.8349738,0.6350,0.6350,0.7006,0.6350,0.5695,0.6350,0.4302,0.7006,0.6350,0.5695,0.6350,0.4302,0.5695,0.0737,0.0369,0.0737,0.0737,0.5650,0.7335,,0.1685,,47.79,-8.99,163.9,177.8,1.034,0.155,1.702
1791428736.8664494,0.6350,0.7006,0.7006,0.4998,0.5695,0.7538,0.5695,0.5695,0.3646,0.7006,0.4302,0.5695,0.6350,0.0574,0.1229,0.0737,0.0942,0.5600,0.7325,0.6740,0.1725,-0.0585,47.95,-8.86,164.0,174.8,0.998,0.154,1.607
1791428736.8978872,0.5695,0.4998,0.7538,0.7538,0.4302,0.6350,0.6350,0.6350,0.4302,0.6350,0.4302,0.4998,0.5695,0.0737,0.1229,0.0737,0.0942,0.5600,0.7335,,0.1735,,48.33,-8.99,164.6,175.5,0.962,0.153,1.577
1791428736.930054,0.6350,0.5695,0.6350,0.6350,0.5695,0.7538,0.7006,0.5695,0.6350,0.7006,0.4998,0.5695,0.5695,0.0574,0.0737,0.0737,0.0737,0.5680,0.7320,0.6620,0.1640,-0.0700,48.08,-9.13,164.6,175.7,1.024,0.153,1.642
1791428736.9638867,0.6350,0.4998,0.6350,0.5695,0.4998,0.7006,0.7006,0.7538,0.8030,0.4998,0.6350,0.5695,0.6350,0.0574,0.0246,0.0737,0.0737,0.5600,0.7350,0.6730,0.1750,-0.0620,48.22,-9.00,164.7,176.3,1.041,0.153,1.670
1791428736.9964187,0.6350,0.4998,0.4302,0.5695,0.5695,0.7006,0.6350,0.4998,0.3646,0.5695,0.4302,0.4998,0.6350,0.0574,0.0942,0.0737,0.0942,0.5610,0.7325,,0.1715,,48.21,-8.98,164.5,176.7,1.023,0.153,1.686
1791428737.030232,0.4998,0.6350,0.7538,0.5695,0.4998,0.4998,0.7006,0.6350,0.7006,0.5695,0.3646,0.6350,0.5695,0.0737,0.0246,0.0737,0.0737,0.5600,0.7315,0.6790,0.1715,-0.0525,48.04,-8.66,164.5,176.7,1.015,0.154,1.703
1791428737.064949,0.6350,0.8030,0.8767,0.3646,0.5695,0.6350,0.7538,0.6350,0.4302,0.5695,0.3646,0.5695,0.4998,0.0737,0.1229,0.0942,0.0942,0.5600,0.7315,,0.1715,,48.12,-8.72,164.4,177.9,0.963,0.154,1.639
1791428737.1042922,0.7006,0.5695,0.7538,0.4302,0.4998,0.7538,0.4998,0.7538,0.6350,0.6350,0.2991,0.5695,0.7006,0.0737,0.0410,0.0737,0.0942,0.5610,0.7310,0.6710,0.1700,-0.0600,48.20,-8.68,164.5,177.8,0.998,0.153,1.616
1791428737.1367595,0.7006,0.5695,0.8440,0.5695,0.7538,0.6350,0.7538,0.7538,0.6350,0.6350,0.4302,0.5695,0.5695,0.0737,0.0246,0.0942,0.0737,0.5600,0.7295,0.6560,0.1695,-0.0735,48.52,-9.15,164.4,177.7,0.932,0.151,1.557
1791428737.1685815,0.8030,0.5695,0.8030,0.5695,0.5695,0.5695,0.7006,0.6350,0.6350,0.6350,0.2458,0.4998,0.5695,0.0942,0.1229,0.0737,0.0737,0.5640,0.7350,,0.1710,,48.74,-9.16,164.4,177.5,1.037,0.150,1.679
1791428737.1996648,0.8030,0.5695,0.7006,0.5695,0.3646,0.8030,0.6350,0.7538,0.4302,0.6350,0.3646,0.5695,0.5695,0.0737,0.0737,0.0942,0.0942,0.5640,0.7350,0.6620,0.1710,-0.0730,48.55,-9.24,164.1,177.8,1.086,0.151,1.758
1791428737.2311656,0.7006,0.6350,0.7006,0.5695,0.5695,0.6350,0.7538,0.6350,0.5695,0.5695,0.2991,0.5695,0.5695,0.0737,0.0942,0.0574,0.0574,0.5600,0.7340,0.6590,0.1740,-0.0750,48.57,-9.38,164.2,178.4,1.076,0.151,1.667
1791428737.264264,0.5695,0.6350,0.7538,0.7006,0.4998,0.8767,0.7006,0.5695,0.7006,0.6350,0.2458,0.4998,0.4998,0.0574,0.0369,0.0737,0.0942,0.5600,0.7325,,0.1725,,48.71,-9.43,164.0,178.1,0.990,0.151,1.610
1791428737.297248,0.4302,0.5695,0.7006,0.4302,0.5695,0.8030,0.6350,0.6350,0.7006,0.5695,0.4998,0.4998,0.6350,0.0942,0.0410,0.0574,0.0737,0.5600,0.7305,,0.1705,,48.46,-9.36,164.1,178.0,1.024,0.152,1.643
1791428737.3309023,0.5695,0.5695,0.7538,0.5695,0.6350,0.7006,0.7006,0.6350,0.6350,0.2458,0.4302,0.5695,0.4998,0.0574,0.0574,0.0737,0.0737,0.5640,0.7340,,0.1700,,47.89,-9.28,164.3,177.7,1.088,0.155,1.852
1791428737.364039,0.6350,0.7006,0.5695,0.5695,0.4998,0.6350,0.7006,0.4998,0.4302,0.6350,0.5695,0.4998,0.5695,0.0737,0.0369,0.0942,0.0574,0.5640,0.7300,,0.1660,,47.86,-9.30,164.1,178.4,0.981,0.154,1.597
1791428737.3977697,0.7538,0.8030,0.7006,0.5695,0.4302,0.7538,0.7006,0.4302,0.5695,0.7006,0.3646,0.5695,0.7006,0.1229,0.0942,0.0942,0.0574,0.5660,0.7330,0.6650,0.1670,-0.0680,47.74,-9.26,164.1,177.3,1.060,0.154,1.673
1791428737.4377692,0.7538,0.7006,0.7006,0.4998,0.7006,0.6350,0.4998,0.4998,0.4302,0.7538,0.3646,0.4998,0.5695,0.0737,0.0410,0.0737,0.0737,0.5660,0.7340,,0.1680,,47.18,-9.24,163.8,177.1,1.070,0.157,1.747
1791428737.4700103,0.7538,0.6350,0.8440,0.4998,0.6350,0.7006,0.5695,0.6350,0.7538,0.4998,0.3646,0.4998,0.6350,0.0737,0.0410,0.0942,0.0942,0.5670,0.7330,,0.1660,,47.19,-9.33,164.0,177.3,0.994,0.156,1.646
1791428737.5021076,0.6350,0.6350,0.8030,0.4998,0.4998,0.7006,0.7006,0.7538,0.3646,0.3646,0.3646,0.4998,0.5695,0.0410,0.0369,0.0942,0.0574,0.5600,0.7325,,0.1725,,47.12,-9.43,164.2,177.0,0.970,0.157,1.650
1791428737.5331707,0.8030,0.4998,0.7538,0.4302,0.2991,0.7538,0.7006,0.6350,0.4998,0.5695,0.4998,0.4998,0.5695,0.0737,0.0574,0.0246,0.0574,0.5670,0.7335,,0.1665,,47.28,-9.51,164.5,177.1,0.986,0.156,1.631
1791428737.5648928,0.7006,0.4302,0.6350,0.4302,0.4998,0.4998,0.5695,0.4302,0.8030,0.6350,0.4302,0.5695,0.5695,0.0737,0.0205,0.0942,0.0737,0.5600,0.7325,0.6610,0.1725,-0.0715,46.90,-9.53,164.5,177.0,1.056,0.159,1.732
1791428737.5975246,0.8030,0.8030,0.8440,0.5695,0.4998,0.6350,0.6350,0.6350,0.6350,0.5695,0.2991,0.5695,0.6350,0.0410,0.0942,0.0942,0.0942,0.5650,0.7315,0.6720,0.1665,-0.0595,46.86,-9.32,164.3,177.4,0.999,0.158,1.676
1791428737.6314821,0.7006,0.8440,0.7538,0.4998,0.6350,0.8030,0.7006,0.6350,0.4302,0.7538,0.4302,0.4998,0.5695,0.0246,0.0574,0.0410,0.0737,0.5600,0.7325,,0.1725,,47.02,-9.26,163.9,177.0,1.050,0.158,1.672
1791428737.6656017,0.6350,0.4998,0.8440,0.4998,0.5695,0.7006,0.6350,0.6350,0.4998,0.3646,0.2991,0.4302,0.5695,0.0942,0.1557,0.0942,0.0942,0.5680,0.7265,,0.1585,,46.84,-9.24,163.9,178.3,0.943,0.157,1.604
1791428737.6977932,0.6350,0.5695,0.7538,0.4998,0.4302,0.7006,0.7538,0.2458,0.6350,0.7006,0.4302,0.5695,0.6350,0.0737,0.0205,0.0737,0.0737,0.5640,0.7300,0.6770,0.1660,-0.0530,46.97,-8.90,164.2,178.2,1.004,0.156,1.632
1791428737.7317889,0.6350,0.6350,0.8030,0.4998,0.7006,0.5695,0.8030,0.7538,0.7006,0.6350,0.4302,0.4998,0.5695,0.0737,0.0942,0.0942,0.0737,0.5600,0.7315,,0.1715,,47.05,-8.93,164.2,178.6,0.991,0.156,1.656
1791428737.7713723,0.6350,0.5695,0.5695,0.6350,0.5695,0.8030,0.5695,0.8030,0.4302,0.4998,0.2991,0.4998,0.6350,0.0942,0.0369,0.0737,0.0737,0.5620,0.7315,,0.1695,,47.53,-8.91,164.3,178.3,1.020,0.154,1.622
1791428737.802717,0.6350,0.7006,0.8030,0.6350,0.3646,0.4302,0.5695,0.7006,0.5695,0.5695,0.3646,0.4302,0.6350,0.0246,0.0942,0.0574,0.0942,0.5600,0.7320,,0.1720,,47.57,-8.90,164.3,178.0,1.028,0.155,1.611
1791428737.8342247,0.5695,0.7006,0.7006,0.4998,0.4998,0.7006,0.7538,0.6350,0.4302,0.5695,0.3646,0.4998,0.6350,0.0410,0.0410,0.1229,0.0369,0.5600,0.7340,,0.1740,,47.71,-8.87,164.0,177.4,1.068,0.155,1.685
1791428737.8669395,0.5695,0.5695,0.7538,0.5695,0.6350,0.4998,0.7006,0.4998,0.4302,0.4998,0.5695,0.5695,0.5695,0.0574,0.0205,0.0737,0.0574,0.5640,0.7315,0.6620,0.1675,-0.0695,47.41,-8.97,164.1,177.3,1.053,0.156,1.698
1791428737.8994522,0.7006,0.6350,0.6350,0.6350,0.5695,0.6350,0.7006,0.7006,0.5695,0.3646,0.2458,0.5695,0.6350,0.0942,0.1229,0.0942,0.0942,0.5640,0.7315,0.6780,0.1675,-0.0535,47.36,-8.71,164.6,177.1,1.003,0.156,1.616
1791428737.9311814,0.8030,0.5695,0.8440,0.4998,0.3646,0.5695,0.7006,0.4302,0.7006,0.2458,0.4302,0.5695,0.5695,0.0737,0.0369,0.0737,0.0574,0.5640,0.7345,0.6800,0.1705,-0.0545,47.33,-8.43,164.6,176.9,1.057,0.156,1.752
1791428737.9645905,0.4998,0.6350,0.8030,0.6350,0.4998,0.4998,0.5695,0.6350,0.6350,0.7006,0.2991,0.5695,0.5695,0.0737,0.0246,0.0737,0.0737,0.5640,0.7270,0.6770,0.1630,-0.0500,47.29,-8.23,164.5,177.1,0.966,0.155,1.614
1791428737.9985974,0.5695,0.6350,0.7006,0.4998,0.4998,0.7006,0.7538,0.7006,0.7538,0.1966,0.2458,0.4302,0.5695,0.0574,0.0410,0.0369,0.0574,0.5660,0.7325,,0.1665,,47.10,-8.26,164.2,178.2,1.018,0.156,
1791428738.0309062,0.5695,0.5695,0.7538,0.5695,0.6350,0.5695,0.6350,0.4998,0.4998,0.6350,0.4998,0.5695,0.5695,0.0942,0.0942,0.0737,0.0737,0.5640,0.7315,0.6730,0.1675,-0.0585,47.34,-8.37,164.2,177.7,0.938,0.155,1.618
1791428738.0642369,0.8030,0.4998,0.8030,0.6350,0.2458,0.7006,0.7538,0.4998,0.5695,0.1966,0.1966,0.5695,0.5695,0.0737,0.0410,0.0737,0.0737,0.5600,0.7305,0.6590,0.1705,-0.0715,47.42,-8.75,164.3,177.8,0.987,0.155,
1791428738.1038334,0.6350,0.6350,0.7538,0.4998,0.5695,0.5695,0.4998,0.5695,0.5695,0.4998,0.2991,0.5695,0.5695,0.0737,0.0205,0.0737,0.0942,0.5640,0.7315,0.6760,0.1675,-0.0555,47.18,-8.56,164.3,177.4,1.008,0.156,1.692
1791428738.1358385,0.6350,0.9054,0.4998,0.5695,0.4302,0.7006,0.6350,0.4302,0.5695,0.5695,0.3646,0.6350,0.6350,0.0942,0.0410,0.0574,0.0737,0.5660,0.7325,0.6600,0.1665,-0.0725,47.04,-8.86,164.1,177.4,1.028,0.156,1.680
1791428738.1677244,0.7006,0.6350,0.7006,0.4998,0.4998,0.5695,0.7006,0.5695,0.6350,0.6350,0.2458,0.4302,0.5695,0.0737,0.0942,0.0942,0.0737,0.5640,0.7335,,0.1695,,47.10,-8.87,164.1,177.5,1.033,0.156,1.666
1791428738.1992717,0.7538,0.4302,0.4998,0.4302,0.4302,0.6350,0.6350,0.5695,0.4302,0.7538,0.2458,0.5695,0.5695,0.0410,0.0369,0.0574,0.0574,0.5640,0.7335,0.6580,0.1695,-0.0755,46.92,-9.16,164.0,177.5,1.040,0.157,1.691
1791428738.23177,0.5695,0.5695,0.8440,0.4998,0.5695,0.7006,0.7538,0.5695,0.6350,0.6350,0.4302,0.4998,0.4998,0.1229,0.0942,0.1229,0.0942,0.5600,0.7330,,0.1730,,46.53,-9.00,164.4,177.3,1.122,0.161,1.835
1791428738.2660139,0.3646,0.6350,0.8440,0.6350,0.5695,0.8767,0.6350,0.5695,0.7006,0.6350,0.4998,0.6350,0.5695,0.0574,0.0246,0.0737,0.0574,0.5630,0.7340,0.6770,0.1710,-0.0570,46.43,-8.76,164.3,177.4,1.038,0.161,1.734
1791428738.2985754,0.7538,0.8030,0.8767,0.6350,0.4998,0.8030,0.7538,0.7006,0.6350,0.6350,0.5695,0.5695,0.5695,0.0574,0.0942,0.0737,0.0737,0.5670,0.7310,0.6760,0.1640,-0.0550,46.48,-8.56,164.6,177.8,1.011,0.160,1.657
1791428738.3318522,0.5695,0.5695,0.7538,0.5695,0.5695,0.5695,0.6350,0.4302,0.4998,0.4998,0.4302,0.4998,0.6350,0.0737,0.0410,0.0574,0.0574,0.5640,0.7335,,0.1695,,46.40,-8.47,164.6,177.8,1.108,0.161,1.828
1791428738.365021,0.7538,0.6350,0.6350,0.5695,0.4302,0.6350,0.8030,0.5695,0.6350,0.5695,0.6350,0.5695,0.4998,0.0574,0.0574,0.0942,0.0737,0.5610,0.7345,,0.1735,,46.97,-8.56,164.7,177.2,1.021,0.158,1.658
1791428738.4054217,0.5695,0.5695,0.8440,0.4998,0.3646,0.6350,0.7006,0.7006,0.7006,0.5695,0.4302,0.4998,0.4998,0.1229,0.0410,0.0942,0.0410,0.5640,0.7340,,0.1700,,46.77,-8.67,164.8,176.9,0.995,0.160,1.708
1791428738.4373786,0.6350,0.6350,0.8767,0.4998,0.4302,0.6350,0.4998,0.8767,0.6350,0.7538,0.4998,0.4998,0.5695,0.0574,0.0369,0.0942,0.0737,0.5600,0.7310,,0.1710,,46.78,-8.70,164.7,177.2,0.980,0.160,1.652
1791428738.4683886,0.6350,0.5695,0.8440,0.5695,0.4302,0.7538,0.7006,0.6350,0.5695,0.3646,0.4998,0.5695,0.5695,0.0942,0.0246,0.0737,0.0574,0.5640,0.7330,0.6740,0.1690,-0.0590,46.42,-8.52,164.7,176.9,1.070,0.162,1.795
1791428738.5017056,0.5695,0.6350,0.7538,0.5695,0.4302,0.6350,0.4998,0.7006,0.5695,0.3646,0.3646,0.4998,0.6350,0.1557,0.1229,0.0942,0.0942,0.5660,0.7335,,0.1675,,46.29,-8.53,164.5,177.0,1.039,0.162,1.727
1791428738.5323794,0.7006,0.5695,0.8767,0.5695,0.2991,0.7538,0.7006,0.6350,0.5695,0.6350,0.4302,0.5695,0.6350,0.0574,0.0942,0.0205,0.0410,0.5600,0.7325,0.6540,0.1725,-0.0785,46.48,-8.92,164.5,177.1,1.066,0.161,1.688
1791428738.5666895,0.5695,0.6350,0.8030,0.4998,0.4302,0.5695,0.7006,0.5695,0.7006,0.2991,0.4998,0.5695,0.5695,0.0574,0.0205,0.0737,0.0737,0.5600,0.7330,0.6700,0.1730,-0.0630,46.83,-8.91,164.2,177.0,1.011,0.160,1.728
1791428738.5987163,0.8030,0.5695,0.7006,0.6350,0.4998,0.7538,0.7538,0.7006,0.4998,0.6350,0.2991,0.4998,0.6350,0.0737,0.0369,0.0942,0.0574,0.5670,0.7320,,0.1650,,47.05,-8.96,164.2,176.8,0.990,0.158,1.646
1791428738.6325378,0.4998,0.5695,0.8030,0.6350,0.2458,0.8030,0.7006,0.4302,0.4302,0.6350,0.4998,0.5695,0.5695,0.0942,0.0369,0.0246,0.0410,0.5600,0.7350,0.6710,0.1750,-0.0640,47.28,-8.90,164.5,176.8,1.051,0.157,1.749
1791428738.665733,0.7006,0.7006,0.7538,0.4998,0.2991,0.6350,0.7006,0.6350,0.4302,0.4302,0.4302,0.5695,0.5695,0.0246,0.0369,0.0205,0.0574,0.5630,0.7315,0.6710,0.1685,-0.0605,47.00,-8.86,164.3,177.4,0.987,0.159,1.687
1791428738.706457,0.7538,0.7006,0.8030,0.5695,0.4998,0.7538,0.7006,0.7538,0.7006,0.4302,0.5695,0.5695,0.6350,0.0737,0.0410,0.0246,0.1229,0.5600,0.7345,0.6780,0.1745,-0.0565,47.11,-8.65,164.4,177.0,1.030,0.159,1.720
1791428738.7383304,0.5695,0.5695,0.7538,0.4998,0.4998,0.4998,0.7006,0.7006,0.7538,0.4998,0.4998,0.5695,0.6350,0.0737,0.0574,0.0737,0.0942,0.5600,0.7275,0.6610,0.1675,-0.0665,47.35,-8.89,164.1,177.2,0.951,0.157,1.552
1791428738.7697754,0.7538,0.6350,0.7538,0.7006,0.7006,0.7006,0.6350,0.4998,0.6350,0.5695,0.2458,0.5695,0.6350,0.0410,0.0942,0.0737,0.0737,0.5660,0.7315,0.6730,0.1655,-0.0585,46.69,-8.71,163.8,178.0,1.039,0.160,1.735
1791428738.8020656,0.4998,0.7538,0.9259,0.5695,0.4302,0.7538,0.7006,0.6350,0.5695,0.5695,0.6350,0.5695,0.6350,0.0410,0.0205,0.0574,0.0737,0.5600,0.7350,0.6620,0.1750,-0.0730,46.77,-8.85,164.1,177.7,1.106,0.160,1.752
1791428738.8330116,0.4998,0.7006,0.9259,0.4998,0.4998,0.6350,0.8030,0.7006,0.4302,0.4998,0.7006,0.5695,0.6350,0.0246,0.0942,0.0574,0.0737,0.5650,0.7315,0.6580,0.1665,-0.0735,46.96,-9.16,164.5,177.5,0.996,0.158,1.590
1791428738.8667696,0.1966,0.6350,0.7006,0.5695,0.7006,0.7538,0.6350,0.7538,0.7006,0.4302,0.5695,0.5695,0.5695,0.0574,0.0369,0.0737,0.0737,,0.7335,0.6610,,-0.0725,46.96,-9.16,164.4,177.4,1.071,0.158,
1791428738.8987002,0.5695,0.4302,0.8767,0.3646,0.4302,0.6350,0.5695,0.6350,0.8030,0.6350,0.2458,0.7538,0.5695,0.0737,0.1229,0.0942,0.0737,0.5600,0.7285,0.6620,0.1685,-0.0665,46.68,-9.27,164.0,179.0,0.969,0.160,1.612
1791428738.9325945,0.4998,0.5695,0.9054,0.4998,0.5695,0.7538,0.7006,0.6350,0.4998,0.4998,0.4998,0.6350,0.6350,0.0574,0.0942,0.0737,0.0737,0.5640,0.7335,0.6740,0.1695,-0.0595,46.89,-9.00,163.7,178.8,1.062,0.159,1.720
1791428738.9660304,0.7006,0.6350,0.7538,0.4998,0.4302,0.5695,0.7006,0.7006,0.5695,0.4998,0.4998,0.6350,0.5695,0.0574,0.0369,0.0737,0.0574,0.5600,0.7330,0.6760,0.1730,-0.0570,46.97,-8.77,164.3,178.9,1.034,0.159,1.697
1791428738.9995859,0.8440,0.4998,0.7538,0.4998,0.4302,0.7006,0.5695,0.7006,0.6350,0.6350,0.4302,0.5695,0.5695,0.0942,0.0369,0.0942,0.0942,0.5600,0.7290,0.6760,0.1690,-0.0530,46.88,-8.61,164.5,179.5,0.954,0.159,1.600
1791428739.0400815,0.6350,0.4998,0.8030,0.5695,0.4998,0.4998,0.6350,0.4998,0.5695,0.6350,0.4302,0.5695,0.6350,0.0574,0.0369,0.0369,0.0369,0.5600,0.7335,0.6600,0.1735,-0.0735,46.52,-8.74,164.3,179.4,1.132,0.162,1.849
1791428739.0713654,0.2991,0.6350,0.8767,0.4998,0.4302,0.5695,0.5695,0.5695,0.6350,0.6350,0.2991,0.4998,0.5695,0.0246,0.0246,0.0410,0.0574,,0.7345,,,,46.52,-8.74,164.2,179.8,1.050,0.162,
1791428739.1039493,0.5695,0.5695,0.9259,0.6350,0.4302,0.7006,0.7538,0.8030,0.7538,0.4302,0.5695,0.4998,0.5695,0.0410,0.0369,0.0942,0.0574,0.5600,0.7345,,0.1745,,46.69,-8.87,164.2,179.2,0.999,0.162,1.684
1791428739.134618,0.4998,0.7006,0.6350,0.5695,0.4998,0.8440,0.6350,0.6350,0.6350,0.6350,0.4302,0.4998,0.6350,0.0737,0.0369,0.0737,0.0574,0.5610,0.7340,,0.1730,,47.33,-8.97,164.3,179.3,0.995,0.158,1.625
1791428739.1666698,0.4302,0.5695,0.8030,0.6350,0.4998,0.7006,0.6350,0.7006,0.4998,0.5695,0.2991,0.4998,0.5695,0.0205,0.0410,0.0737,0.0574,0.5600,0.7350,,0.1750,,47.13,-8.97,164.5,178.7,1.060,0.160,1.771
1791428739.1996942,0.2991,0.6350,0.7006,0.4998,0.4998,0.6350,0.5695,0.8030,0.7006,0.7006,0.1966,0.3646,0.5695,0.0574,0.0574,0.0942,0.0410,,0.7320,,,,47.13,-8.97,164.7,178.9,0.945,0.160,
1791428739.2324436,0.6350,0.7538,0.9423,0.5695,0.6350,0.7006,0.6350,0.6350,0.7538,0.6350,0.4998,0.5695,0.5695,0.0942,0.0369,0.0942,0.0410,0.5600,0.7300,0.6560,0.1700,-0.0740,46.92,-9.34,164.8,176.0,0.958,0.161,1.599
1791428739.2666473,0.5695,0.6350,0.8767,0.5695,0.4998,0.5695,0.7538,0.6350,0.5695,0.2991,0.2458,0.3646,0.6350,0.0737,0.0942,0.1229,0.0942,0.5670,0.7320,,0.1650,,46.75,-9.40,165.0,175.8,0.972,0.160,
1791428739.2994041,0.4998,0.6350,0.8440,0.6350,0.6350,0.8767,0.7538,0.7006,0.4998,0.3646,0.1966,0.5695,0.5695,0.1229,0.0205,0.0574,0.0737,0.5600,0.7285,0.6590,0.1685,-0.0695,47.25,-9.61,164.9,176.6,0.940,0.157,1.520
1791428739.3416343,0.7538,0.5695,0.8440,0.6350,0.5695,0.7006,0.7006,0.4998,0.6350,0.6350,0.3646,0.4998,0.6350,0.0574,0.0574,0.0942,0.0942,0.5620,0.7340,,0.1720,,47.41,-9.60,164.7,177.4,1.033,0.157,1.635
1791428739.3730242,0.7538,0.6350,0.8440,0.7006,0.7538,0.7006,0.5695,0.6350,0.6350,0.6350,0.2991,0.5695,0.5695,0.0410,0.0737,0.0737,0.0574,0.5600,0.7330,0.6610,0.1730,-0.0720,47.55,-9.66,165.0,177.3,1.031,0.156,1.662
1791428739.4052134,0.7006,0.8030,0.7006,0.4302,0.4998,0.5695,0.6350,0.6350,0.6350,0.5695,0.2458,0.4998,0.6350,0.0942,0.0410,0.0942,0.0574,0.5620,0.7345,,0.1725,,47.78,-9.63,164.9,177.3,1.055,0.155,1.753
1791428739.436946,0.4998,0.5695,0.4998,0.5695,0.4998,0.6350,0.6350,0.6350,0.4998,0.4302,0.1557,0.4998,0.5695,0.0205,0.0410,0.0737,0.0737,0.5620,0.7295,,0.1675,,47.82,-9.65,165.2,177.2,0.960,0.155,1.582
1791428739.4675293,0.3646,0.3646,0.8030,0.5695,0.5695,0.5695,0.7006,0.6350,0.4998,0.5695,0.4998,0.5695,0.5695,0.0574,0.0369,0.0737,0.0737,0.5600,0.7345,0.6700,0.1745,-0.0645,47.96,-9.54,165.0,177.5,1.006,0.155,1.643
1791428739.500952,0.4998,0.4998,0.8030,0.6350,0.3646,0.7538,0.7006,0.8030,0.4302,0.4302,0.2991,0.5695,0.5695,0.1229,0.0369,0.0942,0.0410,0.5620,0.7335,0.6740,0.1715,-0.0595,48.01,-9.35,164.9,178.3,0.985,0.154,1.659
1791428739.5333884,0.4998,0.5695,0.8440,0.4998,0.5695,0.7006,0.7538,0.5695,0.4302,0.5695,0.4998,0.5695,0.6350,0.0942,0.0942,0.0737,0.0574,0.5600,0.7320,0.6770,0.1720,-0.0550,48.02,-9.04,164.6,178.1,1.006,0.154,1.641
1791428739.5675838,0.4998,0.7538,0.7538,0.5695,0.4998,0.5695,0.7538,0.7006,0.6350,0.7006,0.4302,0.6350,0.6350,0.0410,0.0246,0.0410,0.0737,0.5600,0.7300,0.6740,0.1700,-0.0560,47.58,-8.79,164.4,177.6,1.018,0.156,1.641
1791428739.5994997,0.4998,0.4302,0.7538,0.5695,0.4998,0.6350,0.7006,0.8440,0.7006,0.3646,0.2458,0.4998,0.5695,0.0942,0.0410,0.0737,0.0942,0.5600,0.7300,,0.1700,,47.41,-8.74,164.4,177.6,1.006,0.157,1.642
1791428739.6337297,0.4998,0.7006,0.7538,0.5695,0.4302,0.7006,0.5695,0.5695,0.7538,0.6350,0.4302,0.5695,0.6350,0.0942,0.1557,0.0737,0.0410,0.5620,0.7300,0.6700,0.1680,-0.0600,47.75,-8.76,164.3,177.2,0.962,0.155,1.520
1791428739.6746986,0.4998,0.7006,0.8440,0.5695,0.4998,0.5695,0.6350,0.6350,0.7006,0.7006,0.2991,0.3646,0.5695,0.0737,0.1229,0.0942,0.0737,0.5600,0.7320,,0.1720,,48.02,-8.81,164.5,176.7,0.979,0.154,1.635
1791428739.7067611,0.5695,0.6350,0.4998,0.6350,0.4302,0.7006,0.7006,0.7006,0.6350,0.8030,0.1557,0.4998,0.5695,0.0205,0.0246,0.0410,0.0737,0.5620,0.7270,,0.1650,,47.78,-8.77,164.5,176.8,0.944,0.154,1.591
1791428739.7376852,0.4302,0.7006,0.8030,0.6350,0.5695,0.8440,0.5695,0.7006,0.7006,0.5695,0.5695,0.5695,0.5695,0.0574,0.1229,0.0737,0.0942,0.5600,0.7325,0.6700,0.1725,-0.0625,48.45,-8.87,164.8,176.6,0.958,0.151,1.522
1791428739.7863574,0.5695,0.7538,0.7538,0.5695,0.6350,0.7006,0.7538,0.7006,0.7006,0.2458,0.2991,0.5695,0.5695,0.0574,0.0574,0.0942,0.0574,0.5600,0.7320,0.6580,0.1720,-0.0740,48.12,-9.09,164.5,176.5,1.058,0.153,
1791428739.8169339,0.2991,0.7538,0.6350,0.6350,0.4998,0.6350,0.7006,0.6350,0.5695,0.4998,0.5695,0.4998,0.5695,0.0574,0.0942,0.0737,0.0737,,0.7305,,,,48.12,-9.09,164.7,176.2,0.962,0.153,
1791428739.8497088,0.4998,0.5695,0.7006,0.4998,0.4998,0.7006,0.7538,0.7006,0.7006,0.1966,0.7006,0.4998,0.4998,0.0737,0.0205,0.0942,0.0410,0.5600,0.7315,,0.1715,,48.47,-9.17,164.9,176.0,0.957,0.151,1.674
1791428739.8801956,0.3646,0.4302,0.8767,0.5695,0.6350,0.7006,0.6350,0.5695,0.4998,0.7006,0.4998,0.5695,0.6350,0.0369,0.0942,0.0942,0.0737,0.5620,0.7340,0.6600,0.1720,-0.0740,48.23,-9.33,165.0,176.2,1.059,0.153,1.694
1791428739.911788,0.4998,0.4302,0.6350,0.6350,0.5695,0.7006,0.7006,0.5695,0.6350,0.6350,0.1557,0.4302,0.5695,0.0942,0.0246,0.0737,0.0574,0.5600,0.7265,,0.1665,,48.29,-9.29,164.7,176.0,0.942,0.152,1.530
1791428739.9439561,0.2991,0.5695,0.8767,0.6350,0.5695,0.8030,0.7006,0.5695,0.6350,0.5695,0.2991,0.6350,0.5695,0.0574,0.0369,0.0246,0.0737,,0.7360,0.6720,,-0.0640,48.29,-9.29,164.7,175.9,1.070,0.152,
1791428739.9764318,0.6350,0.6350,0.8440,0.4998,0.4998,0.7006,0.7006,0.5695,0.7006,0.4998,0.3646,0.5695,0.5695,0.0574,0.0942,0.0574,0.0737,0.5660,0.7325,0.6820,0.1665,-0.0505,48.13,-8.84,164.8,176.1,1.014,0.152,1.656
1791428740.007783,0.5695,0.5695,0.4302,0.5695,0.4302,0.7538,0.5695,0.7006,0.4998,0.5695,0.3646,0.4998,0.4998,0.0942,0.0942,0.0737,0.0574,0.5600,0.7340,,0.1740,,47.97,-8.89,164.7,176.8,1.011,0.153,1.704
1791428740.0388503,0.4302,0.8030,0.7006,0.6350,0.4998,0.7538,0.8030,0.7006,0.7538,0.6350,0.1966,0.4302,0.5695,0.0574,0.0737,0.0737,0.0574,0.5620,0.7325,,0.1705,,47.88,-8.89,164.7,176.7,1.015,0.154,1.666
1791428740.069794,0.5695,0.7006,0.7538,0.4302,0.4998,0.7538,0.7006,0.7538,0.5695,0.2991,0.4998,0.4998,0.5695,0.0737,0.0737,0.0737,0.0942,0.5600,0.7315,,0.1715,,47.78,-8.86,164.2,176.5,1.011,0.155,1.779
1791428740.1010985,0.6350,0.7538,0.7006,0.7538,0.4302,0.7538,0.7538,0.5695,0.7006,0.4998,0.2991,0.5695,0.5695,0.0737,0.1229,0.0942,0.0737,0.5620,0.7290,0.6620,0.1670,-0.0670,47.43,-9.01,164.2,176.5,0.990,0.156,1.633
1791428740.1342654,0.5695,0.5695,0.8030,0.5695,0.2991,0.8030,0.8030,0.7006,0.6350,0.6350,0.3646,0.5695,0.5695,0.0942,0.0737,0.0410,0.0737,0.5620,0.7305,0.6710,0.1685,-0.0595,46.99,-8.87,164.2,176.7,1.016,0.158,1.705
1791428740.167428,0.4998,0.5695,0.9259,0.4302,0.4302,0.7006,0.7006,0.5695,0.4998,0.5695,0.4998,0.4302,0.5695,0.0574,0.0369,0.0410,0.0574,0.5600,0.7320,,0.1720,,47.63,-8.91,164.2,177.0,0.997,0.155,1.599
1791428740.2017386,0.6350,0.8030,0.9259,0.4302,0.3646,0.6350,0.5695,0.5695,0.5695,0.6350,0.4998,0.4302,0.6350,0.0942,0.0410,0.0942,0.0737,0.5620,0.7295,,0.1675,,47.40,-8.84,164.2,177.0,1.012,0.156,1.662
1791428740.2345164,0.4998,0.6350,0.7538,0.5695,0.4998,0.7006,0.4998,0.7006,0.5695,0.5695,0.1966,0.4998,0.6350,0.0369,0.0574,0.0942,0.0369,0.5600,0.7345,,0.1745,,47.40,-8.84,164.4,177.6,1.066,0.157,1.757
1791428740.2742016,0.5695,0.6350,0.7538,0.4998,0.4998,0.8030,0.6350,0.7006,0.4302,0.6350,0.3646,0.5695,0.5695,0.0574,0.0942,0.0942,0.1229,0.5620,0.7310,0.6740,0.1690,-0.0570,47.39,-8.70,164.6,176.9,0.995,0.157,1.619
1791428740.306675,0.7006,0.5695,0.7006,0.7006,0.4998,0.5695,0.6350,0.6350,0.4998,0.6350,0.4998,0.6350,0.6350,0.0574,0.0574,0.0574,0.0574,0.5600,0.7315,0.6710,0.1715,-0.0605,47.16,-8.66,164.2,176.8,1.012,0.158,1.667
1791428740.3375628,0.4998,0.6350,0.5695,0.4302,0.1966,0.5695,0.6350,0.6350,0.7006,0.5695,0.2458,0.5695,0.6350,0.0737,0.0737,0.0737,0.0737,0.5620,0.7345,0.6750,0.1725,-0.0595,46.92,-8.48,164.5,176.9,1.084,0.160,1.745
1791428740.3689797,0.2991,0.7538,0.8030,0.4998,0.3646,0.6350,0.8440,0.7538,0.6350,0.7006,0.4302,0.3646,0.5695,0.0737,0.0369,0.0574,0.0574,,0.7350,,,,46.92,-8.48,164.7,176.9,0.983,0.160,
1791428740.4010236,0.2458,0.7538,0.8440,0.5695,0.4998,0.6350,0.5695,0.4998,0.5695,0.4998,0.1966,0.5695,0.6350,0.0369,0.0737,0.0737,0.0574,,0.7340,0.6610,,-0.0730,46.92,-8.48,164.6,176.8,1.062,0.160,
1791428740.4350703,0.5695,0.5695,0.7538,0.5695,0.5695,0.6350,0.7006,0.7006,0.7538,0.4998,0.4302,0.5695,0.5695,0.0942,0.0737,0.0737,0.0574,0.5600,0.7345,0.6590,0.1745,-0.0755,47.38,-8.77,164.6,177.6,1.090,0.158,1.712
1791428740.468141,0.4998,0.4998,0.8440,0.7006,0.3646,0.5695,0.7538,0.7006,0.6350,0.6350,0.4998,0.5695,0.5695,0.0737,0.0410,0.0574,0.0574,0.5600,0.7320,0.6610,0.1720,-0.0710,47.49,-9.02,164.5,177.4,1.001,0.157,1.615
1791428740.5012558,0.7006,0.7006,0.8030,0.7006,0.3646,0.5695,0.5695,0.4998,0.4998,0.2991,0.6350,0.5695,0.6350,0.0246,0.0369,0.0737,0.0737,0.5620,0.7305,0.6770,0.1685,-0.0535,47.26,-8.72,164.5,178.1,1.013,0.158,1.740
1791428740.5346,0.5695,0.4998,0.9259,0.6350,0.7006,0.6350,0.6350,0.6350,0.4998,0.4998,0.5695,0.4302,0.5695,0.0574,0.0369,0.0737,0.0737,0.5600,0.7330,,0.1730,,47.37,-8.74,164.6,178.0,1.031,0.158,1.692
1791428740.5751832,0.6350,0.7006,0.9054,0.6350,0.3646,0.7006,0.7006,0.4998,0.6350,0.3646,0.2458,0.5695,0.5695,0.0737,0.0942,0.1557,0.0574,0.5690,0.7310,0.6590,0.1620,-0.0720,46.92,-9.00,164.5,177.7,1.014,0.159,1.648
1791428740.6068814,0.4998,0.7006,0.6350,0.7006,0.4998,0.7538,0.7006,0.4302,0.5695,0.5695,0.5695,0.5695,0.5695,0.0942,0.0574,0.0410,0.0574,0.5660,0.7330,0.6710,0.1670,-0.0620,46.85,-8.94,164.2,177.7,1.015,0.158,1.659
1791428740.638263,0.5695,0.7538,0.8030,0.6350,0.6350,0.6350,0.7006,0.4998,0.5695,0.7006,0.4998,0.6350,0.6350,0.0737,0.0737,0.0369,0.0737,0.5600,0.7300,0.6600,0.1700,-0.0700,47.09,-9.13,164.3,177.3,1.003,0.157,1.583
1791428740.6702032,0.7538,0.7006,0.7006,0.4302,0.4302,0.7006,0.7006,0.7538,0.5695,0.1966,0.4302,0.4998,0.5695,0.0574,0.0942,0.1229,0.0574,0.5600,0.7335,,0.1735,,47.38,-9.10,164.6,177.2,1.063,0.157,1.709
1791428740.7010882,0.7006,0.7006,0.6350,0.5695,0.5695,0.6350,0.7006,0.7006,0.6350,0.1966,0.1966,0.4998,0.5695,0.0737,0.0369,0.0737,0.0737,0.5620,0.7300,,0.1680,,46.87,-9.06,164.8,176.9,1.016,0.159,
1791428740.7350016,0.2991,0.7006,0.7006,0.6350,0.5695,0.4998,0.6350,0.5695,0.6350,0.4998,0.2991,0.5695,0.5695,0.0942,0.0205,0.0246,0.0369,,0.7320,0.6600,,-0.0720,46.87,-9.06,164.8,176.8,1.016,0.159,
1791428740.7676597,0.5695,0.5695,0.8030,0.6350,0.7006,0.7006,0.6350,0.6350,0.6350,0.3646,0.7006,0.4998,0.5695,0.0942,0.0246,0.0574,0.0574,0.5620,0.7345,,0.1725,,47.27,-9.05,164.6,176.5,1.076,0.157,1.720
1791428740.8015776,0.7006,0.5695,0.9054,0.5695,0.4302,0.5695,0.4998,0.7538,0.6350,0.2458,0.2991,0.4998,0.5695,0.0737,0.0164,0.0737,0.0574,0.5600,0.7275,,0.1675,,47.30,-8.99,164.2,177.0,0.995,0.157,
1791428740.8349319,0.5695,0.6350,0.7538,0.5695,0.3646,0.6350,0.8030,0.7006,0.7006,0.4998,0.4998,0.5695,0.5695,0.0942,0.0737,0.0737,0.0574,0.5590,0.7345,0.6800,0.1755,-0.0545,47.73,-8.67,164.3,177.3,1.049,0.155,1.697
1791428740.8693197,0.5695,0.7538,0.6350,0.6350,0.4302,0.5695,0.7538,0.7006,0.6350,0.6350,0.2458,0.4998,0.5695,0.0410,0.0205,0.0737,0.0737,0.5630,0.7320,,0.1690,,47.94,-8.69,164.3,177.6,1.022,0.154,1.653
1791428740.9094937,0.7538,0.5695,0.7538,0.6350,0.2991,0.5695,0.6350,0.7006,0.4302,0.4998,0.7006,0.4998,0.5695,0.0737,0.1229,0.0737,0.0942,0.5620,0.7335,,0.1715,,48.00,-8.73,164.4,177.9,1.030,0.154,1.682
1791428740.9411972,0.4302,0.5695,0.8767,0.6350,0.4998,0.5695,0.6350,0.6350,0.4302,0.5695,0.3646,0.5695,0.5695,0.0942,0.1229,0.0737,0.0737,0.5600,0.7335,0.6740,0.1735,-0.0595,47.91,-8.68,164.5,177.4,0.998,0.155,1.659
1791428740.9729757,0.4998,0.4302,0.8440,0.4302,0.4302,0.7006,0.6350,0.6350,0.4302,0.3646,0.4998,0.4998,0.5695,0.0574,0.0246,0.0737,0.0942,0.5620,0.7350,,0.1730,,48.00,-8.70,164.2,177.2,1.052,0.155,1.710
1791428741.0053465,0.2991,0.5695,0.7538,0.5695,0.4302,0.7538,0.6350,0.7006,0.4998,0.6350,0.5695,0.3646,0.5695,0.0246,0.0410,0.0246,0.0246,,0.7345,,,,48.00,-8.70,164.2,178.0,1.024,0.155,
1791428741.0365171,0.4302,0.4998,0.7006,0.4998,0.4302,0.7006,0.7006,0.5695,0.5695,0.2991,0.3646,0.6350,0.5695,0.0942,0.0737,0.0574,0.0737,0.5590,0.7280,0.6740,0.1690,-0.0540,47.83,-8.58,164.2,178.2,0.957,0.155,1.678
1791428741.069334,0.7006,0.6350,0.8440,0.6350,0.6350,0.6350,0.6350,0.7006,0.6350,0.5695,0.3646,0.4998,0.5695,0.1557,0.0942,0.0737,0.0737,0.5590,0.7300,,0.1710,,47.52,-8.62,164.2,177.8,0.957,0.157,1.607
1791428741.1020637,0.5695,0.5695,0.8767,0.4998,0.4998,0.7538,0.7006,0.7006,0.6350,0.4302,0.1966,0.6350,0.5695,0.0942,0.0942,0.0737,0.0737,0.5620,0.7330,0.6560,0.1710,-0.0770,47.92,-9.08,164.3,178.0,0.995,0.154,1.597
1791428741.1352718,0.6350,0.5695,0.8767,0.5695,0.4302,0.5695,0.7538,0.5695,0.7538,0.4302,0.4302,0.4998,0.6350,0.0737,0.0942,0.0942,0.0942,0.5620,0.7315,,0.1695,,47.44,-9.03,164.2,177.7,1.027,0.157,1.686
1791428741.1689882,0.5695,0.7006,0.7006,0.4998,0.3646,0.5695,0.7538,0.3646,0.6350,0.3646,0.1966,0.6350,0.4998,0.0942,0.1229,0.0942,0.0737,0.5600,0.7290,,0.1690,,47.49,-8.96,163.8,177.7,0.999,0.156,1.594
1791428741.2024863,0.6350,0.5695,0.7538,0.4998,0.4302,0.6350,0.6350,0.7006,0.4998,0.4998,0.1557,0.4998,0.6350,0.0737,0.0737,0.0942,0.0737,0.5620,0.7325,,0.1705,,47.75,-8.96,163.9,177.7,1.028,0.155,1.648
1791428741.2427135,0.5695,0.5695,0.7006,0.5695,0.4998,0.7006,0.5695,0.6350,0.6350,0.6350,0.2991,0.5695,0.5695,0.0737,0.0246,0.0737,0.1229,0.5650,0.7315,0.6720,0.1665,-0.0595,47.25,-8.86,163.7,177.6,1.000,0.157,1.648
