timestamp,nose_score,left_eye_score,right_eye_score,left_ear_score,right_ear_score,left_shoulder_score,right_shoulder_score,left_elbow_score,right_elbow_score,left_wrist_score,right_wrist_score,left_hip_score,right_hip_score,left_knee_score,right_knee_score,left_ankle_score,right_ankle_score,head_depth_m,chest_depth_m,hip_depth_m,neck_forward_offset_m,torso_recline_offset_m,head_forward_deg,torso_pitch_deg,elbow_left_deg,elbow_right_deg,torso_len_sw,head_up_m,wrist_face_sw
1791426976.4523573,0.8030,0.6350,0.5695,0.4302,0.4998,0.5695,0.6350,0.6350,0.7006,0.0737,0.0574,0.6350,0.5695,0.1229,0.0246,0.0574,0.0574,0.4570,0.6480,0.7440,0.1910,0.0960,69.12,18.47,142.0,,0.721,0.074,
1791426976.4950874,0.7538,0.5695,0.4998,0.5695,0.4998,0.4998,0.5695,0.8030,0.8030,0.0410,0.0942,0.6350,0.5695,0.0942,0.0574,0.0574,0.0574,0.4520,0.6460,0.7360,0.1940,0.0900,68.47,17.99,141.8,,0.774,0.076,
1791426976.526706,0.7006,0.7006,0.7538,0.7006,0.6350,0.4998,0.6350,0.8030,0.7538,0.0942,0.0574,0.5695,0.5695,0.0574,0.0574,0.1557,0.0942,0.4540,0.6500,0.7460,0.1960,0.0960,68.07,18.26,142.0,,0.682,0.078,
1791426976.5583827,0.6350,0.7538,0.7006,0.5695,0.5695,0.7006,0.7538,0.8030,0.7538,0.5695,0.2458,0.7006,0.5695,0.1229,0.1229,0.1229,0.1229,0.4510,0.6485,0.7440,0.1975,0.0955,67.90,18.20,141.6,,0.737,0.079,1.241
1791426976.5892973,0.4998,0.7538,0.7006,0.7006,0.5695,0.6350,0.7538,0.5695,0.8440,0.4998,0.2991,0.6350,0.6350,0.1557,0.2458,0.1229,0.1229,0.4510,0.6485,0.7410,0.1975,0.0925,67.60,18.19,141.3,,0.705,0.080,1.283
1791426976.6218352,0.6350,0.7538,0.7006,0.5695,0.5695,0.6350,0.7006,0.5695,0.8440,0.5695,0.1229,0.7538,0.6350,0.2991,0.0737,0.1229,0.0942,0.4560,0.6500,0.7470,0.1940,0.0970,67.38,18.13,141.2,,0.751,0.081,1.331
1791426976.6533024,0.8440,0.6350,0.7006,0.5695,0.6350,0.7006,0.7538,0.7006,0.7006,0.4302,0.2991,0.6350,0.6350,0.1557,0.0574,0.1229,0.0737,0.4530,0.6510,0.7430,0.1980,0.0920,67.24,17.98,140.4,,0.734,0.082,1.293
1791426976.6856198,0.7006,0.8030,0.8030,0.6350,0.3646,0.7006,0.7006,0.7006,0.8030,0.6350,0.2458,0.7006,0.4998,0.3646,0.0246,0.1229,0.0410,0.4550,0.6520,,0.1970,,66.76,18.03,140.1,,0.693,0.084,1.277
1791426976.7200294,0.7006,0.8767,0.6350,0.5695,0.4302,0.6350,0.7006,0.7006,0.8440,0.6350,0.2991,0.7006,0.6350,0.2991,0.0942,0.0737,0.0410,0.4570,0.6550,0.7430,0.1980,0.0880,66.83,17.74,142.3,,0.738,0.084,1.355
1791426976.75336,0.5695,0.8030,0.7538,0.4998,0.5695,0.5695,0.7538,0.7538,0.8030,0.4998,0.0410,0.5695,0.6350,0.1966,0.0574,0.1557,0.0942,0.4560,0.6550,0.7490,0.1990,0.0940,66.00,17.88,142.0,,0.705,0.088,1.313
1791426976.7876124,0.7006,0.4302,0.8030,0.7006,0.4302,0.6350,0.8030,0.7006,0.8030,0.0942,0.1966,0.6350,0.6350,0.0737,0.0574,0.1229,0.1229,0.4590,0.6610,0.7500,0.2020,0.0890,65.90,17.54,142.1,,0.763,0.089,
1791426976.8269236,0.7006,0.7538,0.7538,0.5695,0.6350,0.7006,0.7538,0.6350,0.4998,0.1966,0.1966,0.7538,0.7006,0.2991,0.2458,0.2458,0.2458,0.4620,0.6635,0.7470,0.2015,0.0835,65.53,17.40,142.0,,0.692,0.090,
1791426976.8586292,0.8030,0.5695,0.7538,0.5695,0.5695,0.6350,0.6350,0.7538,0.8030,0.4998,0.0737,0.7006,0.7006,0.1557,0.1966,0.2458,0.0942,0.4680,0.6645,0.7470,0.1965,0.0825,65.42,17.28,142.3,,0.684,0.091,1.228
1791426976.8902915,0.8030,0.5695,0.8030,0.5695,0.5695,0.7006,0.6350,0.7006,0.8767,0.3646,0.2991,0.7006,0.7006,0.1229,0.1557,0.1966,0.1229,0.4680,0.6635,0.7480,0.1955,0.0845,64.78,16.90,143.0,,0.763,0.093,1.362
1791426976.9217587,0.8767,0.5695,0.8440,0.4998,0.7006,0.7006,0.7006,0.8030,0.7006,0.4302,0.0737,0.7538,0.7006,0.1557,0.1229,0.2458,0.1557,0.4720,0.6665,0.7450,0.1945,0.0785,64.34,16.75,143.2,,0.680,0.095,1.214
1791426976.9532037,0.4998,0.6350,0.6350,0.5695,0.7538,0.8030,0.7538,0.7538,0.7538,0.1557,0.3646,0.7538,0.7006,0.1229,0.2458,0.1966,0.2458,0.4720,0.6650,0.7480,0.1930,0.0830,63.30,16.56,142.5,129.1,0.732,0.099,1.309
1791426976.9865844,0.7006,0.7006,0.7006,0.7006,0.7006,0.7006,0.8440,0.8030,0.7538,0.3646,0.0737,0.7538,0.7006,0.0737,0.2458,0.1966,0.1229,0.4770,0.6665,0.7500,0.1895,0.0835,62.61,16.57,143.1,129.4,0.700,0.101,1.259
1791426977.0203888,0.6350,0.6350,0.8440,0.5695,0.7006,0.8030,0.6350,0.8440,0.7006,0.1966,0.2458,0.7538,0.7006,0.0942,0.1557,0.2458,0.1557,0.4770,0.6740,0.7440,0.1970,0.0700,62.39,16.05,142.6,128.9,0.707,0.102,
1791426977.0536625,0.7538,0.8030,0.8030,0.5695,0.7006,0.6350,0.7006,0.5695,0.8440,0.1557,0.1557,0.8030,0.6350,0.0737,0.1229,0.1557,0.1557,0.4840,0.6730,0.7470,0.1890,0.0740,61.80,15.86,143.8,129.9,0.686,0.104,
1791426977.0865512,0.8767,0.7538,0.6350,0.4302,0.7006,0.7006,0.7006,0.8030,0.7538,0.4302,0.1229,0.8030,0.7538,0.1229,0.1557,0.2458,0.1557,0.4810,0.6760,0.7490,0.1950,0.0730,61.48,15.65,144.5,130.5,0.692,0.106,1.243
1791426977.1263487,0.7006,0.7006,0.8030,0.6350,0.7538,0.8030,0.7538,0.8440,0.8767,0.1557,0.1229,0.8030,0.7006,0.2458,0.1557,0.1966,0.1557,0.4830,0.6760,0.7490,0.1930,0.0730,60.60,15.31,142.8,131.2,0.733,0.109,
1791426977.1581383,0.7538,0.4998,0.7538,0.6350,0.7006,0.7006,0.6350,0.7538,0.8440,0.1557,0.0942,0.7538,0.7006,0.0942,0.1966,0.2991,0.1557,0.4860,0.6805,0.7500,0.1945,0.0695,59.68,15.03,143.3,132.3,0.701,0.113,
1791426977.1886551,0.8440,0.8767,0.4998,0.5695,0.5695,0.7006,0.7538,0.8440,0.8030,0.0942,0.3646,0.7538,0.6350,0.2991,0.0737,0.1557,0.1557,0.4830,0.6835,0.7500,0.2005,0.0665,59.59,14.73,143.4,132.7,0.692,0.115,1.299
1791426977.2200797,0.7538,0.4998,0.7538,0.6350,0.7538,0.8030,0.8030,0.7538,0.7006,0.1966,0.2458,0.8030,0.7006,0.0737,0.2458,0.1966,0.1966,0.4890,0.6815,0.7500,0.1925,0.0685,59.32,14.58,144.5,132.4,0.690,0.116,
1791426977.2545092,0.8030,0.8030,0.9054,0.6350,0.6350,0.4302,0.8030,0.5695,0.8440,0.1966,0.2991,0.7538,0.7006,0.1557,0.0942,0.2458,0.1966,0.4890,0.6820,0.7490,0.1930,0.0670,58.98,14.36,143.9,132.3,0.698,0.117,
1791426977.2877243,0.5695,0.7006,0.8767,0.7538,0.7006,0.7006,0.7006,0.8030,0.8030,0.3646,0.0942,0.8030,0.7538,0.1229,0.1229,0.1557,0.1557,0.4880,0.6840,0.7510,0.1960,0.0670,58.93,14.25,143.8,132.0,0.684,0.117,1.238
1791426977.321088,0.7538,0.8030,0.7538,0.5695,0.6350,0.7538,0.8767,0.8440,0.8440,0.1966,0.1229,0.7538,0.7006,0.0942,0.1229,0.1229,0.1966,0.4880,0.6765,0.7500,0.1885,0.0735,58.55,14.32,144.4,132.1,0.704,0.118,
1791426977.3541572,0.8030,0.4998,0.7006,0.7006,0.6350,0.6350,0.7538,0.8440,0.7538,0.2991,0.3646,0.7006,0.7006,0.1557,0.0942,0.1557,0.1229,0.4890,0.6790,0.7500,0.1900,0.0710,58.12,14.09,143.7,131.9,0.756,0.120,1.400
1791426977.3875725,0.7006,0.7538,0.7006,0.5695,0.6350,0.7538,0.6350,0.8440,0.7538,0.4302,0.1557,0.7538,0.6350,0.0574,0.0942,0.1557,0.1229,0.4890,0.6830,0.7480,0.1940,0.0650,57.99,13.87,143.8,132.5,0.706,0.121,1.317
1791426977.4212081,0.6350,0.5695,0.9054,0.7006,0.7006,0.7538,0.7006,0.7538,0.7006,0.1966,0.2458,0.8030,0.6350,0.0942,0.0942,0.0942,0.0942,0.4890,0.6770,0.7510,0.1880,0.0740,57.51,14.08,144.8,133.3,0.694,0.122,
1791426977.454287,0.6350,0.7006,0.6350,0.7006,0.8030,0.7538,0.7006,0.7538,0.8030,0.1229,0.2991,0.7538,0.7006,0.0574,0.0942,0.1557,0.1229,0.4890,0.6790,0.7500,0.1900,0.0710,57.41,14.21,143.7,132.1,0.673,0.123,
1791426977.4945655,0.8767,0.8440,0.5695,0.4998,0.5695,0.8030,0.7538,0.7006,0.8440,0.4998,0.0737,0.7006,0.7006,0.0737,0.1557,0.2991,0.2458,0.4890,0.6775,0.7520,0.1885,0.0745,57.05,14.35,143.9,132.2,0.700,0.124,1.346
1791426977.5264118,0.5695,0.7006,0.4998,0.7006,0.6350,0.8030,0.8030,0.7538,0.7006,0.1229,0.2991,0.7006,0.6350,0.0737,0.1229,0.1966,0.1557,0.4890,0.6790,0.7500,0.1900,0.0710,57.02,14.33,143.9,132.6,0.700,0.124,
1791426977.5581882,0.7006,0.7006,0.6350,0.4998,0.7006,0.6350,0.6350,0.7006,0.5695,0.0737,0.2458,0.7006,0.5695,0.1557,0.1557,0.1557,0.0942,0.4890,0.6780,0.7510,0.1890,0.0730,56.82,14.45,144.7,132.5,0.684,0.125,
1791426977.5892818,0.8030,0.8440,0.8030,0.6350,0.5695,0.7006,0.8440,0.8030,0.7006,0.0942,0.2991,0.7538,0.7006,0.1229,0.1557,0.2458,0.1229,0.4890,0.6790,0.7510,0.1900,0.0720,56.72,14.53,143.7,132.4,0.679,0.125,
1791426977.620924,0.9054,0.6350,0.8030,0.4998,0.7006,0.7006,0.8767,0.8030,0.7538,0.4998,0.2991,0.7538,0.6350,0.0942,0.2458,0.2458,0.1557,0.4890,0.6765,0.7510,0.1875,0.0745,56.47,14.54,144.1,131.8,0.715,0.126,1.330
1791426977.6539497,0.6350,0.8030,0.7006,0.7538,0.7006,0.7538,0.8440,0.7006,0.7538,0.2458,0.3646,0.7538,0.7006,0.1557,0.1557,0.2458,0.1557,0.4900,0.6845,0.7500,0.1945,0.0655,57.01,14.28,144.6,132.0,0.696,0.124,1.309
1791426977.688094,0.5695,0.8440,0.7538,0.5695,0.6350,0.7006,0.8440,0.7006,0.6350,0.0942,0.3646,0.7538,0.6350,0.0574,0.1966,0.1229,0.1966,0.4910,0.6770,0.7450,0.1860,0.0680,56.30,13.90,144.2,133.1,0.768,0.127,1.471
1791426977.7210183,0.7006,0.8440,0.7006,0.5695,0.7006,0.7006,0.8030,0.8767,0.7006,0.1557,0.4302,0.7538,0.7006,0.1966,0.1557,0.1966,0.1966,0.4920,0.6825,0.7490,0.1905,0.0665,56.22,13.63,142.9,132.7,0.744,0.127,1.414
1791426977.7545676,0.7538,0.7538,0.8767,0.6350,0.4998,0.8030,0.8030,0.6350,0.5695,0.1966,0.4302,0.7006,0.7006,0.1229,0.2991,0.1966,0.1966,0.4930,0.6845,0.7480,0.1915,0.0635,56.15,13.61,143.7,132.8,0.660,0.128,1.340
1791426977.7892132,0.7006,0.8767,0.9054,0.5695,0.6350,0.8030,0.7538,0.6350,0.7006,0.1557,0.3646,0.7006,0.7006,0.1557,0.1966,0.2458,0.1229,0.4950,0.6800,0.7480,0.1850,0.0680,55.62,13.70,143.3,133.1,0.676,0.129,1.409
1791426977.8280761,0.7006,0.8030,0.7006,0.6350,0.7006,0.7538,0.7538,0.8030,0.6350,0.2991,0.0574,0.7006,0.7006,0.2991,0.2991,0.1966,0.1229,0.5000,0.6865,0.7520,0.1865,0.0655,55.55,13.42,143.5,134.3,0.748,0.129,
1791426977.859446,0.3646,0.7006,0.7538,0.4998,0.5695,0.8030,0.8440,0.6350,0.8030,0.4998,0.2458,0.8030,0.7006,0.1229,0.1966,0.1557,0.1557,0.5000,0.6830,0.7490,0.1830,0.0660,55.13,13.00,145.2,134.6,0.809,0.131,1.513
1791426977.8919883,0.7538,0.7538,0.7006,0.7006,0.5695,0.7538,0.7538,0.6350,0.7006,0.1557,0.1966,0.7538,0.7006,0.1229,0.1229,0.1557,0.1229,0.5040,0.6875,0.7500,0.1835,0.0625,54.97,12.85,144.7,134.6,0.721,0.131,
1791426977.9220767,0.7006,0.7006,0.5695,0.8030,0.7006,0.8030,0.3646,0.7538,0.5695,0.2991,0.2458,0.7006,0.6350,0.1557,0.2458,0.1557,0.1557,0.5080,0.6890,0.7490,0.1810,0.0600,54.56,12.60,144.5,135.7,0.731,0.132,
1791426977.9552453,0.7538,0.8440,0.6350,0.5695,0.7538,0.7006,0.7006,0.7538,0.7006,0.1229,0.0574,0.7538,0.7006,0.2458,0.2458,0.1966,0.1229,0.5080,0.6910,0.7540,0.1830,0.0630,54.03,12.59,145.0,135.3,0.708,0.134,
1791426977.9878106,0.8767,0.8440,0.8440,0.4998,0.7538,0.8030,0.8030,0.6350,0.7006,0.1557,0.1229,0.8440,0.7538,0.1557,0.1229,0.0942,0.1557,0.5140,0.6895,0.7470,0.1755,0.0575,53.20,12.12,146.5,135.1,0.786,0.137,
1791426978.021903,0.7538,0.7538,0.7538,0.5695,0.8030,0.7006,0.8030,0.5695,0.4302,0.4998,0.0942,0.7006,0.7006,0.0737,0.1557,0.1966,0.1966,0.5150,0.6940,0.7500,0.1790,0.0560,52.88,11.81,147.6,135.4,0.749,0.138,1.415
1791426978.0558157,0.7538,0.9259,0.7006,0.7006,0.7538,0.8030,0.8030,0.6350,0.7006,0.0737,0.2991,0.7006,0.7006,0.1966,0.2458,0.1557,0.1966,0.5160,0.6950,0.7490,0.1790,0.0540,52.33,11.40,149.2,136.2,0.779,0.140,
1791426978.0880735,0.8030,0.6350,0.8440,0.7006,0.8030,0.8440,0.8440,0.7538,0.7538,0.0942,0.0737,0.8030,0.8030,0.2458,0.1966,0.1966,0.1229,0.5190,0.6965,0.7490,0.1775,0.0525,51.74,11.09,150.8,136.4,0.756,0.143,
1791426978.1211464,0.7538,0.4998,0.8440,0.7538,0.7006,0.8440,0.7538,0.8030,0.7006,0.0942,0.3646,0.7538,0.7538,0.1557,0.1966,0.1557,0.1229,0.5210,0.6970,0.7540,0.1760,0.0570,51.65,11.11,151.8,136.9,0.717,0.142,1.424
1791426978.1609282,0.5695,0.6350,0.7006,0.5695,0.6350,0.8767,0.8030,0.7538,0.8767,0.0942,0.0942,0.7538,0.6350,0.1229,0.2458,0.1966,0.1229,0.5200,0.7035,0.7500,0.1835,0.0465,52.05,10.72,152.5,138.3,0.725,0.141,
1791426978.1926796,0.5695,0.7006,0.5695,0.7006,0.8030,0.8030,0.8030,0.7006,0.4302,0.1557,0.4998,0.7538,0.7006,0.3646,0.1557,0.2458,0.0942,0.5230,0.7010,0.7490,0.1780,0.0480,52.36,10.51,153.0,139.3,0.708,0.139,1.394
1791426978.223797,0.8440,0.2991,0.4998,0.6350,0.7538,0.8030,0.7538,0.4998,0.8030,0.2458,0.2458,0.7538,0.7006,0.1966,0.2458,0.0942,0.1966,0.5240,0.6965,0.7470,0.1725,0.0505,51.62,10.23,153.1,140.9,0.782,0.141,
1791426978.2555077,0.7538,0.6350,0.4302,0.3646,0.7538,0.6350,0.7006,0.7538,0.6350,0.1557,0.2458,0.7006,0.7006,0.1966,0.1966,0.1557,0.1229,0.5270,0.6995,0.7490,0.1725,0.0495,51.75,10.11,153.8,140.4,0.729,0.140,
1791426978.2885814,0.7006,0.7538,0.7538,0.6350,0.7006,0.4302,0.7006,0.5695,0.8030,0.1557,0.3646,0.7538,0.6350,0.0942,0.1557,0.1229,0.1229,0.5240,0.6970,0.7490,0.1730,0.0520,51.28,9.96,153.6,140.7,0.787,0.141,1.514
1791426978.3222165,0.8030,0.7006,0.7006,0.6350,0.7538,0.7538,0.8767,0.7538,0.6350,0.1229,0.0737,0.7538,0.7006,0.0942,0.1966,0.0942,0.1557,0.5240,0.6995,0.7490,0.1755,0.0495,51.09,9.83,154.1,141.3,0.756,0.142,
1791426978.3548107,0.6350,0.4998,0.8767,0.7006,0.7538,0.7538,0.7006,0.9054,0.8030,0.1966,0.2991,0.8030,0.6350,0.2458,0.2458,0.1229,0.1557,0.5270,0.7020,0.7500,0.1750,0.0480,50.99,9.79,154.8,141.2,0.707,0.143,
1791426978.3879972,0.8767,0.7538,0.8030,0.8030,0.7538,0.7006,0.7538,0.6350,0.5695,0.4302,0.1229,0.7006,0.7006,0.1966,0.1966,0.0737,0.1557,0.5270,0.7030,0.7490,0.1760,0.0460,51.67,9.59,155.4,141.5,0.744,0.139,1.376
1791426978.4277918,0.8030,0.8440,0.6350,0.7006,0.7006,0.8030,0.6350,0.8440,0.8440,0.1229,0.4302,0.7538,0.7538,0.1966,0.1966,0.1557,0.1229,0.5240,0.7060,0.7480,0.1820,0.0420,52.04,9.30,155.2,141.6,0.734,0.138,1.431
1791426978.45828,0.7006,0.9259,0.8030,0.5695,0.7006,0.7538,0.7006,0.6350,0.7538,0.1229,0.3646,0.7006,0.6350,0.1966,0.1557,0.0942,0.1557,0.5290,0.7020,0.7490,0.1730,0.0470,52.02,9.20,155.7,142.2,0.757,0.138,1.479
1791426978.4902701,0.7006,0.8030,0.8030,0.5695,0.8030,0.7006,0.8030,0.7006,0.7006,0.1557,0.4302,0.7006,0.7006,0.1229,0.2991,0.1966,0.1229,0.5240,0.7060,0.7480,0.1820,0.0420,52.36,8.94,156.8,143.0,0.758,0.137,1.498
1791426978.5226123,0.9054,0.7006,0.7538,0.7538,0.7538,0.8030,0.8030,0.7538,0.7538,0.1557,0.4302,0.7006,0.7006,0.0574,0.1966,0.1229,0.0737,0.5230,0.7045,0.7460,0.1815,0.0415,52.43,8.71,157.7,143.0,0.754,0.137,1.457
1791426978.5555015,0.5695,0.8030,0.7006,0.7006,0.8440,0.7006,0.8030,0.7538,0.8030,0.1229,0.4302,0.7538,0.6350,0.1557,0.1966,0.0942,0.0737,0.5240,0.7060,0.7440,0.1820,0.0380,52.66,8.47,158.1,143.2,0.725,0.137,1.412
1791426978.5886045,0.7006,0.8030,0.4998,0.5695,0.8030,0.8030,0.7538,0.5695,0.8030,0.2991,0.1966,0.7006,0.6350,0.1966,0.1966,0.1557,0.0942,0.5230,0.6980,0.7520,0.1750,0.0540,52.27,8.88,157.4,143.6,0.727,0.138,
1791426978.6220465,0.8030,0.7006,0.5695,0.6350,0.7538,0.8030,0.7538,0.7538,0.8030,0.0942,0.2991,0.7006,0.6350,0.0942,0.1557,0.0574,0.1557,0.5240,0.6975,0.7540,0.1735,0.0565,51.66,9.07,157.4,143.7,0.822,0.140,
1791426978.662763,0.8030,0.8030,0.7006,0.6350,0.8030,0.8767,0.7006,0.6350,0.6350,0.1229,0.1229,0.7538,0.7006,0.1229,0.1966,0.1557,0.0942,0.5230,0.7045,0.7450,0.1815,0.0405,52.02,8.83,156.9,144.0,0.732,0.139,
1791426978.69513,0.8767,0.8030,0.8030,0.8030,0.7538,0.8030,0.7538,0.7006,0.9054,0.2458,0.4302,0.7006,0.7538,0.0942,0.1229,0.1229,0.1229,0.5230,0.7015,0.7430,0.1785,0.0415,52.19,8.77,156.1,143.5,0.695,0.138,1.344
1791426978.7265933,0.7538,0.8440,0.8767,0.7006,0.7538,0.7538,0.8030,0.7538,0.8030,0.1557,0.4998,0.7538,0.7006,0.1966,0.1966,0.1966,0.1229,0.5230,0.7025,0.7440,0.1795,0.0415,52.35,8.54,157.1,143.3,0.770,0.138,1.450
1791426978.7584612,0.7006,0.8440,0.8030,0.5695,0.7538,0.5695,0.7006,0.7006,0.3646,0.2991,0.3646,0.8030,0.7006,0.1557,0.2458,0.1966,0.0737,0.5230,0.6965,0.7460,0.1735,0.0495,51.98,8.75,156.5,142.6,0.731,0.139,1.437
1791426978.7894974,0.8440,0.7006,0.7538,0.6350,0.8440,0.7538,0.7006,0.7538,0.5695,0.0942,0.0737,0.7538,0.7006,0.2458,0.2458,0.0410,0.0369,0.5230,0.7085,0.7450,0.1855,0.0365,52.82,8.33,156.9,143.4,0.775,0.136,
1791426978.822291,0.8767,0.7006,0.7538,0.6350,0.8030,0.6350,0.8440,0.5695,0.8030,0.1966,0.4302,0.7538,0.6350,0.1557,0.2458,0.1229,0.0942,0.5230,0.7085,0.7490,0.1855,0.0405,53.45,8.28,156.7,143.2,0.715,0.134,1.394
1791426978.8554578,0.8440,0.8030,0.5695,0.7006,0.7006,0.8440,0.7538,0.6350,0.8440,0.1557,0.4302,0.7538,0.7006,0.1557,0.1229,0.0942,0.0942,0.5230,0.7035,0.7430,0.1805,0.0395,53.25,8.20,155.7,142.9,0.717,0.135,1.379
1791426978.8894405,0.9054,0.8030,0.8440,0.7538,0.8030,0.8030,0.7538,0.8030,0.8030,0.2991,0.1229,0.7538,0.7538,0.2458,0.2458,0.0942,0.1966,0.5230,0.7005,0.7450,0.1775,0.0445,53.28,8.04,156.4,142.7,0.845,0.134,
1791426978.9222376,0.8767,0.7538,0.7538,0.7006,0.7538,0.8030,0.8030,0.8030,0.5695,0.1229,0.5695,0.7006,0.7006,0.2458,0.1966,0.0942,0.0942,0.5230,0.7040,0.7530,0.1810,0.0490,52.99,8.38,,142.4,0.707,0.136,1.431
1791426978.9556043,0.6350,0.7538,0.4998,0.7006,0.7006,0.7538,0.7006,0.8030,0.7006,0.0942,0.0737,0.7006,0.7538,0.2458,0.1966,0.0942,0.1229,0.5230,0.7025,0.7580,0.1795,0.0555,52.69,8.92,,142.5,0.702,0.137,
1791426978.9946704,0.7538,0.7538,0.7538,0.6350,0.7538,0.8030,0.7006,0.8030,0.7538,0.1557,0.3646,0.7006,0.7006,0.1229,0.2458,0.1557,0.1557,0.5230,0.7015,0.7450,0.1785,0.0435,52.47,8.79,,142.7,0.747,0.138,1.457
1791426979.0275896,0.7538,0.6350,0.6350,0.7538,0.5695,0.9054,0.6350,0.6350,0.7006,0.1229,0.2458,0.7006,0.7006,0.0737,0.2458,0.0942,0.0737,0.5230,0.7030,0.7490,0.1800,0.0460,52.54,8.83,,142.6,0.725,0.138,
1791426979.0584762,0.9054,0.8440,0.5695,0.7538,0.7538,0.8030,0.7538,0.7006,0.4998,0.1557,0.1557,0.7538,0.7006,0.1966,0.1966,0.1229,0.0942,0.5230,0.7075,0.7430,0.1845,0.0355,53.07,8.42,,142.7,0.747,0.136,
1791426979.09021,0.8767,0.7006,0.8030,0.7538,0.7006,0.7538,0.7538,0.7538,0.5695,0.1966,0.2458,0.7006,0.7538,0.1966,0.1966,0.0942,0.0942,0.5230,0.7045,0.7480,0.1815,0.0435,53.31,8.34,,142.8,0.770,0.135,
1791426979.1231837,0.8030,0.8440,0.8030,0.6350,0.8030,0.8030,0.7538,0.7538,0.6350,0.1229,0.4998,0.7538,0.8030,0.1966,0.1557,0.0942,0.1229,0.5230,0.7015,0.7440,0.1785,0.0425,53.45,8.33,,142.9,0.730,0.134,1.426
1791426979.1561093,0.8030,0.7006,0.4998,0.7006,0.7006,0.8030,0.7538,0.8030,0.7538,0.2458,0.2458,0.7006,0.7006,0.1229,0.1966,0.1229,0.1229,0.5230,0.7000,0.7430,0.1770,0.0430,53.28,8.22,,142.5,0.785,0.134,
1791426979.1906857,0.8440,0.8030,0.8030,0.6350,0.7538,0.7538,0.7006,0.7538,0.7538,0.1557,0.3646,0.7538,0.8030,0.1229,0.1557,0.1229,0.1229,0.5240,0.7015,0.7440,0.1775,0.0425,53.68,8.12,,142.5,0.782,0.132,1.437
1791426979.2232776,0.8440,0.7006,0.8440,0.7538,0.7538,0.8030,0.8030,0.7538,0.8440,0.0942,0.1557,0.7006,0.7006,0.1966,0.1966,0.0942,0.1557,0.5240,0.7035,0.7430,0.1795,0.0395,53.47,7.91,,142.8,0.793,0.133,
1791426979.255979,0.8440,0.6350,0.9259,0.7538,0.7006,0.4302,0.6350,0.4302,0.2458,0.1966,0.3646,0.7538,0.7538,0.2991,0.2458,0.2458,0.1557,0.5230,0.7005,0.7440,0.1775,0.0435,53.12,7.96,,142.4,0.759,0.134,1.457
1791426979.2971368,0.7538,0.6350,0.8440,0.7538,0.8030,0.8767,0.7006,0.7538,0.8030,0.1229,0.1229,0.7006,0.7006,0.0942,0.1966,0.0574,0.0942,0.5260,0.7005,0.7440,0.1745,0.0435,53.35,8.00,,142.0,0.757,0.132,
1791426979.3290446,0.7538,0.7538,0.7538,0.7006,0.7538,0.7538,0.8440,0.3646,0.6350,0.1557,0.3646,0.7006,0.8030,0.2458,0.1966,0.1229,0.0737,0.5230,0.7065,0.7440,0.1835,0.0375,53.36,7.83,,142.6,0.750,0.133,1.411
1791426979.361336,0.8030,0.7538,0.8767,0.7538,0.7538,0.7006,0.8440,0.3646,0.6350,0.1557,0.1557,0.8030,0.7006,0.2458,0.1557,0.1229,0.1229,0.5230,0.6985,0.7450,0.1755,0.0465,53.13,7.93,,141.5,0.795,0.134,
1791426979.3921735,0.8767,0.7538,0.7006,0.5695,0.7538,0.8030,0.7538,0.8030,0.4998,0.1229,0.3646,0.7538,0.6350,0.1229,0.2458,0.0942,0.1557,0.5230,0.7055,0.7520,0.1825,0.0465,53.24,8.06,,142.0,0.772,0.134,1.506
1791426979.4241467,0.8030,0.8440,0.7006,0.6350,0.8030,0.6350,0.7006,0.8030,0.6350,0.1557,0.5695,0.8030,0.7006,0.0942,0.2458,0.1966,0.1557,0.5230,0.6970,0.7530,0.1740,0.0560,52.70,8.48,,142.7,0.782,0.136,1.550
1791426979.4562829,0.8440,0.8440,0.8440,0.7006,0.7538,0.8030,0.7538,0.8030,0.7006,0.1229,0.2991,0.7006,0.6350,0.1557,0.1966,0.1229,0.0942,0.5240,0.7020,0.7440,0.1780,0.0420,52.68,8.42,,142.6,0.730,0.136,
1791426979.4897776,0.8440,0.8030,0.8440,0.7006,0.6350,0.7006,0.6350,0.8030,0.7538,0.1966,0.2991,0.7538,0.7538,0.0737,0.2458,0.1966,0.1966,0.5230,0.6990,0.7470,0.1760,0.0480,52.57,8.55,,141.7,0.755,0.136,
1791426979.523364,0.8767,0.8767,0.8030,0.4998,0.7006,0.5695,0.6350,0.5695,0.4998,0.2458,0.2458,0.8030,0.7006,0.1966,0.2458,0.1229,0.1229,0.5240,0.7015,0.7430,0.1775,0.0415,52.80,8.38,,141.1,0.763,0.135,
1791426979.5563219,0.7538,0.8030,0.9054,0.7006,0.7538,0.6350,0.6350,0.5695,0.6350,0.1229,0.2458,0.7538,0.7006,0.1966,0.0942,0.0942,0.1229,0.5240,0.7070,0.7470,0.1830,0.0400,53.18,8.34,,140.7,0.700,0.134,
1791426979.5902975,0.9054,0.8030,0.7538,0.7538,0.5695,0.7538,0.7006,0.7006,0.8030,0.1229,0.4302,0.7538,0.7006,0.1966,0.1557,0.1557,0.0942,0.5230,0.7035,0.7500,0.1805,0.0465,52.99,8.47,,140.6,0.731,0.135,1.450
1791426979.6300788,0.8030,0.5695,0.8030,0.8030,0.7006,0.8030,0.7538,0.8030,0.8030,0.1557,0.1229,0.7006,0.7538,0.0942,0.1966,0.0942,0.1229,0.5240,0.7045,0.7440,0.1805,0.0395,53.10,8.27,,141.1,0.752,0.135,
1791426979.661615,0.7006,0.4998,0.7538,0.6350,0.8030,0.8030,0.8030,0.7538,0.6350,0.0942,0.1229,0.8030,0.6350,0.2458,0.1557,0.1229,0.1229,0.5240,0.6960,0.7590,0.1720,0.0630,52.61,9.01,,141.6,0.746,0.136,
1791426979.6918309,0.6350,0.9054,0.4998,0.6350,0.8030,0.7538,0.6350,0.7006,0.8030,0.1557,0.2991,0.7538,0.7538,0.1966,0.2458,0.1557,0.1229,0.5230,0.7025,0.7440,0.1795,0.0415,52.28,8.61,,142.0,0.824,0.138,
1791426979.7238214,0.9054,0.7006,0.8440,0.5695,0.7006,0.7538,0.8030,0.6350,0.6350,0.1229,0.2991,0.7538,0.7006,0.0574,0.1557,0.0737,0.1557,0.5230,0.6980,0.7440,0.1750,0.0460,52.02,8.46,,142.1,0.827,0.139,
1791426979.756054,0.8440,0.5695,0.7006,0.4998,0.7538,0.8030,0.7538,0.8440,0.5695,0.1966,0.3646,0.6350,0.7538,0.1229,0.1966,0.1229,0.1229,0.5240,0.6975,0.7460,0.1735,0.0485,51.81,8.55,,141.9,0.776,0.139,1.505
1791426979.7903998,0.8767,0.7538,0.7006,0.6350,0.8030,0.7538,0.7538,0.8030,0.6350,0.0942,0.2458,0.7538,0.7006,0.1229,0.2458,0.1557,0.1229,0.5240,0.7055,0.7520,0.1815,0.0465,52.00,8.66,,140.7,0.725,0.139,
1791426979.8232555,0.9054,0.8767,0.6350,0.6350,0.7006,0.6350,0.7006,0.5695,0.5695,0.0942,0.4998,0.7538,0.7006,0.1229,0.1557,0.1229,0.0942,0.5230,0.7040,0.7450,0.1810,0.0410,52.10,8.39,,140.8,0.792,0.139,1.512
1791426979.8565195,0.8440,0.4998,0.8440,0.6350,0.8030,0.8767,0.7006,0.8030,0.4302,0.0942,0.2991,0.7538,0.6350,0.1966,0.2458,0.1557,0.1966,0.5230,0.7030,0.7460,0.1800,0.0430,52.31,8.38,,140.2,0.733,0.138,
1791426979.8900423,0.8767,0.8030,0.7006,0.7538,0.5695,0.4302,0.7538,0.6350,0.4998,0.2991,0.1966,0.6350,0.6350,0.0942,0.1557,0.1229,0.1966,0.5230,0.7035,0.7560,0.1805,0.0525,52.39,8.68,,140.9,0.755,0.138,
1791426979.9299955,0.7006,0.8767,0.6350,0.5695,0.6350,0.7538,0.7538,0.4998,0.7538,0.4302,0.4998,0.7538,0.7006,0.0942,0.1229,0.0942,0.1557,0.5230,0.7035,0.7460,0.1805,0.0425,52.52,8.50,155.6,140.9,0.776,0.138,1.392
1791426979.9615707,0.7538,0.8767,0.9054,0.7538,0.6350,0.8030,0.7006,0.7006,0.6350,0.1229,0.1229,0.7006,0.7006,0.2458,0.1966,0.1966,0.1229,0.5230,0.7070,0.7470,0.1840,0.0400,53.19,8.23,156.8,141.0,0.792,0.135,
1791426979.9941878,0.8440,0.7006,0.8030,0.6350,0.8440,0.7006,0.7538,0.8440,0.8030,0.1557,0.0574,0.7538,0.7006,0.0942,0.1229,0.1229,0.1229,0.5240,0.7045,0.7490,0.1805,0.0445,53.56,8.21,157.1,141.0,0.779,0.133,
1791426980.0261505,0.8440,0.8030,0.8030,0.7538,0.7006,0.6350,0.7538,0.8440,0.5695,0.1557,0.2991,0.7538,0.6350,0.1229,0.2458,0.0737,0.1966,0.5230,0.7055,0.7480,0.1825,0.0425,53.73,8.14,157.0,140.5,0.769,0.133,
1791426980.0580757,0.7006,0.7006,0.8767,0.6350,0.7538,0.8030,0.6350,0.7538,0.7538,0.1557,0.1557,0.7006,0.7006,0.1966,0.1966,0.0942,0.0942,0.5230,0.7100,0.7440,0.1870,0.0340,54.17,7.85,157.6,140.8,0.730,0.131,
1791426980.0901196,0.7538,0.6350,0.8767,0.7006,0.8440,0.7538,0.7006,0.7538,0.7006,0.3646,0.3646,0.7538,0.7006,0.0737,0.1966,0.1229,0.1557,0.5240,0.7050,0.7440,0.1810,0.0390,54.14,7.82,156.9,140.6,0.725,0.131,1.290
1791426980.123256,0.8440,0.5695,0.7006,0.6350,0.7538,0.7006,0.7006,0.4302,0.4302,0.2458,0.2991,0.7006,0.7006,0.0942,0.2458,0.1557,0.1966,0.5230,0.7045,0.7440,0.1815,0.0395,53.87,7.66,157.1,140.5,0.799,0.133,
1791426980.1572165,0.9054,0.6350,0.8767,0.5695,0.7538,0.9054,0.7538,0.7538,0.6350,0.1557,0.4302,0.7538,0.6350,0.1557,0.1229,0.1966,0.1966,0.5230,0.7060,0.7460,0.1830,0.0400,53.61,7.64,157.8,140.6,0.751,0.134,1.430
1791426980.190941,0.8767,0.9054,0.9054,0.4998,0.7006,0.8030,0.8030,0.8030,0.7538,0.2458,0.0942,0.7538,0.7006,0.1229,0.2458,0.0942,0.1229,0.5230,0.7040,0.7450,0.1810,0.0410,53.27,7.63,157.9,140.9,0.769,0.136,
1791426980.2248743,0.8767,0.8440,0.7538,0.6350,0.6350,0.3646,0.7538,0.7006,0.8030,0.0942,0.4302,0.8030,0.7006,0.1966,0.0942,0.1557,0.1557,0.5230,0.6980,0.7490,0.1750,0.0510,52.73,8.02,157.8,140.5,0.756,0.137,1.493
1791426980.2637362,0.7538,0.7006,0.9054,0.6350,0.7538,0.7538,0.7006,0.8030,0.7538,0.3646,0.3646,0.7538,0.7538,0.1966,0.2458,0.0942,0.1229,0.5230,0.7085,0.7520,0.1855,0.0435,53.10,8.10,157.4,140.9,0.733,0.136,1.354
1791426980.2950625,0.8767,0.8440,0.8440,0.6350,0.7538,0.8030,0.5695,0.8030,0.7538,0.4998,0.1966,0.7006,0.7006,0.0942,0.2458,0.1229,0.1966,0.5230,0.7055,0.7520,0.1825,0.0465,53.29,8.24,156.7,141.5,0.753,0.135,1.398
1791426980.325622,0.7538,0.7538,0.8030,0.6350,0.7538,0.8767,0.8030,0.7538,0.6350,0.2458,0.1229,0.7006,0.5695,0.3646,0.1966,0.1229,0.1229,0.5230,0.7060,0.7510,0.1830,0.0450,53.45,8.25,157.6,142.2,0.772,0.135,
1791426980.3572397,0.9054,0.8440,0.8767,0.7006,0.7538,0.8440,0.7006,0.7006,0.7006,0.3646,0.3646,0.7006,0.7006,0.2458,0.1966,0.1966,0.1966,0.5230,0.7060,0.7490,0.1830,0.0430,53.75,8.29,156.9,142.1,0.721,0.134,1.311
1791426980.3917384,0.8767,0.7006,0.4998,0.7006,0.7006,0.7538,0.8440,0.6350,0.7006,0.0942,0.3646,0.7006,0.7006,0.1557,0.2458,0.1557,0.1966,0.5240,0.7050,0.7490,0.1810,0.0440,53.66,8.32,157.0,141.6,0.740,0.134,1.437
1791426980.425027,0.8030,0.8440,0.6350,0.5695,0.5695,0.8030,0.7006,0.5695,0.8030,0.1966,0.1966,0.7006,0.7538,0.0574,0.1557,0.1229,0.1557,0.5230,0.7095,0.7480,0.1865,0.0385,54.09,8.18,155.8,142.0,0.722,0.132,
1791426980.4583337,0.9054,0.7538,0.8030,0.8030,0.8440,0.8440,0.8030,0.8030,0.7538,0.0737,0.2991,0.7006,0.7006,0.1966,0.1966,0.2458,0.1966,0.5230,0.7050,0.7560,0.1820,0.0510,53.96,8.55,154.4,140.6,0.717,0.133,
1791426980.4998286,0.7538,0.4998,0.7006,0.6350,0.7538,0.6350,0.7538,0.7538,0.8030,0.4302,0.1966,0.8030,0.7006,0.1966,0.1966,0.1966,0.1229,0.5230,0.7070,0.7450,0.1840,0.0380,53.95,8.19,155.2,140.1,0.792,0.133,1.413
1791426980.5311534,0.7538,0.4998,0.6350,0.7006,0.7006,0.7538,0.7538,0.7538,0.5695,0.1229,0.2458,0.7538,0.7006,0.2458,0.0737,0.1966,0.1557,0.5230,0.7070,0.7500,0.1840,0.0430,53.82,8.16,155.9,140.8,0.761,0.134,
1791426980.561614,0.9259,0.5695,0.4998,0.6350,0.8030,0.7538,0.8030,0.7006,0.8030,0.2458,0.4302,0.7538,0.7538,0.0574,0.1557,0.0942,0.0942,0.5230,0.7090,0.7460,0.1860,0.0370,53.74,7.93,155.4,141.0,0.752,0.135,1.451
1791426980.5931084,0.8767,0.8030,0.8030,0.7006,0.7538,0.7538,0.7006,0.2991,0.7538,0.0942,0.1557,0.7006,0.6350,0.1966,0.1229,0.1229,0.1229,0.5230,0.7100,0.7500,0.1870,0.0400,54.01,7.84,154.4,140.7,0.763,0.134,
1791426980.6256409,0.9054,0.7006,0.8030,0.6350,0.8030,0.8030,0.8030,0.2991,0.8030,0.2458,0.2991,0.7006,0.7538,0.1966,0.2458,0.1229,0.1229,0.5230,0.7055,0.7460,0.1825,0.0405,54.08,7.91,156.8,140.7,0.702,0.133,
1791426980.657849,0.8030,0.4998,0.7538,0.7006,0.7006,0.6350,0.7538,0.7538,0.7006,0.1557,0.2458,0.6350,0.6350,0.3646,0.1557,0.1229,0.0942,0.5240,0.7015,0.7470,0.1775,0.0455,53.81,7.90,157.0,141.1,0.824,0.134,
1791426980.691785,0.7006,0.4998,0.7538,0.7006,0.8030,0.8030,0.7538,0.7006,0.8767,0.1966,0.1229,0.7538,0.6350,0.1557,0.1557,0.0942,0.0942,0.5240,0.7070,0.7440,0.1830,0.0370,54.02,7.70,156.6,140.9,0.762,0.133,
1791426980.7256105,0.8030,0.7006,0.5695,0.6350,0.7538,0.8030,0.7538,0.5695,0.8030,0.2991,0.2991,0.7006,0.7006,0.1557,0.2458,0.0942,0.1229,0.5240,0.7150,0.7480,0.1910,0.0330,54.31,7.45,156.7,141.6,0.734,0.132,
1791426980.7578135,0.8440,0.7006,0.7538,0.8030,0.7006,0.8440,0.8030,0.7006,0.6350,0.1557,0.4302,0.8030,0.7538,0.1557,0.1557,0.0737,0.1557,0.5240,0.6990,0.7500,0.1750,0.0510,53.25,7.76,156.8,142.4,0.814,0.136,1.644
1791426980.7916858,0.7538,0.8440,0.8030,0.7006,0.8030,0.7006,0.7006,0.8440,0.4302,0.2458,0.2991,0.7538,0.7006,0.1557,0.2458,0.1557,0.1229,0.5240,0.7085,0.7450,0.1845,0.0365,53.42,7.57,156.1,142.7,0.763,0.136,
1791426980.831481,0.8440,0.7538,0.8440,0.8030,0.6350,0.7006,0.7538,0.7538,0.8030,0.0942,0.5695,0.7006,0.7538,0.2458,0.1557,0.0737,0.1229,0.5250,0.7020,0.7480,0.1770,0.0460,52.71,7.65,155.9,143.1,0.827,0.138,1.588
1791426980.8635826,0.9054,0.8030,0.8440,0.8030,0.8030,0.8030,0.7006,0.5695,0.7538,0.1557,0.2991,0.7006,0.7006,0.2991,0.1966,0.1557,0.0737,0.5250,0.7070,0.7450,0.1820,0.0380,52.80,7.48,156.8,143.0,0.795,0.138,
1791426980.895565,0.7538,0.6350,0.7538,0.5695,0.8030,0.8440,0.6350,0.5695,0.6350,0.2458,0.0942,0.7006,0.7006,0.0942,0.1966,0.0574,0.1229,0.5270,0.7100,0.7460,0.1830,0.0360,53.15,7.37,157.2,142.4,0.744,0.136,
1791426980.9266367,0.8440,0.9054,0.8767,0.7006,0.7006,0.8767,0.7006,0.7538,0.8030,0.2458,0.4998,0.7006,0.7538,0.0942,0.1966,0.1557,0.0942,0.5260,0.7100,0.7470,0.1840,0.0370,53.13,7.30,156.5,142.3,0.751,0.137,1.424
1791426980.9585285,0.7538,0.8440,0.8030,0.7006,0.7538,0.7538,0.6350,0.7538,0.7538,0.1557,0.3646,0.7538,0.7006,0.1966,0.2991,0.0942,0.1557,0.5250,0.7095,0.7470,0.1845,0.0375,52.99,7.24,155.7,142.2,0.765,0.138,1.472
1791426980.9916754,0.9259,0.7006,0.8030,0.6350,0.8440,0.8440,0.7538,0.7538,0.8030,0.2458,0.0942,0.7538,0.6350,0.1966,0.1966,0.1229,0.1557,0.5260,0.7105,0.7450,0.1845,0.0345,53.34,7.08,154.7,142.3,0.763,0.136,
1791426981.0250149,0.7006,0.6350,0.8030,0.7006,0.7538,0.7006,0.8030,0.8030,0.7006,0.3646,0.4302,0.7538,0.7538,0.1557,0.1966,0.1229,0.1966,0.5240,0.7055,0.7460,0.1815,0.0405,53.39,7.18,153.8,142.5,0.759,0.136,1.397
1791426981.0584884,0.5695,0.8440,0.7538,0.6350,0.7538,0.7538,0.7006,0.7006,0.8440,0.0942,0.2458,0.8030,0.6350,0.0942,0.2458,0.1557,0.1557,0.5280,0.7040,0.7500,0.1760,0.0460,53.60,7.49,153.1,142.1,0.750,0.134,
1791426981.0911436,0.8440,0.8030,0.8767,0.7006,0.7006,0.6350,0.7006,0.8030,0.8030,0.2458,0.2991,0.7538,0.7006,0.1966,0.1966,0.1229,0.1557,0.5260,0.7065,0.7440,0.1805,0.0375,53.80,7.22,153.8,143.0,0.853,0.133,
1791426981.1259687,0.7538,0.8767,0.8440,0.6350,0.7006,0.8030,0.6350,0.8767,0.8767,0.1557,0.0942,0.7538,0.7006,0.1557,0.1966,0.1557,0.1966,0.5280,0.7105,0.7500,0.1825,0.0395,54.23,7.15,154.3,143.2,0.820,0.131,
1791426981.1645365,0.7006,0.7538,0.8767,0.6350,0.5695,0.8030,0.7006,0.5695,0.8030,0.1229,0.3646,0.7006,0.6350,0.1966,0.1557,0.0737,0.1557,0.5250,0.7070,0.7430,0.1820,0.0360,53.84,7.04,155.9,143.5,0.780,0.133,1.499
1791426981.1972609,0.7006,0.6350,0.7006,0.5695,0.7538,0.7538,0.8440,0.7538,0.8030,0.0942,0.1229,0.7538,0.6350,0.0942,0.1966,0.0942,0.0737,0.5250,0.7140,0.7470,0.1890,0.0330,54.37,6.94,155.8,142.9,0.722,0.131,
1791426981.2284157,0.6350,0.7538,0.8440,0.5695,0.8030,0.8030,0.7538,0.8030,0.5695,0.1966,0.1229,0.7538,0.7006,0.1966,0.1229,0.1229,0.1557,0.5250,0.7085,0.7460,0.1835,0.0375,54.41,6.92,155.0,143.4,0.781,0.131,
1791426981.260946,0.5695,0.7538,0.8030,0.6350,0.7538,0.8030,0.7538,0.6350,0.7006,0.4302,0.1557,0.7538,0.6350,0.0737,0.1557,0.1557,0.1229,0.5240,0.7090,0.7500,0.1850,0.0410,54.47,7.03,155.8,143.1,0.784,0.131,1.389
1791426981.2918217,0.7538,0.7006,0.7006,0.7006,0.8440,0.7006,0.7538,0.7006,0.7006,0.1966,0.4302,0.7006,0.8030,0.0737,0.1229,0.1229,0.0942,0.5250,0.7100,0.7440,0.1850,0.0340,54.67,6.83,155.0,143.3,0.798,0.130,1.471
1791426981.3253691,0.6350,0.6350,0.8030,0.5695,0.7006,0.8030,0.7006,0.8767,0.7538,0.1557,0.4302,0.8030,0.6350,0.0737,0.1557,0.0942,0.1229,0.5250,0.7025,0.7490,0.1775,0.0465,53.94,7.23,154.6,143.2,0.741,0.133,1.416
1791426981.358641,0.6350,0.7538,0.8440,0.5695,0.6350,0.7538,0.8030,0.3646,0.7006,0.1966,0.4302,0.7006,0.6350,0.1966,0.1966,0.2458,0.1557,0.5250,0.7110,0.7430,0.1860,0.0320,54.02,7.01,153.0,143.3,0.752,0.133,1.412
1791426981.3930151,0.7538,0.8440,0.8440,0.5695,0.7538,0.8030,0.7538,0.4998,0.8440,0.1966,0.2991,0.7006,0.7006,0.1557,0.1229,0.1229,0.1229,0.5250,0.7090,0.7440,0.1840,0.0350,53.68,6.86,152.4,143.6,0.793,0.135,
1791426981.433696,0.8767,0.5695,0.8440,0.7538,0.6350,0.8030,0.7006,0.7006,0.8030,0.2458,0.1966,0.7538,0.6350,0.2991,0.1557,0.1966,0.0737,0.5260,0.7070,0.7460,0.1810,0.0390,53.58,6.93,152.8,143.8,0.773,0.135,
1791426981.4667032,0.7538,0.7538,0.8440,0.7006,0.8440,0.8030,0.7538,0.7006,0.6350,0.1966,0.2991,0.7538,0.7006,0.1557,0.2458,0.1229,0.1557,0.5250,0.7105,0.7450,0.1855,0.0345,53.85,6.84,152.6,143.8,0.756,0.134,
1791426981.4980204,0.8030,0.6350,0.8030,0.5695,0.6350,0.8440,0.7538,0.7006,0.8030,0.2991,0.1229,0.7538,0.7006,0.0942,0.1966,0.0942,0.0737,0.5250,0.7150,0.7440,0.1900,0.0290,54.60,6.65,152.4,143.6,0.715,0.131,
1791426981.5284276,0.9054,0.7538,0.7538,0.7006,0.6350,0.8030,0.7538,0.7538,0.8030,0.1229,0.2991,0.7538,0.7006,0.1229,0.1966,0.1557,0.0942,0.5240,0.7090,0.7450,0.1850,0.0360,54.37,6.63,150.3,143.9,0.781,0.132,
1791426981.5609455,0.8767,0.6350,0.7538,0.6350,0.6350,0.7006,0.7538,0.7006,0.7006,0.5695,0.2458,0.7006,0.7006,0.0942,0.1966,0.1557,0.1229,0.5250,0.7075,0.7520,0.1825,0.0445,54.28,7.05,150.8,143.0,0.715,0.133,1.339
1791426981.592278,0.7538,0.8440,0.8440,0.6350,0.7006,0.7538,0.7006,0.7006,0.8030,0.1557,0.3646,0.7006,0.7006,0.1229,0.1966,0.1557,0.1557,0.5280,0.7130,0.7440,0.1850,0.0310,54.40,6.83,151.5,143.1,0.749,0.132,1.378
1791426981.6259913,0.9423,0.6350,0.7538,0.7006,0.7538,0.7006,0.7538,0.4302,0.7538,0.2991,0.4302,0.8030,0.7006,0.0737,0.1966,0.0737,0.1557,0.5250,0.7150,0.7450,0.1900,0.0300,54.91,6.63,151.9,143.5,0.734,0.130,1.361
1791426981.6588495,0.8440,0.8767,0.8030,0.6350,0.8440,0.8440,0.8440,0.8030,0.7538,0.2458,0.1229,0.7006,0.7006,0.0942,0.1557,0.0574,0.0737,0.5250,0.7055,0.7510,0.1805,0.0455,54.15,6.92,150.9,143.3,0.811,0.133,
1791426981.6928933,0.8030,0.5695,0.7538,0.6350,0.8030,0.7006,0.7006,0.7006,0.8440,0.2991,0.2458,0.7006,0.6350,0.1557,0.1966,0.1966,0.0942,0.5250,0.7080,0.7440,0.1830,0.0360,54.02,6.84,151.4,143.0,0.785,0.134,
1791426981.726551,0.8030,0.8767,0.8030,0.6350,0.7538,0.8767,0.7006,0.6350,0.8030,0.0942,0.4998,0.8030,0.6350,0.0737,0.1557,0.1557,0.2991,0.5250,0.7095,0.7460,0.1845,0.0365,54.09,6.85,150.5,142.8,0.759,0.133,1.423
1791426981.7670865,0.8030,0.8440,0.7538,0.5695,0.4998,0.8440,0.7006,0.6350,0.5695,0.1229,0.2458,0.7006,0.7006,0.1229,0.1557,0.1229,0.1229,0.5250,0.7070,0.7450,0.1820,0.0380,53.80,6.87,152.7,142.4,0.776,0.135,
1791426981.799947,0.8440,0.7538,0.5695,0.7538,0.6350,0.8030,0.7006,0.5695,0.7538,0.2991,0.2991,0.7538,0.7006,0.0737,0.1229,0.0942,0.1557,0.5240,0.7080,0.7430,0.1840,0.0350,53.62,6.75,154.4,141.6,0.794,0.135,
1791426981.8309739,0.8767,0.7538,0.8767,0.5695,0.7006,0.7006,0.7538,0.7006,0.7006,0.1229,0.4302,0.7006,0.7538,0.0942,0.1966,0.0942,0.1966,0.5240,0.7100,0.7450,0.1860,0.0350,54.19,6.61,154.0,141.5,0.821,0.133,1.464
1791426981.8612862,0.9054,0.7006,0.6350,0.7006,0.7006,0.8030,0.7538,0.7006,0.8030,0.1557,0.1557,0.7006,0.6350,0.2991,0.1229,0.1229,0.1229,0.5260,0.7085,0.7440,0.1825,0.0355,54.36,6.57,155.4,141.5,0.789,0.132,
1791426981.8935757,0.6350,0.5695,0.6350,0.7006,0.7538,0.8030,0.6350,0.6350,0.7538,0.1557,0.2458,0.8030,0.7006,0.1229,0.3646,0.1557,0.0942,0.5230,0.7025,0.7490,0.1795,0.0465,53.66,6.88,152.9,141.7,0.823,0.135,
1791426981.9258466,0.9259,0.8440,0.7538,0.7538,0.8440,0.8030,0.8030,0.6350,0.7006,0.2458,0.0942,0.8030,0.7006,0.2458,0.0942,0.0942,0.0942,0.5230,0.7085,0.7510,0.1855,0.0425,53.64,7.11,153.3,141.9,0.749,0.135,
1791426981.9594717,0.8767,0.6350,0.8030,0.6350,0.7538,0.7538,0.7006,0.7538,0.7538,0.3646,0.0737,0.8030,0.7538,0.1557,0.1557,0.0574,0.1966,0.5230,0.7075,0.7490,0.1845,0.0415,53.87,7.28,153.3,142.1,0.736,0.134,1.319
1791426981.9931087,0.9259,0.7006,0.4302,0.5695,0.6350,0.7538,0.7006,0.7538,0.7006,0.1557,0.2991,0.7006,0.7006,0.1229,0.1557,0.0942,0.1229,0.5230,0.7090,0.7450,0.1860,0.0360,53.89,7.02,153.8,141.9,0.849,0.134,
1791426982.0263,0.9054,0.8440,0.6350,0.7538,0.7538,0.7538,0.8030,0.7006,0.8440,0.1966,0.4998,0.6350,0.7538,0.1229,0.1557,0.1557,0.1557,0.5250,0.7040,0.7460,0.1790,0.0420,53.48,7.07,153.2,142.2,0.823,0.136,1.567
1791426982.0663223,0.9259,0.7538,0.7538,0.7006,0.7006,0.8440,0.7538,0.8030,0.7538,0.2991,0.4302,0.7538,0.6350,0.1229,0.1557,0.1557,0.1557,0.5240,0.7110,0.7450,0.1870,0.0340,53.71,6.99,153.7,142.2,0.728,0.135,1.385
1791426982.098258,0.8030,0.7538,0.8030,0.6350,0.7006,0.6350,0.7538,0.4302,0.7538,0.2458,0.4302,0.6350,0.7006,0.0942,0.1966,0.1966,0.1557,0.5240,0.7055,0.7470,0.1815,0.0415,53.65,7.06,153.7,141.8,0.811,0.135,1.449
1791426982.1309404,0.8767,0.8030,0.8767,0.6350,0.8440,0.6350,0.8030,0.8030,0.7538,0.3646,0.2458,0.7006,0.7006,0.0942,0.3646,0.1229,0.1229,0.5240,0.7055,0.7450,0.1815,0.0395,53.27,7.14,153.6,141.7,0.751,0.137,1.428
1791426982.1616635,0.8030,0.8767,0.5695,0.6350,0.6350,0.4302,0.8030,0.4302,0.7538,0.1966,0.2458,0.7006,0.7006,0.1557,0.1966,0.1229,0.2458,0.5250,0.7075,0.7460,0.1825,0.0385,53.46,7.23,153.7,141.2,0.719,0.136,
1791426982.1933818,0.8440,0.7538,0.6350,0.7538,0.8030,0.8030,0.6350,0.7538,0.8030,0.1557,0.1966,0.6350,0.7006,0.1557,0.1557,0.0737,0.1229,0.5240,0.7035,0.7450,0.1795,0.0415,53.70,7.31,153.4,140.9,0.775,0.134,
1791426982.225991,0.9259,0.8440,0.8440,0.7006,0.7538,0.8440,0.7538,0.7006,0.6350,0.0942,0.0737,0.7538,0.7538,0.1229,0.2458,0.0942,0.1229,0.5240,0.7055,0.7440,0.1815,0.0385,54.03,7.35,153.2,141.8,0.730,0.132,
1791426982.2594373,0.8030,0.7006,0.6350,0.7006,0.6350,0.4302,0.7006,0.7006,0.8440,0.3646,0.0942,0.7538,0.7006,0.0942,0.2991,0.1229,0.1557,0.5230,0.7105,0.7470,0.1875,0.0365,54.00,7.26,154.2,142.7,0.755,0.133,1.348
1791426982.2932692,0.8767,0.8440,0.5695,0.4998,0.6350,0.7006,0.8030,0.4998,0.8030,0.1966,0.2458,0.7538,0.7006,0.1557,0.2458,0.1557,0.1557,0.5250,0.7105,0.7450,0.1855,0.0345,54.30,7.06,153.2,142.6,0.781,0.132,
1791426982.3266733,0.7538,0.7538,0.9423,0.7006,0.8030,0.7538,0.7538,0.7006,0.7538,0.1557,0.0737,0.7538,0.7006,0.1966,0.1557,0.1557,0.1966,0.5230,0.7030,0.7460,0.1800,0.0430,53.95,7.21,153.3,141.8,0.787,0.133,
1791426982.3671937,0.8767,0.7538,0.7538,0.7006,0.7538,0.7538,0.8030,0.8767,0.5695,0.1557,0.0737,0.7006,0.6350,0.1557,0.1229,0.1557,0.1229,0.5230,0.7085,0.7430,0.1855,0.0345,54.24,6.95,153.4,142.1,0.824,0.132,
1791426982.3986428,0.7538,0.7538,0.7006,0.7538,0.7006,0.7538,0.7006,0.7006,0.7006,0.1557,0.2458,0.7006,0.7006,0.0737,0.2458,0.2458,0.1557,0.5230,0.7110,0.7440,0.1880,0.0330,54.86,6.89,154.4,141.6,0.707,0.130,
1791426982.4298735,0.7538,0.7006,0.7538,0.7006,0.8030,0.8030,0.8030,0.6350,0.7538,0.0942,0.0942,0.7006,0.7006,0.0737,0.1966,0.1229,0.1229,0.5230,0.7060,0.7470,0.1830,0.0410,54.76,7.01,155.6,141.2,0.783,0.130,
1791426982.4613364,0.7006,0.8030,0.7006,0.7538,0.7006,0.7006,0.7006,0.4302,0.7006,0.1229,0.3646,0.7006,0.6350,0.1966,0.2458,0.0942,0.1229,0.5230,0.7060,0.7450,0.1830,0.0390,54.83,6.98,155.2,141.5,0.812,0.130,1.443
1791426982.4942496,0.8767,0.4302,0.4998,0.6350,0.7538,0.8030,0.5695,0.7538,0.7006,0.1229,0.0574,0.7006,0.6350,0.0737,0.2458,0.1229,0.1557,0.5230,0.7120,0.7440,0.1890,0.0320,55.54,6.76,155.7,141.8,0.772,0.127,
1791426982.5272439,0.7006,0.9054,0.5695,0.6350,0.7006,0.7538,0.7006,0.7538,0.7538,0.2458,0.1966,0.7538,0.7006,0.0942,0.1557,0.1229,0.0942,0.5230,0.7100,0.7480,0.1870,0.0380,55.60,6.88,156.1,141.6,0.734,0.127,
1791426982.56081,0.9423,0.5695,0.7006,0.7538,0.7006,0.8440,0.5695,0.4998,0.4998,0.1229,0.1229,0.7006,0.7006,0.1966,0.1557,0.1229,0.1557,0.5230,0.7110,0.7480,0.1880,0.0370,55.81,6.99,154.9,141.7,0.708,0.126,
1791426982.59327,0.7538,0.8030,0.7006,0.7006,0.8030,0.7538,0.7538,0.7538,0.7538,0.2458,0.0574,0.7006,0.7006,0.1229,0.2458,0.0737,0.1557,0.5230,0.7080,0.7510,0.1850,0.0430,55.89,7.27,153.6,141.2,0.726,0.126,
1791426982.6272287,0.9054,0.7006,0.7538,0.7538,0.6350,0.7538,0.4302,0.8767,0.5695,0.1557,0.2458,0.7538,0.8030,0.1966,0.1966,0.1966,0.1966,0.5230,0.7020,0.7440,0.1790,0.0420,55.02,7.39,154.0,140.6,0.761,0.129,
1791426982.668188,0.7006,0.7538,0.4302,0.5695,0.6350,0.7538,0.7538,0.8440,0.6350,0.3646,0.2991,0.8030,0.7006,0.1229,0.2458,0.0737,0.1229,0.5220,0.7070,0.7500,0.1850,0.0430,55.13,7.61,154.0,140.2,0.717,0.129,1.310
1791426982.6997535,0.8030,0.5695,0.4302,0.7006,0.7538,0.8440,0.7538,0.7538,0.7006,0.1966,0.3646,0.7006,0.7006,0.1557,0.2991,0.0942,0.1229,0.5260,0.7080,0.7540,0.1820,0.0460,54.83,7.82,154.4,140.0,0.755,0.130,1.470
1791426982.7305877,0.5695,0.5695,0.5695,0.4998,0.7006,0.5695,0.7538,0.8030,0.8030,0.2458,0.0737,0.7006,0.7006,0.0737,0.1229,0.1966,0.1557,0.5210,0.7035,0.7510,0.1825,0.0475,54.74,8.06,154.9,140.7,0.749,0.130,
1791426982.7634702,0.7006,0.8767,0.8030,0.6350,0.6350,0.3646,0.8440,0.6350,0.7538,0.1557,0.3646,0.6350,0.7006,0.1966,0.1966,0.1557,0.1229,0.5230,0.7015,0.7520,0.1785,0.0505,54.38,8.31,155.0,141.0,0.774,0.131,1.507
1791426982.794859,0.8440,0.8440,0.8030,0.7006,0.7006,0.8030,0.7006,0.6350,0.6350,0.1557,0.4302,0.7006,0.7538,0.1966,0.1557,0.1557,0.1557,0.5200,0.7010,0.7540,0.1810,0.0530,54.25,8.63,155.6,141.1,0.759,0.131,1.471
1791426982.8280163,0.8030,0.8767,0.7538,0.5695,0.7538,0.8030,0.7538,0.7006,0.8440,0.1557,0.1966,0.7538,0.7006,0.0942,0.1557,0.2458,0.0942,0.5180,0.7035,0.7460,0.1855,0.0425,53.85,8.39,155.8,140.2,0.807,0.134,
1791426982.8601208,0.8440,0.9054,0.9259,0.7006,0.7006,0.8030,0.7006,0.7538,0.7538,0.1229,0.3646,0.7538,0.7006,0.1966,0.1557,0.2458,0.1557,0.5180,0.7045,0.7530,0.1865,0.0485,53.94,8.53,156.0,140.1,0.756,0.134,1.463
1791426982.894468,0.8030,0.6350,0.7006,0.7006,0.7006,0.7538,0.8030,0.8030,0.7006,0.1557,0.2991,0.8030,0.7538,0.0737,0.1557,0.1557,0.2458,0.5230,0.7080,0.7490,0.1850,0.0410,54.26,8.47,154.0,140.6,0.713,0.132,
1791426982.9279046,0.7538,0.5695,0.8440,0.7538,0.5695,0.7538,0.7006,0.5695,0.6350,0.0942,0.2458,0.7538,0.6350,0.1966,0.1966,0.1966,0.1229,0.5150,0.7045,0.7510,0.1895,0.0465,54.77,8.54,150.8,140.2,0.746,0.131,
1791426982.9603045,0.8767,0.9587,0.8030,0.6350,0.7006,0.5695,0.8440,0.4302,0.4302,0.2458,0.1557,0.7538,0.7006,0.0942,0.1557,0.1557,0.1557,0.5160,0.6975,0.7550,0.1815,0.0575,54.35,9.00,149.8,140.0,0.753,0.132,
1791426982.9941247,0.8767,0.6350,0.7006,0.7006,0.7006,0.8030,0.7006,0.6350,0.7538,0.0942,0.1966,0.7006,0.7538,0.1966,0.2458,0.1966,0.1229,0.5200,0.7050,0.7520,0.1850,0.0470,54.59,9.10,151.9,140.1,0.700,0.131,
1791426983.032858,0.9054,0.8767,0.6350,0.6350,0.7538,0.6350,0.8030,0.7006,0.7006,0.1557,0.1966,0.7006,0.7006,0.0737,0.1966,0.0942,0.2458,0.5150,0.7045,0.7520,0.1895,0.0475,55.17,9.22,152.4,140.2,0.694,0.129,
1791426983.0656924,0.8440,0.5695,0.8030,0.4998,0.7006,0.5695,0.7538,0.6350,0.5695,0.1557,0.2991,0.7538,0.7006,0.1557,0.1966,0.1966,0.1229,0.5160,0.6980,0.7520,0.1820,0.0540,55.18,9.40,153.0,140.3,0.759,0.129,
1791426983.0964353,0.8030,0.7006,0.7006,0.7538,0.7006,0.8440,0.7538,0.8030,0.6350,0.2458,0.1557,0.7006,0.6350,0.0737,0.2458,0.1966,0.2458,0.5160,0.7045,0.7560,0.1885,0.0515,55.66,9.53,154.5,140.5,0.725,0.127,
1791426983.1290958,0.7538,0.8440,0.7538,0.6350,0.7538,0.6350,0.7006,0.5695,0.7538,0.0942,0.1966,0.6350,0.6350,0.0942,0.2458,0.1557,0.1557,0.5200,0.7040,0.7570,0.1840,0.0530,55.44,9.74,155.3,140.3,0.708,0.128,
1791426983.1604187,0.8440,0.6350,0.5695,0.6350,0.6350,0.8030,0.7538,0.6350,0.6350,0.1229,0.3646,0.7006,0.7006,0.4302,0.2458,0.1557,0.2458,0.5150,0.7115,0.7490,0.1965,0.0375,56.24,9.24,155.5,140.3,0.737,0.125,1.363
1791426983.194039,0.7006,0.7006,0.5695,0.7006,0.6350,0.8440,0.7538,0.8767,0.7006,0.3646,0.4998,0.7006,0.7006,0.1966,0.2991,0.1557,0.1966,0.5150,0.7050,0.7540,0.1900,0.0490,56.31,9.41,154.7,140.2,0.684,0.125,1.294
1791426983.2275183,0.8030,0.7006,0.6350,0.5695,0.6350,0.8030,0.6350,0.7006,0.7006,0.1966,0.1966,0.7538,0.7006,0.0942,0.2458,0.1229,0.1229,0.5150,0.7055,0.7510,0.1905,0.0455,56.82,9.31,154.5,140.3,0.727,0.123,
1791426983.262188,0.8440,0.5695,0.6350,0.5695,0.7006,0.7538,0.8030,0.6350,0.6350,0.2991,0.1966,0.7006,0.7006,0.0942,0.1557,0.1229,0.1557,0.5150,0.7065,0.7510,0.1915,0.0445,57.20,9.10,154.6,140.7,0.760,0.122,
1791426983.2940028,0.7538,0.6350,0.7006,0.5695,0.5695,0.7006,0.8440,0.6350,0.5695,0.4998,0.2991,0.7006,0.7006,0.1229,0.1557,0.1966,0.1966,0.5200,0.7060,0.7490,0.1860,0.0430,57.62,8.99,154.9,141.4,0.719,0.120,1.312
1791426983.3291705,0.8030,0.5695,0.8767,0.7006,0.5695,0.7006,0.8030,0.8767,0.6350,0.1557,0.0942,0.7006,0.7538,0.1966,0.2991,0.1557,0.0942,0.5150,0.7010,0.7480,0.1860,0.0470,57.90,8.87,153.9,141.6,0.792,0.118,
1791426983.3666253,0.8030,0.8030,0.8030,0.6350,0.6350,0.5695,0.5695,0.7006,0.4302,0.1557,0.2458,0.7538,0.7538,0.1557,0.2991,0.1966,0.1557,0.5150,0.7010,0.7510,0.1860,0.0500,58.21,8.80,154.0,141.9,0.831,0.116,
1791426983.3996422,0.7006,0.7006,0.5695,0.6350,0.8030,0.7538,0.8030,0.7006,0.7538,0.3646,0.4302,0.7538,0.7006,0.1557,0.1557,0.2458,0.1557,0.5150,0.7080,0.7530,0.1930,0.0450,58.00,8.77,154.5,142.3,0.741,0.118,1.368
1791426983.4306736,0.7538,0.7006,0.7006,0.4998,0.8440,0.8030,0.7006,0.7006,0.7006,0.2458,0.1966,0.5695,0.6350,0.1229,0.2458,0.1966,0.1229,0.5150,0.7105,0.7530,0.1955,0.0425,59.00,8.66,156.1,142.8,0.737,0.114,
1791426983.4626071,0.7538,0.5695,0.6350,0.4998,0.5695,0.8030,0.7538,0.7006,0.7006,0.1966,0.4302,0.7538,0.7006,0.0942,0.2458,0.1966,0.1557,0.5150,0.7035,0.7470,0.1885,0.0435,58.71,8.48,156.6,142.4,0.795,0.115,1.470
1791426983.4944017,0.8440,0.7006,0.7538,0.8030,0.5695,0.7006,0.7006,0.6350,0.6350,0.2991,0.4998,0.7006,0.7006,0.1229,0.1966,0.1966,0.2991,0.5170,0.7040,0.7490,0.1870,0.0450,58.51,8.41,156.6,142.4,0.786,0.116,1.420
1791426983.528964,0.8767,0.8440,0.7006,0.5695,0.5695,0.8030,0.7538,0.5695,0.7538,0.4302,0.1966,0.5695,0.7538,0.0942,0.1557,0.0942,0.1557,0.5200,0.7045,0.7440,0.1845,0.0395,57.79,8.12,156.9,142.9,0.801,0.119,1.432
1791426983.561422,0.7006,0.6350,0.7538,0.6350,0.7006,0.7538,0.7538,0.7538,0.7006,0.3646,0.1557,0.7006,0.7006,0.1229,0.2458,0.1966,0.1229,0.5150,0.7000,0.7510,0.1850,0.0510,57.25,8.28,156.6,143.9,0.818,0.121,1.472
1791426983.5948844,0.7006,0.6350,0.9259,0.6350,0.7006,0.7006,0.8030,0.6350,0.5695,0.2991,0.3646,0.7006,0.7006,0.0942,0.1966,0.1966,0.1966,0.5150,0.7025,0.7520,0.1875,0.0495,57.44,8.48,156.1,143.9,0.756,0.120,1.465
1791426983.6349993,0.8030,0.8440,0.7538,0.4302,0.7006,0.8440,0.8030,0.8030,0.6350,0.1557,0.1966,0.7006,0.7006,0.1557,0.1229,0.1557,0.1966,0.5150,0.7045,0.7530,0.1895,0.0485,57.64,8.66,156.2,143.9,0.729,0.119,
1791426983.66708,0.8440,0.8440,0.6350,0.6350,0.6350,0.7006,0.7538,0.7006,0.4998,0.2458,0.3646,0.7006,0.7006,0.1229,0.1229,0.1557,0.1966,0.5150,0.7030,0.7440,0.1880,0.0410,57.90,8.40,157.1,144.2,0.788,0.118,1.414
1791426983.697171,0.8030,0.7538,0.8767,0.6350,0.6350,0.7006,0.6350,0.7006,0.6350,0.1557,0.2991,0.7006,0.7006,0.1557,0.1229,0.1557,0.1229,0.5150,0.7035,0.7500,0.1885,0.0465,58.05,8.45,156.2,143.7,0.767,0.117,
1791426983.7294526,0.7538,0.7006,0.7006,0.5695,0.6350,0.8030,0.7006,0.7538,0.7006,0.2458,0.4302,0.7006,0.7006,0.2458,0.2458,0.1966,0.1229,0.5170,0.6980,0.7500,0.1810,0.0520,57.52,8.67,155.2,143.0,0.773,0.119,1.418
1791426983.7624063,0.7538,0.7006,0.8030,0.6350,0.8440,0.7538,0.6350,0.8030,0.7006,0.1966,0.1229,0.7538,0.7006,0.1557,0.0942,0.2458,0.1229,0.5150,0.7080,0.7510,0.1930,0.0430,57.94,8.55,154.8,142.7,0.760,0.118,
1791426983.7959054,0.8440,0.8440,0.7538,0.5695,0.7006,0.6350,0.7538,0.6350,0.7006,0.1557,0.5695,0.7006,0.7006,0.1229,0.1966,0.1229,0.0942,0.5170,0.7165,0.7540,0.1995,0.0375,58.99,8.35,156.2,142.3,0.711,0.114,1.305
1791426983.8299387,0.8030,0.7538,0.7006,0.4302,0.5695,0.8030,0.7538,0.7006,0.7538,0.1966,0.1229,0.7006,0.7006,0.1966,0.2458,0.1966,0.1966,0.5150,0.7020,0.7510,0.1870,0.0490,58.80,8.43,154.7,141.8,0.797,0.115,
1791426983.862032,0.8440,0.8030,0.8440,0.7006,0.7006,0.7006,0.7538,0.7538,0.4302,0.1557,0.1966,0.7538,0.7538,0.0942,0.0942,0.1557,0.1557,0.5150,0.7050,0.7480,0.1900,0.0430,58.82,8.40,155.0,142.2,0.741,0.115,
1791426983.895191,0.7538,0.6350,0.9054,0.5695,0.7006,0.8030,0.7538,0.7538,0.4998,0.1966,0.4302,0.7538,0.6350,0.1557,0.1557,0.1966,0.1557,0.5150,0.7030,0.7550,0.1880,0.0520,58.70,8.63,156.2,141.4,0.772,0.115,1.447
1791426983.935051,0.7538,0.6350,0.8030,0.4998,0.7006,0.7006,0.7006,0.7538,0.6350,0.1557,0.4302,0.7538,0.7006,0.1229,0.2458,0.1966,0.1966,0.5150,0.7065,0.7450,0.1915,0.0385,58.85,8.36,157.1,140.6,0.757,0.115,1.400
1791426983.9667704,0.8767,0.7538,0.8030,0.7006,0.6350,0.7006,0.7538,0.7538,0.8440,0.1229,0.4998,0.7538,0.7006,0.1557,0.1966,0.1966,0.1557,0.5160,0.7090,0.7500,0.1930,0.0410,59.40,8.41,156.4,140.0,0.675,0.113,1.252
1791426983.9978936,0.8030,0.7538,0.9259,0.7006,0.7006,0.8030,0.6350,0.7538,0.6350,0.2458,0.4302,0.7006,0.7006,0.0942,0.2458,0.1229,0.1557,0.5150,0.7050,0.7520,0.1900,0.0470,59.15,8.44,157.1,139.6,0.780,0.114,1.416
1791426984.0297396,0.8030,0.8440,0.8030,0.6350,0.7006,0.6350,0.7538,0.7538,0.6350,0.2458,0.2458,0.7538,0.7538,0.0942,0.1966,0.1966,0.1966,0.5160,0.7125,0.7450,0.1965,0.0325,59.54,8.08,158.5,140.0,0.707,0.113,
1791426984.0628207,0.8030,0.6350,0.8767,0.6350,0.7538,0.8030,0.7006,0.7538,0.5695,0.1966,0.1557,0.7538,0.7538,0.1229,0.1557,0.1966,0.1557,0.5160,0.7075,0.7470,0.1915,0.0395,59.66,7.98,159.3,140.9,0.745,0.112,
1791426984.0961342,0.8440,0.6350,0.8767,0.6350,0.7006,0.7006,0.7006,0.6350,0.5695,0.2458,0.0942,0.7538,0.7538,0.1557,0.1966,0.1966,0.1557,0.5160,0.6970,0.7500,0.1810,0.0530,58.72,8.32,,139.9,0.780,0.115,
1791426984.1289852,0.8440,0.4998,0.8030,0.5695,0.7538,0.6350,0.7538,0.6350,0.5695,0.0942,0.3646,0.8030,0.7006,0.0942,0.2458,0.1966,0.1966,0.5150,0.7145,0.7480,0.1995,0.0335,59.07,8.08,,139.8,0.681,0.115,1.276
1791426984.1626897,0.8030,0.8030,0.8030,0.5695,0.7538,0.8030,0.7006,0.6350,0.5695,0.1557,0.2991,0.7006,0.7006,0.0942,0.1966,0.1966,0.1229,0.5150,0.7220,0.7470,0.2070,0.0250,60.14,7.48,,140.9,0.717,0.112,
1791426984.204228,0.8030,0.5695,0.5695,0.6350,0.5695,0.7006,0.8030,0.7538,0.7006,0.1229,0.2458,0.7006,0.6350,0.1229,0.1966,0.2991,0.1966,0.5160,0.7070,0.7470,0.1910,0.0400,60.20,7.51,,141.2,0.747,0.111,
1791426984.2350483,0.8440,0.7538,0.7006,0.5695,0.7538,0.8767,0.7006,0.7006,0.5695,0.2458,0.1229,0.6350,0.6350,0.1966,0.2458,0.1229,0.1557,0.5160,0.7125,0.7480,0.1965,0.0355,60.84,7.50,,141.5,0.678,0.108,
1791426984.2668552,0.7006,0.5695,0.7006,0.5695,0.6350,0.8030,0.8030,0.7006,0.4998,0.1966,0.0942,0.7538,0.7006,0.0737,0.1966,0.1557,0.1557,0.5160,0.7175,0.7430,0.2015,0.0255,61.52,7.10,,141.7,0.676,0.106,
1791426984.298115,0.7006,0.7006,0.4302,0.6350,0.6350,0.8030,0.7538,0.8440,0.7538,0.4998,0.1229,0.7538,0.7006,0.0942,0.1229,0.1966,0.2458,0.5150,0.7085,0.7460,0.1935,0.0375,61.44,7.08,156.4,140.4,0.764,0.106,1.339
1791426984.3296397,0.8030,0.6350,0.6350,0.6350,0.7538,0.8440,0.7538,0.7006,0.7538,0.4302,0.2458,0.7006,0.7006,0.1557,0.2458,0.1557,0.1966,0.5160,0.7135,0.7430,0.1975,0.0295,61.32,6.91,156.1,139.8,0.680,0.107,1.240
1791426984.3631582,0.7538,0.4998,0.8440,0.6350,0.8030,0.4998,0.8440,0.6350,0.5695,0.2458,0.4302,0.7538,0.7006,0.0942,0.1557,0.1966,0.1229,0.5150,0.7000,0.7420,0.1850,0.0420,60.12,7.11,155.1,139.5,0.758,0.111,1.441
1791426984.3958664,0.8767,0.4998,0.5695,0.7538,0.7006,0.7006,0.7006,0.8440,0.6350,0.1229,0.4302,0.6350,0.7006,0.1557,0.1966,0.1966,0.1557,0.5150,0.7085,0.7420,0.1935,0.0335,59.68,6.98,156.5,138.6,0.741,0.113,1.402
1791426984.4295108,0.6350,0.8030,0.7006,0.4302,0.7006,0.7538,0.7006,0.8767,0.8030,0.2458,0.1229,0.7538,0.7006,0.0574,0.2458,0.1229,0.1966,0.5150,0.7100,0.7460,0.1950,0.0360,59.92,7.02,157.6,138.4,0.715,0.112,
1791426984.4626052,0.8440,0.7006,0.5695,0.5695,0.7006,0.7538,0.7538,0.7538,0.7538,0.2991,0.1229,0.7006,0.6350,0.2458,0.2458,0.1229,0.1229,0.5150,0.7120,0.7420,0.1970,0.0300,60.38,6.75,157.0,138.4,0.750,0.111,
1791426984.5035224,0.8440,0.7538,0.5695,0.6350,0.6350,0.7538,0.7006,0.6350,0.7006,0.1229,0.2991,0.7538,0.7006,0.1966,0.1557,0.1557,0.1229,0.5150,0.7105,0.7400,0.1955,0.0295,60.65,6.45,156.7,138.2,0.789,0.110,
1791426984.5361695,0.8767,0.5695,0.4998,0.6350,0.7006,0.7006,0.7538,0.7538,0.7006,0.2458,0.1229,0.7006,0.6350,0.0942,0.2458,0.2991,0.1557,0.5220,0.7105,0.7410,0.1885,0.0305,60.60,6.36,155.7,137.7,0.726,0.109,
1791426984.5671449,0.8440,0.4998,0.7538,0.7006,0.8030,0.8030,0.8440,0.5695,0.5695,0.1557,0.4302,0.7006,0.7006,0.1229,0.1229,0.2991,0.1229,0.5190,0.7090,0.7480,0.1900,0.0390,60.18,6.59,155.7,137.8,0.740,0.110,1.365
1791426984.5980341,0.8767,0.8030,0.8440,0.6350,0.7538,0.7538,0.8030,0.7006,0.8440,0.4998,0.1229,0.7006,0.7006,0.1557,0.1557,0.2458,0.1557,0.5150,0.6995,0.7430,0.1845,0.0435,59.46,6.85,155.1,138.3,0.793,0.113,1.456
1791426984.630047,0.8440,0.6350,0.7006,0.6350,0.7538,0.8030,0.8030,0.3646,0.8030,0.2458,0.2458,0.7538,0.7006,0.0942,0.2458,0.1557,0.1557,0.5150,0.7070,0.7490,0.1920,0.0420,59.54,7.17,154.7,138.1,0.699,0.113,
1791426984.6626217,0.8030,0.5695,0.7006,0.6350,0.2991,0.8030,0.7006,0.6350,0.6350,0.2991,0.1229,0.7538,0.7006,0.0942,0.1966,0.3646,0.2458,0.5150,0.7120,0.7440,0.1970,0.0320,60.00,6.97,154.5,138.9,0.739,0.111,
1791426984.696207,0.6350,0.5695,0.6350,0.5695,0.7538,0.7006,0.7006,0.7006,0.7538,0.1229,0.1557,0.7538,0.7006,0.0737,0.2458,0.1966,0.1557,0.5220,0.7090,0.7420,0.1870,0.0330,60.39,6.89,153.8,138.6,0.718,0.109,
1791426984.7298806,0.7538,0.7538,0.7538,0.6350,0.6350,0.7006,0.8767,0.7538,0.7006,0.0942,0.0942,0.7538,0.7538,0.1229,0.0942,0.1966,0.1229,0.5200,0.7095,0.7480,0.1895,0.0385,60.87,7.00,155.4,138.8,0.737,0.106,
1791426984.763784,0.6350,0.7006,0.8030,0.6350,0.6350,0.8030,0.6350,0.7538,0.5695,0.1557,0.2991,0.6350,0.7538,0.1229,0.1229,0.1966,0.1557,0.5150,0.7120,0.7460,0.1970,0.0340,61.00,7.00,156.7,139.5,0.694,0.107,
1791426984.8043602,0.7006,0.8030,0.7006,0.5695,0.6350,0.7538,0.7538,0.5695,0.6350,0.2458,0.4998,0.7538,0.7006,0.0942,0.1966,0.2458,0.2458,0.5150,0.7110,0.7440,0.1960,0.0330,61.15,6.87,156.3,139.1,0.737,0.106,1.346
1791426984.8357046,0.8030,0.5695,0.8440,0.5695,0.7538,0.7006,0.8030,0.7006,0.4998,0.2458,0.1966,0.7006,0.8030,0.0942,0.1966,0.1966,0.1229,0.5150,0.7100,0.7470,0.1950,0.0370,60.97,6.95,156.5,138.4,0.725,0.107,
1791426984.868229,0.8767,0.6350,0.6350,0.5695,0.7006,0.7006,0.7538,0.6350,0.5695,0.1557,0.1229,0.7006,0.7538,0.1557,0.1229,0.1966,0.1229,0.5160,0.7110,0.7440,0.1950,0.0330,61.17,6.84,157.1,138.9,0.735,0.107,
1791426984.899789,0.8030,0.8440,0.8030,0.5695,0.5695,0.7538,0.7006,0.6350,0.6350,0.1557,0.1229,0.7006,0.6350,0.0942,0.2991,0.1966,0.1966,0.5140,0.7070,0.7470,0.1930,0.0400,61.23,7.00,157.8,138.9,0.751,0.106,
1791426984.9323888,0.8030,0.8767,0.5695,0.7006,0.7538,0.8030,0.7006,0.7006,0.7538,0.2991,0.1557,0.7006,0.7538,0.1557,0.1966,0.1966,0.1229,0.5150,0.7115,0.7470,0.1965,0.0355,61.42,7.03,157.5,137.5,0.704,0.106,
1791426984.9633467,0.8030,0.6350,0.9054,0.6350,0.8030,0.8030,0.7006,0.8030,0.7538,0.1557,0.1229,0.7538,0.7006,0.1557,0.1557,0.1966,0.1966,0.5150,0.7140,0.7470,0.1990,0.0330,61.41,7.05,157.2,136.8,0.659,0.106,
1791426984.99754,0.8767,0.7006,0.8030,0.6350,0.7006,0.6350,0.7538,0.7538,0.7006,0.3646,0.2458,0.7006,0.7538,0.0737,0.1966,0.2458,0.1966,0.5150,0.7115,0.7440,0.1965,0.0325,61.57,6.86,157.4,135.7,0.757,0.106,1.339
1791426985.0302134,0.8030,0.8440,0.7538,0.6350,0.7538,0.8030,0.7006,0.8030,0.4998,0.4302,0.3646,0.6350,0.7538,0.0737,0.2991,0.1966,0.1557,0.5150,0.7015,0.7470,0.1865,0.0455,61.01,7.23,156.2,136.2,0.746,0.107,1.349
1791426985.0632098,0.5695,0.6350,0.7538,0.6350,0.7006,0.7538,0.7006,0.7006,0.7006,0.0942,0.1229,0.7006,0.7006,0.1229,0.0942,0.2458,0.1557,0.5150,0.7075,0.7450,0.1925,0.0375,60.80,7.08,157.2,136.4,0.818,0.108,
1791426985.0978258,0.8440,0.7006,0.8030,0.5695,0.6350,0.7006,0.7006,0.5695,0.7006,0.4302,0.2991,0.7538,0.7006,0.0737,0.1557,0.2458,0.1557,0.5150,0.7030,0.7460,0.1880,0.0430,60.58,7.27,155.9,136.5,0.763,0.108,1.373
1791426985.1377604,0.6350,0.7006,0.8440,0.6350,0.7538,0.6350,0.7538,0.7538,0.7538,0.2458,0.1229,0.7538,0.7006,0.1229,0.1557,0.1966,0.1966,0.5150,0.7020,0.7470,0.1870,0.0450,60.23,7.50,156.0,137.4,0.762,0.109,
1791426985.1693919,0.8440,0.6350,0.7538,0.6350,0.4302,0.8030,0.8030,0.7538,0.6350,0.1966,0.2458,0.7538,0.7006,0.0737,0.1966,0.1966,0.2458,0.5150,0.7100,0.7440,0.1950,0.0340,60.59,7.27,156.6,137.4,0.764,0.108,
1791426985.2003474,0.8767,0.5695,0.8030,0.5695,0.8440,0.7538,0.7538,0.8440,0.4998,0.1557,0.1229,0.7538,0.8030,0.0942,0.1966,0.1557,0.1966,0.5150,0.7120,0.7450,0.1970,0.0330,61.12,7.08,155.1,136.6,0.746,0.106,
1791426985.2325077,0.7538,0.7538,0.6350,0.6350,0.7006,0.8767,0.7006,0.6350,0.8030,0.1229,0.1557,0.7006,0.7006,0.1229,0.1966,0.1557,0.2458,0.5180,0.7100,0.7470,0.1920,0.0370,61.22,7.14,155.6,137.5,0.715,0.106,
1791426985.2645683,0.7006,0.8030,0.8030,0.6350,0.5695,0.7538,0.8440,0.7006,0.5695,0.2458,0.1229,0.7538,0.7006,0.0942,0.1966,0.1966,0.2458,0.5150,0.7085,0.7480,0.1935,0.0395,61.44,7.16,154.8,138.0,0.774,0.105,
1791426985.2980254,0.8030,0.8030,0.7538,0.5695,0.4302,0.8030,0.7538,0.7538,0.7006,0.1966,0.1966,0.7006,0.7538,0.1229,0.1557,0.2991,0.1966,0.5150,0.7065,0.7480,0.1915,0.0415,61.48,7.34,155.1,138.3,0.731,0.105,
1791426985.3316317,0.8767,0.7006,0.7538,0.7006,0.7538,0.7538,0.7006,0.6350,0.6350,0.1557,0.4302,0.7006,0.7538,0.1229,0.2458,0.1229,0.2458,0.5150,0.7140,0.7450,0.1990,0.0310,61.89,7.12,154.6,138.1,0.716,0.104,1.273
1791426985.3635285,0.7006,0.8030,0.7006,0.4998,0.7538,0.7006,0.8440,0.7538,0.8030,0.1966,0.1229,0.7006,0.7006,0.0942,0.2458,0.1966,0.1966,0.5150,0.7095,0.7450,0.1945,0.0355,62.05,7.08,153.9,139.0,0.730,0.103,
1791426985.3972464,0.7006,0.8030,0.8030,0.7006,0.6350,0.7538,0.7006,0.5695,0.7538,0.4998,0.1557,0.7006,0.7538,0.2458,0.1966,0.1229,0.2458,0.5150,0.7095,0.7540,0.1945,0.0445,62.02,7.48,154.0,138.4,0.688,0.103,1.299
1791426985.4377036,0.8030,0.8030,0.7538,0.5695,0.7006,0.7538,0.7006,0.7006,0.7006,0.4998,0.1966,0.7006,0.7006,0.0942,0.1557,0.1966,0.1966,0.5150,0.7095,0.7440,0.1945,0.0345,61.87,7.29,154.5,137.5,0.752,0.104,1.330
1791426985.470783,0.8030,0.7006,0.8440,0.6350,0.8030,0.7006,0.6350,0.7006,0.6350,0.1966,0.1229,0.7538,0.7538,0.1557,0.1229,0.1966,0.1966,0.5200,0.7085,0.7440,0.1885,0.0355,61.76,7.11,155.3,137.1,0.786,0.104,
1791426985.501664,0.7006,0.8030,0.8767,0.5695,0.7538,0.8030,0.7538,0.6350,0.7006,0.1557,0.1229,0.7006,0.7006,0.0737,0.2991,0.2991,0.2458,0.5150,0.7095,0.7460,0.1945,0.0365,61.73,7.13,156.2,137.1,0.721,0.104,
1791426985.5320501,0.7006,0.8030,0.8030,0.3646,0.6350,0.7538,0.5695,0.7538,0.8030,0.2991,0.1966,0.7006,0.7006,0.1966,0.1966,0.1966,0.1966,0.5150,0.7095,0.7490,0.1945,0.0395,62.23,7.23,155.9,138.0,0.740,0.102,
1791426985.5638275,0.7006,0.8440,0.7006,0.7538,0.7006,0.7538,0.7538,0.4302,0.8767,0.2991,0.2458,0.7538,0.7538,0.1229,0.1966,0.2458,0.2458,0.5140,0.7110,0.7440,0.1970,0.0330,62.28,7.14,156.2,138.4,0.694,0.102,
1791426985.597726,0.7538,0.5695,0.7538,0.6350,0.8030,0.7538,0.8767,0.8030,0.5695,0.4302,0.2458,0.8030,0.6350,0.0942,0.1557,0.2458,0.1557,0.5140,0.7085,0.7410,0.1945,0.0325,62.38,6.85,155.7,139.4,0.804,0.102,1.386
1791426985.6306586,0.8030,0.7538,0.7006,0.5695,0.6350,0.7006,0.7538,0.4302,0.8030,0.3646,0.1557,0.7006,0.7006,0.1229,0.1966,0.1557,0.0942,0.5140,0.7065,0.7470,0.1925,0.0405,62.43,6.97,155.5,139.0,0.773,0.101,1.360
1791426985.664065,0.7538,0.4998,0.7006,0.4302,0.6350,0.6350,0.7006,0.6350,0.5695,0.0942,0.4302,0.6350,0.8030,0.0737,0.1557,0.0942,0.1966,0.5150,0.7040,0.7470,0.1890,0.0430,62.45,7.19,154.6,138.7,0.761,0.101,1.383
1791426985.6974301,0.7538,0.4302,0.7006,0.6350,0.6350,0.7006,0.8030,0.7538,0.7538,0.1557,0.2458,0.7538,0.7538,0.0942,0.1557,0.1966,0.1557,0.5110,0.7010,0.7450,0.1900,0.0440,62.11,7.38,154.1,138.2,0.770,0.102,
1791426985.7305346,0.7538,0.6350,0.8030,0.5695,0.5695,0.7538,0.7538,0.7538,0.5695,0.1966,0.2991,0.7006,0.7538,0.0942,0.2458,0.1966,0.1966,0.5130,0.7080,0.7420,0.1950,0.0340,62.40,7.17,154.5,138.1,0.764,0.101,
1791426985.7708247,0.8030,0.7006,0.8440,0.6350,0.7006,0.7006,0.7006,0.7538,0.7538,0.1966,0.1557,0.7006,0.7538,0.0942,0.1966,0.1557,0.1966,0.5100,0.7080,0.7440,0.1980,0.0360,62.94,7.06,155.1,138.7,0.775,0.099,
1791426985.8026555,0.8440,0.7538,0.6350,0.5695,0.4998,0.7006,0.7006,0.6350,0.6350,0.1966,0.4302,0.7006,0.7538,0.0574,0.1966,0.1557,0.1966,0.5100,0.7095,0.7460,0.1995,0.0365,63.28,7.13,153.6,137.9,0.699,0.098,1.310
1791426985.83391,0.8767,0.7538,0.7006,0.5695,0.6350,0.8030,0.7538,0.6350,0.5695,0.1557,0.1557,0.7006,0.7006,0.1229,0.1557,0.1557,0.1966,0.5130,0.7045,0.7450,0.1915,0.0405,63.71,7.26,153.2,138.6,0.743,0.096,
1791426985.865473,0.8030,0.7538,0.7538,0.6350,0.7538,0.7538,0.7538,0.7006,0.7006,0.3646,0.1966,0.6350,0.7006,0.1557,0.1557,0.1966,0.1229,0.5130,0.7120,0.7450,0.1990,0.0330,64.31,7.14,153.5,138.8,0.711,0.094,1.220
1791426985.8981276,0.6350,0.7006,0.5695,0.6350,0.6350,0.6350,0.7538,0.6350,0.7006,0.2991,0.1557,0.7538,0.7006,0.1557,0.2458,0.1557,0.2458,0.5110,0.7065,0.7480,0.1955,0.0415,64.62,7.33,153.8,139.1,0.725,0.093,
1791426985.9309204,0.7006,0.6350,0.7538,0.6350,0.7006,0.8440,0.7006,0.8767,0.4998,0.0942,0.0942,0.7538,0.6350,0.1966,0.2458,0.1966,0.1966,0.5130,0.6990,0.7440,0.1860,0.0450,64.21,7.55,153.8,139.0,0.763,0.093,
1791426985.9649928,0.7006,0.7538,0.7538,0.6350,0.6350,0.6350,0.6350,0.6350,0.8030,0.1229,0.2991,0.7006,0.5695,0.0942,0.2458,0.1966,0.1966,0.5100,0.7045,0.7500,0.1945,0.0455,64.34,7.87,152.8,139.4,0.703,0.093,
1791426985.9987195,0.9054,0.7006,0.8030,0.7006,0.7006,0.7538,0.7538,0.7006,0.4998,0.1557,0.0574,0.7538,0.7538,0.0942,0.2458,0.2458,0.1557,0.5100,0.6995,0.7500,0.1895,0.0505,64.13,8.28,153.3,139.3,0.719,0.093,
1791426986.0377886,0.8440,0.6350,0.7538,0.5695,0.4998,0.7538,0.7006,0.3646,0.7538,0.2991,0.1557,0.7006,0.7538,0.3646,0.1966,0.1557,0.1557,0.5110,0.6990,0.7430,0.1880,0.0440,64.07,8.19,153.0,139.1,0.797,0.093,
1791426986.0708122,0.6350,0.5695,0.8030,0.5695,0.5695,0.5695,0.7538,0.6350,0.6350,0.1557,0.0737,0.7538,0.7006,0.0737,0.1966,0.2458,0.1557,0.5090,0.7065,0.7440,0.1975,0.0375,64.26,7.98,154.0,138.5,0.747,0.093,
1791426986.1018817,0.7538,0.7006,0.6350,0.5695,0.7538,0.8030,0.8030,0.6350,0.5695,0.1557,0.0737,0.8030,0.7006,0.1557,0.1229,0.1557,0.1557,0.5090,0.7085,0.7470,0.1995,0.0385,64.73,7.91,154.3,138.9,0.719,0.092,
1791426986.1335442,0.6350,0.6350,0.7538,0.6350,0.4998,0.6350,0.7006,0.4302,0.7538,0.2458,0.1229,0.7006,0.7006,0.3646,0.2991,0.1966,0.1966,0.5140,0.7080,0.7480,0.1940,0.0400,65.56,7.84,153.7,138.7,0.756,0.088,
1791426986.1663065,0.7538,0.7006,0.7538,0.3646,0.6350,0.7538,0.6350,0.8030,0.7538,0.1229,0.0737,0.7006,0.7538,0.4302,0.1966,0.2458,0.1557,0.5090,0.7110,0.7460,0.2020,0.0350,65.44,7.67,151.8,138.3,0.715,0.089,
1791426986.1979263,0.7006,0.7006,0.7538,0.6350,0.7006,0.6350,0.8030,0.7538,0.4302,0.0942,0.1557,0.7006,0.7538,0.0574,0.1557,0.1229,0.1966,0.5070,0.7070,0.7430,0.2000,0.0360,65.52,7.41,151.4,138.2,0.795,0.090,
1791426986.2310815,0.8440,0.7006,0.7538,0.6350,0.4998,0.7006,0.7006,0.7538,0.8767,0.1557,0.3646,0.7538,0.7006,0.0574,0.1557,0.1966,0.1229,0.5130,0.7050,0.7450,0.1920,0.0400,65.87,7.53,151.0,136.9,0.711,0.088,1.321
1791426986.2654476,0.8440,0.7006,0.8440,0.6350,0.4998,0.8440,0.7538,0.6350,0.7006,0.0942,0.0942,0.7006,0.6350,0.0942,0.1229,0.1557,0.1557,0.5070,0.7050,0.7470,0.1980,0.0420,65.80,7.63,152.9,136.3,0.742,0.088,
1791426986.29769,0.6350,0.8767,0.8030,0.5695,0.5695,0.7006,0.7538,0.5695,0.7538,0.1557,0.2991,0.7006,0.6350,0.2458,0.0942,0.1966,0.1229,0.5110,0.7085,0.7530,0.1975,0.0445,66.40,7.93,154.1,136.7,0.684,0.086,
1791426986.331906,0.6350,0.8030,0.7538,0.6350,0.6350,0.6350,0.7538,0.7538,0.8030,0.0574,0.0942,0.6350,0.7006,0.1557,0.1229,0.1557,0.1229,0.5050,0.7055,0.7440,0.2005,0.0385,66.89,7.82,154.1,136.9,0.744,0.084,
1791426986.3712025,0.8440,0.6350,0.7538,0.4302,0.4998,0.7006,0.6350,0.5695,0.6350,0.2458,0.2458,0.6350,0.7006,0.1966,0.1966,0.1966,0.1557,0.5060,0.7055,0.7520,0.1995,0.0465,67.06,8.12,153.4,137.6,0.707,0.084,
1791426986.402951,0.7006,0.7538,0.8030,0.5695,0.5695,0.8440,0.7006,0.6350,0.6350,0.1557,0.1966,0.6350,0.7006,0.1229,0.2458,0.1557,0.1557,0.5050,0.7055,0.7490,0.2005,0.0435,67.46,8.22,,137.1,0.717,0.082,
1791426986.4338238,0.6350,0.7538,0.8030,0.4998,0.6350,0.7006,0.6350,0.5695,0.6350,0.2991,0.2458,0.7538,0.7538,0.0942,0.1229,0.1966,0.1229,0.5120,0.7060,0.7470,0.1940,0.0410,67.42,8.16,,137.4,0.733,0.082,
1791426986.465152,0.8030,0.7538,0.7538,0.6350,0.6350,0.7006,0.6350,0.8030,0.7538,0.2458,0.0737,0.7006,0.6350,0.1229,0.1557,0.0737,0.1229,0.5060,0.7030,0.7490,0.1970,0.0460,67.43,8.37,,136.9,0.708,0.082,
1791426986.498657,0.9054,0.7538,0.5695,0.6350,0.7006,0.7006,0.7006,0.8440,0.8030,0.3646,0.0942,0.7006,0.6350,0.1229,0.1229,0.2458,0.1557,0.5050,0.7035,0.7490,0.1985,0.0455,67.57,8.47,152.7,138.3,0.729,0.082,1.291
1791426986.5328045,0.8767,0.8030,0.8030,0.6350,0.7006,0.8767,0.7538,0.7006,0.5695,0.1966,0.0737,0.7006,0.6350,0.3646,0.2991,0.1557,0.2458,0.5050,0.6925,0.7460,0.1875,0.0535,66.56,8.73,153.2,137.9,0.785,0.085,
1791426986.5657675,0.7538,0.7006,0.7538,0.4998,0.7006,0.8030,0.7006,0.5695,0.6350,0.1229,0.1966,0.7538,0.7538,0.2458,0.2991,0.1557,0.2458,0.5040,0.6930,0.7490,0.1890,0.0560,65.86,9.08,151.7,138.0,0.759,0.087,
1791426986.598721,0.8030,0.7006,0.8767,0.5695,0.6350,0.7006,0.7006,0.7006,0.4998,0.1229,0.0942,0.6350,0.7006,0.0942,0.1557,0.2458,0.1966,0.5040,0.7045,0.7490,0.2005,0.0445,66.25,9.18,152.5,137.4,0.659,0.086,
1791426986.6381903,0.7538,0.7006,0.8030,0.7006,0.7006,0.7538,0.7006,0.7006,0.7538,0.2991,0.2458,0.7538,0.7006,0.0942,0.1229,0.1229,0.1557,0.5040,0.7040,0.7460,0.2000,0.0420,66.66,8.93,152.3,136.9,0.749,0.085,
1791426986.6707394,0.8440,0.6350,0.8030,0.6350,0.5695,0.7006,0.7006,0.5695,0.7006,0.2458,0.0574,0.7006,0.6350,0.1966,0.1557,0.1557,0.1966,0.5110,0.7030,0.7450,0.1920,0.0420,66.87,8.80,152.2,136.5,0.723,0.084,
1791426986.7011912,0.7538,0.7006,0.5695,0.7006,0.5695,0.8030,0.7006,0.4998,0.4998,0.1966,0.1966,0.7006,0.6350,0.1229,0.1557,0.1557,0.1557,0.5040,0.6960,0.7490,0.1920,0.0530,66.71,9.22,151.1,136.4,0.682,0.084,
1791426986.7337978,0.8440,0.5695,0.8440,0.5695,0.7006,0.7006,0.8030,0.8030,0.6350,0.1557,0.2991,0.6350,0.6350,0.0737,0.1966,0.2458,0.1557,0.5050,0.6945,0.7490,0.1895,0.0545,65.97,9.50,151.5,136.5,0.728,0.086,
1791426986.7650442,0.7538,0.8030,0.8440,0.6350,0.7006,0.7538,0.4998,0.7538,0.8030,0.4302,0.3646,0.7006,0.6350,0.1229,0.1966,0.1966,0.1229,0.5050,0.6910,0.7490,0.1860,0.0580,65.28,9.86,151.2,135.7,0.726,0.088,1.292
1791426986.799268,0.8767,0.7538,0.8440,0.5695,0.4998,0.7538,0.7006,0.5695,0.7538,0.3646,0.1557,0.6350,0.6350,0.2458,0.1557,0.1229,0.1557,0.5050,0.6940,0.7470,0.1890,0.0530,65.41,9.98,150.6,136.3,0.717,0.088,1.256
1791426986.8322134,0.8767,0.7538,0.7006,0.5695,0.3646,0.6350,0.5695,0.6350,0.5695,0.1229,0.2458,0.6350,0.6350,0.1229,0.1966,0.0737,0.1966,0.5100,0.7020,0.7480,0.1920,0.0460,65.69,9.86,151.5,137.0,0.698,0.087,
1791426986.8659215,0.7538,0.8030,0.8030,0.6350,0.7006,0.7538,0.6350,0.4302,0.6350,0.0942,0.1229,0.7006,0.6350,0.0737,0.1229,0.1557,0.1557,0.5040,0.6930,0.7470,0.1890,0.0540,65.55,9.90,151.4,136.9,0.761,0.087,
1791426986.899058,0.7006,0.7006,0.8440,0.6350,0.6350,0.6350,0.8030,0.5695,0.7006,0.1229,0.0737,0.7538,0.7006,0.4302,0.1966,0.1966,0.1557,0.5040,0.6990,0.7520,0.1950,0.0530,65.73,10.02,152.1,137.2,0.715,0.087,
1791426986.9390454,0.8440,0.8030,0.7538,0.7538,0.7538,0.8440,0.8030,0.7538,0.7538,0.1557,0.0942,0.7006,0.7006,0.1557,0.2458,0.1557,0.1966,0.5040,0.6950,0.7430,0.1910,0.0480,65.42,9.91,152.4,136.6,0.721,0.088,
1791426986.9710698,0.8030,0.7538,0.8440,0.4998,0.4302,0.7538,0.5695,0.7006,0.5695,0.1557,0.0737,0.7006,0.7006,0.0737,0.2991,0.1966,0.1966,0.5040,0.7040,0.7480,0.2000,0.0440,65.63,9.74,152.8,135.7,0.692,0.088,
1791426987.0033147,0.7006,0.8440,0.8440,0.5695,0.6350,0.7538,0.8767,0.7006,0.6350,0.2458,0.0942,0.6350,0.6350,0.1966,0.1557,0.1229,0.1557,0.5040,0.7030,0.7480,0.1990,0.0450,65.95,9.50,153.3,135.6,0.746,0.087,
1791426987.0335345,0.8030,0.8767,0.7538,0.5695,0.5695,0.7006,0.7538,0.7006,0.7006,0.1557,0.2991,0.7006,0.7006,0.0942,0.1557,0.1229,0.1229,0.5030,0.6955,0.7500,0.1925,0.0545,65.81,9.71,152.2,135.6,0.731,0.087,
1791426987.066094,0.8440,0.8767,0.7538,0.4998,0.8440,0.7006,0.7006,0.8030,0.7538,0.1557,0.3646,0.7538,0.6350,0.1966,0.1557,0.2458,0.1557,0.5040,0.7015,0.7480,0.1975,0.0465,66.28,9.51,152.4,134.8,0.755,0.086,1.372
1791426987.0998065,0.8030,0.8767,0.8030,0.6350,0.4998,0.6350,0.6350,0.6350,0.7006,0.1557,0.0737,0.8030,0.7538,0.0737,0.2458,0.1557,0.2458,0.5040,0.6960,0.7430,0.1920,0.0470,65.97,9.40,152.4,134.7,0.748,0.087,
1791426987.1323469,0.8030,0.6350,0.8767,0.5695,0.6350,0.7538,0.6350,0.7006,0.6350,0.1557,0.2458,0.7006,0.7538,0.1229,0.2458,0.1557,0.1557,0.5030,0.7035,0.7440,0.2005,0.0405,66.45,9.04,153.1,134.3,0.753,0.085,
1791426987.1664412,0.9054,0.8440,0.8030,0.5695,0.5695,0.7006,0.6350,0.6350,0.8030,0.1557,0.1557,0.6350,0.6350,0.1557,0.1966,0.1229,0.1557,0.5030,0.7030,0.7480,0.2000,0.0450,66.77,9.04,152.7,133.8,0.709,0.084,
1791426987.1988826,0.4998,0.8030,0.8030,0.6350,0.7006,0.7006,0.7538,0.4302,0.6350,0.1557,0.1966,0.7006,0.6350,0.1557,0.2458,0.1557,0.1557,0.5030,0.7020,0.7490,0.1990,0.0470,66.97,9.17,151.8,133.5,0.686,0.084,
1791426987.2314668,0.7538,0.8767,0.7006,0.6350,0.7006,0.6350,0.5695,0.6350,0.6350,0.1229,0.4302,0.7006,0.6350,0.1229,0.2991,0.1229,0.1557,0.5030,0.7025,0.7490,0.1995,0.0465,67.11,9.19,153.3,133.0,0.712,0.083,1.295
1791426987.272767,0.8030,0.8440,0.8030,0.4998,0.7538,0.7538,0.8030,0.5695,0.4998,0.1557,0.1557,0.6350,0.7006,0.1229,0.2458,0.1966,0.1966,0.5030,0.7025,0.7490,0.1995,0.0465,67.39,9.24,154.0,133.2,0.697,0.082,
1791426987.3034873,0.7538,0.7538,0.6350,0.6350,0.6350,0.8030,0.7006,0.8030,0.7538,0.0942,0.3646,0.6350,0.6350,0.0942,0.2458,0.0942,0.1557,0.5020,0.7015,0.7480,0.1995,0.0465,67.25,9.16,154.0,133.3,0.745,0.083,1.304
1791426987.3366926,0.7006,0.8767,0.8030,0.5695,0.6350,0.7538,0.6350,0.6350,0.6350,0.2458,0.1557,0.7006,0.6350,0.1229,0.1229,0.2458,0.1557,0.5020,0.7035,0.7490,0.2015,0.0455,67.31,9.11,,133.5,0.727,0.083,
1791426987.3659108,0.7538,0.8767,0.7538,0.6350,0.6350,0.7006,0.2991,0.6350,0.7006,0.1229,0.1557,0.7006,0.7006,0.1966,0.1557,0.2458,0.1966,0.5020,,0.7460,,,67.31,9.11,,133.5,,,
1791426987.3995235,0.4998,0.8767,0.8440,0.5695,0.4998,0.7538,0.7006,0.7538,0.6350,0.4302,0.2991,0.7006,0.7006,0.0737,0.2458,0.1966,0.1966,0.5020,0.7040,0.7470,0.2020,0.0430,67.27,8.98,154.9,133.1,0.724,0.084,1.302
1791426987.4335008,0.7006,0.4302,0.8030,0.7006,0.7006,0.5695,0.7006,0.6350,0.7538,0.1966,0.4302,0.7538,0.7006,0.0737,0.1557,0.1966,0.1557,0.5020,0.7040,0.7490,0.2020,0.0450,66.95,9.01,154.5,132.3,0.700,0.085,1.259
1791426987.4658864,0.8440,0.8767,0.8030,0.4998,0.5695,0.7538,0.7538,0.8030,0.5695,0.1966,0.3646,0.7006,0.6350,0.0942,0.3646,0.1557,0.1229,0.5040,0.7030,0.7510,0.1990,0.0480,67.27,9.18,154.0,133.4,0.688,0.084,1.301
1791426987.4993973,0.8030,0.8030,0.8030,0.7006,0.6350,0.7006,0.4998,0.7538,0.6350,0.4998,0.2991,0.7006,0.7006,0.1229,0.1557,0.1229,0.1229,0.5040,0.7040,0.7450,0.2000,0.0410,67.63,8.98,153.9,132.8,0.711,0.082,1.244
1791426987.5329647,0.7538,0.7538,0.8440,0.6350,0.4998,0.8030,0.8440,0.6350,0.6350,0.0942,0.0574,0.7006,0.7006,0.0942,0.2991,0.1557,0.1557,0.5020,0.7035,0.7480,0.2015,0.0445,68.31,8.96,151.4,133.1,0.715,0.080,
1791426987.573447,0.8440,0.7538,0.8767,0.6350,0.7006,0.8030,0.7538,0.7538,0.6350,0.1966,0.3646,0.7538,0.7006,0.0942,0.1557,0.1557,0.1557,0.5040,0.7030,0.7470,0.1990,0.0440,68.21,8.88,151.9,133.2,0.729,0.080,1.345
1791426987.6041932,0.8440,0.7006,0.8440,0.5695,0.7006,0.7538,0.6350,0.7006,0.7006,0.1229,0.2991,0.7006,0.6350,0.1557,0.1557,0.1557,0.1966,0.5020,0.6955,0.7490,0.1935,0.0535,67.84,9.11,152.1,133.4,0.760,0.081,
1791426987.6359575,0.9259,0.8030,0.8030,0.5695,0.6350,0.7006,0.7538,0.7006,0.8030,0.2458,0.1966,0.6350,0.6350,0.1557,0.1966,0.1557,0.1966,0.5130,0.6950,0.7540,0.1820,0.0590,67.04,9.58,151.5,133.6,0.729,0.083,
1791426987.667275,0.8030,0.8440,0.9054,0.4998,0.7538,0.7006,0.5695,0.7538,0.7538,0.1229,0.0942,0.7006,0.6350,0.0942,0.2991,0.1557,0.1966,0.5020,0.7020,0.7440,0.2000,0.0420,67.07,9.21,151.7,133.2,0.767,0.083,
1791426987.6992404,0.8030,0.6350,0.6350,0.6350,0.7538,0.7538,0.7006,0.7006,0.7538,0.0737,0.2991,0.7538,0.7006,0.1966,0.0942,0.1557,0.1557,0.5030,0.7040,0.7510,0.2010,0.0470,67.47,9.26,152.3,132.9,0.703,0.082,
1791426987.7329159,0.7538,0.8767,0.8440,0.4998,0.6350,0.8030,0.7006,0.7006,0.8440,0.1557,0.2458,0.7006,0.7006,0.1966,0.1966,0.1966,0.1966,0.5050,0.6940,0.7510,0.1890,0.0570,67.29,9.58,150.3,134.1,0.746,0.082,
1791426987.766774,0.9054,0.8030,0.8440,0.5695,0.5695,0.8030,0.7538,0.7006,0.7538,0.2458,0.2458,0.7006,0.6350,0.0737,0.1557,0.1966,0.1966,0.5040,0.7030,0.7530,0.1990,0.0500,67.33,9.58,151.0,134.0,0.740,0.082,
1791426987.8002448,0.7006,0.8030,0.8030,0.6350,0.5695,0.7006,0.7006,0.7006,0.7006,0.0942,0.0737,0.6350,0.7006,0.0942,0.3646,0.1557,0.0942,0.5020,0.7040,0.7450,0.2020,0.0410,67.86,9.20,151.1,134.0,0.758,0.080,
1791426987.833378,0.7006,0.7006,0.8440,0.6350,0.7538,0.7538,0.7538,0.5695,0.5695,0.0942,0.2458,0.7006,0.7538,0.3646,0.1966,0.1557,0.1229,0.5020,0.6950,0.7500,0.1930,0.0550,67.42,9.52,150.8,134.9,0.720,0.082,
1791426987.8743293,0.7538,0.7006,0.8767,0.6350,0.7006,0.8440,0.7006,0.8030,0.8440,0.1557,0.3646,0.7538,0.7006,0.1966,0.1966,0.1966,0.1966,0.5020,0.7030,0.7500,0.2010,0.0470,68.08,9.55,151.6,134.4,0.688,0.079,1.264
1791426987.9061644,0.7006,0.8440,0.8440,0.5695,0.6350,0.7538,0.7006,0.5695,0.4998,0.0942,0.0942,0.7538,0.7006,0.0574,0.1557,0.1557,0.0737,0.5020,0.7015,0.7460,0.1995,0.0445,67.49,9.48,152.2,134.2,0.687,0.082,
1791426987.938582,0.7538,0.5695,0.9054,0.4998,0.6350,0.8030,0.7538,0.6350,0.6350,0.1229,0.2458,0.8030,0.7538,0.0942,0.1229,0.1557,0.1557,0.5120,0.7035,0.7500,0.1915,0.0465,67.26,9.49,153.0,133.8,0.692,0.082,
1791426987.969963,0.6350,0.8030,0.8440,0.6350,0.7006,0.7538,0.7538,0.8440,0.7006,0.0942,0.2991,0.7538,0.6350,0.2458,0.1229,0.1966,0.1557,0.5040,0.7015,0.7500,0.1975,0.0485,67.35,9.60,152.6,133.1,0.684,0.082,
1791426988.0022247,0.8030,0.8767,0.8030,0.6350,0.6350,0.6350,0.7006,0.7538,0.4998,0.0737,0.1966,0.7006,0.7006,0.1557,0.1966,0.1229,0.1557,0.5030,0.6960,0.7500,0.1930,0.0540,67.50,9.89,152.4,133.6,0.690,0.081,
1791426988.0332398,0.7006,0.7006,0.7538,0.5695,0.7538,0.8030,0.7538,0.6350,0.8030,0.2458,0.0942,0.7006,0.7538,0.0942,0.1557,0.2458,0.1229,0.5030,0.6965,0.7470,0.1935,0.0505,67.55,9.90,,133.8,0.721,0.081,
1791426988.0678618,0.5695,0.8767,0.5695,0.6350,0.4998,0.7538,0.7006,0.7006,0.8030,0.0737,0.1557,0.7006,0.7006,0.1557,0.1557,0.1557,0.1966,0.5020,0.7015,0.7500,0.1995,0.0485,67.87,9.89,,134.1,0.698,0.080,
1791426988.099957,0.8767,0.7006,0.4998,0.4998,0.6350,0.7538,0.6350,0.7006,0.8030,0.1557,0.1966,0.6350,0.7006,0.1229,0.1229,0.1229,0.0942,0.5010,0.7025,0.7550,0.2015,0.0525,67.73,10.04,,134.0,0.699,0.081,
1791426988.1339421,0.7538,0.8030,0.7006,0.5695,0.6350,0.8030,0.7538,0.7006,0.4998,0.1229,0.0737,0.6350,0.8030,0.1966,0.2458,0.1557,0.1229,0.5010,0.6930,0.7580,0.1920,0.0650,67.20,10.49,,134.1,0.755,0.082,
1791426988.1678603,0.7538,0.8767,0.8030,0.6350,0.5695,0.6350,0.8030,0.8030,0.7538,0.1966,0.1557,0.7006,0.7006,0.2458,0.1557,0.1557,0.1966,0.5010,0.6940,0.7460,0.1930,0.0520,66.91,10.32,,133.7,0.763,0.083,
1791426988.2081416,0.5695,0.6350,0.4998,0.5695,0.5695,0.8030,0.7006,0.8030,0.7006,0.1966,0.3646,0.7538,0.7006,0.0942,0.0942,0.1557,0.1557,0.5020,0.7010,0.7500,0.1990,0.0490,67.23,10.30,,133.6,0.679,0.082,1.268
1791426988.2403336,0.8440,0.7006,0.8440,0.4998,0.6350,0.8030,0.7538,0.6350,0.5695,0.3646,0.0737,0.6350,0.7006,0.1229,0.2991,0.1557,0.1557,0.5030,0.6955,0.7500,0.1925,0.0545,67.23,10.44,149.1,133.1,0.699,0.082,1.301
1791426988.2713816,0.4998,0.8767,0.8767,0.7006,0.4998,0.8030,0.5695,0.6350,0.7006,0.3646,0.2991,0.5695,0.6350,0.1229,0.1229,0.1557,0.1557,0.5020,0.6950,0.7540,0.1930,0.0590,66.93,10.62,148.7,134.1,0.738,0.083,1.356
1791426988.303434,0.7538,0.8030,0.8440,0.6350,0.5695,0.7538,0.7538,0.4302,0.5695,0.2458,0.0942,0.7006,0.7006,0.0942,0.2991,0.2458,0.1557,0.5020,0.7010,0.7510,0.1990,0.0500,67.18,10.46,148.9,134.1,0.721,0.082,
1791426988.335103,0.8440,0.8767,0.8440,0.5695,0.5695,0.7538,0.5695,0.4302,0.7538,0.1557,0.2458,0.7006,0.5695,0.0737,0.1229,0.1966,0.1557,0.5010,0.7020,0.7490,0.2010,0.0470,67.28,10.24,150.5,133.9,0.714,0.082,
1791426988.3662255,0.9054,0.5695,0.8440,0.5695,0.4302,0.7006,0.7006,0.5695,0.5695,0.0942,0.0942,0.7006,0.7006,0.1229,0.1966,0.1966,0.1557,0.5020,0.7040,0.7510,0.2020,0.0470,67.33,10.13,150.3,133.2,0.689,0.083,
1791426988.4008996,0.8767,0.8767,0.7006,0.7006,0.4998,0.8030,0.8030,0.7006,0.5695,0.2458,0.3646,0.7538,0.7006,0.0942,0.1229,0.1557,0.1229,0.5020,0.6950,0.7490,0.1930,0.0540,67.40,10.15,151.6,133.7,0.748,0.082,1.317
1791426988.4353967,0.8030,0.5695,0.7538,0.5695,0.6350,0.7006,0.7006,0.5695,0.7538,0.1229,0.1229,0.7006,0.7006,0.2458,0.1966,0.1966,0.1966,0.5020,0.6950,0.7480,0.1930,0.0530,66.78,10.24,151.0,133.2,0.707,0.084,
1791426988.4678319,0.7006,0.6350,0.7538,0.5695,0.6350,0.7006,0.7538,0.6350,0.6350,0.1557,0.4302,0.7006,0.7538,0.1229,0.2458,0.1557,0.1966,0.5010,0.7030,0.7530,0.2020,0.0500,66.62,10.12,151.9,133.2,0.736,0.085,1.318
1791426988.5085366,0.8030,0.8030,0.8440,0.6350,0.6350,0.7538,0.7006,0.6350,0.6350,0.2458,0.0737,0.7538,0.7006,0.3646,0.1557,0.1557,0.2991,0.5020,0.6940,0.7480,0.1920,0.0540,66.59,10.10,152.2,133.6,0.763,0.085,
1791426988.540828,0.8030,0.9259,0.8767,0.4302,0.4998,0.6350,0.6350,0.6350,0.7538,0.2991,0.2458,0.6350,0.7006,0.0942,0.1966,0.1557,0.1966,0.5030,0.6965,0.7460,0.1935,0.0495,67.14,9.92,152.0,133.3,0.764,0.083,
1791426988.5719268,0.8030,0.8767,0.8030,0.6350,0.5695,0.8440,0.8030,0.6350,0.4998,0.1557,0.2458,0.7538,0.7006,0.2991,0.1229,0.1229,0.1557,0.5020,0.7035,0.7460,0.2015,0.0425,67.51,9.59,152.3,133.2,0.731,0.081,
1791426988.6034176,0.8440,0.7006,0.8440,0.4998,0.7006,0.8440,0.7538,0.6350,0.6350,0.1557,0.1966,0.7538,0.7006,0.1557,0.1229,0.1557,0.1229,0.5020,0.7020,0.7470,0.2000,0.0450,67.86,9.35,152.9,133.3,0.758,0.080,
1791426988.6353726,0.7538,0.8030,0.8030,0.6350,0.5695,0.6350,0.7538,0.6350,0.6350,0.2991,0.2991,0.7006,0.7006,0.1557,0.1229,0.1966,0.1229,0.5010,0.7040,0.7450,0.2030,0.0410,67.75,9.07,152.8,133.5,0.734,0.081,
1791426988.6670332,0.7006,0.8030,0.9054,0.6350,0.6350,0.7538,0.6350,0.7538,0.5695,0.0942,0.1229,0.6350,0.7006,0.0942,0.1229,0.1557,0.1229,0.5030,0.6945,0.7450,0.1915,0.0505,67.07,9.07,152.0,133.7,0.793,0.083,
1791426988.7014487,0.8440,0.8440,0.8440,0.6350,0.7006,0.7006,0.7538,0.7006,0.7538,0.4302,0.2458,0.6350,0.7006,0.0574,0.0942,0.1557,0.2458,0.5030,0.7025,0.7480,0.1995,0.0455,67.19,9.08,152.2,133.5,0.707,0.083,1.265
1791426988.7347372,0.8440,0.8440,0.8440,0.5695,0.5695,0.6350,0.7006,0.5695,0.5695,0.1229,0.2991,0.7006,0.7006,0.1229,0.1229,0.1557,0.1557,0.5030,0.6960,0.7500,0.1930,0.0540,67.21,9.33,152.4,133.8,0.743,0.083,
1791426988.767989,0.7006,0.7538,0.8440,0.4998,0.5695,0.8030,0.7006,0.5695,0.4998,0.2458,0.1966,0.6350,0.7538,0.2991,0.2458,0.1557,0.1557,0.5030,0.6940,0.7440,0.1910,0.0500,66.80,9.29,151.9,133.6,0.775,0.084,
1791426988.8016236,0.7538,0.7538,0.8440,0.5695,0.5695,0.7006,0.6350,0.6350,0.6350,0.1966,0.0574,0.7538,0.6350,0.0737,0.2458,0.1966,0.2458,0.5010,0.6995,0.7470,0.1985,0.0475,66.36,9.09,152.6,134.8,0.809,0.086,
1791426988.8427968,0.8030,0.8030,0.8440,0.5695,0.6350,0.6350,0.7538,0.5695,0.6350,0.1557,0.3646,0.7006,0.7538,0.0942,0.1557,0.1229,0.1557,0.5020,0.7020,0.7480,0.2000,0.0460,66.38,9.07,152.5,134.0,0.730,0.086,1.313
1791426988.873689,0.7538,0.8030,0.8030,0.6350,0.3646,0.7538,0.7538,0.7006,0.7006,0.1557,0.3646,0.7538,0.7006,0.0942,0.1966,0.1557,0.1557,0.5030,0.6955,0.7460,0.1925,0.0505,65.86,9.11,152.7,134.1,0.773,0.088,1.419
1791426988.9057171,0.6350,0.8030,0.8767,0.6350,0.6350,0.7538,0.6350,0.6350,0.7538,0.1966,0.1966,0.7538,0.7006,0.0942,0.1229,0.1229,0.1229,0.5030,0.6935,0.7480,0.1905,0.0545,65.19,9.22,152.9,132.2,0.800,0.090,
1791426988.9378204,0.8030,0.8030,0.8030,0.7006,0.6350,0.7538,0.7006,0.8030,0.6350,0.2991,0.2458,0.7538,0.7538,0.0942,0.1966,0.1557,0.1966,0.5010,0.7000,0.7490,0.1990,0.0490,65.89,9.19,152.4,132.8,0.768,0.088,
1791426988.9689643,0.8440,0.7538,0.7006,0.5695,0.4302,0.7538,0.7538,0.5695,0.7006,0.1966,0.2458,0.6350,0.8030,0.0942,0.0737,0.1557,0.2458,0.5040,0.7025,0.7500,0.1985,0.0475,66.22,9.32,152.7,132.8,0.682,0.087,
1791426989.0017834,0.6350,0.8440,0.7006,0.7006,0.7006,0.7006,0.7538,0.7006,0.6350,0.1557,0.2991,0.6350,0.7538,0.0942,0.0942,0.1557,0.1557,0.5030,0.7020,0.7500,0.1990,0.0480,66.30,9.34,153.1,132.6,0.721,0.086,
1791426989.035084,0.6350,0.7006,0.8440,0.6350,0.6350,0.7006,0.4998,0.7006,0.7006,0.2458,0.2991,0.7538,0.7006,0.0942,0.1557,0.1557,0.1557,0.5020,0.6950,0.7480,0.1930,0.0530,66.15,9.56,152.1,132.8,0.717,0.087,
1791426989.068425,0.8030,0.8767,0.8440,0.6350,0.5695,0.8440,0.6350,0.7006,0.7006,0.0942,0.1966,0.7538,0.7538,0.1966,0.1229,0.1557,0.0942,0.5030,0.7020,0.7480,0.1990,0.0460,65.92,9.48,152.6,132.4,0.715,0.088,
1791426989.1013923,0.3646,0.9054,0.7538,0.7006,0.5695,0.7006,0.6350,0.7538,0.7006,0.1557,0.0942,0.6350,0.7006,0.0737,0.1966,0.2991,0.1966,0.5030,0.6930,0.7450,0.1900,0.0520,65.41,9.58,152.6,132.6,0.740,0.089,
1791426989.1427133,0.3646,0.7538,0.8440,0.4998,0.4998,0.7006,0.7538,0.7538,0.6350,0.2458,0.1229,0.7538,0.7006,0.1229,0.2458,0.2991,0.1557,0.5030,0.6955,0.7500,0.1925,0.0545,65.80,9.84,152.3,133.1,0.703,0.088,
1791426989.1734526,0.7538,0.7538,0.7538,0.5695,0.5695,0.5695,0.7006,0.8030,0.7538,0.1229,0.0410,0.5695,0.6350,0.0737,0.0574,0.1557,0.1229,0.5030,0.7030,0.7470,0.2000,0.0440,65.86,9.52,152.1,133.2,0.758,0.088,
1791426989.2045991,0.7006,0.7006,0.8030,0.4998,0.7006,0.8030,0.7538,0.7006,0.7006,0.1557,0.0942,0.6350,0.7006,0.1557,0.1229,0.1557,0.1229,0.5030,0.7040,0.7540,0.2010,0.0500,66.08,9.69,152.5,133.2,0.677,0.087,
1791426989.236366,0.7538,0.6350,0.7006,0.5695,0.6350,0.8440,0.6350,0.5695,0.8030,0.2458,0.3646,0.7006,0.7006,0.0737,0.1229,0.1557,0.1557,0.5030,0.6925,0.7530,0.1895,0.0605,65.16,10.03,,132.8,0.755,0.090,1.454
1791426989.2684197,0.7006,0.6350,0.7538,0.5695,0.4998,0.8030,0.5695,0.6350,0.7538,0.1557,0.1966,0.7538,0.6350,0.1557,0.2458,0.1966,0.1966,0.5020,0.6970,0.7480,0.1950,0.0510,65.38,10.10,,132.3,0.696,0.089,
1791426989.301884,0.7006,0.8030,0.7538,0.5695,0.7538,0.7538,0.6350,0.7006,0.7538,0.1966,0.0942,0.7538,0.7538,0.1557,0.2458,0.2458,0.1966,0.5030,0.7005,0.7480,0.1975,0.0475,65.86,9.97,,132.1,0.713,0.088,
1791426989.3349252,0.8030,0.7538,0.7006,0.7538,0.5695,0.7538,0.7538,0.7538,0.4998,0.1229,0.1966,0.7006,0.7006,0.0942,0.1557,0.1557,0.1557,0.5030,0.6910,0.7480,0.1880,0.0570,65.54,10.04,,132.5,0.784,0.088,
1791426989.3688326,0.6350,0.5695,0.8440,0.5695,0.6350,0.8030,0.6350,0.7006,0.6350,0.4998,0.2458,0.7006,0.7538,0.0737,0.3646,0.1557,0.1229,0.5030,0.7030,0.7500,0.2000,0.0470,65.97,9.94,151.4,132.9,0.701,0.087,1.215
1791426989.4015803,0.7538,0.8440,0.8030,0.6350,0.6350,0.7538,0.7538,0.4998,0.5695,0.2991,0.1229,0.7006,0.7538,0.3646,0.2458,0.1966,0.2458,0.5020,0.7045,0.7510,0.2025,0.0465,66.14,9.83,151.9,133.4,0.705,0.087,
1791426989.4417706,0.7538,0.7006,0.7538,0.5695,0.5695,0.8440,0.7538,0.5695,0.8440,0.1557,0.0737,0.6350,0.8030,0.3646,0.1966,0.2458,0.2991,0.5030,0.7070,0.7550,0.2040,0.0480,66.51,10.00,152.5,133.6,0.631,0.086,
1791426989.4749537,0.7538,0.7538,0.7538,0.7006,0.7006,0.8440,0.7538,0.6350,0.7006,0.2458,0.2458,0.7006,0.7006,0.1229,0.1557,0.1557,0.1557,0.5020,0.7045,0.7470,0.2025,0.0425,66.85,9.73,153.2,133.5,0.700,0.085,
1791426989.505904,0.8440,0.8030,0.8030,0.6350,0.4998,0.7006,0.6350,0.7006,0.8030,0.0574,0.1966,0.7006,0.6350,0.0942,0.1966,0.1557,0.1557,0.5030,0.7025,0.7530,0.1995,0.0505,67.00,9.82,152.1,133.5,0.701,0.085,
1791426989.5369203,0.8030,0.9054,0.8030,0.5695,0.7006,0.8030,0.7538,0.5695,0.5695,0.2458,0.2991,0.7006,0.7006,0.0737,0.1557,0.1557,0.1229,0.5030,0.7055,0.7470,0.2025,0.0415,67.54,9.52,152.2,133.3,0.711,0.083,
1791426989.5694432,0.8440,0.9054,0.6350,0.7006,0.7006,0.5695,0.7538,0.6350,0.8030,0.2458,0.0942,0.7006,0.7538,0.0942,0.1966,0.1557,0.1966,0.5020,0.7025,0.7540,0.2005,0.0515,67.80,9.52,153.3,133.7,0.768,0.082,
1791426989.60247,0.7006,0.7538,0.8440,0.6350,0.7538,0.7006,0.7538,0.5695,0.5695,0.1229,0.0737,0.7006,0.6350,0.2458,0.1966,0.1557,0.1557,0.5020,0.6945,0.7460,0.1925,0.0515,67.22,9.52,153.1,133.6,0.767,0.083,
1791426989.636587,0.5695,0.8440,0.5695,0.5695,0.4998,0.6350,0.6350,0.6350,0.7538,0.3646,0.1557,0.7006,0.7538,0.0574,0.1557,0.2458,0.1966,0.5030,0.6950,0.7510,0.1920,0.0560,66.81,9.82,152.9,133.4,0.719,0.084,1.273
1791426989.6688912,0.6350,0.8440,0.8440,0.5695,0.7538,0.8440,0.7006,0.7006,0.6350,0.1229,0.1966,0.7006,0.7006,0.1966,0.1966,0.1229,0.1557,0.5020,0.7005,0.7560,0.1985,0.0555,67.04,9.96,153.9,133.2,0.746,0.084,
1791426989.7016928,0.4998,0.6350,0.7006,0.5695,0.4998,0.8030,0.5695,0.6350,0.7006,0.0737,0.1966,0.7006,0.7538,0.2458,0.1966,0.1229,0.1557,0.5020,0.6965,0.7470,0.1945,0.0505,66.76,9.81,152.5,132.5,0.777,0.085,
1791426989.7359743,0.7538,0.8030,0.6350,0.6350,0.6350,0.6350,0.7006,0.7538,0.4302,0.0942,0.2458,0.7006,0.7006,0.0737,0.0942,0.1966,0.1966,0.5100,0.7035,0.7510,0.1935,0.0475,66.48,9.69,152.6,132.1,0.731,0.085,
1791426989.7753296,0.8767,0.7538,0.6350,0.5695,0.4998,0.7538,0.7538,0.7006,0.7538,0.1229,0.4302,0.7538,0.7006,0.1229,0.1557,0.1557,0.2458,0.5020,0.7040,0.7480,0.2020,0.0440,66.78,9.48,153.4,132.3,0.727,0.085,1.300
1791426989.807846,0.4998,0.7006,0.9054,0.6350,0.5695,0.6350,0.5695,0.7006,0.7006,0.1229,0.2458,0.7006,0.7006,0.1557,0.1229,0.1229,0.1229,0.5030,0.6960,0.7470,0.1930,0.0510,66.39,9.38,153.5,133.1,0.804,0.086,
1791426989.8390613,0.8030,0.7538,0.5695,0.5695,0.7006,0.7538,0.7006,0.5695,0.6350,0.2991,0.1557,0.6350,0.7006,0.0737,0.2458,0.1966,0.1966,0.5020,0.6960,0.7440,0.1940,0.0480,65.94,9.32,153.7,133.5,0.749,0.088,
1791426989.8711398,0.7538,0.8440,0.7006,0.7006,0.4998,0.7538,0.7006,0.6350,0.6350,0.1557,0.1557,0.7538,0.7006,0.1557,0.2458,0.2991,0.1966,0.5020,0.7050,0.7490,0.2030,0.0440,66.30,9.15,153.7,133.4,0.738,0.087,
1791426989.9026399,0.8440,0.8030,0.7538,0.6350,0.5695,0.7006,0.8030,0.6350,0.6350,0.3646,0.4302,0.7006,0.7538,0.1229,0.1557,0.1229,0.1229,0.5020,0.7030,0.7450,0.2010,0.0420,66.08,8.85,154.4,133.5,0.780,0.088,1.387
1791426989.935754,0.8030,0.8440,0.7538,0.5695,0.5695,0.7538,0.8030,0.7538,0.5695,0.2458,0.1966,0.7538,0.6350,0.0942,0.1966,0.2458,0.1229,0.5030,0.6970,0.7490,0.1940,0.0520,66.04,9.14,154.2,133.2,0.709,0.088,
1791426989.9695241,0.7538,0.4302,0.8030,0.5695,0.6350,0.7006,0.7538,0.5695,0.6350,0.2458,0.0942,0.7538,0.7006,0.1229,0.1557,0.2991,0.1557,0.5020,0.7050,0.7480,0.2030,0.0430,66.15,9.01,154.8,132.9,0.723,0.088,
1791426990.002226,0.7006,0.8767,0.8440,0.6350,0.4998,0.5695,0.5695,0.6350,0.8030,0.4998,0.2991,0.7006,0.7006,0.0737,0.1557,0.1966,0.1966,0.5030,0.6945,0.7510,0.1915,0.0565,65.83,9.32,154.1,132.9,0.760,0.088,1.332
1791426990.0368693,0.8030,0.7538,0.8030,0.4998,0.7006,0.7538,0.8030,0.5695,0.7006,0.4302,0.1229,0.7006,0.7006,0.1557,0.2458,0.1557,0.1557,0.5020,0.7035,0.7510,0.2015,0.0475,65.89,9.34,154.4,131.4,0.717,0.089,1.324
1791426990.075713,0.6350,0.8030,0.8440,0.7006,0.6350,0.7538,0.7006,0.6350,0.6350,0.1966,0.0737,0.7006,0.7006,0.0942,0.1557,0.2458,0.1557,0.5020,0.7030,0.7520,0.2010,0.0490,66.09,9.34,153.9,131.4,0.744,0.088,
1791426990.1071348,0.7538,0.6350,0.8767,0.6350,0.5695,0.5695,0.5695,0.7006,0.6350,0.4302,0.2458,0.7006,0.7006,0.1229,0.1557,0.1557,0.1229,0.5020,0.6950,0.7480,0.1930,0.0530,65.82,9.39,153.1,132.5,0.786,0.089,1.370
1791426990.1399732,0.7538,0.7538,0.8030,0.6350,0.4998,0.6350,0.7538,0.7006,0.6350,0.1229,0.4302,0.8030,0.7538,0.1966,0.1557,0.1966,0.1229,0.5020,0.7050,0.7450,0.2030,0.0400,65.90,9.06,153.0,132.1,0.738,0.089,1.305
1791426990.171758,0.6350,0.8030,0.7006,0.4998,0.7538,0.7538,0.5695,0.7006,0.8440,0.3646,0.1966,0.7538,0.7006,0.1966,0.1966,0.1557,0.1966,0.5030,0.7025,0.7490,0.1995,0.0465,65.85,8.98,154.2,131.9,0.763,0.089,1.286
1791426990.2039611,0.7538,0.8440,0.7538,0.6350,0.6350,0.7006,0.7006,0.7538,0.7006,0.1966,0.2458,0.7006,0.7538,0.1229,0.1557,0.1557,0.1229,0.5030,0.7030,0.7480,0.2000,0.0450,65.87,8.93,154.4,131.8,0.733,0.089,
1791426990.2355845,0.8030,0.7006,0.8440,0.5695,0.5695,0.7538,0.5695,0.6350,0.6350,0.1557,0.3646,0.7006,0.7538,0.0737,0.1557,0.1557,0.1557,0.5100,0.7030,0.7470,0.1930,0.0440,65.44,8.83,154.9,132.1,0.744,0.090,1.359
1791426990.2700284,0.6350,0.6350,0.7538,0.5695,0.6350,0.6350,0.7006,0.4998,0.7006,0.4302,0.1966,0.6350,0.6350,0.0737,0.2458,0.1557,0.1966,0.5040,0.7050,0.7510,0.2010,0.0460,65.76,8.96,154.4,131.4,0.682,0.089,1.203
1791426990.3036022,0.6350,0.8030,0.8030,0.7006,0.6350,0.7006,0.7538,0.6350,0.8440,0.2458,0.1557,0.7538,0.7006,0.1557,0.0942,0.1557,0.1966,0.5020,0.6925,0.7500,0.1905,0.0575,65.09,9.34,154.5,132.0,0.756,0.091,
1791426990.3374534,0.8440,0.8767,0.5695,0.5695,0.5695,0.8030,0.8030,0.7538,0.6350,0.2991,0.1557,0.7006,0.7006,0.1229,0.1966,0.1966,0.1966,0.5030,0.7030,0.7490,0.2000,0.0460,65.37,9.18,154.8,132.2,0.763,0.091,
1791426990.3769188,0.7006,0.8440,0.8767,0.4998,0.7006,0.7006,0.7538,0.5695,0.7006,0.1557,0.2991,0.7006,0.7538,0.2458,0.1966,0.2991,0.1966,0.5030,0.7085,0.7490,0.2055,0.0405,65.80,9.07,154.7,132.8,0.673,0.089,
1791426990.4088178,0.7538,0.8440,0.7006,0.6350,0.4998,0.7006,0.2991,0.7006,0.7006,0.4998,0.1966,0.7006,0.6350,0.0942,0.1557,0.1966,0.1557,0.5020,,0.7470,,,65.80,9.07,154.7,132.8,,,
1791426990.4405217,0.7538,0.7006,0.8440,0.7006,0.6350,0.8440,0.7538,0.7006,0.7006,0.1557,0.2991,0.8440,0.7006,0.0737,0.2458,0.1557,0.1966,0.5030,0.7090,0.7470,0.2060,0.0380,66.74,8.72,155.5,132.4,0.736,0.086,
1791426990.471261,0.8030,0.8030,0.6350,0.6350,0.4998,0.7006,0.7538,0.7006,0.6350,0.3646,0.1229,0.5695,0.6350,0.3646,0.2991,0.1966,0.1557,0.5030,0.7045,0.7470,0.2015,0.0425,66.52,8.65,155.0,132.1,0.723,0.087,1.263
1791426990.5029674,0.7006,0.8767,0.8030,0.7538,0.4998,0.7006,0.7006,0.8030,0.6350,0.1557,0.1557,0.7538,0.8030,0.1557,0.1966,0.1557,0.1557,0.5030,0.7040,0.7480,0.2010,0.0440,66.81,8.71,155.2,132.0,0.697,0.086,
1791426990.5360534,0.8440,0.8440,0.8767,0.5695,0.5695,0.7006,0.8030,0.6350,0.5695,0.1966,0.0942,0.6350,0.7006,0.1966,0.1966,0.1966,0.2458,0.5020,0.7030,0.7510,0.2010,0.0480,67.22,8.88,155.6,131.0,0.713,0.084,
1791426990.5712855,0.4302,0.8440,0.8030,0.6350,0.4302,0.7006,0.7006,0.5695,0.5695,0.2991,0.2458,0.7538,0.7006,0.0737,0.1966,0.1557,0.1557,0.5060,0.7020,0.7530,0.1960,0.0510,67.48,9.07,155.3,131.5,0.738,0.083,
1791426990.6033397,0.7006,0.7538,0.8030,0.4998,0.6350,0.5695,0.7538,0.7538,0.7538,0.2458,0.1229,0.6350,0.7006,0.0737,0.0942,0.1966,0.1966,0.5120,0.6955,0.7480,0.1835,0.0525,66.92,9.21,154.4,132.1,0.764,0.084,
1791426990.6356213,0.8440,0.7538,0.8767,0.7006,0.6350,0.7538,0.7006,0.6350,0.5695,0.1557,0.2458,0.7006,0.7006,0.2458,0.1557,0.1557,0.1966,0.5020,0.7025,0.7480,0.2005,0.0455,66.68,9.11,154.8,133.6,0.743,0.085,
1791426990.676719,0.7538,0.7006,0.9259,0.5695,0.4998,0.5695,0.7538,0.7006,0.6350,0.0942,0.1229,0.7006,0.7538,0.0942,0.1557,0.1557,0.1229,0.5030,0.6990,0.7480,0.1960,0.0490,66.78,8.98,154.0,133.7,0.819,0.085,
1791426990.7087734,0.5695,0.8440,0.8030,0.7006,0.7538,0.7538,0.7538,0.7538,0.5695,0.1557,0.4302,0.6350,0.7006,0.0942,0.1966,0.2458,0.2458,0.5020,0.6960,0.7530,0.1940,0.0570,66.63,9.44,153.8,134.2,0.707,0.085,1.342
1791426990.7395315,0.7538,0.7006,0.7538,0.6350,0.5695,0.8030,0.8030,0.6350,0.5695,0.3646,0.4302,0.7006,0.7006,0.1229,0.2991,0.1229,0.1229,0.5030,0.7020,0.7510,0.1990,0.0490,66.64,9.44,154.1,133.9,0.736,0.085,1.316
1791426990.7699356,0.8440,0.8440,0.8030,0.6350,0.4998,0.7538,0.3646,0.8030,0.4998,0.4302,0.1557,0.7006,0.7538,0.0942,0.1229,0.1966,0.2458,0.5020,0.6920,0.7440,0.1900,0.0520,65.84,9.48,153.5,133.9,0.766,0.088,1.302
1791426990.803023,0.7538,0.8030,0.9054,0.5695,0.5695,0.8030,0.7538,0.7538,0.8030,0.1966,0.2458,0.7006,0.6350,0.1229,0.1557,0.1966,0.1229,0.5030,0.7005,0.7510,0.1975,0.0505,66.01,9.53,153.9,133.5,0.737,0.087,
1791426990.836755,0.4998,0.8767,0.8030,0.6350,0.6350,0.7538,0.8030,0.7006,0.5695,0.1229,0.2991,0.6350,0.7006,0.0737,0.1557,0.1557,0.1229,0.5030,0.7030,0.7490,0.2000,0.0460,66.28,9.44,154.5,132.9,0.719,0.086,
1791426990.8703992,0.7538,0.8767,0.8440,0.6350,0.6350,0.7006,0.7006,0.5695,0.6350,0.1229,0.2458,0.7006,0.7538,0.0942,0.0942,0.1966,0.2458,0.5030,0.7000,0.7490,0.1970,0.0490,66.96,9.36,154.4,133.3,0.768,0.084,
1791426990.9036279,0.7006,0.9423,0.7538,0.6350,0.7538,0.8030,0.7006,0.5695,0.6350,0.0942,0.0574,0.7006,0.7006,0.0942,0.2458,0.1557,0.1966,0.5020,0.7010,0.7500,0.1990,0.0490,66.97,9.38,154.7,133.5,0.737,0.084,
1791426990.9375074,0.7538,0.6350,0.8030,0.4998,0.4998,0.7006,0.7006,0.6350,0.7006,0.2458,0.2458,0.6350,0.7006,0.0942,0.1229,0.1557,0.1557,0.5020,0.6930,0.7500,0.1910,0.0570,66.43,9.62,154.8,133.3,0.765,0.086,
1791426990.976887,0.8030,0.8030,0.9054,0.6350,0.5695,0.7538,0.6350,0.7006,0.8030,0.2991,0.0410,0.7006,0.7538,0.1229,0.1966,0.1229,0.1229,0.5030,0.6995,0.7500,0.1965,0.0505,66.74,9.79,154.8,133.0,0.677,0.084,
1791426991.0080357,0.6350,0.7538,0.8767,0.6350,0.6350,0.7006,0.6350,0.5695,0.7538,0.1229,0.0574,0.7538,0.7006,0.1557,0.1229,0.1557,0.0942,0.5020,0.6925,0.7490,0.1905,0.0565,66.27,9.89,153.1,133.2,0.781,0.086,
1791426991.0408237,0.7006,0.7006,0.8440,0.7006,0.5695,0.7006,0.7006,0.7006,0.4998,0.1557,0.2991,0.7538,0.7006,0.1229,0.1229,0.1966,0.1557,0.5030,0.6995,0.7470,0.1965,0.0475,66.33,9.78,153.6,132.6,0.724,0.086,
1791426991.0730834,0.7006,0.8440,0.4302,0.5695,0.5695,0.8440,0.7538,0.7006,0.7538,0.1966,0.0942,0.6350,0.7006,0.0737,0.1557,0.1966,0.1557,0.5020,0.6940,0.7440,0.1920,0.0500,66.36,9.62,153.8,132.6,0.788,0.085,
1791426991.1042657,0.8440,0.9054,0.7538,0.6350,0.6350,0.7538,0.8030,0.5695,0.7006,0.1966,0.1557,0.7538,0.7006,0.0942,0.1966,0.1966,0.1966,0.5020,0.7000,0.7490,0.1980,0.0490,66.23,9.60,154.6,132.7,0.729,0.086,
1791426991.1366808,0.8440,0.8030,0.6350,0.5695,0.4998,0.8030,0.5695,0.4998,0.7006,0.4302,0.3646,0.7538,0.4998,0.0942,0.1229,0.2458,0.1966,0.5020,0.6955,,0.1935,,66.07,9.81,153.9,132.7,0.699,0.087,1.250
1791426991.1701934,0.7538,0.8767,0.8030,0.7006,0.6350,0.7006,0.8440,0.4302,0.8030,0.1966,0.1557,0.7006,0.6350,0.0942,0.1557,0.1557,0.1557,0.5020,0.7010,0.7510,0.1990,0.0500,65.65,9.79,153.5,131.8,0.730,0.089,
1791426991.203552,0.8030,0.8030,0.6350,0.6350,0.5695,0.7538,0.7006,0.6350,0.5695,0.1557,0.2458,0.7006,0.7538,0.0737,0.1966,0.1966,0.1557,0.5100,0.7005,0.7470,0.1905,0.0465,65.82,9.60,153.7,131.6,0.745,0.087,
1791426991.2379408,0.8030,0.9054,0.7006,0.5695,0.7006,0.6350,0.6350,0.4998,0.7538,0.4302,0.1966,0.7006,0.7006,0.0737,0.1557,0.2458,0.1966,0.5020,0.6925,0.7490,0.1905,0.0565,65.51,9.82,153.5,132.0,0.750,0.088,1.292
1791426991.2778702,0.4302,0.8767,0.7006,0.6350,0.6350,0.8030,0.7538,0.4302,0.6350,0.4302,0.4998,0.7538,0.7538,0.1557,0.2458,0.2458,0.1966,0.5030,0.6925,0.7480,0.1895,0.0555,64.89,10.08,153.9,132.1,0.704,0.090,1.239
1791426991.3095841,0.6350,0.5695,0.8030,0.6350,0.7006,0.7538,0.6350,0.5695,0.7538,0.2458,0.2991,0.7006,0.7538,0.0942,0.1229,0.1966,0.1557,0.5030,0.7025,0.7480,0.1995,0.0455,65.27,9.92,153.3,133.3,0.700,0.089,
1791426991.341084,0.7006,0.7006,0.7538,0.6350,0.4998,0.7006,0.7538,0.7006,0.6350,0.1966,0.3646,0.7006,0.7538,0.0737,0.2458,0.1557,0.1966,0.5020,0.6990,0.7460,0.1970,0.0470,65.50,9.73,154.3,133.2,0.741,0.089,1.304
1791426991.3733048,0.6350,0.7538,0.8030,0.5695,0.4302,0.7538,0.7006,0.6350,0.5695,0.1557,0.2991,0.7538,0.7006,0.0942,0.1557,0.1966,0.2458,0.5120,0.7015,0.7490,0.1895,0.0475,65.53,9.63,155.4,132.6,0.732,0.088,
1791426991.404758,0.7538,0.6350,0.8767,0.6350,0.4302,0.8030,0.7006,0.7006,0.7538,0.2458,0.2991,0.7006,0.6350,0.0942,0.1966,0.1557,0.1557,0.5030,0.7005,0.7480,0.1975,0.0475,65.81,9.51,154.8,132.9,0.748,0.087,
1791426991.437722,0.6350,0.8440,0.7006,0.4998,0.6350,0.7538,0.7006,0.6350,0.4998,0.4998,0.1229,0.7006,0.7006,0.1229,0.1557,0.1557,0.0942,0.5020,0.7005,0.7430,0.1985,0.0425,65.89,9.20,154.4,132.5,0.757,0.087,1.304
1791426991.4716938,0.6350,0.8030,0.6350,0.6350,0.7006,0.7538,0.7006,0.4998,0.7006,0.3646,0.1229,0.7538,0.6350,0.1557,0.1966,0.1557,0.1557,0.5050,0.6920,0.7460,0.1870,0.0540,65.99,9.33,153.6,132.8,0.778,0.086,1.307
1791426991.5044403,0.7538,0.8440,0.7006,0.6350,0.7538,0.7538,0.6350,0.5695,0.7538,0.0942,0.2991,0.7006,0.7006,0.1229,0.1229,0.1557,0.1229,0.5030,0.6930,0.7450,0.1900,0.0520,65.59,9.32,152.3,133.4,0.798,0.088,
1791426991.5375912,0.7006,0.7006,0.7006,0.6350,0.4998,0.8030,0.6350,0.7006,0.6350,0.2458,0.2458,0.7538,0.7538,0.0942,0.1557,0.1557,0.1557,0.5020,0.6945,0.7490,0.1925,0.0545,65.21,9.54,152.2,132.9,0.738,0.089,
1791426991.5775518,0.7538,0.7006,0.7538,0.7006,0.5695,0.6350,0.6350,0.8030,0.5695,0.1966,0.2458,0.7538,0.7006,0.1229,0.1557,0.1229,0.1557,0.5020,0.7050,0.7500,0.2030,0.0450,65.84,9.53,152.7,133.1,0.672,0.087,
1791426991.6099021,0.6350,0.6350,0.7538,0.4998,0.5695,0.8030,0.7538,0.7538,0.6350,0.1229,0.2458,0.8030,0.7006,0.1557,0.1229,0.1557,0.1557,0.5020,0.6995,0.7480,0.1975,0.0485,65.99,9.58,151.7,132.4,0.702,0.087,
1791426991.6409967,0.8030,0.8440,0.8030,0.5695,0.7006,0.5695,0.8030,0.6350,0.7006,0.3646,0.1557,0.7538,0.6350,0.1557,0.1557,0.1557,0.1557,0.5040,0.7125,0.7440,0.2085,0.0315,66.52,8.93,152.4,133.2,0.719,0.086,1.219
1791426991.6735632,0.5695,0.8440,0.7538,0.4998,0.4998,0.8030,0.5695,0.8030,0.4998,0.4302,0.1229,0.8030,0.7006,0.0942,0.1966,0.1966,0.1229,0.5020,0.7025,0.7490,0.2005,0.0465,66.56,9.07,152.6,133.4,0.681,0.086,1.238
1791426991.7050338,0.7006,0.7006,0.7006,0.7006,0.5695,0.8440,0.8440,0.7538,0.8030,0.2458,0.0942,0.7538,0.7006,0.0942,0.1966,0.1966,0.1557,0.5040,0.6975,0.7500,0.1935,0.0525,66.52,9.37,152.5,133.2,0.701,0.086,
1791426991.7373445,0.8767,0.7538,0.7006,0.5695,0.7006,0.8030,0.8440,0.4302,0.4998,0.3646,0.0942,0.5695,0.7006,0.0942,0.2458,0.1557,0.1557,0.5020,0.7020,0.7440,0.2000,0.0420,66.42,9.22,153.5,133.3,0.694,0.086,1.261
1791426991.772587,0.8030,0.6350,0.8030,0.7006,0.5695,0.8030,0.7538,0.7538,0.7538,0.1557,0.0942,0.7006,0.7006,0.0737,0.1966,0.2458,0.1966,0.5020,0.6925,0.7460,0.1905,0.0535,65.88,9.47,152.8,132.7,0.725,0.088,
1791426991.805046,0.7006,0.7538,0.7006,0.7538,0.6350,0.7538,0.7006,0.7006,0.4998,0.4302,0.2458,0.7006,0.6350,0.1229,0.1966,0.2458,0.1966,0.5030,0.6905,0.7480,0.1875,0.0575,65.05,9.68,152.3,132.8,0.780,0.091,1.381
1791426991.838096,0.6350,0.8030,0.7538,0.6350,0.6350,0.7006,0.6350,0.6350,0.4998,0.1557,0.3646,0.7006,0.7006,0.0942,0.2458,0.1966,0.1966,0.5030,0.7025,0.7470,0.1995,0.0445,64.90,9.53,153.4,133.3,0.711,0.092,1.337
1791426991.877767,0.8030,0.8030,0.5695,0.6350,0.7006,0.7006,0.7538,0.7006,0.8030,0.2458,0.2991,0.8030,0.6350,0.1229,0.2458,0.2458,0.1966,0.5030,0.7015,0.7470,0.1985,0.0455,65.17,9.33,153.9,132.6,0.756,0.091,
1791426991.9092143,0.8030,0.7538,0.8030,0.5695,0.4998,0.7538,0.7006,0.4302,0.7538,0.2458,0.2458,0.7006,0.7006,0.3646,0.1966,0.1966,0.1966,0.5030,0.6955,0.7490,0.1925,0.0535,65.42,9.51,153.1,132.5,0.740,0.089,
1791426991.9424267,0.5695,0.7006,0.4998,0.6350,0.4302,0.7538,0.8030,0.7006,0.7538,0.1966,0.3646,0.6350,0.7006,0.0574,0.1557,0.1557,0.1557,0.5030,0.6930,0.7490,0.1900,0.0560,65.35,9.68,152.0,132.9,0.770,0.089,1.427
1791426991.9724655,0.8030,0.8030,0.5695,0.5695,0.5695,0.8030,0.7538,0.6350,0.5695,0.2991,0.1557,0.7006,0.7006,0.0737,0.1229,0.1966,0.1966,0.5020,0.7030,0.7460,0.2010,0.0430,65.06,9.37,153.4,133.0,0.750,0.091,
1791426992.004459,0.8767,0.7538,0.7538,0.5695,0.6350,0.7538,0.6350,0.7538,0.8030,0.2991,0.2991,0.7006,0.6350,0.0942,0.1966,0.1557,0.1966,0.5020,0.6905,0.7480,0.1885,0.0575,64.48,9.65,151.9,133.4,0.760,0.093,
1791426992.0392566,0.7006,0.8767,0.7006,0.6350,0.7538,0.6350,0.7538,0.7006,0.7006,0.1557,0.3646,0.7538,0.7006,0.0942,0.1966,0.2458,0.1966,0.5020,0.6995,0.7470,0.1975,0.0475,64.78,9.58,151.5,133.6,0.723,0.092,1.266
1791426992.071557,0.8030,0.8440,0.8767,0.5695,0.6350,0.7538,0.7538,0.7538,0.4998,0.1966,0.0942,0.6350,0.7006,0.0942,0.0942,0.2458,0.1229,0.5020,0.7010,0.7520,0.1990,0.0510,65.24,9.72,151.4,133.4,0.704,0.090,
1791426992.105073,0.7006,0.8440,0.6350,0.5695,0.7006,0.8030,0.6350,0.7006,0.7538,0.3646,0.1557,0.7538,0.7538,0.0574,0.2991,0.1966,0.1557,0.5020,0.7015,0.7480,0.1995,0.0465,65.14,9.60,152.0,132.7,0.725,0.091,1.332
1791426992.1377356,0.8030,0.9054,0.8767,0.5695,0.4998,0.8030,0.7538,0.6350,0.6350,0.3646,0.1557,0.7538,0.7006,0.0737,0.1966,0.2991,0.2458,0.5020,0.7005,0.7440,0.1985,0.0435,65.37,9.42,152.5,132.4,0.711,0.090,1.205
1791426992.1716204,0.7538,0.7538,0.8030,0.5695,0.7006,0.6350,0.8440,0.6350,0.6350,0.4302,0.4302,0.6350,0.6350,0.1229,0.1557,0.1966,0.0942,0.5020,0.6950,0.7500,0.1930,0.0550,65.13,9.63,152.5,132.2,0.746,0.091,1.293
1791426992.2124617,0.7538,0.7538,0.7538,0.7538,0.7006,0.8030,0.7538,0.6350,0.7538,0.2458,0.4302,0.7538,0.6350,0.1229,0.2458,0.2458,0.1557,0.5020,0.6990,0.7500,0.1970,0.0510,65.37,9.60,152.5,132.3,0.764,0.090,1.373
1791426992.2426953,0.8440,0.6350,0.6350,0.7006,0.6350,0.8030,0.8767,0.7006,0.6350,0.4302,0.2991,0.7006,0.6350,0.0942,0.1966,0.1966,0.1966,0.5020,0.6950,0.7480,0.1930,0.0530,65.05,9.67,151.9,132.3,0.754,0.091,1.321
1791426992.275384,0.9054,0.7006,0.7538,0.5695,0.5695,0.8440,0.6350,0.8030,0.8030,0.1966,0.1966,0.7006,0.7538,0.1229,0.1557,0.1966,0.1966,0.5020,0.7010,0.7480,0.1990,0.0470,64.75,9.56,152.0,132.2,0.733,0.093,
1791426992.305845,0.6350,0.8030,0.7006,0.6350,0.5695,0.8440,0.7538,0.6350,0.6350,0.2458,0.1229,0.6350,0.7006,0.0942,0.2458,0.1966,0.2458,0.5040,0.7010,0.7510,0.1970,0.0500,65.10,9.71,152.4,132.1,0.684,0.091,
1791426992.3391132,0.7006,0.7538,0.7538,0.6350,0.5695,0.8030,0.6350,0.7006,0.8030,0.0737,0.2458,0.7006,0.7538,0.1966,0.1966,0.1557,0.1557,0.5030,0.6965,0.7480,0.1935,0.0515,65.25,9.81,152.4,132.2,0.713,0.090,
1791426992.3720043,0.8440,0.5695,0.8767,0.6350,0.7006,0.7006,0.5695,0.6350,0.4998,0.1229,0.0942,0.6350,0.6350,0.0574,0.2991,0.2458,0.2458,0.5110,0.7100,0.7520,0.1990,0.0420,66.18,9.71,153.4,132.7,0.645,0.087,
1791426992.405177,0.7538,0.8767,0.8030,0.6350,0.6350,0.6350,0.5695,0.7006,0.5695,0.2991,0.2991,0.7538,0.7006,0.0942,0.0942,0.1229,0.0942,0.5020,0.7030,0.7470,0.2010,0.0440,65.99,9.52,154.6,132.6,0.715,0.088,
1791426992.439155,0.8440,0.8030,0.8440,0.7006,0.8030,0.7006,0.7538,0.7006,0.7006,0.0942,0.2458,0.7006,0.7006,0.1557,0.1966,0.1966,0.1966,0.5030,0.7000,0.7510,0.1970,0.0510,66.31,9.74,154.1,132.2,0.676,0.087,
1791426992.4816177,0.7538,0.8030,0.8030,0.7006,0.6350,0.7538,0.7006,0.5695,0.5695,0.1966,0.1966,0.5695,0.7006,0.1229,0.1966,0.1557,0.1229,0.5040,0.7035,0.7440,0.1995,0.0405,66.73,9.36,155.0,132.7,0.729,0.085,
1791426992.5141487,0.6350,0.5695,0.8767,0.6350,0.5695,0.7538,0.6350,0.6350,0.6350,0.3646,0.0410,0.7006,0.7006,0.0942,0.1557,0.1966,0.1557,0.5040,0.6950,0.7510,0.1910,0.0560,66.52,9.80,154.1,132.7,0.683,0.085,1.223
1791426992.5441308,0.5695,0.7006,0.6350,0.5695,0.5695,0.7538,0.7006,0.7538,0.6350,0.1557,0.4302,0.7006,0.7006,0.0737,0.1229,0.1557,0.1557,0.5030,0.6960,0.7460,0.1930,0.0500,66.23,9.67,154.2,132.7,0.772,0.086,1.367
1791426992.576243,0.8767,0.8440,0.8767,0.6350,0.6350,0.7538,0.8030,0.6350,0.4998,0.1229,0.1557,0.7006,0.7006,0.3646,0.1557,0.1966,0.1966,0.5040,0.6950,0.7520,0.1910,0.0570,65.97,10.08,153.9,133.1,0.683,0.087,
1791426992.6073458,0.8030,0.7538,0.8030,0.7006,0.6350,0.7006,0.4302,0.6350,0.5695,0.0737,0.0942,0.4302,0.5695,0.0942,0.1966,0.1229,0.1557,0.5040,0.7015,,0.1975,,66.31,10.09,154.9,132.7,0.662,0.086,
1791426992.6395917,0.7538,0.7538,0.8440,0.7006,0.7006,0.7006,0.7006,0.6350,0.7006,0.1966,0.1966,0.7006,0.7006,0.1229,0.0942,0.1557,0.1557,0.5040,0.7015,0.7430,0.1975,0.0415,66.40,9.68,154.7,133.0,0.730,0.086,
1791426992.672941,0.7006,0.7538,0.7006,0.7538,0.7006,0.7538,0.7006,0.5695,0.7538,0.1966,0.1229,0.7006,0.7006,0.1557,0.2991,0.2458,0.0942,0.5030,0.6955,0.7540,0.1925,0.0585,66.30,10.05,154.0,133.6,0.721,0.086,
1791426992.7064474,0.7538,0.7538,0.9054,0.6350,0.4998,0.8030,0.5695,0.5695,0.4998,0.0942,0.1229,0.5695,0.7006,0.0737,0.1557,0.1557,0.1229,0.5040,0.7015,0.7520,0.1975,0.0505,66.43,10.15,154.0,133.4,0.676,0.085,
1791426992.739111,0.8030,0.5695,0.8030,0.7006,0.5695,0.7006,0.6350,0.7538,0.6350,0.1966,0.0737,0.7006,0.7006,0.1229,0.2458,0.1557,0.1557,0.5030,0.6970,0.7500,0.1940,0.0530,66.54,10.17,153.1,133.8,0.732,0.085,
1791426992.7721596,0.8030,0.7538,0.7538,0.7006,0.5695,0.6350,0.7538,0.5695,0.5695,0.1229,0.1557,0.6350,0.7538,0.0942,0.1557,0.3646,0.1966,0.5020,0.6970,0.7530,0.1950,0.0560,66.17,10.36,154.1,133.3,0.712,0.086,
1791426992.8135657,0.8030,0.7006,0.7006,0.5695,0.5695,0.7538,0.8440,0.6350,0.7006,0.1557,0.1966,0.7006,0.7006,0.1229,0.1966,0.1966,0.1966,0.5050,0.7070,0.7520,0.2020,0.0450,67.30,10.26,153.2,133.6,0.651,0.082,
1791426992.8456988,0.7006,0.9054,0.4998,0.4998,0.5695,0.8030,0.6350,0.8440,0.6350,0.6350,0.1557,0.7538,0.7538,0.1557,0.1966,0.1557,0.1966,0.5040,0.6955,0.7440,0.1915,0.0485,67.32,10.05,152.2,133.5,0.745,0.082,1.318
1791426992.876355,0.7538,0.6350,0.6350,0.6350,0.4998,0.8767,0.8030,0.6350,0.6350,0.5695,0.1966,0.6350,0.6350,0.0942,0.0942,0.1966,0.1229,0.5040,0.7010,0.7550,0.1970,0.0540,67.96,10.16,152.2,133.9,0.719,0.079,1.288
1791426992.908882,0.8440,0.4998,0.5695,0.7538,0.5695,0.7538,0.6350,0.5695,0.8030,0.2991,0.2458,0.7538,0.7538,0.2991,0.0737,0.1966,0.1229,0.5030,0.7030,0.7520,0.2000,0.0490,68.02,10.07,153.6,133.7,0.718,0.079,
1791426992.9399278,0.8030,0.7538,0.4302,0.6350,0.6350,0.8030,0.7006,0.4302,0.7006,0.1966,0.1966,0.6350,0.6350,0.1557,0.1229,0.1557,0.1557,0.5030,0.6950,0.7550,0.1920,0.0600,67.85,10.43,153.5,133.7,0.716,0.080,
1791426992.972885,0.8030,0.6350,0.4302,0.7006,0.4998,0.7006,0.6350,0.5695,0.5695,0.3646,0.0942,0.7006,0.7538,0.1229,0.0737,0.1966,0.1229,0.5030,0.7040,0.7480,0.2010,0.0440,68.25,10.06,153.8,133.9,0.727,0.079,1.272
1791426993.0064785,0.4998,0.8030,0.6350,0.5695,0.2458,0.7538,0.5695,0.6350,0.8030,0.1966,0.2458,0.7006,0.7006,0.1557,0.1229,0.1229,0.0942,0.5030,0.7015,0.7430,0.1985,0.0415,68.15,9.64,154.2,134.2,0.737,0.079,
1791426993.0408049,0.8767,0.8030,0.7538,0.6350,0.4998,0.7006,0.7538,0.4998,0.8440,0.1229,0.0737,0.7006,0.7538,0.0737,0.0737,0.1966,0.1229,0.5030,0.7020,0.7430,0.1990,0.0410,68.39,9.28,154.7,134.0,0.741,0.078,
1791426993.0724566,0.7538,0.6350,0.5695,0.5695,0.3646,0.6350,0.5695,0.8030,0.7006,0.4998,0.1966,0.6350,0.7538,0.0737,0.0942,0.2458,0.1966,0.5040,0.6910,0.7450,0.1870,0.0540,68.38,9.40,153.7,,0.777,0.077,1.345
1791426993.106409,0.6350,0.5695,0.6350,0.7538,0.4998,0.8030,0.7006,0.7006,0.8440,0.2458,0.2458,0.7006,0.6350,0.0737,0.0410,0.1229,0.1557,0.5030,0.6930,0.7440,0.1900,0.0510,68.20,9.29,153.3,,0.815,0.078,
1791426993.1465187,0.7538,0.6350,0.7538,0.5695,0.6350,0.7538,0.6350,0.8030,0.7538,0.1557,0.2458,0.6350,0.7538,0.3646,0.1229,0.1557,0.2458,0.5030,0.6955,0.7450,0.1925,0.0495,68.25,9.28,152.8,,0.760,0.077,
1791426993.1768062,0.9054,0.7538,0.7538,0.5695,0.5695,0.8440,0.6350,0.5695,0.7538,0.4998,0.0737,0.7538,0.7538,0.0942,0.0574,0.2458,0.1966,0.5030,0.7015,0.7490,0.1985,0.0475,68.22,9.27,153.5,,0.733,0.078,1.304
1791426993.2082374,0.8030,0.7006,0.7538,0.5695,0.4998,0.8030,0.6350,0.6350,0.6350,0.2458,0.1229,0.7538,0.6350,0.0942,0.0574,0.2991,0.2991,0.5020,0.6950,0.7450,0.1930,0.0500,67.93,9.33,153.1,,0.741,0.079,
1791426993.240534,0.8030,0.8440,0.7006,0.6350,0.7006,0.8030,0.7006,0.4998,0.7006,0.1966,0.1229,0.7006,0.7006,0.0737,0.1966,0.1557,0.1557,0.5030,0.6940,0.7510,0.1910,0.0570,67.95,9.64,152.4,,0.742,0.079,
1791426993.272512,0.5695,0.7006,0.7006,0.6350,0.5695,0.8030,0.7006,0.6350,0.5695,0.1966,0.1557,0.6350,0.7006,0.1229,0.1229,0.1966,0.1229,0.5030,0.7040,0.7550,0.2010,0.0510,68.30,9.80,150.8,,0.686,0.078,
1791426993.3063,0.8030,0.5695,0.7006,0.6350,0.5695,0.7538,0.7006,0.6350,0.5695,0.2991,0.0942,0.7006,0.7006,0.1557,0.1966,0.1966,0.1557,0.5020,0.6950,0.7500,0.1930,0.0550,67.85,9.97,150.3,,0.732,0.079,
1791426993.3413596,0.6350,0.8030,0.8767,0.7006,0.7006,0.8030,0.6350,0.5695,0.7538,0.2458,0.2991,0.7538,0.6350,0.0942,0.1229,0.1557,0.1966,0.5030,0.7010,0.7510,0.1980,0.0500,68.22,9.84,151.6,,0.762,0.078,
1791426993.3813422,0.7538,0.7538,0.8030,0.6350,0.6350,0.8440,0.7006,0.6350,0.7538,0.0574,0.2458,0.7006,0.7538,0.3646,0.0737,0.2458,0.2458,0.5010,0.7030,0.7500,0.2020,0.0470,67.68,9.79,151.9,,0.694,0.081,
1791426993.4147828,0.8440,0.7538,0.8767,0.6350,0.4998,0.8440,0.7006,0.7006,0.6350,0.0737,0.2458,0.7538,0.6350,0.0737,0.0737,0.1557,0.0942,0.5030,0.6985,0.7500,0.1955,0.0515,67.98,9.79,151.2,,0.748,0.079,
1791426993.4454336,0.8440,0.7538,0.8030,0.7538,0.7006,0.7538,0.7006,0.7006,0.6350,0.1229,0.0574,0.6350,0.7006,0.1557,0.0942,0.1966,0.1229,0.5030,0.7035,0.7490,0.2005,0.0455,68.26,9.72,151.6,,0.687,0.079,
1791426993.4784777,0.7006,0.8030,0.5695,0.6350,0.6350,0.8030,0.6350,0.7006,0.6350,0.1229,0.1557,0.7006,0.6350,0.1557,0.1966,0.1966,0.1966,0.5020,0.6955,0.7490,0.1935,0.0535,67.87,9.89,151.1,,0.715,0.080,
1791426993.508306,0.8767,0.8440,0.8440,0.6350,0.4302,0.5695,0.6350,0.6350,0.7006,0.2458,0.2458,0.6350,0.7006,0.1557,0.1557,0.1966,0.1966,0.5030,0.7085,0.7560,0.2055,0.0475,68.42,9.94,151.1,,0.664,0.078,
1791426993.540455,0.8030,0.7538,0.8030,0.5695,0.4998,0.8030,0.7538,0.7006,0.5695,0.2991,0.0942,0.7538,0.7006,0.1229,0.1229,0.1557,0.1229,0.5020,0.6945,0.7480,0.1925,0.0535,67.96,9.96,151.1,,0.755,0.080,
1791426993.5729074,0.8440,0.5695,0.7538,0.5695,0.7006,0.7006,0.6350,0.5695,0.7006,0.0942,0.0942,0.6350,0.7006,0.0942,0.1229,0.1966,0.2458,0.5030,0.7035,0.7500,0.2005,0.0465,68.04,9.85,152.0,,0.702,0.080,
1791426993.6061752,0.4302,0.9054,0.7538,0.6350,0.7538,0.8440,0.7006,0.7006,0.8440,0.2458,0.1229,0.6350,0.6350,0.1229,0.0737,0.1557,0.2458,0.5010,0.7040,0.7450,0.2030,0.0410,67.70,9.54,152.5,,0.707,0.082,
1791426993.6401806,0.7538,0.7006,0.8440,0.5695,0.4998,0.7538,0.7006,0.7006,0.7006,0.0942,0.1557,0.7006,0.6350,0.1229,0.1966,0.1557,0.1557,0.5040,0.6945,0.7560,0.1905,0.0615,67.40,10.06,152.9,,0.715,0.082,
1791426993.6730208,0.7006,0.8440,0.7538,0.5695,0.5695,0.7538,0.7006,0.6350,0.7006,0.2458,0.0942,0.7006,0.6350,0.0942,0.1966,0.1557,0.1557,0.5030,0.6955,0.7510,0.1925,0.0555,66.65,10.21,152.8,,0.727,0.085,
1791426993.713637,0.8440,0.6350,0.8030,0.8030,0.4998,0.6350,0.5695,0.7538,0.7006,0.2991,0.0737,0.7006,0.7538,0.1229,0.1229,0.0942,0.1966,0.5040,0.6945,0.7460,0.1905,0.0515,66.38,10.18,,,0.725,0.085,
1791426993.7450435,0.7006,0.9054,0.8440,0.7538,0.5695,0.7006,0.6350,0.4998,0.6350,0.4302,0.1229,0.7006,0.7006,0.1966,0.1966,0.1966,0.1557,0.5110,0.7110,0.7500,0.2000,0.0390,66.97,9.75,152.4,,0.698,0.083,1.194
1791426993.7763216,0.7006,0.8030,0.8440,0.6350,0.4998,0.7538,0.7538,0.6350,0.8030,0.1966,0.2991,0.7006,0.7538,0.1557,0.1557,0.1966,0.1557,0.5030,0.7035,0.7500,0.2005,0.0465,67.01,9.65,152.8,,0.712,0.084,
1791426993.8077574,0.7006,0.7006,0.7006,0.6350,0.5695,0.7538,0.7006,0.7006,0.6350,0.1557,0.0942,0.6350,0.7006,0.1557,0.1966,0.1966,0.1557,0.5030,0.6945,0.7460,0.1915,0.0515,66.67,9.61,152.9,,0.773,0.084,
1791426993.8399878,0.7538,0.9259,0.7538,0.6350,0.5695,0.7538,0.7006,0.6350,0.6350,0.5695,0.3646,0.6350,0.6350,0.2991,0.1966,0.1966,0.1229,0.5100,0.7085,0.7500,0.1985,0.0415,67.32,9.41,153.4,134.1,0.690,0.082,1.177
1791426993.8729067,0.8767,0.8440,0.8030,0.6350,0.5695,0.7538,0.7006,0.7006,0.6350,0.0942,0.0737,0.7538,0.7006,0.2991,0.2458,0.1966,0.1966,0.5040,0.7035,0.7460,0.1995,0.0425,67.72,9.17,153.0,133.5,0.734,0.081,
1791426993.9067156,0.6350,0.6350,0.7538,0.6350,0.5695,0.5695,0.6350,0.4998,0.7538,0.1557,0.0737,0.7006,0.7006,0.0942,0.2458,0.1557,0.1229,0.5030,0.6965,0.7500,0.1935,0.0535,67.83,9.46,152.6,134.3,0.711,0.080,
1791426993.9403362,0.8030,0.7006,0.8030,0.4998,0.7006,0.7538,0.7538,0.8030,0.7006,0.4302,0.1557,0.7006,0.7006,0.1966,0.0942,0.1557,0.1229,0.5020,0.7055,0.7470,0.2035,0.0415,67.89,9.19,152.9,133.8,0.727,0.080,1.286
1791426993.97423,0.8030,0.8030,0.8440,0.6350,0.6350,0.7538,0.7006,0.6350,0.8030,0.1966,0.2458,0.7006,0.6350,0.1229,0.1557,0.1966,0.1229,0.5020,0.7050,0.7480,0.2030,0.0430,67.97,9.18,153.4,134.2,0.669,0.080,
1791426994.0133421,0.8767,0.8030,0.8030,0.6350,0.6350,0.7538,0.6350,0.5695,0.5695,0.1966,0.2458,0.7006,0.7538,0.1557,0.2458,0.1966,0.1557,0.5030,0.7045,0.7520,0.2015,0.0475,68.45,9.30,152.5,134.9,0.688,0.079,
1791426994.0450757,0.8030,0.8440,0.8030,0.4998,0.5695,0.5695,0.8030,0.6350,0.7538,0.1966,0.0942,0.7006,0.7538,0.1966,0.1229,0.1557,0.1229,0.5020,0.6955,0.7470,0.1935,0.0515,67.85,9.37,152.4,134.5,0.759,0.081,
1791426994.0760133,0.2991,0.6350,0.7538,0.5695,0.5695,0.7538,0.6350,0.5695,0.7538,0.0942,0.0942,0.7538,0.6350,0.2458,0.2458,0.2458,0.1229,,0.7035,0.7480,,0.0445,67.85,9.37,149.6,134.3,0.740,0.081,
1791426994.1077502,0.7538,0.8030,0.9054,0.6350,0.7006,0.8030,0.7538,0.5695,0.7538,0.3646,0.1966,0.7006,0.7538,0.2458,0.2458,0.1966,0.2458,0.5030,0.7055,0.7610,0.2025,0.0555,68.22,9.82,150.9,134.4,0.669,0.080,1.224
1791426994.1407905,0.8440,0.7538,0.8030,0.6350,0.6350,0.7006,0.5695,0.6350,0.7006,0.2458,0.0942,0.6350,0.7006,0.0737,0.2458,0.1557,0.2991,0.5020,0.7040,0.7480,0.2020,0.0440,67.88,9.57,152.0,133.8,0.729,0.081,
1791426994.173842,0.7538,0.7006,0.7538,0.6350,0.5695,0.7538,0.6350,0.5695,0.6350,0.0942,0.2991,0.7006,0.7006,0.0942,0.1966,0.1557,0.1557,0.5030,0.7030,0.7510,0.2000,0.0480,68.03,9.45,153.5,133.5,0.757,0.081,
1791426994.2078114,0.7006,0.8767,0.5695,0.6350,0.6350,0.7006,0.7538,0.4998,0.7006,0.1229,0.2991,0.7538,0.7538,0.1229,0.1557,0.1966,0.1557,0.5020,0.7035,0.7510,0.2015,0.0475,68.00,9.35,153.9,134.0,0.750,0.081,
1791426994.2402246,0.4302,0.8440,0.8440,0.7006,0.7538,0.8767,0.7538,0.4998,0.6350,0.2991,0.2458,0.7006,0.7538,0.1557,0.2458,0.1966,0.1557,0.5020,0.7050,0.7510,0.2030,0.0460,68.00,9.49,154.6,133.5,0.648,0.081,
1791426994.2736788,0.7006,0.6350,0.8030,0.6350,0.7006,0.8440,0.7006,0.4302,0.7538,0.1229,0.1229,0.6350,0.5695,0.1557,0.0737,0.1557,0.1557,0.5020,0.7060,0.7510,0.2040,0.0450,68.13,9.47,154.7,133.7,0.678,0.081,
1791426994.31232,0.6350,0.5695,0.8440,0.5695,0.7006,0.8030,0.6350,0.6350,0.7006,0.0942,0.2991,0.7006,0.6350,0.2458,0.1229,0.1966,0.1229,0.5030,0.7050,0.7540,0.2020,0.0490,68.64,9.52,155.0,134.0,0.715,0.079,
1791426994.3454514,0.8440,0.7006,0.4998,0.6350,0.6350,0.5695,0.7006,0.7538,0.7538,0.1557,0.0942,0.7538,0.7538,0.1557,0.1966,0.1557,0.1966,0.5040,0.6965,0.7500,0.1925,0.0535,68.37,9.81,154.1,134.1,0.689,0.079,
1791426994.3767002,0.7006,0.8030,0.8440,0.6350,0.8030,0.7006,0.6350,0.5695,0.7538,0.2458,0.2991,0.5695,0.6350,0.1229,0.1966,0.1966,0.1966,0.5020,0.6975,0.7490,0.1955,0.0515,68.11,9.83,153.7,,0.737,0.080,
1791426994.4087005,0.7538,0.8440,0.8440,0.5695,0.4998,0.8030,0.7006,0.5695,0.6350,0.1966,0.2991,0.7006,0.7006,0.1966,0.1557,0.1557,0.1966,0.5020,0.7030,0.7510,0.2010,0.0480,68.06,9.76,153.4,,0.719,0.080,
1791426994.440865,0.8440,0.8767,0.6350,0.6350,0.5695,0.8030,0.7538,0.7006,0.7006,0.0942,0.0737,0.7006,0.7006,0.1229,0.0942,0.1557,0.1966,0.5030,0.7035,0.7480,0.2005,0.0445,67.99,9.51,153.9,,0.738,0.081,
1791426994.4743934,0.8440,0.6350,0.8030,0.4998,0.7538,0.7006,0.7538,0.6350,0.8440,0.1557,0.3646,0.6350,0.6350,0.1557,0.1966,0.1966,0.1229,0.5040,0.6960,0.7530,0.1920,0.0570,67.59,9.89,153.5,133.3,0.707,0.082,1.365
1791426994.5088446,0.7538,0.7538,0.5695,0.6350,0.4998,0.8440,0.4998,0.5695,0.6350,0.1966,0.0737,0.7538,0.6350,0.0942,0.1557,0.1557,0.1557,0.5020,0.6955,0.7520,0.1935,0.0565,67.16,10.08,150.8,133.8,0.737,0.083,
1791426994.540657,0.8767,0.8440,0.8030,0.5695,0.7006,0.7006,0.7006,0.4998,0.7006,0.1557,0.1557,0.7006,0.7006,0.2458,0.1966,0.1557,0.1966,0.5030,0.7035,0.7500,0.2005,0.0465,67.26,9.87,151.9,133.2,0.731,0.083,
1791426994.574498,0.7538,0.8767,0.8030,0.4998,0.4998,0.8440,0.6350,0.6350,0.8030,0.2991,0.0942,0.7006,0.7006,0.0942,0.1229,0.1966,0.1966,0.5040,0.7055,0.7450,0.2015,0.0395,68.08,9.28,152.7,133.3,0.792,0.080,
1791426994.6134129,0.7006,0.7006,0.6350,0.7006,0.5695,0.6350,0.6350,0.7006,0.6350,0.1229,0.0737,0.6350,0.6350,0.1557,0.1966,0.1557,0.1557,0.5020,0.7005,0.7510,0.1985,0.0505,67.79,9.48,152.5,132.6,0.692,0.081,
1791426994.6455917,0.8030,0.6350,0.9587,0.7006,0.5695,0.9054,0.8440,0.5695,0.8767,0.2458,0.0574,0.7538,0.7538,0.0942,0.0942,0.1557,0.1557,0.5020,0.6960,0.7470,0.1940,0.0510,67.35,9.44,,132.7,0.782,0.082,
1791426994.6758006,0.8440,0.8440,0.7538,0.4998,0.6350,0.8030,0.7538,0.6350,0.5695,0.2458,0.4302,0.7538,0.7006,0.1229,0.1229,0.1557,0.1557,0.5020,0.7020,0.7460,0.2000,0.0440,67.77,9.19,,132.8,0.761,0.081,1.318
1791426994.7094295,0.8030,0.5695,0.8440,0.5695,0.5695,0.8440,0.7006,0.6350,0.6350,0.1229,0.3646,0.7006,0.7006,0.1557,0.1966,0.1966,0.1229,0.5040,0.6995,0.7510,0.1955,0.0515,68.07,9.39,,132.5,0.715,0.080,1.279
1791426994.74101,0.8030,0.8440,0.8030,0.5695,0.5695,0.8030,0.6350,0.6350,0.5695,0.1557,0.0942,0.7538,0.7006,0.1229,0.1229,0.1557,0.2458,0.5030,0.6965,0.7440,0.1935,0.0475,67.85,9.13,,132.5,0.822,0.080,
1791426994.7755618,0.8030,0.6350,0.8440,0.5695,0.5695,0.7006,0.7538,0.7006,0.7538,0.1229,0.1229,0.7006,0.6350,0.0942,0.1966,0.1557,0.1229,0.5060,0.6935,0.7540,0.1875,0.0605,67.30,9.55,,132.7,0.763,0.082,
1791426994.8079743,0.7538,0.6350,0.7538,0.7006,0.7006,0.8030,0.5695,0.7006,0.6350,0.1966,0.3646,0.7006,0.7006,0.1229,0.1229,0.1966,0.1557,0.5030,0.7005,0.7440,0.1975,0.0435,67.44,9.31,,132.8,0.745,0.081,1.340
1791426994.8411229,0.4998,0.8440,0.7538,0.5695,0.5695,0.6350,0.8030,0.6350,0.5695,0.2458,0.1557,0.5695,0.7538,0.0574,0.1229,0.1966,0.1229,0.5030,0.7010,0.7470,0.1980,0.0460,67.03,9.20,,132.5,0.748,0.083,
1791426994.8755333,0.7006,0.9259,0.8440,0.6350,0.5695,0.7006,0.8030,0.6350,0.7006,0.1557,0.0942,0.7538,0.7538,0.1229,0.0942,0.1966,0.1966,0.5020,0.6955,0.7470,0.1935,0.0515,66.42,9.21,,132.7,0.788,0.085,
1791426994.914251,0.8030,0.8440,0.8030,0.5695,0.6350,0.8030,0.7538,0.3646,0.7006,0.4302,0.1966,0.8440,0.6350,0.0737,0.2458,0.1966,0.1557,0.5040,0.6955,0.7440,0.1915,0.0485,66.45,9.24,150.5,131.7,0.737,0.085,1.230
1791426994.9462705,0.8440,0.7538,0.7538,0.6350,0.7006,0.6350,0.7006,0.7538,0.8030,0.2991,0.0737,0.8030,0.7538,0.0574,0.0942,0.1966,0.1966,0.5030,0.6955,0.7480,0.1925,0.0525,66.61,9.38,150.7,131.9,0.747,0.084,
1791426994.9769902,0.8030,0.9054,0.8030,0.6350,0.6350,0.7538,0.7006,0.5695,0.8030,0.1557,0.2991,0.7006,0.7538,0.0574,0.1966,0.1966,0.1557,0.5020,0.6925,0.7460,0.1905,0.0535,66.24,9.47,151.2,131.5,0.774,0.085,
1791426995.0088513,0.8030,0.5695,0.8030,0.7538,0.7006,0.6350,0.7538,0.5695,0.7538,0.4302,0.1966,0.7006,0.8030,0.3646,0.2458,0.1966,0.1966,0.5040,0.6920,0.7500,0.1880,0.0580,66.03,9.71,152.0,131.5,0.769,0.086,1.414
1791426995.0412939,0.8767,0.7538,0.7006,0.6350,0.6350,0.7538,0.5695,0.6350,0.5695,0.1229,0.2991,0.7006,0.7538,0.0942,0.0942,0.1557,0.2458,0.5030,0.6935,0.7440,0.1905,0.0505,66.02,9.60,151.2,132.0,0.782,0.085,
1791426995.0755336,0.7538,0.8030,0.8440,0.7006,0.5695,0.7538,0.7006,0.8440,0.8440,0.0942,0.3646,0.7538,0.7006,0.1229,0.1557,0.1557,0.1557,0.5030,0.6970,0.7440,0.1940,0.0470,66.34,9.34,151.6,132.3,0.803,0.084,1.369
1791426995.108634,0.9054,0.9054,0.8767,0.5695,0.5695,0.8030,0.6350,0.6350,0.3646,0.2458,0.1557,0.7538,0.7006,0.0942,0.1966,0.1229,0.1229,0.5030,0.6900,0.7500,0.1870,0.0600,65.41,9.59,152.0,132.6,0.804,0.088,
1791426995.1428237,0.7538,0.8767,0.8767,0.5695,0.5695,0.8030,0.6350,0.7538,0.5695,0.1557,0.2458,0.7006,0.7538,0.0942,0.0737,0.1229,0.0942,0.5030,0.6910,0.7480,0.1880,0.0570,65.40,9.75,151.8,132.5,0.777,0.087,
1791426995.1843894,0.7006,0.7006,0.6350,0.5695,0.6350,0.8440,0.8030,0.6350,0.5695,0.1229,0.1966,0.7006,0.7538,0.1966,0.0574,0.1557,0.1966,0.5040,0.6945,0.7480,0.1905,0.0535,65.86,9.86,151.8,132.1,0.736,0.085,
1791426995.215345,0.6350,0.8440,0.8030,0.5695,0.5695,0.8030,0.6350,0.6350,0.6350,0.0942,0.0574,0.7538,0.7538,0.0942,0.0942,0.1557,0.1966,0.5060,0.6985,0.7460,0.1925,0.0475,66.12,9.80,151.4,131.8,0.707,0.085,
1791426995.246448,0.8030,0.6350,0.7006,0.7006,0.5695,0.5695,0.7006,0.4998,0.4998,0.2458,0.2458,0.7006,0.7006,0.0574,0.0737,0.1557,0.1966,0.5020,0.6970,0.7480,0.1950,0.0510,66.49,9.85,151.0,131.2,0.717,0.083,
1791426995.277791,0.7538,0.8030,0.7538,0.6350,0.5695,0.7538,0.8440,0.4302,0.8030,0.1966,0.3646,0.6350,0.8030,0.1229,0.0942,0.1557,0.1229,0.5040,0.6990,0.7480,0.1950,0.0490,66.64,9.92,150.0,131.0,0.680,0.083,1.288
1791426995.3104699,0.8030,0.6350,0.6350,0.5695,0.5695,0.7538,0.7006,0.4998,0.8767,0.1966,0.1966,0.7006,0.7538,0.1966,0.0574,0.1966,0.0574,0.5030,0.7065,0.7450,0.2035,0.0385,67.34,9.48,150.8,130.7,0.717,0.081,
1791426995.3420682,0.7538,0.8767,0.8440,0.7006,0.6350,0.6350,0.7006,0.5695,0.5695,0.3646,0.0942,0.7538,0.7538,0.0737,0.0942,0.1557,0.1966,0.5030,0.6940,0.7440,0.1910,0.0500,67.14,9.43,151.2,131.3,0.767,0.082,1.328
1791426995.375995,0.8440,0.9054,0.8767,0.6350,0.4998,0.6350,0.6350,0.7006,0.8030,0.1557,0.2991,0.7538,0.6350,0.2991,0.0737,0.1557,0.2458,0.5020,0.7005,0.7480,0.1985,0.0475,67.10,9.37,149.4,130.9,0.737,0.082,
1791426995.4090672,0.7006,0.9259,0.8440,0.7006,0.4998,0.7006,0.7006,0.7538,0.6350,0.0942,0.0574,0.8030,0.7538,0.1229,0.1557,0.1229,0.1966,0.5030,0.6945,0.7480,0.1915,0.0535,67.35,9.41,146.0,130.2,0.798,0.081,
1791426995.4416974,0.7006,0.7538,0.8767,0.7538,0.5695,0.7006,0.7538,0.4998,0.6350,0.2458,0.3646,0.7538,0.7538,0.0942,0.1229,0.1557,0.1966,0.5020,0.6915,0.7450,0.1895,0.0535,66.65,9.50,147.6,130.2,0.768,0.083,1.373
1791426995.4764369,0.8440,0.6350,0.8030,0.6350,0.7006,0.6350,0.8030,0.5695,0.4998,0.1229,0.1966,0.6350,0.7006,0.0942,0.0942,0.1966,0.1229,0.5020,0.6950,0.7490,0.1930,0.0540,66.36,9.72,148.6,130.9,0.721,0.085,
1791426995.5155504,0.8440,0.8767,0.8030,0.5695,0.4998,0.7006,0.7006,0.7006,0.6350,0.1966,0.3646,0.7006,0.7538,0.1557,0.1557,0.1966,0.1557,0.5030,0.6940,0.7470,0.1910,0.0530,66.37,9.86,148.6,131.2,0.719,0.084,1.320
1791426995.547629,0.7006,0.7538,0.7538,0.5695,0.6350,0.7006,0.7006,0.4998,0.7006,0.1229,0.1229,0.7006,0.7538,0.0942,0.1557,0.1966,0.1966,0.5030,0.6920,0.7470,0.1890,0.0550,66.34,9.88,144.8,131.4,0.782,0.084,
1791426995.5791538,0.7538,0.8440,0.8767,0.6350,0.5695,0.7538,0.7538,0.6350,0.5695,0.1557,0.1229,0.7006,0.7006,0.1557,0.0737,0.2458,0.1557,0.5030,0.7025,0.7440,0.1995,0.0415,66.27,9.59,147.0,130.3,0.705,0.085,
1791426995.6091273,0.7006,0.8767,0.7538,0.5695,0.5695,0.7538,0.4998,0.5695,0.8440,0.1966,0.1966,0.7006,0.7006,0.0574,0.0574,0.2458,0.2991,0.5030,0.6955,0.7490,0.1925,0.0535,66.43,9.90,147.1,130.5,0.675,0.084,
1791426995.6423347,0.6350,0.8767,0.9054,0.4998,0.5695,0.6350,0.8030,0.5695,0.6350,0.1557,0.0574,0.7538,0.7006,0.1557,0.1557,0.1557,0.1966,0.5010,0.7045,0.7470,0.2035,0.0425,66.49,9.66,147.2,130.7,0.698,0.085,
1791426995.6771495,0.7006,0.7538,0.8767,0.5695,0.5695,0.7006,0.7538,0.5695,0.6350,0.1557,0.2458,0.6350,0.7006,0.0942,0.1557,0.2458,0.1966,0.5020,0.7010,0.7540,0.1990,0.0530,66.50,9.97,148.7,130.6,0.663,0.085,
1791426995.7094889,0.5695,0.8440,0.7006,0.5695,0.6350,0.7538,0.8030,0.6350,0.6350,0.2991,0.1966,0.7538,0.7538,0.0574,0.2991,0.1229,0.1966,0.5020,0.7020,0.7440,0.2000,0.0420,66.84,9.66,149.3,131.1,0.709,0.084,
1791426995.742629,0.7006,0.8030,0.8767,0.7006,0.5695,0.6350,0.5695,0.7538,0.7006,0.1557,0.1229,0.7006,0.6350,0.0737,0.1229,0.2458,0.2458,0.5040,0.6945,0.7500,0.1905,0.0555,67.04,9.89,150.1,130.5,0.727,0.083,
1791426995.776373,0.8767,0.8440,0.8030,0.5695,0.5695,0.7538,0.7006,0.6350,0.8030,0.3646,0.2458,0.7538,0.6350,0.1966,0.1966,0.1557,0.1557,0.5030,0.7035,0.7520,0.2005,0.0485,67.25,9.90,150.6,130.7,0.694,0.082,1.255
1791426995.8155265,0.8440,0.7538,0.8030,0.5695,0.4998,0.8030,0.6350,0.5695,0.8030,0.1557,0.3646,0.7006,0.6350,0.0942,0.1966,0.1966,0.2458,0.5040,0.7000,0.7480,0.1960,0.0480,67.15,9.88,151.2,130.7,0.692,0.083,1.265
1791426995.8473217,0.8030,0.8030,0.7538,0.6350,0.7006,0.8030,0.7538,0.6350,0.6350,0.1557,0.1557,0.8030,0.7006,0.0942,0.1557,0.1229,0.1229,0.5040,0.7015,0.7500,0.1975,0.0485,67.01,9.84,152.3,130.2,0.713,0.083,
1791426995.8788495,0.8030,0.6350,0.5695,0.5695,0.6350,0.8030,0.7006,0.6350,0.7538,0.1966,0.2991,0.7006,0.7006,0.0574,0.0737,0.0942,0.1557,0.5110,0.7025,0.7500,0.1915,0.0475,67.33,9.78,152.5,130.8,0.707,0.082,
1791426995.9094872,0.7006,0.8030,0.7538,0.7538,0.6350,0.8030,0.7006,0.6350,0.7006,0.0942,0.1966,0.7006,0.6350,0.1557,0.1966,0.1557,0.1557,0.5040,0.6955,0.7500,0.1915,0.0545,66.63,10.04,151.4,130.9,0.693,0.084,
1791426995.9447994,0.7006,0.7538,0.8030,0.6350,0.5695,0.7006,0.7538,0.7538,0.7006,0.0942,0.1966,0.8030,0.7006,0.1966,0.1229,0.2458,0.1557,0.5030,0.6940,0.7470,0.1910,0.0530,66.57,10.03,150.1,130.6,0.754,0.084,
1791426995.9763265,0.8030,0.7538,0.8440,0.6350,0.5695,0.7538,0.6350,0.5695,0.6350,0.2458,0.0942,0.5695,0.6350,0.0737,0.1229,0.2458,0.1966,0.5030,0.7110,0.7500,0.2080,0.0390,67.35,9.71,151.2,130.9,0.666,0.082,
1791426996.0092795,0.8030,0.2991,0.8440,0.6350,0.5695,0.5695,0.7538,0.6350,0.7006,0.1229,0.0737,0.7538,0.7538,0.0942,0.0942,0.0942,0.1229,0.5010,0.7030,0.7560,0.2020,0.0530,66.86,9.94,151.3,130.2,0.688,0.085,
1791426996.0428958,0.7538,0.8767,0.7538,0.5695,0.4998,0.7006,0.5695,0.7006,0.6350,0.1229,0.1229,0.7538,0.6350,0.1557,0.1966,0.1557,0.1966,0.5130,0.7020,0.7450,0.1890,0.0430,66.91,9.56,151.9,130.1,0.753,0.084,
1791426996.0757596,0.7538,0.8030,0.5695,0.5695,0.5695,0.7538,0.7538,0.6350,0.8767,0.2458,0.2991,0.7006,0.7006,0.0942,0.1966,0.1966,0.1229,0.5020,0.6935,0.7510,0.1915,0.0575,66.49,9.86,151.4,130.6,0.737,0.085,
1791426996.1157272,0.8440,0.8440,0.8030,0.5695,0.5695,0.7006,0.7538,0.6350,0.7538,0.2458,0.3646,0.7538,0.7538,0.1557,0.1966,0.1229,0.1557,0.5040,0.6935,0.7480,0.1895,0.0545,66.38,9.93,151.4,131.2,0.760,0.085,1.402
1791426996.148424,0.8030,0.8030,0.8030,0.5695,0.6350,0.7006,0.7006,0.5695,0.6350,0.1557,0.1557,0.6350,0.7006,0.2991,0.2991,0.1557,0.1229,0.5030,0.7025,0.7490,0.1995,0.0465,66.73,9.79,151.4,130.9,0.715,0.084,
1791426996.1795433,0.8440,0.6350,0.8440,0.4998,0.7006,0.8030,0.7006,0.7538,0.7538,0.1557,0.1229,0.7538,0.7538,0.0942,0.2991,0.1229,0.1229,0.5040,0.6960,0.7490,0.1920,0.0530,66.60,9.98,151.0,130.7,0.698,0.084,
1791426996.211301,0.8030,0.7538,0.8767,0.7006,0.7006,0.6350,0.7006,0.4998,0.7538,0.2458,0.0737,0.7006,0.7006,0.0942,0.1557,0.1229,0.1966,0.5040,0.6990,0.7500,0.1950,0.0510,66.28,10.03,151.7,130.6,0.705,0.086,
1791426996.2439966,0.9054,0.7006,0.8440,0.5695,0.4998,0.7006,0.7006,0.8030,0.9054,0.0942,0.2991,0.7006,0.6350,0.0737,0.1229,0.1557,0.1966,0.5030,0.7040,0.7510,0.2010,0.0470,66.99,9.94,151.7,130.4,0.698,0.083,
1791426996.276766,0.7538,0.7538,0.7538,0.6350,0.6350,0.6350,0.7538,0.7006,0.7006,0.2458,0.2458,0.7538,0.7006,0.2458,0.2458,0.2458,0.1557,0.5020,0.7020,0.7500,0.2000,0.0480,67.21,9.72,151.6,130.7,0.767,0.083,
1791426996.3094115,0.6350,0.5695,0.8030,0.7006,0.4998,0.7006,0.7006,0.6350,0.6350,0.2458,0.0737,0.6350,0.7006,0.4302,0.1229,0.1557,0.1557,0.5040,0.6920,0.7570,0.1880,0.0650,66.12,10.25,,131.0,0.745,0.086,
1791426996.3425946,0.8440,0.5695,0.7538,0.5695,0.6350,0.8030,0.7538,0.7006,0.7006,0.2991,0.2458,0.7538,0.7538,0.0942,0.2991,0.1966,0.1557,0.5040,0.7025,0.7480,0.1985,0.0455,66.54,9.90,,130.6,0.756,0.085,
1791426996.3763154,0.8030,0.8440,0.8440,0.7006,0.6350,0.7538,0.7006,0.7006,0.7538,0.0942,0.2991,0.6350,0.6350,0.1557,0.2458,0.1966,0.1229,0.5020,0.7005,0.7510,0.1985,0.0505,66.53,9.99,,130.9,0.692,0.085,
1791426996.4153955,0.7006,0.9054,0.8030,0.6350,0.5695,0.6350,0.6350,0.7006,0.4998,0.4302,0.2458,0.7538,0.7538,0.2458,0.1557,0.1557,0.2458,0.5020,0.6945,0.7450,0.1925,0.0505,65.95,9.92,150.5,130.3,0.743,0.087,1.322
