timestamp,nose_score,left_eye_score,right_eye_score,left_ear_score,right_ear_score,left_shoulder_score,right_shoulder_score,left_elbow_score,right_elbow_score,left_wrist_score,right_wrist_score,left_hip_score,right_hip_score,left_knee_score,right_knee_score,left_ankle_score,right_ankle_score,head_depth_m,chest_depth_m,hip_depth_m,neck_forward_offset_m,torso_recline_offset_m,head_forward_deg,torso_pitch_deg,elbow_left_deg,elbow_right_deg,torso_len_sw,head_up_m,wrist_face_sw
1791427805.2317636,0.4302,0.5695,0.5695,0.5695,0.6350,0.7006,0.6350,0.7006,0.5695,0.1229,0.5695,0.5695,0.4998,0.0164,0.0369,0.0574,0.0410,0.6940,0.7590,,0.0650,,17.43,-11.10,177.7,177.0,0.981,0.195,1.653
1791427805.264961,0.6350,0.7538,0.7006,0.5695,0.6350,0.7006,0.7538,0.6350,0.4998,0.4998,0.1966,0.4998,0.4998,0.0369,0.0574,0.0574,0.0369,0.6940,0.7570,,0.0630,,17.64,-11.07,178.2,176.8,1.027,0.194,1.651
1791427805.2985718,0.6350,0.6350,0.4998,0.5695,0.7538,0.7538,0.7006,0.5695,0.7538,0.2991,0.6350,0.6350,0.4998,0.0737,0.0410,0.0737,0.0369,0.6980,0.7595,,0.0615,,17.83,-11.15,177.1,176.7,1.007,0.191,1.714
1791427805.331198,0.8030,0.5695,0.6350,0.6350,0.4998,0.7538,0.5695,0.5695,0.7538,0.2991,0.4302,0.5695,0.5695,0.0410,0.0410,0.0410,0.0205,0.6940,0.7560,0.6760,0.0620,-0.0800,17.82,-11.23,177.0,176.7,0.980,0.192,1.731
1791427805.3719938,0.8440,0.7538,0.5695,0.5695,0.5695,0.8440,0.7538,0.6350,0.6350,0.1557,0.3646,0.5695,0.5695,0.0410,0.0410,0.0246,0.0205,0.6950,0.7565,0.6790,0.0615,-0.0775,17.82,-11.11,177.0,177.7,1.031,0.192,1.849
1791427805.4033341,0.4998,0.4302,0.7006,0.4998,0.4998,0.4998,0.6350,0.7006,0.8030,0.1557,0.4302,0.5695,0.5695,0.0410,0.0410,0.0737,0.0369,0.6980,0.7560,0.6760,0.0580,-0.0800,17.70,-11.18,178.0,178.5,0.988,0.191,1.705
1791427805.4364183,0.5695,0.8767,0.7006,0.4302,0.4998,0.8440,0.7538,0.5695,0.5695,0.1966,0.1966,0.6350,0.6350,0.0246,0.0369,0.0164,0.0737,0.6940,0.7590,0.6810,0.0650,-0.0780,18.00,-11.08,178.2,178.3,1.033,0.190,
1791427805.4671154,0.5695,0.5695,0.4998,0.7006,0.5695,0.7538,0.5695,0.7006,0.7006,0.2458,0.1229,0.5695,0.4998,0.0369,0.0205,0.0410,0.0574,0.6940,0.7555,,0.0615,,17.90,-11.02,178.6,178.7,1.015,0.191,
1791427805.4987383,0.7538,0.5695,0.5695,0.4998,0.4302,0.8030,0.7538,0.7538,0.7006,0.2458,0.4302,0.6350,0.6350,0.0942,0.0123,0.0574,0.0574,0.6950,0.7590,0.6820,0.0640,-0.0770,17.65,-10.91,178.4,178.3,1.044,0.195,1.861
1791427805.5314205,0.4302,0.6350,0.5695,0.6350,0.5695,0.7006,0.6350,0.5695,0.7538,0.2991,0.4998,0.6350,0.5695,0.0574,0.0369,0.1229,0.0410,0.6950,0.7600,0.6820,0.0650,-0.0780,18.17,-10.97,178.6,178.8,0.979,0.191,1.713
1791427805.565932,0.8030,0.6350,0.5695,0.5695,0.7006,0.7538,0.7006,0.4998,0.6350,0.2991,0.2458,0.6350,0.5695,0.0574,0.0246,0.0737,0.0246,0.6940,0.7600,0.6810,0.0660,-0.0790,18.45,-10.97,176.7,178.8,1.021,0.190,
1791427805.597897,0.4998,0.3646,0.5695,0.5695,0.6350,0.7006,0.7006,0.5695,0.7006,0.1557,0.5695,0.6350,0.6350,0.0574,0.0410,0.0410,0.0369,0.6980,0.7560,0.6780,0.0580,-0.0780,17.90,-10.83,176.6,179.4,1.072,0.193,1.910
1791427805.63117,0.7006,0.7006,0.4302,0.6350,0.4998,0.8030,0.4998,0.7538,0.7538,0.1229,0.5695,0.5695,0.5695,0.0737,0.0410,0.0737,0.0205,0.6950,0.7555,0.6710,0.0605,-0.0845,17.88,-10.99,176.7,179.6,1.027,0.192,1.781
1791427805.671853,0.3646,0.7006,0.6350,0.5695,0.4998,0.6350,0.7538,0.7006,0.7006,0.5695,0.5695,0.5695,0.5695,0.0410,0.0410,0.0574,0.0410,0.6940,0.7595,0.6760,0.0655,-0.0835,18.18,-11.19,176.6,179.7,0.981,0.191,1.732
1791427805.7029927,0.6350,0.7006,0.7006,0.4998,0.7006,0.7538,0.5695,0.5695,0.7538,0.2991,0.5695,0.5695,0.5695,0.0410,0.0246,0.1229,0.0205,0.6950,0.7610,0.6640,0.0660,-0.0970,18.48,-11.51,177.4,178.6,1.074,0.189,1.729
1791427805.7336738,0.7006,0.7538,0.6350,0.4302,0.6350,0.7006,0.7006,0.7006,0.7006,0.4998,0.3646,0.5695,0.4998,0.0369,0.0410,0.0574,0.0410,0.6940,0.7610,,0.0670,,18.79,-11.66,177.6,177.9,0.993,0.188,1.655
1791427805.7653046,0.5695,0.7006,0.6350,0.6350,0.2991,0.7538,0.7006,0.7006,0.6350,0.2991,0.3646,0.6350,0.5695,0.0737,0.0082,0.0574,0.0369,0.6940,0.7630,0.6830,0.0690,-0.0800,18.98,-11.47,177.2,177.6,1.055,0.189,1.795
1791427805.7986932,0.4998,0.5695,0.4998,0.6350,0.6350,0.7538,0.4302,0.6350,0.6350,0.5695,0.6350,0.5695,0.5695,0.0246,0.0246,0.0574,0.0410,0.6940,0.7650,0.6780,0.0710,-0.0870,19.43,-11.42,177.6,177.4,1.096,0.188,1.771
1791427805.8322303,0.4998,0.5695,0.7538,0.7538,0.6350,0.7538,0.7538,0.6350,0.4998,0.4998,0.4998,0.5695,0.5695,0.0369,0.0164,0.0164,0.0205,0.6930,0.7655,0.6690,0.0725,-0.0965,19.78,-11.67,177.8,177.1,1.074,0.188,1.755
1791427805.865069,0.5695,0.4998,0.6350,0.5695,0.5695,0.7538,0.6350,0.7538,0.3646,0.3646,0.2991,0.5695,0.4998,0.0410,0.0246,0.0737,0.0369,0.6930,0.7600,,0.0670,,19.55,-11.72,177.4,177.3,1.004,0.190,1.750
1791427805.8995974,0.7006,0.8030,0.4302,0.5695,0.6350,0.6350,0.7006,0.5695,0.5695,0.2991,0.4998,0.6350,0.4998,0.0942,0.0369,0.0574,0.0574,0.6920,0.7605,,0.0685,,19.81,-11.87,177.4,177.4,0.963,0.188,1.722
1791427805.9390137,0.6350,0.5695,0.5695,0.6350,0.6350,0.7538,0.5695,0.5695,0.4998,0.2458,0.4998,0.6350,0.5695,0.0574,0.0574,0.0942,0.0574,0.6920,0.7640,0.6660,0.0720,-0.0980,19.87,-12.10,176.3,177.1,1.062,0.189,1.817
1791427805.9720206,0.6350,0.4302,0.7538,0.3646,0.4998,0.7006,0.5695,0.4998,0.7006,0.3646,0.5695,0.6350,0.6350,0.0410,0.0369,0.0737,0.0737,0.6950,0.7605,0.6730,0.0655,-0.0875,19.41,-11.88,176.1,177.6,1.116,0.193,1.812
1791427806.0025425,0.7538,0.7006,0.4998,0.4998,0.5695,0.7538,0.6350,0.4998,0.6350,0.1966,0.1966,0.7006,0.5695,0.0410,0.0123,0.0737,0.0410,0.6920,0.7650,0.6610,0.0730,-0.1040,19.93,-12.25,176.0,177.9,1.068,0.190,
1791427806.0340695,0.7538,0.3646,0.6350,0.4302,0.6350,0.8030,0.6350,0.7006,0.7538,0.2991,0.4302,0.6350,0.5695,0.0369,0.0410,0.0369,0.0410,0.6960,0.7650,0.6640,0.0690,-0.1010,20.32,-12.70,175.3,177.4,0.966,0.186,1.548
1791427806.065444,0.7006,0.4998,0.5695,0.4998,0.4998,0.7006,0.7538,0.6350,0.7006,0.4302,0.2991,0.6350,0.4998,0.0942,0.0369,0.0369,0.0574,0.6920,0.7630,,0.0710,,20.23,-12.73,175.5,178.3,1.027,0.188,1.721
1791427806.098968,0.2458,0.5695,0.7006,0.5695,0.4998,0.6350,0.6350,0.7006,0.7006,0.6350,0.3646,0.7006,0.4998,0.0410,0.0369,0.0410,0.0369,,0.7650,,,,20.23,-12.73,174.6,177.7,0.978,0.188,
1791427806.1326313,0.7006,0.4998,0.5695,0.4998,0.4302,0.7538,0.7538,0.8030,0.6350,0.1966,0.3646,0.5695,0.4998,0.0410,0.0369,0.0737,0.0369,0.6920,0.7660,,0.0740,,20.37,-12.73,175.9,177.3,1.069,0.189,1.820
1791427806.16568,0.7538,0.4302,0.6350,0.5695,0.6350,0.7538,0.8440,0.5695,0.6350,0.3646,0.4998,0.5695,0.5695,0.0574,0.0246,0.0410,0.0410,0.6930,0.7650,0.6610,0.0720,-0.1040,20.64,-13.02,175.4,177.1,1.026,0.187,1.639
1791427806.199434,0.6350,0.8440,0.4302,0.4302,0.5695,0.6350,0.4302,0.7006,0.7538,0.4998,0.2458,0.6350,0.4998,0.0369,0.0246,0.0574,0.0369,0.6940,0.7670,,0.0730,,20.42,-12.91,175.5,177.3,1.119,0.191,1.880
1791427806.2401059,0.6350,0.4998,0.6350,0.4998,0.4998,0.7006,0.6350,0.6350,0.6350,0.3646,0.4302,0.5695,0.5695,0.0410,0.0410,0.0574,0.0574,0.6950,0.7655,0.6550,0.0705,-0.1105,20.63,-13.31,175.1,178.2,1.036,0.188,1.682
1791427806.2717483,0.5695,0.7538,0.7538,0.4998,0.5695,0.7006,0.7538,0.6350,0.5695,0.2991,0.4302,0.5695,0.4998,0.0410,0.0369,0.0410,0.0246,0.6950,0.7675,,0.0725,,20.58,-13.35,175.9,178.3,1.064,0.190,1.836
1791427806.3038342,0.6350,0.2991,0.5695,0.5695,0.5695,0.7538,0.8440,0.7006,0.5695,0.2458,0.4302,0.6350,0.5695,0.0410,0.0164,0.0737,0.0410,0.6950,0.7665,0.6700,0.0715,-0.0965,20.66,-13.26,175.7,177.8,1.057,0.189,1.746
1791427806.3344543,0.5695,0.7538,0.4998,0.4302,0.4302,0.6350,0.6350,0.7538,0.7538,0.2458,0.2458,0.5695,0.4998,0.0737,0.0410,0.0942,0.0410,0.6950,0.7655,,0.0705,,20.44,-13.15,176.6,177.7,1.096,0.191,
1791427806.366385,0.5695,0.7006,0.5695,0.5695,0.4302,0.6350,0.6350,0.5695,0.5695,0.4302,0.3646,0.6350,0.5695,0.0369,0.0574,0.0737,0.0369,0.6990,0.7690,0.6560,0.0700,-0.1130,20.86,-13.60,176.7,176.2,1.025,0.186,1.566
1791427806.3997877,0.4998,0.6350,0.7006,0.4302,0.4998,0.6350,0.8030,0.7006,0.7006,0.2458,0.2458,0.6350,0.6350,0.0369,0.0082,0.0737,0.0410,0.6940,0.7630,0.6500,0.0690,-0.1130,20.64,-13.89,176.8,176.4,1.050,0.187,
1791427806.433212,0.5695,0.4302,0.3646,0.4998,0.6350,0.7006,0.7006,0.7006,0.8440,0.2991,0.2991,0.5695,0.5695,0.0369,0.0246,0.0369,0.0205,0.6950,0.7600,0.6640,0.0650,-0.0960,20.40,-13.77,176.1,175.4,1.016,0.187,
1791427806.4661655,0.5695,0.4998,0.7006,0.5695,0.4998,0.5695,0.5695,0.3646,0.2458,0.1966,0.1557,0.6350,0.6350,0.0205,0.0246,0.0369,0.0410,0.6980,0.7590,0.6690,0.0610,-0.0900,19.78,-13.50,176.1,175.2,1.024,0.188,
1791427806.499124,0.7538,0.7006,0.8030,0.4998,0.4302,0.7006,0.7006,0.6350,0.4998,0.2458,0.2458,0.6350,0.5695,0.0369,0.0123,0.0737,0.0410,0.6960,0.7610,0.6560,0.0650,-0.1050,19.58,-13.54,175.7,175.1,1.077,0.189,
1791427806.5412066,0.7006,0.8030,0.4302,0.6350,0.5695,0.6350,0.7538,0.3646,0.7538,0.1557,0.2458,0.5695,0.5695,0.0737,0.0164,0.0574,0.0369,0.6930,0.7640,0.6760,0.0710,-0.0880,19.87,-13.15,175.6,175.7,1.072,0.188,
1791427806.5721898,0.6350,0.3646,0.6350,0.4998,0.6350,0.5695,0.4998,0.4998,0.4998,0.3646,0.4998,0.6350,0.6350,0.0574,0.0246,0.0737,0.0410,0.6930,0.7610,0.6710,0.0680,-0.0900,20.02,-13.10,176.0,176.0,0.985,0.187,1.598
1791427806.6037765,0.6350,0.7538,0.7538,0.5695,0.4998,0.7538,0.6350,0.5695,0.7006,0.5695,0.6350,0.5695,0.4998,0.0410,0.0574,0.0942,0.0574,0.6930,0.7620,,0.0690,,20.15,-13.15,175.0,176.7,1.009,0.186,1.708
1791427806.6353595,0.7006,0.7538,0.8030,0.4998,0.4998,0.7538,0.6350,0.5695,0.6350,0.5695,0.2458,0.5695,0.5695,0.0369,0.0123,0.0410,0.0246,0.6930,0.7605,0.6780,0.0675,-0.0825,19.80,-12.67,174.9,176.8,1.080,0.189,1.818
1791427806.6660132,0.5695,0.5695,0.4998,0.4998,0.5695,0.7006,0.7538,0.8767,0.6350,0.1557,0.5695,0.5695,0.5695,0.0410,0.0410,0.0410,0.0369,0.6970,0.7605,0.6720,0.0635,-0.0885,19.86,-12.66,175.5,176.3,0.990,0.186,1.580
1791427806.6992946,0.4998,0.6350,0.6350,0.3646,0.3646,0.7006,0.6350,0.4998,0.6350,0.2458,0.6350,0.5695,0.5695,0.0410,0.0205,0.0942,0.0205,0.6930,0.7615,0.6720,0.0685,-0.0895,19.66,-12.48,176.1,176.3,1.071,0.189,1.830
1791427806.7337048,0.6350,0.5695,0.6350,0.4302,0.4998,0.7538,0.7538,0.7006,0.6350,0.3646,0.5695,0.6350,0.5695,0.0246,0.0246,0.0369,0.0369,0.6970,0.7620,0.6750,0.0650,-0.0870,19.49,-12.25,175.9,176.6,1.082,0.189,1.781
1791427806.7657597,0.7006,0.6350,0.7006,0.4302,0.6350,0.2458,0.7538,0.5695,0.8030,0.4302,0.4302,0.6350,0.6350,0.0369,0.0369,0.0410,0.0410,0.6930,,0.6710,,,19.49,-12.25,175.9,176.6,,,
1791427806.7999647,0.4998,0.7538,0.4998,0.4302,0.6350,0.6350,0.6350,0.5695,0.7006,0.4302,0.2991,0.6350,0.5695,0.0410,0.0369,0.0369,0.0246,0.6930,0.7605,0.6600,0.0675,-0.1005,19.25,-12.30,176.8,176.4,1.137,0.192,1.841
1791427806.8399696,0.5695,0.6350,0.5695,0.4998,0.4998,0.7538,0.7538,0.7538,0.7538,0.1229,0.2991,0.6350,0.4998,0.0410,0.0246,0.0737,0.0164,0.6970,0.7650,,0.0680,,19.11,-12.23,177.3,175.9,1.138,0.194,
1791427806.8723102,0.6350,0.6350,0.7538,0.4302,0.5695,0.7538,0.6350,0.4998,0.6350,0.4302,0.5695,0.6350,0.5695,0.0246,0.0410,0.0574,0.0574,0.6930,0.7595,0.6580,0.0665,-0.1015,19.05,-12.41,176.9,176.4,1.086,0.194,1.741
1791427806.9035108,0.6350,0.5695,0.5695,0.3646,0.4998,0.7538,0.7538,0.7006,0.7006,0.2991,0.5695,0.5695,0.6350,0.0410,0.0164,0.0205,0.0369,0.6910,0.7600,0.6750,0.0690,-0.0850,19.12,-12.13,177.9,176.7,1.095,0.195,1.839
1791427806.935062,0.4998,0.6350,0.6350,0.5695,0.6350,0.8030,0.8440,0.7006,0.7006,0.2991,0.2991,0.6350,0.5695,0.0369,0.0246,0.0574,0.0410,0.6930,0.7615,0.6740,0.0685,-0.0875,19.20,-12.02,177.0,176.6,1.067,0.194,
1791427806.9670074,0.8440,0.7006,0.6350,0.4998,0.2991,0.8030,0.7538,0.6350,0.5695,0.7538,0.4302,0.5695,0.5695,0.0737,0.0737,0.0410,0.0410,0.6930,0.7615,0.6720,0.0685,-0.0895,18.86,-11.84,175.9,176.8,1.136,0.199,1.951
1791427806.999853,0.7538,0.7538,0.6350,0.5695,0.5695,0.6350,0.7538,0.6350,0.7538,0.3646,0.1229,0.6350,0.5695,0.0410,0.0246,0.0369,0.0737,0.6930,0.7585,0.6720,0.0655,-0.0865,18.86,-11.82,175.9,177.6,1.040,0.197,1.703
1791427807.0334325,0.4302,0.6350,0.4998,0.6350,0.4998,0.7538,0.5695,0.7538,0.5695,0.5695,0.6350,0.5695,0.5695,0.0369,0.0205,0.0410,0.0246,0.6930,0.7570,0.6740,0.0640,-0.0830,18.67,-11.88,175.3,178.0,0.964,0.197,1.729
1791427807.067048,0.6350,0.6350,0.5695,0.6350,0.5695,0.7538,0.8030,0.6350,0.6350,0.1557,0.1966,0.5695,0.4998,0.0574,0.0246,0.0737,0.0369,0.6930,0.7630,,0.0700,,18.98,-11.94,175.5,178.5,1.064,0.196,
1791427807.1006422,0.7538,0.7538,0.6350,0.4998,0.6350,0.6350,0.8030,0.5695,0.7006,0.4302,0.1966,0.5695,0.5695,0.0942,0.0410,0.0574,0.0574,0.6910,0.7605,0.6810,0.0695,-0.0795,19.11,-11.72,174.9,178.4,1.039,0.196,1.795
1791427807.1333747,0.7538,0.6350,0.7538,0.4998,0.5695,0.6350,0.5695,0.7006,0.7006,0.1557,0.4998,0.5695,0.4998,0.0369,0.0574,0.0410,0.0574,0.6930,0.7635,,0.0705,,19.54,-11.83,174.8,177.8,1.043,0.193,1.717
1791427807.1744153,0.7006,0.7006,0.4302,0.5695,0.5695,0.7006,0.6350,0.7538,0.7538,0.1966,0.2991,0.5695,0.4998,0.0369,0.0205,0.0574,0.0369,0.6930,0.7610,,0.0680,,19.58,-11.84,175.6,177.9,1.045,0.192,
1791427807.2053146,0.8030,0.4302,0.6350,0.5695,0.5695,0.8440,0.7006,0.6350,0.6350,0.4998,0.4998,0.6350,0.5695,0.0369,0.0410,0.0369,0.0737,0.6930,0.7570,0.6690,0.0640,-0.0880,19.38,-11.90,175.2,177.1,1.022,0.192,1.692
1791427807.2362752,0.6350,0.6350,0.4998,0.4998,0.4302,0.8030,0.7538,0.6350,0.7006,0.3646,0.4302,0.6350,0.4998,0.0369,0.0164,0.0737,0.0369,0.6930,0.7585,,0.0655,,19.56,-12.00,174.8,177.0,0.980,0.189,1.613
1791427807.2676091,0.6350,0.5695,0.6350,0.4998,0.6350,0.7006,0.7538,0.7538,0.6350,0.2991,0.4998,0.6350,0.4998,0.0205,0.0164,0.0737,0.0574,0.6930,0.7630,,0.0700,,19.43,-11.88,176.3,177.4,1.120,0.192,1.906
1791427807.300425,0.4998,0.5695,0.4302,0.4998,0.4998,0.6350,0.7006,0.6350,0.6350,0.1557,0.4998,0.7006,0.5695,0.0410,0.0369,0.0574,0.0410,0.6940,0.7580,0.6640,0.0640,-0.0940,19.08,-12.08,176.7,177.5,1.025,0.193,1.727
1791427807.3335855,0.7006,0.8030,0.4302,0.4302,0.6350,0.6350,0.6350,0.7006,0.7006,0.2458,0.5695,0.5695,0.5695,0.0369,0.0123,0.0369,0.0164,0.6930,0.7610,0.6720,0.0680,-0.0890,19.28,-12.09,176.4,178.3,1.036,0.192,1.804
1791427807.3669202,0.6350,0.7538,0.8030,0.5695,0.5695,0.8030,0.8030,0.6350,0.7538,0.1557,0.1229,0.5695,0.4998,0.0942,0.0369,0.0574,0.0574,0.6930,0.7650,,0.0720,,19.35,-11.89,176.8,178.6,1.188,0.194,
1791427807.4004562,0.7006,0.5695,0.6350,0.4302,0.5695,0.6350,0.5695,0.7006,0.8030,0.4302,0.3646,0.6350,0.5695,0.0410,0.0205,0.0369,0.0574,0.6970,0.7625,0.6760,0.0655,-0.0865,19.29,-11.71,177.6,178.8,1.112,0.193,1.805
1791427807.4416385,0.6350,0.4998,0.5695,0.4998,0.5695,0.7538,0.8440,0.6350,0.7006,0.2458,0.6350,0.6350,0.4998,0.0369,0.0410,0.0369,0.0410,0.6930,0.7615,,0.0685,,19.10,-11.71,178.9,178.4,1.080,0.196,1.874
1791427807.4732766,0.4998,0.5695,0.4998,0.4998,0.6350,0.7538,0.5695,0.7006,0.7538,0.2991,0.3646,0.7006,0.6350,0.0574,0.0574,0.0410,0.0410,0.6930,0.7610,0.6740,0.0680,-0.0870,19.06,-11.68,179.2,179.0,1.067,0.196,1.825
1791427807.5037167,0.6350,0.2991,0.7006,0.6350,0.5695,0.8440,0.5695,0.7538,0.7006,0.2991,0.4998,0.6350,0.6350,0.0574,0.0246,0.0369,0.0737,0.6930,0.7620,0.6710,0.0690,-0.0910,19.06,-11.68,179.3,178.2,1.099,0.197,1.862
1791427807.5367558,0.4998,0.5695,0.4302,0.4998,0.6350,0.8030,0.7538,0.5695,0.5695,0.5695,0.3646,0.5695,0.5695,0.0574,0.0246,0.0574,0.0369,0.6970,0.7635,0.6740,0.0665,-0.0895,19.13,-11.69,178.8,177.3,1.077,0.195,1.746
1791427807.568115,0.6350,0.4998,0.5695,0.4302,0.5695,0.8030,0.8440,0.7006,0.7538,0.2458,0.7006,0.6350,0.5695,0.0737,0.0369,0.0574,0.0205,0.7000,0.7635,0.6790,0.0635,-0.0845,19.33,-11.69,179.1,177.4,1.021,0.191,1.656
1791427807.600404,0.3646,0.7006,0.4302,0.3646,0.5695,0.8440,0.7006,0.6350,0.7538,0.2991,0.4998,0.5695,0.5695,0.0369,0.0369,0.0369,0.0369,0.7000,0.7620,0.6780,0.0620,-0.0840,19.38,-11.76,179.2,176.9,0.983,0.187,1.634
1791427807.6340868,0.6350,0.6350,0.6350,0.4998,0.4998,0.7006,0.7538,0.7006,0.6350,0.4998,0.4998,0.6350,0.5695,0.0410,0.0410,0.0205,0.0410,0.6930,0.7590,0.6600,0.0660,-0.0990,19.20,-11.99,179.3,177.0,1.083,0.189,1.750
1791427807.667994,0.6350,0.6350,0.7538,0.4998,0.5695,0.8030,0.7006,0.5695,0.6350,0.1966,0.2458,0.5695,0.4302,0.0369,0.0369,0.0205,0.0164,0.6930,0.7630,,0.0700,,19.33,-11.95,179.9,177.3,1.091,0.190,
1791427807.7000644,0.6350,0.6350,0.6350,0.4302,0.5695,0.4302,0.6350,0.6350,0.7006,0.2458,0.6350,0.7006,0.6350,0.0369,0.0123,0.0574,0.0410,0.6930,0.7620,0.6750,0.0690,-0.0870,19.51,-11.92,178.1,176.7,1.043,0.190,1.810
1791427807.7341866,0.2458,0.4998,0.4302,0.5695,0.7006,0.6350,0.6350,0.7538,0.6350,0.2991,0.4302,0.5695,0.4998,0.0410,0.0410,0.0574,0.0369,,0.7615,,,,19.51,-11.92,176.9,175.5,1.101,0.190,
1791427807.7738953,0.7006,0.5695,0.7006,0.7006,0.4998,0.7006,0.7538,0.7006,0.7006,0.3646,0.3646,0.5695,0.4998,0.0369,0.0246,0.0369,0.0410,0.6970,0.7600,,0.0630,,19.50,-12.10,175.6,175.3,0.959,0.187,1.569
1791427807.806818,0.4302,0.3646,0.7006,0.4998,0.5695,0.4998,0.8440,0.6350,0.7538,0.3646,0.5695,0.6350,0.5695,0.0942,0.0410,0.0942,0.0410,0.6920,0.7660,0.6730,0.0740,-0.0930,19.97,-12.00,175.5,175.3,1.128,0.187,1.709
1791427807.8380196,0.3646,0.4302,0.7006,0.4302,0.8030,0.7006,0.7006,0.6350,0.7006,0.2991,0.1966,0.5695,0.5695,0.0410,0.0369,0.0410,0.0246,0.6920,0.7630,0.6780,0.0710,-0.0850,19.93,-11.85,174.8,175.9,1.068,0.189,
1791427807.8693244,0.5695,0.5695,0.7006,0.4998,0.5695,0.6350,0.5695,0.7538,0.5695,0.2991,0.3646,0.5695,0.5695,0.0410,0.0246,0.0574,0.0369,0.6920,0.7630,0.6760,0.0710,-0.0870,20.04,-11.86,173.7,177.2,1.033,0.189,1.774
1791427807.9014194,0.7006,0.7006,0.6350,0.6350,0.4998,0.7538,0.5695,0.5695,0.7538,0.3646,0.2458,0.4998,0.5695,0.0369,0.0574,0.0942,0.0205,0.6920,0.7600,,0.0680,,20.19,-11.86,173.2,177.2,1.021,0.187,1.634
1791427807.9342575,0.7006,0.7006,0.4302,0.4302,0.4998,0.2991,0.7538,0.9423,0.8030,0.4998,0.3646,0.5695,0.5695,0.0574,0.0574,0.0574,0.0369,0.6900,,0.6760,,,20.19,-11.86,173.2,177.2,,,
1791427807.9680681,0.6350,0.4302,0.4302,0.6350,0.8030,0.7538,0.4998,0.7006,0.7006,0.3646,0.2991,0.5695,0.6350,0.0410,0.0369,0.0369,0.0369,0.6970,0.7600,0.6780,0.0630,-0.0820,19.78,-11.80,173.3,177.4,1.002,0.188,1.738
1791427808.0014048,0.4302,0.6350,0.4998,0.5695,0.5695,0.6350,0.8030,0.7538,0.7538,0.7006,0.2458,0.6350,0.5695,0.0246,0.0410,0.0737,0.0369,0.6970,0.7610,0.6780,0.0640,-0.0830,19.39,-11.63,173.2,177.7,1.071,0.190,1.841
1791427808.0434806,0.3646,0.5695,0.7006,0.6350,0.5695,0.7006,0.7006,0.6350,0.5695,0.3646,0.5695,0.6350,0.5695,0.0574,0.0246,0.0410,0.0369,0.6920,0.7610,0.6780,0.0690,-0.0830,19.47,-11.56,173.4,176.7,1.040,0.190,1.669
1791427808.0749793,0.3646,0.5695,0.7538,0.7006,0.4998,0.8030,0.6350,0.7006,0.4302,0.2991,0.3646,0.5695,0.5695,0.0246,0.0369,0.0737,0.0410,0.6970,0.7605,0.6780,0.0635,-0.0825,19.25,-11.52,175.3,176.2,1.029,0.191,1.723
1791427808.1063626,0.7538,0.6350,0.6350,0.4998,0.5695,0.4302,0.7006,0.5695,0.7538,0.2458,0.5695,0.5695,0.5695,0.1229,0.0574,0.0574,0.0410,0.6900,0.7615,0.6770,0.0715,-0.0845,19.17,-11.33,174.9,175.6,1.126,0.194,1.926
1791427808.1381474,0.6350,0.7006,0.6350,0.4998,0.6350,0.7006,0.7538,0.5695,0.7006,0.2991,0.1966,0.5695,0.5695,0.0369,0.0574,0.0574,0.0574,0.6920,0.7635,0.6740,0.0715,-0.0895,19.57,-11.45,175.2,174.6,1.059,0.192,
1791427808.170229,0.7538,0.6350,0.7006,0.5695,0.5695,0.7538,0.6350,0.5695,0.7538,0.2991,0.7006,0.6350,0.5695,0.0369,0.0410,0.0737,0.0369,0.7000,0.7620,0.6750,0.0620,-0.0870,18.98,-11.39,174.6,174.8,1.101,0.195,1.854
1791427808.2020817,0.6350,0.6350,0.7006,0.4998,0.6350,0.7006,0.7538,0.5695,0.7006,0.5695,0.2458,0.5695,0.5695,0.0246,0.0737,0.0737,0.0369,0.6970,0.7590,0.6780,0.0620,-0.0810,18.90,-11.39,174.3,175.0,1.004,0.193,1.660
1791427808.2352571,0.5695,0.7006,0.6350,0.4998,0.5695,0.5695,0.8030,0.5695,0.6350,0.6350,0.2991,0.6350,0.4998,0.0737,0.0369,0.0410,0.0574,0.6970,0.7600,,0.0630,,18.93,-11.39,174.0,175.2,1.041,0.191,1.786
1791427808.2679327,0.5695,0.4998,0.6350,0.7006,0.4998,0.7538,0.7006,0.7006,0.6350,0.3646,0.2458,0.5695,0.4998,0.0369,0.0369,0.0737,0.0369,0.6920,0.7605,,0.0685,,19.18,-11.44,173.9,175.9,1.022,0.190,1.653
1791427808.3018317,0.6350,0.7006,0.7538,0.6350,0.4998,0.7538,0.7006,0.5695,0.7538,0.2991,0.2458,0.5695,0.5695,0.0574,0.0205,0.0574,0.0737,0.6910,0.7585,0.6760,0.0675,-0.0825,19.11,-11.40,174.4,176.2,1.036,0.191,
1791427808.345273,0.7006,0.5695,0.8030,0.5695,0.7006,0.4998,0.4998,0.7538,0.6350,0.1966,0.1966,0.5695,0.5695,0.0410,0.0164,0.0410,0.0369,0.6910,0.7605,0.6740,0.0695,-0.0865,19.23,-11.36,174.9,176.6,1.095,0.192,
1791427808.3762937,0.6350,0.8030,0.4302,0.6350,0.4302,0.5695,0.5695,0.6350,0.7006,0.1966,0.2458,0.6350,0.4998,0.0410,0.0410,0.0942,0.0246,0.6910,0.7595,,0.0685,,19.31,-11.38,175.0,176.5,1.031,0.192,
1791427808.408356,0.6350,0.6350,0.4998,0.4998,0.5695,0.7006,0.6350,0.4998,0.8030,0.2991,0.2458,0.4998,0.6350,0.0410,0.0574,0.0369,0.0369,0.7000,0.7620,,0.0620,,19.20,-11.48,176.4,176.2,1.024,0.190,
1791427808.4380476,0.2991,0.6350,0.4998,0.5695,0.5695,0.7538,0.6350,0.7538,0.7538,0.3646,0.2458,0.6350,0.6350,0.0369,0.0369,0.0574,0.0737,,0.7640,0.6770,,-0.0870,19.20,-11.48,176.1,176.1,0.981,0.190,
1791427808.4704974,0.6350,0.2991,0.5695,0.4998,0.5695,0.3646,0.7538,0.8440,0.7006,0.1966,0.3646,0.5695,0.5695,0.0369,0.0123,0.0410,0.0369,0.7000,0.7650,0.6700,0.0650,-0.0950,18.99,-11.56,175.7,176.7,1.131,0.192,1.846
1791427808.5023994,0.5695,0.4998,0.8030,0.4998,0.5695,0.6350,0.5695,0.5695,0.7538,0.4302,0.4302,0.6350,0.4998,0.0369,0.0574,0.0574,0.0410,0.6920,0.7625,,0.0705,,19.03,-11.58,175.1,176.8,1.067,0.194,1.842
1791427808.536112,0.7538,0.6350,0.4998,0.6350,0.7006,0.7538,0.6350,0.4302,0.7006,0.2991,0.5695,0.6350,0.5695,0.0574,0.0574,0.0737,0.0369,0.6920,0.7605,0.6700,0.0685,-0.0905,19.12,-11.61,174.3,178.1,1.091,0.194,1.917
1791427808.5676625,0.7006,0.6350,0.4302,0.7006,0.5695,0.4998,0.5695,0.5695,0.6350,0.1966,0.6350,0.5695,0.4998,0.0410,0.0737,0.0737,0.0369,0.6920,0.7605,,0.0685,,19.20,-11.70,174.8,178.2,1.014,0.194,1.808
1791427808.6025438,0.6350,0.6350,0.7006,0.4998,0.4302,0.8030,0.5695,0.7006,0.7006,0.3646,0.7006,0.6350,0.4998,0.0246,0.0246,0.0369,0.0369,0.6920,0.7610,,0.0690,,18.91,-11.59,174.3,179.1,1.106,0.198,1.901
1791427808.635673,0.8767,0.4998,0.4998,0.3646,0.4998,0.5695,0.5695,0.5695,0.7006,0.2991,0.1966,0.6350,0.4998,0.0369,0.0246,0.0410,0.0369,0.6920,0.7610,,0.0690,,18.83,-11.62,174.0,179.5,1.049,0.199,
1791427808.676107,0.5695,0.4302,0.5695,0.5695,0.7006,0.3646,0.6350,0.7006,0.7538,0.2991,0.5695,0.5695,0.6350,0.0410,0.0737,0.0369,0.0164,0.6920,0.7605,0.6640,0.0685,-0.0965,18.85,-11.75,174.5,178.3,1.111,0.200,1.840
1791427808.7075276,0.8440,0.8030,0.4998,0.4998,0.6350,0.6350,0.5695,0.7006,0.8030,0.3646,0.2991,0.6350,0.4998,0.0942,0.0246,0.0410,0.0737,0.6920,0.7595,,0.0675,,18.99,-11.77,174.4,178.8,1.045,0.198,1.740
1791427808.7390814,0.7006,0.4998,0.4302,0.3646,0.4998,0.8440,0.7538,0.5695,0.7006,0.2991,0.1557,0.5695,0.5695,0.0574,0.0410,0.0410,0.0410,0.6970,0.7615,0.6740,0.0645,-0.0875,18.96,-11.75,174.1,179.1,1.058,0.196,
1791427808.76975,0.6350,0.4998,0.4998,0.4302,0.6350,0.7006,0.7006,0.7538,0.6350,0.5695,0.5695,0.5695,0.5695,0.0410,0.0369,0.0574,0.0574,0.6930,0.7610,0.6800,0.0680,-0.0810,18.85,-11.48,174.1,178.4,1.101,0.197,1.863
1791427808.8018508,0.4302,0.3646,0.7006,0.3646,0.4998,0.4998,0.5695,0.7538,0.5695,0.3646,0.1966,0.5695,0.6350,0.0574,0.0369,0.0737,0.0410,0.6970,0.7600,0.6780,0.0630,-0.0820,18.83,-11.41,175.5,178.4,1.045,0.195,1.694
1791427808.8358476,0.5695,0.6350,0.5695,0.6350,0.5695,0.8440,0.5695,0.7538,0.7006,0.1557,0.1966,0.6350,0.5695,0.0369,0.0246,0.0942,0.0574,0.6970,0.7625,0.6740,0.0655,-0.0885,18.79,-11.48,176.0,178.7,1.062,0.195,
1791427808.8694105,0.7538,0.6350,0.7538,0.4998,0.5695,0.4998,0.7006,0.7006,0.6350,0.3646,0.4998,0.5695,0.5695,0.0737,0.0164,0.0942,0.0574,0.6970,0.7595,0.6710,0.0625,-0.0885,18.46,-11.45,175.7,178.1,1.102,0.196,1.839
1791427808.903629,0.7006,0.7538,0.4302,0.5695,0.6350,0.7006,0.7006,0.7538,0.7538,0.2458,0.2991,0.5695,0.5695,0.0369,0.0410,0.0410,0.0410,0.6930,0.7640,0.6660,0.0710,-0.0980,18.69,-11.57,175.5,178.4,1.151,0.197,
1791427808.9435914,0.5695,0.7006,0.5695,0.4302,0.4998,0.7006,0.8030,0.7006,0.6350,0.4302,0.1557,0.6350,0.5695,0.0737,0.0123,0.0942,0.0369,0.6970,0.7630,0.6740,0.0660,-0.0890,18.85,-11.59,174.9,178.7,1.081,0.195,1.794
1791427808.9758701,0.8440,0.4998,0.4998,0.4998,0.5695,0.5695,0.8440,0.4998,0.7538,0.3646,0.4302,0.5695,0.5695,0.0574,0.0369,0.0737,0.0574,0.6930,0.7585,0.6520,0.0655,-0.1065,18.84,-12.08,174.4,178.3,1.060,0.194,1.714
1791427809.0075395,0.5695,0.7538,0.6350,0.4302,0.5695,0.8440,0.6350,0.4998,0.6350,0.2991,0.7006,0.4998,0.6350,0.0574,0.0410,0.0737,0.0369,0.6970,0.7620,,0.0650,,18.90,-12.15,175.2,178.5,1.063,0.193,1.742
1791427809.0395086,0.6350,0.6350,0.7006,0.4302,0.4302,0.7538,0.6350,0.6350,0.5695,0.4302,0.3646,0.6350,0.4998,0.0410,0.0369,0.0737,0.0369,0.6930,0.7615,,0.0685,,19.25,-12.27,174.8,178.1,1.023,0.191,1.685
1791427809.0709836,0.7538,0.7006,0.4998,0.4998,0.4998,0.7538,0.7538,0.7006,0.6350,0.4302,0.6350,0.7006,0.5695,0.0410,0.0574,0.0574,0.0574,0.6970,0.7590,0.6600,0.0620,-0.0990,19.03,-12.39,175.8,178.4,1.087,0.190,1.757
1791427809.103073,0.7006,0.7006,0.7006,0.5695,0.5695,0.7006,0.7538,0.5695,0.8440,0.2458,0.4998,0.5695,0.4998,0.0410,0.0410,0.0410,0.0410,0.6910,0.7635,,0.0725,,19.19,-12.38,175.3,177.6,1.105,0.193,1.874
1791427809.1355002,0.6350,0.2458,0.4998,0.4302,0.4998,0.2991,0.6350,0.2991,0.5695,0.3646,0.6350,0.7006,0.4998,0.0369,0.0574,0.0369,0.0574,0.6970,,,,,19.19,-12.38,175.3,177.6,,,
1791427809.1699898,0.3646,0.4302,0.4998,0.3646,0.6350,0.7006,0.7006,0.5695,0.6350,0.2458,0.1557,0.7006,0.5695,0.0410,0.0574,0.0737,0.0369,0.6970,0.7600,0.6750,0.0630,-0.0850,19.04,-12.27,174.6,178.4,1.015,0.192,
1791427809.2023838,0.7006,0.5695,0.5695,0.6350,0.7006,0.8440,0.6350,0.5695,0.7538,0.1557,0.1966,0.5695,0.6350,0.0410,0.0410,0.0942,0.0369,0.6970,0.7605,0.6740,0.0635,-0.0865,18.79,-12.16,176.5,178.7,1.045,0.193,
1791427809.2364838,0.6350,0.4998,0.4998,0.4302,0.4302,0.8440,0.7538,0.6350,0.4302,0.1557,0.5695,0.6350,0.5695,0.0410,0.0574,0.0942,0.0574,0.6910,0.7630,0.6730,0.0720,-0.0900,18.90,-11.94,177.1,179.1,1.146,0.195,1.968
1791427809.2775283,0.4998,0.4998,0.3646,0.4998,0.4302,0.7538,0.8030,0.7006,0.7538,0.2991,0.2458,0.5695,0.4998,0.0369,0.0369,0.0574,0.0369,0.6930,0.7630,,0.0700,,19.06,-11.88,176.4,179.5,1.126,0.196,
1791427809.308921,0.5695,0.6350,0.7538,0.4998,0.7006,0.8030,0.7006,0.8030,0.7538,0.1966,0.0942,0.5695,0.4998,0.0574,0.0205,0.0737,0.0574,0.6930,0.7635,,0.0705,,18.94,-11.73,177.5,180.0,1.177,0.199,
1791427809.341759,0.8030,0.4998,0.4998,0.3646,0.6350,0.7538,0.7006,0.7538,0.7538,0.3646,0.2458,0.5695,0.4998,0.0737,0.0369,0.0737,0.0410,0.6930,0.7620,,0.0690,,19.19,-11.83,177.2,179.8,1.057,0.196,1.688
1791427809.3720453,0.7006,0.7006,0.6350,0.4302,0.5695,0.6350,0.6350,0.6350,0.7538,0.4998,0.4998,0.7006,0.6350,0.0369,0.0574,0.0942,0.0369,0.6930,0.7635,0.6670,0.0705,-0.0965,19.56,-12.03,176.4,179.9,1.060,0.193,1.697
1791427809.4031196,0.5695,0.8030,0.5695,0.4302,0.5695,0.7006,0.6350,0.6350,0.6350,0.4998,0.2991,0.6350,0.5695,0.0410,0.0574,0.0164,0.0246,0.6930,0.7630,0.6800,0.0700,-0.0830,19.55,-11.77,176.9,179.7,1.095,0.194,1.854
1791427809.4357307,0.7006,0.4302,0.6350,0.6350,0.5695,0.7006,0.8030,0.7538,0.5695,0.1557,0.2458,0.6350,0.4998,0.0410,0.0205,0.0942,0.0410,0.6930,0.7605,,0.0675,,19.76,-11.87,177.3,180.0,1.018,0.191,
1791427809.4694352,0.5695,0.5695,0.4998,0.4998,0.5695,0.7006,0.6350,0.7006,0.8030,0.1966,0.4998,0.6350,0.6350,0.0410,0.0410,0.0410,0.0942,0.6970,0.7585,0.6800,0.0615,-0.0785,19.34,-11.70,177.1,179.4,1.010,0.192,1.733
1791427809.502292,0.7006,0.5695,0.5695,0.4998,0.4302,0.2991,0.8440,0.7538,0.8030,0.3646,0.2991,0.6350,0.4998,0.0410,0.0410,0.0574,0.0410,0.6930,,,,,19.34,-11.70,177.1,179.4,,,
1791427809.5361161,0.5695,0.6350,0.6350,0.4998,0.4998,0.6350,0.7006,0.4998,0.6350,0.4998,0.2991,0.6350,0.6350,0.0410,0.0410,0.0574,0.0737,0.6920,0.7575,0.6790,0.0655,-0.0785,19.07,-11.52,177.3,179.5,1.034,0.194,1.788
1791427809.569458,0.6350,0.4998,0.6350,0.4998,0.7006,0.6350,0.8030,0.7538,0.6350,0.3646,0.4998,0.6350,0.4998,0.0246,0.0246,0.0574,0.0737,0.6920,0.7630,,0.0710,,19.33,-11.57,176.6,178.7,1.059,0.193,1.721
1791427809.6095498,0.6350,0.4998,0.4302,0.5695,0.6350,0.5695,0.8440,0.4998,0.7006,0.2991,0.6350,0.5695,0.4998,0.0574,0.0369,0.0574,0.0410,0.6940,0.7620,,0.0680,,19.45,-11.68,176.3,177.9,1.020,0.192,1.654
1791427809.6417472,0.7538,0.4998,0.7006,0.5695,0.5695,0.7006,0.7538,0.7006,0.7538,0.4998,0.5695,0.6350,0.5695,0.0410,0.0369,0.0574,0.0164,0.6920,0.7595,0.6800,0.0675,-0.0795,19.44,-11.56,177.0,177.5,1.017,0.192,1.772
1791427809.6729321,0.7006,0.6350,0.4302,0.5695,0.7538,0.7006,0.7006,0.5695,0.7006,0.1966,0.2458,0.5695,0.4998,0.0574,0.0410,0.0410,0.0369,0.6940,0.7580,,0.0640,,19.27,-11.62,178.0,177.9,0.980,0.192,
1791427809.704786,0.5695,0.5695,0.6350,0.3646,0.1966,0.3646,0.8030,0.5695,0.7006,0.1966,0.1966,0.4998,0.6350,0.0574,0.0205,0.0737,0.0410,0.6940,0.7590,,0.0650,,18.76,-11.50,177.8,178.3,1.071,0.196,
1791427809.7361987,0.5695,0.4998,0.7006,0.6350,0.4998,0.4302,0.5695,0.7006,0.6350,0.4998,0.5695,0.7006,0.4998,0.0410,0.0574,0.0369,0.0410,0.6940,0.7595,,0.0655,,18.52,-11.32,176.6,177.6,1.116,0.198,1.846
1791427809.770045,0.5695,0.7538,0.6350,0.6350,0.5695,0.4998,0.7538,0.6350,0.6350,0.4302,0.4302,0.5695,0.4998,0.0410,0.0369,0.0410,0.0737,0.6920,0.7605,,0.0685,,18.68,-11.43,176.4,177.6,1.007,0.198,1.691
1791427809.8042681,0.6350,0.5695,0.4998,0.6350,0.4302,0.8440,0.6350,0.6350,0.5695,0.3646,0.5695,0.5695,0.5695,0.0369,0.0369,0.0737,0.0164,0.6980,0.7600,0.6760,0.0620,-0.0840,18.69,-11.45,176.3,177.4,1.028,0.195,1.605
1791427809.8370297,0.6350,0.4998,0.5695,0.4998,0.5695,0.7006,0.5695,0.8030,0.6350,0.1966,0.4302,0.7006,0.5695,0.0369,0.0410,0.0942,0.0574,0.6920,0.7605,0.6720,0.0685,-0.0885,18.88,-11.54,176.7,176.7,1.050,0.194,1.729
1791427809.8708947,0.5695,0.6350,0.7538,0.4998,0.4998,0.6350,0.6350,0.6350,0.8440,0.1966,0.6350,0.4998,0.5695,0.0164,0.0574,0.0737,0.0369,0.6940,0.7610,,0.0670,,18.59,-11.41,177.8,177.4,1.117,0.198,1.946
1791427809.904061,0.6350,0.5695,0.6350,0.4998,0.7006,0.7006,0.6350,0.7538,0.6350,0.1966,0.6350,0.5695,0.6350,0.0369,0.0246,0.0410,0.0410,0.6920,0.7595,0.6700,0.0675,-0.0895,18.64,-11.45,177.5,177.6,1.090,0.198,1.821
1791427809.9452834,0.6350,0.4998,0.7006,0.4302,0.4998,0.7006,0.5695,0.5695,0.8030,0.1557,0.6350,0.6350,0.6350,0.0246,0.0410,0.0410,0.0205,0.6980,0.7595,0.6710,0.0615,-0.0885,18.54,-11.53,177.9,178.0,1.055,0.196,1.762
1791427809.9773793,0.5695,0.5695,0.7538,0.5695,0.5695,0.5695,0.6350,0.8030,0.6350,0.2991,0.3646,0.4998,0.4998,0.0369,0.0369,0.0574,0.0369,0.6940,0.7665,,0.0725,,19.04,-11.78,177.6,177.2,1.022,0.194,1.695
1791427810.0094776,0.8030,0.4998,0.5695,0.4302,0.4998,0.7538,0.6350,0.6350,0.4998,0.2458,0.1557,0.6350,0.4998,0.0410,0.0246,0.0410,0.0410,0.6940,0.7625,,0.0685,,19.35,-11.82,178.7,177.5,1.054,0.192,
1791427810.0406818,0.8030,0.4998,0.5695,0.4998,0.4998,0.7538,0.7006,0.6350,0.6350,0.3646,0.1557,0.5695,0.4998,0.0369,0.0574,0.0574,0.0164,0.6940,0.7610,,0.0670,,19.26,-11.76,177.6,177.5,1.075,0.193,1.840
1791427810.0715845,0.7006,0.3646,0.5695,0.5695,0.5695,0.4998,0.6350,0.7538,0.7006,0.1557,0.2991,0.5695,0.5695,0.0574,0.0123,0.0942,0.0574,0.6940,0.7610,0.6800,0.0670,-0.0810,19.26,-11.65,178.7,178.0,1.021,0.192,
1791427810.104005,0.7538,0.5695,0.6350,0.4302,0.7006,0.7006,0.6350,0.6350,0.7006,0.2458,0.1966,0.5695,0.5695,0.0369,0.0410,0.0942,0.0369,0.6970,0.7605,0.6770,0.0635,-0.0835,19.05,-11.71,178.0,178.3,0.987,0.192,
1791427810.1370866,0.5695,0.7538,0.6350,0.6350,0.7006,0.8030,0.3646,0.6350,0.4998,0.4998,0.4998,0.6350,0.4998,0.0369,0.0369,0.0574,0.0164,0.6970,0.7605,,0.0635,,18.67,-11.72,177.1,178.0,1.026,0.195,1.762
1791427810.1708212,0.5695,0.7006,0.6350,0.4998,0.4302,0.7006,0.6350,0.7538,0.6350,0.3646,0.3646,0.6350,0.5695,0.0246,0.0574,0.0410,0.0410,0.7010,0.7585,0.6810,0.0575,-0.0775,17.93,-11.40,176.4,177.2,1.080,0.198,1.817
1791427810.2034843,0.8767,0.4998,0.4998,0.5695,0.5695,0.5695,0.8440,0.5695,0.7538,0.2458,0.6350,0.5695,0.5695,0.0574,0.0410,0.0942,0.0574,0.6940,0.7620,0.6740,0.0680,-0.0880,18.55,-11.54,175.9,176.7,1.025,0.194,1.663
1791427810.2373402,0.6350,0.6350,0.8030,0.6350,0.4998,0.7006,0.7006,0.5695,0.7538,0.3646,0.4998,0.5695,0.5695,0.0574,0.0410,0.0574,0.0369,0.6980,0.7655,0.6790,0.0675,-0.0865,18.43,-11.49,175.4,176.7,1.081,0.196,1.806
1791427810.2791653,0.4302,0.6350,0.7538,0.5695,0.5695,0.7538,0.8030,0.7538,0.8440,0.4998,0.4302,0.6350,0.5695,0.0246,0.0410,0.0369,0.0369,0.6920,0.7595,0.6610,0.0675,-0.0985,18.45,-11.81,174.9,177.4,1.060,0.197,1.782
1791427810.31023,0.6350,0.4302,0.4302,0.6350,0.6350,0.7538,0.7538,0.4998,0.7006,0.2991,0.6350,0.5695,0.4998,0.0410,0.0246,0.0410,0.0164,0.6940,0.7600,,0.0660,,18.46,-11.87,175.2,177.1,1.010,0.197,1.725
1791427810.342054,0.4998,0.4302,0.6350,0.6350,0.4998,0.6350,0.7538,0.7538,0.6350,0.4302,0.5695,0.5695,0.5695,0.0574,0.0246,0.0737,0.0369,0.6940,0.7595,0.6690,0.0655,-0.0905,18.60,-11.98,174.9,177.5,1.027,0.196,1.715
1791427810.3727868,0.4998,0.7006,0.5695,0.6350,0.5695,0.6350,0.7006,0.5695,0.4998,0.1966,0.3646,0.6350,0.5695,0.0410,0.0246,0.0737,0.0410,0.6920,0.7585,0.6730,0.0665,-0.0855,18.82,-11.99,175.5,177.4,1.005,0.194,1.688
1791427810.4050353,0.6350,0.7006,0.7006,0.5695,0.2991,0.6350,0.8030,0.5695,0.6350,0.2458,0.2991,0.5695,0.4998,0.0574,0.0205,0.0410,0.0369,0.6940,0.7610,,0.0670,,19.07,-11.97,175.3,177.5,1.047,0.191,
1791427810.437584,0.6350,0.5695,0.7538,0.4998,0.7006,0.7006,0.7006,0.5695,0.7006,0.4302,0.4998,0.5695,0.4998,0.0410,0.0246,0.0410,0.0369,0.6920,0.7620,,0.0700,,19.11,-11.88,174.8,177.5,1.095,0.193,1.805
1791427810.4710395,0.7538,0.6350,0.7006,0.5695,0.6350,0.8030,0.8030,0.7538,0.7006,0.1966,0.4302,0.5695,0.4998,0.0246,0.0164,0.0410,0.0164,0.6940,0.7610,,0.0670,,19.13,-11.90,177.2,176.8,1.041,0.193,1.753
1791427810.5043678,0.6350,0.4998,0.6350,0.3646,0.7006,0.7538,0.7006,0.6350,0.7006,0.4302,0.5695,0.6350,0.4998,0.0410,0.0410,0.0574,0.0205,0.6920,0.7605,,0.0685,,19.21,-11.89,176.4,177.1,1.048,0.193,1.753
1791427810.5383663,0.8030,0.7538,0.5695,0.4998,0.7538,0.6350,0.7006,0.7006,0.8030,0.1966,0.4998,0.6350,0.4998,0.0369,0.0410,0.0737,0.0574,0.6940,0.7570,,0.0630,,18.82,-11.73,176.9,177.7,1.076,0.195,1.856
1791427810.579207,0.7538,0.2991,0.7006,0.5695,0.4302,0.5695,0.5695,0.8030,0.7538,0.2991,0.3646,0.5695,0.6350,0.0410,0.0369,0.0574,0.0369,0.6940,0.7640,0.6780,0.0700,-0.0860,18.86,-11.57,176.9,177.4,1.111,0.197,1.870
1791427810.6110904,0.6350,0.7538,0.7006,0.6350,0.6350,0.7006,0.8030,0.7006,0.6350,0.2991,0.4302,0.6350,0.4998,0.0410,0.0574,0.0369,0.0205,0.6940,0.7625,,0.0685,,18.86,-11.62,176.2,176.7,1.061,0.197,1.762
1791427810.6421387,0.6350,0.6350,0.7538,0.4998,0.6350,0.6350,0.7006,0.6350,0.6350,0.2991,0.5695,0.6350,0.4998,0.0737,0.0246,0.0737,0.0410,0.6940,0.7605,,0.0665,,18.72,-11.56,176.0,177.0,1.082,0.198,1.817
1791427810.6734896,0.4998,0.4998,0.4302,0.6350,0.4998,0.6350,0.5695,0.8030,0.7538,0.1229,0.2991,0.5695,0.4998,0.0369,0.0410,0.0574,0.0574,0.6980,0.7595,,0.0615,,18.59,-11.68,176.2,177.3,0.994,0.196,
1791427810.7044063,0.6350,0.6350,0.8030,0.4998,0.5695,0.4302,0.6350,0.6350,0.7538,0.2991,0.4302,0.5695,0.6350,0.0246,0.0942,0.0942,0.0574,0.6940,0.7625,0.6770,0.0685,-0.0855,18.87,-11.68,176.2,177.0,1.035,0.195,1.652
1791427810.737143,0.7538,0.5695,0.7006,0.4998,0.4998,0.5695,0.7538,0.6350,0.4998,0.1966,0.2991,0.4998,0.4998,0.0410,0.0410,0.0369,0.0205,0.6920,0.7610,,0.0690,,19.07,-11.71,176.7,177.3,1.033,0.194,
1791427810.771479,0.4302,0.4998,0.7538,0.5695,0.6350,0.6350,0.7006,0.5695,0.6350,0.2991,0.5695,0.5695,0.5695,0.0574,0.0369,0.1229,0.0369,0.6920,0.7590,0.6730,0.0670,-0.0860,18.97,-11.83,177.0,176.7,0.983,0.195,1.763
1791427810.8050203,0.7006,0.5695,0.4998,0.4998,0.5695,0.2458,0.7538,0.5695,0.8440,0.6350,0.4998,0.6350,0.6350,0.0369,0.0205,0.0942,0.0574,0.6950,,0.6750,,,18.97,-11.83,177.0,176.7,,,
1791427810.8374784,0.7538,0.4998,0.7006,0.4302,0.5695,0.3646,0.6350,0.7006,0.6350,0.4302,0.4998,0.5695,0.4998,0.0205,0.0205,0.0410,0.0574,0.6990,0.7610,,0.0620,,18.69,-11.71,176.2,176.3,1.090,0.195,1.802
1791427810.871378,0.7006,0.4998,0.7006,0.4302,0.5695,0.4302,0.8030,0.4302,0.8030,0.3646,0.3646,0.5695,0.4998,0.0410,0.0369,0.0410,0.0574,0.6930,0.7620,,0.0690,,18.92,-11.71,175.7,176.2,1.063,0.194,1.736
1791427810.9116206,0.7006,0.5695,0.7538,0.5695,0.5695,0.6350,0.8030,0.8030,0.7006,0.1966,0.7006,0.6350,0.5695,0.0246,0.0369,0.0737,0.0369,0.6950,0.7610,0.6720,0.0660,-0.0890,19.07,-11.87,175.9,176.3,0.999,0.192,1.662
1791427810.9429805,0.7006,0.5695,0.5695,0.4998,0.4998,0.7538,0.6350,0.5695,0.7006,0.3646,0.2991,0.5695,0.6350,0.0369,0.0369,0.0369,0.0369,0.6990,0.7620,0.6750,0.0630,-0.0870,18.61,-11.78,175.7,176.0,1.074,0.195,1.827
1791427810.9753828,0.4998,0.6350,0.7538,0.4998,0.7006,0.7538,0.7006,0.7006,0.7006,0.1557,0.2991,0.6350,0.6350,0.0369,0.0410,0.0369,0.0369,0.6930,0.7605,0.6810,0.0675,-0.0795,18.72,-11.64,176.7,176.3,1.018,0.195,
1791427811.0063078,0.5695,0.4998,0.5695,0.4998,0.4998,0.6350,0.6350,0.6350,0.7006,0.1557,0.6350,0.5695,0.5695,0.0369,0.0410,0.0369,0.0369,0.6950,0.7635,0.6810,0.0685,-0.0825,18.97,-11.46,176.9,175.9,1.085,0.194,1.769
1791427811.0396397,0.7006,0.6350,0.8030,0.6350,0.5695,0.8030,0.8030,0.7006,0.5695,0.2991,0.2991,0.6350,0.6350,0.0410,0.0942,0.0574,0.0574,0.6930,0.7630,0.6760,0.0700,-0.0870,19.35,-11.52,177.1,175.8,1.046,0.192,
1791427811.071584,0.7006,0.5695,0.4998,0.5695,0.4998,0.7538,0.6350,0.7538,0.4998,0.1966,0.6350,0.5695,0.6350,0.0369,0.0369,0.0737,0.0205,0.6950,0.7610,0.6740,0.0660,-0.0870,19.30,-11.68,177.3,176.3,0.991,0.191,1.684
1791427811.1055732,0.5695,0.7006,0.6350,0.5695,0.4998,0.8440,0.7538,0.3646,0.7538,0.4302,0.3646,0.5695,0.5695,0.0369,0.0164,0.0574,0.0410,0.6990,0.7630,0.6770,0.0640,-0.0860,19.20,-11.77,176.4,176.1,1.002,0.191,1.662
1791427811.1385732,0.4302,0.7538,0.4998,0.4998,0.5695,0.7538,0.6350,0.7538,0.7538,0.2991,0.7538,0.5695,0.6350,0.0410,0.0410,0.0369,0.0369,0.6990,0.7630,0.6740,0.0640,-0.0890,19.35,-11.93,175.8,175.9,0.996,0.188,1.613
1791427811.1716654,0.6350,0.6350,0.5695,0.4998,0.5695,0.7538,0.6350,0.7006,0.7538,0.1966,0.5695,0.5695,0.5695,0.0410,0.0205,0.0574,0.0410,0.6930,0.7635,0.6780,0.0705,-0.0855,19.48,-11.71,177.2,175.8,1.111,0.189,1.858
1791427811.2131004,0.6350,0.4998,0.6350,0.4302,0.4998,0.7006,0.5695,0.7006,0.7538,0.4998,0.5695,0.6350,0.4998,0.0369,0.0410,0.0942,0.0369,0.6930,0.7640,,0.0710,,19.56,-11.63,176.3,176.1,1.097,0.191,1.812
1791427811.2446127,0.7006,0.4998,0.7006,0.5695,0.4302,0.7006,0.5695,0.8030,0.8030,0.3646,0.4998,0.5695,0.5695,0.0410,0.0369,0.1229,0.0369,0.6950,0.7610,0.6610,0.0660,-0.1000,19.52,-11.96,175.6,176.6,1.059,0.190,1.689
1791427811.2754278,0.7538,0.5695,0.7006,0.3646,0.4302,0.4302,0.7006,0.3646,0.7006,0.4302,0.4302,0.5695,0.4998,0.0369,0.0246,0.0369,0.0574,0.6950,0.7630,,0.0680,,19.51,-11.89,175.1,176.4,1.095,0.190,1.768
1791427811.3075674,0.5695,0.4302,0.4998,0.5695,0.6350,0.4998,0.7006,0.7538,0.7006,0.1557,0.3646,0.4998,0.4998,0.0574,0.0410,0.0369,0.0574,0.6930,0.7645,,0.0715,,19.54,-11.85,175.3,176.5,1.101,0.192,1.830
1791427811.3398602,0.5695,0.7006,0.6350,0.5695,0.5695,0.8440,0.5695,0.6350,0.7006,0.2458,0.3646,0.5695,0.4998,0.0410,0.0369,0.0410,0.0246,0.6950,0.7680,,0.0730,,19.94,-12.04,175.1,176.5,1.042,0.191,1.709
1791427811.3719406,0.5695,0.7006,0.8030,0.4998,0.6350,0.6350,0.7006,0.5695,0.7538,0.5695,0.2991,0.6350,0.3646,0.0410,0.0369,0.0574,0.0410,0.6950,0.7610,,0.0660,,19.82,-12.10,174.4,176.3,1.002,0.190,1.813
1791427811.406053,0.8030,0.4302,0.7006,0.4998,0.6350,0.6350,0.8030,0.7006,0.6350,0.4302,0.2991,0.6350,0.5695,0.0369,0.0410,0.0737,0.0410,0.6940,0.7600,0.6780,0.0660,-0.0820,19.74,-11.99,174.1,176.0,1.006,0.190,1.703
1791427811.438586,0.4998,0.7538,0.7006,0.6350,0.4998,0.4998,0.3646,0.2991,0.8030,0.2991,0.4302,0.5695,0.6350,0.0942,0.0246,0.0737,0.0369,0.6950,0.7620,0.6740,0.0670,-0.0880,19.59,-11.88,174.5,175.8,1.087,0.191,1.798
1791427811.471466,0.5695,0.5695,0.7538,0.4998,0.5695,0.5695,0.5695,0.7006,0.7006,0.1557,0.4302,0.6350,0.4998,0.0246,0.0123,0.0205,0.0123,0.6940,0.7660,,0.0720,,19.31,-11.72,176.2,176.7,1.168,0.196,2.036
1791427811.5124052,0.3646,0.7006,0.7006,0.4302,0.3646,0.7538,0.7538,0.6350,0.6350,0.1557,0.4998,0.5695,0.5695,0.0369,0.0369,0.0574,0.0205,0.6980,0.7605,0.6560,0.0625,-0.1045,19.09,-12.14,176.8,177.5,1.060,0.195,1.756
1791427811.54398,0.6350,0.4998,0.5695,0.4998,0.4998,0.7006,0.5695,0.5695,0.7006,0.4302,0.1966,0.5695,0.4998,0.0246,0.0369,0.0737,0.0369,0.6980,0.7615,,0.0635,,18.92,-12.10,176.3,177.4,1.076,0.194,1.771
1791427811.5750453,0.7538,0.4998,0.4998,0.4998,0.4302,0.6350,0.7006,0.5695,0.8030,0.7006,0.2458,0.6350,0.5695,0.0369,0.0369,0.0410,0.0574,0.6940,0.7585,0.6710,0.0645,-0.0875,18.87,-12.00,176.8,177.8,1.067,0.194,1.806
1791427811.607126,0.7006,0.7006,0.4998,0.6350,0.7006,0.7006,0.6350,0.6350,0.7006,0.1557,0.5695,0.4998,0.6350,0.0369,0.0246,0.0369,0.0410,0.6940,0.7610,,0.0670,,18.71,-11.82,178.2,177.7,1.146,0.196,1.895
1791427811.6385157,0.7006,0.7006,0.4998,0.6350,0.5695,0.7538,0.8030,0.6350,0.6350,0.4302,0.4302,0.5695,0.5695,0.0737,0.0410,0.0369,0.0369,0.6980,0.7600,0.6760,0.0620,-0.0840,18.77,-11.89,177.6,176.8,0.973,0.193,1.598
1791427811.6725223,0.4998,0.5695,0.5695,0.6350,0.6350,0.7006,0.8030,0.4998,0.7538,0.3646,0.6350,0.5695,0.5695,0.0574,0.0737,0.0410,0.0164,0.6980,0.7615,0.6720,0.0635,-0.0895,18.57,-11.78,177.0,178.0,1.111,0.194,1.794
1791427811.7062843,0.4302,0.6350,0.8030,0.4998,0.5695,0.7006,0.7006,0.5695,0.6350,0.2458,0.3646,0.5695,0.5695,0.0369,0.0369,0.0574,0.0574,0.6980,0.7630,0.6750,0.0650,-0.0880,18.52,-11.70,176.6,177.0,1.096,0.194,1.770
1791427811.749076,0.5695,0.4998,0.6350,0.7006,0.3646,0.3646,0.6350,0.8440,0.7006,0.3646,0.5695,0.5695,0.6350,0.0246,0.0369,0.0410,0.0574,0.7010,0.7580,0.6750,0.0570,-0.0830,18.13,-11.65,176.4,177.0,1.026,0.194,1.702
1791427811.7805755,0.5695,0.5695,0.4998,0.5695,0.4998,0.7006,0.6350,0.6350,0.6350,0.0942,0.5695,0.6350,0.5695,0.0369,0.0410,0.0205,0.0369,0.6980,0.7610,0.6720,0.0630,-0.0890,18.20,-11.68,177.5,176.5,1.065,0.193,1.736
1791427811.812732,0.5695,0.7538,0.5695,0.4998,0.4998,0.7006,0.5695,0.7538,0.7006,0.2991,0.4302,0.5695,0.6350,0.0369,0.0410,0.0942,0.0737,0.6940,0.7620,0.6680,0.0680,-0.0940,18.42,-11.80,178.0,177.3,1.082,0.193,1.884
1791427811.8437572,0.5695,0.5695,0.5695,0.4998,0.7006,0.7006,0.4998,0.6350,0.7006,0.6350,0.4302,0.6350,0.4998,0.0164,0.0369,0.0164,0.0246,0.6980,0.7630,,0.0650,,18.32,-11.68,176.8,177.1,1.146,0.195,1.849
1791427811.8745105,0.4302,0.7006,0.7538,0.5695,0.5695,0.7006,0.6350,0.7006,0.7006,0.4998,0.7006,0.5695,0.5695,0.0246,0.0246,0.0369,0.0410,0.6940,0.7605,0.6630,0.0665,-0.0975,18.41,-11.82,176.0,176.9,1.114,0.195,1.853
1791427811.9065413,0.7006,0.5695,0.4302,0.5695,0.4998,0.6350,0.5695,0.8440,0.6350,0.4302,0.4302,0.5695,0.5695,0.0410,0.0369,0.0410,0.0246,0.6980,0.7595,0.6790,0.0615,-0.0805,18.42,-11.66,175.3,176.6,1.035,0.193,1.652
1791427811.93952,0.4302,0.5695,0.8030,0.4998,0.3646,0.5695,0.4302,0.3646,0.7538,0.4998,0.4998,0.6350,0.5695,0.0410,0.0410,0.0410,0.0410,0.6980,0.7580,0.6740,0.0600,-0.0840,18.34,-11.63,174.7,176.0,1.031,0.191,1.697
1791427811.9727983,0.4302,0.7538,0.7006,0.4998,0.4998,0.7006,0.4998,0.6350,0.5695,0.2991,0.4302,0.5695,0.5695,0.0369,0.0574,0.0410,0.0205,0.6940,0.7565,0.6690,0.0625,-0.0875,18.42,-11.80,174.4,176.2,0.986,0.190,1.645
1791427812.005333,0.6350,0.4302,0.5695,0.5695,0.4302,0.7006,0.5695,0.7538,0.7006,0.3646,0.3646,0.7006,0.4998,0.0942,0.0246,0.0410,0.0246,0.6930,0.7610,,0.0680,,18.45,-11.81,174.5,176.0,1.066,0.192,1.735
1791427812.0394332,0.8030,0.7006,0.5695,0.5695,0.6350,0.5695,0.6350,0.4998,0.7006,0.1966,0.4998,0.5695,0.5695,0.0574,0.0369,0.0410,0.0574,0.6930,0.7595,0.6610,0.0665,-0.0985,18.75,-11.97,174.3,177.6,1.101,0.190,1.807
1791427812.0792093,0.5695,0.6350,0.6350,0.5695,0.4998,0.7538,0.7006,0.7006,0.8440,0.1966,0.3646,0.4998,0.4998,0.0246,0.0369,0.0942,0.0410,0.7000,0.7605,,0.0605,,18.82,-12.21,174.3,177.7,0.966,0.187,1.619
1791427812.1114318,0.4302,0.4302,0.7006,0.5695,0.6350,0.7538,0.6350,0.5695,0.4998,0.1966,0.6350,0.4998,0.5695,0.0410,0.0369,0.0410,0.0410,0.6930,0.7640,,0.0710,,18.81,-12.09,174.5,178.0,1.146,0.192,1.942
1791427812.1417937,0.5695,0.7538,0.7538,0.4998,0.7006,0.4998,0.5695,0.5695,0.7538,0.7006,0.4302,0.5695,0.5695,0.0410,0.0369,0.0369,0.0942,0.6930,0.7600,0.6630,0.0670,-0.0970,19.10,-12.18,173.9,179.1,1.090,0.189,1.793
1791427812.173462,0.6350,0.4998,0.5695,0.3646,0.5695,0.7538,0.7006,0.7538,0.7006,0.2991,0.2991,0.5695,0.5695,0.0410,0.0369,0.0942,0.0369,0.6970,0.7620,0.6740,0.0650,-0.0880,18.84,-11.99,174.2,179.2,1.105,0.192,
1791427812.2058492,0.7006,0.6350,0.7538,0.4302,0.4302,0.7006,0.7006,0.6350,0.6350,0.4302,0.2991,0.6350,0.5695,0.0574,0.0369,0.0410,0.0737,0.6930,0.7565,0.6750,0.0635,-0.0815,18.48,-11.84,174.2,179.6,1.031,0.195,1.821
1791427812.2401013,0.7538,0.6350,0.7006,0.5695,0.4998,0.4998,0.6350,0.4998,0.5695,0.4302,0.1966,0.6350,0.5695,0.0246,0.0574,0.0410,0.0369,0.6970,0.7675,0.6740,0.0705,-0.0935,18.85,-11.85,174.0,179.7,1.107,0.194,1.789
1791427812.2736,0.6350,0.7538,0.7006,0.4302,0.7538,0.6350,0.7006,0.6350,0.6350,0.3646,0.7538,0.7006,0.5695,0.0369,0.0574,0.0574,0.0369,0.6930,0.7615,0.6720,0.0685,-0.0895,18.84,-11.67,174.2,179.4,1.152,0.195,1.851
1791427812.3057885,0.6350,0.4302,0.6350,0.4998,0.5695,0.7538,0.7538,0.7006,0.4998,0.1557,0.7006,0.5695,0.5695,0.0410,0.0164,0.0737,0.0369,0.6970,0.7580,0.6740,0.0610,-0.0840,18.79,-11.68,174.1,178.7,1.015,0.193,1.629
1791427812.3400197,0.6350,0.5695,0.6350,0.4302,0.5695,0.4998,0.6350,0.7006,0.6350,0.1557,0.2458,0.5695,0.4998,0.0369,0.0369,0.0369,0.0369,0.6930,0.7605,,0.0675,,18.99,-11.68,174.0,178.5,1.073,0.191,
1791427812.3801873,0.3646,0.6350,0.5695,0.6350,0.6350,0.3646,0.7006,0.5695,0.6350,0.6350,0.6350,0.5695,0.6350,0.0164,0.0246,0.0369,0.0369,0.6930,0.7575,0.6710,0.0645,-0.0865,18.95,-11.67,173.8,178.4,1.049,0.191,1.711
1791427812.4129426,0.7006,0.6350,0.3646,0.6350,0.4302,0.7006,0.7006,0.7006,0.6350,0.4302,0.3646,0.6350,0.6350,0.0574,0.0410,0.0369,0.0410,0.6970,0.7605,0.6700,0.0635,-0.0905,18.87,-11.72,174.8,178.4,1.073,0.191,1.783
1791427812.4446032,0.4998,0.8440,0.5695,0.4302,0.4998,0.4998,0.3646,0.5695,0.5695,0.4998,0.4302,0.5695,0.5695,0.0410,0.0574,0.0737,0.0574,0.6920,0.7600,0.6780,0.0680,-0.0820,19.21,-11.75,174.4,178.0,0.972,0.189,1.589
1791427812.475073,0.5695,0.4998,0.8030,0.4998,0.4998,0.5695,0.5695,0.5695,0.6350,0.4998,0.2991,0.6350,0.4998,0.0574,0.0410,0.0574,0.0369,0.6960,0.7565,,0.0605,,18.72,-11.55,173.8,177.6,1.100,0.191,1.889
1791427812.5068603,0.4998,0.7006,0.6350,0.5695,0.4302,0.7006,0.7538,0.4998,0.8030,0.1966,0.2991,0.6350,0.4998,0.0410,0.0574,0.0410,0.0410,0.6960,0.7570,,0.0610,,18.39,-11.64,174.2,177.9,0.991,0.192,
1791427812.5401654,0.4998,0.5695,0.8030,0.6350,0.4998,0.8030,0.7538,0.7006,0.8030,0.3646,0.1966,0.5695,0.5695,0.0246,0.0410,0.0369,0.0410,0.6960,0.7615,0.6780,0.0655,-0.0835,18.68,-11.62,174.1,178.2,1.023,0.190,1.637
1791427812.5730834,0.4302,0.4998,0.4302,0.6350,0.3646,0.7006,0.5695,0.7006,0.5695,0.2991,0.3646,0.5695,0.5695,0.0246,0.0410,0.0942,0.0369,0.6920,0.7620,0.6740,0.0700,-0.0880,19.23,-11.68,174.4,177.7,1.042,0.188,1.665
1791427812.6075447,0.5695,0.7006,0.6350,0.5695,0.4302,0.5695,0.6350,0.4302,0.7006,0.4302,0.3646,0.5695,0.4998,0.0574,0.0246,0.0574,0.0574,0.6960,0.7585,,0.0625,,19.04,-11.67,174.2,177.5,1.028,0.188,1.714
1791427812.640449,0.7538,0.6350,0.5695,0.4998,0.5695,0.7006,0.8030,0.6350,0.7006,0.3646,0.1557,0.6350,0.5695,0.0410,0.0246,0.0369,0.0369,0.6920,0.7600,0.6750,0.0680,-0.0850,19.46,-11.66,173.8,177.8,1.035,0.185,1.658
1791427812.6816509,0.6350,0.4998,0.8440,0.6350,0.7538,0.7538,0.4302,0.8030,0.7006,0.4302,0.5695,0.6350,0.5695,0.0369,0.0369,0.0410,0.0574,0.6920,0.7600,0.6790,0.0680,-0.0810,19.34,-11.49,174.6,177.9,1.057,0.188,1.789
1791427812.713859,0.4302,0.5695,0.4302,0.4302,0.5695,0.4998,0.7006,0.8440,0.6350,0.6350,0.4998,0.6350,0.5695,0.0369,0.0410,0.0410,0.0410,0.6950,0.7580,0.6810,0.0630,-0.0770,18.90,-11.26,174.6,177.1,1.053,0.191,1.689
1791427812.744821,0.7538,0.7006,0.4998,0.4302,0.4998,0.8030,0.7006,0.7006,0.7006,0.4302,0.4998,0.6350,0.4998,0.0205,0.0574,0.0410,0.0410,0.6910,0.7610,,0.0700,,18.95,-11.26,174.4,177.8,1.064,0.193,1.807
1791427812.7768242,0.7538,0.5695,0.5695,0.4998,0.4998,0.6350,0.6350,0.7006,0.7006,0.4998,0.5695,0.6350,0.5695,0.0369,0.0410,0.0942,0.0737,0.6950,0.7595,0.6750,0.0645,-0.0845,18.96,-11.24,175.0,178.9,1.073,0.192,1.783
1791427812.808483,0.5695,0.7006,0.7006,0.4302,0.4302,0.6350,0.7538,0.7006,0.5695,0.4998,0.6350,0.7006,0.5695,0.0246,0.0369,0.0410,0.0410,0.6950,0.7605,0.6790,0.0655,-0.0815,19.30,-11.37,174.8,178.1,0.964,0.188,1.585
1791427812.8400643,0.5695,0.7006,0.5695,0.5695,0.5695,0.8030,0.7006,0.8030,0.7538,0.1966,0.2458,0.5695,0.4998,0.0123,0.0410,0.0410,0.0574,0.6910,0.7630,,0.0720,,19.45,-11.37,176.5,178.7,1.075,0.190,
1791427812.8744342,0.7006,0.4302,0.4302,0.4302,0.5695,0.7538,0.7538,0.8440,0.6350,0.3646,0.6350,0.5695,0.4998,0.0369,0.0574,0.0369,0.0410,0.6910,0.7605,,0.0695,,19.60,-11.36,176.1,178.4,1.048,0.190,1.712
1791427812.9068537,0.8030,0.4998,0.5695,0.6350,0.4302,0.4302,0.4998,0.2991,0.3646,0.1557,0.4302,0.5695,0.6350,0.0369,0.0246,0.0574,0.0369,0.6930,0.7570,0.6810,0.0640,-0.0760,19.18,-11.17,175.8,177.5,1.034,0.192,1.768
1791427812.940469,0.4998,0.8440,0.6350,0.3646,0.5695,0.5695,0.7006,0.7006,0.6350,0.2458,0.3646,0.6350,0.5695,0.0369,0.0246,0.0369,0.0164,0.6910,0.7630,0.6760,0.0720,-0.0870,19.43,-11.17,177.3,176.7,1.103,0.192,1.754
1791427812.9824862,0.7538,0.7538,0.7006,0.5695,0.6350,0.7538,0.5695,0.8030,0.7006,0.4998,0.4998,0.5695,0.4998,0.0369,0.0164,0.0574,0.0942,0.6950,0.7610,,0.0660,,19.58,-11.26,176.5,177.0,1.018,0.190,1.683
1791427813.014049,0.8440,0.4998,0.7538,0.5695,0.4998,0.7006,0.8030,0.8030,0.7538,0.2991,0.4998,0.6350,0.5695,0.0410,0.0574,0.0369,0.0574,0.6890,0.7700,0.6800,0.0810,-0.0900,20.49,-11.51,175.4,176.9,1.011,0.188,1.723
1791427813.0452425,0.5695,0.3646,0.7538,0.4302,0.5695,0.6350,0.7006,0.7006,0.6350,0.4302,0.2458,0.6350,0.5695,0.0410,0.0574,0.0369,0.0410,0.6890,0.7605,0.6780,0.0715,-0.0825,20.32,-11.40,176.4,177.3,1.065,0.190,1.796
1791427813.0768526,0.7006,0.4998,0.5695,0.5695,0.5695,0.5695,0.8030,0.6350,0.8030,0.4998,0.4998,0.6350,0.4998,0.0369,0.0246,0.1229,0.0574,0.6920,0.7625,,0.0705,,20.21,-11.16,176.9,176.9,1.165,0.191,1.886
1791427813.1077335,0.7006,0.4302,0.6350,0.4998,0.5695,0.7538,0.7538,0.5695,0.5695,0.1966,0.3646,0.4998,0.4998,0.0410,0.0410,0.0737,0.0737,0.6920,0.7590,,0.0670,,20.05,-11.17,177.6,176.4,1.026,0.191,1.824
1791427813.140818,0.7538,0.4302,0.5695,0.4302,0.7006,0.8030,0.8440,0.6350,0.6350,0.3646,0.2991,0.6350,0.4998,0.0369,0.0574,0.0574,0.0410,0.6890,0.7610,,0.0720,,19.99,-11.18,177.0,176.7,1.046,0.193,1.757
1791427813.174045,0.8440,0.6350,0.4302,0.3646,0.4998,0.2458,0.8030,0.6350,0.6350,0.7006,0.6350,0.6350,0.5695,0.0410,0.0410,0.0574,0.0164,0.6880,,0.6780,,,19.99,-11.18,177.0,176.7,,,
1791427813.2079923,0.7538,0.7006,0.7006,0.6350,0.5695,0.3646,0.5695,0.5695,0.6350,0.4302,0.4302,0.5695,0.6350,0.0737,0.0246,0.0410,0.0369,0.6890,0.7605,0.6780,0.0715,-0.0825,20.32,-11.17,177.1,176.1,1.048,0.190,1.672
1791427813.2418578,0.7006,0.7006,0.7006,0.4302,0.4302,0.4998,0.6350,0.6350,0.7006,0.4302,0.5695,0.6350,0.4998,0.0410,0.0123,0.0737,0.0574,0.6930,0.7630,,0.0700,,20.44,-11.34,177.4,175.9,0.995,0.189,1.691
1791427813.2821186,0.4302,0.6350,0.8440,0.4302,0.5695,0.5695,0.7538,0.7006,0.7538,0.2458,0.2991,0.6350,0.6350,0.0737,0.0410,0.0369,0.0737,0.6880,0.7665,0.6810,0.0785,-0.0855,20.44,-11.02,177.2,176.5,1.222,0.193,
1791427813.3135707,0.7006,0.5695,0.6350,0.6350,0.5695,0.8030,0.7006,0.6350,0.6350,0.2458,0.2991,0.5695,0.4998,0.0574,0.0123,0.0574,0.0574,0.6880,0.7615,,0.0735,,20.78,-11.14,177.1,177.4,1.006,0.191,
1791427813.345446,0.6350,0.6350,0.7006,0.6350,0.4998,0.4998,0.7006,0.6350,0.7006,0.4998,0.6350,0.5695,0.6350,0.0410,0.0410,0.0410,0.0369,0.6880,0.7605,0.6760,0.0725,-0.0845,21.00,-11.21,177.1,177.8,1.041,0.188,1.724
1791427813.3770254,0.5695,0.6350,0.7538,0.5695,0.6350,0.7538,0.7006,0.6350,0.7538,0.2458,0.1557,0.5695,0.5695,0.0410,0.0410,0.0410,0.0410,0.6890,0.7630,0.6670,0.0740,-0.0960,21.39,-11.43,177.6,177.7,1.101,0.185,
1791427813.4085486,0.8440,0.3646,0.5695,0.2991,0.6350,0.7006,0.3646,0.7006,0.7538,0.4302,0.5695,0.6350,0.5695,0.0410,0.0205,0.0942,0.0574,0.6880,0.7595,0.6770,0.0715,-0.0825,21.22,-11.38,176.8,177.3,1.047,0.187,1.726
1791427813.4415796,0.8030,0.5695,0.5695,0.4998,0.5695,0.6350,0.7006,0.7006,0.7538,0.2991,0.5695,0.5695,0.5695,0.0410,0.0205,0.0369,0.0164,0.6880,0.7620,0.6810,0.0740,-0.0810,21.46,-11.38,176.3,177.1,1.004,0.185,1.692
1791427813.4743907,0.8030,0.5695,0.5695,0.5695,0.7006,0.7538,0.7006,0.7538,0.8030,0.2458,0.1966,0.6350,0.5695,0.0205,0.0410,0.0737,0.0369,0.6880,0.7650,0.6750,0.0770,-0.0900,21.56,-11.33,176.6,177.0,1.142,0.186,
1791427813.507979,0.7538,0.7006,0.4302,0.7006,0.6350,0.7538,0.7538,0.7006,0.4302,0.2458,0.4998,0.6350,0.4998,0.0369,0.0205,0.0574,0.0574,0.6870,0.7615,,0.0745,,21.80,-11.40,176.2,176.1,1.023,0.185,1.650
1791427813.5410647,0.7006,0.8030,0.5695,0.4998,0.5695,0.6350,0.5695,0.4998,0.6350,0.2991,0.2991,0.6350,0.5695,0.0369,0.0737,0.0369,0.0164,0.6880,0.7620,0.6810,0.0740,-0.0810,21.41,-11.17,176.8,176.1,1.116,0.188,
1791427813.581886,0.7538,0.6350,0.7538,0.4998,0.6350,0.8030,0.4302,0.7538,0.6350,0.2458,0.2991,0.4998,0.4998,0.0410,0.0205,0.0942,0.0410,0.6870,0.7590,,0.0720,,21.31,-11.14,176.3,176.4,1.046,0.188,
1791427813.614576,0.7538,0.6350,0.7006,0.4998,0.7006,0.8440,0.4998,0.6350,0.8030,0.1966,0.4998,0.6350,0.5695,0.0369,0.0246,0.0410,0.0410,0.6880,0.7605,0.6690,0.0725,-0.0915,21.26,-11.29,176.9,176.7,1.086,0.188,1.754
1791427813.6459842,0.7538,0.4998,0.4998,0.4998,0.7538,0.7006,0.7006,0.5695,0.7006,0.1966,0.2458,0.4998,0.4998,0.0369,0.0410,0.0123,0.0410,0.6870,0.7595,,0.0725,,21.27,-11.36,177.1,176.8,1.016,0.188,
1791427813.677088,0.4998,0.2991,0.6350,0.5695,0.5695,0.2458,0.8440,0.7538,0.7538,0.2458,0.4302,0.4998,0.4998,0.0737,0.0410,0.0574,0.0574,0.6880,,,,,21.27,-11.36,177.1,176.8,,,
1791427813.708522,0.8767,0.5695,0.7006,0.5695,0.4302,0.7006,0.4998,0.5695,0.8030,0.4302,0.3646,0.5695,0.4998,0.0369,0.0410,0.0369,0.0369,0.6870,0.7595,,0.0725,,21.33,-11.35,176.5,176.1,1.047,0.187,1.687
1791427813.7410345,0.4998,0.5695,0.4998,0.4998,0.6350,0.7006,0.6350,0.6350,0.6350,0.1966,0.2458,0.5695,0.4998,0.0410,0.0369,0.0410,0.0369,0.6880,0.7605,,0.0725,,21.05,-11.23,178.3,175.5,1.111,0.189,
1791427813.7744482,0.7538,0.4998,0.6350,0.6350,0.5695,0.4998,0.8030,0.7006,0.7538,0.1966,0.1966,0.6350,0.5695,0.0737,0.0246,0.0369,0.0369,0.6880,0.7620,0.6590,0.0740,-0.1030,21.55,-11.79,179.9,176.8,1.026,0.185,
1791427813.8078752,0.8030,0.7006,0.5695,0.4998,0.6350,0.8767,0.7538,0.4998,0.6350,0.1966,0.3646,0.5695,0.5695,0.0410,0.0246,0.0737,0.0369,0.6880,0.7590,0.6760,0.0710,-0.0830,21.49,-11.74,179.9,176.4,1.018,0.185,1.633
1791427813.8418274,0.5695,0.4998,0.8767,0.4998,0.5695,0.7538,0.6350,0.8030,0.2991,0.1966,0.1966,0.7006,0.5695,0.0410,0.0410,0.0410,0.0410,0.6880,0.7625,0.6750,0.0745,-0.0875,21.50,-11.73,179.8,176.4,1.056,0.185,
1791427813.8819087,0.5695,0.5695,0.6350,0.4998,0.4998,0.2458,0.8030,0.6350,0.7538,0.2458,0.6350,0.5695,0.6350,0.0369,0.0410,0.0574,0.0574,0.6910,,0.6710,,,21.50,-11.73,179.8,176.4,,,
1791427813.9149818,0.8030,0.7538,0.4998,0.5695,0.5695,0.8030,0.8030,0.7006,0.7538,0.2458,0.4302,0.6350,0.5695,0.0574,0.0369,0.0942,0.0369,0.6870,0.7595,0.6770,0.0725,-0.0825,21.65,-11.66,179.9,176.7,1.028,0.184,1.726
1791427813.9461024,0.5695,0.4302,0.6350,0.5695,0.5695,0.4998,0.7006,0.8030,0.7006,0.4302,0.4998,0.6350,0.5695,0.0369,0.0574,0.0574,0.0410,0.6870,0.7605,0.6760,0.0735,-0.0845,21.77,-11.58,178.6,176.3,1.058,0.183,1.656
1791427813.9769583,0.7538,0.3646,0.7538,0.4302,0.6350,0.7538,0.7538,0.6350,0.6350,0.2991,0.5695,0.6350,0.6350,0.0369,0.0369,0.0410,0.0574,0.6870,0.7595,0.6810,0.0725,-0.0785,21.72,-11.36,178.8,176.5,1.063,0.183,1.767
1791427814.009115,0.5695,0.6350,0.5695,0.6350,0.4998,0.7006,0.5695,0.7006,0.7538,0.2458,0.3646,0.5695,0.5695,0.0369,0.0205,0.0369,0.0205,0.6870,0.7610,0.6750,0.0740,-0.0860,21.67,-11.27,177.9,176.4,1.111,0.184,1.786
1791427814.0415473,0.5695,0.5695,0.7538,0.4302,0.6350,0.7538,0.5695,0.7006,0.8030,0.2991,0.5695,0.6350,0.4998,0.0410,0.0369,0.0410,0.0410,0.6870,0.7590,,0.0720,,21.57,-11.39,177.8,177.5,0.987,0.184,1.738
1791427814.074899,0.7006,0.5695,0.5695,0.4998,0.6350,0.7006,0.7006,0.4998,0.7006,0.4302,0.3646,0.5695,0.4998,0.0942,0.0410,0.0410,0.0369,0.6870,0.7580,,0.0710,,21.50,-11.45,178.0,177.5,0.994,0.184,1.633
1791427814.1080523,0.8767,0.6350,0.6350,0.4302,0.4998,0.8030,0.6350,0.8030,0.7006,0.3646,0.3646,0.5695,0.5695,0.0574,0.0369,0.0205,0.0164,0.6870,0.7620,0.6720,0.0750,-0.0900,21.43,-11.47,177.5,176.8,1.101,0.186,1.746
1791427814.1424239,0.5695,0.5695,0.5695,0.5695,0.4998,0.8030,0.4998,0.7006,0.8030,0.1966,0.2458,0.6350,0.4998,0.0369,0.0574,0.0164,0.0369,0.6870,0.7610,,0.0740,,21.37,-11.41,176.1,176.8,1.089,0.187,
1791427814.183658,0.6350,0.5695,0.2991,0.6350,0.5695,0.7538,0.7006,0.5695,0.6350,0.4998,0.2458,0.7006,0.5695,0.0410,0.0410,0.0369,0.0205,0.6870,0.7630,0.6750,0.0760,-0.0880,21.65,-11.37,175.5,176.0,1.111,0.186,1.848
1791427814.2155368,0.6350,0.4998,0.4998,0.6350,0.5695,0.7006,0.7006,0.7006,0.6350,0.2458,0.3646,0.6350,0.5695,0.0205,0.0246,0.0574,0.0369,0.6910,0.7625,0.6750,0.0715,-0.0875,21.68,-11.46,175.4,176.5,1.041,0.184,1.690
1791427814.2476544,0.6350,0.5695,0.4998,0.5695,0.4998,0.7538,0.6350,0.3646,0.6350,0.6350,0.1557,0.5695,0.5695,0.0410,0.0410,0.0574,0.0369,0.6870,0.7660,0.6730,0.0790,-0.0930,22.15,-11.63,174.6,176.5,1.070,0.183,1.787
1791427814.2793455,0.4998,0.5695,0.4998,0.3646,0.6350,0.7538,0.8030,0.6350,0.7006,0.1557,0.4998,0.5695,0.4998,0.0369,0.0369,0.0737,0.0410,0.6870,0.7635,,0.0765,,22.24,-11.64,175.4,176.7,1.073,0.183,1.783
1791427814.3099163,0.7006,0.8767,0.4998,0.4998,0.4998,0.5695,0.7538,0.3646,0.7538,0.2458,0.6350,0.5695,0.5695,0.0205,0.0164,0.0410,0.0410,0.6870,0.7635,0.6720,0.0765,-0.0915,22.43,-11.73,175.6,176.9,1.069,0.182,1.747
1791427814.3424363,0.6350,0.7538,0.6350,0.4302,0.4998,0.6350,0.6350,0.7538,0.7006,0.3646,0.6350,0.5695,0.4998,0.0574,0.0410,0.0574,0.0410,0.6870,0.7620,,0.0750,,22.20,-11.77,175.3,175.6,1.041,0.184,1.715
1791427814.3753657,0.7538,0.7006,0.6350,0.4302,0.5695,0.7006,0.8030,0.7006,0.8440,0.1557,0.5695,0.6350,0.5695,0.0369,0.0205,0.0737,0.0369,0.6870,0.7585,0.6780,0.0715,-0.0805,22.09,-11.64,174.7,176.3,1.026,0.183,1.721
1791427814.4105215,0.8030,0.3646,0.5695,0.5695,0.4998,0.7538,0.6350,0.7006,0.7538,0.2458,0.2458,0.4998,0.4998,0.0369,0.0369,0.0737,0.0410,0.6870,0.7575,,0.0705,,21.94,-11.64,175.1,176.0,1.003,0.183,
1791427814.4427323,0.7006,0.5695,0.5695,0.4998,0.4998,0.6350,0.6350,0.6350,0.7006,0.4302,0.4302,0.5695,0.5695,0.0369,0.0205,0.0737,0.0164,0.6870,0.7575,0.6810,0.0705,-0.0765,21.85,-11.45,175.9,176.4,1.013,0.182,1.683
1791427814.4769275,0.6350,0.5695,0.4998,0.5695,0.6350,0.5695,0.5695,0.7006,0.6350,0.3646,0.3646,0.6350,0.4998,0.0574,0.0410,0.0369,0.0574,0.6870,0.7615,,0.0745,,21.61,-11.33,175.6,177.0,1.115,0.185,1.817
1791427814.5163615,0.5695,0.5695,0.4998,0.4302,0.5695,0.7538,0.8030,0.8030,0.8030,0.2991,0.2458,0.5695,0.6350,0.0574,0.0369,0.0369,0.0737,0.6910,0.7640,0.6720,0.0730,-0.0920,21.84,-11.56,175.0,177.2,1.038,0.183,
1791427814.547034,0.7006,0.4302,0.4998,0.3646,0.5695,0.6350,0.7538,0.6350,0.4998,0.4998,0.6350,0.6350,0.5695,0.0410,0.0574,0.0410,0.0369,0.6910,0.7600,0.6730,0.0690,-0.0870,21.55,-11.56,174.8,177.0,1.062,0.183,1.723
1791427814.57889,0.4302,0.7538,0.4998,0.7006,0.7006,0.7538,0.5695,0.7538,0.7538,0.2991,0.4998,0.6350,0.4998,0.0369,0.0369,0.0737,0.0369,0.6870,0.7610,,0.0740,,21.45,-11.58,174.8,177.2,1.045,0.185,1.804
1791427814.610493,0.4998,0.6350,0.4998,0.4998,0.5695,0.4998,0.6350,0.7538,0.7006,0.2458,0.6350,0.5695,0.6350,0.0246,0.0410,0.0369,0.0164,0.6870,0.7600,0.6600,0.0730,-0.1000,21.49,-11.91,174.1,177.8,1.064,0.185,1.779
1791427814.6421354,0.7006,0.7006,0.7006,0.4998,0.4998,0.6350,0.8030,0.2458,0.8440,0.2458,0.4998,0.5695,0.4998,0.0737,0.0369,0.0369,0.0410,0.6870,0.7590,,0.0720,,21.39,-11.70,174.7,179.0,1.129,0.185,1.877
1791427814.6765473,0.7006,0.4302,0.5695,0.4998,0.7538,0.8030,0.7006,0.7006,0.5695,0.2458,0.3646,0.7006,0.4998,0.0246,0.0737,0.0369,0.0737,0.6870,0.7595,,0.0725,,21.47,-11.64,174.9,178.6,1.087,0.185,1.731
1791427814.7088962,0.4998,0.7538,0.7006,0.5695,0.6350,0.7006,0.6350,0.6350,0.7538,0.2991,0.5695,0.5695,0.4998,0.0410,0.0410,0.0574,0.0369,0.6870,0.7595,,0.0725,,21.50,-11.78,175.4,178.2,0.999,0.184,1.682
1791427814.7420855,0.6350,0.4998,0.4998,0.6350,0.4998,0.8440,0.5695,0.6350,0.8440,0.1557,0.4302,0.4998,0.5695,0.0410,0.0574,0.0574,0.0574,0.6870,0.7605,,0.0735,,21.44,-11.66,175.6,177.8,1.116,0.185,1.812
1791427814.7765198,0.5695,0.6350,0.4998,0.4998,0.4302,0.3646,0.6350,0.4998,0.6350,0.3646,0.2991,0.6350,0.5695,0.0369,0.0369,0.0410,0.0369,0.6870,0.7600,0.6770,0.0730,-0.0830,21.38,-11.58,175.2,178.3,1.043,0.186,1.752
1791427814.81569,0.7538,0.4998,0.4998,0.7006,0.4998,0.5695,0.6350,0.4998,0.7538,0.1557,0.5695,0.4998,0.5695,0.0574,0.0369,0.0942,0.0410,0.6870,0.7575,,0.0705,,21.38,-11.60,175.0,179.0,1.025,0.185,1.760
1791427814.8469727,0.8030,0.8440,0.4998,0.4998,0.4302,0.7538,0.5695,0.7006,0.7538,0.1966,0.4302,0.6350,0.4998,0.0246,0.0574,0.0942,0.0410,0.6870,0.7590,,0.0720,,21.46,-11.59,176.5,178.5,1.054,0.184,1.711
1791427814.8787925,0.6350,0.7006,0.7006,0.7538,0.7006,0.7006,0.6350,0.7538,0.5695,0.4998,0.1966,0.6350,0.4998,0.0410,0.0410,0.0369,0.0410,0.6910,0.7610,,0.0700,,21.24,-11.54,175.8,178.8,1.096,0.185,1.856
1791427814.911075,0.5695,0.2458,0.4302,0.4302,0.4302,0.6350,0.4998,0.8030,0.5695,0.3646,0.4998,0.6350,0.5695,0.0246,0.0123,0.0410,0.0410,0.6870,0.7605,0.6720,0.0735,-0.0885,21.32,-11.56,175.4,179.1,1.073,0.185,1.727
1791427814.9426641,0.6350,0.6350,0.7006,0.6350,0.4302,0.7538,0.7006,0.5695,0.7006,0.1966,0.4302,0.5695,0.6350,0.0410,0.0369,0.0410,0.0737,0.6910,0.7615,0.6600,0.0705,-0.1015,21.12,-11.81,175.7,178.8,1.121,0.186,1.812
1791427814.9762008,0.4998,0.8440,0.6350,0.4302,0.5695,0.8030,0.6350,0.5695,0.4998,0.2458,0.5695,0.5695,0.5695,0.0574,0.0410,0.0574,0.0574,0.6870,0.7570,0.6770,0.0700,-0.0800,21.05,-11.59,176.1,177.8,1.061,0.186,1.721
1791427815.0100698,0.7006,0.5695,0.4302,0.7006,0.5695,0.8440,0.8440,0.4998,0.7006,0.2991,0.4302,0.5695,0.4998,0.0410,0.0246,0.0574,0.0410,0.6870,0.7615,,0.0745,,21.06,-11.62,175.9,177.6,1.084,0.187,1.843
1791427815.044229,0.7006,0.4302,0.7538,0.5695,0.7006,0.4998,0.7538,0.7006,0.7006,0.4302,0.1966,0.5695,0.5695,0.0574,0.0369,0.0410,0.0369,0.6870,0.7605,0.6760,0.0735,-0.0845,21.20,-11.54,175.2,177.9,1.064,0.187,1.786
1791427815.0849261,0.6350,0.8030,0.5695,0.4998,0.5695,0.7538,0.5695,0.6350,0.7006,0.7006,0.1966,0.5695,0.4998,0.0246,0.0369,0.0574,0.0369,0.6870,0.7575,,0.0705,,21.14,-11.58,174.7,177.8,1.022,0.186,1.763
1791427815.117324,0.7006,0.5695,0.6350,0.6350,0.5695,0.6350,0.7006,0.7006,0.8030,0.4302,0.2991,0.4998,0.4998,0.0737,0.0410,0.0410,0.0574,0.6870,0.7645,,0.0775,,21.82,-11.80,174.2,178.8,1.022,0.183,1.654
1791427815.1479151,0.4998,0.8440,0.7538,0.7538,0.4998,0.7006,0.8030,0.5695,0.8030,0.2458,0.2458,0.6350,0.6350,0.0410,0.0410,0.0369,0.0369,0.6940,0.7600,0.6680,0.0660,-0.0920,21.55,-11.94,174.7,178.9,1.037,0.181,
1791427815.179856,0.7538,0.4998,0.4998,0.4302,0.4998,0.4998,0.6350,0.7538,0.5695,0.1557,0.5695,0.5695,0.5695,0.0574,0.0246,0.0369,0.0410,0.6870,0.7620,0.6780,0.0750,-0.0840,21.44,-11.67,174.7,178.4,1.115,0.184,1.825
1791427815.2128317,0.5695,0.4998,0.4998,0.5695,0.6350,0.7006,0.5695,0.5695,0.7006,0.1966,0.2458,0.5695,0.4998,0.0737,0.0369,0.0574,0.0574,0.6910,0.7590,,0.0680,,20.75,-11.60,174.9,178.4,1.076,0.189,
1791427815.2433445,0.8767,0.5695,0.4302,0.4998,0.7006,0.6350,0.7538,0.6350,0.7538,0.2458,0.4998,0.5695,0.5695,0.0369,0.0369,0.0574,0.0369,0.6870,0.7615,0.6780,0.0745,-0.0835,20.82,-11.42,176.2,178.7,1.101,0.190,1.865
1791427815.2761986,0.5695,0.2991,0.8030,0.4998,0.4998,0.5695,0.7538,0.5695,0.7006,0.1966,0.4998,0.5695,0.4998,0.0369,0.0164,0.0369,0.0123,0.6900,0.7595,,0.0695,,20.71,-11.33,176.2,178.9,1.105,0.189,1.795
1791427815.3097265,0.6350,0.4302,0.7006,0.6350,0.5695,0.8030,0.4998,0.8030,0.7538,0.2991,0.6350,0.5695,0.4998,0.0369,0.0164,0.0942,0.0369,0.6870,0.7600,,0.0730,,21.02,-11.44,175.7,178.9,1.019,0.187,1.750
1791427815.342747,0.6350,0.4998,0.6350,0.4998,0.6350,0.8440,0.5695,0.7538,0.7538,0.2458,0.3646,0.5695,0.6350,0.0574,0.0246,0.0410,0.0574,0.6870,0.7580,0.6670,0.0710,-0.0910,20.83,-11.46,175.4,178.1,1.115,0.188,1.765
1791427815.3772836,0.5695,0.5695,0.6350,0.5695,0.5695,0.8440,0.7538,0.5695,0.6350,0.3646,0.5695,0.5695,0.5695,0.0737,0.0246,0.0737,0.0410,0.6860,0.7610,0.6770,0.0750,-0.0840,20.78,-11.28,175.0,178.3,1.126,0.191,1.873
1791427815.417233,0.4998,0.5695,0.5695,0.5695,0.6350,0.8030,0.7006,0.7538,0.6350,0.2458,0.2458,0.6350,0.4998,0.0410,0.0737,0.0205,0.0574,0.6860,0.7570,,0.0710,,20.83,-11.36,175.0,178.6,1.009,0.189,
1791427815.4493062,0.4998,0.6350,0.4998,0.4302,0.1966,0.8030,0.4998,0.6350,0.6350,0.1966,0.1557,0.5695,0.4998,0.0369,0.0246,0.0369,0.0410,0.6860,0.7550,,0.0690,,20.37,-11.28,175.2,178.8,1.052,0.192,
1791427815.481046,0.6350,0.3646,0.6350,0.4998,0.4998,0.4998,0.7538,0.5695,0.6350,0.3646,0.4302,0.4998,0.5695,0.0574,0.0369,0.0737,0.0574,0.6860,0.7595,,0.0735,,20.19,-11.24,175.3,177.7,1.098,0.195,1.841
1791427815.5128722,0.4998,0.5695,0.4998,0.7006,0.6350,0.6350,0.6350,0.5695,0.5695,0.4302,0.2991,0.5695,0.6350,0.0369,0.0369,0.0737,0.0369,0.6860,0.7590,0.6770,0.0730,-0.0820,20.18,-11.07,175.1,177.7,1.119,0.196,1.837
1791427815.5442667,0.8030,0.4998,0.5695,0.5695,0.4302,0.3646,0.5695,0.5695,0.6350,0.2458,0.3646,0.5695,0.5695,0.0246,0.0369,0.0737,0.0574,0.6860,0.7625,0.6760,0.0765,-0.0865,20.53,-11.17,176.3,177.5,1.054,0.195,1.730
1791427815.5771651,0.7006,0.4302,0.6350,0.7006,0.4302,0.7006,0.6350,0.7006,0.9259,0.1966,0.4302,0.6350,0.5695,0.0737,0.0410,0.0410,0.0369,0.6860,0.7595,0.6690,0.0735,-0.0905,20.62,-11.25,176.6,176.4,1.105,0.194,1.713
1791427815.6102974,0.5695,0.8030,0.5695,0.4998,0.4998,0.6350,0.4998,0.6350,0.7006,0.1966,0.4998,0.6350,0.5695,0.0369,0.0123,0.0369,0.0410,0.6900,0.7595,0.6810,0.0695,-0.0785,20.71,-11.15,176.6,175.9,1.035,0.191,1.652
1791427815.644637,0.5695,0.5695,0.7006,0.5695,0.4998,0.7006,0.7006,0.7006,0.5695,0.4302,0.3646,0.5695,0.5695,0.0246,0.0410,0.0737,0.0369,0.6860,0.7585,0.6770,0.0725,-0.0815,20.96,-11.18,176.0,176.0,1.018,0.189,1.657
1791427815.6851368,0.3646,0.3646,0.7538,0.4998,0.4998,0.7538,0.6350,0.8030,0.5695,0.1229,0.4302,0.6350,0.5695,0.0410,0.0574,0.0574,0.0737,0.6860,0.7605,0.6660,0.0745,-0.0945,20.74,-11.35,176.1,175.6,1.115,0.192,1.779
1791427815.7172408,0.6350,0.5695,0.7538,0.5695,0.4998,0.7538,0.7538,0.6350,0.6350,0.2991,0.5695,0.5695,0.5695,0.0369,0.0246,0.0410,0.0574,0.6860,0.7610,0.6750,0.0750,-0.0860,21.14,-11.41,175.6,175.4,1.041,0.189,1.671
1791427815.7488053,0.5695,0.5695,0.5695,0.5695,0.5695,0.5695,0.6350,0.5695,0.7006,0.1557,0.2458,0.5695,0.5695,0.0574,0.0369,0.0737,0.0737,0.6900,0.7610,0.6770,0.0710,-0.0840,21.29,-11.57,176.4,175.9,0.965,0.187,
1791427815.7799084,0.6350,0.7006,0.4302,0.6350,0.6350,0.6350,0.4302,0.6350,0.7006,0.2991,0.2458,0.6350,0.4998,0.0369,0.0246,0.0246,0.0410,0.6860,0.7605,,0.0745,,21.04,-11.44,175.7,175.3,1.111,0.190,
1791427815.8108003,0.8440,0.5695,0.6350,0.6350,0.6350,0.5695,0.8030,0.3646,0.8030,0.4302,0.4998,0.6350,0.4998,0.0410,0.0410,0.0369,0.0410,0.6860,0.7595,,0.0735,,21.32,-11.63,175.4,175.5,0.963,0.188,1.599
1791427815.8451135,0.5695,0.6350,0.6350,0.5695,0.6350,0.5695,0.7538,0.6350,0.7006,0.2991,0.1966,0.5695,0.4998,0.0410,0.0410,0.0574,0.0574,0.6860,0.7600,,0.0740,,21.57,-11.68,174.7,175.4,1.015,0.186,
1791427815.8775413,0.5695,0.7538,0.4302,0.4302,0.3646,0.7538,0.7538,0.7006,0.7538,0.3646,0.7006,0.5695,0.5695,0.0410,0.0369,0.0369,0.0246,0.6860,0.7605,0.6790,0.0745,-0.0815,21.83,-11.56,174.5,176.3,1.044,0.184,1.711
1791427815.9112158,0.7006,0.7538,0.7006,0.6350,0.6350,0.8440,0.7538,0.5695,0.8030,0.4302,0.2458,0.5695,0.4998,0.0410,0.0123,0.0737,0.0164,0.6900,0.7580,,0.0680,,21.46,-11.44,174.9,176.2,1.065,0.184,1.796
1791427815.9441988,0.8440,0.7006,0.7006,0.4998,0.6350,0.8440,0.7006,0.8030,0.5695,0.2991,0.1966,0.6350,0.4998,0.0410,0.0246,0.0369,0.0369,0.6860,0.7600,,0.0740,,21.29,-11.32,174.5,175.6,1.100,0.187,
1791427815.9858148,0.7006,0.4998,0.6350,0.5695,0.4998,0.7538,0.7538,0.7006,0.6350,0.4302,0.4302,0.5695,0.6350,0.0410,0.0410,0.0737,0.0369,0.6860,0.7630,0.6720,0.0770,-0.0910,21.27,-11.28,174.6,176.0,1.157,0.189,1.864
1791427816.0171704,0.5695,0.4998,0.6350,0.4302,0.4998,0.8030,0.5695,0.7006,0.7006,0.2991,0.5695,0.6350,0.5695,0.0410,0.0410,0.0574,0.0574,0.6860,0.7610,0.6760,0.0750,-0.0850,21.49,-11.39,174.4,177.0,1.011,0.188,1.704
1791427816.0493138,0.7006,0.7006,0.6350,0.4302,0.4302,0.7538,0.8030,0.7006,0.4998,0.2991,0.5695,0.5695,0.5695,0.0369,0.0369,0.0942,0.0410,0.6930,0.7595,0.6600,0.0665,-0.0995,21.24,-11.76,174.5,177.0,1.058,0.186,1.687
1791427816.0803256,0.7538,0.4998,0.6350,0.3646,0.6350,0.8440,0.7006,0.7006,0.7006,0.2458,0.3646,0.6350,0.4998,0.0410,0.0369,0.0369,0.0369,0.6860,0.7600,,0.0740,,21.52,-11.86,175.7,176.8,1.013,0.184,1.658
1791427816.1110368,0.7006,0.4302,0.8030,0.4302,0.5695,0.8030,0.6350,0.8440,0.7006,0.1557,0.1557,0.5695,0.4998,0.0410,0.0410,0.0737,0.0369,0.6860,0.7605,,0.0745,,21.62,-11.95,176.5,177.9,1.012,0.184,
1791427816.1441092,0.6350,0.5695,0.6350,0.5695,0.5695,0.4302,0.7538,0.8030,0.4998,0.2458,0.5695,0.5695,0.6350,0.0369,0.0205,0.0410,0.0369,0.6900,0.7610,0.6750,0.0710,-0.0860,21.46,-11.80,177.0,178.1,1.082,0.185,1.780
1791427816.1771529,0.8440,0.7006,0.6350,0.6350,0.3646,0.7538,0.6350,0.6350,0.6350,0.2991,0.1966,0.6350,0.5695,0.0410,0.0246,0.0574,0.0574,0.6860,0.7640,0.6760,0.0780,-0.0880,21.52,-11.62,176.3,178.1,1.137,0.187,
1791427816.2114487,0.8440,0.4302,0.7006,0.5695,0.5695,0.6350,0.7538,0.5695,0.7538,0.1557,0.1557,0.6350,0.5695,0.0574,0.0410,0.0369,0.0410,0.6860,0.7575,0.6750,0.0715,-0.0825,21.20,-11.53,176.9,177.2,1.049,0.189,
1791427816.244047,0.7538,0.4998,0.4302,0.4302,0.4998,0.4302,0.5695,0.7006,0.7538,0.2458,0.5695,0.4998,0.4998,0.0205,0.0574,0.0369,0.0737,0.6860,0.7610,,0.0750,,21.71,-11.56,176.6,177.4,1.056,0.185,1.686
1791427816.2855597,0.5695,0.4998,0.5695,0.5695,0.4998,0.5695,0.8030,0.7006,0.7538,0.2458,0.3646,0.6350,0.4998,0.0246,0.0246,0.0369,0.0410,0.6860,0.7600,,0.0740,,21.62,-11.57,176.0,177.5,1.051,0.186,1.759
1791427816.3172498,0.5695,0.4302,0.7006,0.2991,0.5695,0.7006,0.7538,0.5695,0.8030,0.1966,0.2991,0.6350,0.5695,0.0410,0.0246,0.0737,0.0410,0.6900,0.7610,0.6660,0.0710,-0.0950,21.64,-11.87,176.0,177.7,1.019,0.184,
1791427816.3475163,0.7006,0.4302,0.7006,0.7006,0.5695,0.3646,0.8030,0.7006,0.8030,0.4998,0.5695,0.5695,0.4998,0.0246,0.0574,0.0369,0.0410,0.6860,0.7625,,0.0765,,21.91,-11.94,176.7,177.1,1.044,0.184,1.701
1791427816.3797424,0.8030,0.4998,0.5695,0.5695,0.6350,0.7006,0.6350,0.6350,0.7006,0.2991,0.3646,0.5695,0.6350,0.0574,0.0205,0.0574,0.0205,0.6860,0.7635,0.6760,0.0775,-0.0875,22.33,-11.97,176.0,177.0,1.019,0.182,1.651
1791427816.4113073,0.7006,0.8030,0.6350,0.4998,0.5695,0.7538,0.5695,0.6350,0.7538,0.1966,0.1966,0.6350,0.5695,0.0410,0.0737,0.0737,0.0164,0.6860,0.7585,0.6810,0.0725,-0.0775,22.20,-11.75,175.4,177.3,1.012,0.182,
1791427816.4445882,0.7538,0.4998,0.5695,0.5695,0.5695,0.6350,0.6350,0.5695,0.7538,0.4302,0.4998,0.6350,0.4998,0.0246,0.0164,0.0369,0.0369,0.6900,0.7620,,0.0720,,22.05,-11.73,175.2,177.8,1.062,0.182,1.724
1791427816.4783723,0.8030,0.4998,0.5695,0.7006,0.6350,0.7538,0.5695,0.4302,0.5695,0.1557,0.2991,0.6350,0.5695,0.0410,0.0369,0.0369,0.0164,0.6860,0.7580,0.6750,0.0720,-0.0830,21.79,-11.68,175.5,178.1,1.021,0.184,
1791427816.5129068,0.5695,0.4998,0.8030,0.5695,0.5695,0.7006,0.7006,0.7006,0.7006,0.2458,0.5695,0.6350,0.5695,0.0205,0.0737,0.0369,0.0164,0.6860,0.7600,0.6810,0.0740,-0.0790,21.73,-11.40,176.2,178.1,1.085,0.184,1.820
1791427816.545551,0.4302,0.4302,0.4998,0.4302,0.7006,0.7006,0.8030,0.6350,0.6350,0.2458,0.4302,0.6350,0.5695,0.0737,0.0246,0.0737,0.0410,0.6860,0.7595,0.6810,0.0735,-0.0785,21.57,-11.16,175.9,178.0,1.090,0.186,1.802
1791427816.5788577,0.7006,0.4302,0.4998,0.4302,0.4998,0.6350,0.7006,0.7006,0.7538,0.4302,0.6350,0.5695,0.5695,0.0574,0.0123,0.0410,0.0574,0.6860,0.7610,0.6780,0.0750,-0.0830,21.65,-11.16,175.4,177.9,1.049,0.186,1.704
1791427816.6188917,0.6350,0.8030,0.6350,0.4998,0.4998,0.7538,0.7538,0.7006,0.6350,0.4998,0.4998,0.5695,0.5695,0.0574,0.0246,0.0410,0.0246,0.6860,0.7605,0.6730,0.0745,-0.0875,21.84,-11.30,175.0,177.2,1.041,0.185,1.641
1791427816.6506326,0.6350,0.6350,0.6350,0.6350,0.4998,0.7006,0.8030,0.5695,0.7006,0.1557,0.2458,0.6350,0.4998,0.0410,0.0574,0.0737,0.0205,0.6860,0.7615,,0.0755,,21.79,-11.30,177.0,177.4,1.067,0.186,
1791427816.6813226,0.5695,0.6350,0.7006,0.4998,0.4998,0.6350,0.7538,0.2991,0.8030,0.2991,0.2458,0.5695,0.5695,0.0246,0.0410,0.0574,0.0574,0.6860,0.7630,0.6800,0.0770,-0.0830,21.96,-11.34,177.5,177.1,1.018,0.186,
1791427816.7118676,0.7538,0.8030,0.7006,0.5695,0.3646,0.7006,0.6350,0.7538,0.6350,0.4998,0.1966,0.7006,0.6350,0.0410,0.0410,0.0246,0.0369,0.6900,0.7605,0.6730,0.0705,-0.0875,21.47,-11.38,177.0,177.1,1.075,0.188,1.888
1791427816.746493,0.5695,0.4302,0.6350,0.4998,0.4302,0.4998,0.7538,0.7006,0.7006,0.4302,0.4302,0.4998,0.5695,0.0164,0.0410,0.0164,0.0369,0.6860,0.7615,,0.0755,,21.59,-11.34,176.4,177.3,1.076,0.188,1.766
1791427816.7781088,0.8440,0.4302,0.4302,0.5695,0.4998,0.4998,0.5695,0.6350,0.4998,0.6350,0.2991,0.5695,0.5695,0.0369,0.0205,0.0737,0.0246,0.6860,0.7600,0.6800,0.0740,-0.0800,21.41,-11.18,175.9,176.7,1.075,0.189,1.791
1791427816.8122668,0.5695,0.6350,0.4302,0.5695,0.5695,0.8030,0.7538,0.7006,0.6350,0.4998,0.4302,0.6350,0.4998,0.0164,0.0246,0.0574,0.0246,0.6860,0.7655,,0.0795,,21.68,-11.10,175.0,176.8,1.157,0.189,1.817
1791427816.8451123,0.8440,0.5695,0.5695,0.7538,0.4998,0.6350,0.7006,0.7006,0.6350,0.4998,0.2991,0.5695,0.4998,0.0574,0.0246,0.0574,0.0369,0.6860,0.7610,,0.0750,,21.80,-11.09,174.6,176.7,1.077,0.188,1.783
1791427816.879137,0.7538,0.4998,0.6350,0.4998,0.4998,0.8440,0.7006,0.5695,0.6350,0.6350,0.3646,0.5695,0.5695,0.0246,0.0246,0.0737,0.0410,0.6860,0.7575,0.6720,0.0715,-0.0855,21.70,-11.25,174.0,177.2,1.014,0.187,1.672
1791427816.9187484,0.7006,0.5695,0.6350,0.4998,0.4998,0.7006,0.7006,0.6350,0.6350,0.2458,0.2458,0.5695,0.5695,0.0410,0.0369,0.0410,0.0369,0.6860,0.7600,0.6690,0.0740,-0.0910,21.42,-11.33,174.5,177.5,1.104,0.190,
1791427816.9501228,0.4998,0.5695,0.6350,0.4998,0.7006,0.4998,0.6350,0.6350,0.6350,0.1557,0.1966,0.4998,0.5695,0.0942,0.0410,0.0410,0.0369,0.6900,0.7605,,0.0705,,21.21,-11.28,175.0,177.8,1.095,0.190,
1791427816.9827452,0.7538,0.5695,0.5695,0.5695,0.5695,0.4998,0.7538,0.5695,0.4302,0.4998,0.4998,0.5695,0.6350,0.0369,0.0410,0.0574,0.0410,0.6860,0.7635,0.6810,0.0775,-0.0825,21.52,-11.20,175.0,177.7,1.076,0.189,1.790
1791427817.0133364,0.7006,0.7006,0.7006,0.6350,0.6350,0.5695,0.4998,0.4998,0.7006,0.5695,0.3646,0.5695,0.4998,0.0410,0.0369,0.0369,0.0246,0.6900,0.7680,,0.0780,,22.17,-11.54,174.0,177.0,0.997,0.184,1.563
1791427817.0454788,0.4998,0.7006,0.5695,0.4998,0.4998,0.6350,0.6350,0.7538,0.8440,0.2458,0.2458,0.5695,0.5695,0.0410,0.0369,0.0942,0.0574,0.6900,0.7605,0.6740,0.0705,-0.0865,21.91,-11.56,174.9,176.9,1.047,0.184,
1791427817.0784209,0.5695,0.6350,0.5695,0.6350,0.5695,0.6350,0.5695,0.5695,0.7006,0.1557,0.5695,0.5695,0.5695,0.0369,0.0205,0.0942,0.0737,0.6860,0.7630,0.6780,0.0770,-0.0850,22.15,-11.56,176.3,176.8,1.041,0.184,1.747
1791427817.1123586,0.7538,0.4302,0.4998,0.4998,0.5695,0.8030,0.5695,0.8030,0.7006,0.5695,0.2458,0.5695,0.6350,0.0369,0.0369,0.0410,0.0369,0.6860,0.7625,0.6680,0.0765,-0.0945,22.41,-11.87,175.6,176.8,1.011,0.182,1.720
1791427817.1462874,0.8767,0.6350,0.7006,0.5695,0.4998,0.6350,0.5695,0.4998,0.6350,0.1966,0.3646,0.5695,0.5695,0.0369,0.0123,0.0737,0.0369,0.6860,0.7595,0.6640,0.0735,-0.0955,22.14,-11.97,178.0,176.5,1.091,0.184,1.736
1791427817.186949,0.7006,0.5695,0.5695,0.4302,0.5695,0.7006,0.5695,0.7006,0.8030,0.1557,0.4998,0.4998,0.5695,0.0369,0.0574,0.0737,0.0942,0.6860,0.7635,,0.0775,,22.02,-11.90,177.3,176.8,1.107,0.186,1.815
1791427817.2187803,0.4998,0.3646,0.7006,0.3646,0.4302,0.3646,0.7006,0.5695,0.7538,0.5695,0.2458,0.5695,0.4998,0.0246,0.0369,0.0574,0.0369,0.6900,0.7625,,0.0725,,22.02,-11.88,177.0,177.0,1.077,0.185,1.807
1791427817.2509577,0.5695,0.6350,0.6350,0.6350,0.5695,0.4998,0.5695,0.7006,0.7006,0.2458,0.3646,0.4998,0.4998,0.0164,0.0205,0.0369,0.0369,0.6930,0.7610,,0.0680,,21.35,-11.84,177.1,176.5,1.074,0.188,1.755
1791427817.2831964,0.8030,0.7538,0.4998,0.4998,0.5695,0.8030,0.6350,0.6350,0.6350,0.1557,0.1229,0.5695,0.5695,0.0369,0.0410,0.0410,0.0369,0.6860,0.7620,0.6780,0.0760,-0.0840,21.62,-11.70,177.4,176.0,1.068,0.187,
1791427817.3138323,0.4998,0.4998,0.4998,0.4998,0.5695,0.6350,0.4998,0.7006,0.7538,0.2991,0.5695,0.6350,0.5695,0.0369,0.0410,0.0369,0.0369,0.6860,0.7645,0.6760,0.0785,-0.0885,22.10,-11.65,177.5,175.7,1.092,0.184,1.759
1791427817.3523743,0.7538,0.4302,0.4998,0.5695,0.5695,0.6350,0.7538,0.8030,0.6350,0.2991,0.5695,0.6350,0.6350,0.0410,0.0369,0.0410,0.0574,0.6860,0.7590,0.6760,0.0730,-0.0830,21.94,-11.53,176.4,176.5,1.062,0.185,1.781
1791427817.3844721,0.6350,0.7538,0.7006,0.5695,0.6350,0.7006,0.5695,0.7006,0.7006,0.1229,0.1557,0.5695,0.4998,0.0246,0.0574,0.0737,0.0574,0.6900,0.7600,,0.0700,,21.84,-11.52,176.5,176.8,1.054,0.184,
1791427817.4160035,0.7538,0.5695,0.3646,0.5695,0.4302,0.6350,0.5695,0.4998,0.7006,0.3646,0.4302,0.4998,0.4998,0.0123,0.0164,0.0410,0.0574,0.6860,0.7615,,0.0755,,21.57,-11.42,176.1,175.9,1.115,0.187,1.805
1791427817.4469426,0.7538,0.4302,0.7538,0.4998,0.7006,0.8440,0.5695,0.4998,0.7006,0.5695,0.4302,0.4998,0.5695,0.0410,0.0574,0.0369,0.0574,0.6860,0.7595,,0.0735,,21.27,-11.41,175.5,175.3,1.057,0.190,1.702
1791427817.480082,0.7006,0.6350,0.4998,0.4302,0.5695,0.7006,0.5695,0.7006,0.7006,0.4998,0.4998,0.5695,0.6350,0.0574,0.0410,0.0410,0.0369,0.6860,0.7625,0.6810,0.0765,-0.0815,21.30,-11.21,175.9,175.8,1.110,0.191,1.816
1791427817.512772,0.4998,0.5695,0.5695,0.5695,0.4998,0.8440,0.5695,0.7006,0.7006,0.3646,0.5695,0.5695,0.5695,0.0574,0.0574,0.0737,0.0942,0.6930,0.7595,0.6740,0.0665,-0.0855,21.04,-11.21,175.2,177.7,1.075,0.189,1.795
1791427817.5460355,0.5695,0.7006,0.8030,0.4998,0.4998,0.5695,0.5695,0.7006,0.6350,0.2458,0.2991,0.5695,0.5695,0.0737,0.0369,0.0369,0.0369,0.6900,0.7585,0.6780,0.0685,-0.0805,21.07,-11.34,175.6,177.8,0.957,0.187,
1791427817.5787928,0.4998,0.4998,0.6350,0.5695,0.6350,0.5695,0.7538,0.7006,0.7538,0.1557,0.1966,0.5695,0.5695,0.0574,0.0574,0.0369,0.0574,0.6860,0.7575,0.6760,0.0715,-0.0815,20.99,-11.31,176.4,177.4,1.029,0.187,
1791427817.6126106,0.5695,0.6350,0.8440,0.5695,0.4302,0.8030,0.5695,0.4998,0.7006,0.2458,0.4998,0.6350,0.5695,0.0205,0.0574,0.0574,0.0369,0.6900,0.7580,0.6680,0.0680,-0.0900,20.77,-11.48,175.8,178.1,1.045,0.187,1.761
1791427817.652079,0.4998,0.6350,0.5695,0.6350,0.5695,0.6350,0.6350,0.5695,0.7006,0.5695,0.2991,0.4998,0.6350,0.0737,0.0737,0.0369,0.0410,0.6860,0.7580,,0.0720,,20.77,-11.46,175.3,178.0,1.040,0.188,1.802
1791427817.6847088,0.7006,0.2991,0.8030,0.5695,0.6350,0.4998,0.6350,0.5695,0.6350,0.4302,0.2458,0.5695,0.5695,0.0410,0.0574,0.0574,0.0410,0.6900,0.7595,0.6710,0.0695,-0.0885,20.68,-11.58,175.7,178.0,1.035,0.188,1.761
1791427817.7174394,0.3646,0.6350,0.6350,0.4998,0.4998,0.7538,0.5695,0.7006,0.7538,0.2991,0.4302,0.7006,0.4998,0.0246,0.0574,0.0737,0.0410,0.6860,0.7640,,0.0780,,21.22,-11.74,175.6,177.8,1.025,0.186,1.656
1791427817.7472425,0.4998,0.7538,0.7538,0.7006,0.6350,0.8030,0.7006,0.7006,0.8030,0.1229,0.1966,0.5695,0.4998,0.0574,0.0369,0.0737,0.0369,0.6860,0.7565,,0.0705,,20.97,-11.66,176.9,177.9,1.035,0.188,
1791427817.7795606,0.4998,0.4302,0.5695,0.4998,0.6350,0.4302,0.7006,0.8030,0.7006,0.2991,0.5695,0.6350,0.4998,0.0369,0.0737,0.0369,0.0369,0.6860,0.7610,,0.0750,,21.63,-11.84,177.7,176.9,0.975,0.183,1.611
1791427817.8132544,0.7538,0.4998,0.5695,0.6350,0.4998,0.4998,0.7538,0.4998,0.7538,0.2991,0.4302,0.6350,0.4302,0.0369,0.0246,0.0574,0.0410,0.6860,0.7615,,0.0755,,21.68,-11.78,177.7,177.0,1.074,0.184,1.755
1791427817.8465574,0.6350,0.6350,0.6350,0.4998,0.4998,0.7006,0.7538,0.7006,0.7006,0.2458,0.4998,0.5695,0.5695,0.0369,0.0410,0.0369,0.0164,0.6860,0.7625,0.6730,0.0765,-0.0895,21.65,-11.69,177.7,177.4,1.115,0.186,1.821
1791427817.8797276,0.5695,0.7538,0.5695,0.5695,0.6350,0.5695,0.7006,0.4302,0.7006,0.2458,0.4302,0.5695,0.4998,0.0369,0.0369,0.0574,0.0369,0.6900,0.7630,,0.0730,,21.48,-11.69,177.4,177.9,1.081,0.187,1.876
1791427817.9129453,0.8030,0.4998,0.4302,0.7538,0.4998,0.7538,0.7006,0.7006,0.6350,0.3646,0.3646,0.5695,0.5695,0.0410,0.0369,0.0737,0.0410,0.6860,0.7615,0.6740,0.0755,-0.0875,21.40,-11.65,176.7,176.2,1.075,0.189,1.749
1791427817.952846,0.7538,0.4302,0.6350,0.4302,0.4998,0.4302,0.6350,0.7006,0.8440,0.6350,0.5695,0.5695,0.5695,0.0205,0.0574,0.0410,0.0737,0.6860,0.7595,0.6630,0.0735,-0.0965,21.37,-11.83,175.7,177.0,1.086,0.189,1.713
1791427817.9845157,0.6350,0.2991,0.4302,0.4302,0.6350,0.6350,0.5695,0.8030,0.5695,0.5695,0.6350,0.6350,0.5695,0.0410,0.0410,0.0369,0.0369,0.6860,0.7590,0.6690,0.0730,-0.0900,21.63,-11.96,175.1,177.2,1.015,0.186,1.687
1791427818.015796,0.6350,0.5695,0.8030,0.6350,0.5695,0.8030,0.5695,0.8030,0.5695,0.2991,0.4998,0.4998,0.5695,0.0410,0.0369,0.1229,0.0942,0.6860,0.7640,,0.0780,,21.78,-12.00,175.8,176.0,1.080,0.187,1.775
1791427818.0477238,0.7006,0.2991,0.6350,0.4998,0.4302,0.5695,0.6350,0.6350,0.7538,0.3646,0.5695,0.6350,0.4998,0.0369,0.0369,0.0574,0.0410,0.6900,0.7605,,0.0705,,21.52,-11.94,175.5,176.7,1.081,0.187,1.755
1791427818.0802174,0.7538,0.5695,0.4302,0.6350,0.5695,0.4302,0.6350,0.4998,0.6350,0.4998,0.2458,0.5695,0.4302,0.0246,0.0410,0.0737,0.0369,0.6860,0.7605,,0.0745,,21.45,-11.86,175.1,176.8,1.092,0.188,1.808
1791427818.113945,0.6350,0.5695,0.5695,0.6350,0.3646,0.7538,0.7538,0.6350,0.8030,0.1966,0.1966,0.6350,0.4998,0.0410,0.0369,0.0737,0.0410,0.6860,0.7585,,0.0725,,21.29,-11.83,175.8,176.9,1.055,0.189,
1791427818.1467838,0.7006,0.4302,0.4998,0.6350,0.6350,0.6350,0.4998,0.5695,0.7006,0.3646,0.2991,0.6350,0.5695,0.0369,0.0205,0.0574,0.0410,0.6860,0.7570,0.6620,0.0710,-0.0950,21.57,-12.13,175.1,176.9,0.996,0.185,1.608
1791427818.1803126,0.6350,0.4998,0.7006,0.4998,0.6350,0.4998,0.7538,0.7538,0.8030,0.5695,0.3646,0.5695,0.4998,0.0369,0.0410,0.0737,0.0164,0.6900,0.7600,,0.0700,,21.18,-12.06,174.6,177.1,1.090,0.187,1.837
1791427818.2213113,0.7006,0.2991,0.7006,0.7006,0.4998,0.7006,0.6350,0.7006,0.7006,0.1229,0.2991,0.5695,0.5695,0.0246,0.0369,0.0574,0.0369,0.6860,0.7560,0.6560,0.0700,-0.1000,20.99,-12.29,175.3,177.7,1.064,0.188,
1791427818.2531588,0.7538,0.6350,0.4998,0.6350,0.4998,0.4998,0.4998,0.6350,0.6350,0.3646,0.1966,0.5695,0.5695,0.0369,0.0737,0.0737,0.0205,0.6860,0.7595,0.6710,0.0735,-0.0885,21.05,-12.12,175.0,178.0,1.091,0.188,1.746
1791427818.2850444,0.6350,0.4998,0.5695,0.6350,0.5695,0.5695,0.6350,0.7006,0.7538,0.1557,0.4998,0.5695,0.5695,0.0369,0.0410,0.0164,0.0369,0.6900,0.7560,0.6520,0.0660,-0.1040,20.61,-12.45,175.8,177.9,1.063,0.189,1.742
1791427818.3166904,0.7538,0.3646,0.7006,0.4998,0.3646,0.7538,0.8030,0.7006,0.8440,0.1966,0.5695,0.6350,0.4998,0.0410,0.0737,0.0737,0.0410,0.6860,0.7605,,0.0745,,20.57,-12.40,175.5,178.7,1.111,0.191,1.874
1791427818.3479612,0.7538,0.3646,0.7538,0.5695,0.5695,0.4302,0.6350,0.7006,0.7538,0.2458,0.3646,0.6350,0.6350,0.0410,0.0205,0.0574,0.0574,0.6900,0.7590,0.6600,0.0690,-0.0990,20.40,-12.44,175.7,178.5,1.106,0.191,1.770
1791427818.3798897,0.7006,0.3646,0.5695,0.5695,0.4302,0.6350,0.7006,0.7538,0.6350,0.2458,0.3646,0.6350,0.5695,0.0410,0.0164,0.0369,0.0410,0.6900,0.7570,0.6750,0.0670,-0.0820,20.39,-12.23,175.8,177.2,1.025,0.189,1.605
1791427818.4131799,0.5695,0.6350,0.4998,0.5695,0.4302,0.7538,0.5695,0.6350,0.7006,0.6350,0.3646,0.5695,0.4302,0.0205,0.0246,0.0737,0.0205,0.6860,0.7570,,0.0710,,20.27,-12.33,175.5,176.4,1.006,0.191,1.676
1791427818.4465775,0.6350,0.7006,0.5695,0.6350,0.5695,0.8767,0.6350,0.7006,0.7538,0.5695,0.3646,0.6350,0.4998,0.0737,0.0410,0.0410,0.0205,0.6860,0.7630,,0.0770,,20.52,-12.24,175.0,174.8,1.152,0.192,1.719
1791427818.4806738,0.7538,0.8030,0.7006,0.4998,0.6350,0.5695,0.8767,0.5695,0.7538,0.1966,0.4302,0.5695,0.5695,0.0574,0.0410,0.0737,0.0737,0.6860,0.7600,0.6750,0.0740,-0.0850,20.91,-12.09,175.3,173.0,1.048,0.189,1.583
1791427818.522469,0.5695,0.6350,0.5695,0.4998,0.3646,0.7538,0.7538,0.5695,0.7538,0.4998,0.2458,0.7006,0.5695,0.0369,0.0410,0.0410,0.0410,0.6860,0.7555,0.6790,0.0695,-0.0765,21.03,-12.04,175.6,172.5,0.915,0.186,1.604
1791427818.5530524,0.6350,0.7006,0.7006,0.6350,0.4998,0.4998,0.6350,0.4998,0.8440,0.2991,0.1966,0.5695,0.5695,0.0369,0.0410,0.0410,0.0574,0.6870,0.7645,0.6690,0.0775,-0.0955,21.58,-12.18,175.6,173.1,1.057,0.184,
1791427818.5846274,0.7006,0.5695,0.6350,0.4998,0.6350,0.7006,0.4302,0.7006,0.6350,0.1557,0.1966,0.6350,0.4998,0.0574,0.0574,0.0369,0.0246,0.6870,0.7610,,0.0740,,21.49,-12.26,175.4,172.8,1.020,0.186,
1791427818.616239,0.7006,0.2991,0.7538,0.4998,0.6350,0.7006,0.5695,0.6350,0.8030,0.3646,0.6350,0.6350,0.5695,0.0410,0.0369,0.0574,0.0246,0.6870,0.7590,0.6770,0.0720,-0.0820,21.47,-12.09,175.3,175.9,1.016,0.185,1.698
1791427818.648657,0.6350,0.6350,0.6350,0.5695,0.4302,0.7538,0.7538,0.8030,0.6350,0.2991,0.4302,0.5695,0.6350,0.0410,0.0205,0.0369,0.0369,0.6870,0.7665,0.6790,0.0795,-0.0875,22.12,-12.16,175.0,175.9,0.990,0.183,1.637
1791427818.6804008,0.6350,0.7006,0.5695,0.5695,0.4998,0.8030,0.6350,0.7006,0.7538,0.2991,0.5695,0.4998,0.5695,0.0246,0.0369,0.0410,0.0246,0.6870,0.7605,,0.0735,,22.07,-12.17,174.9,176.7,1.014,0.183,1.726
1791427818.7141848,0.6350,0.4302,0.7538,0.4998,0.4302,0.7006,0.7538,0.7006,0.7538,0.2991,0.4302,0.5695,0.4998,0.0246,0.0123,0.0410,0.0123,0.6880,0.7625,,0.0745,,22.21,-12.14,174.9,176.6,1.056,0.182,1.732
1791427818.747554,0.3646,0.7006,0.7538,0.4998,0.6350,0.7006,0.7538,0.5695,0.6350,0.2458,0.2991,0.6350,0.5695,0.0410,0.0205,0.0369,0.0410,0.6920,0.7625,0.6790,0.0705,-0.0835,22.09,-11.93,175.5,177.5,1.063,0.181,
1791427818.780954,0.7538,0.7538,0.4998,0.4998,0.4302,0.4998,0.6350,0.7006,0.5695,0.3646,0.6350,0.5695,0.5695,0.0574,0.0410,0.0574,0.0205,0.6930,0.7600,0.6800,0.0670,-0.0800,21.59,-11.74,175.3,178.6,1.031,0.182,1.721
1791427818.814748,0.5695,0.6350,0.7006,0.5695,0.5695,0.6350,0.6350,0.7538,0.7538,0.2458,0.2458,0.6350,0.5695,0.0410,0.0205,0.0410,0.0410,0.6900,0.7600,0.6780,0.0700,-0.0820,21.04,-11.70,175.9,179.2,1.004,0.186,
1791427818.855852,0.6350,0.6350,0.6350,0.4998,0.5695,0.6350,0.7538,0.5695,0.4998,0.2991,0.4302,0.5695,0.5695,0.0369,0.0410,0.0574,0.0410,0.6900,0.7610,0.6800,0.0710,-0.0810,20.71,-11.59,176.0,178.9,1.029,0.189,1.785
1791427818.8870933,0.7006,0.4998,0.7006,0.4998,0.2991,0.8030,0.7006,0.5695,0.4302,0.2458,0.1557,0.6350,0.4302,0.0246,0.0410,0.0410,0.0123,0.6910,0.7595,,0.0685,,20.40,-11.44,176.7,179.6,1.077,0.191,
1791427818.9195225,0.7006,0.5695,0.6350,0.5695,0.5695,0.4998,0.7006,0.2991,0.7006,0.2458,0.4302,0.5695,0.5695,0.0410,0.0164,0.0574,0.0574,0.6920,0.7600,0.6790,0.0680,-0.0810,20.15,-11.38,176.4,178.7,1.030,0.192,1.701
1791427818.9519336,0.4998,0.5695,0.6350,0.5695,0.4302,0.7538,0.4998,0.4998,0.7006,0.4998,0.4302,0.7006,0.6350,0.0369,0.0410,0.0574,0.0246,0.6930,0.7615,0.6800,0.0685,-0.0815,20.26,-11.32,177.0,178.1,1.038,0.190,1.731
1791427818.9823725,0.7006,0.7006,0.6350,0.4998,0.4998,0.5695,0.7538,0.4998,0.7006,0.5695,0.4998,0.6350,0.5695,0.0369,0.0246,0.0574,0.0246,0.6930,0.7595,0.6740,0.0665,-0.0855,19.82,-11.35,177.0,177.7,1.057,0.192,1.812
1791427819.0147264,0.7538,0.5695,0.7006,0.6350,0.6350,0.4998,0.7006,0.7006,0.7538,0.2458,0.4998,0.5695,0.4998,0.0369,0.0246,0.0737,0.0369,0.6930,0.7635,,0.0705,,19.82,-11.27,178.1,179.1,1.114,0.193,1.923
1791427819.0473216,0.6350,0.6350,0.7006,0.5695,0.5695,0.7006,0.7006,0.7538,0.4998,0.1229,0.2991,0.6350,0.5695,0.0410,0.0942,0.0410,0.0410,0.6940,0.7610,0.6780,0.0670,-0.0830,19.79,-11.38,178.4,179.6,0.988,0.192,
1791427819.081289,0.5695,0.5695,0.7538,0.4998,0.5695,0.7006,0.7538,0.7538,0.5695,0.1557,0.1966,0.6350,0.5695,0.0410,0.0942,0.0369,0.0369,0.6980,0.7605,0.6760,0.0625,-0.0845,19.31,-11.42,178.4,179.8,1.034,0.193,
1791427819.1149,0.4998,0.5695,0.6350,0.7006,0.4998,0.5695,0.7006,0.6350,0.7538,0.4302,0.2991,0.5695,0.5695,0.0942,0.0164,0.0737,0.0369,0.6940,0.7625,0.6650,0.0685,-0.0975,19.36,-11.65,178.8,179.4,1.097,0.193,1.783
1791427819.1570947,0.7006,0.4998,0.5695,0.4998,0.7006,0.8030,0.7006,0.7006,0.6350,0.7006,0.1229,0.6350,0.4998,0.0410,0.0410,0.0574,0.0164,0.7010,0.7605,,0.0595,,19.07,-11.76,177.9,179.3,0.994,0.191,1.755
1791427819.1870315,0.4998,0.6350,0.5695,0.6350,0.6350,0.6350,0.7538,0.5695,0.7006,0.6350,0.1229,0.6350,0.5695,0.0369,0.0410,0.0942,0.0369,0.6940,0.7665,0.6530,0.0725,-0.1135,19.15,-12.13,176.7,179.8,1.189,0.194,1.953
1791427819.2192895,0.8767,0.6350,0.6350,0.4998,0.5695,0.6350,0.7006,0.6350,0.6350,0.4302,0.2458,0.5695,0.4998,0.0369,0.0369,0.0410,0.0369,0.6940,0.7650,,0.0710,,19.30,-12.10,176.4,179.5,1.117,0.195,1.814
1791427819.2500722,0.5695,0.4998,0.5695,0.5695,0.5695,0.8030,0.7006,0.6350,0.8440,0.1557,0.1966,0.6350,0.5695,0.0410,0.0574,0.0574,0.0410,0.6940,0.7605,0.6710,0.0665,-0.0895,18.80,-11.86,176.8,179.5,1.153,0.199,
1791427819.282638,0.7538,0.4302,0.5695,0.3646,0.4998,0.6350,0.7538,0.7006,0.8030,0.2991,0.3646,0.4998,0.5695,0.0369,0.0410,0.0369,0.0369,0.6940,0.7605,,0.0665,,18.94,-11.84,177.3,179.1,1.082,0.197,1.732
1791427819.3145473,0.6350,0.5695,0.6350,0.6350,0.6350,0.7006,0.5695,0.7538,0.7006,0.7006,0.4998,0.4998,0.5695,0.0246,0.0737,0.0410,0.0574,0.6940,0.7635,,0.0695,,19.19,-11.98,177.4,178.5,1.047,0.195,1.709
1791427819.3485572,0.7006,0.6350,0.5695,0.4302,0.6350,0.7006,0.7006,0.7006,0.5695,0.4302,0.1966,0.6350,0.4998,0.0369,0.0410,0.0942,0.0369,0.6940,0.7595,,0.0655,,19.35,-12.06,176.9,178.6,1.009,0.192,1.726
1791427819.3817081,0.4302,0.7006,0.6350,0.4302,0.7006,0.7538,0.7006,0.7006,0.7006,0.3646,0.4998,0.5695,0.5695,0.0574,0.0205,0.0574,0.0410,0.6940,0.7640,0.6760,0.0700,-0.0880,19.50,-11.96,176.4,178.3,1.078,0.192,1.759
1791427819.414646,0.4998,0.6350,0.6350,0.6350,0.5695,0.5695,0.8030,0.6350,0.7006,0.4998,0.5695,0.7006,0.5695,0.0369,0.0410,0.0410,0.0369,0.6940,0.7685,0.6750,0.0745,-0.0935,20.02,-12.06,175.2,178.8,1.055,0.190,1.764
1791427819.4489198,0.8440,0.5695,0.7006,0.4998,0.6350,0.7006,0.8767,0.7006,0.7006,0.4302,0.1966,0.6350,0.4998,0.0942,0.0410,0.0410,0.0369,0.6950,0.7590,,0.0640,,19.83,-12.00,175.8,178.9,1.043,0.189,1.695
1791427819.487731,0.5695,0.4998,0.6350,0.5695,0.3646,0.6350,0.7006,0.6350,0.6350,0.3646,0.2991,0.7006,0.5695,0.0574,0.0246,0.0410,0.0574,0.6940,0.7595,0.6730,0.0655,-0.0865,19.62,-11.99,175.4,179.0,1.022,0.190,1.692
1791427819.5195003,0.7006,0.4998,0.8767,0.5695,0.5695,0.7538,0.7538,0.5695,0.6350,0.2458,0.2991,0.5695,0.5695,0.0369,0.0369,0.0164,0.0410,0.6940,0.7645,0.6810,0.0705,-0.0835,19.65,-11.67,176.4,178.5,1.128,0.191,
1791427819.5508997,0.7538,0.5695,0.8030,0.5695,0.5695,0.7538,0.6350,0.7006,0.7538,0.4302,0.5695,0.5695,0.5695,0.0574,0.0369,0.0410,0.0369,0.6980,0.7625,0.6810,0.0645,-0.0815,19.51,-11.57,176.5,178.2,1.034,0.190,1.760
1791427819.582688,0.6350,0.5695,0.7538,0.5695,0.6350,0.7006,0.7538,0.6350,0.7006,0.4998,0.2458,0.5695,0.5695,0.0369,0.0205,0.0410,0.0205,0.6980,0.7630,0.6700,0.0650,-0.0930,19.45,-11.65,175.7,178.0,1.097,0.190,1.858
1791427819.6143672,0.8440,0.4998,0.7006,0.4302,0.4302,0.7006,0.6350,0.7006,0.6350,0.2458,0.5695,0.5695,0.4998,0.0574,0.0246,0.0574,0.0410,0.6940,0.7600,,0.0660,,19.30,-11.63,177.0,178.0,1.049,0.191,1.802
1791427819.648506,0.6350,0.7538,0.6350,0.4998,0.4998,0.7538,0.7538,0.7006,0.7006,0.2991,0.5695,0.7006,0.5695,0.0737,0.0246,0.0737,0.0123,0.6940,0.7620,0.6710,0.0680,-0.0910,19.22,-11.69,177.1,178.3,1.077,0.192,1.831
1791427819.6816766,0.6350,0.4998,0.7006,0.4998,0.3646,0.7006,0.7538,0.7006,0.6350,0.2991,0.4998,0.5695,0.5695,0.0410,0.0369,0.0369,0.0574,0.6930,0.7610,0.6690,0.0680,-0.0920,19.09,-11.72,177.2,178.1,1.096,0.194,1.840
1791427819.7147443,0.5695,0.5695,0.6350,0.6350,0.4998,0.7006,0.6350,0.7006,0.6350,0.4302,0.1557,0.5695,0.5695,0.0369,0.0246,0.0369,0.0369,0.6980,0.7620,0.6740,0.0640,-0.0880,18.84,-11.66,177.2,178.6,1.087,0.195,1.782
1791427819.7485893,0.5695,0.5695,0.8030,0.5695,0.4302,0.8030,0.6350,0.7006,0.7006,0.1557,0.2458,0.4998,0.4998,0.0574,0.0410,0.0574,0.0369,0.6980,0.7600,,0.0620,,18.61,-11.81,177.0,178.7,0.985,0.195,
1791427819.7895236,0.8030,0.5695,0.7006,0.6350,0.4998,0.8030,0.6350,0.5695,0.5695,0.3646,0.4302,0.4998,0.4998,0.0246,0.0246,0.0369,0.0410,0.6940,0.7625,,0.0685,,18.93,-11.78,176.3,178.4,1.083,0.193,1.744
1791427819.8222823,0.6350,0.7006,0.5695,0.4998,0.6350,0.7538,0.7006,0.5695,0.7538,0.1557,0.3646,0.5695,0.4998,0.0410,0.0369,0.0574,0.0410,0.6980,0.7600,,0.0620,,18.67,-11.80,176.5,177.3,1.033,0.193,1.679
1791427819.8537302,0.4998,0.7006,0.7006,0.5695,0.6350,0.8030,0.8030,0.7538,0.5695,0.1966,0.6350,0.4998,0.5695,0.0574,0.0369,0.0574,0.0574,0.6980,0.7605,,0.0625,,18.34,-11.72,176.2,177.0,1.085,0.196,1.845
1791427819.8847437,0.6350,0.6350,0.6350,0.4302,0.4998,0.5695,0.6350,0.4998,0.5695,0.2991,0.5695,0.5695,0.5695,0.0574,0.0410,0.0574,0.0369,0.6980,0.7605,0.6750,0.0625,-0.0855,18.37,-11.77,175.8,177.1,1.009,0.194,1.724
1791427819.9164152,0.7006,0.6350,0.5695,0.4998,0.6350,0.7538,0.5695,0.7006,0.8030,0.1966,0.5695,0.5695,0.4998,0.0410,0.0164,0.0737,0.0164,0.6940,0.7600,,0.0660,,18.29,-11.62,175.9,176.1,1.109,0.196,1.787
1791427819.948705,0.8030,0.6350,0.7538,0.4998,0.5695,0.5695,0.7006,0.5695,0.6350,0.4998,0.4998,0.5695,0.4998,0.0410,0.0369,0.0574,0.0164,0.6940,0.7695,,0.0755,,19.17,-12.05,175.5,175.6,0.968,0.192,1.573
1791427819.9829595,0.6350,0.2458,0.5695,0.4998,0.4302,0.6350,0.8030,0.6350,0.7538,0.2991,0.6350,0.6350,0.4998,0.0369,0.0246,0.0410,0.0369,0.6940,0.7610,,0.0670,,19.34,-12.16,175.7,176.0,0.979,0.191,1.672
1791427820.0153055,0.7006,0.6350,0.8030,0.4998,0.5695,0.5695,0.7538,0.8030,0.7006,0.3646,0.6350,0.6350,0.4998,0.0369,0.0246,0.0410,0.0574,0.6930,0.7605,,0.0675,,19.32,-12.21,176.4,175.8,0.988,0.191,1.639
1791427820.0491486,0.4998,0.5695,0.7006,0.3646,0.4302,0.7538,0.6350,0.7006,0.5695,0.1966,0.6350,0.6350,0.6350,0.0205,0.0410,0.0737,0.0369,0.6940,0.7610,0.6750,0.0670,-0.0860,19.41,-12.10,177.9,175.8,1.041,0.190,1.698
1791427820.089654,0.7538,0.1966,0.6350,0.4302,0.4302,0.6350,0.6350,0.5695,0.6350,0.1966,0.5695,0.5695,0.4998,0.0369,0.0369,0.0369,0.0369,0.6940,0.7630,,0.0690,,19.39,-12.14,177.4,176.1,1.022,0.191,1.781
1791427820.122753,0.6350,0.4998,0.6350,0.4302,0.6350,0.7538,0.6350,0.7538,0.5695,0.1229,0.4302,0.5695,0.4998,0.0246,0.0205,0.0737,0.0369,0.6950,0.7620,,0.0670,,19.28,-12.06,176.8,175.9,1.061,0.192,1.788
1791427820.1530542,0.5695,0.6350,0.4998,0.5695,0.4998,0.7006,0.4998,0.6350,0.7006,0.1557,0.5695,0.5695,0.5695,0.0410,0.0410,0.0369,0.0942,0.6940,0.7625,0.6780,0.0685,-0.0845,19.26,-11.81,176.4,176.3,1.099,0.193,1.825
1791427820.1841576,0.7006,0.7538,0.7006,0.5695,0.5695,0.6350,0.5695,0.5695,0.7006,0.7006,0.4998,0.6350,0.5695,0.0574,0.0369,0.0574,0.0410,0.6940,0.7630,0.6780,0.0690,-0.0850,19.31,-11.66,175.7,176.4,1.085,0.194,1.786
1791427820.2167387,0.5695,0.5695,0.6350,0.7006,0.5695,0.5695,0.6350,0.7538,0.6350,0.2991,0.3646,0.4998,0.5695,0.0410,0.0123,0.0410,0.0369,0.6940,0.7605,,0.0665,,19.28,-11.62,175.2,176.1,1.050,0.193,1.720
1791427820.2489326,0.4302,0.4302,0.7006,0.4998,0.4998,0.7006,0.7538,0.4998,0.8030,0.1557,0.3646,0.5695,0.4998,0.0369,0.0369,0.0737,0.0410,0.6950,0.7605,,0.0655,,19.01,-11.47,175.8,176.6,1.106,0.195,1.875
1791427820.2825117,0.4302,0.6350,0.4998,0.5695,0.6350,0.7006,0.6350,0.7538,0.5695,0.6350,0.4302,0.6350,0.4998,0.0737,0.0246,0.0410,0.0574,0.6980,0.7595,,0.0615,,18.82,-11.55,175.4,177.3,1.004,0.194,1.723
1791427820.3160753,0.7538,0.4998,0.7006,0.4998,0.5695,0.6350,0.7006,0.5695,0.8030,0.1557,0.4302,0.5695,0.4302,0.0369,0.0410,0.0574,0.0369,0.6940,0.7610,,0.0670,,19.14,-11.61,176.1,177.0,1.017,0.191,1.714
1791427820.3566878,0.7006,0.4998,0.5695,0.4998,0.5695,0.7538,0.7538,0.4998,0.8440,0.2458,0.4998,0.5695,0.4998,0.0410,0.0246,0.0737,0.0369,0.6940,0.7595,,0.0655,,19.02,-11.66,175.7,176.2,1.004,0.192,1.680
1791427820.3881845,0.6350,0.7538,0.7006,0.4998,0.6350,0.3646,0.6350,0.7006,0.7006,0.1966,0.1966,0.5695,0.5695,0.0205,0.0410,0.0369,0.0410,0.6940,0.7600,0.6760,0.0660,-0.0840,18.97,-11.54,175.9,176.4,1.071,0.192,
1791427820.419331,0.6350,0.5695,0.6350,0.6350,0.5695,0.7006,0.6350,0.7006,0.4998,0.1966,0.6350,0.5695,0.4998,0.0369,0.0410,0.0574,0.0369,0.6940,0.7625,,0.0685,,19.17,-11.72,176.1,176.9,0.986,0.191,1.733
1791427820.4512274,0.5695,0.5695,0.6350,0.6350,0.6350,0.7006,0.6350,0.7006,0.7006,0.2458,0.4302,0.6350,0.6350,0.0410,0.0205,0.0942,0.0369,0.6980,0.7590,0.6780,0.0610,-0.0810,18.77,-11.57,175.6,176.3,1.043,0.193,1.705
1791427820.4830322,0.7006,0.5695,0.5695,0.4998,0.4302,0.4302,0.5695,0.7538,0.7006,0.1229,0.2458,0.5695,0.6350,0.0410,0.0246,0.0574,0.0942,0.6940,0.7610,0.6730,0.0670,-0.0880,19.16,-11.68,176.5,176.1,1.024,0.189,
1791427820.5161345,0.4998,0.4998,0.4998,0.6350,0.4998,0.7006,0.7006,0.7538,0.8440,0.1966,0.6350,0.6350,0.5695,0.0410,0.0369,0.0410,0.0574,0.6940,0.7600,0.6610,0.0660,-0.0990,19.09,-11.96,176.5,177.5,1.068,0.190,1.785
1791427820.549728,0.7006,0.7538,0.7006,0.4998,0.5695,0.7006,0.6350,0.7538,0.5695,0.1966,0.6350,0.6350,0.4998,0.0369,0.0205,0.0574,0.0574,0.6940,0.7680,,0.0740,,19.40,-11.94,178.1,178.4,1.137,0.192,1.981
1791427820.582888,0.5695,0.7006,0.8030,0.4998,0.4998,0.5695,0.7006,0.5695,0.7538,0.2991,0.1557,0.5695,0.5695,0.0574,0.0246,0.0369,0.0410,0.6980,0.7605,0.6740,0.0625,-0.0865,19.16,-11.87,177.6,178.5,1.054,0.191,
1791427820.6242368,0.6350,0.7006,0.8030,0.4998,0.4998,0.7006,0.7006,0.6350,0.6350,0.5695,0.4998,0.5695,0.4998,0.0246,0.0246,0.0369,0.0410,0.6940,0.7615,,0.0675,,19.19,-11.89,176.9,178.4,1.047,0.191,1.807
1791427820.656702,0.7006,0.5695,0.5695,0.4998,0.4998,0.8030,0.4998,0.7006,0.8030,0.2458,0.2458,0.4998,0.5695,0.0410,0.0246,0.0574,0.0369,0.6940,0.7595,,0.0655,,18.94,-11.79,176.7,179.0,1.076,0.194,
1791427820.6879811,0.4998,0.7006,0.7538,0.7006,0.6350,0.7006,0.6350,0.7538,0.5695,0.3646,0.3646,0.5695,0.4998,0.0369,0.0410,0.0369,0.0369,0.6940,0.7610,,0.0670,,18.87,-11.84,176.4,178.7,1.034,0.195,1.793
1791427820.7207003,0.4998,0.6350,0.4998,0.4998,0.5695,0.6350,0.6350,0.6350,0.7006,0.1557,0.7006,0.6350,0.6350,0.0246,0.0164,0.0574,0.0369,0.6940,0.7640,0.6710,0.0700,-0.0930,19.28,-11.94,176.4,178.4,1.064,0.192,1.788
1791427820.751573,0.7006,0.6350,0.5695,0.7006,0.6350,0.7006,0.7006,0.7006,0.5695,0.3646,0.4998,0.5695,0.5695,0.0410,0.0410,0.0737,0.0410,0.6940,0.7690,0.6740,0.0750,-0.0950,19.84,-12.27,175.4,178.3,0.972,0.191,1.673
1791427820.7834923,0.5695,0.7538,0.5695,0.5695,0.6350,0.7538,0.7006,0.6350,0.5695,0.4998,0.2991,0.6350,0.4998,0.0737,0.0164,0.0574,0.0369,0.6940,0.7610,,0.0670,,19.87,-12.17,175.9,178.9,1.060,0.189,1.728
1791427820.816637,0.7006,0.6350,0.8440,0.6350,0.5695,0.8030,0.8440,0.7006,0.6350,0.1557,0.2991,0.4998,0.5695,0.0369,0.0410,0.0574,0.0737,0.6940,0.7610,,0.0670,,19.56,-12.01,175.8,179.0,1.095,0.192,
1791427820.850352,0.6350,0.7538,0.6350,0.4998,0.4998,0.6350,0.6350,0.7006,0.6350,0.2991,0.4302,0.5695,0.4998,0.0737,0.0410,0.0737,0.0574,0.6940,0.7695,,0.0755,,19.85,-11.86,175.4,178.2,1.205,0.193,1.946
1791427820.8825686,0.6350,0.5695,0.5695,0.5695,0.4302,0.7006,0.7006,0.7538,0.5695,0.2991,0.4302,0.6350,0.4302,0.0410,0.0369,0.0369,0.0574,0.6940,0.7615,,0.0675,,19.87,-11.91,175.0,178.0,1.035,0.191,1.754
1791427820.9160469,0.6350,0.5695,0.7006,0.5695,0.5695,0.4302,0.7006,0.7538,0.7006,0.2991,0.6350,0.6350,0.5695,0.0369,0.0205,0.0574,0.0574,0.6980,0.7600,0.6740,0.0620,-0.0860,19.68,-11.79,175.1,178.8,1.072,0.189,1.782
1791427820.9573724,0.7538,0.6350,0.5695,0.4302,0.5695,0.7006,0.6350,0.8030,0.5695,0.4302,0.1966,0.5695,0.5695,0.0246,0.0205,0.0369,0.0574,0.6940,0.7620,0.6750,0.0680,-0.0870,19.34,-11.70,175.4,179.2,1.085,0.193,1.856
1791427820.988774,0.6350,0.7538,0.5695,0.5695,0.4998,0.5695,0.8030,0.7006,0.5695,0.2991,0.4998,0.5695,0.5695,0.0369,0.0410,0.0410,0.0410,0.6940,0.7615,0.6790,0.0675,-0.0825,19.27,-11.50,175.4,178.4,1.091,0.194,1.778
1791427821.0204475,0.8030,0.8440,0.6350,0.4302,0.6350,0.5695,0.7006,0.6350,0.6350,0.6350,0.5695,0.5695,0.4998,0.0410,0.0574,0.0942,0.0410,0.6940,0.7580,,0.0640,,19.14,-11.53,175.5,178.3,1.013,0.193,1.706
1791427821.0517716,0.7538,0.6350,0.5695,0.4998,0.4302,0.7006,0.8440,0.5695,0.5695,0.2991,0.3646,0.5695,0.5695,0.0574,0.0574,0.0410,0.0410,0.7010,0.7615,0.6750,0.0605,-0.0865,18.60,-11.52,177.3,178.7,1.065,0.195,1.810
1791427821.084628,0.7538,0.6350,0.8030,0.4302,0.5695,0.4302,0.6350,0.5695,0.7538,0.2458,0.7006,0.5695,0.4998,0.0410,0.0369,0.0942,0.0942,0.6940,0.7610,,0.0670,,18.82,-11.57,176.4,177.9,1.037,0.193,1.683
1791427821.1165817,0.5695,0.4302,0.4998,0.6350,0.5695,0.4998,0.5695,0.7006,0.7538,0.2991,0.1966,0.5695,0.6350,0.0410,0.0246,0.0574,0.0410,0.6940,0.7625,0.6700,0.0685,-0.0925,19.15,-11.74,175.9,177.9,1.047,0.191,
1791427821.1511898,0.5695,0.4998,0.5695,0.6350,0.5695,0.7538,0.6350,0.5695,0.4302,0.1557,0.4998,0.5695,0.5695,0.0574,0.0205,0.0574,0.0369,0.6980,0.7635,0.6760,0.0655,-0.0875,18.85,-11.52,175.4,177.6,1.158,0.194,1.904
1791427821.1831784,0.4998,0.6350,0.7006,0.6350,0.4302,0.6350,0.7538,0.7006,0.7006,0.2991,0.1966,0.4998,0.4998,0.0410,0.0410,0.0942,0.0574,0.6940,0.7620,,0.0680,,18.73,-11.45,175.1,177.8,1.111,0.196,
1791427821.2170677,0.5695,0.6350,0.6350,0.4998,0.5695,0.7006,0.4998,0.7006,0.7006,0.2991,0.0942,0.4998,0.5695,0.0737,0.0369,0.0410,0.0574,0.6940,0.7610,,0.0670,,18.72,-11.38,176.2,178.2,1.106,0.197,
1791427821.2583644,0.5695,0.3646,0.4302,0.4998,0.5695,0.6350,0.7006,0.4998,0.6350,0.4998,0.4302,0.6350,0.5695,0.0410,0.0246,0.0410,0.0369,0.6940,0.7605,0.6810,0.0665,-0.0795,18.94,-11.28,175.6,178.1,1.034,0.194,1.702
1791427821.2909687,0.6350,0.5695,0.7006,0.5695,0.5695,0.7006,0.7538,0.5695,0.6350,0.1966,0.3646,0.5695,0.4302,0.0369,0.0205,0.0574,0.0574,0.6940,0.7645,,0.0705,,19.12,-11.36,175.2,178.0,1.075,0.195,1.781
1791427821.322186,0.6350,0.7006,0.5695,0.4998,0.5695,0.7006,0.7006,0.8030,0.5695,0.3646,0.6350,0.4998,0.5695,0.1229,0.0574,0.0205,0.0574,0.6940,0.7600,,0.0660,,19.19,-11.50,176.3,177.9,0.985,0.193,1.698
1791427821.3528147,0.4302,0.7006,0.6350,0.5695,0.3646,0.7538,0.7006,0.6350,0.7538,0.2458,0.4302,0.6350,0.5695,0.0737,0.0369,0.0369,0.0369,0.6930,0.7605,0.6680,0.0675,-0.0925,19.14,-11.66,175.7,177.1,1.061,0.194,1.738
1791427821.3839698,0.7538,0.5695,0.6350,0.5695,0.5695,0.5695,0.5695,0.7538,0.7538,0.4998,0.3646,0.5695,0.4998,0.0574,0.0369,0.1229,0.0164,0.6940,0.7620,,0.0680,,19.19,-11.72,175.7,176.4,1.038,0.194,1.705
1791427821.41745,0.4998,0.5695,0.7006,0.4998,0.5695,0.8030,0.8030,0.5695,0.6350,0.1966,0.7006,0.5695,0.4998,0.0410,0.0369,0.0369,0.0574,0.6940,0.7590,,0.0650,,18.85,-11.61,176.8,176.3,1.075,0.196,1.799
1791427821.4508286,0.5695,0.5695,0.7006,0.4998,0.6350,0.2991,0.7006,0.5695,0.7006,0.1557,0.3646,0.5695,0.4998,0.0410,0.0369,0.0574,0.0205,0.6980,,,,,18.85,-11.61,176.8,176.3,,,
1791427821.4842336,0.7006,0.5695,0.4998,0.4998,0.5695,0.7538,0.7006,0.5695,0.7538,0.1229,0.3646,0.5695,0.5695,0.0574,0.0246,0.0410,0.0369,0.6980,0.7610,0.6770,0.0630,-0.0840,18.47,-11.46,177.2,176.2,1.096,0.198,1.818
1791427821.51797,0.7006,0.4302,0.7006,0.4998,0.6350,0.7538,0.7006,0.7538,0.7006,0.3646,0.5695,0.6350,0.5695,0.0369,0.0369,0.0574,0.0369,0.6940,0.7625,0.6740,0.0685,-0.0885,18.99,-11.62,176.7,175.8,1.014,0.194,1.652
1791427821.5588462,0.8030,0.4998,0.7538,0.6350,0.4998,0.6350,0.7006,0.7538,0.7006,0.1557,0.6350,0.6350,0.6350,0.0410,0.0574,0.0369,0.0574,0.6930,0.7640,0.6620,0.0710,-0.1020,19.13,-11.75,177.5,175.2,1.176,0.195,1.885
1791427821.5907435,0.6350,0.6350,0.7006,0.6350,0.5695,0.7006,0.7538,0.4998,0.6350,0.1966,0.1966,0.7006,0.5695,0.0369,0.0410,0.0410,0.0369,0.6980,0.7590,0.6810,0.0610,-0.0780,18.75,-11.52,177.3,175.8,1.047,0.195,
1791427821.6226335,0.6350,0.5695,0.7006,0.6350,0.7006,0.7538,0.6350,0.8030,0.7538,0.2991,0.2458,0.5695,0.5695,0.0737,0.0574,0.0410,0.0369,0.6960,0.7655,0.6740,0.0695,-0.0915,18.70,-11.44,175.9,175.9,1.163,0.197,
1791427821.6546054,0.7538,0.5695,0.5695,0.6350,0.4998,0.4302,0.7006,0.8030,0.4998,0.2458,0.5695,0.5695,0.4998,0.0410,0.0369,0.0737,0.0574,0.6930,0.7580,,0.0650,,18.67,-11.54,175.5,176.1,0.993,0.197,1.757
1791427821.686253,0.8030,0.6350,0.6350,0.6350,0.7006,0.7538,0.5695,0.6350,0.7538,0.1557,0.4998,0.4998,0.5695,0.0369,0.0369,0.0369,0.0369,0.6940,0.7625,,0.0685,,18.68,-11.48,176.1,176.3,1.111,0.198,1.838
1791427821.7183313,0.4998,0.5695,0.6350,0.5695,0.6350,0.7006,0.6350,0.5695,0.8030,0.2458,0.6350,0.5695,0.4998,0.0410,0.0410,0.0369,0.0369,0.6930,0.7630,,0.0700,,19.06,-11.65,176.2,176.3,1.016,0.195,1.706
1791427821.7506049,0.7006,0.7006,0.4998,0.4302,0.4998,0.7538,0.6350,0.6350,0.6350,0.6350,0.4302,0.5695,0.5695,0.0410,0.0369,0.0737,0.0369,0.6930,0.7650,0.6810,0.0720,-0.0840,19.26,-11.50,175.8,176.7,1.090,0.196,1.829
1791427821.784654,0.6350,0.6350,0.4998,0.5695,0.4998,0.7006,0.8440,0.6350,0.6350,0.4998,0.5695,0.5695,0.5695,0.0737,0.0369,0.0369,0.0164,0.6940,0.7660,0.6780,0.0720,-0.0880,19.49,-11.40,176.0,176.7,1.132,0.195,1.864
1791427821.817401,0.5695,0.6350,0.5695,0.6350,0.4998,0.7006,0.3646,0.5695,0.5695,0.1966,0.3646,0.4998,0.4998,0.0246,0.0205,0.0369,0.0164,0.6940,0.7615,,0.0675,,19.49,-11.52,175.6,175.6,1.004,0.194,1.640
1791427821.8512285,0.7538,0.5695,0.6350,0.5695,0.6350,0.4998,0.7006,0.4998,0.7538,0.1966,0.4302,0.4998,0.5695,0.0246,0.0410,0.0369,0.0410,0.6940,0.7620,,0.0680,,19.64,-11.57,175.7,175.5,1.035,0.192,1.660
1791427821.8917634,0.6350,0.5695,0.6350,0.4998,0.6350,0.4302,0.6350,0.5695,0.6350,0.1966,0.3646,0.5695,0.4998,0.0369,0.0369,0.0369,0.0369,0.6940,0.7620,,0.0680,,19.44,-11.46,176.7,175.2,1.105,0.194,1.790
1791427821.9220116,0.8440,0.4302,0.4302,0.5695,0.4998,0.5695,0.4998,0.6350,0.7006,0.1229,0.2458,0.6350,0.4998,0.0369,0.0369,0.0410,0.0574,0.6980,0.7645,,0.0665,,19.61,-11.48,178.6,174.9,1.081,0.191,
1791427821.953901,0.8440,0.6350,0.7538,0.5695,0.4998,0.7006,0.7538,0.5695,0.8030,0.2991,0.3646,0.5695,0.5695,0.0737,0.0246,0.0369,0.0164,0.6940,0.7650,0.6810,0.0710,-0.0840,19.74,-11.44,177.7,174.9,1.055,0.191,1.750
1791427821.9855306,0.6350,0.6350,0.4302,0.5695,0.4998,0.7006,0.6350,0.6350,0.7006,0.1229,0.2991,0.7006,0.4998,0.0574,0.0205,0.0369,0.0369,0.6930,0.7660,,0.0730,,19.71,-11.39,178.4,174.8,1.125,0.194,
1791427822.019105,0.4998,0.6350,0.6350,0.4998,0.6350,0.3646,0.6350,0.5695,0.7006,0.1557,0.5695,0.6350,0.6350,0.0246,0.0369,0.0737,0.0205,0.6980,0.7600,0.6780,0.0620,-0.0820,19.44,-11.37,178.2,175.1,1.025,0.193,1.718
1791427822.050877,0.5695,0.5695,0.7538,0.4998,0.5695,0.7006,0.5695,0.6350,0.7006,0.1557,0.4302,0.5695,0.6350,0.0574,0.0737,0.0410,0.0574,0.6930,0.7685,0.6780,0.0755,-0.0905,19.91,-11.47,178.1,175.2,1.077,0.192,1.774
1791427822.083834,0.8030,0.6350,0.7006,0.5695,0.5695,0.7006,0.6350,0.5695,0.6350,0.1557,0.3646,0.5695,0.4998,0.0246,0.0369,0.0164,0.0410,0.6940,0.7595,,0.0655,,19.63,-11.49,178.0,175.0,1.007,0.193,1.677
1791427822.1190655,0.5695,0.6350,0.6350,0.4998,0.5695,0.4998,0.4998,0.5695,0.7006,0.2458,0.4998,0.5695,0.5695,0.0369,0.0410,0.0164,0.0164,0.6940,0.7620,0.6760,0.0680,-0.0860,19.24,-11.31,177.4,175.9,1.142,0.196,1.879
1791427822.161603,0.4302,0.8030,0.7006,0.7006,0.4302,0.7538,0.6350,0.5695,0.7006,0.1966,0.1966,0.5695,0.4998,0.0737,0.0246,0.0942,0.0574,0.6940,0.7605,,0.0665,,19.22,-11.35,177.6,176.2,1.026,0.196,
1791427822.1916735,0.7006,0.7538,0.7006,0.5695,0.5695,0.7538,0.7538,0.7006,0.5695,0.2991,0.4302,0.5695,0.5695,0.0369,0.0369,0.0737,0.0574,0.6940,0.7630,0.6710,0.0690,-0.0920,19.43,-11.68,176.6,175.7,0.990,0.194,1.612
1791427822.2245493,0.6350,0.5695,0.4998,0.4998,0.4998,0.7006,0.7006,0.7006,0.7538,0.5695,0.3646,0.4998,0.4998,0.0410,0.0369,0.0737,0.0574,0.6940,0.7635,,0.0695,,19.45,-11.65,176.3,174.8,1.071,0.194,1.735
1791427822.2562845,0.7006,0.7006,0.4998,0.5695,0.5695,0.7006,0.8030,0.6350,0.7006,0.2991,0.6350,0.6350,0.4998,0.0574,0.0246,0.0410,0.0410,0.6940,0.7615,,0.0675,,19.09,-11.55,176.2,175.1,1.087,0.197,1.826
1791427822.286765,0.6350,0.5695,0.7538,0.5695,0.2991,0.7538,0.7006,0.4302,0.6350,0.2458,0.3646,0.4998,0.4998,0.0574,0.0737,0.0574,0.0410,0.7010,0.7665,,0.0655,,18.90,-11.65,176.8,175.1,1.061,0.198,1.750
1791427822.3186717,0.5695,0.6350,0.5695,0.6350,0.4998,0.7006,0.8030,0.6350,0.7006,0.1966,0.2458,0.5695,0.4998,0.0737,0.0574,0.0410,0.0574,0.6940,0.7620,,0.0680,,18.95,-11.64,176.1,175.0,1.050,0.198,
1791427822.351178,0.8030,0.5695,0.6350,0.6350,0.7006,0.4998,0.7538,0.2991,0.7538,0.3646,0.1557,0.4998,0.5695,0.0246,0.0205,0.0369,0.0246,0.6940,0.7635,,0.0695,,18.78,-11.56,175.1,174.6,1.101,0.200,1.926
1791427822.385357,0.6350,0.7006,0.4998,0.4998,0.4998,0.8030,0.7006,0.6350,0.8030,0.1557,0.6350,0.6350,0.5695,0.0246,0.0205,0.0574,0.0410,0.6940,0.7610,0.6760,0.0670,-0.0850,18.65,-11.59,175.3,175.2,1.027,0.201,1.788
1791427822.4192333,0.5695,0.7538,0.4998,0.6350,0.3646,0.6350,0.7006,0.7006,0.7538,0.3646,0.6350,0.5695,0.5695,0.0410,0.0369,0.0737,0.0574,0.6980,0.7640,0.6800,0.0660,-0.0840,18.55,-11.43,174.9,175.3,1.100,0.201,1.782
1791427822.4523103,0.5695,0.4998,0.4302,0.5695,0.6350,0.8030,0.5695,0.6350,0.8030,0.1557,0.1966,0.5695,0.4998,0.0369,0.0410,0.0737,0.0369,0.6940,0.7685,,0.0745,,19.00,-11.45,175.2,175.7,1.126,0.200,
1791427822.492945,0.5695,0.5695,0.4998,0.5695,0.5695,0.5695,0.7006,0.4998,0.4998,0.4998,0.4998,0.5695,0.5695,0.0410,0.0410,0.0410,0.0737,0.6940,0.7595,0.6730,0.0655,-0.0865,18.86,-11.53,174.7,176.3,1.028,0.200,1.750
1791427822.5248861,0.6350,0.7006,0.5695,0.4998,0.6350,0.7538,0.6350,0.5695,0.6350,0.4998,0.3646,0.5695,0.4998,0.0737,0.0246,0.0737,0.0410,0.6980,0.7605,,0.0625,,18.46,-11.43,174.5,176.8,1.085,0.201,1.803
1791427822.5564084,0.4998,0.4998,0.4998,0.4302,0.5695,0.5695,0.5695,0.7006,0.7006,0.2991,0.4302,0.4998,0.5695,0.0369,0.0205,0.0369,0.0410,0.6980,0.7630,,0.0650,,18.62,-11.58,174.8,176.9,1.002,0.198,1.615
1791427822.589627,0.7538,0.6350,0.7006,0.6350,0.4998,0.6350,0.7006,0.5695,0.7006,0.2991,0.1966,0.5695,0.5695,0.0737,0.0410,0.1229,0.0574,0.6940,0.7615,0.6790,0.0675,-0.0825,18.67,-11.50,175.1,176.8,1.043,0.198,
1791427822.620833,0.7006,0.7006,0.7006,0.6350,0.6350,0.4998,0.5695,0.7006,0.7006,0.4998,0.4302,0.7006,0.4998,0.0369,0.0369,0.0410,0.0737,0.6940,0.7610,,0.0670,,18.90,-11.58,174.8,176.3,1.001,0.195,1.653
1791427822.652096,0.7006,0.7006,0.7538,0.6350,0.4998,0.7538,0.7538,0.5695,0.7006,0.1966,0.4998,0.7006,0.4998,0.0246,0.0205,0.0942,0.0369,0.6940,0.7640,,0.0700,,19.03,-11.39,175.7,175.7,1.157,0.196,1.844
1791427822.685428,0.4998,0.4998,0.8030,0.4998,0.4998,0.7538,0.4998,0.5695,0.7538,0.4302,0.4998,0.4998,0.4998,0.0369,0.0574,0.0410,0.0369,0.6940,0.7630,,0.0690,,19.34,-11.45,176.2,175.9,1.046,0.193,1.709
1791427822.719088,0.7006,0.8440,0.7538,0.4998,0.5695,0.7538,0.8030,0.7538,0.5695,0.4998,0.4998,0.5695,0.5695,0.0246,0.0410,0.0410,0.0737,0.6940,0.7650,0.6690,0.0710,-0.0960,19.69,-11.76,175.9,176.1,1.035,0.191,1.637
1791427822.752386,0.5695,0.7006,0.5695,0.6350,0.7538,0.4998,0.7538,0.6350,0.6350,0.2458,0.6350,0.5695,0.4998,0.0574,0.0737,0.0574,0.0410,0.6940,0.7600,,0.0660,,19.41,-11.76,175.6,176.9,1.020,0.193,1.801
1791427822.7902465,0.6350,0.4302,0.8030,0.5695,0.5695,0.7006,0.8030,0.7538,0.6350,0.4302,0.1966,0.5695,0.4998,0.0410,0.0246,0.0410,0.0410,0.6940,0.7660,,0.0720,,19.36,-11.67,175.6,177.2,1.136,0.196,1.941
1791427822.8215947,0.6350,0.7006,0.6350,0.6350,0.5695,0.6350,0.8030,0.5695,0.6350,0.2458,0.4998,0.6350,0.5695,0.0369,0.0410,0.0410,0.0410,0.6980,0.7590,0.6800,0.0610,-0.0790,18.87,-11.43,176.5,177.3,1.071,0.197,1.787
1791427822.8543646,0.6350,0.7006,0.6350,0.5695,0.3646,0.4998,0.6350,0.6350,0.6350,0.2991,0.6350,0.7006,0.5695,0.0164,0.0123,0.0410,0.0369,0.6940,0.7630,0.6710,0.0690,-0.0920,19.11,-11.66,175.7,177.1,1.028,0.195,1.649
1791427822.885711,0.4998,0.8030,0.6350,0.6350,0.5695,0.2991,0.8030,0.6350,0.8030,0.1966,0.7006,0.7006,0.5695,0.0164,0.0737,0.0205,0.0410,0.6940,,0.6720,,,19.11,-11.66,175.7,177.1,,,
1791427822.9185178,0.6350,0.4302,0.6350,0.6350,0.4998,0.6350,0.8440,0.6350,0.7006,0.1966,0.4998,0.5695,0.4998,0.0369,0.0574,0.0737,0.0410,0.6930,0.7585,,0.0655,,19.12,-11.66,174.9,177.6,1.009,0.194,1.715
1791427822.9526374,0.6350,0.7006,0.4302,0.6350,0.5695,0.8440,0.7538,0.5695,0.7006,0.1557,0.5695,0.5695,0.4998,0.0410,0.0246,0.0369,0.0410,0.6940,0.7605,,0.0665,,18.94,-11.50,174.7,178.2,1.110,0.195,1.889
1791427822.986569,0.7538,0.6350,0.7006,0.4998,0.6350,0.2991,0.6350,0.7006,0.7006,0.6350,0.3646,0.6350,0.6350,0.0410,0.0369,0.0410,0.0737,0.6940,,0.6740,,,18.94,-11.50,174.7,178.2,,,
1791427823.0269628,0.5695,0.7006,0.8440,0.5695,0.5695,0.8440,0.7006,0.7538,0.6350,0.2991,0.2458,0.6350,0.5695,0.0246,0.0574,0.0369,0.0369,0.6930,0.7590,0.6730,0.0660,-0.0860,18.82,-11.50,174.8,177.9,1.057,0.196,
1791427823.0590932,0.8030,0.7538,0.8440,0.3646,0.6350,0.7006,0.4998,0.6350,0.7006,0.1966,0.4302,0.5695,0.4998,0.0410,0.0164,0.0410,0.0246,0.6940,0.7595,,0.0655,,18.61,-11.43,175.9,177.8,1.076,0.198,1.850
1791427823.0902216,0.4998,0.7006,0.7006,0.4302,0.4302,0.7006,0.7538,0.7006,0.7006,0.1229,0.4998,0.5695,0.5695,0.0369,0.0410,0.0574,0.0410,0.6980,0.7600,0.6740,0.0620,-0.0860,18.29,-11.49,177.8,176.9,1.037,0.199,1.762
1791427823.1223242,0.8030,0.9054,0.6350,0.5695,0.4998,0.5695,0.6350,0.7006,0.6350,0.4998,0.2991,0.5695,0.4998,0.0410,0.0164,0.0410,0.0205,0.6980,0.7595,,0.0615,,18.16,-11.45,178.2,177.0,1.064,0.198,1.780
1791427823.1541693,0.3646,0.6350,0.7538,0.4998,0.4302,0.6350,0.8030,0.7006,0.6350,0.1966,0.1966,0.5695,0.5695,0.0410,0.0164,0.0410,0.0369,0.6940,0.7600,0.6760,0.0660,-0.0840,18.33,-11.46,178.1,177.0,1.033,0.196,
1791427823.1861105,0.4998,0.7006,0.5695,0.5695,0.4998,0.7538,0.5695,0.3646,0.8440,0.1966,0.4302,0.5695,0.5695,0.0574,0.0369,0.0942,0.0369,0.6940,0.7670,0.6770,0.0730,-0.0900,18.60,-11.37,178.1,176.6,1.153,0.198,1.878
1791427823.219678,0.4302,0.7538,0.5695,0.5695,0.5695,0.5695,0.8030,0.7006,0.4302,0.5695,0.4302,0.4998,0.5695,0.0246,0.0246,0.0410,0.0574,0.6940,0.7590,,0.0650,,18.44,-11.32,177.4,175.9,1.067,0.199,1.780
1791427823.2534666,0.4998,0.4302,0.5695,0.4302,0.3646,0.2458,0.8440,0.7006,0.7538,0.4302,0.4302,0.5695,0.5695,0.0164,0.0369,0.0369,0.0410,0.6940,,0.6750,,,18.44,-11.32,177.4,175.9,,,
1791427823.2963622,0.4998,0.7538,0.5695,0.5695,0.3646,0.7006,0.7538,0.7538,0.7006,0.3646,0.2991,0.6350,0.4998,0.0574,0.0246,0.0574,0.0369,0.6980,0.7610,,0.0630,,17.98,-11.19,176.7,175.5,1.131,0.202,1.852
1791427823.322045,0.7538,0.7538,0.7006,0.6350,0.6350,0.2991,0.7538,0.7538,0.7006,0.2458,0.2458,0.5695,0.4998,0.0574,0.0123,0.0737,0.0410,0.7020,,,,,17.98,-11.19,176.7,175.5,,,
1791427823.3598526,0.7538,0.6350,0.5695,0.5695,0.4302,0.5695,0.7006,0.7006,0.7006,0.5695,0.3646,0.5695,0.5695,0.0246,0.0369,0.0410,0.0574,0.6940,0.7690,0.6770,0.0750,-0.0920,18.71,-11.27,175.5,175.0,1.122,0.199,1.750
1791427823.3908064,0.4998,0.7006,0.5695,0.6350,0.7538,0.7538,0.6350,0.5695,0.7538,0.4302,0.3646,0.4998,0.5695,0.0369,0.0369,0.0574,0.0574,0.6940,0.7580,,0.0640,,18.37,-11.20,175.2,175.7,1.071,0.201,1.808
1791427823.4225702,0.8030,0.7006,0.6350,0.5695,0.5695,0.3646,0.7006,0.5695,0.7538,0.5695,0.3646,0.6350,0.5695,0.0246,0.0164,0.0410,0.0574,0.6940,0.7620,0.6750,0.0680,-0.0870,18.35,-11.27,175.0,176.0,1.061,0.202,1.822
1791427823.4549174,0.4302,0.4998,0.7006,0.4302,0.3646,0.6350,0.7006,0.8030,0.5695,0.2991,0.3646,0.5695,0.6350,0.0246,0.0246,0.0737,0.0574,0.6940,0.7630,0.6790,0.0690,-0.0840,18.38,-11.17,174.5,175.5,1.106,0.203,1.829
1791427823.4877691,0.5695,0.6350,0.5695,0.3646,0.5695,0.6350,0.8030,0.8030,0.7538,0.2991,0.1966,0.5695,0.5695,0.0574,0.0410,0.0574,0.0574,0.6980,0.7650,0.6740,0.0670,-0.0910,18.05,-11.04,174.6,175.8,1.218,0.207,
1791427823.5193982,0.4302,0.7006,0.5695,0.3646,0.5695,0.8030,0.7006,0.7538,0.6350,0.2458,0.5695,0.4998,0.5695,0.0410,0.0737,0.0942,0.0410,0.6940,0.7655,,0.0715,,18.34,-11.13,175.1,175.5,1.105,0.206,1.826
1791427823.5530696,0.6350,0.4302,0.5695,0.4998,0.6350,0.7538,0.6350,0.7538,0.7006,0.1557,0.3646,0.6350,0.4302,0.0737,0.0410,0.0410,0.0369,0.6940,0.7575,,0.0635,,18.24,-11.16,175.2,174.4,1.021,0.204,1.651
1791427823.5858753,0.5695,0.5695,0.4998,0.5695,0.4302,0.6350,0.5695,0.6350,0.4998,0.6350,0.5695,0.6350,0.4998,0.0246,0.0574,0.0369,0.0410,0.6980,0.7590,,0.0610,,17.97,-11.31,176.0,174.9,0.983,0.203,1.678
1791427823.6201746,0.6350,0.4998,0.5695,0.6350,0.4302,0.4998,0.6350,0.2458,0.6350,0.5695,0.5695,0.5695,0.4302,0.0369,0.0942,0.0410,0.0574,0.6940,0.7585,,0.0645,,17.77,-11.36,175.9,175.2,1.011,0.205,1.769
1791427823.6602724,0.8030,0.7006,0.7538,0.5695,0.5695,0.7006,0.5695,0.6350,0.6350,0.2458,0.5695,0.4998,0.5695,0.0369,0.0205,0.0369,0.0369,0.6940,0.7595,,0.0655,,17.77,-11.40,175.8,174.6,1.022,0.205,1.711
1791427823.6917024,0.7006,0.4998,0.5695,0.6350,0.5695,0.4998,0.6350,0.3646,0.7006,0.2991,0.5695,0.6350,0.4998,0.0942,0.0369,0.0737,0.0410,0.6940,0.7605,,0.0665,,17.89,-11.37,176.0,174.9,1.065,0.204,1.810
1791427823.7241926,0.7006,0.7006,0.3646,0.4998,0.4998,0.8767,0.6350,0.7538,0.5695,0.4302,0.2991,0.7006,0.4998,0.0410,0.0410,0.0410,0.0410,0.6940,0.7615,,0.0675,,17.78,-11.36,175.5,175.9,1.070,0.206,1.856
1791427823.754963,0.7006,0.4998,0.5695,0.4302,0.7538,0.4302,0.7538,0.6350,0.6350,0.2458,0.1557,0.5695,0.6350,0.0574,0.0410,0.0737,0.0574,0.6940,0.7620,0.6750,0.0680,-0.0870,17.62,-11.35,176.2,176.3,1.089,0.209,
1791427823.7875218,0.4998,0.5695,0.4302,0.4998,0.6350,0.7538,0.7538,0.6350,0.5695,0.4998,0.5695,0.6350,0.5695,0.0246,0.0574,0.0942,0.0369,0.6940,0.7640,0.6800,0.0700,-0.0840,17.93,-11.22,175.6,176.4,1.109,0.208,1.851
1791427823.820224,0.6350,0.7538,0.7538,0.5695,0.4302,0.6350,0.7006,0.6350,0.6350,0.2991,0.3646,0.6350,0.5695,0.0410,0.0574,0.0737,0.0369,0.6940,0.7635,0.6810,0.0695,-0.0825,18.46,-11.32,176.1,176.4,0.990,0.203,1.668
1791427823.854443,0.3646,0.6350,0.7006,0.4302,0.5695,0.5695,0.5695,0.6350,0.7538,0.6350,0.2458,0.5695,0.4998,0.0369,0.0369,0.0369,0.0410,0.6980,0.7610,,0.0630,,18.46,-11.41,175.5,176.3,1.005,0.200,1.758
1791427823.8865957,0.4302,0.8440,0.5695,0.6350,0.5695,0.7006,0.7006,0.6350,0.8030,0.1557,0.3646,0.5695,0.5695,0.0410,0.0410,0.0369,0.0410,0.6980,0.7615,0.6760,0.0635,-0.0855,18.21,-11.40,175.7,177.0,1.063,0.201,1.775
1791427823.9202821,0.7538,0.4998,0.7538,0.4302,0.4302,0.6350,0.7538,0.6350,0.7006,0.1557,0.4998,0.5695,0.4998,0.1229,0.0369,0.0410,0.0574,0.6980,0.7675,,0.0695,,18.27,-11.35,176.4,176.8,1.142,0.202,1.852
1791427823.9607918,0.6350,0.5695,0.8440,0.4998,0.6350,0.6350,0.7538,0.7006,0.5695,0.1966,0.4302,0.6350,0.4998,0.0574,0.0369,0.0737,0.0164,0.7010,0.7595,,0.0585,,17.84,-11.28,176.1,177.0,1.063,0.202,1.749
1791427823.9916124,0.4998,0.2458,0.7538,0.4998,0.6350,0.8030,0.8030,0.7538,0.6350,0.2991,0.2458,0.6350,0.5695,0.0164,0.0205,0.0942,0.0737,0.7020,0.7600,0.6760,0.0580,-0.0840,17.82,-11.37,175.3,177.3,1.010,0.198,
1791427824.0234027,0.5695,0.6350,0.7538,0.7006,0.4998,0.7538,0.7006,0.7006,0.7538,0.3646,0.2458,0.6350,0.4998,0.0410,0.0574,0.0574,0.0574,0.6940,0.7625,,0.0685,,18.04,-11.31,175.3,177.2,1.090,0.199,1.839
1791427824.0549061,0.5695,0.6350,0.4998,0.4998,0.5695,0.6350,0.7538,0.8030,0.7006,0.2458,0.1966,0.5695,0.4998,0.0369,0.0574,0.0369,0.0246,0.6980,0.7640,,0.0660,,17.85,-11.27,176.1,177.4,1.111,0.202,
1791427824.0872622,0.6350,0.6350,0.7538,0.6350,0.4302,0.6350,0.5695,0.6350,0.7538,0.1557,0.2458,0.5695,0.5695,0.0246,0.0369,0.0737,0.0410,0.6950,0.7615,0.6790,0.0665,-0.0825,18.07,-11.29,175.6,177.8,1.024,0.200,
1791427824.1202374,0.4302,0.6350,0.5695,0.4302,0.5695,0.8030,0.7006,0.6350,0.7006,0.2458,0.1966,0.6350,0.6350,0.0410,0.0574,0.0574,0.0369,0.6950,0.7625,0.6770,0.0675,-0.0855,17.99,-11.29,176.2,178.0,1.070,0.202,
1791427824.1541712,0.7006,0.6350,0.8767,0.5695,0.4302,0.5695,0.7538,0.7538,0.5695,0.2991,0.7006,0.4998,0.4998,0.0574,0.0574,0.0410,0.0574,0.6990,0.7615,,0.0625,,17.83,-11.35,175.9,177.2,1.029,0.202,1.783
1791427824.1873364,0.7006,0.4998,0.7006,0.4302,0.4998,0.6350,0.7538,0.7538,0.7006,0.2458,0.4302,0.5695,0.5695,0.0205,0.0410,0.0737,0.0205,0.6990,0.7625,0.6780,0.0635,-0.0845,18.01,-11.46,177.5,177.4,1.000,0.199,1.658
1791427824.2205634,0.4302,0.7006,0.6350,0.5695,0.4302,0.3646,0.6350,0.4998,0.4998,0.3646,0.2991,0.4998,0.4998,0.0410,0.0246,0.0574,0.0369,0.7020,0.7630,,0.0610,,17.74,-11.38,176.7,177.2,1.095,0.200,1.923
1791427824.2611985,0.8030,0.4998,0.7538,0.4998,0.4998,0.6350,0.4998,0.7538,0.7538,0.1557,0.4998,0.6350,0.4998,0.0574,0.0369,0.0410,0.0410,0.6950,0.7685,,0.0735,,18.56,-11.56,178.3,176.6,1.042,0.196,1.675
1791427824.2927918,0.8030,0.4998,0.6350,0.5695,0.5695,0.7006,0.7538,0.7006,0.4302,0.1966,0.4998,0.5695,0.4998,0.0369,0.0205,0.0574,0.0369,0.6950,0.7620,,0.0670,,18.73,-11.56,178.9,176.3,1.036,0.195,1.678
1791427824.3242474,0.4998,0.6350,0.5695,0.3646,0.5695,0.7006,0.6350,0.5695,0.5695,0.4998,0.6350,0.5695,0.5695,0.0369,0.0164,0.0369,0.0410,0.6950,0.7585,0.6670,0.0635,-0.0915,18.70,-11.80,177.4,176.0,1.005,0.194,1.662
1791427824.3556178,0.8030,0.6350,0.7006,0.5695,0.6350,0.5695,0.7538,0.4998,0.6350,0.2991,0.3646,0.5695,0.4998,0.0205,0.0369,0.0574,0.0410,0.6950,0.7570,,0.0620,,18.85,-11.80,179.2,175.1,0.981,0.190,1.588
1791427824.387109,0.4302,0.4302,0.6350,0.5695,0.3646,0.7006,0.8440,0.7538,0.6350,0.2458,0.1557,0.6350,0.4998,0.0410,0.0410,0.0737,0.0574,0.6950,0.7635,,0.0685,,18.79,-11.70,179.5,175.2,1.101,0.193,
1791427824.4211402,0.5695,0.7538,0.5695,0.4302,0.4998,0.6350,0.8030,0.5695,0.7006,0.1966,0.2458,0.5695,0.4998,0.0369,0.0369,0.0737,0.0369,0.6990,0.7600,,0.0610,,18.50,-11.51,179.3,175.8,1.111,0.193,
1791427824.454528,0.8030,0.4998,0.4998,0.5695,0.4302,0.7006,0.7006,0.5695,0.5695,0.3646,0.5695,0.7006,0.5695,0.0410,0.0410,0.0369,0.0369,0.6950,0.7630,0.6780,0.0680,-0.0850,18.81,-11.52,179.5,176.2,1.036,0.192,1.691
1791427824.4878206,0.5695,0.6350,0.5695,0.6350,0.5695,0.8440,0.7006,0.7538,0.4998,0.4302,0.2458,0.7006,0.5695,0.0369,0.0410,0.0737,0.0574,0.6950,0.7615,0.6810,0.0665,-0.0805,18.91,-11.48,179.9,176.1,1.007,0.191,1.704
1791427824.5220091,0.7006,0.7006,0.6350,0.4302,0.4998,0.5695,0.6350,0.6350,0.4998,0.1966,0.5695,0.6350,0.4998,0.0369,0.0246,0.0369,0.0410,0.6950,0.7645,,0.0695,,18.68,-11.42,179.6,175.5,1.110,0.196,1.849
1791427824.5616183,0.5695,0.4302,0.5695,0.4998,0.7538,0.7538,0.6350,0.8440,0.6350,0.2991,0.2991,0.6350,0.4998,0.0574,0.0164,0.0369,0.0369,0.7020,0.7645,,0.0625,,18.39,-11.42,178.6,175.4,1.084,0.197,
1791427824.5927982,0.7538,0.2458,0.6350,0.4998,0.5695,0.2458,0.6350,0.4302,0.6350,0.3646,0.4998,0.6350,0.5695,0.0574,0.0369,0.0737,0.0369,0.6950,,0.6790,,,18.39,-11.42,178.6,175.4,,,
1791427824.6248684,0.7006,0.7006,0.5695,0.4302,0.4998,0.7006,0.6350,0.6350,0.8440,0.3646,0.2991,0.4998,0.4998,0.0410,0.0369,0.0410,0.0574,0.6950,0.7640,,0.0690,,18.84,-11.56,177.3,175.2,1.011,0.194,1.713
1791427824.6558864,0.4998,0.7006,0.6350,0.4302,0.3646,0.5695,0.6350,0.5695,0.7006,0.2991,0.1966,0.5695,0.4998,0.0410,0.0246,0.0942,0.0164,0.6950,0.7605,,0.0655,,18.73,-11.48,177.2,174.8,1.061,0.195,
1791427824.687118,0.7006,0.4302,0.4998,0.4302,0.4998,0.2991,0.7006,0.7006,0.6350,0.3646,0.4302,0.5695,0.5695,0.0369,0.0737,0.0410,0.0737,0.6990,,0.6810,,,18.73,-11.48,177.2,174.8,,,
1791427824.7212095,0.7538,0.3646,0.6350,0.5695,0.5695,0.8030,0.7538,0.6350,0.5695,0.1966,0.2458,0.6350,0.5695,0.0369,0.0410,0.0369,0.0369,0.6940,0.7635,0.6780,0.0695,-0.0855,18.43,-11.34,176.5,175.1,1.120,0.200,
1791427824.7551308,0.6350,0.7006,0.4998,0.7006,0.4998,0.7006,0.6350,0.7538,0.6350,0.5695,0.2991,0.6350,0.5695,0.0164,0.0574,0.0737,0.0410,0.6940,0.7645,0.6810,0.0705,-0.0835,18.60,-11.20,175.7,174.9,1.105,0.201,1.969
1791427824.7879822,0.6350,0.6350,0.4998,0.6350,0.4998,0.7006,0.7538,0.7006,0.7006,0.2458,0.5695,0.5695,0.4998,0.0410,0.0737,0.0737,0.0410,0.6950,0.7640,,0.0690,,18.76,-11.20,175.8,175.4,1.092,0.200,1.831
1791427824.8211658,0.5695,0.5695,0.7006,0.4302,0.6350,0.7006,0.6350,0.5695,0.8440,0.4302,0.5695,0.5695,0.5695,0.0574,0.0410,0.0737,0.0205,0.6950,0.7620,0.6790,0.0670,-0.0830,18.60,-11.18,175.9,175.0,1.057,0.201,1.754
1791427824.8613179,0.4998,0.4998,0.9054,0.5695,0.4998,0.7538,0.8030,0.5695,0.5695,0.3646,0.5695,0.6350,0.4998,0.0369,0.0574,0.0942,0.0369,0.6950,0.7610,,0.0660,,18.82,-11.26,175.5,176.4,1.010,0.198,1.687
1791427824.8927257,0.6350,0.4302,0.7006,0.4302,0.3646,0.7006,0.8030,0.7006,0.6350,0.1966,0.4998,0.5695,0.5695,0.0369,0.0246,0.0737,0.0164,0.6990,0.7605,0.6810,0.0615,-0.0795,18.58,-11.21,175.4,177.2,1.021,0.197,1.795
1791427824.9241042,0.8030,0.5695,0.4998,0.4998,0.5695,0.7538,0.7538,0.7538,0.6350,0.1557,0.2458,0.6350,0.4998,0.0369,0.0369,0.0737,0.0410,0.6950,0.7595,,0.0645,,18.80,-11.23,176.3,177.3,1.010,0.193,
1791427824.9553962,0.4998,0.5695,0.4302,0.5695,0.4998,0.8030,0.7538,0.7006,0.7006,0.4302,0.3646,0.6350,0.4998,0.0410,0.0369,0.0942,0.0164,0.6990,0.7645,,0.0655,,18.53,-11.16,176.1,178.0,1.115,0.196,1.896
1791427824.987361,0.7538,0.5695,0.6350,0.4998,0.4998,0.2458,0.8440,0.2458,0.7538,0.4302,0.7006,0.6350,0.6350,0.0205,0.0369,0.0574,0.0410,0.6990,,0.6730,,,18.53,-11.16,176.1,178.0,,,
1791427825.0214343,0.7006,0.7006,0.7006,0.4998,0.4998,0.5695,0.4998,0.6350,0.6350,0.1557,0.2991,0.4998,0.5695,0.0369,0.0410,0.0246,0.0410,0.6990,0.7600,,0.0610,,18.48,-11.25,175.1,178.7,0.986,0.194,
1791427825.0551145,0.7538,0.7006,0.8030,0.6350,0.6350,0.6350,0.5695,0.5695,0.7006,0.1966,0.2458,0.5695,0.5695,0.0369,0.0164,0.0410,0.0410,0.6990,0.7600,0.6810,0.0610,-0.0790,18.36,-11.13,176.5,178.4,1.049,0.193,
1791427825.0888307,0.4998,0.6350,0.5695,0.4302,0.3646,0.6350,0.6350,0.6350,0.7538,0.4302,0.5695,0.5695,0.5695,0.0369,0.0369,0.0942,0.0574,0.6950,0.7610,0.6620,0.0660,-0.0990,18.50,-11.47,175.9,178.2,1.092,0.193,1.776
1791427825.1299307,0.5695,0.4302,0.6350,0.3646,0.7006,0.6350,0.7006,0.7006,0.4998,0.3646,0.2991,0.6350,0.5695,0.0574,0.0369,0.0410,0.0410,0.6950,0.7635,0.6740,0.0685,-0.0895,18.89,-11.66,176.7,178.3,1.014,0.191,1.711
1791427825.162219,0.8030,0.4302,0.7006,0.6350,0.6350,0.8030,0.6350,0.5695,0.4998,0.1557,0.4302,0.4998,0.4998,0.0410,0.0205,0.0246,0.0410,0.6950,0.7610,,0.0660,,18.66,-11.67,177.2,177.2,1.034,0.194,1.747
1791427825.1929083,0.6350,0.7006,0.5695,0.5695,0.5695,0.6350,0.5695,0.7006,0.7006,0.1966,0.5695,0.6350,0.4302,0.0369,0.0164,0.0369,0.0164,0.6930,0.7605,,0.0675,,18.58,-11.45,177.1,177.6,1.131,0.196,1.883
