timestamp,nose_score,left_eye_score,right_eye_score,left_ear_score,right_ear_score,left_shoulder_score,right_shoulder_score,left_elbow_score,right_elbow_score,left_wrist_score,right_wrist_score,left_hip_score,right_hip_score,left_knee_score,right_knee_score,left_ankle_score,right_ankle_score,head_depth_m,chest_depth_m,hip_depth_m,neck_forward_offset_m,torso_recline_offset_m,head_forward_deg,torso_pitch_deg,elbow_left_deg,elbow_right_deg,torso_len_sw,head_up_m,wrist_face_sw
1791427021.186864,0.5695,0.7538,0.8030,0.5695,0.7538,0.2991,0.7006,0.7006,0.4998,0.4998,0.8030,0.8440,0.7006,0.1966,0.0574,0.2991,0.1966,0.6850,,0.7370,,,46.60,-12.24,173.3,174.1,,,
1791427021.2186525,0.7538,0.8767,0.6350,0.4302,0.4302,0.3646,0.6350,0.6350,0.8030,0.3646,0.7538,0.8030,0.7006,0.1229,0.0574,0.1557,0.2458,0.6810,0.8345,0.7210,0.1535,-0.1135,46.93,-12.68,174.0,174.2,1.102,0.139,1.728
1791427021.2516422,0.8440,0.7006,0.7538,0.5695,0.6350,0.7006,0.7538,0.2458,0.7538,0.6350,0.7538,0.7538,0.7538,0.0942,0.0737,0.2458,0.1966,0.6830,0.8295,0.7290,0.1465,-0.1005,46.76,-12.72,174.3,174.0,1.100,0.139,1.750
1791427021.2833066,0.9054,0.7006,0.7006,0.5695,0.4998,0.8767,0.7538,0.8440,0.7006,0.4998,0.6350,0.8440,0.7538,0.1229,0.1229,0.2991,0.2458,0.6810,0.8400,0.7420,0.1590,-0.0980,46.78,-12.63,174.9,173.8,1.127,0.141,1.842
1791427021.3180106,0.4998,0.8440,0.7006,0.5695,0.5695,0.3646,0.9054,0.7538,0.7006,0.6350,0.8440,0.8030,0.7538,0.1557,0.0942,0.2991,0.2991,0.6830,0.8320,0.7290,0.1490,-0.1030,46.29,-12.71,175.2,173.6,1.111,0.144,1.800
1791427021.3503778,0.5695,0.8030,0.6350,0.6350,0.4998,0.7006,0.8440,0.7006,0.4302,0.3646,0.8030,0.8030,0.7538,0.1229,0.1557,0.2991,0.2458,0.6840,0.8390,0.7420,0.1550,-0.0970,46.26,-12.60,175.8,173.9,1.127,0.145,1.844
1791427021.3844109,0.8030,0.6350,0.4998,0.5695,0.5695,0.4998,0.5695,0.7006,0.8767,0.2991,0.8440,0.8440,0.7006,0.1966,0.1557,0.1966,0.2458,0.6850,0.8405,0.7350,0.1555,-0.1055,46.57,-12.82,175.9,174.2,1.077,0.144,1.835
1791427021.4245727,0.5695,0.6350,0.6350,0.5695,0.4302,0.7538,0.7006,0.4998,0.8030,0.6350,0.7538,0.8440,0.7006,0.0942,0.1229,0.1966,0.1966,0.6900,0.8385,0.7290,0.1485,-0.1095,46.27,-12.98,176.4,174.2,1.132,0.145,1.795
1791427021.456073,0.6350,0.5695,0.6350,0.4302,0.6350,0.4998,0.5695,0.7006,0.7538,0.3646,0.8030,0.8030,0.7538,0.0737,0.0737,0.2991,0.1966,0.6860,0.8410,0.7180,0.1550,-0.1230,46.17,-13.50,176.8,174.2,1.102,0.146,1.729
1791427021.4889345,0.5695,0.8030,0.7538,0.7538,0.6350,0.7538,0.5695,0.8440,0.7006,0.7006,0.8030,0.8030,0.7538,0.1229,0.1229,0.2991,0.2458,0.6880,0.8385,0.7480,0.1505,-0.0905,45.94,-13.17,176.6,174.5,1.086,0.147,1.823
1791427021.520283,0.7006,0.7538,0.6350,0.7006,0.5695,0.2458,0.7006,0.8440,0.8030,0.5695,0.6350,0.8030,0.8030,0.1229,0.1557,0.2458,0.3646,0.6890,,0.7370,,,45.94,-13.17,176.6,174.5,,,
1791427021.5516744,0.6350,0.7538,0.4998,0.6350,0.6350,0.2458,0.8440,0.7006,0.4998,0.8030,0.9054,0.8030,0.7538,0.1557,0.1229,0.2991,0.3646,0.6910,,0.7340,,,45.94,-13.17,176.6,174.5,,,
1791427021.583702,0.8030,0.8030,0.8030,0.4302,0.4302,0.2991,0.7538,0.7538,0.7006,0.5695,0.8030,0.8030,0.7538,0.1966,0.1557,0.4302,0.2458,0.6900,,0.7470,,,45.94,-13.17,176.6,174.5,,,
1791427021.6172497,0.6350,0.8440,0.7538,0.7006,0.6350,0.4998,0.8030,0.8767,0.7006,0.7006,0.7006,0.7538,0.8030,0.1966,0.0942,0.3646,0.1557,0.6910,0.8380,0.7420,0.1470,-0.0960,45.88,-13.17,177.3,174.4,1.026,0.146,1.723
1791427021.6509094,0.4998,0.7538,0.4998,0.7538,0.5695,0.2458,0.7538,0.6350,0.4302,0.6350,0.8440,0.8030,0.7006,0.1966,0.0942,0.2458,0.2458,0.6920,,0.7150,,,45.88,-13.17,177.3,174.4,,,
1791427021.6846673,0.7538,0.7006,0.6350,0.4302,0.5695,0.7006,0.8030,0.8030,0.7006,0.8440,0.7006,0.8030,0.7538,0.1966,0.1557,0.1966,0.1557,0.6960,0.8405,0.7160,0.1445,-0.1245,45.85,-13.65,177.7,174.8,1.121,0.145,1.753
1791427021.7261527,0.7538,0.8440,0.6350,0.7538,0.5695,0.4302,0.9054,0.8440,0.5695,0.7538,0.7538,0.8030,0.7538,0.1557,0.1229,0.2991,0.1966,0.6910,0.8310,0.7220,0.1400,-0.1090,45.06,-13.79,177.9,175.2,1.063,0.147,1.752
1791427021.758148,0.4302,0.8440,0.4998,0.7006,0.6350,0.6350,0.8030,0.7006,0.6350,0.6350,0.6350,0.8030,0.7538,0.0942,0.0574,0.1966,0.1966,0.6970,0.8290,0.7200,0.1320,-0.1090,44.57,-13.90,178.0,175.6,1.067,0.147,1.732
1791427021.789966,0.6350,0.8440,0.4302,0.6350,0.5695,0.4998,0.8030,0.8030,0.5695,0.5695,0.8030,0.8030,0.7538,0.0942,0.0942,0.1966,0.1229,0.6940,0.8370,0.7220,0.1430,-0.1150,44.66,-14.05,178.5,176.1,1.101,0.146,1.795
1791427021.8205664,0.4302,0.7538,0.6350,0.4302,0.4998,0.4998,0.8440,0.8030,0.5695,0.2991,0.2991,0.7538,0.7538,0.0574,0.0410,0.1557,0.1557,0.6930,0.8435,0.7110,0.1505,-0.1325,44.71,-14.35,178.6,177.4,1.200,0.147,
1791427021.8531945,0.8440,0.8030,0.6350,0.5695,0.4998,0.6350,0.8440,0.8030,0.6350,0.3646,0.6350,0.7538,0.7538,0.0410,0.0410,0.1229,0.0737,0.7000,0.8345,0.7150,0.1345,-0.1195,44.01,-14.27,178.7,178.3,1.201,0.148,1.893
1791427021.8846533,0.7006,0.7006,0.4998,0.5695,0.4998,0.6350,0.7006,0.7538,0.7006,0.7006,0.7006,0.7538,0.7538,0.0205,0.0942,0.1229,0.1229,0.6970,0.8325,0.7100,0.1355,-0.1225,43.12,-14.34,178.4,178.8,1.174,0.151,1.874
1791427021.9186187,0.8030,0.5695,0.4998,0.4302,0.6350,0.4998,0.9054,0.8030,0.6350,0.6350,0.6350,0.7006,0.7006,0.0574,0.0737,0.0942,0.0942,0.6920,0.8385,0.7060,0.1465,-0.1325,43.17,-14.52,178.4,179.1,1.221,0.152,1.890
1791427021.9508097,0.7006,0.6350,0.7006,0.4302,0.4998,0.5695,0.7006,0.7538,0.4998,0.0942,0.4302,0.6350,0.5695,0.0369,0.0942,0.1229,0.0574,0.6960,0.8315,0.7160,0.1355,-0.1155,42.82,-14.46,178.0,179.9,1.137,0.152,2.014
1791427021.9844043,0.7538,0.5695,0.5695,0.5695,0.7006,0.6350,0.7006,0.8440,0.4302,0.8030,0.6350,0.8030,0.7538,0.0205,0.0574,0.1557,0.1557,0.6970,0.8345,0.7110,0.1375,-0.1235,42.43,-14.36,178.0,179.2,1.241,0.154,1.938
1791427022.0179806,0.7006,0.8030,0.4998,0.4998,0.4302,0.5695,0.8030,0.8030,0.7006,0.6350,0.4998,0.7006,0.7538,0.0205,0.0737,0.0410,0.0574,0.6910,0.8280,0.7070,0.1370,-0.1210,42.19,-14.38,177.9,179.1,1.172,0.154,1.844
1791427022.0520222,0.7006,0.6350,0.7006,0.5695,0.4998,0.7006,0.7538,0.8440,0.4998,0.6350,0.5695,0.8030,0.7006,0.0410,0.0574,0.0574,0.1557,0.6930,0.8310,0.7190,0.1380,-0.1120,42.09,-14.22,177.4,179.1,1.163,0.154,1.885
1791427022.0914807,0.4998,0.5695,0.6350,0.5695,0.6350,0.7006,0.7006,0.8440,0.7538,0.7538,0.4302,0.8030,0.7538,0.0246,0.1229,0.2458,0.1557,0.6930,0.8300,0.7190,0.1370,-0.1110,42.42,-14.18,177.3,178.9,1.110,0.152,1.753
1791427022.1231833,0.6350,0.6350,0.6350,0.5695,0.6350,0.8440,0.7538,0.7006,0.5695,0.7006,0.4998,0.7538,0.7538,0.0737,0.0574,0.0942,0.2458,0.6950,0.8415,0.7260,0.1465,-0.1155,43.53,-14.24,177.6,178.5,1.117,0.148,1.740
1791427022.1535256,0.5695,0.6350,0.8030,0.4302,0.6350,0.7006,0.7538,0.7006,0.8030,0.6350,0.2458,0.7538,0.7006,0.0410,0.0246,0.1966,0.1557,0.6940,0.8350,0.7230,0.1410,-0.1120,43.49,-14.17,177.7,179.5,1.132,0.148,1.788
1791427022.1861763,0.8030,0.6350,0.4302,0.4998,0.5695,0.7538,0.7538,0.7006,0.5695,0.6350,0.3646,0.6350,0.7006,0.0574,0.0942,0.0942,0.1229,0.6920,0.8325,0.7110,0.1405,-0.1215,43.25,-14.27,178.2,178.6,1.163,0.149,1.855
1791427022.2182546,0.7538,0.4998,0.5695,0.4998,0.4302,0.5695,0.7006,0.5695,0.5695,0.6350,0.4998,0.7006,0.7006,0.0737,0.0574,0.1557,0.1557,0.6960,0.8330,0.7130,0.1370,-0.1200,42.49,-14.34,178.3,179.9,1.148,0.153,1.857
1791427022.2515738,0.4302,0.8440,0.7006,0.2991,0.4302,0.7538,0.8440,0.4998,0.6350,0.5695,0.3646,0.7538,0.7006,0.0574,0.0737,0.1229,0.0942,0.6880,0.8265,0.7160,0.1385,-0.1105,41.57,-14.02,179.4,179.8,1.219,0.157,2.019
1791427022.2845516,0.4998,0.7006,0.6350,0.5695,0.4998,0.7006,0.8030,0.7006,0.8030,0.5695,0.4302,0.7538,0.6350,0.0737,0.0369,0.1557,0.1229,0.6950,0.8275,0.7130,0.1325,-0.1145,41.23,-13.81,179.6,179.9,1.235,0.158,1.978
1791427022.3187866,0.3646,0.8030,0.8030,0.5695,0.5695,0.8030,0.7538,0.7538,0.7538,0.7538,0.4998,0.7538,0.6350,0.0574,0.0574,0.1229,0.0942,0.6970,0.8345,0.7180,0.1375,-0.1165,41.60,-13.81,178.8,179.5,1.184,0.155,1.889
1791427022.3515718,0.4998,0.8767,0.7538,0.6350,0.7006,0.8767,0.7538,0.5695,0.6350,0.7538,0.5695,0.8030,0.7538,0.0246,0.1557,0.0942,0.0942,0.6940,0.8310,0.7140,0.1370,-0.1170,42.00,-14.10,177.9,178.9,1.066,0.153,1.739
1791427022.3917274,0.4998,0.8030,0.5695,0.5695,0.6350,0.4302,0.7006,0.4302,0.5695,0.6350,0.1557,0.7006,0.7538,0.0410,0.0737,0.1229,0.1966,0.6950,0.8345,0.7160,0.1395,-0.1185,41.92,-14.11,177.2,179.5,1.174,0.154,1.923
1791427022.4236023,0.7538,0.7006,0.6350,0.6350,0.5695,0.7006,0.7538,0.8030,0.7006,0.7006,0.2458,0.7538,0.7538,0.0410,0.0942,0.0942,0.0942,0.6990,0.8330,0.7160,0.1340,-0.1170,42.37,-14.21,176.4,179.7,1.122,0.151,1.811
1791427022.455058,0.4998,0.8030,0.7538,0.5695,0.6350,0.7006,0.7538,0.7538,0.7006,0.2458,0.4302,0.7006,0.6350,0.0410,0.0410,0.2458,0.0410,0.7030,0.8315,0.7170,0.1285,-0.1145,42.35,-14.19,175.7,179.5,1.137,0.149,1.953
1791427022.4860213,0.2991,0.7006,0.7006,0.4998,0.5695,0.6350,0.7538,0.4998,0.5695,0.5695,0.2458,0.7006,0.7538,0.0574,0.0205,0.0942,0.0737,,0.8335,0.7190,,-0.1145,42.35,-14.19,175.9,179.0,1.214,0.149,
1791427022.518777,0.5695,0.8767,0.4998,0.3646,0.6350,0.7006,0.7006,0.3646,0.7538,0.7006,0.2991,0.6350,0.7006,0.0369,0.0574,0.0942,0.0574,0.7020,0.8325,0.7060,0.1305,-0.1265,41.56,-13.99,176.9,179.3,1.340,0.152,2.065
1791427022.5523176,0.5695,0.5695,0.8030,0.6350,0.4998,0.6350,0.7006,0.6350,0.5695,0.3646,0.4998,0.7006,0.6350,0.0246,0.0246,0.0574,0.0574,0.7030,0.8380,0.7050,0.1350,-0.1330,41.38,-13.93,176.8,180.0,1.363,0.153,2.100
1791427022.5849783,0.5695,0.4998,0.6350,0.4998,0.4998,0.5695,0.5695,0.4998,0.4302,0.7538,0.2991,0.7538,0.7538,0.0737,0.0410,0.1966,0.1966,0.7000,0.8365,0.7140,0.1365,-0.1225,41.28,-13.85,177.0,179.7,1.271,0.154,2.015
1791427022.619276,0.7006,0.7538,0.7006,0.4998,0.7006,0.7006,0.7538,0.6350,0.4998,0.6350,0.2991,0.7006,0.6350,0.0574,0.0246,0.0369,0.0410,0.7040,0.8330,0.7030,0.1290,-0.1300,40.23,-13.80,176.8,179.5,1.340,0.158,2.124
1791427022.6518433,0.5695,0.8030,0.7538,0.4302,0.4302,0.7006,0.7006,0.6350,0.6350,0.5695,0.5695,0.8030,0.7538,0.0410,0.0574,0.0574,0.0410,0.7060,0.8400,0.7140,0.1340,-0.1260,40.68,-14.05,177.4,179.4,1.168,0.156,1.852
1791427022.6856568,0.6350,0.8440,0.6350,0.4998,0.5695,0.7006,0.7006,0.7006,0.4302,0.7538,0.4302,0.7538,0.7538,0.0369,0.0574,0.0410,0.1557,0.7060,0.8400,0.7080,0.1340,-0.1320,41.34,-14.30,177.4,178.5,1.204,0.152,1.882
1791427022.7252223,0.7538,0.8440,0.5695,0.4998,0.5695,0.5695,0.7006,0.7006,0.6350,0.6350,0.5695,0.7006,0.7006,0.0410,0.0574,0.0737,0.0942,0.7060,0.8405,0.7100,0.1345,-0.1305,41.57,-14.44,177.7,178.1,1.216,0.151,1.916
1791427022.7569788,0.6350,0.5695,0.5695,0.4998,0.5695,0.6350,0.8030,0.6350,0.5695,0.4998,0.4302,0.6350,0.6350,0.0205,0.0205,0.0942,0.0410,0.7050,0.8395,0.7040,0.1345,-0.1355,41.10,-14.48,178.6,177.9,1.299,0.154,2.039
1791427022.7891788,0.6350,0.8030,0.8030,0.4998,0.3646,0.6350,0.7538,0.7006,0.5695,0.7538,0.6350,0.7006,0.7006,0.0410,0.0246,0.0410,0.0205,0.7030,0.8370,0.7020,0.1340,-0.1350,40.60,-14.37,179.0,178.1,1.357,0.156,2.074
1791427022.8200254,0.5695,0.7006,0.6350,0.5695,0.2991,0.5695,0.5695,0.7538,0.4998,0.7538,0.4998,0.7006,0.7006,0.0369,0.0246,0.0369,0.0369,0.7070,0.8365,0.7120,0.1295,-0.1245,40.70,-14.45,179.1,178.0,1.178,0.155,1.856
1791427022.8529613,0.5695,0.7006,0.7538,0.4998,0.4302,0.6350,0.7006,0.7538,0.6350,0.5695,0.1557,0.6350,0.7006,0.0246,0.0410,0.0410,0.0942,0.7070,0.8350,0.7090,0.1280,-0.1260,40.60,-14.61,179.8,179.9,1.152,0.154,1.853
1791427022.8853173,0.7006,0.6350,0.4302,0.4998,0.4302,0.6350,0.7006,0.6350,0.4998,0.5695,0.7006,0.7538,0.7006,0.0410,0.0246,0.0574,0.0410,0.7070,0.8365,0.7080,0.1295,-0.1285,40.56,-14.72,179.9,179.9,1.183,0.154,1.885
1791427022.9190848,0.8030,0.7006,0.6350,0.5695,0.4998,0.7538,0.6350,0.8030,0.7006,0.7006,0.5695,0.7006,0.7006,0.0574,0.0574,0.0369,0.0942,0.7070,0.8410,0.7030,0.1340,-0.1380,40.61,-14.95,179.6,179.4,1.216,0.154,1.877
1791427022.9524212,0.4998,0.7538,0.8030,0.4998,0.4998,0.8030,0.7538,0.4302,0.7006,0.6350,0.4998,0.6350,0.7006,0.0574,0.0410,0.1557,0.0737,0.7050,0.8405,0.7060,0.1355,-0.1345,40.50,-14.93,179.2,179.2,1.268,0.155,1.969
1791427022.9857538,0.4302,0.7538,0.4998,0.1966,0.1557,0.5695,0.5695,0.7006,0.5695,0.4998,0.5695,0.8030,0.7538,0.0123,0.0410,0.0410,0.0942,0.7060,0.8390,0.7060,0.1330,-0.1330,40.42,-14.95,179.1,179.5,1.239,0.156,1.949
1791427023.0272036,0.6350,0.8030,0.5695,0.4998,0.4998,0.8440,0.7538,0.7006,0.3646,0.3646,0.7006,0.7538,0.7006,0.0410,0.0410,0.0369,0.0574,0.7050,0.8380,0.7020,0.1330,-0.1360,40.09,-15.00,179.2,179.8,1.251,0.158,2.003
1791427023.0611067,0.6350,0.7006,0.6350,0.3646,0.4998,0.7006,0.7006,0.7538,0.6350,0.5695,0.7006,0.7538,0.7006,0.0574,0.0410,0.0205,0.0942,0.7090,0.8365,0.7100,0.1275,-0.1265,39.74,-14.86,178.7,179.2,1.241,0.158,1.949
1791427023.0897214,0.7006,0.8767,0.5695,0.3646,0.6350,0.8440,0.4998,0.7538,0.4302,0.4998,0.6350,0.6350,0.7006,0.0574,0.0123,0.0164,0.0369,0.7030,0.8270,0.7090,0.1240,-0.1180,39.16,-14.72,178.1,178.9,1.173,0.160,1.905
1791427023.121598,0.5695,0.8767,0.5695,0.4998,0.3646,0.4998,0.7006,0.5695,0.4302,0.4998,0.5695,0.7006,0.6350,0.0205,0.0942,0.0205,0.0369,0.7020,0.8285,0.7140,0.1265,-0.1145,38.91,-14.61,177.6,178.3,1.137,0.160,1.880
1791427023.1531773,0.5695,0.5695,0.8030,0.2991,0.4302,0.6350,0.8440,0.6350,0.6350,0.7006,0.4998,0.7538,0.6350,0.0369,0.0369,0.0410,0.1229,0.7000,0.8325,0.7090,0.1325,-0.1235,38.85,-14.74,177.4,177.6,1.127,0.161,1.854
1791427023.1872337,0.8030,0.7006,0.7538,0.4998,0.4302,0.7538,0.9054,0.4998,0.3646,0.5695,0.7538,0.7538,0.7006,0.0410,0.0205,0.0410,0.0246,0.6990,0.8295,0.7080,0.1305,-0.1215,38.08,-14.38,177.3,176.6,1.310,0.166,2.140
1791427023.2191164,0.5695,0.7538,0.7538,0.7006,0.5695,0.4302,0.7006,0.7538,0.6350,0.7006,0.5695,0.6350,0.6350,0.0246,0.0246,0.0410,0.0574,0.6970,0.8345,0.7070,0.1375,-0.1275,38.27,-14.50,176.8,176.5,1.190,0.167,1.927
1791427023.252611,0.8030,0.7538,0.4302,0.5695,0.6350,0.6350,0.7006,0.8030,0.2991,0.6350,0.5695,0.7006,0.7006,0.0123,0.0410,0.0410,0.0737,0.6980,0.8370,0.7040,0.1390,-0.1330,38.62,-14.61,176.6,176.2,1.237,0.167,1.932
1791427023.2865846,0.7538,0.6350,0.4998,0.4302,0.4302,0.5695,0.7538,0.6350,0.6350,0.7006,0.7006,0.6350,0.6350,0.0246,0.0410,0.0410,0.0574,0.7000,0.8365,0.7040,0.1365,-0.1325,39.10,-14.61,176.3,175.3,1.273,0.165,1.979
1791427023.3191395,0.6350,0.7538,0.7006,0.2458,0.4998,0.5695,0.8030,0.7006,0.4302,0.7006,0.5695,0.7006,0.7006,0.0369,0.0410,0.0246,0.0410,0.6960,0.8320,0.7100,0.1360,-0.1220,38.46,-14.44,175.9,174.9,1.243,0.169,2.084
1791427023.3533297,0.5695,0.8030,0.5695,0.3646,0.4998,0.6350,0.8440,0.6350,0.4998,0.7538,0.4998,0.7538,0.7006,0.0369,0.0574,0.0737,0.0942,0.6980,0.8380,0.7040,0.1400,-0.1340,38.64,-14.49,175.5,174.9,1.281,0.169,2.022
1791427023.3923087,0.7006,0.4998,0.6350,0.4998,0.4998,0.7006,0.8030,0.8030,0.7538,0.2991,0.5695,0.8030,0.7006,0.0205,0.0205,0.0737,0.1229,0.6980,0.8360,0.7060,0.1380,-0.1300,38.66,-14.65,175.0,175.0,1.184,0.170,2.043
1791427023.4253013,0.8030,0.7538,0.4998,0.4998,0.3646,0.8440,0.8030,0.7538,0.4998,0.5695,0.6350,0.7006,0.7006,0.0246,0.0369,0.0737,0.0410,0.6980,0.8350,0.7100,0.1370,-0.1250,38.53,-14.53,174.0,175.0,1.248,0.171,2.011
1791427023.456208,0.6350,0.8767,0.7538,0.4302,0.4998,0.6350,0.7006,0.6350,0.5695,0.4998,0.7006,0.7006,0.7006,0.0123,0.0574,0.0246,0.0737,0.6960,0.8310,0.7050,0.1350,-0.1260,38.12,-14.62,174.1,175.7,1.179,0.173,1.965
1791427023.4877152,0.6350,0.7006,0.5695,0.4302,0.3646,0.4998,0.7006,0.7006,0.5695,0.5695,0.7006,0.6350,0.6350,0.0123,0.0574,0.0737,0.0942,0.6980,0.8270,0.7020,0.1290,-0.1250,37.46,-14.52,173.5,175.4,1.241,0.176,1.984
1791427023.5199463,0.7538,0.6350,0.7006,0.4302,0.6350,0.5695,0.6350,0.8440,0.3646,0.2991,0.6350,0.7006,0.7006,0.0246,0.0369,0.1229,0.0942,0.7000,0.8265,0.7040,0.1265,-0.1225,37.31,-14.49,173.0,175.6,1.195,0.174,2.016
1791427023.5532298,0.8030,0.9054,0.4998,0.4302,0.4998,0.7538,0.7006,0.7006,0.6350,0.4302,0.4302,0.7006,0.7006,0.0082,0.0574,0.0246,0.0205,0.6980,0.8300,0.7030,0.1320,-0.1270,37.07,-14.49,173.0,176.2,1.230,0.176,2.024
1791427023.58634,0.7006,0.7006,0.4302,0.5695,0.5695,0.6350,0.7538,0.7006,0.7006,0.7006,0.4302,0.7006,0.6350,0.0246,0.0369,0.0574,0.1229,0.7000,0.8360,0.7140,0.1360,-0.1220,37.74,-14.36,173.0,176.3,1.235,0.172,2.003
1791427023.6202679,0.8030,0.6350,0.7538,0.6350,0.4302,0.5695,0.7006,0.7538,0.7006,0.6350,0.7538,0.7538,0.7006,0.0410,0.0737,0.0574,0.0574,0.7040,0.8365,0.7060,0.1325,-0.1305,37.98,-14.35,173.1,176.3,1.279,0.171,2.010
1791427023.6532764,0.7538,0.7538,0.5695,0.3646,0.5695,0.7538,0.7006,0.7538,0.6350,0.1557,0.8030,0.7006,0.6350,0.0205,0.0574,0.0410,0.0410,0.6990,0.8265,0.7050,0.1275,-0.1215,37.63,-14.41,173.1,175.4,1.163,0.171,2.053
1791427023.6866155,0.6350,0.5695,0.7006,0.3646,0.5695,0.4998,0.8440,0.7006,0.3646,0.4998,0.7006,0.6350,0.7006,0.0123,0.0574,0.0410,0.0410,0.7040,0.8335,0.7080,0.1295,-0.1255,37.62,-14.31,173.6,175.5,1.262,0.171,2.006
1791427023.7257004,0.6350,0.7538,0.5695,0.5695,0.5695,0.5695,0.6350,0.8030,0.4302,0.4998,0.6350,0.7538,0.6350,0.0246,0.0410,0.0574,0.0942,0.7040,0.8270,0.7020,0.1230,-0.1250,37.46,-14.31,173.4,175.2,1.228,0.169,1.914
1791427023.7586555,0.8030,0.8030,0.4998,0.4998,0.4302,0.7538,0.8440,0.7538,0.4302,0.5695,0.6350,0.7006,0.7006,0.0164,0.0369,0.0737,0.0942,0.7000,0.8315,0.7100,0.1315,-0.1215,37.77,-14.27,173.4,175.0,1.207,0.168,1.951
1791427023.7906904,0.7006,0.4998,0.4998,0.5695,0.4302,0.4998,0.8440,0.7538,0.2991,0.4302,0.5695,0.6350,0.7538,0.0246,0.0246,0.0369,0.0737,0.6980,0.8370,0.7070,0.1390,-0.1300,38.08,-14.35,173.6,174.9,1.241,0.168,2.011
1791427023.820894,0.3646,0.7538,0.6350,0.4302,0.6350,0.6350,0.7006,0.7538,0.4998,0.5695,0.6350,0.7006,0.7538,0.0246,0.0369,0.0737,0.1557,0.6980,0.8365,0.7050,0.1385,-0.1315,38.88,-14.51,173.4,175.0,1.215,0.165,1.883
1791427023.853587,0.7538,0.7538,0.7006,0.2991,0.5695,0.7538,0.5695,0.7006,0.4302,0.5695,0.4302,0.7006,0.5695,0.0246,0.0369,0.0410,0.0737,0.7000,0.8365,0.7070,0.1365,-0.1295,38.90,-14.47,173.2,175.4,1.270,0.166,2.014
1791427023.8865397,0.6350,0.8767,0.5695,0.4998,0.4302,0.7538,0.6350,0.8440,0.4998,0.2991,0.7006,0.7006,0.7538,0.0369,0.0369,0.0737,0.0410,0.6980,0.8270,0.7070,0.1290,-0.1200,38.75,-14.47,173.0,174.7,1.161,0.166,1.976
1791427023.9208372,0.8440,0.4998,0.4302,0.3646,0.4302,0.4302,0.7538,0.7006,0.4998,0.5695,0.4998,0.7006,0.6350,0.0123,0.0369,0.0369,0.1229,0.6990,0.8360,0.7030,0.1370,-0.1330,39.06,-14.64,172.9,174.3,1.215,0.165,1.902
1791427023.9540393,0.7538,0.7006,0.5695,0.4998,0.4998,0.7006,0.8030,0.8030,0.6350,0.6350,0.7538,0.7538,0.7538,0.0369,0.0410,0.0574,0.1966,0.6990,0.8420,0.7070,0.1430,-0.1350,39.71,-14.82,173.1,174.8,1.211,0.163,1.906
1791427023.9877114,0.8030,0.8030,0.9054,0.6350,0.5695,0.6350,0.8030,0.8440,0.4998,0.5695,0.6350,0.8030,0.7538,0.0369,0.0737,0.0942,0.1966,0.6990,0.8355,0.7060,0.1365,-0.1295,39.30,-14.67,173.5,175.0,1.289,0.166,2.059
1791427024.0270772,0.7538,0.3646,0.4998,0.4998,0.4998,0.4998,0.7538,0.8030,0.5695,0.5695,0.6350,0.7538,0.7006,0.0164,0.0369,0.0942,0.1229,0.6990,0.8350,0.7090,0.1360,-0.1260,39.30,-14.54,173.8,174.5,1.263,0.166,2.050
1791427024.0587776,0.4998,0.7538,0.5695,0.6350,0.4998,0.4998,0.8030,0.7006,0.5695,0.4998,0.7538,0.8030,0.6350,0.0410,0.0246,0.1966,0.0369,0.6980,0.8365,0.7160,0.1385,-0.1205,39.46,-14.44,173.9,174.3,1.206,0.166,1.971
1791427024.090281,0.4998,0.7538,0.4998,0.4998,0.5695,0.6350,0.7006,0.5695,0.5695,0.6350,0.4998,0.6350,0.7006,0.0205,0.0574,0.0574,0.1229,0.6980,0.8365,0.7030,0.1385,-0.1335,39.84,-14.63,174.1,173.8,1.210,0.164,1.936
1791427024.121961,0.6350,0.7538,0.4998,0.4302,0.4302,0.6350,0.6350,0.7006,0.6350,0.4302,0.4998,0.7006,0.7006,0.0369,0.0410,0.0410,0.0369,0.6990,0.8380,0.7070,0.1390,-0.1310,40.18,-14.64,174.2,173.6,1.252,0.163,1.995
1791427024.1541216,0.8440,0.7538,0.4302,0.5695,0.3646,0.5695,0.7538,0.5695,0.6350,0.6350,0.6350,0.7538,0.7006,0.0164,0.0574,0.0246,0.0737,0.6970,0.8300,0.7020,0.1330,-0.1280,39.86,-14.62,173.8,173.9,1.233,0.163,1.915
1791427024.1868265,0.4302,0.7006,0.6350,0.5695,0.5695,0.4302,0.7006,0.5695,0.7006,0.6350,0.2991,0.7006,0.7006,0.0369,0.0574,0.0410,0.0574,0.6970,0.8365,0.7050,0.1395,-0.1315,40.25,-14.64,174.0,174.0,1.249,0.162,1.968
1791427024.221278,0.6350,0.7006,0.7538,0.3646,0.3646,0.6350,0.7006,0.6350,0.5695,0.6350,0.2991,0.6350,0.6350,0.0246,0.0574,0.0574,0.0574,0.6970,0.8315,0.7060,0.1345,-0.1255,40.06,-14.49,173.9,173.8,1.270,0.162,2.051
1791427024.254573,0.5695,0.7538,0.7006,0.4998,0.2991,0.7006,0.7006,0.6350,0.4998,0.6350,0.4302,0.7538,0.7006,0.0205,0.0574,0.0410,0.0574,0.6960,0.8310,0.7080,0.1350,-0.1230,40.11,-14.51,173.2,173.4,1.179,0.162,1.908
1791427024.2870817,0.8030,0.8767,0.3646,0.7006,0.6350,0.7538,0.8030,0.7006,0.4998,0.3646,0.2991,0.7538,0.7538,0.0574,0.0942,0.1966,0.0574,0.6960,0.8320,0.7080,0.1360,-0.1240,40.52,-14.81,173.5,174.1,1.070,0.159,1.751
1791427024.328473,0.5695,0.5695,0.8030,0.5695,0.3646,0.7538,0.7538,0.6350,0.4998,0.5695,0.4998,0.7538,0.7538,0.0246,0.0737,0.0942,0.1229,0.6940,0.8315,0.7060,0.1375,-0.1255,40.43,-14.79,173.5,174.4,1.194,0.160,1.924
1791427024.359472,0.5695,0.8767,0.7006,0.6350,0.5695,0.7538,0.8440,0.8030,0.7538,0.4998,0.1557,0.7538,0.7006,0.0369,0.0574,0.0369,0.1966,0.6970,0.8380,0.7070,0.1410,-0.1310,40.68,-14.96,173.7,173.9,1.168,0.160,1.874
1791427024.3916001,0.6350,0.7006,0.7006,0.4998,0.6350,0.8767,0.7538,0.8767,0.8030,0.7006,0.8030,0.8030,0.7006,0.0410,0.0410,0.1229,0.0737,0.6970,0.8420,0.7050,0.1450,-0.1370,41.51,-15.24,173.9,174.3,1.167,0.157,1.803
1791427024.4229562,0.6350,0.8030,0.6350,0.5695,0.5695,0.7006,0.8030,0.8030,0.7006,0.4998,0.6350,0.7538,0.7538,0.0369,0.0410,0.0410,0.0410,0.7040,0.8405,0.7150,0.1365,-0.1255,41.98,-15.25,173.9,173.9,1.147,0.154,1.794
1791427024.4551818,0.6350,0.9259,0.4302,0.4302,0.4998,0.5695,0.8030,0.6350,0.7538,0.1966,0.4998,0.7006,0.4998,0.0164,0.0246,0.0410,0.1229,0.6940,0.8265,,0.1325,,41.36,-14.92,174.2,173.7,1.219,0.156,2.049
1791427024.4879754,0.6350,0.6350,0.6350,0.3646,0.7006,0.4302,0.7538,0.8030,0.7006,0.7006,0.7006,0.7006,0.7006,0.0164,0.0369,0.0246,0.0369,0.6940,0.8395,0.7080,0.1455,-0.1315,41.36,-14.75,174.3,173.6,1.307,0.158,2.061
1791427024.5225093,0.7538,0.6350,0.7006,0.7006,0.5695,0.7538,0.6350,0.8030,0.7538,0.7006,0.7006,0.8030,0.7538,0.0410,0.0574,0.0942,0.1557,0.6980,0.8425,0.7150,0.1445,-0.1275,42.11,-14.93,174.4,173.9,1.132,0.155,1.819
1791427024.554204,0.4302,0.4302,0.7006,0.6350,0.4302,0.7538,0.8030,0.8030,0.6350,0.7006,0.4998,0.7538,0.7006,0.0410,0.0369,0.0574,0.0369,0.6950,0.8385,0.7130,0.1435,-0.1255,42.80,-15.17,174.3,174.4,1.079,0.152,1.742
1791427024.5882258,0.7006,0.8030,0.5695,0.4998,0.4998,0.4998,0.7006,0.6350,0.4998,0.1966,0.2991,0.7538,0.7538,0.0205,0.0410,0.0574,0.0410,0.6920,0.8360,0.7020,0.1440,-0.1340,42.23,-15.06,173.7,174.2,1.282,0.156,
1791427024.6288435,0.5695,0.7006,0.5695,0.4302,0.6350,0.4998,0.7006,0.5695,0.4302,0.4302,0.5695,0.7006,0.6350,0.0246,0.0369,0.0410,0.0205,0.6920,0.8355,0.7080,0.1435,-0.1275,42.37,-15.27,173.3,173.7,1.098,0.155,1.777
1791427024.6616974,0.7538,0.6350,0.4998,0.4998,0.5695,0.6350,0.4998,0.7006,0.8030,0.8030,0.8440,0.7538,0.8030,0.0246,0.0574,0.1557,0.1966,0.6900,0.8320,0.7080,0.1420,-0.1240,41.97,-15.11,173.1,174.1,1.201,0.158,1.944
1791427024.6927269,0.6350,0.6350,0.5695,0.5695,0.5695,0.5695,0.6350,0.7006,0.8030,0.4998,0.7006,0.7538,0.7006,0.0246,0.0574,0.0942,0.0737,0.6940,0.8350,0.7060,0.1410,-0.1290,42.26,-15.08,173.3,174.0,1.205,0.156,1.901
1791427024.7253895,0.6350,0.8767,0.7006,0.6350,0.5695,0.6350,0.6350,0.7538,0.5695,0.4998,0.4302,0.7006,0.7006,0.0369,0.0369,0.0164,0.0205,0.6880,0.8350,0.7060,0.1470,-0.1290,41.93,-14.86,173.4,174.5,1.287,0.159,2.030
1791427024.7557778,0.7006,0.7006,0.4302,0.5695,0.4302,0.6350,0.7538,0.6350,0.5695,0.6350,0.3646,0.8030,0.7006,0.0246,0.0410,0.0410,0.0369,0.6930,0.8265,0.7050,0.1335,-0.1215,40.87,-14.68,172.9,173.9,1.224,0.163,2.016
1791427024.7887783,0.5695,0.7006,0.7538,0.1557,0.3646,0.5695,0.8440,0.7538,0.5695,0.2991,0.5695,0.7538,0.7006,0.0082,0.0410,0.0942,0.0410,0.6890,0.8305,0.7070,0.1415,-0.1235,40.87,-14.68,172.6,173.9,1.179,0.163,2.043
1791427024.8214293,0.4998,0.7538,0.7538,0.7006,0.5695,0.4302,0.6350,0.8030,0.6350,0.6350,0.5695,0.7538,0.7538,0.0574,0.0737,0.1557,0.0574,0.6880,0.8395,0.7090,0.1515,-0.1305,41.46,-14.73,173.4,174.3,1.223,0.162,1.998
1791427024.8545651,0.8030,0.6350,0.7006,0.7006,0.6350,0.7538,0.7006,0.7006,0.8030,0.7538,0.7006,0.8440,0.7006,0.0942,0.0737,0.1229,0.1966,0.6900,0.8360,0.7130,0.1460,-0.1230,42.15,-14.96,173.6,174.8,1.074,0.159,1.732
1791427024.8883705,0.7538,0.4302,0.3646,0.4998,0.3646,0.6350,0.7006,0.6350,0.4302,0.1966,0.5695,0.6350,0.6350,0.0246,0.0410,0.0205,0.0737,0.6870,0.8310,0.7030,0.1440,-0.1280,41.58,-14.80,173.7,172.9,1.265,0.162,2.164
1791427024.9288435,0.8030,0.5695,0.5695,0.4302,0.5695,0.4302,0.8030,0.4302,0.6350,0.7006,0.4302,0.8030,0.8030,0.0369,0.0737,0.0942,0.0574,0.6870,0.8305,0.7080,0.1435,-0.1225,41.85,-14.96,173.0,172.4,1.092,0.160,1.791
1791427024.9620216,0.5695,0.7538,0.6350,0.6350,0.4998,0.7538,0.8767,0.8030,0.7006,0.7006,0.7538,0.7006,0.7538,0.0410,0.0574,0.2991,0.0410,0.6900,0.8355,0.7150,0.1455,-0.1205,42.24,-14.98,173.4,172.0,1.121,0.159,1.818
1791427024.9927893,0.7538,0.6350,0.7538,0.5695,0.4302,0.7006,0.6350,0.7006,0.5695,0.7538,0.7538,0.6350,0.7538,0.0369,0.0942,0.0205,0.0205,0.6880,0.8385,0.7090,0.1505,-0.1295,43.25,-15.06,174.0,173.0,1.178,0.154,1.859
1791427025.024422,0.8767,0.9054,0.6350,0.4302,0.6350,0.6350,0.7006,0.7538,0.7006,0.5695,0.7006,0.7006,0.7006,0.0737,0.1229,0.0574,0.0737,0.6870,0.8355,0.7100,0.1485,-0.1255,43.68,-15.23,174.6,174.0,1.097,0.153,1.788
1791427025.0562136,0.7538,0.8440,0.7538,0.7006,0.7006,0.5695,0.7538,0.7538,0.4302,0.5695,0.8030,0.8030,0.7006,0.0164,0.0246,0.1966,0.1229,0.6950,0.8380,0.7080,0.1430,-0.1300,43.95,-15.24,174.7,174.9,1.190,0.151,1.870
1791427025.088776,0.8767,0.6350,0.4998,0.4302,0.5695,0.3646,0.7538,0.7006,0.3646,0.3646,0.4998,0.7006,0.7006,0.0164,0.0164,0.0410,0.0164,0.6900,0.8350,0.7030,0.1450,-0.1320,43.32,-15.07,173.9,173.2,1.278,0.154,2.018
1791427025.121451,0.8767,0.5695,0.7006,0.4998,0.6350,0.5695,0.8030,0.6350,0.4302,0.3646,0.1966,0.7006,0.6350,0.0369,0.0205,0.0574,0.0737,0.6900,0.8340,0.7030,0.1440,-0.1310,43.49,-15.15,173.5,173.6,1.183,0.153,1.849
1791427025.156037,0.8030,0.7006,0.7006,0.4302,0.5695,0.4998,0.7006,0.8030,0.7538,0.5695,0.2991,0.7006,0.5695,0.0205,0.0246,0.0737,0.0205,0.6870,0.8355,0.7020,0.1485,-0.1335,43.67,-15.33,173.4,173.1,1.162,0.153,1.809
1791427025.1883595,0.7538,0.7006,0.8767,0.7006,0.5695,0.7538,0.8030,0.7006,0.4998,0.5695,0.7006,0.7538,0.7006,0.0082,0.0410,0.0574,0.0942,0.6870,0.8370,0.7050,0.1500,-0.1320,44.04,-15.27,173.5,172.4,1.228,0.152,1.885
1791427025.2322695,0.7006,0.8440,0.6350,0.5695,0.4302,0.6350,0.7006,0.7538,0.6350,0.7006,0.5695,0.7538,0.7006,0.0410,0.0942,0.0246,0.1557,0.6870,0.8335,0.7080,0.1465,-0.1255,43.40,-14.89,173.7,173.1,1.305,0.155,2.111
1791427025.2636938,0.4998,0.7538,0.4302,0.3646,0.3646,0.6350,0.8030,0.7006,0.4998,0.5695,0.4998,0.7006,0.7538,0.0574,0.0410,0.0737,0.0574,0.6900,0.8300,0.7050,0.1400,-0.1250,43.40,-14.74,173.9,173.2,1.240,0.154,1.947
1791427025.2958486,0.6350,0.7538,0.4998,0.5695,0.7538,0.7006,0.7006,0.7006,0.7538,0.5695,0.5695,0.7538,0.7006,0.0123,0.0410,0.0942,0.1229,0.6900,0.8375,0.7070,0.1475,-0.1305,44.03,-14.73,173.7,173.6,1.246,0.151,1.941
1791427025.3275995,0.8030,0.8030,0.6350,0.4998,0.6350,0.7006,0.8440,0.7538,0.6350,0.5695,0.2991,0.7538,0.8030,0.0205,0.0574,0.0737,0.0369,0.6870,0.8375,0.7060,0.1505,-0.1315,44.16,-14.73,173.5,174.0,1.252,0.151,1.981
1791427025.3590515,0.9054,0.8440,0.6350,0.5695,0.3646,0.4302,0.7006,0.7006,0.4302,0.4998,0.7006,0.7538,0.7006,0.0410,0.0737,0.0574,0.1229,0.6870,0.8315,0.7020,0.1445,-0.1295,43.33,-14.52,173.6,174.0,1.321,0.155,2.117
1791427025.3900921,0.7538,0.8440,0.5695,0.5695,0.6350,0.3646,0.7538,0.4998,0.7006,0.5695,0.2991,0.7006,0.7006,0.0410,0.0574,0.0574,0.0369,0.6870,0.8330,0.7060,0.1460,-0.1270,43.43,-14.49,173.4,172.8,1.240,0.154,2.000
1791427025.421945,0.9259,0.7006,0.7006,0.4302,0.6350,0.4998,0.7006,0.5695,0.7538,0.6350,0.5695,0.7006,0.6350,0.0246,0.0737,0.1229,0.1557,0.6900,0.8280,0.7130,0.1380,-0.1150,42.85,-14.39,173.8,172.9,1.157,0.156,1.908
1791427025.4549377,0.8767,0.7006,0.7006,0.4302,0.6350,0.6350,0.6350,0.7538,0.7538,0.6350,0.5695,0.7006,0.7006,0.0205,0.0574,0.0410,0.0942,0.6920,0.8295,0.7040,0.1375,-0.1255,42.89,-14.41,173.9,173.6,1.216,0.154,1.907
1791427025.488435,0.6350,0.7538,0.5695,0.2991,0.4302,0.6350,0.8440,0.4302,0.8767,0.2991,0.4998,0.7006,0.7006,0.0246,0.0410,0.0410,0.0246,0.6870,0.8285,0.7100,0.1415,-0.1185,42.63,-14.40,173.3,173.4,1.158,0.155,2.017
1791427025.5232792,0.7538,0.8030,0.7006,0.4302,0.5695,0.4998,0.7538,0.7538,0.5695,0.3646,0.4998,0.7538,0.7006,0.0164,0.0205,0.0942,0.0574,0.6870,0.8285,0.7020,0.1415,-0.1265,42.25,-14.45,173.3,173.0,1.210,0.157,1.941
1791427025.555516,0.8030,0.6350,0.6350,0.4998,0.6350,0.4302,0.7538,0.7006,0.6350,0.5695,0.2991,0.5695,0.6350,0.0410,0.0246,0.0737,0.0410,0.6880,0.8355,0.7070,0.1475,-0.1285,42.74,-14.61,173.4,173.2,1.174,0.155,1.898
1791427025.589164,0.7538,0.8030,0.4998,0.5695,0.4302,0.6350,0.6350,0.5695,0.6350,0.7006,0.7006,0.6350,0.7006,0.0246,0.0410,0.0410,0.1229,0.6880,0.8375,0.7060,0.1495,-0.1315,43.88,-14.79,173.4,174.1,1.186,0.151,1.843
1791427025.629011,0.5695,0.8440,0.5695,0.4998,0.4302,0.6350,0.6350,0.6350,0.4998,0.6350,0.7538,0.7006,0.7006,0.0246,0.0205,0.0942,0.0574,0.6930,0.8325,0.7020,0.1395,-0.1305,43.85,-14.75,173.8,174.4,1.252,0.150,1.963
1791427025.6619143,0.6350,0.4998,0.7006,0.4998,0.4302,0.6350,0.8030,0.4998,0.5695,0.4302,0.1557,0.6350,0.7006,0.0369,0.0574,0.0574,0.0410,0.6870,0.8370,0.7060,0.1500,-0.1310,44.37,-14.83,173.8,174.0,1.210,0.148,1.898
1791427025.693128,0.7006,0.8030,0.6350,0.6350,0.4998,0.5695,0.7538,0.7006,0.7538,0.5695,0.7006,0.6350,0.6350,0.0369,0.0410,0.0574,0.1966,0.6870,0.8390,0.7070,0.1520,-0.1320,44.84,-14.90,174.0,174.3,1.217,0.147,1.924
1791427025.7255378,0.5695,0.7006,0.5695,0.4998,0.3646,0.4998,0.7538,0.5695,0.7538,0.7006,0.5695,0.7006,0.6350,0.0246,0.0205,0.0942,0.0369,0.6870,0.8265,0.7020,0.1395,-0.1245,43.75,-14.69,174.0,174.3,1.258,0.151,2.016
1791427025.7567203,0.6350,0.7538,0.6350,0.6350,0.5695,0.5695,0.5695,0.6350,0.6350,0.4998,0.8030,0.7538,0.7006,0.0246,0.0737,0.1229,0.1966,0.6920,0.8390,0.7070,0.1470,-0.1320,44.60,-14.94,173.9,173.6,1.152,0.147,1.772
1791427025.7891843,0.5695,0.9054,0.5695,0.5695,0.5695,0.7538,0.3646,0.7538,0.7538,0.7538,0.6350,0.8030,0.7538,0.0246,0.0574,0.0737,0.0942,0.6870,0.8270,0.7040,0.1400,-0.1230,44.10,-14.93,173.4,173.0,1.156,0.149,1.868
1791427025.8236792,0.7006,0.5695,0.3646,0.3646,0.3646,0.7006,0.7006,0.5695,0.5695,0.2991,0.3646,0.7006,0.6350,0.0164,0.0164,0.0164,0.0410,0.6870,0.8255,0.7070,0.1385,-0.1185,43.62,-14.93,173.3,173.6,1.110,0.150,1.961
1791427025.8551836,0.5695,0.4998,0.5695,0.5695,0.4998,0.5695,0.6350,0.5695,0.7538,0.2458,0.4998,0.6350,0.7006,0.0205,0.0369,0.0737,0.0737,0.6860,0.8290,0.7070,0.1430,-0.1220,43.07,-14.96,173.1,174.1,1.132,0.153,1.963
1791427025.8901138,0.7538,0.7006,0.5695,0.5695,0.3646,0.4998,0.7538,0.5695,0.6350,0.5695,0.8030,0.7538,0.7006,0.0410,0.0410,0.0410,0.0737,0.6860,0.8335,0.7010,0.1475,-0.1325,43.71,-14.93,172.6,173.9,1.254,0.151,1.911
1791427025.9223099,0.4998,0.8440,0.4998,0.3646,0.3646,0.4302,0.8030,0.7006,0.6350,0.3646,0.4998,0.7006,0.7006,0.0369,0.0574,0.0574,0.0574,0.6860,0.8330,0.7110,0.1470,-0.1220,43.81,-14.70,173.3,174.2,1.238,0.151,1.998
1791427025.9574711,0.4998,0.7006,0.4302,0.5695,0.4302,0.4302,0.7006,0.7538,0.7006,0.7538,0.7538,0.8030,0.7538,0.0410,0.0942,0.0574,0.1966,0.6880,0.8390,0.7080,0.1510,-0.1310,44.70,-14.82,172.9,174.5,1.200,0.147,1.845
1791427025.9958513,0.6350,0.7538,0.5695,0.5695,0.4998,0.6350,0.7538,0.8440,0.5695,0.6350,0.6350,0.7538,0.7538,0.0369,0.0410,0.0246,0.0410,0.6860,0.8335,0.7060,0.1475,-0.1275,45.16,-14.94,172.8,174.0,1.152,0.145,1.772
1791427026.0276,0.6350,0.7538,0.7538,0.5695,0.6350,0.6350,0.7006,0.7538,0.8030,0.5695,0.7538,0.6350,0.7538,0.0123,0.0574,0.0369,0.1229,0.6850,0.8360,0.7060,0.1510,-0.1300,46.26,-15.28,173.0,174.2,1.080,0.141,1.665
1791427026.0593038,0.7538,0.4998,0.5695,0.5695,0.7006,0.7006,0.7538,0.8440,0.6350,0.6350,0.6350,0.7006,0.7538,0.0410,0.0574,0.0942,0.1229,0.6860,0.8255,0.7080,0.1395,-0.1175,46.35,-15.08,172.5,174.3,1.154,0.139,1.792
1791427026.0913382,0.7006,0.8767,0.4998,0.6350,0.5695,0.7006,0.7006,0.8030,0.7006,0.7006,0.2991,0.7538,0.7538,0.0369,0.0737,0.1966,0.0942,0.6850,0.8380,0.7160,0.1530,-0.1220,47.09,-14.98,172.7,174.7,1.174,0.137,1.870
1791427026.1228144,0.5695,0.5695,0.4998,0.4302,0.5695,0.4302,0.8030,0.3646,0.7006,0.4998,0.1966,0.6350,0.6350,0.0205,0.0737,0.0410,0.0369,0.6820,0.8330,0.7020,0.1510,-0.1310,47.23,-14.87,172.6,173.6,1.267,0.137,1.941
1791427026.156009,0.8030,0.5695,0.6350,0.3646,0.5695,0.5695,0.6350,0.8030,0.7538,0.7538,0.8440,0.6350,0.7006,0.0369,0.0369,0.0410,0.1557,0.6840,0.8330,0.7090,0.1490,-0.1240,47.46,-14.76,172.7,173.4,1.216,0.136,1.860
1791427026.1897206,0.8030,0.6350,0.7538,0.5695,0.3646,0.6350,0.7006,0.8440,0.7538,0.6350,0.7006,0.7538,0.6350,0.0574,0.0737,0.0737,0.1557,0.6850,0.8325,0.7030,0.1475,-0.1295,47.78,-14.79,172.5,173.4,1.214,0.134,1.816
1791427026.2229848,0.8030,0.7538,0.7006,0.4302,0.2991,0.5695,0.6350,0.8440,0.4998,0.8030,0.5695,0.7538,0.7006,0.0123,0.0205,0.0574,0.0369,0.6860,0.8355,0.7080,0.1495,-0.1275,48.21,-14.93,172.5,173.9,1.147,0.133,1.821
1791427026.256203,0.7006,0.7006,0.7006,0.3646,0.5695,0.7006,0.6350,0.7006,0.6350,0.5695,0.5695,0.7006,0.7006,0.0246,0.0410,0.0369,0.0369,0.6860,0.8355,0.7020,0.1495,-0.1335,48.08,-14.99,172.1,173.5,1.228,0.133,1.850
1791427026.297193,0.7006,0.4998,0.4302,0.5695,0.4998,0.6350,0.6350,0.7538,0.6350,0.4998,0.1557,0.7538,0.7006,0.0205,0.0410,0.0574,0.0246,0.6850,0.8330,0.7100,0.1480,-0.1230,48.12,-14.93,172.0,172.4,1.174,0.133,1.821
1791427026.3289263,0.7538,0.8030,0.7538,0.4998,0.4302,0.6350,0.5695,0.7006,0.8030,0.5695,0.5695,0.7538,0.6350,0.0246,0.0410,0.0574,0.1229,0.6840,0.8330,0.7090,0.1490,-0.1240,48.17,-14.82,172.0,172.5,1.207,0.133,1.883
1791427026.360755,0.7006,0.8030,0.6350,0.4998,0.4998,0.6350,0.7006,0.7006,0.7538,0.2991,0.6350,0.7538,0.7006,0.0942,0.0369,0.0737,0.0737,0.6840,0.8335,0.7040,0.1495,-0.1295,48.45,-14.99,172.2,172.6,1.152,0.132,1.873
1791427026.391705,0.5695,0.7006,0.7006,0.5695,0.4302,0.5695,0.6350,0.8030,0.8440,0.3646,0.5695,0.7538,0.7006,0.0737,0.0574,0.0246,0.0942,0.6860,0.8260,0.7030,0.1400,-0.1230,47.70,-14.74,171.9,172.9,1.255,0.134,1.972
1791427026.4232635,0.7006,0.8767,0.5695,0.4302,0.4998,0.4998,0.6350,0.6350,0.7006,0.7006,0.7006,0.8030,0.7538,0.0369,0.0737,0.0410,0.0246,0.6860,0.8385,0.7010,0.1525,-0.1375,48.34,-14.89,172.0,172.7,1.242,0.132,1.828
1791427026.4567535,0.6350,0.6350,0.7538,0.5695,0.2458,0.5695,0.7006,0.8030,0.6350,0.7006,0.6350,0.8030,0.7538,0.0369,0.0410,0.0942,0.0205,0.6850,0.8270,0.7000,0.1420,-0.1270,47.39,-15.11,172.0,171.6,1.105,0.135,1.801
1791427026.4904199,0.5695,0.4998,0.4302,0.4998,0.3646,0.5695,0.7006,0.6350,0.6350,0.4998,0.3646,0.6350,0.7006,0.0164,0.0246,0.0205,0.0737,0.6890,0.8320,0.7010,0.1430,-0.1310,47.28,-15.20,172.2,171.4,1.173,0.135,1.827
1791427026.523197,0.7538,0.7538,0.4998,0.4302,0.4302,0.5695,0.7538,0.7538,0.7006,0.3646,0.4998,0.5695,0.7006,0.0369,0.0369,0.0942,0.0942,0.6910,0.8410,0.7010,0.1500,-0.1400,47.54,-15.32,172.2,171.8,1.239,0.134,1.858
1791427026.5565274,0.8440,0.8030,0.6350,0.4998,0.6350,0.5695,0.6350,0.4302,0.8440,0.6350,0.5695,0.8440,0.8030,0.0369,0.0737,0.1229,0.0410,0.6910,0.8345,0.6980,0.1435,-0.1365,46.84,-15.35,172.1,172.2,1.234,0.137,1.897
1791427026.589694,0.8030,0.4302,0.5695,0.6350,0.4302,0.5695,0.6350,0.7006,0.6350,0.6350,0.7006,0.7006,0.7006,0.0574,0.0574,0.0574,0.0574,0.6950,0.8315,0.6980,0.1365,-0.1335,46.42,-15.47,172.2,171.2,1.166,0.137,1.834
1791427026.6307764,0.5695,0.7538,0.7006,0.3646,0.4998,0.6350,0.7006,0.7538,0.6350,0.4998,0.6350,0.4998,0.6350,0.0123,0.0369,0.0410,0.0410,0.6960,0.8410,,0.1450,,46.47,-15.27,172.3,171.0,1.349,0.137,2.056
1791427026.6624658,0.6350,0.6350,0.6350,0.5695,0.4302,0.7006,0.7006,0.8440,0.5695,0.4998,0.5695,0.7538,0.7538,0.0574,0.0737,0.0942,0.0942,0.6970,0.8405,0.6990,0.1435,-0.1415,47.02,-15.62,172.7,171.6,1.147,0.134,1.803
1791427026.6940384,0.5695,0.6350,0.5695,0.4998,0.4998,0.4998,0.7538,0.8030,0.3646,0.5695,0.1557,0.7006,0.7006,0.0205,0.0574,0.0574,0.0942,0.6990,0.8475,0.6970,0.1485,-0.1505,48.02,-15.95,172.9,172.6,1.214,0.131,1.850
1791427026.7244442,0.5695,0.8030,0.7538,0.5695,0.6350,0.5695,0.6350,0.7538,0.5695,0.6350,0.2458,0.7538,0.7006,0.0164,0.0246,0.0410,0.1229,0.6970,0.8425,0.6970,0.1455,-0.1455,48.15,-16.14,173.2,172.3,1.194,0.130,1.806
1791427026.7575657,0.6350,0.7006,0.8440,0.5695,0.4302,0.4998,0.5695,0.7006,0.4998,0.5695,0.2991,0.7006,0.6350,0.0164,0.0410,0.0369,0.0574,0.7010,0.8380,0.6980,0.1370,-0.1400,47.58,-16.20,173.1,172.2,1.188,0.131,1.829
1791427026.7900946,0.7006,0.7538,0.3646,0.4998,0.4302,0.4302,0.6350,0.7006,0.4302,0.7006,0.4998,0.6350,0.7006,0.0369,0.0123,0.0246,0.0410,0.7050,0.8425,0.6970,0.1375,-0.1455,46.94,-16.12,172.8,173.0,1.285,0.133,1.969
1791427026.8238478,0.6350,0.8030,0.5695,0.4998,0.4302,0.7538,0.6350,0.9054,0.5695,0.5695,0.5695,0.7538,0.7006,0.0410,0.0205,0.0942,0.0737,0.7040,0.8390,0.6960,0.1350,-0.1430,45.86,-16.22,172.5,173.5,1.194,0.137,1.885
1791427026.857249,0.5695,0.7006,0.5695,0.4998,0.5695,0.7006,0.7538,0.8767,0.4998,0.7006,0.4302,0.7006,0.6350,0.0164,0.0369,0.0410,0.0942,0.7090,0.8370,0.6960,0.1280,-0.1410,45.39,-16.27,172.8,172.8,1.195,0.136,1.794
1791427026.891144,0.4998,0.8030,0.7006,0.4998,0.7006,0.6350,0.7538,0.7538,0.5695,0.7006,0.7538,0.6350,0.5695,0.0246,0.0205,0.0123,0.0205,0.7090,0.8425,0.6950,0.1335,-0.1475,44.87,-16.21,172.8,173.0,1.285,0.138,1.948
1791427026.9314814,0.6350,0.7538,0.4998,0.3646,0.6350,0.6350,0.7006,0.7006,0.6350,0.5695,0.2458,0.8030,0.6350,0.0164,0.0246,0.0942,0.0246,0.7100,0.8405,0.6940,0.1305,-0.1465,43.90,-16.04,173.0,173.4,1.328,0.141,2.019
1791427026.9643598,0.8440,0.4998,0.5695,0.5695,0.2991,0.5695,0.7006,0.7006,0.3646,0.8030,0.6350,0.7006,0.7538,0.0369,0.0246,0.0410,0.0410,0.7120,0.8415,0.6900,0.1295,-0.1515,43.47,-16.21,173.5,172.1,1.248,0.142,1.884
1791427026.9958827,0.6350,0.7006,0.8030,0.4302,0.4302,0.5695,0.5695,0.5695,0.4302,0.7006,0.5695,0.7538,0.7006,0.0205,0.0205,0.0942,0.0737,0.7160,0.8365,0.6910,0.1205,-0.1455,42.79,-16.40,173.7,171.5,1.176,0.142,1.780
1791427027.0272832,0.7006,0.7006,0.7538,0.5695,0.5695,0.4998,0.7006,0.5695,0.2991,0.6350,0.6350,0.7006,0.6350,0.0205,0.0369,0.0410,0.0942,0.7200,0.8440,0.6900,0.1240,-0.1540,42.36,-16.78,173.6,171.6,1.158,0.143,1.831
1791427027.0591598,0.4998,0.5695,0.5695,0.4998,0.3646,0.4302,0.1966,0.2458,0.1966,0.4998,0.5695,0.7538,0.6350,0.0410,0.0410,0.0574,0.0737,0.7190,,0.6900,,,42.36,-16.78,173.6,171.6,,,
1791427027.091174,0.7006,0.7538,0.6350,0.5695,0.7006,0.5695,0.7538,0.7538,0.3646,0.7538,0.1966,0.7006,0.6350,0.0410,0.0369,0.0410,0.0410,0.7190,0.8450,0.6900,0.1260,-0.1550,41.83,-16.74,173.7,172.2,1.300,0.145,1.993
1791427027.1241596,0.8767,0.7006,0.7006,0.4998,0.6350,0.4302,0.6350,0.4998,0.7006,0.7538,0.6350,0.8030,0.7006,0.0205,0.0205,0.0737,0.0942,0.7180,0.8455,0.6880,0.1275,-0.1575,41.03,-16.83,174.0,172.2,1.273,0.148,1.988
1791427027.1578689,0.5695,0.6350,0.5695,0.4302,0.5695,0.4998,0.7006,0.7538,0.4998,0.7538,0.2991,0.7538,0.7006,0.0205,0.0205,0.0574,0.1229,0.7230,0.8470,0.6870,0.1240,-0.1600,41.28,-17.22,174.1,172.7,1.172,0.146,1.807
1791427027.1915655,0.5695,0.7006,0.7538,0.3646,0.4998,0.4998,0.2458,0.4302,0.5695,0.7538,0.4302,0.7538,0.7006,0.0205,0.0410,0.0942,0.0574,0.7280,,0.6850,,,41.28,-17.22,174.1,172.7,,,
1791427027.2331111,0.7538,0.7538,0.6350,0.4998,0.7538,0.4998,0.4998,0.7006,0.4998,0.6350,0.6350,0.7006,0.7006,0.0369,0.0574,0.1229,0.1557,0.7240,0.8495,0.6850,0.1255,-0.1645,40.77,-17.36,174.7,173.2,1.274,0.148,1.970
1791427027.2653399,0.8030,0.8440,0.5695,0.4998,0.7006,0.7006,0.5695,0.5695,0.6350,0.8030,0.5695,0.7538,0.7538,0.0205,0.0574,0.0942,0.0942,0.7270,0.8510,0.6870,0.1240,-0.1640,41.23,-17.69,174.6,174.1,1.188,0.145,1.816
1791427027.2964845,0.6350,0.8767,0.6350,0.4998,0.6350,0.6350,0.7538,0.6350,0.5695,0.7006,0.6350,0.8030,0.7538,0.0205,0.0574,0.0942,0.0410,0.7280,0.8615,0.6840,0.1335,-0.1775,41.99,-18.01,175.1,174.7,1.271,0.142,1.918
1791427027.3276832,0.7006,0.8030,0.8030,0.6350,0.4998,0.7538,0.7538,0.6350,0.5695,0.7538,0.3646,0.8030,0.7538,0.0164,0.0574,0.0737,0.0574,0.7290,0.8550,0.6840,0.1260,-0.1710,41.64,-18.19,175.2,175.1,1.248,0.144,1.935
1791427027.3585956,0.8440,0.8440,0.8440,0.4998,0.7006,0.6350,0.5695,0.8030,0.6350,0.6350,0.6350,0.8030,0.7538,0.0164,0.0369,0.1229,0.1557,0.7260,0.8540,0.6830,0.1280,-0.1710,41.72,-18.57,175.5,175.0,1.163,0.143,1.788
1791427027.3908813,0.7006,0.8440,0.6350,0.5695,0.4998,0.5695,0.7006,0.7006,0.5695,0.7538,0.7006,0.7538,0.7006,0.0246,0.0164,0.0737,0.0737,0.7260,0.8495,0.6830,0.1235,-0.1665,41.23,-18.53,174.9,175.2,1.253,0.145,1.901
1791427027.4242656,0.7538,0.8767,0.5695,0.4302,0.7006,0.4998,0.7538,0.3646,0.4998,0.7538,0.5695,0.8030,0.7538,0.0123,0.0246,0.0574,0.0574,0.7240,0.8545,0.6820,0.1305,-0.1725,41.75,-18.80,174.8,175.5,1.193,0.143,1.802
1791427027.4581087,0.7006,0.8030,0.7006,0.4998,0.4302,0.6350,0.5695,0.7006,0.5695,0.7006,0.6350,0.6350,0.6350,0.0164,0.0205,0.0164,0.0410,0.7220,0.8495,0.6810,0.1275,-0.1685,41.43,-18.86,174.7,175.4,1.216,0.145,1.823
1791427027.4906588,0.7538,0.6350,0.7006,0.7006,0.4998,0.7538,0.8440,0.6350,0.4302,0.8030,0.1966,0.8030,0.7006,0.0369,0.0246,0.0410,0.0574,0.7250,0.8500,0.6810,0.1250,-0.1690,41.48,-18.89,175.2,176.2,1.226,0.144,1.826
1791427027.525088,0.8440,0.7538,0.7538,0.4302,0.5695,0.5695,0.8030,0.5695,0.7006,0.7538,0.5695,0.7538,0.7538,0.0205,0.0246,0.0942,0.0574,0.7210,0.8485,0.6820,0.1275,-0.1665,41.81,-19.06,175.5,176.4,1.158,0.142,1.781
1791427027.5662606,0.7006,0.6350,0.8030,0.3646,0.4998,0.6350,0.7006,0.6350,0.7006,0.5695,0.5695,0.7006,0.6350,0.0082,0.0205,0.0164,0.0410,0.7200,0.8445,0.6830,0.1245,-0.1615,41.49,-19.06,175.2,175.9,1.169,0.143,1.877
1791427027.598446,0.6350,0.7538,0.5695,0.3646,0.6350,0.8030,0.6350,0.7538,0.6350,0.8030,0.4302,0.5695,0.7006,0.0246,0.0205,0.0574,0.0737,0.7200,0.8450,0.6830,0.1250,-0.1620,41.33,-18.99,174.9,175.8,1.196,0.144,1.815
1791427027.6300545,0.6350,0.8030,0.6350,0.5695,0.4302,0.5695,0.5695,0.8030,0.6350,0.7006,0.6350,0.7538,0.7006,0.0369,0.0205,0.1229,0.0942,0.7220,0.8505,0.6830,0.1285,-0.1675,41.90,-19.13,175.0,175.9,1.168,0.141,1.799
1791427027.6609495,0.7006,0.6350,0.6350,0.3646,0.4998,0.6350,0.6350,0.8440,0.7538,0.7006,0.1557,0.7006,0.6350,0.0205,0.0246,0.0574,0.0410,0.7170,0.8490,0.6830,0.1320,-0.1660,42.67,-19.06,174.7,174.9,1.222,0.139,1.824
1791427027.6935387,0.7006,0.5695,0.4302,0.4998,0.4302,0.7006,0.4998,0.7006,0.7006,0.7006,0.6350,0.7538,0.7006,0.0164,0.0205,0.0942,0.0410,0.7160,0.8490,0.6850,0.1330,-0.1640,43.33,-19.00,174.6,174.7,1.208,0.137,1.851
1791427027.7259057,0.5695,0.8440,0.6350,0.5695,0.2991,0.7538,0.7538,0.6350,0.4302,0.7006,0.7006,0.7538,0.7006,0.0246,0.0246,0.0369,0.0737,0.7130,0.8505,0.6850,0.1375,-0.1655,44.26,-19.08,174.3,174.9,1.173,0.134,1.775
1791427027.759111,0.4998,0.7006,0.7006,0.4998,0.5695,0.6350,0.4302,0.6350,0.4998,0.2991,0.5695,0.7006,0.3646,0.0369,0.0205,0.0574,0.0410,0.7120,0.8470,,0.1350,,44.51,-18.96,174.3,174.8,1.219,0.134,2.019
1791427027.7923293,0.5695,0.7006,0.7538,0.6350,0.6350,0.7006,0.5695,0.7006,0.7006,0.7006,0.5695,0.7538,0.7538,0.0574,0.0574,0.0574,0.0369,0.7120,0.8510,0.6890,0.1390,-0.1620,45.73,-19.07,174.2,174.8,1.142,0.130,1.746
1791427027.824739,0.8030,0.6350,0.6350,0.5695,0.4998,0.6350,0.6350,0.6350,0.5695,0.7538,0.4302,0.7006,0.7006,0.0369,0.0410,0.0737,0.0942,0.7110,0.8480,0.6880,0.1370,-0.1600,46.63,-19.12,174.5,174.3,1.142,0.126,1.717
1791427027.8585126,0.4302,0.5695,0.8030,0.4302,0.5695,0.7538,0.7006,0.8030,0.5695,0.8440,0.1966,0.8030,0.7006,0.0574,0.0246,0.0942,0.0410,0.7140,0.8475,0.6850,0.1335,-0.1625,46.86,-19.33,174.6,174.5,1.102,0.125,1.647
1791427027.898764,0.8030,0.7006,0.6350,0.5695,0.4998,0.5695,0.7538,0.7538,0.4998,0.7538,0.7006,0.8030,0.7006,0.0574,0.0410,0.0574,0.0737,0.7140,0.8395,0.6840,0.1255,-0.1555,46.99,-19.07,174.3,174.4,1.192,0.123,1.770
1791427027.9299624,0.7006,0.7538,0.9259,0.4998,0.5695,0.4998,0.7538,0.5695,0.6350,0.5695,0.4998,0.7538,0.6350,0.0369,0.0246,0.1229,0.0410,0.7160,0.8510,0.6850,0.1350,-0.1660,48.23,-19.39,174.5,174.3,1.097,0.118,1.621
1791427027.961759,0.7006,0.5695,0.8767,0.4998,0.4302,0.5695,0.8030,0.5695,0.5695,0.7538,0.4998,0.6350,0.7538,0.0123,0.0369,0.0737,0.0574,0.7160,0.8425,0.6900,0.1265,-0.1525,47.05,-18.59,174.4,174.4,1.347,0.122,2.049
1791427027.9943478,0.4998,0.8030,0.7538,0.4998,0.5695,0.5695,0.6350,0.8767,0.7538,0.8030,0.5695,0.8030,0.7538,0.0246,0.0410,0.0942,0.0942,0.7110,0.8440,0.6910,0.1330,-0.1530,46.75,-18.50,174.5,173.6,1.169,0.124,1.821
1791427028.0250893,0.4302,0.7538,0.8440,0.4998,0.4302,0.5695,0.6350,0.6350,0.5695,0.4998,0.6350,0.7538,0.7538,0.0369,0.0205,0.0737,0.0410,0.7100,0.8450,0.6900,0.1350,-0.1550,46.90,-18.51,174.9,173.5,1.153,0.124,1.793
1791427028.0585177,0.7538,0.7538,0.7006,0.5695,0.5695,0.7006,0.7538,0.7006,0.5695,0.8440,0.5695,0.7006,0.7006,0.0205,0.0410,0.0942,0.0574,0.7100,0.8470,0.6910,0.1370,-0.1560,47.31,-18.61,174.9,173.1,1.132,0.123,1.753
1791427028.0921848,0.7006,0.5695,0.7538,0.4302,0.7006,0.3646,0.7006,0.8030,0.7006,0.7006,0.4998,0.7006,0.7006,0.0246,0.0737,0.0574,0.0737,0.7100,0.8435,0.6870,0.1335,-0.1565,47.03,-18.15,174.5,173.7,1.322,0.124,1.999
1791427028.1260612,0.7538,0.6350,0.7006,0.5695,0.6350,0.5695,0.8030,0.7006,0.4302,0.7006,0.7538,0.6350,0.6350,0.0246,0.0574,0.0369,0.0942,0.7150,0.8435,0.6940,0.1285,-0.1495,46.53,-18.03,174.4,172.9,1.181,0.126,1.823
1791427028.1580489,0.5695,0.7538,0.7538,0.5695,0.5695,0.5695,0.5695,0.5695,0.5695,0.8030,0.4302,0.7006,0.7006,0.0369,0.0574,0.0942,0.0246,0.7120,0.8445,0.6850,0.1325,-0.1595,46.63,-18.33,174.4,172.2,1.121,0.125,1.673
1791427028.1926308,0.7538,0.6350,0.8030,0.6350,0.5695,0.5695,0.7006,0.6350,0.6350,0.8767,0.5695,0.7538,0.6350,0.0164,0.0410,0.0942,0.0574,0.7100,0.8465,0.6840,0.1365,-0.1625,46.24,-18.25,173.8,172.7,1.254,0.128,1.900
1791427028.233487,0.8440,0.6350,0.7006,0.4998,0.4998,0.4998,0.7006,0.7538,0.4998,0.6350,0.7006,0.7538,0.7538,0.0205,0.0410,0.1229,0.0410,0.7110,0.8440,0.6870,0.1330,-0.1570,46.60,-18.37,173.8,173.1,1.148,0.126,1.723
1791427028.2642827,0.6350,0.5695,0.7006,0.4998,0.5695,0.7006,0.6350,0.7006,0.5695,0.4998,0.7006,0.8030,0.7538,0.0369,0.0574,0.0574,0.0410,0.7120,0.8455,0.6870,0.1335,-0.1585,46.61,-18.41,173.6,173.0,1.180,0.126,1.776
1791427028.2953815,0.5695,0.5695,0.7006,0.6350,0.5695,0.7538,0.7006,0.8440,0.4998,0.5695,0.6350,0.7006,0.7006,0.0246,0.0369,0.0942,0.0737,0.7100,0.8465,0.6840,0.1365,-0.1625,46.20,-18.23,173.6,173.5,1.285,0.128,1.930
1791427028.3268054,0.4302,0.7538,0.4302,0.5695,0.6350,0.7538,0.7538,0.8030,0.4998,0.7006,0.3646,0.7538,0.7006,0.0369,0.0410,0.0942,0.0410,0.7120,0.8450,0.6920,0.1330,-0.1530,46.49,-18.38,173.9,173.2,1.110,0.127,1.712
1791427028.3592753,0.4998,0.4998,0.6350,0.4302,0.4302,0.6350,0.3646,0.5695,0.7538,0.2458,0.4302,0.7006,0.7006,0.0246,0.0410,0.0205,0.0246,0.7110,0.8480,0.6960,0.1370,-0.1520,46.27,-18.25,174.0,173.4,1.186,0.129,2.029
1791427028.3918512,0.5695,0.5695,0.6350,0.4302,0.6350,0.5695,0.5695,0.4998,0.7006,0.7538,0.5695,0.7538,0.7006,0.0369,0.0205,0.0737,0.0574,0.7100,0.8465,0.6830,0.1365,-0.1635,45.84,-18.08,174.1,173.3,1.302,0.131,1.938
1791427028.4256537,0.7006,0.4998,0.7538,0.4998,0.5695,0.5695,0.7006,0.6350,0.7538,0.6350,0.4302,0.8030,0.7538,0.0369,0.0369,0.2458,0.1557,0.7120,0.8385,0.6840,0.1265,-0.1545,45.37,-18.20,173.8,172.2,1.141,0.131,1.747
1791427028.4595313,0.6350,0.4998,0.7006,0.6350,0.4998,0.7538,0.7006,0.7006,0.8440,0.8030,0.2458,0.7538,0.7006,0.0369,0.0410,0.1557,0.0942,0.7100,0.8485,0.6840,0.1385,-0.1645,45.84,-18.31,174.1,172.1,1.212,0.130,1.806
1791427028.4927235,0.4998,0.8440,0.7538,0.4302,0.6350,0.7538,0.8030,0.5695,0.7538,0.8767,0.4998,0.8030,0.7538,0.0410,0.0737,0.1557,0.0574,0.7090,0.8490,0.6870,0.1400,-0.1620,45.69,-18.32,174.2,172.1,1.219,0.132,1.874
1791427028.533496,0.4998,0.4998,0.7538,0.7006,0.4998,0.8030,0.7538,0.8440,0.8030,0.7538,0.4998,0.7538,0.7538,0.0205,0.0410,0.1229,0.1229,0.7110,0.8430,0.6880,0.1320,-0.1550,45.10,-18.39,173.9,172.4,1.147,0.134,1.817
1791427028.565416,0.5695,0.6350,0.7538,0.5695,0.5695,0.5695,0.8030,0.5695,0.4302,0.8440,0.6350,0.8440,0.7006,0.0369,0.0205,0.0574,0.0574,0.7100,0.8500,0.6840,0.1400,-0.1660,45.09,-18.34,173.7,172.7,1.265,0.135,1.893
1791427028.5967598,0.8030,0.7006,0.8440,0.5695,0.4998,0.6350,0.6350,0.8767,0.6350,0.7006,0.6350,0.7538,0.7006,0.0246,0.0369,0.0574,0.0942,0.7110,0.8475,0.6900,0.1365,-0.1575,44.88,-18.29,173.9,172.5,1.207,0.136,1.852
1791427028.6288657,0.7538,0.7006,0.8030,0.4302,0.6350,0.4302,0.8030,0.3646,0.6350,0.7538,0.2458,0.7538,0.7006,0.0410,0.0574,0.0737,0.0574,0.7090,0.8500,0.6980,0.1410,-0.1520,45.36,-18.67,174.4,171.8,1.018,0.135,1.665
1791427028.660023,0.6350,0.5695,0.8030,0.6350,0.4302,0.7006,0.7538,0.8030,0.4302,0.8030,0.1966,0.6350,0.7538,0.0369,0.0369,0.0942,0.0574,0.7100,0.8445,0.6840,0.1345,-0.1605,44.76,-18.40,173.9,171.8,1.279,0.138,1.927
1791427028.693383,0.4998,0.5695,0.8030,0.4998,0.4998,0.7006,0.7538,0.7538,0.7006,0.8440,0.5695,0.7538,0.7538,0.0410,0.0410,0.0737,0.0410,0.7110,0.8520,0.6830,0.1410,-0.1690,45.23,-18.79,174.0,171.9,1.137,0.136,1.719
1791427028.725917,0.4998,0.7006,0.8440,0.4998,0.6350,0.7006,0.4998,0.7538,0.8030,0.6350,0.1966,0.7538,0.7538,0.0246,0.0942,0.0737,0.0574,0.7150,0.8475,0.6940,0.1325,-0.1535,45.29,-18.70,174.3,171.1,1.158,0.135,1.785
1791427028.7601686,0.4302,0.7006,0.8767,0.5695,0.4998,0.6350,0.7538,0.4998,0.8030,0.7538,0.5695,0.8030,0.7006,0.0164,0.0410,0.0737,0.0737,0.7120,0.8405,0.6870,0.1285,-0.1535,44.08,-18.38,174.2,170.9,1.243,0.139,1.960
1791427028.7924836,0.7538,0.7006,0.7006,0.6350,0.5695,0.6350,0.6350,0.8767,0.2458,0.7538,0.5695,0.7538,0.7538,0.0369,0.0410,0.0737,0.0369,0.7140,0.8505,0.7000,0.1365,-0.1505,44.50,-18.58,174.5,171.3,1.063,0.138,1.684
1791427028.827278,0.8030,0.6350,0.8030,0.7006,0.5695,0.6350,0.6350,0.7538,0.4998,0.7006,0.5695,0.7538,0.7006,0.0574,0.0574,0.0369,0.0737,0.7100,0.8495,0.6840,0.1395,-0.1655,44.78,-18.45,174.6,171.8,1.276,0.137,1.910
1791427028.8670423,0.7006,0.6350,0.8440,0.4998,0.7006,0.4302,0.6350,0.4998,0.5695,0.7538,0.4998,0.8030,0.7538,0.0369,0.0574,0.1557,0.1229,0.7120,0.8445,0.6880,0.1325,-0.1565,44.53,-18.62,174.7,171.9,1.116,0.138,1.746
1791427028.8974216,0.6350,0.9054,0.7006,0.4998,0.5695,0.7006,0.7006,0.7538,0.7538,0.7006,0.2991,0.8030,0.7538,0.0369,0.0246,0.0574,0.0737,0.7120,0.8465,0.6850,0.1345,-0.1615,44.36,-18.61,174.8,171.9,1.201,0.138,1.860
1791427028.9301941,0.8767,0.5695,0.7006,0.4302,0.6350,0.6350,0.6350,0.7006,0.5695,0.8030,0.2991,0.8440,0.7006,0.0205,0.0410,0.0410,0.0574,0.7100,0.8465,0.6830,0.1365,-0.1635,43.74,-18.58,174.5,171.7,1.225,0.141,1.877
1791427028.9617689,0.5695,0.4998,0.7538,0.5695,0.4998,0.5695,0.7538,0.7006,0.5695,0.7006,0.4998,0.7538,0.7538,0.0410,0.0574,0.1229,0.0737,0.7120,0.8485,0.6910,0.1365,-0.1575,44.12,-18.74,174.6,171.2,1.117,0.140,1.727
1791427028.9942615,0.8030,0.5695,0.6350,0.7006,0.4998,0.5695,0.8030,0.7006,0.5695,0.7538,0.7538,0.7538,0.6350,0.0246,0.0410,0.1229,0.0410,0.7100,0.8470,0.6840,0.1370,-0.1630,43.81,-18.79,174.8,171.0,1.184,0.142,1.850
1791427029.0261185,0.7538,0.7538,0.7538,0.4998,0.6350,0.1966,0.6350,0.8440,0.7538,0.7538,0.5695,0.7538,0.7006,0.0246,0.0123,0.0369,0.0410,0.7100,,0.6840,,,43.81,-18.79,174.8,171.0,,,
1791427029.0604026,0.5695,0.6350,0.6350,0.5695,0.6350,0.8030,0.7006,0.7538,0.5695,0.4998,0.2458,0.7538,0.7006,0.0369,0.0410,0.1557,0.0410,0.7100,0.8470,0.6840,0.1370,-0.1630,42.97,-18.51,174.6,172.4,1.294,0.146,2.023
1791427029.0937943,0.6350,0.8440,0.6350,0.6350,0.5695,0.7006,0.3646,0.6350,0.6350,0.7538,0.5695,0.7006,0.7006,0.0164,0.0246,0.1229,0.0737,0.7130,0.8425,0.6900,0.1295,-0.1525,42.61,-18.60,174.5,172.5,1.106,0.147,1.772
1791427029.1274216,0.4302,0.7006,0.7006,0.6350,0.4998,0.5695,0.7006,0.6350,0.5695,0.8030,0.4998,0.8030,0.6350,0.0369,0.0737,0.1229,0.0942,0.7160,0.8475,0.6920,0.1315,-0.1555,42.54,-18.59,174.7,172.7,1.158,0.146,1.838
1791427029.1670318,0.6350,0.4998,0.4998,0.4302,0.4998,0.7006,0.7006,0.7538,0.7006,0.3646,0.4998,0.7006,0.7538,0.0164,0.0574,0.0246,0.0369,0.7160,0.8505,0.6870,0.1345,-0.1635,42.61,-18.43,174.3,171.8,1.273,0.146,1.931
1791427029.1993816,0.7538,0.6350,0.8030,0.4302,0.4998,0.2991,0.6350,0.4998,0.4998,0.8767,0.5695,0.7538,0.7538,0.0164,0.0369,0.0574,0.0574,0.7130,,0.6840,,,42.61,-18.43,174.3,171.8,,,
1791427029.2306101,0.7006,0.5695,0.8030,0.5695,0.5695,0.4302,0.7538,0.7006,0.6350,0.7538,0.5695,0.7538,0.6350,0.0205,0.0410,0.0410,0.0369,0.7160,0.8485,0.6870,0.1325,-0.1615,42.17,-18.31,174.0,172.5,1.254,0.148,1.938
1791427029.2619445,0.3646,0.7538,0.8030,0.5695,0.4998,0.5695,0.6350,0.6350,0.4998,0.8767,0.2458,0.8030,0.7006,0.0205,0.0369,0.0942,0.0410,0.7130,0.8490,0.6840,0.1360,-0.1650,42.73,-18.56,173.7,172.2,1.158,0.145,1.752
1791427029.2939603,0.4302,0.7006,0.8030,0.5695,0.5695,0.4998,0.5695,0.7538,0.5695,0.6350,0.5695,0.8030,0.7006,0.0369,0.0369,0.1229,0.0737,0.7160,0.8475,0.6840,0.1315,-0.1635,43.34,-18.81,173.8,172.7,1.131,0.142,1.697
1791427029.3276086,0.8030,0.7006,0.7538,0.4998,0.6350,0.4998,0.6350,0.4998,0.6350,0.8030,0.2458,0.7538,0.7538,0.0246,0.0410,0.0574,0.0574,0.7120,0.8490,0.6850,0.1370,-0.1640,43.89,-18.96,173.7,171.8,1.152,0.140,1.757
1791427029.3598235,0.3646,0.7538,0.5695,0.5695,0.4998,0.4998,0.7538,0.5695,0.7538,0.7006,0.7006,0.8030,0.8030,0.0574,0.0574,0.1966,0.0737,0.7120,0.8500,0.6900,0.1380,-0.1600,44.32,-19.12,173.9,171.8,1.111,0.138,1.732
1791427029.393757,0.2991,0.7538,0.8440,0.5695,0.4998,0.7006,0.7006,0.6350,0.4998,0.6350,0.7538,0.7538,0.7538,0.0246,0.1229,0.0574,0.0574,,0.8460,0.6940,,-0.1520,44.32,-19.12,174.0,172.4,1.131,0.138,
1791427029.427804,0.7006,0.5695,0.6350,0.4998,0.4998,0.8030,0.7006,0.8030,0.7006,0.7538,0.2458,0.7538,0.7538,0.0246,0.0410,0.0737,0.1229,0.7120,0.8515,0.6910,0.1395,-0.1605,44.49,-18.94,174.1,171.8,1.217,0.138,1.861
1791427029.4676666,0.6350,0.8440,0.8767,0.6350,0.4998,0.6350,0.7006,0.5695,0.5695,0.8030,0.4302,0.8030,0.7006,0.0246,0.0574,0.0942,0.0942,0.7120,0.8475,0.6880,0.1355,-0.1595,44.47,-18.94,173.9,172.3,1.163,0.138,1.798
1791427029.4999907,0.7538,0.5695,0.8030,0.2991,0.4998,0.5695,0.6350,0.8030,0.6350,0.8030,0.5695,0.7538,0.7006,0.0123,0.0574,0.0942,0.0737,0.7120,0.8450,0.6900,0.1330,-0.1550,44.36,-18.86,173.7,172.8,1.157,0.138,1.823
1791427029.5309882,0.4302,0.4302,0.8440,0.4998,0.6350,0.6350,0.7006,0.5695,0.6350,0.8030,0.6350,0.7538,0.7538,0.0369,0.0410,0.0942,0.0737,0.7120,0.8450,0.6860,0.1330,-0.1590,44.53,-18.83,173.4,173.0,1.172,0.137,1.796
1791427029.5622723,0.8030,0.4302,0.8440,0.4302,0.3646,0.8030,0.8440,0.5695,0.6350,0.7538,0.6350,0.6350,0.7538,0.0369,0.0410,0.0737,0.0410,0.7100,0.8490,0.6880,0.1390,-0.1610,44.91,-19.17,173.4,172.7,1.068,0.136,1.686
1791427029.5940168,0.5695,0.5695,0.8767,0.5695,0.3646,0.5695,0.7538,0.7006,0.5695,0.8440,0.2458,0.8030,0.6350,0.0246,0.0574,0.0410,0.0369,0.7120,0.8460,0.6840,0.1340,-0.1620,44.72,-19.06,173.3,172.3,1.201,0.137,1.829
1791427029.6274285,0.4998,0.7538,0.7538,0.4302,0.6350,0.4998,0.6350,0.5695,0.4302,0.7538,0.7006,0.8030,0.7006,0.0205,0.0369,0.0574,0.0246,0.7120,0.8315,0.6840,0.1195,-0.1475,44.31,-18.99,168.0,171.7,1.088,0.135,1.677
1791427029.6608288,0.5695,0.7538,0.8440,0.4998,0.3646,0.4998,0.8030,0.4998,0.7538,0.7538,0.6350,0.7006,0.8030,0.0246,0.0574,0.1966,0.0737,0.7100,0.8465,0.6850,0.1365,-0.1615,43.82,-18.93,169.5,171.4,1.196,0.139,1.878
1791427029.69498,0.4302,0.6350,0.8767,0.4998,0.4998,0.6350,0.7538,0.6350,0.6350,0.7006,0.4998,0.7538,0.7006,0.0246,0.0574,0.0942,0.0574,0.7120,0.8410,0.6840,0.1290,-0.1570,43.46,-18.80,170.4,171.8,1.185,0.140,1.848
1791427029.7269683,0.7538,0.7538,0.8440,0.3646,0.5695,0.7006,0.7006,0.6350,0.4302,0.6350,0.8030,0.7538,0.7538,0.0123,0.0205,0.0574,0.0574,0.7150,0.8480,0.6840,0.1330,-0.1640,43.68,-18.63,171.4,171.7,1.263,0.139,1.833
1791427029.7617073,0.7006,0.6350,0.6350,0.4998,0.4998,0.7006,0.8030,0.7538,0.5695,0.7538,0.5695,0.8030,0.7538,0.0369,0.0410,0.0737,0.0574,0.7130,0.8495,0.6850,0.1365,-0.1645,44.38,-18.57,171.8,172.1,1.240,0.136,1.859
1791427029.8002188,0.6350,0.7006,0.4998,0.5695,0.5695,0.6350,0.3646,0.8030,0.5695,0.8030,0.2991,0.8030,0.7538,0.0205,0.0246,0.0737,0.0737,0.7120,0.8470,0.6840,0.1350,-0.1630,44.25,-18.64,172.0,172.2,1.191,0.137,1.836
1791427029.831361,0.4998,0.7538,0.8030,0.6350,0.6350,0.4998,0.7006,0.7538,0.8440,0.6350,0.4998,0.8440,0.7538,0.0164,0.0574,0.0246,0.0737,0.7120,0.8525,0.6850,0.1405,-0.1675,44.84,-18.69,172.3,172.5,1.222,0.136,1.841
1791427029.862973,0.7006,0.7538,0.7538,0.5695,0.6350,0.4302,0.7538,0.8030,0.5695,0.6350,0.7006,0.8030,0.7006,0.0123,0.0369,0.0942,0.0410,0.7120,0.8415,0.6840,0.1295,-0.1575,43.92,-18.54,172.4,172.2,1.218,0.139,1.831
1791427029.8964868,0.5695,0.6350,0.4998,0.4302,0.5695,0.6350,0.7006,0.7006,0.5695,0.8030,0.5695,0.8030,0.7538,0.0164,0.0369,0.0574,0.0574,0.7120,0.8470,0.6850,0.1350,-0.1620,44.55,-18.80,173.0,172.7,1.116,0.136,1.708
1791427029.927963,0.7538,0.7538,0.8440,0.4998,0.6350,0.4302,0.7006,0.5695,0.6350,0.8030,0.3646,0.7538,0.7538,0.0369,0.0410,0.0737,0.0574,0.7120,0.8445,0.6830,0.1325,-0.1615,44.16,-18.55,173.4,172.0,1.273,0.138,1.933
1791427029.962269,0.4998,0.6350,0.7538,0.5695,0.5695,0.4998,0.7538,0.4998,0.7538,0.7006,0.7006,0.7538,0.7538,0.0246,0.0164,0.0942,0.0574,0.7120,0.8505,0.6840,0.1385,-0.1665,44.43,-18.58,173.7,171.9,1.231,0.137,1.828
1791427029.994295,0.8030,0.4998,0.8030,0.4998,0.4998,0.7006,0.8030,0.7538,0.6350,0.8030,0.7538,0.8030,0.7538,0.0369,0.0410,0.0942,0.0410,0.7120,0.8315,0.6840,0.1195,-0.1475,44.18,-18.18,168.3,172.7,1.237,0.136,1.821
1791427030.0281816,0.6350,0.8030,0.8030,0.7006,0.5695,0.7006,0.7538,0.8030,0.3646,0.8030,0.4998,0.8440,0.7006,0.0164,0.0205,0.0410,0.0737,0.7120,0.8475,0.6830,0.1355,-0.1645,44.28,-18.23,169.2,173.1,1.235,0.136,1.873
1791427030.0688977,0.6350,0.6350,0.8030,0.5695,0.2991,0.4998,0.7006,0.5695,0.8030,0.6350,0.4998,0.8030,0.7538,0.0410,0.0574,0.0574,0.0410,0.7120,0.8480,0.6830,0.1360,-0.1650,44.71,-18.48,169.8,173.3,1.161,0.135,1.732
1791427030.101622,0.4302,0.6350,0.8440,0.5695,0.4302,0.5695,0.4302,0.5695,0.4302,0.7006,0.2991,0.8440,0.6350,0.0410,0.0246,0.0574,0.0246,0.7120,0.8460,0.6840,0.1340,-0.1620,44.85,-18.58,170.8,172.4,1.179,0.134,1.804
1791427030.1324906,0.4302,0.8030,0.7006,0.4998,0.6350,0.7006,0.7538,0.7006,0.5695,0.7538,0.6350,0.8030,0.8030,0.0410,0.0410,0.2991,0.0737,0.7120,0.8445,0.6880,0.1325,-0.1565,44.88,-18.41,171.3,172.5,1.223,0.134,1.837
1791427030.1642475,0.6350,0.8767,0.4302,0.7006,0.5695,0.7006,0.8030,0.6350,0.7538,0.7538,0.4302,0.8030,0.7006,0.0082,0.0574,0.0574,0.0246,0.7120,0.8490,0.6880,0.1370,-0.1610,44.46,-18.43,171.4,172.3,1.201,0.136,1.845
1791427030.1944256,0.6350,0.6350,0.6350,0.6350,0.6350,0.7006,0.7006,0.7006,0.7006,0.8440,0.6350,0.7006,0.7006,0.0246,0.0369,0.1229,0.0942,0.7120,0.8445,0.6880,0.1325,-0.1565,44.43,-18.48,172.1,172.2,1.157,0.136,1.764
1791427030.2285898,0.7538,0.4998,0.8030,0.6350,0.4998,0.4998,0.5695,0.6350,0.4998,0.2458,0.7538,0.7006,0.7006,0.0164,0.0246,0.0205,0.0574,0.7120,0.8445,0.6840,0.1325,-0.1605,43.93,-18.21,172.4,172.7,1.296,0.138,2.133
1791427030.2609432,0.6350,0.7538,0.6350,0.6350,0.5695,0.4302,0.5695,0.5695,0.3646,0.6350,0.4302,0.8030,0.7006,0.0246,0.0123,0.0410,0.0369,0.7150,0.8455,0.6840,0.1305,-0.1615,43.54,-18.08,172.9,172.9,1.273,0.140,1.935
1791427030.2948787,0.5695,0.8440,0.8767,0.6350,0.4302,0.6350,0.7538,0.3646,0.5695,0.7538,0.1557,0.6350,0.7006,0.0574,0.0369,0.0410,0.0246,0.7120,0.8470,0.6890,0.1350,-0.1580,44.24,-18.26,173.1,173.1,1.146,0.137,1.739
1791427030.3279023,0.7538,0.6350,0.6350,0.5695,0.5695,0.6350,0.7538,0.7006,0.8030,0.6350,0.3646,0.8030,0.7538,0.0369,0.0737,0.0410,0.0410,0.7120,0.8450,0.6880,0.1330,-0.1570,44.05,-18.21,173.3,172.3,1.207,0.138,1.849
1791427030.3669724,0.4302,0.6350,0.8030,0.6350,0.4998,0.6350,0.7538,0.6350,0.4998,0.7006,0.3646,0.7538,0.7538,0.0123,0.0205,0.1229,0.0737,0.7130,0.8475,0.6880,0.1345,-0.1595,44.41,-18.19,173.9,171.8,1.219,0.136,1.860
1791427030.3992712,0.6350,0.4998,0.7006,0.5695,0.5695,0.7006,0.5695,0.6350,0.6350,0.8030,0.6350,0.7538,0.7006,0.0205,0.0205,0.0369,0.0410,0.7150,0.8480,0.6870,0.1330,-0.1610,44.69,-18.41,174.2,171.4,1.146,0.135,1.730
1791427030.4299707,0.4302,0.5695,0.7538,0.5695,0.5695,0.6350,0.7006,0.3646,0.6350,0.7538,0.2458,0.7538,0.6350,0.0246,0.0205,0.0369,0.0574,0.7150,0.8420,0.6850,0.1270,-0.1570,43.69,-18.33,174.1,170.9,1.207,0.138,1.889
1791427030.46133,0.8030,0.8440,0.8030,0.5695,0.4998,0.7006,0.8440,0.7006,0.5695,0.8030,0.5695,0.7538,0.7538,0.0574,0.0410,0.0737,0.0737,0.7120,0.8440,0.6840,0.1320,-0.1600,43.78,-18.33,174.0,171.8,1.207,0.138,1.819
1791427030.4952395,0.7006,0.7006,0.6350,0.4302,0.4998,0.6350,0.8030,0.8440,0.5695,0.7006,0.6350,0.8030,0.6350,0.0369,0.0369,0.0574,0.0369,0.7120,0.8365,0.6840,0.1245,-0.1525,43.09,-18.19,173.6,171.3,1.199,0.140,1.816
1791427030.5284038,0.4998,0.7538,0.5695,0.4302,0.5695,0.4998,0.7006,0.8030,0.7006,0.7538,0.7538,0.8440,0.7538,0.0574,0.0737,0.0942,0.1229,0.7120,0.8505,0.6830,0.1385,-0.1675,43.76,-18.48,173.8,172.3,1.173,0.138,1.783
1791427030.562515,0.6350,0.7538,0.8030,0.5695,0.6350,0.7538,0.7538,0.7538,0.4998,0.7538,0.6350,0.7538,0.7538,0.0410,0.0574,0.0737,0.0574,0.7120,0.8370,0.6840,0.1250,-0.1530,43.27,-18.39,173.6,171.9,1.177,0.139,1.827
1791427030.594163,0.7538,0.5695,0.8030,0.4998,0.4998,0.5695,0.8030,0.8030,0.5695,0.5695,0.2991,0.7538,0.6350,0.0246,0.0164,0.0410,0.0246,0.7120,0.8475,0.6880,0.1355,-0.1595,43.02,-18.10,174.0,172.4,1.299,0.141,2.029
1791427030.6288078,0.8440,0.5695,0.7006,0.4998,0.4998,0.4998,0.5695,0.8030,0.4998,0.8440,0.7006,0.7538,0.7538,0.0246,0.0369,0.0737,0.0574,0.7120,0.8485,0.6840,0.1365,-0.1645,43.60,-18.31,174.1,172.0,1.184,0.139,1.816
1791427030.6697774,0.4302,0.4998,0.9259,0.5695,0.4302,0.4302,0.5695,0.7006,0.6350,0.6350,0.6350,0.7006,0.7006,0.0246,0.0369,0.0737,0.0737,0.7120,0.8475,0.6890,0.1355,-0.1585,43.93,-18.36,174.5,172.6,1.178,0.138,1.827
1791427030.700594,0.4302,0.7538,0.7538,0.4998,0.5695,0.5695,0.8440,0.6350,0.7006,0.7006,0.1557,0.8030,0.7006,0.0369,0.0369,0.0737,0.0737,0.7130,0.8520,0.7000,0.1390,-0.1520,44.80,-18.40,174.2,173.6,1.132,0.135,1.791
1791427030.7333915,0.5695,0.5695,0.8767,0.4998,0.6350,0.2458,0.7006,0.7006,0.4998,0.7006,0.6350,0.8030,0.7538,0.0369,0.0574,0.0574,0.0410,0.7120,,0.6860,,,44.80,-18.40,174.2,173.6,,,
1791427030.7647116,0.4998,0.8767,0.8030,0.4302,0.7006,0.5695,0.3646,0.6350,0.6350,0.8030,0.6350,0.7538,0.7538,0.0246,0.0410,0.0410,0.0410,0.7120,0.8455,0.6830,0.1335,-0.1625,44.60,-18.38,174.3,173.7,1.230,0.136,1.877
1791427030.7963326,0.7006,0.8030,0.7538,0.6350,0.7006,0.7538,0.8767,0.8030,0.7006,0.8440,0.7006,0.8440,0.8030,0.0246,0.2458,0.1557,0.1229,0.7120,0.8505,0.6930,0.1385,-0.1575,45.42,-18.62,174.5,172.8,1.102,0.133,1.702
1791427030.829127,0.5695,0.8440,0.8030,0.4998,0.7006,0.5695,0.7006,0.6350,0.7006,0.7006,0.1557,0.7538,0.6350,0.0205,0.0369,0.0737,0.0410,0.7130,0.8285,0.6870,0.1155,-0.1415,45.20,-18.48,168.8,172.8,1.097,0.130,1.655
1791427030.8620741,0.4998,0.5695,0.8440,0.5695,0.6350,0.4998,0.7006,0.7006,0.5695,0.7006,0.7538,0.7006,0.6350,0.0410,0.0410,0.1557,0.0369,0.7120,0.8460,0.6870,0.1340,-0.1590,45.04,-18.43,169.7,173.1,1.207,0.132,1.832
1791427030.895457,0.5695,0.8030,0.8440,0.5695,0.4998,0.5695,0.4998,0.5695,0.8767,0.8767,0.2458,0.8030,0.8030,0.0246,0.0737,0.1229,0.0410,0.7130,0.8430,0.6840,0.1300,-0.1590,44.91,-18.66,170.7,173.1,1.116,0.132,1.680
1791427030.928998,0.4998,0.4998,0.7538,0.4302,0.4998,0.7538,0.7538,0.2991,0.6350,0.7538,0.7006,0.8030,0.8030,0.0246,0.0410,0.1557,0.0942,0.7130,0.8545,0.6940,0.1415,-0.1605,45.70,-18.73,171.3,173.5,1.163,0.130,1.770
1791427030.9621694,0.8440,0.8030,0.8767,0.5695,0.5695,0.7006,0.3646,0.7538,0.7006,0.7538,0.4998,0.7538,0.7538,0.0369,0.0574,0.1966,0.0574,0.7130,0.8480,0.6850,0.1350,-0.1630,45.60,-18.80,172.6,172.5,1.179,0.131,1.812
1791427031.003166,0.6350,0.7538,0.6350,0.5695,0.4302,0.7006,0.7006,0.4998,0.7538,0.7006,0.6350,0.6350,0.7006,0.0205,0.0574,0.0737,0.0574,0.7130,0.8495,0.6840,0.1365,-0.1655,45.14,-18.67,172.9,172.0,1.260,0.134,1.914
1791427031.0351954,0.4998,0.4302,0.8030,0.4998,0.5695,0.4998,0.7538,0.4998,0.4998,0.7538,0.7538,0.6350,0.7006,0.0246,0.0205,0.0574,0.0369,0.7130,0.8420,0.6840,0.1290,-0.1580,44.33,-18.64,173.5,171.5,1.180,0.136,1.869
1791427031.0662942,0.2991,0.6350,0.6350,0.5695,0.4998,0.4998,0.7538,0.7006,0.7006,0.8030,0.4302,0.8440,0.7006,0.0246,0.0574,0.0737,0.0737,,0.8490,0.6840,,-0.1650,44.33,-18.64,173.9,172.3,1.231,0.136,
1791427031.0982616,0.4998,0.7006,0.8440,0.4302,0.3646,0.7006,0.7006,0.7538,0.7538,0.6350,0.1966,0.7538,0.7538,0.0369,0.0410,0.0410,0.1229,0.7160,0.8475,0.6840,0.1315,-0.1635,43.95,-18.59,174.1,172.4,1.230,0.138,1.868
1791427031.1290407,0.7538,0.7538,0.8440,0.6350,0.6350,0.6350,0.8440,0.7006,0.6350,0.5695,0.8030,0.7538,0.7006,0.0205,0.0574,0.1557,0.0737,0.7160,0.8435,0.6840,0.1275,-0.1595,43.62,-18.63,174.0,173.2,1.172,0.138,1.779
1791427031.1630316,0.4998,0.7006,0.8767,0.5695,0.4998,0.6350,0.7538,0.6350,0.5695,0.8440,0.3646,0.7538,0.8030,0.0123,0.0410,0.0574,0.0410,0.7130,0.8530,0.6850,0.1400,-0.1680,44.16,-18.81,173.9,174.2,1.183,0.137,1.804
1791427031.1959867,0.5695,0.4302,0.7006,0.4302,0.4998,0.6350,0.7538,0.5695,0.6350,0.7006,0.8440,0.7006,0.7006,0.0123,0.0123,0.0410,0.0246,0.7170,0.8510,0.6840,0.1340,-0.1670,44.62,-19.06,174.3,173.9,1.141,0.135,1.724
1791427031.2293563,0.6350,0.4302,0.8767,0.6350,0.6350,0.6350,0.7538,0.5695,0.5695,0.6350,0.6350,0.7538,0.6350,0.0082,0.0205,0.0410,0.0410,0.7140,0.8330,0.6840,0.1190,-0.1490,44.58,-18.66,168.7,172.5,1.210,0.133,1.799
1791427031.2623816,0.7006,0.7006,0.7006,0.5695,0.7006,0.7006,0.7006,0.8030,0.7006,0.8030,0.2991,0.7538,0.7538,0.0410,0.0246,0.1557,0.0574,0.7140,0.8320,0.6890,0.1180,-0.1430,44.25,-18.46,163.6,171.5,1.127,0.132,1.731
1791427031.2959988,0.7538,0.5695,0.8440,0.4998,0.6350,0.6350,0.7538,0.5695,0.4998,0.7006,0.1966,0.7538,0.7538,0.0369,0.0369,0.0737,0.0942,0.7140,0.8535,0.6890,0.1395,-0.1645,44.92,-18.68,166.1,172.0,1.158,0.131,1.778
1791427031.3360703,0.4302,0.5695,0.8440,0.4998,0.5695,0.4998,0.5695,0.7006,0.4998,0.7538,0.2991,0.7006,0.7006,0.0369,0.0246,0.2458,0.0410,0.7170,0.8485,0.6920,0.1315,-0.1565,44.83,-18.71,167.6,172.2,1.147,0.131,1.784
1791427031.3682537,0.4302,0.7006,0.5695,0.4998,0.6350,0.7006,0.7538,0.7006,0.7538,0.7006,0.5695,0.8030,0.7538,0.0369,0.0410,0.0737,0.0737,0.7170,0.8485,0.6870,0.1315,-0.1615,45.15,-18.95,169.2,172.8,1.112,0.130,1.667
1791427031.3987303,0.5695,0.5695,0.8030,0.5695,0.4998,0.6350,0.7006,0.8030,0.7006,0.8030,0.2458,0.7006,0.8030,0.0410,0.0246,0.0942,0.1557,0.7140,0.8475,0.6880,0.1335,-0.1595,45.07,-18.75,169.8,173.2,1.227,0.131,1.885
1791427031.4314272,0.4302,0.7538,0.7006,0.4302,0.6350,0.5695,0.8030,0.6350,0.4302,0.7538,0.2991,0.8030,0.7006,0.0246,0.0574,0.0574,0.0574,0.7170,0.8430,0.6840,0.1260,-0.1590,44.32,-18.67,170.7,172.6,1.200,0.133,1.831
1791427031.462631,0.5695,0.5695,0.8767,0.2991,0.7538,0.7538,0.7538,0.7538,0.5695,0.7006,0.7006,0.7006,0.7006,0.0123,0.0410,0.0410,0.0246,0.7140,0.8425,0.6840,0.1285,-0.1585,43.84,-18.59,170.8,173.1,1.200,0.135,1.863
1791427031.4976368,0.3646,0.6350,0.8440,0.7006,0.4998,0.8440,0.8030,0.5695,0.7538,0.9054,0.2991,0.8030,0.7538,0.0246,0.0574,0.0410,0.0737,0.7140,0.8505,0.6840,0.1365,-0.1665,44.74,-18.92,171.6,173.3,1.126,0.132,1.674
1791427031.5294156,0.4302,0.4998,0.8030,0.2991,0.5695,0.7006,0.5695,0.7006,0.4998,0.7538,0.5695,0.7006,0.7538,0.0123,0.0410,0.0574,0.0205,0.7140,0.8465,0.6850,0.1325,-0.1615,44.65,-19.00,171.9,172.6,1.152,0.133,1.767
1791427031.5638251,0.7006,0.8440,0.5695,0.4998,0.6350,0.6350,0.6350,0.7006,0.7006,0.7006,0.3646,0.8030,0.7538,0.0369,0.0369,0.0574,0.0574,0.7120,0.8520,0.6860,0.1400,-0.1660,44.79,-18.65,172.5,172.9,1.321,0.134,2.002
1791427031.5957758,0.4998,0.6350,0.8440,0.3646,0.4998,0.7006,0.6350,0.5695,0.5695,0.7006,0.6350,0.7006,0.7006,0.0410,0.0123,0.0942,0.0246,0.7120,0.8430,0.6840,0.1310,-0.1590,44.09,-18.47,172.5,172.5,1.241,0.137,1.926
1791427031.6300867,0.5695,0.6350,0.7006,0.5695,0.4998,0.7538,0.8440,0.4302,0.6350,0.5695,0.4998,0.7538,0.7538,0.0164,0.0369,0.0246,0.0246,0.7130,0.8445,0.6840,0.1315,-0.1605,43.35,-18.26,173.1,173.0,1.276,0.140,1.980
1791427031.6695838,0.4998,0.5695,0.8767,0.6350,0.3646,0.7006,0.6350,0.6350,0.4302,0.7538,0.7538,0.7006,0.7006,0.0246,0.0369,0.0410,0.0410,0.7130,0.8485,0.6840,0.1355,-0.1645,42.91,-18.29,173.6,173.3,1.235,0.143,1.891
1791427031.7010975,0.5695,0.7006,0.8440,0.5695,0.6350,0.5695,0.7538,0.6350,0.8440,0.7538,0.5695,0.7538,0.7006,0.0574,0.0410,0.0574,0.0737,0.7110,0.8465,0.6880,0.1355,-0.1585,43.06,-18.47,173.4,172.7,1.137,0.143,1.774
1791427031.7328284,0.7006,0.7538,0.7538,0.5695,0.4302,0.7538,0.6350,0.6350,0.7538,0.7538,0.2991,0.7538,0.7538,0.0246,0.0574,0.0737,0.0942,0.7110,0.8500,0.6910,0.1390,-0.1590,43.56,-18.53,174.1,171.7,1.169,0.142,1.821
1791427031.7643917,0.6350,0.7538,0.9054,0.6350,0.4998,0.4998,0.6350,0.4302,0.8030,0.7006,0.6350,0.7538,0.6350,0.0205,0.0410,0.0737,0.0410,0.7170,0.8455,0.6880,0.1285,-0.1575,43.35,-18.58,174.2,171.5,1.158,0.141,1.807
1791427031.796751,0.7006,0.7006,0.7006,0.5695,0.4998,0.3646,0.8030,0.3646,0.4302,0.8030,0.5695,0.7006,0.7538,0.0410,0.0205,0.0205,0.0737,0.7140,0.8490,0.6910,0.1350,-0.1580,43.58,-18.77,173.9,172.1,1.111,0.141,1.758
1791427031.8299623,0.5695,0.4998,0.8030,0.3646,0.3646,0.4302,0.7006,0.7538,0.8030,0.7006,0.3646,0.7538,0.6350,0.0246,0.0246,0.0410,0.0574,0.7140,0.8340,0.6870,0.1200,-0.1470,43.70,-18.59,168.3,172.6,1.142,0.137,1.711
1791427031.8633454,0.5695,0.7538,0.8440,0.6350,0.5695,0.4998,0.7538,0.4302,0.7006,0.7006,0.7006,0.7538,0.7538,0.0246,0.0205,0.1557,0.0369,0.7180,0.8455,0.6910,0.1275,-0.1545,43.18,-18.49,169.7,172.0,1.181,0.139,1.857
1791427031.8967552,0.4998,0.4998,0.7538,0.5695,0.4998,0.6350,0.6350,0.5695,0.5695,0.6350,0.7006,0.7006,0.8030,0.0369,0.0574,0.0737,0.0369,0.7180,0.8470,0.6840,0.1290,-0.1630,42.93,-18.38,170.4,171.6,1.257,0.140,1.843
1791427031.9382358,0.4998,0.7538,0.7006,0.3646,0.2991,0.7538,0.7006,0.7006,0.4302,0.8030,0.4302,0.7006,0.6350,0.0082,0.0246,0.0410,0.0574,0.7170,0.8450,0.6830,0.1280,-0.1620,42.87,-18.29,171.5,171.6,1.249,0.140,1.855
1791427031.970569,0.4302,0.5695,0.7006,0.4998,0.4302,0.6350,0.7538,0.5695,0.7006,0.8030,0.5695,0.8030,0.7006,0.0164,0.0737,0.0942,0.1229,0.7180,0.8475,0.6830,0.1295,-0.1645,42.54,-18.09,172.1,172.3,1.316,0.141,1.994
1791427032.0026374,0.6350,0.9259,0.8440,0.6350,0.5695,0.6350,0.7538,0.8030,0.4302,0.6350,0.7538,0.7538,0.7006,0.0205,0.0246,0.0410,0.0205,0.7140,0.8510,0.6840,0.1370,-0.1670,43.49,-18.28,173.1,171.2,1.211,0.138,1.788
1791427032.034273,0.7006,0.4998,0.4302,0.4302,0.4998,0.7006,0.6350,0.8030,0.6350,0.7006,0.4998,0.7538,0.6350,0.0410,0.0942,0.0737,0.0737,0.7160,0.8510,0.6860,0.1350,-0.1650,43.66,-18.43,173.4,170.9,1.195,0.138,1.808
1791427032.064859,0.4998,0.7006,0.7006,0.5695,0.4302,0.5695,0.7538,0.7006,0.4998,0.8030,0.4998,0.8030,0.7006,0.0246,0.0737,0.0410,0.0737,0.7140,0.8510,0.6890,0.1370,-0.1620,44.19,-18.78,173.8,171.6,1.093,0.137,1.713
1791427032.0973148,0.7538,0.4998,0.4998,0.5695,0.4302,0.6350,0.7006,0.4998,0.4302,0.7538,0.8030,0.8030,0.6350,0.0123,0.0737,0.0246,0.0369,0.7180,0.8380,0.6870,0.1200,-0.1510,42.87,-18.60,173.7,171.8,1.173,0.140,1.797
1791427032.1296985,0.7538,0.8030,0.5695,0.4998,0.4302,0.4302,0.7006,0.2991,0.4302,0.6350,0.1557,0.7006,0.7006,0.0205,0.0410,0.0082,0.0737,0.7170,0.8450,0.6880,0.1280,-0.1570,42.32,-18.18,174.1,171.6,1.311,0.143,1.951
1791427032.162575,0.7538,0.4998,0.8767,0.5695,0.4302,0.4998,0.7006,0.5695,0.4302,0.7006,0.7006,0.7538,0.7538,0.0246,0.0369,0.0369,0.0369,0.7140,0.8455,0.6880,0.1315,-0.1575,42.47,-18.43,173.9,172.3,1.111,0.142,1.726
1791427032.197148,0.4998,0.7006,0.7538,0.6350,0.6350,0.4998,0.7006,0.5695,0.6350,0.7006,0.7006,0.8030,0.7538,0.0205,0.0574,0.1966,0.0369,0.7170,0.8395,0.6840,0.1225,-0.1555,42.73,-18.34,167.7,171.7,1.198,0.139,1.751
1791427032.2307286,0.4998,0.5695,0.6350,0.4998,0.5695,0.5695,0.7538,0.7006,0.5695,0.7538,0.2458,0.7006,0.7538,0.0246,0.0369,0.0164,0.0410,0.7120,0.8490,0.6890,0.1370,-0.1600,42.87,-18.07,169.1,171.5,1.302,0.140,1.964
1791427032.263699,0.3646,0.8440,0.8030,0.5695,0.5695,0.6350,0.7006,0.7006,0.5695,0.7006,0.5695,0.7006,0.7006,0.0205,0.0246,0.0410,0.0737,0.7160,0.8495,0.6840,0.1335,-0.1655,43.14,-18.46,170.4,171.1,1.132,0.140,1.749
1791427032.3050454,0.3646,0.5695,0.4302,0.4998,0.4302,0.5695,0.5695,0.5695,0.5695,0.7006,0.4998,0.7538,0.7006,0.0123,0.0410,0.0369,0.0369,0.7170,0.8460,0.6840,0.1290,-0.1620,42.86,-18.62,170.8,171.8,1.158,0.141,1.817
1791427032.3363533,0.4302,0.5695,0.6350,0.5695,0.4302,0.6350,0.8030,0.6350,0.6350,0.7006,0.2458,0.7538,0.7006,0.0369,0.0737,0.1229,0.0410,0.7140,0.8470,0.6850,0.1330,-0.1620,43.02,-18.83,171.9,171.4,1.132,0.140,1.753
1791427032.3685658,0.4302,0.8440,0.8440,0.3646,0.5695,0.4998,0.7006,0.6350,0.4302,0.6350,0.5695,0.8030,0.7006,0.0205,0.0410,0.0737,0.0942,0.7180,0.8455,0.6840,0.1275,-0.1615,42.85,-18.72,172.2,170.8,1.222,0.141,1.820
1791427032.3996968,0.4302,0.5695,0.8030,0.4302,0.3646,0.5695,0.5695,0.7006,0.2458,0.7538,0.5695,0.7006,0.7006,0.0369,0.0410,0.0737,0.0574,0.7160,0.8475,0.6840,0.1315,-0.1635,42.36,-18.49,172.5,170.8,1.284,0.143,1.943
1791427032.4319913,0.7006,0.8030,0.8440,0.4998,0.3646,0.4302,0.5695,0.4998,0.4998,0.8030,0.4998,0.7538,0.7006,0.0164,0.0574,0.0574,0.0737,0.7140,0.8475,0.6900,0.1335,-0.1575,42.21,-18.39,173.1,171.2,1.214,0.145,1.898
1791427032.463904,0.3646,0.4998,0.8030,0.5695,0.5695,0.7538,0.4302,0.5695,0.6350,0.7006,0.6350,0.7538,0.7538,0.0246,0.0410,0.0942,0.0574,0.7150,0.8530,0.6900,0.1380,-0.1630,43.51,-18.36,173.8,171.8,1.235,0.140,1.842
1791427032.4975355,0.5695,0.8440,0.8440,0.7006,0.2991,0.7538,0.7006,0.4302,0.5695,0.8440,0.7006,0.7538,0.8030,0.0369,0.0246,0.1557,0.0942,0.7170,0.8535,0.6900,0.1365,-0.1635,43.98,-18.42,174.2,172.4,1.211,0.138,1.844
1791427032.5310574,0.6350,0.7006,0.7538,0.5695,0.3646,0.7006,0.7006,0.8030,0.8030,0.6350,0.5695,0.7006,0.6350,0.0205,0.0369,0.0574,0.0410,0.7170,0.8495,0.6900,0.1325,-0.1595,43.76,-18.25,173.7,171.8,1.257,0.139,1.918
1791427032.5647032,0.2991,0.7006,0.8440,0.4302,0.6350,0.6350,0.8030,0.6350,0.5695,0.5695,0.2991,0.7538,0.6350,0.0369,0.0205,0.0942,0.0369,,0.8450,0.6840,,-0.1610,43.76,-18.25,173.7,172.1,1.272,0.139,
1791427032.6055,0.6350,0.4998,0.7006,0.5695,0.4302,0.6350,0.6350,0.4998,0.5695,0.7538,0.5695,0.7006,0.6350,0.0123,0.0205,0.0574,0.0737,0.7170,0.8490,0.6870,0.1320,-0.1620,43.61,-18.28,173.8,171.9,1.219,0.140,1.850
1791427032.6374958,0.5695,0.4998,0.8030,0.5695,0.4302,0.7006,0.7538,0.8440,0.4998,0.7538,0.4998,0.8030,0.7538,0.0205,0.0369,0.0574,0.0574,0.7170,0.8480,0.6920,0.1310,-0.1560,43.63,-18.07,173.8,171.4,1.255,0.139,1.851
1791427032.668548,0.2458,0.8030,0.8440,0.5695,0.6350,0.8440,0.7006,0.4998,0.6350,0.7006,0.5695,0.7538,0.7006,0.0205,0.0369,0.0410,0.0410,,0.8505,0.6880,,-0.1625,43.63,-18.07,174.1,172.0,1.217,0.139,
1791427032.7004786,0.4998,0.4998,0.8030,0.5695,0.5695,0.7538,0.6350,0.5695,0.6350,0.8030,0.2991,0.8030,0.7538,0.0369,0.0574,0.0737,0.1229,0.7170,0.8510,0.6890,0.1340,-0.1620,43.73,-17.98,174.1,172.1,1.274,0.139,1.942
1791427032.7312422,0.4998,0.7006,0.8030,0.6350,0.4302,0.4998,0.8440,0.6350,0.6350,0.7538,0.5695,0.8030,0.7538,0.0205,0.0205,0.0942,0.0410,0.7140,0.8490,0.6910,0.1350,-0.1580,44.04,-18.19,174.4,172.7,1.142,0.138,1.772
1791427032.7640326,0.6350,0.7006,0.8440,0.5695,0.4302,0.6350,0.6350,0.7006,0.7538,0.7006,0.2991,0.8030,0.7538,0.0410,0.0205,0.1229,0.0574,0.7160,0.8435,0.6850,0.1275,-0.1585,44.22,-18.30,174.5,173.0,1.166,0.136,1.775
1791427032.797084,0.7006,0.6350,0.9054,0.5695,0.4998,0.5695,0.7006,0.8030,0.5695,0.8030,0.7006,0.7006,0.7006,0.0205,0.0737,0.0942,0.0410,0.7170,0.8515,0.6890,0.1345,-0.1625,44.15,-18.25,174.4,173.3,1.249,0.137,1.911
1791427032.8306258,0.5695,0.6350,0.6350,0.4302,0.7538,0.4998,0.7538,0.7538,0.8030,0.6350,0.7006,0.8030,0.7538,0.0205,0.0737,0.0574,0.0737,0.7170,0.8500,0.6850,0.1330,-0.1650,44.17,-18.37,174.0,173.9,1.206,0.137,1.824
1791427032.864546,0.5695,0.9054,0.7006,0.6350,0.7006,0.5695,0.7538,0.8030,0.5695,0.8030,0.6350,0.7538,0.7006,0.0164,0.0574,0.0410,0.0369,0.7150,0.8465,0.6940,0.1315,-0.1525,44.07,-18.45,174.1,173.1,1.120,0.137,1.783
1791427032.8980317,0.4302,0.5695,0.6350,0.6350,0.4302,0.6350,0.7006,0.7006,0.7006,0.4302,0.1966,0.7538,0.7006,0.0410,0.0246,0.0246,0.0942,0.7140,0.8465,0.6840,0.1325,-0.1625,43.55,-18.46,174.2,173.1,1.216,0.139,1.860
1791427032.937521,0.7006,0.5695,0.7006,0.6350,0.4998,0.4998,0.7538,0.5695,0.6350,0.6350,0.5695,0.8030,0.7006,0.0205,0.0410,0.0942,0.0737,0.7140,0.8465,0.6870,0.1325,-0.1595,43.27,-18.29,174.3,172.4,1.253,0.141,1.923
1791427032.9705033,0.6350,0.8767,0.8440,0.4998,0.5695,0.4302,0.7538,0.4998,0.6350,0.8030,0.4302,0.6350,0.7006,0.0369,0.0205,0.0410,0.0246,0.7140,0.8490,0.6880,0.1350,-0.1610,42.90,-17.98,174.5,172.8,1.328,0.143,1.983
1791427033.0013385,0.6350,0.6350,0.8440,0.7006,0.4998,0.7006,0.6350,0.7006,0.4998,0.6350,0.4302,0.7538,0.7006,0.0246,0.0164,0.0369,0.0410,0.7140,0.8510,0.6850,0.1370,-0.1660,43.18,-17.98,174.2,172.0,1.279,0.143,1.936
1791427033.0344522,0.3646,0.4998,0.8440,0.4998,0.4998,0.3646,0.7006,0.3646,0.5695,0.6350,0.2991,0.7538,0.7006,0.0123,0.0205,0.0574,0.0369,0.7160,0.8460,0.6830,0.1300,-0.1630,42.91,-18.30,174.5,172.2,1.141,0.143,1.773
1791427033.0656822,0.6350,0.7006,0.8767,0.4302,0.4998,0.5695,0.7538,0.4302,0.4998,0.7538,0.5695,0.8030,0.7006,0.0205,0.0369,0.1229,0.0574,0.7170,0.8325,0.6850,0.1155,-0.1475,42.72,-18.32,168.9,171.5,1.107,0.140,1.685
1791427033.099028,0.8440,0.8440,0.8440,0.4302,0.4302,0.6350,0.7538,0.4998,0.5695,0.8030,0.4302,0.7538,0.7006,0.0410,0.0369,0.0942,0.0574,0.7140,0.8495,0.6880,0.1355,-0.1615,43.17,-18.47,170.1,171.6,1.167,0.139,1.775
1791427033.1309478,0.4302,0.7006,0.8030,0.4302,0.4998,0.7006,0.7006,0.7006,0.7006,0.8030,0.2991,0.7538,0.8030,0.0205,0.0737,0.0369,0.0574,0.7140,0.8470,0.6900,0.1330,-0.1570,43.71,-18.76,171.2,171.3,1.077,0.137,1.695
1791427033.1645894,0.5695,0.4998,0.7006,0.4998,0.6350,0.6350,0.7538,0.7006,0.4998,0.7538,0.5695,0.7006,0.7006,0.0205,0.0246,0.0737,0.0574,0.7140,0.8410,0.6850,0.1270,-0.1560,43.28,-18.59,171.7,171.8,1.206,0.138,1.857
1791427033.2069347,0.6350,0.7006,0.8767,0.7006,0.4302,0.4998,0.3646,0.6350,0.4998,0.7006,0.2991,0.7538,0.7006,0.0246,0.0574,0.0410,0.0574,0.7140,0.8460,0.6840,0.1320,-0.1620,42.60,-18.45,172.0,171.9,1.252,0.142,1.881
1791427033.2374039,0.4302,0.7006,0.7538,0.5695,0.4998,0.6350,0.8030,0.7538,0.5695,0.2991,0.7006,0.7538,0.7538,0.0123,0.0369,0.0246,0.0737,0.7180,0.8420,0.6930,0.1240,-0.1490,42.34,-18.44,173.0,172.1,1.120,0.142,1.938
1791427033.2697942,0.6350,0.5695,0.6350,0.4302,0.5695,0.7006,0.8030,0.7006,0.6350,0.7006,0.8440,0.8030,0.7538,0.0205,0.0574,0.1966,0.0574,0.7170,0.8510,0.6850,0.1340,-0.1660,43.03,-18.58,173.7,172.0,1.195,0.140,1.808
1791427033.3009222,0.3646,0.7538,0.8440,0.4998,0.5695,0.8030,0.8030,0.6350,0.4998,0.7006,0.5695,0.7538,0.7538,0.0164,0.0410,0.0410,0.0574,0.7180,0.8525,0.6850,0.1345,-0.1675,43.30,-18.51,173.6,171.5,1.270,0.139,1.900
1791427033.3329263,0.5695,0.8440,0.7538,0.5695,0.5695,0.6350,0.7538,0.9054,0.7538,0.8440,0.8030,0.7538,0.7538,0.0205,0.1229,0.0942,0.0737,0.7140,0.8490,0.6890,0.1350,-0.1600,43.57,-18.46,173.9,170.9,1.212,0.139,1.835
1791427033.3649998,0.7006,0.8767,0.4998,0.5695,0.6350,0.6350,0.7538,0.8030,0.6350,0.7006,0.8030,0.7538,0.8030,0.0574,0.0410,0.1229,0.0942,0.7140,0.8550,0.6890,0.1410,-0.1660,44.01,-18.43,174.2,170.9,1.254,0.138,1.896
1791427033.3984087,0.7538,0.7538,0.8030,0.4998,0.6350,0.6350,0.8030,0.5695,0.8030,0.8030,0.3646,0.7006,0.7538,0.0205,0.0369,0.0205,0.0574,0.7210,0.8410,0.6890,0.1200,-0.1520,42.93,-18.29,174.1,171.4,1.191,0.141,1.856
1791427033.431902,0.4998,0.6350,0.9054,0.4998,0.3646,0.4998,0.7006,0.6350,0.5695,0.8440,0.6350,0.8030,0.7006,0.0123,0.0369,0.0410,0.0737,0.7140,0.8455,0.6840,0.1315,-0.1615,42.97,-18.30,174.0,171.5,1.215,0.141,1.797
1791427033.4661446,0.4302,0.4998,0.8440,0.4998,0.5695,0.7006,0.8767,0.7538,0.6350,0.3646,0.6350,0.7538,0.7006,0.0246,0.0574,0.0942,0.0410,0.7180,0.8495,0.6860,0.1315,-0.1635,43.47,-18.65,173.9,172.6,1.117,0.138,1.693
1791427033.5067933,0.8030,0.7006,0.7538,0.6350,0.4998,0.7006,0.7006,0.6350,0.4998,0.8030,0.2991,0.7006,0.7006,0.0205,0.0246,0.0205,0.0410,0.7120,0.8480,0.6900,0.1360,-0.1580,43.44,-18.29,174.4,172.7,1.293,0.140,1.942
1791427033.5394704,0.6350,0.5695,0.7006,0.4302,0.4998,0.6350,0.6350,0.3646,0.6350,0.7538,0.3646,0.7538,0.7006,0.0574,0.0574,0.0942,0.0942,0.7140,0.8480,0.6940,0.1340,-0.1540,43.59,-18.39,174.2,173.2,1.132,0.139,1.794
1791427033.5704162,0.6350,0.7006,0.8440,0.4998,0.6350,0.4998,0.7006,0.4302,0.5695,0.7006,0.4302,0.7006,0.7006,0.0369,0.0246,0.0410,0.0410,0.7170,0.8485,0.6870,0.1315,-0.1615,44.11,-18.52,174.3,173.0,1.168,0.136,1.745
1791427033.6029346,0.8030,0.6350,0.8440,0.4302,0.4998,0.5695,0.4998,0.6350,0.4302,0.7538,0.2458,0.7538,0.7006,0.0246,0.0205,0.0737,0.0369,0.7170,0.8445,0.6860,0.1275,-0.1585,43.69,-18.72,174.6,172.2,1.117,0.137,1.744
1791427033.6340334,0.6350,0.8767,0.8440,0.4998,0.5695,0.4998,0.7538,0.8030,0.4998,0.7538,0.7006,0.8030,0.7538,0.0246,0.0164,0.0737,0.0942,0.7170,0.8570,0.6870,0.1400,-0.1700,44.67,-18.97,174.5,172.2,1.167,0.135,1.744
1791427033.6661878,0.7006,0.8030,0.7538,0.5695,0.4998,0.6350,0.7538,0.4998,0.3646,0.7006,0.5695,0.7006,0.7006,0.0205,0.0410,0.0410,0.0574,0.7140,0.8475,0.6860,0.1335,-0.1615,44.69,-18.83,174.7,171.1,1.223,0.135,1.853
1791427033.6985948,0.6350,0.6350,0.4998,0.5695,0.4302,0.6350,0.3646,0.7538,0.3646,0.7538,0.4998,0.7006,0.7538,0.0164,0.0737,0.1229,0.0737,0.7130,0.8460,0.6860,0.1330,-0.1600,44.74,-18.94,174.3,172.2,1.136,0.134,1.743
1791427033.7330406,0.6350,0.5695,0.8767,0.6350,0.4998,0.6350,0.7538,0.5695,0.7006,0.7538,0.2991,0.7538,0.7006,0.0205,0.0410,0.0737,0.0574,0.7140,0.8425,0.6830,0.1285,-0.1595,44.24,-18.74,174.3,172.5,1.229,0.136,1.870
1791427033.7649517,0.5695,0.5695,0.8440,0.5695,0.2991,0.4302,0.7006,0.6350,0.5695,0.6350,0.2458,0.7538,0.7006,0.0205,0.0410,0.1229,0.0246,0.7120,0.8490,0.6900,0.1370,-0.1590,44.73,-18.90,174.7,172.5,1.117,0.134,1.712
1791427033.7990177,0.4998,0.6350,0.8030,0.6350,0.4998,0.7006,0.4302,0.7006,0.6350,0.3646,0.5695,0.7006,0.7538,0.0205,0.0246,0.0737,0.0246,0.7140,0.8460,0.6840,0.1320,-0.1620,44.45,-18.68,175.0,173.0,1.259,0.135,1.920
1791427033.8318014,0.3646,0.5695,0.6350,0.4998,0.4302,0.4998,0.6350,0.6350,0.4998,0.2458,0.4998,0.7006,0.6350,0.0205,0.0369,0.0942,0.0123,0.7170,0.8445,0.6860,0.1275,-0.1585,44.30,-18.74,175.2,172.5,1.151,0.135,1.954
1791427033.8723557,0.2991,0.5695,0.8440,0.4998,0.4998,0.7538,0.2991,0.7006,0.4998,0.7006,0.2458,0.7538,0.7538,0.0369,0.0410,0.0737,0.0369,,,0.6920,,,44.30,-18.74,175.2,172.5,,,
1791427033.9039931,0.4302,0.5695,0.5695,0.4998,0.4998,0.7538,0.7538,0.4302,0.4998,0.7006,0.7538,0.6350,0.6350,0.0246,0.0574,0.0737,0.0410,0.7160,0.8525,0.6840,0.1365,-0.1685,44.47,-18.93,175.5,172.9,1.178,0.135,1.814
1791427033.9370396,0.6350,0.6350,0.8767,0.4998,0.5695,0.4998,0.8440,0.4998,0.7006,0.8030,0.8030,0.7538,0.7006,0.0369,0.0369,0.0369,0.0574,0.7140,0.8465,0.6840,0.1325,-0.1625,44.26,-18.95,175.6,173.2,1.177,0.136,1.784
1791427033.967932,0.4998,0.4998,0.8767,0.6350,0.4998,0.4998,0.7006,0.4302,0.4302,0.7538,0.6350,0.7538,0.7006,0.0246,0.0205,0.0369,0.0737,0.7140,0.8470,0.6860,0.1330,-0.1610,44.17,-18.88,175.4,173.5,1.196,0.137,1.832
1791427033.999767,0.6350,0.7538,0.8440,0.5695,0.4998,0.6350,0.7538,0.4998,0.4302,0.6350,0.3646,0.6350,0.7006,0.0205,0.0205,0.0246,0.0410,0.7140,0.8440,0.6850,0.1300,-0.1590,44.43,-18.83,175.0,173.0,1.178,0.135,1.809
1791427034.032142,0.5695,0.6350,0.8030,0.5695,0.4998,0.4998,0.6350,0.2458,0.5695,0.7538,0.6350,0.7538,0.7006,0.0369,0.0369,0.0410,0.0369,0.7120,0.8355,0.6880,0.1235,-0.1475,43.19,-18.36,174.9,173.5,1.243,0.139,1.946
1791427034.0659459,0.6350,0.4302,0.7538,0.4998,0.5695,0.5695,0.7006,0.5695,0.7538,0.6350,0.6350,0.7538,0.7006,0.0164,0.0164,0.0574,0.0369,0.7140,0.8520,0.6850,0.1380,-0.1670,43.81,-18.52,174.7,174.3,1.200,0.138,1.798
1791427034.0993311,0.7006,0.7006,0.7006,0.5695,0.5695,0.6350,0.7006,0.9054,0.7006,0.7006,0.5695,0.7538,0.7538,0.0246,0.0410,0.0737,0.0737,0.7140,0.8440,0.6840,0.1300,-0.1600,43.53,-18.56,174.2,174.2,1.182,0.139,1.808
1791427034.1322885,0.8030,0.6350,0.7538,0.4302,0.4998,0.7006,0.4302,0.8030,0.4998,0.8030,0.4302,0.8030,0.7006,0.0205,0.0574,0.0737,0.0737,0.7170,0.8430,0.6870,0.1260,-0.1560,43.12,-18.54,174.5,174.3,1.169,0.139,1.816
1791427034.1721127,0.4302,0.7006,0.8030,0.7006,0.5695,0.7006,0.7006,0.7538,0.6350,0.7006,0.8440,0.8440,0.8030,0.0369,0.1557,0.1229,0.0942,0.7140,0.8480,0.6870,0.1340,-0.1610,43.29,-18.54,174.8,174.3,1.201,0.139,1.857
1791427034.2042425,0.6350,0.6350,0.8440,0.4302,0.4998,0.2991,0.6350,0.8440,0.6350,0.7006,0.4302,0.7538,0.7538,0.0246,0.0205,0.0410,0.0410,0.7130,,0.6830,,,43.29,-18.54,174.8,174.3,,,
1791427034.2359416,0.7006,0.8030,0.7538,0.4998,0.6350,0.8440,0.6350,0.7006,0.6350,0.6350,0.7006,0.7006,0.7006,0.0123,0.0410,0.0410,0.0574,0.7140,0.8455,0.6850,0.1315,-0.1605,43.59,-18.51,175.0,174.5,1.206,0.138,1.842
1791427034.2675111,0.4302,0.8030,0.8767,0.4998,0.6350,0.5695,0.5695,0.4302,0.7006,0.8030,0.7006,0.7538,0.6350,0.0205,0.0246,0.0942,0.0123,0.7140,0.8470,0.6840,0.1330,-0.1630,43.52,-18.44,175.4,174.7,1.241,0.139,1.887
1791427034.300138,0.7006,0.5695,0.7538,0.4998,0.6350,0.5695,0.7006,0.6350,0.7538,0.7538,0.3646,0.8030,0.7538,0.0246,0.0369,0.0737,0.0410,0.7140,0.8525,0.6880,0.1385,-0.1645,43.90,-18.50,175.3,174.7,1.212,0.138,1.851
1791427034.333204,0.5695,0.7538,0.8767,0.5695,0.4302,0.5695,0.6350,0.8030,0.6350,0.8030,0.3646,0.7006,0.7538,0.0246,0.0369,0.0574,0.0737,0.7120,0.8445,0.6830,0.1325,-0.1615,43.08,-18.37,175.3,173.7,1.254,0.142,1.941
1791427034.3663807,0.3646,0.5695,0.7538,0.5695,0.5695,0.5695,0.8030,0.7006,0.6350,0.7538,0.8030,0.8030,0.7538,0.0574,0.0737,0.0369,0.0410,0.7170,0.8455,0.6850,0.1285,-0.1605,43.05,-18.44,175.0,173.0,1.183,0.141,1.826
1791427034.4007375,0.5695,0.6350,0.9423,0.4998,0.4998,0.7006,0.4998,0.5695,0.6350,0.6350,0.2458,0.8030,0.6350,0.0246,0.0246,0.0410,0.0410,0.7120,0.8420,0.6880,0.1300,-0.1540,42.96,-18.52,175.0,173.1,1.127,0.141,1.743
1791427034.441036,0.4998,0.5695,0.8030,0.5695,0.5695,0.4302,0.7538,0.3646,0.7538,0.2991,0.1557,0.7006,0.7006,0.0410,0.0164,0.0369,0.0410,0.7170,0.8455,0.6860,0.1285,-0.1595,43.10,-18.46,174.9,173.0,1.212,0.140,
1791427034.4730117,0.4998,0.7006,0.8440,0.4998,0.5695,0.8030,0.7006,0.7538,0.8767,0.2458,0.6350,0.7538,0.7538,0.0369,0.0246,0.0942,0.0574,0.7160,0.8285,0.6920,0.1125,-0.1365,42.40,-18.24,169.4,172.3,1.097,0.139,1.896
1791427034.5044854,0.5695,0.8030,0.7538,0.5695,0.5695,0.7538,0.7006,0.6350,0.5695,0.8030,0.7006,0.8030,0.7538,0.0205,0.0205,0.0942,0.0737,0.7120,0.8390,0.6870,0.1270,-0.1520,41.53,-18.07,169.8,171.8,1.211,0.144,1.890
1791427034.5353625,0.2991,0.7538,0.8440,0.4302,0.2991,0.6350,0.8440,0.5695,0.6350,0.8030,0.5695,0.6350,0.6350,0.0123,0.0369,0.0410,0.0369,,0.8470,0.6830,,-0.1640,41.53,-18.07,171.4,172.3,1.212,0.144,
1791427034.5667498,0.7538,0.6350,0.4998,0.4302,0.5695,0.8030,0.4302,0.7538,0.7006,0.8030,0.7006,0.8440,0.8440,0.0164,0.0410,0.1229,0.0574,0.7170,0.8470,0.6870,0.1300,-0.1600,42.12,-18.27,172.2,172.6,1.158,0.141,1.788
1791427034.6009321,0.7006,0.6350,0.8030,0.4998,0.4302,0.6350,0.7538,0.8030,0.4998,0.7538,0.8030,0.8440,0.7538,0.0164,0.0246,0.0246,0.0737,0.7140,0.8475,0.6830,0.1335,-0.1645,42.64,-18.38,172.9,171.9,1.207,0.140,1.843
1791427034.6331925,0.7006,0.8030,0.8030,0.5695,0.4302,0.6350,0.6350,0.7538,0.5695,0.7006,0.4998,0.6350,0.7538,0.0164,0.0574,0.0737,0.0574,0.7140,0.8450,0.6850,0.1310,-0.1600,42.17,-18.23,173.4,172.0,1.257,0.143,1.943
1791427034.666582,0.4998,0.5695,0.8440,0.3646,0.6350,0.6350,0.7006,0.6350,0.5695,0.7006,0.4998,0.7006,0.7538,0.0246,0.0410,0.0737,0.0737,0.7140,0.8485,0.6880,0.1345,-0.1605,42.07,-17.89,173.5,172.3,1.338,0.144,2.034
1791427034.699937,0.7538,0.5695,0.8030,0.5695,0.3646,0.6350,0.7006,0.4302,0.5695,0.7538,0.4998,0.8030,0.7538,0.0205,0.0246,0.0737,0.1229,0.7120,0.8480,0.6890,0.1360,-0.1590,42.46,-18.01,173.5,172.7,1.191,0.144,1.840
1791427034.7329495,0.4998,0.8030,0.8767,0.5695,0.5695,0.7006,0.7006,0.8030,0.5695,0.7538,0.4302,0.7538,0.7006,0.0164,0.0369,0.1229,0.0410,0.7170,0.8470,0.6840,0.1300,-0.1630,42.48,-17.98,173.3,171.9,1.262,0.143,1.866
1791427034.7725008,0.5695,0.5695,0.8767,0.5695,0.5695,0.5695,0.7006,0.5695,0.7006,0.6350,0.6350,0.8030,0.7538,0.0246,0.0737,0.0737,0.0942,0.7170,0.8500,0.6890,0.1330,-0.1610,42.59,-17.88,173.7,172.2,1.279,0.143,1.945
1791427034.8051298,0.6350,0.4998,0.8440,0.5695,0.4302,0.5695,0.7006,0.5695,0.6350,0.8030,0.4998,0.7006,0.7006,0.0082,0.0574,0.0737,0.0574,0.7140,0.8390,0.6840,0.1250,-0.1550,42.15,-18.16,173.5,172.2,1.097,0.144,1.725
1791427034.835178,0.5695,0.8440,0.7006,0.6350,0.4998,0.7006,0.7538,0.7006,0.4998,0.3646,0.6350,0.7538,0.7006,0.0205,0.0164,0.0369,0.0574,0.7130,0.8315,0.6840,0.1185,-0.1475,42.30,-18.14,167.7,172.7,1.132,0.141,1.726
1791427034.86762,0.5695,0.7006,0.9054,0.3646,0.7006,0.5695,0.7538,0.6350,0.5695,0.6350,0.2458,0.7538,0.7006,0.0205,0.0246,0.0369,0.0369,0.7140,0.8365,0.6860,0.1225,-0.1505,41.38,-17.89,168.6,172.3,1.237,0.144,1.913
1791427034.9002285,0.5695,0.6350,0.7538,0.4302,0.4998,0.7006,0.7006,0.7538,0.4302,0.6350,0.5695,0.8767,0.7538,0.0574,0.0410,0.0737,0.0369,0.7170,0.8460,0.6850,0.1290,-0.1610,41.54,-18.08,169.8,172.3,1.178,0.144,1.807
1791427034.9334812,0.4998,0.7538,0.8767,0.5695,0.4998,0.4998,0.8030,0.4302,0.4302,0.7538,0.3646,0.7006,0.7006,0.0082,0.0410,0.0410,0.0737,0.7120,0.8450,0.6880,0.1330,-0.1570,41.61,-17.60,170.8,172.0,1.377,0.145,2.053
1791427034.9668887,0.7538,0.8440,0.5695,0.5695,0.4998,0.5695,0.7538,0.6350,0.4998,0.7006,0.2991,0.7006,0.7006,0.0082,0.0737,0.1229,0.0410,0.7140,0.8495,0.6880,0.1355,-0.1615,42.53,-17.98,171.8,172.3,1.132,0.142,1.760
1791427035.0007114,0.6350,0.4998,0.7006,0.5695,0.5695,0.8030,0.8030,0.7006,0.4998,0.8030,0.5695,0.7006,0.7538,0.0246,0.0410,0.1229,0.0574,0.7140,0.8445,0.6840,0.1305,-0.1605,42.85,-18.05,172.2,172.3,1.210,0.140,1.809
1791427035.0395937,0.6350,0.6350,0.7006,0.4998,0.4302,0.5695,0.8030,0.6350,0.2991,0.7006,0.2991,0.8030,0.7538,0.0082,0.0205,0.0942,0.0369,0.7140,0.8450,0.6890,0.1310,-0.1560,43.04,-18.06,172.4,172.1,1.195,0.139,1.832
1791427035.0712483,0.5695,0.6350,0.8030,0.5695,0.4302,0.6350,0.7538,0.4302,0.5695,0.4302,0.6350,0.7006,0.7006,0.0369,0.0369,0.0410,0.0410,0.7170,0.8395,0.6840,0.1225,-0.1555,42.87,-18.19,172.6,172.7,1.146,0.139,1.747
1791427035.1014998,0.7538,0.8030,0.7538,0.5695,0.5695,0.6350,0.8030,0.4998,0.5695,0.8030,0.4302,0.7538,0.7538,0.0205,0.0574,0.0737,0.0574,0.7140,0.8440,0.6900,0.1300,-0.1540,43.03,-18.23,172.6,173.0,1.157,0.138,1.805
1791427035.1338155,0.7538,0.6350,0.8440,0.7006,0.4998,0.7538,0.7006,0.5695,0.3646,0.6350,0.7538,0.7006,0.7538,0.0246,0.0410,0.0737,0.0410,0.7140,0.8470,0.6840,0.1330,-0.1630,43.03,-18.35,173.1,172.7,1.195,0.139,1.835
1791427035.1666262,0.8030,0.7538,0.7006,0.5695,0.4302,0.4302,0.8767,0.6350,0.6350,0.4302,0.3646,0.7538,0.7006,0.0123,0.0410,0.0410,0.0410,0.7140,0.8475,0.6870,0.1335,-0.1605,43.67,-18.52,173.8,172.4,1.152,0.137,1.789
1791427035.2008836,0.4998,0.4998,0.8440,0.4998,0.6350,0.7006,0.7538,0.7538,0.3646,0.8030,0.4302,0.7006,0.7006,0.0246,0.0369,0.0369,0.0574,0.7140,0.8465,0.6840,0.1325,-0.1625,43.41,-18.51,173.9,172.5,1.217,0.138,1.853
1791427035.2341034,0.5695,0.6350,0.8030,0.4998,0.5695,0.4998,0.2458,0.4998,0.4998,0.2458,0.6350,0.7538,0.6350,0.0164,0.0246,0.0737,0.0123,0.7140,,0.6840,,,43.41,-18.51,173.9,172.5,,,
1791427035.2665887,0.4998,0.8440,0.4998,0.4302,0.5695,0.6350,0.7538,0.5695,0.5695,0.6350,0.6350,0.7006,0.7006,0.0246,0.0082,0.0369,0.0410,0.7140,0.8465,0.6850,0.1325,-0.1615,43.02,-18.51,173.3,172.8,1.207,0.141,1.863
1791427035.307028,0.8030,0.6350,0.8440,0.4998,0.4998,0.4998,0.7006,0.6350,0.7006,0.7006,0.7006,0.8030,0.6350,0.0123,0.0246,0.1229,0.0123,0.7170,0.8430,0.6840,0.1260,-0.1590,42.67,-18.28,173.7,173.0,1.267,0.141,1.877
1791427035.339052,0.4998,0.4998,0.8440,0.5695,0.6350,0.4998,0.7006,0.2458,0.5695,0.7538,0.4998,0.7538,0.7538,0.0123,0.0574,0.0737,0.0737,0.7140,0.8460,0.6930,0.1320,-0.1530,42.74,-18.31,173.7,173.1,1.147,0.141,1.771
1791427035.371487,0.4302,0.5695,0.7538,0.5695,0.5695,0.6350,0.7006,0.5695,0.7006,0.8030,0.4302,0.7538,0.7006,0.0205,0.0164,0.0369,0.0123,0.7120,0.8510,0.6840,0.1390,-0.1670,43.77,-18.55,173.9,173.4,1.177,0.138,1.755
1791427035.4028685,0.4302,0.5695,0.7538,0.4998,0.6350,0.6350,0.7538,0.4302,0.8030,0.6350,0.7006,0.7538,0.6350,0.0082,0.0246,0.1229,0.0369,0.7140,0.8440,0.6880,0.1300,-0.1560,42.84,-18.22,174.0,172.7,1.279,0.142,1.974
1791427035.4349384,0.4998,0.7538,0.8440,0.4302,0.6350,0.6350,0.5695,0.7006,0.4302,0.8440,0.7006,0.7538,0.7006,0.0369,0.0369,0.0942,0.0369,0.7140,0.8445,0.6830,0.1305,-0.1615,42.22,-18.07,173.9,171.9,1.279,0.145,1.939
1791427035.4674993,0.7006,0.7006,0.8440,0.6350,0.5695,0.6350,0.7006,0.7006,0.7006,0.7006,0.3646,0.7538,0.6350,0.0369,0.0369,0.0410,0.0369,0.7120,0.8465,0.6840,0.1345,-0.1625,42.03,-18.06,174.0,172.2,1.249,0.147,1.924
1791427035.500684,0.3646,0.7538,0.8030,0.5695,0.5695,0.4302,0.5695,0.3646,0.2991,0.7006,0.4998,0.8030,0.7006,0.0205,0.0246,0.0574,0.0574,0.7140,0.8445,0.6850,0.1305,-0.1595,42.26,-18.12,174.3,171.9,1.201,0.145,1.848
1791427035.5340035,0.6350,0.7538,0.9259,0.4998,0.4998,0.5695,0.7006,0.3646,0.2991,0.8030,0.8030,0.6350,0.7538,0.0369,0.0574,0.0942,0.0410,0.7120,0.8485,0.6880,0.1365,-0.1605,43.01,-18.40,174.3,172.2,1.127,0.142,1.759
1791427035.5677533,0.4998,0.7538,0.7006,0.4998,0.4998,0.6350,0.5695,0.4998,0.8030,0.7006,0.4302,0.7538,0.6350,0.0164,0.0246,0.0369,0.0410,0.7140,0.8500,0.6840,0.1360,-0.1660,43.23,-18.22,174.2,172.6,1.313,0.142,1.964
1791427035.6090388,0.6350,0.7006,0.4998,0.6350,0.7538,0.5695,0.8030,0.5695,0.7006,0.6350,0.4302,0.8440,0.8030,0.0369,0.0574,0.0737,0.0574,0.7140,0.8440,0.6960,0.1300,-0.1480,43.22,-18.19,174.4,173.1,1.132,0.141,1.805
1791427035.640865,0.6350,0.7006,0.8440,0.5695,0.5695,0.8030,0.7006,0.6350,0.6350,0.7538,0.4302,0.7538,0.7006,0.0246,0.0369,0.0942,0.0410,0.7120,0.8490,0.6840,0.1370,-0.1650,43.52,-17.98,174.4,172.7,1.333,0.141,1.987
1791427035.6724741,0.5695,0.8440,0.5695,0.3646,0.4998,0.6350,0.7006,0.6350,0.6350,0.8030,0.4998,0.7538,0.7538,0.0123,0.0410,0.0205,0.0246,0.7160,0.8535,0.6880,0.1375,-0.1655,43.95,-18.16,174.7,172.4,1.211,0.139,1.802
1791427035.7036066,0.4998,0.6350,0.8030,0.5695,0.5695,0.7006,0.8440,0.6350,0.4302,0.8030,0.4302,0.6350,0.7006,0.0164,0.0246,0.0737,0.0164,0.7170,0.8440,0.6870,0.1270,-0.1570,43.64,-18.08,174.3,171.9,1.223,0.139,1.831
1791427035.734751,0.3646,0.7538,0.7006,0.4998,0.5695,0.6350,0.7538,0.4998,0.5695,0.5695,0.4302,0.7538,0.6350,0.0246,0.0164,0.0369,0.0574,0.7140,0.8475,0.6880,0.1335,-0.1595,44.35,-18.30,174.4,171.3,1.145,0.136,1.702
1791427035.7675388,0.4302,0.7006,0.8440,0.5695,0.5695,0.6350,0.7006,0.7006,0.7006,0.8440,0.7538,0.8030,0.6350,0.0369,0.0574,0.1557,0.0574,0.7160,0.8505,0.6840,0.1345,-0.1665,44.10,-18.32,174.9,172.1,1.252,0.138,1.908
1791427035.8010728,0.5695,0.7006,0.7538,0.4302,0.4302,0.6350,0.5695,0.8030,0.2458,0.7538,0.6350,0.8030,0.7006,0.0369,0.0246,0.1229,0.0737,0.7130,0.8515,0.6900,0.1385,-0.1615,44.40,-18.52,175.0,172.3,1.147,0.137,1.793
1791427035.8340783,0.4998,0.8030,0.7538,0.5695,0.5695,0.7538,0.7538,0.4302,0.6350,0.6350,0.6350,0.6350,0.7006,0.0123,0.0410,0.0369,0.0410,0.7160,0.8420,0.6890,0.1260,-0.1530,43.83,-18.39,175.0,172.8,1.187,0.138,1.822
1791427035.8684094,0.5695,0.7538,0.7006,0.5695,0.4302,0.4998,0.6350,0.6350,0.7538,0.7006,0.5695,0.7006,0.7006,0.0082,0.0369,0.0410,0.0942,0.7140,0.8425,0.6870,0.1285,-0.1555,43.07,-18.03,174.7,172.8,1.298,0.141,1.989
1791427035.9096205,0.3646,0.6350,0.8440,0.4998,0.6350,0.3646,0.7538,0.5695,0.6350,0.6350,0.1557,0.7006,0.7006,0.0205,0.0410,0.0246,0.0574,0.7140,0.8505,0.6870,0.1365,-0.1635,43.32,-17.96,175.2,173.4,1.281,0.141,1.920
1791427035.9409997,0.6350,0.6350,0.8440,0.6350,0.4302,0.6350,0.7006,0.6350,0.4998,0.8030,0.5695,0.7006,0.7006,0.0164,0.0205,0.0369,0.0410,0.7170,0.8490,0.6840,0.1320,-0.1650,43.49,-18.25,175.1,172.8,1.168,0.140,1.785
1791427035.9729629,0.4302,0.4302,0.8030,0.6350,0.4302,0.6350,0.7006,0.8030,0.4302,0.5695,0.1966,0.7538,0.7006,0.0205,0.0205,0.0737,0.0737,0.7130,0.8490,0.6840,0.1360,-0.1650,44.10,-18.65,175.0,173.1,1.111,0.138,1.665
1791427036.0038908,0.3646,0.6350,0.9054,0.4998,0.4302,0.3646,0.7006,0.4998,0.8440,0.2458,0.5695,0.7006,0.7006,0.0164,0.0369,0.0737,0.0410,0.7130,0.8475,0.6840,0.1345,-0.1635,43.60,-18.45,174.5,172.3,1.282,0.140,2.127
1791427036.035615,0.5695,0.6350,0.8030,0.4998,0.5695,0.5695,0.8440,0.4998,0.5695,0.7538,0.6350,0.7538,0.7538,0.0123,0.0410,0.0942,0.0574,0.7120,0.8475,0.6860,0.1355,-0.1615,43.77,-18.49,174.4,172.7,1.194,0.140,1.816
1791427036.0686326,0.7538,0.5695,0.7538,0.4998,0.4302,0.4302,0.6350,0.8440,0.7006,0.6350,0.4998,0.7538,0.7006,0.0123,0.0369,0.0737,0.0410,0.7120,0.8470,0.6860,0.1350,-0.1610,43.77,-18.50,174.2,172.2,1.200,0.140,1.839
1791427036.1013055,0.5695,0.4998,0.8440,0.4998,0.4302,0.7538,0.8030,0.6350,0.6350,0.7006,0.6350,0.7538,0.6350,0.0369,0.0410,0.0574,0.0737,0.7160,0.8465,0.6890,0.1305,-0.1575,43.21,-18.03,174.7,172.8,1.344,0.142,2.009
1791427036.1360338,0.5695,0.8030,0.8767,0.5695,0.4302,0.4998,0.8030,0.7006,0.6350,0.7006,0.4998,0.7538,0.7538,0.0205,0.0369,0.1229,0.0369,0.7120,0.8445,0.6830,0.1325,-0.1615,43.07,-18.22,174.5,172.8,1.173,0.143,1.817
1791427036.1678255,0.6350,0.6350,0.8440,0.4998,0.5695,0.7006,0.9054,0.7538,0.5695,0.2991,0.5695,0.7006,0.6350,0.0369,0.0410,0.0737,0.0369,0.7140,0.8465,0.6870,0.1325,-0.1595,43.30,-18.21,174.6,173.5,1.214,0.141,1.960
1791427036.2013898,0.5695,0.7006,0.7538,0.6350,0.4302,0.6350,0.7006,0.7538,0.2991,0.6350,0.4302,0.7006,0.7538,0.0205,0.0574,0.0369,0.0410,0.7120,0.8520,0.6930,0.1400,-0.1590,44.15,-18.38,175.3,172.9,1.148,0.139,1.791
1791427036.2425175,0.7006,0.5695,0.7006,0.4998,0.5695,0.5695,0.7538,0.5695,0.6350,0.7538,0.7538,0.6350,0.6350,0.0123,0.0369,0.0574,0.0246,0.7140,0.8455,0.6870,0.1315,-0.1585,43.95,-18.35,175.1,173.1,1.205,0.139,1.816
1791427036.273689,0.7006,0.7538,0.7538,0.6350,0.4302,0.5695,0.6350,0.5695,0.6350,0.7006,0.3646,0.7538,0.7538,0.0369,0.0574,0.0410,0.0574,0.7170,0.8405,0.6830,0.1235,-0.1575,43.32,-18.23,174.8,172.6,1.227,0.140,1.853
1791427036.3053527,0.4998,0.5695,0.7006,0.5695,0.7538,0.7006,0.7538,0.6350,0.4998,0.8440,0.6350,0.7538,0.7538,0.0246,0.0164,0.0369,0.0410,0.7130,0.8540,0.6860,0.1410,-0.1680,43.94,-18.44,174.7,172.1,1.200,0.139,1.802
1791427036.3369944,0.5695,0.7538,0.7006,0.5695,0.4302,0.5695,0.8030,0.6350,0.6350,0.7006,0.5695,0.8030,0.7006,0.0369,0.0205,0.1557,0.0410,0.7170,0.8465,0.6880,0.1295,-0.1585,44.04,-18.39,174.6,172.7,1.208,0.137,1.829
1791427036.3685365,0.7006,0.7006,0.8767,0.4998,0.6350,0.4998,0.7538,0.6350,0.6350,0.8030,0.6350,0.7538,0.7006,0.0205,0.0246,0.0574,0.0369,0.7140,0.8440,0.6880,0.1300,-0.1560,43.99,-18.42,174.7,172.9,1.162,0.137,1.772
1791427036.4017613,0.7538,0.7006,0.7006,0.4302,0.6350,0.7006,0.7538,0.4998,0.7006,0.7006,0.4998,0.7006,0.7538,0.0205,0.0246,0.0164,0.0246,0.7140,0.8460,0.6830,0.1320,-0.1630,43.66,-18.50,174.3,172.9,1.195,0.139,1.811
1791427036.43485,0.7538,0.9054,0.5695,0.5695,0.3646,0.7006,0.7538,0.4302,0.5695,0.6350,0.3646,0.7538,0.7006,0.0369,0.0410,0.0410,0.0410,0.7130,0.8460,0.6860,0.1330,-0.1600,43.57,-18.69,174.6,172.3,1.132,0.139,1.770
1791427036.469174,0.5695,0.4998,0.8030,0.5695,0.4998,0.4302,0.8030,0.2458,0.6350,0.7538,0.7538,0.7006,0.7006,0.0246,0.0246,0.0737,0.0369,0.7120,0.8545,0.6840,0.1425,-0.1705,44.40,-18.94,174.7,172.7,1.173,0.137,1.781
1791427036.5021386,0.6350,0.5695,0.7538,0.4998,0.5695,0.4302,0.5695,0.7538,0.7006,0.8030,0.3646,0.7538,0.7006,0.0205,0.0164,0.0574,0.0164,0.7140,0.8545,0.6860,0.1405,-0.1685,44.70,-19.07,174.6,173.1,1.184,0.137,1.819
1791427036.5360854,0.7006,0.7538,0.8767,0.4302,0.4302,0.5695,0.7006,0.7006,0.5695,0.7006,0.3646,0.6350,0.6350,0.0246,0.0246,0.0574,0.0410,0.7140,0.8475,0.6890,0.1335,-0.1585,44.58,-19.05,174.6,172.9,1.152,0.137,1.787
1791427036.5764997,0.4998,0.6350,0.8767,0.5695,0.5695,0.5695,0.7538,0.5695,0.7006,0.7538,0.6350,0.6350,0.7006,0.0246,0.0369,0.0737,0.0574,0.7140,0.8455,0.6840,0.1315,-0.1615,43.83,-18.71,173.9,172.9,1.284,0.140,1.941
1791427036.606784,0.4998,0.4998,0.8030,0.4302,0.4998,0.8440,0.6350,0.6350,0.5695,0.4302,0.8030,0.7538,0.7006,0.0369,0.0574,0.0942,0.0737,0.7120,0.8485,0.6880,0.1365,-0.1605,43.86,-18.63,173.9,173.2,1.213,0.140,1.868
1791427036.640056,0.6350,0.7006,0.8440,0.4998,0.4998,0.4302,0.7006,0.6350,0.2458,0.8440,0.4998,0.7538,0.7006,0.0369,0.0574,0.1229,0.0369,0.7180,0.8450,0.6890,0.1270,-0.1560,43.60,-18.39,174.0,172.9,1.241,0.140,1.824
1791427036.6701632,0.7006,0.5695,0.8030,0.4302,0.4998,0.7006,0.7538,0.7006,0.8440,0.2458,0.7006,0.7006,0.7006,0.0205,0.0410,0.0123,0.0164,0.7120,0.8460,0.6910,0.1340,-0.1550,43.84,-18.63,174.6,172.0,1.082,0.139,1.895
1791427036.7034588,0.6350,0.5695,0.8440,0.6350,0.6350,0.6350,0.7006,0.7006,0.5695,0.7538,0.2991,0.7538,0.7538,0.0246,0.0574,0.0410,0.0369,0.7170,0.8480,0.6870,0.1310,-0.1610,44.05,-18.86,174.7,172.2,1.116,0.137,1.746
1791427036.7355607,0.5695,0.8030,0.7538,0.5695,0.4302,0.7006,0.8030,0.8030,0.5695,0.7006,0.7006,0.7006,0.7006,0.0246,0.0410,0.0942,0.0574,0.7130,0.8465,0.6880,0.1335,-0.1585,43.43,-18.64,174.5,172.6,1.236,0.141,1.933
1791427036.7694073,0.7006,0.7006,0.8767,0.4998,0.4998,0.8030,0.8767,0.7538,0.3646,0.6350,0.7006,0.7006,0.7006,0.0369,0.0410,0.0942,0.0942,0.7160,0.8470,0.6850,0.1310,-0.1620,42.87,-18.60,174.2,173.1,1.213,0.143,1.883
1791427036.8027325,0.6350,0.5695,0.8440,0.5695,0.4998,0.7538,0.6350,0.3646,0.4998,0.6350,0.7538,0.7006,0.6350,0.0082,0.0246,0.0737,0.0410,0.7120,0.8500,0.6840,0.1380,-0.1660,43.57,-18.84,174.2,172.4,1.152,0.141,1.758
1791427036.8370495,0.6350,0.4998,0.8440,0.4998,0.6350,0.4998,0.8440,0.7006,0.8440,0.8440,0.7006,0.7538,0.7006,0.0410,0.0246,0.0410,0.0574,0.7130,0.8545,0.6870,0.1415,-0.1675,44.45,-19.09,174.6,172.0,1.142,0.138,1.725
1791427036.8787484,0.7538,0.6350,0.5695,0.5695,0.5695,0.4998,0.8030,0.4998,0.5695,0.7538,0.7006,0.7538,0.6350,0.0246,0.0369,0.1557,0.0369,0.7120,0.8460,0.6870,0.1340,-0.1590,43.86,-18.62,174.5,171.8,1.309,0.140,2.043
1791427036.9087489,0.4998,0.6350,0.8767,0.4302,0.4998,0.3646,0.7538,0.7006,0.4998,0.7006,0.5695,0.7538,0.4998,0.0123,0.0410,0.0246,0.0369,0.7160,0.8530,,0.1370,,43.80,-18.81,174.6,171.5,1.168,0.141,1.791
1791427036.94112,0.4302,0.6350,0.5695,0.4998,0.4998,0.7006,0.7006,0.5695,0.4998,0.7006,0.5695,0.7538,0.7006,0.0369,0.0205,0.0410,0.0410,0.7120,0.8445,0.6840,0.1325,-0.1605,43.79,-18.84,174.5,171.9,1.169,0.141,1.816
1791427036.972293,0.7538,0.7006,0.8030,0.3646,0.4302,0.4998,0.7538,0.5695,0.6350,0.8767,0.4302,0.8030,0.7538,0.0082,0.0574,0.0574,0.0410,0.7120,0.8475,0.6870,0.1355,-0.1605,43.97,-18.67,174.5,171.8,1.235,0.140,1.876
1791427037.0041046,0.5695,0.6350,0.6350,0.3646,0.3646,0.7006,0.7006,0.6350,0.6350,0.5695,0.2458,0.7538,0.7006,0.0205,0.0205,0.0369,0.0574,0.7120,0.8490,0.6840,0.1370,-0.1650,44.14,-18.82,174.6,172.0,1.168,0.140,1.797
1791427037.0368505,0.7006,0.6350,0.8030,0.4998,0.7006,0.4998,0.7006,0.5695,0.4302,0.8440,0.5695,0.7538,0.7006,0.0205,0.0205,0.0574,0.0574,0.7130,0.8450,0.6860,0.1320,-0.1590,43.79,-18.83,174.5,171.8,1.163,0.141,1.821
1791427037.0730689,0.7006,0.7006,0.7538,0.4302,0.4998,0.5695,0.7538,0.7538,0.8440,0.3646,0.1966,0.7538,0.7006,0.0205,0.0246,0.0737,0.0369,0.7120,0.8485,0.6850,0.1365,-0.1635,43.92,-18.76,174.5,171.6,1.223,0.140,1.865
1791427037.1025386,0.4998,0.4302,0.7538,0.4998,0.4302,0.7006,0.7538,0.5695,0.6350,0.7006,0.3646,0.7538,0.7538,0.0246,0.0410,0.1229,0.0574,0.7160,0.8470,0.6900,0.1310,-0.1570,43.76,-18.77,174.4,170.6,1.153,0.140,1.801
1791427037.1362023,0.6350,0.5695,0.8440,0.4998,0.4998,0.4998,0.7538,0.7538,0.5695,0.8030,0.4302,0.8030,0.7538,0.0246,0.0410,0.1229,0.1229,0.7140,0.8465,0.6890,0.1325,-0.1575,44.38,-18.75,174.3,171.1,1.166,0.137,1.773
1791427037.1695309,0.7006,0.5695,0.8440,0.5695,0.2991,0.6350,0.7006,0.6350,0.4998,0.6350,0.7006,0.8030,0.7538,0.0737,0.0246,0.0369,0.0574,0.7170,0.8465,0.6840,0.1295,-0.1625,44.34,-18.94,174.2,171.6,1.132,0.136,1.712
1791427037.209312,0.5695,0.4302,0.8440,0.4998,0.4998,0.4998,0.7538,0.7538,0.6350,0.7006,0.4998,0.7006,0.7538,0.0246,0.0205,0.0942,0.0410,0.7140,0.8440,0.6860,0.1300,-0.1580,43.96,-18.69,174.1,170.7,1.236,0.137,1.906
1791427037.2419972,0.8440,0.5695,0.8030,0.5695,0.5695,0.7006,0.6350,0.7006,0.7006,0.6350,0.2991,0.8030,0.7006,0.0246,0.0369,0.0410,0.0574,0.7130,0.8480,0.6840,0.1350,-0.1640,43.86,-18.74,174.0,171.1,1.194,0.138,1.790
1791427037.2731736,0.7538,0.6350,0.7538,0.4998,0.4998,0.8767,0.8440,0.4998,0.3646,0.7538,0.4998,0.6350,0.7006,0.0164,0.0246,0.0942,0.0410,0.7170,0.8465,0.6840,0.1295,-0.1625,43.35,-18.51,174.3,171.4,1.279,0.140,1.965
1791427037.3038495,0.4998,0.7006,0.8440,0.4998,0.5695,0.7006,0.7006,0.5695,0.5695,0.8030,0.7006,0.7538,0.7538,0.0410,0.0574,0.1229,0.0942,0.7170,0.8495,0.6870,0.1325,-0.1625,43.81,-18.73,174.2,172.1,1.136,0.138,1.717
1791427037.344416,0.5695,0.6350,0.8440,0.3646,0.4998,0.7538,0.8030,0.6350,0.5695,0.7538,0.7538,0.8030,0.7538,0.0369,0.0369,0.1966,0.0737,0.7170,0.8470,0.6830,0.1300,-0.1640,43.38,-18.62,173.3,171.4,1.246,0.139,1.840
1791427037.3761718,0.4998,0.6350,0.7538,0.7006,0.4302,0.7006,0.4302,0.9054,0.7006,0.7006,0.5695,0.8030,0.7006,0.0123,0.0369,0.0246,0.0410,0.7120,0.8445,0.6930,0.1325,-0.1515,43.44,-18.51,173.4,171.8,1.164,0.139,1.828
1791427037.4069114,0.7006,0.7538,0.8030,0.4302,0.5695,0.7006,0.5695,0.7006,0.6350,0.8030,0.1557,0.5695,0.5695,0.0246,0.0410,0.0369,0.0205,0.7130,0.8440,0.6890,0.1310,-0.1550,42.99,-18.40,173.9,171.4,1.195,0.141,1.869
1791427037.4395254,0.7538,0.6350,0.8440,0.6350,0.4998,0.7006,0.8030,0.5695,0.6350,0.6350,0.4998,0.7538,0.7006,0.0246,0.0737,0.0737,0.0942,0.7130,0.8435,0.6850,0.1305,-0.1585,43.15,-18.47,173.7,172.3,1.167,0.140,1.797
1791427037.47153,0.3646,0.4302,0.7006,0.6350,0.5695,0.5695,0.6350,0.7538,0.6350,0.7538,0.4998,0.7538,0.8030,0.0574,0.0574,0.0246,0.0369,0.7120,0.8515,0.6900,0.1395,-0.1615,43.94,-18.69,173.6,171.9,1.132,0.138,1.727
1791427037.5038903,0.4998,0.8030,0.7006,0.5695,0.6350,0.5695,0.7006,0.5695,0.4998,0.7006,0.2991,0.7006,0.6350,0.0246,0.0246,0.0123,0.0246,0.7160,0.8485,0.6840,0.1325,-0.1645,44.04,-18.90,173.5,172.6,1.146,0.138,1.729
1791427037.5366588,0.6350,0.7538,0.8030,0.4998,0.7006,0.2458,0.7538,0.4998,0.4998,0.7538,0.4998,0.7006,0.6350,0.0205,0.0410,0.0369,0.0574,0.7120,,0.6840,,,44.04,-18.90,173.5,172.6,,,
1791427037.5700264,0.5695,0.4998,0.6350,0.5695,0.4998,0.4302,0.6350,0.4302,0.4998,0.7538,0.6350,0.7538,0.7006,0.0246,0.0246,0.0410,0.0574,0.7140,0.8415,0.6840,0.1275,-0.1575,43.04,-18.52,173.3,172.2,1.279,0.141,1.945
1791427037.6030145,0.4998,0.7006,0.8440,0.4302,0.4302,0.7006,0.8440,0.7006,0.5695,0.7538,0.7006,0.7006,0.6350,0.0246,0.0369,0.0123,0.0369,0.7140,0.8400,0.6870,0.1260,-0.1530,42.37,-18.25,173.2,171.4,1.238,0.143,1.935
1791427037.636096,0.6350,0.6350,0.8030,0.4998,0.5695,0.2458,0.8030,0.7538,0.4998,0.8030,0.7006,0.8030,0.7006,0.0205,0.0246,0.0410,0.0737,0.7170,,0.6840,,,42.37,-18.25,173.2,171.4,,,
1791427037.6753817,0.6350,0.6350,0.4998,0.4998,0.4302,0.4998,0.7538,0.7538,0.4998,0.6350,0.3646,0.7538,0.7538,0.0246,0.0410,0.0942,0.0942,0.7140,0.8490,0.6830,0.1350,-0.1660,43.29,-18.61,173.7,171.8,1.132,0.140,1.718
1791427037.707997,0.4998,0.8030,0.6350,0.5695,0.5695,0.5695,0.7538,0.6350,0.6350,0.6350,0.3646,0.8030,0.7006,0.0205,0.0205,0.0574,0.0574,0.7140,0.8435,0.6840,0.1295,-0.1595,42.90,-18.34,173.6,171.2,1.279,0.141,1.924
1791427037.738337,0.8440,0.8440,0.8767,0.6350,0.5695,0.6350,0.4302,0.3646,0.2991,0.8440,0.7006,0.7006,0.7538,0.0082,0.0205,0.1229,0.0410,0.7120,0.8480,0.6840,0.1360,-0.1640,43.14,-18.47,173.7,170.9,1.190,0.141,1.818
1791427037.770539,0.4998,0.6350,0.6350,0.6350,0.7006,0.5695,0.9054,0.8030,0.5695,0.6350,0.5695,0.8030,0.7538,0.0082,0.0410,0.0737,0.0410,0.7140,0.8450,0.6890,0.1310,-0.1560,43.50,-18.68,174.0,170.8,1.095,0.139,1.728
1791427037.8032823,0.5695,0.4302,0.5695,0.5695,0.5695,0.7006,0.7006,0.4998,0.8440,0.7538,0.5695,0.8440,0.7538,0.0205,0.0737,0.0574,0.0574,0.7120,0.8485,0.6840,0.1365,-0.1645,44.10,-18.89,174.6,170.8,1.147,0.137,1.758
1791427037.836975,0.6350,0.6350,0.8030,0.4302,0.5695,0.7006,0.8440,0.7006,0.8440,0.6350,0.2458,0.8030,0.7006,0.0410,0.0410,0.0369,0.0410,0.7140,0.8435,0.6910,0.1295,-0.1525,44.20,-18.91,174.4,169.9,1.105,0.136,1.716
1791427037.8705943,0.5695,0.7006,0.8440,0.5695,0.6350,0.7006,0.8030,0.4302,0.5695,0.7538,0.3646,0.7538,0.7006,0.0205,0.0369,0.0942,0.0410,0.7160,0.8465,0.6910,0.1305,-0.1555,44.03,-18.78,174.8,170.8,1.178,0.136,1.817
1791427037.904742,0.4998,0.6350,0.5695,0.3646,0.6350,0.6350,0.7538,0.7538,0.5695,0.6350,0.5695,0.7538,0.7538,0.0205,0.0410,0.0574,0.0410,0.7140,0.8500,0.6830,0.1360,-0.1670,44.29,-18.75,175.1,170.6,1.238,0.136,1.842
1791427037.9459352,0.8030,0.4998,0.8030,0.5695,0.6350,0.6350,0.6350,0.6350,0.7538,0.6350,0.2458,0.8030,0.7538,0.0164,0.0410,0.0942,0.0410,0.7170,0.8470,0.6840,0.1300,-0.1630,44.06,-18.67,175.1,171.0,1.228,0.137,1.851
1791427037.9773977,0.6350,0.5695,0.7538,0.5695,0.4302,0.3646,0.4302,0.4302,0.4302,0.3646,0.4998,0.7538,0.6350,0.0205,0.0369,0.0369,0.0246,0.7170,0.8465,0.6830,0.1295,-0.1635,43.45,-18.27,174.8,171.4,1.349,0.139,2.025
1791427038.0091822,0.4998,0.6350,0.8440,0.5695,0.7006,0.5695,0.6350,0.8030,0.5695,0.7538,0.2991,0.7538,0.7538,0.0246,0.0369,0.0574,0.0369,0.7170,0.8390,0.6840,0.1220,-0.1550,42.86,-18.21,174.5,170.9,1.194,0.140,1.838
1791427038.0413394,0.6350,0.8440,0.6350,0.4998,0.6350,0.4302,0.8767,0.8440,0.7006,0.6350,0.6350,0.7006,0.7006,0.0246,0.0737,0.0942,0.0737,0.7140,0.8470,0.6850,0.1330,-0.1620,43.46,-18.54,174.8,171.2,1.116,0.138,1.728
1791427038.0723374,0.6350,0.8440,0.5695,0.4998,0.5695,0.4998,0.7538,0.8030,0.6350,0.7006,0.2458,0.7538,0.7538,0.0164,0.0369,0.0205,0.0574,0.7140,0.8500,0.6920,0.1360,-0.1580,43.85,-18.58,174.8,171.7,1.163,0.137,1.834
1791427038.10494,0.5695,0.5695,0.7006,0.5695,0.5695,0.7006,0.6350,0.6350,0.7006,0.7538,0.7538,0.7538,0.7538,0.0246,0.0205,0.0369,0.0737,0.7170,0.8525,0.6840,0.1355,-0.1685,44.36,-18.50,174.9,172.4,1.282,0.135,1.880
1791427038.137656,0.5695,0.6350,0.5695,0.5695,0.2991,0.6350,0.8030,0.8030,0.8440,0.7538,0.6350,0.7006,0.7538,0.0369,0.0574,0.0737,0.0737,0.7140,0.8530,0.6900,0.1390,-0.1630,45.09,-18.81,175.2,172.8,1.112,0.133,1.705
1791427038.1703146,0.4302,0.7538,0.7006,0.4998,0.5695,0.6350,0.7006,0.5695,0.3646,0.6350,0.2991,0.8030,0.6350,0.0164,0.0123,0.0205,0.0737,0.7120,0.8485,0.6830,0.1365,-0.1655,45.34,-18.74,175.7,172.0,1.238,0.133,1.863
1791427038.203896,0.5695,0.6350,0.8030,0.3646,0.3646,0.4302,0.8030,0.6350,0.7006,0.7538,0.8440,0.6350,0.7006,0.0246,0.0410,0.0410,0.0410,0.7140,0.8415,0.6840,0.1275,-0.1575,45.04,-18.89,176.0,172.4,1.111,0.133,1.701
1791427038.2379634,0.6350,0.7006,0.7006,0.4998,0.4998,0.5695,0.7538,0.7006,0.7006,0.7006,0.5695,0.7538,0.6350,0.0369,0.0574,0.1557,0.0737,0.7140,0.8445,0.6860,0.1305,-0.1585,44.30,-18.53,175.6,172.1,1.279,0.136,1.984
1791427038.279126,0.4302,0.6350,0.8030,0.4998,0.6350,0.1557,0.6350,0.7006,0.5695,0.7006,0.6350,0.7006,0.7538,0.0246,0.0410,0.1229,0.0737,0.7140,,0.6880,,,44.30,-18.53,175.6,172.1,,,
1791427038.310005,0.8030,0.8030,0.9259,0.4998,0.5695,0.6350,0.7006,0.7006,0.4998,0.7538,0.8030,0.7538,0.7006,0.0369,0.0574,0.0942,0.0369,0.7130,0.8455,0.6830,0.1325,-0.1625,43.80,-18.47,175.5,172.6,1.234,0.138,1.890
1791427038.342005,0.4302,0.6350,0.8030,0.5695,0.3646,0.7006,0.7538,0.7006,0.5695,0.5695,0.6350,0.7538,0.7538,0.0369,0.0410,0.0574,0.0410,0.7140,0.8490,0.6850,0.1350,-0.1640,44.22,-18.42,175.3,172.8,1.245,0.137,1.892
1791427038.3725417,0.7006,0.6350,0.4998,0.4998,0.4998,0.7006,0.8030,0.7538,0.7006,0.7006,0.3646,0.8030,0.7538,0.0082,0.0369,0.0942,0.0410,0.7120,0.8395,0.6840,0.1275,-0.1555,43.22,-17.89,174.8,172.9,1.359,0.140,2.058
1791427038.4050817,0.4998,0.9054,0.8030,0.5695,0.4998,0.7006,0.3646,0.6350,0.7006,0.2991,0.6350,0.8030,0.7006,0.0123,0.0369,0.0574,0.0574,0.7140,0.8420,0.6860,0.1280,-0.1560,42.92,-17.77,174.7,171.9,1.251,0.141,2.077
1791427038.4376917,0.6350,0.7538,0.7006,0.4998,0.4998,0.6350,0.7538,0.4998,0.5695,0.7006,0.8030,0.7538,0.7538,0.0082,0.0205,0.0942,0.0369,0.7140,0.8400,0.6870,0.1260,-0.1530,42.15,-17.51,174.4,172.8,1.293,0.144,1.973
1791427038.4706998,0.4302,0.5695,0.7538,0.5695,0.5695,0.6350,0.8030,0.7538,0.2991,0.7538,0.7006,0.8440,0.7538,0.0737,0.1229,0.1229,0.1229,0.7140,0.8490,0.6870,0.1350,-0.1620,43.10,-17.85,174.4,173.4,1.156,0.140,1.763
1791427038.50447,0.7006,0.4998,0.8440,0.6350,0.4998,0.7538,0.6350,0.3646,0.4302,0.7006,0.4302,0.8030,0.6350,0.0410,0.0164,0.0410,0.0410,0.7120,0.8390,0.6860,0.1270,-0.1530,42.86,-18.07,174.1,173.4,1.107,0.140,1.744
1791427038.5371215,0.4302,0.8440,0.8440,0.4998,0.4998,0.2458,0.7006,0.8030,0.5695,0.7006,0.4998,0.7006,0.6350,0.0246,0.0410,0.0369,0.0942,0.7140,,0.6850,,,42.86,-18.07,174.1,173.4,,,
1791427038.577048,0.7006,0.7006,0.8030,0.4302,0.6350,0.5695,0.5695,0.8030,0.7538,0.2991,0.2991,0.7538,0.7006,0.0246,0.0410,0.0942,0.0574,0.7120,0.8505,0.6880,0.1385,-0.1625,44.02,-18.42,174.2,172.8,1.122,0.136,
1791427038.609279,0.6350,0.4998,0.7538,0.3646,0.7006,0.5695,0.7006,0.7538,0.7538,0.6350,0.4998,0.7006,0.7538,0.0369,0.0737,0.0574,0.0942,0.7160,0.8505,0.6840,0.1345,-0.1665,44.25,-18.64,174.7,173.0,1.173,0.136,1.771
1791427038.64085,0.6350,0.8030,0.7538,0.5695,0.5695,0.6350,0.8030,0.5695,0.4302,0.7538,0.4302,0.7006,0.7538,0.0369,0.0574,0.0410,0.0369,0.7140,0.8505,0.6850,0.1365,-0.1655,44.57,-18.65,174.9,172.5,1.223,0.135,1.832
1791427038.6724374,0.6350,0.7538,0.8030,0.4302,0.4998,0.4998,0.7006,0.7006,0.8030,0.6350,0.6350,0.7538,0.7538,0.0164,0.0246,0.0410,0.0574,0.7120,0.8460,0.6860,0.1340,-0.1600,44.56,-18.61,174.8,171.8,1.199,0.135,1.845
1791427038.7049336,0.6350,0.8767,0.6350,0.4998,0.5695,0.6350,0.6350,0.4998,0.7006,0.2991,0.2458,0.6350,0.7006,0.0246,0.0410,0.0737,0.0410,0.7140,0.8495,0.6830,0.1355,-0.1665,44.81,-18.78,174.6,172.5,1.177,0.135,
1791427038.7385123,0.6350,0.7006,0.6350,0.5695,0.4302,0.6350,0.6350,0.5695,0.4998,0.7538,0.7006,0.7538,0.7006,0.0246,0.0737,0.0574,0.0574,0.7140,0.8450,0.6840,0.1310,-0.1610,44.26,-18.53,174.3,171.6,1.272,0.137,1.941
1791427038.77191,0.7006,0.7538,0.8030,0.5695,0.2991,0.6350,0.8440,0.7006,0.5695,0.7538,0.4998,0.7538,0.7006,0.0246,0.0246,0.0574,0.0574,0.7120,0.8425,0.6890,0.1305,-0.1535,43.98,-18.36,173.9,171.4,1.204,0.138,1.827
1791427038.8057394,0.4998,0.4998,0.8440,0.5695,0.4302,0.7006,0.6350,0.4302,0.5695,0.5695,0.6350,0.7006,0.7006,0.0369,0.0246,0.0246,0.0942,0.7120,0.8475,0.6850,0.1355,-0.1625,44.03,-18.34,174.1,171.5,1.229,0.138,1.892
1791427038.8462918,0.3646,0.5695,0.7538,0.5695,0.5695,0.5695,0.8440,0.6350,0.2458,0.7006,0.3646,0.7006,0.6350,0.0205,0.0246,0.0574,0.0574,0.7140,0.8460,0.6840,0.1320,-0.1620,44.06,-18.47,174.0,171.4,1.177,0.137,1.787
1791427038.8777986,0.7538,0.8440,0.8030,0.4302,0.4998,0.7006,0.7006,0.6350,0.5695,0.8767,0.4302,0.7538,0.7006,0.0205,0.0369,0.0737,0.0737,0.7160,0.8470,0.6840,0.1310,-0.1630,43.82,-18.38,174.0,171.3,1.250,0.138,1.878
1791427038.90992,0.7538,0.4302,0.5695,0.5695,0.4998,0.5695,0.7006,0.4998,0.7006,0.3646,0.7006,0.7006,0.7006,0.0246,0.0246,0.0369,0.0410,0.7120,0.8460,0.6850,0.1340,-0.1610,43.53,-18.29,174.0,171.6,1.243,0.140,1.921
1791427038.9431703,0.7006,0.5695,0.7006,0.4998,0.6350,0.6350,0.5695,0.6350,0.7538,0.8030,0.8030,0.8030,0.7538,0.0410,0.0205,0.0942,0.1229,0.7170,0.8485,0.6870,0.1315,-0.1615,43.85,-18.69,174.1,172.0,1.083,0.138,1.693
1791427038.9728901,0.2991,0.5695,0.7538,0.4998,0.4302,0.8030,0.5695,0.6350,0.7006,0.7538,0.7006,0.7006,0.7538,0.0164,0.0410,0.0737,0.0410,,0.8480,0.6840,,-0.1640,43.85,-18.69,174.4,171.1,1.205,0.138,
1791427039.0052016,0.7006,0.4302,0.7538,0.4302,0.4998,0.7538,0.8030,0.4998,0.7006,0.7538,0.6350,0.7538,0.7006,0.0123,0.0574,0.0737,0.1229,0.7170,0.8465,0.6870,0.1295,-0.1595,43.84,-18.95,174.8,170.6,1.092,0.137,1.712
1791427039.0384858,0.7538,0.5695,0.7538,0.4998,0.7006,0.5695,0.8030,0.6350,0.7006,0.7006,0.7538,0.7538,0.7006,0.0410,0.0410,0.0574,0.0737,0.7120,0.8465,0.6850,0.1345,-0.1615,43.97,-18.80,174.5,171.4,1.224,0.137,1.856
1791427039.0713348,0.7006,0.4998,0.7538,0.4998,0.4998,0.5695,0.6350,0.6350,0.7006,0.8030,0.4302,0.7538,0.7006,0.0164,0.0574,0.0737,0.0574,0.7140,0.8480,0.6960,0.1340,-0.1520,44.53,-18.70,174.2,171.4,1.151,0.135,1.786
1791427039.1062686,0.6350,0.7006,0.7006,0.4302,0.3646,0.4302,0.8030,0.4998,0.5695,0.6350,0.4998,0.7538,0.7538,0.0205,0.0369,0.0737,0.0369,0.7160,0.8465,0.6850,0.1305,-0.1615,44.09,-18.63,174.6,171.6,1.217,0.137,1.843
1791427039.148189,0.7006,0.8440,0.7006,0.4302,0.4998,0.6350,0.6350,0.4302,0.5695,0.7538,0.5695,0.7538,0.7538,0.0123,0.0574,0.0942,0.0737,0.7140,0.8505,0.6900,0.1365,-0.1605,43.54,-18.14,174.5,172.1,1.361,0.140,2.087
1791427039.1789637,0.4998,0.7006,0.8030,0.4998,0.4998,0.7006,0.7006,0.7006,0.7006,0.8440,0.6350,0.7538,0.7006,0.0246,0.0574,0.0246,0.0574,0.7150,0.8445,0.6850,0.1295,-0.1595,43.88,-18.19,174.7,171.7,1.200,0.138,1.812
1791427039.2101283,0.7006,0.5695,0.7006,0.4998,0.4998,0.5695,0.5695,0.4998,0.4998,0.7006,0.7006,0.8030,0.7006,0.0205,0.0246,0.0737,0.0737,0.7170,0.8490,0.6890,0.1320,-0.1600,43.22,-17.86,174.6,171.1,1.338,0.141,2.026
1791427039.2435327,0.6350,0.7006,0.5695,0.2458,0.4998,0.6350,0.7006,0.7006,0.5695,0.7538,0.1557,0.7538,0.7006,0.0410,0.0410,0.0737,0.1229,0.7170,0.8525,0.6910,0.1355,-0.1615,43.89,-18.03,175.0,171.0,1.189,0.138,1.808
1791427039.2755384,0.5695,0.6350,0.4998,0.5695,0.4302,0.7006,0.7006,0.6350,0.4998,0.8030,0.7538,0.7538,0.7006,0.0205,0.0737,0.0737,0.0574,0.7120,0.8515,0.6940,0.1395,-0.1575,44.69,-18.07,174.8,170.9,1.194,0.136,1.813
1791427039.3056421,0.4302,0.8440,0.5695,0.4302,0.7006,0.4998,0.7006,0.4302,0.6350,0.7538,0.1557,0.7538,0.7006,0.0082,0.0574,0.0410,0.0369,0.7140,0.8525,0.6870,0.1385,-0.1655,45.21,-18.31,174.4,171.3,1.183,0.134,1.775
1791427039.3393505,0.5695,0.4998,0.7006,0.4998,0.4998,0.7006,0.7538,0.7006,0.4998,0.7538,0.8440,0.7538,0.7006,0.0369,0.0410,0.1557,0.0246,0.7170,0.8500,0.6850,0.1330,-0.1650,45.20,-18.44,174.2,172.1,1.201,0.134,1.799
1791427039.3721762,0.7006,0.4998,0.8440,0.4302,0.7006,0.6350,0.3646,0.3646,0.3646,0.7538,0.5695,0.7006,0.7006,0.0246,0.0410,0.1557,0.0369,0.7170,0.8465,0.6850,0.1295,-0.1615,44.65,-18.40,175.0,171.5,1.225,0.135,1.887
1791427039.4065092,0.7538,0.7006,0.8440,0.4998,0.6350,0.6350,0.4998,0.7006,0.7538,0.7538,0.5695,0.8030,0.7538,0.0369,0.0246,0.0942,0.0410,0.7140,0.8465,0.6850,0.1325,-0.1615,44.77,-18.58,174.8,171.5,1.151,0.135,1.719
1791427039.4391546,0.4998,0.7006,0.7538,0.6350,0.6350,0.6350,0.6350,0.5695,0.4302,0.7006,0.7006,0.7538,0.7006,0.0164,0.0369,0.0574,0.0410,0.7140,0.8475,0.6910,0.1335,-0.1565,44.50,-18.39,174.8,170.9,1.228,0.136,1.850
1791427039.481335,0.4998,0.6350,0.8440,0.5695,0.4998,0.7538,0.8440,0.4998,0.6350,0.7538,0.2458,0.8030,0.7006,0.0246,0.0410,0.0574,0.0369,0.7140,0.8535,0.6840,0.1395,-0.1695,44.79,-18.44,174.9,171.7,1.257,0.136,1.897
1791427039.5114908,0.4302,0.8030,0.8030,0.6350,0.3646,0.8030,0.7538,0.5695,0.6350,0.7006,0.5695,0.7006,0.6350,0.0246,0.0123,0.0574,0.0123,0.7140,0.8455,0.6840,0.1315,-0.1615,44.18,-18.27,174.9,172.7,1.274,0.138,1.928
1791427039.5431972,0.8030,0.6350,0.5695,0.5695,0.4302,0.4998,0.7006,0.7006,0.6350,0.8030,0.5695,0.6350,0.7538,0.0123,0.0369,0.0246,0.0942,0.7140,0.8420,0.6840,0.1280,-0.1580,43.85,-18.38,174.5,173.2,1.156,0.138,1.754
1791427039.5757294,0.5695,0.8440,0.8440,0.4998,0.3646,0.7006,0.8030,0.5695,0.7538,0.7006,0.6350,0.7538,0.7538,0.0246,0.0410,0.0942,0.0410,0.7140,0.8435,0.6840,0.1295,-0.1595,42.88,-18.16,174.9,173.5,1.279,0.142,1.980
1791427039.6070101,0.7006,0.7006,0.8767,0.4998,0.5695,0.7006,0.5695,0.7006,0.6350,0.8030,0.4302,0.7538,0.7538,0.0205,0.0737,0.0737,0.0410,0.7120,0.8485,0.6840,0.1365,-0.1645,43.23,-18.33,174.8,173.2,1.195,0.142,1.814
1791427039.6394243,0.4998,0.6350,0.8440,0.4302,0.4998,0.8030,0.7006,0.6350,0.7006,0.7538,0.3646,0.7538,0.7006,0.0369,0.0410,0.0205,0.0123,0.7130,0.8490,0.6840,0.1360,-0.1650,42.86,-18.17,174.7,173.2,1.302,0.144,2.002
1791427039.672014,0.3646,0.7006,0.8030,0.4998,0.5695,0.4998,0.7538,0.4998,0.4302,0.8030,0.5695,0.7006,0.7538,0.0082,0.0205,0.0737,0.0574,0.7140,0.8510,0.6860,0.1370,-0.1650,43.30,-18.28,174.6,172.6,1.216,0.143,1.860
1791427039.7068074,0.6350,0.8030,0.8030,0.5695,0.4998,0.5695,0.7538,0.6350,0.3646,0.7006,0.6350,0.7006,0.6350,0.0369,0.0369,0.0942,0.0246,0.7160,0.8390,0.6840,0.1230,-0.1550,41.70,-18.04,174.6,172.2,1.259,0.148,1.995
1791427039.739601,0.7006,0.7006,0.4302,0.6350,0.3646,0.6350,0.5695,0.2991,0.7006,0.4998,0.6350,0.7538,0.6350,0.0164,0.0410,0.0942,0.0737,0.7150,0.8400,0.6880,0.1250,-0.1520,41.78,-18.11,174.5,172.5,1.142,0.146,1.834
1791427039.7813437,0.4302,0.4998,0.6350,0.7006,0.4302,0.6350,0.7006,0.7006,0.6350,0.5695,0.1966,0.7538,0.7538,0.0205,0.0574,0.0737,0.0737,0.7160,0.8495,0.6840,0.1335,-0.1655,42.33,-18.40,175.0,172.7,1.162,0.144,1.760
1791427039.8119352,0.4302,0.6350,0.8030,0.2991,0.5695,0.4998,0.7538,0.7006,0.3646,0.7538,0.2991,0.7538,0.7006,0.0369,0.0574,0.0410,0.0369,0.7140,0.8445,0.6880,0.1305,-0.1565,41.94,-18.21,175.1,173.0,1.243,0.146,1.933
1791427039.8454833,0.6350,0.5695,0.4998,0.5695,0.3646,0.5695,0.7538,0.7006,0.6350,0.7006,0.5695,0.7538,0.7006,0.0082,0.0205,0.0574,0.0942,0.7170,0.8475,0.6890,0.1305,-0.1585,42.20,-18.24,174.8,173.5,1.194,0.144,1.843
1791427039.8763938,0.5695,0.6350,0.8030,0.5695,0.7006,0.7006,0.7538,0.7538,0.4998,0.6350,0.5695,0.7538,0.7006,0.0369,0.0410,0.0574,0.1557,0.7140,0.8490,0.6880,0.1350,-0.1610,43.22,-18.45,174.8,173.9,1.147,0.140,1.768
1791427039.9086185,0.4998,0.5695,0.8440,0.4302,0.6350,0.4998,0.7538,0.6350,0.4998,0.7006,0.6350,0.7006,0.7006,0.0369,0.0410,0.0410,0.0737,0.7120,0.8310,0.6840,0.1190,-0.1470,42.92,-18.27,169.3,173.6,1.163,0.139,1.793
1791427039.9400048,0.4998,0.6350,0.8440,0.4998,0.4998,0.7006,0.7006,0.6350,0.8440,0.7006,0.4998,0.7538,0.6350,0.0205,0.0246,0.0246,0.0574,0.7170,0.8495,0.6880,0.1325,-0.1615,43.32,-18.24,170.3,173.6,1.235,0.138,1.908
1791427039.973263,0.7006,0.5695,0.8030,0.5695,0.6350,0.3646,0.5695,0.4302,0.3646,0.2458,0.6350,0.6350,0.6350,0.0164,0.0369,0.0369,0.0574,0.7140,0.8470,0.6850,0.1330,-0.1620,43.54,-18.43,171.3,172.8,1.162,0.137,1.944
1791427040.007035,0.7006,0.7538,0.8440,0.6350,0.6350,0.4302,0.7006,0.6350,0.3646,0.7538,0.4998,0.7538,0.6350,0.0164,0.0205,0.0410,0.0410,0.7140,0.8460,0.6940,0.1320,-0.1520,43.23,-18.09,172.2,173.4,1.259,0.139,1.914
1791427040.0408638,0.5695,0.4998,0.8030,0.3646,0.4998,0.4998,0.3646,0.3646,0.3646,0.7006,0.4998,0.7006,0.7006,0.0369,0.0574,0.0574,0.0942,0.7140,0.8395,0.6840,0.1255,-0.1555,42.79,-18.13,172.9,173.1,1.176,0.140,1.800
1791427040.0730636,0.4998,0.6350,0.8440,0.4998,0.5695,0.6350,0.8030,0.4998,0.6350,0.6350,0.7006,0.7006,0.7006,0.0410,0.0369,0.0737,0.0574,0.7120,0.8445,0.6860,0.1325,-0.1585,42.10,-17.87,173.0,172.5,1.303,0.144,2.008
1791427040.1071522,0.4998,0.5695,0.7006,0.6350,0.5695,0.7006,0.7538,0.6350,0.6350,0.7538,0.6350,0.8030,0.7538,0.0164,0.0574,0.0574,0.0737,0.7120,0.8480,0.6860,0.1360,-0.1620,43.04,-18.26,173.0,172.5,1.115,0.141,1.738
1791427040.1464972,0.4998,0.7538,0.6350,0.5695,0.5695,0.7006,0.2458,0.4302,0.4998,0.6350,0.5695,0.7006,0.7538,0.0205,0.0410,0.0369,0.0574,0.7120,,0.6870,,,43.04,-18.26,173.0,172.5,,,
1791427040.1800485,0.8030,0.7538,0.8767,0.6350,0.5695,0.6350,0.7538,0.4998,0.7006,0.8030,0.2991,0.7538,0.7006,0.0164,0.0369,0.0942,0.0410,0.7140,0.8520,0.6840,0.1380,-0.1680,42.97,-18.23,173.3,172.3,1.285,0.142,1.963
1791427040.209773,0.4302,0.4998,0.7538,0.4998,0.4302,0.7006,0.8030,0.5695,0.5695,0.8030,0.3646,0.7006,0.7538,0.0205,0.0574,0.0574,0.0369,0.7160,0.8490,0.6840,0.1330,-0.1650,43.37,-18.56,173.5,172.2,1.136,0.141,1.714
1791427040.241221,0.4302,0.4998,0.5695,0.4998,0.6350,0.4998,0.6350,0.7538,0.2991,0.7538,0.8030,0.7006,0.6350,0.0369,0.0410,0.0410,0.0737,0.7140,0.8465,0.6880,0.1325,-0.1585,43.74,-18.73,173.5,172.5,1.121,0.139,1.725
1791427040.2742815,0.4302,0.6350,0.8030,0.5695,0.4998,0.8440,0.8030,0.3646,0.6350,0.8440,0.4998,0.7538,0.7006,0.0369,0.0369,0.0737,0.0942,0.7170,0.8510,0.6910,0.1340,-0.1600,44.07,-18.77,174.1,172.3,1.168,0.137,1.800
1791427040.307924,0.4302,0.4302,0.8440,0.4302,0.4998,0.8030,0.7538,0.7538,0.6350,0.4302,0.2458,0.7006,0.7006,0.0369,0.0410,0.0737,0.0737,0.7170,0.8465,0.6880,0.1295,-0.1585,44.25,-18.77,174.3,171.9,1.167,0.136,1.819
1791427040.340207,0.4998,0.5695,0.6350,0.4998,0.5695,0.5695,0.6350,0.8030,0.5695,0.6350,0.5695,0.7538,0.6350,0.0410,0.0369,0.0737,0.0205,0.7140,0.8320,0.6900,0.1180,-0.1420,44.17,-18.65,168.8,172.6,1.083,0.133,1.698
1791427040.3742144,0.6350,0.4302,0.7538,0.4302,0.5695,0.4302,0.7006,0.6350,0.5695,0.7538,0.5695,0.7538,0.7006,0.0082,0.0369,0.0246,0.0410,0.7140,0.8425,0.6880,0.1285,-0.1545,43.27,-18.23,170.5,172.8,1.288,0.137,1.994
1791427040.4074903,0.7006,0.6350,0.7006,0.4998,0.4302,0.5695,0.6350,0.5695,0.4998,0.7006,0.5695,0.7006,0.7538,0.0246,0.0369,0.0737,0.0369,0.7120,0.8420,0.6840,0.1300,-0.1580,42.21,-17.95,171.3,172.0,1.299,0.143,2.029
1791427040.4478948,0.4302,0.7538,0.4998,0.6350,0.4998,0.2458,0.8030,0.4302,0.7006,0.8440,0.7006,0.8440,0.7538,0.0205,0.0574,0.0574,0.0369,0.7130,,0.6880,,,42.21,-17.95,171.3,172.0,,,
1791427040.4802217,0.5695,0.4998,0.8767,0.5695,0.6350,0.4998,0.7006,0.6350,0.6350,0.7006,0.4998,0.7006,0.7538,0.0410,0.0246,0.1557,0.0737,0.7140,0.8495,0.6860,0.1355,-0.1635,43.18,-18.18,172.2,172.7,1.177,0.139,1.783
1791427040.5116978,0.7538,0.4998,0.4998,0.4998,0.6350,0.4302,0.7006,0.6350,0.5695,0.7538,0.6350,0.7538,0.7538,0.0205,0.0737,0.1557,0.0574,0.7130,0.8500,0.6840,0.1370,-0.1660,43.54,-18.23,172.8,172.8,1.246,0.139,1.891
1791427040.542905,0.7006,0.6350,0.6350,0.4998,0.7006,0.5695,0.5695,0.7006,0.6350,0.8440,0.4302,0.7538,0.7006,0.0574,0.0737,0.0574,0.0410,0.7120,0.8535,0.6850,0.1415,-0.1685,44.16,-18.55,173.5,172.2,1.168,0.138,1.804
1791427040.5747437,0.4998,0.8030,0.8030,0.5695,0.5695,0.7006,0.8030,0.5695,0.7006,0.3646,0.5695,0.7538,0.7538,0.0082,0.0574,0.1557,0.0410,0.7160,0.8450,0.6890,0.1290,-0.1560,43.76,-18.55,173.6,172.4,1.163,0.139,1.820
1791427040.6070747,0.7006,0.8030,0.8440,0.4998,0.4998,0.2991,0.7006,0.7006,0.6350,0.7538,0.7006,0.7538,0.7006,0.0164,0.0574,0.0737,0.0369,0.7170,,0.6890,,,43.76,-18.55,173.6,172.4,,,
1791427040.640562,0.8030,0.4998,0.8030,0.4998,0.5695,0.5695,0.7538,0.5695,0.5695,0.4998,0.4998,0.7538,0.7006,0.0164,0.0942,0.0942,0.0737,0.7140,0.8440,0.6860,0.1300,-0.1580,43.32,-18.41,173.5,172.7,1.226,0.140,1.897
1791427040.673696,0.4302,0.8440,0.8767,0.3646,0.4998,0.5695,0.7538,0.6350,0.7006,0.8030,0.2991,0.6350,0.7006,0.0369,0.0164,0.0942,0.0164,0.7140,0.8470,0.6850,0.1330,-0.1620,43.79,-18.49,174.0,172.1,1.189,0.138,1.778
1791427040.7070768,0.5695,0.6350,0.8030,0.4998,0.6350,0.6350,0.7006,0.7006,0.8440,0.6350,0.1966,0.7006,0.6350,0.0369,0.0369,0.1229,0.0737,0.7140,0.8500,0.6840,0.1360,-0.1660,44.31,-18.75,174.3,172.3,1.152,0.136,1.737
1791427040.7402492,0.4998,0.5695,0.7538,0.4998,0.6350,0.4998,0.7006,0.6350,0.5695,0.7006,0.6350,0.8030,0.7538,0.0123,0.0574,0.0737,0.0737,0.7120,0.8465,0.6910,0.1345,-0.1555,44.06,-18.55,174.2,172.2,1.213,0.138,1.886
1791427040.7821574,0.5695,0.7006,0.8030,0.5695,0.5695,0.3646,0.7006,0.5695,0.5695,0.7538,0.6350,0.7006,0.7538,0.0082,0.0410,0.0246,0.0246,0.7120,0.8450,0.6850,0.1330,-0.1600,44.03,-18.60,173.7,172.7,1.173,0.138,1.817
1791427040.814897,0.7538,0.8030,0.4998,0.5695,0.2458,0.6350,0.6350,0.7538,0.7006,0.3646,0.5695,0.7538,0.6350,0.0123,0.0369,0.0369,0.0369,0.7140,0.8420,0.6840,0.1280,-0.1580,43.32,-18.22,173.9,173.0,1.307,0.140,1.991
1791427040.845803,0.4998,0.8767,0.8030,0.4302,0.5695,0.6350,0.7006,0.5695,0.4998,0.2458,0.1966,0.7538,0.7006,0.0205,0.0574,0.0574,0.0410,0.7120,0.8450,0.6880,0.1330,-0.1570,43.43,-18.27,174.0,172.0,1.174,0.140,
1791427040.8772392,0.4998,0.8030,0.8030,0.5695,0.7006,0.4302,0.5695,0.4998,0.6350,0.8440,0.5695,0.7538,0.7006,0.0246,0.0410,0.0737,0.0737,0.7140,0.8405,0.6890,0.1265,-0.1515,42.40,-17.87,173.9,171.2,1.292,0.144,1.986
1791427040.9084916,0.5695,0.4998,0.8767,0.4998,0.3646,0.6350,0.6350,0.6350,0.6350,0.8440,0.7538,0.8030,0.7538,0.0205,0.0369,0.0410,0.0737,0.7170,0.8495,0.6910,0.1325,-0.1585,42.61,-17.86,173.8,171.6,1.232,0.143,1.876
1791427040.9404206,0.5695,0.5695,0.5695,0.4998,0.3646,0.5695,0.7538,0.7538,0.4302,0.3646,0.8030,0.8030,0.7006,0.0205,0.0246,0.0574,0.0410,0.7120,0.8470,0.6880,0.1350,-0.1590,42.84,-17.97,173.6,171.6,1.195,0.143,1.842
1791427040.9740758,0.6350,0.8030,0.6350,0.5695,0.4998,0.3646,0.4998,0.4302,0.1966,0.7006,0.7006,0.7006,0.7538,0.0123,0.0369,0.0369,0.0369,0.7140,0.8415,0.6870,0.1275,-0.1545,42.43,-17.93,173.7,172.0,1.206,0.144,1.904
1791427041.0080738,0.7538,0.6350,0.4998,0.5695,0.5695,0.7538,0.6350,0.7538,0.6350,0.8030,0.4302,0.8030,0.7006,0.0574,0.0574,0.0942,0.0574,0.7120,0.8445,0.6840,0.1325,-0.1605,42.84,-17.95,173.8,172.9,1.233,0.142,1.870
1791427041.0408597,0.4302,0.6350,0.8030,0.6350,0.7006,0.6350,0.5695,0.5695,0.7006,0.8030,0.5695,0.7006,0.7006,0.0246,0.0246,0.0574,0.0410,0.7120,0.8460,0.6900,0.1340,-0.1560,42.62,-17.72,174.0,173.0,1.288,0.143,1.981
1791427041.0823607,0.6350,0.7538,0.5695,0.6350,0.4998,0.7538,0.7538,0.4998,0.6350,0.7006,0.6350,0.7006,0.7538,0.0205,0.0410,0.0574,0.0410,0.7140,0.8505,0.6880,0.1365,-0.1625,43.31,-18.13,174.4,171.9,1.122,0.141,1.731
1791427041.1135721,0.4998,0.8767,0.4998,0.4998,0.5695,0.5695,0.6350,0.4998,0.7006,0.8030,0.4998,0.7538,0.7538,0.0246,0.0246,0.0574,0.0574,0.7140,0.8425,0.6880,0.1285,-0.1545,43.00,-18.16,174.3,171.4,1.167,0.142,1.777
1791427041.1441298,0.7538,0.7538,0.7538,0.4998,0.6350,0.6350,0.8030,0.4998,0.6350,0.7006,0.4302,0.7538,0.6350,0.0205,0.0205,0.0369,0.0123,0.7120,0.8275,0.6840,0.1155,-0.1435,42.40,-18.21,168.5,171.8,1.078,0.141,1.705
1791427041.1761134,0.4998,0.8030,0.7006,0.4998,0.6350,0.6350,0.8440,0.4998,0.4302,0.7538,0.4998,0.7006,0.7006,0.0205,0.0410,0.0574,0.0737,0.7140,0.8405,0.6840,0.1265,-0.1565,41.79,-17.87,169.7,171.0,1.310,0.144,1.969
