timestamp,nose_score,left_eye_score,right_eye_score,left_ear_score,right_ear_score,left_shoulder_score,right_shoulder_score,left_elbow_score,right_elbow_score,left_wrist_score,right_wrist_score,left_hip_score,right_hip_score,left_knee_score,right_knee_score,left_ankle_score,right_ankle_score,head_depth_m,chest_depth_m,hip_depth_m,neck_forward_offset_m,torso_recline_offset_m,head_forward_deg,torso_pitch_deg,elbow_left_deg,elbow_right_deg,torso_len_sw,head_up_m,wrist_face_sw
1791426514.246656,0.5695,0.7538,0.7006,0.6350,0.6350,0.5695,0.5695,0.5695,0.2458,0.1966,0.2458,0.4302,0.4302,0.2458,0.0246,0.0574,0.0574,0.3780,0.5110,,0.1330,,56.16,,,94.8,0.661,0.091,
1791426514.2877812,0.7538,0.9054,0.5695,0.7006,0.6350,0.8030,0.5695,0.5695,0.4998,0.1557,0.7538,0.4998,0.3646,0.1966,0.1557,0.0942,0.0574,0.3780,0.5165,,0.1385,,56.62,,,101.3,0.627,0.090,0.386
1791426514.3192375,0.6350,0.7538,0.8030,0.4998,0.6350,0.7006,0.5695,0.2991,0.5695,0.1966,0.4998,0.5695,0.3646,0.1557,0.1229,0.0574,0.0369,0.3780,0.5170,,0.1390,,57.19,,,117.4,0.659,0.088,0.477
1791426514.3520546,0.7538,0.7538,0.8030,0.6350,0.6350,0.6350,0.5695,0.6350,0.4302,0.2458,0.4302,0.2991,0.4302,0.1229,0.2991,0.1966,0.0942,0.3790,0.7090,,0.3300,,63.82,,,138.6,,0.086,0.395
1791426514.3832467,0.7006,0.6350,0.7006,0.4998,0.6350,0.5695,0.6350,0.2991,0.2458,0.2458,0.2458,0.4302,0.4302,0.1557,0.0410,0.0574,0.0574,0.3780,0.5110,,0.1330,,62.79,,,121.7,0.712,0.086,
1791426514.4171991,0.7006,0.8767,0.7006,0.6350,0.5695,0.6350,0.5695,0.6350,0.2991,0.2458,0.3646,0.3646,0.2991,0.1966,0.0410,0.0410,0.0410,0.3790,0.5180,,0.1390,,62.19,,,132.6,,0.085,0.373
1791426514.452702,0.6350,0.8030,0.8030,0.6350,0.6350,0.6350,0.5695,0.5695,0.3646,0.2458,0.1557,0.3646,0.4302,0.0737,0.0369,0.0410,0.0410,0.3790,0.5175,,0.1385,,62.22,,,143.5,0.651,0.083,
1791426514.4864109,0.7006,0.6350,0.7006,0.6350,0.5695,0.7538,0.4998,0.4998,0.2458,0.1966,0.2991,0.4302,0.4302,0.1557,0.2458,0.0574,0.0942,0.3760,0.5970,,0.2210,,63.64,,,135.3,0.627,0.084,
1791426514.5251877,0.4998,0.7006,0.7006,0.6350,0.7006,0.6350,0.7006,0.4998,0.2458,0.2458,0.2991,0.4302,0.3646,0.1966,0.0410,0.0737,0.0942,0.3790,0.5140,,0.1350,,62.67,,,142.7,0.584,0.084,
1791426514.55825,0.7006,0.6350,0.7538,0.5695,0.4302,0.7538,0.7006,0.6350,0.1966,0.1557,0.3646,0.3646,0.4302,0.1557,0.0942,0.0369,0.0369,0.3780,0.5130,,0.1350,,61.17,,,129.5,0.712,0.087,0.481
1791426514.589384,0.5695,0.8440,0.7006,0.8030,0.6350,0.6350,0.6350,0.5695,0.2991,0.2458,0.2991,0.4998,0.5695,0.2458,0.0942,0.0574,0.0737,0.3780,0.5065,,0.1285,,59.97,,,109.8,0.676,0.088,
1791426514.6223733,0.7006,0.7538,0.7538,0.7006,0.6350,0.5695,0.4998,0.4998,0.3646,0.2458,0.1557,0.4998,0.4998,0.1229,0.0737,0.0737,0.0737,0.3790,0.5120,,0.1330,,59.86,,,122.0,0.585,0.086,
1791426514.6540616,0.7006,0.7006,0.8767,0.6350,0.6350,0.7006,0.5695,0.5695,0.2458,0.1966,0.4302,0.2991,0.4302,0.1229,0.0737,0.0574,0.0369,0.3790,0.5115,,0.1325,,59.84,,,134.4,,0.084,0.434
1791426514.6892364,0.7538,0.8030,0.8030,0.5695,0.7006,0.7006,0.4998,0.4998,0.2458,0.2991,0.4302,0.4302,0.2991,0.1966,0.0410,0.0737,0.0574,0.3790,0.5100,,0.1310,,59.06,,,114.1,,0.085,0.416
1791426514.7219396,0.4998,0.8440,0.7538,0.5695,0.7006,0.6350,0.4302,0.5695,0.2458,0.1966,0.2458,0.2991,0.2991,0.1966,0.0737,0.0410,0.0410,0.3770,0.5045,,0.1275,,57.16,,,87.4,,0.090,
1791426514.7561123,0.5695,0.8767,0.8030,0.6350,0.7538,0.7538,0.4998,0.4302,0.3646,0.2458,0.3646,0.4998,0.4302,0.1557,0.0942,0.0574,0.0574,0.3790,0.6055,,0.2265,,59.81,,,85.6,0.682,0.091,0.443
1791426514.795769,0.6350,0.8030,0.8030,0.5695,0.6350,0.7538,0.6350,0.5695,0.3646,0.1557,0.1557,0.5695,0.4302,0.0942,0.0737,0.0942,0.0737,0.3760,0.5195,,0.1435,,60.23,,,127.3,0.574,0.088,
1791426514.827452,0.7006,0.9259,0.8440,0.7538,0.7006,0.6350,0.5695,0.6350,0.2991,0.1966,0.2458,0.5695,0.3646,0.1557,0.0574,0.0369,0.0410,0.3790,0.5055,,0.1265,,58.37,,,112.5,0.694,0.091,
1791426514.8591151,0.7538,0.7538,0.9054,0.5695,0.6350,0.5695,0.6350,0.4302,0.2991,0.2458,0.6350,0.3646,0.4302,0.0737,0.1229,0.0737,0.0574,0.3780,0.6120,,0.2340,,61.84,,,129.3,0.649,0.089,0.356
1791426514.891612,0.4998,0.7538,0.6350,0.4998,0.6350,0.6350,0.5695,0.4998,0.3646,0.1557,0.2458,0.4998,0.4302,0.1966,0.0410,0.0369,0.0246,0.3780,0.5015,,0.1235,,59.16,,,124.0,0.680,0.094,
1791426514.9259076,0.5695,0.9054,0.7006,0.6350,0.6350,0.7538,0.6350,0.5695,0.4998,0.2991,0.1966,0.4998,0.4302,0.1966,0.2991,0.0574,0.0737,0.3790,0.6120,,0.2330,,62.04,,,131.8,0.623,0.091,
1791426514.9607832,0.6350,0.8767,0.8030,0.6350,0.6350,0.6350,0.5695,0.4998,0.2991,0.2991,0.2458,0.2991,0.3646,0.2458,0.0737,0.0737,0.0737,0.3790,0.5120,,0.1330,,61.64,,,138.9,,0.089,
1791426514.9933205,0.7006,0.9054,0.7006,0.4998,0.5695,0.6350,0.5695,0.6350,0.2458,0.1557,0.4302,0.3646,0.4302,0.2458,0.2991,0.0574,0.0410,0.3790,0.5080,,0.1290,,60.67,,,130.3,0.649,0.088,0.426
1791426515.0279706,0.4302,0.5695,0.6350,0.4998,0.5695,0.6350,0.6350,0.4998,0.1557,0.1966,0.2458,0.2991,0.2458,0.1557,0.1557,0.0410,0.0410,0.3780,0.6000,,0.2220,,62.35,,,115.3,,0.089,
1791426515.0661168,0.5695,0.8030,0.7006,0.6350,0.6350,0.6350,0.4998,0.5695,0.1966,0.1557,0.1966,0.4998,0.4302,0.1557,0.0574,0.0574,0.0410,0.3790,0.5105,,0.1315,,61.16,,,93.5,0.708,0.090,
1791426515.0980814,0.5695,0.8767,0.7006,0.6350,0.5695,0.6350,0.4998,0.5695,0.2991,0.2991,0.7006,0.4302,0.4302,0.1229,0.0737,0.0246,0.0410,0.3760,0.5155,,0.1395,,60.82,,,73.4,0.651,0.088,0.384
1791426515.1295395,0.7006,0.7006,0.7006,0.6350,0.6350,0.7006,0.4998,0.4998,0.4302,0.1557,0.1229,0.4302,0.3646,0.1557,0.1557,0.0574,0.0369,0.3790,0.5155,,0.1365,,60.16,,,102.9,0.601,0.088,
1791426515.1638455,0.6350,0.7538,0.5695,0.6350,0.5695,0.6350,0.4998,0.4998,0.2458,0.1557,0.1966,0.4302,0.4302,0.2458,0.0574,0.0369,0.0410,0.3760,0.6055,,0.2295,,62.40,,,78.5,0.688,0.088,
1791426515.1973767,0.6350,0.9423,0.7006,0.6350,0.6350,0.8030,0.5695,0.6350,0.2991,0.2458,0.2991,0.4998,0.4302,0.1966,0.0737,0.0574,0.0737,0.3780,0.5085,,0.1305,,61.63,,,113.6,0.609,0.087,
1791426515.2309406,0.6350,0.7006,0.6350,0.5695,0.4302,0.6350,0.4998,0.7006,0.2991,0.1557,0.2458,0.4302,0.3646,0.1557,0.0942,0.0410,0.0410,0.3780,0.5140,,0.1360,,60.27,,,130.7,0.699,0.089,
1791426515.2654645,0.4998,0.7006,0.7538,0.6350,0.4998,0.7538,0.5695,0.3646,0.4998,0.2458,0.1966,0.2991,0.2991,0.0942,0.0942,0.0942,0.0410,0.3790,0.5105,,0.1315,,59.05,,,136.4,,0.091,
1791426515.3042576,0.6350,0.8030,0.7538,0.5695,0.4302,0.7006,0.6350,0.5695,0.1966,0.2458,0.2458,0.3646,0.2991,0.1229,0.0574,0.0369,0.0574,0.3780,0.5220,,0.1440,,60.13,,,143.4,,0.086,
1791426515.3357804,0.7006,0.8030,0.7538,0.6350,0.6350,0.7006,0.6350,0.5695,0.2458,0.2458,0.5695,0.2458,0.2458,0.0942,0.3646,0.0574,0.0410,0.3790,0.5125,,0.1335,,59.91,,,145.4,,0.085,0.383
1791426515.368361,0.4302,0.8767,0.6350,0.4998,0.6350,0.6350,0.4302,0.2991,0.6350,0.1966,0.3646,0.2991,0.1966,0.1557,0.0574,0.0205,0.0410,0.3790,0.5060,,0.1270,,58.54,,,138.6,,0.087,0.459
1791426515.4002938,0.4998,0.9259,0.7538,0.5695,0.4998,0.7006,0.4998,0.5695,0.3646,0.2458,0.2458,0.3646,0.3646,0.0574,0.0369,0.0410,0.0574,0.3760,0.5055,,0.1295,,57.77,,,131.8,0.751,0.088,
1791426515.4344037,0.4302,0.9587,0.5695,0.7006,0.5695,0.8030,0.4998,0.5695,0.3646,0.2991,0.1966,0.4302,0.3646,0.1557,0.1229,0.0942,0.0574,0.3790,0.5120,,0.1330,,58.30,,,134.3,0.605,0.086,
1791426515.4688628,0.7006,0.9259,0.8030,0.7006,0.4998,0.7006,0.3646,0.7538,0.2991,0.1557,0.4302,0.2458,0.2458,0.0942,0.0410,0.0369,0.0410,0.3790,0.5080,,0.1290,,57.68,,,117.6,,0.086,0.407
1791426515.5016685,0.7538,0.9259,0.6350,0.8030,0.6350,0.5695,0.4302,0.6350,0.4302,0.0942,0.8440,0.3646,0.3646,0.2458,0.0737,0.0410,0.0574,0.3760,0.5100,,0.1340,,57.61,,,125.0,0.637,0.086,0.374
1791426515.5421152,0.4998,0.7538,0.6350,0.6350,0.5695,0.7006,0.4998,0.6350,0.2991,0.1557,0.1966,0.3646,0.3646,0.0574,0.1557,0.0410,0.0574,0.3780,0.5090,,0.1310,,57.58,,,134.4,0.638,0.086,
1791426515.573775,0.5695,0.8030,0.6350,0.4302,0.5695,0.6350,0.4998,0.6350,0.2458,0.0942,0.2991,0.4302,0.2991,0.1966,0.0410,0.0246,0.0246,0.3810,0.5100,,0.1290,,57.92,,,141.1,,0.084,
1791426515.604829,0.5695,0.7538,0.6350,0.4998,0.5695,0.7006,0.4998,0.2458,0.4302,0.2991,0.1557,0.5695,0.2991,0.1966,0.0574,0.0410,0.0574,0.3780,0.5275,,0.1495,,58.95,,,145.7,,0.082,
1791426515.637347,0.7006,0.8767,0.8030,0.7006,0.4302,0.5695,0.2991,0.4998,0.4998,0.2458,0.2458,0.3646,0.1557,0.1966,0.1229,0.0574,0.0574,0.3790,,,,,58.95,,,145.7,,,
1791426515.6731594,0.5695,0.7538,0.5695,0.4998,0.6350,0.7006,0.4302,0.3646,0.2991,0.1966,0.4998,0.4302,0.4302,0.1229,0.0737,0.0369,0.0942,0.3810,0.5180,,0.1370,,60.07,,,148.6,0.587,0.079,0.314
1791426515.7068455,0.6350,0.8440,0.5695,0.5695,0.4998,0.5695,0.3646,0.4998,0.3646,0.2991,0.3646,0.3646,0.3646,0.1229,0.0942,0.0205,0.0410,0.3760,0.5120,,0.1360,,60.48,,,149.9,0.626,0.077,0.395
1791426515.7395287,0.6350,0.6350,0.7006,0.5695,0.6350,0.7538,0.6350,0.4302,0.2458,0.2991,0.2991,0.2991,0.2991,0.1966,0.0574,0.0369,0.0369,0.3810,0.5130,,0.1320,,60.60,,,151.0,,0.077,
1791426515.7790985,0.6350,0.4998,0.9259,0.6350,0.6350,0.7538,0.4302,0.4302,0.2991,0.1966,0.1966,0.4998,0.4302,0.1557,0.0369,0.0246,0.0369,0.3780,0.5175,,0.1395,,61.60,,,152.4,0.671,0.074,
1791426515.8100593,0.5695,0.7006,0.5695,0.4998,0.4998,0.7538,0.4998,0.5695,0.1966,0.2991,0.6350,0.2458,0.2991,0.1557,0.0369,0.0246,0.0410,0.3790,0.5140,,0.1350,,60.33,,,152.9,,0.078,0.455
1791426515.8425872,0.8440,0.6350,0.5695,0.5695,0.4302,0.5695,0.4998,0.4998,0.2991,0.2458,0.3646,0.2991,0.3646,0.1229,0.0369,0.1966,0.1229,0.3780,0.5045,,0.1265,,59.02,,,145.1,,0.081,0.448
1791426515.8754861,0.5695,0.7538,0.5695,0.4302,0.5695,0.5695,0.4302,0.7006,0.1966,0.2991,0.1966,0.4302,0.2991,0.1557,0.0942,0.0574,0.0246,0.3780,0.5175,,0.1395,,60.02,,,148.8,,0.078,
1791426515.9088745,0.7006,0.8030,0.6350,0.6350,0.5695,0.8030,0.3646,0.6350,0.4302,0.3646,0.2458,0.1966,0.2458,0.0942,0.0574,0.0737,0.0942,0.3760,0.5180,,0.1420,,61.64,,13.5,148.6,,0.074,0.430
1791426515.9437575,0.5695,0.6350,0.7538,0.7006,0.4998,0.7006,0.4998,0.6350,0.1557,0.2458,0.1966,0.3646,0.2991,0.1557,0.1557,0.0246,0.1557,0.3780,0.5185,,0.1405,,61.31,,13.5,150.2,,0.075,
1791426515.9768438,0.4998,0.9423,0.8440,0.5695,0.5695,0.7006,0.4998,0.5695,0.1966,0.2991,0.1966,0.3646,0.2458,0.1557,0.0369,0.0410,0.0246,0.3780,0.5155,,0.1375,,61.80,,13.8,150.8,,0.074,
1791426516.011561,0.5695,0.8030,0.6350,0.5695,0.6350,0.7006,0.4998,0.4998,0.2991,0.2458,0.6350,0.4998,0.3646,0.1557,0.0574,0.0369,0.0574,0.3780,0.5130,,0.1350,,62.26,,14.2,151.7,0.726,0.072,0.397
1791426516.0483756,0.5695,0.5695,0.7538,0.7006,0.6350,0.7538,0.4998,0.5695,0.4302,0.2458,0.2458,0.4998,0.4302,0.1966,0.0410,0.0574,0.0942,0.3780,0.5205,,0.1425,,63.32,,13.5,152.2,0.574,0.069,
1791426516.0802636,0.5695,0.5695,0.6350,0.7538,0.5695,0.6350,0.4998,0.7006,0.1966,0.2991,0.4302,0.4302,0.4302,0.0942,0.0574,0.0574,0.1229,0.3790,0.5120,,0.1330,,62.93,,13.5,152.9,0.720,0.070,0.405
1791426516.1120648,0.5695,0.7006,0.5695,0.6350,0.6350,0.5695,0.4998,0.5695,0.2991,0.1966,0.4302,0.3646,0.4302,0.1557,0.0942,0.0369,0.0737,0.3760,0.5100,,0.1340,,61.82,,13.7,153.2,0.719,0.073,0.411
1791426516.1469615,0.8030,0.7538,0.7006,0.6350,0.7006,0.6350,0.4302,0.5695,0.1966,0.2458,0.5695,0.5695,0.4302,0.1966,0.0574,0.0410,0.0410,0.3790,0.5090,,0.1300,,61.92,,14.1,153.0,0.740,0.072,0.386
1791426516.1805298,0.5695,0.8030,0.8030,0.7538,0.7538,0.5695,0.6350,0.3646,0.3646,0.1966,0.2991,0.4998,0.4998,0.1966,0.0410,0.0410,0.0737,0.3790,0.5205,,0.1415,,62.20,,12.4,152.7,0.673,0.072,
1791426516.21458,0.8030,0.7006,0.7006,0.5695,0.6350,0.7006,0.5695,0.2458,0.2991,0.3646,0.6350,0.4302,0.2991,0.1229,0.1229,0.0410,0.0737,0.3780,0.5200,,0.1420,,62.98,,9.2,152.0,,0.070,0.353
1791426516.2540536,0.7538,0.7006,0.5695,0.4998,0.7538,0.8030,0.5695,0.6350,0.3646,0.2458,0.3646,0.2991,0.1229,0.2458,0.0942,0.0574,0.0369,0.3760,0.5115,,0.1355,,63.21,,9.3,151.9,,0.069,0.369
1791426516.2865405,0.7006,0.8440,0.7006,0.7006,0.6350,0.8030,0.3646,0.5695,0.2991,0.2458,0.4302,0.1966,0.0942,0.0942,0.0737,0.0369,0.0574,0.3790,0.5140,,0.1350,,64.16,,9.7,151.8,,0.066,0.354
1791426516.3182976,0.6350,0.6350,0.7538,0.6350,0.7006,0.7538,0.5695,0.6350,0.2991,0.2458,0.4302,0.3646,0.2991,0.1557,0.0574,0.0410,0.0369,0.3780,0.5145,,0.1365,,63.85,,9.8,151.9,,0.067,0.432
1791426516.3500433,0.7538,0.8767,0.8030,0.7538,0.5695,0.7006,0.4998,0.5695,0.4302,0.1966,0.7006,0.2991,0.2991,0.2458,0.1229,0.0737,0.0369,0.3810,0.5185,,0.1375,,64.33,,10.4,152.7,,0.066,0.355
1791426516.3840818,0.4998,0.8030,0.7006,0.7006,0.5695,0.7006,0.4998,0.5695,0.3646,0.1229,0.7006,0.2991,0.2458,0.1229,0.1229,0.0369,0.0369,0.3780,0.5165,,0.1385,,63.74,,10.2,153.6,,0.068,0.357
1791426516.4181507,0.5695,0.8030,0.7538,0.5695,0.6350,0.6350,0.4302,0.4998,0.5695,0.1229,0.4302,0.2991,0.1966,0.0942,0.0737,0.0246,0.0369,0.3780,0.5145,,0.1365,,63.39,,10.4,153.0,,0.069,0.366
1791426516.4524071,0.4998,0.8030,0.8030,0.8030,0.6350,0.7538,0.4998,0.6350,0.2991,0.1966,0.4998,0.3646,0.4302,0.1229,0.1229,0.0574,0.0410,0.3790,0.5220,,0.1430,,63.61,,9.9,154.0,0.557,0.069,0.387
1791426516.485726,0.6350,0.7006,0.7538,0.7006,0.7006,0.7006,0.4302,0.4998,0.2458,0.1966,0.3646,0.3646,0.1557,0.1557,0.0574,0.0205,0.0574,0.3790,0.5105,,0.1315,,62.80,,10.7,154.2,,0.070,0.409
1791426516.5239718,0.6350,0.8440,0.6350,0.5695,0.5695,0.5695,0.2991,0.6350,0.2991,0.0942,0.2991,0.3646,0.2458,0.0737,0.1229,0.0246,0.0369,0.3790,,,,,62.80,,10.7,154.2,,,
1791426516.5550916,0.5695,0.5695,0.7006,0.5695,0.3646,0.6350,0.3646,0.4998,0.1966,0.2458,0.2458,0.3646,0.2991,0.0942,0.1966,0.0369,0.0369,0.3790,0.5110,,0.1320,,61.36,,11.1,154.5,,0.074,
1791426516.5877068,0.8440,0.7006,0.8440,0.8030,0.4998,0.7538,0.2458,0.5695,0.3646,0.2458,0.2458,0.2991,0.2458,0.1966,0.0737,0.0574,0.0410,0.3790,,,,,61.36,,11.1,154.5,,,
1791426516.6218753,0.4998,0.4302,0.7006,0.6350,0.4998,0.7006,0.3646,0.6350,0.2991,0.2991,0.4302,0.2991,0.2458,0.0942,0.0574,0.0410,0.0737,0.3790,0.5145,,0.1355,,61.84,,10.7,154.3,,0.073,0.340
1791426516.6552796,0.5695,0.7538,0.5695,0.5695,0.5695,0.6350,0.3646,0.1557,0.0737,0.1229,0.2991,0.1966,0.1966,0.1966,0.0410,0.0410,0.0574,0.3780,0.5130,,0.1350,,61.91,,11.1,158.1,,0.072,
1791426516.6897624,0.5695,0.7538,0.4998,0.7006,0.4998,0.7006,0.3646,0.4998,0.1557,0.2991,0.2458,0.2458,0.2458,0.1229,0.1229,0.0737,0.0574,0.3790,0.5135,,0.1345,,62.66,,11.6,156.4,,0.070,
1791426516.7229853,0.5695,0.8030,0.6350,0.6350,0.5695,0.6350,0.4302,0.4302,0.2458,0.4998,0.0369,0.3646,0.2458,0.1229,0.0574,0.0410,0.0942,0.3780,0.5120,,0.1340,,62.84,,7.0,154.4,,0.069,0.371
1791426516.7611322,0.6350,0.4302,0.6350,0.6350,0.5695,0.6350,0.3646,0.7006,0.3646,0.1557,0.2991,0.3646,0.3646,0.1966,0.0737,0.0410,0.0574,0.3790,0.5150,,0.1360,,62.38,,8.0,154.2,0.611,0.071,
1791426516.792825,0.7538,0.8030,0.6350,0.5695,0.4998,0.6350,0.2991,0.3646,0.1229,0.2991,0.1557,0.2991,0.1557,0.1966,0.0737,0.0369,0.0369,0.3780,,,,,62.38,,8.0,154.2,,,
1791426516.8248353,0.8440,0.6350,0.7006,0.8030,0.7006,0.7006,0.3646,0.1557,0.5695,0.6350,0.0574,0.2458,0.2458,0.1557,0.2991,0.1229,0.0369,0.3760,0.5185,,0.1425,,63.25,,24.7,159.3,,0.069,0.322
1791426516.8588767,0.7006,0.7538,0.5695,0.5695,0.4998,0.7538,0.4302,0.2458,0.4302,0.1966,0.0574,0.2991,0.3646,0.1229,0.0737,0.0369,0.0246,0.3780,0.5180,,0.1400,,63.65,,24.5,162.9,,0.068,
1791426516.8930554,0.7538,0.6350,0.7538,0.5695,0.5695,0.5695,0.3646,0.4302,0.1557,0.1557,0.3646,0.2991,0.2991,0.1966,0.0942,0.0410,0.0410,0.3810,0.5080,,0.1270,,63.12,,23.7,159.7,,0.069,0.374
1791426516.9271429,0.8030,0.7006,0.9054,0.6350,0.5695,0.7538,0.4302,0.6350,0.2991,0.1229,0.2991,0.2991,0.2991,0.1966,0.1229,0.0574,0.1557,0.3790,0.5150,,0.1360,,62.98,,24.5,159.1,,0.069,
1791426516.9612284,0.6350,0.7538,0.4998,0.7006,0.5695,0.6350,0.3646,0.4998,0.4302,0.1966,0.3646,0.3646,0.2991,0.1966,0.0942,0.0574,0.1966,0.3780,0.5210,,0.1430,,64.24,,26.6,157.4,,0.066,0.392
1791426516.999776,0.5695,0.7006,0.7006,0.5695,0.5695,0.7538,0.3646,0.5695,0.3646,0.1557,0.7006,0.3646,0.2991,0.1966,0.3646,0.0942,0.1229,0.3780,0.5135,,0.1355,,64.17,,26.7,154.0,,0.066,0.365
1791426517.030994,0.6350,0.7538,0.5695,0.6350,0.5695,0.6350,0.3646,0.7538,0.3646,0.2458,0.2991,0.3646,0.1966,0.1966,0.0737,0.0410,0.0369,0.3790,0.5175,,0.1385,,64.50,,26.5,151.9,,0.065,
1791426517.0627155,0.5695,0.6350,0.8030,0.6350,0.4302,0.7538,0.3646,0.4302,0.3646,0.2458,0.5695,0.1557,0.2991,0.0942,0.0942,0.0410,0.0369,0.3790,0.5165,,0.1375,,64.08,,26.9,153.2,,0.067,0.369
1791426517.0962782,0.7538,0.7538,0.7538,0.7006,0.5695,0.7538,0.3646,0.4998,0.3646,0.1557,0.5695,0.1966,0.1966,0.1229,0.0942,0.0942,0.0942,0.3790,0.5110,,0.1320,,64.10,,25.9,151.0,,0.066,0.362
1791426517.1314027,0.7538,0.8440,0.8030,0.6350,0.4998,0.7538,0.4998,0.5695,0.2458,0.2458,0.4302,0.4302,0.2991,0.1557,0.0942,0.0737,0.0410,0.3760,0.5155,,0.1395,,63.27,,25.9,150.2,,0.069,0.415
1791426517.1645937,0.7538,0.8440,0.7006,0.6350,0.5695,0.7006,0.3646,0.4302,0.2991,0.1966,0.4302,0.2458,0.2458,0.1229,0.1229,0.0410,0.0246,0.3780,0.5145,,0.1365,,62.65,,25.2,149.9,,0.071,0.500
1791426517.1978781,0.7006,0.4998,0.9054,0.8030,0.6350,0.6350,0.4302,0.6350,0.3646,0.1966,0.3646,0.2991,0.2991,0.2458,0.0942,0.0737,0.0410,0.3790,0.5215,,0.1425,,62.84,,26.3,148.1,,0.071,0.412
1791426517.2379603,0.6350,0.7538,0.6350,0.7538,0.4998,0.7538,0.3646,0.4998,0.3646,0.2458,0.7538,0.1557,0.1557,0.0737,0.0942,0.0737,0.0410,0.3790,0.5185,,0.1395,,63.27,,27.2,146.3,,0.070,0.341
1791426517.2696855,0.5695,0.8440,0.4998,0.6350,0.6350,0.7538,0.3646,0.4998,0.2991,0.1966,0.3646,0.1966,0.2458,0.1557,0.1557,0.0410,0.0369,0.3760,0.5135,,0.1375,,63.08,,26.0,145.2,,0.070,0.475
1791426517.300812,0.4302,0.8030,0.8030,0.8030,0.6350,0.8030,0.4302,0.4998,0.2991,0.2991,0.4302,0.1966,0.2458,0.2458,0.1229,0.0574,0.0246,0.3790,0.5125,,0.1335,,62.42,,25.9,145.3,,0.072,0.474
1791426517.3332531,0.6350,0.7538,0.8440,0.6350,0.7006,0.7006,0.3646,0.2991,0.1966,0.1966,0.4302,0.2458,0.2991,0.1966,0.1557,0.0410,0.0369,0.3760,0.5160,,0.1400,,62.30,,26.2,146.1,,0.072,0.429
1791426517.3677123,0.7006,0.9259,0.7538,0.6350,0.5695,0.7006,0.2991,0.6350,0.2991,0.1966,0.5695,0.4302,0.4302,0.2458,0.1229,0.0410,0.0369,0.3760,,,,,62.30,,,146.1,,,
1791426517.4014568,0.4302,0.6350,0.6350,0.8030,0.5695,0.7538,0.4302,0.7006,0.3646,0.2991,0.3646,0.4302,0.4302,0.1966,0.1229,0.0574,0.0246,0.3760,0.5100,,0.1340,,62.41,,,143.0,0.612,0.072,0.486
1791426517.435234,0.6350,0.5695,0.5695,0.5695,0.5695,0.7538,0.4302,0.5695,0.2458,0.1966,0.2991,0.2991,0.2991,0.0737,0.1229,0.0942,0.0410,0.3780,0.5195,,0.1415,,64.06,,,143.2,,0.067,
1791426517.4698117,0.6350,0.7538,0.7538,0.5695,0.5695,0.5695,0.4302,0.5695,0.2991,0.1966,0.7006,0.4302,0.2458,0.1966,0.0737,0.0574,0.0369,0.3760,0.5150,,0.1390,,63.61,,,141.0,,0.069,0.390
1791426517.506728,0.6350,0.7006,0.5695,0.6350,0.6350,0.7006,0.4998,0.7006,0.2991,0.1966,0.4302,0.2991,0.2458,0.1557,0.1229,0.0574,0.0246,0.3780,0.5110,,0.1330,,62.99,,,138.5,,0.070,0.473
1791426517.5395386,0.4998,0.8030,0.8030,0.6350,0.6350,0.6350,0.4302,0.5695,0.3646,0.2458,0.4302,0.2991,0.2458,0.1229,0.0942,0.0942,0.0574,0.3790,0.5145,,0.1355,,63.12,,,139.0,,0.069,0.380
1791426517.570875,0.5695,0.7538,0.6350,0.8440,0.4302,0.8440,0.4302,0.5695,0.3646,0.1557,0.2458,0.3646,0.2991,0.2991,0.1229,0.0574,0.0574,0.3800,0.5145,,0.1345,,62.93,,,147.9,,0.070,
1791426517.6059988,0.7006,0.7006,0.5695,0.7006,0.5695,0.7006,0.4302,0.2991,0.2991,0.2458,0.5695,0.1557,0.2458,0.2458,0.0942,0.0942,0.0574,0.3780,0.5145,,0.1365,,62.99,,,147.6,,0.070,0.397
1791426517.639119,0.4998,0.5695,0.6350,0.7538,0.5695,0.6350,0.2991,0.3646,0.2991,0.2991,0.5695,0.1557,0.1229,0.1557,0.0942,0.0574,0.0574,0.3810,,,,,62.99,,,147.6,,,
1791426517.6722164,0.4998,0.8767,0.8030,0.5695,0.4998,0.7538,0.2991,0.5695,0.2991,0.2458,0.3646,0.2458,0.2991,0.1557,0.1966,0.0574,0.0574,0.3790,,,,,62.99,,,147.6,,,
1791426517.7126138,0.6350,0.7538,0.4998,0.5695,0.5695,0.7006,0.3646,0.4998,0.2458,0.2458,0.4998,0.2458,0.2458,0.2991,0.1557,0.0410,0.0737,0.3790,0.5140,,0.1350,,62.37,,,146.5,,0.071,0.419
1791426517.742766,0.7006,0.9259,0.5695,0.5695,0.4998,0.8030,0.4302,0.4998,0.1557,0.1966,0.2458,0.2991,0.1966,0.1229,0.0942,0.0574,0.0246,0.3760,0.5120,,0.1360,,63.06,,,147.3,,0.069,
1791426517.775699,0.8030,0.8030,0.5695,0.7006,0.7006,0.6350,0.4302,0.6350,0.3646,0.1966,0.1966,0.3646,0.2458,0.1229,0.0410,0.0410,0.0574,0.3790,0.5135,,0.1345,,62.76,,,148.0,,0.070,
1791426517.8086367,0.6350,0.7006,0.7006,0.7006,0.4302,0.7006,0.3646,0.4998,0.2991,0.1557,0.5695,0.2458,0.1229,0.1966,0.0574,0.0410,0.0574,0.3790,0.5155,,0.1365,,63.09,,,148.9,,0.069,0.369
1791426517.8424988,0.4998,0.7538,0.7538,0.5695,0.4998,0.5695,0.4998,0.4302,0.1966,0.2458,0.2458,0.4302,0.3646,0.1229,0.0574,0.0246,0.0574,0.3790,0.5105,,0.1315,,62.74,,,145.1,0.711,0.070,
1791426517.877011,0.7006,0.8030,0.7538,0.6350,0.7006,0.7006,0.3646,0.7006,0.2991,0.2991,0.2991,0.4302,0.3646,0.0942,0.0737,0.0410,0.0574,0.3790,0.5165,,0.1375,,63.10,,,147.6,0.559,0.069,
1791426517.9111533,0.6350,0.7538,0.7538,0.7006,0.4998,0.8030,0.4302,0.6350,0.2991,0.0942,0.2458,0.2991,0.1557,0.1557,0.1229,0.0410,0.0410,0.3810,0.5175,,0.1365,,63.87,,,148.1,,0.067,
1791426517.9498725,0.7006,0.8440,0.6350,0.8030,0.4302,0.7006,0.5695,0.5695,0.4998,0.1229,0.3646,0.4302,0.3646,0.0737,0.1229,0.0369,0.0737,0.3820,0.5180,,0.1360,,63.46,,,149.8,0.667,0.068,0.392
1791426517.9817445,0.6350,0.8030,0.7538,0.4998,0.5695,0.7006,0.2991,0.4998,0.2458,0.0942,0.1966,0.4998,0.2991,0.1229,0.0737,0.0737,0.0737,0.3820,,,,,63.46,,,149.8,,,
1791426518.0130632,0.5695,0.6350,0.6350,0.6350,0.6350,0.8030,0.3646,0.2458,0.2991,0.1966,0.6350,0.2458,0.1966,0.0737,0.0942,0.0410,0.0369,0.3820,0.5205,,0.1385,,61.59,,,149.8,,0.074,0.406
1791426518.046216,0.5695,0.8030,0.7006,0.7006,0.4998,0.7006,0.3646,0.5695,0.1966,0.2458,0.5695,0.2458,0.2458,0.0942,0.0574,0.0369,0.0246,0.3840,0.5205,,0.1365,,61.23,,,149.4,,0.075,0.422
1791426518.0807152,0.7538,0.9259,0.8030,0.7538,0.5695,0.7006,0.4302,0.4998,0.2991,0.1557,0.4302,0.4302,0.4302,0.0369,0.0410,0.0410,0.0410,0.3860,0.5395,,0.1535,,62.55,,,150.2,0.653,0.073,0.345
1791426518.114895,0.7006,0.7538,0.8440,0.7006,0.4998,0.7538,0.4998,0.6350,0.4302,0.1966,0.2458,0.3646,0.2458,0.0737,0.0737,0.0737,0.0737,0.3880,0.5205,,0.1325,,61.21,,,149.3,,0.076,
1791426518.1477907,0.8030,0.8767,0.7538,0.7006,0.4998,0.7538,0.4998,0.7006,0.2991,0.2991,0.4302,0.2991,0.2991,0.0942,0.0737,0.0574,0.0942,0.3890,0.5210,,0.1320,,59.48,,,147.8,,0.081,0.480
1791426518.1822312,0.7006,0.4998,0.8767,0.8030,0.6350,0.6350,0.4302,0.1966,0.2991,0.2458,0.1966,0.4302,0.2458,0.0942,0.0574,0.0737,0.0574,0.3910,0.5365,,0.1455,,59.92,,,147.5,,0.080,
1791426518.2203934,0.8030,0.4302,0.8030,0.8440,0.7538,0.7538,0.3646,0.5695,0.1966,0.1557,0.1557,0.4302,0.2991,0.0737,0.1229,0.0737,0.0369,0.3910,0.5365,,0.1455,,59.94,,,147.9,,0.081,
1791426518.2519948,0.6350,0.7538,0.6350,0.8030,0.6350,0.7538,0.3646,0.5695,0.2458,0.0942,0.1966,0.4302,0.3646,0.1229,0.0737,0.0574,0.0369,0.4010,0.5290,,0.1280,,58.22,,,147.4,0.698,0.085,
1791426518.283103,0.4302,0.8030,0.6350,0.6350,0.7006,0.7538,0.3646,0.4998,0.4302,0.1966,0.4998,0.4998,0.2991,0.0737,0.0737,0.0369,0.0246,0.4020,0.5335,,0.1315,,57.41,,,151.3,,0.087,0.347
1791426518.317226,0.7006,0.5695,0.7538,0.7006,0.5695,0.7006,0.4302,0.4302,0.2991,0.1557,0.1557,0.2991,0.2991,0.0574,0.0574,0.0246,0.0574,0.4040,0.5340,,0.1300,,55.23,,,151.1,,0.094,
1791426518.352311,0.5695,0.8030,0.8440,0.7538,0.7006,0.8030,0.4302,0.5695,0.2991,0.1966,0.2458,0.4302,0.4998,0.0574,0.0574,0.0574,0.0410,0.4050,0.5380,,0.1330,,54.27,,,150.6,0.813,0.097,
1791426518.3860912,0.6350,0.7538,0.7538,0.8440,0.8030,0.6350,0.7006,0.5695,0.1966,0.1557,0.1557,0.6350,0.4302,0.0369,0.0942,0.0369,0.0246,0.4090,0.5310,,0.1220,,51.54,,,149.1,0.835,0.105,
1791426518.4193513,0.4998,0.8030,0.7538,0.5695,0.7538,0.4302,0.4998,0.7006,0.2991,0.2458,0.5695,0.4302,0.2991,0.0410,0.0574,0.0410,0.0737,0.4130,0.5485,,0.1355,,49.75,,,148.2,,0.112,0.425
1791426518.4597216,0.6350,0.8030,0.8767,0.8030,0.7538,0.8030,0.5695,0.4302,0.4302,0.0942,0.5695,0.4998,0.4998,0.0574,0.0574,0.0574,0.0574,0.4160,0.6245,,0.2085,,51.54,,,141.6,0.814,0.118,0.388
1791426518.4920347,0.7006,0.9054,0.7538,0.7538,0.7006,0.7006,0.4998,0.4998,0.2991,0.4302,0.6350,0.4998,0.4998,0.0410,0.0737,0.0410,0.0737,0.4190,0.6265,,0.2075,,52.81,,50.0,133.3,0.880,0.121,0.392
1791426518.5225952,0.6350,0.8030,0.7538,0.7538,0.7538,0.7538,0.5695,0.5695,0.3646,0.4998,0.3646,0.5695,0.4998,0.0737,0.0574,0.0737,0.0410,0.4200,0.5455,,0.1255,,50.07,,78.7,124.3,0.911,0.128,0.430
1791426518.5549505,0.8030,0.6350,0.7006,0.7538,0.7538,0.7006,0.5695,0.3646,0.4302,0.2458,0.6350,0.5695,0.4998,0.0246,0.0410,0.0410,0.0410,0.4230,0.5580,,0.1350,,49.06,,100.1,128.7,0.846,0.130,0.401
1791426518.5891514,0.7006,0.7006,0.7538,0.7538,0.7006,0.7538,0.4998,0.6350,0.3646,0.0737,0.7006,0.5695,0.4998,0.0410,0.0246,0.0205,0.0246,0.4250,0.5485,,0.1235,,47.19,,92.2,120.0,0.883,0.134,0.407
1791426518.6238267,0.7538,0.7538,0.7538,0.7538,0.7006,0.7006,0.4302,0.7006,0.2991,0.0942,0.1229,0.6350,0.5695,0.0574,0.0737,0.0369,0.0369,0.4270,0.5595,0.6730,0.1325,0.1135,46.64,18.83,78.5,127.5,0.855,0.134,
1791426518.6576786,0.5695,0.8030,0.8440,0.7006,0.7538,0.6350,0.7538,0.5695,0.4302,0.0574,0.0574,0.4302,0.4998,0.1966,0.0410,0.0410,0.0410,0.4270,0.6230,,0.1960,,47.73,16.61,91.9,127.0,0.895,0.139,
1791426518.6977031,0.8440,0.9054,0.7006,0.5695,0.4998,0.6350,0.7006,0.6350,0.2991,0.4302,0.5695,0.4998,0.4302,0.0942,0.0737,0.0737,0.0574,0.4310,0.6280,,0.1970,,49.46,15.18,71.2,129.9,0.752,0.138,0.364
1791426518.7294652,0.8440,0.8030,0.7006,0.8030,0.5695,0.6350,0.8030,0.6350,0.2458,0.5695,0.5695,0.4998,0.4998,0.1229,0.0410,0.0410,0.0369,0.4300,0.6285,,0.1985,,50.64,13.62,59.1,122.0,0.854,0.139,0.386
1791426518.7606595,0.5695,0.5695,0.6350,0.6350,0.5695,0.7538,0.7006,0.7006,0.2458,0.0737,0.5695,0.4998,0.4302,0.0410,0.0246,0.0410,0.0574,0.4330,0.5675,,0.1345,,49.84,14.65,68.5,125.9,0.766,0.137,0.360
1791426518.7929068,0.6350,0.6350,0.7538,0.7538,0.6350,0.7538,0.6350,0.6350,0.2458,0.2991,0.5695,0.4998,0.3646,0.0410,0.0205,0.0369,0.0369,0.4340,0.5700,,0.1360,,48.59,15.05,88.1,119.3,0.866,0.138,0.402
1791426518.8264594,0.7538,0.8030,0.7538,0.8030,0.5695,0.7006,0.5695,0.6350,0.3646,0.0942,0.0942,0.6350,0.4998,0.0246,0.0369,0.0369,0.0574,0.4340,0.5670,,0.1330,,46.99,15.35,99.8,122.3,0.899,0.142,
1791426518.8607948,0.6350,0.8030,0.7538,0.7538,0.6350,0.6350,0.8030,0.4998,0.2458,0.0737,0.7006,0.4998,0.4998,0.0205,0.0369,0.0574,0.0246,0.4350,0.6285,,0.1935,,47.90,13.47,96.8,110.1,0.957,0.145,0.409
1791426518.894871,0.5695,0.8767,0.7006,0.7538,0.5695,0.4998,0.6350,0.3646,0.2991,0.3646,0.4302,0.4998,0.4302,0.0369,0.0205,0.0737,0.0410,0.4360,0.6230,,0.1870,,48.87,12.40,111.4,90.1,0.878,0.145,1.266
1791426518.935361,0.5695,0.8030,0.5695,0.8030,0.7006,0.7006,0.6350,0.5695,0.2458,0.0737,0.7006,0.4998,0.4998,0.0369,0.0246,0.0574,0.0410,0.4350,0.6290,,0.1940,,50.11,11.43,116.6,82.5,0.848,0.143,0.372
1791426518.966833,0.5695,0.5695,0.8030,0.7006,0.5695,0.7538,0.7006,0.6350,0.4302,0.0737,0.0942,0.4998,0.3646,0.0737,0.0410,0.0574,0.0410,0.4420,0.6275,,0.1855,,50.75,10.73,119.4,77.8,0.829,0.142,
1791426518.9994545,0.7006,0.6350,0.7006,0.7538,0.6350,0.7006,0.5695,0.4998,0.3646,0.1229,0.1966,0.5695,0.4302,0.0942,0.0410,0.0942,0.0574,0.4350,0.6260,,0.1910,,50.47,10.02,129.5,87.8,0.916,0.147,
1791426519.0305426,0.5695,0.7538,0.7538,0.7538,0.5695,0.6350,0.8030,0.5695,0.6350,0.0942,0.1966,0.2991,0.4998,0.0369,0.0410,0.0410,0.0737,0.4350,0.5700,,0.1350,,49.09,11.36,135.8,115.9,,0.146,
1791426519.0642552,0.7006,0.7538,0.5695,0.6350,0.7006,0.7006,0.6350,0.4302,0.4998,0.0942,0.6350,0.5695,0.4302,0.0574,0.0246,0.0369,0.0246,0.4380,0.5750,,0.1370,,48.58,12.36,135.7,99.0,0.831,0.143,0.361
1791426519.0981693,0.7006,0.8030,0.6350,0.8030,0.5695,0.5695,0.7006,0.4302,0.3646,0.1966,0.4302,0.4302,0.4302,0.0369,0.0369,0.0410,0.0574,0.4400,0.6285,,0.1885,,49.58,11.26,140.2,139.1,0.905,0.143,1.249
1791426519.131451,0.7006,0.7006,0.7006,0.8030,0.6350,0.7006,0.7006,0.5695,0.4302,0.2991,0.4302,0.4998,0.4998,0.0410,0.0410,0.0369,0.0369,0.4360,0.6265,,0.1905,,50.21,10.54,141.1,171.2,0.870,0.144,1.259
1791426519.165717,0.8440,0.8440,0.6350,0.7538,0.7006,0.7538,0.5695,0.4302,0.2991,0.1229,0.1229,0.4998,0.4998,0.0737,0.0410,0.0737,0.0737,0.4340,0.5705,,0.1365,,48.67,,142.6,174.6,0.830,0.145,
1791426519.1999688,0.7538,0.7538,0.8030,0.7538,0.6350,0.6350,0.5695,0.5695,0.2458,0.1229,0.3646,0.4998,0.4998,0.0369,0.0410,0.0574,0.0574,0.4360,0.5680,,0.1320,,47.83,,144.5,154.9,0.871,0.144,1.244
1791426519.2384145,0.5695,0.7538,0.8030,0.8030,0.7538,0.7006,0.6350,0.4302,0.3646,0.1557,0.0942,0.4998,0.4998,0.0246,0.0369,0.0737,0.0574,0.4380,0.6275,,0.1895,,48.83,,145.0,157.4,0.830,0.144,
1791426519.2708173,0.7006,0.7538,0.7538,0.4998,0.7006,0.7006,0.7538,0.1966,0.4302,0.1229,0.1966,0.5695,0.4998,0.1966,0.0737,0.0574,0.0737,0.4340,0.6295,,0.1955,,50.02,,145.1,151.2,0.841,0.143,
1791426519.3026786,0.7538,0.6350,0.4998,0.7538,0.4998,0.6350,0.8030,0.5695,0.3646,0.0942,0.0942,0.4302,0.4302,0.0369,0.0369,0.0574,0.0410,0.4380,0.6285,,0.1905,,50.02,,141.8,151.9,0.961,0.147,
1791426519.335351,0.5695,0.5695,0.7006,0.8030,0.5695,0.7006,0.4302,0.4302,0.1966,0.2991,0.6350,0.5695,0.4998,0.0410,0.0246,0.0574,0.0369,0.4440,0.6260,,0.1820,,50.87,,144.6,163.2,0.913,0.143,0.406
1791426519.3695402,0.7006,0.7006,0.8030,0.8440,0.8030,0.6350,0.6350,0.6350,0.2991,0.3646,0.6350,0.4998,0.4302,0.0574,0.0737,0.0574,0.0410,0.4410,0.6255,,0.1845,,51.20,,147.7,109.1,0.881,0.143,0.401
1791426519.4029183,0.5695,0.7538,0.8030,0.7006,0.7538,0.7006,0.6350,0.6350,0.4998,0.4302,0.6350,0.4998,0.4302,0.0410,0.0410,0.0574,0.0574,0.4420,0.6270,,0.1850,,51.98,,149.8,76.4,0.880,0.140,0.370
1791426519.4372249,0.4998,0.8767,0.8030,0.8030,0.7006,0.5695,0.7006,0.6350,0.2458,0.4302,0.1229,0.5695,0.4998,0.1229,0.0246,0.0410,0.0410,0.4370,0.6215,,0.1845,,51.60,,151.5,72.3,0.961,0.143,1.537
1791426519.4763412,0.4998,0.8440,0.5695,0.7538,0.7006,0.7006,0.7006,0.6350,0.1966,0.2458,0.1229,0.4302,0.4998,0.0574,0.0205,0.0369,0.0246,0.4390,0.6260,,0.1870,,51.72,,150.9,65.0,0.838,0.143,
1791426519.5082734,0.4302,0.7538,0.8767,0.7538,0.6350,0.7006,0.7006,0.6350,0.1966,0.4302,0.4998,0.5695,0.4998,0.0942,0.0205,0.0574,0.0574,0.4400,0.6270,,0.1870,,52.22,,150.9,58.0,0.877,0.142,0.363
1791426519.5399995,0.5695,0.8030,0.7538,0.7006,0.6350,0.7006,0.7006,0.7006,0.3646,0.2991,0.7006,0.4998,0.5695,0.0574,0.0205,0.0369,0.0737,0.4360,0.6270,,0.1910,,52.58,,150.0,54.7,0.827,0.141,0.362
1791426519.5728858,0.5695,0.9423,0.6350,0.8030,0.7538,0.7538,0.6350,0.6350,0.3646,0.0942,0.6350,0.4998,0.5695,0.0737,0.0369,0.0369,0.0369,0.4360,0.5740,,0.1380,,51.72,,144.5,79.5,0.834,0.138,0.347
1791426519.606791,0.6350,0.9054,0.5695,0.6350,0.4998,0.5695,0.7006,0.4998,0.2991,0.2458,0.0942,0.4998,0.4998,0.0574,0.0246,0.0369,0.0574,0.4350,0.6255,,0.1905,,51.63,,144.0,82.6,0.870,0.141,
1791426519.6411953,0.4998,0.6350,0.5695,0.7538,0.5695,0.5695,0.5695,0.5695,0.2991,0.0942,0.0942,0.5695,0.4998,0.0369,0.0123,0.0410,0.0369,0.4370,0.6230,,0.1860,,51.79,,135.9,83.0,0.911,0.141,
1791426519.6754394,0.7538,0.6350,0.6350,0.7538,0.7006,0.5695,0.7006,0.5695,0.3646,0.0942,0.5695,0.4998,0.4998,0.0205,0.0246,0.0410,0.0369,0.4370,0.6270,,0.1900,,52.01,,137.2,71.1,0.936,0.142,0.426
1791426519.714696,0.4998,0.7538,0.7538,0.8030,0.7006,0.6350,0.6350,0.4998,0.2458,0.3646,0.2991,0.4998,0.4998,0.0942,0.0410,0.0410,0.0737,0.4420,0.6265,,0.1845,,52.44,,143.1,80.9,0.848,0.140,1.436
1791426519.7459984,0.6350,0.8767,0.6350,0.8030,0.7006,0.7538,0.7538,0.4998,0.4302,0.0574,0.1229,0.4302,0.5695,0.0369,0.0205,0.0410,0.0737,0.4350,0.6265,,0.1915,,52.90,,141.0,105.6,0.795,0.139,
1791426519.7764342,0.7006,0.7538,0.7538,0.8030,0.7006,0.7538,0.8030,0.6350,0.4998,0.4302,0.2991,0.4302,0.4998,0.0246,0.0737,0.0410,0.0574,0.4340,0.6270,,0.1930,,53.19,,144.9,137.7,0.802,0.139,1.414
1791426519.8105702,0.7006,0.7538,0.7538,0.8767,0.7006,0.7538,0.8030,0.4998,0.4302,0.4998,0.6350,0.4302,0.4998,0.0942,0.0246,0.0369,0.0369,0.4320,0.5705,,0.1385,,51.72,,145.0,91.1,0.816,0.139,0.377
1791426519.8453946,0.7006,0.8767,0.7538,0.6350,0.7006,0.7006,0.7538,0.7006,0.2991,0.3646,0.7006,0.3646,0.4302,0.0737,0.0410,0.0942,0.0942,0.4320,0.6240,,0.1920,,52.08,,146.1,73.1,0.780,0.140,0.384
1791426519.8778775,0.7538,0.7538,0.7006,0.7538,0.7538,0.7538,0.7538,0.6350,0.3646,0.1229,0.6350,0.5695,0.4998,0.0246,0.0246,0.0942,0.0942,0.4310,0.6270,,0.1960,,52.69,,136.4,88.3,0.802,0.139,0.389
1791426519.9118395,0.7538,0.7006,0.7006,0.7006,0.7006,0.7006,0.7006,0.4998,0.3646,0.0942,0.5695,0.4998,0.4302,0.0410,0.0410,0.0369,0.0574,0.4310,0.5635,,0.1325,,50.66,,124.6,80.8,0.813,0.142,0.387
1791426519.9514318,0.6350,0.8440,0.8030,0.5695,0.6350,0.6350,0.7006,0.5695,0.4302,0.4998,0.6350,0.5695,0.5695,0.0410,0.0246,0.0369,0.0246,0.4310,0.6245,0.6780,0.1935,0.0535,50.83,11.02,132.9,73.3,0.817,0.144,0.406
1791426519.9824035,0.6350,0.8767,0.9054,0.4998,0.7006,0.6350,0.6350,0.6350,0.2991,0.0737,0.7006,0.4998,0.4998,0.0246,0.0369,0.0574,0.0574,0.4310,0.6255,,0.1945,,51.39,10.44,120.1,68.7,0.843,0.144,0.404
1791426520.0157237,0.7538,0.8767,0.6350,0.6350,0.8030,0.7538,0.6350,0.6350,0.2991,0.1557,0.4998,0.4302,0.4998,0.0410,0.0246,0.1229,0.0410,0.4290,0.6255,,0.1965,,51.71,10.02,104.7,64.1,0.830,0.145,0.460
1791426520.0483289,0.7538,0.8030,0.7006,0.7006,0.6350,0.8030,0.7538,0.6350,0.1229,0.1966,0.4998,0.5695,0.4998,0.0942,0.0574,0.1557,0.1229,0.4310,0.5700,,0.1390,,50.73,11.72,91.9,81.0,0.762,0.143,0.406
1791426520.0819297,0.8030,0.8767,0.8030,0.7538,0.8030,0.8030,0.7538,0.6350,0.1966,0.1229,0.5695,0.5695,0.4302,0.0410,0.0410,0.1229,0.0737,0.4300,0.6265,,0.1965,,51.38,11.03,99.2,76.8,0.817,0.143,0.426
1791426520.116492,0.6350,0.8767,0.6350,0.5695,0.5695,0.7006,0.8030,0.4998,0.3646,0.0942,0.6350,0.4998,0.4998,0.0246,0.0205,0.0410,0.0410,0.4300,0.5455,,0.1155,,48.64,12.95,104.7,72.3,0.900,0.146,0.450
1791426520.1497645,0.4998,0.7006,0.8440,0.6350,0.6350,0.7006,0.7006,0.4302,0.3646,0.1229,0.7006,0.4998,0.4302,0.0410,0.0246,0.0369,0.0410,0.4280,0.6275,,0.1995,,49.20,11.85,94.7,65.0,0.874,0.149,0.444
1791426520.1891427,0.7006,0.7006,0.8030,0.6350,0.7538,0.8440,0.8440,0.7006,0.3646,0.5695,0.7538,0.6350,0.4302,0.0410,0.0574,0.0737,0.0574,0.4280,0.6240,,0.1960,,50.38,11.26,111.9,62.7,0.808,0.147,0.398
1791426520.2208455,0.4998,0.7538,0.7006,0.7538,0.7006,0.7006,0.8767,0.5695,0.2991,0.1557,0.7006,0.3646,0.3646,0.0246,0.0246,0.0369,0.0410,0.4300,0.6270,,0.1970,,51.19,10.59,103.0,59.7,0.845,0.146,0.387
1791426520.2529142,0.7006,0.7538,0.7006,0.8030,0.7006,0.8030,0.8030,0.4998,0.2458,0.4302,0.4998,0.5695,0.4302,0.0410,0.0369,0.0574,0.0574,0.4290,0.6180,,0.1890,,51.19,10.44,118.0,60.4,0.812,0.147,1.217
1791426520.2852032,0.8030,0.8030,0.8440,0.6350,0.7538,0.8030,0.8767,0.3646,0.4998,0.0942,0.5695,0.4998,0.4302,0.0737,0.0246,0.0369,0.0369,0.4280,0.6260,,0.1980,,51.33,9.96,104.3,54.6,0.845,0.149,0.432
1791426520.318889,0.4998,0.8030,0.7538,0.7006,0.7538,0.8030,0.7538,0.6350,0.2991,0.0942,0.6350,0.5695,0.4302,0.0942,0.0410,0.0410,0.0369,0.4300,0.6200,,0.1900,,51.66,9.74,112.9,52.1,0.864,0.148,0.391
1791426520.3528395,0.5695,0.8767,0.7538,0.6350,0.7538,0.7006,0.6350,0.5695,0.3646,0.4302,0.3646,0.6350,0.4998,0.0205,0.0737,0.0410,0.0737,0.4310,0.5650,,0.1340,,50.35,11.41,124.1,59.7,0.847,0.146,1.182
1791426520.3870592,0.5695,0.8030,0.8440,0.8030,0.6350,0.8440,0.7006,0.5695,0.2458,0.3646,0.4302,0.6350,0.4998,0.0369,0.0164,0.0246,0.0246,0.4290,0.6200,,0.1910,,50.70,10.91,133.8,54.1,0.861,0.147,0.459
1791426520.427084,0.7006,0.7538,0.7006,0.7006,0.7538,0.7006,0.6350,0.4998,0.4302,0.4302,0.3646,0.5695,0.4998,0.0246,0.0205,0.0737,0.0942,0.4310,0.6235,,0.1925,,50.74,10.36,139.6,65.7,0.873,0.149,1.295
1791426520.4586446,0.6350,0.8767,0.8767,0.8030,0.5695,0.7006,0.7006,0.7006,0.2991,0.0737,0.0942,0.5695,0.4998,0.0574,0.0574,0.0369,0.0369,0.4290,0.6100,,0.1810,,50.43,10.51,142.1,80.2,0.814,0.150,
1791426520.4907415,0.7006,0.8030,0.8030,0.8030,0.6350,0.7006,0.7538,0.5695,0.2991,0.0574,0.6350,0.5695,0.4998,0.0410,0.0205,0.0410,0.0410,0.4290,0.5650,,0.1360,,49.23,,128.7,66.2,0.855,0.149,0.440
1791426520.5223026,0.7006,0.9259,0.8767,0.8440,0.7538,0.6350,0.7538,0.5695,0.2991,0.0574,0.6350,0.6350,0.4998,0.0410,0.0369,0.0410,0.0369,0.4270,0.6230,,0.1960,,50.19,,128.4,58.6,0.840,0.148,0.404
1791426520.5564399,0.5695,0.6350,0.7006,0.8030,0.8030,0.6350,0.5695,0.5695,0.3646,0.3646,0.6350,0.4998,0.4302,0.0410,0.0410,0.0942,0.0574,0.4280,0.6265,,0.1985,,51.20,,133.9,82.7,0.791,0.146,0.392
1791426520.5911913,0.7538,0.8030,0.8767,0.7538,0.7538,0.7538,0.7538,0.6350,0.1966,0.0942,0.6350,0.6350,0.4998,0.0246,0.1557,0.0574,0.0737,0.4280,0.5650,,0.1370,,50.32,,115.4,89.5,0.831,0.143,0.375
1791426520.6240852,0.7006,0.8030,0.4998,0.7006,0.6350,0.7006,0.6350,0.6350,0.4998,0.4302,0.5695,0.4998,0.4998,0.0574,0.0574,0.0574,0.0574,0.4310,0.5605,,0.1295,,48.84,,124.6,127.4,0.822,0.143,0.396
1791426520.6579418,0.6350,0.7006,0.7006,0.8030,0.6350,0.8030,0.6350,0.4998,0.2458,0.4998,0.0737,0.4998,0.4302,0.0246,0.0205,0.0369,0.0574,0.4270,0.5485,,0.1215,,47.16,,131.3,124.9,0.904,0.144,1.446
1791426520.696447,0.4998,0.8440,0.7006,0.7538,0.5695,0.4302,0.5695,0.4998,0.1557,0.0737,0.7006,0.6350,0.4302,0.0737,0.0410,0.0410,0.0410,0.4270,0.6245,,0.1975,,48.91,,116.1,112.0,0.820,0.143,0.380
1791426520.728832,0.8030,0.6350,0.8030,0.8030,0.7006,0.5695,0.7538,0.5695,0.2991,0.4302,0.6350,0.4998,0.4998,0.0246,0.0164,0.0410,0.0410,0.4270,0.6220,,0.1950,,49.80,,125.9,97.7,0.884,0.144,0.402
1791426520.7605033,0.5695,0.7538,0.7006,0.7538,0.7006,0.6350,0.6350,0.4998,0.1966,0.0942,0.1557,0.4998,0.4302,0.0410,0.0369,0.0410,0.0410,0.4260,0.5595,,0.1335,,48.35,,126.1,85.8,0.882,0.145,
1791426520.7943377,0.7538,0.8440,0.7538,0.7006,0.4998,0.7538,0.7006,0.6350,0.3646,0.0737,0.6350,0.5695,0.5695,0.0369,0.0410,0.0246,0.0369,0.4240,0.6225,0.6730,0.1985,0.0505,49.12,12.47,111.5,81.3,0.925,0.147,0.465
1791426520.8277829,0.7006,0.7538,0.5695,0.6350,0.6350,0.5695,0.6350,0.5695,0.4998,0.3646,0.1557,0.5695,0.4302,0.0369,0.0369,0.0369,0.0410,0.4240,0.6175,,0.1935,,49.85,11.83,124.5,79.2,0.866,0.147,1.406
1791426520.8617592,0.6350,0.8030,0.7538,0.7538,0.7006,0.6350,0.7538,0.4998,0.2991,0.0574,0.7006,0.4302,0.4302,0.0574,0.0246,0.0574,0.0410,0.4230,0.6210,,0.1980,,50.79,11.25,106.1,69.0,0.848,0.146,0.401
1791426520.8954072,0.8030,0.8030,0.9054,0.5695,0.6350,0.4998,0.6350,0.7006,0.2991,0.2458,0.1966,0.5695,0.4302,0.0369,0.0246,0.0410,0.0410,0.4220,0.5470,,0.1250,,48.88,13.16,85.7,62.7,0.840,0.147,
1791426520.9339123,0.5695,0.9054,0.8440,0.7006,0.5695,0.7006,0.6350,0.2991,0.2458,0.1229,0.5695,0.5695,0.4302,0.0410,0.0369,0.0246,0.0246,0.4200,0.6220,,0.2020,,50.12,12.26,76.1,56.8,0.856,0.146,0.430
1791426520.966162,0.4998,0.6350,0.9628,0.8030,0.7006,0.7006,0.8030,0.4302,0.3646,0.4302,0.5695,0.6350,0.4998,0.0737,0.0737,0.0574,0.0410,0.4170,0.6120,,0.1950,,50.58,11.85,96.7,55.9,0.861,0.147,0.426
1791426520.9974668,0.6350,0.6350,0.6350,0.8440,0.7538,0.8030,0.5695,0.6350,0.4998,0.0942,0.7538,0.5695,0.5695,0.0369,0.1229,0.0246,0.0369,0.4160,0.6170,0.6720,0.2010,0.0550,51.33,11.27,86.9,55.0,0.869,0.147,0.420
1791426521.031165,0.3646,0.7006,0.7538,0.6350,0.6350,0.6350,0.7006,0.6350,0.5695,0.1557,0.5695,0.5695,0.2458,0.0246,0.0246,0.0369,0.0410,0.4150,0.5340,,0.1190,,49.48,13.47,76.0,53.3,,0.146,0.424
1791426521.0654917,0.5695,0.6350,0.2991,0.4998,0.6350,0.7538,0.6350,0.5695,0.5695,0.0942,0.4302,0.4302,0.4302,0.0246,0.0246,0.0205,0.0205,0.4130,0.6120,,0.1990,,50.17,12.68,91.7,51.9,0.905,0.147,0.446
1791426521.0992324,0.7006,0.8440,0.4998,0.7538,0.6350,0.7006,0.7006,0.5695,0.4998,0.4302,0.6350,0.5695,0.4302,0.0737,0.0164,0.0410,0.0369,0.4110,0.5355,,0.1245,,48.65,14.72,109.4,51.0,0.811,0.146,0.415
1791426521.1328974,0.7006,0.8030,0.4998,0.7006,0.7006,0.7006,0.7006,0.6350,0.7006,0.2991,0.6350,0.5695,0.4998,0.1229,0.0246,0.0574,0.0574,0.4080,0.5350,,0.1270,,48.06,16.39,122.4,51.9,0.809,0.142,0.390
1791426521.1729019,0.7006,0.8440,0.6350,0.7006,0.5695,0.8030,0.4998,0.6350,0.2991,0.0942,0.1557,0.5695,0.4302,0.0737,0.0737,0.0737,0.0574,0.4100,0.5345,,0.1245,,47.83,17.69,106.9,87.9,0.824,0.137,
1791426521.2041576,0.8440,0.8440,0.7538,0.7538,0.7538,0.7538,0.5695,0.6350,0.4998,0.1557,0.1229,0.5695,0.5695,0.1557,0.0369,0.0942,0.0942,0.4060,0.5460,0.6860,0.1400,0.1400,48.85,19.20,98.3,100.3,0.722,0.130,
1791426521.234979,0.6350,0.6350,0.4998,0.6350,0.5695,0.7006,0.4302,0.4998,0.4998,0.0942,0.1229,0.5695,0.4302,0.0369,0.0574,0.0410,0.0410,0.4030,0.5285,,0.1255,,49.41,20.69,91.6,128.4,0.720,0.124,
1791426521.2697206,0.7006,0.6350,0.8440,0.5695,0.5695,0.6350,0.4998,0.4998,0.3646,0.3646,0.1557,0.4998,0.3646,0.0737,0.0410,0.0369,0.0205,0.4050,0.5295,,0.1245,,48.58,21.40,78.6,120.1,0.819,0.124,0.726
1791426521.3035307,0.8030,0.5695,0.4998,0.8440,0.5695,0.6350,0.4998,0.5695,0.2991,0.1966,0.1229,0.4998,0.4998,0.0574,0.0574,0.0737,0.0410,0.4000,0.5270,,0.1270,,48.40,22.12,65.7,130.8,0.800,0.122,
1791426521.3371823,0.7006,0.4302,0.7538,0.8030,0.5695,0.6350,0.4998,0.6350,0.2991,0.2991,0.1229,0.4998,0.4302,0.0410,0.0410,0.0737,0.0410,0.3970,0.5270,,0.1300,,48.31,22.77,62.4,137.8,0.786,0.121,
1791426521.3706918,0.5695,0.5695,0.6350,0.8767,0.6350,0.6350,0.4302,0.6350,0.3646,0.1557,0.1557,0.4302,0.3646,0.0942,0.0737,0.0574,0.0410,0.3970,0.5270,,0.1300,,48.63,23.66,57.8,142.2,0.715,0.119,
1791426521.4110696,0.7006,0.7006,0.8440,0.7006,0.8030,0.7006,0.4998,0.4998,0.3646,0.1966,0.7538,0.4302,0.4302,0.0942,0.0942,0.0410,0.0574,0.3960,0.5285,,0.1325,,49.07,24.17,54.7,141.0,0.748,0.117,0.395
1791426521.4422262,0.6350,0.5695,0.8767,0.8767,0.7538,0.7538,0.6350,0.5695,0.6350,0.1966,0.1557,0.6350,0.4302,0.0942,0.0942,0.0737,0.0410,0.3950,0.5275,,0.1325,,49.16,24.61,46.3,139.1,0.747,0.116,
1791426521.4742072,0.7006,0.4998,0.7006,0.5695,0.7006,0.6350,0.5695,0.4998,0.3646,0.1966,0.2991,0.3646,0.3646,0.0942,0.0737,0.0246,0.0410,0.3980,0.5230,,0.1250,,48.50,25.25,46.9,131.5,0.723,0.117,
1791426521.5068002,0.5695,0.8440,0.7006,0.8767,0.6350,0.8030,0.4998,0.3646,0.1966,0.1557,0.1229,0.4998,0.4302,0.0942,0.1229,0.0369,0.0246,0.3950,0.6085,,0.2135,,51.84,23.11,50.1,129.6,0.715,0.117,
1791426521.540291,0.7006,0.6350,0.7538,0.8030,0.6350,0.7006,0.5695,0.4998,0.2991,0.2458,0.6350,0.5695,0.4998,0.0942,0.0205,0.0369,0.0410,0.3980,0.5215,,0.1235,,50.38,23.71,52.6,119.7,0.793,0.119,0.442
1791426521.5751393,0.5695,0.7006,0.6350,0.8440,0.6350,0.7006,0.6350,0.7006,0.2458,0.1966,0.2991,0.6350,0.4302,0.0737,0.2458,0.0737,0.0574,0.3950,0.6180,,0.2230,,53.83,21.26,49.4,128.3,0.765,0.117,
1791426521.608086,0.7538,0.8030,0.7538,0.6350,0.8030,0.8030,0.5695,0.7006,0.4302,0.1229,0.1229,0.4998,0.4302,0.0942,0.0574,0.0942,0.0737,0.3950,0.5250,,0.1300,,53.14,22.60,49.2,137.7,0.707,0.115,
1791426521.642586,0.6350,0.6350,0.6350,0.8030,0.7006,0.7006,0.6350,0.5695,0.2991,0.2991,0.1229,0.4302,0.2991,0.0574,0.0574,0.0410,0.0410,0.3950,0.5265,,0.1315,,52.25,23.43,46.5,142.6,,0.115,
1791426521.681165,0.7006,0.7006,0.8440,0.7538,0.7006,0.7538,0.7538,0.5695,0.4302,0.1557,0.5695,0.3646,0.2458,0.0737,0.0246,0.0369,0.0369,0.3950,0.5220,,0.1270,,50.63,23.94,43.2,134.1,,0.119,0.442
1791426521.7141426,0.7006,0.5695,0.8030,0.7538,0.7006,0.7538,0.6350,0.5695,0.4302,0.0737,0.0942,0.5695,0.4302,0.0942,0.0410,0.0737,0.0737,0.3970,0.5280,,0.1310,,50.04,24.31,47.8,143.0,0.766,0.119,
1791426521.744691,0.5695,0.5695,0.6350,0.6350,0.6350,0.6350,0.4998,0.5695,0.4302,0.0737,0.1557,0.4998,0.4998,0.0737,0.0574,0.0369,0.0369,0.4020,0.6185,,0.2165,,52.59,,60.3,140.0,0.782,0.120,
1791426521.7778833,0.7538,0.6350,0.7006,0.7006,0.7006,0.8030,0.4998,0.6350,0.4998,0.1557,0.1966,0.5695,0.2991,0.0942,0.0737,0.0410,0.0369,0.4000,0.5245,,0.1245,,51.18,,56.2,140.7,,0.121,
1791426521.812219,0.5695,0.7006,0.8030,0.8030,0.7538,0.7006,0.5695,0.4998,0.3646,0.0942,0.1557,0.4998,0.4998,0.0737,0.0574,0.0410,0.0369,0.4020,0.5320,,0.1300,,51.23,,,147.2,0.694,0.118,
1791426521.8446813,0.7006,0.5695,0.7006,0.8030,0.7538,0.7538,0.3646,0.6350,0.2991,0.1966,0.1557,0.6350,0.4302,0.0737,0.1229,0.0574,0.0737,0.4040,0.5310,,0.1270,,50.17,,,148.5,0.802,0.119,
1791426521.8787384,0.6350,0.4998,0.5695,0.6350,0.5695,0.4998,0.2458,0.7006,0.2458,0.1557,0.1966,0.4998,0.3646,0.0737,0.0737,0.0410,0.0410,0.4050,,,,,50.17,,,148.5,,,
1791426521.9133265,0.6350,0.5695,0.7538,0.7538,0.7006,0.6350,0.4302,0.6350,0.2991,0.1966,0.1966,0.4998,0.3646,0.0574,0.1557,0.0942,0.0942,0.4050,0.5370,,0.1320,,49.20,,,148.6,0.772,0.121,
1791426521.951323,0.5695,0.5695,0.4998,0.7006,0.3646,0.6350,0.4302,0.5695,0.2991,0.1557,0.1966,0.4998,0.3646,0.0574,0.0574,0.0410,0.0246,0.4060,0.5365,,0.1305,,48.42,,,147.8,0.786,0.123,
1791426521.9839349,0.5695,0.6350,0.7006,0.6350,0.5695,0.7538,0.6350,0.5695,0.3646,0.1229,0.2458,0.4998,0.4302,0.0574,0.0737,0.0410,0.0410,0.4060,0.5315,,0.1255,,47.68,,,145.9,0.859,0.124,
1791426522.0156548,0.4998,0.7006,0.6350,0.6350,0.6350,0.7006,0.5695,0.4998,0.3646,0.0942,0.2458,0.4302,0.4302,0.0574,0.0574,0.0369,0.0369,0.4090,0.6155,,0.2065,,49.42,,,139.2,0.875,0.128,
1791426522.0486093,0.4998,0.7006,0.7006,0.7538,0.7006,0.6350,0.5695,0.5695,0.2991,0.0410,0.1557,0.3646,0.3646,0.0574,0.0410,0.0410,0.0410,0.4090,0.5505,,0.1415,,49.05,,,142.6,0.724,0.129,
1791426522.0831258,0.8030,0.5695,0.8440,0.7006,0.4998,0.7006,0.5695,0.6350,0.5695,0.1229,0.2458,0.4302,0.5695,0.1229,0.0205,0.0410,0.1229,0.4100,0.5455,,0.1355,,48.23,,,143.9,0.771,0.130,
1791426522.117465,0.5695,0.9054,0.7538,0.7006,0.7006,0.7006,0.4998,0.4998,0.5695,0.0737,0.1229,0.4998,0.4302,0.0574,0.0410,0.0410,0.0737,0.4100,0.5310,,0.1210,,46.66,,,143.1,0.864,0.133,
1791426522.1502645,0.6350,0.6350,0.6350,0.7538,0.7006,0.7538,0.5695,0.6350,0.4302,0.0942,0.5695,0.4302,0.3646,0.0942,0.0246,0.0410,0.0942,0.4110,0.6105,,0.1995,,47.84,,,134.9,0.833,0.138,0.448
1791426522.190526,0.4302,0.5695,0.7006,0.7006,0.4998,0.7538,0.5695,0.6350,0.4998,0.1229,0.4302,0.4998,0.4998,0.0574,0.0164,0.0205,0.0205,0.4120,0.5340,,0.1220,,46.29,,,124.3,0.899,0.140,0.497
1791426522.2222855,0.7006,0.7006,0.7006,0.8440,0.6350,0.8030,0.4998,0.6350,0.2991,0.1557,0.1229,0.5695,0.4302,0.0942,0.0369,0.0410,0.0410,0.4120,0.5430,,0.1310,,45.30,,,107.5,0.848,0.142,
1791426522.2529879,0.6350,0.6350,0.6350,0.6350,0.5695,0.7538,0.6350,0.4998,0.4302,0.0737,0.1229,0.4998,0.3646,0.0369,0.0737,0.0246,0.0410,0.4120,0.5455,,0.1335,,44.31,,,104.3,0.823,0.145,
1791426522.2869015,0.6350,0.8030,0.7006,0.8030,0.6350,0.7006,0.4998,0.5695,0.2458,0.1557,0.5695,0.5695,0.4998,0.0574,0.0574,0.0574,0.0410,0.4120,0.5475,,0.1355,,44.23,,,124.3,0.757,0.144,0.389
1791426522.320003,0.4998,0.7538,0.7006,0.6350,0.7006,0.7006,0.6350,0.5695,0.4302,0.0737,0.0942,0.4998,0.4302,0.1229,0.0942,0.0369,0.0737,0.4120,0.5330,,0.1210,,42.95,,,77.1,0.856,0.146,
1791426522.355064,0.6350,0.7538,0.6350,0.8030,0.4998,0.7006,0.4998,0.7538,0.3646,0.1966,0.5695,0.4998,0.4302,0.0574,0.0942,0.0246,0.0369,0.4120,0.5385,,0.1265,,42.79,,,77.8,0.781,0.145,0.406
1791426522.388284,0.4302,0.7006,0.6350,0.8030,0.5695,0.6350,0.4998,0.6350,0.6350,0.0942,0.3646,0.3646,0.4302,0.0574,0.0369,0.0410,0.0369,0.4120,0.5330,,0.1210,,42.40,,,124.8,0.842,0.144,0.411
1791426522.422375,0.4998,0.5695,0.7538,0.7006,0.4998,0.6350,0.4998,0.5695,0.5695,0.2991,0.6350,0.3646,0.2991,0.0369,0.0369,0.0246,0.0574,0.4120,0.5325,,0.1205,,41.54,,,67.0,,0.146,0.445
1791426522.46047,0.6350,0.7538,0.5695,0.5695,0.4998,0.7006,0.5695,0.6350,0.3646,0.4302,0.5695,0.4998,0.5695,0.0246,0.0574,0.0942,0.0369,0.4140,0.6130,,0.1990,,44.14,,94.2,26.4,0.856,0.148,0.434
1791426522.4923625,0.7538,0.8030,0.9259,0.7006,0.5695,0.8030,0.4998,0.4302,0.4998,0.0942,0.3646,0.4998,0.4302,0.0574,0.0369,0.0410,0.0574,0.4120,0.5330,,0.1210,,44.16,,79.7,84.8,0.818,0.143,0.468
1791426522.524315,0.6350,0.7006,0.5695,0.7006,0.6350,0.7538,0.5695,0.6350,0.5695,0.3646,0.0942,0.5695,0.4302,0.0574,0.0574,0.0410,0.0410,0.4120,0.5340,,0.1220,,43.36,,105.3,87.6,0.863,0.143,1.449
1791426522.5585904,0.5695,0.7006,0.4998,0.7538,0.5695,0.7538,0.4998,0.6350,0.3646,0.1229,0.1966,0.5695,0.5695,0.0369,0.0737,0.0410,0.0410,0.4120,0.5340,0.6740,0.1220,0.1400,42.78,21.17,84.6,85.4,0.871,0.144,
1791426522.592014,0.5695,0.8030,0.5695,0.6350,0.5695,0.6350,0.4302,0.6350,0.4998,0.3646,0.1557,0.3646,0.3646,0.0574,0.0410,0.0369,0.0369,0.4120,0.5325,,0.1205,,41.65,21.45,107.4,34.5,0.863,0.147,1.479
1791426522.625693,0.5695,0.8030,0.8767,0.7006,0.5695,0.7006,0.5695,0.2991,0.6350,0.1229,0.0737,0.4998,0.4302,0.0942,0.0737,0.0369,0.0369,0.4120,0.6130,,0.2010,,44.12,19.38,96.5,19.6,0.841,0.149,
1791426522.6600816,0.5695,0.8030,0.7006,0.8440,0.7006,0.7006,0.5695,0.5695,0.2991,0.3646,0.3646,0.4998,0.4302,0.0942,0.0410,0.0369,0.0410,0.4120,0.5335,,0.1215,,42.45,19.88,118.1,18.4,0.890,0.153,1.483
1791426522.6986957,0.7006,0.7006,0.7538,0.6350,0.5695,0.7006,0.4998,0.5695,0.3646,0.0737,0.5695,0.5695,0.4302,0.0410,0.0369,0.0246,0.0246,0.4180,0.6185,,0.2005,,45.02,17.78,107.2,21.5,0.882,0.152,0.433
1791426522.7308328,0.4302,0.7006,0.7006,0.7006,0.6350,0.6350,0.7538,0.7006,0.4998,0.1966,0.7006,0.3646,0.2991,0.0246,0.0410,0.0246,0.0410,0.4120,0.6225,,0.2105,,47.05,16.04,89.3,13.5,,0.152,0.441
1791426522.76201,0.6350,0.7538,0.7538,0.5695,0.5695,0.7006,0.4302,0.4998,0.5695,0.2991,0.2458,0.5695,0.4302,0.0369,0.0369,0.0574,0.0410,0.4120,0.5325,,0.1205,,45.31,17.27,109.1,13.8,0.890,0.153,
1791426522.7951722,0.7006,0.5695,0.7006,0.6350,0.4302,0.7538,0.5695,0.6350,0.5695,0.3646,0.7006,0.4302,0.3646,0.0737,0.0410,0.0410,0.0369,0.4120,0.6155,,0.2035,,46.33,15.54,125.1,10.3,0.949,0.157,0.485
1791426522.829591,0.7006,0.7538,0.5695,0.5695,0.5695,0.6350,0.6350,0.4302,0.2991,0.0737,0.6350,0.5695,0.3646,0.0410,0.0410,0.0942,0.0574,0.4120,0.6165,,0.2045,,47.76,14.30,108.0,8.8,0.903,0.157,0.443
1791426522.8631408,0.7006,0.6350,0.7006,0.7006,0.7006,0.7006,0.6350,0.4998,0.4302,0.0942,0.1229,0.5695,0.4998,0.0246,0.0246,0.0410,0.0410,0.4120,0.6185,,0.2065,,48.83,13.24,91.8,9.3,0.901,0.157,
1791426522.897309,0.6350,0.7538,0.7006,0.8767,0.6350,0.6350,0.8030,0.3646,0.2991,0.0574,0.5695,0.4998,0.4302,0.0737,0.0410,0.0246,0.0410,0.4120,0.6125,,0.2005,,49.76,12.69,88.6,8.0,0.860,0.155,0.447
1791426522.9359794,0.8030,0.4998,0.8440,0.7006,0.5695,0.7006,0.5695,0.6350,0.2458,0.1229,0.1229,0.4998,0.4998,0.0410,0.0369,0.0410,0.0410,0.4130,0.5375,,0.1245,,48.48,14.59,72.8,7.8,0.848,0.152,
1791426522.9672256,0.7538,0.7006,0.8440,0.7006,0.8030,0.7538,0.6350,0.4998,0.4302,0.3646,0.5695,0.5695,0.4998,0.0205,0.0942,0.0369,0.0942,0.4120,0.6105,,0.1985,,49.28,14.03,91.0,8.9,0.798,0.153,0.404
1791426523.00024,0.8030,0.7538,0.7538,0.6350,0.6350,0.7538,0.6350,0.4998,0.4302,0.0410,0.6350,0.6350,0.5695,0.0246,0.0205,0.0574,0.0737,0.4120,0.6125,0.6760,0.2005,0.0635,50.54,13.62,84.8,29.8,0.762,0.150,0.399
1791426523.0324564,0.7006,0.8767,0.5695,0.6350,0.6350,0.6350,0.7006,0.5695,0.4302,0.4302,0.4998,0.5695,0.4998,0.0410,0.0574,0.0369,0.0410,0.4120,0.6140,,0.2020,,50.99,13.07,104.0,35.7,0.813,0.151,0.438
1791426523.0669944,0.6350,0.7538,0.7006,0.4998,0.4998,0.7006,0.5695,0.6350,0.4998,0.0942,0.0737,0.5695,0.4302,0.0737,0.0205,0.0246,0.0369,0.4120,0.5330,,0.1210,,49.21,15.09,84.2,18.8,0.856,0.149,
1791426523.1006064,0.6350,0.7538,0.6350,0.7538,0.7006,0.6350,0.6350,0.2991,0.2991,0.0574,0.4998,0.5695,0.3646,0.0574,0.0164,0.0246,0.0246,0.4120,0.6080,,0.1960,,49.33,14.41,88.8,15.3,0.826,0.153,0.440
1791426523.1347194,0.5695,0.7538,0.4998,0.6350,0.4998,0.6350,0.5695,0.4998,0.2991,0.0942,0.4998,0.5695,0.4998,0.0410,0.0246,0.0246,0.0369,0.4120,0.5295,,0.1175,,47.33,16.32,76.9,13.1,0.837,0.153,0.449
1791426523.1742635,0.4998,0.5695,0.7538,0.7006,0.7006,0.8030,0.8030,0.6350,0.5695,0.0574,0.4998,0.4998,0.4302,0.0574,0.0205,0.0410,0.0574,0.4120,0.6165,,0.2045,,48.41,14.88,68.1,16.8,0.897,0.154,0.474
1791426523.2068748,0.4998,0.5695,0.7538,0.6350,0.5695,0.7006,0.7006,0.6350,0.4302,0.2991,0.4302,0.5695,0.4302,0.0574,0.0164,0.0369,0.0410,0.4120,0.6110,,0.1990,,49.26,14.10,89.0,9.3,0.840,0.154,0.410
1791426523.2376606,0.5695,0.7006,0.8030,0.7006,0.5695,0.8030,0.8030,0.5695,0.3646,0.2458,0.5695,0.5695,0.4302,0.0410,0.0410,0.0246,0.0369,0.4120,0.6100,,0.1980,,49.85,13.54,109.3,6.3,0.826,0.154,0.437
1791426523.2705376,0.5695,0.7006,0.6350,0.7006,0.4998,0.7006,0.5695,0.4998,0.6350,0.1229,0.4302,0.5695,0.4998,0.0942,0.0205,0.0737,0.0737,0.4120,0.6185,,0.2065,,50.96,12.63,93.7,8.6,0.890,0.152,0.428
1791426523.3047757,0.6350,0.8030,0.7538,0.7006,0.7006,0.7006,0.6350,0.5695,0.4998,0.3646,0.4302,0.4302,0.4302,0.0574,0.0164,0.0410,0.0410,0.4120,0.6085,,0.1965,,51.13,12.40,113.1,11.4,0.830,0.152,0.439
1791426523.3388457,0.6350,0.7006,0.8030,0.7538,0.5695,0.8030,0.6350,0.4998,0.3646,0.2991,0.0574,0.4998,0.4998,0.0737,0.0369,0.0205,0.0369,0.4120,0.6080,,0.1960,,51.48,12.28,125.2,9.0,0.810,0.152,
1791426523.373477,0.7006,0.7006,0.7538,0.7538,0.6350,0.7538,0.7538,0.6350,0.2991,0.3646,0.5695,0.5695,0.5695,0.0369,0.0369,0.0410,0.0737,0.4120,0.6140,0.6760,0.2020,0.0620,52.20,11.98,132.1,8.3,0.819,0.150,0.431
1791426523.4112644,0.5695,0.7006,0.8030,0.7538,0.7006,0.8030,0.4998,0.5695,0.3646,0.1557,0.1557,0.4998,0.4302,0.0737,0.0369,0.0369,0.0369,0.4120,0.5390,,0.1270,,50.92,14.20,117.0,13.2,0.811,0.146,
1791426523.4433196,0.8440,0.7006,0.8030,0.8030,0.5695,0.8030,0.5695,0.3646,0.2991,0.3646,0.7006,0.6350,0.4302,0.0574,0.0574,0.0369,0.0737,0.4110,0.6160,,0.2050,,52.20,13.51,128.9,10.9,0.799,0.143,0.406
1791426523.474269,0.4998,0.6350,0.7006,0.6350,0.5695,0.6350,0.6350,0.4998,0.3646,0.1229,0.4302,0.5695,0.4302,0.0410,0.0246,0.0942,0.0737,0.4120,0.5335,,0.1215,,50.33,15.56,129.4,7.0,0.823,0.143,0.395
1791426523.5085714,0.7006,0.7006,0.7538,0.7006,0.6350,0.7006,0.5695,0.6350,0.5695,0.0737,0.4302,0.4998,0.4998,0.0737,0.0574,0.0246,0.0246,0.4120,0.5440,,0.1320,,49.17,16.83,113.4,10.9,0.826,0.142,0.425
1791426523.5424113,0.5695,0.7006,0.7006,0.6350,0.6350,0.7006,0.5695,0.7006,0.4302,0.0737,0.4302,0.6350,0.4302,0.0574,0.0369,0.0369,0.0410,0.4120,0.5460,,0.1340,,48.85,18.02,96.2,15.4,0.765,0.138,0.394
1791426523.5765307,0.4998,0.6350,0.8030,0.7006,0.6350,0.7538,0.4998,0.5695,0.3646,0.1229,0.0737,0.4998,0.4302,0.0737,0.0410,0.0369,0.0410,0.4120,0.5360,,0.1240,,47.78,19.12,94.2,21.2,0.807,0.137,
1791426523.6105855,0.4302,0.6350,0.6350,0.8030,0.6350,0.7006,0.7006,0.2991,0.4998,0.0410,0.0942,0.5695,0.4998,0.0574,0.0410,0.0205,0.0737,0.4120,0.5430,,0.1310,,46.90,19.79,88.2,26.4,0.803,0.138,
1791426523.6502044,0.4998,0.7538,0.7538,0.7006,0.5695,0.7006,0.5695,0.5695,0.4302,0.0942,0.2458,0.6350,0.4998,0.0369,0.0737,0.0410,0.0246,0.4120,0.5345,,0.1225,,46.11,20.38,77.8,32.1,0.849,0.137,
1791426523.6820633,0.7538,0.7006,0.8030,0.8030,0.5695,0.8030,0.4998,0.4998,0.3646,0.1229,0.6350,0.4998,0.4302,0.0737,0.1229,0.0574,0.0369,0.4120,0.5445,,0.1325,,46.23,20.91,71.8,97.4,0.769,0.134,0.375
1791426523.7136936,0.5695,0.8030,0.4302,0.7538,0.5695,0.5695,0.5695,0.6350,0.3646,0.1557,0.1557,0.4998,0.4302,0.0410,0.0410,0.0410,0.0369,0.4120,0.5465,,0.1345,,46.57,21.30,68.0,95.5,0.763,0.132,
1791426523.7462804,0.8030,0.5695,0.7538,0.4998,0.5695,0.7006,0.5695,0.5695,0.4302,0.1229,0.1966,0.3646,0.4302,0.0574,0.0410,0.0410,0.0369,0.4110,0.5330,,0.1220,,45.80,21.81,63.2,90.2,0.809,0.132,
1791426523.78048,0.6350,0.6350,0.5695,0.7538,0.7006,0.6350,0.4302,0.7006,0.4998,0.2458,0.1229,0.4998,0.2991,0.1229,0.0369,0.0410,0.1557,0.4140,0.5370,,0.1230,,45.41,22.06,57.6,87.6,,0.131,
1791426523.8135395,0.7006,0.6350,0.7538,0.6350,0.6350,0.6350,0.3646,0.7538,0.4998,0.1557,0.1966,0.4998,0.2458,0.0942,0.0574,0.0410,0.0369,0.4120,0.5360,,0.1240,,45.58,22.54,56.3,86.1,,0.129,
1791426523.8472767,0.6350,0.2991,0.8767,0.7006,0.5695,0.5695,0.4998,0.5695,0.5695,0.0942,0.1229,0.4998,0.4302,0.0737,0.0737,0.0205,0.0205,0.4120,0.5395,,0.1275,,45.81,22.70,54.3,74.6,0.789,0.127,
1791426523.887402,0.5695,0.7538,0.7538,0.8030,0.6350,0.7538,0.4302,0.2458,0.4998,0.0942,0.1557,0.4998,0.4998,0.0410,0.0737,0.0246,0.0410,0.4120,0.5430,,0.1310,,46.72,23.18,51.1,76.2,0.702,0.123,
1791426523.918672,0.7006,0.7538,0.6350,0.7006,0.4302,0.3646,0.4302,0.4998,0.4998,0.0574,0.0942,0.4998,0.3646,0.0246,0.0574,0.0942,0.0574,0.4120,0.5355,,0.1235,,46.29,,51.3,78.1,0.814,0.124,
1791426523.9513805,0.7006,0.5695,0.7538,0.7538,0.6350,0.7006,0.4998,0.6350,0.4998,0.0410,0.4998,0.4998,0.4302,0.0410,0.0410,0.0410,0.0410,0.4120,0.5490,,0.1370,,46.62,,54.4,76.2,0.767,0.124,0.363
1791426523.98238,0.6350,0.7006,0.8440,0.5695,0.7538,0.6350,0.5695,0.7538,0.5695,0.0737,0.1966,0.4302,0.4302,0.0410,0.0410,0.0574,0.0369,0.4120,0.5390,,0.1270,,47.18,,,76.1,0.747,0.120,
1791426524.016637,0.4998,0.7006,0.7538,0.7538,0.6350,0.8030,0.4302,0.4998,0.4302,0.1557,0.1557,0.5695,0.3646,0.0737,0.0737,0.0574,0.0410,0.4120,0.5430,,0.1310,,47.20,,,76.5,0.770,0.121,
1791426524.0500228,0.4998,0.5695,0.7538,0.7006,0.5695,0.6350,0.3646,0.4302,0.2991,0.1966,0.1557,0.4998,0.2991,0.0737,0.1229,0.0410,0.0410,0.4120,0.5340,,0.1220,,46.78,,,78.7,,0.121,
1791426524.0846217,0.7006,0.5695,0.7006,0.7538,0.6350,0.7006,0.4998,0.5695,0.7006,0.1557,0.0737,0.4302,0.3646,0.0410,0.0205,0.0410,0.0369,0.4110,0.5370,,0.1260,,47.47,,,132.9,0.790,0.117,
1791426524.118003,0.5695,0.5695,0.5695,0.5695,0.5695,0.8030,0.5695,0.6350,0.5695,0.1229,0.0574,0.4302,0.1966,0.0942,0.0246,0.0369,0.0369,0.4120,0.5365,,0.1245,,47.00,,,153.1,,0.119,
1791426524.1566617,0.7006,0.8767,0.6350,0.4998,0.6350,0.7538,0.4998,0.5695,0.5695,0.1966,0.4998,0.2458,0.1966,0.1557,0.0369,0.0369,0.0369,0.4120,0.5315,,0.1195,,47.01,,,157.6,,0.117,0.983
1791426524.188364,0.6350,0.6350,0.7006,0.8440,0.6350,0.8030,0.4302,0.5695,0.7006,0.1557,0.4302,0.4302,0.1557,0.0737,0.0737,0.0410,0.0410,0.4120,0.5335,,0.1215,,46.62,,,157.7,,0.118,0.988
1791426524.2203195,0.7006,0.6350,0.8030,0.7538,0.8030,0.4998,0.5695,0.4998,0.6350,0.1557,0.3646,0.4998,0.2991,0.1229,0.0574,0.0410,0.0410,0.4120,0.5350,,0.1230,,46.30,,,155.1,,0.119,1.049
1791426524.2537842,0.6350,0.7006,0.7006,0.7006,0.5695,0.6350,0.4302,0.4998,0.5695,0.1966,0.4998,0.4998,0.1229,0.0410,0.0205,0.0246,0.0246,0.4120,0.5345,,0.1225,,47.13,,,149.1,,0.115,0.930
1791426524.2877884,0.4998,0.7006,0.6350,0.5695,0.7006,0.7006,0.4998,0.4302,0.2458,0.2458,0.4302,0.3646,0.1966,0.0942,0.0574,0.0574,0.0369,0.4120,0.6190,,0.2070,,50.38,,,145.4,,0.116,1.013
1791426524.321237,0.5695,0.7538,0.7006,0.2991,0.4998,0.4998,0.4998,0.5695,0.5695,0.1557,0.0942,0.4998,0.4998,0.1966,0.0737,0.0205,0.0410,0.4120,0.5355,,0.1235,,50.36,,,144.6,0.786,0.114,
1791426524.3563027,0.7006,0.5695,0.8030,0.5695,0.5695,0.5695,0.5695,0.7006,0.6350,0.1966,0.0942,0.4302,0.1966,0.0942,0.1966,0.0574,0.0410,0.4120,0.5405,,0.1285,,49.58,,,141.4,,0.115,
1791426524.3944979,0.8030,0.7538,0.8440,0.6350,0.6350,0.7006,0.5695,0.4998,0.1229,0.2991,0.0737,0.4302,0.4998,0.0737,0.0574,0.0246,0.0410,0.4120,0.5400,,0.1280,,49.50,,,144.5,0.756,0.114,
1791426524.4263258,0.5695,0.7538,0.7538,0.7006,0.7006,0.5695,0.5695,0.5695,0.6350,0.1557,0.0942,0.4998,0.3646,0.1229,0.0369,0.0574,0.0369,0.4120,0.5360,,0.1240,,49.14,,,143.1,0.763,0.114,
1791426524.4573884,0.4998,0.5695,0.6350,0.6350,0.5695,0.7006,0.5695,0.6350,0.5695,0.1966,0.1966,0.4998,0.2458,0.0410,0.0410,0.0410,0.0574,0.4120,0.6150,,0.2030,,51.20,,,140.8,,0.118,
1791426524.4910707,0.7538,0.6350,0.7006,0.7538,0.7006,0.6350,0.6350,0.5695,0.6350,0.2458,0.4302,0.4998,0.2458,0.0737,0.0737,0.0369,0.0737,0.4120,0.5370,,0.1250,,50.58,,,113.1,,0.117,0.977
1791426524.5254958,0.7006,0.5695,0.8030,0.7538,0.7006,0.7006,0.5695,0.4302,0.5695,0.1557,0.5695,0.4998,0.3646,0.0410,0.0574,0.0369,0.0369,0.4120,0.5345,,0.1225,,49.31,,,79.0,0.798,0.119,0.929
1791426524.5595922,0.7538,0.4998,0.7006,0.8440,0.5695,0.7006,0.5695,0.4302,0.6350,0.2458,0.1229,0.4302,0.2991,0.0737,0.0410,0.0369,0.0410,0.4120,0.5345,,0.1225,,49.44,,,68.3,,0.116,
1791426524.5998254,0.4998,0.7538,0.6350,0.7006,0.6350,0.5695,0.5695,0.4998,0.5695,0.2458,0.5695,0.4302,0.2458,0.1229,0.0410,0.0369,0.0369,0.4120,0.5360,,0.1240,,49.30,,,53.8,,0.114,0.940
1791426524.630923,0.7006,0.7538,0.5695,0.5695,0.6350,0.7538,0.5695,0.4302,0.6350,0.2458,0.4302,0.5695,0.2991,0.0737,0.0369,0.0410,0.0574,0.4120,0.5410,,0.1290,,49.38,,,45.9,,0.113,0.953
1791426524.6626956,0.4302,0.6350,0.7006,0.2991,0.4998,0.5695,0.5695,0.4998,0.5695,0.4998,0.4998,0.4998,0.2458,0.0942,0.0205,0.0369,0.0410,0.4120,0.5335,,0.1215,,48.52,,38.5,42.4,,0.115,0.393
1791426524.6944828,0.7006,0.4998,0.7006,0.7006,0.4998,0.4998,0.4998,0.5695,0.1557,0.2458,0.0942,0.4998,0.2991,0.0574,0.0369,0.0369,0.0369,0.4120,0.5375,,0.1255,,48.35,,37.9,39.3,,0.115,
1791426524.7288601,0.8030,0.7006,0.6350,0.5695,0.4998,0.8030,0.5695,0.5695,0.5695,0.5695,0.0942,0.3646,0.2458,0.0737,0.0246,0.0246,0.0369,0.4120,0.5350,,0.1230,,48.03,,39.5,35.3,,0.115,0.412
1791426524.763062,0.6350,0.6350,0.5695,0.6350,0.5695,0.8030,0.5695,0.3646,0.1229,0.2991,0.1557,0.4302,0.2991,0.0737,0.0369,0.0410,0.0574,0.4120,0.5365,,0.1245,,49.06,,41.4,34.0,,0.110,
1791426524.7962286,0.5695,0.6350,0.6350,0.8030,0.7006,0.7006,0.5695,0.3646,0.2458,0.1966,0.0942,0.4998,0.4302,0.0369,0.0369,0.0410,0.0246,0.4120,0.5390,,0.1270,,48.71,,42.0,35.4,0.803,0.112,
1791426524.83052,0.7006,0.5695,0.5695,0.4302,0.4998,0.7006,0.4998,0.4998,0.1966,0.1966,0.1229,0.5695,0.2991,0.0574,0.0164,0.0410,0.0369,0.4120,0.5340,,0.1220,,48.61,,42.7,34.7,,0.111,
1791426524.86877,0.8030,0.5695,0.6350,0.5695,0.4998,0.7538,0.5695,0.3646,0.1557,0.1966,0.0737,0.4302,0.2458,0.0574,0.0246,0.0574,0.0574,0.4120,0.5390,,0.1270,,48.81,,43.3,34.2,,0.111,
1791426524.9011595,0.7006,0.8767,0.7538,0.6350,0.5695,0.7006,0.4998,0.4998,0.7006,0.2458,0.1966,0.4998,0.2458,0.0574,0.0369,0.0410,0.0410,0.4120,0.5340,,0.1220,,49.00,,42.6,30.6,,0.109,
1791426524.9327388,0.5695,0.7538,0.4998,0.5695,0.4998,0.5695,0.4302,0.2991,0.6350,0.7006,0.4302,0.3646,0.1229,0.0942,0.0369,0.0369,0.0369,0.4140,0.5345,,0.1205,,49.37,,43.8,36.6,,0.107,0.352
1791426524.9657633,0.4998,0.5695,0.4998,0.7006,0.4302,0.5695,0.4998,0.7006,0.7538,0.1966,0.4302,0.3646,0.2991,0.0574,0.0246,0.0369,0.0369,0.4140,0.5345,,0.1205,,47.52,,43.2,41.8,,0.113,1.075
1791426525.0006154,0.5695,0.5695,0.4998,0.5695,0.2991,0.6350,0.4302,0.4998,0.3646,0.2458,0.0942,0.4302,0.2458,0.0574,0.0369,0.0410,0.0369,0.4140,0.5400,,0.1260,,47.23,,42.7,38.8,,0.115,
1791426525.0337818,0.5695,0.7538,0.6350,0.4998,0.4998,0.4998,0.3646,0.2991,0.1229,0.4302,0.3646,0.2991,0.1229,0.0369,0.0205,0.0369,0.0369,0.4160,0.5350,,0.1190,,46.65,,42.8,46.6,,0.116,0.386
1791426525.0680835,0.4998,0.4998,0.5695,0.7538,0.3646,0.7006,0.4302,0.4998,0.4998,0.1966,0.1229,0.3646,0.1966,0.0737,0.0410,0.0410,0.0410,0.4150,0.5335,,0.1185,,46.35,,43.6,139.7,,0.117,
1791426525.1014857,0.5695,0.7538,0.5695,0.4998,0.5695,0.8440,0.4302,0.5695,0.0942,0.1966,0.0737,0.5695,0.2991,0.0942,0.0369,0.0369,0.0410,0.4160,0.5385,,0.1225,,45.16,,45.0,141.2,,0.122,
1791426525.1390662,0.6350,0.5695,0.4998,0.5695,0.4998,0.4302,0.4302,0.6350,0.4998,0.1229,0.2458,0.4302,0.2991,0.0737,0.0574,0.0410,0.0369,0.4140,0.5390,,0.1250,,44.39,,42.3,138.4,,0.125,
1791426525.1715484,0.5695,0.6350,0.6350,0.8030,0.4998,0.7006,0.3646,0.5695,0.5695,0.1557,0.1557,0.4302,0.2458,0.0410,0.0410,0.0410,0.0574,0.4160,0.5350,,0.1190,,44.46,,41.6,153.1,,0.124,
1791426525.203514,0.5695,0.5695,0.2991,0.7538,0.4302,0.7006,0.4302,0.4998,0.4302,0.1966,0.1966,0.4302,0.2991,0.0369,0.0410,0.0246,0.0246,0.4160,0.5435,,0.1275,,43.78,,39.8,152.5,,0.128,
1791426525.2374358,0.7006,0.5695,0.4998,0.7006,0.4302,0.7538,0.4302,0.5695,0.2991,0.1966,0.1557,0.2991,0.3646,0.0574,0.0574,0.0246,0.0574,0.4170,0.5455,,0.1285,,43.64,,43.1,150.5,,0.130,
1791426525.2713764,0.6350,0.7538,0.4302,0.7538,0.4998,0.7538,0.4302,0.4302,0.2991,0.2458,0.2458,0.5695,0.1229,0.0942,0.0369,0.0246,0.1966,0.4170,0.5315,,0.1145,,43.71,,42.4,139.0,,0.128,
1791426525.30553,0.4998,0.4302,0.5695,0.6350,0.6350,0.5695,0.3646,0.4998,0.0574,0.1229,0.0942,0.4998,0.2458,0.0737,0.0942,0.0205,0.0205,0.4180,0.5420,,0.1240,,42.94,,42.0,139.5,,0.132,
1791426525.3391235,0.6350,0.4302,0.3646,0.5695,0.4998,0.7538,0.3646,0.6350,0.1557,0.2991,0.1557,0.5695,0.1557,0.0737,0.0737,0.0369,0.0205,0.4180,0.5310,,0.1130,,42.85,,43.1,141.2,,0.130,
1791426525.3781362,0.7006,0.5695,0.6350,0.7006,0.4302,0.7006,0.2991,0.5695,0.0737,0.2458,0.0574,0.3646,0.1557,0.0574,0.0410,0.0369,0.0369,0.4180,,,,,42.85,,43.1,141.2,,,
1791426525.4104419,0.6350,0.5695,0.4998,0.7538,0.4302,0.7538,0.2458,0.5695,0.4302,0.2991,0.0942,0.4302,0.0942,0.0737,0.0574,0.0574,0.0574,0.4180,,,,,42.85,,43.1,141.2,,,
1791426525.4416406,0.5695,0.4302,0.6350,0.6350,0.4998,0.7538,0.3646,0.4998,0.1229,0.2458,0.0942,0.4998,0.2458,0.0410,0.0942,0.0410,0.0574,0.4180,0.5355,,0.1175,,42.47,,43.1,141.7,,0.131,
1791426525.4749215,0.4998,0.7006,0.5695,0.7538,0.4302,0.7006,0.4302,0.4302,0.2991,0.1966,0.2458,0.4302,0.1229,0.0410,0.0410,0.1229,0.0369,0.4180,0.5425,,0.1245,,41.63,,41.1,141.8,,0.136,
1791426525.5091722,0.5695,0.4302,0.6350,0.7006,0.4302,0.7006,0.3646,0.6350,0.2991,0.2458,0.1557,0.4998,0.1966,0.0737,0.0410,0.0246,0.0246,0.4180,0.5455,,0.1275,,42.17,,42.8,143.2,,0.135,
1791426525.5431328,0.5695,0.5695,0.5695,0.4998,0.4302,0.4998,0.4302,0.4302,0.3646,0.2458,0.1966,0.4302,0.1966,0.0205,0.0410,0.0410,0.0246,0.4180,0.6055,,0.1875,,44.05,,40.5,141.0,,0.140,
1791426525.5774558,0.5695,0.7538,0.6350,0.7006,0.4302,0.7538,0.4302,0.5695,0.3646,0.3646,0.1229,0.4998,0.4302,0.0574,0.0410,0.0369,0.0369,0.4180,0.5425,,0.1245,,44.21,,35.9,,0.800,0.137,0.782
1791426525.6172132,0.5695,0.7006,0.4998,0.5695,0.4302,0.7006,0.4998,0.6350,0.2991,0.1557,0.1229,0.3646,0.1966,0.0574,0.0369,0.0246,0.0246,0.4180,0.5435,,0.1255,,42.87,,35.9,,,0.142,
1791426525.6487625,0.6350,0.3646,0.6350,0.7538,0.4302,0.6350,0.4302,0.4998,0.1966,0.1966,0.1229,0.4302,0.4302,0.0369,0.0369,0.0246,0.0205,0.4180,0.5410,,0.1230,,42.76,,37.7,,0.746,0.140,
1791426525.6806262,0.7006,0.4302,0.6350,0.7006,0.4302,0.6350,0.4998,0.6350,0.0942,0.2458,0.0737,0.4998,0.3646,0.0410,0.0246,0.0246,0.0246,0.4180,0.5410,,0.1230,,42.78,,40.3,,0.774,0.139,
1791426525.7121046,0.5695,0.4998,0.6350,0.7006,0.4998,0.7006,0.4302,0.6350,0.3646,0.1229,0.2458,0.4998,0.2458,0.0942,0.0410,0.0369,0.0246,0.4180,0.6090,,0.1910,,44.94,,40.8,,,0.141,
1791426525.7467642,0.5695,0.4998,0.7538,0.7006,0.4998,0.7006,0.4302,0.4998,0.2991,0.1557,0.1229,0.4998,0.2991,0.0737,0.0574,0.0246,0.0369,0.4200,0.6080,,0.1880,,46.29,,39.9,,,0.144,
1791426525.780677,0.5695,0.4998,0.4302,0.6350,0.4302,0.7006,0.4998,0.5695,0.3646,0.1966,0.0737,0.4998,0.4998,0.0737,0.0574,0.0205,0.0164,0.4210,0.5445,,0.1235,,45.31,,42.4,,0.777,0.143,
1791426525.8150496,0.7538,0.4302,0.7538,0.7006,0.5695,0.7538,0.4302,0.4998,0.2458,0.1229,0.1557,0.4998,0.2991,0.0574,0.0410,0.0164,0.0164,0.4210,0.5450,,0.1240,,44.37,,44.0,,,0.144,
1791426525.8477829,0.5695,0.5695,0.7538,0.6350,0.4302,0.7538,0.2991,0.6350,0.1557,0.1966,0.1557,0.4302,0.3646,0.0574,0.0410,0.0369,0.0369,0.4220,,,,,44.37,,44.0,,,,
1791426525.886806,0.8030,0.7538,0.4998,0.5695,0.4998,0.7006,0.4302,0.4998,0.0942,0.2458,0.1557,0.4998,0.4302,0.0574,0.0369,0.0369,0.0369,0.4210,0.6070,,0.1860,,46.05,,44.0,,0.736,0.144,
1791426525.919039,0.7006,0.8030,0.6350,0.7006,0.4302,0.7006,0.4302,0.4998,0.2458,0.1557,0.1557,0.5695,0.2991,0.0737,0.0246,0.0369,0.0246,0.4220,0.6095,,0.1875,,46.96,,41.4,,,0.147,
1791426525.9500923,0.7006,0.7538,0.4998,0.7006,0.5695,0.7538,0.4302,0.4998,0.2991,0.1966,0.0942,0.4998,0.2991,0.1229,0.0410,0.0369,0.0246,0.4230,0.5380,,0.1150,,46.10,,42.8,,,0.143,
1791426525.984816,0.4998,0.7538,0.5695,0.7538,0.3646,0.7538,0.3646,0.4998,0.3646,0.1557,0.1557,0.4998,0.3646,0.0737,0.0246,0.0205,0.0205,0.4200,0.5370,,0.1170,,46.34,,43.7,,0.732,0.136,
1791426526.0177116,0.6350,0.4998,0.5695,0.7006,0.4998,0.5695,0.4302,0.5695,0.0942,0.1966,0.1966,0.4302,0.2458,0.0942,0.0369,0.0205,0.0246,0.4240,0.6100,,0.1860,,47.19,,39.8,,,0.140,
1791426526.0515432,0.4998,0.4998,0.7006,0.7006,0.4302,0.7006,0.4302,0.6350,0.0942,0.1557,0.1966,0.2458,0.1966,0.0410,0.0574,0.0369,0.0410,0.4220,0.5370,,0.1150,,47.36,,40.2,,,0.133,
1791426526.0849798,0.4998,0.8440,0.5695,0.5695,0.5695,0.8030,0.3646,0.2991,0.0942,0.1966,0.1229,0.4998,0.3646,0.0737,0.0410,0.0205,0.0410,0.4250,0.5365,,0.1115,,46.85,,43.4,,0.743,0.129,
1791426526.1240478,0.4998,0.7538,0.4998,0.7538,0.4302,0.6350,0.2991,0.4302,0.1966,0.1966,0.1966,0.2991,0.2458,0.0574,0.0369,0.0246,0.0246,0.4240,,,,,46.85,,,,,,
1791426526.155874,0.7538,0.7006,0.6350,0.7538,0.4302,0.6350,0.4302,0.4302,0.1557,0.2458,0.1557,0.4998,0.2991,0.0574,0.0369,0.0410,0.0369,0.4230,0.5480,,0.1250,,46.21,,,,,0.129,
1791426526.1873343,0.5695,0.4998,0.5695,0.7538,0.4302,0.4302,0.3646,0.5695,0.1229,0.0942,0.0737,0.4302,0.3646,0.0737,0.0410,0.0369,0.0205,0.4240,0.5460,,0.1220,,45.03,,,,0.831,0.132,
1791426526.2215872,0.4998,0.8030,0.6350,0.7538,0.4998,0.6350,0.4302,0.5695,0.1966,0.1557,0.4998,0.4998,0.4302,0.0574,0.0369,0.0369,0.0164,0.4240,0.5370,,0.1130,,44.48,,,126.6,0.785,0.131,0.366
1791426526.25495,0.6350,0.5695,0.4302,0.7538,0.4998,0.7006,0.3646,0.2991,0.1229,0.2458,0.1557,0.4302,0.1557,0.0942,0.0369,0.0205,0.0369,0.4240,0.5380,,0.1140,,43.92,,,130.1,,0.130,
1791426526.288733,0.6350,0.5695,0.5695,0.7538,0.3646,0.6350,0.4302,0.5695,0.0942,0.1557,0.0942,0.4302,0.2458,0.0574,0.0574,0.0410,0.0246,0.4240,0.6110,,0.1870,,45.79,,,132.8,,0.134,
1791426526.3227208,0.5695,0.7538,0.7006,0.7538,0.4998,0.8030,0.4998,0.7006,0.1966,0.1557,0.2458,0.4998,0.3646,0.0369,0.0246,0.0369,0.0246,0.4240,0.5455,,0.1215,,44.75,,,133.6,0.766,0.136,
1791426526.3613172,0.4998,0.7006,0.4302,0.7006,0.4302,0.6350,0.3646,0.5695,0.1229,0.1557,0.2991,0.3646,0.3646,0.0737,0.0369,0.0369,0.0205,0.4250,0.5350,,0.1100,,44.10,,,136.4,0.725,0.134,
1791426526.393839,0.6350,0.8030,0.7006,0.7006,0.5695,0.6350,0.4302,0.4998,0.1966,0.1557,0.1557,0.4302,0.4302,0.0574,0.0410,0.0369,0.0205,0.4250,0.5410,,0.1160,,44.74,,,106.5,0.723,0.128,
1791426526.4249744,0.4302,0.9054,0.7006,0.7538,0.4302,0.8030,0.3646,0.5695,0.0942,0.1966,0.0942,0.4302,0.2991,0.0574,0.0942,0.0574,0.0205,0.4250,0.6085,,0.1835,,45.58,,,118.1,,0.135,
1791426526.4593403,0.4998,0.7006,0.7538,0.6350,0.4302,0.4998,0.3646,0.5695,0.0942,0.1966,0.2458,0.3646,0.1557,0.0410,0.0574,0.0246,0.0369,0.4250,0.5475,,0.1225,,44.85,,,125.9,,0.136,
1791426526.492348,0.7006,0.6350,0.4998,0.7538,0.2991,0.6350,0.4302,0.6350,0.0737,0.0737,0.1966,0.5695,0.2991,0.0246,0.0246,0.0369,0.0205,0.4250,0.5470,,0.1220,,44.95,,,134.9,,0.133,
1791426526.5269659,0.5695,0.9054,0.7538,0.7006,0.6350,0.8030,0.4998,0.5695,0.1229,0.2991,0.1557,0.4302,0.1966,0.1229,0.0369,0.0246,0.0369,0.4250,0.6085,,0.1835,,46.32,,,,,0.136,
1791426526.560998,0.5695,0.7538,0.4998,0.5695,0.3646,0.6350,0.4302,0.4998,0.3646,0.1557,0.0574,0.4998,0.2991,0.0246,0.0410,0.0369,0.0369,0.4250,0.5370,,0.1120,,45.97,,,152.3,,0.132,
1791426526.599099,0.4302,0.8767,0.7538,0.4998,0.4998,0.6350,0.4302,0.4998,0.0737,0.1966,0.1557,0.4998,0.2991,0.0574,0.0369,0.0246,0.0369,0.4250,0.6080,,0.1830,,46.93,,,154.6,,0.136,
1791426526.6308787,0.4998,0.9054,0.7006,0.5695,0.4998,0.8030,0.4302,0.4998,0.1557,0.2458,0.1229,0.4998,0.2991,0.0737,0.0574,0.0246,0.0369,0.4250,0.6075,,0.1825,,47.58,,,153.7,,0.140,
1791426526.6625972,0.4302,0.7006,0.7538,0.6350,0.4302,0.6350,0.4998,0.5695,0.1557,0.2458,0.1966,0.4302,0.2991,0.0737,0.0410,0.0369,0.0246,0.4250,0.5430,,0.1180,,46.46,,,151.8,,0.139,
1791426526.6962142,0.5695,0.4302,0.7538,0.6350,0.4998,0.6350,0.4302,0.4302,0.0737,0.2991,0.1966,0.4998,0.2458,0.0574,0.0410,0.0410,0.0164,0.4250,0.6070,,0.1820,,47.32,,,151.1,,0.141,
1791426526.7296262,0.5695,0.7006,0.7006,0.6350,0.5695,0.7538,0.4302,0.5695,0.0737,0.1966,0.0737,0.4302,0.2991,0.0942,0.0246,0.0246,0.0369,0.4250,0.5365,,0.1115,,46.54,,,154.2,,0.137,
1791426526.763675,0.5695,0.7006,0.7538,0.7006,0.4302,0.6350,0.4302,0.4998,0.0737,0.2458,0.1557,0.4998,0.3646,0.0205,0.0369,0.0410,0.0205,0.4250,0.6100,,0.1850,,47.73,,,,0.831,0.139,
1791426526.7976615,0.5695,0.8767,0.8030,0.7538,0.5695,0.8440,0.3646,0.4998,0.0942,0.1966,0.0942,0.3646,0.1966,0.0410,0.0574,0.0369,0.0369,0.4250,0.5415,,0.1165,,46.79,,,,,0.137,
1791426526.8367841,0.6350,0.5695,0.6350,0.7538,0.4302,0.7538,0.3646,0.2991,0.1229,0.0942,0.0737,0.4998,0.3646,0.0737,0.0246,0.0369,0.0369,0.4260,0.5445,,0.1185,,45.75,,,,0.801,0.137,
1791426526.868761,0.4998,0.5695,0.7538,0.7538,0.6350,0.7538,0.3646,0.6350,0.4998,0.1557,0.0574,0.4998,0.2991,0.0410,0.0369,0.0246,0.0246,0.4250,0.5400,,0.1150,,45.35,,,,,0.134,
1791426526.8999033,0.6350,0.2991,0.6350,0.7006,0.4998,0.7006,0.3646,0.4998,0.1557,0.1557,0.1229,0.5695,0.2991,0.0246,0.0246,0.0246,0.0369,0.4250,0.5465,,0.1215,,44.53,,,,,0.135,
1791426526.933849,0.5695,0.4302,0.7538,0.4998,0.3646,0.7538,0.3646,0.4302,0.0942,0.1557,0.1557,0.4998,0.2458,0.0737,0.0369,0.0410,0.0369,0.4250,0.5495,,0.1245,,43.41,,,,,0.138,
1791426526.967589,0.7006,0.4998,0.7538,0.7538,0.4998,0.3646,0.4998,0.4998,0.0942,0.2458,0.0942,0.4302,0.3646,0.0410,0.0369,0.0410,0.0410,0.4260,0.5405,,0.1145,,42.49,,,,0.780,0.139,
1791426527.0015132,0.7006,0.4998,0.7006,0.6350,0.4998,0.6350,0.2991,0.4302,0.1557,0.1229,0.1966,0.4302,0.2458,0.0737,0.0369,0.0246,0.0205,0.4250,,,,,42.49,,,,,,
1791426527.0348141,0.7006,0.4998,0.4302,0.7006,0.6350,0.7006,0.4302,0.6350,0.4998,0.1966,0.3646,0.4302,0.2991,0.0737,0.0410,0.0205,0.0369,0.4240,0.5460,,0.1220,,42.47,,,154.2,,0.138,0.375
1791426527.074016,0.7006,0.6350,0.7538,0.8440,0.3646,0.7006,0.4998,0.5695,0.0942,0.1966,0.1966,0.5695,0.4302,0.0410,0.0410,0.0246,0.0205,0.4230,0.5425,,0.1195,,43.30,,,152.3,0.694,0.133,
1791426527.105553,0.4998,0.7006,0.4998,0.6350,0.4998,0.7006,0.3646,0.2458,0.0942,0.1966,0.1229,0.4302,0.2991,0.0574,0.0410,0.0246,0.0205,0.4220,0.5355,,0.1135,,42.54,,,155.2,,0.134,
1791426527.1377006,0.6350,0.6350,0.7538,0.7538,0.4998,0.6350,0.4998,0.4302,0.1966,0.1966,0.1966,0.4302,0.2991,0.0737,0.0369,0.0369,0.0246,0.4220,0.5400,,0.1180,,43.21,,,153.0,,0.130,
1791426527.1722462,0.6350,0.7538,0.7006,0.6350,0.5695,0.8030,0.3646,0.7006,0.0942,0.2458,0.1557,0.5695,0.3646,0.0574,0.0410,0.0574,0.0246,0.4210,0.5390,,0.1180,,43.78,,,153.0,0.761,0.126,
1791426527.204989,0.6350,0.6350,0.5695,0.7538,0.5695,0.5695,0.3646,0.5695,0.1557,0.1966,0.1966,0.5695,0.4998,0.1557,0.0369,0.0369,0.0410,0.4200,0.5420,,0.1220,,44.66,,,150.6,0.746,0.123,
1791426527.2392473,0.6350,0.5695,0.4998,0.7006,0.6350,0.7006,0.4302,0.5695,0.0942,0.2458,0.2991,0.4998,0.4302,0.0410,0.0410,0.0369,0.0410,0.4200,0.5430,,0.1230,,44.39,,,148.1,0.791,0.124,
1791426527.2727227,0.6350,0.7006,0.7538,0.7538,0.4302,0.8030,0.4302,0.6350,0.0942,0.1557,0.2458,0.4998,0.1557,0.1229,0.0369,0.0369,0.0246,0.4200,0.5470,,0.1270,,43.90,,,150.3,,0.127,
1791426527.3118267,0.6350,0.7538,0.7538,0.8030,0.7538,0.6350,0.4998,0.4302,0.0942,0.2458,0.1557,0.4998,0.3646,0.0737,0.1229,0.0205,0.0164,0.4200,0.5365,,0.1165,,44.15,,,151.9,0.759,0.125,
1791426527.343595,0.7006,0.7538,0.6350,0.5695,0.2991,0.7006,0.4302,0.6350,0.0574,0.1229,0.1557,0.4302,0.2458,0.0942,0.0410,0.0246,0.0369,0.4190,0.5485,,0.1295,,45.51,,,151.4,,0.121,
1791426527.3747845,0.3646,0.6350,0.5695,0.7538,0.4998,0.7538,0.2991,0.5695,0.1229,0.2458,0.1557,0.4998,0.1966,0.0369,0.0369,0.0246,0.0246,0.4190,,,,,45.51,,,151.4,,,
1791426527.40814,0.7006,0.7006,0.7006,0.4302,0.4998,0.7538,0.4302,0.5695,0.0737,0.2458,0.4998,0.4998,0.2458,0.0574,0.0574,0.0246,0.0205,0.4190,0.5410,,0.1220,,45.40,,,149.6,,0.121,0.988
1791426527.4428926,0.5695,0.4302,0.7006,0.6350,0.4302,0.6350,0.3646,0.5695,0.1557,0.1557,0.2458,0.4302,0.2458,0.0574,0.0369,0.0369,0.0246,0.4190,0.5380,,0.1190,,45.06,,,148.1,,0.122,
1791426527.4760191,0.6350,0.7006,0.5695,0.6350,0.4998,0.5695,0.3646,0.6350,0.1229,0.1229,0.1229,0.4998,0.2458,0.0737,0.0410,0.0410,0.0369,0.4180,0.5340,,0.1160,,44.95,,,148.7,,0.121,
1791426527.5105975,0.5695,0.7006,0.7006,0.5695,0.6350,0.7006,0.4302,0.5695,0.0737,0.2458,0.1229,0.4998,0.3646,0.0574,0.0574,0.0410,0.0410,0.4180,0.5335,,0.1155,,45.18,,,151.3,0.668,0.119,
1791426527.550038,0.7006,0.7006,0.6350,0.8030,0.4998,0.7538,0.4998,0.5695,0.4302,0.2458,0.1229,0.4302,0.1229,0.0410,0.0410,0.0410,0.0574,0.4180,0.5365,,0.1185,,45.17,,,156.9,,0.119,
1791426527.5814884,0.7006,0.5695,0.6350,0.6350,0.4998,0.6350,0.2991,0.4998,0.1557,0.2458,0.1557,0.3646,0.1966,0.0737,0.0410,0.0369,0.0246,0.4170,,,,,45.17,,,156.9,,,
1791426527.613873,0.5695,0.8030,0.6350,0.7538,0.5695,0.7006,0.4302,0.6350,0.0737,0.1966,0.1229,0.4302,0.1229,0.0942,0.0574,0.0369,0.0246,0.4170,0.5410,,0.1240,,44.86,,,155.8,,0.121,
1791426527.646092,0.6350,0.6350,0.5695,0.7006,0.7006,0.7538,0.3646,0.4998,0.3646,0.1557,0.2458,0.4302,0.1557,0.0574,0.0574,0.0205,0.0205,0.4170,0.5410,,0.1240,,45.35,,,157.9,,0.120,
1791426527.6798174,0.6350,0.7006,0.7538,0.3646,0.6350,0.7006,0.4998,0.4998,0.0942,0.0942,0.2458,0.4998,0.3646,0.0737,0.0410,0.0369,0.2458,0.4180,0.5435,,0.1255,,45.14,,,156.0,0.763,0.121,
1791426527.71412,0.7006,0.7538,0.6350,0.7538,0.6350,0.6350,0.4998,0.5695,0.1229,0.1229,0.1557,0.4302,0.2991,0.1557,0.0737,0.0205,0.0205,0.4150,0.5400,,0.1250,,45.37,,,153.1,,0.121,
1791426527.7472708,0.5695,0.8030,0.7538,0.3646,0.4998,0.7538,0.4302,0.4998,0.0942,0.1229,0.1966,0.5695,0.4998,0.0410,0.0737,0.0369,0.0410,0.4150,0.5445,,0.1295,,45.34,,,150.7,0.760,0.123,
1791426527.7816973,0.4998,0.8030,0.7538,0.6350,0.4998,0.7006,0.2991,0.5695,0.1966,0.1229,0.2991,0.4998,0.2458,0.0410,0.0410,0.0369,0.0410,0.4150,,,,,45.34,,,150.7,,,
1791426527.8198752,0.7538,0.7538,0.8440,0.7006,0.6350,0.6350,0.4302,0.4998,0.1229,0.1557,0.1966,0.4998,0.3646,0.1229,0.0410,0.0574,0.0574,0.4170,0.5405,,0.1235,,44.82,,,150.8,0.798,0.125,
1791426527.8513892,0.7006,0.7006,0.8440,0.4998,0.4998,0.5695,0.4998,0.4998,0.3646,0.0942,0.1966,0.4998,0.4302,0.0410,0.0574,0.0205,0.0205,0.4190,0.5365,,0.1175,,43.30,,,139.1,0.848,0.130,
1791426527.8836913,0.6350,0.7006,0.7538,0.6350,0.4998,0.6350,0.4302,0.5695,0.3646,0.0574,0.2458,0.4998,0.3646,0.0574,0.0410,0.0737,0.0246,0.4160,0.5340,,0.1180,,42.42,,,141.7,0.853,0.133,
1791426527.9178336,0.5695,0.7538,0.7538,0.8767,0.7006,0.7006,0.4302,0.6350,0.3646,0.1557,0.1557,0.3646,0.3646,0.1229,0.0574,0.0410,0.0410,0.4160,0.5400,,0.1240,,42.23,,,140.0,0.761,0.135,
1791426527.9511888,0.7538,0.4998,0.5695,0.8030,0.5695,0.7538,0.2991,0.4998,0.4998,0.1557,0.1966,0.4998,0.2991,0.0942,0.0410,0.0410,0.0205,0.4160,,,,,42.23,,,,,,
1791426527.9846709,0.5695,0.8440,0.9054,0.7006,0.4998,0.7538,0.4998,0.6350,0.1229,0.0737,0.1966,0.4302,0.2458,0.0737,0.0369,0.0737,0.0369,0.4170,0.5440,,0.1270,,43.38,,,,,0.130,
1791426528.0187893,0.4998,0.8440,0.8030,0.3646,0.4998,0.6350,0.2991,0.7006,0.1557,0.0737,0.1966,0.4302,0.2991,0.0737,0.0574,0.1557,0.0410,0.4190,,,,,43.38,,,,,,
1791426528.0573506,0.7538,0.7006,0.7538,0.3646,0.4998,0.2991,0.4302,0.7006,0.0942,0.1966,0.1229,0.4998,0.4998,0.0737,0.0410,0.0574,0.0410,0.4150,,,,,43.38,,,,,,
1791426528.0890205,0.8440,0.5695,0.8030,0.5695,0.6350,0.5695,0.4998,0.5695,0.0942,0.0942,0.1557,0.4998,0.3646,0.0942,0.0574,0.0246,0.0246,0.4170,0.5370,,0.1200,,44.18,,,,0.831,0.126,
1791426528.1210027,0.7006,0.8030,0.8030,0.8440,0.7006,0.6350,0.4302,0.7006,0.3646,0.0942,0.1966,0.6350,0.4302,0.0574,0.1966,0.0369,0.0410,0.4170,0.5460,,0.1290,,45.41,,,,0.731,0.122,
1791426528.154523,0.7538,0.7006,0.4998,0.7006,0.6350,0.6350,0.4998,0.4302,0.1557,0.1966,0.1557,0.4998,0.4998,0.1229,0.0574,0.0246,0.0246,0.4150,0.5340,,0.1190,,43.95,,,,0.871,0.127,
1791426528.1896827,0.4998,0.5695,0.7006,0.6350,0.7006,0.7006,0.4302,0.4998,0.1966,0.1966,0.2458,0.4998,0.4998,0.0942,0.0574,0.0574,0.0205,0.4160,0.5405,,0.1245,,44.56,,,,0.757,0.125,
1791426528.222617,0.8030,0.8440,0.9054,0.8440,0.7006,0.7538,0.4998,0.5695,0.1229,0.2991,0.4998,0.6350,0.4302,0.1229,0.0574,0.0205,0.1557,0.4150,0.5375,,0.1225,,44.97,,,138.5,0.737,0.123,0.381
1791426528.25619,0.4998,0.5695,0.6350,0.7006,0.6350,0.7538,0.3646,0.6350,0.2458,0.2991,0.1966,0.4998,0.3646,0.1966,0.0737,0.0574,0.0205,0.4200,0.5435,,0.1235,,45.22,,,140.6,0.752,0.122,
1791426528.295748,0.5695,0.4998,0.7006,0.6350,0.5695,0.5695,0.4998,0.4302,0.2991,0.2458,0.1966,0.4998,0.4998,0.0410,0.0737,0.0410,0.0369,0.4140,0.5380,,0.1240,,45.50,,,141.3,0.748,0.121,
1791426528.3269768,0.6350,0.6350,0.8030,0.6350,0.6350,0.7006,0.4302,0.6350,0.2458,0.3646,0.1557,0.4998,0.4998,0.0737,0.0369,0.0574,0.0410,0.4150,0.5345,,0.1195,,45.20,,37.6,141.0,0.765,0.122,0.652
1791426528.358655,0.7006,0.6350,0.8767,0.4998,0.6350,0.7006,0.4302,0.6350,0.1966,0.1557,0.1966,0.4998,0.4998,0.1229,0.0410,0.0410,0.0369,0.4130,0.5345,,0.1215,,46.31,,35.3,142.4,0.770,0.117,
1791426528.3917158,0.7538,0.5695,0.7538,0.7538,0.7006,0.6350,0.4998,0.5695,0.4998,0.3646,0.2458,0.4998,0.3646,0.0574,0.0574,0.0737,0.0737,0.4130,0.5425,,0.1295,,46.57,,28.0,142.7,0.730,0.117,0.616
1791426528.4266727,0.7006,0.4998,0.4998,0.8030,0.5695,0.7538,0.3646,0.5695,0.2458,0.3646,0.1966,0.4998,0.3646,0.0942,0.0574,0.0410,0.0574,0.4130,0.5325,,0.1195,,46.57,,20.0,143.7,0.714,0.116,0.566
1791426528.459679,0.6350,0.4998,0.7006,0.4998,0.7006,0.7538,0.4302,0.7006,0.0942,0.2458,0.1966,0.5695,0.4998,0.1229,0.0574,0.0369,0.0246,0.4130,0.5355,,0.1225,,47.30,,21.5,146.0,0.718,0.113,
1791426528.4937987,0.7538,0.6350,0.6350,0.7006,0.5695,0.5695,0.5695,0.6350,0.0942,0.2991,0.1229,0.5695,0.4998,0.0737,0.0246,0.0410,0.0410,0.4130,0.5405,,0.1275,,46.88,,21.7,147.0,0.766,0.116,
1791426528.533504,0.8030,0.7006,0.7006,0.8030,0.8030,0.7538,0.5695,0.4998,0.2458,0.2458,0.1966,0.5695,0.4302,0.0942,0.0410,0.0369,0.0410,0.4130,0.5355,,0.1225,,47.66,,21.6,146.8,0.700,0.113,
1791426528.5651903,0.4998,0.4998,0.7538,0.4302,0.6350,0.4302,0.4302,0.4302,0.1229,0.2991,0.0942,0.5695,0.4302,0.1229,0.0737,0.0369,0.0410,0.4130,0.5355,,0.1225,,47.79,,21.5,146.1,0.848,0.112,
1791426528.5966897,0.4302,0.5695,0.4998,0.6350,0.7006,0.6350,0.4998,0.5695,0.1966,0.2458,0.1557,0.4998,0.4998,0.0574,0.0574,0.0410,0.0410,0.4120,0.5370,,0.1250,,47.45,,21.4,145.1,0.831,0.113,
1791426528.62935,0.7006,0.5695,0.7538,0.6350,0.7006,0.7006,0.5695,0.5695,0.1966,0.2991,0.1966,0.4998,0.3646,0.1557,0.0410,0.0410,0.0369,0.4120,0.5375,,0.1255,,48.14,,21.4,145.4,0.765,0.111,
1791426528.6634684,0.6350,0.7538,0.5695,0.7538,0.6350,0.7006,0.4998,0.5695,0.1966,0.1966,0.1966,0.5695,0.3646,0.0737,0.0369,0.0410,0.0410,0.4120,0.5355,,0.1235,,48.22,,20.4,146.1,0.792,0.111,
1791426528.6972897,0.6350,0.6350,0.4302,0.4302,0.7538,0.6350,0.4998,0.4998,0.4302,0.1557,0.1966,0.6350,0.4998,0.0737,0.0737,0.0246,0.0574,0.4120,0.5345,,0.1225,,48.32,,20.2,141.5,0.797,0.110,
1791426528.7309887,0.6350,0.8440,0.5695,0.6350,0.7538,0.7006,0.5695,0.7006,0.1229,0.2991,0.0942,0.4998,0.4998,0.1557,0.0574,0.0410,0.0410,0.4110,0.5345,,0.1235,,48.84,,21.5,142.1,0.775,0.108,
1791426528.7659955,0.8030,0.6350,0.8030,0.4302,0.7538,0.6350,0.4998,0.5695,0.5695,0.1966,0.1966,0.5695,0.3646,0.0737,0.0410,0.0246,0.0369,0.4120,0.5370,,0.1250,,48.93,,20.0,,0.818,0.108,
1791426528.8029144,0.5695,0.5695,0.7538,0.8030,0.7538,0.7538,0.4998,0.6350,0.7006,0.1557,0.4998,0.4302,0.2991,0.0737,0.0410,0.0574,0.0737,0.4120,0.5360,,0.1240,,49.11,,20.7,151.2,,0.107,1.072
1791426528.834345,0.6350,0.7006,0.7538,0.8030,0.7006,0.7538,0.4998,0.6350,0.5695,0.2458,0.0737,0.4302,0.4998,0.1229,0.0369,0.0410,0.0410,0.4120,0.5360,,0.1240,,48.81,,19.8,154.0,0.856,0.108,
1791426528.8669546,0.7006,0.9259,0.4998,0.8030,0.5695,0.6350,0.5695,0.4998,0.1229,0.1557,0.1557,0.5695,0.4998,0.0574,0.0410,0.0574,0.0574,0.4090,0.5350,,0.1260,,49.22,,19.3,152.9,0.724,0.107,
1791426528.9008396,0.4998,0.4998,0.7538,0.6350,0.5695,0.7006,0.4302,0.5695,0.1229,0.1229,0.2458,0.4998,0.4998,0.0737,0.0246,0.0410,0.0369,0.4120,0.5325,,0.1205,,47.92,,20.5,150.6,0.759,0.112,
1791426528.9356034,0.6350,0.7006,0.7006,0.7538,0.7538,0.7006,0.6350,0.7006,0.4302,0.1966,0.1966,0.5695,0.5695,0.0737,0.0574,0.0410,0.0737,0.4100,0.5430,0.6860,0.1330,0.1430,48.27,24.87,21.0,144.0,0.669,0.112,
1791426528.9687629,0.8030,0.6350,0.6350,0.5695,0.7538,0.7006,0.6350,0.7006,0.2458,0.2458,0.1966,0.5695,0.4302,0.0574,0.0574,0.0410,0.0410,0.4120,0.5365,,0.1245,,47.89,25.15,,138.9,0.715,0.113,
1791426529.003014,0.6350,0.7538,0.8030,0.7006,0.7006,0.8030,0.6350,0.7006,0.2991,0.2458,0.1229,0.5695,0.4998,0.1229,0.2991,0.1229,0.0942,0.4120,0.5370,,0.1250,,48.13,25.93,,139.6,0.620,0.112,
1791426529.0404482,0.7006,0.6350,0.8767,0.5695,0.4998,0.7538,0.4998,0.7006,0.1557,0.1966,0.3646,0.4998,0.3646,0.0737,0.0574,0.0737,0.0737,0.4080,0.6135,,0.2055,,51.42,23.04,,136.6,0.793,0.113,0.995
1791426529.0717392,0.6350,0.9259,0.8030,0.7006,0.7006,0.7538,0.4302,0.4998,0.2991,0.2991,0.1557,0.4998,0.4302,0.1557,0.0410,0.0574,0.0369,0.4060,0.5335,,0.1275,,50.43,23.69,,137.4,0.732,0.114,
1791426529.1043487,0.5695,0.6350,0.7538,0.7538,0.7538,0.6350,0.4302,0.6350,0.1966,0.1966,0.1557,0.4302,0.4302,0.1229,0.1229,0.0369,0.0737,0.4070,0.5345,,0.1275,,50.30,24.44,,140.8,0.686,0.113,
1791426529.1380854,0.6350,0.5695,0.8440,0.6350,0.7006,0.8030,0.4302,0.6350,0.1229,0.0737,0.3646,0.4302,0.2991,0.0737,0.0574,0.0369,0.0369,0.4110,0.5345,,0.1235,,50.44,24.79,,143.1,,0.111,0.959
1791426529.1722004,0.7006,0.4998,0.5695,0.7006,0.6350,0.6350,0.4302,0.6350,0.0942,0.0737,0.6350,0.4302,0.4302,0.0574,0.0410,0.0369,0.0410,0.4070,0.5325,,0.1255,,50.51,24.76,,138.5,0.791,0.109,0.975
1791426529.2067316,0.7006,0.6350,0.7006,0.6350,0.4998,0.5695,0.4302,0.4998,0.2458,0.1557,0.1557,0.4302,0.4302,0.0574,0.0574,0.0410,0.0369,0.4060,0.5340,,0.1280,,51.12,24.94,,138.0,0.749,0.106,
1791426529.240197,0.6350,0.6350,0.5695,0.7538,0.7006,0.8767,0.4998,0.4998,0.6350,0.0942,0.7006,0.4302,0.2991,0.0737,0.0410,0.0574,0.0410,0.4060,0.5375,,0.1315,,52.38,25.39,,133.1,,0.101,0.923
1791426529.278671,0.7538,0.4302,0.4998,0.6350,0.7538,0.5695,0.4998,0.6350,0.0737,0.1966,0.2991,0.4302,0.3646,0.0574,0.0410,0.0205,0.0410,0.4060,0.5305,,0.1245,,52.13,25.71,,133.7,0.723,0.101,
1791426529.3106856,0.8030,0.5695,0.6350,0.4998,0.4998,0.7006,0.2991,0.5695,0.4302,0.1966,0.4302,0.5695,0.4302,0.0737,0.0369,0.0410,0.0369,0.4060,,,,,52.13,25.71,,133.7,,,
1791426529.3417008,0.7006,0.7006,0.7006,0.8440,0.5695,0.7538,0.5695,0.7006,0.1229,0.0574,0.0574,0.6350,0.4998,0.0942,0.1966,0.0574,0.0737,0.4060,0.5380,,0.1320,,53.44,26.04,,132.2,0.672,0.097,
1791426529.3762994,0.6350,0.7006,0.6350,0.7006,0.4302,0.7006,0.4302,0.4998,0.3646,0.1229,0.2458,0.4998,0.3646,0.0942,0.0574,0.0410,0.0410,0.4050,0.5315,,0.1265,,52.35,26.32,,133.9,0.704,0.100,
1791426529.410327,0.8440,0.4998,0.8767,0.6350,0.7006,0.7006,0.4302,0.4998,0.6350,0.1229,0.0942,0.4998,0.4302,0.0737,0.0574,0.0246,0.0246,0.4050,0.6085,,0.2035,,54.45,23.38,,133.2,0.813,0.103,
1791426529.443638,0.8030,0.7006,0.8030,0.4302,0.7006,0.5695,0.4998,0.5695,0.5695,0.1966,0.0737,0.5695,0.4998,0.0942,0.0246,0.0369,0.0246,0.4030,0.5355,,0.1325,,53.95,23.82,,131.6,0.745,0.103,
1791426529.4772062,0.5695,0.6350,0.7538,0.7538,0.6350,0.4998,0.4302,0.5695,0.5695,0.1557,0.0737,0.4302,0.4302,0.0942,0.0574,0.0369,0.0410,0.4030,0.5270,,0.1240,,53.29,,,126.9,0.755,0.103,
1791426529.5115817,0.8440,0.4302,0.6350,0.6350,0.4998,0.7006,0.3646,0.4998,0.1229,0.1966,0.0574,0.4302,0.3646,0.0574,0.0574,0.0246,0.0246,0.4020,0.5320,,0.1300,,52.43,,,114.1,0.745,0.105,
1791426529.5480819,0.5695,0.6350,0.7006,0.8440,0.8030,0.8030,0.5695,0.5695,0.6350,0.1966,0.0737,0.5695,0.4998,0.0737,0.0369,0.0246,0.0369,0.4060,0.5300,,0.1240,,52.31,,,111.3,0.751,0.104,
1791426529.5806618,0.8030,0.7006,0.8030,0.6350,0.5695,0.7538,0.4302,0.4998,0.0737,0.1966,0.3646,0.5695,0.4302,0.0574,0.0410,0.0246,0.0369,0.4110,0.5325,,0.1215,,51.14,,,95.5,0.701,0.106,0.992
1791426529.613714,0.6350,0.7006,0.7006,0.7006,0.6350,0.5695,0.4998,0.5695,0.0737,0.1966,0.1966,0.4998,0.4998,0.1229,0.0574,0.0369,0.0246,0.4060,0.5345,,0.1285,,50.90,,,93.7,0.731,0.106,
1791426529.6473649,0.6350,0.6350,0.8030,0.7006,0.6350,0.6350,0.4302,0.7006,0.2458,0.1966,0.1557,0.4998,0.5695,0.0942,0.0246,0.0369,0.0369,0.4050,0.5290,,0.1240,,50.63,,,91.8,0.709,0.106,
1791426529.6815903,0.6350,0.7538,0.9054,0.8767,0.7006,0.5695,0.4302,0.7538,0.5695,0.1966,0.3646,0.5695,0.4302,0.0410,0.0410,0.0205,0.0246,0.4050,0.5275,,0.1225,,50.99,,,137.0,0.692,0.104,0.864
1791426529.7149224,0.7006,0.4998,0.8030,0.4998,0.4998,0.7006,0.4302,0.4998,0.0737,0.1557,0.0574,0.4302,0.2991,0.1229,0.0737,0.0574,0.0410,0.4060,0.5300,,0.1240,,49.68,,,138.8,,0.108,
1791426529.7489038,0.6350,0.7538,0.8030,0.7538,0.7006,0.7538,0.4998,0.6350,0.1557,0.1966,0.1966,0.4998,0.4998,0.0942,0.0574,0.1229,0.0574,0.4030,0.5360,,0.1330,,50.38,,,137.6,0.681,0.106,
1791426529.787023,0.6350,0.8440,0.7538,0.7006,0.6350,0.7538,0.5695,0.4998,0.3646,0.1966,0.1966,0.5695,0.4998,0.1229,0.0574,0.0246,0.0574,0.4050,0.5345,,0.1295,,49.79,,,136.2,0.747,0.109,
1791426529.8186789,0.6350,0.8440,0.8440,0.8030,0.7006,0.6350,0.4998,0.4302,0.3646,0.1966,0.5695,0.5695,0.4998,0.0942,0.0410,0.0410,0.0574,0.4080,0.5345,,0.1265,,49.47,,,141.4,0.718,0.110,0.366
1791426529.8505266,0.8030,0.8030,0.7006,0.6350,0.5695,0.7006,0.4998,0.6350,0.2991,0.1966,0.1229,0.4302,0.4302,0.0737,0.0942,0.0369,0.0246,0.4060,0.5375,,0.1315,,49.56,,,140.4,0.736,0.110,
1791426529.8843427,0.7538,0.6350,0.6350,0.7006,0.7006,0.7006,0.5695,0.2991,0.3646,0.1557,0.1557,0.6350,0.4998,0.1229,0.0410,0.0574,0.0246,0.4100,0.6080,,0.1980,,51.64,,,136.7,0.780,0.113,
1791426529.9187412,0.6350,0.7538,0.8440,0.7006,0.6350,0.7006,0.5695,0.6350,0.5695,0.1966,0.1557,0.5695,0.5695,0.1229,0.0942,0.0410,0.0574,0.4110,0.6060,0.6840,0.1950,0.0780,52.95,21.80,,121.2,0.732,0.116,
1791426529.9523494,0.5695,0.7006,0.7006,0.7006,0.8030,0.7538,0.6350,0.6350,0.4998,0.2458,0.2991,0.5695,0.3646,0.0737,0.0574,0.0737,0.0574,0.4110,0.6115,,0.2005,,54.14,20.16,,58.1,0.725,0.118,
1791426529.9869401,0.7538,0.5695,0.6350,0.8440,0.6350,0.7538,0.7538,0.6350,0.3646,0.0574,0.1557,0.6350,0.4998,0.0942,0.0942,0.0737,0.0574,0.4060,0.5305,,0.1245,,52.42,21.69,,63.6,0.706,0.119,
1791426530.0241253,0.4998,0.8030,0.7006,0.7006,0.5695,0.7006,0.7538,0.4998,0.4302,0.0942,0.1229,0.4998,0.4998,0.0737,0.0574,0.0410,0.0574,0.4080,0.5335,,0.1255,,50.72,22.36,,68.0,0.789,0.122,
1791426530.0559552,0.5695,0.4998,0.7006,0.6350,0.7006,0.5695,0.4998,0.4998,0.2991,0.0737,0.1557,0.5695,0.4302,0.0737,0.1229,0.0369,0.0246,0.4060,0.5360,,0.1300,,49.68,22.75,,98.7,0.795,0.123,
1791426530.0884554,0.6350,0.7538,0.7538,0.8440,0.4998,0.7538,0.5695,0.6350,0.4302,0.0942,0.1229,0.5695,0.5695,0.1557,0.0737,0.0942,0.0574,0.4110,0.5340,0.6860,0.1230,0.1520,48.41,23.33,,93.9,0.797,0.125,
1791426530.1223085,0.7006,0.7006,0.8030,0.7538,0.7006,0.7006,0.5695,0.3646,0.4998,0.2458,0.1557,0.4998,0.4998,0.0942,0.0574,0.0574,0.0737,0.4110,0.5400,,0.1290,,48.14,23.23,,90.4,0.833,0.124,
1791426530.156216,0.6350,0.8767,0.4998,0.6350,0.4998,0.7538,0.5695,0.4998,0.3646,0.1966,0.1966,0.4998,0.4998,0.0574,0.0737,0.0574,0.0410,0.4110,0.5330,,0.1220,,46.97,23.52,,35.4,0.804,0.126,
1791426530.18988,0.8030,0.9054,0.4998,0.8030,0.8030,0.5695,0.4302,0.4998,0.2458,0.0574,0.1557,0.4998,0.4998,0.0737,0.0942,0.0574,0.0574,0.4110,0.5385,,0.1275,,48.18,24.26,,57.5,0.681,0.120,
1791426530.2240837,0.7006,0.7006,0.8440,0.7538,0.6350,0.8030,0.4302,0.6350,0.1966,0.0942,0.0942,0.5695,0.4302,0.0574,0.0737,0.0574,0.0574,0.4070,0.5415,,0.1345,,48.78,24.41,,85.1,0.743,0.117,
1791426530.2618995,0.6350,0.7538,0.5695,0.7538,0.4998,0.6350,0.5695,0.6350,0.2991,0.1966,0.1966,0.4998,0.4302,0.0737,0.0942,0.0410,0.0574,0.4070,0.5370,,0.1300,,49.26,24.76,,103.9,0.730,0.115,
1791426530.2940838,0.7006,0.5695,0.6350,0.7538,0.7538,0.6350,0.4302,0.2991,0.2991,0.1557,0.2458,0.5695,0.5695,0.1557,0.0410,0.0574,0.0369,0.4050,0.5360,0.6880,0.1310,0.1520,50.05,25.56,,115.2,0.687,0.111,
1791426530.3255785,0.7538,0.7006,0.8030,0.8030,0.7006,0.7538,0.4998,0.4302,0.4302,0.2458,0.2991,0.4998,0.4998,0.1229,0.0410,0.0410,0.0369,0.4030,0.5330,,0.1300,,50.55,26.07,,133.9,0.694,0.109,
1791426530.3599854,0.7538,0.7006,0.5695,0.7538,0.5695,0.8030,0.4302,0.7006,0.0942,0.1557,0.1966,0.4998,0.4302,0.1557,0.0369,0.0942,0.0410,0.4030,0.5370,,0.1340,,52.54,26.50,,,0.673,0.102,
1791426530.3933747,0.4998,0.7538,0.7538,0.7006,0.4302,0.8030,0.3646,0.6350,0.4302,0.0942,0.0737,0.4302,0.2991,0.0574,0.0737,0.0410,0.0410,0.4010,0.5295,,0.1285,,52.74,26.71,,,,0.100,
1791426530.427355,0.4998,0.5695,0.8030,0.6350,0.4998,0.7006,0.4998,0.5695,0.4302,0.2458,0.1966,0.4998,0.3646,0.0737,0.0737,0.0246,0.0737,0.4020,0.5325,,0.1305,,51.38,26.43,,,0.787,0.105,
1791426530.462053,0.7006,0.6350,0.7538,0.7006,0.6350,0.7538,0.4302,0.1966,0.0410,0.1557,0.0737,0.5695,0.4998,0.1229,0.0410,0.0737,0.0574,0.3990,0.5245,,0.1255,,52.35,26.88,,,0.719,0.100,
1791426530.5004272,0.5695,0.7538,0.8030,0.7006,0.5695,0.7538,0.4302,0.4302,0.3646,0.0942,0.1229,0.4302,0.4302,0.0942,0.0410,0.0410,0.0737,0.3970,0.5265,,0.1295,,53.10,27.05,,,0.740,0.098,
1791426530.5331311,0.4998,0.8030,0.7538,0.7006,0.5695,0.5695,0.3646,0.4998,0.2991,0.7006,0.4998,0.2991,0.1229,0.1557,0.0737,0.0410,0.0737,0.3970,0.5260,,0.1290,,55.38,27.69,33.4,123.1,,0.090,0.301
1791426530.5649226,0.4302,0.8030,0.6350,0.2991,0.4998,0.6350,0.3646,0.3646,0.2458,0.1229,0.1229,0.4302,0.1966,0.1229,0.1229,0.0737,0.0737,0.3940,0.5245,,0.1305,,56.86,28.35,31.8,141.7,,0.085,
1791426530.596993,0.4998,0.6350,0.7538,0.8440,0.4998,0.7538,0.4302,0.4302,0.2991,0.4302,0.1557,0.4998,0.2458,0.1229,0.0574,0.0369,0.0246,0.3940,0.5240,,0.1300,,57.48,28.58,36.7,152.7,,0.083,0.350
1791426530.631476,0.5695,0.4998,0.8030,0.5695,0.4998,0.8030,0.3646,0.4998,0.2991,0.1229,0.0574,0.3646,0.2458,0.0410,0.0737,0.0574,0.0369,0.3930,0.5235,,0.1305,,58.49,28.66,38.6,161.2,,0.080,
1791426530.6643891,0.4998,0.5695,0.7006,0.5695,0.4998,0.7006,0.4302,0.1557,0.2991,0.1966,0.0737,0.2991,0.2458,0.0737,0.0574,0.0737,0.0410,0.3890,0.5230,,0.1340,,59.44,28.75,37.8,166.4,,0.077,
1791426530.6987329,0.7006,0.7538,0.6350,0.7006,0.6350,0.6350,0.4302,0.3646,0.0737,0.0737,0.0410,0.2991,0.1557,0.0942,0.0942,0.0410,0.0942,0.3890,0.5225,,0.1335,,60.52,28.83,35.5,165.4,,0.074,
1791426530.7333543,0.7538,0.4998,0.7538,0.7006,0.4302,0.4998,0.3646,0.2991,0.2991,0.1229,0.0410,0.5695,0.2458,0.1229,0.0246,0.0164,0.0410,0.3830,0.5215,,0.1385,,61.36,28.89,34.2,170.0,,0.073,
1791426530.7707574,0.7006,0.4998,0.4998,0.7006,0.4302,0.6350,0.3646,0.2458,0.0574,0.3646,0.0574,0.3646,0.1557,0.1229,0.0574,0.0369,0.0410,0.3890,0.5220,,0.1330,,61.62,28.27,39.0,167.8,,0.072,0.373
1791426530.8017554,0.7538,0.5695,0.7006,0.5695,0.5695,0.7538,0.4998,0.6350,0.4998,0.2991,0.1229,0.4998,0.3646,0.0574,0.0942,0.0574,0.0574,0.3880,0.5215,,0.1335,,63.37,28.98,39.3,170.3,0.639,0.067,
1791426530.8354664,0.4998,0.4998,0.6350,0.6350,0.7006,0.6350,0.4998,0.5695,0.0574,0.1557,0.4302,0.3646,0.1966,0.0942,0.0737,0.0369,0.0737,0.3820,0.5205,,0.1385,,64.04,,40.6,165.0,,0.065,0.926
1791426530.868711,0.4998,0.8440,0.4998,0.7006,0.5695,0.5695,0.5695,0.3646,0.0574,0.1229,0.4302,0.4302,0.1966,0.0574,0.0574,0.0410,0.0942,0.3810,0.5180,,0.1370,,64.83,,40.0,155.5,,0.063,0.886
1791426530.9030352,0.4998,0.3646,0.7006,0.6350,0.7006,0.8030,0.3646,0.6350,0.4302,0.1966,0.3646,0.4998,0.1966,0.0574,0.0737,0.0737,0.0737,0.3820,0.5125,,0.1305,,64.72,,41.3,152.1,,0.063,0.977
1791426530.9362838,0.7006,0.4998,0.8030,0.7006,0.4998,0.6350,0.4302,0.4302,0.5695,0.1557,0.3646,0.5695,0.1966,0.0942,0.0737,0.0574,0.0410,0.3820,0.5155,,0.1335,,66.30,,40.7,143.7,,0.059,0.829
1791426530.970752,0.4302,0.7006,0.6350,0.7538,0.5695,0.6350,0.4302,0.3646,0.4302,0.2458,0.1557,0.4302,0.1966,0.0410,0.0942,0.1229,0.0574,0.3800,0.5150,,0.1350,,65.03,,39.3,139.0,,0.062,
1791426531.0085607,0.6350,0.5695,0.7538,0.7006,0.4302,0.8030,0.5695,0.4302,0.6350,0.1966,0.4302,0.3646,0.2458,0.0942,0.0369,0.0205,0.0205,0.3800,0.5110,,0.1310,,64.45,,37.1,125.2,,0.064,1.009
1791426531.040947,0.5695,0.6350,0.7006,0.6350,0.4998,0.7006,0.5695,0.5695,0.6350,0.2458,0.4998,0.2458,0.2991,0.1229,0.0574,0.0574,0.0369,0.3820,0.5175,,0.1355,,64.85,,38.0,108.3,,0.063,0.866
1791426531.0720217,0.7538,0.7006,0.7538,0.7538,0.8030,0.5695,0.4998,0.3646,0.7006,0.1557,0.4998,0.2458,0.2458,0.0369,0.0410,0.0737,0.0369,0.3810,0.5210,,0.1400,,65.82,,38.2,93.1,,0.061,0.882
1791426531.1056948,0.4302,0.4998,0.7006,0.7538,0.5695,0.7538,0.6350,0.3646,0.2991,0.1966,0.4998,0.2991,0.1966,0.0942,0.0246,0.0369,0.0246,0.3770,0.5170,,0.1400,,65.68,,37.6,92.0,,0.061,0.916
1791426531.1401565,0.7006,0.7538,0.8440,0.4998,0.4998,0.7538,0.5695,0.4302,0.7538,0.4998,0.5695,0.1966,0.1557,0.0942,0.0369,0.0205,0.0205,0.3770,0.5145,,0.1375,,65.24,,40.3,82.2,,0.063,0.396
1791426531.1744883,0.7006,0.4302,0.7006,0.6350,0.7006,0.7006,0.6350,0.5695,0.7538,0.1966,0.4302,0.4998,0.2991,0.0942,0.0410,0.0410,0.0410,0.3770,0.5140,,0.1370,,64.72,,40.2,74.6,,0.064,0.982
1791426531.2076206,0.5695,0.4998,0.5695,0.5695,0.6350,0.7006,0.6350,0.6350,0.2991,0.1557,0.4998,0.4302,0.3646,0.1966,0.0574,0.0410,0.0574,0.3800,0.5105,,0.1305,,64.18,,39.3,71.6,0.511,0.065,0.903
1791426531.2416182,0.4998,0.7006,0.5695,0.7006,0.5695,0.7538,0.4998,0.6350,0.7006,0.5695,0.5695,0.4998,0.3646,0.1557,0.0369,0.0246,0.0246,0.3800,0.5155,,0.1355,,63.87,,41.5,67.5,0.585,0.066,0.383
1791426531.2796168,0.4998,0.5695,0.8030,0.7006,0.6350,0.7006,0.6350,0.3646,0.7006,0.6350,0.7006,0.1966,0.2991,0.1966,0.0410,0.0369,0.0246,0.3810,0.5150,,0.1340,,63.74,,44.8,59.7,,0.067,0.365
1791426531.3120735,0.6350,0.8030,0.7538,0.5695,0.4998,0.8030,0.6350,0.6350,0.6350,0.1229,0.4302,0.3646,0.4302,0.0574,0.0410,0.0369,0.0410,0.3840,0.5165,,0.1325,,63.08,,45.1,56.4,0.540,0.068,0.948
1791426531.3435857,0.5695,0.6350,0.8440,0.5695,0.5695,0.7006,0.6350,0.4998,0.6350,0.7538,0.4302,0.2991,0.3646,0.0737,0.0737,0.1557,0.0369,0.3850,0.5155,,0.1305,,61.95,,44.9,55.2,,0.071,0.417
1791426531.3776042,0.6350,0.7538,0.6350,0.7006,0.6350,0.7006,0.4998,0.5695,0.5695,0.1557,0.4998,0.3646,0.2991,0.1229,0.0246,0.1229,0.0574,0.3810,0.5165,,0.1355,,62.28,,47.2,52.2,,0.070,0.959
1791426531.4107873,0.5695,0.6350,0.5695,0.6350,0.7006,0.7006,0.5695,0.4998,0.4998,0.4998,0.5695,0.4302,0.1966,0.1229,0.0246,0.0246,0.0369,0.3810,0.5180,,0.1370,,62.23,,48.5,51.0,,0.071,0.385
1791426531.4458182,0.8440,0.5695,0.7006,0.6350,0.7006,0.7538,0.6350,0.2991,0.8030,0.0942,0.4998,0.4998,0.3646,0.0737,0.0410,0.0369,0.0574,0.3820,0.5200,,0.1380,,63.00,,48.0,48.3,0.677,0.069,0.907
1791426531.4789672,0.7006,0.4998,0.5695,0.6350,0.6350,0.7538,0.5695,0.4302,0.5695,0.1966,0.5695,0.2991,0.1966,0.0942,0.0410,0.0369,0.0410,0.3830,0.5185,,0.1355,,63.61,,49.6,44.9,,0.067,0.951
1791426531.5181656,0.7006,0.7006,0.7538,0.6350,0.4998,0.7006,0.6350,0.5695,0.1229,0.1966,0.1229,0.4302,0.3646,0.1557,0.0246,0.0246,0.0246,0.3820,0.5155,,0.1335,,64.04,,51.1,43.4,0.705,0.066,
1791426531.5501676,0.6350,0.4998,0.8440,0.5695,0.4998,0.7006,0.4302,0.4302,0.0942,0.6350,0.3646,0.4998,0.2991,0.1557,0.0942,0.0410,0.0410,0.3850,0.5180,,0.1330,,63.83,,50.9,45.5,,0.066,0.347
1791426531.5817752,0.6350,0.7006,0.7006,0.6350,0.7006,0.7538,0.4998,0.3646,0.0942,0.2458,0.1229,0.3646,0.2991,0.1557,0.1557,0.0942,0.0942,0.3870,0.5230,,0.1360,,64.84,,50.4,44.3,,0.063,
1791426531.614588,0.5695,0.6350,0.6350,0.7538,0.6350,0.7538,0.4998,0.3646,0.4302,0.6350,0.0942,0.4302,0.2458,0.1229,0.1229,0.0369,0.0410,0.3870,0.5180,,0.1310,,64.98,,51.2,39.0,,0.063,0.316
1791426531.648252,0.5695,0.4998,0.8030,0.8030,0.5695,0.7006,0.4998,0.6350,0.5695,0.1557,0.0574,0.4998,0.1557,0.1229,0.0574,0.0737,0.0410,0.3860,0.5145,,0.1285,,64.61,,54.0,28.4,,0.063,
1791426531.6829338,0.5695,0.5695,0.8767,0.7006,0.6350,0.6350,0.4302,0.4998,0.4302,0.7006,0.2991,0.2991,0.2458,0.0942,0.1229,0.0369,0.0737,0.3870,0.5260,,0.1390,,65.40,,53.8,23.6,,0.061,0.321
1791426531.716756,0.4302,0.4998,0.7006,0.6350,0.6350,0.6350,0.4302,0.4998,0.0942,0.0942,0.4302,0.4302,0.2991,0.1229,0.0942,0.0369,0.0410,0.3860,0.5190,,0.1330,,65.05,,54.4,39.3,,0.062,0.961
1791426531.750856,0.5695,0.6350,0.7006,0.4998,0.6350,0.7538,0.4302,0.4302,0.4998,0.0942,0.4302,0.4998,0.2458,0.0942,0.0574,0.0369,0.0246,0.3860,0.5205,,0.1345,,65.99,,54.1,38.7,,0.060,1.018
1791426531.7886477,0.5695,0.8030,0.6350,0.6350,0.6350,0.7006,0.4302,0.5695,0.0737,0.2991,0.0737,0.4998,0.3646,0.1229,0.0942,0.0574,0.0410,0.3870,0.5185,,0.1315,,65.26,,58.1,40.2,0.777,0.062,
1791426531.8208504,0.6350,0.7006,0.7006,0.5695,0.5695,0.7538,0.3646,0.2458,0.0737,0.1557,0.4998,0.4302,0.2458,0.0574,0.0737,0.0410,0.0410,0.3860,0.5215,,0.1355,,64.22,,56.2,62.4,,0.065,0.361
1791426531.8521101,0.5695,0.4998,0.6350,0.5695,0.4998,0.7006,0.4998,0.4302,0.4302,0.1557,0.4998,0.4302,0.3646,0.1229,0.0574,0.0205,0.0737,0.3860,0.5170,,0.1310,,63.86,,55.7,54.1,0.724,0.065,0.939
1791426531.886181,0.6350,0.8030,0.7006,0.6350,0.5695,0.6350,0.4998,0.2458,0.0737,0.2458,0.0942,0.4302,0.4302,0.0942,0.0737,0.0369,0.0369,0.3860,0.5205,,0.1345,,63.97,,56.1,54.6,0.684,0.065,
1791426531.9202616,0.6350,0.5695,0.7538,0.6350,0.5695,0.5695,0.2991,0.2991,0.1966,0.2458,0.0942,0.4998,0.3646,0.0737,0.0942,0.0369,0.1229,0.3860,,,,,63.97,,56.1,54.6,,,
1791426531.9542522,0.4998,0.6350,0.8767,0.5695,0.6350,0.7538,0.4998,0.4998,0.4302,0.1966,0.0574,0.4302,0.2458,0.0369,0.0574,0.0410,0.0369,0.3860,0.5195,,0.1335,,63.90,,55.6,51.4,,0.065,
1791426531.9876928,0.7006,0.6350,0.6350,0.6350,0.7006,0.7006,0.4998,0.4998,0.0574,0.2458,0.0737,0.4302,0.2458,0.1557,0.0942,0.0410,0.0369,0.3910,0.5235,,0.1325,,64.53,,56.8,50.9,,0.064,
1791426532.025918,0.4302,0.4302,0.5695,0.4302,0.5695,0.7538,0.4998,0.2991,0.0737,0.0942,0.0737,0.4302,0.4302,0.0574,0.0410,0.0369,0.0369,0.3860,0.5240,,0.1380,,64.64,,55.1,51.0,0.723,0.064,
1791426532.0579073,0.4998,0.6350,0.7006,0.7006,0.4302,0.4302,0.4302,0.1229,0.1557,0.7006,0.1229,0.4302,0.3646,0.0737,0.0410,0.0205,0.0410,0.3860,0.5235,,0.1375,,65.19,,54.3,51.3,0.693,0.062,0.339
1791426532.0897653,0.5695,0.6350,0.8030,0.6350,0.4998,0.7006,0.7006,0.5695,0.6350,0.1966,0.0737,0.4302,0.4302,0.0942,0.0410,0.0410,0.0737,0.3870,0.5170,,0.1300,,65.40,,56.6,50.4,0.663,0.061,
1791426532.123391,0.7006,0.7538,0.7006,0.5695,0.5695,0.6350,0.4302,0.1966,0.0942,0.4998,0.0574,0.2458,0.2458,0.0942,0.0369,0.0369,0.0410,0.3870,0.5220,,0.1350,,66.00,,55.4,51.1,,0.060,0.364
1791426532.158579,0.3646,0.7006,0.8030,0.4998,0.4302,0.8030,0.4302,0.3646,0.4302,0.2458,0.0574,0.4998,0.3646,0.0574,0.0246,0.0205,0.0246,0.3870,0.5205,,0.1335,,65.13,,55.8,48.3,0.689,0.062,
1791426532.191278,0.5695,0.7538,0.7538,0.6350,0.5695,0.8030,0.4302,0.4302,0.2458,0.1229,0.4302,0.4998,0.4998,0.1557,0.0574,0.0246,0.0410,0.3870,0.5215,,0.1345,,65.01,,55.8,45.2,0.685,0.063,0.947
1791426532.2264407,0.7538,0.6350,0.8030,0.4998,0.6350,0.5695,0.3646,0.5695,0.4998,0.0942,0.1229,0.4302,0.4302,0.0737,0.0369,0.0942,0.0369,0.3870,0.5215,,0.1345,,65.49,,55.1,41.4,0.612,0.061,
1791426532.2637525,0.3646,0.4302,0.8767,0.6350,0.5695,0.8030,0.4998,0.3646,0.4998,0.1229,0.4998,0.4998,0.3646,0.0737,0.0246,0.0942,0.1966,0.3870,0.5235,,0.1365,,65.66,,55.7,41.4,0.693,0.061,0.969
1791426532.2970932,0.5695,0.5695,0.8767,0.6350,0.4998,0.6350,0.3646,0.4302,0.2991,0.4998,0.3646,0.4998,0.3646,0.0410,0.1557,0.0574,0.0574,0.3870,0.5205,,0.1335,,65.98,,53.8,38.8,0.650,0.060,0.317
1791426532.3287475,0.6350,0.8440,0.7006,0.6350,0.4302,0.5695,0.5695,0.2991,0.5695,0.1229,0.2991,0.4998,0.3646,0.1229,0.0205,0.0246,0.0410,0.3870,0.5220,,0.1350,,65.96,,53.4,40.5,0.690,0.060,
1791426532.3610384,0.4998,0.7006,0.8440,0.7006,0.6350,0.7538,0.6350,0.5695,0.0942,0.1966,0.2991,0.4998,0.3646,0.1557,0.0410,0.0410,0.0410,0.3870,0.5270,,0.1400,,66.96,,56.6,43.8,0.687,0.058,
1791426532.3959773,0.6350,0.7538,0.7538,0.8030,0.4998,0.5695,0.5695,0.4302,0.2991,0.5695,0.2458,0.2991,0.1557,0.1229,0.0369,0.0369,0.0410,0.3870,0.5260,,0.1390,,68.27,,57.7,45.4,,0.054,0.294
1791426532.4287946,0.4302,0.7006,0.9054,0.5695,0.5695,0.7538,0.4302,0.2991,0.3646,0.6350,0.3646,0.2991,0.2458,0.0574,0.0246,0.0369,0.0246,0.3870,0.5215,,0.1345,,67.49,,56.6,46.7,,0.056,0.357
1791426532.4627998,0.6350,0.6350,0.5695,0.6350,0.6350,0.5695,0.4998,0.4302,0.5695,0.1966,0.2991,0.3646,0.2991,0.0942,0.0369,0.0574,0.0410,0.3870,0.5175,,0.1305,,65.93,,56.1,48.6,,0.060,
1791426532.5026932,0.3646,0.5695,0.8030,0.4998,0.6350,0.5695,0.4998,0.4998,0.2458,0.1557,0.3646,0.3646,0.1966,0.0737,0.0410,0.0369,0.0410,0.3870,0.5240,,0.1370,,66.35,,54.8,44.6,,0.059,0.914
1791426532.534203,0.4998,0.4302,0.6350,0.6350,0.5695,0.5695,0.5695,0.1557,0.4302,0.1229,0.2991,0.6350,0.3646,0.0410,0.0164,0.0205,0.0410,0.3870,0.5190,,0.1320,,66.16,,54.1,45.6,0.720,0.059,
1791426532.5658062,0.4998,0.5695,0.7538,0.8030,0.6350,0.7006,0.5695,0.2991,0.3646,0.1966,0.3646,0.4998,0.3646,0.1229,0.0942,0.1229,0.0942,0.3870,0.5265,,0.1395,,66.77,,55.1,42.8,0.604,0.058,0.837
1791426532.5992796,0.7006,0.4998,0.4302,0.4998,0.5695,0.6350,0.4998,0.4998,0.0942,0.0942,0.3646,0.5695,0.3646,0.1557,0.0246,0.0205,0.0246,0.3870,0.5175,,0.1305,,66.73,,55.2,45.0,0.730,0.058,0.992
1791426532.6326475,0.6350,0.4302,0.5695,0.7538,0.4998,0.4998,0.5695,0.4302,0.1557,0.1557,0.0574,0.5695,0.3646,0.0942,0.0369,0.0574,0.0574,0.3870,0.5205,,0.1335,,66.88,,56.5,43.1,0.649,0.057,
1791426532.667347,0.4302,0.8767,0.7006,0.7538,0.8440,0.6350,0.4998,0.2991,0.6350,0.7006,0.1557,0.4998,0.4302,0.0737,0.0369,0.0369,0.0369,0.3870,0.5245,,0.1375,,68.26,,55.7,43.7,0.661,0.054,0.313
1791426532.7007236,0.4998,0.7006,0.8440,0.8440,0.6350,0.8030,0.4998,0.5695,0.4302,0.2458,0.4302,0.4302,0.3646,0.0737,0.0369,0.0369,0.0369,0.3870,0.5255,,0.1385,,68.49,,56.0,46.7,0.709,0.053,1.003
1791426532.7399986,0.4998,0.7006,0.8440,0.7538,0.4302,0.7006,0.5695,0.5695,0.5695,0.2458,0.0737,0.5695,0.1966,0.0737,0.0574,0.0369,0.0369,0.3870,0.5240,,0.1370,,69.32,,56.8,45.1,,0.051,
1791426532.7720668,0.7006,0.4302,0.7006,0.5695,0.5695,0.6350,0.5695,0.4998,0.6350,0.0942,0.4302,0.4302,0.1557,0.0574,0.0164,0.0246,0.0246,0.3870,0.5195,,0.1325,,68.55,,55.0,46.8,,0.053,0.992
1791426532.803173,0.7006,0.6350,0.8440,0.7006,0.7006,0.7538,0.5695,0.6350,0.6350,0.1966,0.0737,0.4998,0.3646,0.0369,0.0574,0.0246,0.0164,0.3870,0.5255,,0.1385,,68.94,,56.0,47.1,0.664,0.052,
1791426532.8354533,0.4302,0.5695,0.7538,0.6350,0.5695,0.7538,0.6350,0.3646,0.2458,0.1966,0.3646,0.4998,0.3646,0.0942,0.1229,0.0369,0.0369,0.3870,0.5200,,0.1330,,68.85,,57.8,48.0,0.726,0.052,1.025
1791426532.8699155,0.5695,0.6350,0.6350,0.5695,0.6350,0.6350,0.4998,0.1557,0.3646,0.0942,0.1229,0.5695,0.3646,0.0574,0.0410,0.0369,0.0410,0.3870,0.5320,,0.1450,,69.44,,60.4,47.4,0.695,0.051,
1791426532.9037619,0.5695,0.6350,0.7006,0.5695,0.6350,0.7538,0.5695,0.5695,0.1229,0.1966,0.0410,0.3646,0.2458,0.0942,0.0246,0.0205,0.0246,0.3870,0.5205,,0.1335,,68.71,,57.7,47.4,,0.053,
1791426532.9372373,0.3646,0.7006,0.6350,0.7538,0.6350,0.7538,0.6350,0.3646,0.6350,0.1229,0.3646,0.4302,0.2458,0.0942,0.0246,0.0369,0.0246,0.3870,0.5260,,0.1390,,68.72,,56.4,46.6,,0.053,0.924
1791426532.9718387,0.8440,0.6350,0.8767,0.7538,0.5695,0.8030,0.4998,0.5695,0.4998,0.1557,0.0574,0.4302,0.2991,0.1229,0.0574,0.0369,0.0574,0.3870,0.5230,,0.1360,,68.99,,57.6,44.7,,0.053,
1791426533.0092988,0.7006,0.7006,0.8030,0.7538,0.6350,0.7538,0.5695,0.1966,0.6350,0.1966,0.3646,0.2991,0.4998,0.0942,0.0574,0.0369,0.0246,0.3870,0.5205,,0.1335,,69.26,,60.7,50.2,,0.052,0.916
1791426533.0407739,0.4998,0.5695,0.7538,0.5695,0.5695,0.7538,0.6350,0.2991,0.7538,0.6350,0.4998,0.4998,0.2991,0.0410,0.0246,0.0246,0.0246,0.3870,0.5215,,0.1345,,68.10,,58.5,56.2,,0.055,0.355
1791426533.0731955,0.7006,0.5695,0.7538,0.5695,0.4998,0.6350,0.5695,0.3646,0.7006,0.5695,0.3646,0.4998,0.3646,0.0942,0.0942,0.0246,0.0246,0.3870,0.5265,,0.1395,,68.84,,57.6,53.1,0.708,0.053,0.320
1791426533.1068223,0.4302,0.6350,0.8030,0.5695,0.4998,0.7538,0.4998,0.2458,0.3646,0.1557,0.0574,0.4302,0.2991,0.0369,0.0205,0.0942,0.0737,0.3870,0.5185,,0.1315,,67.98,,57.2,53.3,,0.055,
1791426533.1413977,0.7006,0.7006,0.7006,0.6350,0.5695,0.7006,0.7006,0.1966,0.5695,0.1966,0.0942,0.5695,0.4302,0.1557,0.1966,0.0737,0.0942,0.3870,0.5250,,0.1380,,69.34,,57.6,52.4,0.593,0.051,
1791426533.1749172,0.7006,0.4998,0.6350,0.7006,0.7006,0.7006,0.6350,0.4302,0.2991,0.1966,0.0942,0.3646,0.1557,0.0942,0.0369,0.0246,0.0246,0.3870,0.5245,,0.1375,,68.39,,58.3,49.2,,0.054,
1791426533.2135847,0.3646,0.5695,0.5695,0.7006,0.6350,0.8440,0.6350,0.2458,0.1557,0.7538,0.0942,0.4998,0.4302,0.1229,0.0369,0.0246,0.0369,0.3920,0.5160,,0.1240,,67.00,,56.6,47.8,0.780,0.057,0.389
1791426533.2462184,0.4302,0.7538,0.7538,0.5695,0.7006,0.5695,0.4998,0.4302,0.5695,0.1966,0.0737,0.4302,0.3646,0.1966,0.0410,0.0574,0.0410,0.3870,0.5190,,0.1320,,67.57,,54.9,49.9,0.736,0.055,
1791426533.2775016,0.7006,0.4998,0.7538,0.5695,0.4302,0.8030,0.5695,0.4302,0.1557,0.1557,0.0942,0.4998,0.4302,0.1229,0.0369,0.0369,0.0246,0.3870,0.5220,,0.1350,,67.23,,54.0,47.2,0.716,0.056,
1791426533.3103943,0.7006,0.5695,0.8440,0.8030,0.7538,0.5695,0.5695,0.5695,0.2458,0.2991,0.1229,0.5695,0.4302,0.1229,0.0246,0.0574,0.0574,0.3870,0.5195,,0.1325,,67.62,,57.3,47.7,0.673,0.055,
1791426533.3467462,0.4998,0.5695,0.8030,0.5695,0.4302,0.7006,0.4998,0.4998,0.2991,0.0942,0.2991,0.2458,0.1966,0.0574,0.0410,0.0369,0.0737,0.3870,0.5165,,0.1295,,66.30,,56.2,46.4,,0.058,
1791426533.3789322,0.8030,0.5695,0.8440,0.7006,0.5695,0.7006,0.4302,0.5695,0.2458,0.1966,0.7006,0.2458,0.2991,0.0942,0.0574,0.0369,0.0369,0.3870,0.5160,,0.1290,,65.51,,54.5,91.7,,0.060,0.357
1791426533.4120965,0.3646,0.7006,0.7006,0.6350,0.4998,0.7538,0.4302,0.3646,0.1966,0.3646,0.2458,0.3646,0.2458,0.0942,0.0410,0.0246,0.0574,0.3870,0.5960,,0.2090,,66.76,,54.1,88.4,,0.063,0.403
1791426533.446523,0.5695,0.8030,0.6350,0.4998,0.4998,0.7538,0.4302,0.4998,0.1557,0.2991,0.2991,0.2991,0.2458,0.1229,0.0574,0.0369,0.0574,0.3870,0.5200,,0.1330,,65.87,,56.1,88.0,,0.065,
1791426533.4849186,0.5695,0.6350,0.4998,0.6350,0.4302,0.6350,0.2991,0.5695,0.2991,0.1557,0.5695,0.2458,0.2991,0.1229,0.0410,0.0369,0.0410,0.3870,,,,,65.87,,56.1,88.0,,,
1791426533.5165327,0.4998,0.7006,0.7006,0.4998,0.5695,0.7538,0.4302,0.4998,0.1557,0.1966,0.2458,0.2991,0.2991,0.1229,0.0574,0.0410,0.0369,0.3870,0.5175,,0.1305,,65.20,,58.1,89.7,,0.065,
1791426533.5481784,0.4998,0.6350,0.7538,0.4998,0.6350,0.6350,0.3646,0.5695,0.1966,0.0942,0.5695,0.4302,0.4302,0.1229,0.0574,0.0369,0.0246,0.3920,0.5225,,0.1305,,63.54,,56.4,116.9,0.800,0.069,0.416
1791426533.5828466,0.8440,0.5695,0.8030,0.5695,0.5695,0.7006,0.3646,0.5695,0.1557,0.1557,0.4302,0.3646,0.4302,0.0737,0.0942,0.0410,0.0369,0.3870,0.5230,,0.1360,,64.41,,57.9,131.5,0.696,0.066,0.334
1791426533.615702,0.6350,0.6350,0.5695,0.8030,0.6350,0.8440,0.4302,0.5695,0.1229,0.1966,0.1557,0.2458,0.2458,0.0942,0.0737,0.0737,0.0574,0.3870,0.5255,,0.1385,,65.40,,59.5,134.1,,0.064,
1791426533.6505182,0.6350,0.4998,0.7538,0.5695,0.3646,0.6350,0.2991,0.6350,0.1229,0.1557,0.1966,0.4302,0.2991,0.1229,0.0410,0.0246,0.0410,0.3870,,,,,65.40,,59.5,134.1,,,
1791426533.6837447,0.8030,0.5695,0.8030,0.5695,0.5695,0.7006,0.4302,0.4998,0.1557,0.0942,0.1966,0.4302,0.4302,0.0369,0.0369,0.0942,0.0410,0.3870,0.5175,,0.1305,,64.56,,56.1,131.8,0.805,0.065,
1791426533.721873,0.4998,0.6350,0.8440,0.3646,0.4998,0.6350,0.2991,0.4302,0.1229,0.2991,0.2458,0.2991,0.4302,0.0574,0.0574,0.0410,0.0410,0.3920,,,,,64.56,,56.1,131.8,,,
1791426533.7539654,0.7006,0.7538,0.7538,0.7006,0.6350,0.8767,0.4302,0.4998,0.0737,0.2991,0.1557,0.4998,0.4302,0.1229,0.0942,0.0574,0.0574,0.3870,0.5215,,0.1345,,65.41,,59.6,134.3,0.689,0.062,
1791426533.7853603,0.7006,0.4998,0.7538,0.7006,0.4302,0.7538,0.2991,0.4998,0.1229,0.1557,0.1966,0.4302,0.2991,0.0410,0.0737,0.0369,0.0942,0.3870,,,,,65.41,,59.6,,,,
1791426533.8192136,0.4302,0.7538,0.7538,0.4998,0.6350,0.7006,0.4998,0.4998,0.0942,0.1966,0.1557,0.3646,0.2991,0.1557,0.0942,0.0574,0.0574,0.3870,0.5175,,0.1305,,65.59,,61.2,,,0.061,
1791426533.8539782,0.5695,0.4998,0.6350,0.5695,0.4998,0.7538,0.4302,0.4998,0.1557,0.2458,0.1557,0.4998,0.2991,0.1229,0.0737,0.0205,0.0246,0.3870,0.5165,,0.1295,,64.36,,61.7,,,0.064,
1791426533.887649,0.5695,0.6350,0.6350,0.7006,0.4302,0.8030,0.3646,0.5695,0.0942,0.2458,0.2458,0.2458,0.1966,0.1229,0.0410,0.0369,0.0410,0.3870,0.5190,,0.1320,,64.92,,63.6,,,0.063,
1791426533.9215486,0.7006,0.5695,0.5695,0.6350,0.6350,0.6350,0.4302,0.5695,0.1229,0.1966,0.1966,0.1966,0.2991,0.0737,0.0942,0.0737,0.0410,0.3870,0.5190,,0.1320,,64.51,,64.2,,,0.064,
1791426533.959707,0.4302,0.6350,0.5695,0.4998,0.4302,0.7538,0.2991,0.3646,0.1229,0.1557,0.1966,0.3646,0.3646,0.0737,0.0942,0.0737,0.0369,0.3870,,,,,64.51,,,,,,
1791426533.9916954,0.6350,0.6350,0.4998,0.6350,0.6350,0.7538,0.3646,0.6350,0.3646,0.2991,0.2458,0.3646,0.2991,0.0942,0.0942,0.0574,0.0410,0.3870,0.5175,,0.1305,,65.00,,,145.7,,0.062,
1791426534.0239038,0.4998,0.7006,0.7538,0.5695,0.4998,0.7006,0.3646,0.7006,0.1557,0.1557,0.1557,0.3646,0.2458,0.0574,0.0942,0.0369,0.0574,0.3870,0.5165,,0.1295,,63.07,,,142.9,,0.067,
1791426534.0581763,0.4302,0.6350,0.7538,0.6350,0.4998,0.5695,0.4302,0.4998,0.1557,0.1229,0.1966,0.4302,0.4302,0.0942,0.1229,0.0574,0.0574,0.3870,0.5170,,0.1300,,62.09,,,143.6,0.744,0.070,
1791426534.0908322,0.4998,0.4302,0.8030,0.6350,0.4998,0.8030,0.3646,0.4998,0.1229,0.1557,0.1966,0.3646,0.2458,0.0942,0.0574,0.0369,0.0942,0.3870,0.5230,,0.1360,,63.00,,,145.7,,0.068,
1791426534.124934,0.4998,0.7538,0.4998,0.6350,0.4998,0.7538,0.4302,0.6350,0.1557,0.2991,0.2458,0.3646,0.3646,0.1966,0.0574,0.0574,0.0410,0.3870,0.5230,,0.1360,,63.11,,,,0.654,0.068,
1791426534.1588013,0.5695,0.4998,0.4998,0.6350,0.5695,0.7006,0.4302,0.4302,0.1966,0.1557,0.1966,0.2991,0.2458,0.0942,0.0574,0.0246,0.0246,0.3870,0.5225,,0.1355,,63.08,,,,,0.068,
1791426534.1983376,0.4998,0.7538,0.7006,0.4998,0.5695,0.6350,0.4998,0.4302,0.1229,0.2991,0.1557,0.4302,0.2991,0.0942,0.0574,0.0410,0.0369,0.3870,0.6010,,0.2140,,65.85,,,,,0.067,
