timestamp,nose_score,left_eye_score,right_eye_score,left_ear_score,right_ear_score,left_shoulder_score,right_shoulder_score,left_elbow_score,right_elbow_score,left_wrist_score,right_wrist_score,left_hip_score,right_hip_score,left_knee_score,right_knee_score,left_ankle_score,right_ankle_score,head_depth_m,chest_depth_m,hip_depth_m,neck_forward_offset_m,torso_recline_offset_m,head_forward_deg,torso_pitch_deg,elbow_left_deg,elbow_right_deg,torso_len_sw,head_up_m,wrist_face_sw
1791427888.538489,0.4998,0.5695,0.7006,0.7538,0.4998,0.5695,0.5695,0.6350,0.4998,0.4302,0.4998,0.6350,0.4998,0.0574,0.0574,0.0369,0.0369,0.6200,0.7515,,0.1315,,38.23,-11.88,175.5,167.5,1.032,0.166,1.696
1791427888.5704532,0.4998,0.6350,0.7006,0.6350,0.7006,0.5695,0.6350,0.4302,0.7006,0.4998,0.4998,0.5695,0.4998,0.0410,0.0410,0.0574,0.0369,0.6200,0.7505,,0.1305,,38.12,-11.86,175.4,167.0,0.963,0.166,1.648
1791427888.6030145,0.6350,0.6350,0.7006,0.7006,0.3646,0.6350,0.7538,0.7006,0.6350,0.5695,0.4302,0.6350,0.4998,0.0942,0.0369,0.0574,0.0410,0.6200,0.7535,,0.1335,,38.38,-12.04,175.0,166.8,0.922,0.165,1.585
1791427888.6357303,0.8030,0.7006,0.7006,0.7006,0.3646,0.7006,0.5695,0.7538,0.4302,0.2991,0.5695,0.5695,0.4998,0.0410,0.0123,0.1557,0.0574,0.6200,0.7520,,0.1320,,38.50,-11.96,175.6,166.9,0.993,0.165,1.655
1791427888.6690693,0.6350,0.6350,0.7006,0.5695,0.7538,0.7006,0.6350,0.6350,0.7538,0.4302,0.6350,0.4998,0.5695,0.0737,0.0574,0.0737,0.0574,0.6200,0.7535,,0.1335,,38.63,-12.04,175.4,165.2,0.953,0.165,1.555
1791427888.7026317,0.7538,0.7006,0.7006,0.6350,0.4998,0.5695,0.7006,0.6350,0.7538,0.5695,0.4998,0.7006,0.4998,0.0737,0.0410,0.0942,0.0574,0.6200,0.7505,,0.1305,,38.63,-12.03,175.2,166.2,0.946,0.164,1.645
1791427888.7356536,0.7006,0.4998,0.8030,0.5695,0.7006,0.7006,0.4998,0.6350,0.7538,0.1557,0.4998,0.4998,0.4998,0.0410,0.0574,0.1966,0.0369,0.6210,0.7530,,0.1320,,38.73,-12.11,175.5,166.8,0.943,0.164,1.690
1791427888.774705,0.4998,0.7006,0.7006,0.5695,0.4998,0.6350,0.6350,0.7006,0.6350,0.4302,0.5695,0.5695,0.4998,0.0942,0.0574,0.0574,0.0737,0.6200,0.7555,,0.1355,,39.33,-12.29,175.6,168.2,0.922,0.162,1.515
1791427888.807589,0.5695,0.8030,0.6350,0.5695,0.6350,0.6350,0.6350,0.4998,0.4998,0.3646,0.5695,0.5695,0.5695,0.0574,0.0410,0.0369,0.0574,0.6200,0.7500,0.6710,0.1300,-0.0790,38.78,-12.07,176.3,168.5,0.997,0.164,1.731
1791427888.8393486,0.4302,0.6350,0.8440,0.6350,0.4998,0.5695,0.7006,0.8030,0.7538,0.3646,0.4998,0.5695,0.5695,0.0737,0.0410,0.0737,0.0410,0.6210,0.7495,0.6710,0.1285,-0.0785,38.92,-12.03,176.1,169.1,0.932,0.162,1.590
1791427888.870407,0.6350,0.8440,0.7538,0.7006,0.4998,0.7006,0.4302,0.7538,0.4998,0.4302,0.5695,0.4998,0.4998,0.0410,0.0369,0.0942,0.0410,0.6190,0.7510,,0.1320,,38.54,-11.96,175.8,168.5,0.973,0.165,1.655
1791427888.9030395,0.7006,0.5695,0.6350,0.5695,0.4998,0.6350,0.7006,0.5695,0.6350,0.3646,0.2991,0.4998,0.4302,0.0574,0.0574,0.0942,0.0246,0.6200,0.7545,,0.1345,,38.92,-12.10,175.0,168.9,0.937,0.163,1.656
1791427888.9360373,0.7006,0.6350,0.5695,0.7006,0.4998,0.7538,0.7006,0.8030,0.6350,0.5695,0.4302,0.6350,0.4998,0.0574,0.0410,0.0410,0.0369,0.6200,0.7510,,0.1310,,39.13,-12.23,175.0,167.6,0.889,0.162,1.478
1791427888.969739,0.7006,0.6350,0.7006,0.5695,0.5695,0.6350,0.6350,0.7538,0.7538,0.6350,0.4998,0.5695,0.4998,0.0205,0.0369,0.0942,0.0737,0.6190,0.7540,,0.1350,,39.29,-12.26,174.9,167.2,0.951,0.162,1.577
1791427889.0030172,0.7006,0.7006,0.5695,0.6350,0.4998,0.7006,0.4998,0.6350,0.2991,0.4302,0.3646,0.5695,0.5695,0.0410,0.0410,0.0410,0.0410,0.6190,0.7540,0.6720,0.1350,-0.0820,39.56,-12.28,174.6,167.7,0.936,0.161,1.571
1791427889.0362196,0.7006,0.6350,0.7538,0.6350,0.6350,0.7538,0.8030,0.6350,0.6350,0.4998,0.3646,0.5695,0.4302,0.0410,0.0246,0.0410,0.0574,0.6210,0.7510,,0.1300,,39.10,-12.10,174.7,168.3,0.997,0.163,1.671
1791427889.0759332,0.5695,0.6350,0.4302,0.5695,0.4302,0.7538,0.5695,0.8030,0.5695,0.3646,0.4998,0.4998,0.5695,0.0410,0.0369,0.0369,0.0369,0.6210,0.7515,,0.1305,,38.89,-11.99,175.1,168.9,0.988,0.164,1.666
1791427889.1074204,0.8440,0.6350,0.7006,0.7006,0.6350,0.6350,0.7006,0.8030,0.4998,0.2991,0.5695,0.5695,0.5695,0.0574,0.0942,0.0574,0.0942,0.6190,0.7510,0.6770,0.1320,-0.0740,38.38,-11.72,175.4,169.3,0.983,0.167,1.707
1791427889.1392891,0.7006,0.6350,0.6350,0.6350,0.2991,0.7006,0.7006,0.7006,0.5695,0.1966,0.4302,0.5695,0.4998,0.0574,0.0574,0.0410,0.0737,0.6190,0.7510,,0.1320,,38.07,-11.53,175.5,168.7,1.031,0.168,1.728
1791427889.1709046,0.5695,0.6350,0.6350,0.7006,0.5695,0.4998,0.5695,0.7006,0.4302,0.4998,0.5695,0.5695,0.4998,0.0410,0.0574,0.0574,0.0410,0.6190,0.7495,,0.1305,,38.12,-11.59,175.2,168.4,0.928,0.168,1.636
1791427889.2027752,0.5695,0.8030,0.7538,0.4998,0.4998,0.7538,0.7006,0.5695,0.5695,0.4998,0.3646,0.5695,0.4998,0.0410,0.0574,0.0737,0.0369,0.6210,0.7490,,0.1280,,37.75,-11.60,175.2,168.1,0.932,0.169,1.596
1791427889.236612,0.8030,0.5695,0.6350,0.7006,0.4302,0.5695,0.3646,0.7538,0.7538,0.2458,0.5695,0.5695,0.4998,0.0410,0.0410,0.0942,0.0410,0.6190,0.7520,,0.1330,,37.75,-11.43,175.5,168.0,1.051,0.170,1.763
1791427889.2696846,0.5695,0.6350,0.7538,0.6350,0.4302,0.7006,0.7006,0.6350,0.4998,0.4998,0.5695,0.5695,0.4998,0.0410,0.0574,0.0574,0.0410,0.6210,0.7515,,0.1305,,37.65,-11.37,175.7,168.1,1.009,0.170,1.752
1791427889.3032007,0.5695,0.6350,0.7006,0.4998,0.4302,0.8030,0.5695,0.7538,0.6350,0.4302,0.2458,0.4998,0.4998,0.0942,0.0737,0.0574,0.0369,0.6210,0.7530,,0.1320,,38.09,-11.56,175.5,168.3,0.923,0.168,1.640
1791427889.3384264,0.7538,0.7538,0.5695,0.7538,0.2458,0.5695,0.6350,0.8030,0.7006,0.3646,0.5695,0.5695,0.4998,0.0737,0.0410,0.0410,0.0410,0.6190,0.7540,,0.1350,,38.86,-11.75,175.0,168.3,0.921,0.164,1.571
1791427889.3773942,0.8030,0.7006,0.7006,0.5695,0.7006,0.7538,0.5695,0.8440,0.5695,0.2991,0.4302,0.5695,0.5695,0.0123,0.0246,0.0574,0.0410,0.6210,0.7540,0.6750,0.1330,-0.0790,38.96,-11.73,175.6,168.3,0.957,0.164,1.640
1791427889.4090698,0.7006,0.7006,0.3646,0.4998,0.4302,0.6350,0.6350,0.5695,0.5695,0.3646,0.5695,0.5695,0.5695,0.0942,0.0123,0.0574,0.0369,0.6200,0.7495,0.6780,0.1295,-0.0715,39.19,-11.70,175.7,169.2,0.874,0.162,1.531
1791427889.4404027,0.4998,0.8030,0.8440,0.6350,0.4998,0.7006,0.7538,0.6350,0.4302,0.4302,0.4998,0.5695,0.5695,0.0410,0.0410,0.0574,0.0737,0.6190,0.7535,0.6680,0.1345,-0.0855,39.18,-11.91,175.5,169.3,0.946,0.162,1.620
1791427889.4711084,0.5695,0.6350,0.7006,0.5695,0.4998,0.6350,0.4998,0.5695,0.7006,0.3646,0.6350,0.5695,0.4998,0.0574,0.0410,0.0369,0.0737,0.6190,0.7530,,0.1340,,38.90,-11.87,175.4,167.8,0.969,0.164,1.605
1791427889.5029306,0.7006,0.6350,0.6350,0.6350,0.7006,0.5695,0.6350,0.7006,0.6350,0.2991,0.3646,0.5695,0.5695,0.0574,0.0410,0.0942,0.0369,0.6190,0.7510,0.6670,0.1320,-0.0840,38.72,-11.77,175.9,167.7,1.043,0.165,1.699
1791427889.5376353,0.6350,0.5695,0.8440,0.7006,0.7006,0.6350,0.7006,0.6350,0.7006,0.1229,0.4302,0.5695,0.4998,0.0410,0.0574,0.0737,0.0410,0.6200,0.7510,,0.1310,,38.80,-11.69,176.1,167.5,0.987,0.164,1.648
1791427889.5703342,0.4998,0.6350,0.8030,0.8030,0.6350,0.4998,0.4302,0.7006,0.3646,0.4302,0.4998,0.4998,0.5695,0.0942,0.0574,0.0574,0.0369,0.6200,0.7500,,0.1300,,38.53,-11.62,176.0,167.8,0.980,0.165,1.622
1791427889.6044412,0.2458,0.1557,0.7006,0.6350,0.4998,0.7538,0.6350,0.6350,0.7538,0.3646,0.2458,0.6350,0.4998,0.0574,0.0369,0.0574,0.0369,,0.7540,,,,38.53,-11.62,176.1,168.1,0.916,0.165,
1791427889.6363213,0.5695,0.6350,0.6350,0.4302,0.5695,0.7538,0.8440,0.6350,0.6350,0.3646,0.7006,0.5695,0.4998,0.0574,0.0205,0.0410,0.0369,0.6190,0.7495,,0.1305,,38.43,-11.74,176.1,167.9,0.898,0.166,1.597
1791427889.6705558,0.7538,0.5695,0.4302,0.7538,0.3646,0.7006,0.5695,0.7006,0.6350,0.2991,0.3646,0.5695,0.4998,0.0410,0.0205,0.0410,0.0369,0.6190,0.7505,,0.1315,,38.33,-11.68,176.1,167.2,0.977,0.166,1.653
1791427889.7108748,0.4998,0.6350,0.7538,0.7538,0.4998,0.7006,0.6350,0.5695,0.5695,0.4302,0.5695,0.5695,0.4998,0.0574,0.0205,0.0410,0.0574,0.6230,0.7500,,0.1270,,38.18,-11.73,176.1,168.6,0.928,0.166,1.612
1791427889.7424417,0.4998,0.6350,0.6350,0.7538,0.7006,0.6350,0.5695,0.8440,0.4302,0.2991,0.5695,0.4302,0.4998,0.0942,0.0574,0.0737,0.0737,0.6220,0.7515,,0.1295,,38.18,-11.68,175.9,168.1,0.987,0.166,1.690
1791427889.7737286,0.4998,0.4998,0.5695,0.4302,0.1557,0.7538,0.8030,0.5695,0.4998,0.3646,0.6350,0.5695,0.6350,0.0574,0.0942,0.0410,0.0574,0.6160,0.7525,0.6730,0.1365,-0.0795,38.74,-11.80,175.6,168.1,0.913,0.164,1.575
1791427889.804944,0.7538,0.6350,0.7538,0.7538,0.4998,0.5695,0.4998,0.7006,0.6350,0.4998,0.6350,0.4998,0.4998,0.0410,0.0737,0.1557,0.0737,0.6150,0.7520,,0.1370,,38.71,-11.66,175.5,168.6,1.020,0.166,1.759
1791427889.8372433,0.6350,0.4302,0.6350,0.4998,0.7006,0.6350,0.5695,0.7006,0.6350,0.4302,0.6350,0.5695,0.4998,0.0942,0.0410,0.0574,0.0369,0.6210,0.7510,,0.1300,,38.45,-11.65,175.3,168.4,0.962,0.166,1.648
1791427889.8709238,0.6350,0.6350,0.4998,0.5695,0.4302,0.7006,0.6350,0.7538,0.4998,0.3646,0.6350,0.5695,0.4998,0.0246,0.0574,0.0942,0.0410,0.6180,0.7510,,0.1330,,38.55,-11.62,175.9,168.4,0.977,0.166,1.653
1791427889.9039817,0.7006,0.7538,0.7538,0.8030,0.4998,0.7006,0.6350,0.5695,0.4998,0.3646,0.4302,0.5695,0.4998,0.0410,0.0574,0.0737,0.0574,0.6210,0.7510,,0.1300,,38.67,-11.67,175.8,167.4,0.941,0.165,1.568
1791427889.9368505,0.6350,0.6350,0.4998,0.6350,0.5695,0.7006,0.7006,0.8030,0.4998,0.1966,0.6350,0.4998,0.4998,0.0410,0.1229,0.0737,0.0574,0.6200,0.7510,,0.1310,,38.69,-11.71,176.0,167.0,0.941,0.164,1.586
1791427889.9711387,0.4998,0.6350,0.4998,0.5695,0.4998,0.7006,0.8030,0.7006,0.6350,0.3646,0.5695,0.5695,0.4998,0.0410,0.0737,0.0246,0.0574,0.6180,0.7505,,0.1325,,38.70,-11.69,176.1,167.0,0.959,0.165,1.649
1791427890.0107124,0.5695,0.5695,0.5695,0.6350,0.4998,0.7006,0.7006,0.5695,0.5695,0.4302,0.2991,0.5695,0.5695,0.0574,0.0205,0.0574,0.0410,0.6190,0.7505,0.6730,0.1315,-0.0775,38.78,-11.59,176.1,167.4,0.981,0.164,1.622
1791427890.041648,0.8440,0.7006,0.7006,0.5695,0.7006,0.5695,0.5695,0.8030,0.4998,0.5695,0.5695,0.5695,0.4998,0.0410,0.0205,0.0574,0.0369,0.6180,0.7470,,0.1290,,38.73,-11.71,175.8,166.5,0.862,0.164,1.458
1791427890.0727434,0.6350,0.7538,0.8440,0.6350,0.2991,0.6350,0.7538,0.7006,0.4998,0.2991,0.3646,0.5695,0.4998,0.0410,0.0410,0.0574,0.0574,0.6180,0.7475,,0.1295,,38.84,-11.85,175.2,166.3,0.853,0.163,1.519
1791427890.104775,0.8440,0.7538,0.6350,0.6350,0.6350,0.7006,0.6350,0.5695,0.5695,0.2458,0.4302,0.6350,0.4998,0.0574,0.0737,0.0942,0.0410,0.6160,0.7505,,0.1345,,39.18,-11.80,175.2,167.3,0.958,0.161,1.624
1791427890.1373103,0.6350,0.4998,0.4998,0.6350,0.7006,0.4998,0.6350,0.7006,0.6350,0.5695,0.2991,0.5695,0.4998,0.0410,0.0123,0.0410,0.0574,0.6160,0.7500,,0.1340,,39.20,-11.77,175.2,167.5,0.946,0.162,1.674
1791427890.1709635,0.5695,0.7538,0.8030,0.4998,0.6350,0.7006,0.6350,0.6350,0.6350,0.2991,0.6350,0.6350,0.5695,0.0574,0.0369,0.0737,0.0369,0.6180,0.7510,0.6700,0.1330,-0.0810,39.15,-11.76,175.5,168.3,0.976,0.162,1.698
1791427890.2040527,0.6350,0.5695,0.7006,0.5695,0.4302,0.6350,0.8440,0.7538,0.6350,0.3646,0.6350,0.5695,0.5695,0.0410,0.0574,0.0574,0.0574,0.6180,0.7505,0.6770,0.1325,-0.0735,39.46,-11.64,175.3,168.2,0.932,0.161,1.587
1791427890.238194,0.7006,0.7538,0.7006,0.7538,0.3646,0.7538,0.6350,0.7006,0.6350,0.3646,0.4998,0.4998,0.5695,0.0246,0.0410,0.0737,0.0164,0.6150,0.7495,,0.1345,,39.24,-11.60,175.3,169.0,0.947,0.163,1.636
1791427890.279045,0.6350,0.7006,0.4998,0.7006,0.6350,0.5695,0.7006,0.7538,0.4998,0.4998,0.5695,0.5695,0.5695,0.0574,0.0574,0.1229,0.0410,0.6180,0.7500,0.6750,0.1320,-0.0750,39.16,-11.51,175.2,170.1,0.952,0.163,1.671
1791427890.311029,0.6350,0.4302,0.6350,0.4302,0.3646,0.7006,0.7006,0.7006,0.5695,0.5695,0.6350,0.4998,0.5695,0.0574,0.0574,0.0369,0.0369,0.6220,0.7495,,0.1275,,38.77,-11.40,175.0,170.3,0.985,0.164,1.726
1791427890.3423386,0.3646,0.4302,0.4998,0.5695,0.5695,0.4998,0.7538,0.7006,0.7538,0.2991,0.5695,0.5695,0.4998,0.0410,0.0574,0.0737,0.0737,0.6180,0.7490,,0.1310,,38.28,-11.26,175.4,170.2,1.000,0.167,1.721
1791427890.3736897,0.6350,0.8030,0.8030,0.6350,0.5695,0.6350,0.6350,0.6350,0.5695,0.2458,0.5695,0.5695,0.4998,0.0574,0.0737,0.0574,0.0410,0.6220,0.7505,,0.1285,,38.27,-11.25,175.6,171.7,0.978,0.166,1.767
1791427890.4058363,0.7006,0.7538,0.4302,0.7006,0.4998,0.7538,0.5695,0.6350,0.7538,0.4998,0.4998,0.5695,0.4998,0.0246,0.0410,0.0942,0.0410,0.6160,0.7510,,0.1350,,38.55,-11.25,175.4,171.3,0.978,0.165,1.641
1791427890.437522,0.4998,0.6350,0.5695,0.5695,0.4998,0.6350,0.5695,0.7006,0.7006,0.1557,0.4998,0.5695,0.5695,0.0942,0.0410,0.0574,0.0410,0.6180,0.7500,0.6740,0.1320,-0.0760,38.84,-11.33,175.7,170.6,0.921,0.164,1.586
1791427890.4711661,0.7006,0.7006,0.7538,0.4998,0.4998,0.4998,0.5695,0.5695,0.3646,0.5695,0.6350,0.4998,0.4998,0.0246,0.0369,0.0574,0.0410,0.6180,0.7510,,0.1330,,39.20,-11.39,175.5,169.7,0.943,0.162,1.616
1791427890.5046365,0.8440,0.4302,0.4302,0.3646,0.5695,0.6350,0.7006,0.7538,0.4302,0.4998,0.5695,0.5695,0.4998,0.0410,0.0205,0.0737,0.0574,0.6150,0.7510,,0.1360,,39.17,-11.25,175.6,169.5,1.025,0.163,1.764
1791427890.5377214,0.6350,0.6350,0.7538,0.6350,0.5695,0.7006,0.6350,0.5695,0.3646,0.4302,0.4998,0.4998,0.4998,0.0410,0.0737,0.0942,0.0369,0.6150,0.7520,,0.1370,,38.91,-11.12,175.7,169.2,1.046,0.166,1.808
1791427890.5814598,0.7006,0.6350,0.8030,0.5695,0.6350,0.6350,0.5695,0.7006,0.4998,0.4302,0.4302,0.4998,0.4998,0.0410,0.0410,0.0737,0.0410,0.6160,0.7515,,0.1355,,39.39,-11.22,176.1,168.8,0.949,0.163,1.605
1791427890.6114147,0.7006,0.5695,0.6350,0.7006,0.6350,0.6350,0.6350,0.8440,0.3646,0.4302,0.7006,0.4998,0.4998,0.0574,0.0369,0.0574,0.0737,0.6170,0.7505,,0.1335,,39.21,-11.28,175.9,168.2,0.948,0.164,1.663
1791427890.642996,0.7006,0.6350,0.7538,0.7006,0.4998,0.5695,0.5695,0.7538,0.4998,0.4998,0.6350,0.5695,0.4998,0.0410,0.0369,0.0574,0.0410,0.6160,0.7505,,0.1345,,38.78,-11.25,175.9,168.3,0.980,0.167,1.702
1791427890.6750317,0.6350,0.6350,0.8030,0.5695,0.4302,0.6350,0.6350,0.8767,0.6350,0.4998,0.4998,0.6350,0.4998,0.0410,0.0737,0.0942,0.0574,0.6160,0.7540,,0.1380,,39.41,-11.45,175.5,166.3,0.927,0.164,1.503
1791427890.7065792,0.6350,0.5695,0.8440,0.4998,0.4302,0.5695,0.5695,0.7006,0.4998,0.2991,0.4302,0.6350,0.5695,0.0205,0.0574,0.1229,0.0410,0.6150,0.7505,0.6720,0.1355,-0.0785,39.24,-11.50,175.4,166.1,0.948,0.165,1.596
1791427890.7386806,0.7006,0.6350,0.5695,0.7006,0.4998,0.5695,0.8030,0.4998,0.7538,0.6350,0.4998,0.4998,0.4998,0.0574,0.0410,0.0574,0.0574,0.6210,0.7515,,0.1305,,39.35,-11.55,175.6,166.7,0.942,0.163,1.659
1791427890.7727146,0.6350,0.6350,0.5695,0.6350,0.3646,0.5695,0.5695,0.7538,0.6350,0.4998,0.4998,0.5695,0.4998,0.0942,0.0410,0.0574,0.0574,0.6150,0.7495,,0.1345,,39.19,-11.59,175.6,166.3,0.918,0.165,1.601
1791427890.8051016,0.6350,0.6350,0.4998,0.4302,0.4302,0.7006,0.5695,0.4998,0.4302,0.4302,0.4302,0.5695,0.4998,0.0574,0.0410,0.0410,0.0574,0.6200,0.7495,,0.1295,,39.21,-11.61,175.6,166.2,0.923,0.163,1.576
1791427890.838031,0.8030,0.6350,0.7006,0.4998,0.4998,0.7006,0.7538,0.7006,0.4998,0.3646,0.1966,0.5695,0.4998,0.0737,0.0410,0.0410,0.0410,0.6190,0.7500,,0.1310,,39.51,-11.71,175.3,165.9,0.897,0.161,1.569
1791427890.8716846,0.7538,0.7006,0.5695,0.7006,0.4998,0.7538,0.4302,0.5695,0.6350,0.3646,0.6350,0.4998,0.4998,0.0737,0.0942,0.0574,0.0574,0.6190,0.7530,,0.1340,,39.58,-11.70,175.4,166.6,0.967,0.161,1.603
1791427890.905596,0.5695,0.6350,0.6350,0.4998,0.5695,0.6350,0.5695,0.5695,0.6350,0.3646,0.4998,0.5695,0.4998,0.0574,0.0574,0.0574,0.0574,0.6160,0.7495,,0.1335,,39.52,-11.68,175.5,167.4,0.932,0.161,1.624
1791427890.9451337,0.7006,0.7006,0.6350,0.4302,0.5695,0.7006,0.6350,0.7006,0.4302,0.4302,0.2458,0.5695,0.5695,0.0369,0.0410,0.0410,0.0369,0.6150,0.7520,0.6740,0.1370,-0.0780,39.52,-11.67,175.0,168.8,0.948,0.162,1.693
1791427890.9768023,0.6350,0.7006,0.7006,0.4998,0.4302,0.4998,0.6350,0.5695,0.4998,0.4998,0.5695,0.4998,0.4998,0.0410,0.0574,0.0574,0.0410,0.6140,0.7510,,0.1370,,39.47,-11.55,175.0,169.0,0.989,0.163,1.767
1791427891.0087094,0.8030,0.7538,0.7006,0.6350,0.3646,0.2991,0.5695,0.4998,0.4998,0.4302,0.5695,0.5695,0.4998,0.0574,0.0369,0.0574,0.0574,0.6140,,,,,39.47,-11.55,175.0,169.0,,,
1791427891.039903,0.7006,0.7006,0.6350,0.7006,0.2991,0.7006,0.7538,0.7006,0.5695,0.2991,0.5695,0.5695,0.4998,0.0410,0.0410,0.0410,0.0737,0.6150,0.7520,,0.1370,,39.68,-11.60,174.6,169.1,0.944,0.163,1.599
1791427891.0710192,0.5695,0.7538,0.6350,0.6350,0.4302,0.6350,0.7006,0.5695,0.4302,0.1557,0.4302,0.4998,0.5695,0.0410,0.0574,0.0942,0.0574,0.6160,0.7505,,0.1345,,39.04,-11.39,175.2,169.0,1.032,0.166,1.784
1791427891.1055882,0.6350,0.7538,0.6350,0.4302,0.4302,0.6350,0.6350,0.7006,0.5695,0.4998,0.4302,0.5695,0.5695,0.0205,0.0205,0.0410,0.0410,0.6150,0.7530,0.6730,0.1380,-0.0800,39.18,-11.46,175.2,169.4,0.962,0.166,1.619
1791427891.1390355,0.5695,0.7006,0.7006,0.6350,0.4302,0.6350,0.7538,0.6350,0.7006,0.7006,0.5695,0.5695,0.4998,0.0410,0.0574,0.0369,0.0737,0.6160,0.7525,,0.1365,,39.70,-11.54,175.0,169.6,0.941,0.163,1.602
1791427891.1716888,0.5695,0.6350,0.6350,0.5695,0.5695,0.5695,0.7006,0.6350,0.4998,0.4998,0.4998,0.4998,0.5695,0.0369,0.0410,0.0942,0.0574,0.6180,0.7500,,0.1320,,39.71,-11.58,175.3,169.1,0.926,0.163,1.559
1791427891.206584,0.7006,0.7006,0.4998,0.4998,0.4302,0.6350,0.7538,0.8030,0.4998,0.4302,0.5695,0.5695,0.4998,0.0574,0.0574,0.0737,0.0410,0.6140,0.7520,,0.1380,,39.72,-11.56,175.0,169.1,0.971,0.163,1.663
1791427891.2468748,0.8030,0.7538,0.8440,0.7006,0.6350,0.7538,0.4302,0.8030,0.4998,0.4302,0.7538,0.5695,0.4998,0.0574,0.0246,0.0942,0.0737,0.6160,0.7515,,0.1355,,39.21,-11.49,174.9,169.2,0.985,0.166,1.764
1791427891.2790337,0.4998,0.8440,0.6350,0.6350,0.7006,0.6350,0.7538,0.7006,0.4998,0.6350,0.7006,0.5695,0.5695,0.0737,0.0574,0.0942,0.0410,0.6140,0.7520,0.6710,0.1380,-0.0810,39.75,-11.52,175.0,169.2,0.983,0.164,1.702
1791427891.310433,0.7006,0.7006,0.7006,0.6350,0.7538,0.7006,0.5695,0.5695,0.6350,0.4302,0.5695,0.4998,0.5695,0.0410,0.0369,0.0574,0.0410,0.6140,0.7520,,0.1380,,39.55,-11.42,175.3,169.6,1.015,0.165,1.726
1791427891.3430784,0.5695,0.8030,0.7538,0.5695,0.5695,0.7006,0.7006,0.5695,0.4998,0.1966,0.5695,0.5695,0.5695,0.0574,0.0410,0.0574,0.0574,0.6180,0.7560,0.6730,0.1380,-0.0830,39.96,-11.67,174.8,169.4,0.917,0.163,1.582
1791427891.3752832,0.8767,0.7006,0.7538,0.5695,0.3646,0.4998,0.4998,0.7006,0.5695,0.4998,0.4998,0.4998,0.5695,0.0410,0.0246,0.1557,0.0574,0.6140,0.7500,,0.1360,,40.25,-11.71,174.9,168.8,0.918,0.161,1.563
1791427891.4057698,0.7538,0.8030,0.3646,0.5695,0.4998,0.8030,0.6350,0.6350,0.6350,0.3646,0.4998,0.5695,0.5695,0.0574,0.0574,0.0574,0.0369,0.6180,0.7510,0.6930,0.1330,-0.0580,39.86,-11.11,175.1,168.4,0.951,0.163,1.680
1791427891.4397542,0.6350,0.6350,0.7006,0.6350,0.6350,0.4302,0.6350,0.4998,0.5695,0.6350,0.4998,0.5695,0.5695,0.0737,0.0410,0.0410,0.0410,0.6140,0.7510,0.6710,0.1370,-0.0800,40.10,-11.21,175.2,168.6,0.973,0.162,1.650
1791427891.472535,0.7538,0.5695,0.7006,0.7006,0.4302,0.3646,0.6350,0.6350,0.5695,0.4302,0.5695,0.5695,0.4998,0.0410,0.0410,0.0574,0.0410,0.6190,0.7520,,0.1330,,39.69,-11.00,175.1,169.0,1.057,0.163,1.786
1791427891.5057604,0.6350,0.6350,0.4302,0.4998,0.5695,0.6350,0.6350,0.6350,0.7006,0.4998,0.4998,0.5695,0.4998,0.0737,0.0123,0.0574,0.0410,0.6140,0.7510,,0.1370,,40.35,-11.02,175.0,168.2,0.958,0.160,1.526
1791427891.5404482,0.5695,0.6350,0.7006,0.7006,0.4302,0.5695,0.7006,0.7538,0.5695,0.6350,0.4302,0.6350,0.4998,0.0574,0.0410,0.0737,0.0410,0.6160,0.7515,,0.1355,,40.72,-11.04,175.0,167.8,0.967,0.158,1.605
1791427891.5801792,0.5695,0.4998,0.7538,0.4302,0.5695,0.7006,0.7538,0.6350,0.7006,0.5695,0.1966,0.6350,0.4998,0.0942,0.0574,0.0369,0.0574,0.6170,0.7515,,0.1345,,40.31,-11.02,174.8,167.8,0.981,0.160,1.758
1791427891.6133025,0.4998,0.7006,0.5695,0.6350,0.5695,0.8030,0.4998,0.8030,0.6350,0.4302,0.4302,0.6350,0.4998,0.0574,0.0737,0.0737,0.0410,0.6150,0.7495,,0.1345,,40.21,-11.06,174.8,166.2,0.928,0.160,1.503
1791427891.643394,0.4998,0.7006,0.7538,0.4998,0.7538,0.6350,0.5695,0.8030,0.6350,0.1966,0.6350,0.5695,0.4998,0.0574,0.0246,0.0574,0.0737,0.6150,0.7525,,0.1375,,39.83,-10.96,175.0,166.2,1.030,0.163,1.787
1791427891.6752312,0.7538,0.4998,0.7006,0.8030,0.7006,0.7538,0.8030,0.6350,0.4998,0.4302,0.4998,0.5695,0.4998,0.0942,0.0369,0.0942,0.0410,0.6140,0.7540,,0.1400,,40.55,-11.02,174.7,167.1,0.985,0.160,1.616
1791427891.7070785,0.6350,0.7006,0.5695,0.4998,0.4998,0.4998,0.7006,0.6350,0.4302,0.3646,0.5695,0.5695,0.4998,0.0369,0.0246,0.0369,0.0942,0.6170,0.7505,,0.1335,,40.76,-11.06,175.0,167.8,0.941,0.158,1.535
1791427891.7394938,0.5695,0.8030,0.5695,0.5695,0.5695,0.4302,0.7538,0.7006,0.4998,0.5695,0.6350,0.4302,0.4998,0.0410,0.0410,0.0410,0.0410,0.6140,0.7480,,0.1340,,40.65,-11.07,174.8,167.1,0.921,0.158,1.536
1791427891.7726853,0.7006,0.4998,0.7538,0.4998,0.4302,0.8030,0.5695,0.5695,0.7006,0.4998,0.4998,0.4998,0.5695,0.0246,0.0369,0.0369,0.0574,0.6150,0.7525,,0.1375,,40.87,-11.12,174.6,167.8,0.960,0.157,1.627
1791427891.8063629,0.6350,0.6350,0.7006,0.4998,0.4998,0.6350,0.6350,0.4302,0.5695,0.4302,0.4302,0.5695,0.4998,0.0574,0.0410,0.0574,0.0410,0.6150,0.7520,,0.1370,,41.15,-11.25,174.0,167.6,0.914,0.156,1.518
1791427891.8400369,0.7538,0.7538,0.7006,0.4998,0.4998,0.7006,0.5695,0.6350,0.4998,0.3646,0.4998,0.6350,0.4998,0.0410,0.0205,0.0737,0.0410,0.6160,0.7525,,0.1365,,40.93,-11.27,175.0,168.4,0.957,0.157,1.597
1791427891.880652,0.7006,0.7006,0.7538,0.5695,0.6350,0.3646,0.8030,0.8030,0.5695,0.3646,0.4302,0.5695,0.5695,0.0410,0.0369,0.0574,0.0205,0.6150,0.7510,0.6650,0.1360,-0.0860,40.61,-11.42,175.1,169.0,1.010,0.159,1.674
1791427891.9126785,0.7538,0.8030,0.7538,0.6350,0.4998,0.7006,0.4998,0.5695,0.7006,0.2991,0.2991,0.5695,0.5695,0.0410,0.0246,0.0369,0.0369,0.6170,0.7495,0.6670,0.1325,-0.0825,40.59,-11.62,175.3,168.7,0.935,0.158,
1791427891.943957,0.7006,0.4998,0.7538,0.5695,0.4998,0.4302,0.5695,0.5695,0.6350,0.6350,0.5695,0.5695,0.4998,0.0369,0.0246,0.0574,0.0164,0.6150,0.7505,,0.1355,,40.29,-11.52,175.6,169.0,0.996,0.160,1.671
1791427891.9762816,0.7538,0.5695,0.4302,0.4302,0.5695,0.5695,0.4998,0.7006,0.4998,0.5695,0.5695,0.4998,0.5695,0.0574,0.0574,0.0410,0.0369,0.6150,0.7530,,0.1380,,40.44,-11.60,175.0,169.0,0.958,0.160,1.675
1791427892.00675,0.4998,0.6350,0.9054,0.4998,0.6350,0.6350,0.6350,0.5695,0.6350,0.4302,0.4998,0.5695,0.4998,0.0410,0.0574,0.1229,0.0410,0.6140,0.7500,,0.1360,,40.93,-11.65,175.0,168.9,0.925,0.157,1.549
1791427892.039521,0.4998,0.8030,0.8767,0.4998,0.4302,0.6350,0.7006,0.7538,0.3646,0.3646,0.4998,0.4998,0.4998,0.0574,0.0369,0.0410,0.0574,0.6140,0.7495,,0.1355,,40.55,-11.69,175.2,168.6,0.919,0.159,1.503
1791427892.0735035,0.8030,0.8030,0.8440,0.4998,0.6350,0.4302,0.6350,0.6350,0.4302,0.5695,0.4998,0.5695,0.4998,0.0410,0.0574,0.0574,0.0942,0.6140,0.7505,,0.1365,,40.42,-11.58,175.0,169.4,0.993,0.160,1.726
1791427892.1069114,0.4302,0.6350,0.5695,0.7006,0.4998,0.6350,0.6350,0.6350,0.7538,0.4302,0.4998,0.5695,0.4998,0.0410,0.0410,0.0737,0.0369,0.6140,0.7515,,0.1375,,40.67,-11.54,174.8,168.5,0.985,0.159,1.647
1791427892.1400774,0.7006,0.9054,0.7538,0.4302,0.5695,0.8440,0.8440,0.5695,0.4998,0.7006,0.5695,0.5695,0.5695,0.1229,0.0369,0.0574,0.0410,0.6140,0.7495,0.6680,0.1355,-0.0815,40.34,-11.69,174.6,169.0,0.932,0.160,1.680
1791427892.1737456,0.6350,0.6350,0.7538,0.6350,0.5695,0.4302,0.8030,0.7538,0.6350,0.4998,0.4302,0.4302,0.4998,0.0737,0.0205,0.0574,0.0574,0.6150,0.7520,,0.1370,,40.31,-11.71,174.8,168.6,0.966,0.161,1.678
1791427892.2131147,0.6350,0.7538,0.7538,0.6350,0.4302,0.7538,0.6350,0.8030,0.7538,0.4302,0.6350,0.5695,0.5695,0.0246,0.0410,0.1229,0.0164,0.6140,0.7500,0.6650,0.1360,-0.0850,40.19,-11.73,175.1,169.4,1.019,0.161,1.649
1791427892.245023,0.5695,0.6350,0.6350,0.7006,0.4998,0.6350,0.6350,0.6350,0.7538,0.5695,0.2991,0.5695,0.5695,0.0369,0.0246,0.0737,0.0410,0.6140,0.7540,0.6690,0.1400,-0.0850,40.25,-11.77,175.2,170.1,1.005,0.162,1.735
1791427892.2757368,0.7538,0.4998,0.4998,0.6350,0.4998,0.7538,0.7006,0.6350,0.7006,0.4998,0.1966,0.4302,0.4998,0.0574,0.0410,0.1229,0.0942,0.6150,0.7455,,0.1305,,39.80,-11.81,174.9,170.2,0.889,0.163,1.626
1791427892.3083034,0.6350,0.7538,0.8440,0.6350,0.4998,0.6350,0.7006,0.5695,0.7006,0.2991,0.3646,0.4998,0.5695,0.0369,0.0574,0.0574,0.0164,0.6180,0.7515,,0.1335,,40.37,-11.87,174.9,169.4,0.954,0.159,1.587
1791427892.3405101,0.6350,0.7538,0.5695,0.6350,0.5695,0.7538,0.7006,0.5695,0.4998,0.5695,0.5695,0.6350,0.4998,0.0574,0.0369,0.0737,0.0369,0.6150,0.7515,,0.1365,,40.60,-11.84,175.1,170.6,0.984,0.158,1.649
1791427892.3737757,0.4998,0.6350,0.7538,0.4998,0.4998,0.7538,0.6350,0.7538,0.6350,0.4302,0.4998,0.5695,0.4998,0.0574,0.0369,0.0410,0.0410,0.6140,0.7505,,0.1365,,40.43,-11.80,174.9,170.2,0.976,0.159,1.682
1791427892.4068713,0.6350,0.7006,0.7538,0.7006,0.3646,0.6350,0.8030,0.7538,0.2458,0.5695,0.5695,0.5695,0.6350,0.0369,0.0369,0.0574,0.0164,0.6150,0.7530,0.6650,0.1380,-0.0880,40.76,-12.04,174.4,169.8,0.952,0.158,1.559
1791427892.4395125,0.7006,0.7006,0.7538,0.6350,0.4998,0.7006,0.7006,0.7538,0.5695,0.4998,0.5695,0.4998,0.4998,0.0246,0.0574,0.1229,0.0410,0.6150,0.7490,,0.1340,,40.49,-12.05,174.7,170.2,0.935,0.159,1.671
1791427892.473138,0.8440,0.7538,0.9259,0.5695,0.3646,0.7538,0.8030,0.7538,0.6350,0.5695,0.6350,0.5695,0.5695,0.0574,0.0205,0.0410,0.0574,0.6140,0.7490,0.6780,0.1350,-0.0710,40.67,-11.88,174.5,170.2,0.901,0.158,1.585
1791427892.5068898,0.6350,0.5695,0.8440,0.4998,0.6350,0.7538,0.6350,0.5695,0.4998,0.2991,0.5695,0.6350,0.4998,0.0410,0.0410,0.0574,0.0164,0.6140,0.7515,,0.1375,,40.84,-11.79,174.5,170.0,0.998,0.157,1.703
1791427892.546607,0.8030,0.7006,0.5695,0.7006,0.6350,0.7006,0.7538,0.5695,0.4998,0.2458,0.6350,0.5695,0.4302,0.0574,0.0574,0.0369,0.0246,0.6150,0.7500,,0.1350,,41.01,-11.87,174.9,169.6,0.917,0.156,1.575
1791427892.5798585,0.7006,0.7006,0.6350,0.4998,0.4302,0.5695,0.6350,0.8030,0.7538,0.3646,0.3646,0.4998,0.4998,0.0410,0.0574,0.0410,0.0410,0.6140,0.7490,,0.1350,,40.84,-11.76,175.1,169.2,0.975,0.157,1.652
1791427892.610062,0.8030,0.7538,0.8030,0.6350,0.6350,0.7538,0.7538,0.5695,0.7538,0.4998,0.6350,0.5695,0.5695,0.0369,0.0574,0.0410,0.0410,0.6150,0.7520,0.6650,0.1370,-0.0870,41.07,-11.95,175.1,169.8,0.964,0.156,1.641
1791427892.641694,0.7006,0.6350,0.5695,0.5695,0.6350,0.5695,0.5695,0.6350,0.6350,0.2991,0.7538,0.5695,0.4998,0.0246,0.0164,0.0737,0.0410,0.6150,0.7505,,0.1355,,41.08,-11.90,175.4,169.5,0.977,0.156,1.666
1791427892.673707,0.4998,0.7538,0.8030,0.6350,0.5695,0.7006,0.4302,0.7006,0.4302,0.3646,0.4998,0.4302,0.4302,0.0574,0.0369,0.0410,0.0574,0.6140,0.7505,,0.1365,,40.74,-12.00,175.8,168.2,0.920,0.158,1.563
1791427892.7067208,0.6350,0.7538,0.3646,0.5695,0.4302,0.7006,0.5695,0.4998,0.5695,0.3646,0.7538,0.7006,0.4998,0.0737,0.0369,0.0574,0.0410,0.6150,0.7495,,0.1345,,40.22,-11.85,175.8,168.6,1.002,0.160,1.747
1791427892.7403812,0.7538,0.8030,0.7538,0.5695,0.7538,0.6350,0.8440,0.7538,0.7538,0.3646,0.6350,0.5695,0.4302,0.0410,0.0205,0.1229,0.0369,0.6150,0.7495,,0.1345,,40.23,-11.93,175.7,168.0,0.917,0.160,1.515
1791427892.7743301,0.7006,0.7006,0.6350,0.7006,0.7006,0.5695,0.7006,0.6350,0.6350,0.1966,0.5695,0.4998,0.5695,0.0574,0.0574,0.0574,0.0737,0.6140,0.7495,,0.1355,,40.34,-12.01,176.8,168.7,0.912,0.159,1.591
1791427892.806593,0.7538,0.7538,0.8030,0.6350,0.4998,0.6350,0.5695,0.5695,0.7538,0.5695,0.6350,0.4302,0.5695,0.0369,0.0369,0.0574,0.0410,0.6140,0.7520,,0.1380,,40.49,-11.98,176.0,168.3,0.981,0.159,1.659
1791427892.84119,0.6350,0.8030,0.8440,0.4302,0.4302,0.7538,0.4998,0.7538,0.5695,0.4998,0.7006,0.4998,0.5695,0.0410,0.0369,0.0942,0.0410,0.6140,0.7520,,0.1380,,40.92,-12.09,175.8,168.6,0.926,0.157,1.618
1791427892.8802085,0.7538,0.7538,0.5695,0.6350,0.5695,0.5695,0.4302,0.4302,0.7538,0.4302,0.5695,0.5695,0.4998,0.0410,0.0246,0.0574,0.0246,0.6140,0.7505,,0.1365,,41.02,-12.04,176.0,168.6,0.967,0.157,1.596
1791427892.91272,0.6350,0.8030,0.5695,0.7006,0.4998,0.6350,0.7538,0.7006,0.7006,0.4998,0.5695,0.5695,0.4302,0.0574,0.0737,0.1557,0.0737,0.6150,0.7510,,0.1360,,40.83,-12.03,175.9,169.8,0.959,0.158,1.662
1791427892.9441562,0.8030,0.7006,0.7006,0.5695,0.4302,0.7538,0.7006,0.5695,0.7006,0.2458,0.6350,0.5695,0.4998,0.0942,0.0942,0.0410,0.0369,0.6140,0.7500,,0.1360,,40.70,-11.93,175.9,170.0,0.983,0.158,1.640
1791427892.975311,0.8440,0.7006,0.8440,0.5695,0.7006,0.5695,0.7538,0.6350,0.4998,0.3646,0.5695,0.4998,0.4998,0.0410,0.0369,0.0737,0.0369,0.6150,0.7485,,0.1335,,40.65,-11.93,175.7,170.6,0.933,0.158,1.601
1791427893.0075085,0.8440,0.4998,0.7538,0.7006,0.4998,0.7538,0.5695,0.5695,0.4998,0.4998,0.5695,0.6350,0.5695,0.0574,0.0246,0.0737,0.0737,0.6150,0.7495,0.6740,0.1345,-0.0755,41.01,-11.93,175.7,170.5,0.892,0.156,1.512
1791427893.0405226,0.7538,0.8030,0.7006,0.5695,0.4302,0.7006,0.7006,0.6350,0.4302,0.5695,0.5695,0.5695,0.4998,0.0369,0.0737,0.0942,0.0574,0.6170,0.7505,,0.1335,,41.18,-11.92,175.3,171.1,0.952,0.154,1.596
1791427893.0750732,0.7538,0.8030,0.8030,0.4998,0.3646,0.8030,0.6350,0.7006,0.6350,0.4302,0.5695,0.5695,0.4302,0.0410,0.0574,0.0737,0.0410,0.6140,0.7505,,0.1365,,41.00,-11.92,175.0,171.1,0.948,0.156,1.668
1791427893.1078105,0.7538,0.8030,0.6350,0.4302,0.5695,0.8030,0.5695,0.7538,0.8030,0.4998,0.4998,0.5695,0.4998,0.0410,0.0410,0.0574,0.0369,0.6150,0.7490,,0.1340,,40.67,-11.92,175.1,171.1,0.932,0.157,1.605
1791427893.1421237,0.7538,0.7006,0.4998,0.7006,0.3646,0.7538,0.7006,0.7006,0.5695,0.4998,0.4302,0.5695,0.4998,0.0410,0.0246,0.1229,0.0410,0.6150,0.7545,,0.1395,,41.15,-12.12,174.9,170.8,0.912,0.156,1.530
1791427893.1825972,0.6350,0.6350,0.5695,0.5695,0.4302,0.8030,0.4302,0.6350,0.7006,0.4998,0.3646,0.5695,0.4998,0.0369,0.0205,0.0574,0.0737,0.6150,0.7500,,0.1350,,40.94,-12.09,175.1,170.7,0.938,0.157,1.673
1791427893.2137618,0.8030,0.8767,0.8440,0.5695,0.7538,0.7538,0.3646,0.6350,0.5695,0.6350,0.4998,0.6350,0.5695,0.0369,0.0410,0.0942,0.0410,0.6140,0.7495,0.6710,0.1355,-0.0785,40.52,-11.94,175.3,170.3,0.976,0.159,1.676
1791427893.2447872,0.7006,0.6350,0.8767,0.7006,0.6350,0.6350,0.7006,0.6350,0.4998,0.3646,0.5695,0.5695,0.4998,0.0574,0.0410,0.0942,0.0410,0.6140,0.7505,,0.1365,,40.91,-11.90,175.6,170.4,0.961,0.157,1.612
1791427893.2774365,0.7538,0.5695,0.8030,0.5695,0.6350,0.5695,0.7006,0.7538,0.6350,0.4302,0.4998,0.4998,0.5695,0.0737,0.0574,0.0574,0.0410,0.6140,0.7490,,0.1350,,41.09,-12.05,175.5,169.7,0.870,0.156,1.555
1791427893.3082445,0.8030,0.8767,0.8767,0.6350,0.3646,0.7006,0.4302,0.8030,0.4998,0.4998,0.4998,0.5695,0.4998,0.0410,0.0410,0.0737,0.0574,0.6150,0.7520,,0.1370,,41.62,-12.09,175.0,170.0,0.937,0.153,1.583
1791427893.3410342,0.4998,0.7006,0.4302,0.6350,0.4998,0.7538,0.6350,0.6350,0.6350,0.4998,0.5695,0.4998,0.4998,0.0574,0.0205,0.0410,0.0410,0.6150,0.7500,,0.1350,,41.29,-11.93,175.1,170.0,0.991,0.155,1.611
1791427893.3751678,0.5695,0.4998,0.4998,0.4998,0.5695,0.6350,0.7006,0.6350,0.5695,0.4302,0.7006,0.5695,0.4998,0.0574,0.0574,0.0737,0.0574,0.6140,0.7505,,0.1365,,40.88,-11.74,175.1,169.8,1.026,0.157,1.770
1791427893.4093027,0.7538,0.7538,0.6350,0.6350,0.4998,0.6350,0.4998,0.6350,0.5695,0.3646,0.5695,0.5695,0.5695,0.0737,0.0369,0.1229,0.0410,0.6140,0.7520,0.6720,0.1380,-0.0800,41.00,-11.66,175.1,169.6,0.995,0.157,1.664
1791427893.4419465,0.8030,0.7006,0.7538,0.7006,0.4302,0.5695,0.7538,0.5695,0.7006,0.4302,0.7006,0.4998,0.4998,0.0369,0.0737,0.1557,0.0574,0.6140,0.7505,,0.1365,,41.27,-11.75,175.0,169.7,0.926,0.155,1.577
1791427893.4833753,0.7006,0.7006,0.8030,0.6350,0.4998,0.5695,0.6350,0.7538,0.6350,0.3646,0.5695,0.4998,0.4998,0.0574,0.0574,0.0737,0.0574,0.6150,0.7495,,0.1345,,40.91,-11.80,174.9,169.2,0.927,0.157,1.609
1791427893.5139115,0.5695,0.7006,0.6350,0.4998,0.5695,0.7006,0.7538,0.5695,0.4998,0.2458,0.4998,0.4998,0.4998,0.0246,0.0246,0.0737,0.0574,0.6140,0.7500,,0.1360,,40.82,-11.75,175.0,169.7,0.968,0.157,1.650
1791427893.5450428,0.6350,0.8030,0.5695,0.4998,0.4998,0.6350,0.6350,0.7006,0.6350,0.2991,0.5695,0.4998,0.5695,0.0410,0.0123,0.0574,0.0410,0.6140,0.7510,,0.1370,,40.89,-11.82,175.6,169.1,0.933,0.157,1.673
1791427893.576859,0.6350,0.6350,0.8440,0.4302,0.2991,0.7538,0.6350,0.7006,0.7538,0.3646,0.4998,0.5695,0.4302,0.0574,0.0410,0.0942,0.0410,0.6150,0.7455,,0.1305,,40.21,-11.75,175.4,169.2,0.919,0.160,1.619
1791427893.6084683,0.8440,0.7538,0.7006,0.6350,0.2991,0.7006,0.7006,0.6350,0.3646,0.4302,0.5695,0.5695,0.4998,0.0410,0.0942,0.0369,0.0410,0.6150,0.7525,,0.1375,,40.41,-11.82,175.2,168.7,0.953,0.159,1.687
1791427893.6419556,0.5695,0.7006,0.8440,0.5695,0.4302,0.4302,0.8030,0.6350,0.5695,0.4302,0.4302,0.4998,0.5695,0.0574,0.0574,0.0737,0.0410,0.6150,0.7555,,0.1405,,40.73,-12.05,174.9,167.0,0.919,0.159,1.513
1791427893.6755996,0.5695,0.7006,0.5695,0.4302,0.5695,0.7006,0.6350,0.7006,0.5695,0.3646,0.4302,0.4302,0.4998,0.0410,0.0369,0.0942,0.0410,0.6150,0.7530,,0.1380,,41.55,-12.22,174.7,167.9,0.892,0.154,1.525
1791427893.7083166,0.7538,0.5695,0.8440,0.4998,0.3646,0.7538,0.7538,0.8030,0.7006,0.4302,0.4998,0.5695,0.4998,0.0574,0.0574,0.0737,0.0574,0.6150,0.7540,,0.1390,,42.10,-12.36,174.5,168.6,0.907,0.152,1.548
1791427893.741818,0.6350,0.8030,0.4302,0.5695,0.4998,0.6350,0.6350,0.8440,0.4302,0.4998,0.6350,0.5695,0.5695,0.0574,0.0574,0.0737,0.0410,0.6140,0.7515,0.6750,0.1375,-0.0765,41.67,-11.98,174.6,168.6,1.020,0.154,1.745
1791427893.7760203,0.8030,0.8440,0.8767,0.4998,0.4998,0.6350,0.6350,0.7006,0.7006,0.3646,0.3646,0.5695,0.5695,0.1229,0.0574,0.0737,0.0410,0.6140,0.7500,0.6770,0.1360,-0.0730,41.49,-11.83,174.6,168.9,0.923,0.155,1.573
1791427893.814804,0.8767,0.8030,0.7006,0.6350,0.4302,0.7006,0.8440,0.7006,0.5695,0.6350,0.4302,0.5695,0.5695,0.0369,0.0574,0.0369,0.0410,0.6150,0.7530,0.6810,0.1380,-0.0720,41.81,-11.75,174.2,168.8,0.889,0.153,1.555
1791427893.8463714,0.8030,0.7538,0.8440,0.6350,0.5695,0.8030,0.7006,0.4998,0.4998,0.2458,0.4998,0.6350,0.4998,0.0369,0.0574,0.0410,0.0574,0.6140,0.7505,,0.1365,,41.37,-11.59,174.6,169.4,0.982,0.156,1.759
1791427893.877438,0.6350,0.7006,0.5695,0.7006,0.4302,0.6350,0.6350,0.6350,0.7538,0.4998,0.4998,0.4998,0.5695,0.0737,0.0246,0.0942,0.0410,0.6150,0.7505,,0.1355,,41.25,-11.48,174.8,169.1,0.973,0.156,1.591
1791427893.9090042,0.5695,0.7538,0.6350,0.4998,0.5695,0.7006,0.7006,0.5695,0.5695,0.2991,0.4998,0.5695,0.5695,0.0574,0.0574,0.0942,0.0164,0.6140,0.7500,0.6880,0.1360,-0.0620,40.86,-11.05,176.0,169.2,0.947,0.158,1.681
1791427893.9430318,0.6350,0.7006,0.4998,0.5695,0.4302,0.6350,0.5695,0.7006,0.6350,0.2991,0.5695,0.4998,0.4998,0.0574,0.0574,0.0737,0.0942,0.6140,0.7500,,0.1360,,40.80,-11.04,175.8,168.3,0.938,0.158,1.665
1791427893.9757345,0.6350,0.7538,0.8030,0.7538,0.4998,0.5695,0.5695,0.8440,0.7006,0.3646,0.4302,0.4998,0.4998,0.0574,0.0942,0.1557,0.0737,0.6140,0.7555,,0.1415,,40.40,-10.86,175.8,168.1,1.084,0.162,1.805
1791427894.0085344,0.7006,0.7006,0.8440,0.4302,0.6350,0.5695,0.7006,0.7538,0.6350,0.2991,0.5695,0.4998,0.4998,0.0410,0.0369,0.1229,0.0369,0.6140,0.7510,,0.1370,,40.20,-10.76,175.9,168.2,1.007,0.163,1.734
1791427894.0418434,0.8030,0.7006,0.6350,0.4302,0.5695,0.8030,0.6350,0.6350,0.6350,0.4998,0.5695,0.5695,0.4998,0.0369,0.0369,0.0410,0.0574,0.6140,0.7535,,0.1395,,40.65,-10.78,175.8,168.0,0.995,0.161,1.676
1791427894.0831544,0.8030,0.7538,0.8440,0.4998,0.6350,0.7006,0.4998,0.7006,0.5695,0.4998,0.7538,0.6350,0.4998,0.0369,0.0574,0.1229,0.0574,0.6140,0.7515,,0.1375,,40.31,-10.66,176.1,167.3,1.036,0.162,1.718
1791427894.1152174,0.6350,0.8030,0.5695,0.4998,0.5695,0.5695,0.7538,0.6350,0.5695,0.5695,0.5695,0.4998,0.4998,0.0410,0.0410,0.0737,0.0410,0.6140,0.7510,,0.1370,,40.21,-10.70,175.7,166.8,0.961,0.163,1.695
1791427894.14589,0.4302,0.7538,0.7006,0.7006,0.4998,0.6350,0.7006,0.6350,0.7538,0.4998,0.5695,0.4998,0.4998,0.0737,0.0574,0.0574,0.0574,0.6150,0.7525,,0.1375,,40.38,-10.89,175.4,167.5,0.909,0.162,1.615
1791427894.178767,0.6350,0.7006,0.7538,0.6350,0.5695,0.6350,0.5695,0.7538,0.7006,0.2991,0.6350,0.4998,0.4998,0.0737,0.0205,0.0574,0.0410,0.6150,0.7500,,0.1350,,40.26,-10.95,175.4,165.9,0.919,0.162,1.502
1791427894.2090578,0.5695,0.8030,0.7538,0.7006,0.4998,0.5695,0.6350,0.7538,0.5695,0.4302,0.6350,0.5695,0.4998,0.0942,0.0737,0.0410,0.0410,0.6140,0.7500,,0.1360,,40.59,-11.00,175.4,166.6,0.920,0.160,1.570
1791427894.2425413,0.7538,0.7538,0.5695,0.4302,0.5695,0.6350,0.7006,0.7538,0.7006,0.4998,0.4998,0.4302,0.4998,0.0737,0.0574,0.0574,0.0410,0.6140,0.7540,,0.1400,,41.09,-11.18,175.2,166.6,0.912,0.158,1.551
1791427894.2763026,0.6350,0.6350,0.7538,0.5695,0.4302,0.6350,0.7006,0.7006,0.6350,0.2991,0.4302,0.5695,0.4998,0.0410,0.0164,0.0737,0.0410,0.6150,0.7495,,0.1345,,41.13,-11.17,175.5,167.0,0.916,0.157,1.602
1791427894.309152,0.8030,0.6350,0.8767,0.7538,0.5695,0.7538,0.5695,0.6350,0.7006,0.3646,0.6350,0.5695,0.5695,0.0737,0.0737,0.1229,0.0574,0.6140,0.7510,0.6740,0.1370,-0.0770,41.12,-11.18,175.4,167.4,0.972,0.157,1.648
1791427894.3428059,0.5695,0.7006,0.7006,0.8440,0.5695,0.7538,0.8030,0.7006,0.7538,0.4998,0.5695,0.4998,0.5695,0.0574,0.0410,0.0737,0.0369,0.6160,0.7490,,0.1330,,41.25,-11.23,175.2,167.8,0.897,0.155,1.573
1791427894.3778138,0.4302,0.7538,0.8767,0.6350,0.4998,0.4998,0.6350,0.4998,0.2991,0.4302,0.4998,0.4998,0.4998,0.0410,0.0574,0.0737,0.0574,0.6150,0.7480,,0.1330,,40.56,-11.27,175.4,168.5,0.881,0.158,1.611
1791427894.4165473,0.5695,0.9054,0.8767,0.5695,0.5695,0.6350,0.7538,0.5695,0.6350,0.6350,0.4302,0.4998,0.5695,0.0737,0.0737,0.1229,0.0410,0.6150,0.7510,,0.1360,,40.25,-11.19,175.1,169.0,0.970,0.160,1.740
1791427894.4484892,0.6350,0.4998,0.5695,0.4302,0.5695,0.7538,0.7006,0.6350,0.4998,0.4998,0.5695,0.6350,0.5695,0.0410,0.0369,0.0737,0.0205,0.6150,0.7495,0.6690,0.1345,-0.0805,40.43,-11.37,175.4,168.7,0.940,0.159,1.583
1791427894.479221,0.5695,0.6350,0.7538,0.5695,0.4998,0.5695,0.6350,0.6350,0.4302,0.4302,0.5695,0.4998,0.4998,0.0369,0.0410,0.0574,0.0246,0.6140,0.7505,,0.1365,,40.09,-11.26,175.4,169.0,0.986,0.161,1.664
1791427894.5116675,0.7006,0.7538,0.6350,0.6350,0.5695,0.5695,0.7006,0.6350,0.6350,0.3646,0.4998,0.5695,0.5695,0.0410,0.0574,0.0574,0.0410,0.6150,0.7510,0.6730,0.1360,-0.0780,40.47,-11.45,175.8,169.2,0.898,0.159,1.553
1791427894.5443797,0.6350,0.8030,0.8030,0.7006,0.6350,0.6350,0.7538,0.7538,0.7538,0.4998,0.6350,0.4998,0.4998,0.0410,0.0574,0.0737,0.0574,0.6140,0.7545,,0.1405,,41.33,-11.74,175.1,169.8,0.866,0.155,1.459
1791427894.5760338,0.8030,0.7538,0.7006,0.6350,0.6350,0.6350,0.6350,0.6350,0.6350,0.3646,0.4302,0.5695,0.5695,0.0369,0.0205,0.0737,0.0369,0.6140,0.7495,0.6670,0.1355,-0.0825,40.84,-11.69,175.3,169.1,1.014,0.158,1.694
1791427894.6098642,0.7006,0.8440,0.6350,0.6350,0.4998,0.7006,0.6350,0.8440,0.5695,0.4302,0.4998,0.6350,0.4998,0.0737,0.0574,0.0410,0.0410,0.6140,0.7500,,0.1360,,40.87,-11.67,174.9,169.1,0.938,0.158,1.614
1791427894.6429374,0.7006,0.6350,0.7538,0.6350,0.5695,0.7006,0.6350,0.7538,0.4998,0.4998,0.4302,0.4998,0.4302,0.0737,0.0574,0.1557,0.0410,0.6150,0.7475,,0.1325,,40.45,-11.55,174.9,168.7,0.948,0.159,1.577
1791427894.676274,0.7006,0.9054,0.7006,0.3646,0.7006,0.7006,0.4998,0.6350,0.7538,0.4302,0.5695,0.4998,0.5695,0.0410,0.0574,0.0942,0.0737,0.6140,0.7490,,0.1350,,40.49,-11.47,174.9,168.5,0.963,0.159,1.632
1791427894.7170038,0.7006,0.7006,0.8030,0.5695,0.6350,0.5695,0.5695,0.5695,0.6350,0.3646,0.5695,0.6350,0.5695,0.0369,0.0410,0.0574,0.0574,0.6140,0.7495,0.6660,0.1355,-0.0835,40.24,-11.54,175.3,168.2,0.999,0.160,1.676
1791427894.7488012,0.7006,0.8440,0.7538,0.6350,0.4302,0.6350,0.7538,0.6350,0.4998,0.3646,0.7006,0.4998,0.4998,0.0369,0.0410,0.0410,0.0369,0.6150,0.7500,,0.1350,,40.00,-11.45,175.3,170.7,0.996,0.161,1.744
1791427894.7808652,0.4302,0.7538,0.7006,0.4998,0.4302,0.6350,0.7538,0.7538,0.7538,0.5695,0.4998,0.4998,0.5695,0.0410,0.0574,0.0942,0.0410,0.6140,0.7525,,0.1385,,40.18,-11.48,175.8,169.9,0.985,0.161,1.632
1791427894.8123589,0.6350,0.7006,0.9054,0.6350,0.4998,0.6350,0.7538,0.6350,0.5695,0.4302,0.1966,0.5695,0.4302,0.0369,0.0164,0.0410,0.0574,0.6140,0.7480,,0.1340,,40.21,-11.60,175.9,170.2,0.891,0.160,1.560
1791427894.8446102,0.7538,0.6350,0.5695,0.4998,0.4302,0.7006,0.6350,0.7006,0.7006,0.5695,0.4302,0.5695,0.4998,0.0369,0.0574,0.0410,0.0574,0.6140,0.7495,,0.1355,,40.22,-11.82,175.5,169.6,0.858,0.160,1.544
1791427894.8767147,0.8030,0.7006,0.6350,0.5695,0.5695,0.7006,0.6350,0.7006,0.5695,0.4998,0.5695,0.5695,0.4302,0.0737,0.0410,0.0410,0.0410,0.6140,0.7505,,0.1365,,40.81,-11.82,176.5,169.3,0.941,0.157,1.614
1791427894.911138,0.8030,0.7538,0.8440,0.4998,0.4302,0.7006,0.7538,0.8030,0.6350,0.3646,0.4998,0.6350,0.5695,0.0737,0.0410,0.0410,0.0410,0.6140,0.7500,0.6710,0.1360,-0.0790,40.69,-11.77,176.4,168.9,0.963,0.158,1.629
1791427894.9434805,0.7538,0.7006,0.9054,0.7006,0.5695,0.6350,0.6350,0.6350,0.7538,0.5695,0.3646,0.5695,0.5695,0.0410,0.0737,0.0574,0.0574,0.6140,0.7485,0.6670,0.1345,-0.0815,40.45,-11.79,176.3,169.3,0.969,0.159,1.674
1791427894.9765563,0.5695,0.5695,0.5695,0.7006,0.3646,0.6350,0.6350,0.7006,0.5695,0.5695,0.5695,0.4998,0.5695,0.0574,0.0164,0.0574,0.0410,0.6140,0.7515,,0.1375,,40.58,-11.89,175.9,169.7,0.928,0.159,1.610
1791427895.0101824,0.7006,0.5695,0.6350,0.6350,0.4998,0.6350,0.6350,0.6350,0.5695,0.4302,0.5695,0.5695,0.5695,0.0410,0.0369,0.0737,0.0164,0.6140,0.7500,0.6700,0.1360,-0.0800,40.57,-11.86,175.8,169.5,0.963,0.159,1.649
1791427895.050774,0.7538,0.7006,0.7006,0.7006,0.5695,0.5695,0.6350,0.7538,0.6350,0.4998,0.4998,0.6350,0.4998,0.0737,0.0574,0.0574,0.0574,0.6140,0.7500,,0.1360,,40.42,-11.83,175.8,169.0,0.958,0.160,1.673
1791427895.0822873,0.6350,0.6350,0.8440,0.5695,0.5695,0.5695,0.8030,0.5695,0.4302,0.4998,0.5695,0.5695,0.5695,0.0410,0.0369,0.0737,0.0369,0.6140,0.7495,0.6660,0.1355,-0.0835,40.26,-11.84,175.8,169.5,0.995,0.160,1.692
1791427895.1135876,0.8440,0.6350,0.8440,0.4998,0.7006,0.8030,0.8030,0.8030,0.6350,0.4302,0.5695,0.4998,0.4998,0.0246,0.0410,0.0942,0.0164,0.6140,0.7500,,0.1360,,40.33,-11.85,175.6,169.1,0.952,0.160,1.647
1791427895.1452127,0.7006,0.7538,0.4302,0.5695,0.5695,0.6350,0.5695,0.7538,0.6350,0.4302,0.5695,0.5695,0.5695,0.0410,0.0246,0.0574,0.0574,0.6150,0.7500,0.6680,0.1350,-0.0820,40.58,-11.94,175.4,169.6,0.942,0.158,1.573
1791427895.1777124,0.7538,0.6350,0.4998,0.6350,0.5695,0.4998,0.7538,0.5695,0.4998,0.4998,0.2991,0.4302,0.4302,0.0574,0.0205,0.0410,0.0164,0.6150,0.7530,,0.1380,,41.15,-12.02,175.3,169.8,0.957,0.156,1.645
1791427895.210852,0.6350,0.6350,0.2991,0.4302,0.6350,0.8030,0.6350,0.5695,0.7006,0.3646,0.3646,0.6350,0.5695,0.0942,0.0410,0.0574,0.0205,0.6140,0.7525,0.6730,0.1385,-0.0795,41.15,-11.98,175.1,168.9,0.947,0.156,1.553
1791427895.2437592,0.7538,0.7538,0.7006,0.4998,0.6350,0.6350,0.5695,0.7006,0.7538,0.4998,0.3646,0.5695,0.4998,0.0410,0.0369,0.0410,0.0410,0.6150,0.7555,,0.1405,,41.67,-12.14,174.9,168.8,0.941,0.154,1.555
1791427895.2770514,0.5695,0.6350,0.7006,0.5695,0.6350,0.7006,0.7006,0.6350,0.5695,0.2458,0.5695,0.4998,0.4998,0.0574,0.0205,0.0410,0.0574,0.6140,0.7500,,0.1360,,41.44,-12.10,175.2,166.9,0.945,0.155,1.572
1791427895.3112202,0.3646,0.8767,0.8440,0.5695,0.5695,0.7538,0.4302,0.7538,0.4998,0.4302,0.5695,0.4998,0.5695,0.0410,0.0246,0.0574,0.0410,0.6160,0.7535,,0.1375,,41.59,-12.24,175.0,166.8,0.917,0.155,1.552
1791427895.3442018,0.8030,0.7006,0.6350,0.4998,0.6350,0.7006,0.5695,0.4998,0.4302,0.3646,0.5695,0.5695,0.5695,0.0574,0.0410,0.1966,0.0410,0.6140,0.7555,0.6720,0.1415,-0.0835,41.79,-12.29,174.8,167.2,0.942,0.154,1.627
1791427895.385566,0.6350,0.4998,0.8030,0.5695,0.4998,0.6350,0.4998,0.8030,0.4998,0.3646,0.5695,0.5695,0.5695,0.0369,0.0410,0.0574,0.0369,0.6140,0.7510,0.6710,0.1370,-0.0800,41.61,-12.14,174.8,167.5,0.981,0.155,1.644
1791427895.417301,0.7006,0.7538,0.6350,0.7006,0.4998,0.5695,0.6350,0.7006,0.2458,0.3646,0.5695,0.5695,0.4998,0.0737,0.0369,0.0737,0.0410,0.6140,0.7540,,0.1400,,41.70,-12.34,174.7,168.1,0.890,0.155,1.535
1791427895.448552,0.7006,0.7538,0.8440,0.5695,0.5695,0.6350,0.4302,0.8030,0.4998,0.3646,0.5695,0.4998,0.6350,0.0369,0.0574,0.0574,0.0369,0.6140,0.7500,,0.1360,,41.90,-12.38,174.5,167.8,0.893,0.154,1.541
1791427895.480336,0.5695,0.7006,0.6350,0.4998,0.5695,0.6350,0.7006,0.7006,0.5695,0.3646,0.7006,0.6350,0.4998,0.0369,0.0737,0.0737,0.0369,0.6150,0.7500,,0.1350,,41.56,-12.15,174.9,167.3,0.994,0.155,1.663
1791427895.5119436,0.6350,0.5695,0.4998,0.6350,0.4302,0.6350,0.8030,0.4998,0.4998,0.4302,0.6350,0.4998,0.4998,0.0246,0.0410,0.1229,0.0205,0.6150,0.7505,,0.1355,,41.32,-11.98,175.0,167.6,0.997,0.156,1.666
1791427895.5445268,0.8030,0.8030,0.9054,0.6350,0.4302,0.3646,0.6350,0.4998,0.4998,0.6350,0.4302,0.5695,0.5695,0.0942,0.0737,0.0737,0.0369,0.6140,0.7615,0.6730,0.1475,-0.0885,42.07,-12.29,174.6,167.4,0.916,0.154,1.546
1791427895.5774505,0.8767,0.6350,0.8440,0.4998,0.4998,0.7006,0.6350,0.8030,0.6350,0.2991,0.4302,0.5695,0.4998,0.0574,0.0574,0.0737,0.0369,0.6150,0.7505,,0.1355,,41.31,-12.11,174.6,168.0,0.983,0.157,1.663
1791427895.6108425,0.4998,0.9054,0.9259,0.5695,0.5695,0.7006,0.6350,0.7538,0.4302,0.2991,0.4302,0.6350,0.4302,0.0410,0.0410,0.0737,0.0410,0.6150,0.7515,,0.1365,,41.31,-11.91,174.8,169.0,1.020,0.157,1.757
1791427895.644799,0.7006,0.8440,0.6350,0.6350,0.7006,0.7006,0.8030,0.6350,0.6350,0.3646,0.5695,0.5695,0.4998,0.0574,0.0574,0.0737,0.0164,0.6150,0.7490,,0.1340,,41.26,-11.93,174.8,169.0,0.917,0.156,1.581
1791427895.6852257,0.5695,0.7538,0.7006,0.5695,0.5695,0.8030,0.6350,0.8030,0.4998,0.4998,0.7006,0.7006,0.4998,0.0574,0.0737,0.0574,0.0369,0.6140,0.7525,,0.1385,,41.63,-11.91,175.1,168.5,0.973,0.155,1.642
1791427895.71817,0.8440,0.7006,0.5695,0.5695,0.7006,0.7006,0.6350,0.7006,0.5695,0.5695,0.2991,0.5695,0.4998,0.0369,0.0410,0.0574,0.0574,0.6150,0.7520,,0.1370,,41.32,-11.66,175.1,168.2,1.065,0.156,1.819
1791427895.7483072,0.6350,0.5695,0.4302,0.6350,0.4998,0.5695,0.7538,0.4998,0.4998,0.4302,0.4998,0.5695,0.5695,0.0410,0.0737,0.0942,0.0410,0.6150,0.7495,0.6730,0.1345,-0.0765,40.96,-11.57,175.2,168.6,0.964,0.158,1.621
1791427895.7805135,0.6350,0.8030,0.7006,0.5695,0.5695,0.7006,0.7006,0.4998,0.4998,0.5695,0.4998,0.5695,0.4998,0.0369,0.0410,0.0942,0.0369,0.6140,0.7500,,0.1360,,40.55,-11.57,175.6,168.7,0.959,0.160,1.749
1791427895.812034,0.5695,0.6350,0.5695,0.7006,0.1966,0.7006,0.7006,0.7538,0.7538,0.4998,0.5695,0.5695,0.5695,0.0574,0.0369,0.0737,0.0574,0.6130,0.7490,0.6690,0.1360,-0.0800,40.30,-11.63,175.6,168.6,0.952,0.161,1.635
1791427895.8440278,0.5695,0.7006,0.4302,0.7538,0.4998,0.6350,0.8030,0.8030,0.4998,0.5695,0.4998,0.5695,0.5695,0.0369,0.0737,0.0737,0.0737,0.6150,0.7510,0.6750,0.1360,-0.0760,40.74,-11.48,175.5,168.6,0.989,0.158,1.663
1791427895.8781707,0.7538,0.8440,0.6350,0.5695,0.2991,0.8440,0.5695,0.7006,0.4998,0.4998,0.4302,0.5695,0.5695,0.0942,0.0410,0.0942,0.0410,0.6140,0.7505,0.6700,0.1365,-0.0805,40.41,-11.49,175.1,168.0,0.984,0.160,1.641
1791427895.9118752,0.4302,0.7006,0.7538,0.6350,0.4998,0.4998,0.7538,0.4998,0.5695,0.4998,0.3646,0.5695,0.5695,0.0574,0.0574,0.0737,0.0410,0.6140,0.7485,0.6700,0.1345,-0.0785,40.49,-11.58,175.3,168.2,0.928,0.159,1.589
1791427895.9442234,0.6350,0.6350,0.6350,0.7538,0.4998,0.5695,0.3646,0.8440,0.3646,0.2991,0.6350,0.4998,0.4998,0.0410,0.0574,0.0737,0.0737,0.6160,0.7515,,0.1355,,40.94,-11.58,175.8,168.4,0.980,0.157,1.685
1791427895.9779599,0.7006,0.6350,0.6350,0.5695,0.4998,0.7006,0.7538,0.8767,0.5695,0.4998,0.7006,0.5695,0.4998,0.0410,0.0942,0.0410,0.0410,0.6160,0.7510,,0.1350,,40.92,-11.56,175.9,169.2,0.985,0.157,1.682
1791427896.0185602,0.8030,0.8767,0.7006,0.6350,0.7006,0.7538,0.7006,0.5695,0.6350,0.1966,0.4998,0.4998,0.4998,0.0410,0.0574,0.0737,0.0574,0.6150,0.7510,,0.1360,,41.16,-11.65,175.7,169.8,0.937,0.155,1.638
1791427896.0505764,0.6350,0.7006,0.4302,0.4998,0.4998,0.4302,0.8030,0.5695,0.2991,0.4998,0.4998,0.5695,0.4998,0.0737,0.0123,0.1229,0.0410,0.6150,0.7510,,0.1360,,40.83,-11.57,175.7,170.5,1.002,0.157,1.761
1791427896.081721,0.6350,0.7006,0.8030,0.5695,0.4998,0.5695,0.5695,0.4998,0.4998,0.3646,0.3646,0.4998,0.5695,0.0574,0.0574,0.0410,0.0574,0.6140,0.7525,,0.1385,,41.68,-11.73,175.5,169.8,0.926,0.153,1.543
1791427896.11341,0.6350,0.6350,0.7538,0.6350,0.2991,0.6350,0.7006,0.6350,0.4998,0.3646,0.4998,0.6350,0.4998,0.0410,0.0410,0.0737,0.0737,0.6150,0.7575,,0.1425,,42.44,-11.93,175.1,169.5,0.957,0.150,1.594
1791427896.144997,0.7006,0.4998,0.5695,0.5695,0.5695,0.5695,0.3646,0.4302,0.3646,0.3646,0.5695,0.4998,0.5695,0.0737,0.0574,0.0574,0.0410,0.6160,0.7490,,0.1330,,41.68,-11.71,175.3,168.7,1.010,0.153,1.728
1791427896.1778817,0.5695,0.6350,0.7006,0.7006,0.4998,0.7006,0.5695,0.4998,0.5695,0.4302,0.6350,0.5695,0.4998,0.0410,0.0574,0.1229,0.0410,0.6150,0.7505,,0.1355,,41.30,-11.75,175.4,169.3,0.942,0.155,1.686
1791427896.2109737,0.7538,0.5695,0.5695,0.5695,0.6350,0.7006,0.7006,0.6350,0.6350,0.4998,0.4998,0.6350,0.4998,0.0574,0.0574,0.0737,0.0574,0.6160,0.7490,,0.1330,,41.04,-11.78,175.5,169.2,0.924,0.156,1.579
1791427896.2453568,0.7006,0.7006,0.6350,0.6350,0.6350,0.5695,0.7538,0.5695,0.7006,0.5695,0.4998,0.5695,0.4998,0.0574,0.0574,0.0574,0.0369,0.6150,0.7510,,0.1360,,41.45,-11.78,175.6,169.3,0.956,0.154,1.615
1791427896.2784934,0.8030,0.8030,0.7006,0.5695,0.2991,0.7538,0.7006,0.7538,0.6350,0.5695,0.4998,0.5695,0.4998,0.0410,0.0205,0.0410,0.0410,0.6150,0.7505,,0.1355,,41.17,-11.82,175.6,169.3,0.934,0.155,1.621
1791427896.3116436,0.6350,0.8030,0.8030,0.4302,0.4302,0.6350,0.7538,0.6350,0.7006,0.5695,0.5695,0.6350,0.4998,0.0205,0.0246,0.0942,0.0574,0.6150,0.7500,,0.1350,,40.54,-11.66,175.6,169.1,1.010,0.159,1.718
1791427896.3519762,0.7538,0.6350,0.7006,0.6350,0.4998,0.6350,0.7538,0.6350,0.8030,0.2991,0.4302,0.5695,0.4998,0.0410,0.0246,0.0574,0.0410,0.6140,0.7505,,0.1365,,40.50,-11.59,175.8,168.8,0.993,0.159,1.720
1791427896.3834732,0.7538,0.8030,0.5695,0.7006,0.3646,0.7538,0.7006,0.7006,0.6350,0.4998,0.5695,0.4302,0.4998,0.0410,0.0574,0.0737,0.0369,0.6150,0.7505,,0.1355,,40.08,-11.44,176.1,169.5,1.031,0.161,1.722
1791427896.414591,0.5695,0.8440,0.6350,0.5695,0.5695,0.7006,0.7538,0.4998,0.5695,0.4302,0.3646,0.4998,0.4998,0.0246,0.0574,0.0410,0.0574,0.6150,0.7500,,0.1350,,39.96,-11.49,175.7,168.9,0.952,0.162,1.628
1791427896.4473307,0.6350,0.5695,0.7538,0.5695,0.5695,0.8030,0.7538,0.6350,0.5695,0.6350,0.4998,0.5695,0.5695,0.0410,0.0410,0.0410,0.1229,0.6150,0.7495,0.6870,0.1345,-0.0625,40.10,-11.17,175.6,168.8,0.909,0.161,1.604
1791427896.4789088,0.6350,0.7006,0.7006,0.4998,0.5695,0.5695,0.6350,0.7006,0.6350,0.4998,0.4998,0.6350,0.5695,0.0574,0.0574,0.0410,0.0574,0.6150,0.7495,0.6820,0.1345,-0.0675,40.26,-10.96,175.6,168.3,0.945,0.160,1.563
1791427896.5131874,0.7006,0.4302,0.3646,0.7006,0.4998,0.8030,0.8030,0.7006,0.4998,0.5695,0.7006,0.4302,0.4998,0.0574,0.0574,0.0574,0.0164,0.6140,0.7515,,0.1375,,40.76,-11.02,175.7,168.2,0.950,0.157,1.607
1791427896.5454009,0.8440,0.7006,0.5695,0.6350,0.5695,0.6350,0.7006,0.7538,0.6350,0.6350,0.6350,0.5695,0.4998,0.0574,0.0123,0.0737,0.0246,0.6140,0.7505,,0.1365,,40.92,-11.11,175.3,168.8,0.918,0.157,1.619
1791427896.578538,0.8030,0.7538,0.8767,0.6350,0.8030,0.7538,0.6350,0.7538,0.7006,0.3646,0.7006,0.4998,0.4998,0.0574,0.0369,0.0574,0.0737,0.6150,0.7500,,0.1350,,40.66,-11.00,175.4,168.3,0.993,0.158,1.654
1791427896.6118848,0.8030,0.7538,0.6350,0.7006,0.5695,0.6350,0.7006,0.7006,0.6350,0.4998,0.6350,0.5695,0.5695,0.0410,0.0205,0.0574,0.0410,0.6150,0.7520,0.6830,0.1370,-0.0690,41.04,-10.89,175.1,168.6,0.939,0.156,1.606
1791427896.652992,0.7006,0.7538,0.6350,0.6350,0.5695,0.7006,0.7006,0.7538,0.7006,0.5695,0.4998,0.5695,0.4998,0.0369,0.0410,0.0410,0.0737,0.6140,0.7475,,0.1335,,40.80,-10.85,175.4,168.8,0.927,0.157,1.637
1791427896.684958,0.8030,0.7538,0.7006,0.6350,0.4302,0.7538,0.8030,0.7538,0.7006,0.4302,0.4302,0.5695,0.4998,0.0737,0.0737,0.0737,0.0574,0.6140,0.7510,,0.1370,,40.76,-10.77,175.2,168.8,1.000,0.157,1.730
1791427896.7159765,0.6350,0.7538,0.5695,0.7538,0.5695,0.7006,0.5695,0.7538,0.8030,0.2991,0.3646,0.5695,0.5695,0.0410,0.0246,0.0410,0.0369,0.6130,0.7530,0.6870,0.1400,-0.0660,40.18,-10.38,175.2,168.6,1.050,0.162,1.868
1791427896.7485633,0.7538,0.7006,0.7538,0.4302,0.6350,0.7538,0.7538,0.8767,0.5695,0.4302,0.5695,0.6350,0.4998,0.0574,0.0410,0.0737,0.0205,0.6140,0.7510,,0.1370,,39.78,-10.34,175.3,167.8,0.995,0.164,1.712
1791427896.7795765,0.7006,0.8030,0.4998,0.4302,0.4998,0.7538,0.5695,0.6350,0.5695,0.5695,0.7006,0.4998,0.4998,0.0737,0.0574,0.0246,0.0205,0.6130,0.7535,,0.1405,,40.00,-10.51,175.0,168.1,0.939,0.164,1.669
1791427896.8122787,0.6350,0.8440,0.7006,0.6350,0.5695,0.7006,0.6350,0.8440,0.4998,0.3646,0.5695,0.5695,0.5695,0.0574,0.0369,0.0574,0.0205,0.6150,0.7545,0.6780,0.1395,-0.0765,40.56,-10.70,174.7,167.5,0.941,0.161,1.552
1791427896.8456838,0.7006,0.7006,0.4998,0.5695,0.6350,0.7538,0.7006,0.7538,0.7538,0.3646,0.5695,0.6350,0.4998,0.0574,0.0369,0.0574,0.0369,0.6150,0.7500,,0.1350,,40.45,-10.68,174.8,167.4,0.947,0.161,1.627
1791427896.8790662,0.5695,0.7006,0.5695,0.6350,0.4998,0.5695,0.4998,0.7006,0.5695,0.2991,0.3646,0.5695,0.5695,0.0737,0.0574,0.0574,0.0369,0.6160,0.7555,0.6720,0.1395,-0.0835,41.22,-11.12,174.3,168.2,0.907,0.157,1.507
1791427896.9133048,0.4998,0.5695,0.5695,0.5695,0.6350,0.6350,0.6350,0.7538,0.6350,0.4998,0.5695,0.4998,0.4998,0.0410,0.0246,0.0410,0.0410,0.6140,0.7520,,0.1380,,41.12,-11.16,174.4,168.2,0.929,0.158,1.614
1791427896.953957,0.5695,0.5695,0.7538,0.7006,0.5695,0.8030,0.4998,0.7538,0.4302,0.2991,0.4998,0.4998,0.4998,0.0574,0.0574,0.0942,0.0369,0.6160,0.7505,,0.1345,,41.61,-11.21,174.9,167.9,0.903,0.154,1.552
1791427896.9858508,0.7006,0.8767,0.4302,0.7006,0.6350,0.8440,0.8030,0.5695,0.6350,0.4998,0.6350,0.4998,0.4998,0.0737,0.0246,0.1557,0.0737,0.6140,0.7520,,0.1380,,41.52,-11.12,175.0,168.0,0.975,0.155,1.710
1791427897.0174136,0.7538,0.7538,0.7538,0.6350,0.6350,0.8030,0.7006,0.7006,0.4302,0.4998,0.4998,0.5695,0.4998,0.0410,0.0410,0.0737,0.0410,0.6150,0.7520,,0.1370,,41.52,-10.95,175.0,167.9,1.022,0.155,1.707
1791427897.048534,0.6350,0.7006,0.6350,0.5695,0.4998,0.7006,0.6350,0.7006,0.6350,0.5695,0.5695,0.5695,0.4998,0.0737,0.0410,0.0574,0.0410,0.6160,0.7505,,0.1345,,41.75,-10.97,174.9,168.0,0.935,0.153,1.624
1791427897.0802095,0.6350,0.7538,0.7006,0.7538,0.5695,0.6350,0.7006,0.7538,0.6350,0.4998,0.4302,0.5695,0.4998,0.0574,0.0574,0.0574,0.0369,0.6140,0.7505,,0.1365,,41.38,-10.92,174.9,167.8,0.964,0.155,1.642
1791427897.1121774,0.8440,0.4302,0.4998,0.7006,0.4302,0.8030,0.8030,0.7006,0.5695,0.4302,0.4998,0.5695,0.4998,0.0410,0.0574,0.0574,0.0574,0.6140,0.7515,,0.1375,,41.24,-10.88,174.8,168.1,0.974,0.156,1.641
1791427897.1456902,0.7006,0.6350,0.4302,0.5695,0.6350,0.6350,0.5695,0.7006,0.7538,0.5695,0.5695,0.4998,0.4998,0.0574,0.0410,0.0574,0.0574,0.6150,0.7500,,0.1350,,41.16,-10.85,174.8,168.1,0.955,0.156,1.570
1791427897.1802566,0.7538,0.6350,0.5695,0.5695,0.4998,0.7006,0.7006,0.3646,0.5695,0.4998,0.5695,0.5695,0.4998,0.0369,0.0942,0.0369,0.0369,0.6150,0.7500,,0.1350,,41.37,-10.84,175.0,168.2,0.951,0.155,1.612
1791427897.2129555,0.6350,0.4998,0.6350,0.6350,0.5695,0.5695,0.7006,0.5695,0.5695,0.4998,0.6350,0.5695,0.4998,0.0410,0.0574,0.0410,0.0737,0.6140,0.7495,,0.1355,,41.03,-10.80,175.0,168.3,0.954,0.156,1.649
1791427897.2465687,0.7538,0.6350,0.4998,0.6350,0.4302,0.4998,0.7006,0.7006,0.6350,0.3646,0.1966,0.5695,0.4998,0.0410,0.0410,0.1229,0.0574,0.6150,0.7510,,0.1360,,41.09,-10.65,175.3,167.9,1.032,0.156,1.652
1791427897.2865508,0.8030,0.5695,0.8767,0.6350,0.4302,0.4998,0.4998,0.8030,0.4998,0.3646,0.4998,0.5695,0.4998,0.0574,0.0410,0.0410,0.0410,0.6150,0.7535,,0.1385,,41.33,-10.67,175.1,168.1,1.000,0.155,1.636
1791427897.3177783,0.6350,0.6350,0.8030,0.6350,0.4998,0.7006,0.4302,0.5695,0.7538,0.5695,0.8440,0.4998,0.4998,0.0942,0.0410,0.0574,0.0369,0.6140,0.7505,,0.1365,,40.98,-10.65,175.0,168.0,0.978,0.157,1.697
1791427897.3504162,0.8030,0.4998,0.7006,0.5695,0.4998,0.7538,0.6350,0.4998,0.4998,0.2991,0.5695,0.4998,0.5695,0.0574,0.0737,0.0410,0.0574,0.6150,0.7505,,0.1355,,40.87,-10.62,174.7,168.0,0.982,0.158,1.653
1791427897.3824224,0.4998,0.6350,0.7006,0.7006,0.7538,0.8030,0.8440,0.7006,0.6350,0.5695,0.4998,0.5695,0.5695,0.0574,0.0574,0.0942,0.0574,0.6140,0.7505,0.6770,0.1365,-0.0735,40.82,-10.69,175.2,167.7,0.949,0.158,1.644
1791427897.412958,0.7006,0.5695,0.4998,0.5695,0.6350,0.7538,0.6350,0.7006,0.5695,0.3646,0.5695,0.5695,0.4998,0.0574,0.0737,0.0737,0.0737,0.6140,0.7525,,0.1385,,40.97,-10.68,175.2,167.5,1.000,0.157,1.675
1791427897.446327,0.5695,0.7006,0.7006,0.6350,0.4998,0.5695,0.7006,0.4998,0.7006,0.3646,0.2991,0.5695,0.5695,0.0246,0.0246,0.0942,0.0942,0.6150,0.7505,0.6720,0.1355,-0.0785,40.60,-10.70,175.2,167.9,1.028,0.159,1.682
1791427897.4795887,0.7006,0.6350,0.5695,0.4998,0.4998,0.7538,0.7006,0.7538,0.6350,0.4302,0.4302,0.5695,0.5695,0.0410,0.0574,0.0942,0.0369,0.6140,0.7500,0.6650,0.1360,-0.0850,40.61,-11.05,175.2,167.4,0.961,0.159,1.563
1791427897.5126393,0.5695,0.6350,0.2991,0.5695,0.4302,0.6350,0.7006,0.7006,0.6350,0.4998,0.4998,0.5695,0.4998,0.0574,0.0574,0.0942,0.0410,0.6150,0.7540,,0.1390,,41.15,-11.24,175.1,168.3,0.939,0.157,1.582
1791427897.5462759,0.6350,0.4998,0.4998,0.5695,0.4998,0.7006,0.8030,0.7538,0.5695,0.5695,0.5695,0.5695,0.4998,0.1229,0.0574,0.0737,0.0574,0.6140,0.7505,,0.1365,,40.60,-11.16,175.0,168.1,0.994,0.160,1.744
1791427897.5798497,0.7006,0.4998,0.6350,0.5695,0.7006,0.7006,0.7006,0.6350,0.4998,0.2991,0.4998,0.5695,0.5695,0.0574,0.0369,0.0737,0.0737,0.6140,0.7500,0.6680,0.1360,-0.0820,40.48,-11.28,175.5,167.8,0.985,0.160,1.654
1791427897.6195316,0.8440,0.7006,0.6350,0.4998,0.4998,0.6350,0.6350,0.7006,0.6350,0.3646,0.4998,0.5695,0.4998,0.0410,0.0574,0.0737,0.0574,0.6140,0.7525,,0.1385,,40.79,-11.30,175.4,168.5,0.988,0.159,1.641
1791427897.6503923,0.6350,0.7538,0.5695,0.6350,0.4302,0.7006,0.6350,0.8440,0.3646,0.3646,0.4998,0.5695,0.5695,0.0410,0.0410,0.0574,0.0410,0.6140,0.7540,0.6660,0.1400,-0.0880,41.22,-11.64,174.9,168.2,0.951,0.157,1.540
1791427897.682951,0.4998,0.7538,0.7006,0.7006,0.7538,0.8440,0.7006,0.6350,0.6350,0.6350,0.4998,0.5695,0.5695,0.0410,0.0410,0.0410,0.0410,0.6140,0.7520,0.6650,0.1380,-0.0870,41.56,-11.74,174.8,167.8,1.014,0.155,1.618
1791427897.7132761,0.5695,0.4998,0.3646,0.5695,0.6350,0.5695,0.7538,0.8440,0.7006,0.4302,0.3646,0.5695,0.4998,0.0410,0.0369,0.1229,0.0410,0.6140,0.7500,,0.1360,,41.56,-11.72,174.9,167.6,0.969,0.155,1.625
1791427897.7464654,0.6350,0.6350,0.6350,0.6350,0.2458,0.7538,0.5695,0.4998,0.2991,0.4998,0.1966,0.4998,0.4998,0.0574,0.0737,0.1229,0.0574,0.6150,0.7505,,0.1355,,42.00,-11.82,174.5,167.5,0.923,0.152,1.614
1791427897.7797937,0.7538,0.4998,0.8440,0.5695,0.7006,0.7006,0.8030,0.6350,0.4998,0.4302,0.4302,0.6350,0.5695,0.0369,0.0246,0.0410,0.0410,0.6140,0.7500,0.6650,0.1360,-0.0850,42.22,-11.92,174.6,167.3,0.975,0.151,1.598
1791427897.8129134,0.7538,0.6350,0.6350,0.7006,0.4302,0.8440,0.3646,0.7006,0.4998,0.4998,0.5695,0.6350,0.4998,0.0410,0.0205,0.0574,0.0410,0.6140,0.7515,,0.1375,,42.17,-11.95,175.2,167.4,0.962,0.151,1.583
1791427897.8474326,0.5695,0.7538,0.8440,0.6350,0.7006,0.6350,0.5695,0.7006,0.4998,0.4302,0.5695,0.5695,0.5695,0.0574,0.0574,0.0737,0.0410,0.6150,0.7515,0.6720,0.1365,-0.0795,42.07,-11.89,174.8,167.8,0.964,0.152,1.640
1791427897.8877463,0.7538,0.6350,0.6350,0.7538,0.7006,0.7006,0.7006,0.8030,0.3646,0.2458,0.5695,0.4998,0.4998,0.0737,0.0574,0.0737,0.0410,0.6140,0.7505,,0.1365,,42.34,-11.97,174.7,167.5,0.926,0.150,1.578
1791427897.9204023,0.5695,0.5695,0.8767,0.5695,0.4998,0.7006,0.7006,0.7006,0.5695,0.4302,0.4998,0.4998,0.4998,0.0205,0.1229,0.0942,0.0410,0.6140,0.7495,,0.1355,,42.64,-12.04,174.8,167.7,0.913,0.148,1.564
1791427897.9525275,0.7006,0.6350,0.7006,0.6350,0.3646,0.7006,0.7006,0.8030,0.6350,0.4998,0.5695,0.5695,0.5695,0.0574,0.0574,0.0737,0.0574,0.6150,0.7500,0.6680,0.1350,-0.0820,42.55,-12.05,175.0,167.8,0.956,0.148,1.628
1791427897.9835644,0.7538,0.4302,0.5695,0.6350,0.7006,0.7538,0.6350,0.7006,0.4302,0.3646,0.5695,0.5695,0.5695,0.0123,0.0737,0.0574,0.0574,0.6150,0.7510,0.6710,0.1360,-0.0800,42.57,-11.96,175.1,168.4,0.973,0.148,1.597
1791427898.0161796,0.5695,0.6350,0.7006,0.6350,0.5695,0.7538,0.6350,0.7006,0.7006,0.5695,0.5695,0.5695,0.5695,0.0410,0.0574,0.0574,0.0369,0.6140,0.7520,0.6650,0.1380,-0.0870,42.45,-12.21,174.7,168.1,0.927,0.149,1.595
1791427898.0483298,0.4998,0.6350,0.6350,0.5695,0.4998,0.7538,0.7538,0.8030,0.6350,0.4302,0.4998,0.5695,0.4302,0.0942,0.0737,0.0737,0.0410,0.6140,0.7495,,0.1355,,41.89,-12.07,175.2,168.6,0.988,0.152,1.644
1791427898.0801623,0.7006,0.6350,0.8030,0.4998,0.7006,0.7006,0.6350,0.7538,0.5695,0.5695,0.5695,0.5695,0.5695,0.0369,0.0205,0.0574,0.0737,0.6140,0.7500,0.6720,0.1360,-0.0780,41.92,-11.99,175.1,168.5,0.943,0.152,1.582
1791427898.1142468,0.7538,0.5695,0.5695,0.6350,0.4998,0.3646,0.7538,0.7006,0.8030,0.5695,0.4998,0.5695,0.5695,0.0574,0.0737,0.0737,0.0737,0.6140,0.7520,0.6680,0.1380,-0.0840,42.10,-12.05,174.5,168.3,0.966,0.151,1.589
1791427898.146761,0.3646,0.7538,0.8767,0.5695,0.6350,0.6350,0.7006,0.8030,0.5695,0.4998,0.4998,0.5695,0.5695,0.0737,0.0574,0.0942,0.1229,0.6140,0.7495,0.6810,0.1355,-0.0685,41.25,-11.55,174.6,168.1,1.008,0.156,1.769
1791427898.1803927,0.7006,0.4998,0.7538,0.6350,0.5695,0.7006,0.7538,0.8440,0.7538,0.4302,0.5695,0.5695,0.4998,0.0410,0.0737,0.0942,0.0410,0.6150,0.7515,,0.1365,,41.64,-11.66,174.6,166.6,0.933,0.153,1.494
1791427898.2217855,0.5695,0.5695,0.5695,0.5695,0.3646,0.7006,0.7006,0.5695,0.4998,0.5695,0.6350,0.4998,0.5695,0.0410,0.0574,0.1229,0.0574,0.6140,0.7505,,0.1365,,41.41,-11.62,175.0,166.8,0.974,0.155,1.634
1791427898.253433,0.6350,0.7006,0.5695,0.5695,0.4302,0.7006,0.8767,0.6350,0.7538,0.5695,0.4302,0.5695,0.4998,0.0205,0.0410,0.0737,0.0410,0.6140,0.7565,,0.1425,,42.21,-11.90,174.7,166.1,0.916,0.152,1.464
1791427898.2852097,0.7006,0.6350,0.5695,0.4998,0.4302,0.7006,0.8030,0.8440,0.5695,0.4998,0.4302,0.5695,0.4998,0.0410,0.0574,0.0369,0.0369,0.6140,0.7515,,0.1375,,42.54,-11.95,174.6,166.7,0.928,0.150,1.575
1791427898.3173406,0.5695,0.4998,0.5695,0.7006,0.4302,0.6350,0.7006,0.7538,0.7006,0.4302,0.4302,0.4998,0.4998,0.0737,0.0574,0.0574,0.0410,0.6130,0.7500,,0.1370,,42.04,-11.91,174.8,167.5,0.942,0.153,1.720
1791427898.3483567,0.7538,0.8030,0.6350,0.5695,0.4998,0.6350,0.6350,0.7538,0.6350,0.4302,0.5695,0.6350,0.4998,0.0410,0.0410,0.0410,0.0410,0.6140,0.7525,,0.1385,,42.11,-11.91,174.8,168.0,0.959,0.152,1.609
1791427898.3803751,0.8030,0.6350,0.5695,0.7006,0.4302,0.7006,0.7538,0.6350,0.5695,0.4998,0.5695,0.5695,0.4998,0.0737,0.0123,0.0369,0.0246,0.6140,0.7510,,0.1370,,42.44,-11.94,174.8,168.0,0.932,0.150,1.556
1791427898.4140706,0.6350,0.7538,0.7006,0.5695,0.2458,0.7538,0.7538,0.7006,0.7538,0.5695,0.4998,0.4998,0.4998,0.0737,0.0123,0.0574,0.0410,0.6140,0.7505,,0.1365,,42.34,-11.77,175.1,167.5,1.003,0.151,1.659
1791427898.4469662,0.6350,0.5695,0.4998,0.5695,0.4302,0.7538,0.6350,0.7006,0.5695,0.2991,0.6350,0.5695,0.5695,0.0737,0.0737,0.0574,0.0574,0.6140,0.7510,0.6770,0.1370,-0.0740,42.27,-11.56,175.3,167.9,0.975,0.151,1.698
1791427898.4810128,0.6350,0.7006,0.4998,0.6350,0.8030,0.6350,0.8030,0.7006,0.4302,0.3646,0.4302,0.4998,0.4302,0.0410,0.0574,0.0410,0.0410,0.6140,0.7510,,0.1370,,42.57,-11.59,175.6,168.1,0.945,0.149,1.529
1791427898.5143783,0.8030,0.7006,0.5695,0.5695,0.5695,0.7006,0.7006,0.6350,0.6350,0.4302,0.6350,0.5695,0.4998,0.0246,0.0574,0.0942,0.0369,0.6140,0.7510,,0.1370,,42.64,-11.54,175.8,168.6,0.976,0.149,1.614
1791427898.5544205,0.7006,0.6350,0.7006,0.6350,0.3646,0.8030,0.6350,0.7538,0.7538,0.4302,0.3646,0.5695,0.4998,0.0942,0.0205,0.0942,0.0205,0.6140,0.7505,,0.1365,,42.43,-11.42,175.8,168.6,1.008,0.150,1.641
1791427898.5862195,0.7538,0.7006,0.7538,0.4302,0.3646,0.7006,0.7538,0.8440,0.4302,0.4302,0.5695,0.5695,0.4998,0.0369,0.0410,0.0942,0.0410,0.6150,0.7515,,0.1365,,42.74,-11.47,175.7,168.9,0.955,0.148,1.575
1791427898.617973,0.5695,0.5695,0.5695,0.7006,0.7006,0.7006,0.7006,0.7538,0.6350,0.4998,0.5695,0.5695,0.4998,0.0574,0.0574,0.1229,0.0410,0.6140,0.7540,,0.1400,,43.00,-11.65,175.2,168.7,0.923,0.148,1.574
1791427898.649333,0.7006,0.4302,0.7006,0.5695,0.5695,0.6350,0.8030,0.6350,0.6350,0.4302,0.6350,0.5695,0.5695,0.0410,0.0574,0.0410,0.0574,0.6140,0.7510,0.6800,0.1370,-0.0710,42.87,-11.38,175.6,168.9,0.976,0.148,1.643
1791427898.6815097,0.4998,0.8440,0.7006,0.6350,0.4302,0.7538,0.5695,0.7006,0.7006,0.3646,0.5695,0.5695,0.4998,0.0942,0.0574,0.1229,0.0574,0.6130,0.7505,,0.1375,,42.51,-11.27,175.7,169.2,1.000,0.150,1.672
1791427898.7152398,0.7538,0.7538,0.6350,0.4998,0.6350,0.8030,0.7006,0.7538,0.5695,0.3646,0.4998,0.4998,0.4998,0.0574,0.0574,0.0737,0.0410,0.6140,0.7515,,0.1375,,42.11,-11.20,175.9,168.9,1.002,0.152,1.677
1791427898.7474477,0.7006,0.8030,0.7006,0.5695,0.4998,0.6350,0.6350,0.7006,0.5695,0.4998,0.4998,0.6350,0.4998,0.0737,0.0410,0.0737,0.0737,0.6140,0.7515,,0.1375,,42.43,-11.20,176.0,168.1,0.976,0.150,1.579
1791427898.7811222,0.7006,0.5695,0.8030,0.7006,0.7006,0.7006,0.7006,0.5695,0.4998,0.3646,0.6350,0.4998,0.5695,0.0410,0.0942,0.0942,0.0574,0.6130,0.7495,,0.1365,,42.21,-11.24,175.9,167.7,0.934,0.151,1.586
1791427898.8146737,0.4998,0.5695,0.7006,0.7006,0.4998,0.5695,0.7006,0.8030,0.7006,0.3646,0.4998,0.5695,0.4998,0.0574,0.0246,0.0574,0.0410,0.6130,0.7490,,0.1360,,41.82,-11.30,175.9,167.8,0.915,0.153,1.562
1791427898.8541515,0.6350,0.7538,0.7538,0.7538,0.5695,0.7538,0.6350,0.5695,0.4302,0.4998,0.4302,0.4998,0.5695,0.0574,0.0574,0.0737,0.0737,0.6140,0.7505,,0.1365,,42.21,-11.40,175.6,167.3,0.916,0.151,1.570
1791427898.8862822,0.5695,0.7006,0.6350,0.4998,0.4302,0.6350,0.6350,0.7538,0.4998,0.2458,0.5695,0.5695,0.4998,0.0737,0.0574,0.0574,0.0246,0.6140,0.7515,,0.1375,,42.18,-11.37,175.8,167.9,0.971,0.151,1.645
1791427898.9178631,0.7006,0.5695,0.5695,0.5695,0.5695,0.6350,0.7006,0.8767,0.7006,0.4998,0.6350,0.5695,0.4998,0.0574,0.0410,0.0410,0.0737,0.6130,0.7505,,0.1375,,42.34,-11.36,175.6,168.2,0.953,0.150,1.617
1791427898.9493642,0.5695,0.7006,0.4998,0.5695,0.2991,0.8030,0.7006,0.5695,0.5695,0.5695,0.5695,0.5695,0.4998,0.0574,0.0410,0.0737,0.0410,0.6130,0.7520,,0.1390,,42.62,-11.40,175.4,166.9,0.952,0.149,1.529
1791427898.9814296,0.4998,0.6350,0.8030,0.6350,0.5695,0.7006,0.7538,0.7006,0.5695,0.3646,0.4998,0.5695,0.4998,0.0410,0.0574,0.0737,0.0574,0.6130,0.7500,,0.1370,,42.52,-11.45,175.7,166.2,0.921,0.150,1.522
1791427899.0148735,0.5695,0.5695,0.8030,0.4998,0.4998,0.5695,0.5695,0.8440,0.7538,0.4302,0.4302,0.4998,0.4998,0.0574,0.0737,0.0410,0.0410,0.6210,0.7515,,0.1305,,42.77,-11.51,175.9,166.6,0.929,0.147,1.515
1791427899.0481591,0.5695,0.7006,0.6350,0.5695,0.4998,0.8030,0.6350,0.7006,0.6350,0.5695,0.5695,0.5695,0.4998,0.0205,0.0574,0.0410,0.0574,0.6130,0.7540,,0.1410,,43.52,-11.60,175.6,166.9,0.945,0.144,1.540
1791427899.0808778,0.5695,0.8030,0.4998,0.4998,0.4302,0.7538,0.5695,0.7538,0.5695,0.4998,0.5695,0.4998,0.5695,0.0369,0.0574,0.0574,0.0574,0.6130,0.7505,,0.1375,,43.05,-11.43,175.6,166.7,1.002,0.147,1.707
1791427899.115209,0.5695,0.4302,0.6350,0.5695,0.5695,0.6350,0.7538,0.7006,0.5695,0.4302,0.5695,0.5695,0.4998,0.0574,0.0942,0.0737,0.0410,0.6130,0.7525,,0.1395,,43.16,-11.54,175.6,167.6,0.923,0.147,1.611
1791427899.1551352,0.7006,0.7538,0.4998,0.4998,0.5695,0.6350,0.7538,0.5695,0.7006,0.3646,0.5695,0.5695,0.4998,0.0737,0.0246,0.0574,0.0410,0.6130,0.7505,,0.1375,,43.17,-11.59,175.5,166.6,0.917,0.147,1.494
1791427899.1871464,0.7006,0.6350,0.4302,0.5695,0.6350,0.6350,0.7006,0.7006,0.6350,0.6350,0.4302,0.4998,0.4998,0.0410,0.0574,0.0410,0.0737,0.6140,0.7510,,0.1370,,43.28,,175.4,167.1,0.951,0.146,1.603
1791427899.2187784,0.6350,0.7006,0.6350,0.6350,0.5695,0.7538,0.8030,0.8030,0.4998,0.2458,0.5695,0.6350,0.4998,0.0369,0.0574,0.0369,0.0205,0.6130,0.7510,,0.1380,,43.16,,175.9,167.6,0.998,0.147,1.625
1791427899.250824,0.8030,0.6350,0.4998,0.8030,0.4998,0.6350,0.7538,0.8030,0.4998,0.4998,0.5695,0.5695,0.4302,0.0574,0.0246,0.0737,0.0574,0.6130,0.7545,,0.1415,,43.57,,175.4,168.6,0.958,0.145,1.604
1791427899.2822886,0.6350,0.7538,0.7006,0.6350,0.7538,0.7006,0.6350,0.4998,0.5695,0.3646,0.7006,0.5695,0.4302,0.0410,0.0737,0.0737,0.1229,0.6130,0.7510,,0.1380,,43.48,,175.6,168.1,0.952,0.146,1.602
1791427899.3152573,0.8030,0.5695,0.7006,0.7538,0.5695,0.6350,0.6350,0.7006,0.3646,0.4998,0.4302,0.4998,0.4998,0.0164,0.0410,0.0574,0.0369,0.6130,0.7505,,0.1375,,42.72,,175.7,168.6,0.977,0.150,1.702
1791427899.3495932,0.4302,0.5695,0.6350,0.6350,0.6350,0.7006,0.7006,0.7006,0.4998,0.4302,0.3646,0.4998,0.4998,0.0942,0.0410,0.0410,0.0369,0.6140,0.7500,,0.1360,,42.75,,175.3,168.7,0.894,0.149,1.564
1791427899.3820395,0.5695,0.6350,0.7006,0.4998,0.4998,0.7006,0.7538,0.7006,0.5695,0.5695,0.5695,0.5695,0.4302,0.0246,0.0410,0.0410,0.0574,0.6130,0.7490,,0.1360,,42.49,,175.3,169.4,0.914,0.150,1.621
1791427899.4160457,0.7538,0.6350,0.8440,0.4998,0.5695,0.6350,0.6350,0.8030,0.6350,0.3646,0.5695,0.4302,0.4302,0.0574,0.0574,0.0410,0.0410,0.6130,0.7545,,0.1415,,42.75,,175.2,168.7,0.944,0.149,1.589
1791427899.44879,0.6350,0.6350,0.7538,0.5695,0.5695,0.7538,0.8440,0.7538,0.3646,0.3646,0.5695,0.5695,0.4998,0.0574,0.0410,0.0737,0.0369,0.6130,0.7515,,0.1385,,42.56,,175.5,169.0,1.018,0.151,1.663
1791427899.4895964,0.8030,0.8030,0.7538,0.5695,0.7538,0.5695,0.7538,0.7006,0.4998,0.4302,0.3646,0.4998,0.4302,0.0574,0.0574,0.0942,0.0737,0.6140,0.7590,,0.1450,,43.13,,175.2,168.2,0.937,0.149,1.541
1791427899.5219567,0.8440,0.7538,0.7006,0.7006,0.5695,0.8030,0.7006,0.4998,0.4998,0.4998,0.4998,0.6350,0.5695,0.0369,0.0369,0.0410,0.0369,0.6140,0.7530,0.6750,0.1390,-0.0780,43.68,-11.59,175.1,168.9,0.991,0.146,1.652
1791427899.552479,0.8030,0.6350,0.5695,0.5695,0.3646,0.7006,0.6350,0.7006,0.5695,0.4998,0.6350,0.4998,0.4998,0.1229,0.0205,0.0737,0.0574,0.6140,0.7530,,0.1390,,43.75,-11.61,175.3,168.8,0.949,0.146,1.611
1791427899.584498,0.4998,0.8440,0.7538,0.7006,0.5695,0.8030,0.8030,0.5695,0.6350,0.5695,0.5695,0.4302,0.5695,0.0574,0.0410,0.0574,0.0737,0.6140,0.7500,,0.1360,,43.53,-11.53,175.1,168.7,0.954,0.146,1.625
1791427899.6155934,0.7538,0.6350,0.6350,0.7006,0.4998,0.7006,0.7006,0.5695,0.5695,0.4998,0.5695,0.7006,0.4998,0.0574,0.0410,0.1557,0.0574,0.6140,0.7555,,0.1415,,43.90,-11.70,175.4,169.3,0.924,0.145,1.584
1791427899.6487708,0.7006,0.8030,0.7006,0.5695,0.7006,0.7006,0.7006,0.7538,0.4302,0.7006,0.4302,0.5695,0.4998,0.0737,0.0369,0.1229,0.0574,0.6140,0.7515,,0.1375,,43.77,-11.59,175.5,169.9,0.980,0.145,1.664
1791427899.682981,0.7006,0.7006,0.7538,0.6350,0.5695,0.8440,0.7006,0.5695,0.7538,0.4998,0.3646,0.6350,0.5695,0.0410,0.0737,0.0369,0.0410,0.6180,0.7505,0.6660,0.1325,-0.0845,43.61,-11.65,175.2,169.9,1.004,0.144,1.624
1791427899.7159164,0.8030,0.4998,0.7538,0.5695,0.3646,0.5695,0.7538,0.7006,0.7538,0.5695,0.4998,0.4998,0.4998,0.0574,0.0410,0.0410,0.0369,0.6130,0.7510,,0.1380,,43.30,-11.65,175.2,170.2,0.952,0.146,1.621
1791427899.7498062,0.8030,0.4998,0.7538,0.5695,0.4998,0.7006,0.7538,0.7006,0.6350,0.3646,0.5695,0.4998,0.4998,0.0574,0.0737,0.0942,0.0574,0.6140,0.7510,,0.1370,,42.83,-11.57,175.1,170.1,0.984,0.148,1.691
1791427899.782876,0.6350,0.7006,0.5695,0.6350,0.4998,0.7006,0.7538,0.6350,0.5695,0.6350,0.6350,0.5695,0.4998,0.0737,0.0205,0.0737,0.0737,0.6140,0.7515,,0.1375,,42.41,-11.43,175.2,170.0,1.025,0.151,1.733
1791427899.8230953,0.5695,0.4302,0.5695,0.4998,0.6350,0.7538,0.7006,0.8440,0.7538,0.5695,0.7006,0.5695,0.4998,0.0410,0.0410,0.0410,0.0942,0.6140,0.7505,,0.1365,,42.62,-11.45,175.0,169.7,0.953,0.149,1.598
1791427899.8551302,0.5695,0.8030,0.7538,0.6350,0.4998,0.6350,0.7006,0.5695,0.6350,0.4302,0.5695,0.4998,0.5695,0.0410,0.0574,0.0410,0.0737,0.6140,0.7545,,0.1405,,43.03,-11.64,174.9,169.7,0.930,0.148,1.556
1791427899.8864899,0.8440,0.5695,0.8030,0.7006,0.5695,0.7006,0.7006,0.6350,0.3646,0.6350,0.3646,0.4998,0.4998,0.0574,0.0737,0.0574,0.0164,0.6140,0.7510,,0.1370,,42.67,-11.56,174.6,169.8,0.986,0.149,1.699
1791427899.9184391,0.7538,0.7006,0.5695,0.7006,0.7006,0.7006,0.6350,0.7006,0.8030,0.4302,0.6350,0.5695,0.4998,0.0410,0.0410,0.0942,0.0410,0.6140,0.7505,,0.1365,,42.43,-11.48,175.3,169.8,0.986,0.150,1.653
1791427899.9512348,0.5695,0.4302,0.6350,0.7006,0.5695,0.5695,0.3646,0.5695,0.6350,0.3646,0.5695,0.6350,0.4998,0.0410,0.0410,0.1229,0.0574,0.6140,0.7500,,0.1360,,42.18,-11.48,175.4,170.1,0.955,0.151,1.654
1791427899.9824,0.8767,0.7538,0.7538,0.5695,0.5695,0.8030,0.8440,0.6350,0.7006,0.4998,0.7006,0.5695,0.4998,0.0410,0.0410,0.1229,0.0574,0.6140,0.7510,,0.1370,,42.15,-11.37,175.2,170.1,1.009,0.152,1.681
1791427900.0161004,0.6350,0.7538,0.7538,0.6350,0.6350,0.4302,0.6350,0.5695,0.4998,0.2991,0.4998,0.4302,0.4998,0.0574,0.0246,0.0942,0.0410,0.6130,0.7505,,0.1375,,42.09,-11.37,175.6,170.3,0.969,0.152,1.687
1791427900.049858,0.7538,0.7538,0.6350,0.6350,0.4302,0.7538,0.8030,0.7538,0.7006,0.6350,0.2991,0.4998,0.4998,0.0410,0.0737,0.0410,0.0574,0.6140,0.7505,,0.1365,,42.05,-11.33,175.4,170.3,0.985,0.152,1.707
1791427900.0826607,0.4302,0.7538,0.7538,0.4998,0.5695,0.4998,0.6350,0.2991,0.4302,0.5695,0.5695,0.4998,0.4998,0.0410,0.0737,0.0410,0.0737,0.6140,0.7500,,0.1360,,42.21,-11.44,175.2,169.4,0.918,0.151,1.564
1791427900.1159256,0.4302,0.8030,0.3646,0.5695,0.7006,0.7006,0.5695,0.6350,0.6350,0.3646,0.4998,0.4998,0.4998,0.0737,0.0737,0.0574,0.0737,0.6140,0.7505,,0.1365,,42.69,-11.59,175.2,169.1,0.897,0.148,1.470
1791427900.1502507,0.4998,0.8440,0.8030,0.4302,0.7006,0.6350,0.6350,0.8440,0.4998,0.4998,0.5695,0.5695,0.5695,0.0410,0.0369,0.0574,0.0369,0.6130,0.7535,0.6660,0.1405,-0.0875,42.82,-11.83,174.9,168.5,0.967,0.148,1.625
1791427900.189571,0.7006,0.6350,0.7006,0.7538,0.4302,0.6350,0.7538,0.7006,0.3646,0.2991,0.6350,0.5695,0.4998,0.0410,0.0574,0.0737,0.0410,0.6140,0.7505,,0.1365,,42.68,-11.83,175.5,168.0,0.943,0.149,1.600
1791427900.2211576,0.7538,0.7538,0.7538,0.7006,0.4998,0.4302,0.6350,0.8030,0.5695,0.5695,0.5695,0.4998,0.5695,0.0410,0.0574,0.0737,0.0942,0.6140,0.7550,,0.1410,,43.17,-12.03,174.9,168.0,0.920,0.147,1.521
1791427900.2530363,0.7006,0.8767,0.8030,0.6350,0.7538,0.7006,0.6350,0.5695,0.7006,0.4302,0.6350,0.5695,0.5695,0.0410,0.0574,0.0737,0.0410,0.6140,0.7500,0.6700,0.1360,-0.0800,42.70,-11.98,175.5,168.2,0.959,0.149,1.588
1791427900.284581,0.7538,0.7006,0.6350,0.6350,0.5695,0.8030,0.8030,0.7538,0.7006,0.4302,0.2991,0.5695,0.4302,0.0410,0.0574,0.0737,0.0574,0.6140,0.7510,,0.1370,,42.91,-11.99,175.3,168.3,0.937,0.148,1.616
1791427900.3159986,0.7538,0.7006,0.9054,0.5695,0.7006,0.7538,0.7538,0.8030,0.7538,0.4998,0.4998,0.5695,0.5695,0.0410,0.0369,0.0737,0.0410,0.6130,0.7500,0.6700,0.1370,-0.0800,42.30,-11.79,175.6,168.4,1.025,0.151,1.683
1791427900.3507001,0.7006,0.7538,0.7006,0.7006,0.6350,0.7538,0.8440,0.7006,0.3646,0.4998,0.6350,0.4998,0.4998,0.0737,0.0410,0.0942,0.0205,0.6130,0.7500,,0.1370,,42.26,-11.79,175.8,168.8,0.949,0.151,1.637
1791427900.3826811,0.7538,0.6350,0.5695,0.5695,0.5695,0.5695,0.5695,0.7538,0.7006,0.5695,0.6350,0.5695,0.5695,0.0246,0.0369,0.0942,0.0410,0.6140,0.7550,0.6770,0.1410,-0.0780,42.71,-11.76,175.5,168.6,0.948,0.150,1.608
1791427900.417515,0.6350,0.6350,0.7006,0.7538,0.5695,0.7006,0.7006,0.7006,0.5695,0.4302,0.5695,0.5695,0.5695,0.0410,0.0369,0.0574,0.0942,0.6140,0.7510,0.6670,0.1370,-0.0840,43.11,-11.79,175.6,168.7,0.996,0.147,1.610
1791427900.449809,0.7006,0.6350,0.6350,0.6350,0.4998,0.6350,0.8030,0.4302,0.7006,0.5695,0.4302,0.5695,0.4998,0.0410,0.0574,0.0574,0.0574,0.6140,0.7505,,0.1365,,42.80,-11.79,175.7,168.9,0.950,0.149,1.673
1791427900.4838204,0.8767,0.6350,0.6350,0.6350,0.5695,0.7538,0.6350,0.7538,0.4998,0.6350,0.4998,0.5695,0.4998,0.0369,0.0737,0.0410,0.0737,0.6140,0.7495,,0.1355,,42.18,-11.66,175.4,169.4,0.996,0.151,1.681
1791427900.5235991,0.6350,0.7006,0.4998,0.5695,0.4302,0.8030,0.7006,0.6350,0.4302,0.3646,0.5695,0.4998,0.4998,0.0737,0.0574,0.0737,0.0369,0.6130,0.7525,,0.1395,,42.34,-11.69,175.2,170.9,0.973,0.151,1.679
1791427900.555904,0.9054,0.7006,0.6350,0.6350,0.5695,0.7538,0.7538,0.7538,0.4302,0.4302,0.5695,0.5695,0.4998,0.0369,0.0410,0.0369,0.0410,0.6140,0.7495,,0.1355,,42.10,-11.71,175.0,172.1,0.938,0.152,1.594
1791427900.5877404,0.7006,0.6350,0.6350,0.4998,0.5695,0.7006,0.7006,0.7538,0.4998,0.3646,0.6350,0.6350,0.5695,0.0410,0.0410,0.0574,0.0574,0.6140,0.7525,0.6750,0.1385,-0.0775,42.09,-11.65,175.0,171.9,0.959,0.152,1.671
1791427900.6191118,0.6350,0.7538,0.6350,0.7006,0.5695,0.6350,0.6350,0.7006,0.4998,0.4998,0.4998,0.4998,0.5695,0.0410,0.0205,0.0574,0.0369,0.6140,0.7505,,0.1365,,42.46,-11.70,175.1,170.4,0.933,0.150,1.575
1791427900.6507943,0.7538,0.8030,0.6350,0.7006,0.6350,0.7538,0.7006,0.6350,0.6350,0.6350,0.5695,0.6350,0.4998,0.0410,0.0737,0.0369,0.0410,0.6140,0.7500,,0.1360,,42.45,-11.70,175.3,170.2,0.943,0.150,1.594
1791427900.6840432,0.5695,0.5695,0.4302,0.5695,0.5695,0.5695,0.6350,0.7538,0.6350,0.4302,0.7006,0.5695,0.4998,0.0410,0.0574,0.0942,0.0410,0.6140,0.7490,,0.1350,,42.52,-11.62,175.2,170.0,0.968,0.149,1.618
1791427900.7168999,0.8030,0.8440,0.7006,0.7006,0.4302,0.6350,0.8030,0.6350,0.7538,0.4302,0.5695,0.6350,0.4998,0.0410,0.0369,0.0369,0.0164,0.6130,0.7510,,0.1380,,42.52,-11.72,175.2,170.7,0.919,0.149,1.568
1791427900.7506495,0.4998,0.7006,0.5695,0.6350,0.5695,0.6350,0.8030,0.7006,0.6350,0.4302,0.5695,0.4302,0.4998,0.0574,0.0574,0.0942,0.0410,0.6130,0.7500,,0.1370,,42.74,-11.83,175.5,170.0,0.896,0.148,1.501
1791427900.7838438,0.6350,0.7538,0.7006,0.8030,0.5695,0.8030,0.7538,0.8030,0.5695,0.2458,0.6350,0.5695,0.4998,0.0410,0.0369,0.0369,0.0369,0.6130,0.7535,,0.1405,,43.17,-11.89,176.1,170.6,0.951,0.147,1.647
1791427900.8166273,0.5695,0.8030,0.7538,0.5695,0.6350,0.7538,0.6350,0.5695,0.5695,0.3646,0.7006,0.5695,0.4998,0.0737,0.0574,0.0737,0.0369,0.6190,0.7525,,0.1335,,43.20,-11.91,175.9,170.6,0.948,0.146,1.564
1791427900.857583,0.6350,0.7538,0.6350,0.6350,0.6350,0.4998,0.7538,0.7006,0.4302,0.3646,0.5695,0.4998,0.4998,0.0574,0.0410,0.0737,0.0369,0.6130,0.7515,,0.1385,,43.04,-11.88,175.9,169.9,0.959,0.147,1.629
1791427900.8891413,0.4998,0.4998,0.8030,0.6350,0.3646,0.7006,0.6350,0.2458,0.7006,0.3646,0.6350,0.5695,0.4302,0.0574,0.0737,0.0737,0.0410,0.6140,0.7515,,0.1375,,43.50,-11.85,175.3,169.9,0.956,0.145,1.562
1791427900.9205022,0.4302,0.7006,0.6350,0.7006,0.5695,0.7006,0.7006,0.6350,0.6350,0.2991,0.4998,0.5695,0.4302,0.0123,0.0574,0.0574,0.0574,0.6140,0.7520,,0.1380,,42.68,-11.56,175.4,169.3,1.078,0.149,1.840
1791427900.952361,0.4302,0.7006,0.7006,0.6350,0.6350,0.5695,0.7006,0.7538,0.7006,0.3646,0.6350,0.5695,0.4998,0.0574,0.1229,0.0737,0.0942,0.6140,0.7505,,0.1365,,42.87,-11.69,175.6,170.0,0.909,0.148,1.544
1791427900.9838965,0.4998,0.7006,0.6350,0.7006,0.4998,0.7006,0.6350,0.7006,0.5695,0.4302,0.4998,0.6350,0.4998,0.0410,0.0369,0.0410,0.0410,0.6130,0.7505,,0.1375,,42.71,-11.60,175.5,169.4,0.985,0.149,1.663
1791427901.0173757,0.5695,0.7538,0.7006,0.8030,0.6350,0.7006,0.5695,0.7006,0.6350,0.4302,0.2458,0.5695,0.4998,0.0410,0.0737,0.0737,0.0410,0.6140,0.7515,,0.1375,,42.95,-11.58,175.8,168.8,0.981,0.148,1.700
1791427901.0504594,0.8030,0.7006,0.6350,0.6350,0.5695,0.6350,0.7538,0.8030,0.6350,0.3646,0.5695,0.4998,0.5695,0.0574,0.0410,0.0574,0.0574,0.6130,0.7490,,0.1360,,43.05,-11.67,175.5,167.9,0.902,0.147,1.513
1791427901.0834587,0.5695,0.8030,0.4998,0.7006,0.6350,0.7538,0.4998,0.7538,0.4302,0.4998,0.5695,0.4998,0.5695,0.0574,0.0574,0.1229,0.0737,0.6130,0.7525,,0.1395,,42.75,-11.47,175.9,167.8,1.063,0.149,1.788
1791427901.1177335,0.6350,0.7538,0.8030,0.5695,0.5695,0.6350,0.5695,0.8440,0.4302,0.5695,0.7006,0.4998,0.4998,0.0574,0.0737,0.0574,0.0737,0.6140,0.7500,,0.1360,,43.01,,175.5,167.9,0.907,0.147,1.530
1791427901.1587055,0.5695,0.4998,0.4998,0.4998,0.5695,0.8030,0.7006,0.5695,0.5695,0.4302,0.5695,0.4998,0.4998,0.0574,0.0205,0.0942,0.0737,0.6140,0.7505,,0.1365,,43.12,,175.5,168.0,0.962,0.146,1.572
1791427901.1895273,0.8030,0.8030,0.7538,0.6350,0.5695,0.4998,0.5695,0.5695,0.6350,0.4998,0.7006,0.5695,0.4998,0.0574,0.0410,0.0574,0.0410,0.6140,0.7515,,0.1375,,43.02,,175.3,168.3,1.015,0.147,1.694
1791427901.2216647,0.7006,0.8030,0.7006,0.7006,0.4998,0.5695,0.6350,0.4998,0.6350,0.5695,0.5695,0.4998,0.4302,0.1229,0.0574,0.0574,0.0737,0.6180,0.7560,,0.1380,,43.29,,175.0,167.9,0.951,0.146,1.537
1791427901.2545474,0.5695,0.7006,0.6350,0.7006,0.5695,0.8030,0.6350,0.7538,0.6350,0.4302,0.5695,0.5695,0.5695,0.0369,0.0410,0.0410,0.0410,0.6140,0.7515,0.6750,0.1375,-0.0765,43.45,-11.57,174.9,168.6,0.973,0.145,1.616
1791427901.284949,0.7538,0.6350,0.6350,0.6350,0.6350,0.7006,0.7538,0.4998,0.5695,0.4302,0.4998,0.5695,0.4998,0.0942,0.0942,0.0410,0.0737,0.6130,0.7525,,0.1395,,43.31,-11.57,175.0,169.3,0.978,0.146,1.668
1791427901.3182366,0.6350,0.6350,0.7538,0.4998,0.7006,0.7538,0.7006,0.8030,0.4998,0.3646,0.6350,0.5695,0.6350,0.0574,0.0205,0.0942,0.1557,0.6130,0.7555,0.6770,0.1425,-0.0785,43.32,-11.32,174.8,169.3,1.069,0.147,1.769
1791427901.3504357,0.8030,0.6350,0.7006,0.5695,0.7006,0.7006,0.6350,0.7538,0.4998,0.4998,0.7006,0.5695,0.4998,0.0737,0.0410,0.0942,0.0410,0.6140,0.7500,,0.1360,,43.37,-11.35,174.8,168.7,0.941,0.146,1.561
1791427901.3847973,0.8440,0.7538,0.7006,0.7538,0.6350,0.6350,0.6350,0.8030,0.6350,0.5695,0.5695,0.5695,0.4998,0.1229,0.0205,0.1229,0.0410,0.6130,0.7505,,0.1375,,43.47,-11.44,176.2,169.6,0.923,0.146,1.575
1791427901.4183455,0.7538,0.7538,0.8030,0.6350,0.5695,0.7006,0.5695,0.5695,0.4998,0.4998,0.4302,0.5695,0.5695,0.0574,0.0410,0.0410,0.0369,0.6140,0.7525,0.6730,0.1385,-0.0795,43.80,-11.50,175.8,169.8,0.957,0.144,1.593
1791427901.451505,0.7538,0.7006,0.6350,0.6350,0.4998,0.5695,0.5695,0.7006,0.5695,0.4998,0.4998,0.5695,0.4998,0.0410,0.0737,0.0574,0.0410,0.6130,0.7525,,0.1395,,43.93,-11.59,175.3,169.1,0.935,0.144,1.547
1791427901.4914641,0.7538,0.7006,0.6350,0.4998,0.4998,0.8030,0.7538,0.7538,0.5695,0.3646,0.5695,0.4998,0.5695,0.0410,0.0246,0.0410,0.0574,0.6140,0.7510,,0.1370,,43.74,-11.57,175.4,169.8,0.956,0.144,1.587
1791427901.5237756,0.5695,0.5695,0.7006,0.6350,0.2991,0.5695,0.7006,0.7006,0.7538,0.4998,0.5695,0.4998,0.4998,0.0574,0.0410,0.1229,0.0574,0.6140,0.7495,,0.1355,,43.12,-11.51,175.4,169.8,0.954,0.147,1.626
1791427901.5557375,0.8440,0.7538,0.8030,0.5695,0.7538,0.7006,0.7006,0.5695,0.5695,0.4998,0.4302,0.5695,0.4998,0.0737,0.0369,0.0942,0.0737,0.6140,0.7510,,0.1370,,42.93,-11.33,175.5,169.4,1.033,0.148,1.695
1791427901.5865812,0.8030,0.6350,0.5695,0.7538,0.4998,0.5695,0.5695,0.7538,0.5695,0.2991,0.6350,0.5695,0.4302,0.0574,0.0410,0.0942,0.0574,0.6130,0.7540,,0.1410,,43.77,-11.51,175.5,169.5,0.929,0.144,1.590
1791427901.618721,0.7538,0.6350,0.8030,0.5695,0.4302,0.6350,0.8030,0.8440,0.5695,0.4998,0.4998,0.5695,0.4998,0.0410,0.0410,0.0737,0.0369,0.6140,0.7510,,0.1370,,43.25,-11.28,175.8,170.2,1.054,0.147,1.748
1791427901.6510217,0.7538,0.7006,0.8440,0.7538,0.4998,0.7006,0.4998,0.7538,0.4998,0.4998,0.5695,0.4998,0.4998,0.1229,0.0574,0.0410,0.0410,0.6130,0.7500,,0.1370,,43.02,-11.21,175.6,170.3,0.990,0.148,1.730
1791427901.6843643,0.7006,0.6350,0.4998,0.4998,0.4998,0.6350,0.7538,0.7006,0.6350,0.4998,0.4998,0.4998,0.4998,0.0737,0.0246,0.0737,0.0737,0.6130,0.7495,,0.1365,,43.15,-11.35,175.6,170.1,0.900,0.147,1.575
1791427901.717893,0.7538,0.8030,0.8440,0.6350,0.5695,0.6350,0.7006,0.7538,0.7006,0.4302,0.4302,0.6350,0.4998,0.0410,0.0574,0.1557,0.0369,0.6120,0.7500,,0.1380,,42.99,-11.30,175.5,170.7,0.977,0.148,1.635
1791427901.7511919,0.6350,0.6350,0.6350,0.6350,0.4998,0.4998,0.7006,0.7006,0.7006,0.6350,0.5695,0.4998,0.4998,0.0574,0.0369,0.0574,0.0410,0.6130,0.7555,,0.1425,,43.73,-11.45,175.2,170.6,0.962,0.145,1.590
1791427901.792938,0.7006,0.7006,0.7006,0.6350,0.5695,0.7538,0.8440,0.7538,0.5695,0.3646,0.4998,0.5695,0.4998,0.0737,0.0737,0.1229,0.0164,0.6140,0.7515,,0.1375,,43.73,-11.41,175.0,169.7,0.981,0.145,1.675
1791427901.8249347,0.7006,0.6350,0.6350,0.4302,0.6350,0.7538,0.8030,0.7006,0.7006,0.4302,0.5695,0.5695,0.5695,0.0410,0.0369,0.0369,0.0369,0.6130,0.7540,0.6700,0.1410,-0.0840,43.97,-11.58,175.2,169.9,0.967,0.144,1.619
1791427901.8559308,0.6350,0.8030,0.6350,0.7006,0.5695,0.7006,0.5695,0.7006,0.7006,0.3646,0.6350,0.4998,0.5695,0.0942,0.0942,0.0942,0.0369,0.6130,0.7495,,0.1365,,43.88,-11.50,175.3,169.1,0.972,0.144,1.631
1791427901.8883972,0.7538,0.6350,0.6350,0.7538,0.5695,0.5695,0.5695,0.6350,0.7538,0.4302,0.6350,0.5695,0.4998,0.0737,0.0410,0.0574,0.0246,0.6120,0.7495,,0.1375,,43.35,-11.55,175.6,170.2,0.924,0.146,1.618
1791427901.919566,0.8440,0.7006,0.5695,0.7006,0.4998,0.7538,0.6350,0.7006,0.4998,0.4302,0.5695,0.5695,0.4998,0.0574,0.0737,0.0737,0.0574,0.6120,0.7500,,0.1380,,43.24,-11.62,176.0,169.9,0.915,0.147,1.572
1791427901.9519966,0.8440,0.6350,0.5695,0.5695,0.7006,0.7538,0.7006,0.6350,0.4998,0.4302,0.4998,0.7006,0.4998,0.0410,0.0164,0.0410,0.0410,0.6110,0.7500,,0.1390,,43.37,-11.61,176.1,169.8,0.945,0.146,1.547
1791427901.985125,0.7006,0.7006,0.6350,0.6350,0.4998,0.6350,0.4998,0.6350,0.5695,0.2458,0.5695,0.4998,0.4998,0.0164,0.0737,0.0574,0.0410,0.6110,0.7525,,0.1415,,43.30,-11.62,175.4,169.8,0.969,0.147,1.686
1791427902.0194962,0.8030,0.7006,0.6350,0.7538,0.5695,0.5695,0.6350,0.8030,0.7006,0.3646,0.4998,0.4998,0.5695,0.0737,0.0737,0.0942,0.0410,0.6130,0.7500,,0.1370,,43.44,-11.65,175.8,169.9,0.929,0.146,1.610
1791427902.0518708,0.8030,0.6350,0.5695,0.6350,0.5695,0.7538,0.5695,0.7538,0.5695,0.5695,0.5695,0.5695,0.4998,0.0410,0.0410,0.0942,0.0574,0.6120,0.7500,,0.1380,,42.91,-11.48,175.8,169.1,1.009,0.149,1.720
1791427902.0845118,0.8030,0.6350,0.7006,0.7006,0.6350,0.6350,0.5695,0.7006,0.5695,0.3646,0.6350,0.6350,0.4998,0.0574,0.0574,0.0574,0.0410,0.6110,0.7510,,0.1400,,43.37,-11.58,175.6,169.0,0.921,0.147,1.570
1791427902.12552,0.4998,0.7006,0.7006,0.6350,0.4998,0.7006,0.6350,0.7006,0.4998,0.4302,0.5695,0.4998,0.4998,0.0369,0.0369,0.0574,0.0574,0.6140,0.7510,,0.1370,,42.82,-11.36,175.7,168.9,1.053,0.149,1.755
1791427902.1573071,0.7006,0.7006,0.6350,0.6350,0.3646,0.6350,0.6350,0.6350,0.6350,0.5695,0.5695,0.5695,0.4998,0.0574,0.0410,0.0369,0.0410,0.6130,0.7610,,0.1480,,43.91,-11.72,174.8,168.5,0.940,0.146,1.547
1791427902.1898544,0.7006,0.7538,0.7538,0.4302,0.6350,0.7538,0.4998,0.5695,0.2991,0.7006,0.4998,0.4998,0.4998,0.0737,0.0574,0.0737,0.0574,0.6140,0.7500,,0.1360,,43.24,-11.61,174.9,168.5,0.980,0.148,1.677
1791427902.2218287,0.6350,0.7006,0.7538,0.5695,0.4998,0.7006,0.7538,0.8767,0.4998,0.2991,0.1966,0.5695,0.4998,0.0737,0.0574,0.0574,0.0410,0.6120,0.7500,,0.1380,,43.05,-11.53,174.9,168.5,0.973,0.149,
1791427902.2521687,0.7006,0.7006,0.8030,0.4998,0.3646,0.7538,0.6350,0.7006,0.4998,0.3646,0.5695,0.4998,0.4998,0.0369,0.0369,0.0942,0.0369,0.6120,0.7500,,0.1380,,42.96,-11.49,174.8,168.4,0.965,0.149,1.653
1791427902.2852726,0.7538,0.8030,0.6350,0.6350,0.5695,0.7538,0.4998,0.8440,0.8440,0.5695,0.4998,0.4998,0.5695,0.0410,0.0574,0.0737,0.0737,0.6120,0.7500,,0.1380,,42.86,-11.51,174.9,169.1,0.943,0.150,1.618
1791427902.3194997,0.7538,0.6350,0.6350,0.7006,0.5695,0.7006,0.7538,0.7006,0.7006,0.4302,0.7006,0.5695,0.5695,0.0574,0.0737,0.0574,0.0410,0.6190,0.7505,0.6960,0.1315,-0.0545,43.07,-10.93,175.3,169.0,0.915,0.147,1.564
1791427902.3521445,0.5695,0.8030,0.7006,0.7006,0.4302,0.7538,0.8030,0.7006,0.5695,0.3646,0.4998,0.5695,0.4998,0.0574,0.0410,0.0410,0.0737,0.6130,0.7565,,0.1435,,43.66,-10.98,175.1,169.5,1.005,0.145,1.627
1791427902.3854802,0.6350,0.6350,0.6350,0.7006,0.5695,0.6350,0.8030,0.7006,0.5695,0.4998,0.5695,0.5695,0.4998,0.0574,0.0574,0.0942,0.0410,0.6130,0.7495,,0.1365,,43.30,-10.91,175.1,167.9,0.961,0.147,1.557
1791427902.4195018,0.7538,0.9054,0.7006,0.5695,0.4302,0.6350,0.6350,0.7006,0.5695,0.4998,0.4998,0.5695,0.4998,0.0737,0.0410,0.0737,0.0574,0.6120,0.7510,,0.1390,,43.44,-10.87,175.4,168.1,0.973,0.146,1.617
1791427902.4595554,0.7006,0.5695,0.4998,0.4998,0.4998,0.5695,0.5695,0.8030,0.5695,0.5695,0.5695,0.5695,0.4998,0.0369,0.0574,0.0574,0.0410,0.6140,0.7510,,0.1370,,43.50,-10.84,175.0,168.7,0.976,0.145,1.597
1791427902.490661,0.6350,0.7006,0.7006,0.6350,0.6350,0.5695,0.7006,0.7006,0.7006,0.4302,0.4302,0.5695,0.4998,0.0410,0.0410,0.0369,0.0574,0.6140,0.7500,,0.1360,,43.48,-10.87,175.2,168.8,0.935,0.145,1.605
1791427902.5226254,0.5695,0.7006,0.5695,0.6350,0.4302,0.8030,0.7006,0.6350,0.6350,0.4302,0.6350,0.5695,0.4998,0.0942,0.0410,0.1229,0.0369,0.6130,0.7505,,0.1375,,43.84,-10.86,175.7,168.3,0.957,0.143,1.606
1791427902.554478,0.7538,0.8440,0.4998,0.5695,0.4302,0.5695,0.7538,0.7006,0.7006,0.6350,0.4998,0.4998,0.4998,0.0574,0.0164,0.0410,0.0369,0.6120,0.7495,,0.1375,,43.08,-10.77,175.4,170.8,0.982,0.147,1.807
1791427902.5867894,0.8030,0.8767,0.8440,0.7538,0.7006,0.7006,0.6350,0.7538,0.7006,0.4998,0.4302,0.4998,0.4998,0.0942,0.0574,0.1229,0.0369,0.6180,0.7490,,0.1310,,43.21,-10.85,175.1,169.9,0.903,0.145,1.534
1791427902.6191204,0.8030,0.8440,0.7538,0.4998,0.4998,0.4998,0.4998,0.7538,0.4302,0.3646,0.5695,0.5695,0.5695,0.0574,0.0246,0.0410,0.0369,0.6100,0.7495,0.6680,0.1395,-0.0815,42.76,-11.01,175.3,169.8,0.990,0.148,1.652
1791427902.6529195,0.5695,0.6350,0.5695,0.6350,0.7006,0.7538,0.7538,0.6350,0.6350,0.5695,0.7538,0.5695,0.4998,0.0574,0.0246,0.0574,0.0574,0.6130,0.7520,,0.1390,,43.59,-11.18,174.7,169.1,0.911,0.144,1.474
1791427902.686374,0.7006,0.8767,0.5695,0.8030,0.4998,0.7006,0.7006,0.8030,0.5695,0.1966,0.5695,0.5695,0.5695,0.0369,0.0164,0.0737,0.0574,0.6130,0.7510,0.6720,0.1380,-0.0790,43.88,-11.29,174.6,168.2,0.952,0.143,1.572
1791427902.7192543,0.8030,0.7006,0.7538,0.5695,0.5695,0.7538,0.7538,0.4998,0.4998,0.4998,0.4998,0.5695,0.4998,0.0369,0.0574,0.0737,0.0369,0.6140,0.7500,,0.1360,,43.48,-11.28,175.7,167.6,0.945,0.145,1.625
1791427902.7525804,0.7538,0.8440,0.7006,0.5695,0.3646,0.5695,0.7538,0.8030,0.4998,0.4998,0.4302,0.5695,0.5695,0.0123,0.0410,0.0942,0.0737,0.6120,0.7510,0.6650,0.1390,-0.0860,43.45,-11.36,176.4,167.2,1.045,0.145,1.675
1791427902.7933068,0.6350,0.8440,0.6350,0.5695,0.5695,0.5695,0.7006,0.7006,0.4302,0.5695,0.4302,0.6350,0.4998,0.0410,0.0410,0.0737,0.0574,0.6120,0.7505,,0.1385,,43.11,-11.35,176.1,167.3,0.968,0.147,1.668
1791427902.8257933,0.8030,0.8030,0.6350,0.7006,0.6350,0.8767,0.6350,0.5695,0.8440,0.4302,0.4998,0.4998,0.4998,0.0574,0.0410,0.0410,0.0410,0.6120,0.7500,,0.1380,,42.42,-11.31,176.1,167.9,0.979,0.151,1.688
1791427902.8571436,0.7538,0.8030,0.8030,0.7006,0.4998,0.7538,0.6350,0.8030,0.5695,0.4998,0.5695,0.5695,0.5695,0.0410,0.0574,0.0410,0.0369,0.6120,0.7485,0.6860,0.1365,-0.0625,42.39,-10.94,176.4,168.3,0.946,0.151,1.653
1791427902.8875477,0.7538,0.8030,0.7006,0.5695,0.4998,0.7006,0.7006,0.5695,0.4998,0.6350,0.4998,0.5695,0.4998,0.0410,0.0369,0.0369,0.0410,0.6130,0.7505,,0.1375,,42.55,-10.92,176.3,168.7,0.980,0.150,1.658
1791427902.9200594,0.7538,0.7538,0.6350,0.7006,0.4302,0.5695,0.7538,0.7006,0.7006,0.4302,0.6350,0.6350,0.4302,0.0574,0.0410,0.1557,0.0369,0.6130,0.7505,,0.1375,,42.64,-10.87,176.5,168.7,0.994,0.149,1.685
1791427902.953183,0.7006,0.7538,0.7538,0.7006,0.6350,0.7538,0.7006,0.7006,0.6350,0.3646,0.4302,0.4998,0.4998,0.0410,0.0164,0.0737,0.0410,0.6150,0.7540,,0.1390,,43.26,-11.12,176.5,168.3,0.908,0.146,1.544
1791427902.986717,0.6350,0.7006,0.7538,0.5695,0.5695,0.7006,0.6350,0.7006,0.7538,0.5695,0.4998,0.6350,0.4998,0.0369,0.0737,0.0410,0.0574,0.6120,0.7500,,0.1380,,43.29,-11.10,176.5,167.9,0.959,0.146,1.548
1791427903.0205176,0.4998,0.7538,0.7006,0.7006,0.5695,0.8030,0.7006,0.7538,0.7538,0.4998,0.4302,0.4998,0.4998,0.1229,0.0205,0.0737,0.0410,0.6130,0.7525,,0.1395,,43.84,-11.11,176.0,167.3,0.977,0.144,1.632
1791427903.0530932,0.6350,0.6350,0.8030,0.5695,0.6350,0.7006,0.5695,0.5695,0.7538,0.4998,0.5695,0.5695,0.5695,0.0574,0.0410,0.1229,0.0942,0.6120,0.7505,0.6700,0.1385,-0.0805,43.78,-11.23,176.0,167.6,0.973,0.144,1.583
1791427903.0935204,0.6350,0.8030,0.7538,0.6350,0.4998,0.7006,0.6350,0.5695,0.6350,0.3646,0.5695,0.4998,0.4302,0.0737,0.0574,0.0574,0.0410,0.6130,0.7515,,0.1385,,44.11,-11.39,175.5,167.9,0.902,0.143,1.490
1791427903.1262376,0.6350,0.7538,0.7538,0.5695,0.6350,0.5695,0.7006,0.7538,0.6350,0.3646,0.4998,0.5695,0.4998,0.0737,0.0410,0.0737,0.0737,0.6130,0.7505,,0.1375,,44.21,-11.42,175.5,168.2,0.932,0.142,1.605
1791427903.1568809,0.5695,0.6350,0.6350,0.6350,0.4302,0.7538,0.5695,0.7006,0.6350,0.4998,0.5695,0.6350,0.5695,0.0246,0.0246,0.0369,0.0410,0.6130,0.7530,0.6720,0.1400,-0.0810,44.63,-11.56,175.2,168.1,0.940,0.140,1.562
1791427903.187618,0.5695,0.6350,0.7006,0.8030,0.7006,0.7006,0.5695,0.7006,0.7538,0.4302,0.4998,0.4302,0.5695,0.0246,0.0246,0.0737,0.0737,0.6130,0.7490,,0.1360,,44.56,-11.56,174.9,168.3,0.919,0.140,1.608
1791427903.2199283,0.7006,0.4998,0.4998,0.7538,0.2991,0.6350,0.7006,0.7538,0.8440,0.4302,0.4302,0.5695,0.5695,0.0410,0.0737,0.0942,0.0410,0.6180,0.7510,0.6720,0.1330,-0.0790,44.36,-11.52,175.1,168.8,0.982,0.140,1.614
1791427903.2536986,0.8030,0.7006,0.4998,0.6350,0.4302,0.7006,0.8030,0.5695,0.2991,0.2991,0.4302,0.6350,0.4998,0.0574,0.0246,0.0410,0.0410,0.6140,0.7515,,0.1375,,44.99,-11.68,175.3,168.1,0.892,0.137,1.417
1791427903.2867181,0.4998,0.6350,0.7006,0.7006,0.7006,0.7006,0.6350,0.7538,0.6350,0.3646,0.6350,0.5695,0.4998,0.0574,0.0369,0.0737,0.0410,0.6120,0.7505,,0.1385,,44.54,-11.59,175.4,168.6,0.968,0.140,1.624
1791427903.3203833,0.7006,0.5695,0.8030,0.4302,0.4302,0.7006,0.7538,0.7006,0.8030,0.4998,0.4998,0.5695,0.4998,0.0574,0.0410,0.0574,0.0410,0.6140,0.7505,,0.1365,,44.51,-11.56,175.3,167.7,0.951,0.140,1.502
1791427903.3536756,0.8440,0.7006,0.8440,0.5695,0.5695,0.4998,0.7006,0.8030,0.7006,0.4302,0.4302,0.5695,0.4998,0.0410,0.0574,0.1557,0.0737,0.6120,0.7495,,0.1375,,44.29,-11.59,175.2,167.1,0.915,0.141,1.540
1791427903.3943517,0.7538,0.5695,0.6350,0.5695,0.2458,0.6350,0.7006,0.7006,0.8030,0.4998,0.4998,0.7006,0.5695,0.0942,0.0410,0.0410,0.0410,0.6140,0.7510,0.6760,0.1370,-0.0750,43.68,-11.35,175.2,167.4,1.015,0.144,1.726
1791427903.4276023,0.7006,0.7538,0.7538,0.5695,0.5695,0.7538,0.6350,0.8030,0.8030,0.4998,0.5695,0.4998,0.5695,0.0246,0.0942,0.0410,0.0246,0.6140,0.7510,,0.1370,,43.92,-11.38,175.3,167.8,0.947,0.142,1.553
1791427903.4585192,0.7538,0.6350,0.8030,0.5695,0.5695,0.6350,0.5695,0.8767,0.3646,0.3646,0.5695,0.6350,0.5695,0.0942,0.0410,0.1229,0.0410,0.6130,0.7525,0.6650,0.1395,-0.0875,44.24,-11.73,174.9,168.7,0.935,0.141,1.533
1791427903.4902358,0.6350,0.5695,0.5695,0.6350,0.5695,0.7006,0.7538,0.6350,0.5695,0.3646,0.4998,0.5695,0.5695,0.0410,0.0410,0.0737,0.0369,0.6130,0.7550,0.6710,0.1420,-0.0840,44.79,-11.77,174.9,168.9,0.997,0.140,1.619
1791427903.521002,0.6350,0.6350,0.5695,0.6350,0.5695,0.7006,0.8440,0.8030,0.4302,0.4998,0.5695,0.6350,0.4302,0.0737,0.0369,0.0574,0.0410,0.6120,0.7495,,0.1375,,44.52,-11.84,174.9,169.3,0.900,0.141,1.643
1791427903.5541475,0.8030,0.7006,0.7538,0.5695,0.6350,0.6350,0.6350,0.7538,0.7538,0.4302,0.4998,0.4998,0.4998,0.0737,0.0410,0.0942,0.0410,0.6120,0.7490,,0.1370,,44.08,-11.81,175.9,169.8,0.931,0.143,1.707
1791427903.586483,0.6350,0.7538,0.8030,0.5695,0.4998,0.7538,0.7538,0.7006,0.5695,0.4998,0.4998,0.4302,0.4998,0.1229,0.0574,0.0942,0.0410,0.6110,0.7490,,0.1380,,43.70,-11.95,175.8,169.5,0.866,0.144,1.574
1791427903.6207607,0.6350,0.6350,0.7538,0.7006,0.7006,0.7538,0.7538,0.5695,0.5695,0.4302,0.4302,0.5695,0.4998,0.0737,0.0410,0.0410,0.0369,0.6130,0.7490,,0.1360,,43.81,-11.83,175.8,168.9,0.957,0.143,1.609
1791427903.6546488,0.7538,0.7538,0.8440,0.7006,0.4302,0.7006,0.7006,0.7006,0.7006,0.4998,0.6350,0.5695,0.4998,0.0410,0.0410,0.0737,0.0410,0.6130,0.7500,,0.1370,,43.68,-11.74,175.6,170.5,0.969,0.144,1.670
1791427903.6871905,0.6350,0.6350,0.8030,0.6350,0.4302,0.7006,0.7006,0.8030,0.2991,0.4998,0.6350,0.4998,0.4998,0.0369,0.0410,0.0410,0.0164,0.6110,0.7515,,0.1405,,43.76,-11.77,175.6,170.0,0.943,0.144,1.594
1791427903.7286355,0.7538,0.4998,0.7538,0.7006,0.7538,0.7006,0.8030,0.7006,0.6350,0.5695,0.4998,0.5695,0.4998,0.0369,0.0410,0.0574,0.0410,0.6120,0.7500,,0.1380,,43.31,-11.52,175.5,169.9,1.040,0.146,1.737
1791427903.759792,0.8030,0.7538,0.7006,0.6350,0.7006,0.6350,0.7006,0.6350,0.6350,0.4302,0.4302,0.4998,0.4998,0.0574,0.0410,0.0410,0.0246,0.6110,0.7495,,0.1385,,42.96,-11.48,176.4,169.5,0.970,0.148,1.636
1791427903.7912867,0.6350,0.4998,0.6350,0.5695,0.4998,0.7006,0.6350,0.7538,0.7006,0.4302,0.4998,0.4302,0.4998,0.0942,0.0410,0.1229,0.0410,0.6130,0.7530,,0.1400,,43.16,-11.25,176.4,169.4,1.100,0.148,1.751
1791427903.8233442,0.6350,0.8030,0.6350,0.7538,0.6350,0.6350,0.4998,0.4998,0.6350,0.4998,0.5695,0.5695,0.4998,0.0574,0.0574,0.2458,0.0369,0.6130,0.7500,,0.1370,,43.00,-11.30,176.2,169.2,0.956,0.148,1.629
1791427903.8548133,0.5695,0.7538,0.7538,0.4998,0.4998,0.5695,0.7538,0.5695,0.5695,0.3646,0.4998,0.4998,0.4998,0.0942,0.0369,0.0369,0.0369,0.6120,0.7510,,0.1390,,43.29,-11.35,176.1,169.9,0.966,0.147,1.625
1791427903.887401,0.8030,0.8030,0.7538,0.7538,0.3646,0.8030,0.7538,0.6350,0.6350,0.5695,0.4998,0.6350,0.5695,0.0574,0.0205,0.0574,0.0737,0.6130,0.7490,0.6770,0.1360,-0.0720,43.49,-11.31,175.9,170.6,0.914,0.145,1.575
1791427903.9211435,0.5695,0.8767,0.7538,0.6350,0.5695,0.6350,0.9054,0.6350,0.4998,0.4302,0.4998,0.4998,0.5695,0.0410,0.0205,0.0574,0.0369,0.6130,0.7510,,0.1380,,43.52,-11.22,175.8,170.8,1.017,0.145,1.678
1791427903.9544299,0.7538,0.6350,0.4998,0.5695,0.6350,0.3646,0.7538,0.8030,0.4302,0.4998,0.5695,0.5695,0.4998,0.0942,0.0246,0.0574,0.0574,0.6130,0.7540,,0.1410,,43.85,-11.38,175.8,170.7,0.949,0.144,1.641
1791427903.9877732,0.5695,0.7006,0.6350,0.6350,0.6350,0.6350,0.7006,0.7006,0.6350,0.4302,0.5695,0.6350,0.5695,0.0737,0.0574,0.0574,0.0737,0.6130,0.7505,0.6700,0.1375,-0.0805,43.06,-11.30,175.7,170.6,1.037,0.148,1.785
1791427904.0213072,0.7538,0.7006,0.8030,0.5695,0.3646,0.8030,0.7006,0.7538,0.5695,0.4998,0.2458,0.4998,0.4998,0.0737,0.0205,0.1557,0.0737,0.6110,0.7510,,0.1400,,42.95,-11.41,176.3,170.4,0.936,0.149,1.733
1791427904.0606325,0.6350,0.7538,0.6350,0.6350,0.4998,0.8030,0.7538,0.7538,0.5695,0.3646,0.6350,0.6350,0.4998,0.0410,0.0369,0.0737,0.0410,0.6120,0.7505,,0.1385,,42.59,-11.29,176.1,170.9,1.018,0.151,1.737
1791427904.0937324,0.5695,0.7538,0.6350,0.6350,0.1557,0.6350,0.8767,0.8030,0.6350,0.4302,0.4998,0.5695,0.4302,0.0942,0.0737,0.0737,0.0737,0.6120,0.7510,,0.1390,,43.20,-11.37,176.1,170.1,0.949,0.148,1.553
1791427904.124868,0.7006,0.8440,0.7006,0.6350,0.5695,0.6350,0.8030,0.6350,0.7006,0.4302,0.5695,0.6350,0.4998,0.0574,0.0246,0.0574,0.0737,0.6130,0.7510,,0.1380,,43.42,-11.34,176.2,169.3,0.990,0.146,1.653
1791427904.1559167,0.8030,0.8030,0.7538,0.6350,0.6350,0.2991,0.5695,0.7006,0.7538,0.4302,0.5695,0.5695,0.4998,0.0737,0.0410,0.0574,0.0574,0.6140,,,,,43.42,-11.34,176.2,169.3,,,
1791427904.1874037,0.7538,0.4998,0.7006,0.8030,0.4998,0.6350,0.7006,0.7538,0.7006,0.4998,0.5695,0.4998,0.4998,0.0574,0.0205,0.0737,0.0410,0.6120,0.7525,,0.1405,,43.30,-11.31,175.9,169.5,1.016,0.147,1.749
1791427904.2218323,0.6350,0.4998,0.5695,0.7006,0.4302,0.6350,0.8767,0.7006,0.7006,0.4302,0.4302,0.4998,0.4998,0.0410,0.0369,0.0410,0.0410,0.6120,0.7545,,0.1425,,43.84,-11.56,175.3,169.6,0.913,0.145,1.573
1791427904.253977,0.8440,0.7538,0.8030,0.7006,0.6350,0.7538,0.7538,0.7538,0.7006,0.7006,0.5695,0.4998,0.4998,0.0574,0.0410,0.0369,0.0205,0.6130,0.7515,,0.1385,,44.42,-11.65,175.3,169.5,0.931,0.142,1.535
1791427904.2884254,0.7538,0.8440,0.4302,0.8030,0.7006,0.7538,0.7538,0.7538,0.4998,0.4302,0.5695,0.5695,0.4998,0.0574,0.0737,0.0574,0.0737,0.6110,0.7515,,0.1405,,44.50,-11.73,175.5,168.6,0.924,0.142,1.525
1791427904.3215673,0.6350,0.8030,0.5695,0.5695,0.5695,0.4998,0.6350,0.6350,0.4998,0.5695,0.6350,0.4998,0.4998,0.0737,0.0410,0.0410,0.0574,0.6130,0.7510,,0.1380,,44.53,-11.68,175.4,169.3,0.967,0.142,1.612
1791427904.362677,0.7006,0.7006,0.7006,0.4302,0.4998,0.4998,0.7006,0.7538,0.4998,0.4302,0.4998,0.4998,0.4998,0.0737,0.0574,0.0942,0.0737,0.6100,0.7545,,0.1445,,44.34,-11.75,175.4,169.2,0.964,0.144,1.645
1791427904.3952665,0.7006,0.6350,0.7006,0.7006,0.1966,0.8030,0.7006,0.5695,0.4998,0.4998,0.5695,0.5695,0.4998,0.0410,0.0369,0.0369,0.0369,0.6140,0.7515,,0.1375,,44.21,-11.73,175.3,169.0,0.959,0.144,1.635
1791427904.4268844,0.5695,0.6350,0.7538,0.6350,0.4998,0.7538,0.2991,0.7538,0.5695,0.4302,0.4998,0.4998,0.5695,0.0410,0.0410,0.0737,0.0574,0.6140,,,,,44.21,-11.73,175.3,169.0,,,
1791427904.457907,0.7006,0.7006,0.7006,0.6350,0.7006,0.7006,0.6350,0.6350,0.3646,0.4998,0.5695,0.5695,0.4998,0.0737,0.0574,0.1229,0.0410,0.6120,0.7515,,0.1395,,44.03,-11.69,175.6,169.0,0.969,0.145,1.573
1791427904.490133,0.7006,0.8767,0.7538,0.5695,0.4998,0.7006,0.6350,0.7538,0.6350,0.2991,0.4998,0.4998,0.4302,0.0410,0.0410,0.0737,0.0410,0.6130,0.7505,,0.1375,,44.12,-11.69,175.3,169.0,0.944,0.144,1.653
1791427904.5220764,0.7538,0.5695,0.7538,0.7006,0.4998,0.4998,0.6350,0.5695,0.8030,0.5695,0.5695,0.4998,0.5695,0.0737,0.0205,0.0369,0.0574,0.6110,0.7515,,0.1405,,44.42,,175.3,168.3,0.960,0.142,1.587
1791427904.5546792,0.8440,0.6350,0.7538,0.7006,0.4302,0.7006,0.5695,0.7538,0.5695,0.4302,0.6350,0.4998,0.4998,0.0410,0.0369,0.0369,0.0574,0.6130,0.7505,,0.1375,,44.20,,175.6,168.8,0.930,0.143,1.652
1791427904.5881572,0.5695,0.8440,0.7006,0.6350,0.7538,0.4998,0.6350,0.7006,0.2991,0.5695,0.4302,0.5695,0.4998,0.0574,0.0410,0.0737,0.0205,0.6120,0.7515,,0.1395,,44.47,,175.0,168.7,0.912,0.142,1.538
1791427904.6217313,0.6350,0.7006,0.4302,0.7538,0.3646,0.4998,0.8030,0.7538,0.7006,0.3646,0.6350,0.5695,0.4998,0.0574,0.0246,0.1557,0.0574,0.6140,0.7510,,0.1370,,44.25,,175.3,168.1,0.972,0.142,1.591
1791427904.654906,0.7006,0.6350,0.8030,0.5695,0.4302,0.6350,0.6350,0.5695,0.6350,0.5695,0.4302,0.4998,0.4998,0.0369,0.0410,0.0574,0.0574,0.6110,0.7500,,0.1390,,44.15,,175.3,167.9,0.952,0.143,1.580
1791427904.6950748,0.7006,0.8030,0.6350,0.7538,0.4998,0.7006,0.7006,0.8030,0.6350,0.4302,0.6350,0.5695,0.5695,0.0369,0.0410,0.0410,0.0369,0.6110,0.7545,0.6700,0.1435,-0.0845,44.58,-11.86,175.1,168.6,0.950,0.142,1.582
1791427904.727812,0.6350,0.6350,0.6350,0.4998,0.4998,0.7006,0.8030,0.8030,0.4302,0.4302,0.4998,0.5695,0.5695,0.0574,0.0369,0.0737,0.0574,0.6130,0.7565,0.6950,0.1435,-0.0615,45.24,-11.52,174.8,168.5,0.871,0.139,1.494
1791427904.7592514,0.7006,0.7006,0.5695,0.4998,0.5695,0.7538,0.7006,0.5695,0.5695,0.4302,0.6350,0.5695,0.5695,0.0574,0.0410,0.0942,0.0574,0.6130,0.7510,0.6720,0.1380,-0.0790,44.83,-11.44,175.1,169.0,1.001,0.141,1.641
1791427904.79058,0.7538,0.7538,0.4998,0.7538,0.6350,0.5695,0.8030,0.6350,0.7006,0.6350,0.5695,0.4998,0.4998,0.0410,0.0737,0.0942,0.0574,0.6130,0.7555,,0.1425,,44.87,-11.46,174.7,169.1,0.980,0.141,1.609
1791427904.8219824,0.7006,0.8767,0.4998,0.5695,0.4998,0.8030,0.8030,0.6350,0.4998,0.4302,0.4302,0.5695,0.4998,0.0205,0.0205,0.1557,0.0410,0.6130,0.7515,,0.1385,,44.43,-11.26,175.0,168.8,1.023,0.143,1.678
1791427904.8550127,0.7538,0.6350,0.5695,0.7538,0.7006,0.5695,0.7006,0.6350,0.6350,0.4302,0.5695,0.5695,0.4998,0.0737,0.0574,0.1229,0.0737,0.6130,0.7535,,0.1405,,45.08,-11.46,174.6,168.8,0.892,0.140,1.476
1791427904.8882942,0.7538,0.6350,0.6350,0.7006,0.6350,0.6350,0.7538,0.7538,0.6350,0.4998,0.6350,0.5695,0.4998,0.0410,0.0942,0.1229,0.0574,0.6130,0.7500,,0.1370,,44.38,-11.29,174.8,169.2,0.989,0.143,1.668
1791427904.9220207,0.7006,0.7006,0.7538,0.5695,0.6350,0.6350,0.6350,0.7006,0.7006,0.4302,0.4998,0.4998,0.5695,0.0205,0.0410,0.0574,0.0369,0.6130,0.7505,,0.1375,,44.07,-11.22,176.2,168.7,0.969,0.144,1.581
1791427904.9555793,0.7538,0.8767,0.8030,0.5695,0.5695,0.6350,0.8030,0.8030,0.4998,0.3646,0.2991,0.6350,0.4998,0.0574,0.0574,0.0737,0.0574,0.6140,0.7525,,0.1385,,44.17,-11.18,176.2,168.7,0.985,0.143,1.615
1791427904.9957895,0.7006,0.6350,0.5695,0.5695,0.5695,0.7538,0.8440,0.8440,0.6350,0.6350,0.5695,0.5695,0.4998,0.0574,0.0410,0.0369,0.0369,0.6130,0.7510,,0.1380,,44.01,-11.07,175.9,169.9,1.003,0.144,1.663
1791427905.028386,0.7006,0.8030,0.5695,0.5695,0.7006,0.6350,0.7538,0.7006,0.5695,0.4998,0.6350,0.6350,0.5695,0.0410,0.0574,0.0574,0.0574,0.6170,0.7500,0.6670,0.1330,-0.0830,43.99,-11.23,175.7,169.5,0.988,0.143,1.653
1791427905.0604718,0.7006,0.7006,0.7006,0.4302,0.5695,0.7538,0.5695,0.5695,0.5695,0.4998,0.5695,0.6350,0.5695,0.0369,0.0410,0.0737,0.0410,0.6120,0.7500,0.6720,0.1380,-0.0780,43.97,-11.32,176.3,169.5,0.943,0.143,1.585
1791427905.090843,0.6350,0.8030,0.7538,0.5695,0.5695,0.7006,0.8440,0.6350,0.7538,0.4302,0.6350,0.5695,0.4998,0.0574,0.0164,0.0410,0.0369,0.6170,0.7505,,0.1335,,43.29,-11.20,176.1,169.2,1.015,0.145,1.674
1791427905.1226954,0.8030,0.5695,0.7006,0.7006,0.4998,0.3646,0.7538,0.7006,0.5695,0.4998,0.4998,0.5695,0.4998,0.0369,0.0574,0.0574,0.0369,0.6110,0.7505,,0.1395,,43.04,-11.18,175.6,169.5,0.980,0.147,1.705
1791427905.1553457,0.4998,0.4302,0.7006,0.6350,0.5695,0.8030,0.5695,0.7006,0.7538,0.4302,0.4998,0.5695,0.4998,0.0574,0.0737,0.0737,0.0369,0.6130,0.7515,,0.1385,,43.30,-11.20,175.6,169.1,0.977,0.146,1.605
1791427905.1886368,0.7538,0.6350,0.4998,0.7006,0.4302,0.8030,0.8440,0.7006,0.8767,0.4302,0.4302,0.5695,0.5695,0.0369,0.0410,0.0369,0.0737,0.6120,0.7510,0.6790,0.1390,-0.0720,43.45,-11.10,175.4,169.0,0.953,0.146,1.619
1791427905.2232158,0.8767,0.5695,0.6350,0.5695,0.6350,0.7538,0.6350,0.5695,0.7006,0.4998,0.7006,0.4998,0.4998,0.0369,0.0369,0.0369,0.0246,0.6130,0.7485,,0.1355,,43.11,-11.06,175.7,168.9,0.959,0.147,1.614
1791427905.255489,0.7538,0.5695,0.6350,0.6350,0.5695,0.7006,0.6350,0.7006,0.6350,0.4302,0.4998,0.4998,0.5695,0.0410,0.0410,0.0737,0.0737,0.6130,0.7490,,0.1360,,42.77,-11.04,175.7,169.3,0.961,0.148,1.658
1791427905.289373,0.7006,0.7006,0.8440,0.5695,0.6350,0.8440,0.6350,0.5695,0.3646,0.3646,0.4302,0.5695,0.4998,0.0942,0.0410,0.0369,0.0369,0.6120,0.7490,,0.1370,,42.51,-10.93,175.7,168.6,1.003,0.150,1.628
1791427905.3300154,0.6350,0.8440,0.6350,0.5695,0.5695,0.5695,0.4302,0.5695,0.6350,0.3646,0.5695,0.6350,0.5695,0.0737,0.0246,0.1229,0.0369,0.6140,0.7500,0.6670,0.1360,-0.0830,42.54,-11.16,175.7,168.9,0.968,0.149,1.631
1791427905.360848,0.7006,0.5695,0.4998,0.5695,0.2991,0.6350,0.7006,0.8030,0.6350,0.4998,0.4998,0.6350,0.5695,0.0410,0.0369,0.0574,0.0205,0.6130,0.7500,0.6680,0.1370,-0.0820,42.77,-11.35,175.6,168.5,0.956,0.148,1.580
1791427905.3926368,0.8030,0.8440,0.7006,0.6350,0.7006,0.7538,0.7538,0.8030,0.7006,0.4998,0.2991,0.5695,0.4998,0.0369,0.0574,0.0574,0.0369,0.6130,0.7500,,0.1370,,42.75,-11.31,175.7,167.9,0.987,0.148,1.677
1791427905.4240463,0.8030,0.4302,0.7538,0.6350,0.6350,0.7538,0.7006,0.7006,0.6350,0.5695,0.5695,0.5695,0.5695,0.0410,0.0164,0.0574,0.0410,0.6100,0.7500,0.6880,0.1400,-0.0620,42.63,-10.99,176.0,167.5,0.914,0.149,1.555
1791427905.4553444,0.7538,0.8767,0.7006,0.6350,0.6350,0.4998,0.5695,0.7538,0.7538,0.4998,0.6350,0.4998,0.4998,0.0737,0.0410,0.0369,0.0369,0.6130,0.7515,,0.1385,,42.34,-10.80,175.6,168.1,1.067,0.151,1.827
1791427905.4889388,0.7538,0.7006,0.5695,0.5695,0.4998,0.7538,0.7538,0.6350,0.5695,0.4998,0.4998,0.5695,0.4998,0.0737,0.0164,0.0737,0.0369,0.6120,0.7505,,0.1385,,42.54,-10.86,176.9,169.2,0.962,0.150,1.692
1791427905.522153,0.4302,0.6350,0.4998,0.6350,0.4998,0.7006,0.5695,0.7538,0.7538,0.4998,0.4998,0.6350,0.5695,0.0369,0.0574,0.1229,0.0369,0.6130,0.7490,0.6860,0.1360,-0.0630,42.47,-10.59,176.6,169.9,0.946,0.150,1.614
1791427905.555527,0.7006,0.8440,0.7006,0.6350,0.3646,0.5695,0.6350,0.7006,0.5695,0.3646,0.5695,0.5695,0.4998,0.0369,0.0737,0.0942,0.0574,0.6140,0.7495,,0.1355,,42.61,-10.58,176.5,169.7,0.965,0.149,1.599
1791427905.5897644,0.4998,0.6350,0.7538,0.4302,0.4998,0.4998,0.7538,0.7006,0.6350,0.4302,0.4302,0.5695,0.4998,0.0737,0.0205,0.1229,0.0410,0.6140,0.7505,,0.1365,,42.89,-10.59,176.4,169.6,0.974,0.147,1.684
1791427905.6308246,0.7538,0.9054,0.5695,0.4998,0.6350,0.5695,0.8030,0.7538,0.8030,0.4302,0.4302,0.5695,0.5695,0.0410,0.0410,0.0942,0.0410,0.6120,0.7510,0.6650,0.1390,-0.0860,43.08,-10.83,176.2,169.7,1.035,0.147,1.659
1791427905.6629894,0.5695,0.6350,0.6350,0.4998,0.7006,0.7006,0.6350,0.4998,0.7006,0.5695,0.5695,0.5695,0.5695,0.0369,0.0369,0.0574,0.0369,0.6130,0.7500,0.6770,0.1370,-0.0730,43.13,-10.88,175.7,169.4,0.933,0.147,1.629
1791427905.6950543,0.7538,0.7006,0.8030,0.7538,0.7538,0.3646,0.7538,0.6350,0.5695,0.5695,0.5695,0.4998,0.5695,0.0410,0.0410,0.0369,0.0410,0.6120,0.7515,,0.1395,,43.84,-11.15,175.4,169.9,0.867,0.143,1.509
1791427905.7263777,0.6350,0.6350,0.7006,0.6350,0.5695,0.7006,0.6350,0.5695,0.5695,0.5695,0.4998,0.4998,0.4998,0.0410,0.0410,0.0369,0.0410,0.6140,0.7505,,0.1365,,43.58,-11.07,175.3,171.3,0.992,0.144,1.723
1791427905.7580705,0.7006,0.7538,0.7538,0.6350,0.4998,0.7538,0.6350,0.7538,0.6350,0.4998,0.3646,0.5695,0.4998,0.1229,0.0410,0.0737,0.0410,0.6120,0.7535,,0.1415,,43.62,-11.18,174.9,170.3,0.950,0.145,1.568
1791427905.7903214,0.5695,0.7538,0.6350,0.5695,0.6350,0.5695,0.5695,0.8440,0.7538,0.4302,0.4302,0.6350,0.4998,0.0737,0.0410,0.1557,0.0574,0.6100,0.7505,,0.1405,,43.64,-11.21,174.7,169.8,0.937,0.145,1.535
1791427905.8224485,0.7538,0.7006,0.7006,0.5695,0.5695,0.7006,0.6350,0.4998,0.8030,0.4998,0.3646,0.5695,0.5695,0.0737,0.0574,0.0737,0.0410,0.6130,0.7495,0.6770,0.1365,-0.0725,43.46,-11.15,174.8,169.9,0.940,0.146,1.605
1791427905.8564193,0.7006,0.7006,0.7006,0.7006,0.5695,0.7006,0.8440,0.6350,0.7006,0.4998,0.4998,0.6350,0.5695,0.0737,0.0369,0.0574,0.0574,0.6140,0.7505,0.6700,0.1365,-0.0805,43.71,-11.29,174.9,170.0,0.961,0.144,1.585
1791427905.890007,0.5695,0.7006,0.5695,0.7006,0.7006,0.5695,0.4998,0.7538,0.7538,0.4302,0.5695,0.5695,0.5695,0.0369,0.0737,0.1229,0.0369,0.6130,0.7510,0.6760,0.1380,-0.0750,43.68,-11.29,174.9,169.4,0.938,0.144,1.561
1791427905.9241457,0.6350,0.5695,0.7006,0.6350,0.4998,0.7006,0.7006,0.7006,0.7006,0.4302,0.7006,0.4998,0.4998,0.0574,0.0737,0.0737,0.0369,0.6130,0.7510,,0.1380,,43.50,-11.21,175.0,168.7,0.987,0.145,1.700
1791427905.9646668,0.8030,0.7538,0.4998,0.6350,0.7538,0.7006,0.7006,0.8030,0.7006,0.2991,0.5695,0.5695,0.4998,0.0410,0.0410,0.1229,0.0574,0.6130,0.7500,,0.1370,,43.43,-11.18,175.4,169.2,0.964,0.146,1.723
1791427905.9965315,0.6350,0.7538,0.4998,0.7538,0.4302,0.8030,0.6350,0.7538,0.7006,0.5695,0.4302,0.7006,0.5695,0.0410,0.0410,0.1229,0.0737,0.6130,0.7500,0.6840,0.1370,-0.0660,43.47,-10.92,175.4,168.0,0.949,0.145,1.555
1791427906.0278664,0.7538,0.9423,0.5695,0.6350,0.5695,0.7006,0.7538,0.7006,0.2458,0.4998,0.4302,0.4998,0.4998,0.0369,0.0574,0.0737,0.0410,0.6120,0.7520,,0.1400,,43.75,-10.89,175.3,167.8,0.990,0.144,1.647
1791427906.060273,0.8030,0.8030,0.3646,0.6350,0.7006,0.5695,0.4998,0.7538,0.7006,0.4998,0.4302,0.4998,0.5695,0.0205,0.0410,0.0410,0.0410,0.6120,0.7505,,0.1385,,43.77,-10.83,175.4,168.2,0.984,0.144,1.626
1791427906.0912447,0.8030,0.8030,0.3646,0.7006,0.7006,0.8030,0.8030,0.7538,0.5695,0.4998,0.6350,0.4998,0.6350,0.0410,0.0574,0.0737,0.0737,0.6120,0.7510,,0.1390,,43.90,-10.81,175.6,168.0,0.982,0.144,1.591
1791427906.1234193,0.5695,0.7006,0.6350,0.7006,0.4998,0.6350,0.6350,0.7538,0.7006,0.4302,0.4302,0.5695,0.4998,0.0246,0.0737,0.0942,0.0369,0.6100,0.7505,,0.1405,,43.86,-10.84,176.3,168.4,0.952,0.144,1.574
1791427906.1573114,0.6350,0.5695,0.6350,0.5695,0.7006,0.7538,0.5695,0.7006,0.7006,0.4998,0.5695,0.6350,0.5695,0.0574,0.0410,0.0574,0.0369,0.6100,0.7540,0.6710,0.1440,-0.0830,44.27,-11.08,176.2,169.1,0.976,0.143,1.601
1791427906.189746,0.4998,0.8440,0.6350,0.7006,0.6350,0.7538,0.7538,0.5695,0.3646,0.2991,0.6350,0.5695,0.4998,0.0410,0.0574,0.1229,0.0574,0.6100,0.7505,,0.1405,,44.08,-11.14,176.2,169.4,0.929,0.145,1.638
1791427906.22278,0.7538,0.8030,0.6350,0.6350,0.6350,0.7538,0.7006,0.6350,0.6350,0.3646,0.4302,0.4998,0.4998,0.1557,0.0737,0.0737,0.0410,0.6130,0.7505,,0.1375,,43.93,-11.15,176.1,169.6,0.948,0.145,1.597
1791427906.25728,0.6350,0.7538,0.5695,0.5695,0.4998,0.6350,0.6350,0.8440,0.6350,0.5695,0.5695,0.5695,0.5695,0.0369,0.0574,0.0369,0.0369,0.6110,0.7525,0.6710,0.1415,-0.0815,43.81,-11.09,176.0,170.3,1.059,0.146,1.773
1791427906.2976153,0.4302,0.8030,0.4302,0.6350,0.4302,0.6350,0.7538,0.7006,0.5695,0.4302,0.5695,0.5695,0.5695,0.0574,0.0737,0.1557,0.0574,0.6110,0.7515,0.6950,0.1405,-0.0565,44.01,-10.66,176.0,170.4,0.914,0.145,1.625
1791427906.3290358,0.7538,0.8030,0.6350,0.6350,0.5695,0.7538,0.6350,0.5695,0.4998,0.5695,0.6350,0.5695,0.4998,0.0205,0.0410,0.1229,0.0369,0.6130,0.7500,,0.1370,,44.03,-10.63,175.7,170.7,0.960,0.144,1.616
1791427906.3610873,0.7006,0.8030,0.8030,0.6350,0.4998,0.7538,0.7006,0.7538,0.6350,0.4998,0.4302,0.5695,0.4998,0.0410,0.0369,0.0410,0.0369,0.6140,0.7510,,0.1370,,44.02,-10.65,175.4,169.7,0.954,0.144,1.608
1791427906.3931797,0.6350,0.8030,0.5695,0.6350,0.5695,0.7006,0.8030,0.7006,0.6350,0.4998,0.4998,0.4998,0.4302,0.0574,0.0574,0.0574,0.0410,0.6130,0.7505,,0.1375,,43.86,-10.65,175.6,169.9,0.956,0.144,1.631
1791427906.424451,0.7006,0.6350,0.7538,0.5695,0.3646,0.7006,0.5695,0.4998,0.3646,0.3646,0.5695,0.5695,0.4998,0.0410,0.0574,0.0942,0.0410,0.6130,0.7515,,0.1385,,43.11,-10.54,176.7,169.2,1.016,0.148,1.691
1791427906.4574432,0.7006,0.7006,0.4302,0.5695,0.2991,0.6350,0.7538,0.5695,0.7006,0.4302,0.4302,0.4998,0.4998,0.0410,0.0246,0.0737,0.0410,0.6130,0.7500,,0.1370,,43.22,-10.65,177.3,168.6,0.909,0.147,1.592
1791427906.4909441,0.7006,0.7538,0.7006,0.7006,0.5695,0.6350,0.7538,0.6350,0.7006,0.4302,0.4998,0.6350,0.5695,0.0737,0.0410,0.0410,0.0205,0.6130,0.7580,0.6840,0.1450,-0.0740,44.26,-10.79,176.7,168.5,0.917,0.143,1.548
1791427906.5239003,0.7006,0.8440,0.6350,0.6350,0.4302,0.6350,0.6350,0.4998,0.4998,0.4302,0.5695,0.5695,0.4302,0.0410,0.0737,0.0574,0.0574,0.6120,0.7530,,0.1410,,44.40,-10.85,176.3,168.7,0.937,0.143,1.523
1791427906.5579288,0.7538,0.7538,0.7538,0.6350,0.7538,0.8767,0.6350,0.7538,0.5695,0.4998,0.5695,0.5695,0.5695,0.0574,0.0574,0.0574,0.0574,0.6130,0.7505,0.6850,0.1375,-0.0655,44.27,-10.66,176.2,168.6,0.939,0.143,1.596
1791427906.5994563,0.5695,0.7538,0.6350,0.7006,0.8030,0.6350,0.7006,0.6350,0.7006,0.4302,0.6350,0.4998,0.5695,0.0574,0.0574,0.0942,0.0574,0.6130,0.7555,,0.1425,,44.75,-10.69,176.0,167.3,0.978,0.141,1.534
1791427906.630742,0.6350,0.8767,0.4998,0.5695,0.5695,0.5695,0.7538,0.4998,0.2991,0.5695,0.5695,0.5695,0.4998,0.0164,0.0574,0.0574,0.0574,0.6140,0.7520,,0.1380,,44.20,-10.42,176.0,167.5,1.069,0.144,1.747
1791427906.6623774,0.7538,0.7006,0.7006,0.6350,0.7006,0.8440,0.7538,0.6350,0.7006,0.2458,0.6350,0.5695,0.5695,0.1229,0.0369,0.0942,0.0205,0.6130,0.7510,0.6710,0.1380,-0.0800,43.90,-10.55,175.8,167.9,1.025,0.145,1.705
1791427906.6944988,0.6350,0.8030,0.7006,0.7006,0.7006,0.7538,0.7006,0.6350,0.6350,0.4302,0.4998,0.4998,0.5695,0.0410,0.0737,0.0737,0.0574,0.6130,0.7530,,0.1400,,43.98,-10.67,175.6,167.2,0.939,0.144,1.530
1791427906.7258096,0.7006,0.7538,0.6350,0.6350,0.6350,0.7006,0.7006,0.6350,0.4302,0.4998,0.4302,0.6350,0.4998,0.0410,0.0737,0.0737,0.0164,0.6100,0.7510,,0.1410,,43.41,-10.64,175.5,167.0,0.972,0.148,1.625
1791427906.7585294,0.7538,0.8030,0.9259,0.6350,0.2458,0.6350,0.6350,0.7538,0.6350,0.4998,0.6350,0.6350,0.5695,0.0574,0.0574,0.0574,0.0410,0.6140,0.7515,0.6730,0.1375,-0.0785,43.65,-10.68,175.8,167.2,1.025,0.146,1.654
1791427906.7905996,0.7006,0.8440,0.6350,0.7006,0.4998,0.6350,0.6350,0.5695,0.7538,0.4302,0.6350,0.5695,0.5695,0.0737,0.0246,0.0410,0.0369,0.6110,0.7510,0.6770,0.1400,-0.0740,43.54,-10.73,175.6,168.0,0.958,0.147,1.624
1791427906.8242204,0.6350,0.8030,0.6350,0.6350,0.5695,0.5695,0.4998,0.8440,0.4998,0.6350,0.4998,0.6350,0.4998,0.0369,0.0369,0.0369,0.0737,0.6130,0.7505,,0.1375,,43.20,-10.72,175.8,168.0,0.965,0.148,1.682
1791427906.8583415,0.5695,0.7006,0.6350,0.4998,0.7006,0.7006,0.7006,0.7538,0.5695,0.3646,0.5695,0.5695,0.4998,0.0369,0.0737,0.0737,0.0574,0.6110,0.7505,,0.1395,,43.11,-10.76,176.2,167.4,0.947,0.149,1.676
1791427906.8907416,0.5695,0.7538,0.7006,0.7006,0.6350,0.7006,0.7538,0.5695,0.7006,0.4302,0.4302,0.4998,0.4998,0.0737,0.0737,0.0737,0.0410,0.6120,0.7510,,0.1390,,42.68,-10.54,176.3,168.4,1.072,0.151,1.792
1791427906.9232097,0.7006,0.7538,0.7006,0.5695,0.6350,0.4302,0.5695,0.6350,0.6350,0.4998,0.5695,0.5695,0.5695,0.0410,0.0369,0.0737,0.0410,0.6100,0.7510,0.6770,0.1410,-0.0740,42.64,-10.57,176.4,168.9,0.979,0.151,1.685
1791427906.957603,0.7538,0.8440,0.6350,0.6350,0.6350,0.7538,0.5695,0.4998,0.7006,0.4302,0.4998,0.5695,0.4998,0.0574,0.0574,0.0574,0.0942,0.6110,0.7500,,0.1390,,42.68,-10.58,176.1,168.7,0.969,0.151,1.616
1791427906.996866,0.7538,0.7538,0.7538,0.7006,0.6350,0.7006,0.6350,0.6350,0.7006,0.4302,0.6350,0.6350,0.4998,0.0737,0.0574,0.0942,0.0410,0.6130,0.7520,,0.1390,,43.30,-10.62,176.1,167.8,0.980,0.148,1.564
1791427907.0283706,0.7006,0.4998,0.5695,0.6350,0.6350,0.6350,0.7538,0.7006,0.2991,0.4998,0.4998,0.4998,0.4998,0.0737,0.0574,0.0942,0.0410,0.6110,0.7500,,0.1390,,43.32,-10.71,176.0,167.3,0.924,0.148,1.547
1791427907.0602007,0.7538,0.6350,0.4302,0.5695,0.4998,0.5695,0.6350,0.7538,0.5695,0.4998,0.6350,0.5695,0.5695,0.0737,0.0574,0.0737,0.0369,0.6110,0.7505,0.6750,0.1395,-0.0755,43.40,-10.78,176.5,167.8,0.964,0.147,1.616
1791427907.091511,0.5695,0.7538,0.4302,0.5695,0.4302,0.6350,0.7538,0.7006,0.7006,0.2991,0.6350,0.6350,0.4998,0.0246,0.0246,0.0942,0.0574,0.6110,0.7495,,0.1385,,43.31,-10.81,176.4,167.1,0.942,0.148,1.644
1791427907.1242323,0.5695,0.7006,0.6350,0.5695,0.7538,0.7538,0.7006,0.6350,0.6350,0.5695,0.2458,0.5695,0.5695,0.0574,0.0246,0.0942,0.0410,0.6130,0.7505,0.6780,0.1375,-0.0725,43.39,-10.79,176.2,167.4,0.958,0.147,1.652
1791427907.1579633,0.7538,0.7006,0.4302,0.5695,0.8030,0.7538,0.8030,0.7006,0.4998,0.4302,0.2991,0.6350,0.4998,0.0942,0.0410,0.0737,0.0410,0.6130,0.7515,,0.1385,,43.04,-10.71,176.3,167.5,1.010,0.149,1.751
1791427907.1914167,0.4998,0.6350,0.4998,0.5695,0.6350,0.6350,0.6350,0.6350,0.5695,0.4998,0.4998,0.5695,0.4302,0.0574,0.0369,0.1229,0.0410,0.6130,0.7510,,0.1380,,43.42,-10.76,176.1,168.1,0.953,0.146,1.643
1791427907.2242484,0.7006,0.6350,0.4302,0.6350,0.6350,0.7006,0.7538,0.5695,0.5695,0.4302,0.3646,0.4998,0.5695,0.0410,0.0574,0.0737,0.0737,0.6130,0.7505,,0.1375,,43.95,-10.91,175.8,167.7,0.895,0.144,1.509
1791427907.258772,0.6350,0.7538,0.5695,0.7538,0.4302,0.8030,0.5695,0.5695,0.8030,0.3646,0.5695,0.4998,0.4998,0.0574,0.0574,0.1229,0.0737,0.6100,0.7505,,0.1405,,43.29,-10.80,176.0,167.5,1.002,0.147,1.645
1791427907.2983394,0.6350,0.7538,0.7006,0.5695,0.4302,0.6350,0.6350,0.7538,0.6350,0.4302,0.6350,0.4998,0.4998,0.0942,0.0410,0.0737,0.0410,0.6120,0.7510,,0.1390,,43.90,-10.87,175.7,167.9,0.938,0.144,1.596
1791427907.3307433,0.7006,0.3646,0.6350,0.7006,0.4998,0.7006,0.8030,0.7538,0.4998,0.4998,0.5695,0.4998,0.5695,0.0410,0.0737,0.0942,0.0574,0.6130,0.7505,,0.1375,,43.87,-10.93,175.5,168.9,0.929,0.144,1.612
1791427907.3620367,0.6350,0.7006,0.6350,0.6350,0.5695,0.5695,0.7006,0.7538,0.5695,0.4302,0.4302,0.6350,0.4998,0.0942,0.0410,0.0942,0.0574,0.6120,0.7490,,0.1370,,43.99,-10.82,176.2,169.1,0.980,0.143,1.583
1791427907.39417,0.8030,0.7538,0.4998,0.7538,0.5695,0.5695,0.7006,0.7538,0.7538,0.3646,0.4302,0.4998,0.5695,0.0574,0.0205,0.1229,0.0574,0.6120,0.7515,,0.1395,,44.02,-10.85,176.0,169.0,0.959,0.143,1.564
1791427907.4246726,0.3646,0.5695,0.6350,0.6350,0.4302,0.8440,0.6350,0.7538,0.4998,0.4302,0.7006,0.6350,0.4302,0.0574,0.0410,0.0737,0.0574,0.6120,0.7495,,0.1375,,43.60,-10.76,175.9,168.5,0.982,0.145,1.679
1791427907.4586341,0.6350,0.8440,0.7006,0.6350,0.4998,0.6350,0.7006,0.6350,0.5695,0.4998,0.6350,0.5695,0.5695,0.0574,0.0737,0.1229,0.0574,0.6130,0.7530,0.6680,0.1400,-0.0850,44.35,-11.07,175.5,168.6,0.976,0.142,1.591
1791427907.490939,0.4998,0.5695,0.6350,0.6350,0.7538,0.7538,0.6350,0.7006,0.6350,0.3646,0.5695,0.5695,0.4998,0.0737,0.0369,0.0942,0.0574,0.6130,0.7535,,0.1405,,45.01,-11.22,175.2,167.9,0.934,0.139,1.508
1791427907.525099,0.7006,0.4998,0.5695,0.5695,0.6350,0.7006,0.6350,0.7006,0.7006,0.4998,0.4998,0.5695,0.5695,0.0369,0.0369,0.0410,0.0123,0.6120,0.7495,0.6650,0.1375,-0.0845,44.93,-11.44,175.2,167.3,0.965,0.139,1.512
1791427907.5579703,0.6350,0.4998,0.7006,0.5695,0.6350,0.7006,0.7006,0.7006,0.7006,0.4302,0.5695,0.4998,0.5695,0.0369,0.0369,0.0942,0.0574,0.6130,0.7490,,0.1360,,44.96,-11.46,175.3,167.5,0.927,0.138,1.546
1791427907.591576,0.8030,0.7538,0.6350,0.6350,0.6350,0.7538,0.7538,0.6350,0.7006,0.4302,0.5695,0.6350,0.5695,0.0574,0.0205,0.0574,0.0410,0.6120,0.7510,0.6710,0.1390,-0.0800,44.67,-11.45,175.4,168.4,0.994,0.140,1.661
1791427907.630877,0.8440,0.5695,0.5695,0.5695,0.5695,0.7006,0.5695,0.7006,0.8030,0.5695,0.4998,0.6350,0.4998,0.0574,0.0574,0.0574,0.0574,0.6140,0.7500,,0.1360,,44.48,-11.32,175.4,168.4,1.009,0.140,1.658
1791427907.6623924,0.5695,0.8767,0.7006,0.6350,0.4302,0.7006,0.5695,0.7006,0.4998,0.6350,0.2991,0.5695,0.4998,0.0737,0.0737,0.0737,0.0410,0.6130,0.7505,,0.1375,,44.67,-11.41,175.9,168.7,0.932,0.139,1.606
1791427907.6942995,0.7006,0.8440,0.6350,0.5695,0.7538,0.2991,0.6350,0.2991,0.7006,0.5695,0.4998,0.5695,0.4998,0.0410,0.0410,0.0737,0.0737,0.6130,,,,,44.67,-11.41,175.9,168.7,,,
1791427907.7266178,0.7538,0.6350,0.5695,0.5695,0.5695,0.8440,0.7538,0.6350,0.5695,0.6350,0.5695,0.4998,0.5695,0.0574,0.0574,0.0369,0.0574,0.6130,0.7505,,0.1375,,44.73,-11.43,176.1,168.4,0.952,0.139,1.608
1791427907.758778,0.5695,0.8030,0.5695,0.7538,0.6350,0.6350,0.7006,0.7538,0.4998,0.5695,0.4998,0.5695,0.4998,0.0574,0.0205,0.0369,0.0410,0.6130,0.7540,,0.1410,,44.88,-11.41,175.7,168.8,1.015,0.139,1.674
1791427907.7916384,0.8030,0.7538,0.7538,0.7006,0.5695,0.5695,0.4998,0.5695,0.6350,0.4998,0.4998,0.4998,0.4998,0.0574,0.0205,0.1229,0.0410,0.6140,0.7510,,0.1370,,44.91,-11.29,175.6,167.6,1.022,0.139,1.653
1791427907.8249598,0.6350,0.8030,0.6350,0.5695,0.4302,0.6350,0.7006,0.7006,0.4998,0.4998,0.4998,0.5695,0.4998,0.0737,0.0574,0.0574,0.0410,0.6130,0.7515,,0.1385,,44.90,-11.40,175.5,167.3,0.937,0.139,1.506
1791427907.8586423,0.6350,0.9423,0.7538,0.6350,0.6350,0.6350,0.6350,0.6350,0.5695,0.5695,0.5695,0.5695,0.4998,0.0410,0.0574,0.0942,0.0410,0.6140,0.7500,,0.1360,,44.76,-11.40,175.5,167.7,0.957,0.139,1.612
1791427907.8916209,0.7006,0.8440,0.7538,0.6350,0.4998,0.6350,0.8440,0.7006,0.6350,0.4998,0.3646,0.6350,0.5695,0.0574,0.0410,0.0737,0.0574,0.6120,0.7540,0.6750,0.1420,-0.0790,45.02,-11.56,175.3,168.0,0.908,0.139,1.524
1791427907.9323916,0.7006,0.4998,0.5695,0.5695,0.7006,0.6350,0.8767,0.8030,0.6350,0.3646,0.4302,0.6350,0.5695,0.0410,0.0246,0.0410,0.0574,0.6130,0.7505,0.6670,0.1375,-0.0835,44.85,-11.71,175.6,167.8,0.957,0.139,1.559
1791427907.9638436,0.8030,0.5695,0.5695,0.5695,0.4998,0.6350,0.7006,0.6350,0.7006,0.4302,0.2991,0.5695,0.4302,0.0942,0.0737,0.0574,0.0369,0.6130,0.7505,,0.1375,,44.70,-11.68,175.5,167.8,0.959,0.140,1.581
1791427907.9952948,0.7006,0.6350,0.6350,0.7006,0.7006,0.6350,0.7538,0.8440,0.7006,0.4302,0.6350,0.5695,0.4998,0.0410,0.0737,0.0369,0.0574,0.6130,0.7505,,0.1375,,44.99,-11.65,175.6,168.4,0.961,0.138,1.580
1791427908.0274239,0.8030,0.7006,0.4998,0.6350,0.4998,0.7006,0.7538,0.7538,0.6350,0.4302,0.4998,0.5695,0.4998,0.0942,0.0369,0.0574,0.0410,0.6130,0.7485,,0.1355,,44.31,-11.55,175.8,168.0,0.969,0.141,1.580
1791427908.0585997,0.7006,0.7006,0.4998,0.7006,0.4998,0.4998,0.6350,0.7538,0.2991,0.4302,0.4998,0.4998,0.5695,0.0574,0.0205,0.1229,0.0410,0.6120,0.7560,,0.1440,,44.73,-11.77,175.6,167.4,0.937,0.140,1.546
1791427908.0923324,0.8030,0.7006,0.2991,0.4998,0.5695,0.5695,0.7538,0.6350,0.3646,0.4302,0.4998,0.5695,0.4998,0.0369,0.0410,0.0942,0.0737,0.6130,0.7520,,0.1390,,44.39,-11.48,175.8,168.2,1.083,0.142,1.750
1791427908.1259217,0.5695,0.7538,0.6350,0.6350,0.7006,0.6350,0.7538,0.7006,0.4998,0.4302,0.6350,0.5695,0.4998,0.0410,0.0164,0.1229,0.0410,0.6130,0.7510,,0.1380,,44.30,-11.49,175.6,167.8,0.966,0.142,1.575
1791427908.158702,0.7538,0.8030,0.4998,0.6350,0.7006,0.8440,0.7538,0.8030,0.7006,0.5695,0.5695,0.4998,0.4998,0.0574,0.0737,0.0737,0.0574,0.6120,0.7525,,0.1405,,44.73,-11.69,175.5,167.3,0.903,0.140,1.498
1791427908.1923838,0.6350,0.8030,0.6350,0.7006,0.4998,0.7006,0.7006,0.8030,0.6350,0.4302,0.4998,0.5695,0.4998,0.0737,0.0410,0.0737,0.0410,0.6130,0.7515,,0.1385,,45.03,-11.81,175.4,166.6,0.910,0.139,1.461
1791427908.2261581,0.7006,0.6350,0.4998,0.4998,0.4302,0.7538,0.6350,0.8030,0.4302,0.5695,0.4302,0.5695,0.4998,0.0410,0.0369,0.0737,0.0246,0.6120,0.7510,,0.1390,,44.59,-11.86,175.4,165.8,0.926,0.141,1.567
1791427908.2664123,0.8440,0.7538,0.5695,0.7538,0.6350,0.7006,0.7006,0.6350,0.4998,0.3646,0.5695,0.4998,0.4998,0.0737,0.0942,0.0942,0.0574,0.6110,0.7485,,0.1375,,44.11,-11.85,175.4,166.2,0.915,0.143,1.617
1791427908.2976596,0.7538,0.6350,0.5695,0.4998,0.5695,0.7006,0.7538,0.8030,0.5695,0.4302,0.5695,0.5695,0.4998,0.0737,0.0410,0.0942,0.0737,0.6110,0.7500,,0.1390,,44.45,-11.89,175.2,166.4,0.912,0.141,1.546
1791427908.3301444,0.8030,0.6350,0.4998,0.6350,0.4998,0.7006,0.6350,0.6350,0.3646,0.4302,0.3646,0.5695,0.4998,0.0246,0.0246,0.0737,0.0369,0.6130,0.7495,,0.1365,,44.43,-11.85,176.5,167.1,0.939,0.141,1.564
1791427908.362665,0.7538,0.8030,0.3646,0.7006,0.6350,0.7538,0.7006,0.7538,0.7006,0.4998,0.7006,0.4998,0.5695,0.0574,0.0942,0.0574,0.0737,0.6110,0.7570,,0.1460,,45.08,-12.13,175.8,167.7,0.898,0.139,1.502
1791427908.3941123,0.6350,0.6350,0.5695,0.8030,0.5695,0.5695,0.6350,0.4998,0.7538,0.4998,0.4998,0.5695,0.4998,0.0410,0.0410,0.0737,0.0164,0.6120,0.7505,,0.1385,,44.58,-11.96,176.0,168.9,0.980,0.142,1.631
1791427908.4264786,0.4998,0.6350,0.5695,0.6350,0.7538,0.7538,0.6350,0.7006,0.5695,0.4302,0.5695,0.5695,0.4998,0.0574,0.0369,0.0942,0.0410,0.6130,0.7535,,0.1405,,44.75,-11.93,175.9,169.2,0.976,0.141,1.631
1791427908.459323,0.7006,0.8440,0.6350,0.4998,0.4998,0.6350,0.8030,0.7006,0.3646,0.2991,0.5695,0.5695,0.5695,0.0410,0.0410,0.0574,0.0410,0.6130,0.7510,0.6770,0.1380,-0.0740,44.70,-11.66,176.2,169.0,0.985,0.141,1.617
1791427908.4934924,0.7006,0.7538,0.6350,0.6350,0.5695,0.3646,0.7006,0.7006,0.5695,0.5695,0.4998,0.5695,0.5695,0.0737,0.0369,0.1229,0.0942,0.6120,0.7500,0.6790,0.1380,-0.0710,44.19,-11.42,175.9,168.2,0.960,0.143,1.589
1791427908.526422,0.7538,0.7538,0.8030,0.7538,0.4998,0.6350,0.6350,0.6350,0.5695,0.4998,0.4998,0.4998,0.4998,0.0369,0.0737,0.0205,0.0123,0.6110,0.7545,,0.1435,,44.27,-11.36,175.6,167.7,1.021,0.144,1.677
