timestamp,nose_score,left_eye_score,right_eye_score,left_ear_score,right_ear_score,left_shoulder_score,right_shoulder_score,left_elbow_score,right_elbow_score,left_wrist_score,right_wrist_score,left_hip_score,right_hip_score,left_knee_score,right_knee_score,left_ankle_score,right_ankle_score,head_depth_m,chest_depth_m,hip_depth_m,neck_forward_offset_m,torso_recline_offset_m,head_forward_deg,torso_pitch_deg,elbow_left_deg,elbow_right_deg,torso_len_sw,head_up_m,wrist_face_sw
1791428245.3575974,0.8030,0.5695,0.5695,0.4302,0.4998,0.7538,0.6350,0.6350,0.5695,0.2458,0.5695,0.5695,0.4998,0.0369,0.0410,0.0410,0.0410,0.4490,0.6565,,0.2075,,69.85,,153.7,149.5,0.840,0.077,1.550
1791428245.3900766,0.2991,0.5695,0.7006,0.4302,0.4302,0.7006,0.6350,0.5695,0.5695,0.1966,0.4302,0.3646,0.5695,0.0205,0.0246,0.0737,0.0410,,0.6575,,,,69.85,,154.8,149.5,0.869,0.077,
1791428245.421789,0.4302,0.6350,0.6350,0.4302,0.6350,0.7006,0.7538,0.6350,0.6350,0.2458,0.3646,0.4998,0.5695,0.0737,0.0369,0.0574,0.0574,0.4510,0.6590,,0.2080,,69.71,,155.4,149.1,0.885,0.078,1.563
1791428245.4555767,0.8440,0.5695,0.8030,0.4998,0.6350,0.7538,0.7006,0.7006,0.6350,0.1229,0.2991,0.4302,0.4998,0.0369,0.0369,0.0737,0.0410,0.4440,0.6525,,0.2085,,69.32,,155.8,148.4,0.878,0.079,
1791428245.4882581,0.6350,0.7006,0.8030,0.4302,0.5695,0.8030,0.7538,0.7006,0.4302,0.1557,0.1557,0.4302,0.4998,0.0369,0.0574,0.0574,0.0737,0.4440,0.6515,,0.2075,,69.30,,156.1,147.6,0.806,0.079,
1791428245.5232906,0.4998,0.3646,0.7006,0.4998,0.4998,0.7006,0.6350,0.4998,0.4998,0.2458,0.4302,0.4998,0.4998,0.0205,0.0246,0.0574,0.0737,0.4490,0.6595,,0.2105,,69.03,,155.3,149.5,0.865,0.080,1.491
1791428245.5638309,0.7006,0.6350,0.7538,0.4998,0.5695,0.6350,0.6350,0.6350,0.4998,0.1966,0.3646,0.4302,0.4998,0.0246,0.0410,0.0737,0.0942,0.4440,0.6595,,0.2155,,68.81,,155.7,150.9,0.832,0.082,1.406
1791428245.5955071,0.7006,0.5695,0.8030,0.4302,0.4998,0.5695,0.6350,0.7538,0.7538,0.1229,0.3646,0.4998,0.4302,0.0574,0.0942,0.0737,0.1229,0.4440,0.6610,,0.2170,,69.47,,156.0,153.1,0.841,0.079,1.374
1791428245.6271417,0.3646,0.7538,0.5695,0.4998,0.4998,0.7006,0.6350,0.7006,0.4998,0.2458,0.2991,0.4302,0.4302,0.0574,0.0574,0.0737,0.0942,0.4430,0.6555,,0.2125,,69.27,,155.9,151.9,0.829,0.080,
1791428245.6595144,0.5695,0.4998,0.8440,0.3646,0.4302,0.7006,0.6350,0.7006,0.4302,0.2991,0.3646,0.4302,0.4998,0.0410,0.0410,0.0410,0.1229,0.4440,0.6575,,0.2135,,69.30,,155.9,154.9,0.802,0.080,1.359
1791428245.6905901,0.4998,0.4998,0.7006,0.4302,0.4998,0.6350,0.5695,0.5695,0.5695,0.0942,0.3646,0.4302,0.4998,0.1229,0.0574,0.0942,0.1557,0.4460,0.6585,,0.2125,,69.70,,154.8,156.3,0.753,0.079,1.302
1791428245.7226295,0.2991,0.5695,0.8767,0.4302,0.4302,0.5695,0.6350,0.7006,0.4998,0.1229,0.4302,0.4998,0.5695,0.0574,0.0574,0.0942,0.0942,,0.6615,,,,69.70,,,157.7,0.806,0.079,
1791428245.7555087,0.4998,0.8767,0.9628,0.4302,0.4998,0.5695,0.8030,0.5695,0.4998,0.2991,0.2458,0.4302,0.4998,0.1229,0.0410,0.0737,0.0942,0.4490,0.6615,,0.2125,,69.61,,,157.8,0.748,0.079,
1791428245.7891998,0.3646,0.7538,0.8030,0.4998,0.4302,0.7006,0.4302,0.7538,0.1966,0.1966,0.3646,0.4998,0.4302,0.0942,0.1229,0.0737,0.1229,0.4490,0.6565,,0.2075,,69.32,,,160.2,0.881,0.080,1.431
1791428245.821835,0.4302,0.6350,0.8030,0.4998,0.2458,0.7006,0.7538,0.6350,0.6350,0.1557,0.1966,0.4998,0.4998,0.0410,0.0369,0.0410,0.0942,0.4480,0.6580,,0.2100,,69.33,,,159.3,0.806,0.080,
1791428245.8548372,0.4998,0.4998,0.7538,0.4302,0.4302,0.7538,0.5695,0.6350,0.2458,0.2458,0.4998,0.4302,0.4302,0.1229,0.0369,0.1229,0.0942,0.4500,0.6615,,0.2115,,69.11,,,159.6,0.829,0.081,1.393
1791428245.889265,0.7538,0.7538,0.7006,0.4998,0.6350,0.7538,0.6350,0.8440,0.5695,0.3646,0.3646,0.4302,0.4998,0.0246,0.0369,0.0246,0.0942,0.4490,0.6610,,0.2120,,68.90,,153.5,160.3,0.825,0.082,1.240
1791428245.9286935,0.3646,0.8440,0.8030,0.4998,0.3646,0.8030,0.7538,0.7006,0.1966,0.1229,0.3646,0.5695,0.5695,0.0574,0.0574,0.0942,0.0737,0.4490,0.6570,0.6380,0.2080,-0.0190,68.57,-3.61,153.8,160.2,0.841,0.083,1.424
1791428245.9606273,0.8767,0.4302,0.8440,0.4302,0.3646,0.7538,0.7538,0.5695,0.1966,0.1557,0.1966,0.4302,0.3646,0.0246,0.0246,0.0942,0.1557,0.4570,0.6590,,0.2020,,68.73,-3.62,154.4,160.6,0.822,0.081,
1791428245.9919734,0.7006,0.3646,0.7006,0.7006,0.3646,0.7538,0.4998,0.5695,0.4302,0.2458,0.5695,0.3646,0.4302,0.0369,0.0369,0.0737,0.0737,0.4490,0.6615,,0.2125,,68.57,-3.73,155.3,161.3,0.801,0.082,1.373
1791428246.0223522,0.8440,0.7006,0.8767,0.5695,0.4302,0.7538,0.5695,0.6350,0.2991,0.1966,0.5695,0.4998,0.5695,0.0410,0.0410,0.0942,0.0942,0.4570,0.6595,,0.2025,,68.46,-3.79,154.4,161.6,0.762,0.082,1.370
1791428246.0561104,0.7006,0.6350,0.8440,0.4302,0.4302,0.6350,0.6350,0.4998,0.4998,0.2991,0.4998,0.4302,0.5695,0.0737,0.0737,0.0737,0.1557,0.4540,0.6570,,0.2030,,68.18,-3.74,154.2,162.1,0.770,0.083,1.339
1791428246.0889828,0.4998,0.6350,0.8440,0.4302,0.4302,0.7006,0.5695,0.7006,0.6350,0.2458,0.6350,0.4302,0.4302,0.0942,0.0369,0.0737,0.0737,0.4490,0.6590,,0.2100,,67.80,-3.77,154.6,162.5,0.772,0.085,1.415
1791428246.1232464,0.4998,0.4998,0.7538,0.5695,0.5695,0.4302,0.5695,0.7538,0.1966,0.1557,0.4302,0.4998,0.4998,0.1966,0.0410,0.0942,0.1229,0.4490,0.6600,,0.2110,,67.54,-3.74,154.6,163.0,0.870,0.086,1.448
1791428246.1575768,0.8767,0.6350,0.7538,0.4998,0.4998,0.7006,0.7006,0.4998,0.6350,0.1966,0.4998,0.4302,0.4998,0.0369,0.0369,0.0574,0.0942,0.4490,0.6610,,0.2120,,67.14,-3.84,153.3,173.8,0.764,0.088,1.383
1791428246.1975942,0.8440,0.7006,0.5695,0.4998,0.4998,0.8030,0.7006,0.7006,0.5695,0.0574,0.1966,0.4998,0.4998,0.0574,0.0574,0.0737,0.0737,0.4540,0.6615,,0.2075,,67.19,-3.96,153.7,172.9,0.752,0.088,
1791428246.2294905,0.4998,0.4998,0.8030,0.3646,0.5695,0.8030,0.6350,0.5695,0.5695,0.2991,0.3646,0.4998,0.4998,0.0369,0.0410,0.0942,0.1557,0.4560,0.6550,,0.1990,,66.88,-3.77,154.9,178.0,0.808,0.088,1.425
1791428246.2605393,0.4998,0.5695,0.8767,0.3646,0.4302,0.5695,0.6350,0.7538,0.6350,0.1966,0.4998,0.4998,0.5695,0.0410,0.0737,0.0410,0.0574,0.4510,0.6595,,0.2085,,66.51,-3.77,155.5,159.4,0.812,0.090,1.441
1791428246.2924173,0.6350,0.8440,0.8440,0.4302,0.4998,0.5695,0.4998,0.7006,0.6350,0.2991,0.4998,0.4998,0.4302,0.0737,0.0246,0.0369,0.0737,0.4500,0.6560,,0.2060,,66.45,-3.63,155.7,166.2,0.833,0.090,1.419
1791428246.323947,0.6350,0.8767,0.7538,0.4302,0.4302,0.5695,0.5695,0.7538,0.1966,0.1557,0.4998,0.4998,0.4998,0.1966,0.0410,0.0737,0.0737,0.4500,0.6615,,0.2115,,66.54,-3.71,155.6,171.1,0.841,0.090,1.434
1791428246.3574963,0.8030,0.7538,0.9054,0.4998,0.4302,0.6350,0.7006,0.5695,0.4302,0.1557,0.5695,0.4998,0.4302,0.0410,0.0574,0.0574,0.0574,0.4500,0.6585,,0.2085,,66.91,-3.74,155.4,175.9,0.757,0.089,1.355
1791428246.3906834,0.3646,0.7006,0.8030,0.3646,0.4998,0.6350,0.4302,0.6350,0.5695,0.1966,0.5695,0.4302,0.4998,0.0737,0.0410,0.0942,0.0942,0.4510,0.6530,,0.2020,,66.22,-3.43,155.8,179.3,0.913,0.091,1.466
1791428246.4237082,0.4302,0.7538,0.8030,0.4302,0.3646,0.7538,0.6350,0.5695,0.2991,0.2458,0.2991,0.3646,0.4998,0.0410,0.0410,0.0942,0.0942,0.4510,0.6515,,0.2005,,66.31,-3.26,,179.1,0.771,0.090,
1791428246.4564595,0.5695,0.6350,0.7006,0.3646,0.4302,0.4302,0.5695,0.6350,0.4302,0.2458,0.6350,0.4998,0.4998,0.0737,0.0410,0.0737,0.0942,0.4510,0.6610,,0.2100,,66.32,,,177.3,0.853,0.091,1.410
1791428246.4903898,0.4998,0.4998,0.8440,0.4998,0.4302,0.7006,0.5695,0.7006,0.3646,0.1966,0.3646,0.4302,0.4998,0.1229,0.0410,0.0574,0.0737,0.4510,0.6515,,0.2005,,66.28,,,175.5,0.856,0.090,1.400
1791428246.5288613,0.2991,0.4998,0.7538,0.4998,0.4302,0.6350,0.8030,0.6350,0.1966,0.1966,0.2458,0.5695,0.4302,0.1557,0.0410,0.0942,0.0737,,0.6600,,,,66.28,,,175.4,0.895,0.090,
1791428246.5614543,0.4998,0.7006,0.4302,0.4302,0.4998,0.7006,0.2458,0.5695,0.2458,0.1966,0.2991,0.4998,0.4998,0.1557,0.0369,0.1229,0.1229,0.4500,,,,,66.28,,,175.4,,,
1791428246.5927265,0.4302,0.7006,0.5695,0.4998,0.4302,0.7006,0.6350,0.7006,0.6350,0.1229,0.5695,0.4302,0.3646,0.1229,0.0410,0.0574,0.0942,0.4580,0.6580,,0.2000,,66.25,,,173.6,0.857,0.090,1.436
1791428246.6242356,0.5695,0.6350,0.7006,0.5695,0.2991,0.7538,0.7006,0.7538,0.2991,0.2458,0.3646,0.4998,0.4998,0.0205,0.0246,0.1229,0.1229,0.4540,0.6555,,0.2015,,66.46,,,172.2,0.807,0.089,1.333
1791428246.656084,0.5695,0.6350,0.7006,0.4302,0.4998,0.7006,0.4302,0.6350,0.1557,0.1966,0.2458,0.3646,0.4302,0.0574,0.0574,0.0737,0.0737,0.4510,0.6610,,0.2100,,67.05,,,172.0,0.857,0.087,
1791428246.690217,0.4998,0.6350,0.7538,0.4998,0.6350,0.5695,0.7538,0.7538,0.2458,0.1966,0.4302,0.5695,0.4302,0.0410,0.1229,0.0737,0.1966,0.4510,0.6575,,0.2065,,67.04,,,170.7,0.825,0.087,1.366
1791428246.723428,0.3646,0.7538,0.4998,0.4302,0.4302,0.7538,0.6350,0.7006,0.5695,0.2458,0.2991,0.4998,0.4302,0.0737,0.0369,0.0942,0.1557,0.4510,0.6600,,0.2090,,67.17,,,170.1,0.833,0.087,
1791428246.756725,0.5695,0.4998,0.8030,0.4998,0.3646,0.6350,0.6350,0.7538,0.5695,0.2458,0.4302,0.4302,0.4998,0.0942,0.0942,0.0942,0.1229,0.4530,0.6585,,0.2055,,67.19,,,169.6,0.813,0.087,1.359
1791428246.7904832,0.5695,0.6350,0.4998,0.2991,0.2991,0.8440,0.5695,0.3646,0.4302,0.1557,0.4998,0.4998,0.5695,0.0942,0.0369,0.0574,0.0942,0.4530,0.6565,,0.2035,,67.62,,,169.2,0.799,0.085,1.316
1791428246.8297343,0.4302,0.6350,0.7006,0.2991,0.2991,0.7538,0.7006,0.8030,0.4998,0.0737,0.2991,0.4302,0.3646,0.0942,0.0369,0.0942,0.1229,0.4520,0.6525,,0.2005,,67.36,,,169.3,0.819,0.085,
1791428246.8604398,0.4998,0.6350,0.8440,0.4998,0.4302,0.6350,0.6350,0.6350,0.7538,0.2991,0.5695,0.4302,0.4302,0.1966,0.0574,0.0942,0.1966,0.4540,0.6600,,0.2060,,67.54,,,167.7,0.756,0.085,1.345
1791428246.892171,0.3646,0.7006,0.8440,0.4998,0.4302,0.7538,0.5695,0.7006,0.3646,0.0942,0.3646,0.4302,0.4998,0.0574,0.0410,0.0574,0.0942,0.4530,0.6540,,0.2010,,66.66,,,166.7,0.849,0.088,1.469
1791428246.9238756,0.4302,0.8030,0.7538,0.4302,0.4302,0.7006,0.6350,0.8030,0.2991,0.4302,0.4998,0.4998,0.4302,0.0574,0.0737,0.0737,0.1229,0.4550,0.6570,,0.2020,,66.63,,157.3,172.5,0.821,0.088,1.384
1791428246.957195,0.7006,0.6350,0.6350,0.4998,0.4302,0.7006,0.6350,0.7006,0.2991,0.1966,0.3646,0.4302,0.4302,0.1229,0.0410,0.0574,0.0942,0.4560,0.6570,,0.2010,,66.44,,158.9,176.6,0.913,0.089,1.490
1791428246.990163,0.6350,0.8030,0.7006,0.4302,0.3646,0.7006,0.6350,0.6350,0.4302,0.2991,0.4998,0.4998,0.4998,0.0574,0.0246,0.0942,0.1229,0.4560,0.6630,,0.2070,,66.51,,159.7,179.7,0.849,0.089,1.329
1791428247.0246105,0.5695,0.4998,0.7006,0.4998,0.4302,0.8030,0.3646,0.6350,0.2991,0.1966,0.4302,0.4302,0.4998,0.1229,0.0737,0.0737,0.1229,0.4560,0.6525,,0.1965,,66.14,,160.4,177.0,0.815,0.090,1.330
1791428247.05643,0.4998,0.6350,0.8440,0.4998,0.2991,0.7006,0.7538,0.6350,0.4998,0.2991,0.2458,0.4998,0.5695,0.1557,0.0410,0.0737,0.0737,0.4570,0.6545,,0.1975,,65.85,,161.1,177.1,0.882,0.090,
1791428247.0915694,0.6350,0.8440,0.8440,0.4302,0.3646,0.7538,0.6350,0.7538,0.4998,0.1966,0.3646,0.4302,0.4998,0.0369,0.0410,0.0737,0.0942,0.4580,0.6590,,0.2010,,65.75,,162.2,175.6,0.861,0.091,1.413
1791428247.1294823,0.5695,0.7006,0.6350,0.4302,0.3646,0.7006,0.2991,0.4998,0.2458,0.3646,0.4998,0.4998,0.5695,0.1229,0.0574,0.1557,0.1229,0.4560,,,,,65.75,,162.2,175.6,,,
1791428247.1610794,0.8030,0.8440,0.7006,0.2991,0.2991,0.7006,0.5695,0.7538,0.3646,0.2991,0.4998,0.4998,0.4998,0.0737,0.0574,0.0942,0.1229,0.4560,0.6620,,0.2060,,65.76,,162.2,174.1,0.841,0.091,1.394
1791428247.1931856,0.7538,0.8767,0.7538,0.3646,0.2458,0.6350,0.6350,0.6350,0.4302,0.2458,0.3646,0.4302,0.4998,0.1229,0.0246,0.0942,0.0737,0.4560,0.6545,,0.1985,,65.43,,162.5,173.2,0.911,0.092,1.387
1791428247.2249212,0.7006,0.8767,0.8767,0.5695,0.4302,0.6350,0.2991,0.6350,0.2458,0.1966,0.4998,0.4302,0.4302,0.1229,0.0410,0.0942,0.1557,0.4570,,,,,65.43,,162.5,173.2,,,
1791428247.2584283,0.8030,0.7538,0.7538,0.5695,0.4302,0.7006,0.3646,0.7538,0.4998,0.1229,0.2991,0.4998,0.4998,0.1557,0.0574,0.0574,0.0942,0.4570,0.6605,,0.2035,,65.54,,161.7,173.6,0.885,0.092,
1791428247.2903707,0.2991,0.7006,0.4998,0.4302,0.2458,0.7006,0.6350,0.6350,0.2991,0.2458,0.4998,0.4998,0.4302,0.1229,0.0410,0.0574,0.0942,,0.6580,,,,65.54,,161.1,172.5,0.862,0.092,
1791428247.3234732,0.5695,0.8030,0.8030,0.4998,0.4302,0.7538,0.8030,0.8440,0.4302,0.2458,0.4302,0.4302,0.4302,0.0737,0.0574,0.1229,0.0942,0.4570,0.6565,,0.1995,,65.19,,160.7,171.6,0.870,0.093,1.431
1791428247.3587775,0.4302,0.7006,0.8030,0.3646,0.3646,0.7006,0.6350,0.9054,0.6350,0.1557,0.5695,0.4998,0.4998,0.1229,0.0410,0.0574,0.0942,0.4570,0.6530,,0.1960,,65.02,,160.7,170.8,0.817,0.093,1.371
1791428247.398422,0.6350,0.7538,0.6350,0.2991,0.3646,0.5695,0.6350,0.8030,0.4302,0.2991,0.4302,0.5695,0.4998,0.0942,0.0410,0.0942,0.0942,0.4570,0.6555,,0.1985,,64.30,,160.3,170.3,0.905,0.096,1.482
1791428247.4301794,0.5695,0.7006,0.6350,0.4302,0.4998,0.6350,0.4302,0.7538,0.2991,0.3646,0.4998,0.5695,0.4998,0.1229,0.0246,0.0246,0.0737,0.4570,0.6555,,0.1985,,64.18,,158.9,169.6,0.879,0.097,1.440
1791428247.46236,0.6350,0.7006,0.8767,0.5695,0.5695,0.7006,0.4998,0.6350,0.2991,0.2991,0.4302,0.4302,0.4302,0.0737,0.0369,0.0574,0.0737,0.4570,0.6580,,0.2010,,64.34,,158.5,169.0,0.841,0.096,1.397
1791428247.49342,0.4302,0.7538,0.7538,0.4302,0.2991,0.7538,0.6350,0.8030,0.6350,0.2458,0.3646,0.5695,0.4998,0.0205,0.0942,0.0942,0.0942,0.4570,0.6595,,0.2025,,64.36,,158.2,169.0,0.853,0.096,1.437
1791428247.5244446,0.4302,0.8440,0.7538,0.5695,0.4998,0.7006,0.3646,0.8030,0.2991,0.0942,0.6350,0.4302,0.4302,0.1557,0.0369,0.1229,0.1229,0.4570,0.6565,,0.1995,,64.43,,157.8,168.4,0.801,0.096,1.392
1791428247.5592477,0.4998,0.7538,0.8030,0.5695,0.3646,0.7006,0.7006,0.5695,0.7006,0.1557,0.3646,0.4302,0.4998,0.1229,0.0737,0.0574,0.1229,0.4570,0.6590,,0.2020,,64.73,,157.1,168.6,0.769,0.095,1.350
1791428247.5912795,0.5695,0.8440,0.7538,0.4998,0.4302,0.5695,0.7538,0.6350,0.4998,0.3646,0.3646,0.4998,0.4302,0.1557,0.1557,0.1229,0.1229,0.4570,0.6560,,0.1990,,64.75,,156.2,168.4,0.808,0.094,1.374
1791428247.6247716,0.2991,0.7538,0.8440,0.5695,0.3646,0.6350,0.7006,0.6350,0.5695,0.1229,0.4998,0.5695,0.4998,0.0942,0.0942,0.0942,0.0737,,0.6620,,,,64.75,,155.5,169.2,0.853,0.094,
1791428247.658448,0.4998,0.7006,0.4998,0.5695,0.3646,0.7006,0.6350,0.6350,0.4302,0.1966,0.1966,0.3646,0.4998,0.1557,0.0574,0.1557,0.1557,0.4570,0.6630,,0.2060,,64.94,,155.0,169.3,0.752,0.094,
1791428247.699258,0.3646,0.5695,0.3646,0.5695,0.1966,0.7538,0.8030,0.7006,0.3646,0.2458,0.5695,0.4302,0.3646,0.0942,0.0737,0.1229,0.1557,0.4570,0.6570,,0.2000,,65.35,,155.5,168.9,0.849,0.092,1.442
1791428247.7307172,0.4302,0.7538,0.7006,0.3646,0.4302,0.7006,0.7006,0.6350,0.3646,0.1557,0.6350,0.4302,0.4998,0.0574,0.0369,0.0369,0.0737,0.4580,0.6540,,0.1960,,65.01,,154.8,168.1,0.792,0.093,1.442
1791428247.7626922,0.4998,0.7538,0.4998,0.4998,0.4998,0.7538,0.4302,0.8030,0.2458,0.1966,0.4998,0.4302,0.3646,0.0410,0.0410,0.0942,0.1229,0.4570,0.6615,,0.2045,,65.67,,155.3,168.0,0.817,0.091,1.360
1791428247.7937455,0.7006,0.6350,0.7006,0.4998,0.4302,0.7538,0.4302,0.6350,0.4302,0.1557,0.4302,0.4302,0.4998,0.0410,0.0410,0.0410,0.0942,0.4590,0.6600,,0.2010,,66.25,,155.2,168.0,0.720,0.088,1.246
1791428247.8257973,0.3646,0.4998,0.4302,0.3646,0.6350,0.6350,0.4998,0.7538,0.5695,0.4302,0.3646,0.3646,0.4302,0.1557,0.0410,0.0737,0.0942,0.4570,0.6610,,0.2040,,66.26,,155.6,167.8,0.878,0.089,1.388
1791428247.8579085,0.4302,0.7538,0.7006,0.4302,0.4998,0.7538,0.5695,0.4998,0.4998,0.1966,0.4302,0.4998,0.4302,0.1229,0.0574,0.0737,0.0942,0.4570,0.6535,,0.1965,,66.14,,154.9,167.5,0.813,0.089,1.424
1791428247.8921635,0.3646,0.7006,0.6350,0.4302,0.3646,0.7006,0.6350,0.8030,0.2991,0.1966,0.4302,0.4998,0.4998,0.0737,0.0369,0.0942,0.0942,0.4570,0.6575,,0.2005,,65.88,,154.6,168.1,0.888,0.090,1.518
1791428247.925333,0.3646,0.8440,0.7538,0.3646,0.4302,0.3646,0.7006,0.7006,0.4302,0.1557,0.4998,0.4302,0.4998,0.0574,0.0737,0.0737,0.0737,0.4560,0.6560,,0.2000,,66.09,,153.4,167.6,0.828,0.089,1.403
1791428247.9584305,0.4998,0.6350,0.8440,0.4998,0.4302,0.5695,0.7538,0.6350,0.3646,0.1966,0.4998,0.5695,0.4998,0.1229,0.0737,0.0574,0.1229,0.4550,0.6560,,0.2010,,66.29,,152.7,167.6,0.778,0.088,1.360
1791428247.9930234,0.3646,0.8030,0.8030,0.3646,0.4998,0.7006,0.5695,0.7538,0.5695,0.1557,0.4302,0.3646,0.4998,0.0410,0.0410,0.0574,0.0942,0.4550,0.6540,,0.1990,,66.50,,151.5,167.7,0.766,0.087,1.299
1791428248.03151,0.7006,0.8030,0.7538,0.4998,0.4998,0.4302,0.7006,0.4998,0.4998,0.1557,0.2458,0.4302,0.4302,0.1557,0.0410,0.0942,0.1229,0.4630,0.6570,,0.1940,,66.28,,151.6,168.0,0.768,0.087,
1791428248.0631328,0.5695,0.6350,0.8030,0.3646,0.4302,0.7006,0.7006,0.7006,0.4302,0.1557,0.3646,0.4302,0.4998,0.0737,0.0942,0.0942,0.1229,0.4530,0.6580,,0.2050,,66.83,,152.1,168.1,0.810,0.086,1.370
1791428248.0941515,0.7006,0.6350,0.6350,0.3646,0.4302,0.7006,0.6350,0.7538,0.5695,0.2458,0.4998,0.3646,0.4998,0.0410,0.0574,0.1229,0.0942,0.4650,0.6590,,0.1940,,66.62,,152.2,167.8,0.800,0.086,1.446
1791428248.1263194,0.6350,0.5695,0.8030,0.4302,0.5695,0.6350,0.7538,0.8030,0.4998,0.1229,0.3646,0.4302,0.4998,0.0574,0.0410,0.0737,0.0942,0.4540,0.6575,,0.2035,,66.75,,151.5,167.4,0.833,0.086,1.458
1791428248.15895,0.6350,0.8030,0.7538,0.4302,0.7006,0.7538,0.5695,0.7538,0.4302,0.1966,0.4998,0.4302,0.4998,0.0410,0.0410,0.1229,0.1557,0.4560,0.6595,,0.2035,,66.82,,152.0,167.4,0.776,0.086,1.388
1791428248.1918635,0.5695,0.4998,0.7538,0.4302,0.5695,0.7538,0.6350,0.6350,0.6350,0.1557,0.4302,0.4302,0.4998,0.1229,0.0737,0.0942,0.1229,0.4520,0.6575,,0.2055,,66.86,,152.1,167.6,0.750,0.086,1.318
1791428248.2264774,0.5695,0.6350,0.8440,0.4998,0.4998,0.7006,0.5695,0.8030,0.6350,0.1966,0.1229,0.4998,0.4998,0.0737,0.1557,0.0737,0.1229,0.4590,0.6525,,0.1935,,66.43,,152.2,167.4,0.837,0.087,
1791428248.258674,0.3646,0.7006,0.6350,0.4302,0.6350,0.7006,0.6350,0.7006,0.3646,0.1557,0.5695,0.4302,0.4998,0.1229,0.0410,0.1557,0.1557,0.4540,0.6540,,0.2000,,66.80,,152.1,167.4,0.750,0.086,1.315
1791428248.2996964,0.3646,0.7006,0.5695,0.4302,0.2991,0.7006,0.6350,0.8440,0.5695,0.1229,0.2991,0.4302,0.4302,0.1229,0.0246,0.0942,0.0942,0.4520,0.6595,,0.2075,,67.18,,152.4,167.4,0.730,0.085,
1791428248.331527,0.4302,0.7538,0.6350,0.3646,0.4302,0.7006,0.7538,0.6350,0.4302,0.2991,0.2458,0.2991,0.4302,0.0737,0.0410,0.0942,0.0942,0.4510,0.6550,,0.2040,,67.39,,152.3,167.1,,0.084,
1791428248.3622127,0.4998,0.4998,0.7006,0.4998,0.4998,0.7006,0.4302,0.8440,0.3646,0.2991,0.1966,0.3646,0.4302,0.0410,0.0737,0.0737,0.0737,0.4630,0.6630,,0.2000,,67.60,,,166.8,0.779,0.083,
1791428248.3947082,0.5695,0.7538,0.5695,0.2991,0.4302,0.7538,0.7006,0.7538,0.6350,0.1229,0.2991,0.4302,0.4998,0.0737,0.0410,0.0574,0.1229,0.4500,0.6565,,0.2065,,68.32,,,166.4,0.741,0.081,
1791428248.4262588,0.4302,0.5695,0.6350,0.4302,0.4998,0.7538,0.4998,0.7006,0.3646,0.1966,0.5695,0.4302,0.4998,0.0942,0.0246,0.0737,0.1557,0.4580,0.6535,,0.1955,,68.13,,,166.1,0.820,0.081,1.484
1791428248.458856,0.6350,0.6350,0.5695,0.4998,0.4998,0.5695,0.7006,0.7006,0.6350,0.1966,0.5695,0.3646,0.4998,0.0942,0.0574,0.0942,0.0942,0.4500,0.6555,,0.2055,,68.13,,,165.9,0.768,0.081,1.405
1791428248.4925444,0.5695,0.5695,0.7538,0.3646,0.5695,0.8030,0.5695,0.7006,0.4998,0.1229,0.4302,0.6350,0.4998,0.1557,0.0246,0.0737,0.1229,0.4500,0.6530,,0.2030,,68.83,,,165.8,0.753,0.078,1.312
1791428248.5263257,0.5695,0.5695,0.8767,0.5695,0.4302,0.5695,0.5695,0.6350,0.1966,0.1966,0.5695,0.3646,0.4302,0.0737,0.0942,0.0574,0.0942,0.4500,0.6585,,0.2085,,69.32,,,166.2,0.759,0.077,1.293
1791428248.5594053,0.2991,0.4998,0.4998,0.4302,0.5695,0.7538,0.6350,0.7538,0.4998,0.1229,0.2991,0.2991,0.4998,0.0574,0.0410,0.0737,0.0737,,0.6585,,,,69.32,,,166.4,,0.077,
1791428248.592654,0.5695,0.6350,0.6350,0.5695,0.6350,0.7538,0.7006,0.6350,0.2991,0.1557,0.4302,0.4998,0.4998,0.0369,0.0942,0.0574,0.0737,0.4500,0.6640,,0.2140,,69.88,,,166.0,0.781,0.075,1.297
1791428248.6330523,0.4302,0.7538,0.5695,0.4998,0.7006,0.5695,0.7006,0.6350,0.7006,0.1229,0.4302,0.4998,0.4998,0.0574,0.0369,0.0369,0.0246,0.4500,0.6595,,0.2095,,69.57,,,166.8,0.813,0.077,1.392
1791428248.6659052,0.3646,0.7538,0.7006,0.3646,0.7006,0.6350,0.7006,0.7538,0.4998,0.0942,0.3646,0.4998,0.4998,0.0574,0.0369,0.0942,0.0942,0.4580,0.6600,,0.2020,,69.22,,,167.1,0.833,0.078,1.460
1791428248.6965299,0.4302,0.8030,0.9259,0.3646,0.3646,0.7006,0.6350,0.6350,0.5695,0.1966,0.1966,0.4302,0.4998,0.0369,0.0410,0.0574,0.0942,0.4500,0.6560,,0.2060,,69.57,,,166.9,0.762,0.077,
1791428248.7293782,0.4998,0.3646,0.5695,0.4302,0.5695,0.6350,0.4998,0.6350,0.4302,0.1229,0.2458,0.4302,0.4998,0.0737,0.0246,0.0205,0.0574,0.4500,0.6640,,0.2140,,70.03,,,167.7,0.806,0.075,
1791428248.760277,0.3646,0.6350,0.8440,0.4302,0.4998,0.7006,0.7006,0.7538,0.3646,0.1557,0.2991,0.4998,0.4998,0.0410,0.1229,0.0942,0.1557,0.4500,0.6575,,0.2075,,69.37,,,168.0,0.792,0.078,
1791428248.792964,0.6350,0.7006,0.8030,0.4302,0.4998,0.8440,0.4998,0.7538,0.3646,0.4302,0.4302,0.4302,0.4998,0.1229,0.0369,0.0410,0.0942,0.4500,0.6560,,0.2060,,68.87,,154.6,167.4,0.790,0.080,1.388
1791428248.8265457,0.7006,0.6350,0.7538,0.4998,0.5695,0.7538,0.7006,0.7006,0.5695,0.0942,0.3646,0.4302,0.3646,0.0574,0.0205,0.1229,0.0942,0.4500,0.6625,,0.2125,,69.04,,154.2,167.2,0.751,0.080,1.351
1791428248.8599777,0.4998,0.7538,0.8440,0.4998,0.4302,0.7006,0.6350,0.6350,0.5695,0.2458,0.2991,0.1966,0.4302,0.0369,0.0246,0.0574,0.0942,0.4520,0.6590,,0.2070,,69.20,,154.3,167.8,,0.079,
1791428248.8927512,0.4998,0.7006,0.8440,0.4998,0.3646,0.7006,0.7538,0.6350,0.4998,0.1966,0.4998,0.4998,0.4302,0.0942,0.0369,0.0737,0.0942,0.4510,0.6555,,0.2045,,68.81,,154.3,167.4,0.821,0.080,1.416
1791428248.9332497,0.4998,0.6350,0.8030,0.4302,0.4998,0.6350,0.7006,0.7538,0.4998,0.1557,0.4998,0.4998,0.4302,0.0942,0.0410,0.1229,0.1229,0.4500,0.6635,,0.2135,,69.02,,155.2,167.2,0.788,0.080,1.330
1791428248.965091,0.3646,0.8030,0.8440,0.5695,0.5695,0.5695,0.6350,0.7538,0.2991,0.1966,0.3646,0.4998,0.4998,0.1557,0.0246,0.0574,0.0942,0.4510,0.6630,,0.2120,,69.40,,154.6,166.6,0.795,0.079,1.334
1791428248.9958894,0.4302,0.7006,0.5695,0.6350,0.4998,0.5695,0.7538,0.8030,0.4302,0.4302,0.2458,0.5695,0.4998,0.0942,0.0737,0.0410,0.0410,0.4510,0.6600,,0.2090,,68.87,,155.5,167.0,0.832,0.081,1.563
1791428249.0285835,0.6350,0.8767,0.7538,0.4998,0.4998,0.5695,0.7006,0.5695,0.4998,0.1966,0.6350,0.4998,0.4998,0.1966,0.0574,0.1229,0.1229,0.4500,0.6560,,0.2060,,68.56,,154.5,167.2,0.793,0.082,1.403
1791428249.059839,0.4998,0.8030,0.6350,0.4998,0.4302,0.7006,0.6350,0.7538,0.3646,0.2458,0.1557,0.4302,0.4998,0.1557,0.0369,0.0942,0.1557,0.4500,0.6565,,0.2065,,68.26,,154.4,166.8,0.721,0.083,
1791428249.0927253,0.3646,0.7006,0.6350,0.4998,0.4998,0.7538,0.6350,0.7006,0.4302,0.1229,0.2991,0.5695,0.4302,0.0942,0.0410,0.0942,0.1557,0.4500,0.6565,,0.2065,,68.12,,154.8,166.6,0.779,0.083,
1791428249.1261728,0.5695,0.6350,0.7006,0.4302,0.5695,0.5695,0.4998,0.8030,0.3646,0.1557,0.2458,0.4998,0.4302,0.0942,0.0410,0.0574,0.0737,0.4540,0.6625,,0.2085,,68.41,,155.1,166.9,0.824,0.082,
1791428249.1590128,0.7006,0.6350,0.6350,0.4302,0.4998,0.6350,0.8030,0.6350,0.5695,0.2991,0.4302,0.4302,0.4998,0.0737,0.0410,0.0942,0.1229,0.4540,0.6575,,0.2035,,68.43,,155.3,166.6,0.801,0.082,1.415
1791428249.1938531,0.4302,0.7006,0.6350,0.4998,0.2991,0.8030,0.7538,0.6350,0.6350,0.1557,0.1557,0.4302,0.4302,0.1229,0.0410,0.0737,0.0574,0.4510,0.6600,,0.2090,,68.75,,155.6,166.1,0.741,0.081,
1791428249.2340653,0.3646,0.8030,0.7538,0.6350,0.4998,0.7006,0.6350,0.7538,0.4998,0.1557,0.5695,0.4998,0.4302,0.0574,0.0205,0.0942,0.1229,0.4510,0.6610,,0.2100,,68.54,,155.3,165.9,0.805,0.082,1.409
1791428249.2647786,0.2991,0.6350,0.7538,0.5695,0.6350,0.7006,0.6350,0.7006,0.4998,0.1557,0.4998,0.3646,0.4998,0.0410,0.0369,0.0942,0.1229,,0.6545,,,,68.54,,154.3,165.9,0.821,0.082,
1791428249.2967658,0.6350,0.7538,0.6350,0.3646,0.5695,0.7538,0.5695,0.7538,0.2991,0.1966,0.5695,0.4302,0.4998,0.1557,0.0737,0.0942,0.1229,0.4500,0.6595,,0.2095,,68.56,,154.0,165.3,0.767,0.082,1.310
1791428249.3286421,0.4302,0.7538,0.8030,0.4302,0.5695,0.6350,0.4998,0.7006,0.5695,0.0737,0.5695,0.2458,0.3646,0.0942,0.0369,0.1229,0.1229,0.4510,0.6605,,0.2095,,68.20,,152.9,165.4,,0.083,1.459
1791428249.3607068,0.6350,0.8030,0.8767,0.5695,0.5695,0.8440,0.8030,0.7538,0.3646,0.1557,0.4302,0.4302,0.4302,0.0942,0.0205,0.1229,0.1229,0.4500,0.6630,,0.2130,,68.54,,153.2,165.8,0.761,0.082,1.383
1791428249.3942635,0.4302,0.9054,0.7006,0.4302,0.5695,0.5695,0.4998,0.6350,0.4998,0.1966,0.2991,0.4302,0.4302,0.0942,0.0410,0.0574,0.0737,0.4510,0.6630,,0.2120,,68.94,,153.5,166.2,0.765,0.081,
1791428249.4264886,0.5695,0.7006,0.6350,0.4998,0.4302,0.8030,0.7538,0.7538,0.2458,0.1557,0.2991,0.4302,0.4998,0.0737,0.0369,0.0942,0.0942,0.4500,0.6595,,0.2095,,68.83,,154.0,165.8,0.809,0.081,
1791428249.4598083,0.6350,0.8767,0.8030,0.4302,0.4302,0.7538,0.7006,0.8030,0.5695,0.1966,0.2991,0.4302,0.4302,0.0737,0.0737,0.0574,0.1229,0.4510,0.6610,,0.2100,,68.68,,154.1,166.4,0.801,0.082,
1791428249.494294,0.6350,0.8440,0.7538,0.4302,0.4998,0.6350,0.6350,0.7006,0.4998,0.1966,0.1966,0.4302,0.4302,0.0410,0.0410,0.0574,0.0574,0.4510,0.6590,,0.2080,,68.66,,154.4,166.0,0.762,0.082,
1791428249.5328867,0.4998,0.8030,0.8440,0.3646,0.4998,0.5695,0.7006,0.8030,0.4302,0.1229,0.7006,0.4998,0.5695,0.1966,0.0574,0.0737,0.1557,0.4510,0.6625,,0.2115,,68.66,,,165.7,0.852,0.082,1.504
1791428249.5650978,0.5695,0.8030,0.8030,0.2991,0.4302,0.7006,0.5695,0.6350,0.7006,0.1557,0.5695,0.4302,0.4302,0.0942,0.1229,0.0737,0.0737,0.4520,0.6600,,0.2080,,69.08,,,165.9,0.778,0.080,1.378
1791428249.5974157,0.3646,0.7538,0.4998,0.3646,0.4998,0.6350,0.4998,0.6350,0.4302,0.0737,0.6350,0.4998,0.4302,0.0574,0.0369,0.0737,0.1229,0.4520,0.6615,,0.2095,,69.79,,,166.1,0.809,0.077,1.412
1791428249.6288815,0.5695,0.7006,0.8767,0.4302,0.4302,0.8030,0.5695,0.4998,0.4302,0.0942,0.2458,0.4302,0.5695,0.0574,0.0410,0.0410,0.0942,0.4510,0.6590,,0.2080,,69.82,,,166.0,0.775,0.077,
1791428249.6598282,0.4302,0.7006,0.8030,0.4302,0.4302,0.5695,0.6350,0.7538,0.4998,0.1966,0.4302,0.4302,0.3646,0.0410,0.0574,0.0737,0.0737,0.4540,0.6570,,0.2030,,69.90,,,166.2,0.791,0.076,1.388
1791428249.694852,0.7006,0.6350,0.8030,0.4302,0.3646,0.7538,0.4998,0.7006,0.3646,0.0942,0.5695,0.3646,0.4302,0.1966,0.0369,0.0737,0.1229,0.4510,0.6535,,0.2025,,70.02,,,166.7,0.709,0.075,1.255
1791428249.7278588,0.4302,0.7006,0.7006,0.4302,0.4302,0.6350,0.7006,0.7538,0.4998,0.1557,0.4302,0.3646,0.4302,0.0942,0.0574,0.0737,0.0737,0.4520,0.6610,,0.2090,,69.82,,,166.4,0.798,0.076,1.429
1791428249.7607973,0.7006,0.8440,0.7538,0.2991,0.4998,0.8440,0.4998,0.7538,0.4998,0.1966,0.3646,0.4302,0.5695,0.1557,0.0369,0.0942,0.1229,0.4570,0.6635,,0.2065,,69.40,,,166.2,0.845,0.078,1.440
1791428249.7955315,0.3646,0.8030,0.6350,0.5695,0.4998,0.7538,0.6350,0.6350,0.4998,0.1557,0.1966,0.4302,0.4302,0.0574,0.0246,0.0737,0.0942,0.4520,0.6595,,0.2075,,69.45,,,166.5,0.711,0.078,
1791428249.8345256,0.6350,0.8030,0.8440,0.2991,0.7006,0.7538,0.8030,0.5695,0.5695,0.1229,0.1557,0.4998,0.4302,0.0942,0.1557,0.1229,0.1229,0.4520,0.6635,,0.2115,,69.78,,,166.9,0.769,0.077,
1791428249.866188,0.4998,0.8030,0.8440,0.4998,0.4998,0.4998,0.6350,0.7538,0.4302,0.1229,0.3646,0.4302,0.4302,0.1557,0.0574,0.0942,0.0942,0.4510,0.6625,,0.2115,,69.31,,,166.8,0.777,0.079,1.407
1791428249.8976035,0.7538,0.5695,0.4998,0.2991,0.5695,0.6350,0.7538,0.7538,0.4302,0.1966,0.4998,0.2991,0.4998,0.0737,0.0410,0.0737,0.0737,0.4530,0.6650,,0.2120,,69.37,,,166.8,,0.079,1.275
1791428249.9292052,0.4998,0.7006,0.7538,0.4302,0.4998,0.4998,0.7006,0.7538,0.5695,0.2458,0.4998,0.4998,0.4302,0.0574,0.0369,0.1229,0.0942,0.4520,0.6590,,0.2070,,69.07,,,166.8,0.788,0.080,1.409
1791428249.9606564,0.4998,0.7006,0.9054,0.3646,0.2458,0.2991,0.7538,0.8030,0.6350,0.1966,0.2458,0.4998,0.5695,0.1229,0.0410,0.0574,0.0942,0.4510,,,,,69.07,,,166.8,,,
1791428249.9954174,0.3646,0.8030,0.7538,0.4998,0.4998,0.6350,0.5695,0.5695,0.4998,0.2458,0.2458,0.4302,0.3646,0.1229,0.0574,0.0574,0.0942,0.4520,0.6645,,0.2125,,68.63,,,167.0,0.728,0.082,
1791428250.0274146,0.6350,0.8030,0.8030,0.4302,0.6350,0.6350,0.4998,0.5695,0.4998,0.0737,0.4302,0.5695,0.4302,0.0942,0.0574,0.0410,0.0942,0.4520,0.6640,,0.2120,,69.26,,,167.5,0.795,0.080,1.339
1791428250.0614772,0.6350,0.5695,0.8767,0.4998,0.4302,0.7006,0.7538,0.6350,0.5695,0.1229,0.4998,0.4302,0.5695,0.0737,0.0410,0.0410,0.0737,0.4520,0.6650,,0.2130,,69.41,,,167.6,0.707,0.079,1.343
1791428250.0943127,0.6350,0.9054,0.7538,0.3646,0.4998,0.7538,0.7538,0.7006,0.4998,0.0942,0.2991,0.4302,0.4302,0.0369,0.0737,0.0574,0.0737,0.4530,0.6650,,0.2120,,69.18,,,167.8,0.743,0.080,
1791428250.135511,0.7538,0.7538,0.8440,0.4998,0.5695,0.7006,0.7538,0.8767,0.2458,0.1966,0.4302,0.4998,0.4998,0.1229,0.0574,0.0942,0.1557,0.4530,0.6585,,0.2055,,69.14,,,167.5,0.795,0.080,1.367
1791428250.1659038,0.6350,0.8440,0.7006,0.4998,0.3646,0.7006,0.4998,0.7006,0.5695,0.1229,0.4302,0.4302,0.4302,0.0410,0.0574,0.0410,0.0574,0.4520,0.6595,,0.2075,,69.04,,,167.7,0.799,0.080,1.358
1791428250.1969478,0.5695,0.6350,0.8440,0.4998,0.4998,0.7006,0.4302,0.7538,0.7006,0.1229,0.3646,0.4998,0.4998,0.1229,0.0369,0.0574,0.0942,0.4560,0.6590,,0.2030,,69.03,,,167.4,0.769,0.080,1.362
1791428250.2283576,0.7538,0.8440,0.7538,0.4302,0.4302,0.7538,0.5695,0.7538,0.5695,0.2458,0.2991,0.4998,0.5695,0.1966,0.0737,0.0737,0.1229,0.4570,0.6610,,0.2040,,69.54,,,167.7,0.720,0.077,
1791428250.260983,0.4998,0.8440,0.8440,0.4998,0.4998,0.7006,0.5695,0.7538,0.6350,0.0942,0.3646,0.3646,0.4998,0.0574,0.0246,0.0737,0.0737,0.4530,0.6590,,0.2060,,69.75,,,167.5,0.722,0.076,1.277
1791428250.2949035,0.4998,0.6350,0.9054,0.4302,0.5695,0.6350,0.7538,0.8440,0.5695,0.1557,0.1966,0.4302,0.4302,0.0574,0.0574,0.0942,0.1557,0.4530,0.6640,,0.2110,,69.53,,,167.6,0.821,0.078,
1791428250.328386,0.5695,0.7538,0.7006,0.3646,0.4998,0.7006,0.7006,0.7006,0.4302,0.1557,0.1557,0.3646,0.4998,0.0942,0.0369,0.0410,0.1229,0.4530,0.6555,,0.2025,,69.24,,,167.6,0.755,0.078,
1791428250.362634,0.4998,0.7538,0.8440,0.4302,0.4998,0.8030,0.7006,0.8030,0.2991,0.1557,0.3646,0.4998,0.4998,0.0369,0.0369,0.0942,0.1229,0.4560,0.6650,,0.2090,,69.54,,,168.3,0.727,0.077,1.272
1791428250.3946204,0.5695,0.8030,0.8030,0.4998,0.5695,0.7538,0.6350,0.7006,0.5695,0.1229,0.4302,0.4302,0.4302,0.0369,0.0369,0.0737,0.1557,0.4530,0.6585,,0.2055,,69.40,,,167.9,0.780,0.078,1.339
1791428250.4277656,0.6350,0.8440,0.6350,0.4998,0.6350,0.7538,0.7538,0.7006,0.4302,0.0942,0.4302,0.4302,0.4302,0.0369,0.0246,0.0942,0.0942,0.4560,0.6580,,0.2020,,69.00,,,167.5,0.742,0.079,1.380
1791428250.4663393,0.5695,0.8030,0.7538,0.4998,0.4302,0.7006,0.6350,0.7538,0.4998,0.1966,0.4302,0.4302,0.4998,0.1557,0.0574,0.1229,0.1557,0.4560,0.6645,,0.2085,,68.61,,,167.5,0.735,0.081,1.376
1791428250.4993677,0.5695,0.5695,0.7006,0.4302,0.4998,0.7006,0.8030,0.6350,0.4998,0.2458,0.3646,0.4302,0.4302,0.0737,0.0574,0.0942,0.0942,0.4530,0.6565,,0.2035,,68.57,,,167.1,0.737,0.081,1.342
1791428250.5301685,0.2991,0.9054,0.8030,0.2991,0.4302,0.6350,0.5695,0.5695,0.5695,0.1966,0.2458,0.4302,0.5695,0.0942,0.0574,0.0369,0.0737,,0.6620,,,,68.57,,,166.7,0.786,0.081,
1791428250.5616772,0.4998,0.8030,0.8030,0.5695,0.3646,0.7006,0.7538,0.7006,0.6350,0.1966,0.4998,0.4302,0.4302,0.0942,0.0369,0.1229,0.0942,0.4560,0.6565,,0.2005,,68.32,,,167.3,0.713,0.081,1.319
1791428250.594657,0.4302,0.8440,0.8030,0.6350,0.4998,0.5695,0.7006,0.6350,0.4302,0.1557,0.4302,0.4998,0.4998,0.0369,0.0410,0.0410,0.0942,0.4530,0.6665,,0.2135,,68.34,,,167.6,0.832,0.082,1.424
1791428250.631835,0.4998,0.8767,0.7006,0.4302,0.4998,0.4998,0.6350,0.8030,0.4998,0.1966,0.4302,0.4302,0.4998,0.1966,0.1557,0.0737,0.1557,0.4520,0.6600,,0.2080,,68.25,,,168.6,0.777,0.083,1.337
1791428250.6722753,0.3646,0.5695,0.8440,0.6350,0.6350,0.7006,0.6350,0.7006,0.6350,0.0942,0.3646,0.4302,0.4302,0.0574,0.0246,0.0942,0.0942,0.4510,0.6530,,0.2020,,68.04,,,168.2,0.774,0.083,1.408
1791428250.7035196,0.5695,0.8030,0.4998,0.3646,0.1557,0.7538,0.7538,0.6350,0.5695,0.1557,0.3646,0.4302,0.5695,0.1557,0.1229,0.0942,0.1966,0.4510,0.6595,,0.2085,,67.42,,,168.3,0.741,0.086,1.430
1791428250.7353244,0.7006,0.8030,0.7006,0.2991,0.5695,0.7538,0.7006,0.7006,0.7006,0.1557,0.5695,0.4998,0.4302,0.1229,0.1229,0.0737,0.1229,0.4560,0.6535,,0.1975,,66.71,,,168.0,0.801,0.088,1.451
1791428250.767188,0.5695,0.6350,0.7006,0.5695,0.4998,0.6350,0.6350,0.5695,0.5695,0.1557,0.1557,0.5695,0.4998,0.0369,0.0246,0.0737,0.0942,0.4560,0.6520,,0.1960,,66.29,,,167.9,0.776,0.089,
1791428250.7980757,0.6350,0.7538,0.7538,0.5695,0.4998,0.7538,0.5695,0.7538,0.5695,0.1557,0.4998,0.4998,0.4998,0.2458,0.0410,0.0942,0.1229,0.4530,0.6560,,0.2030,,66.02,,,167.7,0.773,0.090,1.350
1791428250.829691,0.5695,0.6350,0.7538,0.4998,0.4998,0.8030,0.5695,0.7538,0.5695,0.0942,0.4998,0.4998,0.6350,0.0369,0.0246,0.0942,0.1229,0.4510,0.6540,,0.2030,,65.77,,,168.1,0.821,0.091,1.375
1791428250.8617089,0.3646,0.7538,0.7538,0.4302,0.4302,0.8030,0.7006,0.5695,0.3646,0.1229,0.2991,0.3646,0.3646,0.0410,0.0574,0.0410,0.0942,0.4560,0.6600,,0.2040,,65.65,,,167.7,0.778,0.092,
1791428250.8956902,0.2991,0.6350,0.7538,0.3646,0.5695,0.7538,0.6350,0.6350,0.4998,0.2458,0.4998,0.4998,0.4998,0.0574,0.0737,0.0942,0.1229,,0.6555,,,,65.65,,,168.3,0.795,0.092,
1791428250.9292161,0.4998,0.8440,0.8030,0.3646,0.4998,0.7006,0.4998,0.8030,0.5695,0.1557,0.2991,0.4998,0.4998,0.0737,0.1229,0.0574,0.1229,0.4560,0.6580,,0.2020,,65.59,,,168.3,0.731,0.092,
1791428250.9625776,0.4998,0.6350,0.8767,0.4998,0.4302,0.4998,0.6350,0.6350,0.5695,0.2458,0.3646,0.4302,0.4302,0.1229,0.0942,0.0737,0.0942,0.4530,0.6545,,0.2015,,65.56,,,167.8,0.796,0.092,1.421
1791428250.9961474,0.2991,0.4998,0.4998,0.3646,0.4998,0.4302,0.5695,0.6350,0.4998,0.1557,0.4302,0.4302,0.4302,0.0942,0.0246,0.1229,0.1229,,0.6550,,,,65.56,,,167.5,0.742,0.092,
1791428251.0358515,0.4998,0.6350,0.5695,0.4998,0.5695,0.4998,0.7538,0.7006,0.5695,0.3646,0.4998,0.4998,0.4302,0.1229,0.0205,0.0942,0.1229,0.4520,0.6605,,0.2085,,65.59,,146.9,167.4,0.809,0.092,1.367
1791428251.0684404,0.3646,0.6350,0.7006,0.4998,0.5695,0.8030,0.7006,0.4998,0.5695,0.1557,0.3646,0.4302,0.4998,0.0574,0.0574,0.1229,0.0942,0.4520,0.6580,,0.2060,,65.80,,146.5,167.2,0.788,0.092,1.355
1791428251.0996876,0.4302,0.8440,0.7006,0.4998,0.4998,0.6350,0.6350,0.7006,0.5695,0.2458,0.5695,0.5695,0.4998,0.0942,0.0205,0.0737,0.0737,0.4520,0.6555,,0.2035,,66.21,,145.9,167.5,0.747,0.090,1.303
1791428251.131145,0.3646,0.6350,0.4998,0.4302,0.5695,0.7006,0.5695,0.5695,0.4998,0.1966,0.5695,0.2991,0.3646,0.0574,0.0942,0.0737,0.0942,0.4520,0.6560,,0.2040,,65.78,,146.2,167.2,,0.092,1.425
1791428251.1632676,0.4302,0.7538,0.7006,0.3646,0.4998,0.5695,0.6350,0.5695,0.6350,0.1557,0.4998,0.4998,0.4998,0.0574,0.0246,0.0942,0.0942,0.4520,0.6585,,0.2065,,66.01,,146.5,167.2,0.810,0.091,1.412
1791428251.1951413,0.6350,0.7538,0.8030,0.4998,0.4998,0.6350,0.3646,0.6350,0.4998,0.2458,0.5695,0.4998,0.4998,0.0737,0.0737,0.0737,0.1229,0.4560,0.6560,,0.2000,,65.66,,146.9,167.4,0.761,0.092,1.408
1791428251.2292767,0.4998,0.8440,0.7538,0.4998,0.4998,0.7006,0.5695,0.4998,0.4302,0.2458,0.4302,0.4998,0.4998,0.0369,0.1557,0.0942,0.1229,0.4560,0.6530,,0.1970,,65.49,,146.4,167.2,0.763,0.092,1.381
1791428251.2628956,0.5695,0.6350,0.7538,0.4302,0.4998,0.7006,0.7006,0.5695,0.7006,0.2991,0.4302,0.4998,0.4998,0.1229,0.0246,0.0942,0.0942,0.4520,0.6580,,0.2060,,65.84,,146.3,167.3,0.760,0.091,1.342
1791428251.2958415,0.6350,0.7006,0.8440,0.4998,0.5695,0.7538,0.7006,0.7006,0.6350,0.1557,0.3646,0.4998,0.4302,0.0737,0.0574,0.0737,0.0942,0.4520,0.6550,,0.2030,,65.91,,146.2,167.3,0.790,0.091,1.422
1791428251.3297544,0.7006,0.6350,0.7006,0.3646,0.3646,0.8030,0.5695,0.5695,0.5695,0.1966,0.4302,0.3646,0.2991,0.1229,0.0246,0.0942,0.1557,0.4550,0.6570,,0.2020,,65.90,,146.3,167.0,,0.091,1.377
1791428251.3679087,0.4998,0.7538,0.7006,0.4302,0.3646,0.6350,0.5695,0.5695,0.6350,0.2991,0.4998,0.4998,0.4998,0.0737,0.0410,0.0942,0.0942,0.4520,0.6565,,0.2045,,66.04,,146.3,166.9,0.768,0.090,1.364
1791428251.400575,0.7006,0.7006,0.7538,0.4998,0.4302,0.7006,0.6350,0.5695,0.4998,0.1557,0.4302,0.4998,0.4998,0.0410,0.0205,0.0942,0.1557,0.4520,0.6580,,0.2060,,66.36,,146.0,167.1,0.763,0.089,1.328
1791428251.4329743,0.7006,0.6350,0.7006,0.4998,0.3646,0.8030,0.7538,0.5695,0.5695,0.1966,0.5695,0.4302,0.4998,0.1229,0.0369,0.0574,0.0737,0.4560,0.6545,,0.1985,,66.83,,145.3,166.9,0.817,0.087,1.409
1791428251.4631295,0.6350,0.5695,0.8030,0.3646,0.3646,0.7006,0.7006,0.6350,0.4302,0.0942,0.4998,0.4998,0.4998,0.0942,0.0369,0.0410,0.0942,0.4520,0.6535,,0.2015,,66.98,,145.6,166.9,0.755,0.086,1.347
1791428251.4961967,0.4998,0.7006,0.8030,0.4998,0.3646,0.7006,0.5695,0.5695,0.5695,0.1966,0.2458,0.5695,0.4998,0.0737,0.0205,0.0942,0.0942,0.4560,0.6530,,0.1970,,66.85,,144.5,166.4,0.814,0.086,
1791428251.5290906,0.6350,0.4998,0.7538,0.4302,0.4302,0.7538,0.6350,0.6350,0.2458,0.1557,0.4302,0.4998,0.4998,0.0942,0.0246,0.0737,0.0942,0.4520,0.6560,,0.2040,,66.85,,144.6,166.4,0.803,0.086,1.364
1791428251.5626013,0.4998,0.4998,0.7538,0.4302,0.4302,0.7006,0.5695,0.4998,0.7006,0.1229,0.4998,0.3646,0.4302,0.1229,0.0369,0.0737,0.0942,0.4530,0.6595,,0.2065,,66.94,,,166.2,0.722,0.086,1.307
1791428251.5967853,0.6350,0.7006,0.6350,0.4302,0.4302,0.8030,0.7538,0.6350,0.4998,0.1557,0.3646,0.4302,0.4302,0.1966,0.0574,0.0737,0.1229,0.4540,0.6515,,0.1975,,66.38,,,166.9,0.755,0.088,1.416
1791428251.6294158,0.6350,0.7006,0.7538,0.4998,0.2458,0.4998,0.7006,0.6350,0.6350,0.1966,0.4998,0.5695,0.4998,0.0246,0.0369,0.0737,0.0942,0.4540,0.6540,,0.2000,,66.41,,,166.4,0.803,0.088,1.405
1791428251.6696687,0.4302,0.7006,0.8440,0.3646,0.2991,0.6350,0.7006,0.7006,0.5695,0.1966,0.3646,0.4998,0.4998,0.1557,0.0369,0.0737,0.0942,0.4570,0.6560,,0.1990,,66.15,,,166.2,0.752,0.089,1.338
1791428251.7015405,0.2991,0.6350,0.7006,0.4302,0.2991,0.7006,0.6350,0.5695,0.6350,0.1966,0.6350,0.3646,0.4998,0.1966,0.0574,0.0737,0.1229,,0.6610,,,,66.15,,,167.1,0.773,0.089,
1791428251.7332702,0.3646,0.7006,0.9054,0.3646,0.4302,0.7538,0.4998,0.7538,0.4302,0.2458,0.3646,0.4998,0.5695,0.0410,0.0574,0.1229,0.1557,0.4540,0.6565,,0.2025,,66.28,,,166.9,0.731,0.088,1.314
1791428251.7656865,0.7006,0.4302,0.7538,0.3646,0.4302,0.6350,0.6350,0.4998,0.5695,0.2991,0.4302,0.4998,0.4998,0.1229,0.0246,0.1229,0.1557,0.4520,0.6535,,0.2015,,66.05,,,166.9,0.773,0.089,1.368
1791428251.7968075,0.6350,0.7006,0.8030,0.4302,0.4302,0.8030,0.7006,0.7006,0.6350,0.1229,0.4302,0.4998,0.4998,0.0942,0.0205,0.0942,0.1229,0.4510,0.6525,,0.2015,,65.40,,,166.3,0.845,0.092,1.517
1791428251.83009,0.5695,0.6350,0.3646,0.3646,0.3646,0.8440,0.6350,0.5695,0.5695,0.1229,0.4998,0.4998,0.4302,0.1966,0.0246,0.0942,0.0942,0.4520,0.6505,,0.1985,,65.12,,,166.0,0.845,0.093,1.443
1791428251.863387,0.4998,0.4998,0.6350,0.4998,0.3646,0.2458,0.7006,0.5695,0.7006,0.2458,0.4998,0.5695,0.4998,0.0205,0.0369,0.0942,0.0942,0.4540,,,,,65.12,,,166.0,,,
1791428251.895772,0.8030,0.7538,0.8030,0.4998,0.4302,0.7538,0.5695,0.4998,0.4998,0.2458,0.2991,0.2458,0.4302,0.0410,0.0369,0.0737,0.0942,0.4530,0.6590,,0.2060,,65.12,,,166.1,,0.094,
1791428251.930307,0.6350,0.6350,0.7006,0.4302,0.2991,0.7538,0.5695,0.6350,0.6350,0.2458,0.6350,0.4998,0.4998,0.0942,0.0574,0.0942,0.0942,0.4510,0.6560,,0.2050,,64.93,,,166.4,0.810,0.095,1.406
1791428251.9626808,0.4302,0.7006,0.7006,0.6350,0.4998,0.7538,0.5695,0.5695,0.6350,0.4302,0.4998,0.4998,0.4998,0.0410,0.0205,0.0942,0.1229,0.4520,0.6545,,0.2025,,65.35,,144.3,166.6,0.803,0.093,1.248
1791428252.0029993,0.4302,0.5695,0.8030,0.4302,0.4302,0.7538,0.7006,0.7006,0.4302,0.3646,0.2991,0.4998,0.4998,0.0737,0.0574,0.0942,0.0942,0.4560,0.6540,,0.1980,,64.75,,144.9,166.7,0.787,0.095,1.304
1791428252.034541,0.2991,0.7006,0.7006,0.3646,0.3646,0.8440,0.7006,0.3646,0.6350,0.3646,0.4998,0.4998,0.4998,0.0942,0.0246,0.1229,0.0942,,0.6520,,,,64.75,,145.7,167.2,0.870,0.095,
1791428252.0656965,0.3646,0.7006,0.7006,0.4302,0.4998,0.7538,0.7538,0.7006,0.7006,0.1966,0.2991,0.5695,0.4998,0.1229,0.0737,0.0942,0.1229,0.4520,0.6540,,0.2020,,65.14,,145.2,167.1,0.746,0.093,
1791428252.0977564,0.6350,0.7006,0.6350,0.4302,0.4302,0.7538,0.5695,0.8030,0.5695,0.2458,0.4302,0.4302,0.5695,0.0369,0.0574,0.0737,0.0574,0.4530,0.6565,,0.2035,,64.71,,145.5,166.7,0.821,0.095,1.458
1791428252.1296716,0.4998,0.7538,0.7538,0.4998,0.4998,0.7538,0.5695,0.6350,0.5695,0.4302,0.5695,0.4302,0.4998,0.0942,0.0574,0.0737,0.0942,0.4620,0.6505,,0.1885,,64.49,,145.9,166.5,0.817,0.095,1.320
1791428252.1636093,0.5695,0.7006,0.7006,0.4302,0.5695,0.5695,0.5695,0.6350,0.7006,0.5695,0.4998,0.4998,0.4998,0.0369,0.0164,0.0942,0.1229,0.4510,0.6565,,0.2055,,64.63,,146.1,166.3,0.762,0.095,1.255
1791428252.1970417,0.4998,0.5695,0.7006,0.3646,0.4302,0.7538,0.7538,0.6350,0.3646,0.4302,0.4998,0.4998,0.5695,0.1229,0.0737,0.0942,0.1229,0.4520,0.6540,,0.2020,,65.00,,146.4,166.3,0.845,0.094,1.339
1791428252.230554,0.4302,0.7538,0.7006,0.4998,0.4998,0.7538,0.5695,0.7538,0.4302,0.3646,0.2458,0.2991,0.3646,0.0737,0.0246,0.0737,0.0942,0.4530,0.6550,,0.2020,,65.19,,146.4,165.7,,0.093,1.291
1791428252.263332,0.4998,0.7538,0.6350,0.4302,0.4998,0.7538,0.5695,0.6350,0.3646,0.1557,0.5695,0.5695,0.4998,0.0942,0.0574,0.0369,0.1229,0.4510,0.6590,,0.2080,,65.93,,146.7,166.2,0.767,0.090,1.333
1791428252.3037074,0.4998,0.7538,0.8030,0.5695,0.4302,0.8030,0.4998,0.4998,0.7538,0.2458,0.5695,0.4998,0.4998,0.0574,0.0574,0.0942,0.0942,0.4530,0.6545,,0.2015,,65.37,,146.6,166.7,0.792,0.093,1.417
1791428252.3363705,0.3646,0.7006,0.7006,0.4302,0.2991,0.7538,0.7006,0.5695,0.5695,0.1966,0.4302,0.4302,0.4302,0.1966,0.0574,0.0942,0.1229,0.4530,0.6580,,0.2050,,65.35,,145.3,166.6,0.801,0.093,1.428
1791428252.3663504,0.6350,0.5695,0.8030,0.4302,0.4302,0.8030,0.4998,0.6350,0.5695,0.2458,0.2458,0.4302,0.4998,0.1966,0.0369,0.0737,0.0737,0.4520,0.6535,,0.2015,,65.65,,145.5,166.9,0.762,0.092,
1791428252.4004967,0.7538,0.6350,0.7006,0.4302,0.4302,0.7006,0.6350,0.8030,0.6350,0.5695,0.5695,0.3646,0.4998,0.1229,0.0246,0.0737,0.0737,0.4520,0.6545,,0.2025,,65.66,,145.8,167.1,0.799,0.092,1.264
1791428252.431884,0.7006,0.4998,0.6350,0.4302,0.4302,0.7538,0.4998,0.6350,0.5695,0.1966,0.4302,0.4998,0.4998,0.1557,0.0369,0.0574,0.0574,0.4530,0.6565,,0.2035,,66.07,,145.6,166.5,0.782,0.090,1.321
1791428252.463298,0.5695,0.6350,0.8030,0.3646,0.3646,0.6350,0.5695,0.5695,0.7006,0.1557,0.5695,0.4302,0.3646,0.0942,0.0410,0.0737,0.0737,0.4540,0.6550,,0.2010,,65.80,,144.6,166.3,0.734,0.091,1.367
1791428252.4976697,0.6350,0.8440,0.8030,0.4302,0.3646,0.8767,0.5695,0.6350,0.4998,0.1966,0.4998,0.4998,0.4998,0.1966,0.0369,0.0737,0.0942,0.4520,0.6530,,0.2010,,65.72,,144.8,166.6,0.809,0.091,1.421
1791428252.5304809,0.6350,0.6350,0.7538,0.4998,0.3646,0.7538,0.7006,0.7538,0.4998,0.1229,0.4998,0.4998,0.4998,0.0942,0.0369,0.1229,0.1229,0.4520,0.6555,,0.2035,,65.73,,144.6,166.0,0.806,0.091,1.393
1791428252.5646167,0.4998,0.7538,0.7538,0.4302,0.4302,0.6350,0.4998,0.6350,0.5695,0.1229,0.4998,0.4998,0.4998,0.0574,0.0205,0.0737,0.0737,0.4560,0.6570,,0.2010,,65.38,,144.5,165.8,0.820,0.093,1.506
1791428252.5975435,0.7006,0.7006,0.7538,0.4302,0.4998,0.6350,0.6350,0.7006,0.4302,0.4302,0.4998,0.4998,0.4998,0.0942,0.0574,0.0737,0.0737,0.4570,0.6525,,0.1955,,64.93,,144.4,166.2,0.782,0.094,1.283
1791428252.6387043,0.4998,0.8440,0.7538,0.4302,0.4998,0.6350,0.6350,0.6350,0.5695,0.1966,0.4302,0.3646,0.4302,0.1966,0.0574,0.0737,0.0942,0.4620,0.6550,,0.1930,,64.71,,144.7,166.1,0.845,0.094,1.504
1791428252.6697938,0.7006,0.5695,0.8030,0.3646,0.4998,0.8440,0.6350,0.6350,0.4302,0.1557,0.4302,0.4998,0.4998,0.0942,0.0574,0.1229,0.0737,0.4540,0.6535,,0.1995,,64.19,,143.7,166.0,0.768,0.096,1.389
1791428252.700624,0.5695,0.5695,0.7006,0.4302,0.4302,0.7006,0.4302,0.5695,0.6350,0.2458,0.4302,0.4998,0.4302,0.1966,0.0369,0.1557,0.0737,0.4540,0.6525,,0.1985,,63.85,,144.1,166.3,0.832,0.098,1.486
1791428252.7327383,0.5695,0.5695,0.7006,0.6350,0.4302,0.5695,0.7538,0.4998,0.5695,0.4302,0.4302,0.3646,0.4998,0.0410,0.0369,0.0942,0.1229,0.4540,0.6565,,0.2025,,64.16,,144.1,166.2,0.794,0.097,1.321
1791428252.764526,0.4998,0.5695,0.7538,0.4998,0.3646,0.6350,0.7006,0.5695,0.5695,0.2991,0.4998,0.4998,0.4998,0.0737,0.0369,0.1229,0.1557,0.4620,0.6585,,0.1965,,64.62,,144.8,165.7,0.794,0.094,1.412
1791428252.7976453,0.3646,0.7538,0.9054,0.4302,0.2991,0.5695,0.7538,0.5695,0.5695,0.1557,0.4302,0.4998,0.4998,0.0574,0.1229,0.0737,0.0942,0.4520,0.6555,,0.2035,,65.01,,145.2,166.2,0.806,0.093,1.351
1791428252.8310483,0.5695,0.4302,0.7538,0.6350,0.4998,0.8030,0.6350,0.6350,0.5695,0.1966,0.2991,0.3646,0.4302,0.0410,0.0246,0.0574,0.0942,0.4570,0.6545,,0.1975,,64.69,,145.7,166.0,0.797,0.094,
1791428252.8653073,0.7006,0.5695,0.6350,0.3646,0.4998,0.6350,0.7538,0.5695,0.7006,0.4302,0.6350,0.3646,0.4302,0.0737,0.0737,0.0942,0.1229,0.4520,0.6565,,0.2045,,65.15,,145.8,166.7,0.764,0.093,1.296
1791428252.898242,0.3646,0.7006,0.8030,0.2991,0.6350,0.8440,0.5695,0.5695,0.5695,0.2991,0.1966,0.4998,0.4998,0.1229,0.0369,0.0737,0.0942,0.4520,0.6545,,0.2025,,64.99,,146.0,166.9,0.793,0.094,
1791428252.9311283,0.5695,0.5695,0.8030,0.2991,0.4998,0.7006,0.6350,0.7006,0.3646,0.2458,0.5695,0.4998,0.4998,0.1557,0.0942,0.0942,0.0574,0.4570,0.6580,,0.2010,,64.96,,145.6,167.4,0.806,0.094,1.403
1791428252.9708796,0.4998,0.4998,0.7006,0.4302,0.4998,0.8440,0.8030,0.7006,0.5695,0.1557,0.5695,0.4302,0.5695,0.0942,0.0205,0.1229,0.1229,0.4570,0.6540,,0.1970,,65.28,,146.1,167.9,0.752,0.092,1.382
1791428253.0025306,0.4998,0.7006,0.5695,0.4302,0.4998,0.6350,0.7006,0.6350,0.7006,0.2458,0.3646,0.4998,0.4302,0.1229,0.0205,0.0942,0.0737,0.4550,0.6585,,0.2035,,65.62,,147.0,167.4,0.874,0.091,1.483
1791428253.0343895,0.7006,0.5695,0.7006,0.4302,0.6350,0.7538,0.6350,0.5695,0.5695,0.0942,0.4302,0.4998,0.4302,0.0737,0.0942,0.1229,0.0737,0.4620,0.6605,,0.1985,,65.93,,145.8,167.2,0.767,0.089,1.364
1791428253.0663767,0.6350,0.8030,0.7006,0.4302,0.6350,0.7006,0.4998,0.4998,0.3646,0.1966,0.4302,0.4998,0.4998,0.1557,0.0737,0.0942,0.0942,0.4530,0.6580,,0.2050,,65.98,,146.3,167.7,0.754,0.090,1.298
1791428253.0977337,0.4302,0.7006,0.8767,0.4302,0.5695,0.7006,0.6350,0.5695,0.7006,0.2458,0.3646,0.4302,0.4998,0.0574,0.0410,0.0574,0.0574,0.4550,0.6630,,0.2080,,66.26,,147.0,167.5,0.814,0.089,1.405
1791428253.1305647,0.7538,0.6350,0.7006,0.4998,0.5695,0.7538,0.6350,0.6350,0.6350,0.1557,0.4302,0.4998,0.4998,0.1557,0.0205,0.1229,0.0574,0.4520,0.6585,,0.2065,,66.12,,145.1,167.4,0.729,0.090,1.346
1791428253.1649215,0.6350,0.8440,0.7538,0.4998,0.4302,0.7006,0.7006,0.5695,0.6350,0.2991,0.2991,0.4998,0.4998,0.0942,0.0737,0.1229,0.1229,0.4520,0.6540,,0.2020,,66.05,,145.6,167.5,0.817,0.090,
1791428253.1986408,0.5695,0.7006,0.7006,0.4998,0.7006,0.6350,0.6350,0.7538,0.4998,0.2991,0.2458,0.4998,0.4998,0.0737,0.0410,0.0737,0.0737,0.4550,0.6560,,0.2010,,65.92,,145.8,167.5,0.736,0.091,
1791428253.2315855,0.3646,0.7538,0.7538,0.5695,0.5695,0.6350,0.7538,0.7006,0.7006,0.0942,0.4302,0.5695,0.4998,0.0574,0.0246,0.0737,0.0942,0.4510,0.6570,,0.2060,,66.06,,145.5,167.2,0.751,0.090,1.354
1791428253.2650166,0.5695,0.7538,0.5695,0.7006,0.4998,0.8030,0.7538,0.6350,0.6350,0.4998,0.4302,0.4998,0.4302,0.1229,0.0737,0.0942,0.1229,0.4510,0.6605,,0.2095,,66.15,,145.7,167.4,0.821,0.090,1.274
1791428253.3051884,0.7538,0.6350,0.7006,0.4302,0.4302,0.6350,0.5695,0.4998,0.4998,0.1557,0.4998,0.4302,0.5695,0.0942,0.0246,0.1557,0.1229,0.4550,0.6615,,0.2065,,66.31,,145.3,168.1,0.763,0.090,1.318
1791428253.3376966,0.4302,0.7006,0.8030,0.4998,0.4998,0.4302,0.6350,0.5695,0.2458,0.1966,0.2991,0.4998,0.4998,0.0410,0.0246,0.0737,0.0942,0.4520,0.6605,,0.2085,,66.18,,145.6,167.7,0.825,0.091,
1791428253.3678517,0.5695,0.7006,0.7006,0.5695,0.4998,0.7006,0.7006,0.4998,0.6350,0.1557,0.6350,0.4998,0.4302,0.0410,0.0246,0.1229,0.0942,0.4510,0.6590,,0.2080,,66.23,,146.5,167.2,0.757,0.091,1.398
1791428253.399497,0.4998,0.6350,0.7538,0.5695,0.6350,0.7006,0.6350,0.7006,0.2991,0.3646,0.3646,0.4998,0.5695,0.0574,0.0737,0.0737,0.0942,0.4570,0.6560,,0.1990,,65.92,,146.5,166.9,0.794,0.092,1.294
1791428253.4333253,0.5695,0.8030,0.8030,0.4998,0.5695,0.8440,0.6350,0.5695,0.5695,0.1966,0.1966,0.4302,0.4998,0.1229,0.0369,0.0410,0.0942,0.4510,0.6560,,0.2050,,65.64,,146.3,166.9,0.786,0.093,
1791428253.4654167,0.8030,0.4302,0.8440,0.4998,0.7538,0.7538,0.6350,0.4998,0.5695,0.2991,0.4998,0.4998,0.4998,0.0574,0.0369,0.0369,0.0737,0.4510,0.6585,,0.2075,,65.79,,146.2,167.0,0.737,0.092,1.314
1791428253.498481,0.5695,0.7538,0.6350,0.5695,0.7006,0.6350,0.4998,0.6350,0.7006,0.1557,0.4302,0.4302,0.4998,0.1229,0.0574,0.0737,0.0942,0.4550,0.6605,,0.2055,,65.88,,146.1,167.4,0.768,0.092,1.461
1791428253.5319169,0.4998,0.8440,0.8767,0.4998,0.5695,0.7538,0.6350,0.7006,0.6350,0.1557,0.6350,0.4998,0.4998,0.0942,0.0246,0.0574,0.1557,0.4550,0.6615,,0.2065,,66.27,,146.2,168.3,0.821,0.090,1.420
1791428253.5653584,0.4998,0.7538,0.8030,0.3646,0.4998,0.7006,0.5695,0.7538,0.4998,0.2458,0.2458,0.4998,0.4302,0.1557,0.0942,0.0942,0.0942,0.4520,0.6565,,0.2045,,66.54,,146.4,167.8,0.784,0.089,
1791428253.5977623,0.4998,0.7538,0.7538,0.4302,0.7538,0.6350,0.7006,0.6350,0.6350,0.2458,0.3646,0.4302,0.4998,0.0737,0.0410,0.0942,0.0737,0.4520,0.6570,,0.2050,,66.85,,146.8,167.2,0.709,0.088,1.312
1791428253.6390562,0.6350,0.8030,0.7006,0.4302,0.7538,0.7006,0.6350,0.5695,0.6350,0.1557,0.2991,0.4998,0.4998,0.0942,0.0574,0.0942,0.1557,0.4550,0.6625,,0.2075,,66.90,,147.2,167.2,0.741,0.088,
1791428253.6696942,0.4998,0.4998,0.7538,0.5695,0.7538,0.7538,0.6350,0.6350,0.3646,0.1966,0.3646,0.4998,0.4998,0.0369,0.0369,0.0737,0.0942,0.4550,0.6600,,0.2050,,66.72,,146.6,167.1,0.722,0.088,1.331
1791428253.7017658,0.7006,0.7006,0.7538,0.2991,0.5695,0.6350,0.5695,0.7538,0.6350,0.2458,0.1966,0.4302,0.4302,0.0942,0.0410,0.0942,0.0942,0.4520,0.6585,,0.2065,,67.23,,146.2,167.3,0.720,0.086,
1791428253.7339349,0.4998,0.5695,0.5695,0.4302,0.6350,0.7006,0.7538,0.7006,0.5695,0.2458,0.4998,0.4998,0.4998,0.0942,0.0246,0.0737,0.0737,0.4530,0.6595,,0.2065,,67.28,,146.0,167.9,0.768,0.086,1.326
1791428253.7657378,0.4998,0.5695,0.6350,0.4302,0.6350,0.7006,0.4998,0.7538,0.5695,0.2458,0.5695,0.4998,0.4302,0.0737,0.0410,0.0737,0.1229,0.4520,0.6630,,0.2110,,67.60,,145.7,167.8,0.793,0.085,1.366
1791428253.798799,0.4302,0.6350,0.7538,0.4998,0.4998,0.8030,0.6350,0.7006,0.4302,0.1229,0.5695,0.4302,0.4302,0.1229,0.0574,0.0574,0.1229,0.4550,0.6580,,0.2030,,67.61,,146.2,167.2,0.734,0.085,1.324
1791428253.8329062,0.4302,0.8440,0.4998,0.5695,0.7006,0.7538,0.7538,0.6350,0.6350,0.4998,0.3646,0.3646,0.3646,0.0574,0.0369,0.0942,0.0942,0.4520,0.6575,,0.2055,,67.76,,146.3,167.2,0.743,0.084,1.269
1791428253.8653467,0.5695,0.8440,0.5695,0.3646,0.7538,0.7538,0.5695,0.7006,0.6350,0.4998,0.3646,0.5695,0.4302,0.0574,0.0369,0.1229,0.0737,0.4510,0.6580,,0.2070,,68.03,,146.8,167.1,0.787,0.083,1.256
1791428253.8995337,0.7006,0.7006,0.7006,0.5695,0.5695,0.7538,0.7006,0.2991,0.6350,0.2991,0.3646,0.4998,0.4998,0.1229,0.0246,0.0737,0.0942,0.4520,0.6590,,0.2070,,67.83,,146.4,167.2,0.821,0.084,1.432
1791428253.9407012,0.4998,0.8440,0.6350,0.4998,0.4998,0.6350,0.7006,0.5695,0.4998,0.3646,0.1966,0.4302,0.4998,0.1229,0.0942,0.1229,0.2458,0.4570,0.6575,,0.2005,,67.66,,147.4,167.0,0.744,0.084,1.234
1791428253.9715803,0.4998,0.4302,0.6350,0.4302,0.6350,0.8030,0.6350,0.7006,0.5695,0.1229,0.1966,0.4998,0.4998,0.0737,0.0369,0.0574,0.0737,0.4560,0.6565,,0.2005,,67.87,,146.7,167.3,0.724,0.083,
1791428254.0045128,0.4302,0.8440,0.6350,0.4998,0.5695,0.6350,0.7538,0.5695,0.7006,0.2991,0.2458,0.4998,0.4998,0.0410,0.0410,0.1229,0.1229,0.4510,0.6605,,0.2095,,68.06,,147.2,167.6,0.773,0.083,
1791428254.034673,0.5695,0.5695,0.4998,0.3646,0.4998,0.6350,0.5695,0.4302,0.4998,0.3646,0.5695,0.5695,0.4302,0.1229,0.0246,0.1557,0.1229,0.4530,0.6585,,0.2055,,67.85,,147.1,167.7,0.718,0.084,1.264
1791428254.0666292,0.4998,0.7538,0.7538,0.5695,0.4302,0.7006,0.7006,0.7006,0.7006,0.1557,0.5695,0.4998,0.4998,0.0737,0.0737,0.0737,0.0942,0.4530,0.6560,,0.2030,,67.71,,146.7,167.4,0.742,0.084,1.332
1791428254.0990715,0.4998,0.6350,0.7006,0.5695,0.4302,0.7006,0.7006,0.6350,0.5695,0.1966,0.4998,0.4302,0.4998,0.0737,0.0410,0.0410,0.0942,0.4520,0.6585,,0.2065,,68.40,,146.2,167.4,0.699,0.081,1.252
1791428254.1329257,0.4302,0.8030,0.6350,0.3646,0.4998,0.5695,0.7006,0.4302,0.7006,0.2991,0.4998,0.4998,0.4998,0.0737,0.0410,0.0737,0.0942,0.4550,0.6565,,0.2015,,67.73,,146.2,166.8,0.728,0.084,1.348
1791428254.1654758,0.4998,0.5695,0.6350,0.4998,0.7006,0.6350,0.7006,0.7538,0.4998,0.2458,0.2991,0.4998,0.4998,0.0942,0.0942,0.0737,0.1557,0.4520,0.6570,,0.2050,,67.87,,145.7,166.8,0.765,0.083,
1791428254.1995032,0.4302,0.8030,0.5695,0.4302,0.5695,0.6350,0.5695,0.5695,0.4998,0.2991,0.2458,0.4998,0.4998,0.1229,0.0205,0.0942,0.1557,0.4510,0.6625,,0.2115,,67.92,,145.0,167.0,0.678,0.084,
1791428254.2327836,0.5695,0.8440,0.6350,0.4998,0.2458,0.8030,0.5695,0.7006,0.4998,0.3646,0.4998,0.4302,0.4302,0.0410,0.1229,0.0574,0.0942,0.4510,0.6620,,0.2110,,68.26,,144.6,166.9,0.751,0.083,1.222
1791428254.273283,0.4998,0.6350,0.7538,0.4302,0.5695,0.7538,0.6350,0.5695,0.7006,0.1229,0.2991,0.4302,0.5695,0.0574,0.0369,0.0574,0.0942,0.4520,0.6580,,0.2060,,68.29,,145.0,167.3,0.758,0.082,
1791428254.3047574,0.4998,0.6350,0.8440,0.4998,0.4302,0.6350,0.8030,0.5695,0.3646,0.2458,0.3646,0.4998,0.4302,0.0410,0.0246,0.0942,0.1229,0.4510,0.6595,,0.2085,,68.39,,144.5,167.1,0.753,0.082,1.341
1791428254.336294,0.6350,0.7538,0.7006,0.5695,0.4998,0.6350,0.7006,0.7006,0.4998,0.1966,0.2991,0.4998,0.4998,0.0942,0.0246,0.1229,0.0737,0.4560,0.6585,,0.2025,,68.69,,145.4,167.4,0.812,0.080,
1791428254.3678133,0.2991,0.8030,0.7006,0.3646,0.5695,0.6350,0.7538,0.6350,0.6350,0.2458,0.4302,0.4998,0.4302,0.0737,0.0410,0.0737,0.0942,,0.6565,,,,68.69,,145.1,168.2,0.751,0.080,
1791428254.399046,0.6350,0.8030,0.7538,0.4998,0.6350,0.7538,0.6350,0.8030,0.5695,0.2991,0.3646,0.4998,0.4998,0.1557,0.0410,0.1229,0.1557,0.4510,0.6590,,0.2080,,69.16,,145.1,167.6,0.718,0.079,1.317
1791428254.4324214,0.4998,0.4998,0.5695,0.4998,0.2458,0.7538,0.6350,0.7006,0.5695,0.0942,0.4998,0.4302,0.4998,0.0737,0.0410,0.0369,0.0737,0.4510,0.6580,,0.2070,,69.14,,145.0,167.6,0.804,0.079,1.432
1791428254.4666686,0.3646,0.7538,0.8030,0.4302,0.5695,0.7006,0.4998,0.4998,0.4998,0.2458,0.2458,0.4998,0.4302,0.0574,0.0410,0.0410,0.0942,0.4510,0.6570,,0.2060,,69.17,,144.9,166.8,0.720,0.079,
1791428254.4991007,0.2991,0.8440,0.7538,0.3646,0.5695,0.7006,0.6350,0.6350,0.3646,0.1966,0.2991,0.4998,0.4998,0.1229,0.0410,0.0737,0.1229,,0.6565,,,,69.17,,144.7,166.8,0.767,0.079,
1791428254.533252,0.6350,0.8440,0.8030,0.5695,0.4302,0.5695,0.5695,0.4998,0.5695,0.3646,0.1966,0.4998,0.4998,0.0410,0.0369,0.0737,0.0410,0.4510,0.6550,,0.2040,,68.91,,144.8,166.9,0.813,0.079,1.339
1791428254.5742989,0.6350,0.7006,0.9054,0.4302,0.4302,0.7006,0.6350,0.5695,0.4302,0.1966,0.3646,0.4998,0.4998,0.1229,0.0574,0.0574,0.1557,0.4520,0.6595,,0.2075,,68.96,,145.3,166.2,0.767,0.079,1.342
1791428254.6050625,0.4302,0.5695,0.7538,0.5695,0.4998,0.7538,0.5695,0.7538,0.5695,0.2991,0.3646,0.4998,0.4302,0.0942,0.1229,0.0942,0.1557,0.4510,0.6600,,0.2090,,69.20,,145.6,166.7,0.747,0.079,1.309
1791428254.6369162,0.3646,0.4998,0.6350,0.6350,0.4302,0.5695,0.7006,0.4998,0.7006,0.1966,0.4998,0.4998,0.4998,0.1557,0.0369,0.0737,0.0942,0.4510,0.6635,,0.2125,,69.27,,144.9,166.3,0.698,0.079,1.307
1791428254.66802,0.4998,0.7006,0.7538,0.5695,0.6350,0.6350,0.7006,0.7538,0.4998,0.0942,0.2991,0.4302,0.4302,0.0574,0.0410,0.0942,0.1229,0.4520,0.6635,,0.2115,,69.17,,144.7,166.9,0.755,0.079,
1791428254.7004404,0.5695,0.7006,0.8030,0.4302,0.4998,0.6350,0.7538,0.7006,0.4302,0.4302,0.2991,0.4302,0.4302,0.0737,0.0574,0.0574,0.0737,0.4630,0.6595,,0.1965,,69.04,,145.3,166.9,0.722,0.079,1.196
1791428254.7326372,0.4998,0.8440,0.7538,0.4302,0.4998,0.7538,0.5695,0.6350,0.5695,0.2991,0.3646,0.4998,0.4998,0.1966,0.0246,0.0737,0.0942,0.4510,0.6595,,0.2085,,69.28,,145.1,167.4,0.769,0.078,1.313
1791428254.7659574,0.3646,0.8030,0.7006,0.4998,0.5695,0.7006,0.5695,0.5695,0.5695,0.1557,0.4302,0.2458,0.4302,0.0410,0.0246,0.0574,0.0574,0.4510,0.6575,,0.2065,,68.90,,145.3,167.7,,0.080,1.330
1791428254.801464,0.5695,0.7538,0.7006,0.4302,0.4998,0.8030,0.7538,0.7006,0.5695,0.4998,0.3646,0.3646,0.4998,0.0410,0.0410,0.0574,0.0737,0.4510,0.6565,,0.2055,,68.55,,144.6,167.9,0.700,0.081,1.239
1791428254.8338914,0.4998,0.7006,0.8440,0.4302,0.5695,0.6350,0.4302,0.5695,0.5695,0.1557,0.4998,0.4998,0.4998,0.1229,0.0410,0.0737,0.0574,0.4510,0.6580,,0.2070,,68.46,,144.0,167.4,0.794,0.082,1.399
1791428254.8668485,0.3646,0.8030,0.8030,0.4998,0.5695,0.4998,0.4998,0.7538,0.5695,0.0942,0.4302,0.3646,0.4998,0.1229,0.0942,0.0574,0.0942,0.4520,0.6635,,0.2115,,68.79,,143.9,167.5,0.772,0.081,1.349
1791428254.9071226,0.2991,0.4302,0.6350,0.4302,0.4998,0.7538,0.5695,0.6350,0.5695,0.2458,0.3646,0.4998,0.4998,0.1229,0.0574,0.0737,0.0737,,0.6625,,,,68.79,,143.8,166.8,0.756,0.081,
1791428254.9386597,0.6350,0.7006,0.7006,0.4302,0.6350,0.7538,0.6350,0.7538,0.6350,0.2458,0.4302,0.4302,0.4302,0.1229,0.0410,0.0942,0.1229,0.4500,0.6600,,0.2100,,69.01,,144.9,167.2,0.740,0.080,1.323
1791428254.970824,0.4302,0.8030,0.8030,0.4302,0.7006,0.5695,0.3646,0.8030,0.4998,0.1229,0.3646,0.4998,0.5695,0.1557,0.0410,0.0942,0.1229,0.4520,0.6630,,0.2110,,69.03,,145.1,167.4,0.763,0.080,1.357
1791428255.0014029,0.5695,0.7538,0.7538,0.3646,0.4998,0.7006,0.5695,0.4998,0.7538,0.1229,0.2991,0.4302,0.3646,0.1966,0.0246,0.0574,0.0737,0.4510,0.6550,,0.2040,,68.89,,145.4,167.3,0.730,0.080,
1791428255.0329738,0.4998,0.7006,0.8440,0.4998,0.7006,0.6350,0.5695,0.5695,0.5695,0.2458,0.4302,0.4302,0.4998,0.0942,0.0410,0.0574,0.0737,0.4510,0.6575,,0.2065,,69.04,,145.3,168.0,0.773,0.079,1.372
1791428255.06748,0.3646,0.7538,0.8440,0.4302,0.4302,0.7538,0.6350,0.6350,0.4302,0.1966,0.2458,0.4302,0.4302,0.0246,0.0942,0.0737,0.0942,0.4510,0.6575,,0.2065,,68.98,,145.0,168.1,0.760,0.080,
1791428255.1010504,0.4998,0.8030,0.7538,0.3646,0.5695,0.8440,0.7006,0.7006,0.5695,0.2991,0.2458,0.4302,0.4998,0.0574,0.0246,0.0574,0.1229,0.4510,0.6645,,0.2135,,69.03,,145.1,167.4,0.764,0.080,
1791428255.1333172,0.4998,0.8030,0.7538,0.4998,0.5695,0.8030,0.7006,0.7006,0.7538,0.2458,0.4998,0.4998,0.4998,0.1557,0.0246,0.1557,0.1966,0.4560,0.6540,,0.1980,,68.46,,144.5,166.8,0.781,0.081,1.419
1791428255.1675391,0.4998,0.6350,0.7538,0.4998,0.4302,0.8030,0.7538,0.7006,0.6350,0.2991,0.3646,0.4302,0.4302,0.0410,0.0369,0.0410,0.0574,0.4510,0.6590,,0.2080,,68.52,,143.9,166.3,0.712,0.081,1.293
1791428255.2083414,0.5695,0.8440,0.8767,0.3646,0.5695,0.7538,0.4998,0.4998,0.5695,0.3646,0.2991,0.5695,0.4998,0.0737,0.0205,0.0737,0.1229,0.4510,0.6630,,0.2120,,68.83,,144.4,166.3,0.770,0.080,1.279
1791428255.2402816,0.5695,0.7006,0.7006,0.4998,0.7538,0.7006,0.4998,0.5695,0.4302,0.4302,0.3646,0.4302,0.4998,0.0942,0.0369,0.0737,0.1229,0.4520,0.6620,,0.2100,,68.83,,144.7,166.3,0.785,0.081,1.318
1791428255.2704427,0.4998,0.7006,0.7006,0.3646,0.4998,0.5695,0.5695,0.7006,0.5695,0.2991,0.1966,0.5695,0.4998,0.0574,0.0246,0.0410,0.0737,0.4510,0.6625,,0.2115,,68.57,,144.6,166.3,0.768,0.082,
1791428255.302634,0.4302,0.5695,0.9054,0.4302,0.6350,0.7006,0.6350,0.5695,0.6350,0.2458,0.4302,0.4998,0.4302,0.1557,0.0410,0.0737,0.1229,0.4520,0.6585,,0.2065,,68.39,,144.6,166.4,0.739,0.083,1.381
1791428255.33473,0.4302,0.4998,0.6350,0.4998,0.4998,0.7006,0.7006,0.7538,0.4998,0.2458,0.3646,0.4302,0.4302,0.1557,0.0369,0.0737,0.1229,0.4550,0.6560,,0.2010,,68.06,,144.5,165.9,0.751,0.083,1.414
1791428255.3678863,0.4998,0.7538,0.6350,0.4998,0.4302,0.7006,0.7006,0.7006,0.5695,0.1557,0.4302,0.4998,0.4998,0.0410,0.0942,0.0737,0.1229,0.4510,0.6535,,0.2025,,68.03,,144.3,165.8,0.764,0.083,1.360
1791428255.4005394,0.3646,0.9054,0.7006,0.5695,0.4302,0.8440,0.6350,0.4998,0.6350,0.2458,0.5695,0.3646,0.4998,0.1229,0.0942,0.0942,0.0942,0.4510,0.6560,,0.2050,,67.96,,144.6,165.5,0.734,0.083,1.354
1791428255.4336398,0.5695,0.7006,0.8030,0.3646,0.5695,0.5695,0.7538,0.7006,0.6350,0.2991,0.4998,0.4302,0.4998,0.0942,0.0737,0.0942,0.0942,0.4560,0.6600,,0.2040,,67.85,,145.7,165.5,0.774,0.084,1.414
1791428255.4685926,0.4302,0.4302,0.7538,0.4302,0.4998,0.7538,0.6350,0.7006,0.5695,0.2991,0.4302,0.4302,0.5695,0.0410,0.0574,0.0574,0.0942,0.4560,0.6600,,0.2040,,68.24,,145.4,165.7,0.720,0.082,1.326
1791428255.5084429,0.2458,0.8440,0.8030,0.4302,0.4998,0.7538,0.7538,0.6350,0.3646,0.0942,0.4302,0.4998,0.4998,0.1557,0.0246,0.0737,0.0942,,0.6580,,,,68.24,,144.6,165.9,0.762,0.082,
1791428255.5399413,0.4302,0.8030,0.8030,0.4302,0.6350,0.8440,0.5695,0.4302,0.6350,0.4302,0.4998,0.4998,0.4302,0.0246,0.0246,0.1229,0.0737,0.4520,0.6635,,0.2115,,68.20,,144.8,165.4,0.751,0.083,1.308
1791428255.5713956,0.4998,0.6350,0.7006,0.4998,0.4302,0.6350,0.6350,0.5695,0.5695,0.1557,0.2991,0.3646,0.4998,0.1229,0.0369,0.0574,0.0942,0.4520,0.6565,,0.2045,,68.24,,144.1,165.9,0.772,0.082,
1791428255.6034777,0.2458,0.7538,0.8030,0.3646,0.4998,0.7538,0.6350,0.6350,0.6350,0.1557,0.2458,0.4998,0.4998,0.2991,0.0369,0.0574,0.0737,,0.6575,,,,68.24,,144.0,165.7,0.737,0.082,
1791428255.6350305,0.4302,0.6350,0.4302,0.4998,0.4998,0.7006,0.7538,0.5695,0.5695,0.1966,0.5695,0.4302,0.4998,0.0410,0.1229,0.0410,0.0942,0.4500,0.6610,,0.2110,,68.40,,144.2,165.7,0.753,0.082,1.306
1791428255.6671124,0.3646,0.6350,0.7538,0.4302,0.5695,0.6350,0.6350,0.7006,0.5695,0.1229,0.4302,0.3646,0.4302,0.0574,0.1229,0.0410,0.0942,0.4510,0.6575,,0.2065,,68.46,,144.7,165.1,0.747,0.082,1.371
1791428255.7003968,0.6350,0.4302,0.7538,0.4302,0.4302,0.8440,0.6350,0.6350,0.5695,0.0737,0.4998,0.4302,0.4302,0.1557,0.0737,0.0574,0.0942,0.4560,0.6555,,0.1995,,68.13,,144.1,165.1,0.700,0.082,1.309
1791428255.7348607,0.3646,0.7006,0.7538,0.5695,0.5695,0.7538,0.6350,0.7006,0.7006,0.0942,0.4998,0.5695,0.4998,0.0410,0.0410,0.0737,0.0737,0.4520,0.6610,,0.2090,,68.15,,143.5,165.9,0.798,0.083,1.377
1791428255.768103,0.5695,0.6350,0.4998,0.3646,0.4302,0.5695,0.6350,0.7538,0.5695,0.3646,0.3646,0.4998,0.4302,0.0737,0.0574,0.0942,0.0942,0.4510,0.6635,,0.2125,,68.43,,143.8,166.3,0.720,0.082,1.222
1791428255.8005376,0.5695,0.7538,0.8030,0.3646,0.2991,0.8030,0.5695,0.6350,0.6350,0.1557,0.2458,0.4998,0.4302,0.1557,0.0410,0.0942,0.0942,0.4510,0.6560,,0.2050,,68.39,,143.5,165.8,0.696,0.082,
1791428255.8417103,0.4302,0.4998,0.7538,0.5695,0.4998,0.7006,0.7006,0.8440,0.6350,0.4302,0.1229,0.4302,0.4302,0.0737,0.0369,0.0942,0.1229,0.4520,0.6555,,0.2035,,68.44,,144.2,165.7,0.745,0.081,1.252
1791428255.8728802,0.4302,0.7538,0.8030,0.4302,0.3646,0.7006,0.6350,0.7538,0.4998,0.1557,0.5695,0.4998,0.4302,0.0574,0.0246,0.0574,0.0574,0.4510,0.6550,,0.2040,,68.42,,143.5,165.5,0.761,0.081,1.358
1791428255.9049451,0.6350,0.8767,0.7538,0.4998,0.5695,0.6350,0.6350,0.7538,0.7538,0.3646,0.3646,0.4302,0.4998,0.0574,0.0410,0.0737,0.0942,0.4510,0.6570,,0.2060,,68.16,,144.3,165.1,0.787,0.082,1.255
1791428255.9362931,0.3646,0.8030,0.5695,0.3646,0.4302,0.8030,0.4302,0.4302,0.7006,0.2458,0.1966,0.4998,0.4998,0.0574,0.0369,0.0574,0.1229,0.4510,0.6545,,0.2035,,68.06,,144.4,165.0,0.768,0.083,
1791428255.9680552,0.6350,0.8030,0.8030,0.3646,0.4302,0.7538,0.6350,0.5695,0.4302,0.2458,0.6350,0.4998,0.4302,0.0942,0.0410,0.1229,0.0942,0.4510,0.6585,,0.2075,,68.27,,145.2,165.0,0.783,0.082,1.370
1791428256.001482,0.3646,0.8440,0.6350,0.4302,0.5695,0.6350,0.6350,0.5695,0.6350,0.2991,0.4998,0.4998,0.4998,0.0574,0.0369,0.0574,0.0737,0.4560,0.6605,,0.2045,,68.39,,145.4,165.3,0.756,0.081,1.374
1791428256.036157,0.6350,0.8030,0.7538,0.7006,0.5695,0.6350,0.5695,0.7006,0.7006,0.1557,0.4998,0.3646,0.4302,0.0942,0.0574,0.0410,0.0737,0.4560,0.6565,,0.2005,,68.29,,144.6,165.2,0.740,0.081,1.350
1791428256.067602,0.4998,0.9259,0.8030,0.4302,0.4998,0.7006,0.5695,0.7006,0.4998,0.1229,0.2458,0.4302,0.4998,0.0369,0.0205,0.0737,0.0942,0.4510,0.6565,,0.2055,,68.40,,144.8,165.2,0.753,0.081,
1791428256.102175,0.3646,0.8030,0.8030,0.3646,0.4998,0.8440,0.6350,0.5695,0.6350,0.1966,0.3646,0.4998,0.4998,0.0410,0.0246,0.0574,0.0942,0.4510,0.6565,,0.2055,,68.25,,145.2,165.9,0.762,0.082,1.325
1791428256.1428323,0.7538,0.7538,0.8440,0.4302,0.5695,0.7538,0.7006,0.7006,0.7538,0.1966,0.4998,0.3646,0.4998,0.0574,0.0574,0.0942,0.0942,0.4560,0.6610,,0.2050,,68.48,,145.0,166.6,0.770,0.081,1.327
1791428256.1732342,0.6350,0.4998,0.7006,0.4302,0.4998,0.7538,0.7006,0.7538,0.5695,0.3646,0.6350,0.4302,0.4302,0.1229,0.0246,0.0737,0.0942,0.4520,0.6605,,0.2085,,68.61,,145.3,166.0,0.779,0.081,1.251
1791428256.2057855,0.3646,0.7538,0.8767,0.3646,0.6350,0.5695,0.7006,0.6350,0.5695,0.2458,0.6350,0.4302,0.4998,0.0942,0.0574,0.1229,0.0737,0.4630,0.6625,,0.1995,,68.34,,144.4,166.2,0.795,0.081,1.364
1791428256.2366464,0.6350,0.7538,0.8030,0.4302,0.6350,0.7538,0.7006,0.6350,0.6350,0.2458,0.4998,0.4998,0.4998,0.0942,0.0574,0.0574,0.0942,0.4510,0.6570,,0.2060,,68.65,,144.4,165.8,0.769,0.080,1.337
1791428256.268601,0.4998,0.8440,0.7538,0.3646,0.5695,0.7006,0.5695,0.8030,0.6350,0.2991,0.4998,0.3646,0.4998,0.1229,0.0410,0.0574,0.0574,0.4630,0.6600,,0.1970,,68.78,,144.3,165.4,0.778,0.079,1.376
1791428256.3025942,0.4998,0.8767,0.6350,0.3646,0.4302,0.7538,0.7538,0.6350,0.4998,0.1966,0.4302,0.4302,0.4302,0.0737,0.0369,0.0574,0.0737,0.4560,0.6575,,0.2015,,68.68,,144.6,165.4,0.744,0.079,1.341
1791428256.3362226,0.3646,0.7006,0.7006,0.4998,0.5695,0.7538,0.6350,0.5695,0.4998,0.2991,0.3646,0.4998,0.5695,0.0205,0.1229,0.0942,0.1229,0.4510,0.6585,,0.2075,,69.05,,145.2,165.2,0.788,0.078,1.360
1791428256.3690906,0.4302,0.7006,0.6350,0.4998,0.6350,0.7006,0.8030,0.6350,0.5695,0.3646,0.6350,0.5695,0.4998,0.0574,0.0246,0.0737,0.1229,0.4560,0.6545,,0.1985,,68.63,,145.0,165.5,0.691,0.079,1.217
1791428256.4023008,0.2991,0.8030,0.7006,0.4998,0.6350,0.7006,0.7006,0.6350,0.6350,0.2991,0.5695,0.3646,0.4302,0.0942,0.0246,0.0737,0.0737,,0.6615,,,,68.63,,144.0,165.7,0.773,0.079,
1791428256.4418437,0.4302,0.6350,0.8440,0.4998,0.5695,0.7006,0.7006,0.7538,0.5695,0.3646,0.3646,0.4998,0.4302,0.1229,0.0410,0.0574,0.0942,0.4510,0.6585,,0.2075,,68.36,,143.9,165.3,0.731,0.081,1.216
1791428256.4737258,0.5695,0.7538,0.8440,0.4998,0.5695,0.7538,0.6350,0.5695,0.7538,0.1229,0.2458,0.4302,0.5695,0.0942,0.0246,0.0410,0.0737,0.4510,0.6610,,0.2100,,68.49,,144.1,165.3,0.752,0.081,
1791428256.5054655,0.4998,0.5695,0.7538,0.4302,0.4998,0.8030,0.6350,0.4998,0.4998,0.1557,0.4302,0.4302,0.4302,0.0574,0.0205,0.0737,0.0942,0.4520,0.6555,,0.2035,,68.30,,144.9,165.3,0.764,0.081,1.446
1791428256.5373352,0.5695,0.8030,0.9259,0.4998,0.5695,0.6350,0.7006,0.6350,0.7538,0.4302,0.6350,0.4998,0.4998,0.1557,0.0737,0.0737,0.0737,0.4530,0.6575,,0.2045,,68.64,,145.4,165.4,0.730,0.080,1.218
1791428256.5693626,0.4302,0.8030,0.8767,0.4998,0.5695,0.7006,0.7006,0.7006,0.5695,0.2458,0.4998,0.4302,0.4998,0.1966,0.0410,0.0942,0.1229,0.4520,0.6585,,0.2065,,68.36,,145.9,165.8,0.786,0.081,1.359
1791428256.6021922,0.7006,0.7006,0.7538,0.4302,0.6350,0.7538,0.7538,0.5695,0.5695,0.3646,0.4302,0.4302,0.5695,0.0410,0.0737,0.0942,0.0737,0.4520,0.6580,,0.2060,,68.50,,145.1,165.6,0.741,0.081,1.244
1791428256.6362336,0.3646,0.7006,0.8030,0.4302,0.6350,0.5695,0.5695,0.4998,0.5695,0.2991,0.4998,0.4998,0.4998,0.0737,0.0410,0.0737,0.0942,0.4510,0.6615,,0.2105,,68.71,,144.9,166.0,0.755,0.080,1.325
1791428256.6691313,0.5695,0.8030,0.6350,0.4998,0.6350,0.7006,0.6350,0.6350,0.6350,0.1557,0.5695,0.4998,0.4998,0.2991,0.0574,0.0205,0.0942,0.4560,0.6585,,0.2025,,68.37,,145.2,166.1,0.721,0.081,1.327
1791428256.7022853,0.4998,0.8030,0.7538,0.5695,0.5695,0.7538,0.8030,0.7006,0.5695,0.1966,0.2458,0.4998,0.4302,0.0942,0.0246,0.0942,0.0737,0.4560,0.6555,,0.1995,,67.78,,145.4,166.2,0.715,0.083,
1791428256.73623,0.5695,0.7538,0.7006,0.4998,0.4998,0.7538,0.4998,0.5695,0.7006,0.4998,0.4302,0.4302,0.4998,0.0574,0.0205,0.0942,0.0942,0.4570,0.6585,,0.2015,,68.20,,145.6,165.8,0.761,0.081,1.199
1791428256.77674,0.5695,0.8030,0.8767,0.2991,0.7006,0.8030,0.4998,0.5695,0.6350,0.2458,0.4302,0.2991,0.4302,0.0942,0.0205,0.1229,0.1229,0.4520,0.6610,,0.2090,,68.12,,145.2,166.3,,0.082,1.360
1791428256.8077047,0.4998,0.8030,0.8767,0.4998,0.4998,0.8767,0.7538,0.5695,0.6350,0.2458,0.5695,0.4302,0.4998,0.0410,0.0410,0.0737,0.0942,0.4510,0.6585,,0.2075,,68.52,,145.1,166.4,0.773,0.081,1.415
1791428256.8397453,0.3646,0.7006,0.8030,0.4302,0.4998,0.8440,0.5695,0.6350,0.5695,0.2991,0.4302,0.2991,0.4998,0.0942,0.0246,0.0574,0.0942,0.4560,0.6595,,0.2035,,68.22,,145.4,166.5,,0.082,1.416
1791428256.8710506,0.4998,0.7538,0.8030,0.4998,0.4998,0.4998,0.4998,0.2991,0.4302,0.1966,0.4998,0.5695,0.4998,0.1557,0.0410,0.0942,0.0737,0.4570,0.6580,,0.2010,,68.11,,145.8,166.9,0.757,0.082,1.343
1791428256.9016895,0.7006,0.8030,0.8030,0.5695,0.4302,0.7538,0.5695,0.6350,0.7538,0.0942,0.3646,0.4998,0.4302,0.0737,0.0737,0.0574,0.0942,0.4520,0.6610,,0.2090,,68.26,,144.9,167.0,0.731,0.082,1.296
1791428256.93648,0.2458,0.7006,0.5695,0.4302,0.6350,0.7538,0.5695,0.7006,0.5695,0.2991,0.3646,0.4998,0.4998,0.0737,0.0369,0.0737,0.0942,,0.6580,,,,68.26,,144.3,166.5,0.814,0.082,
1791428256.9696436,0.5695,0.6350,0.8030,0.4998,0.6350,0.7006,0.5695,0.2991,0.4998,0.1229,0.2458,0.2991,0.4302,0.0942,0.0369,0.0574,0.0574,0.4520,0.6595,,0.2075,,68.68,,145.0,166.3,,0.080,
1791428257.0028307,0.2991,0.6350,0.6350,0.4302,0.4998,0.8030,0.7006,0.5695,0.5695,0.2458,0.4302,0.4302,0.4302,0.1557,0.0410,0.0574,0.0574,,0.6595,,,,68.68,,145.1,166.3,0.866,0.080,
1791428257.0357883,0.2991,0.7538,0.6350,0.4302,0.3646,0.8440,0.6350,0.6350,0.5695,0.2991,0.1966,0.4302,0.4998,0.0737,0.0369,0.0369,0.0942,,0.6555,,,,68.68,,145.0,165.9,0.743,0.080,
1791428257.069056,0.5695,0.6350,0.5695,0.4302,0.7538,0.6350,0.7538,0.5695,0.4998,0.2458,0.4998,0.2991,0.3646,0.1229,0.0410,0.0369,0.0942,0.4640,0.6580,,0.1940,,68.64,,145.1,165.8,,0.079,1.390
1791428257.1087263,0.3646,0.7538,0.7538,0.4302,0.6350,0.7006,0.6350,0.7006,0.6350,0.2458,0.3646,0.3646,0.4302,0.2458,0.0246,0.0574,0.1229,0.4570,0.6615,,0.2045,,68.27,,144.4,165.5,0.769,0.081,1.462
1791428257.1399803,0.6350,0.6350,0.7006,0.3646,0.6350,0.6350,0.7006,0.6350,0.8030,0.2458,0.6350,0.4998,0.4302,0.1557,0.0369,0.0410,0.0942,0.4530,0.6600,,0.2070,,68.54,,144.8,165.9,0.813,0.080,1.345
1791428257.172027,0.4302,0.6350,0.5695,0.4998,0.4302,0.7006,0.5695,0.4998,0.3646,0.2991,0.3646,0.2991,0.4998,0.0574,0.0246,0.0942,0.0574,0.4630,0.6585,,0.1955,,68.12,,145.2,165.8,,0.081,1.410
1791428257.205622,0.5695,0.7006,0.4302,0.3646,0.3646,0.7006,0.7006,0.6350,0.5695,0.1557,0.4302,0.4998,0.5695,0.0574,0.0205,0.0574,0.0574,0.4570,0.6580,,0.2010,,68.21,,145.4,165.8,0.763,0.081,1.326
1791428257.2357068,0.4302,0.6350,0.8030,0.4998,0.4302,0.7538,0.7006,0.5695,0.8030,0.1966,0.2458,0.4998,0.4998,0.0942,0.0369,0.0737,0.0942,0.4530,0.6565,,0.2035,,68.06,,146.6,165.5,0.874,0.082,
1791428257.2692535,0.4998,0.7538,0.5695,0.4302,0.5695,0.4998,0.5695,0.6350,0.2458,0.3646,0.4302,0.4302,0.4998,0.0574,0.0737,0.0737,0.0942,0.4560,0.6610,,0.2050,,67.89,,146.3,166.0,0.801,0.082,1.312
1791428257.302917,0.4302,0.7006,0.6350,0.4998,0.4998,0.7538,0.5695,0.4998,0.5695,0.2458,0.3646,0.4302,0.4998,0.1557,0.0737,0.0737,0.0574,0.4510,0.6570,,0.2060,,68.39,,146.7,166.2,0.788,0.081,1.292
1791428257.336303,0.4302,0.6350,0.6350,0.3646,0.6350,0.7006,0.7006,0.7006,0.4998,0.1229,0.2458,0.3646,0.4302,0.0737,0.0574,0.0410,0.0737,0.4570,0.6615,,0.2045,,68.45,,146.7,165.9,0.777,0.080,
1791428257.3699417,0.4302,0.5695,0.8440,0.6350,0.4302,0.7006,0.4302,0.8030,0.6350,0.1557,0.2458,0.4302,0.4302,0.0369,0.0369,0.0574,0.0410,0.4530,0.6630,,0.2100,,68.35,,146.4,166.6,0.794,0.081,
1791428257.4102218,0.4302,0.4998,0.7006,0.3646,0.4302,0.6350,0.7006,0.5695,0.6350,0.2458,0.4302,0.4302,0.4302,0.0369,0.0205,0.0574,0.0574,0.4520,0.6565,,0.2045,,68.17,,145.6,165.9,0.814,0.082,1.418
1791428257.441673,0.4302,0.5695,0.5695,0.3646,0.5695,0.7538,0.5695,0.5695,0.3646,0.1557,0.3646,0.4302,0.4998,0.0369,0.0574,0.0737,0.0942,0.4530,0.6580,,0.2050,,68.27,,146.1,166.3,0.778,0.082,1.358
1791428257.472899,0.3646,0.7538,0.8440,0.4998,0.5695,0.6350,0.5695,0.5695,0.5695,0.1966,0.1966,0.4302,0.4302,0.1557,0.0410,0.0574,0.0737,0.4510,0.6580,,0.2070,,68.23,,145.9,166.3,0.802,0.082,
1791428257.50567,0.8030,0.7006,0.7006,0.4998,0.5695,0.7538,0.5695,0.4998,0.4302,0.2458,0.4998,0.4998,0.4998,0.1229,0.0246,0.0737,0.0942,0.4510,0.6560,,0.2050,,68.46,,146.4,166.2,0.798,0.081,1.376
1791428257.537056,0.5695,0.5695,0.4302,0.4998,0.5695,0.6350,0.6350,0.5695,0.6350,0.1966,0.4302,0.4302,0.4998,0.0737,0.0246,0.0410,0.0574,0.4510,0.6545,,0.2035,,68.67,,145.7,166.3,0.787,0.080,1.349
1791428257.569653,0.7538,0.6350,0.6350,0.4302,0.4302,0.8030,0.5695,0.4998,0.6350,0.2991,0.4302,0.4998,0.4998,0.1229,0.0574,0.0574,0.0942,0.4510,0.6645,,0.2135,,69.00,,144.8,166.4,0.768,0.079,1.339
1791428257.6026974,0.6350,0.7006,0.6350,0.3646,0.4302,0.7538,0.7006,0.5695,0.6350,0.2458,0.4302,0.4302,0.4998,0.0942,0.0369,0.0737,0.0737,0.4520,0.6555,,0.2035,,68.86,,144.8,166.9,0.773,0.080,1.329
1791428257.637436,0.3646,0.6350,0.7006,0.6350,0.4998,0.7538,0.4998,0.6350,0.7006,0.1966,0.4302,0.4302,0.4998,0.1557,0.0246,0.0737,0.0737,0.4570,0.6560,,0.1990,,68.56,,144.4,166.9,0.766,0.080,1.350
1791428257.670483,0.6350,0.8440,0.8440,0.4302,0.5695,0.7538,0.5695,0.7006,0.7006,0.0737,0.2991,0.3646,0.4998,0.0574,0.0574,0.0574,0.0737,0.4530,0.6635,,0.2105,,68.08,,144.4,166.8,0.770,0.083,
1791428257.7114189,0.5695,0.7538,0.7006,0.4998,0.5695,0.8030,0.4998,0.6350,0.4998,0.1966,0.3646,0.5695,0.4302,0.0410,0.0369,0.0737,0.0737,0.4570,0.6560,,0.1990,,67.90,,144.4,166.3,0.795,0.083,1.405
1791428257.7421846,0.4998,0.5695,0.6350,0.4998,0.4998,0.7538,0.4302,0.6350,0.5695,0.2458,0.4302,0.2458,0.4998,0.1966,0.0369,0.0574,0.0574,0.4510,0.6525,,0.2015,,67.93,,144.3,166.3,,0.083,1.368
1791428257.774653,0.4998,0.7006,0.7538,0.5695,0.4998,0.7006,0.6350,0.6350,0.6350,0.1557,0.6350,0.4998,0.4998,0.1557,0.0246,0.0574,0.0737,0.4510,0.6625,,0.2115,,67.87,,145.6,166.0,0.883,0.084,1.566
1791428257.8059905,0.4998,0.8030,0.4998,0.3646,0.4998,0.7538,0.6350,0.6350,0.4998,0.2458,0.3646,0.5695,0.4998,0.0737,0.0574,0.0737,0.0737,0.4520,0.6540,,0.2020,,67.55,,,166.0,0.761,0.085,1.362
1791428257.8369205,0.3646,0.8440,0.7006,0.4998,0.5695,0.7538,0.5695,0.7006,0.5695,0.1229,0.4302,0.2991,0.4302,0.0410,0.0574,0.0410,0.1229,0.4510,0.6595,,0.2085,,67.94,,,165.8,,0.083,1.383
1791428257.8698688,0.2991,0.7538,0.7006,0.3646,0.4302,0.8440,0.5695,0.4998,0.4302,0.1966,0.4998,0.4998,0.4998,0.0369,0.0369,0.0574,0.0574,,0.6565,,,,67.94,,,166.2,0.778,0.083,
1791428257.9032855,0.5695,0.8767,0.6350,0.4998,0.6350,0.8030,0.6350,0.5695,0.5695,0.1557,0.4302,0.5695,0.5695,0.0574,0.0246,0.0574,0.0737,0.4510,0.6570,0.6330,0.2060,-0.0240,68.50,-3.69,,166.0,0.825,0.081,1.396
1791428257.93761,0.4302,0.8030,0.7538,0.4302,0.4302,0.4998,0.5695,0.3646,0.4998,0.1966,0.4302,0.5695,0.4998,0.0410,0.0574,0.0737,0.0737,0.4520,0.6575,,0.2055,,67.67,-3.64,,166.0,0.845,0.084,1.490
1791428257.971139,0.7006,0.9054,0.5695,0.4302,0.5695,0.7538,0.6350,0.6350,0.4998,0.2458,0.3646,0.4302,0.4302,0.0942,0.0574,0.0574,0.0574,0.4510,0.6550,,0.2040,,67.26,-3.60,,166.2,0.753,0.086,1.408
1791428258.0040956,0.4302,0.8440,0.7006,0.4302,0.3646,0.5695,0.5695,0.5695,0.5695,0.2991,0.4998,0.4302,0.4302,0.0942,0.0369,0.0942,0.1229,0.4510,0.6620,,0.2110,,67.62,-3.77,,166.5,0.805,0.085,1.414
1791428258.0441449,0.4998,0.8440,0.7538,0.4998,0.3646,0.8767,0.7006,0.3646,0.6350,0.2458,0.1966,0.4302,0.5695,0.0574,0.0410,0.0574,0.0942,0.4510,0.6560,,0.2050,,67.76,-3.75,,166.1,0.747,0.084,
1791428258.0764523,0.5695,0.5695,0.7538,0.4998,0.4998,0.7538,0.4998,0.5695,0.3646,0.1557,0.4302,0.4998,0.4998,0.0410,0.0410,0.0410,0.0574,0.4530,0.6635,,0.2105,,68.06,-3.93,,166.2,0.817,0.083,1.400
1791428258.1070235,0.3646,0.7006,0.7006,0.4998,0.5695,0.7538,0.5695,0.7006,0.4302,0.1557,0.4998,0.3646,0.4998,0.0369,0.0246,0.0737,0.0737,0.4510,0.6640,,0.2130,,68.12,-4.10,,166.3,0.805,0.084,1.421
1791428258.1399107,0.4302,0.8440,0.8030,0.4302,0.5695,0.7538,0.8440,0.6350,0.5695,0.2458,0.3646,0.5695,0.5695,0.0942,0.0410,0.0410,0.0574,0.4510,0.6605,0.6410,0.2095,-0.0195,68.58,-4.02,,166.3,0.760,0.082,1.336
1791428258.1708007,0.4302,0.6350,0.8440,0.4998,0.6350,0.7538,0.7006,0.6350,0.5695,0.2458,0.2991,0.4302,0.4302,0.0246,0.0369,0.0369,0.0574,0.4510,0.6585,,0.2075,,69.10,-4.01,,166.2,0.749,0.080,
1791428258.203868,0.4302,0.7538,0.7538,0.4998,0.4998,0.6350,0.4302,0.6350,0.7006,0.2458,0.4998,0.4302,0.4998,0.1229,0.0574,0.0737,0.0737,0.4570,0.6595,,0.2025,,68.95,-3.94,,166.2,0.841,0.080,1.442
1791428258.2370675,0.3646,0.7538,0.7006,0.5695,0.4998,0.7538,0.5695,0.5695,0.7538,0.0942,0.3646,0.4302,0.4302,0.0574,0.0369,0.0574,0.0942,0.4510,0.6585,,0.2075,,69.00,-3.96,,166.5,0.729,0.080,1.313
1791428258.2706409,0.6350,0.8030,0.8030,0.4302,0.4998,0.7538,0.6350,0.6350,0.6350,0.0942,0.4302,0.4302,0.4998,0.1229,0.0410,0.0574,0.0942,0.4640,0.6570,,0.1930,,68.83,-3.85,,166.6,0.809,0.079,1.407
1791428258.304043,0.6350,0.7006,0.5695,0.4998,0.4998,0.8030,0.6350,0.5695,0.5695,0.2458,0.2458,0.4998,0.4302,0.0942,0.0246,0.0574,0.0942,0.4510,0.6550,,0.2040,,69.00,-3.70,,166.7,0.786,0.078,
1791428258.3380246,0.4998,0.7006,0.7006,0.5695,0.3646,0.6350,0.4302,0.4302,0.6350,0.2458,0.5695,0.4998,0.4998,0.0737,0.0574,0.0942,0.0737,0.4510,0.6580,,0.2070,,69.20,-3.69,,166.9,0.798,0.078,1.380
1791428258.376438,0.4998,0.8440,0.8030,0.4302,0.4998,0.6350,0.7006,0.7538,0.4998,0.2458,0.4302,0.5695,0.4998,0.1229,0.0574,0.0942,0.0574,0.4530,0.6600,,0.2070,,69.01,-3.74,,166.2,0.804,0.079,1.443
1791428258.4085357,0.4998,0.7006,0.7006,0.6350,0.4998,0.7538,0.8030,0.7006,0.4998,0.0942,0.4302,0.4302,0.4998,0.0737,0.0737,0.0574,0.0737,0.4520,0.6580,,0.2060,,69.01,-3.70,,166.5,0.818,0.079,1.362
1791428258.4412227,0.6350,0.8767,0.6350,0.6350,0.5695,0.4998,0.6350,0.7006,0.4998,0.2458,0.5695,0.4302,0.4998,0.0737,0.0574,0.0737,0.0737,0.4510,0.6620,,0.2110,,69.01,-3.78,,165.9,0.841,0.079,1.443
1791428258.4716918,0.2991,0.5695,0.7538,0.3646,0.6350,0.7006,0.7006,0.5695,0.3646,0.1229,0.2991,0.4998,0.4998,0.0737,0.0246,0.0574,0.0737,,0.6625,,,,69.01,-3.78,,165.7,0.773,0.079,
1791428258.5033875,0.4998,0.7538,0.7538,0.4998,0.4998,0.7538,0.6350,0.8030,0.7006,0.2991,0.2458,0.4998,0.5695,0.0737,0.0737,0.0369,0.0737,0.4530,0.6585,,0.2055,,68.93,-3.78,,165.7,0.783,0.080,
1791428258.53786,0.7006,0.8030,0.6350,0.5695,0.4998,0.7538,0.7006,0.5695,0.7538,0.1966,0.4302,0.3646,0.4302,0.0737,0.0369,0.0574,0.0737,0.4520,0.6555,,0.2035,,68.41,-3.71,,166.1,0.747,0.081,1.335
1791428258.5713298,0.4998,0.7006,0.7538,0.4998,0.5695,0.7006,0.4998,0.5695,0.5695,0.2458,0.4302,0.4998,0.4302,0.0942,0.0737,0.0574,0.0574,0.4510,0.6590,,0.2080,,68.56,-3.70,,166.5,0.825,0.081,1.435
1791428258.604609,0.4302,0.7006,0.8440,0.4998,0.4998,0.7538,0.6350,0.6350,0.4998,0.2458,0.4998,0.2991,0.4998,0.1229,0.0246,0.0574,0.0737,0.4510,0.6550,,0.2040,,68.56,-3.57,,166.9,,0.081,1.384
1791428258.637696,0.4998,0.4998,0.8767,0.4302,0.4302,0.6350,0.6350,0.6350,0.5695,0.1557,0.5695,0.5695,0.4998,0.0574,0.0369,0.0574,0.0574,0.4560,0.6635,,0.2075,,69.05,-3.77,,167.5,0.810,0.079,1.343
1791428258.6786351,0.6350,0.7006,0.8030,0.3646,0.4302,0.7006,0.7538,0.5695,0.6350,0.0942,0.3646,0.4302,0.4998,0.0410,0.0410,0.0574,0.0574,0.4510,0.6615,,0.2105,,69.24,,,166.5,0.866,0.078,1.494
1791428258.7100635,0.2991,0.8440,0.5695,0.4998,0.4302,0.6350,0.7006,0.3646,0.7538,0.1966,0.4302,0.4998,0.4302,0.1229,0.0246,0.0737,0.0574,,0.6560,,,,69.24,,,166.5,0.734,0.078,
1791428258.740932,0.3646,0.7006,0.7538,0.4998,0.6350,0.7538,0.4998,0.4998,0.6350,0.2458,0.3646,0.4998,0.4302,0.0942,0.0369,0.0942,0.0574,0.4510,0.6590,,0.2080,,68.63,,,166.9,0.807,0.081,1.483
1791428258.7731767,0.5695,0.8030,0.8767,0.4998,0.3646,0.7006,0.4302,0.6350,0.5695,0.1966,0.3646,0.4302,0.4998,0.1557,0.0205,0.0574,0.0410,0.4550,0.6605,,0.2055,,68.90,,,166.9,0.853,0.080,1.344
1791428258.8053145,0.3646,0.6350,0.6350,0.5695,0.4998,0.6350,0.5695,0.7006,0.4998,0.1966,0.1966,0.4302,0.4302,0.1557,0.0246,0.0942,0.0942,0.4510,0.6520,,0.2010,,68.50,,,166.8,0.796,0.081,
1791428258.8385541,0.7006,0.7538,0.7538,0.4998,0.5695,0.7538,0.7538,0.4302,0.5695,0.1966,0.3646,0.3646,0.4302,0.0410,0.0246,0.0574,0.0942,0.4510,0.6580,,0.2070,,69.13,,,166.3,0.809,0.079,1.420
1791428258.8714025,0.2991,0.6350,0.8440,0.3646,0.4302,0.8030,0.7538,0.7006,0.4998,0.1557,0.1966,0.4998,0.4998,0.0410,0.0574,0.1229,0.0737,,0.6575,,,,69.13,,,165.9,0.752,0.079,
1791428258.9051166,0.3646,0.9054,0.6350,0.4998,0.4302,0.8440,0.6350,0.4998,0.4302,0.1557,0.3646,0.5695,0.4998,0.0574,0.0574,0.0574,0.0737,0.4510,0.6560,,0.2050,,68.98,,,166.2,0.797,0.079,1.413
1791428258.937827,0.5695,0.6350,0.8440,0.5695,0.4302,0.8030,0.6350,0.5695,0.5695,0.2458,0.1966,0.4302,0.4998,0.0574,0.0246,0.1229,0.0737,0.4510,0.6625,,0.2115,,68.66,,,166.5,0.781,0.081,
1791428258.9719949,0.4302,0.8030,0.6350,0.5695,0.4998,0.7006,0.5695,0.4998,0.6350,0.0942,0.4302,0.4998,0.4998,0.0942,0.0369,0.0574,0.0942,0.4510,0.6575,,0.2065,,68.84,,,166.9,0.792,0.080,1.309
1791428259.0124426,0.4302,0.8767,0.8440,0.6350,0.5695,0.7006,0.6350,0.6350,0.2991,0.1966,0.5695,0.5695,0.4998,0.0737,0.0410,0.0410,0.0942,0.4510,0.6640,,0.2130,,69.20,,,167.5,0.750,0.079,1.251
1791428259.0442486,0.4302,0.7006,0.8030,0.4302,0.4998,0.8030,0.4998,0.6350,0.5695,0.1229,0.4998,0.4998,0.4998,0.0942,0.0369,0.0942,0.0942,0.4530,0.6590,,0.2060,,69.28,,,167.3,0.792,0.079,1.354
1791428259.0749588,0.7006,0.7006,0.6350,0.4302,0.4998,0.7006,0.7006,0.6350,0.4998,0.2991,0.3646,0.4998,0.4998,0.0737,0.0410,0.0737,0.0737,0.4530,0.6610,,0.2080,,69.41,,,167.3,0.760,0.078,1.277
1791428259.106765,0.6350,0.6350,0.8440,0.4998,0.5695,0.7538,0.4998,0.7006,0.4998,0.2458,0.3646,0.4998,0.4998,0.0574,0.0369,0.0737,0.0737,0.4510,0.6600,,0.2090,,68.73,,,167.0,0.770,0.081,1.382
1791428259.138005,0.4998,0.7538,0.6350,0.5695,0.3646,0.5695,0.6350,0.7538,0.4998,0.1229,0.4302,0.4998,0.4302,0.0737,0.0246,0.0574,0.0574,0.4530,0.6625,,0.2095,,68.44,,,166.9,0.809,0.082,1.406
1791428259.172436,0.4998,0.8030,0.8030,0.4302,0.5695,0.7006,0.4302,0.8030,0.4302,0.0574,0.7006,0.4302,0.4302,0.0737,0.0574,0.0574,0.0574,0.4510,0.6600,,0.2090,,68.69,,,167.9,0.720,0.081,1.264
1791428259.2054558,0.6350,0.8440,0.8030,0.4998,0.4998,0.7538,0.4998,0.5695,0.5695,0.0574,0.4302,0.4302,0.4302,0.0574,0.0410,0.0574,0.0942,0.4510,0.6635,,0.2125,,68.71,,,167.5,0.739,0.082,1.310
1791428259.238557,0.4998,0.8030,0.8030,0.4998,0.5695,0.6350,0.4998,0.5695,0.4998,0.1557,0.1557,0.4302,0.4998,0.1229,0.0369,0.0574,0.0737,0.4530,0.6615,,0.2085,,69.57,,,167.2,0.792,0.078,
1791428259.2718055,0.6350,0.8030,0.6350,0.4302,0.4998,0.6350,0.5695,0.7006,0.5695,0.2458,0.1966,0.4998,0.3646,0.0942,0.0737,0.0410,0.0369,0.4530,0.6620,,0.2090,,69.42,,,166.8,0.784,0.079,
1791428259.3061938,0.4998,0.7006,0.7006,0.5695,0.4998,0.8030,0.5695,0.7006,0.5695,0.1229,0.2991,0.4998,0.2991,0.0574,0.0410,0.0410,0.0410,0.4530,0.6620,,0.2090,,69.51,,,166.8,,0.078,
1791428259.3448966,0.6350,0.7006,0.7538,0.3646,0.4998,0.6350,0.4302,0.5695,0.4998,0.1229,0.2991,0.4302,0.4302,0.0737,0.0737,0.0574,0.0942,0.4520,0.6555,,0.2035,,69.19,,,166.4,0.729,0.079,
1791428259.3763099,0.5695,0.7538,0.5695,0.4302,0.4302,0.6350,0.7006,0.7538,0.6350,0.2458,0.1557,0.4302,0.4302,0.0410,0.0410,0.0574,0.0737,0.4510,0.6625,,0.2115,,69.43,,,166.6,0.762,0.078,
1791428259.4078112,0.7006,0.8030,0.8440,0.4998,0.4998,0.7538,0.4998,0.7006,0.4302,0.2458,0.0942,0.4302,0.4998,0.1229,0.4302,0.0737,0.2458,0.4510,0.6600,,0.2090,,69.87,,,167.1,0.757,0.077,
1791428259.440174,0.4302,0.7538,0.8767,0.4302,0.4998,0.7538,0.4302,0.5695,0.3646,0.0737,0.2458,0.2991,0.2991,0.0574,0.0410,0.0942,0.1229,0.4560,0.6625,,0.2065,,70.42,,,168.5,,0.074,
1791428259.4724057,0.5695,0.6350,0.7538,0.3646,0.4998,0.7006,0.5695,0.4302,0.4998,0.0942,0.1966,0.2991,0.4302,0.0369,0.2991,0.1229,0.2458,0.4510,0.6615,,0.2105,,70.53,,,168.9,,0.074,
1791428259.5054965,0.4302,0.8767,0.8767,0.4302,0.3646,0.6350,0.4998,0.6350,0.2991,0.1557,0.1229,0.3646,0.4998,0.0410,0.0410,0.0574,0.0737,0.4510,0.6625,,0.2115,,70.57,,,168.6,0.807,0.074,
1791428259.5391712,0.4998,0.7538,0.6350,0.5695,0.4302,0.7006,0.4998,0.5695,0.3646,0.1966,0.1966,0.3646,0.3646,0.1229,0.2458,0.0574,0.0737,0.4510,0.6610,,0.2100,,70.68,,,169.2,0.818,0.073,
1791428259.5728712,0.5695,0.8030,0.8030,0.5695,0.4302,0.8440,0.4302,0.5695,0.3646,0.0942,0.2991,0.4302,0.4302,0.1229,0.0410,0.0574,0.1557,0.4530,0.6540,,0.2010,,70.46,,,167.7,0.784,0.074,
1791428259.6059225,0.4302,0.8440,0.7538,0.2991,0.4998,0.6350,0.5695,0.5695,0.2458,0.4302,0.0942,0.2991,0.3646,0.0369,0.1229,0.0574,0.1966,0.4520,0.6620,,0.2100,,71.04,,146.1,164.6,,0.072,1.231
1791428259.638839,0.4302,0.7006,0.8030,0.4302,0.5695,0.4998,0.5695,0.5695,0.2991,0.1966,0.0737,0.4998,0.3646,0.0942,0.0942,0.0942,0.0942,0.4510,0.6620,,0.2110,,70.74,,146.6,161.7,0.821,0.073,
1791428259.6784437,0.4998,0.7006,0.8030,0.3646,0.5695,0.6350,0.3646,0.5695,0.4998,0.2458,0.2458,0.4302,0.4302,0.0574,0.1966,0.0737,0.2991,0.4520,0.6610,,0.2090,,70.74,,145.5,162.4,0.759,0.073,
1791428259.709471,0.4302,0.5695,0.7006,0.4302,0.4302,0.8440,0.4998,0.5695,0.5695,0.1557,0.3646,0.4302,0.2991,0.0574,0.0942,0.0410,0.2991,0.4510,0.6635,,0.2125,,71.25,,145.0,163.2,,0.071,1.249
1791428259.7413466,0.3646,0.5695,0.7538,0.4998,0.4302,0.7006,0.2991,0.7006,0.2458,0.1557,0.4302,0.4302,0.4302,0.1229,0.0942,0.1229,0.1557,0.4510,,,,,71.25,,145.0,163.2,,,
1791428259.772951,0.5695,0.7538,0.7006,0.4302,0.4302,0.7538,0.4302,0.4998,0.2458,0.1557,0.4302,0.3646,0.3646,0.0737,0.0942,0.0737,0.1229,0.4560,0.6615,,0.2055,,71.26,,145.0,165.6,0.761,0.071,1.311
1791428259.8096879,0.5695,0.8440,0.8440,0.4998,0.3646,0.5695,0.4302,0.6350,0.2458,0.1966,0.3646,0.3646,0.3646,0.0737,0.0574,0.0737,0.0942,0.4510,0.6605,,0.2095,,71.84,,145.1,167.1,0.778,0.069,1.239
1791428259.8412173,0.4998,0.7538,0.8440,0.5695,0.5695,0.7006,0.4998,0.7006,0.2458,0.1557,0.3646,0.3646,0.1966,0.1229,0.0942,0.0737,0.1966,0.4510,0.6600,,0.2090,,72.23,,145.5,166.9,,0.067,1.406
1791428259.873072,0.2991,0.8030,0.7006,0.4302,0.3646,0.6350,0.4302,0.7538,0.2458,0.0942,0.3646,0.2991,0.2991,0.1229,0.1229,0.0737,0.3646,,0.6570,,,,72.23,,145.4,166.3,,0.067,
1791428259.9063137,0.4302,0.6350,0.6350,0.4302,0.3646,0.7538,0.2458,0.6350,0.1966,0.0737,0.2458,0.2991,0.2991,0.0737,0.0369,0.0737,0.0737,0.4520,,,,,72.23,,145.4,166.3,,,
1791428259.9403827,0.4998,0.9054,0.7538,0.4302,0.4998,0.5695,0.3646,0.7006,0.5695,0.2991,0.1229,0.3646,0.4302,0.0410,0.1229,0.0574,0.0737,0.4560,0.6620,,0.2060,,72.71,,144.5,166.4,0.778,0.065,
1791428259.973019,0.3646,0.8440,0.8440,0.6350,0.4998,0.5695,0.4998,0.5695,0.3646,0.0574,0.2458,0.4998,0.4302,0.1557,0.0942,0.0737,0.0942,0.4510,0.6610,,0.2100,,72.47,,143.8,165.7,0.801,0.066,
1791428260.0059843,0.4302,0.7006,0.7006,0.4998,0.4998,0.7538,0.4302,0.5695,0.3646,0.0737,0.2991,0.3646,0.4302,0.1229,0.0737,0.0574,0.2991,0.4530,0.6590,,0.2060,,72.24,,143.8,166.0,0.747,0.067,
1791428260.0456672,0.4302,0.7006,0.6350,0.4998,0.5695,0.7006,0.4302,0.4998,0.0942,0.1557,0.0942,0.3646,0.3646,0.0574,0.0574,0.2458,0.2991,0.4530,0.6575,,0.2045,,72.11,,143.3,165.7,0.768,0.067,
1791428260.0763466,0.4998,0.8030,0.8440,0.3646,0.6350,0.7006,0.4302,0.7006,0.3646,0.0737,0.0574,0.3646,0.3646,0.0737,0.1557,0.0410,0.0574,0.4510,0.6650,,0.2140,,72.20,,143.1,162.4,0.759,0.067,
1791428260.1089885,0.7006,0.8440,0.7538,0.4302,0.4302,0.7006,0.4302,0.5695,0.1966,0.1229,0.1229,0.4302,0.4302,0.0737,0.0942,0.2458,0.2458,0.4530,0.6630,,0.2100,,71.93,,143.2,159.5,0.789,0.068,
1791428260.1405685,0.4302,0.8030,0.9259,0.4998,0.3646,0.7006,0.5695,0.4998,0.2991,0.0942,0.6350,0.2991,0.3646,0.0942,0.1229,0.0574,0.1229,0.4520,0.6590,,0.2070,,72.59,,,160.1,,0.065,1.122
1791428260.1740668,0.4302,0.9054,0.8030,0.4998,0.4998,0.7538,0.6350,0.7006,0.3646,0.1229,0.1229,0.3646,0.4302,0.0942,0.1229,0.0737,0.1229,0.4560,0.6545,,0.1985,,72.51,,,163.5,0.871,0.065,
1791428260.205928,0.6350,0.7538,0.7006,0.4998,0.3646,0.6350,0.4998,0.5695,0.2458,0.2458,0.1229,0.2991,0.3646,0.0246,0.0574,0.0574,0.1229,0.4510,0.6600,,0.2090,,72.44,,,162.0,,0.066,
1791428260.2403617,0.4998,0.6350,0.7538,0.4998,0.3646,0.7538,0.4998,0.7006,0.1966,0.0737,0.1229,0.4302,0.4302,0.2458,0.1557,0.0942,0.1966,0.4510,0.6610,,0.2100,,72.15,,,163.2,0.856,0.067,
1791428260.2731123,0.5695,0.4302,0.7006,0.4998,0.4302,0.8440,0.4998,0.4998,0.3646,0.0942,0.3646,0.2458,0.2991,0.1557,0.1557,0.0737,0.0942,0.4500,0.6635,,0.2135,,71.86,,,114.6,,0.068,1.113
1791428260.312345,0.3646,0.4998,0.7006,0.5695,0.2991,0.7538,0.5695,0.6350,0.3646,0.2458,0.1557,0.2991,0.3646,0.0942,0.1557,0.0942,0.0942,0.4510,0.6550,,0.2040,,71.61,,,125.6,,0.069,
1791428260.3445325,0.3646,0.6350,0.7006,0.4302,0.6350,0.4998,0.4302,0.4998,0.2458,0.1229,0.5695,0.3646,0.4302,0.0410,0.1229,0.0737,0.1966,0.4530,0.6645,,0.2115,,71.76,,,102.9,0.860,0.069,1.122
1791428260.3761654,0.4998,0.8030,0.7006,0.4998,0.4998,0.5695,0.4302,0.7006,0.2458,0.2991,0.6350,0.2991,0.4302,0.0942,0.1229,0.0410,0.0737,0.4560,0.6615,,0.2055,,71.56,,,93.7,,0.069,1.152
1791428260.4070077,0.4998,0.5695,0.8440,0.5695,0.4998,0.8030,0.5695,0.6350,0.1557,0.0942,0.4998,0.4302,0.4302,0.1229,0.1229,0.0737,0.0737,0.4510,0.6640,,0.2130,,71.24,,,87.0,0.817,0.071,1.090
1791428260.4401362,0.3646,0.5695,0.7006,0.4998,0.4998,0.8030,0.6350,0.7006,0.1557,0.3646,0.4998,0.2458,0.2991,0.0574,0.1966,0.0574,0.1557,0.4510,0.6615,,0.2105,,70.95,,144.9,83.8,,0.072,1.103
1791428260.4738395,0.4302,0.4302,0.8030,0.4302,0.3646,0.6350,0.4302,0.7538,0.1966,0.1229,0.1557,0.2458,0.2991,0.1229,0.0410,0.1229,0.0942,0.4510,0.6555,,0.2045,,70.52,,145.2,91.3,,0.074,
1791428260.5072474,0.6350,0.9054,0.7538,0.4998,0.4302,0.4302,0.5695,0.8440,0.4302,0.0574,0.1229,0.3646,0.3646,0.0737,0.0574,0.0410,0.0574,0.4550,0.6640,,0.2090,,70.11,,144.4,97.5,0.757,0.075,
1791428260.5402591,0.3646,0.4998,0.7006,0.4302,0.4998,0.7006,0.4998,0.6350,0.4998,0.2991,0.1557,0.4302,0.4302,0.0574,0.0574,0.0574,0.0410,0.4520,0.6605,,0.2085,,69.67,,145.2,102.6,0.853,0.077,
1791428260.5812788,0.4998,0.5695,0.5695,0.4302,0.5695,0.4998,0.6350,0.5695,0.2991,0.0942,0.0942,0.4302,0.4998,0.0737,0.0942,0.0574,0.0942,0.4580,0.6565,,0.1985,,68.92,,144.0,104.1,0.773,0.080,
1791428260.6126413,0.7006,0.6350,0.7006,0.7006,0.6350,0.7006,0.5695,0.6350,0.2991,0.1557,0.6350,0.3646,0.4302,0.1966,0.0410,0.0737,0.0942,0.4520,0.6545,,0.2025,,68.07,,144.1,115.2,0.789,0.083,1.409
1791428260.6440177,0.7006,0.6350,0.8440,0.4998,0.7538,0.5695,0.4998,0.5695,0.4998,0.0737,0.2991,0.3646,0.2991,0.1229,0.0410,0.0574,0.0246,0.4520,0.6610,,0.2090,,68.11,,145.3,117.9,,0.083,
1791428260.6759598,0.4302,0.7538,0.7006,0.5695,0.4302,0.7538,0.6350,0.6350,0.5695,0.2458,0.1966,0.4302,0.4302,0.0737,0.0574,0.0574,0.0410,0.4530,0.6650,,0.2120,,68.38,,145.6,118.1,0.761,0.082,
1791428260.707026,0.3646,0.8030,0.7006,0.4302,0.4998,0.5695,0.7006,0.7006,0.3646,0.2991,0.4302,0.4998,0.4998,0.0942,0.0574,0.0574,0.0737,0.4530,0.6615,,0.2085,,67.69,,146.7,129.8,0.813,0.085,1.427
1791428260.74016,0.4998,0.5695,0.7538,0.4302,0.3646,0.7006,0.4998,0.7538,0.4998,0.2458,0.2458,0.2991,0.4302,0.0942,0.2458,0.0574,0.2991,0.4510,0.6610,,0.2100,,67.38,,147.2,130.6,,0.087,
1791428260.7737033,0.7006,0.8440,0.7006,0.3646,0.5695,0.7006,0.3646,0.5695,0.5695,0.0942,0.4302,0.4302,0.4302,0.1229,0.0574,0.0737,0.2991,0.4530,0.6645,,0.2115,,67.95,,145.7,139.9,0.752,0.085,1.283
1791428260.8069448,0.4302,0.7006,0.7006,0.4998,0.5695,0.7006,0.3646,0.7006,0.4998,0.2991,0.1229,0.4998,0.4302,0.1229,0.0574,0.0737,0.0737,0.4530,0.6645,,0.2115,,68.07,,145.2,139.9,0.740,0.084,
1791428260.8415303,0.5695,0.7538,0.8767,0.4998,0.4998,0.8440,0.4302,0.7006,0.5695,0.1557,0.1229,0.4998,0.4302,0.0942,0.0410,0.0942,0.0737,0.4560,0.6555,,0.1995,,68.26,,144.7,139.6,0.772,0.083,
1791428260.8815248,0.4302,0.7538,0.7006,0.4998,0.5695,0.7006,0.6350,0.7538,0.5695,0.1557,0.4302,0.4998,0.4998,0.0737,0.0737,0.0574,0.0942,0.4530,0.6600,,0.2070,,67.77,,146.4,152.3,0.878,0.085,1.514
1791428260.912729,0.2991,0.6350,0.6350,0.4302,0.4998,0.7006,0.6350,0.5695,0.4302,0.1557,0.3646,0.3646,0.4302,0.1229,0.0246,0.0410,0.1229,,0.6630,,,,67.77,,146.2,160.4,0.743,0.085,
1791428260.9438565,0.4302,0.5695,0.7538,0.6350,0.6350,0.7006,0.5695,0.7006,0.5695,0.2458,0.4302,0.4998,0.4998,0.0246,0.0574,0.0737,0.1229,0.4560,0.6600,,0.2040,,67.55,,146.9,168.3,0.782,0.085,1.403
1791428260.9755037,0.7006,0.5695,0.8767,0.4998,0.5695,0.8030,0.4998,0.7538,0.2991,0.1229,0.3646,0.4302,0.4302,0.0737,0.0369,0.0737,0.1229,0.4530,0.6620,,0.2090,,67.66,,,175.2,0.796,0.085,1.465
1791428261.0072594,0.3646,0.7006,0.8030,0.4998,0.4998,0.6350,0.7538,0.7006,0.4302,0.1557,0.3646,0.2991,0.3646,0.0942,0.0369,0.0942,0.0942,0.4510,0.6630,,0.2120,,67.96,,,179.0,,0.084,1.371
1791428261.0409274,0.4302,0.9054,0.7006,0.4998,0.5695,0.7538,0.5695,0.4998,0.4998,0.1557,0.2458,0.3646,0.4302,0.0942,0.0574,0.0574,0.1557,0.4510,0.6585,,0.2075,,68.20,,,178.6,0.759,0.083,
1791428261.0740077,0.3646,0.6350,0.6350,0.4302,0.5695,0.7006,0.6350,0.7538,0.4998,0.2991,0.3646,0.4302,0.4302,0.0737,0.0410,0.0574,0.0410,0.4510,0.6590,,0.2080,,68.02,,,178.6,0.849,0.084,1.473
1791428261.1083395,0.5695,0.7538,0.7538,0.4998,0.4302,0.6350,0.7006,0.6350,0.7538,0.1966,0.5695,0.4302,0.4302,0.0942,0.0205,0.0737,0.0737,0.4510,0.6590,,0.2080,,67.86,,,175.3,0.820,0.085,1.448
1791428261.1487868,0.4998,0.6350,0.6350,0.4302,0.3646,0.8440,0.5695,0.7006,0.5695,0.1966,0.4998,0.3646,0.4302,0.0410,0.0410,0.0942,0.1229,0.4510,0.6590,,0.2080,,68.47,,,173.6,0.769,0.082,1.349
1791428261.1799443,0.3646,0.7006,0.7538,0.4998,0.4302,0.7538,0.7538,0.7006,0.5695,0.1557,0.2458,0.4998,0.4302,0.0410,0.0369,0.0574,0.0737,0.4530,0.6555,,0.2025,,68.52,,,173.8,0.778,0.081,
1791428261.2123423,0.4998,0.8030,0.7538,0.4998,0.4998,0.6350,0.6350,0.5695,0.5695,0.1229,0.4302,0.4998,0.4302,0.1557,0.0246,0.0942,0.1229,0.4520,0.6575,,0.2055,,67.91,,,172.2,0.779,0.084,1.482
1791428261.2433026,0.5695,0.8030,0.7538,0.4998,0.5695,0.7538,0.5695,0.6350,0.3646,0.1229,0.2991,0.4302,0.4998,0.1229,0.0246,0.0942,0.0737,0.4550,0.6585,,0.2035,,68.48,,,172.3,0.845,0.081,
1791428261.2755687,0.7006,0.7006,0.8030,0.4998,0.4302,0.5695,0.5695,0.8030,0.5695,0.0942,0.3646,0.3646,0.4302,0.0574,0.0410,0.0737,0.0942,0.4530,0.6645,,0.2115,,68.69,,,171.7,0.744,0.081,1.347
1791428261.3076127,0.2991,0.8030,0.8030,0.5695,0.4998,0.7006,0.5695,0.6350,0.5695,0.2458,0.1966,0.4302,0.4302,0.0369,0.0246,0.0737,0.0737,,0.6600,,,,68.69,,,171.8,0.853,0.081,
1791428261.3406599,0.4302,0.6350,0.7006,0.4998,0.3646,0.7538,0.5695,0.5695,0.4998,0.0737,0.1966,0.2991,0.4302,0.0574,0.0410,0.0737,0.0942,0.4530,0.6605,,0.2075,,68.95,,,171.6,,0.080,
1791428261.3742697,0.6350,0.5695,0.6350,0.4998,0.4998,0.6350,0.7538,0.6350,0.6350,0.2458,0.3646,0.4998,0.4302,0.0942,0.0369,0.0574,0.0737,0.4520,0.6600,,0.2080,,68.90,,,170.5,0.780,0.080,1.336
1791428261.4075172,0.4998,0.8440,0.8030,0.4998,0.3646,0.6350,0.4998,0.7006,0.5695,0.2991,0.4302,0.2458,0.4998,0.0942,0.0574,0.0737,0.0737,0.4560,0.6635,,0.2075,,69.02,,,170.0,,0.080,1.382
1791428261.4413536,0.4302,0.5695,0.7006,0.4998,0.4998,0.7538,0.7006,0.5695,0.6350,0.2458,0.3646,0.3646,0.4302,0.0942,0.0737,0.0942,0.0737,0.4530,0.6585,,0.2055,,69.26,,,169.1,0.804,0.078,1.398
1791428261.4800813,0.5695,0.5695,0.4302,0.5695,0.4998,0.8030,0.6350,0.6350,0.3646,0.2991,0.1966,0.4998,0.4998,0.0410,0.0369,0.0574,0.0574,0.4550,0.6615,,0.2065,,69.75,,,169.3,0.822,0.076,
1791428261.511556,0.2991,0.8767,0.7538,0.3646,0.7006,0.7538,0.5695,0.7006,0.5695,0.1557,0.4998,0.4998,0.4998,0.0369,0.0369,0.0737,0.0942,,0.6615,,,,69.75,,,168.9,0.849,0.076,
1791428261.5439909,0.5695,0.7538,0.7538,0.5695,0.4998,0.8030,0.4998,0.6350,0.4998,0.2991,0.4302,0.4302,0.4302,0.0942,0.0369,0.0410,0.0737,0.4520,0.6630,,0.2110,,69.31,,,168.1,0.760,0.078,1.401
1791428261.5760856,0.6350,0.6350,0.6350,0.5695,0.4998,0.8030,0.6350,0.7006,0.6350,0.0942,0.3646,0.4998,0.4998,0.1229,0.0410,0.0574,0.0737,0.4530,0.6560,,0.2030,,69.04,,,167.6,0.742,0.079,1.299
1791428261.6080463,0.5695,0.8440,0.7538,0.5695,0.4302,0.4302,0.8030,0.5695,0.5695,0.1229,0.2991,0.2991,0.2991,0.0737,0.0246,0.1229,0.0942,0.4530,0.6645,,0.2115,,69.13,,,167.8,,0.079,
1791428261.6423512,0.4998,0.8030,0.7538,0.3646,0.5695,0.7006,0.7538,0.7006,0.3646,0.1229,0.4998,0.3646,0.4302,0.1229,0.0574,0.0410,0.0574,0.4520,0.6610,,0.2090,,68.97,,,166.0,0.770,0.080,1.428
1791428261.6750135,0.4998,0.8440,0.7538,0.4302,0.3646,0.7006,0.6350,0.5695,0.4302,0.0942,0.4302,0.4998,0.5695,0.0737,0.0246,0.0574,0.0737,0.4550,0.6615,,0.2065,,68.41,,,165.8,0.720,0.082,1.338
1791428261.7084556,0.2991,0.4998,0.7006,0.5695,0.4998,0.7538,0.6350,0.5695,0.5695,0.1229,0.2991,0.3646,0.4998,0.0942,0.0369,0.0942,0.0942,,0.6630,,,,68.41,,,165.3,0.744,0.082,
1791428261.7473648,0.5695,0.6350,0.7538,0.4302,0.5695,0.6350,0.4998,0.4302,0.4998,0.1966,0.4998,0.4302,0.3646,0.0737,0.0369,0.0574,0.0737,0.4510,0.6660,,0.2150,,68.87,,,165.3,0.724,0.081,1.376
1791428261.7793937,0.2991,0.7538,0.6350,0.4302,0.6350,0.7006,0.6350,0.7006,0.4302,0.1229,0.4998,0.4998,0.5695,0.0574,0.0942,0.0737,0.1229,,0.6630,,,,68.87,,,165.2,0.769,0.081,
1791428261.8112485,0.5695,0.4998,0.7538,0.4998,0.5695,0.6350,0.6350,0.4302,0.6350,0.1557,0.2991,0.4302,0.4998,0.1557,0.0410,0.0737,0.0737,0.4520,0.6610,,0.2090,,68.50,,,164.6,0.812,0.082,
1791428261.8419583,0.2458,0.5695,0.7006,0.4998,0.5695,0.7538,0.7006,0.5695,0.4998,0.1966,0.2458,0.4998,0.4302,0.0410,0.0369,0.0574,0.0737,,0.6595,,,,68.50,,,164.5,0.802,0.082,
1791428261.8753033,0.5695,0.6350,0.7006,0.4998,0.7538,0.7538,0.7006,0.7538,0.4998,0.2991,0.1966,0.3646,0.4302,0.0942,0.0410,0.0942,0.0942,0.4530,0.6600,,0.2070,,68.43,,,164.0,0.813,0.082,
1791428261.9089477,0.3646,0.7006,0.8767,0.4998,0.4302,0.7538,0.7006,0.6350,0.5695,0.2991,0.4302,0.5695,0.4998,0.1229,0.0246,0.1229,0.0942,0.4520,0.6620,,0.2100,,68.55,,,164.5,0.799,0.082,1.407
1791428261.9421916,0.4302,0.7538,0.7006,0.4302,0.4998,0.6350,0.6350,0.5695,0.8030,0.1557,0.3646,0.4302,0.4998,0.1229,0.0574,0.1229,0.1229,0.4520,0.6560,,0.2040,,68.38,,,164.5,0.812,0.082,1.449
1791428261.9747443,0.5695,0.8440,0.8030,0.4998,0.5695,0.6350,0.7538,0.5695,0.5695,0.0942,0.1229,0.4998,0.4302,0.0737,0.0369,0.0737,0.0737,0.4520,0.6590,,0.2070,,68.59,,,163.8,0.806,0.081,
1791428262.0097303,0.5695,0.4998,0.7538,0.4998,0.3646,0.7538,0.7538,0.7006,0.5695,0.1966,0.4998,0.4998,0.4998,0.0737,0.0410,0.0942,0.0942,0.4530,0.6595,,0.2065,,68.80,,,164.1,0.861,0.080,1.437
1791428262.0489755,0.4302,0.6350,0.7538,0.4998,0.4302,0.7006,0.6350,0.5695,0.7006,0.1966,0.3646,0.4998,0.4998,0.0574,0.0410,0.0410,0.0737,0.4530,0.6575,,0.2045,,68.46,,,163.5,0.891,0.082,1.539
1791428262.0803103,0.5695,0.9054,0.5695,0.4302,0.4302,0.8030,0.7538,0.4998,0.6350,0.2991,0.3646,0.4302,0.4998,0.0369,0.0574,0.0737,0.1557,0.4530,0.6570,,0.2040,,68.84,,,162.9,0.758,0.080,1.284
1791428262.1114676,0.4302,0.4998,0.7006,0.5695,0.4998,0.7538,0.6350,0.5695,0.4998,0.1229,0.4302,0.4302,0.4998,0.0942,0.0410,0.0942,0.0942,0.4520,0.6615,,0.2095,,69.06,,,164.0,0.853,0.079,1.341
1791428262.1428142,0.4302,0.7006,0.7006,0.4302,0.4998,0.7538,0.4998,0.7006,0.5695,0.2991,0.2458,0.4998,0.4302,0.0737,0.0574,0.0574,0.0942,0.4520,0.6640,,0.2120,,68.90,,,164.2,0.845,0.080,
1791428262.1757343,0.5695,0.7538,0.8030,0.4302,0.5695,0.8030,0.7538,0.6350,0.4998,0.2991,0.3646,0.4998,0.4302,0.1229,0.0737,0.0574,0.0737,0.4550,0.6530,,0.1980,,68.94,,,163.9,0.882,0.079,1.398
1791428262.2084732,0.2991,0.8767,0.7006,0.4998,0.4998,0.8030,0.7006,0.5695,0.6350,0.1229,0.3646,0.2991,0.2991,0.1229,0.0369,0.0737,0.0737,,0.6575,,,,68.94,,,163.9,,0.079,
1791428262.2431498,0.2991,0.8030,0.6350,0.4998,0.4998,0.7538,0.6350,0.7006,0.5695,0.1966,0.2991,0.4302,0.4998,0.0737,0.0246,0.0369,0.0737,,0.6645,,,,68.94,,,164.0,0.826,0.079,
1791428262.2754455,0.4302,0.8030,0.7538,0.4998,0.4302,0.7538,0.5695,0.5695,0.7006,0.2458,0.5695,0.4302,0.5695,0.0737,0.0574,0.1229,0.1557,0.4550,0.6645,,0.2095,,69.09,,,164.2,0.799,0.079,1.335
1791428262.3084118,0.4998,0.8440,0.4998,0.4302,0.4302,0.6350,0.6350,0.6350,0.4998,0.2458,0.4998,0.4302,0.4998,0.0246,0.0410,0.0737,0.0942,0.4530,0.6595,,0.2065,,69.19,,,164.1,0.788,0.079,1.355
1791428262.3484251,0.7006,0.9054,0.7538,0.4998,0.4302,0.7006,0.6350,0.6350,0.4302,0.1557,0.2991,0.2991,0.4302,0.0942,0.0410,0.0574,0.0942,0.4550,0.6630,,0.2080,,69.59,,,164.3,,0.077,
1791428262.3808432,0.4998,0.5695,0.6350,0.5695,0.5695,0.8030,0.6350,0.4998,0.7006,0.2991,0.3646,0.4302,0.4302,0.0369,0.0737,0.0246,0.0737,0.4520,0.6590,,0.2070,,69.81,,,164.6,0.732,0.076,1.308
1791428262.4115994,0.6350,0.6350,0.7538,0.4998,0.4302,0.8030,0.6350,0.6350,0.4998,0.1229,0.3646,0.2991,0.3646,0.1229,0.0574,0.0574,0.0942,0.4560,0.6645,,0.2085,,69.85,,,165.1,,0.076,1.300
1791428262.4438717,0.4302,0.7538,0.7538,0.3646,0.4302,0.8030,0.7006,0.6350,0.4302,0.1229,0.1966,0.2458,0.2991,0.0737,0.0737,0.0737,0.0574,0.4530,0.6565,,0.2035,,69.79,,,165.1,,0.076,
1791428262.4753563,0.6350,0.6350,0.5695,0.6350,0.4302,0.6350,0.5695,0.8030,0.6350,0.3646,0.2991,0.2458,0.4302,0.0942,0.0574,0.0410,0.0737,0.4530,0.6580,,0.2050,,69.66,,147.3,165.0,,0.076,1.266
1791428262.5099654,0.4302,0.6350,0.6350,0.4998,0.4302,0.8440,0.7006,0.6350,0.4302,0.1557,0.3646,0.3646,0.2991,0.0410,0.0574,0.0410,0.0942,0.4530,0.6595,,0.2065,,69.47,,147.3,164.8,,0.077,1.425
1791428262.5428224,0.3646,0.6350,0.8440,0.5695,0.5695,0.7538,0.8030,0.6350,0.5695,0.1966,0.4302,0.4302,0.4302,0.0574,0.0410,0.0737,0.1229,0.4570,0.6630,,0.2060,,69.61,,148.0,164.5,0.818,0.077,1.380
1791428262.5754025,0.7006,0.7006,0.7006,0.4302,0.4302,0.8030,0.6350,0.5695,0.4998,0.0942,0.3646,0.3646,0.5695,0.0942,0.0369,0.1229,0.0942,0.4540,0.6580,,0.2040,,69.22,,147.6,165.0,0.799,0.078,1.334
1791428262.6088448,0.5695,0.7006,0.6350,0.4302,0.4302,0.5695,0.7538,0.7538,0.3646,0.2458,0.4998,0.4302,0.4998,0.1966,0.0369,0.0942,0.0737,0.4540,0.6585,,0.2045,,69.20,,147.6,165.0,0.799,0.078,1.354
1791428262.6483502,0.3646,0.3646,0.7538,0.4998,0.4302,0.5695,0.7006,0.5695,0.5695,0.2458,0.2991,0.2991,0.3646,0.0574,0.0410,0.0246,0.0737,0.4520,0.6620,,0.2100,,69.38,,147.9,164.9,,0.078,
1791428262.6801293,0.4302,0.7538,0.6350,0.4302,0.4998,0.6350,0.7538,0.5695,0.3646,0.2458,0.1229,0.4998,0.4998,0.0942,0.0205,0.0737,0.0942,0.4570,0.6640,,0.2070,,69.55,,147.3,165.3,0.774,0.077,
1791428262.711413,0.4302,0.4998,0.8030,0.4998,0.4302,0.6350,0.4998,0.4998,0.6350,0.2458,0.5695,0.2991,0.4302,0.0369,0.0410,0.1229,0.0942,0.4520,0.6615,,0.2095,,69.42,,147.6,165.5,,0.078,1.414
1791428262.7428458,0.4998,0.8030,0.7006,0.5695,0.4302,0.8767,0.5695,0.7006,0.5695,0.3646,0.2991,0.4302,0.4998,0.0942,0.0942,0.0737,0.1229,0.4640,0.6570,,0.1930,,69.32,,147.9,164.6,0.734,0.077,1.210
1791428262.7759662,0.6350,0.7006,0.5695,0.4998,0.4998,0.7538,0.7538,0.7538,0.4302,0.2458,0.3646,0.3646,0.3646,0.0369,0.0369,0.0737,0.0737,0.4540,0.6595,,0.2055,,69.47,,147.6,164.3,0.730,0.077,1.310
1791428262.8102598,0.5695,0.7006,0.7538,0.4998,0.6350,0.6350,0.6350,0.5695,0.7006,0.1966,0.4302,0.4998,0.4998,0.0369,0.0410,0.0410,0.0737,0.4570,0.6555,,0.1985,,69.10,,146.9,164.2,0.833,0.078,1.406
1791428262.8422403,0.4302,0.7538,0.7538,0.4302,0.3646,0.6350,0.3646,0.7538,0.7006,0.4998,0.4998,0.4998,0.4302,0.0942,0.0574,0.0942,0.0942,0.4570,0.6615,,0.2045,,69.16,,147.2,164.6,0.806,0.078,1.294
1791428262.875851,0.7006,0.5695,0.4302,0.4302,0.5695,0.7538,0.6350,0.6350,0.7006,0.1557,0.4998,0.3646,0.4302,0.0737,0.0737,0.0574,0.0574,0.4550,0.6625,,0.2075,,69.56,,146.6,164.5,0.817,0.076,1.366
1791428262.9166784,0.4998,0.7006,0.6350,0.4998,0.4998,0.7538,0.6350,0.6350,0.4302,0.1966,0.1966,0.4302,0.4998,0.1229,0.0737,0.0410,0.0574,0.4620,0.6580,,0.1960,,69.89,,147.0,164.9,0.792,0.074,
1791428262.9477568,0.4998,0.5695,0.4302,0.6350,0.4998,0.8030,0.6350,0.6350,0.4302,0.2991,0.2458,0.3646,0.4998,0.0410,0.0574,0.0737,0.0737,0.4550,0.6535,,0.1985,,69.73,,146.7,164.7,0.779,0.075,
1791428262.9795167,0.4302,0.6350,0.8767,0.3646,0.4302,0.7006,0.7006,0.7538,0.3646,0.1966,0.2991,0.4302,0.4998,0.0942,0.0574,0.0737,0.0737,0.4530,0.6635,,0.2105,,69.69,,146.7,164.7,0.754,0.075,
1791428263.010986,0.6350,0.7006,0.7538,0.4302,0.4998,0.4302,0.5695,0.5695,0.5695,0.1229,0.4302,0.4302,0.4998,0.1229,0.0410,0.0942,0.0942,0.4530,0.6545,,0.2015,,68.97,,145.6,164.7,0.813,0.078,1.409
1791428263.0428715,0.5695,0.7006,0.7538,0.4998,0.6350,0.7538,0.4302,0.7538,0.5695,0.1229,0.4302,0.5695,0.4998,0.0737,0.0737,0.0410,0.0942,0.4530,0.6615,,0.2085,,69.40,,146.5,165.1,0.810,0.077,1.351
1791428263.0762396,0.6350,0.5695,0.8440,0.4998,0.4998,0.6350,0.6350,0.7538,0.5695,0.1229,0.1966,0.2991,0.2991,0.0574,0.0574,0.0737,0.0942,0.4550,0.6565,,0.2015,,69.16,,146.3,164.7,,0.078,
1791428263.1105094,0.6350,0.4998,0.8767,0.4998,0.4302,0.7006,0.7538,0.7538,0.5695,0.0942,0.3646,0.4302,0.4302,0.0737,0.0410,0.0410,0.0737,0.4620,0.6535,,0.1915,,68.11,,146.3,164.3,0.805,0.081,1.451
1791428263.142709,0.7006,0.5695,0.6350,0.5695,0.4998,0.7538,0.5695,0.5695,0.4302,0.1966,0.4998,0.2458,0.4302,0.0737,0.0410,0.0942,0.1229,0.4530,0.6585,,0.2055,,68.61,,146.0,164.2,,0.079,1.370
1791428263.1768293,0.5695,0.7006,0.7538,0.4302,0.4998,0.6350,0.5695,0.6350,0.8030,0.2458,0.2991,0.4998,0.4998,0.0410,0.0369,0.0574,0.0942,0.4540,0.6565,,0.2025,,68.65,,146.5,164.8,0.837,0.079,
1791428263.2164483,0.6350,0.7006,0.7006,0.4302,0.4302,0.8030,0.6350,0.7006,0.4998,0.1557,0.4302,0.2991,0.4998,0.0574,0.0737,0.0737,0.0737,0.4540,0.6620,,0.2080,,69.20,,146.5,165.1,,0.077,1.269
1791428263.248689,0.6350,0.4998,0.8767,0.4998,0.4998,0.7006,0.7538,0.7006,0.6350,0.2991,0.1557,0.4302,0.4302,0.0369,0.0369,0.0574,0.0737,0.4540,0.6635,,0.2095,,69.64,,146.5,165.2,0.746,0.076,
1791428263.2791002,0.5695,0.6350,0.8440,0.4302,0.4998,0.4998,0.7006,0.5695,0.5695,0.1229,0.4302,0.4302,0.4998,0.0942,0.0369,0.0574,0.0737,0.4570,0.6545,,0.1975,,69.25,,146.0,165.4,0.805,0.077,1.425
1791428263.3107045,0.7006,0.5695,0.6350,0.5695,0.4998,0.7538,0.5695,0.5695,0.4998,0.1966,0.3646,0.4998,0.4998,0.0410,0.0410,0.0574,0.0737,0.4540,0.6555,,0.2015,,69.27,,146.5,165.5,0.771,0.077,1.361
1791428263.343051,0.5695,0.5695,0.7538,0.4998,0.5695,0.6350,0.5695,0.5695,0.2991,0.1966,0.2991,0.4998,0.4302,0.1229,0.0410,0.0737,0.0737,0.4550,0.6625,,0.2075,,68.71,,146.2,165.3,0.752,0.079,
1791428263.3772175,0.6350,0.6350,0.5695,0.4998,0.4302,0.4302,0.5695,0.6350,0.4302,0.3646,0.4302,0.3646,0.4302,0.0410,0.0737,0.0574,0.1229,0.4550,0.6590,,0.2040,,69.03,,146.4,165.6,0.760,0.078,1.232
1791428263.4103048,0.7538,0.7538,0.7538,0.3646,0.4302,0.5695,0.5695,0.7006,0.4998,0.1966,0.3646,0.4302,0.4998,0.0410,0.0369,0.0737,0.0942,0.4550,0.6585,,0.2035,,68.85,,146.4,165.2,0.782,0.079,1.338
1791428263.4439137,0.6350,0.4998,0.5695,0.4302,0.4998,0.8440,0.6350,0.7006,0.4998,0.1966,0.2458,0.4302,0.4302,0.0942,0.0410,0.0737,0.0737,0.4550,0.6580,,0.2030,,68.44,,147.4,165.4,0.845,0.080,
1791428263.477511,0.5695,0.5695,0.6350,0.6350,0.4998,0.7006,0.5695,0.6350,0.7006,0.2458,0.4302,0.2458,0.2991,0.0369,0.0410,0.0205,0.0737,0.4550,0.6605,,0.2055,,68.61,,147.5,165.0,,0.080,1.419
1791428263.516816,0.5695,0.6350,0.7538,0.4998,0.4998,0.8440,0.6350,0.6350,0.4998,0.3646,0.4998,0.4302,0.4302,0.0410,0.0369,0.0574,0.0737,0.4570,0.6595,,0.2025,,68.46,,147.7,165.0,0.849,0.080,1.313
1791428263.5484316,0.5695,0.5695,0.4998,0.4302,0.4998,0.7006,0.5695,0.7006,0.7538,0.3646,0.4998,0.4998,0.4302,0.0737,0.0410,0.0942,0.0737,0.4570,0.6610,,0.2040,,69.25,,147.5,166.0,0.723,0.077,1.121
1791428263.5804293,0.5695,0.6350,0.7006,0.5695,0.4998,0.8030,0.5695,0.7006,0.5695,0.1557,0.2458,0.4998,0.4302,0.0410,0.0574,0.0942,0.0737,0.4550,0.6600,,0.2050,,69.00,,147.4,165.5,0.797,0.078,
1791428263.6108155,0.6350,0.4302,0.7006,0.6350,0.4998,0.7538,0.4302,0.7538,0.5695,0.2458,0.2991,0.4302,0.4302,0.0410,0.0574,0.0246,0.0942,0.4550,0.6555,,0.2005,,69.34,,147.4,165.6,0.778,0.077,
1791428263.6433158,0.6350,0.4998,0.7538,0.4302,0.4998,0.7538,0.4998,0.6350,0.3646,0.1229,0.4998,0.2991,0.3646,0.1966,0.0369,0.0574,0.0737,0.4550,0.6570,,0.2020,,69.19,,145.5,165.0,,0.077,1.416
1791428263.6771922,0.3646,0.6350,0.7538,0.6350,0.4302,0.7006,0.7006,0.5695,0.4998,0.2458,0.4302,0.4302,0.5695,0.0369,0.0369,0.0574,0.0574,0.4570,0.6560,,0.1990,,69.20,,146.5,164.7,0.806,0.077,1.408
1791428263.71117,0.4998,0.5695,0.7538,0.4302,0.4998,0.7538,0.6350,0.4998,0.4998,0.4302,0.4302,0.4302,0.4998,0.0574,0.0410,0.0737,0.0737,0.4620,0.6615,,0.1995,,69.34,,146.5,164.9,0.803,0.076,1.276
1791428263.7443025,0.4302,0.4998,0.8030,0.4998,0.6350,0.6350,0.4998,0.7538,0.6350,0.2991,0.1557,0.4302,0.4302,0.0574,0.0410,0.0737,0.0737,0.4550,0.6555,,0.2005,,68.92,,146.8,164.4,0.765,0.078,
1791428263.777825,0.4302,0.5695,0.7006,0.4302,0.4302,0.8030,0.7006,0.7006,0.5695,0.2458,0.2991,0.3646,0.4998,0.0410,0.0410,0.0574,0.0737,0.4550,0.6540,,0.1990,,68.71,,146.5,164.2,0.757,0.078,
1791428263.8166678,0.5695,0.5695,0.6350,0.4998,0.5695,0.7006,0.6350,0.7006,0.6350,0.2991,0.2991,0.4302,0.4998,0.0369,0.0410,0.0410,0.0942,0.4540,0.6620,,0.2080,,69.07,,146.4,164.2,0.810,0.077,
1791428263.8494513,0.4302,0.4998,0.6350,0.4998,0.4998,0.4302,0.7538,0.4998,0.5695,0.2991,0.3646,0.4302,0.4998,0.0737,0.0410,0.0942,0.0942,0.4550,0.6625,,0.2075,,68.65,,146.4,164.9,0.752,0.080,1.294
1791428263.8805299,0.4302,0.8440,0.7006,0.4302,0.4302,0.7006,0.4998,0.7006,0.6350,0.1229,0.2458,0.4302,0.4302,0.0737,0.0942,0.0942,0.0942,0.4550,0.6610,,0.2060,,69.09,,146.5,164.9,0.752,0.078,
1791428263.9117706,0.4998,0.8030,0.4302,0.4998,0.4998,0.7006,0.7006,0.5695,0.6350,0.0942,0.4998,0.4302,0.4998,0.0942,0.0942,0.0737,0.0942,0.4540,0.6565,,0.2025,,68.93,,147.3,164.5,0.799,0.078,1.321
1791428263.9443443,0.5695,0.4302,0.7538,0.4302,0.3646,0.6350,0.5695,0.4998,0.5695,0.3646,0.0942,0.2991,0.2991,0.0942,0.0737,0.0737,0.0737,0.4550,0.6605,,0.2055,,69.40,,147.1,164.1,,0.077,1.249
1791428263.9782243,0.4302,0.4998,0.7538,0.4998,0.3646,0.8440,0.7006,0.4998,0.1966,0.3646,0.2458,0.4998,0.3646,0.0369,0.0246,0.0942,0.1557,0.4550,0.6625,,0.2075,,69.09,,147.6,164.0,0.817,0.078,1.321
1791428264.0108423,0.4998,0.6350,0.6350,0.4998,0.4998,0.7006,0.6350,0.5695,0.4998,0.2458,0.3646,0.4302,0.4998,0.0574,0.0574,0.0737,0.0574,0.4550,0.6630,,0.2080,,68.82,,147.8,164.6,0.825,0.080,1.365
1791428264.0440657,0.8440,0.5695,0.7538,0.5695,0.4302,0.6350,0.6350,0.5695,0.6350,0.4998,0.2991,0.3646,0.4302,0.0410,0.0410,0.0737,0.0942,0.4550,0.6565,,0.2015,,68.97,,147.7,164.3,0.750,0.079,1.178
1791428264.0788121,0.4302,0.6350,0.8440,0.4998,0.4998,0.7538,0.4998,0.4998,0.4998,0.0737,0.2458,0.3646,0.4302,0.0737,0.0574,0.0574,0.0369,0.4550,0.6585,,0.2035,,69.13,,148.4,164.7,0.793,0.078,
1791428264.1176884,0.5695,0.4302,0.7006,0.4302,0.6350,0.6350,0.5695,0.7538,0.4302,0.3646,0.2458,0.2991,0.2991,0.0737,0.0574,0.0246,0.0574,0.4570,0.6615,,0.2045,,69.36,,148.1,165.2,,0.077,1.265
1791428264.1498685,0.4998,0.4998,0.6350,0.4302,0.4302,0.7006,0.4998,0.6350,0.6350,0.2458,0.3646,0.3646,0.4998,0.1229,0.0942,0.0737,0.0737,0.4570,0.6575,,0.2005,,68.95,,147.9,164.5,0.783,0.078,1.393
1791428264.1794286,0.4302,0.4998,0.7006,0.4998,0.4998,0.7006,0.6350,0.6350,0.6350,0.2991,0.5695,0.4302,0.5695,0.0246,0.0205,0.0737,0.0737,0.4550,0.6575,,0.2025,,68.48,,147.7,164.1,0.841,0.080,1.434
1791428264.2120137,0.7006,0.5695,0.7538,0.5695,0.4302,0.7006,0.6350,0.7006,0.6350,0.1557,0.2991,0.3646,0.4998,0.1229,0.0737,0.0942,0.0942,0.4550,0.6640,,0.2090,,69.20,,147.7,165.0,0.779,0.078,
1791428264.2449968,0.4302,0.5695,0.8030,0.5695,0.4302,0.5695,0.4302,0.5695,0.4998,0.0942,0.2991,0.4998,0.4302,0.0574,0.0737,0.0737,0.0942,0.4550,0.6550,,0.2000,,69.04,,147.8,165.1,0.834,0.078,
1791428264.2778397,0.4998,0.6350,0.6350,0.3646,0.5695,0.7538,0.6350,0.4998,0.5695,0.2458,0.4302,0.4302,0.4998,0.0737,0.0369,0.0942,0.1229,0.4550,0.6610,,0.2060,,69.43,,147.4,165.3,0.785,0.077,1.281
1791428264.3116364,0.4302,0.5695,0.7006,0.4302,0.6350,0.7006,0.6350,0.5695,0.5695,0.1966,0.3646,0.4998,0.4998,0.0369,0.0574,0.1229,0.1557,0.4540,0.6615,,0.2075,,69.88,,147.1,165.6,0.799,0.075,1.331
1791428264.3452814,0.6350,0.8440,0.8030,0.4998,0.4302,0.8030,0.7006,0.5695,0.3646,0.2991,0.4998,0.4998,0.4998,0.0737,0.0737,0.0574,0.0737,0.4550,0.6555,,0.2005,,70.04,,146.9,165.3,0.734,0.074,1.243
1791428264.3781168,0.6350,0.8030,0.7538,0.4998,0.4302,0.7538,0.6350,0.6350,0.4998,0.2991,0.2458,0.4302,0.4998,0.0737,0.0369,0.0574,0.0410,0.4550,0.6630,,0.2080,,69.84,,147.1,165.4,0.776,0.075,
1791428264.4185197,0.2991,0.7006,0.8030,0.3646,0.4998,0.8030,0.4302,0.7006,0.4998,0.3646,0.2458,0.4302,0.4998,0.0574,0.0737,0.0410,0.0942,,0.6630,,,,69.84,,146.6,165.4,0.781,0.075,
1791428264.449221,0.4998,0.6350,0.6350,0.5695,0.4302,0.6350,0.6350,0.7006,0.5695,0.1557,0.2458,0.4302,0.4302,0.0737,0.0737,0.0737,0.0942,0.4540,0.6650,,0.2110,,70.18,,147.1,165.6,0.739,0.074,
1791428264.4799018,0.7006,0.8030,0.7538,0.4998,0.4302,0.6350,0.4998,0.5695,0.6350,0.2991,0.2991,0.5695,0.4998,0.0410,0.0737,0.0737,0.0942,0.4540,0.6585,,0.2045,,70.56,,147.2,165.8,0.782,0.073,
1791428264.5122159,0.5695,0.6350,0.8030,0.4302,0.5695,0.6350,0.6350,0.8030,0.2991,0.1966,0.4302,0.5695,0.4302,0.0369,0.0410,0.0737,0.0942,0.4550,0.6600,,0.2050,,70.65,,146.4,166.2,0.753,0.072,1.271
1791428264.544509,0.7538,0.6350,0.7006,0.5695,0.4302,0.7538,0.6350,0.7006,0.4302,0.1229,0.2991,0.4302,0.4302,0.0942,0.0574,0.0737,0.0737,0.4530,0.6635,,0.2105,,70.45,,146.2,166.4,0.780,0.073,
1791428264.57786,0.7538,0.8030,0.7538,0.5695,0.4998,0.8440,0.7006,0.7006,0.5695,0.1966,0.2991,0.2458,0.4302,0.0410,0.0574,0.0737,0.0942,0.4550,0.6640,,0.2090,,70.94,,146.0,166.4,,0.072,
1791428264.611857,0.4998,0.7538,0.7006,0.4302,0.4998,0.6350,0.7006,0.5695,0.5695,0.1229,0.3646,0.4302,0.4302,0.1557,0.0574,0.0574,0.1229,0.4550,0.6615,,0.2065,,70.51,,146.4,166.2,0.825,0.073,1.418
1791428264.6453292,0.3646,0.7538,0.8030,0.4998,0.4998,0.5695,0.6350,0.5695,0.4998,0.4302,0.3646,0.4998,0.4998,0.0410,0.0410,0.0737,0.0942,0.4550,0.6625,,0.2075,,70.24,,146.1,165.8,0.778,0.074,1.231
1791428264.6781025,0.4998,0.8767,0.7538,0.4998,0.5695,0.6350,0.6350,0.4998,0.6350,0.1557,0.1966,0.4998,0.4302,0.1557,0.0410,0.0574,0.0942,0.4530,0.6610,,0.2080,,70.79,,145.8,166.8,0.773,0.072,
1791428264.7176964,0.5695,0.7538,0.7006,0.4302,0.6350,0.8030,0.5695,0.7538,0.3646,0.0942,0.2991,0.4302,0.4302,0.0369,0.0737,0.0574,0.0737,0.4530,0.6625,,0.2095,,71.24,,146.3,166.7,0.760,0.071,
1791428264.7481065,0.4998,0.7006,0.5695,0.6350,0.5695,0.7538,0.7006,0.6350,0.7006,0.2458,0.1557,0.4998,0.4302,0.1229,0.0410,0.0942,0.0942,0.4550,0.6635,,0.2085,,70.60,,146.4,166.3,0.760,0.073,
1791428264.780229,0.5695,0.4998,0.7538,0.4998,0.3646,0.6350,0.5695,0.3646,0.6350,0.1557,0.1229,0.4302,0.4998,0.0942,0.0369,0.0737,0.0942,0.4530,0.6590,,0.2060,,71.07,,146.6,166.2,0.749,0.071,
1791428264.8111491,0.5695,0.8030,0.7538,0.4998,0.4302,0.7538,0.5695,0.4998,0.4998,0.2458,0.3646,0.2991,0.3646,0.1229,0.0574,0.0737,0.0737,0.4550,0.6575,,0.2025,,70.60,,146.6,166.1,,0.073,1.325
1791428264.8458228,0.7006,0.7538,0.6350,0.4998,0.4302,0.8440,0.4998,0.7006,0.7006,0.2458,0.2458,0.4302,0.4998,0.1229,0.0942,0.0942,0.0942,0.4520,0.6615,,0.2095,,71.12,,146.4,165.6,0.761,0.071,
1791428264.8790152,0.4302,0.8440,0.7538,0.4998,0.4998,0.7006,0.6350,0.5695,0.6350,0.2458,0.2991,0.4998,0.4302,0.0737,0.0737,0.0737,0.1557,0.4530,0.6585,,0.2055,,70.86,,146.4,165.4,0.802,0.072,
1791428264.9115484,0.4998,0.8440,0.6350,0.4998,0.6350,0.5695,0.7538,0.5695,0.4302,0.2458,0.4302,0.4302,0.4998,0.0410,0.0410,0.0574,0.1229,0.4550,0.6645,,0.2095,,71.00,,145.6,166.0,0.767,0.071,1.284
1791428264.9451735,0.6350,0.7006,0.6350,0.4302,0.4998,0.4302,0.7006,0.4302,0.3646,0.1966,0.0942,0.4302,0.4998,0.0574,0.0574,0.0410,0.0737,0.4540,0.6615,,0.2075,,70.41,,145.6,166.2,0.806,0.074,
1791428264.9845273,0.6350,0.8440,0.7538,0.4998,0.6350,0.5695,0.6350,0.6350,0.2458,0.1966,0.2991,0.4302,0.4302,0.0410,0.0737,0.0942,0.0737,0.4510,0.6610,,0.2100,,70.93,,145.5,165.9,0.784,0.072,
1791428265.016178,0.7006,0.6350,0.7006,0.4302,0.4998,0.6350,0.7006,0.7006,0.4998,0.1557,0.2991,0.4302,0.2991,0.0410,0.0737,0.0574,0.0942,0.4600,0.6600,,0.2000,,70.83,,145.3,165.4,,0.072,
1791428265.0465567,0.6350,0.8767,0.8767,0.6350,0.4998,0.4998,0.6350,0.7006,0.3646,0.2458,0.4302,0.4302,0.4998,0.1557,0.0574,0.0369,0.0737,0.4530,0.6625,,0.2095,,71.31,,145.1,166.5,0.753,0.070,1.269
1791428265.0792892,0.5695,0.4998,0.8440,0.4998,0.5695,0.7538,0.6350,0.5695,0.3646,0.1966,0.4998,0.4998,0.4302,0.1229,0.0410,0.0410,0.0737,0.4530,0.6635,,0.2105,,71.27,,145.3,166.3,0.724,0.070,1.268
1791428265.1127727,0.6350,0.9054,0.5695,0.4998,0.4302,0.8440,0.6350,0.6350,0.5695,0.1557,0.4998,0.4302,0.4302,0.0737,0.0410,0.0737,0.0737,0.4540,0.6610,,0.2070,,71.54,,145.1,166.2,0.757,0.069,1.276
1791428265.1451979,0.6350,0.6350,0.8440,0.4998,0.4302,0.7538,0.4302,0.6350,0.6350,0.3646,0.2991,0.4998,0.4302,0.1229,0.0942,0.0737,0.0737,0.4530,0.6550,,0.2020,,70.98,,145.3,165.4,0.798,0.071,1.313
1791428265.1788526,0.7006,0.8030,0.6350,0.5695,0.6350,0.7538,0.7006,0.5695,0.4302,0.1966,0.3646,0.4302,0.4302,0.1229,0.0737,0.0737,0.0737,0.4530,0.6635,,0.2105,,70.99,,145.5,165.8,0.766,0.071,1.307
1791428265.213103,0.6350,0.7538,0.8440,0.3646,0.5695,0.7006,0.7006,0.7538,0.5695,0.1557,0.4302,0.3646,0.4998,0.0410,0.0737,0.1229,0.1229,0.4560,0.6605,,0.2045,,71.21,,146.4,165.7,0.739,0.070,1.366
1791428265.2531087,0.4998,0.7538,0.8440,0.5695,0.4998,0.7538,0.7006,0.4302,0.7006,0.2458,0.2991,0.4302,0.4998,0.0574,0.0410,0.0737,0.1229,0.4550,0.6610,,0.2060,,71.13,,146.4,166.6,0.817,0.071,
1791428265.2841966,0.7006,0.7006,0.8767,0.4998,0.4302,0.6350,0.5695,0.7006,0.2991,0.1229,0.3646,0.4998,0.4302,0.0942,0.0369,0.0737,0.0737,0.4530,0.6575,,0.2045,,71.09,,146.3,166.2,0.802,0.071,1.374
1791428265.3148842,0.5695,0.6350,0.8030,0.4998,0.4998,0.7006,0.6350,0.5695,0.4998,0.2458,0.3646,0.5695,0.4302,0.0410,0.0574,0.0737,0.1229,0.4560,0.6575,,0.2015,,71.45,,146.4,166.3,0.757,0.069,1.265
1791428265.3460538,0.4302,0.4998,0.4302,0.5695,0.4302,0.7538,0.6350,0.4998,0.6350,0.1557,0.2991,0.4302,0.4998,0.0369,0.0246,0.0574,0.0737,0.4550,0.6565,,0.2015,,71.06,,146.9,165.6,0.798,0.070,
