timestamp,nose_score,left_eye_score,right_eye_score,left_ear_score,right_ear_score,left_shoulder_score,right_shoulder_score,left_elbow_score,right_elbow_score,left_wrist_score,right_wrist_score,left_hip_score,right_hip_score,left_knee_score,right_knee_score,left_ankle_score,right_ankle_score,head_depth_m,chest_depth_m,hip_depth_m,neck_forward_offset_m,torso_recline_offset_m,head_forward_deg,torso_pitch_deg,elbow_left_deg,elbow_right_deg,torso_len_sw,head_up_m,wrist_face_sw
1791428944.9261668,0.7006,0.5695,0.7538,0.4998,0.6350,0.6350,0.6350,0.4998,0.4998,0.1229,0.5695,0.2991,0.5695,0.1229,0.0369,0.0410,0.0205,0.5030,0.6775,,0.1745,,49.04,,153.1,171.4,,0.150,1.706
1791428944.9595075,0.4998,0.8030,0.7538,0.5695,0.6350,0.7538,0.8030,0.4302,0.5695,0.1557,0.2991,0.4998,0.4998,0.1966,0.1557,0.0942,0.0410,0.5040,0.6830,,0.1790,,49.21,,155.0,172.1,0.970,0.150,
1791428944.9930632,0.5695,0.5695,0.7006,0.5695,0.4302,0.7006,0.5695,0.6350,0.5695,0.1557,0.1229,0.3646,0.5695,0.0737,0.0369,0.0737,0.0369,0.5020,0.6730,,0.1710,,49.03,,154.2,171.7,0.911,0.150,
1791428945.0268352,0.4302,0.5695,0.7006,0.5695,0.7006,0.6350,0.6350,0.6350,0.5695,0.1229,0.4998,0.4998,0.4998,0.1557,0.0369,0.0737,0.0410,0.5020,0.6730,,0.1710,,48.51,,154.0,170.6,0.935,0.153,1.768
1791428945.0663257,0.7006,0.5695,0.7538,0.4998,0.4302,0.7006,0.7538,0.5695,0.3646,0.1966,0.1557,0.4302,0.4998,0.0942,0.0246,0.0737,0.0369,0.5050,0.6780,,0.1730,,48.52,,154.5,170.6,1.019,0.153,
1791428945.0977745,0.7538,0.5695,0.8440,0.5695,0.3646,0.6350,0.7538,0.7006,0.5695,0.3646,0.3646,0.3646,0.4998,0.0574,0.0410,0.0410,0.0410,0.5020,0.6765,,0.1745,,49.27,,155.0,169.7,0.885,0.149,1.478
1791428945.129063,0.5695,0.7006,0.6350,0.4998,0.5695,0.7006,0.6350,0.4998,0.4302,0.1966,0.4998,0.4998,0.4998,0.0942,0.0942,0.0574,0.0369,0.5020,0.6680,,0.1660,,49.07,,154.8,168.2,0.836,0.149,1.620
1791428945.1620295,0.5695,0.6350,0.7538,0.7006,0.6350,0.7538,0.6350,0.6350,0.5695,0.1966,0.0942,0.2458,0.5695,0.0942,0.0246,0.0737,0.0410,0.5020,0.6695,,0.1675,,48.72,,155.0,167.9,,0.150,
1791428945.1934774,0.6350,0.7006,0.7538,0.6350,0.5695,0.6350,0.6350,0.7006,0.4998,0.4302,0.3646,0.4302,0.4998,0.0942,0.1229,0.0574,0.0737,0.5010,0.6780,,0.1770,,49.17,,155.4,167.9,0.925,0.149,1.529
1791428945.2262938,0.7006,0.7538,0.8767,0.4998,0.7006,0.7006,0.7538,0.7006,0.4998,0.4998,0.5695,0.3646,0.4998,0.0574,0.0410,0.0246,0.0410,0.5010,0.6710,,0.1700,,49.15,,155.4,168.5,0.883,0.148,1.582
1791428945.2606666,0.3646,0.8030,0.8030,0.6350,0.4302,0.6350,0.7006,0.4998,0.6350,0.1557,0.0737,0.4998,0.4998,0.0574,0.1557,0.0737,0.0410,0.5010,0.6740,,0.1730,,49.01,,155.2,168.7,0.932,0.149,
1791428945.2928708,0.5695,0.8030,0.8440,0.4998,0.3646,0.7538,0.7006,0.6350,0.4998,0.2458,0.4998,0.4302,0.4302,0.0737,0.0369,0.0369,0.0369,0.5010,0.6705,,0.1695,,49.07,,155.3,168.5,0.900,0.149,1.646
1791428945.326262,0.6350,0.6350,0.8440,0.4998,0.4998,0.7006,0.7006,0.6350,0.5695,0.4998,0.1557,0.2991,0.5695,0.0574,0.1229,0.0737,0.0369,0.5010,0.6690,,0.1680,,48.42,,155.4,168.7,,0.151,1.638
1791428945.3678331,0.7006,0.8440,0.5695,0.4998,0.5695,0.8440,0.5695,0.5695,0.6350,0.1557,0.1229,0.4302,0.4302,0.0369,0.0410,0.0410,0.0410,0.5010,0.6715,,0.1705,,48.79,,155.6,167.4,0.874,0.149,
1791428945.3988726,0.7006,0.7538,0.8030,0.5695,0.4998,0.8030,0.7006,0.3646,0.4998,0.2458,0.0942,0.1966,0.4998,0.0410,0.0369,0.0574,0.0410,0.5010,0.6740,,0.1730,,49.04,,156.1,167.9,,0.149,
1791428945.429887,0.5695,0.8030,0.7538,0.4998,0.6350,0.7006,0.5695,0.4302,0.4998,0.3646,0.4998,0.4302,0.4998,0.0574,0.0369,0.0574,0.0410,0.5010,0.6780,,0.1770,,49.26,,157.0,168.7,0.990,0.148,1.660
1791428945.46303,0.4302,0.7538,0.6350,0.5695,0.5695,0.7006,0.8030,0.6350,0.4998,0.1557,0.4998,0.3646,0.4998,0.0574,0.0410,0.0737,0.0737,0.5010,0.6765,,0.1755,,50.03,,156.2,168.0,0.849,0.145,1.552
1791428945.4934394,0.7006,0.8030,0.8440,0.4998,0.4998,0.7006,0.7006,0.4998,0.7538,0.1557,0.4302,0.2458,0.4302,0.1229,0.0369,0.0410,0.0205,0.5010,0.6760,,0.1750,,50.03,,155.9,168.5,,0.145,1.738
1791428945.526442,0.7006,0.6350,0.5695,0.5695,0.6350,0.7538,0.6350,0.4998,0.5695,0.2991,0.3646,0.2458,0.3646,0.0574,0.1229,0.0410,0.0737,0.5010,0.6685,,0.1675,,48.97,,155.3,168.8,,0.150,1.763
1791428945.5610652,0.7538,0.6350,0.8440,0.5695,0.4998,0.5695,0.4998,0.4998,0.4998,0.1229,0.4998,0.4302,0.4998,0.0574,0.0942,0.0574,0.0574,0.5010,0.6775,,0.1765,,48.98,,155.4,169.2,0.990,0.151,1.775
1791428945.5941374,0.7006,0.7538,0.6350,0.6350,0.4302,0.7538,0.7538,0.3646,0.4998,0.1557,0.2458,0.4302,0.5695,0.0410,0.0246,0.0410,0.0574,0.5010,0.6710,,0.1700,,49.00,,155.8,169.0,0.900,0.150,
1791428945.6265736,0.5695,0.6350,0.6350,0.7538,0.6350,0.7538,0.7006,0.4998,0.7006,0.1966,0.0942,0.4302,0.4998,0.0410,0.1229,0.0574,0.0737,0.5010,0.6720,,0.1710,,49.40,,156.2,168.6,0.886,0.148,
1791428945.6614468,0.4998,0.7538,0.7006,0.5695,0.7006,0.7006,0.7006,0.4998,0.3646,0.1557,0.3646,0.3646,0.4998,0.0942,0.0574,0.0369,0.0574,0.5010,0.6690,,0.1680,,48.95,,155.9,168.5,0.960,0.149,1.697
1791428945.7002866,0.8030,0.7538,0.7006,0.5695,0.6350,0.5695,0.6350,0.4302,0.6350,0.1966,0.4302,0.3646,0.4302,0.0942,0.0369,0.0410,0.0369,0.5010,0.6735,,0.1725,,49.07,,156.1,168.3,0.879,0.149,1.659
1791428945.7308555,0.7538,0.7006,0.7538,0.5695,0.5695,0.4998,0.5695,0.5695,0.4302,0.2458,0.4302,0.4998,0.5695,0.1557,0.1229,0.0737,0.0369,0.5010,0.6745,,0.1735,,49.57,,156.2,167.7,0.881,0.146,1.544
1791428945.7634006,0.6350,0.6350,0.7006,0.4998,0.7006,0.8030,0.7538,0.4998,0.4302,0.1229,0.3646,0.2991,0.4302,0.1229,0.0410,0.0246,0.0369,0.5010,0.6715,,0.1705,,49.27,,155.8,167.8,,0.148,1.695
1791428945.7948308,0.4302,0.7538,0.7538,0.4998,0.3646,0.7006,0.6350,0.4998,0.4302,0.0942,0.3646,0.3646,0.4998,0.0369,0.1229,0.0410,0.0369,0.5010,0.6680,,0.1670,,49.12,,154.5,167.5,0.878,0.148,1.582
1791428945.8274221,0.8030,0.6350,0.7006,0.7006,0.4998,0.7538,0.7538,0.4998,0.4302,0.1557,0.4998,0.4302,0.5695,0.0574,0.0410,0.0369,0.0369,0.5010,0.6690,,0.1680,,48.19,,154.7,167.3,0.959,0.152,1.784
1791428945.8616133,0.7006,0.8030,0.7538,0.5695,0.5695,0.4302,0.6350,0.4302,0.4302,0.2458,0.4998,0.4302,0.5695,0.0942,0.1229,0.0369,0.0410,0.5000,0.6720,,0.1720,,48.32,,155.0,166.6,0.883,0.152,1.679
1791428945.8944685,0.6350,0.7538,0.8440,0.5695,0.7006,0.6350,0.7538,0.4998,0.2991,0.1966,0.4302,0.3646,0.4998,0.0574,0.0942,0.0737,0.0410,0.5040,0.6680,,0.1640,,48.01,,154.1,166.8,0.841,0.152,1.601
1791428945.9281583,0.4998,0.5695,0.7538,0.6350,0.4302,0.5695,0.7538,0.6350,0.6350,0.2458,0.4302,0.2991,0.4998,0.0574,0.0369,0.0574,0.0205,0.5010,0.6815,,0.1805,,48.58,,155.1,165.6,,0.151,1.777
1791428945.9680464,0.5695,0.7006,0.4302,0.4998,0.5695,0.7538,0.7538,0.4302,0.6350,0.1966,0.2991,0.4302,0.4998,0.0942,0.0246,0.0574,0.0369,0.5010,0.6735,,0.1725,,48.19,,,166.2,0.968,0.154,
1791428946.000566,0.4998,0.6350,0.4998,0.6350,0.7006,0.7006,0.7538,0.5695,0.5695,0.5695,0.3646,0.4302,0.4998,0.1229,0.0246,0.0410,0.0410,0.5010,0.6780,,0.1770,,48.74,,154.8,166.1,0.878,0.152,1.551
1791428946.0315492,0.7006,0.7538,0.7006,0.5695,0.4998,0.7006,0.6350,0.4998,0.5695,0.5695,0.5695,0.4302,0.4998,0.0737,0.1229,0.0574,0.0410,0.4990,0.6750,,0.1760,,48.56,,155.3,165.7,0.959,0.153,1.615
1791428946.0635312,0.7006,0.7538,0.4998,0.5695,0.4302,0.7538,0.5695,0.3646,0.7006,0.1557,0.4302,0.4302,0.4998,0.1557,0.0410,0.1229,0.0737,0.5050,0.6795,,0.1745,,49.21,,155.5,166.0,0.899,0.150,1.621
1791428946.0952375,0.4302,0.7006,0.6350,0.4998,0.4998,0.8030,0.7538,0.5695,0.5695,0.2991,0.2991,0.4302,0.5695,0.0369,0.0369,0.0410,0.0410,0.5010,0.6785,,0.1775,,49.55,,155.6,165.4,0.885,0.149,
1791428946.1278017,0.8440,0.4998,0.4998,0.4302,0.4302,0.6350,0.7538,0.4998,0.5695,0.3646,0.3646,0.3646,0.4998,0.0737,0.0574,0.0410,0.0410,0.4990,0.6740,,0.1750,,49.55,,155.4,166.0,0.922,0.149,1.570
1791428946.160951,0.5695,0.6350,0.7538,0.5695,0.4998,0.7006,0.7006,0.7006,0.6350,0.1966,0.3646,0.3646,0.4998,0.0574,0.0246,0.0737,0.0410,0.5010,0.6710,,0.1700,,49.03,,155.4,165.6,0.919,0.151,1.710
1791428946.1941214,0.2991,0.7006,0.4302,0.6350,0.4302,0.6350,0.6350,0.3646,0.7006,0.5695,0.4302,0.4302,0.4998,0.0369,0.0246,0.0574,0.0737,,0.6710,,,,49.03,,155.5,165.9,0.943,0.151,
1791428946.2281594,0.7006,0.6350,0.4998,0.5695,0.4998,0.7006,0.7538,0.4302,0.3646,0.1966,0.4998,0.2991,0.4302,0.0942,0.0942,0.1229,0.0369,0.5010,0.6695,,0.1685,,48.70,,154.9,165.4,,0.152,1.688
1791428946.2609134,0.7538,0.7006,0.7006,0.5695,0.4302,0.7006,0.6350,0.4998,0.5695,0.1229,0.4998,0.4302,0.4998,0.0246,0.0246,0.0205,0.0369,0.4990,0.6705,,0.1715,,48.44,,154.4,165.2,0.935,0.153,1.678
1791428946.3013992,0.4998,0.8767,0.5695,0.5695,0.5695,0.7006,0.5695,0.5695,0.4302,0.4302,0.5695,0.2458,0.4302,0.0942,0.0410,0.0574,0.0410,0.4990,0.6730,,0.1740,,48.69,,154.8,165.7,,0.152,1.590
1791428946.3332458,0.6350,0.4302,0.4302,0.7538,0.5695,0.6350,0.8030,0.6350,0.5695,0.5695,0.4302,0.3646,0.4998,0.1229,0.0942,0.0574,0.0574,0.5010,0.6745,,0.1735,,48.42,,155.5,166.2,0.902,0.153,1.680
1791428946.3649535,0.7006,0.7006,0.9054,0.6350,0.4998,0.7006,0.6350,0.6350,0.6350,0.5695,0.4998,0.2991,0.4302,0.1229,0.0942,0.0410,0.0410,0.4990,0.6785,,0.1795,,49.03,,155.4,165.5,,0.151,1.467
1791428946.3969939,0.6350,0.6350,0.7538,0.6350,0.4998,0.5695,0.8030,0.4998,0.4302,0.2991,0.3646,0.3646,0.4302,0.0574,0.0369,0.0737,0.0410,0.4990,0.6775,,0.1785,,49.10,,155.9,165.9,0.896,0.152,1.712
1791428946.4279342,0.7006,0.6350,0.7006,0.6350,0.3646,0.7006,0.7006,0.5695,0.6350,0.1557,0.4302,0.4302,0.5695,0.0737,0.1229,0.0369,0.0369,0.5010,0.6745,,0.1735,,48.80,,156.1,166.6,0.932,0.153,1.686
1791428946.4621592,0.4998,0.3646,0.8030,0.6350,0.3646,0.7538,0.4998,0.5695,0.4998,0.1557,0.3646,0.4302,0.4998,0.1229,0.0369,0.0942,0.0410,0.5010,0.6715,,0.1705,,48.37,,155.6,166.3,0.958,0.155,1.761
1791428946.4943755,0.8030,0.7006,0.4998,0.5695,0.4998,0.5695,0.6350,0.4998,0.3646,0.1229,0.4302,0.4998,0.5695,0.0574,0.0205,0.0369,0.0410,0.4990,0.6705,,0.1715,,48.13,,155.0,166.1,0.946,0.155,1.707
1791428946.528005,0.8767,0.7006,0.7006,0.8030,0.4998,0.7006,0.7006,0.5695,0.5695,0.1966,0.4302,0.4998,0.4998,0.0574,0.0410,0.0737,0.0410,0.4990,0.6720,,0.1730,,48.12,,155.5,165.7,0.891,0.155,1.653
1791428946.5616543,0.6350,0.8030,0.7006,0.5695,0.5695,0.5695,0.4998,0.5695,0.4302,0.4302,0.2991,0.4998,0.5695,0.0574,0.0410,0.0410,0.0574,0.5010,0.6745,,0.1735,,48.51,,155.8,165.4,0.920,0.153,1.535
1791428946.5946765,0.7006,0.8030,0.8440,0.6350,0.6350,0.7006,0.7006,0.5695,0.6350,0.4998,0.4302,0.4302,0.5695,0.0942,0.1557,0.0205,0.0246,0.4980,0.6770,,0.1790,,49.14,,156.0,165.5,0.903,0.151,1.536
1791428946.628963,0.4998,0.6350,0.8030,0.5695,0.7006,0.5695,0.7006,0.6350,0.6350,0.1966,0.3646,0.4302,0.4998,0.0942,0.0737,0.0574,0.0246,0.5010,0.6680,,0.1670,,48.79,,155.1,163.9,0.904,0.152,1.673
1791428946.6674116,0.4302,0.6350,0.6350,0.6350,0.4998,0.5695,0.6350,0.4998,0.6350,0.1229,0.5695,0.4998,0.4998,0.0574,0.1229,0.0737,0.0410,0.5010,0.6725,,0.1715,,48.17,,155.0,164.9,0.955,0.155,1.815
1791428946.7004032,0.6350,0.4998,0.8440,0.6350,0.6350,0.7006,0.4998,0.5695,0.4302,0.1229,0.4998,0.4998,0.4998,0.1229,0.0410,0.0410,0.0737,0.4990,0.6700,,0.1710,,47.66,,154.7,164.9,0.970,0.157,1.822
1791428946.7303922,0.7006,0.7538,0.9423,0.7006,0.4998,0.3646,0.7006,0.4302,0.6350,0.2458,0.5695,0.3646,0.4998,0.0942,0.1229,0.0246,0.0246,0.4990,0.6725,,0.1735,,47.92,,154.9,165.7,0.913,0.156,1.665
1791428946.761735,0.5695,0.7006,0.7006,0.6350,0.5695,0.5695,0.7538,0.5695,0.4302,0.2458,0.3646,0.1966,0.4302,0.0737,0.1557,0.0410,0.0410,0.5010,0.6790,,0.1780,,48.53,,155.4,165.4,,0.153,1.670
1791428946.7946744,0.6350,0.8030,0.7006,0.4302,0.4998,0.7538,0.6350,0.5695,0.7006,0.4998,0.4302,0.3646,0.4998,0.1229,0.1229,0.0942,0.0737,0.4990,0.6750,,0.1760,,48.76,,155.5,165.4,0.905,0.153,1.569
1791428946.8279161,0.4302,0.5695,0.6350,0.4998,0.4302,0.6350,0.7538,0.5695,0.5695,0.0942,0.0942,0.3646,0.6350,0.0246,0.0410,0.0369,0.0410,0.5040,0.6785,,0.1745,,48.97,,153.2,165.8,0.917,0.152,
1791428946.8626473,0.5695,0.7006,0.7006,0.7006,0.6350,0.6350,0.7006,0.4302,0.4302,0.4998,0.4302,0.3646,0.5695,0.0410,0.0369,0.0369,0.0737,0.5040,0.6690,,0.1650,,48.77,,153.1,166.1,0.817,0.151,1.520
1791428946.8951883,0.5695,0.7006,0.7538,0.5695,0.7006,0.6350,0.8030,0.3646,0.4302,0.4998,0.3646,0.3646,0.4302,0.0574,0.0410,0.0574,0.0410,0.4990,0.6745,,0.1755,,48.84,,153.8,165.5,0.924,0.151,1.625
1791428946.935817,0.5695,0.7538,0.6350,0.5695,0.4302,0.5695,0.7538,0.4302,0.4302,0.2458,0.1229,0.4998,0.4998,0.1557,0.0369,0.0410,0.0574,0.5010,0.6795,,0.1785,,49.49,,154.8,165.5,0.900,0.149,
1791428946.9681969,0.8440,0.6350,0.8440,0.5695,0.4998,0.6350,0.6350,0.4998,0.4302,0.1557,0.4302,0.3646,0.4998,0.1229,0.1229,0.0574,0.0369,0.4990,0.6725,,0.1735,,49.23,,152.6,166.2,0.923,0.150,1.696
1791428947.0003207,0.8767,0.7538,0.7538,0.5695,0.6350,0.6350,0.6350,0.6350,0.5695,0.2991,0.4302,0.4302,0.4998,0.0942,0.0737,0.0942,0.0246,0.4990,0.6760,,0.1770,,49.32,,153.4,165.7,0.946,0.150,1.760
1791428947.0304523,0.7538,0.8030,0.8440,0.5695,0.4998,0.5695,0.7538,0.6350,0.6350,0.1966,0.4998,0.4302,0.5695,0.0369,0.1229,0.0410,0.0410,0.5010,0.6740,,0.1730,,49.35,,154.0,165.7,0.945,0.150,1.714
1791428947.0631921,0.7538,0.7006,0.6350,0.6350,0.4998,0.7006,0.6350,0.4998,0.4998,0.5695,0.3646,0.4998,0.5695,0.0737,0.0246,0.0410,0.0410,0.4990,0.6715,,0.1725,,49.17,,154.3,166.1,0.892,0.150,1.590
1791428947.0951388,0.7538,0.6350,0.7538,0.6350,0.4998,0.7006,0.7538,0.4302,0.4302,0.4998,0.7006,0.4998,0.4998,0.1557,0.0369,0.0737,0.0410,0.5010,0.6725,,0.1715,,48.85,,154.6,166.3,0.936,0.152,1.629
1791428947.128237,0.6350,0.4998,0.4998,0.4998,0.3646,0.4302,0.6350,0.4998,0.6350,0.1557,0.4302,0.4302,0.4302,0.0737,0.0369,0.0574,0.0574,0.5050,0.6690,,0.1640,,48.61,,154.2,166.4,0.966,0.151,1.664
1791428947.1622822,0.7006,0.7006,0.7006,0.4998,0.5695,0.6350,0.5695,0.4998,0.4998,0.0942,0.3646,0.3646,0.4998,0.0410,0.0369,0.0574,0.0574,0.4990,0.6770,,0.1780,,49.05,,152.7,166.4,0.877,0.150,1.653
1791428947.1956863,0.4302,0.5695,0.5695,0.5695,0.4302,0.6350,0.6350,0.5695,0.3646,0.1557,0.2991,0.4302,0.4302,0.0574,0.0410,0.0410,0.0410,0.5040,0.6725,,0.1685,,48.68,,153.6,166.3,0.905,0.151,
1791428947.2291598,0.4302,0.6350,0.8030,0.7538,0.4998,0.6350,0.5695,0.6350,0.7006,0.5695,0.4998,0.3646,0.4998,0.0942,0.1229,0.0574,0.0369,0.5010,0.6760,,0.1750,,48.97,,154.3,165.9,0.833,0.150,1.535
1791428947.2694836,0.6350,0.7006,0.8440,0.6350,0.5695,0.6350,0.7538,0.3646,0.5695,0.2458,0.4998,0.3646,0.4302,0.0574,0.0574,0.0574,0.0410,0.5010,0.6730,,0.1720,,48.80,,155.3,165.9,0.875,0.151,1.684
1791428947.3023558,0.7538,0.7006,0.7006,0.5695,0.5695,0.7538,0.7006,0.4998,0.4998,0.6350,0.4302,0.3646,0.5695,0.0942,0.1229,0.0574,0.0574,0.4990,0.6695,,0.1705,,48.69,,155.2,165.3,0.849,0.151,1.552
1791428947.3327296,0.8030,0.5695,0.7006,0.7006,0.5695,0.4998,0.7538,0.7006,0.2991,0.1966,0.4302,0.3646,0.4302,0.0574,0.0410,0.0205,0.0410,0.5010,0.6690,,0.1680,,48.33,,154.4,165.8,0.915,0.152,1.704
1791428947.3644109,0.7006,0.7006,0.7538,0.5695,0.6350,0.5695,0.6350,0.2991,0.5695,0.1229,0.3646,0.4302,0.4998,0.1966,0.0942,0.0574,0.0369,0.5010,0.6765,,0.1755,,48.26,,153.0,165.6,0.987,0.154,1.738
1791428947.3956954,0.5695,0.9259,0.8030,0.4998,0.6350,0.6350,0.7006,0.6350,0.6350,0.1966,0.5695,0.4302,0.5695,0.1229,0.0246,0.0574,0.0410,0.4980,0.6715,,0.1735,,48.56,,153.6,165.2,0.919,0.152,1.727
1791428947.4299958,0.8030,0.4998,0.7538,0.7538,0.7006,0.8030,0.5695,0.5695,0.4998,0.4998,0.4302,0.4302,0.5695,0.0737,0.0410,0.0410,0.0369,0.4990,0.6790,,0.1800,,48.81,,154.0,165.8,0.946,0.152,1.565
1791428947.4633746,0.7006,0.5695,0.8440,0.5695,0.6350,0.4998,0.7006,0.5695,0.4998,0.4302,0.4302,0.4998,0.4302,0.0574,0.1229,0.0574,0.0410,0.5010,0.6720,,0.1710,,48.98,,154.2,166.1,0.874,0.151,1.566
1791428947.495764,0.7538,0.7538,0.6350,0.6350,0.4302,0.6350,0.6350,0.6350,0.5695,0.4302,0.3646,0.1966,0.4998,0.0410,0.0410,0.0410,0.0410,0.5010,0.6770,,0.1760,,49.35,,154.7,163.2,,0.149,1.529
1791428947.5296183,0.5695,0.8767,0.4998,0.6350,0.6350,0.7006,0.7006,0.6350,0.4302,0.4302,0.3646,0.4302,0.4998,0.0942,0.0942,0.0942,0.0246,0.4990,0.6745,,0.1755,,49.53,,154.7,160.2,0.890,0.149,1.493
1791428947.5707722,0.7538,0.7006,0.6350,0.4998,0.7538,0.8030,0.6350,0.4998,0.3646,0.4302,0.4302,0.2458,0.4998,0.0737,0.0369,0.0574,0.0369,0.5070,0.6740,,0.1670,,49.47,,154.9,162.1,,0.148,1.522
1791428947.6024244,0.7006,0.6350,0.7538,0.5695,0.4998,0.7006,0.5695,0.4302,0.4302,0.3646,0.3646,0.3646,0.4998,0.0410,0.0369,0.0410,0.0410,0.5010,0.6710,,0.1700,,49.10,,155.0,163.1,0.906,0.149,1.594
1791428947.6333404,0.7538,0.4998,0.7006,0.5695,0.6350,0.4998,0.7538,0.6350,0.4302,0.1557,0.4302,0.3646,0.4998,0.0574,0.0369,0.0410,0.0369,0.4980,0.6760,,0.1780,,48.85,,154.2,164.5,0.950,0.151,1.744
1791428947.665083,0.6350,0.7006,0.7006,0.5695,0.7538,0.7006,0.7006,0.4998,0.4998,0.1557,0.2991,0.4302,0.4302,0.1557,0.0205,0.0369,0.0574,0.4970,0.6675,,0.1705,,48.56,,153.3,164.6,0.897,0.153,
1791428947.6960285,0.7006,0.8030,0.7538,0.4302,0.7006,0.3646,0.6350,0.5695,0.4998,0.4302,0.4302,0.4302,0.5695,0.0574,0.0246,0.0574,0.0574,0.5010,0.6775,,0.1765,,48.58,,154.6,166.1,1.009,0.153,1.700
1791428947.7302911,0.7538,0.7006,0.7538,0.6350,0.5695,0.7006,0.7538,0.4998,0.5695,0.1966,0.5695,0.4302,0.4998,0.1557,0.1557,0.0737,0.0369,0.4980,0.6745,,0.1765,,48.30,,154.3,167.2,0.974,0.155,1.805
1791428947.7627954,0.8030,0.8030,0.5695,0.5695,0.4302,0.7538,0.7538,0.5695,0.5695,0.1229,0.4302,0.4302,0.4998,0.0737,0.0942,0.0410,0.0574,0.4970,0.6695,,0.1725,,47.98,,154.2,168.0,0.945,0.157,1.776
1791428947.7975216,0.5695,0.7538,0.7006,0.5695,0.4302,0.7538,0.7006,0.5695,0.5695,0.1966,0.3646,0.4302,0.4302,0.0369,0.0246,0.0574,0.0205,0.5010,0.6680,,0.1670,,48.17,,153.5,167.1,0.921,0.154,1.637
1791428947.8388343,0.7006,0.8030,0.8440,0.6350,0.4302,0.7006,0.7538,0.4302,0.5695,0.1557,0.4998,0.4998,0.4302,0.1229,0.1557,0.0410,0.0246,0.5000,0.6730,,0.1730,,48.54,,153.7,166.9,0.959,0.152,1.674
1791428947.8708053,0.6350,0.8030,0.8030,0.7538,0.7006,0.6350,0.7538,0.4302,0.5695,0.1966,0.5695,0.3646,0.4998,0.0737,0.0369,0.0574,0.0574,0.5000,0.6675,,0.1675,,48.10,,153.9,167.3,0.934,0.154,1.723
1791428947.9015858,0.8030,0.4998,0.8440,0.4302,0.7006,0.4998,0.7006,0.5695,0.6350,0.4302,0.5695,0.3646,0.4998,0.0574,0.0369,0.0942,0.0410,0.4970,0.6740,,0.1770,,48.61,,154.5,167.0,0.919,0.152,1.600
1791428947.9328127,0.7006,0.7538,0.9054,0.6350,0.6350,0.4998,0.6350,0.6350,0.4998,0.5695,0.4998,0.4998,0.4302,0.0410,0.0369,0.0410,0.0246,0.5000,0.6695,,0.1695,,48.40,,154.8,166.9,0.892,0.153,1.599
1791428947.9645991,0.5695,0.8440,0.8440,0.4998,0.6350,0.6350,0.7538,0.5695,0.4302,0.2458,0.3646,0.4998,0.5695,0.0410,0.0246,0.0410,0.0410,0.4960,0.6715,,0.1755,,48.36,,154.9,167.9,0.981,0.154,1.746
1791428947.9959803,0.4998,0.9054,0.8440,0.7006,0.4998,0.5695,0.7538,0.4302,0.3646,0.2458,0.2458,0.4302,0.4998,0.1229,0.0246,0.0205,0.0410,0.4990,0.6670,,0.1680,,48.48,,154.6,167.9,0.820,0.152,
1791428948.0296948,0.7538,0.7538,0.5695,0.4998,0.4998,0.5695,0.7006,0.5695,0.4302,0.4998,0.4302,0.3646,0.4998,0.0942,0.0942,0.0574,0.0410,0.4960,0.6665,,0.1705,,48.18,,154.5,168.1,0.924,0.153,1.608
1791428948.0634737,0.3646,0.7538,0.6350,0.4998,0.4998,0.8030,0.7538,0.4998,0.4302,0.4998,0.3646,0.3646,0.4302,0.0574,0.0205,0.0574,0.0369,0.5000,0.6780,,0.1780,,48.38,,155.3,167.5,1.006,0.154,1.694
1791428948.0966477,0.8440,0.7538,0.8030,0.6350,0.6350,0.6350,0.7538,0.7006,0.6350,0.1229,0.3646,0.2991,0.4998,0.0737,0.0246,0.0737,0.0410,0.5000,0.6775,,0.1775,,48.92,,154.9,166.2,,0.151,1.608
1791428948.1298983,0.5695,0.5695,0.8030,0.5695,0.2991,0.6350,0.7538,0.5695,0.4998,0.1557,0.3646,0.3646,0.4998,0.0574,0.1229,0.0246,0.0205,0.4990,0.6760,,0.1770,,49.03,,153.7,167.3,0.900,0.151,1.667
1791428948.1716754,0.7006,0.7538,0.7006,0.5695,0.1966,0.7538,0.7006,0.5695,0.4998,0.1966,0.5695,0.4998,0.5695,0.0574,0.0246,0.0737,0.0410,0.5000,0.6725,,0.1725,,49.18,,154.2,167.5,0.939,0.150,1.654
1791428948.2031503,0.4998,0.6350,0.6350,0.4998,0.3646,0.7538,0.4998,0.7006,0.5695,0.5695,0.6350,0.3646,0.4998,0.0369,0.0246,0.0574,0.0410,0.4970,0.6805,,0.1835,,49.77,,154.8,168.5,0.949,0.149,1.584
1791428948.2349653,0.6350,0.7538,0.4998,0.4998,0.5695,0.7538,0.7006,0.7006,0.6350,0.1557,0.4998,0.3646,0.5695,0.0942,0.1557,0.0410,0.0737,0.4970,0.6720,,0.1750,,49.46,,154.3,168.8,0.970,0.150,1.709
1791428948.2663028,0.6350,0.7538,0.7006,0.7006,0.4998,0.8030,0.8030,0.4998,0.5695,0.1966,0.4302,0.4302,0.4998,0.0369,0.0942,0.0574,0.0410,0.5000,0.6695,,0.1695,,49.02,,154.5,168.0,0.901,0.152,1.670
1791428948.2979915,0.7006,0.7538,0.7538,0.6350,0.5695,0.7006,0.5695,0.4998,0.6350,0.1557,0.3646,0.4302,0.5695,0.0246,0.0942,0.0574,0.0369,0.5030,0.6720,,0.1690,,49.11,,153.7,166.0,0.861,0.150,1.605
1791428948.3300536,0.8440,0.5695,0.8767,0.5695,0.6350,0.5695,0.7006,0.4998,0.6350,0.4302,0.4998,0.3646,0.4998,0.1229,0.0410,0.0246,0.0369,0.4960,0.6725,,0.1765,,49.22,,154.3,166.6,0.919,0.150,1.591
1791428948.3638003,0.8030,0.4998,0.7538,0.6350,0.4302,0.7006,0.7006,0.4998,0.5695,0.1229,0.4302,0.4998,0.4998,0.0737,0.1229,0.0574,0.0574,0.5000,0.6670,,0.1670,,48.86,,153.7,167.0,0.861,0.151,1.613
1791428948.3969421,0.7538,0.6350,0.5695,0.5695,0.7006,0.4998,0.7538,0.6350,0.5695,0.2458,0.4302,0.5695,0.4302,0.0369,0.0574,0.0574,0.0574,0.4960,0.6710,,0.1750,,49.14,,154.4,166.6,0.840,0.150,1.641
1791428948.4310143,0.7538,0.7538,0.3646,0.5695,0.6350,0.8030,0.6350,0.5695,0.3646,0.1229,0.4998,0.3646,0.4998,0.0410,0.0574,0.0574,0.0205,0.4960,0.6770,,0.1810,,49.31,,153.7,166.6,0.867,0.150,1.718
1791428948.4631486,0.7006,0.8440,0.7538,0.6350,0.4302,0.7538,0.7006,0.6350,0.3646,0.1229,0.2991,0.2991,0.4998,0.0246,0.0246,0.0410,0.0410,0.5030,0.6750,,0.1720,,49.28,,154.2,167.0,,0.150,
1791428948.5043597,0.7006,0.6350,0.4998,0.4998,0.6350,0.6350,0.6350,0.5695,0.4998,0.1966,0.6350,0.4302,0.4998,0.0574,0.0246,0.0574,0.0410,0.4960,0.6705,,0.1745,,49.38,,154.2,166.4,0.888,0.149,1.663
1791428948.5369875,0.7538,0.7538,0.7538,0.6350,0.6350,0.7006,0.7538,0.5695,0.4998,0.1966,0.0942,0.4998,0.4998,0.0942,0.1229,0.0574,0.0369,0.5000,0.6710,,0.1710,,49.41,,154.2,165.6,0.833,0.149,
1791428948.5678837,0.6350,0.6350,0.7006,0.7006,0.4998,0.7538,0.7006,0.5695,0.6350,0.3646,0.5695,0.4302,0.4998,0.0574,0.0410,0.0410,0.0574,0.5000,0.6730,,0.1730,,49.14,,154.7,166.1,0.963,0.150,1.692
1791428948.5994,0.5695,0.7006,0.9054,0.7006,0.6350,0.4998,0.5695,0.7006,0.4302,0.1557,0.4302,0.4998,0.4998,0.1557,0.0410,0.0574,0.0410,0.5060,0.6755,,0.1695,,48.85,,154.9,166.5,0.975,0.151,1.723
1791428948.6311617,0.7006,0.7006,0.7006,0.5695,0.5695,0.5695,0.4998,0.5695,0.4302,0.1229,0.4302,0.4302,0.5695,0.0942,0.0369,0.0410,0.0574,0.4950,0.6760,,0.1810,,49.05,,155.2,166.2,0.992,0.151,1.758
1791428948.6637118,0.6350,0.4998,0.8440,0.4302,0.4998,0.5695,0.6350,0.4998,0.5695,0.1557,0.3646,0.3646,0.4998,0.0246,0.0410,0.0410,0.0410,0.4960,0.6715,,0.1755,,48.77,,155.4,165.5,0.889,0.153,1.775
1791428948.6983213,0.4998,0.7538,0.8030,0.7538,0.5695,0.7538,0.5695,0.4998,0.7006,0.1966,0.4998,0.4998,0.5695,0.0410,0.0410,0.0246,0.0246,0.5030,0.6780,,0.1750,,49.21,,154.6,165.8,0.874,0.151,1.583
1791428948.730865,0.7006,0.7538,0.6350,0.5695,0.7538,0.7006,0.5695,0.6350,0.3646,0.1557,0.4302,0.3646,0.4998,0.0369,0.1229,0.0246,0.0410,0.5000,0.6720,,0.1720,,49.41,,154.4,165.7,0.849,0.149,1.578
1791428948.7642624,0.7006,0.7538,0.5695,0.4998,0.6350,0.7538,0.6350,0.6350,0.4302,0.2991,0.4998,0.4302,0.4998,0.0574,0.0369,0.0369,0.0410,0.5030,0.6690,,0.1660,,49.18,,154.2,165.7,0.870,0.149,1.627
1791428948.8054783,0.7538,0.5695,0.8767,0.7006,0.5695,0.8030,0.7006,0.4998,0.5695,0.1229,0.4302,0.4302,0.4998,0.0574,0.0369,0.0574,0.0410,0.4950,0.6720,,0.1770,,49.47,,154.7,165.4,0.853,0.148,1.630
1791428948.8380694,0.4998,0.6350,0.7538,0.6350,0.5695,0.6350,0.7006,0.4302,0.4998,0.1966,0.4302,0.2458,0.4998,0.0942,0.0410,0.0410,0.0410,0.4960,0.6740,,0.1780,,49.22,,154.9,166.7,,0.150,1.754
1791428948.8692515,0.4998,0.6350,0.8030,0.6350,0.5695,0.5695,0.7006,0.3646,0.4302,0.1966,0.4998,0.3646,0.4998,0.0205,0.0369,0.0410,0.0574,0.5030,0.6710,,0.1680,,48.59,,153.9,167.2,0.934,0.153,1.714
1791428948.9012334,0.5695,0.7006,0.6350,0.6350,0.4998,0.7538,0.7006,0.4302,0.6350,0.1557,0.4998,0.3646,0.4998,0.0737,0.0410,0.0942,0.0410,0.5000,0.6680,,0.1680,,48.57,,153.3,166.7,0.870,0.152,1.612
1791428948.9337757,0.5695,0.4998,0.7006,0.7006,0.5695,0.5695,0.4998,0.6350,0.3646,0.4998,0.5695,0.3646,0.4998,0.1557,0.0369,0.0410,0.0410,0.5000,0.6700,,0.1700,,48.73,,153.7,166.2,0.879,0.151,1.567
1791428948.965031,0.7006,0.4302,0.7538,0.7006,0.5695,0.6350,0.8030,0.4302,0.6350,0.4302,0.5695,0.4302,0.4998,0.1229,0.0574,0.0369,0.0369,0.5000,0.6680,,0.1680,,48.12,,153.5,167.5,0.892,0.153,1.645
1791428948.9987748,0.4998,0.4998,0.7538,0.5695,0.6350,0.7538,0.7006,0.3646,0.5695,0.3646,0.4998,0.3646,0.4998,0.0574,0.0410,0.0574,0.0574,0.5040,0.6715,,0.1675,,48.43,,153.7,166.6,0.849,0.151,1.523
1791428949.031009,0.5695,0.7006,0.9259,0.5695,0.4998,0.5695,0.6350,0.5695,0.5695,0.1557,0.4302,0.4302,0.5695,0.0574,0.0246,0.0410,0.0410,0.5040,0.6680,,0.1640,,48.40,,152.0,167.2,0.945,0.150,1.625
1791428949.0643322,0.7538,0.7538,0.8030,0.5695,0.6350,0.7006,0.7006,0.5695,0.4998,0.3646,0.2991,0.4302,0.4998,0.0942,0.0942,0.0574,0.0410,0.5000,0.6700,,0.1700,,48.38,,152.7,167.1,0.914,0.150,1.614
1791428949.098652,0.5695,0.7538,0.7006,0.7006,0.4302,0.5695,0.7006,0.5695,0.3646,0.1557,0.4998,0.4302,0.4998,0.0410,0.0574,0.0737,0.0205,0.4960,0.6705,,0.1745,,48.64,,152.3,166.9,0.914,0.150,1.692
1791428949.1396048,0.4998,0.7006,0.8030,0.6350,0.6350,0.7006,0.7006,0.5695,0.4302,0.1966,0.4302,0.1557,0.2991,0.0942,0.0410,0.0737,0.0410,0.5020,0.6705,,0.1685,,48.00,,152.6,167.3,,0.153,1.723
1791428949.1727533,0.7538,0.5695,0.8030,0.6350,0.4998,0.8030,0.6350,0.4998,0.4998,0.1229,0.4302,0.4302,0.4998,0.0942,0.0574,0.0737,0.0737,0.5000,0.6750,,0.1750,,48.25,,152.6,167.3,0.943,0.153,1.716
1791428949.2035134,0.4998,0.6350,0.6350,0.4302,0.5695,0.7006,0.7006,0.7006,0.5695,0.0737,0.4998,0.4302,0.6350,0.0942,0.0942,0.0410,0.0574,0.4960,0.6730,,0.1770,,48.83,,151.9,166.8,0.943,0.151,1.673
1791428949.2351425,0.7006,0.7538,0.7006,0.4998,0.7538,0.6350,0.6350,0.6350,0.3646,0.0942,0.4302,0.3646,0.4998,0.0574,0.0942,0.0574,0.0410,0.4960,0.6705,,0.1745,,49.17,,152.1,166.1,0.857,0.149,1.641
1791428949.2663941,0.6350,0.7006,0.8030,0.4998,0.5695,0.5695,0.5695,0.4998,0.3646,0.1229,0.3646,0.4998,0.4998,0.0737,0.0369,0.0205,0.0369,0.4960,0.6765,,0.1805,,49.55,,153.0,166.1,0.900,0.149,1.695
1791428949.2979279,0.7006,0.6350,0.7006,0.5695,0.6350,0.7006,0.7538,0.4998,0.4998,0.2458,0.4302,0.4302,0.4302,0.0574,0.1557,0.0410,0.0410,0.5000,0.6795,,0.1795,,50.37,,154.4,167.5,0.845,0.145,1.561
1791428949.331439,0.6350,0.6350,0.9054,0.6350,0.7006,0.7538,0.8030,0.5695,0.3646,0.1229,0.4998,0.4302,0.4998,0.1229,0.0369,0.0246,0.0369,0.4950,0.6690,,0.1740,,50.15,,154.2,167.1,0.919,0.146,1.699
1791428949.3647108,0.5695,0.6350,0.8440,0.5695,0.4998,0.7538,0.7006,0.5695,0.4998,0.1966,0.5695,0.3646,0.4302,0.0737,0.1229,0.0737,0.0369,0.5020,0.6790,,0.1770,,50.29,,154.5,169.6,0.930,0.146,1.599
1791428949.3977158,0.7006,0.6350,0.7006,0.4998,0.5695,0.8030,0.6350,0.3646,0.5695,0.4998,0.4302,0.4998,0.4998,0.1229,0.0942,0.0574,0.0205,0.5000,0.6705,,0.1705,,49.86,,154.5,169.5,0.889,0.147,1.628
1791428949.4316344,0.3646,0.6350,0.8440,0.7006,0.2991,0.7006,0.5695,0.4302,0.6350,0.0737,0.4302,0.3646,0.4998,0.0574,0.0246,0.0574,0.0369,0.4980,0.6680,,0.1700,,49.42,,152.2,169.2,0.897,0.149,1.665
1791428949.4723043,0.5695,0.5695,0.7006,0.7538,0.4302,0.7006,0.6350,0.7006,0.3646,0.1966,0.4302,0.4998,0.4302,0.1229,0.0369,0.0574,0.0410,0.5000,0.6700,,0.1700,,48.89,,152.1,169.5,0.969,0.151,1.740
1791428949.5043254,0.7006,0.5695,0.6350,0.7006,0.7006,0.6350,0.6350,0.6350,0.5695,0.2458,0.4302,0.4998,0.5695,0.0942,0.0246,0.0942,0.0737,0.5000,0.6645,,0.1645,,48.46,,152.2,168.1,0.923,0.152,1.643
1791428949.5359688,0.7006,0.5695,0.5695,0.4998,0.7006,0.7006,0.7006,0.5695,0.3646,0.0942,0.3646,0.3646,0.4998,0.0410,0.0410,0.0574,0.0369,0.4950,0.6745,,0.1795,,49.36,,150.5,167.6,0.900,0.148,1.607
1791428949.5678513,0.5695,0.8030,0.7006,0.6350,0.4302,0.7538,0.5695,0.6350,0.5695,0.0942,0.1229,0.4302,0.4998,0.0737,0.1229,0.0737,0.0410,0.4990,0.6670,,0.1680,,48.69,,150.9,167.6,0.844,0.151,
1791428949.598576,0.6350,0.7006,0.8767,0.4998,0.7006,0.7538,0.6350,0.4302,0.4998,0.2991,0.4998,0.4302,0.5695,0.0737,0.0410,0.0737,0.0574,0.5000,0.6805,,0.1805,,49.47,,152.4,168.4,0.977,0.148,1.696
1791428949.6324415,0.4998,0.8030,0.7006,0.5695,0.6350,0.4998,0.7006,0.4302,0.4302,0.1966,0.1557,0.5695,0.5695,0.0574,0.0574,0.1229,0.0574,0.5020,0.6680,0.6730,0.1660,0.0050,48.75,0.23,153.7,168.3,0.959,0.151,
1791428949.666112,0.4302,0.7538,0.9054,0.6350,0.4998,0.6350,0.5695,0.4998,0.5695,0.2458,0.4302,0.4302,0.4998,0.1229,0.0246,0.0410,0.0410,0.5000,0.6695,,0.1695,,48.69,0.29,153.8,167.8,0.924,0.151,1.682
1791428949.698457,0.4998,0.8030,0.7538,0.7006,0.4998,0.7006,0.7006,0.4998,0.4302,0.4998,0.6350,0.3646,0.4998,0.0737,0.0369,0.0410,0.0410,0.4990,0.6755,,0.1765,,48.93,0.16,154.3,167.3,0.895,0.150,1.551
1791428949.7323785,0.5695,0.5695,0.7538,0.7006,0.6350,0.6350,0.8440,0.4998,0.4302,0.2991,0.1229,0.2991,0.4998,0.0369,0.1229,0.0737,0.0574,0.5000,0.6655,,0.1655,,48.34,0.36,154.6,167.2,,0.152,
1791428949.765826,0.7006,0.7538,0.8030,0.4998,0.7006,0.6350,0.6350,0.4302,0.4998,0.2458,0.5695,0.4302,0.4998,0.0246,0.1229,0.0737,0.0410,0.5000,0.6700,,0.1700,,48.49,0.38,154.6,166.6,0.920,0.151,1.719
1791428949.8050144,0.8030,0.6350,0.5695,0.5695,0.4998,0.5695,0.7006,0.4998,0.6350,0.1229,0.4302,0.2991,0.4998,0.1966,0.0410,0.0410,0.0410,0.4960,0.6745,,0.1785,,49.13,0.26,152.7,165.6,,0.149,1.599
1791428949.838054,0.5695,0.5695,0.9259,0.5695,0.6350,0.6350,0.8440,0.4998,0.5695,0.2991,0.4302,0.2458,0.5695,0.1229,0.0369,0.0410,0.0369,0.4990,0.6680,,0.1690,,49.15,0.37,153.0,166.2,,0.148,1.531
1791428949.8685913,0.6350,0.5695,0.7538,0.5695,0.6350,0.4998,0.7538,0.4998,0.5695,0.3646,0.5695,0.4998,0.4998,0.0369,0.0369,0.0942,0.0737,0.5000,0.6675,,0.1675,,48.98,0.47,153.3,165.7,0.905,0.149,1.539
1791428949.9003193,0.6350,0.2991,0.7006,0.5695,0.7006,0.5695,0.6350,0.5695,0.3646,0.4302,0.4302,0.4998,0.4998,0.0942,0.0246,0.0737,0.0410,0.4990,0.6745,,0.1755,,49.05,0.33,154.3,165.9,0.922,0.149,1.567
1791428949.9323108,0.5695,0.5695,0.5695,0.6350,0.6350,0.6350,0.6350,0.5695,0.4998,0.1966,0.3646,0.4302,0.5695,0.0369,0.1966,0.0410,0.0410,0.5020,0.6765,,0.1745,,49.82,0.15,154.1,166.1,0.890,0.146,1.552
1791428949.9657013,0.5695,0.6350,0.7006,0.6350,0.7538,0.7006,0.5695,0.6350,0.5695,0.1966,0.4998,0.3646,0.4998,0.1229,0.0410,0.0205,0.0369,0.4960,0.6715,,0.1755,,49.24,0.17,151.9,166.1,0.923,0.149,1.801
1791428949.9994106,0.6350,0.6350,0.8030,0.6350,0.7006,0.7538,0.4302,0.4302,0.6350,0.1229,0.3646,0.4998,0.4998,0.0942,0.1229,0.0574,0.0410,0.4950,0.6715,,0.1765,,49.73,0.18,152.4,166.6,0.861,0.147,1.555
1791428950.032865,0.6350,0.5695,0.7006,0.4998,0.5695,0.6350,0.6350,0.6350,0.4998,0.2458,0.4302,0.4302,0.5695,0.0737,0.0246,0.0574,0.0574,0.4990,0.6805,,0.1815,,49.70,-0.09,153.3,166.6,0.943,0.149,1.733
1791428950.065494,0.7538,0.8030,0.6350,0.6350,0.7006,0.7006,0.6350,0.6350,0.4998,0.0942,0.4302,0.4302,0.5695,0.1229,0.0942,0.0574,0.0574,0.4970,0.6725,,0.1755,,49.80,-0.06,154.3,169.6,0.879,0.148,1.647
1791428950.106706,0.4302,0.5695,0.9259,0.6350,0.6350,0.8030,0.7006,0.4998,0.4998,0.2458,0.4998,0.4998,0.4998,0.0369,0.1557,0.0410,0.0410,0.5020,0.6695,,0.1675,,49.75,0.07,154.4,169.1,0.892,0.147,1.649
1791428950.1396022,0.5695,0.8030,0.7538,0.5695,0.7006,0.5695,0.7006,0.5695,0.4998,0.3646,0.3646,0.4302,0.4998,0.0369,0.0246,0.0574,0.0737,0.5000,0.6700,,0.1700,,49.92,0.15,154.2,168.5,0.857,0.146,1.487
1791428950.1700952,0.5695,0.6350,0.7538,0.6350,0.6350,0.7006,0.5695,0.4998,0.4998,0.1229,0.4302,0.4302,0.5695,0.0410,0.0574,0.0410,0.0410,0.4970,0.6760,,0.1790,,50.62,,154.7,167.3,0.829,0.143,1.601
1791428950.199711,0.7538,0.5695,0.7006,0.7006,0.5695,0.7006,0.7006,0.5695,0.4302,0.1557,0.4302,0.4998,0.5695,0.0737,0.0574,0.0574,0.0942,0.5000,0.6740,,0.1740,,50.71,,153.9,167.6,0.840,0.142,1.609
1791428950.2329142,0.4998,0.5695,0.8767,0.5695,0.4302,0.8030,0.8030,0.4302,0.4302,0.1966,0.4302,0.4302,0.5695,0.0574,0.0369,0.0574,0.0737,0.4990,0.6720,,0.1730,,49.76,,154.7,167.5,0.934,0.147,1.801
1791428950.2657814,0.6350,0.7006,0.7538,0.6350,0.5695,0.8030,0.8030,0.4302,0.4998,0.1966,0.4302,0.4302,0.5695,0.0737,0.0942,0.0369,0.0574,0.4990,0.6700,,0.1710,,49.73,,154.9,167.0,0.869,0.147,1.537
1791428950.3008387,0.5695,0.7538,0.8030,0.7006,0.4998,0.5695,0.5695,0.4998,0.4998,0.1557,0.4998,0.4302,0.5695,0.0574,0.0410,0.0737,0.0369,0.4990,0.6760,,0.1770,,49.05,,153.9,167.8,1.059,0.151,1.882
1791428950.3406885,0.5695,0.7538,0.8767,0.5695,0.3646,0.6350,0.6350,0.5695,0.4998,0.2458,0.2458,0.4998,0.5695,0.0737,0.0574,0.0574,0.0574,0.4970,0.6725,,0.1755,,49.41,,154.8,167.6,0.888,0.149,
1791428950.3724966,0.4302,0.7006,0.9259,0.7006,0.8030,0.3646,0.6350,0.4998,0.6350,0.1966,0.2991,0.4998,0.4998,0.0942,0.0369,0.0410,0.0410,0.5000,0.6675,,0.1675,,49.30,,155.0,168.5,0.901,0.149,
1791428950.4030938,0.4302,0.4998,0.6350,0.4998,0.6350,0.6350,0.7006,0.6350,0.4302,0.1557,0.4998,0.3646,0.5695,0.0737,0.0369,0.0574,0.0410,0.4950,0.6750,,0.1800,,49.65,,155.4,169.2,0.913,0.148,1.617
1791428950.4344926,0.7538,0.4998,0.8030,0.5695,0.5695,0.8440,0.6350,0.5695,0.4302,0.1557,0.0942,0.3646,0.5695,0.0942,0.1966,0.0942,0.0737,0.4950,0.6700,,0.1750,,49.22,,154.9,169.0,0.907,0.151,
1791428950.4654953,0.7006,0.7538,0.5695,0.4998,0.6350,0.5695,0.8030,0.4302,0.6350,0.0737,0.4302,0.4302,0.4998,0.0737,0.0369,0.0737,0.0410,0.4950,0.6710,,0.1760,,49.47,,153.2,169.2,0.874,0.149,1.616
1791428950.5001707,0.5695,0.6350,0.7006,0.6350,0.7006,0.6350,0.6350,0.4998,0.6350,0.1229,0.5695,0.4302,0.4998,0.0410,0.0942,0.0574,0.0410,0.5020,0.6705,,0.1685,,49.47,,153.1,168.7,0.845,0.148,1.552
1791428950.5328884,0.7538,0.6350,0.6350,0.5695,0.7006,0.7006,0.6350,0.5695,0.2991,0.1557,0.4998,0.4302,0.4998,0.0942,0.1557,0.0205,0.0574,0.4950,0.6695,,0.1745,,49.07,,153.5,168.7,0.849,0.151,1.742
1791428950.566513,0.8030,0.8440,0.4998,0.7006,0.5695,0.5695,0.5695,0.7006,0.4998,0.1557,0.4998,0.4302,0.5695,0.0737,0.0369,0.0574,0.0369,0.4950,0.6715,,0.1765,,49.49,,154.0,168.3,0.891,0.149,1.647
1791428950.5998733,0.5695,0.5695,0.6350,0.5695,0.5695,0.7006,0.7006,0.4302,0.7538,0.1229,0.1966,0.4998,0.4998,0.1229,0.0410,0.0410,0.0246,0.4950,0.6710,,0.1760,,49.53,,152.2,167.4,0.883,0.149,
1791428950.6404808,0.6350,0.5695,0.4998,0.6350,0.5695,0.5695,0.6350,0.5695,0.4998,0.1229,0.4302,0.2991,0.5695,0.1557,0.1557,0.0574,0.0369,0.5020,0.6740,,0.1720,,49.76,,152.5,168.4,,0.147,1.608
1791428950.6724746,0.6350,0.8030,0.7006,0.4302,0.5695,0.7006,0.6350,0.4998,0.4998,0.2991,0.0942,0.5695,0.5695,0.0737,0.0410,0.0737,0.0574,0.4950,0.6715,0.6810,0.1765,0.0095,49.88,0.47,,167.2,0.866,0.147,
1791428950.703907,0.6350,0.6350,0.7006,0.6350,0.5695,0.4998,0.6350,0.4998,0.7006,0.1229,0.4998,0.4302,0.5695,0.1229,0.0942,0.0410,0.0410,0.4990,0.6740,,0.1750,,50.38,0.40,,167.2,0.857,0.145,1.553
1791428950.7354112,0.7006,0.8030,0.9054,0.5695,0.6350,0.7006,0.7538,0.4302,0.5695,0.1229,0.5695,0.4302,0.4998,0.0410,0.0369,0.0574,0.0410,0.4990,0.6705,,0.1715,,49.96,0.45,,166.5,0.957,0.146,1.726
1791428950.7671447,0.5695,0.8030,0.7006,0.6350,0.4302,0.6350,0.7006,0.7006,0.4998,0.1966,0.4998,0.4302,0.4998,0.1229,0.0410,0.0410,0.0574,0.4990,0.6740,,0.1750,,49.97,0.37,,166.9,0.920,0.146,1.664
1791428950.8002572,0.8030,0.5695,0.4302,0.5695,0.5695,0.7006,0.6350,0.5695,0.6350,0.2458,0.4302,0.4302,0.4998,0.0942,0.0205,0.0574,0.0410,0.4950,0.6705,,0.1755,,49.68,0.43,,167.0,0.905,0.148,1.691
1791428950.834023,0.7006,0.6350,0.7538,0.4998,0.5695,0.6350,0.7006,0.4998,0.6350,0.2458,0.4302,0.4998,0.4998,0.0410,0.0737,0.0574,0.0737,0.4950,0.6700,,0.1750,,49.41,0.49,,167.1,0.942,0.150,1.724
1791428950.8667738,0.5695,0.8030,0.6350,0.5695,0.7006,0.7538,0.6350,0.4302,0.4998,0.1966,0.5695,0.4302,0.4998,0.1966,0.0410,0.0737,0.0574,0.4950,0.6710,,0.1760,,49.91,0.51,,167.1,0.828,0.147,1.605
1791428950.9012885,0.5695,0.6350,0.7006,0.6350,0.4302,0.6350,0.7538,0.4998,0.4998,0.2458,0.4302,0.4998,0.4998,0.1557,0.1557,0.0410,0.0410,0.5020,0.6695,,0.1675,,49.72,0.57,,166.3,0.930,0.147,1.654
1791428950.9395993,0.8030,0.6350,0.4998,0.6350,0.6350,0.7006,0.7006,0.4998,0.4302,0.3646,0.1557,0.4302,0.4998,0.1229,0.0410,0.0574,0.0574,0.4990,0.6740,,0.1750,,49.97,0.48,155.5,166.5,0.832,0.146,1.523
1791428950.9721081,0.7006,0.6350,0.7006,0.6350,0.4302,0.7006,0.7538,0.4998,0.5695,0.1557,0.1557,0.4998,0.5695,0.0369,0.1557,0.0410,0.0574,0.4950,0.6715,,0.1765,,49.80,0.49,155.7,167.2,0.870,0.147,
1791428951.0024402,0.7538,0.8767,0.7006,0.6350,0.5695,0.6350,0.7538,0.4302,0.6350,0.1557,0.4302,0.3646,0.4998,0.1966,0.0369,0.0574,0.0410,0.4950,0.6680,,0.1730,,50.05,0.61,154.8,167.0,0.836,0.146,1.609
1791428951.0350893,0.6350,0.4998,0.6350,0.6350,0.4998,0.6350,0.5695,0.5695,0.6350,0.1966,0.4302,0.3646,0.4998,0.0410,0.0410,0.0205,0.0410,0.4950,0.6690,,0.1740,,49.94,0.66,154.9,166.7,0.942,0.146,1.724
1791428951.066966,0.5695,0.8030,0.6350,0.6350,0.6350,0.6350,0.5695,0.4998,0.4998,0.1966,0.4302,0.4998,0.5695,0.0574,0.0369,0.0574,0.0410,0.4950,0.6750,,0.1800,,50.40,0.52,155.6,166.1,0.849,0.145,1.576
1791428951.1004257,0.7538,0.5695,0.7538,0.5695,0.6350,0.7538,0.7006,0.5695,0.3646,0.4998,0.0737,0.4302,0.5695,0.0410,0.0369,0.0369,0.0410,0.4950,0.6730,,0.1780,,50.30,0.46,155.6,162.3,0.914,0.146,1.599
1791428951.1337056,0.6350,0.4998,0.8440,0.6350,0.5695,0.4998,0.8030,0.4302,0.4302,0.1966,0.4302,0.4302,0.4998,0.1557,0.0942,0.0737,0.0737,0.4950,0.6700,,0.1750,,50.40,0.53,155.3,162.3,0.845,0.145,1.600
1791428951.167173,0.5695,0.6350,0.7538,0.6350,0.7006,0.7538,0.7006,0.5695,0.4998,0.1966,0.4302,0.4302,0.4998,0.0942,0.0942,0.0410,0.0737,0.4950,0.6780,,0.1830,,50.68,0.31,155.7,163.5,0.939,0.145,1.696
1791428951.200338,0.4998,0.6350,0.7006,0.4998,0.5695,0.5695,0.6350,0.5695,0.4302,0.1966,0.1966,0.4302,0.4998,0.0369,0.0410,0.0410,0.0737,0.4950,0.6710,,0.1760,,50.60,,155.5,163.5,0.923,0.145,
1791428951.2408183,0.8767,0.4998,0.3646,0.5695,0.7006,0.7006,0.7538,0.5695,0.3646,0.1557,0.4998,0.2991,0.4998,0.0942,0.1229,0.0574,0.0574,0.4950,0.6730,,0.1780,,50.42,,155.9,163.4,,0.146,1.755
1791428951.272134,0.7538,0.5695,0.7006,0.5695,0.6350,0.5695,0.6350,0.2991,0.5695,0.1966,0.4302,0.4998,0.4998,0.0410,0.1966,0.0574,0.0574,0.4990,0.6765,,0.1775,,51.03,,156.0,163.4,0.873,0.143,1.539
1791428951.303943,0.6350,0.4302,0.5695,0.5695,0.5695,0.8030,0.8030,0.5695,0.5695,0.1557,0.2991,0.4998,0.5695,0.1229,0.1229,0.0574,0.0574,0.4950,0.6680,,0.1730,,50.58,,154.7,164.6,0.897,0.145,
1791428951.3347425,0.7538,0.7006,0.3646,0.5695,0.5695,0.6350,0.6350,0.4998,0.7006,0.2458,0.4302,0.3646,0.4998,0.0574,0.0574,0.0410,0.0737,0.4990,0.6720,,0.1730,,50.09,,154.6,165.3,0.857,0.147,1.661
1791428951.3680727,0.5695,0.7538,0.5695,0.5695,0.5695,0.5695,0.6350,0.4998,0.4302,0.1966,0.5695,0.4302,0.4998,0.0574,0.1966,0.0574,0.0574,0.4990,0.6715,,0.1725,,49.98,,155.0,168.2,0.895,0.147,1.583
1791428951.4007318,0.6350,0.6350,0.8030,0.4998,0.3646,0.7006,0.8030,0.5695,0.3646,0.1229,0.4302,0.3646,0.4302,0.0574,0.0942,0.0246,0.0205,0.4990,0.6710,,0.1720,,50.01,,152.7,168.2,0.866,0.146,1.585
1791428951.433909,0.5695,0.4302,0.7006,0.7006,0.6350,0.7006,0.8767,0.5695,0.4998,0.1557,0.4302,0.3646,0.4998,0.0574,0.0410,0.0574,0.0410,0.4950,0.6735,,0.1785,,50.09,,151.9,167.6,0.972,0.147,1.764
1791428951.4681332,0.7006,0.7538,0.8440,0.5695,0.5695,0.7006,0.6350,0.5695,0.4302,0.5695,0.3646,0.3646,0.5695,0.0574,0.0369,0.0574,0.0737,0.4950,0.6665,,0.1715,,49.58,,152.8,168.3,0.897,0.149,1.569
1791428951.510032,0.6350,0.4302,0.6350,0.7006,0.7538,0.7006,0.7006,0.5695,0.4998,0.1966,0.4302,0.2991,0.4998,0.2458,0.0246,0.0574,0.0410,0.4990,0.6770,,0.1780,,49.56,,153.9,167.9,,0.149,1.713
1791428951.5406497,0.7006,0.7006,0.4998,0.4998,0.4998,0.7538,0.7538,0.4998,0.4302,0.1557,0.6350,0.4302,0.4998,0.0410,0.0246,0.0574,0.0737,0.4950,0.6765,,0.1815,,50.08,,154.0,168.1,0.824,0.148,1.603
1791428951.5738544,0.7006,0.6350,0.7006,0.6350,0.6350,0.7006,0.8030,0.4998,0.3646,0.5695,0.4998,0.3646,0.5695,0.0737,0.0369,0.0942,0.0574,0.4990,0.6680,,0.1690,,49.88,,153.6,168.6,0.870,0.147,1.478
1791428951.6042926,0.5695,0.4302,0.7006,0.4998,0.7006,0.7006,0.7006,0.4302,0.4998,0.1557,0.3646,0.4998,0.4998,0.0737,0.0574,0.0737,0.0410,0.4990,0.6730,,0.1740,,49.49,,154.2,168.6,0.954,0.149,1.750
1791428951.6350396,0.6350,0.8440,0.6350,0.6350,0.5695,0.8030,0.6350,0.4998,0.7006,0.1966,0.1229,0.4302,0.4998,0.0410,0.0369,0.0410,0.0574,0.4950,0.6695,,0.1745,,49.40,,154.9,167.6,0.853,0.150,
1791428951.6677172,0.5695,0.7006,0.7538,0.4998,0.7006,0.5695,0.7538,0.5695,0.4302,0.2458,0.4302,0.4302,0.4998,0.0737,0.0574,0.0574,0.0574,0.4950,0.6775,,0.1825,,49.90,,155.6,167.3,0.902,0.148,1.715
1791428951.701351,0.7006,0.5695,0.7538,0.5695,0.5695,0.6350,0.5695,0.6350,0.4302,0.4302,0.4998,0.4302,0.3646,0.0574,0.0246,0.0205,0.0246,0.4950,0.6680,,0.1730,,49.67,,156.0,166.8,0.910,0.149,1.585
1791428951.7347662,0.4998,0.6350,0.8440,0.5695,0.6350,0.6350,0.7538,0.6350,0.6350,0.1966,0.4302,0.4302,0.5695,0.0369,0.0369,0.0574,0.0737,0.4950,0.6735,,0.1785,,49.92,,155.5,167.4,0.920,0.148,1.678
1791428951.767716,0.4998,0.6350,0.7006,0.5695,0.5695,0.7006,0.7538,0.5695,0.6350,0.1557,0.4302,0.4302,0.4998,0.0737,0.0942,0.0369,0.0369,0.4950,0.6750,,0.1800,,50.20,,155.9,167.9,0.939,0.147,1.653
1791428951.8011272,0.6350,0.7006,0.6350,0.6350,0.4998,0.5695,0.7006,0.4998,0.4302,0.1557,0.0942,0.3646,0.4998,0.0246,0.1229,0.0410,0.0410,0.4950,0.6710,,0.1760,,50.23,,155.1,166.7,0.909,0.147,
1791428951.8412735,0.4998,0.7538,0.8030,0.5695,0.5695,0.8030,0.6350,0.4998,0.3646,0.1229,0.4302,0.4998,0.4998,0.0737,0.0246,0.0574,0.0369,0.4990,0.6730,,0.1740,,50.39,,154.1,170.5,0.905,0.146,1.599
1791428951.8715816,0.3646,0.7006,0.8030,0.4998,0.6350,0.7006,0.6350,0.5695,0.6350,0.0942,0.4998,0.4302,0.4302,0.0942,0.0246,0.0574,0.0737,0.4990,0.6695,,0.1705,,50.06,,153.9,169.5,0.914,0.147,1.656
1791428951.9039178,0.4302,0.5695,0.6350,0.5695,0.4302,0.7006,0.8030,0.4302,0.5695,0.1229,0.4302,0.3646,0.4998,0.0574,0.0410,0.0574,0.0737,0.4950,0.6805,,0.1855,,50.37,,154.2,170.7,0.930,0.147,1.709
1791428951.936291,0.8030,0.5695,0.5695,0.4998,0.5695,0.7006,0.7538,0.4998,0.2458,0.4302,0.1229,0.4302,0.5695,0.0942,0.0205,0.0574,0.0410,0.4950,0.6670,,0.1720,,50.23,,153.8,170.8,0.865,0.147,1.506
1791428951.9678972,0.7006,0.4998,0.7006,0.6350,0.4998,0.8030,0.8030,0.4998,0.5695,0.1229,0.5695,0.4302,0.4302,0.0942,0.0246,0.0574,0.0410,0.4950,0.6670,,0.1720,,50.02,,152.0,169.0,0.870,0.147,1.643
1791428952.002008,0.5695,0.5695,0.9054,0.6350,0.5695,0.6350,0.7006,0.4998,0.4998,0.1557,0.1966,0.4302,0.4998,0.0942,0.0369,0.0410,0.0410,0.4950,0.6715,,0.1765,,50.28,,152.8,168.8,0.919,0.146,
1791428952.0349364,0.6350,0.7538,0.7006,0.6350,0.5695,0.6350,0.7538,0.5695,0.6350,0.2458,0.1229,0.4302,0.4998,0.0942,0.1229,0.0369,0.0574,0.4990,0.6720,,0.1730,,50.31,,153.2,168.3,0.866,0.145,
1791428952.0690477,0.5695,0.3646,0.9259,0.7006,0.5695,0.7006,0.8030,0.4998,0.4998,0.1229,0.3646,0.4302,0.5695,0.0205,0.0246,0.0410,0.0574,0.4950,0.6745,,0.1795,,50.55,,152.0,167.8,0.910,0.145,1.669
1791428952.109333,0.6350,0.5695,0.7006,0.6350,0.6350,0.5695,0.7538,0.4998,0.4998,0.1229,0.3646,0.3646,0.4998,0.0574,0.1229,0.0574,0.0410,0.5020,0.6780,,0.1760,,50.56,,152.6,168.4,0.862,0.145,1.657
1791428952.14094,0.7538,0.5695,0.7538,0.5695,0.5695,0.7538,0.7538,0.4998,0.4998,0.3646,0.4998,0.4302,0.5695,0.0574,0.0369,0.0410,0.0737,0.4990,0.6715,,0.1725,,50.46,,152.8,168.8,0.935,0.145,1.561
1791428952.171582,0.7538,0.4998,0.8030,0.7538,0.5695,0.7538,0.6350,0.4302,0.4302,0.1557,0.3646,0.2991,0.4998,0.0574,0.1229,0.0574,0.0369,0.4950,0.6725,,0.1775,,50.36,,152.7,169.2,,0.146,1.710
1791428952.203011,0.7538,0.6350,0.9054,0.4998,0.4998,0.6350,0.7538,0.5695,0.4302,0.1229,0.2458,0.4302,0.4998,0.1229,0.1229,0.0737,0.0410,0.4950,0.6675,,0.1725,,50.03,,150.9,168.0,0.910,0.147,
1791428952.2346065,0.4302,0.5695,0.8767,0.5695,0.4302,0.7006,0.7538,0.4998,0.4302,0.0942,0.4998,0.4302,0.5695,0.0574,0.0369,0.0410,0.0574,0.5020,0.6715,,0.1695,,50.14,,149.3,167.0,0.845,0.145,1.539
1791428952.268344,0.4998,0.6350,0.9054,0.4302,0.4998,0.7538,0.6350,0.4302,0.4998,0.1229,0.4998,0.4302,0.4998,0.0942,0.0574,0.0737,0.0410,0.4990,0.6665,,0.1675,,49.83,,149.7,167.3,0.862,0.146,1.636
1791428952.3017385,0.7538,0.6350,0.7006,0.4998,0.6350,0.7538,0.5695,0.4302,0.6350,0.1229,0.4302,0.4302,0.4998,0.0246,0.0369,0.0369,0.0410,0.4950,0.6710,,0.1760,,49.78,,151.0,169.4,0.954,0.147,1.648
1791428952.3346488,0.4998,0.4998,0.7006,0.5695,0.6350,0.7538,0.6350,0.5695,0.5695,0.1557,0.4302,0.4302,0.4998,0.0410,0.0369,0.0410,0.0410,0.5020,0.6695,,0.1675,,49.92,,151.1,168.5,0.841,0.145,1.570
1791428952.3691282,0.7006,0.7006,0.8440,0.6350,0.6350,0.6350,0.6350,0.5695,0.4998,0.1557,0.3646,0.4302,0.4998,0.0410,0.0369,0.0410,0.0574,0.4990,0.6705,,0.1715,,50.14,,151.1,169.2,0.912,0.144,1.616
1791428952.4092476,0.4302,0.7006,0.8440,0.5695,0.5695,0.5695,0.4302,0.5695,0.4998,0.2458,0.3646,0.4998,0.4302,0.1557,0.0246,0.0574,0.0574,0.4990,0.6765,,0.1775,,50.92,,152.8,167.9,0.879,0.141,1.616
1791428952.4410408,0.6350,0.4998,0.8030,0.6350,0.2458,0.8767,0.7006,0.4998,0.4998,0.1557,0.4302,0.4302,0.5695,0.0369,0.0410,0.0574,0.0410,0.5020,0.6765,,0.1745,,51.11,,153.0,167.5,0.891,0.140,1.636
1791428952.4721339,0.4998,0.4998,0.7006,0.4998,0.4998,0.5695,0.7538,0.4998,0.4998,0.1229,0.4302,0.3646,0.4998,0.0574,0.0410,0.0246,0.0369,0.4950,0.6665,,0.1715,,50.37,,153.0,167.6,0.845,0.143,1.696
1791428952.5027142,0.4302,0.5695,0.7006,0.5695,0.5695,0.8030,0.8030,0.6350,0.4998,0.2458,0.4302,0.3646,0.5695,0.0737,0.0246,0.0410,0.0737,0.5020,0.6685,,0.1665,,49.70,,153.3,167.5,0.919,0.146,1.664
1791428952.5348728,0.8030,0.6350,0.8440,0.5695,0.4998,0.6350,0.8030,0.4302,0.4302,0.1557,0.2991,0.3646,0.4998,0.0737,0.1229,0.0574,0.0574,0.4950,0.6685,,0.1735,,49.37,,152.8,167.0,0.951,0.148,
1791428952.5693562,0.5695,0.4998,0.9054,0.6350,0.4998,0.7538,0.7006,0.6350,0.4302,0.2991,0.4998,0.4302,0.4998,0.0737,0.0410,0.0246,0.0737,0.4950,0.6700,,0.1750,,49.47,,153.1,166.2,0.816,0.148,1.571
1791428952.6025224,0.6350,0.5695,0.7006,0.6350,0.6350,0.7006,0.8030,0.5695,0.3646,0.1557,0.1966,0.4302,0.4998,0.1966,0.1557,0.0737,0.0410,0.4990,0.6680,,0.1690,,49.40,,152.9,166.0,0.871,0.147,
1791428952.6355393,0.7538,0.5695,0.8767,0.5695,0.4998,0.8030,0.5695,0.4998,0.4998,0.2458,0.0942,0.2458,0.5695,0.0369,0.0369,0.0942,0.0410,0.4990,0.6665,,0.1675,,49.23,,152.7,166.0,,0.147,
1791428952.6688762,0.7006,0.7006,0.5695,0.5695,0.4998,0.6350,0.7006,0.6350,0.6350,0.1557,0.4998,0.4302,0.4998,0.0737,0.0369,0.0574,0.0410,0.4950,0.6715,,0.1765,,49.75,,,166.1,0.797,0.146,1.560
1791428952.7081137,0.4998,0.4302,0.5695,0.4998,0.7006,0.6350,0.6350,0.4998,0.6350,0.2458,0.2458,0.4302,0.4998,0.0942,0.0410,0.0574,0.0410,0.4980,0.6680,,0.1700,,49.63,,,166.4,0.849,0.146,
1791428952.738919,0.6350,0.4302,0.5695,0.4302,0.5695,0.5695,0.7006,0.4998,0.4302,0.1966,0.4302,0.3646,0.4998,0.1229,0.1229,0.0574,0.0246,0.4950,0.6680,,0.1730,,49.55,,,165.5,0.862,0.147,1.673
1791428952.770573,0.4998,0.4998,0.8030,0.5695,0.7006,0.7538,0.6350,0.4998,0.4998,0.3646,0.4302,0.4998,0.4302,0.0574,0.0410,0.0737,0.0574,0.4950,0.6765,,0.1815,,50.20,,152.4,164.4,0.924,0.145,1.617
1791428952.8020449,0.7006,0.7006,0.8767,0.5695,0.4998,0.6350,0.7006,0.4302,0.4998,0.1966,0.4302,0.3646,0.3646,0.1229,0.1966,0.0942,0.0737,0.4950,0.6755,,0.1805,,50.20,,153.3,163.3,0.920,0.146,1.760
1791428952.8356886,0.7006,0.5695,0.7538,0.5695,0.1966,0.5695,0.7538,0.6350,0.3646,0.1557,0.4998,0.3646,0.5695,0.1229,0.0369,0.0574,0.0410,0.4950,0.6680,,0.1730,,50.03,,153.2,164.4,0.920,0.146,1.677
1791428952.8688362,0.5695,0.4998,0.6350,0.4998,0.4998,0.6350,0.6350,0.4302,0.6350,0.1557,0.5695,0.3646,0.4998,0.0737,0.0410,0.0574,0.0369,0.4950,0.6705,,0.1755,,50.18,,152.9,164.7,0.858,0.146,1.683
1791428952.9032364,0.4302,0.4998,0.9259,0.7006,0.6350,0.7006,0.8030,0.5695,0.3646,0.1557,0.4998,0.2458,0.4998,0.0574,0.0369,0.0737,0.0574,0.4980,0.6700,,0.1720,,49.87,,153.0,164.9,,0.147,1.672
1791428952.9360647,0.4998,0.5695,0.8030,0.6350,0.5695,0.8767,0.6350,0.6350,0.3646,0.1966,0.4302,0.4302,0.4302,0.1229,0.0369,0.0574,0.0574,0.4950,0.6740,,0.1790,,50.49,,153.0,164.9,0.845,0.145,1.595
1791428952.976782,0.6350,0.6350,0.8767,0.5695,0.6350,0.7006,0.4998,0.4998,0.3646,0.2458,0.4998,0.4302,0.4998,0.0942,0.0574,0.0574,0.0574,0.5020,0.6725,,0.1705,,50.11,,154.4,165.4,0.928,0.146,1.763
1791428953.0073836,0.5695,0.7538,0.7006,0.4998,0.5695,0.7538,0.7538,0.4302,0.4998,0.1229,0.3646,0.3646,0.4998,0.1966,0.0246,0.0410,0.0574,0.4990,0.6700,,0.1710,,49.96,,153.9,166.0,0.893,0.146,1.690
1791428953.039432,0.5695,0.6350,0.7538,0.5695,0.4998,0.5695,0.6350,0.5695,0.5695,0.1557,0.4302,0.3646,0.4998,0.0410,0.1229,0.0574,0.0410,0.4950,0.6690,,0.1740,,50.21,,153.6,166.0,0.853,0.145,1.585
1791428953.0709777,0.6350,0.5695,0.9423,0.4998,0.5695,0.7538,0.7006,0.4998,0.4998,0.2458,0.3646,0.4998,0.4998,0.1966,0.1557,0.0410,0.0369,0.4950,0.6665,,0.1715,,49.92,,154.1,166.1,0.920,0.146,1.677
1791428953.10291,0.6350,0.7538,0.7538,0.7006,0.6350,0.5695,0.7538,0.6350,0.4302,0.2991,0.4302,0.4302,0.5695,0.0574,0.0369,0.0942,0.1229,0.4990,0.6805,,0.1815,,50.33,,154.5,167.7,0.939,0.145,1.709
1791428953.1354935,0.4998,0.7006,0.7538,0.7006,0.5695,0.7538,0.7006,0.4302,0.4998,0.1966,0.1557,0.4302,0.5695,0.0410,0.0574,0.0369,0.0410,0.4950,0.6750,,0.1800,,50.30,,154.8,167.6,0.856,0.146,
1791428953.1704798,0.4302,0.5695,0.8440,0.7006,0.6350,0.8030,0.6350,0.4302,0.2991,0.1557,0.4302,0.4302,0.5695,0.1229,0.0410,0.0737,0.0574,0.4990,0.6700,,0.1710,,50.11,,154.2,167.2,0.960,0.146,1.691
1791428953.2030773,0.4998,0.4302,0.7538,0.7538,0.7006,0.5695,0.7006,0.4998,0.4302,0.0942,0.3646,0.4302,0.4998,0.0369,0.0410,0.0574,0.0369,0.5050,0.6660,,0.1610,,49.74,,152.5,167.1,0.896,0.146,1.599
1791428953.244149,0.7006,0.5695,0.7538,0.5695,0.5695,0.6350,0.7006,0.4998,0.3646,0.0942,0.4998,0.4998,0.4998,0.0737,0.1229,0.0246,0.0574,0.4990,0.6700,,0.1710,,49.74,,151.7,168.0,0.919,0.146,1.683
1791428953.2757049,0.7006,0.5695,0.7538,0.5695,0.4302,0.7538,0.7006,0.4998,0.4998,0.3646,0.4302,0.2991,0.4998,0.0942,0.0574,0.0574,0.0410,0.4990,0.6730,,0.1740,,49.83,,152.2,168.1,,0.145,1.616
1791428953.307551,0.5695,0.8030,0.9587,0.6350,0.4998,0.7006,0.6350,0.4998,0.4302,0.2458,0.3646,0.4302,0.4998,0.1557,0.0369,0.0574,0.0737,0.5020,0.6690,,0.1670,,49.49,,152.9,168.0,0.904,0.146,1.739
1791428953.3391268,0.7006,0.6350,0.8030,0.6350,0.6350,0.5695,0.7538,0.6350,0.4998,0.2458,0.1557,0.4998,0.4998,0.0574,0.0369,0.0410,0.0410,0.4950,0.6745,,0.1795,,49.65,,153.3,165.9,0.962,0.147,
1791428953.3705297,0.5695,0.7538,0.9054,0.6350,0.4998,0.7538,0.6350,0.6350,0.5695,0.1229,0.4998,0.2991,0.4302,0.0574,0.0369,0.0410,0.0410,0.4990,0.6715,,0.1725,,50.22,,152.7,165.3,,0.144,1.497
1791428953.4036515,0.7006,0.7538,0.8767,0.6350,0.5695,0.7006,0.7538,0.6350,0.4302,0.2458,0.3646,0.4998,0.4998,0.0410,0.0369,0.0574,0.0574,0.4950,0.6740,,0.1790,,50.61,,153.0,166.3,0.909,0.143,1.657
1791428953.4369676,0.7538,0.7538,0.8767,0.5695,0.6350,0.7538,0.7006,0.4302,0.5695,0.2458,0.3646,0.4998,0.4998,0.0942,0.0574,0.0737,0.0574,0.4950,0.6680,,0.1730,,50.44,,152.8,165.8,0.832,0.144,1.609
1791428953.4708667,0.4998,0.7006,0.7006,0.6350,0.7006,0.6350,0.7538,0.4998,0.3646,0.2991,0.4998,0.2991,0.4302,0.1557,0.0246,0.0574,0.0574,0.4980,0.6705,,0.1725,,50.56,,153.2,165.7,,0.143,1.644
1791428953.5114844,0.7006,0.4998,0.7538,0.5695,0.6350,0.6350,0.7006,0.3646,0.5695,0.3646,0.4302,0.4302,0.4998,0.0574,0.0369,0.0737,0.0410,0.4950,0.6690,,0.1740,,50.85,,153.0,166.9,0.821,0.141,1.445
1791428953.542316,0.7006,0.7006,0.6350,0.4998,0.7006,0.5695,0.5695,0.7006,0.4998,0.2458,0.4998,0.4302,0.5695,0.0737,0.0737,0.0942,0.0737,0.4980,0.6745,,0.1765,,51.00,,154.0,168.1,0.836,0.141,1.553
1791428953.5740786,0.7006,0.7538,0.8030,0.5695,0.5695,0.4998,0.6350,0.4302,0.6350,0.1557,0.4302,0.4302,0.4998,0.0942,0.0574,0.0574,0.0410,0.5010,0.6685,,0.1675,,50.49,,153.6,167.1,0.880,0.143,1.699
1791428953.605514,0.5695,0.3646,0.8030,0.5695,0.4302,0.6350,0.7006,0.7006,0.4302,0.2458,0.0942,0.4998,0.4998,0.0410,0.0410,0.0369,0.0410,0.5010,0.6695,,0.1685,,50.44,,153.4,166.6,0.861,0.142,
1791428953.6367273,0.5695,0.6350,0.8440,0.6350,0.5695,0.7538,0.6350,0.4302,0.4302,0.1229,0.4998,0.4998,0.5695,0.0574,0.0942,0.0574,0.0574,0.4950,0.6705,,0.1755,,49.94,,153.5,167.1,0.951,0.145,1.817
1791428953.6699214,0.4302,0.4998,0.7538,0.7006,0.5695,0.6350,0.6350,0.4302,0.4302,0.2458,0.0942,0.2991,0.5695,0.0942,0.1557,0.0942,0.0410,0.4970,0.6665,,0.1695,,49.75,,153.4,166.2,,0.146,
1791428953.7043972,0.7538,0.4998,0.8030,0.5695,0.3646,0.6350,0.8030,0.5695,0.5695,0.0942,0.4302,0.3646,0.4998,0.0942,0.0369,0.0574,0.0410,0.4950,0.6680,,0.1730,,49.91,,153.2,167.3,0.866,0.145,1.624
1791428953.7365308,0.4302,0.5695,0.8030,0.4998,0.6350,0.6350,0.8440,0.5695,0.4998,0.1229,0.4998,0.3646,0.4998,0.0574,0.0410,0.0574,0.0205,0.4980,0.6660,,0.1680,,50.02,,153.0,166.8,0.853,0.144,1.586
1791428953.770218,0.8030,0.4998,0.8030,0.6350,0.6350,0.7006,0.5695,0.4998,0.3646,0.1229,0.3646,0.3646,0.5695,0.0410,0.0410,0.0574,0.0574,0.4950,0.6715,,0.1765,,49.79,,152.5,166.9,0.937,0.146,1.782
1791428953.810575,0.7538,0.5695,0.8030,0.6350,0.5695,0.7538,0.5695,0.3646,0.4998,0.1966,0.5695,0.5695,0.4998,0.1557,0.0369,0.0574,0.0410,0.5010,0.6710,,0.1700,,49.72,,152.8,167.6,0.934,0.146,1.677
1791428953.841548,0.7538,0.6350,0.8030,0.5695,0.4302,0.7006,0.7006,0.4998,0.5695,0.1557,0.4302,0.4302,0.4998,0.1557,0.0369,0.0574,0.0410,0.4970,0.6740,,0.1770,,49.86,,152.9,167.3,0.919,0.146,1.686
1791428953.8730507,0.7006,0.4998,0.8440,0.5695,0.5695,0.7538,0.8030,0.4302,0.6350,0.1557,0.4302,0.4998,0.4998,0.1229,0.0574,0.0574,0.1229,0.5010,0.6725,,0.1715,,49.88,,151.4,169.6,0.862,0.145,1.577
1791428953.9044175,0.4302,0.7006,0.8440,0.7006,0.4302,0.7006,0.7006,0.6350,0.6350,0.0942,0.4302,0.4302,0.4998,0.0369,0.1229,0.0410,0.0410,0.4950,0.6735,,0.1785,,50.26,,152.8,167.4,0.901,0.145,1.670
1791428953.9366436,0.8030,0.7006,0.9054,0.6350,0.4302,0.6350,0.7538,0.3646,0.5695,0.0942,0.4302,0.4302,0.4998,0.0574,0.0410,0.0574,0.0737,0.4970,0.6690,,0.1720,,50.20,,151.0,166.9,0.875,0.145,1.650
1791428953.970905,0.5695,0.4998,0.9259,0.6350,0.5695,0.7006,0.7538,0.4302,0.4998,0.2458,0.4998,0.4302,0.4998,0.1557,0.0369,0.0737,0.0574,0.4970,0.6775,,0.1805,,50.44,,152.9,167.0,0.949,0.144,1.719
1791428954.0040092,0.7006,0.6350,0.8767,0.5695,0.4302,0.7538,0.7538,0.6350,0.6350,0.1557,0.4302,0.4302,0.4998,0.0942,0.0369,0.0737,0.0737,0.4950,0.6655,,0.1705,,50.30,,153.2,166.5,0.884,0.144,1.652
1791428954.0374582,0.7006,0.8030,0.5695,0.6350,0.6350,0.7006,0.6350,0.4302,0.4998,0.2458,0.1966,0.4302,0.4998,0.0737,0.0369,0.0410,0.0369,0.4950,0.6780,,0.1830,,51.07,,,166.0,0.918,0.142,
1791428954.0705173,0.5695,0.7538,0.8440,0.4998,0.4998,0.7006,0.5695,0.5695,0.6350,0.0737,0.3646,0.2991,0.4998,0.1557,0.0246,0.0410,0.0574,0.5010,0.6660,,0.1650,,50.15,,,166.5,,0.145,1.661
1791428954.1124177,0.5695,0.5695,0.7538,0.4998,0.4998,0.7006,0.5695,0.5695,0.6350,0.4302,0.2991,0.4998,0.4998,0.0410,0.0369,0.0574,0.0574,0.5010,0.6680,,0.1670,,49.45,,151.5,166.0,0.907,0.147,1.634
1791428954.1421537,0.7538,0.5695,0.8030,0.5695,0.7006,0.7006,0.7538,0.4302,0.4998,0.1229,0.4302,0.4302,0.4998,0.1229,0.0737,0.0737,0.0369,0.4970,0.6670,,0.1700,,49.75,,148.4,166.8,0.845,0.146,1.538
1791428954.1745725,0.8030,0.4998,0.8767,0.7006,0.4998,0.6350,0.7006,0.4302,0.4302,0.2458,0.1557,0.3646,0.4302,0.1229,0.0410,0.0942,0.0574,0.4950,0.6670,,0.1720,,50.23,,148.8,166.9,0.820,0.143,
1791428954.2055666,0.5695,0.5695,0.7538,0.4998,0.6350,0.5695,0.4998,0.4302,0.4302,0.1966,0.4998,0.4302,0.4998,0.0369,0.0737,0.0942,0.0737,0.5010,0.6730,,0.1720,,50.14,,150.1,166.8,0.943,0.144,1.693
1791428954.2378416,0.7006,0.8030,0.8030,0.4998,0.4302,0.7538,0.6350,0.5695,0.4998,0.1557,0.4998,0.3646,0.4998,0.1229,0.0574,0.0410,0.0369,0.4970,0.6740,,0.1770,,49.85,,150.6,167.1,0.913,0.146,1.726
1791428954.269984,0.5695,0.5695,0.6350,0.5695,0.5695,0.7538,0.7006,0.4998,0.3646,0.1557,0.4302,0.4302,0.5695,0.1229,0.0410,0.0410,0.0574,0.4970,0.6735,,0.1765,,50.28,,150.7,166.5,0.837,0.144,1.576
1791428954.304976,0.6350,0.5695,0.8440,0.6350,0.4998,0.7538,0.7006,0.5695,0.6350,0.2991,0.1966,0.4998,0.5695,0.0942,0.0246,0.0410,0.0574,0.4970,0.6660,,0.1690,,50.09,,151.3,166.9,0.832,0.144,
1791428954.337876,0.3646,0.4302,0.7006,0.4998,0.4998,0.5695,0.6350,0.4302,0.4302,0.2458,0.1966,0.3646,0.4998,0.0410,0.0369,0.0574,0.0369,0.4950,0.6650,,0.1700,,49.24,,151.1,164.5,0.890,0.148,
1791428954.369799,0.7006,0.5695,0.8030,0.4998,0.5695,0.7006,0.5695,0.5695,0.5695,0.2991,0.4302,0.4302,0.4998,0.1229,0.0737,0.0737,0.0942,0.5010,0.6710,,0.1700,,49.78,,151.2,164.4,0.796,0.145,1.524
1791428954.4043467,0.7006,0.4998,0.7538,0.6350,0.5695,0.6350,0.4302,0.4998,0.2991,0.1966,0.4998,0.4302,0.6350,0.1229,0.0942,0.0574,0.0410,0.5010,0.6790,,0.1780,,50.43,,152.5,164.3,0.913,0.143,1.616
1791428954.443736,0.6350,0.4302,0.7538,0.6350,0.6350,0.8030,0.7006,0.5695,0.6350,0.0942,0.3646,0.2991,0.4302,0.1229,0.0369,0.0410,0.0410,0.4970,0.6695,,0.1725,,49.91,,149.5,164.6,,0.146,1.784
1791428954.4762273,0.7006,0.3646,0.6350,0.4302,0.5695,0.6350,0.6350,0.5695,0.3646,0.1229,0.2991,0.4998,0.4998,0.0410,0.0410,0.0574,0.0737,0.4970,0.6735,,0.1765,,50.30,,150.0,164.7,0.853,0.144,
1791428954.5071754,0.5695,0.7006,0.8030,0.6350,0.6350,0.6350,0.8030,0.4998,0.4998,0.2991,0.4302,0.4998,0.4998,0.0410,0.0942,0.0574,0.0369,0.5030,0.6665,,0.1635,,49.64,,150.3,165.6,0.903,0.146,1.667
1791428954.5385253,0.6350,0.7538,0.8030,0.5695,0.4998,0.7538,0.7006,0.4302,0.5695,0.2458,0.2991,0.3646,0.4998,0.0942,0.0369,0.0410,0.0205,0.4970,0.6690,,0.1720,,50.24,,150.5,166.5,0.853,0.143,
1791428954.5715744,0.4998,0.4998,0.8440,0.6350,0.4998,0.6350,0.7538,0.4998,0.2458,0.4302,0.1966,0.4302,0.4998,0.1229,0.0574,0.0574,0.0410,0.4970,0.6730,,0.1760,,50.51,,151.4,166.3,0.911,0.142,1.608
1791428954.604302,0.7538,0.5695,0.8440,0.6350,0.5695,0.7006,0.6350,0.4302,0.2458,0.1966,0.4302,0.4302,0.4998,0.0410,0.0369,0.0574,0.0205,0.4970,0.6690,,0.1720,,50.73,,151.8,166.6,0.857,0.141,1.555
1791428954.6380577,0.6350,0.4998,0.7538,0.6350,0.7006,0.6350,0.7006,0.3646,0.4998,0.2458,0.4302,0.4998,0.4998,0.0574,0.0410,0.0574,0.0410,0.4970,0.6690,,0.1720,,50.75,,152.4,166.1,0.870,0.141,1.586
1791428954.6715126,0.8030,0.4998,0.8030,0.6350,0.4302,0.7006,0.5695,0.5695,0.4302,0.4998,0.4302,0.4998,0.5695,0.0942,0.0410,0.0574,0.0410,0.4950,0.6735,,0.1785,,50.78,,153.2,167.0,0.898,0.142,1.578
1791428954.7130651,0.7538,0.6350,0.8030,0.6350,0.4302,0.7006,0.6350,0.5695,0.3646,0.1557,0.3646,0.4302,0.4998,0.0574,0.0410,0.0369,0.0205,0.4950,0.6780,,0.1830,,51.50,,152.6,166.6,0.849,0.140,1.567
1791428954.743781,0.7538,0.4998,0.9259,0.5695,0.6350,0.8030,0.6350,0.5695,0.5695,0.1557,0.4998,0.3646,0.4998,0.0737,0.0410,0.0574,0.0574,0.5010,0.6645,,0.1635,,50.64,,152.0,165.7,0.874,0.142,1.657
1791428954.7759957,0.6350,0.7006,0.9259,0.5695,0.5695,0.5695,0.7538,0.4998,0.2991,0.1229,0.4302,0.4302,0.5695,0.0574,0.0410,0.0410,0.0369,0.4970,0.6730,,0.1760,,51.28,,152.3,165.5,0.745,0.139,1.474
1791428954.8066478,0.4998,0.4998,0.8440,0.5695,0.7006,0.6350,0.7006,0.5695,0.2991,0.1557,0.4998,0.4302,0.4998,0.0737,0.0574,0.0574,0.0369,0.4970,0.6710,,0.1740,,50.70,,151.7,165.2,0.933,0.142,1.775
1791428954.8378577,0.7006,0.6350,0.8030,0.5695,0.5695,0.7006,0.5695,0.4302,0.4302,0.1966,0.4302,0.4998,0.4998,0.1557,0.0369,0.0737,0.0410,0.4970,0.6700,,0.1730,,50.51,,151.9,165.1,0.888,0.143,1.683
1791428954.8714635,0.6350,0.4998,0.9054,0.6350,0.5695,0.6350,0.7538,0.6350,0.3646,0.3646,0.1229,0.3646,0.4998,0.1229,0.0410,0.0205,0.0369,0.4970,0.6760,,0.1790,,50.83,,152.9,164.9,0.866,0.142,1.577
1791428954.9046867,0.6350,0.7006,0.9259,0.4302,0.4998,0.6350,0.5695,0.6350,0.4302,0.1557,0.4302,0.4302,0.4998,0.0737,0.0942,0.0574,0.0574,0.4950,0.6745,,0.1795,,51.42,,152.5,166.2,0.845,0.140,1.607
1791428954.9376936,0.4302,0.8030,0.8030,0.5695,0.4998,0.6350,0.6350,0.4998,0.5695,0.2991,0.4302,0.3646,0.5695,0.0737,0.0410,0.0410,0.0246,0.4970,0.6715,,0.1745,,51.26,,153.0,168.6,0.889,0.141,1.625
1791428954.9727216,0.7006,0.7006,0.9054,0.7538,0.5695,0.6350,0.5695,0.5695,0.5695,0.1966,0.0942,0.4998,0.4998,0.0369,0.0737,0.0737,0.0369,0.4950,0.6780,,0.1830,,51.77,,153.6,168.3,0.888,0.139,
1791428955.0123394,0.4302,0.4998,0.7538,0.7006,0.4998,0.8030,0.6350,0.4998,0.4998,0.1966,0.2991,0.3646,0.4998,0.0369,0.0574,0.0737,0.0410,0.4970,0.6670,,0.1700,,51.42,,153.3,168.2,0.840,0.140,
1791428955.0431783,0.5695,0.5695,0.8440,0.6350,0.5695,0.6350,0.7006,0.4302,0.5695,0.2458,0.3646,0.2458,0.3646,0.0369,0.1229,0.0574,0.0410,0.4950,0.6775,,0.1825,,52.32,,154.3,168.6,,0.137,1.544
1791428955.0744748,0.4998,0.4998,0.8030,0.7006,0.7006,0.8030,0.6350,0.5695,0.3646,0.1966,0.4302,0.2991,0.4302,0.0574,0.0574,0.0574,0.0410,0.4950,0.6750,,0.1800,,52.24,,154.2,167.7,,0.138,1.675
1791428955.1058133,0.7538,0.5695,0.8030,0.5695,0.5695,0.7006,0.7538,0.6350,0.4302,0.1557,0.1229,0.4302,0.4998,0.0942,0.0369,0.0410,0.0410,0.4970,0.6690,,0.1720,,52.00,,154.5,167.6,0.849,0.138,
1791428955.1390004,0.7006,0.6350,0.8030,0.7006,0.7538,0.7538,0.5695,0.5695,0.3646,0.1966,0.3646,0.4998,0.4998,0.0737,0.1229,0.0574,0.0369,0.4970,0.6745,,0.1775,,51.96,,153.8,168.7,0.942,0.138,1.658
1791428955.1721911,0.7538,0.7006,0.9423,0.6350,0.4998,0.5695,0.7006,0.3646,0.3646,0.2991,0.5695,0.4302,0.4998,0.1229,0.0737,0.0246,0.0410,0.5010,0.6670,,0.1660,,51.12,,154.2,169.8,0.884,0.141,1.651
1791428955.2057846,0.7006,0.7006,0.9423,0.6350,0.7006,0.5695,0.7006,0.4998,0.3646,0.0942,0.4302,0.4302,0.5695,0.0574,0.0942,0.0737,0.0737,0.4950,0.6670,,0.1720,,50.70,,153.3,169.0,0.875,0.142,1.664
1791428955.2386546,0.7538,0.4998,0.8440,0.5695,0.7006,0.6350,0.4998,0.3646,0.3646,0.1966,0.4302,0.3646,0.4998,0.0574,0.0410,0.0574,0.0369,0.5010,0.6660,,0.1650,,50.30,,153.3,167.9,0.827,0.143,1.615
1791428955.279689,0.5695,0.6350,0.7538,0.4998,0.3646,0.4998,0.4998,0.5695,0.4998,0.1557,0.4302,0.4998,0.4998,0.0737,0.0574,0.0410,0.0410,0.4970,0.6685,,0.1715,,50.04,,152.8,167.9,0.951,0.144,1.708
1791428955.3108664,0.7006,0.5695,0.8440,0.6350,0.5695,0.8030,0.7006,0.5695,0.4998,0.1966,0.1557,0.4302,0.4302,0.1229,0.0410,0.0574,0.0574,0.4950,0.6720,,0.1770,,50.21,,152.9,168.1,0.856,0.144,
1791428955.3430836,0.6350,0.5695,0.7538,0.5695,0.5695,0.5695,0.5695,0.4302,0.6350,0.0942,0.0942,0.4998,0.4998,0.0942,0.0942,0.0574,0.0369,0.4950,0.6665,,0.1715,,50.14,,150.8,165.4,0.888,0.144,
1791428955.373451,0.4998,0.4302,0.8030,0.6350,0.5695,0.7006,0.6350,0.4302,0.4998,0.1557,0.4998,0.2991,0.4302,0.0574,0.0369,0.0369,0.0369,0.4970,0.6705,,0.1735,,50.24,,150.0,166.9,,0.144,1.593
1791428955.4055393,0.7006,0.4998,0.8030,0.5695,0.6350,0.7538,0.6350,0.4998,0.4998,0.2991,0.4998,0.4302,0.4998,0.0942,0.0737,0.0574,0.0942,0.4950,0.6680,,0.1730,,50.47,,,167.1,0.861,0.143,1.578
1791428955.4387746,0.5695,0.7006,0.9423,0.6350,0.5695,0.6350,0.6350,0.6350,0.5695,0.2991,0.2991,0.4998,0.5695,0.0942,0.0737,0.0369,0.0737,0.4950,0.6735,,0.1785,,51.13,,,166.5,0.849,0.140,
1791428955.4728374,0.4302,0.7006,0.9054,0.6350,0.5695,0.7006,0.6350,0.5695,0.4998,0.4302,0.1557,0.4998,0.4998,0.0574,0.0410,0.0369,0.0369,0.4970,0.6680,,0.1710,,50.71,,152.3,167.6,0.920,0.142,1.624
1791428955.505746,0.7006,0.4302,0.9259,0.6350,0.4302,0.7006,0.5695,0.4998,0.4302,0.0942,0.0737,0.3646,0.4998,0.0205,0.0246,0.0574,0.0369,0.4970,0.6655,,0.1685,,50.50,,152.2,167.8,0.895,0.142,
1791428955.5385652,0.7538,0.7006,0.8440,0.6350,0.6350,0.7006,0.7006,0.4998,0.4302,0.1229,0.4302,0.1966,0.4998,0.0942,0.0942,0.0574,0.0369,0.5010,0.6705,,0.1695,,50.22,,151.7,167.4,,0.143,1.661
1791428955.5792484,0.7538,0.7538,0.9259,0.7006,0.7006,0.7006,0.4998,0.4302,0.5695,0.2991,0.4302,0.2991,0.4998,0.1229,0.0574,0.0574,0.0369,0.4970,0.6715,,0.1745,,50.63,,152.6,168.5,,0.141,1.547
1791428955.6116183,0.4302,0.7006,0.9259,0.7006,0.6350,0.7006,0.7006,0.5695,0.5695,0.1229,0.2991,0.4302,0.5695,0.0369,0.0574,0.0574,0.0246,0.4970,0.6680,,0.1710,,50.28,,152.0,168.7,0.926,0.143,
1791428955.6415918,0.4998,0.6350,0.9587,0.7006,0.5695,0.8030,0.6350,0.4302,0.2991,0.1557,0.4302,0.5695,0.5695,0.0737,0.0410,0.0574,0.0574,0.5080,0.6705,0.6820,0.1625,0.0115,50.49,1.06,152.2,167.6,0.866,0.140,1.570
1791428955.6745253,0.5695,0.5695,0.8440,0.6350,0.4302,0.7006,0.5695,0.4998,0.4998,0.1966,0.2991,0.3646,0.4998,0.0369,0.0410,0.0737,0.0942,0.4970,0.6750,,0.1780,,51.13,0.90,153.2,167.4,0.801,0.138,
1791428955.7057972,0.4998,0.7006,0.7006,0.7538,0.6350,0.7006,0.7538,0.3646,0.3646,0.1966,0.3646,0.4302,0.5695,0.0574,0.0737,0.0410,0.0369,0.4950,0.6700,,0.1750,,51.05,0.90,153.2,167.0,0.959,0.139,1.686
1791428955.7391698,0.4998,0.5695,0.8030,0.5695,0.5695,0.7006,0.7006,0.4998,0.3646,0.1557,0.0942,0.4302,0.4998,0.0942,0.0369,0.0205,0.0246,0.4970,0.6670,,0.1700,,50.80,1.01,153.2,164.1,0.891,0.140,
1791428955.773203,0.4998,0.4998,0.8030,0.5695,0.4302,0.7006,0.8440,0.4302,0.5695,0.2458,0.4998,0.4998,0.4998,0.1229,0.0369,0.0574,0.0410,0.4950,0.6690,,0.1740,,50.99,1.04,153.6,165.0,0.891,0.140,1.624
1791428955.8060482,0.5695,0.7006,0.8767,0.4998,0.5695,0.8030,0.7006,0.4998,0.4998,0.1966,0.4998,0.4302,0.4998,0.0942,0.0942,0.0574,0.0574,0.4970,0.6690,,0.1720,,51.07,1.06,151.8,167.2,0.861,0.139,1.494
1791428955.8395479,0.5695,0.4302,0.9259,0.4998,0.7006,0.7538,0.7006,0.5695,0.3646,0.2458,0.1229,0.4998,0.4998,0.0942,0.0574,0.0574,0.0246,0.4950,0.6750,,0.1800,,51.49,0.90,153.2,167.7,0.837,0.138,
1791428955.8799345,0.5695,0.5695,0.9259,0.4998,0.7006,0.7538,0.7006,0.4302,0.3646,0.1966,0.4302,0.4998,0.4998,0.0369,0.0410,0.0205,0.0410,0.5030,0.6660,,0.1630,,50.84,1.04,153.4,167.5,0.908,0.140,1.615
1791428955.9115949,0.7006,0.8030,0.8440,0.7006,0.4302,0.6350,0.7006,0.4998,0.6350,0.2458,0.5695,0.4998,0.4998,0.0942,0.0574,0.0246,0.0205,0.4970,0.6765,,0.1795,,51.34,0.82,153.9,168.6,0.883,0.139,1.602
1791428955.942849,0.7006,0.7006,0.7538,0.6350,0.7006,0.6350,0.4302,0.4302,0.7006,0.1557,0.4302,0.4302,0.4998,0.1229,0.0737,0.0246,0.0574,0.4970,0.6755,,0.1785,,51.66,0.67,154.4,168.7,0.920,0.138,1.561
1791428955.9753103,0.4998,0.7538,0.8030,0.4998,0.5695,0.7538,0.7006,0.5695,0.6350,0.2458,0.4998,0.3646,0.4998,0.1229,0.0369,0.0410,0.0574,0.4970,0.6655,,0.1685,,50.85,0.88,154.1,168.6,0.845,0.141,1.658
1791428956.005957,0.6350,0.4998,0.8440,0.5695,0.4998,0.6350,0.5695,0.4302,0.5695,0.1557,0.4302,0.4998,0.4302,0.0369,0.0369,0.0369,0.0205,0.4950,0.6670,,0.1720,,50.86,1.01,,168.7,0.849,0.141,1.592
1791428956.0392213,0.3646,0.5695,0.8030,0.5695,0.5695,0.7006,0.5695,0.4998,0.4302,0.1966,0.4302,0.2991,0.5695,0.0737,0.0737,0.0369,0.0369,0.4970,0.6740,,0.1770,,51.26,0.88,,168.8,,0.139,1.538
1791428956.0734584,0.4998,0.6350,0.8440,0.4998,0.3646,0.7538,0.5695,0.4998,0.5695,0.1966,0.3646,0.2991,0.4302,0.0369,0.0737,0.0410,0.0369,0.4950,0.6685,,0.1735,,51.36,0.96,,167.3,,0.139,1.617
1791428956.1061473,0.4998,0.6350,0.8440,0.7006,0.2991,0.5695,0.6350,0.4998,0.4998,0.4998,0.4998,0.4998,0.4998,0.1229,0.0410,0.0205,0.0410,0.4970,0.6680,,0.1710,,51.03,1.03,153.2,166.3,0.889,0.140,1.594
1791428956.139003,0.4998,0.4302,0.7538,0.6350,0.4998,0.6350,0.8030,0.4998,0.6350,0.2458,0.5695,0.3646,0.4998,0.0410,0.0369,0.0410,0.0246,0.5010,0.6715,,0.1705,,50.49,0.96,153.9,167.2,0.931,0.142,1.695
1791428956.17383,0.8440,0.4998,0.8030,0.8030,0.5695,0.7538,0.7006,0.5695,0.4998,0.4302,0.1229,0.4302,0.4998,0.0410,0.0574,0.0737,0.0574,0.4970,0.6665,,0.1695,,50.30,,155.3,166.8,0.897,0.143,1.461
1791428956.2115998,0.4302,0.4302,0.8030,0.6350,0.5695,0.7538,0.6350,0.3646,0.4998,0.1966,0.4998,0.4302,0.5695,0.0942,0.0410,0.0574,0.0410,0.5030,0.6695,,0.1665,,50.15,,155.0,165.8,0.828,0.143,1.606
1791428956.244309,0.5695,0.6350,0.7006,0.6350,0.5695,0.7006,0.5695,0.4302,0.5695,0.0942,0.3646,0.4302,0.4998,0.1229,0.0574,0.0574,0.0410,0.4950,0.6700,,0.1750,,50.68,,154.8,164.8,0.857,0.141,1.571
1791428956.2747283,0.4998,0.7006,0.8767,0.6350,0.7006,0.6350,0.5695,0.4302,0.5695,0.1966,0.4302,0.4998,0.4998,0.0369,0.0246,0.0574,0.0410,0.4970,0.6650,,0.1680,,50.36,,154.9,163.8,0.922,0.142,1.657
1791428956.3067813,0.4302,0.7006,0.8030,0.6350,0.5695,0.7006,0.5695,0.4998,0.4302,0.1966,0.4998,0.4998,0.5695,0.0737,0.0246,0.0574,0.0574,0.4950,0.6705,,0.1755,,50.77,,155.2,163.9,0.874,0.140,1.623
1791428956.339489,0.4998,0.7006,0.9054,0.5695,0.4998,0.6350,0.5695,0.4998,0.5695,0.1557,0.4302,0.4998,0.4998,0.1229,0.0369,0.0410,0.0574,0.4950,0.6665,,0.1715,,50.72,,154.8,166.2,0.878,0.140,1.531
1791428956.37311,0.3646,0.4998,0.7538,0.5695,0.6350,0.7006,0.7006,0.4302,0.4998,0.1557,0.0942,0.4302,0.4302,0.0369,0.0369,0.0574,0.0737,0.4950,0.6695,,0.1745,,51.12,,154.3,166.2,0.812,0.139,
1791428956.406366,0.7006,0.7006,0.8767,0.4998,0.5695,0.6350,0.7538,0.7006,0.4998,0.5695,0.3646,0.4302,0.5695,0.0410,0.0246,0.0737,0.0410,0.5010,0.6725,,0.1715,,50.83,,154.4,166.3,0.966,0.140,1.627
1791428956.4405475,0.4998,0.5695,0.6350,0.7006,0.5695,0.8030,0.6350,0.5695,0.4998,0.4302,0.4998,0.2991,0.4302,0.1966,0.0410,0.0369,0.0410,0.4970,0.6665,,0.1695,,50.69,,153.7,165.4,,0.141,1.485
1791428956.481088,0.4998,0.4998,0.7538,0.5695,0.4998,0.6350,0.4998,0.4302,0.3646,0.0942,0.5695,0.4998,0.4302,0.0574,0.0410,0.0574,0.0410,0.4970,0.6665,,0.1695,,50.53,,152.5,165.8,0.888,0.141,1.681
1791428956.511869,0.5695,0.7006,0.8440,0.6350,0.6350,0.8030,0.7538,0.7006,0.4302,0.1229,0.4998,0.5695,0.4998,0.0410,0.0737,0.0737,0.0410,0.4970,0.6655,,0.1685,,50.42,,152.2,165.5,0.853,0.141,1.569
1791428956.5427969,0.6350,0.3646,0.9423,0.5695,0.2458,0.6350,0.7006,0.3646,0.6350,0.1966,0.4302,0.3646,0.4998,0.0410,0.0369,0.0410,0.0410,0.5010,0.6710,,0.1700,,50.74,,153.1,166.5,0.825,0.139,1.509
1791428956.5750017,0.7006,0.6350,0.8030,0.4998,0.6350,0.7006,0.6350,0.6350,0.4302,0.1557,0.4998,0.4302,0.4998,0.0410,0.0369,0.0574,0.0410,0.4970,0.6720,,0.1750,,50.75,,154.0,165.9,0.875,0.140,1.642
1791428956.6071458,0.4998,0.7006,0.8440,0.5695,0.6350,0.7006,0.5695,0.5695,0.5695,0.2991,0.4302,0.4998,0.4998,0.0942,0.1966,0.0246,0.0205,0.4970,0.6765,,0.1795,,51.42,,154.9,166.1,0.874,0.138,1.584
1791428956.6403048,0.7006,0.7006,0.8767,0.5695,0.7006,0.4998,0.7006,0.4998,0.6350,0.1557,0.4998,0.3646,0.4998,0.0942,0.0369,0.0410,0.0410,0.4950,0.6660,,0.1710,,51.02,,155.1,165.9,0.884,0.140,1.644
1791428956.673824,0.4302,0.7538,0.7006,0.5695,0.6350,0.4998,0.6350,0.5695,0.4998,0.0942,0.4998,0.3646,0.4998,0.0942,0.0246,0.0410,0.0574,0.4970,0.6740,,0.1770,,50.57,,155.5,165.5,0.990,0.143,1.839
1791428956.7074056,0.4998,0.7006,0.7538,0.6350,0.4302,0.5695,0.5695,0.4998,0.7006,0.2458,0.4302,0.2991,0.4302,0.0737,0.0410,0.0410,0.0164,0.4950,0.6690,,0.1740,,50.74,,154.8,165.0,,0.142,1.636
1791428956.7395163,0.7006,0.7006,0.7006,0.5695,0.6350,0.5695,0.6350,0.4302,0.4302,0.3646,0.3646,0.4302,0.4998,0.0737,0.0574,0.0164,0.0205,0.4970,0.6710,,0.1740,,50.42,,155.3,165.5,0.937,0.144,1.597
1791428956.780526,0.8030,0.4302,0.9259,0.5695,0.6350,0.7006,0.7006,0.4998,0.4998,0.1229,0.4302,0.4998,0.4998,0.1229,0.0410,0.0410,0.0410,0.4950,0.6620,,0.1670,,50.07,,154.5,165.6,0.857,0.144,1.593
1791428956.8114114,0.5695,0.5695,0.7538,0.5695,0.6350,0.7538,0.4998,0.7538,0.5695,0.1229,0.3646,0.4302,0.4998,0.0942,0.0369,0.0246,0.0410,0.4970,0.6645,,0.1675,,49.58,,154.1,164.7,0.866,0.146,1.672
1791428956.8430908,0.5695,0.6350,0.8030,0.6350,0.5695,0.6350,0.7006,0.7006,0.5695,0.1557,0.4998,0.2991,0.3646,0.0369,0.0410,0.0574,0.0737,0.4950,0.6645,,0.1695,,49.59,,154.2,164.3,,0.146,1.657
1791428956.8745666,0.6350,0.5695,0.7006,0.6350,0.6350,0.5695,0.6350,0.5695,0.4302,0.4302,0.3646,0.4302,0.4302,0.0737,0.0369,0.0574,0.0410,0.4950,0.6700,,0.1750,,50.01,,154.7,165.0,0.870,0.144,1.550
1791428956.9080696,0.5695,0.7006,0.7538,0.5695,0.6350,0.6350,0.5695,0.4302,0.3646,0.1557,0.4302,0.2458,0.4302,0.0737,0.1229,0.0246,0.0369,0.4970,0.6730,,0.1760,,50.36,,155.4,165.4,,0.143,1.636
1791428956.940496,0.7006,0.7006,0.8030,0.6350,0.4998,0.6350,0.4302,0.4302,0.2991,0.1557,0.4998,0.4302,0.4998,0.0942,0.0942,0.0574,0.0410,0.4970,0.6700,,0.1730,,50.17,,153.3,164.8,0.910,0.144,1.683
1791428956.9752157,0.7006,0.8440,0.8440,0.4998,0.4302,0.7006,0.4998,0.3646,0.4998,0.2458,0.3646,0.4302,0.4302,0.1229,0.0369,0.0574,0.0410,0.5010,0.6675,,0.1665,,50.07,,154.0,164.9,0.853,0.144,1.596
1791428957.0074358,0.4998,0.7538,0.8030,0.4998,0.4998,0.7006,0.5695,0.6350,0.4302,0.1229,0.3646,0.2991,0.4302,0.0942,0.0410,0.0410,0.0246,0.5010,0.6680,,0.1670,,49.92,,153.5,164.6,,0.144,1.607
1791428957.040902,0.7538,0.8030,0.7538,0.5695,0.4998,0.6350,0.7006,0.6350,0.5695,0.1557,0.2991,0.4302,0.5695,0.0942,0.0942,0.0410,0.0369,0.4970,0.6725,,0.1755,,50.04,,153.7,165.9,0.914,0.144,
1791428957.0796437,0.5695,0.7006,0.8767,0.4998,0.2991,0.7006,0.7538,0.5695,0.4302,0.3646,0.4302,0.4302,0.4998,0.0737,0.0369,0.0369,0.0246,0.5030,0.6710,,0.1680,,49.76,,153.4,165.4,0.866,0.145,1.590
1791428957.1123526,0.8767,0.5695,0.7006,0.7006,0.4302,0.7538,0.6350,0.5695,0.5695,0.1229,0.1229,0.5695,0.5695,0.0246,0.0574,0.0737,0.0574,0.4950,0.6715,0.6740,0.1765,0.0025,50.15,0.91,153.4,165.5,0.910,0.144,
1791428957.1431637,0.5695,0.5695,0.8030,0.5695,0.4998,0.6350,0.5695,0.4302,0.3646,0.1557,0.1229,0.2991,0.4998,0.0574,0.0410,0.0574,0.0410,0.4970,0.6665,,0.1695,,49.83,1.01,152.6,164.3,,0.145,
1791428957.1740713,0.6350,0.5695,0.8030,0.7006,0.5695,0.7006,0.7006,0.4998,0.4302,0.0942,0.4302,0.4302,0.4998,0.1229,0.0205,0.0410,0.0410,0.4970,0.6685,,0.1715,,49.47,1.02,150.9,166.4,0.965,0.147,1.724
1791428957.207097,0.5695,0.4998,0.8767,0.7538,0.5695,0.4998,0.5695,0.5695,0.4998,0.1966,0.0942,0.4302,0.5695,0.0369,0.0246,0.0574,0.0574,0.5000,0.6675,,0.1675,,49.04,1.08,151.2,166.1,0.901,0.148,
1791428957.2407336,0.4998,0.6350,0.8030,0.6350,0.5695,0.8030,0.5695,0.4998,0.4302,0.4302,0.3646,0.3646,0.4998,0.0737,0.0369,0.0574,0.0369,0.5010,0.6660,,0.1650,,49.43,1.18,151.1,165.7,0.857,0.145,1.470
1791428957.2745805,0.7006,0.7006,0.7538,0.6350,0.4998,0.6350,0.7538,0.4302,0.4998,0.1966,0.4998,0.4302,0.4302,0.1229,0.1229,0.0369,0.0410,0.4980,0.6685,,0.1705,,50.19,1.17,152.9,166.6,0.904,0.141,1.562
1791428957.3099918,0.6350,0.6350,0.8440,0.8030,0.5695,0.8030,0.7006,0.4302,0.4302,0.1229,0.4302,0.3646,0.3646,0.0737,0.0574,0.0410,0.0410,0.4970,0.6695,,0.1725,,50.51,1.16,150.5,166.2,0.800,0.140,1.524
1791428957.3428879,0.6350,0.5695,0.8030,0.7006,0.5695,0.7006,0.7006,0.5695,0.3646,0.0737,0.5695,0.4302,0.4302,0.0574,0.0737,0.0410,0.0369,0.4950,0.6690,,0.1740,,50.89,1.14,147.9,167.1,0.909,0.139,1.630
1791428957.3738046,0.6350,0.7538,0.9259,0.7006,0.5695,0.5695,0.6350,0.4998,0.4998,0.1557,0.3646,0.2991,0.4998,0.1229,0.0737,0.0574,0.0369,0.4950,0.6630,,0.1680,,50.61,1.33,149.1,167.9,,0.140,1.630
1791428957.4080713,0.5695,0.4998,0.7006,0.7538,0.4998,0.7538,0.6350,0.2991,0.5695,0.2458,0.4998,0.4998,0.4998,0.0942,0.0410,0.0410,0.0369,0.5000,0.6650,,0.1650,,49.57,1.38,151.2,167.7,0.965,0.144,1.724
1791428957.441664,0.5695,0.5695,0.7006,0.4998,0.4998,0.7538,0.5695,0.4998,0.5695,0.1229,0.0942,0.3646,0.4998,0.0369,0.0205,0.0737,0.0369,0.4970,0.6725,,0.1755,,50.25,1.22,150.2,168.2,0.845,0.142,
1791428957.475016,0.5695,0.5695,0.8440,0.7538,0.5695,0.7538,0.8030,0.5695,0.3646,0.2991,0.5695,0.4302,0.4998,0.0410,0.0410,0.0410,0.0410,0.4950,0.6680,,0.1730,,49.76,1.21,151.3,167.7,0.934,0.145,1.713
1791428957.515647,0.6350,0.7006,0.7538,0.6350,0.6350,0.7538,0.7006,0.5695,0.4998,0.5695,0.4998,0.4302,0.5695,0.1229,0.0246,0.0737,0.0410,0.4970,0.6690,,0.1720,,49.90,1.19,151.8,167.1,0.887,0.144,1.522
1791428957.5471475,0.4998,0.3646,0.9054,0.4998,0.4998,0.7538,0.7006,0.5695,0.5695,0.1557,0.1229,0.4302,0.4998,0.1966,0.0369,0.0410,0.0574,0.4950,0.6725,,0.1775,,49.96,1.05,152.3,166.3,0.897,0.145,
1791428957.579089,0.5695,0.4302,0.8030,0.6350,0.5695,0.5695,0.7006,0.4302,0.4998,0.2991,0.4302,0.4302,0.4998,0.0369,0.1229,0.0574,0.0369,0.4970,0.6810,,0.1840,,50.57,0.66,153.9,166.8,0.931,0.144,1.731
1791428957.610135,0.6350,0.6350,0.8767,0.5695,0.4998,0.7006,0.6350,0.3646,0.4302,0.0942,0.1229,0.4998,0.5695,0.0574,0.0410,0.0410,0.0574,0.5000,0.6675,,0.1675,,49.43,0.78,152.7,164.0,0.930,0.148,
1791428957.6418097,0.7006,0.5695,0.8767,0.7006,0.4998,0.6350,0.5695,0.7006,0.4302,0.2991,0.3646,0.4998,0.5695,0.0942,0.0205,0.0737,0.0574,0.4950,0.6635,,0.1685,,49.23,,153.0,164.4,0.909,0.149,1.647
1791428957.6749175,0.3646,0.7006,0.8030,0.7538,0.4302,0.5695,0.6350,0.4302,0.4302,0.1966,0.4302,0.4302,0.5695,0.0410,0.0410,0.0737,0.0574,0.5030,0.6810,,0.1780,,49.74,,154.5,165.1,0.943,0.147,1.714
1791428957.707814,0.4302,0.7006,0.8767,0.6350,0.7006,0.7538,0.4998,0.3646,0.3646,0.1966,0.4302,0.4302,0.5695,0.0410,0.0410,0.0737,0.0574,0.4970,0.6740,,0.1770,,50.11,,154.8,164.8,0.887,0.146,1.602
1791428957.7421525,0.4998,0.7006,0.8030,0.6350,0.4998,0.5695,0.6350,0.5695,0.5695,0.4998,0.4998,0.4302,0.4302,0.0410,0.0574,0.0574,0.0410,0.4970,0.6760,,0.1790,,50.96,,155.3,165.1,0.889,0.142,1.485
1791428957.7747364,0.6350,0.7538,0.7538,0.7006,0.4302,0.8030,0.7006,0.4998,0.4302,0.2458,0.4998,0.3646,0.4998,0.0737,0.1966,0.0737,0.0410,0.4950,0.6715,,0.1765,,50.90,,155.8,164.4,0.861,0.143,1.632
1791428957.8086152,0.4998,0.5695,0.7006,0.4998,0.5695,0.6350,0.7006,0.7006,0.4998,0.1229,0.4998,0.4998,0.4998,0.1229,0.1229,0.0737,0.0574,0.5070,0.6690,,0.1620,,50.72,,154.1,165.2,0.833,0.141,1.501
1791428957.8490903,0.6350,0.7006,0.8440,0.6350,0.7006,0.7006,0.5695,0.4998,0.4302,0.1557,0.3646,0.4302,0.5695,0.0942,0.0942,0.0369,0.0369,0.4950,0.6685,,0.1735,,50.63,,153.2,164.7,0.918,0.142,1.666
1791428957.8792264,0.4998,0.6350,0.6350,0.5695,0.7006,0.6350,0.7538,0.4998,0.4302,0.1557,0.5695,0.4302,0.4302,0.0410,0.0369,0.0574,0.0737,0.4970,0.6710,,0.1740,,50.87,,153.0,165.7,0.849,0.141,1.570
1791428957.911382,0.4998,0.4998,0.6350,0.6350,0.5695,0.6350,0.8030,0.4302,0.7006,0.1966,0.3646,0.2991,0.4998,0.0942,0.0737,0.0410,0.0410,0.4970,0.6690,,0.1720,,50.58,,152.6,165.8,,0.142,1.706
1791428957.9418056,0.6350,0.6350,0.7538,0.6350,0.7006,0.7006,0.6350,0.4302,0.4302,0.0737,0.4998,0.3646,0.4302,0.0942,0.0574,0.0574,0.0246,0.4970,0.6695,,0.1725,,50.79,,151.4,166.3,0.857,0.141,1.569
1791428957.9749465,0.4998,0.4998,0.8030,0.6350,0.6350,0.6350,0.4998,0.4998,0.2458,0.1229,0.1557,0.4998,0.4998,0.0410,0.0737,0.0942,0.0574,0.4970,0.6660,,0.1690,,50.61,,151.3,165.8,0.922,0.141,
1791428958.009095,0.5695,0.5695,0.7538,0.7006,0.4302,0.7006,0.7006,0.5695,0.4998,0.2458,0.4302,0.4302,0.4998,0.0737,0.0574,0.0369,0.0737,0.4970,0.6650,,0.1680,,50.10,,152.1,165.8,0.892,0.143,1.637
1791428958.0417652,0.6350,0.7006,0.8030,0.5695,0.4302,0.7538,0.6350,0.4302,0.4998,0.4302,0.4302,0.4302,0.4998,0.0246,0.0246,0.0737,0.0410,0.4970,0.6750,,0.1780,,50.69,,153.1,165.9,0.918,0.141,1.576
1791428958.07568,0.3646,0.4998,0.7538,0.6350,0.4998,0.7538,0.7006,0.5695,0.4302,0.4998,0.4302,0.2991,0.4998,0.0737,0.0410,0.0574,0.0369,0.4970,0.6685,,0.1715,,50.23,,153.1,164.9,,0.143,1.578
1791428958.1160326,0.4302,0.5695,0.7006,0.6350,0.4998,0.7538,0.5695,0.4998,0.4998,0.4302,0.4998,0.3646,0.4302,0.0410,0.0410,0.0574,0.0246,0.4950,0.6745,,0.1795,,49.85,,154.0,165.6,0.993,0.147,1.728
1791428958.148642,0.4302,0.7006,0.8767,0.5695,0.3646,0.6350,0.5695,0.4998,0.6350,0.1229,0.2991,0.3646,0.4302,0.1229,0.0737,0.0737,0.0737,0.5030,0.6695,,0.1665,,49.50,,152.1,165.4,0.912,0.147,
1791428958.1797967,0.4998,0.4998,0.9054,0.5695,0.4998,0.6350,0.7006,0.4998,0.4998,0.1229,0.4998,0.3646,0.5695,0.1557,0.0737,0.0737,0.0574,0.4970,0.6670,,0.1700,,49.46,,151.3,167.2,0.840,0.147,1.601
1791428958.2107358,0.7006,0.6350,0.8767,0.7006,0.5695,0.7538,0.6350,0.4998,0.5695,0.1229,0.3646,0.4302,0.4998,0.0737,0.0737,0.0410,0.0410,0.4950,0.6695,,0.1745,,49.49,,151.4,167.4,0.871,0.147,1.690
1791428958.2425804,0.7538,0.6350,0.7538,0.7006,0.5695,0.5695,0.6350,0.5695,0.3646,0.1557,0.4302,0.3646,0.4998,0.0737,0.0410,0.0737,0.0574,0.4950,0.6690,,0.1740,,50.14,,152.3,167.2,0.836,0.144,1.588
1791428958.2755723,0.5695,0.5695,0.7538,0.6350,0.5695,0.5695,0.5695,0.4998,0.3646,0.1557,0.3646,0.3646,0.4998,0.0942,0.0410,0.0574,0.0205,0.5000,0.6715,,0.1715,,50.48,,152.0,167.3,0.841,0.142,1.567
1791428958.3087804,0.7538,0.7006,0.8030,0.7006,0.7538,0.7006,0.7538,0.6350,0.4302,0.2991,0.4998,0.4998,0.4998,0.0574,0.0410,0.0574,0.0410,0.4950,0.6705,,0.1755,,50.31,,153.0,166.8,0.922,0.144,1.663
1791428958.3427901,0.5695,0.4998,0.8030,0.6350,0.6350,0.6350,0.6350,0.4302,0.4302,0.0942,0.4302,0.2991,0.4998,0.0574,0.0410,0.0574,0.0737,0.4970,0.6755,,0.1785,,50.32,,152.2,167.3,,0.145,1.746
1791428958.3764703,0.4302,0.5695,0.8030,0.4998,0.3646,0.5695,0.5695,0.5695,0.4302,0.1966,0.2458,0.4998,0.4998,0.1966,0.0369,0.0574,0.0164,0.5000,0.6640,,0.1640,,49.46,,153.3,166.9,0.871,0.147,
1791428958.4176738,0.5695,0.7538,0.8767,0.6350,0.4998,0.6350,0.6350,0.4998,0.4302,0.0942,0.4302,0.4302,0.5695,0.0369,0.0369,0.0574,0.0369,0.4970,0.6675,,0.1705,,49.53,,150.8,167.3,0.896,0.147,1.628
1791428958.4485946,0.7006,0.7006,0.8767,0.6350,0.3646,0.7006,0.7006,0.6350,0.4998,0.0942,0.1557,0.4302,0.4998,0.1229,0.0574,0.0369,0.0574,0.4950,0.6745,,0.1795,,50.09,,151.9,168.4,0.958,0.145,
1791428958.481552,0.7006,0.5695,0.7538,0.6350,0.4998,0.7006,0.7006,0.4302,0.5695,0.2458,0.2458,0.4302,0.4998,0.0737,0.0942,0.0410,0.0410,0.4950,0.6775,,0.1825,,50.81,,153.8,168.1,0.919,0.143,
1791428958.5116632,0.4998,0.6350,0.8030,0.7006,0.2991,0.7006,0.7538,0.3646,0.3646,0.1229,0.5695,0.4302,0.5695,0.0942,0.0369,0.0737,0.0737,0.4950,0.6670,,0.1720,,50.56,,152.7,166.6,0.811,0.144,1.625
1791428958.5441074,0.7538,0.6350,0.8440,0.6350,0.4302,0.6350,0.7006,0.6350,0.4302,0.1229,0.5695,0.4998,0.4998,0.0737,0.0369,0.0574,0.0942,0.5010,0.6750,,0.1740,,50.38,,151.4,166.9,1.012,0.144,1.797
1791428958.575305,0.5695,0.6350,0.7006,0.6350,0.5695,0.6350,0.8030,0.2991,0.5695,0.0942,0.4302,0.4302,0.5695,0.0369,0.1557,0.0410,0.0369,0.4950,0.6680,,0.1730,,50.48,,147.6,167.0,0.918,0.144,1.649
1791428958.6093197,0.3646,0.5695,0.8440,0.6350,0.4998,0.7006,0.8030,0.4998,0.5695,0.2458,0.1966,0.3646,0.4998,0.1557,0.0369,0.0574,0.0574,0.4970,0.6675,,0.1705,,50.66,,149.8,167.0,0.820,0.142,
1791428958.642456,0.8440,0.8440,0.8440,0.7538,0.6350,0.7006,0.5695,0.3646,0.5695,0.1966,0.4302,0.4302,0.4998,0.0737,0.0574,0.0410,0.0410,0.4950,0.6705,,0.1755,,51.35,,,166.1,0.878,0.139,1.597
1791428958.6764348,0.7006,0.8030,0.8767,0.7006,0.7006,0.7006,0.4998,0.7006,0.4302,0.1229,0.4998,0.4998,0.4998,0.0942,0.0369,0.0574,0.0205,0.4970,0.6690,,0.1720,,51.41,,,166.2,0.849,0.138,1.569
1791428958.7164443,0.5695,0.4998,0.8030,0.5695,0.4302,0.7538,0.7006,0.3646,0.4998,0.1966,0.4302,0.4998,0.4998,0.1557,0.0410,0.0737,0.0574,0.5040,0.6685,,0.1645,,51.53,,,166.1,0.887,0.136,1.570
1791428958.7475045,0.7538,0.5695,0.7538,0.7006,0.5695,0.7006,0.6350,0.4302,0.3646,0.2458,0.0942,0.4998,0.4998,0.1229,0.0246,0.0737,0.1557,0.4950,0.6665,,0.1715,,51.32,,,165.8,0.898,0.137,
1791428958.7788565,0.6350,0.7538,0.7006,0.7006,0.5695,0.7538,0.6350,0.4302,0.4998,0.2991,0.4998,0.2991,0.4998,0.0737,0.0574,0.1229,0.0737,0.4950,0.6665,,0.1715,,51.16,,,165.0,,0.138,1.685
1791428958.8095489,0.4998,0.7006,0.8030,0.7538,0.5695,0.6350,0.5695,0.4998,0.4998,0.1229,0.4302,0.4998,0.5695,0.1557,0.1229,0.0737,0.0369,0.4970,0.6700,,0.1730,,51.29,,,165.4,0.840,0.138,1.544
1791428958.8429182,0.8030,0.5695,0.8440,0.7006,0.6350,0.6350,0.5695,0.6350,0.6350,0.1557,0.1229,0.3646,0.4302,0.0410,0.0574,0.0574,0.0410,0.4950,0.6665,,0.1715,,50.84,,,164.7,0.902,0.140,
1791428958.8766077,0.7538,0.4998,0.7006,0.6350,0.6350,0.6350,0.6350,0.5695,0.3646,0.1966,0.5695,0.4302,0.4302,0.0942,0.0410,0.0410,0.0410,0.4950,0.6655,,0.1705,,50.83,,,164.2,0.909,0.140,1.672
1791428958.9105444,0.5695,0.7538,0.8767,0.6350,0.4998,0.6350,0.6350,0.4998,0.3646,0.2458,0.5695,0.4302,0.5695,0.1229,0.0246,0.0574,0.0574,0.4970,0.6665,,0.1695,,50.82,,,164.4,0.810,0.139,1.586
1791428958.9425912,0.7006,0.7538,0.9259,0.7006,0.5695,0.7006,0.4998,0.3646,0.3646,0.1557,0.2991,0.3646,0.4302,0.0410,0.0737,0.0737,0.0737,0.4970,0.6660,,0.1690,,50.78,,,164.1,0.858,0.139,
1791428958.983809,0.7006,0.4998,0.6350,0.7538,0.6350,0.7538,0.7006,0.4998,0.4302,0.1966,0.1229,0.4998,0.4998,0.0942,0.0369,0.0574,0.0410,0.5080,0.6685,,0.1605,,50.68,,,163.4,0.845,0.138,
1791428959.0166256,0.4998,0.4998,0.8030,0.6350,0.6350,0.6350,0.7006,0.4302,0.4302,0.1229,0.0574,0.2991,0.4998,0.0737,0.0574,0.0574,0.0574,0.4950,0.6735,,0.1785,,50.82,,,163.1,,0.139,
1791428959.0485785,0.4998,0.7538,0.9259,0.4998,0.2458,0.8030,0.5695,0.4998,0.4302,0.1966,0.1557,0.2991,0.4998,0.0737,0.0369,0.0369,0.0246,0.5000,0.6670,,0.1670,,50.29,,,163.0,,0.141,
1791428959.0808272,0.4998,0.6350,0.8440,0.6350,0.4998,0.6350,0.6350,0.5695,0.3646,0.3646,0.4998,0.2991,0.5695,0.0737,0.0246,0.0205,0.0410,0.4970,0.6710,,0.1740,,50.33,,152.1,163.5,,0.142,1.529
1791428959.1109674,0.6350,0.7006,0.9054,0.5695,0.7006,0.7006,0.7538,0.6350,0.6350,0.1557,0.3646,0.3646,0.4998,0.0369,0.0246,0.0410,0.0942,0.4970,0.6725,,0.1755,,50.67,,152.5,164.1,0.857,0.141,1.622
1791428959.1431506,0.7006,0.4302,0.8440,0.7006,0.5695,0.5695,0.7538,0.3646,0.4302,0.1229,0.4302,0.3646,0.4302,0.0574,0.1966,0.0574,0.0737,0.4980,0.6670,,0.1690,,51.16,,150.2,163.8,0.861,0.138,1.578
1791428959.1768281,0.5695,0.4998,0.5695,0.5695,0.5695,0.6350,0.6350,0.5695,0.4302,0.1966,0.4998,0.4302,0.5695,0.0369,0.0410,0.0942,0.0574,0.5020,0.6740,,0.1720,,50.86,,151.6,165.0,0.840,0.139,1.628
1791428959.210715,0.7006,0.6350,0.8030,0.5695,0.6350,0.7006,0.7006,0.4998,0.4998,0.2458,0.4302,0.4998,0.4998,0.0205,0.0246,0.0410,0.0574,0.4970,0.6680,,0.1710,,51.01,,151.9,164.4,0.879,0.139,1.619
1791428959.2434862,0.8030,0.4998,0.6350,0.7538,0.6350,0.4302,0.5695,0.4302,0.4998,0.1966,0.4998,0.3646,0.4302,0.1557,0.0737,0.0737,0.0737,0.5010,0.6770,,0.1760,,51.55,,152.4,165.2,0.893,0.137,1.639
1791428959.285033,0.7006,0.5695,0.7006,0.6350,0.5695,0.6350,0.7006,0.4302,0.4998,0.1557,0.3646,0.2991,0.4302,0.0410,0.0369,0.0574,0.0737,0.4970,0.6695,,0.1725,,51.23,,152.6,165.9,,0.138,1.658
1791428959.3162534,0.6350,0.7006,0.7006,0.6350,0.6350,0.6350,0.5695,0.5695,0.6350,0.1229,0.4998,0.1966,0.3646,0.0942,0.0369,0.0574,0.0574,0.4950,0.6630,,0.1680,,50.40,,152.4,167.0,,0.142,1.674
1791428959.348087,0.4998,0.7538,0.9423,0.6350,0.7538,0.7006,0.7538,0.2991,0.4302,0.1557,0.4998,0.2991,0.4998,0.0737,0.0737,0.0737,0.0737,0.4970,0.6645,,0.1675,,50.15,,150.3,166.4,,0.142,1.593
1791428959.3799214,0.5695,0.7006,0.7538,0.6350,0.6350,0.7538,0.7538,0.4998,0.3646,0.2458,0.4302,0.4998,0.4998,0.0410,0.1966,0.0410,0.0574,0.4970,0.6700,,0.1730,,50.23,,151.3,166.7,0.849,0.142,1.616
1791428959.4105542,0.4302,0.6350,0.9259,0.6350,0.4998,0.4302,0.5695,0.3646,0.4302,0.1229,0.1229,0.4302,0.4998,0.0205,0.0942,0.0574,0.0574,0.4970,0.6675,,0.1705,,49.81,,151.3,166.1,0.889,0.144,
1791428959.4445975,0.4998,0.6350,0.8030,0.5695,0.4998,0.7006,0.6350,0.6350,0.4998,0.1557,0.4998,0.3646,0.4998,0.0737,0.0410,0.0410,0.0737,0.4950,0.6650,,0.1700,,49.86,,151.8,166.6,0.849,0.144,1.643
1791428959.4771807,0.7006,0.6350,0.8767,0.6350,0.4998,0.6350,0.8030,0.4998,0.5695,0.1557,0.4302,0.4302,0.4998,0.0574,0.0369,0.0369,0.0574,0.4950,0.6630,,0.1680,,49.83,,151.6,166.1,0.831,0.144,1.649
1791428959.510617,0.4998,0.7006,0.9423,0.4998,0.5695,0.7538,0.4998,0.4998,0.5695,0.1229,0.4302,0.4998,0.4998,0.0942,0.0737,0.0737,0.0410,0.4950,0.6675,,0.1725,,50.34,,151.6,165.5,0.837,0.142,1.565
1791428959.5432627,0.5695,0.4302,0.8440,0.4998,0.4998,0.7538,0.6350,0.4302,0.4998,0.1229,0.4302,0.2991,0.4998,0.0246,0.0737,0.0410,0.0246,0.4970,0.6680,,0.1710,,50.58,,151.8,166.1,,0.140,1.604
1791428959.5841064,0.7538,0.7006,0.8440,0.5695,0.4998,0.7006,0.6350,0.5695,0.5695,0.4302,0.4998,0.4998,0.4998,0.0737,0.0410,0.0246,0.0410,0.4950,0.6695,,0.1745,,50.64,,152.2,165.9,0.916,0.141,1.582
1791428959.6157484,0.6350,0.5695,0.8440,0.5695,0.5695,0.7538,0.5695,0.4302,0.4998,0.3646,0.3646,0.3646,0.4998,0.0737,0.0737,0.0574,0.0246,0.4970,0.6665,,0.1695,,50.77,,152.0,165.0,0.800,0.140,1.450
1791428959.6475537,0.4998,0.5695,0.8030,0.4998,0.4998,0.6350,0.6350,0.6350,0.4998,0.1557,0.4302,0.4998,0.4998,0.0942,0.0369,0.1229,0.0737,0.5000,0.6680,,0.1680,,50.70,,152.1,165.4,0.853,0.140,1.625
1791428959.6782312,0.4302,0.5695,0.8030,0.5695,0.7006,0.7006,0.5695,0.3646,0.4998,0.2991,0.4998,0.4302,0.4998,0.0574,0.1229,0.0410,0.0574,0.4970,0.6745,,0.1775,,51.10,,152.9,165.6,0.874,0.139,1.619
1791428959.7104778,0.7538,0.7006,0.8767,0.6350,0.5695,0.7538,0.6350,0.4302,0.5695,0.2458,0.4998,0.4302,0.4302,0.0942,0.0942,0.0574,0.0410,0.5000,0.6715,,0.1715,,51.00,,153.1,165.6,0.910,0.139,1.641
1791428959.7437642,0.4998,0.3646,0.8440,0.5695,0.5695,0.5695,0.7006,0.4998,0.4302,0.2458,0.1557,0.3646,0.4302,0.0574,0.0410,0.0737,0.0574,0.4950,0.6735,,0.1785,,50.89,,154.1,165.5,0.952,0.141,
1791428959.7771482,0.5695,0.5695,0.9259,0.6350,0.4998,0.6350,0.5695,0.4998,0.5695,0.1229,0.4302,0.4302,0.4998,0.0942,0.0574,0.0205,0.0246,0.4950,0.6715,,0.1765,,50.43,,153.0,166.3,0.913,0.144,1.773
1791428959.8114197,0.5695,0.7006,0.8440,0.6350,0.4998,0.6350,0.7006,0.4998,0.4998,0.1557,0.5695,0.4998,0.4998,0.0737,0.0246,0.0369,0.0410,0.4970,0.6730,,0.1760,,50.53,,153.6,165.8,0.914,0.143,1.674
1791428959.8443484,0.7006,0.4998,0.7538,0.6350,0.7006,0.7006,0.6350,0.4998,0.4302,0.1229,0.4302,0.4998,0.4302,0.0737,0.0737,0.0410,0.0574,0.4970,0.6705,,0.1735,,51.01,,153.7,166.2,0.837,0.141,1.518
1791428959.8840094,0.7006,0.7538,0.8030,0.6350,0.5695,0.6350,0.4998,0.4302,0.5695,0.1557,0.4302,0.4302,0.4998,0.0574,0.0410,0.0574,0.0574,0.5000,0.6750,,0.1750,,50.67,,154.9,165.6,0.965,0.143,1.792
1791428959.9158478,0.4302,0.4998,0.7006,0.5695,0.5695,0.7538,0.7538,0.4998,0.5695,0.1229,0.3646,0.4302,0.4302,0.0737,0.0369,0.0205,0.0410,0.4950,0.6695,,0.1745,,50.66,,154.7,165.5,0.870,0.143,1.595
1791428959.9467251,0.7006,0.6350,0.9423,0.5695,0.4302,0.5695,0.7538,0.4998,0.6350,0.1966,0.4302,0.4302,0.5695,0.0942,0.0205,0.0410,0.0410,0.4950,0.6760,,0.1810,,51.47,,154.6,164.7,0.837,0.140,1.569
1791428959.9786484,0.5695,0.8030,0.7538,0.5695,0.5695,0.7538,0.6350,0.4998,0.4998,0.1229,0.4302,0.4998,0.4998,0.0737,0.0574,0.0574,0.0410,0.4970,0.6680,,0.1710,,51.14,,154.2,164.9,0.884,0.141,1.624
1791428960.0107677,0.4302,0.7538,0.6350,0.7538,0.5695,0.7006,0.7006,0.5695,0.4998,0.1229,0.4302,0.4302,0.4998,0.2458,0.0369,0.0737,0.0942,0.4950,0.6685,,0.1735,,51.47,,153.8,164.3,0.828,0.139,1.590
1791428960.044843,0.6350,0.5695,0.8030,0.4302,0.5695,0.6350,0.7006,0.5695,0.4302,0.1557,0.4302,0.3646,0.4998,0.0369,0.0410,0.0410,0.0410,0.4970,0.6750,,0.1780,,51.37,,154.3,164.9,0.917,0.140,1.714
1791428960.0781476,0.5695,0.4302,0.8767,0.6350,0.5695,0.7006,0.6350,0.6350,0.4998,0.0737,0.0737,0.4302,0.4998,0.0942,0.1966,0.0737,0.0246,0.4970,0.6660,,0.1690,,50.46,,151.9,164.4,0.875,0.144,
1791428960.1112547,0.4998,0.7538,0.8030,0.6350,0.3646,0.5695,0.7006,0.4998,0.3646,0.1557,0.2458,0.4302,0.4998,0.1966,0.0369,0.0737,0.0574,0.4950,0.6705,,0.1755,,51.13,,151.3,164.8,0.865,0.140,
1791428960.1521845,0.7006,0.6350,0.8030,0.7006,0.6350,0.4998,0.7006,0.4302,0.5695,0.1966,0.4302,0.4998,0.5695,0.0737,0.0574,0.0574,0.0205,0.5000,0.6690,,0.1690,,50.78,,,165.4,0.914,0.141,1.634
1791428960.1831949,0.6350,0.5695,0.7538,0.4998,0.4998,0.8030,0.6350,0.4998,0.4998,0.0942,0.6350,0.4302,0.4998,0.0410,0.0246,0.0737,0.0737,0.4970,0.6690,,0.1720,,50.95,,,165.4,0.890,0.140,1.559
1791428960.2161727,0.6350,0.6350,0.8440,0.6350,0.4998,0.5695,0.7006,0.5695,0.4302,0.2991,0.5695,0.3646,0.4998,0.0410,0.0369,0.0574,0.0410,0.5010,0.6700,,0.1690,,51.10,,,164.7,0.841,0.139,1.607
1791428960.2462502,0.7006,0.6350,0.8440,0.6350,0.4302,0.7006,0.7538,0.4998,0.5695,0.1557,0.2991,0.4998,0.4302,0.1229,0.0369,0.0205,0.0369,0.4950,0.6740,,0.1790,,51.80,,,164.3,0.870,0.137,
1791428960.2778037,0.4998,0.2991,0.7538,0.6350,0.4998,0.4998,0.7538,0.5695,0.6350,0.4302,0.4302,0.3646,0.4998,0.0737,0.1229,0.0410,0.0369,0.4970,0.6655,,0.1685,,51.43,,152.8,164.6,0.802,0.138,1.520
1791428960.3117957,0.6350,0.7006,0.8767,0.6350,0.5695,0.5695,0.7538,0.5695,0.4998,0.1557,0.4302,0.4302,0.4998,0.1557,0.0942,0.0737,0.0369,0.4970,0.6675,,0.1705,,50.76,,151.2,166.0,0.844,0.141,1.660
1791428960.3451784,0.7006,0.6350,0.7538,0.5695,0.3646,0.7006,0.6350,0.4998,0.5695,0.0942,0.4302,0.2991,0.4302,0.1229,0.1966,0.0574,0.0410,0.4950,0.6695,,0.1745,,50.06,,151.5,167.1,,0.145,1.800
1791428960.3790472,0.5695,0.8030,0.8440,0.7006,0.5695,0.7006,0.5695,0.4998,0.5695,0.4302,0.3646,0.2991,0.4998,0.0737,0.0410,0.0246,0.0246,0.5000,0.6715,,0.1715,,50.01,,152.4,166.6,,0.145,1.551
1791428960.411292,0.7006,0.7006,0.7538,0.7538,0.6350,0.4998,0.7538,0.2991,0.4998,0.1229,0.4302,0.3646,0.4998,0.0942,0.1229,0.0737,0.0737,0.4970,0.6705,,0.1735,,50.55,,151.3,166.3,0.877,0.142,1.601
1791428960.4531026,0.7006,0.4998,0.7006,0.8030,0.5695,0.5695,0.6350,0.6350,0.5695,0.0942,0.3646,0.3646,0.4998,0.0737,0.1229,0.0737,0.0369,0.5010,0.6650,,0.1640,,50.85,,150.2,166.3,0.800,0.139,1.537
1791428960.4834368,0.5695,0.6350,0.8030,0.8030,0.4302,0.5695,0.6350,0.4998,0.5695,0.1557,0.4302,0.4302,0.4998,0.1229,0.0410,0.0574,0.0737,0.4970,0.6685,,0.1715,,50.60,,151.9,165.7,0.866,0.140,1.643
1791428960.5160205,0.4998,0.7006,0.7538,0.5695,0.4302,0.6350,0.5695,0.6350,0.4998,0.2991,0.4998,0.4302,0.4998,0.0942,0.0246,0.0410,0.0410,0.5010,0.6675,,0.1665,,50.68,,151.8,167.0,0.874,0.139,1.547
1791428960.54695,0.5695,0.5695,0.8030,0.6350,0.6350,0.7538,0.6350,0.4998,0.4302,0.1557,0.4302,0.1966,0.4302,0.0737,0.0574,0.0410,0.0369,0.4970,0.6690,,0.1720,,50.77,,151.6,166.3,,0.139,1.615
1791428960.5786138,0.7006,0.5695,0.8030,0.4998,0.4302,0.8030,0.4302,0.5695,0.4302,0.1229,0.2458,0.4302,0.5695,0.0942,0.1229,0.0574,0.0574,0.4950,0.6645,,0.1695,,51.14,,149.8,164.6,0.828,0.137,
1791428960.6118279,0.7006,0.7006,0.8440,0.6350,0.6350,0.6350,0.6350,0.4998,0.4302,0.4302,0.5695,0.4302,0.4998,0.0737,0.0737,0.0737,0.0369,0.4970,0.6715,,0.1745,,50.50,,151.4,165.5,0.976,0.141,1.663
1791428960.644975,0.6350,0.4998,0.8030,0.6350,0.5695,0.5695,0.4998,0.3646,0.4998,0.1557,0.4302,0.4998,0.4998,0.0942,0.1229,0.0574,0.0410,0.4970,0.6705,,0.1735,,51.00,,151.9,165.4,0.806,0.139,1.481
1791428960.6785324,0.7006,0.7006,0.8030,0.5695,0.6350,0.5695,0.7006,0.4998,0.6350,0.4302,0.4302,0.4302,0.4998,0.1229,0.0410,0.0410,0.0410,0.4970,0.6690,,0.1720,,50.85,,152.0,166.1,0.875,0.140,1.577
1791428960.712444,0.7006,0.6350,0.7538,0.6350,0.6350,0.7006,0.7006,0.4998,0.5695,0.1229,0.0574,0.4302,0.5695,0.0410,0.0369,0.0737,0.0369,0.4950,0.6690,,0.1740,,50.91,,152.0,165.6,0.849,0.140,
1791428960.7516077,0.7006,0.7006,0.8767,0.5695,0.5695,0.5695,0.5695,0.6350,0.5695,0.4302,0.4302,0.4998,0.4302,0.0942,0.0942,0.0737,0.0737,0.4950,0.6685,,0.1735,,51.25,,152.7,165.6,0.901,0.138,1.532
1791428960.782531,0.6350,0.7538,0.7006,0.5695,0.7006,0.5695,0.6350,0.6350,0.4998,0.2991,0.1229,0.3646,0.4998,0.0737,0.0369,0.0737,0.0410,0.5000,0.6665,,0.1665,,51.22,,152.4,164.9,0.845,0.138,
1791428960.8137612,0.6350,0.4998,0.7006,0.7006,0.4302,0.6350,0.6350,0.5695,0.5695,0.4302,0.4302,0.4302,0.4998,0.1557,0.0410,0.0737,0.0574,0.4970,0.6730,,0.1760,,51.22,,153.0,166.0,0.919,0.138,1.623
1791428960.8452573,0.4998,0.7006,0.9054,0.5695,0.3646,0.7538,0.8030,0.4998,0.4998,0.0942,0.3646,0.4302,0.5695,0.1557,0.0574,0.0574,0.0574,0.4950,0.6760,,0.1810,,52.33,,150.9,164.7,0.829,0.134,1.523
1791428960.8793066,0.6350,0.8030,0.4998,0.5695,0.5695,0.7538,0.6350,0.7006,0.4998,0.1557,0.4302,0.2991,0.5695,0.0574,0.0410,0.0410,0.0574,0.4970,0.6645,,0.1675,,51.92,,150.8,164.1,,0.135,1.658
1791428960.9119954,0.6350,0.8030,0.7538,0.5695,0.4302,0.7006,0.7006,0.5695,0.4998,0.1557,0.3646,0.3646,0.4998,0.1229,0.0574,0.0246,0.0246,0.4950,0.6655,,0.1705,,51.61,,151.5,163.4,0.857,0.136,1.600
1791428960.945799,0.6350,0.4998,0.8440,0.6350,0.7006,0.7006,0.8030,0.4302,0.4302,0.2458,0.4302,0.4302,0.4998,0.1557,0.0410,0.0574,0.0410,0.4970,0.6640,,0.1670,,50.85,,151.8,164.0,0.912,0.139,1.698
1791428960.9787228,0.6350,0.2991,0.8767,0.6350,0.5695,0.8767,0.6350,0.4998,0.5695,0.0942,0.3646,0.4302,0.4998,0.0410,0.0737,0.0410,0.0410,0.4950,0.6685,,0.1735,,50.66,,150.1,165.4,0.940,0.141,1.746
1791428961.011464,0.4302,0.7538,0.8767,0.7006,0.5695,0.7006,0.7006,0.4998,0.4998,0.1557,0.5695,0.3646,0.4302,0.1557,0.0246,0.0410,0.0369,0.4990,0.6685,,0.1695,,50.21,,147.9,165.4,0.867,0.143,1.675
1791428961.04669,0.5695,0.7006,0.8030,0.5695,0.4302,0.5695,0.7006,0.4998,0.4302,0.2458,0.4998,0.4302,0.4998,0.1229,0.1229,0.0574,0.0369,0.5000,0.6670,,0.1670,,50.01,,148.9,165.3,0.879,0.143,1.639
1791428961.0841064,0.7006,0.5695,0.8030,0.5695,0.5695,0.7538,0.7006,0.3646,0.4998,0.1557,0.4302,0.3646,0.4998,0.1229,0.0246,0.0574,0.0410,0.4950,0.6720,,0.1770,,49.94,,149.6,166.3,0.893,0.144,1.725
1791428961.1148982,0.4302,0.7006,0.8030,0.6350,0.5695,0.7006,0.7006,0.4998,0.2991,0.1229,0.3646,0.2458,0.4998,0.0942,0.0369,0.0574,0.0574,0.4970,0.6720,,0.1750,,49.88,,150.4,166.5,,0.145,1.666
1791428961.1469266,0.4998,0.6350,0.8030,0.5695,0.4998,0.6350,0.7006,0.5695,0.4998,0.1557,0.3646,0.2991,0.3646,0.0942,0.0574,0.0574,0.0410,0.4950,0.6685,,0.1735,,49.70,,150.8,164.8,,0.146,1.783
1791428961.180462,0.6350,0.6350,0.8030,0.7006,0.4998,0.6350,0.7538,0.7006,0.4998,0.1229,0.4302,0.4998,0.4302,0.0737,0.0737,0.0737,0.0942,0.4990,0.6640,,0.1650,,49.16,,150.5,164.8,0.902,0.148,1.672
1791428961.2122822,0.6350,0.6350,0.7006,0.6350,0.4998,0.7006,0.7006,0.4998,0.4998,0.1229,0.1229,0.4998,0.4998,0.1557,0.0574,0.0574,0.0246,0.4970,0.6675,,0.1705,,49.90,,149.7,162.3,0.890,0.144,
1791428961.246219,0.7006,0.7006,0.8440,0.4302,0.2991,0.4998,0.7006,0.3646,0.4998,0.1966,0.3646,0.2991,0.4998,0.0410,0.0410,0.0369,0.0246,0.4970,0.6710,,0.1740,,50.62,,150.7,162.7,,0.141,1.609
1791428961.279367,0.5695,0.7006,0.9054,0.6350,0.5695,0.4302,0.6350,0.5695,0.4302,0.1229,0.2458,0.4302,0.4302,0.0410,0.0410,0.0737,0.0574,0.4990,0.6695,,0.1705,,50.37,,149.5,163.5,0.840,0.142,
1791428961.3129203,0.5695,0.7006,0.7006,0.4998,0.7538,0.5695,0.4998,0.4998,0.4302,0.1229,0.3646,0.4302,0.5695,0.0737,0.1229,0.0369,0.0369,0.4970,0.6745,,0.1775,,50.48,,147.9,164.0,0.875,0.142,1.636
1791428961.3517475,0.6350,0.4998,0.7538,0.5695,0.5695,0.5695,0.6350,0.5695,0.5695,0.1557,0.4302,0.4302,0.4998,0.1557,0.0942,0.0737,0.0410,0.4970,0.6750,,0.1780,,50.78,,,164.5,0.866,0.142,1.634
1791428961.3844235,0.7006,0.7006,0.7538,0.6350,0.5695,0.6350,0.7006,0.5695,0.4302,0.1966,0.1557,0.3646,0.4302,0.1229,0.1229,0.0574,0.0369,0.4970,0.6720,,0.1750,,50.71,,,164.7,0.879,0.142,
1791428961.4143622,0.4302,0.8030,0.8440,0.5695,0.4998,0.7006,0.5695,0.5695,0.5695,0.1966,0.4998,0.4302,0.4998,0.1229,0.0369,0.0369,0.0410,0.4950,0.6675,,0.1725,,50.83,,,165.0,0.824,0.141,1.584
1791428961.447662,0.4998,0.6350,0.8440,0.4998,0.5695,0.6350,0.5695,0.4998,0.4998,0.1966,0.1966,0.4302,0.4998,0.1229,0.0942,0.1557,0.0574,0.4970,0.6680,,0.1710,,50.88,,,164.8,0.812,0.141,
1791428961.47968,0.7006,0.8030,0.8440,0.7006,0.4302,0.7006,0.7538,0.4998,0.4998,0.1966,0.4998,0.4302,0.4998,0.0942,0.0246,0.0574,0.0369,0.4950,0.6665,,0.1715,,50.63,,,165.9,0.888,0.142,1.625
1791428961.513672,0.5695,0.5695,0.7538,0.7006,0.7006,0.7006,0.7006,0.4998,0.3646,0.1966,0.4998,0.3646,0.4998,0.0737,0.0369,0.0369,0.0737,0.4950,0.6685,,0.1735,,51.27,,,165.8,0.804,0.139,1.550
1791428961.547178,0.6350,0.5695,0.8030,0.5695,0.5695,0.7538,0.4998,0.4302,0.4302,0.1557,0.4998,0.2991,0.4302,0.0942,0.0574,0.0574,0.0574,0.4950,0.6780,,0.1830,,51.23,,,166.4,,0.141,1.825
1791428961.5890515,0.6350,0.8030,0.7538,0.5695,0.6350,0.7006,0.6350,0.3646,0.5695,0.1966,0.4302,0.4302,0.4302,0.0574,0.0942,0.0737,0.1229,0.4950,0.6660,,0.1710,,51.10,,,167.0,0.874,0.141,1.640
1791428961.6214218,0.4998,0.4998,0.7538,0.8030,0.4998,0.5695,0.5695,0.5695,0.5695,0.1966,0.4998,0.4998,0.5695,0.0737,0.0246,0.0574,0.0410,0.4970,0.6700,,0.1730,,50.98,,,167.0,0.897,0.141,1.650
1791428961.65278,0.7538,0.6350,0.9054,0.7006,0.6350,0.7006,0.8030,0.4998,0.4998,0.4998,0.2991,0.4302,0.3646,0.0369,0.0246,0.0737,0.0737,0.4950,0.6710,,0.1760,,51.55,,151.9,166.9,0.845,0.138,1.492
1791428961.6833541,0.5695,0.7006,0.8030,0.6350,0.5695,0.4998,0.6350,0.5695,0.5695,0.1557,0.4998,0.4998,0.4998,0.0737,0.0574,0.0410,0.0369,0.4970,0.6680,,0.1710,,51.59,,151.4,168.7,0.828,0.138,1.525
1791428961.7141893,0.7006,0.6350,0.7538,0.7006,0.5695,0.6350,0.7006,0.4998,0.6350,0.1966,0.4998,0.2458,0.5695,0.0574,0.0369,0.0574,0.0574,0.4990,0.6690,,0.1700,,50.82,,152.3,168.2,,0.141,1.747
1791428961.746685,0.4302,0.6350,0.7538,0.7006,0.4998,0.7538,0.7006,0.4302,0.4302,0.1557,0.1966,0.4998,0.4998,0.0737,0.0410,0.0574,0.0410,0.4970,0.6650,,0.1680,,50.05,,152.1,167.8,0.858,0.144,
1791428961.7796392,0.4302,0.5695,0.8030,0.7006,0.6350,0.6350,0.4998,0.5695,0.4302,0.1229,0.4302,0.3646,0.4998,0.1557,0.0410,0.0737,0.0574,0.4970,0.6725,,0.1755,,50.04,,152.0,167.8,0.889,0.145,1.689
1791428961.8136816,0.4302,0.7006,0.7006,0.6350,0.7006,0.7538,0.6350,0.3646,0.5695,0.1966,0.4998,0.1966,0.4302,0.1229,0.0410,0.0574,0.0410,0.4970,0.6715,,0.1745,,50.07,,151.9,168.4,,0.145,1.645
1791428961.8469405,0.6350,0.4998,0.7006,0.4998,0.7006,0.6350,0.7006,0.5695,0.4998,0.1966,0.0737,0.4998,0.5695,0.1229,0.1229,0.0410,0.0574,0.4950,0.6665,,0.1715,,49.59,,151.8,167.2,0.988,0.147,
1791428961.8876371,0.5695,0.6350,0.7538,0.4998,0.5695,0.7538,0.5695,0.7006,0.4998,0.1229,0.4302,0.3646,0.4998,0.1229,0.0369,0.0737,0.0574,0.4950,0.6690,,0.1740,,50.15,,152.3,168.1,0.786,0.144,1.476
1791428961.9182677,0.5695,0.6350,0.8030,0.4998,0.4998,0.5695,0.6350,0.5695,0.6350,0.1966,0.2991,0.4998,0.4998,0.0574,0.0410,0.0574,0.0737,0.4950,0.6675,,0.1725,,50.17,,152.8,168.6,0.887,0.144,
1791428961.949776,0.3646,0.6350,0.8440,0.5695,0.4302,0.8440,0.7538,0.4302,0.5695,0.1229,0.3646,0.4302,0.4998,0.1229,0.2458,0.0574,0.0574,0.5000,0.6705,,0.1705,,50.28,,152.9,168.0,0.880,0.143,1.651
1791428961.981167,0.6350,0.4302,0.9259,0.6350,0.6350,0.7006,0.6350,0.3646,0.4998,0.1966,0.4998,0.4998,0.4998,0.0942,0.1229,0.0410,0.0574,0.4970,0.6710,,0.1740,,50.86,,153.2,167.9,0.862,0.141,1.541
1791428962.0135126,0.6350,0.7538,0.7538,0.6350,0.5695,0.7006,0.8767,0.4302,0.4302,0.0942,0.4302,0.4302,0.4998,0.1557,0.0410,0.0369,0.0410,0.4950,0.6670,,0.1720,,51.00,,151.9,167.3,0.762,0.140,1.580
1791428962.0469031,0.7538,0.7006,0.8030,0.7006,0.5695,0.5695,0.6350,0.4302,0.4998,0.1229,0.1557,0.4302,0.4998,0.1229,0.0369,0.0942,0.0369,0.4970,0.6755,,0.1785,,51.28,,152.7,167.2,0.866,0.139,
1791428962.0806253,0.6350,0.4302,0.8030,0.6350,0.4998,0.5695,0.6350,0.4998,0.3646,0.1557,0.4998,0.4302,0.4998,0.0942,0.0410,0.0574,0.0410,0.4950,0.6710,,0.1760,,51.42,,153.6,166.7,0.888,0.139,1.669
1791428962.1128,0.7006,0.4302,0.8440,0.5695,0.4998,0.5695,0.7538,0.4302,0.5695,0.1966,0.5695,0.4302,0.5695,0.0574,0.0246,0.0246,0.0410,0.4970,0.6705,,0.1735,,51.05,,153.3,166.9,0.921,0.141,1.729
1791428962.1472332,0.7006,0.6350,0.8030,0.5695,0.6350,0.6350,0.6350,0.6350,0.4302,0.1557,0.2458,0.4998,0.5695,0.0369,0.0369,0.0737,0.0574,0.4970,0.6660,,0.1690,,50.66,,152.6,166.1,0.871,0.142,
1791428962.186035,0.6350,0.6350,0.8030,0.6350,0.6350,0.6350,0.6350,0.5695,0.5695,0.1229,0.4302,0.4302,0.4998,0.0410,0.0369,0.0246,0.0246,0.4970,0.6675,,0.1705,,50.25,,,165.9,0.884,0.144,1.691
1791428962.2177052,0.7006,0.6350,0.7006,0.4998,0.4998,0.7538,0.6350,0.4998,0.7006,0.2458,0.2458,0.4302,0.4998,0.0410,0.0246,0.0369,0.0164,0.4950,0.6700,,0.1750,,50.27,,,166.3,0.972,0.144,
1791428962.2489161,0.7006,0.7006,0.8030,0.6350,0.6350,0.5695,0.6350,0.5695,0.3646,0.1557,0.1229,0.4998,0.4998,0.0410,0.0369,0.0574,0.0410,0.4950,0.6710,,0.1760,,49.90,,,165.8,0.956,0.146,
1791428962.2802186,0.4998,0.4302,0.8767,0.6350,0.5695,0.7006,0.6350,0.4302,0.4302,0.1966,0.3646,0.3646,0.2991,0.0410,0.0410,0.0574,0.0369,0.4970,0.6705,,0.1735,,49.74,,,166.4,,0.147,1.683
1791428962.3138723,0.8030,0.6350,0.8767,0.6350,0.4998,0.4998,0.7006,0.4998,0.4998,0.2458,0.4302,0.4302,0.4998,0.0410,0.0369,0.0574,0.0574,0.4950,0.6660,,0.1710,,50.05,,,166.3,0.874,0.145,1.610
1791428962.3471198,0.7538,0.4998,0.7538,0.7006,0.5695,0.4998,0.7538,0.4998,0.6350,0.2991,0.3646,0.2991,0.4998,0.1229,0.0410,0.0205,0.0574,0.4950,0.6705,,0.1755,,50.63,,,165.6,,0.142,1.636
1791428962.3806276,0.6350,0.5695,0.8030,0.5695,0.4998,0.5695,0.6350,0.3646,0.4998,0.2458,0.1229,0.4302,0.4998,0.0737,0.0410,0.0574,0.0410,0.4950,0.6675,,0.1725,,50.96,,,165.8,0.824,0.141,
1791428962.4141748,0.6350,0.5695,0.8030,0.7006,0.4998,0.5695,0.7006,0.5695,0.4302,0.1966,0.3646,0.2991,0.4302,0.0737,0.0369,0.0205,0.0369,0.4950,0.6735,,0.1785,,51.50,,,166.2,,0.139,1.544
1791428962.4545906,0.7538,0.5695,0.6350,0.6350,0.5695,0.5695,0.7006,0.4302,0.3646,0.2458,0.1966,0.3646,0.5695,0.0737,0.0410,0.0574,0.0410,0.5000,0.6685,,0.1685,,51.75,,,166.0,0.800,0.137,
1791428962.4853992,0.6350,0.6350,0.9054,0.6350,0.5695,0.5695,0.5695,0.4302,0.4302,0.1966,0.4302,0.3646,0.5695,0.1229,0.0574,0.0574,0.0410,0.4950,0.6755,,0.1805,,51.98,,,165.4,0.943,0.137,1.745
1791428962.516624,0.7538,0.6350,0.8030,0.5695,0.5695,0.7006,0.5695,0.5695,0.5695,0.2458,0.3646,0.3646,0.5695,0.1557,0.0574,0.0942,0.0737,0.4970,0.6675,,0.1705,,51.79,,,165.0,0.867,0.137,1.655
1791428962.5479443,0.7006,0.7006,0.8440,0.5695,0.4998,0.4998,0.5695,0.6350,0.3646,0.1557,0.4998,0.4302,0.4998,0.0737,0.0246,0.0205,0.0205,0.4950,0.6660,,0.1710,,51.06,,,165.2,0.905,0.140,1.663
1791428962.5805187,0.7006,0.4998,0.8030,0.5695,0.5695,0.6350,0.7006,0.4302,0.4302,0.1229,0.1966,0.4998,0.4998,0.0574,0.0737,0.0574,0.0574,0.4970,0.6715,,0.1745,,50.95,,,165.3,0.930,0.141,
1791428962.6141562,0.7538,0.5695,0.6350,0.6350,0.6350,0.7538,0.6350,0.4998,0.6350,0.1966,0.2991,0.4998,0.5695,0.0574,0.0942,0.0410,0.0942,0.4950,0.6670,,0.1720,,51.48,,,164.9,0.845,0.138,
1791428962.6482852,0.6350,0.6350,0.7006,0.5695,0.6350,0.4998,0.5695,0.5695,0.4998,0.4302,0.3646,0.4998,0.4998,0.0737,0.0369,0.0574,0.0574,0.4950,0.6685,,0.1735,,50.70,,152.1,164.9,0.933,0.142,1.586
1791428962.681397,0.6350,0.6350,0.7538,0.6350,0.3646,0.7538,0.6350,0.4998,0.4998,0.1966,0.4998,0.2991,0.4998,0.0942,0.0574,0.0574,0.0410,0.4970,0.6670,,0.1700,,50.02,,152.7,165.8,,0.145,1.754
1791428962.7237825,0.6350,0.4998,0.8440,0.6350,0.5695,0.7006,0.7538,0.4998,0.4302,0.1229,0.4998,0.4302,0.4998,0.0942,0.0369,0.0246,0.0410,0.4950,0.6660,,0.1710,,50.54,,151.4,166.2,0.836,0.142,1.590
1791428962.7539303,0.5695,0.4998,0.8767,0.6350,0.4998,0.6350,0.7006,0.4302,0.5695,0.1966,0.5695,0.4998,0.4302,0.0942,0.0410,0.0737,0.0410,0.4950,0.6735,,0.1785,,50.90,,152.1,166.0,0.796,0.141,1.549
1791428962.7847927,0.7538,0.7538,0.8030,0.5695,0.4998,0.5695,0.7006,0.6350,0.3646,0.1557,0.3646,0.3646,0.3646,0.1229,0.1229,0.0410,0.0369,0.4950,0.6775,,0.1825,,51.54,,153.1,166.5,0.896,0.139,1.631
1791428962.8161526,0.7538,0.5695,0.7006,0.5695,0.2991,0.4998,0.7006,0.4998,0.5695,0.1229,0.4302,0.4302,0.5695,0.0737,0.0205,0.0942,0.0369,0.4950,0.6715,,0.1765,,51.66,,153.2,165.8,0.922,0.139,1.628
1791428962.8475568,0.7006,0.5695,0.8440,0.7006,0.5695,0.7006,0.7006,0.5695,0.5695,0.1229,0.5695,0.2991,0.4302,0.0737,0.0369,0.0574,0.0410,0.4950,0.6645,,0.1695,,51.69,,152.1,165.1,,0.138,1.595
1791428962.8814175,0.7538,0.4998,0.7538,0.6350,0.5695,0.5695,0.7538,0.6350,0.4998,0.1229,0.0942,0.4302,0.4998,0.1229,0.0737,0.0574,0.0410,0.4950,0.6740,,0.1790,,52.45,,152.5,162.8,0.825,0.135,
1791428962.914442,0.8030,0.5695,0.7006,0.6350,0.7006,0.6350,0.7006,0.7006,0.4998,0.1966,0.1229,0.1966,0.4998,0.0574,0.0574,0.0574,0.0574,0.5010,0.6685,,0.1675,,52.19,,151.1,163.6,,0.135,
1791428962.9484293,0.8440,0.4998,0.8440,0.7006,0.4998,0.4998,0.6350,0.4998,0.4302,0.1966,0.4302,0.3646,0.4998,0.0369,0.0369,0.0410,0.0369,0.4950,0.6725,,0.1775,,51.62,,152.3,164.1,0.911,0.138,1.846
1791428962.991173,0.8030,0.5695,0.8767,0.7006,0.4998,0.7006,0.7006,0.4998,0.3646,0.1966,0.3646,0.3646,0.4302,0.0942,0.0410,0.0574,0.0369,0.4950,0.6660,,0.1710,,51.69,,151.5,164.2,0.771,0.137,1.622
1791428963.0219288,0.6350,0.6350,0.6350,0.5695,0.4998,0.5695,0.5695,0.4302,0.4998,0.1557,0.2458,0.2991,0.4302,0.0942,0.0369,0.0574,0.0369,0.4950,0.6730,,0.1780,,51.78,,152.9,164.3,,0.137,
1791428963.054644,0.4998,0.7006,0.5695,0.7006,0.5695,0.5695,0.7006,0.5695,0.4998,0.0942,0.3646,0.2991,0.5695,0.1557,0.0410,0.0369,0.0574,0.4960,0.6685,,0.1725,,51.38,,152.4,164.9,,0.139,1.647
1791428963.0865018,0.5695,0.4998,0.8030,0.6350,0.5695,0.5695,0.5695,0.4998,0.5695,0.4998,0.3646,0.4302,0.4998,0.0369,0.0410,0.0410,0.0574,0.4950,0.6685,,0.1735,,51.14,,152.9,164.9,0.828,0.140,1.549
1791428963.1172504,0.7006,0.6350,0.8030,0.5695,0.4998,0.6350,0.6350,0.3646,0.3646,0.1229,0.3646,0.3646,0.4302,0.0942,0.1229,0.0246,0.0369,0.4950,0.6745,,0.1795,,51.88,,154.0,165.4,0.821,0.137,1.548
1791428963.1493733,0.6350,0.5695,0.7538,0.7538,0.5695,0.7006,0.7006,0.4998,0.5695,0.1966,0.5695,0.4302,0.4998,0.0574,0.0410,0.0737,0.0737,0.4960,0.6705,,0.1745,,52.01,,153.9,166.6,0.849,0.137,1.579
1791428963.18115,0.6350,0.5695,0.8767,0.4998,0.2991,0.6350,0.7006,0.4998,0.4302,0.1229,0.1966,0.3646,0.5695,0.0574,0.0410,0.0574,0.0410,0.4960,0.6705,,0.1745,,51.70,,,167.0,0.898,0.138,
1791428963.214648,0.7006,0.6350,0.7538,0.6350,0.4998,0.7538,0.6350,0.5695,0.3646,0.1229,0.1557,0.5695,0.4998,0.0574,0.1966,0.0369,0.0574,0.4970,0.6685,,0.1715,,52.21,,,166.0,0.857,0.135,
1791428963.2479663,0.7538,0.7006,0.8440,0.5695,0.4998,0.7006,0.6350,0.4998,0.5695,0.1966,0.4998,0.4302,0.4998,0.0942,0.0369,0.0410,0.0410,0.4970,0.6635,,0.1665,,51.66,,,165.9,0.849,0.137,1.609
1791428963.2820983,0.4302,0.4302,0.8030,0.6350,0.6350,0.5695,0.6350,0.4302,0.3646,0.1966,0.4998,0.3646,0.4302,0.0737,0.0737,0.0410,0.0574,0.4960,0.6710,,0.1750,,51.35,,,165.4,0.913,0.138,1.755
1791428963.314609,0.4998,0.7006,0.6350,0.5695,0.4998,0.5695,0.6350,0.6350,0.4998,0.2991,0.4998,0.4302,0.4998,0.1557,0.1229,0.0574,0.0574,0.4950,0.6700,,0.1750,,51.62,,,165.2,0.895,0.137,1.618
1791428963.3548772,0.7006,0.6350,0.9054,0.7006,0.3646,0.6350,0.7538,0.3646,0.4998,0.1229,0.4302,0.2991,0.3646,0.0942,0.0410,0.0410,0.0369,0.4950,0.6740,,0.1790,,51.93,,,165.0,,0.137,1.652
1791428963.3861146,0.7006,0.6350,0.8440,0.7538,0.5695,0.4998,0.7006,0.4302,0.4302,0.1557,0.4302,0.3646,0.4998,0.0410,0.0410,0.0942,0.0574,0.4970,0.6710,,0.1740,,52.63,,,164.5,0.780,0.133,1.457
1791428963.4182558,0.7006,0.5695,0.7538,0.7006,0.4998,0.5695,0.7006,0.4998,0.4302,0.1229,0.4302,0.4998,0.4302,0.1229,0.1557,0.0574,0.0410,0.4990,0.6745,,0.1755,,52.90,,,163.1,0.789,0.132,1.536
1791428963.449505,0.5695,0.7006,0.7538,0.4998,0.2991,0.5695,0.7006,0.4998,0.3646,0.0942,0.3646,0.4302,0.4998,0.0942,0.1557,0.0574,0.0369,0.4950,0.6770,,0.1820,,52.93,,,164.0,0.931,0.133,1.755
1791428963.4818332,0.7006,0.4998,0.7538,0.5695,0.5695,0.7006,0.7538,0.3646,0.6350,0.0942,0.4302,0.3646,0.4998,0.0574,0.0369,0.0246,0.0574,0.4960,0.6670,,0.1710,,52.75,,,164.1,0.853,0.133,1.593
1791428963.5153632,0.8030,0.5695,0.8767,0.7006,0.3646,0.7006,0.7006,0.4998,0.4302,0.1557,0.4998,0.4998,0.4998,0.0737,0.0246,0.0410,0.0574,0.4970,0.6700,,0.1730,,52.65,,,164.5,0.897,0.133,1.653
1791428963.5480187,0.3646,0.4302,0.8440,0.6350,0.4302,0.7538,0.7006,0.4302,0.3646,0.1557,0.4302,0.4302,0.4998,0.0737,0.0369,0.0205,0.0246,0.4960,0.6695,,0.1735,,51.62,,,165.1,0.932,0.138,1.759
1791428963.5818288,0.7006,0.4998,0.8030,0.5695,0.4998,0.7538,0.5695,0.6350,0.5695,0.0942,0.4998,0.3646,0.4998,0.0942,0.0410,0.0164,0.0246,0.4950,0.6660,,0.1710,,51.53,,,165.0,0.862,0.138,1.655
1791428963.6154313,0.4998,0.6350,0.8440,0.7006,0.5695,0.7538,0.7006,0.4998,0.4302,0.1966,0.0942,0.4998,0.4302,0.1229,0.0737,0.0737,0.0737,0.4960,0.6730,,0.1770,,51.33,,,163.5,0.867,0.140,
1791428963.654044,0.5695,0.4302,0.7538,0.6350,0.5695,0.7538,0.6350,0.4302,0.6350,0.1557,0.5695,0.4998,0.4302,0.0942,0.0410,0.0737,0.0737,0.4950,0.6680,,0.1730,,51.74,,,165.2,0.874,0.137,1.569
1791428963.6859076,0.5695,0.3646,0.7006,0.4998,0.5695,0.6350,0.6350,0.5695,0.4998,0.0942,0.4998,0.2991,0.4998,0.1229,0.0574,0.0574,0.0574,0.4960,0.6670,,0.1710,,51.02,,,164.2,,0.140,1.713
1791428963.7174258,0.4998,0.7538,0.8030,0.6350,0.6350,0.6350,0.5695,0.4998,0.7006,0.3646,0.4998,0.4302,0.5695,0.1229,0.0574,0.0942,0.0574,0.4960,0.6685,,0.1725,,50.50,,149.7,164.3,0.867,0.143,1.627
1791428963.7492716,0.5695,0.7006,0.8030,0.6350,0.4998,0.7006,0.4302,0.4998,0.3646,0.1557,0.4998,0.4302,0.4998,0.1229,0.0737,0.0410,0.0574,0.4960,0.6650,,0.1690,,49.67,,149.8,164.9,0.876,0.146,1.731
1791428963.7816627,0.6350,0.6350,0.8030,0.7006,0.5695,0.5695,0.7006,0.2991,0.4302,0.1229,0.4998,0.3646,0.4998,0.1229,0.0574,0.0574,0.0410,0.4960,0.6720,,0.1760,,49.82,,146.7,166.1,0.849,0.146,1.672
1791428963.8145278,0.7006,0.4998,0.8030,0.5695,0.5695,0.6350,0.6350,0.3646,0.5695,0.2458,0.1229,0.2991,0.4302,0.0369,0.0246,0.0737,0.0574,0.4950,0.6735,,0.1785,,50.90,,148.4,165.7,,0.142,
1791428963.8485038,0.8030,0.5695,0.7538,0.7006,0.4998,0.7006,0.8030,0.4302,0.7006,0.2458,0.4302,0.2991,0.4998,0.0942,0.0574,0.0737,0.0574,0.4970,0.6685,,0.1715,,51.19,,149.5,165.1,,0.140,1.642
1791428963.8824852,0.8030,0.6350,0.8440,0.7538,0.5695,0.7538,0.7006,0.5695,0.3646,0.1557,0.4302,0.3646,0.4998,0.1229,0.0737,0.0574,0.0205,0.4950,0.6735,,0.1785,,51.29,,150.6,166.6,0.923,0.140,1.720
1791428963.9230993,0.5695,0.7006,0.7538,0.7006,0.4302,0.6350,0.8030,0.4998,0.4302,0.1966,0.3646,0.4998,0.4998,0.0369,0.1966,0.0410,0.0574,0.4980,0.6775,,0.1795,,51.57,,151.5,166.9,0.866,0.139,1.623
1791428963.9544573,0.7538,0.5695,0.7006,0.7006,0.4998,0.6350,0.7006,0.5695,0.7006,0.1557,0.4302,0.4302,0.5695,0.0410,0.0369,0.0737,0.0574,0.4950,0.6740,,0.1790,,52.26,,151.7,166.7,0.837,0.136,1.582
1791428963.985567,0.4998,0.5695,0.8767,0.5695,0.3646,0.7006,0.5695,0.5695,0.4998,0.4302,0.4302,0.4302,0.5695,0.0942,0.1229,0.0574,0.0410,0.4950,0.6725,,0.1775,,52.44,,152.3,167.3,0.912,0.136,1.580
1791428964.018059,0.7538,0.5695,0.8440,0.6350,0.5695,0.6350,0.7006,0.5695,0.4302,0.1557,0.2991,0.4998,0.4998,0.0942,0.1557,0.0410,0.1229,0.4950,0.6720,,0.1770,,52.62,,152.0,166.7,0.891,0.135,
1791428964.0490062,0.6350,0.6350,0.7006,0.6350,0.5695,0.2991,0.5695,0.4998,0.4302,0.1966,0.4998,0.4302,0.4998,0.1557,0.0410,0.0737,0.0737,0.4950,,,,,52.62,,152.0,166.7,,,
1791428964.0836,0.6350,0.4302,0.8767,0.6350,0.4998,0.5695,0.7006,0.4302,0.4302,0.1557,0.4302,0.4302,0.4998,0.0737,0.0737,0.0369,0.0369,0.5000,0.6635,,0.1635,,51.97,,151.3,166.1,0.849,0.136,1.608
1791428964.1159005,0.7006,0.7538,0.8030,0.7538,0.4302,0.6350,0.6350,0.4302,0.4302,0.1229,0.4998,0.4302,0.4998,0.1557,0.0410,0.0942,0.0574,0.4970,0.6655,,0.1685,,51.96,,152.1,166.1,0.836,0.135,1.596
1791428964.1500962,0.8440,0.5695,0.7006,0.8440,0.5695,0.7538,0.7006,0.6350,0.2458,0.1229,0.4302,0.2991,0.4998,0.0574,0.0737,0.0737,0.0942,0.4950,0.6685,,0.1735,,52.18,,153.1,166.5,,0.134,1.591
1791428964.1821997,0.6350,0.5695,0.7006,0.7538,0.4302,0.6350,0.7006,0.4302,0.4302,0.4302,0.4998,0.4302,0.5695,0.0942,0.0369,0.0942,0.0410,0.4980,0.6695,,0.1715,,52.07,,152.9,166.3,0.821,0.135,1.449
1791428964.2156477,0.6350,0.6350,0.9259,0.6350,0.4302,0.6350,0.5695,0.3646,0.4302,0.6350,0.4302,0.4998,0.4998,0.0410,0.0369,0.0574,0.0410,0.4970,0.6680,,0.1710,,51.35,,153.7,166.4,0.934,0.138,1.692
1791428964.255448,0.5695,0.5695,0.8030,0.7006,0.5695,0.7538,0.6350,0.4998,0.5695,0.1966,0.5695,0.4302,0.5695,0.1229,0.1229,0.0737,0.0737,0.4960,0.6635,,0.1675,,51.12,,153.7,168.6,0.836,0.138,1.515
1791428964.28656,0.7538,0.5695,0.9628,0.7538,0.4302,0.5695,0.7538,0.4998,0.4302,0.1966,0.0737,0.4302,0.4998,0.0737,0.0942,0.0737,0.0246,0.4960,0.6725,,0.1765,,51.55,,154.9,165.9,0.891,0.137,
1791428964.3185232,0.5695,0.7006,0.7538,0.4998,0.4998,0.7006,0.7006,0.4302,0.4302,0.1557,0.4998,0.2991,0.4998,0.0942,0.0574,0.0737,0.0737,0.4990,0.6700,,0.1710,,51.26,,154.8,165.9,,0.138,1.627
1791428964.3499887,0.6350,0.5695,0.7538,0.7006,0.3646,0.7006,0.7006,0.5695,0.4302,0.1557,0.0942,0.3646,0.4998,0.1229,0.0737,0.0574,0.0410,0.4960,0.6670,,0.1710,,51.42,,154.4,166.0,0.823,0.137,
1791428964.382914,0.4998,0.4998,0.8767,0.7006,0.6350,0.5695,0.7006,0.5695,0.3646,0.1557,0.0942,0.4302,0.4998,0.0942,0.0574,0.0574,0.0410,0.4970,0.6690,,0.1720,,51.34,,154.9,166.5,0.918,0.138,
1791428964.4167624,0.7006,0.6350,0.7006,0.4998,0.5695,0.6350,0.6350,0.5695,0.5695,0.1229,0.0942,0.4302,0.4998,0.0737,0.0369,0.0737,0.0574,0.4970,0.6660,,0.1690,,51.91,,153.8,166.6,0.849,0.134,
1791428964.4490664,0.8767,0.5695,0.7538,0.5695,0.5695,0.7538,0.7006,0.4998,0.4998,0.0737,0.4998,0.3646,0.4998,0.0942,0.0942,0.0369,0.0410,0.4970,0.6695,,0.1725,,52.10,,154.1,166.3,0.893,0.134,1.654
1791428964.482365,0.5695,0.4998,0.9054,0.7006,0.5695,0.5695,0.7006,0.5695,0.4302,0.1966,0.4302,0.3646,0.4998,0.0574,0.0410,0.0410,0.0574,0.4950,0.6740,,0.1790,,52.39,,154.8,166.2,0.884,0.133,1.653
1791428964.52213,0.7538,0.6350,0.9423,0.7006,0.6350,0.7006,0.5695,0.4998,0.5695,0.0942,0.4998,0.4302,0.4302,0.0737,0.0410,0.0410,0.0369,0.4990,0.6650,,0.1660,,51.38,,153.6,166.7,0.960,0.137,1.709
1791428964.5553086,0.7006,0.7538,0.9259,0.7538,0.5695,0.7006,0.7006,0.4302,0.4302,0.1229,0.4998,0.4302,0.5695,0.0410,0.0574,0.0410,0.0574,0.4950,0.6705,,0.1755,,51.95,,152.6,165.8,0.837,0.135,1.554
1791428964.5861928,0.7006,0.7538,0.8440,0.6350,0.6350,0.7006,0.7538,0.4998,0.4998,0.1966,0.4302,0.4302,0.4998,0.0942,0.0410,0.0574,0.0410,0.4990,0.6675,,0.1685,,52.04,,152.2,165.8,0.857,0.134,1.512
1791428964.6180024,0.4998,0.6350,0.8030,0.4998,0.4302,0.4998,0.7006,0.3646,0.6350,0.1229,0.3646,0.2991,0.5695,0.0737,0.0942,0.0574,0.0737,0.4960,0.6705,,0.1745,,52.37,,152.4,165.0,,0.133,1.593
1791428964.6496365,0.7006,0.7006,0.9054,0.6350,0.4302,0.8030,0.6350,0.4998,0.4998,0.1557,0.2991,0.3646,0.5695,0.0737,0.0410,0.0410,0.0574,0.4950,0.6700,,0.1750,,52.49,,151.2,164.5,0.853,0.133,
1791428964.6834373,0.7538,0.4998,0.8767,0.6350,0.6350,0.6350,0.6350,0.4302,0.5695,0.4302,0.3646,0.4302,0.4998,0.0942,0.1229,0.0942,0.0737,0.4990,0.6715,,0.1725,,51.91,,151.8,165.3,0.956,0.135,1.639
1791428964.7171488,0.8440,0.5695,0.8767,0.6350,0.3646,0.5695,0.6350,0.4998,0.3646,0.1966,0.4998,0.3646,0.4998,0.1229,0.0410,0.0574,0.0574,0.4950,0.6705,,0.1755,,51.93,,152.1,165.0,0.803,0.136,1.641
1791428964.750016,0.4302,0.5695,0.7538,0.7006,0.4998,0.7006,0.7006,0.4302,0.4302,0.1966,0.3646,0.1966,0.4302,0.0246,0.0942,0.0410,0.0737,0.4970,0.6750,,0.1780,,52.61,,152.5,165.5,,0.133,1.533
1791428964.789849,0.4302,0.7538,0.8767,0.7006,0.5695,0.7538,0.7006,0.4302,0.5695,0.1557,0.3646,0.3646,0.5695,0.1557,0.1557,0.0737,0.0410,0.4950,0.6685,,0.1735,,52.73,,152.8,165.4,0.861,0.132,1.578
1791428964.8224542,0.7006,0.7006,0.6350,0.7006,0.5695,0.7538,0.7006,0.4998,0.4302,0.1229,0.2991,0.2991,0.4998,0.0942,0.0369,0.0574,0.0574,0.4950,0.6755,,0.1805,,53.09,,153.2,165.3,,0.132,
1791428964.8530185,0.6350,0.6350,0.8030,0.7538,0.5695,0.6350,0.6350,0.4302,0.4998,0.3646,0.4998,0.4302,0.4998,0.0737,0.1229,0.0942,0.0410,0.4950,0.6695,,0.1745,,52.71,,154.9,165.5,0.934,0.133,1.544
1791428964.8840356,0.6350,0.4302,0.7006,0.6350,0.4302,0.6350,0.6350,0.4998,0.4998,0.1229,0.4302,0.2458,0.4302,0.0942,0.0737,0.0574,0.0942,0.4960,0.6740,,0.1780,,52.68,,152.6,168.4,,0.134,1.618
