timestamp,nose_score,left_eye_score,right_eye_score,left_ear_score,right_ear_score,left_shoulder_score,right_shoulder_score,left_elbow_score,right_elbow_score,left_wrist_score,right_wrist_score,left_hip_score,right_hip_score,left_knee_score,right_knee_score,left_ankle_score,right_ankle_score,head_depth_m,chest_depth_m,hip_depth_m,neck_forward_offset_m,torso_recline_offset_m,head_forward_deg,torso_pitch_deg,elbow_left_deg,elbow_right_deg,torso_len_sw,head_up_m,wrist_face_sw
1791428502.463881,0.4998,0.6350,0.8440,0.5695,0.4302,0.7006,0.8030,0.4998,0.7006,0.3646,0.4998,0.4302,0.3646,0.0737,0.0410,0.0737,0.0942,0.6640,0.8010,,0.1370,,42.70,,146.9,165.9,1.097,0.148,1.468
1791428502.5064855,0.8440,0.4998,0.8030,0.4998,0.4998,0.6350,0.8030,0.4302,0.7538,0.5695,0.4302,0.4302,0.4302,0.0574,0.0942,0.0942,0.0737,0.6640,0.8000,,0.1360,,42.41,,146.5,166.1,1.188,0.150,1.583
1791428502.5382116,0.7006,0.4998,0.8440,0.5695,0.5695,0.7538,0.6350,0.7006,0.7006,0.4302,0.4302,0.5695,0.3646,0.0942,0.0410,0.0942,0.1229,0.6620,0.7985,,0.1365,,41.87,,145.7,166.2,1.174,0.153,1.557
1791428502.569936,0.5695,0.7006,0.8030,0.4998,0.6350,0.6350,0.8030,0.4998,0.7538,0.7006,0.4998,0.4302,0.2991,0.0942,0.0369,0.1229,0.0942,0.6650,0.8005,,0.1355,,42.14,,145.8,166.3,,0.151,1.553
1791428502.600826,0.8030,0.7006,0.8030,0.4998,0.7006,0.4998,0.6350,0.4302,0.7006,0.5695,0.4302,0.3646,0.2991,0.1229,0.0369,0.1557,0.1557,0.6700,0.7965,,0.1265,,41.02,,146.2,166.7,,0.155,1.631
1791428502.6327238,0.8030,0.4302,0.8440,0.7006,0.5695,0.5695,0.7006,0.4998,0.4998,0.5695,0.1966,0.4302,0.4998,0.1229,0.0205,0.0942,0.0410,0.6640,0.7970,,0.1330,,41.24,,145.8,166.9,1.156,0.153,1.555
1791428502.6652365,0.7538,0.5695,0.7538,0.4998,0.7006,0.8030,0.8030,0.4302,0.7006,0.4998,0.3646,0.4998,0.4302,0.0410,0.0574,0.1229,0.1229,0.6640,0.7955,,0.1315,,41.19,,145.7,166.4,1.111,0.153,1.501
1791428502.6969564,0.5695,0.4302,0.7538,0.4998,0.7006,0.7006,0.7006,0.4998,0.7006,0.5695,0.3646,0.4302,0.3646,0.0737,0.0737,0.0737,0.0737,0.6740,0.8025,,0.1285,,41.12,,146.0,167.0,1.149,0.152,1.556
1791428502.7310004,0.7006,0.4302,0.5695,0.4998,0.7538,0.7006,0.7006,0.6350,0.7006,0.5695,0.4998,0.3646,0.4998,0.0410,0.0574,0.1229,0.0942,0.6640,0.7990,,0.1350,,41.38,,147.6,167.0,1.164,0.151,1.578
1791428502.764365,0.4302,0.5695,0.7006,0.4998,0.7006,0.7538,0.7006,0.2991,0.7006,0.4302,0.3646,0.3646,0.5695,0.0737,0.0410,0.0737,0.0737,0.6650,0.7965,,0.1315,,41.36,,147.5,167.0,1.258,0.151,1.616
1791428502.7974935,0.4998,0.7006,0.7006,0.6350,0.7538,0.7006,0.6350,0.6350,0.5695,0.4998,0.2991,0.4302,0.3646,0.0737,0.0123,0.0574,0.0205,0.6640,0.7945,,0.1305,,41.42,,145.8,166.9,1.114,0.150,1.492
1791428502.831067,0.5695,0.4998,0.6350,0.4998,0.8030,0.7538,0.4998,0.4998,0.8030,0.4302,0.4302,0.3646,0.4302,0.1229,0.0574,0.1557,0.0737,0.6650,0.7960,,0.1310,,41.40,,146.0,167.0,1.133,0.150,1.532
1791428502.8713837,0.4998,0.6350,0.6350,0.4998,0.5695,0.7006,0.7006,0.5695,0.7006,0.4998,0.4998,0.4998,0.4998,0.0410,0.0737,0.0737,0.0737,0.6630,0.7950,,0.1320,,41.45,,146.2,166.8,1.191,0.150,1.547
1791428502.9025407,0.5695,0.6350,0.7538,0.4998,0.7538,0.7538,0.5695,0.4302,0.6350,0.4998,0.4302,0.3646,0.4302,0.0737,0.0737,0.0737,0.0942,0.6710,0.8025,,0.1315,,42.37,,146.5,166.6,1.057,0.145,1.389
1791428502.9341764,0.3646,0.4302,0.6350,0.3646,0.6350,0.7538,0.8030,0.4302,0.7538,0.5695,0.3646,0.4302,0.4998,0.0737,0.0574,0.0942,0.1229,0.6710,0.7985,,0.1275,,42.36,,147.3,165.9,1.107,0.144,1.440
1791428502.966246,0.5695,0.5695,0.8030,0.3646,0.6350,0.7538,0.5695,0.4302,0.8030,0.4998,0.3646,0.4302,0.3646,0.0737,0.0246,0.1557,0.0737,0.6640,0.7955,,0.1315,,41.88,,146.9,165.7,1.158,0.146,1.525
1791428502.9979835,0.6350,0.7538,0.7006,0.4302,0.6350,0.6350,0.7006,0.3646,0.8030,0.5695,0.3646,0.4998,0.3646,0.0574,0.0574,0.1966,0.0942,0.6720,0.7970,,0.1250,,41.80,,147.5,165.5,1.099,0.145,1.481
1791428503.0312517,0.5695,0.4302,0.7538,0.4998,0.7538,0.7538,0.8030,0.2991,0.7006,0.4302,0.4998,0.4998,0.5695,0.0410,0.0942,0.0737,0.0410,0.6720,0.8015,,0.1295,,41.87,,146.6,165.6,1.210,0.145,1.529
1791428503.064971,0.4998,0.7538,0.5695,0.5695,0.5695,0.6350,0.8030,0.4302,0.4998,0.6350,0.4998,0.3646,0.3646,0.0574,0.0246,0.0574,0.0574,0.6640,0.7980,,0.1340,,41.94,,147.0,165.6,1.157,0.145,1.540
1791428503.098269,0.5695,0.5695,0.3646,0.5695,0.6350,0.7538,0.7006,0.2991,0.5695,0.3646,0.1557,0.4302,0.3646,0.0942,0.0369,0.0737,0.0410,0.6630,0.7970,,0.1340,,42.20,,146.8,166.5,1.117,0.145,1.502
1791428503.1308374,0.4998,0.4998,0.4302,0.4302,0.7006,0.6350,0.7006,0.4998,0.7006,0.4302,0.4302,0.4302,0.2991,0.0410,0.0737,0.0574,0.0574,0.6720,0.7960,,0.1240,,42.30,,146.6,166.3,,0.143,1.404
1791428503.1651466,0.6350,0.7538,0.7006,0.7006,0.7538,0.3646,0.6350,0.3646,0.5695,0.5695,0.4302,0.4998,0.4302,0.0942,0.0246,0.0737,0.0942,0.6640,0.7960,,0.1320,,42.03,,147.4,166.1,1.189,0.145,1.563
1791428503.2040644,0.5695,0.8030,0.3646,0.4302,0.7006,0.7006,0.5695,0.4302,0.7538,0.3646,0.4302,0.4302,0.4998,0.0942,0.0246,0.0737,0.0410,0.6630,0.7995,,0.1365,,42.15,,147.1,166.3,1.210,0.145,1.533
1791428503.236073,0.4302,0.7006,0.4998,0.4998,0.5695,0.6350,0.7006,0.5695,0.7538,0.7006,0.5695,0.4998,0.4302,0.0737,0.0574,0.0737,0.0737,0.6720,0.7995,,0.1275,,41.86,,147.0,166.2,1.254,0.146,1.616
1791428503.267006,0.3646,0.4998,0.7006,0.4302,0.7538,0.5695,0.8030,0.4302,0.6350,0.4302,0.2458,0.4302,0.4998,0.0942,0.0410,0.1557,0.1229,0.6630,0.7975,,0.1345,,41.93,,146.9,166.0,1.152,0.146,1.510
1791428503.2989542,0.7006,0.6350,0.8030,0.6350,0.7538,0.5695,0.7538,0.5695,0.5695,0.6350,0.4302,0.4302,0.4302,0.1557,0.0574,0.0942,0.1229,0.6640,0.7990,,0.1350,,42.16,,148.2,165.9,1.167,0.146,1.508
1791428503.331808,0.4302,0.7538,0.7538,0.6350,0.7006,0.7006,0.7006,0.4998,0.7006,0.4998,0.4998,0.4302,0.3646,0.0574,0.0410,0.0410,0.0574,0.6640,0.8045,,0.1405,,42.20,,148.0,166.6,1.257,0.148,1.674
1791428503.3655262,0.5695,0.6350,0.6350,0.7538,0.7006,0.6350,0.6350,0.4998,0.7006,0.5695,0.2991,0.3646,0.3646,0.0942,0.0164,0.0737,0.0942,0.6640,0.7985,,0.1345,,41.96,,147.7,166.9,1.149,0.149,1.545
1791428503.3985944,0.6350,0.6350,0.7006,0.4998,0.7538,0.6350,0.8030,0.4302,0.5695,0.4998,0.3646,0.4302,0.4998,0.0737,0.0410,0.0574,0.0574,0.6660,0.8015,,0.1355,,42.43,,148.0,167.6,1.090,0.147,1.476
1791428503.4319003,0.5695,0.4302,0.6350,0.4302,0.5695,0.4998,0.4998,0.3646,0.7006,0.5695,0.2458,0.3646,0.2458,0.0737,0.0574,0.0942,0.0942,0.6640,0.8000,,0.1360,,42.09,,148.3,167.2,,0.149,1.634
1791428503.4735894,0.4302,0.5695,0.5695,0.3646,0.6350,0.7006,0.5695,0.3646,0.8440,0.3646,0.5695,0.4302,0.4998,0.0942,0.0410,0.1229,0.1229,0.6680,0.8015,,0.1335,,42.24,,148.6,166.7,1.159,0.148,1.549
1791428503.5049703,0.4998,0.4302,0.7006,0.5695,0.8030,0.7538,0.8030,0.3646,0.5695,0.6350,0.3646,0.4998,0.4302,0.0737,0.0164,0.0737,0.0574,0.6630,0.8040,,0.1410,,42.41,,148.8,166.6,1.288,0.149,1.689
1791428503.537258,0.5695,0.4302,0.7006,0.4998,0.6350,0.6350,0.8030,0.4302,0.8030,0.4302,0.3646,0.4302,0.4302,0.0574,0.0410,0.0369,0.0410,0.6690,0.8060,,0.1370,,42.61,,148.7,167.4,1.168,0.148,1.535
1791428503.569007,0.7006,0.4302,0.6350,0.6350,0.5695,0.6350,0.7006,0.3646,0.7538,0.4998,0.5695,0.4302,0.4302,0.0942,0.0369,0.0410,0.1229,0.6630,0.8025,,0.1395,,42.85,,149.3,168.0,1.154,0.147,1.549
1791428503.5998616,0.5695,0.3646,0.8767,0.4998,0.6350,0.6350,0.8030,0.4302,0.8440,0.4998,0.4998,0.4998,0.4998,0.1229,0.0205,0.0737,0.0410,0.6630,0.7995,,0.1365,,42.64,,149.1,167.6,1.135,0.148,1.509
1791428503.6327207,0.5695,0.3646,0.6350,0.6350,0.6350,0.6350,0.7006,0.4302,0.8767,0.4302,0.4998,0.3646,0.4302,0.0942,0.0574,0.1229,0.0942,0.6640,0.7990,,0.1350,,42.73,,149.2,167.2,1.147,0.148,1.545
1791428503.665849,0.7006,0.5695,0.9259,0.4998,0.7006,0.6350,0.7538,0.4998,0.7538,0.3646,0.5695,0.4998,0.4302,0.1557,0.0246,0.1229,0.0410,0.6710,0.8025,,0.1315,,42.27,,148.5,167.8,1.117,0.149,1.545
1791428503.6998396,0.7006,0.6350,0.9054,0.5695,0.7538,0.7538,0.7538,0.4302,0.7538,0.4998,0.4302,0.4302,0.4302,0.0737,0.0205,0.0737,0.0574,0.6680,0.8040,,0.1360,,42.59,,148.6,168.3,1.193,0.147,1.599
1791428503.7325397,0.5695,0.7538,0.8030,0.4998,0.6350,0.7006,0.5695,0.4998,0.7538,0.4302,0.4302,0.4998,0.4302,0.1229,0.0164,0.0737,0.0574,0.6640,0.8000,,0.1360,,42.09,,148.0,168.6,1.177,0.150,1.640
1791428503.7654812,0.6350,0.3646,0.7006,0.6350,0.6350,0.4302,0.8030,0.7006,0.6350,0.4302,0.1966,0.4302,0.4302,0.1229,0.0369,0.0737,0.0737,0.6640,0.8050,,0.1410,,42.51,,147.8,169.4,1.133,0.149,1.524
1791428503.8071349,0.6350,0.4302,0.9423,0.5695,0.6350,0.6350,0.7538,0.4302,0.6350,0.3646,0.4302,0.4302,0.4998,0.1229,0.0410,0.1557,0.1229,0.6640,0.8025,,0.1385,,42.35,,147.6,169.4,1.283,0.150,1.660
1791428503.8387117,0.7006,0.4998,0.8030,0.7006,0.7538,0.7006,0.8440,0.4302,0.5695,0.3646,0.5695,0.5695,0.4998,0.0942,0.0942,0.0574,0.0369,0.6640,0.8035,,0.1395,,42.46,,147.2,169.6,1.197,0.150,1.565
1791428503.87051,0.4302,0.7006,0.9423,0.6350,0.6350,0.7006,0.7006,0.5695,0.8030,0.3646,0.4302,0.4302,0.4998,0.1557,0.0574,0.1229,0.1229,0.6640,0.8050,,0.1410,,43.20,,147.6,169.2,1.212,0.147,1.532
1791428503.9016953,0.4302,0.5695,0.8767,0.6350,0.6350,0.5695,0.5695,0.4302,0.7538,0.2991,0.4302,0.4302,0.4302,0.1229,0.0574,0.0942,0.0942,0.6760,0.8005,,0.1245,,42.73,,148.2,168.6,1.152,0.147,1.937
1791428503.93402,0.7006,0.7006,0.6350,0.4998,0.4998,0.7006,0.7006,0.3646,0.6350,0.5695,0.4302,0.3646,0.4998,0.0942,0.0410,0.1229,0.0574,0.6640,0.7955,,0.1315,,42.84,,147.5,168.7,1.101,0.145,1.472
1791428503.9665692,0.4302,0.2991,0.8030,0.4302,0.5695,0.6350,0.5695,0.4998,0.6350,0.4302,0.1966,0.3646,0.4302,0.0942,0.0246,0.1229,0.0574,0.6710,0.8080,,0.1370,,44.12,,147.7,168.4,1.119,0.139,1.446
1791428503.9996865,0.6350,0.7006,0.7538,0.4998,0.6350,0.7006,0.8030,0.5695,0.7538,0.3646,0.2991,0.4302,0.4998,0.1229,0.0369,0.0942,0.0574,0.6690,0.8025,,0.1335,,44.43,,147.4,168.4,1.162,0.138,1.478
1791428504.033164,0.4998,0.5695,0.4302,0.4302,0.8440,0.6350,0.7006,0.4302,0.8030,0.4302,0.4998,0.4302,0.2991,0.1229,0.0737,0.0737,0.0942,0.6720,0.8055,,0.1335,,44.10,,147.1,168.4,,0.139,1.605
1791428504.066457,0.4302,0.4302,0.6350,0.5695,0.6350,0.7006,0.6350,0.4302,0.7006,0.4302,0.2991,0.4302,0.4302,0.0737,0.0737,0.0737,0.0942,0.6740,0.8020,,0.1280,,44.73,,147.3,168.0,1.181,0.134,1.452
1791428504.0994878,0.7006,0.5695,0.5695,0.6350,0.8030,0.5695,0.6350,0.6350,0.8030,0.4998,0.5695,0.3646,0.2458,0.0369,0.0574,0.0574,0.0942,0.6760,0.8030,,0.1270,,44.50,,147.8,167.7,,0.134,1.647
1791428504.1404848,0.4998,0.3646,0.7538,0.4998,0.4998,0.5695,0.4998,0.4998,0.7538,0.4302,0.3646,0.4302,0.3646,0.1557,0.0246,0.0574,0.0410,0.6620,0.8000,,0.1380,,44.83,,148.7,168.0,1.182,0.134,1.555
1791428504.1721344,0.4998,0.4998,0.8030,0.6350,0.4998,0.5695,0.5695,0.4302,0.7006,0.4302,0.4998,0.4302,0.4998,0.2458,0.0410,0.0942,0.0410,0.6730,0.8040,,0.1310,,44.97,,149.5,173.9,1.142,0.133,1.500
1791428504.203706,0.7538,0.4302,0.4998,0.5695,0.7006,0.4302,0.6350,0.4302,0.8030,0.5695,0.2991,0.4998,0.4302,0.1557,0.0246,0.0369,0.1229,0.6700,0.8030,,0.1330,,45.33,,147.7,173.8,1.050,0.131,1.459
1791428504.2361133,0.8440,0.5695,0.8030,0.3646,0.7538,0.7006,0.6350,0.5695,0.8030,0.4998,0.4998,0.4302,0.4998,0.1229,0.0246,0.0737,0.0410,0.6640,0.8015,,0.1375,,45.32,,147.1,172.7,1.324,0.132,1.616
1791428504.266822,0.7006,0.4998,0.8440,0.5695,0.6350,0.5695,0.6350,0.2991,0.8440,0.5695,0.6350,0.4998,0.3646,0.0369,0.0574,0.0942,0.0574,0.6620,0.7965,,0.1345,,44.93,,147.9,171.3,1.120,0.134,1.535
1791428504.3004336,0.8030,0.6350,0.8030,0.5695,0.5695,0.5695,0.7538,0.6350,0.7006,0.4302,0.2458,0.4302,0.2991,0.1229,0.0410,0.1229,0.0737,0.6640,0.8020,,0.1380,,45.92,,148.1,171.5,,0.130,1.529
1791428504.334361,0.8440,0.7006,0.9423,0.5695,0.5695,0.7538,0.7538,0.4998,0.6350,0.1557,0.3646,0.3646,0.3646,0.0942,0.0369,0.0574,0.0369,0.6630,0.8020,,0.1390,,46.35,,147.4,170.0,1.093,0.129,1.783
1791428504.366279,0.8440,0.6350,0.8030,0.7006,0.4998,0.7006,0.7006,0.5695,0.7538,0.3646,0.4302,0.4302,0.3646,0.0737,0.0369,0.0942,0.0737,0.6610,0.8025,,0.1415,,46.27,,146.6,169.1,1.095,0.131,1.508
1791428504.3994403,0.8030,0.4302,0.7538,0.5695,0.5695,0.4998,0.6350,0.3646,0.6350,0.4998,0.4302,0.4998,0.3646,0.1229,0.0574,0.0574,0.0369,0.6700,0.7975,,0.1275,,46.13,,147.7,169.0,1.117,0.130,1.509
1791428504.4329643,0.4998,0.6350,0.8030,0.4998,0.5695,0.7538,0.7538,0.4998,0.6350,0.4998,0.2991,0.4302,0.3646,0.0942,0.0410,0.0737,0.0410,0.6730,0.8010,,0.1280,,46.04,,149.1,169.4,1.174,0.129,1.503
1791428504.4728658,0.3646,0.7006,0.8767,0.4998,0.4998,0.6350,0.8030,0.5695,0.7006,0.4302,0.5695,0.4998,0.4302,0.1229,0.0246,0.0942,0.0737,0.6600,0.8005,,0.1405,,46.51,,148.5,168.6,1.177,0.128,1.580
1791428504.5048974,0.7538,0.7538,0.8767,0.4998,0.6350,0.5695,0.8030,0.5695,0.5695,0.3646,0.1966,0.4302,0.2458,0.0942,0.0246,0.0737,0.0410,0.6630,0.8055,,0.1425,,47.31,,147.9,169.4,,0.126,1.435
1791428504.53728,0.5695,0.6350,0.8767,0.5695,0.4998,0.6350,0.8767,0.5695,0.8030,0.4998,0.5695,0.4302,0.3646,0.0942,0.1229,0.0737,0.0737,0.6700,0.8045,,0.1345,,47.65,,148.3,168.6,1.142,0.124,1.503
1791428504.568429,0.7006,0.3646,0.9423,0.6350,0.6350,0.7006,0.7538,0.4998,0.6350,0.4998,0.2991,0.4302,0.4302,0.1557,0.0942,0.1229,0.0574,0.6640,0.8010,,0.1370,,48.12,,148.5,168.0,1.142,0.122,1.493
1791428504.6008623,0.7006,0.6350,0.8030,0.4998,0.7006,0.6350,0.8767,0.6350,0.7006,0.3646,0.4302,0.4302,0.4998,0.0369,0.1229,0.1966,0.0942,0.6700,0.8005,,0.1305,,48.05,,148.4,167.1,1.128,0.121,1.437
1791428504.6326556,0.7538,0.4998,0.9259,0.6350,0.6350,0.7006,0.7006,0.4302,0.7538,0.4998,0.4302,0.4302,0.3646,0.1229,0.0942,0.1229,0.0942,0.6640,0.8045,,0.1405,,48.88,,148.8,167.0,1.086,0.119,1.394
1791428504.6670296,0.7006,0.8030,0.8440,0.7006,0.5695,0.6350,0.7538,0.6350,0.6350,0.5695,0.1557,0.4302,0.2991,0.0737,0.0410,0.0942,0.0574,0.6630,0.8010,,0.1380,,49.14,,148.5,166.5,,0.118,1.420
1791428504.702056,0.7006,0.7006,0.8030,0.5695,0.7006,0.7006,0.8767,0.2991,0.7006,0.4302,0.1966,0.4302,0.4302,0.0369,0.0737,0.1557,0.0942,0.6630,0.7995,,0.1365,,48.89,,148.6,166.3,1.153,0.119,1.460
1791428504.7342367,0.7006,0.6350,0.7538,0.6350,0.6350,0.6350,0.7006,0.3646,0.6350,0.4998,0.6350,0.4998,0.4302,0.1229,0.0205,0.1557,0.0369,0.6620,0.8010,,0.1390,,48.93,,148.6,166.3,1.179,0.119,1.509
1791428504.7749615,0.5695,0.4302,0.5695,0.4302,0.6350,0.6350,0.8030,0.5695,0.7006,0.3646,0.3646,0.3646,0.4302,0.1557,0.0246,0.0574,0.0574,0.6690,0.8000,,0.1310,,48.94,,147.9,167.2,1.088,0.118,1.430
1791428504.8067875,0.4302,0.7006,0.8030,0.6350,0.5695,0.7006,0.8030,0.5695,0.8767,0.2991,0.4302,0.4302,0.4302,0.1557,0.0205,0.1557,0.0369,0.6630,0.8030,,0.1400,,49.05,,148.6,166.7,1.207,0.119,1.909
1791428504.8392518,0.7538,0.8767,0.8767,0.2991,0.7006,0.6350,0.7006,0.5695,0.5695,0.4302,0.2991,0.2991,0.4998,0.0942,0.0410,0.0737,0.0164,0.6690,0.8030,,0.1340,,48.62,,148.2,167.7,,0.120,1.550
1791428504.871565,0.6350,0.7006,0.8440,0.7006,0.5695,0.6350,0.8030,0.3646,0.8767,0.2991,0.5695,0.4302,0.3646,0.1557,0.0369,0.1229,0.0574,0.6630,0.8045,,0.1415,,49.65,,149.1,166.9,1.102,0.117,1.771
1791428504.9024715,0.8030,0.3646,0.7538,0.6350,0.5695,0.7006,0.7538,0.4998,0.5695,0.4998,0.4998,0.3646,0.3646,0.0942,0.0737,0.1229,0.0574,0.6630,0.8015,,0.1385,,49.36,,148.4,166.9,1.166,0.118,1.512
1791428504.9342072,0.6350,0.5695,0.8440,0.5695,0.7006,0.6350,0.7538,0.4998,0.8030,0.4998,0.2991,0.4998,0.4302,0.0737,0.1229,0.0737,0.0574,0.6640,0.8060,,0.1420,,49.94,,148.0,166.6,1.205,0.116,1.502
1791428504.9672077,0.5695,0.5695,0.8767,0.5695,0.5695,0.5695,0.6350,0.4998,0.8030,0.4998,0.5695,0.3646,0.2991,0.0942,0.0942,0.1229,0.0737,0.6740,0.7990,,0.1250,,49.46,,148.6,167.2,,0.116,1.428
1791428505.0005999,0.6350,0.4302,0.9259,0.5695,0.7006,0.6350,0.7538,0.6350,0.6350,0.4302,0.4302,0.4302,0.3646,0.0942,0.0410,0.0942,0.0410,0.6690,0.8015,,0.1325,,49.09,,148.2,167.4,1.177,0.117,1.503
1791428505.034819,0.8030,0.5695,0.7006,0.6350,0.5695,0.7006,0.4998,0.4998,0.6350,0.5695,0.2991,0.4302,0.3646,0.0942,0.0942,0.0737,0.0369,0.6640,0.7975,,0.1335,,49.51,,147.5,166.9,1.053,0.115,1.346
1791428505.0669944,0.7538,0.7006,0.8767,0.5695,0.4998,0.7006,0.7006,0.6350,0.7538,0.3646,0.3646,0.4302,0.4302,0.0574,0.0574,0.0574,0.0737,0.6710,0.8040,,0.1330,,49.65,,147.4,166.7,1.121,0.114,1.408
1791428505.1009107,0.7538,0.4998,0.8030,0.5695,0.7006,0.4998,0.7006,0.5695,0.7538,0.4998,0.2991,0.4302,0.4302,0.0737,0.0410,0.0942,0.0369,0.6640,0.8005,,0.1365,,49.44,,147.1,166.7,1.150,0.115,1.431
1791428505.140559,0.6350,0.5695,0.9259,0.6350,0.5695,0.4998,0.6350,0.4998,0.6350,0.5695,0.4302,0.3646,0.2991,0.0737,0.0369,0.0737,0.1229,0.6740,0.7835,,0.1095,,48.54,,140.5,166.3,,0.115,1.365
1791428505.1724348,0.2991,0.6350,0.8440,0.4998,0.4998,0.7006,0.7006,0.4998,0.6350,0.3646,0.4302,0.4302,0.3646,0.0942,0.0574,0.2458,0.0737,,0.8010,,,,48.54,,141.8,165.7,1.134,0.115,
1791428505.2036574,0.5695,0.6350,0.7538,0.5695,0.6350,0.7538,0.6350,0.5695,0.7538,0.4998,0.4998,0.4998,0.4302,0.0737,0.0410,0.0942,0.0574,0.6630,0.7980,,0.1350,,48.49,,143.5,165.6,1.150,0.116,1.462
1791428505.236101,0.7006,0.5695,0.6350,0.4302,0.7006,0.7006,0.8030,0.4302,0.7006,0.5695,0.3646,0.4998,0.3646,0.0410,0.0574,0.0942,0.0737,0.6720,0.7975,,0.1255,,48.32,,146.2,165.2,1.135,0.116,1.429
1791428505.2677548,0.7538,0.6350,0.4998,0.5695,0.6350,0.6350,0.8440,0.7006,0.7006,0.5695,0.3646,0.4998,0.4998,0.0737,0.0574,0.0369,0.0369,0.6710,0.8030,,0.1320,,48.47,,146.0,165.9,1.135,0.115,1.490
1791428505.3009875,0.4998,0.4302,0.7006,0.3646,0.5695,0.6350,0.8030,0.5695,0.6350,0.2991,0.4302,0.3646,0.3646,0.1229,0.0737,0.0942,0.0737,0.6630,0.7985,,0.1355,,48.21,,145.9,165.7,1.154,0.117,1.902
1791428505.3343668,0.3646,0.5695,0.7006,0.5695,0.7006,0.6350,0.8440,0.4302,0.8030,0.3646,0.4998,0.4998,0.3646,0.1229,0.0737,0.0737,0.0737,0.6690,0.8060,,0.1370,,48.47,,145.4,166.1,1.035,0.117,1.328
1791428505.3677473,0.4998,0.3646,0.6350,0.6350,0.7538,0.5695,0.7538,0.3646,0.5695,0.5695,0.3646,0.4302,0.3646,0.0369,0.0942,0.1229,0.0737,0.6610,0.8035,,0.1425,,49.01,,146.2,165.9,1.129,0.117,1.464
1791428505.4012706,0.4302,0.5695,0.7006,0.6350,0.6350,0.6350,0.8440,0.5695,0.7006,0.4998,0.5695,0.4302,0.3646,0.0737,0.0246,0.1229,0.1557,0.6640,0.8020,,0.1380,,49.18,,145.6,165.4,1.149,0.117,1.444
1791428505.4412293,0.7538,0.3646,0.6350,0.4998,0.4998,0.7006,0.7006,0.5695,0.7006,0.5695,0.1966,0.4998,0.3646,0.1229,0.0574,0.0737,0.1557,0.6710,0.8015,,0.1305,,48.90,,145.9,165.2,1.135,0.117,1.436
1791428505.4747593,0.8030,0.3646,0.6350,0.4998,0.7006,0.6350,0.5695,0.4998,0.7538,0.2991,0.4998,0.5695,0.4998,0.0737,0.0574,0.2458,0.1229,0.6630,0.8010,,0.1380,,49.11,,146.3,165.7,1.103,0.117,1.795
1791428505.5061336,0.5695,0.3646,0.7538,0.3646,0.6350,0.7006,0.8030,0.5695,0.5695,0.4302,0.4302,0.4302,0.3646,0.0737,0.0574,0.1557,0.0942,0.6720,0.7995,,0.1275,,48.58,,146.3,165.7,1.196,0.118,1.528
1791428505.537206,0.9259,0.6350,0.7538,0.3646,0.4998,0.7006,0.8030,0.4998,0.7538,0.4998,0.4998,0.3646,0.4302,0.0737,0.0574,0.0942,0.0574,0.6630,0.7990,,0.1360,,48.76,,146.8,165.3,1.150,0.117,1.453
1791428505.5679722,0.7538,0.4998,0.8767,0.5695,0.4998,0.7538,0.7538,0.3646,0.8440,0.3646,0.5695,0.4302,0.4302,0.0942,0.0205,0.0942,0.0737,0.6690,0.7985,,0.1295,,48.74,,146.4,165.3,1.068,0.117,1.404
1791428505.6010396,0.4998,0.3646,0.7006,0.6350,0.4998,0.6350,0.8030,0.6350,0.8030,0.3646,0.4302,0.2991,0.3646,0.0942,0.0574,0.1966,0.1229,0.6630,0.7985,,0.1355,,49.03,,146.4,165.4,,0.116,1.455
1791428505.6351717,0.8030,0.7006,0.8030,0.3646,0.6350,0.4998,0.7538,0.4302,0.7006,0.3646,0.4998,0.3646,0.3646,0.1229,0.0369,0.1966,0.0574,0.6620,0.8015,,0.1395,,48.94,,147.1,165.6,1.193,0.117,1.543
1791428505.667669,0.6350,0.7006,0.7006,0.5695,0.7538,0.6350,0.7538,0.3646,0.8030,0.4998,0.2458,0.4302,0.4302,0.0737,0.0410,0.0942,0.1229,0.6690,0.7990,,0.1300,,48.68,,147.8,165.6,1.079,0.118,1.434
1791428505.701963,0.7538,0.6350,0.4302,0.5695,0.8030,0.7538,0.7538,0.4302,0.7006,0.3646,0.2458,0.3646,0.4302,0.0369,0.0574,0.1229,0.1229,0.6720,0.8000,,0.1280,,48.27,,147.6,166.0,1.154,0.118,1.487
1791428505.744916,0.7538,0.5695,0.5695,0.4302,0.8030,0.6350,0.6350,0.4302,0.6350,0.4998,0.2991,0.3646,0.4302,0.1229,0.0574,0.0737,0.0942,0.6630,0.8000,,0.1370,,48.37,,148.4,165.8,1.137,0.119,1.482
1791428505.7759652,0.5695,0.4998,0.8767,0.3646,0.4998,0.6350,0.6350,0.6350,0.8030,0.4998,0.2991,0.3646,0.3646,0.2991,0.0942,0.0737,0.0737,0.6630,0.7985,,0.1355,,48.32,,149.3,165.5,1.106,0.119,1.502
1791428505.8072157,0.6350,0.7538,0.5695,0.4998,0.6350,0.5695,0.7538,0.4998,0.6350,0.4302,0.3646,0.4998,0.3646,0.1557,0.0410,0.1229,0.1229,0.6710,0.7975,,0.1265,,48.48,,148.8,165.0,1.074,0.117,1.427
1791428505.8380628,0.8030,0.4998,0.6350,0.4998,0.7006,0.7006,0.7006,0.2991,0.6350,0.2991,0.3646,0.4302,0.4302,0.0942,0.0410,0.0942,0.1229,0.6680,0.7955,,0.1275,,48.38,,149.3,165.0,1.124,0.117,1.885
1791428505.8706076,0.4998,0.4998,0.4998,0.7006,0.5695,0.6350,0.7006,0.4302,0.7006,0.4302,0.4998,0.4302,0.2991,0.0942,0.0737,0.1229,0.1229,0.6630,0.8010,,0.1380,,48.33,,148.5,165.4,,0.118,1.421
1791428505.9021552,0.7006,0.6350,0.7006,0.4302,0.4998,0.7538,0.7538,0.4998,0.8440,0.4302,0.4302,0.4302,0.4302,0.0737,0.0205,0.0942,0.0574,0.6710,0.8000,,0.1290,,48.04,,149.1,165.4,1.188,0.119,1.549
1791428505.9346747,0.4302,0.4998,0.7006,0.4998,0.6350,0.6350,0.6350,0.4302,0.7006,0.4302,0.4998,0.4302,0.4302,0.0737,0.0737,0.0737,0.0574,0.6730,0.7990,,0.1260,,47.70,,148.8,165.6,1.140,0.119,1.460
1791428505.9680262,0.7006,0.6350,0.5695,0.5695,0.6350,0.7006,0.8030,0.4302,0.8030,0.4998,0.3646,0.4302,0.4302,0.1229,0.0369,0.0737,0.0942,0.6660,0.8025,,0.1365,,48.28,,149.4,165.5,1.103,0.118,1.412
1791428506.0014052,0.7006,0.7006,0.8767,0.6350,0.5695,0.5695,0.6350,0.6350,0.6350,0.5695,0.3646,0.4302,0.4998,0.0942,0.1229,0.0942,0.0942,0.6680,0.8005,,0.1325,,48.02,,149.2,165.8,1.193,0.119,1.550
1791428506.0353045,0.8030,0.5695,0.7006,0.6350,0.5695,0.7006,0.7006,0.7006,0.6350,0.4302,0.2991,0.2991,0.3646,0.0410,0.0410,0.1229,0.0942,0.6680,0.7930,,0.1250,,47.70,,149.5,165.7,,0.119,1.489
1791428506.0684035,0.6350,0.7006,0.9054,0.4302,0.7538,0.6350,0.7006,0.4998,0.6350,0.4998,0.2458,0.3646,0.2991,0.0737,0.0574,0.0737,0.0942,0.6630,0.8030,,0.1400,,48.04,,148.5,166.3,,0.119,1.526
1791428506.1093538,0.8030,0.8030,0.9259,0.5695,0.7006,0.6350,0.7538,0.4998,0.7006,0.4302,0.3646,0.4302,0.2991,0.0942,0.0123,0.0737,0.0369,0.6740,0.7985,,0.1245,,47.91,,148.3,166.5,,0.118,1.462
1791428506.141205,0.5695,0.7538,0.9054,0.5695,0.7006,0.4998,0.7538,0.4998,0.7006,0.5695,0.4302,0.4302,0.4998,0.0737,0.0205,0.1229,0.0574,0.6730,0.8005,,0.1275,,47.58,,147.6,166.8,1.169,0.119,1.480
1791428506.1729991,0.3646,0.5695,0.8767,0.5695,0.4998,0.5695,0.6350,0.4998,0.6350,0.4302,0.3646,0.3646,0.3646,0.0574,0.0205,0.0410,0.0737,0.6730,0.8030,,0.1300,,47.88,,147.1,168.1,1.150,0.118,1.479
1791428506.2042553,0.5695,0.7006,0.7006,0.4302,0.7006,0.6350,0.8030,0.3646,0.8030,0.4998,0.2458,0.4302,0.4302,0.0410,0.0737,0.1557,0.0737,0.6740,0.8010,,0.1270,,48.28,,147.5,167.8,1.044,0.116,1.348
1791428506.2355669,0.4302,0.3646,0.7538,0.6350,0.4998,0.7006,0.8440,0.4998,0.7538,0.3646,0.3646,0.2991,0.2991,0.0942,0.1229,0.1229,0.1557,0.6730,0.7990,,0.1260,,47.77,,148.7,167.8,,0.117,1.502
1791428506.2695966,0.7538,0.7538,0.9423,0.4998,0.6350,0.5695,0.7538,0.3646,0.5695,0.1966,0.4998,0.4302,0.4302,0.1557,0.0246,0.0942,0.1557,0.6690,0.7980,,0.1290,,47.70,,149.2,167.4,1.187,0.117,1.896
1791428506.302624,0.6350,0.3646,0.7538,0.5695,0.7006,0.7006,0.7006,0.4302,0.7538,0.5695,0.3646,0.3646,0.4998,0.0942,0.0574,0.0942,0.0737,0.6690,0.7940,,0.1250,,47.94,,148.7,173.8,1.033,0.116,1.323
1791428506.3347428,0.4998,0.4998,0.8030,0.4998,0.4998,0.4998,0.8030,0.4302,0.5695,0.4302,0.2991,0.3646,0.3646,0.0737,0.0410,0.0737,0.0942,0.6740,0.7980,,0.1240,,47.62,,148.8,173.6,1.105,0.116,1.471
1791428506.3686411,0.6350,0.5695,0.9423,0.5695,0.6350,0.7006,0.7538,0.2991,0.8030,0.4302,0.5695,0.4302,0.3646,0.0369,0.0369,0.1229,0.0942,0.6740,0.7995,,0.1255,,47.63,,149.5,172.2,1.073,0.116,1.375
1791428506.4095163,0.7006,0.4998,0.9423,0.7006,0.4302,0.6350,0.7538,0.3646,0.4302,0.3646,0.4302,0.4302,0.3646,0.1229,0.0205,0.1229,0.0737,0.6690,0.7965,,0.1275,,47.49,,148.9,171.7,1.167,0.116,1.456
1791428506.4412794,0.5695,0.5695,0.8767,0.3646,0.7006,0.6350,0.8440,0.7006,0.7538,0.3646,0.1966,0.3646,0.3646,0.0737,0.0737,0.1966,0.1229,0.6750,0.7940,,0.1190,,46.90,,149.1,170.7,1.067,0.117,1.435
1791428506.4719386,0.7006,0.7006,0.9423,0.5695,0.6350,0.6350,0.7538,0.4302,0.7538,0.4998,0.3646,0.3646,0.3646,0.1229,0.0410,0.0737,0.0737,0.6730,0.7930,,0.1200,,46.57,,148.6,170.3,1.093,0.118,1.469
1791428506.5039518,0.4998,0.5695,0.9054,0.5695,0.6350,0.8030,0.8030,0.4998,0.7006,0.3646,0.3646,0.3646,0.4302,0.1557,0.0205,0.1557,0.1557,0.6750,0.8045,,0.1295,,46.59,,149.1,169.4,1.211,0.119,1.572
1791428506.5358896,0.5695,0.6350,0.9054,0.5695,0.7006,0.5695,0.5695,0.4302,0.7006,0.3646,0.4302,0.3646,0.2991,0.1966,0.0574,0.1966,0.0942,0.6690,0.8010,,0.1320,,47.35,,148.7,168.7,,0.117,1.470
1791428506.5689116,0.4302,0.7006,0.7538,0.4998,0.6350,0.4302,0.7538,0.6350,0.7538,0.4302,0.4998,0.3646,0.4302,0.0942,0.0737,0.0737,0.1229,0.6730,0.7995,,0.1265,,46.89,,147.5,167.7,1.128,0.119,1.483
1791428506.6036527,0.4998,0.6350,0.7538,0.6350,0.5695,0.6350,0.7538,0.4302,0.6350,0.2991,0.1966,0.4302,0.2991,0.0369,0.0246,0.0942,0.0942,0.6730,0.8010,,0.1280,,47.15,,147.5,167.3,,0.118,
1791428506.6354527,0.6350,0.6350,0.9054,0.4998,0.5695,0.6350,0.7538,0.4998,0.7006,0.4998,0.2991,0.4998,0.3646,0.0942,0.0369,0.1557,0.0410,0.6750,0.7975,,0.1225,,46.41,,148.3,167.5,1.172,0.120,1.523
1791428506.669003,0.4302,0.4998,0.5695,0.7006,0.5695,0.6350,0.7006,0.4998,0.7006,0.5695,0.3646,0.4302,0.3646,0.0942,0.0410,0.0942,0.1229,0.6750,0.7965,,0.1215,,46.37,,148.3,166.7,1.111,0.119,1.427
1791428506.7027466,0.5695,0.4998,0.7538,0.4998,0.5695,0.4998,0.7538,0.4998,0.7538,0.4998,0.2991,0.3646,0.2991,0.0737,0.0737,0.1229,0.0942,0.6750,0.8015,,0.1265,,46.66,,149.3,167.0,,0.118,1.410
1791428506.742949,0.5695,0.4998,0.8030,0.5695,0.7006,0.6350,0.6350,0.3646,0.7538,0.3646,0.4302,0.3646,0.3646,0.1557,0.0246,0.1229,0.1229,0.6630,0.7995,,0.1365,,47.05,,149.7,166.6,1.131,0.119,1.529
1791428506.773959,0.6350,0.4998,0.8440,0.5695,0.7006,0.7006,0.7538,0.5695,0.7006,0.4302,0.3646,0.4302,0.3646,0.0410,0.0942,0.1557,0.1229,0.6740,0.7970,,0.1230,,46.58,,149.2,165.6,1.087,0.120,1.448
1791428506.8059876,0.5695,0.7006,0.8030,0.4998,0.4302,0.7006,0.7538,0.5695,0.6350,0.4302,0.2458,0.2991,0.3646,0.0737,0.0737,0.0574,0.0737,0.6750,0.8005,,0.1255,,46.87,,149.2,165.6,,0.118,1.454
1791428506.8380995,0.6350,0.7538,0.7538,0.7006,0.7006,0.7006,0.6350,0.7006,0.5695,0.4998,0.3646,0.4302,0.4302,0.0942,0.0942,0.0942,0.0942,0.6710,0.7965,,0.1255,,46.98,,149.8,165.8,1.129,0.118,1.482
1791428506.8699496,0.5695,0.6350,0.9259,0.6350,0.4998,0.7006,0.7006,0.4998,0.6350,0.4998,0.4998,0.3646,0.3646,0.0942,0.0369,0.0942,0.0942,0.6730,0.7990,,0.1260,,47.50,,150.1,165.6,1.103,0.116,1.436
1791428506.9023552,0.4998,0.5695,0.9054,0.6350,0.4302,0.6350,0.7538,0.5695,0.8767,0.4302,0.4998,0.3646,0.3646,0.1229,0.1229,0.0942,0.0574,0.6710,0.7960,,0.1250,,47.24,,150.0,165.7,1.109,0.117,1.454
1791428506.935761,0.5695,0.8440,0.9054,0.7538,0.5695,0.4998,0.8030,0.4998,0.7006,0.4998,0.3646,0.3646,0.2458,0.1229,0.0410,0.1557,0.0737,0.6680,0.7985,,0.1305,,46.61,,150.0,166.1,,0.120,1.579
1791428506.9691403,0.6350,0.5695,0.8767,0.5695,0.6350,0.4998,0.4998,0.6350,0.7538,0.3646,0.2458,0.4302,0.4998,0.0369,0.0410,0.1229,0.0942,0.6750,0.7975,,0.1225,,46.09,,149.2,166.4,1.048,0.121,1.419
1791428507.0028608,0.4302,0.5695,0.7006,0.4302,0.7538,0.7006,0.7538,0.4302,0.5695,0.2991,0.4302,0.3646,0.4998,0.0737,0.1229,0.1557,0.0737,0.6740,0.8000,,0.1260,,46.20,,150.3,165.9,1.123,0.121,1.958
1791428507.0359027,0.6350,0.6350,0.8767,0.4302,0.5695,0.6350,0.8030,0.5695,0.7006,0.5695,0.2991,0.4302,0.4302,0.1557,0.0942,0.0942,0.0942,0.6740,0.7985,,0.1245,,46.06,,149.7,165.7,1.115,0.121,1.443
1791428507.0760348,0.3646,0.7006,0.9054,0.5695,0.4998,0.4998,0.7538,0.4998,0.7006,0.4302,0.4998,0.4302,0.2991,0.0737,0.0574,0.0737,0.0737,0.6710,0.8020,,0.1310,,46.52,,148.8,166.3,,0.120,1.524
1791428507.1083152,0.4302,0.7006,0.6350,0.4302,0.5695,0.6350,0.6350,0.4998,0.7006,0.3646,0.3646,0.3646,0.2991,0.1229,0.0574,0.1557,0.0942,0.6740,0.7985,,0.1245,,46.94,,149.2,165.7,,0.118,1.397
1791428507.1396832,0.6350,0.4302,0.8030,0.4302,0.6350,0.7006,0.8440,0.5695,0.8440,0.3646,0.3646,0.4302,0.4998,0.0737,0.0737,0.1557,0.1229,0.6730,0.7960,,0.1230,,46.24,,149.4,165.9,1.193,0.120,1.532
1791428507.1718407,0.4302,0.4302,0.9259,0.4998,0.7006,0.5695,0.7006,0.4998,0.7006,0.4302,0.2991,0.3646,0.3646,0.0574,0.0410,0.1966,0.0737,0.6720,0.8025,,0.1305,,46.96,,148.8,165.8,1.137,0.118,1.422
1791428507.2039013,0.5695,0.4998,0.9259,0.4998,0.6350,0.5695,0.7006,0.4998,0.5695,0.4998,0.3646,0.3646,0.2991,0.1229,0.0574,0.1557,0.0737,0.6740,0.7995,,0.1255,,47.25,,148.7,165.5,,0.117,1.413
1791428507.2361248,0.5695,0.4998,0.9259,0.5695,0.5695,0.7538,0.5695,0.5695,0.7538,0.3646,0.2458,0.3646,0.3646,0.0942,0.0574,0.1966,0.1229,0.6710,0.7995,,0.1285,,47.28,,148.8,166.0,1.172,0.117,1.473
1791428507.2697961,0.6350,0.7006,0.7538,0.6350,0.5695,0.7006,0.6350,0.5695,0.7006,0.2991,0.4302,0.4302,0.3646,0.0246,0.0205,0.1229,0.0942,0.6700,0.8025,,0.1325,,47.02,,148.6,166.2,1.161,0.119,1.918
1791428507.3035798,0.4998,0.7538,0.8030,0.5695,0.6350,0.7006,0.8030,0.4302,0.8030,0.4998,0.3646,0.3646,0.2991,0.0942,0.0246,0.1229,0.0737,0.6670,0.7955,,0.1285,,47.94,,149.5,165.7,,0.116,1.360
1791428507.336502,0.5695,0.4998,0.7006,0.7006,0.5695,0.6350,0.7538,0.3646,0.6350,0.4998,0.4998,0.4302,0.4302,0.0410,0.0574,0.0737,0.0737,0.6720,0.8025,,0.1305,,48.06,,148.4,165.8,1.143,0.116,1.450
1791428507.3700864,0.5695,0.7538,0.8440,0.6350,0.5695,0.5695,0.8030,0.3646,0.5695,0.4302,0.2458,0.4302,0.2991,0.0737,0.0942,0.0942,0.0942,0.6740,0.8020,,0.1280,,47.92,,147.3,165.7,,0.116,1.492
1791428507.4101694,0.7006,0.4998,0.9259,0.5695,0.6350,0.5695,0.7006,0.6350,0.6350,0.4302,0.3646,0.3646,0.4302,0.0205,0.0369,0.0246,0.0369,0.6720,0.7985,,0.1265,,47.79,,147.3,166.2,1.188,0.116,1.503
1791428507.4419358,0.6350,0.7538,0.7006,0.6350,0.7006,0.6350,0.8030,0.5695,0.8440,0.1557,0.2991,0.3646,0.4302,0.1557,0.0737,0.0737,0.0737,0.6700,0.7985,,0.1285,,48.17,,145.9,166.0,1.119,0.115,
1791428507.4737098,0.4998,0.6350,0.7006,0.6350,0.5695,0.7006,0.8030,0.4998,0.7006,0.4302,0.2991,0.4998,0.4998,0.1229,0.0574,0.0737,0.0574,0.6650,0.8045,,0.1395,,48.89,,146.5,165.7,1.162,0.114,1.509
1791428507.5052965,0.5695,0.4998,0.8440,0.5695,0.6350,0.4998,0.5695,0.4302,0.6350,0.4302,0.5695,0.4302,0.4998,0.0410,0.0574,0.1557,0.0737,0.6630,0.7990,,0.1360,,49.36,,146.4,164.9,1.102,0.113,1.438
1791428507.5363379,0.6350,0.4302,0.9054,0.6350,0.6350,0.5695,0.8030,0.6350,0.7006,0.4302,0.4302,0.4302,0.4998,0.0737,0.0369,0.0942,0.1557,0.6630,0.7985,,0.1355,,49.45,,146.5,165.3,1.083,0.113,1.424
1791428507.5699625,0.4998,0.5695,0.8030,0.4998,0.6350,0.7538,0.7538,0.3646,0.8030,0.3646,0.5695,0.4998,0.3646,0.1229,0.0369,0.0942,0.0737,0.6630,0.7995,,0.1365,,49.57,,147.1,165.1,1.140,0.113,1.436
1791428507.6036148,0.7006,0.4302,0.8767,0.6350,0.5695,0.6350,0.7006,0.4998,0.7006,0.3646,0.3646,0.4302,0.2991,0.1229,0.0410,0.1229,0.1229,0.6630,0.7970,,0.1340,,49.56,,145.5,164.0,,0.114,1.412
1791428507.6368673,0.4302,0.5695,0.9259,0.5695,0.7538,0.4998,0.7006,0.6350,0.6350,0.3646,0.4302,0.3646,0.2991,0.0942,0.0574,0.1229,0.1557,0.6720,0.8015,,0.1295,,49.65,,146.2,164.1,,0.113,1.410
1791428507.670291,0.5695,0.4998,0.8030,0.6350,0.6350,0.7006,0.7006,0.6350,0.8440,0.4998,0.4998,0.4302,0.3646,0.1229,0.0369,0.1229,0.1229,0.6710,0.7990,,0.1280,,49.35,,146.3,164.6,1.128,0.113,1.430
1791428507.7115712,0.7538,0.4302,0.9054,0.5695,0.5695,0.7006,0.8767,0.4998,0.4998,0.4998,0.4302,0.4302,0.2991,0.0942,0.0369,0.1229,0.0942,0.6720,0.7985,,0.1265,,48.95,,146.5,165.0,,0.114,1.476
1791428507.7450686,0.5695,0.8767,0.9587,0.4998,0.6350,0.4302,0.5695,0.3646,0.3646,0.3646,0.4302,0.4998,0.2458,0.0942,0.0205,0.0942,0.0574,0.6630,0.8000,,0.1370,,49.46,,147.4,164.5,,0.113,1.403
1791428507.7754157,0.5695,0.6350,0.6350,0.6350,0.7006,0.4998,0.8030,0.4302,0.6350,0.5695,0.4998,0.4998,0.4302,0.0737,0.0369,0.0574,0.0737,0.6630,0.8025,,0.1395,,49.56,,146.2,165.6,1.119,0.114,1.457
1791428507.8070228,0.5695,0.7006,0.8767,0.7006,0.7006,0.6350,0.7538,0.4302,0.6350,0.3646,0.2991,0.3646,0.4302,0.0574,0.2458,0.0942,0.0942,0.6710,0.7975,,0.1265,,48.71,,146.4,165.5,1.172,0.116,1.519
1791428507.8387506,0.4302,0.7006,0.8440,0.6350,0.7006,0.7006,0.7538,0.6350,0.8440,0.4998,0.1966,0.4302,0.4302,0.0737,0.0369,0.0574,0.0942,0.6710,0.8025,,0.1315,,49.29,,147.0,165.3,1.094,0.114,1.379
1791428507.8710246,0.7006,0.5695,0.7538,0.6350,0.6350,0.6350,0.7538,0.2991,0.7538,0.4302,0.3646,0.4302,0.3646,0.0410,0.0574,0.1557,0.0737,0.6750,0.8005,,0.1255,,48.93,,146.0,165.9,1.177,0.114,1.500
1791428507.903908,0.5695,0.7006,0.5695,0.5695,0.6350,0.6350,0.8030,0.6350,0.7006,0.3646,0.2991,0.4302,0.4302,0.0737,0.0942,0.1557,0.0942,0.6750,0.7980,,0.1230,,49.31,,147.5,165.3,1.077,0.111,1.377
1791428507.9371612,0.4302,0.6350,0.8030,0.5695,0.5695,0.6350,0.6350,0.4998,0.7538,0.4998,0.5695,0.4302,0.3646,0.0369,0.0737,0.1229,0.0942,0.6710,0.8005,,0.1295,,49.34,,147.6,164.8,1.118,0.111,1.430
1791428507.9700549,0.5695,0.6350,0.9054,0.7006,0.6350,0.7538,0.8440,0.2991,0.7538,0.4302,0.2458,0.3646,0.4302,0.1557,0.0369,0.0737,0.1229,0.6710,0.8005,,0.1295,,48.74,,148.3,164.8,1.185,0.113,1.529
1791428508.004202,0.4998,0.7006,0.8030,0.6350,0.5695,0.4998,0.6350,0.4302,0.6350,0.2458,0.4302,0.3646,0.3646,0.1229,0.0574,0.0942,0.0942,0.6710,0.7990,,0.1280,,48.20,,148.7,164.8,1.190,0.115,1.891
1791428508.0448666,0.6350,0.5695,0.9259,0.5695,0.5695,0.6350,0.7538,0.5695,0.7006,0.3646,0.2458,0.3646,0.4998,0.0942,0.0246,0.0737,0.0942,0.6740,0.8020,,0.1280,,48.28,,148.8,166.0,1.182,0.115,1.478
1791428508.0754895,0.8030,0.5695,0.9054,0.5695,0.5695,0.7538,0.8440,0.4302,0.7538,0.3646,0.4302,0.4302,0.2458,0.1557,0.0737,0.1229,0.0737,0.6630,0.8035,,0.1405,,48.83,,148.2,166.5,,0.115,1.465
1791428508.1067822,0.6350,0.3646,0.7538,0.7006,0.4998,0.6350,0.6350,0.4302,0.7006,0.4998,0.4302,0.4998,0.4302,0.0942,0.0410,0.0737,0.0737,0.6630,0.7985,,0.1355,,48.70,,148.6,165.8,1.212,0.116,1.577
1791428508.139026,0.4998,0.4998,0.7538,0.6350,0.7006,0.7538,0.8030,0.5695,0.5695,0.4302,0.4998,0.4302,0.3646,0.1229,0.0574,0.1229,0.1229,0.6630,0.7975,,0.1345,,48.39,,147.5,165.4,1.154,0.118,1.476
1791428508.1702218,0.6350,0.5695,0.7538,0.6350,0.6350,0.4998,0.7006,0.6350,0.6350,0.3646,0.4302,0.4302,0.3646,0.1229,0.0410,0.0942,0.0737,0.6630,0.7975,,0.1345,,48.53,,147.3,165.3,1.109,0.117,1.418
1791428508.2042997,0.6350,0.5695,0.7006,0.2991,0.8030,0.7006,0.8440,0.6350,0.6350,0.3646,0.2991,0.4302,0.4302,0.0942,0.0737,0.0737,0.0737,0.6710,0.7970,,0.1260,,48.33,,147.8,164.6,1.129,0.117,1.442
1791428508.2376058,0.5695,0.7538,0.7538,0.6350,0.5695,0.7538,0.7006,0.4998,0.7538,0.5695,0.3646,0.4302,0.3646,0.1557,0.0410,0.1229,0.0942,0.6710,0.8015,,0.1305,,48.52,,147.4,164.7,1.177,0.116,1.475
1791428508.2712674,0.4998,0.5695,0.8440,0.7006,0.4998,0.5695,0.7006,0.5695,0.8440,0.4302,0.3646,0.4998,0.4302,0.0574,0.0737,0.0574,0.0574,0.6740,0.8035,,0.1295,,48.89,,148.0,164.7,1.179,0.114,1.464
1791428508.3047411,0.4998,0.7538,0.8030,0.7006,0.5695,0.6350,0.7006,0.4302,0.7006,0.4302,0.4998,0.4998,0.4302,0.1557,0.0369,0.0942,0.0737,0.6710,0.8000,,0.1290,,48.91,,147.8,165.0,1.147,0.114,1.465
1791428508.3440053,0.6350,0.8440,0.7006,0.4302,0.4998,0.6350,0.8440,0.4998,0.6350,0.4302,0.1966,0.2991,0.3646,0.0942,0.0737,0.0942,0.0737,0.6630,0.7965,,0.1335,,48.80,,148.4,164.6,,0.115,1.465
1791428508.375752,0.4302,0.8030,0.8440,0.6350,0.4998,0.6350,0.8767,0.4998,0.6350,0.3646,0.3646,0.4302,0.3646,0.0369,0.0246,0.1229,0.0574,0.6730,0.8005,,0.1275,,49.42,,148.8,164.4,1.054,0.112,1.335
1791428508.407352,0.5695,0.5695,0.9423,0.5695,0.5695,0.7006,0.8030,0.4998,0.5695,0.7006,0.4302,0.4302,0.2991,0.0737,0.0246,0.1557,0.1229,0.6710,0.8035,,0.1325,,49.28,,147.4,164.5,,0.113,1.487
1791428508.4381642,0.4998,0.7006,0.8030,0.6350,0.6350,0.5695,0.7538,0.4302,0.7006,0.2458,0.1966,0.4302,0.4302,0.0942,0.0410,0.1557,0.0942,0.6680,0.8005,,0.1325,,49.06,,147.9,164.4,1.145,0.114,
1791428508.4715748,0.5695,0.7006,0.7006,0.6350,0.4998,0.4998,0.8030,0.3646,0.7006,0.2991,0.4998,0.3646,0.3646,0.1229,0.0737,0.2991,0.0942,0.6630,0.8030,,0.1400,,49.40,,148.5,164.5,1.172,0.114,1.837
1791428508.5046625,0.2458,0.6350,0.7006,0.7538,0.5695,0.5695,0.7538,0.4998,0.6350,0.3646,0.4998,0.3646,0.2458,0.0205,0.0410,0.1229,0.1229,,0.8030,,,,49.40,,148.8,165.3,,0.114,
1791428508.537724,0.7006,0.7006,0.8030,0.6350,0.6350,0.6350,0.8767,0.6350,0.7006,0.4302,0.4302,0.4302,0.4302,0.1229,0.0410,0.0942,0.0942,0.6730,0.7990,,0.1260,,49.26,,147.8,165.9,1.128,0.113,1.427
1791428508.5718465,0.4998,0.6350,0.7538,0.6350,0.7006,0.6350,0.5695,0.5695,0.7006,0.3646,0.4998,0.4302,0.4998,0.0942,0.0369,0.0737,0.0942,0.6630,0.8000,,0.1370,,49.21,,147.9,166.2,1.129,0.114,1.490
1791428508.6133323,0.7006,0.5695,0.9054,0.4998,0.6350,0.5695,0.5695,0.5695,0.7006,0.4302,0.3646,0.4302,0.3646,0.1557,0.0410,0.1966,0.0942,0.6710,0.8025,,0.1315,,48.93,,146.5,164.9,1.048,0.115,1.426
1791428508.644937,0.5695,0.6350,0.8440,0.5695,0.7006,0.6350,0.6350,0.5695,0.7006,0.3646,0.4302,0.3646,0.3646,0.1557,0.0410,0.1229,0.0942,0.6710,0.8045,,0.1335,,49.15,,146.6,164.2,1.134,0.115,1.474
1791428508.6767397,0.4998,0.8440,0.8030,0.6350,0.5695,0.7538,0.8030,0.4998,0.8030,0.2991,0.5695,0.4302,0.3646,0.1229,0.0205,0.1557,0.1229,0.6630,0.8040,,0.1410,,50.52,,146.7,163.9,1.083,0.111,1.700
1791428508.708925,0.4302,0.5695,0.7538,0.4302,0.4302,0.7006,0.7538,0.4998,0.7006,0.3646,0.4998,0.4302,0.3646,0.0942,0.0410,0.0574,0.0574,0.6630,0.8055,,0.1425,,51.51,,146.2,163.5,1.107,0.108,1.360
1791428508.7394636,0.7538,0.4302,0.7538,0.7006,0.8030,0.6350,0.8030,0.4302,0.6350,0.4302,0.2458,0.4998,0.4302,0.0942,0.0737,0.0574,0.0737,0.6630,0.8000,,0.1370,,50.94,,146.2,163.5,1.210,0.110,1.559
1791428508.7716827,0.8030,0.5695,0.7006,0.6350,0.7006,0.5695,0.7538,0.7006,0.8767,0.3646,0.4302,0.4302,0.3646,0.0942,0.0205,0.0737,0.1557,0.6630,0.8020,,0.1390,,50.96,,145.4,164.3,1.095,0.111,1.441
1791428508.8062296,0.7538,0.6350,0.9259,0.7538,0.7006,0.6350,0.8767,0.4302,0.6350,0.6350,0.2458,0.4302,0.4998,0.0737,0.0410,0.0737,0.1229,0.6710,0.7985,,0.1275,,50.68,,145.2,164.2,1.075,0.110,1.360
1791428508.8380089,0.4302,0.7538,0.7006,0.5695,0.4302,0.6350,0.7538,0.3646,0.5695,0.5695,0.4998,0.3646,0.3646,0.0942,0.0369,0.1966,0.0942,0.6630,0.7995,,0.1365,,50.71,,145.6,164.7,1.103,0.111,1.462
1791428508.8724854,0.7538,0.4998,0.8767,0.6350,0.7538,0.6350,0.7538,0.4998,0.5695,0.4998,0.4302,0.3646,0.4302,0.0737,0.0369,0.0737,0.0737,0.6750,0.7980,,0.1230,,49.93,,145.3,164.9,1.106,0.112,1.430
1791428508.9134507,0.7006,0.6350,0.8030,0.6350,0.5695,0.5695,0.8030,0.4998,0.8030,0.4302,0.2458,0.4302,0.3646,0.0942,0.0164,0.1557,0.0737,0.6710,0.7980,,0.1270,,49.41,,146.9,164.9,1.171,0.113,1.499
1791428508.9448414,0.6350,0.4998,0.8440,0.5695,0.5695,0.4998,0.8440,0.5695,0.8030,0.4302,0.4998,0.4302,0.4302,0.0942,0.0942,0.1229,0.0942,0.6630,0.7960,,0.1330,,48.77,,147.9,165.2,1.100,0.116,1.490
1791428508.9766445,0.4998,0.8767,0.8030,0.5695,0.7006,0.5695,0.7006,0.4302,0.6350,0.4998,0.4302,0.4302,0.4302,0.1229,0.0369,0.1229,0.0410,0.6730,0.8030,,0.1300,,49.48,,148.0,164.8,1.119,0.112,1.371
1791428509.0082614,0.6350,0.7006,0.8767,0.7006,0.6350,0.5695,0.7538,0.4998,0.6350,0.2458,0.3646,0.3646,0.4302,0.1229,0.0410,0.1557,0.0942,0.6740,0.8015,,0.1275,,49.27,,147.2,164.5,1.156,0.113,1.888
1791428509.0403247,0.5695,0.6350,0.8030,0.4998,0.6350,0.7538,0.7006,0.4302,0.7006,0.4998,0.3646,0.4302,0.2991,0.1229,0.0369,0.0737,0.1229,0.6630,0.8020,,0.1390,,49.33,,146.6,163.9,,0.114,1.461
1791428509.0718455,0.6350,0.5695,0.9587,0.7006,0.7006,0.8030,0.5695,0.5695,0.6350,0.4302,0.5695,0.4302,0.4302,0.0737,0.0410,0.0942,0.1229,0.6650,0.7980,,0.1330,,49.58,,147.3,164.1,1.189,0.113,1.502
1791428509.105031,0.6350,0.5695,0.5695,0.5695,0.7538,0.7538,0.7006,0.4998,0.7006,0.3646,0.2458,0.4998,0.5695,0.0942,0.0737,0.0942,0.0737,0.6710,0.7985,,0.1275,,49.09,,146.8,164.1,1.257,0.114,1.524
1791428509.1390595,0.5695,0.5695,0.8440,0.7006,0.5695,0.7006,0.7006,0.4302,0.5695,0.4302,0.2991,0.4302,0.2991,0.1229,0.0205,0.0942,0.0737,0.6630,0.8065,,0.1435,,49.98,,146.3,164.4,,0.112,1.438
1791428509.172119,0.5695,0.5695,0.9259,0.5695,0.8030,0.7006,0.7538,0.2991,0.8440,0.4302,0.4998,0.4302,0.3646,0.1229,0.0574,0.1229,0.1229,0.6710,0.8025,,0.1315,,48.86,,146.2,164.2,1.223,0.117,1.593
1791428509.205752,0.5695,0.8030,0.9587,0.7538,0.4998,0.7538,0.7006,0.4302,0.5695,0.4998,0.4998,0.4302,0.4302,0.0737,0.0410,0.0942,0.0737,0.6630,0.8050,,0.1420,,49.52,,146.4,164.4,1.154,0.115,1.500
1791428509.239414,0.5695,0.8440,0.8030,0.4998,0.5695,0.7006,0.6350,0.3646,0.7538,0.5695,0.2991,0.3646,0.3646,0.0942,0.0205,0.1229,0.1229,0.6700,0.7945,,0.1245,,49.33,,145.7,163.8,1.081,0.114,1.432
1791428509.2791176,0.4998,0.5695,0.8440,0.4302,0.6350,0.8030,0.6350,0.4998,0.7006,0.4302,0.4302,0.4998,0.3646,0.0737,0.0574,0.0737,0.0737,0.6710,0.8020,,0.1310,,48.91,,146.0,164.1,1.248,0.116,1.598
1791428509.3109522,0.7006,0.4302,0.8030,0.6350,0.7006,0.8030,0.7538,0.7006,0.8030,0.4998,0.4998,0.3646,0.3646,0.0942,0.0942,0.0942,0.1229,0.6680,0.8010,,0.1330,,48.54,,146.0,163.9,1.078,0.117,1.438
1791428509.343205,0.7006,0.4302,0.9423,0.7538,0.6350,0.6350,0.6350,0.3646,0.7006,0.4998,0.4998,0.2991,0.4302,0.1557,0.0410,0.0737,0.0737,0.6710,0.7985,,0.1275,,47.73,,147.3,163.8,,0.120,1.540
1791428509.3747551,0.8030,0.5695,0.8767,0.6350,0.7006,0.5695,0.8030,0.4998,0.8030,0.3646,0.5695,0.3646,0.4302,0.1229,0.0737,0.1229,0.1229,0.6680,0.8000,,0.1320,,47.58,,147.4,164.1,1.134,0.120,1.546
1791428509.4062002,0.4998,0.5695,0.8440,0.8030,0.6350,0.5695,0.7538,0.5695,0.7538,0.1229,0.4998,0.4302,0.3646,0.0737,0.0246,0.1557,0.0737,0.6710,0.8030,,0.1320,,47.36,,147.4,164.6,1.212,0.121,1.963
1791428509.4394813,0.7006,0.6350,0.9423,0.4998,0.7538,0.6350,0.7538,0.5695,0.7538,0.3646,0.4998,0.3646,0.3646,0.0737,0.1229,0.0574,0.0942,0.6720,0.7980,,0.1260,,47.15,,147.3,165.1,1.129,0.121,1.506
1791428509.4724762,0.5695,0.5695,0.8767,0.4998,0.4998,0.5695,0.7538,0.4998,0.5695,0.3646,0.4998,0.4302,0.4302,0.0942,0.0737,0.1229,0.1557,0.6710,0.7980,,0.1270,,46.57,,146.6,165.5,1.176,0.123,1.514
1791428509.506467,0.7538,0.4998,0.9628,0.5695,0.4998,0.8030,0.9259,0.3646,0.7006,0.5695,0.1557,0.4302,0.3646,0.1229,0.0369,0.0942,0.0737,0.6680,0.7945,,0.1265,,46.22,,146.9,166.4,1.124,0.124,1.479
1791428509.539996,0.4998,0.4998,0.7538,0.5695,0.6350,0.7538,0.7538,0.4302,0.6350,0.4302,0.4998,0.4302,0.4302,0.0737,0.0369,0.1229,0.1229,0.6710,0.7990,,0.1280,,46.69,,147.0,166.0,1.080,0.122,1.422
1791428509.5733685,0.4998,0.5695,0.9259,0.4998,0.4998,0.6350,0.7006,0.7538,0.8030,0.4998,0.4998,0.4302,0.2991,0.0574,0.0369,0.1229,0.0574,0.6720,0.7985,,0.1265,,46.87,,146.6,165.4,,0.120,1.453
1791428509.613731,0.4998,0.7006,0.5695,0.6350,0.7538,0.7006,0.6350,0.4302,0.7538,0.4998,0.4998,0.4998,0.4998,0.1557,0.0737,0.0942,0.0942,0.6710,0.7995,,0.1285,,46.85,,147.0,165.2,1.154,0.120,1.510
1791428509.644942,0.4302,0.4302,0.9423,0.5695,0.5695,0.7006,0.8440,0.4998,0.7538,0.1966,0.4302,0.2991,0.4998,0.1229,0.0942,0.1557,0.1229,0.6630,0.8035,,0.1405,,47.70,,147.2,165.1,,0.119,1.799
1791428509.677166,0.7538,0.7538,0.8767,0.7006,0.4998,0.8030,0.9054,0.6350,0.6350,0.4302,0.4302,0.4302,0.3646,0.0737,0.0574,0.0942,0.0574,0.6630,0.7960,,0.1330,,48.15,,147.6,165.1,1.101,0.118,1.398
1791428509.7086976,0.3646,0.4302,0.6350,0.7006,0.7006,0.6350,0.8030,0.3646,0.7538,0.2991,0.4998,0.4998,0.3646,0.0737,0.0737,0.0942,0.1229,0.6690,0.8015,,0.1325,,48.06,,146.7,165.3,1.159,0.118,1.934
1791428509.7409074,0.5695,0.7006,0.9587,0.5695,0.7538,0.6350,0.7006,0.5695,0.7538,0.3646,0.4998,0.4998,0.4302,0.0942,0.0369,0.1229,0.1229,0.6630,0.8030,,0.1400,,48.73,,147.2,165.8,1.184,0.117,1.460
1791428509.7738025,0.7006,0.5695,0.8440,0.6350,0.4998,0.5695,0.7006,0.4302,0.7538,0.4302,0.3646,0.4302,0.3646,0.1229,0.0369,0.1557,0.0574,0.6720,0.8000,,0.1280,,48.58,,147.3,165.5,1.134,0.117,1.438
1791428509.8058274,0.4998,0.5695,0.8767,0.7538,0.6350,0.5695,0.6350,0.4998,0.7006,0.4302,0.4998,0.4302,0.4998,0.0737,0.0574,0.1557,0.0369,0.6750,0.8030,,0.1280,,48.79,,146.9,165.8,1.162,0.115,1.478
1791428509.839494,0.6350,0.8030,0.8030,0.5695,0.6350,0.5695,0.6350,0.4998,0.5695,0.4998,0.4998,0.6350,0.4302,0.1229,0.0737,0.0942,0.0737,0.6690,0.8090,,0.1400,,49.42,,147.2,165.7,1.146,0.114,1.469
1791428509.8730748,0.6350,0.4998,0.7538,0.6350,0.5695,0.5695,0.7006,0.4302,0.6350,0.4998,0.3646,0.4302,0.4998,0.0369,0.0737,0.0942,0.0942,0.6720,0.7995,,0.1275,,48.92,,147.9,165.1,1.134,0.115,1.492
1791428509.9061332,0.4302,0.4998,0.7538,0.4998,0.4998,0.5695,0.6350,0.4998,0.7006,0.4998,0.2991,0.4302,0.4302,0.0942,0.0737,0.1966,0.0737,0.6720,0.7980,,0.1260,,48.74,,148.2,164.8,1.134,0.115,1.433
1791428509.9471166,0.6350,0.3646,0.8030,0.4302,0.6350,0.6350,0.7006,0.4302,0.7538,0.2458,0.2458,0.4302,0.4302,0.0942,0.0410,0.1229,0.1557,0.6720,0.7955,,0.1235,,47.58,,148.7,165.1,1.181,0.118,
1791428509.9788997,0.4302,0.6350,0.8030,0.7006,0.5695,0.5695,0.7006,0.5695,0.6350,0.4998,0.2991,0.3646,0.4302,0.0246,0.0574,0.1229,0.0737,0.6720,0.8055,,0.1335,,48.45,,148.7,165.6,1.028,0.115,1.345
1791428510.01107,0.4998,0.6350,0.8440,0.6350,0.7006,0.5695,0.7006,0.5695,0.8030,0.4302,0.3646,0.4302,0.4302,0.1229,0.0246,0.0942,0.1557,0.6630,0.7980,,0.1350,,48.99,,148.6,165.4,1.096,0.114,1.422
1791428510.0428312,0.6350,0.7006,0.6350,0.5695,0.7006,0.6350,0.8030,0.6350,0.7538,0.1557,0.3646,0.3646,0.4302,0.1966,0.0574,0.0574,0.0737,0.6720,0.8015,,0.1295,,48.69,,148.1,165.3,1.147,0.115,1.896
1791428510.073805,0.4302,0.4302,0.7538,0.5695,0.7538,0.7538,0.7006,0.7006,0.7538,0.4302,0.3646,0.3646,0.4302,0.0942,0.0942,0.1229,0.1229,0.6750,0.7990,,0.1240,,48.39,,147.9,164.7,1.111,0.115,1.413
1791428510.1067216,0.5695,0.6350,0.8440,0.5695,0.7538,0.5695,0.8767,0.4302,0.5695,0.2991,0.3646,0.3646,0.4998,0.0942,0.0942,0.0574,0.0737,0.6720,0.8040,,0.1320,,48.93,,148.3,164.4,1.123,0.113,1.841
1791428510.140411,0.4998,0.7006,0.9587,0.7006,0.5695,0.7538,0.7538,0.7006,0.6350,0.4302,0.4998,0.4302,0.4302,0.0942,0.0246,0.1557,0.0942,0.6760,0.7970,,0.1210,,48.90,,148.1,163.8,1.068,0.112,1.376
1791428510.1732614,0.5695,0.4302,0.9054,0.5695,0.4302,0.5695,0.8030,0.5695,0.7538,0.4302,0.2458,0.4302,0.4302,0.1229,0.0369,0.1229,0.1229,0.6730,0.7950,,0.1220,,48.32,,148.7,164.0,1.105,0.113,1.420
1791428510.206792,0.4998,0.6350,0.8440,0.5695,0.5695,0.4998,0.7538,0.4998,0.7538,0.3646,0.3646,0.3646,0.3646,0.0737,0.0737,0.1557,0.0942,0.6730,0.8035,,0.1305,,48.81,,148.2,163.8,1.123,0.112,1.447
1791428510.247048,0.7006,0.4998,0.8030,0.5695,0.5695,0.6350,0.7006,0.4302,0.6350,0.4302,0.3646,0.4302,0.4302,0.1557,0.0410,0.0942,0.0942,0.6740,0.7965,,0.1225,,47.60,,148.1,163.7,1.159,0.116,1.509
1791428510.2790692,0.5695,0.4302,0.7538,0.6350,0.5695,0.4998,0.8767,0.4302,0.5695,0.3646,0.4998,0.4302,0.3646,0.1229,0.0737,0.1557,0.1229,0.6720,0.8015,,0.1295,,47.81,,148.4,163.5,1.074,0.115,1.386
1791428510.3103008,0.5695,0.7006,0.9259,0.7006,0.5695,0.7538,0.5695,0.6350,0.6350,0.3646,0.4302,0.4302,0.4302,0.0410,0.0942,0.1229,0.1557,0.6750,0.7955,,0.1205,,47.58,,148.8,164.0,1.143,0.115,1.454
1791428510.3412201,0.4998,0.4998,0.8030,0.7006,0.4998,0.6350,0.7006,0.4302,0.6350,0.1966,0.4302,0.4302,0.4302,0.0942,0.0574,0.2458,0.1229,0.6630,0.7990,,0.1360,,47.53,,149.4,164.3,1.191,0.117,1.930
1791428510.3734477,0.8030,0.7006,0.8030,0.7538,0.7006,0.4998,0.8440,0.3646,0.8030,0.3646,0.3646,0.2991,0.3646,0.0942,0.0369,0.1229,0.1557,0.6730,0.7960,,0.1230,,47.52,,148.5,163.9,,0.116,1.401
1791428510.4078834,0.7006,0.8030,0.8440,0.6350,0.4998,0.6350,0.7006,0.5695,0.7538,0.4998,0.4302,0.4302,0.4302,0.0942,0.0574,0.1229,0.0942,0.6690,0.7935,,0.1245,,46.85,,149.3,163.9,1.133,0.119,1.484
1791428510.4418194,0.7006,0.7006,0.8767,0.2991,0.6350,0.6350,0.5695,0.4302,0.8030,0.3646,0.2991,0.4302,0.4302,0.0942,0.0942,0.0942,0.0737,0.6630,0.7965,,0.1335,,46.20,,149.5,164.3,1.120,0.123,1.580
1791428510.47381,0.6350,0.7538,0.8767,0.6350,0.5695,0.7006,0.7538,0.3646,0.5695,0.4998,0.4302,0.4302,0.4302,0.1229,0.0942,0.1229,0.1229,0.6690,0.7985,,0.1295,,46.48,,149.0,164.5,1.104,0.122,1.481
1791428510.5159593,0.4998,0.7006,0.9054,0.6350,0.4302,0.5695,0.7006,0.4998,0.6350,0.4302,0.3646,0.4302,0.4998,0.1229,0.1229,0.1229,0.0942,0.6710,0.7970,,0.1260,,47.05,,149.1,164.5,1.121,0.119,1.408
1791428510.5482767,0.8030,0.4998,0.7006,0.6350,0.7006,0.6350,0.7006,0.4998,0.6350,0.3646,0.2458,0.4302,0.2991,0.0942,0.0246,0.0942,0.0942,0.6630,0.7980,,0.1350,,47.05,,149.9,164.3,,0.120,1.608
1791428510.58103,0.4302,0.4998,0.7538,0.5695,0.6350,0.6350,0.7538,0.4302,0.6350,0.0942,0.5695,0.4998,0.4998,0.1229,0.0205,0.1229,0.0574,0.6720,0.7995,,0.1275,,47.51,,150.1,164.2,1.110,0.118,1.836
1791428510.611238,0.6350,0.8030,0.9054,0.5695,0.6350,0.7006,0.7538,0.3646,0.5695,0.3646,0.3646,0.4302,0.4998,0.0410,0.0737,0.0737,0.0574,0.6690,0.7975,,0.1285,,47.64,,149.9,164.5,1.134,0.117,1.470
1791428510.6441545,0.6350,0.4302,0.8030,0.6350,0.5695,0.6350,0.8030,0.4998,0.6350,0.4998,0.3646,0.4998,0.4998,0.0942,0.0164,0.1229,0.0737,0.6720,0.7975,,0.1255,,47.73,,149.1,164.5,1.103,0.116,1.409
1791428510.6746736,0.5695,0.5695,0.9054,0.5695,0.5695,0.5695,0.7538,0.5695,0.7006,0.4302,0.2991,0.5695,0.4302,0.1229,0.0369,0.1229,0.0942,0.6720,0.7975,,0.1255,,47.78,,149.5,164.4,1.176,0.116,1.444
1791428510.707252,0.8030,0.8030,0.8767,0.7006,0.5695,0.7006,0.5695,0.5695,0.7538,0.5695,0.3646,0.3646,0.4302,0.1229,0.1229,0.1229,0.0737,0.6630,0.8000,,0.1370,,48.11,,149.6,165.5,1.169,0.116,1.475
1791428510.7408345,0.7006,0.6350,0.7538,0.4302,0.4302,0.6350,0.7538,0.6350,0.8440,0.3646,0.4302,0.4998,0.3646,0.0942,0.1229,0.1557,0.0942,0.6720,0.7995,,0.1275,,48.12,,148.6,165.0,1.049,0.116,1.375
1791428510.7747607,0.7538,0.6350,0.8440,0.4302,0.5695,0.6350,0.7538,0.6350,0.6350,0.4302,0.2991,0.3646,0.3646,0.1557,0.0369,0.1557,0.0737,0.6720,0.7960,,0.1240,,47.60,,147.9,165.2,1.026,0.117,1.418
1791428510.8068695,0.5695,0.7538,0.9054,0.6350,0.6350,0.6350,0.7538,0.4998,0.5695,0.1966,0.4998,0.4302,0.3646,0.0942,0.0942,0.1557,0.1229,0.6720,0.8010,,0.1290,,47.49,,147.7,164.9,1.122,0.118,1.829
1791428510.841076,0.8030,0.5695,0.8767,0.6350,0.7006,0.7538,0.7538,0.6350,0.6350,0.2458,0.3646,0.4302,0.2991,0.0942,0.0246,0.1557,0.0942,0.6720,0.7960,,0.1240,,46.27,,147.3,164.8,,0.122,2.063
1791428510.874048,0.5695,0.5695,0.8440,0.5695,0.5695,0.6350,0.7006,0.4998,0.7006,0.4302,0.4302,0.3646,0.3646,0.1557,0.0737,0.1557,0.1229,0.6720,0.7980,,0.1260,,45.74,,147.3,164.3,1.248,0.124,1.625
1791428510.9147027,0.5695,0.7006,0.9259,0.4998,0.7006,0.7006,0.7006,0.5695,0.7006,0.4302,0.2991,0.4302,0.4302,0.0942,0.0410,0.0942,0.0410,0.6710,0.7970,,0.1260,,45.68,,146.8,164.2,1.111,0.124,1.437
1791428510.9472482,0.4998,0.4998,0.9054,0.6350,0.6350,0.5695,0.7538,0.4998,0.7006,0.4998,0.2991,0.4302,0.2991,0.1229,0.0574,0.1229,0.0737,0.6750,0.7965,,0.1215,,45.87,,146.9,164.5,,0.122,1.406
1791428510.9777925,0.5695,0.5695,0.8030,0.6350,0.4998,0.7006,0.7006,0.4302,0.4998,0.1966,0.3646,0.4998,0.4998,0.0942,0.0574,0.0737,0.0574,0.6690,0.7990,,0.1300,,46.40,,147.1,166.0,1.106,0.121,1.767
1791428511.0089743,0.4302,0.8440,0.9259,0.7006,0.7006,0.7538,0.8767,0.4998,0.7538,0.4302,0.5695,0.4302,0.4302,0.1229,0.0246,0.0737,0.0737,0.6630,0.8035,,0.1405,,47.54,,146.1,165.9,1.116,0.118,1.486
1791428511.0411067,0.3646,0.4998,0.9259,0.7006,0.7006,0.6350,0.7538,0.4302,0.4998,0.4302,0.4302,0.4998,0.4302,0.0369,0.0246,0.0942,0.0574,0.6720,0.8020,,0.1300,,48.01,,146.6,165.6,1.137,0.117,1.483
1791428511.0745227,0.7006,0.7538,0.7006,0.5695,0.6350,0.5695,0.8440,0.4302,0.8030,0.4998,0.2458,0.3646,0.3646,0.0942,0.0737,0.1966,0.0942,0.6630,0.7990,,0.1360,,48.37,,146.3,165.1,1.066,0.116,1.370
1791428511.1073368,0.7538,0.3646,0.7006,0.7006,0.6350,0.1557,0.8440,0.5695,0.8030,0.3646,0.3646,0.4998,0.4302,0.0942,0.0246,0.0942,0.0737,0.6710,,,,,48.37,,146.3,165.1,,,
1791428511.1414504,0.6350,0.7006,0.8440,0.6350,0.5695,0.7006,0.7538,0.3646,0.7006,0.4302,0.2991,0.4302,0.3646,0.1229,0.0410,0.0942,0.1229,0.6690,0.8005,,0.1315,,48.68,,146.4,164.6,1.075,0.115,1.461
1791428511.1745124,0.5695,0.4998,0.8767,0.5695,0.6350,0.4998,0.8030,0.4998,0.7538,0.4998,0.3646,0.4302,0.4302,0.0942,0.0942,0.1229,0.1229,0.6730,0.8020,,0.1290,,48.67,,145.6,164.5,1.116,0.115,1.463
1791428511.2145739,0.8030,0.7538,0.8030,0.7538,0.4998,0.4998,0.8030,0.4302,0.6350,0.2458,0.4302,0.4998,0.3646,0.1557,0.0246,0.0737,0.1229,0.6750,0.7985,,0.1235,,47.73,,145.8,164.4,1.100,0.117,1.922
1791428511.246508,0.6350,0.5695,0.6350,0.6350,0.5695,0.5695,0.8440,0.4998,0.6350,0.5695,0.4302,0.3646,0.3646,0.1229,0.0410,0.1557,0.1229,0.6690,0.7970,,0.1280,,47.42,,146.1,164.7,1.137,0.118,1.473
1791428511.2777917,0.5695,0.7006,0.8030,0.6350,0.5695,0.4998,0.6350,0.6350,0.6350,0.3646,0.4302,0.4302,0.4302,0.0942,0.0737,0.1557,0.1229,0.6740,0.8020,,0.1280,,47.94,,146.0,164.7,1.108,0.116,1.391
1791428511.30954,0.6350,0.4998,0.8440,0.7006,0.5695,0.8440,0.7538,0.4998,0.7538,0.4302,0.4302,0.4302,0.4998,0.1557,0.0574,0.1966,0.0942,0.6740,0.7975,,0.1235,,47.35,,146.5,164.7,1.141,0.118,1.483
1791428511.342046,0.7538,0.7006,0.8440,0.5695,0.5695,0.5695,0.7538,0.4998,0.7538,0.4998,0.4302,0.4302,0.4998,0.0737,0.0410,0.1966,0.0737,0.6690,0.7940,,0.1250,,46.87,,147.2,164.6,1.112,0.119,1.434
1791428511.3750975,0.6350,0.7006,0.9587,0.5695,0.6350,0.4302,0.7006,0.4302,0.7006,0.3646,0.3646,0.4302,0.4998,0.1229,0.0246,0.0737,0.0737,0.6740,0.7980,,0.1240,,47.12,,147.5,164.5,1.129,0.117,1.428
1791428511.4080546,0.7006,0.3646,0.8440,0.4998,0.4998,0.4998,0.6350,0.2991,0.7006,0.5695,0.5695,0.5695,0.4998,0.1557,0.0369,0.1229,0.0737,0.6630,0.7945,,0.1315,,47.05,,147.4,164.3,1.179,0.119,1.559
1791428511.441562,0.7538,0.8440,0.8767,0.4302,0.4302,0.6350,0.7006,0.6350,0.8030,0.4302,0.5695,0.4302,0.3646,0.1229,0.0942,0.1557,0.0942,0.6630,0.8035,,0.1405,,47.60,,146.3,163.8,1.153,0.119,1.485
1791428511.4749038,0.6350,0.4302,0.8440,0.7006,0.7538,0.5695,0.7006,0.4302,0.7006,0.1557,0.2991,0.4302,0.4302,0.0246,0.0410,0.1966,0.0942,0.6630,0.7985,,0.1355,,48.01,,146.7,163.3,1.112,0.118,
1791428511.516858,0.6350,0.4998,0.9628,0.5695,0.7006,0.5695,0.7538,0.3646,0.4998,0.5695,0.2991,0.3646,0.4302,0.1229,0.0369,0.0942,0.0942,0.6640,0.7965,,0.1325,,48.13,,146.7,163.7,1.122,0.118,1.448
1791428511.5483935,0.5695,0.4998,0.8030,0.5695,0.4998,0.7006,0.7538,0.4302,0.7538,0.4998,0.2458,0.3646,0.2991,0.0369,0.0737,0.1229,0.0574,0.6630,0.7860,,0.1230,,48.53,,139.6,163.4,,0.115,1.333
1791428511.5807672,0.4998,0.7538,0.9054,0.4998,0.5695,0.5695,0.8030,0.4302,0.7006,0.4302,0.4998,0.4302,0.3646,0.0574,0.1229,0.0410,0.0574,0.6760,0.7985,,0.1225,,48.00,,141.4,163.4,1.115,0.116,1.457
1791428511.6118708,0.5695,0.5695,0.8030,0.6350,0.5695,0.6350,0.7006,0.4302,0.6350,0.4302,0.2458,0.4302,0.4998,0.1229,0.1229,0.1229,0.0942,0.6690,0.8025,,0.1335,,48.00,,142.6,163.2,1.197,0.116,1.499
1791428511.6431596,0.6350,0.4998,0.8767,0.4302,0.5695,0.8030,0.8030,0.4302,0.7006,0.3646,0.2991,0.3646,0.4302,0.0574,0.0246,0.0737,0.1229,0.6710,0.8025,,0.1315,,48.56,,143.2,163.5,1.169,0.115,1.490
1791428511.6749058,0.4998,0.6350,0.8030,0.5695,0.7006,0.7006,0.7006,0.6350,0.7538,0.5695,0.4302,0.3646,0.3646,0.0369,0.0410,0.1229,0.1229,0.6630,0.8000,,0.1370,,48.69,,143.1,163.3,1.069,0.115,1.400
1791428511.7080224,0.6350,0.4998,0.9259,0.7006,0.6350,0.7006,0.5695,0.4302,0.4998,0.3646,0.4302,0.4998,0.4998,0.1229,0.0737,0.1966,0.1966,0.6630,0.7945,,0.1315,,48.90,,144.3,162.8,1.057,0.115,1.386
1791428511.7415311,0.7006,0.3646,0.9054,0.5695,0.7006,0.7006,0.9054,0.4998,0.7006,0.3646,0.2458,0.4302,0.3646,0.1229,0.0369,0.0942,0.1557,0.6630,0.7985,,0.1355,,49.05,,144.9,163.3,1.081,0.115,1.466
1791428511.7759397,0.5695,0.5695,0.7006,0.5695,0.6350,0.4998,0.7538,0.3646,0.9054,0.3646,0.4998,0.4302,0.4302,0.0574,0.0369,0.1229,0.1229,0.6630,0.8015,,0.1385,,48.74,,146.2,163.6,1.172,0.117,1.546
1791428511.8085148,0.4998,0.4302,0.9259,0.6350,0.6350,0.7538,0.8030,0.5695,0.4998,0.5695,0.4998,0.4302,0.4302,0.0737,0.0737,0.1229,0.1557,0.6710,0.8015,,0.1305,,48.42,,146.2,163.2,1.107,0.118,1.435
1791428511.841695,0.7006,0.7538,0.7538,0.7538,0.5695,0.7006,0.8030,0.4302,0.5695,0.4998,0.1966,0.4302,0.2991,0.1557,0.0205,0.1229,0.0942,0.6630,0.7985,,0.1355,,48.03,,146.8,163.3,,0.120,1.542
1791428511.8811963,0.4302,0.4998,0.9054,0.5695,0.7006,0.6350,0.7538,0.5695,0.6350,0.4302,0.2458,0.3646,0.4302,0.1229,0.0574,0.1557,0.0942,0.6630,0.8000,,0.1370,,48.43,,147.3,163.4,1.120,0.119,1.486
1791428511.9141924,0.6350,0.6350,0.8767,0.5695,0.5695,0.6350,0.6350,0.4302,0.8440,0.5695,0.3646,0.4302,0.2991,0.0574,0.0246,0.0942,0.0574,0.6710,0.8050,,0.1340,,49.37,,147.2,164.6,,0.115,1.326
1791428511.9451447,0.6350,0.7538,0.9054,0.4998,0.4998,0.6350,0.7538,0.5695,0.6350,0.4302,0.4302,0.4302,0.4998,0.1229,0.0574,0.0942,0.0737,0.6760,0.8030,,0.1270,,49.22,,147.5,164.6,1.106,0.114,1.437
1791428511.9769752,0.4302,0.6350,0.9054,0.4998,0.5695,0.4998,0.7538,0.5695,0.4998,0.2991,0.3646,0.3646,0.4302,0.0737,0.0574,0.1966,0.1966,0.6630,0.8025,,0.1395,,49.71,,147.0,164.4,1.094,0.114,1.754
1791428512.0086648,0.7006,0.5695,0.8767,0.6350,0.5695,0.7538,0.7538,0.4302,0.7006,0.3646,0.3646,0.4302,0.3646,0.0942,0.0574,0.1229,0.1966,0.6690,0.7985,,0.1295,,49.54,,146.0,164.1,1.080,0.114,1.421
1791428512.0422876,0.5695,0.6350,0.7006,0.5695,0.4998,0.2991,0.7538,0.3646,0.5695,0.4302,0.4998,0.3646,0.4302,0.0942,0.0369,0.0737,0.1229,0.6630,,,,,49.54,,146.0,164.1,,,
1791428512.075099,0.4302,0.4302,0.7538,0.5695,0.7006,0.4302,0.8030,0.4302,0.6350,0.4302,0.4302,0.4302,0.3646,0.0942,0.0574,0.0737,0.0737,0.6700,0.8010,,0.1310,,49.82,,146.0,163.8,1.149,0.112,1.445
1791428512.109044,0.7538,0.5695,0.7006,0.5695,0.5695,0.5695,0.8030,0.7006,0.7538,0.2458,0.4302,0.4302,0.3646,0.0942,0.0574,0.1229,0.0942,0.6740,0.7975,,0.1235,,48.72,,146.0,163.8,1.142,0.115,1.839
1791428512.1423576,0.7538,0.6350,0.8030,0.6350,0.8030,0.6350,0.7538,0.3646,0.5695,0.4998,0.3646,0.4302,0.2991,0.1229,0.1229,0.0942,0.1229,0.6630,0.8010,,0.1380,,48.80,,146.0,163.8,,0.116,1.467
1791428512.18159,0.7538,0.7538,0.7538,0.6350,0.5695,0.6350,0.7538,0.4998,0.8440,0.4302,0.3646,0.3646,0.3646,0.0246,0.0410,0.0737,0.1557,0.6700,0.7990,,0.1290,,48.47,,146.1,163.5,1.056,0.117,1.357
1791428512.2139792,0.8030,0.6350,0.7006,0.5695,0.8030,0.6350,0.7006,0.4302,0.7006,0.5695,0.4998,0.3646,0.4302,0.0942,0.0164,0.0737,0.0942,0.6640,0.7995,,0.1355,,48.32,,146.7,163.7,1.195,0.118,1.502
1791428512.244248,0.8440,0.4302,0.7538,0.4302,0.7006,0.8030,0.8440,0.4998,0.7538,0.4302,0.2991,0.4302,0.4302,0.0369,0.0737,0.0737,0.0737,0.6730,0.7940,,0.1210,,47.95,,146.8,163.4,1.060,0.117,1.363
1791428512.2764556,0.4998,0.4302,0.8030,0.4998,0.5695,0.7006,0.6350,0.4998,0.7538,0.4998,0.2991,0.3646,0.3646,0.0737,0.0737,0.2991,0.1229,0.6700,0.7960,,0.1260,,48.19,,147.2,163.6,1.023,0.116,1.329
1791428512.3087897,0.4998,0.5695,0.3646,0.7006,0.5695,0.5695,0.7538,0.5695,0.8030,0.4998,0.2991,0.3646,0.4302,0.0369,0.0737,0.1229,0.1557,0.6730,0.7965,,0.1235,,47.77,,147.2,163.6,1.108,0.116,1.483
1791428512.3428218,0.6350,0.6350,0.8030,0.4302,0.5695,0.6350,0.7006,0.6350,0.8030,0.4302,0.3646,0.3646,0.3646,0.0737,0.0574,0.1557,0.0942,0.6630,0.7990,,0.1360,,48.29,,147.3,163.6,1.147,0.116,1.464
1791428512.3760266,0.5695,0.4302,0.5695,0.4302,0.5695,0.5695,0.7538,0.3646,0.4998,0.4302,0.4998,0.4302,0.3646,0.1229,0.0574,0.0737,0.0942,0.6700,0.8035,,0.1335,,49.42,,147.5,163.9,1.208,0.112,1.472
1791428512.4095356,0.6350,0.7538,0.8030,0.4998,0.6350,0.6350,0.8030,0.5695,0.8440,0.3646,0.4302,0.4302,0.4302,0.0205,0.0410,0.1557,0.0737,0.6700,0.7990,,0.1290,,49.78,,147.6,163.5,1.109,0.110,1.430
1791428512.4508765,0.8030,0.4302,0.8440,0.4302,0.5695,0.4998,0.7538,0.4302,0.8030,0.4302,0.2991,0.3646,0.4302,0.0737,0.0369,0.0737,0.0942,0.6620,0.8000,,0.1380,,50.17,,148.1,163.4,1.132,0.110,1.460
1791428512.4820771,0.4998,0.4998,0.8440,0.4998,0.7006,0.6350,0.7006,0.5695,0.7006,0.4998,0.3646,0.2458,0.3646,0.0737,0.0574,0.2458,0.1966,0.6620,0.7900,,0.1280,,49.69,,147.2,163.3,,0.111,1.425
1791428512.5148404,0.7538,0.4998,0.5695,0.4302,0.6350,0.6350,0.8030,0.4302,0.7006,0.3646,0.4998,0.4302,0.2458,0.0737,0.0574,0.1966,0.0942,0.6730,0.7985,,0.1255,,50.44,,147.6,163.0,,0.107,1.397
1791428512.5454466,0.6350,0.5695,0.5695,0.3646,0.6350,0.7006,0.4998,0.5695,0.7006,0.4302,0.2991,0.2991,0.2991,0.0942,0.0410,0.1966,0.0574,0.6640,0.7970,,0.1330,,50.39,,147.5,162.6,,0.108,1.441
1791428512.5784497,0.8030,0.7538,0.6350,0.4998,0.4302,0.7006,0.7538,0.5695,0.6350,0.4302,0.3646,0.2991,0.2458,0.0574,0.0942,0.1557,0.2458,0.6630,0.8005,,0.1375,,50.95,,147.1,162.7,,0.107,1.492
1791428512.6103117,0.5695,0.6350,0.7538,0.4998,0.4998,0.6350,0.6350,0.5695,0.8440,0.4302,0.4998,0.4302,0.3646,0.0942,0.0942,0.1966,0.1229,0.6690,0.7950,,0.1260,,50.58,,148.3,163.0,1.128,0.107,1.459
1791428512.6425266,0.5695,0.3646,0.5695,0.5695,0.4998,0.7006,0.7006,0.4998,0.7006,0.2991,0.2991,0.4998,0.3646,0.0574,0.0737,0.1229,0.0737,0.6660,0.8005,,0.1345,,51.54,,148.2,162.7,1.120,0.104,
1791428512.676956,0.4998,0.4998,0.6350,0.5695,0.6350,0.6350,0.7006,0.4302,0.7006,0.5695,0.2991,0.4302,0.2991,0.0574,0.0369,0.0942,0.1229,0.6720,0.8025,,0.1305,,51.58,,148.1,163.0,,0.104,1.474
1791428512.7106385,0.7006,0.5695,0.4998,0.2991,0.5695,0.7538,0.7006,0.4302,0.7538,0.4998,0.2991,0.4302,0.4998,0.1966,0.0574,0.0737,0.1557,0.6740,0.7980,,0.1240,,51.63,,148.4,163.7,1.222,0.103,1.436
1791428512.7515373,0.5695,0.4998,0.6350,0.4998,0.6350,0.6350,0.7538,0.6350,0.6350,0.4998,0.3646,0.3646,0.4302,0.1229,0.0574,0.0942,0.1557,0.6730,0.7985,,0.1255,,52.40,,149.4,163.7,1.087,0.099,1.405
1791428512.7830343,0.3646,0.5695,0.6350,0.5695,0.4998,0.7006,0.7538,0.4302,0.7006,0.3646,0.2991,0.3646,0.2991,0.0369,0.0574,0.1229,0.1229,0.6770,0.7990,,0.1220,,52.56,,149.9,163.1,,0.098,1.408
1791428512.8154418,0.7006,0.5695,0.8030,0.4998,0.4998,0.7006,0.8030,0.6350,0.7538,0.3646,0.2458,0.4302,0.4302,0.0574,0.0369,0.1557,0.0942,0.6740,0.7980,,0.1240,,52.51,,149.6,162.6,1.138,0.097,1.426
1791428512.8460402,0.5695,0.7006,0.8440,0.3646,0.6350,0.4998,0.7006,0.4998,0.7538,0.4302,0.4998,0.4302,0.3646,0.0410,0.0737,0.1557,0.0942,0.6730,0.8010,,0.1280,,52.97,,149.2,162.5,1.147,0.096,1.386
1791428512.878105,0.5695,0.5695,0.7006,0.3646,0.5695,0.6350,0.7538,0.4998,0.5695,0.4998,0.2991,0.4302,0.3646,0.0246,0.0574,0.1229,0.1557,0.6720,0.7980,,0.1260,,52.28,,149.9,162.4,1.162,0.098,1.453
1791428512.9099321,0.3646,0.3646,0.6350,0.4302,0.6350,0.7538,0.7538,0.4302,0.7006,0.4302,0.2991,0.2991,0.3646,0.1229,0.0737,0.1557,0.1966,0.6690,0.7970,,0.1280,,52.35,,149.6,163.0,,0.098,1.393
1791428512.9440732,0.8030,0.4998,0.7006,0.4998,0.5695,0.7006,0.6350,0.2991,0.7006,0.4302,0.5695,0.3646,0.3646,0.0369,0.0164,0.1229,0.0737,0.6630,0.7875,,0.1245,,52.54,,141.4,163.2,1.097,0.097,1.372
1791428512.9765997,0.7538,0.4998,0.8440,0.3646,0.6350,0.4998,0.7538,0.6350,0.4998,0.2991,0.1966,0.3646,0.4302,0.0942,0.0410,0.1557,0.0942,0.6680,0.7980,,0.1300,,52.92,,143.0,163.7,1.089,0.096,
1791428513.0106902,0.5695,0.4998,0.6350,0.4998,0.4302,0.4998,0.7006,0.4302,0.6350,0.5695,0.2991,0.3646,0.3646,0.1557,0.0369,0.1557,0.1229,0.6630,0.7980,,0.1350,,52.54,,144.0,163.8,1.063,0.099,1.413
1791428513.0439677,0.3646,0.7006,0.7006,0.4302,0.5695,0.5695,0.7538,0.6350,0.5695,0.2991,0.4998,0.4302,0.4302,0.0246,0.0369,0.1557,0.0942,0.6680,0.8035,,0.1355,,53.34,,144.9,163.8,1.120,0.097,1.788
1791428513.0852792,0.5695,0.6350,0.7538,0.6350,0.4998,0.4302,0.7006,0.4302,0.7538,0.4302,0.3646,0.4302,0.3646,0.0942,0.0574,0.0942,0.0737,0.6730,0.7975,,0.1245,,53.05,,146.5,163.6,1.095,0.097,1.387
1791428513.1166172,0.5695,0.7006,0.7538,0.4998,0.4998,0.6350,0.7006,0.4302,0.8440,0.3646,0.1966,0.3646,0.4302,0.1229,0.0205,0.0942,0.0942,0.6730,0.7995,,0.1265,,53.29,,148.2,162.9,1.062,0.096,1.333
1791428513.1478198,0.7006,0.6350,0.6350,0.4998,0.4302,0.6350,0.7538,0.2991,0.7006,0.4998,0.3646,0.2991,0.3646,0.0737,0.0205,0.1229,0.0942,0.6730,0.7940,,0.1210,,53.01,,149.2,162.4,,0.096,1.317
1791428513.17978,0.6350,0.7538,0.4998,0.5695,0.5695,0.5695,0.7538,0.2991,0.6350,0.4302,0.1557,0.2991,0.2458,0.0942,0.0410,0.2458,0.1557,0.6740,0.7950,,0.1210,,52.63,,147.5,162.3,,0.096,1.382
1791428513.2104993,0.4302,0.7538,0.6350,0.5695,0.6350,0.5695,0.6350,0.2991,0.7538,0.4998,0.4302,0.2991,0.2991,0.1229,0.0369,0.0410,0.0369,0.6710,0.7965,,0.1255,,52.27,,148.8,161.8,,0.097,1.378
1791428513.2440104,0.7538,0.4998,0.7538,0.4302,0.4302,0.6350,0.6350,0.4998,0.7538,0.4302,0.2991,0.2458,0.2458,0.1557,0.0942,0.1557,0.1557,0.6740,0.7955,,0.1215,,52.06,,149.4,162.2,,0.097,1.370
1791428513.2763567,0.5695,0.2991,0.2991,0.4998,0.5695,0.4302,0.7006,0.5695,0.6350,0.4302,0.1966,0.2991,0.3646,0.0410,0.0574,0.1229,0.1229,0.6740,0.7960,,0.1220,,52.01,,148.4,162.1,,0.097,1.363
1791428513.310168,0.4998,0.5695,0.8440,0.6350,0.5695,0.7006,0.7538,0.4998,0.6350,0.3646,0.4302,0.2991,0.3646,0.0942,0.0574,0.1229,0.1557,0.6720,0.8020,,0.1300,,53.04,,147.6,162.1,,0.094,1.259
1791428513.344061,0.5695,0.5695,0.5695,0.4302,0.5695,0.8030,0.7006,0.4302,0.7006,0.3646,0.1557,0.2991,0.1966,0.0737,0.0369,0.1229,0.0410,0.6690,0.7970,,0.1280,,53.17,,146.9,161.5,,0.094,1.368
1791428513.3766289,0.4998,0.7006,0.8030,0.5695,0.5695,0.6350,0.7006,0.4998,0.7006,0.2991,0.4998,0.3646,0.2991,0.0942,0.0369,0.0737,0.0942,0.6740,0.7975,,0.1235,,53.09,,147.4,161.5,,0.094,1.844
1791428513.4176023,0.7006,0.4998,0.9259,0.5695,0.4998,0.6350,0.7006,0.4998,0.7538,0.4998,0.2458,0.2991,0.3646,0.0737,0.0369,0.0737,0.1557,0.6760,0.8025,,0.1265,,53.11,,148.5,161.9,,0.094,1.466
1791428513.4493303,0.7006,0.7006,0.8767,0.5695,0.5695,0.5695,0.6350,0.5695,0.7538,0.4302,0.5695,0.3646,0.3646,0.1966,0.0942,0.0942,0.1229,0.6710,0.8025,,0.1315,,53.09,,149.1,161.7,1.095,0.095,1.415
1791428513.4806595,0.7006,0.6350,0.7006,0.4998,0.6350,0.4998,0.8030,0.4302,0.5695,0.5695,0.4998,0.2991,0.2991,0.0410,0.0410,0.1229,0.1557,0.6690,0.8035,,0.1345,,53.46,,148.0,161.5,,0.095,1.417
1791428513.5134203,0.7006,0.4998,0.8030,0.4998,0.4998,0.5695,0.8030,0.4998,0.6350,0.4998,0.4998,0.3646,0.3646,0.0574,0.0246,0.1557,0.1229,0.6660,0.7995,,0.1335,,53.35,,148.8,161.3,1.132,0.096,1.386
1791428513.5440764,0.3646,0.6350,0.7538,0.4998,0.5695,0.6350,0.8440,0.4302,0.8030,0.2458,0.4302,0.2991,0.2991,0.0574,0.0737,0.1966,0.1229,0.6720,0.8010,,0.1290,,52.65,,147.9,162.0,,0.099,1.863
1791428513.5770705,0.2458,0.5695,0.9054,0.5695,0.4998,0.7538,0.8030,0.4302,0.7006,0.3646,0.3646,0.2458,0.4302,0.1557,0.1229,0.0942,0.2458,,0.7980,,,,52.65,,147.2,161.1,,0.099,
1791428513.6103816,0.6350,0.4302,0.8767,0.4998,0.5695,0.4302,0.7006,0.6350,0.6350,0.3646,0.5695,0.2991,0.3646,0.1557,0.0410,0.1229,0.0942,0.6620,0.7995,,0.1375,,53.17,,147.4,161.2,,0.098,1.469
1791428513.6445844,0.4998,0.7538,0.7538,0.5695,0.4302,0.6350,0.8440,0.5695,0.4998,0.3646,0.4302,0.4302,0.3646,0.1557,0.0942,0.1557,0.1229,0.6700,0.7965,,0.1265,,51.67,,148.7,161.8,1.135,0.103,1.528
1791428513.6774044,0.7006,0.4302,0.7006,0.4998,0.4998,0.7538,0.7006,0.4998,0.7006,0.4998,0.3646,0.3646,0.2991,0.0369,0.0410,0.1229,0.1966,0.6720,0.7980,,0.1260,,51.46,,148.8,162.1,,0.103,1.370
1791428513.710315,0.4998,0.6350,0.8440,0.4302,0.5695,0.8030,0.5695,0.5695,0.7538,0.3646,0.2991,0.2458,0.2991,0.0942,0.0942,0.1966,0.0942,0.6680,0.7960,,0.1280,,51.76,,149.2,161.8,,0.102,1.364
1791428513.751728,0.4998,0.4998,0.8440,0.4302,0.5695,0.7006,0.6350,0.4302,0.6350,0.4302,0.5695,0.3646,0.4302,0.0246,0.0205,0.0737,0.1229,0.6680,0.7970,,0.1290,,51.28,,147.7,162.1,1.085,0.103,1.403
1791428513.78302,0.6350,0.6350,0.5695,0.4998,0.5695,0.7538,0.7538,0.4302,0.5695,0.3646,0.3646,0.3646,0.3646,0.1229,0.0410,0.1557,0.1229,0.6620,0.8030,,0.1410,,52.12,,147.7,162.1,1.096,0.102,1.363
1791428513.8141818,0.7006,0.4998,0.7538,0.5695,0.4998,0.6350,0.7006,0.4998,0.7538,0.4998,0.4302,0.3646,0.3646,0.0942,0.0410,0.1966,0.1229,0.6740,0.7980,,0.1240,,51.21,,147.3,162.0,1.068,0.104,1.413
1791428513.8452265,0.4998,0.7006,0.7538,0.4998,0.4998,0.5695,0.6350,0.3646,0.5695,0.5695,0.2458,0.3646,0.3646,0.0410,0.0410,0.1966,0.1557,0.6590,0.8000,,0.1410,,51.12,,148.2,162.2,1.110,0.107,1.454
1791428513.8780024,0.4302,0.4302,0.4302,0.3646,0.4998,0.4998,0.7006,0.7538,0.5695,0.3646,0.3646,0.3646,0.2991,0.0942,0.0369,0.0942,0.1557,0.6680,0.7980,,0.1300,,51.18,,148.1,162.1,,0.106,1.382
1791428513.9109652,0.7006,0.7006,0.7006,0.4998,0.4998,0.6350,0.7006,0.3646,0.7538,0.4998,0.3646,0.4998,0.2991,0.1229,0.0369,0.1966,0.1229,0.6620,0.7970,,0.1350,,51.56,,148.2,162.1,,0.105,1.382
1791428513.9451141,0.7006,0.8440,0.8030,0.5695,0.6350,0.6350,0.7006,0.4998,0.5695,0.3646,0.3646,0.3646,0.2991,0.0942,0.0369,0.0942,0.1229,0.6620,0.8020,,0.1400,,52.20,,148.9,162.8,,0.104,1.399
1791428513.9782207,0.4302,0.9423,0.8440,0.4998,0.5695,0.7538,0.7006,0.2991,0.4998,0.4998,0.4302,0.4302,0.3646,0.0942,0.0574,0.1557,0.1229,0.6680,0.7915,,0.1235,,51.75,,149.0,162.3,1.065,0.104,1.343
1791428514.0189304,0.4302,0.5695,0.5695,0.3646,0.7538,0.6350,0.7006,0.5695,0.6350,0.4998,0.3646,0.4998,0.3646,0.1557,0.0369,0.1229,0.0574,0.6710,0.8000,,0.1290,,51.04,,148.9,162.1,1.139,0.106,1.442
1791428514.050133,0.4998,0.4302,0.8767,0.4998,0.6350,0.7538,0.6350,0.4998,0.7538,0.2991,0.5695,0.4302,0.4302,0.1229,0.0737,0.1229,0.1229,0.6720,0.7950,,0.1230,,50.62,,148.7,162.4,1.140,0.106,1.875
1791428514.0807052,0.7538,0.5695,0.8440,0.4302,0.7006,0.5695,0.7538,0.4302,0.6350,0.3646,0.3646,0.3646,0.3646,0.1229,0.0942,0.2458,0.1229,0.6620,0.7940,,0.1320,,51.04,,148.9,163.4,1.023,0.105,1.295
1791428514.1119094,0.5695,0.5695,0.8440,0.4302,0.4998,0.6350,0.7538,0.8030,0.5695,0.3646,0.2458,0.4302,0.3646,0.0737,0.0246,0.1557,0.0942,0.6740,0.7970,,0.1230,,50.71,,149.1,163.7,1.144,0.105,1.413
1791428514.1449547,0.2991,0.4998,0.4998,0.5695,0.5695,0.4998,0.7006,0.3646,0.6350,0.2458,0.3646,0.3646,0.4302,0.0942,0.0942,0.0942,0.1229,,0.8015,,,,50.71,,150.2,163.8,1.040,0.105,
1791428514.1784627,0.6350,0.6350,0.7538,0.4998,0.7006,0.5695,0.7006,0.4302,0.7006,0.5695,0.5695,0.4302,0.4302,0.0574,0.0737,0.1229,0.1229,0.6630,0.7955,,0.1325,,50.95,,151.3,163.4,1.011,0.105,1.325
1791428514.211078,0.4998,0.8030,0.8440,0.4302,0.4998,0.6350,0.7538,0.4998,0.6350,0.4998,0.2458,0.2991,0.3646,0.0246,0.0942,0.0942,0.1229,0.6720,0.7995,,0.1275,,50.76,,150.7,163.8,,0.105,1.448
1791428514.2454026,0.4998,0.7006,0.9054,0.4998,0.5695,0.6350,0.6350,0.4302,0.4998,0.4302,0.2991,0.2991,0.3646,0.0574,0.0410,0.1229,0.1229,0.6720,0.7980,,0.1260,,50.21,,150.4,163.3,,0.107,1.406
1791428514.2780187,0.4998,0.7006,0.5695,0.4998,0.4998,0.7006,0.5695,0.6350,0.7006,0.4302,0.5695,0.4302,0.2991,0.1229,0.0737,0.1966,0.1966,0.6720,0.7995,,0.1275,,50.19,,149.5,163.7,,0.107,1.403
1791428514.317952,0.5695,0.6350,0.6350,0.4998,0.4302,0.4302,0.7006,0.3646,0.6350,0.4302,0.2991,0.3646,0.3646,0.1229,0.0369,0.0942,0.1229,0.6720,0.8010,,0.1290,,49.84,,149.4,163.9,1.138,0.108,1.533
1791428514.350815,0.8030,0.4302,0.5695,0.2991,0.7006,0.6350,0.7006,0.7006,0.7538,0.3646,0.1966,0.3646,0.3646,0.1229,0.0942,0.1557,0.1557,0.6720,0.7985,,0.1265,,50.10,,150.3,163.8,1.085,0.107,1.390
1791428514.3823025,0.7538,0.8440,0.5695,0.4302,0.4302,0.6350,0.7538,0.4302,0.5695,0.3646,0.4302,0.3646,0.4302,0.0574,0.0942,0.1557,0.1557,0.6740,0.7985,,0.1245,,49.57,,149.8,163.6,1.036,0.108,1.390
1791428514.4136775,0.4998,0.5695,0.6350,0.4302,0.4998,0.6350,0.8440,0.6350,0.7006,0.4998,0.2458,0.2991,0.3646,0.1229,0.0369,0.0942,0.0942,0.6720,0.7930,,0.1210,,49.62,,149.0,163.7,,0.107,1.376
1791428514.445642,0.7538,0.4998,0.8030,0.6350,0.6350,0.6350,0.8440,0.4302,0.7538,0.4998,0.4998,0.3646,0.4302,0.0942,0.0246,0.1229,0.1229,0.6730,0.7990,,0.1260,,49.77,,147.8,164.4,1.121,0.107,1.442
1791428514.4787252,0.6350,0.8030,0.7538,0.5695,0.5695,0.7538,0.8030,0.4998,0.4998,0.2991,0.2991,0.2991,0.4998,0.0942,0.0574,0.1229,0.0942,0.6620,0.8005,,0.1385,,50.60,,147.8,164.8,,0.106,
1791428514.5119348,0.8030,0.6350,0.8440,0.4302,0.5695,0.6350,0.8440,0.4302,0.7006,0.3646,0.4302,0.3646,0.4302,0.0737,0.0369,0.1229,0.1229,0.6710,0.7965,,0.1255,,49.79,,148.1,163.9,1.080,0.108,1.426
1791428514.545031,0.7538,0.5695,0.4302,0.5695,0.6350,0.7006,0.5695,0.3646,0.5695,0.4302,0.2458,0.3646,0.3646,0.0737,0.0410,0.1557,0.0942,0.6710,0.7995,,0.1285,,49.13,,147.7,164.8,1.167,0.111,1.535
1791428514.578402,0.7006,0.6350,0.6350,0.4998,0.4302,0.8030,0.4998,0.3646,0.4302,0.2458,0.4998,0.2991,0.2991,0.1229,0.0574,0.1557,0.1229,0.6630,0.7995,,0.1365,,49.50,,147.4,164.1,,0.111,1.798
1791428514.6124618,0.7538,0.5695,0.4998,0.3646,0.6350,0.6350,0.7006,0.4998,0.7538,0.2991,0.5695,0.3646,0.4302,0.1229,0.0737,0.1557,0.1966,0.6620,0.8070,,0.1450,,50.94,,147.5,164.0,1.073,0.108,1.714
1791428514.651086,0.4998,0.8030,0.7538,0.4998,0.3646,0.4302,0.7006,0.3646,0.7006,0.4302,0.4302,0.3646,0.3646,0.0369,0.0574,0.1229,0.1229,0.6680,0.7985,,0.1305,,51.17,,148.7,163.6,1.121,0.107,1.413
1791428514.682856,0.4998,0.4998,0.7538,0.5695,0.4998,0.6350,0.5695,0.4302,0.6350,0.4302,0.3646,0.3646,0.2991,0.0942,0.0942,0.0942,0.0942,0.6720,0.8010,,0.1290,,51.10,,149.2,164.1,,0.106,1.415
1791428514.7142327,0.5695,0.8440,0.8030,0.5695,0.8030,0.7538,0.8440,0.4302,0.8030,0.4302,0.2991,0.3646,0.2991,0.1966,0.0737,0.1557,0.1557,0.6630,0.8000,,0.1370,,51.60,,149.7,163.8,,0.105,1.301
1791428514.7458863,0.7006,0.6350,0.8440,0.4998,0.4998,0.4998,0.7538,0.5695,0.7006,0.4302,0.2458,0.3646,0.4302,0.1229,0.0942,0.1966,0.1557,0.6630,0.7995,,0.1365,,51.56,,150.3,163.7,1.105,0.106,1.489
1791428514.7782502,0.6350,0.8030,0.8440,0.5695,0.5695,0.6350,0.8030,0.3646,0.7538,0.4302,0.2991,0.4302,0.3646,0.0942,0.0369,0.1966,0.0942,0.6650,0.7995,,0.1345,,51.68,,149.9,163.7,1.108,0.106,1.403
1791428514.811602,0.5695,0.7006,0.6350,0.4998,0.6350,0.6350,0.6350,0.4302,0.5695,0.2991,0.3646,0.2991,0.3646,0.0410,0.0410,0.1557,0.0942,0.6630,0.8035,,0.1405,,51.77,,148.9,163.9,,0.106,1.765
1791428514.8458722,0.5695,0.6350,0.8030,0.4302,0.7538,0.7538,0.7538,0.4302,0.6350,0.2458,0.2991,0.4302,0.3646,0.1557,0.0942,0.1557,0.1229,0.6630,0.7990,,0.1360,,51.60,,148.8,163.5,1.108,0.107,
1791428514.8790946,0.6350,0.7006,0.7538,0.4302,0.6350,0.6350,0.7538,0.4998,0.7006,0.2991,0.1966,0.2991,0.3646,0.0942,0.1229,0.1557,0.1557,0.6630,0.8015,,0.1385,,51.24,,148.6,163.4,,0.109,
1791428514.9119291,0.5695,0.7006,0.7006,0.4302,0.7006,0.7006,0.6350,0.6350,0.6350,0.4302,0.4998,0.3646,0.3646,0.1229,0.0369,0.1966,0.2458,0.6630,0.8065,,0.1435,,51.97,,148.2,163.9,1.085,0.107,1.391
1791428514.9525313,0.3646,0.8030,0.2458,0.3646,0.4998,0.6350,0.7538,0.4998,0.7006,0.4302,0.2458,0.2991,0.2991,0.1557,0.0737,0.1966,0.0942,0.6630,0.7975,,0.1345,,51.88,,146.7,164.0,,0.107,1.410
1791428514.9851136,0.3646,0.7538,0.7006,0.4998,0.4998,0.5695,0.7538,0.4302,0.7006,0.2991,0.2991,0.3646,0.3646,0.0369,0.1229,0.0737,0.0942,0.6630,0.7985,,0.1355,,51.66,,146.9,164.2,1.078,0.108,
1791428515.0160832,0.4998,0.6350,0.4998,0.4998,0.4998,0.5695,0.4998,0.2991,0.6350,0.4302,0.4302,0.3646,0.3646,0.0369,0.0246,0.1557,0.1557,0.6710,0.8000,,0.1290,,51.19,,147.5,163.9,1.134,0.109,1.435
1791428515.04819,0.5695,0.7006,0.7006,0.5695,0.4998,0.7006,0.5695,0.4998,0.5695,0.3646,0.4998,0.3646,0.2991,0.0942,0.0205,0.2458,0.1229,0.6640,0.7940,,0.1300,,51.54,,146.8,163.0,,0.106,1.340
1791428515.0798988,0.5695,0.5695,0.8030,0.4302,0.4998,0.6350,0.7006,0.6350,0.7006,0.3646,0.2458,0.2991,0.3646,0.0410,0.0574,0.0369,0.0737,0.6630,0.7960,,0.1330,,51.67,,148.6,163.0,,0.106,1.369
1791428515.112207,0.8030,0.4302,0.7006,0.4998,0.6350,0.7538,0.6350,0.4998,0.8030,0.4998,0.4998,0.3646,0.4998,0.0410,0.0942,0.1557,0.1557,0.6730,0.8090,,0.1360,,52.61,,148.4,163.2,1.051,0.103,1.266
1791428515.145888,0.6350,0.7538,0.4302,0.4302,0.4998,0.5695,0.8030,0.4998,0.5695,0.4998,0.4302,0.3646,0.4302,0.0942,0.0942,0.1229,0.1229,0.6710,0.7990,,0.1280,,51.91,,148.9,163.2,1.099,0.104,1.449
1791428515.1785142,0.3646,0.8030,0.8440,0.4302,0.6350,0.5695,0.8440,0.4998,0.5695,0.5695,0.4998,0.4998,0.3646,0.0737,0.0574,0.0942,0.0942,0.6630,0.8020,,0.1390,,52.03,,149.7,162.8,1.117,0.105,1.420
1791428515.211987,0.5695,0.6350,0.8030,0.6350,0.6350,0.6350,0.5695,0.5695,0.6350,0.4998,0.2458,0.3646,0.3646,0.0737,0.0942,0.0737,0.1229,0.6630,0.7945,,0.1315,,51.79,,149.7,162.6,1.077,0.105,1.356
1791428515.2454162,0.4998,0.5695,0.7538,0.4302,0.4302,0.7006,0.7006,0.3646,0.7006,0.3646,0.4998,0.2991,0.2991,0.0574,0.0410,0.0942,0.1229,0.6720,0.7975,,0.1255,,51.65,,149.9,162.1,,0.104,1.338
1791428515.28579,0.5695,0.4998,0.8030,0.4302,0.5695,0.6350,0.7538,0.4998,0.7006,0.2991,0.1966,0.2991,0.3646,0.0410,0.1229,0.1557,0.1557,0.6630,0.7980,,0.1350,,51.54,,148.6,162.2,,0.105,
1791428515.3168638,0.6350,0.7538,0.8030,0.5695,0.6350,0.7006,0.6350,0.3646,0.7538,0.3646,0.4998,0.2458,0.4302,0.1229,0.0410,0.1229,0.0942,0.6630,0.7960,,0.1330,,51.46,,148.5,162.1,,0.106,1.399
1791428515.3480728,0.5695,0.5695,0.7538,0.4302,0.5695,0.5695,0.7006,0.4302,0.5695,0.2991,0.4302,0.3646,0.4302,0.0410,0.0737,0.1229,0.1557,0.6630,0.8040,,0.1410,,51.63,,148.0,162.1,1.046,0.106,1.820
1791428515.3800907,0.5695,0.6350,0.8030,0.4302,0.4998,0.5695,0.5695,0.5695,0.7538,0.2458,0.3646,0.2991,0.3646,0.1557,0.0574,0.1557,0.0942,0.6760,0.8015,,0.1255,,50.81,,148.8,162.1,,0.108,1.935
1791428515.4124222,0.5695,0.7538,0.4302,0.4302,0.7006,0.4998,0.6350,0.4302,0.9054,0.3646,0.1557,0.2991,0.2991,0.0369,0.0737,0.1229,0.1229,0.6630,0.8025,,0.1395,,51.20,,149.0,162.4,,0.108,1.437
1791428515.4464536,0.7006,0.4998,0.4302,0.5695,0.5695,0.7006,0.7538,0.5695,0.5695,0.4302,0.3646,0.3646,0.2991,0.0737,0.1229,0.1229,0.1557,0.6700,0.7990,,0.1290,,51.50,,149.2,162.2,,0.106,1.340
1791428515.4802778,0.5695,0.4998,0.7006,0.4998,0.4998,0.7006,0.7006,0.4998,0.8030,0.4302,0.1557,0.3646,0.2991,0.0737,0.0369,0.1229,0.0737,0.6700,0.7980,,0.1280,,51.34,,149.6,161.9,,0.106,1.425
1791428515.5127635,0.4302,0.4998,0.7538,0.4302,0.4998,0.6350,0.7538,0.5695,0.4998,0.4302,0.4302,0.2458,0.2458,0.0410,0.0369,0.1229,0.1557,0.6710,0.8015,,0.1305,,51.11,,149.9,162.6,,0.106,1.453
1791428515.5464845,0.5695,0.8030,0.6350,0.5695,0.6350,0.3646,0.7538,0.4302,0.4998,0.4998,0.3646,0.4302,0.3646,0.0574,0.0410,0.0942,0.1229,0.6630,0.8025,,0.1395,,51.51,,149.1,162.7,1.125,0.106,1.408
1791428515.585732,0.7006,0.6350,0.7006,0.4302,0.6350,0.7538,0.7538,0.2991,0.5695,0.4302,0.2458,0.4302,0.3646,0.1229,0.0942,0.1557,0.1557,0.6630,0.8025,,0.1395,,51.38,,149.4,162.8,1.080,0.107,1.433
1791428515.617602,0.4998,0.7006,0.8440,0.4302,0.6350,0.7538,0.5695,0.4998,0.7006,0.2991,0.3646,0.3646,0.2991,0.1229,0.0737,0.1229,0.1229,0.6750,0.7970,,0.1220,,50.96,,149.5,162.6,,0.107,1.803
1791428515.6493049,0.4998,0.5695,0.7006,0.4998,0.4998,0.7006,0.7006,0.4302,0.6350,0.4302,0.2991,0.3646,0.2991,0.0410,0.0942,0.0942,0.1557,0.6710,0.8025,,0.1315,,50.72,,149.5,162.6,,0.108,1.433
1791428515.680789,0.7006,0.3646,0.7006,0.6350,0.7006,0.8030,0.7538,0.4302,0.7538,0.3646,0.2458,0.3646,0.3646,0.0369,0.0410,0.1229,0.0737,0.6710,0.8000,,0.1290,,50.33,,149.4,162.6,1.057,0.109,1.447
1791428515.7145286,0.6350,0.6350,0.6350,0.4998,0.4302,0.6350,0.7006,0.4998,0.6350,0.4302,0.3646,0.3646,0.3646,0.0942,0.0942,0.1557,0.1966,0.6630,0.7855,,0.1225,,49.96,,141.2,162.4,0.983,0.109,1.300
1791428515.7459984,0.6350,0.6350,0.5695,0.4998,0.6350,0.6350,0.7006,0.3646,0.8030,0.3646,0.4302,0.3646,0.2991,0.0410,0.0369,0.1557,0.1557,0.6630,0.7995,,0.1365,,49.95,,143.3,162.0,,0.110,1.454
1791428515.7797105,0.7006,0.5695,0.1966,0.4302,0.5695,0.7538,0.8030,0.5695,0.8030,0.4302,0.4302,0.4302,0.4302,0.0942,0.0574,0.0942,0.1229,0.6710,0.7975,,0.1265,,49.49,,143.4,161.7,1.098,0.111,1.411
1791428515.8136637,0.6350,0.4998,0.7538,0.3646,0.5695,0.6350,0.7006,0.4998,0.6350,0.5695,0.1557,0.4302,0.4302,0.0942,0.0574,0.1229,0.1557,0.6630,0.8000,,0.1370,,50.27,,144.4,161.7,1.073,0.109,1.343
1791428515.8548515,0.7006,0.6350,0.6350,0.4998,0.5695,0.5695,0.5695,0.4302,0.6350,0.4302,0.2991,0.4302,0.4302,0.1229,0.0574,0.1229,0.0942,0.6630,0.8045,,0.1415,,50.84,,145.3,161.5,1.140,0.109,1.471
1791428515.8867357,0.7006,0.8767,0.8767,0.4998,0.6350,0.4998,0.8440,0.4998,0.7538,0.4302,0.3646,0.3646,0.3646,0.0942,0.0246,0.1229,0.0942,0.6720,0.8020,,0.1300,,50.71,,145.6,161.6,1.169,0.109,1.429
1791428515.9192722,0.4998,0.4302,0.7538,0.5695,0.7006,0.4998,0.5695,0.4302,0.5695,0.4998,0.2991,0.2991,0.2991,0.1229,0.1557,0.0942,0.1229,0.6630,0.7815,,0.1185,,50.22,,138.9,161.5,,0.108,1.340
1791428515.9507275,0.4998,0.4302,0.2458,0.4302,0.7538,0.6350,0.7538,0.5695,0.7538,0.4998,0.3646,0.3646,0.4302,0.0942,0.0246,0.1966,0.0942,0.6710,0.8025,,0.1315,,49.95,,141.4,161.9,1.187,0.109,1.480
1791428515.981962,0.6350,0.7538,0.8030,0.4302,0.5695,0.7538,0.7538,0.3646,0.8030,0.2991,0.3646,0.4302,0.2991,0.0410,0.0942,0.1229,0.0942,0.6720,0.8035,,0.1315,,50.30,,142.5,161.9,,0.108,1.777
1791428516.0144646,0.3646,0.6350,0.3646,0.5695,0.5695,0.5695,0.7006,0.5695,0.8440,0.4302,0.4302,0.3646,0.4302,0.0942,0.0942,0.0942,0.1229,0.6630,0.8030,,0.1400,,51.16,,144.3,162.4,1.058,0.107,1.378
1791428516.0471017,0.7538,0.5695,0.7538,0.4302,0.5695,0.7006,0.7538,0.5695,0.7538,0.4302,0.2991,0.2991,0.2991,0.1557,0.0737,0.1966,0.0942,0.6710,0.8040,,0.1330,,51.26,,145.3,162.0,,0.106,1.403
1791428516.080503,0.4302,0.4302,0.8030,0.6350,0.7006,0.4998,0.5695,0.4302,0.5695,0.3646,0.4302,0.4302,0.2991,0.1229,0.0369,0.0942,0.0737,0.6700,0.7990,,0.1290,,51.17,,145.5,162.3,,0.106,1.430
1791428516.1140804,0.6350,0.4998,0.8767,0.4998,0.6350,0.5695,0.5695,0.5695,0.7538,0.4302,0.3646,0.3646,0.3646,0.1557,0.0410,0.1557,0.1557,0.6630,0.7950,,0.1320,,50.70,,146.5,162.4,1.093,0.108,1.387
1791428516.1476045,0.7006,0.6350,0.6350,0.5695,0.7006,0.5695,0.6350,0.3646,0.7538,0.3646,0.4302,0.3646,0.3646,0.0737,0.0942,0.1229,0.0942,0.6710,0.7990,,0.1280,,49.73,,147.0,162.3,1.151,0.111,1.502
1791428516.1874955,0.3646,0.4302,0.2458,0.6350,0.4998,0.5695,0.6350,0.3646,0.5695,0.5695,0.2458,0.3646,0.3646,0.0574,0.0410,0.2458,0.1557,0.6630,0.7940,,0.1310,,49.80,,147.9,162.0,1.073,0.111,1.388
1791428516.2199545,0.4998,0.7538,0.7006,0.4998,0.5695,0.6350,0.7006,0.3646,0.7006,0.4302,0.3646,0.2991,0.3646,0.0246,0.0369,0.1229,0.1557,0.6630,0.7995,,0.1365,,50.12,,149.0,162.2,,0.110,1.384
1791428516.251025,0.4998,0.7538,0.8030,0.6350,0.4998,0.6350,0.7006,0.4998,0.4998,0.2991,0.3646,0.4302,0.4302,0.0246,0.0205,0.0942,0.1229,0.6720,0.8020,,0.1300,,50.59,,148.4,162.1,1.030,0.108,1.718
1791428516.2825663,0.7006,0.7006,0.7538,0.4998,0.5695,0.6350,0.8767,0.4998,0.7006,0.4302,0.3646,0.3646,0.2991,0.0942,0.0246,0.0942,0.0942,0.6630,0.7990,,0.1360,,50.57,,148.2,162.5,,0.109,1.426
1791428516.3142707,0.2991,0.4998,0.4302,0.5695,0.8440,0.6350,0.4302,0.4302,0.4302,0.3646,0.2458,0.2991,0.2991,0.0574,0.0574,0.0942,0.1229,,0.7995,,,,50.57,,147.7,162.3,,0.109,
1791428516.3469875,0.4998,0.6350,0.5695,0.5695,0.4998,0.6350,0.6350,0.5695,0.5695,0.2991,0.4302,0.3646,0.3646,0.0574,0.0410,0.1557,0.1557,0.6710,0.8025,,0.1315,,49.82,,147.9,162.4,1.180,0.112,1.977
1791428516.3811727,0.4998,0.5695,0.7006,0.4998,0.6350,0.6350,0.7006,0.4302,0.5695,0.4302,0.3646,0.4302,0.4302,0.0410,0.0205,0.0737,0.0942,0.6710,0.8005,,0.1295,,50.48,,149.2,162.4,1.084,0.109,1.313
1791428516.4145885,0.6350,0.8440,0.7006,0.6350,0.4998,0.7006,0.7006,0.3646,0.6350,0.4302,0.4302,0.3646,0.3646,0.0410,0.1229,0.1557,0.1229,0.6720,0.8020,,0.1300,,50.89,,149.5,162.5,1.064,0.107,1.344
1791428516.447868,0.4998,0.4998,0.7006,0.4998,0.6350,0.4998,0.7006,0.4998,0.7006,0.3646,0.2991,0.4302,0.2991,0.0410,0.0246,0.1229,0.0942,0.6650,0.7950,,0.1300,,50.71,,149.5,162.2,,0.107,1.325
1791428516.4889104,0.5695,0.5695,0.7538,0.4998,0.6350,0.6350,0.7538,0.4302,0.6350,0.4302,0.2991,0.4998,0.4302,0.0942,0.0737,0.0737,0.0574,0.6720,0.8025,,0.1305,,50.84,,149.0,162.2,1.142,0.107,1.414
1791428516.5207448,0.7006,0.7006,0.7538,0.4998,0.7006,0.6350,0.7006,0.6350,0.7006,0.3646,0.1966,0.3646,0.2991,0.1557,0.0737,0.2458,0.1557,0.6630,0.7965,,0.1335,,50.63,,149.0,162.2,,0.108,1.448
1791428516.5523438,0.6350,0.7006,0.8030,0.4998,0.7006,0.7006,0.7538,0.4302,0.7538,0.4998,0.2991,0.4302,0.4302,0.1229,0.0574,0.0737,0.0942,0.6710,0.8025,,0.1315,,50.59,,148.4,161.6,1.106,0.108,1.403
1791428516.5841632,0.4998,0.5695,0.8030,0.5695,0.5695,0.5695,0.6350,0.6350,0.7538,0.3646,0.3646,0.4302,0.2991,0.0410,0.0942,0.0737,0.0942,0.6720,0.8070,,0.1350,,51.50,,148.3,162.4,,0.105,1.394
1791428516.6160636,0.6350,0.7538,0.7538,0.3646,0.6350,0.6350,0.7006,0.3646,0.7006,0.4302,0.2458,0.3646,0.4302,0.1966,0.0942,0.1557,0.1229,0.6710,0.8030,,0.1320,,51.40,,148.2,162.7,1.064,0.105,1.375
1791428516.6482875,0.4302,0.7006,0.8030,0.5695,0.4998,0.5695,0.8030,0.2991,0.5695,0.4998,0.4302,0.4302,0.4302,0.1229,0.0246,0.0737,0.1557,0.6630,0.8020,,0.1390,,51.60,,148.8,162.6,1.087,0.106,1.374
1791428516.681566,0.4302,0.5695,0.8030,0.5695,0.7538,0.7006,0.7538,0.4998,0.5695,0.4302,0.4998,0.4302,0.2991,0.1557,0.0205,0.1229,0.0737,0.6650,0.8005,,0.1355,,51.22,,149.2,162.9,,0.108,1.489
1791428516.714862,0.6350,0.6350,0.7006,0.4998,0.4998,0.7006,0.7006,0.7006,0.4998,0.3646,0.2991,0.2991,0.3646,0.0410,0.0410,0.1557,0.1229,0.6750,0.8040,,0.1290,,51.35,,149.6,162.3,,0.106,1.475
1791428516.7472467,0.8030,0.7006,0.8440,0.4998,0.3646,0.6350,0.8030,0.4302,0.6350,0.4998,0.4998,0.3646,0.3646,0.0942,0.0942,0.1557,0.1229,0.6710,0.8030,,0.1320,,51.25,,149.8,162.1,1.119,0.107,1.465
1791428516.7812257,0.4998,0.7006,0.7538,0.4998,0.4302,0.5695,0.5695,0.4998,0.4998,0.4302,0.4302,0.3646,0.4302,0.1557,0.0942,0.1557,0.1966,0.6630,0.7995,,0.1365,,51.77,,150.7,161.6,1.072,0.105,1.307
1791428516.8229003,0.7006,0.5695,0.4302,0.4302,0.5695,0.5695,0.6350,0.4302,0.7538,0.3646,0.1966,0.4302,0.3646,0.0410,0.0205,0.0942,0.0942,0.6750,0.8040,,0.1290,,51.71,,150.3,162.1,1.074,0.105,1.348
1791428516.854159,0.3646,0.8030,0.4998,0.4302,0.5695,0.6350,0.6350,0.5695,0.6350,0.4302,0.4302,0.3646,0.3646,0.0369,0.0942,0.0942,0.1557,0.6700,0.8030,,0.1330,,52.33,,150.4,162.0,0.970,0.102,1.259
1791428516.8844671,0.6350,0.7006,0.7006,0.4998,0.5695,0.7006,0.8440,0.4998,0.3646,0.4302,0.3646,0.4302,0.3646,0.0942,0.0942,0.1966,0.1229,0.6640,0.7960,,0.1320,,52.12,,150.1,161.8,1.112,0.103,1.373
1791428516.9153175,0.4998,0.5695,0.7538,0.5695,0.5695,0.6350,0.6350,0.3646,0.7538,0.4998,0.4302,0.2991,0.2991,0.0942,0.0369,0.1557,0.0942,0.6630,0.8040,,0.1410,,51.89,,150.2,161.8,,0.105,1.441
1791428516.9478202,0.5695,0.6350,0.8030,0.3646,0.4998,0.6350,0.7006,0.4998,0.6350,0.2991,0.4302,0.2991,0.3646,0.0942,0.0737,0.1229,0.1229,0.6640,0.7835,,0.1195,,51.57,,141.9,161.9,,0.104,1.737
1791428516.9812841,0.3646,0.8030,0.5695,0.3646,0.7006,0.5695,0.6350,0.4302,0.6350,0.2991,0.1557,0.3646,0.2458,0.0737,0.0574,0.1557,0.1557,0.6630,0.8015,,0.1385,,51.48,,143.1,162.5,,0.106,
1791428517.015678,0.6350,0.7538,0.7538,0.5695,0.7006,0.7006,0.6350,0.7006,0.4998,0.2991,0.3646,0.3646,0.2991,0.1229,0.0369,0.1229,0.1557,0.6630,0.8045,,0.1415,,51.92,,144.1,162.8,,0.105,1.785
1791428517.0482237,0.6350,0.4302,0.8030,0.6350,0.6350,0.5695,0.8030,0.4302,0.7538,0.4302,0.4302,0.2991,0.2458,0.0942,0.0942,0.1557,0.1229,0.6630,0.8030,,0.1400,,52.05,,144.6,162.5,,0.106,1.356
1791428517.0815396,0.6350,0.5695,0.7538,0.5695,0.7006,0.5695,0.7538,0.4302,0.5695,0.4998,0.4302,0.3646,0.3646,0.0410,0.0737,0.1557,0.0942,0.6630,0.7950,,0.1320,,51.48,,145.9,162.6,1.110,0.107,1.409
1791428517.1213353,0.4302,0.5695,0.8030,0.5695,0.6350,0.6350,0.5695,0.4302,0.5695,0.2991,0.2458,0.4302,0.3646,0.1229,0.0410,0.0942,0.1229,0.6700,0.7995,,0.1295,,51.21,,145.5,162.6,1.185,0.108,
1791428517.1531448,0.5695,0.8030,0.7538,0.6350,0.6350,0.5695,0.7538,0.5695,0.4998,0.2458,0.4302,0.4302,0.3646,0.1229,0.0246,0.2458,0.1557,0.6640,0.7990,,0.1350,,51.48,,146.3,162.6,1.121,0.107,1.785
1791428517.184747,0.4998,0.5695,0.7538,0.4998,0.6350,0.6350,0.8440,0.6350,0.5695,0.4998,0.3646,0.4302,0.2991,0.0942,0.0574,0.1229,0.1229,0.6630,0.7975,,0.1345,,51.07,,147.6,162.4,,0.108,1.384
1791428517.215292,0.7006,0.6350,0.6350,0.5695,0.3646,0.4302,0.8030,0.7538,0.7538,0.4302,0.4302,0.4302,0.3646,0.0942,0.0369,0.0942,0.1229,0.6630,0.7990,,0.1360,,51.03,,147.6,162.6,1.088,0.109,1.379
1791428517.2488022,0.7006,0.7538,0.4998,0.4302,0.7538,0.5695,0.7006,0.2991,0.7006,0.5695,0.2991,0.3646,0.4302,0.1557,0.0574,0.2458,0.1229,0.6650,0.8005,,0.1355,,50.60,,147.3,162.6,1.130,0.111,1.413
1791428517.281718,0.6350,0.8030,0.7538,0.6350,0.7538,0.7006,0.6350,0.4302,0.4998,0.5695,0.2991,0.4302,0.4302,0.1229,0.0410,0.1229,0.0410,0.6710,0.7870,,0.1160,,50.14,,139.5,162.6,1.005,0.109,1.294
1791428517.3152285,0.6350,0.7538,0.4998,0.4302,0.6350,0.6350,0.6350,0.4302,0.7006,0.4998,0.2991,0.3646,0.3646,0.1557,0.0369,0.1229,0.1557,0.6630,0.7975,,0.1345,,49.87,,140.9,162.9,1.106,0.111,1.414
1791428517.3484411,0.6350,0.6350,0.8030,0.4998,0.7538,0.6350,0.5695,0.3646,0.5695,0.4302,0.1229,0.3646,0.4302,0.0737,0.0410,0.1229,0.1229,0.6630,0.8010,,0.1380,,50.70,,143.0,163.2,1.104,0.109,1.367
1791428517.3891149,0.7006,0.6350,0.6350,0.4302,0.4302,0.6350,0.7538,0.2991,0.7538,0.4302,0.1966,0.3646,0.2991,0.0574,0.0410,0.1557,0.0942,0.6720,0.8025,,0.1305,,51.01,,144.8,163.2,,0.107,1.355
1791428517.4217165,0.6350,0.7538,0.8030,0.5695,0.7538,0.7006,0.8440,0.4998,0.7006,0.4302,0.3646,0.2991,0.3646,0.1229,0.0737,0.1557,0.1229,0.6710,0.7975,,0.1265,,50.83,,145.4,162.5,,0.107,1.336
1791428517.452501,0.5695,0.7006,0.7538,0.4302,0.4302,0.7006,0.7006,0.4998,0.6350,0.4302,0.4302,0.4302,0.3646,0.0410,0.0205,0.1557,0.0737,0.6740,0.8045,,0.1305,,51.23,,146.9,162.4,1.130,0.105,1.419
1791428517.4846213,0.7006,0.6350,0.7538,0.4998,0.4998,0.6350,0.7006,0.5695,0.5695,0.4998,0.4998,0.4302,0.2991,0.1229,0.0942,0.1557,0.0737,0.6630,0.7980,,0.1350,,51.08,,147.7,162.1,,0.106,1.400
1791428517.5158305,0.7006,0.4998,0.5695,0.4998,0.6350,0.8030,0.6350,0.5695,0.6350,0.4998,0.2991,0.3646,0.3646,0.0737,0.0369,0.1229,0.1229,0.6750,0.7985,,0.1235,,51.06,,148.0,161.5,1.057,0.105,1.318
1791428517.548657,0.7006,0.7006,0.7006,0.5695,0.4998,0.5695,0.6350,0.4998,0.6350,0.4998,0.1966,0.2991,0.3646,0.0737,0.0574,0.0942,0.1557,0.6630,0.8015,,0.1385,,50.97,,148.1,161.7,,0.107,1.411
1791428517.5828807,0.4998,0.5695,0.5695,0.4302,0.6350,0.5695,0.7538,0.4998,0.7006,0.4302,0.1966,0.3646,0.3646,0.0942,0.0737,0.1229,0.0942,0.6740,0.7960,,0.1220,,50.33,,148.6,162.0,1.136,0.108,1.430
1791428517.6153474,0.7006,0.6350,0.8030,0.4302,0.7538,0.6350,0.6350,0.4998,0.6350,0.4302,0.4998,0.4302,0.3646,0.0942,0.0574,0.1557,0.1966,0.6680,0.7955,,0.1275,,50.43,,148.0,162.0,1.020,0.107,1.292
1791428517.6491816,0.5695,0.7538,0.3646,0.5695,0.5695,0.7006,0.8030,0.3646,0.6350,0.2991,0.4998,0.4302,0.3646,0.0942,0.0942,0.1229,0.0942,0.6630,0.7990,,0.1360,,50.06,,147.7,162.3,1.179,0.109,1.912
1791428517.6900663,0.6350,0.5695,0.7538,0.4302,0.7538,0.8030,0.7538,0.4302,0.5695,0.4302,0.2458,0.3646,0.3646,0.0737,0.0737,0.1229,0.1229,0.6750,0.8000,,0.1250,,50.05,,148.8,162.8,1.129,0.109,1.457
1791428517.7213902,0.7538,0.7006,0.8030,0.4998,0.5695,0.7538,0.8030,0.4302,0.7006,0.4302,0.1966,0.3646,0.3646,0.0942,0.0369,0.1557,0.0737,0.6750,0.7815,,0.1065,,49.38,,141.5,162.7,1.079,0.107,1.330
1791428517.7519202,0.4302,0.7006,0.1966,0.4998,0.7006,0.7538,0.7006,0.6350,0.7006,0.4998,0.2458,0.4302,0.4302,0.1229,0.0942,0.1229,0.0942,0.6630,0.7975,,0.1345,,49.52,,142.7,162.6,1.142,0.108,1.383
1791428517.7830665,0.7538,0.7006,0.7538,0.4998,0.5695,0.7006,0.8030,0.4998,0.6350,0.3646,0.4998,0.4302,0.3646,0.1229,0.0737,0.1229,0.0942,0.6750,0.8005,,0.1255,,49.42,,144.0,162.5,1.085,0.108,1.394
1791428517.8155868,0.6350,0.6350,0.2458,0.4302,0.6350,0.7006,0.8030,0.6350,0.4998,0.4302,0.3646,0.2991,0.3646,0.0737,0.0942,0.0942,0.1229,0.6690,0.7985,,0.1295,,49.83,,145.3,162.4,,0.107,1.396
1791428517.8494837,0.4302,0.5695,0.6350,0.4998,0.5695,0.6350,0.8030,0.4998,0.6350,0.4302,0.2458,0.3646,0.4302,0.1229,0.0942,0.1229,0.0942,0.6720,0.8015,,0.1295,,49.25,,146.1,162.9,1.164,0.110,1.499
1791428517.8820152,0.8030,0.5695,0.6350,0.4998,0.4998,0.6350,0.7538,0.4302,0.4998,0.4302,0.1557,0.3646,0.2991,0.0737,0.1229,0.1557,0.1229,0.6750,0.7980,,0.1230,,48.77,,146.5,162.0,,0.111,1.450
1791428517.9153829,0.7538,0.3646,0.7538,0.4302,0.7006,0.4998,0.7006,0.4302,0.7006,0.3646,0.1966,0.3646,0.3646,0.1229,0.0737,0.1229,0.1557,0.6720,0.8020,,0.1300,,48.57,,147.3,162.7,1.164,0.112,1.472
1791428517.9492376,0.5695,0.4302,0.7006,0.4302,0.7538,0.5695,0.7538,0.3646,0.4998,0.3646,0.2991,0.4302,0.4302,0.1557,0.0737,0.1557,0.1557,0.6630,0.8020,,0.1390,,49.28,,146.5,162.9,1.136,0.112,1.493
1791428517.9895241,0.8030,0.5695,0.7006,0.5695,0.7006,0.6350,0.8440,0.4302,0.5695,0.3646,0.1966,0.3646,0.3646,0.0942,0.0369,0.1966,0.1229,0.6680,0.7955,,0.1275,,48.94,,146.8,162.8,1.014,0.113,1.430
1791428518.0213337,0.6350,0.6350,0.7538,0.5695,0.7538,0.6350,0.7006,0.3646,0.5695,0.4998,0.5695,0.4302,0.2991,0.0942,0.0574,0.0942,0.1557,0.6720,0.7980,,0.1260,,48.88,,147.0,162.5,,0.112,1.425
1791428518.0526235,0.2991,0.5695,0.3646,0.3646,0.7538,0.4998,0.8440,0.3646,0.6350,0.3646,0.2991,0.3646,0.4302,0.0574,0.0942,0.0574,0.1229,,0.8010,,,,48.88,,147.7,163.0,1.139,0.112,
1791428518.0843966,0.5695,0.7538,0.7006,0.4302,0.7538,0.5695,0.8030,0.4302,0.8440,0.4302,0.1966,0.4302,0.4998,0.0942,0.0410,0.0942,0.0574,0.6730,0.7985,,0.1255,,48.98,,147.2,162.8,1.105,0.111,1.423
1791428518.1164334,0.5695,0.4998,0.7006,0.4998,0.7006,0.6350,0.7006,0.4302,0.7006,0.4998,0.1966,0.2991,0.3646,0.0737,0.0737,0.1229,0.1966,0.6750,0.7970,,0.1220,,48.54,,147.0,163.0,,0.112,1.427
1791428518.149805,0.7006,0.4998,0.6350,0.3646,0.7006,0.6350,0.6350,0.5695,0.9054,0.4302,0.3646,0.4302,0.4302,0.0942,0.0574,0.1229,0.0737,0.6730,0.8005,,0.1275,,48.78,,147.5,163.0,1.192,0.111,1.469
1791428518.1829715,0.7006,0.5695,0.4998,0.4998,0.6350,0.7006,0.8440,0.3646,0.5695,0.2991,0.4998,0.4302,0.4998,0.1229,0.0942,0.0942,0.0737,0.6730,0.7990,,0.1260,,48.72,,147.1,162.7,1.201,0.111,1.867
1791428518.2168703,0.6350,0.7006,0.2991,0.4998,0.5695,0.6350,0.7006,0.4998,0.7538,0.3646,0.2991,0.3646,0.2991,0.0737,0.0574,0.1229,0.0942,0.6630,0.8025,,0.1395,,49.35,,146.6,162.7,,0.111,1.351
1791428518.249842,0.8440,0.4998,0.7006,0.4302,0.5695,0.5695,0.8030,0.3646,0.7538,0.4302,0.2458,0.4302,0.2991,0.1229,0.0942,0.1557,0.1229,0.6750,0.7990,,0.1240,,49.32,,148.3,162.4,,0.110,1.401
1791428518.2909372,0.7538,0.6350,0.5695,0.4302,0.6350,0.7538,0.8767,0.4998,0.7006,0.4998,0.2458,0.4302,0.4302,0.0369,0.0246,0.1557,0.0942,0.6740,0.7985,,0.1245,,49.40,,149.2,162.3,1.050,0.109,1.314
1791428518.3223777,0.5695,0.7006,0.3646,0.5695,0.7538,0.5695,0.8030,0.4302,0.6350,0.3646,0.2991,0.3646,0.2991,0.0737,0.0737,0.1229,0.1229,0.6690,0.8005,,0.1315,,49.81,,149.2,162.7,,0.108,1.469
1791428518.353561,0.7006,0.6350,0.2458,0.4998,0.6350,0.7538,0.8440,0.5695,0.7006,0.4302,0.1966,0.4302,0.4302,0.1229,0.0369,0.1557,0.1557,0.6690,0.8040,,0.1350,,50.41,,150.1,163.0,1.140,0.107,1.422
1791428518.386072,0.6350,0.4998,0.7538,0.4998,0.7538,0.5695,0.6350,0.5695,0.6350,0.2991,0.4998,0.4302,0.4302,0.0574,0.0942,0.1229,0.0942,0.6750,0.8010,,0.1260,,49.98,,148.6,162.8,1.124,0.108,1.894
1791428518.4165335,0.7538,0.5695,0.7006,0.4302,0.5695,0.8030,0.8030,0.4998,0.7006,0.3646,0.4302,0.3646,0.3646,0.0942,0.0574,0.0942,0.0737,0.6750,0.8020,,0.1270,,50.25,,148.6,162.8,1.061,0.107,1.385
1791428518.449665,0.8440,0.4302,0.7006,0.3646,0.6350,0.5695,0.8030,0.4302,0.4998,0.3646,0.4998,0.4302,0.2991,0.0942,0.0737,0.1229,0.1557,0.6750,0.8040,,0.1290,,50.56,,148.0,162.5,,0.106,1.303
1791428518.4836183,0.6350,0.4998,0.7006,0.4998,0.5695,0.5695,0.7538,0.4302,0.6350,0.5695,0.2458,0.3646,0.3646,0.0942,0.0574,0.1966,0.0942,0.6750,0.8045,,0.1295,,50.95,,147.5,162.6,1.097,0.104,1.405
1791428518.5163665,0.7538,0.4998,0.2458,0.4998,0.4302,0.5695,0.8030,0.4998,0.6350,0.3646,0.3646,0.3646,0.2991,0.1229,0.0737,0.0942,0.0942,0.6750,0.7995,,0.1245,,50.84,,147.0,162.7,,0.104,1.386
1791428518.550472,0.8030,0.4998,0.8030,0.4302,0.4998,0.6350,0.6350,0.3646,0.7006,0.3646,0.4998,0.3646,0.4998,0.1557,0.0574,0.1229,0.0942,0.6750,0.7925,,0.1175,,50.20,,148.5,162.2,1.052,0.105,1.349
1791428518.590401,0.4998,0.8030,0.5695,0.5695,0.7006,0.7538,0.7538,0.4998,0.6350,0.3646,0.2458,0.3646,0.3646,0.0737,0.0942,0.1557,0.0942,0.6730,0.7980,,0.1250,,49.59,,148.8,161.8,1.095,0.107,1.455
1791428518.6221814,0.6350,0.6350,0.4998,0.4998,0.7006,0.5695,0.7538,0.4302,0.5695,0.4302,0.6350,0.4302,0.3646,0.0410,0.0737,0.0942,0.1229,0.6730,0.8005,,0.1275,,49.99,,148.4,161.8,1.024,0.106,1.321
1791428518.6533267,0.8030,0.8030,0.7006,0.4998,0.3646,0.7006,0.7006,0.4302,0.5695,0.4302,0.1966,0.4302,0.2991,0.0942,0.0942,0.1557,0.1229,0.6690,0.7975,,0.1285,,49.86,,147.2,161.8,,0.107,1.424
1791428518.685334,0.7538,0.4998,0.8030,0.6350,0.5695,0.7006,0.5695,0.4998,0.6350,0.3646,0.4998,0.3646,0.3646,0.1229,0.0369,0.1229,0.1229,0.6730,0.7965,,0.1235,,49.09,,147.9,161.9,1.162,0.109,1.499
1791428518.717424,0.8030,0.4998,0.7006,0.4302,0.4302,0.6350,0.7006,0.5695,0.7006,0.3646,0.2991,0.2991,0.2991,0.0574,0.0737,0.1557,0.2458,0.6730,0.7975,,0.1245,,48.85,,148.1,161.9,,0.110,1.379
1791428518.7500527,0.5695,0.6350,0.8440,0.5695,0.5695,0.6350,0.8030,0.4302,0.5695,0.3646,0.1966,0.3646,0.3646,0.1966,0.0369,0.1557,0.1229,0.6750,0.7955,,0.1205,,48.58,,147.4,162.0,1.065,0.110,1.419
1791428518.7840996,0.4302,0.4998,0.7006,0.4302,0.7006,0.6350,0.7538,0.2991,0.6350,0.3646,0.2458,0.3646,0.4302,0.1229,0.0574,0.1229,0.1229,0.6710,0.8005,,0.1295,,49.67,,148.5,162.1,1.033,0.107,1.277
1791428518.8177967,0.4998,0.8030,0.5695,0.4998,0.7006,0.5695,0.8440,0.4998,0.5695,0.4998,0.7006,0.3646,0.4302,0.0737,0.0369,0.1557,0.1557,0.6640,0.8000,,0.1360,,49.71,,147.0,162.6,1.132,0.108,1.450
1791428518.850393,0.4998,0.6350,0.7006,0.5695,0.7538,0.6350,0.8440,0.4302,0.7538,0.4998,0.4302,0.3646,0.2991,0.1229,0.0574,0.0737,0.0942,0.6640,0.7990,,0.1350,,49.27,,147.5,162.8,,0.111,1.509
1791428518.8845344,0.7538,0.6350,0.6350,0.4302,0.6350,0.5695,0.7006,0.3646,0.6350,0.4302,0.1557,0.3646,0.2991,0.0942,0.0410,0.1966,0.1557,0.6630,0.7945,,0.1315,,48.83,,147.4,162.9,,0.113,1.495
1791428518.9225612,0.7538,0.7538,0.7538,0.5695,0.7006,0.6350,0.7006,0.3646,0.6350,0.4302,0.4998,0.3646,0.4302,0.1557,0.0942,0.0737,0.0942,0.6750,0.7990,,0.1240,,48.89,,147.7,162.6,1.156,0.112,1.420
1791428518.9547853,0.8030,0.8030,0.8440,0.5695,0.4998,0.5695,0.7006,0.4302,0.7006,0.4302,0.3646,0.2991,0.2991,0.0410,0.0942,0.0942,0.1229,0.6730,0.8015,,0.1285,,49.28,,148.1,162.5,,0.111,1.412
1791428518.9866414,0.6350,0.7006,0.7538,0.4998,0.4998,0.7006,0.7538,0.5695,0.7006,0.1966,0.2458,0.2991,0.2991,0.0942,0.0737,0.1557,0.1229,0.6720,0.7980,,0.1260,,49.26,,148.0,162.1,,0.110,
1791428519.017529,0.7006,0.7538,0.8030,0.5695,0.7006,0.6350,0.7538,0.4998,0.7006,0.3646,0.2458,0.2991,0.3646,0.0574,0.0942,0.0942,0.1229,0.6730,0.7965,,0.1235,,49.10,,148.4,161.6,,0.110,1.371
1791428519.050744,0.6350,0.7006,0.7538,0.4302,0.5695,0.5695,0.8030,0.5695,0.7006,0.4302,0.2991,0.3646,0.3646,0.1229,0.1229,0.1966,0.1966,0.6760,0.7950,,0.1190,,48.91,,148.5,162.0,1.021,0.109,1.353
1791428519.0840855,0.8030,0.6350,0.7006,0.6350,0.5695,0.6350,0.8030,0.2991,0.5695,0.4998,0.3646,0.3646,0.3646,0.1557,0.0369,0.1229,0.1557,0.6730,0.7995,,0.1265,,48.69,,149.3,161.4,1.069,0.110,1.394
1791428519.1179955,0.8030,0.4998,0.3646,0.3646,0.5695,0.6350,0.8440,0.4302,0.7006,0.4998,0.1966,0.4998,0.4302,0.0942,0.0574,0.0942,0.0574,0.6670,0.7980,,0.1310,,48.88,,148.1,161.3,1.193,0.111,1.415
1791428519.1511111,0.8440,0.6350,0.4302,0.6350,0.5695,0.6350,0.7538,0.3646,0.6350,0.2991,0.3646,0.2991,0.3646,0.1229,0.0942,0.1557,0.1229,0.6630,0.7965,,0.1335,,49.26,,148.0,161.5,,0.110,1.828
1791428519.1846302,0.5695,0.7538,0.6350,0.5695,0.4998,0.6350,0.7538,0.4302,0.5695,0.4998,0.2991,0.2991,0.4302,0.0369,0.0410,0.1229,0.0737,0.6630,0.7970,,0.1340,,50.05,,147.5,161.6,,0.108,1.373
1791428519.2246833,0.5695,0.5695,0.6350,0.4998,0.7538,0.6350,0.7538,0.4998,0.5695,0.3646,0.3646,0.3646,0.3646,0.0246,0.0574,0.0737,0.0942,0.6730,0.8015,,0.1285,,50.43,,147.1,161.9,1.164,0.107,1.454
1791428519.2561107,0.7006,0.5695,0.7006,0.4998,0.5695,0.6350,0.8440,0.5695,0.7006,0.2991,0.2991,0.3646,0.3646,0.1229,0.0246,0.1557,0.1557,0.6760,0.7995,,0.1235,,50.60,,146.8,162.2,1.078,0.105,
1791428519.287393,0.6350,0.5695,0.7006,0.4998,0.4998,0.5695,0.8030,0.3646,0.7006,0.4302,0.3646,0.3646,0.3646,0.0737,0.0410,0.1229,0.1557,0.6730,0.7995,,0.1265,,50.53,,148.0,162.1,1.115,0.105,1.397
1791428519.3191862,0.8440,0.6350,0.4302,0.4998,0.7006,0.5695,0.7538,0.4998,0.4998,0.3646,0.4302,0.3646,0.2991,0.1557,0.0942,0.1557,0.1966,0.6750,0.7985,,0.1235,,49.66,,148.3,162.4,,0.108,1.468
1791428519.3517811,0.7538,0.6350,0.8440,0.4302,0.5695,0.7538,0.7538,0.5695,0.7006,0.4302,0.1966,0.3646,0.2991,0.1229,0.0737,0.1229,0.1557,0.6630,0.7955,,0.1325,,49.95,,148.2,162.6,,0.108,1.369
1791428519.3848605,0.4998,0.8030,0.6350,0.3646,0.6350,0.4998,0.7006,0.4302,0.4998,0.4302,0.2991,0.3646,0.4302,0.1557,0.0942,0.0942,0.0737,0.6630,0.8000,,0.1370,,50.28,,148.1,162.7,1.102,0.108,1.419
1791428519.41773,0.7006,0.4302,0.6350,0.4998,0.6350,0.6350,0.5695,0.6350,0.5695,0.3646,0.2458,0.2991,0.4302,0.0737,0.0574,0.0942,0.1557,0.6730,0.8015,,0.1285,,50.48,,148.2,162.9,,0.107,1.403
1791428519.4513035,0.8030,0.4302,0.4998,0.4302,0.6350,0.8440,0.8440,0.4998,0.7006,0.4998,0.4302,0.4302,0.3646,0.0737,0.0205,0.2458,0.1229,0.6740,0.8000,,0.1260,,49.90,,148.1,162.8,1.180,0.108,1.491
1791428519.4840775,0.5695,0.8030,0.8440,0.2991,0.6350,0.6350,0.7006,0.4302,0.7006,0.2991,0.2458,0.3646,0.3646,0.1229,0.0574,0.1229,0.0942,0.6740,0.8005,,0.1265,,49.36,,147.9,163.2,1.094,0.110,
1791428519.5259817,0.4998,0.7006,0.7006,0.4302,0.6350,0.5695,0.7538,0.3646,0.6350,0.4302,0.2991,0.3646,0.3646,0.0737,0.0737,0.0942,0.1557,0.6700,0.7980,,0.1280,,50.17,,149.4,163.7,1.013,0.107,1.304
1791428519.557952,0.4302,0.8440,0.8440,0.3646,0.5695,0.6350,0.7538,0.4998,0.7006,0.2991,0.5695,0.3646,0.3646,0.1229,0.0942,0.1557,0.1557,0.6630,0.7985,,0.1355,,50.15,,149.5,163.3,1.138,0.108,1.891
1791428519.588799,0.8440,0.4302,0.3646,0.4998,0.5695,0.4998,0.7006,0.4998,0.6350,0.3646,0.2458,0.2991,0.2991,0.1966,0.0942,0.1966,0.1229,0.6640,0.7985,,0.1345,,51.16,,149.7,163.3,,0.105,1.317
1791428519.6201673,0.5695,0.8440,0.8030,0.3646,0.8030,0.6350,0.6350,0.4998,0.7006,0.4302,0.3646,0.4302,0.3646,0.1229,0.0942,0.1557,0.0737,0.6630,0.8005,,0.1375,,51.72,,149.9,162.7,0.971,0.104,1.302
1791428519.6516807,0.5695,0.5695,0.8030,0.4302,0.4998,0.5695,0.7538,0.5695,0.7538,0.5695,0.1966,0.3646,0.3646,0.1229,0.0737,0.0942,0.1229,0.6730,0.7850,,0.1120,,50.83,,141.7,162.0,0.984,0.104,1.273
1791428519.6845603,0.3646,0.4302,0.2458,0.4302,0.6350,0.7006,0.7538,0.2991,0.4302,0.2991,0.2991,0.4302,0.4998,0.1229,0.0574,0.1557,0.0942,0.6630,0.7945,,0.1315,,50.92,,143.0,162.1,1.084,0.105,
1791428519.7185323,0.7006,0.7006,0.5695,0.4302,0.6350,0.7006,0.7538,0.4302,0.7538,0.4998,0.2458,0.4302,0.3646,0.0942,0.0369,0.1966,0.0942,0.6720,0.7980,,0.1260,,50.14,,144.2,161.9,1.114,0.107,1.477
1791428519.752191,0.3646,0.8030,0.6350,0.4302,0.4302,0.7538,0.8030,0.4302,0.6350,0.3646,0.5695,0.2991,0.3646,0.0942,0.0737,0.0942,0.1229,0.6630,0.7980,,0.1350,,50.92,,145.9,161.8,,0.105,1.361
1791428519.7844813,0.3646,0.4998,0.2458,0.4302,0.5695,0.7006,0.6350,0.4302,0.5695,0.4302,0.4998,0.2991,0.2458,0.0246,0.0737,0.1229,0.1966,0.6640,0.7965,,0.1325,,51.12,,147.2,162.3,,0.105,1.399
1791428519.8182309,0.7538,0.5695,0.7538,0.4302,0.7006,0.6350,0.7006,0.4302,0.7538,0.4302,0.2991,0.2991,0.2458,0.1229,0.0369,0.1966,0.1557,0.6630,0.8005,,0.1375,,51.42,,149.0,162.1,,0.105,1.410
1791428519.8575327,0.2991,0.4998,0.7538,0.5695,0.6350,0.7006,0.7538,0.5695,0.7006,0.4302,0.1966,0.3646,0.4302,0.1229,0.0574,0.1229,0.1229,,0.8035,,,,51.42,,148.5,161.9,1.083,0.105,
1791428519.8895946,0.4998,0.4998,0.8767,0.6350,0.5695,0.6350,0.7538,0.4998,0.5695,0.4998,0.1557,0.3646,0.2991,0.0942,0.0205,0.0942,0.0942,0.6630,0.8000,,0.1370,,51.02,,148.7,161.9,,0.107,1.439
1791428519.92015,0.7538,0.7006,0.7006,0.4998,0.6350,0.6350,0.8030,0.4998,0.7006,0.3646,0.1966,0.3646,0.4302,0.1557,0.0737,0.0942,0.0942,0.6700,0.8010,,0.1310,,50.35,,148.5,161.9,1.100,0.110,1.445
1791428519.951919,0.4998,0.3646,0.6350,0.4998,0.6350,0.6350,0.8440,0.3646,0.7006,0.3646,0.1229,0.3646,0.3646,0.0737,0.0574,0.0942,0.1229,0.6630,0.8010,,0.1380,,50.44,,148.2,161.8,1.112,0.110,1.438
1791428519.9845982,0.6350,0.6350,0.7538,0.5695,0.4302,0.7538,0.8030,0.7006,0.6350,0.2991,0.4302,0.4998,0.3646,0.0369,0.0246,0.0942,0.0737,0.6630,0.7865,,0.1235,,50.61,,141.1,161.6,1.013,0.108,1.698
1791428520.019486,0.4998,0.7006,0.4998,0.4998,0.7006,0.7006,0.5695,0.4302,0.7006,0.4998,0.3646,0.3646,0.3646,0.0410,0.0369,0.0942,0.1229,0.6630,0.7980,,0.1350,,50.47,,143.0,162.0,1.116,0.109,1.456
1791428520.052833,0.6350,0.7538,0.7538,0.4302,0.6350,0.7538,0.7538,0.2991,0.5695,0.2991,0.1966,0.3646,0.3646,0.1229,0.0410,0.1557,0.0942,0.6720,0.8030,,0.1310,,50.55,,145.8,162.1,1.164,0.109,
1791428520.084986,0.7538,0.8440,0.8440,0.4998,0.6350,0.5695,0.7006,0.4998,0.8030,0.4302,0.2458,0.3646,0.2991,0.1229,0.0410,0.1229,0.0942,0.6720,0.8025,,0.1305,,50.52,,148.3,162.5,,0.108,1.477
1791428520.1186118,0.4998,0.7006,0.8440,0.4998,0.4998,0.6350,0.7006,0.7006,0.4998,0.3646,0.3646,0.3646,0.3646,0.0942,0.0737,0.1229,0.1229,0.6640,0.7795,,0.1155,,49.99,,141.2,162.4,1.037,0.108,1.323
1791428520.1584368,0.6350,0.6350,0.2458,0.5695,0.4302,0.6350,0.6350,0.3646,0.6350,0.4302,0.4302,0.4302,0.4302,0.0369,0.0369,0.0574,0.1557,0.6720,0.7990,,0.1270,,50.46,,141.5,162.9,1.056,0.106,1.303
1791428520.1892598,0.4302,0.3646,0.7538,0.3646,0.4998,0.7006,0.7538,0.4302,0.5695,0.4302,0.4302,0.4302,0.3646,0.0942,0.0246,0.0737,0.0942,0.6640,0.8020,,0.1380,,50.72,,142.8,162.6,1.187,0.106,1.479
1791428520.2207947,0.2458,0.8767,0.4302,0.5695,0.5695,0.5695,0.8030,0.5695,0.6350,0.4998,0.2991,0.3646,0.4302,0.1557,0.0574,0.1557,0.0942,,0.8010,,,,50.72,,144.1,162.7,1.102,0.106,
1791428520.2528055,0.4998,0.5695,0.2991,0.4302,0.6350,0.3646,0.7006,0.4302,0.7538,0.4302,0.2991,0.3646,0.4302,0.1229,0.0737,0.0737,0.1229,0.6720,0.8010,,0.1290,,50.48,,145.4,162.9,1.162,0.107,1.441
1791428520.285394,0.6350,0.7006,0.8030,0.4998,0.4998,0.6350,0.7538,0.7538,0.5695,0.3646,0.6350,0.3646,0.3646,0.0942,0.0410,0.1229,0.1229,0.6640,0.7975,,0.1335,,50.99,,147.2,162.9,1.090,0.106,1.409
1791428520.3188593,0.7006,0.5695,0.7538,0.4302,0.4998,0.7006,0.8440,0.4302,0.6350,0.3646,0.4302,0.2991,0.2991,0.0369,0.0369,0.1557,0.1966,0.6700,0.8015,,0.1315,,50.77,,146.5,162.7,,0.107,1.444
1791428520.3521724,0.7538,0.8767,0.7538,0.5695,0.8030,0.5695,0.7538,0.2991,0.6350,0.2991,0.4302,0.4302,0.3646,0.1229,0.0942,0.1966,0.1229,0.6630,0.8015,,0.1385,,50.40,,145.5,162.2,1.192,0.109,1.917
1791428520.3854015,0.7006,0.6350,0.8030,0.5695,0.4998,0.7538,0.7538,0.4998,0.5695,0.3646,0.3646,0.4302,0.4302,0.0737,0.0737,0.1229,0.1229,0.6630,0.7955,,0.1325,,50.23,,145.6,162.2,1.109,0.110,1.404
1791428520.4256516,0.6350,0.8440,0.2458,0.4998,0.4998,0.7006,0.7538,0.2991,0.7538,0.4302,0.3646,0.3646,0.2991,0.0574,0.0410,0.1229,0.2458,0.6630,0.8005,,0.1375,,50.75,,148.2,162.2,,0.109,1.391
1791428520.4560132,0.7006,0.7006,0.7006,0.4998,0.4302,0.4302,0.7538,0.4998,0.6350,0.4998,0.5695,0.4302,0.3646,0.1557,0.0942,0.2991,0.1229,0.6630,0.7975,,0.1345,,50.71,,148.8,162.2,1.045,0.109,1.375
1791428520.487992,0.4302,0.7538,0.8440,0.4998,0.7006,0.7006,0.7006,0.4998,0.6350,0.3646,0.2458,0.4302,0.4302,0.1229,0.0737,0.1229,0.1229,0.6710,0.7965,,0.1255,,50.06,,149.4,162.3,1.134,0.111,1.433
1791428520.519842,0.4998,0.4998,0.7006,0.3646,0.5695,0.6350,0.8030,0.5695,0.6350,0.4302,0.4998,0.3646,0.2991,0.1557,0.0737,0.1229,0.0942,0.6640,0.8030,,0.1390,,50.74,,148.8,162.5,,0.109,1.378
1791428520.5521207,0.2991,0.5695,0.4998,0.6350,0.6350,0.4998,0.6350,0.2991,0.6350,0.4998,0.4302,0.4302,0.4302,0.0942,0.0410,0.0942,0.1229,,0.8045,,,,50.74,,148.4,162.5,1.102,0.109,
1791428520.5855951,0.6350,0.7538,0.8030,0.4302,0.5695,0.6350,0.5695,0.4302,0.5695,0.4302,0.3646,0.4302,0.2991,0.0410,0.0410,0.1557,0.0737,0.6640,0.7945,,0.1305,,50.73,,148.7,162.1,,0.109,1.363
1791428520.6187837,0.6350,0.5695,0.8030,0.4998,0.5695,0.7006,0.7006,0.4302,0.5695,0.3646,0.1966,0.3646,0.3646,0.0737,0.0942,0.1557,0.1557,0.6640,0.8035,,0.1395,,51.60,,149.9,161.7,1.042,0.106,1.320
1791428520.652646,0.4302,0.5695,0.5695,0.5695,0.4302,0.6350,0.7538,0.4998,0.5695,0.3646,0.3646,0.2991,0.2991,0.1229,0.0942,0.1557,0.1557,0.6640,0.7970,,0.1330,,51.40,,150.2,162.3,,0.107,1.431
1791428520.693728,0.4998,0.7538,0.7538,0.5695,0.5695,0.5695,0.7006,0.4998,0.6350,0.5695,0.3646,0.3646,0.3646,0.0737,0.0574,0.0942,0.1557,0.6700,0.8000,,0.1300,,51.80,,149.0,162.8,1.016,0.105,1.285
1791428520.725554,0.5695,0.8030,0.8030,0.7538,0.6350,0.6350,0.8030,0.4998,0.8030,0.4998,0.2458,0.3646,0.2991,0.0410,0.0410,0.1229,0.1229,0.6640,0.7980,,0.1340,,52.61,,149.7,162.9,,0.102,1.336
1791428520.7571785,0.7006,0.5695,0.4302,0.7006,0.4302,0.7538,0.8030,0.4998,0.6350,0.4302,0.4998,0.3646,0.4302,0.1557,0.0574,0.1557,0.1229,0.6720,0.7990,,0.1270,,52.19,,149.4,163.2,1.140,0.102,1.415
1791428520.7884843,0.4998,0.7006,0.7538,0.5695,0.7006,0.6350,0.8030,0.4998,0.7006,0.4302,0.4998,0.3646,0.2991,0.1229,0.1229,0.1229,0.0942,0.6710,0.8060,,0.1350,,52.01,,149.8,163.1,,0.104,1.502
1791428520.8212578,0.6350,0.8440,0.7538,0.6350,0.7006,0.6350,0.8440,0.4302,0.5695,0.4302,0.2991,0.4302,0.3646,0.0574,0.0369,0.1229,0.0737,0.6720,0.7985,,0.1265,,51.51,,149.7,163.1,1.067,0.104,1.354
1791428520.8528998,0.5695,0.4998,0.2458,0.4998,0.6350,0.4998,0.7006,0.4302,0.7006,0.2991,0.3646,0.4302,0.3646,0.0369,0.0410,0.1229,0.1557,0.6720,0.7995,,0.1275,,51.42,,149.3,164.1,1.078,0.104,1.744
1791428520.8857634,0.4998,0.7006,0.7538,0.3646,0.7006,0.7006,0.6350,0.3646,0.8030,0.4302,0.4998,0.2458,0.2991,0.0942,0.1229,0.1557,0.1557,0.6750,0.8015,,0.1265,,51.51,,149.8,163.3,,0.103,1.329
1791428520.919439,0.4998,0.6350,0.8030,0.4998,0.5695,0.7006,0.6350,0.4302,0.5695,0.3646,0.1966,0.3646,0.4302,0.1229,0.0737,0.0737,0.1557,0.6710,0.7985,,0.1275,,51.00,,149.8,163.3,1.069,0.105,1.405
1791428520.9524565,0.3646,0.8030,0.4998,0.6350,0.8030,0.8440,0.8440,0.5695,0.8030,0.5695,0.1557,0.4302,0.3646,0.0737,0.0737,0.1557,0.1229,0.6630,0.8030,,0.1400,,51.93,,150.6,163.5,1.110,0.103,1.381
1791428520.9858463,0.7538,0.6350,0.8440,0.5695,0.5695,0.7006,0.4998,0.5695,0.6350,0.4302,0.3646,0.3646,0.2991,0.0410,0.0574,0.1229,0.1966,0.6740,0.7945,,0.1205,,50.88,,150.6,162.9,,0.105,1.406
1791428521.0267181,0.4998,0.5695,0.7006,0.4998,0.7538,0.6350,0.8440,0.4302,0.4302,0.4998,0.3646,0.3646,0.3646,0.1557,0.0942,0.1557,0.1229,0.6720,0.8020,,0.1300,,51.05,,151.2,163.0,1.135,0.105,1.410
1791428521.05856,0.5695,0.7006,0.7538,0.4302,0.4302,0.6350,0.8767,0.4998,0.7538,0.4302,0.2991,0.3646,0.2991,0.1229,0.0369,0.1229,0.0737,0.6640,0.8015,,0.1375,,51.91,,150.9,163.0,,0.103,1.392
1791428521.0909379,0.5695,0.7006,0.7006,0.3646,0.5695,0.5695,0.8440,0.3646,0.7006,0.3646,0.2991,0.2991,0.3646,0.1229,0.0942,0.1557,0.1557,0.6720,0.7990,,0.1270,,51.58,,150.1,163.0,,0.103,1.380
1791428521.1218534,0.5695,0.7538,0.7538,0.4998,0.4302,0.7006,0.7006,0.3646,0.5695,0.4302,0.2458,0.3646,0.4998,0.0410,0.0369,0.1557,0.0942,0.6630,0.7785,,0.1155,,50.45,,144.3,163.0,1.023,0.105,1.359
1791428521.153299,0.6350,0.7538,0.8440,0.4998,0.6350,0.5695,0.8767,0.4998,0.7538,0.4302,0.2991,0.3646,0.3646,0.1557,0.0574,0.1966,0.1229,0.6710,0.7995,,0.1285,,50.61,,144.6,163.3,1.008,0.105,1.320
1791428521.1865454,0.4302,0.7538,0.3646,0.5695,0.5695,0.5695,0.5695,0.4302,0.8030,0.5695,0.4302,0.4302,0.3646,0.0942,0.0369,0.1557,0.1557,0.6720,0.8020,,0.1300,,51.17,,145.4,163.0,1.117,0.103,1.406
1791428521.2189806,0.4998,0.6350,0.8440,0.5695,0.7006,0.7006,0.6350,0.4302,0.6350,0.4302,0.4998,0.4302,0.3646,0.1229,0.0574,0.0942,0.1229,0.6720,0.7970,,0.1250,,50.80,,146.1,162.9,1.093,0.104,1.407
1791428521.2527325,0.3646,0.4998,0.8030,0.4302,0.4302,0.5695,0.7538,0.5695,0.6350,0.4998,0.3646,0.3646,0.3646,0.0574,0.0410,0.1229,0.1557,0.6720,0.7930,,0.1210,,50.45,,146.0,162.8,1.028,0.104,1.401
1791428521.2860727,0.6350,0.6350,0.7538,0.4998,0.6350,0.6350,0.7006,0.5695,0.7538,0.4998,0.3646,0.3646,0.2991,0.0410,0.0574,0.1229,0.1229,0.6650,0.8010,,0.1360,,50.95,,147.0,162.5,,0.104,1.382
1791428521.3192363,0.4998,0.5695,0.7006,0.1557,0.4998,0.5695,0.5695,0.7006,0.5695,0.3646,0.4998,0.4302,0.4302,0.1229,0.0942,0.1557,0.1229,0.6740,0.7985,,0.1245,,50.63,,148.9,162.5,1.209,0.105,1.475
1791428521.3591847,0.6350,0.5695,0.2458,0.4998,0.6350,0.6350,0.7006,0.4998,0.7538,0.4302,0.3646,0.2991,0.4302,0.0410,0.0369,0.1229,0.1229,0.6630,0.8005,,0.1375,,50.62,,150.1,162.5,,0.106,1.456
1791428521.391547,0.6350,0.7006,0.7006,0.4998,0.7538,0.7538,0.6350,0.4998,0.7006,0.4302,0.2991,0.4302,0.4302,0.0410,0.0205,0.1966,0.1557,0.6640,0.8005,,0.1365,,51.07,,149.3,162.5,1.106,0.106,1.378
1791428521.4234757,0.6350,0.4998,0.7538,0.6350,0.5695,0.7006,0.6350,0.5695,0.6350,0.3646,0.2991,0.3646,0.3646,0.0574,0.0410,0.1229,0.1229,0.6630,0.7995,,0.1365,,51.03,,149.3,162.5,1.058,0.107,1.356
1791428521.4549272,0.6350,0.7538,0.7538,0.5695,0.5695,0.7006,0.8030,0.4302,0.7538,0.4302,0.4998,0.2991,0.3646,0.1557,0.0410,0.1966,0.1557,0.6700,0.7995,,0.1295,,51.03,,149.7,162.6,,0.106,1.386
1791428521.4865422,0.4998,0.4302,0.8030,0.3646,0.6350,0.6350,0.6350,0.4998,0.7538,0.2991,0.4302,0.3646,0.2458,0.0942,0.0369,0.1229,0.1229,0.6640,0.8000,,0.1360,,51.19,,148.9,162.6,,0.106,1.785
1791428521.5205336,0.4998,0.4998,0.7538,0.5695,0.5695,0.5695,0.7538,0.4998,0.6350,0.3646,0.2991,0.2991,0.2991,0.1229,0.0737,0.1557,0.2458,0.6710,0.8030,,0.1320,,51.26,,148.9,162.7,,0.106,1.517
1791428521.5537865,0.4302,0.8767,0.7538,0.6350,0.5695,0.7538,0.8030,0.4302,0.7538,0.3646,0.1557,0.2991,0.4302,0.0410,0.0410,0.1966,0.1557,0.6700,0.8020,,0.1320,,51.61,,148.1,162.2,,0.105,1.366
1791428521.5870452,0.5695,0.5695,0.7538,0.4998,0.4998,0.6350,0.7538,0.4302,0.5695,0.4302,0.4302,0.4302,0.3646,0.1229,0.0574,0.1229,0.1966,0.6700,0.8000,,0.1300,,50.98,,147.8,162.8,1.129,0.107,1.406
1791428521.6200995,0.4998,0.8030,0.8440,0.4302,0.7006,0.7006,0.6350,0.4998,0.4302,0.4998,0.1966,0.4302,0.2991,0.0942,0.0410,0.1966,0.1557,0.6750,0.7955,,0.1205,,50.17,,147.6,162.6,,0.108,1.398
1791428521.6605282,0.5695,0.5695,0.4998,0.4302,0.4998,0.5695,0.6350,0.4302,0.6350,0.3646,0.2991,0.3646,0.3646,0.0942,0.0410,0.1229,0.0942,0.6640,0.7960,,0.1320,,50.58,,147.8,162.8,1.022,0.107,1.315
1791428521.6928456,0.8030,0.6350,0.7538,0.4998,0.7538,0.6350,0.7538,0.4302,0.6350,0.3646,0.4998,0.4302,0.2991,0.0942,0.0574,0.1229,0.0942,0.6750,0.8030,,0.1280,,50.58,,149.4,162.9,,0.107,1.495
1791428521.7242758,0.8440,0.6350,0.7538,0.5695,0.6350,0.7538,0.7006,0.4302,0.6350,0.3646,0.4302,0.3646,0.2991,0.0942,0.0369,0.0737,0.1557,0.6630,0.8025,,0.1395,,51.47,,148.3,163.1,,0.105,1.356
1791428521.7556126,0.6350,0.7006,0.7006,0.5695,0.3646,0.5695,0.7006,0.4302,0.5695,0.4302,0.1966,0.2991,0.4302,0.0369,0.0737,0.1557,0.1229,0.6630,0.8020,,0.1390,,50.86,,149.1,161.9,,0.108,1.515
1791428521.7884886,0.7538,0.5695,0.7538,0.4302,0.5695,0.7006,0.7538,0.4302,0.7006,0.3646,0.1966,0.3646,0.2991,0.0942,0.0410,0.0737,0.0737,0.6630,0.7970,,0.1340,,51.06,,149.2,162.0,,0.108,1.428
1791428521.8203921,0.3646,0.7538,0.5695,0.4302,0.7006,0.6350,0.5695,0.5695,0.8440,0.3646,0.1966,0.2991,0.3646,0.0942,0.0574,0.1966,0.0737,0.6740,0.7990,,0.1250,,51.15,,148.8,161.8,,0.106,1.397
1791428521.854599,0.7538,0.7538,0.7006,0.4302,0.7006,0.7006,0.8030,0.4998,0.6350,0.4998,0.2991,0.3646,0.4302,0.0942,0.1229,0.0942,0.1557,0.6630,0.7910,,0.1280,,50.74,,147.5,161.7,1.095,0.107,1.402
1791428521.8878787,0.6350,0.4302,0.8440,0.5695,0.6350,0.7006,0.7538,0.6350,0.7006,0.4302,0.4998,0.4302,0.4302,0.1229,0.0737,0.0942,0.1229,0.6730,0.7980,,0.1250,,50.10,,148.3,162.4,1.063,0.108,1.354
1791428521.9211442,0.6350,0.7006,0.7006,0.3646,0.6350,0.6350,0.6350,0.3646,0.6350,0.3646,0.3646,0.4302,0.2991,0.1229,0.0737,0.0574,0.0942,0.6750,0.7965,,0.1215,,49.77,,147.5,162.7,,0.108,1.342
1791428521.9609861,0.5695,0.7538,0.8440,0.3646,0.6350,0.5695,0.5695,0.7006,0.7006,0.3646,0.2991,0.3646,0.3646,0.0942,0.0942,0.1229,0.1229,0.6740,0.7985,,0.1245,,49.77,,146.9,162.9,1.082,0.108,1.408
1791428521.9928455,0.5695,0.7538,0.4998,0.5695,0.5695,0.6350,0.6350,0.5695,0.7538,0.2991,0.2991,0.4302,0.3646,0.0942,0.0574,0.0942,0.1229,0.6640,0.8010,,0.1370,,49.76,,147.5,162.8,1.111,0.109,
1791428522.0244334,0.7006,0.4998,0.8030,0.5695,0.4998,0.7006,0.8030,0.4302,0.6350,0.2991,0.5695,0.2991,0.3646,0.0942,0.0410,0.1557,0.1557,0.6710,0.8005,,0.1295,,49.97,,147.9,162.6,,0.109,1.787
1791428522.0566697,0.7006,0.8030,0.6350,0.4998,0.6350,0.6350,0.5695,0.4302,0.7006,0.4302,0.3646,0.3646,0.4302,0.1557,0.1229,0.1229,0.1229,0.6700,0.8020,,0.1320,,49.75,,149.3,162.6,1.063,0.110,1.454
1791428522.0879252,0.5695,0.3646,0.8030,0.4998,0.6350,0.6350,0.8440,0.4998,0.6350,0.4998,0.2458,0.4302,0.3646,0.0737,0.0369,0.1557,0.1557,0.6630,0.7985,,0.1355,,49.38,,148.6,162.3,1.075,0.112,1.440
1791428522.1213732,0.4302,0.4302,0.7538,0.4302,0.5695,0.5695,0.7538,0.3646,0.5695,0.4302,0.4302,0.4302,0.3646,0.0410,0.0369,0.1229,0.1557,0.6630,0.7995,,0.1365,,49.69,,148.4,162.7,1.120,0.112,1.462
1791428522.153999,0.4302,0.5695,0.6350,0.4998,0.7006,0.6350,0.8030,0.4998,0.7538,0.3646,0.2458,0.2991,0.4302,0.0574,0.0942,0.1557,0.1966,0.6700,0.7995,,0.1295,,49.70,,147.4,162.2,,0.112,1.421
1791428522.1876395,0.4302,0.5695,0.7006,0.4998,0.5695,0.7538,0.7538,0.6350,0.7006,0.4302,0.4998,0.3646,0.3646,0.1229,0.0410,0.1557,0.1229,0.6630,0.8030,,0.1400,,50.00,,147.9,162.3,1.098,0.112,1.438
1791428522.2213042,0.7538,0.5695,0.7006,0.4302,0.5695,0.7538,0.7538,0.4302,0.7538,0.4302,0.4998,0.2991,0.3646,0.0942,0.0574,0.1229,0.1229,0.6750,0.8015,,0.1265,,49.67,,148.3,162.2,,0.112,1.496
1791428522.2545779,0.8030,0.7538,0.7538,0.4302,0.5695,0.5695,0.7538,0.4998,0.7006,0.4302,0.2991,0.3646,0.3646,0.0369,0.0942,0.1229,0.1229,0.6630,0.7965,,0.1335,,49.34,,147.5,162.3,1.084,0.114,1.407
1791428522.2943137,0.5695,0.4302,0.5695,0.6350,0.5695,0.7006,0.7006,0.4302,0.8030,0.4998,0.1966,0.4302,0.4302,0.0574,0.0410,0.1229,0.1229,0.6740,0.8025,,0.1285,,49.34,,147.5,162.2,1.079,0.113,1.421
1791428522.325826,0.6350,0.7006,0.7538,0.4998,0.6350,0.7538,0.6350,0.6350,0.7538,0.4302,0.3646,0.2991,0.3646,0.0942,0.0737,0.0942,0.1557,0.6640,0.7965,,0.1325,,49.15,,147.2,161.8,,0.114,1.377
1791428522.3585448,0.7006,0.6350,0.7538,0.5695,0.7006,0.5695,0.7006,0.7006,0.7006,0.3646,0.4998,0.2458,0.3646,0.0410,0.0574,0.0737,0.2458,0.6740,0.7985,,0.1245,,48.42,,147.4,162.1,,0.116,1.458
1791428522.3888586,0.5695,0.6350,0.7006,0.4302,0.4998,0.5695,0.7538,0.2991,0.7006,0.4302,0.4302,0.2991,0.3646,0.0410,0.0574,0.1229,0.1557,0.6750,0.8000,,0.1250,,48.98,,146.8,162.0,,0.112,1.303
1791428522.4212627,0.7006,0.4998,0.2458,0.4998,0.6350,0.5695,0.7538,0.3646,0.8030,0.4302,0.2991,0.3646,0.3646,0.0942,0.0737,0.1229,0.1557,0.6710,0.7930,,0.1220,,48.15,,146.1,161.9,1.025,0.114,1.400
1791428522.45456,0.4998,0.6350,0.3646,0.5695,0.7006,0.7538,0.6350,0.3646,0.7006,0.4302,0.2458,0.3646,0.4302,0.1229,0.0737,0.0737,0.0942,0.6730,0.7955,,0.1225,,47.05,,145.9,161.7,1.103,0.118,1.472
