timestamp,nose_score,left_eye_score,right_eye_score,left_ear_score,right_ear_score,left_shoulder_score,right_shoulder_score,left_elbow_score,right_elbow_score,left_wrist_score,right_wrist_score,left_hip_score,right_hip_score,left_knee_score,right_knee_score,left_ankle_score,right_ankle_score,head_depth_m,chest_depth_m,hip_depth_m,neck_forward_offset_m,torso_recline_offset_m,head_forward_deg,torso_pitch_deg,elbow_left_deg,elbow_right_deg,torso_len_sw,head_up_m,wrist_face_sw
1791426785.3805747,0.3646,0.7538,0.7538,0.4998,0.2991,0.6350,0.6350,0.7006,0.5695,0.1557,0.4302,0.6350,0.7006,0.0369,0.0737,0.0942,0.0574,0.4270,0.6500,0.7370,0.2230,0.0870,81.72,14.40,,118.0,0.758,0.032,1.375
1791426785.4110887,0.3646,0.5695,0.4998,0.4302,0.2991,0.7006,0.4302,0.7006,0.8767,0.1229,0.4302,0.2991,0.4998,0.0942,0.0574,0.1229,0.1229,0.4330,0.6470,,0.2140,,82.47,14.40,,118.3,,0.029,1.445
1791426785.4422588,0.4302,0.6350,0.4998,0.4302,0.1229,0.7006,0.7006,0.7538,0.6350,0.1966,0.3646,0.3646,0.5695,0.0246,0.1229,0.0942,0.0737,0.4270,0.6500,,0.2230,,83.42,14.36,,117.9,0.778,0.025,1.370
1791426785.4741812,0.4998,0.7006,0.4998,0.4302,0.3646,0.8030,0.5695,0.7006,0.7538,0.2458,0.4302,0.7006,0.5695,0.0410,0.0410,0.0737,0.0410,0.4270,0.6530,0.7220,0.2260,0.0690,83.85,14.18,,117.8,0.724,0.024,1.304
1791426785.506626,0.2458,0.4998,0.4998,0.3646,0.2991,0.6350,0.6350,0.6350,0.4302,0.0942,0.3646,0.1966,0.3646,0.0737,0.0410,0.0942,0.1557,,0.6480,,,,83.85,14.18,,118.2,,0.024,
1791426785.5382233,0.4302,0.6350,0.8030,0.4302,0.3646,0.7538,0.7538,0.6350,0.7006,0.1229,0.2991,0.3646,0.4302,0.0574,0.0574,0.0737,0.1966,0.4280,0.6470,,0.2190,,84.17,14.39,,118.2,0.735,0.023,
1791426785.572014,0.5695,0.7006,0.7538,0.4302,0.2991,0.7538,0.6350,0.6350,0.7006,0.3646,0.2991,0.4302,0.4302,0.0737,0.0737,0.0942,0.1229,0.4280,0.6455,,0.2175,,84.82,14.60,150.1,117.8,0.741,0.020,1.111
1791426785.6048565,0.4998,0.8767,0.5695,0.4302,0.2458,0.7006,0.6350,0.6350,0.6350,0.4302,0.4998,0.5695,0.4302,0.0574,0.0737,0.1229,0.0942,0.4280,0.6495,,0.2215,,85.48,14.77,150.0,117.6,0.702,0.017,0.998
1791426785.6399438,0.5695,0.6350,0.7006,0.4998,0.4302,0.7006,0.6350,0.6350,0.5695,0.2458,0.4302,0.3646,0.4998,0.0574,0.0369,0.0369,0.0574,0.4280,0.6495,,0.2215,,86.22,14.78,150.2,117.2,0.734,0.015,1.347
1791426785.6720786,0.4998,0.6350,0.4998,0.4302,0.2991,0.5695,0.4998,0.5695,0.7006,0.0574,0.4302,0.2458,0.2991,0.0737,0.0574,0.0410,0.0410,0.4270,0.6540,,0.2270,,86.92,14.71,150.3,117.9,,0.012,1.326
1791426785.7122426,0.4998,0.5695,0.7538,0.4302,0.4302,0.6350,0.4998,0.7006,0.8440,0.1229,0.3646,0.3646,0.3646,0.0369,0.0942,0.1229,0.1966,0.4300,0.6475,,0.2175,,87.52,14.54,151.0,118.4,0.806,0.010,1.493
1791426785.7426665,0.5695,0.6350,0.8030,0.4302,0.3646,0.7538,0.5695,0.4998,0.5695,0.1557,0.2991,0.1557,0.3646,0.0574,0.0737,0.0737,0.0737,0.4270,0.6455,,0.2185,,87.05,14.79,150.6,118.6,,0.011,
1791426785.7745204,0.2458,0.7006,0.5695,0.3646,0.4302,0.7006,0.5695,0.7006,0.7538,0.2458,0.3646,0.4998,0.4302,0.0410,0.0574,0.0942,0.1229,,0.6490,,,,87.05,14.79,150.9,118.4,0.753,0.011,
1791426785.8051982,0.2991,0.6350,0.5695,0.4302,0.2991,0.7538,0.6350,0.7006,0.8030,0.2458,0.3646,0.3646,0.3646,0.0574,0.0737,0.0942,0.2458,,0.6470,,,,87.05,14.79,150.8,117.8,0.709,0.011,
1791426785.8401155,0.7006,0.4998,0.4302,0.4998,0.4302,0.7006,0.5695,0.6350,0.6350,0.0737,0.4302,0.5695,0.1966,0.0942,0.0737,0.0574,0.0410,0.4270,0.6460,,0.2190,,87.32,14.98,150.6,117.2,,0.010,1.323
1791426785.8725605,0.3646,0.7006,0.7006,0.3646,0.3646,0.7006,0.5695,0.6350,0.6350,0.2458,0.4302,0.2991,0.2991,0.0737,0.0737,0.0942,0.2458,0.4270,0.6525,,0.2255,,87.86,14.92,150.3,117.3,,0.008,1.299
1791426785.9060771,0.5695,0.5695,0.4998,0.3646,0.3646,0.8440,0.6350,0.7538,0.5695,0.2458,0.1557,0.4302,0.4302,0.0737,0.0574,0.0737,0.1229,0.4270,0.6475,,0.2205,,87.95,14.84,151.2,117.9,0.771,0.008,
1791426785.9392972,0.4302,0.4998,0.5695,0.2991,0.3646,0.7006,0.5695,0.6350,0.7006,0.2991,0.3646,0.4302,0.2991,0.0574,0.0574,0.0737,0.0410,0.4270,0.6500,,0.2230,,88.92,14.86,151.0,117.4,,0.004,1.337
1791426785.9789057,0.4302,0.5695,0.4998,0.2991,0.2991,0.7006,0.6350,0.7006,0.7006,0.0942,0.3646,0.4998,0.4998,0.0574,0.0410,0.0574,0.1557,0.4270,0.6475,,0.2205,,89.22,14.59,150.8,116.7,0.824,0.003,1.445
1791426786.010269,0.5695,0.6350,0.5695,0.4302,0.2991,0.5695,0.5695,0.7538,0.7006,0.2991,0.4998,0.2991,0.2991,0.0574,0.0369,0.0574,0.1557,0.4310,0.6530,,0.2220,,89.37,,151.0,115.8,,0.002,1.233
1791426786.041731,0.2458,0.4998,0.8030,0.3646,0.2991,0.7006,0.5695,0.6350,0.5695,0.1229,0.4998,0.2458,0.1966,0.0942,0.0737,0.1229,0.0737,,0.6500,,,,89.37,,150.8,116.2,,0.002,
1791426786.0736907,0.6350,0.7538,0.5695,0.4302,0.3646,0.8030,0.7538,0.4998,0.7538,0.1557,0.4998,0.4302,0.4302,0.0942,0.0574,0.0942,0.1966,0.4310,0.6505,,0.2195,,89.90,,150.3,116.4,0.740,0.000,1.294
1791426786.106022,0.4302,0.5695,0.6350,0.3646,0.3646,0.7006,0.6350,0.7006,0.4998,0.3646,0.2991,0.1557,0.3646,0.0942,0.1229,0.2458,0.2991,0.4230,0.6435,,0.2205,,89.66,,150.5,116.4,,0.001,1.160
1791426786.1396754,0.4998,0.5695,0.7006,0.3646,0.3646,0.6350,0.6350,0.8440,0.7006,0.1557,0.1557,0.1966,0.3646,0.0737,0.1229,0.1229,0.1229,0.4230,0.6510,,0.2280,,89.81,,150.1,117.3,,0.001,
1791426786.1729715,0.6350,0.7006,0.6350,0.4302,0.4998,0.4998,0.7006,0.7006,0.6350,0.2458,0.4998,0.4998,0.5695,0.1557,0.1229,0.0942,0.0574,0.4210,0.6445,,0.2235,,89.15,,149.7,117.1,0.702,0.003,1.311
1791426786.2064855,0.4302,0.8030,0.5695,0.4302,0.4302,0.6350,0.4302,0.6350,0.5695,0.1229,0.4302,0.4302,0.4302,0.0410,0.1229,0.0246,0.1966,0.4210,0.6475,,0.2265,,89.09,,149.0,116.7,0.696,0.004,1.264
1791426786.2400293,0.7006,0.7006,0.8030,0.3646,0.2991,0.7006,0.6350,0.4302,0.6350,0.0942,0.4302,0.4302,0.4302,0.0737,0.0737,0.0574,0.1966,0.4200,0.6475,,0.2275,,88.73,,149.0,116.3,0.721,0.005,1.310
1791426786.2799685,0.2991,0.8030,0.7006,0.3646,0.4998,0.5695,0.7538,0.6350,0.4302,0.3646,0.4302,0.2991,0.3646,0.1229,0.1966,0.1557,0.0737,,0.6440,,,,88.73,,149.2,115.3,,0.005,
1791426786.3108814,0.7538,0.7006,0.7006,0.4998,0.3646,0.7006,0.6350,0.7538,0.6350,0.3646,0.4302,0.3646,0.5695,0.0737,0.1229,0.0942,0.1229,0.4190,0.6490,,0.2300,,88.35,,149.4,116.2,0.770,0.006,1.109
1791426786.3439543,0.7006,0.7538,0.4998,0.5695,0.3646,0.8440,0.4998,0.6350,0.5695,0.2458,0.3646,0.4302,0.4998,0.0574,0.0410,0.0574,0.0737,0.4190,0.6430,,0.2240,,87.20,,148.8,116.2,0.736,0.011,1.428
1791426786.3739574,0.5695,0.7538,0.7006,0.6350,0.3646,0.8440,0.7538,0.7006,0.7538,0.1966,0.4998,0.5695,0.6350,0.1229,0.1557,0.1557,0.3646,0.4160,0.6520,0.7210,0.2360,0.0690,86.93,15.06,148.8,117.6,0.697,0.012,1.227
1791426786.406583,0.7006,0.7538,0.7006,0.4302,0.3646,0.8030,0.7006,0.7006,0.7538,0.3646,0.3646,0.3646,0.5695,0.0574,0.0942,0.1229,0.0942,0.4190,0.6455,,0.2265,,86.14,15.11,149.0,117.2,0.737,0.015,1.114
1791426786.440064,0.4998,0.4998,0.8440,0.3646,0.4302,0.7006,0.4998,0.4998,0.6350,0.0942,0.4302,0.6350,0.6350,0.0410,0.0737,0.0942,0.1557,0.4180,0.6510,0.7320,0.2330,0.0810,85.61,14.98,148.6,117.7,0.782,0.018,1.391
1791426786.4740818,0.4302,0.5695,0.8030,0.4302,0.2991,0.5695,0.7538,0.4998,0.6350,0.2458,0.4302,0.4302,0.5695,0.0574,0.0737,0.0574,0.0737,0.4140,0.6445,,0.2305,,84.80,14.83,149.3,117.5,0.813,0.021,1.426
1791426786.5073078,0.2991,0.7006,0.5695,0.4302,0.4302,0.5695,0.6350,0.4998,0.5695,0.3646,0.2991,0.6350,0.4998,0.1229,0.1229,0.1229,0.0574,,0.6480,,,,84.80,14.83,148.5,117.6,0.774,0.021,
1791426786.5408292,0.4998,0.7538,0.4998,0.5695,0.3646,0.7006,0.4998,0.7538,0.2991,0.0942,0.4302,0.4998,0.6350,0.0574,0.0574,0.0942,0.1966,0.4150,0.6415,,0.2265,,83.53,14.95,148.8,117.6,0.777,0.026,1.423
1791426786.5798893,0.5695,0.6350,0.7538,0.4302,0.2991,0.7006,0.5695,0.2991,0.7538,0.3646,0.4302,0.6350,0.4998,0.0410,0.0574,0.1229,0.1966,0.4160,0.6445,,0.2285,,83.13,14.90,149.2,117.9,0.788,0.028,1.182
1791426786.6106505,0.7006,0.7006,0.8767,0.4302,0.2991,0.7006,0.6350,0.7006,0.6350,0.1966,0.2991,0.5695,0.5695,0.0942,0.0574,0.0410,0.0942,0.4170,0.6420,0.7200,0.2250,0.0780,82.52,14.62,149.6,117.2,0.808,0.030,
1791426786.6421003,0.2991,0.7538,0.7006,0.4302,0.3646,0.5695,0.6350,0.5695,0.4998,0.1229,0.2458,0.5695,0.6350,0.0574,0.0737,0.1557,0.1229,,0.6435,0.7200,,0.0765,82.52,14.62,149.8,116.8,0.755,0.030,
1791426786.6737752,0.5695,0.5695,0.8440,0.4998,0.3646,0.8030,0.5695,0.7006,0.7006,0.1966,0.4998,0.4998,0.6350,0.0574,0.0369,0.0942,0.1229,0.4140,0.6465,,0.2325,,82.86,14.57,150.6,117.1,0.774,0.029,1.391
1791426786.7085743,0.5695,0.6350,0.8440,0.4302,0.4302,0.7006,0.4998,0.7006,0.6350,0.1557,0.4998,0.7006,0.6350,0.0574,0.1229,0.0410,0.2991,0.4180,0.6450,0.7220,0.2270,0.0770,82.79,14.47,150.2,116.5,0.770,0.029,1.397
1791426786.7410865,0.4998,0.8030,0.6350,0.4998,0.4302,0.8767,0.6350,0.7538,0.5695,0.4302,0.2458,0.3646,0.6350,0.0942,0.1229,0.0737,0.0737,0.4140,0.6550,,0.2410,,82.55,14.54,149.8,116.6,0.658,0.030,1.040
1791426786.7744737,0.4302,0.6350,0.8030,0.3646,0.2991,0.7006,0.6350,0.6350,0.6350,0.0942,0.2991,0.4302,0.5695,0.0942,0.0410,0.0574,0.0737,0.4140,0.6445,,0.2305,,81.91,14.75,149.7,116.2,0.721,0.033,
1791426786.8079414,0.4302,0.8030,0.6350,0.4998,0.3646,0.7006,0.6350,0.4302,0.6350,0.2991,0.4302,0.6350,0.6350,0.0574,0.0942,0.0942,0.0737,0.4180,0.6485,0.7200,0.2305,0.0715,81.96,14.52,149.6,116.2,0.740,0.033,1.314
1791426786.8403742,0.4302,0.5695,0.9054,0.6350,0.3646,0.6350,0.6350,0.4998,0.7006,0.2458,0.4302,0.3646,0.6350,0.0574,0.0737,0.0942,0.1229,0.4180,0.6460,,0.2280,,81.56,14.53,150.1,116.4,0.752,0.034,1.372
1791426786.8848565,0.7538,0.7538,0.7538,0.4302,0.2991,0.4998,0.7006,0.5695,0.6350,0.1966,0.1229,0.4302,0.7006,0.1229,0.0574,0.0737,0.1557,0.4140,0.6470,,0.2330,,81.99,14.23,149.9,117.2,0.823,0.032,
1791426786.9100354,0.6350,0.8030,0.7006,0.4998,0.2991,0.7006,0.4998,0.8767,0.7538,0.2458,0.3646,0.6350,0.6350,0.0369,0.1557,0.0737,0.1229,0.4180,0.6470,0.7200,0.2290,0.0730,81.65,14.15,149.8,116.8,0.743,0.034,1.413
1791426786.9435806,0.2991,0.7538,0.7538,0.4302,0.4302,0.6350,0.6350,0.7538,0.4998,0.4302,0.4302,0.6350,0.5695,0.1229,0.0942,0.1557,0.1557,,0.6455,0.7280,,0.0825,81.65,14.15,149.5,117.5,0.790,0.034,
1791426786.9748895,0.4998,0.6350,0.5695,0.4302,0.3646,0.7006,0.4998,0.7538,0.7538,0.2991,0.3646,0.6350,0.5695,0.0574,0.0942,0.1229,0.2458,0.4150,0.6480,0.7200,0.2330,0.0720,81.48,14.09,149.6,118.1,0.731,0.035,1.422
1791426787.0088916,0.5695,0.8030,0.6350,0.4302,0.3646,0.6350,0.5695,0.6350,0.5695,0.0574,0.3646,0.4302,0.5695,0.0942,0.0574,0.0737,0.2458,0.4200,0.6465,,0.2265,,81.05,13.50,150.1,119.7,0.928,0.036,1.730
1791426787.041159,0.6350,0.7006,0.8440,0.4302,0.2991,0.7006,0.4998,0.6350,0.7006,0.0737,0.4302,0.2991,0.5695,0.0942,0.0737,0.0574,0.1966,0.4200,0.6485,,0.2285,,80.72,13.62,150.1,118.9,,0.038,1.372
1791426787.0757058,0.4998,0.8030,0.7538,0.4302,0.2991,0.7006,0.4998,0.8030,0.7006,0.1557,0.4302,0.5695,0.5695,0.0574,0.1229,0.1229,0.1966,0.4200,0.6445,0.7240,0.2245,0.0795,80.49,13.73,150.2,118.3,0.785,0.038,1.448
1791426787.1088798,0.8030,0.7538,0.7006,0.4998,0.3646,0.7538,0.5695,0.7538,0.7006,0.1229,0.4302,0.5695,0.6350,0.1229,0.1229,0.0942,0.1229,0.4180,0.6450,0.7210,0.2270,0.0760,80.82,13.59,150.2,118.1,0.820,0.037,1.443
1791426787.1421564,0.4302,0.7538,0.8440,0.3646,0.4302,0.7538,0.5695,0.7006,0.5695,0.4302,0.3646,0.6350,0.7006,0.0737,0.0410,0.1557,0.1229,0.4200,0.6475,0.7220,0.2275,0.0745,80.92,13.70,150.1,118.0,0.740,0.036,1.110
1791426787.1815042,0.6350,0.7006,0.7006,0.3646,0.4302,0.7006,0.6350,0.8030,0.7006,0.2458,0.3646,0.3646,0.4302,0.0942,0.0410,0.0942,0.1229,0.4200,0.6450,,0.2250,,80.57,13.82,150.4,117.5,0.757,0.038,1.454
1791426787.2126231,0.6350,0.7538,0.8767,0.3646,0.2991,0.8030,0.6350,0.7538,0.6350,0.1557,0.4302,0.4998,0.7006,0.0942,0.0942,0.0737,0.0942,0.4200,0.6480,,0.2280,,80.46,13.93,150.3,117.1,0.726,0.038,1.364
1791426787.2443802,0.4998,0.7538,0.5695,0.3646,0.5695,0.7006,0.7006,0.4302,0.4302,0.2458,0.2991,0.6350,0.6350,0.0942,0.0410,0.0942,0.0942,0.4180,0.6425,0.7230,0.2245,0.0805,79.90,14.00,150.3,118.0,0.791,0.040,
1791426787.2760665,0.7006,0.8030,0.9054,0.4302,0.5695,0.7538,0.5695,0.7538,0.7538,0.2458,0.4302,0.4302,0.6350,0.0737,0.0410,0.0942,0.1229,0.4250,0.6435,,0.2185,,79.85,14.11,151.2,118.0,0.761,0.040,1.461
1791426787.308817,0.7006,0.8440,0.8030,0.5695,0.4998,0.7006,0.6350,0.8030,0.5695,0.2991,0.4998,0.6350,0.6350,0.0942,0.0574,0.0942,0.1229,0.4170,0.6470,0.7210,0.2300,0.0740,80.43,13.99,151.4,117.4,0.768,0.038,1.386
1791426787.3423436,0.7538,0.7538,0.8440,0.4302,0.4998,0.7538,0.7538,0.5695,0.7006,0.2458,0.4302,0.6350,0.6350,0.0574,0.0410,0.0942,0.1229,0.4200,0.6455,0.7200,0.2255,0.0745,80.09,14.02,150.6,117.1,0.740,0.040,1.445
1791426787.375524,0.4998,0.7006,0.7538,0.5695,0.3646,0.6350,0.7006,0.5695,0.8030,0.2458,0.2991,0.4998,0.5695,0.0574,0.0410,0.0574,0.0737,0.4200,0.6465,,0.2265,,79.92,13.92,150.6,117.2,0.781,0.040,
1791426787.4093375,0.7006,0.6350,0.6350,0.4302,0.3646,0.5695,0.6350,0.8030,0.6350,0.1557,0.4302,0.4302,0.6350,0.0942,0.0410,0.0737,0.0942,0.4180,0.6470,,0.2290,,80.16,13.82,150.4,117.0,0.783,0.039,1.394
1791426787.4427102,0.7006,0.7538,0.7006,0.4998,0.3646,0.7538,0.6350,0.7006,0.5695,0.2458,0.2458,0.7006,0.4998,0.0410,0.0410,0.0737,0.0737,0.4190,0.6455,,0.2265,,80.16,13.84,150.3,117.4,0.770,0.039,
1791426787.4797704,0.4998,0.7538,0.9054,0.4302,0.4998,0.8030,0.5695,0.7006,0.4302,0.1557,0.2991,0.6350,0.5695,0.0737,0.0737,0.0737,0.1557,0.4250,0.6465,0.7210,0.2215,0.0745,79.70,13.82,150.1,116.7,0.761,0.041,
1791426787.5105412,0.4998,0.7538,0.8030,0.3646,0.2991,0.7538,0.5695,0.6350,0.3646,0.2458,0.4998,0.3646,0.6350,0.0737,0.1966,0.0942,0.1557,0.4200,0.6455,,0.2255,,79.73,13.98,150.3,116.4,0.729,0.041,1.413
1791426787.5421898,0.6350,0.7538,0.8030,0.5695,0.4302,0.6350,0.6350,0.7006,0.6350,0.4302,0.4998,0.6350,0.6350,0.0410,0.0574,0.0574,0.0942,0.4200,0.6435,0.7250,0.2235,0.0815,79.61,14.11,150.3,116.5,0.781,0.041,1.166
1791426787.5757904,0.4302,0.4998,0.8030,0.4998,0.4998,0.8030,0.5695,0.6350,0.7538,0.1557,0.5695,0.4998,0.6350,0.0574,0.0410,0.0574,0.0737,0.4200,0.6475,,0.2275,,80.11,13.96,151.0,116.6,0.786,0.039,1.434
1791426787.6084545,0.5695,0.7538,0.6350,0.4998,0.3646,0.6350,0.7006,0.7006,0.7006,0.1966,0.2991,0.5695,0.6350,0.0942,0.0574,0.0737,0.1229,0.4200,0.6515,0.7200,0.2315,0.0685,80.80,13.64,150.9,117.6,0.779,0.037,
1791426787.641919,0.6350,0.8030,0.7006,0.4302,0.5695,0.7538,0.4998,0.7538,0.7538,0.2458,0.6350,0.7538,0.5695,0.0574,0.0369,0.0737,0.1966,0.4170,0.6470,0.7210,0.2300,0.0740,80.55,13.59,150.6,117.3,0.778,0.038,1.409
1791426787.6757925,0.5695,0.6350,0.7538,0.5695,0.4998,0.6350,0.7006,0.8030,0.7006,0.1557,0.4302,0.6350,0.6350,0.0574,0.0574,0.0410,0.0410,0.4200,0.6470,0.7220,0.2270,0.0750,80.92,13.74,150.6,116.9,0.732,0.036,1.380
1791426787.7095394,0.5695,0.5695,0.5695,0.4998,0.4998,0.4302,0.5695,0.8030,0.6350,0.1557,0.4998,0.6350,0.6350,0.0942,0.2458,0.0942,0.2458,0.4140,0.6490,0.7210,0.2350,0.0720,81.41,13.60,150.7,117.3,0.776,0.035,1.363
1791426787.7417846,0.2991,0.8440,0.8440,0.5695,0.3646,0.6350,0.5695,0.7538,0.6350,0.7538,0.4998,0.5695,0.4998,0.0942,0.0942,0.1557,0.0737,,0.6505,,,,81.41,13.60,150.5,117.6,0.716,0.035,
1791426787.7761612,0.4998,0.6350,0.6350,0.4302,0.4302,0.7538,0.4998,0.4302,0.4998,0.3646,0.3646,0.7006,0.6350,0.0942,0.0574,0.1229,0.2458,0.4170,0.6540,0.7200,0.2370,0.0660,82.04,13.60,150.0,117.6,0.684,0.032,1.028
1791426787.8094828,0.8030,0.6350,0.7538,0.4998,0.3646,0.7006,0.5695,0.7006,0.5695,0.0942,0.4998,0.4302,0.4998,0.0737,0.2458,0.0942,0.1966,0.4200,0.6450,,0.2250,,81.42,13.75,150.1,116.9,0.743,0.035,1.448
1791426787.842221,0.4998,0.7006,0.8440,0.4998,0.2991,0.4998,0.5695,0.4998,0.6350,0.2458,0.2991,0.6350,0.5695,0.1229,0.1557,0.0574,0.1229,0.4200,0.6500,0.7210,0.2300,0.0710,81.85,13.66,149.8,117.1,0.753,0.033,
1791426787.8751445,0.3646,0.7006,0.8030,0.3646,0.2991,0.7538,0.5695,0.8030,0.4998,0.1557,0.2991,0.6350,0.5695,0.0410,0.0574,0.0737,0.2991,0.4140,0.6465,0.7200,0.2325,0.0735,82.07,13.50,150.3,117.2,0.801,0.032,
1791426787.9080956,0.4998,0.8440,0.7538,0.5695,0.1966,0.6350,0.6350,0.8767,0.5695,0.1557,0.2991,0.3646,0.6350,0.0246,0.0737,0.0942,0.1229,0.4160,0.6455,,0.2295,,81.89,13.62,150.6,116.4,0.752,0.033,
1791426787.9420319,0.3646,0.8440,0.6350,0.3646,0.2991,0.8030,0.7006,0.4998,0.6350,0.4302,0.2991,0.5695,0.7006,0.0942,0.0942,0.0737,0.1557,0.4260,0.6510,0.7210,0.2250,0.0700,81.94,13.42,150.4,116.7,0.779,0.032,1.133
1791426787.9799097,0.3646,0.8767,0.8440,0.4998,0.2991,0.5695,0.5695,0.4998,0.6350,0.2458,0.3646,0.6350,0.5695,0.0737,0.1229,0.0942,0.1229,0.4140,0.6430,0.7200,0.2290,0.0770,81.71,13.56,149.9,116.3,0.768,0.033,1.389
1791426788.012379,0.7006,0.7006,0.7006,0.4998,0.2991,0.8030,0.4998,0.7006,0.5695,0.1557,0.0737,0.6350,0.6350,0.0246,0.0574,0.1557,0.1229,0.4140,0.6460,0.7210,0.2320,0.0750,81.89,13.67,150.0,115.5,0.743,0.033,
1791426788.043481,0.5695,0.7006,0.7006,0.5695,0.4302,0.6350,0.5695,0.7006,0.7538,0.1557,0.4998,0.6350,0.7006,0.0737,0.0737,0.1229,0.2991,0.4160,0.6520,0.7220,0.2360,0.0700,82.38,13.39,150.5,116.1,0.802,0.031,1.395
1791426788.0753305,0.5695,0.7538,0.8030,0.4998,0.3646,0.6350,0.5695,0.6350,0.7006,0.0410,0.2991,0.5695,0.4998,0.2458,0.1557,0.0737,0.1557,0.4150,0.6455,,0.2305,,81.79,13.55,150.2,115.9,0.745,0.033,
1791426788.1083815,0.3646,0.8030,0.8030,0.4302,0.4998,0.6350,0.6350,0.7538,0.7006,0.1557,0.0737,0.5695,0.6350,0.0410,0.0410,0.0410,0.1557,0.4140,0.6520,0.7280,0.2380,0.0760,82.27,13.60,150.4,116.5,0.776,0.032,
1791426788.1424448,0.7006,0.7006,0.8030,0.2991,0.2991,0.8440,0.5695,0.8030,0.4302,0.2458,0.4302,0.4998,0.6350,0.0246,0.0574,0.1966,0.2458,0.4170,0.6440,,0.2270,,82.10,13.64,150.8,116.9,0.800,0.032,1.516
1791426788.1751206,0.3646,0.5695,0.8030,0.4302,0.3646,0.8030,0.6350,0.9054,0.7538,0.1229,0.4302,0.5695,0.5695,0.0410,0.0574,0.0942,0.1557,0.4140,0.6510,0.7210,0.2370,0.0700,82.64,13.66,150.7,116.8,0.714,0.030,1.293
1791426788.2102451,0.6350,0.6350,0.7006,0.4302,0.4998,0.5695,0.4998,0.8030,0.7538,0.4998,0.4998,0.4302,0.6350,0.1557,0.1229,0.1229,0.1229,0.4150,0.6510,,0.2360,,82.90,13.71,150.6,116.6,0.717,0.029,1.100
1791426788.2502818,0.4302,0.6350,0.5695,0.4998,0.3646,0.6350,0.5695,0.7538,0.5695,0.2458,0.3646,0.6350,0.7006,0.0410,0.1557,0.0410,0.0942,0.4150,0.6455,0.7210,0.2305,0.0755,82.87,13.74,150.3,116.6,0.767,0.029,1.396
1791426788.2798858,0.4998,0.6350,0.5695,0.3646,0.4998,0.5695,0.6350,0.8440,0.7538,0.2991,0.2991,0.6350,0.5695,0.0574,0.1557,0.1229,0.1966,0.4140,0.6510,0.7210,0.2370,0.0700,83.50,13.64,149.9,116.9,0.743,0.027,
1791426788.3107388,0.7006,0.6350,0.7006,0.4998,0.3646,0.4998,0.5695,0.6350,0.6350,0.2458,0.3646,0.4302,0.4998,0.1229,0.1966,0.0737,0.1557,0.4140,0.6450,,0.2310,,83.46,13.70,150.0,117.0,0.773,0.027,1.444
1791426788.3437555,0.6350,0.7538,0.6350,0.3646,0.4302,0.8030,0.3646,0.8030,0.7538,0.1557,0.4302,0.4998,0.5695,0.0942,0.0942,0.0942,0.1229,0.4150,0.6525,,0.2375,,83.90,13.65,150.0,117.6,0.724,0.025,1.306
1791426788.3763347,0.5695,0.6350,0.4998,0.4998,0.4302,0.7538,0.7538,0.6350,0.4302,0.4302,0.3646,0.6350,0.6350,0.0737,0.0737,0.1229,0.2458,0.4140,0.6450,0.7210,0.2310,0.0760,84.26,13.72,149.7,117.0,0.761,0.023,1.120
1791426788.4090264,0.7006,0.7538,0.7006,0.4998,0.3646,0.8030,0.6350,0.8030,0.7538,0.2458,0.3646,0.4998,0.5695,0.0574,0.0737,0.0410,0.1557,0.4140,0.6490,,0.2350,,84.60,13.74,149.8,116.8,0.739,0.022,1.389
1791426788.4428585,0.7006,0.4998,0.7006,0.4998,0.3646,0.7006,0.6350,0.7538,0.4998,0.2991,0.3646,0.7006,0.5695,0.0942,0.0574,0.0574,0.0942,0.4150,0.6445,0.7200,0.2295,0.0755,84.15,13.75,149.7,116.5,0.767,0.024,1.355
1791426788.4759529,0.5695,0.8030,0.6350,0.4998,0.4998,0.8440,0.8030,0.8030,0.8030,0.2458,0.4998,0.6350,0.7006,0.0574,0.0574,0.1229,0.2991,0.4160,0.6465,0.7220,0.2305,0.0755,83.83,13.87,149.9,116.3,0.740,0.025,1.323
1791426788.509282,0.6350,0.6350,0.8767,0.4998,0.3646,0.4302,0.6350,0.5695,0.7538,0.1557,0.3646,0.5695,0.6350,0.0410,0.0942,0.0574,0.0574,0.4150,0.6465,0.7210,0.2315,0.0745,83.61,13.68,149.7,116.7,0.807,0.026,1.431
1791426788.548887,0.4998,0.8030,0.5695,0.4302,0.4302,0.7538,0.7006,0.7006,0.7538,0.3646,0.4998,0.6350,0.5695,0.0246,0.1557,0.0737,0.1229,0.4150,0.6460,0.7210,0.2310,0.0750,83.20,13.86,149.6,116.6,0.718,0.028,1.108
1791426788.5802932,0.7538,0.7006,0.7538,0.4998,0.3646,0.7006,0.5695,0.6350,0.6350,0.4302,0.0942,0.6350,0.6350,0.0737,0.0737,0.0737,0.2458,0.4140,0.6445,0.7210,0.2305,0.0765,82.63,13.92,149.8,116.1,0.759,0.030,1.130
1791426788.6134791,0.4998,0.7006,0.8030,0.4302,0.3646,0.7538,0.5695,0.7538,0.4998,0.2458,0.1229,0.6350,0.6350,0.0574,0.0942,0.1229,0.2458,0.4150,0.6480,0.7200,0.2330,0.0720,82.79,13.75,150.3,116.1,0.774,0.029,
1791426788.6451926,0.6350,0.8440,0.8767,0.5695,0.3646,0.6350,0.6350,0.4302,0.6350,0.3646,0.2991,0.6350,0.6350,0.0574,0.0737,0.0942,0.1966,0.4140,0.6475,0.7220,0.2335,0.0745,82.85,13.68,150.0,116.3,0.782,0.029,1.135
1791426788.6757653,0.4302,0.7538,0.8767,0.4302,0.2458,0.7006,0.7006,0.7006,0.6350,0.2458,0.3646,0.5695,0.4998,0.1229,0.0737,0.0737,0.0737,0.4140,0.6470,,0.2330,,83.03,13.78,150.0,116.0,0.732,0.028,1.351
1791426788.7102096,0.7006,0.7006,0.7538,0.4998,0.3646,0.7006,0.7006,0.5695,0.4998,0.1557,0.3646,0.7006,0.4998,0.0737,0.0942,0.0574,0.1557,0.4140,0.6415,,0.2275,,82.52,13.92,149.6,116.5,0.772,0.030,1.447
1791426788.7426698,0.4998,0.6350,0.8440,0.4998,0.2991,0.4302,0.7538,0.6350,0.6350,0.1229,0.3646,0.7006,0.6350,0.0574,0.1966,0.0942,0.2991,0.4150,0.6420,0.7220,0.2270,0.0800,81.95,13.92,149.4,116.7,0.807,0.033,1.490
1791426788.776434,0.5695,0.7006,0.8440,0.4998,0.4302,0.7006,0.7538,0.8030,0.6350,0.2991,0.4302,0.4998,0.4998,0.0574,0.1229,0.0737,0.1966,0.4140,0.6445,,0.2305,,82.04,13.93,149.3,116.7,0.774,0.032,1.412
1791426788.8094692,0.5695,0.6350,0.7538,0.4998,0.4302,0.8767,0.5695,0.7006,0.6350,0.1557,0.0942,0.7006,0.5695,0.0942,0.1229,0.0942,0.1229,0.4150,0.6500,0.7200,0.2350,0.0700,82.67,13.78,150.2,117.0,0.748,0.030,
1791426788.849855,0.6350,0.8767,0.7538,0.5695,0.3646,0.7006,0.5695,0.7538,0.4998,0.0942,0.4302,0.6350,0.6350,0.0737,0.1229,0.0410,0.1229,0.4140,0.6445,0.7210,0.2305,0.0765,82.43,13.76,150.0,116.3,0.786,0.031,1.424
1791426788.8807678,0.5695,0.8767,0.6350,0.4302,0.2458,0.7006,0.6350,0.5695,0.6350,0.0574,0.4302,0.4302,0.4302,0.0737,0.0737,0.1229,0.0942,0.4150,0.6485,,0.2335,,82.89,13.66,149.8,116.4,0.770,0.029,1.387
1791426788.9130127,0.3646,0.8440,0.9054,0.4302,0.3646,0.7538,0.7538,0.7006,0.5695,0.2458,0.4302,0.6350,0.6350,0.0942,0.0574,0.0369,0.1966,0.4140,0.6440,0.7210,0.2300,0.0770,82.18,13.61,150.4,116.5,0.807,0.032,1.508
1791426788.9442103,0.7006,0.8030,0.7538,0.3646,0.4302,0.8440,0.6350,0.7538,0.8030,0.4302,0.4998,0.6350,0.6350,0.0574,0.0574,0.1229,0.0410,0.4140,0.6445,0.7220,0.2305,0.0775,82.08,13.83,150.0,116.6,0.734,0.032,1.125
1791426788.9759185,0.4998,0.8030,0.7006,0.4998,0.3646,0.7006,0.5695,0.5695,0.6350,0.2458,0.5695,0.5695,0.7006,0.0410,0.0410,0.1229,0.1557,0.4140,0.6435,0.7210,0.2295,0.0775,81.67,13.80,150.1,117.6,0.796,0.034,1.421
1791426789.0101483,0.6350,0.7006,0.8767,0.5695,0.2991,0.7006,0.4998,0.7006,0.7538,0.0942,0.2991,0.6350,0.5695,0.0369,0.0410,0.0942,0.2991,0.4150,0.6425,0.7210,0.2275,0.0785,81.62,13.83,150.3,117.7,0.791,0.034,
1791426789.042894,0.6350,0.6350,0.8030,0.4302,0.2991,0.7006,0.6350,0.6350,0.7006,0.1966,0.4302,0.6350,0.7006,0.0942,0.0574,0.0574,0.0942,0.4140,0.6460,0.7220,0.2320,0.0760,81.80,13.63,151.2,117.7,0.832,0.033,1.518
1791426789.0759208,0.5695,0.8767,0.8767,0.4302,0.2991,0.8440,0.7006,0.7006,0.6350,0.2458,0.4998,0.5695,0.6350,0.0574,0.0574,0.0410,0.1229,0.4150,0.6480,0.7220,0.2330,0.0740,82.29,13.54,151.0,117.5,0.789,0.031,1.377
1791426789.1105125,0.5695,0.8440,0.8767,0.3646,0.4302,0.5695,0.4998,0.7006,0.7006,0.3646,0.3646,0.4998,0.4998,0.0574,0.0574,0.0942,0.1966,0.4140,0.6500,,0.2360,,82.33,13.45,150.9,117.2,0.768,0.031,1.174
1791426789.1496146,0.6350,0.8030,0.8440,0.4998,0.4302,0.8030,0.4998,0.7006,0.4998,0.1229,0.2458,0.4998,0.5695,0.0246,0.0737,0.0369,0.1229,0.4140,0.6440,,0.2300,,82.01,13.61,150.9,116.9,0.761,0.033,
1791426789.180488,0.4302,0.8030,0.7006,0.5695,0.3646,0.7006,0.6350,0.8030,0.7006,0.0574,0.4302,0.7006,0.6350,0.0369,0.0410,0.0410,0.1557,0.4140,0.6440,0.7200,0.2300,0.0760,81.51,13.71,150.3,116.4,0.755,0.035,1.444
1791426789.2135715,0.5695,0.8030,0.6350,0.4998,0.4998,0.7538,0.5695,0.8030,0.7006,0.2458,0.4302,0.4302,0.5695,0.0942,0.0574,0.0737,0.0574,0.4140,0.6485,,0.2345,,81.86,13.65,150.1,116.9,0.763,0.033,1.386
1791426789.244636,0.4302,0.9259,0.8440,0.5695,0.4302,0.7006,0.7538,0.7538,0.7538,0.2458,0.0942,0.1966,0.4998,0.1229,0.0737,0.0942,0.1229,0.4140,0.6480,,0.2340,,81.90,13.68,150.0,116.6,,0.033,
1791426789.278187,0.4998,0.6350,0.8767,0.6350,0.4302,0.7006,0.4998,0.7538,0.5695,0.2458,0.5695,0.6350,0.6350,0.0942,0.0410,0.1229,0.1557,0.4160,0.6480,0.7210,0.2320,0.0730,82.48,13.47,150.3,116.7,0.812,0.031,1.438
1791426789.3114107,0.4302,0.6350,0.8030,0.4302,0.4302,0.5695,0.4998,0.6350,0.6350,0.2991,0.3646,0.4998,0.5695,0.0737,0.1229,0.0942,0.0410,0.4150,0.6455,,0.2305,,82.43,13.55,150.5,116.7,0.767,0.031,1.376
1791426789.3449366,0.5695,0.8767,0.8030,0.4998,0.4302,0.8440,0.6350,0.7538,0.7006,0.1229,0.1229,0.4998,0.5695,0.0737,0.1966,0.1229,0.1966,0.4140,0.6470,,0.2330,,81.86,13.75,150.3,116.6,0.711,0.033,
1791426789.3862596,0.4302,0.8767,0.6350,0.4302,0.3646,0.7006,0.7006,0.6350,0.6350,0.1557,0.3646,0.5695,0.6350,0.0942,0.1229,0.1229,0.1966,0.4180,0.6440,0.7300,0.2260,0.0860,81.52,13.92,151.0,116.5,0.829,0.034,1.446
1791426789.4178646,0.6350,0.7538,0.6350,0.4302,0.3646,0.7006,0.4998,0.5695,0.7538,0.2991,0.4998,0.7006,0.6350,0.0574,0.0574,0.1229,0.2458,0.4140,0.6445,0.7210,0.2305,0.0765,81.17,13.88,151.2,116.5,0.781,0.036,1.454
1791426789.4488685,0.7006,0.8440,0.7006,0.5695,0.4302,0.8030,0.7006,0.7006,0.7006,0.2458,0.3646,0.6350,0.6350,0.0737,0.2991,0.0574,0.1229,0.4140,0.6480,0.7210,0.2340,0.0730,81.03,13.90,151.1,116.0,0.735,0.037,1.351
1791426789.478888,0.6350,0.7006,0.7538,0.3646,0.2991,0.8440,0.5695,0.2991,0.7538,0.1229,0.3646,0.6350,0.4998,0.0574,0.1557,0.1966,0.3646,0.4140,0.6430,,0.2290,,80.83,13.95,150.9,115.4,0.784,0.037,1.475
1791426789.5105393,0.4302,0.8440,0.7538,0.5695,0.2991,0.7538,0.7006,0.7538,0.6350,0.5695,0.2991,0.5695,0.5695,0.0737,0.0737,0.0410,0.2458,0.4140,0.6510,0.7210,0.2370,0.0700,81.55,13.75,150.7,117.0,0.763,0.034,1.159
1791426789.54402,0.6350,0.6350,0.7538,0.4998,0.2458,0.7006,0.4998,0.5695,0.7006,0.1966,0.3646,0.6350,0.5695,0.0574,0.1229,0.0942,0.1557,0.4140,0.6450,0.7310,0.2310,0.0860,81.69,14.04,149.8,116.9,0.794,0.034,1.372
1791426789.5770402,0.4302,0.7006,0.7006,0.6350,0.2458,0.8030,0.5695,0.3646,0.7538,0.2458,0.4998,0.3646,0.4302,0.0574,0.0574,0.0410,0.1557,0.4180,0.6415,,0.2235,,81.26,14.27,149.8,116.7,0.757,0.035,1.445
1791426789.6110282,0.3646,0.6350,0.6350,0.3646,0.2458,0.7538,0.5695,0.7538,0.5695,0.2458,0.3646,0.1966,0.4302,0.0737,0.0369,0.1557,0.0942,0.4150,0.6435,,0.2285,,81.04,14.51,149.5,115.3,,0.036,1.367
1791426789.6439288,0.4998,0.8440,0.7006,0.4998,0.2991,0.8440,0.6350,0.7538,0.7538,0.1229,0.5695,0.7006,0.5695,0.0737,0.0410,0.0410,0.0942,0.4140,0.6485,0.7210,0.2345,0.0725,81.46,14.37,149.5,115.4,0.737,0.035,1.313
1791426789.677409,0.5695,0.7006,0.7538,0.5695,0.4998,0.4302,0.6350,0.2991,0.7006,0.2458,0.3646,0.4998,0.4998,0.0574,0.1557,0.0737,0.1229,0.4180,0.6450,,0.2270,,81.49,14.43,149.3,115.5,0.749,0.034,1.426
1791426789.7164054,0.5695,0.7538,0.7006,0.4302,0.3646,0.5695,0.5695,0.7006,0.5695,0.2458,0.4998,0.5695,0.4998,0.0737,0.0574,0.0737,0.1966,0.4180,0.6445,,0.2265,,81.43,14.35,149.2,115.3,0.785,0.035,1.469
1791426789.7487628,0.6350,0.6350,0.4998,0.4302,0.3646,0.8030,0.6350,0.7538,0.7006,0.1229,0.4302,0.4998,0.5695,0.0574,0.0942,0.0574,0.0942,0.4190,0.6430,,0.2240,,81.08,14.53,149.1,115.1,0.735,0.036,1.422
1791426789.7816758,0.8030,0.6350,0.6350,0.4302,0.3646,0.7006,0.5695,0.6350,0.7006,0.2458,0.1557,0.6350,0.6350,0.0942,0.0942,0.0737,0.1229,0.4190,0.6450,0.7230,0.2260,0.0780,80.71,14.43,149.3,114.7,0.781,0.037,
1791426789.8131685,0.4998,0.7538,0.7006,0.4302,0.4302,0.5695,0.7006,0.7538,0.7538,0.1966,0.6350,0.7006,0.6350,0.0205,0.0737,0.1557,0.1229,0.4170,0.6465,0.7200,0.2295,0.0735,80.92,14.33,150.1,114.5,0.740,0.036,1.359
1791426789.8449144,0.5695,0.8030,0.8440,0.4302,0.2991,0.7006,0.7538,0.8030,0.6350,0.0942,0.4998,0.4302,0.5695,0.1229,0.0410,0.0942,0.2991,0.4190,0.6475,,0.2285,,80.97,14.12,150.7,115.1,0.792,0.036,1.489
1791426789.8786154,0.4998,0.6350,0.5695,0.3646,0.4302,0.4998,0.6350,0.7538,0.6350,0.1557,0.0574,0.4998,0.5695,0.0574,0.0942,0.0737,0.0942,0.4190,0.6470,,0.2280,,80.92,14.04,150.6,114.0,0.775,0.036,
1791426789.9122286,0.6350,0.4302,0.8030,0.2991,0.4302,0.7006,0.5695,0.8030,0.7006,0.2458,0.4302,0.6350,0.4998,0.0574,0.1229,0.0942,0.1557,0.4210,0.6430,,0.2220,,79.85,14.25,150.3,113.7,0.736,0.041,1.442
1791426789.9457,0.6350,0.5695,0.9054,0.4302,0.3646,0.5695,0.4998,0.7538,0.7006,0.0942,0.5695,0.2458,0.4302,0.0942,0.0942,0.0574,0.0942,0.4160,0.6430,,0.2270,,79.46,14.28,151.1,113.9,,0.042,1.466
1791426789.9786997,0.6350,0.6350,0.7006,0.2991,0.2458,0.8030,0.6350,0.7538,0.7538,0.3646,0.1966,0.5695,0.5695,0.0410,0.0410,0.0942,0.1229,0.4230,0.6420,0.7210,0.2190,0.0790,79.08,14.26,150.6,114.4,0.780,0.043,1.190
1791426790.019783,0.5695,0.5695,0.8030,0.3646,0.4998,0.6350,0.7006,0.7006,0.4302,0.1557,0.3646,0.6350,0.5695,0.0737,0.0737,0.0369,0.1966,0.4230,0.6410,0.7200,0.2180,0.0790,78.60,14.30,150.3,114.7,0.768,0.045,1.492
1791426790.0516298,0.5695,0.7538,0.8030,0.4302,0.1966,0.4302,0.6350,0.5695,0.4998,0.2458,0.3646,0.6350,0.5695,0.0369,0.1229,0.0574,0.0574,0.4250,0.6450,0.7350,0.2200,0.0900,78.25,14.40,151.0,114.1,0.853,0.046,1.558
1791426790.082297,0.4302,0.6350,0.8030,0.4302,0.3646,0.7538,0.7006,0.7006,0.4998,0.1966,0.4302,0.6350,0.6350,0.0737,0.0369,0.0574,0.1229,0.4190,0.6430,0.7210,0.2240,0.0780,77.98,14.45,151.0,113.6,0.746,0.048,1.404
1791426790.1131535,0.3646,0.7006,0.7006,0.4998,0.4302,0.5695,0.4998,0.6350,0.7006,0.0942,0.4302,0.4998,0.6350,0.0574,0.0574,0.0942,0.0737,0.4190,0.6435,,0.2245,,77.96,14.55,150.0,113.7,0.751,0.048,1.389
1791426790.144892,0.7006,0.4998,0.7538,0.2991,0.2991,0.7006,0.6350,0.7006,0.7006,0.0737,0.2991,0.4302,0.4998,0.0737,0.0574,0.0737,0.1229,0.4190,0.6415,,0.2225,,77.39,14.68,150.0,113.9,0.757,0.050,
1791426790.1784034,0.7006,0.7538,0.7538,0.4302,0.4998,0.7006,0.6350,0.7538,0.6350,0.1557,0.4302,0.6350,0.5695,0.0942,0.1229,0.0574,0.0574,0.4230,0.6445,0.7230,0.2215,0.0785,77.62,14.60,149.9,113.4,0.771,0.049,1.446
1791426790.2121854,0.4998,0.8030,0.9628,0.4998,0.2991,0.7006,0.5695,0.5695,0.6350,0.2458,0.3646,0.6350,0.4998,0.0246,0.0574,0.0574,0.2458,0.4190,0.6450,,0.2260,,77.62,14.53,150.2,113.5,0.771,0.049,1.453
1791426790.2458198,0.4998,0.6350,0.7538,0.3646,0.4302,0.8440,0.5695,0.7538,0.5695,0.0942,0.1966,0.6350,0.5695,0.0410,0.0942,0.0942,0.1966,0.4190,0.6420,0.7210,0.2230,0.0790,77.64,14.43,150.1,112.8,0.792,0.049,
1791426790.2790387,0.7006,0.6350,0.4998,0.4302,0.2458,0.5695,0.5695,0.7006,0.5695,0.0574,0.3646,0.6350,0.6350,0.0574,0.0410,0.0410,0.0246,0.4190,0.6475,0.7220,0.2285,0.0745,77.58,14.32,149.8,113.8,0.755,0.049,1.410
1791426790.3190432,0.4302,0.9587,0.8440,0.5695,0.4302,0.6350,0.6350,0.6350,0.7538,0.0574,0.3646,0.6350,0.5695,0.0942,0.1557,0.0737,0.1557,0.4190,0.6430,0.7200,0.2240,0.0770,77.11,14.22,150.3,114.1,0.781,0.051,1.496
1791426790.3510273,0.5695,0.7538,0.7538,0.4302,0.4302,0.8030,0.6350,0.7538,0.6350,0.2458,0.5695,0.6350,0.5695,0.0574,0.0369,0.0574,0.1229,0.4240,0.6435,0.7250,0.2195,0.0815,76.92,14.29,150.8,114.2,0.785,0.052,1.472
1791426790.3829303,0.5695,0.8767,0.7538,0.5695,0.6350,0.5695,0.5695,0.7006,0.6350,0.1229,0.3646,0.7006,0.5695,0.0410,0.0942,0.0942,0.1557,0.4240,0.6415,0.7200,0.2175,0.0785,76.58,14.16,150.6,114.2,0.808,0.053,1.550
1791426790.4140062,0.4302,0.7006,0.7538,0.4998,0.4998,0.8030,0.5695,0.8440,0.6350,0.0737,0.3646,0.6350,0.5695,0.0205,0.0942,0.0737,0.1229,0.4200,0.6445,0.7200,0.2245,0.0755,76.55,14.06,150.3,113.3,0.775,0.053,1.389
1791426790.4455707,0.7538,0.7006,0.7006,0.4302,0.2991,0.7538,0.4998,0.8030,0.7006,0.2458,0.3646,0.6350,0.4998,0.0369,0.0574,0.0410,0.0942,0.4200,0.6425,,0.2225,,76.73,14.11,150.6,113.4,0.777,0.052,1.460
1791426790.4789822,0.5695,0.7006,0.8767,0.4302,0.5695,0.6350,0.5695,0.7538,0.7538,0.2458,0.1229,0.4998,0.5695,0.1229,0.0410,0.0737,0.1966,0.4190,0.6505,,0.2315,,77.15,13.92,150.4,113.1,0.765,0.051,
1791426790.5125382,0.6350,0.8030,0.8030,0.4998,0.4302,0.5695,0.4302,0.7006,0.4302,0.1557,0.2458,0.6350,0.4998,0.0410,0.1557,0.2458,0.2991,0.4240,0.6420,,0.2180,,77.01,14.00,,113.2,0.781,0.051,
1791426790.545988,0.5695,0.7006,0.5695,0.4302,0.4302,0.5695,0.6350,0.7538,0.5695,0.0942,0.1229,0.6350,0.5695,0.0737,0.1557,0.0574,0.2991,0.4240,0.6480,0.7330,0.2240,0.0850,77.10,14.40,,112.9,0.738,0.051,
1791426790.586379,0.7538,0.5695,0.8440,0.4302,0.5695,0.5695,0.3646,0.6350,0.5695,0.1229,0.3646,0.6350,0.4998,0.0410,0.1229,0.1966,0.2991,0.4190,0.6470,,0.2280,,77.31,14.23,,113.6,0.797,0.050,1.463
1791426790.6183994,0.3646,0.6350,0.8440,0.4302,0.4302,0.6350,0.6350,0.7006,0.5695,0.0942,0.4302,0.6350,0.5695,0.0410,0.0737,0.0737,0.2458,0.4200,0.6445,0.7210,0.2245,0.0765,77.40,14.09,,113.3,0.793,0.050,1.450
1791426790.6499748,0.6350,0.8767,0.8767,0.4302,0.4998,0.7538,0.4998,0.6350,0.6350,0.0737,0.0737,0.6350,0.5695,0.0574,0.0942,0.0737,0.1557,0.4230,0.6505,0.7210,0.2275,0.0705,77.41,13.96,,113.2,0.741,0.050,
1791426790.6805425,0.5695,0.7538,0.8440,0.4998,0.4302,0.6350,0.5695,0.7006,0.6350,0.1557,0.3646,0.5695,0.4302,0.0737,0.1966,0.0737,0.1966,0.4190,0.6480,,0.2290,,77.77,13.99,,113.2,0.743,0.049,1.354
1791426790.7122166,0.4998,0.7006,0.7538,0.4302,0.5695,0.7006,0.5695,0.8440,0.6350,0.2458,0.2991,0.4302,0.4998,0.0737,0.2991,0.0410,0.1966,0.4200,0.6435,,0.2235,,77.89,14.03,,113.7,0.787,0.048,
1791426790.7458496,0.5695,0.7538,0.7006,0.4998,0.5695,0.7006,0.6350,0.8440,0.4302,0.1229,0.3646,0.2991,0.4998,0.0410,0.2458,0.0369,0.2458,0.4190,0.6480,,0.2290,,78.12,14.01,,114.3,,0.048,1.356
1791426790.779063,0.4302,0.8030,0.8767,0.3646,0.3646,0.7006,0.7006,0.7006,0.5695,0.2458,0.2991,0.3646,0.4302,0.0737,0.1229,0.0574,0.1557,0.4230,0.6455,,0.2225,,78.14,14.11,,112.8,0.748,0.047,
1791426790.81275,0.5695,0.5695,0.7538,0.4302,0.3646,0.5695,0.7006,0.8030,0.4998,0.1557,0.0737,0.4302,0.3646,0.0410,0.3646,0.0410,0.0737,0.4190,0.6440,,0.2250,,78.13,14.38,,112.8,0.711,0.047,
1791426790.8460884,0.5695,0.4998,0.8440,0.3646,0.4302,0.7538,0.5695,0.5695,0.6350,0.4302,0.5695,0.6350,0.5695,0.0574,0.0410,0.0737,0.1229,0.4190,0.6460,0.7200,0.2270,0.0740,78.19,14.18,150.7,112.9,0.775,0.047,1.208
1791426790.886168,0.5695,0.8440,0.5695,0.4302,0.3646,0.7538,0.6350,0.3646,0.7538,0.1229,0.4998,0.6350,0.4998,0.0410,0.1557,0.0737,0.0574,0.4200,0.6480,,0.2280,,78.44,13.95,150.5,113.5,0.801,0.046,1.440
1791426790.9168122,0.6350,0.6350,0.8030,0.5695,0.4302,0.7538,0.7006,0.5695,0.6350,0.2458,0.3646,0.6350,0.4998,0.0574,0.0574,0.1229,0.1229,0.4200,0.6495,,0.2295,,78.57,14.06,150.2,113.5,0.702,0.046,1.314
1791426790.9484074,0.7006,0.6350,0.8440,0.3646,0.3646,0.6350,0.7006,0.8440,0.6350,0.1557,0.0737,0.6350,0.4998,0.0574,0.1557,0.0574,0.0737,0.4200,0.6450,,0.2250,,78.55,14.10,150.1,113.5,0.761,0.046,
1791426790.9803753,0.7006,0.6350,0.7538,0.4302,0.5695,0.7006,0.5695,0.7538,0.4998,0.1557,0.2991,0.5695,0.4302,0.0410,0.1557,0.0574,0.2458,0.4200,0.6485,,0.2285,,78.57,13.98,149.9,113.3,0.768,0.046,
1791426791.01362,0.4998,0.6350,0.8440,0.4302,0.4302,0.7006,0.5695,0.8440,0.5695,0.2458,0.4302,0.5695,0.5695,0.0410,0.0942,0.1557,0.1229,0.4190,0.6450,0.7210,0.2260,0.0760,78.80,13.87,150.2,113.8,0.794,0.045,1.432
1791426791.0457683,0.5695,0.7006,0.8767,0.2458,0.3646,0.8030,0.7006,0.7538,0.6350,0.0942,0.4302,0.5695,0.4998,0.0737,0.1229,0.0410,0.1966,0.4260,0.6435,,0.2175,,77.76,14.02,150.1,114.0,0.755,0.049,1.458
1791426791.0788305,0.4998,0.5695,0.7538,0.4302,0.2991,0.7006,0.7006,0.7538,0.4998,0.2458,0.3646,0.4998,0.6350,0.0410,0.1966,0.0410,0.0737,0.4230,0.6455,,0.2225,,77.69,14.00,149.9,114.4,0.772,0.049,1.434
1791426791.1123562,0.5695,0.7006,0.4998,0.3646,0.4302,0.7006,0.7006,0.7538,0.5695,0.0737,0.2991,0.5695,0.5695,0.0574,0.2458,0.0369,0.1229,0.4190,0.6510,0.7200,0.2320,0.0690,77.88,13.78,149.8,114.4,0.754,0.049,
1791426791.1522882,0.7538,0.7006,0.7538,0.4302,0.3646,0.7006,0.6350,0.7538,0.2458,0.0942,0.3646,0.4998,0.5695,0.2991,0.1229,0.1557,0.2458,0.4190,0.6435,,0.2245,,77.47,13.89,149.5,113.7,0.766,0.050,1.430
1791426791.184029,0.5695,0.7538,0.8030,0.3646,0.4302,0.7006,0.6350,0.7538,0.4998,0.1557,0.0942,0.4998,0.5695,0.0737,0.0942,0.0942,0.1229,0.4190,0.6485,,0.2295,,77.85,14.01,149.0,112.7,0.704,0.049,
1791426791.2151284,0.7006,0.8030,0.8030,0.4998,0.4302,0.7006,0.6350,0.7538,0.4302,0.0942,0.1557,0.7006,0.4998,0.0574,0.1966,0.1966,0.3646,0.4200,0.6445,,0.2245,,77.37,13.72,150.3,113.1,0.857,0.051,
1791426791.2474053,0.4302,0.6350,0.7538,0.4998,0.4302,0.6350,0.7006,0.6350,0.4998,0.2458,0.1557,0.6350,0.4998,0.0574,0.1966,0.0574,0.0942,0.4200,0.6430,,0.2230,,77.24,13.75,150.3,112.5,0.797,0.051,
1791426791.279712,0.5695,0.7006,0.4998,0.4998,0.4302,0.6350,0.4998,0.7538,0.5695,0.1966,0.1557,0.7006,0.6350,0.0574,0.0737,0.1966,0.2991,0.4190,0.6450,0.7270,0.2260,0.0820,77.73,13.75,149.8,113.4,0.836,0.049,
1791426791.3133574,0.7006,0.6350,0.5695,0.6350,0.2458,0.8030,0.6350,0.8030,0.6350,0.0369,0.2991,0.6350,0.5695,0.0246,0.2458,0.0942,0.1557,0.4180,0.6445,0.7180,0.2265,0.0735,78.32,13.48,149.8,112.9,0.833,0.047,
1791426791.3464732,0.5695,0.7006,0.7538,0.2991,0.3646,0.6350,0.6350,0.7538,0.7006,0.2458,0.3646,0.6350,0.5695,0.0737,0.1557,0.0942,0.1966,0.4200,0.6490,0.7210,0.2290,0.0720,78.69,13.52,149.1,113.0,0.739,0.045,1.365
1791426791.3795233,0.4302,0.7006,0.8030,0.5695,0.4302,0.7006,0.5695,0.8440,0.7006,0.1557,0.0942,0.6350,0.4998,0.0410,0.0737,0.0737,0.1229,0.4190,0.6435,,0.2245,,79.12,13.61,,111.6,0.786,0.043,
1791426791.4211931,0.5695,0.4998,0.6350,0.4302,0.4302,0.7538,0.6350,0.6350,0.7006,0.1229,0.3646,0.6350,0.6350,0.0737,0.1557,0.0574,0.0574,0.4200,0.6425,0.7210,0.2225,0.0785,79.14,13.75,,112.3,0.770,0.043,1.446
1791426791.4517663,0.4998,0.7538,0.6350,0.4302,0.2991,0.7006,0.5695,0.7538,0.5695,0.2458,0.4302,0.6350,0.5695,0.0369,0.0574,0.0737,0.0737,0.4180,0.6445,0.7370,0.2265,0.0925,78.79,14.37,,112.7,0.761,0.045,1.404
1791426791.4835148,0.7006,0.6350,0.5695,0.4302,0.4998,0.7006,0.6350,0.7006,0.7538,0.0942,0.2991,0.6350,0.6350,0.0942,0.0737,0.0942,0.0737,0.4200,0.6420,0.7220,0.2220,0.0800,78.57,14.34,,112.9,0.788,0.045,
1791426791.5147417,0.6350,0.7006,0.7006,0.5695,0.4998,0.5695,0.7006,0.7538,0.6350,0.2991,0.4998,0.7006,0.4998,0.0737,0.1229,0.0410,0.0574,0.4180,0.6425,,0.2245,,78.29,14.58,,112.6,0.733,0.047,1.408
1791426791.5462697,0.6350,0.8030,0.7006,0.4302,0.5695,0.7006,0.6350,0.7538,0.7006,0.2991,0.4302,0.6350,0.4998,0.0410,0.0942,0.1557,0.1966,0.4180,0.6415,,0.2235,,78.36,14.73,,112.4,0.752,0.046,1.433
1791426791.5798564,0.7006,0.8030,0.5695,0.4302,0.3646,0.4998,0.5695,0.7006,0.6350,0.1229,0.4302,0.4998,0.4302,0.0410,0.0942,0.0574,0.1557,0.4180,0.6430,,0.2250,,78.55,14.79,,112.8,0.754,0.045,1.456
1791426791.613114,0.5695,0.5695,0.8440,0.5695,0.3646,0.7006,0.4302,0.7538,0.6350,0.1229,0.4302,0.5695,0.5695,0.1557,0.0942,0.1557,0.2991,0.4140,0.6465,0.7200,0.2325,0.0735,79.26,14.43,,113.2,0.795,0.043,1.391
1791426791.6468766,0.7006,0.6350,0.5695,0.3646,0.5695,0.8440,0.7006,0.7006,0.4998,0.1966,0.3646,0.2458,0.4302,0.1229,0.0737,0.0574,0.1557,0.4150,0.6430,,0.2280,,79.25,14.61,,112.4,,0.043,1.424
1791426791.6801443,0.5695,0.6350,0.6350,0.4998,0.3646,0.7006,0.6350,0.7006,0.5695,0.3646,0.2458,0.5695,0.6350,0.0410,0.1557,0.1229,0.3646,0.4200,0.6435,0.7200,0.2235,0.0765,79.08,14.40,149.1,113.5,0.791,0.044,1.200
1791426791.7134297,0.5695,0.5695,0.4998,0.5695,0.4998,0.8440,0.6350,0.6350,0.6350,0.1966,0.3646,0.6350,0.6350,0.0574,0.1229,0.1229,0.0942,0.4140,0.6440,0.7200,0.2300,0.0760,79.90,14.41,149.2,113.2,0.738,0.040,1.376
1791426791.752718,0.4998,0.8440,0.4998,0.4302,0.3646,0.8030,0.5695,0.6350,0.6350,0.0574,0.0737,0.5695,0.5695,0.0574,0.1557,0.0574,0.1966,0.4170,0.6440,0.7200,0.2270,0.0760,79.82,14.40,149.0,112.7,0.743,0.041,
1791426791.7836657,0.6350,0.8030,0.9054,0.3646,0.3646,0.7006,0.6350,0.7006,0.7538,0.1966,0.4302,0.4302,0.4998,0.0737,0.0737,0.0737,0.2458,0.4150,0.6405,,0.2255,,80.11,14.58,149.2,112.9,0.739,0.040,1.410
1791426791.8150768,0.5695,0.6350,0.8030,0.2991,0.2991,0.6350,0.5695,0.7538,0.7538,0.1966,0.4302,0.6350,0.5695,0.0737,0.0942,0.0574,0.1557,0.4150,0.6445,0.7200,0.2295,0.0755,80.41,14.60,149.2,112.8,0.720,0.038,1.328
1791426791.8475835,0.4998,0.8030,0.9054,0.3646,0.2991,0.7538,0.5695,0.7538,0.4998,0.1557,0.3646,0.6350,0.4998,0.1557,0.0942,0.0574,0.1557,0.4140,0.6400,,0.2260,,80.14,14.63,149.2,112.4,0.772,0.039,1.479
1791426791.8812435,0.4998,0.8030,0.8440,0.4302,0.4302,0.5695,0.7006,0.6350,0.7538,0.1229,0.4302,0.6350,0.6350,0.1229,0.1229,0.1229,0.2458,0.4140,0.6465,0.7200,0.2325,0.0735,80.30,14.68,148.4,111.9,0.691,0.039,1.270
1791426791.9142709,0.5695,0.7538,0.8767,0.3646,0.2458,0.8767,0.6350,0.7006,0.7006,0.1557,0.3646,0.4998,0.4998,0.0574,0.2458,0.1229,0.2991,0.4140,0.6390,,0.2250,,80.26,14.94,147.4,111.5,0.715,0.039,1.403
1791426791.9482076,0.7006,0.7538,0.8030,0.5695,0.4302,0.8440,0.7538,0.7538,0.8030,0.1557,0.4302,0.7538,0.6350,0.0574,0.1557,0.1229,0.4302,0.4140,0.6445,0.7200,0.2305,0.0755,81.31,14.77,148.5,110.8,0.751,0.035,1.340
1791426791.9813612,0.4998,0.6350,0.7006,0.3646,0.3646,0.6350,0.7006,0.7538,0.6350,0.1229,0.0942,0.6350,0.5695,0.0737,0.1229,0.0942,0.0942,0.4160,0.6390,0.7200,0.2230,0.0810,81.83,14.85,148.5,110.9,0.747,0.033,
1791426792.0203202,0.7006,0.6350,0.8030,0.4302,0.3646,0.7538,0.5695,0.8030,0.6350,0.2458,0.3646,0.6350,0.6350,0.0737,0.0737,0.0737,0.2458,0.4130,0.6410,0.7210,0.2280,0.0800,82.18,14.89,147.7,110.2,0.743,0.031,1.355
1791426792.0519004,0.3646,0.6350,0.8030,0.3646,0.2991,0.8767,0.7538,0.8440,0.6350,0.1966,0.4302,0.5695,0.5695,0.0942,0.0942,0.0574,0.1557,0.4140,0.6440,0.7190,0.2300,0.0750,81.78,14.95,147.5,110.3,0.691,0.033,1.303
1791426792.0828142,0.6350,0.8767,0.2991,0.3646,0.2991,0.2458,0.7538,0.7006,0.5695,0.1966,0.0942,0.4302,0.4998,0.1229,0.1557,0.1557,0.3646,0.4140,,,,,81.78,14.95,147.5,110.3,,,
1791426792.1142664,0.5695,0.7006,0.6350,0.4998,0.2458,0.4998,0.4998,0.8030,0.6350,0.1966,0.3646,0.6350,0.4998,0.1229,0.2458,0.0410,0.2458,0.4140,0.6395,,0.2255,,81.34,14.92,147.6,110.8,0.765,0.035,1.409
1791426792.148178,0.6350,0.5695,0.8030,0.4302,0.4998,0.6350,0.5695,0.8030,0.6350,0.0942,0.1557,0.4998,0.6350,0.1557,0.1557,0.0942,0.1229,0.4130,0.6440,,0.2310,,81.87,14.75,147.3,110.7,0.760,0.033,
1791426792.1809049,0.7006,0.4998,0.7006,0.4998,0.3646,0.5695,0.5695,0.5695,0.4998,0.2458,0.3646,0.4302,0.4998,0.0574,0.2458,0.1966,0.1557,0.4130,0.6410,,0.2280,,81.40,14.68,148.0,110.6,0.772,0.034,1.459
1791426792.2137566,0.7006,0.5695,0.7538,0.4302,0.4998,0.7538,0.8440,0.8440,0.7538,0.1229,0.0942,0.4998,0.6350,0.0942,0.2458,0.0942,0.1557,0.4140,0.6415,,0.2275,,81.16,14.78,,110.3,0.728,0.035,
1791426792.2468774,0.4998,0.5695,0.6350,0.3646,0.4302,0.7538,0.6350,0.8030,0.7006,0.2991,0.2458,0.6350,0.6350,0.0942,0.2458,0.1229,0.2458,0.4190,0.6450,0.7200,0.2260,0.0750,81.25,14.42,,110.7,0.805,0.035,
1791426792.2811892,0.4302,0.6350,0.5695,0.5695,0.5695,0.7538,0.6350,0.7006,0.4302,0.4302,0.4302,0.7006,0.7006,0.1229,0.1557,0.1229,0.1229,0.4140,0.6420,0.7190,0.2280,0.0770,81.54,14.38,148.2,110.9,0.761,0.034,1.112
1791426792.3175411,0.6350,0.7538,0.8767,0.6350,0.4302,0.7538,0.7006,0.8030,0.7006,0.3646,0.4302,0.7006,0.6350,0.0942,0.1229,0.1229,0.2458,0.4130,0.6440,0.7190,0.2310,0.0750,80.99,14.46,147.9,110.7,0.709,0.036,1.101
1791426792.3492312,0.5695,0.6350,0.7538,0.4998,0.2458,0.7006,0.4998,0.5695,0.5695,0.1966,0.2991,0.6350,0.6350,0.2991,0.4998,0.0737,0.1966,0.4140,0.6395,0.7230,0.2255,0.0835,79.93,14.55,147.9,110.5,0.785,0.040,
1791426792.3819294,0.4998,0.7538,0.7538,0.4998,0.3646,0.7006,0.3646,0.6350,0.5695,0.1557,0.4998,0.6350,0.5695,0.0369,0.0737,0.1557,0.1966,0.4130,0.6420,0.7190,0.2290,0.0770,79.57,14.47,147.9,111.1,0.764,0.042,1.432
1791426792.4149816,0.5695,0.8030,0.4302,0.4302,0.3646,0.7538,0.6350,0.6350,0.6350,0.2991,0.3646,0.7538,0.6350,0.0942,0.0942,0.1557,0.2458,0.4140,0.6455,0.7210,0.2315,0.0755,79.59,14.40,147.7,111.5,0.751,0.042,1.387
1791426792.4473906,0.7006,0.6350,0.8030,0.4302,0.4998,0.4998,0.5695,0.7538,0.3646,0.1229,0.3646,0.7006,0.5695,0.0737,0.2458,0.1557,0.1966,0.4230,0.6435,0.7200,0.2205,0.0765,79.30,14.42,148.0,111.6,0.741,0.043,1.459
1791426792.4810023,0.6350,0.6350,0.8030,0.4302,0.4302,0.8030,0.7006,0.7006,0.2991,0.2991,0.1557,0.5695,0.6350,0.0942,0.2458,0.2458,0.3646,0.4140,0.6420,0.7200,0.2280,0.0780,79.31,14.43,148.0,110.8,0.753,0.043,
1791426792.5148292,0.8030,0.8030,0.8030,0.4302,0.2458,0.7006,0.7538,0.6350,0.7538,0.3646,0.2458,0.7006,0.5695,0.0737,0.1966,0.0942,0.1966,0.4140,0.6410,0.7200,0.2270,0.0790,79.01,14.31,148.6,111.6,0.802,0.044,1.258
1791426792.5479016,0.6350,0.7538,0.9054,0.4302,0.4998,0.4998,0.6350,0.7006,0.8030,0.0942,0.4302,0.7006,0.4302,0.0574,0.2458,0.0737,0.0942,0.4140,0.6425,,0.2285,,78.53,14.29,148.6,112.5,0.765,0.046,1.457
1791426792.5879023,0.7006,0.7006,0.7006,0.4998,0.4998,0.8030,0.7538,0.7006,0.7538,0.1229,0.3646,0.5695,0.4998,0.1229,0.0737,0.0942,0.1557,0.4130,0.6400,,0.2270,,78.11,14.46,148.6,112.8,0.742,0.048,1.472
1791426792.6198633,0.5695,0.7538,0.8767,0.4998,0.6350,0.8030,0.5695,0.7006,0.6350,0.1966,0.4998,0.7006,0.7006,0.1557,0.0942,0.0737,0.1557,0.4140,0.6410,0.7190,0.2270,0.0780,77.57,14.53,148.5,112.7,0.737,0.050,1.384
1791426792.652021,0.7538,0.8440,0.7538,0.5695,0.3646,0.6350,0.6350,0.7006,0.7006,0.0737,0.4302,0.7006,0.6350,0.0942,0.1229,0.0737,0.1966,0.4200,0.6415,0.7200,0.2215,0.0785,77.09,14.59,147.9,112.2,0.740,0.052,1.400
1791426792.683121,0.5695,0.7006,0.4998,0.3646,0.3646,0.7538,0.8030,0.7538,0.7538,0.1966,0.4998,0.6350,0.6350,0.0942,0.1229,0.1557,0.1966,0.4130,0.6420,0.7200,0.2290,0.0780,77.20,14.47,147.9,112.6,0.784,0.051,1.471
1791426792.7150295,0.5695,0.7006,0.8440,0.4998,0.2991,0.6350,0.6350,0.7006,0.5695,0.0574,0.4998,0.6350,0.4998,0.1557,0.0574,0.1557,0.1557,0.4180,0.6415,,0.2235,,77.04,14.35,148.7,112.5,0.793,0.052,1.461
1791426792.7482507,0.4302,0.6350,0.8030,0.3646,0.3646,0.7006,0.7538,0.7006,0.5695,0.1557,0.2991,0.5695,0.5695,0.0942,0.0737,0.0574,0.0410,0.4140,0.6400,0.7200,0.2260,0.0800,76.53,14.26,149.5,112.8,0.807,0.054,
1791426792.782358,0.6350,0.7538,0.7006,0.4302,0.3646,0.8030,0.6350,0.8030,0.6350,0.1557,0.2991,0.6350,0.6350,0.0246,0.0737,0.0942,0.2458,0.4180,0.6420,0.7210,0.2240,0.0790,76.47,14.16,149.5,113.6,0.805,0.054,
1791426792.8154345,0.6350,0.7538,0.7538,0.5695,0.3646,0.6350,0.4998,0.8030,0.7006,0.1557,0.4302,0.7006,0.5695,0.0942,0.1229,0.0574,0.1557,0.4140,0.6405,0.7220,0.2265,0.0815,76.37,14.32,149.4,113.6,0.762,0.055,1.435
1791426792.848466,0.4998,0.7006,0.7538,0.3646,0.2458,0.6350,0.7006,0.8030,0.8030,0.0737,0.4302,0.4302,0.6350,0.0369,0.0574,0.0410,0.0942,0.4180,0.6405,,0.2225,,75.97,14.31,149.4,113.5,0.788,0.056,1.518
1791426792.888418,0.2991,0.4998,0.7006,0.4302,0.4998,0.7006,0.5695,0.7006,0.7006,0.2458,0.4302,0.4998,0.4998,0.0574,0.0942,0.1229,0.1229,,0.6450,,,,75.97,14.31,149.4,113.2,0.790,0.056,
1791426792.9201326,0.4302,0.6350,0.7006,0.3646,0.1966,0.7006,0.6350,0.7006,0.6350,0.2458,0.3646,0.4998,0.5695,0.0574,0.0942,0.0737,0.0942,0.4130,0.6420,,0.2290,,76.30,14.22,149.0,113.5,0.794,0.055,1.498
1791426792.953292,0.7006,0.5695,0.7006,0.3646,0.1966,0.8440,0.8030,0.8030,0.4998,0.1557,0.4998,0.5695,0.6350,0.0369,0.0737,0.0942,0.1557,0.4130,0.6410,0.7270,0.2280,0.0860,76.33,14.48,149.2,114.2,0.774,0.055,1.435
1791426792.9844732,0.7006,0.7538,0.7538,0.4302,0.4302,0.7006,0.5695,0.7006,0.7538,0.1229,0.3646,0.6350,0.5695,0.1229,0.0942,0.0574,0.1229,0.4160,0.6430,0.7210,0.2270,0.0780,76.52,14.43,149.5,114.0,0.771,0.054,1.395
1791426793.014896,0.7538,0.8440,0.4998,0.4302,0.2991,0.7538,0.6350,0.6350,0.5695,0.0574,0.3646,0.5695,0.6350,0.0246,0.1966,0.1557,0.0369,0.4190,0.6410,0.7200,0.2220,0.0790,76.69,14.48,149.4,113.9,0.752,0.053,1.417
1791426793.0492575,0.4302,0.7538,0.5695,0.5695,0.4998,0.7538,0.5695,0.7538,0.7006,0.0942,0.2991,0.6350,0.5695,0.0410,0.2458,0.0410,0.1557,0.4160,0.6415,0.7250,0.2255,0.0835,75.89,14.61,,113.7,0.773,0.057,
1791426793.0811162,0.4302,0.7538,0.6350,0.5695,0.4302,0.7006,0.5695,0.3646,0.7538,0.0574,0.4998,0.6350,0.6350,0.0574,0.0410,0.0574,0.1229,0.4160,0.6470,0.7200,0.2310,0.0730,76.03,14.52,,113.4,0.725,0.056,1.317
1791426793.1144912,0.6350,0.8440,0.4998,0.4302,0.3646,0.5695,0.4998,0.7538,0.7538,0.2991,0.4998,0.5695,0.4998,0.0574,0.1557,0.0410,0.1229,0.4160,0.6410,,0.2250,,75.37,14.47,,113.9,0.791,0.059,1.545
1791426793.1494272,0.4302,0.6350,0.4998,0.4998,0.4302,0.8030,0.6350,0.7538,0.5695,0.2991,0.4998,0.5695,0.6350,0.0410,0.0574,0.0737,0.1966,0.4160,0.6435,0.7270,0.2275,0.0835,75.35,14.54,,113.4,0.790,0.059,1.452
1791426793.1892142,0.4998,0.5695,0.6350,0.5695,0.2458,0.4302,0.5695,0.7006,0.6350,0.0942,0.2991,0.3646,0.4998,0.0369,0.0942,0.0574,0.1557,0.4270,0.6440,,0.2170,,74.80,14.61,,113.3,0.740,0.061,
1791426793.2212596,0.3646,0.5695,0.4998,0.4998,0.4302,0.7006,0.5695,0.8030,0.4998,0.2991,0.4302,0.6350,0.5695,0.0205,0.0574,0.0737,0.1229,0.4220,0.6440,0.7170,0.2220,0.0730,74.66,14.39,,113.0,0.758,0.061,1.452
1791426793.2522345,0.4998,0.6350,0.4998,0.4998,0.3646,0.6350,0.6350,0.5695,0.8030,0.0737,0.4302,0.6350,0.5695,0.0942,0.0574,0.0737,0.1966,0.4190,0.6415,0.7200,0.2225,0.0785,74.65,14.48,,112.6,0.742,0.061,1.442
1791426793.2840662,0.4998,0.8030,0.6350,0.3646,0.3646,0.7538,0.4998,0.8767,0.5695,0.0410,0.4302,0.7538,0.5695,0.0369,0.0942,0.0737,0.2458,0.4170,0.6425,0.7190,0.2255,0.0765,74.30,14.33,,112.3,0.782,0.063,1.470
1791426793.3158545,0.4302,0.5695,0.4998,0.4302,0.4998,0.6350,0.4998,0.8030,0.7006,0.0574,0.2991,0.5695,0.5695,0.0574,0.1229,0.0942,0.1229,0.4220,0.6475,0.7120,0.2255,0.0645,74.66,13.71,,112.7,0.804,0.062,
1791426793.3484912,0.3646,0.5695,0.4998,0.5695,0.4302,0.7538,0.4998,0.7538,0.6350,0.0574,0.3646,0.7006,0.5695,0.0942,0.1229,0.1229,0.1229,0.4170,0.6420,0.7320,0.2250,0.0900,74.17,13.99,,112.8,0.840,0.064,1.532
1791426793.3823903,0.7006,0.7006,0.4998,0.5695,0.2991,0.7006,0.3646,0.4998,0.5695,0.1966,0.4302,0.7006,0.5695,0.0574,0.0737,0.1229,0.2458,0.4180,0.6455,0.7200,0.2275,0.0745,74.47,14.04,,112.1,0.733,0.063,1.395
1791426793.41597,0.2991,0.6350,0.5695,0.3646,0.2991,0.7538,0.6350,0.7538,0.6350,0.0410,0.2991,0.7538,0.5695,0.0369,0.0942,0.0369,0.0574,,0.6415,0.7200,,0.0785,74.47,14.04,,112.4,0.797,0.063,
1791426793.44986,0.6350,0.8440,0.5695,0.6350,0.3646,0.7538,0.7006,0.6350,0.7006,0.1229,0.4998,0.6350,0.6350,0.0410,0.0574,0.0737,0.1229,0.4180,0.6415,0.7330,0.2235,0.0915,74.47,14.39,,112.7,0.812,0.062,1.488
1791426793.4889264,0.3646,0.6350,0.4998,0.4998,0.2991,0.6350,0.7006,0.6350,0.7538,0.1229,0.2458,0.5695,0.5695,0.0410,0.0574,0.0942,0.0737,0.4170,0.6420,0.7220,0.2250,0.0800,74.33,14.28,,113.0,0.812,0.063,
1791426793.5201862,0.4998,0.5695,0.4998,0.4302,0.4302,0.7538,0.7538,0.7006,0.5695,0.1229,0.2991,0.6350,0.5695,0.0574,0.0246,0.0574,0.1229,0.4180,0.6420,0.7150,0.2240,0.0730,73.51,13.97,,113.3,0.806,0.067,
1791426793.5503242,0.5695,0.7538,0.7538,0.5695,0.2991,0.5695,0.5695,0.5695,0.5695,0.0574,0.2991,0.6350,0.4998,0.0574,0.0737,0.0737,0.0574,0.4170,0.6430,,0.2260,,73.41,13.97,,113.6,0.790,0.067,
1791426793.5822365,0.5695,0.8030,0.7538,0.4998,0.4302,0.5695,0.7538,0.7006,0.6350,0.0737,0.3646,0.4302,0.6350,0.0410,0.0410,0.0737,0.1229,0.4180,0.6440,,0.2260,,73.65,13.94,,113.9,0.791,0.066,1.448
1791426793.6157594,0.6350,0.7538,0.8440,0.5695,0.4302,0.9054,0.5695,0.8030,0.6350,0.1229,0.1557,0.4302,0.6350,0.0246,0.1229,0.0737,0.1557,0.4180,0.6410,,0.2230,,73.63,14.00,,112.9,0.794,0.066,
1791426793.6497476,0.6350,0.8030,0.8440,0.4998,0.4302,0.4998,0.4302,0.7006,0.6350,0.1557,0.0737,0.6350,0.4998,0.0574,0.0942,0.0574,0.1229,0.4180,0.6435,,0.2255,,73.61,13.82,,112.6,0.836,0.066,
1791426793.6834035,0.7538,0.5695,0.8440,0.6350,0.6350,0.5695,0.5695,0.7538,0.6350,0.0369,0.2991,0.6350,0.6350,0.0246,0.0942,0.0737,0.1229,0.4170,0.6435,0.7200,0.2265,0.0765,74.05,13.86,,112.1,0.766,0.064,
1791426793.7245302,0.4998,0.7006,0.7538,0.4302,0.4998,0.7006,0.7006,0.7006,0.5695,0.0574,0.4302,0.5695,0.5695,0.0410,0.1966,0.0574,0.0737,0.4150,0.6435,0.7200,0.2285,0.0765,73.85,13.79,,112.4,0.796,0.065,1.532
1791426793.7560878,0.4998,0.6350,0.7538,0.5695,0.3646,0.6350,0.5695,0.7538,0.6350,0.0369,0.2991,0.6350,0.6350,0.0369,0.0942,0.1229,0.1557,0.4160,0.6430,0.7300,0.2270,0.0870,73.70,13.93,,112.8,0.845,0.066,
1791426793.7874572,0.6350,0.8030,0.7538,0.4998,0.3646,0.7006,0.5695,0.7538,0.5695,0.0737,0.3646,0.7006,0.5695,0.0369,0.0942,0.0410,0.0942,0.4160,0.6410,0.7190,0.2250,0.0780,73.33,13.81,,113.2,0.820,0.068,1.526
1791426793.8185873,0.4302,0.6350,0.8030,0.3646,0.4302,0.8030,0.4998,0.7538,0.7538,0.1557,0.0737,0.2991,0.4998,0.1229,0.1557,0.0246,0.0369,0.4200,0.6410,,0.2210,,73.16,14.02,,113.5,,0.068,
1791426793.8509812,0.6350,0.6350,0.8030,0.5695,0.4998,0.7538,0.6350,0.7006,0.7006,0.0574,0.3646,0.5695,0.5695,0.0410,0.0737,0.0246,0.0369,0.4160,0.6415,0.7210,0.2255,0.0795,73.34,14.10,,113.4,0.770,0.067,1.463
1791426793.8836215,0.5695,0.7006,0.3646,0.5695,0.4302,0.7006,0.6350,0.6350,0.5695,0.0737,0.4302,0.5695,0.6350,0.0737,0.0574,0.0737,0.0737,0.4140,0.6430,0.7250,0.2290,0.0820,73.34,14.15,,113.7,0.801,0.068,1.510
1791426793.916863,0.3646,0.8767,0.9259,0.5695,0.2991,0.7006,0.4998,0.7006,0.7006,0.1229,0.3646,0.6350,0.6350,0.0246,0.0942,0.0574,0.0737,0.4150,0.6435,0.7200,0.2285,0.0765,72.93,13.99,,114.0,0.807,0.069,1.509
1791426793.9505508,0.4998,0.5695,0.8030,0.5695,0.4998,0.6350,0.5695,0.6350,0.7006,0.0942,0.3646,0.5695,0.6350,0.0410,0.0574,0.0574,0.1229,0.4140,0.6420,0.7240,0.2280,0.0820,73.25,14.06,,113.8,0.801,0.068,1.480
1791426793.9824572,0.4998,0.3646,0.6350,0.4998,0.3646,0.7006,0.4998,0.6350,0.7006,0.0574,0.1229,0.2991,0.3646,0.0574,0.0369,0.0737,0.1557,0.4140,0.6440,,0.2300,,73.40,14.11,,112.5,,0.068,
1791426794.0165906,0.4998,0.7006,0.8030,0.4998,0.4998,0.8030,0.6350,0.7538,0.8030,0.0574,0.2991,0.5695,0.6350,0.0246,0.1229,0.0574,0.0942,0.4150,0.6430,0.7300,0.2280,0.0870,73.65,14.45,,112.2,0.765,0.067,
1791426794.0548046,0.8030,0.7006,0.8440,0.5695,0.3646,0.7538,0.7006,0.5695,0.6350,0.0574,0.0942,0.7006,0.4302,0.0369,0.0942,0.0942,0.0942,0.4150,0.6455,,0.2305,,74.23,14.40,,111.8,0.776,0.064,
1791426794.086626,0.4998,0.5695,0.8030,0.4998,0.4302,0.6350,0.6350,0.4998,0.6350,0.0942,0.2991,0.6350,0.5695,0.0737,0.0410,0.1229,0.1557,0.4200,0.6420,0.7190,0.2220,0.0770,74.04,14.34,,111.6,0.768,0.065,
1791426794.1190636,0.4302,0.6350,0.8440,0.5695,0.3646,0.6350,0.7006,0.5695,0.7006,0.0574,0.3646,0.6350,0.6350,0.0410,0.1229,0.0369,0.0410,0.4140,0.6435,0.7210,0.2295,0.0775,74.43,14.26,,111.7,0.779,0.063,1.405
1791426794.1525052,0.6350,0.7006,0.5695,0.4998,0.4998,0.7006,0.5695,0.4998,0.6350,0.2458,0.1229,0.6350,0.4998,0.0942,0.0574,0.0942,0.0942,0.4200,0.6420,,0.2220,,73.97,14.14,,111.2,0.828,0.065,
1791426794.1841967,0.5695,0.7538,0.7006,0.2991,0.6350,0.8030,0.5695,0.7538,0.6350,0.1557,0.2991,0.7006,0.5695,0.0410,0.0737,0.0574,0.0574,0.4150,0.6440,0.7200,0.2290,0.0760,74.30,14.24,,111.7,0.724,0.064,
1791426794.2174008,0.3646,0.8767,0.7006,0.4302,0.4302,0.7538,0.4998,0.7538,0.2991,0.2458,0.4302,0.6350,0.5695,0.1229,0.0574,0.0410,0.0574,0.4140,0.6440,0.7230,0.2300,0.0790,74.32,14.32,,111.7,0.757,0.064,1.417
1791426794.2508125,0.3646,0.4302,0.5695,0.4998,0.4302,0.7006,0.7006,0.8440,0.6350,0.1966,0.3646,0.5695,0.6350,0.0164,0.1557,0.0410,0.1557,0.4140,0.6410,0.7140,0.2270,0.0730,74.28,14.04,,111.4,0.794,0.064,1.445
1791426794.2922165,0.2991,0.6350,0.4302,0.4998,0.3646,0.6350,0.5695,0.7006,0.6350,0.1229,0.4302,0.5695,0.5695,0.0410,0.0410,0.0205,0.0410,,0.6420,0.7280,,0.0860,74.28,14.04,,112.0,0.764,0.064,
1791426794.324135,0.5695,0.6350,0.8440,0.4998,0.4302,0.5695,0.4998,0.2458,0.5695,0.1966,0.4302,0.7006,0.5695,0.0410,0.0737,0.1557,0.1229,0.4150,0.6440,0.7290,0.2290,0.0850,74.76,14.15,,112.7,0.817,0.062,1.494
1791426794.3556335,0.4998,0.7538,0.6350,0.4998,0.4998,0.8440,0.7006,0.4302,0.7006,0.1229,0.3646,0.6350,0.5695,0.0246,0.1966,0.0737,0.1229,0.4140,0.6430,0.7190,0.2290,0.0760,75.07,13.91,,113.4,0.824,0.061,1.501
1791426794.3870976,0.6350,0.4998,0.6350,0.4998,0.4998,0.7006,0.7538,0.6350,0.5695,0.0942,0.3646,0.6350,0.5695,0.0410,0.0942,0.0369,0.0737,0.4140,0.6405,0.7230,0.2265,0.0825,74.70,14.16,,112.7,0.760,0.062,1.434
1791426794.4186466,0.6350,0.8030,0.6350,0.5695,0.4302,0.5695,0.4998,0.8030,0.4998,0.0942,0.4302,0.6350,0.5695,0.0205,0.0410,0.0574,0.1557,0.4140,0.6435,0.7290,0.2295,0.0855,75.13,14.50,,112.3,0.748,0.061,1.387
1791426794.4508245,0.7006,0.4998,0.7006,0.4302,0.3646,0.7006,0.4998,0.8030,0.6350,0.1557,0.4998,0.4998,0.5695,0.0410,0.0737,0.0410,0.1966,0.4140,0.6435,,0.2295,,75.04,14.47,,111.5,0.781,0.061,1.445
1791426794.4846742,0.3646,0.7538,0.7538,0.4998,0.2458,0.6350,0.5695,0.7006,0.6350,0.0574,0.4302,0.7006,0.4998,0.0410,0.1229,0.0574,0.2458,0.4140,0.6435,,0.2295,,75.52,14.45,,112.2,0.779,0.059,1.410
1791426794.5176206,0.3646,0.4998,0.4998,0.4302,0.4302,0.7538,0.5695,0.6350,0.6350,0.1557,0.4998,0.6350,0.5695,0.0574,0.1557,0.0737,0.0737,0.4140,0.6415,0.7200,0.2275,0.0785,75.43,14.36,,112.2,0.785,0.059,1.463
1791426794.5510988,0.7006,0.7538,0.7538,0.4998,0.3646,0.7538,0.5695,0.7538,0.6350,0.1229,0.4998,0.4998,0.4998,0.0737,0.1966,0.0737,0.1557,0.4140,0.6445,,0.2305,,75.72,14.68,,112.2,0.675,0.058,1.309
1791426794.591033,0.5695,0.6350,0.7538,0.4302,0.3646,0.6350,0.7538,0.7006,0.7006,0.1557,0.0737,0.6350,0.5695,0.0574,0.1966,0.1966,0.2458,0.4140,0.6445,0.7330,0.2305,0.0885,76.10,15.05,,112.0,0.745,0.057,
1791426794.622541,0.5695,0.7538,0.5695,0.4302,0.4302,0.7538,0.5695,0.8767,0.5695,0.1229,0.3646,0.4302,0.4302,0.0410,0.0942,0.0737,0.0942,0.4150,0.6460,,0.2310,,76.41,15.12,,112.4,0.714,0.055,1.322
1791426794.6544163,0.5695,0.6350,0.5695,0.4998,0.3646,0.8030,0.5695,0.7006,0.6350,0.0737,0.2991,0.4302,0.5695,0.0410,0.1229,0.0737,0.0574,0.4140,0.6415,,0.2275,,76.11,15.15,,112.6,0.763,0.057,
1791426794.6862094,0.3646,0.7538,0.7538,0.4302,0.4998,0.7006,0.7006,0.7006,0.5695,0.0942,0.3646,0.5695,0.4998,0.0369,0.1229,0.0942,0.1557,0.4140,0.6445,,0.2305,,76.36,14.82,,112.3,0.829,0.056,1.498
1791426794.7180784,0.5695,0.6350,0.5695,0.4998,0.2991,0.7538,0.5695,0.7538,0.7006,0.0942,0.5695,0.5695,0.5695,0.1229,0.0942,0.0737,0.1966,0.4140,0.6430,0.7200,0.2290,0.0770,76.89,14.66,,112.0,0.769,0.053,1.393
1791426794.7511697,0.6350,0.8030,0.8030,0.4998,0.3646,0.6350,0.4998,0.7006,0.7006,0.3646,0.0942,0.4302,0.4998,0.0410,0.1966,0.0574,0.1557,0.4140,0.6435,,0.2295,,77.14,14.73,149.7,112.2,0.748,0.052,1.162
1791426794.78437,0.4998,0.7538,0.8030,0.4998,0.4998,0.6350,0.6350,0.8030,0.6350,0.1966,0.2991,0.3646,0.4302,0.0737,0.0942,0.0737,0.0737,0.4140,0.6425,,0.2285,,77.12,14.88,150.1,112.6,0.732,0.052,
1791426794.8180974,0.5695,0.7538,0.8440,0.5695,0.2991,0.6350,0.5695,0.8030,0.7006,0.0942,0.4302,0.5695,0.5695,0.0410,0.1557,0.0737,0.1966,0.4140,0.6430,0.7200,0.2290,0.0770,77.32,14.68,150.1,112.4,0.779,0.052,1.369
1791426794.8586676,0.6350,0.5695,0.8030,0.3646,0.4998,0.7006,0.6350,0.7006,0.7006,0.0942,0.2991,0.7006,0.5695,0.0246,0.0942,0.0942,0.1966,0.4140,0.6465,0.7200,0.2325,0.0735,77.57,14.33,150.4,112.8,0.798,0.051,
1791426794.8902848,0.6350,0.6350,0.7006,0.3646,0.4998,0.7006,0.5695,0.5695,0.6350,0.0942,0.3646,0.4302,0.6350,0.0737,0.0410,0.0369,0.0246,0.4140,0.6435,,0.2295,,77.78,14.20,150.3,112.7,0.809,0.050,1.459
1791426794.9214718,0.4998,0.7538,0.9054,0.4302,0.3646,0.7006,0.7006,0.4998,0.8030,0.1229,0.4998,0.4998,0.5695,0.0942,0.0942,0.0737,0.0942,0.4160,0.6400,,0.2240,,77.57,14.43,149.8,111.5,0.747,0.050,1.387
1791426794.9539244,0.5695,0.8767,0.6350,0.4998,0.4302,0.7538,0.6350,0.8030,0.8030,0.2458,0.4998,0.5695,0.6350,0.0942,0.1966,0.0737,0.1229,0.4140,0.6405,0.7200,0.2265,0.0795,77.36,14.55,149.2,111.4,0.740,0.051,1.421
1791426794.9852014,0.5695,0.6350,0.8030,0.3646,0.4302,0.6350,0.6350,0.7006,0.7006,0.2991,0.4302,0.7006,0.6350,0.0942,0.0410,0.0574,0.0942,0.4140,0.6395,0.7260,0.2255,0.0865,76.96,14.71,148.9,111.5,0.789,0.053,1.487
1791426795.0180533,0.4302,0.8030,0.8440,0.4302,0.3646,0.7006,0.6350,0.8440,0.7006,0.1966,0.4302,0.4998,0.4998,0.1229,0.0737,0.0737,0.1966,0.4130,0.6430,,0.2300,,77.14,14.52,149.4,111.9,0.813,0.052,1.467
1791426795.051585,0.5695,0.6350,0.6350,0.4302,0.3646,0.5695,0.6350,0.5695,0.5695,0.2458,0.5695,0.5695,0.6350,0.0369,0.1229,0.1229,0.1966,0.4170,0.6435,0.7200,0.2265,0.0765,77.67,14.50,150.1,111.2,0.743,0.050,1.417
1791426795.0848408,0.5695,0.6350,0.8440,0.4998,0.5695,0.7538,0.7538,0.7538,0.5695,0.1229,0.0942,0.5695,0.5695,0.0410,0.1966,0.1229,0.1229,0.4130,0.6465,0.7200,0.2335,0.0735,78.48,14.24,150.2,111.4,0.783,0.047,
1791426795.1187878,0.4302,0.7006,0.8030,0.4998,0.2991,0.8030,0.6350,0.7006,0.6350,0.2458,0.2458,0.7006,0.5695,0.1229,0.0737,0.0574,0.0737,0.4140,0.6430,0.7200,0.2290,0.0770,79.01,14.42,149.5,111.5,0.709,0.044,
1791426795.157266,0.5695,0.4998,0.9259,0.4998,0.5695,0.7538,0.6350,0.7006,0.5695,0.4998,0.4998,0.7006,0.4998,0.1229,0.0942,0.0942,0.0942,0.4140,0.6430,,0.2290,,79.83,14.49,149.3,111.1,0.742,0.041,1.092
1791426795.1891313,0.3646,0.6350,0.7006,0.4998,0.4302,0.7538,0.5695,0.8030,0.7538,0.1557,0.4302,0.5695,0.6350,0.0410,0.0942,0.1229,0.2991,0.4140,0.6405,0.7220,0.2265,0.0815,79.77,14.63,149.4,111.5,0.752,0.041,1.376
1791426795.2200813,0.7006,0.5695,0.7006,0.4302,0.3646,0.7538,0.4998,0.7538,0.4302,0.1557,0.0942,0.6350,0.6350,0.0942,0.1557,0.0737,0.2991,0.4140,0.6440,0.7200,0.2300,0.0760,80.19,14.65,149.1,110.9,0.722,0.040,
1791426795.2516356,0.5695,0.8767,0.8440,0.4302,0.4302,0.7538,0.4998,0.8030,0.7006,0.1557,0.5695,0.3646,0.5695,0.0737,0.0942,0.0737,0.1966,0.4140,0.6410,,0.2270,,80.58,14.67,149.3,111.3,0.762,0.038,1.393
1791426795.2847857,0.4998,0.4998,0.7006,0.5695,0.2458,0.8030,0.6350,0.8030,0.6350,0.2991,0.2991,0.3646,0.4998,0.1229,0.0737,0.0942,0.1229,0.4140,0.6410,,0.2270,,80.90,14.87,148.6,111.8,0.713,0.037,
1791426795.3183324,0.4998,0.7006,0.9054,0.5695,0.4998,0.7006,0.7006,0.5695,0.6350,0.3646,0.4998,0.7538,0.5695,0.0737,0.0737,0.0942,0.1557,0.4140,0.6470,0.7190,0.2330,0.0720,81.56,14.67,148.7,111.6,0.730,0.034,1.076
1791426795.3515062,0.4998,0.5695,0.6350,0.4302,0.4302,0.7538,0.6350,0.8440,0.7006,0.1557,0.0942,0.7006,0.7006,0.0737,0.1229,0.1229,0.1229,0.4140,0.6385,0.7220,0.2245,0.0835,81.37,14.83,148.6,109.6,0.756,0.035,
1791426795.3849673,0.4998,0.6350,0.7538,0.4302,0.3646,0.6350,0.7006,0.8767,0.7006,0.1557,0.4302,0.4302,0.4998,0.1229,0.0942,0.0737,0.0942,0.4140,0.6390,,0.2250,,81.52,15.09,148.5,109.9,0.706,0.034,1.395
1791426795.4246843,0.4998,0.8767,0.7006,0.4302,0.3646,0.7538,0.7538,0.7538,0.6350,0.1557,0.4302,0.4998,0.5695,0.0737,0.1229,0.0574,0.1229,0.4130,0.6470,,0.2340,,82.42,14.93,148.3,110.6,0.728,0.030,1.316
1791426795.4576826,0.7006,0.8030,0.4998,0.5695,0.3646,0.8440,0.7006,0.7538,0.7006,0.0942,0.5695,0.6350,0.6350,0.0369,0.0942,0.1229,0.2458,0.4190,0.6400,0.7200,0.2210,0.0800,82.93,14.87,148.2,110.6,0.765,0.028,1.329
1791426795.4883192,0.5695,0.7006,0.7006,0.4998,0.3646,0.8030,0.7006,0.7006,0.7006,0.3646,0.1229,0.4998,0.6350,0.0737,0.1229,0.0737,0.2458,0.4130,0.6480,,0.2350,,83.08,14.87,148.0,111.2,0.685,0.028,1.048
1791426795.5199165,0.5695,0.8030,0.6350,0.4302,0.3646,0.7538,0.7538,0.7538,0.7006,0.0942,0.4998,0.4998,0.6350,0.0942,0.1229,0.0737,0.2458,0.4130,0.6505,,0.2375,,84.00,14.62,148.0,112.0,0.726,0.024,1.264
1791426795.5506814,0.3646,0.5695,0.4998,0.4998,0.2991,0.6350,0.6350,0.8030,0.6350,0.1557,0.1229,0.3646,0.4998,0.0942,0.1229,0.0942,0.1229,0.4120,0.6450,,0.2330,,83.77,14.75,147.8,111.5,0.693,0.025,
1791426795.5848455,0.4302,0.7538,0.7006,0.5695,0.3646,0.7538,0.7006,0.8440,0.5695,0.2991,0.0942,0.5695,0.4998,0.2458,0.1229,0.0737,0.1557,0.4120,0.6430,,0.2310,,83.81,14.70,147.9,111.1,0.753,0.025,
1791426795.618686,0.4998,0.8440,0.8030,0.4998,0.4998,0.8030,0.6350,0.8030,0.6350,0.1229,0.5695,0.4998,0.4302,0.0942,0.2458,0.0942,0.1557,0.4110,0.6455,,0.2345,,84.40,14.75,148.4,111.1,0.703,0.023,1.297
1791426795.6518304,0.4998,0.7006,0.8030,0.5695,0.4998,0.8440,0.5695,0.7006,0.5695,0.1557,0.3646,0.3646,0.4302,0.0942,0.1966,0.0942,0.1557,0.4130,0.6525,,0.2395,,84.57,14.53,148.3,111.5,0.705,0.022,1.292
1791426795.6844625,0.4998,0.7006,0.7006,0.4302,0.4998,0.8767,0.6350,0.7006,0.5695,0.2458,0.0737,0.4998,0.3646,0.0574,0.2458,0.1229,0.1229,0.4170,0.6485,,0.2315,,84.58,14.45,148.3,112.2,0.718,0.022,
1791426795.7245138,0.6350,0.7006,0.7006,0.3646,0.3646,0.6350,0.4998,0.7538,0.7006,0.0942,0.2458,0.2991,0.4302,0.0205,0.1966,0.1966,0.2458,0.4120,0.6440,,0.2320,,84.62,14.45,148.1,109.9,,0.022,
1791426795.7565434,0.7006,0.7006,0.4998,0.2991,0.2991,0.7006,0.7006,0.6350,0.5695,0.0737,0.4302,0.4998,0.5695,0.0574,0.0942,0.0737,0.1557,0.4120,0.6395,,0.2275,,84.08,14.55,147.2,110.2,0.763,0.024,1.387
1791426795.7876747,0.4998,0.9259,0.8440,0.6350,0.2991,0.7006,0.5695,0.7538,0.7006,0.1229,0.2991,0.3646,0.5695,0.0410,0.1229,0.0942,0.0942,0.4120,0.6485,,0.2365,,84.17,14.36,147.3,111.0,0.747,0.024,
1791426795.820412,0.6350,0.6350,0.4998,0.4302,0.4302,0.8030,0.6350,0.7538,0.6350,0.1966,0.2458,0.4302,0.5695,0.0574,0.1557,0.0737,0.1229,0.4120,0.6405,,0.2285,,83.91,14.55,146.9,111.0,0.732,0.025,
1791426795.8521245,0.4998,0.7006,0.6350,0.4302,0.4302,0.6350,0.6350,0.8030,0.4302,0.1229,0.4302,0.4302,0.4998,0.0737,0.1966,0.0737,0.0737,0.4130,0.6415,,0.2285,,83.70,14.56,147.6,111.4,0.761,0.026,1.429
1791426795.886129,0.4998,0.8767,0.8030,0.3646,0.3646,0.8030,0.6350,0.8030,0.5695,0.1966,0.2991,0.6350,0.4998,0.1229,0.1557,0.0737,0.1557,0.4120,0.6435,,0.2315,,83.30,14.54,148.1,111.8,0.750,0.027,
1791426795.918088,0.6350,0.5695,0.6350,0.4302,0.3646,0.7006,0.5695,0.7538,0.4998,0.1557,0.2458,0.1966,0.4302,0.1557,0.0942,0.0737,0.0942,0.4120,0.6475,,0.2355,,83.83,14.45,148.4,112.2,,0.025,
1791426795.9512694,0.4998,0.7538,0.4998,0.3646,0.3646,0.7006,0.6350,0.7538,0.7006,0.1966,0.4302,0.6350,0.6350,0.0574,0.0737,0.1229,0.1966,0.4120,0.6455,0.7200,0.2335,0.0745,84.08,14.23,148.9,112.5,0.783,0.024,1.377
1791426795.9852834,0.4998,0.8030,0.5695,0.4998,0.4302,0.8030,0.7006,0.7006,0.2991,0.1557,0.3646,0.7006,0.5695,0.0942,0.2991,0.1229,0.1229,0.4120,0.6475,0.7200,0.2355,0.0725,84.41,14.26,148.7,112.4,0.706,0.023,1.259
1791426796.0232139,0.6350,0.5695,0.6350,0.4302,0.4302,0.6350,0.5695,0.5695,0.8030,0.2458,0.0942,0.4302,0.4302,0.1557,0.1966,0.0942,0.1229,0.4130,0.6505,,0.2375,,84.69,14.32,,112.1,0.674,0.022,
1791426796.0551674,0.3646,0.7006,0.5695,0.3646,0.3646,0.6350,0.5695,0.6350,0.6350,0.0737,0.0942,0.5695,0.5695,0.0574,0.1966,0.0737,0.1966,0.4130,0.6380,0.7200,0.2250,0.0820,84.12,14.48,,111.5,0.759,0.024,
1791426796.085918,0.4998,0.7538,0.9054,0.6350,0.4998,0.7006,0.6350,0.2458,0.5695,0.2991,0.1966,0.7006,0.6350,0.0737,0.1557,0.0942,0.0737,0.4170,0.6455,0.7200,0.2285,0.0745,84.36,14.53,,111.5,0.709,0.023,
1791426796.1187196,0.2458,0.8030,0.6350,0.5695,0.4302,0.7538,0.7006,0.7538,0.4998,0.2458,0.4998,0.4302,0.4998,0.0942,0.2458,0.1229,0.1229,,0.6490,,,,84.36,14.53,,112.7,0.714,0.023,
1791426796.1521769,0.7006,0.5695,0.8767,0.4998,0.3646,0.7006,0.7538,0.7006,0.6350,0.0942,0.2991,0.2991,0.3646,0.0737,0.1557,0.0942,0.1229,0.4130,0.6380,,0.2250,,84.31,14.59,,112.6,,0.023,
1791426796.1854599,0.3646,0.3646,0.4998,0.4302,0.3646,0.8030,0.8030,0.7006,0.7538,0.1966,0.0942,0.5695,0.6350,0.1229,0.1966,0.0942,0.1229,0.4120,0.6420,0.7190,0.2300,0.0770,84.10,14.77,,112.3,0.694,0.024,
1791426796.218254,0.4998,0.2458,0.8440,0.4998,0.3646,0.5695,0.6350,0.7006,0.4302,0.2458,0.2991,0.7538,0.5695,0.0942,0.1557,0.1229,0.1966,0.4120,0.6430,0.7200,0.2310,0.0770,84.11,14.67,,112.3,0.755,0.024,
1791426796.2519674,0.4302,0.6350,0.6350,0.4302,0.2991,0.8030,0.6350,0.7538,0.5695,0.1229,0.4302,0.5695,0.5695,0.0410,0.1966,0.0737,0.1229,0.4120,0.6460,0.7200,0.2340,0.0740,84.69,14.38,,112.2,0.783,0.021,1.344
1791426796.2924669,0.4302,0.7538,0.7006,0.5695,0.4998,0.8030,0.7006,0.7006,0.7538,0.1557,0.3646,0.7006,0.6350,0.0737,0.1966,0.1229,0.1229,0.4170,0.6495,0.7190,0.2325,0.0695,85.45,13.95,,112.1,0.795,0.018,1.334
1791426796.323774,0.5695,0.5695,0.4998,0.3646,0.2991,0.4998,0.7006,0.8030,0.7006,0.2991,0.4302,0.2991,0.4998,0.0942,0.3646,0.1557,0.1966,0.4120,0.6400,,0.2280,,85.05,14.15,,112.4,,0.020,1.416
1791426796.3549314,0.4998,0.8440,0.5695,0.4998,0.4302,0.8030,0.5695,0.6350,0.5695,0.2458,0.1557,0.4302,0.4302,0.1229,0.1557,0.0942,0.0942,0.4160,0.6390,,0.2230,,84.64,14.42,,112.0,0.726,0.021,
1791426796.3854063,0.7006,0.6350,0.5695,0.4302,0.2991,0.8440,0.4998,0.7006,0.7006,0.1966,0.3646,0.1966,0.2458,0.1557,0.1557,0.0942,0.1966,0.4120,0.6420,,0.2300,,84.82,14.55,,111.5,,0.021,1.298
1791426796.4190075,0.3646,0.7006,0.7006,0.4998,0.3646,0.8030,0.5695,0.8440,0.5695,0.1557,0.3646,0.2458,0.4998,0.1966,0.2991,0.1229,0.0737,0.4120,0.6440,,0.2320,,84.88,14.32,,112.2,,0.021,1.451
1791426796.4521844,0.5695,0.8030,0.7538,0.4998,0.3646,0.5695,0.7006,0.7006,0.7006,0.0942,0.4302,0.4302,0.4998,0.1229,0.1557,0.0942,0.0942,0.4130,0.6420,,0.2290,,84.97,14.36,,112.5,0.752,0.020,1.372
1791426796.4851012,0.7006,0.4998,0.9259,0.4302,0.2991,0.7006,0.7006,0.6350,0.6350,0.1966,0.2991,0.4998,0.4998,0.0942,0.0942,0.1229,0.1966,0.4120,0.6445,,0.2325,,85.24,14.37,,112.1,0.731,0.019,
1791426796.5187068,0.4302,0.7538,0.6350,0.4998,0.2458,0.7538,0.6350,0.7006,0.7006,0.3646,0.0737,0.4998,0.4302,0.0410,0.3646,0.0574,0.1966,0.4120,0.6420,,0.2300,,85.01,14.65,148.3,112.0,0.685,0.020,1.037
1791426796.5528224,0.7006,0.8440,0.6350,0.5695,0.3646,0.7006,0.5695,0.6350,0.5695,0.0942,0.0737,0.3646,0.4998,0.2458,0.3646,0.1966,0.2458,0.4120,0.6380,,0.2260,,84.30,14.66,148.6,110.8,0.779,0.023,
1791426796.59063,0.5695,0.6350,0.4998,0.4998,0.4302,0.2991,0.6350,0.5695,0.5695,0.3646,0.0574,0.4302,0.5695,0.0737,0.1966,0.0942,0.0942,0.4120,,,,,84.30,14.66,148.6,110.8,,,
1791426796.6212282,0.3646,0.7006,0.4998,0.4998,0.4302,0.7538,0.6350,0.8030,0.6350,0.1229,0.1229,0.4302,0.4302,0.0737,0.1557,0.0369,0.2458,0.4130,0.6375,,0.2245,,84.18,14.91,148.0,110.0,0.720,0.023,
1791426796.6528728,0.6350,0.7538,0.6350,0.4998,0.6350,0.7006,0.6350,0.6350,0.4998,0.1557,0.1229,0.4998,0.4998,0.1229,0.1557,0.1229,0.1557,0.4120,0.6465,,0.2345,,84.53,14.70,148.6,110.5,0.745,0.022,
1791426796.6857152,0.7006,0.8030,0.8030,0.7006,0.4998,0.6350,0.7538,0.7006,0.6350,0.2458,0.2991,0.4302,0.5695,0.0574,0.0942,0.1229,0.1229,0.4120,0.6480,,0.2360,,85.34,14.52,148.8,110.9,0.732,0.019,
1791426796.718993,0.6350,0.7006,0.8440,0.4998,0.4302,0.8440,0.5695,0.7538,0.7006,0.2991,0.4302,0.5695,0.6350,0.0574,0.1966,0.1229,0.1229,0.4130,0.6455,0.7190,0.2325,0.0735,85.24,14.39,149.1,111.9,0.743,0.019,1.322
1791426796.7522292,0.5695,0.7538,0.7538,0.3646,0.3646,0.8440,0.6350,0.6350,0.7006,0.2991,0.3646,0.3646,0.5695,0.1229,0.1229,0.0942,0.1966,0.4090,0.6455,,0.2365,,85.58,14.11,149.6,112.5,0.800,0.018,1.439
1791426796.7859704,0.4998,0.7538,0.8440,0.4302,0.4302,0.6350,0.7006,0.6350,0.4302,0.1966,0.0942,0.4998,0.6350,0.0574,0.2458,0.0574,0.1229,0.4090,0.6410,,0.2320,,85.38,14.04,149.6,113.0,0.801,0.019,
1791426796.819342,0.4998,0.5695,0.5695,0.4998,0.2991,0.4998,0.5695,0.7538,0.6350,0.2458,0.4302,0.2991,0.4998,0.0574,0.2458,0.0737,0.0737,0.4090,0.6410,,0.2320,,85.05,14.11,149.4,113.4,,0.020,1.397
1791426796.856818,0.4998,0.5695,0.8030,0.4302,0.3646,0.7006,0.4998,0.7006,0.6350,0.1557,0.0942,0.5695,0.6350,0.0369,0.0942,0.0369,0.1557,0.4130,0.6490,0.7200,0.2360,0.0710,85.13,14.02,149.7,112.7,0.729,0.020,
1791426796.8877215,0.4302,0.6350,0.8030,0.4302,0.3646,0.6350,0.5695,0.5695,0.5695,0.1229,0.2458,0.6350,0.5695,0.1229,0.2458,0.1966,0.2458,0.4100,0.6380,0.7180,0.2280,0.0800,84.00,14.20,149.6,112.0,0.751,0.024,
1791426796.9192867,0.5695,0.9054,0.8767,0.4998,0.4998,0.7006,0.4998,0.4998,0.5695,0.1557,0.3646,0.4998,0.4998,0.0574,0.0942,0.0369,0.2458,0.4090,0.6370,,0.2280,,83.04,14.28,149.6,111.9,0.792,0.028,1.495
1791426796.9534936,0.5695,0.8440,0.8440,0.4302,0.1966,0.6350,0.8030,0.7538,0.6350,0.2991,0.1229,0.7006,0.5695,0.1229,0.0942,0.1557,0.2458,0.4080,0.6410,0.7170,0.2330,0.0760,82.93,14.34,149.1,111.8,0.730,0.029,
1791426796.9862225,0.4998,0.8440,0.6350,0.4302,0.2991,0.7006,0.7006,0.7538,0.7538,0.1557,0.1229,0.4302,0.5695,0.1229,0.1557,0.1229,0.1557,0.4080,0.6380,,0.2300,,82.31,14.60,148.9,110.7,0.719,0.031,
1791426797.01922,0.6350,0.7006,0.6350,0.4998,0.2458,0.7006,0.5695,0.7538,0.6350,0.1557,0.4998,0.4302,0.5695,0.0574,0.0942,0.0942,0.1966,0.4080,0.6395,,0.2315,,81.34,14.74,148.8,110.3,0.724,0.035,1.300
1791426797.053072,0.5695,0.6350,0.7006,0.5695,0.4302,0.5695,0.5695,0.6350,0.4998,0.1229,0.2991,0.6350,0.5695,0.0574,0.0942,0.1966,0.2458,0.4130,0.6405,0.7190,0.2275,0.0785,80.58,14.61,,109.9,0.781,0.038,
1791426797.0921504,0.4998,0.7006,0.7538,0.4998,0.4302,0.7538,0.4302,0.8030,0.7006,0.4302,0.4998,0.6350,0.4998,0.0574,0.0942,0.0737,0.1966,0.4070,0.6380,,0.2310,,80.15,14.63,149.6,110.5,0.770,0.040,1.158
1791426797.1219895,0.7006,0.7006,0.7006,0.5695,0.2991,0.7006,0.4998,0.7538,0.7006,0.1557,0.4302,0.6350,0.6350,0.1229,0.0574,0.1229,0.2991,0.4100,0.6425,0.7180,0.2325,0.0755,79.96,14.76,149.8,109.6,0.688,0.041,1.308
1791426797.1537354,0.5695,0.6350,0.5695,0.3646,0.4302,0.7006,0.7538,0.8030,0.6350,0.2458,0.4302,0.6350,0.6350,0.1229,0.0942,0.0246,0.0942,0.4070,0.6395,0.7180,0.2325,0.0785,79.07,14.80,149.4,110.0,0.734,0.045,1.441
1791426797.186853,0.5695,0.6350,0.7006,0.6350,0.2991,0.7538,0.5695,0.8030,0.7006,0.1966,0.4302,0.4302,0.4998,0.0410,0.0942,0.0574,0.1229,0.4100,0.6395,,0.2295,,78.67,14.75,149.6,110.5,0.764,0.046,1.412
1791426797.2192101,0.4998,0.4302,0.7006,0.5695,0.4302,0.5695,0.6350,0.4998,0.5695,0.0942,0.2458,0.5695,0.4998,0.0369,0.1557,0.1229,0.1557,0.4070,0.6410,,0.2340,,78.90,14.48,149.9,110.5,0.808,0.045,
1791426797.253705,0.7006,0.4302,0.6350,0.4998,0.4998,0.7538,0.6350,0.8030,0.6350,0.4302,0.4302,0.7006,0.5695,0.1557,0.0737,0.1229,0.1557,0.4100,0.6535,0.7180,0.2435,0.0645,79.57,14.16,149.7,110.6,0.709,0.043,1.035
1791426797.2884011,0.7006,0.7006,0.7006,0.3646,0.2991,0.7006,0.7006,0.3646,0.6350,0.1557,0.3646,0.4302,0.4998,0.0410,0.1229,0.0737,0.1557,0.4070,0.6455,,0.2385,,79.95,14.21,149.3,109.8,0.709,0.042,1.289
1791426797.319516,0.6350,0.7006,0.8030,0.4998,0.3646,0.7538,0.7006,0.8030,0.6350,0.2458,0.1229,0.2991,0.4998,0.0737,0.2458,0.0942,0.1557,0.4100,0.6410,,0.2310,,79.86,14.30,149.6,110.4,,0.042,
1791426797.3538804,0.6350,0.6350,0.5695,0.5695,0.4302,0.8440,0.3646,0.7006,0.7538,0.1557,0.4302,0.7006,0.5695,0.0205,0.0737,0.1229,0.1557,0.4170,0.6415,0.7180,0.2245,0.0765,79.36,14.54,148.9,109.8,0.686,0.044,1.334
1791426797.386856,0.5695,0.7006,0.6350,0.4302,0.3646,0.6350,0.5695,0.6350,0.5695,0.2458,0.0737,0.6350,0.7006,0.0574,0.1966,0.0942,0.1229,0.4070,0.6470,0.7190,0.2400,0.0720,79.75,14.24,149.5,110.5,0.772,0.042,
1791426797.4200022,0.5695,0.7006,0.9054,0.3646,0.1966,0.5695,0.5695,0.8030,0.7006,0.1966,0.3646,0.6350,0.4998,0.0574,0.0942,0.0942,0.1557,0.4120,0.6420,,0.2300,,79.94,14.05,149.0,110.5,0.806,0.041,1.464
1791426797.45316,0.3646,0.7006,0.5695,0.6350,0.4998,0.7006,0.6350,0.7538,0.5695,0.2458,0.1229,0.4302,0.5695,0.0942,0.1557,0.0410,0.0942,0.4110,0.6455,,0.2345,,80.22,13.70,149.6,111.4,0.829,0.040,
1791426797.4864142,0.4302,0.8767,0.7006,0.4998,0.4302,0.7538,0.4998,0.8440,0.4998,0.1557,0.1557,0.4302,0.5695,0.0737,0.2458,0.0574,0.3646,0.4120,0.6390,,0.2270,,80.26,13.62,150.0,111.7,0.841,0.040,
1791426797.5208874,0.4302,0.7006,0.7538,0.4302,0.5695,0.7538,0.5695,0.7006,0.7006,0.1966,0.3646,0.7538,0.6350,0.1229,0.1966,0.0737,0.0574,0.4080,0.6370,0.7180,0.2290,0.0810,80.09,13.96,149.2,112.3,0.734,0.040,1.354
1791426797.5576227,0.5695,0.5695,0.4998,0.2991,0.3646,0.6350,0.6350,0.7006,0.5695,0.1557,0.2991,0.6350,0.6350,0.0574,0.1557,0.1229,0.2991,0.4070,0.6365,0.7180,0.2295,0.0815,79.88,14.14,148.7,112.4,0.769,0.041,
1791426797.589178,0.7006,0.8767,0.8440,0.4302,0.6350,0.7538,0.7006,0.7538,0.5695,0.1557,0.1229,0.3646,0.5695,0.1557,0.1229,0.1557,0.1229,0.4080,0.6375,,0.2295,,79.67,14.58,148.3,110.9,0.679,0.042,
1791426797.621394,0.3646,0.5695,0.7006,0.4302,0.5695,0.6350,0.5695,0.8030,0.6350,0.3646,0.2991,0.6350,0.4998,0.0942,0.1557,0.0410,0.0737,0.4110,0.6375,,0.2265,,79.29,14.53,148.7,110.2,0.792,0.043,1.194
1791426797.653418,0.4302,0.8030,0.5695,0.3646,0.4302,0.7006,0.8030,0.7006,0.7006,0.1229,0.3646,0.3646,0.4998,0.0942,0.1229,0.0574,0.1229,0.4070,0.6400,,0.2330,,79.14,14.63,149.1,110.7,0.727,0.044,1.447
1791426797.6870182,0.7006,0.6350,0.7006,0.2991,0.4998,0.8030,0.6350,0.7538,0.7006,0.1966,0.0942,0.6350,0.5695,0.0942,0.0942,0.1229,0.1229,0.4080,0.6405,0.7180,0.2325,0.0775,79.49,14.57,148.8,109.7,0.760,0.043,
1791426797.72054,0.3646,0.7538,0.7538,0.4302,0.4302,0.7006,0.6350,0.7538,0.7006,0.1229,0.4302,0.5695,0.5695,0.0942,0.1229,0.1229,0.1557,0.4080,0.6390,0.7360,0.2310,0.0970,79.69,15.12,148.7,109.8,0.783,0.042,1.402
1791426797.7542837,0.5695,0.7006,0.5695,0.4302,0.4998,0.8440,0.6350,0.5695,0.6350,0.1557,0.4302,0.5695,0.5695,0.0410,0.1229,0.0942,0.1557,0.4070,0.6400,0.7180,0.2330,0.0780,79.86,15.16,148.2,110.0,0.711,0.041,1.329
1791426797.792723,0.4998,0.7006,0.5695,0.4998,0.2458,0.7006,0.6350,0.5695,0.5695,0.2458,0.3646,0.7006,0.5695,0.0737,0.0737,0.0942,0.1229,0.4110,0.6400,0.7180,0.2290,0.0780,79.80,15.12,148.3,109.7,0.728,0.042,1.356
1791426797.8234189,0.4998,0.7006,0.7538,0.3646,0.3646,0.6350,0.8030,0.7538,0.6350,0.2458,0.4998,0.6350,0.6350,0.0737,0.0737,0.0737,0.1557,0.4070,0.6395,0.7230,0.2325,0.0835,79.90,15.23,148.5,108.9,0.745,0.041,1.370
1791426797.8547237,0.6350,0.8440,0.7538,0.4302,0.4998,0.7538,0.5695,0.5695,0.6350,0.0942,0.2991,0.6350,0.5695,0.0369,0.0574,0.1229,0.2458,0.4080,0.6410,0.7210,0.2330,0.0800,79.99,15.28,148.1,109.2,0.720,0.041,
1791426797.8872871,0.5695,0.6350,0.8030,0.5695,0.3646,0.6350,0.6350,0.5695,0.6350,0.2458,0.1229,0.7006,0.5695,0.1966,0.2458,0.0942,0.1229,0.4070,0.6400,0.7190,0.2330,0.0790,80.15,15.01,149.8,109.9,0.794,0.040,
1791426797.9207532,0.3646,0.7006,0.7538,0.4998,0.4302,0.6350,0.7538,0.8030,0.5695,0.1966,0.4998,0.6350,0.6350,0.0369,0.0942,0.1557,0.2991,0.4080,0.6395,0.7190,0.2315,0.0795,79.97,14.88,150.1,110.0,0.774,0.041,1.421
1791426797.9542882,0.8030,0.7006,0.5695,0.4998,0.3646,0.7538,0.5695,0.8030,0.8030,0.4302,0.5695,0.7006,0.6350,0.0574,0.0574,0.0942,0.1966,0.4070,0.6420,0.7180,0.2350,0.0760,80.40,14.70,150.1,110.4,0.764,0.039,1.141
1791426797.9875515,0.4998,0.5695,0.6350,0.2991,0.4302,0.6350,0.5695,0.7538,0.5695,0.0737,0.4998,0.2458,0.4998,0.0574,0.2458,0.0410,0.0737,0.4110,0.6380,,0.2270,,80.20,14.71,150.5,110.4,,0.040,1.424
1791426798.0206242,0.7538,0.7538,0.6350,0.4998,0.4302,0.7006,0.7006,0.7538,0.7538,0.1229,0.5695,0.4998,0.5695,0.1557,0.1229,0.1229,0.1557,0.4070,0.6405,,0.2335,,80.47,14.81,150.2,110.5,0.728,0.039,1.362
1791426798.0617237,0.5695,0.7538,0.4998,0.4302,0.3646,0.5695,0.7006,0.4998,0.6350,0.1966,0.4302,0.7006,0.5695,0.0942,0.1966,0.0942,0.0942,0.4080,0.6385,0.7180,0.2305,0.0795,80.16,14.93,149.9,110.0,0.721,0.040,1.310
1791426798.0919888,0.5695,0.7538,0.7006,0.4302,0.2991,0.7538,0.6350,0.6350,0.7006,0.0942,0.3646,0.4998,0.5695,0.0737,0.1229,0.0942,0.0574,0.4120,0.6395,,0.2275,,80.05,14.67,150.1,110.8,0.820,0.040,1.496
1791426798.1233637,0.4302,0.7538,0.8030,0.3646,0.3646,0.8030,0.6350,0.7006,0.4302,0.0942,0.2458,0.4302,0.5695,0.1557,0.0574,0.0737,0.2458,0.4080,0.6400,,0.2320,,79.88,14.59,150.1,110.1,0.779,0.041,
1791426798.1543615,0.4998,0.8767,0.7538,0.4998,0.4302,0.7538,0.7006,0.8440,0.7006,0.0942,0.4998,0.5695,0.6350,0.0205,0.2458,0.0410,0.1229,0.4110,0.6375,0.7190,0.2265,0.0815,79.46,14.53,150.4,110.8,0.800,0.043,1.498
1791426798.1876903,0.4998,0.7006,0.9054,0.4998,0.4302,0.7538,0.7006,0.4998,0.5695,0.2458,0.4302,0.7006,0.5695,0.0737,0.0574,0.0737,0.1557,0.4180,0.6415,0.7190,0.2235,0.0775,79.67,14.41,150.9,111.5,0.780,0.042,1.471
1791426798.2214067,0.5695,0.7538,0.6350,0.4998,0.3646,0.7006,0.5695,0.8030,0.6350,0.2458,0.3646,0.6350,0.5695,0.0737,0.0410,0.0942,0.1229,0.4120,0.6390,0.7190,0.2270,0.0800,79.62,14.44,150.4,111.9,0.770,0.042,1.424
1791426798.2557292,0.5695,0.7006,0.5695,0.4302,0.3646,0.7006,0.6350,0.8030,0.7538,0.1966,0.2991,0.6350,0.5695,0.0369,0.1229,0.0410,0.1966,0.4120,0.6390,0.7240,0.2270,0.0850,79.45,14.63,150.2,111.6,0.771,0.042,
1791426798.295859,0.5695,0.7006,0.7538,0.4302,0.4998,0.8440,0.5695,0.7538,0.5695,0.2458,0.3646,0.6350,0.5695,0.0737,0.0574,0.0942,0.1557,0.4070,0.6375,0.7190,0.2305,0.0815,79.22,14.70,149.6,111.7,0.761,0.044,1.446
1791426798.3272536,0.3646,0.8030,0.7538,0.3646,0.2991,0.7006,0.7006,0.7006,0.6350,0.2991,0.4302,0.6350,0.4998,0.2458,0.0737,0.0942,0.1229,0.4080,0.6385,,0.2305,,79.10,14.89,149.9,112.0,0.725,0.044,1.430
1791426798.3581078,0.3646,0.7538,0.8030,0.4302,0.2991,0.7006,0.7538,0.7006,0.4302,0.1557,0.4998,0.6350,0.6350,0.0737,0.0574,0.1966,0.1229,0.4120,0.6480,0.7190,0.2360,0.0710,79.82,14.50,149.3,112.5,0.772,0.041,1.395
1791426798.3904603,0.4998,0.8030,0.4302,0.4998,0.3646,0.8030,0.7538,0.7538,0.7006,0.1966,0.4302,0.5695,0.5695,0.1229,0.0942,0.0574,0.0574,0.4110,0.6385,0.7190,0.2275,0.0805,79.36,14.56,149.2,112.0,0.763,0.043,1.462
1791426798.4225245,0.5695,0.7006,0.8440,0.4998,0.3646,0.6350,0.7006,0.8440,0.7538,0.1229,0.0737,0.5695,0.5695,0.1229,0.0737,0.0942,0.1966,0.4180,0.6400,0.7190,0.2220,0.0790,79.42,14.46,149.2,111.0,0.788,0.043,
1791426798.4553335,0.2991,0.8440,0.6350,0.4998,0.3646,0.6350,0.5695,0.7538,0.4998,0.1557,0.4302,0.5695,0.5695,0.0574,0.0737,0.0737,0.2458,,0.6385,0.7190,,0.0805,79.42,14.46,149.0,111.1,0.804,0.043,
1791426798.4884863,0.4998,0.8030,0.5695,0.5695,0.1966,0.7538,0.7006,0.7006,0.7006,0.1229,0.4302,0.7006,0.6350,0.0942,0.0942,0.0737,0.1557,0.4180,0.6435,0.7190,0.2255,0.0755,79.57,14.52,,112.3,0.716,0.042,1.359
1791426798.5217597,0.4998,0.7538,0.5695,0.4302,0.5695,0.8030,0.7538,0.7538,0.7006,0.1229,0.3646,0.3646,0.5695,0.1229,0.1229,0.0574,0.1557,0.4110,0.6420,,0.2310,,80.06,14.46,,112.9,0.763,0.040,1.463
1791426798.5544517,0.5695,0.8030,0.6350,0.4998,0.3646,0.8030,0.7006,0.6350,0.5695,0.0942,0.0942,0.4998,0.5695,0.1229,0.1229,0.0737,0.1557,0.4120,0.6385,,0.2265,,80.21,14.53,,113.6,0.764,0.039,
1791426798.589012,0.6350,0.7006,0.8030,0.4302,0.4302,0.8767,0.7006,0.6350,0.3646,0.1966,0.4998,0.5695,0.5695,0.0574,0.0574,0.0942,0.1229,0.4080,0.6380,0.7190,0.2300,0.0810,80.31,14.58,,113.2,0.767,0.039,1.384
1791426798.6267457,0.6350,0.7538,0.9423,0.4998,0.4302,0.6350,0.5695,0.7006,0.7006,0.1229,0.4302,0.5695,0.4302,0.0942,0.0942,0.0574,0.0942,0.4120,0.6380,,0.2260,,79.95,14.72,,112.7,0.746,0.040,1.391
1791426798.65787,0.5695,0.8767,0.8440,0.4302,0.2458,0.8030,0.6350,0.8440,0.7006,0.3646,0.4998,0.4302,0.7006,0.1229,0.1229,0.0942,0.0942,0.4080,0.6420,,0.2340,,80.31,14.70,148.6,112.4,0.740,0.039,1.147
1791426798.6896925,0.7538,0.8030,0.6350,0.4302,0.4302,0.7538,0.7538,0.6350,0.6350,0.1557,0.4302,0.7006,0.5695,0.0737,0.1229,0.0942,0.1229,0.4080,0.6450,0.7190,0.2370,0.0740,80.86,14.53,148.5,112.4,0.749,0.037,1.369
1791426798.7217703,0.4998,0.7006,0.5695,0.4302,0.2991,0.6350,0.7006,0.7538,0.7006,0.1557,0.2458,0.4998,0.4302,0.1229,0.1966,0.0737,0.1557,0.4080,0.6410,,0.2330,,81.00,14.62,148.5,112.8,0.731,0.037,
1791426798.7556372,0.4302,0.8030,0.8030,0.4302,0.4302,0.7538,0.7538,0.8030,0.6350,0.0942,0.4998,0.4302,0.6350,0.0942,0.1966,0.0737,0.1557,0.4080,0.6410,,0.2330,,80.91,14.57,148.7,113.1,0.764,0.037,1.416
1791426798.7885237,0.7006,0.8030,0.9054,0.4302,0.4302,0.6350,0.6350,0.6350,0.5695,0.1966,0.1557,0.3646,0.5695,0.0574,0.2458,0.0737,0.0942,0.4080,0.6440,,0.2360,,81.42,14.64,148.6,112.8,0.705,0.035,
1791426798.8217003,0.6350,0.8767,0.8767,0.4302,0.4302,0.7538,0.5695,0.7006,0.5695,0.1966,0.1557,0.4998,0.4998,0.0942,0.1229,0.1229,0.1229,0.4100,0.6465,,0.2365,,81.78,14.41,148.7,113.2,0.758,0.034,
1791426798.855602,0.5695,0.6350,0.7006,0.4302,0.4302,0.6350,0.7006,0.7006,0.6350,0.1966,0.2991,0.3646,0.4998,0.0574,0.1966,0.0737,0.0737,0.4080,0.6410,,0.2330,,81.84,14.44,148.8,114.0,0.752,0.033,
1791426798.8953967,0.6350,0.8767,0.4998,0.4302,0.3646,0.7006,0.6350,0.6350,0.6350,0.1229,0.5695,0.6350,0.7006,0.0410,0.0737,0.0574,0.1557,0.4080,0.6430,0.7200,0.2350,0.0770,81.99,14.44,148.7,114.0,0.750,0.033,1.358
1791426798.9269187,0.7006,0.9054,0.8030,0.4998,0.4998,0.8030,0.7538,0.7538,0.8030,0.2991,0.0942,0.4998,0.6350,0.1229,0.1966,0.0942,0.0942,0.4100,0.6475,,0.2375,,82.64,14.28,148.6,113.8,0.741,0.030,
1791426798.958545,0.5695,0.8440,0.9054,0.3646,0.4302,0.7538,0.7006,0.6350,0.7006,0.0942,0.4998,0.5695,0.4998,0.0574,0.1229,0.1966,0.2991,0.4160,0.6385,,0.2225,,82.26,14.33,148.3,113.6,0.781,0.032,1.462
1791426798.9916413,0.6350,0.7006,0.8767,0.4998,0.4302,0.7006,0.5695,0.4302,0.8030,0.1966,0.1557,0.6350,0.6350,0.1557,0.0942,0.1229,0.1966,0.4120,0.6380,0.7190,0.2260,0.0810,82.18,14.42,148.3,113.3,0.768,0.032,
1791426799.021731,0.4302,0.7006,0.8030,0.2991,0.3646,0.6350,0.7006,0.8440,0.8030,0.1229,0.4302,0.2991,0.4998,0.0737,0.0737,0.0737,0.0942,0.4160,0.6425,,0.2265,,82.53,14.33,148.9,113.7,,0.030,1.485
1791426799.0556269,0.6350,0.7006,0.8030,0.4302,0.4302,0.6350,0.4302,0.7538,0.5695,0.1557,0.1229,0.2991,0.3646,0.0246,0.0369,0.1557,0.1557,0.4080,0.6405,,0.2325,,82.15,14.62,149.1,113.2,,0.032,
1791426799.089349,0.7006,0.5695,0.8440,0.4998,0.4302,0.7006,0.5695,0.6350,0.7006,0.0574,0.4302,0.5695,0.4998,0.0369,0.0574,0.1557,0.1966,0.4080,0.6370,,0.2290,,81.72,14.69,149.6,113.5,0.772,0.033,1.437
1791426799.1217399,0.7538,0.6350,0.8767,0.4302,0.4302,0.7538,0.7006,0.8030,0.7538,0.1966,0.3646,0.6350,0.6350,0.1229,0.0737,0.1229,0.1557,0.4080,0.6405,0.7190,0.2325,0.0785,81.71,14.67,149.6,112.8,0.752,0.034,1.406
1791426799.1546502,0.5695,0.3646,0.8030,0.5695,0.4998,0.8767,0.5695,0.7538,0.6350,0.1229,0.6350,0.6350,0.6350,0.0369,0.0410,0.0737,0.0737,0.4080,0.6390,0.7200,0.2310,0.0810,81.89,14.69,149.6,112.5,0.770,0.033,1.393
1791426799.188594,0.3646,0.6350,0.8440,0.4302,0.4302,0.8030,0.6350,0.7538,0.5695,0.1966,0.5695,0.4998,0.5695,0.1229,0.0942,0.1557,0.1557,0.4080,0.6430,,0.2350,,82.48,14.65,,112.9,0.738,0.031,1.357
1791426799.229067,0.4998,0.6350,0.7538,0.4302,0.2991,0.6350,0.2991,0.7006,0.7538,0.0942,0.4998,0.3646,0.4302,0.0246,0.0574,0.0942,0.1229,0.4080,,,,,82.48,14.65,,112.9,,,
1791426799.2615144,0.7006,0.7538,0.6350,0.4302,0.4302,0.7538,0.7538,0.8030,0.4998,0.2458,0.3646,0.4302,0.4998,0.0410,0.0737,0.0737,0.0737,0.4120,0.6435,,0.2315,,82.82,14.54,,113.0,0.755,0.029,1.423
1791426799.291721,0.6350,0.4302,0.8767,0.4998,0.3646,0.7006,0.7006,0.6350,0.5695,0.1966,0.4302,0.4302,0.6350,0.0942,0.0574,0.0942,0.2458,0.4080,0.6415,,0.2335,,82.34,14.54,,112.7,0.751,0.031,1.395
1791426799.3239439,0.4998,0.3646,0.7538,0.4302,0.4998,0.6350,0.5695,0.8440,0.6350,0.1229,0.4302,0.2991,0.5695,0.0410,0.1229,0.0942,0.1229,0.4080,0.6435,,0.2355,,82.70,14.58,,113.2,,0.030,1.359
1791426799.355661,0.7006,0.5695,0.7006,0.4302,0.3646,0.6350,0.4998,0.8030,0.5695,0.1557,0.3646,0.7006,0.5695,0.0737,0.1557,0.1229,0.1229,0.4080,0.6405,0.7190,0.2325,0.0785,82.53,14.40,,113.2,0.803,0.030,1.467
1791426799.388373,0.4998,0.6350,0.8440,0.3646,0.4302,0.5695,0.4998,0.7006,0.7006,0.2991,0.3646,0.2991,0.4998,0.0574,0.2458,0.0737,0.0942,0.4080,0.6380,,0.2300,,82.27,14.50,,113.2,,0.032,1.404
1791426799.4222076,0.4998,0.7538,0.7006,0.4302,0.5695,0.2458,0.6350,0.6350,0.8030,0.2458,0.1966,0.4998,0.5695,0.0574,0.0942,0.0942,0.0942,0.4080,,,,,82.27,14.50,,113.2,,,
1791426799.4555697,0.4302,0.7006,0.7006,0.4998,0.4998,0.6350,0.6350,0.8030,0.7006,0.1966,0.5695,0.3646,0.4998,0.0942,0.0737,0.0942,0.1557,0.4080,0.6395,,0.2315,,81.85,14.86,,112.3,0.677,0.033,1.298
1791426799.4889886,0.6350,0.8440,0.4998,0.6350,0.5695,0.7538,0.7006,0.8030,0.3646,0.2991,0.3646,0.7006,0.6350,0.1557,0.0942,0.1229,0.1966,0.4080,0.6435,0.7190,0.2355,0.0755,82.46,14.71,,112.3,0.750,0.031,1.297
1791426799.5231254,0.6350,0.7538,0.7006,0.4998,0.4302,0.7538,0.5695,0.7538,0.6350,0.2991,0.3646,0.4302,0.6350,0.0942,0.1229,0.0942,0.1966,0.4120,0.6455,,0.2335,,82.77,14.52,,111.5,0.753,0.030,1.351
1791426799.5619318,0.7006,0.5695,0.7538,0.4302,0.3646,0.8440,0.5695,0.7538,0.7006,0.1966,0.4302,0.7006,0.6350,0.0737,0.0737,0.0737,0.0942,0.4080,0.6420,0.7190,0.2340,0.0770,82.78,14.46,,111.8,0.759,0.030,1.397
1791426799.5928187,0.4302,0.7006,0.6350,0.3646,0.4998,0.7006,0.7538,0.8440,0.7538,0.1229,0.1557,0.4302,0.4998,0.0737,0.0737,0.0942,0.0942,0.4080,0.6425,,0.2345,,83.08,14.44,,111.8,0.751,0.028,
1791426799.6240342,0.4998,0.7538,0.6350,0.6350,0.5695,0.7538,0.7538,0.7006,0.6350,0.3646,0.4998,0.5695,0.5695,0.1229,0.0942,0.0942,0.1229,0.4100,0.6425,0.7180,0.2325,0.0755,83.53,14.32,149.1,111.9,0.765,0.026,1.120
1791426799.656311,0.5695,0.5695,0.8440,0.6350,0.3646,0.6350,0.6350,0.5695,0.8030,0.2458,0.3646,0.2991,0.4998,0.0410,0.0737,0.0737,0.0737,0.4080,0.6480,,0.2400,,84.04,14.13,149.1,112.7,,0.025,1.367
1791426799.6896124,0.5695,0.8440,0.4998,0.4998,0.4302,0.6350,0.5695,0.7538,0.4302,0.1557,0.3646,0.5695,0.5695,0.0574,0.0942,0.0737,0.0942,0.4080,0.6505,0.7210,0.2425,0.0705,84.59,13.83,148.9,113.0,0.783,0.022,1.320
1791426799.7227852,0.4998,0.7538,0.5695,0.4302,0.2458,0.7538,0.5695,0.7006,0.7006,0.1966,0.2458,0.4302,0.5695,0.1229,0.1229,0.0942,0.0942,0.4080,0.6410,,0.2330,,84.64,13.94,149.5,113.0,0.764,0.022,
1791426799.7560244,0.5695,0.5695,0.6350,0.4302,0.4998,0.7006,0.4998,0.8030,0.4998,0.1229,0.4302,0.3646,0.5695,0.1229,0.0942,0.0942,0.1229,0.4080,0.6385,,0.2305,,83.91,14.24,149.4,112.9,0.729,0.025,1.454
1791426799.7891521,0.8030,0.8030,0.5695,0.4302,0.4302,0.7538,0.7006,0.8440,0.7538,0.1557,0.4302,0.2991,0.5695,0.0410,0.0737,0.0737,0.0942,0.4080,0.6515,,0.2435,,84.46,14.10,149.7,112.3,,0.023,1.262
1791426799.8230793,0.6350,0.5695,0.7538,0.5695,0.4302,0.8030,0.6350,0.6350,0.7006,0.1557,0.0942,0.5695,0.5695,0.0574,0.1557,0.1229,0.1557,0.4080,0.6370,0.7190,0.2290,0.0820,83.62,14.37,149.3,111.3,0.742,0.026,
1791426799.8612738,0.6350,0.7006,0.8030,0.4998,0.2458,0.6350,0.6350,0.7006,0.5695,0.1229,0.3646,0.4302,0.4302,0.0942,0.1229,0.0942,0.1557,0.4080,0.6420,,0.2340,,83.42,14.54,149.2,112.2,0.709,0.027,1.341
1791426799.8935995,0.6350,0.8440,0.7006,0.4302,0.2458,0.7538,0.7538,0.7006,0.4998,0.1966,0.3646,0.6350,0.5695,0.0574,0.0942,0.1557,0.0942,0.4070,0.6415,0.7190,0.2345,0.0775,83.42,14.67,148.9,112.2,0.713,0.027,1.380
1791426799.9255698,0.5695,0.6350,0.7006,0.4302,0.2458,0.6350,0.4998,0.8030,0.7538,0.2458,0.3646,0.3646,0.6350,0.1557,0.0942,0.0574,0.0942,0.4080,0.6415,,0.2335,,83.23,14.56,149.8,112.5,0.772,0.028,1.428
1791426799.9567645,0.5695,0.8030,0.8030,0.4998,0.2991,0.8030,0.6350,0.8030,0.7538,0.1557,0.5695,0.4302,0.4998,0.0574,0.0574,0.0737,0.0942,0.4080,0.6400,,0.2320,,82.80,14.45,150.2,112.8,0.790,0.030,1.491
1791426799.9897301,0.4998,0.7006,0.7538,0.4302,0.2458,0.8030,0.8030,0.8030,0.7006,0.2991,0.0942,0.4302,0.6350,0.0737,0.0942,0.1229,0.1229,0.4080,0.6380,,0.2300,,82.38,14.59,150.4,112.1,0.751,0.031,
1791426800.022616,0.4302,0.6350,0.5695,0.3646,0.3646,0.8440,0.4998,0.7538,0.7006,0.1966,0.4302,0.2991,0.4302,0.0369,0.0574,0.0737,0.2991,0.4100,0.6405,,0.2305,,82.54,14.50,150.2,112.6,,0.030,1.439
1791426800.0566432,0.5695,0.7006,0.8030,0.6350,0.2991,0.6350,0.7006,0.6350,0.7006,0.1966,0.4998,0.2458,0.4302,0.1557,0.0942,0.0574,0.1229,0.4080,0.6420,,0.2340,,82.47,14.56,150.6,112.3,,0.031,1.396
1791426800.0895014,0.5695,0.8440,0.7006,0.4302,0.3646,0.7538,0.7006,0.7538,0.7006,0.1557,0.4302,0.4302,0.6350,0.0574,0.0942,0.1229,0.2991,0.4080,0.6390,,0.2310,,82.79,14.62,151.0,112.2,0.757,0.029,1.411
1791426800.1241562,0.4998,0.6350,0.5695,0.4302,0.3646,0.7538,0.6350,0.8030,0.5695,0.1557,0.3646,0.7006,0.5695,0.1229,0.1966,0.0942,0.2991,0.4080,0.6375,0.7200,0.2295,0.0825,82.49,14.77,150.8,111.6,0.749,0.031,1.356
1791426800.162634,0.4302,0.8440,0.6350,0.4998,0.2458,0.7538,0.5695,0.7538,0.6350,0.0942,0.4302,0.6350,0.6350,0.0737,0.0942,0.0942,0.0942,0.4080,0.6395,0.7200,0.2315,0.0805,82.21,14.86,,111.0,0.740,0.032,1.332
1791426800.1931872,0.4998,0.7538,0.5695,0.5695,0.6350,0.7538,0.6350,0.7538,0.6350,0.0942,0.1229,0.3646,0.4998,0.0574,0.1229,0.1229,0.1966,0.4120,0.6425,,0.2305,,82.65,14.91,,110.9,0.713,0.030,
1791426800.2256045,0.7538,0.7538,0.5695,0.4998,0.4302,0.8030,0.7006,0.7006,0.7538,0.2991,0.1229,0.7006,0.6350,0.0574,0.0574,0.1229,0.1557,0.4120,0.6390,0.7200,0.2270,0.0810,82.60,15.04,,111.2,0.728,0.030,
1791426800.2575476,0.3646,0.7538,0.5695,0.4302,0.4998,0.7538,0.5695,0.7006,0.7006,0.1966,0.2458,0.2458,0.4302,0.1229,0.1966,0.0737,0.0942,0.4080,0.6380,,0.2300,,82.50,15.11,,110.8,,0.030,
1791426800.291051,0.4998,0.8440,0.5695,0.4998,0.4302,0.8030,0.7006,0.7006,0.5695,0.2991,0.4998,0.3646,0.6350,0.0942,0.0942,0.0737,0.0942,0.4120,0.6440,,0.2320,,82.88,14.99,,111.3,0.730,0.029,1.369
1791426800.3244627,0.4998,0.7538,0.8030,0.4302,0.4998,0.8030,0.7538,0.6350,0.5695,0.3646,0.4302,0.5695,0.6350,0.0574,0.0737,0.0942,0.0942,0.4080,0.6430,0.7200,0.2350,0.0770,83.39,14.74,149.2,112.1,0.786,0.027,1.097
1791426800.356236,0.6350,0.7006,0.5695,0.4302,0.3646,0.7006,0.7006,0.7006,0.6350,0.1557,0.5695,0.7006,0.6350,0.0410,0.1229,0.0737,0.0942,0.4080,0.6425,0.7210,0.2345,0.0785,83.17,14.73,149.3,111.8,0.747,0.028,1.347
1791426800.3910286,0.5695,0.8440,0.7538,0.5695,0.4998,0.7538,0.7006,0.4302,0.4302,0.4302,0.3646,0.7006,0.6350,0.0410,0.2458,0.1229,0.1557,0.4080,0.6505,0.7190,0.2425,0.0685,84.08,14.45,149.0,112.4,0.727,0.024,1.042
1791426800.4301383,0.7006,0.7006,0.6350,0.4302,0.3646,0.7006,0.5695,0.7538,0.6350,0.1966,0.1229,0.4302,0.4302,0.0942,0.1229,0.0574,0.1966,0.4100,0.6385,,0.2285,,83.68,14.62,149.4,112.6,0.741,0.026,
1791426800.4610841,0.6350,0.8030,0.7006,0.5695,0.2991,0.8030,0.7006,0.7006,0.6350,0.1966,0.4302,0.4302,0.5695,0.1229,0.1229,0.0942,0.1229,0.4090,0.6530,,0.2440,,84.03,14.46,149.3,112.5,0.683,0.025,1.248
1791426800.4925177,0.6350,0.7538,0.5695,0.4302,0.4302,0.7538,0.7006,0.7006,0.4998,0.1966,0.1966,0.4302,0.5695,0.0369,0.1229,0.0369,0.1966,0.4080,0.6405,,0.2325,,83.58,14.38,148.8,112.5,0.789,0.026,
1791426800.524551,0.3646,0.7006,0.6350,0.3646,0.3646,0.5695,0.6350,0.7006,0.5695,0.3646,0.2991,0.6350,0.4302,0.0574,0.3646,0.0942,0.0942,0.4080,0.6390,,0.2310,,83.38,14.63,148.0,112.3,0.720,0.027,1.110
1791426800.5577755,0.7538,0.7538,0.5695,0.4302,0.4302,0.7006,0.6350,0.7006,0.7538,0.1229,0.3646,0.4302,0.4998,0.0410,0.0737,0.0942,0.1966,0.4120,0.6420,,0.2300,,83.25,14.87,148.0,111.9,0.684,0.028,1.329
1791426800.5911412,0.6350,0.7006,0.5695,0.4998,0.3646,0.6350,0.7538,0.2991,0.4998,0.2458,0.4302,0.3646,0.6350,0.0737,0.1229,0.1229,0.2458,0.4080,0.6425,,0.2345,,83.91,14.73,147.7,111.9,0.762,0.025,1.406
1791426800.6243987,0.7006,0.7006,0.7538,0.5695,0.4302,0.8440,0.6350,0.7006,0.5695,0.2458,0.5695,0.5695,0.5695,0.0942,0.1557,0.0942,0.1557,0.4080,0.6505,0.7180,0.2425,0.0675,84.45,14.44,147.8,112.3,0.717,0.023,1.311
1791426800.6574364,0.4302,0.8030,0.7006,0.3646,0.3646,0.6350,0.5695,0.7006,0.5695,0.2991,0.4302,0.3646,0.6350,0.0737,0.1966,0.1229,0.2991,0.4100,0.6425,,0.2325,,84.45,14.51,147.9,111.6,0.728,0.023,1.360
1791426800.697436,0.4998,0.7006,0.6350,0.3646,0.2991,0.7006,0.5695,0.8030,0.5695,0.1557,0.2991,0.3646,0.5695,0.0737,0.1229,0.0410,0.2458,0.4080,0.6410,,0.2330,,84.00,14.41,148.6,111.8,0.785,0.025,
1791426800.7281368,0.5695,0.6350,0.8030,0.4302,0.4302,0.6350,0.7006,0.6350,0.7006,0.1966,0.2458,0.2991,0.4302,0.0574,0.1966,0.0737,0.1229,0.4120,0.6450,,0.2330,,83.67,14.53,148.7,111.4,,0.026,
1791426800.7594674,0.7006,0.8440,0.4998,0.2991,0.3646,0.7006,0.4998,0.7538,0.5695,0.1966,0.4998,0.2458,0.4998,0.0574,0.1557,0.0942,0.0942,0.4080,0.6465,,0.2385,,83.97,14.61,148.2,111.2,,0.025,1.293
1791426800.7911384,0.4302,0.6350,0.5695,0.5695,0.4998,0.7538,0.5695,0.6350,0.5695,0.2458,0.2991,0.2991,0.5695,0.0369,0.1557,0.0942,0.1966,0.4080,0.6415,,0.2335,,83.83,14.38,149.1,112.2,,0.025,
1791426800.824831,0.4998,0.8030,0.6350,0.4998,0.2991,0.6350,0.6350,0.7006,0.7538,0.0737,0.3646,0.7006,0.5695,0.0574,0.2458,0.0737,0.0737,0.4080,0.6380,0.7190,0.2300,0.0810,84.00,14.56,148.7,112.5,0.742,0.025,1.355
1791426800.8583057,0.6350,0.5695,0.7006,0.4998,0.5695,0.4302,0.4998,0.4998,0.3646,0.0942,0.2991,0.6350,0.4998,0.0410,0.0942,0.2458,0.3646,0.4080,0.6365,,0.2285,,83.59,14.57,148.4,112.6,0.796,0.026,
1791426800.8916726,0.7538,0.7538,0.7006,0.4998,0.4302,0.7006,0.5695,0.8030,0.6350,0.1557,0.4302,0.4302,0.5695,0.0574,0.1229,0.0737,0.1557,0.4080,0.6405,,0.2325,,84.31,14.56,148.6,112.4,0.760,0.023,1.399
1791426800.9249065,0.4998,0.8440,0.6350,0.3646,0.3646,0.7538,0.8440,0.7538,0.7538,0.1557,0.4998,0.4302,0.4998,0.0737,0.0574,0.0737,0.0737,0.4080,0.6390,,0.2310,,84.00,14.88,148.6,111.9,0.687,0.024,1.283
1791426800.9582465,0.5695,0.7006,0.7538,0.4302,0.4998,0.6350,0.7006,0.7538,0.7538,0.0574,0.4302,0.2991,0.6350,0.0942,0.0410,0.1229,0.1557,0.4080,0.6365,,0.2285,,83.36,15.11,149.0,111.5,,0.027,1.335
1791426800.9977012,0.7006,0.6350,0.7538,0.4302,0.3646,0.7538,0.6350,0.4998,0.6350,0.0574,0.4302,0.2991,0.2991,0.0574,0.0574,0.0246,0.1966,0.4080,0.6410,,0.2330,,83.53,14.99,149.1,111.7,,0.026,1.427
1791426801.0290012,0.6350,0.7006,0.8030,0.4998,0.2991,0.7538,0.7006,0.8440,0.4998,0.2458,0.3646,0.3646,0.4998,0.0942,0.1557,0.1229,0.2991,0.4080,0.6460,,0.2380,,83.47,15.04,149.6,111.2,0.672,0.027,1.267
1791426801.0609484,0.7006,0.7006,0.8767,0.3646,0.3646,0.6350,0.5695,0.7006,0.5695,0.1229,0.0737,0.3646,0.4302,0.0574,0.1557,0.0574,0.1966,0.4080,0.6420,,0.2340,,83.58,15.00,,110.9,0.730,0.026,
1791426801.0927424,0.4998,0.8440,0.5695,0.4302,0.3646,0.5695,0.7538,0.8030,0.4998,0.1229,0.2991,0.4302,0.6350,0.0574,0.1557,0.0574,0.1966,0.4080,0.6365,,0.2285,,83.38,15.01,,110.6,0.770,0.027,
1791426801.1255574,0.7538,0.5695,0.7006,0.4302,0.5695,0.7006,0.6350,0.7006,0.7006,0.4998,0.4998,0.4998,0.5695,0.0574,0.0574,0.0737,0.1229,0.4080,0.6430,,0.2350,,84.03,14.79,148.7,110.6,0.769,0.024,1.091
1791426801.1580155,0.7006,0.5695,0.7006,0.4998,0.3646,0.6350,0.4998,0.7538,0.7538,0.1557,0.5695,0.2458,0.3646,0.0369,0.0942,0.0410,0.1966,0.4080,0.6420,,0.2340,,83.86,14.88,148.8,110.5,,0.025,1.307
1791426801.1922216,0.7538,0.7538,0.4998,0.4302,0.2991,0.8030,0.6350,0.5695,0.4998,0.1557,0.3646,0.5695,0.5695,0.0369,0.2991,0.0574,0.2458,0.4080,0.6460,0.7170,0.2380,0.0710,84.06,14.75,148.5,110.0,0.702,0.024,1.255
1791426801.2254577,0.4998,0.8767,0.4998,0.3646,0.4302,0.7538,0.6350,0.8030,0.7538,0.4302,0.4998,0.4998,0.6350,0.0410,0.1229,0.1229,0.2458,0.4080,0.6400,,0.2320,,83.99,14.77,148.3,109.5,0.743,0.025,1.077
1791426801.2591617,0.7006,0.4998,0.5695,0.4998,0.4302,0.8030,0.7006,0.8030,0.4302,0.2991,0.4302,0.4302,0.6350,0.1229,0.1229,0.1229,0.0942,0.4080,0.6465,,0.2385,,84.43,14.67,148.4,108.9,0.711,0.023,1.284
1791426801.2997243,0.4302,0.6350,0.6350,0.4302,0.4302,0.6350,0.6350,0.7538,0.4998,0.1229,0.4302,0.2991,0.5695,0.2991,0.0942,0.1557,0.1557,0.4110,0.6390,,0.2280,,84.41,14.72,148.1,110.3,,0.023,1.275
1791426801.3313751,0.4998,0.5695,0.4998,0.5695,0.2991,0.7538,0.6350,0.7006,0.4302,0.2991,0.3646,0.7006,0.6350,0.0574,0.0942,0.0410,0.2458,0.4080,0.6460,0.7180,0.2380,0.0720,84.31,14.46,147.3,111.3,0.752,0.023,1.307
1791426801.3622372,0.4302,0.6350,0.7006,0.4998,0.2458,0.6350,0.6350,0.2458,0.4998,0.1966,0.2991,0.5695,0.5695,0.0574,0.1557,0.1229,0.1557,0.4120,0.6465,0.7180,0.2345,0.0715,84.52,14.32,146.6,112.4,0.731,0.022,
1791426801.3946018,0.4998,0.7006,0.6350,0.4998,0.3646,0.7538,0.6350,0.7538,0.6350,0.1557,0.3646,0.5695,0.5695,0.0246,0.0942,0.0574,0.2991,0.4110,0.6445,0.7170,0.2335,0.0725,84.36,14.21,147.1,112.1,0.740,0.023,1.357
1791426801.4253285,0.7006,0.7538,0.4302,0.3646,0.2991,0.8030,0.5695,0.7006,0.5695,0.1557,0.2458,0.2991,0.3646,0.0942,0.0410,0.1229,0.1229,0.4120,0.6415,,0.2295,,84.05,14.26,147.5,111.5,,0.024,
1791426801.459481,0.6350,0.5695,0.8440,0.4302,0.3646,0.7006,0.5695,0.7006,0.7006,0.1557,0.2991,0.4998,0.5695,0.0574,0.2991,0.0574,0.0942,0.4120,0.6350,,0.2230,,83.24,14.46,147.7,110.7,0.765,0.027,
1791426801.4923637,0.3646,0.5695,0.5695,0.6350,0.3646,0.7538,0.7006,0.7006,0.5695,0.1557,0.4302,0.4302,0.4998,0.0737,0.1229,0.0574,0.1966,0.4110,0.6440,,0.2330,,83.41,14.42,147.6,110.7,0.728,0.027,1.365
1791426801.526282,0.6350,0.7538,0.4998,0.5695,0.4998,0.8767,0.7538,0.4302,0.3646,0.2458,0.4302,0.4302,0.4998,0.1557,0.2458,0.0942,0.1229,0.4080,0.6425,,0.2345,,83.52,14.29,147.5,110.0,0.771,0.026,1.383
1791426801.55943,0.4998,0.6350,0.5695,0.4302,0.3646,0.7538,0.5695,0.6350,0.4302,0.1557,0.0737,0.2991,0.3646,0.0369,0.1557,0.2458,0.3646,0.4080,0.6395,,0.2315,,83.33,14.44,147.8,109.5,,0.027,
1791426801.5926983,0.4998,0.6350,0.6350,0.4302,0.4302,0.7006,0.6350,0.8030,0.6350,0.1229,0.4302,0.3646,0.4302,0.0737,0.1557,0.0410,0.0737,0.4080,0.6425,,0.2345,,83.12,14.47,148.4,109.8,0.728,0.028,1.351
1791426801.6321719,0.4998,0.7006,0.7006,0.4302,0.4998,0.8440,0.7006,0.7006,0.2991,0.2991,0.4302,0.4302,0.6350,0.1229,0.1229,0.1229,0.1229,0.4080,0.6430,,0.2350,,83.28,14.53,148.7,110.1,0.713,0.027,1.311
1791426801.6640606,0.4998,0.5695,0.8767,0.4998,0.2991,0.8030,0.7538,0.8030,0.7538,0.2458,0.3646,0.5695,0.5695,0.0574,0.0737,0.0737,0.1229,0.4080,0.6410,0.7180,0.2330,0.0770,83.13,14.45,148.5,110.3,0.765,0.028,1.352
1791426801.6954997,0.7006,0.5695,0.7006,0.4302,0.6350,0.7538,0.7538,0.5695,0.7538,0.1966,0.3646,0.4998,0.5695,0.0737,0.0942,0.1229,0.1557,0.4080,0.6395,,0.2315,,83.48,14.49,147.8,111.5,0.753,0.027,1.403
1791426801.7280836,0.4998,0.6350,0.6350,0.4302,0.2458,0.8030,0.7006,0.8030,0.4998,0.0942,0.4302,0.4998,0.5695,0.0737,0.0410,0.0410,0.0369,0.4110,0.6380,,0.2270,,83.22,14.37,149.0,111.7,0.808,0.028,1.479
1791426801.7602901,0.5695,0.6350,0.5695,0.4302,0.3646,0.8030,0.6350,0.7538,0.8030,0.2458,0.4998,0.5695,0.6350,0.0410,0.2458,0.0942,0.1229,0.4100,0.6355,0.7200,0.2255,0.0845,82.61,14.65,,111.0,0.747,0.030,1.402
1791426801.7925332,0.4998,0.7538,0.8767,0.4302,0.3646,0.6350,0.5695,0.4302,0.5695,0.1966,0.2991,0.7006,0.5695,0.0410,0.1229,0.1229,0.1557,0.4080,0.6370,0.7190,0.2290,0.0820,82.68,14.69,,111.0,0.774,0.030,
1791426801.8258245,0.2991,0.7538,0.5695,0.4302,0.3646,0.8440,0.5695,0.7538,0.6350,0.2991,0.4302,0.4998,0.6350,0.0410,0.0942,0.0737,0.0574,,0.6415,,,,82.68,14.69,,111.5,0.787,0.030,
1791426801.8602395,0.5695,0.5695,0.6350,0.4998,0.4302,0.7006,0.6350,0.7006,0.5695,0.3646,0.4302,0.6350,0.6350,0.0410,0.0942,0.0942,0.1557,0.4080,0.6375,0.7190,0.2295,0.0815,82.55,14.82,148.6,111.1,0.742,0.030,1.112
1791426801.8925316,0.4998,0.7006,0.5695,0.4998,0.4302,0.8440,0.5695,0.8767,0.5695,0.2991,0.4302,0.3646,0.6350,0.0737,0.0737,0.0942,0.1557,0.4100,0.6405,,0.2305,,82.89,14.83,148.5,111.2,0.736,0.029,1.382
1791426801.9258943,0.7006,0.5695,0.6350,0.5695,0.2991,0.8440,0.6350,0.7538,0.5695,0.1229,0.2991,0.4302,0.5695,0.0410,0.0942,0.1966,0.3646,0.4080,0.6425,,0.2345,,83.27,14.75,148.6,111.1,0.742,0.027,
1791426801.9654453,0.7006,0.6350,0.8440,0.5695,0.4302,0.7006,0.5695,0.7006,0.4998,0.3646,0.4998,0.6350,0.6350,0.0369,0.1557,0.0574,0.2458,0.4100,0.6375,0.7200,0.2275,0.0825,83.22,14.81,148.3,111.3,0.766,0.027,1.118
1791426801.9963129,0.6350,0.6350,0.8030,0.4998,0.3646,0.8440,0.7006,0.7006,0.6350,0.1966,0.1557,0.4998,0.5695,0.0737,0.1229,0.1229,0.1966,0.4120,0.6440,,0.2320,,83.77,14.86,147.9,110.9,0.696,0.025,
1791426802.028624,0.4998,0.5695,0.6350,0.4302,0.3646,0.6350,0.5695,0.7006,0.7538,0.0737,0.3646,0.2991,0.4302,0.0737,0.1229,0.0574,0.1229,0.4080,0.6400,,0.2320,,83.29,14.99,147.8,111.1,,0.027,1.350
1791426802.0608964,0.5695,0.6350,0.9259,0.4998,0.2991,0.7538,0.2991,0.7538,0.5695,0.1966,0.2458,0.5695,0.5695,0.1229,0.1557,0.0574,0.0942,0.4080,,0.7190,,,83.29,14.99,147.8,111.1,,,
1791426802.0936327,0.6350,0.6350,0.9259,0.7006,0.4998,0.8440,0.6350,0.5695,0.5695,0.2458,0.4302,0.6350,0.5695,0.0942,0.1966,0.0942,0.1557,0.4110,0.6475,0.7180,0.2365,0.0705,84.20,14.58,147.6,111.9,0.763,0.024,1.355
1791426802.1261506,0.4998,0.7006,0.6350,0.4998,0.4302,0.8767,0.6350,0.7538,0.7538,0.1557,0.4998,0.4998,0.5695,0.0737,0.1966,0.0942,0.1966,0.4080,0.6425,,0.2345,,84.41,14.70,147.7,111.9,0.701,0.023,1.328
1791426802.159745,0.5695,0.8440,0.7538,0.6350,0.4302,0.7538,0.6350,0.7538,0.6350,0.1966,0.4998,0.3646,0.5695,0.0737,0.1966,0.1229,0.1966,0.4080,0.6465,,0.2385,,84.62,14.67,147.0,111.8,0.697,0.022,1.275
1791426802.1927876,0.6350,0.7006,0.3646,0.6350,0.4302,0.8767,0.7006,0.8440,0.6350,0.2458,0.4302,0.6350,0.6350,0.0942,0.1557,0.1557,0.1557,0.4080,0.6435,0.7180,0.2355,0.0745,84.74,14.47,147.0,112.6,0.764,0.022,1.357
1791426802.22684,0.7538,0.7538,0.5695,0.7006,0.4302,0.7538,0.7006,0.7006,0.4302,0.4998,0.4302,0.3646,0.6350,0.0574,0.1557,0.1229,0.2458,0.4080,0.6400,,0.2320,,84.46,14.46,146.8,113.9,0.765,0.023,1.139
1791426802.265894,0.8030,0.7538,0.8440,0.4998,0.4998,0.8030,0.7538,0.7006,0.6350,0.1229,0.2991,0.6350,0.5695,0.0737,0.1557,0.0942,0.1966,0.4110,0.6420,0.7190,0.2310,0.0770,84.57,14.47,147.2,113.2,0.744,0.022,
1791426802.2979128,0.7538,0.7006,0.6350,0.5695,0.3646,0.7006,0.4998,0.8030,0.7006,0.1229,0.4302,0.5695,0.4998,0.0942,0.0942,0.1229,0.1557,0.4080,0.6400,,0.2320,,84.70,14.35,147.7,113.2,0.795,0.022,1.428
1791426802.3300838,0.6350,0.6350,0.7006,0.4998,0.5695,0.7538,0.7006,0.8767,0.8030,0.4998,0.1966,0.4302,0.5695,0.0737,0.0942,0.0942,0.1966,0.4180,0.6430,,0.2250,,84.69,14.50,147.8,113.2,0.698,0.022,1.071
1791426802.360645,0.5695,0.6350,0.6350,0.4998,0.4302,0.8440,0.5695,0.7538,0.6350,0.4302,0.3646,0.7006,0.6350,0.1229,0.1966,0.0942,0.1557,0.4080,0.6410,0.7180,0.2330,0.0770,84.40,14.61,147.8,112.9,0.715,0.023,1.092
1791426802.3928702,0.5695,0.6350,0.7006,0.4998,0.4302,0.7538,0.7006,0.7006,0.6350,0.2991,0.3646,0.6350,0.5695,0.0737,0.2458,0.0942,0.1557,0.4120,0.6385,0.7180,0.2265,0.0795,84.00,14.62,147.9,112.7,0.761,0.024,1.478
1791426802.427562,0.5695,0.7538,0.8030,0.4302,0.3646,0.8030,0.6350,0.7538,0.7006,0.0369,0.4302,0.5695,0.5695,0.0369,0.0574,0.0574,0.2458,0.4080,0.6415,0.7180,0.2335,0.0765,83.78,14.60,148.0,112.5,0.738,0.025,1.361
1791426802.4594483,0.5695,0.6350,0.7006,0.4302,0.4998,0.7538,0.5695,0.8440,0.5695,0.1229,0.4302,0.5695,0.5695,0.0574,0.0574,0.0942,0.1557,0.4080,0.6390,0.7190,0.2310,0.0800,83.45,14.65,148.4,112.2,0.753,0.027,1.407
1791426802.4924812,0.5695,0.7006,0.9054,0.5695,0.4302,0.7538,0.6350,0.7538,0.8030,0.1557,0.4998,0.4998,0.6350,0.0737,0.1229,0.0410,0.1229,0.4080,0.6430,,0.2350,,83.41,14.58,148.5,111.9,0.742,0.027,1.292
1791426802.5261405,0.4302,0.5695,0.8030,0.2458,0.3646,0.6350,0.4998,0.7538,0.7006,0.1557,0.4998,0.4998,0.5695,0.0574,0.0942,0.0410,0.2458,0.4100,0.6405,,0.2305,,83.09,14.50,148.4,112.2,0.770,0.028,1.398
1791426802.5658178,0.5695,0.7006,0.7538,0.5695,0.5695,0.8030,0.6350,0.8030,0.7006,0.1966,0.0942,0.5695,0.6350,0.0410,0.0737,0.0942,0.1229,0.4080,0.6460,0.7190,0.2380,0.0730,83.59,14.23,149.0,112.1,0.779,0.026,
1791426802.5971098,0.5695,0.4998,0.8767,0.5695,0.5695,0.7538,0.6350,0.8440,0.5695,0.1557,0.3646,0.6350,0.6350,0.1557,0.1229,0.1557,0.1557,0.4110,0.6445,0.7180,0.2335,0.0735,84.06,14.19,149.1,112.0,0.736,0.024,1.345
1791426802.6285737,0.4302,0.8030,0.8030,0.4998,0.2991,0.7006,0.4998,0.6350,0.6350,0.2458,0.4998,0.4998,0.5695,0.0246,0.0737,0.0942,0.0737,0.4080,0.6420,,0.2340,,84.14,14.25,149.0,111.7,0.739,0.024,1.355
1791426802.6599455,0.5695,0.6350,0.7006,0.4302,0.3646,0.7538,0.4998,0.8030,0.7006,0.0737,0.4998,0.6350,0.5695,0.0369,0.0410,0.0942,0.1229,0.4080,0.6415,0.7210,0.2335,0.0795,83.99,14.39,149.0,111.6,0.743,0.025,1.323
1791426802.6922,0.8030,0.5695,0.8440,0.4302,0.2991,0.7006,0.5695,0.7006,0.7538,0.2458,0.4998,0.3646,0.5695,0.1229,0.1557,0.0942,0.1966,0.4080,0.6400,,0.2320,,84.22,14.43,149.4,111.8,0.759,0.024,1.435
1791426802.725464,0.5695,0.5695,0.7006,0.4302,0.4302,0.7006,0.5695,0.7538,0.6350,0.1966,0.5695,0.2991,0.6350,0.0205,0.0410,0.0737,0.1557,0.4110,0.6410,,0.2300,,83.96,14.51,149.3,111.4,,0.025,1.361
1791426802.7594576,0.5695,0.7006,0.5695,0.5695,0.5695,0.7006,0.6350,0.4998,0.3646,0.2458,0.3646,0.7006,0.5695,0.0737,0.1229,0.0942,0.1966,0.4080,0.6440,0.7190,0.2360,0.0750,84.54,14.26,149.4,112.3,0.792,0.022,1.425
1791426802.7936163,0.5695,0.4998,0.8030,0.6350,0.4302,0.7538,0.6350,0.8030,0.7006,0.0942,0.4302,0.3646,0.5695,0.0942,0.0737,0.0574,0.2458,0.4080,0.6370,,0.2290,,83.79,14.63,149.1,111.9,0.706,0.025,1.365
1791426802.8278575,0.4302,0.7538,0.6350,0.4302,0.2991,0.8030,0.7006,0.7006,0.7538,0.1966,0.2991,0.5695,0.5695,0.1229,0.0942,0.1229,0.0737,0.4120,0.6400,0.7190,0.2280,0.0790,83.78,14.58,149.3,111.6,0.770,0.025,
1791426802.865599,0.3646,0.5695,0.7006,0.4302,0.3646,0.7538,0.7006,0.5695,0.5695,0.1557,0.0942,0.5695,0.5695,0.0574,0.0574,0.0574,0.1966,0.4080,0.6410,0.7200,0.2330,0.0790,83.56,14.69,149.4,110.7,0.730,0.026,
1791426802.8979297,0.5695,0.6350,0.6350,0.5695,0.4302,0.6350,0.7006,0.7538,0.6350,0.1229,0.3646,0.3646,0.4302,0.0410,0.0737,0.0410,0.0942,0.4080,0.6365,,0.2285,,83.13,14.89,,110.7,0.735,0.028,1.370
1791426802.9296703,0.5695,0.6350,0.6350,0.4998,0.3646,0.7538,0.6350,0.7006,0.3646,0.1229,0.3646,0.6350,0.6350,0.0737,0.0574,0.0737,0.2991,0.4080,0.6415,0.7180,0.2335,0.0765,83.01,14.80,,110.3,0.742,0.028,1.420
1791426802.961294,0.5695,0.5695,0.8030,0.3646,0.2991,0.7006,0.7006,0.7538,0.7006,0.2458,0.4302,0.3646,0.4998,0.0737,0.0942,0.0737,0.1557,0.4120,0.6495,,0.2375,,83.11,14.57,,111.5,0.717,0.028,1.351
1791426802.9931083,0.5695,0.7006,0.6350,0.4302,0.4302,0.5695,0.5695,0.6350,0.5695,0.1229,0.0942,0.6350,0.6350,0.0737,0.0942,0.1229,0.2458,0.4080,0.6390,0.7210,0.2310,0.0820,82.55,14.49,,112.0,0.812,0.030,
1791426803.025892,0.6350,0.7538,0.8767,0.3646,0.4302,0.8030,0.6350,0.6350,0.5695,0.0574,0.3646,0.4998,0.5695,0.0410,0.0942,0.0410,0.2991,0.4080,0.6375,,0.2295,,82.08,14.70,,111.5,0.734,0.032,1.350
1791426803.0598085,0.7538,0.6350,0.8030,0.4998,0.2991,0.6350,0.5695,0.9259,0.5695,0.0942,0.4998,0.3646,0.5695,0.0737,0.0410,0.0942,0.2458,0.4080,0.6390,,0.2310,,82.36,14.65,,111.6,0.779,0.031,1.353
1791426803.0932405,0.5695,0.8767,0.9054,0.3646,0.2458,0.7538,0.8030,0.8030,0.7006,0.1557,0.4998,0.4998,0.6350,0.1229,0.0574,0.0737,0.1229,0.4080,0.6480,,0.2400,,82.67,14.63,,111.3,0.688,0.030,1.270
1791426803.1266468,0.5695,0.5695,0.7006,0.4998,0.3646,0.7538,0.6350,0.7006,0.6350,0.0737,0.4302,0.3646,0.4998,0.0410,0.1229,0.0574,0.1229,0.4120,0.6420,,0.2300,,82.75,14.66,,111.2,0.733,0.030,1.363
1791426803.165774,0.4998,0.6350,0.4998,0.6350,0.3646,0.8767,0.5695,0.7538,0.4302,0.2991,0.4998,0.7006,0.7538,0.1229,0.1229,0.1557,0.0942,0.4080,0.6510,0.7190,0.2430,0.0680,82.98,14.37,,111.1,0.726,0.029,1.292
1791426803.1975517,0.5695,0.7006,0.7006,0.4998,0.3646,0.5695,0.6350,0.5695,0.6350,0.1966,0.2458,0.7006,0.5695,0.0574,0.1557,0.0942,0.1229,0.4080,0.6390,0.7190,0.2310,0.0800,82.56,14.23,,111.4,0.819,0.031,
1791426803.2295623,0.4998,0.8030,0.7006,0.5695,0.4302,0.8030,0.7006,0.5695,0.6350,0.1229,0.2991,0.2991,0.7006,0.0737,0.0737,0.0574,0.0574,0.4080,0.6400,,0.2320,,81.94,14.47,,110.5,,0.033,
1791426803.26184,0.4998,0.4998,0.9054,0.4998,0.3646,0.4302,0.6350,0.7538,0.4998,0.1229,0.4302,0.3646,0.4302,0.0574,0.1229,0.0246,0.0942,0.4080,0.6405,,0.2325,,82.03,14.60,,111.3,0.729,0.033,1.374
1791426803.2936249,0.6350,0.6350,0.7538,0.6350,0.4998,0.6350,0.5695,0.7538,0.6350,0.1557,0.1229,0.6350,0.5695,0.0737,0.2458,0.0737,0.0942,0.4110,0.6425,0.7190,0.2315,0.0765,82.04,14.60,,110.7,0.734,0.033,
1791426803.3274765,0.7006,0.7006,0.8030,0.4302,0.3646,0.6350,0.7538,0.6350,0.7006,0.1966,0.1229,0.5695,0.4302,0.0942,0.0942,0.0942,0.2458,0.4080,0.6385,,0.2305,,81.56,14.80,,110.4,0.721,0.035,
1791426803.3602524,0.5695,0.6350,0.8440,0.4998,0.4998,0.7006,0.4998,0.5695,0.5695,0.1966,0.4302,0.6350,0.5695,0.0410,0.0737,0.1229,0.2458,0.4080,0.6420,0.7190,0.2340,0.0770,81.57,14.59,,111.1,0.785,0.035,1.402
1791426803.3942266,0.4998,0.5695,0.7538,0.4302,0.3646,0.8030,0.6350,0.5695,0.5695,0.0942,0.2991,0.2458,0.3646,0.0737,0.1557,0.0246,0.2458,0.4080,0.6380,,0.2300,,81.34,14.83,,110.6,,0.035,
1791426803.4352655,0.6350,0.7006,0.7006,0.4302,0.4302,0.6350,0.7006,0.7006,0.6350,0.1557,0.0737,0.4302,0.4302,0.0737,0.1966,0.0942,0.1966,0.4110,0.6405,,0.2295,,82.02,14.72,,111.1,0.772,0.032,
1791426803.4684646,0.5695,0.6350,0.8440,0.5695,0.4302,0.6350,0.4998,0.7006,0.6350,0.3646,0.4302,0.5695,0.4998,0.1557,0.0737,0.0737,0.0737,0.4180,0.6430,,0.2250,,81.99,14.71,149.0,110.8,0.726,0.032,1.107
1791426803.4992962,0.4302,0.8030,0.8440,0.4302,0.4302,0.7006,0.6350,0.7538,0.4998,0.1229,0.4302,0.2458,0.4998,0.0410,0.1966,0.0574,0.1557,0.4120,0.6390,,0.2270,,81.84,14.77,149.5,112.2,,0.033,1.450
1791426803.5304246,0.5695,0.7006,0.5695,0.4302,0.4998,0.7538,0.6350,0.7006,0.7538,0.2991,0.4998,0.2458,0.3646,0.1229,0.1229,0.0942,0.1557,0.4080,0.6380,,0.2300,,81.43,14.94,150.0,112.2,,0.035,1.381
1791426803.5624375,0.5695,0.6350,0.6350,0.4998,0.1966,0.8030,0.5695,0.7006,0.6350,0.1229,0.0942,0.6350,0.4998,0.0574,0.0737,0.0942,0.1557,0.4170,0.6370,,0.2200,,81.26,15.02,150.1,111.2,0.749,0.035,
1791426803.5945878,0.7006,0.7538,0.8030,0.3646,0.2991,0.7538,0.5695,0.8030,0.6350,0.1557,0.4302,0.6350,0.5695,0.0574,0.0942,0.0737,0.0942,0.4080,0.6400,0.7190,0.2320,0.0790,81.11,14.95,150.1,111.7,0.755,0.036,1.368
1791426803.6277587,0.5695,0.7006,0.8440,0.4302,0.4998,0.7538,0.5695,0.7006,0.7538,0.0737,0.4998,0.6350,0.5695,0.0942,0.0737,0.0574,0.2458,0.4080,0.6360,0.7190,0.2280,0.0830,80.85,15.03,149.8,111.6,0.755,0.037,1.403
1791426803.6617417,0.4998,0.5695,0.8440,0.4998,0.4998,0.8030,0.6350,0.7006,0.7538,0.1557,0.4302,0.7006,0.6350,0.0574,0.0942,0.1557,0.3646,0.4110,0.6445,0.7190,0.2335,0.0745,81.23,14.99,149.4,112.7,0.704,0.035,1.321
1791426803.6942248,0.4998,0.9054,0.7538,0.5695,0.2991,0.6350,0.6350,0.7538,0.7006,0.1229,0.4302,0.2991,0.4302,0.0369,0.0574,0.0410,0.1229,0.4080,0.6400,,0.2320,,81.38,14.79,149.8,112.3,,0.035,1.496
1791426803.7272258,0.4998,0.7538,0.7538,0.4998,0.3646,0.7538,0.6350,0.8030,0.7538,0.0737,0.4998,0.3646,0.4302,0.0942,0.0942,0.1229,0.2458,0.4110,0.6360,,0.2250,,80.83,14.94,149.7,112.3,0.748,0.037,1.457
1791426803.7658527,0.6350,0.7006,0.7006,0.5695,0.2991,0.7006,0.5695,0.7006,0.7006,0.0942,0.5695,0.6350,0.6350,0.0942,0.0246,0.0942,0.1966,0.4080,0.6455,0.7200,0.2375,0.0745,81.25,14.77,150.1,112.0,0.741,0.036,1.349
1791426803.797275,0.6350,0.8030,0.8030,0.4998,0.3646,0.6350,0.6350,0.8440,0.6350,0.2458,0.4302,0.6350,0.6350,0.1557,0.1229,0.0737,0.0737,0.4180,0.6380,0.7190,0.2200,0.0810,81.22,14.68,149.9,111.8,0.791,0.035,1.500
1791426803.8282635,0.5695,0.7006,0.8030,0.4998,0.4998,0.8440,0.4998,0.7538,0.7006,0.2991,0.4302,0.7006,0.7006,0.0942,0.0737,0.0942,0.0942,0.4080,0.6390,0.7190,0.2310,0.0800,81.41,14.87,149.4,111.6,0.713,0.035,1.353
1791426803.861654,0.4998,0.7538,0.8030,0.4302,0.3646,0.7538,0.7006,0.7538,0.5695,0.1229,0.4302,0.7006,0.5695,0.1229,0.0574,0.0737,0.2458,0.4080,0.6405,0.7200,0.2325,0.0795,81.56,14.88,149.4,111.2,0.746,0.034,1.376
1791426803.894606,0.6350,0.6350,0.8440,0.4302,0.4302,0.7006,0.5695,0.8030,0.6350,0.0737,0.4998,0.3646,0.4998,0.0410,0.0737,0.1557,0.0574,0.4080,0.6360,,0.2280,,81.29,15.09,149.5,111.9,0.731,0.035,1.409
1791426803.9278567,0.7006,0.7006,0.8440,0.4302,0.4302,0.6350,0.6350,0.7006,0.7006,0.1229,0.4302,0.4302,0.3646,0.0410,0.0410,0.0205,0.1966,0.4130,0.6415,,0.2285,,81.54,14.99,149.6,112.1,0.746,0.034,1.418
1791426803.961066,0.7006,0.4998,0.8030,0.3646,0.2991,0.7006,0.5695,0.7006,0.7006,0.1557,0.3646,0.5695,0.5695,0.0205,0.0737,0.0574,0.1229,0.4110,0.6380,0.7190,0.2270,0.0810,81.25,15.06,149.5,111.8,0.738,0.035,1.387
1791426803.9938414,0.4998,0.7006,0.8030,0.2991,0.2991,0.7006,0.7538,0.7006,0.7006,0.1557,0.3646,0.7006,0.5695,0.0942,0.0574,0.0410,0.1966,0.4130,0.6410,0.7190,0.2280,0.0780,81.24,15.12,,111.5,0.709,0.035,1.340
1791426804.0335472,0.4302,0.8030,0.9259,0.4302,0.4302,0.6350,0.6350,0.6350,0.4998,0.2458,0.4302,0.4998,0.5695,0.0369,0.0737,0.0574,0.0942,0.4080,0.6405,,0.2325,,81.28,14.77,,111.4,0.821,0.035,1.440
1791426804.065554,0.7006,0.7006,0.7538,0.4302,0.4998,0.6350,0.6350,0.7538,0.4998,0.1557,0.4998,0.3646,0.6350,0.0410,0.0410,0.0737,0.1557,0.4080,0.6395,,0.2315,,81.55,14.74,,111.6,0.763,0.034,1.426
1791426804.097711,0.4302,0.7006,0.9054,0.4302,0.4302,0.6350,0.7006,0.7006,0.5695,0.3646,0.4302,0.5695,0.5695,0.0246,0.0369,0.0737,0.0942,0.4080,0.6370,0.7190,0.2290,0.0820,81.37,14.71,148.7,111.9,0.788,0.035,1.192
1791426804.129899,0.6350,0.5695,0.6350,0.3646,0.4302,0.6350,0.7538,0.8440,0.6350,0.1966,0.1557,0.5695,0.6350,0.0942,0.0574,0.1557,0.2991,0.4110,0.6415,0.7190,0.2305,0.0775,81.08,14.96,148.2,111.2,0.672,0.036,
1791426804.1610937,0.4998,0.8440,0.8030,0.4998,0.3646,0.7538,0.5695,0.7006,0.6350,0.1557,0.4302,0.2458,0.5695,0.0246,0.0574,0.0942,0.1557,0.4110,0.6390,,0.2280,,81.32,14.81,148.7,111.8,,0.035,1.482
1791426804.1950502,0.6350,0.7006,0.6350,0.4998,0.3646,0.7538,0.6350,0.4998,0.7006,0.0737,0.4302,0.2458,0.4998,0.0369,0.0574,0.0369,0.1229,0.4080,0.6375,,0.2295,,81.26,14.98,149.4,111.0,,0.035,1.332
1791426804.2277138,0.6350,0.8030,0.9054,0.5695,0.4302,0.7006,0.5695,0.5695,0.6350,0.1557,0.5695,0.7006,0.7006,0.0942,0.0574,0.0737,0.0942,0.4130,0.6420,0.7200,0.2290,0.0780,81.71,14.86,149.6,110.9,0.761,0.033,1.345
1791426804.2618868,0.5695,0.7538,0.7006,0.4302,0.2991,0.6350,0.4998,0.8030,0.7006,0.1229,0.3646,0.3646,0.5695,0.0369,0.0942,0.0574,0.0737,0.4090,0.6370,,0.2280,,81.44,15.04,149.4,111.0,0.729,0.034,1.367
1791426804.2943976,0.4302,0.8030,0.7538,0.4998,0.4302,0.7006,0.7006,0.7538,0.7538,0.1229,0.4998,0.6350,0.5695,0.0369,0.1229,0.0737,0.1966,0.4110,0.6415,0.7210,0.2305,0.0795,81.60,14.86,149.7,111.0,0.786,0.034,1.454
1791426804.3343277,0.4998,0.8767,0.8767,0.4302,0.2991,0.5695,0.6350,0.7006,0.7006,0.0942,0.1229,0.3646,0.5695,0.0574,0.0942,0.0942,0.0942,0.4080,0.6420,,0.2340,,81.64,14.92,149.6,110.9,0.716,0.034,
1791426804.3654435,0.4302,0.9054,0.8767,0.4302,0.4998,0.7538,0.7006,0.7006,0.5695,0.2458,0.4998,0.3646,0.4302,0.0574,0.1557,0.0737,0.1557,0.4080,0.6390,,0.2310,,81.78,15.04,149.4,110.9,0.725,0.033,1.359
1791426804.3974924,0.6350,0.7538,0.8440,0.4302,0.4302,0.6350,0.6350,0.6350,0.5695,0.1557,0.3646,0.5695,0.4998,0.0410,0.0942,0.0737,0.1557,0.4080,0.6365,,0.2285,,81.30,15.16,149.0,111.2,0.742,0.035,1.365
1791426804.429899,0.6350,0.5695,0.7538,0.4998,0.2991,0.6350,0.6350,0.4998,0.5695,0.0737,0.0574,0.6350,0.4998,0.1229,0.0942,0.1229,0.1966,0.4080,0.6425,,0.2345,,81.19,14.90,149.5,111.3,0.780,0.036,
1791426804.4622774,0.7006,0.8440,0.8440,0.4998,0.3646,0.7006,0.5695,0.8030,0.7006,0.2991,0.3646,0.2991,0.6350,0.0737,0.1229,0.0737,0.0737,0.4110,0.6365,,0.2255,,81.29,14.78,149.7,111.7,,0.035,1.515
1791426804.4959188,0.5695,0.7006,0.8440,0.4998,0.4998,0.7538,0.7538,0.7538,0.7538,0.2458,0.3646,0.3646,0.6350,0.0737,0.0369,0.0942,0.1229,0.4080,0.6385,,0.2305,,81.40,14.69,150.0,111.7,0.794,0.035,1.403
1791426804.5281973,0.6350,0.5695,0.8030,0.3646,0.4998,0.6350,0.5695,0.6350,0.7538,0.1966,0.1557,0.3646,0.5695,0.0737,0.0737,0.0574,0.1229,0.4110,0.6405,,0.2295,,81.51,14.62,149.9,110.9,0.775,0.034,
1791426804.56213,0.7006,0.8030,0.6350,0.4302,0.4302,0.6350,0.4998,0.8030,0.6350,0.3646,0.4302,0.4302,0.4302,0.0942,0.0942,0.0574,0.0574,0.4090,0.6395,,0.2305,,81.86,14.63,149.8,111.7,0.765,0.033,1.158
1791426804.595447,0.6350,0.8440,0.8440,0.4998,0.4302,0.7538,0.4998,0.7006,0.7538,0.4998,0.5695,0.6350,0.6350,0.0942,0.1229,0.0737,0.1229,0.4080,0.6400,0.7190,0.2320,0.0790,82.51,14.72,149.5,111.2,0.730,0.030,1.085
1791426804.6348317,0.4998,0.8440,0.8440,0.5695,0.4302,0.7538,0.5695,0.6350,0.7006,0.0574,0.3646,0.5695,0.3646,0.1557,0.0942,0.0737,0.0942,0.4080,0.6345,,0.2265,,81.80,14.83,149.7,111.1,0.779,0.033,1.464
1791426804.6666496,0.4302,0.8767,0.8440,0.4302,0.3646,0.7006,0.6350,0.8030,0.7538,0.2458,0.4302,0.4302,0.5695,0.0410,0.0942,0.0737,0.0574,0.4080,0.6380,,0.2300,,81.72,15.07,149.4,110.7,0.706,0.033,1.329
1791426804.6973667,0.4998,0.7538,0.5695,0.5695,0.3646,0.7538,0.7006,0.6350,0.6350,0.0737,0.5695,0.3646,0.6350,0.0942,0.1557,0.0574,0.1557,0.4080,0.6375,,0.2295,,81.38,14.97,149.7,111.5,0.788,0.035,1.437
1791426804.7288182,0.5695,0.7538,0.7538,0.4998,0.3646,0.7006,0.5695,0.7538,0.6350,0.1557,0.2458,0.5695,0.5695,0.0410,0.1229,0.0369,0.1229,0.4080,0.6360,0.7200,0.2280,0.0840,81.15,15.03,149.5,112.1,0.770,0.036,
1791426804.7621682,0.4302,0.8030,0.8440,0.4998,0.3646,0.6350,0.6350,0.7006,0.5695,0.2458,0.4302,0.5695,0.5695,0.0369,0.0574,0.0574,0.1229,0.4090,0.6360,0.7220,0.2270,0.0860,80.39,15.10,149.3,112.4,0.781,0.039,1.416
1791426804.7956004,0.6350,0.6350,0.8440,0.4998,0.3646,0.5695,0.5695,0.4998,0.5695,0.1229,0.3646,0.4302,0.5695,0.0574,0.0737,0.0369,0.0369,0.4080,0.6375,,0.2295,,80.47,14.93,149.2,112.4,0.813,0.038,1.429
1791426804.8290815,0.4302,0.7006,0.8440,0.3646,0.2991,0.5695,0.5695,0.7006,0.7006,0.1557,0.4302,0.4998,0.4998,0.0369,0.0942,0.0574,0.0737,0.4080,0.6355,,0.2275,,80.34,15.02,149.5,111.8,0.767,0.039,1.380
1791426804.8620422,0.4998,0.8767,0.8030,0.4302,0.3646,0.7538,0.5695,0.7006,0.7538,0.1966,0.4998,0.3646,0.4998,0.0246,0.0369,0.0737,0.0574,0.4080,0.6425,,0.2345,,80.40,14.97,149.2,111.6,0.737,0.039,1.327
1791426804.8955874,0.5695,0.7006,0.8767,0.4998,0.4302,0.6350,0.5695,0.7006,0.8030,0.0942,0.1557,0.5695,0.6350,0.0942,0.0574,0.0942,0.1229,0.4120,0.6410,0.7180,0.2290,0.0770,81.08,14.69,149.2,112.0,0.796,0.036,
1791426804.934969,0.6350,0.7006,0.7538,0.4302,0.2458,0.6350,0.5695,0.5695,0.7538,0.0942,0.3646,0.4998,0.5695,0.0737,0.0737,0.0942,0.2991,0.4080,0.6380,,0.2300,,80.93,14.72,148.5,111.9,0.770,0.037,1.376
1791426804.96621,0.6350,0.7538,0.9054,0.4998,0.2991,0.6350,0.6350,0.7006,0.7006,0.1966,0.4302,0.4302,0.6350,0.0574,0.0574,0.0737,0.0942,0.4080,0.6425,,0.2345,,81.63,14.41,149.0,112.5,0.820,0.034,1.485
1791426804.9973893,0.3646,0.8767,0.8030,0.4302,0.4302,0.8440,0.6350,0.6350,0.5695,0.1229,0.1229,0.3646,0.4998,0.0574,0.0942,0.0737,0.1229,0.4090,0.6435,,0.2345,,81.93,14.53,149.2,112.3,0.707,0.033,
1791426805.0288203,0.4302,0.8440,0.6350,0.4302,0.4302,0.6350,0.5695,0.6350,0.4998,0.1557,0.4302,0.4302,0.5695,0.0410,0.0369,0.0737,0.0737,0.4120,0.6425,,0.2305,,81.71,14.39,148.9,112.2,0.783,0.034,1.417
1791426805.0627556,0.6350,0.8030,0.8767,0.3646,0.4302,0.7538,0.7006,0.7006,0.7006,0.2458,0.2458,0.6350,0.6350,0.0246,0.0574,0.0737,0.1557,0.4080,0.6395,0.7200,0.2315,0.0805,81.65,14.38,148.8,112.2,0.789,0.034,
1791426805.096767,0.4998,0.6350,0.7006,0.4998,0.4998,0.7006,0.5695,0.8030,0.5695,0.1966,0.3646,0.5695,0.4998,0.0369,0.1557,0.0737,0.1966,0.4080,0.6365,,0.2285,,81.52,14.36,149.0,112.7,0.816,0.034,1.500
1791426805.1294851,0.5695,0.8030,0.7006,0.3646,0.2991,0.7006,0.7006,0.5695,0.4302,0.0574,0.4302,0.5695,0.5695,0.0737,0.0942,0.0574,0.1229,0.4090,0.6380,0.7190,0.2290,0.0810,81.27,14.52,,112.4,0.747,0.035,1.386
1791426805.162954,0.6350,0.8030,0.8767,0.5695,0.4302,0.6350,0.5695,0.8030,0.7006,0.0942,0.1229,0.4302,0.7006,0.0737,0.0942,0.0942,0.0942,0.4090,0.6395,,0.2305,,81.39,14.59,,112.0,0.755,0.035,
1791426805.2017186,0.5695,0.8440,0.5695,0.4998,0.3646,0.8030,0.6350,0.7006,0.7006,0.1229,0.4302,0.6350,0.6350,0.1229,0.0574,0.0410,0.1966,0.4180,0.6415,0.7280,0.2235,0.0865,81.44,14.91,,111.2,0.741,0.034,1.349
1791426805.23355,0.5695,0.8767,0.8767,0.5695,0.2991,0.6350,0.5695,0.7538,0.5695,0.0942,0.4302,0.5695,0.5695,0.2458,0.1966,0.1229,0.1557,0.4120,0.6405,0.7190,0.2285,0.0785,81.46,14.77,,111.3,0.776,0.034,1.479
1791426805.2656653,0.6350,0.6350,0.7538,0.4302,0.1966,0.7006,0.6350,0.7538,0.4998,0.2991,0.2458,0.6350,0.6350,0.0574,0.0942,0.0574,0.1557,0.4090,0.6360,0.7210,0.2270,0.0850,81.07,14.82,,111.5,0.792,0.036,
1791426805.2967563,0.7006,0.8030,0.6350,0.5695,0.4302,0.7538,0.7006,0.6350,0.5695,0.3646,0.4302,0.5695,0.6350,0.0574,0.0737,0.0942,0.0942,0.4080,0.6465,0.7180,0.2385,0.0715,81.93,14.63,149.4,112.7,0.726,0.033,1.097
1791426805.329818,0.4302,0.8030,0.7538,0.3646,0.4302,0.7006,0.5695,0.7006,0.3646,0.0369,0.2991,0.5695,0.5695,0.1966,0.1557,0.0574,0.1229,0.4120,0.6360,0.7160,0.2240,0.0800,81.11,14.48,149.4,112.7,0.809,0.036,
1791426805.3627205,0.5695,0.8440,0.7006,0.3646,0.4302,0.7006,0.7006,0.7006,0.6350,0.1229,0.1966,0.4302,0.6350,0.0737,0.0737,0.1229,0.1229,0.4090,0.6415,,0.2325,,81.89,14.20,150.2,113.2,0.832,0.033,
