timestamp,nose_score,left_eye_score,right_eye_score,left_ear_score,right_ear_score,left_shoulder_score,right_shoulder_score,left_elbow_score,right_elbow_score,left_wrist_score,right_wrist_score,left_hip_score,right_hip_score,left_knee_score,right_knee_score,left_ankle_score,right_ankle_score,head_depth_m,chest_depth_m,hip_depth_m,neck_forward_offset_m,torso_recline_offset_m,head_forward_deg,torso_pitch_deg,elbow_left_deg,elbow_right_deg,torso_len_sw,head_up_m,wrist_face_sw
1791426832.1940675,0.7006,0.4998,0.4998,0.4302,0.7006,0.5695,0.8030,0.8030,0.4302,0.1966,0.0737,0.6350,0.6350,0.0737,0.0574,0.0369,0.0574,0.3850,0.5735,0.6920,0.1885,0.1185,51.55,18.92,153.6,111.8,0.849,0.152,
1791426832.227561,0.7538,0.6350,0.4998,0.2458,0.3646,0.7538,0.6350,0.4302,0.2991,0.2991,0.2458,0.4302,0.6350,0.0205,0.0410,0.0737,0.1229,0.3810,0.5740,,0.1930,,51.44,18.73,154.1,111.6,0.871,0.153,
1791426832.26108,0.7006,0.8030,0.4998,0.2991,0.3646,0.6350,0.6350,0.7006,0.7006,0.2458,0.1229,0.6350,0.5695,0.0410,0.0942,0.0369,0.0737,0.3810,0.5755,0.6880,0.1945,0.1125,51.45,18.55,154.3,112.9,0.874,0.153,
1791426832.294517,0.8030,0.6350,0.7538,0.4998,0.1557,0.6350,0.6350,0.6350,0.4302,0.4302,0.1229,0.6350,0.6350,0.0737,0.0942,0.0737,0.0942,0.3830,0.5775,0.6820,0.1945,0.1045,51.67,18.39,153.9,113.4,0.818,0.152,1.341
1791426832.3275702,0.8030,0.7538,0.8767,0.6350,0.1557,0.6350,0.8440,0.5695,0.4302,0.2991,0.1557,0.5695,0.5695,0.0410,0.0942,0.0574,0.1557,0.3830,0.5750,0.6870,0.1920,0.1120,51.27,18.40,154.4,114.0,0.838,0.154,
1791426832.3606207,0.7538,0.7006,0.7006,0.4302,0.1229,0.4302,0.6350,0.5695,0.2991,0.2991,0.4302,0.5695,0.7006,0.0737,0.0942,0.1557,0.1229,0.3860,0.5765,0.6830,0.1905,0.1065,51.00,18.13,154.3,114.5,0.867,0.156,1.706
1791426832.400652,0.8030,0.8030,0.9054,0.3646,0.2458,0.6350,0.4302,0.4302,0.5695,0.4302,0.1229,0.6350,0.5695,0.1229,0.1557,0.0942,0.1966,0.3840,0.5760,0.6920,0.1920,0.1160,50.84,18.34,153.1,115.0,0.835,0.156,1.406
1791426832.432239,0.6350,0.7538,0.7006,0.3646,0.3646,0.8030,0.5695,0.4998,0.4302,0.2991,0.1229,0.5695,0.6350,0.0369,0.0574,0.0574,0.0574,0.3940,0.5765,0.6830,0.1825,0.1065,50.50,18.04,153.0,115.1,0.878,0.157,
1791426832.463388,0.8440,0.7538,0.7538,0.2458,0.1229,0.4998,0.7538,0.5695,0.5695,0.3646,0.0942,0.6350,0.4998,0.0574,0.0410,0.0369,0.0574,0.3860,0.5770,,0.1910,,50.56,17.77,152.8,113.0,0.907,0.157,1.480
1791426832.4942732,0.7538,0.5695,0.7006,0.1557,0.1966,0.7538,0.4998,0.8030,0.4302,0.4302,0.3646,0.6350,0.5695,0.0574,0.0410,0.0737,0.1966,0.3880,0.5775,0.6970,0.1895,0.1195,50.35,18.03,152.6,113.9,0.863,0.158,1.403
1791426832.5276203,0.5695,0.5695,0.8030,0.2991,0.2458,0.5695,0.5695,0.7538,0.4302,0.1229,0.0574,0.6350,0.5695,0.0574,0.0369,0.0410,0.0942,0.3870,0.5760,0.6800,0.1890,0.1040,50.59,17.57,152.2,114.1,0.918,0.156,
1791426832.5611634,0.7006,0.5695,0.5695,0.2991,0.5695,0.7538,0.6350,0.8440,0.5695,0.2991,0.1229,0.6350,0.5695,0.0942,0.0737,0.0410,0.0574,0.3890,0.5775,0.6800,0.1885,0.1025,50.34,17.36,152.1,114.6,0.866,0.157,
1791426832.5954452,0.8030,0.4998,0.6350,0.3646,0.2991,0.6350,0.4998,0.7006,0.6350,0.0942,0.4998,0.5695,0.6350,0.0369,0.0410,0.1557,0.0737,0.3880,0.5780,0.6960,0.1900,0.1180,50.78,17.58,152.1,115.7,0.884,0.155,1.575
1791426832.6281407,0.5695,0.7006,0.7006,0.1557,0.1966,0.5695,0.7006,0.6350,0.4302,0.0737,0.4998,0.7006,0.5695,0.0410,0.0574,0.0369,0.0410,0.3880,0.5825,0.6930,0.1945,0.1105,51.18,17.77,151.5,115.3,0.822,0.153,1.511
1791426832.6678388,0.6350,0.6350,0.4998,0.3646,0.1966,0.4998,0.7538,0.7006,0.6350,0.1966,0.2991,0.6350,0.5695,0.0574,0.0410,0.0410,0.0246,0.3900,0.5815,0.6910,0.1915,0.1095,51.19,17.64,152.0,115.1,0.887,0.153,
1791426832.6991296,0.7538,0.8767,0.4998,0.1229,0.1557,0.4998,0.7538,0.7006,0.4302,0.0942,0.4302,0.6350,0.5695,0.0410,0.0574,0.0246,0.0369,0.3910,0.5775,0.6810,0.1865,0.1035,50.72,17.11,151.1,115.7,0.955,0.155,1.741
1791426832.7301779,0.5695,0.6350,0.8030,0.4302,0.3646,0.4998,0.6350,0.7538,0.6350,0.0942,0.1966,0.5695,0.6350,0.0410,0.0574,0.0369,0.0369,0.3880,0.5805,0.6820,0.1925,0.1015,50.68,16.91,151.5,115.5,0.881,0.156,
1791426832.7609868,0.5695,0.7538,0.7538,0.2991,0.4998,0.5695,0.7006,0.4302,0.2458,0.0942,0.4302,0.6350,0.5695,0.0574,0.0369,0.0574,0.0369,0.3910,0.5805,0.6900,0.1895,0.1095,50.34,16.94,151.5,115.3,0.892,0.158,1.657
1791426832.7947588,0.5695,0.8030,0.7538,0.1229,0.1966,0.4998,0.6350,0.5695,0.6350,0.0574,0.0737,0.5695,0.6350,0.0574,0.0246,0.1966,0.0410,0.3880,0.5800,0.6800,0.1920,0.1000,50.67,16.65,149.5,115.5,0.902,0.156,
1791426832.829068,0.4302,0.6350,0.6350,0.4302,0.2991,0.7006,0.5695,0.7006,0.7006,0.0737,0.0737,0.7006,0.7538,0.0410,0.0205,0.0410,0.0410,0.3880,0.5810,0.6810,0.1930,0.1000,50.76,16.51,151.0,115.2,0.874,0.156,
1791426832.8618915,0.4998,0.5695,0.8440,0.2991,0.2991,0.2991,0.6350,0.7006,0.6350,0.4302,0.4302,0.6350,0.7006,0.0369,0.0246,0.0369,0.0942,0.3880,,0.6970,,,50.76,16.51,151.0,115.2,,,
1791426832.8955927,0.5695,0.7538,0.2991,0.2458,0.4302,0.7006,0.4998,0.7006,0.6350,0.1229,0.4302,0.6350,0.6350,0.0410,0.0574,0.1557,0.0410,0.3920,0.5820,0.6780,0.1900,0.0960,50.78,16.31,151.2,115.4,0.866,0.156,1.589
1791426832.936223,0.6350,0.6350,0.9423,0.2991,0.2458,0.6350,0.7538,0.7006,0.3646,0.3646,0.2991,0.7006,0.6350,0.0410,0.0574,0.0410,0.0574,0.3930,0.5815,0.6880,0.1885,0.1065,51.05,16.45,151.0,116.0,0.869,0.154,1.399
1791426832.9674978,0.5695,0.5695,0.8030,0.3646,0.2991,0.6350,0.6350,0.6350,0.4302,0.3646,0.1966,0.6350,0.5695,0.0164,0.0246,0.0246,0.0574,0.3880,0.5800,0.6780,0.1920,0.0980,50.76,16.25,151.6,115.9,0.888,0.156,1.482
1791426832.9984667,0.6350,0.5695,0.7006,0.3646,0.2991,0.7006,0.7006,0.5695,0.5695,0.4302,0.0574,0.6350,0.5695,0.0369,0.0246,0.0410,0.0737,0.3930,0.5850,0.6910,0.1920,0.1060,50.97,16.41,151.2,114.9,0.863,0.155,1.384
1791426833.0296328,0.4302,0.8440,0.8440,0.2991,0.3646,0.4302,0.7538,0.7538,0.5695,0.1229,0.4998,0.5695,0.5695,0.0410,0.0246,0.0410,0.0369,0.3880,0.5800,0.6800,0.1920,0.1000,51.11,16.18,151.6,115.3,0.913,0.154,1.620
1791426833.0624833,0.4998,0.4998,0.7006,0.4302,0.4302,0.5695,0.4302,0.6350,0.4998,0.3646,0.4302,0.7006,0.5695,0.0410,0.0164,0.1557,0.1966,0.3890,0.5785,0.6810,0.1895,0.1025,50.61,15.88,152.2,115.9,0.971,0.157,1.561
1791426833.096035,0.6350,0.8440,0.8030,0.4302,0.2458,0.7006,0.7538,0.7006,0.5695,0.0942,0.4302,0.7006,0.5695,0.0737,0.0574,0.0410,0.0369,0.3900,0.5820,0.6800,0.1920,0.0980,50.56,15.74,152.7,116.1,0.903,0.157,1.639
1791426833.128069,0.7538,0.8030,0.7538,0.3646,0.4302,0.4302,0.7006,0.7006,0.4998,0.0574,0.2458,0.6350,0.6350,0.0574,0.0737,0.0369,0.0574,0.3910,0.5830,0.6910,0.1920,0.1080,50.34,15.92,152.6,116.2,0.903,0.159,
1791426833.1625335,0.7006,0.4998,0.4998,0.3646,0.2458,0.2458,0.6350,0.8030,0.4302,0.0942,0.4302,0.6350,0.6350,0.0410,0.0574,0.0369,0.0410,0.3920,,0.6750,,,50.34,15.92,152.6,116.2,,,
1791426833.1955633,0.7006,0.7006,0.7006,0.2458,0.2458,0.5695,0.6350,0.7538,0.5695,0.2991,0.4302,0.7006,0.6350,0.0410,0.0246,0.0574,0.0410,0.3920,0.5840,0.6750,0.1920,0.0910,50.74,15.59,153.8,116.3,0.898,0.156,1.620
1791426833.2347963,0.4998,0.8440,0.7006,0.4998,0.2458,0.2458,0.6350,0.7538,0.8440,0.1966,0.2991,0.7006,0.5695,0.0574,0.0164,0.0369,0.0369,0.3920,,0.6820,,,50.74,15.59,153.8,116.3,,,
1791426833.2672591,0.4302,0.8030,0.4998,0.2458,0.4302,0.4998,0.5695,0.7006,0.7006,0.2458,0.4302,0.5695,0.6350,0.0369,0.0369,0.0410,0.0246,0.3920,0.5820,0.6920,0.1900,0.1100,50.30,15.74,154.8,116.7,0.937,0.159,1.715
1791426833.2977686,0.5695,0.7006,0.5695,0.4302,0.1966,0.7006,0.7006,0.8030,0.4302,0.0942,0.4998,0.8030,0.7538,0.0737,0.0369,0.0369,0.0737,0.3930,0.5885,0.6930,0.1955,0.1045,50.94,15.99,155.5,116.2,0.852,0.156,1.539
1791426833.3299403,0.5695,0.7538,0.4302,0.4302,0.2991,0.7006,0.7538,0.8440,0.8030,0.2458,0.3646,0.7006,0.5695,0.0574,0.0246,0.0410,0.0574,0.3970,0.5925,0.6910,0.1955,0.0985,51.59,16.00,157.3,115.8,0.855,0.153,1.523
1791426833.361882,0.7538,0.5695,0.8767,0.4302,0.2458,0.7006,0.7006,0.7538,0.4998,0.1966,0.1966,0.7006,0.6350,0.0410,0.0205,0.0737,0.0737,0.3940,0.5885,0.6910,0.1945,0.1025,52.05,16.23,158.6,115.7,0.829,0.151,
1791426833.3953347,0.4998,0.7538,0.6350,0.4302,0.2991,0.6350,0.7006,0.5695,0.4302,0.1966,0.3646,0.7006,0.7006,0.0369,0.0205,0.0574,0.0574,0.3940,0.5915,0.6890,0.1975,0.0975,52.47,16.33,160.5,115.3,0.808,0.149,1.477
1791426833.4294314,0.5695,0.7006,0.6350,0.4998,0.4302,0.7538,0.7006,0.8030,0.4998,0.0942,0.0574,0.6350,0.6350,0.0737,0.0246,0.0737,0.0942,0.3940,0.5870,0.6890,0.1930,0.1020,52.41,16.37,162.2,114.4,0.859,0.149,
1791426833.4626715,0.6350,0.6350,0.7006,0.4998,0.1966,0.7538,0.7538,0.8440,0.4302,0.1229,0.1966,0.4998,0.6350,0.0410,0.0369,0.0410,0.0410,0.3950,0.5855,,0.1905,,51.77,16.19,163.8,114.7,0.925,0.152,
1791426833.4965882,0.4302,0.5695,0.4998,0.4302,0.3646,0.8030,0.7538,0.7538,0.4998,0.0574,0.4302,0.6350,0.5695,0.0369,0.0369,0.0574,0.0574,0.3940,0.5895,0.6800,0.1955,0.0905,51.91,15.87,165.0,114.4,0.869,0.152,1.537
1791426833.5357387,0.4998,0.6350,0.6350,0.3646,0.2458,0.8440,0.7006,0.8440,0.4302,0.0574,0.2991,0.7006,0.6350,0.0410,0.0410,0.0369,0.0574,0.3940,0.5910,0.6780,0.1970,0.0870,52.06,15.63,166.3,113.6,0.836,0.151,
1791426833.56837,0.6350,0.7006,0.8440,0.4998,0.4302,0.2991,0.7006,0.6350,0.7006,0.1229,0.0942,0.6350,0.6350,0.0369,0.0410,0.0410,0.0574,0.3940,,0.6970,,,52.06,15.63,166.3,113.6,,,
1791426833.5996764,0.8030,0.5695,0.7538,0.3646,0.4302,0.4302,0.7006,0.8767,0.5695,0.1966,0.4302,0.6350,0.5695,0.0246,0.0410,0.0737,0.0737,0.3940,0.5895,0.6800,0.1955,0.0905,52.23,15.42,,114.0,0.870,0.151,1.549
1791426833.6304705,0.7006,0.7538,0.7006,0.3646,0.2458,0.8030,0.7006,0.8030,0.5695,0.1557,0.0737,0.6350,0.6350,0.0410,0.0410,0.0410,0.0574,0.3970,0.5860,0.6790,0.1890,0.0930,51.87,15.15,,114.0,0.924,0.152,
1791426833.6629655,0.6350,0.7006,0.5695,0.4998,0.4302,0.8767,0.7006,0.8030,0.8767,0.0942,0.1229,0.5695,0.6350,0.0205,0.0164,0.0410,0.0574,0.3970,0.5920,0.6740,0.1950,0.0820,52.22,14.88,,113.8,0.839,0.150,
1791426833.6959205,0.6350,0.6350,0.5695,0.2458,0.2458,0.6350,0.7538,0.6350,0.7538,0.2458,0.2458,0.5695,0.5695,0.0369,0.0205,0.0246,0.0369,0.3950,0.5865,0.6820,0.1915,0.0955,51.92,14.70,,114.3,0.954,0.151,
1791426833.7290568,0.4998,0.6350,0.5695,0.5695,0.1966,0.8030,0.6350,0.7006,0.7006,0.1229,0.2991,0.6350,0.6350,0.0737,0.0246,0.0369,0.0410,0.3950,0.5850,0.6740,0.1900,0.0890,51.43,14.64,,114.4,0.866,0.154,
1791426833.7628224,0.5695,0.8440,0.8767,0.4998,0.1966,0.3646,0.8030,0.6350,0.5695,0.2991,0.4302,0.6350,0.5695,0.0737,0.0410,0.0369,0.0369,0.3950,0.5885,0.6760,0.1935,0.0875,51.36,14.40,,114.7,0.914,0.154,1.628
1791426833.7962012,0.4998,0.7538,0.6350,0.2991,0.5695,0.4302,0.6350,0.7006,0.4302,0.1966,0.1966,0.4998,0.6350,0.0369,0.0205,0.0246,0.0369,0.3960,0.5870,,0.1910,,51.41,14.29,,115.3,0.934,0.154,
1791426833.8292983,0.4302,0.4302,0.7006,0.4302,0.5695,0.4998,0.7538,0.7006,0.4998,0.0574,0.4302,0.6350,0.5695,0.0410,0.0205,0.0205,0.0369,0.3980,0.5830,0.6750,0.1850,0.0920,50.85,14.14,,116.0,0.952,0.155,1.682
1791426833.867295,0.4998,0.5695,0.4998,0.4302,0.2458,0.6350,0.5695,0.5695,0.6350,0.1966,0.1966,0.6350,0.5695,0.0574,0.0205,0.0246,0.0369,0.3990,0.5890,0.6780,0.1900,0.0890,50.64,14.03,,115.9,0.921,0.156,
1791426833.89965,0.6350,0.5695,0.7006,0.3646,0.2458,0.6350,0.5695,0.4302,0.4998,0.2458,0.1557,0.5695,0.5695,0.0369,0.0205,0.0410,0.0410,0.3990,0.5890,0.6750,0.1900,0.0860,50.68,13.96,,115.5,0.883,0.156,
1791426833.9314132,0.5695,0.6350,0.8030,0.4998,0.3646,0.7538,0.7538,0.6350,0.4998,0.0737,0.0942,0.6350,0.6350,0.0369,0.0410,0.0369,0.0574,0.4000,0.5895,0.6880,0.1895,0.0985,50.62,14.19,,115.7,0.912,0.156,
1791426833.9630125,0.4302,0.7006,0.9054,0.3646,0.2991,0.6350,0.7006,0.7006,0.4998,0.2458,0.2991,0.6350,0.6350,0.0369,0.0164,0.0369,0.0942,0.4000,0.5885,0.6900,0.1885,0.1015,50.11,14.40,,116.7,0.933,0.159,
1791426833.99591,0.4302,0.6350,0.6350,0.4302,0.3646,0.7006,0.7538,0.7006,0.6350,0.1966,0.1557,0.7006,0.4998,0.0410,0.0082,0.0369,0.0369,0.4010,0.5905,,0.1895,,49.97,14.24,,117.1,0.943,0.160,
1791426834.0297608,0.4302,0.6350,0.4998,0.3646,0.5695,0.6350,0.6350,0.7006,0.6350,0.0410,0.2458,0.7006,0.5695,0.0410,0.0123,0.0574,0.0369,0.4020,0.5940,0.6890,0.1920,0.0950,50.02,14.22,,117.5,0.943,0.160,
1791426834.0637197,0.4302,0.5695,0.7538,0.2991,0.2991,0.7006,0.7006,0.5695,0.5695,0.0574,0.2458,0.5695,0.6350,0.0410,0.0164,0.0369,0.0410,0.4030,0.5900,0.6930,0.1870,0.1030,49.83,14.40,,117.3,0.953,0.160,
1791426834.0970612,0.4998,0.6350,0.7538,0.2991,0.2458,0.7006,0.5695,0.6350,0.4998,0.1557,0.2991,0.5695,0.5695,0.0369,0.0369,0.0737,0.0574,0.4090,0.5980,0.7000,0.1890,0.1020,49.81,14.73,,117.5,0.883,0.160,
1791426834.1360826,0.5695,0.3646,0.6350,0.4302,0.3646,0.6350,0.7006,0.4302,0.5695,0.1557,0.4998,0.6350,0.5695,0.0574,0.0574,0.0574,0.0410,0.4070,0.5975,0.7000,0.1905,0.1025,49.80,14.86,,117.2,0.932,0.160,1.682
1791426834.1677144,0.6350,0.4998,0.7006,0.4998,0.4302,0.7006,0.6350,0.8767,0.5695,0.2991,0.2991,0.7538,0.6350,0.0369,0.0410,0.0574,0.0410,0.4110,0.5940,0.7010,0.1830,0.1070,49.74,15.18,,117.5,0.905,0.160,
1791426834.1992097,0.7006,0.4998,0.7538,0.2458,0.2991,0.4302,0.4998,0.6350,0.6350,0.0574,0.4998,0.6350,0.6350,0.0574,0.0123,0.1557,0.0942,0.4160,0.5980,0.7060,0.1820,0.1080,49.31,15.37,,117.7,0.933,0.161,1.711
1791426834.2307265,0.7538,0.4302,0.2991,0.5695,0.2458,0.2991,0.6350,0.6350,0.4998,0.0942,0.2458,0.5695,0.5695,0.0410,0.0164,0.0737,0.0410,0.4110,,0.6950,,,49.31,15.37,,117.7,,,
1791426834.2633147,0.5695,0.4998,0.8030,0.3646,0.3646,0.7538,0.6350,0.8030,0.4998,0.0942,0.2991,0.5695,0.5695,0.0574,0.0246,0.0369,0.0369,0.4150,0.6005,0.6780,0.1855,0.0775,49.48,14.63,,118.7,0.938,0.160,
1791426834.2967038,0.4998,0.7006,0.4998,0.2991,0.2458,0.5695,0.6350,0.7538,0.5695,0.1229,0.4998,0.6350,0.6350,0.0246,0.0574,0.0574,0.0410,0.4120,0.6075,0.6840,0.1955,0.0765,50.01,14.18,,118.2,0.879,0.158,1.549
1791426834.329518,0.4998,0.6350,0.6350,0.6350,0.1966,0.6350,0.7538,0.6350,0.4998,0.2458,0.0737,0.5695,0.6350,0.0246,0.0369,0.0737,0.0410,0.4130,0.5990,0.6810,0.1860,0.0820,49.65,13.72,,118.3,0.969,0.160,
1791426834.3634915,0.7538,0.4998,0.5695,0.4302,0.2991,0.6350,0.4302,0.8030,0.6350,0.0574,0.1966,0.6350,0.5695,0.0246,0.0205,0.0369,0.0246,0.4120,0.6000,0.6760,0.1880,0.0760,49.22,13.25,,118.3,0.941,0.162,
1791426834.39688,0.7006,0.7538,0.7538,0.3646,0.2458,0.5695,0.6350,0.8767,0.3646,0.1966,0.2458,0.6350,0.5695,0.0246,0.0410,0.0574,0.0574,0.4140,0.5980,0.6900,0.1840,0.0920,48.86,13.28,,119.0,0.966,0.164,
1791426834.434939,0.6350,0.4998,0.7006,0.4302,0.2458,0.5695,0.5695,0.6350,0.5695,0.3646,0.1966,0.6350,0.5695,0.0737,0.0246,0.0369,0.0410,0.4100,0.5995,0.6950,0.1895,0.0955,48.87,13.49,166.4,118.4,0.935,0.164,1.549
1791426834.4675493,0.8030,0.5695,0.8440,0.3646,0.4302,0.7006,0.5695,0.7538,0.4302,0.0737,0.0737,0.6350,0.5695,0.0410,0.0410,0.0574,0.0369,0.4090,0.6025,0.6850,0.1935,0.0825,49.53,13.44,166.8,117.8,0.879,0.161,
1791426834.4992979,0.3646,0.5695,0.6350,0.3646,0.2458,0.6350,0.7006,0.7006,0.4998,0.2458,0.0942,0.7006,0.5695,0.0574,0.0369,0.0369,0.0574,0.4070,0.5935,0.7040,0.1865,0.1105,49.65,14.09,166.9,117.5,0.922,0.160,
1791426834.5309699,0.4998,0.4302,0.3646,0.3646,0.2458,0.7538,0.7538,0.6350,0.6350,0.0574,0.4998,0.5695,0.6350,0.0410,0.0205,0.0574,0.0410,0.4050,0.5945,0.6980,0.1895,0.1035,49.49,14.44,165.8,116.9,0.911,0.161,1.657
1791426834.563515,0.4302,0.7006,0.5695,0.3646,0.2458,0.6350,0.4998,0.8767,0.6350,0.0574,0.4302,0.6350,0.5695,0.0574,0.0246,0.0369,0.0737,0.4030,0.5935,0.6990,0.1905,0.1055,49.85,14.85,164.8,116.8,0.891,0.159,1.626
1791426834.596801,0.6350,0.8440,0.8030,0.2991,0.4998,0.4302,0.6350,0.6350,0.5695,0.2458,0.2991,0.7006,0.5695,0.1557,0.0205,0.0369,0.0410,0.4000,0.5915,0.7060,0.1915,0.1145,49.99,15.49,164.0,116.0,0.874,0.159,
1791426834.6309724,0.7006,0.5695,0.8440,0.4302,0.2458,0.7006,0.6350,0.7538,0.2991,0.2991,0.3646,0.6350,0.6350,0.0369,0.0369,0.0205,0.0246,0.3980,0.5890,0.7030,0.1910,0.1140,50.18,15.83,163.3,115.6,0.924,0.158,1.677
1791426834.6638482,0.5695,0.7006,0.4998,0.4302,0.5695,0.4998,0.6350,0.7006,0.8030,0.0737,0.2991,0.6350,0.5695,0.0410,0.0246,0.0737,0.1557,0.3950,0.5885,0.6940,0.1935,0.1055,50.40,16.00,161.7,115.2,0.878,0.158,
1791426834.7050014,0.4998,0.6350,0.7006,0.4302,0.5695,0.7006,0.5695,0.4998,0.6350,0.1966,0.4998,0.4302,0.6350,0.0410,0.1966,0.0410,0.1966,0.3940,0.5845,,0.1905,,50.31,16.22,160.2,115.0,0.913,0.158,1.663
1791426834.7358909,0.5695,0.8440,0.6350,0.4302,0.1966,0.8030,0.6350,0.8767,0.7006,0.1229,0.3646,0.5695,0.5695,0.1229,0.0942,0.1557,0.1557,0.3890,0.5890,0.6950,0.2000,0.1060,50.83,16.33,159.5,114.4,0.881,0.157,1.556
1791426834.7667775,0.4998,0.7538,0.5695,0.4302,0.3646,0.7538,0.5695,0.7006,0.3646,0.0574,0.3646,0.5695,0.6350,0.1557,0.0574,0.0574,0.0246,0.3860,0.5895,0.6920,0.2035,0.1025,51.96,16.47,159.2,113.9,0.833,0.152,1.457
1791426834.7972865,0.6350,0.7538,0.3646,0.3646,0.1966,0.7538,0.4302,0.7538,0.2458,0.1966,0.4302,0.4998,0.5695,0.2458,0.2991,0.1966,0.1966,0.3850,0.5795,,0.1945,,52.19,16.71,158.9,113.7,0.912,0.151,1.641
1791426834.8302433,0.5695,0.3646,0.9259,0.4998,0.2991,0.8030,0.6350,0.5695,0.5695,0.1966,0.4302,0.5695,0.5695,0.1966,0.1229,0.1966,0.2458,0.3930,0.5840,0.6940,0.1910,0.1100,52.86,17.14,158.3,112.8,0.799,0.147,1.464
1791426834.8644412,0.4998,0.8030,0.7538,0.4302,0.2991,0.7006,0.4302,0.7538,0.7538,0.0410,0.4302,0.5695,0.4998,0.1557,0.2458,0.1229,0.1557,0.3800,0.5790,,0.1990,,53.71,17.51,156.7,112.2,0.842,0.143,1.490
1791426834.898356,0.7006,0.8440,0.8030,0.4998,0.3646,0.7538,0.4302,0.6350,0.6350,0.0737,0.5695,0.5695,0.5695,0.1557,0.1557,0.1966,0.2458,0.3820,0.5760,0.6890,0.1940,0.1130,54.37,17.72,156.5,112.1,0.841,0.140,1.518
1791426834.93065,0.6350,0.6350,0.9054,0.6350,0.2458,0.6350,0.5695,0.7538,0.6350,0.0737,0.3646,0.5695,0.5695,0.0369,0.0574,0.0410,0.0410,0.3780,0.5735,0.6870,0.1955,0.1135,54.42,17.90,153.8,111.9,0.842,0.139,1.570
1791426834.9639397,0.7006,0.7006,0.8767,0.5695,0.4302,0.3646,0.5695,0.6350,0.7006,0.0410,0.4302,0.5695,0.6350,0.0737,0.1229,0.1229,0.1557,0.3710,0.5765,0.6760,0.2055,0.0995,55.37,17.71,,111.5,0.818,0.136,1.448
1791426835.0021558,0.6350,0.6350,0.7006,0.4998,0.3646,0.5695,0.7006,0.7006,0.7006,0.1229,0.4302,0.6350,0.5695,0.0410,0.0737,0.0410,0.0410,0.3710,0.5710,0.6850,0.2000,0.1140,55.97,17.88,,111.4,0.849,0.133,1.541
1791426835.034327,0.4998,0.5695,0.6350,0.4302,0.2458,0.4998,0.6350,0.7006,0.3646,0.0574,0.3646,0.5695,0.6350,0.0369,0.0737,0.0410,0.0410,0.3670,0.5740,0.6750,0.2070,0.1010,56.58,17.63,,110.3,0.846,0.132,1.510
1791426835.0650759,0.8030,0.7006,0.6350,0.4998,0.5695,0.7538,0.6350,0.7538,0.2458,0.0737,0.2991,0.6350,0.5695,0.0574,0.0410,0.0574,0.0574,0.3720,0.5735,0.6870,0.2015,0.1135,57.54,17.99,,109.4,0.803,0.127,
1791426835.0974994,0.4998,0.8767,0.7006,0.4998,0.3646,0.3646,0.4302,0.8440,0.6350,0.1966,0.4998,0.6350,0.6350,0.0574,0.0410,0.0205,0.0574,0.3640,0.5675,0.6850,0.2035,0.1175,58.03,18.12,,109.6,0.870,0.125,1.519
1791426835.1302013,0.6350,0.8030,0.8030,0.4302,0.2991,0.7006,0.5695,0.7006,0.5695,0.0737,0.4998,0.7538,0.6350,0.1557,0.1229,0.0737,0.0410,0.3630,0.5700,0.6780,0.2070,0.1080,58.53,18.40,,109.3,0.758,0.124,1.399
1791426835.16394,0.7538,0.6350,0.4302,0.3646,0.2991,0.7538,0.4998,0.5695,0.5695,0.0737,0.3646,0.7006,0.6350,0.2458,0.1966,0.2458,0.1557,0.3620,0.5700,0.6810,0.2080,0.1110,59.33,18.67,,109.0,0.770,0.120,1.351
1791426835.1971185,0.5695,0.6350,0.6350,0.5695,0.5695,0.3646,0.6350,0.7006,0.7538,0.0737,0.2458,0.6350,0.5695,0.0410,0.0574,0.0574,0.0574,0.3620,0.5650,0.6740,0.2030,0.1090,59.87,18.50,,109.3,0.845,0.118,
1791426835.2304013,0.3646,0.8440,0.2991,0.4998,0.4998,0.6350,0.5695,0.8030,0.5695,0.0574,0.0942,0.5695,0.5695,0.0410,0.0574,0.0574,0.0410,0.3590,0.5655,0.6750,0.2065,0.1095,60.54,18.69,,107.7,0.774,0.115,
1791426835.2640932,0.5695,0.8767,0.7006,0.3646,0.3646,0.7538,0.6350,0.6350,0.4998,0.2991,0.3646,0.6350,0.4998,0.0737,0.0574,0.1557,0.1557,0.3580,0.5615,,0.2035,,60.55,18.92,,107.5,0.825,0.115,1.461
1791426835.3019466,0.5695,0.7006,0.7538,0.4998,0.4302,0.7006,0.5695,0.7006,0.7006,0.1966,0.0942,0.6350,0.5695,0.1557,0.0410,0.0574,0.0574,0.3570,0.5600,0.6760,0.2030,0.1160,60.92,18.86,,107.5,0.860,0.113,
1791426835.3345861,0.3646,0.8767,0.6350,0.4302,0.4998,0.4302,0.5695,0.4302,0.7538,0.0942,0.2458,0.7006,0.6350,0.0942,0.0574,0.0574,0.0574,0.3570,0.5650,0.6740,0.2080,0.1090,61.31,18.87,,107.4,0.796,0.112,
1791426835.3650248,0.4302,0.8030,0.6350,0.4998,0.4998,0.5695,0.4998,0.8030,0.4998,0.1229,0.4998,0.6350,0.5695,0.0164,0.1229,0.0737,0.1557,0.3570,0.5595,0.6740,0.2025,0.1145,61.34,18.90,,108.1,0.831,0.112,1.456
1791426835.3972852,0.6350,0.7006,0.8440,0.3646,0.4302,0.4998,0.4998,0.7006,0.7006,0.1229,0.2458,0.4998,0.4998,0.0942,0.1229,0.1966,0.1557,0.3570,0.5595,,0.2025,,61.48,18.89,,108.6,0.863,0.111,
1791426835.4308496,0.7006,0.7538,0.7006,0.4302,0.6350,0.7006,0.5695,0.7006,0.6350,0.0574,0.3646,0.4998,0.6350,0.0942,0.0410,0.1557,0.1229,0.3570,0.5635,,0.2065,,61.84,19.14,,108.4,0.776,0.109,1.359
1791426835.464342,0.4998,0.7006,0.8767,0.4302,0.3646,0.7006,0.4302,0.7006,0.3646,0.1229,0.4998,0.4302,0.4998,0.0205,0.0574,0.1557,0.1966,0.3570,0.5625,,0.2055,,62.23,19.27,,108.3,0.798,0.108,1.368
1791426835.4975986,0.7538,0.8030,0.7006,0.4302,0.4998,0.4302,0.5695,0.4302,0.7006,0.2991,0.3646,0.4302,0.6350,0.0737,0.0410,0.0410,0.1229,0.3560,0.5660,,0.2100,,62.71,19.22,,108.5,0.809,0.106,1.400
1791426835.5312438,0.4998,0.6350,0.4998,0.5695,0.2458,0.5695,0.7006,0.6350,0.3646,0.0574,0.3646,0.5695,0.3646,0.0410,0.0369,0.1557,0.0574,0.3570,0.5665,,0.2095,,63.17,19.33,,107.4,0.771,0.104,1.352
1791426835.570322,0.3646,0.7538,0.4998,0.4998,0.4998,0.3646,0.5695,0.7006,0.5695,0.0574,0.4302,0.5695,0.5695,0.0410,0.0410,0.1557,0.0369,0.3570,0.5655,0.6750,0.2085,0.1095,63.23,19.33,,106.6,0.780,0.104,1.357
1791426835.602114,0.6350,0.7006,0.8440,0.4998,0.4302,0.6350,0.4302,0.8030,0.3646,0.0574,0.5695,0.5695,0.4302,0.0369,0.0737,0.1557,0.1966,0.3570,0.5675,,0.2105,,63.38,19.40,,106.9,0.764,0.104,1.328
1791426835.6323476,0.5695,0.6350,0.6350,0.4302,0.3646,0.7006,0.5695,0.7006,0.2458,0.0942,0.2991,0.5695,0.6350,0.1966,0.1557,0.2991,0.2458,0.3560,0.5690,0.6750,0.2130,0.1060,63.54,19.35,,106.9,0.764,0.104,
1791426835.665196,0.4998,0.5695,0.7538,0.5695,0.3646,0.8030,0.4302,0.7006,0.8030,0.0942,0.0942,0.5695,0.5695,0.0737,0.2458,0.2458,0.2458,0.3560,0.5640,0.6740,0.2080,0.1100,63.42,19.18,,106.6,0.821,0.104,
1791426835.697717,0.7538,0.4302,0.8440,0.4302,0.4998,0.7006,0.4998,0.8030,0.5695,0.2458,0.4302,0.6350,0.5695,0.0369,0.1229,0.1557,0.1557,0.3570,0.5675,0.6820,0.2105,0.1145,63.13,19.34,,106.3,0.786,0.106,1.397
1791426835.732023,0.7006,0.7538,0.6350,0.4302,0.2991,0.8030,0.4998,0.7006,0.4302,0.0737,0.4302,0.4998,0.4998,0.0737,0.1966,0.1557,0.2458,0.3580,0.5660,,0.2080,,63.25,19.40,,106.4,0.780,0.105,1.405
1791426835.7651536,0.4998,0.4998,0.7538,0.5695,0.3646,0.8440,0.4998,0.7006,0.4302,0.1966,0.3646,0.5695,0.6350,0.1557,0.1557,0.2458,0.2991,0.3600,0.5650,0.6870,0.2050,0.1220,63.45,19.81,,106.5,0.777,0.104,1.377
1791426835.798055,0.6350,0.4998,0.7006,0.4998,0.4998,0.7006,0.5695,0.6350,0.3646,0.1229,0.4302,0.6350,0.5695,0.0410,0.1229,0.1557,0.1557,0.3560,0.5540,0.6740,0.1980,0.1200,63.05,19.90,,107.0,0.813,0.105,1.430
1791426835.8366845,0.4998,0.7538,0.5695,0.4302,0.4998,0.2991,0.4998,0.7006,0.1966,0.0942,0.4302,0.6350,0.5695,0.2458,0.2458,0.1966,0.1966,0.3600,,0.6790,,,63.05,19.90,,107.0,,,
1791426835.8688695,0.4998,0.4998,0.5695,0.4998,0.4302,0.5695,0.4998,0.5695,0.7538,0.0942,0.4998,0.5695,0.5695,0.2458,0.2458,0.2458,0.2458,0.3600,0.5675,0.6830,0.2075,0.1155,62.66,19.84,,107.5,0.811,0.107,1.426
1791426835.9003136,0.4302,0.6350,0.6350,0.4302,0.4302,0.4998,0.7006,0.4998,0.3646,0.1229,0.3646,0.5695,0.5695,0.0574,0.1557,0.1557,0.0369,0.3590,0.5650,0.6880,0.2060,0.1230,61.69,19.97,,108.2,0.824,0.111,1.554
1791426835.9326277,0.6350,0.4302,0.5695,0.4998,0.4302,0.4998,0.6350,0.7006,0.7006,0.1557,0.3646,0.5695,0.6350,0.1557,0.1966,0.1557,0.2458,0.3600,0.5675,0.6850,0.2075,0.1175,61.75,19.99,,108.7,0.804,0.111,1.458
1791426835.9654982,0.4998,0.7538,0.8030,0.5695,0.4998,0.7006,0.4998,0.7006,0.2458,0.1229,0.3646,0.5695,0.5695,0.2458,0.2458,0.1966,0.1966,0.3590,0.5690,0.6860,0.2100,0.1170,61.51,20.17,,107.8,0.765,0.112,1.395
1791426835.998764,0.7538,0.7006,0.5695,0.4998,0.3646,0.6350,0.4998,0.4998,0.7538,0.1557,0.4998,0.5695,0.5695,0.1557,0.2991,0.2991,0.2458,0.3620,0.5665,0.6830,0.2045,0.1165,61.01,20.11,,108.0,0.804,0.114,1.474
1791426836.0314667,0.4302,0.3646,0.6350,0.6350,0.3646,0.5695,0.6350,0.7006,0.5695,0.1557,0.0737,0.6350,0.6350,0.2458,0.2458,0.2458,0.1557,0.3590,0.5705,0.6740,0.2115,0.1035,61.07,19.80,,107.8,0.774,0.115,
1791426836.0644367,0.5695,0.6350,0.5695,0.4998,0.3646,0.8440,0.5695,0.6350,0.7006,0.0942,0.2991,0.5695,0.5695,0.0574,0.1229,0.0574,0.0369,0.3620,0.5675,0.6870,0.2055,0.1195,60.81,19.95,,107.7,0.796,0.116,
1791426836.0979145,0.4302,0.7006,0.7538,0.5695,0.2458,0.7006,0.6350,0.7538,0.5695,0.0942,0.4302,0.7006,0.6350,0.0369,0.0737,0.0369,0.0574,0.3630,0.5695,0.6740,0.2065,0.1045,60.84,19.75,,107.6,0.763,0.116,1.369
1791426836.132174,0.6350,0.6350,0.6350,0.4302,0.4302,0.3646,0.4998,0.7538,0.7006,0.0737,0.0942,0.4998,0.5695,0.0737,0.0369,0.0410,0.0410,0.3640,0.5690,,0.2050,,60.32,19.69,,107.8,0.788,0.118,
1791426836.169611,0.4998,0.7538,0.7006,0.3646,0.3646,0.7538,0.6350,0.7006,0.4998,0.0737,0.2458,0.4998,0.4998,0.0369,0.0410,0.0574,0.1557,0.3650,0.5700,,0.2050,,59.91,19.54,,107.8,0.805,0.120,
1791426836.2010107,0.2458,0.4998,0.2991,0.4302,0.3646,0.7006,0.6350,0.4302,0.4998,0.0369,0.3646,0.4302,0.6350,0.0369,0.1229,0.1229,0.0737,,0.5700,,,,59.91,19.54,,107.7,0.815,0.120,
1791426836.2337413,0.8440,0.7538,0.5695,0.4998,0.3646,0.5695,0.7006,0.7006,0.1557,0.1229,0.0737,0.6350,0.6350,0.0737,0.1229,0.1557,0.1557,0.3660,0.5735,0.6740,0.2075,0.1005,60.04,19.20,,107.7,0.783,0.119,
1791426836.2658758,0.5695,0.5695,0.4998,0.5695,0.3646,0.7538,0.4998,0.6350,0.3646,0.1229,0.1966,0.5695,0.5695,0.1557,0.1229,0.0246,0.1966,0.3650,0.5735,0.6740,0.2085,0.1005,59.99,18.74,,108.7,0.825,0.120,
1791426836.299121,0.6350,0.4998,0.8030,0.7006,0.2458,0.5695,0.5695,0.7006,0.7006,0.1557,0.2991,0.6350,0.5695,0.1557,0.0205,0.2458,0.2991,0.3690,0.5735,0.6830,0.2045,0.1095,59.58,18.66,,108.5,0.825,0.121,
1791426836.332682,0.7006,0.6350,0.8030,0.4302,0.4998,0.7006,0.7538,0.8440,0.7538,0.0574,0.2458,0.6350,0.5695,0.1557,0.0410,0.1557,0.1557,0.3700,0.5760,0.6780,0.2060,0.1020,59.44,18.21,,109.3,0.860,0.122,
1791426836.3651187,0.4998,0.7006,0.7538,0.5695,0.2458,0.7538,0.6350,0.7006,0.6350,0.0410,0.2991,0.6350,0.6350,0.0369,0.1229,0.0164,0.0246,0.3700,0.5760,0.6770,0.2060,0.1010,59.51,18.05,,109.2,0.806,0.121,
1791426836.3986614,0.3646,0.6350,0.8030,0.5695,0.4302,0.8030,0.6350,0.7006,0.2991,0.0574,0.0942,0.5695,0.6350,0.0369,0.0082,0.0205,0.0410,0.3700,0.5730,0.6790,0.2030,0.1060,58.85,17.95,,108.5,0.839,0.124,
1791426836.4370427,0.6350,0.4998,0.5695,0.6350,0.4302,0.4998,0.5695,0.6350,0.7538,0.1557,0.1229,0.6350,0.5695,0.2991,0.1966,0.2458,0.2458,0.3710,0.5750,0.6740,0.2040,0.0990,58.77,17.77,,108.8,0.808,0.124,
1791426836.470368,0.5695,0.4302,0.8767,0.5695,0.2458,0.4998,0.6350,0.7006,0.4998,0.0737,0.1557,0.5695,0.6350,0.0574,0.0246,0.0574,0.1557,0.3690,0.5770,0.6740,0.2080,0.0970,58.65,17.61,,108.3,0.795,0.125,
1791426836.5003636,0.5695,0.5695,0.6350,0.5695,0.4302,0.6350,0.6350,0.8030,0.5695,0.0574,0.3646,0.7006,0.6350,0.0574,0.0205,0.1229,0.1229,0.3710,0.5725,0.6890,0.2015,0.1165,58.13,18.06,,108.2,0.807,0.127,1.518
1791426836.5322251,0.7006,0.7538,0.8440,0.5695,0.3646,0.4302,0.5695,0.6350,0.6350,0.0737,0.3646,0.4998,0.6350,0.1557,0.1229,0.1966,0.2458,0.3700,0.5750,,0.2050,,57.98,17.84,,108.9,0.852,0.128,1.549
1791426836.5656207,0.4998,0.5695,0.4998,0.4302,0.2991,0.8030,0.7006,0.8440,0.5695,0.0942,0.0942,0.6350,0.6350,0.0369,0.0737,0.1229,0.0246,0.3720,0.5770,0.6780,0.2050,0.1010,58.03,17.64,,109.0,0.835,0.128,
1791426836.5986972,0.6350,0.6350,0.8030,0.4998,0.1966,0.6350,0.6350,0.7006,0.6350,0.0369,0.0737,0.5695,0.6350,0.1557,0.1966,0.2458,0.2458,0.3730,0.5745,0.6870,0.2015,0.1125,57.81,17.79,,108.9,0.845,0.129,
1791426836.632248,0.5695,0.4998,0.8767,0.4998,0.4302,0.7006,0.7538,0.7006,0.7006,0.0410,0.0942,0.5695,0.6350,0.1966,0.1557,0.1557,0.1557,0.3720,0.5785,0.6740,0.2065,0.0955,58.43,17.34,,109.4,0.856,0.126,
1791426836.6657372,0.6350,0.5695,0.8440,0.4302,0.1966,0.6350,0.6350,0.8440,0.4302,0.0574,0.2991,0.6350,0.6350,0.2458,0.1557,0.1557,0.1557,0.3700,0.5790,0.6740,0.2090,0.0950,58.68,17.19,,110.0,0.799,0.125,
1791426836.7049937,0.7006,0.7006,0.8030,0.4302,0.3646,0.8767,0.5695,0.7538,0.5695,0.1966,0.0942,0.7006,0.7006,0.0410,0.0737,0.2458,0.2458,0.3700,0.5745,0.6860,0.2045,0.1115,58.69,17.39,,109.9,0.849,0.125,
1791426836.7365794,0.6350,0.8767,0.7538,0.4998,0.4302,0.8440,0.6350,0.5695,0.2991,0.2991,0.0574,0.7006,0.5695,0.0246,0.0205,0.0369,0.0369,0.3730,0.5760,0.6790,0.2030,0.1030,58.88,17.29,,110.4,0.849,0.124,
1791426836.767571,0.5695,0.8440,0.8440,0.3646,0.2991,0.7006,0.6350,0.7538,0.6350,0.1966,0.1557,0.6350,0.7006,0.0164,0.0574,0.1557,0.0410,0.3710,0.5770,0.6890,0.2060,0.1120,58.62,17.66,,109.4,0.805,0.125,
1791426836.7989702,0.4998,0.8440,0.5695,0.5695,0.4302,0.8030,0.5695,0.7538,0.6350,0.1557,0.0737,0.5695,0.6350,0.0246,0.0205,0.0246,0.0574,0.3730,0.5740,0.6880,0.2010,0.1140,58.37,17.84,,109.6,0.849,0.126,
1791426836.8326402,0.7006,0.8030,0.8030,0.6350,0.2458,0.8030,0.5695,0.4998,0.4302,0.2991,0.2458,0.4998,0.4998,0.0410,0.1966,0.1557,0.0410,0.3730,0.5795,,0.2065,,58.40,17.94,,110.3,0.780,0.126,
1791426836.866141,0.6350,0.9054,0.8030,0.4998,0.2458,0.7006,0.5695,0.7538,0.4302,0.0737,0.2458,0.5695,0.6350,0.0369,0.0410,0.0410,0.0410,0.3750,0.5770,0.6810,0.2020,0.1040,58.56,17.62,,111.4,0.881,0.125,
1791426836.8989437,0.6350,0.6350,0.4998,0.5695,0.4302,0.5695,0.6350,0.6350,0.7538,0.0574,0.4998,0.5695,0.6350,0.0369,0.0246,0.1966,0.0410,0.3750,0.5765,0.6880,0.2015,0.1115,58.41,17.86,,112.4,0.818,0.125,1.528
1791426836.9336693,0.3646,0.6350,0.4302,0.4998,0.2991,0.7538,0.6350,0.4998,0.6350,0.2458,0.3646,0.7006,0.6350,0.0737,0.0942,0.0369,0.0410,0.3750,0.5750,0.6890,0.2000,0.1140,58.13,18.04,,112.7,0.838,0.126,1.548
1791426836.971707,0.7006,0.5695,0.8440,0.4302,0.4302,0.6350,0.6350,0.8440,0.3646,0.0942,0.1229,0.7006,0.6350,0.0205,0.0369,0.0369,0.0737,0.3750,0.5770,0.6790,0.2020,0.1020,58.36,17.94,,113.1,0.809,0.125,
1791426837.0034225,0.7006,0.7538,0.8440,0.4302,0.2991,0.8030,0.4998,0.6350,0.3646,0.2458,0.4302,0.7006,0.6350,0.0410,0.0369,0.0246,0.0410,0.3750,0.5835,0.6740,0.2085,0.0905,59.04,17.72,,113.6,0.751,0.122,1.406
1791426837.035371,0.5695,0.6350,0.8030,0.4998,0.2991,0.8030,0.5695,0.7006,0.4302,0.1229,0.0942,0.6350,0.6350,0.0737,0.0574,0.0574,0.1557,0.3750,0.5805,0.6740,0.2055,0.0935,59.17,17.26,,115.1,0.846,0.122,
1791426837.066979,0.7006,0.7538,0.8440,0.4998,0.2991,0.7006,0.8030,0.7006,0.6350,0.2458,0.4998,0.7538,0.6350,0.0410,0.0410,0.0737,0.0737,0.3760,0.5795,0.6770,0.2035,0.0975,58.95,17.27,,115.2,0.781,0.123,1.526
1791426837.1001122,0.7006,0.8767,0.8767,0.5695,0.2991,0.8030,0.7006,0.7538,0.3646,0.0942,0.1557,0.6350,0.6350,0.0942,0.0737,0.0737,0.0942,0.3770,0.5845,0.6750,0.2075,0.0905,59.16,17.06,,115.9,0.781,0.122,
1791426837.1338189,0.4302,0.8030,0.6350,0.4998,0.2991,0.3646,0.7006,0.5695,0.4998,0.1966,0.0737,0.7006,0.6350,0.0737,0.0574,0.0574,0.1966,0.3760,0.5800,0.6880,0.2040,0.1080,58.50,17.29,,117.3,0.821,0.125,
1791426837.1665893,0.4998,0.9054,0.7006,0.4998,0.4302,0.8440,0.7006,0.7538,0.7006,0.0737,0.1229,0.7006,0.6350,0.0246,0.0369,0.1229,0.0737,0.3750,0.5775,0.6830,0.2025,0.1055,57.96,17.34,,118.5,0.835,0.128,
1791426837.2007704,0.5695,0.5695,0.8030,0.5695,0.3646,0.8767,0.5695,0.7006,0.5695,0.0737,0.0942,0.6350,0.6350,0.0574,0.0574,0.0574,0.0737,0.3780,0.5825,0.6740,0.2045,0.0915,57.70,17.13,,119.7,0.786,0.129,
1791426837.241228,0.4302,0.8030,0.6350,0.6350,0.1966,0.7006,0.6350,0.7006,0.7006,0.0737,0.0737,0.4302,0.6350,0.0574,0.0410,0.0942,0.0737,0.3780,0.5830,,0.2050,,57.69,16.93,,122.2,0.832,0.129,
1791426837.2729683,0.2991,0.7538,0.8030,0.5695,0.3646,0.3646,0.7006,0.7538,0.5695,0.2458,0.1557,0.6350,0.6350,0.1557,0.0205,0.0737,0.0410,,0.5820,0.6810,,0.0990,57.69,16.93,,124.8,0.877,0.129,
1791426837.3031332,0.4998,0.5695,0.7006,0.4302,0.2991,0.4998,0.3646,0.7538,0.7538,0.0942,0.0942,0.6350,0.5695,0.1557,0.0574,0.0246,0.0410,0.3810,0.5805,0.6880,0.1995,0.1075,57.00,17.15,,126.6,0.828,0.132,
1791426837.3352578,0.4302,0.8030,0.8030,0.4302,0.2991,0.4998,0.7538,0.8030,0.2991,0.0574,0.1229,0.6350,0.6350,0.0737,0.0369,0.0942,0.2458,0.3810,0.5805,0.6810,0.1995,0.1005,56.61,17.15,,126.6,0.814,0.134,
1791426837.3663955,0.7538,0.7538,0.8440,0.2991,0.4302,0.4998,0.6350,0.7538,0.6350,0.1557,0.1966,0.7538,0.7006,0.0737,0.0246,0.0942,0.0942,0.3810,0.5810,0.6910,0.2000,0.1100,56.18,17.52,,127.8,0.798,0.135,
1791426837.4008117,0.4998,0.7006,0.7538,0.4998,0.1966,0.3646,0.7006,0.7538,0.8030,0.1229,0.1557,0.6350,0.7006,0.0410,0.0410,0.0737,0.0574,0.3820,0.5840,0.6810,0.2020,0.0970,55.87,17.31,,129.0,0.818,0.137,
1791426837.4331555,0.5695,0.8030,0.6350,0.2458,0.1966,0.5695,0.6350,0.4998,0.5695,0.2458,0.1229,0.6350,0.6350,0.2458,0.0574,0.0737,0.1229,0.3830,0.5835,0.6860,0.2005,0.1025,55.48,17.31,,129.9,0.822,0.139,
1791426837.467715,0.4998,0.7538,0.8767,0.3646,0.2991,0.3646,0.4302,0.5695,0.5695,0.1229,0.1229,0.6350,0.5695,0.1557,0.0574,0.0369,0.0410,0.3830,0.5810,0.6800,0.1980,0.0990,54.86,16.97,,131.2,0.882,0.141,
1791426837.500455,0.5695,0.5695,0.7538,0.2458,0.1557,0.4302,0.6350,0.6350,0.4998,0.1557,0.1557,0.7538,0.6350,0.0123,0.0410,0.0410,0.0737,0.3860,0.5850,0.6740,0.1990,0.0890,54.64,16.59,,131.9,0.829,0.142,
1791426837.5400188,0.4998,0.5695,0.5695,0.3646,0.2458,0.8030,0.7006,0.7538,0.5695,0.1966,0.0942,0.6350,0.7006,0.0246,0.0737,0.0369,0.0574,0.3870,0.5850,0.6790,0.1980,0.0940,54.12,16.35,,132.0,0.852,0.145,
1791426837.571125,0.4998,0.8030,0.7538,0.3646,0.3646,0.4302,0.7006,0.7006,0.4302,0.0942,0.1229,0.5695,0.6350,0.1229,0.0410,0.0942,0.1229,0.3870,0.5920,0.6800,0.2050,0.0880,54.61,16.20,,132.0,0.790,0.143,
1791426837.6044703,0.4998,0.7006,0.4302,0.4998,0.7006,0.6350,0.7006,0.7538,0.5695,0.1229,0.3646,0.7538,0.6350,0.0410,0.0574,0.1966,0.0737,0.3920,0.5840,0.6760,0.1920,0.0920,53.99,16.01,,132.6,0.842,0.145,1.637
1791426837.635878,0.7006,0.7538,0.7006,0.4302,0.1966,0.7006,0.7006,0.8030,0.2991,0.1229,0.1966,0.7006,0.6350,0.0205,0.0942,0.1229,0.0737,0.3930,0.5895,0.6900,0.1965,0.1005,54.13,16.21,,133.0,0.822,0.144,
1791426837.6668065,0.4998,0.4998,0.4998,0.4998,0.4302,0.5695,0.6350,0.7006,0.7006,0.0942,0.1966,0.6350,0.6350,0.0942,0.0942,0.0942,0.0574,0.3940,0.5865,0.6800,0.1925,0.0935,53.72,16.23,,132.5,0.798,0.145,
1791426837.7005472,0.3646,0.4302,0.7538,0.4998,0.2458,0.7538,0.7538,0.8030,0.6350,0.1966,0.1966,0.6350,0.5695,0.0246,0.0574,0.0737,0.0737,0.3940,0.5895,0.6770,0.1955,0.0875,53.43,15.95,,132.3,0.828,0.146,
1791426837.7342398,0.6350,0.8030,0.7538,0.4998,0.4998,0.7006,0.7006,0.7006,0.5695,0.1557,0.1229,0.6350,0.6350,0.0574,0.0369,0.1229,0.0737,0.3940,0.5845,0.6780,0.1905,0.0935,52.83,15.92,,131.3,0.825,0.148,
1791426837.767793,0.8030,0.8440,0.4998,0.4302,0.5695,0.4998,0.6350,0.7538,0.3646,0.1229,0.1229,0.6350,0.7006,0.0410,0.0574,0.1229,0.1557,0.3950,0.5920,0.6870,0.1970,0.0950,52.96,15.86,,131.0,0.849,0.148,
1791426837.8010695,0.4998,0.8440,0.9054,0.7006,0.2458,0.7006,0.6350,0.6350,0.2991,0.1229,0.1229,0.5695,0.7006,0.0942,0.0737,0.0737,0.0942,0.3980,0.5900,0.7030,0.1920,0.1130,52.89,16.42,,131.3,0.839,0.148,
1791426837.8405232,0.6350,0.8767,0.5695,0.4302,0.2458,0.7006,0.7538,0.7538,0.7538,0.6350,0.1966,0.6350,0.6350,0.0410,0.1557,0.1229,0.0942,0.3980,0.5930,0.6850,0.1950,0.0920,53.13,16.32,171.1,131.2,0.807,0.146,1.423
1791426837.8713665,0.6350,0.6350,0.8440,0.4302,0.2991,0.6350,0.7006,0.8030,0.3646,0.1966,0.1229,0.7006,0.6350,0.0574,0.0246,0.0369,0.1229,0.3970,0.5930,0.6800,0.1960,0.0870,53.33,16.00,171.1,131.4,0.829,0.145,
1791426837.9029236,0.6350,0.5695,0.8030,0.4998,0.3646,0.4302,0.7006,0.8030,0.6350,0.1557,0.1966,0.7006,0.7006,0.0246,0.0737,0.0410,0.1229,0.3970,0.5915,0.6940,0.1945,0.1025,53.19,16.19,171.5,131.5,0.841,0.146,
1791426837.9353926,0.4998,0.8030,0.4998,0.4302,0.3646,0.6350,0.4302,0.7006,0.4998,0.1557,0.2458,0.7006,0.6350,0.1557,0.0942,0.0942,0.0942,0.3950,0.5900,0.6840,0.1950,0.0940,53.25,16.05,171.7,131.3,0.849,0.146,
1791426837.9671965,0.4998,0.6350,0.7538,0.4998,0.2458,0.7006,0.6350,0.7006,0.7006,0.1229,0.0942,0.7006,0.6350,0.0574,0.0574,0.0737,0.0942,0.3960,0.5945,0.6950,0.1985,0.1005,53.50,16.12,171.3,131.2,0.853,0.145,
1791426838.0017755,0.7006,0.8030,0.6350,0.4302,0.3646,0.8030,0.7538,0.7538,0.5695,0.2458,0.1557,0.6350,0.6350,0.0737,0.1229,0.0942,0.1229,0.3950,0.5960,0.6830,0.2010,0.0870,54.25,15.95,170.7,130.7,0.799,0.142,
1791426838.0358903,0.7538,0.7006,0.5695,0.5695,0.6350,0.6350,0.7006,0.8440,0.6350,0.1229,0.4302,0.7006,0.7006,0.0574,0.1229,0.1557,0.1229,0.3950,0.5905,0.7070,0.1955,0.1165,54.24,16.71,169.6,130.6,0.811,0.142,1.586
1791426838.0759711,0.6350,0.8030,0.9259,0.4302,0.2991,0.7006,0.5695,0.8440,0.5695,0.0574,0.1557,0.6350,0.7006,0.1229,0.0942,0.0574,0.0737,0.3940,0.5870,0.6900,0.1930,0.1030,53.84,16.57,168.9,130.7,0.894,0.143,
1791426838.1079116,0.7538,0.8030,0.8030,0.3646,0.1557,0.7006,0.4302,0.8440,0.5695,0.0942,0.1229,0.5695,0.7006,0.0737,0.0737,0.0369,0.0737,0.3930,0.5880,0.6950,0.1950,0.1070,54.13,16.65,168.4,130.3,0.878,0.141,
1791426838.1390102,0.5695,0.4998,0.7006,0.4998,0.3646,0.7006,0.7006,0.8030,0.7538,0.2991,0.0574,0.6350,0.7006,0.0369,0.0737,0.0737,0.0942,0.3910,0.5895,0.6950,0.1985,0.1055,54.35,16.73,167.7,129.6,0.860,0.141,
1791426838.1696916,0.5695,0.4998,0.6350,0.4998,0.3646,0.6350,0.6350,0.7006,0.6350,0.1229,0.1229,0.7006,0.6350,0.0574,0.0737,0.0942,0.0574,0.3900,0.5880,0.6980,0.1980,0.1100,54.30,16.96,166.8,130.1,0.853,0.141,
1791426838.201421,0.5695,0.5695,0.7006,0.4302,0.4302,0.7538,0.6350,0.8030,0.4998,0.3646,0.1966,0.7006,0.6350,0.0205,0.0205,0.0369,0.0574,0.3920,0.5945,0.7050,0.2025,0.1105,55.19,17.32,165.3,130.1,0.812,0.138,1.343
1791426838.2344918,0.4998,0.5695,0.8030,0.4302,0.1966,0.8030,0.7006,0.6350,0.5695,0.1966,0.0942,0.6350,0.5695,0.0205,0.0369,0.1557,0.0737,0.3860,0.5845,0.6810,0.1985,0.0965,54.70,17.05,164.0,129.9,0.842,0.140,
1791426838.2682512,0.4998,0.9054,0.6350,0.6350,0.2458,0.7006,0.7538,0.7538,0.5695,0.0574,0.1557,0.4998,0.6350,0.0574,0.0205,0.0246,0.0369,0.3840,0.5850,,0.2010,,54.89,17.08,163.4,129.5,0.870,0.140,
1791426838.3009264,0.4302,0.5695,0.7538,0.3646,0.2458,0.6350,0.7006,0.7006,0.4998,0.1557,0.0942,0.5695,0.6350,0.0369,0.0410,0.1966,0.1966,0.3830,0.5850,0.6860,0.2020,0.1010,55.25,16.97,163.5,129.5,0.853,0.138,
1791426838.3341691,0.5695,0.5695,0.4998,0.4302,0.1966,0.7538,0.4998,0.7006,0.5695,0.0737,0.1229,0.7006,0.5695,0.0246,0.0574,0.0246,0.0369,0.3810,0.5870,0.6820,0.2060,0.0950,55.84,16.88,162.3,128.3,0.802,0.136,
1791426838.3682067,0.5695,0.8767,0.7538,0.4998,0.2458,0.8030,0.5695,0.8030,0.5695,0.2458,0.0737,0.6350,0.6350,0.0737,0.0410,0.0205,0.0369,0.3800,0.5815,0.6790,0.2015,0.0975,55.68,16.74,161.7,128.1,0.839,0.137,
1791426838.4072487,0.8030,0.8030,0.5695,0.4302,0.2458,0.8030,0.7006,0.7006,0.4998,0.0574,0.0737,0.6350,0.5695,0.0574,0.0574,0.0410,0.0574,0.3790,0.5850,0.6760,0.2060,0.0910,56.53,16.28,160.5,128.0,0.881,0.133,
1791426838.4381115,0.6350,0.7538,0.7006,0.5695,0.4302,0.5695,0.7006,0.7006,0.5695,0.1557,0.0942,0.5695,0.6350,0.0574,0.0164,0.1557,0.1229,0.3830,0.5780,0.6830,0.1950,0.1050,56.54,16.42,160.1,128.6,0.859,0.132,
1791426838.4689617,0.7006,0.4998,0.5695,0.5695,0.2458,0.7538,0.6350,0.7006,0.3646,0.1557,0.0574,0.7006,0.6350,0.0942,0.0205,0.0369,0.0574,0.3780,0.5780,0.6760,0.2000,0.0980,56.85,16.50,159.9,128.4,0.810,0.131,
1791426838.5012622,0.5695,0.5695,0.5695,0.4302,0.2458,0.6350,0.6350,0.7006,0.4302,0.2458,0.0942,0.6350,0.6350,0.0574,0.0737,0.0574,0.0942,0.3740,0.5755,0.6820,0.2015,0.1065,56.91,16.79,160.1,128.2,0.821,0.131,
1791426838.5353162,0.6350,0.5695,0.5695,0.5695,0.4302,0.4302,0.4998,0.4998,0.6350,0.0942,0.0574,0.5695,0.6350,0.0574,0.0246,0.0410,0.1557,0.3750,0.5740,0.6940,0.1990,0.1200,57.74,17.55,160.0,127.3,0.795,0.126,
1791426838.5680838,0.7006,0.7006,0.6350,0.3646,0.1966,0.7538,0.5695,0.7006,0.4998,0.0942,0.1966,0.7006,0.5695,0.0410,0.0574,0.0246,0.0574,0.3720,0.5710,0.6780,0.1990,0.1070,57.49,17.72,158.6,,0.802,0.127,
1791426838.6009808,0.4302,0.8030,0.8767,0.4302,0.4302,0.5695,0.6350,0.6350,0.4998,0.1229,0.1229,0.5695,0.5695,0.0164,0.0942,0.0410,0.0369,0.3700,0.5735,0.6800,0.2035,0.1065,58.17,17.73,155.6,,0.831,0.125,
1791426838.6351268,0.6350,0.6350,0.8030,0.4998,0.3646,0.3646,0.6350,0.5695,0.4998,0.2458,0.0737,0.5695,0.6350,0.0737,0.0369,0.0369,0.0410,0.3690,0.5730,0.6830,0.2040,0.1100,59.19,17.86,156.4,,0.828,0.120,
1791426838.6755388,0.5695,0.5695,0.6350,0.5695,0.2991,0.2991,0.6350,0.6350,0.5695,0.0942,0.2458,0.4998,0.5695,0.0574,0.0369,0.1966,0.0737,0.3670,,,,,59.19,17.86,156.4,,,,
1791426838.7061207,0.7006,0.4998,0.6350,0.4998,0.4302,0.7006,0.4302,0.8440,0.5695,0.0942,0.0410,0.4302,0.6350,0.0574,0.0410,0.0574,0.1229,0.3660,0.5715,,0.2055,,59.75,18.17,157.3,,0.788,0.118,
1791426838.7395375,0.3646,0.5695,0.5695,0.5695,0.4998,0.8030,0.7006,0.7006,0.3646,0.1229,0.3646,0.6350,0.6350,0.0369,0.0574,0.0410,0.1229,0.3650,0.5735,0.6830,0.2085,0.1095,60.62,18.42,,126.3,0.776,0.115,1.445
1791426838.769976,0.6350,0.7006,0.7006,0.4998,0.8030,0.6350,0.5695,0.7538,0.4302,0.0574,0.0942,0.6350,0.5695,0.0942,0.1229,0.0410,0.0574,0.3650,0.5695,0.6730,0.2045,0.1035,61.10,18.47,,126.7,0.766,0.112,
1791426838.8015895,0.7006,0.8767,0.5695,0.4998,0.2991,0.6350,0.7006,0.7006,0.6350,0.1229,0.0942,0.7006,0.6350,0.0369,0.0942,0.0574,0.0942,0.3620,0.5690,0.6770,0.2070,0.1080,61.50,18.60,,126.8,0.777,0.111,
1791426838.8364615,0.4998,0.9054,0.7006,0.4998,0.4998,0.5695,0.7006,0.7006,0.6350,0.0737,0.0737,0.5695,0.5695,0.0737,0.0369,0.0410,0.0942,0.3630,0.5670,0.6740,0.2040,0.1070,61.52,18.37,,127.4,0.849,0.111,
1791426838.8679626,0.4302,0.8440,0.8767,0.4998,0.4302,0.7538,0.2991,0.7006,0.4302,0.1557,0.0942,0.6350,0.5695,0.0574,0.0369,0.0737,0.1966,0.3600,,0.6770,,,61.52,18.37,,127.4,,,
1791426838.9024465,0.5695,0.8030,0.8440,0.5695,0.4998,0.4302,0.7006,0.8030,0.6350,0.0737,0.1557,0.5695,0.6350,0.0737,0.0574,0.0410,0.0574,0.3580,0.5660,0.6760,0.2080,0.1100,61.80,18.50,,127.3,0.797,0.110,
1791426838.9351742,0.4998,0.7538,0.7006,0.5695,0.4998,0.7006,0.4998,0.6350,0.5695,0.0369,0.0574,0.4998,0.5695,0.0410,0.0574,0.0410,0.1557,0.3580,0.5690,,0.2110,,62.42,18.83,,126.0,0.741,0.108,
1791426838.9743717,0.5695,0.6350,0.5695,0.4998,0.4302,0.5695,0.5695,0.5695,0.3646,0.2991,0.4302,0.5695,0.5695,0.0246,0.0246,0.0410,0.0574,0.3580,0.5630,0.6640,0.2050,0.1010,62.81,18.71,,126.0,0.767,0.106,1.490
1791426839.0067775,0.6350,0.7006,0.5695,0.4998,0.4998,0.4998,0.5695,0.6350,0.2458,0.4302,0.1557,0.6350,0.6350,0.1229,0.0737,0.0737,0.1966,0.3560,0.5640,0.6790,0.2080,0.1150,63.23,19.13,153.9,125.0,0.754,0.104,1.223
1791426839.0377326,0.3646,0.4998,0.5695,0.4998,0.4998,0.8030,0.6350,0.6350,0.6350,0.0737,0.3646,0.7006,0.5695,0.0737,0.0737,0.0942,0.1557,0.3550,0.5590,0.6610,0.2040,0.1020,62.96,18.91,154.7,125.9,0.785,0.105,1.513
1791426839.069382,0.5695,0.4998,0.6350,0.6350,0.4302,0.5695,0.6350,0.4998,0.5695,0.1557,0.0737,0.6350,0.5695,0.0369,0.0410,0.0737,0.1557,0.3550,0.5630,0.6650,0.2080,0.1020,63.11,18.96,153.5,124.5,0.732,0.105,
1791426839.1016035,0.8030,0.4998,0.7538,0.5695,0.5695,0.5695,0.6350,0.7538,0.6350,0.1229,0.0737,0.6350,0.4302,0.0246,0.0369,0.0737,0.1966,0.3530,0.5605,,0.2075,,63.31,19.07,152.4,125.5,0.783,0.104,
1791426839.1346703,0.7006,0.6350,0.7538,0.2991,0.4998,0.7006,0.5695,0.8440,0.4998,0.0737,0.1229,0.6350,0.5695,0.0737,0.0942,0.0574,0.1557,0.3520,0.5605,0.6580,0.2085,0.0975,63.69,18.95,152.2,123.9,0.732,0.102,
1791426839.1678483,0.4998,0.7538,0.6350,0.4998,0.3646,0.4302,0.7538,0.6350,0.5695,0.0737,0.1557,0.5695,0.5695,0.0410,0.0737,0.0574,0.1557,0.3540,0.5615,0.6670,0.2075,0.1055,63.81,18.95,151.9,123.6,0.769,0.102,
1791426839.202155,0.5695,0.5695,0.4302,0.6350,0.2458,0.6350,0.6350,0.7006,0.4302,0.0737,0.2991,0.4998,0.5695,0.0942,0.0574,0.0574,0.0246,0.3550,0.5610,,0.2060,,64.21,19.11,151.1,123.7,0.748,0.100,
1791426839.2352166,0.5695,0.6350,0.6350,0.4998,0.2458,0.4998,0.4998,0.6350,0.6350,0.1966,0.1229,0.5695,0.5695,0.0205,0.0246,0.0737,0.1966,0.3550,0.5585,0.6510,0.2035,0.0925,63.97,18.76,150.6,124.0,0.741,0.101,
1791426839.2692444,0.7006,0.7006,0.6350,0.3646,0.4302,0.4998,0.7006,0.7006,0.2458,0.0737,0.0942,0.6350,0.5695,0.0574,0.0410,0.1229,0.0942,0.3500,0.5600,0.6640,0.2100,0.1040,63.67,18.94,152.4,123.5,0.727,0.102,
1791426839.3062346,0.4302,0.5695,0.7538,0.4998,0.1557,0.4998,0.5695,0.7538,0.3646,0.0574,0.0410,0.6350,0.5695,0.0942,0.0942,0.0410,0.1557,0.3510,0.5565,0.6590,0.2055,0.1025,63.22,18.85,149.9,123.0,0.766,0.104,
1791426839.3384988,0.4998,0.6350,0.4302,0.5695,0.4302,0.5695,0.6350,0.8440,0.4998,0.1557,0.0737,0.6350,0.6350,0.1557,0.0246,0.1557,0.2458,0.3500,0.5550,0.6420,0.2050,0.0870,63.20,18.42,152.2,122.8,0.729,0.104,
1791426839.369343,0.5695,0.6350,0.6350,0.2991,0.3646,0.4998,0.5695,0.8030,0.3646,0.1966,0.0942,0.7006,0.6350,0.0369,0.0246,0.0942,0.1966,0.3510,0.5545,0.6630,0.2035,0.1085,62.99,18.58,151.8,122.4,0.780,0.105,
1791426839.4016678,0.5695,0.7006,0.4302,0.4302,0.4302,0.7006,0.5695,0.6350,0.4998,0.0942,0.1966,0.5695,0.5695,0.0737,0.0942,0.1229,0.1966,0.3470,0.5550,0.6560,0.2080,0.1010,62.73,18.66,152.2,122.1,0.733,0.106,
1791426839.4352455,0.7538,0.7006,0.5695,0.4302,0.2458,0.7538,0.4998,0.7006,0.5695,0.0574,0.2991,0.5695,0.5695,0.0737,0.0246,0.0574,0.0942,0.3450,0.5525,0.6650,0.2075,0.1125,62.58,18.97,153.7,122.8,0.765,0.107,
1791426839.4700236,0.3646,0.6350,0.6350,0.6350,0.4302,0.4302,0.5695,0.5695,0.6350,0.1557,0.0574,0.6350,0.4998,0.0942,0.0737,0.0574,0.0942,0.3450,0.5525,,0.2075,,62.81,18.91,153.4,122.6,0.798,0.106,
1791426839.5036047,0.5695,0.8030,0.7006,0.4998,0.2991,0.5695,0.4998,0.7006,0.3646,0.0737,0.1557,0.3646,0.2991,0.1557,0.0164,0.0369,0.0942,0.3430,0.5530,,0.2100,,63.14,19.10,155.2,122.5,,0.105,
1791426839.5437756,0.4998,0.5695,0.4998,0.4998,0.4302,0.7006,0.7006,0.5695,0.4998,0.0942,0.4302,0.4998,0.5695,0.0574,0.0574,0.1557,0.0737,0.3420,0.5465,,0.2045,,62.72,19.35,,121.2,0.768,0.107,1.412
1791426839.5742202,0.5695,0.7006,0.7006,0.4302,0.4302,0.7006,0.7538,0.7006,0.2991,0.1229,0.0737,0.5695,0.5695,0.0246,0.0574,0.0574,0.0942,0.3400,0.5480,0.6630,0.2080,0.1150,63.14,19.82,,118.9,0.720,0.105,
1791426839.6062887,0.7538,0.6350,0.6350,0.5695,0.4302,0.7538,0.6350,0.5695,0.5695,0.0737,0.2991,0.4998,0.5695,0.0574,0.0574,0.0410,0.1966,0.3370,0.5435,,0.2065,,62.59,20.08,,119.8,0.761,0.107,
1791426839.6375966,0.7006,0.7538,0.8440,0.4998,0.3646,0.7006,0.6350,0.7538,0.2458,0.0737,0.0574,0.6350,0.4998,0.0574,0.0737,0.0574,0.0942,0.3360,0.5435,,0.2075,,62.81,20.15,,119.8,0.789,0.106,
1791426839.669122,0.4998,0.7006,0.8030,0.4998,0.4302,0.6350,0.6350,0.7006,0.4302,0.2458,0.2458,0.5695,0.6350,0.0737,0.0942,0.0574,0.1966,0.3330,0.5380,0.6690,0.2050,0.1310,62.76,20.75,,119.6,0.768,0.106,
1791426839.7020442,0.7006,0.5695,0.6350,0.4998,0.4302,0.4998,0.7006,0.7538,0.5695,0.0942,0.0737,0.6350,0.7006,0.0737,0.0942,0.0737,0.1229,0.3310,0.5380,0.6600,0.2070,0.1220,63.48,20.92,,119.6,0.771,0.103,
1791426839.7354915,0.7006,0.6350,0.8030,0.5695,0.5695,0.8030,0.6350,0.6350,0.4302,0.2991,0.2991,0.5695,0.5695,0.0410,0.0164,0.0410,0.1557,0.3310,0.5345,0.6760,0.2035,0.1415,63.48,21.91,,119.0,0.728,0.103,
1791426839.769385,0.4998,0.7538,0.8030,0.4302,0.4998,0.7006,0.6350,0.5695,0.4302,0.0574,0.1557,0.5695,0.5695,0.0410,0.0369,0.0410,0.1229,0.3320,0.5325,0.6730,0.2005,0.1405,63.66,22.57,,118.7,0.747,0.101,
1791426839.8024077,0.7006,0.6350,0.5695,0.6350,0.2991,0.7538,0.7538,0.7538,0.3646,0.2458,0.0942,0.5695,0.5695,0.0410,0.0942,0.0737,0.1229,0.3330,0.5330,0.6720,0.2000,0.1390,63.91,22.97,,118.3,0.761,0.100,
1791426839.8354378,0.3646,0.6350,0.7006,0.4998,0.2458,0.5695,0.5695,0.7006,0.6350,0.0737,0.0737,0.5695,0.5695,0.1229,0.0410,0.2991,0.0942,0.3310,0.5340,0.6600,0.2030,0.1260,64.61,23.04,,117.8,0.731,0.097,
1791426839.8690176,0.4998,0.7006,0.5695,0.4998,0.3646,0.8440,0.6350,0.6350,0.4998,0.1229,0.1229,0.6350,0.4998,0.0369,0.0369,0.0737,0.0942,0.3300,0.5340,,0.2040,,65.15,23.44,,116.3,0.703,0.094,
1791426839.9062488,0.5695,0.7006,0.6350,0.2991,0.1966,0.2458,0.6350,0.5695,0.6350,0.1229,0.1557,0.4998,0.4302,0.2458,0.0942,0.2458,0.0942,0.3300,,,,,65.15,23.44,,116.3,,,
1791426839.9386756,0.7006,0.6350,0.7538,0.6350,0.2991,0.6350,0.5695,0.6350,0.5695,0.2991,0.0737,0.6350,0.4302,0.1229,0.0942,0.2458,0.0737,0.3290,0.5285,,0.1995,,65.63,23.97,,114.4,0.700,0.092,
1791426839.9702046,0.7006,0.7538,0.7538,0.4302,0.2991,0.6350,0.4998,0.6350,0.4302,0.2991,0.0737,0.4998,0.4302,0.0574,0.0942,0.0737,0.1229,0.3280,0.5250,,0.1970,,66.05,24.05,,114.9,0.780,0.090,
1791426840.002069,0.4302,0.7006,0.5695,0.4998,0.3646,0.7538,0.4998,0.5695,0.7006,0.0942,0.0410,0.3646,0.3646,0.0246,0.0410,0.2458,0.1966,0.3290,0.5265,,0.1975,,66.74,24.50,,110.7,0.703,0.086,
1791426840.0357912,0.7538,0.6350,0.6350,0.4302,0.4302,0.3646,0.6350,0.6350,0.1557,0.3646,0.1557,0.5695,0.4302,0.0574,0.0942,0.2991,0.2458,0.3290,0.5245,,0.1955,,67.28,25.05,157.7,110.5,0.685,0.084,1.166
1791426840.0696642,0.6350,0.7006,0.5695,0.3646,0.2991,0.7538,0.4998,0.6350,0.5695,0.2991,0.1229,0.4998,0.4998,0.2458,0.0574,0.2458,0.1557,0.3290,0.5250,,0.1960,,67.79,25.25,157.8,,0.720,0.081,
1791426840.1022646,0.4302,0.7538,0.4998,0.4998,0.2458,0.8030,0.5695,0.5695,0.4998,0.2458,0.0737,0.3646,0.3646,0.2458,0.0246,0.1557,0.0942,0.3290,0.5225,,0.1935,,67.90,25.39,157.7,,0.738,0.080,
1791426840.1354387,0.2991,0.6350,0.4998,0.4302,0.3646,0.7006,0.3646,0.6350,0.3646,0.0737,0.1229,0.4998,0.1557,0.0737,0.0369,0.1557,0.1229,,0.5230,,,,67.90,25.39,156.5,,,0.080,
1791426840.1699324,0.4302,0.8030,0.7538,0.4998,0.1966,0.6350,0.5695,0.4998,0.4302,0.0574,0.1229,0.4998,0.2991,0.0369,0.0574,0.0410,0.0574,0.3290,0.5245,,0.1955,,68.37,25.61,153.4,,,0.078,
1791426840.2065825,0.6350,0.7006,0.4998,0.6350,0.1966,0.8030,0.6350,0.6350,0.2991,0.1557,0.0942,0.4302,0.3646,0.1557,0.0737,0.1966,0.3646,0.3290,0.5225,,0.1935,,68.28,25.65,155.0,,0.742,0.078,
1791426840.2389414,0.5695,0.5695,0.6350,0.4302,0.3646,0.8030,0.7006,0.5695,0.3646,0.2458,0.0942,0.5695,0.4998,0.0737,0.0737,0.0410,0.0942,0.3280,0.5260,,0.1980,,68.04,25.73,156.1,,0.717,0.079,
1791426840.2692366,0.5695,0.7006,0.7538,0.4998,0.4302,0.7538,0.7006,0.6350,0.4998,0.0574,0.0410,0.4302,0.2991,0.0574,0.0942,0.0369,0.0737,0.3260,0.5230,,0.1970,,67.56,25.81,153.6,,,0.081,
1791426840.3024476,0.3646,0.7006,0.5695,0.4998,0.4998,0.7006,0.5695,0.4998,0.4302,0.2458,0.2991,0.6350,0.5695,0.0737,0.1229,0.0574,0.1229,0.3270,0.5280,0.6570,0.2010,0.1290,67.98,25.60,155.4,,0.701,0.080,
1791426840.336291,0.4998,0.7006,0.6350,0.4998,0.2991,0.7538,0.5695,0.6350,0.6350,0.0737,0.2458,0.4998,0.5695,0.0369,0.0942,0.2458,0.2991,0.3260,0.5225,,0.1965,,67.71,25.62,155.5,,0.736,0.081,
1791426840.3696167,0.4998,0.8030,0.5695,0.4998,0.3646,0.7006,0.4998,0.6350,0.5695,0.4302,0.2991,0.4302,0.4302,0.0246,0.0942,0.1966,0.0737,0.3260,0.5260,,0.2000,,67.91,25.77,156.4,,0.697,0.080,1.119
1791426840.4036665,0.7538,0.9054,0.4998,0.6350,0.2991,0.6350,0.5695,0.6350,0.2458,0.1966,0.2991,0.5695,0.4998,0.2458,0.0574,0.2991,0.0737,0.3260,0.5220,,0.1960,,67.12,25.66,157.7,,0.753,0.083,
1791426840.4428236,0.5695,0.8767,0.5695,0.7006,0.4998,0.4998,0.6350,0.4998,0.4302,0.1966,0.0737,0.5695,0.3646,0.1966,0.0369,0.1557,0.2458,0.3290,0.5235,,0.1945,,66.47,25.71,157.5,,0.725,0.086,
1791426840.474116,0.3646,0.4998,0.5695,0.4998,0.4998,0.6350,0.5695,0.7006,0.3646,0.0737,0.0942,0.5695,0.5695,0.0410,0.0574,0.1966,0.1229,0.3270,0.5250,0.6630,0.1980,0.1380,66.60,25.45,157.1,,0.759,0.085,
1791426840.505226,0.4302,0.6350,0.5695,0.4302,0.1557,0.7006,0.4302,0.2458,0.2991,0.2458,0.2991,0.4302,0.4302,0.2991,0.0574,0.2458,0.2458,0.3280,0.5295,,0.2015,,67.58,25.48,157.5,,0.701,0.082,
1791426840.537298,0.4998,0.5695,0.7538,0.4302,0.2991,0.3646,0.4998,0.5695,0.6350,0.0942,0.0574,0.4998,0.4998,0.0246,0.0737,0.1966,0.0942,0.3280,0.5280,,0.2000,,67.78,25.37,156.9,,0.731,0.081,
1791426840.5702069,0.6350,0.4998,0.7538,0.4302,0.2458,0.7538,0.3646,0.5695,0.4998,0.0574,0.0942,0.3646,0.1966,0.0942,0.0205,0.2458,0.0737,0.3280,0.5280,,0.2000,,67.40,25.39,156.2,,,0.083,
1791426840.603008,0.3646,0.4998,0.8030,0.5695,0.2991,0.7006,0.4998,0.6350,0.2991,0.2458,0.3646,0.4998,0.3646,0.0574,0.0574,0.0369,0.1966,0.3280,0.5265,,0.1985,,67.27,25.25,157.4,110.6,0.747,0.083,1.328
1791426840.6367724,0.4998,0.6350,0.7538,0.4302,0.1557,0.6350,0.4998,0.6350,0.4302,0.0574,0.4302,0.4998,0.6350,0.0574,0.0246,0.2991,0.1229,0.3280,0.5285,,0.2005,,67.23,25.30,156.4,111.2,0.711,0.084,1.283
1791426840.6702728,0.5695,0.6350,0.8030,0.4998,0.4998,0.7006,0.4302,0.7006,0.4302,0.1966,0.0942,0.6350,0.5695,0.2458,0.0574,0.1966,0.1229,0.3280,0.5285,0.6570,0.2005,0.1285,66.87,25.35,156.3,112.4,0.671,0.085,
1791426840.7033033,0.4998,0.5695,0.7538,0.4998,0.3646,0.5695,0.6350,0.6350,0.6350,0.4302,0.3646,0.5695,0.5695,0.0164,0.0574,0.1966,0.1229,0.3280,0.5275,0.6630,0.1995,0.1355,66.48,25.29,156.3,113.6,0.725,0.087,1.213
1791426840.7369745,0.7006,0.6350,0.6350,0.7006,0.4998,0.7006,0.5695,0.6350,0.4302,0.2458,0.3646,0.4998,0.4302,0.0737,0.0410,0.1557,0.0737,0.3280,0.5275,,0.1995,,65.93,25.42,157.1,113.7,0.694,0.089,1.302
1791426840.7754843,0.5695,0.5695,0.7538,0.6350,0.2991,0.7006,0.5695,0.6350,0.5695,0.2458,0.0942,0.5695,0.5695,0.0737,0.0246,0.0574,0.0737,0.3280,0.5270,0.6630,0.1990,0.1360,65.15,25.11,157.2,113.5,0.767,0.092,
1791426840.8074741,0.8030,0.4998,0.6350,0.6350,0.3646,0.7538,0.4998,0.6350,0.3646,0.0574,0.0574,0.4302,0.5695,0.0410,0.0942,0.1557,0.2458,0.3290,0.5280,,0.1990,,65.21,25.09,158.5,114.1,0.721,0.092,
1791426840.838584,0.7006,0.4302,0.8030,0.4998,0.2991,0.6350,0.5695,0.6350,0.5695,0.0942,0.3646,0.4998,0.6350,0.0737,0.0942,0.2991,0.1966,0.3290,0.5275,,0.1985,,64.75,24.90,156.2,114.8,0.754,0.094,1.352
1791426840.870207,0.6350,0.5695,0.8030,0.5695,0.1557,0.6350,0.6350,0.6350,0.4998,0.2991,0.4302,0.6350,0.6350,0.0574,0.0737,0.1966,0.0737,0.3280,0.5290,0.6630,0.2010,0.1340,64.36,24.77,156.3,115.5,0.742,0.096,1.359
1791426840.9034214,0.4302,0.7538,0.7538,0.5695,0.2991,0.5695,0.5695,0.7006,0.4998,0.0737,0.2991,0.5695,0.6350,0.0410,0.0410,0.1966,0.0737,0.3280,0.5285,0.6630,0.2005,0.1345,63.87,24.52,156.8,117.2,0.771,0.098,
1791426840.9377909,0.6350,0.8030,0.7006,0.6350,0.2991,0.7538,0.6350,0.7006,0.4302,0.2991,0.0574,0.4998,0.5695,0.0737,0.0574,0.1557,0.0574,0.3280,0.5280,,0.2000,,63.60,24.30,156.9,117.0,0.777,0.099,
1791426840.970416,0.7538,0.6350,0.7538,0.5695,0.2991,0.8030,0.6350,0.7538,0.5695,0.0737,0.0942,0.6350,0.4302,0.0737,0.0410,0.0410,0.0737,0.3430,0.5300,,0.1870,,62.83,24.30,157.4,115.1,0.736,0.101,
1791426841.003655,0.5695,0.4998,0.6350,0.4302,0.3646,0.7538,0.5695,0.6350,0.4302,0.2991,0.3646,0.5695,0.4998,0.2458,0.2458,0.1966,0.1966,,0.5290,,,,62.89,24.25,157.1,116.4,0.749,0.101,1.357
1791426841.0378952,0.4998,0.6350,0.7006,0.4302,0.3646,0.5695,0.5695,0.6350,0.4998,0.2991,0.2991,0.4998,0.4998,0.1229,0.0737,0.0410,0.0574,0.3280,0.5290,,0.2010,,62.30,24.08,157.6,116.2,0.773,0.104,
1791426841.071786,0.4998,0.6350,0.7538,0.6350,0.2458,0.7538,0.5695,0.8030,0.4302,0.2991,0.1229,0.4998,0.4302,0.0574,0.0737,0.0369,0.0574,0.3290,0.5350,,0.2060,,62.61,24.18,156.9,116.4,0.697,0.103,
1791426841.110162,0.6350,0.8440,0.4998,0.4998,0.2458,0.8030,0.4998,0.7006,0.3646,0.0737,0.3646,0.2991,0.4998,0.0737,0.0942,0.1557,0.2458,0.3270,0.5285,,0.2015,,62.27,24.00,158.4,117.9,,0.105,1.468
1791426841.1408708,0.8440,0.7538,0.8030,0.4998,0.2458,0.8030,0.5695,0.6350,0.5695,0.1557,0.3646,0.5695,0.5695,0.0737,0.0246,0.1557,0.0737,0.3260,0.5315,0.6700,0.2055,0.1385,62.71,24.25,157.3,118.9,0.734,0.104,1.356
1791426841.1722722,0.7006,0.5695,0.5695,0.4998,0.2458,0.5695,0.5695,0.6350,0.4302,0.2458,0.0737,0.4998,0.5695,0.0410,0.0410,0.0369,0.0410,0.3270,0.5285,,0.2015,,62.00,24.16,157.8,118.5,0.769,0.107,
1791426841.203883,0.5695,0.7006,0.6350,0.6350,0.1557,0.2458,0.4998,0.5695,0.7006,0.2991,0.2991,0.5695,0.5695,0.0574,0.0410,0.0369,0.0942,0.3290,,0.6690,,,62.00,24.16,157.8,118.5,,,
1791426841.2370644,0.5695,0.8767,0.6350,0.5695,0.1966,0.5695,0.6350,0.7538,0.6350,0.2991,0.2991,0.5695,0.6350,0.0737,0.0737,0.0369,0.0942,0.3260,0.5315,0.6700,0.2055,0.1385,62.55,24.35,,119.6,0.739,0.105,
1791426841.2703931,0.6350,0.5695,0.4998,0.4998,0.2991,0.4302,0.7006,0.7006,0.7006,0.2458,0.4302,0.4998,0.6350,0.0410,0.0574,0.1557,0.0410,0.3240,0.5305,,0.2065,,62.82,24.10,,121.2,0.789,0.104,1.439
1791426841.303624,0.4302,0.7538,0.8767,0.4302,0.4302,0.6350,0.6350,0.7538,0.7538,0.0737,0.1229,0.5695,0.6350,0.0410,0.0574,0.0410,0.0410,0.3270,0.5335,0.6700,0.2065,0.1365,62.88,24.33,,121.3,0.723,0.104,
1791426841.3377771,0.5695,0.6350,0.6350,0.4302,0.2458,0.6350,0.6350,0.6350,0.6350,0.0737,0.4302,0.6350,0.6350,0.0574,0.0737,0.1966,0.0942,0.3270,0.5335,0.6720,0.2065,0.1385,62.88,24.67,,120.5,0.707,0.105,1.344
1791426841.3706567,0.7006,0.7538,0.6350,0.4302,0.2991,0.4998,0.5695,0.5695,0.4998,0.0942,0.2458,0.4998,0.6350,0.0246,0.0410,0.0410,0.0737,0.3270,0.5380,,0.2110,,63.18,24.70,,119.1,0.699,0.104,
1791426841.403873,0.7006,0.8767,0.8030,0.5695,0.1966,0.7538,0.4998,0.7538,0.4302,0.2458,0.5695,0.4302,0.2458,0.0737,0.0246,0.2458,0.1229,0.3270,0.5320,,0.2050,,62.98,24.55,,119.8,,0.105,1.412
1791426841.4416192,0.4998,0.6350,0.7006,0.4998,0.1229,0.8440,0.5695,0.6350,0.3646,0.2991,0.0737,0.5695,0.6350,0.1229,0.0737,0.0410,0.0737,0.3270,0.5365,0.6620,0.2095,0.1255,63.02,24.65,,119.0,0.670,0.105,
1791426841.473399,0.4998,0.6350,0.8440,0.4302,0.2991,0.7006,0.7006,0.7538,0.5695,0.1966,0.0942,0.4998,0.4998,0.0574,0.0369,0.1966,0.1966,0.3270,0.5350,,0.2080,,63.07,24.65,,118.5,0.716,0.105,
1791426841.504543,0.5695,0.4998,0.4998,0.4998,0.1966,0.7006,0.5695,0.7006,0.3646,0.0737,0.2458,0.5695,0.6350,0.1557,0.0410,0.0246,0.0369,0.3260,0.5320,0.6700,0.2060,0.1380,63.10,24.52,,119.3,0.773,0.105,
1791426841.5369542,0.4302,0.7006,0.8030,0.5695,0.2991,0.5695,0.4998,0.6350,0.4302,0.0737,0.1557,0.5695,0.5695,0.0942,0.0574,0.1557,0.0942,0.3260,0.5355,0.6730,0.2095,0.1375,63.24,24.53,,118.7,0.751,0.104,
1791426841.5708625,0.4998,0.6350,0.7538,0.4998,0.2991,0.3646,0.5695,0.1966,0.3646,0.0574,0.0574,0.5695,0.5695,0.0369,0.0205,0.2458,0.1966,0.3300,0.5365,0.6720,0.2065,0.1355,63.48,24.71,,117.7,0.712,0.103,
1791426841.603646,0.7006,0.7006,0.7538,0.6350,0.2458,0.6350,0.5695,0.3646,0.2991,0.1229,0.2458,0.5695,0.5695,0.0410,0.0410,0.0574,0.0737,0.3250,0.5315,0.6640,0.2065,0.1325,63.03,24.49,,118.5,0.757,0.105,
1791426841.638017,0.4998,0.6350,0.7006,0.6350,0.1966,0.5695,0.6350,0.4998,0.6350,0.0737,0.1229,0.4998,0.5695,0.1229,0.0574,0.0246,0.0369,0.3250,0.5360,,0.2110,,63.21,24.62,,117.9,0.703,0.105,
1791426841.6708975,0.6350,0.6350,0.5695,0.4302,0.2458,0.3646,0.7006,0.6350,0.2991,0.2458,0.2991,0.5695,0.5695,0.0737,0.0574,0.0410,0.0737,0.3270,0.5345,0.6630,0.2075,0.1285,63.33,24.59,,118.2,0.706,0.104,
1791426841.7047672,0.4998,0.4998,0.4998,0.5695,0.4302,0.6350,0.6350,0.7006,0.5695,0.3646,0.0942,0.3646,0.4302,0.0574,0.0410,0.1229,0.0574,0.3270,0.5340,,0.2070,,63.26,24.65,160.6,119.6,0.717,0.105,1.208
1791426841.7433078,0.7006,0.6350,0.4302,0.4302,0.1966,0.5695,0.4302,0.6350,0.1966,0.2458,0.0737,0.5695,0.4998,0.0369,0.0369,0.0410,0.0410,0.3270,0.5350,,0.2080,,63.16,24.71,161.0,118.7,0.709,0.105,
1791426841.7758107,0.5695,0.7006,0.5695,0.6350,0.2991,0.6350,0.7006,0.7006,0.3646,0.3646,0.0737,0.4302,0.4998,0.0574,0.0737,0.1557,0.0737,0.3270,0.5340,,0.2070,,62.95,24.55,161.4,118.2,0.750,0.106,1.203
1791426841.8072379,0.5695,0.7538,0.6350,0.6350,0.2991,0.4302,0.4302,0.5695,0.3646,0.0574,0.3646,0.5695,0.5695,0.0205,0.0737,0.0369,0.0574,0.3270,0.5320,0.6740,0.2050,0.1420,62.93,24.46,161.6,118.0,0.793,0.106,1.407
1791426841.8385265,0.4302,0.6350,0.6350,0.6350,0.3646,0.7006,0.5695,0.8030,0.6350,0.2458,0.2991,0.4302,0.4998,0.0737,0.0410,0.1557,0.2991,0.3270,0.5330,,0.2060,,63.07,24.63,161.2,118.7,0.715,0.105,
1791426841.8720942,0.6350,0.6350,0.8030,0.6350,0.2991,0.6350,0.4998,0.7538,0.3646,0.0942,0.2991,0.5695,0.5695,0.0942,0.0574,0.1557,0.1557,0.3270,0.5330,0.6690,0.2060,0.1360,63.05,24.47,162.0,118.0,0.769,0.105,
1791426841.9040036,0.5695,0.7006,0.6350,0.5695,0.2458,0.6350,0.5695,0.4998,0.2991,0.1966,0.4302,0.4998,0.1966,0.0369,0.0369,0.0369,0.2458,0.3260,0.5335,,0.2075,,63.33,24.38,162.1,118.4,,0.104,1.391
1791426841.9383214,0.4998,0.4302,0.4998,0.5695,0.3646,0.4998,0.6350,0.4998,0.3646,0.2458,0.3646,0.5695,0.3646,0.0737,0.0410,0.1557,0.0737,0.3260,0.5330,,0.2070,,63.03,24.40,161.3,118.5,0.744,0.105,1.360
1791426841.9709337,0.6350,0.5695,0.4998,0.4998,0.1229,0.4302,0.6350,0.4998,0.7006,0.1966,0.4998,0.5695,0.5695,0.0737,0.0164,0.0574,0.0574,0.3290,0.5330,0.6710,0.2040,0.1380,62.51,24.40,161.4,119.6,0.761,0.107,1.408
1791426842.0053556,0.4998,0.7538,0.8030,0.4998,0.3646,0.7006,0.6350,0.6350,0.4302,0.2458,0.1229,0.4998,0.4302,0.0574,0.0574,0.1557,0.0737,0.3260,0.5340,,0.2080,,62.68,24.28,160.6,120.2,0.765,0.107,
1791426842.0447187,0.6350,0.8767,0.8030,0.4998,0.1966,0.6350,0.6350,0.5695,0.2458,0.2991,0.1557,0.5695,0.4302,0.0369,0.0574,0.1557,0.0737,0.3260,0.5330,,0.2070,,62.35,24.27,161.0,119.6,0.754,0.108,
1791426842.0754328,0.6350,0.3646,0.5695,0.4998,0.1966,0.2991,0.4998,0.7538,0.3646,0.1229,0.0737,0.5695,0.5695,0.0574,0.0205,0.1557,0.0942,0.3260,,0.6650,,,62.35,24.27,161.0,119.6,,,
1791426842.1078987,0.7538,0.6350,0.7006,0.4998,0.2458,0.7006,0.5695,0.8030,0.5695,0.2991,0.0942,0.4998,0.3646,0.0737,0.0737,0.1557,0.0574,0.3260,0.5325,,0.2065,,62.42,24.27,161.1,119.3,0.758,0.108,
1791426842.138994,0.4998,0.6350,0.6350,0.6350,0.1557,0.7006,0.6350,0.7006,0.4998,0.2458,0.3646,0.4998,0.5695,0.0737,0.0942,0.0410,0.0737,0.3270,0.5350,,0.2080,,62.27,24.52,160.5,119.1,0.700,0.109,1.339
1791426842.1720564,0.5695,0.5695,0.4998,0.6350,0.2458,0.8030,0.6350,0.5695,0.6350,0.0942,0.0942,0.5695,0.2458,0.0942,0.0574,0.1557,0.1966,0.3260,0.5360,,0.2100,,62.54,24.48,160.0,118.8,,0.108,
1791426842.2051241,0.7538,0.6350,0.4998,0.4302,0.2458,0.6350,0.4302,0.5695,0.4302,0.2458,0.0737,0.4302,0.4302,0.0574,0.0369,0.0574,0.0737,0.3260,0.5330,,0.2070,,62.97,24.42,160.3,118.3,0.758,0.106,
1791426842.2386293,0.4998,0.5695,0.7006,0.3646,0.1966,0.7006,0.5695,0.7006,0.6350,0.0574,0.0942,0.5695,0.5695,0.0737,0.0737,0.1966,0.1966,0.3270,0.5350,0.6650,0.2080,0.1300,62.94,24.20,158.7,119.9,0.754,0.106,
1791426842.2719872,0.7538,0.7006,0.8440,0.4302,0.2458,0.2991,0.4998,0.7006,0.2991,0.1229,0.2991,0.5695,0.4302,0.0574,0.0574,0.0369,0.0574,0.3280,,,,,62.94,24.20,158.7,119.9,,,
1791426842.3052974,0.6350,0.6350,0.5695,0.4998,0.3646,0.7538,0.6350,0.7006,0.7006,0.2458,0.0737,0.5695,0.5695,0.0574,0.0942,0.1557,0.0574,0.3270,0.5350,0.6660,0.2080,0.1310,62.53,24.18,,120.2,0.731,0.108,
1791426842.343443,0.4302,0.8440,0.7006,0.7006,0.2991,0.5695,0.6350,0.5695,0.2991,0.0737,0.1557,0.5695,0.4998,0.0410,0.0410,0.0737,0.0942,0.3250,0.5350,,0.2100,,62.80,24.10,,120.8,0.754,0.107,
1791426842.3759303,0.5695,0.6350,0.7538,0.5695,0.2458,0.2458,0.6350,0.6350,0.4998,0.2458,0.0942,0.5695,0.4998,0.0574,0.0246,0.1557,0.2458,0.3250,,,,,62.80,24.10,,120.8,,,
1791426842.407231,0.7538,0.7538,0.7538,0.4302,0.2991,0.7006,0.6350,0.7006,0.4302,0.1229,0.1229,0.7006,0.4998,0.0737,0.0369,0.2991,0.0942,0.3250,0.5370,,0.2120,,62.94,24.11,,121.5,0.729,0.107,
1791426842.4386666,0.8030,0.4998,0.7538,0.4998,0.2991,0.4998,0.6350,0.7538,0.2991,0.2458,0.4302,0.5695,0.2458,0.0574,0.0737,0.1557,0.0942,0.3250,0.5335,,0.2085,,62.94,24.01,,121.5,,0.107,1.414
1791426842.4718416,0.4998,0.7006,0.7538,0.5695,0.3646,0.7538,0.4998,0.7006,0.4302,0.1966,0.1229,0.5695,0.2991,0.0410,0.0574,0.1557,0.0942,0.3280,0.5365,,0.2085,,63.15,23.95,,122.9,,0.106,
1791426842.5068917,0.4998,0.7538,0.4302,0.7006,0.4302,0.4998,0.7006,0.5695,0.4998,0.3646,0.3646,0.5695,0.6350,0.0369,0.0369,0.0205,0.0369,0.3280,0.5370,0.6710,0.2090,0.1340,63.53,23.99,160.2,123.2,0.746,0.104,1.208
1791426842.5393944,0.6350,0.8030,0.8030,0.6350,0.4302,0.6350,0.4998,0.6350,0.7006,0.1557,0.0942,0.4998,0.3646,0.0410,0.0737,0.0246,0.0942,0.3260,0.5375,,0.2115,,63.57,24.04,161.0,122.9,0.726,0.104,
1791426842.5723217,0.5695,0.5695,0.8030,0.3646,0.4998,0.6350,0.6350,0.7006,0.4998,0.1966,0.2458,0.3646,0.4302,0.0246,0.0369,0.0737,0.1229,0.3270,0.5340,,0.2070,,63.35,24.11,161.6,121.9,0.742,0.105,
1791426842.6053872,0.5695,0.6350,0.5695,0.3646,0.1966,0.5695,0.6350,0.5695,0.2458,0.0737,0.4302,0.4302,0.5695,0.0942,0.1966,0.0410,0.0574,0.3280,0.5330,,0.2050,,62.78,24.01,162.4,121.7,0.775,0.107,1.449
1791426842.6389575,0.7006,0.7006,0.4998,0.6350,0.4998,0.4302,0.6350,0.6350,0.4302,0.0942,0.3646,0.4998,0.4998,0.1229,0.0737,0.0369,0.0574,0.3290,0.5375,,0.2085,,62.94,24.17,161.0,120.7,0.706,0.106,1.313
1791426842.6759698,0.5695,0.7538,0.8030,0.4998,0.2991,0.5695,0.4998,0.4998,0.3646,0.0574,0.1229,0.5695,0.4302,0.0942,0.0369,0.0410,0.0574,0.3290,0.5345,,0.2055,,62.92,24.15,160.2,121.2,0.750,0.106,
1791426842.7081246,0.4302,0.8767,0.8030,0.6350,0.2991,0.7538,0.6350,0.6350,0.4998,0.2991,0.2991,0.6350,0.4302,0.0942,0.0737,0.0205,0.0942,0.3290,0.5375,,0.2085,,63.18,24.06,160.7,121.4,0.745,0.105,
1791426842.7389314,0.4998,0.7006,0.8440,0.5695,0.4998,0.7006,0.7006,0.6350,0.7006,0.2991,0.4302,0.4998,0.5695,0.0942,0.0737,0.0205,0.0410,0.3280,0.5360,,0.2080,,63.05,24.06,160.4,121.6,0.741,0.106,1.382
1791426842.7723217,0.4998,0.7006,0.6350,0.4998,0.2991,0.6350,0.4998,0.7006,0.4302,0.2458,0.3646,0.6350,0.4302,0.0737,0.0410,0.0410,0.0574,0.3280,0.5355,,0.2075,,62.94,24.05,160.1,121.5,0.746,0.106,1.378
1791426842.8062148,0.5695,0.7006,0.8030,0.6350,0.2991,0.6350,0.7538,0.6350,0.4998,0.0942,0.0942,0.4998,0.4998,0.0737,0.0942,0.0574,0.1229,0.3280,0.5335,,0.2055,,62.86,24.19,161.5,120.7,0.731,0.106,
1791426842.839139,0.4302,0.6350,0.6350,0.4302,0.3646,0.5695,0.5695,0.7538,0.4302,0.3646,0.1557,0.6350,0.4998,0.0942,0.0410,0.0574,0.1557,0.3280,0.5370,,0.2090,,63.13,24.43,161.5,119.9,0.690,0.105,1.156
1791426842.8731103,0.4998,0.7538,0.4998,0.5695,0.1557,0.6350,0.5695,0.7006,0.2991,0.0737,0.2458,0.4302,0.5695,0.0369,0.0410,0.0246,0.0737,0.3250,0.5400,,0.2150,,63.20,24.48,162.8,119.5,0.699,0.106,
1791426842.9064336,0.5695,0.5695,0.7006,0.5695,0.4998,0.6350,0.4998,0.5695,0.4998,0.1229,0.1966,0.4302,0.4302,0.0574,0.0369,0.0369,0.1229,0.3270,0.5360,,0.2090,,63.55,24.20,161.8,119.8,0.774,0.104,
1791426842.9397585,0.5695,0.3646,0.8440,0.4998,0.1557,0.5695,0.4998,0.5695,0.5695,0.4302,0.0942,0.4998,0.4998,0.0942,0.0737,0.2991,0.1557,0.3280,0.5380,,0.2100,,63.49,24.29,162.0,120.0,0.711,0.104,1.158
1791426842.9769635,0.4998,0.3646,0.6350,0.4302,0.4998,0.4998,0.6350,0.7538,0.5695,0.2458,0.0737,0.4998,0.4302,0.0737,0.0942,0.0574,0.1229,0.3320,0.5365,,0.2045,,63.28,24.25,162.0,120.4,0.738,0.105,
1791426843.0084398,0.4302,0.6350,0.6350,0.4302,0.1557,0.5695,0.5695,0.6350,0.4998,0.0942,0.0737,0.4998,0.5695,0.0737,0.0246,0.2458,0.0942,0.3280,0.5380,,0.2100,,63.69,24.33,160.8,119.9,0.711,0.103,
1791426843.0407329,0.6350,0.5695,0.8030,0.4998,0.4998,0.3646,0.4998,0.5695,0.7006,0.1966,0.0737,0.4998,0.6350,0.1229,0.0410,0.0410,0.0737,0.3280,0.5340,,0.2060,,63.47,,160.2,120.1,0.738,0.104,
1791426843.0728662,0.5695,0.7538,0.7538,0.4998,0.1966,0.4998,0.7006,0.4998,0.2991,0.0942,0.0942,0.6350,0.3646,0.0205,0.0942,0.0410,0.1229,0.3280,0.5355,,0.2075,,63.27,,160.1,120.1,0.746,0.105,
1791426843.1059277,0.6350,0.4998,0.7538,0.5695,0.2458,0.4998,0.4998,0.7006,0.5695,0.0942,0.3646,0.5695,0.3646,0.0737,0.0574,0.0410,0.1229,0.3280,0.5380,,0.2100,,64.00,,161.8,120.9,0.745,0.102,1.333
1791426843.1395962,0.7538,0.5695,0.4302,0.4998,0.3646,0.7006,0.6350,0.7006,0.6350,0.0574,0.0942,0.4302,0.3646,0.0942,0.0369,0.1966,0.1966,0.3280,0.5380,,0.2100,,63.86,,161.1,120.9,0.718,0.102,
1791426843.1730242,0.6350,0.5695,0.8030,0.4302,0.2991,0.6350,0.4998,0.5695,0.2991,0.0574,0.2458,0.5695,0.3646,0.0410,0.0369,0.1966,0.1229,0.3280,0.5340,,0.2060,,63.61,,159.2,121.0,0.770,0.103,
1791426843.2062013,0.4998,0.5695,0.7006,0.5695,0.1966,0.5695,0.5695,0.8030,0.4302,0.1229,0.3646,0.7006,0.4302,0.0737,0.0737,0.0574,0.0942,0.3280,0.5380,,0.2100,,63.43,,161.0,120.9,0.707,0.104,1.344
1791426843.240132,0.5695,0.5695,0.6350,0.5695,0.3646,0.7538,0.5695,0.7538,0.7006,0.0737,0.0737,0.6350,0.3646,0.0574,0.0574,0.0737,0.0942,0.3280,0.5400,,0.2120,,63.70,,158.8,121.4,0.699,0.103,
1791426843.2778602,0.4998,0.4998,0.7538,0.5695,0.2458,0.5695,0.5695,0.5695,0.4302,0.2991,0.1229,0.5695,0.3646,0.0737,0.0246,0.0369,0.1229,0.3280,0.5375,,0.2095,,63.72,,159.1,120.3,0.754,0.103,
1791426843.3097003,0.6350,0.7006,0.8767,0.6350,0.4302,0.5695,0.5695,0.6350,0.2991,0.0942,0.0942,0.5695,0.6350,0.0410,0.0246,0.0574,0.0737,0.3280,0.5375,0.6640,0.2095,0.1265,63.57,23.93,158.3,120.6,0.741,0.104,
1791426843.341305,0.6350,0.6350,0.8440,0.7006,0.2458,0.5695,0.4998,0.4302,0.3646,0.2458,0.0942,0.4302,0.5695,0.1229,0.0246,0.0369,0.0574,0.3280,0.5355,,0.2075,,63.42,23.83,159.4,121.8,0.760,0.105,
1791426843.3750036,0.6350,0.4998,0.4998,0.4998,0.4302,0.8030,0.6350,0.7538,0.3646,0.0942,0.4302,0.5695,0.4998,0.0942,0.0410,0.0369,0.0942,0.3280,0.5335,,0.2055,,63.14,23.82,160.5,135.3,0.760,0.105,1.449
1791426843.4062917,0.5695,0.6350,0.5695,0.4998,0.2458,0.6350,0.6350,0.7006,0.4302,0.0574,0.1229,0.5695,0.5695,0.1229,0.0737,0.0369,0.0410,0.3270,0.5395,0.6640,0.2125,0.1245,63.44,23.69,161.9,134.3,0.728,0.105,
1791426843.4398484,0.4998,0.6350,0.5695,0.6350,0.2991,0.2458,0.7006,0.4302,0.2458,0.3646,0.2991,0.4998,0.4998,0.1229,0.0942,0.0205,0.0410,0.3280,,,,,63.44,23.69,161.9,134.3,,,
1791426843.4729793,0.6350,0.6350,0.6350,0.5695,0.3646,0.5695,0.6350,0.4302,0.4998,0.0574,0.2991,0.6350,0.4998,0.0246,0.0369,0.0369,0.0942,0.3270,0.5360,,0.2090,,63.39,23.68,,135.0,0.747,0.105,
1791426843.5067415,0.6350,0.4998,0.4998,0.5695,0.2458,0.3646,0.7006,0.6350,0.4302,0.1557,0.0737,0.4998,0.5695,0.1229,0.0246,0.1966,0.0737,0.3280,0.5360,,0.2080,,63.54,23.93,,133.8,0.703,0.104,
1791426843.5405908,0.5695,0.7006,0.8030,0.5695,0.2991,0.8440,0.2458,0.7006,0.5695,0.0737,0.1229,0.6350,0.3646,0.1229,0.0369,0.0369,0.0737,0.3260,,,,,63.54,23.93,,133.8,,,
1791426843.5802712,0.6350,0.4998,0.5695,0.2991,0.1229,0.7006,0.7006,0.7006,0.4302,0.1557,0.0942,0.6350,0.6350,0.1229,0.0246,0.0737,0.0942,0.3270,0.5350,0.6650,0.2080,0.1300,63.28,24.02,,132.7,0.717,0.105,
1791426843.6116598,0.3646,0.8767,0.6350,0.4998,0.4998,0.6350,0.6350,0.6350,0.3646,0.0574,0.2991,0.4998,0.5695,0.0942,0.0737,0.0410,0.0574,0.3270,0.5400,,0.2130,,63.59,24.20,,132.0,0.679,0.104,
1791426843.6426923,0.5695,0.9259,0.6350,0.4998,0.4302,0.7006,0.5695,0.5695,0.6350,0.2991,0.4998,0.5695,0.4998,0.0737,0.0410,0.2458,0.1557,0.3300,0.5350,,0.2050,,63.27,24.13,,129.8,0.743,0.105,1.362
1791426843.6741536,0.5695,0.8440,0.7538,0.6350,0.4998,0.6350,0.7006,0.7538,0.2991,0.0942,0.4998,0.6350,0.4998,0.0574,0.0410,0.1557,0.1229,0.3280,0.5365,,0.2085,,63.18,24.16,,127.7,0.720,0.105,1.360
1791426843.7065206,0.6350,0.7538,0.8030,0.7006,0.2991,0.7538,0.4998,0.8030,0.4302,0.0737,0.1229,0.5695,0.5695,0.0737,0.0205,0.0737,0.1229,0.3260,0.5355,0.6640,0.2095,0.1285,63.42,24.00,,128.6,0.744,0.104,
1791426843.73973,0.5695,0.8030,0.8767,0.4998,0.4302,0.7006,0.7006,0.6350,0.2991,0.0942,0.3646,0.7006,0.6350,0.0574,0.0574,0.0574,0.0942,0.3260,0.5345,0.6610,0.2085,0.1265,63.25,23.94,,126.8,0.720,0.105,1.384
1791426843.7740133,0.7538,0.8440,0.7006,0.6350,0.2458,0.8030,0.6350,0.5695,0.6350,0.2991,0.1557,0.6350,0.6350,0.0369,0.0574,0.0574,0.1557,0.3260,0.5350,0.6590,0.2090,0.1240,63.14,23.72,,127.6,0.736,0.106,
1791426843.8069298,0.4302,0.6350,0.8030,0.4998,0.3646,0.7006,0.7006,0.7538,0.6350,0.2991,0.0574,0.6350,0.5695,0.0737,0.0574,0.0410,0.0942,0.3260,0.5310,0.6620,0.2050,0.1310,62.44,23.66,,126.5,0.756,0.109,
1791426843.8410182,0.7538,0.8030,0.9054,0.6350,0.3646,0.7538,0.7006,0.7006,0.6350,0.3646,0.3646,0.5695,0.5695,0.1229,0.0410,0.1557,0.0737,0.3260,0.5345,0.6610,0.2085,0.1265,62.36,23.79,161.8,125.2,0.700,0.109,1.183
1791426843.873364,0.5695,0.7538,0.6350,0.5695,0.2991,0.7006,0.5695,0.6350,0.6350,0.2458,0.4302,0.5695,0.6350,0.0574,0.0410,0.0369,0.0737,0.3270,0.5330,0.6640,0.2060,0.1310,62.35,23.91,161.1,123.8,0.722,0.109,1.372
1791426843.9064224,0.5695,0.6350,0.5695,0.5695,0.3646,0.5695,0.4998,0.7006,0.5695,0.1966,0.0942,0.6350,0.5695,0.0942,0.0737,0.0737,0.0942,0.3260,0.5370,0.6590,0.2110,0.1220,62.49,23.99,160.1,122.2,0.674,0.108,
1791426843.94414,0.5695,0.8030,0.7006,0.5695,0.2991,0.4998,0.6350,0.7006,0.4302,0.0942,0.3646,0.5695,0.5695,0.0205,0.0410,0.0369,0.1229,0.3270,0.5345,0.6670,0.2075,0.1325,62.38,23.91,158.3,121.9,0.758,0.109,1.399
1791426843.9764564,0.5695,0.8440,0.8440,0.6350,0.2991,0.4998,0.6350,0.7006,0.4302,0.2458,0.4302,0.7006,0.6350,0.1229,0.0574,0.0410,0.0737,0.3260,0.5335,0.6610,0.2075,0.1275,62.41,23.83,157.9,122.0,0.733,0.109,1.397
1791426844.007165,0.6350,0.7538,0.8440,0.4998,0.3646,0.5695,0.6350,0.6350,0.3646,0.0942,0.0942,0.6350,0.5695,0.0410,0.0737,0.0369,0.0574,0.3290,0.5325,0.6640,0.2035,0.1315,62.17,23.86,160.2,121.4,0.739,0.109,
1791426844.0402482,0.6350,0.7006,0.7538,0.5695,0.2991,0.7006,0.4302,0.7538,0.6350,0.1966,0.0942,0.7006,0.5695,0.0942,0.0205,0.0942,0.1229,0.3270,0.5370,0.6620,0.2100,0.1250,62.34,23.81,160.0,121.7,0.715,0.109,
1791426844.0734875,0.5695,0.8030,0.4998,0.5695,0.2991,0.7538,0.6350,0.7006,0.5695,0.2991,0.3646,0.5695,0.5695,0.0942,0.0410,0.1557,0.0942,0.3260,0.5360,0.6630,0.2100,0.1270,62.73,23.93,159.9,121.4,0.698,0.107,1.337
1791426844.1073093,0.6350,0.7538,0.7006,0.4998,0.2991,0.7538,0.6350,0.7006,0.5695,0.0737,0.0737,0.6350,0.6350,0.0942,0.0164,0.1229,0.1966,0.3270,0.5340,0.6650,0.2070,0.1310,62.56,23.85,161.2,121.6,0.753,0.108,
1791426844.140906,0.6350,0.7538,0.7006,0.5695,0.3646,0.7006,0.5695,0.7538,0.4998,0.1229,0.0737,0.5695,0.6350,0.0246,0.0737,0.0410,0.0737,0.3270,0.5325,0.6710,0.2055,0.1385,62.68,23.92,160.4,122.1,0.771,0.107,
1791426844.1739469,0.5695,0.9054,0.8440,0.5695,0.1557,0.5695,0.6350,0.7006,0.5695,0.0369,0.3646,0.5695,0.3646,0.0737,0.0369,0.1557,0.1229,0.3270,0.5330,,0.2060,,62.33,23.88,161.5,121.7,0.750,0.109,1.428
1791426844.2076092,0.4998,0.8030,0.7538,0.4998,0.4302,0.7538,0.4302,0.4998,0.2991,0.3646,0.1229,0.5695,0.5695,0.0574,0.0369,0.1229,0.0410,0.3250,0.5320,0.6650,0.2070,0.1330,61.89,23.62,161.8,122.4,0.797,0.111,1.302
1791426844.2449462,0.6350,0.6350,0.7538,0.5695,0.2991,0.5695,0.5695,0.7538,0.5695,0.1966,0.0942,0.5695,0.4302,0.0369,0.0369,0.0942,0.0942,0.3280,0.5345,,0.2065,,61.98,23.52,161.0,122.2,0.762,0.110,
1791426844.2773542,0.3646,0.6350,0.7538,0.4302,0.1557,0.8030,0.7006,0.6350,0.6350,0.0942,0.4302,0.7006,0.6350,0.1229,0.0574,0.1557,0.0942,0.3270,0.5325,0.6650,0.2055,0.1325,61.70,23.39,161.8,122.5,0.785,0.111,1.464
1791426844.3085883,0.7006,0.4998,0.4998,0.6350,0.2991,0.7006,0.6350,0.8030,0.7006,0.4302,0.1229,0.5695,0.6350,0.1229,0.0942,0.1557,0.1557,0.3260,0.5330,0.6650,0.2070,0.1320,61.97,23.22,161.8,121.8,0.795,0.110,1.287
1791426844.3408859,0.5695,0.6350,0.7006,0.6350,0.2458,0.7006,0.6350,0.7006,0.4302,0.2458,0.0737,0.5695,0.6350,0.0942,0.0205,0.0410,0.0737,0.3270,0.5365,0.6660,0.2095,0.1295,62.34,23.32,161.9,121.9,0.736,0.109,
1791426844.3755324,0.4302,0.7006,0.6350,0.4998,0.4302,0.4998,0.7006,0.7006,0.4302,0.1229,0.1966,0.5695,0.7006,0.2458,0.0410,0.0246,0.0410,0.3280,0.5345,0.6710,0.2065,0.1365,62.01,23.55,163.0,120.9,0.749,0.110,
1791426844.4070888,0.4998,0.7538,0.7538,0.4998,0.1966,0.8030,0.6350,0.5695,0.4998,0.0942,0.0942,0.6350,0.5695,0.0737,0.0574,0.0369,0.0737,0.3280,0.5360,0.6640,0.2080,0.1280,61.95,23.73,163.0,120.4,0.703,0.110,
1791426844.4411952,0.4302,0.8030,0.5695,0.5695,0.2458,0.4302,0.4998,0.5695,0.3646,0.3646,0.1229,0.5695,0.2458,0.0737,0.0369,0.0574,0.0942,0.3270,0.5350,,0.2080,,61.96,23.87,161.8,119.2,,0.111,1.215
1791426844.4743867,0.4998,0.8440,0.8030,0.6350,0.4302,0.7006,0.7006,0.7006,0.4998,0.2991,0.1229,0.5695,0.4998,0.0737,0.0574,0.0574,0.0942,0.3260,0.5310,,0.2050,,61.43,23.82,161.9,119.0,0.770,0.113,
1791426844.5076265,0.6350,0.7538,0.6350,0.6350,0.2991,0.5695,0.6350,0.6350,0.4998,0.1557,0.2991,0.6350,0.5695,0.0410,0.0246,0.0574,0.0574,0.3280,0.5345,0.6650,0.2065,0.1305,61.35,23.96,162.8,118.6,0.715,0.113,
1791426844.5473056,0.7006,0.8767,0.6350,0.5695,0.4302,0.7538,0.6350,0.4998,0.7006,0.1557,0.1229,0.5695,0.4302,0.0410,0.0246,0.1557,0.0737,0.3280,0.5335,,0.2055,,61.58,24.05,162.5,118.1,0.728,0.112,
1791426844.5786922,0.8030,0.8440,0.4998,0.4998,0.1557,0.8030,0.6350,0.5695,0.4998,0.0942,0.2991,0.5695,0.6350,0.0410,0.0246,0.1557,0.0942,0.3280,0.5395,0.6670,0.2115,0.1275,62.20,24.09,161.1,120.4,0.707,0.109,
1791426844.6095822,0.5695,0.8030,0.7006,0.5695,0.1229,0.7006,0.6350,0.6350,0.6350,0.1966,0.0737,0.5695,0.4302,0.1229,0.0246,0.2991,0.1229,0.3280,0.5335,,0.2055,,61.93,24.14,160.7,119.9,0.732,0.110,
1791426844.6416366,0.4302,0.8030,0.8767,0.5695,0.2458,0.7006,0.6350,0.7006,0.4302,0.0574,0.0737,0.6350,0.6350,0.0574,0.0410,0.0410,0.0942,0.3270,0.5325,0.6640,0.2055,0.1315,61.78,24.06,159.4,120.7,0.748,0.111,
1791426844.6743603,0.5695,0.7538,0.6350,0.4998,0.2991,0.5695,0.5695,0.5695,0.4998,0.0737,0.4302,0.5695,0.3646,0.0942,0.0246,0.0410,0.0737,0.3270,0.5330,,0.2060,,61.83,24.06,158.6,120.5,0.742,0.111,1.412
1791426844.708391,0.4998,0.8767,0.7538,0.4998,0.4998,0.4998,0.6350,0.5695,0.6350,0.2991,0.0737,0.6350,0.5695,0.0574,0.0410,0.0737,0.1966,0.3260,0.5325,0.6630,0.2065,0.1305,61.33,24.04,158.8,119.1,0.735,0.113,
1791426844.7417994,0.6350,0.6350,0.8030,0.4302,0.3646,0.6350,0.5695,0.6350,0.4302,0.2991,0.0737,0.5695,0.6350,0.0942,0.0246,0.1557,0.0410,0.3270,0.5370,0.6720,0.2100,0.1350,61.77,24.25,159.5,120.1,0.720,0.111,
1791426844.7759104,0.7006,0.6350,0.7006,0.4998,0.1557,0.7006,0.6350,0.6350,0.4302,0.2458,0.1966,0.4998,0.4302,0.0410,0.0574,0.0410,0.0942,0.3260,0.5330,,0.2070,,62.13,24.04,160.1,121.6,0.776,0.110,
1791426844.8087623,0.5695,0.9259,0.6350,0.4998,0.4302,0.6350,0.7006,0.7538,0.5695,0.0737,0.1229,0.6350,0.5695,0.0737,0.0205,0.0369,0.0942,0.3280,0.5350,0.6690,0.2070,0.1340,62.03,24.06,160.8,120.6,0.747,0.110,
1791426844.8475242,0.5695,0.8440,0.7538,0.7006,0.2991,0.5695,0.5695,0.7006,0.7006,0.2458,0.4998,0.5695,0.5695,0.0942,0.0737,0.0410,0.0737,0.3280,0.5325,0.6710,0.2045,0.1385,62.06,24.12,161.7,120.2,0.765,0.110,1.430
1791426844.8792038,0.4998,0.7006,0.7006,0.4302,0.2458,0.5695,0.5695,0.8030,0.6350,0.2458,0.1229,0.4998,0.4998,0.0942,0.0737,0.0369,0.0942,0.3250,0.5350,,0.2100,,62.20,24.26,161.2,119.7,0.717,0.109,
1791426844.9107516,0.5695,0.8440,0.6350,0.4998,0.3646,0.7006,0.5695,0.7006,0.4302,0.4302,0.0942,0.5695,0.2458,0.0942,0.0574,0.0574,0.1229,0.3280,0.5325,,0.2045,,62.08,24.39,160.5,120.0,,0.110,1.227
1791426844.942815,0.4998,0.8030,0.6350,0.5695,0.0942,0.2458,0.7006,0.8030,0.4998,0.1557,0.0942,0.5695,0.6350,0.0574,0.0246,0.2991,0.1966,0.3270,,0.6690,,,62.08,24.39,160.5,120.0,,,
1791426844.9747908,0.4998,0.7006,0.7006,0.4302,0.2991,0.7006,0.7006,0.7006,0.4302,0.0737,0.0737,0.5695,0.5695,0.0574,0.0410,0.0574,0.0737,0.3280,0.5325,0.6660,0.2045,0.1335,61.92,24.32,161.0,119.8,0.748,0.110,
1791426845.0080948,0.4302,0.8440,0.7538,0.6350,0.3646,0.7006,0.7006,0.5695,0.2991,0.2991,0.1229,0.5695,0.5695,0.0574,0.0737,0.0369,0.0574,0.3260,0.5340,0.6630,0.2080,0.1290,61.89,24.22,160.6,120.2,0.732,0.110,
1791426845.0418215,0.3646,0.8440,0.7006,0.5695,0.2991,0.5695,0.7006,0.7006,0.5695,0.2991,0.0410,0.6350,0.4998,0.0410,0.0410,0.0574,0.0410,0.3280,0.5340,,0.2060,,61.81,24.16,160.5,121.0,0.747,0.111,
1791426845.076006,0.4998,0.8030,0.7006,0.6350,0.2991,0.7538,0.6350,0.6350,0.4302,0.1229,0.0737,0.6350,0.6350,0.0942,0.0246,0.0574,0.0737,0.3280,0.5325,0.6570,0.2045,0.1245,61.88,23.93,160.9,120.8,0.734,0.110,
1791426845.1087153,0.4998,0.7006,0.7006,0.4998,0.3646,0.6350,0.6350,0.6350,0.2991,0.0737,0.1229,0.5695,0.6350,0.0737,0.0574,0.1557,0.0737,0.3280,0.5335,0.6620,0.2055,0.1285,62.31,23.65,160.8,121.0,0.772,0.108,
1791426845.1421754,0.3646,0.8030,0.7538,0.4302,0.3646,0.8030,0.5695,0.7006,0.6350,0.1557,0.0737,0.6350,0.6350,0.0737,0.0737,0.0410,0.0942,0.3260,0.5335,0.6610,0.2075,0.1275,62.07,23.74,159.4,120.1,0.712,0.109,
1791426845.179694,0.5695,0.8440,0.4998,0.4998,0.4302,0.8030,0.5695,0.5695,0.6350,0.0942,0.2991,0.6350,0.6350,0.1229,0.0410,0.0369,0.0942,0.3260,0.5355,0.6610,0.2095,0.1255,62.76,23.59,159.8,119.4,0.740,0.107,
1791426845.2119694,0.5695,0.7006,0.7538,0.5695,0.4302,0.7538,0.5695,0.7006,0.7006,0.0942,0.0942,0.5695,0.6350,0.0737,0.0410,0.0737,0.1229,0.3280,0.5395,0.6550,0.2115,0.1155,63.31,23.48,160.5,119.7,0.680,0.104,
1791426845.2434862,0.4998,0.7538,0.9259,0.5695,0.1966,0.7006,0.6350,0.6350,0.5695,0.2991,0.2991,0.6350,0.5695,0.0246,0.0737,0.0369,0.0737,0.3260,0.5350,0.6690,0.2090,0.1340,63.41,23.60,160.5,119.3,0.749,0.104,
1791426845.2751698,0.5695,0.6350,0.8440,0.6350,0.2991,0.5695,0.7006,0.8030,0.4998,0.2458,0.0737,0.6350,0.6350,0.0410,0.0737,0.2458,0.1229,0.3250,0.5355,0.6620,0.2105,0.1265,63.45,23.56,160.4,119.4,0.731,0.104,
1791426845.3096604,0.7538,0.8440,0.8440,0.5695,0.1966,0.6350,0.5695,0.6350,0.7006,0.2458,0.1229,0.5695,0.5695,0.0369,0.0410,0.1229,0.0574,0.3260,0.5330,0.6600,0.2070,0.1270,63.19,23.54,160.6,120.4,0.732,0.105,
1791426845.3418152,0.5695,0.6350,0.8440,0.4302,0.1966,0.4302,0.7538,0.7538,0.4998,0.1557,0.1229,0.6350,0.3646,0.0246,0.0410,0.0574,0.1557,0.3280,0.5345,,0.2065,,63.13,23.87,159.5,119.5,0.675,0.105,
1791426845.375257,0.7538,0.5695,0.8030,0.4998,0.1557,0.7006,0.5695,0.7538,0.4998,0.2991,0.0737,0.6350,0.5695,0.0942,0.0369,0.0737,0.0942,0.3260,0.5365,0.6560,0.2105,0.1195,63.32,23.91,159.5,,0.668,0.105,
1791426845.4087234,0.2458,0.7538,0.7006,0.4998,0.4302,0.3646,0.7006,0.8030,0.5695,0.0942,0.2458,0.5695,0.5695,0.0737,0.0369,0.0574,0.0737,,0.5315,0.6580,,0.1265,63.32,23.91,160.5,,0.777,0.105,
1791426845.4422655,0.7006,0.8767,0.7538,0.6350,0.4302,0.6350,0.5695,0.7006,0.4998,0.1229,0.1557,0.6350,0.5695,0.0737,0.0246,0.0246,0.0737,0.3280,0.5350,0.6530,0.2070,0.1180,63.02,23.67,,,0.706,0.106,
1791426845.4821608,0.4998,0.8440,0.5695,0.4998,0.1966,0.4998,0.6350,0.6350,0.5695,0.1966,0.4302,0.5695,0.6350,0.0737,0.0574,0.0369,0.0737,0.3260,0.5340,0.6670,0.2080,0.1330,62.88,23.51,,119.7,0.785,0.107,1.467
1791426845.5141842,0.5695,0.7006,0.6350,0.3646,0.1557,0.7006,0.6350,0.7538,0.2991,0.2458,0.3646,0.5695,0.5695,0.0205,0.0369,0.1229,0.0737,0.3250,0.5360,0.6640,0.2110,0.1280,63.05,23.52,,119.9,0.735,0.106,1.403
1791426845.5448864,0.6350,0.6350,0.8440,0.4998,0.2458,0.6350,0.5695,0.7006,0.5695,0.0737,0.0737,0.7006,0.4998,0.0410,0.0574,0.0737,0.1557,0.3250,0.5345,,0.2095,,63.10,23.49,,119.1,0.735,0.106,
1791426845.577013,0.6350,0.8030,0.7006,0.5695,0.4302,0.6350,0.6350,0.7538,0.5695,0.0942,0.1557,0.7006,0.6350,0.0737,0.0942,0.1557,0.2991,0.3260,0.5335,0.6580,0.2075,0.1245,63.14,23.46,,118.5,0.722,0.106,
1791426845.6094725,0.4998,0.6350,0.7538,0.4998,0.3646,0.8440,0.4998,0.7006,0.4998,0.2991,0.2991,0.6350,0.6350,0.0410,0.0369,0.0574,0.0737,0.3260,0.5340,0.6720,0.2080,0.1380,63.24,23.71,,118.4,0.750,0.105,
1791426845.6427834,0.4302,0.8030,0.9054,0.5695,0.4998,0.8030,0.7006,0.6350,0.4998,0.0737,0.0942,0.7006,0.6350,0.0369,0.0737,0.0737,0.1229,0.3260,0.5340,0.6550,0.2080,0.1210,63.62,23.46,,119.3,0.732,0.103,
1791426845.6762042,0.6350,0.8767,0.7538,0.6350,0.2991,0.7006,0.6350,0.5695,0.4998,0.0574,0.4302,0.5695,0.6350,0.0942,0.0737,0.0942,0.1966,0.3280,0.5390,0.6550,0.2110,0.1160,63.56,23.44,,118.7,0.671,0.104,1.292
1791426845.7095912,0.6350,0.8030,0.8440,0.5695,0.1557,0.5695,0.6350,0.7006,0.3646,0.1557,0.4998,0.5695,0.7006,0.0737,0.0574,0.0737,0.1229,0.3280,0.5340,0.6680,0.2060,0.1340,63.20,23.71,,119.1,0.726,0.105,1.376
1791426845.742676,0.7006,0.7006,0.4998,0.4998,0.2991,0.6350,0.4998,0.8030,0.4302,0.0737,0.0737,0.5695,0.4998,0.0737,0.0410,0.2991,0.1557,0.3260,0.5315,,0.2055,,63.19,23.75,,118.3,0.735,0.105,
1791426845.7759333,0.5695,0.8030,0.8030,0.5695,0.3646,0.6350,0.6350,0.7006,0.5695,0.1229,0.1229,0.4998,0.4998,0.0942,0.0410,0.0410,0.1229,0.3270,0.5330,,0.2060,,62.91,23.53,,117.9,0.768,0.106,
1791426845.8154318,0.5695,0.7006,0.8440,0.5695,0.4998,0.6350,0.6350,0.6350,0.4998,0.0737,0.0942,0.6350,0.5695,0.1557,0.1229,0.2458,0.1557,0.3260,0.5355,0.6580,0.2095,0.1225,63.14,23.41,,118.9,0.725,0.105,
1791426845.846955,0.8030,0.7538,0.4998,0.4998,0.2458,0.8030,0.4998,0.5695,0.4998,0.1229,0.0574,0.5695,0.6350,0.0574,0.0410,0.0410,0.0737,0.3280,0.5335,0.6690,0.2055,0.1355,63.14,23.53,,119.9,0.761,0.105,
1791426845.8789465,0.5695,0.7538,0.6350,0.6350,0.1966,0.7538,0.5695,0.7538,0.4998,0.0942,0.0737,0.5695,0.2991,0.0410,0.0410,0.0737,0.0942,0.3260,0.5350,,0.2090,,63.60,23.60,,117.1,,0.103,
1791426845.910232,0.4998,0.7538,0.7538,0.5695,0.2458,0.6350,0.5695,0.6350,0.5695,0.0574,0.1557,0.7006,0.6350,0.0737,0.0737,0.0410,0.0574,0.3260,0.5335,0.6510,0.2075,0.1175,63.74,23.23,,117.7,0.737,0.102,
1791426845.942981,0.6350,0.5695,0.7538,0.4302,0.3646,0.6350,0.6350,0.7006,0.4302,0.0574,0.0942,0.4998,0.7006,0.0942,0.0410,0.0737,0.0942,0.3270,0.5340,,0.2070,,63.47,23.30,,118.7,0.724,0.104,
1791426845.9768758,0.5695,0.5695,0.8440,0.6350,0.2458,0.6350,0.5695,0.7006,0.4302,0.0737,0.4302,0.7006,0.7006,0.0942,0.0737,0.0574,0.0737,0.3260,0.5340,0.6590,0.2080,0.1250,63.47,23.09,,120.2,0.763,0.104,1.447
1791426846.0093699,0.6350,0.7006,0.4998,0.4998,0.2991,0.7006,0.7006,0.6350,0.6350,0.1557,0.1229,0.6350,0.5695,0.0574,0.0737,0.0410,0.0369,0.3280,0.5340,0.6550,0.2060,0.1210,63.18,22.90,,121.2,0.744,0.105,
1791426846.0427477,0.4998,0.8767,0.8440,0.5695,0.3646,0.7006,0.5695,0.6350,0.4998,0.0737,0.0737,0.6350,0.5695,0.0369,0.0369,0.0574,0.0574,0.3250,0.5340,0.6560,0.2090,0.1220,63.19,22.92,,120.8,0.719,0.105,
1791426846.0772364,0.7006,0.8030,0.6350,0.6350,0.4998,0.7538,0.7006,0.7538,0.5695,0.0942,0.1966,0.7006,0.7006,0.1966,0.1229,0.0942,0.1966,0.3270,0.5360,0.6510,0.2090,0.1150,63.31,22.60,,120.5,0.736,0.105,
1791426846.1162462,0.7006,0.7538,0.8030,0.5695,0.3646,0.4302,0.7538,0.7538,0.5695,0.0942,0.1557,0.7006,0.7006,0.0942,0.1229,0.0942,0.1229,0.3260,0.5350,0.6510,0.2090,0.1160,63.35,22.42,,119.7,0.728,0.104,
1791426846.1481018,0.4998,0.7538,0.7538,0.5695,0.2458,0.5695,0.6350,0.7006,0.5695,0.0737,0.1229,0.6350,0.6350,0.1966,0.0737,0.0942,0.0942,0.3260,0.5375,0.6580,0.2115,0.1205,63.76,22.48,,119.4,0.720,0.103,
1791426846.1794665,0.5695,0.8030,0.8440,0.4998,0.5695,0.6350,0.5695,0.7006,0.3646,0.1557,0.0942,0.5695,0.5695,0.0942,0.0574,0.0942,0.1557,0.3260,0.5360,0.6530,0.2100,0.1170,63.84,22.37,,118.4,0.727,0.103,
1791426846.210456,0.4998,0.6350,0.8030,0.5695,0.1557,0.3646,0.7006,0.2458,0.1966,0.0942,0.2991,0.6350,0.5695,0.1557,0.0942,0.0737,0.1229,0.3260,0.5345,0.6620,0.2085,0.1275,63.60,22.64,,117.4,0.726,0.104,
1791426846.2436607,0.7006,0.7538,0.6350,0.5695,0.3646,0.7006,0.6350,0.7006,0.6350,0.3646,0.0942,0.5695,0.3646,0.0574,0.0410,0.0574,0.1229,0.3260,0.5330,,0.2070,,63.53,22.82,160.7,116.7,0.709,0.104,1.208
1791426846.2761598,0.4302,0.5695,0.6350,0.5695,0.0942,0.7538,0.4998,0.5695,0.4302,0.1229,0.1229,0.7006,0.5695,0.1557,0.0737,0.1229,0.1966,0.3260,0.5345,0.6470,0.2085,0.1125,63.63,22.53,161.1,118.0,0.720,0.103,
1791426846.309867,0.4998,0.8440,0.8030,0.5695,0.3646,0.7538,0.6350,0.6350,0.4302,0.2458,0.1557,0.5695,0.4302,0.0737,0.1229,0.0410,0.0737,0.3260,0.5350,,0.2090,,63.78,22.39,160.8,117.9,0.748,0.103,
1791426846.3433278,0.6350,0.5695,0.7006,0.4998,0.1966,0.4998,0.5695,0.3646,0.5695,0.2458,0.1557,0.5695,0.7006,0.0942,0.0574,0.0369,0.1966,0.3260,0.5345,0.6560,0.2085,0.1215,64.46,22.29,161.0,117.2,0.756,0.100,
1791426846.3762531,0.4302,0.7006,0.8767,0.5695,0.4302,0.7006,0.6350,0.6350,0.5695,0.0737,0.1229,0.5695,0.4998,0.0205,0.0574,0.0410,0.1966,0.3280,0.5365,,0.2085,,64.41,22.42,159.3,117.6,0.699,0.100,
1791426846.4102502,0.4302,0.6350,0.9054,0.3646,0.1229,0.6350,0.5695,0.7538,0.6350,0.2991,0.0737,0.5695,0.6350,0.0737,0.0737,0.0369,0.0410,0.3260,0.5330,0.6520,0.2070,0.1190,64.26,22.23,159.7,118.5,0.756,0.100,
1791426846.4485695,0.6350,0.7006,0.7538,0.4302,0.1229,0.5695,0.6350,0.7538,0.3646,0.0737,0.1966,0.6350,0.5695,0.1557,0.0369,0.0737,0.1966,0.3250,0.5380,0.6500,0.2130,0.1120,64.89,22.09,158.8,118.5,0.710,0.098,
1791426846.480242,0.7006,0.6350,0.9259,0.3646,0.2458,0.4998,0.4998,0.7538,0.6350,0.1229,0.0942,0.6350,0.6350,0.1557,0.0574,0.0574,0.0574,0.3270,0.5315,0.6460,0.2045,0.1145,64.96,21.78,160.1,118.0,0.761,0.097,
1791426846.5120175,0.6350,0.7006,0.8030,0.4998,0.2991,0.6350,0.7538,0.8030,0.4998,0.2991,0.1557,0.5695,0.6350,0.0574,0.0737,0.0574,0.1557,0.3260,0.5350,0.6420,0.2090,0.1070,65.18,21.59,160.6,,0.706,0.096,
1791426846.543822,0.4998,0.7006,0.7006,0.5695,0.1966,0.5695,0.7006,0.7006,0.3646,0.1229,0.1966,0.6350,0.7006,0.0942,0.0737,0.0574,0.0942,0.3250,0.5385,0.6560,0.2135,0.1175,66.00,21.81,159.6,,0.701,0.093,
1791426846.5774677,0.4302,0.4998,0.8030,0.4998,0.2458,0.7006,0.5695,0.6350,0.6350,0.0942,0.0942,0.7006,0.6350,0.1229,0.0574,0.0410,0.0410,0.3250,0.5360,0.6470,0.2110,0.1110,65.45,22.03,159.9,,0.653,0.096,
1791426846.6098478,0.4998,0.8030,0.8030,0.4302,0.4302,0.8440,0.6350,0.8030,0.5695,0.1966,0.0737,0.6350,0.7538,0.0942,0.0369,0.0737,0.1966,0.3260,0.5345,0.6450,0.2085,0.1105,65.21,21.88,160.1,,0.709,0.097,
1791426846.6439826,0.4998,0.7006,0.8440,0.7006,0.4998,0.5695,0.5695,0.4998,0.4302,0.2458,0.0737,0.7006,0.6350,0.1229,0.1557,0.0574,0.0942,0.3250,0.5350,0.6470,0.2100,0.1120,64.85,21.62,159.3,,0.746,0.098,
1791426846.677573,0.4998,0.7006,0.8030,0.4998,0.1229,0.4302,0.5695,0.6350,0.2991,0.0942,0.0737,0.6350,0.7006,0.0737,0.0942,0.0942,0.1229,0.3280,0.5330,0.6450,0.2050,0.1120,64.38,21.55,160.4,,0.719,0.100,
1791426846.7108643,0.5695,0.9054,0.8030,0.5695,0.4998,0.4998,0.7006,0.4998,0.3646,0.2458,0.1229,0.6350,0.5695,0.0737,0.0737,0.1966,0.1966,0.3250,0.5335,0.6490,0.2085,0.1155,64.08,21.53,160.5,,0.734,0.101,
1791426846.7499404,0.5695,0.8030,0.5695,0.4302,0.2458,0.7006,0.6350,0.6350,0.4302,0.0942,0.0942,0.4998,0.6350,0.1229,0.0942,0.0737,0.0410,0.3250,0.5370,,0.2120,,64.35,21.60,159.8,,0.693,0.101,
1791426846.7821362,0.5695,0.4998,0.7538,0.5695,0.1966,0.4998,0.6350,0.7006,0.6350,0.0737,0.4302,0.5695,0.6350,0.0369,0.0410,0.0410,0.1229,0.3250,0.5330,0.6510,0.2080,0.1180,63.58,21.46,,118.3,0.771,0.104,1.526
1791426846.8138647,0.4302,0.7006,0.7006,0.4302,0.5695,0.6350,0.6350,0.5695,0.6350,0.0737,0.3646,0.7006,0.6350,0.1229,0.0246,0.0574,0.1229,0.3250,0.5350,0.6530,0.2100,0.1180,63.82,21.54,,117.6,0.735,0.103,1.401
1791426846.8456814,0.5695,0.4998,0.6350,0.5695,0.2458,0.5695,0.7538,0.5695,0.7006,0.0942,0.2991,0.5695,0.6350,0.0942,0.1229,0.0737,0.1557,0.3260,0.5375,0.6500,0.2115,0.1125,64.17,21.67,,117.6,0.689,0.101,
1791426846.8782732,0.4998,0.5695,0.7538,0.6350,0.2458,0.6350,0.7006,0.5695,0.6350,0.0737,0.7006,0.6350,0.5695,0.0942,0.0574,0.0574,0.1229,0.3250,0.5355,0.6510,0.2105,0.1155,64.31,21.61,,116.8,0.738,0.101,1.409
1791426846.9108021,0.3646,0.4998,0.6350,0.3646,0.2991,0.7538,0.7006,0.7538,0.6350,0.0737,0.1557,0.6350,0.6350,0.0737,0.0410,0.0574,0.1966,0.3280,0.5330,0.6490,0.2050,0.1160,64.01,21.59,,118.4,0.736,0.102,
1791426846.9439487,0.4302,0.7538,0.7006,0.5695,0.3646,0.5695,0.4998,0.5695,0.5695,0.0942,0.0574,0.5695,0.5695,0.0737,0.0942,0.0737,0.1966,0.3250,0.5365,0.6540,0.2115,0.1175,64.87,21.56,,115.6,0.747,0.098,
1791426846.9772136,0.4998,0.7538,0.7006,0.7006,0.2991,0.5695,0.6350,0.7538,0.2991,0.2458,0.4302,0.6350,0.4302,0.0737,0.0737,0.1966,0.1229,0.3280,0.5355,,0.2075,,64.44,21.71,,116.3,0.701,0.100,1.380
1791426847.0105374,0.4302,0.6350,0.5695,0.4998,0.1966,0.5695,0.6350,0.7538,0.3646,0.0942,0.0942,0.6350,0.5695,0.0410,0.0737,0.1557,0.0737,0.3280,0.5315,0.6630,0.2035,0.1315,63.67,22.11,,116.9,0.750,0.103,
1791426847.0440423,0.5695,0.7538,0.5695,0.4998,0.2991,0.6350,0.6350,0.6350,0.3646,0.1557,0.0737,0.6350,0.6350,0.0574,0.0942,0.0410,0.0737,0.3260,0.5335,0.6630,0.2075,0.1295,63.61,22.33,,117.0,0.757,0.103,
1791426847.081992,0.6350,0.8030,0.8030,0.4998,0.3646,0.5695,0.5695,0.7006,0.4302,0.0737,0.0942,0.6350,0.5695,0.0574,0.0942,0.0574,0.0737,0.3260,0.5335,0.6500,0.2075,0.1165,63.86,22.12,,117.1,0.747,0.102,
1791426847.1138473,0.4998,0.7538,0.7538,0.4998,0.4302,0.6350,0.5695,0.6350,0.5695,0.1229,0.0942,0.6350,0.6350,0.0942,0.0574,0.0942,0.1557,0.3260,0.5235,0.6510,0.1975,0.1275,64.14,22.48,,117.2,0.718,0.100,
1791426847.145495,0.5695,0.7538,0.8030,0.7006,0.1966,0.7006,0.5695,0.7006,0.4998,0.2458,0.1557,0.4998,0.4998,0.0410,0.0942,0.0410,0.0737,0.3260,0.5335,,0.2075,,64.16,22.55,,117.7,0.712,0.100,
1791426847.1786234,0.6350,0.6350,0.6350,0.4998,0.3646,0.5695,0.4998,0.6350,0.6350,0.0737,0.3646,0.6350,0.5695,0.0737,0.0369,0.0246,0.0410,0.3280,0.5345,0.6600,0.2065,0.1255,64.52,22.38,,119.1,0.786,0.098,1.413
1791426847.2104053,0.5695,0.7006,0.7538,0.5695,0.2458,0.2991,0.6350,0.7006,0.6350,0.0942,0.1229,0.5695,0.6350,0.0246,0.0246,0.0737,0.1557,0.3260,,0.6560,,,64.52,22.38,,119.1,,,
1791426847.2442036,0.3646,0.7538,0.6350,0.4998,0.1557,0.8030,0.5695,0.5695,0.7006,0.4302,0.0942,0.5695,0.5695,0.0410,0.0410,0.0369,0.1229,0.3260,0.5350,0.6540,0.2090,0.1190,64.75,22.51,156.2,117.6,0.700,0.097,1.129
1791426847.2778244,0.6350,0.4998,0.9054,0.4998,0.4302,0.2458,0.6350,0.4998,0.4302,0.1966,0.1966,0.4998,0.5695,0.0737,0.0369,0.0942,0.0942,0.3260,,,,,64.75,22.51,156.2,117.6,,,
1791426847.3117504,0.4302,0.4998,0.5695,0.5695,0.3646,0.5695,0.4302,0.5695,0.4302,0.1557,0.1229,0.5695,0.6350,0.0737,0.0410,0.0574,0.0942,0.3260,0.5320,0.6570,0.2060,0.1250,64.43,22.72,157.7,118.1,0.715,0.099,
1791426847.3447366,0.4302,0.6350,0.6350,0.4302,0.2458,0.8030,0.7006,0.7006,0.2458,0.0574,0.0574,0.6350,0.6350,0.1557,0.0574,0.2458,0.0737,0.3260,0.5310,0.6480,0.2050,0.1170,63.38,22.37,157.9,119.0,0.763,0.103,
1791426847.382553,0.4998,0.7006,0.7006,0.6350,0.4998,0.8030,0.7006,0.7538,0.5695,0.1557,0.1229,0.7006,0.7006,0.0942,0.1229,0.1557,0.2991,0.3280,0.5380,0.6480,0.2100,0.1100,63.82,22.39,159.3,117.8,0.664,0.102,
1791426847.415293,0.6350,0.3646,0.4998,0.5695,0.2991,0.8030,0.5695,0.5695,0.5695,0.0942,0.0942,0.5695,0.5695,0.0942,0.0410,0.0737,0.1229,0.3260,0.5350,0.6580,0.2090,0.1230,63.97,22.55,159.9,115.9,0.717,0.101,
1791426847.4461424,0.7006,0.7538,0.7538,0.6350,0.5695,0.8030,0.6350,0.4302,0.6350,0.1966,0.3646,0.6350,0.7006,0.0737,0.0574,0.1229,0.1229,0.3250,0.5370,0.6520,0.2120,0.1150,64.25,22.54,160.7,116.7,0.695,0.100,1.300
1791426847.4779859,0.5695,0.7538,0.6350,0.7006,0.4998,0.7006,0.6350,0.7006,0.3646,0.2991,0.1966,0.6350,0.7006,0.0205,0.0410,0.0737,0.1229,0.3250,0.5370,0.6520,0.2120,0.1150,64.42,22.62,160.5,115.8,0.679,0.100,
1791426847.512212,0.4998,0.7006,0.8030,0.6350,0.3646,0.7006,0.5695,0.7538,0.6350,0.1229,0.0942,0.6350,0.5695,0.0574,0.0574,0.0574,0.0737,0.3260,0.5345,0.6640,0.2085,0.1295,63.99,22.84,161.1,115.5,0.738,0.102,
1791426847.5447547,0.4998,0.6350,0.6350,0.6350,0.4998,0.7006,0.6350,0.7006,0.5695,0.1557,0.3646,0.6350,0.6350,0.0737,0.0369,0.0737,0.0737,0.3270,0.5335,0.6600,0.2065,0.1265,63.67,23.01,161.7,115.7,0.722,0.103,1.426
1791426847.5792837,0.6350,0.7538,0.7006,0.4998,0.4998,0.4998,0.5695,0.6350,0.3646,0.1229,0.1229,0.7006,0.6350,0.1557,0.0574,0.0942,0.1229,0.3250,0.5365,0.6510,0.2115,0.1145,63.95,22.86,162.1,115.8,0.700,0.102,
1791426847.6111984,0.4302,0.8440,0.4998,0.6350,0.2458,0.8440,0.5695,0.8030,0.6350,0.1229,0.1557,0.4998,0.5695,0.1557,0.0410,0.0410,0.0942,0.3260,0.5350,,0.2090,,64.19,22.68,162.1,116.3,0.744,0.101,
1791426847.6460116,0.4998,0.6350,0.7006,0.6350,0.1966,0.7006,0.7538,0.6350,0.2991,0.1229,0.3646,0.6350,0.6350,0.0369,0.0369,0.1229,0.1229,0.3250,0.5365,0.6560,0.2115,0.1195,64.42,22.77,162.3,116.2,0.698,0.100,1.331
1791426847.6782846,0.4998,0.8030,0.7006,0.5695,0.2991,0.4302,0.7006,0.2991,0.4302,0.1966,0.1966,0.6350,0.6350,0.0410,0.0737,0.0410,0.0942,0.3250,0.5305,0.6550,0.2055,0.1245,63.54,22.97,161.6,115.3,0.707,0.104,
1791426847.7163124,0.4998,0.7006,0.7538,0.4998,0.3646,0.7538,0.5695,0.7006,0.4302,0.2458,0.0737,0.4302,0.5695,0.0410,0.0369,0.1557,0.1229,0.3260,0.5345,,0.2085,,63.47,22.64,160.9,116.6,0.770,0.104,
1791426847.7482553,0.5695,0.4998,0.7538,0.4302,0.2991,0.6350,0.7006,0.6350,0.4998,0.2458,0.0574,0.4998,0.5695,0.0246,0.0737,0.3646,0.0737,0.3250,0.5315,,0.2065,,62.91,22.69,161.4,117.7,0.734,0.107,
1791426847.78043,0.5695,0.7538,0.5695,0.4998,0.4302,0.7006,0.5695,0.6350,0.4998,0.1966,0.0410,0.6350,0.6350,0.0737,0.0737,0.2991,0.1229,0.3280,0.5340,0.6550,0.2060,0.1210,62.74,22.71,,117.5,0.719,0.107,
1791426847.8125122,0.6350,0.5695,0.4998,0.4998,0.2991,0.5695,0.5695,0.7006,0.6350,0.0574,0.0737,0.5695,0.4302,0.0369,0.0410,0.0410,0.0942,0.3250,0.5385,,0.2135,,63.02,22.69,,116.5,0.701,0.106,
1791426847.8450844,0.7006,0.7538,0.4302,0.4998,0.2991,0.8030,0.4998,0.7538,0.4998,0.0737,0.0574,0.6350,0.5695,0.0942,0.0574,0.1557,0.1229,0.3290,0.5355,0.6550,0.2065,0.1195,63.06,22.56,,116.8,0.738,0.106,
1791426847.8780458,0.4998,0.4302,0.6350,0.5695,0.2458,0.7538,0.6350,0.8030,0.6350,0.1229,0.3646,0.4998,0.5695,0.0369,0.0737,0.0246,0.0942,0.3250,0.5345,,0.2095,,62.71,22.59,,116.6,0.720,0.108,1.433
1791426847.9124947,0.4998,0.6350,0.8030,0.3646,0.4302,0.7538,0.6350,0.7006,0.7006,0.0737,0.1229,0.5695,0.6350,0.1557,0.0410,0.0246,0.0410,0.3250,0.5245,0.6560,0.1995,0.1315,62.85,23.06,,117.1,0.706,0.106,
1791426847.944893,0.6350,0.6350,0.8030,0.7006,0.6350,0.6350,0.7538,0.7538,0.7006,0.4302,0.0737,0.6350,0.5695,0.0942,0.0737,0.0410,0.0574,0.3250,0.5345,0.6630,0.2095,0.1285,63.05,23.04,152.2,116.4,0.758,0.105,1.231
1791426847.978801,0.5695,0.8440,0.7538,0.5695,0.5695,0.7538,0.6350,0.5695,0.4998,0.2991,0.0737,0.6350,0.6350,0.0369,0.0737,0.0574,0.0737,0.3260,0.5340,0.6600,0.2080,0.1260,63.22,23.24,154.7,115.6,0.706,0.105,
1791426848.0128307,0.7006,0.8767,0.5695,0.5695,0.3646,0.6350,0.5695,0.7538,0.5695,0.2458,0.0737,0.7006,0.5695,0.0410,0.0369,0.0574,0.0942,0.3250,0.5380,0.6600,0.2130,0.1220,63.57,23.12,156.0,117.0,0.731,0.104,
1791426848.049806,0.4998,0.8440,0.7006,0.4302,0.4998,0.7538,0.5695,0.7006,0.2991,0.1229,0.0737,0.5695,0.3646,0.0410,0.0737,0.2458,0.1229,0.3250,0.5360,,0.2110,,63.42,23.18,156.7,116.5,0.704,0.105,
1791426848.082509,0.4998,0.7538,0.6350,0.4998,0.4998,0.4302,0.6350,0.4998,0.4302,0.4998,0.3646,0.6350,0.5695,0.1229,0.0942,0.0942,0.0942,0.3280,0.5355,0.6500,0.2075,0.1145,63.78,22.97,158.6,116.8,0.706,0.103,1.162
1791426848.113731,0.4998,0.5695,0.8030,0.4302,0.3646,0.5695,0.6350,0.7006,0.4302,0.0942,0.0942,0.6350,0.6350,0.0942,0.0574,0.0369,0.0369,0.3260,0.5350,0.6510,0.2090,0.1160,63.71,23.01,160.3,115.7,0.676,0.103,
1791426848.1454132,0.4302,0.7538,0.6350,0.3646,0.2991,0.5695,0.5695,0.5695,0.5695,0.0574,0.0942,0.5695,0.4998,0.0574,0.2458,0.0574,0.0942,0.3270,0.5310,,0.2040,,62.88,23.18,158.7,116.1,0.703,0.106,
1791426848.1788828,0.4998,0.8030,0.5695,0.4302,0.2458,0.7006,0.5695,0.8030,0.4302,0.0737,0.2458,0.5695,0.5695,0.0942,0.0410,0.0574,0.1229,0.3250,0.5345,0.6630,0.2095,0.1285,62.73,23.42,158.1,114.7,0.709,0.107,
1791426848.2116973,0.6350,0.7538,0.8030,0.5695,0.1229,0.7006,0.5695,0.5695,0.4998,0.0737,0.1229,0.6350,0.5695,0.0737,0.0246,0.0205,0.0942,0.3250,0.5355,0.6550,0.2105,0.1195,62.48,23.30,157.6,115.9,0.711,0.109,
1791426848.2461133,0.4302,0.8030,0.5695,0.5695,0.2991,0.5695,0.5695,0.4998,0.6350,0.0574,0.2458,0.4302,0.2458,0.0574,0.0942,0.2458,0.0737,0.3250,0.5335,,0.2085,,62.28,23.02,157.7,118.5,,0.110,
1791426848.2788932,0.7538,0.7006,0.6350,0.6350,0.1966,0.6350,0.5695,0.7006,0.4998,0.2991,0.0942,0.5695,0.5695,0.0737,0.0410,0.1229,0.0574,0.3260,0.5335,0.6670,0.2075,0.1335,62.38,23.22,159.4,118.4,0.751,0.109,
1791426848.3133721,0.8767,0.7538,0.7538,0.4302,0.2458,0.5695,0.5695,0.6350,0.2991,0.2458,0.2458,0.5695,0.4998,0.0246,0.0737,0.0410,0.0737,0.3270,0.5355,,0.2085,,62.38,23.06,160.5,118.6,0.745,0.109,
1791426848.3517776,0.4998,0.8030,0.7006,0.4302,0.1557,0.7538,0.5695,0.7538,0.3646,0.2991,0.0410,0.5695,0.6350,0.0574,0.0246,0.0574,0.0737,0.3250,0.5345,0.6550,0.2095,0.1205,62.71,23.03,161.6,118.6,0.712,0.108,
1791426848.3842738,0.6350,0.7006,0.3646,0.5695,0.2991,0.7538,0.7006,0.7006,0.6350,0.4302,0.4302,0.5695,0.6350,0.0942,0.0574,0.0369,0.0737,0.3270,0.5355,0.6510,0.2085,0.1155,63.04,23.07,160.9,116.8,0.673,0.106,1.125
1791426848.4160337,0.4302,0.8030,0.6350,0.4998,0.4998,0.6350,0.4998,0.7538,0.5695,0.1557,0.4302,0.6350,0.6350,0.0369,0.0574,0.0737,0.1229,0.3270,0.5410,0.6540,0.2140,0.1130,63.63,22.94,160.0,116.4,0.685,0.104,1.351
1791426848.4480264,0.8440,0.4998,0.8440,0.4998,0.2991,0.7538,0.4998,0.4998,0.4998,0.0574,0.2991,0.5695,0.5695,0.0574,0.0246,0.0574,0.1966,0.3250,0.5315,0.6580,0.2065,0.1265,62.87,22.97,158.0,117.2,0.742,0.107,
1791426848.4806972,0.5695,0.6350,0.5695,0.3646,0.2458,0.8030,0.7006,0.7538,0.2458,0.0737,0.2991,0.5695,0.7006,0.1229,0.0410,0.0164,0.0942,0.3260,0.5335,0.6510,0.2075,0.1175,62.63,22.70,158.8,118.2,0.740,0.108,
1791426848.5126066,0.4302,0.5695,0.8440,0.7006,0.2991,0.7006,0.6350,0.2458,0.3646,0.4302,0.1557,0.6350,0.5695,0.0574,0.0246,0.1557,0.1557,0.3260,0.5355,0.6620,0.2095,0.1265,63.13,22.97,158.4,119.4,0.709,0.106,1.202
1791426848.5462487,0.7006,0.7538,0.8440,0.4998,0.2458,0.7538,0.6350,0.5695,0.5695,0.1966,0.1557,0.6350,0.5695,0.0737,0.1229,0.0410,0.0574,0.3260,0.5340,0.6510,0.2080,0.1170,63.07,22.70,159.2,119.9,0.737,0.106,
1791426848.5789616,0.7006,0.5695,0.8440,0.7006,0.3646,0.6350,0.5695,0.7006,0.4302,0.1966,0.0574,0.6350,0.5695,0.0737,0.0574,0.0737,0.1557,0.3280,0.5370,0.6520,0.2090,0.1150,63.26,22.66,159.4,119.2,0.694,0.105,
1791426848.6126108,0.5695,0.6350,0.7538,0.4302,0.2991,0.5695,0.6350,0.7538,0.3646,0.0942,0.4302,0.6350,0.6350,0.1557,0.0737,0.0942,0.1966,0.3260,0.5360,0.6480,0.2100,0.1120,63.26,22.55,160.1,119.3,0.690,0.105,1.363
1791426848.6466417,0.5695,0.6350,0.8030,0.6350,0.3646,0.7006,0.4302,0.6350,0.4998,0.0737,0.2991,0.5695,0.6350,0.0737,0.0574,0.1966,0.1966,0.3260,0.5355,0.6540,0.2095,0.1185,63.09,22.60,158.6,119.3,0.704,0.106,
1791426848.6796978,0.5695,0.7538,0.7006,0.6350,0.1966,0.4302,0.5695,0.7006,0.6350,0.0942,0.0574,0.6350,0.7006,0.0369,0.0410,0.0574,0.1557,0.3260,0.5310,0.6560,0.2050,0.1250,62.10,22.52,159.5,118.7,0.766,0.110,
1791426848.717838,0.4998,0.8440,0.8030,0.5695,0.2991,0.8030,0.7006,0.8030,0.3646,0.0942,0.4302,0.6350,0.5695,0.1229,0.0942,0.0737,0.1557,0.3260,0.5325,0.6470,0.2065,0.1145,62.05,22.26,160.2,119.7,0.736,0.110,1.450
1791426848.7499907,0.4998,0.7538,0.4302,0.5695,0.4998,0.7006,0.5695,0.8030,0.3646,0.2458,0.3646,0.5695,0.6350,0.1557,0.0942,0.0574,0.0737,0.3280,0.5320,0.6520,0.2040,0.1200,61.55,22.22,159.6,119.3,0.740,0.112,1.419
1791426848.7808099,0.4302,0.6350,0.6350,0.7006,0.4302,0.7006,0.6350,0.6350,0.6350,0.0942,0.2991,0.6350,0.5695,0.1557,0.0942,0.0369,0.0410,0.3280,0.5320,0.6470,0.2040,0.1150,61.55,21.87,160.2,119.7,0.767,0.112,
1791426848.813068,0.4998,0.7006,0.7538,0.7006,0.2458,0.7006,0.4998,0.7006,0.4302,0.1229,0.0574,0.5695,0.6350,0.0737,0.0410,0.0410,0.0737,0.3260,0.5330,0.6560,0.2070,0.1230,62.09,21.84,159.5,118.8,0.771,0.109,
1791426848.8459637,0.3646,0.5695,0.7006,0.5695,0.2991,0.4998,0.7538,0.6350,0.5695,0.2458,0.0942,0.5695,0.6350,0.0737,0.0942,0.0574,0.1229,0.3260,0.5335,0.6600,0.2075,0.1265,61.90,22.11,159.9,118.0,0.740,0.110,
1791426848.8801024,0.4302,0.6350,0.7006,0.5695,0.2458,0.5695,0.4998,0.4998,0.4998,0.0737,0.1557,0.6350,0.5695,0.1557,0.0574,0.0410,0.0737,0.3260,0.5340,0.6590,0.2080,0.1250,62.14,22.15,159.5,117.5,0.761,0.109,
1791426848.9131649,0.3646,0.4998,0.5695,0.7538,0.4998,0.4998,0.5695,0.6350,0.6350,0.1229,0.0737,0.5695,0.6350,0.0737,0.0410,0.0574,0.0942,0.3260,0.5310,0.6520,0.2050,0.1210,62.22,22.15,157.8,117.4,0.742,0.109,
1791426848.9464295,0.4998,0.4998,0.7538,0.4998,0.4302,0.7006,0.4998,0.8030,0.7006,0.0942,0.0942,0.7006,0.6350,0.0574,0.0574,0.0942,0.1229,0.3260,0.5310,0.6480,0.2050,0.1170,62.33,22.22,158.2,115.9,0.706,0.108,
1791426848.9791753,0.4998,0.7538,0.7538,0.5695,0.1966,0.7006,0.4998,0.5695,0.5695,0.2458,0.1229,0.6350,0.6350,0.0737,0.0737,0.0942,0.1557,0.3260,0.5315,0.6460,0.2055,0.1145,62.69,21.88,157.8,116.3,0.764,0.106,
1791426849.013498,0.2991,0.8440,0.2991,0.4998,0.1966,0.4998,0.7006,0.7538,0.4302,0.4302,0.2458,0.5695,0.7006,0.0737,0.0410,0.0737,0.0942,,0.5335,0.6380,,0.1045,62.69,21.88,158.6,117.7,0.717,0.106,
1791426849.050632,0.6350,0.8030,0.5695,0.6350,0.5695,0.7538,0.7006,0.8030,0.6350,0.0942,0.1557,0.6350,0.6350,0.1557,0.0737,0.1229,0.1229,0.3260,0.5335,0.6440,0.2075,0.1105,63.05,21.76,157.7,116.8,0.711,0.105,
1791426849.083058,0.4302,0.7538,0.7538,0.6350,0.3646,0.5695,0.7538,0.7538,0.7006,0.2991,0.1229,0.7006,0.5695,0.1229,0.0737,0.0737,0.2458,0.3260,0.5335,0.6530,0.2075,0.1195,63.46,21.71,157.8,117.0,0.757,0.103,
1791426849.1150572,0.5695,0.8030,0.8440,0.6350,0.4302,0.6350,0.6350,0.7538,0.6350,0.2991,0.0574,0.6350,0.6350,0.0942,0.0942,0.0737,0.1557,0.3260,0.5340,0.6400,0.2080,0.1060,63.72,21.59,159.1,115.5,0.689,0.102,
1791426849.1463208,0.5695,0.7006,0.6350,0.5695,0.2991,0.6350,0.5695,0.6350,0.4998,0.0737,0.1557,0.5695,0.6350,0.0942,0.0574,0.0737,0.0942,0.3260,0.5310,0.6410,0.2050,0.1100,63.66,21.50,160.0,115.1,0.711,0.102,
1791426849.1804268,0.4302,0.8030,0.7006,0.4302,0.4998,0.8030,0.5695,0.6350,0.4302,0.0942,0.1557,0.6350,0.5695,0.0410,0.0942,0.0410,0.0574,0.3270,0.5340,0.6450,0.2070,0.1110,63.57,21.77,160.3,114.5,0.655,0.103,
1791426849.2132962,0.5695,0.7006,0.8030,0.6350,0.3646,0.7538,0.7006,0.7006,0.5695,0.2458,0.1966,0.7006,0.4998,0.0737,0.0410,0.0737,0.1966,0.3270,0.5305,,0.2035,,63.55,21.83,160.0,114.8,0.717,0.102,
1791426849.2469468,0.5695,0.8030,0.4302,0.4998,0.2458,0.7006,0.5695,0.7006,0.3646,0.0737,0.0410,0.4998,0.5695,0.0737,0.0246,0.1966,0.1229,0.3280,0.5305,,0.2025,,63.91,21.95,158.8,114.6,0.704,0.101,
1791426849.2803397,0.4998,0.5695,0.6350,0.4302,0.1966,0.5695,0.5695,0.6350,0.4302,0.1229,0.2991,0.7006,0.4998,0.0737,0.0246,0.0737,0.1557,0.3270,0.5310,,0.2040,,63.97,21.80,158.7,,0.744,0.100,
1791426849.3140225,0.7006,0.8440,0.7006,0.6350,0.4302,0.7006,0.6350,0.7538,0.4302,0.1229,0.1229,0.6350,0.6350,0.0942,0.0574,0.0737,0.1229,0.3270,0.5335,0.6440,0.2065,0.1105,64.43,21.76,159.9,,0.698,0.098,
1791426849.3465192,0.4998,0.7006,0.5695,0.6350,0.3646,0.8440,0.6350,0.8030,0.2991,0.0942,0.2991,0.5695,0.5695,0.0942,0.0369,0.1229,0.0942,0.3270,0.5330,0.6490,0.2060,0.1160,64.65,21.69,160.4,,0.738,0.097,
1791426849.384397,0.4998,0.8767,0.8767,0.4998,0.2991,0.4998,0.5695,0.7538,0.3646,0.1229,0.2458,0.5695,0.5695,0.0942,0.0246,0.0942,0.1229,0.3270,0.5335,0.6510,0.2065,0.1175,64.56,22.08,160.6,,0.669,0.098,
1791426849.4160998,0.4998,0.7006,0.4998,0.4998,0.2458,0.6350,0.5695,0.5695,0.4302,0.0942,0.0737,0.4998,0.3646,0.0737,0.0369,0.2991,0.0737,0.3270,0.5320,,0.2050,,64.53,22.34,160.8,,0.665,0.098,
1791426849.4475489,0.4998,0.7006,0.8030,0.5695,0.3646,0.4998,0.5695,0.7006,0.5695,0.1229,0.3646,0.4998,0.6350,0.0942,0.0369,0.0737,0.1557,0.3260,0.5305,,0.2045,,64.36,22.10,160.1,116.2,0.755,0.099,1.448
1791426849.4798326,0.4302,0.7538,0.7006,0.5695,0.1966,0.7006,0.6350,0.4998,0.3646,0.1557,0.1966,0.7006,0.6350,0.0737,0.0574,0.0410,0.0574,0.3270,0.5320,0.6540,0.2050,0.1220,64.51,22.22,159.7,116.8,0.730,0.098,
1791426849.5133498,0.6350,0.9423,0.7006,0.5695,0.3646,0.8030,0.6350,0.2991,0.3646,0.0574,0.1557,0.7006,0.6350,0.0942,0.0574,0.0574,0.0737,0.3270,0.5340,0.6400,0.2070,0.1060,64.64,22.05,157.7,117.2,0.678,0.097,
1791426849.546759,0.7006,0.8030,0.7538,0.5695,0.3646,0.5695,0.7006,0.2458,0.4998,0.1229,0.4302,0.6350,0.5695,0.0737,0.1229,0.0574,0.1229,0.3270,0.5320,0.6550,0.2050,0.1230,64.39,22.21,,117.3,0.732,0.099,1.391
1791426849.5799909,0.5695,0.8440,0.8030,0.6350,0.2991,0.7006,0.5695,0.6350,0.3646,0.0737,0.2991,0.7006,0.4998,0.1229,0.0942,0.1557,0.1557,0.3270,0.5330,,0.2060,,64.37,22.22,,117.0,0.706,0.099,
1791426849.61424,0.3646,0.5695,0.7538,0.4998,0.3646,0.8440,0.5695,0.8440,0.5695,0.0737,0.4998,0.5695,0.6350,0.1557,0.1229,0.0410,0.0737,0.3270,0.5345,0.6440,0.2075,0.1095,64.43,22.12,,116.9,0.687,0.099,1.368
1791426849.6470127,0.6350,0.8440,0.7006,0.7006,0.4302,0.7006,0.6350,0.7538,0.5695,0.1229,0.1966,0.7006,0.7006,0.0942,0.0369,0.0942,0.1229,0.3270,0.5330,0.6440,0.2060,0.1110,64.56,22.07,,116.9,0.692,0.098,
1791426849.6861522,0.5695,0.8030,0.8030,0.4998,0.4998,0.8030,0.6350,0.6350,0.2991,0.2458,0.2458,0.6350,0.5695,0.0410,0.0574,0.0574,0.1966,0.3270,0.5355,0.6520,0.2085,0.1165,65.11,22.11,,117.1,0.712,0.096,
1791426849.7176003,0.7538,0.7538,0.6350,0.4302,0.2991,0.7006,0.7538,0.6350,0.4302,0.1229,0.2458,0.4998,0.7538,0.0737,0.0574,0.0737,0.1229,0.3260,0.5310,,0.2050,,65.05,22.09,,117.7,0.724,0.096,
1791426849.7504144,0.5695,0.7006,0.6350,0.4302,0.3646,0.8030,0.5695,0.4302,0.4302,0.0942,0.2991,0.7006,0.4998,0.1966,0.0205,0.2458,0.1966,0.3270,0.5320,,0.2050,,64.71,21.99,,118.2,0.732,0.097,
1791426849.7803278,0.4998,0.8440,0.6350,0.5695,0.4302,0.8440,0.6350,0.6350,0.4998,0.2991,0.0737,0.5695,0.6350,0.0942,0.0246,0.2991,0.0737,0.3270,0.5340,0.6530,0.2070,0.1190,64.46,22.22,,118.8,0.695,0.099,
1791426849.8142836,0.6350,0.8440,0.3646,0.4302,0.2458,0.8030,0.4998,0.7538,0.5695,0.1229,0.1229,0.6350,0.5695,0.1229,0.0410,0.1229,0.0942,0.3270,0.5335,0.6440,0.2065,0.1105,64.65,22.21,,117.0,0.678,0.098,
1791426849.8474517,0.4302,0.8030,0.8440,0.4998,0.1966,0.8030,0.5695,0.6350,0.4302,0.0942,0.0942,0.5695,0.6350,0.0369,0.1229,0.0737,0.1557,0.3270,0.5335,0.6440,0.2065,0.1105,65.12,21.91,,116.3,0.730,0.096,
1791426849.8807309,0.5695,0.8440,0.7006,0.4998,0.2991,0.8440,0.7006,0.8030,0.6350,0.0410,0.1229,0.6350,0.6350,0.1229,0.0246,0.1229,0.3646,0.3270,0.5305,0.6410,0.2035,0.1105,64.79,21.85,,116.9,0.698,0.097,
1791426849.9147682,0.5695,0.8440,0.4302,0.5695,0.2991,0.7006,0.4302,0.7006,0.4302,0.2458,0.0574,0.6350,0.5695,0.1229,0.0942,0.1229,0.1966,0.3270,0.5360,0.6480,0.2090,0.1120,65.01,21.88,,115.7,0.692,0.096,
1791426849.9470327,0.4302,0.8030,0.7538,0.5695,0.2991,0.6350,0.6350,0.7538,0.3646,0.0737,0.4302,0.5695,0.4998,0.0942,0.0942,0.2991,0.0737,0.3270,0.5355,,0.2085,,65.40,21.91,,117.1,0.686,0.095,1.328
1791426849.98052,0.5695,0.8767,0.7538,0.4998,0.3646,0.8030,0.6350,0.6350,0.4998,0.1229,0.1966,0.4998,0.4998,0.0369,0.0737,0.1557,0.1966,0.3270,0.5335,,0.2065,,65.40,21.87,,116.2,0.709,0.095,
1791426850.0181432,0.4998,0.8030,0.7538,0.4302,0.2458,0.6350,0.7006,0.2991,0.6350,0.0942,0.2458,0.5695,0.5695,0.0246,0.0942,0.0737,0.1557,0.3270,0.5315,0.6390,0.2045,0.1075,65.10,21.71,,116.3,0.698,0.096,
1791426850.0500073,0.3646,0.8030,0.7006,0.5695,0.4998,0.2991,0.7006,0.6350,0.3646,0.0942,0.2991,0.6350,0.6350,0.0574,0.0574,0.0574,0.0737,0.3280,,0.6510,,,65.10,21.71,,116.3,,,
1791426850.082143,0.4998,0.8767,0.7006,0.4998,0.2991,0.4998,0.6350,0.3646,0.4302,0.1966,0.1557,0.5695,0.5695,0.0737,0.0942,0.0737,0.0942,0.3260,0.5325,0.6400,0.2065,0.1075,64.54,21.60,,116.1,0.695,0.098,
1791426850.113984,0.5695,0.8030,0.2458,0.5695,0.3646,0.7538,0.6350,0.6350,0.3646,0.0737,0.1966,0.5695,0.6350,0.0574,0.0737,0.1966,0.1557,0.3260,0.5335,0.6550,0.2075,0.1215,64.29,21.94,,116.0,0.706,0.099,
1791426850.1482098,0.4998,0.8767,0.4998,0.5695,0.2458,0.4998,0.8030,0.7538,0.6350,0.0942,0.1229,0.6350,0.6350,0.1229,0.0737,0.1229,0.1966,0.3260,0.5295,0.6270,0.2035,0.0975,63.84,21.63,,116.5,0.660,0.101,
1791426850.1808155,0.7538,0.6350,0.4302,0.4998,0.3646,0.7006,0.7006,0.7538,0.4998,0.0942,0.2991,0.4302,0.5695,0.1229,0.0942,0.1229,0.1229,0.3260,0.5315,,0.2055,,64.23,21.66,,116.6,0.692,0.099,
1791426850.2143812,0.6350,0.6350,0.5695,0.4998,0.2991,0.7006,0.7006,0.6350,0.6350,0.1229,0.0942,0.6350,0.7006,0.0737,0.0410,0.0737,0.1229,0.3260,0.5285,0.6490,0.2025,0.1205,63.89,21.86,,116.7,0.724,0.101,
1791426850.2476692,0.5695,0.5695,0.4302,0.5695,0.2991,0.2991,0.7538,0.8030,0.5695,0.1229,0.1966,0.6350,0.6350,0.0574,0.0574,0.1557,0.1966,0.3270,,0.6440,,,63.89,21.86,,116.7,,,
1791426850.2816675,0.4998,0.8767,0.5695,0.4302,0.2458,0.8030,0.5695,0.6350,0.4998,0.1229,0.0942,0.5695,0.4998,0.1229,0.0410,0.0574,0.0737,0.3270,0.5320,,0.2050,,64.06,21.84,,117.3,0.699,0.100,
1791426850.3202276,0.4998,0.7538,0.7538,0.4998,0.4302,0.6350,0.6350,0.7538,0.4998,0.1229,0.1966,0.6350,0.5695,0.0410,0.0410,0.0737,0.0942,0.3270,0.5315,0.6530,0.2045,0.1215,63.92,21.83,,117.6,0.759,0.100,
1791426850.35225,0.8030,0.7538,0.3646,0.4998,0.2458,0.5695,0.7006,0.8030,0.4998,0.1229,0.3646,0.6350,0.6350,0.0574,0.0942,0.1557,0.1557,0.3270,0.5320,0.6450,0.2050,0.1130,64.05,21.70,,118.3,0.729,0.100,1.407
1791426850.3840077,0.4998,0.7538,0.7538,0.5695,0.2991,0.6350,0.5695,0.2458,0.2991,0.2991,0.1966,0.6350,0.4998,0.0942,0.0574,0.2458,0.0942,0.3270,0.5305,,0.2035,,63.99,21.73,,117.3,0.717,0.100,
1791426850.4156337,0.5695,0.6350,0.6350,0.7006,0.4302,0.4998,0.4998,0.8030,0.4998,0.1557,0.0410,0.6350,0.6350,0.0942,0.0246,0.0574,0.1229,0.3260,0.5350,0.6520,0.2090,0.1170,64.38,21.90,,115.2,0.703,0.099,
1791426850.447909,0.5695,0.7538,0.7538,0.4998,0.3646,0.7538,0.4998,0.7006,0.4302,0.0737,0.0574,0.5695,0.4998,0.0410,0.0410,0.0574,0.0942,0.3270,0.5365,,0.2095,,64.96,21.82,,113.1,0.700,0.096,
1791426850.4816558,0.3646,0.7006,0.4998,0.5695,0.4302,0.7538,0.7006,0.7006,0.3646,0.2458,0.1229,0.7006,0.7006,0.0737,0.0369,0.1229,0.1229,0.3260,0.5320,0.6460,0.2060,0.1140,64.54,21.86,,114.8,0.704,0.098,
1791426850.5161192,0.5695,0.7538,0.6350,0.4998,0.2458,0.8030,0.7006,0.7006,0.3646,0.1229,0.4302,0.6350,0.6350,0.0737,0.0410,0.0574,0.0737,0.3270,0.5345,0.6450,0.2075,0.1105,64.73,21.84,,114.6,0.693,0.097,1.319
1791426850.5483766,0.3646,0.7006,0.6350,0.5695,0.3646,0.7006,0.5695,0.4998,0.2991,0.2458,0.2458,0.5695,0.4998,0.2458,0.1966,0.2991,0.0737,0.3260,0.5335,,0.2075,,64.78,21.74,,116.0,0.720,0.097,
1791426850.5814028,0.2991,0.8030,0.3646,0.5695,0.3646,0.6350,0.6350,0.7538,0.4998,0.0942,0.4998,0.6350,0.6350,0.0410,0.0410,0.0574,0.1229,,0.5305,0.6430,,0.1125,64.78,21.74,,116.2,0.706,0.097,
1791426850.6151447,0.6350,0.8440,0.6350,0.3646,0.2458,0.8030,0.7006,0.7006,0.4302,0.0737,0.1557,0.6350,0.6350,0.0205,0.0205,0.1966,0.1557,0.3270,0.5305,0.6480,0.2035,0.1175,64.55,21.65,,115.6,0.754,0.098,
1791426850.6533494,0.4302,0.8030,0.9054,0.4998,0.4302,0.4302,0.7006,0.3646,0.2991,0.0942,0.2991,0.6350,0.5695,0.0574,0.0942,0.0942,0.1966,0.3270,0.5325,0.6450,0.2055,0.1125,64.66,21.66,,116.4,0.706,0.098,
1791426850.6855044,0.7006,0.8440,0.6350,0.5695,0.1966,0.6350,0.5695,0.2458,0.5695,0.1966,0.0942,0.5695,0.4998,0.0246,0.0369,0.1557,0.1229,0.3260,0.5325,,0.2065,,64.78,21.55,,116.9,0.736,0.097,
1791426850.716668,0.4302,0.8440,0.4302,0.4998,0.3646,0.8030,0.5695,0.5695,0.3646,0.1557,0.1229,0.6350,0.7006,0.1557,0.0369,0.0942,0.1229,0.3270,0.5325,0.6430,0.2055,0.1105,64.83,21.58,,117.7,0.695,0.097,
1791426850.748773,0.4302,0.7538,0.7006,0.4998,0.3646,0.8767,0.5695,0.7006,0.7006,0.0737,0.1557,0.4998,0.7006,0.0737,0.0737,0.1966,0.1229,0.3260,0.5355,,0.2095,,65.07,21.54,,117.9,0.703,0.096,
1791426850.7821727,0.6350,0.7006,0.6350,0.5695,0.2991,0.7006,0.5695,0.5695,0.4998,0.0737,0.0942,0.6350,0.5695,0.0737,0.1229,0.0737,0.0942,0.3260,0.5345,0.6450,0.2085,0.1105,65.36,21.46,,116.5,0.714,0.095,
1791426850.8156645,0.6350,0.9054,0.7538,0.5695,0.5695,0.8030,0.6350,0.7006,0.4998,0.1229,0.0737,0.6350,0.7006,0.0942,0.0942,0.1966,0.1229,0.3260,0.5365,0.6420,0.2105,0.1055,65.26,21.55,,116.5,0.656,0.096,
1791426850.849729,0.4998,0.7538,0.7538,0.6350,0.3646,0.7538,0.5695,0.7006,0.2991,0.3646,0.2458,0.6350,0.6350,0.0246,0.0737,0.0737,0.0942,0.3260,0.5300,0.6470,0.2040,0.1170,64.94,21.41,160.7,116.6,0.765,0.097,1.256
1791426850.8822906,0.7006,0.8030,0.4302,0.5695,0.2458,0.6350,0.8030,0.8440,0.4302,0.1229,0.4998,0.6350,0.6350,0.1229,0.0737,0.1557,0.1966,0.3260,0.5330,0.6420,0.2070,0.1090,65.12,21.37,161.0,116.7,0.703,0.096,1.371
1791426850.9159799,0.5695,0.6350,0.4998,0.5695,0.2991,0.8440,0.7538,0.7006,0.5695,0.0737,0.2458,0.5695,0.6350,0.0737,0.1229,0.0737,0.0737,0.3260,0.5335,0.6440,0.2075,0.1105,65.03,21.43,160.2,116.6,0.695,0.096,
1791426850.949193,0.5695,0.7538,0.6350,0.6350,0.3646,0.8030,0.5695,0.6350,0.4998,0.0737,0.0574,0.7006,0.6350,0.0942,0.0737,0.0942,0.1557,0.3260,0.5355,0.6480,0.2095,0.1125,64.92,21.70,158.0,112.2,0.668,0.097,
1791426850.9874287,0.4998,0.7006,0.7538,0.5695,0.1966,0.8440,0.4998,0.7006,0.3646,0.1966,0.1966,0.7006,0.6350,0.0942,0.1229,0.0942,0.1229,0.3260,0.5310,0.6400,0.2050,0.1090,64.75,21.37,159.0,114.9,0.744,0.098,
1791426851.0197713,0.4998,0.6350,0.8767,0.4998,0.2991,0.6350,0.6350,0.4998,0.3646,0.1966,0.0942,0.5695,0.6350,0.0942,0.1557,0.1966,0.1966,0.3250,0.5355,0.6550,0.2105,0.1195,65.10,21.86,159.8,114.3,0.674,0.096,
1791426851.050554,0.5695,0.4302,0.4998,0.5695,0.2458,0.7538,0.7006,0.8030,0.6350,0.1229,0.0942,0.6350,0.7006,0.0942,0.0737,0.0737,0.0942,0.3250,0.5350,0.6420,0.2100,0.1070,65.28,21.79,160.3,113.8,0.680,0.096,
1791426851.0824807,0.4998,0.7538,0.5695,0.6350,0.3646,0.8030,0.6350,0.6350,0.4998,0.2458,0.1966,0.7006,0.7006,0.0942,0.0410,0.3646,0.1229,0.3260,0.5345,0.6500,0.2085,0.1155,65.28,21.94,160.1,115.2,0.695,0.096,
1791426851.1167457,0.5695,0.5695,0.4302,0.5695,0.2991,0.4998,0.6350,0.3646,0.4302,0.1229,0.1966,0.7006,0.7006,0.1966,0.0737,0.0942,0.2458,0.3250,0.5335,0.6450,0.2085,0.1115,65.32,21.73,157.5,115.6,0.730,0.096,
1791426851.148626,0.7538,0.7538,0.8030,0.4998,0.3646,0.8030,0.6350,0.6350,0.4302,0.0942,0.0942,0.4998,0.4302,0.1557,0.0942,0.0942,0.3646,0.3250,0.5340,,0.2090,,65.70,21.71,156.9,115.4,0.706,0.094,
1791426851.1824524,0.4302,0.7538,0.5695,0.5695,0.2991,0.5695,0.7006,0.7006,0.6350,0.1229,0.5695,0.6350,0.6350,0.1229,0.1229,0.1229,0.1966,0.3270,0.5335,0.6380,0.2065,0.1045,65.96,21.44,158.1,116.2,0.704,0.093,1.406
1791426851.2158778,0.6350,0.7006,0.5695,0.4302,0.3646,0.7538,0.5695,0.7006,0.7006,0.0574,0.1229,0.5695,0.2991,0.0942,0.0574,0.0737,0.0737,0.3280,0.5325,,0.2045,,65.71,21.45,156.8,115.9,,0.094,
1791426851.2490098,0.5695,0.7006,0.4998,0.4998,0.3646,0.7006,0.6350,0.5695,0.5695,0.0942,0.1557,0.6350,0.7006,0.1966,0.0942,0.1229,0.1966,0.3260,0.5355,0.6520,0.2095,0.1165,65.93,21.64,158.9,115.2,0.707,0.093,
1791426851.2822678,0.5695,0.7006,0.6350,0.5695,0.2458,0.5695,0.5695,0.6350,0.4998,0.0942,0.1229,0.5695,0.5695,0.0737,0.1229,0.1229,0.2458,0.3260,0.5340,0.6490,0.2080,0.1150,65.78,21.57,158.6,116.1,0.738,0.094,
1791426851.3207538,0.6350,0.7538,0.6350,0.4998,0.2991,0.7538,0.7538,0.8030,0.4998,0.0574,0.0942,0.5695,0.5695,0.0737,0.0942,0.0942,0.0942,0.3260,0.5345,0.6540,0.2085,0.1195,65.82,21.73,155.6,116.2,0.725,0.093,
1791426851.3526728,0.4302,0.7006,0.7006,0.4302,0.2458,0.7006,0.6350,0.7006,0.5695,0.2458,0.1557,0.4998,0.5695,0.0574,0.0246,0.0942,0.1557,0.3260,0.5310,,0.2050,,65.47,21.59,157.1,116.3,0.760,0.095,
1791426851.3847806,0.6350,0.7538,0.6350,0.5695,0.2991,0.7006,0.4998,0.6350,0.4998,0.0737,0.1229,0.5695,0.4998,0.0942,0.0942,0.0737,0.0737,0.3290,0.5340,,0.2050,,65.71,21.50,,117.3,0.738,0.093,
1791426851.4162903,0.5695,0.6350,0.7006,0.5695,0.2991,0.8030,0.7006,0.8030,0.2991,0.1229,0.1557,0.6350,0.7006,0.0737,0.1229,0.1229,0.1229,0.3250,0.5335,0.6420,0.2085,0.1085,65.61,21.32,,117.3,0.722,0.094,
1791426851.450354,0.5695,0.4302,0.5695,0.6350,0.3646,0.6350,0.6350,0.3646,0.3646,0.1229,0.1229,0.5695,0.3646,0.0574,0.0574,0.0574,0.1557,0.3250,0.5320,,0.2070,,65.09,21.16,,117.0,0.765,0.096,
1791426851.4831178,0.5695,0.7006,0.4998,0.6350,0.4302,0.7006,0.5695,0.7538,0.6350,0.1229,0.1966,0.5695,0.6350,0.0737,0.0942,0.0942,0.0942,0.3280,0.5360,0.6420,0.2080,0.1060,65.28,21.26,,116.8,0.666,0.095,
1791426851.5159976,0.4998,0.7538,0.7538,0.6350,0.4998,0.4302,0.7006,0.8030,0.7006,0.0942,0.0942,0.6350,0.6350,0.0410,0.0410,0.0942,0.1557,0.3280,0.5360,0.6410,0.2080,0.1050,65.43,21.31,,115.6,0.666,0.095,
1791426851.5498993,0.6350,0.7006,0.6350,0.4998,0.4302,0.7538,0.6350,0.7538,0.5695,0.2458,0.1229,0.5695,0.6350,0.0574,0.0369,0.0942,0.1966,0.3290,0.5330,0.6440,0.2040,0.1110,65.33,21.37,,116.0,0.700,0.095,
1791426851.5831878,0.4998,0.8440,0.7006,0.5695,0.2991,0.7006,0.6350,0.6350,0.4302,0.1229,0.1229,0.6350,0.6350,0.1557,0.0737,0.0942,0.1557,0.3300,0.5370,0.6470,0.2070,0.1100,65.76,21.32,,115.9,0.712,0.093,
1791426851.6166675,0.5695,0.6350,0.6350,0.4998,0.4302,0.6350,0.5695,0.5695,0.5695,0.3646,0.1557,0.5695,0.4998,0.0246,0.0942,0.0574,0.0942,,0.5310,,,,65.07,21.12,160.3,116.9,0.768,0.096,1.247
1791426851.655343,0.4302,0.4302,0.7006,0.4998,0.3646,0.8030,0.7006,0.7538,0.4998,0.0942,0.2991,0.7006,0.6350,0.1229,0.0942,0.1229,0.1966,0.3300,0.5345,0.6400,0.2045,0.1055,64.75,21.15,160.7,116.6,0.678,0.097,
1791426851.687506,0.5695,0.7006,0.7538,0.5695,0.4998,0.7006,0.6350,0.7006,0.3646,0.1229,0.4998,0.6350,0.6350,0.1229,0.0410,0.0942,0.0942,0.3260,0.5340,0.6470,0.2080,0.1130,64.52,21.41,160.5,116.5,0.683,0.098,1.336
1791426851.7183864,0.4998,0.5695,0.7006,0.5695,0.2991,0.5695,0.5695,0.2991,0.5695,0.1229,0.0942,0.6350,0.3646,0.0942,0.0369,0.0574,0.0737,,0.5320,,,,63.86,21.48,160.5,116.7,0.706,0.101,
1791426851.7503524,0.4998,0.7538,0.8030,0.6350,0.4302,0.5695,0.5695,0.7538,0.4998,0.2458,0.0942,0.7006,0.6350,0.0942,0.0737,0.0737,0.1966,0.3260,0.5355,0.6460,0.2095,0.1105,64.18,21.52,160.6,116.8,0.695,0.100,
1791426851.7825854,0.4302,0.9054,0.7538,0.6350,0.2458,0.6350,0.6350,0.6350,0.3646,0.1966,0.1966,0.6350,0.5695,0.0574,0.1229,0.0737,0.0942,0.3300,0.5365,0.6430,0.2065,0.1065,64.54,21.40,160.4,117.1,0.697,0.098,
1791426851.816784,0.5695,0.7006,0.5695,0.4998,0.2458,0.7006,0.5695,0.5695,0.6350,0.1966,0.3646,0.5695,0.5695,0.0410,0.0369,0.0410,0.0942,,0.5315,0.6540,,0.1225,64.40,21.59,160.0,116.8,0.747,0.099,1.427
1791426851.8499594,0.7006,0.8440,0.6350,0.5695,0.2458,0.6350,0.6350,0.7006,0.3646,0.0737,0.3646,0.6350,0.5695,0.1966,0.0410,0.0369,0.0410,0.3260,0.5335,0.6540,0.2075,0.1205,64.58,21.84,160.7,116.6,0.715,0.098,1.373
1791426851.883442,0.3646,0.7006,0.4998,0.4998,0.2991,0.6350,0.4998,0.4302,0.3646,0.2991,0.0942,0.6350,0.5695,0.0574,0.0410,0.3646,0.1557,0.3260,0.5370,0.6580,0.2110,0.1210,64.73,21.95,160.0,116.2,0.736,0.098,
1791426851.916711,0.4998,0.8030,0.8440,0.5695,0.2991,0.5695,0.4302,0.4998,0.3646,0.0737,0.0737,0.4998,0.5695,0.0574,0.0737,0.0737,0.0942,0.3240,0.5360,,0.2120,,65.09,22.05,158.9,116.2,0.688,0.097,
1791426851.9494228,0.4998,0.5695,0.7538,0.4998,0.3646,0.6350,0.4998,0.7538,0.2991,0.2991,0.1557,0.4302,0.5695,0.1229,0.1229,0.0737,0.1557,0.3260,0.5325,,0.2065,,64.81,22.25,159.1,115.9,0.690,0.098,
1791426851.987513,0.2991,0.8440,0.7006,0.4998,0.2991,0.7006,0.5695,0.6350,0.7006,0.2458,0.0737,0.6350,0.6350,0.0942,0.0737,0.0942,0.1557,,0.5350,0.6460,,0.1110,64.81,22.25,160.0,114.9,0.673,0.098,
1791426852.0194006,0.6350,0.7538,0.4998,0.6350,0.2991,0.5695,0.5695,0.6350,0.4998,0.4302,0.0737,0.5695,0.6350,0.0942,0.0574,0.0574,0.1966,0.3260,0.5360,0.6480,0.2100,0.1120,64.67,22.08,160.2,115.1,0.714,0.099,1.146
1791426852.0507903,0.7538,0.8030,0.7006,0.4302,0.4998,0.7006,0.8030,0.7538,0.1966,0.2991,0.3646,0.6350,0.6350,0.0737,0.0574,0.0737,0.0737,0.3260,0.5340,0.6460,0.2080,0.1120,64.89,22.19,160.1,115.3,0.671,0.098,1.342
1791426852.083163,0.7538,0.7006,0.4998,0.5695,0.4302,0.7006,0.7006,0.6350,0.6350,0.2991,0.3646,0.5695,0.7538,0.0942,0.1229,0.0574,0.1557,0.3270,0.5345,0.6510,0.2075,0.1165,64.70,22.08,159.7,115.7,0.733,0.098,1.437
1791426852.1169581,0.4302,0.6350,0.7006,0.7006,0.4302,0.8030,0.5695,0.6350,0.5695,0.2458,0.3646,0.5695,0.4998,0.0737,0.0737,0.0942,0.0942,0.3260,0.5355,,0.2095,,64.89,22.19,160.4,161.4,0.683,0.098,1.105
1791426852.1502845,0.3646,0.7006,0.7006,0.4998,0.3646,0.5695,0.7006,0.8030,0.2458,0.1229,0.4302,0.5695,0.5695,0.1229,0.0942,0.0737,0.1557,0.3260,0.5365,0.6480,0.2105,0.1115,65.32,22.24,160.6,176.2,0.674,0.096,1.302
