timestamp,nose_score,left_eye_score,right_eye_score,left_ear_score,right_ear_score,left_shoulder_score,right_shoulder_score,left_elbow_score,right_elbow_score,left_wrist_score,right_wrist_score,left_hip_score,right_hip_score,left_knee_score,right_knee_score,left_ankle_score,right_ankle_score,head_depth_m,chest_depth_m,hip_depth_m,neck_forward_offset_m,torso_recline_offset_m,head_forward_deg,torso_pitch_deg,elbow_left_deg,elbow_right_deg,torso_len_sw,head_up_m,wrist_face_sw
1791428412.5994012,0.4998,0.4998,0.5695,0.5695,0.3646,0.7006,0.5695,0.8030,0.4302,0.0574,0.0410,0.4998,0.4302,0.0410,0.0410,0.0737,0.0410,0.4190,0.6030,,0.1840,,64.24,,143.3,154.8,0.693,0.092,
1791428412.6399019,0.2458,0.7538,0.3646,0.4302,0.4302,0.6350,0.7006,0.7006,0.5695,0.0369,0.1966,0.4998,0.4302,0.0410,0.0737,0.0164,0.0164,,0.6165,,,,64.24,,136.1,153.3,0.651,0.092,
1791428412.671559,0.4302,0.5695,0.7006,0.4998,0.5695,0.7538,0.8030,0.6350,0.6350,0.1966,0.1966,0.4998,0.4302,0.0246,0.0369,0.0164,0.0205,0.4150,0.6050,,0.1900,,65.20,,138.8,154.0,0.692,0.088,
1791428412.7023406,0.6350,0.7006,0.9423,0.4998,0.3646,0.7006,0.5695,0.7538,0.5695,0.2458,0.0737,0.5695,0.4302,0.0737,0.0574,0.0369,0.0410,0.4160,0.6150,,0.1990,,66.61,,140.2,154.8,0.721,0.083,
1791428412.735198,0.7006,0.5695,0.5695,0.5695,0.4998,0.7006,0.5695,0.6350,0.5695,0.1966,0.2991,0.4998,0.4998,0.0574,0.0574,0.0246,0.0246,0.4150,0.6170,,0.2020,,67.77,,140.8,155.4,0.719,0.079,
1791428412.7661908,0.5695,0.7538,0.8030,0.4998,0.4998,0.6350,0.4998,0.8030,0.6350,0.2458,0.1557,0.4302,0.4998,0.0574,0.0574,0.0369,0.0410,0.4200,0.6175,,0.1975,,69.14,,141.7,154.7,0.697,0.074,
1791428412.798651,0.5695,0.4998,0.6350,0.5695,0.2991,0.8030,0.6350,0.6350,0.4302,0.2991,0.0737,0.4302,0.4998,0.0574,0.0737,0.0246,0.0369,0.4170,0.6045,,0.1875,,70.52,,141.7,153.7,0.692,0.068,
1791428412.8319135,0.5695,0.7538,0.7538,0.4998,0.2458,0.8030,0.6350,0.5695,0.5695,0.0737,0.2458,0.4998,0.4302,0.0246,0.0369,0.0369,0.0410,0.4220,0.6000,,0.1780,,71.21,,139.0,148.1,0.749,0.065,
1791428412.8655972,0.2991,0.8030,0.8030,0.4998,0.4302,0.7538,0.7538,0.7006,0.5695,0.3646,0.1966,0.4998,0.4302,0.0737,0.0246,0.0164,0.0410,,0.5980,,,,71.21,,140.1,144.4,0.692,0.065,
1791428412.8989007,0.7538,0.4998,0.8030,0.4998,0.3646,0.8030,0.6350,0.6350,0.5695,0.1557,0.1966,0.4998,0.4998,0.0205,0.0369,0.0205,0.0205,0.4130,0.6005,,0.1875,,72.22,,141.0,144.6,0.682,0.061,
1791428412.9378057,0.4302,0.7006,0.8030,0.4998,0.4302,0.8440,0.6350,0.4998,0.4998,0.1966,0.1966,0.5695,0.4998,0.0574,0.0410,0.0164,0.0246,0.4130,0.6090,,0.1960,,72.68,,142.8,146.4,0.695,0.060,
1791428412.969336,0.7006,0.7538,0.8030,0.4998,0.2991,0.7006,0.6350,0.6350,0.5695,0.2991,0.2458,0.4302,0.4998,0.0737,0.0574,0.0123,0.0164,0.4130,0.5970,,0.1840,,72.84,,142.7,147.5,0.720,0.059,
1791428413.0011141,0.7538,0.7006,0.4998,0.4998,0.2458,0.7006,0.5695,0.6350,0.5695,0.1557,0.1966,0.4998,0.4302,0.0574,0.0410,0.0164,0.0164,0.4120,0.5970,,0.1850,,72.72,,142.9,145.6,0.696,0.059,
1791428413.0327384,0.6350,0.4998,0.8030,0.4998,0.4302,0.7538,0.6350,0.6350,0.4998,0.3646,0.0737,0.2991,0.2458,0.1229,0.0574,0.0246,0.0205,0.4120,0.6100,,0.1980,,73.23,,144.4,147.5,,0.057,1.211
1791428413.0658453,0.3646,0.8030,0.8440,0.6350,0.2991,0.6350,0.5695,0.7006,0.4998,0.2458,0.0942,0.5695,0.4998,0.0942,0.0369,0.0369,0.0246,0.4120,0.5960,,0.1840,,72.83,,144.4,,0.689,0.058,
1791428413.0989962,0.7006,0.6350,0.8440,0.4302,0.3646,0.7538,0.6350,0.4302,0.4998,0.3646,0.1966,0.4302,0.4302,0.1966,0.0574,0.1557,0.1229,0.4120,0.6100,,0.1980,,72.15,,144.1,,0.672,0.061,1.196
1791428413.132226,0.4998,0.7538,0.7538,0.4302,0.2991,0.6350,0.5695,0.7538,0.6350,0.3646,0.1966,0.5695,0.4998,0.0410,0.0410,0.0410,0.0246,0.4130,0.6140,,0.2010,,71.86,,144.7,,0.687,0.063,1.177
1791428413.1660058,0.6350,0.6350,0.4998,0.4302,0.3646,0.7006,0.6350,0.7538,0.6350,0.3646,0.0410,0.4998,0.4998,0.0737,0.0410,0.0164,0.0410,0.4130,0.5955,,0.1825,,70.96,,144.6,,0.684,0.066,1.317
1791428413.1988711,0.4302,0.4998,0.5695,0.6350,0.3646,0.7538,0.4302,0.6350,0.3646,0.1966,0.1557,0.4998,0.4302,0.0737,0.0369,0.0410,0.0410,0.4130,0.5975,,0.1845,,70.63,,143.6,,0.684,0.067,
1791428413.2395523,0.5695,0.6350,0.8030,0.5695,0.4998,0.7006,0.4998,0.4998,0.7006,0.1966,0.1557,0.4998,0.4998,0.1229,0.0410,0.0410,0.0410,0.4130,0.5985,,0.1855,,70.28,,144.2,,0.695,0.068,
1791428413.271109,0.7006,0.5695,0.7538,0.4302,0.4302,0.4302,0.6350,0.4302,0.5695,0.1966,0.2458,0.5695,0.4998,0.1557,0.0737,0.0246,0.0369,0.4140,0.6005,,0.1865,,70.73,,143.8,,0.689,0.066,
1791428413.3022566,0.4998,0.5695,0.8440,0.6350,0.4998,0.6350,0.5695,0.7006,0.5695,0.1966,0.1966,0.5695,0.4998,0.0574,0.0942,0.0574,0.0737,0.4140,0.6115,,0.1975,,70.21,,145.2,,0.684,0.068,
1791428413.3333776,0.6350,0.6350,0.6350,0.4302,0.2458,0.7538,0.6350,0.7538,0.6350,0.2458,0.1966,0.4998,0.4998,0.1229,0.1557,0.0369,0.0369,0.4140,0.6120,,0.1980,,70.19,,146.4,,0.684,0.069,
1791428413.3665576,0.4302,0.7006,0.6350,0.5695,0.3646,0.6350,0.3646,0.6350,0.5695,0.0369,0.1229,0.5695,0.5695,0.0574,0.0942,0.0164,0.0246,0.4140,0.5965,0.7280,0.1825,0.1315,69.40,19.27,144.8,,0.672,0.071,
1791428413.399169,0.4302,0.5695,0.8030,0.4302,0.2991,0.7538,0.4302,0.5695,0.4998,0.2458,0.2991,0.4998,0.4998,0.0737,0.0942,0.0369,0.0369,0.4140,0.6120,,0.1980,,69.34,18.81,145.9,,0.715,0.072,
1791428413.4323573,0.3646,0.8767,0.8030,0.5695,0.2991,0.7006,0.4998,0.6350,0.5695,0.0942,0.1966,0.6350,0.4998,0.0410,0.0737,0.0369,0.0574,0.4140,0.6005,,0.1865,,69.70,18.87,144.7,,0.714,0.070,
1791428413.4656785,0.4302,0.7538,0.7006,0.4998,0.1966,0.7006,0.6350,0.6350,0.7538,0.1557,0.0942,0.4998,0.4302,0.0574,0.0737,0.0205,0.0369,0.4180,0.6000,,0.1820,,69.84,19.08,145.0,,0.686,0.069,
1791428413.5002544,0.4998,0.4302,0.4302,0.4302,0.4302,0.8030,0.5695,0.7006,0.5695,0.1966,0.1557,0.4998,0.4998,0.0410,0.0942,0.0164,0.0737,0.4130,0.5895,,0.1765,,69.91,19.35,144.6,,0.741,0.068,
1791428413.5398514,0.4302,0.8030,0.7006,0.6350,0.4302,0.5695,0.7006,0.5695,0.4998,0.1966,0.0410,0.5695,0.4998,0.0737,0.0574,0.0410,0.0410,0.4130,0.6020,,0.1890,,70.21,19.28,144.9,,0.707,0.067,
1791428413.5737247,0.6350,0.4998,0.3646,0.5695,0.3646,0.8030,0.7538,0.5695,0.4998,0.2458,0.2991,0.4998,0.4998,0.0737,0.0737,0.0205,0.0737,0.4130,0.5995,,0.1865,,70.33,19.42,145.2,,0.687,0.067,
1791428413.6045728,0.4998,0.7538,0.5695,0.6350,0.2991,0.7538,0.6350,0.7006,0.5695,0.3646,0.2458,0.4998,0.4998,0.0574,0.0737,0.0246,0.0410,0.4110,0.6120,,0.2010,,70.39,19.12,145.7,,0.679,0.068,1.214
1791428413.634884,0.5695,0.6350,0.8030,0.4998,0.2458,0.7538,0.6350,0.8030,0.5695,0.2991,0.2991,0.4998,0.4998,0.0737,0.0942,0.0369,0.0369,0.4120,0.6095,,0.1975,,70.64,18.96,146.5,,0.681,0.067,
1791428413.6664932,0.4302,0.4998,0.5695,0.4302,0.6350,0.4302,0.6350,0.3646,0.4998,0.0942,0.2458,0.5695,0.4998,0.0410,0.0942,0.0410,0.0410,0.4100,0.6120,,0.2020,,70.53,18.52,146.7,,0.724,0.068,
1791428413.6995683,0.6350,0.9054,0.5695,0.3646,0.4998,0.7006,0.4998,0.6350,0.4302,0.3646,0.2458,0.4998,0.4998,0.0942,0.0737,0.0246,0.0369,0.4110,0.6110,,0.2000,,70.60,18.36,147.1,,0.693,0.069,1.292
1791428413.7325115,0.7006,0.5695,0.7538,0.4302,0.3646,0.7538,0.7006,0.6350,0.7006,0.2991,0.2458,0.4998,0.4998,0.0737,0.0737,0.0164,0.0369,0.4110,0.6170,,0.2060,,70.60,18.03,147.3,,0.687,0.069,
1791428413.7672307,0.5695,0.7006,0.5695,0.5695,0.4998,0.7006,0.6350,0.6350,0.4302,0.1966,0.2991,0.4998,0.4998,0.0574,0.0574,0.0369,0.0246,0.4120,0.6160,,0.2040,,70.59,17.68,146.5,,0.714,0.070,
1791428413.8001866,0.5695,0.6350,0.8767,0.4302,0.4998,0.5695,0.4998,0.5695,0.4302,0.0369,0.2991,0.5695,0.4998,0.1229,0.0410,0.0369,0.0410,0.4120,0.6110,,0.1990,,69.96,17.54,144.3,,0.724,0.072,
1791428413.8339484,0.4302,0.8030,0.8030,0.4998,0.4998,0.7006,0.7006,0.4998,0.5695,0.0574,0.0942,0.5695,0.4998,0.0369,0.0410,0.0410,0.0369,0.4120,0.6180,,0.2060,,70.15,17.42,143.6,,0.670,0.072,
1791428413.8730345,0.4998,0.7006,0.6350,0.5695,0.5695,0.8440,0.7006,0.6350,0.6350,0.0369,0.1966,0.6350,0.5695,0.0737,0.0737,0.0410,0.0410,0.4120,0.6160,0.7160,0.2040,0.1000,69.94,17.80,143.3,,0.715,0.073,
1791428413.9053838,0.6350,0.8440,0.7538,0.4998,0.4302,0.7538,0.7006,0.7006,0.4302,0.2458,0.0737,0.5695,0.5695,0.1557,0.0737,0.0410,0.0410,0.4120,0.6150,0.7290,0.2030,0.1140,70.03,18.81,144.6,,0.675,0.073,
1791428413.936475,0.5695,0.9259,0.8030,0.3646,0.5695,0.7006,0.5695,0.7006,0.3646,0.2991,0.2458,0.5695,0.4302,0.0246,0.0737,0.0369,0.0369,0.4120,0.6215,,0.2095,,70.36,18.48,145.1,,0.702,0.072,
1791428413.9673245,0.7006,0.8440,0.8440,0.4302,0.2991,0.6350,0.7006,0.4998,0.3646,0.0369,0.2991,0.6350,0.4998,0.0246,0.0410,0.0410,0.0246,0.4140,0.6225,,0.2085,,70.36,18.32,146.3,,0.672,0.073,
1791428414.000199,0.4998,0.4302,0.8030,0.4998,0.4302,0.8030,0.7006,0.7006,0.5695,0.1557,0.3646,0.3646,0.4998,0.0942,0.0737,0.0205,0.0369,0.4140,0.5990,,0.1850,,70.00,18.88,146.6,155.6,0.709,0.073,1.300
1791428414.034716,0.2991,0.5695,0.7006,0.4998,0.2991,0.7006,0.4998,0.8030,0.4998,0.1557,0.2991,0.5695,0.4998,0.0942,0.1229,0.0369,0.0369,,0.6030,,,,70.00,18.88,146.4,150.9,0.693,0.073,
1791428414.0673466,0.2458,0.7538,0.7538,0.4302,0.3646,0.7006,0.6350,0.7538,0.4998,0.1966,0.2991,0.4998,0.4998,0.0410,0.0942,0.0369,0.0574,,0.6175,,,,70.00,18.88,147.1,152.6,0.683,0.073,
1791428414.1012714,0.5695,0.6350,0.4998,0.3646,0.2991,0.7538,0.4998,0.7538,0.4998,0.0369,0.2458,0.4302,0.4302,0.0369,0.0737,0.1557,0.0737,0.4140,0.6220,,0.2080,,70.04,18.57,145.6,152.7,0.690,0.073,
1791428414.1410496,0.2991,0.6350,0.6350,0.4302,0.2991,0.4998,0.6350,0.7538,0.7006,0.2458,0.0574,0.4998,0.4998,0.0246,0.0246,0.0369,0.2458,,0.6155,,,,70.04,18.57,146.8,152.6,0.701,0.073,
1791428414.1738322,0.5695,0.8030,0.7538,0.3646,0.4302,0.7006,0.4302,0.6350,0.4998,0.1966,0.2458,0.3646,0.3646,0.0737,0.0737,0.0369,0.0369,0.4140,0.6110,,0.1970,,69.75,18.36,146.6,152.7,0.766,0.074,
1791428414.205185,0.4998,0.8030,0.8440,0.4998,0.4302,0.5695,0.7006,0.6350,0.5695,0.1557,0.1229,0.4302,0.4998,0.0369,0.0410,0.0410,0.0574,0.4140,0.6140,,0.2000,,69.17,18.11,146.9,153.5,0.761,0.076,
1791428414.2368312,0.5695,0.7538,0.7538,0.4302,0.4302,0.5695,0.4998,0.7006,0.6350,0.2458,0.0737,0.4998,0.4998,0.0246,0.0942,0.0369,0.0369,0.4140,0.6195,,0.2055,,69.05,17.87,,153.2,0.728,0.077,
1791428414.269144,0.5695,0.8030,0.7006,0.4302,0.4302,0.8440,0.5695,0.5695,0.5695,0.1966,0.2458,0.4302,0.4998,0.0369,0.1557,0.0205,0.0369,0.4140,0.6165,,0.2025,,69.16,17.86,,154.1,0.712,0.077,
1791428414.3003445,0.4302,0.8030,0.8030,0.4998,0.4302,0.4998,0.2991,0.8030,0.3646,0.1966,0.1229,0.4998,0.4302,0.0246,0.1229,0.0369,0.1229,0.4140,,,,,69.16,17.86,,154.1,,,
1791428414.3334286,0.7006,0.6350,0.8030,0.4302,0.4998,0.6350,0.6350,0.6350,0.4302,0.0737,0.0942,0.5695,0.4998,0.0574,0.0574,0.0369,0.0410,0.4140,0.6120,,0.1980,,69.11,18.02,,153.7,0.710,0.077,
1791428414.367089,0.4998,0.8030,0.8030,0.6350,0.4302,0.7006,0.6350,0.4998,0.6350,0.1229,0.2458,0.4302,0.4998,0.0574,0.0737,0.0369,0.0369,0.4140,0.6015,,0.1875,,68.64,18.32,,155.0,0.753,0.078,
1791428414.4009147,0.4302,0.4998,0.5695,0.5695,0.2991,0.8030,0.6350,0.6350,0.7006,0.0942,0.2458,0.4302,0.4998,0.0574,0.0942,0.0410,0.0410,0.4140,0.6010,,0.1870,,68.25,19.17,,149.2,0.632,0.078,
1791428414.4340422,0.5695,0.5695,0.5695,0.5695,0.3646,0.6350,0.7006,0.6350,0.5695,0.1557,0.2458,0.4998,0.4998,0.0246,0.0410,0.0369,0.0410,0.4130,0.6105,,0.1975,,67.95,,,150.4,0.662,0.080,
1791428414.473759,0.7006,0.6350,0.4998,0.4998,0.4302,0.5695,0.6350,0.7006,0.4998,0.0410,0.3646,0.4998,0.4998,0.0942,0.0737,0.0369,0.0369,0.4140,0.6135,,0.1995,,68.28,,,152.1,0.699,0.078,1.227
1791428414.5056303,0.4998,0.6350,0.7006,0.4998,0.4998,0.7006,0.4302,0.6350,0.3646,0.0410,0.0574,0.4998,0.4302,0.0410,0.1229,0.0369,0.0369,0.4140,0.5990,,0.1850,,67.86,,,154.3,0.679,0.079,
1791428414.5367696,0.4302,0.6350,0.6350,0.2991,0.4998,0.7006,0.7006,0.7006,0.6350,0.0737,0.1229,0.4302,0.4998,0.0574,0.0369,0.0369,0.0410,0.4140,0.6055,,0.1915,,68.21,,,153.4,0.631,0.078,
1791428414.568415,0.4302,0.7006,0.7006,0.5695,0.4302,0.4998,0.6350,0.4998,0.4998,0.0574,0.1966,0.4998,0.4998,0.0246,0.0205,0.0737,0.0410,0.4130,0.6200,,0.2070,,68.72,,,153.6,0.653,0.077,
1791428414.6015449,0.3646,0.7006,0.6350,0.5695,0.4302,0.7538,0.5695,0.7006,0.5695,0.2458,0.0737,0.4998,0.4998,0.0737,0.0246,0.0737,0.0410,0.4130,0.6105,,0.1975,,68.68,,,154.5,0.697,0.077,
1791428414.6348698,0.2991,0.5695,0.6350,0.5695,0.4998,0.8030,0.5695,0.5695,0.6350,0.0410,0.2458,0.4998,0.5695,0.0410,0.0369,0.0410,0.0574,,0.6115,,,,68.68,,,155.0,0.745,0.077,
1791428414.6673977,0.4998,0.5695,0.4998,0.5695,0.2991,0.6350,0.4302,0.5695,0.7006,0.0737,0.3646,0.5695,0.4998,0.0410,0.0942,0.0574,0.0942,0.4130,0.6070,,0.1940,,68.29,,,177.8,0.747,0.078,1.396
1791428414.7002585,0.2991,0.7006,0.4998,0.6350,0.4302,0.5695,0.7006,0.4998,0.4998,0.1557,0.2458,0.4998,0.4998,0.0574,0.0574,0.0410,0.0737,,0.6080,,,,68.29,,,177.7,0.751,0.078,
1791428414.7350743,0.2991,0.5695,0.7006,0.4302,0.4302,0.7006,0.4998,0.6350,0.4998,0.0369,0.2458,0.5695,0.4998,0.0410,0.0410,0.0369,0.0369,,0.6145,,,,68.29,,,178.8,0.730,0.078,
1791428414.7674434,0.4302,0.8440,0.7006,0.5695,0.2458,0.7006,0.5695,0.7538,0.6350,0.1966,0.0942,0.4998,0.4998,0.0369,0.0574,0.1966,0.2458,0.4140,0.6100,,0.1960,,68.30,,,179.5,0.742,0.078,
1791428414.8070672,0.2458,0.8030,0.7006,0.5695,0.3646,0.5695,0.5695,0.5695,0.4998,0.0369,0.0942,0.4998,0.4302,0.0942,0.1229,0.1557,0.1229,,0.6010,,,,68.30,,,179.1,0.741,0.078,
1791428414.839383,0.7006,0.8767,0.8440,0.4998,0.4302,0.4302,0.6350,0.5695,0.5695,0.0737,0.2991,0.5695,0.4302,0.0410,0.0737,0.0410,0.0410,0.4140,0.6090,,0.1950,,68.03,,,179.3,0.658,0.079,
1791428414.8707407,0.4998,0.8030,0.7538,0.5695,0.4998,0.6350,0.7006,0.6350,0.3646,0.0574,0.1966,0.4998,0.4998,0.1229,0.0369,0.0369,0.0574,0.4140,0.6125,,0.1985,,68.07,,,179.7,0.676,0.079,
1791428414.9016912,0.3646,0.8030,0.5695,0.5695,0.4998,0.7006,0.4998,0.4998,0.4998,0.0574,0.2458,0.4998,0.4302,0.1229,0.0574,0.0410,0.0369,0.4140,0.6140,,0.2000,,68.21,,,179.5,0.661,0.079,
1791428414.934175,0.7006,0.7538,0.6350,0.4998,0.4302,0.7006,0.7006,0.4998,0.4302,0.0737,0.2458,0.5695,0.4998,0.0737,0.1229,0.0574,0.0410,0.4170,0.6010,,0.1840,,68.04,,,179.5,0.682,0.078,
1791428414.9674065,0.5695,0.7538,0.8030,0.4998,0.4998,0.5695,0.4998,0.6350,0.6350,0.0942,0.2991,0.4302,0.5695,0.0574,0.0737,0.0410,0.0410,0.4130,0.6090,,0.1960,,68.05,,,179.6,0.688,0.079,
1791428415.0011055,0.5695,0.7006,0.7006,0.5695,0.3646,0.7006,0.6350,0.5695,0.4302,0.0369,0.0574,0.5695,0.4998,0.0410,0.0574,0.0574,0.0369,0.4130,0.6105,,0.1975,,67.97,,,179.6,0.682,0.079,
1791428415.0347838,0.5695,0.6350,0.7538,0.4302,0.4998,0.5695,0.4998,0.6350,0.3646,0.0737,0.2991,0.4302,0.4302,0.0410,0.0574,0.0369,0.0369,0.4130,0.6125,,0.1995,,67.85,,,179.6,0.617,0.080,
1791428415.0682683,0.7006,0.7006,0.8440,0.4302,0.4302,0.3646,0.5695,0.6350,0.5695,0.0574,0.2458,0.4998,0.4998,0.0942,0.0410,0.0410,0.0410,0.4130,0.6075,,0.1945,,67.62,,,179.7,0.750,0.081,
1791428415.1012805,0.4302,0.7006,0.8030,0.4302,0.4302,0.7538,0.4998,0.7006,0.4998,0.1557,0.0737,0.5695,0.4302,0.0369,0.0574,0.0410,0.0369,0.4130,0.6015,,0.1885,,67.63,,,179.9,0.700,0.080,
1791428415.1398008,0.4998,0.8030,0.7538,0.5695,0.4998,0.7538,0.7538,0.6350,0.3646,0.0574,0.0574,0.5695,0.4302,0.1229,0.0246,0.0410,0.0410,0.4130,0.5995,,0.1865,,67.06,,,179.1,0.674,0.082,
1791428415.1716642,0.7538,0.7538,0.6350,0.5695,0.1966,0.7006,0.4998,0.7538,0.5695,0.0369,0.4302,0.4998,0.4998,0.0369,0.0574,0.0246,0.0369,0.4130,0.6090,,0.1960,,67.10,,,175.0,0.708,0.082,1.249
1791428415.2043946,0.4998,0.8440,0.8440,0.4302,0.3646,0.8440,0.7538,0.6350,0.4998,0.2991,0.2458,0.5695,0.4998,0.0410,0.0369,0.0369,0.0737,0.4130,0.5985,,0.1855,,66.75,,,174.5,0.716,0.082,
1791428415.2361226,0.4302,0.8440,0.8030,0.4998,0.4302,0.7538,0.7006,0.4998,0.4998,0.2991,0.1966,0.5695,0.4302,0.0737,0.1229,0.0574,0.0369,0.4130,0.6075,,0.1945,,67.41,,,174.3,0.700,0.080,
1791428415.268863,0.4302,0.9054,0.7538,0.5695,0.4302,0.6350,0.7538,0.6350,0.5695,0.0737,0.0574,0.4998,0.5695,0.0942,0.1229,0.0574,0.0369,0.4130,0.6110,,0.1980,,67.42,,,174.4,0.738,0.080,
1791428415.3021104,0.3646,0.4998,0.7538,0.4302,0.6350,0.7538,0.7538,0.8030,0.4998,0.0410,0.2458,0.5695,0.4998,0.0369,0.0205,0.0410,0.0410,0.4130,0.6180,,0.2050,,68.09,,,175.6,0.683,0.079,
1791428415.3356175,0.2991,0.7006,0.8030,0.4998,0.5695,0.7006,0.3646,0.6350,0.4998,0.1966,0.1966,0.5695,0.4302,0.0410,0.0574,0.0369,0.0369,,0.6170,,,,68.09,,,176.3,0.705,0.079,
1791428415.3690107,0.5695,0.7538,0.7006,0.4998,0.5695,0.6350,0.5695,0.6350,0.3646,0.0410,0.0574,0.5695,0.4998,0.0574,0.1229,0.0574,0.0574,0.4130,0.6180,,0.2050,,68.86,,,176.9,0.711,0.076,
1791428415.402316,0.5695,0.8030,0.5695,0.4998,0.4998,0.3646,0.5695,0.2991,0.5695,0.2991,0.1557,0.5695,0.4998,0.0737,0.0737,0.0369,0.0410,0.4130,0.6065,,0.1935,,68.95,,,176.3,0.698,0.076,
1791428415.4403067,0.4302,0.7006,0.4998,0.4302,0.5695,0.5695,0.4302,0.4998,0.4998,0.1966,0.2458,0.4302,0.4998,0.0410,0.0942,0.0574,0.0410,0.4130,0.5990,,0.1860,,68.71,,,175.8,0.696,0.076,
1791428415.4730892,0.5695,0.6350,0.4302,0.4998,0.3646,0.7538,0.5695,0.6350,0.4998,0.1966,0.1557,0.4998,0.4998,0.0737,0.0737,0.0574,0.1229,0.4130,0.6180,,0.2050,,68.90,,,176.1,0.684,0.076,
1791428415.5034194,0.2991,0.4998,0.7538,0.7006,0.3646,0.8030,0.7538,0.5695,0.7006,0.0246,0.2458,0.4998,0.4998,0.0246,0.0369,0.0410,0.0246,,0.6150,,,,68.90,,,176.6,0.709,0.076,
1791428415.535847,0.4998,0.7006,0.5695,0.5695,0.4302,0.7538,0.6350,0.5695,0.5695,0.0574,0.2458,0.4998,0.4998,0.0574,0.0369,0.0369,0.0574,0.4130,0.6075,,0.1945,,69.48,,,176.3,0.700,0.073,
1791428415.5695105,0.2458,0.7006,0.6350,0.3646,0.2991,0.6350,0.4302,0.4302,0.4302,0.0574,0.2991,0.5695,0.4998,0.0246,0.0246,0.0369,0.0369,,0.6065,,,,69.48,,,172.5,0.757,0.073,
1791428415.6028469,0.4302,0.6350,0.7006,0.5695,0.4302,0.7006,0.6350,0.4998,0.5695,0.0574,0.2458,0.5695,0.4998,0.0942,0.0574,0.0369,0.0369,0.4130,0.6085,,0.1955,,69.19,,,173.2,0.737,0.075,
1791428415.6364155,0.1966,0.7006,0.5695,0.4302,0.3646,0.7006,0.2991,0.7006,0.3646,0.0574,0.0737,0.4998,0.4302,0.0246,0.0246,0.0369,0.0574,,,,,,69.19,,,173.2,,,
1791428415.669989,0.4998,0.7538,0.8030,0.4998,0.4998,0.7538,0.6350,0.4998,0.6350,0.0737,0.2991,0.4998,0.4302,0.0942,0.0942,0.0574,0.0410,0.4130,0.6080,,0.1950,,68.85,,,172.7,0.694,0.076,
1791428415.7081525,0.1557,0.7538,0.7006,0.4998,0.4998,0.7538,0.5695,0.6350,0.2991,0.2458,0.0942,0.4998,0.5695,0.0942,0.0205,0.0369,0.0410,,0.6115,,,,68.85,,,,0.726,0.076,
1791428415.7404447,0.3646,0.7006,0.7538,0.4302,0.4302,0.7538,0.6350,0.7006,0.4302,0.0574,0.1966,0.4998,0.4998,0.1229,0.0942,0.0369,0.0410,0.4130,0.5990,,0.1860,,68.64,,,,0.663,0.076,
1791428415.7721517,0.3646,0.9259,0.8030,0.4998,0.3646,0.4998,0.5695,0.6350,0.3646,0.1966,0.2458,0.4998,0.4998,0.1229,0.0574,0.0574,0.0574,0.4130,0.6085,,0.1955,,68.99,,,,0.733,0.075,
1791428415.8043284,0.3646,0.4998,0.8030,0.5695,0.4302,0.4998,0.6350,0.6350,0.4998,0.0574,0.0737,0.5695,0.4302,0.1229,0.1557,0.0369,0.0369,0.4130,0.6080,,0.1950,,68.99,,,,0.723,0.075,
1791428415.8359036,0.2991,0.6350,0.8030,0.5695,0.3646,0.7006,0.6350,0.7006,0.4998,0.0574,0.2458,0.4998,0.5695,0.0574,0.0574,0.0737,0.0574,,0.6105,,,,68.99,,,,0.708,0.075,
1791428415.8689966,0.7006,0.7538,0.6350,0.4302,0.4302,0.7538,0.7006,0.2458,0.7006,0.0737,0.0737,0.4998,0.4302,0.0574,0.0369,0.0369,0.0410,0.4130,0.5965,,0.1835,,68.64,,,,0.659,0.075,
1791428415.9028058,0.5695,0.7538,0.8030,0.5695,0.4998,0.7538,0.4302,0.5695,0.7006,0.0574,0.0574,0.4998,0.4302,0.0410,0.0410,0.0410,0.0410,0.4140,0.5985,,0.1845,,68.97,,,,0.684,0.073,
1791428415.9356456,0.7006,0.8767,0.7538,0.4998,0.6350,0.8030,0.5695,0.5695,0.3646,0.0574,0.1229,0.5695,0.4302,0.0410,0.0737,0.0369,0.0369,0.4140,0.5975,,0.1835,,69.05,,,,0.659,0.072,
1791428415.9697204,0.1966,0.8440,0.5695,0.4998,0.5695,0.6350,0.5695,0.6350,0.4302,0.2458,0.1557,0.4998,0.5695,0.0369,0.0369,0.0737,0.0737,,0.6010,,,,69.05,,,,0.707,0.072,
1791428416.0039978,0.4998,0.8030,0.8767,0.3646,0.1966,0.7006,0.5695,0.6350,0.4302,0.3646,0.1229,0.4998,0.4998,0.0369,0.0246,0.0164,0.0737,0.4130,0.6015,,0.1885,,69.04,,144.1,,0.644,0.072,1.242
1791428416.0422797,0.2991,0.7006,0.7538,0.4998,0.4998,0.5695,0.6350,0.7006,0.6350,0.3646,0.0942,0.5695,0.4302,0.0369,0.0574,0.0369,0.0410,,0.6165,,,,69.04,,145.0,,0.685,0.072,
1791428416.0735223,0.4998,0.7538,0.6350,0.3646,0.4998,0.7006,0.5695,0.5695,0.3646,0.2458,0.2991,0.4998,0.4998,0.0574,0.0737,0.0410,0.0369,0.4140,0.5980,,0.1840,,69.54,,143.9,,0.639,0.070,
1791428416.1052845,0.6350,0.6350,0.8440,0.4998,0.3646,0.5695,0.6350,0.8030,0.6350,0.0246,0.0737,0.4998,0.4998,0.0246,0.0369,0.0164,0.0246,0.4130,0.6090,,0.1960,,69.73,,142.8,,0.675,0.070,
1791428416.1375194,0.4302,0.6350,0.6350,0.4302,0.2991,0.6350,0.4998,0.7006,0.4302,0.2991,0.0942,0.4998,0.5695,0.0205,0.0737,0.0369,0.0574,0.4130,0.5995,,0.1865,,70.19,,144.4,,0.738,0.068,
1791428416.171228,0.3646,0.8440,0.7538,0.5695,0.3646,0.7538,0.5695,0.4302,0.4302,0.2458,0.0737,0.4998,0.4998,0.0369,0.1229,0.0410,0.0410,0.4130,0.6045,,0.1915,,70.31,,144.2,,0.722,0.068,
1791428416.2042522,0.4302,0.7006,0.8767,0.5695,0.2991,0.8030,0.5695,0.4998,0.5695,0.0410,0.1229,0.5695,0.4998,0.0410,0.0369,0.0369,0.0369,0.4130,0.5955,,0.1825,,69.85,,143.2,,0.721,0.069,
1791428416.2369933,0.3646,0.8767,0.7006,0.5695,0.2991,0.7538,0.6350,0.6350,0.4302,0.4302,0.1557,0.4302,0.4998,0.0369,0.0410,0.0574,0.0369,0.4130,0.6025,,0.1895,,69.65,,143.5,,0.666,0.070,1.234
1791428416.2707613,0.4302,0.8767,0.5695,0.3646,0.4302,0.8440,0.6350,0.5695,0.4998,0.0574,0.2991,0.5695,0.4302,0.0369,0.0574,0.0737,0.0942,0.4130,0.6080,,0.1950,,70.31,,144.0,,0.681,0.068,
1791428416.3099914,0.2991,0.6350,0.6350,0.5695,0.4302,0.6350,0.6350,0.7006,0.5695,0.0574,0.0942,0.4998,0.4998,0.0410,0.0574,0.0369,0.0246,,0.6045,,,,70.31,,144.2,,0.683,0.068,
1791428416.3419065,0.7538,0.5695,0.4302,0.4302,0.4998,0.7006,0.4998,0.6350,0.5695,0.2458,0.2991,0.4998,0.4998,0.0369,0.0574,0.0369,0.0574,0.4140,0.5995,,0.1855,,70.34,,144.4,,0.675,0.067,
1791428416.3729963,0.2458,0.6350,0.6350,0.4998,0.2991,0.7006,0.4998,0.7538,0.4998,0.0574,0.1229,0.4998,0.4998,0.0369,0.0574,0.0369,0.0369,,0.6130,,,,70.34,,143.4,,0.677,0.067,
1791428416.4047449,0.3646,0.4998,0.6350,0.5695,0.2991,0.5695,0.6350,0.6350,0.7006,0.1966,0.2458,0.4998,0.5695,0.0574,0.0737,0.0369,0.0369,0.4220,0.5955,,0.1735,,70.19,,143.4,,0.682,0.067,
1791428416.4375534,0.4302,0.7538,0.7538,0.4302,0.3646,0.7538,0.5695,0.6350,0.5695,0.2458,0.1229,0.3646,0.4302,0.0574,0.0246,0.0246,0.0369,0.4150,0.5995,,0.1845,,70.51,,144.1,,0.684,0.066,
1791428416.47101,0.4302,0.5695,0.6350,0.2991,0.4302,0.4998,0.7538,0.7006,0.4302,0.0574,0.1557,0.4998,0.4998,0.0942,0.0942,0.0369,0.0574,0.4130,0.6105,,0.1975,,70.81,,141.5,,0.692,0.065,
1791428416.5040731,0.4302,0.8440,0.4998,0.4302,0.2991,0.7006,0.6350,0.4998,0.5695,0.1966,0.0737,0.4998,0.4998,0.0574,0.0942,0.1557,0.0410,0.4130,0.5955,,0.1825,,71.04,,142.0,,0.693,0.064,
1791428416.5379956,0.4998,0.4998,0.5695,0.4998,0.2991,0.7006,0.7006,0.4998,0.5695,0.0574,0.1229,0.5695,0.4998,0.0369,0.0737,0.0574,0.0574,0.4130,0.6070,,0.1940,,70.69,,141.9,,0.687,0.066,
1791428416.5778728,0.2458,0.6350,0.7538,0.5695,0.3646,0.8030,0.5695,0.5695,0.5695,0.2458,0.1966,0.5695,0.4302,0.0737,0.0737,0.0574,0.0574,,0.5960,,,,70.69,,143.3,,0.701,0.066,
1791428416.6072307,0.6350,0.6350,0.6350,0.4302,0.2991,0.7006,0.6350,0.5695,0.3646,0.0410,0.3646,0.4998,0.4998,0.1229,0.0246,0.0410,0.0574,0.4130,0.6120,,0.1990,,71.28,,143.2,169.7,0.709,0.065,1.204
1791428416.6391056,0.4302,0.8767,0.6350,0.4998,0.2991,0.5695,0.5695,0.7006,0.6350,0.0737,0.1557,0.5695,0.4302,0.0942,0.0205,0.0369,0.1557,0.4130,0.5955,,0.1825,,70.95,,142.9,169.5,0.728,0.065,
1791428416.6710098,0.4302,0.4998,0.7538,0.4998,0.3646,0.7538,0.5695,0.7006,0.4302,0.3646,0.0942,0.4302,0.4998,0.0246,0.0410,0.0410,0.0369,0.4130,0.5990,,0.1860,,71.33,,143.9,169.7,0.641,0.064,1.178
1791428416.7038672,0.6350,0.5695,0.7006,0.3646,0.4302,0.7538,0.5695,0.5695,0.4302,0.0737,0.1229,0.5695,0.4998,0.0369,0.0410,0.0410,0.0369,0.4120,0.5960,,0.1840,,71.17,,143.5,169.9,0.715,0.064,
1791428416.7370272,0.7538,0.7006,0.8030,0.4998,0.1966,0.7538,0.5695,0.4998,0.4302,0.0369,0.3646,0.4998,0.3646,0.0410,0.0410,0.1229,0.0369,0.4130,0.6150,,0.2020,,71.69,,140.6,167.0,0.648,0.063,1.161
1791428416.7701647,0.4998,0.5695,0.7538,0.4302,0.3646,0.7006,0.4998,0.4998,0.3646,0.2458,0.0942,0.5695,0.4302,0.0246,0.0205,0.0369,0.0369,0.4120,0.5975,,0.1855,,71.84,,140.9,166.5,0.692,0.062,
1791428416.8043427,0.4998,0.5695,0.8440,0.4302,0.3646,0.6350,0.7006,0.6350,0.4302,0.0574,0.2991,0.4998,0.4998,0.0369,0.0574,0.0410,0.0410,0.4120,0.5985,,0.1865,,72.02,,142.6,165.9,0.687,0.061,
1791428416.8445878,0.6350,0.7538,0.7006,0.3646,0.4302,0.7006,0.5695,0.5695,0.6350,0.2991,0.1229,0.4998,0.4998,0.0369,0.1229,0.0410,0.1557,0.4120,0.6150,,0.2030,,72.24,,141.1,165.6,0.631,0.061,
1791428416.8761816,0.7006,0.7006,0.8767,0.4998,0.4302,0.7006,0.7006,0.5695,0.5695,0.2458,0.0737,0.5695,0.4998,0.0574,0.0574,0.0410,0.0410,0.4140,0.6095,,0.1955,,72.20,,142.1,166.1,0.677,0.062,
1791428416.907333,0.6350,0.5695,0.6350,0.4302,0.3646,0.7538,0.7006,0.7006,0.6350,0.1966,0.2458,0.5695,0.4998,0.0942,0.0737,0.0369,0.0369,0.4140,0.6020,,0.1880,,72.87,,143.0,165.3,0.683,0.059,
1791428416.9388146,0.4998,0.7538,0.8030,0.4998,0.4302,0.7006,0.4302,0.2458,0.1966,0.2458,0.0942,0.4302,0.3646,0.0574,0.0205,0.0246,0.0369,0.4120,0.6110,,0.1990,,73.31,,142.7,163.9,0.678,0.058,
1791428416.9715254,0.7006,0.7538,0.8030,0.4302,0.4998,0.7006,0.5695,0.6350,0.4302,0.1557,0.0942,0.6350,0.4302,0.0942,0.0205,0.0369,0.0246,0.4120,0.6170,,0.2050,,74.03,,143.1,164.7,0.672,0.056,
1791428417.0043428,0.5695,0.7538,0.4998,0.4998,0.3646,0.7006,0.4998,0.6350,0.3646,0.2991,0.3646,0.5695,0.4302,0.0574,0.0369,0.0369,0.0410,0.4120,0.6165,,0.2045,,74.74,,143.6,163.1,0.672,0.054,1.153
1791428417.037654,0.6350,0.7006,0.7006,0.4998,0.4998,0.7006,0.4302,0.3646,0.4998,0.2458,0.1966,0.5695,0.4998,0.0942,0.0410,0.0410,0.0369,0.4120,0.6225,,0.2105,,75.45,,143.4,163.6,0.654,0.052,
1791428417.070873,0.6350,0.4998,0.8030,0.4998,0.2458,0.6350,0.7006,0.4998,0.6350,0.0737,0.1229,0.4302,0.4302,0.1966,0.0942,0.0574,0.1557,0.4120,0.5980,,0.1860,,75.27,,145.2,163.9,0.702,0.052,
1791428417.1047935,0.2458,0.5695,0.8440,0.4998,0.4302,0.7538,0.4302,0.7006,0.4998,0.0737,0.0737,0.4998,0.4302,0.0942,0.0574,0.0574,0.0410,,0.6025,,,,75.27,,145.2,163.0,0.666,0.052,
1791428417.1372821,0.3646,0.5695,0.8030,0.5695,0.3646,0.7006,0.5695,0.3646,0.6350,0.1557,0.1557,0.4998,0.4302,0.0737,0.0369,0.0410,0.0574,0.4110,0.6210,,0.2100,,75.98,,143.4,164.3,0.664,0.050,
1791428417.1778286,0.7538,0.7006,0.7006,0.5695,0.3646,0.7538,0.6350,0.4998,0.4998,0.1966,0.1557,0.4998,0.4998,0.0574,0.0574,0.0410,0.1966,0.4110,0.6000,,0.1890,,76.07,,142.5,163.7,0.687,0.049,
1791428417.208781,0.5695,0.7006,0.6350,0.4302,0.4302,0.8767,0.5695,0.8030,0.4998,0.0369,0.0574,0.4302,0.4998,0.0737,0.0574,0.0246,0.0369,0.4110,0.6200,,0.2090,,76.50,,,163.1,0.658,0.048,
1791428417.240295,0.4302,0.6350,0.4998,0.3646,0.2991,0.8030,0.5695,0.5695,0.3646,0.1966,0.2991,0.4998,0.2458,0.0574,0.0737,0.0410,0.1557,0.4100,0.6115,,0.2015,,76.06,,,164.2,,0.050,
1791428417.2730403,0.5695,0.6350,0.5695,0.4302,0.3646,0.7006,0.5695,0.5695,0.6350,0.2991,0.0737,0.4302,0.3646,0.0574,0.0942,0.0574,0.0410,0.4110,0.6195,,0.2085,,76.45,,,164.1,0.650,0.049,
1791428417.3057492,0.4998,0.7538,0.8767,0.6350,0.4998,0.5695,0.4302,0.7006,0.4302,0.2458,0.1557,0.4998,0.4302,0.1557,0.0942,0.0369,0.1229,0.4110,0.6075,,0.1965,,76.35,,,163.5,0.706,0.049,
1791428417.3446722,0.3646,0.7538,0.8030,0.5695,0.4998,0.7006,0.6350,0.7538,0.5695,0.2458,0.0410,0.4302,0.3646,0.0574,0.0737,0.1229,0.1557,0.4110,0.6160,,0.2050,,76.54,,,161.9,0.724,0.048,
1791428417.3750658,0.5695,0.7006,0.6350,0.5695,0.3646,0.4998,0.5695,0.4998,0.4302,0.2991,0.0410,0.4998,0.4302,0.0410,0.0942,0.0246,0.0942,0.4110,0.6165,,0.2055,,76.29,,,160.3,0.662,0.049,
1791428417.4066815,0.6350,0.8030,0.7538,0.4998,0.4998,0.7538,0.4302,0.7006,0.4302,0.0942,0.1229,0.4302,0.4998,0.0410,0.0942,0.0369,0.0369,0.4100,0.6175,,0.2075,,76.43,,,160.5,0.710,0.049,
1791428417.43866,0.7538,0.5695,0.8440,0.4302,0.2458,0.8030,0.5695,0.5695,0.4998,0.0410,0.1966,0.5695,0.4998,0.1229,0.0369,0.0369,0.1557,0.4110,0.6080,,0.1970,,76.44,,,160.8,0.709,0.049,
1791428417.4710066,0.4998,0.6350,0.4998,0.4998,0.4302,0.7538,0.4302,0.6350,0.4302,0.0942,0.1557,0.4998,0.4302,0.1557,0.0246,0.0410,0.1557,0.4110,0.6070,,0.1960,,76.42,,,162.2,0.778,0.049,
1791428417.504439,0.5695,0.5695,0.8030,0.4998,0.3646,0.7006,0.5695,0.5695,0.5695,0.0942,0.0574,0.4998,0.4998,0.0737,0.0737,0.0410,0.0410,0.4110,0.6130,,0.2020,,76.16,,,160.9,0.721,0.050,
1791428417.5377314,0.8030,0.6350,0.7006,0.5695,0.4998,0.7006,0.6350,0.6350,0.4302,0.0369,0.0942,0.4302,0.4302,0.0246,0.0246,0.0369,0.0410,0.4100,0.6175,,0.2075,,76.42,,,,0.753,0.049,
1791428417.5711555,0.6350,0.5695,0.6350,0.4302,0.2458,0.7006,0.5695,0.5695,0.6350,0.0942,0.1557,0.6350,0.4302,0.0574,0.0410,0.2458,0.1966,0.4090,0.6165,,0.2075,,76.19,,,,0.688,0.050,
1791428417.6041787,0.5695,0.5695,0.7538,0.6350,0.4302,0.7006,0.5695,0.5695,0.4302,0.0574,0.1229,0.5695,0.4998,0.0410,0.0410,0.0410,0.0737,0.4100,0.6075,,0.1975,,76.08,,,,0.694,0.050,
1791428417.6384,0.4998,0.5695,0.8030,0.5695,0.3646,0.7538,0.7006,0.4302,0.3646,0.1966,0.1229,0.5695,0.4302,0.0574,0.0410,0.0410,0.0369,0.4080,0.6070,,0.1990,,76.12,,,,0.764,0.050,
1791428417.6753712,0.3646,0.7538,0.8767,0.7006,0.4302,0.7538,0.5695,0.5695,0.4998,0.2991,0.0574,0.4302,0.4302,0.0737,0.0410,0.0246,0.0410,0.4090,0.6130,,0.2040,,76.23,,,,0.673,0.050,
1791428417.7063353,0.6350,0.4998,0.7538,0.5695,0.3646,0.6350,0.7006,0.5695,0.6350,0.2458,0.0574,0.5695,0.4302,0.0574,0.0205,0.0369,0.0369,0.4120,0.6200,,0.2080,,76.47,,,,0.648,0.049,
1791428417.738357,0.7006,0.7006,0.8030,0.6350,0.4302,0.7538,0.5695,0.5695,0.4998,0.0574,0.0942,0.5695,0.4998,0.0942,0.0942,0.0369,0.0574,0.4080,0.5955,,0.1875,,75.78,,,,0.667,0.051,
1791428417.7719443,0.5695,0.7538,0.6350,0.5695,0.3646,0.7538,0.5695,0.7006,0.7538,0.0246,0.0410,0.3646,0.4998,0.0574,0.0410,0.0410,0.0410,0.4090,0.6210,,0.2120,,76.37,,,,0.672,0.049,
1791428417.804663,0.3646,0.7538,0.7006,0.3646,0.3646,0.5695,0.4998,0.4302,0.5695,0.0410,0.0942,0.5695,0.4998,0.0246,0.0574,0.0574,0.1229,0.4090,0.6215,,0.2125,,76.86,,,,0.695,0.048,
1791428417.8383443,0.6350,0.8030,0.8030,0.4302,0.3646,0.7538,0.5695,0.4302,0.4998,0.1557,0.0737,0.4302,0.4302,0.2458,0.0574,0.1966,0.2458,0.4100,0.6085,,0.1985,,77.01,,,,0.724,0.047,
1791428417.8712037,0.3646,0.5695,0.6350,0.4998,0.4998,0.8030,0.4998,0.7538,0.4998,0.0410,0.1229,0.4998,0.4302,0.0410,0.0246,0.0369,0.0410,0.4120,0.6075,,0.1955,,77.62,,,,0.706,0.044,
1791428417.9046118,0.2991,0.6350,0.4998,0.5695,0.4302,0.8030,0.7538,0.5695,0.7006,0.0410,0.1966,0.4998,0.4302,0.0574,0.0246,0.0369,0.0574,,0.6140,,,,77.62,,,,0.654,0.044,
1791428417.9425468,0.4998,0.7538,0.8440,0.6350,0.2458,0.7006,0.7006,0.5695,0.5695,0.2991,0.1229,0.5695,0.4302,0.0410,0.0410,0.0410,0.0369,0.4070,0.6130,,0.2060,,77.54,,,,0.679,0.045,
1791428417.97417,0.5695,0.8030,0.8030,0.4302,0.3646,0.5695,0.8030,0.7538,0.2991,0.2458,0.1557,0.4998,0.4302,0.0246,0.0942,0.0574,0.0369,0.4080,0.5980,,0.1900,,77.33,,,,0.647,0.045,
1791428418.0049806,0.4998,0.7538,0.6350,0.4998,0.6350,0.5695,0.7006,0.7006,0.4302,0.0369,0.0737,0.4998,0.4998,0.0246,0.0369,0.0410,0.0574,0.4070,0.6130,,0.2060,,77.40,,,,0.668,0.045,
1791428418.0373347,0.7006,0.4998,0.8767,0.7006,0.4998,0.7006,0.4998,0.3646,0.5695,0.2458,0.2991,0.4998,0.2991,0.0574,0.0574,0.0410,0.0246,0.4110,0.6115,,0.2005,,77.49,,,,,0.045,
1791428418.071945,0.6350,0.6350,0.5695,0.5695,0.4302,0.8030,0.5695,0.4998,0.7006,0.0410,0.1966,0.4998,0.3646,0.0410,0.0737,0.0164,0.0369,0.4090,0.5985,,0.1895,,77.47,,,,0.658,0.044,
1791428418.105082,0.3646,0.4998,0.7006,0.4302,0.3646,0.6350,0.5695,0.5695,0.3646,0.0942,0.1229,0.5695,0.4302,0.0246,0.0574,0.1229,0.1966,0.4070,0.6200,,0.2130,,78.44,,,,0.674,0.041,
1791428418.138318,0.4302,0.6350,0.4998,0.4302,0.6350,0.6350,0.6350,0.4998,0.6350,0.0369,0.0737,0.4998,0.4302,0.0369,0.0574,0.0246,0.0369,0.4070,0.6190,,0.2120,,78.63,,,,0.679,0.041,
1791428418.171918,0.4302,0.7006,0.5695,0.4302,0.2458,0.7538,0.6350,0.4998,0.3646,0.1966,0.1966,0.4302,0.4302,0.0369,0.0737,0.1966,0.2991,0.4070,0.6195,,0.2125,,79.03,,,,0.585,0.040,
1791428418.2102375,0.5695,0.6350,0.6350,0.5695,0.3646,0.7006,0.6350,0.6350,0.6350,0.1557,0.1557,0.4998,0.4302,0.0246,0.0369,0.1229,0.1966,0.4070,0.5975,,0.1905,,78.60,,,,0.721,0.041,
1791428418.242065,0.4302,0.4998,0.6350,0.4302,0.3646,0.6350,0.4998,0.6350,0.4998,0.2991,0.2458,0.4998,0.4998,0.0574,0.0410,0.0205,0.0205,0.4070,0.6150,,0.2080,,78.77,,,,0.701,0.040,
1791428418.2739482,0.5695,0.4998,0.5695,0.3646,0.4302,0.7006,0.6350,0.7006,0.4998,0.0410,0.0737,0.4998,0.4998,0.0737,0.0574,0.0410,0.2991,0.4070,0.6135,,0.2065,,79.22,,,,0.678,0.039,
1791428418.3060558,0.1966,0.4302,0.7538,0.4302,0.2991,0.6350,0.7538,0.4998,0.6350,0.0574,0.0574,0.4998,0.4302,0.0574,0.0942,0.0369,0.0369,,0.6125,,,,79.22,,,,0.656,0.039,
1791428418.338976,0.6350,0.8030,0.7006,0.4302,0.5695,0.6350,0.7006,0.7006,0.4302,0.2458,0.1966,0.4302,0.4998,0.0369,0.0410,0.0369,0.0410,0.4070,0.6175,,0.2105,,80.15,,,,0.666,0.036,
1791428418.372204,0.6350,0.7538,0.5695,0.4302,0.2991,0.7006,0.5695,0.5695,0.4998,0.2991,0.1966,0.2991,0.2458,0.0246,0.0369,0.0164,0.0246,0.4060,0.6185,,0.2125,,80.58,,,,,0.034,
1791428418.4050465,0.4302,0.5695,0.8440,0.5695,0.4302,0.6350,0.7006,0.5695,0.6350,0.2458,0.1966,0.5695,0.4998,0.0737,0.1229,0.0410,0.1229,0.4060,0.6010,,0.1950,,81.14,,,,0.655,0.032,
1791428418.4388707,0.5695,0.7006,0.6350,0.4302,0.3646,0.7006,0.6350,0.7006,0.7006,0.2991,0.2458,0.4302,0.4302,0.0410,0.0737,0.0410,0.0574,0.4060,0.5990,,0.1930,,81.28,,,,0.693,0.031,
1791428418.4728875,0.3646,0.7538,0.7538,0.4302,0.3646,0.3646,0.4998,0.6350,0.3646,0.2458,0.1229,0.4302,0.4302,0.0737,0.0410,0.0123,0.0410,0.4060,0.6085,,0.2025,,81.65,,,,0.705,0.030,
1791428418.5097983,0.4302,0.4998,0.6350,0.4302,0.4302,0.6350,0.4302,0.7006,0.4302,0.1966,0.2458,0.2458,0.4302,0.0737,0.0942,0.0410,0.0369,0.4060,0.5955,,0.1895,,81.94,,,,,0.028,
1791428418.5413246,0.5695,0.5695,0.7006,0.4302,0.3646,0.7538,0.5695,0.7538,0.6350,0.2991,0.0942,0.4998,0.4998,0.0737,0.0737,0.0410,0.0410,0.4060,0.5955,,0.1895,,81.82,,,,0.692,0.028,
1791428418.571527,0.1966,0.2458,0.7006,0.4302,0.4302,0.7006,0.5695,0.7006,0.4998,0.2458,0.0737,0.5695,0.4998,0.1229,0.0574,0.0369,0.0410,,0.6030,,,,81.82,,,,0.671,0.028,
1791428418.6057577,0.4302,0.8030,0.6350,0.4302,0.4998,0.4998,0.5695,0.5695,0.4302,0.3646,0.1229,0.5695,0.4998,0.0574,0.0574,0.0246,0.0369,0.4060,0.5960,,0.1900,,81.57,,145.5,,0.676,0.029,1.151
1791428418.6385496,0.4998,0.5695,0.5695,0.4302,0.4302,0.5695,0.7006,0.6350,0.4302,0.1966,0.1229,0.4998,0.4998,0.1229,0.0574,0.0369,0.0410,0.4070,0.6155,,0.2085,,81.60,,144.9,,0.668,0.029,
1791428418.6725407,0.2991,0.4998,0.6350,0.4998,0.4302,0.7538,0.6350,0.4998,0.3646,0.2991,0.2458,0.4302,0.4302,0.0737,0.0410,0.0410,0.0574,,0.6165,,,,81.60,,145.1,,0.640,0.029,
1791428418.7059093,0.5695,0.7006,0.7538,0.4998,0.4998,0.7006,0.5695,0.5695,0.4302,0.0574,0.2458,0.4998,0.4998,0.0574,0.0246,0.0369,0.0942,0.4050,0.6025,,0.1975,,81.35,,144.5,,0.697,0.030,
1791428418.73893,0.8440,0.6350,0.7538,0.3646,0.3646,0.7006,0.4998,0.4998,0.2991,0.0574,0.0942,0.4998,0.4302,0.0246,0.1229,0.0410,0.0410,0.4070,0.6010,,0.1940,,80.91,,145.4,,0.673,0.032,
1791428418.7782423,0.7006,0.6350,0.9054,0.4998,0.4302,0.5695,0.6350,0.4302,0.4998,0.2458,0.1966,0.5695,0.4998,0.0410,0.0574,0.0246,0.0410,0.4060,0.6165,,0.2105,,80.43,,145.4,,0.661,0.034,
1791428418.8085725,0.6350,0.6350,0.9054,0.4998,0.3646,0.8440,0.4998,0.6350,0.4998,0.1966,0.2458,0.4998,0.4998,0.0369,0.0369,0.2458,0.1966,0.4070,0.6165,,0.2095,,79.72,,144.8,,0.704,0.037,
1791428418.8414977,0.4302,0.4998,0.5695,0.5695,0.3646,0.7538,0.7006,0.5695,0.4998,0.2991,0.1557,0.5695,0.5695,0.0369,0.0737,0.0369,0.1557,0.4090,0.6075,0.7130,0.1985,0.1055,79.04,19.97,145.6,,0.731,0.039,
1791428418.8726532,0.8030,0.6350,0.7006,0.4998,0.3646,0.7538,0.7006,0.6350,0.5695,0.3646,0.2991,0.5695,0.4302,0.0942,0.0369,0.0410,0.0574,0.4090,0.5990,,0.1900,,78.22,20.41,146.2,,0.674,0.042,1.255
1791428418.9062757,0.3646,0.5695,0.5695,0.4998,0.2458,0.7006,0.6350,0.6350,0.5695,0.2991,0.1966,0.5695,0.4998,0.0369,0.0410,0.2458,0.2458,0.4090,0.6225,,0.2135,,77.89,19.99,146.4,,0.658,0.043,
1791428418.93941,0.4998,0.6350,0.7538,0.4302,0.2991,0.7538,0.6350,0.6350,0.4302,0.0574,0.1229,0.4998,0.4302,0.0574,0.0410,0.1966,0.1966,0.4110,0.6155,,0.2045,,76.78,20.14,145.1,,0.615,0.048,
1791428418.9725454,0.3646,0.6350,0.4998,0.4998,0.2991,0.7538,0.4998,0.7006,0.4998,0.2991,0.0942,0.4998,0.4998,0.0369,0.0574,0.0410,0.1229,0.4120,0.5980,,0.1860,,75.86,20.80,145.5,,0.638,0.050,
1791428419.0061426,0.4302,0.7006,0.8440,0.5695,0.4998,0.4302,0.4998,0.2991,0.5695,0.2458,0.2991,0.5695,0.4998,0.0737,0.1557,0.0369,0.0369,0.4130,0.6105,,0.1975,,74.45,20.38,145.2,,0.724,0.055,
1791428419.0453923,0.4302,0.7006,0.6350,0.4998,0.4302,0.7006,0.4998,0.4302,0.2991,0.0574,0.3646,0.4302,0.4998,0.0942,0.0205,0.0574,0.0574,0.4130,0.6110,,0.1980,,73.77,20.14,146.4,164.9,0.704,0.058,1.180
1791428419.0768828,0.4998,0.8440,0.4998,0.4302,0.4302,0.1966,0.7006,0.5695,0.3646,0.0942,0.0574,0.4998,0.4302,0.0369,0.0369,0.0574,0.0410,0.4120,,,,,73.77,20.14,146.4,164.9,,,
1791428419.1086674,0.5695,0.6350,0.8030,0.4302,0.1557,0.7006,0.5695,0.7538,0.4998,0.2991,0.1229,0.5695,0.4998,0.0410,0.0410,0.0369,0.0410,0.4120,0.6090,,0.1970,,72.79,19.88,147.8,165.1,0.729,0.061,
1791428419.1400204,0.5695,0.8030,0.7538,0.3646,0.4302,0.8030,0.5695,0.5695,0.4302,0.0737,0.1557,0.4998,0.4302,0.0369,0.0369,0.0410,0.0574,0.4120,0.6110,,0.1990,,72.21,19.90,147.5,164.8,0.674,0.064,
1791428419.1728885,0.8030,0.8030,0.7006,0.5695,0.2991,0.7538,0.6350,0.6350,0.6350,0.2458,0.2458,0.5695,0.4998,0.0574,0.0737,0.0369,0.0369,0.4140,0.6115,,0.1975,,71.95,19.79,147.3,165.9,0.694,0.065,
1791428419.20755,0.7006,0.8440,0.4302,0.4998,0.4302,0.4998,0.5695,0.5695,0.5695,0.2991,0.1557,0.4998,0.4998,0.0246,0.0410,0.0410,0.0369,0.4120,0.6155,,0.2035,,71.57,19.68,147.1,165.0,0.671,0.066,
1791428419.2394865,0.4998,0.7006,0.6350,0.6350,0.5695,0.7006,0.7006,0.7006,0.4302,0.0737,0.3646,0.4998,0.4302,0.0369,0.0369,0.0574,0.0410,0.4120,0.6225,,0.2105,,71.89,19.47,144.5,174.8,0.642,0.066,1.189
1791428419.2739935,0.5695,0.8030,0.5695,0.5695,0.6350,0.6350,0.5695,0.8030,0.4302,0.2991,0.1966,0.4998,0.4998,0.0410,0.1229,0.0246,0.0410,0.4120,0.6170,,0.2050,,71.81,19.66,144.7,174.4,0.617,0.066,
1791428419.3068275,0.5695,0.7538,0.5695,0.4302,0.4302,0.4302,0.4302,0.6350,0.5695,0.2458,0.0942,0.4998,0.4998,0.1229,0.0246,0.0410,0.0410,0.4120,0.6205,,0.2085,,71.80,19.37,145.4,173.4,0.673,0.067,
1791428419.347141,0.6350,0.5695,0.7006,0.6350,0.4302,0.2458,0.4998,0.6350,0.5695,0.2991,0.1557,0.4302,0.4302,0.0942,0.0410,0.0410,0.0369,0.4120,,,,,71.80,19.37,145.4,173.4,,,
1791428419.3786795,0.4998,0.8440,0.6350,0.5695,0.1966,0.7006,0.6350,0.5695,0.5695,0.1966,0.2991,0.4998,0.4998,0.0574,0.0246,0.0246,0.0410,0.4120,0.6220,,0.2100,,71.67,,146.0,172.7,0.654,0.068,
1791428419.4090116,0.5695,0.9054,0.5695,0.7006,0.3646,0.4998,0.4302,0.5695,0.3646,0.2458,0.0737,0.4302,0.4302,0.0942,0.0737,0.0410,0.1229,0.4120,0.6170,,0.2050,,70.85,,,172.2,0.659,0.071,
1791428419.440654,0.6350,0.7538,0.5695,0.6350,0.2991,0.7538,0.5695,0.7006,0.5695,0.3646,0.1966,0.4998,0.4302,0.0737,0.0410,0.0205,0.0246,0.4120,0.6245,,0.2125,,70.79,,145.7,171.5,0.623,0.072,1.185
1791428419.4735823,0.5695,0.6350,0.6350,0.5695,0.5695,0.6350,0.4302,0.8030,0.4302,0.3646,0.1229,0.4302,0.4302,0.1557,0.2991,0.1557,0.0410,0.4120,0.6245,,0.2125,,70.51,,145.6,137.9,0.633,0.073,1.245
1791428419.50665,0.4998,0.5695,0.8030,0.4998,0.3646,0.7006,0.3646,0.7538,0.2991,0.2458,0.2458,0.4302,0.4998,0.0246,0.0410,0.0410,0.1557,0.4130,0.6140,,0.2010,,69.52,,145.7,145.1,0.726,0.077,
1791428419.5402298,0.4302,0.8767,0.7538,0.4302,0.4302,0.7006,0.4302,0.5695,0.6350,0.3646,0.0737,0.3646,0.4302,0.0410,0.1229,0.0205,0.0369,0.4130,0.6095,,0.1965,,67.93,,146.7,148.9,0.711,0.083,1.382
1791428419.5729392,0.4998,0.8767,0.7538,0.3646,0.4302,0.4302,0.4998,0.6350,0.5695,0.3646,0.2458,0.4998,0.4302,0.0410,0.1229,0.1966,0.1966,0.4130,0.6170,,0.2040,,67.49,,147.0,152.8,0.739,0.085,1.315
1791428419.6067345,0.6350,0.8767,0.8030,0.4302,0.3646,0.7006,0.4998,0.5695,0.4302,0.7006,0.4302,0.3646,0.4302,0.0574,0.0942,0.0410,0.0410,0.4130,0.6140,,0.2010,,66.73,,147.2,122.3,0.699,0.088,1.333
1791428419.640068,0.5695,0.7006,0.8440,0.5695,0.3646,0.8030,0.7006,0.6350,0.4302,0.1966,0.2991,0.4998,0.4302,0.0574,0.0942,0.0369,0.1229,0.4140,0.6045,,0.1905,,66.87,,147.1,127.0,0.713,0.086,
1791428419.6793594,0.6350,0.9259,0.5695,0.5695,0.4302,0.8030,0.4998,0.5695,0.6350,0.4998,0.2991,0.4302,0.5695,0.0369,0.0410,0.1557,0.0737,0.4140,0.6125,,0.1985,,66.43,,146.8,131.5,0.697,0.087,1.295
1791428419.7112205,0.3646,0.5695,0.4998,0.4998,0.3646,0.4302,0.4998,0.4998,0.4998,0.3646,0.1229,0.3646,0.4302,0.0574,0.0737,0.0574,0.0737,0.4140,0.6030,,0.1890,,66.35,,146.2,133.0,0.657,0.087,1.219
1791428419.7424955,0.5695,0.7006,0.8440,0.4302,0.2458,0.6350,0.5695,0.6350,0.5695,0.2991,0.1229,0.4998,0.4302,0.0942,0.0737,0.0164,0.0246,0.4140,0.6015,,0.1875,,66.18,,146.5,136.5,0.721,0.087,
1791428419.7736988,0.7006,0.7538,0.5695,0.4998,0.2991,0.7006,0.4998,0.6350,0.6350,0.2991,0.1557,0.4998,0.4302,0.0737,0.0574,0.1557,0.0410,0.4130,0.6185,,0.2055,,66.27,,147.0,139.5,0.667,0.087,
1791428419.8075,0.5695,0.7538,0.4998,0.4302,0.4998,0.4998,0.4998,0.5695,0.4302,0.3646,0.0737,0.4998,0.3646,0.1229,0.0574,0.0369,0.0574,0.4130,0.6155,,0.2025,,66.16,,146.9,140.3,0.685,0.088,1.271
1791428419.8404257,0.6350,0.7538,0.5695,0.4302,0.1557,0.6350,0.5695,0.6350,0.5695,0.2458,0.0574,0.4302,0.3646,0.0942,0.0737,0.1557,0.0410,0.4130,0.6195,,0.2065,,66.79,,146.7,140.9,0.680,0.086,
1791428419.8741167,0.7006,0.8440,0.7538,0.4998,0.3646,0.7538,0.4302,0.6350,0.4302,0.1966,0.3646,0.4998,0.4302,0.0737,0.1557,0.0574,0.0737,0.4130,0.6165,,0.2035,,67.45,,145.8,113.1,0.742,0.083,1.224
1791428419.9069042,0.6350,0.7006,0.7006,0.5695,0.3646,0.7006,0.4998,0.7538,0.5695,0.2991,0.0737,0.3646,0.4302,0.0737,0.0737,0.0574,0.0737,0.4130,0.6135,,0.2005,,67.58,,145.7,114.1,0.644,0.083,
1791428419.940441,0.2991,0.7006,0.4998,0.4302,0.4302,0.5695,0.4998,0.5695,0.5695,0.3646,0.3646,0.4998,0.4302,0.0942,0.0737,0.0369,0.0410,,0.6005,,,,67.58,,145.5,102.6,0.728,0.083,
1791428419.9801886,0.2991,0.8767,0.5695,0.5695,0.5695,0.7538,0.4302,0.4998,0.3646,0.0369,0.0942,0.4998,0.4302,0.0942,0.1229,0.1229,0.0410,,0.6170,,,,67.58,,143.1,104.5,0.696,0.083,
1791428420.0117586,0.4302,0.8440,0.4302,0.4302,0.2991,0.2991,0.4998,0.6350,0.4998,0.2991,0.1229,0.4302,0.4998,0.0574,0.0574,0.0410,0.1229,0.4140,,,,,67.58,,143.1,104.5,,,
1791428420.0439198,0.4998,0.7006,0.6350,0.6350,0.2458,0.5695,0.4302,0.4998,0.4302,0.0574,0.2458,0.4998,0.3646,0.0246,0.0942,0.0574,0.0410,0.4180,0.6205,,0.2025,,67.74,,144.6,108.1,0.647,0.082,
1791428420.075115,0.4998,0.8767,0.4998,0.4998,0.2458,0.5695,0.4302,0.4998,0.5695,0.2991,0.2458,0.5695,0.4998,0.1229,0.0574,0.0369,0.0574,0.4130,0.6155,,0.2025,,68.49,,145.8,108.2,0.675,0.079,
1791428420.1074934,0.4302,0.8440,0.5695,0.5695,0.3646,0.6350,0.4302,0.7006,0.3646,0.1966,0.0574,0.4998,0.4302,0.0942,0.1229,0.0410,0.0369,0.4130,0.5985,,0.1855,,67.79,,145.2,111.0,0.685,0.081,
1791428420.1411915,0.4302,0.8030,0.7006,0.6350,0.5695,0.6350,0.2458,0.7006,0.6350,0.2991,0.0737,0.4998,0.4302,0.0574,0.0574,0.0574,0.0574,0.4130,,,,,67.79,,145.2,111.0,,,
1791428420.1747649,0.4302,0.8030,0.6350,0.5695,0.3646,0.4998,0.4302,0.6350,0.4998,0.1966,0.2991,0.4302,0.4998,0.0942,0.1229,0.0410,0.0574,0.4130,0.6150,,0.2020,,68.21,,144.8,113.6,0.691,0.080,
1791428420.2076566,0.4302,0.8440,0.8767,0.4998,0.4302,0.6350,0.7006,0.5695,0.5695,0.2458,0.4302,0.4302,0.4998,0.0574,0.0574,0.0369,0.0574,0.4130,0.5980,,0.1850,,67.80,,144.0,128.0,0.669,0.080,1.269
1791428420.2416794,0.2991,0.7538,0.4998,0.5695,0.2458,0.7538,0.5695,0.6350,0.4302,0.2991,0.2458,0.4302,0.4998,0.0410,0.0410,0.0246,0.0246,,0.6075,,,,67.80,,144.6,128.0,0.668,0.080,
1791428420.2786393,0.2991,0.8030,0.4998,0.5695,0.4302,0.7006,0.5695,0.5695,0.5695,0.2991,0.2991,0.4998,0.4302,0.1557,0.0574,0.0369,0.0246,,0.6130,,,,67.80,,145.2,127.9,0.684,0.080,
1791428420.3111627,0.3646,0.8030,0.5695,0.4998,0.6350,0.5695,0.6350,0.8440,0.5695,0.2458,0.0410,0.4998,0.4302,0.0574,0.0737,0.0410,0.0410,0.4130,0.6140,,0.2010,,67.89,,146.4,128.7,0.695,0.080,
1791428420.3415012,0.5695,0.7538,0.5695,0.4998,0.3646,0.5695,0.4998,0.6350,0.3646,0.2458,0.0574,0.4998,0.4998,0.0942,0.0410,0.0369,0.0942,0.4130,0.6165,,0.2035,,68.11,,146.4,127.0,0.674,0.080,
1791428420.374344,0.4998,0.5695,0.5695,0.4998,0.3646,0.7006,0.3646,0.5695,0.5695,0.0410,0.2458,0.4302,0.4998,0.0737,0.0737,0.0737,0.1966,0.4130,0.6160,,0.2030,,68.73,,145.2,125.3,0.648,0.078,
1791428420.4083657,0.4998,0.8440,0.5695,0.4998,0.4302,0.8030,0.4302,0.6350,0.4998,0.2991,0.2991,0.4302,0.4998,0.1229,0.0942,0.0369,0.0410,0.4130,0.6200,,0.2070,,69.18,,145.1,123.7,0.630,0.076,
1791428420.4409888,0.3646,0.7538,0.8030,0.5695,0.4998,0.6350,0.6350,0.7006,0.6350,0.0574,0.1557,0.4998,0.4998,0.0737,0.0369,0.0369,0.0574,0.4130,0.6005,,0.1875,,68.26,,143.9,125.0,0.704,0.079,
1791428420.474904,0.5695,0.7006,0.4998,0.4302,0.2991,0.7006,0.4998,0.7006,0.4998,0.2458,0.0737,0.4998,0.3646,0.0737,0.0410,0.0410,0.0410,0.4130,0.6015,,0.1885,,68.17,,,125.5,0.670,0.079,
1791428420.5082717,0.2991,0.7006,0.6350,0.4998,0.6350,0.7006,0.5695,0.5695,0.5695,0.2458,0.1966,0.5695,0.4998,0.0369,0.0574,0.0369,0.0410,,0.6010,,,,68.17,,,125.3,0.692,0.079,
1791428420.5482943,0.2991,0.8767,0.8440,0.4998,0.5695,0.4998,0.5695,0.8030,0.3646,0.3646,0.2458,0.5695,0.4302,0.0369,0.0574,0.0369,0.0410,,0.6175,,,,68.17,,145.1,125.3,0.714,0.079,
1791428420.5805714,0.5695,0.8030,0.7006,0.4998,0.4998,0.4302,0.6350,0.5695,0.4302,0.3646,0.2991,0.4302,0.5695,0.0942,0.0246,0.0410,0.0410,0.4130,0.6140,,0.2010,,68.29,,145.8,125.8,0.733,0.079,1.331
1791428420.6125653,0.4302,0.8767,0.8440,0.5695,0.4302,0.6350,0.4998,0.6350,0.4998,0.2991,0.1229,0.4302,0.4302,0.0369,0.0574,0.0574,0.0410,0.4130,0.6125,,0.1995,,68.47,,146.6,125.4,0.700,0.078,
1791428420.6432078,0.4998,0.9259,0.6350,0.5695,0.5695,0.6350,0.8030,0.6350,0.5695,0.0574,0.4998,0.4998,0.4998,0.0410,0.0574,0.0369,0.0369,0.4130,0.6165,,0.2035,,68.48,,145.8,140.5,0.697,0.078,1.276
1791428420.6754289,0.4998,0.9259,0.8030,0.4302,0.5695,0.8030,0.4998,0.5695,0.4998,0.2458,0.3646,0.4302,0.4302,0.0574,0.0574,0.0369,0.0369,0.4130,0.6060,,0.1930,,68.15,,145.9,117.2,0.693,0.079,1.233
1791428420.7081442,0.4302,0.9259,0.7006,0.5695,0.4302,0.6350,0.4302,0.7538,0.5695,0.3646,0.2458,0.4998,0.4998,0.0737,0.0369,0.0574,0.0574,0.4130,0.6050,,0.1920,,67.81,,146.4,119.1,0.772,0.080,1.342
1791428420.7418354,0.4998,0.6350,0.7538,0.6350,0.4302,0.7538,0.7006,0.4998,0.7006,0.0574,0.2991,0.4302,0.4302,0.0737,0.0942,0.0410,0.0942,0.4190,0.5985,,0.1795,,67.11,,147.2,120.7,0.689,0.082,
1791428420.7751822,0.7538,0.9259,0.9054,0.4302,0.3646,0.7006,0.5695,0.7538,0.7006,0.4998,0.2458,0.4302,0.4998,0.0737,0.0737,0.0246,0.0737,0.4130,0.6065,,0.1935,,67.02,,146.9,123.7,0.743,0.082,1.346
1791428420.8082235,0.5695,0.8440,0.8030,0.4998,0.2991,0.6350,0.6350,0.5695,0.5695,0.2458,0.0942,0.4302,0.4998,0.0737,0.0737,0.0574,0.0246,0.4130,0.6075,,0.1945,,67.04,,147.0,124.4,0.711,0.082,
1791428420.8418427,0.6350,0.9054,0.7006,0.5695,0.3646,0.7538,0.4302,0.6350,0.3646,0.0574,0.1966,0.4998,0.4302,0.0737,0.1229,0.0737,0.0369,0.4130,0.6065,,0.1935,,67.16,,147.6,124.6,0.720,0.081,
1791428420.8816345,0.6350,0.9054,0.8440,0.4302,0.4302,0.7538,0.4302,0.6350,0.7006,0.2991,0.1229,0.4998,0.4302,0.0369,0.0737,0.0410,0.0369,0.4130,0.6140,,0.2010,,67.27,,147.5,124.3,0.699,0.082,
1791428420.91189,0.4302,0.8767,0.8030,0.4998,0.4998,0.6350,0.5695,0.6350,0.4998,0.0574,0.1966,0.4998,0.4998,0.0942,0.0246,0.0369,0.0369,0.4130,0.6140,,0.2010,,67.52,,148.3,123.6,0.721,0.081,
1791428420.9435267,0.5695,0.7006,0.7538,0.4302,0.4302,0.7006,0.4998,0.7538,0.4302,0.0942,0.0574,0.4998,0.4302,0.0942,0.0737,0.0737,0.0410,0.4130,0.6175,,0.2045,,67.95,,147.4,122.1,0.666,0.080,
1791428420.974788,0.4302,0.8767,0.4998,0.4998,0.4302,0.7006,0.5695,0.7538,0.6350,0.3646,0.1229,0.4302,0.3646,0.0737,0.1229,0.0410,0.0410,0.4130,0.6165,,0.2035,,67.93,,147.1,121.2,0.683,0.081,1.268
1791428421.0087295,0.6350,0.7538,0.8030,0.3646,0.4302,0.5695,0.4998,0.7006,0.5695,0.4998,0.0737,0.5695,0.4302,0.0574,0.0942,0.0369,0.0164,0.4130,0.6025,,0.1895,,67.91,,146.9,121.4,0.693,0.080,1.266
1791428421.0420325,0.5695,0.8440,0.8767,0.4998,0.4998,0.7538,0.5695,0.5695,0.4998,0.0737,0.1557,0.4302,0.4302,0.0737,0.0410,0.0574,0.0369,0.4130,0.6125,,0.1995,,68.00,,147.1,122.5,0.655,0.080,
1791428421.0756505,0.3646,0.7006,0.9259,0.4302,0.3646,0.7006,0.4998,0.5695,0.5695,0.0574,0.0574,0.4302,0.3646,0.0574,0.0737,0.0410,0.0410,0.4150,0.6155,,0.2005,,67.64,,145.9,121.4,0.669,0.082,
1791428421.1088905,0.4998,0.5695,0.6350,0.4998,0.3646,0.5695,0.5695,0.6350,0.7538,0.3646,0.1557,0.5695,0.4302,0.0369,0.0246,0.0574,0.0942,0.4130,0.6145,,0.2015,,67.48,,146.3,121.6,0.670,0.082,1.248
1791428421.1415558,0.4998,0.7006,0.8030,0.4998,0.3646,0.8030,0.6350,0.5695,0.4302,0.2458,0.0574,0.4998,0.4998,0.0942,0.0574,0.0369,0.0737,0.4130,0.6015,,0.1885,,67.45,,146.2,122.7,0.755,0.082,
1791428421.1814685,0.5695,0.8030,0.7538,0.4998,0.2458,0.4302,0.6350,0.7006,0.4998,0.3646,0.3646,0.4998,0.4998,0.1229,0.0574,0.0246,0.0246,0.4130,0.6145,,0.2015,,67.65,,146.4,108.9,0.741,0.081,1.268
1791428421.2127864,0.4302,0.5695,0.6350,0.4998,0.3646,0.4302,0.5695,0.6350,0.3646,0.0942,0.0574,0.4998,0.4998,0.0574,0.0737,0.0410,0.0410,0.4130,0.6090,,0.1960,,67.47,,146.6,110.3,0.761,0.082,
1791428421.245267,0.6350,0.7006,0.8767,0.2991,0.3646,0.7006,0.5695,0.6350,0.3646,0.2991,0.4302,0.3646,0.4998,0.0369,0.0410,0.0369,0.0410,0.4130,0.6065,,0.1935,,67.49,,147.4,124.2,0.834,0.081,1.375
1791428421.2753692,0.3646,0.6350,0.7538,0.3646,0.4302,0.4998,0.5695,0.4998,0.4998,0.2458,0.0737,0.3646,0.4998,0.0410,0.0574,0.0410,0.0369,0.4130,0.6155,,0.2025,,67.71,,147.2,124.5,0.673,0.081,
1791428421.3082507,0.4302,0.6350,0.6350,0.4302,0.4302,0.8030,0.2991,0.6350,0.3646,0.4302,0.1557,0.4302,0.4998,0.0246,0.0369,0.0369,0.0369,0.4130,,,,,67.71,,147.2,124.5,,,
1791428421.3425589,0.5695,0.6350,0.7538,0.4302,0.2991,0.4998,0.7006,0.4998,0.5695,0.0574,0.0737,0.2458,0.3646,0.0369,0.0574,0.0410,0.0942,0.4130,0.6075,,0.1945,,66.91,,145.5,125.0,,0.084,
1791428421.3760867,0.6350,0.7006,0.7538,0.4302,0.2458,0.6350,0.6350,0.8030,0.5695,0.2991,0.2458,0.4302,0.3646,0.0246,0.0574,0.0942,0.0369,0.4130,0.6140,,0.2010,,67.43,,145.4,125.4,0.706,0.082,
1791428421.4093614,0.4302,0.4998,0.4998,0.5695,0.4998,0.4302,0.7006,0.6350,0.4998,0.2991,0.1966,0.4302,0.4302,0.0369,0.0574,0.0574,0.0574,0.4130,0.6135,,0.2005,,67.68,,146.4,126.1,0.713,0.081,
1791428421.448874,0.3646,0.5695,0.5695,0.3646,0.3646,0.7006,0.5695,0.4998,0.5695,0.2991,0.2991,0.3646,0.2991,0.0737,0.0369,0.0369,0.0410,0.4130,0.6130,,0.2000,,67.68,,146.5,126.6,,0.082,
1791428421.4808242,0.2991,0.5695,0.5695,0.4302,0.2991,0.3646,0.3646,0.7006,0.5695,0.2458,0.1229,0.3646,0.4998,0.0410,0.0574,0.0410,0.0369,,0.6210,,,,67.68,,146.7,126.0,0.714,0.082,
1791428421.5126667,0.2991,0.7006,0.8030,0.5695,0.4998,0.7538,0.6350,0.5695,0.4302,0.0574,0.3646,0.3646,0.4302,0.0574,0.0737,0.0246,0.0369,,0.6025,,,,67.68,,145.8,139.8,0.689,0.082,
1791428421.543065,0.4998,0.7006,0.6350,0.4998,0.4998,0.7006,0.4998,0.6350,0.5695,0.0246,0.1557,0.4302,0.4302,0.0369,0.0369,0.0574,0.0410,0.4130,0.6200,,0.2070,,68.06,,145.2,138.8,0.687,0.081,
1791428421.575169,0.3646,0.5695,0.4998,0.4302,0.4302,0.8030,0.4998,0.6350,0.4998,0.0574,0.1966,0.4998,0.4302,0.0410,0.0246,0.0369,0.0369,0.4130,0.6175,,0.2045,,68.04,,146.2,138.5,0.703,0.081,
1791428421.609091,0.4998,0.7006,0.7006,0.5695,0.4302,0.2458,0.6350,0.8030,0.7006,0.0410,0.2991,0.4302,0.4998,0.0737,0.0574,0.0410,0.0410,0.4130,,,,,68.04,,146.2,138.5,,,
1791428421.6438994,0.3646,0.6350,0.7006,0.4998,0.3646,0.2991,0.4302,0.6350,0.4998,0.2991,0.0942,0.5695,0.3646,0.0574,0.0410,0.0246,0.0369,0.4130,,,,,68.04,,146.2,138.5,,,
1791428421.677216,0.3646,0.6350,0.7538,0.4998,0.2458,0.5695,0.6350,0.7006,0.4302,0.3646,0.2458,0.5695,0.4302,0.0574,0.0737,0.0410,0.0410,0.4130,0.6170,,0.2040,,67.89,,147.3,138.9,0.738,0.082,1.398
1791428421.7092602,0.4998,0.7006,0.8030,0.4998,0.3646,0.4998,0.4998,0.7006,0.4998,0.1966,0.1229,0.4998,0.5695,0.0369,0.1229,0.0410,0.0574,0.4130,0.6220,,0.2090,,68.35,,146.2,137.5,0.677,0.081,
1791428421.7424657,0.4302,0.5695,0.8030,0.5695,0.3646,0.4998,0.3646,0.5695,0.4998,0.0942,0.0942,0.4302,0.4302,0.0942,0.0737,0.0737,0.0574,0.4130,0.6205,,0.2075,,68.75,,144.7,136.5,0.667,0.079,
1791428421.7813666,0.1966,0.6350,0.7538,0.6350,0.3646,0.6350,0.4998,0.7006,0.2991,0.2458,0.0942,0.4302,0.4302,0.0574,0.0574,0.0410,0.0942,,0.6220,,,,68.75,,145.1,136.6,0.671,0.079,
1791428421.8132143,0.3646,0.7006,0.4998,0.5695,0.5695,0.6350,0.3646,0.6350,0.4998,0.2458,0.2458,0.4302,0.4302,0.1229,0.0942,0.0410,0.1229,0.4130,0.6215,,0.2085,,68.68,,145.0,136.0,0.662,0.080,
1791428421.8435585,0.5695,0.4998,0.5695,0.4998,0.3646,0.8030,0.2991,0.7006,0.2991,0.2991,0.1229,0.4998,0.4302,0.0942,0.0942,0.0369,0.0574,0.4130,,,,,68.68,,145.0,136.0,,,
1791428421.876231,0.5695,0.8030,0.5695,0.3646,0.4998,0.6350,0.2991,0.6350,0.3646,0.2458,0.1557,0.4302,0.4302,0.1229,0.0369,0.0410,0.0737,0.4150,,,,,68.68,,145.0,136.0,,,
1791428421.9093032,0.4998,0.7538,0.6350,0.4998,0.4302,0.5695,0.2991,0.7006,0.4998,0.2458,0.0942,0.4998,0.4302,0.0369,0.0737,0.0410,0.0410,0.4130,,,,,68.68,,145.0,136.0,,,
1791428421.9433339,0.5695,0.7006,0.8767,0.4998,0.4998,0.6350,0.4302,0.5695,0.3646,0.0410,0.2458,0.4302,0.4302,0.0737,0.0410,0.0246,0.0574,0.4130,0.6200,,0.2070,,68.55,,144.1,136.6,0.718,0.081,
1791428421.976519,0.6350,0.8440,0.7538,0.4998,0.3646,0.7538,0.2991,0.7006,0.4302,0.2991,0.0942,0.4302,0.4302,0.0369,0.0574,0.1557,0.1229,0.4150,,,,,68.55,,144.1,136.6,,,
1791428422.0098588,0.4998,0.4998,0.6350,0.5695,0.3646,0.3646,0.2458,0.7538,0.4302,0.0737,0.2991,0.4998,0.4998,0.0942,0.1557,0.0369,0.0942,0.4130,,,,,68.55,,144.1,136.6,,,
1791428422.0431273,0.3646,0.5695,0.6350,0.4302,0.4302,0.4998,0.2458,0.7006,0.4998,0.1966,0.2458,0.4998,0.4302,0.0205,0.0574,0.0369,0.0410,0.4150,,,,,68.55,,144.1,,,,
1791428422.0831418,0.4302,0.5695,0.6350,0.4998,0.2991,0.6350,0.4998,0.7006,0.4302,0.0737,0.0737,0.3646,0.4302,0.0246,0.0574,0.0246,0.0369,0.4130,0.6085,,0.1955,,68.20,,143.6,,0.753,0.081,
1791428422.1134183,0.2991,0.7538,0.4302,0.6350,0.4302,0.6350,0.6350,0.7006,0.4998,0.4302,0.2991,0.4302,0.4302,0.0942,0.0369,0.0574,0.0574,,0.6160,,,,68.20,,144.1,,0.724,0.081,
1791428422.144917,0.4302,0.4998,0.7006,0.6350,0.4302,0.7006,0.4998,0.6350,0.4998,0.2991,0.2991,0.4998,0.4998,0.0369,0.0737,0.0410,0.0574,0.4130,0.6185,,0.2055,,68.21,,145.0,,0.706,0.081,
1791428422.177119,0.4302,0.7538,0.8030,0.5695,0.4302,0.3646,0.2991,0.7006,0.7538,0.1966,0.2458,0.4998,0.4302,0.0942,0.0574,0.0246,0.0410,0.4130,,,,,68.21,,145.0,,,,
1791428422.2097495,0.5695,0.6350,0.7006,0.4302,0.3646,0.7538,0.4998,0.7006,0.4998,0.0369,0.3646,0.5695,0.4302,0.0942,0.0410,0.0410,0.0246,0.4130,0.6200,,0.2070,,68.26,,145.1,151.8,0.670,0.082,1.233
1791428422.243574,0.4998,0.7006,0.6350,0.5695,0.2991,0.7538,0.5695,0.6350,0.7538,0.2458,0.2458,0.4998,0.4998,0.0410,0.0737,0.0410,0.0574,0.4130,0.6045,,0.1915,,68.02,,145.3,151.9,0.696,0.081,
1791428422.2774773,0.6350,0.7006,0.7538,0.3646,0.1557,0.5695,0.5695,0.7006,0.4302,0.0574,0.1557,0.4302,0.4302,0.0369,0.0410,0.0410,0.0410,0.4130,0.6000,,0.1870,,67.81,,146.0,152.9,0.722,0.081,
1791428422.310956,0.2991,0.5695,0.5695,0.4998,0.5695,0.7538,0.4998,0.5695,0.4998,0.2458,0.2458,0.4302,0.2991,0.0574,0.0942,0.0369,0.0369,,0.6115,,,,67.81,,146.2,153.4,,0.081,
1791428422.3440533,0.2991,0.6350,0.4998,0.3646,0.3646,0.7006,0.4998,0.6350,0.6350,0.2458,0.0942,0.4302,0.4998,0.0246,0.0737,0.0574,0.0410,,0.6105,,,,67.81,,146.4,153.5,0.656,0.081,
1791428422.3838072,0.5695,0.4998,0.7006,0.4302,0.4302,0.1966,0.5695,0.3646,0.5695,0.1966,0.1229,0.4302,0.4302,0.1966,0.0737,0.0369,0.0369,0.4130,,,,,67.81,,146.4,153.5,,,
1791428422.4157107,0.4998,0.6350,0.6350,0.4998,0.4302,0.6350,0.5695,0.6350,0.4998,0.1966,0.2991,0.6350,0.4302,0.0205,0.0942,0.0369,0.0574,0.4150,0.6125,,0.1975,,67.20,,145.2,154.0,0.722,0.083,
1791428422.447163,0.2458,0.4998,0.4998,0.4302,0.3646,0.6350,0.4302,0.7006,0.5695,0.1966,0.0942,0.5695,0.4302,0.1229,0.0737,0.0369,0.0369,,0.6120,,,,67.20,,143.8,153.7,0.768,0.083,
1791428422.479154,0.7006,0.5695,0.7538,0.5695,0.4998,0.7006,0.6350,0.5695,0.6350,0.2458,0.0737,0.4998,0.4998,0.0369,0.0246,0.0369,0.0410,0.4130,0.6005,,0.1875,,66.75,,144.0,154.0,0.722,0.084,
1791428422.5111845,0.3646,0.5695,0.4998,0.7006,0.4302,0.4302,0.3646,0.5695,0.4302,0.4302,0.3646,0.3646,0.4302,0.0574,0.0737,0.0246,0.0246,0.4200,0.6025,,0.1825,,65.97,,144.9,163.8,0.768,0.086,1.259
1791428422.5443866,0.4302,0.5695,0.4998,0.4302,0.4998,0.7006,0.5695,0.6350,0.5695,0.4302,0.1557,0.4998,0.4302,0.0369,0.0574,0.0410,0.0369,0.4160,0.6015,,0.1855,,65.71,,145.2,163.9,0.736,0.087,1.312
1791428422.578603,0.4998,0.6350,0.4998,0.4302,0.4302,0.4302,0.4998,0.3646,0.4998,0.0737,0.1966,0.4998,0.4998,0.0942,0.0942,0.0164,0.0123,0.4140,0.6100,,0.1960,,66.07,,145.7,164.1,0.812,0.086,
1791428422.6106892,0.4998,0.8030,0.6350,0.4302,0.4302,0.4998,0.5695,0.4998,0.4998,0.0737,0.1966,0.4998,0.4998,0.0205,0.0410,0.0410,0.0574,0.4150,0.6105,,0.1955,,65.90,,145.8,164.1,0.795,0.086,
1791428422.6443274,0.5695,0.7006,0.6350,0.4998,0.4302,0.7538,0.3646,0.7006,0.5695,0.2991,0.2458,0.4302,0.4998,0.0410,0.0574,0.0246,0.0410,0.4180,0.6175,,0.1995,,66.21,,145.8,163.7,0.763,0.086,
1791428422.6775277,0.4998,0.4998,0.6350,0.4998,0.4302,0.2458,0.5695,0.5695,0.3646,0.3646,0.0737,0.4302,0.4302,0.0410,0.0410,0.0246,0.0205,0.4220,,,,,66.21,,145.8,163.7,,,
1791428422.7169902,0.6350,0.7006,0.7006,0.4998,0.2458,0.7538,0.4998,0.4302,0.7006,0.4302,0.3646,0.4998,0.4998,0.0574,0.0737,0.0410,0.0369,0.4180,0.6070,,0.1890,,66.15,,145.7,173.6,0.726,0.086,1.257
1791428422.748376,0.6350,0.4998,0.4998,0.4302,0.3646,0.4302,0.4998,0.3646,0.2991,0.1966,0.0737,0.4998,0.4998,0.0942,0.0246,0.0410,0.0410,0.4190,0.6155,,0.1965,,65.76,,146.4,173.3,0.746,0.087,
1791428422.7807992,0.5695,0.5695,0.6350,0.4302,0.2991,0.7006,0.6350,0.4302,0.4998,0.2991,0.2991,0.3646,0.2991,0.0942,0.0942,0.0369,0.0410,0.4200,0.6200,,0.2000,,66.15,,147.3,174.5,,0.086,
1791428422.8117442,0.4302,0.6350,0.6350,0.3646,0.4998,0.8030,0.5695,0.6350,0.4998,0.2991,0.4302,0.4998,0.3646,0.0574,0.0942,0.0369,0.1229,0.4230,0.6210,,0.1980,,65.86,,147.8,137.2,0.722,0.088,1.294
1791428422.8441632,0.4302,0.4998,0.6350,0.4302,0.2991,0.6350,0.4998,0.4998,0.4998,0.0574,0.0737,0.2991,0.3646,0.0737,0.0942,0.0369,0.0246,0.4240,0.6290,,0.2050,,66.57,,148.3,140.2,,0.086,
1791428422.8779285,0.7006,0.8030,0.7006,0.3646,0.5695,0.7006,0.4998,0.5695,0.5695,0.0942,0.2458,0.5695,0.4302,0.0737,0.0737,0.0410,0.0410,0.4270,0.6130,,0.1860,,66.02,,148.6,142.5,0.841,0.087,
1791428422.9120445,0.7538,0.8440,0.7006,0.4998,0.3646,0.4998,0.4998,0.6350,0.4302,0.1557,0.1557,0.4998,0.4302,0.0574,0.0737,0.0942,0.0410,0.4290,0.6240,,0.1950,,65.60,,148.8,144.6,0.782,0.089,
1791428422.9445524,0.5695,0.8030,0.7538,0.4998,0.4302,0.7006,0.5695,0.7538,0.3646,0.0737,0.2991,0.4302,0.4998,0.1229,0.0942,0.0574,0.0574,0.4320,0.6170,,0.1850,,64.87,,149.7,147.3,0.777,0.091,
1791428422.9781244,0.7006,0.4998,0.8440,0.4998,0.3646,0.6350,0.4998,0.6350,0.3646,0.0737,0.1557,0.3646,0.3646,0.0737,0.0737,0.0369,0.0410,0.4360,0.6195,,0.1835,,63.86,,148.9,149.3,0.818,0.094,
1791428423.0187216,0.8030,0.6350,0.6350,0.5695,0.3646,0.7006,0.4302,0.5695,0.2991,0.2458,0.2991,0.4998,0.4998,0.0574,0.0369,0.0410,0.0410,0.4400,0.6205,,0.1805,,63.11,,149.1,150.1,0.813,0.096,
1791428423.0503726,0.4302,0.7006,0.3646,0.4302,0.3646,0.7006,0.5695,0.6350,0.6350,0.4302,0.0942,0.6350,0.4302,0.0574,0.0246,0.0410,0.0737,0.4440,0.6105,,0.1665,,61.79,,149.6,151.0,0.822,0.099,1.425
1791428423.083103,0.8030,0.7006,0.9054,0.4998,0.4998,0.4998,0.5695,0.5695,0.5695,0.0942,0.0942,0.5695,0.5695,0.0942,0.0246,0.0574,0.0410,0.4470,0.6295,0.6930,0.1825,0.0635,61.35,14.82,149.4,151.5,0.919,0.101,
1791428423.111997,0.6350,0.7006,0.6350,0.4302,0.5695,0.1966,0.7538,0.6350,0.4998,0.0737,0.1557,0.4998,0.4302,0.0942,0.0574,0.0410,0.0574,0.4510,,,,,61.35,14.82,149.4,151.5,,,
1791428423.144947,0.5695,0.7006,0.7006,0.5695,0.4302,0.5695,0.4998,0.6350,0.6350,0.0574,0.1557,0.4998,0.5695,0.0246,0.0410,0.0246,0.0369,0.4550,0.6325,,0.1775,,60.43,14.28,149.8,152.6,0.849,0.104,
1791428423.1777725,0.5695,0.4998,0.8030,0.6350,0.5695,0.6350,0.5695,0.6350,0.4302,0.1557,0.1229,0.4998,0.4998,0.0369,0.0737,0.0369,0.0410,0.4570,0.6380,,0.1810,,60.93,13.80,150.3,152.1,0.810,0.101,
1791428423.21189,0.8030,0.7006,0.9054,0.4302,0.2991,0.5695,0.4998,0.6350,0.4302,0.1557,0.2991,0.4998,0.4998,0.0369,0.0205,0.0246,0.0246,0.4620,0.6320,,0.1700,,59.96,13.51,149.5,155.5,0.841,0.104,
1791428423.2446218,0.8030,0.7006,0.8030,0.5695,0.4302,0.7006,0.5695,0.6350,0.5695,0.1229,0.3646,0.4998,0.4998,0.0369,0.0246,0.0369,0.0369,0.4640,0.6275,,0.1635,,59.07,13.46,149.6,166.7,0.830,0.106,1.426
1791428423.2782698,0.7006,0.8440,0.8030,0.6350,0.3646,0.6350,0.6350,0.7006,0.6350,0.1229,0.1557,0.4998,0.4998,0.0574,0.0737,0.0574,0.0369,0.4670,0.6295,,0.1625,,58.31,13.17,149.7,167.5,0.893,0.107,
1791428423.3171563,0.7006,0.8440,0.6350,0.6350,0.3646,0.5695,0.7006,0.6350,0.5695,0.1229,0.2991,0.4998,0.4998,0.0574,0.1229,0.0410,0.0369,0.4700,0.6385,,0.1685,,57.35,12.66,150.8,167.7,0.888,0.111,
1791428423.3489425,0.6350,0.7006,0.6350,0.4302,0.4998,0.6350,0.6350,0.5695,0.5695,0.3646,0.1557,0.4998,0.4998,0.1229,0.0737,0.0574,0.0410,0.4710,0.6345,,0.1635,,56.35,12.38,152.2,168.7,0.893,0.114,1.538
1791428423.381231,0.7006,0.7006,0.7006,0.4302,0.4998,0.6350,0.4998,0.6350,0.4998,0.2458,0.0942,0.5695,0.4998,0.0410,0.0369,0.0737,0.0574,0.4720,0.6320,,0.1600,,55.97,12.44,152.0,169.1,0.820,0.114,
1791428423.4122345,0.4302,0.9259,0.4998,0.4302,0.6350,0.7538,0.6350,0.7538,0.7006,0.1966,0.2991,0.4998,0.5695,0.0942,0.0574,0.0574,0.0410,0.4730,0.6330,,0.1600,,55.40,12.41,152.0,168.6,0.835,0.115,
1791428423.4456594,0.6350,0.5695,0.7006,0.4302,0.1557,0.4302,0.4998,0.6350,0.5695,0.1557,0.0942,0.4998,0.4998,0.0205,0.0574,0.0410,0.0574,0.4730,0.6435,,0.1705,,54.85,11.98,152.6,169.2,0.860,0.118,
1791428423.478547,0.7538,0.5695,0.7006,0.5695,0.5695,0.7006,0.7006,0.7006,0.5695,0.1229,0.2991,0.4998,0.4998,0.0205,0.0164,0.0574,0.0410,0.4730,0.6315,,0.1585,,54.37,12.06,152.3,169.3,0.845,0.119,
1791428423.5118487,0.4998,0.6350,0.7006,0.5695,0.2991,0.7538,0.7006,0.7538,0.6350,0.2991,0.2991,0.4998,0.4998,0.0574,0.0737,0.0164,0.0164,0.4730,0.6315,,0.1585,,53.73,12.10,152.9,169.2,0.856,0.121,
1791428423.5452087,0.7006,0.6350,0.7538,0.6350,0.4302,0.6350,0.6350,0.7006,0.5695,0.1229,0.0574,0.4302,0.4998,0.0737,0.0410,0.0369,0.0369,0.4730,0.6470,,0.1740,,54.02,11.55,152.3,169.3,0.885,0.121,
1791428423.5866404,0.6350,0.8030,0.8030,0.4998,0.4302,0.7538,0.4302,0.7538,0.7006,0.1557,0.0574,0.4998,0.5695,0.0574,0.0205,0.0410,0.0410,0.4730,0.6315,,0.1585,,53.50,11.65,152.7,169.2,0.871,0.122,
1791428423.6179426,0.6350,0.5695,0.5695,0.4998,0.4998,0.4998,0.4302,0.7006,0.4998,0.0942,0.2458,0.4998,0.4998,0.0942,0.0410,0.0574,0.0574,0.4720,0.6355,,0.1635,,53.46,,151.9,168.5,0.867,0.122,
1791428423.648291,0.7006,0.9423,0.8030,0.5695,0.2991,0.6350,0.5695,0.7006,0.5695,0.0942,0.2458,0.4998,0.5695,0.0574,0.0205,0.0369,0.0369,0.4720,0.6395,,0.1675,,53.68,,151.2,168.3,0.922,0.121,
1791428423.6805093,0.7006,0.7538,0.8767,0.3646,0.4998,0.7006,0.6350,0.5695,0.5695,0.0942,0.0942,0.4998,0.4998,0.0737,0.0246,0.0410,0.0737,0.4680,0.6345,,0.1665,,53.68,,150.3,168.5,0.891,0.122,
1791428423.7137945,0.7538,0.8440,0.8030,0.4302,0.4302,0.4998,0.4302,0.4302,0.4998,0.1966,0.0942,0.4998,0.4998,0.0246,0.0246,0.0574,0.0410,0.4680,0.6270,,0.1590,,53.51,,150.8,168.3,0.863,0.121,
1791428423.746667,0.7006,0.8030,0.8440,0.5695,0.2991,0.5695,0.6350,0.7006,0.4302,0.0942,0.1557,0.3646,0.4998,0.0574,0.0205,0.0369,0.0369,0.4680,0.6410,,0.1730,,53.90,,151.2,168.0,0.853,0.121,
1791428423.7785418,0.3646,0.7006,0.7006,0.5695,0.2991,0.4998,0.6350,0.5695,0.6350,0.1229,0.3646,0.4998,0.5695,0.0574,0.0246,0.0369,0.0410,0.4670,0.6330,,0.1660,,54.25,,152.0,175.8,0.887,0.119,1.472
1791428423.8129299,0.4998,0.4302,0.7538,0.5695,0.5695,0.6350,0.4998,0.6350,0.6350,0.2991,0.0574,0.4302,0.4998,0.0574,0.0410,0.0164,0.0369,0.4670,0.6275,,0.1605,,54.36,,152.4,174.5,0.868,0.118,
1791428423.846778,0.4998,0.5695,0.7538,0.5695,0.4302,0.6350,0.4998,0.6350,0.6350,0.1229,0.0737,0.5695,0.5695,0.0205,0.0164,0.0369,0.0410,0.4660,0.6275,0.6470,0.1615,0.0195,54.28,10.21,151.7,174.7,0.805,0.118,
1791428423.8868895,0.5695,0.5695,0.4302,0.2991,0.4302,0.4302,0.7006,0.7538,0.5695,0.1229,0.0574,0.4998,0.4998,0.0942,0.0164,0.0164,0.0410,0.4650,0.6555,,0.1905,,55.08,9.52,,173.2,0.826,0.118,
1791428423.918103,0.5695,0.4998,0.7006,0.4998,0.3646,0.5695,0.6350,0.5695,0.7538,0.0410,0.0574,0.4998,0.5695,0.0369,0.0246,0.0410,0.0410,0.4650,0.6390,,0.1740,,55.32,9.39,,172.4,0.880,0.118,
1791428423.9498675,0.7006,0.8767,0.6350,0.4998,0.3646,0.6350,0.5695,0.5695,0.4998,0.2458,0.1966,0.4998,0.5695,0.0369,0.0369,0.0369,0.0369,0.4640,0.6370,,0.1730,,55.03,9.31,,171.7,0.901,0.120,
1791428423.9814503,0.7538,0.8030,0.8440,0.5695,0.2458,0.5695,0.5695,0.7538,0.4998,0.1557,0.1557,0.4998,0.5695,0.0737,0.0369,0.0369,0.0410,0.4630,0.6440,,0.1810,,56.07,9.24,,170.6,0.797,0.116,
1791428424.0125349,0.7538,0.8030,0.8030,0.4302,0.3646,0.7006,0.6350,0.7538,0.5695,0.1229,0.4302,0.5695,0.5695,0.0574,0.0205,0.0574,0.0246,0.4620,0.6440,0.6990,0.1820,0.0550,57.31,9.36,,176.5,0.791,0.112,1.282
1791428424.0454128,0.6350,0.7538,0.7006,0.5695,0.4998,0.6350,0.8030,0.6350,0.2991,0.0942,0.0942,0.6350,0.4998,0.0574,0.0369,0.0369,0.0574,0.4620,0.6215,,0.1595,,57.01,10.03,,176.8,0.808,0.111,
1791428424.0788023,0.4998,0.7006,0.6350,0.3646,0.2991,0.7006,0.6350,0.7006,0.4302,0.2458,0.0574,0.4998,0.4998,0.0942,0.0205,0.0369,0.0410,0.4630,0.6515,,0.1885,,57.93,9.50,,176.6,0.841,0.110,
1791428424.1118717,0.7006,0.5695,0.7006,0.4302,0.4302,0.2991,0.5695,0.7006,0.4998,0.1557,0.1229,0.5695,0.4998,0.0574,0.0369,0.0369,0.0410,0.4600,,,,,57.93,9.50,,176.6,,,
1791428424.1463845,0.8030,0.7006,0.7538,0.4998,0.3646,0.7538,0.5695,0.4998,0.5695,0.1229,0.2458,0.5695,0.4302,0.0369,0.0737,0.0737,0.0410,0.4600,0.6365,,0.1765,,58.43,9.73,,176.3,0.775,0.108,
1791428424.1791346,0.7006,0.8030,0.7006,0.4302,0.4998,0.7006,0.4998,0.5695,0.4302,0.0737,0.0574,0.4302,0.4998,0.0942,0.0574,0.0205,0.0410,0.4590,0.6360,,0.1770,,58.93,9.79,,177.1,0.834,0.106,
1791428424.2194138,0.4998,0.4302,0.8767,0.4998,0.3646,0.4302,0.7538,0.7538,0.4998,0.1229,0.2458,0.4998,0.4302,0.0369,0.0410,0.0369,0.0205,0.4590,0.6480,,0.1890,,59.59,9.50,,176.0,0.805,0.105,
1791428424.250695,0.7006,0.7006,0.7538,0.4998,0.4998,0.5695,0.4998,0.8030,0.5695,0.0737,0.0942,0.4998,0.4998,0.0737,0.0574,0.0164,0.0574,0.4590,0.6230,,0.1640,,59.60,10.14,,175.3,0.795,0.103,
1791428424.281465,0.8440,0.7538,0.6350,0.3646,0.4998,0.6350,0.5695,0.7538,0.4998,0.1557,0.2458,0.4302,0.4998,0.0574,0.0737,0.0574,0.0369,0.4560,0.6340,,0.1780,,60.00,10.17,,177.0,0.841,0.102,
1791428424.3134933,0.6350,0.8030,0.7006,0.5695,0.6350,0.7006,0.4998,0.5695,0.6350,0.4302,0.0410,0.2991,0.4302,0.0737,0.0369,0.0574,0.0737,0.4550,0.6345,,0.1795,,60.32,10.02,150.8,176.8,,0.101,1.455
1791428424.3459105,0.7538,0.7538,0.8767,0.3646,0.3646,0.7006,0.7006,0.6350,0.5695,0.0737,0.2458,0.4302,0.4302,0.0410,0.1229,0.0574,0.0737,0.4530,0.6325,,0.1795,,60.82,10.18,151.3,176.9,0.818,0.099,
1791428424.3798478,0.8030,0.7006,0.4302,0.4302,0.4998,0.5695,0.6350,0.4998,0.6350,0.0737,0.0410,0.4302,0.3646,0.0369,0.0246,0.0369,0.0369,0.4540,0.6340,,0.1800,,61.54,10.48,150.6,177.5,0.727,0.096,
1791428424.4124682,0.5695,0.5695,0.7538,0.5695,0.4998,0.5695,0.7538,0.4998,0.4998,0.1966,0.2458,0.2991,0.4302,0.0246,0.0737,0.0410,0.0369,0.4510,0.6415,,0.1905,,62.36,10.28,151.2,177.3,,0.094,
1791428424.4466493,0.8030,0.8767,0.8030,0.5695,0.4998,0.7006,0.6350,0.4302,0.4998,0.2991,0.0737,0.4302,0.2991,0.0574,0.0164,0.0737,0.0410,0.4530,0.6320,,0.1790,,63.11,10.44,151.1,177.2,,0.091,
1791428424.4805424,0.4998,0.7538,0.4302,0.5695,0.4998,0.5695,0.4998,0.7006,0.6350,0.1557,0.2991,0.4998,0.4998,0.0574,0.0369,0.0737,0.0410,0.4500,0.6295,,0.1795,,63.83,10.66,150.9,177.3,0.803,0.088,
1791428424.5200686,0.8440,0.7006,0.8440,0.4302,0.5695,0.6350,0.6350,0.6350,0.4998,0.0410,0.2458,0.4998,0.4998,0.0574,0.0164,0.0369,0.0369,0.4470,0.6300,,0.1830,,64.31,10.88,149.8,177.5,0.778,0.087,
1791428424.5517545,0.5695,0.5695,0.6350,0.4998,0.4998,0.7006,0.5695,0.7006,0.6350,0.0942,0.1557,0.4302,0.4998,0.0246,0.0205,0.0369,0.0410,0.4490,0.6335,,0.1845,,65.07,,149.5,,0.787,0.084,
1791428424.5835626,0.2991,0.5695,0.6350,0.6350,0.3646,0.6350,0.5695,0.7538,0.5695,0.0942,0.0574,0.4998,0.4998,0.0410,0.0205,0.0369,0.0410,,0.6255,,,,65.07,,148.1,,0.757,0.084,
1791428424.6152785,0.8030,0.4998,0.4998,0.4998,0.5695,0.8440,0.5695,0.8440,0.4998,0.1966,0.0737,0.4998,0.4302,0.0246,0.0369,0.0410,0.0369,0.4450,0.6290,,0.1840,,65.74,,147.1,,0.744,0.082,
1791428424.6471288,0.4998,0.4998,0.7538,0.4998,0.4998,0.7538,0.5695,0.7006,0.5695,0.1229,0.1966,0.4302,0.4998,0.0737,0.0737,0.0737,0.0410,0.4450,0.6285,,0.1835,,66.09,,146.5,,0.777,0.081,
1791428424.679898,0.6350,0.5695,0.8030,0.4302,0.4998,0.7006,0.7006,0.7538,0.4998,0.0942,0.1557,0.4998,0.5695,0.0737,0.0574,0.0574,0.0737,0.4470,0.6275,,0.1805,,66.31,,146.7,,0.763,0.080,
1791428424.712459,0.4302,0.7006,0.4998,0.4998,0.4998,0.8440,0.6350,0.6350,0.4302,0.0410,0.1966,0.2991,0.4302,0.0369,0.0205,0.0410,0.0369,0.4430,0.6285,,0.1855,,66.57,,147.3,,,0.079,
1791428424.746646,0.4998,0.6350,0.6350,0.4998,0.7006,0.7006,0.5695,0.8030,0.5695,0.0574,0.3646,0.4302,0.4998,0.0410,0.0205,0.0410,0.0410,0.4450,0.6330,,0.1880,,66.91,,147.3,175.1,0.695,0.078,1.174
1791428424.7813852,0.7006,0.5695,0.7006,0.4302,0.4998,0.7006,0.6350,0.7006,0.4998,0.1229,0.1966,0.4302,0.4302,0.0737,0.0410,0.0205,0.0369,0.4450,0.6420,,0.1970,,67.66,,147.1,175.6,0.755,0.077,
1791428424.818694,0.3646,0.8030,0.9054,0.2991,0.7538,0.7006,0.5695,0.7538,0.5695,0.1229,0.1966,0.4998,0.4302,0.0246,0.0574,0.0369,0.0410,0.4480,0.6325,,0.1845,,68.50,,147.2,175.9,0.692,0.073,
1791428424.8494005,0.4302,0.6350,0.8440,0.4302,0.5695,0.7538,0.5695,0.6350,0.4998,0.0410,0.0369,0.4302,0.4302,0.0246,0.0574,0.0574,0.0574,0.4470,0.6290,,0.1820,,68.30,,,173.7,0.755,0.074,
1791428424.88072,0.4998,0.8030,0.8767,0.4998,0.4302,0.8030,0.3646,0.7006,0.4998,0.2991,0.2991,0.4302,0.4302,0.0410,0.1229,0.0574,0.0574,0.4430,0.6175,,0.1745,,68.61,,,173.5,0.767,0.072,
1791428424.9142864,0.8767,0.8030,0.7006,0.3646,0.5695,0.7538,0.4998,0.7006,0.4998,0.0737,0.1966,0.3646,0.4998,0.0369,0.0410,0.0410,0.0410,0.4480,0.6170,,0.1690,,69.19,,,172.5,0.762,0.069,
1791428424.947709,0.7006,0.7006,0.8767,0.5695,0.2991,0.6350,0.5695,0.5695,0.4302,0.0574,0.1557,0.3646,0.3646,0.0410,0.0410,0.0246,0.0369,0.4430,0.6310,,0.1880,,69.97,,,172.9,0.720,0.066,
1791428424.9803293,0.2991,0.5695,0.7006,0.5695,0.4302,0.6350,0.4998,0.7006,0.2991,0.2458,0.2458,0.3646,0.4302,0.0942,0.0574,0.0410,0.0410,,0.6295,,,,69.97,,,173.4,0.725,0.066,
1791428425.0142024,0.7538,0.6350,0.6350,0.4302,0.4302,0.6350,0.5695,0.7538,0.4998,0.1966,0.1557,0.4998,0.4998,0.0574,0.0574,0.0369,0.0369,0.4470,0.6295,,0.1825,,70.67,,,174.2,0.694,0.064,
1791428425.0469592,0.8030,0.7006,0.7006,0.4998,0.4998,0.7006,0.5695,0.7538,0.2991,0.2458,0.0574,0.4302,0.4998,0.0410,0.0737,0.0369,0.0369,0.4440,0.6285,,0.1845,,71.17,,,175.0,0.740,0.062,
1791428425.08742,0.2991,0.5695,0.4998,0.4998,0.7006,0.6350,0.5695,0.6350,0.4302,0.4302,0.2991,0.4302,0.4302,0.0369,0.0369,0.0246,0.0246,,0.6470,,,,71.17,,148.6,175.8,0.741,0.062,
1791428425.1202397,0.4302,0.7006,0.8767,0.4998,0.4998,0.7006,0.5695,0.7538,0.5695,0.2458,0.2458,0.3646,0.4302,0.1229,0.0574,0.0574,0.0410,0.4470,0.6465,,0.1995,,72.04,,148.9,173.5,0.735,0.060,
1791428425.1515143,0.6350,0.7006,0.8440,0.5695,0.3646,0.5695,0.4998,0.7538,0.4302,0.2458,0.0737,0.4302,0.4302,0.0942,0.0942,0.0369,0.0410,0.4470,0.6275,,0.1805,,71.95,,148.9,174.6,0.738,0.060,
1791428425.183455,0.6350,0.8440,0.8030,0.4998,0.4998,0.7538,0.5695,0.6350,0.5695,0.0737,0.2458,0.4998,0.4998,0.0246,0.0737,0.0410,0.0369,0.4440,0.6290,,0.1850,,71.62,,149.7,175.5,0.710,0.061,
1791428425.2158062,0.3646,0.8440,0.9054,0.4998,0.4998,0.6350,0.5695,0.7006,0.4998,0.0737,0.1966,0.4998,0.4998,0.0410,0.0410,0.0574,0.0574,0.4430,0.6175,,0.1745,,71.08,,148.9,175.0,0.786,0.063,
1791428425.2472446,0.7538,0.6350,0.7538,0.4998,0.3646,0.6350,0.5695,0.6350,0.5695,0.1966,0.1966,0.4998,0.4302,0.0942,0.0574,0.0410,0.0574,0.4430,0.6265,,0.1835,,70.94,,149.2,174.5,0.852,0.063,
1791428425.2817514,0.4998,0.7538,0.7006,0.5695,0.4302,0.7538,0.6350,0.7538,0.4302,0.2458,0.0737,0.2991,0.4998,0.0737,0.0369,0.0369,0.0246,0.4440,0.6290,,0.1850,,70.95,,148.9,,,0.063,
1791428425.314044,0.4998,0.8440,0.8030,0.4998,0.5695,0.7006,0.4998,0.7006,0.6350,0.2458,0.2458,0.4998,0.4998,0.0574,0.0246,0.0369,0.0410,0.4430,0.6285,,0.1855,,70.72,,149.1,,0.769,0.064,
1791428425.3472357,0.4302,0.8030,0.7006,0.4998,0.4998,0.7538,0.4998,0.8440,0.4302,0.2991,0.0942,0.4302,0.4998,0.0410,0.0942,0.0574,0.0574,0.4430,0.6365,,0.1935,,70.88,,149.6,,0.794,0.064,
1791428425.381585,0.4302,0.6350,0.6350,0.4998,0.5695,0.7538,0.5695,0.6350,0.4998,0.3646,0.1557,0.4998,0.4998,0.0410,0.0246,0.0369,0.0574,0.4420,0.6425,,0.2005,,71.02,,150.2,,0.778,0.065,1.327
1791428425.420203,0.7006,0.6350,0.8440,0.5695,0.4998,0.7006,0.7538,0.7006,0.4998,0.4302,0.0410,0.3646,0.4302,0.0410,0.0574,0.0369,0.0369,0.4420,0.6325,,0.1905,,71.89,,150.5,,0.750,0.062,1.244
1791428425.4514644,0.8030,0.7006,0.6350,0.4998,0.4302,0.6350,0.5695,0.6350,0.4302,0.0574,0.0574,0.4302,0.5695,0.0942,0.0574,0.0574,0.0410,0.4430,0.6320,,0.1890,,71.91,,149.8,,0.713,0.062,
1791428425.482241,0.2991,0.6350,0.8440,0.3646,0.6350,0.7006,0.6350,0.7006,0.7538,0.0942,0.2991,0.4998,0.4302,0.0410,0.0410,0.0410,0.0574,,0.6285,,,,71.91,,149.5,,0.727,0.062,
1791428425.513803,0.5695,0.6350,0.8030,0.4302,0.5695,0.6350,0.4998,0.6350,0.5695,0.1966,0.0410,0.4302,0.3646,0.0574,0.0942,0.0369,0.0410,0.4430,0.6310,,0.1880,,72.30,,149.7,,0.764,0.060,
1791428425.5470924,0.7538,0.6350,0.7006,0.7006,0.4302,0.6350,0.5695,0.6350,0.7006,0.2458,0.1557,0.3646,0.4302,0.0942,0.0369,0.0369,0.0574,0.4430,0.6315,,0.1885,,72.34,,149.6,,0.760,0.060,
1791428425.5811281,0.4998,0.6350,0.8030,0.4998,0.4998,0.6350,0.5695,0.6350,0.4998,0.0246,0.0410,0.2458,0.4998,0.0369,0.0369,0.0205,0.0410,0.4430,0.6285,,0.1855,,71.70,,148.7,,,0.062,
1791428425.6148486,0.4998,0.5695,0.4302,0.4998,0.4998,0.8030,0.5695,0.7538,0.6350,0.2458,0.0410,0.4302,0.4998,0.0574,0.0246,0.0369,0.0410,0.4440,0.6295,,0.1855,,71.65,,148.9,,0.722,0.062,
1791428425.647886,0.7006,0.6350,0.8440,0.5695,0.6350,0.8030,0.5695,0.5695,0.6350,0.0942,0.0410,0.4302,0.4998,0.0246,0.0246,0.0369,0.0410,0.4430,0.6295,,0.1865,,71.50,,148.6,,0.749,0.063,
1791428425.681778,0.7006,0.6350,0.4998,0.4998,0.4302,0.8440,0.6350,0.7006,0.4998,0.2458,0.0246,0.4302,0.4302,0.0410,0.0369,0.0410,0.0369,0.4470,0.6300,,0.1830,,71.32,,149.5,,0.759,0.063,
1791428425.720435,0.2458,0.7538,0.6350,0.5695,0.3646,0.7006,0.4302,0.7006,0.4302,0.1966,0.1966,0.4302,0.4998,0.0410,0.0737,0.0369,0.0369,,0.6270,,,,71.32,,149.5,,0.778,0.063,
1791428425.7524693,0.3646,0.5695,0.6350,0.4998,0.4302,0.6350,0.4998,0.6350,0.5695,0.2458,0.1557,0.4302,0.4998,0.0737,0.0205,0.0123,0.0410,0.4430,0.6265,,0.1835,,70.86,,150.4,,0.815,0.065,
1791428425.7846348,0.3646,0.6350,0.7538,0.5695,0.4302,0.7006,0.4998,0.7538,0.4302,0.0737,0.1966,0.4998,0.4302,0.0737,0.0942,0.0164,0.0164,0.4430,0.6240,,0.1810,,70.41,,149.6,,0.765,0.066,
1791428425.816947,0.5695,0.7006,0.8440,0.4998,0.3646,0.7538,0.4302,0.6350,0.4998,0.0737,0.1229,0.4302,0.4998,0.0942,0.0574,0.0369,0.0369,0.4430,0.6290,,0.1860,,69.97,,149.3,,0.751,0.067,
1791428425.848496,0.4302,0.6350,0.4302,0.4302,0.3646,0.6350,0.4998,0.7006,0.5695,0.0574,0.0369,0.4302,0.4302,0.0369,0.1229,0.0369,0.0369,0.4430,0.6265,,0.1835,,70.31,,148.8,,0.759,0.066,
1791428425.881499,0.4302,0.5695,0.7006,0.4998,0.4302,0.7538,0.5695,0.6350,0.6350,0.0574,0.1229,0.4998,0.4302,0.0942,0.0369,0.0369,0.0123,0.4430,0.6170,,0.1740,,69.24,,149.1,,0.770,0.069,
1791428425.9154742,0.7538,0.7006,0.8030,0.4302,0.4998,0.7538,0.7538,0.8030,0.4998,0.4998,0.0737,0.4998,0.4998,0.0737,0.0123,0.0246,0.0369,0.4430,0.6270,,0.1840,,69.04,,149.7,,0.834,0.070,1.311
1791428425.9482222,0.1966,0.9054,0.8440,0.4998,0.3646,0.4998,0.4302,0.7006,0.8030,0.0574,0.2991,0.4302,0.5695,0.0369,0.0410,0.0369,0.0410,,0.6290,,,,69.04,,149.6,,0.808,0.070,
1791428425.9809494,0.4998,0.7006,0.6350,0.3646,0.3646,0.5695,0.6350,0.5695,0.6350,0.0574,0.1966,0.4998,0.4998,0.0410,0.0410,0.0574,0.0737,0.4500,0.6280,,0.1780,,68.13,,149.8,,0.880,0.073,
1791428426.0151496,0.7538,0.7006,0.8440,0.5695,0.4302,0.6350,0.6350,0.7538,0.3646,0.1229,0.0410,0.4302,0.5695,0.0369,0.0205,0.0369,0.0410,0.4450,0.6440,,0.1990,,68.59,,149.8,,0.772,0.073,
1791428426.0529783,0.7006,0.7006,0.6350,0.3646,0.4302,0.8030,0.5695,0.7538,0.7006,0.1966,0.1557,0.4302,0.4302,0.0574,0.0410,0.0369,0.0410,0.4430,0.6255,,0.1825,,67.74,,150.2,,0.834,0.076,
1791428426.0853527,0.6350,0.7538,0.8440,0.5695,0.4302,0.6350,0.4998,0.6350,0.4998,0.2991,0.1966,0.4302,0.4302,0.0737,0.0574,0.0246,0.0369,0.4450,0.6285,,0.1835,,67.72,,150.9,,0.849,0.076,
1791428426.116505,0.5695,0.5695,0.8030,0.4302,0.3646,0.7538,0.5695,0.7006,0.2991,0.0410,0.1966,0.4998,0.4998,0.0574,0.0410,0.0410,0.0574,0.4430,0.6270,,0.1840,,67.85,,150.8,,0.826,0.075,
1791428426.147825,0.7538,0.8440,0.8030,0.4302,0.2991,0.6350,0.4302,0.6350,0.4998,0.1229,0.0942,0.4998,0.4302,0.0369,0.0574,0.0737,0.0410,0.4430,0.6145,,0.1715,,67.81,,150.3,,0.786,0.074,
1791428426.1811178,0.5695,0.6350,0.8440,0.4302,0.4998,0.7538,0.4998,0.6350,0.8030,0.0369,0.2458,0.4998,0.4302,0.0369,0.0164,0.0369,0.0369,0.4460,0.6245,,0.1785,,67.80,,149.5,,0.731,0.074,
1791428426.2156188,0.7006,0.6350,0.7538,0.4998,0.4998,0.6350,0.5695,0.7538,0.6350,0.1966,0.0369,0.4998,0.4302,0.0574,0.0410,0.0369,0.0369,0.4430,0.6290,,0.1860,,68.11,,149.7,,0.759,0.073,
1791428426.2486336,0.1966,0.8440,0.6350,0.4998,0.5695,0.7006,0.5695,0.5695,0.3646,0.2458,0.1966,0.4302,0.4998,0.0369,0.0369,0.0164,0.0164,,0.6250,,,,68.11,,150.1,,0.792,0.073,
1791428426.2824335,0.4998,0.7538,0.7538,0.5695,0.4998,0.6350,0.3646,0.6350,0.5695,0.2458,0.0369,0.4302,0.4998,0.0369,0.0246,0.0246,0.0246,0.4430,0.6265,,0.1835,,67.50,,150.1,,0.804,0.076,
1791428426.3152666,0.4998,0.8440,0.6350,0.3646,0.4998,0.7538,0.4998,0.7006,0.6350,0.2458,0.1966,0.4302,0.4998,0.1229,0.0246,0.0123,0.0246,0.4430,0.6270,,0.1840,,67.19,,150.4,,0.833,0.077,
1791428426.3537467,0.5695,0.6350,0.7006,0.4998,0.5695,0.6350,0.3646,0.4998,0.4302,0.1966,0.1229,0.4998,0.4302,0.0369,0.0737,0.0246,0.0369,0.4480,0.6310,,0.1830,,67.19,,150.5,,0.868,0.077,
1791428426.3859196,0.4998,0.8030,0.7006,0.4998,0.4302,0.8030,0.5695,0.5695,0.4302,0.0942,0.0942,0.4998,0.4998,0.0574,0.0205,0.0369,0.0410,0.4430,0.6260,,0.1830,,67.14,,150.2,,0.830,0.077,
1791428426.4180906,0.4998,0.8030,0.7006,0.3646,0.4998,0.7538,0.5695,0.5695,0.4998,0.2458,0.1557,0.4302,0.4998,0.0369,0.0369,0.0369,0.0369,0.4430,0.6285,,0.1855,,66.59,,150.7,,0.795,0.079,
1791428426.4492967,0.6350,0.5695,0.8440,0.4998,0.4302,0.6350,0.6350,0.5695,0.7538,0.1966,0.4302,0.4998,0.4302,0.0410,0.0574,0.0369,0.0574,0.4430,0.6280,,0.1850,,66.50,,,168.6,0.841,0.080,1.347
1791428426.482372,0.4302,0.5695,0.6350,0.5695,0.3646,0.6350,0.5695,0.7006,0.4302,0.2991,0.0737,0.4302,0.4998,0.0737,0.0246,0.0246,0.0369,0.4480,0.6315,,0.1835,,66.78,,,168.7,0.806,0.079,
1791428426.515382,0.5695,0.7538,0.7006,0.4998,0.4998,0.7006,0.3646,0.6350,0.4998,0.1557,0.1557,0.4998,0.4998,0.0205,0.0574,0.0410,0.0410,0.4430,0.6270,,0.1840,,66.07,,,167.7,0.778,0.082,
1791428426.548998,0.6350,0.8030,0.4998,0.4302,0.4302,0.6350,0.5695,0.7006,0.4302,0.0574,0.0942,0.3646,0.4998,0.0942,0.0205,0.0369,0.0574,0.4470,0.6295,,0.1825,,66.21,,,168.4,0.849,0.081,
1791428426.5825574,0.6350,0.4998,0.5695,0.4302,0.4302,0.5695,0.6350,0.6350,0.4998,0.0574,0.2458,0.2991,0.4998,0.0942,0.0410,0.0369,0.0369,0.4430,0.6320,,0.1890,,66.62,,,169.4,,0.080,
1791428426.6152923,0.4998,0.7006,0.5695,0.2991,0.3646,0.7006,0.4998,0.6350,0.4998,0.0574,0.0942,0.2991,0.2991,0.0737,0.0574,0.0410,0.0574,0.4460,0.6400,,0.1940,,66.32,,,170.4,,0.082,
1791428426.6553698,0.8030,0.6350,0.7006,0.3646,0.4302,0.7538,0.5695,0.4998,0.7006,0.2991,0.2458,0.4302,0.4302,0.0574,0.0737,0.0410,0.0369,0.4460,0.6385,,0.1925,,65.69,,,170.9,0.767,0.085,
1791428426.6876755,0.3646,0.5695,0.6350,0.5695,0.4302,0.5695,0.5695,0.7538,0.3646,0.1229,0.0737,0.4998,0.4998,0.0369,0.0410,0.0574,0.0410,0.4430,0.6395,,0.1965,,65.15,,,170.6,0.852,0.088,
1791428426.7182922,0.6350,0.7538,0.7006,0.4998,0.4302,0.6350,0.5695,0.7538,0.6350,0.0942,0.1966,0.3646,0.4302,0.0410,0.0410,0.0410,0.0369,0.4450,0.6275,,0.1825,,65.35,,,171.0,0.773,0.086,
1791428426.7492876,0.7538,0.7006,0.4998,0.4998,0.3646,0.7538,0.5695,0.8030,0.3646,0.0737,0.1557,0.4998,0.4302,0.0369,0.0164,0.0164,0.0369,0.4450,0.6310,,0.1860,,65.05,,,171.3,0.798,0.087,
1791428426.7818837,0.4998,0.6350,0.6350,0.4302,0.5695,0.5695,0.4998,0.5695,0.3646,0.1557,0.1557,0.4302,0.4302,0.0574,0.0369,0.0246,0.0246,0.4450,0.6285,,0.1835,,64.38,,,170.5,0.762,0.090,
1791428426.8155222,0.8030,0.8030,0.6350,0.4302,0.4998,0.6350,0.4302,0.7538,0.6350,0.0942,0.1966,0.4302,0.4998,0.0246,0.0369,0.0369,0.0246,0.4470,0.6300,,0.1830,,64.05,,,168.8,0.872,0.091,
1791428426.8489056,0.6350,0.4998,0.6350,0.3646,0.2458,0.7538,0.7006,0.6350,0.4998,0.0737,0.0942,0.4302,0.4998,0.0246,0.0574,0.0369,0.0369,0.4480,0.6140,,0.1660,,62.79,,,169.4,0.775,0.094,
1791428426.8824759,0.7538,0.4998,0.5695,0.4302,0.4302,0.5695,0.5695,0.5695,0.4998,0.0942,0.1966,0.4302,0.4302,0.0369,0.0737,0.0205,0.0369,0.4480,0.6445,,0.1965,,62.96,,,170.1,0.796,0.094,
1791428426.9173105,0.4998,0.7538,0.7538,0.4998,0.4302,0.7006,0.4998,0.5695,0.4302,0.0942,0.2991,0.4998,0.4998,0.0942,0.0369,0.0410,0.0410,0.4490,0.6285,,0.1795,,62.73,,,170.6,0.809,0.095,
1791428426.9554923,0.6350,0.8440,0.5695,0.4998,0.4302,0.7006,0.5695,0.6350,0.3646,0.0574,0.2458,0.4302,0.3646,0.0410,0.0246,0.0246,0.0369,0.4490,0.6285,,0.1795,,62.56,,,171.4,0.798,0.095,
1791428426.9881053,0.2991,0.4998,0.5695,0.2991,0.3646,0.7538,0.7006,0.7006,0.4998,0.0737,0.0574,0.3646,0.4998,0.0369,0.0574,0.0369,0.0246,,0.6265,,,,62.56,,,,0.770,0.095,
1791428427.0187235,0.8030,0.5695,0.7538,0.5695,0.3646,0.5695,0.4998,0.7538,0.6350,0.1229,0.2991,0.4302,0.3646,0.0574,0.0369,0.0410,0.0574,0.4490,0.6300,,0.1810,,62.49,,,,0.826,0.095,
1791428427.0497239,0.6350,0.6350,0.9054,0.4302,0.5695,0.7006,0.7006,0.4998,0.4302,0.2458,0.0942,0.4998,0.4302,0.0410,0.0205,0.0164,0.0246,0.4490,0.6315,,0.1825,,61.97,,,,0.826,0.097,
1791428427.0827174,0.7538,0.8030,0.7538,0.4998,0.3646,0.7006,0.5695,0.7006,0.4998,0.0737,0.4302,0.4998,0.4998,0.0410,0.0205,0.0410,0.0574,0.4500,0.6300,,0.1800,,61.84,,,166.5,0.830,0.097,1.386
1791428427.115879,0.8030,0.7538,0.8030,0.3646,0.4302,0.8440,0.3646,0.7006,0.5695,0.0737,0.1966,0.4302,0.5695,0.0246,0.0246,0.0410,0.0369,0.4490,0.6320,,0.1830,,61.39,,,167.8,0.852,0.099,
1791428427.1496043,0.7538,0.5695,0.7006,0.4302,0.4998,0.7538,0.2991,0.7006,0.4302,0.0942,0.0737,0.4302,0.5695,0.0369,0.0410,0.0410,0.0410,0.4490,,,,,61.39,,,167.8,,,
1791428427.1832018,0.4998,0.8440,0.6350,0.5695,0.4302,0.7006,0.5695,0.5695,0.4998,0.1557,0.2458,0.4302,0.4998,0.0737,0.0205,0.0369,0.0369,0.4510,0.6175,,0.1665,,60.23,,,166.8,0.819,0.102,
1791428427.2224646,0.6350,0.8030,0.7006,0.4998,0.3646,0.7006,0.5695,0.6350,0.4302,0.2991,0.0737,0.4998,0.4998,0.0246,0.0246,0.0246,0.0369,0.4510,0.6335,,0.1825,,60.02,,,167.4,0.845,0.104,
1791428427.2541354,0.4998,0.4998,0.5695,0.4302,0.3646,0.5695,0.5695,0.6350,0.4302,0.0942,0.0737,0.4998,0.4998,0.0164,0.0942,0.0246,0.0369,0.4520,0.6330,,0.1810,,60.14,,,166.4,0.789,0.103,
1791428427.2859235,0.4302,0.8030,0.7006,0.4998,0.3646,0.8030,0.6350,0.6350,0.4302,0.1229,0.2991,0.5695,0.5695,0.0246,0.0574,0.0574,0.0410,0.4520,0.6315,0.7280,0.1795,0.0965,59.37,12.23,,167.1,0.841,0.107,
1791428427.3179286,0.7006,0.8030,0.5695,0.5695,0.2991,0.7006,0.5695,0.7538,0.5695,0.0737,0.1966,0.4998,0.4998,0.1229,0.0737,0.0369,0.0123,0.4540,0.6320,,0.1780,,58.93,12.14,,167.6,0.834,0.108,
1791428427.349362,0.4998,0.7538,0.6350,0.4302,0.2991,0.7006,0.7006,0.5695,0.5695,0.1229,0.1966,0.4998,0.4302,0.0574,0.0410,0.0574,0.0410,0.4530,0.6315,,0.1785,,58.60,12.20,,167.9,0.795,0.109,
1791428427.3834794,0.7538,0.8440,0.8440,0.6350,0.4998,0.6350,0.4302,0.5695,0.4998,0.0369,0.2991,0.4998,0.4998,0.0410,0.0574,0.0369,0.0246,0.4540,0.6305,,0.1765,,58.42,12.18,,167.5,0.830,0.110,
1791428427.4166446,0.5695,0.8440,0.7538,0.5695,0.4998,0.6350,0.4998,0.5695,0.4302,0.0942,0.0942,0.4998,0.4302,0.0737,0.0369,0.0410,0.0574,0.4540,0.6310,,0.1770,,58.01,12.11,,167.4,0.841,0.111,
1791428427.4501488,0.7538,0.7538,0.7538,0.4998,0.5695,0.5695,0.7006,0.6350,0.2991,0.1229,0.3646,0.4998,0.5695,0.0574,0.0574,0.0410,0.0410,0.4540,0.6230,,0.1690,,57.32,12.34,,165.6,0.838,0.113,1.467
1791428427.4844236,0.6350,0.7006,0.7538,0.3646,0.3646,0.7006,0.4302,0.6350,0.4998,0.0942,0.2991,0.5695,0.4998,0.0410,0.0246,0.0369,0.0369,0.4540,0.6150,,0.1610,,56.12,12.83,,166.1,0.819,0.116,
1791428427.5229356,0.6350,0.7006,0.7006,0.4998,0.4998,0.4998,0.5695,0.7538,0.4998,0.0737,0.2458,0.4302,0.4998,0.0369,0.0410,0.0410,0.0246,0.4540,0.6340,,0.1800,,56.33,12.49,,166.5,0.856,0.116,
1791428427.553476,0.7538,0.8030,0.8030,0.4998,0.4302,0.7006,0.6350,0.6350,0.4302,0.0942,0.2458,0.4998,0.4998,0.0369,0.0574,0.0410,0.0574,0.4540,0.6150,,0.1610,,55.19,12.95,,166.3,0.819,0.120,
1791428427.5855644,0.8030,0.8440,0.9259,0.4998,0.4302,0.4998,0.4998,0.7006,0.4998,0.0942,0.3646,0.4998,0.4998,0.0205,0.0369,0.0246,0.0246,0.4550,0.6330,,0.1780,,55.25,12.52,,164.4,0.892,0.120,1.500
1791428427.617009,0.7538,0.7538,0.7538,0.5695,0.5695,0.7538,0.5695,0.7006,0.5695,0.1229,0.3646,0.4998,0.4998,0.0737,0.0942,0.0574,0.0369,0.4540,0.6345,,0.1805,,56.03,12.44,,163.4,0.782,0.118,1.278
1791428427.6502922,0.4302,0.8030,0.8440,0.4998,0.3646,0.5695,0.5695,0.6350,0.5695,0.0737,0.0737,0.4998,0.4998,0.0246,0.0574,0.0410,0.0574,0.4540,0.6190,,0.1650,,55.66,12.70,,164.3,0.849,0.118,
1791428427.6835256,0.6350,0.8440,0.9259,0.4998,0.5695,0.7538,0.4998,0.6350,0.7006,0.0574,0.2991,0.4998,0.4302,0.0574,0.0246,0.0246,0.0369,0.4530,0.6330,,0.1800,,56.10,12.57,,164.0,0.806,0.117,
1791428427.7175295,0.4998,0.7006,0.7538,0.5695,0.2991,0.7006,0.5695,0.5695,0.4998,0.0942,0.0737,0.4998,0.5695,0.0410,0.0574,0.0410,0.0737,0.4540,0.6315,,0.1775,,56.05,12.49,,163.3,0.812,0.118,
1791428427.7512207,0.8440,0.7006,0.7006,0.4302,0.3646,0.8767,0.5695,0.7538,0.4302,0.2458,0.1557,0.5695,0.4998,0.0574,0.0205,0.0369,0.0369,0.4540,0.6175,,0.1635,,55.98,12.89,,163.3,0.813,0.117,
1791428427.783666,0.6350,0.6350,0.5695,0.4302,0.2458,0.7006,0.4998,0.6350,0.5695,0.1229,0.2458,0.4998,0.4998,0.0574,0.0574,0.0410,0.0369,0.4540,0.6295,,0.1755,,55.96,12.73,,162.6,0.844,0.117,
1791428427.8243425,0.4998,0.8030,0.7538,0.3646,0.4998,0.5695,0.7538,0.7006,0.4998,0.0574,0.2991,0.4302,0.4998,0.0737,0.0246,0.0246,0.0410,0.4540,0.6300,,0.1760,,56.16,,,161.4,0.818,0.116,
1791428427.8559196,0.5695,0.7538,0.6350,0.3646,0.2458,0.7006,0.4998,0.7006,0.7006,0.1557,0.2991,0.4998,0.4998,0.0246,0.0942,0.0369,0.0410,0.4530,0.6305,,0.1775,,56.08,,,158.9,0.894,0.117,
1791428427.8868732,0.8030,0.6350,0.7006,0.5695,0.2991,0.4302,0.4302,0.7006,0.4998,0.1229,0.0942,0.4302,0.4998,0.0737,0.0246,0.0410,0.0369,0.4530,0.6315,,0.1785,,55.92,,,159.4,0.849,0.119,
1791428427.9188938,0.6350,0.6350,0.7006,0.4998,0.4998,0.6350,0.6350,0.7006,0.4302,0.0737,0.0574,0.6350,0.4998,0.0246,0.0205,0.0574,0.0410,0.4530,0.6315,,0.1785,,56.26,,,159.6,0.852,0.118,
1791428427.9507625,0.5695,0.7006,0.5695,0.6350,0.2991,0.7006,0.7006,0.7006,0.7006,0.0737,0.0410,0.4302,0.4998,0.0246,0.0737,0.0574,0.0369,0.4530,0.6325,,0.1795,,56.29,,,161.0,0.845,0.118,
1791428427.9839401,0.5695,0.6350,0.9259,0.3646,0.4302,0.6350,0.6350,0.5695,0.7006,0.1966,0.1966,0.4302,0.4998,0.0410,0.0574,0.0164,0.0205,0.4540,0.6340,,0.1800,,56.46,,,161.2,0.864,0.118,
1791428428.017255,0.7538,0.8030,0.7538,0.4302,0.3646,0.7006,0.4998,0.6350,0.6350,0.1229,0.1229,0.4998,0.4998,0.0246,0.0369,0.0737,0.0574,0.4540,0.6290,,0.1750,,56.39,,,160.5,0.829,0.118,
1791428428.0504465,0.4998,0.6350,0.5695,0.4998,0.3646,0.6350,0.5695,0.6350,0.4998,0.1229,0.0942,0.4998,0.4998,0.0246,0.0737,0.0369,0.0574,0.4530,0.6355,,0.1825,,56.95,,,161.6,0.867,0.116,
1791428428.0840893,0.4998,0.7006,0.7538,0.4302,0.2458,0.7538,0.4998,0.5695,0.4998,0.0737,0.0737,0.5695,0.4998,0.0942,0.0369,0.0410,0.0410,0.4530,0.6185,,0.1655,,56.57,,,161.3,0.812,0.116,
1791428428.1219206,0.7538,0.4998,0.9054,0.4302,0.4302,0.6350,0.4998,0.6350,0.6350,0.2458,0.0737,0.4998,0.4998,0.0574,0.0574,0.0246,0.0123,0.4540,0.6165,,0.1625,,55.88,,,161.9,0.860,0.117,
1791428428.1540067,0.7006,0.4998,0.4302,0.3646,0.4302,0.7006,0.7006,0.7006,0.4998,0.0369,0.1966,0.4998,0.4998,0.0942,0.0205,0.0205,0.0246,0.4540,0.6325,,0.1785,,56.29,,,,0.796,0.116,
1791428428.1851978,0.6350,0.8440,0.6350,0.4302,0.4302,0.7006,0.4302,0.6350,0.7006,0.0737,0.0737,0.4302,0.4998,0.0369,0.0205,0.0410,0.0574,0.4530,0.6290,,0.1760,,56.01,,,,0.852,0.118,
1791428428.2173438,0.6350,0.5695,0.4998,0.5695,0.5695,0.7006,0.6350,0.7538,0.4998,0.1966,0.1966,0.4998,0.5695,0.0410,0.0369,0.0123,0.0246,0.4530,0.6305,,0.1775,,56.10,,,,0.868,0.118,
1791428428.2511268,0.4302,0.8030,0.6350,0.4302,0.6350,0.8440,0.4998,0.7006,0.4302,0.2458,0.1966,0.4998,0.5695,0.0205,0.0246,0.0246,0.0164,0.4540,0.6355,,0.1815,,56.55,,,,0.807,0.116,
1791428428.2841032,0.7538,0.7006,0.6350,0.4302,0.4998,0.7538,0.5695,0.7538,0.4302,0.0737,0.0737,0.4302,0.6350,0.0410,0.0574,0.0574,0.0574,0.4520,0.6320,,0.1800,,56.68,,,,0.820,0.116,
1791428428.3178906,0.4302,0.5695,0.5695,0.4998,0.5695,0.7538,0.4998,0.5695,0.6350,0.0942,0.1966,0.4998,0.4998,0.0737,0.0369,0.0574,0.0574,0.4540,0.6250,,0.1710,,55.82,,,,0.853,0.119,
1791428428.351872,0.4998,0.7006,0.7538,0.4302,0.3646,0.8030,0.6350,0.7538,0.4998,0.2458,0.2458,0.4302,0.5695,0.0942,0.0205,0.0246,0.0246,0.4530,0.6315,,0.1785,,56.30,,,,0.799,0.118,
1791428428.3904326,0.7538,0.7006,0.5695,0.4302,0.3646,0.6350,0.6350,0.5695,0.4998,0.0737,0.1966,0.4998,0.4998,0.0246,0.0410,0.0410,0.0574,0.4570,0.6335,,0.1765,,56.25,,,,0.816,0.118,
1791428428.4209697,0.7538,0.8440,0.7006,0.5695,0.3646,0.8030,0.7538,0.5695,0.4302,0.2458,0.2991,0.4998,0.4998,0.0737,0.0574,0.0410,0.0369,0.4530,0.6165,,0.1635,,56.00,,,,0.787,0.117,
1791428428.4541147,0.4998,0.7538,0.4998,0.4302,0.3646,0.6350,0.5695,0.6350,0.4998,0.3646,0.2991,0.4998,0.4998,0.0246,0.0942,0.0369,0.0574,0.4510,0.6320,,0.1810,,56.92,,150.4,,0.782,0.114,1.338
1791428428.4855993,0.7006,0.4302,0.6350,0.4998,0.3646,0.6350,0.5695,0.6350,0.4302,0.0369,0.2991,0.4302,0.4998,0.0410,0.0164,0.0369,0.0369,0.4530,0.6305,,0.1775,,56.81,,147.2,,0.876,0.115,
1791428428.5184875,0.4302,0.8030,0.6350,0.4302,0.4998,0.8030,0.5695,0.6350,0.4302,0.1229,0.2458,0.4998,0.5695,0.0574,0.0737,0.0737,0.0574,0.4520,0.6310,,0.1790,,56.86,,147.6,,0.845,0.115,
1791428428.5511854,0.8030,0.7538,0.5695,0.4302,0.1966,0.5695,0.4998,0.7538,0.7006,0.2458,0.2458,0.4302,0.5695,0.0246,0.0246,0.0246,0.0246,0.4510,0.6295,,0.1785,,56.82,,148.5,,0.873,0.116,
1791428428.5842705,0.6350,0.5695,0.7538,0.4302,0.4998,0.6350,0.3646,0.7006,0.4302,0.2458,0.0574,0.4998,0.4302,0.0246,0.0574,0.0246,0.0369,0.4500,0.6300,,0.1800,,57.09,,149.5,,0.842,0.115,
1791428428.6186805,0.7538,0.7006,0.7538,0.5695,0.4302,0.6350,0.4998,0.7538,0.4302,0.0574,0.0574,0.4998,0.5695,0.0205,0.0246,0.0737,0.0410,0.4530,0.6420,,0.1890,,57.50,,149.4,,0.853,0.115,
1791428428.6586466,0.5695,0.7006,0.5695,0.5695,0.4998,0.7538,0.7006,0.7006,0.3646,0.0737,0.0369,0.5695,0.5695,0.0246,0.0737,0.0410,0.0574,0.4530,0.6195,0.7100,0.1665,0.0905,57.30,12.49,149.3,,0.800,0.114,
1791428428.690586,0.7538,0.7006,0.8767,0.4998,0.4998,0.7006,0.6350,0.7538,0.4998,0.1557,0.2458,0.4302,0.4998,0.0246,0.0246,0.0369,0.0410,0.4520,0.6195,,0.1675,,57.38,12.78,149.7,,0.845,0.112,
1791428428.722827,0.8767,0.8030,0.7538,0.3646,0.3646,0.7006,0.4998,0.4302,0.5695,0.0574,0.3646,0.4302,0.4302,0.0942,0.0369,0.0369,0.0574,0.4530,0.6330,,0.1800,,57.48,12.44,149.1,161.4,0.893,0.112,1.511
1791428428.7533066,0.5695,0.6350,0.6350,0.4302,0.3646,0.7006,0.5695,0.5695,0.4998,0.1229,0.4302,0.4302,0.4302,0.0410,0.0369,0.0369,0.0410,0.4520,0.6340,,0.1820,,57.61,12.43,149.2,160.7,0.788,0.112,1.384
1791428428.784892,0.6350,0.4998,0.5695,0.3646,0.4998,0.7538,0.4998,0.7538,0.6350,0.1557,0.2991,0.5695,0.4302,0.0369,0.0737,0.0410,0.0369,0.4520,0.6275,,0.1755,,57.53,12.47,148.9,160.3,0.848,0.113,
1791428428.818311,0.4302,0.9054,0.6350,0.4302,0.4302,0.8030,0.7006,0.5695,0.4998,0.1557,0.2991,0.3646,0.4998,0.0737,0.0574,0.0410,0.0369,0.4500,0.6200,,0.1700,,57.56,12.93,148.5,160.2,0.782,0.112,
1791428428.8511982,0.7006,0.9054,0.8030,0.5695,0.3646,0.7538,0.5695,0.8030,0.6350,0.1229,0.2458,0.4998,0.5695,0.0574,0.0942,0.0369,0.0369,0.4500,0.6295,,0.1795,,57.67,12.94,147.7,161.0,0.801,0.112,
1791428428.8855042,0.5695,0.8440,0.8030,0.3646,0.6350,0.7006,0.7006,0.5695,0.6350,0.0574,0.4302,0.4998,0.5695,0.0574,0.0410,0.0164,0.0164,0.4520,0.6185,,0.1665,,57.44,13.20,148.7,160.4,0.838,0.111,1.420
1791428428.9183755,0.5695,0.6350,0.8030,0.4998,0.5695,0.7006,0.6350,0.7006,0.7538,0.1966,0.1966,0.4302,0.4998,0.0574,0.0369,0.0164,0.0369,0.4500,0.6325,,0.1825,,57.37,12.67,150.3,159.5,0.931,0.113,
1791428428.9579134,0.4998,0.7538,0.7538,0.4302,0.4998,0.7538,0.6350,0.5695,0.4998,0.2458,0.1966,0.2458,0.4998,0.0369,0.0246,0.0574,0.0369,0.4500,0.6310,,0.1810,,57.63,12.66,151.1,158.8,,0.112,
1791428428.9907398,0.5695,0.5695,0.7006,0.4302,0.4998,0.7538,0.7538,0.6350,0.5695,0.0942,0.2991,0.4998,0.3646,0.0737,0.0369,0.0246,0.0574,0.4500,0.6300,,0.1800,,57.67,12.62,,159.0,0.830,0.112,
1791428429.0208406,0.5695,0.7538,0.5695,0.4302,0.2991,0.7006,0.4302,0.6350,0.6350,0.0574,0.2458,0.3646,0.4302,0.0246,0.0574,0.0369,0.0164,0.4530,0.6180,,0.1650,,57.41,12.97,,158.9,0.833,0.112,
1791428429.0530407,0.7538,0.7006,0.4998,0.4302,0.6350,0.7006,0.5695,0.5695,0.5695,0.0574,0.1557,0.5695,0.5695,0.1229,0.0574,0.0205,0.0205,0.4520,0.6230,0.6460,0.1710,0.0230,57.62,11.38,,159.1,0.769,0.111,
1791428429.0862107,0.7006,0.5695,0.8030,0.4998,0.4302,0.7538,0.5695,0.7006,0.5695,0.0942,0.2458,0.4302,0.4998,0.0164,0.0574,0.0369,0.0410,0.4520,0.6140,,0.1620,,56.92,11.80,,158.7,0.808,0.112,
1791428429.1197262,0.3646,0.7538,0.4998,0.3646,0.4302,0.6350,0.4302,0.6350,0.7006,0.0574,0.2991,0.4302,0.5695,0.0574,0.0205,0.0246,0.0246,0.4550,0.6290,,0.1740,,57.45,11.71,,159.7,0.786,0.110,
1791428429.1518793,0.4998,0.8030,0.6350,0.4998,0.4998,0.7006,0.5695,0.7006,0.4998,0.0737,0.2458,0.4998,0.4998,0.0246,0.0205,0.0369,0.0369,0.4550,0.6280,,0.1730,,57.32,11.66,,160.5,0.789,0.111,
1791428429.1855178,0.4998,0.8030,0.7006,0.5695,0.4998,0.6350,0.5695,0.4302,0.6350,0.2991,0.0737,0.4998,0.4998,0.0574,0.0574,0.0164,0.0164,0.4520,0.6300,,0.1780,,57.65,11.43,,159.8,0.830,0.110,
1791428429.2192473,0.5695,0.7538,0.4998,0.4302,0.1557,0.6350,0.4998,0.4998,0.3646,0.0737,0.0942,0.4302,0.4998,0.0574,0.1229,0.0410,0.1229,0.4520,0.6280,,0.1760,,57.85,11.34,,159.4,0.822,0.109,
1791428429.2593584,0.4998,0.8440,0.5695,0.3646,0.1557,0.7006,0.5695,0.5695,0.7538,0.0737,0.2458,0.4302,0.3646,0.0246,0.0574,0.0574,0.0369,0.4510,0.6290,,0.1780,,58.35,11.23,,160.2,0.823,0.108,
1791428429.2901142,0.7006,0.8030,0.6350,0.4998,0.4998,0.7006,0.4998,0.6350,0.4998,0.0737,0.4998,0.4302,0.4302,0.0942,0.0737,0.0369,0.0369,0.4510,0.6300,,0.1790,,58.78,11.07,,159.4,0.841,0.106,1.392
1791428429.3201811,0.7538,0.6350,0.7538,0.3646,0.4998,0.6350,0.4302,0.5695,0.5695,0.0574,0.2458,0.4302,0.4302,0.0369,0.0205,0.0123,0.0369,0.4510,0.6275,,0.1765,,58.91,11.03,,159.6,0.838,0.106,
1791428429.3530724,0.4998,0.7538,0.7538,0.4998,0.6350,0.6350,0.5695,0.6350,0.4998,0.1229,0.2458,0.4998,0.4998,0.0205,0.0164,0.0123,0.0369,0.4530,0.6305,,0.1775,,59.60,10.92,,159.5,0.827,0.103,
1791428429.3858194,0.4998,0.4302,0.7006,0.5695,0.4302,0.6350,0.5695,0.6350,0.4998,0.0942,0.1557,0.4998,0.4998,0.0942,0.0205,0.0205,0.0369,0.4510,0.6285,,0.1775,,59.87,10.89,,159.3,0.834,0.102,
1791428429.4192169,0.5695,0.7538,0.7006,0.3646,0.4302,0.7538,0.7006,0.6350,0.3646,0.1557,0.4302,0.4998,0.4302,0.1557,0.0369,0.0574,0.0574,0.4500,0.6300,,0.1800,,60.60,10.89,,158.7,0.804,0.100,1.308
1791428429.452817,0.4302,0.4302,0.7538,0.4998,0.5695,0.7538,0.6350,0.6350,0.5695,0.0737,0.1557,0.3646,0.3646,0.0574,0.0205,0.0123,0.0369,0.4510,0.6290,,0.1780,,60.26,10.84,,158.8,0.834,0.101,
1791428429.4864326,0.3646,0.6350,0.7006,0.3646,0.3646,0.7538,0.4302,0.5695,0.5695,0.0574,0.3646,0.5695,0.4302,0.0369,0.0410,0.0369,0.0410,0.4540,0.6290,,0.1750,,60.70,10.80,,159.1,0.838,0.099,1.365
1791428429.5196078,0.4302,0.6350,0.7538,0.4998,0.4302,0.7006,0.5695,0.6350,0.4998,0.0942,0.2458,0.4302,0.4302,0.0737,0.0369,0.0410,0.0574,0.4510,0.6265,,0.1755,,60.06,10.62,,159.5,0.927,0.102,
1791428429.5592484,0.6350,0.8030,0.4302,0.3646,0.4302,0.6350,0.7006,0.7006,0.6350,0.0574,0.1966,0.4998,0.4302,0.0737,0.0410,0.0369,0.0410,0.4510,0.6280,,0.1770,,59.87,10.76,,159.4,0.795,0.103,
1791428429.5906036,0.8440,0.4998,0.6350,0.4302,0.4302,0.7006,0.4998,0.5695,0.6350,0.0574,0.1229,0.5695,0.5695,0.0410,0.0942,0.0574,0.1229,0.4510,0.6270,0.6460,0.1760,0.0190,59.91,9.28,,159.3,0.837,0.102,
1791428429.621033,0.3646,0.5695,0.8030,0.4302,0.4302,0.6350,0.4998,0.4998,0.5695,0.1229,0.2458,0.4302,0.4998,0.0574,0.0369,0.0246,0.0369,0.4510,0.6425,,0.1915,,61.14,8.76,,159.8,0.852,0.099,
1791428429.6529994,0.5695,0.7538,0.6350,0.4998,0.4302,0.5695,0.5695,0.5695,0.4998,0.0942,0.2991,0.4998,0.4998,0.0737,0.0574,0.0410,0.0574,0.4510,0.6265,,0.1755,,60.41,8.88,,158.4,0.856,0.101,
1791428429.6860802,0.7006,0.6350,0.8030,0.3646,0.3646,0.7538,0.5695,0.6350,0.4998,0.0942,0.4998,0.3646,0.4998,0.0942,0.0737,0.0369,0.0410,0.4510,0.6285,,0.1775,,60.87,9.01,,158.5,0.801,0.099,1.325
1791428429.7199724,0.6350,0.4998,0.4998,0.3646,0.4998,0.5695,0.5695,0.7006,0.4998,0.0942,0.2991,0.4998,0.4998,0.0369,0.0164,0.0369,0.0205,0.4510,0.6305,,0.1795,,60.76,8.87,,158.4,0.892,0.100,
1791428429.7537582,0.5695,0.7006,0.7538,0.4302,0.1966,0.6350,0.4302,0.5695,0.7538,0.0737,0.1557,0.4998,0.4998,0.0942,0.0737,0.0410,0.0410,0.4510,0.6285,,0.1775,,60.17,8.80,,157.9,0.899,0.102,
1791428429.7942474,0.6350,0.7538,0.8440,0.3646,0.4302,0.7006,0.4998,0.5695,0.4998,0.0942,0.0737,0.5695,0.4302,0.0164,0.0410,0.0410,0.0369,0.4540,0.6190,,0.1650,,59.86,9.18,,158.9,0.843,0.102,
1791428429.825923,0.4998,0.7538,0.6350,0.2991,0.3646,0.6350,0.7006,0.6350,0.7006,0.1229,0.2458,0.4302,0.4998,0.0942,0.0369,0.0369,0.0369,0.4510,0.6180,,0.1670,,59.62,9.59,,159.1,0.807,0.102,
1791428429.8580692,0.4998,0.6350,0.6350,0.3646,0.3646,0.8030,0.4998,0.6350,0.6350,0.1229,0.0737,0.4998,0.4998,0.0574,0.0369,0.0369,0.0574,0.4510,0.6300,,0.1790,,60.14,9.53,,159.0,0.805,0.100,
1791428429.8884351,0.6350,0.7538,0.7006,0.4998,0.3646,0.7006,0.6350,0.7538,0.4998,0.3646,0.2458,0.4998,0.5695,0.0737,0.0246,0.0369,0.0369,0.4510,0.6195,,0.1685,,59.82,9.82,149.9,158.8,0.813,0.101,1.359
1791428429.919324,0.7006,0.7538,0.6350,0.4302,0.4998,0.5695,0.6350,0.7006,0.5695,0.1229,0.4302,0.4998,0.4998,0.0410,0.0574,0.0410,0.0369,0.4510,0.6185,,0.1675,,59.68,10.14,150.2,158.8,0.791,0.101,1.405
1791428429.953294,0.5695,0.7538,0.8440,0.4998,0.3646,0.8767,0.6350,0.5695,0.7006,0.3646,0.2458,0.2991,0.4998,0.0369,0.0246,0.0246,0.0410,0.4510,0.6275,,0.1765,,59.20,9.90,150.7,158.3,,0.103,1.497
1791428429.9867415,0.6350,0.7538,0.8030,0.4998,0.4302,0.7006,0.3646,0.5695,0.5695,0.1966,0.1229,0.4998,0.4998,0.0410,0.0246,0.0410,0.0410,0.4510,0.6185,,0.1675,,59.11,10.05,149.9,157.7,0.853,0.103,
1791428430.0196948,0.5695,0.8030,0.6350,0.4302,0.2991,0.6350,0.4998,0.5695,0.7006,0.0737,0.2991,0.4998,0.4998,0.0942,0.0574,0.0369,0.0574,0.4510,0.6170,,0.1660,,58.43,10.25,148.5,157.5,0.841,0.105,
1791428430.054262,0.7006,0.8030,0.6350,0.4998,0.2991,0.6350,0.5695,0.5695,0.4998,0.0410,0.1557,0.4302,0.4998,0.0246,0.0369,0.0246,0.0369,0.4530,0.6295,,0.1765,,58.65,9.97,147.0,157.2,0.852,0.105,
1791428430.0940623,0.4998,0.6350,0.8440,0.3646,0.3646,0.7538,0.7006,0.7006,0.5695,0.2991,0.2991,0.4302,0.4998,0.0246,0.0164,0.0369,0.0410,0.4510,0.6305,,0.1795,,59.06,9.71,148.1,154.0,0.856,0.104,
1791428430.1259632,0.4998,0.7538,0.6350,0.3646,0.4998,0.7538,0.4998,0.6350,0.6350,0.2458,0.2458,0.3646,0.4998,0.1229,0.0369,0.0574,0.0410,0.4510,0.6315,,0.1805,,59.32,,148.0,154.9,0.849,0.104,
1791428430.1568882,0.5695,0.5695,0.4998,0.4998,0.3646,0.6350,0.5695,0.7006,0.4998,0.2458,0.0737,0.3646,0.4302,0.0246,0.0205,0.0574,0.0737,0.4510,0.6295,,0.1785,,59.27,,148.9,155.2,0.888,0.104,
1791428430.1884112,0.4998,0.5695,0.7006,0.4998,0.2991,0.7006,0.4998,0.6350,0.4302,0.0737,0.3646,0.4998,0.4998,0.0574,0.0164,0.0737,0.0737,0.4510,0.6315,,0.1805,,59.49,,148.5,155.3,0.838,0.104,1.374
1791428430.2204185,0.6350,0.5695,0.8030,0.3646,0.4302,0.8440,0.5695,0.6350,0.4998,0.0737,0.1229,0.4998,0.5695,0.0737,0.0369,0.0369,0.0410,0.4510,0.6340,,0.1830,,60.01,,148.7,156.8,0.860,0.103,
1791428430.2537432,0.6350,0.5695,0.6350,0.2991,0.2991,0.7006,0.4998,0.6350,0.7006,0.0574,0.1966,0.4302,0.4998,0.0205,0.0205,0.0123,0.0410,0.4510,0.6295,,0.1785,,59.74,,148.9,156.7,0.856,0.104,
1791428430.2867537,0.4302,0.5695,0.6350,0.4302,0.3646,0.7006,0.4998,0.4998,0.8030,0.0942,0.3646,0.2991,0.4998,0.0410,0.0369,0.0410,0.0369,0.4510,0.6305,,0.1795,,59.71,,148.3,157.5,,0.104,1.468
1791428430.3207254,0.4998,0.4998,0.6350,0.4998,0.4302,0.8030,0.5695,0.7006,0.4302,0.1966,0.0737,0.4302,0.5695,0.0246,0.0205,0.0410,0.0369,0.4510,0.6310,,0.1800,,59.82,,148.9,156.8,0.834,0.104,
1791428430.3544598,0.4302,0.7006,0.6350,0.4302,0.7006,0.6350,0.7006,0.5695,0.4998,0.1229,0.2991,0.3646,0.4302,0.0737,0.0246,0.0410,0.0369,0.4510,0.6305,,0.1795,,60.19,,149.5,157.2,0.837,0.102,
1791428430.3932347,0.7538,0.7006,0.7006,0.4998,0.4998,0.6350,0.6350,0.7006,0.6350,0.1229,0.2458,0.4998,0.4302,0.0574,0.0737,0.0574,0.0410,0.4510,0.6285,,0.1775,,60.07,,148.6,156.9,0.849,0.103,
1791428430.42398,0.7006,0.6350,0.6350,0.4302,0.4302,0.7006,0.6350,0.6350,0.4302,0.1966,0.0574,0.4302,0.4998,0.0737,0.0737,0.0574,0.0246,0.4510,0.6330,,0.1820,,60.16,,149.3,157.2,0.856,0.103,
1791428430.4563055,0.5695,0.6350,0.7538,0.4302,0.5695,0.6350,0.6350,0.7538,0.4302,0.1229,0.3646,0.4998,0.4998,0.0574,0.0123,0.0369,0.0369,0.4510,0.6370,,0.1860,,60.22,,150.2,157.8,0.887,0.103,1.451
1791428430.4872236,0.6350,0.5695,0.7538,0.3646,0.5695,0.7006,0.5695,0.5695,0.7006,0.0737,0.2991,0.4302,0.4302,0.0737,0.0369,0.0410,0.0369,0.4510,0.6195,,0.1685,,59.76,,,158.2,0.795,0.104,
1791428430.5209637,0.5695,0.6350,0.6350,0.4302,0.5695,0.7538,0.4302,0.6350,0.4998,0.0574,0.3646,0.5695,0.4302,0.0164,0.0369,0.0410,0.0410,0.4510,0.6265,,0.1755,,59.60,,,158.7,0.859,0.104,1.413
1791428430.5539029,0.5695,0.7538,0.6350,0.4302,0.4302,0.7538,0.6350,0.7538,0.4302,0.0737,0.1229,0.4998,0.4998,0.0410,0.0123,0.0410,0.0410,0.4530,0.6310,,0.1780,,60.12,,,159.0,0.776,0.102,
1791428430.5878553,0.7006,0.6350,0.4302,0.4302,0.3646,0.5695,0.5695,0.6350,0.4998,0.2458,0.0942,0.4998,0.4302,0.0369,0.0369,0.0369,0.0410,0.4510,0.6365,,0.1855,,59.96,,,158.2,0.877,0.104,
1791428430.6202996,0.4998,0.3646,0.6350,0.3646,0.2991,0.6350,0.5695,0.4998,0.4998,0.1966,0.2458,0.5695,0.4998,0.0369,0.0246,0.0574,0.0410,0.4510,0.6290,,0.1780,,59.83,,,157.9,0.868,0.104,
1791428430.6603212,0.4302,0.7538,0.6350,0.3646,0.3646,0.7006,0.6350,0.7006,0.7006,0.0574,0.0942,0.4998,0.4998,0.0942,0.0369,0.0410,0.0410,0.4510,0.6195,,0.1685,,59.67,,,157.3,0.831,0.104,
1791428430.691107,0.4302,0.7006,0.5695,0.4302,0.3646,0.5695,0.6350,0.5695,0.8030,0.0574,0.0942,0.4302,0.5695,0.0574,0.0246,0.0164,0.0164,0.4510,0.6305,,0.1795,,60.27,,,156.3,0.842,0.101,
1791428430.7237105,0.7538,0.8030,0.6350,0.4998,0.4302,0.7006,0.5695,0.7538,0.7538,0.1966,0.0574,0.4998,0.4998,0.0574,0.0369,0.0369,0.0246,0.4510,0.6300,,0.1790,,60.29,,,157.2,0.941,0.101,
1791428430.7556202,0.4302,0.8030,0.7006,0.5695,0.3646,0.6350,0.4998,0.7006,0.7006,0.0737,0.1966,0.4302,0.4998,0.0246,0.0410,0.0574,0.0737,0.4510,0.6275,,0.1765,,59.97,,,156.6,0.793,0.103,
1791428430.7879627,0.4998,0.5695,0.5695,0.4998,0.3646,0.7006,0.4998,0.4998,0.4302,0.1229,0.1966,0.4998,0.4998,0.0369,0.0574,0.0369,0.0410,0.4510,0.6400,,0.1890,,60.28,,,156.7,0.845,0.103,
1791428430.8200245,0.5695,0.4998,0.7006,0.4302,0.4998,0.7006,0.4998,0.6350,0.4302,0.1557,0.1229,0.4302,0.4302,0.0410,0.0164,0.0410,0.0369,0.4510,0.6300,,0.1790,,60.04,,,156.7,0.838,0.104,
1791428430.853994,0.7006,0.7006,0.5695,0.4998,0.3646,0.6350,0.5695,0.6350,0.6350,0.2458,0.1229,0.4302,0.3646,0.0246,0.0410,0.0369,0.0369,0.4510,0.6130,,0.1620,,59.30,,,156.6,0.841,0.105,
1791428430.8867192,0.5695,0.7538,0.6350,0.4998,0.2991,0.7006,0.6350,0.6350,0.4998,0.0942,0.1229,0.3646,0.4998,0.0246,0.0574,0.0574,0.0369,0.4510,0.6285,,0.1775,,59.00,,,157.2,0.845,0.106,
1791428430.9201643,0.6350,0.7006,0.7538,0.4998,0.4302,0.8030,0.5695,0.7006,0.4998,0.0737,0.1557,0.5695,0.4998,0.0246,0.0369,0.0164,0.0164,0.4510,0.6285,,0.1775,,59.28,,,156.6,0.891,0.105,
1791428430.9532864,0.2991,0.6350,0.5695,0.2991,0.3646,0.7006,0.4998,0.5695,0.5695,0.0942,0.0410,0.4302,0.4998,0.0246,0.0205,0.0737,0.0737,,0.6195,,,,59.28,,,156.5,0.835,0.105,
1791428430.9933863,0.5695,0.7006,0.7538,0.3646,0.3646,0.8030,0.7006,0.5695,0.5695,0.1229,0.0942,0.4302,0.4998,0.0410,0.0164,0.0369,0.0369,0.4510,0.6360,,0.1850,,59.43,,,155.3,0.892,0.105,
1791428431.025987,0.8440,0.7538,0.6350,0.3646,0.4998,0.7538,0.6350,0.4998,0.7006,0.2991,0.1557,0.4998,0.4998,0.0369,0.0369,0.0369,0.0246,0.4510,0.6270,,0.1760,,59.27,,,155.8,0.830,0.106,
1791428431.0562644,0.6350,0.5695,0.7538,0.4302,0.2991,0.6350,0.4998,0.5695,0.5695,0.2458,0.2991,0.4998,0.4302,0.0205,0.0205,0.0410,0.0737,0.4510,0.6305,,0.1795,,59.46,,,,0.830,0.105,
1791428431.088951,0.7538,0.7538,0.7006,0.4302,0.4998,0.7006,0.6350,0.7538,0.5695,0.0574,0.2458,0.3646,0.4998,0.1229,0.0574,0.0574,0.0164,0.4510,0.6285,,0.1775,,59.43,,,,0.868,0.105,
1791428431.120534,0.3646,0.7538,0.7006,0.5695,0.3646,0.6350,0.6350,0.5695,0.5695,0.0942,0.0574,0.3646,0.4302,0.0205,0.0410,0.0574,0.0574,0.4510,0.6265,,0.1755,,59.63,,,,0.868,0.104,
1791428431.1539493,0.8030,0.7538,0.6350,0.5695,0.4998,0.7006,0.4998,0.5695,0.7006,0.1966,0.2991,0.4998,0.4998,0.1557,0.0164,0.0246,0.0410,0.4510,0.6145,,0.1635,,58.86,,,,0.818,0.106,
1791428431.1878872,0.4302,0.7006,0.7006,0.4302,0.5695,0.5695,0.5695,0.7006,0.7006,0.1966,0.1229,0.5695,0.4998,0.0246,0.0369,0.0369,0.0369,0.4530,0.6190,,0.1660,,58.53,,,,0.856,0.106,
1791428431.2213104,0.7006,0.8030,0.7538,0.4302,0.3646,0.5695,0.5695,0.5695,0.7538,0.0369,0.1229,0.4998,0.4998,0.0942,0.0205,0.0205,0.0246,0.4510,0.6275,,0.1765,,58.59,,,,0.911,0.106,
1791428431.255142,0.4998,0.8030,0.4998,0.4302,0.3646,0.5695,0.7006,0.7538,0.7006,0.2458,0.1557,0.4302,0.4998,0.0369,0.0369,0.0369,0.0574,0.4510,0.6305,,0.1795,,58.64,,,,0.880,0.107,
1791428431.2883375,0.4302,0.7006,0.8030,0.4998,0.4998,0.7538,0.6350,0.7006,0.5695,0.2458,0.2991,0.4302,0.4302,0.0942,0.0164,0.0737,0.0369,0.4510,0.6300,,0.1790,,58.52,,,,0.856,0.108,
1791428431.3278518,0.5695,0.7006,0.6350,0.2991,0.4302,0.8030,0.5695,0.7006,0.4998,0.1557,0.1229,0.4998,0.4998,0.0246,0.0123,0.0737,0.0574,0.4510,0.6300,,0.1790,,58.72,,,,0.900,0.107,
1791428431.3586438,0.4998,0.7006,0.7006,0.3646,0.4302,0.6350,0.5695,0.7006,0.5695,0.0737,0.2991,0.2458,0.2991,0.0574,0.0164,0.0410,0.0369,0.4510,0.6295,,0.1785,,58.57,,,,,0.108,
1791428431.3901572,0.4998,0.6350,0.4998,0.3646,0.3646,0.7006,0.6350,0.7006,0.6350,0.0942,0.1557,0.4302,0.4998,0.0369,0.0246,0.0410,0.0410,0.4510,0.6165,,0.1655,,57.92,,,,0.861,0.109,
1791428431.4212275,0.6350,0.7538,0.5695,0.2991,0.3646,0.7538,0.5695,0.5695,0.7006,0.1229,0.1557,0.4302,0.4998,0.0369,0.0205,0.0410,0.0369,0.4510,0.6295,,0.1785,,58.07,,,,0.849,0.109,
1791428431.4546902,0.5695,0.7538,0.4998,0.4302,0.4998,0.6350,0.7006,0.4998,0.7006,0.2458,0.0942,0.4998,0.4998,0.0942,0.0205,0.0574,0.0574,0.4510,0.6300,,0.1790,,58.42,,,,0.875,0.108,
1791428431.4882462,0.7538,0.4998,0.5695,0.4998,0.3646,0.7538,0.6350,0.4302,0.6350,0.1229,0.2458,0.4998,0.4998,0.0205,0.0369,0.0574,0.0574,0.4510,0.6145,,0.1635,,58.09,,,,0.805,0.108,
1791428431.5213778,0.4302,0.4998,0.6350,0.3646,0.4998,0.8440,0.6350,0.7006,0.4998,0.1557,0.1557,0.4302,0.4302,0.0574,0.0410,0.0369,0.0246,0.4510,0.6300,,0.1790,,58.43,,,,0.864,0.107,
1791428431.5549548,0.6350,0.4998,0.7538,0.4302,0.3646,0.6350,0.4302,0.7538,0.8030,0.0737,0.2458,0.4302,0.4998,0.0369,0.0574,0.0737,0.0574,0.4510,0.6140,,0.1630,,57.74,,,,0.845,0.109,
1791428431.5883193,0.5695,0.7006,0.5695,0.3646,0.5695,0.7006,0.7006,0.7006,0.6350,0.0942,0.3646,0.4998,0.4998,0.0246,0.0123,0.0410,0.0164,0.4510,0.6325,,0.1815,,58.44,,,154.9,0.853,0.107,1.382
1791428431.6283078,0.7538,0.7006,0.4998,0.3646,0.4302,0.7538,0.4998,0.5695,0.7006,0.3646,0.3646,0.4302,0.3646,0.0942,0.0369,0.0574,0.0369,0.4510,0.6325,,0.1815,,58.77,,149.0,155.8,0.795,0.106,1.345
1791428431.659386,0.6350,0.6350,0.6350,0.4302,0.3646,0.7006,0.5695,0.7006,0.4302,0.0369,0.0574,0.4998,0.3646,0.0369,0.0123,0.0205,0.0369,0.4510,0.6275,,0.1765,,58.40,,146.4,155.9,0.873,0.108,
1791428431.6921477,0.7538,0.6350,0.5695,0.4302,0.5695,0.7006,0.4302,0.7006,0.4998,0.2458,0.2991,0.2991,0.4302,0.0574,0.0574,0.0246,0.0246,0.4510,0.6310,,0.1800,,58.85,,147.3,156.2,,0.107,
1791428431.7230415,0.7006,0.6350,0.5695,0.3646,0.4998,0.7006,0.6350,0.7006,0.7006,0.1966,0.1557,0.2991,0.3646,0.0410,0.0369,0.0574,0.0574,0.4510,0.6300,,0.1790,,58.62,,147.7,156.9,,0.108,
1791428431.7550714,0.7538,0.8030,0.5695,0.3646,0.4302,0.6350,0.5695,0.6350,0.5695,0.0737,0.0369,0.3646,0.4998,0.0574,0.0410,0.0369,0.0574,0.4510,0.6270,,0.1760,,58.56,,147.5,155.0,0.908,0.108,
1791428431.7886763,0.7538,0.4998,0.8030,0.3646,0.4302,0.7006,0.7006,0.5695,0.7006,0.0737,0.1966,0.4302,0.4998,0.0410,0.0369,0.0369,0.0369,0.4510,0.6280,,0.1770,,58.48,,147.2,155.4,0.908,0.109,
1791428431.8213744,0.7006,0.8030,0.8030,0.4998,0.5695,0.5695,0.5695,0.4302,0.6350,0.0942,0.0574,0.2991,0.2991,0.0410,0.0369,0.0574,0.0410,0.4520,0.6295,,0.1775,,58.43,,147.3,154.3,,0.109,
1791428431.8558059,0.5695,0.8440,0.5695,0.3646,0.4302,0.7538,0.5695,0.6350,0.7006,0.0574,0.1966,0.4998,0.4302,0.0410,0.0205,0.0369,0.0369,0.4510,0.6305,,0.1795,,58.91,,148.2,155.4,0.871,0.107,
1791428431.8888013,0.4998,0.7538,0.3646,0.4998,0.6350,0.4998,0.4302,0.7006,0.7006,0.0942,0.1966,0.4998,0.4998,0.0942,0.0410,0.0410,0.0737,0.4510,0.6300,,0.1790,,58.81,,149.3,156.3,0.865,0.108,
1791428431.9296334,0.6350,0.5695,0.6350,0.4998,0.5695,0.6350,0.4998,0.7006,0.5695,0.1229,0.0737,0.4998,0.4302,0.0737,0.0410,0.0369,0.0410,0.4510,0.6160,,0.1650,,58.62,,149.8,157.2,0.864,0.107,
1791428431.9613116,0.4998,0.7538,0.4998,0.3646,0.3646,0.8030,0.7006,0.4998,0.6350,0.1229,0.2458,0.3646,0.4302,0.0369,0.0082,0.0737,0.0410,0.4510,0.6365,,0.1855,,57.86,,149.0,155.8,0.853,0.111,
1791428431.9913633,0.5695,0.7538,0.6350,0.4998,0.4302,0.7538,0.7538,0.6350,0.5695,0.0737,0.2991,0.3646,0.4302,0.0369,0.0246,0.0369,0.0574,0.4510,0.6285,,0.1775,,58.12,,148.8,155.4,0.816,0.110,
1791428432.0236454,0.7538,0.7006,0.7006,0.4998,0.2991,0.6350,0.4998,0.4998,0.5695,0.0737,0.0410,0.4998,0.3646,0.0369,0.0410,0.0574,0.0369,0.4510,0.6195,,0.1685,,57.93,,148.0,155.9,0.824,0.110,
1791428432.0552566,0.6350,0.6350,0.7006,0.3646,0.4302,0.7006,0.4302,0.4302,0.5695,0.1966,0.0942,0.4302,0.4302,0.0410,0.0205,0.0369,0.0410,0.4510,0.6150,,0.1640,,57.85,,148.1,156.3,0.823,0.109,
1791428432.0896018,0.4302,0.7006,0.7006,0.3646,0.4998,0.7538,0.7006,0.5695,0.5695,0.1229,0.1966,0.4302,0.5695,0.0574,0.0369,0.0410,0.0410,0.4510,0.6405,,0.1895,,58.48,,148.7,155.5,0.879,0.108,
1791428432.122947,0.4998,0.6350,0.6350,0.4302,0.4302,0.7006,0.7006,0.5695,0.5695,0.2458,0.2458,0.4302,0.4302,0.0246,0.0369,0.0369,0.0410,0.4510,0.6325,,0.1815,,59.10,,148.9,155.6,0.856,0.106,
1791428432.1555352,0.3646,0.4998,0.4998,0.1966,0.2991,0.6350,0.6350,0.4302,0.4998,0.2991,0.2991,0.4998,0.4302,0.0737,0.0246,0.0369,0.0574,0.4510,0.6150,,0.1640,,58.31,,,,0.844,0.108,
1791428432.188519,0.4302,0.7006,0.6350,0.4302,0.4302,0.5695,0.4998,0.7006,0.5695,0.0410,0.1966,0.5695,0.4302,0.0737,0.0205,0.0369,0.0410,0.4510,0.6160,,0.1650,,57.40,,,,0.877,0.111,
1791428432.2222536,0.5695,0.7538,0.4302,0.4302,0.3646,0.7538,0.4998,0.4998,0.5695,0.2458,0.1557,0.4998,0.4302,0.0574,0.0164,0.0369,0.0369,0.4510,0.6150,,0.1640,,56.94,,,,0.830,0.111,
1791428432.262578,0.2991,0.8030,0.6350,0.3646,0.4998,0.7538,0.6350,0.7538,0.5695,0.0737,0.3646,0.4302,0.5695,0.0942,0.0410,0.0369,0.0164,,0.6290,,,,56.94,,,156.3,0.793,0.111,
1791428432.2932434,0.4302,0.7006,0.7538,0.4302,0.4302,0.5695,0.4998,0.4302,0.7006,0.0410,0.1229,0.4998,0.4302,0.0737,0.0369,0.0369,0.0369,0.4530,0.6295,,0.1765,,57.23,,,156.9,0.857,0.111,
1791428432.3246381,0.4302,0.6350,0.6350,0.4998,0.4302,0.7006,0.5695,0.4998,0.5695,0.0942,0.0574,0.3646,0.3646,0.0574,0.0574,0.0410,0.0574,0.4510,0.6300,,0.1790,,58.00,,,158.5,0.802,0.108,
1791428432.355915,0.6350,0.7006,0.5695,0.4302,0.5695,0.8030,0.6350,0.6350,0.7006,0.0737,0.2458,0.4998,0.4302,0.0410,0.0574,0.0574,0.0410,0.4510,0.6415,,0.1905,,58.29,,,158.2,0.821,0.109,
1791428432.3896794,0.6350,0.4998,0.6350,0.4302,0.3646,0.6350,0.5695,0.7006,0.6350,0.0942,0.2991,0.4998,0.4302,0.0737,0.0246,0.0369,0.0737,0.4510,0.6295,,0.1785,,58.23,,,158.7,0.928,0.110,
1791428432.4224148,0.5695,0.5695,0.5695,0.3646,0.4302,0.7006,0.6350,0.7538,0.5695,0.0574,0.1966,0.4302,0.2991,0.0737,0.0246,0.0574,0.0246,0.4510,0.6135,,0.1625,,57.71,,,158.6,,0.110,
1791428432.4555857,0.4302,0.7538,0.7538,0.3646,0.4302,0.7538,0.4998,0.6350,0.5695,0.1229,0.2458,0.4998,0.4302,0.0410,0.0164,0.0574,0.0369,0.4510,0.6175,,0.1665,,57.83,,,158.5,0.819,0.109,
1791428432.488993,0.5695,0.5695,0.5695,0.4302,0.6350,0.8440,0.5695,0.6350,0.7006,0.2991,0.0942,0.4998,0.4302,0.0410,0.0123,0.0369,0.0123,0.4510,0.6170,,0.1660,,57.97,,,157.7,0.849,0.107,
1791428432.5235817,0.6350,0.6350,0.6350,0.4302,0.5695,0.7006,0.7006,0.6350,0.7538,0.2458,0.3646,0.4302,0.4998,0.0737,0.0574,0.0369,0.0574,0.4510,0.6180,,0.1670,,58.03,,,158.2,0.802,0.106,1.376
1791428432.5630627,0.4302,0.7538,0.5695,0.3646,0.2991,0.7006,0.4302,0.6350,0.4998,0.0942,0.1557,0.4998,0.4998,0.0574,0.0246,0.0369,0.0410,0.4510,0.6270,,0.1760,,58.37,,,157.8,0.845,0.106,
