timestamp,nose_score,left_eye_score,right_eye_score,left_ear_score,right_ear_score,left_shoulder_score,right_shoulder_score,left_elbow_score,right_elbow_score,left_wrist_score,right_wrist_score,left_hip_score,right_hip_score,left_knee_score,right_knee_score,left_ankle_score,right_ankle_score,head_depth_m,chest_depth_m,hip_depth_m,neck_forward_offset_m,torso_recline_offset_m,head_forward_deg,torso_pitch_deg,elbow_left_deg,elbow_right_deg,torso_len_sw,head_up_m,wrist_face_sw
1791428015.533142,0.7006,0.8767,0.6350,0.5695,0.6350,0.4302,0.6350,0.6350,0.2991,0.4998,0.3646,0.1966,0.1966,0.1966,0.2458,0.0574,0.0205,0.3560,0.4585,,0.1025,,54.12,,38.4,102.4,,0.080,0.521
1791428015.5653512,0.6350,0.8767,0.6350,0.4302,0.7006,0.8030,0.7538,0.4998,0.7006,0.5695,0.1229,0.1966,0.2991,0.2991,0.0737,0.0410,0.0737,0.3560,0.4725,,0.1165,,54.82,,37.9,94.4,,0.079,0.604
1791428015.5966203,0.4302,0.9054,0.6350,0.7538,0.5695,0.8030,0.5695,0.1966,0.5695,0.3646,0.1229,0.2991,0.2458,0.2458,0.0574,0.0574,0.0410,0.3550,0.4715,,0.1165,,54.52,,38.7,98.6,,0.080,0.617
1791428015.6306274,0.4302,0.8440,0.6350,0.6350,0.7006,0.5695,0.5695,0.4998,0.6350,0.4998,0.1557,0.2991,0.3646,0.2991,0.0574,0.1557,0.0246,0.3560,0.4700,,0.1140,,55.18,,38.2,88.8,,0.079,0.520
1791428015.6633613,0.6350,0.8030,0.7006,0.4998,0.5695,0.4302,0.6350,0.4302,0.3646,0.4302,0.1229,0.1557,0.1557,0.1229,0.0737,0.0369,0.0410,0.3560,0.4730,,0.1170,,55.25,,38.0,79.1,,0.079,0.561
1791428015.697512,0.4302,0.7006,0.4998,0.4302,0.5695,0.5695,0.4998,0.2991,0.1557,0.5695,0.1229,0.2991,0.2458,0.2458,0.1557,0.0410,0.0574,0.3550,0.4740,,0.1190,,55.76,,39.8,79.9,,0.078,0.611
1791428015.7299883,0.6350,0.9259,0.8440,0.5695,0.4998,0.7538,0.5695,0.1557,0.3646,0.4998,0.1966,0.2458,0.1966,0.2458,0.2458,0.0369,0.0410,0.3550,0.4710,,0.1160,,54.93,,40.8,72.8,,0.081,0.643
1791428015.7645185,0.7538,0.7538,0.4998,0.3646,0.6350,0.6350,0.5695,0.5695,0.5695,0.3646,0.1966,0.0942,0.1966,0.1966,0.1557,0.0369,0.0410,0.3550,0.4735,,0.1185,,55.41,,39.3,65.2,,0.080,0.590
1791428015.8025792,0.4998,0.7538,0.4998,0.6350,0.6350,0.6350,0.6350,0.4998,0.4302,0.3646,0.1229,0.1966,0.1229,0.1966,0.0737,0.0410,0.0574,0.3560,0.4710,,0.1150,,54.72,,38.7,77.3,,0.082,0.646
1791428015.836068,0.2458,0.8440,0.6350,0.5695,0.7006,0.5695,0.6350,0.1966,0.4302,0.4998,0.1966,0.0942,0.1557,0.3646,0.2991,0.0369,0.0574,,0.4730,,,,54.72,,40.8,69.6,,0.082,
1791428015.8672595,0.5695,0.7006,0.6350,0.5695,0.5695,0.4302,0.4998,0.0942,0.4998,0.1966,0.0942,0.2458,0.1557,0.1966,0.0737,0.0410,0.0942,0.3560,0.4635,,0.1075,,54.32,,43.4,77.8,,0.082,
1791428015.8989341,0.4302,0.6350,0.8440,0.5695,0.4998,0.4998,0.4302,0.4998,0.4302,0.3646,0.1966,0.1966,0.1557,0.1229,0.1557,0.0737,0.1229,0.3550,0.4765,,0.1215,,54.34,,44.9,74.1,,0.083,0.492
1791428015.9302118,0.7006,0.6350,0.4998,0.4998,0.4998,0.5695,0.7006,0.1966,0.4302,0.4302,0.1966,0.1966,0.1229,0.2458,0.1966,0.0369,0.0574,0.3560,0.4635,,0.1075,,54.45,,45.0,68.2,,0.081,0.559
1791428015.9645777,0.5695,0.7538,0.7538,0.5695,0.4302,0.7006,0.4302,0.4302,0.4998,0.4998,0.1966,0.2991,0.2458,0.2991,0.0737,0.0410,0.0574,0.3550,0.4660,,0.1110,,54.86,,42.7,66.3,,0.080,0.594
1791428015.9976265,0.6350,0.6350,0.7006,0.5695,0.4302,0.7006,0.7006,0.1557,0.3646,0.4302,0.2991,0.2458,0.2458,0.1229,0.2458,0.0369,0.0942,0.3560,0.4720,,0.1160,,55.09,,41.0,62.0,,0.079,0.558
1791428016.0303018,0.6350,0.4998,0.8767,0.7006,0.5695,0.7006,0.7538,0.4998,0.4302,0.4302,0.2991,0.2458,0.1966,0.2991,0.0737,0.0410,0.0574,0.3560,0.4750,,0.1190,,56.30,,37.2,57.1,,0.077,0.606
1791428016.0646205,0.7006,0.4998,0.8030,0.5695,0.4998,0.7538,0.7006,0.5695,0.4302,0.4302,0.3646,0.0942,0.1557,0.1966,0.1229,0.0574,0.0410,0.3560,0.4650,,0.1090,,55.92,,37.1,54.5,,0.077,0.627
1791428016.097073,0.6350,0.7538,0.7538,0.6350,0.4998,0.5695,0.5695,0.4302,0.6350,0.2458,0.0737,0.4998,0.0942,0.1229,0.1966,0.0574,0.0369,0.3550,0.4660,,0.1110,,56.47,,36.5,58.3,,0.075,
1791428016.1316397,0.6350,0.4998,0.5695,0.5695,0.4302,0.7538,0.5695,0.1557,0.1966,0.4302,0.1966,0.1557,0.1966,0.0410,0.0737,0.0369,0.0246,0.3550,0.4725,,0.1175,,56.70,,37.5,54.9,,0.075,0.538
1791428016.169301,0.4998,0.4998,0.8030,0.5695,0.7006,0.6350,0.6350,0.2991,0.4302,0.3646,0.1557,0.2991,0.1229,0.0942,0.1557,0.0410,0.0369,0.3560,0.4725,,0.1165,,56.71,,37.8,50.9,,0.075,0.552
1791428016.2009702,0.5695,0.8030,0.4302,0.4302,0.5695,0.7006,0.4302,0.1229,0.4998,0.2991,0.2991,0.1557,0.1557,0.0410,0.0942,0.0737,0.0410,0.3550,0.4715,,0.1165,,56.58,,38.5,50.3,,0.076,
1791428016.2323554,0.7006,0.7538,0.7538,0.5695,0.3646,0.7006,0.5695,0.1966,0.2458,0.3646,0.2458,0.0737,0.1229,0.1966,0.1966,0.0737,0.0737,0.3560,0.4750,,0.1190,,56.99,,40.5,49.3,,0.075,0.613
1791428016.2643518,0.4998,0.7538,0.8440,0.4998,0.6350,0.7538,0.4998,0.1966,0.7006,0.4302,0.1229,0.2458,0.1229,0.1966,0.1229,0.0410,0.1966,0.3540,0.4640,,0.1100,,56.25,,41.1,51.4,,0.077,0.574
1791428016.2982469,0.6350,0.4998,0.5695,0.4998,0.5695,0.7538,0.6350,0.4302,0.1966,0.3646,0.2458,0.2458,0.1557,0.2458,0.1557,0.0369,0.0369,0.3550,0.4730,,0.1180,,56.10,,39.5,48.7,,0.077,0.533
1791428016.3306088,0.4302,0.5695,0.7006,0.5695,0.5695,0.7006,0.5695,0.1229,0.1966,0.6350,0.2458,0.1966,0.1966,0.1966,0.1966,0.0369,0.0369,0.3560,0.4740,,0.1180,,56.90,,40.9,47.4,,0.076,0.525
1791428016.3648388,0.7006,0.6350,0.7538,0.5695,0.6350,0.4998,0.6350,0.4998,0.2991,0.6350,0.2458,0.2458,0.1966,0.1229,0.2458,0.0410,0.0410,0.3550,0.4705,,0.1155,,56.44,,38.9,47.0,,0.077,0.551
1791428016.3978534,0.6350,0.7538,0.5695,0.6350,0.7006,0.8440,0.5695,0.1966,0.2458,0.4998,0.3646,0.1966,0.2458,0.1966,0.0942,0.0574,0.0410,0.3570,0.4735,,0.1165,,56.79,,39.8,40.8,,0.076,0.499
1791428016.4387434,0.6350,0.5695,0.7538,0.4998,0.5695,0.7006,0.4998,0.2991,0.5695,0.4302,0.6350,0.1557,0.1229,0.2458,0.1229,0.0410,0.0737,0.3560,0.4610,,0.1050,,56.15,,42.0,47.5,,0.076,0.474
1791428016.470556,0.3646,0.5695,0.7538,0.5695,0.6350,0.7006,0.7006,0.1557,0.3646,0.1966,0.4998,0.1557,0.1557,0.1966,0.0942,0.0369,0.0574,0.3550,0.4600,,0.1050,,54.88,,41.6,52.1,,0.079,0.519
1791428016.5017717,0.7006,0.4998,0.6350,0.7006,0.4302,0.5695,0.5695,0.1557,0.2991,0.3646,0.1557,0.1557,0.1966,0.1557,0.1229,0.0205,0.0410,0.3570,0.4785,,0.1215,,55.08,,44.1,53.8,,0.079,0.512
1791428016.5338845,0.6350,0.6350,0.5695,0.2458,0.4302,0.7006,0.5695,0.2458,0.3646,0.3646,0.2458,0.2458,0.1966,0.0942,0.1966,0.0574,0.0574,0.3570,0.4645,,0.1075,,55.06,,42.9,56.1,,0.079,0.468
1791428016.5666447,0.5695,0.8440,0.8030,0.5695,0.5695,0.7538,0.5695,0.7006,0.3646,0.4302,0.4302,0.3646,0.3646,0.1966,0.1557,0.0369,0.0574,0.3570,0.4730,,0.1160,,55.04,,40.9,52.3,0.657,0.079,0.552
1791428016.5988357,0.5695,0.4998,0.6350,0.5695,0.7538,0.7006,0.6350,0.3646,0.2458,0.5695,0.2991,0.2458,0.3646,0.2458,0.0942,0.0369,0.0574,0.3570,0.4775,,0.1205,,55.17,,38.7,53.4,,0.080,0.475
1791428016.6329083,0.5695,0.7006,0.6350,0.6350,0.6350,0.5695,0.7006,0.1557,0.3646,0.4302,0.1557,0.2991,0.1966,0.3646,0.2991,0.0205,0.0737,0.3570,0.4640,,0.1070,,54.38,,39.0,59.6,,0.081,0.594
1791428016.6663697,0.6350,0.6350,0.4302,0.5695,0.6350,0.7006,0.4998,0.2458,0.4302,0.4302,0.2991,0.1966,0.1557,0.2458,0.1229,0.0246,0.0369,0.3580,0.4765,,0.1185,,55.24,,38.4,58.9,,0.079,0.539
1791428016.7003798,0.5695,0.8440,0.7006,0.5695,0.7006,0.6350,0.7538,0.1966,0.4302,0.4302,0.2458,0.2991,0.1966,0.4302,0.1966,0.0246,0.0410,0.3580,0.4760,,0.1180,,55.97,,38.2,59.3,,0.078,0.520
1791428016.740581,0.6350,0.8440,0.7006,0.5695,0.8030,0.4302,0.6350,0.1557,0.4998,0.2458,0.1966,0.1966,0.1557,0.2458,0.1229,0.0410,0.0737,0.3580,0.4780,,0.1200,,56.68,,41.8,57.8,,0.076,
1791428016.7727826,0.6350,0.6350,0.4302,0.5695,0.7538,0.8030,0.3646,0.0942,0.4998,0.4998,0.1557,0.1229,0.1557,0.1557,0.1557,0.0246,0.0574,0.3580,0.4750,,0.1170,,56.60,,41.1,59.5,,0.077,0.465
1791428016.8043644,0.4302,0.6350,0.7006,0.5695,0.5695,0.7538,0.6350,0.2991,0.8030,0.2991,0.1229,0.1557,0.0942,0.2458,0.0737,0.0574,0.0410,0.3580,0.4680,,0.1100,,55.96,,42.6,62.6,,0.078,
1791428016.8368354,0.5695,0.7538,0.4998,0.7006,0.6350,0.6350,0.6350,0.2458,0.4998,0.1966,0.1557,0.1966,0.1229,0.1229,0.0574,0.0369,0.0942,0.3580,0.4760,,0.1180,,55.95,,44.0,64.8,,0.078,
1791428016.8678765,0.2458,0.7538,0.5695,0.6350,0.6350,0.4302,0.7006,0.5695,0.2991,0.5695,0.2458,0.1557,0.2458,0.2991,0.1966,0.0369,0.0574,,0.4780,,,,55.95,,42.4,64.1,,0.078,
1791428016.9001796,0.5695,0.7538,0.6350,0.6350,0.7006,0.7006,0.4302,0.1966,0.4998,0.2991,0.1557,0.1966,0.2458,0.2458,0.1229,0.0942,0.0410,0.3580,0.4745,,0.1165,,56.21,,42.4,62.7,,0.077,
1791428016.9328837,0.5695,0.7006,0.7538,0.5695,0.6350,0.7538,0.7538,0.5695,0.4998,0.3646,0.1557,0.2991,0.2991,0.1557,0.0574,0.0369,0.0410,0.3580,0.4655,,0.1075,,56.16,,41.0,63.3,,0.076,0.587
1791428016.9663925,0.6350,0.5695,0.8030,0.5695,0.5695,0.7538,0.7006,0.2458,0.4302,0.3646,0.2458,0.1557,0.1966,0.1557,0.1557,0.0574,0.0574,0.3580,0.4655,,0.1075,,56.31,,41.3,60.3,,0.075,0.601
1791428017.0000775,0.8030,0.8440,0.4998,0.7006,0.7006,0.6350,0.5695,0.1557,0.4302,0.4302,0.2458,0.2991,0.1966,0.2458,0.0737,0.0574,0.0410,0.3580,0.4780,,0.1200,,56.40,,41.7,57.4,,0.076,0.554
1791428017.0330486,0.6350,0.5695,0.6350,0.6350,0.7006,0.8030,0.7006,0.1557,0.3646,0.4998,0.2991,0.1966,0.2991,0.2458,0.1557,0.0737,0.0737,0.3580,0.4785,,0.1205,,56.70,,41.0,54.9,,0.076,0.532
1791428017.0757058,0.7006,0.8030,0.7538,0.6350,0.5695,0.5695,0.6350,0.2458,0.3646,0.4302,0.3646,0.3646,0.1557,0.1966,0.1966,0.0410,0.0737,0.3580,0.4630,,0.1050,,55.79,,41.2,58.7,,0.077,0.607
1791428017.1063294,0.4998,0.5695,0.8030,0.4302,0.5695,0.8767,0.5695,0.1557,0.5695,0.4998,0.1557,0.2458,0.1966,0.2991,0.1966,0.0369,0.0369,0.3580,0.4760,,0.1180,,55.77,,42.8,56.4,,0.078,0.560
1791428017.138307,0.5695,0.5695,0.7538,0.4998,0.7538,0.7538,0.4998,0.1557,0.3646,0.2991,0.3646,0.2458,0.2991,0.2458,0.1557,0.0246,0.0410,0.3580,0.4745,,0.1165,,55.78,,42.7,59.6,,0.078,0.586
1791428017.1707525,0.4302,0.7006,0.7538,0.5695,0.6350,0.7538,0.5695,0.2991,0.4302,0.4998,0.3646,0.1557,0.3646,0.2991,0.2458,0.0410,0.0942,0.3580,0.4755,,0.1175,,56.18,,43.5,59.6,,0.077,0.427
1791428017.2014039,0.7006,0.4998,0.6350,0.5695,0.6350,0.7006,0.4998,0.0942,0.3646,0.4302,0.4302,0.1557,0.1557,0.3646,0.1966,0.0369,0.1229,0.3580,0.4755,,0.1175,,55.96,,44.9,62.5,,0.078,0.538
1791428017.2332778,0.6350,0.5695,0.7006,0.8030,0.5695,0.7006,0.5695,0.4302,0.4998,0.3646,0.1229,0.1557,0.1966,0.1557,0.0942,0.0410,0.1229,0.3600,0.4670,,0.1070,,55.82,,41.9,68.0,,0.077,0.550
1791428017.2665029,0.7006,0.6350,0.5695,0.4302,0.7006,0.5695,0.4998,0.4302,0.4998,0.4302,0.1557,0.2458,0.1966,0.3646,0.2458,0.0246,0.0737,0.3580,0.4735,,0.1155,,56.23,,39.4,68.5,,0.076,0.577
1791428017.3005898,0.4998,0.8030,0.7538,0.4302,0.4998,0.5695,0.7006,0.3646,0.2991,0.2991,0.1557,0.1557,0.1557,0.2991,0.1557,0.0369,0.0942,0.3560,0.4670,,0.1110,,55.54,,41.5,68.3,,0.078,
1791428017.3335154,0.6350,0.5695,0.7006,0.4998,0.6350,0.7006,0.6350,0.1229,0.3646,0.5695,0.2991,0.2458,0.2458,0.2991,0.0942,0.0369,0.0574,0.3590,0.4655,,0.1065,,56.05,,42.2,67.3,,0.076,0.532
1791428017.3668492,0.7006,0.6350,0.3646,0.4302,0.4998,0.7006,0.6350,0.1966,0.4302,0.2991,0.2458,0.4302,0.2458,0.1229,0.1557,0.0369,0.1229,0.3580,0.4775,,0.1195,,55.81,,41.9,66.2,,0.077,
1791428017.4078321,0.4302,0.5695,0.7006,0.5695,0.6350,0.6350,0.5695,0.7006,0.2991,0.4998,0.4302,0.3646,0.3646,0.1966,0.3646,0.0410,0.0410,0.3580,0.4745,,0.1165,,56.19,,40.4,62.3,0.519,0.077,0.451
1791428017.440447,0.5695,0.6350,0.7538,0.6350,0.6350,0.7538,0.6350,0.4302,0.1966,0.1966,0.3646,0.1557,0.1557,0.2458,0.0737,0.0410,0.0737,0.3580,0.4670,,0.1090,,56.98,,38.8,62.3,,0.074,0.478
1791428017.471547,0.5695,0.7006,0.9054,0.5695,0.5695,0.8440,0.4998,0.3646,0.7006,0.2458,0.4998,0.1966,0.1229,0.2458,0.0410,0.0942,0.0942,0.3590,0.4630,,0.1040,,55.94,,40.5,71.1,,0.075,1.316
1791428017.5042152,0.4998,0.4302,0.5695,0.6350,0.6350,0.7006,0.6350,0.0942,0.3646,0.3646,0.2458,0.1557,0.1557,0.1557,0.1229,0.0246,0.0737,0.3590,0.4640,,0.1050,,55.73,,41.6,67.8,,0.075,0.539
1791428017.536164,0.4302,0.4302,0.6350,0.6350,0.4302,0.8030,0.4998,0.4302,0.1557,0.4302,0.0942,0.1229,0.1229,0.0737,0.1557,0.0369,0.1229,0.3580,0.4665,,0.1085,,55.44,,39.5,67.5,,0.076,0.531
1791428017.5682306,0.5695,0.7538,0.7006,0.4998,0.5695,0.6350,0.7006,0.1557,0.5695,0.2991,0.2991,0.1557,0.0942,0.1229,0.0737,0.0410,0.1229,0.3580,0.4650,,0.1070,,55.31,,40.9,66.1,,0.076,
1791428017.6000547,0.5695,0.7006,0.7006,0.5695,0.7006,0.8030,0.7006,0.2458,0.3646,0.4302,0.2458,0.2458,0.1557,0.2458,0.0737,0.0574,0.0942,0.3580,0.4750,,0.1170,,55.67,,40.1,66.0,,0.076,0.573
1791428017.6340625,0.3646,0.7006,0.7006,0.4302,0.6350,0.8030,0.6350,0.3646,0.3646,0.4302,0.2991,0.2991,0.2991,0.2458,0.2991,0.0369,0.0574,0.3580,0.4755,,0.1175,,56.19,,40.7,65.0,,0.075,0.551
1791428017.6687162,0.7538,0.7538,0.6350,0.7006,0.5695,0.8030,0.6350,0.1966,0.3646,0.2458,0.2458,0.1966,0.1966,0.1557,0.0410,0.0246,0.0737,0.3580,0.4625,,0.1045,,55.26,,40.3,64.3,,0.077,
1791428017.7102485,0.6350,0.6350,0.7006,0.6350,0.7006,0.7006,0.7006,0.1966,0.5695,0.5695,0.2458,0.4302,0.3646,0.2458,0.0737,0.0574,0.0246,0.3590,0.4685,,0.1095,,56.63,,41.9,64.3,0.561,0.073,0.527
1791428017.7415972,0.5695,0.4302,0.4998,0.4302,0.7538,0.8030,0.4998,0.3646,0.2458,0.4998,0.1557,0.1557,0.1229,0.1966,0.0574,0.0410,0.0410,0.3590,0.4655,,0.1065,,56.64,,39.0,64.9,,0.072,0.476
1791428017.7734187,0.6350,0.8030,0.3646,0.4302,0.7538,0.7006,0.5695,0.5695,0.5695,0.4302,0.2458,0.1557,0.1557,0.5695,0.1557,0.0369,0.0942,0.3590,0.4750,,0.1160,,57.30,,36.9,64.0,,0.071,0.491
1791428017.8047836,0.6350,0.3646,0.7006,0.5695,0.5695,0.7538,0.5695,0.1966,0.2991,0.5695,0.1966,0.2458,0.1557,0.0737,0.0410,0.0737,0.0574,0.3580,0.4585,,0.1005,,56.28,,36.4,62.1,,0.073,0.555
1791428017.836104,0.5695,0.7006,0.7006,0.5695,0.4998,0.8030,0.7006,0.4302,0.4302,0.4302,0.1966,0.2458,0.1229,0.1966,0.1229,0.0410,0.0737,0.3590,0.4625,,0.1035,,55.31,,37.5,59.0,,0.075,0.623
1791428017.868659,0.4998,0.4302,0.7006,0.5695,0.6350,0.7538,0.8030,0.1557,0.6350,0.4998,0.2991,0.2458,0.2991,0.1557,0.0574,0.0410,0.0410,0.3590,0.4630,,0.1040,,55.89,,37.3,60.9,,0.072,0.501
1791428017.9009943,0.5695,0.4998,0.6350,0.7006,0.5695,0.7538,0.7538,0.4302,0.4302,0.5695,0.1966,0.1966,0.1557,0.2991,0.0942,0.0410,0.1557,0.3590,0.4750,,0.1160,,56.96,,35.9,60.8,,0.071,0.453
1791428017.9341948,0.7006,0.7538,0.8030,0.4302,0.6350,0.7538,0.5695,0.0942,0.1966,0.6350,0.3646,0.2991,0.2991,0.2991,0.1557,0.0205,0.0246,0.3580,0.4755,,0.1175,,57.72,,37.7,57.6,,0.070,0.494
1791428017.9675028,0.4998,0.7538,0.4998,0.6350,0.4998,0.7538,0.7006,0.1557,0.4998,0.4998,0.3646,0.4302,0.1966,0.2991,0.2458,0.0737,0.0942,0.3580,0.4670,,0.1090,,57.25,,38.3,54.3,,0.071,0.524
1791428018.001347,0.7006,0.7006,0.6350,0.7006,0.5695,0.7006,0.7006,0.1557,0.4302,0.4998,0.1966,0.2991,0.2458,0.2458,0.1966,0.0369,0.1229,0.3580,0.4635,,0.1055,,57.12,,39.1,51.3,,0.071,0.529
1791428018.0352542,0.5695,0.6350,0.6350,0.4998,0.6350,0.8440,0.5695,0.4302,0.4302,0.3646,0.2991,0.1966,0.1966,0.2991,0.0574,0.0410,0.0574,0.3580,0.4640,,0.1060,,57.12,,37.1,52.0,,0.070,0.569
1791428018.0762649,0.4998,0.7006,0.8030,0.4998,0.3646,0.7006,0.6350,0.1966,0.2991,0.4998,0.2991,0.1966,0.1966,0.1229,0.1557,0.0410,0.0574,0.3580,0.4640,,0.1060,,56.07,,36.3,49.3,,0.073,0.553
1791428018.1078117,0.5695,0.6350,0.7538,0.6350,0.5695,0.7538,0.4998,0.2991,0.2458,0.4998,0.4302,0.3646,0.4998,0.2458,0.1966,0.0246,0.0574,0.3590,0.4765,,0.1175,,57.01,,36.4,55.5,0.538,0.071,0.461
1791428018.1390128,0.6350,0.4998,0.7006,0.4302,0.4302,0.7538,0.5695,0.1557,0.1966,0.3646,0.1557,0.1557,0.1229,0.2991,0.0942,0.0410,0.0574,0.3580,0.4645,,0.1065,,56.59,,37.7,55.5,,0.072,0.493
1791428018.17092,0.7006,0.8030,0.7006,0.5695,0.7006,0.7006,0.2991,0.1557,0.2458,0.2991,0.3646,0.2991,0.1966,0.4302,0.2458,0.0369,0.0410,0.3580,,,,,56.59,,37.7,55.5,,,
1791428018.203789,0.5695,0.6350,0.7006,0.7006,0.7006,0.6350,0.6350,0.1966,0.4998,0.2991,0.1966,0.1966,0.2458,0.2458,0.2458,0.0574,0.0410,0.3590,0.4765,,0.1175,,58.42,,38.9,55.2,,0.068,
1791428018.2345715,0.6350,0.7538,0.7006,0.6350,0.4302,0.7538,0.5695,0.4998,0.7006,0.2991,0.1229,0.2458,0.1966,0.0942,0.0574,0.0574,0.0737,0.3590,0.4670,,0.1080,,58.34,,39.1,58.1,,0.068,
1791428018.268661,0.4998,0.4998,0.7006,0.3646,0.7538,0.7538,0.7006,0.1557,0.5695,0.3646,0.1229,0.1966,0.0737,0.1966,0.0574,0.0369,0.0737,0.3580,0.4660,,0.1080,,57.70,,40.0,61.8,,0.069,0.574
1791428018.3009777,0.5695,0.5695,0.4302,0.7006,0.5695,0.7006,0.5695,0.2458,0.2991,0.4998,0.1557,0.1966,0.1557,0.2991,0.1966,0.0410,0.0369,0.3590,0.4650,,0.1060,,57.06,,41.4,61.6,,0.071,0.597
1791428018.334604,0.5695,0.4998,0.7538,0.7006,0.6350,0.8030,0.7006,0.2991,0.2991,0.6350,0.2991,0.1966,0.1966,0.2991,0.0942,0.0574,0.0574,0.3580,0.4755,,0.1175,,56.86,,40.1,58.4,,0.072,0.541
1791428018.3674593,0.5695,0.4998,0.5695,0.7006,0.7006,0.8030,0.6350,0.1229,0.1966,0.3646,0.4302,0.1557,0.1966,0.1966,0.1229,0.0246,0.0246,0.3580,0.4745,,0.1165,,56.88,,42.2,56.4,,0.073,0.575
1791428018.4084263,0.5695,0.5695,0.5695,0.7006,0.4998,0.7538,0.7006,0.1229,0.3646,0.6350,0.1557,0.1557,0.0942,0.0942,0.0574,0.0369,0.0737,0.3590,0.4635,,0.1045,,56.24,,43.6,58.6,,0.074,0.597
1791428018.4401987,0.5695,0.7538,0.7006,0.4998,0.4998,0.7006,0.4998,0.1557,0.4302,0.2991,0.1557,0.2991,0.0942,0.2458,0.0369,0.0369,0.0737,0.3590,0.4755,,0.1165,,56.51,,45.1,58.0,,0.074,
1791428018.4719434,0.4998,0.4302,0.6350,0.4998,0.2458,0.7006,0.6350,0.1557,0.3646,0.4998,0.1966,0.0942,0.1557,0.2458,0.1229,0.0369,0.0246,0.3580,0.4745,,0.1165,,57.54,,44.9,58.5,,0.072,0.482
1791428018.50286,0.3646,0.8030,0.6350,0.4998,0.6350,0.7006,0.5695,0.4302,0.4998,0.4302,0.1966,0.1966,0.1557,0.1229,0.0737,0.0410,0.0574,0.3590,0.4675,,0.1085,,57.81,,42.7,59.3,,0.070,0.560
1791428018.534959,0.7006,0.7006,0.8030,0.5695,0.3646,0.4998,0.5695,0.1229,0.3646,0.2991,0.1966,0.3646,0.1229,0.0942,0.1229,0.0737,0.0942,0.3600,0.4740,,0.1140,,58.78,,43.9,59.5,,0.068,
1791428018.5677626,0.6350,0.5695,0.7006,0.5695,0.5695,0.7006,0.4302,0.1229,0.3646,0.4302,0.1966,0.1229,0.1229,0.2458,0.0737,0.0369,0.0737,0.3590,0.4640,,0.1050,,59.32,,45.0,61.6,,0.066,0.559
1791428018.6017694,0.5695,0.7006,0.9054,0.7538,0.6350,0.8030,0.4302,0.3646,0.5695,0.2458,0.1557,0.1229,0.1229,0.1229,0.2458,0.0737,0.0737,0.3580,0.4730,,0.1150,,58.88,,47.3,62.7,,0.067,
1791428018.6355293,0.6350,0.7006,0.7006,0.7006,0.5695,0.7006,0.4302,0.2458,0.4998,0.1966,0.3646,0.2458,0.1966,0.1229,0.0942,0.0410,0.0574,0.3590,0.4740,,0.1150,,59.46,,49.9,74.1,,0.066,1.222
1791428018.6691804,0.4998,0.6350,0.7538,0.6350,0.4998,0.7538,0.5695,0.4998,0.6350,0.2458,0.6350,0.0942,0.0942,0.1229,0.0737,0.0369,0.0410,0.3590,0.4705,,0.1115,,59.35,,49.7,85.4,,0.066,1.281
1791428018.7099528,0.4302,0.6350,0.4998,0.6350,0.7538,0.7538,0.5695,0.2991,0.2991,0.3646,0.5695,0.2458,0.4998,0.1229,0.0737,0.0410,0.0737,0.3600,0.4645,,0.1045,,58.75,,50.2,92.0,,0.067,0.569
1791428018.7417936,0.4998,0.7538,0.7538,0.4302,0.5695,0.7006,0.6350,0.1557,0.7006,0.1557,0.3646,0.1557,0.1229,0.1229,0.0205,0.0410,0.0369,0.3590,0.4640,,0.1050,,59.59,,51.3,85.3,,0.064,0.546
1791428018.7730258,0.6350,0.6350,0.8030,0.6350,0.4998,0.5695,0.5695,0.1557,0.5695,0.2458,0.2458,0.2458,0.0942,0.2991,0.0410,0.0737,0.0942,0.3580,0.4635,,0.1055,,58.44,,52.0,81.7,,0.067,
1791428018.8057008,0.5695,0.7006,0.7538,0.4998,0.3646,0.8440,0.5695,0.1966,0.4998,0.2991,0.2991,0.1229,0.1966,0.1557,0.1966,0.0574,0.0737,0.3590,0.4680,,0.1090,,60.39,,52.2,80.5,,0.062,
1791428018.8358307,0.5695,0.8440,0.6350,0.6350,0.7006,0.8030,0.6350,0.3646,0.4998,0.1557,0.5695,0.1229,0.4998,0.1557,0.0369,0.0369,0.0737,0.3590,0.4645,,0.1055,,59.72,,53.4,88.4,,0.063,1.302
1791428018.8693118,0.5695,0.6350,0.6350,0.5695,0.4998,0.8030,0.6350,0.2458,0.3646,0.2458,0.1229,0.3646,0.0737,0.2991,0.1557,0.0410,0.1229,0.3600,0.4655,,0.1055,,60.06,,54.1,85.2,,0.062,
1791428018.902328,0.5695,0.5695,0.6350,0.4302,0.4998,0.7006,0.4998,0.4998,0.7006,0.4302,0.1229,0.1229,0.0942,0.2458,0.0410,0.0737,0.0737,0.3580,0.4650,,0.1070,,60.33,,47.5,79.9,,0.061,0.486
1791428018.9360642,0.5695,0.7006,0.8440,0.4302,0.4998,0.7538,0.4302,0.1557,0.6350,0.4302,0.2458,0.1229,0.1229,0.1557,0.0574,0.0410,0.0737,0.3580,0.4670,,0.1090,,60.28,,46.8,76.8,,0.062,0.533
1791428018.9685633,0.6350,0.4302,0.7006,0.4998,0.4998,0.6350,0.4998,0.2458,0.5695,0.1966,0.1229,0.1557,0.4302,0.0737,0.0410,0.0410,0.0574,0.3590,0.4755,,0.1165,,60.76,,46.6,77.8,,0.061,
1791428019.0020964,0.3646,0.5695,0.7006,0.6350,0.7006,0.7538,0.7006,0.5695,0.2991,0.3646,0.2458,0.1557,0.1966,0.2458,0.1557,0.0369,0.0574,0.3590,0.4755,,0.1165,,59.86,,43.2,72.4,,0.064,0.598
1791428019.0430598,0.5695,0.4998,0.7538,0.6350,0.3646,0.6350,0.7006,0.2991,0.4302,0.3646,0.1557,0.4302,0.1229,0.1966,0.0574,0.0410,0.0737,0.3580,0.4760,,0.1180,,61.11,,43.5,68.7,,0.062,0.516
1791428019.0753887,0.7006,0.7006,0.6350,0.5695,0.5695,0.9054,0.6350,0.4302,0.2991,0.3646,0.2458,0.0737,0.0942,0.1966,0.1229,0.0205,0.0574,0.3580,0.4745,,0.1165,,61.99,,39.9,69.3,,0.060,0.530
1791428019.1077363,0.4998,0.6350,0.7538,0.3646,0.4998,0.7538,0.7006,0.3646,0.7006,0.1966,0.1229,0.1229,0.0942,0.2458,0.0369,0.0942,0.1557,0.3580,0.4765,,0.1185,,63.18,,41.9,75.0,,0.058,
1791428019.1383839,0.5695,0.6350,0.7006,0.4998,0.5695,0.7538,0.6350,0.5695,0.6350,0.2991,0.4998,0.1966,0.1557,0.1229,0.0205,0.0410,0.0574,0.3580,0.4710,,0.1130,,63.91,,42.4,85.4,,0.056,1.244
1791428019.1711473,0.6350,0.4998,0.6350,0.7538,0.5695,0.4998,0.6350,0.4998,0.4302,0.2991,0.4998,0.1966,0.4302,0.1557,0.0574,0.0574,0.0737,0.3590,0.4640,,0.1050,,63.32,,41.0,92.2,,0.056,1.231
1791428019.2032416,0.4998,0.7006,0.5695,0.4302,0.5695,0.5695,0.7006,0.1557,0.5695,0.4998,0.2458,0.1966,0.1557,0.1557,0.0942,0.0410,0.0942,0.3580,0.4640,,0.1060,,62.92,,43.5,86.3,,0.057,0.639
1791428019.236126,0.4998,0.7538,0.8030,0.7538,0.6350,0.7006,0.5695,0.0942,0.3646,0.1557,0.1966,0.1557,0.1229,0.1966,0.1229,0.0574,0.0942,0.3590,0.4650,,0.1060,,62.30,,46.3,82.0,,0.058,
1791428019.269151,0.5695,0.5695,0.8030,0.5695,0.5695,0.7538,0.5695,0.2458,0.6350,0.4302,0.1557,0.0942,0.1229,0.1966,0.0410,0.0574,0.0737,0.3580,0.4780,,0.1200,,63.22,,47.4,78.7,,0.057,0.503
1791428019.3027232,0.4998,0.7006,0.8030,0.7538,0.7006,0.7006,0.6350,0.1966,0.7006,0.1966,0.7006,0.1557,0.1557,0.2458,0.0574,0.0410,0.0369,0.3590,0.4765,,0.1175,,64.02,,48.7,86.8,,0.055,1.195
1791428019.3355446,0.6350,0.7006,0.6350,0.5695,0.4302,0.7006,0.5695,0.5695,0.6350,0.1966,0.1557,0.1557,0.1557,0.1557,0.0942,0.0410,0.0942,0.3580,0.4785,,0.1205,,65.36,,47.2,88.6,,0.053,
1791428019.3772206,0.4302,0.5695,0.6350,0.6350,0.6350,0.7006,0.6350,0.3646,0.7006,0.1557,0.1557,0.1966,0.1229,0.0737,0.0942,0.0574,0.0410,0.3580,0.4650,,0.1070,,64.91,,47.4,89.7,,0.053,
1791428019.4085696,0.8030,0.7538,0.6350,0.6350,0.4302,0.7538,0.5695,0.3646,0.4998,0.5695,0.1229,0.1966,0.0942,0.1966,0.0737,0.0942,0.0942,0.3580,0.4660,,0.1080,,64.52,,44.1,84.4,,0.053,0.481
1791428019.4401293,0.5695,0.3646,0.7006,0.4302,0.2991,0.6350,0.5695,0.4302,0.3646,0.5695,0.1966,0.1229,0.1966,0.1966,0.1966,0.0246,0.0942,0.3620,0.4635,,0.1015,,63.82,,42.0,82.3,,0.054,0.584
1791428019.4724467,0.2991,0.5695,0.5695,0.4998,0.5695,0.7538,0.5695,0.1966,0.4302,0.4998,0.4998,0.2458,0.1229,0.2458,0.0574,0.0246,0.0574,,0.4635,,,,63.82,,43.1,90.5,,0.054,
1791428019.5039341,0.7538,0.6350,0.7538,0.4998,0.4302,0.7006,0.4998,0.1229,0.5695,0.3646,0.1229,0.1966,0.1557,0.1966,0.0410,0.0574,0.0737,0.3600,0.4645,,0.1045,,62.09,,42.7,88.0,,0.058,0.584
1791428019.536595,0.4302,0.4302,0.6350,0.5695,0.4998,0.5695,0.6350,0.1557,0.2991,0.1966,0.1229,0.4302,0.1229,0.2458,0.1229,0.0246,0.0942,0.3580,0.4640,,0.1060,,61.32,,43.2,87.5,,0.059,
1791428019.5693743,0.4302,0.7538,0.7006,0.5695,0.5695,0.8440,0.6350,0.1557,0.4998,0.2991,0.2458,0.2991,0.1966,0.3646,0.1966,0.0410,0.0574,0.3590,0.4680,,0.1090,,63.73,,45.4,80.2,,0.054,
1791428019.6032028,0.4302,0.7006,0.5695,0.4302,0.6350,0.4998,0.7006,0.4998,0.5695,0.6350,0.1229,0.1229,0.2458,0.2991,0.1557,0.0574,0.1229,0.3600,0.4660,,0.1060,,63.68,,41.7,83.5,,0.053,0.542
1791428019.6366208,0.7006,0.6350,0.7538,0.4998,0.4302,0.8030,0.5695,0.7006,0.4998,0.3646,0.4998,0.1966,0.4998,0.1557,0.0737,0.0574,0.0737,0.3580,0.4640,,0.1060,,63.90,,43.8,90.8,,0.053,0.536
1791428019.6781988,0.5695,0.7006,0.5695,0.4302,0.7006,0.7006,0.6350,0.2991,0.7006,0.4302,0.5695,0.1966,0.4998,0.1229,0.0574,0.0369,0.0574,0.3580,0.4755,,0.1175,,63.34,,44.9,96.7,,0.055,0.590
1791428019.709714,0.4302,0.7006,0.7538,0.4998,0.5695,0.7538,0.7538,0.1966,0.2991,0.1966,0.5695,0.3646,0.0737,0.1966,0.1229,0.0737,0.0942,0.3590,0.4780,,0.1190,,62.54,,46.4,103.3,,0.058,1.219
1791428019.7414346,0.2458,0.6350,0.4302,0.7006,0.7006,0.8440,0.6350,0.5695,0.2458,0.4998,0.1557,0.0942,0.2458,0.1966,0.0737,0.0369,0.0410,,0.4790,,,,62.54,,42.6,92.5,,0.058,
1791428019.772448,0.6350,0.5695,0.7538,0.4998,0.4998,0.7006,0.6350,0.2458,0.6350,0.2458,0.4998,0.1229,0.1229,0.1557,0.0205,0.0410,0.0942,0.3580,0.4730,,0.1150,,61.73,,44.1,98.9,,0.060,1.325
1791428019.8026466,0.6350,0.4302,0.7538,0.5695,0.7538,0.7538,0.6350,0.4302,0.5695,0.1966,0.2991,0.1229,0.4998,0.1229,0.0737,0.0410,0.0574,0.3580,0.4650,,0.1070,,61.21,,46.8,102.8,,0.061,
1791428019.8364809,0.6350,0.6350,0.8030,0.7006,0.4302,0.8030,0.6350,0.4302,0.5695,0.1557,0.4998,0.1966,0.4302,0.0942,0.0574,0.0737,0.0574,0.3580,0.4630,,0.1050,,61.56,,47.6,106.2,,0.060,1.240
1791428019.8696601,0.6350,0.7006,0.5695,0.5695,0.3646,0.7538,0.4998,0.1557,0.3646,0.2991,0.1557,0.0942,0.1557,0.2991,0.1229,0.0410,0.0942,0.3590,0.4685,,0.1095,,61.67,,48.5,104.0,,0.059,
1791428019.903642,0.7006,0.4302,0.7006,0.4998,0.5695,0.6350,0.6350,0.4998,0.6350,0.1557,0.4998,0.1966,0.1229,0.1966,0.0246,0.0410,0.0574,0.3580,0.4655,,0.1075,,61.48,,50.7,106.8,,0.059,1.251
1791428019.9450777,0.4302,0.5695,0.7006,0.6350,0.4998,0.7006,0.4998,0.1557,0.4302,0.4302,0.6350,0.0942,0.1229,0.0942,0.0574,0.0574,0.0574,0.3580,0.4650,,0.1070,,60.60,,51.4,109.2,,0.061,0.611
1791428019.977109,0.4998,0.4998,0.7006,0.7006,0.4998,0.5695,0.6350,0.2458,0.8030,0.1557,0.4998,0.1557,0.1229,0.0737,0.0410,0.0369,0.0574,0.3580,0.4630,,0.1050,,60.25,,51.1,110.8,,0.062,1.225
1791428020.009145,0.6350,0.3646,0.8767,0.4998,0.4998,0.7006,0.7006,0.5695,0.5695,0.3646,0.0942,0.1557,0.1229,0.0942,0.0942,0.0369,0.0574,0.3600,0.4610,,0.1010,,60.27,,44.6,101.9,,0.061,0.553
1791428020.039178,0.4302,0.4998,0.8030,0.4302,0.7006,0.7538,0.4998,0.4998,0.3646,0.1557,0.4998,0.1557,0.1229,0.3646,0.0205,0.0574,0.0942,0.3580,0.4615,,0.1035,,58.80,,43.8,105.8,,0.064,1.241
1791428020.0714831,0.7006,0.7006,0.8030,0.5695,0.7006,0.7006,0.4998,0.1966,0.2991,0.2458,0.2991,0.1966,0.2458,0.1229,0.1966,0.0369,0.0737,0.3590,0.4640,,0.1050,,59.72,,44.0,96.1,,0.062,
1791428020.1028452,0.2991,0.8030,0.4998,0.2991,0.5695,0.7006,0.7006,0.4302,0.3646,0.3646,0.1966,0.0574,0.1229,0.1966,0.0574,0.0574,0.1229,,0.4630,,,,59.72,,41.7,92.1,,0.062,
1791428020.137354,0.4998,0.7006,0.6350,0.6350,0.6350,0.7006,0.6350,0.2458,0.5695,0.3646,0.5695,0.4302,0.3646,0.0942,0.0737,0.0246,0.0410,0.3580,0.4655,,0.1075,,60.64,,43.5,99.1,0.784,0.060,0.545
1791428020.1704657,0.7006,0.5695,0.7006,0.5695,0.4998,0.7006,0.5695,0.1229,0.3646,0.2458,0.1966,0.0942,0.1229,0.1557,0.0574,0.0737,0.0737,0.3590,0.4630,,0.1040,,62.16,,44.6,93.7,,0.056,
1791428020.204299,0.5695,0.5695,0.5695,0.4998,0.5695,0.6350,0.6350,0.6350,0.4998,0.2458,0.4998,0.1966,0.4302,0.1229,0.0246,0.0410,0.0410,0.3590,0.4660,,0.1070,,61.27,,44.8,100.2,,0.058,1.254
1791428020.2451248,0.5695,0.5695,0.7538,0.4302,0.5695,0.8030,0.5695,0.2991,0.2991,0.2991,0.1966,0.1557,0.2458,0.1966,0.1966,0.0369,0.0737,0.3580,0.4640,,0.1060,,60.19,,46.9,94.7,,0.061,
1791428020.277476,0.4302,0.5695,0.3646,0.5695,0.4302,0.7538,0.6350,0.1557,0.1966,0.4302,0.1966,0.4302,0.0942,0.0942,0.1557,0.0246,0.0737,0.3580,0.4665,,0.1085,,59.26,,47.0,91.3,,0.063,0.595
1791428020.30872,0.4998,0.6350,0.8030,0.4998,0.5695,0.6350,0.6350,0.4998,0.3646,0.4302,0.2458,0.4302,0.2458,0.1557,0.2458,0.0246,0.0369,0.3600,0.4645,,0.1045,,59.09,,42.8,81.1,,0.064,0.453
1791428020.340311,0.4302,0.6350,0.8440,0.5695,0.2991,0.8440,0.7538,0.0942,0.2458,0.4302,0.5695,0.2458,0.1557,0.1557,0.2458,0.0369,0.0737,0.3580,0.4765,,0.1185,,60.78,,44.0,71.3,,0.061,0.409
1791428020.3716362,0.5695,0.8030,0.9054,0.4302,0.4302,0.7006,0.7006,0.2991,0.5695,0.3646,0.2458,0.3646,0.1557,0.1229,0.1557,0.0574,0.0737,0.3580,0.4650,,0.1070,,60.52,,46.4,66.8,,0.061,0.623
1791428020.4047534,0.4998,0.8030,0.7006,0.6350,0.5695,0.7538,0.6350,0.2458,0.5695,0.4302,0.2991,0.2991,0.2458,0.1557,0.0410,0.0942,0.0942,0.3590,0.4640,,0.1050,,60.13,,47.5,65.7,,0.062,0.571
1791428020.4371543,0.6350,0.6350,0.7538,0.8030,0.4998,0.8030,0.6350,0.4302,0.4302,0.4998,0.2991,0.1966,0.1557,0.1966,0.1966,0.0410,0.1229,0.3580,0.4630,,0.1050,,60.44,,48.2,66.5,,0.061,0.558
1791428020.4704907,0.4998,0.4302,0.8440,0.4302,0.7006,0.4998,0.7006,0.1966,0.6350,0.2458,0.0942,0.1229,0.0942,0.1966,0.1229,0.0574,0.0942,0.3580,0.4650,,0.1070,,59.85,,52.5,72.3,,0.062,
1791428020.5046022,0.6350,0.5695,0.6350,0.6350,0.5695,0.7538,0.5695,0.2991,0.7538,0.1966,0.5695,0.1557,0.4302,0.0942,0.0123,0.0737,0.0942,0.3580,0.4755,,0.1175,,59.67,,51.7,84.1,,0.064,1.263
1791428020.537056,0.4998,0.5695,0.8030,0.5695,0.5695,0.7006,0.4998,0.4998,0.4302,0.4302,0.1966,0.0942,0.1557,0.1966,0.0410,0.0410,0.0574,0.3580,0.4775,,0.1195,,60.65,,46.2,74.6,,0.063,0.491
1791428020.578571,0.7006,0.6350,0.6350,0.4998,0.4998,0.7538,0.6350,0.1557,0.4998,0.1966,0.3646,0.1557,0.1229,0.1229,0.0737,0.0246,0.0574,0.3590,0.4750,,0.1160,,60.02,,47.6,72.8,,0.065,0.626
1791428020.6094756,0.6350,0.7006,0.7538,0.4998,0.6350,0.7538,0.5695,0.2991,0.2991,0.4998,0.2458,0.1966,0.1229,0.2458,0.0942,0.0574,0.1229,0.3580,0.4610,,0.1030,,58.43,,44.8,71.4,,0.068,0.582
1791428020.6413312,0.6350,0.4998,0.5695,0.6350,0.6350,0.4302,0.7006,0.4998,0.4302,0.1966,0.2991,0.0942,0.1229,0.1557,0.2458,0.0574,0.0942,0.3590,0.4640,,0.1050,,58.19,,41.2,65.8,,0.068,
1791428020.6719272,0.4302,0.4998,0.7538,0.4998,0.3646,0.8030,0.5695,0.1966,0.5695,0.5695,0.0942,0.4302,0.0942,0.2991,0.0574,0.0942,0.0737,0.3580,0.4635,,0.1055,,57.91,,42.1,64.7,,0.068,0.545
1791428020.70523,0.5695,0.6350,0.7538,0.6350,0.5695,0.7006,0.4302,0.2458,0.4302,0.5695,0.1966,0.2991,0.1966,0.1966,0.1557,0.0369,0.0942,0.3580,0.4635,,0.1055,,57.55,,41.4,63.6,,0.069,0.593
1791428020.737267,0.6350,0.4302,0.7006,0.7006,0.4998,0.6350,0.4998,0.5695,0.4998,0.5695,0.2991,0.4302,0.3646,0.1966,0.0737,0.0369,0.0737,0.3590,0.4630,,0.1040,,57.10,,38.8,55.0,0.622,0.069,0.573
1791428020.770208,0.5695,0.8030,0.7006,0.5695,0.4998,0.8030,0.4998,0.4998,0.1966,0.4302,0.2458,0.0942,0.1229,0.1966,0.2991,0.0205,0.0369,0.3580,0.4760,,0.1180,,57.38,,36.8,59.2,,0.070,0.461
1791428020.8045657,0.4302,0.7006,0.5695,0.4302,0.4998,0.7006,0.5695,0.1557,0.4998,0.2991,0.0942,0.1557,0.0942,0.0574,0.0369,0.0410,0.0574,0.3580,0.4735,,0.1155,,56.77,,37.1,60.0,,0.072,
1791428020.838061,0.7006,0.7006,0.6350,0.5695,0.5695,0.7006,0.4302,0.4302,0.1557,0.4302,0.2458,0.4302,0.1966,0.1966,0.1229,0.0410,0.0574,0.3590,0.4640,,0.1050,,57.58,,35.5,57.4,,0.069,0.528
1791428020.878782,0.6350,0.6350,0.7538,0.5695,0.5695,0.7538,0.5695,0.4302,0.7006,0.4302,0.2458,0.2458,0.2458,0.3646,0.1229,0.0410,0.0574,0.3590,0.4765,,0.1175,,58.64,,35.0,53.5,,0.068,0.575
1791428020.9115543,0.3646,0.6350,0.8030,0.4302,0.5695,0.7006,0.6350,0.1966,0.3646,0.4998,0.1966,0.1557,0.2458,0.2458,0.0737,0.0410,0.0737,0.3580,0.4615,,0.1035,,57.82,,36.1,50.2,,0.069,0.523
1791428020.9427986,0.5695,0.6350,0.8440,0.6350,0.2991,0.7006,0.4302,0.1966,0.3646,0.5695,0.1966,0.2991,0.2458,0.2458,0.0942,0.0574,0.0942,0.3590,0.4645,,0.1055,,57.09,,36.5,48.2,,0.070,0.606
1791428020.973993,0.7006,0.6350,0.9054,0.3646,0.5695,0.7538,0.7538,0.4302,0.2458,0.3646,0.4302,0.2458,0.1966,0.0574,0.0410,0.0737,0.0410,0.3580,0.4760,,0.1180,,57.58,,35.3,42.2,,0.070,0.486
1791428021.0059626,0.7538,0.4998,0.8030,0.5695,0.4998,0.4302,0.4998,0.2458,0.5695,0.5695,0.4302,0.2991,0.1966,0.1229,0.2458,0.0205,0.0246,0.3590,0.4660,,0.1070,,58.28,,35.5,37.6,,0.068,0.433
1791428021.0380714,0.7538,0.6350,0.7006,0.5695,0.1966,0.7538,0.6350,0.1557,0.4302,0.4302,0.2991,0.1966,0.2458,0.0737,0.1557,0.0410,0.0574,0.3590,0.4735,,0.1145,,58.22,,35.8,39.1,,0.069,0.572
1791428021.0722091,0.6350,0.6350,0.7006,0.4998,0.4998,0.7538,0.6350,0.5695,0.2458,0.4998,0.3646,0.3646,0.1557,0.1557,0.1557,0.0246,0.0369,0.3580,0.4630,,0.1050,,56.82,,34.6,32.7,,0.072,0.516
1791428021.1044185,0.8030,0.6350,0.6350,0.7006,0.4998,0.7006,0.7006,0.1966,0.7006,0.2991,0.3646,0.1557,0.1557,0.1966,0.1229,0.0369,0.0410,0.3590,0.4650,,0.1060,,56.68,,35.2,46.9,,0.072,0.614
1791428021.13901,0.7538,0.7006,0.8030,0.4302,0.5695,0.8030,0.7006,0.4998,0.4998,0.7006,0.3646,0.4998,0.3646,0.1229,0.3646,0.0369,0.0410,0.3580,0.4740,,0.1160,,57.41,,34.3,43.3,0.631,0.071,0.551
1791428021.1801915,0.7538,0.5695,0.7538,0.7006,0.4998,0.7538,0.5695,0.1229,0.4998,0.3646,0.1966,0.1557,0.1229,0.0942,0.1966,0.0369,0.0574,0.3580,0.4650,,0.1070,,56.91,,35.2,44.3,,0.071,0.605
1791428021.2132368,0.5695,0.4998,0.8030,0.4998,0.7006,0.7006,0.4998,0.4998,0.2991,0.4302,0.2458,0.3646,0.1557,0.1557,0.1966,0.0369,0.0410,0.3580,0.4775,,0.1195,,57.84,,35.0,43.7,,0.070,0.505
1791428021.2442868,0.5695,0.7538,0.7006,0.5695,0.4998,0.8030,0.5695,0.1557,0.4302,0.4998,0.3646,0.2991,0.1229,0.1966,0.2991,0.0369,0.0410,0.3580,0.4750,,0.1170,,57.89,,36.0,39.5,,0.071,0.598
1791428021.2763894,0.7006,0.4302,0.6350,0.7006,0.3646,0.8030,0.5695,0.4998,0.1966,0.4302,0.2991,0.1966,0.1229,0.0737,0.1966,0.0942,0.0942,0.3580,0.4630,,0.1050,,56.73,,34.3,39.7,,0.073,0.543
1791428021.3074102,0.4998,0.4998,0.7006,0.5695,0.4998,0.8030,0.4302,0.5695,0.2991,0.6350,0.3646,0.2991,0.1229,0.1557,0.1229,0.0574,0.0123,0.3580,0.4755,,0.1175,,57.65,,33.8,35.7,,0.071,0.512
1791428021.3382251,0.4998,0.7006,0.7006,0.6350,0.5695,0.6350,0.4302,0.1966,0.4998,0.4302,0.1966,0.3646,0.1557,0.2458,0.1966,0.0246,0.0246,0.3580,0.4765,,0.1185,,57.76,,33.8,31.2,,0.072,0.603
1791428021.3719401,0.6350,0.6350,0.7006,0.4998,0.4302,0.7006,0.4302,0.4998,0.1557,0.5695,0.2991,0.2458,0.1966,0.1557,0.0574,0.0246,0.0410,0.3580,0.4735,,0.1155,,57.69,,33.8,31.9,,0.072,0.534
1791428021.4060886,0.4998,0.5695,0.4998,0.4998,0.5695,0.5695,0.6350,0.5695,0.7006,0.2458,0.0942,0.1557,0.2458,0.2458,0.1229,0.0369,0.0410,0.3580,0.4740,,0.1160,,57.39,,34.1,36.3,,0.073,
1791428021.4391701,0.6350,0.4998,0.6350,0.5695,0.5695,0.7006,0.7538,0.1557,0.4302,0.4302,0.1229,0.1966,0.1966,0.1557,0.1966,0.0246,0.0737,0.3590,0.4760,,0.1170,,58.34,,35.8,45.6,,0.071,0.545
1791428021.4715006,0.8030,0.7006,0.7538,0.5695,0.7006,0.8030,0.6350,0.6350,0.6350,0.1966,0.5695,0.2991,0.2458,0.3646,0.1229,0.0369,0.1229,0.3600,0.4780,,0.1180,,59.67,,34.9,64.1,,0.068,1.169
1791428021.5061078,0.4998,0.6350,0.5695,0.6350,0.6350,0.5695,0.5695,0.4302,0.7006,0.0942,0.4998,0.1557,0.1557,0.0574,0.0942,0.0410,0.0737,0.3580,0.4740,,0.1160,,59.46,,37.6,81.5,,0.068,1.242
1791428021.54506,0.6350,0.7006,0.7538,0.6350,0.6350,0.7538,0.4302,0.4998,0.5695,0.3646,0.5695,0.1557,0.1229,0.2458,0.0574,0.0369,0.1229,0.3580,0.4770,,0.1190,,59.27,,35.2,94.2,,0.069,0.575
1791428021.5777287,0.6350,0.4302,0.5695,0.5695,0.5695,0.6350,0.4998,0.1557,0.6350,0.3646,0.3646,0.2458,0.2458,0.1229,0.0246,0.0410,0.0410,0.3580,0.4590,,0.1010,,57.99,,36.6,101.9,,0.071,0.619
1791428021.6082938,0.4302,0.6350,0.4998,0.7006,0.4998,0.7538,0.6350,0.3646,0.7006,0.2991,0.5695,0.1229,0.1557,0.0942,0.0942,0.0246,0.0369,0.3580,0.4745,,0.1165,,57.56,,36.3,105.9,,0.072,1.391
1791428021.6403596,0.3646,0.4998,0.4998,0.4998,0.5695,0.4302,0.7006,0.3646,0.4998,0.1966,0.1229,0.1557,0.1229,0.0942,0.0942,0.0369,0.0574,0.3580,0.4745,,0.1165,,57.36,,38.6,108.0,,0.073,
1791428021.6744223,0.5695,0.7538,0.6350,0.4998,0.4302,0.7006,0.6350,0.4998,0.3646,0.4302,0.5695,0.0737,0.0737,0.0574,0.0942,0.0410,0.0410,0.3580,0.4760,,0.1180,,58.59,,37.6,110.5,,0.070,0.593
1791428021.7061868,0.4998,0.5695,0.8030,0.4302,0.4998,0.6350,0.4998,0.7006,0.6350,0.2458,0.4302,0.0942,0.0942,0.1966,0.0942,0.0246,0.0410,0.3580,0.4720,,0.1140,,58.43,,32.9,112.0,,0.071,1.337
1791428021.7387772,0.5695,0.8030,0.5695,0.5695,0.7006,0.7538,0.4998,0.2991,0.6350,0.4302,0.4998,0.0942,0.0737,0.1966,0.0737,0.0410,0.0574,0.3580,0.4630,,0.1050,,59.41,,34.4,116.0,,0.067,0.566
1791428021.7720406,0.6350,0.7538,0.4998,0.4302,0.4302,0.7538,0.6350,0.1229,0.4998,0.4998,0.2991,0.0942,0.4998,0.1557,0.0369,0.0574,0.0574,0.3580,0.4730,,0.1150,,59.18,,35.1,118.4,,0.068,0.612
1791428021.8064249,0.4998,0.6350,0.5695,0.7006,0.5695,0.7538,0.6350,0.4302,0.5695,0.3646,0.2458,0.1557,0.4998,0.0942,0.0410,0.0737,0.0574,0.3580,0.4730,,0.1150,,57.92,,35.9,112.9,,0.071,0.558
1791428021.8459485,0.7538,0.8440,0.4998,0.5695,0.6350,0.8030,0.4998,0.4998,0.7006,0.4302,0.1229,0.4302,0.4302,0.4302,0.0410,0.0574,0.1229,0.3580,0.4645,,0.1065,,57.91,,34.8,106.6,0.457,0.070,0.519
1791428021.8768702,0.7006,0.8030,0.7538,0.5695,0.6350,0.7006,0.5695,0.4302,0.7538,0.4302,0.3646,0.3646,0.1966,0.0737,0.0410,0.0205,0.0205,0.3580,0.4765,,0.1185,,57.47,,30.4,94.7,,0.072,0.495
1791428021.9085875,0.6350,0.6350,0.5695,0.6350,0.7006,0.8030,0.4998,0.1557,0.5695,0.3646,0.0942,0.3646,0.4302,0.6350,0.0942,0.0410,0.0410,0.3580,0.4785,,0.1205,,59.18,,31.2,88.6,0.519,0.069,0.499
1791428021.940227,0.7538,0.7006,0.5695,0.5695,0.5695,0.8030,0.6350,0.6350,0.5695,0.1557,0.0737,0.1966,0.1229,0.1966,0.0369,0.0246,0.0246,0.3580,0.4760,,0.1180,,60.82,,32.3,82.8,,0.065,
1791428021.972621,0.5695,0.4998,0.3646,0.4302,0.4302,0.6350,0.6350,0.4302,0.5695,0.4302,0.0369,0.1966,0.1557,0.0942,0.0574,0.0410,0.0410,0.3570,0.4715,,0.1145,,59.41,,33.7,83.2,,0.068,0.567
1791428022.0057805,0.7006,0.6350,0.6350,0.4302,0.7538,0.7538,0.6350,0.4302,0.5695,0.4302,0.2458,0.1229,0.1557,0.2458,0.0942,0.0369,0.0410,0.3600,0.4750,,0.1150,,59.81,,33.8,80.8,,0.067,0.578
1791428022.0385914,0.5695,0.4998,0.5695,0.4998,0.6350,0.8440,0.5695,0.1557,0.7006,0.4998,0.4302,0.2991,0.0737,0.0574,0.0410,0.0410,0.0410,0.3580,0.4605,,0.1025,,58.64,,34.4,74.0,,0.069,0.470
1791428022.072786,0.6350,0.7538,0.7006,0.6350,0.7006,0.7538,0.4302,0.4302,0.4998,0.5695,0.2991,0.1966,0.1229,0.0246,0.0246,0.0410,0.0737,0.3580,0.4700,,0.1120,,58.57,,30.0,74.4,,0.069,0.557
1791428022.1142821,0.7006,0.7006,0.4998,0.6350,0.6350,0.7006,0.4998,0.7006,0.6350,0.4998,0.4998,0.1557,0.4302,0.1966,0.0246,0.0369,0.0369,0.3570,0.4705,,0.1135,,58.15,,30.3,92.2,,0.070,0.623
1791428022.146253,0.7006,0.7006,0.5695,0.4998,0.5695,0.7538,0.4302,0.0942,0.4998,0.4998,0.1557,0.3646,0.1229,0.1966,0.0369,0.0205,0.0410,0.3580,0.4635,,0.1055,,58.36,,33.5,82.1,,0.069,0.563
1791428022.1774528,0.6350,0.5695,0.6350,0.4302,0.5695,0.4998,0.6350,0.4998,0.7538,0.1557,0.1557,0.1229,0.1557,0.2458,0.0574,0.0246,0.0574,0.3580,0.4710,,0.1130,,57.47,,29.6,77.5,,0.071,
1791428022.2084806,0.4998,0.8440,0.7538,0.7006,0.7006,0.7538,0.5695,0.1557,0.4302,0.2458,0.4302,0.2458,0.3646,0.1557,0.0410,0.0410,0.0737,0.3590,0.4700,,0.1110,,56.54,,30.1,95.3,,0.074,1.341
1791428022.2395046,0.5695,0.7006,0.7006,0.5695,0.5695,0.8030,0.7006,0.5695,0.5695,0.5695,0.0737,0.1966,0.2991,0.4302,0.1229,0.0369,0.0246,0.3600,0.4765,,0.1165,,57.66,,29.6,88.7,,0.071,0.437
1791428022.2726808,0.4998,0.4302,0.5695,0.4998,0.7006,0.7006,0.5695,0.1966,0.4998,0.4302,0.0574,0.1557,0.1966,0.0942,0.0942,0.0574,0.0574,0.3600,0.4725,,0.1125,,57.76,,30.5,85.4,,0.071,0.545
1791428022.3060095,0.6350,0.7006,0.6350,0.4302,0.5695,0.7006,0.4998,0.4998,0.3646,0.5695,0.3646,0.1966,0.1966,0.0574,0.0737,0.0369,0.0369,0.3610,0.4740,,0.1130,,57.35,,31.0,78.3,,0.072,0.453
1791428022.3396873,0.5695,0.8030,0.5695,0.4998,0.4302,0.7006,0.5695,0.1557,0.3646,0.5695,0.0737,0.1966,0.1966,0.2991,0.0942,0.0410,0.0410,0.3610,0.4645,,0.1035,,58.13,,31.5,71.9,,0.069,0.553
1791428022.3732953,0.4302,0.5695,0.4998,0.4302,0.7006,0.7538,0.5695,0.1229,0.4998,0.1557,0.0942,0.1557,0.1229,0.1966,0.0410,0.0369,0.0410,0.3600,0.4750,,0.1150,,57.62,,32.7,85.0,,0.071,
1791428022.41689,0.3646,0.5695,0.3646,0.4998,0.4998,0.8030,0.5695,0.4998,0.5695,0.4998,0.1229,0.2991,0.1966,0.1966,0.0942,0.0246,0.0574,0.3600,0.4655,,0.1055,,57.48,,33.2,77.8,,0.070,0.540
1791428022.4467602,0.6350,0.6350,0.5695,0.6350,0.7006,0.2991,0.6350,0.5695,0.7006,0.4302,0.0942,0.1966,0.3646,0.1966,0.0737,0.0369,0.0369,0.3600,,,,,57.48,,33.2,77.8,,,
1791428022.4780598,0.8030,0.4998,0.6350,0.4998,0.7538,0.7006,0.4998,0.0942,0.7006,0.3646,0.4302,0.2458,0.1557,0.2991,0.0410,0.0410,0.0410,0.3600,0.4635,,0.1035,,56.95,,33.4,67.0,,0.071,0.445
1791428022.5102162,0.4998,0.7006,0.5695,0.3646,0.5695,0.7538,0.4998,0.1229,0.6350,0.4302,0.4998,0.4998,0.2991,0.1229,0.1229,0.1557,0.0574,0.3600,0.4650,,0.1050,,56.55,,35.7,68.9,,0.071,0.467
1791428022.5412264,0.2458,0.6350,0.3646,0.4302,0.7006,0.6350,0.5695,0.5695,0.7006,0.3646,0.1229,0.2458,0.2458,0.2991,0.0737,0.0369,0.0369,,0.4680,,,,56.55,,31.9,65.9,,0.071,
1791428022.5735009,0.4998,0.5695,0.5695,0.6350,0.6350,0.6350,0.7006,0.4302,0.4998,0.4302,0.1229,0.2991,0.2991,0.3646,0.0410,0.1557,0.0574,0.3600,0.4750,,0.1150,,56.49,,31.9,62.9,,0.073,0.528
1791428022.6066806,0.5695,0.5695,0.6350,0.7006,0.5695,0.7538,0.5695,0.4998,0.6350,0.4998,0.0942,0.1966,0.2458,0.2991,0.0737,0.0410,0.0369,0.3600,0.4645,,0.1045,,56.48,,29.1,61.3,,0.072,0.443
1791428022.6396613,0.5695,0.7006,0.2991,0.2458,0.5695,0.7006,0.5695,0.7006,0.2991,0.5695,0.0737,0.2458,0.2458,0.0942,0.1229,0.0246,0.0410,0.3610,0.4735,,0.1125,,57.34,,27.1,59.8,,0.070,0.483
1791428022.6730268,0.7006,0.7538,0.5695,0.4302,0.5695,0.8030,0.5695,0.6350,0.6350,0.6350,0.3646,0.1966,0.1966,0.1557,0.0942,0.0410,0.0410,0.3600,0.4670,,0.1070,,57.44,,25.2,63.1,,0.070,0.457
1791428022.7072499,0.5695,0.5695,0.6350,0.7006,0.5695,0.6350,0.6350,0.4302,0.6350,0.1966,0.3646,0.2458,0.1966,0.0574,0.0246,0.0369,0.0410,0.3600,0.4765,,0.1165,,56.62,,23.8,57.6,,0.073,0.533
1791428022.7473884,0.4998,0.7006,0.6350,0.6350,0.7538,0.7538,0.4998,0.4998,0.4998,0.2991,0.0942,0.2458,0.2991,0.3646,0.0942,0.0410,0.0246,0.3600,0.4670,,0.1070,,56.86,,26.3,67.5,,0.072,
1791428022.7737367,0.5695,0.7006,0.7006,0.5695,0.5695,0.6350,0.7006,0.5695,0.5695,0.4302,0.1229,0.1229,0.2458,0.1557,0.0737,0.0369,0.0369,0.3620,0.4625,,0.1005,,57.83,,27.5,65.1,,0.068,0.534
1791428022.811066,0.6350,0.7006,0.8030,0.5695,0.5695,0.7006,0.7006,0.4302,0.7006,0.3646,0.4302,0.1966,0.2991,0.0942,0.0574,0.0410,0.0574,0.3600,0.4720,,0.1120,,57.26,,25.9,80.8,,0.070,0.621
1791428022.842144,0.4998,0.8440,0.5695,0.4302,0.8030,0.8030,0.4998,0.4998,0.4998,0.4998,0.0737,0.2991,0.2458,0.1557,0.0737,0.0369,0.0410,0.3600,0.4750,,0.1150,,57.36,,26.9,79.6,,0.070,0.530
1791428022.8736892,0.7538,0.7006,0.7538,0.4998,0.7006,0.8440,0.5695,0.1557,0.6350,0.2458,0.2991,0.3646,0.2458,0.1557,0.0942,0.0410,0.0574,0.3630,0.4750,,0.1120,,56.57,,26.9,72.6,,0.073,
1791428022.906926,0.6350,0.8030,0.5695,0.6350,0.7006,0.7006,0.4302,0.4302,0.4302,0.6350,0.0737,0.3646,0.3646,0.2991,0.0942,0.0369,0.0574,0.3600,0.4660,,0.1060,,56.57,,25.5,74.1,0.587,0.072,0.540
1791428022.9410055,0.7006,0.8030,0.5695,0.5695,0.7006,0.7538,0.5695,0.5695,0.5695,0.5695,0.1966,0.2458,0.1966,0.3646,0.0737,0.0737,0.0369,0.3600,0.4680,,0.1080,,56.80,,24.3,71.9,,0.071,0.561
1791428022.973586,0.6350,0.7538,0.4998,0.4302,0.6350,0.5695,0.4302,0.1229,0.5695,0.5695,0.4302,0.2458,0.1229,0.4302,0.0737,0.0369,0.0246,0.3600,0.4785,,0.1185,,56.32,,24.8,73.5,,0.074,0.568
1791428023.0074675,0.4998,0.6350,0.7538,0.6350,0.6350,0.7006,0.4998,0.1229,0.7006,0.4998,0.4998,0.3646,0.2991,0.0942,0.0574,0.0246,0.0410,0.3600,0.4775,,0.1175,,56.92,,25.7,74.1,,0.073,0.446
1791428023.0476575,0.4998,0.8030,0.8030,0.5695,0.6350,0.7006,0.4302,0.6350,0.5695,0.5695,0.1229,0.4302,0.3646,0.2991,0.1966,0.0737,0.0369,0.3600,0.4790,,0.1190,,56.54,,28.2,71.2,0.521,0.075,0.560
1791428023.079346,0.4998,0.7006,0.7006,0.3646,0.8030,0.7538,0.5695,0.5695,0.7006,0.2458,0.2458,0.2458,0.4302,0.4302,0.0737,0.0369,0.0942,0.3600,0.4780,,0.1180,,57.56,,30.3,71.1,,0.073,
1791428023.111254,0.6350,0.7006,0.7006,0.4998,0.6350,0.7006,0.5695,0.3646,0.6350,0.4302,0.0737,0.1966,0.1557,0.1966,0.0942,0.0410,0.0369,0.3600,0.4750,,0.1150,,57.11,,30.5,70.4,,0.074,0.564
1791428023.1418002,0.6350,0.8440,0.4998,0.4302,0.6350,0.7006,0.5695,0.1557,0.7006,0.3646,0.1229,0.2991,0.3646,0.1966,0.1229,0.0574,0.0205,0.3600,0.4765,,0.1165,,55.90,,30.3,69.7,,0.078,0.539
1791428023.1737635,0.3646,0.7006,0.5695,0.7006,0.4998,0.8440,0.7006,0.3646,0.7006,0.5695,0.1229,0.4302,0.3646,0.4302,0.1557,0.0410,0.0205,0.3600,0.4685,,0.1085,,55.59,,31.6,69.1,0.554,0.078,0.472
1791428023.2075715,0.7006,0.5695,0.8767,0.4998,0.2991,0.7006,0.4998,0.4302,0.4302,0.5695,0.1557,0.2991,0.3646,0.1557,0.0574,0.2458,0.0369,0.3600,0.4800,,0.1200,,56.47,,32.0,67.6,,0.076,0.500
1791428023.2406821,0.4998,0.8030,0.4302,0.4302,0.7538,0.7538,0.4998,0.1557,0.4302,0.4302,0.0737,0.2458,0.2458,0.1966,0.0737,0.0246,0.0205,0.3600,0.4775,,0.1175,,56.74,,32.2,68.2,,0.076,0.545
1791428023.273634,0.6350,0.7538,0.6350,0.6350,0.7006,0.7006,0.5695,0.4302,0.4302,0.3646,0.1557,0.0942,0.1966,0.1229,0.0942,0.0942,0.0410,0.3600,0.4765,,0.1165,,55.44,,31.0,66.3,,0.080,0.609
1791428023.3072548,0.5695,0.7538,0.5695,0.6350,0.7538,0.7006,0.5695,0.4302,0.7006,0.1557,0.0737,0.2991,0.4998,0.0369,0.0246,0.0369,0.0369,0.3600,0.4775,,0.1175,,55.25,,32.2,68.2,,0.080,
1791428023.347226,0.6350,0.8767,0.5695,0.4998,0.7538,0.8030,0.4998,0.4998,0.4998,0.5695,0.0942,0.2458,0.4998,0.1966,0.0942,0.0369,0.0410,0.3600,0.4770,,0.1170,,55.75,,31.9,69.5,,0.079,0.553
1791428023.379779,0.6350,0.7538,0.6350,0.4302,0.5695,0.8440,0.6350,0.5695,0.4998,0.3646,0.1229,0.2991,0.3646,0.2991,0.0574,0.0410,0.0410,0.3600,0.4780,,0.1180,,55.64,,31.0,68.0,,0.080,0.522
1791428023.4105828,0.6350,0.6350,0.5695,0.7006,0.3646,0.7006,0.6350,0.4998,0.6350,0.4302,0.1557,0.2991,0.4302,0.2991,0.0737,0.0246,0.0410,0.3600,0.4675,,0.1075,,55.73,,31.3,65.6,,0.078,0.486
1791428023.4426332,0.8030,0.4302,0.7006,0.5695,0.4302,0.6350,0.5695,0.5695,0.5695,0.4998,0.2458,0.1966,0.2458,0.2991,0.0574,0.0246,0.0369,0.3600,0.4620,,0.1020,,54.73,,31.1,63.7,,0.079,0.478
1791428023.4746404,0.7538,0.7538,0.6350,0.2991,0.7006,0.7538,0.5695,0.5695,0.7006,0.4302,0.1229,0.2458,0.2991,0.0942,0.0942,0.0369,0.0369,0.3600,0.4660,,0.1060,,54.49,,29.2,62.9,,0.079,0.567
1791428023.5079963,0.7538,0.7538,0.6350,0.4998,0.7006,0.7538,0.6350,0.5695,0.6350,0.5695,0.3646,0.3646,0.2458,0.1966,0.1229,0.0369,0.0246,0.3600,0.4710,,0.1110,,54.03,,29.8,65.5,,0.081,0.553
1791428023.542482,0.5695,0.8440,0.6350,0.4998,0.6350,0.7538,0.4302,0.5695,0.6350,0.6350,0.2458,0.2991,0.3646,0.3646,0.0942,0.0246,0.0574,0.3600,0.4780,,0.1180,,54.69,,31.1,65.5,,0.080,0.517
1791428023.585844,0.4302,0.7006,0.6350,0.4998,0.3646,0.7538,0.5695,0.5695,0.6350,0.4998,0.0942,0.1229,0.2991,0.3646,0.0942,0.0410,0.0369,0.3600,0.4750,,0.1150,,54.79,,28.8,71.6,,0.080,0.565
1791428023.6172898,0.6350,0.7006,0.6350,0.5695,0.6350,0.7006,0.4998,0.6350,0.7538,0.4302,0.0574,0.2458,0.2991,0.0410,0.0737,0.0410,0.0410,0.3600,0.4755,,0.1155,,54.47,,27.0,71.8,,0.081,0.511
1791428023.6486835,0.5695,0.7006,0.7006,0.4998,0.7538,0.8440,0.5695,0.4302,0.2991,0.4998,0.2991,0.1966,0.2458,0.0942,0.0574,0.0574,0.0205,0.3600,0.4725,,0.1125,,54.42,,25.6,69.6,,0.081,0.518
1791428023.6798215,0.6350,0.6350,0.7006,0.4998,0.7006,0.6350,0.5695,0.4998,0.6350,0.4302,0.4302,0.4302,0.2458,0.1557,0.0369,0.0369,0.0369,0.3600,0.4740,,0.1140,,54.20,,26.8,69.4,,0.082,0.453
1791428023.7121134,0.6350,0.4998,0.7006,0.6350,0.6350,0.8440,0.7006,0.5695,0.4998,0.5695,0.1229,0.3646,0.3646,0.1229,0.1966,0.1229,0.0369,0.3600,0.4760,,0.1160,,54.49,,25.4,73.0,0.573,0.081,0.580
1791428023.7435548,0.2991,0.4302,0.7006,0.3646,0.7006,0.8030,0.5695,0.4998,0.2991,0.4302,0.1229,0.2991,0.2991,0.4302,0.1229,0.0410,0.0369,,0.4655,,,,54.49,,24.4,75.5,,0.081,
1791428023.7749844,0.4998,0.8440,0.5695,0.6350,0.6350,0.7538,0.4998,0.4998,0.6350,0.4998,0.1229,0.2991,0.4302,0.2458,0.0737,0.0246,0.0410,0.3600,0.4750,,0.1150,,54.56,,24.6,77.6,,0.081,0.618
1791428023.8091025,0.7006,0.8440,0.7538,0.6350,0.7538,0.6350,0.5695,0.6350,0.2991,0.6350,0.1229,0.2991,0.4302,0.1557,0.1229,0.0369,0.0574,0.3600,0.4745,,0.1145,,55.56,,27.1,79.1,,0.078,0.481
1791428023.8411303,0.7006,0.5695,0.6350,0.5695,0.5695,0.7538,0.6350,0.1229,0.8030,0.4302,0.1966,0.2458,0.2458,0.1229,0.0737,0.0942,0.0737,0.3600,0.4730,,0.1130,,55.28,,27.7,79.6,,0.079,0.523
1791428023.8748095,0.4302,0.7006,0.6350,0.7538,0.7006,0.7006,0.5695,0.4998,0.4998,0.2991,0.3646,0.1966,0.1557,0.0942,0.0737,0.0410,0.0410,0.3600,0.4735,,0.1135,,54.61,,29.2,89.4,,0.081,1.406
1791428023.9158027,0.5695,0.6350,0.7006,0.6350,0.7006,0.7538,0.5695,0.4998,0.4998,0.4998,0.1229,0.1966,0.2991,0.1557,0.0942,0.0246,0.0574,0.3600,0.4735,,0.1135,,55.35,,27.0,89.2,,0.079,0.554
1791428023.9470177,0.4998,0.6350,0.4998,0.3646,0.6350,0.8030,0.5695,0.6350,0.5695,0.4302,0.0942,0.3646,0.0942,0.0942,0.0369,0.0574,0.0574,0.3600,0.4615,,0.1015,,54.19,,25.0,84.2,,0.080,0.543
1791428023.9785082,0.5695,0.7538,0.6350,0.4998,0.7006,0.7538,0.5695,0.4998,0.4302,0.4998,0.0737,0.1966,0.2991,0.0942,0.0737,0.1229,0.0369,0.3600,0.4750,,0.1150,,55.11,,26.5,80.9,,0.078,0.526
1791428024.0098855,0.8030,0.8030,0.7538,0.3646,0.5695,0.7538,0.5695,0.1557,0.3646,0.2991,0.0942,0.1557,0.2458,0.2458,0.0574,0.0369,0.0369,0.3600,0.4630,,0.1030,,54.54,,27.3,80.1,,0.079,
1791428024.040903,0.6350,0.7538,0.7006,0.4998,0.6350,0.7538,0.5695,0.4998,0.6350,0.4998,0.0942,0.2991,0.2991,0.2991,0.0737,0.0410,0.0246,0.3600,0.4755,,0.1155,,54.73,,28.5,77.8,,0.079,0.519
1791428024.074815,0.7006,0.8030,0.5695,0.6350,0.4998,0.7006,0.4998,0.1229,0.4998,0.4998,0.1229,0.1557,0.2458,0.0942,0.0574,0.1229,0.0574,0.3600,0.4770,,0.1170,,55.34,,29.6,77.4,,0.078,0.574
1791428024.1081228,0.4302,0.8030,0.7006,0.5695,0.5695,0.7006,0.5695,0.0942,0.5695,0.4302,0.1229,0.2458,0.4302,0.1966,0.0942,0.0246,0.0574,0.3600,0.4725,,0.1125,,55.74,,31.1,79.7,,0.077,0.508
1791428024.1413515,0.5695,0.5695,0.7006,0.3646,0.6350,0.7006,0.4998,0.5695,0.5695,0.4998,0.0942,0.2991,0.2991,0.1229,0.0942,0.0942,0.0574,0.3600,0.4770,,0.1170,,56.23,,32.2,82.1,,0.076,0.499
1791428024.1744742,0.5695,0.7538,0.4302,0.5695,0.6350,0.7006,0.6350,0.4998,0.4302,0.6350,0.0942,0.4302,0.4302,0.2458,0.0942,0.0369,0.0574,0.3600,0.4755,,0.1155,,55.66,,29.8,80.5,0.542,0.078,0.454
1791428024.2084668,0.7538,0.4302,0.4998,0.4998,0.6350,0.6350,0.5695,0.4998,0.4302,0.4302,0.1557,0.2991,0.2991,0.2458,0.0574,0.1557,0.0574,0.3600,0.4740,,0.1140,,55.73,,30.7,76.9,,0.078,0.551
1791428024.247958,0.7006,0.8030,0.8767,0.6350,0.7538,0.7538,0.5695,0.5695,0.4302,0.6350,0.1557,0.2991,0.2991,0.4302,0.1557,0.0737,0.0574,0.3600,0.4775,,0.1175,,56.64,,31.5,76.8,,0.075,0.519
1791428024.2799797,0.6350,0.7538,0.5695,0.4998,0.6350,0.4998,0.5695,0.7006,0.4302,0.3646,0.3646,0.2991,0.2458,0.0574,0.0410,0.0574,0.0574,0.3600,0.4740,,0.1140,,55.55,,31.6,71.1,,0.079,0.478
1791428024.3118508,0.2991,0.2991,0.5695,0.1557,0.7006,0.4302,0.5695,0.1557,0.7006,0.4998,0.0737,0.2458,0.2458,0.2991,0.1229,0.1557,0.0410,,0.4710,,,,55.55,,32.4,69.5,,0.079,
1791428024.3434246,0.5695,0.7538,0.6350,0.5695,0.6350,0.7006,0.6350,0.0942,0.5695,0.4998,0.0942,0.2458,0.3646,0.2458,0.1229,0.0246,0.0574,0.3600,0.4750,,0.1150,,56.21,,33.7,72.0,,0.077,0.547
1791428024.375328,0.7006,0.7538,0.6350,0.5695,0.6350,0.7006,0.5695,0.1557,0.6350,0.3646,0.4302,0.1557,0.1557,0.0942,0.0574,0.0369,0.0369,0.3600,0.4750,,0.1150,,55.86,,34.3,85.1,,0.078,0.526
1791428024.4079905,0.5695,0.8030,0.6350,0.4998,0.7006,0.7006,0.5695,0.5695,0.3646,0.4998,0.1229,0.2458,0.2991,0.0942,0.0737,0.0369,0.0369,0.3600,0.4785,,0.1185,,55.73,,34.6,79.6,,0.079,0.539
1791428024.4417298,0.5695,0.6350,0.7006,0.6350,0.7006,0.8030,0.6350,0.4302,0.4998,0.4998,0.0942,0.1966,0.3646,0.1557,0.0942,0.0574,0.0574,0.3600,0.4750,,0.1150,,56.11,,34.1,83.0,,0.077,0.501
1791428024.4750135,0.4998,0.5695,0.8440,0.5695,0.5695,0.7006,0.4302,0.1229,0.2458,0.3646,0.1229,0.2991,0.1966,0.0410,0.0737,0.0942,0.0369,0.3600,0.4730,,0.1130,,55.16,,34.1,82.2,,0.080,0.525
1791428024.5093274,0.7538,0.7006,0.8030,0.5695,0.4998,0.7006,0.4998,0.3646,0.8030,0.3646,0.1966,0.2991,0.2991,0.2991,0.0737,0.1966,0.0410,0.3600,0.4730,,0.1130,,54.84,,34.9,81.0,,0.081,0.566
1791428024.549915,0.7538,0.6350,0.5695,0.6350,0.7006,0.6350,0.5695,0.4998,0.4302,0.4302,0.0942,0.2458,0.2458,0.0942,0.1966,0.1966,0.0369,0.3600,0.4740,,0.1140,,55.54,,33.7,77.8,,0.079,0.540
1791428024.5827358,0.6350,0.6350,0.6350,0.6350,0.6350,0.7006,0.4998,0.5695,0.7006,0.2991,0.4302,0.1557,0.1229,0.2458,0.0410,0.0205,0.0369,0.3600,0.4735,,0.1135,,56.21,,30.9,74.9,,0.076,0.403
1791428024.6140006,0.4302,0.5695,0.7538,0.4998,0.6350,0.7006,0.5695,0.1229,0.4998,0.1966,0.2991,0.2991,0.0942,0.1229,0.0574,0.0574,0.0574,0.3600,0.4760,,0.1160,,55.52,,32.2,73.6,,0.079,
1791428024.6442704,0.5695,0.8030,0.4998,0.5695,0.6350,0.8030,0.5695,0.1229,0.5695,0.4302,0.0574,0.2991,0.2458,0.1557,0.0737,0.0205,0.0246,0.3600,0.4750,,0.1150,,55.54,,33.8,79.0,,0.079,0.474
1791428024.677514,0.7006,0.7538,0.4998,0.4998,0.6350,0.6350,0.6350,0.2458,0.7006,0.3646,0.3646,0.3646,0.2991,0.1229,0.1557,0.0246,0.0574,0.3600,0.4745,,0.1145,,55.66,,33.5,72.2,,0.078,0.453
1791428024.7095237,0.4302,0.6350,0.7538,0.4302,0.4302,0.7006,0.4302,0.2991,0.6350,0.3646,0.1557,0.2458,0.2458,0.1557,0.1557,0.0737,0.0410,0.3600,0.4620,,0.1020,,55.27,,33.3,68.8,,0.078,0.594
1791428024.7418103,0.6350,0.6350,0.7538,0.4998,0.5695,0.8440,0.7006,0.4998,0.6350,0.5695,0.1229,0.2991,0.3646,0.1557,0.1557,0.0410,0.0574,0.3600,0.4730,,0.1130,,55.62,,33.3,70.1,,0.077,0.528
1791428024.7762766,0.7006,0.7006,0.6350,0.7006,0.7006,0.7538,0.5695,0.4302,0.7538,0.4998,0.1557,0.1229,0.1557,0.0942,0.0737,0.0410,0.0410,0.3600,0.4775,,0.1175,,56.04,,32.8,65.5,,0.076,0.471
1791428024.8091538,0.5695,0.6350,0.5695,0.4302,0.5695,0.8030,0.6350,0.6350,0.5695,0.4302,0.1557,0.1966,0.1966,0.0369,0.0737,0.0410,0.0574,0.3630,0.4745,,0.1115,,55.82,,29.8,64.4,,0.077,0.567
1791428024.8503983,0.4998,0.6350,0.7538,0.4998,0.5695,0.4998,0.4998,0.0942,0.6350,0.3646,0.1229,0.1557,0.2991,0.1966,0.0574,0.0410,0.0410,0.3600,0.4750,,0.1150,,55.17,,30.8,66.2,,0.079,0.599
1791428024.8828583,0.5695,0.7006,0.5695,0.4302,0.4998,0.7006,0.5695,0.4998,0.4998,0.3646,0.1229,0.1229,0.1229,0.0942,0.0574,0.0369,0.0410,0.3600,0.4725,,0.1125,,54.84,,30.9,66.9,,0.080,0.474
1791428024.9138749,0.6350,0.5695,0.5695,0.3646,0.4998,0.6350,0.7006,0.2458,0.5695,0.2991,0.0737,0.1229,0.4302,0.1229,0.0369,0.0574,0.0410,0.3600,0.4715,,0.1115,,54.76,,32.2,77.2,,0.080,
1791428024.9449081,0.5695,0.7006,0.3646,0.6350,0.3646,0.6350,0.6350,0.1557,0.5695,0.3646,0.0737,0.1966,0.1557,0.1557,0.0574,0.0369,0.0410,0.3600,0.4720,,0.1120,,54.42,,32.7,77.3,,0.081,0.552
1791428024.9772234,0.7006,0.7538,0.5695,0.5695,0.7006,0.7006,0.4302,0.4302,0.4998,0.3646,0.1229,0.2458,0.3646,0.3646,0.0942,0.0410,0.0574,0.3610,0.4760,,0.1150,,55.78,,32.6,81.4,,0.077,0.538
1791428025.0090072,0.6350,0.4302,0.7006,0.5695,0.6350,0.7006,0.6350,0.4998,0.6350,0.3646,0.1229,0.2458,0.1557,0.0942,0.0942,0.0369,0.0574,0.3600,0.4725,,0.1125,,56.07,,32.8,80.7,,0.076,0.430
1791428025.0424936,0.6350,0.5695,0.5695,0.5695,0.5695,0.8440,0.7538,0.4998,0.7006,0.3646,0.1229,0.1557,0.1557,0.1229,0.0942,0.0942,0.0410,0.3600,0.4765,,0.1165,,55.85,,30.0,81.0,,0.077,0.518
1791428025.076239,0.4998,0.7006,0.6350,0.6350,0.6350,0.5695,0.5695,0.6350,0.4998,0.4302,0.0574,0.1557,0.1966,0.0410,0.0737,0.0410,0.0410,0.3600,0.4735,,0.1135,,55.78,,28.9,77.7,,0.077,0.478
1791428025.1094449,0.4302,0.7538,0.4998,0.7006,0.5695,0.6350,0.6350,0.4302,0.5695,0.4302,0.0574,0.3646,0.1229,0.0942,0.0942,0.0737,0.0246,0.3610,0.4720,,0.1110,,56.27,,29.4,78.8,,0.076,0.513
1791428025.1421232,0.8030,0.7006,0.5695,0.5695,0.6350,0.7538,0.5695,0.2458,0.5695,0.4998,0.0737,0.2458,0.2458,0.1229,0.1557,0.0246,0.0737,0.3600,0.4640,,0.1040,,55.86,,30.9,86.3,,0.075,0.602
1791428025.1832685,0.6350,0.7538,0.6350,0.5695,0.4998,0.7538,0.6350,0.4302,0.4302,0.3646,0.0942,0.2458,0.2991,0.0737,0.0737,0.1229,0.0410,0.3600,0.4725,,0.1125,,55.62,,30.4,83.1,,0.076,0.503
1791428025.2150702,0.6350,0.7538,0.6350,0.5695,0.5695,0.7538,0.4998,0.6350,0.4302,0.4998,0.1229,0.3646,0.3646,0.2991,0.0942,0.0246,0.0369,0.3610,0.4710,,0.1100,,56.00,,28.0,,0.578,0.075,0.515
1791428025.2463589,0.6350,0.5695,0.7006,0.6350,0.4302,0.8030,0.5695,0.1557,0.4998,0.3646,0.0942,0.1966,0.1557,0.1966,0.0737,0.0369,0.0737,0.3610,0.4625,,0.1015,,56.20,,29.1,,,0.073,0.528
1791428025.277676,0.2458,0.2458,0.3646,0.3646,0.5695,0.5695,0.3646,0.4998,0.5695,0.3646,0.2991,0.2458,0.1557,0.0737,0.1229,0.0410,0.0574,,0.4770,,,,56.20,,26.6,,,0.073,
1791428025.310583,0.6350,0.6350,0.7006,0.4998,0.6350,0.7538,0.5695,0.2458,0.4302,0.4302,0.0574,0.3646,0.2991,0.0942,0.1557,0.0369,0.0410,0.3600,0.4745,,0.1145,,56.52,,27.7,,,0.073,0.612
1791428025.342482,0.5695,0.7006,0.7006,0.6350,0.5695,0.7006,0.6350,0.1966,0.5695,0.5695,0.1557,0.0942,0.4302,0.1966,0.0574,0.0410,0.0574,0.3610,0.4760,,0.1150,,57.44,,28.4,,,0.071,0.501
1791428025.3775046,0.6350,0.7538,0.4998,0.4302,0.6350,0.7538,0.4998,0.1557,0.5695,0.2991,0.1229,0.2991,0.1229,0.3646,0.0574,0.0942,0.0369,0.3600,0.4755,,0.1155,,57.53,,28.0,,,0.071,
1791428025.409282,0.3646,0.8767,0.6350,0.5695,0.7006,0.7006,0.6350,0.4998,0.6350,0.4302,0.0942,0.3646,0.1966,0.2458,0.0369,0.0246,0.0574,0.3600,0.4745,,0.1145,,57.37,,28.7,,,0.072,0.465
1791428025.4434547,0.5695,0.8030,0.4998,0.5695,0.6350,0.6350,0.6350,0.6350,0.5695,0.4302,0.0942,0.1557,0.1966,0.1229,0.0574,0.0369,0.0369,0.3610,0.4790,,0.1180,,59.56,,26.3,,,0.067,0.546
1791428025.4856896,0.4998,0.7538,0.4998,0.4998,0.4998,0.7006,0.4302,0.2458,0.4998,0.3646,0.4302,0.2991,0.1229,0.1557,0.0942,0.0410,0.0410,0.3610,0.4760,,0.1150,,60.28,,26.8,75.5,,0.065,0.384
1791428025.5157893,0.4302,0.4998,0.5695,0.5695,0.4998,0.7006,0.4998,0.4302,0.6350,0.4302,0.0737,0.0942,0.1229,0.1557,0.0737,0.0246,0.0369,0.3600,0.4725,,0.1125,,59.88,,28.4,77.2,,0.066,0.514
1791428025.547893,0.4998,0.7006,0.4998,0.5695,0.4998,0.8030,0.5695,0.0942,0.3646,0.2991,0.0942,0.2458,0.0942,0.0737,0.0942,0.0574,0.1229,0.3610,0.4590,,0.0980,,59.95,,29.4,74.3,,0.064,
1791428025.5792341,0.4998,0.6350,0.7006,0.4998,0.4998,0.8030,0.4998,0.1557,0.5695,0.4302,0.2991,0.1966,0.4998,0.1229,0.0369,0.0410,0.0737,0.3610,0.4655,,0.1045,,60.08,,30.0,76.5,,0.063,0.620
1791428025.6104052,0.4998,0.5695,0.4998,0.5695,0.4302,0.7006,0.4998,0.1557,0.7006,0.4302,0.4302,0.1966,0.1557,0.0410,0.0410,0.0410,0.0410,0.3610,0.4715,,0.1105,,61.02,,29.7,77.9,,0.061,0.435
1791428025.644152,0.5695,0.8030,0.7538,0.7006,0.4302,0.6350,0.4998,0.6350,0.5695,0.4998,0.3646,0.1966,0.1557,0.0369,0.0574,0.0410,0.0737,0.3610,0.4625,,0.1015,,60.97,,30.2,79.7,,0.060,0.554
1791428025.6784492,0.4302,0.6350,0.4998,0.4302,0.5695,0.7006,0.4998,0.3646,0.6350,0.4302,0.3646,0.1229,0.0942,0.0574,0.0410,0.0205,0.0410,0.3610,0.4730,,0.1120,,60.96,,30.1,74.8,,0.060,0.409
1791428025.7112632,0.4302,0.8030,0.7006,0.4302,0.4998,0.7538,0.6350,0.1557,0.6350,0.4302,0.0737,0.3646,0.1229,0.0574,0.0369,0.0246,0.0410,0.3600,0.4635,,0.1035,,59.77,,30.7,73.2,,0.063,0.645
1791428025.752672,0.7006,0.7538,0.4998,0.6350,0.4998,0.8030,0.4998,0.3646,0.6350,0.4998,0.3646,0.3646,0.1557,0.1557,0.0574,0.0369,0.0737,0.3610,0.4645,,0.1035,,60.26,,30.6,76.9,,0.061,0.452
1791428025.783767,0.5695,0.5695,0.4998,0.3646,0.5695,0.7538,0.4302,0.1966,0.4998,0.4302,0.1557,0.1557,0.2458,0.2991,0.1229,0.0574,0.1229,0.3610,0.4645,,0.1035,,59.46,,31.3,77.8,,0.063,0.605
1791428025.8150303,0.2991,0.4998,0.4302,0.4302,0.2991,0.6350,0.4302,0.4998,0.4302,0.2991,0.3646,0.1966,0.1966,0.0942,0.0246,0.0246,0.0246,,0.4625,,,,59.46,,31.0,88.8,,0.063,
1791428025.846634,0.5695,0.7006,0.5695,0.4998,0.4302,0.7006,0.5695,0.5695,0.3646,0.4302,0.0942,0.3646,0.4302,0.1229,0.0574,0.0369,0.0574,0.3600,0.4760,,0.1160,,59.14,,31.0,84.1,0.758,0.065,0.523
1791428025.8772314,0.3646,0.5695,0.6350,0.5695,0.4998,0.7538,0.5695,0.4998,0.5695,0.7006,0.1229,0.2991,0.3646,0.1557,0.0737,0.0246,0.0574,0.3600,0.4765,,0.1165,,59.59,,30.8,82.9,,0.064,0.529
1791428025.9102762,0.6350,0.7538,0.7538,0.6350,0.5695,0.8030,0.4998,0.6350,0.5695,0.4998,0.1557,0.4302,0.2458,0.0737,0.0942,0.0737,0.0410,0.3630,0.4770,,0.1140,,59.10,,30.5,80.1,,0.066,0.555
1791428025.944383,0.4998,0.4998,0.6350,0.4302,0.4302,0.8030,0.5695,0.2991,0.6350,0.4302,0.0942,0.2991,0.2991,0.2458,0.0737,0.0369,0.0574,0.3600,0.4780,,0.1180,,59.88,,31.8,78.0,,0.065,0.523
1791428025.9779294,0.5695,0.7006,0.7538,0.5695,0.4998,0.8030,0.6350,0.1557,0.6350,0.4998,0.4998,0.2458,0.2458,0.3646,0.0369,0.0369,0.0574,0.3610,0.4680,,0.1070,,60.56,,33.1,72.4,,0.063,0.426
1791428026.018787,0.5695,0.7006,0.4998,0.2458,0.4998,0.6350,0.5695,0.6350,0.3646,0.2991,0.0942,0.1557,0.1229,0.3646,0.0737,0.0369,0.0410,0.3690,0.4815,,0.1125,,61.42,,33.8,71.7,,0.061,
1791428026.050013,0.4302,0.7538,0.4998,0.4302,0.5695,0.8030,0.4998,0.1557,0.4302,0.1557,0.2991,0.2991,0.1229,0.1966,0.0205,0.0737,0.0737,0.3610,0.4750,,0.1140,,61.41,,35.3,86.8,,0.061,
1791428026.0814958,0.6350,0.7538,0.5695,0.7006,0.6350,0.8030,0.4998,0.1966,0.6350,0.2458,0.1229,0.2458,0.1557,0.0942,0.0410,0.0410,0.0737,0.3610,0.4635,,0.1025,,61.99,,35.9,81.0,,0.059,
1791428026.113687,0.4998,0.6350,0.7538,0.4998,0.6350,0.8030,0.5695,0.5695,0.5695,0.3646,0.2991,0.2458,0.1557,0.0942,0.0737,0.0410,0.0410,0.3600,0.4775,,0.1175,,60.99,,34.5,81.0,,0.062,0.579
1791428026.1452396,0.4998,0.7006,0.6350,0.4302,0.5695,0.7006,0.4998,0.4998,0.7538,0.2991,0.0574,0.1229,0.1229,0.1557,0.1229,0.0205,0.0369,0.3610,0.4780,,0.1170,,61.73,,34.3,82.2,,0.061,
1791428026.1775186,0.3646,0.5695,0.4998,0.2458,0.1966,0.7538,0.6350,0.5695,0.5695,0.3646,0.0737,0.3646,0.2458,0.1229,0.0369,0.0369,0.0410,0.3610,0.4645,,0.1035,,61.63,,34.1,78.9,,0.060,0.524
1791428026.2104146,0.4302,0.6350,0.5695,0.4302,0.3646,0.8030,0.7006,0.5695,0.5695,0.5695,0.1229,0.1557,0.1557,0.2991,0.0942,0.0942,0.0942,0.3670,0.4620,,0.0950,,63.12,,30.9,81.6,,0.055,0.501
1791428026.2449632,0.3646,0.2991,0.4302,0.1966,0.5695,0.4998,0.5695,0.5695,0.6350,0.4302,0.4302,0.1557,0.5695,0.0942,0.0410,0.0410,0.0574,0.3610,0.4755,,0.1145,,63.15,,31.1,95.9,,0.055,0.471
1791428026.2778451,0.4302,0.4998,0.4998,0.4302,0.4302,0.5695,0.4998,0.5695,0.5695,0.4302,0.0574,0.1229,0.4302,0.0942,0.0246,0.0410,0.0737,0.3610,0.4640,,0.1030,,63.45,,28.5,89.7,,0.054,0.517
1791428026.3108778,0.4998,0.7538,0.6350,0.4998,0.5695,0.7538,0.4302,0.4998,0.6350,0.1557,0.0737,0.1966,0.1557,0.2458,0.0574,0.0369,0.0574,0.3640,0.4655,,0.1015,,62.88,,29.5,88.5,,0.055,
1791428026.3511658,0.4998,0.5695,0.7006,0.7006,0.4998,0.7538,0.5695,0.1557,0.4998,0.4302,0.4302,0.1229,0.4998,0.0574,0.0369,0.0574,0.0942,0.3610,0.4760,,0.1150,,62.51,,30.2,103.7,,0.056,0.528
1791428026.382659,0.7538,0.6350,0.7538,0.4998,0.5695,0.7006,0.4998,0.2991,0.4998,0.4302,0.1229,0.4302,0.3646,0.0737,0.0410,0.0410,0.0574,0.3610,0.4755,,0.1145,,63.12,,30.0,95.6,0.631,0.056,0.515
1791428026.4140964,0.6350,0.6350,0.5695,0.3646,0.2991,0.7006,0.2991,0.4302,0.4302,0.3646,0.0942,0.3646,0.1557,0.1229,0.0574,0.0246,0.0574,0.3670,,,,,63.12,,30.0,95.6,,,
1791428026.445628,0.3646,0.5695,0.6350,0.4998,0.4998,0.2458,0.4998,0.1966,0.4998,0.4302,0.4302,0.1557,0.1229,0.0942,0.0737,0.0369,0.0410,0.3630,,,,,63.12,,30.0,95.6,,,
1791428026.4791205,0.4998,0.7538,0.7006,0.4302,0.4998,0.5695,0.4302,0.2458,0.5695,0.2991,0.0737,0.1966,0.3646,0.0205,0.0205,0.0369,0.0369,0.3610,0.4770,,0.1160,,63.01,,31.5,87.7,,0.056,
1791428026.5116897,0.6350,0.8030,0.7006,0.3646,0.5695,0.7006,0.3646,0.2991,0.4998,0.2458,0.0942,0.1966,0.1229,0.2458,0.0205,0.0246,0.0205,0.3610,0.4740,,0.1130,,63.20,,32.0,94.2,,0.056,
1791428026.5444992,0.6350,0.7538,0.8440,0.5695,0.4998,0.7006,0.4998,0.4998,0.5695,0.4998,0.0942,0.1966,0.1966,0.0574,0.0246,0.0574,0.0410,0.3600,0.4780,,0.1180,,62.28,,28.8,88.3,,0.059,0.519
1791428026.5787203,0.5695,0.6350,0.6350,0.6350,0.4302,0.6350,0.3646,0.4302,0.5695,0.5695,0.0942,0.3646,0.2458,0.0410,0.0942,0.0410,0.0410,0.3610,0.4745,,0.1135,,62.18,,30.1,83.5,,0.060,0.495
1791428026.6112611,0.4998,0.6350,0.7006,0.2991,0.4302,0.7006,0.4302,0.4302,0.2991,0.4302,0.1557,0.1557,0.1229,0.1966,0.0942,0.0369,0.0369,0.3610,0.4750,,0.1140,,61.38,,30.4,74.5,,0.062,0.433
1791428026.652314,0.5695,0.7006,0.7538,0.4302,0.4302,0.7006,0.4998,0.1229,0.5695,0.4998,0.0574,0.2458,0.0942,0.1966,0.0574,0.0574,0.0369,0.3610,0.4750,,0.1140,,60.68,,31.7,70.7,,0.064,0.484
1791428026.6838741,0.5695,0.7538,0.6350,0.7006,0.5695,0.7538,0.4998,0.3646,0.6350,0.4998,0.1557,0.1966,0.3646,0.1229,0.0942,0.0574,0.0737,0.3600,0.4745,,0.1145,,60.10,,33.0,67.1,,0.065,0.533
1791428026.7154949,0.4302,0.6350,0.7538,0.4302,0.5695,0.3646,0.4998,0.7006,0.7538,0.6350,0.4998,0.1229,0.1557,0.1557,0.0942,0.0246,0.0574,0.3600,0.4765,,0.1165,,60.17,,33.1,85.5,,0.065,0.565
1791428026.74619,0.5695,0.7006,0.8030,0.4998,0.5695,0.6350,0.6350,0.1557,0.4302,0.2458,0.0737,0.1557,0.2458,0.0410,0.0574,0.0410,0.0574,0.3600,0.4655,,0.1055,,59.30,,34.4,91.6,,0.067,
1791428026.7782786,0.5695,0.8030,0.5695,0.4998,0.4998,0.7538,0.6350,0.1229,0.5695,0.4302,0.0574,0.4302,0.2458,0.1557,0.0574,0.0410,0.0737,0.3610,0.4740,,0.1130,,58.70,,35.3,91.9,,0.068,0.494
1791428026.8113434,0.4998,0.6350,0.6350,0.4998,0.5695,0.7006,0.4302,0.2458,0.7538,0.4302,0.3646,0.2991,0.1966,0.1557,0.0574,0.0246,0.0410,0.3610,0.4720,,0.1110,,58.21,,36.3,106.3,,0.070,0.529
1791428026.845523,0.1966,0.4998,0.4302,0.7006,0.4998,0.6350,0.5695,0.1229,0.4302,0.4302,0.0574,0.1966,0.1229,0.2458,0.0410,0.0410,0.0410,,0.4750,,,,58.21,,37.1,99.8,,0.070,
1791428026.878995,0.4302,0.7006,0.5695,0.4998,0.7538,0.7538,0.6350,0.5695,0.5695,0.4302,0.1557,0.2991,0.2458,0.1966,0.1229,0.0246,0.0737,0.3610,0.4740,,0.1130,,58.57,,32.6,89.0,,0.069,0.475
1791428026.911279,0.5695,0.5695,0.6350,0.3646,0.5695,0.5695,0.5695,0.1557,0.3646,0.4302,0.1229,0.0942,0.1966,0.1229,0.0737,0.0574,0.0410,0.3610,0.4745,,0.1135,,58.76,,32.5,85.3,,0.068,0.514
1791428026.9515858,0.6350,0.6350,0.4998,0.6350,0.5695,0.6350,0.6350,0.1229,0.6350,0.4998,0.2991,0.3646,0.1229,0.0942,0.0737,0.0410,0.0410,0.3610,0.4710,,0.1100,,59.70,,33.1,78.1,,0.065,0.446
1791428026.9853172,0.4998,0.6350,0.7006,0.5695,0.5695,0.8030,0.4998,0.7006,0.4998,0.6350,0.0737,0.1966,0.1966,0.0369,0.0737,0.1229,0.0574,0.3610,0.4750,,0.1140,,59.26,,32.4,77.5,,0.067,0.504
1791428027.0160758,0.4998,0.8440,0.7006,0.5695,0.5695,0.5695,0.5695,0.1229,0.4998,0.4302,0.0942,0.1229,0.1229,0.1966,0.1557,0.0369,0.0574,0.3610,0.4755,,0.1145,,58.20,,33.1,80.2,,0.070,0.573
1791428027.0486763,0.4998,0.7538,0.4998,0.5695,0.5695,0.7538,0.6350,0.4998,0.7006,0.4302,0.4302,0.2991,0.1966,0.0737,0.0246,0.0410,0.0574,0.3610,0.4775,,0.1165,,58.30,,35.8,77.3,,0.070,0.477
1791428027.0794883,0.4302,0.4998,0.6350,0.1966,0.4998,0.7538,0.5695,0.4998,0.4998,0.4998,0.2991,0.0942,0.4302,0.0942,0.0410,0.0410,0.0737,0.3600,0.4750,,0.1150,,58.31,,35.2,72.5,,0.070,0.554
1791428027.112523,0.3646,0.8030,0.7538,0.4998,0.5695,0.6350,0.5695,0.5695,0.4302,0.2991,0.2458,0.2458,0.1966,0.0574,0.0369,0.0410,0.0574,0.3600,0.4725,,0.1125,,57.90,,34.0,72.8,,0.071,
1791428027.1449008,0.5695,0.8767,0.7538,0.4998,0.4998,0.8440,0.6350,0.6350,0.4998,0.4998,0.1557,0.2458,0.3646,0.0410,0.0737,0.0942,0.0574,0.3610,0.4720,,0.1110,,58.24,,33.6,74.6,,0.070,0.470
1791428027.1787984,0.5695,0.7006,0.8030,0.4998,0.4998,0.5695,0.4998,0.4998,0.4302,0.2991,0.0942,0.1966,0.1966,0.0737,0.1557,0.0574,0.0574,0.3610,0.4745,,0.1135,,58.16,,34.0,73.2,,0.070,
1791428027.212658,0.4302,0.6350,0.4998,0.4998,0.4302,0.7538,0.6350,0.2458,0.7006,0.3646,0.2991,0.2458,0.1966,0.0574,0.0369,0.1557,0.0574,0.3610,0.4740,,0.1130,,58.67,,35.2,73.5,,0.069,0.532
1791428027.254957,0.4302,0.4998,0.8030,0.6350,0.4998,0.7006,0.5695,0.7006,0.4998,0.4998,0.4302,0.1966,0.3646,0.1557,0.0574,0.0369,0.0410,0.3600,0.4780,,0.1180,,58.41,,34.1,88.8,,0.070,0.532
1791428027.2849092,0.4302,0.4998,0.4998,0.4998,0.4998,0.8440,0.7006,0.5695,0.4998,0.6350,0.0942,0.1966,0.2458,0.1557,0.0737,0.0410,0.0410,0.3610,0.4745,,0.1135,,59.48,,31.3,87.9,,0.067,0.492
1791428027.316575,0.7538,0.6350,0.7538,0.4998,0.4998,0.8440,0.4998,0.2458,0.6350,0.4998,0.4302,0.3646,0.2458,0.1229,0.0410,0.0410,0.0574,0.3600,0.4655,,0.1055,,59.11,,30.9,100.3,,0.067,0.536
1791428027.3480952,0.5695,0.6350,0.7006,0.4302,0.5695,0.7006,0.4302,0.1229,0.6350,0.3646,0.1229,0.2458,0.2991,0.2458,0.0942,0.1966,0.0369,0.3610,0.4720,,0.1110,,60.10,,31.2,96.5,,0.064,0.450
1791428027.379048,0.7006,0.7538,0.7538,0.4998,0.4998,0.7538,0.6350,0.2458,0.4998,0.4302,0.0942,0.2458,0.2991,0.1229,0.0737,0.0410,0.0574,0.3610,0.4760,,0.1150,,59.98,,32.4,87.0,,0.065,0.485
1791428027.4116533,0.6350,0.5695,0.4302,0.5695,0.4302,0.5695,0.4998,0.5695,0.5695,0.3646,0.1229,0.1557,0.4302,0.1229,0.0410,0.0205,0.0369,0.3610,0.4750,,0.1140,,60.04,,32.5,85.7,,0.065,0.486
1791428027.4462786,0.4998,0.6350,0.7006,0.4302,0.7538,0.6350,0.6350,0.1557,0.5695,0.5695,0.1229,0.1557,0.2458,0.0942,0.0737,0.0574,0.0574,0.3600,0.4760,,0.1160,,59.73,,33.6,84.8,,0.066,0.555
1791428027.4785671,0.7006,0.7006,0.6350,0.4998,0.4998,0.7006,0.6350,0.4302,0.3646,0.5695,0.2458,0.4302,0.3646,0.4302,0.1966,0.1229,0.0737,0.3600,0.4695,,0.1095,,59.03,,33.1,77.4,0.629,0.068,0.556
1791428027.512039,0.5695,0.8030,0.4998,0.4998,0.5695,0.6350,0.4998,0.4998,0.4998,0.4998,0.1966,0.1229,0.1966,0.0942,0.0410,0.1229,0.0369,0.3600,0.4655,,0.1055,,58.04,,29.8,72.3,,0.069,0.591
1791428027.554903,0.7538,0.5695,0.7006,0.5695,0.4998,0.7538,0.4302,0.4998,0.5695,0.4302,0.0942,0.2991,0.1229,0.4302,0.0737,0.0737,0.0410,0.3600,0.4770,,0.1170,,58.61,,27.2,71.1,,0.069,0.471
1791428027.5858076,0.3646,0.6350,0.7538,0.5695,0.4998,0.6350,0.5695,0.4302,0.2991,0.4998,0.1229,0.1557,0.1557,0.0410,0.0574,0.0246,0.0369,0.3610,0.4765,,0.1155,,58.07,,25.4,67.3,,0.070,0.462
1791428027.6167018,0.7538,0.5695,0.7538,0.6350,0.7538,0.8030,0.4998,0.7006,0.4998,0.5695,0.0942,0.1966,0.2991,0.0737,0.0942,0.0246,0.0410,0.3600,0.4740,,0.1140,,57.87,,26.1,68.9,,0.071,0.494
1791428027.6491122,0.4998,0.7006,0.8030,0.6350,0.4998,0.7006,0.6350,0.3646,0.3646,0.5695,0.0942,0.2458,0.3646,0.3646,0.1557,0.0369,0.0737,0.3600,0.4775,,0.1175,,58.35,,26.5,69.4,,0.070,0.535
1791428027.680533,0.7006,0.7006,0.5695,0.7538,0.4998,0.7538,0.6350,0.7538,0.5695,0.3646,0.4998,0.1557,0.1557,0.0410,0.0369,0.0246,0.0410,0.3600,0.4735,,0.1135,,58.00,,26.5,87.7,,0.071,0.539
1791428027.7120204,0.4302,0.7006,0.7006,0.6350,0.4302,0.4998,0.6350,0.5695,0.4998,0.3646,0.2458,0.2991,0.1966,0.2458,0.0574,0.0369,0.0246,0.3600,0.4705,,0.1105,,57.17,,24.7,101.0,,0.073,0.535
1791428027.7469532,0.7538,0.7006,0.7006,0.5695,0.6350,0.7006,0.5695,0.4998,0.4302,0.3646,0.2991,0.1557,0.1557,0.1966,0.1229,0.0246,0.0369,0.3600,0.4740,,0.1140,,56.75,,23.2,91.5,,0.074,0.515
1791428027.779498,0.5695,0.4998,0.7538,0.6350,0.6350,0.7006,0.5695,0.5695,0.3646,0.4998,0.0942,0.2458,0.1229,0.1229,0.0369,0.0942,0.0410,0.3610,0.4740,,0.1130,,57.03,,22.2,89.0,,0.074,0.561
1791428027.813264,0.3646,0.5695,0.8440,0.4998,0.5695,0.4998,0.6350,0.4998,0.4998,0.4302,0.0737,0.1229,0.1966,0.1966,0.0574,0.0942,0.0410,0.3600,0.4730,,0.1130,,56.78,,21.3,81.0,,0.074,0.588
1791428027.8551674,0.4998,0.6350,0.7538,0.5695,0.5695,0.7006,0.5695,0.6350,0.4302,0.3646,0.0737,0.3646,0.3646,0.1229,0.0369,0.0942,0.0574,0.3600,0.4720,,0.1120,,56.05,,20.5,81.0,0.705,0.076,0.551
1791428027.8871038,0.6350,0.5695,0.8440,0.7006,0.5695,0.6350,0.6350,0.4998,0.5695,0.4302,0.1557,0.1966,0.2458,0.4302,0.1229,0.0369,0.0574,0.3610,0.4755,,0.1145,,56.52,,21.7,79.9,,0.075,0.558
1791428027.9191346,0.6350,0.7006,0.8030,0.4998,0.5695,0.7538,0.7538,0.4998,0.3646,0.5695,0.0942,0.1557,0.1966,0.1966,0.0410,0.0410,0.0410,0.3610,0.4755,,0.1145,,57.88,,21.0,79.8,,0.071,0.553
1791428027.9508538,0.7006,0.5695,0.8767,0.5695,0.5695,0.6350,0.6350,0.1557,0.3646,0.3646,0.0942,0.1966,0.1229,0.1557,0.0410,0.0410,0.0369,0.3600,0.4740,,0.1140,,57.98,,21.4,84.1,,0.071,0.544
1791428027.9812644,0.4998,0.7538,0.8030,0.7538,0.4998,0.8030,0.6350,0.4998,0.4998,0.4302,0.0942,0.1557,0.2991,0.1229,0.0942,0.0574,0.0369,0.3600,0.4750,,0.1150,,57.76,,24.0,82.7,,0.072,0.559
1791428028.0141375,0.4998,0.4998,0.8767,0.4302,0.3646,0.7538,0.7006,0.1229,0.4302,0.4998,0.1557,0.3646,0.1966,0.0942,0.0574,0.0369,0.0410,0.3600,0.4655,,0.1055,,57.07,,24.4,80.1,,0.073,0.552
1791428028.0459282,0.5695,0.8030,0.7006,0.7006,0.4998,0.7538,0.4998,0.1557,0.7006,0.1966,0.1966,0.1229,0.1557,0.1557,0.0369,0.0205,0.0246,0.3600,0.4765,,0.1165,,57.64,,24.8,73.4,,0.072,
1791428028.0791373,0.7006,0.5695,0.7538,0.6350,0.5695,0.8440,0.5695,0.1229,0.6350,0.2991,0.0737,0.4302,0.4302,0.0574,0.0410,0.0369,0.0410,0.3610,0.4755,,0.1145,,57.14,,25.3,71.7,0.722,0.073,
1791428028.1129756,0.7006,0.7538,0.7538,0.4998,0.5695,0.7006,0.7538,0.5695,0.5695,0.1966,0.3646,0.2991,0.1229,0.1966,0.0574,0.0369,0.0410,0.3610,0.4745,,0.1135,,57.82,,27.4,88.3,,0.071,1.298
1791428028.146247,0.5695,0.5695,0.8030,0.4302,0.4998,0.7538,0.4998,0.1557,0.3646,0.4302,0.2458,0.1229,0.1557,0.2991,0.0737,0.0410,0.0574,0.3600,0.4755,,0.1155,,58.21,,27.9,86.2,,0.071,0.508
1791428028.179734,0.7006,0.6350,0.7006,0.5695,0.3646,0.7006,0.5695,0.6350,0.4998,0.5695,0.1557,0.2458,0.2991,0.0574,0.0737,0.0410,0.0574,0.3600,0.4735,,0.1135,,58.08,,28.0,87.1,,0.071,0.517
1791428028.2186303,0.7006,0.6350,0.7538,0.5695,0.4998,0.7538,0.5695,0.1229,0.4998,0.3646,0.2458,0.2458,0.1966,0.1966,0.0369,0.0410,0.0410,0.3600,0.4760,,0.1160,,57.54,,28.3,102.5,,0.073,0.591
1791428028.249956,0.5695,0.6350,0.4998,0.6350,0.4302,0.7538,0.5695,0.1229,0.6350,0.4302,0.1229,0.1557,0.2458,0.2991,0.0410,0.0410,0.0737,0.3600,0.4765,,0.1165,,57.63,,29.1,97.6,,0.073,0.554
1791428028.281394,0.7006,0.7006,0.8767,0.4998,0.7006,0.7538,0.5695,0.6350,0.5695,0.2991,0.1966,0.2458,0.1966,0.0737,0.0574,0.0574,0.0410,0.3610,0.4725,,0.1115,,58.07,,30.6,89.4,,0.071,
1791428028.3129148,0.4998,0.7006,0.4998,0.5695,0.4998,0.7006,0.7006,0.4302,0.4302,0.5695,0.1229,0.1557,0.1229,0.1557,0.0410,0.0410,0.0410,0.3610,0.4765,,0.1155,,56.79,,30.7,85.2,,0.075,0.645
1791428028.3473103,0.5695,0.6350,0.7006,0.8030,0.4998,0.7006,0.4998,0.1229,0.3646,0.1966,0.0737,0.2458,0.2991,0.1229,0.0737,0.0246,0.0369,0.3610,0.4765,,0.1155,,57.53,,31.8,84.4,,0.073,
1791428028.3803523,0.4998,0.7006,0.7538,0.6350,0.3646,0.6350,0.5695,0.4998,0.3646,0.4998,0.1229,0.1966,0.2458,0.2991,0.1229,0.0942,0.0410,0.3600,0.4715,,0.1115,,56.63,,28.3,81.7,,0.075,0.503
1791428028.4131644,0.4302,0.4998,0.7006,0.6350,0.4998,0.7538,0.5695,0.1966,0.4998,0.4302,0.1229,0.2458,0.2991,0.1229,0.0942,0.0410,0.0574,0.3610,0.4770,,0.1160,,56.11,,28.5,78.7,,0.077,0.585
1791428028.4472818,0.5695,0.7538,0.4998,0.6350,0.6350,0.8440,0.6350,0.1557,0.5695,0.4998,0.4302,0.1966,0.1966,0.1557,0.0737,0.0369,0.0410,0.3610,0.4750,,0.1140,,56.92,,29.2,76.6,,0.074,0.421
1791428028.4871972,0.5695,0.7006,0.8030,0.5695,0.4998,0.6350,0.5695,0.5695,0.6350,0.4302,0.4302,0.2458,0.1966,0.0574,0.0574,0.0410,0.0737,0.3610,0.4760,,0.1150,,56.75,,29.6,74.9,,0.075,0.455
1791428028.5183372,0.4302,0.7538,0.7538,0.8440,0.5695,0.8030,0.7538,0.4998,0.4302,0.4998,0.1557,0.3646,0.2991,0.1229,0.0574,0.0369,0.0574,0.3600,0.4750,,0.1150,,56.59,,29.5,76.8,,0.076,0.618
1791428028.5507393,0.5695,0.7538,0.7006,0.8030,0.6350,0.7006,0.4998,0.6350,0.7006,0.4998,0.1229,0.2458,0.1966,0.1966,0.0205,0.0942,0.0574,0.3610,0.4740,,0.1130,,56.44,,30.3,74.0,,0.076,0.526
1791428028.58123,0.4998,0.6350,0.6350,0.5695,0.2991,0.6350,0.7006,0.4998,0.4302,0.2991,0.0574,0.1966,0.1229,0.0410,0.0737,0.0574,0.0369,0.3610,0.4750,,0.1140,,56.91,,30.1,74.1,,0.074,
1791428028.6133778,0.5695,0.7538,0.8030,0.6350,0.6350,0.7006,0.6350,0.7006,0.4302,0.4302,0.0942,0.3646,0.1557,0.1557,0.0246,0.0369,0.0410,0.3600,0.4710,,0.1110,,56.47,,31.2,74.6,,0.075,0.636
1791428028.6477659,0.5695,0.8030,0.8440,0.8440,0.7006,0.7538,0.5695,0.7006,0.5695,0.5695,0.1557,0.4302,0.3646,0.1966,0.1557,0.0410,0.0737,0.3600,0.4740,,0.1140,,57.56,,30.7,76.8,0.398,0.072,0.427
1791428028.6803887,0.4998,0.7538,0.8030,0.7538,0.6350,0.5695,0.7006,0.1966,0.6350,0.4998,0.0942,0.1966,0.4998,0.0737,0.0369,0.0246,0.0369,0.3610,0.4765,,0.1155,,57.14,,31.0,78.0,,0.074,0.515
1791428028.713916,0.5695,0.7538,0.6350,0.4998,0.5695,0.8030,0.5695,0.5695,0.2458,0.5695,0.2458,0.2991,0.3646,0.2458,0.1229,0.0369,0.0369,0.3610,0.4765,,0.1155,,57.75,,30.6,74.7,,0.072,0.565
1791428028.7549617,0.5695,0.2991,0.6350,0.7006,0.6350,0.7006,0.6350,0.5695,0.4998,0.6350,0.0942,0.1557,0.1557,0.0942,0.0410,0.0246,0.0574,0.3610,0.4775,,0.1165,,57.61,,30.8,75.5,,0.073,0.575
1791428028.786268,0.4302,0.7006,0.8440,0.7006,0.6350,0.8030,0.6350,0.1229,0.7006,0.1966,0.1966,0.1557,0.2458,0.2458,0.0942,0.0410,0.0574,0.3600,0.4735,,0.1135,,57.42,,32.7,77.5,,0.073,
1791428028.8178334,0.4302,0.4998,0.7538,0.7006,0.4302,0.7006,0.4998,0.2458,0.5695,0.5695,0.4302,0.1966,0.1557,0.1229,0.0574,0.0410,0.0737,0.3600,0.4765,,0.1165,,56.44,,34.3,73.2,,0.076,0.511
1791428028.849224,0.5695,0.5695,0.8440,0.7538,0.5695,0.8440,0.7006,0.1557,0.7006,0.3646,0.1966,0.2991,0.3646,0.4302,0.1229,0.0574,0.0942,0.3600,0.4765,,0.1165,,56.96,,35.2,74.0,,0.075,0.576
1791428028.879957,0.7538,0.7538,0.6350,0.5695,0.5695,0.8030,0.7538,0.5695,0.4998,0.2991,0.0942,0.2458,0.2458,0.2991,0.0942,0.0246,0.0410,0.3600,0.4765,,0.1165,,56.92,,35.2,74.1,,0.075,
1791428028.9143867,0.7538,0.6350,0.8030,0.7538,0.7006,0.7538,0.4302,0.6350,0.4998,0.3646,0.0737,0.1966,0.4302,0.1966,0.0737,0.0205,0.0369,0.3600,0.4770,,0.1170,,57.00,,31.2,76.8,,0.075,0.553
1791428028.9477148,0.5695,0.7006,0.8030,0.7006,0.4998,0.7006,0.5695,0.5695,0.4302,0.4302,0.0942,0.1966,0.2458,0.2458,0.0942,0.1557,0.0942,0.3600,0.4750,,0.1150,,57.04,,32.5,82.3,,0.075,0.649
1791428028.981064,0.7006,0.7006,0.7538,0.6350,0.5695,0.7538,0.6350,0.6350,0.3646,0.4302,0.1229,0.3646,0.0942,0.0942,0.1557,0.0410,0.0574,0.3600,0.4750,,0.1150,,56.48,,31.7,82.8,,0.076,0.542
1791428029.0219085,0.1966,0.4302,0.3646,0.4302,0.5695,0.7538,0.4998,0.5695,0.4998,0.4998,0.1557,0.1229,0.2991,0.1557,0.1229,0.0942,0.0410,,0.4770,,,,56.48,,31.2,81.6,,0.076,
1791428029.0532923,0.7006,0.7006,0.7006,0.5695,0.6350,0.8440,0.6350,0.5695,0.5695,0.4998,0.0737,0.2991,0.1966,0.3646,0.0369,0.0410,0.0369,0.3600,0.4750,,0.1150,,57.22,,32.1,91.5,,0.074,0.587
1791428029.0848396,0.6350,0.8030,0.7006,0.5695,0.8440,0.8030,0.4998,0.2458,0.3646,0.5695,0.1966,0.2991,0.2991,0.3646,0.1229,0.0942,0.0942,0.3610,0.4795,,0.1185,,58.23,,32.8,84.3,,0.072,0.586
1791428029.1160867,0.4998,0.6350,0.7538,0.6350,0.4998,0.7006,0.4998,0.5695,0.5695,0.5695,0.4302,0.1966,0.1966,0.2991,0.0246,0.0574,0.0574,0.3600,0.4720,,0.1120,,57.11,,31.7,98.0,,0.074,0.589
1791428029.147823,0.5695,0.7538,0.7538,0.6350,0.7006,0.7538,0.5695,0.3646,0.4998,0.4998,0.1557,0.2458,0.2991,0.2991,0.1229,0.0410,0.0737,0.3600,0.4790,,0.1190,,57.83,,34.8,93.3,,0.073,0.537
1791428029.1813188,0.5695,0.6350,0.8440,0.6350,0.6350,0.7006,0.6350,0.4302,0.4998,0.3646,0.1229,0.1966,0.1557,0.4998,0.0410,0.1966,0.0574,0.3610,0.4735,,0.1125,,57.44,,34.3,89.9,,0.074,0.518
1791428029.214987,0.5695,0.7006,0.7006,0.6350,0.5695,0.7538,0.5695,0.5695,0.5695,0.4302,0.0737,0.2991,0.1966,0.0942,0.0574,0.0369,0.0410,0.3600,0.4725,,0.1125,,57.08,,33.7,84.6,,0.074,0.564
1791428029.2486997,0.4998,0.4302,0.5695,0.7006,0.7538,0.7538,0.6350,0.5695,0.5695,0.5695,0.0737,0.1966,0.1966,0.1229,0.0942,0.0410,0.0574,0.3600,0.4755,,0.1155,,57.49,,33.0,86.8,,0.073,0.504
1791428029.2909627,0.7006,0.8030,0.7538,0.7006,0.6350,0.8030,0.8030,0.6350,0.5695,0.5695,0.0942,0.2458,0.3646,0.2991,0.1229,0.0246,0.0410,0.3600,0.4660,,0.1060,,57.51,,32.0,86.1,,0.072,0.592
1791428029.3221595,0.7538,0.6350,0.7006,0.7006,0.7538,0.7006,0.6350,0.5695,0.4302,0.4998,0.1229,0.1229,0.1557,0.0737,0.0410,0.0246,0.0410,0.3610,0.4765,,0.1155,,57.51,,32.1,85.1,,0.072,0.601
1791428029.3532977,0.5695,0.8030,0.8030,0.6350,0.5695,0.7006,0.5695,0.5695,0.4998,0.5695,0.0942,0.1229,0.1557,0.2458,0.0737,0.0410,0.0737,0.3610,0.4730,,0.1120,,57.91,,31.4,86.1,,0.071,0.548
1791428029.3848653,0.6350,0.7006,0.7006,0.5695,0.6350,0.8440,0.5695,0.5695,0.4998,0.2458,0.2991,0.1557,0.1229,0.1966,0.0369,0.0164,0.0369,0.3600,0.4760,,0.1160,,57.29,,28.9,99.4,,0.073,
1791428029.4165723,0.6350,0.7006,0.7538,0.7006,0.7006,0.4998,0.5695,0.4302,0.7538,0.2458,0.0942,0.2991,0.4302,0.1557,0.0942,0.0942,0.0410,0.3600,0.4775,,0.1175,,57.42,,29.5,90.1,,0.073,
1791428029.4484532,0.6350,0.7538,0.8767,0.4998,0.6350,0.4302,0.7006,0.7006,0.5695,0.5695,0.1557,0.4302,0.4302,0.0574,0.0369,0.0410,0.0410,0.3610,0.4650,,0.1040,,57.46,,29.2,87.0,0.508,0.072,0.527
1791428029.4812074,0.2458,0.7006,0.3646,0.6350,0.5695,0.7538,0.5695,0.1229,0.2991,0.4302,0.1966,0.1557,0.2991,0.2458,0.0737,0.0410,0.0410,,0.4710,,,,57.46,,30.5,78.6,,0.072,
1791428029.5143127,0.4302,0.7538,0.8030,0.5695,0.5695,0.5695,0.7006,0.1229,0.4302,0.3646,0.1229,0.1557,0.1557,0.1557,0.0410,0.0369,0.0574,0.3610,0.4745,,0.1135,,57.51,,31.4,73.5,,0.072,0.539
1791428029.5485427,0.5695,0.6350,0.7538,0.7538,0.4998,0.6350,0.7538,0.4998,0.5695,0.4302,0.1229,0.1966,0.4998,0.1229,0.0369,0.0369,0.0369,0.3610,0.4650,,0.1040,,56.52,,28.1,77.0,,0.073,0.646
1791428029.5817678,0.7538,0.6350,0.8767,0.6350,0.6350,0.7538,0.6350,0.1557,0.4998,0.5695,0.1229,0.1966,0.2991,0.4302,0.0942,0.0369,0.0410,0.3600,0.4750,,0.1150,,56.50,,28.8,79.8,,0.074,0.514
1791428029.61547,0.4302,0.7006,0.7006,0.6350,0.5695,0.3646,0.6350,0.6350,0.6350,0.4998,0.4302,0.4302,0.1557,0.3646,0.0369,0.0410,0.0574,0.3600,0.4745,,0.1145,,56.44,,29.7,77.2,,0.074,0.447
1791428029.655873,0.6350,0.7006,0.8030,0.5695,0.5695,0.8030,0.5695,0.6350,0.2991,0.4998,0.1229,0.1966,0.3646,0.1966,0.1229,0.0410,0.0737,0.3600,0.4755,,0.1155,,56.55,,27.0,77.8,,0.075,0.537
1791428029.6874142,0.5695,0.7538,0.8030,0.6350,0.5695,0.7006,0.6350,0.5695,0.4998,0.4998,0.0737,0.3646,0.3646,0.1557,0.0369,0.0942,0.0737,0.3600,0.4755,,0.1155,,56.09,,28.4,78.8,0.636,0.076,0.627
1791428029.7183309,0.7006,0.6350,0.5695,0.3646,0.7006,0.3646,0.6350,0.4998,0.7538,0.3646,0.1229,0.2991,0.2991,0.2458,0.0205,0.0246,0.0369,0.3610,0.4735,,0.1125,,56.29,,28.1,80.6,,0.076,0.539
1791428029.7495291,0.4302,0.6350,0.8030,0.4998,0.6350,0.7538,0.6350,0.4998,0.4998,0.2991,0.0737,0.2458,0.2458,0.1966,0.0410,0.0410,0.0574,0.3600,0.4755,,0.1155,,56.11,,29.0,78.2,,0.076,
1791428029.7829995,0.6350,0.7538,0.8030,0.3646,0.6350,0.7006,0.7006,0.4302,0.4998,0.3646,0.1557,0.5695,0.1966,0.2458,0.0574,0.0369,0.0410,0.3600,0.4675,,0.1075,,56.77,,29.0,78.7,,0.074,0.587
1791428029.8152266,0.6350,0.8030,0.4998,0.5695,0.5695,0.7538,0.6350,0.2458,0.7538,0.4302,0.2991,0.2458,0.3646,0.1229,0.0942,0.0369,0.0246,0.3600,0.4775,,0.1175,,56.89,,29.6,75.4,,0.074,0.569
1791428029.8481827,0.4302,0.7006,0.7538,0.4302,0.4302,0.8030,0.6350,0.4998,0.2991,0.3646,0.0942,0.3646,0.2458,0.1966,0.0369,0.0246,0.0369,0.3600,0.4730,,0.1130,,55.79,,30.6,75.5,,0.077,0.611
1791428029.8816774,0.8030,0.4998,0.7006,0.7538,0.6350,0.8440,0.6350,0.1229,0.6350,0.5695,0.1557,0.2458,0.4302,0.0737,0.0942,0.0369,0.0246,0.3600,0.4750,,0.1150,,56.05,,31.3,75.3,,0.077,0.634
1791428029.9157033,0.7006,0.7006,0.6350,0.6350,0.6350,0.6350,0.7006,0.4998,0.4998,0.5695,0.1229,0.1557,0.2458,0.1229,0.0574,0.0369,0.0737,0.3600,0.4800,,0.1200,,57.04,,28.8,78.0,,0.075,0.599
1791428029.9544249,0.7006,0.4998,0.7006,0.4998,0.6350,0.7538,0.4998,0.1229,0.7006,0.6350,0.2458,0.1557,0.1966,0.1229,0.0737,0.0737,0.0574,0.3600,0.4755,,0.1155,,57.29,,30.0,81.5,,0.074,0.617
1791428029.9865792,0.4998,0.3646,0.8440,0.4998,0.5695,0.7006,0.4302,0.1229,0.4998,0.4998,0.1229,0.2458,0.2458,0.1229,0.0574,0.0410,0.0246,0.3600,0.4765,,0.1165,,57.69,,30.0,82.4,,0.073,0.561
1791428030.0183575,0.5695,0.7006,0.6350,0.6350,0.6350,0.5695,0.4998,0.1229,0.5695,0.4302,0.4302,0.2458,0.1229,0.1966,0.0574,0.0410,0.0369,0.3600,0.4770,,0.1170,,57.04,,30.8,95.4,,0.075,0.659
1791428030.050009,0.5695,0.4998,0.6350,0.7538,0.5695,0.8030,0.5695,0.5695,0.4998,0.4302,0.1557,0.2458,0.2991,0.1557,0.0737,0.1557,0.0574,0.3600,0.4770,,0.1170,,57.43,,32.7,90.8,,0.074,0.515
1791428030.0816371,0.4302,0.5695,0.7538,0.4998,0.3646,0.6350,0.2991,0.6350,0.4998,0.4998,0.1229,0.1557,0.2991,0.1966,0.0574,0.0246,0.0410,0.3610,,,,,57.43,,32.7,90.8,,,
1791428030.1169636,0.4998,0.4998,0.7006,0.6350,0.3646,0.7006,0.5695,0.4998,0.4998,0.6350,0.1229,0.1229,0.1557,0.0737,0.0369,0.0246,0.0410,0.3600,0.4760,,0.1160,,56.48,,31.6,87.8,,0.077,0.646
1791428030.1487172,0.7006,0.4998,0.7006,0.4998,0.6350,0.7538,0.6350,0.4998,0.3646,0.4998,0.0942,0.1229,0.1966,0.0574,0.0574,0.0410,0.0410,0.3600,0.4735,,0.1135,,55.42,,31.4,83.3,,0.080,0.628
1791428030.1827211,0.5695,0.7538,0.7006,0.4998,0.4302,0.5695,0.4998,0.1229,0.2458,0.5695,0.1966,0.1557,0.1557,0.1966,0.0574,0.0369,0.0369,0.3610,0.4745,,0.1135,,54.19,,32.8,85.2,,0.083,0.635
1791428030.2240741,0.2991,0.5695,0.8030,0.6350,0.6350,0.7538,0.4302,0.1557,0.6350,0.3646,0.0737,0.4998,0.4998,0.0574,0.0246,0.0737,0.0369,,0.4650,,,,54.19,,34.1,85.2,0.764,0.083,
1791428030.2570956,0.6350,0.4998,0.8767,0.7006,0.4998,0.8440,0.6350,0.4998,0.3646,0.6350,0.1229,0.3646,0.3646,0.1966,0.0737,0.0942,0.0369,0.3610,0.4755,,0.1145,,54.87,,35.0,82.6,0.549,0.081,0.542
1791428030.287883,0.6350,0.5695,0.8030,0.7006,0.4998,0.7006,0.8030,0.1557,0.4998,0.4998,0.4302,0.2458,0.2458,0.0737,0.0574,0.0246,0.0574,0.3600,0.4735,,0.1135,,55.51,,37.3,76.3,,0.079,0.465
1791428030.3200274,0.7006,0.4302,0.9054,0.7538,0.7006,0.8030,0.4998,0.3646,0.6350,0.5695,0.1229,0.1557,0.1966,0.2458,0.0410,0.0246,0.0369,0.3610,0.4775,,0.1165,,55.42,,38.2,76.6,,0.079,0.600
1791428030.3510249,0.5695,0.4998,0.7006,0.5695,0.6350,0.8030,0.6350,0.4998,0.4302,0.4302,0.1557,0.1966,0.1557,0.1966,0.0942,0.0246,0.0369,0.3600,0.4660,,0.1060,,55.11,,36.1,71.1,,0.079,0.575
1791428030.3828504,0.5695,0.6350,0.8030,0.4302,0.5695,0.6350,0.4998,0.1557,0.4302,0.4998,0.0942,0.2991,0.1557,0.0737,0.0574,0.0410,0.0574,0.3600,0.4780,,0.1180,,55.66,,37.4,68.4,,0.078,0.567
1791428030.4160976,0.5695,0.4998,0.8440,0.8030,0.5695,0.7538,0.4998,0.1229,0.5695,0.4998,0.1229,0.1557,0.2458,0.3646,0.0942,0.0369,0.0737,0.3600,0.4650,,0.1050,,55.05,,38.1,74.1,,0.079,0.637
1791428030.4486313,0.4998,0.4302,0.8030,0.5695,0.7006,0.6350,0.5695,0.1557,0.4998,0.3646,0.3646,0.2991,0.2458,0.1966,0.0410,0.0737,0.0410,0.3610,0.4625,,0.1015,,54.91,,38.1,72.2,,0.077,0.454
1791428030.4837525,0.4998,0.6350,0.6350,0.6350,0.6350,0.7006,0.7006,0.4998,0.4998,0.6350,0.0942,0.1966,0.1966,0.1966,0.0369,0.1229,0.0410,0.3600,0.4650,,0.1050,,54.54,,36.3,72.2,,0.078,0.596
1791428030.5244794,0.5695,0.7006,0.8440,0.7006,0.4998,0.7538,0.6350,0.0942,0.5695,0.3646,0.1229,0.1966,0.3646,0.0942,0.0737,0.0574,0.0369,0.3600,0.4665,,0.1065,,55.29,,37.3,70.0,,0.075,0.519
1791428030.556846,0.4998,0.5695,0.7538,0.6350,0.4302,0.7006,0.6350,0.2991,0.4302,0.2991,0.4998,0.1966,0.1229,0.1229,0.0737,0.1229,0.0737,0.3600,0.4670,,0.1070,,55.45,,37.5,84.4,,0.075,1.430
1791428030.5878212,0.6350,0.6350,0.4998,0.4998,0.5695,0.7006,0.4998,0.2458,0.5695,0.4998,0.1229,0.1966,0.1966,0.1557,0.0574,0.1229,0.0942,0.3600,0.4775,,0.1175,,56.47,,37.7,79.7,,0.073,0.543
1791428030.6204493,0.5695,0.4998,0.7538,0.7006,0.7006,0.7006,0.6350,0.5695,0.6350,0.5695,0.0942,0.1557,0.1229,0.1966,0.0369,0.0574,0.0410,0.3620,0.4780,,0.1160,,57.56,,37.2,79.1,,0.071,0.554
1791428030.6520424,0.6350,0.4998,0.8767,0.7538,0.4998,0.7006,0.7006,0.4302,0.4302,0.2991,0.3646,0.3646,0.3646,0.0737,0.0369,0.0246,0.0205,0.3600,0.4770,,0.1170,,57.22,,35.7,93.4,0.752,0.072,1.411
1791428030.6839106,0.4998,0.7006,0.7538,0.6350,0.8030,0.7538,0.7006,0.0942,0.5695,0.3646,0.0942,0.2458,0.4302,0.2991,0.0410,0.0737,0.0410,0.3610,0.4780,,0.1170,,58.43,,37.0,92.9,,0.070,0.565
1791428030.715842,0.4998,0.6350,0.7538,0.5695,0.6350,0.7538,0.5695,0.1229,0.5695,0.5695,0.0737,0.1966,0.1557,0.0205,0.0205,0.0574,0.0737,0.3600,0.4795,,0.1195,,58.07,,38.6,92.2,,0.071,0.592
1791428030.7497127,0.4302,0.4998,0.7538,0.4302,0.5695,0.4302,0.5695,0.4998,0.4302,0.3646,0.4998,0.1966,0.1966,0.2991,0.0574,0.0410,0.0205,0.3600,0.4730,,0.1130,,57.93,,36.1,103.8,,0.072,0.612
1791428030.7833924,0.4302,0.7538,0.8030,0.6350,0.3646,0.6350,0.6350,0.6350,0.5695,0.4998,0.0737,0.2991,0.1966,0.1229,0.0574,0.0369,0.0574,0.3600,0.4800,,0.1200,,58.09,,34.2,96.1,,0.072,0.497
1791428030.8166108,0.5695,0.4302,0.8030,0.7006,0.4302,0.8030,0.7006,0.2991,0.4998,0.6350,0.4302,0.1557,0.1229,0.2458,0.0737,0.0205,0.0369,0.3610,0.4765,,0.1155,,58.47,,34.2,107.7,,0.071,0.550
1791428030.8570263,0.6350,0.4302,0.8030,0.6350,0.6350,0.7006,0.5695,0.2458,0.4998,0.1966,0.0574,0.1966,0.1229,0.1557,0.0205,0.0369,0.0369,0.3600,0.4660,,0.1060,,58.16,,35.3,110.4,,0.071,
1791428030.8887684,0.5695,0.5695,0.8440,0.5695,0.4302,0.7538,0.6350,0.4998,0.6350,0.4998,0.1229,0.1966,0.1966,0.1557,0.0410,0.0205,0.0164,0.3600,0.4765,,0.1165,,57.90,,31.3,101.6,,0.072,0.588
1791428030.9189947,0.5695,0.7006,0.6350,0.7006,0.4998,0.7538,0.8030,0.7006,0.4302,0.5695,0.1966,0.2991,0.2991,0.0942,0.1557,0.0369,0.0410,0.3600,0.4710,,0.1110,,57.69,,31.8,94.7,,0.072,0.510
1791428030.9507525,0.6350,0.4998,0.8030,0.7006,0.4998,0.7006,0.6350,0.1966,0.4998,0.4302,0.3646,0.2458,0.2458,0.1229,0.0574,0.0737,0.0410,0.3600,0.4745,,0.1145,,56.82,,33.6,107.1,,0.074,0.627
1791428030.9842591,0.4302,0.5695,0.7006,0.7006,0.5695,0.7538,0.7538,0.1229,0.4998,0.3646,0.2991,0.3646,0.1966,0.1557,0.0574,0.0410,0.0574,0.3600,0.4765,,0.1165,,56.65,,34.6,116.6,,0.075,0.583
1791428031.0170927,0.5695,0.5695,0.7538,0.7006,0.5695,0.7006,0.6350,0.2458,0.4998,0.5695,0.0737,0.1557,0.2991,0.1557,0.0737,0.0246,0.0205,0.3600,0.4780,,0.1180,,57.07,,35.9,117.1,,0.074,0.569
1791428031.050488,0.6350,0.7538,0.8030,0.5695,0.7006,0.8030,0.5695,0.5695,0.7538,0.2458,0.4998,0.4302,0.2458,0.1557,0.0246,0.0574,0.0737,0.3600,0.4755,,0.1155,,56.36,,34.8,125.8,,0.077,1.377
1791428031.0834193,0.5695,0.3646,0.8440,0.5695,0.6350,0.7006,0.7006,0.2458,0.6350,0.2458,0.0942,0.2991,0.2991,0.3646,0.0737,0.0942,0.0574,0.3600,0.4750,,0.1150,,56.25,,36.5,119.8,,0.077,
1791428031.124706,0.7006,0.7006,0.7538,0.7538,0.6350,0.7538,0.4998,0.1229,0.4302,0.3646,0.1229,0.1557,0.2458,0.0574,0.0737,0.0574,0.0737,0.3600,0.4745,,0.1145,,56.51,,38.4,112.4,,0.076,0.599
1791428031.1561563,0.5695,0.4998,0.8767,0.4302,0.6350,0.7538,0.5695,0.1966,0.4998,0.4302,0.0737,0.4302,0.1966,0.1229,0.1229,0.0369,0.0369,0.3600,0.4655,,0.1055,,56.48,,40.4,117.6,,0.075,0.632
1791428031.1868148,0.5695,0.5695,0.7538,0.6350,0.6350,0.4998,0.4998,0.1557,0.4998,0.3646,0.3646,0.1557,0.1966,0.0942,0.0737,0.0246,0.0205,0.3600,0.4765,,0.1165,,56.99,,42.2,125.4,,0.074,0.588
1791428031.2185135,0.5695,0.4302,0.7538,0.5695,0.6350,0.3646,0.6350,0.4998,0.4998,0.3646,0.2991,0.1966,0.1229,0.0574,0.0737,0.0942,0.0574,0.3600,0.4760,,0.1160,,56.20,,38.3,129.4,,0.076,0.563
1791428031.250152,0.5695,0.5695,0.8440,0.4302,0.4998,0.5695,0.7006,0.1557,0.6350,0.5695,0.2458,0.1229,0.4302,0.1229,0.0246,0.0410,0.0574,0.3600,0.4765,,0.1165,,56.35,,38.2,122.0,,0.076,0.643
1791428031.2841716,0.4998,0.6350,0.8440,0.5695,0.6350,0.7538,0.6350,0.6350,0.4998,0.4998,0.1229,0.2991,0.3646,0.1557,0.0737,0.0246,0.0737,0.3600,0.4775,,0.1175,,56.81,,35.3,115.6,,0.075,0.526
1791428031.3165271,0.4998,0.7538,0.8030,0.4998,0.5695,0.8030,0.6350,0.5695,0.4302,0.4998,0.1557,0.2991,0.1557,0.0737,0.0574,0.1557,0.0942,0.3600,0.4650,,0.1050,,56.47,,35.0,103.3,,0.075,0.559
1791428031.350304,0.4998,0.6350,0.8440,0.7006,0.3646,0.6350,0.6350,0.1229,0.4302,0.4998,0.1557,0.1557,0.2991,0.1229,0.0942,0.0410,0.0246,0.3600,0.4740,,0.1140,,56.40,,35.0,101.3,,0.075,0.511
1791428031.3839862,0.7538,0.6350,0.7538,0.4998,0.4998,0.7006,0.4998,0.1966,0.4302,0.5695,0.0942,0.2991,0.1966,0.1229,0.0205,0.0410,0.0574,0.3600,0.4735,,0.1135,,56.09,,35.9,95.9,,0.076,0.575
1791428031.4232142,0.2458,0.6350,0.7538,0.4998,0.6350,0.4998,0.7006,0.5695,0.4302,0.4998,0.0942,0.1557,0.1557,0.1557,0.0574,0.0410,0.0410,,0.4740,,,,56.09,,35.1,92.2,,0.076,
1791428031.4556882,0.5695,0.8440,0.6350,0.7006,0.4998,0.6350,0.6350,0.5695,0.4302,0.5695,0.0737,0.2991,0.2458,0.1557,0.0410,0.0737,0.0737,0.3600,0.4745,,0.1145,,55.54,,34.3,84.5,,0.078,0.562
1791428031.4877782,0.6350,0.7538,0.8767,0.7538,0.5695,0.6350,0.5695,0.1557,0.3646,0.4998,0.2458,0.1557,0.2991,0.1557,0.0574,0.0369,0.0410,0.3600,0.4760,,0.1160,,57.28,,34.4,79.6,,0.073,0.569
1791428031.520081,0.7006,0.7006,0.7538,0.7538,0.5695,0.8030,0.5695,0.1966,0.6350,0.3646,0.4302,0.1557,0.1966,0.1557,0.0369,0.0369,0.0369,0.3600,0.4770,,0.1170,,57.32,,36.2,99.2,,0.074,0.575
1791428031.551014,0.5695,0.4998,0.8030,0.5695,0.5695,0.8030,0.7006,0.2458,0.5695,0.5695,0.1557,0.2458,0.1966,0.1557,0.0942,0.1229,0.0737,0.3610,0.4775,,0.1165,,57.85,,37.0,92.7,,0.072,0.475
1791428031.5840447,0.4998,0.5695,0.8767,0.5695,0.5695,0.7006,0.4998,0.5695,0.7538,0.3646,0.1229,0.0942,0.1557,0.1557,0.0246,0.0574,0.0574,0.3600,0.4745,,0.1145,,57.19,,35.6,87.7,,0.074,0.604
1791428031.6166928,0.4998,0.6350,0.8767,0.5695,0.4998,0.5695,0.7006,0.5695,0.5695,0.4302,0.1557,0.2458,0.2458,0.1229,0.0942,0.0410,0.0574,0.3600,0.4775,,0.1175,,57.95,,35.3,78.3,,0.072,0.529
1791428031.6514182,0.4998,0.5695,0.8440,0.7006,0.5695,0.8030,0.4998,0.1557,0.4998,0.2991,0.0574,0.0942,0.1966,0.0737,0.0942,0.0369,0.0574,0.3600,0.4645,,0.1045,,57.58,,36.1,79.5,,0.072,
1791428031.6836708,0.4998,0.6350,0.8440,0.7538,0.5695,0.7006,0.8030,0.6350,0.7006,0.2991,0.0942,0.3646,0.5695,0.0410,0.0205,0.0574,0.0410,0.3600,0.4750,,0.1150,,57.64,,34.4,76.9,0.751,0.072,
1791428031.7182899,0.5695,0.7006,0.8030,0.7006,0.5695,0.8030,0.4998,0.1557,0.2991,0.5695,0.1557,0.1557,0.1229,0.1557,0.1229,0.0369,0.0574,0.3600,0.4760,,0.1160,,58.25,,36.0,81.1,,0.071,0.578
1791428031.7578294,0.4998,0.5695,0.8440,0.4302,0.6350,0.7006,0.5695,0.4998,0.4998,0.3646,0.0942,0.2458,0.1557,0.0942,0.0246,0.0410,0.0410,0.3600,0.4720,,0.1120,,57.12,,35.3,77.6,,0.073,0.637
1791428031.789856,0.4998,0.7006,0.8767,0.5695,0.7006,0.8440,0.5695,0.5695,0.4998,0.4302,0.0737,0.1557,0.1966,0.1229,0.1557,0.0574,0.0574,0.3610,0.4740,,0.1130,,57.34,,33.2,74.7,,0.073,0.436
1791428031.8209043,0.3646,0.7006,0.7006,0.5695,0.7006,0.6350,0.4998,0.4302,0.5695,0.2458,0.0574,0.1229,0.4302,0.0942,0.0410,0.0410,0.0410,0.3600,0.4775,,0.1175,,57.13,,34.1,77.0,,0.074,
1791428031.85155,0.6350,0.6350,0.8030,0.6350,0.7006,0.8030,0.7006,0.1966,0.6350,0.2991,0.0574,0.2991,0.2991,0.0737,0.0574,0.0410,0.0369,0.3600,0.4785,,0.1185,,57.76,,34.5,82.0,,0.073,
1791428031.8842034,0.7538,0.7538,0.8030,0.7538,0.5695,0.8440,0.7006,0.4998,0.7006,0.4998,0.2458,0.1966,0.3646,0.0942,0.1229,0.0369,0.0574,0.3600,0.4760,,0.1160,,58.24,,31.2,81.9,,0.071,0.581
1791428031.9172158,0.7006,0.5695,0.7538,0.5695,0.4302,0.7006,0.5695,0.1557,0.4302,0.3646,0.3646,0.2991,0.1557,0.1966,0.0369,0.0410,0.0574,0.3610,0.4665,,0.1055,,58.04,,31.6,101.6,,0.071,0.612
1791428031.9511144,0.6350,0.7538,0.7538,0.7006,0.5695,0.7006,0.4998,0.4998,0.4998,0.4998,0.0942,0.2991,0.1966,0.1966,0.0410,0.0369,0.0410,0.3600,0.4750,,0.1150,,57.69,,32.7,103.7,,0.072,0.554
1791428031.9840786,0.5695,0.7538,0.6350,0.6350,0.5695,0.8440,0.7006,0.4998,0.2991,0.5695,0.1229,0.3646,0.4302,0.2458,0.1557,0.0410,0.0410,0.3600,0.4805,,0.1205,,58.47,,32.7,101.4,0.363,0.071,0.458
1791428032.0253785,0.7006,0.7006,0.8030,0.8030,0.5695,0.7538,0.5695,0.4998,0.4302,0.3646,0.0574,0.3646,0.1966,0.0410,0.0246,0.0942,0.0410,0.3600,0.4740,,0.1140,,57.81,,31.4,97.0,,0.072,0.555
1791428032.0568686,0.6350,0.4998,0.8440,0.7006,0.6350,0.7538,0.5695,0.5695,0.3646,0.4998,0.1229,0.1557,0.2458,0.4302,0.0737,0.0942,0.0574,0.3600,0.4630,,0.1030,,57.86,,31.9,97.7,,0.071,0.570
1791428032.088775,0.4302,0.6350,0.7538,0.7006,0.5695,0.7538,0.4302,0.2458,0.4998,0.5695,0.0942,0.1966,0.4998,0.1557,0.0246,0.0574,0.0942,0.3600,0.4670,,0.1070,,57.80,,32.1,86.3,,0.070,0.607
1791428032.1212142,0.6350,0.7538,0.4302,0.4302,0.5695,0.6350,0.4998,0.1557,0.4302,0.4302,0.1966,0.1966,0.2458,0.2991,0.0574,0.0410,0.0246,0.3600,0.4785,,0.1185,,57.95,,33.1,75.9,,0.071,0.474
1791428032.152068,0.4998,0.5695,0.8440,0.4998,0.7006,0.7006,0.7006,0.4998,0.6350,0.5695,0.1229,0.2458,0.2991,0.0942,0.0737,0.0410,0.0369,0.3610,0.4770,,0.1160,,58.82,,33.5,76.2,,0.069,0.453
1791428032.1838639,0.7006,0.7538,0.8030,0.4998,0.4998,0.8030,0.4998,0.4998,0.4998,0.5695,0.0942,0.2458,0.1557,0.1557,0.0942,0.0246,0.0369,0.3600,0.4775,,0.1175,,58.89,,30.8,75.1,,0.069,0.536
1791428032.218436,0.4998,0.7006,0.7006,0.5695,0.4998,0.8030,0.5695,0.1557,0.5695,0.4998,0.1229,0.2458,0.4302,0.2458,0.1557,0.0410,0.0410,0.3600,0.4760,,0.1160,,59.76,,30.1,74.8,,0.067,0.475
1791428032.2516677,0.6350,0.6350,0.7538,0.5695,0.4998,0.7538,0.5695,0.6350,0.6350,0.2991,0.0574,0.2991,0.1229,0.1557,0.0369,0.0246,0.0369,0.3600,0.4750,,0.1150,,59.40,,30.4,74.7,,0.068,
1791428032.285595,0.5695,0.5695,0.7538,0.4998,0.5695,0.7538,0.5695,0.1966,0.4998,0.3646,0.1557,0.2458,0.2458,0.0574,0.0574,0.0410,0.0410,0.3600,0.4740,,0.1140,,58.85,,30.8,70.6,,0.069,0.594
1791428032.3259933,0.6350,0.5695,0.6350,0.5695,0.4302,0.7006,0.5695,0.4998,0.4302,0.5695,0.1229,0.1229,0.1229,0.0942,0.0942,0.0737,0.0410,0.3600,0.4775,,0.1175,,58.97,,30.6,64.0,,0.069,0.494
1791428032.3586295,0.5695,0.5695,0.4302,0.5695,0.4998,0.8030,0.4998,0.7006,0.4998,0.2991,0.1229,0.1229,0.1557,0.0574,0.0574,0.1557,0.0410,0.3600,0.4750,,0.1150,,58.29,,30.1,63.1,,0.071,
1791428032.3891299,0.4998,0.6350,0.7006,0.5695,0.5695,0.7006,0.6350,0.4998,0.4998,0.3646,0.0737,0.1557,0.1966,0.1966,0.0737,0.0574,0.0410,0.3600,0.4760,,0.1160,,58.47,,28.5,62.1,,0.071,0.540
1791428032.4210246,0.6350,0.8440,0.6350,0.5695,0.5695,0.8030,0.6350,0.6350,0.7006,0.2991,0.1557,0.1229,0.1966,0.2991,0.0737,0.0410,0.0574,0.3620,0.4730,,0.1110,,58.82,,29.5,62.3,,0.069,
1791428032.4516191,0.4998,0.6350,0.7006,0.7538,0.5695,0.7538,0.5695,0.6350,0.4998,0.4302,0.0737,0.2458,0.1557,0.0737,0.0410,0.0574,0.0574,0.3610,0.4745,,0.1135,,57.53,,29.4,,,0.073,0.645
1791428032.4847798,0.5695,0.6350,0.7006,0.5695,0.5695,0.7538,0.4998,0.4998,0.4302,0.4998,0.1229,0.3646,0.2458,0.4998,0.0410,0.0410,0.0410,0.3600,0.4750,,0.1150,,58.17,,27.3,,,0.071,0.486
1791428032.5182817,0.6350,0.7006,0.7006,0.3646,0.4998,0.6350,0.4998,0.1229,0.4998,0.3646,0.4302,0.2458,0.2458,0.3646,0.1229,0.0574,0.0574,0.3600,0.4755,,0.1155,,57.97,,27.7,64.6,,0.072,0.471
1791428032.552692,0.7006,0.8030,0.8030,0.6350,0.6350,0.8030,0.7006,0.4998,0.4998,0.4998,0.0942,0.2458,0.2991,0.2991,0.0942,0.0574,0.0410,0.3610,0.4795,,0.1185,,58.73,,28.4,75.4,,0.070,0.509
1791428032.5850763,0.6350,0.8030,0.7538,0.7006,0.4302,0.8440,0.4998,0.4998,0.5695,0.4302,0.1557,0.1557,0.1966,0.2991,0.0942,0.1229,0.0574,0.3610,0.4715,,0.1105,,57.73,,28.3,74.9,,0.072,0.543
1791428032.6181679,0.4998,0.5695,0.7538,0.6350,0.6350,0.8030,0.4998,0.4998,0.3646,0.4998,0.1557,0.1557,0.2458,0.1966,0.0737,0.0410,0.0410,0.3610,0.4740,,0.1130,,58.40,,26.3,78.6,,0.070,0.431
1791428032.65834,0.5695,0.6350,0.6350,0.7006,0.4998,0.7006,0.6350,0.6350,0.5695,0.4302,0.1229,0.1557,0.1557,0.1229,0.0410,0.0737,0.0737,0.3600,0.4760,,0.1160,,58.94,,27.3,88.4,,0.069,0.550
1791428032.6903245,0.4998,0.7538,0.8030,0.6350,0.4998,0.7538,0.5695,0.5695,0.5695,0.4998,0.4302,0.4302,0.2991,0.1229,0.0205,0.1229,0.0737,0.3600,0.4765,,0.1165,,58.87,,26.7,108.5,,0.069,0.523
1791428032.721717,0.5695,0.8030,0.7538,0.2991,0.6350,0.8440,0.6350,0.5695,0.6350,0.5695,0.0737,0.2458,0.4302,0.1557,0.0942,0.0574,0.0574,0.3600,0.4755,,0.1155,,59.32,,27.9,105.2,,0.068,0.485
1791428032.7536125,0.5695,0.5695,0.7006,0.6350,0.4302,0.8030,0.4998,0.7006,0.6350,0.4302,0.2991,0.1966,0.1229,0.2458,0.0205,0.0574,0.0410,0.3610,0.4630,,0.1020,,58.91,,28.6,119.6,,0.068,0.509
1791428032.7849917,0.6350,0.2458,0.8030,0.5695,0.6350,0.7538,0.5695,0.4998,0.5695,0.3646,0.2991,0.2458,0.1966,0.1229,0.0574,0.0410,0.0574,0.3600,0.4770,,0.1170,,58.04,,26.2,127.3,,0.071,0.557
1791428032.8192384,0.7538,0.6350,0.7006,0.6350,0.7006,0.5695,0.5695,0.5695,0.7006,0.2991,0.1229,0.2991,0.4302,0.4302,0.1557,0.0737,0.0410,0.3600,0.4745,,0.1145,,58.15,,27.4,123.5,,0.071,
1791428032.852963,0.8440,0.5695,0.8030,0.4998,0.3646,0.6350,0.6350,0.2458,0.4302,0.4998,0.0737,0.2458,0.4302,0.0942,0.0369,0.0737,0.0737,0.3600,0.4750,,0.1150,,57.04,,27.4,122.3,,0.074,0.569
1791428032.8853228,0.6350,0.7538,0.7538,0.5695,0.6350,0.8440,0.7006,0.4998,0.7006,0.3646,0.0942,0.2991,0.1557,0.1229,0.0369,0.0246,0.0574,0.3600,0.4760,,0.1160,,57.32,,27.0,116.8,,0.073,0.582
1791428032.9193404,0.6350,0.7006,0.8440,0.6350,0.5695,0.7006,0.7006,0.4998,0.6350,0.4998,0.0737,0.4302,0.2991,0.1229,0.1229,0.0737,0.0410,0.3610,0.4745,,0.1135,,57.08,,25.2,107.5,,0.074,0.568
1791428032.9583204,0.6350,0.7006,0.7538,0.4998,0.5695,0.6350,0.5695,0.7006,0.3646,0.4302,0.2458,0.2991,0.6350,0.3646,0.0942,0.0574,0.0410,0.3610,0.4830,,0.1220,,58.60,,26.2,94.5,,0.071,0.495
1791428032.989488,0.7006,0.7006,0.8030,0.5695,0.7006,0.7538,0.5695,0.1229,0.4998,0.5695,0.4302,0.1557,0.4998,0.0737,0.0164,0.0369,0.0574,0.3600,0.4720,,0.1120,,57.89,,27.1,110.7,,0.072,0.565
1791428033.0221283,0.6350,0.7006,0.7006,0.3646,0.7006,0.6350,0.5695,0.6350,0.5695,0.4998,0.0942,0.2991,0.2991,0.1557,0.1229,0.0410,0.0942,0.3610,0.4765,,0.1155,,58.35,,28.0,98.1,,0.071,0.545
1791428033.0531693,0.7006,0.7006,0.9054,0.7006,0.7006,0.7538,0.5695,0.6350,0.7538,0.4998,0.5695,0.2991,0.3646,0.0942,0.1229,0.0410,0.0410,0.3600,0.4790,,0.1190,,58.42,,27.7,112.8,,0.071,0.575
1791428033.085569,0.5695,0.6350,0.8030,0.6350,0.4302,0.8440,0.5695,0.4302,0.6350,0.4998,0.0942,0.1557,0.3646,0.2458,0.0574,0.0574,0.0410,0.3610,0.4765,,0.1155,,59.23,,29.8,106.3,,0.069,0.564
1791428033.1194663,0.7538,0.7006,0.8767,0.4998,0.6350,0.7538,0.6350,0.1229,0.4302,0.3646,0.3646,0.4302,0.1557,0.1229,0.0369,0.0369,0.0410,0.3600,0.4750,,0.1150,,59.44,,31.4,117.9,,0.068,0.513
1791428033.1527514,0.4998,0.4998,0.8030,0.5695,0.7006,0.9054,0.4998,0.4998,0.6350,0.6350,0.1557,0.3646,0.1966,0.1557,0.0737,0.0369,0.0410,0.3600,0.4750,,0.1150,,58.79,,28.4,106.5,,0.070,0.549
1791428033.1863902,0.7538,0.7538,0.8440,0.7006,0.7006,0.8030,0.4998,0.5695,0.7006,0.5695,0.0942,0.2458,0.3646,0.2991,0.1229,0.0410,0.0369,0.3600,0.4760,,0.1160,,59.35,,26.1,98.2,,0.069,0.484
1791428033.2272398,0.7006,0.7538,0.7006,0.6350,0.4998,0.5695,0.5695,0.4302,0.5695,0.2458,0.0737,0.2991,0.2991,0.1966,0.0369,0.0369,0.0369,0.3600,0.4760,,0.1160,,58.34,,26.9,109.3,,0.071,
1791428033.2590795,0.6350,0.6350,0.8440,0.6350,0.7006,0.7006,0.4998,0.4998,0.4998,0.4998,0.1229,0.3646,0.3646,0.2458,0.1557,0.0410,0.0369,0.3600,0.4780,,0.1180,,59.46,,28.4,106.2,0.543,0.069,0.465
1791428033.2919605,0.8030,0.6350,0.7538,0.7538,0.6350,0.7538,0.6350,0.7006,0.4998,0.4998,0.1966,0.2991,0.4302,0.1966,0.0574,0.0942,0.1229,0.3600,0.4785,,0.1185,,59.49,,29.8,96.2,,0.069,0.570
1791428033.3225331,0.5695,0.6350,0.8030,0.2458,0.6350,0.8767,0.4998,0.5695,0.5695,0.2991,0.0942,0.2458,0.1966,0.1966,0.1229,0.0410,0.0737,0.3600,0.4750,,0.1150,,59.14,,30.2,93.2,,0.069,
1791428033.3537388,0.4302,0.7006,0.7006,0.4998,0.6350,0.7538,0.5695,0.5695,0.6350,0.4998,0.1229,0.2991,0.2458,0.0942,0.0410,0.0410,0.0737,0.3590,0.4765,,0.1175,,58.41,,30.8,90.5,,0.072,0.569
1791428033.3868656,0.4998,0.7006,0.7538,0.3646,0.4998,0.3646,0.7006,0.5695,0.4302,0.2991,0.0942,0.2991,0.4302,0.5695,0.1229,0.0246,0.0737,0.3600,0.4760,,0.1160,,58.72,,31.4,90.1,,0.071,
1791428033.4196715,0.7538,0.7538,0.4998,0.5695,0.4302,0.7538,0.6350,0.4302,0.6350,0.4998,0.4998,0.3646,0.3646,0.0942,0.1229,0.1229,0.0942,0.3600,0.4800,,0.1200,,58.69,,31.3,106.4,0.633,0.071,0.533
1791428033.4531474,0.6350,0.4998,0.7006,0.7006,0.5695,0.7538,0.6350,0.1229,0.4302,0.4998,0.0737,0.1229,0.1966,0.1557,0.0410,0.0369,0.0574,0.3610,0.4815,,0.1205,,58.73,,32.7,99.5,,0.072,0.565
1791428033.48565,0.7006,0.7006,0.8440,0.7006,0.5695,0.7006,0.4998,0.4302,0.6350,0.2991,0.0942,0.1557,0.1966,0.2991,0.0574,0.0410,0.0574,0.3600,0.4650,,0.1050,,57.21,,32.6,94.7,,0.074,
1791428033.5200646,0.6350,0.6350,0.8030,0.6350,0.7006,0.4998,0.5695,0.4302,0.5695,0.3646,0.0737,0.1557,0.1557,0.1229,0.0410,0.0410,0.0410,0.3600,0.4740,,0.1140,,56.92,,32.6,82.4,,0.075,0.532
1791428033.5591667,0.5695,0.6350,0.9054,0.8030,0.7538,0.7538,0.5695,0.6350,0.4302,0.5695,0.0737,0.1966,0.3646,0.1966,0.1229,0.0410,0.0737,0.3600,0.4780,,0.1180,,57.47,,32.6,81.2,,0.074,0.518
1791428033.5895085,0.6350,0.5695,0.8030,0.4302,0.6350,0.7006,0.4302,0.6350,0.6350,0.4302,0.1229,0.2991,0.1229,0.1229,0.0369,0.0737,0.0410,0.3600,0.4770,,0.1170,,57.25,,31.5,75.8,,0.075,0.530
1791428033.62328,0.5695,0.7006,0.7538,0.5695,0.4998,0.8030,0.6350,0.4302,0.7006,0.4302,0.0942,0.1966,0.2458,0.2991,0.0737,0.0369,0.0574,0.3600,0.4780,,0.1180,,57.59,,29.0,75.1,,0.074,0.554
1791428033.654087,0.6350,0.6350,0.8030,0.6350,0.5695,0.7006,0.6350,0.3646,0.7006,0.2991,0.4998,0.1557,0.1966,0.1557,0.1229,0.0205,0.0410,0.3600,0.4755,,0.1155,,57.26,,28.7,95.6,,0.075,1.264
1791428033.6864278,0.5695,0.7006,0.8440,0.6350,0.5695,0.8440,0.8030,0.5695,0.7006,0.3646,0.4302,0.1966,0.2991,0.4302,0.1557,0.0574,0.0410,0.3600,0.4670,,0.1070,,57.56,,29.1,111.8,,0.073,0.577
1791428033.719367,0.6350,0.4998,0.6350,0.7006,0.6350,0.8030,0.6350,0.1229,0.8440,0.6350,0.1229,0.1557,0.1557,0.0942,0.0246,0.0410,0.0410,0.3600,0.4780,,0.1180,,58.24,,30.6,120.4,,0.071,0.517
1791428033.7527637,0.7006,0.7538,0.4998,0.2991,0.4998,0.7538,0.5695,0.4998,0.5695,0.2991,0.3646,0.3646,0.1557,0.0737,0.0574,0.0410,0.0410,0.3600,0.4770,,0.1170,,57.57,,30.5,126.9,,0.073,1.351
1791428033.7864814,0.6350,0.6350,0.8440,0.4302,0.4998,0.6350,0.7006,0.1966,0.7006,0.4302,0.0737,0.2991,0.2991,0.2458,0.1229,0.0410,0.0574,0.3600,0.4785,,0.1185,,57.42,,31.7,118.9,,0.074,0.515
1791428033.8207157,0.6350,0.8030,0.7006,0.5695,0.5695,0.7538,0.4302,0.4998,0.8030,0.4302,0.1229,0.3646,0.3646,0.1966,0.1229,0.0942,0.0369,0.3610,0.4790,,0.1180,,57.85,,32.4,112.7,0.572,0.073,0.493
1791428033.8599653,0.5695,0.8767,0.7538,0.5695,0.5695,0.8440,0.5695,0.4302,0.7006,0.3646,0.1557,0.4302,0.5695,0.2991,0.1966,0.2991,0.0942,0.3600,0.4790,,0.1190,,58.53,,30.4,110.1,0.362,0.072,0.567
1791428033.892683,0.4998,0.3646,0.4302,0.5695,0.5695,0.6350,0.7006,0.4998,0.7006,0.4998,0.1229,0.3646,0.1557,0.0942,0.0942,0.0574,0.0574,0.3600,0.4745,,0.1145,,57.82,,30.4,98.5,,0.073,0.532
1791428033.9248407,0.7538,0.7538,0.8767,0.6350,0.7538,0.8030,0.5695,0.1229,0.6350,0.6350,0.0737,0.2458,0.1229,0.1557,0.0942,0.0574,0.0737,0.3600,0.4785,,0.1185,,57.52,,31.6,101.1,,0.074,0.536
1791428033.9556773,0.5695,0.7006,0.8440,0.7538,0.5695,0.8030,0.6350,0.3646,0.4302,0.3646,0.0737,0.3646,0.1229,0.1557,0.0942,0.0737,0.0410,0.3600,0.4790,,0.1190,,58.08,,32.1,104.8,,0.073,0.533
1791428033.9876847,0.7538,0.7006,0.6350,0.6350,0.5695,0.7006,0.6350,0.4998,0.2991,0.4302,0.1557,0.2458,0.3646,0.3646,0.0942,0.0410,0.0737,0.3600,0.4770,,0.1170,,57.83,,33.1,98.8,,0.074,0.623
1791428034.0205529,0.7538,0.7538,0.7538,0.7538,0.6350,0.8030,0.5695,0.1229,0.4302,0.2458,0.2991,0.3646,0.2458,0.1966,0.0246,0.0737,0.0574,0.3620,0.4620,,0.1000,,56.42,,34.1,91.5,,0.076,
1791428034.0526414,0.4998,0.7006,0.8440,0.5695,0.6350,0.8440,0.7006,0.5695,0.4998,0.5695,0.1557,0.3646,0.4998,0.2991,0.0942,0.0410,0.0737,0.3600,0.4785,,0.1185,,57.38,,33.5,88.4,0.453,0.073,0.522
1791428034.0865333,0.6350,0.7006,0.8767,0.2458,0.5695,0.7006,0.7006,0.5695,0.4998,0.6350,0.2458,0.2991,0.1966,0.1557,0.0410,0.0410,0.0574,0.3600,0.4780,,0.1180,,56.48,,30.1,104.6,,0.076,0.578
1791428034.1211023,0.4998,0.8030,0.7006,0.6350,0.4998,0.7538,0.4998,0.7006,0.7538,0.5695,0.1557,0.3646,0.2991,0.1557,0.0574,0.0246,0.0737,0.3600,0.4780,,0.1180,,57.23,,27.5,103.0,,0.075,0.491
1791428034.1607394,0.5695,0.6350,0.8030,0.5695,0.5695,0.8030,0.5695,0.1229,0.5695,0.6350,0.1966,0.4302,0.3646,0.4998,0.0942,0.0410,0.0574,0.3600,0.4825,,0.1225,,57.80,,27.4,93.9,0.565,0.074,0.548
1791428034.1930795,0.6350,0.7538,0.7538,0.7538,0.6350,0.8440,0.7006,0.5695,0.6350,0.6350,0.0942,0.4302,0.3646,0.2458,0.0942,0.0369,0.0369,0.3600,0.4805,,0.1205,,57.46,,28.2,94.2,0.571,0.075,0.487
1791428034.2246976,0.7538,0.7006,0.8440,0.6350,0.5695,0.7538,0.5695,0.4998,0.4302,0.4998,0.0574,0.3646,0.3646,0.2458,0.1229,0.1966,0.0410,0.3610,0.4775,,0.1165,,58.37,,29.7,95.0,0.577,0.072,0.521
1791428034.255965,0.6350,0.5695,0.8440,0.6350,0.6350,0.7538,0.6350,0.7006,0.5695,0.4302,0.0942,0.1229,0.1557,0.1229,0.0410,0.0246,0.0410,0.3600,0.4735,,0.1135,,58.40,,30.2,93.0,,0.072,0.576
1791428034.287228,0.7006,0.5695,0.7538,0.5695,0.7538,0.8030,0.6350,0.4998,0.7006,0.2458,0.0737,0.3646,0.1557,0.0942,0.0942,0.0369,0.0737,0.3600,0.4730,,0.1130,,57.00,,29.2,,,0.075,
1791428034.3204074,0.4998,0.7006,0.7006,0.5695,0.5695,0.7006,0.6350,0.5695,0.7006,0.2991,0.4302,0.2458,0.1966,0.1557,0.0410,0.0205,0.0369,0.3600,0.4790,,0.1190,,57.13,,27.0,104.1,,0.075,1.311
1791428034.3535693,0.5695,0.7538,0.8030,0.8030,0.6350,0.8440,0.6350,0.1557,0.2458,0.1966,0.1966,0.2458,0.2991,0.3646,0.1229,0.0574,0.0737,0.3600,0.4635,,0.1035,,56.74,,27.0,96.4,,0.075,
1791428034.3876553,0.7006,0.5695,0.7538,0.7006,0.6350,0.8440,0.4998,0.4998,0.4302,0.3646,0.4302,0.2991,0.1229,0.1557,0.0737,0.0410,0.0410,0.3600,0.4720,,0.1120,,56.79,,28.1,87.8,,0.074,0.476
1791428034.4289794,0.4998,0.7538,0.8440,0.7538,0.6350,0.6350,0.4998,0.4302,0.1966,0.4302,0.4998,0.1557,0.2458,0.1966,0.0737,0.0246,0.0410,0.3600,0.4765,,0.1165,,57.14,,28.9,82.7,,0.074,0.477
1791428034.4607246,0.4998,0.6350,0.7538,0.7538,0.2991,0.7006,0.5695,0.4302,0.5695,0.4998,0.1229,0.1557,0.1557,0.0942,0.0574,0.0369,0.0574,0.3600,0.4715,,0.1115,,56.80,,29.2,78.5,,0.074,0.464
1791428034.4921687,0.6350,0.6350,0.4302,0.4302,0.7006,0.8440,0.5695,0.3646,0.2991,0.5695,0.1557,0.4302,0.3646,0.1229,0.1229,0.0410,0.0737,0.3600,0.4760,,0.1160,,57.31,,29.5,75.1,0.683,0.073,0.565
1791428034.5244331,0.6350,0.7006,0.8030,0.7538,0.4998,0.8030,0.6350,0.7006,0.3646,0.2991,0.0942,0.2458,0.1966,0.1229,0.0942,0.0410,0.0574,0.3600,0.4755,,0.1155,,56.99,,30.7,77.8,,0.074,
1791428034.555296,0.7006,0.7538,0.9054,0.8440,0.6350,0.7538,0.6350,0.2458,0.3646,0.4998,0.1557,0.3646,0.3646,0.1966,0.1557,0.0942,0.0737,0.3600,0.4770,,0.1170,,57.29,,31.8,72.0,0.456,0.074,0.553
1791428034.5873306,0.4998,0.6350,0.8030,0.7538,0.6350,0.5695,0.6350,0.4998,0.7006,0.4302,0.4998,0.2991,0.1966,0.2991,0.0737,0.0574,0.0369,0.3600,0.4780,,0.1180,,56.71,,31.1,67.3,,0.076,0.514
1791428034.6210732,0.4302,0.5695,0.8030,0.7006,0.5695,0.7538,0.7538,0.6350,0.7006,0.4998,0.1557,0.2991,0.2991,0.6350,0.1229,0.1229,0.0737,0.3600,0.4740,,0.1140,,56.81,,31.7,69.4,,0.075,0.501
1791428034.6550188,0.7538,0.4998,0.8030,0.6350,0.5695,0.6350,0.5695,0.6350,0.4998,0.6350,0.5695,0.2458,0.2991,0.0942,0.0737,0.0574,0.0737,0.3600,0.4775,,0.1175,,56.44,,31.5,84.9,,0.077,0.511
1791428034.6872911,0.5695,0.7006,0.7006,0.7006,0.6350,0.6350,0.8030,0.5695,0.4998,0.3646,0.0737,0.4302,0.4998,0.4302,0.0942,0.0574,0.0737,0.3600,0.4750,,0.1150,,56.61,,31.9,88.6,0.533,0.076,0.602
1791428034.721169,0.5695,0.6350,0.8030,0.5695,0.7006,0.7006,0.5695,0.1229,0.4998,0.4998,0.0942,0.1966,0.1966,0.2991,0.1229,0.0369,0.0410,0.3600,0.4790,,0.1190,,56.85,,32.7,83.3,,0.076,0.525
1791428034.7617557,0.5695,0.6350,0.7006,0.6350,0.7006,0.8030,0.7538,0.5695,0.5695,0.6350,0.1557,0.3646,0.4302,0.4998,0.1557,0.0737,0.0737,0.3600,0.4770,,0.1170,,56.93,,33.1,86.1,0.436,0.076,0.477
1791428034.7931318,0.5695,0.4998,0.7538,0.7006,0.4998,0.7538,0.4998,0.5695,0.4998,0.1966,0.0737,0.1557,0.1229,0.2458,0.0574,0.0410,0.0369,0.3600,0.4755,,0.1155,,56.03,,33.2,84.9,,0.078,
1791428034.8256183,0.7006,0.7006,0.8030,0.4302,0.4998,0.4302,0.5695,0.5695,0.5695,0.3646,0.1557,0.2991,0.4302,0.3646,0.0942,0.0574,0.0737,0.3600,0.4750,,0.1150,,56.40,,33.3,87.2,,0.077,0.556
1791428034.8567426,0.6350,0.7006,0.8030,0.7538,0.4998,0.7006,0.5695,0.1229,0.4998,0.4302,0.0574,0.3646,0.2458,0.0369,0.0369,0.0369,0.0369,0.3600,0.4725,,0.1125,,55.22,,33.8,92.2,,0.080,0.563
1791428034.8884854,0.6350,0.6350,0.8030,0.7006,0.6350,0.8030,0.4998,0.1557,0.4302,0.4998,0.1229,0.1966,0.2458,0.3646,0.0737,0.0410,0.0942,0.3600,0.4810,,0.1210,,56.33,,35.1,89.9,,0.078,0.620
1791428034.921277,0.5695,0.6350,0.7538,0.6350,0.4302,0.8440,0.5695,0.4998,0.5695,0.4302,0.2458,0.2458,0.4998,0.0737,0.0369,0.0369,0.0737,0.3600,0.4770,,0.1170,,55.86,,34.0,88.3,,0.079,0.599
1791428034.9538505,0.5695,0.7538,0.7538,0.5695,0.5695,0.8440,0.6350,0.5695,0.6350,0.2991,0.1229,0.4302,0.3646,0.1966,0.1229,0.0246,0.0574,0.3600,0.4760,,0.1160,,56.53,,35.0,81.5,0.493,0.077,
1791428034.9878714,0.7006,0.8030,0.7538,0.7006,0.6350,0.8440,0.7006,0.7538,0.2458,0.4998,0.1229,0.4302,0.4302,0.4302,0.1966,0.0410,0.0737,0.3600,0.4765,,0.1165,,57.49,,35.1,87.3,0.421,0.074,0.573
1791428035.022127,0.7006,0.5695,0.8030,0.4998,0.4998,0.5695,0.5695,0.5695,0.4302,0.1557,0.3646,0.3646,0.1557,0.1229,0.0410,0.0410,0.0737,0.3600,0.4770,,0.1170,,58.00,,34.0,100.4,,0.073,1.245
1791428035.063049,0.6350,0.7006,0.8030,0.4302,0.4998,0.7538,0.5695,0.6350,0.4302,0.4998,0.0942,0.1229,0.1966,0.1557,0.0410,0.0369,0.0574,0.3600,0.4740,,0.1140,,57.19,,30.2,97.3,,0.075,0.519
1791428035.0939083,0.7006,0.7006,0.7006,0.5695,0.4998,0.7006,0.5695,0.1557,0.4998,0.4302,0.0737,0.1966,0.1966,0.2458,0.0410,0.0246,0.0410,0.3600,0.4750,,0.1150,,56.81,,31.2,99.5,,0.076,0.589
1791428035.1249866,0.8030,0.5695,0.6350,0.8440,0.5695,0.6350,0.7538,0.5695,0.8440,0.2458,0.1229,0.2991,0.3646,0.2458,0.1557,0.0737,0.0737,0.3600,0.4815,,0.1215,,57.76,,33.1,102.7,,0.074,
1791428035.1569147,0.5695,0.6350,0.8767,0.7538,0.4998,0.8440,0.6350,0.4302,0.8030,0.4998,0.1966,0.1557,0.2458,0.1229,0.0942,0.0410,0.0737,0.3600,0.4705,,0.1105,,56.85,,31.3,91.7,,0.076,0.573
1791428035.187979,0.4998,0.7006,0.4998,0.6350,0.4998,0.7006,0.5695,0.1966,0.6350,0.4998,0.2991,0.2458,0.1557,0.2991,0.0369,0.0574,0.0737,0.3600,0.4740,,0.1140,,55.97,,31.7,83.9,,0.078,0.613
1791428035.2225945,0.5695,0.7006,0.8440,0.6350,0.5695,0.7538,0.6350,0.6350,0.4302,0.4998,0.2991,0.2991,0.3646,0.2991,0.1229,0.0369,0.0574,0.3600,0.4780,,0.1180,,56.99,,30.7,77.3,,0.075,0.490
1791428035.2548697,0.5695,0.4998,0.8767,0.7006,0.7006,0.6350,0.6350,0.1229,0.5695,0.4998,0.0737,0.1966,0.1229,0.1557,0.0574,0.0574,0.0410,0.3600,0.4760,,0.1160,,56.62,,31.0,74.8,,0.076,0.512
1791428035.2894912,0.6350,0.4998,0.8030,0.7006,0.4998,0.6350,0.7006,0.5695,0.5695,0.4998,0.4302,0.1966,0.1966,0.1557,0.0369,0.0410,0.0410,0.3600,0.4845,,0.1245,,57.14,,30.9,90.3,,0.076,0.603
1791428035.3295872,0.5695,0.7538,0.7538,0.7538,0.7538,0.6350,0.6350,0.1557,0.4998,0.4302,0.1966,0.2991,0.2991,0.2991,0.0737,0.0574,0.0410,0.3600,0.4735,,0.1135,,57.47,,31.3,88.0,,0.074,0.519
1791428035.3624814,0.5695,0.7006,0.7538,0.7006,0.7538,0.7006,0.4998,0.4998,0.4998,0.3646,0.1229,0.0942,0.0737,0.1557,0.0410,0.0369,0.0410,0.3600,0.4780,,0.1180,,58.12,,31.5,84.2,,0.073,0.603
1791428035.393798,0.4998,0.8030,0.8440,0.5695,0.4998,0.7538,0.5695,0.4302,0.6350,0.4998,0.3646,0.2458,0.1966,0.1966,0.0410,0.0369,0.0410,0.3590,0.4750,,0.1160,,57.14,,33.1,81.2,,0.075,0.512
1791428035.4247158,0.4302,0.5695,0.8030,0.7538,0.4998,0.6350,0.5695,0.1557,0.4302,0.5695,0.1557,0.1229,0.2458,0.1966,0.0737,0.0410,0.0369,0.3600,0.4780,,0.1180,,57.33,,33.9,81.5,,0.075,0.514
1791428035.4565969,0.5695,0.6350,0.7006,0.7538,0.4998,0.8030,0.4998,0.0942,0.4998,0.4302,0.1229,0.1557,0.0942,0.0942,0.0410,0.0410,0.0737,0.3600,0.4770,,0.1170,,57.64,,35.0,78.1,,0.074,0.468
1791428035.4877162,0.4302,0.5695,0.6350,0.2991,0.6350,0.7006,0.4998,0.6350,0.4302,0.3646,0.1229,0.2991,0.1966,0.1229,0.0246,0.0737,0.0410,0.3600,0.4765,,0.1165,,57.88,,34.7,78.9,,0.073,0.531
