timestamp,nose_score,left_eye_score,right_eye_score,left_ear_score,right_ear_score,left_shoulder_score,right_shoulder_score,left_elbow_score,right_elbow_score,left_wrist_score,right_wrist_score,left_hip_score,right_hip_score,left_knee_score,right_knee_score,left_ankle_score,right_ankle_score,head_depth_m,chest_depth_m,hip_depth_m,neck_forward_offset_m,torso_recline_offset_m,head_forward_deg,torso_pitch_deg,elbow_left_deg,elbow_right_deg,torso_len_sw,head_up_m,wrist_face_sw
1791428540.7527792,0.5695,0.8030,0.7006,0.4302,0.4998,0.7006,0.5695,0.6350,0.4302,0.4998,0.3646,0.4998,0.5695,0.0574,0.0410,0.0574,0.0574,0.6780,0.7965,,0.1185,,38.40,-15.60,164.3,174.9,1.077,0.147,1.622
1791428540.7835808,0.7538,0.8440,0.7006,0.4998,0.5695,0.6350,0.6350,0.7006,0.4998,0.5695,0.2991,0.4998,0.4998,0.0164,0.0164,0.0410,0.0410,0.6780,0.7970,,0.1190,,39.23,-15.70,163.6,175.3,1.101,0.143,1.624
1791428540.8187606,0.7538,0.8030,0.7006,0.6350,0.3646,0.4998,0.7538,0.8030,0.5695,0.6350,0.3646,0.4998,0.4998,0.0164,0.0410,0.0737,0.0205,0.6770,0.7960,,0.1190,,39.29,-15.79,163.3,176.2,1.086,0.143,1.630
1791428540.8500283,0.7538,0.5695,0.5695,0.5695,0.4998,0.7538,0.4998,0.5695,0.7006,0.4302,0.4302,0.4998,0.4998,0.0574,0.0246,0.0737,0.0737,0.6770,0.7925,,0.1155,,39.36,-15.85,163.8,175.2,1.060,0.142,1.610
1791428540.8847425,0.5695,0.8767,0.6350,0.4302,0.4998,0.4998,0.6350,0.6350,0.8030,0.4998,0.2991,0.5695,0.5695,0.0574,0.0246,0.0410,0.0574,0.6770,0.7930,0.6700,0.1160,-0.1230,39.74,-15.90,163.6,174.6,1.065,0.140,1.612
1791428540.925269,0.6350,0.9423,0.7006,0.7538,0.6350,0.4998,0.7538,0.6350,0.7006,0.1557,0.2458,0.4998,0.4998,0.0410,0.0369,0.0410,0.0369,0.6770,0.7880,,0.1110,,39.35,-15.78,162.8,174.5,1.079,0.141,
1791428540.9573486,0.3646,0.8440,0.5695,0.6350,0.7006,0.7538,0.7006,0.6350,0.7006,0.4302,0.4302,0.4302,0.6350,0.0123,0.0369,0.0574,0.0410,0.6760,0.7860,,0.1100,,39.12,-15.68,163.7,173.5,1.063,0.141,1.606
1791428540.9909394,0.7538,0.6350,0.7538,0.4302,0.6350,0.6350,0.8030,0.7538,0.8440,0.4998,0.4998,0.2991,0.4302,0.0369,0.0410,0.0942,0.0574,0.6760,0.7835,,0.1075,,38.49,-15.50,164.1,173.3,,0.142,1.674
1791428541.020832,0.3646,0.7006,0.4998,0.5695,0.4302,0.8030,0.6350,0.7538,0.6350,0.6350,0.2991,0.4998,0.4998,0.0369,0.0410,0.0574,0.0737,0.6760,0.7885,,0.1125,,38.55,-15.44,164.2,174.0,1.088,0.142,1.615
1791428541.0521348,0.5695,0.8030,0.7538,0.4302,0.6350,0.5695,0.4302,0.8440,0.3646,0.3646,0.2991,0.4998,0.5695,0.0164,0.0369,0.0574,0.0410,0.6760,0.7855,,0.1095,,38.25,-15.19,164.8,173.8,1.139,0.142,1.703
1791428541.0838773,0.3646,0.7538,0.8030,0.4302,0.2991,0.8440,0.7538,0.4998,0.6350,0.5695,0.4998,0.4998,0.4998,0.0369,0.0942,0.0369,0.0737,0.6760,0.7885,,0.1125,,38.45,-15.02,163.9,173.3,1.156,0.141,1.687
1791428541.1171734,0.7538,0.8440,0.8030,0.4302,0.4998,0.8030,0.4998,0.6350,0.4998,0.1966,0.2991,0.2991,0.4302,0.0369,0.0369,0.0246,0.0369,0.6760,0.7915,,0.1155,,38.60,-15.11,163.5,173.1,,0.141,
1791428541.1516385,0.4998,0.7538,0.4302,0.4998,0.5695,0.6350,0.6350,0.5695,0.7538,0.4998,0.2991,0.3646,0.5695,0.0369,0.0574,0.0737,0.0737,0.6760,0.7930,,0.1170,,38.40,-14.86,163.4,172.2,1.236,0.144,1.832
1791428541.1949763,0.8030,0.8767,0.6350,0.4998,0.6350,0.6350,0.6350,0.6350,0.4998,0.4998,0.3646,0.4302,0.4998,0.0246,0.0737,0.0942,0.0574,0.6760,0.7920,,0.1160,,38.35,-14.77,164.0,172.6,1.187,0.144,1.755
1791428541.2255733,0.7006,0.7538,0.7006,0.4998,0.6350,0.7006,0.5695,0.7538,0.5695,0.2991,0.1966,0.4998,0.4998,0.0369,0.0574,0.0574,0.0164,0.6760,0.7905,,0.1145,,38.29,-14.76,165.1,173.2,1.147,0.145,
1791428541.2570927,0.7538,0.8767,0.7006,0.6350,0.3646,0.6350,0.7006,0.7006,0.7006,0.3646,0.4998,0.4998,0.4998,0.0369,0.0737,0.0942,0.0574,0.6760,0.7895,,0.1135,,38.26,-14.62,166.0,174.2,1.189,0.145,1.764
1791428541.289031,0.6350,0.8030,0.7006,0.3646,0.4302,0.6350,0.7006,0.7538,0.6350,0.5695,0.2991,0.4998,0.6350,0.0246,0.0246,0.0246,0.0574,0.6760,0.7870,,0.1110,,37.24,-14.34,167.8,174.3,1.237,0.149,1.857
1791428541.3205016,0.7538,0.4302,0.6350,0.5695,0.4302,0.6350,0.7006,0.7006,0.6350,0.4998,0.2991,0.4302,0.4302,0.0942,0.0369,0.0737,0.0369,0.6770,0.7935,,0.1165,,37.54,-14.66,167.8,174.9,1.074,0.148,1.638
1791428541.351522,0.7006,0.7006,0.4998,0.5695,0.5695,0.6350,0.4998,0.8440,0.5695,0.3646,0.1557,0.4998,0.5695,0.0369,0.0574,0.1557,0.0737,0.6760,0.7865,,0.1105,,37.01,-14.59,168.8,175.6,1.143,0.150,1.750
1791428541.3838897,0.4998,0.5695,0.7006,0.5695,0.4302,0.7006,0.6350,0.8030,0.4998,0.2458,0.1966,0.4302,0.5695,0.0410,0.0246,0.0737,0.0410,0.6760,0.7940,,0.1180,,38.07,-14.80,169.9,175.6,1.105,0.146,
1791428541.4174693,0.7538,0.6350,0.4998,0.5695,0.5695,0.5695,0.7538,0.7006,0.1966,0.3646,0.2458,0.4302,0.4302,0.0410,0.0246,0.0737,0.0410,0.6790,0.7795,,0.1005,,36.83,,171.2,175.1,1.146,0.149,1.874
1791428541.4518213,0.5695,0.4998,0.7538,0.4302,0.4998,0.7538,0.4998,0.5695,0.2991,0.2991,0.2991,0.4302,0.4998,0.0369,0.0410,0.0737,0.0737,0.6770,0.7825,,0.1055,,35.81,,174.3,175.4,1.190,0.153,
1791428541.4950092,0.4998,0.2458,0.8440,0.4998,0.7006,0.7538,0.5695,0.5695,0.4302,0.6350,0.2458,0.4998,0.4998,0.0246,0.0164,0.0369,0.0737,0.6760,0.7830,,0.1070,,35.82,,175.5,175.0,1.124,0.152,1.768
1791428541.53045,0.5695,0.6350,0.6350,0.5695,0.5695,0.7006,0.6350,0.6350,0.6350,0.2458,0.2991,0.4302,0.4302,0.0574,0.0737,0.1229,0.0737,0.6760,0.7810,,0.1050,,35.68,,177.8,175.8,1.145,0.151,
1791428541.5596328,0.6350,0.4998,0.7538,0.4998,0.6350,0.6350,0.7538,0.6350,0.4998,0.6350,0.2991,0.4302,0.4302,0.0369,0.0246,0.0737,0.0574,0.6760,0.7800,,0.1040,,35.47,,178.6,175.2,1.155,0.151,1.839
1791428541.589509,0.6350,0.5695,0.4302,0.7006,0.6350,0.7006,0.7538,0.6350,0.4302,0.6350,0.3646,0.4302,0.4998,0.0369,0.0737,0.0737,0.0410,0.6800,0.7805,,0.1005,,35.24,,179.2,174.2,1.144,0.150,1.746
1791428541.627676,0.5695,0.6350,0.7006,0.4998,0.5695,0.7538,0.7006,0.6350,0.4998,0.2991,0.4302,0.4998,0.4998,0.0369,0.0574,0.1557,0.0737,0.6760,0.7785,,0.1025,,34.73,,180.0,173.9,1.123,0.152,1.783
1791428541.6590722,0.7006,0.7538,0.7006,0.3646,0.6350,0.8030,0.4302,0.7538,0.5695,0.3646,0.3646,0.4998,0.4998,0.0369,0.0410,0.0942,0.0574,0.6760,0.7795,,0.1035,,33.85,,179.7,173.4,1.186,0.157,1.874
1791428541.689874,0.5695,0.5695,0.6350,0.4998,0.6350,0.7006,0.7538,0.7538,0.8440,0.6350,0.4998,0.4302,0.4302,0.0369,0.0369,0.0574,0.0369,0.6760,0.7830,,0.1070,,33.84,,179.9,173.3,1.229,0.157,1.871
1791428541.7222395,0.8440,0.4998,0.5695,0.4302,0.5695,0.6350,0.7538,0.6350,0.5695,0.6350,0.4302,0.4302,0.4998,0.0574,0.0246,0.0737,0.0574,0.6760,0.7815,,0.1055,,33.92,,179.2,173.2,1.125,0.157,1.724
1791428541.7529037,0.6350,0.6350,0.5695,0.4998,0.4998,0.8440,0.8030,0.8030,0.5695,0.7538,0.4302,0.4302,0.5695,0.0410,0.0410,0.0942,0.0410,0.6760,0.7790,,0.1030,,34.07,,178.8,173.2,1.085,0.155,1.656
1791428541.7856796,0.7538,0.4998,0.4998,0.5695,0.5695,0.8030,0.7538,0.7006,0.7006,0.5695,0.4998,0.5695,0.5695,0.0205,0.0410,0.0942,0.0410,0.6760,0.7795,0.6720,0.1035,-0.1075,34.26,-13.61,178.5,172.8,1.139,0.154,1.687
1791428541.8184826,0.4998,0.6350,0.6350,0.5695,0.7006,0.7538,0.7538,0.7006,0.6350,0.4998,0.2991,0.4998,0.4302,0.0574,0.0574,0.0737,0.0410,0.6760,0.7800,,0.1040,,34.50,-13.76,178.0,172.9,1.066,0.152,1.744
1791428541.8512561,0.5695,0.7006,0.8030,0.4302,0.5695,0.8767,0.8440,0.7006,0.6350,0.6350,0.3646,0.4998,0.5695,0.0369,0.0369,0.0942,0.0410,0.6760,0.7775,,0.1015,,34.36,-13.82,177.7,172.7,1.067,0.152,1.673
1791428541.885487,0.7006,0.4998,0.4998,0.5695,0.8440,0.7006,0.7538,0.6350,0.4998,0.3646,0.2458,0.3646,0.4998,0.0574,0.0246,0.0942,0.0410,0.6760,0.7805,,0.1045,,33.89,-13.67,178.0,172.7,1.181,0.155,1.937
1791428541.918855,0.4302,0.5695,0.7006,0.4302,0.4302,0.8030,0.7538,0.6350,0.6350,0.4998,0.3646,0.4302,0.4998,0.0574,0.0737,0.0410,0.0574,0.6780,0.7815,,0.1035,,33.72,-13.67,177.7,172.9,1.144,0.156,1.696
1791428541.960868,0.6350,0.4302,0.7006,0.4998,0.7006,0.7006,0.3646,0.5695,0.4302,0.5695,0.2991,0.3646,0.4302,0.0369,0.0410,0.0205,0.0574,0.6760,0.7795,,0.1035,,33.10,-13.46,177.8,172.2,1.213,0.159,1.964
1791428541.993186,0.7006,0.6350,0.6350,0.4998,0.5695,0.7538,0.7006,0.5695,0.2991,0.6350,0.3646,0.2991,0.4998,0.0369,0.0369,0.0574,0.0410,0.6760,0.7780,,0.1020,,33.03,-13.44,177.7,171.8,,0.159,1.750
1791428542.024517,0.7006,0.5695,0.3646,0.2458,0.5695,0.7538,0.7006,0.4998,0.4998,0.3646,0.2458,0.3646,0.2991,0.0369,0.0369,0.1229,0.0574,0.6760,0.7795,,0.1035,,32.98,-13.39,178.1,170.8,,0.159,1.897
1791428542.056633,0.8030,0.4302,0.6350,0.4302,0.4998,0.8030,0.6350,0.4998,0.3646,0.2458,0.3646,0.4302,0.4998,0.0410,0.0205,0.1229,0.0410,0.6760,0.7785,,0.1025,,32.76,-13.46,178.3,170.0,1.104,0.161,1.727
1791428542.088796,0.7006,0.5695,0.7006,0.4998,0.6350,0.7538,0.5695,0.5695,0.6350,0.5695,0.4302,0.3646,0.4302,0.0410,0.0574,0.0410,0.0942,0.6760,0.7805,,0.1045,,33.11,-13.52,178.1,169.3,1.123,0.159,1.749
1791428542.1197484,0.7006,0.7006,0.7006,0.5695,0.5695,0.5695,0.7538,0.5695,0.6350,0.4998,0.2458,0.2991,0.4302,0.0369,0.0574,0.0737,0.0737,0.6780,0.7800,,0.1020,,32.95,-13.44,178.0,168.8,,0.159,1.893
1791428542.1518,0.7006,0.6350,0.6350,0.5695,0.5695,0.7538,0.6350,0.4998,0.4302,0.2458,0.2458,0.4302,0.4998,0.0123,0.0164,0.0737,0.0737,0.6760,0.7800,,0.1040,,32.99,-13.47,177.7,168.3,1.132,0.159,
1791428542.1865485,0.7006,0.4998,0.7538,0.4302,0.5695,0.7538,0.7006,0.7006,0.5695,0.5695,0.3646,0.5695,0.4998,0.0205,0.0574,0.0942,0.0737,0.6760,0.7790,,0.1030,,33.04,-13.51,178.4,168.4,1.116,0.159,1.708
1791428542.219755,0.7006,0.6350,0.4998,0.5695,0.4302,0.6350,0.5695,0.7538,0.5695,0.4302,0.1229,0.4302,0.4998,0.0205,0.0574,0.0942,0.0574,0.6760,0.7835,,0.1075,,33.74,-13.74,178.0,168.4,1.076,0.156,1.731
1791428542.252144,0.6350,0.7006,0.5695,0.5695,0.7006,0.5695,0.4998,0.5695,0.7006,0.5695,0.3646,0.3646,0.4998,0.0410,0.0737,0.0574,0.0737,0.6760,0.7805,,0.1045,,33.30,-13.50,178.0,168.8,1.230,0.159,1.818
1791428542.2957065,0.8030,0.5695,0.6350,0.4998,0.7006,0.7538,0.6350,0.5695,0.5695,0.4302,0.2458,0.2991,0.4302,0.0205,0.0246,0.0574,0.0574,0.6760,0.7800,,0.1040,,33.40,-13.56,178.1,168.8,,0.158,1.829
1791428542.326883,0.4302,0.7006,0.6350,0.4998,0.6350,0.6350,0.7538,0.6350,0.4998,0.1966,0.3646,0.3646,0.4302,0.0737,0.0737,0.1229,0.0942,0.6760,0.7780,,0.1020,,33.72,,178.8,168.5,1.089,0.155,1.600
1791428542.3592217,0.7006,0.6350,0.8030,0.5695,0.5695,0.8767,0.3646,0.6350,0.6350,0.5695,0.4998,0.4302,0.4998,0.0246,0.0369,0.1966,0.0737,0.6750,0.7805,,0.1055,,33.91,,178.9,168.5,1.174,0.155,1.790
1791428542.3897843,0.7006,0.5695,0.5695,0.4302,0.3646,0.7006,0.7006,0.7006,0.7006,0.4998,0.3646,0.3646,0.2991,0.0410,0.0369,0.0737,0.0942,0.6750,0.7805,,0.1055,,34.00,,179.0,168.7,,0.155,1.701
1791428542.4216237,0.4998,0.2991,0.4302,0.3646,0.4302,0.8030,0.6350,0.6350,0.7006,0.4302,0.2991,0.4302,0.2991,0.0246,0.0574,0.0205,0.0737,0.6740,0.7805,,0.1065,,34.29,,180.0,168.5,,0.154,1.769
1791428542.453079,0.8030,0.7538,0.5695,0.4998,0.5695,0.7006,0.7538,0.7006,0.5695,0.5695,0.3646,0.4998,0.3646,0.0369,0.0246,0.0410,0.0737,0.6730,0.7780,,0.1050,,34.51,,179.8,168.8,1.033,0.152,1.629
1791428542.4879956,0.6350,0.7538,0.4998,0.7538,0.4998,0.6350,0.4998,0.8030,0.4302,0.1966,0.2991,0.4302,0.4302,0.0246,0.0410,0.0942,0.0574,0.6750,0.7810,,0.1060,,34.87,,179.8,168.6,1.114,0.151,
1791428542.5201805,0.6350,0.4998,0.5695,0.4998,0.6350,0.7538,0.5695,0.7006,0.6350,0.4998,0.4302,0.3646,0.4998,0.0164,0.0369,0.0737,0.0574,0.6710,0.7785,,0.1075,,34.80,,179.9,168.4,1.067,0.152,1.672
1791428542.5530314,0.4998,0.4998,0.5695,0.4998,0.6350,0.6350,0.7538,0.6350,0.7538,0.4998,0.3646,0.4998,0.4998,0.0737,0.0410,0.0737,0.0574,0.6700,0.7840,,0.1140,,35.70,,179.7,168.2,1.154,0.149,1.750
1791428542.5866022,0.5695,0.7538,0.6350,0.5695,0.6350,0.8030,0.4998,0.6350,0.7538,0.6350,0.4998,0.4302,0.4302,0.0574,0.0410,0.0737,0.0410,0.6690,0.7790,,0.1100,,35.95,,179.7,168.0,1.116,0.149,1.686
1791428542.627371,0.7538,0.7538,0.5695,0.4998,0.6350,0.7006,0.5695,0.5695,0.4998,0.5695,0.2458,0.4302,0.4302,0.0205,0.0205,0.0246,0.0574,0.6720,0.7775,,0.1055,,35.97,,179.5,167.4,1.115,0.148,1.763
1791428542.659279,0.6350,0.7538,0.4998,0.5695,0.5695,0.7538,0.5695,0.6350,0.6350,0.5695,0.2991,0.2991,0.4302,0.0410,0.0410,0.0737,0.0410,0.6710,0.7790,,0.1080,,36.57,,179.0,167.0,,0.145,1.706
1791428542.6908243,0.6350,0.1966,0.5695,0.4302,0.5695,0.7538,0.7006,0.6350,0.7538,0.2458,0.3646,0.3646,0.4998,0.0369,0.0410,0.0205,0.0410,0.6660,0.7900,,0.1240,,37.72,,178.7,167.7,1.136,0.143,1.642
1791428542.7225282,0.5695,0.7538,0.5695,0.5695,0.4998,0.7006,0.5695,0.7006,0.4302,0.4998,0.3646,0.5695,0.4302,0.0369,0.0574,0.1229,0.0737,0.6660,0.7775,,0.1115,,37.66,,178.4,167.0,1.102,0.144,1.703
1791428542.7538579,0.4998,0.9054,0.5695,0.2991,0.4998,0.7538,0.4998,0.6350,0.4998,0.2991,0.3646,0.4302,0.4998,0.0410,0.0574,0.0574,0.0737,0.6660,0.7860,,0.1200,,38.45,,178.2,166.6,1.114,0.142,1.649
1791428542.786383,0.5695,0.6350,0.6350,0.4302,0.4302,0.7006,0.5695,0.7538,0.4302,0.2991,0.3646,0.4302,0.4302,0.0574,0.0205,0.0942,0.0369,0.6660,0.7815,,0.1155,,39.34,,176.7,165.8,1.049,0.138,1.522
1791428542.819584,0.7006,0.6350,0.4998,0.2991,0.5695,0.6350,0.5695,0.4998,0.4302,0.2458,0.2991,0.4998,0.4302,0.0369,0.0246,0.0942,0.0942,0.6700,0.7780,,0.1080,,39.03,,176.6,165.9,1.097,0.138,
1791428542.8534095,0.7006,0.5695,0.7538,0.5695,0.4302,0.7006,0.4998,0.8030,0.4998,0.6350,0.2991,0.4302,0.4998,0.0123,0.0369,0.0942,0.0737,0.6660,0.7825,,0.1165,,39.62,,176.8,166.7,1.060,0.137,1.718
1791428542.8856406,0.7006,0.6350,0.5695,0.4998,0.5695,0.7538,0.7538,0.7538,0.3646,0.3646,0.2991,0.4302,0.4998,0.0246,0.0737,0.1557,0.0410,0.6680,0.7775,,0.1095,,39.97,,176.2,166.6,1.106,0.134,1.689
1791428542.9197624,0.8030,0.6350,0.5695,0.5695,0.4998,0.7006,0.7006,0.6350,0.4302,0.2991,0.3646,0.4302,0.2991,0.0205,0.0737,0.0737,0.0737,0.6730,0.7815,,0.1085,,40.01,,176.0,166.1,,0.133,1.713
1791428542.961338,0.6350,0.7006,0.5695,0.4998,0.4998,0.7006,0.5695,0.6350,0.5695,0.4998,0.4302,0.4302,0.4302,0.0369,0.0942,0.0942,0.0574,0.6700,0.7790,,0.1090,,40.35,,175.7,165.9,1.089,0.131,1.618
1791428542.9922862,0.8440,0.6350,0.7538,0.4998,0.4998,0.8440,0.7538,0.7538,0.4302,0.1966,0.4302,0.3646,0.4302,0.0574,0.0410,0.0410,0.0942,0.6680,0.7810,,0.1130,,40.90,,174.9,166.1,1.117,0.129,1.640
1791428543.0240335,0.8030,0.4998,0.7006,0.3646,0.4998,0.5695,0.4998,0.8030,0.5695,0.2458,0.2991,0.4302,0.2991,0.0410,0.0205,0.0737,0.1229,0.6680,0.7820,,0.1140,,40.82,,174.9,165.4,,0.130,
1791428543.0568745,0.7006,0.7538,0.7006,0.4998,0.6350,0.7538,0.6350,0.7006,0.7006,0.4998,0.1966,0.3646,0.3646,0.0164,0.0574,0.0942,0.0574,0.6680,0.7805,,0.1125,,40.63,,174.9,165.1,1.130,0.131,1.814
1791428543.0870433,0.6350,0.9054,0.6350,0.4998,0.4302,0.7538,0.5695,0.3646,0.5695,0.6350,0.2991,0.4302,0.4998,0.0574,0.0574,0.0942,0.0574,0.6730,0.7785,,0.1055,,40.39,,174.5,165.5,1.125,0.130,1.787
1791428543.1207156,0.7006,0.8767,0.4302,0.5695,0.6350,0.7538,0.4998,0.7538,0.5695,0.4302,0.4302,0.3646,0.4302,0.0410,0.0246,0.0942,0.0737,0.6670,0.7825,,0.1155,,40.85,,174.8,165.7,1.102,0.129,1.626
1791428543.1545582,0.5695,0.9259,0.4998,0.5695,0.5695,0.7538,0.4302,0.7006,0.5695,0.3646,0.3646,0.3646,0.4302,0.0205,0.0574,0.0205,0.0410,0.6690,0.7770,,0.1080,,40.32,,174.8,166.2,1.086,0.131,1.639
1791428543.1874504,0.6350,0.9587,0.7538,0.5695,0.7006,0.7538,0.6350,0.7538,0.3646,0.4302,0.2991,0.4302,0.3646,0.0246,0.0410,0.0942,0.0737,0.6690,0.7810,,0.1120,,40.06,,175.6,165.7,1.221,0.132,1.971
1791428543.2314248,0.4998,0.7006,0.2991,0.4998,0.4302,0.5695,0.6350,0.7006,0.4998,0.4998,0.2458,0.4302,0.4998,0.0410,0.0574,0.0942,0.0574,0.6710,0.7820,,0.1110,,40.15,,175.9,164.8,1.183,0.132,1.835
1791428543.263114,0.7538,0.8440,0.5695,0.6350,0.5695,0.6350,0.6350,0.7006,0.6350,0.4302,0.2458,0.4302,0.4302,0.0410,0.1229,0.1229,0.0737,0.6690,0.7800,,0.1110,,39.68,,175.1,164.7,1.130,0.134,1.817
1791428543.2949376,0.3646,0.9054,0.6350,0.4998,0.4302,0.7538,0.4998,0.7006,0.5695,0.4998,0.2991,0.4998,0.4998,0.0369,0.0246,0.0574,0.0574,0.6720,0.7790,,0.1070,,40.13,,175.1,165.0,1.159,0.131,1.797
1791428543.3253708,0.5695,0.8440,0.5695,0.4302,0.4998,0.8030,0.7006,0.6350,0.7006,0.2458,0.3646,0.4302,0.2991,0.0369,0.0369,0.0942,0.0574,0.6700,0.7785,,0.1085,,40.07,,174.9,165.5,,0.131,1.675
1791428543.3553202,0.4998,0.7006,0.7006,0.5695,0.4302,0.7538,0.7538,0.6350,0.7538,0.5695,0.2458,0.4998,0.3646,0.0410,0.0246,0.0410,0.0737,0.6690,0.7805,,0.1115,,40.44,,174.1,165.8,1.045,0.129,1.725
1791428543.3886495,0.5695,0.5695,0.7538,0.6350,0.4998,0.7538,0.8030,0.6350,0.5695,0.2991,0.2991,0.3646,0.4998,0.0205,0.0369,0.0246,0.0410,0.6670,0.7790,,0.1120,,40.66,,174.1,166.5,1.165,0.129,
1791428543.4205954,0.6350,0.5695,0.5695,0.4998,0.4998,0.6350,0.5695,0.7538,0.5695,0.4998,0.5695,0.4302,0.4998,0.0205,0.0246,0.0574,0.0574,0.6640,0.7835,,0.1195,,41.69,,175.0,166.3,1.006,0.126,1.488
1791428543.4534025,0.2458,0.4998,0.6350,0.3646,0.4302,0.7538,0.6350,0.6350,0.5695,0.1966,0.4302,0.4302,0.3646,0.0410,0.0574,0.0574,0.0737,,0.7820,,,,41.69,,175.0,165.6,1.109,0.126,
1791428543.4878988,0.4998,0.7006,0.7006,0.4998,0.4998,0.8440,0.6350,0.7006,0.4302,0.5695,0.3646,0.4302,0.4302,0.0574,0.0410,0.0737,0.0942,0.6630,0.7825,,0.1195,,41.90,,175.8,165.7,1.220,0.127,1.814
1791428543.5311391,0.5695,0.7538,0.7538,0.3646,0.5695,0.7538,0.7538,0.6350,0.3646,0.2991,0.2991,0.4998,0.4998,0.0737,0.0410,0.0942,0.0574,0.6680,0.7770,,0.1090,,40.91,,174.9,165.6,1.143,0.130,
1791428543.563803,0.4302,0.5695,0.5695,0.4998,0.6350,0.6350,0.6350,0.6350,0.4998,0.5695,0.1557,0.4302,0.4998,0.0369,0.0942,0.1557,0.0737,0.6630,0.7840,,0.1210,,41.70,,175.4,165.7,1.118,0.128,1.749
1791428543.594885,0.6350,0.7006,0.7006,0.4302,0.4998,0.8030,0.4998,0.5695,0.4998,0.4998,0.3646,0.4302,0.4302,0.0410,0.0205,0.1229,0.0574,0.6640,0.7815,,0.1175,,41.91,,175.6,165.3,1.208,0.128,1.813
1791428543.6258316,0.4998,0.7006,0.6350,0.2458,0.3646,0.7538,0.6350,0.6350,0.5695,0.5695,0.1966,0.3646,0.4302,0.0410,0.0574,0.0410,0.0574,0.6640,0.7785,,0.1145,,41.43,,176.0,164.5,1.177,0.130,1.832
1791428543.6572232,0.4302,0.8767,0.7006,0.5695,0.4998,0.5695,0.4998,0.4302,0.2991,0.4302,0.1966,0.4302,0.4302,0.0369,0.0410,0.0942,0.0737,0.6640,0.7805,,0.1165,,41.46,,174.9,165.0,1.092,0.130,1.789
1791428543.688837,0.3646,0.5695,0.7538,0.3646,0.6350,0.7538,0.7538,0.5695,0.4998,0.2991,0.6350,0.3646,0.3646,0.0369,0.0205,0.1229,0.0737,0.6630,0.7790,,0.1160,,41.47,,174.7,165.3,1.161,0.131,1.803
1791428543.7212155,0.3646,0.4302,0.7006,0.4302,0.5695,0.6350,0.5695,0.7006,0.2991,0.4998,0.2458,0.4998,0.4302,0.0737,0.0574,0.0205,0.0737,0.6630,0.7830,,0.1200,,41.87,,175.3,165.4,1.127,0.130,1.787
1791428543.7543144,0.6350,0.7538,0.8030,0.4302,0.4998,0.6350,0.7538,0.5695,0.4998,0.2458,0.3646,0.4302,0.4302,0.0410,0.0410,0.0737,0.0574,0.6640,0.7810,,0.1170,,42.51,,174.8,165.6,1.142,0.127,1.680
1791428543.7876775,0.4998,0.7538,0.7538,0.5695,0.6350,0.7538,0.6350,0.6350,0.7538,0.4998,0.2991,0.4302,0.4998,0.0369,0.0942,0.0737,0.0574,0.6630,0.7855,,0.1225,,43.10,,175.7,165.7,1.125,0.126,1.761
1791428543.821116,0.7538,0.5695,0.7006,0.4998,0.5695,0.8030,0.4998,0.6350,0.5695,0.4302,0.3646,0.3646,0.4302,0.0164,0.0574,0.1557,0.0737,0.6630,0.7795,,0.1165,,42.99,,175.8,167.2,1.198,0.126,1.586
1791428543.8632295,0.5695,0.7006,0.7538,0.4302,0.5695,0.8030,0.6350,0.7538,0.7538,0.1966,0.2458,0.4998,0.4998,0.0369,0.0574,0.1557,0.1229,0.6630,0.7810,,0.1180,,43.03,,175.8,166.2,1.113,0.126,
1791428543.8944113,0.6350,0.5695,0.7006,0.4302,0.5695,0.7538,0.7006,0.6350,0.3646,0.4998,0.2991,0.4998,0.4998,0.0410,0.0369,0.1229,0.0737,0.6650,0.7775,,0.1125,,42.63,,175.8,166.5,1.059,0.127,1.788
1791428543.9268131,0.5695,0.4998,0.8440,0.4302,0.4302,0.7006,0.6350,0.7006,0.7538,0.2991,0.4302,0.4302,0.4998,0.0574,0.0574,0.0574,0.0574,0.6630,0.7790,,0.1160,,42.33,,176.0,168.2,1.102,0.128,1.545
1791428543.95893,0.6350,0.8440,0.7006,0.4998,0.4302,0.7538,0.6350,0.6350,0.4998,0.3646,0.3646,0.3646,0.4998,0.0574,0.0737,0.0737,0.0942,0.6630,0.7845,,0.1215,,42.58,,176.5,168.0,1.130,0.128,1.650
1791428543.9895432,0.4998,0.8440,0.6350,0.4998,0.4302,0.8440,0.7006,0.8030,0.5695,0.6350,0.2991,0.3646,0.4302,0.0410,0.0410,0.1229,0.0574,0.6660,0.7810,,0.1150,,42.70,,176.4,168.6,1.125,0.127,1.790
1791428544.0212502,0.7006,0.7006,0.7538,0.5695,0.3646,0.5695,0.7006,0.8030,0.4302,0.5695,0.2991,0.4302,0.4998,0.0574,0.0942,0.0942,0.0737,0.6650,0.7830,,0.1180,,43.14,,176.8,167.9,1.075,0.125,1.749
1791428544.0545232,0.7006,0.5695,0.6350,0.5695,0.3646,0.7006,0.7538,0.7006,0.5695,0.4998,0.2458,0.4302,0.4998,0.0246,0.0574,0.0410,0.0410,0.6640,0.7840,,0.1200,,43.69,,176.6,167.8,1.057,0.123,1.671
1791428544.0881827,0.6350,0.6350,0.8030,0.4302,0.5695,0.7006,0.6350,0.7538,0.5695,0.5695,0.2991,0.4302,0.4998,0.0123,0.0246,0.0246,0.0574,0.6660,0.7795,,0.1135,,43.65,,175.9,169.1,1.167,0.123,1.805
1791428544.1312385,0.6350,0.6350,0.7538,0.5695,0.4998,0.7538,0.7538,0.7006,0.7006,0.4998,0.1966,0.4998,0.4302,0.0123,0.0410,0.0369,0.0410,0.6650,0.7790,,0.1140,,42.89,,176.4,169.2,1.261,0.125,1.936
1791428544.164359,0.3646,0.5695,0.8767,0.4998,0.4998,0.7538,0.7006,0.6350,0.3646,0.6350,0.4302,0.4302,0.4998,0.0369,0.0737,0.0737,0.0737,0.6650,0.7800,,0.1150,,42.69,,177.0,169.0,1.117,0.126,1.623
1791428544.1955462,0.4302,0.4998,0.4302,0.2991,0.4998,0.8030,0.3646,0.7538,0.5695,0.5695,0.2991,0.4302,0.4998,0.0246,0.0205,0.0942,0.0574,0.6650,0.7810,,0.1160,,42.74,,177.5,168.6,1.146,0.126,1.839
1791428544.2282405,0.3646,0.6350,0.7006,0.4998,0.4998,0.8440,0.7006,0.7006,0.7006,0.5695,0.3646,0.4302,0.3646,0.0574,0.0369,0.0737,0.0574,0.6650,0.7840,,0.1190,,43.05,,177.2,167.4,1.131,0.125,1.635
1791428544.2597575,0.6350,0.9054,0.6350,0.4998,0.4302,0.7538,0.6350,0.5695,0.5695,0.7006,0.2991,0.4302,0.4302,0.0410,0.0737,0.0246,0.0574,0.6630,0.7885,,0.1255,,44.07,,177.3,167.0,1.209,0.122,1.838
1791428544.2915611,0.4998,0.8767,0.8030,0.4302,0.5695,0.6350,0.7006,0.6350,0.6350,0.5695,0.1557,0.4302,0.3646,0.0574,0.0737,0.1229,0.0410,0.6630,0.7790,,0.1160,,43.94,,176.2,167.9,1.150,0.122,1.800
1791428544.3225267,0.4998,0.6350,0.8030,0.5695,0.3646,0.8030,0.8030,0.7006,0.4998,0.4998,0.3646,0.4302,0.4302,0.0205,0.0737,0.0942,0.0410,0.6700,0.7795,,0.1095,,43.62,,176.4,168.6,1.154,0.122,1.505
1791428544.3542325,0.4998,0.5695,0.8030,0.2991,0.2991,0.7538,0.5695,0.7006,0.7538,0.7006,0.3646,0.4302,0.4998,0.0410,0.0410,0.0737,0.0410,0.6630,0.7800,,0.1170,,42.85,,176.4,168.9,1.096,0.125,1.600
1791428544.388951,0.6350,0.5695,0.4998,0.4998,0.4998,0.7006,0.2991,0.8030,0.3646,0.7006,0.2458,0.3646,0.4302,0.0410,0.0410,0.0942,0.0410,0.6640,,,,,42.85,,176.4,168.9,,,
1791428544.4214098,0.5695,0.4998,0.8030,0.4302,0.5695,0.7538,0.6350,0.5695,0.4998,0.5695,0.4998,0.4302,0.4998,0.0246,0.0737,0.1557,0.0574,0.6650,0.7835,,0.1185,,43.30,,176.7,169.2,1.092,0.124,1.560
1791428544.4557936,0.7538,0.4998,0.7006,0.4998,0.3646,0.7006,0.7006,0.5695,0.7006,0.2458,0.1966,0.4302,0.4998,0.0574,0.0574,0.0942,0.0737,0.6660,0.7825,,0.1165,,43.50,,177.0,169.5,1.114,0.123,
1791428544.4969068,0.5695,0.7006,0.7006,0.2458,0.4998,0.8440,0.7538,0.6350,0.6350,0.1557,0.2458,0.4302,0.4998,0.0164,0.0246,0.0737,0.0574,0.6690,0.7840,,0.1150,,43.47,,176.9,169.6,1.089,0.123,
1791428544.5282035,0.3646,0.8440,0.6350,0.5695,0.6350,0.6350,0.7006,0.7006,0.4998,0.5695,0.2991,0.4998,0.4302,0.0410,0.0574,0.0942,0.0737,0.6660,0.7795,,0.1135,,43.29,,177.0,169.4,1.162,0.123,1.792
1791428544.558853,0.6350,0.5695,0.7538,0.3646,0.6350,0.7538,0.5695,0.8030,0.6350,0.5695,0.2991,0.3646,0.4302,0.0369,0.0369,0.0574,0.0410,0.6640,0.7820,,0.1180,,43.53,,177.0,169.9,1.147,0.122,1.844
1791428544.5910668,0.5695,0.7538,0.4302,0.7006,0.4302,0.7006,0.6350,0.8030,0.6350,0.2991,0.3646,0.3646,0.2458,0.0369,0.0410,0.0369,0.0574,0.6700,0.7810,,0.1110,,43.28,,176.8,170.2,,0.122,1.648
1791428544.6222668,0.4998,0.5695,0.7538,0.4302,0.5695,0.7538,0.8440,0.7006,0.4302,0.4302,0.4302,0.4998,0.4998,0.0574,0.0942,0.0574,0.0574,0.6670,0.7780,,0.1110,,43.26,,176.7,170.3,1.129,0.122,1.667
1791428544.655435,0.4302,0.7006,0.8030,0.4998,0.4302,0.7538,0.6350,0.7006,0.5695,0.3646,0.1966,0.2991,0.4998,0.0369,0.0205,0.0205,0.0574,0.6740,0.7805,,0.1065,,43.33,,176.7,170.5,,0.120,1.686
1791428544.6887028,0.3646,0.7006,0.7538,0.4998,0.4302,0.6350,0.6350,0.6350,0.6350,0.4998,0.2991,0.4998,0.4302,0.0574,0.0737,0.0410,0.0574,0.6670,0.7775,,0.1105,,42.85,,176.6,170.4,1.106,0.121,1.773
1791428544.721798,0.4998,0.8030,0.6350,0.4998,0.4998,0.8030,0.5695,0.5695,0.5695,0.4998,0.3646,0.4998,0.4302,0.0369,0.0737,0.0574,0.0737,0.6710,0.7880,,0.1170,,43.05,,177.0,169.4,1.164,0.121,1.661
1791428544.7637417,0.6350,0.4998,0.6350,0.3646,0.4998,0.7538,0.6350,0.7538,0.5695,0.2991,0.2991,0.4998,0.4998,0.0369,0.0164,0.1229,0.0737,0.6670,0.7765,,0.1095,,43.18,,176.8,169.7,1.116,0.120,
1791428544.7976055,0.3646,0.8440,0.7538,0.4998,0.6350,0.8440,0.6350,0.7538,0.5695,0.5695,0.4302,0.4302,0.4998,0.0410,0.0574,0.0737,0.0574,0.6660,0.7870,,0.1210,,44.34,,177.5,169.8,1.114,0.117,1.534
1791428544.8275096,0.6350,0.4998,0.7538,0.4998,0.4302,0.7006,0.6350,0.7006,0.4998,0.3646,0.3646,0.4302,0.4302,0.0410,0.0410,0.0942,0.0737,0.6660,0.7935,,0.1275,,44.98,,178.4,169.2,1.034,0.117,1.561
1791428544.8585014,0.4998,0.5695,0.4998,0.4302,0.4998,0.7538,0.7006,0.7538,0.7006,0.7006,0.2458,0.3646,0.4998,0.0410,0.0369,0.0410,0.0574,0.6670,0.7860,,0.1190,,45.42,,178.1,168.1,1.079,0.116,1.685
1791428544.8895636,0.3646,0.7538,0.8030,0.4998,0.5695,0.8030,0.7006,0.7538,0.4302,0.4302,0.2991,0.3646,0.4998,0.0369,0.0410,0.0246,0.0737,0.6720,0.7790,,0.1070,,44.30,,177.6,168.1,1.175,0.118,1.846
1791428544.9224179,0.4998,0.7538,0.8030,0.4998,0.5695,0.7006,0.6350,0.8030,0.5695,0.3646,0.2458,0.3646,0.4998,0.0410,0.0942,0.1557,0.0737,0.6640,0.7775,,0.1135,,44.13,,177.9,167.6,1.005,0.118,1.712
1791428544.9559433,0.5695,0.7538,0.5695,0.2991,0.4302,0.6350,0.8030,0.7006,0.3646,0.4302,0.2991,0.3646,0.3646,0.0123,0.0574,0.0410,0.0410,0.6720,0.7775,,0.1055,,43.70,,177.6,167.6,1.123,0.118,1.764
1791428544.9893758,0.4998,0.7006,0.7538,0.4998,0.4998,0.7538,0.7006,0.6350,0.5695,0.4998,0.4302,0.4998,0.4998,0.0369,0.0574,0.0942,0.0574,0.6720,0.7840,,0.1120,,43.88,,177.9,167.0,1.144,0.117,1.668
1791428545.0313203,0.7538,0.7006,0.7006,0.4302,0.4998,0.7538,0.6350,0.7006,0.7538,0.4302,0.3646,0.4998,0.4998,0.0574,0.0574,0.0205,0.0574,0.6670,0.7820,,0.1150,,44.33,,178.1,167.2,1.133,0.116,1.585
1791428545.0645738,0.6350,0.8440,0.7006,0.3646,0.4998,0.7006,0.6350,0.7006,0.7538,0.4998,0.2991,0.4302,0.4998,0.0082,0.0246,0.0246,0.0410,0.6640,0.7790,,0.1150,,43.53,,178.4,166.7,1.132,0.120,1.827
1791428545.0954597,0.3646,0.7006,0.8030,0.4998,0.4302,0.8440,0.8030,0.7538,0.4998,0.4302,0.2991,0.4302,0.4998,0.0574,0.0574,0.0737,0.0574,0.6670,0.7820,,0.1150,,43.88,,178.1,166.9,1.214,0.118,1.813
1791428545.1263087,0.6350,0.7538,0.7538,0.3646,0.6350,0.6350,0.7006,0.7538,0.6350,0.4998,0.2458,0.4998,0.4302,0.0369,0.0737,0.0410,0.0737,0.6700,0.7810,,0.1110,,43.45,,177.7,166.6,1.197,0.120,1.905
1791428545.1568465,0.5695,0.6350,0.8030,0.5695,0.4998,0.6350,0.5695,0.7538,0.5695,0.3646,0.4998,0.5695,0.4998,0.0246,0.0574,0.0942,0.0574,0.6700,0.7820,,0.1120,,43.46,,178.3,166.9,1.000,0.119,1.485
1791428545.1897311,0.4302,0.5695,0.5695,0.4302,0.4998,0.7538,0.6350,0.6350,0.2991,0.2458,0.3646,0.4302,0.3646,0.0410,0.0410,0.0574,0.0574,0.6700,0.7780,,0.1080,,43.05,,177.8,167.2,1.144,0.120,1.707
1791428545.223728,0.7538,0.7538,0.7538,0.3646,0.4998,0.7006,0.5695,0.7006,0.4302,0.5695,0.4302,0.4302,0.4302,0.0574,0.0410,0.0737,0.0410,0.6700,0.7825,,0.1125,,42.89,,178.3,166.6,1.083,0.121,1.575
1791428545.2563198,0.7006,0.4998,0.6350,0.6350,0.4998,0.7006,0.4998,0.7538,0.4998,0.3646,0.1966,0.4302,0.4998,0.0410,0.0574,0.0737,0.0737,0.6680,0.7790,,0.1110,,42.62,,178.2,165.5,1.107,0.122,1.752
1791428545.2992249,0.5695,0.8030,0.7006,0.5695,0.4998,0.8030,0.8030,0.6350,0.4998,0.4302,0.3646,0.4302,0.2991,0.0164,0.0410,0.0574,0.0410,0.6700,0.7835,,0.1135,,42.97,,178.9,165.1,,0.120,1.547
1791428545.3298795,0.5695,0.8767,0.7538,0.4302,0.5695,0.7538,0.4998,0.6350,0.4998,0.4998,0.1966,0.3646,0.2991,0.0246,0.0574,0.0574,0.0574,0.6720,0.7820,,0.1100,,42.18,,178.4,162.7,,0.123,1.901
1791428545.3605177,0.7006,0.4302,0.8440,0.4998,0.6350,0.8030,0.7006,0.6350,0.4302,0.3646,0.3646,0.3646,0.4302,0.0410,0.0737,0.0574,0.0410,0.6700,0.7795,,0.1095,,42.65,,178.1,163.4,1.013,0.121,1.486
1791428545.3924708,0.7006,0.7006,0.8030,0.5695,0.4302,0.7006,0.7538,0.6350,0.5695,0.4302,0.3646,0.2991,0.4302,0.0369,0.0246,0.0574,0.0574,0.6700,0.7800,,0.1100,,42.39,,178.5,164.5,,0.122,1.748
1791428545.4242716,0.6350,0.6350,0.7006,0.4302,0.4302,0.6350,0.5695,0.7006,0.4302,0.4998,0.4302,0.3646,0.3646,0.0246,0.0942,0.0410,0.0737,0.6700,0.7745,,0.1045,,41.78,,178.1,164.6,1.039,0.123,1.658
1791428545.455989,0.4998,0.4998,0.4302,0.5695,0.4998,0.6350,0.8030,0.7006,0.4998,0.2991,0.3646,0.4998,0.4302,0.0369,0.0205,0.1557,0.0737,0.6670,0.7815,,0.1145,,41.83,,177.8,165.2,1.147,0.124,1.702
1791428545.4898338,0.4998,0.5695,0.4302,0.5695,0.4302,0.8030,0.7006,0.6350,0.7006,0.6350,0.4998,0.4998,0.4998,0.0737,0.0574,0.1966,0.0369,0.6650,0.7775,,0.1125,,41.70,,177.7,165.7,1.168,0.125,1.713
1791428545.5237558,0.6350,0.7538,0.7538,0.4998,0.4998,0.7006,0.7006,0.5695,0.3646,0.5695,0.4302,0.4302,0.3646,0.0574,0.0574,0.0942,0.0942,0.6670,0.7830,,0.1160,,42.14,,177.1,165.2,1.074,0.124,1.558
1791428545.5663276,0.5695,0.4302,0.8440,0.4998,0.4998,0.7538,0.6350,0.5695,0.3646,0.2458,0.2991,0.4998,0.4998,0.0369,0.0574,0.0574,0.0737,0.6700,0.7825,,0.1125,,42.19,,177.0,165.9,1.139,0.124,
1791428545.5984495,0.6350,0.8030,0.7006,0.4998,0.4302,0.9054,0.5695,0.7538,0.5695,0.4302,0.3646,0.3646,0.3646,0.0574,0.0942,0.0942,0.0942,0.6660,0.7855,,0.1195,,42.54,,177.6,165.4,1.160,0.124,1.684
1791428545.6297677,0.4302,0.6350,0.8030,0.4998,0.5695,0.6350,0.4302,0.7006,0.4302,0.6350,0.2991,0.4302,0.4302,0.0123,0.0410,0.0942,0.0574,0.6670,0.7770,,0.1100,,42.36,,178.0,165.4,1.085,0.124,1.762
1791428545.6615288,0.5695,0.7538,0.6350,0.4998,0.7006,0.9054,0.6350,0.7006,0.6350,0.4302,0.2991,0.4302,0.4302,0.0369,0.0369,0.0205,0.0737,0.6700,0.7845,,0.1145,,43.05,,178.7,165.4,1.063,0.121,1.699
1791428545.6924248,0.5695,0.6350,0.4998,0.5695,0.4302,0.8030,0.6350,0.6350,0.5695,0.2991,0.3646,0.4302,0.4302,0.0246,0.0410,0.0410,0.0410,0.6670,0.7785,,0.1115,,43.22,,178.5,164.8,1.002,0.120,1.528
1791428545.7241046,0.4302,0.8030,0.4998,0.4302,0.3646,0.7538,0.5695,0.6350,0.5695,0.2991,0.3646,0.3646,0.4998,0.0574,0.0574,0.0737,0.0574,0.6680,0.7775,,0.1095,,43.22,,178.3,165.3,1.112,0.119,1.586
1791428545.7563741,0.4302,0.5695,0.7538,0.3646,0.4998,0.8767,0.8440,0.6350,0.5695,0.4998,0.4302,0.3646,0.3646,0.0369,0.0410,0.0737,0.0410,0.6670,0.7815,,0.1145,,43.63,,178.1,165.6,1.154,0.118,1.693
1791428545.7894776,0.4302,0.7006,0.7538,0.3646,0.4998,0.7538,0.4998,0.6350,0.5695,0.6350,0.2991,0.4302,0.4998,0.0574,0.0369,0.0410,0.0737,0.6760,0.7775,,0.1015,,43.06,,178.0,165.9,1.099,0.118,1.757
1791428545.8239465,0.5695,0.7006,0.8030,0.4302,0.4998,0.7538,0.7538,0.6350,0.7538,0.2458,0.3646,0.3646,0.4302,0.0369,0.0246,0.0942,0.0574,0.6720,0.7770,,0.1050,,42.32,,177.0,166.1,1.083,0.120,1.574
1791428545.8674464,0.5695,0.6350,0.7006,0.5695,0.5695,0.7538,0.5695,0.8030,0.5695,0.1966,0.2991,0.3646,0.3646,0.0410,0.0737,0.0737,0.0737,0.6690,0.7820,,0.1130,,42.41,,176.9,166.1,1.136,0.120,
1791428545.897692,0.5695,0.6350,0.7538,0.4302,0.4302,0.8440,0.5695,0.7538,0.5695,0.5695,0.4998,0.4302,0.4302,0.0574,0.0737,0.1229,0.0574,0.6670,0.7880,,0.1210,,43.53,,177.1,165.9,1.008,0.118,1.460
1791428545.930029,0.4998,0.8440,0.7538,0.4998,0.3646,0.7006,0.6350,0.6350,0.7006,0.2458,0.4302,0.3646,0.4998,0.0410,0.0737,0.0942,0.0942,0.6680,0.7785,,0.1105,,43.35,,176.9,166.1,1.109,0.119,1.607
1791428545.9623263,0.5695,0.4998,0.8030,0.4302,0.5695,0.8440,0.6350,0.6350,0.7006,0.4302,0.2991,0.4302,0.4302,0.0369,0.0574,0.0246,0.0574,0.6650,0.7815,,0.1165,,43.78,,177.5,166.2,1.089,0.118,1.723
1791428545.9941075,0.4302,0.8440,0.7006,0.4998,0.4302,0.7538,0.7006,0.6350,0.5695,0.2991,0.3646,0.4302,0.4998,0.0369,0.0574,0.1229,0.0574,0.6680,0.7805,,0.1125,,43.71,,177.6,166.1,1.138,0.118,1.689
1791428546.0251594,0.7006,0.5695,0.7006,0.5695,0.5695,0.8440,0.6350,0.7538,0.3646,0.5695,0.2991,0.4302,0.4998,0.0410,0.0410,0.0574,0.0737,0.6680,0.7815,,0.1135,,43.31,,177.7,166.0,1.239,0.120,1.928
1791428546.057824,0.4998,0.5695,0.7538,0.5695,0.5695,0.7006,0.6350,0.7538,0.4302,0.4998,0.2991,0.4302,0.3646,0.0164,0.0410,0.0942,0.0737,0.6670,0.7850,,0.1180,,43.49,,178.2,165.7,1.076,0.120,1.769
1791428546.0903213,0.5695,0.7538,0.7006,0.4998,0.3646,0.7006,0.7006,0.7006,0.7006,0.2458,0.3646,0.4998,0.4998,0.0164,0.0737,0.0737,0.0942,0.6660,0.7840,,0.1180,,43.53,,178.9,165.7,1.007,0.121,1.572
1791428546.1238487,0.4302,0.7006,0.8030,0.5695,0.4998,0.7538,0.4998,0.8030,0.5695,0.4302,0.1966,0.4302,0.5695,0.0369,0.0410,0.0737,0.0737,0.6690,0.7770,,0.1080,,43.31,,178.9,165.6,1.103,0.120,1.764
1791428546.15738,0.4302,0.6350,0.4302,0.2991,0.6350,0.7006,0.5695,0.7538,0.6350,0.4302,0.2991,0.2991,0.4302,0.0410,0.0574,0.1229,0.0574,0.6750,0.7820,,0.1070,,42.91,,178.9,165.2,,0.121,1.840
1791428546.2001495,0.4302,0.8767,0.6350,0.4998,0.4998,0.6350,0.6350,0.6350,0.4998,0.4302,0.2991,0.3646,0.4302,0.0942,0.0737,0.0737,0.0737,0.6680,0.7775,,0.1095,,43.01,,178.6,165.4,1.011,0.120,1.618
1791428546.2313676,0.7006,0.7006,0.6350,0.5695,0.4998,0.8030,0.5695,0.6350,0.5695,0.4998,0.2991,0.3646,0.4302,0.0574,0.0737,0.0574,0.0574,0.6640,0.7795,,0.1155,,42.84,,178.3,165.0,1.111,0.121,1.785
1791428546.2629616,0.7006,0.8030,0.7538,0.4998,0.4302,0.8030,0.8767,0.7006,0.6350,0.4998,0.3646,0.4302,0.4302,0.0246,0.0574,0.1229,0.0574,0.6640,0.7810,,0.1170,,42.75,,177.9,164.8,1.151,0.123,1.726
1791428546.2932458,0.7538,0.8030,0.8030,0.4998,0.4998,0.6350,0.5695,0.7006,0.5695,0.5695,0.2991,0.3646,0.5695,0.0574,0.0574,0.1557,0.0737,0.6680,0.7780,,0.1100,,42.49,,177.9,164.9,1.141,0.123,1.777
1791428546.3246646,0.4302,0.7006,0.8440,0.4302,0.4302,0.7538,0.7538,0.5695,0.7006,0.6350,0.4302,0.4302,0.2991,0.0410,0.0164,0.0942,0.0942,0.6690,0.7800,,0.1110,,42.57,,177.4,165.1,,0.122,1.544
1791428546.3574443,0.4998,0.4998,0.7538,0.4302,0.6350,0.7538,0.7006,0.7006,0.4998,0.7538,0.3646,0.3646,0.4998,0.0246,0.0246,0.0737,0.0737,0.6660,0.7820,,0.1160,,42.65,,177.4,165.1,1.265,0.123,1.792
1791428546.3909345,0.4998,0.8440,0.8440,0.5695,0.4998,0.5695,0.5695,0.7006,0.6350,0.5695,0.2991,0.4302,0.4302,0.0410,0.0737,0.0205,0.0410,0.6730,0.7805,,0.1075,,41.70,,177.2,165.6,1.243,0.126,1.983
1791428546.4243302,0.2991,0.7006,0.8030,0.5695,0.4998,0.7538,0.9054,0.7006,0.4998,0.5695,0.3646,0.4302,0.4998,0.0574,0.0410,0.0942,0.0737,,0.7820,,,,41.70,,177.3,165.4,1.144,0.126,
1791428546.466057,0.6350,0.7006,0.8030,0.6350,0.4998,0.7006,0.6350,0.7006,0.4998,0.5695,0.4302,0.4302,0.4302,0.0410,0.0410,0.1229,0.0942,0.6730,0.7800,,0.1070,,41.41,,177.5,166.2,1.139,0.126,1.740
1791428546.4988973,0.3646,0.6350,0.4998,0.4998,0.4302,0.8030,0.4998,0.7538,0.4302,0.5695,0.4998,0.3646,0.4302,0.0410,0.0574,0.1229,0.0737,0.6660,0.7780,,0.1120,,41.75,,176.9,165.5,1.068,0.125,1.611
1791428546.5294464,0.5695,0.7006,0.7538,0.3646,0.5695,0.7006,0.7006,0.6350,0.6350,0.5695,0.4302,0.3646,0.4302,0.0737,0.0574,0.0942,0.0737,0.6670,0.7800,,0.1130,,42.07,,177.1,165.4,1.057,0.124,1.560
1791428546.5618968,0.7006,0.8767,0.4998,0.4302,0.4998,0.8440,0.7006,0.6350,0.4998,0.6350,0.4302,0.4998,0.4302,0.0246,0.0574,0.0410,0.0574,0.6640,0.7815,,0.1175,,42.11,,177.2,164.8,1.115,0.125,1.622
1791428546.5925095,0.6350,0.8767,0.4998,0.4998,0.5695,0.6350,0.5695,0.7006,0.4302,0.4998,0.2991,0.3646,0.3646,0.0246,0.0246,0.0369,0.0410,0.6680,0.7795,,0.1115,,42.38,,176.7,164.9,1.078,0.123,1.727
1791428546.6241508,0.4998,0.4998,0.7538,0.4302,0.4302,0.6350,0.7006,0.6350,0.4302,0.7006,0.2458,0.4998,0.4998,0.0369,0.0205,0.0737,0.0942,0.6660,0.7825,,0.1165,,43.20,,177.0,164.9,1.079,0.121,1.647
1791428546.6573493,0.7006,0.7006,0.8030,0.6350,0.4998,0.5695,0.6350,0.7006,0.5695,0.2458,0.4302,0.4302,0.4302,0.0942,0.0737,0.0246,0.0410,0.6660,0.7780,,0.1120,,42.92,,176.6,165.7,1.098,0.122,1.576
1791428546.6902962,0.5695,0.6350,0.6350,0.5695,0.5695,0.7006,0.8767,0.6350,0.4998,0.5695,0.4302,0.2991,0.4302,0.0574,0.0942,0.0246,0.0574,0.6660,0.7765,,0.1105,,42.89,,177.1,165.7,,0.121,1.536
1791428546.7239647,0.4302,0.8440,0.4998,0.5695,0.4302,0.8030,0.5695,0.6350,0.4998,0.4998,0.2991,0.3646,0.4302,0.0737,0.0574,0.0942,0.0737,0.6710,0.7785,,0.1075,,42.76,,176.4,166.6,1.109,0.121,1.765
1791428546.7654235,0.7538,0.6350,0.7006,0.3646,0.4998,0.7006,0.4998,0.7006,0.4998,0.4302,0.2458,0.3646,0.4302,0.0246,0.0410,0.0246,0.0410,0.6660,0.7795,,0.1135,,43.09,,176.4,166.9,1.001,0.120,1.632
1791428546.7973793,0.7006,0.6350,0.8440,0.7006,0.4998,0.7006,0.7006,0.5695,0.4998,0.2991,0.1966,0.4302,0.4302,0.0574,0.0574,0.0410,0.0410,0.6660,0.7845,,0.1185,,43.73,,176.3,166.3,1.174,0.118,
1791428546.8291738,0.4998,0.7538,0.6350,0.4302,0.6350,0.7538,0.7006,0.7538,0.4302,0.6350,0.2991,0.3646,0.4998,0.0410,0.0737,0.0246,0.0574,0.6680,0.7800,,0.1120,,43.87,,176.8,166.0,1.136,0.118,1.785
1791428546.8616807,0.5695,0.7006,0.8440,0.4998,0.3646,0.7538,0.4998,0.5695,0.5695,0.4998,0.3646,0.3646,0.2458,0.0942,0.0410,0.0574,0.0574,0.6710,0.7840,,0.1130,,43.64,,176.4,165.4,,0.118,1.683
1791428546.8922443,0.6350,0.6350,0.6350,0.7006,0.5695,0.6350,0.7538,0.7006,0.4998,0.4998,0.3646,0.4998,0.3646,0.0410,0.0574,0.0574,0.0574,0.6660,0.7770,,0.1110,,42.97,,176.6,165.4,1.131,0.121,1.711
1791428546.9258158,0.7538,0.5695,0.4302,0.6350,0.5695,0.7006,0.8030,0.5695,0.6350,0.4998,0.4302,0.4302,0.4302,0.0123,0.0410,0.0942,0.0574,0.6640,0.7770,,0.1130,,42.89,,177.0,165.2,0.985,0.121,1.477
1791428546.958721,0.4998,0.5695,0.6350,0.4302,0.4302,0.7006,0.4998,0.7006,0.7006,0.5695,0.4302,0.3646,0.4302,0.0737,0.0737,0.0369,0.0737,0.6670,0.7775,,0.1105,,42.17,,176.5,166.1,1.132,0.124,1.675
1791428546.9912426,0.5695,0.8030,0.8030,0.4302,0.4998,0.7538,0.7006,0.6350,0.4998,0.4998,0.4998,0.3646,0.3646,0.0737,0.0737,0.1229,0.0410,0.6680,0.7770,,0.1090,,42.11,,176.2,165.5,1.041,0.123,1.589
1791428547.0256915,0.6350,0.7538,0.7538,0.3646,0.5695,0.8030,0.7006,0.5695,0.4302,0.4302,0.3646,0.3646,0.4998,0.0369,0.0410,0.0574,0.0369,0.6730,0.7765,,0.1035,,41.77,,176.3,165.4,1.098,0.123,1.614
1791428547.0665932,0.3646,0.8767,0.7538,0.4998,0.4998,0.7006,0.5695,0.5695,0.4302,0.4998,0.3646,0.4302,0.4998,0.0410,0.0737,0.0737,0.0737,0.6690,0.7805,,0.1115,,42.08,,176.2,165.6,1.098,0.122,1.552
1791428547.097761,0.7006,0.7006,0.7006,0.4998,0.6350,0.7538,0.5695,0.6350,0.4302,0.4998,0.4302,0.4302,0.3646,0.0205,0.0574,0.1557,0.0410,0.6660,0.7780,,0.1120,,42.61,,176.5,165.4,1.015,0.120,1.517
1791428547.1288764,0.4998,0.8030,0.5695,0.4302,0.4302,0.6350,0.6350,0.6350,0.6350,0.4302,0.2991,0.3646,0.3646,0.0246,0.0410,0.0205,0.0574,0.6640,0.7905,,0.1265,,43.48,,176.9,164.8,1.051,0.120,1.657
1791428547.1615453,0.6350,0.5695,0.6350,0.5695,0.5695,0.7538,0.7006,0.6350,0.4302,0.4302,0.3646,0.3646,0.4998,0.0574,0.0574,0.0737,0.0574,0.6660,0.7810,,0.1150,,43.38,,176.8,164.8,1.116,0.121,1.620
1791428547.1926,0.7006,0.8440,0.6350,0.4302,0.6350,0.7538,0.7006,0.6350,0.6350,0.4998,0.2991,0.4302,0.4302,0.0574,0.0574,0.0369,0.0737,0.6650,0.7770,,0.1120,,43.48,,176.9,164.3,1.043,0.120,1.662
1791428547.2246249,0.6350,0.8030,0.6350,0.4302,0.4998,0.7006,0.7538,0.6350,0.6350,0.1966,0.3646,0.4302,0.4998,0.0737,0.0410,0.0942,0.0942,0.6640,0.7810,,0.1170,,43.65,,176.7,164.4,1.083,0.120,1.632
1791428547.2583323,0.6350,0.7006,0.7538,0.4998,0.6350,0.8440,0.5695,0.4998,0.6350,0.4998,0.3646,0.4302,0.4302,0.0737,0.0737,0.1229,0.0574,0.6680,0.7790,,0.1110,,43.76,,176.9,164.1,1.065,0.119,1.537
1791428547.291492,0.4302,0.7006,0.7538,0.4998,0.6350,0.7006,0.7006,0.6350,0.7538,0.4998,0.4302,0.3646,0.3646,0.0246,0.0246,0.1966,0.0942,0.6650,0.7840,,0.1190,,44.29,,177.4,164.3,1.035,0.118,1.593
1791428547.3261757,0.2458,0.8030,0.7006,0.5695,0.2458,0.7538,0.7538,0.7006,0.5695,0.1557,0.3646,0.4302,0.4302,0.0410,0.0574,0.1966,0.0737,,0.7845,,,,44.29,,176.8,164.6,1.161,0.118,
1791428547.3674908,0.4998,0.8030,0.7006,0.4302,0.3646,0.7006,0.7006,0.6350,0.6350,0.4302,0.4998,0.3646,0.4998,0.0574,0.0574,0.0737,0.0410,0.6670,0.7810,,0.1140,,43.89,,176.9,164.5,1.124,0.119,1.684
1791428547.3997953,0.7538,0.6350,0.7006,0.4998,0.7006,0.8030,0.7006,0.6350,0.6350,0.4998,0.4302,0.3646,0.3646,0.0574,0.0737,0.0737,0.0574,0.6670,0.7770,,0.1100,,43.44,,176.3,165.3,1.102,0.120,1.632
1791428547.4305205,0.5695,0.7006,0.7538,0.5695,0.6350,0.7006,0.7006,0.6350,0.4302,0.2458,0.3646,0.4302,0.3646,0.0574,0.0737,0.1557,0.0410,0.6650,0.7805,,0.1155,,43.45,,175.8,165.7,1.082,0.120,1.565
1791428547.461796,0.7006,0.6350,0.5695,0.4302,0.4998,0.8030,0.7006,0.5695,0.4302,0.3646,0.4998,0.3646,0.4302,0.0410,0.0410,0.0574,0.0410,0.6660,0.7770,,0.1110,,42.98,,176.5,165.9,1.073,0.122,1.563
1791428547.4930923,0.2991,0.7006,0.5695,0.4998,0.4998,0.7538,0.7538,0.5695,0.4998,0.4998,0.3646,0.3646,0.4998,0.0369,0.0574,0.1229,0.0574,,0.7770,,,,42.98,,176.2,165.5,1.097,0.122,
1791428547.525052,0.4998,0.6350,0.7006,0.7538,0.4998,0.7538,0.5695,0.6350,0.5695,0.5695,0.2991,0.3646,0.4998,0.0574,0.0737,0.0737,0.0574,0.6700,0.7850,,0.1150,,42.90,,176.3,165.8,1.156,0.122,1.787
1791428547.5586894,0.4998,0.6350,0.7538,0.4302,0.6350,0.6350,0.4998,0.7006,0.4998,0.4998,0.3646,0.4302,0.4998,0.0574,0.0410,0.1229,0.0942,0.6640,0.7880,,0.1240,,43.22,,176.5,165.7,1.054,0.123,1.563
1791428547.5938084,0.3646,0.5695,0.6350,0.4302,0.4302,0.7538,0.7006,0.5695,0.4302,0.2458,0.4998,0.4302,0.4998,0.0246,0.0574,0.0574,0.0737,0.6680,0.7785,,0.1105,,42.33,,175.8,166.1,1.122,0.126,1.702
1791428547.6364613,0.4302,0.5695,0.7006,0.5695,0.5695,0.7538,0.5695,0.5695,0.5695,0.5695,0.3646,0.3646,0.4302,0.0410,0.0410,0.0369,0.0410,0.6680,0.7875,,0.1195,,43.02,,175.6,165.9,1.094,0.124,1.587
1791428547.6672537,0.5695,0.6350,0.7006,0.2991,0.4302,0.8440,0.5695,0.7006,0.6350,0.4302,0.1966,0.4998,0.4998,0.0369,0.0410,0.0574,0.0369,0.6680,0.7815,,0.1135,,42.47,,175.7,165.5,1.198,0.126,1.863
1791428547.7007792,0.6350,0.6350,0.6350,0.5695,0.5695,0.7006,0.5695,0.7006,0.3646,0.4998,0.2991,0.3646,0.4302,0.0410,0.0369,0.0574,0.0574,0.6740,0.7825,,0.1085,,41.59,,175.8,165.7,1.248,0.128,2.030
1791428547.7318015,0.3646,0.7006,0.5695,0.5695,0.5695,0.8030,0.7006,0.4998,0.4998,0.6350,0.2458,0.2991,0.4302,0.0410,0.0410,0.0205,0.0574,0.6680,0.7795,,0.1115,,41.42,,176.4,165.3,,0.129,1.882
1791428547.7634456,0.5695,0.4998,0.5695,0.4302,0.5695,0.7006,0.8030,0.7538,0.4302,0.1966,0.4302,0.4302,0.4998,0.0410,0.0574,0.0942,0.0737,0.6740,0.7855,,0.1115,,41.66,,176.9,165.3,1.194,0.127,1.742
1791428547.7967544,0.4998,0.8440,0.5695,0.5695,0.3646,0.8030,0.5695,0.7538,0.5695,0.6350,0.3646,0.4302,0.4302,0.0410,0.0737,0.1229,0.1229,0.6680,0.7835,,0.1155,,42.29,,177.3,165.7,1.005,0.125,1.497
1791428547.8268309,0.3646,0.7006,0.7006,0.2991,0.4302,0.8030,0.6350,0.4998,0.5695,0.4302,0.1557,0.4302,0.4302,0.0410,0.0574,0.0246,0.0737,0.6690,0.7815,,0.1125,,42.17,,177.3,165.0,1.212,0.125,1.890
1791428547.8600147,0.5695,0.3646,0.6350,0.4302,0.5695,0.8440,0.7538,0.4998,0.4998,0.5695,0.1966,0.4302,0.4998,0.0164,0.0574,0.0410,0.0574,0.6660,0.7815,,0.1155,,42.18,,177.3,165.3,1.134,0.126,1.837
1791428547.8921788,0.7538,0.8030,0.6350,0.4998,0.4998,0.8030,0.8030,0.7006,0.4302,0.4302,0.3646,0.4302,0.4998,0.0410,0.0410,0.0942,0.0737,0.6680,0.7815,,0.1135,,41.94,,177.3,165.5,1.200,0.127,1.814
1791428547.9255457,0.4998,0.7538,0.5695,0.4998,0.5695,0.8030,0.6350,0.6350,0.5695,0.4302,0.2458,0.4998,0.4998,0.0410,0.0410,0.0410,0.0410,0.6690,0.7825,,0.1135,,42.22,,177.8,165.4,1.166,0.125,1.869
1791428547.9594533,0.6350,0.6350,0.4998,0.4302,0.3646,0.8030,0.6350,0.6350,0.4302,0.3646,0.3646,0.4302,0.4998,0.0737,0.0246,0.1557,0.0942,0.6730,0.7805,,0.1075,,41.85,,177.1,165.9,1.215,0.126,1.754
1791428548.001927,0.6350,0.6350,0.6350,0.3646,0.7006,0.7538,0.7538,0.5695,0.4302,0.2458,0.4302,0.4302,0.5695,0.0410,0.0410,0.0369,0.0410,0.6760,0.7815,,0.1055,,41.95,,177.1,166.2,1.065,0.124,1.534
1791428548.032887,0.3646,0.6350,0.7538,0.6350,0.4998,0.4998,0.5695,0.7006,0.4998,0.4998,0.4302,0.4302,0.2991,0.0574,0.0205,0.0737,0.0574,0.6750,0.7780,,0.1030,,41.70,,176.6,165.9,,0.123,1.549
1791428548.0639641,0.4998,0.6350,0.5695,0.4302,0.4998,0.7538,0.4998,0.7538,0.7006,0.4998,0.2991,0.4302,0.4302,0.0369,0.0574,0.0737,0.0737,0.6690,0.7795,,0.1105,,41.65,,176.9,166.5,1.083,0.123,1.753
1791428548.0952845,0.4998,0.3646,0.7006,0.4998,0.4302,0.8767,0.7006,0.6350,0.7006,0.4998,0.1966,0.4302,0.4302,0.0574,0.0942,0.0246,0.0574,0.6730,0.7830,,0.1100,,41.46,,176.9,166.5,1.140,0.124,1.845
1791428548.1274168,0.4302,0.5695,0.4302,0.3646,0.4998,0.7538,0.5695,0.7538,0.7006,0.5695,0.2458,0.3646,0.4302,0.0246,0.0369,0.0410,0.0574,0.6730,0.7825,,0.1095,,41.08,,176.8,166.1,1.229,0.126,1.915
1791428548.1605015,0.4302,0.4302,0.7006,0.4302,0.5695,0.8767,0.6350,0.7006,0.4998,0.2991,0.1966,0.4302,0.4302,0.0369,0.0574,0.0737,0.0574,0.6710,0.7905,,0.1195,,41.77,,177.1,165.8,1.128,0.125,
1791428548.1941245,0.6350,0.6350,0.6350,0.5695,0.4302,0.7538,0.7006,0.7006,0.4998,0.5695,0.4302,0.4302,0.4302,0.0369,0.0410,0.0410,0.0574,0.6730,0.7895,,0.1165,,42.36,,177.8,166.3,1.076,0.124,1.496
1791428548.2267756,0.3646,0.4302,0.4302,0.5695,0.4998,0.5695,0.6350,0.8030,0.6350,0.2991,0.1229,0.3646,0.4998,0.0574,0.0574,0.0246,0.0410,0.6730,0.7780,,0.1050,,41.80,,177.4,167.0,1.070,0.124,
1791428548.269955,0.4302,0.4302,0.6350,0.6350,0.4998,0.8030,0.8440,0.7538,0.4302,0.5695,0.2991,0.5695,0.4302,0.0737,0.0737,0.0737,0.0942,0.6710,0.7835,,0.1125,,41.91,,177.8,167.3,1.126,0.124,1.809
1791428548.3010254,0.6350,0.7006,0.5695,0.4302,0.3646,0.7006,0.7006,0.7538,0.4302,0.6350,0.3646,0.4302,0.4302,0.0369,0.0410,0.0574,0.0737,0.6730,0.7735,,0.1005,,41.04,,177.9,167.6,1.043,0.125,1.540
1791428548.3331485,0.6350,0.4998,0.7006,0.3646,0.4302,0.7538,0.4998,0.6350,0.5695,0.4302,0.2458,0.3646,0.4302,0.0410,0.0369,0.0942,0.0574,0.6710,0.7825,,0.1115,,40.74,,177.7,166.9,1.205,0.127,1.944
1791428548.3646195,0.4302,0.6350,0.5695,0.6350,0.5695,0.7006,0.6350,0.7006,0.5695,0.4302,0.4302,0.3646,0.4302,0.0369,0.0574,0.0410,0.0737,0.6710,0.7770,,0.1060,,40.14,,177.3,166.6,1.163,0.129,1.670
1791428548.3955424,0.4302,0.4998,0.7538,0.3646,0.4302,0.8030,0.5695,0.6350,0.7006,0.5695,0.4302,0.4302,0.4998,0.0574,0.0737,0.1229,0.0574,0.6710,0.7815,,0.1105,,40.89,,177.3,167.0,1.161,0.126,1.711
1791428548.4270298,0.4302,0.5695,0.6350,0.4302,0.5695,0.8440,0.6350,0.7538,0.4302,0.5695,0.2991,0.4302,0.4998,0.0369,0.0369,0.0369,0.0410,0.6710,0.7900,,0.1190,,41.50,,177.6,166.7,1.126,0.126,1.770
1791428548.459569,0.4998,0.6350,0.4998,0.5695,0.7006,0.7006,0.5695,0.7538,0.5695,0.4998,0.3646,0.3646,0.4998,0.0574,0.0737,0.0737,0.0574,0.6700,0.7830,,0.1130,,41.42,,177.9,166.5,1.201,0.126,1.701
1791428548.4934423,0.4302,0.5695,0.4998,0.5695,0.4302,0.8030,0.5695,0.8030,0.4998,0.2991,0.1557,0.4998,0.4302,0.0410,0.0410,0.0737,0.0574,0.6650,0.7800,,0.1150,,41.20,,177.3,166.3,1.151,0.128,
1791428548.527126,0.6350,0.3646,0.5695,0.4302,0.5695,0.7006,0.5695,0.7538,0.4998,0.5695,0.2458,0.4302,0.4302,0.0164,0.0737,0.0942,0.0410,0.6680,0.7805,,0.1125,,41.18,,177.3,165.2,1.206,0.128,1.866
1791428548.5707157,0.6350,0.6350,0.4998,0.6350,0.4998,0.7006,0.8030,0.4998,0.3646,0.5695,0.2458,0.4302,0.4302,0.0410,0.0410,0.0737,0.0737,0.6750,0.7785,,0.1035,,40.66,,177.0,164.6,1.104,0.129,1.845
1791428548.603102,0.6350,0.5695,0.5695,0.7006,0.4302,0.7006,0.5695,0.7006,0.4998,0.5695,0.2458,0.4302,0.5695,0.0369,0.0410,0.0410,0.0205,0.6750,0.7820,,0.1070,,40.59,,177.3,165.3,1.112,0.128,1.859
1791428548.633441,0.4302,0.4998,0.7538,0.5695,0.3646,0.6350,0.7006,0.8030,0.6350,0.5695,0.1229,0.4302,0.5695,0.0369,0.0737,0.0737,0.0410,0.6710,0.7775,,0.1065,,40.42,,177.8,166.6,1.076,0.128,1.803
1791428548.6639836,0.5695,0.6350,0.4302,0.3646,0.5695,0.8030,0.6350,0.6350,0.4998,0.4998,0.3646,0.2991,0.3646,0.0410,0.0205,0.0246,0.0737,0.6710,0.7815,,0.1105,,40.63,,177.6,168.3,,0.128,1.507
1791428548.6959262,0.4998,0.5695,0.6350,0.5695,0.6350,0.8030,0.4998,0.5695,0.4302,0.4998,0.2991,0.4998,0.3646,0.1229,0.0246,0.0574,0.0574,0.6650,0.7790,,0.1140,,40.21,,177.2,168.0,1.187,0.131,1.974
1791428548.7270107,0.4302,0.6350,0.4302,0.3646,0.5695,0.7538,0.6350,0.6350,0.2991,0.7538,0.2991,0.4302,0.4998,0.0369,0.0246,0.0369,0.0574,0.6650,0.7860,,0.1210,,40.64,,177.1,168.2,1.223,0.131,1.929
1791428548.760627,0.7538,0.7006,0.4998,0.4998,0.4998,0.8767,0.5695,0.5695,0.6350,0.1557,0.2991,0.4302,0.4302,0.0369,0.0574,0.1557,0.0574,0.6650,0.7830,,0.1180,,40.70,,177.0,168.2,1.172,0.132,
1791428548.7944589,0.4998,0.5695,0.5695,0.4998,0.5695,0.8030,0.6350,0.7006,0.4998,0.6350,0.3646,0.4302,0.4302,0.0410,0.0164,0.1229,0.0410,0.6700,0.7835,,0.1135,,41.17,,177.4,169.2,1.053,0.130,1.469
1791428548.8268409,0.6350,0.4998,0.4998,0.6350,0.4302,0.6350,0.6350,0.7538,0.4302,0.6350,0.2991,0.3646,0.4998,0.0574,0.0246,0.1229,0.0574,0.6650,0.7780,,0.1130,,41.01,,177.0,169.5,1.125,0.130,1.812
1791428548.8608413,0.4998,0.6350,0.4998,0.5695,0.4998,0.7538,0.5695,0.7006,0.4302,0.6350,0.2991,0.4302,0.4998,0.0369,0.0737,0.0942,0.0410,0.6750,0.7750,,0.1000,,40.34,,176.9,169.7,1.080,0.130,1.779
1791428548.9019685,0.3646,0.5695,0.5695,0.4998,0.4998,0.8030,0.4998,0.8030,0.5695,0.7006,0.2991,0.4302,0.4302,0.0369,0.0410,0.1557,0.0410,0.6710,0.7760,,0.1050,,39.93,,177.0,170.1,1.060,0.131,1.776
1791428548.9334848,0.5695,0.6350,0.7006,0.4302,0.4302,0.7538,0.5695,0.7538,0.5695,0.6350,0.2458,0.2991,0.4998,0.0369,0.0410,0.0574,0.0410,0.6710,0.7770,,0.1060,,39.86,,176.3,170.0,,0.130,1.779
1791428548.9653614,0.4998,0.4302,0.4998,0.4302,0.4302,0.7538,0.7006,0.4302,0.4302,0.5695,0.4302,0.5695,0.4302,0.0369,0.0737,0.0737,0.0737,0.6730,0.7855,,0.1125,,40.86,,176.2,169.6,1.164,0.127,1.608
1791428548.9973636,0.7006,0.4302,0.4998,0.4302,0.4302,0.7006,0.7006,0.7538,0.4998,0.3646,0.3646,0.3646,0.4998,0.0574,0.0369,0.0574,0.0942,0.6710,0.7790,,0.1080,,40.31,,175.9,168.7,1.175,0.129,1.756
1791428549.0279388,0.4998,0.5695,0.4302,0.4302,0.4302,0.7538,0.7006,0.7006,0.6350,0.7538,0.3646,0.3646,0.5695,0.0410,0.0574,0.0369,0.0737,0.6750,0.7870,,0.1120,,40.67,,176.5,168.2,1.156,0.128,1.668
1791428549.0603352,0.2991,0.4302,0.5695,0.5695,0.3646,0.7538,0.7006,0.6350,0.5695,0.2458,0.2991,0.4302,0.4998,0.0574,0.0574,0.0737,0.0369,,0.7795,,,,40.67,,176.0,168.2,1.130,0.128,
1791428549.0938575,0.6350,0.5695,0.5695,0.4302,0.4302,0.8030,0.7538,0.4998,0.5695,0.4998,0.4302,0.4302,0.4998,0.0410,0.0246,0.0942,0.0574,0.6800,0.7795,,0.0995,,39.94,,176.5,167.8,1.189,0.129,1.730
1791428549.1279035,0.4998,0.7006,0.7006,0.4998,0.4302,0.5695,0.4302,0.6350,0.5695,0.4302,0.2458,0.4302,0.4998,0.0737,0.1229,0.1229,0.1229,0.6750,0.7790,,0.1040,,39.75,,176.3,167.4,1.193,0.129,1.843
1791428549.1716766,0.7006,0.5695,0.5695,0.6350,0.4302,0.7006,0.7006,0.7538,0.4998,0.5695,0.2458,0.4998,0.3646,0.0410,0.0246,0.1229,0.0410,0.6780,0.7800,,0.1020,,39.77,,176.3,167.2,1.127,0.127,1.837
1791428549.2022586,0.4998,0.5695,0.7538,0.4998,0.4998,0.7006,0.5695,0.5695,0.4998,0.4302,0.4302,0.4998,0.4998,0.0410,0.0246,0.0737,0.0574,0.6750,0.7810,,0.1060,,39.66,,176.0,167.2,1.212,0.128,1.777
1791428549.2348692,0.3646,0.7006,0.5695,0.4998,0.2991,0.7006,0.7006,0.8440,0.2991,0.4998,0.1557,0.4302,0.4302,0.0410,0.0737,0.0369,0.0574,0.6770,0.7810,,0.1040,,40.18,,175.3,167.0,0.987,0.125,1.619
1791428549.2654579,0.4998,0.4302,0.6350,0.3646,0.3646,0.7538,0.5695,0.7006,0.5695,0.6350,0.2458,0.4302,0.4998,0.0410,0.0574,0.0942,0.0574,0.6770,0.7785,,0.1015,,39.76,,175.6,167.4,1.116,0.126,1.826
1791428549.2976522,0.6350,0.7006,0.5695,0.4998,0.5695,0.7538,0.6350,0.3646,0.5695,0.4302,0.2458,0.4302,0.4998,0.0737,0.0574,0.0574,0.0737,0.6700,0.7780,,0.1080,,39.50,,176.1,167.1,1.138,0.128,1.790
1791428549.3281915,0.2991,0.5695,0.5695,0.4998,0.5695,0.7538,0.6350,0.8030,0.6350,0.5695,0.2458,0.4302,0.4998,0.0246,0.0574,0.0574,0.0574,,0.7815,,,,39.50,,176.4,167.6,1.177,0.128,
1791428549.3611188,0.4302,0.7538,0.4998,0.3646,0.4302,0.6350,0.6350,0.6350,0.3646,0.6350,0.2458,0.4302,0.4998,0.0574,0.0737,0.0574,0.0942,0.6670,0.7775,,0.1105,,39.50,,176.8,168.0,1.104,0.129,1.817
1791428549.3940556,0.2991,0.5695,0.4998,0.7006,0.5695,0.8440,0.6350,0.5695,0.5695,0.2458,0.4998,0.4998,0.4998,0.0369,0.0205,0.1229,0.0737,,0.7815,,,,39.50,,176.2,167.8,1.056,0.129,
1791428549.428186,0.3646,0.4998,0.7006,0.6350,0.5695,0.8440,0.6350,0.7006,0.6350,0.6350,0.2991,0.2991,0.3646,0.0410,0.0942,0.0942,0.0942,0.6700,0.7860,,0.1160,,40.30,,176.5,167.5,,0.128,1.741
1791428549.4692006,0.4998,0.5695,0.6350,0.4302,0.4998,0.7006,0.7538,0.7538,0.5695,0.2458,0.3646,0.3646,0.4998,0.0369,0.0246,0.0410,0.0410,0.6670,0.7825,,0.1155,,39.99,,176.8,168.4,1.263,0.131,1.736
1791428549.5009925,0.5695,0.7006,0.7006,0.6350,0.4302,0.8030,0.6350,0.8030,0.5695,0.4998,0.2458,0.3646,0.4302,0.0410,0.0574,0.0737,0.0369,0.6680,0.7775,,0.1095,,39.85,,176.4,167.9,1.092,0.131,1.772
1791428549.5331767,0.7006,0.6350,0.7006,0.3646,0.5695,0.6350,0.4998,0.4998,0.5695,0.4998,0.3646,0.4302,0.4998,0.0410,0.0737,0.0942,0.0574,0.6700,0.7790,,0.1090,,39.80,,177.1,167.6,1.071,0.132,1.603
1791428549.5646627,0.5695,0.7538,0.7006,0.4302,0.4302,0.7538,0.5695,0.7006,0.5695,0.3646,0.3646,0.4302,0.4302,0.0164,0.0164,0.0942,0.0246,0.6710,0.7770,,0.1060,,39.69,,177.2,168.7,1.058,0.131,1.507
1791428549.5956697,0.3646,0.3646,0.4302,0.4998,0.4998,0.8030,0.7538,0.7538,0.4998,0.5695,0.4302,0.4302,0.4302,0.0410,0.0246,0.0737,0.0574,0.6680,0.7840,,0.1160,,40.13,,177.1,168.0,1.138,0.131,1.630
1791428549.6289876,0.3646,0.4998,0.4302,0.7006,0.3646,0.8030,0.7006,0.7538,0.5695,0.5695,0.2991,0.3646,0.2458,0.0246,0.0574,0.0942,0.0942,0.6740,0.7820,,0.1080,,39.54,,177.2,168.7,,0.133,1.976
1791428549.662243,0.4998,0.4998,0.6350,0.6350,0.3646,0.7538,0.6350,0.6350,0.6350,0.5695,0.2991,0.3646,0.4998,0.0369,0.0410,0.0737,0.0574,0.6680,0.7830,,0.1150,,39.24,,177.4,168.8,1.177,0.136,1.974
1791428549.6949124,0.6350,0.3646,0.6350,0.4302,0.6350,0.7538,0.6350,0.7538,0.6350,0.4998,0.3646,0.3646,0.3646,0.0574,0.0369,0.0737,0.0574,0.6650,0.7790,,0.1140,,39.54,,177.3,170.1,1.089,0.135,1.543
1791428549.7279494,0.4998,0.6350,0.7006,0.6350,0.3646,0.8440,0.7006,0.7006,0.4302,0.3646,0.1557,0.2991,0.3646,0.0942,0.0164,0.0369,0.0574,0.6700,0.7810,,0.1110,,40.21,,176.9,170.6,,0.132,1.837
1791428549.770251,0.3646,0.7006,0.8440,0.4998,0.2991,0.8440,0.7006,0.5695,0.4998,0.4998,0.2458,0.4302,0.4302,0.0369,0.0205,0.0737,0.0737,0.6720,0.7850,,0.1130,,40.88,,177.1,169.9,1.168,0.129,1.827
1791428549.802027,0.4302,0.5695,0.8030,0.4302,0.4302,0.7006,0.6350,0.8030,0.6350,0.4998,0.2991,0.3646,0.3646,0.0410,0.0246,0.0942,0.0574,0.6750,0.7795,,0.1045,,40.75,,176.7,169.7,1.012,0.128,1.736
1791428549.8331506,0.7006,0.8030,0.6350,0.4302,0.3646,0.7006,0.5695,0.5695,0.4998,0.2458,0.3646,0.4302,0.4302,0.0574,0.0574,0.0737,0.0574,0.6650,0.7780,,0.1130,,40.37,,176.9,170.1,1.118,0.130,1.557
1791428549.8647075,0.7006,0.4302,0.6350,0.5695,0.5695,0.7006,0.4998,0.7006,0.6350,0.4998,0.3646,0.4302,0.4302,0.0410,0.0205,0.0737,0.0574,0.6710,0.7865,,0.1155,,40.72,,177.4,169.8,1.186,0.130,1.721
1791428549.8964653,0.3646,0.4302,0.6350,0.4302,0.5695,0.7538,0.6350,0.7006,0.5695,0.4998,0.3646,0.4998,0.4998,0.0410,0.0369,0.0737,0.0942,0.6730,0.7790,,0.1060,,40.31,,177.9,170.6,1.158,0.130,1.545
1791428549.9286857,0.4998,0.5695,0.7006,0.3646,0.6350,0.7538,0.5695,0.6350,0.2991,0.5695,0.3646,0.4302,0.4998,0.0164,0.0942,0.1229,0.0574,0.6700,0.7830,,0.1130,,40.30,,177.4,170.1,1.221,0.131,1.781
1791428549.9622512,0.3646,0.7538,0.6350,0.5695,0.4998,0.8030,0.5695,0.7006,0.3646,0.4998,0.3646,0.4302,0.4302,0.0369,0.0737,0.0737,0.0410,0.6730,0.7800,,0.1070,,39.76,,177.7,170.1,1.115,0.133,1.620
1791428549.9958038,0.4998,0.5695,0.7006,0.4302,0.4998,0.8030,0.6350,0.6350,0.4998,0.4302,0.2458,0.4302,0.4302,0.0574,0.0410,0.0737,0.0574,0.6650,0.7805,,0.1155,,39.99,,177.8,170.0,1.077,0.133,1.723
1791428550.0292716,0.4302,0.7006,0.7006,0.5695,0.5695,0.7538,0.6350,0.6350,0.5695,0.5695,0.2458,0.4998,0.4302,0.0410,0.0410,0.0246,0.0737,0.6700,0.7775,,0.1075,,39.82,,178.0,170.0,1.126,0.133,1.802
1791428550.0706115,0.5695,0.7006,0.6350,0.5695,0.4302,0.8440,0.7006,0.6350,0.5695,0.6350,0.2991,0.4302,0.4302,0.0574,0.0369,0.0737,0.0737,0.6680,0.7775,,0.1095,,39.99,,177.4,169.8,1.050,0.132,1.731
1791428550.1018739,0.2991,0.6350,0.4998,0.4998,0.4998,0.8440,0.7538,0.7006,0.4998,0.5695,0.1966,0.2991,0.4302,0.0737,0.0205,0.0737,0.0574,,0.7805,,,,39.99,,177.6,169.9,,0.132,
1791428550.1336484,0.3646,0.4998,0.4302,0.5695,0.4998,0.8030,0.6350,0.4998,0.4302,0.6350,0.3646,0.4998,0.2991,0.0369,0.0369,0.0574,0.0574,0.6720,0.7860,,0.1140,,40.93,,178.2,168.4,,0.128,1.498
1791428550.166576,0.5695,0.3646,0.7006,0.4998,0.3646,0.7538,0.7006,0.5695,0.4998,0.2458,0.3646,0.4302,0.4998,0.0369,0.0942,0.0574,0.0737,0.6670,0.7845,,0.1175,,41.97,,178.0,168.4,1.020,0.125,1.496
1791428550.196192,0.4302,0.6350,0.6350,0.4302,0.4302,0.7538,0.5695,0.7006,0.4998,0.4302,0.2458,0.4302,0.4302,0.0369,0.0369,0.0369,0.0737,0.6710,0.7765,,0.1055,,40.59,,178.0,168.0,1.135,0.130,1.867
1791428550.2292151,0.6350,0.5695,0.5695,0.6350,0.4998,0.8440,0.7006,0.7538,0.7006,0.1966,0.4302,0.4302,0.3646,0.0574,0.0246,0.0942,0.0574,0.6670,0.7815,,0.1145,,41.27,,177.8,167.9,1.087,0.127,1.527
1791428550.2610047,0.5695,0.5695,0.7538,0.5695,0.5695,0.8440,0.8030,0.7006,0.4998,0.4302,0.4302,0.4302,0.4302,0.0123,0.0574,0.0942,0.0737,0.6650,0.7775,,0.1125,,40.69,,177.5,167.4,1.094,0.130,1.635
1791428550.2951086,0.2991,0.4302,0.6350,0.5695,0.4998,0.8440,0.7538,0.6350,0.5695,0.2991,0.2458,0.4302,0.4302,0.0369,0.0574,0.0574,0.0574,,0.7825,,,,40.69,,177.6,167.5,1.217,0.130,
1791428550.3292513,0.5695,0.7006,0.5695,0.4998,0.4998,0.8030,0.7006,0.5695,0.4998,0.6350,0.3646,0.4302,0.3646,0.0410,0.0737,0.0737,0.0574,0.6710,0.7790,,0.1080,,40.46,,177.2,167.5,1.019,0.130,1.580
1791428550.3708532,0.3646,0.6350,0.7006,0.4998,0.4998,0.7538,0.4998,0.4302,0.2991,0.5695,0.3646,0.3646,0.4998,0.0574,0.0737,0.1557,0.0574,0.6750,0.7810,,0.1060,,40.60,,177.4,166.9,1.254,0.128,1.741
1791428550.4021113,0.4998,0.6350,0.7006,0.6350,0.4302,0.7538,0.4998,0.7006,0.4302,0.2458,0.4302,0.3646,0.4302,0.0369,0.0205,0.0942,0.0737,0.6720,0.7855,,0.1135,,41.07,,176.9,166.0,1.084,0.127,1.622
1791428550.434238,0.4302,0.4302,0.6350,0.3646,0.4998,0.8767,0.7006,0.4998,0.4998,0.7006,0.4998,0.3646,0.4302,0.0410,0.0410,0.1229,0.0410,0.6720,0.7815,,0.1095,,40.96,,175.9,165.9,1.131,0.127,1.690
1791428550.465563,0.5695,0.7006,0.6350,0.6350,0.6350,0.7538,0.5695,0.7006,0.7006,0.5695,0.2991,0.4302,0.4302,0.0369,0.0205,0.0205,0.0574,0.6740,0.7815,,0.1075,,40.68,,176.3,166.2,1.114,0.128,1.834
1791428550.4970777,0.6350,0.6350,0.6350,0.4998,0.4302,0.8767,0.7538,0.5695,0.5695,0.4302,0.1966,0.4302,0.4302,0.0574,0.0737,0.0410,0.0942,0.6710,0.7880,,0.1170,,40.82,,176.6,165.7,1.069,0.129,1.770
1791428550.5291684,0.3646,0.4998,0.6350,0.4998,0.4998,0.5695,0.6350,0.7006,0.3646,0.5695,0.3646,0.4302,0.3646,0.0123,0.0246,0.0737,0.0737,0.6720,0.7780,,0.1060,,40.62,,176.7,165.8,1.048,0.129,1.563
1791428550.563199,0.7006,0.5695,0.5695,0.3646,0.4302,0.7538,0.6350,0.7538,0.4302,0.5695,0.2991,0.3646,0.2991,0.0410,0.0410,0.0410,0.0410,0.6750,0.7835,,0.1085,,40.73,,176.8,165.6,,0.128,1.824
1791428550.5947764,0.4998,0.5695,0.4998,0.5695,0.5695,0.8030,0.7538,0.7006,0.4998,0.7006,0.4302,0.4302,0.4998,0.0737,0.0737,0.0574,0.0574,0.6760,0.7805,,0.1045,,40.74,,177.0,165.7,1.065,0.126,1.558
1791428550.6290898,0.2991,0.6350,0.6350,0.4302,0.4998,0.7006,0.8030,0.7006,0.5695,0.4302,0.3646,0.4302,0.2991,0.0369,0.0574,0.0942,0.0369,,0.7785,,,,40.74,,176.3,166.1,,0.126,
1791428550.6625478,0.5695,0.5695,0.5695,0.5695,0.5695,0.7538,0.8030,0.6350,0.4302,0.6350,0.3646,0.2991,0.4302,0.0410,0.0574,0.0574,0.0574,0.6740,0.7835,,0.1095,,40.46,,176.8,165.4,,0.128,1.688
1791428550.705275,0.7006,0.4998,0.7538,0.4998,0.4998,0.6350,0.5695,0.8030,0.4998,0.4302,0.3646,0.3646,0.4998,0.0369,0.0369,0.1557,0.0369,0.6650,0.7785,,0.1135,,40.53,,176.5,165.5,1.093,0.129,1.642
1791428550.7358139,0.4998,0.7538,0.7006,0.6350,0.6350,0.7006,0.6350,0.7006,0.4998,0.1966,0.4302,0.3646,0.4998,0.0574,0.0737,0.0942,0.0410,0.6670,0.7835,,0.1165,,40.92,,177.3,165.8,1.111,0.128,1.637
1791428550.7679045,0.4302,0.6350,0.4998,0.4998,0.5695,0.8440,0.7006,0.4998,0.5695,0.6350,0.4302,0.2991,0.4998,0.0410,0.0574,0.0574,0.0574,0.6740,0.7825,,0.1085,,40.78,,177.8,166.1,,0.128,1.693
1791428550.8001947,0.2458,0.5695,0.5695,0.5695,0.4998,0.8030,0.6350,0.7006,0.5695,0.4998,0.3646,0.4998,0.4998,0.0369,0.1229,0.0246,0.0369,,0.7835,,,,40.78,,177.5,166.1,1.130,0.128,
1791428550.8316789,0.4302,0.7538,0.4998,0.4302,0.4302,0.5695,0.4998,0.6350,0.4998,0.4998,0.4302,0.4302,0.2991,0.0410,0.0574,0.0246,0.0410,0.6700,0.7840,,0.1140,,41.17,,177.5,165.8,,0.127,1.579
1791428550.8624537,0.4302,0.6350,0.8440,0.6350,0.4302,0.8030,0.7006,0.5695,0.6350,0.5695,0.4302,0.4302,0.4302,0.0574,0.0737,0.0737,0.0737,0.6670,0.7790,,0.1120,,40.94,,177.7,166.0,1.084,0.128,1.581
1791428550.8973563,0.4302,0.5695,0.6350,0.4998,0.5695,0.7006,0.6350,0.4998,0.4998,0.3646,0.3646,0.4302,0.4998,0.0574,0.0205,0.0574,0.0574,0.6680,0.7790,,0.1110,,40.30,,177.5,166.1,1.140,0.131,1.670
1791428550.9292126,0.3646,0.7538,0.6350,0.4998,0.4302,0.5695,0.5695,0.6350,0.4998,0.4998,0.1966,0.2991,0.4302,0.0369,0.0737,0.0737,0.0574,0.6740,0.7830,,0.1090,,40.46,,178.0,165.8,,0.130,1.693
1791428550.9631774,0.6350,0.6350,0.4998,0.5695,0.5695,0.8440,0.7006,0.7538,0.5695,0.2458,0.4302,0.3646,0.3646,0.0737,0.0574,0.0942,0.0574,0.6710,0.7815,,0.1105,,40.51,,178.0,165.6,1.034,0.130,1.581
1791428551.0061107,0.5695,0.7538,0.5695,0.7006,0.5695,0.7006,0.4998,0.4998,0.4998,0.1966,0.4302,0.4302,0.3646,0.0410,0.0410,0.1557,0.0942,0.6760,0.7810,,0.1050,,40.25,,178.2,165.0,1.197,0.130,1.735
1791428551.0357502,0.6350,0.4998,0.6350,0.4302,0.5695,0.8440,0.7006,0.5695,0.4998,0.4998,0.3646,0.4998,0.4302,0.0410,0.0205,0.1229,0.1229,0.6700,0.7785,,0.1085,,39.86,,178.6,164.6,1.149,0.131,1.729
1791428551.0693202,0.4302,0.6350,0.6350,0.4302,0.4998,0.8030,0.7006,0.7538,0.3646,0.6350,0.1966,0.3646,0.3646,0.0410,0.0369,0.0942,0.0737,0.6700,0.7775,,0.1075,,39.85,,178.2,164.3,1.045,0.131,1.719
1791428551.098783,0.3646,0.4998,0.3646,0.4302,0.5695,0.8030,0.7006,0.7006,0.4302,0.5695,0.4998,0.4302,0.4998,0.0737,0.0737,0.0942,0.0574,0.6680,0.7825,,0.1145,,40.46,,178.3,165.0,1.087,0.129,1.624
1791428551.131648,0.3646,0.4302,0.4302,0.7006,0.5695,0.8440,0.6350,0.7006,0.6350,0.5695,0.4302,0.4302,0.5695,0.0574,0.0205,0.0574,0.0574,0.6760,0.7800,,0.1040,,40.61,,177.5,165.3,1.100,0.127,1.587
1791428551.1643345,0.5695,0.4998,0.5695,0.6350,0.4998,0.8767,0.6350,0.7006,0.6350,0.4998,0.1966,0.4302,0.4998,0.0574,0.0574,0.0737,0.0737,0.6670,0.7765,,0.1095,,40.63,,177.5,165.2,1.068,0.127,1.711
1791428551.1959388,0.4998,0.7538,0.7006,0.5695,0.4998,0.7538,0.5695,0.7538,0.5695,0.4998,0.2991,0.4302,0.4302,0.0369,0.0205,0.0942,0.0737,0.6650,0.7805,,0.1155,,40.94,,178.1,164.8,1.076,0.127,1.764
1791428551.2293563,0.4998,0.4998,0.7006,0.3646,0.3646,0.8440,0.6350,0.5695,0.5695,0.1966,0.3646,0.4302,0.4998,0.0410,0.0574,0.1229,0.0737,0.6680,0.7800,,0.1120,,41.13,,178.3,165.2,1.036,0.127,1.488
1791428551.262639,0.4302,0.8030,0.7006,0.4998,0.2991,0.6350,0.6350,0.8030,0.6350,0.5695,0.3646,0.3646,0.4302,0.0246,0.0737,0.0737,0.0737,0.6720,0.7810,,0.1090,,40.74,,177.8,165.5,1.159,0.128,1.691
1791428551.3069725,0.4998,0.7006,0.7006,0.5695,0.4302,0.7538,0.4998,0.5695,0.4302,0.7006,0.4302,0.4302,0.4998,0.0737,0.0942,0.1557,0.0942,0.6710,0.7795,,0.1085,,40.50,,178.0,165.6,1.107,0.129,1.616
1791428551.3365796,0.8030,0.7006,0.5695,0.6350,0.4998,0.6350,0.7538,0.7006,0.4998,0.1557,0.2991,0.3646,0.4302,0.0410,0.0410,0.0737,0.0410,0.6680,0.7800,,0.1120,,40.66,,177.5,165.7,1.073,0.129,
1791428551.3687367,0.4998,0.6350,0.6350,0.5695,0.5695,0.7538,0.4998,0.8030,0.6350,0.5695,0.3646,0.4998,0.4998,0.0574,0.0737,0.0205,0.0574,0.6710,0.7820,,0.1110,,40.89,,177.3,165.3,1.123,0.128,1.637
1791428551.4000556,0.5695,0.4998,0.7006,0.5695,0.4998,0.7006,0.4302,0.7006,0.4302,0.4302,0.3646,0.3646,0.4998,0.0369,0.0574,0.1557,0.0942,0.6710,0.7765,,0.1055,,40.45,,177.4,165.9,1.115,0.128,1.625
1791428551.432762,0.6350,0.5695,0.7538,0.5695,0.5695,0.7538,0.7538,0.7538,0.3646,0.6350,0.3646,0.4302,0.4302,0.0574,0.0246,0.0737,0.0737,0.6690,0.7810,,0.1120,,40.76,,177.7,165.4,1.034,0.128,1.521
1791428551.4641585,0.3646,0.4302,0.5695,0.4302,0.4998,0.8440,0.7006,0.6350,0.5695,0.6350,0.3646,0.3646,0.3646,0.0410,0.0369,0.0574,0.0942,0.6710,0.7840,,0.1130,,41.62,,177.9,165.9,1.096,0.124,1.567
1791428551.4962583,0.4998,0.6350,0.5695,0.4998,0.4302,0.6350,0.7006,0.7006,0.4302,0.5695,0.2991,0.4302,0.5695,0.0737,0.0737,0.0205,0.0410,0.6650,0.7810,,0.1160,,41.71,,177.8,166.3,1.082,0.125,1.686
1791428551.5302575,0.2991,0.4302,0.8440,0.4998,0.6350,0.7006,0.7538,0.5695,0.4998,0.1557,0.3646,0.4302,0.4302,0.0942,0.0942,0.1557,0.0737,,0.7755,,,,41.71,,177.9,166.4,1.184,0.125,
1791428551.5637317,0.3646,0.7006,0.7538,0.4302,0.4302,0.8030,0.7006,0.7006,0.5695,0.2991,0.3646,0.3646,0.2991,0.0737,0.0410,0.0574,0.0737,0.6740,0.7745,,0.1005,,40.87,,177.2,166.3,,0.126,1.637
1791428551.605583,0.7006,0.4998,0.6350,0.4998,0.4998,0.7538,0.6350,0.7538,0.4998,0.2991,0.2458,0.4302,0.4302,0.0410,0.0246,0.0942,0.0574,0.6680,0.7805,,0.1125,,40.94,,177.2,166.0,1.164,0.127,
1791428551.6372855,0.6350,0.8440,0.7006,0.4998,0.4302,0.8030,0.7538,0.8030,0.7006,0.5695,0.3646,0.4302,0.4998,0.0574,0.0737,0.0737,0.0369,0.6650,0.7785,,0.1135,,40.58,,177.6,166.1,1.090,0.129,1.665
1791428551.669781,0.4302,0.4998,0.6350,0.4302,0.5695,0.7538,0.6350,0.8030,0.3646,0.2458,0.2991,0.4302,0.4302,0.0410,0.0574,0.0574,0.0942,0.6680,0.7810,,0.1130,,40.97,,178.1,165.4,1.043,0.128,
1791428551.701236,0.4302,0.4302,0.6350,0.5695,0.4998,0.7538,0.4998,0.4998,0.3646,0.6350,0.2991,0.4302,0.4998,0.0246,0.0574,0.0410,0.0737,0.6710,0.7850,,0.1140,,41.49,,178.4,164.8,1.140,0.126,1.719
1791428551.7320695,0.3646,0.4998,0.7538,0.3646,0.6350,0.7538,0.6350,0.7538,0.4998,0.5695,0.3646,0.3646,0.4998,0.0410,0.0737,0.0942,0.0942,0.6650,0.7815,,0.1165,,41.77,,177.9,165.2,1.110,0.126,1.630
1791428551.763413,0.4302,0.5695,0.4998,0.4302,0.4302,0.8030,0.5695,0.8440,0.4302,0.4302,0.2991,0.3646,0.4998,0.0369,0.0737,0.0205,0.0574,0.6730,0.7770,,0.1040,,41.24,,178.0,165.1,1.113,0.127,1.779
1791428551.797288,0.4998,0.7006,0.7538,0.4302,0.4998,0.8030,0.7538,0.7538,0.3646,0.5695,0.2458,0.4998,0.4998,0.0369,0.0737,0.0410,0.0737,0.6710,0.7810,,0.1100,,41.35,,177.9,164.7,1.061,0.126,1.683
1791428551.8301108,0.6350,0.5695,0.4998,0.3646,0.4302,0.8030,0.7006,0.5695,0.5695,0.5695,0.2991,0.3646,0.4998,0.0410,0.0574,0.0942,0.0574,0.6690,0.7815,,0.1125,,40.67,,178.2,165.2,1.195,0.129,1.944
1791428551.8636053,0.6350,0.8440,0.7006,0.5695,0.5695,0.7006,0.7538,0.6350,0.5695,0.4302,0.4302,0.4302,0.4998,0.0369,0.0574,0.1229,0.0574,0.6660,0.7795,,0.1135,,40.84,,178.3,165.3,1.205,0.129,1.735
1791428551.905589,0.2991,0.8030,0.5695,0.5695,0.4302,0.8030,0.6350,0.6350,0.4302,0.6350,0.2991,0.4302,0.4302,0.0574,0.1557,0.0942,0.1229,,0.7805,,,,40.84,,178.3,165.1,1.196,0.129,
1791428551.9365056,0.2991,0.7538,0.4998,0.4998,0.4302,0.8030,0.8030,0.7006,0.5695,0.4998,0.4998,0.4302,0.4302,0.0410,0.0574,0.1229,0.0737,,0.7830,,,,40.84,,178.2,165.4,1.078,0.129,
1791428551.9672616,0.4998,0.7006,0.6350,0.4302,0.4998,0.6350,0.5695,0.6350,0.5695,0.5695,0.3646,0.2991,0.4302,0.0410,0.0410,0.0737,0.0410,0.6660,0.7785,,0.1125,,40.91,,177.7,165.7,,0.129,1.528
1791428552.0001862,0.5695,0.4998,0.4998,0.4998,0.5695,0.7006,0.5695,0.7538,0.4302,0.7006,0.4998,0.5695,0.4998,0.0369,0.0369,0.0574,0.0574,0.6690,0.7810,,0.1120,,41.00,,177.9,166.4,1.094,0.129,1.662
1791428552.0307288,0.3646,0.4998,0.5695,0.4302,0.2991,0.7006,0.7538,0.6350,0.7006,0.6350,0.3646,0.3646,0.2991,0.0410,0.0737,0.1229,0.0737,0.6740,0.7870,,0.1130,,41.38,,178.6,166.7,,0.127,1.585
1791428552.0646327,0.3646,0.4998,0.7006,0.4302,0.4998,0.7006,0.7006,0.5695,0.4998,0.6350,0.2991,0.4302,0.4302,0.0574,0.0737,0.1966,0.0737,0.6730,0.7815,,0.1085,,41.24,,178.7,166.4,1.216,0.127,1.899
1791428552.09704,0.6350,0.5695,0.7538,0.4302,0.4302,0.5695,0.7538,0.8030,0.4998,0.1966,0.1557,0.3646,0.4998,0.0369,0.0942,0.0246,0.0942,0.6690,0.7785,,0.1095,,40.93,,178.5,166.2,1.066,0.128,
1791428552.1307318,0.5695,0.7538,0.4302,0.1966,0.3646,0.7006,0.7006,0.5695,0.4998,0.4302,0.3646,0.4302,0.3646,0.0410,0.0246,0.0205,0.0737,0.6660,0.7830,,0.1170,,40.89,,177.6,166.1,1.174,0.130,1.757
1791428552.1726274,0.6350,0.4998,0.4998,0.4998,0.7006,0.8767,0.8030,0.6350,0.4998,0.4998,0.2991,0.4302,0.2991,0.0737,0.0205,0.0574,0.0737,0.6720,0.7775,,0.1055,,41.12,,177.9,166.9,,0.127,1.710
1791428552.2051878,0.4302,0.4302,0.7006,0.5695,0.4302,0.7538,0.7538,0.7538,0.4998,0.2991,0.3646,0.3646,0.4302,0.0574,0.0737,0.0737,0.0574,0.6690,0.7790,,0.1100,,40.89,,177.5,166.8,1.097,0.128,1.687
1791428552.2350273,0.3646,0.7006,0.4302,0.2991,0.7538,0.8440,0.6350,0.6350,0.2991,0.5695,0.1229,0.4302,0.3646,0.0205,0.0410,0.0737,0.0574,0.6710,0.7795,,0.1085,,41.21,,177.9,166.2,1.128,0.126,1.778
1791428552.2674994,0.7006,0.4998,0.4998,0.4998,0.4302,0.6350,0.7006,0.7538,0.6350,0.3646,0.4302,0.4302,0.4998,0.0369,0.0737,0.0737,0.0574,0.6760,0.8005,,0.1245,,42.86,,178.7,166.1,1.081,0.122,1.502
1791428552.2985332,0.4998,0.5695,0.7538,0.3646,0.5695,0.6350,0.7006,0.7006,0.3646,0.6350,0.4302,0.4302,0.4998,0.0737,0.0410,0.0246,0.0410,0.6660,0.7825,,0.1165,,42.64,,178.5,165.6,1.122,0.124,1.683
1791428552.3320756,0.4998,0.4998,0.4998,0.3646,0.7006,0.8030,0.6350,0.7006,0.4998,0.4302,0.3646,0.4302,0.3646,0.0246,0.0369,0.0942,0.0574,0.6750,0.7735,,0.0985,,41.15,,178.5,165.5,1.093,0.127,1.585
1791428552.3650177,0.3646,0.4998,0.7006,0.4302,0.5695,0.7538,0.7538,0.7538,0.4998,0.4302,0.2458,0.4302,0.4998,0.0369,0.0942,0.1557,0.0737,0.6720,0.7810,,0.1090,,41.18,,178.6,165.0,1.136,0.126,1.806
1791428552.3981795,0.6350,0.7538,0.4998,0.4998,0.4998,0.8440,0.5695,0.7538,0.4998,0.3646,0.4302,0.3646,0.4998,0.0369,0.0737,0.0574,0.0574,0.6760,0.7855,,0.1095,,41.42,,179.0,165.1,1.128,0.125,1.599
1791428552.4308004,0.5695,0.4998,0.4998,0.4998,0.4302,0.7006,0.5695,0.6350,0.5695,0.2458,0.2991,0.4998,0.4998,0.0369,0.0574,0.0574,0.0737,0.6720,0.7790,,0.1070,,41.32,,178.6,164.7,1.151,0.125,
1791428552.4653454,0.4302,0.4302,0.6350,0.5695,0.3646,0.6350,0.7006,0.7538,0.5695,0.2991,0.2991,0.3646,0.4998,0.0574,0.0574,0.0737,0.0574,0.6700,0.7785,,0.1085,,41.24,,178.4,163.3,1.051,0.125,
1791428552.5061538,0.4302,0.7006,0.4998,0.4302,0.4302,0.8440,0.5695,0.6350,0.5695,0.5695,0.3646,0.4302,0.3646,0.0123,0.0410,0.0574,0.0574,0.6750,0.7815,,0.1065,,41.29,,178.6,163.5,1.178,0.124,1.670
1791428552.536039,0.5695,0.6350,0.6350,0.3646,0.4998,0.7538,0.4998,0.4998,0.5695,0.3646,0.2991,0.2991,0.4998,0.0737,0.0942,0.0574,0.0574,0.6750,0.7790,,0.1040,,40.86,,178.8,164.1,,0.125,1.845
1791428552.568587,0.3646,0.5695,0.7006,0.4998,0.6350,0.7538,0.7006,0.4998,0.5695,0.6350,0.1966,0.4302,0.4998,0.0369,0.0574,0.0410,0.0574,0.6710,0.7790,,0.1080,,40.58,,178.7,164.8,1.138,0.126,1.791
1791428552.5996585,0.6350,0.4302,0.4998,0.4302,0.4998,0.8440,0.5695,0.7006,0.4998,0.5695,0.2458,0.3646,0.4998,0.0246,0.0410,0.0410,0.0574,0.6680,0.7765,,0.1085,,40.60,,178.1,164.5,1.158,0.126,1.794
1791428552.6313925,0.6350,0.4998,0.7006,0.6350,0.4998,0.8030,0.7006,0.7538,0.6350,0.4998,0.4302,0.4302,0.4302,0.0574,0.0737,0.0942,0.0410,0.6710,0.7795,,0.1085,,41.34,,178.3,164.8,1.060,0.123,1.597
1791428552.6646733,0.4998,0.5695,0.5695,0.6350,0.7006,0.6350,0.6350,0.5695,0.7006,0.2991,0.2991,0.4302,0.4998,0.0123,0.0574,0.0942,0.0246,0.6720,0.7770,,0.1050,,40.81,,178.1,165.0,1.231,0.124,
1791428552.6982028,0.4302,0.4302,0.7538,0.4998,0.4998,0.8030,0.6350,0.6350,0.4998,0.5695,0.3646,0.4302,0.4998,0.0410,0.0942,0.0942,0.0410,0.6650,0.7820,,0.1170,,41.45,,178.3,165.3,1.072,0.124,1.609
1791428552.731213,0.3646,0.8030,0.6350,0.4998,0.7006,0.7538,0.4302,0.4998,0.2458,0.5695,0.4302,0.4302,0.4998,0.0123,0.0369,0.0246,0.0737,0.6690,0.7820,,0.1130,,41.59,,178.5,165.1,1.053,0.124,1.589
1791428552.773968,0.7538,0.4998,0.7006,0.4998,0.3646,0.7538,0.5695,0.7006,0.5695,0.5695,0.2458,0.4302,0.4998,0.0369,0.0369,0.0737,0.0737,0.6660,0.7790,,0.1130,,42.20,,178.6,165.4,1.072,0.122,1.651
1791428552.8047752,0.7006,0.1966,0.8440,0.4998,0.6350,0.7538,0.6350,0.7006,0.4998,0.6350,0.3646,0.3646,0.4998,0.0246,0.0574,0.0942,0.0574,0.6670,0.7820,,0.1150,,42.78,,178.1,165.3,1.180,0.121,1.697
1791428552.8380265,0.4998,0.4302,0.8030,0.4998,0.4998,0.7538,0.8030,0.6350,0.7006,0.6350,0.2458,0.4302,0.4998,0.0164,0.0942,0.0737,0.0574,0.6650,0.7815,,0.1165,,43.26,,178.3,165.7,1.073,0.120,1.664
1791428552.8681881,0.3646,0.4998,0.8767,0.4998,0.5695,0.7006,0.6350,0.6350,0.6350,0.5695,0.3646,0.4302,0.2458,0.0410,0.0410,0.1557,0.0410,0.6650,0.7770,,0.1120,,43.04,,178.1,165.8,,0.120,1.632
1791428552.9005492,0.6350,0.6350,0.8440,0.4302,0.7006,0.7006,0.2458,0.6350,0.3646,0.6350,0.3646,0.4302,0.4998,0.0574,0.0942,0.0574,0.0574,0.6650,,,,,43.04,,178.1,165.8,,,
1791428552.9325485,0.8440,0.7538,0.5695,0.6350,0.4302,0.9054,0.6350,0.5695,0.6350,0.5695,0.4302,0.3646,0.4302,0.0246,0.0410,0.0942,0.0369,0.6700,0.7795,,0.1095,,42.49,,178.5,165.9,1.150,0.122,1.674
1791428552.964349,0.5695,0.4302,0.8440,0.5695,0.4302,0.8030,0.5695,0.6350,0.6350,0.4998,0.2991,0.4302,0.5695,0.0574,0.0369,0.1557,0.0737,0.6650,0.7780,,0.1130,,42.13,,179.0,165.7,1.054,0.124,1.729
1791428552.998622,0.4998,0.9054,0.7006,0.5695,0.5695,0.7006,0.6350,0.6350,0.5695,0.4998,0.2458,0.4302,0.4998,0.0369,0.0737,0.0737,0.0737,0.6670,0.7770,,0.1100,,42.48,,178.7,165.0,1.093,0.122,1.694
1791428553.0315368,0.7006,0.8030,0.7006,0.5695,0.4302,0.7538,0.3646,0.5695,0.4998,0.2458,0.1966,0.4302,0.4302,0.0369,0.0410,0.0737,0.0574,0.6720,0.7825,,0.1105,,42.70,,178.2,164.5,1.234,0.121,
1791428553.0742092,0.6350,0.7006,0.8030,0.4302,0.3646,0.7006,0.6350,0.7006,0.5695,0.1557,0.4998,0.3646,0.4302,0.0737,0.0410,0.0737,0.0737,0.6650,0.7815,,0.1165,,43.02,,177.9,164.7,1.075,0.121,1.620
1791428553.1048162,0.3646,0.7006,0.8030,0.5695,0.5695,0.8030,0.8440,0.6350,0.5695,0.2991,0.3646,0.4302,0.4998,0.0369,0.0410,0.0942,0.0942,0.6650,0.7755,,0.1105,,42.67,,177.4,164.7,1.096,0.122,1.584
1791428553.136996,0.4302,0.3646,0.7006,0.3646,0.4302,0.6350,0.6350,0.7538,0.3646,0.4302,0.3646,0.4998,0.3646,0.0246,0.0574,0.0737,0.0737,0.6640,0.7830,,0.1190,,42.92,,177.8,164.4,1.135,0.122,1.703
1791428553.168459,0.5695,0.8030,0.8030,0.4302,0.4998,0.7538,0.6350,0.7006,0.4998,0.5695,0.1966,0.3646,0.4302,0.0737,0.0942,0.0369,0.0737,0.6680,0.7780,,0.1100,,42.85,,177.5,164.3,1.115,0.122,1.790
1791428553.2002113,0.8440,0.4998,0.6350,0.5695,0.4302,0.6350,0.4998,0.8030,0.5695,0.4998,0.2458,0.3646,0.4302,0.0574,0.0369,0.0737,0.0942,0.6650,0.7765,,0.1115,,42.25,,177.3,164.1,1.061,0.124,1.736
1791428553.2321181,0.4302,0.3646,0.8030,0.6350,0.7006,0.8440,0.6350,0.7006,0.4998,0.3646,0.2991,0.4998,0.4998,0.0942,0.0737,0.0574,0.0737,0.6640,0.7820,,0.1180,,41.93,,177.2,164.3,1.176,0.126,1.862
1791428553.265257,0.4302,0.8440,0.4302,0.3646,0.4302,0.7006,0.6350,0.7006,0.4302,0.4302,0.4302,0.4302,0.3646,0.0246,0.0246,0.0205,0.0574,0.6730,0.7780,,0.1050,,42.29,,177.8,164.7,1.082,0.123,1.591
1791428553.299126,0.5695,0.4302,0.8030,0.4302,0.4302,0.7538,0.6350,0.7006,0.5695,0.5695,0.2458,0.4998,0.4998,0.0410,0.0737,0.0942,0.0574,0.6670,0.7795,,0.1125,,42.37,,177.4,164.5,1.109,0.123,1.752
1791428553.332353,0.2991,0.5695,0.5695,0.6350,0.4998,0.7538,0.4998,0.8030,0.6350,0.3646,0.4302,0.4998,0.4998,0.0246,0.0410,0.1229,0.0410,,0.7835,,,,42.37,,178.0,164.2,1.215,0.123,
1791428553.3736758,0.5695,0.7538,0.7538,0.4302,0.5695,0.7538,0.7538,0.8030,0.4302,0.5695,0.4302,0.3646,0.4998,0.0082,0.0574,0.0942,0.0737,0.6670,0.7855,,0.1185,,42.92,,177.8,164.8,1.258,0.122,1.750
1791428553.4048512,0.4998,0.7538,0.7538,0.4998,0.4998,0.7538,0.7006,0.6350,0.5695,0.2458,0.2991,0.4998,0.4302,0.0205,0.0410,0.0942,0.0574,0.6670,0.7845,,0.1175,,42.64,,177.9,164.6,1.086,0.124,
1791428553.436306,0.3646,0.5695,0.6350,0.7006,0.2991,0.7538,0.5695,0.5695,0.6350,0.6350,0.3646,0.4302,0.4998,0.0369,0.0574,0.0942,0.0574,0.6690,0.7875,,0.1185,,43.04,,178.1,164.4,1.181,0.123,1.664
1791428553.4687157,0.4302,0.3646,0.5695,0.5695,0.6350,0.7006,0.7538,0.5695,0.5695,0.1557,0.1557,0.4302,0.4998,0.0369,0.0369,0.0410,0.0574,0.6690,0.7760,,0.1070,,42.69,,178.3,164.8,1.070,0.123,
1791428553.4994576,0.4302,0.5695,0.5695,0.4998,0.4302,0.8440,0.6350,0.7006,0.5695,0.1966,0.3646,0.3646,0.4302,0.0737,0.0205,0.0942,0.0574,0.6650,0.7890,,0.1240,,43.04,,178.9,164.9,1.072,0.124,1.631
1791428553.531573,0.6350,0.4998,0.7538,0.6350,0.4302,0.8440,0.4998,0.8030,0.4998,0.3646,0.3646,0.3646,0.4302,0.0574,0.0942,0.1229,0.0574,0.6650,0.7885,,0.1235,,43.67,,178.6,165.0,1.185,0.123,1.696
1791428553.566235,0.4998,0.6350,0.6350,0.5695,0.6350,0.8030,0.8030,0.7006,0.7006,0.4998,0.3646,0.4998,0.4998,0.0410,0.0574,0.0737,0.0410,0.6640,0.7785,,0.1145,,43.10,,178.1,165.7,1.140,0.125,1.659
1791428553.5990424,0.7006,0.7006,0.6350,0.4302,0.4998,0.5695,0.7538,0.8440,0.4998,0.4302,0.2991,0.4302,0.4302,0.0246,0.0574,0.1557,0.0737,0.6650,0.7800,,0.1150,,42.44,,177.9,165.7,1.111,0.127,1.864
1791428553.6322901,0.7538,0.7538,0.7006,0.7006,0.4998,0.7006,0.5695,0.5695,0.7538,0.4302,0.4302,0.2991,0.4302,0.0574,0.0737,0.0737,0.0574,0.6640,0.7785,,0.1145,,41.54,,177.6,165.7,,0.131,1.691
1791428553.6735654,0.4998,0.7006,0.4302,0.5695,0.4998,0.8030,0.5695,0.7006,0.4998,0.4302,0.2991,0.3646,0.4302,0.0123,0.0942,0.1229,0.0574,0.6640,0.7795,,0.1155,,40.79,,177.4,165.4,1.187,0.134,1.974
1791428553.7061906,0.4302,0.7006,0.8440,0.3646,0.3646,0.7538,0.6350,0.7006,0.7006,0.3646,0.2458,0.4302,0.4302,0.0410,0.0369,0.1557,0.0369,0.6640,0.7780,,0.1140,,40.23,,177.3,165.8,1.013,0.137,1.721
1791428553.7374525,0.4302,0.9259,0.5695,0.3646,0.5695,0.6350,0.8030,0.7006,0.1966,0.5695,0.1557,0.4302,0.4302,0.0410,0.0164,0.0205,0.0942,0.6660,0.7840,,0.1180,,40.07,,177.7,165.4,1.029,0.138,1.758
1791428553.7699711,0.6350,0.7538,0.7538,0.3646,0.2458,0.7006,0.7538,0.7006,0.7006,0.2991,0.2458,0.4302,0.4302,0.0369,0.0369,0.0205,0.0410,0.6640,0.7850,,0.1210,,39.40,,177.4,166.0,1.220,0.142,
1791428553.8010373,0.6350,0.7006,0.7538,0.5695,0.5695,0.7538,0.7538,0.7538,0.3646,0.4998,0.2991,0.4998,0.4998,0.0369,0.0369,0.1557,0.0574,0.6640,0.7815,,0.1175,,38.35,,177.0,165.3,1.187,0.148,1.982
1791428553.833034,0.5695,0.7006,0.7538,0.7006,0.5695,0.8030,0.5695,0.7006,0.4302,0.4998,0.4302,0.4302,0.4302,0.0369,0.0410,0.0737,0.0410,0.6640,0.7795,,0.1155,,37.66,,177.4,165.5,1.159,0.151,1.800
1791428553.8668609,0.4998,0.5695,0.8440,0.4998,0.6350,0.7006,0.6350,0.7006,0.4998,0.4302,0.2991,0.4302,0.3646,0.0246,0.0410,0.0942,0.0942,0.6660,0.7850,,0.1190,,37.58,,177.7,165.7,1.067,0.152,1.799
1791428553.8995707,0.4302,0.8440,0.7538,0.5695,0.4998,0.7006,0.6350,0.5695,0.6350,0.5695,0.3646,0.4302,0.4998,0.0369,0.0574,0.1229,0.0574,0.6640,0.7815,,0.1175,,36.73,,177.3,166.8,1.117,0.157,1.727
1791428553.9328957,0.4998,0.5695,0.5695,0.4998,0.7006,0.6350,0.8030,0.5695,0.7006,0.5695,0.3646,0.4302,0.4998,0.0369,0.0574,0.1229,0.0574,0.6670,0.7820,,0.1150,,36.04,,177.5,166.8,1.126,0.161,1.713
1791428553.975064,0.5695,0.6350,0.7538,0.4302,0.6350,0.7538,0.7538,0.7006,0.4998,0.2458,0.2991,0.4302,0.4998,0.0205,0.0574,0.0737,0.0737,0.6680,0.7855,,0.1175,,35.64,,177.5,167.1,1.107,0.163,
1791428554.00757,0.3646,0.4302,0.8440,0.5695,0.5695,0.5695,0.6350,0.6350,0.2991,0.2991,0.2991,0.4998,0.4302,0.0942,0.0369,0.0574,0.0574,0.6690,0.7830,,0.1140,,34.72,,176.4,166.5,1.157,0.168,
1791428554.0385475,0.2458,0.5695,0.7538,0.3646,0.6350,0.8030,0.3646,0.6350,0.3646,0.2991,0.2991,0.4998,0.4998,0.0410,0.0410,0.1229,0.0410,,0.7785,,,,34.72,,176.1,166.5,1.155,0.168,
1791428554.0717125,0.4998,0.6350,0.6350,0.4998,0.5695,0.8030,0.7538,0.7006,0.4998,0.7006,0.3646,0.4302,0.4998,0.0410,0.0574,0.0737,0.0737,0.6690,0.7815,,0.1125,,33.72,,176.2,165.6,1.247,0.173,1.966
1791428554.1024554,0.4998,0.7006,0.7006,0.4302,0.4998,0.6350,0.6350,0.7006,0.2458,0.4302,0.3646,0.3646,0.4998,0.0246,0.0246,0.0737,0.0410,0.6680,0.7850,,0.1170,,33.88,,176.4,165.9,1.049,0.173,1.657
1791428554.1344566,0.7006,0.7538,0.7538,0.4998,0.5695,0.8030,0.4302,0.7006,0.2458,0.5695,0.4302,0.3646,0.4998,0.0574,0.0246,0.0205,0.0737,0.6670,0.7810,,0.1140,,33.26,,176.4,165.7,1.153,0.176,1.839
1791428554.1671493,0.5695,0.7538,0.8030,0.6350,0.5695,0.7538,0.7006,0.7006,0.6350,0.4998,0.3646,0.4302,0.3646,0.0737,0.0410,0.1557,0.0574,0.6700,0.7835,,0.1135,,33.02,,176.4,165.9,1.121,0.177,1.799
1791428554.2002413,0.5695,0.4998,0.7538,0.6350,0.5695,0.7006,0.5695,0.7006,0.5695,0.2458,0.3646,0.4998,0.4998,0.0369,0.0246,0.0574,0.0410,0.6700,0.7805,,0.1105,,32.60,,176.9,166.1,1.113,0.179,1.731
1791428554.2341192,0.4302,0.8030,0.7006,0.4998,0.4998,0.4998,0.6350,0.5695,0.6350,0.2458,0.4998,0.4302,0.4998,0.0246,0.0574,0.0246,0.0410,0.6670,0.7850,,0.1180,,32.46,,176.6,165.4,1.165,0.181,1.852
1791428554.2766137,0.4998,0.4998,0.7538,0.4998,0.5695,0.6350,0.7006,0.6350,0.6350,0.4998,0.2991,0.4302,0.4998,0.0246,0.0205,0.0942,0.0737,0.6690,0.7785,,0.1095,,32.16,,177.2,165.9,1.180,0.181,1.990
1791428554.3086324,0.5695,0.5695,0.6350,0.4998,0.5695,0.7538,0.7538,0.7006,0.6350,0.4998,0.2991,0.4302,0.4998,0.0737,0.0574,0.0737,0.0737,0.6690,0.7865,,0.1175,,32.37,,177.5,165.5,1.229,0.181,2.071
1791428554.3415327,0.4302,0.7006,0.6350,0.5695,0.6350,0.6350,0.7538,0.4998,0.3646,0.1229,0.2991,0.4998,0.4998,0.0164,0.0574,0.1229,0.0574,0.6690,0.7900,,0.1210,,32.71,,177.8,166.0,1.139,0.180,
1791428554.3716426,0.5695,0.7006,0.9259,0.4998,0.5695,0.7006,0.7538,0.6350,0.5695,0.6350,0.2991,0.4302,0.4998,0.0246,0.0574,0.0942,0.0574,0.6720,0.7885,,0.1165,,32.88,,178.2,165.5,1.157,0.179,1.969
1791428554.4030476,0.8030,0.6350,0.8030,0.6350,0.3646,0.7538,0.7538,0.5695,0.5695,0.4302,0.2458,0.4998,0.3646,0.0369,0.0574,0.0942,0.0737,0.6720,0.7880,,0.1160,,33.08,,178.4,164.7,1.134,0.178,1.964
1791428554.4348645,0.7538,0.7538,0.8440,0.4302,0.4302,0.7006,0.6350,0.6350,0.5695,0.1966,0.2458,0.4302,0.4302,0.0574,0.0574,0.1229,0.0942,0.6670,0.7905,,0.1235,,33.70,,178.8,163.6,1.075,0.176,
1791428554.4672403,0.7538,0.7006,0.7006,0.5695,0.7006,0.7006,0.4998,0.7006,0.5695,0.3646,0.3646,0.4302,0.4302,0.0410,0.0574,0.0942,0.0737,0.6690,0.7775,,0.1085,,33.05,,178.6,165.4,1.104,0.178,1.668
1791428554.5008132,0.4302,0.7006,0.7538,0.5695,0.7006,0.5695,0.6350,0.5695,0.6350,0.3646,0.4302,0.4302,0.2991,0.0369,0.0574,0.0369,0.0410,0.6670,0.7790,,0.1120,,32.74,,178.5,166.6,,0.179,1.615
1791428554.5342667,0.4998,0.7006,0.7006,0.6350,0.7006,0.6350,0.7538,0.4998,0.6350,0.6350,0.2458,0.4998,0.4998,0.0410,0.0369,0.0737,0.0574,0.6670,0.7895,,0.1225,,33.74,,179.0,167.3,1.069,0.174,1.768
1791428554.574986,0.6350,0.7538,0.8030,0.7538,0.4998,0.7538,0.4302,0.5695,0.5695,0.5695,0.2458,0.3646,0.4998,0.0410,0.0205,0.1229,0.0574,0.6670,0.7840,,0.1170,,33.57,,178.3,166.0,1.158,0.176,2.002
1791428554.606443,0.6350,0.8030,0.8030,0.4998,0.7538,0.8440,0.7538,0.7538,0.4998,0.2991,0.2991,0.4302,0.4302,0.0410,0.0942,0.1966,0.0737,0.6660,0.7795,,0.1135,,33.87,,178.1,167.0,1.118,0.173,
1791428554.6390405,0.7538,0.8030,0.8030,0.4998,0.4302,0.6350,0.6350,0.7538,0.4998,0.4302,0.3646,0.3646,0.5695,0.0574,0.0574,0.0942,0.0410,0.6660,0.7825,,0.1165,,33.51,,178.3,165.7,1.049,0.175,1.767
1791428554.670123,0.6350,0.7538,0.6350,0.4302,0.4998,0.6350,0.5695,0.5695,0.4998,0.4998,0.5695,0.4302,0.4998,0.0410,0.0574,0.0942,0.0574,0.6660,0.7830,,0.1170,,33.52,,178.4,166.9,1.175,0.176,1.886
1791428554.7013297,0.5695,0.5695,0.7006,0.6350,0.6350,0.7006,0.5695,0.7006,0.5695,0.4302,0.3646,0.4998,0.4998,0.1229,0.0574,0.1557,0.0410,0.6660,0.7830,,0.1170,,33.31,,178.4,166.2,1.207,0.177,1.856
1791428554.7339993,0.5695,0.7538,0.8767,0.5695,0.7006,0.7006,0.7538,0.6350,0.6350,0.4998,0.4302,0.3646,0.4998,0.0205,0.0410,0.0246,0.0574,0.6650,0.7800,,0.1150,,33.22,,178.1,167.4,1.175,0.177,1.861
1791428554.7676985,0.4302,0.4998,0.8767,0.5695,0.6350,0.8440,0.7538,0.7538,0.7006,0.4998,0.2458,0.4998,0.5695,0.0205,0.0574,0.1229,0.0942,0.6650,0.7825,,0.1175,,33.54,,178.1,166.8,1.137,0.176,1.879
1791428554.811075,0.4302,0.8440,0.7006,0.4998,0.7538,0.7538,0.7538,0.7538,0.3646,0.6350,0.3646,0.4302,0.4302,0.0574,0.0737,0.0410,0.0574,0.6650,0.7790,,0.1140,,33.73,,178.4,167.1,1.075,0.174,1.730
1791428554.8439176,0.6350,0.7006,0.5695,0.6350,0.7006,0.8030,0.8440,0.7538,0.6350,0.5695,0.2991,0.5695,0.4302,0.0574,0.0737,0.0737,0.0737,0.6660,0.7815,,0.1155,,34.02,,178.2,167.1,1.199,0.172,2.055
1791428554.876093,0.4302,0.6350,0.7006,0.4302,0.6350,0.8440,0.4998,0.7006,0.5695,0.7538,0.3646,0.5695,0.4998,0.0369,0.0737,0.1229,0.0737,0.6650,0.7830,,0.1180,,34.72,,178.1,166.7,1.170,0.168,1.754
1791428554.9067886,0.6350,0.7006,0.8440,0.5695,0.5695,0.8030,0.6350,0.7006,0.3646,0.5695,0.4302,0.4302,0.4302,0.0574,0.0246,0.0574,0.0737,0.6640,0.7840,,0.1200,,35.15,,178.0,166.2,1.140,0.166,1.747
1791428554.9387636,0.3646,0.6350,0.8440,0.4998,0.6350,0.6350,0.7006,0.7006,0.4302,0.6350,0.2991,0.4998,0.4998,0.0246,0.0410,0.0737,0.0737,0.6640,0.7755,,0.1115,,34.91,,177.7,166.8,1.070,0.166,1.801
1791428554.9713826,0.4998,0.7538,0.8440,0.7006,0.4302,0.5695,0.6350,0.7538,0.7006,0.5695,0.3646,0.4998,0.4998,0.0123,0.0246,0.0246,0.0574,0.6640,0.7880,,0.1240,,35.84,,178.5,166.1,1.032,0.163,1.652
1791428555.001901,0.6350,0.4998,0.7006,0.4998,0.4302,0.7006,0.5695,0.7006,0.3646,0.4302,0.2458,0.3646,0.4302,0.0410,0.0942,0.0737,0.0574,0.6630,0.7790,,0.1160,,35.40,,177.9,165.9,1.163,0.165,1.994
1791428555.0340073,0.5695,0.8440,0.5695,0.4998,0.4998,0.8440,0.7538,0.5695,0.4302,0.1966,0.3646,0.4302,0.4998,0.0574,0.0410,0.0369,0.0737,0.6630,0.7790,,0.1160,,35.06,,176.5,165.2,1.186,0.167,1.881
1791428555.0673149,0.4302,0.7538,0.7538,0.4302,0.5695,0.7006,0.6350,0.7006,0.3646,0.2991,0.2991,0.4302,0.4998,0.0369,0.0164,0.0246,0.0574,0.6630,0.7855,,0.1225,,35.45,,177.0,164.7,1.102,0.166,
1791428555.1005368,0.5695,0.4998,0.7538,0.4998,0.5695,0.6350,0.7538,0.8030,0.5695,0.2991,0.1966,0.4302,0.4302,0.0410,0.0246,0.0737,0.0410,0.6630,0.7855,,0.1225,,35.69,,176.9,164.3,1.285,0.166,
1791428555.1341074,0.3646,0.2991,0.6350,0.4998,0.4998,0.6350,0.6350,0.7538,0.6350,0.1557,0.1966,0.4998,0.4998,0.0410,0.0574,0.0942,0.0942,0.6630,0.7815,,0.1185,,35.87,,177.1,163.8,1.175,0.164,
1791428555.1762393,0.6350,0.7006,0.7538,0.4998,0.4998,0.6350,0.6350,0.6350,0.5695,0.4998,0.2991,0.4302,0.5695,0.0574,0.0574,0.0410,0.0574,0.6650,0.7775,,0.1125,,35.36,,177.2,163.6,1.146,0.166,1.957
1791428555.208297,0.6350,0.4998,0.6350,0.5695,0.5695,0.7538,0.6350,0.6350,0.4302,0.2991,0.4302,0.4998,0.4998,0.0574,0.0574,0.0410,0.0574,0.6640,0.7795,,0.1155,,35.22,,176.8,164.0,1.156,0.166,1.785
1791428555.241537,0.6350,0.7538,0.7006,0.4998,0.6350,0.6350,0.5695,0.6350,0.4998,0.5695,0.2458,0.4998,0.5695,0.0369,0.0164,0.0737,0.0942,0.6610,0.7775,,0.1165,,35.46,,177.2,163.4,1.062,0.164,1.822
1791428555.2715485,0.7538,0.8030,0.6350,0.4302,0.4998,0.6350,0.5695,0.7006,0.4998,0.2991,0.3646,0.4302,0.4302,0.0574,0.0737,0.0737,0.0410,0.6610,0.7780,,0.1170,,35.45,,177.0,164.2,1.103,0.164,1.701
1791428555.302838,0.5695,0.8767,0.6350,0.5695,0.4998,0.7538,0.5695,0.5695,0.6350,0.5695,0.3646,0.4302,0.5695,0.0246,0.0574,0.0942,0.0737,0.6620,0.7770,,0.1150,,35.18,,177.1,164.4,1.160,0.165,1.844
1791428555.3351407,0.3646,0.7006,0.5695,0.5695,0.4998,0.7538,0.6350,0.6350,0.5695,0.4998,0.3646,0.4998,0.4998,0.0369,0.0410,0.0574,0.0574,0.6590,0.7765,,0.1175,,35.56,,176.3,164.9,1.081,0.163,1.647
1791428555.3680782,0.4302,0.5695,0.8440,0.5695,0.4998,0.7538,0.7006,0.6350,0.6350,0.5695,0.1229,0.4302,0.4998,0.0410,0.0574,0.0737,0.0942,0.6590,0.7790,,0.1200,,36.24,,176.8,165.2,1.123,0.160,1.910
1791428555.4024498,0.4302,0.5695,0.9054,0.4998,0.4302,0.7006,0.4998,0.7538,0.4998,0.4998,0.3646,0.4302,0.4998,0.0246,0.0205,0.1229,0.0574,0.6590,0.7790,,0.1200,,36.51,,177.1,165.6,1.113,0.159,1.704
1791428555.438307,0.5695,0.7006,0.5695,0.5695,0.7006,0.7006,0.5695,0.7006,0.5695,0.3646,0.3646,0.4998,0.4998,0.0574,0.0942,0.0942,0.0942,0.6580,0.7795,,0.1215,,36.89,,177.0,165.8,1.202,0.158,1.787
1791428555.4700742,0.5695,0.8030,0.7006,0.7006,0.4998,0.5695,0.2991,0.5695,0.6350,0.5695,0.2458,0.4998,0.4302,0.0737,0.0246,0.0246,0.0369,0.6570,,,,,36.89,,177.0,165.8,,,
1791428555.5023952,0.2991,0.7538,0.6350,0.6350,0.5695,0.8030,0.7006,0.8030,0.5695,0.6350,0.3646,0.4302,0.4998,0.0369,0.0574,0.1557,0.0942,,0.7765,,,,36.89,,177.0,166.4,1.245,0.158,
1791428555.535216,0.7538,0.7538,0.7538,0.5695,0.6350,0.8440,0.4302,0.6350,0.4998,0.2458,0.1557,0.4998,0.4302,0.0246,0.0737,0.0942,0.0942,0.6640,0.7800,,0.1160,,38.19,,176.4,166.3,1.112,0.150,
1791428555.5779824,0.7006,0.7006,0.6350,0.4302,0.7006,0.8440,0.7006,0.7006,0.5695,0.4998,0.2458,0.4302,0.4998,0.0737,0.0574,0.1557,0.0574,0.6560,0.7780,,0.1220,,39.16,,175.9,165.4,1.028,0.146,1.740
1791428555.6085434,0.7006,0.6350,0.6350,0.4998,0.6350,0.7538,0.6350,0.7538,0.6350,0.4998,0.1557,0.4302,0.4998,0.0369,0.0737,0.0737,0.0737,0.6560,0.7780,,0.1220,,39.55,,175.9,165.8,1.177,0.145,1.898
1791428555.6408498,0.7538,0.7538,0.6350,0.5695,0.5695,0.7006,0.4302,0.5695,0.5695,0.3646,0.4302,0.4998,0.4302,0.0737,0.0246,0.0574,0.0574,0.6560,0.7790,,0.1230,,40.31,,175.9,167.4,1.230,0.142,1.654
1791428555.6720698,0.7538,0.8030,0.7538,0.4302,0.4998,0.7538,0.6350,0.4302,0.4998,0.3646,0.2991,0.3646,0.4998,0.0369,0.0410,0.0737,0.0737,0.6560,0.7790,,0.1230,,40.38,,175.7,166.5,1.076,0.142,1.822
1791428555.7037895,0.4302,0.5695,0.5695,0.7006,0.4302,0.7006,0.7006,0.4998,0.4302,0.4998,0.2458,0.4302,0.4998,0.0410,0.0942,0.0942,0.0737,0.6560,0.7770,,0.1210,,40.79,,174.9,166.6,1.108,0.140,1.819
1791428555.7365375,0.3646,0.7006,0.7006,0.4302,0.5695,0.7538,0.5695,0.5695,0.2991,0.5695,0.1557,0.3646,0.4998,0.0574,0.0574,0.0574,0.0410,0.6540,0.7760,,0.1220,,41.03,,174.8,167.4,1.025,0.139,1.731
1791428555.7688806,0.4998,0.7538,0.7006,0.5695,0.5695,0.7538,0.5695,0.6350,0.4998,0.3646,0.2458,0.4998,0.4998,0.0123,0.0574,0.0737,0.0574,0.6540,0.7775,,0.1235,,41.64,,174.5,168.1,1.029,0.137,1.703
1791428555.8016164,0.7538,0.7006,0.4998,0.5695,0.4302,0.7006,0.4998,0.8767,0.3646,0.4998,0.3646,0.5695,0.4998,0.0369,0.0574,0.0737,0.0410,0.6560,0.7840,,0.1280,,42.68,,174.9,168.3,1.089,0.133,1.522
1791428555.83479,0.5695,0.8767,0.3646,0.5695,0.4998,0.6350,0.6350,0.7538,0.6350,0.4302,0.1966,0.4302,0.5695,0.0410,0.0246,0.0737,0.1229,0.6560,0.7780,,0.1220,,42.56,,175.2,168.6,1.075,0.134,1.779
1791428555.868336,0.6350,0.7538,0.5695,0.5695,0.5695,0.7538,0.7538,0.8030,0.4998,0.4998,0.2991,0.4302,0.4998,0.0369,0.0942,0.0410,0.0737,0.6540,0.7770,,0.1230,,42.23,,174.5,168.6,1.157,0.135,1.877
1791428555.910344,0.5695,0.7006,0.7006,0.6350,0.6350,0.8030,0.6350,0.7006,0.6350,0.2991,0.2991,0.4302,0.4998,0.0369,0.0369,0.1229,0.0942,0.6590,0.7760,,0.1170,,42.26,,175.1,168.3,1.111,0.134,
1791428555.9421935,0.4302,0.6350,0.7006,0.4998,0.6350,0.8030,0.4998,0.5695,0.7006,0.5695,0.2991,0.4998,0.4302,0.0410,0.0942,0.0246,0.0942,0.6650,0.7795,,0.1145,,41.68,,175.4,168.5,1.225,0.135,2.009
1791428555.9735675,0.3646,0.7006,0.8030,0.6350,0.6350,0.7006,0.5695,0.7006,0.5695,0.5695,0.2991,0.4998,0.4302,0.0369,0.0410,0.1229,0.0574,0.6540,0.7780,,0.1240,,42.21,,175.6,168.9,1.031,0.133,1.696
1791428556.0059822,0.5695,0.6350,0.7538,0.4998,0.4998,0.8030,0.6350,0.7538,0.3646,0.4998,0.5695,0.4302,0.4302,0.0369,0.0246,0.0737,0.0942,0.6560,0.7790,,0.1230,,42.31,,175.4,167.6,1.110,0.133,1.631
1791428556.0385644,0.7538,0.7006,0.8440,0.4998,0.5695,0.7006,0.7538,0.5695,0.3646,0.3646,0.4998,0.4302,0.4998,0.0574,0.0410,0.1229,0.0410,0.6560,0.7770,,0.1210,,42.41,,175.2,167.0,1.007,0.133,1.529
1791428556.0691273,0.5695,0.6350,0.7006,0.6350,0.4998,0.7006,0.2991,0.7006,0.5695,0.5695,0.4302,0.4302,0.4998,0.0369,0.0574,0.0737,0.0737,0.6540,,,,,42.41,,175.2,167.0,,,
1791428556.104517,0.5695,0.9259,0.7006,0.5695,0.6350,0.7006,0.7006,0.5695,0.4998,0.3646,0.4302,0.4302,0.4302,0.0369,0.0410,0.0942,0.0737,0.6540,0.7765,,0.1225,,41.81,,174.4,166.7,1.068,0.136,1.670
1791428556.1349633,0.5695,0.8030,0.5695,0.6350,0.6350,0.8030,0.7538,0.7006,0.4998,0.2991,0.3646,0.4302,0.4998,0.0942,0.0574,0.1229,0.0942,0.6560,0.7780,,0.1220,,42.11,,174.7,166.5,1.033,0.135,1.566
1791428556.1694453,0.7006,0.5695,0.7538,0.6350,0.4998,0.8440,0.7006,0.7006,0.4998,0.5695,0.3646,0.3646,0.4302,0.0410,0.0942,0.0737,0.0737,0.6540,0.7775,,0.1235,,42.30,,174.9,166.7,1.106,0.134,1.742
1791428556.2121408,0.5695,0.8030,0.7538,0.5695,0.5695,0.8030,0.7538,0.7006,0.6350,0.4998,0.4302,0.4302,0.4998,0.0369,0.0737,0.0942,0.0574,0.6560,0.7785,,0.1225,,42.36,,174.6,166.5,1.133,0.134,1.658
1791428556.2446015,0.5695,0.8030,0.7538,0.5695,0.4998,0.6350,0.8030,0.7538,0.5695,0.4998,0.4998,0.4998,0.4302,0.0164,0.0410,0.1229,0.0737,0.6540,0.7755,,0.1215,,42.60,,175.1,166.6,1.083,0.133,1.608
1791428556.275788,0.4302,0.5695,0.7006,0.6350,0.5695,0.6350,0.7006,0.5695,0.4998,0.4302,0.4302,0.4302,0.4302,0.0369,0.0246,0.0574,0.0942,0.6540,0.7765,,0.1225,,42.47,,175.7,166.6,1.139,0.133,1.726
1791428556.3078158,0.4302,0.8030,0.5695,0.6350,0.7538,0.7006,0.6350,0.7538,0.4998,0.6350,0.1229,0.4302,0.4998,0.0205,0.0574,0.0737,0.0737,0.6540,0.7805,,0.1265,,43.25,,176.0,166.7,1.104,0.131,1.708
1791428556.3375266,0.6350,0.7538,0.7538,0.4302,0.5695,0.5695,0.7538,0.8030,0.3646,0.4998,0.2991,0.4302,0.4302,0.0574,0.0737,0.0410,0.0574,0.6540,0.7770,,0.1230,,43.20,,175.9,167.2,1.123,0.131,1.813
1791428556.3697822,0.4302,0.8767,0.7538,0.4998,0.4998,0.7538,0.6350,0.2991,0.2458,0.4998,0.1557,0.4302,0.5695,0.0246,0.0574,0.0737,0.0737,0.6600,0.7800,,0.1200,,43.18,,175.1,167.0,1.027,0.130,1.697
1791428556.4025948,0.6350,0.9259,0.6350,0.5695,0.4998,0.5695,0.7006,0.5695,0.6350,0.4302,0.3646,0.4302,0.4998,0.0737,0.0574,0.0942,0.0574,0.6600,0.7780,,0.1180,,43.20,,175.2,167.1,1.023,0.129,1.524
1791428556.4360466,0.7006,0.7538,0.7538,0.6350,0.4998,0.7538,0.8440,0.6350,0.7006,0.1557,0.3646,0.4998,0.3646,0.0164,0.0410,0.0942,0.0574,0.6540,0.7745,,0.1205,,42.91,,175.2,166.3,1.045,0.131,1.591
1791428556.4689722,0.7006,0.7006,0.7538,0.5695,0.5695,0.5695,0.7538,0.7006,0.4998,0.1966,0.1966,0.4998,0.4998,0.0369,0.0246,0.0574,0.0574,0.6540,0.7785,,0.1245,,42.90,,175.5,165.5,1.085,0.131,
1791428556.5111227,0.4998,0.6350,0.6350,0.6350,0.5695,0.8440,0.7006,0.6350,0.4302,0.4998,0.4302,0.3646,0.4302,0.0369,0.0410,0.0737,0.0410,0.6540,0.7775,,0.1235,,43.15,,175.0,165.7,1.094,0.130,1.611
1791428556.5434597,0.4302,0.5695,0.4302,0.6350,0.4998,0.8030,0.5695,0.4302,0.4998,0.5695,0.2458,0.3646,0.4998,0.0164,0.0942,0.0574,0.0574,0.6610,0.7760,,0.1150,,42.73,,175.4,165.4,1.131,0.131,1.864
1791428556.5762784,0.3646,0.7006,0.5695,0.4998,0.6350,0.7538,0.7538,0.7006,0.4302,0.2991,0.3646,0.3646,0.4998,0.0369,0.0410,0.0737,0.0410,0.6570,0.7890,,0.1320,,43.40,,175.8,164.8,1.092,0.130,1.615
1791428556.6059136,0.4998,0.8030,0.7006,0.4302,0.6350,0.7006,0.4998,0.7006,0.4998,0.4998,0.3646,0.3646,0.4302,0.0246,0.0410,0.0737,0.0737,0.6570,0.7770,,0.1200,,42.60,,176.2,164.8,1.166,0.133,1.727
1791428556.6376002,0.5695,0.9054,0.7006,0.4998,0.5695,0.7538,0.7006,0.6350,0.6350,0.2991,0.2991,0.4302,0.4302,0.0369,0.0574,0.0574,0.0574,0.6570,0.7780,,0.1210,,42.20,,175.8,165.0,1.177,0.135,
1791428556.6702626,0.4998,0.6350,0.7538,0.4998,0.6350,0.8030,0.4998,0.6350,0.4302,0.5695,0.2991,0.4302,0.4998,0.0574,0.0574,0.0574,0.0737,0.6620,0.7795,,0.1175,,42.80,,176.0,165.0,1.090,0.131,1.781
1791428556.7040994,0.4302,0.8767,0.8030,0.4998,0.4302,0.7006,0.6350,0.6350,0.3646,0.2991,0.4302,0.4302,0.4998,0.0410,0.0205,0.0410,0.0942,0.6570,0.7755,,0.1185,,42.43,,175.7,165.0,1.154,0.132,1.703
1791428556.736744,0.5695,0.8767,0.7538,0.4302,0.4998,0.6350,0.7006,0.6350,0.7006,0.3646,0.2458,0.4998,0.3646,0.0369,0.0574,0.0737,0.0574,0.6600,0.7790,,0.1190,,42.28,,175.1,165.5,1.193,0.132,1.874
1791428556.769237,0.5695,0.8440,0.5695,0.6350,0.6350,0.5695,0.6350,0.7006,0.5695,0.4998,0.2991,0.4302,0.4998,0.0410,0.0410,0.0369,0.0410,0.6570,0.7755,,0.1185,,42.29,,175.0,165.4,1.126,0.132,1.777
1791428556.8135543,0.4998,0.9054,0.6350,0.5695,0.6350,0.6350,0.4998,0.7538,0.3646,0.4998,0.1966,0.3646,0.4998,0.0574,0.0942,0.1229,0.0574,0.6540,0.7775,,0.1235,,42.24,,175.0,164.8,1.056,0.133,1.768
1791428556.8442554,0.5695,0.8440,0.4998,0.4302,0.4998,0.7538,0.7538,0.7538,0.4302,0.4302,0.1966,0.3646,0.4302,0.0205,0.0942,0.1229,0.0410,0.6540,0.7755,,0.1215,,42.21,,175.0,164.7,0.991,0.133,1.745
1791428556.8762164,0.4302,0.7006,0.7538,0.4998,0.6350,0.7538,0.5695,0.8030,0.3646,0.1966,0.4998,0.4302,0.4998,0.0737,0.0574,0.1557,0.0737,0.6560,0.7745,,0.1185,,42.67,,175.1,164.2,1.048,0.131,1.519
1791428556.903621,0.6350,0.8030,0.7538,0.5695,0.4302,0.7006,0.5695,0.7538,0.4998,0.4302,0.2991,0.3646,0.4302,0.0737,0.0737,0.1229,0.0737,0.6580,0.7830,,0.1250,,43.52,,175.8,164.3,1.069,0.128,1.729
1791428556.9389548,0.2458,0.7006,0.7538,0.4998,0.5695,0.6350,0.6350,0.5695,0.4302,0.1966,0.1966,0.4998,0.4302,0.0205,0.0369,0.0574,0.0574,,0.7780,,,,43.52,,176.0,164.7,1.134,0.128,
1791428556.969915,0.4998,0.5695,0.4998,0.5695,0.5695,0.7538,0.7538,0.7006,0.6350,0.4998,0.3646,0.3646,0.4998,0.0369,0.0942,0.0737,0.0574,0.6560,0.7740,,0.1180,,43.46,,176.1,164.3,1.084,0.127,1.568
1791428557.002678,0.4302,0.8440,0.7538,0.5695,0.4998,0.7538,0.6350,0.2991,0.5695,0.4302,0.3646,0.4302,0.4302,0.0737,0.1557,0.0737,0.0574,0.6540,0.7750,,0.1210,,42.66,,176.7,164.1,1.092,0.131,1.644
1791428557.036721,0.6350,0.7538,0.7538,0.4302,0.5695,0.7538,0.7538,0.7006,0.4998,0.4998,0.3646,0.3646,0.4302,0.0410,0.0574,0.0205,0.0942,0.6570,0.7775,,0.1205,,42.40,,176.0,163.9,1.126,0.132,1.690
1791428557.0702114,0.4302,0.8440,0.5695,0.4998,0.5695,0.7006,0.4302,0.6350,0.1557,0.4998,0.2991,0.4302,0.4998,0.0246,0.0369,0.0410,0.0574,0.6540,0.7755,,0.1215,,42.23,,175.8,163.6,1.115,0.133,1.806
1791428557.1128652,0.5695,0.8440,0.6350,0.5695,0.4998,0.8030,0.6350,0.7006,0.5695,0.5695,0.3646,0.4302,0.5695,0.0369,0.0574,0.0574,0.0737,0.6570,0.7815,,0.1245,,42.46,,175.8,163.1,1.186,0.133,1.668
1791428557.1453805,0.5695,0.8440,0.7006,0.4998,0.5695,0.6350,0.7006,0.4998,0.7006,0.2991,0.2458,0.4302,0.4302,0.0737,0.0574,0.0737,0.0574,0.6550,0.7770,,0.1220,,42.34,,176.1,163.8,1.025,0.133,
1791428557.1751835,0.7006,0.7538,0.7006,0.7006,0.4998,0.8030,0.7538,0.7538,0.6350,0.3646,0.2991,0.4302,0.4998,0.0737,0.0942,0.0737,0.0942,0.6570,0.7875,,0.1305,,43.19,,176.6,164.5,1.155,0.131,1.827
1791428557.207001,0.4302,0.8030,0.7538,0.4302,0.4998,0.7006,0.8030,0.6350,0.5695,0.3646,0.3646,0.4302,0.4302,0.0410,0.0737,0.0737,0.0737,0.6630,0.7780,,0.1150,,43.30,,175.7,164.5,1.136,0.129,1.621
1791428557.239301,0.4302,0.6350,0.8030,0.4998,0.4998,0.7006,0.6350,0.5695,0.4998,0.4302,0.4302,0.4302,0.4998,0.0369,0.0205,0.0205,0.0574,0.6630,0.7750,,0.1120,,43.07,,175.4,164.4,1.086,0.128,1.577
1791428557.2711618,0.2991,0.7538,0.7006,0.4998,0.4302,0.8030,0.5695,0.5695,0.6350,0.2458,0.3646,0.4302,0.4302,0.0410,0.0574,0.0410,0.0574,,0.7785,,,,43.07,,175.7,164.3,1.090,0.128,
1791428557.30382,0.4998,0.8440,0.7538,0.4998,0.4302,0.7006,0.5695,0.7006,0.5695,0.5695,0.2458,0.4302,0.4302,0.0369,0.0410,0.0410,0.0574,0.6590,0.7780,,0.1190,,43.01,,176.0,164.6,1.127,0.128,1.857
1791428557.3364756,0.7006,0.7538,0.8440,0.5695,0.5695,0.7006,0.6350,0.7538,0.6350,0.4998,0.4998,0.4998,0.4302,0.0737,0.0410,0.0942,0.0942,0.6540,0.7805,,0.1265,,42.78,,176.3,164.1,1.116,0.131,1.759
1791428557.370391,0.6350,0.8440,0.6350,0.4998,0.4302,0.6350,0.7006,0.4998,0.4302,0.4998,0.2991,0.4302,0.4302,0.0410,0.0574,0.1229,0.0410,0.6610,0.7785,,0.1175,,42.98,,176.0,163.6,1.145,0.129,1.860
1791428557.4038053,0.2458,0.7538,0.6350,0.6350,0.6350,0.6350,0.7538,0.6350,0.3646,0.4302,0.2991,0.4998,0.4998,0.0574,0.0737,0.0574,0.0574,,0.7765,,,,42.98,,175.7,163.8,1.119,0.129,
1791428557.44608,0.5695,0.5695,0.7006,0.6350,0.5695,0.7006,0.8030,0.8030,0.5695,0.4302,0.3646,0.4302,0.4998,0.0574,0.0574,0.0574,0.0737,0.6540,0.7755,,0.1215,,42.84,,175.3,164.3,1.055,0.130,1.627
1791428557.4785275,0.6350,0.8030,0.9054,0.4302,0.4998,0.7006,0.6350,0.7006,0.7006,0.5695,0.4302,0.4302,0.4998,0.0369,0.0410,0.0737,0.0737,0.6540,0.7740,,0.1200,,42.61,,175.3,164.3,1.024,0.131,1.538
1791428557.5096166,0.5695,0.6350,0.8030,0.6350,0.5695,0.8030,0.7006,0.7006,0.6350,0.2991,0.4302,0.3646,0.3646,0.0369,0.0574,0.0942,0.0410,0.6540,0.7755,,0.1215,,42.23,,175.6,164.3,1.141,0.133,1.707
1791428557.5403402,0.4998,0.7006,0.9259,0.5695,0.4998,0.7006,0.7538,0.5695,0.4998,0.4302,0.2991,0.4302,0.4998,0.0574,0.0369,0.0369,0.0737,0.6580,0.7780,,0.1200,,42.60,,175.7,164.2,1.071,0.131,1.816
1791428557.572869,0.5695,0.7006,0.7006,0.5695,0.5695,0.7006,0.6350,0.7006,0.4302,0.2991,0.4998,0.4302,0.5695,0.0410,0.0737,0.0942,0.1229,0.6580,0.7800,,0.1220,,42.41,,175.7,164.4,1.115,0.132,1.725
1791428557.6047976,0.7006,0.7538,0.7006,0.6350,0.4998,0.5695,0.7538,0.7006,0.4998,0.4998,0.3646,0.4998,0.4302,0.0737,0.0942,0.0574,0.0410,0.6550,0.7775,,0.1225,,42.44,,175.9,164.6,1.183,0.132,1.769
1791428557.637195,0.4302,0.7538,0.8030,0.6350,0.6350,0.8440,0.5695,0.5695,0.4302,0.4998,0.4998,0.4302,0.4998,0.0737,0.0410,0.0737,0.0942,0.6580,0.7795,,0.1215,,42.86,,175.6,164.0,0.974,0.131,1.513
1791428557.6703858,0.4998,0.6350,0.7006,0.5695,0.4998,0.8030,0.7006,0.7006,0.4998,0.7006,0.3646,0.4302,0.4998,0.0410,0.0574,0.1229,0.0737,0.6600,0.7815,,0.1215,,43.03,,175.6,163.7,1.009,0.130,1.547
1791428557.7045856,0.7538,0.6350,0.7006,0.4998,0.4302,0.8030,0.6350,0.6350,0.4998,0.5695,0.4302,0.4302,0.4302,0.0410,0.0246,0.0942,0.0737,0.6630,0.7770,,0.1140,,42.37,,175.1,164.4,1.145,0.131,1.702
1791428557.7462347,0.6350,0.7538,0.6350,0.4998,0.5695,0.8440,0.5695,0.7538,0.4302,0.4998,0.4998,0.4302,0.5695,0.0369,0.0942,0.0737,0.1229,0.6580,0.7830,,0.1250,,42.85,,174.8,164.6,1.067,0.130,1.614
1791428557.778147,0.6350,0.7006,0.8440,0.7006,0.2458,0.6350,0.6350,0.7006,0.7006,0.4998,0.3646,0.4998,0.4302,0.0246,0.0942,0.0942,0.0574,0.6600,0.7820,,0.1220,,43.30,,175.4,164.9,1.000,0.128,1.518
1791428557.809943,0.4998,0.6350,0.8030,0.5695,0.5695,0.6350,0.7538,0.7006,0.7006,0.4302,0.2458,0.4302,0.4302,0.0246,0.0574,0.1229,0.0410,0.6600,0.7775,,0.1175,,43.05,,175.6,164.6,1.079,0.129,1.803
1791428557.8416202,0.7006,0.7006,0.6350,0.4302,0.4998,0.6350,0.4302,0.6350,0.6350,0.4302,0.4998,0.3646,0.4302,0.0246,0.0410,0.0942,0.0942,0.6590,0.7790,,0.1200,,43.70,,176.2,165.1,1.063,0.126,1.554
1791428557.8733175,0.7538,0.8440,0.5695,0.3646,0.3646,0.8030,0.7006,0.5695,0.5695,0.5695,0.4302,0.4302,0.4998,0.0574,0.0737,0.0574,0.0942,0.6550,0.7795,,0.1245,,43.13,,176.7,165.1,1.122,0.129,1.634
1791428557.9044871,0.5695,0.7538,0.6350,0.6350,0.4302,0.8030,0.7006,0.5695,0.4998,0.4998,0.2991,0.4302,0.4998,0.0369,0.0737,0.0574,0.0737,0.6630,0.7775,,0.1145,,42.87,,176.5,164.0,1.146,0.129,1.837
1791428557.938578,0.7006,0.6350,0.7538,0.4998,0.5695,0.8030,0.4998,0.6350,0.3646,0.1557,0.3646,0.4998,0.5695,0.0574,0.0574,0.0737,0.0942,0.6620,0.7845,,0.1225,,43.69,,176.8,163.9,1.131,0.126,1.639
1791428557.9706275,0.8440,0.8767,0.7006,0.5695,0.2991,0.7006,0.5695,0.7006,0.4302,0.4302,0.4302,0.4998,0.5695,0.0737,0.0369,0.0942,0.0942,0.6590,0.7760,,0.1170,,43.73,,176.8,164.1,1.011,0.125,1.475
1791428558.0038958,0.4302,0.8440,0.8030,0.7538,0.5695,0.7006,0.5695,0.6350,0.4998,0.3646,0.3646,0.4302,0.4302,0.0246,0.1229,0.0369,0.0942,0.6590,0.7740,,0.1150,,43.41,,176.2,164.2,1.064,0.126,1.611
1791428558.0387614,0.7538,0.5695,0.4998,0.6350,0.4302,0.7006,0.6350,0.8030,0.4998,0.7006,0.4998,0.3646,0.4998,0.0369,0.0574,0.0737,0.0737,0.6650,0.7770,,0.1120,,43.31,,176.1,164.5,1.080,0.125,1.568
1791428558.0789394,0.6350,0.7006,0.7006,0.4998,0.4998,0.7006,0.6350,0.7538,0.4998,0.4998,0.3646,0.4302,0.4998,0.0369,0.0942,0.1229,0.0737,0.6620,0.7785,,0.1165,,43.48,,175.9,165.1,1.130,0.124,1.642
1791428558.110184,0.4302,0.8440,0.6350,0.5695,0.4998,0.7538,0.7006,0.5695,0.4998,0.4998,0.3646,0.4998,0.4302,0.0574,0.0737,0.0737,0.0942,0.6640,0.7755,,0.1115,,43.13,,176.0,164.7,1.131,0.124,1.751
1791428558.1422756,0.7006,0.7006,0.5695,0.4998,0.6350,0.8030,0.7006,0.7006,0.5695,0.3646,0.4302,0.3646,0.4302,0.0410,0.0574,0.0574,0.0410,0.6550,0.7755,,0.1205,,42.88,,176.3,164.5,1.055,0.126,1.667
1791428558.174353,0.4998,0.5695,0.6350,0.4302,0.4302,0.7538,0.5695,0.5695,0.4302,0.5695,0.3646,0.4302,0.4998,0.0410,0.1966,0.0737,0.0574,0.6620,0.7780,,0.1160,,43.10,,176.2,164.5,1.045,0.125,1.518
1791428558.2056558,0.4998,0.6350,0.4998,0.5695,0.4302,0.7538,0.5695,0.8030,0.4302,0.4998,0.4302,0.4998,0.4302,0.0737,0.0942,0.0942,0.0942,0.6550,0.7770,,0.1220,,42.26,,176.4,164.2,1.212,0.130,1.833
1791428558.2379248,0.4998,0.7538,0.4998,0.4998,0.4998,0.8440,0.6350,0.7006,0.5695,0.4998,0.3646,0.4302,0.4302,0.0205,0.0737,0.1229,0.0737,0.6570,0.7745,,0.1175,,42.52,,176.1,164.5,0.981,0.128,1.556
1791428558.2712188,0.4302,0.8030,0.4998,0.4998,0.4302,0.7538,0.7006,0.5695,0.5695,0.3646,0.3646,0.4302,0.4998,0.0574,0.0369,0.0737,0.1229,0.6600,0.7750,,0.1150,,42.10,,176.2,164.4,1.027,0.130,1.611
1791428558.305279,0.5695,0.7006,0.6350,0.4998,0.4998,0.7006,0.7538,0.5695,0.4998,0.4998,0.4998,0.4302,0.4998,0.0410,0.0205,0.0205,0.1229,0.6680,0.7765,,0.1085,,41.44,,176.4,165.0,1.038,0.131,1.632
1791428558.3475091,0.6350,0.5695,0.7006,0.6350,0.5695,0.6350,0.7538,0.6350,0.6350,0.3646,0.3646,0.3646,0.4302,0.0574,0.0942,0.0737,0.0942,0.6650,0.7740,,0.1090,,40.81,,176.6,164.9,1.172,0.132,1.754
1791428558.3800304,0.4998,0.8030,0.6350,0.5695,0.4998,0.7538,0.7006,0.7538,0.5695,0.6350,0.2458,0.4302,0.4302,0.0737,0.0737,0.1966,0.0737,0.6630,0.7865,,0.1235,,41.62,,176.1,165.2,1.121,0.131,1.859
1791428558.4107828,0.3646,0.4998,0.7006,0.5695,0.4302,0.7538,0.7006,0.6350,0.7006,0.4302,0.3646,0.3646,0.4998,0.0246,0.0737,0.0737,0.0737,0.6590,0.7780,,0.1190,,42.25,,176.5,165.3,0.992,0.128,1.514
1791428558.4425728,0.4302,0.8030,0.4998,0.5695,0.4302,0.7006,0.7538,0.8030,0.3646,0.2991,0.2991,0.4998,0.4302,0.0574,0.0369,0.0574,0.0942,0.6650,0.7770,,0.1120,,42.02,,176.8,165.2,1.078,0.128,
1791428558.4743288,0.7006,0.8030,0.7538,0.7006,0.5695,0.7538,0.6350,0.7538,0.4302,0.2991,0.3646,0.4302,0.4998,0.0410,0.0410,0.0737,0.1229,0.6600,0.7775,,0.1175,,42.49,,176.5,165.7,1.039,0.127,1.541
1791428558.5063457,0.5695,0.7006,0.7006,0.4998,0.4998,0.8440,0.7006,0.6350,0.5695,0.4998,0.4302,0.4998,0.3646,0.0369,0.0369,0.0574,0.0942,0.6690,0.7755,,0.1065,,42.40,,176.4,166.0,1.072,0.125,1.586
1791428558.5400248,0.3646,0.7538,0.6350,0.4302,0.4998,0.7538,0.7006,0.7006,0.4998,0.4302,0.3646,0.3646,0.5695,0.0369,0.0410,0.1229,0.0574,0.6600,0.7770,,0.1170,,42.34,,176.1,165.6,1.079,0.126,1.630
1791428558.5724323,0.4998,0.7538,0.7006,0.5695,0.4998,0.8440,0.7538,0.6350,0.4998,0.3646,0.2991,0.4998,0.3646,0.0246,0.0410,0.0410,0.0737,0.6670,0.7810,,0.1140,,42.68,,175.5,165.9,1.183,0.124,1.910
1791428558.6050193,0.7538,0.7006,0.6350,0.6350,0.5695,0.7538,0.4998,0.7006,0.2458,0.4998,0.2458,0.4302,0.4302,0.0369,0.0246,0.0574,0.0737,0.6620,0.7765,,0.1145,,42.33,,175.4,166.1,1.088,0.126,1.832
1791428558.6382859,0.7006,0.7006,0.6350,0.4998,0.5695,0.7538,0.7006,0.7538,0.4998,0.4998,0.2991,0.4302,0.4998,0.0205,0.0942,0.1557,0.0737,0.6600,0.7755,,0.1155,,42.26,,175.6,165.6,1.114,0.126,1.866
1791428558.682018,0.4998,0.6350,0.8767,0.4998,0.4302,0.8440,0.5695,0.4998,0.4998,0.4998,0.4302,0.4302,0.3646,0.0410,0.0737,0.0737,0.0942,0.6570,0.7745,,0.1175,,42.36,,175.9,165.2,1.134,0.126,1.693
1791428558.712932,0.3646,0.7006,0.7006,0.5695,0.4302,0.7006,0.4998,0.6350,0.5695,0.4998,0.3646,0.3646,0.5695,0.0369,0.0574,0.0205,0.0574,0.6570,0.7785,,0.1215,,43.30,,176.2,165.6,1.064,0.124,1.619
1791428558.745064,0.5695,0.7538,0.4302,0.4302,0.4302,0.8030,0.4302,0.7538,0.4998,0.2991,0.4302,0.4302,0.4302,0.0737,0.0369,0.0737,0.0942,0.6620,0.7745,,0.1125,,42.92,,176.1,165.9,1.080,0.124,1.624
1791428558.7761297,0.3646,0.7006,0.7538,0.6350,0.5695,0.7538,0.6350,0.7538,0.4998,0.4998,0.3646,0.4302,0.4998,0.0410,0.0410,0.0410,0.0737,0.6620,0.7735,,0.1115,,42.31,,176.1,165.9,1.184,0.126,1.722
1791428558.8065205,0.3646,0.4998,0.8030,0.6350,0.4998,0.7006,0.6350,0.4998,0.7006,0.1557,0.4302,0.4302,0.4998,0.0410,0.0942,0.0574,0.0942,0.6620,0.7755,,0.1135,,42.30,,175.5,166.0,1.130,0.126,1.745
1791428558.8381407,0.5695,0.4998,0.7538,0.4998,0.4998,0.7006,0.7538,0.7538,0.6350,0.4998,0.2991,0.3646,0.4302,0.0574,0.0369,0.0942,0.0737,0.6550,0.7795,,0.1245,,42.32,,174.6,165.6,1.158,0.128,1.907
1791428558.872022,0.6350,0.7538,0.5695,0.6350,0.4302,0.7538,0.4998,0.4998,0.4998,0.4302,0.2991,0.4302,0.4998,0.0737,0.0737,0.0737,0.0574,0.6650,0.7740,,0.1090,,41.65,,175.3,165.7,1.002,0.129,1.769
1791428558.9067466,0.5695,0.6350,0.7006,0.4302,0.4302,0.8767,0.4998,0.6350,0.4998,0.4302,0.2458,0.4302,0.4302,0.0164,0.0737,0.1229,0.0737,0.6590,0.7795,,0.1205,,41.93,,175.9,165.6,1.029,0.129,1.774
1791428558.9389794,0.4998,0.4998,0.6350,0.5695,0.3646,0.8440,0.5695,0.5695,0.5695,0.4302,0.3646,0.4998,0.5695,0.0737,0.0205,0.0737,0.0942,0.6620,0.7775,,0.1155,,42.65,,175.5,166.2,1.092,0.126,1.571
1791428558.9809043,0.4998,0.8030,0.7538,0.6350,0.4998,0.7538,0.4302,0.5695,0.3646,0.4998,0.2991,0.4302,0.4998,0.0164,0.0246,0.0410,0.0574,0.6590,0.7720,,0.1130,,41.66,,175.8,166.1,1.136,0.130,1.841
1791428559.0127506,0.5695,0.8440,0.5695,0.7006,0.5695,0.7538,0.6350,0.7006,0.5695,0.4998,0.4302,0.4302,0.3646,0.0369,0.0737,0.0737,0.0737,0.6650,0.7750,,0.1100,,41.80,,175.4,166.1,1.088,0.128,1.582
1791428559.0453079,0.6350,0.5695,0.6350,0.5695,0.4302,0.7538,0.6350,0.5695,0.4302,0.1557,0.4302,0.4302,0.4998,0.0205,0.0942,0.0942,0.0574,0.6640,0.7765,,0.1125,,42.16,,174.4,165.3,1.011,0.126,1.493
1791428559.0757093,0.5695,0.5695,0.6350,0.4302,0.4998,0.7538,0.6350,0.6350,0.5695,0.5695,0.3646,0.4302,0.3646,0.0574,0.0737,0.0574,0.0737,0.6590,0.7745,,0.1155,,42.07,,174.2,165.6,1.067,0.127,1.602
1791428559.107157,0.4998,0.6350,0.8030,0.3646,0.4302,0.8440,0.6350,0.4998,0.4998,0.2458,0.3646,0.4302,0.4302,0.0737,0.0410,0.0410,0.0574,0.6600,0.7780,,0.1180,,42.05,,174.7,166.0,1.080,0.128,1.629
1791428559.1391878,0.5695,0.7006,0.8767,0.6350,0.4302,0.5695,0.7538,0.5695,0.3646,0.2458,0.2458,0.4302,0.4302,0.0164,0.0410,0.0410,0.0737,0.6590,0.7720,,0.1130,,41.83,,175.0,165.5,1.008,0.128,
1791428559.1719377,0.4998,0.7006,0.5695,0.3646,0.3646,0.5695,0.8030,0.5695,0.5695,0.2458,0.2458,0.3646,0.2458,0.0205,0.0574,0.0574,0.0574,0.6600,0.7745,,0.1145,,41.73,,175.3,165.5,,0.128,
1791428559.2063494,0.4302,0.7006,0.7006,0.5695,0.4302,0.7538,0.7538,0.4998,0.4998,0.4302,0.2458,0.3646,0.4302,0.0574,0.0737,0.0737,0.0942,0.6570,0.7760,,0.1190,,41.52,,175.7,164.9,1.087,0.130,1.835
1791428559.2398796,0.7006,0.7006,0.4998,0.3646,0.5695,0.7006,0.3646,0.5695,0.5695,0.1966,0.2991,0.4302,0.4998,0.0164,0.0737,0.0205,0.0737,0.6640,0.7740,,0.1100,,40.34,,175.6,164.8,1.148,0.135,
1791428559.2807956,0.4998,0.4998,0.8030,0.4998,0.5695,0.7006,0.6350,0.6350,0.5695,0.2991,0.3646,0.4302,0.4998,0.0574,0.0942,0.0737,0.0737,0.6570,0.7770,,0.1200,,40.90,,176.0,164.5,1.081,0.133,1.707
1791428559.3148916,0.6350,0.8440,0.7006,0.4998,0.4302,0.8030,0.6350,0.5695,0.6350,0.3646,0.3646,0.4302,0.4302,0.0164,0.0574,0.0369,0.0737,0.6720,0.7745,,0.1025,,40.67,,176.1,164.7,1.032,0.131,1.535
1791428559.3440943,0.6350,0.7538,0.5695,0.4998,0.4998,0.7006,0.4998,0.8767,0.4998,0.1966,0.3646,0.4302,0.4302,0.0574,0.0246,0.0942,0.1229,0.6550,0.7775,,0.1225,,41.58,,176.2,164.6,0.993,0.129,1.578
1791428559.3759017,0.6350,0.7006,0.6350,0.4998,0.4998,0.8030,0.5695,0.4998,0.5695,0.4302,0.4998,0.4302,0.4998,0.0369,0.0369,0.0737,0.0737,0.6590,0.7755,,0.1165,,41.34,,176.3,163.2,1.055,0.131,1.572
1791428559.4090486,0.5695,0.6350,0.5695,0.6350,0.4998,0.6350,0.7006,0.7006,0.4302,0.3646,0.3646,0.4302,0.4998,0.0369,0.0410,0.1557,0.0574,0.6590,0.7760,,0.1170,,41.45,,176.6,163.2,1.043,0.131,1.576
1791428559.4401817,0.4302,0.6350,0.5695,0.4998,0.5695,0.7538,0.7538,0.8030,0.5695,0.2991,0.1966,0.3646,0.4998,0.0574,0.0574,0.0942,0.0942,0.6590,0.7785,,0.1195,,41.62,,176.8,163.0,1.102,0.131,
1791428559.4735155,0.4998,0.7006,0.8440,0.5695,0.4998,0.8030,0.6350,0.7006,0.5695,0.4302,0.3646,0.5695,0.3646,0.0369,0.0410,0.0574,0.0737,0.6550,0.7785,,0.1235,,42.22,,176.9,163.6,1.074,0.130,1.618
1791428559.5060651,0.4302,0.7538,0.7006,0.6350,0.3646,0.7538,0.7538,0.6350,0.4998,0.1966,0.2991,0.4302,0.4998,0.0246,0.0737,0.0410,0.0942,0.6580,0.7790,,0.1210,,42.55,,176.5,163.2,1.107,0.129,
1791428559.5393448,0.4302,0.8030,0.7538,0.4998,0.5695,0.7006,0.7006,0.7006,0.4302,0.5695,0.3646,0.3646,0.4302,0.0410,0.0410,0.0737,0.0737,0.6580,0.7735,,0.1155,,41.95,,176.2,162.8,1.057,0.131,1.637
1791428559.572931,0.5695,0.7538,0.6350,0.6350,0.5695,0.7006,0.4998,0.7006,0.6350,0.4302,0.2458,0.3646,0.4998,0.0246,0.0410,0.0574,0.0574,0.6560,0.7815,,0.1255,,42.66,,176.4,163.0,1.063,0.130,1.715
1791428559.6144636,0.4302,0.8030,0.5695,0.4998,0.5695,0.7006,0.7538,0.6350,0.5695,0.4302,0.4302,0.4302,0.2991,0.0369,0.0410,0.0737,0.0737,0.6560,0.7770,,0.1210,,42.40,,176.2,163.9,,0.131,1.738
1791428559.6471984,0.4998,0.7538,0.4998,0.4998,0.4302,0.8030,0.5695,0.7006,0.4998,0.1966,0.2991,0.4302,0.4998,0.0246,0.0246,0.0942,0.0737,0.6560,0.7750,,0.1190,,42.09,,175.9,163.8,1.075,0.132,
1791428559.6787617,0.3646,0.7538,0.7006,0.6350,0.6350,0.8030,0.7006,0.7538,0.7006,0.1966,0.3646,0.4302,0.4302,0.0246,0.0369,0.0410,0.0574,0.6600,0.7805,,0.1205,,41.97,,175.8,163.4,1.081,0.133,1.659
1791428559.7095401,0.7006,0.8440,0.7006,0.4998,0.5695,0.7006,0.6350,0.7006,0.4998,0.4302,0.2991,0.3646,0.2991,0.0246,0.0410,0.0942,0.0574,0.6560,0.7745,,0.1185,,41.61,,175.0,163.9,,0.135,1.815
1791428559.7416089,0.5695,0.7006,0.7006,0.5695,0.4998,0.8767,0.8030,0.6350,0.6350,0.4998,0.4302,0.4302,0.4302,0.0737,0.0410,0.0737,0.0737,0.6610,0.7750,,0.1140,,41.28,,175.6,163.2,1.021,0.135,1.547
1791428559.7736943,0.4998,0.8767,0.7538,0.5695,0.7006,0.7538,0.8030,0.6350,0.2991,0.4302,0.4302,0.4998,0.4302,0.0205,0.0737,0.0737,0.0942,0.6560,0.7765,,0.1205,,41.17,,175.7,163.2,1.118,0.136,1.631
1791428559.8071582,0.6350,0.8030,0.4302,0.5695,0.3646,0.7006,0.8030,0.6350,0.7006,0.3646,0.2991,0.3646,0.3646,0.0410,0.0574,0.1557,0.0737,0.6580,0.7805,,0.1225,,41.14,,175.5,162.9,1.122,0.137,1.832
1791428559.840055,0.6350,0.6350,0.7006,0.4998,0.4302,0.7538,0.7538,0.7006,0.4998,0.1966,0.2458,0.4998,0.4998,0.0164,0.0205,0.0574,0.0737,0.6580,0.7790,,0.1210,,41.22,,175.7,163.0,1.148,0.137,
1791428559.8732126,0.5695,0.5695,0.7538,0.6350,0.4998,0.5695,0.7006,0.6350,0.5695,0.4302,0.3646,0.4302,0.4998,0.0369,0.0246,0.0410,0.0574,0.6610,0.7790,,0.1180,,41.69,,175.6,163.6,1.123,0.134,1.603
1791428559.9153976,0.6350,0.6350,0.5695,0.4302,0.6350,0.7538,0.6350,0.6350,0.4998,0.3646,0.4998,0.4302,0.4998,0.0369,0.0574,0.0942,0.0574,0.6580,0.7755,,0.1175,,41.59,,175.9,163.9,1.127,0.134,1.684
1791428559.9473653,0.4998,0.8440,0.6350,0.6350,0.5695,0.8440,0.4998,0.5695,0.4302,0.4998,0.2991,0.4302,0.4302,0.0574,0.0574,0.0737,0.0574,0.6550,0.7775,,0.1225,,41.69,,176.1,164.1,1.118,0.134,1.806
1791428559.979867,0.6350,0.7538,0.8030,0.5695,0.4302,0.7538,0.6350,0.6350,0.5695,0.4302,0.2991,0.3646,0.4302,0.0574,0.1229,0.0164,0.0737,0.6630,0.7790,,0.1160,,41.51,,176.1,164.0,1.090,0.134,1.884
1791428560.012206,0.7006,0.7006,0.8030,0.2991,0.5695,0.8440,0.7006,0.7006,0.5695,0.2991,0.3646,0.4998,0.4302,0.0246,0.0574,0.0574,0.0574,0.6630,0.7765,,0.1135,,41.34,,176.0,164.4,1.144,0.134,1.673
1791428560.0431132,0.4998,0.7006,0.7006,0.4302,0.3646,0.7006,0.4998,0.7006,0.4302,0.3646,0.4302,0.4302,0.4302,0.0369,0.0737,0.0942,0.0942,0.6640,0.7780,,0.1140,,40.87,,176.1,164.3,1.127,0.135,1.746
1791428560.0750315,0.5695,0.6350,0.7006,0.4998,0.4998,0.7006,0.4302,0.7006,0.6350,0.2458,0.2991,0.3646,0.4998,0.0369,0.0574,0.0942,0.0737,0.6560,0.7775,,0.1215,,40.47,,176.2,164.9,1.157,0.138,
1791428560.1080267,0.4302,0.7006,0.7006,0.5695,0.5695,0.8030,0.6350,0.7006,0.5695,0.4998,0.2458,0.4302,0.3646,0.0410,0.0246,0.0205,0.0942,0.6570,0.7780,,0.1210,,40.45,,176.4,164.6,1.135,0.139,1.885
1791428560.1416647,0.4302,0.8030,0.6350,0.4302,0.5695,0.8030,0.4998,0.6350,0.4302,0.3646,0.3646,0.4998,0.4998,0.0369,0.0574,0.0574,0.0737,0.6590,0.7790,,0.1200,,40.47,,176.0,163.8,1.144,0.139,1.673
1791428560.174965,0.6350,0.7006,0.7538,0.4302,0.4998,0.8030,0.8030,0.7538,0.8030,0.1966,0.2991,0.4302,0.4302,0.0369,0.0942,0.0737,0.1229,0.6590,0.7775,,0.1185,,40.97,,175.5,164.2,1.120,0.137,
1791428560.217585,0.7006,0.7006,0.7006,0.5695,0.6350,0.5695,0.6350,0.7538,0.4998,0.4302,0.2991,0.4998,0.4302,0.0369,0.0574,0.0942,0.0410,0.6610,0.7760,,0.1150,,40.63,,175.2,164.2,1.122,0.138,1.876
1791428560.2482316,0.4302,0.6350,0.8030,0.5695,0.6350,0.8030,0.6350,0.6350,0.5695,0.4998,0.3646,0.3646,0.4302,0.0410,0.0942,0.0574,0.1229,0.6600,0.7785,,0.1185,,41.03,,175.8,165.6,0.981,0.136,1.440
1791428560.2799387,0.5695,0.7006,0.7006,0.4998,0.3646,0.7538,0.5695,0.4998,0.5695,0.4998,0.2991,0.4302,0.4998,0.0410,0.0246,0.0737,0.0737,0.6620,0.7845,,0.1225,,41.85,,176.0,165.7,0.999,0.133,1.651
1791428560.3107278,0.4998,0.8030,0.7006,0.5695,0.6350,0.7006,0.6350,0.4998,0.3646,0.1557,0.4302,0.4302,0.4998,0.0246,0.0574,0.0942,0.0737,0.6610,0.7750,,0.1140,,41.76,,176.1,165.6,1.055,0.132,1.557
1791428560.3427634,0.6350,0.8767,0.7538,0.5695,0.4302,0.7538,0.7006,0.8030,0.5695,0.4998,0.2991,0.4302,0.4998,0.0410,0.0205,0.0574,0.0737,0.6590,0.7820,,0.1230,,42.27,,176.9,165.8,0.968,0.131,1.617
1791428560.374818,0.4302,0.6350,0.6350,0.4998,0.5695,0.7538,0.8030,0.6350,0.7006,0.5695,0.3646,0.4302,0.4998,0.0410,0.0369,0.1229,0.0942,0.6570,0.7745,,0.1175,,41.73,,177.0,165.4,1.092,0.133,1.669
1791428560.4076672,0.4302,0.5695,0.7538,0.4302,0.4998,0.5695,0.6350,0.7538,0.1966,0.2458,0.3646,0.3646,0.4302,0.0574,0.0737,0.0942,0.0737,0.6610,0.7790,,0.1180,,42.37,,176.3,165.0,1.076,0.130,1.576
1791428560.4405496,0.7006,0.7006,0.7006,0.4998,0.4998,0.7538,0.6350,0.7538,0.7006,0.3646,0.3646,0.3646,0.4998,0.0410,0.0369,0.0737,0.1229,0.6560,0.7850,,0.1290,,43.11,,176.8,164.4,1.016,0.129,1.610
1791428560.4749484,0.6350,0.6350,0.3646,0.4998,0.5695,0.7006,0.7006,0.6350,0.4998,0.4302,0.4998,0.4302,0.4998,0.0369,0.0574,0.1229,0.0574,0.6590,0.7770,,0.1180,,42.93,,177.2,164.3,1.124,0.129,1.614
1791428560.5176618,0.7538,0.7006,0.4302,0.4302,0.5695,0.7538,0.7006,0.5695,0.6350,0.4302,0.3646,0.4302,0.4998,0.0574,0.0205,0.0410,0.0574,0.6570,0.7780,,0.1210,,42.69,,177.0,163.8,1.090,0.130,1.667
1791428560.5485468,0.4998,0.6350,0.7006,0.5695,0.4998,0.7538,0.4998,0.7538,0.1557,0.4998,0.2991,0.4302,0.5695,0.0164,0.0205,0.0369,0.0574,0.6590,0.7815,,0.1225,,43.00,,177.3,163.5,1.082,0.129,1.768
1791428560.5801055,0.4302,0.7538,0.7006,0.5695,0.5695,0.8030,0.7006,0.7538,0.7538,0.2458,0.4998,0.4302,0.5695,0.0205,0.0369,0.0942,0.0574,0.6600,0.7810,,0.1210,,43.37,,177.1,163.9,1.070,0.128,1.561
1791428560.6119049,0.5695,0.7006,0.7006,0.4302,0.7538,0.7538,0.7006,0.4998,0.4302,0.4998,0.1966,0.3646,0.4998,0.0410,0.0574,0.0942,0.0574,0.6620,0.7795,,0.1175,,43.14,,176.6,163.5,1.126,0.128,1.821
1791428560.6432621,0.4302,0.8440,0.7538,0.5695,0.4998,0.6350,0.5695,0.6350,0.6350,0.4998,0.2991,0.3646,0.4302,0.0205,0.0410,0.0737,0.0737,0.6570,0.7770,,0.1200,,42.98,,176.2,163.7,1.083,0.129,1.774
1791428560.674738,0.7006,0.7538,0.7006,0.4302,0.5695,0.8440,0.7006,0.4998,0.4998,0.1966,0.4998,0.4302,0.4302,0.0369,0.0369,0.0737,0.0737,0.6590,0.7830,,0.1240,,43.22,,175.8,163.4,1.138,0.129,1.685
1791428560.7076342,0.4302,0.4302,0.8030,0.3646,0.6350,0.7538,0.7006,0.7006,0.5695,0.4302,0.3646,0.4302,0.4998,0.0369,0.0246,0.1229,0.0737,0.6590,0.7840,,0.1250,,43.36,,176.1,163.3,1.119,0.129,1.713
