timestamp,nose_score,left_eye_score,right_eye_score,left_ear_score,right_ear_score,left_shoulder_score,right_shoulder_score,left_elbow_score,right_elbow_score,left_wrist_score,right_wrist_score,left_hip_score,right_hip_score,left_knee_score,right_knee_score,left_ankle_score,right_ankle_score,head_depth_m,chest_depth_m,hip_depth_m,neck_forward_offset_m,torso_recline_offset_m,head_forward_deg,torso_pitch_deg,elbow_left_deg,elbow_right_deg,torso_len_sw,head_up_m,wrist_face_sw
1791426425.1475637,0.5695,0.5695,0.5695,0.4302,0.6350,0.7538,0.7006,0.4998,0.4302,0.0369,0.2458,0.2991,0.3646,0.0737,0.0574,0.0205,0.0246,0.3990,0.6130,,0.2140,,67.96,,,119.1,,0.087,
1791426425.179483,0.7006,0.5695,0.6350,0.5695,0.4998,0.2991,0.7006,0.4998,0.7006,0.1557,0.2991,0.3646,0.4302,0.0574,0.0942,0.0410,0.0410,0.4000,,,,,67.96,,,119.1,,,
1791426425.210809,0.4302,0.6350,0.6350,0.4302,0.5695,0.3646,0.6350,0.4998,0.4998,0.0369,0.0410,0.1966,0.4302,0.0246,0.0574,0.0369,0.0574,0.4020,0.6160,,0.2140,,67.68,,,,,0.088,
1791426425.2418923,0.2991,0.5695,0.6350,0.4998,0.6350,0.5695,0.4998,0.6350,0.5695,0.0410,0.0737,0.2991,0.4302,0.0574,0.0410,0.0369,0.0410,,0.6195,,,,67.68,,,,,0.088,
1791426425.2753086,0.6350,0.8030,0.2458,0.4998,0.5695,0.4998,0.3646,0.5695,0.4302,0.0574,0.2991,0.1966,0.4998,0.0369,0.0410,0.0369,0.0246,0.3970,0.6190,,0.2220,,68.26,,,,,0.086,
1791426425.3091867,0.4998,0.5695,0.7006,0.3646,0.5695,0.4998,0.6350,0.5695,0.7006,0.0737,0.1966,0.1557,0.3646,0.0246,0.0574,0.0410,0.0410,0.3980,0.6185,,0.2205,,68.13,,,,,0.087,
1791426425.3423743,0.4302,0.8767,0.5695,0.4302,0.5695,0.5695,0.8030,0.5695,0.4998,0.0737,0.1557,0.4302,0.3646,0.0410,0.0574,0.0410,0.0410,0.3980,0.6175,,0.2195,,68.20,,,,0.784,0.087,
1791426425.3757856,0.4302,0.5695,0.4998,0.3646,0.8030,0.4998,0.7006,0.4998,0.2458,0.0574,0.0410,0.1557,0.4302,0.0205,0.0942,0.0410,0.0574,0.4020,0.6165,,0.2145,,67.60,,,,,0.089,
1791426425.4158974,0.6350,0.5695,0.6350,0.2458,0.7006,0.6350,0.5695,0.4998,0.4302,0.0737,0.1966,0.2458,0.3646,0.0574,0.0205,0.0369,0.0205,0.4020,0.6170,,0.2150,,67.88,,,,,0.088,
1791426425.4467046,0.4998,0.4998,0.7538,0.4302,0.6350,0.5695,0.4302,0.4302,0.2991,0.1557,0.1966,0.2458,0.4302,0.0410,0.1229,0.0369,0.0574,0.4000,0.6190,,0.2190,,67.89,,,,,0.088,
1791426425.4796102,0.6350,0.5695,0.8440,0.3646,0.7538,0.4998,0.7006,0.4302,0.3646,0.0942,0.0574,0.1966,0.3646,0.0410,0.0942,0.0574,0.0410,0.4000,0.6170,,0.2170,,68.17,,,,,0.087,
1791426425.5110497,0.7006,0.5695,0.7006,0.3646,0.4998,0.7006,0.8030,0.3646,0.6350,0.0246,0.0942,0.4302,0.4302,0.0737,0.1229,0.0737,0.0369,0.3990,0.6180,,0.2190,,68.40,,,,0.810,0.086,
1791426425.542367,0.6350,0.6350,0.6350,0.5695,0.6350,0.4998,0.7538,0.4302,0.1966,0.1229,0.3646,0.2991,0.1229,0.0410,0.1557,0.1557,0.1557,0.4020,0.6190,,0.2170,,68.52,,,117.6,,0.086,1.562
1791426425.5755017,0.2991,0.7538,0.2991,0.4302,0.7006,0.5695,0.7538,0.5695,0.4302,0.0737,0.1966,0.3646,0.4998,0.0410,0.0942,0.1557,0.0574,,0.6205,,,,68.52,,,116.9,0.730,0.086,
1791426425.6080017,0.3646,0.8030,0.5695,0.4302,0.4998,0.4302,0.6350,0.5695,0.4302,0.0574,0.0574,0.4998,0.3646,0.0410,0.1229,0.1557,0.0574,0.3980,0.6195,,0.2215,,68.16,,,117.0,0.737,0.087,
1791426425.6418505,0.7538,0.8440,0.7006,0.4998,0.7538,0.5695,0.8030,0.3646,0.2458,0.0410,0.1966,0.4302,0.4998,0.1229,0.0369,0.0737,0.0574,0.3990,0.6225,,0.2235,,67.97,,,116.9,0.761,0.089,
1791426425.6757622,0.5695,0.8440,0.6350,0.4998,0.6350,0.6350,0.2458,0.6350,0.5695,0.0574,0.0410,0.2991,0.1557,0.0737,0.0942,0.0369,0.0369,0.3980,,,,,67.97,,,116.9,,,
1791426425.7085958,0.6350,0.7538,0.1966,0.3646,0.6350,0.4302,0.7006,0.7538,0.2458,0.1557,0.0574,0.1557,0.4302,0.0246,0.0737,0.1557,0.1557,0.4020,0.6195,,0.2175,,67.61,,,116.3,,0.090,
1791426425.749177,0.6350,0.8030,0.5695,0.4998,0.4998,0.7006,0.7006,0.6350,0.2458,0.0410,0.2458,0.3646,0.4998,0.0410,0.0205,0.1557,0.0574,0.3980,0.6215,,0.2235,,67.67,,,116.1,0.773,0.090,
1791426425.780782,0.6350,0.9054,0.7538,0.4998,0.4302,0.4998,0.7006,0.4998,0.6350,0.0737,0.1966,0.1966,0.4302,0.0410,0.0205,0.0369,0.0205,0.3970,0.6130,,0.2160,,67.39,,,117.9,,0.091,
1791426425.8109791,0.4998,0.7538,0.7538,0.4998,0.5695,0.4998,0.6350,0.4998,0.4302,0.0737,0.0942,0.2991,0.4302,0.0942,0.1229,0.0205,0.0410,0.3980,0.6215,,0.2235,,67.50,,,118.8,,0.091,
1791426425.8420484,0.7006,0.8030,0.8440,0.5695,0.4302,0.4998,0.6350,0.3646,0.4302,0.0942,0.2458,0.2991,0.3646,0.1557,0.0246,0.1557,0.1966,0.3980,0.6185,,0.2205,,67.47,,,119.6,,0.091,
1791426425.8749826,0.1557,0.5695,0.8767,0.4998,0.1557,0.7006,0.2458,0.6350,0.2991,0.0942,0.0737,0.2991,0.1966,0.0574,0.0246,0.1557,0.1557,,,,,,67.47,,,119.6,,,
1791426425.9088068,0.5695,0.7006,0.2991,0.4998,0.7538,0.5695,0.7538,0.4998,0.4998,0.0737,0.1229,0.2991,0.3646,0.0574,0.0737,0.0410,0.0410,0.3980,0.6245,,0.2265,,67.65,,,119.7,,0.091,
1791426425.9428487,0.4998,0.4302,0.5695,0.5695,0.8030,0.5695,0.3646,0.5695,0.4302,0.0737,0.2458,0.3646,0.3646,0.1966,0.1229,0.0737,0.0369,0.4020,0.6230,,0.2210,,67.29,,,121.3,0.758,0.093,
1791426425.9839203,0.5695,0.4302,0.7006,0.4302,0.6350,0.4998,0.6350,0.7006,0.3646,0.0942,0.0574,0.3646,0.4302,0.0410,0.0574,0.0369,0.0574,0.4020,0.6165,,0.2145,,67.91,,,122.4,0.760,0.089,
1791426426.015474,0.1966,0.6350,0.2991,0.3646,0.5695,0.5695,0.7006,0.4998,0.5695,0.0410,0.0737,0.3646,0.4998,0.0737,0.0369,0.0410,0.0410,,0.6180,,,,67.91,,,121.7,0.751,0.089,
1791426426.0471234,0.5695,0.7006,0.7538,0.4302,0.1557,0.5695,0.7538,0.6350,0.3646,0.1229,0.1557,0.3646,0.4998,0.0737,0.0410,0.0574,0.0574,0.3980,0.6195,,0.2215,,67.85,,,121.3,0.815,0.090,
1791426426.0782216,0.5695,0.7538,0.5695,0.3646,0.1557,0.6350,0.5695,0.6350,0.5695,0.0737,0.0574,0.4302,0.4998,0.0246,0.0410,0.1557,0.0410,0.3980,0.6210,,0.2230,,67.88,,,,0.753,0.090,
1791426426.1087177,0.4302,0.4998,0.7006,0.4302,0.7006,0.4998,0.7538,0.5695,0.4998,0.0574,0.0410,0.2991,0.4998,0.0942,0.1229,0.0574,0.0246,0.3970,0.6160,,0.2190,,67.71,,,,,0.090,
1791426426.1422086,0.4302,0.8030,0.8030,0.3646,0.7006,0.5695,0.5695,0.5695,0.4302,0.0737,0.0574,0.5695,0.4998,0.2458,0.2458,0.0574,0.0410,0.3980,0.5965,,0.1985,,67.69,,,,0.714,0.089,
1791426426.1761894,0.5695,0.6350,0.2458,0.2991,0.4998,0.5695,0.6350,0.6350,0.2458,0.0574,0.0410,0.3646,0.4302,0.0942,0.0942,0.0410,0.0410,0.3980,0.6145,,0.2165,,68.08,,,,0.787,0.087,
1791426426.2095983,0.5695,0.8440,0.7006,0.3646,0.4302,0.5695,0.8440,0.7006,0.7006,0.1557,0.1966,0.4302,0.5695,0.1229,0.0574,0.0737,0.0369,0.4010,0.6195,,0.2185,,67.73,,,,0.796,0.089,
1791426426.2428102,0.5695,0.7538,0.6350,0.4302,0.4302,0.5695,0.7006,0.5695,0.1966,0.1557,0.2458,0.2458,0.2991,0.0410,0.0574,0.0574,0.0246,0.3980,0.6170,,0.2190,,68.13,,,,,0.087,
1791426426.276331,0.5695,0.8030,0.6350,0.3646,0.5695,0.4998,0.7006,0.6350,0.3646,0.0246,0.0942,0.2991,0.1557,0.0205,0.0737,0.0164,0.0410,0.4010,0.6100,,0.2090,,68.11,,,,,0.087,
1791426426.316742,0.6350,0.7006,0.3646,0.4302,0.6350,0.5695,0.3646,0.6350,0.4998,0.0737,0.1966,0.4302,0.1229,0.0737,0.0737,0.0369,0.0369,0.3980,0.6205,,0.2225,,68.11,,,,,0.087,
1791426426.3473773,0.4998,0.5695,0.6350,0.4998,0.5695,0.7006,0.7006,0.7538,0.3646,0.0246,0.0942,0.3646,0.4302,0.0574,0.0369,0.2458,0.0574,0.4000,0.6185,,0.2185,,68.45,,,,0.769,0.086,
1791426426.3794818,0.7006,0.7538,0.7006,0.4302,0.5695,0.6350,0.7006,0.7538,0.6350,0.1557,0.0410,0.2991,0.3646,0.0369,0.0410,0.1966,0.1966,0.3990,0.6175,,0.2185,,68.58,,,,,0.085,
1791426426.41001,0.4998,0.8767,0.2991,0.4998,0.5695,0.6350,0.5695,0.7006,0.5695,0.0942,0.0942,0.4302,0.4998,0.0410,0.0737,0.0369,0.0369,0.4010,0.6195,,0.2185,,69.05,,,,0.798,0.083,
1791426426.443028,0.4302,0.5695,0.7538,0.4998,0.7006,0.7006,0.5695,0.5695,0.2458,0.1966,0.1557,0.4998,0.0942,0.0205,0.0246,0.2458,0.1557,0.4000,0.6170,,0.2170,,69.33,,,,,0.082,
1791426426.4763355,0.7006,0.6350,0.7006,0.5695,0.4302,0.5695,0.7006,0.3646,0.4998,0.0737,0.0410,0.2991,0.4998,0.0205,0.1229,0.1557,0.0574,0.3980,0.6165,,0.2185,,69.46,,,,,0.082,
1791426426.50998,0.7538,0.7538,0.7538,0.5695,0.7538,0.5695,0.7006,0.7538,0.2991,0.0369,0.1966,0.1966,0.4302,0.0737,0.0574,0.0369,0.0246,0.4000,0.6145,,0.2145,,69.56,,,,,0.081,
1791426426.543474,0.4998,0.4998,0.7538,0.4302,0.4302,0.3646,0.6350,0.4302,0.4998,0.0737,0.1966,0.3646,0.4302,0.0205,0.0737,0.1557,0.0574,0.3990,0.6180,,0.2190,,69.40,,,,0.823,0.082,
1791426426.5766373,0.1557,0.5695,0.8030,0.4998,0.4998,0.6350,0.2991,0.5695,0.3646,0.0574,0.1229,0.4302,0.4302,0.0205,0.0737,0.0410,0.0369,,,,,,69.40,,,,,,
1791426426.6165178,0.6350,0.5695,0.4302,0.4302,0.5695,0.6350,0.7006,0.4998,0.4998,0.0574,0.1966,0.3646,0.4302,0.0737,0.0737,0.0410,0.0574,0.3990,0.6125,,0.2135,,69.63,,,,0.866,0.080,
1791426426.648018,0.4998,0.4998,0.7006,0.7006,0.5695,0.4998,0.6350,0.5695,0.6350,0.0410,0.0942,0.2991,0.4998,0.0369,0.0574,0.0369,0.0410,0.3990,0.6160,,0.2170,,69.16,,,,,0.082,
1791426426.6789188,0.5695,0.5695,0.4302,0.2991,0.5695,0.4302,0.7538,0.6350,0.4998,0.0737,0.0737,0.4998,0.4998,0.0574,0.0737,0.0369,0.0410,0.3990,0.6155,,0.2165,,69.55,,,,0.755,0.081,
1791426426.7101018,0.5695,0.7538,0.7538,0.4998,0.7006,0.5695,0.6350,0.3646,0.7006,0.0369,0.0574,0.3646,0.4302,0.0246,0.1966,0.0369,0.0369,0.3980,0.6180,,0.2200,,69.42,,,,0.753,0.082,
1791426426.7436776,0.4998,0.4998,0.6350,0.2458,0.4998,0.4998,0.6350,0.6350,0.4302,0.0369,0.0369,0.2991,0.4998,0.0246,0.1229,0.0369,0.0410,0.3980,0.6195,,0.2215,,69.05,,,,,0.084,
1791426426.7769375,0.6350,0.5695,0.4998,0.5695,0.5695,0.4998,0.7006,0.3646,0.6350,0.0410,0.1229,0.3646,0.4302,0.0410,0.0737,0.0205,0.0246,0.4010,0.6155,,0.2145,,69.49,,,,0.789,0.081,
1791426426.8099086,0.6350,0.4998,0.2991,0.3646,0.5695,0.5695,0.6350,0.6350,0.4998,0.0574,0.1229,0.4998,0.4998,0.0942,0.0737,0.0369,0.0369,0.3990,0.6185,,0.2195,,69.43,,,,0.788,0.082,
1791426426.8440256,0.2458,0.7538,0.7538,0.4998,0.7006,0.4302,0.3646,0.7006,0.4302,0.0574,0.0574,0.3646,0.4302,0.0737,0.0574,0.1557,0.0369,,0.6175,,,,69.43,,,,0.784,0.082,
1791426426.8834891,0.6350,0.4302,0.2458,0.4302,0.5695,0.5695,0.6350,0.7006,0.2991,0.0369,0.1229,0.2458,0.4998,0.0410,0.0123,0.0574,0.0246,0.3990,0.6145,,0.2155,,69.30,,,,,0.082,
1791426426.9152057,0.4998,0.6350,0.1557,0.2991,0.7006,0.3646,0.5695,0.5695,0.4998,0.1557,0.1966,0.4998,0.1557,0.0737,0.0574,0.0369,0.0410,0.3990,0.6185,,0.2195,,69.52,,,,,0.081,
1791426426.94608,0.6350,0.7538,0.7006,0.2991,0.2458,0.4998,0.5695,0.6350,0.2991,0.0574,0.1966,0.1966,0.4998,0.0246,0.0574,0.0246,0.0246,0.4010,0.6170,,0.2160,,69.34,,,,,0.082,
1791426426.977731,0.6350,0.4998,0.2991,0.3646,0.5695,0.5695,0.6350,0.7006,0.2991,0.0737,0.0369,0.3646,0.4302,0.0369,0.0737,0.1557,0.0369,0.4000,0.6185,,0.2185,,69.99,,,,0.771,0.079,
1791426427.0101142,0.2458,0.4302,0.5695,0.5695,0.6350,0.7006,0.4302,0.4302,0.6350,0.0410,0.2458,0.2991,0.4302,0.0737,0.0737,0.0574,0.0123,,0.6145,,,,69.99,,,,,0.079,
1791426427.044068,0.2991,0.7006,0.6350,0.4302,0.5695,0.6350,0.2458,0.7006,0.3646,0.0410,0.0574,0.3646,0.1229,0.0737,0.0574,0.1557,0.0410,,,,,,69.99,,,,,,
1791426427.077564,0.5695,0.4302,0.7538,0.4302,0.5695,0.4302,0.6350,0.4302,0.2991,0.0410,0.0942,0.2991,0.4302,0.0574,0.0410,0.0369,0.0369,0.4060,0.6165,,0.2105,,70.26,,,,,0.078,
1791426427.1104615,0.5695,0.4998,0.2458,0.4998,0.7006,0.6350,0.1966,0.6350,0.4998,0.0410,0.1229,0.2991,0.4998,0.0205,0.1229,0.0574,0.0369,0.4010,,,,,70.26,,,,,,
1791426427.1436071,0.5695,0.5695,0.5695,0.4302,0.4998,0.7006,0.7006,0.4302,0.2458,0.0737,0.0410,0.2458,0.3646,0.1229,0.0737,0.0123,0.0410,0.4000,0.6205,,0.2205,,70.22,,,,,0.078,
1791426427.183654,0.1966,0.4302,0.2458,0.4302,0.6350,0.4998,0.2991,0.7538,0.2991,0.0574,0.1966,0.4998,0.1557,0.0369,0.0574,0.0369,0.0574,,,,,,70.22,,,,,,
1791426427.215573,0.4302,0.4302,0.6350,0.4302,0.6350,0.5695,0.7538,0.4998,0.4998,0.0574,0.0737,0.2991,0.4302,0.0205,0.0737,0.1229,0.0246,0.4010,0.6185,,0.2175,,69.99,,,,,0.079,
1791426427.2469528,0.4302,0.5695,0.5695,0.5695,0.7006,0.5695,0.7538,0.4998,0.3646,0.0942,0.0369,0.1557,0.4302,0.0410,0.0942,0.2458,0.2458,0.4010,0.6175,,0.2165,,70.20,,,,,0.078,
1791426427.2775471,0.3646,0.4302,0.5695,0.4998,0.5695,0.4998,0.2458,0.4998,0.2458,0.1229,0.2458,0.3646,0.3646,0.1966,0.0410,0.1966,0.0410,0.4010,,,,,70.20,,,,,,
1791426427.310337,0.2991,0.4302,0.4302,0.4302,0.2458,0.5695,0.2991,0.6350,0.2458,0.0574,0.1966,0.2991,0.4302,0.0369,0.0574,0.1229,0.0369,,,,,,70.20,,,,,,
1791426427.343987,0.6350,0.5695,0.6350,0.3646,0.4998,0.5695,0.7006,0.6350,0.2458,0.0410,0.0205,0.2991,0.4302,0.0410,0.0942,0.3646,0.0574,0.4010,0.6195,,0.2185,,70.19,,,,,0.078,
1791426427.3779259,0.7538,0.8030,0.6350,0.3646,0.7006,0.5695,0.6350,0.6350,0.8030,0.0410,0.2458,0.2991,0.4302,0.0369,0.0737,0.0369,0.0574,0.4010,0.6150,,0.2140,,70.39,,,,,0.077,
1791426427.4111876,0.4998,0.5695,0.4302,0.4302,0.5695,0.4998,0.7538,0.4998,0.6350,0.0942,0.0942,0.3646,0.4302,0.0205,0.0410,0.1557,0.0369,0.4020,0.6155,,0.2135,,70.28,,,,0.792,0.077,
1791426427.451453,0.5695,0.7006,0.1966,0.4998,0.7006,0.4302,0.2991,0.7006,0.3646,0.0574,0.2991,0.4302,0.4302,0.0410,0.1229,0.1557,0.0574,0.4060,,,,,70.28,,,,,,
1791426427.48393,0.5695,0.5695,0.3646,0.3646,0.5695,0.5695,0.6350,0.4998,0.5695,0.0942,0.0942,0.3646,0.4302,0.0369,0.0369,0.1229,0.0410,0.4010,0.6195,,0.2185,,70.43,,,,0.742,0.077,
1791426427.5155916,0.8440,0.5695,0.4998,0.4302,0.2458,0.2991,0.5695,0.4302,0.5695,0.0737,0.2991,0.2458,0.4302,0.0369,0.1229,0.0369,0.0574,0.4010,,,,,70.43,,,,,,
1791426427.5469575,0.4998,0.7006,0.6350,0.3646,0.6350,0.5695,0.7006,0.2991,0.6350,0.0410,0.1229,0.2458,0.4998,0.0574,0.0942,0.0737,0.0410,0.4030,0.6185,,0.2155,,70.26,,,,,0.078,
1791426427.5779002,0.6350,0.8030,0.2991,0.5695,0.5695,0.6350,0.7006,0.5695,0.7006,0.0574,0.0574,0.1557,0.4998,0.0574,0.0942,0.1557,0.0410,0.4010,0.6145,,0.2135,,71.02,,,,,0.074,
1791426427.6109614,0.5695,0.7538,0.5695,0.5695,0.4302,0.7538,0.5695,0.4998,0.6350,0.0942,0.1557,0.3646,0.4302,0.0205,0.1229,0.1966,0.0574,0.4010,0.6145,,0.2135,,70.78,,,,0.847,0.075,
1791426427.6445343,0.7538,0.2991,0.7538,0.3646,0.7006,0.4302,0.6350,0.4302,0.3646,0.0737,0.2458,0.4302,0.4998,0.0737,0.0369,0.2458,0.0369,0.4010,0.6160,,0.2150,,70.84,,,,0.824,0.075,
1791426427.677947,0.4998,0.7006,0.8440,0.4302,0.7538,0.3646,0.4998,0.4302,0.6350,0.0737,0.1557,0.2991,0.4998,0.0574,0.0737,0.1557,0.1557,0.4010,0.6175,,0.2165,,71.05,,,,,0.074,
1791426427.7107978,0.6350,0.7006,0.8030,0.3646,0.5695,0.5695,0.2458,0.6350,0.5695,0.0737,0.1229,0.3646,0.4998,0.0574,0.1557,0.0369,0.0410,0.4010,,,,,71.05,,,,,,
1791426427.744,0.5695,0.6350,0.7006,0.4302,0.5695,0.5695,0.1966,0.7538,0.4302,0.0369,0.1557,0.4302,0.4998,0.0369,0.0369,0.0246,0.0369,0.4010,,,,,71.05,,,,,,
1791426427.7849836,0.4998,0.2458,0.7538,0.4998,0.3646,0.6350,0.3646,0.5695,0.4302,0.0942,0.4302,0.5695,0.3646,0.0574,0.0574,0.1557,0.0410,0.4010,0.6155,,0.2145,,71.25,,,122.2,0.829,0.073,1.599
1791426427.8150265,0.1966,0.5695,0.4998,0.4998,0.4998,0.5695,0.5695,0.6350,0.1557,0.0737,0.1229,0.5695,0.2991,0.0410,0.0737,0.1229,0.0246,,0.6145,,,,71.25,,,121.4,,0.073,
1791426427.8462362,0.4998,0.4998,0.7006,0.5695,0.4998,0.3646,0.7538,0.4302,0.2991,0.0410,0.0574,0.4998,0.4998,0.0410,0.0205,0.0369,0.0410,0.4020,0.6165,,0.2145,,71.16,,,121.8,0.835,0.073,
1791426427.8782701,0.6350,0.7538,0.8440,0.3646,0.4302,0.6350,0.2458,0.6350,0.3646,0.0737,0.2991,0.2991,0.4302,0.0574,0.0574,0.0246,0.0410,0.4020,,,,,71.16,,,121.8,,,
1791426427.9110484,0.2458,0.6350,0.8767,0.3646,0.4998,0.6350,0.3646,0.5695,0.4302,0.0942,0.0737,0.4302,0.4998,0.0369,0.0410,0.0410,0.0574,,0.6160,,,,71.16,,,122.1,0.818,0.073,
1791426427.944841,0.6350,0.4998,0.6350,0.4998,0.1229,0.6350,0.7538,0.4998,0.5695,0.0942,0.0574,0.1966,0.4998,0.0410,0.0574,0.0410,0.0410,0.4010,0.6200,,0.2190,,71.31,,,122.7,,0.073,
1791426427.97848,0.7006,0.6350,0.8030,0.2991,0.6350,0.4998,0.6350,0.4998,0.4302,0.0942,0.3646,0.2458,0.2991,0.0737,0.0737,0.1966,0.0574,0.4020,0.5940,,0.1920,,71.03,,,123.2,,0.073,1.551
1791426428.0115845,0.2458,0.5695,0.7006,0.6350,0.5695,0.5695,0.3646,0.6350,0.4998,0.0737,0.1966,0.2458,0.4302,0.0246,0.0574,0.0410,0.0369,,0.6170,,,,71.03,,,123.7,,0.073,
1791426428.0456395,0.2991,0.4998,0.7538,0.4998,0.4998,0.4302,0.6350,0.4998,0.6350,0.0942,0.0410,0.2991,0.4302,0.0246,0.0574,0.0164,0.0246,,0.6180,,,,71.03,,,123.7,,0.073,
1791426428.084859,0.6350,0.5695,0.7538,0.4998,0.4998,0.5695,0.6350,0.7006,0.3646,0.0574,0.0574,0.3646,0.4302,0.0246,0.0737,0.0410,0.0205,0.4010,0.6155,,0.2145,,71.14,,,123.8,0.848,0.072,
1791426428.116951,0.5695,0.7006,0.4998,0.3646,0.5695,0.6350,0.8440,0.5695,0.4998,0.0574,0.0574,0.4302,0.4302,0.0369,0.0205,0.0410,0.0246,0.4020,0.6095,,0.2075,,71.55,,,124.9,0.836,0.070,
1791426428.148464,0.6350,0.6350,0.8440,0.4302,0.5695,0.6350,0.2991,0.4998,0.4998,0.0737,0.2991,0.3646,0.3646,0.0410,0.0737,0.1557,0.0574,0.4020,,,,,71.55,,,124.9,,,
1791426428.17862,0.2991,0.4998,0.9054,0.3646,0.6350,0.5695,0.7538,0.6350,0.2991,0.0737,0.0410,0.2991,0.4302,0.0410,0.0574,0.2991,0.0574,,0.6165,,,,71.55,,,124.7,,0.070,
1791426428.2113507,0.7006,0.7006,0.7006,0.4302,0.4302,0.4302,0.5695,0.4302,0.7538,0.0574,0.1966,0.2991,0.4998,0.0369,0.0942,0.1966,0.0410,0.4020,0.6180,,0.2160,,71.88,,,125.2,,0.069,
1791426428.2454658,0.7538,0.6350,0.2458,0.4998,0.4998,0.5695,0.7538,0.4998,0.4998,0.0942,0.0942,0.1557,0.4302,0.0369,0.0123,0.2991,0.0410,0.4020,0.6175,,0.2155,,71.49,,,125.3,,0.071,
1791426428.2784932,0.2458,0.7006,0.2991,0.4302,0.6350,0.7006,0.4302,0.4998,0.5695,0.0574,0.0737,0.4302,0.4302,0.0246,0.0164,0.1557,0.0574,,0.6145,,,,71.49,,,125.1,0.843,0.071,
1791426428.3122447,0.4302,0.6350,0.6350,0.3646,0.6350,0.5695,0.7006,0.7006,0.4998,0.0410,0.1557,0.2458,0.4998,0.0410,0.0737,0.1966,0.1966,0.4010,0.6170,,0.2160,,71.60,,,126.4,,0.071,
1791426428.3460066,0.4998,0.7538,0.5695,0.2991,0.5695,0.2991,0.6350,0.5695,0.7006,0.0737,0.1229,0.4302,0.1557,0.0942,0.0205,0.1557,0.0369,0.4010,,,,,71.60,,,126.4,,,
1791426428.3852546,0.5695,0.5695,0.3646,0.4998,0.6350,0.5695,0.2991,0.5695,0.4302,0.0410,0.0369,0.3646,0.3646,0.0410,0.0942,0.2458,0.0369,0.4020,,,,,71.60,,,126.4,,,
1791426428.4171524,0.1966,0.2458,0.8440,0.4998,0.6350,0.7006,0.4302,0.5695,0.4302,0.0942,0.1966,0.2458,0.4302,0.0246,0.0164,0.0369,0.0164,,0.6165,,,,71.60,,,126.5,,0.071,
1791426428.4489105,0.3646,0.5695,0.8440,0.4302,0.5695,0.4302,0.7006,0.5695,0.4302,0.2458,0.1966,0.3646,0.4998,0.0369,0.0369,0.1557,0.0410,0.4020,0.6150,,0.2130,,71.58,,,126.7,0.818,0.071,
1791426428.4800677,0.4302,0.7538,0.3646,0.4998,0.4302,0.4998,0.6350,0.5695,0.4302,0.0369,0.0410,0.4302,0.3646,0.0246,0.0410,0.1557,0.1557,0.4020,0.6155,,0.2135,,71.31,,,126.3,0.856,0.072,
1791426428.5133092,0.3646,0.7006,0.8767,0.3646,0.6350,0.7006,0.2458,0.5695,0.4302,0.0737,0.0574,0.3646,0.4302,0.0410,0.0410,0.1557,0.0369,0.4020,,,,,71.31,,,,,,
1791426428.5452957,0.6350,0.6350,0.7538,0.2991,0.5695,0.6350,0.5695,0.4302,0.4302,0.0410,0.0942,0.2991,0.4302,0.0246,0.1229,0.0574,0.0410,0.4020,0.6160,,0.2140,,71.16,,,,,0.073,
1791426428.5793426,0.7538,0.7006,0.8767,0.4998,0.4998,0.6350,0.5695,0.7006,0.5695,0.0574,0.1966,0.2991,0.3646,0.0369,0.0574,0.0246,0.0246,0.4020,0.6170,,0.2150,,71.09,,,,,0.073,
1791426428.61279,0.4998,0.7538,0.2991,0.3646,0.4302,0.4998,0.4302,0.4998,0.1966,0.0410,0.0942,0.4998,0.4302,0.0410,0.0737,0.0410,0.0410,0.4010,0.6195,,0.2185,,70.83,,,,0.772,0.075,
1791426428.6457272,0.7006,0.6350,0.8030,0.4998,0.5695,0.3646,0.4302,0.4998,0.5695,0.0369,0.1557,0.4302,0.4302,0.0410,0.1557,0.1966,0.0574,0.4020,0.6220,,0.2200,,70.72,,,,0.756,0.075,
1791426428.684755,0.4302,0.4998,0.5695,0.4998,0.4302,0.6350,0.6350,0.7006,0.1229,0.0737,0.0737,0.1966,0.4302,0.0410,0.0164,0.1557,0.0246,0.4010,0.6170,,0.2160,,70.92,,,,,0.075,
1791426428.7152872,0.4302,0.8440,0.6350,0.2991,0.5695,0.5695,0.6350,0.4998,0.2991,0.0410,0.2458,0.4302,0.4998,0.0246,0.0574,0.2991,0.0410,0.4020,0.6120,,0.2100,,70.47,,,,0.887,0.076,
1791426428.7465243,0.4998,0.7538,0.7538,0.4302,0.4998,0.4998,0.2991,0.3646,0.4302,0.0737,0.2458,0.2458,0.4302,0.0205,0.0737,0.0574,0.0574,0.4020,,,,,70.47,,,,,,
1791426428.7786736,0.6350,0.6350,0.7006,0.3646,0.4998,0.3646,0.7538,0.7006,0.4302,0.0737,0.2458,0.2991,0.3646,0.0574,0.0574,0.1557,0.1557,0.4020,0.6180,,0.2160,,70.33,,,,,0.077,
1791426428.8122947,0.7006,0.5695,0.7006,0.4302,0.4998,0.5695,0.6350,0.4998,0.2458,0.0737,0.0574,0.1966,0.3646,0.0574,0.0737,0.0369,0.0205,0.4020,0.6155,,0.2135,,70.72,,,,,0.075,
1791426428.845892,0.1966,0.8767,0.8030,0.3646,0.5695,0.1966,0.3646,0.4302,0.4302,0.0737,0.2991,0.2991,0.4998,0.0369,0.0574,0.1557,0.0410,,,,,,70.72,,,,,,
1791426428.8790083,0.3646,0.7006,0.8030,0.4998,0.7006,0.5695,0.4998,0.7006,0.7006,0.1557,0.1966,0.1966,0.4998,0.0410,0.0410,0.0410,0.0410,0.4010,0.6200,,0.2190,,71.02,,,,,0.074,
1791426428.91251,0.3646,0.4998,0.8440,0.2991,0.7006,0.2991,0.2458,0.4302,0.2991,0.0410,0.0574,0.1557,0.4302,0.0410,0.0942,0.0123,0.0369,0.4000,,,,,71.02,,,,,,
1791426428.953017,0.5695,0.7006,0.2458,0.4998,0.5695,0.7006,0.7006,0.6350,0.4998,0.0574,0.2991,0.3646,0.4302,0.0410,0.0369,0.1229,0.0369,0.4020,0.6140,,0.2120,,71.07,,,,0.857,0.074,
1791426428.9845521,0.7006,0.8030,0.5695,0.4302,0.4998,0.3646,0.7006,0.5695,0.4302,0.0737,0.1966,0.4302,0.4302,0.0369,0.1229,0.0410,0.0737,0.4010,0.6185,,0.2175,,71.18,,,,0.750,0.073,
1791426429.01667,0.5695,0.6350,0.7006,0.3646,0.7538,0.4998,0.4302,0.6350,0.2991,0.0737,0.0410,0.2991,0.4302,0.0574,0.0574,0.0369,0.0369,0.4010,0.5945,,0.1935,,71.41,,,,,0.071,
1791426429.0477743,0.7006,0.6350,0.6350,0.7006,0.5695,0.5695,0.4302,0.4998,0.2991,0.0737,0.2991,0.3646,0.4998,0.0410,0.0205,0.0410,0.0246,0.4010,0.6155,,0.2145,,71.69,,,,0.839,0.070,
1791426429.0804377,0.1557,0.7538,0.8767,0.3646,0.4998,0.4998,0.4998,0.7006,0.3646,0.0410,0.2458,0.2458,0.4302,0.0410,0.0737,0.0246,0.0369,,0.6170,,,,71.69,,,,,0.070,
1791426429.1134202,0.3646,0.7538,0.4998,0.3646,0.6350,0.5695,0.5695,0.5695,0.7006,0.1557,0.0737,0.1966,0.3646,0.0369,0.0942,0.0369,0.0737,0.3980,0.6210,,0.2230,,71.69,,,,,0.071,
1791426429.1460564,0.1966,0.6350,0.2991,0.3646,0.6350,0.4998,0.2458,0.6350,0.6350,0.0410,0.1966,0.3646,0.2991,0.0205,0.0574,0.1557,0.0737,,,,,,71.69,,,,,,
1791426429.1887946,0.7538,0.7538,0.1966,0.4302,0.5695,0.4998,0.5695,0.4302,0.2458,0.0942,0.4302,0.2458,0.3646,0.0410,0.0574,0.0369,0.0369,0.3980,0.6145,,0.2165,,71.86,,,126.1,,0.070,1.733
1791426429.2209644,0.5695,0.8440,0.1966,0.3646,0.5695,0.7538,0.6350,0.7006,0.7006,0.0410,0.0737,0.3646,0.4302,0.0246,0.0574,0.2458,0.0574,0.3970,0.6190,,0.2220,,72.21,,,125.4,0.797,0.069,
1791426429.252198,0.3646,0.7006,0.2991,0.4302,0.6350,0.4998,0.2458,0.7006,0.2458,0.0246,0.1557,0.2991,0.4998,0.0574,0.0737,0.0369,0.0574,0.3980,,,,,72.21,,,125.4,,,
1791426429.284391,0.5695,0.6350,0.2458,0.4302,0.5695,0.5695,0.7006,0.5695,0.5695,0.0737,0.2991,0.2458,0.3646,0.0410,0.0737,0.0369,0.0574,0.3990,0.6150,,0.2160,,72.46,,,126.0,,0.068,
1791426429.3151505,0.5695,0.6350,0.8767,0.2991,0.1557,0.5695,0.2991,0.3646,0.2458,0.0369,0.0737,0.2458,0.2991,0.0574,0.0942,0.0737,0.0737,0.3970,,,,,72.46,,,126.0,,,
1791426429.3473582,0.5695,0.4998,0.2458,0.4998,0.6350,0.4998,0.2458,0.4302,0.8030,0.0410,0.0942,0.2991,0.3646,0.0574,0.0942,0.0246,0.0942,0.3990,,,,,72.46,,,126.0,,,
1791426429.37949,0.2991,0.1966,0.2458,0.4302,0.6350,0.6350,0.7006,0.6350,0.5695,0.0410,0.2991,0.2458,0.2991,0.0369,0.0737,0.1557,0.1557,,0.6165,,,,72.46,,,125.8,,0.068,
1791426429.4127774,0.6350,0.5695,0.3646,0.3646,0.1966,0.6350,0.2991,0.5695,0.5695,0.0410,0.3646,0.3646,0.4998,0.0246,0.0942,0.0369,0.0574,0.4000,,,,,72.46,,,125.8,,,
1791426429.4467177,0.8030,0.4302,0.5695,0.4998,0.1966,0.7006,0.4302,0.4998,0.2458,0.0205,0.1966,0.2991,0.0737,0.0246,0.0574,0.0574,0.0410,0.4020,0.6190,,0.2170,,72.70,,,125.7,,0.067,
1791426429.4809248,0.7006,0.2991,0.6350,0.4302,0.4302,0.5695,0.1966,0.7006,0.7006,0.0369,0.2458,0.4302,0.1229,0.0246,0.0942,0.1966,0.1557,0.3990,,,,,72.70,,,125.7,,,
1791426429.5206838,0.4302,0.3646,0.7006,0.4302,0.2458,0.5695,0.2991,0.8030,0.7006,0.1229,0.2458,0.3646,0.4302,0.0246,0.1229,0.2458,0.0574,0.3980,,,,,72.70,,,125.7,,,
1791426429.552594,0.1229,0.1966,0.1966,0.4302,0.4998,0.6350,0.8030,0.7006,0.3646,0.1557,0.1229,0.2991,0.4302,0.1966,0.0574,0.1557,0.0574,,0.6160,,,,72.70,,,126.4,,0.067,
1791426429.5837681,0.7538,0.4998,0.2991,0.4302,0.5695,0.7538,0.2991,0.6350,0.2458,0.0369,0.2458,0.3646,0.3646,0.0205,0.0737,0.1557,0.0246,0.3990,,,,,72.70,,,126.4,,,
1791426429.6151755,0.2991,0.8440,0.7538,0.6350,0.5695,0.4998,0.8030,0.6350,0.4998,0.0369,0.1557,0.4302,0.3646,0.0205,0.0737,0.0574,0.0246,,0.6140,,,,72.70,,,126.9,0.793,0.067,
1791426429.646891,0.4302,0.6350,0.4998,0.4998,0.5695,0.6350,0.2991,0.7006,0.4998,0.0410,0.1966,0.2991,0.3646,0.0737,0.0574,0.0369,0.0410,0.4010,,,,,72.70,,,126.9,,,
1791426429.680208,0.5695,0.7006,0.4998,0.3646,0.4998,0.7538,0.7006,0.6350,0.4998,0.0574,0.4302,0.2458,0.4302,0.0410,0.0942,0.1557,0.0369,0.4010,0.6180,,0.2170,,72.56,,,126.8,,0.068,1.568
1791426429.7150843,0.4998,0.7538,0.8440,0.4302,0.4302,0.6350,0.5695,0.4998,0.2458,0.1557,0.3646,0.1557,0.4302,0.0410,0.0205,0.0410,0.0410,0.3990,0.6190,,0.2200,,72.47,,,126.0,,0.069,1.520
1791426429.7472544,0.7006,0.4302,0.1966,0.4302,0.6350,0.4998,0.5695,0.4998,0.2458,0.0737,0.0574,0.4302,0.4302,0.0574,0.0410,0.1557,0.0410,0.3990,0.5960,,0.1970,,72.10,,,125.3,0.720,0.069,
1791426429.790689,0.4998,0.3646,0.7006,0.3646,0.4998,0.3646,0.7538,0.4302,0.4998,0.1229,0.1229,0.1229,0.3646,0.0205,0.1557,0.1557,0.0410,0.4010,0.6195,,0.2185,,72.43,,,124.0,,0.068,
1791426429.8219562,0.4302,0.2458,0.7006,0.3646,0.6350,0.4998,0.7006,0.6350,0.4998,0.0410,0.1966,0.4302,0.4302,0.0369,0.0574,0.1557,0.0410,0.4010,0.6130,,0.2120,,72.58,,,125.0,0.840,0.067,
1791426429.853012,0.4998,0.1966,0.7538,0.3646,0.5695,0.5695,0.3646,0.6350,0.2991,0.0410,0.0942,0.2458,0.2991,0.0246,0.0410,0.1557,0.0574,0.4010,0.6165,,0.2155,,72.74,,,125.2,,0.067,
1791426429.8856711,0.0942,0.5695,0.2458,0.3646,0.6350,0.7538,0.3646,0.4302,0.2458,0.0737,0.2458,0.2458,0.3646,0.0369,0.0737,0.2458,0.1229,,0.6215,,,,72.74,,,125.4,,0.067,
1791426429.9166002,0.2991,0.6350,0.8030,0.4302,0.4302,0.6350,0.5695,0.6350,0.6350,0.0574,0.1557,0.3646,0.2991,0.0574,0.0942,0.1557,0.0574,,0.6175,,,,72.74,,,125.7,,0.067,
1791426429.9474964,0.5695,0.1557,0.2458,0.4998,0.7006,0.4998,0.2991,0.6350,0.2458,0.0410,0.2458,0.4302,0.4302,0.0737,0.0737,0.1557,0.0574,0.4010,,,,,72.74,,,125.7,,,
1791426429.9801393,0.2458,0.8030,0.4302,0.5695,0.6350,0.6350,0.2458,0.7006,0.7538,0.1229,0.0942,0.2991,0.3646,0.0205,0.0574,0.2991,0.0574,,,,,,72.74,,,125.7,,,
1791426430.014275,0.2458,0.1966,0.8440,0.2991,0.5695,0.7006,0.3646,0.6350,0.2458,0.0369,0.3646,0.2991,0.3646,0.0205,0.0123,0.1557,0.0369,,0.6175,,,,72.74,,,125.9,,0.067,
1791426430.0470576,0.2458,0.7006,0.7006,0.2991,0.1966,0.7006,0.2458,0.4302,0.7006,0.0574,0.1557,0.2458,0.4302,0.0369,0.0574,0.1557,0.0942,,,,,,72.74,,,125.9,,,
1791426430.0809984,0.3646,0.7006,0.2458,0.2458,0.6350,0.7006,0.4998,0.6350,0.1966,0.0737,0.1966,0.1557,0.4998,0.0942,0.0942,0.1557,0.0369,0.4010,0.6210,,0.2200,,72.61,,,125.1,,0.067,
1791426430.114277,0.7538,0.8440,0.2458,0.1229,0.6350,0.5695,0.4998,0.6350,0.5695,0.1557,0.1229,0.1557,0.4998,0.0574,0.0737,0.0737,0.0410,0.4020,0.6175,,0.2155,,72.76,,,123.7,,0.067,
1791426430.1553526,0.4302,0.2458,0.3646,0.4302,0.4998,0.6350,0.8030,0.7538,0.6350,0.0942,0.2458,0.4302,0.4302,0.0410,0.0942,0.0574,0.0410,0.4020,0.6215,,0.2195,,72.14,,,122.6,0.810,0.070,
1791426430.1858084,0.2458,0.8030,0.5695,0.4302,0.5695,0.4302,0.4998,0.6350,0.5695,0.0369,0.1966,0.2458,0.4302,0.0942,0.0942,0.0369,0.0410,,0.6150,,,,72.14,,,121.9,,0.070,
1791426430.2179656,0.6350,0.8440,0.2458,0.1966,0.4998,0.5695,0.3646,0.6350,0.6350,0.1557,0.1966,0.4998,0.4302,0.0205,0.0205,0.1229,0.0410,0.4020,0.6165,,0.2145,,71.88,,,121.4,0.795,0.071,
1791426430.2481918,0.5695,0.5695,0.7538,0.4998,0.7006,0.6350,0.3646,0.7538,0.6350,0.0574,0.0942,0.2458,0.4302,0.0410,0.0369,0.2458,0.0574,0.4020,0.6185,,0.2165,,71.42,,,123.5,,0.073,
1791426430.2806509,0.4998,0.8767,0.2458,0.5695,0.6350,0.7006,0.6350,0.7538,0.7006,0.1229,0.1557,0.4302,0.2991,0.0205,0.1229,0.0246,0.0574,0.4010,0.6165,,0.2155,,70.95,,,122.6,,0.075,
1791426430.3140562,0.5695,0.2458,0.8440,0.3646,0.6350,0.4998,0.2991,0.5695,0.4998,0.0410,0.0369,0.4302,0.4998,0.1229,0.0942,0.0574,0.0410,0.4030,,,,,70.95,,,122.6,,,
1791426430.347709,0.5695,0.7006,0.7538,0.4302,0.4998,0.5695,0.5695,0.3646,0.5695,0.0737,0.0369,0.1557,0.4302,0.0410,0.1557,0.0369,0.0737,0.4030,0.6260,,0.2230,,70.97,,,121.4,,0.075,
1791426430.381005,0.4302,0.7006,0.4302,0.7006,0.2458,0.4998,0.2991,0.7006,0.4302,0.0574,0.1966,0.2991,0.3646,0.0574,0.0369,0.0246,0.0410,0.4030,,,,,70.97,,,121.4,,,
1791426430.415257,0.7538,0.4302,0.3646,0.3646,0.4302,0.5695,0.2991,0.6350,0.3646,0.1966,0.1966,0.2991,0.4998,0.0410,0.0574,0.0410,0.0574,0.4030,,,,,70.97,,,121.4,,,
1791426430.4546728,0.5695,0.5695,0.5695,0.7006,0.2458,0.7538,0.7006,0.7006,0.4998,0.2458,0.2458,0.3646,0.3646,0.0205,0.0737,0.0369,0.0737,0.4030,0.6250,,0.2220,,70.71,,,122.1,0.762,0.076,
1791426430.4864511,0.3646,0.7538,0.4302,0.6350,0.5695,0.2991,0.7006,0.4998,0.2458,0.0737,0.0942,0.1966,0.4998,0.0246,0.0574,0.0369,0.0737,0.4040,,,,,70.71,,,122.1,,,
1791426430.5181713,0.7006,0.7538,0.5695,0.4998,0.4302,0.4998,0.2991,0.5695,0.1966,0.0410,0.0410,0.4302,0.4302,0.0369,0.0942,0.0164,0.0369,0.4030,,,,,70.71,,,122.1,,,
1791426430.5502288,0.2458,0.2458,0.2458,0.5695,0.6350,0.7006,0.3646,0.5695,0.4302,0.0574,0.2991,0.2458,0.4302,0.0369,0.0574,0.0164,0.0369,,0.6170,,,,70.71,,,,,0.076,
1791426430.5818923,0.4302,0.3646,0.5695,0.1966,0.4302,0.7006,0.5695,0.6350,0.7006,0.0246,0.0737,0.3646,0.4302,0.0410,0.1229,0.0369,0.0246,0.4030,0.6150,,0.2120,,70.32,,,,0.839,0.078,
1791426430.614651,0.4302,0.6350,0.5695,0.4998,0.6350,0.4998,0.5695,0.5695,0.6350,0.0410,0.3646,0.1557,0.4302,0.0737,0.0737,0.0369,0.0737,0.4040,0.6185,,0.2145,,70.10,,,122.5,,0.078,1.589
1791426430.6483192,0.4998,0.4302,0.3646,0.5695,0.6350,0.6350,0.2458,0.6350,0.4998,0.1557,0.0737,0.4302,0.2991,0.0574,0.0410,0.0369,0.0737,0.4030,,,,,70.10,,,122.5,,,
1791426430.6820977,0.4302,0.3646,0.2458,0.2991,0.2458,0.4998,0.6350,0.7006,0.2991,0.0410,0.2991,0.1557,0.3646,0.0410,0.0737,0.0574,0.0574,0.4030,0.6180,,0.2150,,69.98,,,123.7,,0.079,
1791426430.715713,0.2991,0.4302,0.3646,0.5695,0.7006,0.5695,0.4302,0.5695,0.5695,0.0369,0.1229,0.3646,0.4302,0.0574,0.0737,0.0369,0.0410,,0.6185,,,,69.98,,,123.2,0.742,0.079,
1791426430.7551656,0.3646,0.4302,0.2991,0.4302,0.7006,0.7006,0.2991,0.6350,0.3646,0.1229,0.1966,0.4998,0.4302,0.0737,0.0410,0.0410,0.0369,0.4020,,,,,69.98,,,123.2,,,
1791426430.7864432,0.5695,0.4302,0.2991,0.3646,0.6350,0.7538,0.4302,0.4998,0.6350,0.0369,0.2458,0.4302,0.3646,0.0410,0.0942,0.0369,0.0574,0.4030,0.6190,,0.2160,,69.60,,,123.0,0.808,0.080,
1791426430.818076,0.8030,0.4302,0.6350,0.4998,0.4998,0.6350,0.7006,0.4998,0.3646,0.1557,0.2458,0.2458,0.4302,0.0246,0.0737,0.0369,0.0574,0.4030,0.6160,,0.2130,,69.53,,,122.4,,0.080,
1791426430.8506587,0.1966,0.4302,0.3646,0.4998,0.6350,0.7006,0.4998,0.6350,0.4998,0.0410,0.1966,0.4302,0.4998,0.0574,0.0942,0.0369,0.0369,,0.6205,,,,69.53,,,121.4,0.772,0.080,
1791426430.8816352,0.5695,0.2991,0.8440,0.4302,0.7006,0.5695,0.2458,0.3646,0.5695,0.1229,0.2991,0.4302,0.3646,0.0369,0.0737,0.0369,0.0574,0.4050,,,,,69.53,,,121.4,,,
1791426430.9157534,0.1557,0.2991,0.5695,0.2991,0.8030,0.6350,0.3646,0.5695,0.4998,0.0574,0.2991,0.4998,0.4302,0.0737,0.0737,0.0574,0.0574,,0.6215,,,,69.53,,,121.4,0.736,0.080,
1791426430.949397,0.7006,0.2458,0.2991,0.3646,0.5695,0.4998,0.7538,0.6350,0.3646,0.0410,0.2458,0.4302,0.2991,0.0369,0.0737,0.0410,0.0574,0.4030,0.6160,,0.2130,,68.93,,,121.5,,0.083,
1791426430.982516,0.2458,0.6350,0.4302,0.4998,0.6350,0.5695,0.6350,0.4998,0.5695,0.0369,0.0737,0.1966,0.4998,0.0410,0.0942,0.0369,0.0369,,0.6170,,,,68.93,,,120.9,,0.083,
1791426431.0158348,0.4302,0.3646,0.2458,0.1966,0.1966,0.6350,0.2991,0.4302,0.4998,0.0410,0.0737,0.2991,0.4998,0.0942,0.0942,0.0369,0.0410,0.4030,,,,,68.93,,,120.9,,,
1791426431.057022,0.7538,0.4998,0.1557,0.2991,0.1966,0.5695,0.4302,0.4302,0.4998,0.0942,0.2458,0.3646,0.3646,0.0410,0.0574,0.0246,0.0574,0.4030,0.6170,,0.2140,,68.48,,,120.8,0.796,0.085,
1791426431.087457,0.1966,0.8030,0.4998,0.3646,0.1557,0.4998,0.3646,0.4302,0.5695,0.0410,0.1557,0.1557,0.4998,0.0942,0.0164,0.0369,0.0369,,0.6170,,,,68.48,,,120.4,,0.085,
1791426431.1196897,0.5695,0.7006,0.6350,0.3646,0.5695,0.4998,0.7006,0.6350,0.3646,0.0574,0.2991,0.1966,0.4302,0.0574,0.0205,0.0574,0.0369,0.4030,0.6170,,0.2140,,68.35,,,121.4,,0.085,
1791426431.1510508,0.4302,0.7006,0.2991,0.3646,0.2991,0.4998,0.2991,0.5695,0.4302,0.0574,0.1966,0.1966,0.4998,0.0369,0.0369,0.0410,0.0369,0.4050,,,,,68.35,,,,,,
1791426431.1828742,0.2991,0.3646,0.2458,0.4998,0.4302,0.5695,0.7538,0.4998,0.5695,0.0574,0.1557,0.2991,0.1557,0.0369,0.1557,0.0369,0.0205,,0.6145,,,,68.35,,,,,0.085,
1791426431.2148695,0.2458,0.3646,0.5695,0.2458,0.6350,0.5695,0.2991,0.7538,0.5695,0.0737,0.1229,0.4302,0.4302,0.0369,0.0205,0.0369,0.0369,,,,,,68.35,,,,,,
1791426431.2485502,0.8440,0.6350,0.2991,0.4998,0.2458,0.4998,0.3646,0.6350,0.3646,0.0574,0.0942,0.3646,0.3646,0.0205,0.0574,0.0246,0.0410,0.4020,0.6180,,0.2160,,67.99,,,,0.785,0.087,
1791426431.2825596,0.6350,0.2991,0.3646,0.4998,0.5695,0.7538,0.2458,0.8030,0.5695,0.1229,0.2458,0.4302,0.4998,0.0410,0.0942,0.0369,0.0410,0.4030,,,,,67.99,,,,,,
1791426431.3155143,0.5695,0.4998,0.5695,0.4998,0.4302,0.4998,0.5695,0.6350,0.7006,0.0737,0.1557,0.1966,0.5695,0.0737,0.0737,0.0369,0.0410,0.4060,0.6185,,0.2125,,68.29,,,,,0.085,
1791426431.3491275,0.6350,0.4998,0.2991,0.6350,0.4998,0.5695,0.1966,0.6350,0.1966,0.0369,0.3646,0.1966,0.4302,0.0369,0.0942,0.0369,0.0574,0.4020,,,,,68.29,,,,,,
1791426431.3903122,0.4302,0.5695,0.6350,0.5695,0.5695,0.5695,0.7006,0.6350,0.6350,0.0574,0.2991,0.1557,0.4302,0.0737,0.1229,0.0369,0.0574,0.4030,0.6150,,0.2120,,68.22,,,,,0.085,
1791426431.4209561,0.3646,0.3646,0.2991,0.1966,0.6350,0.6350,0.2458,0.7538,0.4998,0.0942,0.2458,0.2991,0.4302,0.0574,0.1229,0.0574,0.1229,0.4020,,,,,68.22,,,,,,
1791426431.4525414,0.5695,0.4302,0.7006,0.3646,0.5695,0.4998,0.4302,0.4302,0.6350,0.0737,0.1229,0.4302,0.1557,0.0737,0.1557,0.0410,0.0410,0.4030,0.6150,,0.2120,,68.23,,,,,0.085,
1791426431.4832635,0.5695,0.3646,0.4302,0.4998,0.1966,0.4998,0.3646,0.4302,0.4302,0.0737,0.2991,0.4302,0.1229,0.0410,0.0737,0.0410,0.0574,0.4030,0.6175,,0.2145,,67.96,,,,,0.087,
1791426431.5159671,0.4998,0.7538,0.8030,0.4302,0.4302,0.3646,0.7006,0.4998,0.6350,0.1966,0.0574,0.4302,0.4302,0.0164,0.0205,0.0369,0.0737,0.4030,0.6165,,0.2135,,67.87,,,,0.858,0.087,
1791426431.5493262,0.5695,0.6350,0.4998,0.5695,0.4302,0.6350,0.6350,0.4998,0.3646,0.0410,0.2991,0.2991,0.4302,0.0574,0.1229,0.0369,0.0205,0.4030,0.6205,,0.2175,,67.89,,,,,0.087,
1791426431.5833104,0.3646,0.5695,0.3646,0.5695,0.7006,0.5695,0.7006,0.5695,0.4998,0.1966,0.2991,0.2991,0.5695,0.1557,0.0942,0.0164,0.0574,0.4040,0.6150,,0.2110,,68.37,,,,,0.085,
1791426431.6161141,0.8030,0.5695,0.7538,0.4998,0.6350,0.7006,0.7006,0.4998,0.4302,0.0410,0.2991,0.2991,0.4302,0.0737,0.0737,0.0369,0.0369,0.4030,0.6205,,0.2175,,68.37,,,,,0.085,
1791426431.649376,0.5695,0.7538,0.3646,0.4998,0.5695,0.6350,0.7006,0.4302,0.2458,0.0410,0.0574,0.4998,0.4998,0.0205,0.0164,0.0164,0.0410,0.4020,0.6235,,0.2215,,67.97,,,,0.771,0.087,
1791426431.6889439,0.7538,0.6350,0.6350,0.4998,0.4302,0.7006,0.2991,0.4998,0.4302,0.1229,0.2991,0.3646,0.5695,0.0942,0.1229,0.0410,0.0942,0.4030,,,,,67.97,,,,,,
1791426431.7200568,0.6350,0.3646,0.3646,0.4998,0.4998,0.4998,0.1966,0.4998,0.4302,0.1966,0.2458,0.4302,0.4998,0.1229,0.0942,0.0737,0.0574,0.4030,,,,,67.97,,,,,,
1791426431.752109,0.2991,0.4998,0.4302,0.1966,0.4998,0.5695,0.6350,0.8030,0.4998,0.0737,0.0737,0.2991,0.3646,0.1557,0.0246,0.0205,0.0246,,0.6175,,,,67.97,,,,,0.087,
1791426431.7827764,0.2991,0.5695,0.3646,0.2991,0.6350,0.4998,0.2991,0.7006,0.3646,0.0369,0.2991,0.2991,0.4302,0.0574,0.0246,0.0369,0.0410,,,,,,67.97,,,,,,
1791426431.816478,0.5695,0.2991,0.3646,0.4998,0.5695,0.5695,0.2458,0.6350,0.4998,0.0737,0.1966,0.3646,0.3646,0.0942,0.1229,0.0369,0.0410,0.4030,,,,,67.97,,,,,,
1791426431.8496852,0.7006,0.8440,0.2991,0.4302,0.5695,0.5695,0.7006,0.4302,0.1557,0.0410,0.0942,0.2991,0.4302,0.0737,0.0246,0.0369,0.0369,0.4030,0.6165,,0.2135,,68.04,,,,,0.087,
1791426431.8831809,0.2458,0.1966,0.2458,0.6350,0.6350,0.4998,0.3646,0.4998,0.5695,0.0574,0.0737,0.3646,0.4998,0.0737,0.0737,0.0205,0.0123,,0.6170,,,,68.04,,,,0.842,0.087,
1791426431.916515,0.7538,0.3646,0.2991,0.5695,0.5695,0.7538,0.2458,0.5695,0.4998,0.0410,0.2991,0.4302,0.1557,0.0369,0.0574,0.0246,0.0410,0.4070,,,,,68.04,,,,,,
1791426431.9504316,0.7538,0.7538,0.4998,0.6350,0.5695,0.4998,0.1966,0.4302,0.3646,0.2991,0.1229,0.2991,0.3646,0.0942,0.1229,0.0574,0.0942,0.4030,,,,,68.04,,,,,,
1791426431.9895482,0.7538,0.7006,0.4302,0.2458,0.4998,0.6350,0.2991,0.5695,0.4302,0.0410,0.0942,0.4998,0.4998,0.0574,0.1229,0.0410,0.1229,0.4030,,,,,68.04,,,,,,
1791426432.0209427,0.2991,0.5695,0.2458,0.5695,0.2991,0.5695,0.4998,0.3646,0.5695,0.0369,0.2458,0.4302,0.2458,0.0942,0.1229,0.0410,0.0574,,0.6210,,,,68.04,,,,,0.087,
1791426432.0530722,0.1966,0.8030,0.7538,0.5695,0.4998,0.5695,0.5695,0.5695,0.6350,0.0737,0.3646,0.4302,0.4302,0.0574,0.1557,0.0123,0.0574,,0.6205,,,,68.04,,,121.9,0.770,0.087,
1791426432.0842264,0.6350,0.4998,0.6350,0.2458,0.4998,0.7006,0.2991,0.5695,0.4302,0.0410,0.1557,0.4302,0.1557,0.0574,0.0942,0.0369,0.0574,0.4020,,,,,68.04,,,121.9,,,
1791426432.116672,0.5695,0.2458,0.2458,0.4302,0.4998,0.4998,0.6350,0.4302,0.4998,0.0410,0.3646,0.2991,0.4302,0.0942,0.0737,0.0246,0.0410,0.4030,0.6165,,0.2135,,68.16,,,122.8,,0.086,1.642
1791426432.1501882,0.5695,0.2458,0.3646,0.2991,0.5695,0.6350,0.2458,0.7006,0.7538,0.0737,0.2991,0.4302,0.2991,0.1229,0.0574,0.0369,0.0369,0.4030,,,,,68.16,,,122.8,,,
1791426432.1836336,0.5695,0.4998,0.2458,0.7006,0.5695,0.7538,0.4302,0.4998,0.4998,0.2458,0.2991,0.4998,0.1229,0.0737,0.1229,0.0369,0.0574,0.4050,0.6160,,0.2110,,67.55,,,121.2,,0.089,
1791426432.2177308,0.3646,0.2458,0.6350,0.5695,0.4302,0.5695,0.7538,0.4998,0.2991,0.0369,0.1557,0.4302,0.3646,0.0737,0.0942,0.0246,0.0737,0.4020,0.6175,,0.2155,,67.56,,,121.0,0.754,0.089,
1791426432.2498207,0.3646,0.8030,0.2991,0.5695,0.6350,0.6350,0.1966,0.2458,0.3646,0.2458,0.2458,0.2991,0.4302,0.0574,0.1229,0.0246,0.0574,0.4030,,,,,67.56,,,121.0,,,
1791426432.2909913,0.2458,0.2458,0.4998,0.1966,0.1557,0.4998,0.2991,0.7006,0.4302,0.0942,0.0737,0.2458,0.4302,0.0410,0.1229,0.0737,0.0410,,,,,,67.56,,,121.0,,,
1791426432.322249,0.3646,0.2991,0.4302,0.3646,0.1966,0.4998,0.2458,0.5695,0.4302,0.1229,0.2458,0.4302,0.4302,0.0737,0.0942,0.0369,0.0574,0.4060,,,,,67.56,,,121.0,,,
1791426432.3545804,0.2991,0.2458,0.8440,0.1966,0.2458,0.6350,0.2458,0.5695,0.5695,0.0574,0.2991,0.3646,0.4302,0.0942,0.0574,0.0369,0.0574,,,,,,67.56,,,121.0,,,
1791426432.3866239,0.4302,0.3646,0.6350,0.7006,0.7538,0.2991,0.7538,0.3646,0.4302,0.4302,0.1229,0.2991,0.3646,0.0369,0.0737,0.0369,0.0369,0.4040,,,,,67.56,,,121.0,,,
1791426432.41787,0.8030,0.2458,0.2991,0.7006,0.4998,0.5695,0.6350,0.4998,0.5695,0.0942,0.0942,0.3646,0.4302,0.0737,0.0737,0.0410,0.0574,0.4060,0.6185,,0.2125,,67.62,,,121.8,0.724,0.088,
1791426432.4503765,0.5695,0.5695,0.4998,0.4998,0.4302,0.5695,0.7006,0.5695,0.4998,0.0574,0.2458,0.4302,0.3646,0.1229,0.1229,0.0737,0.0737,0.4040,0.6170,,0.2130,,67.86,,,121.0,0.728,0.087,
1791426432.4840388,0.4302,0.5695,0.1557,0.5695,0.5695,0.4302,0.6350,0.4302,0.4302,0.0369,0.2458,0.2991,0.4302,0.0737,0.0737,0.0410,0.0205,0.4050,0.6170,,0.2120,,68.00,,,121.0,,0.086,
1791426432.5172842,0.6350,0.7538,0.6350,0.4998,0.4302,0.4998,0.5695,0.3646,0.5695,0.0574,0.1966,0.4302,0.4302,0.0410,0.1229,0.0205,0.0574,0.4060,0.6130,,0.2070,,67.87,,,122.9,0.865,0.086,
1791426432.5502124,0.4998,0.7006,0.6350,0.4998,0.5695,0.5695,0.2458,0.8030,0.5695,0.0574,0.1966,0.1966,0.4998,0.1229,0.0164,0.0164,0.0410,0.4060,,,,,67.87,,,122.9,,,
1791426432.5841181,0.6350,0.1966,0.7006,0.1966,0.2458,0.5695,0.7538,0.7006,0.4998,0.1557,0.0942,0.4302,0.4302,0.0369,0.0574,0.0410,0.0410,0.4060,0.6220,,0.2160,,67.45,,,122.6,0.803,0.088,
1791426432.6236372,0.1557,0.4998,0.2458,0.5695,0.7006,0.6350,0.5695,0.5695,0.1966,0.0737,0.0737,0.2991,0.3646,0.0205,0.0737,0.0369,0.0246,,0.6170,,,,67.45,,,123.8,,0.088,
1791426432.6544983,0.5695,0.8440,0.8440,0.2991,0.1557,0.7538,0.2458,0.4302,0.4302,0.2991,0.3646,0.3646,0.4302,0.1229,0.1229,0.0410,0.0942,0.4060,,,,,67.45,,,,,,
1791426432.6870775,0.5695,0.6350,0.2991,0.5695,0.7006,0.5695,0.7006,0.4998,0.3646,0.1229,0.2991,0.3646,0.4998,0.1229,0.0942,0.0410,0.0410,0.4060,0.6175,,0.2115,,67.50,,,,0.798,0.088,
1791426432.717609,0.4302,0.8030,0.5695,0.4998,0.4998,0.4998,0.6350,0.4302,0.5695,0.0574,0.2991,0.3646,0.3646,0.0737,0.1229,0.0369,0.0737,0.4040,0.6200,,0.2160,,67.63,,,,0.755,0.088,
1791426432.75098,0.4998,0.6350,0.7538,0.4302,0.7006,0.2991,0.7006,0.4302,0.5695,0.0942,0.2458,0.2458,0.4302,0.1966,0.0205,0.0246,0.0574,0.4050,,,,,67.63,,,,,,
1791426432.7847862,0.7538,0.8440,0.7006,0.7006,0.5695,0.4998,0.4302,0.3646,0.4302,0.1966,0.1966,0.3646,0.4998,0.0410,0.0942,0.0574,0.0410,0.4040,0.6185,,0.2145,,67.67,,,,0.739,0.088,
1791426432.817924,0.4998,0.2458,0.5695,0.5695,0.5695,0.4998,0.1966,0.4998,0.4302,0.0737,0.2991,0.2991,0.4302,0.1229,0.1229,0.0369,0.0574,0.4060,,,,,67.67,,,,,,
1791426432.850772,0.2991,0.2991,0.2458,0.5695,0.1557,0.3646,0.2458,0.4302,0.4302,0.0574,0.2458,0.2991,0.3646,0.0942,0.0574,0.0369,0.0737,,,,,,67.67,,,,,,
1791426432.8847888,0.4998,0.5695,0.2991,0.2458,0.5695,0.6350,0.6350,0.4998,0.4302,0.0737,0.0410,0.4302,0.4302,0.0369,0.0246,0.0246,0.0369,0.4110,0.5940,,0.1830,,67.70,,,,0.667,0.085,
1791426432.9248824,0.8030,0.3646,0.3646,0.2991,0.7006,0.4302,0.3646,0.6350,0.4302,0.1229,0.1229,0.3646,0.4302,0.0574,0.1229,0.0737,0.0410,0.4100,0.6185,,0.2085,,68.46,,,,0.801,0.082,
1791426432.9560404,0.4302,0.4998,0.5695,0.6350,0.2991,0.5695,0.2458,0.5695,0.5695,0.0410,0.1557,0.1966,0.4302,0.0574,0.0942,0.0205,0.0369,0.4060,,,,,68.46,,,,,,
1791426432.9894824,0.4998,0.4302,0.7006,0.2458,0.6350,0.7006,0.1966,0.5695,0.1966,0.0369,0.1966,0.2458,0.1229,0.0410,0.0246,0.0246,0.0369,0.4050,,,,,68.46,,,,,,
1791426433.0197604,0.5695,0.4302,0.3646,0.4998,0.2458,0.6350,0.2458,0.5695,0.2458,0.0574,0.1557,0.4302,0.4998,0.0942,0.0942,0.0369,0.0574,0.4050,,,,,68.46,,,,,,
1791426433.0504732,0.4302,0.8440,0.2458,0.6350,0.4998,0.3646,0.4998,0.3646,0.5695,0.0737,0.1966,0.3646,0.4998,0.1229,0.0205,0.0574,0.0164,0.4050,0.6170,,0.2120,,67.67,,,,0.769,0.086,
1791426433.0841095,0.1966,0.2991,0.3646,0.2991,0.4302,0.5695,0.4302,0.4302,0.4998,0.0410,0.1966,0.4998,0.1557,0.0942,0.0942,0.0369,0.0574,,0.6200,,,,67.67,,,,,0.086,
1791426433.1179683,0.5695,0.8440,0.6350,0.6350,0.5695,0.7006,0.2991,0.4998,0.2991,0.0574,0.2458,0.2991,0.2991,0.0737,0.0942,0.0410,0.0737,0.4040,,,,,67.67,,,,,,
1791426433.1509442,0.3646,0.7006,0.7006,0.4302,0.2458,0.7006,0.3646,0.2991,0.2991,0.2458,0.2991,0.4998,0.4998,0.0369,0.0942,0.0574,0.0737,0.4030,0.6200,,0.2170,,67.44,,,,0.691,0.087,
1791426433.1923463,0.2991,0.3646,0.5695,0.2458,0.6350,0.7006,0.2458,0.7006,0.5695,0.0246,0.2458,0.2991,0.0942,0.1557,0.0410,0.0369,0.0737,,,,,,67.44,,,,,,
1791426433.2240317,0.5695,0.8030,0.7006,0.4998,0.4998,0.6350,0.6350,0.5695,0.8440,0.1966,0.0737,0.4998,0.3646,0.0737,0.0942,0.0369,0.0410,0.4030,0.6160,,0.2130,,67.13,,,,0.801,0.089,
1791426433.2568047,0.7006,0.7006,0.7006,0.5695,0.6350,0.6350,0.3646,0.5695,0.4998,0.0369,0.1966,0.3646,0.4302,0.0574,0.0942,0.0369,0.0410,0.4050,0.6175,,0.2125,,66.51,,,,0.764,0.092,
1791426433.2879612,0.7538,0.7006,0.2991,0.5695,0.7006,0.4998,0.4302,0.5695,0.4302,0.0574,0.0574,0.4998,0.2458,0.1557,0.0942,0.0410,0.0574,0.4040,0.6190,,0.2150,,65.97,,,,,0.094,
1791426433.3209941,0.5695,0.7006,0.5695,0.5695,0.6350,0.6350,0.2991,0.4302,0.3646,0.1557,0.1557,0.2991,0.2991,0.0369,0.0205,0.0369,0.0574,0.4030,,,,,65.97,,,,,,
1791426433.3515737,0.7538,0.9054,0.2991,0.5695,0.6350,0.4998,0.6350,0.6350,0.3646,0.3646,0.3646,0.2458,0.4302,0.1557,0.1229,0.0410,0.0410,0.4040,0.6170,,0.2130,,65.88,,155.4,124.8,,0.095,1.034
1791426433.384397,0.4998,0.9259,0.6350,0.5695,0.7006,0.5695,0.5695,0.7006,0.6350,0.0369,0.2458,0.2458,0.4998,0.0737,0.1229,0.0369,0.0410,0.4040,0.6190,,0.2150,,65.59,,152.9,125.2,,0.097,
1791426433.4178715,0.7006,0.8767,0.6350,0.5695,0.6350,0.4998,0.6350,0.5695,0.3646,0.0942,0.0737,0.4302,0.1966,0.0410,0.0369,0.0410,0.0205,0.4070,0.6170,,0.2100,,65.34,,152.5,124.7,,0.097,
1791426433.4515107,0.7006,0.8440,0.7006,0.6350,0.5695,0.3646,0.7006,0.4302,0.7538,0.1557,0.1966,0.1966,0.4302,0.0737,0.0574,0.0410,0.0410,0.4030,0.6205,,0.2175,,65.59,,153.0,123.7,,0.097,
1791426433.4851754,0.7006,0.7006,0.5695,0.4998,0.6350,0.6350,0.2458,0.2991,0.4302,0.1966,0.0942,0.4302,0.1557,0.0574,0.1557,0.0369,0.0574,0.4040,,,,,65.59,,153.0,123.7,,,
1791426433.5261784,0.4998,0.7006,0.5695,0.6350,0.7006,0.6350,0.6350,0.4302,0.2458,0.0410,0.0737,0.2991,0.5695,0.0942,0.0737,0.0410,0.0574,0.4050,0.6230,,0.2180,,65.16,,151.5,123.4,,0.099,
1791426433.5572426,0.7006,0.5695,0.6350,0.7006,0.7006,0.6350,0.7538,0.5695,0.3646,0.0410,0.1966,0.4302,0.4302,0.0574,0.0942,0.0574,0.0410,0.4040,0.6175,,0.2135,,64.57,,144.7,122.9,0.742,0.102,
1791426433.58813,0.6350,0.5695,0.7006,0.5695,0.5695,0.4998,0.4998,0.3646,0.3646,0.0737,0.2458,0.3646,0.2991,0.0574,0.0369,0.0369,0.0574,0.4040,0.6220,,0.2180,,64.09,,151.0,122.9,,0.104,
1791426433.6191964,0.5695,0.8440,0.2991,0.4998,0.8440,0.6350,0.7006,0.5695,0.7006,0.0410,0.3646,0.4998,0.3646,0.0574,0.0737,0.0737,0.0574,0.4030,0.6170,,0.2140,,63.69,,150.9,125.4,0.693,0.106,1.513
1791426433.652005,0.7006,0.8030,0.4302,0.7006,0.7538,0.5695,0.3646,0.4998,0.4302,0.1229,0.1966,0.4998,0.2458,0.0737,0.0410,0.1229,0.1557,0.4040,0.6015,,0.1975,,63.61,,140.9,125.6,,0.105,
1791426433.6847947,0.3646,0.8440,0.4998,0.2991,0.2458,0.7006,0.7538,0.4998,0.6350,0.1229,0.0942,0.4302,0.2991,0.0942,0.1229,0.0246,0.1229,0.4040,0.6200,,0.2160,,63.42,,141.7,127.8,,0.106,
1791426433.7184272,0.7538,0.5695,0.3646,0.1966,0.8440,0.4998,0.5695,0.4998,0.3646,0.4302,0.1229,0.4998,0.3646,0.1966,0.0737,0.0737,0.0942,0.4050,0.5970,,0.1920,,62.41,,132.2,126.6,0.624,0.109,1.022
1791426433.7515302,0.5695,0.8440,0.5695,0.6350,0.7006,0.6350,0.4998,0.4302,0.5695,0.2458,0.0737,0.4998,0.1966,0.1557,0.0942,0.0942,0.0942,0.4030,0.6260,,0.2230,,62.49,,136.2,126.6,,0.110,
1791426433.7860808,0.1966,0.7006,0.6350,0.3646,0.7538,0.4302,0.4998,0.5695,0.5695,0.2458,0.2991,0.4998,0.4998,0.0942,0.0942,0.0942,0.0737,,0.5995,,,,62.49,,128.0,127.8,0.651,0.110,
1791426433.8261273,0.3646,0.2458,0.1966,0.6350,0.7006,0.6350,0.1966,0.5695,0.3646,0.0737,0.0574,0.3646,0.4998,0.0942,0.0942,0.0737,0.0737,0.4040,,,,,62.49,,128.0,127.8,,,
1791426433.85783,0.7006,0.7538,0.8030,0.7006,0.7538,0.7006,0.2458,0.4998,0.4998,0.0942,0.0942,0.4998,0.2991,0.1557,0.1557,0.0574,0.1229,0.4050,,,,,62.49,,128.0,127.8,,,
1791426433.8888886,0.5695,0.9259,0.2991,0.5695,0.7006,0.5695,0.4998,0.4998,0.5695,0.0737,0.0574,0.5695,0.2991,0.1229,0.0410,0.0737,0.0574,0.4070,0.6280,,0.2210,,62.48,,135.0,131.0,,0.111,
1791426433.920778,0.4302,0.9259,0.7538,0.6350,0.8440,0.7006,0.4302,0.5695,0.6350,0.0574,0.0737,0.4998,0.3646,0.1557,0.0942,0.0942,0.0737,0.4070,0.6020,,0.1950,,61.97,,126.7,131.4,0.656,0.112,
1791426433.9524992,0.4998,0.7006,0.6350,0.4998,0.8440,0.4302,0.6350,0.4302,0.5695,0.0942,0.0942,0.4302,0.3646,0.1557,0.1229,0.0737,0.0942,0.4080,0.5995,,0.1915,,61.51,,119.3,129.9,0.651,0.112,
1791426433.9854777,0.1557,0.7538,0.2991,0.5695,0.7006,0.6350,0.4302,0.5695,0.4998,0.1229,0.2458,0.5695,0.4302,0.0574,0.0942,0.1557,0.1557,,0.6255,,,,61.51,,126.9,130.4,0.699,0.112,
1791426434.0183735,0.6350,0.7538,0.8767,0.1966,0.8767,0.5695,0.4302,0.7006,0.5695,0.0942,0.4302,0.4998,0.4302,0.0942,0.1557,0.0942,0.1557,0.4070,0.6115,,0.2045,,61.22,,119.2,135.3,0.666,0.113,1.386
1791426434.0522175,0.3646,0.2991,0.3646,0.7006,0.8030,0.6350,0.7006,0.4998,0.7006,0.1557,0.4302,0.5695,0.4302,0.0574,0.0942,0.0737,0.0574,0.4070,0.6285,,0.2215,,61.40,,124.9,135.0,0.696,0.114,1.466
1791426434.0857363,0.4998,0.2458,0.8030,0.7538,0.2458,0.4998,0.6350,0.6350,0.4998,0.0942,0.2991,0.6350,0.4302,0.0737,0.0574,0.0942,0.1229,0.4080,0.6255,,0.2175,,61.27,,131.7,134.5,0.705,0.115,
1791426434.1257122,0.2991,0.4302,0.3646,0.6350,0.8030,0.5695,0.5695,0.5695,0.7006,0.1229,0.0574,0.4998,0.4302,0.0942,0.0410,0.0410,0.0737,,0.6180,,,,61.27,,138.4,133.5,0.684,0.115,
1791426434.1571648,0.5695,0.9054,0.3646,0.4998,0.7538,0.5695,0.7006,0.5695,0.5695,0.0942,0.2991,0.4302,0.2458,0.1557,0.1557,0.1966,0.1229,0.4080,0.6115,,0.2035,,61.38,,124.3,131.8,,0.114,
1791426434.1894765,0.3646,0.8767,0.6350,0.2458,0.6350,0.8030,0.7006,0.6350,0.7006,0.1557,0.1966,0.5695,0.4302,0.1557,0.1557,0.0942,0.0942,0.4070,0.6140,,0.2070,,61.25,,117.7,131.3,0.695,0.114,
1791426434.2199428,0.1966,0.9423,0.7538,0.6350,0.8030,0.5695,0.6350,0.7006,0.6350,0.0942,0.0737,0.5695,0.4302,0.0942,0.1557,0.0737,0.1229,,0.6230,,,,61.25,,121.0,131.6,0.746,0.114,
1791426434.2527375,0.2458,0.7006,0.3646,0.6350,0.8767,0.6350,0.4998,0.5695,0.6350,0.1557,0.0574,0.4998,0.5695,0.1557,0.0574,0.0942,0.0737,,0.6250,,,,61.25,,,133.8,0.686,0.114,
1791426434.285401,0.2458,0.2458,0.6350,0.5695,0.6350,0.5695,0.3646,0.6350,0.3646,0.1557,0.2458,0.4302,0.5695,0.0942,0.1557,0.0574,0.0574,,0.6110,,,,61.25,,,131.2,0.612,0.114,
1791426434.3194287,0.7006,0.9054,0.7006,0.6350,0.7006,0.6350,0.7006,0.4302,0.5695,0.0942,0.0574,0.4302,0.4998,0.1557,0.2458,0.0737,0.0942,0.4080,0.6280,,0.2200,,61.62,,,132.4,0.688,0.114,
1791426434.3517694,0.8440,0.2458,0.4302,0.3646,0.7006,0.7538,0.8030,0.6350,0.4998,0.1966,0.0737,0.5695,0.2458,0.1229,0.2458,0.1229,0.0942,0.4080,0.6065,,0.1985,,61.47,,,129.6,,0.113,
1791426434.3856146,0.6350,0.8440,0.2991,0.3646,0.2458,0.7538,0.3646,0.7006,0.5695,0.1557,0.0737,0.4998,0.2991,0.0737,0.1557,0.0737,0.0737,0.4080,0.6040,,0.1960,,61.29,,,128.6,,0.113,
1791426434.4257503,0.7006,0.2991,0.2458,0.3646,0.8030,0.5695,0.6350,0.5695,0.4998,0.0942,0.1966,0.4302,0.1557,0.0574,0.1229,0.0410,0.0737,0.4080,0.6150,,0.2070,,61.52,,,128.8,,0.112,
1791426434.4580445,0.6350,0.8440,0.4998,0.4998,0.7006,0.7538,0.6350,0.7006,0.6350,0.1229,0.2458,0.5695,0.4302,0.0942,0.1966,0.0737,0.0737,0.4070,0.6045,,0.1975,,61.18,,,127.4,0.635,0.113,
1791426434.4897318,0.9054,0.8030,0.4998,0.7006,0.8030,0.7006,0.5695,0.5695,0.5695,0.0574,0.0574,0.2991,0.2991,0.1229,0.0246,0.0942,0.0410,0.4080,0.6275,,0.2195,,61.38,,,128.4,,0.113,
1791426434.5215662,0.6350,0.7006,0.7006,0.4302,0.7006,0.6350,0.2458,0.4998,0.4302,0.0942,0.0942,0.4302,0.1557,0.0737,0.0942,0.0410,0.0737,0.4080,,,,,61.38,,,128.4,,,
1791426434.5531554,0.6350,0.9054,0.7538,0.6350,0.8030,0.5695,0.3646,0.7006,0.4998,0.0942,0.0942,0.4302,0.4302,0.0942,0.1229,0.0737,0.0574,0.4060,0.6190,,0.2130,,61.30,,,130.5,0.667,0.114,
1791426434.5862477,0.1557,0.8030,0.7006,0.2458,0.2458,0.5695,0.4302,0.4998,0.3646,0.2458,0.0942,0.4998,0.3646,0.0574,0.1229,0.0574,0.0410,,0.6185,,,,61.30,,,,0.721,0.114,
1791426434.620057,0.4998,0.8030,0.1557,0.3646,0.7538,0.7006,0.7006,0.7006,0.4302,0.0942,0.3646,0.4998,0.2991,0.0942,0.0574,0.0574,0.0369,0.4080,0.6225,,0.2145,,60.96,,,133.5,,0.116,1.504
1791426434.6531463,0.2458,0.7006,0.2991,0.5695,0.7006,0.5695,0.4302,0.3646,0.6350,0.0737,0.2991,0.4302,0.3646,0.0574,0.0574,0.0410,0.1557,,0.6245,,,,60.96,,,132.6,0.663,0.116,
1791426434.6871147,0.2991,0.8440,0.7538,0.6350,0.8030,0.7006,0.6350,0.5695,0.5695,0.4302,0.3646,0.4302,0.3646,0.0737,0.1557,0.0737,0.0737,,0.6210,,,,60.96,,140.0,135.4,0.668,0.116,
1791426434.7270827,0.4302,0.8030,0.6350,0.5695,0.8030,0.4998,0.6350,0.6350,0.5695,0.1229,0.2991,0.4998,0.1557,0.1557,0.1557,0.0737,0.0737,0.4080,0.6110,,0.2030,,61.16,,130.2,135.5,,0.115,
1791426434.7584875,0.7006,0.7538,0.1966,0.7006,0.7538,0.4302,0.6350,0.6350,0.4302,0.1229,0.2458,0.5695,0.3646,0.1557,0.0737,0.0737,0.0737,0.4080,0.6040,,0.1960,,60.99,,118.4,133.0,0.620,0.114,
1791426434.7910137,0.1966,0.8030,0.3646,0.6350,0.8030,0.7006,0.6350,0.4998,0.5695,0.1966,0.2458,0.4998,0.4302,0.1229,0.0410,0.0574,0.0369,,0.6215,,,,60.99,,125.2,134.0,0.721,0.114,
1791426434.822405,0.3646,0.8767,0.4302,0.3646,0.8440,0.6350,0.4302,0.5695,0.2991,0.1229,0.1229,0.4302,0.1966,0.0737,0.0574,0.0737,0.0737,0.4070,0.6235,,0.2165,,61.04,,127.4,133.8,,0.115,
1791426434.8539946,0.4302,0.7538,0.4302,0.6350,0.8030,0.5695,0.5695,0.7006,0.6350,0.0942,0.2991,0.4302,0.3646,0.0942,0.0737,0.0737,0.0737,0.4070,0.6255,,0.2185,,60.82,,132.9,133.2,0.660,0.117,
1791426434.8868835,0.5695,0.8440,0.6350,0.6350,0.7538,0.4302,0.6350,0.4302,0.4302,0.0942,0.2991,0.3646,0.2458,0.1966,0.0737,0.0737,0.0574,0.4070,0.6245,,0.2175,,60.52,,138.0,133.7,,0.120,
1791426434.9206712,0.2991,0.2458,0.2991,0.2458,0.7538,0.6350,0.6350,0.4998,0.6350,0.1229,0.2991,0.4302,0.4302,0.0942,0.0737,0.0574,0.0574,,0.6225,,,,60.52,,139.3,131.4,0.701,0.120,
1791426434.9538138,0.2991,0.3646,0.7538,0.2991,0.6350,0.6350,0.4998,0.6350,0.5695,0.1229,0.0737,0.4998,0.2458,0.1229,0.1229,0.0737,0.0410,,0.6230,,,,60.52,,139.0,132.8,,0.120,
1791426434.9875412,0.5695,0.9259,0.3646,0.7006,0.8440,0.4998,0.7538,0.5695,0.3646,0.0942,0.4302,0.4998,0.4998,0.0942,0.0574,0.0574,0.0942,0.4070,0.6035,,0.1965,,60.25,,129.3,131.5,0.652,0.119,1.443
1791426435.0264196,0.1966,0.7006,0.2458,0.2991,0.7538,0.7006,0.4998,0.4998,0.5695,0.2991,0.2991,0.4302,0.5695,0.1966,0.0574,0.0942,0.0574,,0.6220,,,,60.25,,133.3,132.6,0.700,0.119,
1791426435.0574756,0.4302,0.2991,0.3646,0.5695,0.9054,0.5695,0.6350,0.5695,0.4302,0.1557,0.0737,0.4302,0.4998,0.0942,0.0942,0.0737,0.0942,0.4070,0.6220,,0.2150,,60.38,,139.2,134.1,0.708,0.119,
1791426435.0888407,0.2991,0.8440,0.2991,0.7538,0.7006,0.5695,0.4998,0.4998,0.4998,0.0942,0.0942,0.4302,0.4998,0.1557,0.0942,0.0410,0.0574,,0.5975,,,,60.38,,128.0,134.2,0.721,0.119,
1791426435.1202617,0.1966,0.8030,0.2458,0.5695,0.7538,0.7006,0.7006,0.5695,0.5695,0.1229,0.1966,0.4998,0.2991,0.0410,0.0942,0.0737,0.0737,,0.6010,,,,60.38,,122.6,132.6,,0.119,
1791426435.1534395,0.6350,0.8767,0.3646,0.5695,0.7538,0.8030,0.7006,0.7538,0.5695,0.0942,0.1966,0.4998,0.3646,0.0737,0.0737,0.0737,0.0410,0.4060,0.6025,,0.1965,,60.26,,117.1,131.7,0.656,0.118,
1791426435.1871793,0.2991,0.8440,0.8767,0.3646,0.5695,0.7538,0.3646,0.6350,0.6350,0.0737,0.0942,0.4998,0.2991,0.1229,0.0942,0.0410,0.0410,,0.6020,,,,60.26,,113.1,131.7,,0.118,
1791426435.221205,0.6350,0.8030,0.8030,0.6350,0.7538,0.6350,0.3646,0.7006,0.4998,0.0574,0.0737,0.4302,0.1966,0.1229,0.1229,0.0369,0.0574,0.4050,0.6215,,0.2165,,60.81,,,133.5,,0.117,
1791426435.2537093,0.6350,0.7538,0.4998,0.4302,0.6350,0.5695,0.2991,0.5695,0.6350,0.0574,0.0574,0.4302,0.1229,0.1557,0.1557,0.1229,0.0574,0.4050,,,,,60.81,,,133.5,,,
1791426435.2876263,0.2991,0.7006,0.5695,0.5695,0.7538,0.5695,0.7006,0.5695,0.5695,0.0737,0.3646,0.4302,0.1557,0.1557,0.1557,0.0410,0.1229,,0.6055,,,,60.81,,,135.0,,0.117,
1791426435.3273046,0.2458,0.2458,0.8767,0.4998,0.7006,0.5695,0.2458,0.7538,0.5695,0.0942,0.2458,0.4998,0.4302,0.1229,0.1229,0.0410,0.0410,,,,,,60.81,,,135.0,,,
1791426435.3601236,0.2991,0.7006,0.2991,0.6350,0.7538,0.5695,0.4998,0.6350,0.5695,0.1966,0.0574,0.5695,0.3646,0.2458,0.0369,0.1229,0.0737,,0.6185,,,,60.81,,,134.7,0.705,0.117,
1791426435.391396,0.3646,0.2991,0.8440,0.2991,0.7538,0.6350,0.8440,0.8030,0.5695,0.0942,0.2991,0.4998,0.2458,0.1229,0.0737,0.0737,0.0574,0.4050,0.6045,,0.1995,,60.77,,,132.1,,0.116,
1791426435.4229276,0.2458,0.2991,0.4998,0.2991,0.4302,0.5695,0.7538,0.5695,0.3646,0.1229,0.2458,0.4302,0.2991,0.1229,0.1557,0.0942,0.1229,,0.6240,,,,60.77,,,133.4,,0.116,
1791426435.453985,0.6350,0.4302,0.2991,0.3646,0.2458,0.5695,0.4998,0.6350,0.5695,0.1229,0.0737,0.4998,0.4998,0.1229,0.0942,0.0737,0.0737,0.4050,0.6250,,0.2200,,61.72,,,134.7,0.710,0.113,
1791426435.4870312,0.7538,0.7538,0.7006,0.5695,0.8030,0.3646,0.1966,0.7538,0.6350,0.0942,0.2458,0.5695,0.1557,0.1557,0.1557,0.0574,0.1229,0.4060,,,,,61.72,,,134.7,,,
1791426435.523779,0.4302,0.6350,0.8440,0.5695,0.8440,0.5695,0.7006,0.5695,0.3646,0.1229,0.0942,0.4302,0.4302,0.1229,0.1229,0.0737,0.0737,0.4030,0.6115,,0.2085,,61.66,,,135.9,0.612,0.113,
1791426435.5635126,0.2991,0.8440,0.5695,0.7538,0.7006,0.5695,0.4998,0.5695,0.7006,0.0737,0.3646,0.4998,0.3646,0.1229,0.0942,0.0737,0.0942,,0.6125,,,,61.66,,,138.5,0.641,0.113,
1791426435.5953557,0.3646,0.8030,0.2991,0.7006,0.8030,0.5695,0.1966,0.5695,0.4998,0.1229,0.0737,0.4302,0.3646,0.1557,0.1557,0.0737,0.0737,0.4030,,,,,61.66,,,138.5,,,
1791426435.6276233,0.4998,0.2458,0.7006,0.2991,0.2458,0.6350,0.4302,0.6350,0.4998,0.0942,0.1966,0.3646,0.2991,0.1557,0.1229,0.0574,0.0246,0.4040,0.6215,,0.2175,,61.94,,,137.5,,0.112,
1791426435.6582341,0.4998,0.2458,0.7006,0.3646,0.2458,0.6350,0.3646,0.6350,0.5695,0.0942,0.0574,0.5695,0.2991,0.1229,0.1229,0.0942,0.0737,0.4020,0.6090,,0.2070,,62.01,,,137.9,,0.112,
1791426435.6890514,0.6350,0.8030,0.2458,0.6350,0.8030,0.5695,0.6350,0.5695,0.5695,0.0737,0.2991,0.1966,0.4302,0.1557,0.1966,0.0737,0.0737,0.4020,0.6045,,0.2025,,62.00,,,136.8,,0.111,
1791426435.7208755,0.6350,0.8030,0.5695,0.1557,0.2458,0.4302,0.5695,0.2991,0.6350,0.0737,0.2458,0.3646,0.1557,0.0737,0.1966,0.0942,0.0574,0.4020,0.6225,,0.2205,,62.53,,,137.4,,0.110,
1791426435.7542346,0.5695,0.8767,0.7538,0.7006,0.8030,0.7538,0.7006,0.7006,0.7006,0.0574,0.2991,0.3646,0.4302,0.1229,0.1966,0.0737,0.0942,0.3990,0.6250,,0.2260,,63.05,,,136.7,0.593,0.109,
1791426435.7881727,0.7006,0.7006,0.6350,0.6350,0.7538,0.4302,0.8030,0.5695,0.4998,0.2458,0.0574,0.5695,0.2458,0.1966,0.0369,0.0410,0.0410,0.3980,0.5985,,0.2005,,62.85,,,135.5,,0.108,
1791426435.8213854,0.4302,0.8030,0.4998,0.7006,0.7006,0.5695,0.5695,0.5695,0.6350,0.1966,0.1557,0.5695,0.4302,0.0737,0.1229,0.1229,0.0737,0.4020,0.6180,,0.2160,,63.37,,,134.8,0.709,0.106,
1791426435.8554327,0.2991,0.2991,0.5695,0.7006,0.8440,0.5695,0.3646,0.7006,0.7006,0.1557,0.0737,0.4302,0.4302,0.1229,0.1966,0.0942,0.0942,,0.6045,,,,63.37,,,135.5,0.608,0.106,
1791426435.8940504,0.3646,0.2458,0.4998,0.7006,0.8030,0.7006,0.3646,0.5695,0.6350,0.1229,0.2458,0.5695,0.2991,0.1229,0.1557,0.0574,0.0942,0.4000,0.6215,,0.2215,,63.20,,,134.8,,0.108,
1791426435.9267998,0.2458,0.8440,0.7006,0.4302,0.3646,0.7006,0.6350,0.7538,0.4998,0.0942,0.0737,0.5695,0.2991,0.1966,0.0737,0.0737,0.0410,,0.6010,,,,63.20,,,135.3,,0.108,
1791426435.9564974,0.3646,0.8440,0.8440,0.4302,0.2991,0.8030,0.5695,0.7006,0.5695,0.1966,0.0737,0.4302,0.1557,0.1557,0.1966,0.0737,0.0942,0.3980,0.6125,,0.2145,,63.75,,,136.5,,0.106,
1791426435.988669,0.7006,0.7538,0.8767,0.5695,0.8767,0.4998,0.6350,0.8440,0.7538,0.0574,0.0574,0.4302,0.4998,0.0942,0.1229,0.0574,0.0410,0.3970,0.6025,,0.2055,,63.59,,,136.0,0.661,0.105,
1791426436.0211823,0.4998,0.7538,0.8767,0.7538,0.8767,0.4302,0.7538,0.7006,0.4998,0.1229,0.2458,0.3646,0.1966,0.1557,0.1557,0.1229,0.0942,0.3980,0.6030,,0.2050,,63.66,,,134.8,,0.104,
1791426436.0552044,0.3646,0.3646,0.2991,0.6350,0.8030,0.4302,0.3646,0.4998,0.5695,0.0574,0.1966,0.5695,0.3646,0.1966,0.1557,0.0942,0.0942,0.3960,0.6185,,0.2225,,63.75,,,136.8,0.617,0.105,
1791426436.088264,0.3646,0.2991,0.4998,0.5695,0.8030,0.6350,0.5695,0.6350,0.5695,0.1557,0.0737,0.4302,0.4998,0.1229,0.1966,0.0737,0.0737,0.3960,0.6060,,0.2100,,63.76,,,,0.650,0.105,
1791426436.1213207,0.4302,0.7538,0.8440,0.6350,0.2991,0.6350,0.7006,0.5695,0.6350,0.1229,0.0737,0.4302,0.1966,0.1229,0.1966,0.0942,0.0942,0.3970,0.6015,,0.2045,,63.47,,,,,0.105,
1791426436.1547675,0.2991,0.2991,0.5695,0.4302,0.9054,0.6350,0.3646,0.5695,0.4302,0.1229,0.0574,0.4302,0.3646,0.1229,0.0369,0.1229,0.0737,,0.6015,,,,63.47,,,,0.662,0.105,
1791426436.1958673,0.3646,0.7538,0.7006,0.4302,0.4302,0.5695,0.7538,0.7538,0.5695,0.0737,0.3646,0.4302,0.3646,0.1557,0.1229,0.0737,0.0737,0.3950,0.6105,,0.2155,,64.13,,,138.7,0.672,0.103,1.400
1791426436.2267184,0.9054,0.7538,0.8030,0.5695,0.7006,0.4998,0.8030,0.7006,0.3646,0.0737,0.0942,0.4302,0.2991,0.1229,0.1966,0.0942,0.0737,0.3950,0.6010,,0.2060,,63.71,,,139.1,,0.104,
1791426436.2579346,0.3646,0.7006,0.3646,0.3646,0.7538,0.5695,0.7006,0.7538,0.4302,0.1557,0.1966,0.4302,0.2991,0.0574,0.0410,0.0942,0.0737,0.3950,0.6100,,0.2150,,64.52,,,138.3,,0.101,
1791426436.2898812,0.4302,0.9054,0.4998,0.6350,0.7538,0.7006,0.4998,0.7006,0.4302,0.0574,0.0737,0.4998,0.2458,0.1557,0.0737,0.0737,0.0737,0.3950,0.6135,,0.2185,,64.66,,,137.7,,0.101,
1791426436.3218584,0.7538,0.8030,0.8767,0.6350,0.8030,0.4998,0.3646,0.4302,0.3646,0.0942,0.1229,0.3646,0.4302,0.0942,0.1557,0.1229,0.0737,0.3970,0.6160,,0.2190,,65.14,,,138.6,0.637,0.099,
1791426436.3553228,0.5695,0.2458,0.4302,0.7538,0.8030,0.4998,0.3646,0.4998,0.5695,0.1229,0.0737,0.3646,0.4998,0.1966,0.1557,0.0574,0.0942,0.3940,0.6195,,0.2255,,65.38,,,138.3,0.658,0.099,
1791426436.3885634,0.7538,0.3646,0.6350,0.3646,0.7006,0.7538,0.6350,0.8030,0.7006,0.1966,0.0737,0.4998,0.3646,0.1229,0.0574,0.0737,0.0410,0.3940,0.6145,,0.2205,,65.57,,,139.3,0.624,0.099,
1791426436.421511,0.7006,0.8440,0.4998,0.7538,0.8767,0.5695,0.3646,0.6350,0.5695,0.1229,0.0574,0.3646,0.4302,0.1557,0.0246,0.0942,0.0942,0.3980,0.6000,,0.2020,,65.50,,,138.6,0.692,0.098,
1791426436.4551742,0.3646,0.8030,0.5695,0.7538,0.7538,0.5695,0.5695,0.6350,0.2991,0.0737,0.0574,0.3646,0.0942,0.1229,0.0369,0.0574,0.0574,0.3950,0.6180,,0.2230,,65.23,,,138.1,,0.100,
1791426436.4942293,0.2458,0.2458,0.2458,0.4998,0.4302,0.7006,0.4302,0.7538,0.7006,0.0574,0.1966,0.5695,0.1557,0.1229,0.1229,0.0574,0.0737,,0.6090,,,,65.23,,,137.8,,0.100,
1791426436.5269704,0.4998,0.7538,0.5695,0.7538,0.9054,0.6350,0.3646,0.8440,0.5695,0.0942,0.0737,0.3646,0.4302,0.1229,0.1557,0.0410,0.0737,0.3960,0.6035,,0.2075,,65.07,,,138.0,0.594,0.100,
1791426436.5584645,0.7006,0.7006,0.9587,0.7006,0.8030,0.4302,0.2991,0.7538,0.5695,0.0942,0.2991,0.5695,0.3646,0.0942,0.1229,0.0574,0.0942,0.3910,,,,,65.07,,,138.0,,,
1791426436.5899968,0.1966,0.6350,0.4302,0.7006,0.7538,0.5695,0.3646,0.6350,0.6350,0.1229,0.1966,0.3646,0.1557,0.0574,0.1557,0.0574,0.1229,,0.6020,,,,65.07,,,137.8,,0.100,
1791426436.6225064,0.7006,0.2991,0.6350,0.4998,0.7006,0.5695,0.7006,0.5695,0.5695,0.1557,0.0574,0.3646,0.1557,0.1557,0.1229,0.0737,0.0369,0.3930,0.5985,,0.2055,,65.56,,,134.4,,0.097,
1791426436.6560996,0.6350,0.7006,0.8440,0.6350,0.7006,0.4998,0.7006,0.6350,0.4998,0.1557,0.1966,0.2991,0.4998,0.0369,0.0574,0.0410,0.0574,0.3960,0.6230,,0.2270,,64.86,,,132.5,,0.101,
1791426436.6885388,0.3646,0.7006,0.4998,0.3646,0.7538,0.6350,0.6350,0.7538,0.2458,0.1557,0.0737,0.4998,0.4998,0.1557,0.0410,0.0574,0.1229,0.3940,0.6235,,0.2295,,65.01,,,134.0,0.675,0.102,
1791426436.7223651,0.2991,0.7538,0.2458,0.6350,0.8030,0.5695,0.6350,0.4302,0.6350,0.0942,0.2991,0.3646,0.3646,0.0942,0.0246,0.0410,0.0574,,0.6080,,,,65.01,,,,0.621,0.102,
1791426436.7624874,0.3646,0.9259,0.4302,0.5695,0.7538,0.7006,0.4302,0.7006,0.1557,0.0942,0.2991,0.4998,0.4302,0.0574,0.1229,0.0369,0.0737,0.3960,0.5995,,0.2035,,65.32,,,,0.635,0.099,
1791426436.7946177,0.7538,0.9054,0.5695,0.7538,0.7006,0.5695,0.5695,0.4302,0.3646,0.0737,0.2458,0.4302,0.4302,0.0574,0.1557,0.0410,0.0369,0.3960,0.5970,,0.2010,,65.21,,,,0.704,0.098,
1791426436.82615,0.1966,0.8767,0.7538,0.2991,0.2991,0.7006,0.5695,0.6350,0.3646,0.1966,0.2458,0.4302,0.1966,0.0737,0.0737,0.0410,0.0410,,0.6230,,,,65.21,,,,,0.098,
1791426436.8585706,0.5695,0.7538,0.4998,0.5695,0.6350,0.3646,0.6350,0.4302,0.2458,0.0737,0.1229,0.2991,0.1229,0.1229,0.0574,0.0369,0.0369,0.3960,0.6220,,0.2260,,65.66,,,,,0.097,
1791426436.8915448,0.7538,0.8440,0.1966,0.6350,0.6350,0.5695,0.7538,0.6350,0.6350,0.1966,0.1966,0.2458,0.4998,0.0410,0.0574,0.0410,0.0369,0.3960,0.6230,,0.2270,,65.98,,,,,0.097,
1791426436.9221313,0.4302,0.8767,0.4998,0.2991,0.4998,0.5695,0.4998,0.5695,0.4302,0.0574,0.0574,0.3646,0.4998,0.1229,0.0369,0.0410,0.0246,0.3960,0.6170,,0.2210,,66.48,,,,0.720,0.095,
1791426436.9553375,0.6350,0.8030,0.5695,0.5695,0.7538,0.4998,0.7538,0.6350,0.2991,0.0410,0.1966,0.1966,0.1557,0.0737,0.0246,0.0246,0.0205,0.3960,0.6195,,0.2235,,66.81,,,,,0.094,
1791426436.9885793,0.4998,0.5695,0.7006,0.7006,0.6350,0.4998,0.5695,0.4998,0.5695,0.0574,0.2458,0.2991,0.3646,0.0574,0.0942,0.0369,0.0574,0.3960,0.6210,,0.2250,,66.40,,,,,0.096,
1791426437.0219648,0.4302,0.8440,0.2991,0.7006,0.7538,0.6350,0.7538,0.6350,0.1966,0.0369,0.0574,0.3646,0.3646,0.0574,0.0737,0.0410,0.0574,0.3990,0.6235,,0.2245,,66.47,,,,0.713,0.096,
1791426437.0558493,0.5695,0.8440,0.2458,0.4302,0.6350,0.2458,0.3646,0.6350,0.4998,0.1557,0.2458,0.2991,0.1966,0.1229,0.0737,0.0410,0.0410,0.3960,,,,,66.47,,,,,,
1791426437.0888007,0.4998,0.7538,0.6350,0.5695,0.7006,0.4302,0.7006,0.5695,0.3646,0.0942,0.0737,0.3646,0.4998,0.0737,0.0410,0.0369,0.0369,0.3960,0.6220,,0.2260,,66.56,,,,0.707,0.096,
1791426437.1278265,0.4998,0.8030,0.5695,0.6350,0.7538,0.4998,0.5695,0.4998,0.2991,0.0737,0.0737,0.3646,0.4998,0.0410,0.1557,0.0246,0.0574,0.3970,0.6165,,0.2195,,67.03,,,,0.744,0.094,
1791426437.160379,0.6350,0.6350,0.2991,0.6350,0.4998,0.5695,0.2991,0.4302,0.7006,0.0410,0.2458,0.2991,0.4302,0.0369,0.0942,0.0574,0.0574,0.3970,,,,,67.03,,,,,,
1791426437.192479,0.5695,0.7006,0.4998,0.7006,0.7006,0.6350,0.3646,0.4998,0.4998,0.0574,0.2991,0.2458,0.2991,0.0410,0.0369,0.0246,0.0369,0.3970,0.6185,,0.2215,,66.94,,,,,0.094,
1791426437.2234526,0.8440,0.2991,0.2991,0.5695,0.5695,0.4998,0.7538,0.3646,0.8030,0.0246,0.1966,0.3646,0.4998,0.0574,0.0737,0.0369,0.0574,0.3970,0.6235,,0.2265,,66.68,,,,0.709,0.096,
1791426437.2557075,0.8440,0.8030,0.2991,0.6350,0.7006,0.4302,0.7538,0.3646,0.4998,0.0369,0.2991,0.1966,0.4302,0.1229,0.0410,0.0246,0.0369,0.3980,0.6250,,0.2270,,67.10,,,,,0.094,
1791426437.2898867,0.5695,0.8030,0.6350,0.4998,0.6350,0.4302,0.6350,0.2991,0.2991,0.0205,0.2458,0.4998,0.4302,0.1229,0.0737,0.0369,0.0574,0.3970,0.6210,,0.2240,,67.04,,,,0.814,0.095,
1791426437.32497,0.5695,0.9259,0.7006,0.5695,0.7538,0.6350,0.2458,0.5695,0.4998,0.1966,0.1229,0.3646,0.4302,0.0369,0.0737,0.0410,0.0574,0.3970,,,,,67.04,,,,,,
1791426437.3569846,0.3646,0.6350,0.2991,0.4998,0.7006,0.2991,0.8030,0.4998,0.2991,0.0737,0.2458,0.4998,0.4302,0.0369,0.0737,0.0410,0.0369,0.3970,,,,,67.04,,,,,,
1791426437.389814,0.1966,0.2991,0.6350,0.4998,0.6350,0.4998,0.2458,0.7006,0.3646,0.1557,0.1557,0.3646,0.4302,0.0574,0.0574,0.0369,0.0369,,,,,,67.04,,,,,,
1791426437.4235392,0.6350,0.8440,0.2991,0.7006,0.7538,0.5695,0.2458,0.4998,0.4302,0.0737,0.1966,0.3646,0.4998,0.0737,0.1229,0.0574,0.0410,0.3970,,,,,67.04,,,,,,
1791426437.456525,0.5695,0.7538,0.2991,0.5695,0.5695,0.5695,0.5695,0.4302,0.3646,0.2991,0.2991,0.2991,0.2991,0.0737,0.0410,0.0369,0.0410,0.3970,0.6210,,0.2240,,67.28,,,,,0.094,
1791426437.4898734,0.7006,0.4998,0.7006,0.5695,0.7538,0.3646,0.5695,0.3646,0.6350,0.0369,0.2458,0.3646,0.4998,0.0574,0.0574,0.0574,0.0369,0.3970,0.6220,,0.2250,,66.80,,,,0.782,0.096,
1791426437.5310636,0.4998,0.8440,0.7538,0.4302,0.7006,0.5695,0.4998,0.5695,0.4302,0.0737,0.2991,0.3646,0.3646,0.0410,0.0942,0.0410,0.0410,0.3970,0.6205,,0.2235,,66.84,,,,0.738,0.096,
1791426437.5624964,0.7006,0.7006,0.8440,0.5695,0.7538,0.4998,0.7006,0.4998,0.3646,0.0410,0.1557,0.1966,0.2991,0.1229,0.1229,0.0410,0.0574,0.3970,0.6200,,0.2230,,67.27,,,,,0.094,
1791426437.5940592,0.1229,0.7006,0.8440,0.6350,0.7006,0.5695,0.7538,0.3646,0.4302,0.0737,0.0737,0.1229,0.4302,0.0410,0.0737,0.0369,0.0410,,0.6175,,,,67.27,,,,,0.094,
1791426437.6258752,0.3646,0.2991,0.8440,0.5695,0.6350,0.5695,0.6350,0.4998,0.5695,0.0246,0.1557,0.1966,0.3646,0.0369,0.0164,0.0574,0.0369,0.3970,0.6175,,0.2205,,67.32,,,,,0.093,
1791426437.6568544,0.4998,0.7538,0.8030,0.4998,0.4998,0.4998,0.7538,0.7538,0.4998,0.0410,0.2458,0.3646,0.2991,0.0369,0.0410,0.0246,0.0410,0.3970,0.6210,,0.2240,,67.41,,,,,0.093,
1791426437.6897628,0.1229,0.7006,0.3646,0.6350,0.5695,0.5695,0.4302,0.2458,0.4302,0.0410,0.1966,0.3646,0.4302,0.0942,0.0574,0.0410,0.0369,,0.5955,,,,67.41,,,,0.670,0.093,
1791426437.7234526,0.5695,0.7006,0.3646,0.6350,0.7006,0.4302,0.6350,0.4302,0.2991,0.0574,0.1966,0.1966,0.4302,0.0574,0.0737,0.0574,0.0410,0.3970,0.6190,,0.2220,,66.56,,,,,0.097,
1791426437.7581434,0.4302,0.6350,0.8030,0.7538,0.4998,0.4998,0.7006,0.6350,0.7006,0.0369,0.3646,0.3646,0.4302,0.0164,0.0574,0.0205,0.0574,0.3970,0.6180,,0.2210,,66.66,,,138.1,0.825,0.096,1.541
1791426437.7908247,0.5695,0.8767,0.7538,0.4998,0.7538,0.4998,0.6350,0.4998,0.5695,0.0369,0.1229,0.2991,0.2458,0.0737,0.0574,0.0737,0.0574,0.3970,0.6185,,0.2215,,66.92,,,137.9,,0.095,
1791426437.8238168,0.5695,0.7538,0.6350,0.8030,0.6350,0.4998,0.2458,0.2991,0.4998,0.0574,0.1966,0.4302,0.4998,0.0410,0.0737,0.0205,0.0164,0.3970,,,,,66.92,,,137.9,,,
1791426437.8626401,0.2458,0.8030,0.4998,0.6350,0.5695,0.4998,0.6350,0.4998,0.3646,0.0410,0.3646,0.1557,0.4998,0.0246,0.0942,0.0410,0.0369,,0.6185,,,,66.92,,,135.7,,0.095,
1791426437.8941643,0.6350,0.8030,0.4998,0.5695,0.7006,0.6350,0.7006,0.4302,0.1557,0.0410,0.1557,0.2458,0.4302,0.0369,0.0369,0.1557,0.0246,0.3970,0.6185,,0.2215,,66.80,,,135.4,,0.095,
1791426437.9248989,0.4998,0.6350,0.4302,0.7006,0.6350,0.3646,0.2458,0.5695,0.5695,0.0410,0.0369,0.2991,0.2991,0.1229,0.0737,0.0246,0.0246,0.3980,,,,,66.80,,,135.4,,,
1791426437.9568357,0.6350,0.7538,0.7006,0.5695,0.7538,0.4998,0.7006,0.4998,0.2991,0.0737,0.0737,0.2458,0.3646,0.0246,0.0942,0.0369,0.0574,0.3970,0.6170,,0.2200,,66.86,,,135.6,,0.095,
1791426437.9904356,0.5695,0.8030,0.3646,0.5695,0.6350,0.6350,0.2991,0.4998,0.4302,0.0369,0.1966,0.1557,0.4302,0.0574,0.0574,0.0369,0.0369,0.3970,,,,,66.86,,,135.6,,,
1791426438.0229435,0.1966,0.7538,0.3646,0.7538,0.8030,0.4998,0.7538,0.5695,0.1966,0.0410,0.2458,0.1966,0.4302,0.0942,0.0942,0.0410,0.0574,,0.6220,,,,66.86,,,135.2,,0.095,
1791426438.0569417,0.5695,0.3646,0.2458,0.6350,0.3646,0.4302,0.7006,0.6350,0.4998,0.1229,0.0410,0.4998,0.5695,0.0574,0.0737,0.0164,0.0369,0.3970,0.6190,,0.2220,,66.20,,,131.4,0.837,0.098,
1791426438.090673,0.7006,0.6350,0.5695,0.6350,0.5695,0.3646,0.5695,0.5695,0.4302,0.0574,0.1966,0.2458,0.4302,0.1229,0.0410,0.0246,0.0246,0.3970,0.6170,,0.2200,,66.39,,,132.5,,0.097,
1791426438.1297867,0.7006,0.3646,0.3646,0.6350,0.2991,0.7006,0.2991,0.4998,0.2991,0.0574,0.0737,0.1966,0.3646,0.1229,0.0737,0.0410,0.0410,0.3980,,,,,66.39,,,132.5,,,
1791426438.161065,0.1557,0.5695,0.8440,0.5695,0.1966,0.6350,0.1966,0.4302,0.2458,0.1557,0.0574,0.3646,0.2458,0.0574,0.0410,0.0574,0.0246,,,,,,66.39,,,132.5,,,
1791426438.193061,0.1557,0.7538,0.7006,0.4998,0.5695,0.4302,0.6350,0.4302,0.2991,0.0574,0.2458,0.1557,0.3646,0.1229,0.0942,0.0205,0.0410,,0.6170,,,,66.39,,,132.8,,0.097,
1791426438.2240849,0.6350,0.6350,0.4998,0.5695,0.7006,0.4998,0.7006,0.4998,0.4302,0.0574,0.2991,0.3646,0.4302,0.0369,0.0369,0.0246,0.0410,0.3980,0.6220,,0.2240,,66.67,,,133.1,0.717,0.096,
1791426438.2583773,0.7006,0.7006,0.6350,0.5695,0.5695,0.7006,0.7006,0.4302,0.6350,0.1229,0.0410,0.2458,0.3646,0.0410,0.0410,0.0410,0.0574,0.3970,0.6175,,0.2205,,66.96,,,134.1,,0.094,
1791426438.290714,0.4302,0.7006,0.2458,0.6350,0.7006,0.4998,0.7006,0.6350,0.4998,0.0410,0.0369,0.4302,0.4302,0.0369,0.0205,0.0410,0.0369,0.3970,0.6170,,0.2200,,66.57,,,135.1,0.817,0.096,
1791426438.324404,0.4302,0.2458,0.2458,0.5695,0.4302,0.5695,0.4302,0.5695,0.5695,0.1966,0.1966,0.1557,0.3646,0.0942,0.0737,0.0369,0.0369,0.3970,0.6155,,0.2185,,66.80,,,135.0,,0.095,
1791426438.3580372,0.5695,0.8440,0.2458,0.7006,0.6350,0.5695,0.6350,0.6350,0.4302,0.0737,0.2991,0.2991,0.4302,0.0410,0.0737,0.0369,0.0410,0.3970,0.6145,,0.2175,,66.57,,,135.6,,0.095,
1791426438.3910975,0.7006,0.7006,0.2991,0.6350,0.4998,0.6350,0.7006,0.4302,0.1966,0.0574,0.0737,0.3646,0.1229,0.0410,0.0737,0.0410,0.0410,0.3970,0.6185,,0.2215,,66.47,,,,,0.096,
1791426438.4300885,0.4302,0.9054,0.4998,0.4998,0.7006,0.3646,0.6350,0.4998,0.2991,0.0737,0.2458,0.2458,0.4302,0.0942,0.0737,0.0369,0.0410,0.3970,0.6165,,0.2195,,66.37,,,,,0.096,
1791426438.4604273,0.7538,0.7006,0.2991,0.4302,0.2991,0.4998,0.5695,0.4998,0.4998,0.0410,0.2991,0.4998,0.4302,0.0737,0.0369,0.0410,0.0410,0.3980,0.5960,,0.1980,,66.74,,,,0.696,0.093,
1791426438.491983,0.6350,0.8030,0.7006,0.4998,0.2991,0.5695,0.2991,0.5695,0.6350,0.0369,0.2991,0.2458,0.1229,0.0942,0.1229,0.0410,0.0574,0.4000,,,,,66.74,,,,,,
1791426438.5255334,0.5695,0.4998,0.2458,0.7006,0.4302,0.4998,0.5695,0.7538,0.7006,0.0410,0.2458,0.3646,0.4302,0.0246,0.0737,0.0410,0.0737,0.3970,0.6190,,0.2220,,66.50,,,,0.768,0.094,
1791426438.5577092,0.4998,0.9423,0.2458,0.5695,0.2991,0.6350,0.4998,0.7538,0.3646,0.1229,0.1966,0.4998,0.4998,0.1229,0.0737,0.0737,0.0574,0.4010,0.5975,,0.1965,,66.94,,,,0.657,0.091,
1791426438.5903628,0.3646,0.8440,0.2991,0.6350,0.5695,0.4998,0.2458,0.1557,0.5695,0.0410,0.2991,0.2991,0.1557,0.0574,0.0246,0.0369,0.0369,0.4010,,,,,66.94,,,,,,
1791426438.6248043,0.6350,0.7538,0.7538,0.7538,0.7006,0.5695,0.7538,0.4998,0.4302,0.1966,0.0942,0.4302,0.4302,0.1229,0.1229,0.0574,0.0246,0.3980,0.6230,,0.2250,,67.03,,,,0.700,0.091,
1791426438.6584663,0.2991,0.7538,0.6350,0.4998,0.8030,0.6350,0.7006,0.5695,0.6350,0.0410,0.2991,0.2991,0.4302,0.0737,0.1229,0.0574,0.0410,,0.6180,,,,67.03,,,,,0.091,
1791426438.6991353,0.4302,0.9423,0.4302,0.3646,0.3646,0.6350,0.4998,0.4302,0.4998,0.0942,0.0737,0.4302,0.1557,0.0574,0.0942,0.0574,0.0574,0.3980,0.6250,,0.2270,,66.76,,,,,0.093,
1791426438.7300005,0.5695,0.9054,0.7538,0.7006,0.2458,0.4998,0.2458,0.4998,0.5695,0.1966,0.2458,0.3646,0.4302,0.0574,0.0574,0.0369,0.0369,0.4010,,,,,66.76,,,,,,
1791426438.7620716,0.7006,0.7006,0.5695,0.5695,0.7538,0.4302,0.5695,0.4998,0.4302,0.0410,0.2991,0.2991,0.3646,0.0942,0.0942,0.0369,0.0737,0.3970,0.6215,,0.2245,,66.68,,,,,0.094,
1791426438.7931752,0.4302,0.8767,0.6350,0.7006,0.4998,0.3646,0.4998,0.2991,0.3646,0.0737,0.2458,0.4302,0.4302,0.0942,0.1229,0.0410,0.0410,0.3970,0.6240,,0.2270,,66.39,,,,0.749,0.096,
1791426438.824342,0.8767,0.7006,0.4998,0.7538,0.7006,0.4998,0.7006,0.4302,0.4998,0.0410,0.0737,0.3646,0.4302,0.0410,0.1229,0.0574,0.0737,0.3970,0.6205,,0.2235,,66.88,,,,0.698,0.094,
1791426438.8582838,0.7006,0.8440,0.7538,0.6350,0.7006,0.5695,0.8030,0.5695,0.7538,0.0737,0.0574,0.2458,0.4302,0.0574,0.0410,0.0574,0.0737,0.3970,0.6265,,0.2295,,66.78,,,,,0.096,
1791426438.891121,0.4998,0.8440,0.2991,0.5695,0.7538,0.5695,0.5695,0.2991,0.5695,0.1966,0.1966,0.1966,0.4998,0.1229,0.0737,0.0369,0.0369,0.3970,0.6225,,0.2255,,66.45,,,,,0.097,
1791426438.925432,0.5695,0.8767,0.4998,0.4998,0.8030,0.4998,0.6350,0.6350,0.5695,0.2458,0.2991,0.1966,0.4302,0.0410,0.0574,0.0410,0.0574,0.3970,0.6170,,0.2200,,66.59,,,,,0.096,
1791426438.965614,0.4302,0.8030,0.7538,0.6350,0.8030,0.4302,0.7538,0.4998,0.5695,0.0574,0.0737,0.4302,0.4998,0.0737,0.0205,0.0574,0.0574,0.3980,0.6225,,0.2245,,66.16,,,,0.719,0.099,
1791426438.997395,0.8030,0.5695,0.7006,0.5695,0.7006,0.2991,0.7006,0.7006,0.6350,0.0942,0.0942,0.2991,0.4998,0.0410,0.0164,0.0369,0.0369,0.3980,,,,,66.16,,,,,,
1791426439.0288646,0.7006,0.8030,0.5695,0.7006,0.8440,0.5695,0.7538,0.5695,0.2458,0.0737,0.1229,0.4302,0.4998,0.0574,0.1557,0.0574,0.0246,0.3980,0.6230,,0.2250,,66.47,,,,0.691,0.097,
1791426439.0606108,0.4998,0.8440,0.3646,0.6350,0.4302,0.4998,0.6350,0.6350,0.2458,0.0410,0.2458,0.1557,0.4998,0.0410,0.1229,0.0410,0.0410,0.3980,0.6205,,0.2225,,66.50,,,,,0.097,
1791426439.0919135,0.6350,0.8767,0.6350,0.3646,0.7006,0.4998,0.7538,0.6350,0.2991,0.0410,0.2991,0.4302,0.3646,0.0737,0.0942,0.0164,0.0369,0.3990,0.6165,,0.2175,,65.99,,,,0.802,0.099,
1791426439.1247392,0.4302,0.7538,0.2458,0.6350,0.7006,0.5695,0.6350,0.4302,0.2458,0.0574,0.4302,0.1966,0.4302,0.0410,0.1229,0.0410,0.0574,0.4010,0.6140,,0.2130,,65.12,,,132.2,,0.102,1.758
1791426439.158146,0.3646,0.9259,0.5695,0.6350,0.8030,0.5695,0.8030,0.4302,0.3646,0.0942,0.0574,0.2991,0.4302,0.0737,0.0574,0.0369,0.0369,0.3990,0.6210,,0.2220,,65.38,,,132.1,,0.101,
1791426439.1926348,0.4998,0.8767,0.8030,0.5695,0.4302,0.4998,0.7006,0.4998,0.1966,0.0737,0.0737,0.2991,0.2991,0.0369,0.1229,0.0737,0.0369,0.3980,0.6185,,0.2205,,65.24,,,132.2,,0.102,
1791426439.2341673,0.4998,0.2991,0.4302,0.6350,0.2458,0.4302,0.6350,0.5695,0.2458,0.0574,0.0737,0.2991,0.4998,0.0574,0.0574,0.0369,0.0369,0.3980,0.6250,,0.2270,,65.43,,,131.9,,0.101,
1791426439.266216,0.6350,0.8767,0.2458,0.6350,0.6350,0.5695,0.2991,0.5695,0.4998,0.0369,0.2991,0.2458,0.4998,0.0574,0.0574,0.0369,0.0246,0.3980,,,,,65.43,,,131.9,,,
1791426439.2966685,0.6350,0.8440,0.7538,0.4998,0.7538,0.4998,0.6350,0.6350,0.1966,0.1229,0.0942,0.2991,0.3646,0.0942,0.0574,0.0410,0.0737,0.3990,0.6190,,0.2200,,65.78,,,131.4,,0.100,
1791426439.3288763,0.5695,0.8030,0.1966,0.3646,0.7006,0.2991,0.7538,0.1966,0.4302,0.1966,0.1229,0.1966,0.1557,0.0410,0.0737,0.0246,0.0369,0.3990,,,,,65.78,,,131.4,,,
1791426439.3611648,0.7006,0.8767,0.7006,0.5695,0.6350,0.5695,0.7538,0.6350,0.4302,0.1229,0.2991,0.2991,0.4302,0.0205,0.1229,0.0574,0.0737,0.3990,0.6210,,0.2220,,65.59,,,131.5,,0.101,
1791426439.3922102,0.2458,0.4998,0.2991,0.6350,0.4998,0.5695,0.4998,0.7006,0.5695,0.1966,0.0737,0.4302,0.4998,0.1229,0.1229,0.0410,0.0737,,0.6165,,,,65.59,,,132.6,0.734,0.101,
1791426439.4253876,0.2991,0.8767,0.2991,0.4998,0.7006,0.5695,0.8030,0.4998,0.2991,0.1966,0.0942,0.4302,0.1557,0.0574,0.1229,0.0410,0.0737,,0.6210,,,,65.59,,,131.9,,0.101,
1791426439.4596696,0.6350,0.9259,0.4998,0.5695,0.4998,0.4302,0.5695,0.7006,0.2458,0.2458,0.2991,0.2991,0.4302,0.0737,0.0574,0.0410,0.0737,0.3990,0.6205,,0.2215,,65.40,,,132.0,,0.101,
1791426439.4919474,0.7538,0.4998,0.4302,0.7538,0.3646,0.4302,0.2991,0.5695,0.5695,0.2991,0.1229,0.3646,0.3646,0.0410,0.1229,0.0369,0.0737,0.4000,,,,,65.40,,,132.0,,,
1791426439.525322,0.7538,0.5695,0.8030,0.7006,0.5695,0.5695,0.6350,0.4998,0.4302,0.0574,0.2458,0.3646,0.4302,0.0574,0.0574,0.0369,0.0737,0.3990,0.6180,,0.2190,,64.99,,,132.9,0.770,0.103,
1791426439.5665674,0.5695,0.4302,0.4998,0.7006,0.6350,0.6350,0.7538,0.5695,0.5695,0.0574,0.0737,0.1557,0.4302,0.0574,0.0737,0.0369,0.0574,0.3980,0.6205,,0.2225,,64.92,,,133.2,,0.104,
1791426439.5987597,0.7006,0.4998,0.7006,0.6350,0.7006,0.4998,0.7006,0.3646,0.5695,0.0369,0.2991,0.1966,0.4998,0.0574,0.0737,0.0410,0.0205,0.3990,0.6260,,0.2270,,65.27,,,132.5,,0.102,
1791426439.63029,0.6350,0.5695,0.5695,0.6350,0.7538,0.5695,0.7538,0.3646,0.4302,0.1229,0.1966,0.2458,0.3646,0.0410,0.0410,0.0369,0.0369,0.3980,0.6265,,0.2285,,65.63,,,131.4,,0.101,
1791426439.6620028,0.3646,0.4998,0.5695,0.6350,0.5695,0.4998,0.5695,0.5695,0.5695,0.0369,0.2991,0.2991,0.4998,0.0246,0.0942,0.0369,0.0574,0.3990,0.6225,,0.2235,,65.04,,,,,0.104,
1791426439.6943796,0.3646,0.8030,0.1966,0.4998,0.4998,0.4998,0.6350,0.5695,0.2991,0.0574,0.0737,0.2458,0.4302,0.1557,0.1229,0.0246,0.0942,0.3980,0.6190,,0.2210,,65.27,,,,,0.103,
1791426439.726881,0.5695,0.7538,0.6350,0.7006,0.5695,0.5695,0.6350,0.6350,0.4998,0.0369,0.0942,0.3646,0.2458,0.0369,0.0574,0.0246,0.0246,0.3990,0.6245,,0.2255,,65.97,,,,,0.100,
1791426439.759646,0.5695,0.7538,0.6350,0.7006,0.7006,0.5695,0.5695,0.6350,0.4998,0.1229,0.3646,0.4998,0.3646,0.0410,0.0942,0.0410,0.0369,0.3980,0.6215,,0.2235,,65.59,,,128.5,0.772,0.101,1.690
1791426439.7922828,0.4998,0.4302,0.2458,0.7538,0.7538,0.5695,0.6350,0.8030,0.6350,0.0369,0.1229,0.4302,0.2991,0.0737,0.0942,0.0410,0.0205,0.3970,0.6205,,0.2235,,66.00,,,129.0,,0.100,
1791426439.826265,0.7006,0.7006,0.7006,0.6350,0.6350,0.4998,0.6350,0.6350,0.3646,0.0737,0.2458,0.4302,0.2991,0.0410,0.0205,0.0369,0.0410,0.4000,0.5965,,0.1965,,65.69,,,127.5,,0.099,
1791426439.859822,0.1966,0.6350,0.3646,0.6350,0.7538,0.5695,0.6350,0.4302,0.3646,0.0574,0.1966,0.4302,0.4302,0.0737,0.0737,0.0410,0.0369,,0.6205,,,,65.69,,,127.4,0.727,0.099,
1791426439.8998315,0.3646,0.8030,0.7006,0.5695,0.5695,0.4998,0.7538,0.6350,0.5695,0.0574,0.0942,0.3646,0.1229,0.0369,0.1229,0.0410,0.0737,0.3990,0.6245,,0.2255,,66.10,,,126.5,,0.097,
1791426439.9307003,0.5695,0.6350,0.8440,0.6350,0.4998,0.5695,0.7006,0.7006,0.5695,0.0574,0.1966,0.3646,0.3646,0.0574,0.0737,0.0737,0.0369,0.3980,0.6250,,0.2270,,66.34,,,126.8,0.697,0.097,
1791426439.9618149,0.7006,0.7538,0.2991,0.5695,0.7006,0.4998,0.5695,0.6350,0.4998,0.0574,0.1229,0.1557,0.2458,0.0246,0.1966,0.0410,0.0737,0.4020,0.6175,,0.2155,,66.47,,,126.9,,0.096,
1791426439.9936385,0.4998,0.7538,0.8767,0.5695,0.7006,0.3646,0.6350,0.6350,0.2458,0.0574,0.2458,0.1557,0.4302,0.0410,0.0123,0.0410,0.0410,0.3990,0.6215,,0.2225,,66.39,,,128.0,,0.096,
1791426440.026401,0.5695,0.6350,0.6350,0.4998,0.5695,0.5695,0.6350,0.3646,0.3646,0.1557,0.2458,0.2991,0.3646,0.0942,0.1229,0.0410,0.0410,0.3980,0.6220,,0.2240,,66.70,,,127.3,,0.095,
1791426440.0591943,0.4998,0.4998,0.5695,0.6350,0.7006,0.6350,0.4998,0.1966,0.4302,0.0369,0.2991,0.2458,0.3646,0.0574,0.1229,0.0410,0.0410,0.3990,0.6205,,0.2215,,66.49,,,126.8,,0.096,
1791426440.0931737,0.4302,0.1966,0.3646,0.1966,0.6350,0.5695,0.4302,0.7006,0.5695,0.0942,0.0737,0.4998,0.4302,0.0942,0.1966,0.0410,0.0410,0.3980,0.6190,,0.2210,,66.56,,,128.4,0.756,0.096,
1791426440.1265917,0.4302,0.7006,0.2991,0.7006,0.7006,0.4998,0.7006,0.4998,0.4302,0.0574,0.2458,0.3646,0.2991,0.0369,0.0942,0.0369,0.0737,0.3980,0.5965,,0.1985,,66.63,,,128.6,,0.094,
1791426440.1669867,0.1966,0.6350,0.5695,0.7006,0.4998,0.5695,0.4998,0.3646,0.2458,0.0410,0.2991,0.2991,0.1557,0.0369,0.1557,0.0369,0.0574,,0.6190,,,,66.63,,,127.9,,0.094,
1791426440.1991444,0.1557,0.8030,0.8767,0.7006,0.8030,0.5695,0.7538,0.4998,0.2458,0.0410,0.0574,0.3646,0.2458,0.0410,0.0942,0.0205,0.0369,,0.6175,,,,66.63,,,128.5,,0.094,
1791426440.2301695,0.4302,0.7538,0.7006,0.5695,0.7006,0.2458,0.7538,0.6350,0.2991,0.0737,0.0942,0.3646,0.2991,0.0942,0.1229,0.0737,0.0574,0.3990,,,,,66.63,,,128.5,,,
1791426440.262826,0.4998,0.7006,0.7006,0.7006,0.7538,0.4302,0.7006,0.4302,0.7006,0.0574,0.0942,0.1966,0.3646,0.0737,0.0205,0.0574,0.0574,0.3990,0.6240,,0.2250,,67.05,,,129.0,,0.092,
1791426440.2938857,0.4302,0.7538,0.7006,0.7006,0.8030,0.4998,0.7006,0.3646,0.2458,0.0737,0.1966,0.2991,0.3646,0.0942,0.0205,0.0410,0.0205,0.3980,0.6190,,0.2210,,66.69,,,,,0.094,
1791426440.3267932,0.3646,0.2991,0.4998,0.7006,0.1966,0.6350,0.5695,0.5695,0.2991,0.0369,0.2991,0.3646,0.1229,0.0246,0.1229,0.0369,0.0574,0.3990,0.6190,,0.2200,,66.57,,,,,0.095,
1791426440.3602176,0.4302,0.8030,0.5695,0.6350,0.8030,0.4998,0.2991,0.6350,0.6350,0.1229,0.0410,0.4302,0.3646,0.0410,0.0942,0.0369,0.0410,0.3980,,,,,66.57,,,,,,
1791426440.3934598,0.4998,0.6350,0.7006,0.5695,0.7538,0.4998,0.7538,0.6350,0.2991,0.0574,0.2458,0.3646,0.3646,0.0369,0.0942,0.0369,0.0410,0.4000,0.6265,,0.2265,,66.62,,,,0.673,0.095,
1791426440.4275734,0.4998,0.7006,0.3646,0.5695,0.2991,0.5695,0.3646,0.4998,0.5695,0.0574,0.2458,0.2458,0.4302,0.0574,0.0410,0.0369,0.0369,0.3980,0.6165,,0.2185,,66.63,,,,,0.095,
1791426440.4674711,0.4998,0.5695,0.9054,0.6350,0.5695,0.6350,0.6350,0.3646,0.6350,0.1229,0.2991,0.2991,0.4302,0.0942,0.1966,0.0246,0.0410,0.3990,0.6180,,0.2190,,66.36,,,,,0.096,
1791426440.499699,0.5695,0.2991,0.2458,0.2458,0.7538,0.6350,0.7006,0.4302,0.4998,0.0574,0.2991,0.2991,0.4302,0.0410,0.1229,0.0369,0.0369,0.3970,0.6230,,0.2260,,66.37,,,,,0.097,
1791426440.5311575,0.2458,0.4998,0.4302,0.6350,0.1966,0.6350,0.6350,0.6350,0.7538,0.0574,0.2458,0.2458,0.4302,0.0737,0.0942,0.0574,0.0410,,0.6180,,,,66.37,,,,,0.097,
1791426440.562975,0.4998,0.8030,0.7538,0.5695,0.7006,0.5695,0.2458,0.4998,0.4998,0.2991,0.2458,0.3646,0.3646,0.0737,0.1557,0.0410,0.0574,0.3980,,,,,66.37,,,,,,
1791426440.5948217,0.7538,0.7006,0.6350,0.5695,0.7006,0.7006,0.8030,0.6350,0.7006,0.0410,0.2458,0.2458,0.4302,0.1557,0.0942,0.0410,0.0246,0.3980,0.6205,,0.2225,,66.34,,,,,0.097,
1791426440.6262972,0.1966,0.8440,0.5695,0.5695,0.2458,0.4998,0.2991,0.4302,0.5695,0.1966,0.3646,0.4998,0.3646,0.0737,0.0410,0.0246,0.0574,,,,,,66.34,,,,,,
1791426440.660437,0.6350,0.4302,0.4302,0.4998,0.8440,0.6350,0.6350,0.5695,0.2991,0.2458,0.0574,0.3646,0.3646,0.0410,0.0737,0.0369,0.0410,0.3990,0.6225,,0.2235,,66.38,,,,0.727,0.097,
1791426440.6937838,0.4302,0.8030,0.6350,0.4302,0.8030,0.2991,0.7006,0.4998,0.1966,0.1229,0.0574,0.2991,0.4302,0.1229,0.0369,0.0369,0.0574,0.3980,,,,,66.38,,,,,,
1791426440.7273362,0.4998,0.4998,0.4302,0.1966,0.4302,0.5695,0.5695,0.4302,0.7006,0.1229,0.0737,0.4302,0.4302,0.1557,0.0574,0.0574,0.0410,0.4000,0.6275,,0.2275,,66.34,,,,0.625,0.098,
1791426440.760271,0.2991,0.8030,0.7006,0.5695,0.7006,0.4998,0.3646,0.6350,0.4302,0.0942,0.3646,0.2991,0.4302,0.0410,0.1229,0.0246,0.0410,,0.6225,,,,66.34,,,128.3,,0.098,
1791426440.8012764,0.5695,0.5695,0.4302,0.5695,0.7538,0.5695,0.7006,0.4998,0.2458,0.1966,0.0574,0.3646,0.4302,0.0246,0.0410,0.0246,0.0205,0.4000,0.6200,,0.2200,,66.47,,,127.7,0.724,0.097,
1791426440.8324018,0.1966,0.9054,0.5695,0.4998,0.3646,0.4998,0.3646,0.5695,0.4302,0.1966,0.1229,0.3646,0.1966,0.1229,0.0942,0.0369,0.0410,,0.6205,,,,66.47,,,129.0,,0.097,
1791426440.8641543,0.8030,0.2991,0.3646,0.2991,0.7538,0.6350,0.4302,0.7006,0.4302,0.1966,0.0942,0.4302,0.4302,0.1229,0.1229,0.0574,0.0737,0.3990,0.6205,,0.2215,,66.58,,,128.7,0.756,0.096,
1791426440.8966415,0.7538,0.8030,0.5695,0.4998,0.7006,0.5695,0.6350,0.4302,0.2991,0.0410,0.2458,0.3646,0.2991,0.0369,0.1557,0.0410,0.0246,0.3980,0.6200,,0.2220,,66.79,,,128.6,,0.095,
1791426440.9274638,0.4302,0.6350,0.5695,0.6350,0.8030,0.6350,0.7538,0.6350,0.5695,0.1229,0.2991,0.2458,0.4302,0.0246,0.0205,0.0410,0.0369,0.3990,0.6175,,0.2185,,67.04,,,129.8,,0.094,
1791426440.9603019,0.7538,0.3646,0.6350,0.4998,0.5695,0.5695,0.3646,0.7006,0.4302,0.0737,0.1557,0.4302,0.3646,0.1557,0.0942,0.0574,0.0410,0.3990,0.6260,,0.2270,,66.27,,,129.1,0.681,0.098,
1791426440.994207,0.5695,0.6350,0.5695,0.5695,0.6350,0.5695,0.7006,0.3646,0.5695,0.0574,0.1966,0.4998,0.2458,0.0737,0.0164,0.0369,0.0574,0.3980,0.6210,,0.2230,,65.74,,,129.1,,0.100,
1791426441.028668,0.4998,0.4998,0.7006,0.2991,0.5695,0.6350,0.6350,0.5695,0.5695,0.0574,0.4302,0.4302,0.4302,0.0574,0.0737,0.0410,0.0737,0.3980,0.6245,,0.2265,,66.01,,,127.0,0.671,0.099,1.507
1791426441.069809,0.2458,0.4302,0.5695,0.4998,0.6350,0.7006,0.7006,0.6350,0.4302,0.0410,0.2991,0.4302,0.4998,0.0410,0.0737,0.0369,0.0410,,0.6185,,,,66.01,,,128.0,0.776,0.099,
1791426441.1008658,0.4998,0.7538,0.6350,0.5695,0.6350,0.4998,0.2991,0.4302,0.7538,0.0369,0.0737,0.2991,0.3646,0.0574,0.1557,0.0205,0.0574,0.3980,,,,,66.01,,,128.0,,,
1791426441.1321216,0.7006,0.8030,0.5695,0.6350,0.4302,0.2991,0.8030,0.6350,0.4998,0.0574,0.4998,0.2991,0.2991,0.0369,0.0942,0.0574,0.0369,0.3980,,,,,66.01,,,128.0,,,
1791426441.1645417,0.7006,0.8767,0.7538,0.5695,0.7006,0.5695,0.7006,0.4302,0.4302,0.1229,0.2458,0.1966,0.4998,0.1557,0.0205,0.0246,0.0369,0.4020,0.6265,,0.2245,,66.20,,,125.7,,0.099,
1791426441.1972656,0.4998,0.8030,0.5695,0.6350,0.6350,0.4302,0.7006,0.4998,0.8030,0.2458,0.0410,0.1966,0.3646,0.0410,0.0737,0.0737,0.0205,0.4000,0.6180,,0.2180,,65.80,,,122.1,,0.100,
1791426441.2284422,0.6350,0.8030,0.5695,0.4998,0.7538,0.6350,0.5695,0.6350,0.6350,0.0574,0.2458,0.4302,0.3646,0.0246,0.1966,0.0369,0.0737,0.4020,0.6250,,0.2230,,65.18,,,123.3,0.744,0.103,
1791426441.2605116,0.4998,0.7538,0.4998,0.7006,0.6350,0.4998,0.6350,0.2991,0.3646,0.0737,0.0737,0.2458,0.4302,0.0574,0.1229,0.0410,0.0942,0.3980,0.6250,,0.2270,,65.66,,,124.7,,0.101,
1791426441.2947526,0.5695,0.7538,0.5695,0.6350,0.6350,0.6350,0.6350,0.5695,0.7006,0.0369,0.2458,0.3646,0.3646,0.0410,0.0942,0.0164,0.0369,0.4000,0.6205,,0.2205,,65.38,,,125.2,0.753,0.102,
1791426441.3275044,0.6350,0.9054,0.6350,0.4998,0.5695,0.6350,0.6350,0.5695,0.6350,0.0574,0.0737,0.2458,0.4302,0.0574,0.0574,0.0369,0.0410,0.4000,0.6245,,0.2245,,65.51,,,127.3,,0.102,
1791426441.3615677,0.5695,0.5695,0.5695,0.5695,0.5695,0.5695,0.5695,0.3646,0.7006,0.0942,0.1966,0.2458,0.4302,0.0369,0.0737,0.0369,0.0410,0.3980,0.6210,,0.2230,,65.66,,,128.4,,0.101,
1791426441.4009757,0.5695,0.2991,0.4302,0.6350,0.2991,0.5695,0.2991,0.4998,0.4998,0.0942,0.0942,0.3646,0.2458,0.0369,0.0737,0.0410,0.0410,0.4000,,,,,65.66,,,128.4,,,
1791426441.4332623,0.1966,0.4998,0.4998,0.7006,0.1966,0.4998,0.2458,0.7006,0.6350,0.1557,0.1966,0.4302,0.2991,0.0942,0.0737,0.0410,0.0574,,,,,,65.66,,,128.4,,,
1791426441.4640975,0.5695,0.3646,0.2991,0.4998,0.6350,0.6350,0.2458,0.4998,0.5695,0.0574,0.2458,0.3646,0.3646,0.1229,0.0942,0.0410,0.0410,0.4000,,,,,65.66,,,128.4,,,
1791426441.494847,0.1966,0.8767,0.2458,0.4998,0.8030,0.6350,0.2991,0.4998,0.2991,0.0410,0.0574,0.4302,0.1966,0.0574,0.1966,0.0410,0.0574,,,,,,65.66,,,128.4,,,
1791426441.5274353,0.4998,0.7538,0.7538,0.5695,0.7006,0.5695,0.2991,0.4302,0.2991,0.0574,0.2991,0.1966,0.4998,0.0737,0.0942,0.0205,0.0410,0.3980,,,,,65.66,,,128.4,,,
1791426441.5614157,0.3646,0.7538,0.5695,0.6350,0.5695,0.4302,0.2458,0.4998,0.4302,0.0574,0.2458,0.2991,0.2458,0.1229,0.0942,0.0410,0.0737,0.3990,,,,,65.66,,,,,,
1791426441.59501,0.4302,0.8767,0.8440,0.4998,0.5695,0.6350,0.7538,0.7006,0.4302,0.0369,0.1966,0.1966,0.4302,0.0246,0.1229,0.0574,0.0246,0.3980,0.6205,,0.2225,,65.96,,,,,0.100,
1791426441.628875,0.3646,0.7538,0.4998,0.6350,0.6350,0.2458,0.5695,0.4302,0.5695,0.0369,0.2458,0.3646,0.4302,0.0574,0.0942,0.0410,0.0574,0.3980,,,,,65.96,,,,,,
1791426441.6612236,0.6350,0.2991,0.4998,0.3646,0.6350,0.5695,0.3646,0.5695,0.4998,0.0246,0.1966,0.2991,0.4302,0.0410,0.0942,0.0246,0.0410,0.3980,0.6190,,0.2210,,65.99,,,,,0.099,
1791426441.7021217,0.4998,0.8767,0.4302,0.3646,0.1966,0.4998,0.4302,0.7006,0.5695,0.0574,0.3646,0.3646,0.4302,0.0942,0.1229,0.0410,0.0369,0.3990,0.6215,,0.2225,,66.29,,,128.3,0.715,0.098,1.585
1791426441.7332187,0.6350,0.5695,0.8767,0.7006,0.7538,0.4302,0.7006,0.2991,0.7006,0.0574,0.1966,0.1966,0.4302,0.0737,0.0205,0.0410,0.0410,0.3990,0.6195,,0.2205,,67.00,,,128.0,,0.094,
1791426441.7650008,0.5695,0.7538,0.3646,0.5695,0.2458,0.6350,0.3646,0.4998,0.6350,0.0410,0.2991,0.2991,0.1557,0.0942,0.1557,0.0369,0.0410,0.4010,0.6200,,0.2190,,67.16,,,128.9,,0.093,
1791426441.7958486,0.4998,0.8030,0.6350,0.6350,0.7538,0.5695,0.7006,0.5695,0.2458,0.0369,0.1557,0.2458,0.4302,0.0246,0.0574,0.0410,0.0369,0.4040,0.6180,,0.2140,,67.01,,,128.6,,0.093,
1791426441.8286905,0.4998,0.6350,0.5695,0.4302,0.4302,0.5695,0.7538,0.4302,0.3646,0.0574,0.1966,0.2991,0.2991,0.0574,0.0574,0.0369,0.0369,0.3990,0.6195,,0.2205,,66.93,,,129.3,,0.094,
1791426441.8621347,0.6350,0.6350,0.5695,0.6350,0.6350,0.5695,0.6350,0.3646,0.2991,0.0410,0.1966,0.3646,0.3646,0.0574,0.0942,0.0246,0.0410,0.3990,0.6210,,0.2220,,67.46,,,129.6,0.738,0.092,
1791426441.8946874,0.4998,0.4302,0.4302,0.4998,0.7538,0.4302,0.3646,0.5695,0.6350,0.1557,0.1557,0.3646,0.3646,0.0410,0.0737,0.0369,0.0410,0.3990,0.6220,,0.2230,,68.17,,,129.4,0.714,0.089,
1791426441.9289167,0.4998,0.7538,0.4998,0.5695,0.4302,0.5695,0.4302,0.5695,0.3646,0.0410,0.1966,0.2991,0.4302,0.0942,0.0205,0.0410,0.0369,0.3990,0.6230,,0.2240,,68.29,,,129.2,,0.088,
1791426441.9703658,0.7006,0.3646,0.3646,0.6350,0.2991,0.6350,0.4998,0.4302,0.2458,0.0205,0.1557,0.4302,0.4302,0.0737,0.1229,0.0574,0.0574,0.3980,0.6275,,0.2295,,68.17,,,128.0,0.712,0.089,
1791426442.0022848,0.5695,0.8440,0.6350,0.4302,0.7538,0.1966,0.6350,0.2458,0.4998,0.0410,0.1229,0.2458,0.3646,0.0369,0.0942,0.0369,0.0246,0.3980,,,,,68.17,,,128.0,,,
1791426442.0340333,0.5695,0.8767,0.3646,0.4998,0.6350,0.5695,0.6350,0.7006,0.5695,0.1229,0.2458,0.4302,0.4302,0.0246,0.0942,0.0164,0.0369,0.3990,0.6170,,0.2180,,68.09,,,128.5,0.839,0.089,
1791426442.0642166,0.1966,0.8030,0.5695,0.4998,0.6350,0.3646,0.3646,0.3646,0.4302,0.1557,0.2458,0.1966,0.1229,0.0574,0.0942,0.0369,0.0574,,0.6220,,,,68.09,,,128.0,,0.089,
1791426442.0955174,0.6350,0.8767,0.2458,0.6350,0.7538,0.4998,0.7006,0.6350,0.7006,0.0574,0.0574,0.4302,0.4302,0.1229,0.0942,0.0369,0.0369,0.4000,0.6235,,0.2235,,68.42,,,126.9,0.730,0.088,
1791426442.128402,0.1557,0.5695,0.6350,0.4302,0.7538,0.5695,0.2458,0.3646,0.4998,0.0410,0.0574,0.2991,0.3646,0.0246,0.0942,0.0942,0.0410,,,,,,68.42,,,126.9,,,
1791426442.1620798,0.6350,0.3646,0.3646,0.7006,0.4302,0.5695,0.4998,0.6350,0.7006,0.0369,0.1966,0.2991,0.4302,0.0574,0.0942,0.0369,0.0410,0.3980,0.6195,,0.2215,,67.86,,,126.7,,0.090,
1791426442.1954112,0.4998,0.8440,0.5695,0.5695,0.3646,0.4998,0.3646,0.6350,0.4998,0.0410,0.0942,0.2991,0.3646,0.0574,0.1557,0.0410,0.0369,0.3980,0.6205,,0.2225,,68.03,,,125.7,,0.090,
1791426442.2289548,0.6350,0.7538,0.7006,0.4998,0.7006,0.6350,0.6350,0.2991,0.4998,0.0574,0.0737,0.2458,0.3646,0.0942,0.0942,0.0369,0.0737,0.3980,0.6245,,0.2265,,67.35,,,,,0.093,
1791426442.2707794,0.4302,0.5695,0.4302,0.2991,0.6350,0.4998,0.4302,0.5695,0.5695,0.0574,0.1966,0.2458,0.1229,0.1229,0.0246,0.0369,0.0369,0.3990,0.6185,,0.2195,,67.35,,,,,0.093,
1791426442.3014252,0.5695,0.8440,0.2991,0.5695,0.5695,0.5695,0.7006,0.5695,0.2991,0.0574,0.2458,0.1966,0.4302,0.1229,0.1966,0.0369,0.0574,0.3990,0.6185,,0.2195,,67.42,,,,,0.092,
1791426442.3319297,0.1966,0.4302,0.6350,0.2991,0.7006,0.4302,0.2458,0.4302,0.2991,0.0369,0.0737,0.1966,0.3646,0.0942,0.0942,0.0246,0.0246,,,,,,67.42,,,,,,
1791426442.3648682,0.6350,0.7538,0.5695,0.3646,0.5695,0.5695,0.2991,0.4998,0.3646,0.0410,0.0410,0.2458,0.4302,0.0942,0.1229,0.0369,0.0369,0.3980,,,,,67.42,,,,,,
1791426442.3956711,0.7006,0.4302,0.7006,0.2458,0.2991,0.6350,0.4998,0.6350,0.4998,0.0369,0.0410,0.4302,0.3646,0.0737,0.0942,0.0410,0.0246,0.4000,0.6215,,0.2215,,67.90,,,,0.713,0.090,
1791426442.4290867,0.4302,0.8440,0.4998,0.4302,0.2991,0.5695,0.4998,0.6350,0.4998,0.0369,0.0410,0.2458,0.3646,0.0410,0.0737,0.0369,0.0369,0.3990,0.6190,,0.2200,,67.85,,,,,0.090,
1791426442.4633029,0.4998,0.6350,0.8440,0.4998,0.8030,0.5695,0.5695,0.4998,0.7006,0.0246,0.2458,0.1229,0.4302,0.0246,0.1229,0.0369,0.0574,0.3980,0.6190,,0.2210,,67.60,,,,,0.091,
1791426442.4962444,0.5695,0.8030,0.7538,0.4998,0.8030,0.6350,0.7006,0.6350,0.2458,0.0410,0.1966,0.4998,0.4302,0.0410,0.0123,0.0205,0.0410,0.3990,0.6245,,0.2255,,67.87,,,,0.765,0.090,
1791426442.5290823,0.7006,0.7538,0.5695,0.4998,0.6350,0.6350,0.7006,0.4998,0.5695,0.0369,0.1229,0.1557,0.3646,0.0369,0.0942,0.0410,0.0410,0.3980,0.6210,,0.2230,,67.68,,,,,0.091,
1791426442.5701883,0.7538,0.8030,0.7006,0.4998,0.7006,0.3646,0.5695,0.6350,0.6350,0.1229,0.1966,0.1966,0.2991,0.0942,0.1229,0.0410,0.0574,0.3980,0.6235,,0.2255,,67.51,,,,,0.092,
1791426442.601668,0.7538,0.8030,0.8030,0.4302,0.7006,0.3646,0.6350,0.3646,0.4302,0.0369,0.1966,0.1557,0.4302,0.0369,0.1229,0.0410,0.0574,0.3980,0.6195,,0.2215,,67.53,,,,,0.092,
1791426442.6330283,0.1966,0.6350,0.4998,0.4998,0.7006,0.3646,0.4998,0.1966,0.3646,0.1966,0.3646,0.1557,0.4302,0.0737,0.0574,0.0574,0.0574,,0.6190,,,,67.53,,,125.5,,0.092,
1791426442.66429,0.6350,0.7538,0.6350,0.7006,0.7538,0.4998,0.3646,0.2458,0.4998,0.1557,0.1966,0.4302,0.3646,0.0205,0.0737,0.0164,0.0246,0.3970,0.6185,,0.2215,,67.52,,,126.6,0.778,0.092,
1791426442.696821,0.6350,0.5695,0.7006,0.4998,0.6350,0.5695,0.5695,0.4998,0.2458,0.0410,0.0737,0.4302,0.1229,0.0574,0.0369,0.0369,0.0574,0.3990,0.6195,,0.2205,,67.73,,,126.6,,0.091,
1791426442.730546,0.5695,0.5695,0.3646,0.4998,0.7006,0.5695,0.6350,0.6350,0.4998,0.0205,0.0737,0.1966,0.4302,0.0737,0.0942,0.0574,0.0369,0.3980,0.6230,,0.2250,,67.77,,,127.4,,0.091,
1791426442.7639663,0.6350,0.4302,0.2458,0.4302,0.1557,0.5695,0.1966,0.6350,0.4302,0.1557,0.2458,0.4302,0.2458,0.0737,0.1229,0.0410,0.0574,0.3990,,,,,67.77,,,127.4,,,
1791426442.796127,0.2458,0.8440,0.8030,0.6350,0.5695,0.4998,0.7538,0.6350,0.2991,0.0410,0.1966,0.2458,0.4302,0.1557,0.2991,0.0369,0.0574,,0.6260,,,,67.77,,,126.5,,0.091,
1791426442.8304005,0.6350,0.1966,0.3646,0.3646,0.7006,0.5695,0.4998,0.3646,0.1966,0.0369,0.1966,0.4302,0.3646,0.0369,0.0369,0.0369,0.0369,0.3990,0.6230,,0.2240,,68.15,,,126.8,0.710,0.089,
1791426442.869575,0.6350,0.7538,0.7006,0.4302,0.7538,0.4998,0.5695,0.4998,0.4998,0.0246,0.1229,0.4302,0.4998,0.0942,0.1966,0.0369,0.0574,0.3980,0.6200,,0.2220,,68.22,,,127.2,0.781,0.089,
1791426442.9015386,0.7006,0.2991,0.4998,0.3646,0.6350,0.4998,0.4302,0.4998,0.2991,0.0410,0.0369,0.4302,0.3646,0.1229,0.0205,0.0574,0.0164,0.3980,0.6175,,0.2195,,68.15,,,126.9,0.746,0.089,
1791426442.93235,0.7538,0.5695,0.3646,0.3646,0.5695,0.6350,0.7006,0.4998,0.4998,0.0246,0.0574,0.2458,0.4302,0.0942,0.0574,0.0737,0.0369,0.3980,0.6205,,0.2225,,68.14,,,126.3,,0.089,
1791426442.9632251,0.4302,0.5695,0.8030,0.6350,0.5695,0.5695,0.7538,0.2991,0.2458,0.0574,0.1966,0.2458,0.3646,0.0369,0.0205,0.0410,0.0410,0.3990,0.6195,,0.2205,,68.54,,,127.4,,0.087,
1791426442.9968405,0.4302,0.3646,0.8767,0.5695,0.6350,0.5695,0.2991,0.5695,0.7538,0.1557,0.1229,0.4302,0.0942,0.0574,0.0410,0.0369,0.0410,0.3970,,,,,68.54,,,127.4,,,
1791426443.029759,0.7006,0.8030,0.4998,0.4302,0.6350,0.6350,0.4302,0.4302,0.4998,0.0246,0.0574,0.4302,0.4998,0.0369,0.0410,0.0369,0.0410,0.3980,0.6185,,0.2205,,68.27,,,127.5,0.791,0.088,
1791426443.0636706,0.7538,0.8030,0.3646,0.4998,0.6350,0.4998,0.4998,0.4998,0.5695,0.0574,0.0942,0.2458,0.4998,0.0246,0.0369,0.0410,0.0369,0.3980,0.6185,,0.2205,,68.64,,,126.9,,0.087,
1791426443.0963466,0.1966,0.8030,0.4302,0.3646,0.6350,0.5695,0.3646,0.4998,0.7006,0.0369,0.0737,0.2991,0.3646,0.0410,0.1229,0.0410,0.0410,,0.6160,,,,68.64,,,127.9,,0.087,
1791426443.1298666,0.8030,0.5695,0.7006,0.6350,0.6350,0.5695,0.7538,0.2991,0.7006,0.1229,0.0574,0.3646,0.4302,0.0246,0.0737,0.0246,0.0369,0.3980,0.6195,,0.2215,,69.05,,,125.9,0.726,0.085,
1791426443.170653,0.4998,0.5695,0.2991,0.2991,0.1966,0.6350,0.2991,0.4998,0.1557,0.0737,0.1557,0.3646,0.2991,0.0574,0.0737,0.0369,0.0574,0.3980,,,,,69.05,,,,,,
1791426443.2022102,0.7006,0.4302,0.5695,0.5695,0.2458,0.4302,0.6350,0.6350,0.6350,0.0737,0.0574,0.2991,0.4302,0.0205,0.0737,0.0369,0.0410,0.3980,0.6185,,0.2205,,69.28,,,,,0.084,
1791426443.2327762,0.5695,0.4998,0.6350,0.5695,0.5695,0.6350,0.3646,0.3646,0.5695,0.1557,0.1966,0.2458,0.3646,0.0205,0.1229,0.0369,0.0246,0.3980,0.6200,,0.2220,,69.33,,,,,0.084,
1791426443.2646554,0.8440,0.2991,0.4302,0.2458,0.2458,0.4998,0.8440,0.4998,0.4998,0.0737,0.0737,0.4302,0.3646,0.0369,0.0410,0.0369,0.0246,0.3980,0.6165,,0.2185,,69.66,,,,0.785,0.082,
1791426443.2965896,0.7006,0.4998,0.4998,0.4302,0.2991,0.4998,0.2991,0.4998,0.4998,0.0369,0.0574,0.1557,0.3646,0.0574,0.0737,0.0369,0.0164,0.3980,,,,,69.66,,,,,,
1791426443.3307579,0.3646,0.7538,0.2991,0.5695,0.1966,0.4998,0.2458,0.7538,0.4302,0.0574,0.0574,0.2991,0.4302,0.0205,0.0942,0.0369,0.0369,0.3970,,,,,69.66,,,,,,
1791426443.363401,0.4998,0.7538,0.6350,0.2458,0.5695,0.4998,0.2458,0.6350,0.4302,0.0574,0.1966,0.4302,0.2991,0.0737,0.0737,0.0369,0.0369,0.3980,,,,,69.66,,,,,,
1791426443.3973289,0.4998,0.5695,0.4302,0.6350,0.1966,0.6350,0.4302,0.7006,0.3646,0.0246,0.1966,0.4302,0.4302,0.0205,0.0737,0.0246,0.0410,0.3980,0.6175,,0.2195,,69.29,,,,0.776,0.083,
1791426443.4298315,0.4302,0.7538,0.2991,0.5695,0.7538,0.2991,0.6350,0.5695,0.6350,0.0410,0.1557,0.3646,0.0942,0.0737,0.0737,0.0164,0.0369,0.3980,,,,,69.29,,,,,,
1791426443.4708016,0.5695,0.4998,0.4998,0.2458,0.2458,0.6350,0.7006,0.5695,0.4998,0.1229,0.0369,0.2458,0.4302,0.0246,0.0942,0.0574,0.0369,0.3980,0.6210,,0.2230,,69.55,,,,,0.082,
1791426443.502269,0.7006,0.3646,0.5695,0.2458,0.3646,0.5695,0.3646,0.5695,0.2991,0.0574,0.1966,0.4998,0.4302,0.0246,0.0942,0.0410,0.0410,0.3980,0.6170,,0.2190,,69.41,,,,0.852,0.083,
1791426443.5333998,0.7538,0.7538,0.3646,0.6350,0.7006,0.5695,0.7006,0.5695,0.3646,0.0410,0.1229,0.3646,0.4302,0.1229,0.0574,0.0410,0.0369,0.3980,0.6180,,0.2200,,69.34,,,,0.769,0.083,
1791426443.565578,0.5695,0.4302,0.5695,0.4998,0.7006,0.5695,0.3646,0.4998,0.4302,0.0574,0.2991,0.3646,0.4302,0.0205,0.0737,0.0410,0.0369,0.3980,0.6170,,0.2190,,69.33,,,,0.829,0.083,
1791426443.5971735,0.4302,0.3646,0.5695,0.4998,0.5695,0.5695,0.5695,0.6350,0.5695,0.0410,0.2458,0.3646,0.3646,0.0737,0.0246,0.1229,0.0410,0.3970,0.6190,,0.2220,,69.14,,,,0.769,0.084,
1791426443.62989,0.6350,0.2458,0.4302,0.2991,0.6350,0.6350,0.2458,0.5695,0.4998,0.0942,0.0737,0.4302,0.4302,0.0369,0.0737,0.0369,0.0246,0.3990,,,,,69.14,,,,,,
1791426443.6633613,0.2458,0.1966,0.4998,0.7006,0.5695,0.6350,0.7538,0.4998,0.6350,0.0410,0.0574,0.3646,0.3646,0.0942,0.0942,0.0369,0.0410,,0.6220,,,,69.14,,,,0.754,0.084,
1791426443.697255,0.8030,0.8030,0.6350,0.5695,0.2458,0.6350,0.5695,0.4998,0.2458,0.0574,0.2458,0.1557,0.4302,0.1557,0.1229,0.0369,0.0410,0.3990,0.6145,,0.2155,,68.96,,,,,0.084,
1791426443.7386267,0.6350,0.4302,0.3646,0.4302,0.4998,0.4998,0.4302,0.3646,0.4998,0.0574,0.0574,0.4302,0.3646,0.1557,0.0942,0.0369,0.0246,0.3980,0.6155,,0.2175,,69.08,,,,0.789,0.084,
1791426443.770719,0.3646,0.2991,0.7006,0.3646,0.7006,0.4998,0.4302,0.7006,0.4302,0.0942,0.0410,0.4998,0.3646,0.0737,0.0574,0.0369,0.0369,0.3980,0.6135,,0.2155,,69.13,,,,0.839,0.083,
1791426443.8014195,0.6350,0.7538,0.8030,0.4302,0.6350,0.2458,0.7006,0.4998,0.4302,0.0369,0.1966,0.4302,0.4302,0.0942,0.0737,0.0369,0.0369,0.3980,,,,,69.13,,,,,,
1791426443.832875,0.6350,0.7006,0.4302,0.5695,0.6350,0.4302,0.4998,0.6350,0.6350,0.0737,0.1966,0.1966,0.4302,0.0574,0.0942,0.0369,0.0574,0.3980,0.6160,,0.2180,,68.97,,,,,0.084,
1791426443.8650596,0.4998,0.7538,0.3646,0.5695,0.4998,0.4302,0.7006,0.6350,0.6350,0.1229,0.1557,0.2458,0.4302,0.0942,0.0574,0.0574,0.0205,0.3980,0.6175,,0.2195,,68.81,,,,,0.085,
1791426443.8972332,0.8030,0.8440,0.1966,0.5695,0.6350,0.5695,0.6350,0.5695,0.6350,0.1557,0.0737,0.2458,0.4302,0.0410,0.0942,0.0369,0.0369,0.3980,0.6175,,0.2195,,68.92,,,,,0.084,
1791426443.93106,0.6350,0.7006,0.2991,0.6350,0.2458,0.4998,0.2458,0.6350,0.4302,0.1229,0.0574,0.3646,0.4302,0.0205,0.1966,0.0369,0.0410,0.3990,,,,,68.92,,,,,,
1791426443.9644678,0.7006,0.7006,0.6350,0.4998,0.6350,0.5695,0.5695,0.4998,0.7006,0.1229,0.1966,0.3646,0.4302,0.0574,0.0942,0.0369,0.0369,0.3990,0.6210,,0.2220,,69.01,,,,0.751,0.084,
1791426443.997841,0.6350,0.6350,0.2991,0.4998,0.8030,0.2991,0.5695,0.6350,0.2458,0.1557,0.2458,0.2458,0.4998,0.0164,0.0737,0.0574,0.0410,0.3980,,,,,69.01,,,,,,
1791426444.030327,0.6350,0.4998,0.4998,0.6350,0.1966,0.4998,0.2458,0.6350,0.5695,0.0410,0.2458,0.3646,0.1966,0.0246,0.0574,0.0410,0.0369,0.3990,,,,,69.01,,,,,,
1791426444.0698543,0.4998,0.3646,0.8030,0.4998,0.3646,0.5695,0.7006,0.6350,0.5695,0.0410,0.0942,0.2991,0.3646,0.0574,0.0369,0.0369,0.0123,0.3980,0.6160,,0.2180,,69.17,,,,,0.083,
1791426444.1015823,0.4998,0.5695,0.7006,0.5695,0.7006,0.4998,0.5695,0.5695,0.4998,0.0410,0.0574,0.3646,0.2991,0.0410,0.0737,0.0369,0.0246,0.3980,0.6165,,0.2185,,69.14,,,,,0.083,
1791426444.133245,0.2458,0.7006,0.2991,0.7538,0.4998,0.5695,0.6350,0.5695,0.3646,0.1229,0.0737,0.3646,0.4302,0.0574,0.0737,0.0369,0.0574,,0.6180,,,,69.14,,,,0.710,0.083,
1791426444.1652205,0.8030,0.8030,0.5695,0.7538,0.1966,0.4302,0.2458,0.5695,0.2991,0.0410,0.0574,0.3646,0.3646,0.0942,0.0574,0.0164,0.0164,0.3980,,,,,69.14,,,,,,
1791426444.1981091,0.6350,0.7006,0.2458,0.4998,0.7006,0.3646,0.2991,0.6350,0.4302,0.0574,0.1557,0.3646,0.4998,0.0574,0.1229,0.0410,0.0574,0.3970,,,,,69.14,,,,,,
1791426444.2315166,0.5695,0.7006,0.4302,0.5695,0.6350,0.4998,0.7006,0.4302,0.4998,0.0410,0.0574,0.2991,0.4302,0.0205,0.0942,0.0369,0.0369,0.3980,0.6190,,0.2210,,69.33,,,,,0.083,
1791426444.2651863,0.6350,0.4302,0.8440,0.4302,0.7006,0.5695,0.3646,0.5695,0.4998,0.0737,0.0737,0.2458,0.2991,0.0410,0.0574,0.0369,0.0164,0.3980,0.6170,,0.2190,,69.61,,,,,0.082,
1791426444.2976246,0.7006,0.3646,0.4302,0.4998,0.6350,0.4998,0.2458,0.1966,0.5695,0.0369,0.0574,0.2458,0.2991,0.0410,0.0737,0.0246,0.0410,0.3970,,,,,69.61,,,,,,
1791426444.3369224,0.4998,0.6350,0.2991,0.5695,0.7538,0.2458,0.5695,0.7006,0.3646,0.0410,0.3646,0.1557,0.3646,0.0410,0.0574,0.0574,0.0574,0.3970,,,,,69.61,,,,,,
1791426444.368205,0.4302,0.7006,0.7538,0.3646,0.5695,0.6350,0.4998,0.4998,0.3646,0.0410,0.1966,0.1557,0.4302,0.0369,0.0737,0.0369,0.0410,0.3980,0.6215,,0.2235,,69.12,,,,,0.084,
1791426444.3990412,0.5695,0.6350,0.3646,0.4998,0.7006,0.4302,0.6350,0.4998,0.5695,0.1229,0.1557,0.4302,0.4302,0.0574,0.1229,0.0410,0.0410,0.3980,0.6215,,0.2235,,69.45,,,,0.714,0.083,
1791426444.4307182,0.2991,0.3646,0.7006,0.1966,0.4998,0.6350,0.2991,0.6350,0.4998,0.0737,0.0574,0.2991,0.3646,0.0369,0.0574,0.0574,0.0369,,,,,,69.45,,,,,,
1791426444.4646392,0.7538,0.7006,0.4998,0.4998,0.4302,0.5695,0.2458,0.7006,0.1557,0.0574,0.1966,0.2991,0.3646,0.0369,0.0737,0.0369,0.0246,0.3980,,,,,69.45,,,,,,
1791426444.4982908,0.7538,0.4302,0.4998,0.7006,0.1966,0.4998,0.2458,0.5695,0.4998,0.0410,0.2991,0.1966,0.3646,0.0410,0.0574,0.0410,0.0410,0.3980,,,,,69.45,,,,,,
1791426444.5304842,0.7538,0.7006,0.6350,0.4998,0.2458,0.5695,0.1966,0.4998,0.4998,0.0574,0.0737,0.2991,0.1229,0.0205,0.0369,0.0369,0.0369,0.3970,,,,,69.45,,,,,,
1791426444.5655165,0.5695,0.4998,0.3646,0.1557,0.2991,0.4998,0.3646,0.6350,0.5695,0.1557,0.2991,0.3646,0.4998,0.0737,0.1229,0.0369,0.0574,0.3970,0.6160,,0.2190,,69.69,,,,0.802,0.082,
1791426444.6039836,0.4998,0.7538,0.4302,0.7006,0.5695,0.5695,0.6350,0.7538,0.3646,0.0369,0.0369,0.3646,0.4302,0.0410,0.1229,0.0246,0.0246,0.4010,0.6220,,0.2210,,69.71,,,,0.730,0.082,
1791426444.6369798,0.5695,0.2458,0.6350,0.5695,0.6350,0.7006,0.2458,0.7538,0.7006,0.0737,0.0942,0.4302,0.3646,0.0574,0.0574,0.0574,0.0410,0.3980,,,,,69.71,,,,,,
1791426444.6677847,0.5695,0.7538,0.5695,0.4302,0.6350,0.5695,0.6350,0.7538,0.6350,0.0410,0.2458,0.2991,0.4302,0.0574,0.0737,0.0737,0.0574,0.3980,0.6180,,0.2200,,69.57,,,,,0.082,
1791426444.698215,0.4302,0.5695,0.4998,0.6350,0.7538,0.5695,0.2991,0.4998,0.2991,0.0574,0.1966,0.4302,0.2991,0.0369,0.0737,0.0737,0.0410,0.3980,,,,,69.57,,,,,,
1791426444.731278,0.6350,0.4998,0.6350,0.4998,0.5695,0.2991,0.5695,0.3646,0.2991,0.0410,0.2458,0.2991,0.1229,0.0246,0.0574,0.0369,0.0369,0.3980,,,,,69.57,,,,,,
1791426444.7648385,0.6350,0.7538,0.8440,0.4998,0.4302,0.1966,0.5695,0.5695,0.3646,0.0410,0.0574,0.2458,0.4998,0.0737,0.0410,0.0410,0.0123,0.3990,,,,,69.57,,,,,,
1791426444.7976525,0.3646,0.3646,0.4998,0.6350,0.6350,0.5695,0.5695,0.3646,0.4998,0.0574,0.2991,0.4998,0.3646,0.0410,0.0737,0.0410,0.0574,0.3980,0.6225,,0.2245,,69.76,,,,0.803,0.082,
1791426444.8321288,0.5695,0.4302,0.4302,0.5695,0.4998,0.5695,0.7006,0.4998,0.4998,0.0369,0.0574,0.1557,0.4302,0.0369,0.0574,0.0246,0.0246,0.3980,0.6130,,0.2150,,69.59,,,,,0.082,
1791426444.872246,0.5695,0.7538,0.3646,0.4998,0.6350,0.4998,0.6350,0.4998,0.5695,0.0737,0.1557,0.3646,0.3646,0.0574,0.0574,0.0369,0.0369,0.3980,0.6155,,0.2175,,70.18,,,,0.789,0.079,
1791426444.904115,0.3646,0.2458,0.4998,0.5695,0.7006,0.4998,0.6350,0.4998,0.4998,0.0410,0.1966,0.2458,0.4302,0.0574,0.0574,0.0574,0.0164,0.4020,0.6200,,0.2180,,70.30,,,,,0.079,
1791426444.93608,0.8030,0.2458,0.3646,0.7538,0.7006,0.5695,0.2991,0.3646,0.4998,0.0737,0.1557,0.1229,0.4998,0.0246,0.0574,0.0246,0.0410,0.3980,,,,,70.30,,,,,,
1791426444.9677663,0.5695,0.2991,0.1966,0.5695,0.6350,0.5695,0.4998,0.6350,0.4998,0.0410,0.1966,0.1966,0.0942,0.0246,0.0737,0.0574,0.0410,0.3970,0.6165,,0.2195,,70.58,,,,,0.077,
1791426444.9984314,0.7006,0.6350,0.1966,0.4998,0.7006,0.4998,0.5695,0.3646,0.4998,0.0410,0.0942,0.2991,0.4302,0.0369,0.0942,0.0942,0.0574,0.3980,0.6150,,0.2170,,70.19,,,,,0.079,
1791426445.0314837,0.5695,0.8030,0.4998,0.7006,0.6350,0.4302,0.1966,0.4302,0.4998,0.0574,0.0369,0.2458,0.4302,0.0410,0.0737,0.0246,0.0574,0.3970,,,,,70.19,,,,,,
1791426445.0655794,0.2991,0.2458,0.1966,0.7006,0.6350,0.4998,0.5695,0.5695,0.7006,0.0574,0.1557,0.2458,0.4998,0.0737,0.0574,0.0574,0.0369,,0.5950,,,,70.19,,,,,0.079,
1791426445.0989943,0.2991,0.4302,0.2458,0.6350,0.6350,0.4998,0.5695,0.4998,0.4998,0.0205,0.2458,0.2991,0.4302,0.0205,0.0369,0.0246,0.0205,,0.6190,,,,70.19,,,,,0.079,
1791426445.131884,0.4302,0.6350,0.6350,0.4302,0.6350,0.3646,0.5695,0.2991,0.5695,0.0410,0.1229,0.1966,0.1229,0.0164,0.0205,0.0246,0.0205,0.3980,0.6200,,0.2220,,70.21,,,,,0.079,
