timestamp,nose_score,left_eye_score,right_eye_score,left_ear_score,right_ear_score,left_shoulder_score,right_shoulder_score,left_elbow_score,right_elbow_score,left_wrist_score,right_wrist_score,left_hip_score,right_hip_score,left_knee_score,right_knee_score,left_ankle_score,right_ankle_score,head_depth_m,chest_depth_m,hip_depth_m,neck_forward_offset_m,torso_recline_offset_m,head_forward_deg,torso_pitch_deg,elbow_left_deg,elbow_right_deg,torso_len_sw,head_up_m,wrist_face_sw
1791426087.0698678,0.6350,0.5695,0.6350,0.4998,0.4302,0.4998,0.7006,0.4998,0.7006,0.1229,0.2458,0.1966,0.4302,0.0942,0.0205,0.0410,0.0246,0.4410,0.6570,,0.2160,,60.32,,155.6,165.7,,0.125,
1791426087.102373,0.4302,0.5695,0.6350,0.4998,0.4998,0.6350,0.7538,0.7006,0.5695,0.1557,0.4998,0.4998,0.4998,0.0737,0.0410,0.1229,0.0164,0.4370,0.6570,,0.2200,,60.16,,155.7,165.2,0.857,0.126,1.517
1791426087.1363144,0.6350,0.5695,0.8030,0.6350,0.5695,0.7006,0.6350,0.5695,0.5695,0.3646,0.4302,0.4998,0.4998,0.0737,0.0410,0.0737,0.0369,0.4380,0.6600,,0.2220,,60.72,,155.4,164.1,0.818,0.123,1.403
1791426087.1761808,0.6350,0.7538,0.4998,0.6350,0.4998,0.5695,0.8440,0.6350,0.5695,0.2991,0.1966,0.4998,0.4998,0.1557,0.0246,0.0574,0.0369,0.4380,0.6565,,0.2185,,60.96,,155.0,165.1,0.898,0.122,
1791426087.20854,0.4998,0.5695,0.6350,0.7006,0.4998,0.7006,0.7006,0.6350,0.8440,0.1966,0.4302,0.5695,0.4302,0.0737,0.0574,0.0942,0.0574,0.4370,0.6555,,0.2185,,61.15,,154.4,165.5,0.845,0.121,1.497
1791426087.2391243,0.5695,0.6350,0.7538,0.6350,0.6350,0.7006,0.7006,0.7006,0.6350,0.2991,0.2458,0.4998,0.4302,0.0574,0.0574,0.0574,0.0737,0.4370,0.6570,,0.2200,,60.87,,154.2,165.0,0.855,0.122,
1791426087.271332,0.7006,0.6350,0.5695,0.6350,0.8030,0.7006,0.8440,0.7006,0.5695,0.2458,0.1229,0.4302,0.4302,0.0410,0.0246,0.0410,0.0369,0.4360,0.6545,,0.2185,,60.66,,154.7,164.5,0.875,0.123,
1791426087.3024158,0.4998,0.7006,0.7538,0.6350,0.7006,0.7538,0.8030,0.7006,0.5695,0.1966,0.2458,0.4998,0.4302,0.0942,0.0205,0.0410,0.0205,0.4370,0.6580,,0.2210,,60.50,,155.4,164.9,0.882,0.124,
1791426087.335882,0.2991,0.4302,0.7006,0.6350,0.4998,0.7006,0.8030,0.7006,0.7006,0.3646,0.1557,0.5695,0.4302,0.0942,0.0369,0.0369,0.0410,,0.6570,,,,60.50,,155.2,164.1,0.906,0.124,
1791426087.370188,0.5695,0.5695,0.6350,0.5695,0.4998,0.7006,0.7006,0.5695,0.5695,0.1557,0.2991,0.4302,0.3646,0.0942,0.0574,0.0369,0.0410,0.4370,0.6605,,0.2235,,60.59,,154.2,163.9,0.802,0.124,
1791426087.403244,0.5695,0.6350,0.7006,0.4998,0.5695,0.7538,0.7006,0.5695,0.5695,0.1966,0.1229,0.4302,0.4302,0.0737,0.0205,0.0246,0.0369,0.4380,0.6575,,0.2195,,60.69,,154.3,163.1,0.876,0.124,
1791426087.436966,0.4998,0.5695,0.6350,0.7006,0.6350,0.7006,0.7538,0.5695,0.7006,0.0942,0.4302,0.5695,0.4998,0.0246,0.0369,0.0164,0.0123,0.4370,0.6575,,0.2205,,61.18,,154.4,163.8,0.829,0.121,1.463
1791426087.4768586,0.4302,0.7538,0.8030,0.5695,0.7006,0.5695,0.5695,0.7006,0.7006,0.4998,0.2458,0.3646,0.2458,0.0942,0.0205,0.0205,0.0164,0.4360,0.6565,,0.2205,,61.11,,154.8,164.2,,0.122,1.463
1791426087.509233,0.4998,0.2991,0.5695,0.5695,0.6350,0.6350,0.8030,0.4998,0.8030,0.2458,0.5695,0.4302,0.4998,0.0410,0.0369,0.0574,0.0369,0.4380,0.6555,,0.2175,,60.77,,155.4,164.2,0.900,0.123,1.577
1791426087.5399466,0.5695,0.6350,0.7006,0.5695,0.7006,0.8440,0.7538,0.7006,0.6350,0.1557,0.4302,0.3646,0.3646,0.0369,0.0246,0.0369,0.0369,0.4370,0.6560,,0.2190,,60.74,,155.1,164.3,0.857,0.123,1.517
1791426087.5718198,0.6350,0.4302,0.6350,0.6350,0.7006,0.6350,0.8767,0.6350,0.6350,0.2991,0.5695,0.4302,0.3646,0.0942,0.0410,0.0574,0.0369,0.4370,0.6560,,0.2190,,60.50,,154.8,165.4,0.891,0.124,1.584
1791426087.604149,0.4998,0.7538,0.7538,0.4998,0.6350,0.7006,0.8440,0.7538,0.8030,0.2991,0.3646,0.4302,0.2458,0.0410,0.0369,0.0574,0.0369,0.4370,0.6575,,0.2205,,60.83,,154.9,165.1,,0.123,1.495
1791426087.6370192,0.4998,0.4302,0.5695,0.4998,0.5695,0.7006,0.8440,0.8030,0.7006,0.1229,0.3646,0.3646,0.4302,0.0942,0.0164,0.0410,0.0574,0.4360,0.6570,,0.2210,,60.68,,154.8,164.7,0.901,0.124,1.612
1791426087.6700604,0.3646,0.7006,0.8030,0.4998,0.6350,0.7538,0.7538,0.5695,0.4302,0.2991,0.4302,0.4998,0.4302,0.0574,0.0574,0.0410,0.0369,0.4370,0.6570,,0.2200,,60.06,,154.9,164.4,0.932,0.127,1.617
1791426087.7031138,0.4998,0.5695,0.8767,0.5695,0.4998,0.7006,0.7538,0.7006,0.6350,0.1557,0.4302,0.4998,0.3646,0.0246,0.0410,0.0410,0.0246,0.4370,0.6585,,0.2215,,60.24,,154.7,164.5,0.800,0.126,1.504
1791426087.736825,0.5695,0.8440,0.6350,0.4998,0.6350,0.6350,0.8030,0.7538,0.6350,0.0737,0.4998,0.2458,0.2458,0.0246,0.0410,0.0410,0.0369,0.4370,0.6580,,0.2210,,60.76,,154.6,164.9,,0.123,1.492
1791426087.7704735,0.4998,0.5695,0.7006,0.5695,0.4998,0.7538,0.8440,0.5695,0.2991,0.3646,0.2458,0.3646,0.4998,0.0246,0.0369,0.0410,0.0369,0.4370,0.6570,,0.2200,,60.76,,154.5,164.6,0.873,0.123,1.457
1791426087.8094366,0.4998,0.7006,0.5695,0.4302,0.4302,0.5695,0.7538,0.4998,0.4998,0.4302,0.2458,0.4302,0.4302,0.1557,0.0205,0.0369,0.0246,0.4370,0.6560,,0.2190,,60.58,,154.8,164.1,0.918,0.124,1.593
1791426087.8406816,0.4998,0.4302,0.8767,0.6350,0.5695,0.7538,0.5695,0.6350,0.7006,0.1557,0.1966,0.4998,0.4998,0.0737,0.0574,0.0410,0.0410,0.4370,0.6580,,0.2210,,60.45,,155.2,163.6,0.877,0.125,
1791426087.8726432,0.5695,0.5695,0.6350,0.4998,0.2458,0.7538,0.6350,0.6350,0.6350,0.1966,0.1966,0.2991,0.3646,0.0369,0.0410,0.0410,0.0164,0.4370,0.6535,,0.2165,,60.49,,155.2,164.0,,0.124,
1791426087.9041457,0.4302,0.4998,0.7006,0.4302,0.4998,0.7538,0.7538,0.4998,0.6350,0.4302,0.4302,0.4302,0.4998,0.0574,0.0410,0.0410,0.0123,0.4370,0.6555,,0.2185,,60.85,,155.0,164.6,0.877,0.122,1.479
1791426087.9369838,0.7006,0.6350,0.7006,0.5695,0.5695,0.6350,0.8440,0.7006,0.6350,0.2991,0.2991,0.3646,0.3646,0.0410,0.0246,0.0246,0.0737,0.4360,0.6570,,0.2210,,61.26,,155.1,164.2,0.843,0.120,
1791426087.9706604,0.4998,0.4998,0.7538,0.5695,0.5695,0.6350,0.7538,0.7006,0.7006,0.1966,0.1229,0.4998,0.4302,0.0737,0.0410,0.0410,0.0410,0.4370,0.6565,,0.2195,,61.05,,154.9,164.0,0.915,0.121,
1791426088.0032148,0.8030,0.5695,0.6350,0.6350,0.4302,0.6350,0.6350,0.7006,0.8440,0.2991,0.4302,0.5695,0.3646,0.0205,0.0369,0.0574,0.0205,0.4360,0.6525,,0.2165,,60.69,,155.8,163.8,0.897,0.123,1.621
1791426088.0373774,0.5695,0.6350,0.5695,0.6350,0.5695,0.6350,0.8030,0.5695,0.6350,0.3646,0.2991,0.4302,0.4302,0.0410,0.0246,0.0410,0.0369,0.4360,0.6560,,0.2200,,61.23,,155.2,163.2,0.828,0.120,1.427
1791426088.0702126,0.4998,0.5695,0.7538,0.5695,0.6350,0.7006,0.8030,0.6350,0.7006,0.2991,0.1557,0.4998,0.4998,0.0369,0.0246,0.0410,0.0369,0.4370,0.6560,,0.2190,,61.06,,155.7,162.6,0.885,0.121,
1791426088.1111913,0.5695,0.4302,0.8440,0.4998,0.7538,0.7006,0.7538,0.6350,0.6350,0.4302,0.1557,0.4998,0.4998,0.0205,0.0574,0.0574,0.0410,0.4370,0.6565,,0.2195,,60.93,,155.5,163.1,0.890,0.122,1.478
1791426088.1425586,0.5695,0.7006,0.6350,0.7538,0.7538,0.6350,0.6350,0.6350,0.7006,0.2991,0.2991,0.5695,0.4302,0.0574,0.0369,0.0737,0.0246,0.4390,0.6545,,0.2155,,60.70,,155.9,164.4,0.936,0.123,
1791426088.174453,0.5695,0.5695,0.8440,0.5695,0.7538,0.7006,0.8030,0.5695,0.7006,0.3646,0.0942,0.3646,0.4302,0.0942,0.0205,0.0369,0.0246,0.4400,0.6575,,0.2175,,61.06,,155.5,163.7,0.848,0.121,1.455
1791426088.2064476,0.5695,0.4998,0.8767,0.5695,0.5695,0.2991,0.7006,0.5695,0.6350,0.2458,0.2458,0.4998,0.4302,0.0942,0.0369,0.0410,0.0410,0.4360,,,,,61.06,,155.5,163.7,,,
1791426088.2381563,0.4302,0.4998,0.4998,0.6350,0.4998,0.6350,0.6350,0.5695,0.7006,0.2458,0.1557,0.2458,0.2991,0.0246,0.0369,0.0369,0.0123,0.4370,0.6570,,0.2200,,61.47,,155.3,163.9,,0.119,
1791426088.271222,0.4998,0.4998,0.6350,0.5695,0.7006,0.7006,0.7538,0.6350,0.7006,0.3646,0.4302,0.3646,0.4302,0.0737,0.0205,0.0574,0.0369,0.4370,0.6575,,0.2205,,61.54,,155.6,165.0,0.886,0.119,1.449
1791426088.30346,0.4302,0.4302,0.7538,0.4302,0.4998,0.7006,0.6350,0.5695,0.5695,0.0942,0.2991,0.4302,0.3646,0.0369,0.0164,0.0123,0.0246,0.4390,0.6565,,0.2175,,61.02,,154.9,166.1,0.907,0.121,
1791426088.3375628,0.3646,0.3646,0.5695,0.5695,0.7006,0.6350,0.6350,0.6350,0.5695,0.4302,0.4302,0.4998,0.3646,0.0205,0.0246,0.0369,0.0369,0.4370,0.6575,,0.2205,,61.04,,154.9,165.1,0.891,0.121,1.507
1791426088.3714828,0.6350,0.5695,0.5695,0.4998,0.4998,0.7006,0.7006,0.7538,0.7538,0.2458,0.3646,0.4302,0.4998,0.1229,0.0246,0.0369,0.0574,0.4360,0.6565,,0.2205,,61.26,,154.2,164.8,0.893,0.120,1.532
1791426088.4114122,0.5695,0.6350,0.7006,0.6350,0.3646,0.4998,0.7538,0.4998,0.7006,0.2991,0.1966,0.3646,0.3646,0.0574,0.0369,0.0410,0.0246,0.4370,0.6570,,0.2200,,61.43,,154.7,165.6,0.866,0.120,
1791426088.4414685,0.4998,0.7006,0.4998,0.4998,0.6350,0.7006,0.7538,0.3646,0.6350,0.2458,0.2991,0.5695,0.4302,0.0410,0.0164,0.0410,0.0369,0.4360,0.6570,,0.2210,,61.43,,155.5,165.9,0.977,0.120,
1791426088.473853,0.6350,0.4998,0.7006,0.4302,0.5695,0.7006,0.6350,0.4998,0.5695,0.4998,0.0942,0.3646,0.3646,0.0369,0.0369,0.0737,0.0574,0.4360,0.6570,,0.2210,,61.25,,155.5,164.3,0.887,0.121,1.501
1791426088.5046914,0.7006,0.7538,0.5695,0.6350,0.6350,0.6350,0.8440,0.5695,0.4998,0.1229,0.4302,0.4998,0.3646,0.1229,0.0205,0.0410,0.0246,0.4370,0.6570,,0.2200,,60.90,,155.2,164.5,0.934,0.122,1.637
1791426088.538029,0.4998,0.8030,0.5695,0.5695,0.6350,0.7538,0.7538,0.7006,0.6350,0.1557,0.4998,0.4998,0.4302,0.0737,0.0164,0.0369,0.0369,0.4370,0.6540,,0.2170,,61.66,,155.2,165.2,0.884,0.118,1.458
1791426088.571585,0.4302,0.5695,0.5695,0.7006,0.6350,0.5695,0.8030,0.7538,0.7006,0.1966,0.4302,0.4302,0.4302,0.1229,0.0369,0.0410,0.0410,0.4370,0.6565,,0.2195,,61.67,,155.6,165.0,0.831,0.118,1.510
1791426088.6055367,0.4998,0.7006,0.7538,0.5695,0.6350,0.7006,0.6350,0.6350,0.5695,0.1966,0.4302,0.3646,0.3646,0.0942,0.0246,0.0574,0.0369,0.4370,0.6560,,0.2190,,61.87,,155.4,165.2,0.849,0.117,1.489
1791426088.6380346,0.4998,0.6350,0.4998,0.5695,0.4998,0.5695,0.7006,0.4998,0.7006,0.2991,0.3646,0.4302,0.3646,0.0410,0.0205,0.0410,0.0574,0.4370,0.6580,,0.2210,,62.27,,154.5,165.3,0.816,0.115,1.456
1791426088.671677,0.4302,0.8440,0.6350,0.6350,0.4302,0.7538,0.6350,0.6350,0.8440,0.1557,0.3646,0.4998,0.4302,0.0574,0.0164,0.0123,0.0246,0.4400,0.6555,,0.2155,,62.42,,155.1,164.8,0.965,0.114,1.535
1791426088.7041924,0.8030,0.7538,0.8030,0.7006,0.6350,0.6350,0.7006,0.6350,0.6350,0.2991,0.4302,0.5695,0.4302,0.0574,0.0246,0.0410,0.0164,0.4370,0.6565,,0.2195,,62.19,,155.0,164.5,0.902,0.116,1.580
1791426088.7446046,0.6350,0.6350,0.7538,0.5695,0.8030,0.8030,0.7538,0.7006,0.6350,0.1229,0.4302,0.5695,0.5695,0.0737,0.0205,0.0574,0.0574,0.4360,0.6540,0.6950,0.2180,0.0410,62.61,6.27,154.8,163.7,0.890,0.113,1.501
1791426088.7756696,0.7538,0.4998,0.4998,0.4998,0.4302,0.7006,0.7006,0.5695,0.4998,0.3646,0.3646,0.3646,0.2458,0.0942,0.0369,0.0574,0.0246,0.4370,0.6535,,0.2165,,62.57,6.36,154.8,164.1,,0.113,1.463
1791426088.8078763,0.4302,0.6350,0.7006,0.6350,0.5695,0.7538,0.7538,0.5695,0.7006,0.2991,0.1557,0.4998,0.4302,0.0574,0.0123,0.0410,0.0205,0.4370,0.6545,,0.2175,,62.35,6.42,155.4,163.5,0.866,0.114,
1791426088.838892,0.6350,0.3646,0.6350,0.7006,0.7006,0.7006,0.7538,0.4998,0.7006,0.1557,0.2991,0.4998,0.4302,0.0737,0.0410,0.0246,0.0369,0.4360,0.6595,,0.2235,,62.58,6.38,154.6,163.4,0.816,0.114,
1791426088.8719091,0.6350,0.6350,0.8767,0.6350,0.7538,0.6350,0.6350,0.5695,0.6350,0.2991,0.4302,0.5695,0.4998,0.0410,0.0369,0.0574,0.0369,0.4370,0.6575,,0.2205,,61.94,6.38,155.0,163.5,0.837,0.117,1.517
1791426088.9048827,0.5695,0.5695,0.7006,0.6350,0.5695,0.5695,0.8767,0.4998,0.7538,0.3646,0.2991,0.3646,0.4998,0.0942,0.0410,0.0205,0.0369,0.4370,0.6575,,0.2205,,61.71,6.34,154.9,163.7,0.870,0.118,1.507
1791426088.9376225,0.6350,0.7006,0.5695,0.7006,0.8030,0.5695,0.7006,0.6350,0.7006,0.1966,0.3646,0.4998,0.4302,0.0205,0.0164,0.0410,0.0410,0.4360,0.6570,,0.2210,,61.44,6.22,155.0,163.5,0.937,0.120,1.618
1791426088.9713426,0.7006,0.5695,0.4998,0.7006,0.7006,0.6350,0.8030,0.5695,0.4302,0.3646,0.4302,0.4998,0.2458,0.0205,0.0205,0.0246,0.0164,0.4370,0.6565,,0.2195,,61.70,6.18,155.2,163.2,,0.118,1.493
1791426089.0049505,0.5695,0.7006,0.6350,0.7006,0.6350,0.7006,0.7006,0.7006,0.7006,0.0942,0.1966,0.1966,0.3646,0.0737,0.0246,0.0369,0.0369,0.4400,0.6600,,0.2200,,61.78,6.16,155.0,164.0,,0.118,
1791426089.044666,0.4998,0.3646,0.4998,0.5695,0.4998,0.8030,0.7538,0.7006,0.5695,0.4302,0.4302,0.4998,0.3646,0.1229,0.0574,0.0574,0.0205,0.4370,0.6565,,0.2195,,61.90,6.18,154.9,164.2,0.874,0.117,1.442
1791426089.0776584,0.6350,0.7006,0.8440,0.6350,0.8030,0.8440,0.7006,0.7006,0.7006,0.1557,0.2991,0.4302,0.4998,0.0574,0.0246,0.0369,0.0410,0.4360,0.6570,,0.2210,,62.16,6.18,154.6,164.1,0.878,0.116,
1791426089.1085289,0.4998,0.4998,0.4998,0.6350,0.5695,0.7006,0.8030,0.6350,0.6350,0.3646,0.3646,0.4302,0.4998,0.0574,0.0205,0.0574,0.0369,0.4360,0.6570,,0.2210,,62.10,6.10,154.9,164.5,0.939,0.117,1.523
1791426089.140521,0.6350,0.7006,0.7006,0.4998,0.4302,0.7538,0.8030,0.7006,0.6350,0.0942,0.2458,0.5695,0.4998,0.0369,0.0123,0.0369,0.0410,0.4380,0.6570,,0.2190,,62.21,6.11,153.9,164.8,0.881,0.116,
1791426089.1716726,0.5695,0.8030,0.7538,0.6350,0.4302,0.7538,0.6350,0.5695,0.7538,0.2458,0.2458,0.3646,0.3646,0.0369,0.0369,0.0574,0.0369,0.4360,0.6565,,0.2205,,62.13,6.16,154.3,164.1,0.862,0.116,
1791426089.2050369,0.7538,0.7538,0.8030,0.5695,0.6350,0.7006,0.6350,0.6350,0.5695,0.1557,0.2458,0.4302,0.4302,0.0574,0.0164,0.0369,0.0123,0.4400,0.6540,,0.2140,,61.46,6.14,154.6,163.4,0.967,0.119,
1791426089.2383795,0.4998,0.6350,0.6350,0.5695,0.5695,0.7006,0.5695,0.6350,0.5695,0.2991,0.4302,0.4998,0.4302,0.0737,0.0205,0.0369,0.0410,0.4360,0.6560,,0.2200,,61.37,6.07,154.7,163.2,0.955,0.120,1.646
1791426089.2714205,0.7538,0.8767,0.6350,0.4998,0.7006,0.7006,0.7538,0.4998,0.7006,0.0737,0.2458,0.4302,0.2991,0.0737,0.0410,0.0737,0.0123,0.4360,0.6570,,0.2210,,61.73,,154.3,163.5,,0.118,
1791426089.3060007,0.6350,0.8767,0.8030,0.6350,0.5695,0.6350,0.7538,0.5695,0.3646,0.1966,0.2991,0.2991,0.3646,0.0246,0.0205,0.0410,0.0205,0.4360,0.6560,,0.2200,,62.15,,154.3,163.7,,0.116,
1791426089.346552,0.4998,0.8767,0.8440,0.5695,0.5695,0.7538,0.6350,0.7006,0.6350,0.2991,0.2991,0.4998,0.4302,0.1229,0.0246,0.0410,0.0369,0.4360,0.6565,,0.2205,,62.68,,154.3,163.2,0.849,0.114,
1791426089.3783264,0.6350,0.8767,0.8030,0.4998,0.8030,0.7538,0.7538,0.6350,0.8030,0.3646,0.2458,0.2991,0.4998,0.0205,0.0205,0.0942,0.0410,0.4360,0.6570,,0.2210,,62.92,,154.8,163.4,,0.112,1.429
1791426089.4094238,0.4998,0.8767,0.8030,0.6350,0.3646,0.7538,0.8440,0.6350,0.7006,0.1557,0.2991,0.4998,0.4302,0.1229,0.0246,0.0574,0.0410,0.4360,0.6575,,0.2215,,62.72,,154.2,162.9,0.866,0.114,
1791426089.4400973,0.6350,0.7006,0.8030,0.7538,0.7006,0.5695,0.5695,0.7006,0.4302,0.1557,0.4302,0.1966,0.4302,0.0246,0.0369,0.0574,0.0369,0.4360,0.6590,,0.2230,,62.22,,154.3,164.2,,0.116,1.604
1791426089.4718978,0.4998,0.8030,0.7538,0.5695,0.7006,0.7538,0.8767,0.6350,0.7006,0.1229,0.1966,0.4998,0.4998,0.0737,0.0410,0.0574,0.0164,0.4360,0.6605,,0.2245,,62.36,,154.4,164.4,0.814,0.116,
1791426089.506375,0.6350,0.8440,0.7006,0.6350,0.4302,0.7538,0.7006,0.7538,0.8030,0.2458,0.0942,0.5695,0.4998,0.0737,0.0205,0.0410,0.0164,0.4360,0.6560,,0.2200,,62.51,,153.9,164.2,0.899,0.115,
1791426089.5392015,0.5695,0.9054,0.8030,0.6350,0.5695,0.6350,0.7006,0.7006,0.4302,0.1229,0.2458,0.2991,0.4302,0.0737,0.0369,0.0737,0.0123,0.4350,0.6570,,0.2220,,62.61,,154.1,164.5,,0.115,
1791426089.573039,0.4302,0.8440,0.9054,0.6350,0.4302,0.5695,0.8030,0.6350,0.3646,0.2458,0.2991,0.4998,0.5695,0.0246,0.0369,0.0737,0.0369,0.4360,0.6585,,0.2225,,62.89,,154.3,164.7,0.828,0.113,
1791426089.6141465,0.4998,0.8767,0.7538,0.4998,0.7538,0.7538,0.4998,0.5695,0.7538,0.2458,0.1966,0.2458,0.3646,0.0410,0.0123,0.0410,0.0369,0.4360,0.6560,,0.2200,,62.73,,154.9,165.2,,0.114,
1791426089.6446562,0.4998,0.7538,0.7538,0.5695,0.4302,0.7006,0.7538,0.7538,0.5695,0.1966,0.4302,0.2991,0.2458,0.0942,0.0205,0.0369,0.0205,0.4360,0.6565,,0.2205,,62.68,,155.0,165.1,,0.114,1.569
1791426089.676875,0.5695,0.8767,0.8030,0.5695,0.8440,0.7538,0.6350,0.7006,0.7006,0.4998,0.5695,0.2991,0.2991,0.0942,0.0246,0.0574,0.0369,0.4360,0.6575,,0.2215,,62.30,,155.8,165.7,,0.116,1.532
1791426089.7075307,0.6350,0.7538,0.8030,0.7538,0.4302,0.6350,0.8030,0.4998,0.5695,0.2991,0.2458,0.4302,0.4302,0.0246,0.0369,0.0574,0.0369,0.4400,0.6580,,0.2180,,62.35,,156.2,164.7,0.809,0.116,
1791426089.738894,0.4302,0.7538,0.8030,0.5695,0.7006,0.5695,0.7538,0.7538,0.6350,0.3646,0.2991,0.4998,0.4302,0.0369,0.0246,0.0369,0.0369,0.4360,0.6580,,0.2220,,62.68,,156.2,164.4,0.899,0.114,1.464
1791426089.772613,0.5695,0.7538,0.8030,0.5695,0.6350,0.5695,0.7538,0.6350,0.5695,0.0942,0.2991,0.4302,0.3646,0.0574,0.0246,0.0574,0.0369,0.4360,0.6560,,0.2200,,62.84,,156.4,164.1,0.904,0.113,
1791426089.8058045,0.5695,0.7538,0.6350,0.6350,0.7538,0.7006,0.8030,0.4998,0.5695,0.1966,0.2991,0.4998,0.4302,0.0369,0.0246,0.0369,0.0410,0.4350,0.6570,,0.2220,,62.74,,156.0,164.6,0.852,0.114,
1791426089.839555,0.7006,0.8440,0.9423,0.6350,0.4998,0.7006,0.5695,0.6350,0.6350,0.3646,0.3646,0.4302,0.4302,0.0410,0.0246,0.0737,0.0410,0.4360,0.6555,,0.2195,,62.59,,155.4,165.1,0.931,0.114,1.531
1791426089.8729966,0.4998,0.7538,0.6350,0.4998,0.7006,0.6350,0.5695,0.8030,0.7006,0.2458,0.1557,0.4998,0.3646,0.0942,0.0246,0.0369,0.0410,0.4410,0.6565,,0.2155,,62.11,,155.9,164.3,0.845,0.116,
1791426089.9132388,0.7006,0.8030,0.4302,0.7006,0.4998,0.7006,0.7006,0.4998,0.7538,0.1966,0.4302,0.4302,0.4998,0.0737,0.0246,0.0369,0.0410,0.4390,0.6565,,0.2175,,62.32,,155.7,164.1,0.853,0.115,1.423
1791426089.9449677,0.4998,0.8767,0.7006,0.6350,0.6350,0.6350,0.8440,0.5695,0.4998,0.2458,0.1229,0.4302,0.4302,0.1557,0.0369,0.0410,0.0369,0.4360,0.6550,,0.2190,,62.32,,155.9,163.3,0.888,0.115,
1791426089.9770434,0.6350,0.8767,0.6350,0.4998,0.5695,0.8030,0.7006,0.8440,0.5695,0.2991,0.2458,0.5695,0.4998,0.0369,0.0164,0.0369,0.0369,0.4360,0.6580,,0.2220,,62.24,,155.9,164.1,0.976,0.116,
1791426090.008424,0.7538,0.8030,0.7538,0.4302,0.5695,0.7006,0.7006,0.7006,0.7006,0.2458,0.4302,0.4302,0.4302,0.0369,0.0123,0.0410,0.0164,0.4360,0.6580,,0.2220,,62.67,,155.8,164.2,0.902,0.114,1.486
1791426090.0397708,0.5695,0.8440,0.7538,0.4998,0.7538,0.7006,0.7006,0.7538,0.4998,0.3646,0.1557,0.4998,0.3646,0.0942,0.0246,0.0410,0.0369,0.4360,0.6580,,0.2220,,62.66,,155.5,164.3,0.879,0.114,1.478
1791426090.0730517,0.7538,0.7538,0.8440,0.4998,0.6350,0.7538,0.6350,0.4998,0.5695,0.1229,0.3646,0.4302,0.4302,0.0410,0.0205,0.0369,0.0369,0.4360,0.6570,,0.2210,,62.51,,153.9,164.4,0.864,0.115,1.501
1791426090.1068192,0.4998,0.8030,0.7538,0.4998,0.5695,0.7538,0.7006,0.7538,0.6350,0.0942,0.0737,0.4998,0.3646,0.0369,0.0246,0.0123,0.0369,0.4360,0.6560,,0.2200,,62.49,,154.3,163.7,0.865,0.115,
1791426090.1401038,0.6350,0.7006,0.8440,0.4998,0.5695,0.7006,0.7006,0.6350,0.6350,0.1229,0.4998,0.4302,0.4998,0.0737,0.0369,0.0369,0.0369,0.4350,0.6575,,0.2225,,62.21,,154.5,163.3,0.857,0.116,1.570
1791426090.1734958,0.4302,0.7006,0.7006,0.7538,0.8440,0.7006,0.7538,0.7538,0.6350,0.3646,0.3646,0.4302,0.4998,0.0205,0.0205,0.0369,0.0164,0.4360,0.6570,,0.2210,,62.21,,154.4,163.0,0.874,0.116,1.449
1791426090.2083647,0.6350,0.7538,0.8440,0.5695,0.5695,0.5695,0.7538,0.6350,0.7006,0.4302,0.2991,0.4998,0.3646,0.0574,0.0369,0.0369,0.0410,0.4360,0.6575,,0.2215,,62.48,,154.3,162.9,0.813,0.115,1.367
1791426090.2466507,0.4302,0.8030,0.8030,0.7006,0.7006,0.7006,0.7006,0.7006,0.4302,0.2458,0.3646,0.4998,0.4998,0.0737,0.0205,0.0574,0.0410,0.4360,0.6570,,0.2210,,62.69,,154.4,164.2,0.794,0.114,1.329
1791426090.2773442,0.6350,0.8440,0.8030,0.5695,0.6350,0.6350,0.8440,0.7006,0.5695,0.0942,0.4302,0.4998,0.3646,0.0410,0.0246,0.0369,0.0369,0.4360,0.6580,,0.2220,,62.18,,155.3,163.0,0.898,0.117,1.633
1791426090.3104026,0.7538,0.6350,0.9259,0.6350,0.4998,0.7006,0.6350,0.7006,0.4998,0.2991,0.4302,0.2991,0.4302,0.0369,0.0246,0.0369,0.0410,0.4400,0.6555,,0.2155,,62.20,,156.0,163.5,,0.116,1.576
1791426090.3419082,0.5695,0.5695,0.7538,0.7006,0.7006,0.6350,0.7538,0.7538,0.3646,0.2458,0.1557,0.5695,0.2458,0.0369,0.0369,0.0369,0.0574,0.4360,0.6550,,0.2190,,62.36,,155.9,164.2,,0.115,
1791426090.3729782,0.3646,0.7538,0.8030,0.6350,0.8440,0.7006,0.8030,0.7006,0.7006,0.2458,0.2991,0.1966,0.4302,0.0737,0.0246,0.0574,0.0410,0.4360,0.6560,,0.2200,,62.59,,156.1,164.9,,0.114,
1791426090.4058926,0.8440,0.8767,0.6350,0.5695,0.7006,0.4998,0.8767,0.5695,0.6350,0.4302,0.2458,0.4302,0.3646,0.0737,0.0369,0.0410,0.0369,0.4360,0.6575,,0.2215,,62.86,,155.7,163.7,0.793,0.113,1.367
1791426090.44007,0.7006,0.8767,0.8030,0.7006,0.8440,0.7006,0.7538,0.6350,0.6350,0.2458,0.1966,0.2458,0.2991,0.0410,0.0410,0.0164,0.0164,0.4360,0.6565,,0.2205,,63.31,,155.6,164.0,,0.111,
1791426090.4729192,0.7006,0.6350,0.8767,0.6350,0.7006,0.7006,0.7006,0.6350,0.5695,0.0574,0.2458,0.4998,0.2458,0.0574,0.0369,0.0574,0.0410,0.4410,0.6565,,0.2155,,62.97,,155.7,163.7,,0.112,
1791426090.5063636,0.4998,0.5695,0.9259,0.6350,0.7006,0.6350,0.6350,0.7006,0.6350,0.1557,0.2458,0.4302,0.4998,0.0369,0.0205,0.0369,0.0123,0.4360,0.6560,,0.2200,,62.70,,156.0,164.0,0.952,0.113,
1791426090.5401149,0.5695,0.7538,0.8030,0.6350,0.4998,0.7538,0.7006,0.6350,0.7538,0.4302,0.4302,0.4302,0.4998,0.0246,0.0410,0.0574,0.0205,0.4360,0.6580,,0.2220,,62.34,,155.7,164.8,0.861,0.115,1.537
1791426090.578279,0.6350,0.8030,0.4302,0.4998,0.5695,0.5695,0.7538,0.7006,0.7538,0.0942,0.4998,0.4302,0.3646,0.0942,0.0410,0.0410,0.0164,0.4360,0.6565,,0.2205,,62.01,,155.4,164.5,0.888,0.117,1.579
1791426090.6107936,0.4998,0.8030,0.8440,0.7006,0.7006,0.7538,0.8030,0.7538,0.4998,0.2458,0.2991,0.3646,0.4302,0.0410,0.0164,0.0410,0.0205,0.4360,0.6565,,0.2205,,62.18,,155.9,164.2,0.893,0.116,
1791426090.6421366,0.6350,0.7538,0.6350,0.4998,0.8030,0.6350,0.7538,0.6350,0.5695,0.2458,0.3646,0.4998,0.4998,0.0205,0.0246,0.0369,0.0410,0.4360,0.6560,,0.2200,,62.37,,155.9,164.5,0.948,0.115,1.599
1791426090.6732244,0.6350,0.8030,0.8030,0.6350,0.4998,0.6350,0.8030,0.7006,0.6350,0.2991,0.3646,0.3646,0.3646,0.0942,0.0246,0.0410,0.0369,0.4360,0.6595,,0.2235,,62.19,,156.3,164.6,0.878,0.116,1.514
1791426090.7075105,0.7006,0.6350,0.7006,0.6350,0.5695,0.5695,0.6350,0.7006,0.5695,0.0942,0.5695,0.4998,0.4998,0.1229,0.0205,0.0410,0.0574,0.4360,0.6545,,0.2185,,62.54,,156.3,165.3,0.878,0.114,1.527
1791426090.7405283,0.5695,0.8440,0.5695,0.5695,0.4998,0.7006,0.7538,0.6350,0.6350,0.0574,0.1557,0.2991,0.3646,0.1229,0.0369,0.0410,0.0369,0.4410,0.6555,,0.2145,,62.41,,156.0,164.7,,0.115,
1791426090.7735236,0.7538,0.7538,0.7538,0.6350,0.4998,0.7006,0.6350,0.6350,0.6350,0.4998,0.1557,0.4302,0.2991,0.0737,0.0369,0.0410,0.0123,0.4360,0.6575,,0.2215,,62.45,,155.2,164.5,,0.115,1.394
1791426090.8078032,0.5695,0.6350,0.8767,0.7538,0.7006,0.7006,0.8030,0.6350,0.7538,0.2991,0.3646,0.4998,0.4998,0.0737,0.0246,0.0410,0.0369,0.4350,0.6550,,0.2200,,62.31,,155.6,164.0,0.849,0.115,1.559
1791426090.8399312,0.6350,0.7538,0.7538,0.5695,0.7538,0.7006,0.8030,0.6350,0.5695,0.0942,0.3646,0.5695,0.3646,0.0942,0.0369,0.0574,0.0369,0.4360,0.6580,,0.2220,,62.84,,155.1,163.7,0.845,0.113,1.450
1791426090.881445,0.6350,0.7006,0.8440,0.4998,0.8030,0.8030,0.7538,0.4998,0.5695,0.1966,0.2458,0.3646,0.4302,0.0574,0.0369,0.0410,0.0369,0.4360,0.6585,,0.2225,,63.01,,155.2,163.4,0.857,0.112,
1791426090.9122484,0.5695,0.7006,0.9054,0.5695,0.5695,0.7006,0.8030,0.5695,0.7006,0.2991,0.2458,0.2991,0.2991,0.1229,0.0205,0.0737,0.0369,0.4410,0.6570,,0.2160,,62.81,,155.2,162.8,,0.113,
1791426090.942932,0.8030,0.4302,0.7538,0.4302,0.7006,0.7006,0.8030,0.5695,0.6350,0.3646,0.1229,0.3646,0.4998,0.0410,0.0246,0.0574,0.0369,0.4410,0.6575,,0.2165,,62.93,,154.5,162.7,0.816,0.112,1.387
1791426090.9755085,0.4998,0.7538,0.8440,0.4998,0.5695,0.8440,0.7538,0.7006,0.7006,0.1229,0.1229,0.5695,0.4302,0.0246,0.0205,0.0369,0.0123,0.4360,0.6535,,0.2175,,62.99,,155.2,162.7,0.836,0.112,
1791426091.00762,0.7538,0.7538,0.8440,0.7006,0.6350,0.7538,0.6350,0.7006,0.4998,0.1557,0.2458,0.3646,0.3646,0.0737,0.0205,0.0410,0.0574,0.4360,0.6580,,0.2220,,63.05,,154.6,163.0,0.821,0.112,
1791426091.0403748,0.4998,0.8440,0.8440,0.4302,0.7006,0.8030,0.7538,0.7538,0.8030,0.3646,0.4302,0.5695,0.4998,0.0410,0.0164,0.0123,0.0164,0.4360,0.6585,,0.2225,,62.91,,154.7,162.4,0.908,0.113,1.477
1791426091.0744488,0.3646,0.7538,0.8030,0.4302,0.4998,0.7006,0.7538,0.5695,0.7538,0.2991,0.4302,0.4302,0.4302,0.0410,0.0574,0.0574,0.0246,0.4410,0.6580,,0.2170,,62.75,,154.3,161.4,0.857,0.113,1.556
1791426091.1075525,0.4302,0.8440,0.8767,0.4998,0.4998,0.6350,0.6350,0.5695,0.4998,0.1557,0.3646,0.4998,0.4302,0.0246,0.0410,0.0410,0.0164,0.4360,0.6575,,0.2215,,62.98,,154.3,161.0,0.799,0.112,1.359
1791426091.141031,0.5695,0.8440,0.7538,0.4998,0.6350,0.6350,0.7006,0.4998,0.5695,0.2458,0.1229,0.3646,0.4302,0.0737,0.0205,0.0410,0.0369,0.4360,0.6560,,0.2200,,63.01,,154.6,161.8,0.895,0.112,
1791426091.1821847,0.7006,0.9054,0.8030,0.4998,0.6350,0.7006,0.7538,0.7538,0.7538,0.1557,0.2991,0.2458,0.4302,0.0246,0.0246,0.0574,0.0164,0.4360,0.6585,,0.2225,,62.95,,155.2,161.8,,0.113,
1791426091.2136106,0.4998,0.8030,0.8030,0.4998,0.5695,0.2991,0.8030,0.6350,0.6350,0.2458,0.1229,0.3646,0.4998,0.0410,0.0123,0.0574,0.0164,0.4360,,,,,62.95,,155.2,161.8,,,
1791426091.2456768,0.4998,0.8767,0.6350,0.4302,0.6350,0.6350,0.7006,0.6350,0.5695,0.1557,0.0737,0.4302,0.3646,0.0737,0.0246,0.0369,0.0205,0.4360,0.6570,,0.2210,,62.86,,155.3,161.1,0.861,0.113,
1791426091.2761054,0.4302,0.7538,0.8440,0.6350,0.7538,0.7006,0.7006,0.7006,0.7006,0.1966,0.3646,0.5695,0.4998,0.0205,0.0574,0.0246,0.0410,0.4360,0.6555,,0.2195,,62.62,,155.5,162.2,0.937,0.114,1.632
1791426091.3080318,0.5695,0.9259,0.7538,0.6350,0.6350,0.6350,0.8440,0.6350,0.5695,0.4302,0.4302,0.4302,0.3646,0.0410,0.0205,0.0369,0.0205,0.4360,0.6550,,0.2190,,62.34,,155.3,162.9,0.920,0.115,1.570
1791426091.3408,0.4998,0.7538,0.8440,0.6350,0.4998,0.6350,0.7006,0.6350,0.8030,0.2991,0.5695,0.5695,0.4302,0.0246,0.0737,0.0410,0.0369,0.4360,0.6565,,0.2205,,62.15,,155.1,163.3,0.897,0.116,1.598
1791426091.375019,0.7538,0.7006,0.7538,0.5695,0.4302,0.7006,0.7538,0.5695,0.5695,0.1966,0.1557,0.4998,0.2991,0.0737,0.0369,0.0410,0.0369,0.4360,0.6585,,0.2225,,61.98,,155.1,163.7,,0.117,
1791426091.408175,0.8030,0.7006,0.8030,0.4998,0.7538,0.7006,0.6350,0.4998,0.6350,0.1966,0.1966,0.4998,0.4302,0.0737,0.0369,0.0123,0.0123,0.4360,0.6560,,0.2200,,61.85,,154.7,164.0,0.937,0.118,
1791426091.4412434,0.7538,0.8440,0.8030,0.6350,0.5695,0.7006,0.6350,0.7006,0.7006,0.1966,0.4302,0.1966,0.2458,0.0737,0.0369,0.0737,0.0410,0.4360,0.6550,,0.2190,,61.67,,154.9,164.7,,0.119,1.604
1791426091.4751441,0.7006,0.8030,0.7538,0.5695,0.7538,0.6350,0.8030,0.7006,0.7538,0.1229,0.2991,0.4998,0.2458,0.0942,0.0410,0.0369,0.0369,0.4360,0.6565,,0.2205,,62.04,,155.3,164.5,,0.117,
1791426091.5153258,0.7006,0.8030,0.8030,0.4998,0.5695,0.6350,0.7006,0.6350,0.4998,0.1229,0.4302,0.4302,0.4302,0.0246,0.0369,0.0574,0.0737,0.4360,0.6595,,0.2235,,61.92,,155.0,164.0,0.845,0.118,1.553
1791426091.5469866,0.5695,0.8030,0.9259,0.5695,0.7538,0.8030,0.4998,0.6350,0.6350,0.2458,0.1229,0.3646,0.2458,0.0246,0.0205,0.0737,0.0123,0.4360,0.6575,,0.2215,,61.77,,155.6,163.1,,0.119,
1791426091.5775733,0.7006,0.8767,0.8030,0.5695,0.7006,0.7006,0.8440,0.6350,0.7006,0.1966,0.2991,0.4998,0.4302,0.0737,0.0205,0.0574,0.0205,0.4360,0.6565,,0.2205,,61.91,,155.2,163.3,0.857,0.118,
1791426091.6087122,0.4998,0.8440,0.4998,0.7006,0.4998,0.4998,0.7538,0.6350,0.7006,0.2991,0.2458,0.4998,0.4998,0.0410,0.0246,0.0410,0.0123,0.4360,0.6580,,0.2220,,61.41,,155.0,164.2,0.920,0.121,
1791426091.6413188,0.7538,0.8030,0.8767,0.6350,0.7006,0.4302,0.7538,0.4998,0.6350,0.1557,0.2458,0.2458,0.5695,0.0942,0.0164,0.0942,0.0369,0.4360,0.6565,,0.2205,,61.76,,154.7,164.6,,0.119,
1791426091.6752303,0.4998,0.7538,0.8030,0.6350,0.7538,0.7538,0.7006,0.7006,0.4998,0.1966,0.1966,0.4302,0.3646,0.0737,0.0246,0.0410,0.0164,0.4360,0.6580,,0.2220,,61.44,,155.1,164.2,0.888,0.120,
1791426091.708214,0.7538,0.8030,0.8440,0.5695,0.4302,0.7006,0.6350,0.8030,0.5695,0.1557,0.1557,0.5695,0.4302,0.0205,0.0369,0.0369,0.0410,0.4360,0.6575,,0.2215,,61.67,,155.0,163.6,0.890,0.119,
1791426091.7420776,0.5695,0.7006,0.8030,0.5695,0.4302,0.7538,0.8030,0.7006,0.5695,0.2991,0.2991,0.2991,0.3646,0.1229,0.0246,0.0410,0.0410,0.4360,0.6560,,0.2200,,61.62,,155.0,164.2,,0.119,
1791426091.775981,0.5695,0.8440,0.7538,0.7006,0.8440,0.6350,0.6350,0.4998,0.5695,0.3646,0.2458,0.3646,0.4998,0.0737,0.0369,0.0369,0.0123,0.4360,0.6570,,0.2210,,61.94,,154.6,163.6,0.844,0.118,1.448
1791426091.8153338,0.4998,0.5695,0.7006,0.5695,0.6350,0.7538,0.7006,0.4302,0.5695,0.2458,0.1966,0.2991,0.1966,0.0574,0.0410,0.0410,0.0164,0.4360,0.6595,,0.2235,,61.91,,153.7,163.8,,0.118,
1791426091.8467681,0.5695,0.9054,0.5695,0.7006,0.7538,0.7006,0.6350,0.5695,0.7006,0.1966,0.4302,0.4302,0.4302,0.0410,0.0246,0.0574,0.0410,0.4360,0.6565,,0.2205,,61.89,,153.4,163.3,0.887,0.118,1.558
1791426091.8781211,0.5695,0.8440,0.8767,0.4302,0.4998,0.7006,0.8440,0.6350,0.7006,0.4998,0.1966,0.3646,0.3646,0.0369,0.0574,0.0574,0.0410,0.4360,0.6565,,0.2205,,61.94,,153.4,164.3,0.870,0.118,1.515
1791426091.9109359,0.5695,0.8440,0.8767,0.6350,0.7006,0.8030,0.7538,0.7006,0.7006,0.1557,0.1557,0.5695,0.4998,0.0942,0.0574,0.0574,0.0574,0.4360,0.6580,,0.2220,,62.15,,153.1,164.3,0.833,0.117,
1791426091.9425,0.5695,0.5695,0.7006,0.6350,0.5695,0.7006,0.8030,0.7006,0.5695,0.1557,0.4302,0.4998,0.2458,0.0942,0.0737,0.0410,0.0369,0.4360,0.6565,,0.2205,,62.01,,153.2,164.8,,0.118,1.529
1791426091.9742362,0.8030,0.5695,0.9587,0.6350,0.6350,0.6350,0.5695,0.7006,0.7538,0.2458,0.2458,0.4302,0.3646,0.0942,0.0574,0.0410,0.0369,0.4360,0.6595,,0.2235,,62.10,,153.7,164.6,0.824,0.117,
1791426092.0083983,0.4998,0.8030,0.7538,0.5695,0.4998,0.7538,0.6350,0.6350,0.6350,0.2991,0.4998,0.4998,0.3646,0.0574,0.0205,0.0410,0.0164,0.4350,0.6585,,0.2235,,62.04,,153.3,163.5,0.853,0.118,1.555
1791426092.0418985,0.7006,0.8030,0.8440,0.5695,0.5695,0.6350,0.7538,0.7006,0.7006,0.3646,0.0942,0.4998,0.4998,0.0246,0.0369,0.0410,0.0737,0.4410,0.6575,,0.2165,,62.05,,153.8,162.9,0.897,0.117,1.426
1791426092.0748088,0.5695,0.6350,0.7538,0.5695,0.5695,0.5695,0.7006,0.6350,0.4998,0.1229,0.1557,0.4998,0.4302,0.0574,0.0410,0.0205,0.0410,0.4360,0.6560,,0.2200,,61.69,,154.4,162.3,0.955,0.119,
1791426092.1086338,0.5695,0.8767,0.8440,0.6350,0.7006,0.6350,0.8030,0.6350,0.7006,0.1557,0.4998,0.4302,0.3646,0.0737,0.0246,0.0574,0.0123,0.4360,0.6600,,0.2240,,62.06,,153.4,163.2,0.841,0.117,1.483
1791426092.1480772,0.8030,0.7538,0.9423,0.5695,0.5695,0.7006,0.7538,0.7006,0.6350,0.2991,0.2458,0.4302,0.3646,0.0737,0.0246,0.0369,0.0205,0.4360,0.6580,,0.2220,,62.24,,153.2,163.6,0.826,0.117,
1791426092.1803765,0.7538,0.8030,0.8030,0.5695,0.7538,0.8030,0.6350,0.7006,0.5695,0.2991,0.3646,0.4998,0.4998,0.0942,0.0369,0.0369,0.0410,0.4360,0.6585,,0.2225,,62.67,,153.7,163.8,0.841,0.115,1.501
1791426092.2113318,0.6350,0.7006,0.9423,0.6350,0.7006,0.7538,0.6350,0.6350,0.7006,0.2991,0.1557,0.3646,0.2458,0.1229,0.0410,0.0574,0.0369,0.4360,0.6560,,0.2200,,62.69,,154.4,162.3,,0.114,
1791426092.2428825,0.4998,0.5695,0.8440,0.5695,0.7006,0.5695,0.6350,0.6350,0.7006,0.4302,0.2458,0.5695,0.4998,0.0246,0.0410,0.0574,0.0410,0.4360,0.6570,,0.2210,,62.45,,155.1,162.2,0.899,0.115,1.449
1791426092.2759125,0.4998,0.7006,0.8440,0.4302,0.5695,0.7538,0.7538,0.6350,0.4998,0.1557,0.1966,0.3646,0.4998,0.0410,0.0369,0.0410,0.0369,0.4360,0.6595,,0.2235,,62.46,,154.9,162.8,0.857,0.116,
1791426092.3090482,0.6350,0.6350,0.8030,0.5695,0.6350,0.6350,0.7538,0.7006,0.5695,0.1229,0.2458,0.4998,0.4302,0.0574,0.0205,0.0737,0.0369,0.4360,0.6565,,0.2205,,62.47,,154.8,163.4,0.877,0.115,
1791426092.342564,0.6350,0.8030,0.7006,0.5695,0.7006,0.7006,0.8030,0.7538,0.6350,0.1557,0.2458,0.2458,0.2991,0.0574,0.0369,0.0410,0.0164,0.4360,0.6585,,0.2225,,62.24,,155.0,163.9,,0.117,
1791426092.3758597,0.4302,0.8030,0.8440,0.4998,0.5695,0.4998,0.7006,0.7538,0.4998,0.2991,0.2991,0.4998,0.4302,0.0246,0.0369,0.0574,0.0369,0.4360,0.6565,,0.2205,,62.50,,155.3,163.8,0.888,0.115,
1791426092.4096122,0.5695,0.7006,0.8030,0.4998,0.6350,0.6350,0.8030,0.6350,0.6350,0.1966,0.2458,0.3646,0.4302,0.0410,0.0205,0.0574,0.0369,0.4360,0.6575,,0.2215,,62.45,,155.2,164.3,0.849,0.116,
1791426092.4492588,0.7006,0.8440,0.8030,0.4998,0.6350,0.7006,0.6350,0.5695,0.7538,0.2458,0.1557,0.4998,0.4998,0.0737,0.0164,0.0369,0.0369,0.4360,0.6565,,0.2205,,62.32,,155.3,164.8,0.895,0.116,
1791426092.4813364,0.4998,0.8767,0.8030,0.4998,0.5695,0.6350,0.7006,0.5695,0.6350,0.2458,0.4998,0.4998,0.4302,0.0737,0.0246,0.0246,0.0164,0.4360,0.6565,,0.2205,,62.28,,155.3,165.1,0.900,0.116,1.605
1791426092.5126324,0.7006,0.8440,0.6350,0.4998,0.7006,0.7538,0.7538,0.7538,0.4302,0.1229,0.1966,0.4302,0.4998,0.0942,0.0369,0.0737,0.0369,0.4350,0.6535,,0.2185,,62.00,,154.7,165.6,0.862,0.117,
1791426092.5441735,0.7006,0.8767,0.8030,0.5695,0.6350,0.6350,0.6350,0.5695,0.6350,0.2458,0.3646,0.3646,0.3646,0.0574,0.0410,0.0410,0.0246,0.4360,0.6565,,0.2205,,62.02,,155.4,165.7,0.857,0.117,1.564
1791426092.5768678,0.6350,0.8030,0.8030,0.4998,0.7006,0.4998,0.8030,0.6350,0.5695,0.2458,0.1557,0.2991,0.3646,0.0737,0.0410,0.0574,0.0369,0.4360,0.6560,,0.2200,,61.41,,155.6,165.4,,0.120,
1791426092.6090448,0.7538,0.8767,0.7538,0.5695,0.6350,0.7538,0.7006,0.8030,0.6350,0.3646,0.2991,0.4998,0.2991,0.0574,0.0410,0.0410,0.0369,0.4360,0.6580,,0.2220,,61.85,,155.6,165.5,,0.118,1.382
1791426092.6427398,0.6350,0.8440,0.7006,0.4998,0.5695,0.8030,0.8030,0.5695,0.6350,0.1229,0.1966,0.3646,0.3646,0.0574,0.0205,0.0574,0.0246,0.4360,0.6555,,0.2195,,61.46,,155.0,164.8,0.910,0.120,
1791426092.6760948,0.4998,0.7538,0.7538,0.3646,0.5695,0.7538,0.5695,0.6350,0.7538,0.2458,0.4302,0.4302,0.4302,0.0369,0.0369,0.0369,0.0369,0.4410,0.6545,,0.2135,,61.00,,154.8,164.6,0.912,0.121,1.665
1791426092.70972,0.7538,0.8767,0.9054,0.4302,0.5695,0.6350,0.7006,0.7006,0.6350,0.1557,0.1966,0.4302,0.3646,0.0410,0.0369,0.0942,0.0737,0.4360,0.6560,,0.2200,,61.54,,154.3,164.4,0.753,0.119,
1791426092.7427418,0.6350,0.8030,0.8030,0.4998,0.4998,0.7006,0.7538,0.6350,0.7006,0.4302,0.4998,0.4998,0.2991,0.0942,0.0205,0.0574,0.0410,0.4360,0.6550,,0.2190,,61.90,,154.9,164.7,,0.117,1.484
1791426092.7818642,0.4302,0.8030,0.8030,0.5695,0.7538,0.7006,0.6350,0.6350,0.4302,0.1557,0.2991,0.3646,0.2991,0.0574,0.0369,0.0410,0.0369,0.4360,0.6590,,0.2230,,62.41,,154.1,164.0,,0.115,
1791426092.8139272,0.7006,0.6350,0.8440,0.4998,0.4998,0.8030,0.7538,0.6350,0.4998,0.1557,0.5695,0.4998,0.3646,0.0246,0.0369,0.0246,0.0410,0.4360,0.6565,,0.2205,,62.63,,154.2,164.1,0.825,0.114,1.475
1791426092.8468943,0.4998,0.7538,0.7006,0.4302,0.5695,0.7006,0.7006,0.7538,0.7006,0.4302,0.2458,0.4998,0.4998,0.0942,0.0410,0.0737,0.0574,0.4360,0.6565,,0.2205,,62.80,,154.0,163.7,0.836,0.113,1.435
1791426092.8770466,0.6350,0.7538,0.8030,0.5695,0.7006,0.7006,0.7538,0.6350,0.4998,0.3646,0.0942,0.4302,0.4302,0.0574,0.0246,0.0737,0.0164,0.4410,0.6585,,0.2175,,62.81,,154.3,162.8,0.802,0.113,1.355
1791426092.9087946,0.6350,0.7538,0.8767,0.4998,0.8440,0.7538,0.7538,0.7538,0.7006,0.2458,0.2991,0.4998,0.4998,0.0205,0.0410,0.0369,0.0410,0.4350,0.6555,,0.2205,,63.14,,153.7,162.9,0.856,0.111,
1791426092.941963,0.8030,0.8767,0.5695,0.4302,0.8030,0.7006,0.6350,0.4998,0.6350,0.2458,0.3646,0.4302,0.3646,0.0410,0.0574,0.0205,0.0410,0.4360,0.6575,,0.2215,,63.51,,153.4,162.5,0.832,0.110,1.470
1791426092.9770465,0.7538,0.8440,0.5695,0.6350,0.7006,0.6350,0.7538,0.6350,0.4998,0.3646,0.2991,0.4302,0.4998,0.0737,0.0246,0.0737,0.0369,0.4360,0.6590,,0.2230,,63.36,,153.5,163.2,0.841,0.111,1.456
1791426093.0097294,0.4302,0.9054,0.7538,0.4302,0.4998,0.5695,0.6350,0.7006,0.6350,0.1557,0.1229,0.4998,0.4302,0.0205,0.0205,0.0410,0.0164,0.4420,0.6570,,0.2150,,62.77,,153.7,163.0,0.932,0.113,
1791426093.0438943,0.6350,0.7538,0.7538,0.7538,0.7006,0.7538,0.8440,0.7006,0.6350,0.3646,0.2991,0.4998,0.4998,0.1229,0.0410,0.0369,0.0574,0.4360,0.6560,,0.2200,,62.57,,153.9,163.2,0.890,0.114,1.491
1791426093.0833719,0.6350,0.8030,0.7538,0.4998,0.5695,0.6350,0.8030,0.7538,0.7006,0.1557,0.3646,0.4302,0.4998,0.0410,0.0369,0.0574,0.0410,0.4360,0.6565,,0.2205,,62.34,,154.1,163.1,0.874,0.115,1.623
1791426093.1154225,0.5695,0.8440,0.8030,0.7006,0.7006,0.6350,0.7538,0.7538,0.5695,0.0942,0.4302,0.2458,0.2991,0.0369,0.0246,0.0574,0.0410,0.4360,0.6565,,0.2205,,62.01,,154.3,163.1,,0.117,1.617
1791426093.1461318,0.6350,0.8030,0.8030,0.4302,0.5695,0.8030,0.7006,0.7006,0.5695,0.3646,0.3646,0.4302,0.4302,0.0246,0.0246,0.0574,0.0369,0.4350,0.6565,,0.2215,,61.70,,154.1,162.7,0.932,0.119,1.523
1791426093.177813,0.6350,0.4302,0.7538,0.5695,0.7006,0.6350,0.8440,0.6350,0.7538,0.3646,0.4998,0.3646,0.4998,0.0737,0.0205,0.0410,0.0410,0.4360,0.6575,,0.2215,,61.81,,153.6,163.7,0.820,0.118,1.449
1791426093.2100022,0.5695,0.8440,0.7538,0.4998,0.7006,0.6350,0.6350,0.4998,0.4302,0.1229,0.3646,0.4302,0.3646,0.0737,0.0369,0.0410,0.0410,0.4350,0.6565,,0.2215,,61.48,,153.4,164.7,0.883,0.120,1.598
1791426093.243474,0.7538,0.8440,0.7538,0.5695,0.7006,0.5695,0.7006,0.4998,0.4998,0.2458,0.4302,0.4302,0.3646,0.0942,0.0246,0.0369,0.0205,0.4410,0.6565,,0.2155,,61.13,,154.3,165.7,0.939,0.121,1.701
1791426093.2763484,0.7006,0.9054,0.7006,0.7538,0.7006,0.4302,0.7538,0.1966,0.6350,0.1557,0.1966,0.3646,0.4302,0.0737,0.0410,0.0205,0.0123,0.4360,0.6565,,0.2205,,61.19,,153.9,165.0,0.871,0.121,
1791426093.3106186,0.6350,0.4998,0.7538,0.4302,0.4998,0.7006,0.7538,0.7006,0.6350,0.2458,0.4302,0.4302,0.3646,0.0942,0.0246,0.0369,0.0164,0.4360,0.6555,,0.2195,,61.56,,153.8,164.7,0.840,0.119,1.496
1791426093.3443985,0.4998,0.4998,0.8030,0.7538,0.4302,0.5695,0.8030,0.7006,0.7538,0.2991,0.1229,0.3646,0.4302,0.0246,0.0246,0.0246,0.0737,0.4360,0.6570,,0.2210,,61.75,,153.7,165.1,0.895,0.118,
1791426093.3832064,0.8030,0.7538,0.8030,0.4998,0.5695,0.6350,0.7538,0.5695,0.7538,0.1229,0.3646,0.5695,0.4302,0.0205,0.0246,0.0574,0.0369,0.4360,0.6565,,0.2205,,61.91,,153.3,165.5,0.852,0.117,1.455
1791426093.4147031,0.7006,0.7538,0.8030,0.4302,0.7006,0.7538,0.8030,0.8030,0.5695,0.1966,0.3646,0.4998,0.4302,0.0574,0.0205,0.0410,0.0574,0.4360,0.6550,,0.2190,,61.99,,153.8,166.1,0.878,0.117,1.488
1791426093.4464958,0.7538,0.8030,0.7006,0.6350,0.5695,0.7006,0.8030,0.7006,0.6350,0.0737,0.4302,0.4998,0.3646,0.1557,0.0369,0.0574,0.0410,0.4360,0.6535,,0.2175,,61.73,,153.3,166.5,0.911,0.118,1.588
1791426093.4778671,0.4998,0.8440,0.7538,0.4302,0.7538,0.7006,0.7538,0.7538,0.6350,0.0942,0.3646,0.3646,0.3646,0.0737,0.0574,0.0737,0.0164,0.4360,0.6580,,0.2220,,62.24,,153.2,166.4,0.802,0.116,1.417
1791426093.5108483,0.6350,0.7538,0.7006,0.7006,0.7006,0.6350,0.7006,0.6350,0.6350,0.4998,0.4998,0.1966,0.3646,0.1229,0.0205,0.0737,0.0369,0.4360,0.6540,,0.2180,,61.88,,153.7,165.9,,0.117,1.478
1791426093.5441036,0.7538,0.8030,0.7538,0.4302,0.7006,0.7006,0.7538,0.6350,0.6350,0.4998,0.2991,0.4302,0.3646,0.0205,0.0246,0.0410,0.0737,0.4360,0.6560,,0.2200,,62.20,,153.6,164.8,0.823,0.116,1.440
1791426093.577832,0.5695,0.8030,0.7538,0.5695,0.7006,0.7538,0.5695,0.7006,0.3646,0.2458,0.3646,0.3646,0.2991,0.1229,0.0737,0.0574,0.0410,0.4360,0.6565,,0.2205,,61.91,,153.4,164.5,,0.117,1.541
1791426093.6099775,0.5695,0.8767,0.9259,0.4998,0.7006,0.7006,0.5695,0.6350,0.6350,0.2991,0.2991,0.4302,0.4998,0.0369,0.0574,0.0369,0.0410,0.4360,0.6565,,0.2205,,62.16,,153.8,164.9,0.857,0.116,
1791426093.6449285,0.2991,0.9054,0.8030,0.5695,0.7538,0.7538,0.6350,0.6350,0.4998,0.2991,0.2991,0.4302,0.4998,0.0246,0.0369,0.0369,0.0574,,0.6570,,,,62.16,,154.4,164.8,0.955,0.116,
1791426093.6845446,0.5695,0.5695,0.7538,0.4998,0.7006,0.7006,0.7006,0.6350,0.7006,0.1557,0.1557,0.1966,0.2991,0.0369,0.0369,0.0410,0.0574,0.4360,0.6570,,0.2210,,61.91,,153.6,164.3,,0.118,
1791426093.7159293,0.8440,0.8767,0.8030,0.5695,0.5695,0.7538,0.6350,0.7006,0.7006,0.2458,0.3646,0.5695,0.4998,0.0205,0.0369,0.0574,0.0369,0.4360,0.6575,,0.2215,,61.98,,153.8,164.9,0.890,0.117,1.539
1791426093.7481208,0.4998,0.8767,0.8767,0.4998,0.7538,0.7538,0.6350,0.5695,0.7538,0.1966,0.4302,0.4302,0.4998,0.0737,0.0246,0.0369,0.0369,0.4410,0.6565,,0.2155,,62.17,,153.5,165.9,0.845,0.116,1.485
1791426093.7789085,0.6350,0.8767,0.6350,0.5695,0.5695,0.7006,0.8030,0.6350,0.5695,0.3646,0.1966,0.4998,0.4302,0.0369,0.0369,0.0737,0.0205,0.4360,0.6560,,0.2200,,62.02,,153.7,165.3,0.870,0.117,1.529
1791426093.8115401,0.6350,0.8030,0.8030,0.5695,0.4302,0.7538,0.8440,0.2458,0.6350,0.2991,0.3646,0.2458,0.2458,0.0942,0.0574,0.0410,0.0574,0.4360,0.6585,,0.2225,,62.28,,154.6,165.6,,0.116,1.429
1791426093.84394,0.6350,0.8030,0.7538,0.4302,0.4302,0.7538,0.6350,0.6350,0.4998,0.2991,0.1966,0.1966,0.4302,0.0574,0.0205,0.0574,0.0410,0.4370,0.6560,,0.2190,,62.69,,153.9,165.0,,0.114,
1791426093.8782465,0.5695,0.9054,0.6350,0.5695,0.5695,0.7006,0.5695,0.6350,0.7538,0.2991,0.1557,0.3646,0.4302,0.0369,0.0369,0.0369,0.0164,0.4360,0.6560,,0.2200,,62.43,,154.1,164.1,0.913,0.115,
1791426093.910792,0.5695,0.8030,0.7538,0.5695,0.7006,0.7006,0.7006,0.7006,0.5695,0.2991,0.2991,0.1966,0.1966,0.0205,0.0369,0.0574,0.0410,0.4360,0.6535,,0.2175,,62.58,,154.2,164.1,,0.114,
1791426093.944515,0.5695,0.7006,0.6350,0.4998,0.7538,0.6350,0.5695,0.6350,0.5695,0.2458,0.4998,0.5695,0.4998,0.0942,0.0246,0.0574,0.0369,0.4360,0.6565,,0.2205,,62.35,,154.9,164.8,0.883,0.115,1.566
1791426093.9856498,0.5695,0.8440,0.8030,0.4998,0.8030,0.7006,0.7006,0.6350,0.7006,0.2991,0.4998,0.4302,0.4998,0.1229,0.0369,0.0737,0.0082,0.4360,0.6570,,0.2210,,61.76,,154.1,164.0,0.896,0.118,1.606
1791426094.0177116,0.6350,0.7006,0.9054,0.6350,0.8030,0.7538,0.7006,0.5695,0.7006,0.2991,0.4302,0.4302,0.4302,0.0737,0.0410,0.0369,0.0369,0.4360,0.6530,,0.2170,,61.83,,154.7,165.3,0.914,0.117,1.551
1791426094.0490217,0.3646,0.8030,0.7006,0.4998,0.7006,0.7006,0.8030,0.5695,0.7006,0.2458,0.4998,0.4998,0.4302,0.0737,0.0369,0.0369,0.0369,0.4360,0.6575,,0.2215,,62.12,,155.2,165.2,0.862,0.116,1.500
1791426094.080162,0.4998,0.8440,0.8440,0.5695,0.5695,0.7006,0.7538,0.5695,0.4998,0.2458,0.3646,0.1966,0.2458,0.0410,0.0246,0.0369,0.0737,0.4350,0.6575,,0.2225,,62.09,,155.1,164.0,,0.117,1.588
1791426094.1114616,0.7006,0.8440,0.7538,0.6350,0.6350,0.7006,0.8440,0.7538,0.7538,0.2458,0.2458,0.2991,0.3646,0.0737,0.0574,0.0369,0.0410,0.4360,0.6565,,0.2205,,61.59,,155.5,165.2,,0.119,
1791426094.1443434,0.6350,0.9054,0.5695,0.6350,0.8030,0.7538,0.8440,0.6350,0.5695,0.1557,0.1557,0.3646,0.2991,0.0574,0.0246,0.0369,0.0205,0.4360,0.6570,,0.2210,,61.92,,155.6,165.5,,0.118,
1791426094.1778095,0.3646,0.7006,0.7006,0.5695,0.7538,0.7006,0.5695,0.6350,0.6350,0.2991,0.1229,0.4998,0.4302,0.1229,0.0123,0.0410,0.0410,0.4360,0.6575,,0.2215,,61.98,,155.2,165.8,0.878,0.117,
1791426094.2103617,0.6350,0.8030,0.7538,0.6350,0.4998,0.7538,0.6350,0.7006,0.4998,0.1229,0.1966,0.4998,0.4302,0.0942,0.0164,0.0369,0.0369,0.4360,0.6565,,0.2205,,62.22,,154.5,165.2,0.878,0.116,
1791426094.2449832,0.7006,0.8030,0.6350,0.7006,0.6350,0.7538,0.8440,0.6350,0.4302,0.4302,0.4302,0.4998,0.3646,0.0574,0.0123,0.0369,0.0369,0.4360,0.6565,,0.2205,,62.34,,154.6,163.8,0.890,0.116,1.442
1791426094.2780216,0.6350,0.8030,0.7006,0.6350,0.6350,0.8440,0.7006,0.6350,0.5695,0.1229,0.4302,0.4302,0.4302,0.0369,0.0164,0.0369,0.0369,0.4360,0.6565,,0.2205,,62.44,,155.0,163.6,0.870,0.115,1.504
1791426094.3175652,0.4302,0.6350,0.7538,0.5695,0.4998,0.8030,0.6350,0.7006,0.4998,0.1557,0.4302,0.4998,0.3646,0.0574,0.0369,0.0369,0.0369,0.4360,0.6565,,0.2205,,62.38,,154.3,163.7,0.882,0.115,1.541
1791426094.3488257,0.4998,0.6350,0.8030,0.5695,0.7538,0.7538,0.7538,0.5695,0.7006,0.4302,0.4302,0.4998,0.4302,0.0574,0.0369,0.0410,0.0410,0.4360,0.6570,,0.2210,,62.54,,154.6,163.3,0.784,0.115,1.400
1791426094.3802502,0.4998,0.8030,0.8030,0.5695,0.7006,0.7006,0.4998,0.7538,0.5695,0.1966,0.4998,0.4998,0.4998,0.0410,0.0246,0.0737,0.0410,0.4360,0.6540,,0.2180,,63.10,,155.0,163.9,0.887,0.112,1.493
1791426094.4115689,0.5695,0.7538,0.7538,0.4998,0.8030,0.7006,0.6350,0.6350,0.8440,0.2458,0.2991,0.4998,0.4998,0.0574,0.0737,0.0369,0.0574,0.4360,0.6555,,0.2195,,63.03,,155.0,163.9,0.862,0.112,
1791426094.4438992,0.5695,0.7006,0.7006,0.4302,0.7006,0.6350,0.7538,0.7006,0.7006,0.2991,0.4302,0.4998,0.4998,0.0942,0.0410,0.1229,0.0737,0.4360,0.6520,,0.2160,,62.53,,155.2,163.4,0.929,0.114,1.615
1791426094.478468,0.3646,0.6350,0.8440,0.4998,0.7006,0.8030,0.7006,0.5695,0.7538,0.1966,0.3646,0.4998,0.4998,0.0942,0.0410,0.0410,0.0410,0.4360,0.6570,,0.2210,,62.53,,154.2,162.9,0.845,0.114,1.493
1791426094.5121086,0.5695,0.7006,0.7538,0.6350,0.7006,0.7006,0.8030,0.4998,0.6350,0.3646,0.4998,0.4998,0.4998,0.0737,0.0205,0.0410,0.0369,0.4360,0.6575,,0.2215,,62.88,,154.0,162.5,0.861,0.113,1.400
1791426094.5444298,0.7538,0.7006,0.7538,0.5695,0.6350,0.6350,0.7006,0.4998,0.6350,0.2458,0.6350,0.4302,0.3646,0.0246,0.0369,0.0737,0.0574,0.4360,0.6565,,0.2205,,62.74,,153.3,162.4,0.800,0.113,1.525
1791426094.578655,0.4998,0.8030,0.8440,0.4998,0.7538,0.6350,0.6350,0.7006,0.7006,0.1966,0.4302,0.4998,0.5695,0.0942,0.0737,0.0410,0.0369,0.4360,0.6560,,0.2200,,62.61,,154.3,162.7,0.900,0.114,1.609
1791426094.617738,0.7538,0.7538,0.7538,0.4998,0.4998,0.7538,0.7006,0.7006,0.6350,0.1966,0.2991,0.2991,0.4998,0.0369,0.0123,0.0737,0.0410,0.4360,0.6575,,0.2215,,62.88,,154.4,163.6,,0.113,
1791426094.6502395,0.7006,0.7006,0.8767,0.6350,0.4998,0.7006,0.7538,0.5695,0.4302,0.1966,0.4302,0.4998,0.4302,0.0574,0.0246,0.0410,0.0123,0.4360,0.6560,,0.2200,,62.79,,155.2,163.5,0.912,0.113,1.569
1791426094.680325,0.6350,0.7538,0.3646,0.7006,0.7006,0.4998,0.8030,0.5695,0.7006,0.1557,0.4302,0.4998,0.4302,0.0942,0.0205,0.0369,0.0205,0.4360,0.6540,,0.2180,,62.74,,155.6,164.5,0.861,0.113,1.498
1791426094.7122748,0.5695,0.7006,0.4302,0.4302,0.6350,0.7006,0.5695,0.4998,0.6350,0.2458,0.1557,0.4998,0.4302,0.0205,0.0164,0.0369,0.0369,0.4360,0.6575,,0.2215,,62.78,,154.8,164.3,0.821,0.113,
1791426094.7450686,0.4302,0.7538,0.6350,0.4998,0.7538,0.7538,0.8030,0.6350,0.7006,0.4302,0.3646,0.4302,0.4302,0.0942,0.0369,0.0410,0.0205,0.4360,0.6575,,0.2215,,62.81,,155.3,163.1,0.874,0.113,1.448
1791426094.7780654,0.7006,0.8030,0.7538,0.5695,0.7006,0.7538,0.7538,0.7006,0.6350,0.1557,0.2991,0.4998,0.4302,0.0574,0.0246,0.0369,0.0246,0.4360,0.6555,,0.2195,,63.19,,154.8,163.9,0.873,0.111,
1791426094.8127587,0.4302,0.7006,0.8030,0.5695,0.5695,0.7006,0.8440,0.7006,0.7006,0.1966,0.4998,0.4998,0.4998,0.0942,0.0164,0.0369,0.0123,0.4360,0.6565,,0.2205,,62.84,,155.1,163.2,0.930,0.113,1.607
1791426094.8452482,0.8030,0.7006,0.6350,0.4998,0.4302,0.7006,0.8030,0.7538,0.8030,0.0942,0.2991,0.5695,0.4998,0.0942,0.0369,0.0410,0.0164,0.4360,0.6590,,0.2230,,62.62,,154.7,163.7,0.833,0.114,
1791426094.878506,0.7006,0.8440,0.7006,0.4998,0.7006,0.7006,0.6350,0.6350,0.5695,0.0942,0.1229,0.4302,0.4302,0.0369,0.0123,0.0410,0.0369,0.4360,0.6545,,0.2185,,62.62,,154.8,164.2,0.874,0.114,
1791426094.9179904,0.7538,0.7538,0.7538,0.4998,0.6350,0.7538,0.8030,0.7006,0.7006,0.1966,0.3646,0.4998,0.4998,0.0737,0.0246,0.0574,0.0369,0.4360,0.6570,,0.2210,,62.81,,154.5,164.2,0.861,0.113,1.468
1791426094.9503558,0.2991,0.7006,0.7006,0.4998,0.5695,0.8440,0.7538,0.7006,0.4998,0.1966,0.4302,0.4998,0.4302,0.0246,0.0246,0.0410,0.0410,,0.6545,,,,62.81,,154.9,163.7,0.857,0.113,
1791426094.9813426,0.6350,0.5695,0.9054,0.6350,0.7538,0.7006,0.8440,0.6350,0.7538,0.3646,0.4302,0.4302,0.4302,0.0574,0.0369,0.0369,0.0737,0.4360,0.6565,,0.2205,,62.45,,154.6,164.2,0.911,0.115,1.547
1791426095.0133955,0.6350,0.4998,0.8030,0.7006,0.4998,0.6350,0.7006,0.7006,0.4302,0.2458,0.4302,0.5695,0.4998,0.0942,0.0410,0.0246,0.0205,0.4360,0.6555,,0.2195,,62.64,,154.6,162.2,0.857,0.114,1.577
1791426095.0449133,0.7006,0.8030,0.7538,0.7006,0.4998,0.7006,0.7538,0.5695,0.7006,0.1966,0.2991,0.5695,0.3646,0.0410,0.0246,0.0574,0.0205,0.4360,0.6530,,0.2170,,62.54,,154.9,161.7,0.891,0.114,
1791426095.0786629,0.7006,0.8767,0.8030,0.7006,0.6350,0.7006,0.8030,0.7006,0.6350,0.1966,0.4302,0.4302,0.4998,0.0574,0.0369,0.0574,0.0205,0.4360,0.6570,,0.2210,,62.19,,155.6,162.8,0.845,0.116,1.547
1791426095.11211,0.4998,0.4998,0.7538,0.3646,0.7006,0.7006,0.8767,0.7006,0.6350,0.3646,0.4998,0.4998,0.4302,0.0942,0.0369,0.0574,0.0123,0.4360,0.6590,,0.2230,,62.37,,154.9,163.1,0.794,0.115,1.389
1791426095.1458066,0.4998,0.7006,0.8767,0.6350,0.6350,0.5695,0.7538,0.5695,0.6350,0.2991,0.4302,0.2991,0.2458,0.0574,0.0164,0.0164,0.0123,0.4360,0.6570,,0.2210,,62.54,,154.9,163.1,,0.115,1.548
1791426095.1795788,0.3646,0.8440,0.8440,0.5695,0.5695,0.6350,0.7538,0.6350,0.8030,0.1966,0.4302,0.4302,0.3646,0.0737,0.0410,0.0410,0.0369,0.4360,0.6575,,0.2215,,62.42,,154.7,163.2,0.836,0.115,1.582
1791426095.219425,0.6350,0.7006,0.8440,0.6350,0.8030,0.7538,0.8030,0.5695,0.5695,0.3646,0.2991,0.4998,0.4302,0.0574,0.0246,0.0369,0.0205,0.4360,0.6560,,0.2200,,62.06,,154.7,163.7,0.888,0.117,1.547
1791426095.251353,0.5695,0.8030,0.7006,0.7538,0.5695,0.7006,0.8440,0.4998,0.5695,0.2458,0.2458,0.4302,0.1966,0.1557,0.0246,0.0369,0.0574,0.4360,0.6570,,0.2210,,62.50,,155.3,162.9,,0.115,
1791426095.282442,0.4998,0.8030,0.8030,0.4998,0.5695,0.6350,0.7006,0.4998,0.6350,0.2991,0.2458,0.4998,0.2991,0.0574,0.0246,0.0410,0.0164,0.4360,0.6585,,0.2225,,62.05,,155.1,162.3,,0.117,
1791426095.313956,0.4998,0.9054,0.8440,0.6350,0.5695,0.5695,0.8440,0.7006,0.7006,0.2458,0.2458,0.5695,0.2991,0.0369,0.0205,0.0246,0.0410,0.4360,0.6570,,0.2210,,62.09,,155.1,162.0,,0.117,
1791426095.3465588,0.7006,0.7538,0.8440,0.6350,0.5695,0.7006,0.7538,0.7006,0.6350,0.1229,0.3646,0.2458,0.3646,0.0574,0.0369,0.0246,0.0574,0.4360,0.6565,,0.2205,,62.61,,154.6,162.7,,0.114,1.401
1791426095.3790457,0.4998,0.9054,0.8440,0.6350,0.4998,0.7538,0.7538,0.5695,0.7538,0.2458,0.2991,0.5695,0.4302,0.1557,0.0246,0.0574,0.0369,0.4360,0.6560,,0.2200,,62.97,,154.4,163.2,0.853,0.113,
1791426095.4127867,0.6350,0.7006,0.9423,0.6350,0.5695,0.7006,0.8030,0.6350,0.7006,0.3646,0.2991,0.6350,0.4998,0.1229,0.0369,0.0369,0.0410,0.4360,0.6545,,0.2185,,62.76,,154.7,163.6,0.869,0.113,1.435
1791426095.4458866,0.8030,0.8767,0.8030,0.4998,0.7006,0.7006,0.6350,0.5695,0.6350,0.0737,0.2458,0.4302,0.4998,0.0737,0.0410,0.0369,0.0205,0.4360,0.6565,,0.2205,,63.11,,153.9,163.8,0.840,0.112,
1791426095.4791024,0.4302,0.3646,0.5695,0.5695,0.5695,0.6350,0.6350,0.6350,0.7538,0.2991,0.4998,0.4302,0.4302,0.0942,0.0574,0.0369,0.0246,0.4350,0.6550,,0.2200,,63.25,,154.4,164.7,0.886,0.111,1.537
1791426095.5129836,0.5695,0.8030,0.8440,0.4302,0.6350,0.5695,0.7006,0.6350,0.5695,0.0942,0.2991,0.4302,0.2458,0.0737,0.0369,0.0410,0.0164,0.4360,0.6575,,0.2215,,63.05,,155.5,163.8,,0.112,
1791426095.552726,0.5695,0.7538,0.7538,0.5695,0.6350,0.5695,0.8440,0.5695,0.4998,0.2991,0.2458,0.3646,0.4302,0.0574,0.0369,0.0410,0.0246,0.4360,0.6575,,0.2215,,62.83,,156.2,163.5,0.829,0.113,
1791426095.5840812,0.6350,0.7538,0.8440,0.5695,0.4998,0.7006,0.6350,0.4998,0.4998,0.1229,0.1229,0.3646,0.4302,0.0369,0.0246,0.0574,0.0369,0.4360,0.6565,,0.2205,,62.34,,155.8,163.4,0.892,0.116,
1791426095.615845,0.4998,0.8440,0.9259,0.6350,0.6350,0.7538,0.7006,0.7538,0.5695,0.1966,0.1229,0.4998,0.4998,0.0574,0.0369,0.0205,0.0410,0.4360,0.6570,,0.2210,,62.51,,155.8,162.4,0.853,0.115,
1791426095.647786,0.7538,0.9259,0.7006,0.6350,0.3646,0.6350,0.8440,0.8030,0.4302,0.2991,0.2458,0.4302,0.4302,0.0246,0.0164,0.0410,0.0410,0.4360,0.6575,,0.2215,,62.47,,156.0,162.6,0.767,0.115,
1791426095.6797621,0.4998,0.5695,0.8440,0.5695,0.6350,0.5695,0.7538,0.6350,0.4998,0.3646,0.1229,0.5695,0.4302,0.0410,0.0246,0.0410,0.0369,0.4360,0.6575,,0.2215,,62.83,,155.9,163.5,0.856,0.113,1.434
1791426095.7121906,0.5695,0.5695,0.8030,0.4998,0.6350,0.7006,0.6350,0.6350,0.5695,0.1229,0.2458,0.5695,0.4302,0.0942,0.0205,0.0246,0.0369,0.4360,0.6560,,0.2200,,62.82,,155.4,163.7,0.907,0.113,
1791426095.7466683,0.7006,0.7538,0.7538,0.5695,0.5695,0.7006,0.7538,0.6350,0.6350,0.2991,0.2991,0.4998,0.4998,0.0574,0.0369,0.0574,0.0369,0.4360,0.6570,,0.2210,,62.83,,155.3,163.7,0.912,0.113,
1791426095.7798567,0.6350,0.6350,0.7006,0.7006,0.4998,0.7538,0.7006,0.5695,0.5695,0.2991,0.1966,0.2991,0.3646,0.0246,0.0369,0.0410,0.0369,0.4360,0.6560,,0.2200,,62.95,,155.2,163.9,,0.113,
1791426095.8132095,0.7538,0.6350,0.8030,0.4998,0.7006,0.7006,0.7538,0.7006,0.4302,0.0737,0.3646,0.4302,0.3646,0.0574,0.0246,0.0369,0.0123,0.4360,0.6570,,0.2210,,62.67,,153.8,163.4,0.865,0.114,1.552
1791426095.854071,0.6350,0.5695,0.8440,0.4302,0.6350,0.7538,0.6350,0.6350,0.6350,0.1966,0.2991,0.5695,0.4302,0.0574,0.0246,0.0369,0.0369,0.4360,0.6575,,0.2215,,61.95,,154.4,163.7,0.858,0.118,
1791426095.8860507,0.8440,0.7006,0.8440,0.7006,0.6350,0.7538,0.8030,0.7006,0.7538,0.2991,0.3646,0.3646,0.3646,0.0205,0.0246,0.0737,0.0205,0.4360,0.6565,,0.2205,,62.06,,154.9,163.9,0.857,0.117,1.600
1791426095.9171793,0.8030,0.7538,0.7006,0.6350,0.6350,0.7538,0.7006,0.5695,0.4302,0.2991,0.2458,0.4302,0.4302,0.0942,0.0369,0.0369,0.0410,0.4360,0.6555,,0.2195,,61.72,,154.4,163.4,0.849,0.119,
1791426095.9486277,0.4998,0.8030,0.7538,0.6350,0.5695,0.7538,0.7006,0.5695,0.7538,0.1966,0.2991,0.4998,0.4998,0.0737,0.0246,0.0574,0.0574,0.4410,0.6575,,0.2165,,61.72,,155.3,163.5,0.857,0.118,
1791426095.9799092,0.5695,0.7006,0.7538,0.6350,0.5695,0.7538,0.7538,0.6350,0.3646,0.3646,0.1229,0.4302,0.5695,0.0369,0.0574,0.0246,0.0164,0.4360,0.6555,,0.2195,,61.71,,155.4,163.9,0.870,0.118,1.486
1791426096.0133593,0.7006,0.7006,0.8030,0.6350,0.7538,0.6350,0.7006,0.7006,0.2458,0.2991,0.1229,0.3646,0.4998,0.0205,0.0164,0.0410,0.0410,0.4360,0.6555,,0.2195,,61.84,,155.9,163.6,0.891,0.118,
1791426096.046357,0.6350,0.7006,0.7538,0.4998,0.8440,0.6350,0.8030,0.6350,0.5695,0.2991,0.1557,0.4998,0.4302,0.0410,0.0369,0.0164,0.0369,0.4360,0.6555,,0.2195,,61.89,,155.1,163.9,0.877,0.117,
1791426096.07981,0.3646,0.6350,0.7006,0.5695,0.5695,0.7538,0.8440,0.4998,0.5695,0.2991,0.0942,0.2458,0.2991,0.0737,0.0574,0.0737,0.0410,0.4360,0.6570,,0.2210,,61.94,,155.3,162.5,,0.117,
1791426096.113254,0.7006,0.7006,0.9054,0.7538,0.6350,0.7538,0.8440,0.8030,0.6350,0.2458,0.4302,0.4302,0.4302,0.0942,0.0205,0.0205,0.0410,0.4350,0.6580,,0.2230,,61.91,,155.4,163.4,0.849,0.118,1.492
1791426096.1472514,0.5695,0.8030,0.9054,0.4998,0.6350,0.7538,0.7006,0.4302,0.4302,0.1966,0.4998,0.4998,0.4302,0.0246,0.0205,0.0410,0.0574,0.4360,0.6575,,0.2215,,62.24,,155.3,163.0,0.817,0.116,1.485
1791426096.1865478,0.6350,0.7006,0.7538,0.5695,0.5695,0.5695,0.7006,0.4302,0.5695,0.1557,0.4302,0.5695,0.4302,0.0942,0.0164,0.0410,0.0369,0.4360,0.6570,,0.2210,,62.23,,155.6,163.2,0.940,0.116,1.632
1791426096.2178488,0.6350,0.5695,0.8030,0.4998,0.7006,0.7538,0.8030,0.6350,0.7006,0.1966,0.2991,0.4998,0.4302,0.0574,0.0164,0.0369,0.0123,0.4360,0.6545,,0.2185,,62.63,,155.0,162.5,0.873,0.114,
1791426096.249611,0.4998,0.6350,0.9054,0.6350,0.6350,0.7006,0.7538,0.6350,0.5695,0.2991,0.4302,0.4302,0.5695,0.0942,0.0369,0.0574,0.0369,0.4360,0.6550,,0.2190,,62.84,,155.3,162.6,0.837,0.113,1.533
1791426096.2802603,0.7006,0.8440,0.7006,0.7538,0.6350,0.5695,0.8767,0.6350,0.6350,0.1966,0.4302,0.4998,0.4302,0.0246,0.0410,0.0737,0.0410,0.4360,0.6575,,0.2215,,62.66,,155.4,162.8,0.886,0.114,1.520
1791426096.314174,0.7006,0.7006,0.6350,0.6350,0.6350,0.6350,0.7006,0.5695,0.6350,0.1966,0.2458,0.4302,0.4998,0.0942,0.0410,0.0205,0.0369,0.4360,0.6555,,0.2195,,62.39,,156.3,163.6,0.931,0.115,
1791426096.346995,0.4998,0.7006,0.7538,0.6350,0.6350,0.7006,0.6350,0.5695,0.4302,0.1557,0.4302,0.5695,0.4998,0.0410,0.0164,0.0737,0.0369,0.4360,0.6575,,0.2215,,62.63,,155.5,163.7,0.860,0.114,1.461
1791426096.3806539,0.4998,0.8440,0.7538,0.5695,0.6350,0.7006,0.7006,0.7538,0.7538,0.2991,0.1966,0.4998,0.4302,0.0246,0.0164,0.0574,0.0369,0.4360,0.6535,,0.2175,,62.68,,154.9,163.6,0.913,0.114,
1791426096.413399,0.4998,0.6350,0.8030,0.6350,0.5695,0.6350,0.8030,0.6350,0.6350,0.1966,0.2991,0.6350,0.4998,0.0942,0.0246,0.0410,0.0410,0.4370,0.6560,,0.2190,,63.09,,155.0,164.0,0.891,0.112,
1791426096.4471285,0.8030,0.7538,0.9423,0.6350,0.6350,0.5695,0.5695,0.4998,0.6350,0.1966,0.2458,0.4302,0.4302,0.0205,0.0410,0.0369,0.0205,0.4360,0.6570,,0.2210,,62.76,,155.3,163.7,0.892,0.113,
1791426096.48682,0.6350,0.8030,0.7006,0.5695,0.3646,0.7538,0.6350,0.8030,0.5695,0.2991,0.1557,0.4998,0.4302,0.0574,0.0369,0.0164,0.0205,0.4360,0.6550,,0.2190,,62.67,,156.0,162.8,0.949,0.114,
1791426096.5180476,0.6350,0.9054,0.8440,0.4302,0.6350,0.7006,0.7006,0.6350,0.7006,0.2458,0.2991,0.4998,0.4302,0.0410,0.0369,0.0369,0.0164,0.4360,0.6570,,0.2210,,62.71,,,162.9,0.933,0.113,
1791426096.549769,0.6350,0.8440,0.8030,0.5695,0.7538,0.7006,0.7538,0.5695,0.4998,0.1966,0.1966,0.5695,0.4302,0.0737,0.0246,0.0369,0.0369,0.4360,0.6555,,0.2195,,62.50,,,162.4,0.888,0.114,
1791426096.5825672,0.8030,0.8030,0.8030,0.5695,0.7006,0.7006,0.7538,0.6350,0.7538,0.0942,0.2991,0.4302,0.3646,0.0737,0.0369,0.0410,0.0369,0.4360,0.6560,,0.2200,,62.82,,,162.2,0.787,0.113,
1791426096.6145558,0.7538,0.8030,0.8440,0.4998,0.8030,0.8440,0.4302,0.7538,0.6350,0.1557,0.2458,0.5695,0.4998,0.0410,0.0410,0.0574,0.0123,0.4360,0.6550,,0.2190,,62.79,,,162.9,0.861,0.113,
1791426096.6469066,0.6350,0.9054,0.7538,0.3646,0.5695,0.7538,0.8030,0.7006,0.5695,0.2458,0.4998,0.4998,0.5695,0.0574,0.0410,0.0123,0.0123,0.4360,0.6545,,0.2185,,62.83,,,162.6,0.878,0.113,1.539
1791426096.6799328,0.3646,0.7538,0.8030,0.4998,0.6350,0.7538,0.6350,0.5695,0.5695,0.3646,0.4302,0.4998,0.4998,0.0737,0.0369,0.1229,0.0574,0.4360,0.6570,,0.2210,,62.57,,155.3,162.6,0.824,0.114,1.464
1791426096.7139833,0.7006,0.8440,0.7538,0.6350,0.7006,0.7538,0.8030,0.7006,0.5695,0.4998,0.2991,0.5695,0.4302,0.0574,0.0369,0.0737,0.0369,0.4360,0.6560,,0.2200,,62.67,,155.2,161.4,0.853,0.114,1.450
1791426096.7475493,0.7006,0.7006,0.7538,0.5695,0.8030,0.5695,0.7006,0.4998,0.7538,0.2458,0.4302,0.5695,0.4302,0.0737,0.0246,0.0410,0.0737,0.4360,0.6575,,0.2215,,63.13,,154.3,162.0,0.816,0.112,1.449
1791426096.781303,0.4302,0.7538,0.8030,0.4998,0.8030,0.7006,0.8030,0.4998,0.3646,0.1557,0.1557,0.4302,0.4998,0.0369,0.0164,0.0164,0.0369,0.4360,0.6535,,0.2175,,63.41,,154.7,161.7,0.849,0.110,
1791426096.821053,0.3646,0.7538,0.8030,0.4998,0.5695,0.6350,0.7006,0.4998,0.8030,0.2991,0.3646,0.4302,0.4302,0.0410,0.0574,0.0737,0.0369,0.4360,0.6550,,0.2190,,63.52,,154.2,162.7,0.805,0.109,1.437
1791426096.8521802,0.5695,0.7538,0.8030,0.6350,0.7006,0.7006,0.6350,0.6350,0.7538,0.1229,0.4998,0.3646,0.2458,0.0369,0.0410,0.0369,0.0369,0.4360,0.6560,,0.2200,,63.57,,153.7,161.7,,0.109,1.434
1791426096.8846426,0.7006,0.8440,0.7538,0.4302,0.6350,0.5695,0.7538,0.6350,0.7006,0.2458,0.2991,0.4302,0.4302,0.0246,0.0369,0.0246,0.0369,0.4360,0.6580,,0.2220,,63.18,,154.0,161.5,0.857,0.111,
1791426096.9162266,0.6350,0.7006,0.8440,0.5695,0.7006,0.7538,0.7006,0.6350,0.5695,0.1966,0.3646,0.6350,0.4302,0.0246,0.0410,0.0574,0.0369,0.4360,0.6550,,0.2190,,63.42,,154.2,163.0,0.857,0.110,1.503
1791426096.9484546,0.8030,0.9054,0.8440,0.6350,0.5695,0.6350,0.8440,0.7006,0.7006,0.1966,0.3646,0.4302,0.4998,0.0737,0.0246,0.0205,0.0205,0.4360,0.6570,,0.2210,,63.58,,154.4,163.3,0.853,0.109,1.498
1791426096.9809108,0.4998,0.7538,0.8030,0.6350,0.8030,0.7006,0.7006,0.6350,0.7006,0.2991,0.1557,0.4998,0.4302,0.0410,0.0205,0.0369,0.0369,0.4360,0.6530,,0.2170,,63.50,,154.5,163.1,0.857,0.109,
1791426097.014747,0.7006,0.8030,0.8030,0.6350,0.4998,0.7538,0.8440,0.6350,0.5695,0.2991,0.3646,0.4302,0.3646,0.0737,0.0410,0.0410,0.0123,0.4360,0.6565,,0.2205,,63.29,,153.9,162.8,0.849,0.111,1.524
1791426097.0482419,0.6350,0.8030,0.8440,0.7006,0.8440,0.7006,0.7538,0.5695,0.5695,0.1557,0.3646,0.4302,0.4998,0.0205,0.0369,0.0574,0.0410,0.4360,0.6550,,0.2190,,62.49,,154.5,163.1,0.936,0.114,1.677
1791426097.080842,0.5695,0.7006,0.7006,0.5695,0.6350,0.8030,0.7006,0.5695,0.5695,0.1966,0.2991,0.4998,0.4302,0.0246,0.0246,0.0574,0.0369,0.4360,0.6560,,0.2200,,62.75,,154.1,162.5,0.848,0.113,
1791426097.1218379,0.6350,0.5695,0.7538,0.5695,0.8030,0.7538,0.6350,0.2458,0.3646,0.2991,0.4302,0.4998,0.4998,0.0737,0.0369,0.0574,0.0410,0.4360,0.6545,,0.2185,,63.30,,153.9,163.8,0.817,0.110,1.416
1791426097.153238,0.7538,0.4998,0.8440,0.5695,0.4998,0.7538,0.8030,0.6350,0.6350,0.2991,0.1229,0.4998,0.4302,0.0942,0.0246,0.0369,0.0369,0.4360,0.6570,,0.2210,,62.87,,154.3,162.6,0.877,0.113,
1791426097.1854327,0.7006,0.6350,0.8440,0.7006,0.7006,0.8030,0.8440,0.6350,0.5695,0.0737,0.2991,0.4302,0.2991,0.0737,0.0164,0.0410,0.0164,0.4360,0.6540,,0.2180,,62.88,,154.0,163.1,,0.112,
1791426097.2166007,0.7006,0.7538,0.9054,0.5695,0.8030,0.8030,0.8440,0.5695,0.5695,0.2458,0.2991,0.5695,0.4998,0.0942,0.0205,0.0205,0.0123,0.4350,0.6560,,0.2210,,62.62,,154.0,163.7,0.836,0.114,
1791426097.248399,0.4998,0.9054,0.7538,0.5695,0.8767,0.8030,0.6350,0.3646,0.7538,0.1966,0.2991,0.3646,0.5695,0.1229,0.0164,0.0574,0.0574,0.4360,0.6560,,0.2200,,62.65,,,163.0,0.874,0.114,
1791426097.2812102,0.5695,0.7538,0.7538,0.5695,0.6350,0.7006,0.7006,0.2991,0.4998,0.2991,0.4998,0.4302,0.4302,0.0410,0.0574,0.0737,0.0574,0.4360,0.6545,,0.2185,,63.06,,,164.7,0.832,0.112,1.496
1791426097.3146315,0.4998,0.8767,0.7538,0.6350,0.7538,0.7006,0.9054,0.6350,0.6350,0.2458,0.3646,0.4302,0.4998,0.0737,0.0164,0.0574,0.0369,0.4360,0.6570,,0.2210,,63.16,,,164.6,0.886,0.111,1.472
1791426097.3482797,0.4302,0.8440,0.7538,0.6350,0.8440,0.5695,0.7538,0.4998,0.7006,0.1966,0.1557,0.4302,0.4998,0.0410,0.0246,0.0410,0.0574,0.4360,0.6565,,0.2205,,63.16,,,165.6,0.845,0.111,
1791426097.381243,0.6350,0.5695,0.8030,0.6350,0.8030,0.6350,0.5695,0.4998,0.4302,0.2458,0.4302,0.5695,0.4302,0.0737,0.0205,0.0410,0.0246,0.4360,0.6565,,0.2205,,62.81,,,165.9,0.875,0.113,1.583
1791426097.4154084,0.7538,0.6350,0.7538,0.6350,0.5695,0.7538,0.7538,0.8030,0.7538,0.1966,0.2991,0.4302,0.3646,0.0737,0.0410,0.0369,0.0369,0.4350,0.6560,,0.2210,,62.34,,,165.4,0.849,0.115,
1791426097.455119,0.5695,0.7538,0.6350,0.6350,0.7006,0.4302,0.7538,0.7538,0.6350,0.2991,0.1557,0.3646,0.3646,0.0737,0.0369,0.0410,0.0369,0.4360,0.6565,,0.2205,,62.30,,,164.2,0.832,0.116,
1791426097.4874225,0.4998,0.6350,0.7006,0.7006,0.7538,0.8030,0.8030,0.4998,0.5695,0.1966,0.3646,0.2458,0.2458,0.1229,0.0246,0.0369,0.0369,0.4360,0.6535,,0.2175,,62.62,,,162.9,,0.114,1.535
1791426097.5185542,0.7006,0.7538,0.7006,0.7006,0.6350,0.8030,0.6350,0.7006,0.5695,0.2991,0.2458,0.2991,0.2458,0.0574,0.0574,0.0369,0.0410,0.4360,0.6540,,0.2180,,62.32,,,164.3,,0.115,
1791426097.5500033,0.4998,0.7538,0.7538,0.6350,0.7006,0.7538,0.7538,0.6350,0.7538,0.1557,0.2991,0.5695,0.4302,0.0737,0.0205,0.0369,0.0369,0.4360,0.6560,,0.2200,,62.41,,,164.2,0.909,0.115,
1791426097.5822659,0.7006,0.7538,0.7538,0.5695,0.6350,0.7538,0.7538,0.5695,0.7006,0.4302,0.4302,0.4998,0.4998,0.1229,0.0410,0.0369,0.0410,0.4360,0.6595,,0.2235,,62.43,,154.6,164.4,0.813,0.115,1.429
1791426097.615995,0.6350,0.7538,0.7538,0.5695,0.8030,0.7006,0.8030,0.5695,0.6350,0.4302,0.2991,0.4998,0.4998,0.1557,0.0205,0.0574,0.0410,0.4360,0.6570,,0.2210,,62.59,,154.0,163.6,0.882,0.114,1.456
1791426097.6485028,0.5695,0.7538,0.7538,0.7006,0.7538,0.7006,0.7538,0.7538,0.5695,0.2458,0.2458,0.4998,0.3646,0.0410,0.0164,0.0410,0.0369,0.4360,0.6575,,0.2215,,62.72,,153.7,164.4,0.821,0.114,
1791426097.6820114,0.7006,0.7538,0.7538,0.4998,0.6350,0.7006,0.8030,0.7538,0.6350,0.2991,0.4998,0.4998,0.4998,0.0410,0.0205,0.0369,0.0410,0.4360,0.6520,,0.2160,,62.79,,154.1,163.7,0.943,0.113,1.607
1791426097.7154584,0.8440,0.9054,0.8030,0.5695,0.8440,0.8440,0.8030,0.6350,0.4998,0.3646,0.2991,0.4302,0.4302,0.0246,0.0369,0.0410,0.0574,0.4360,0.6565,,0.2205,,62.53,,153.9,163.7,0.837,0.114,1.436
1791426097.7483594,0.7006,0.7538,0.8030,0.6350,0.4302,0.5695,0.8030,0.7006,0.4998,0.2458,0.3646,0.3646,0.4302,0.0410,0.0246,0.0737,0.0410,0.4400,0.6550,,0.2150,,62.26,,154.4,164.9,0.909,0.115,1.589
1791426097.7894363,0.7538,0.7006,0.6350,0.5695,0.6350,0.7006,0.7006,0.7538,0.4998,0.1557,0.2458,0.3646,0.2458,0.0410,0.0246,0.0574,0.0369,0.4360,0.6555,,0.2195,,62.35,,153.2,164.0,,0.115,
1791426097.8210418,0.5695,0.8030,0.7538,0.4998,0.6350,0.6350,0.7538,0.7006,0.7538,0.1966,0.4302,0.3646,0.4998,0.0369,0.0246,0.0410,0.0410,0.4360,0.6570,,0.2210,,62.26,,153.2,163.9,0.861,0.115,1.530
1791426097.8517814,0.7538,0.8767,0.8767,0.6350,0.6350,0.6350,0.7006,0.5695,0.7538,0.4998,0.4302,0.3646,0.4998,0.0574,0.0164,0.0410,0.0410,0.4350,0.6560,,0.2210,,61.89,,153.5,162.9,0.935,0.117,1.486
1791426097.8841298,0.7006,0.7538,0.9259,0.4998,0.4998,0.7006,0.7006,0.4302,0.6350,0.1229,0.3646,0.4302,0.4998,0.0246,0.0246,0.0410,0.0246,0.4360,0.6535,,0.2175,,61.58,,153.6,164.6,0.911,0.119,1.630
1791426097.9159322,0.6350,0.8440,0.7538,0.4302,0.8030,0.7006,0.7538,0.6350,0.6350,0.0942,0.1966,0.4302,0.4998,0.0369,0.0246,0.0574,0.0123,0.4360,0.6550,,0.2190,,61.66,,153.4,164.8,0.883,0.118,
1791426097.9485173,0.5695,0.5695,0.7006,0.5695,0.8440,0.7538,0.8030,0.7538,0.4998,0.2991,0.3646,0.3646,0.4998,0.0574,0.0369,0.0574,0.0123,0.4360,0.6550,,0.2190,,62.26,,153.1,163.8,0.865,0.115,1.514
1791426097.9832845,0.7006,0.7006,0.8440,0.5695,0.8030,0.6350,0.7006,0.4302,0.8030,0.4302,0.4998,0.4998,0.4302,0.0942,0.0246,0.0410,0.0246,0.4360,0.6540,,0.2180,,62.60,,153.6,164.7,0.894,0.114,1.447
1791426098.015558,0.7538,0.8767,0.5695,0.4302,0.6350,0.7538,0.7538,0.6350,0.6350,0.1557,0.1229,0.5695,0.4302,0.0410,0.0246,0.0410,0.0410,0.4400,0.6565,,0.2165,,62.13,,153.4,163.6,0.910,0.116,
1791426098.0489328,0.7006,0.8030,0.6350,0.6350,0.7006,0.6350,0.8030,0.7006,0.4998,0.2458,0.3646,0.4998,0.4302,0.0574,0.0164,0.0574,0.0205,0.4360,0.6555,,0.2195,,61.73,,154.4,163.4,0.990,0.118,1.700
1791426098.0830045,0.6350,0.7538,0.7538,0.6350,0.4998,0.6350,0.8440,0.6350,0.4998,0.1229,0.3646,0.4998,0.4302,0.0369,0.0246,0.0369,0.0246,0.4360,0.6565,,0.2205,,61.95,,154.4,163.1,0.902,0.117,1.556
1791426098.1221614,0.6350,0.8440,0.9259,0.6350,0.7006,0.5695,0.7006,0.6350,0.6350,0.0737,0.4302,0.5695,0.4302,0.0410,0.0246,0.0574,0.0574,0.4360,0.6565,,0.2205,,62.07,,154.0,163.8,0.820,0.116,1.445
1791426098.1542532,0.7538,0.8030,0.8030,0.4302,0.6350,0.6350,0.7538,0.7006,0.7006,0.2991,0.1229,0.5695,0.4302,0.0574,0.0205,0.0737,0.0123,0.4360,0.6545,,0.2185,,62.46,,154.5,163.5,0.905,0.114,
1791426098.1869404,0.5695,0.8030,0.7538,0.4998,0.5695,0.4998,0.7538,0.7006,0.5695,0.1966,0.3646,0.5695,0.4302,0.0574,0.0574,0.0369,0.0369,0.4360,0.6545,,0.2185,,62.36,,154.5,163.6,0.832,0.115,1.546
1791426098.2178385,0.6350,0.8440,0.9259,0.6350,0.7538,0.7006,0.7538,0.4998,0.7538,0.2458,0.1966,0.4998,0.4302,0.0410,0.0410,0.0369,0.0164,0.4360,0.6560,,0.2200,,62.64,,154.3,164.0,0.853,0.113,
1791426098.2495272,0.6350,0.8030,0.8767,0.5695,0.4998,0.7538,0.7006,0.8030,0.6350,0.1557,0.3646,0.4998,0.4998,0.0205,0.0410,0.0164,0.0369,0.4400,0.6575,,0.2175,,62.48,,154.8,164.7,0.865,0.114,1.502
1791426098.2833254,0.7006,0.9054,0.8767,0.4302,0.7006,0.7006,0.8030,0.5695,0.4998,0.1966,0.5695,0.4998,0.4998,0.0942,0.0246,0.0369,0.0410,0.4350,0.6550,,0.2200,,62.13,,154.8,163.9,0.861,0.116,1.581
1791426098.3161304,0.5695,0.4998,0.8440,0.4998,0.5695,0.7006,0.8030,0.6350,0.5695,0.0737,0.4302,0.3646,0.4302,0.0205,0.0369,0.0164,0.0369,0.4410,0.6550,,0.2140,,62.00,,153.8,163.8,0.836,0.116,1.525
1791426098.3501384,0.5695,0.7538,0.7006,0.4998,0.7006,0.7006,0.8030,0.6350,0.4998,0.4998,0.3646,0.4302,0.2458,0.0410,0.0369,0.0369,0.0164,0.4360,0.6565,,0.2205,,62.56,,153.7,164.7,,0.113,1.400
1791426098.3835838,0.8767,0.7538,0.8440,0.6350,0.7006,0.7006,0.8767,0.7006,0.5695,0.1557,0.3646,0.4302,0.4302,0.0410,0.0246,0.0574,0.0205,0.4360,0.6575,,0.2215,,62.85,,153.2,165.1,0.828,0.112,1.523
1791426098.416281,0.7538,0.8030,0.7538,0.5695,0.6350,0.6350,0.5695,0.7006,0.4302,0.1966,0.3646,0.3646,0.4302,0.0410,0.0164,0.0574,0.0369,0.4360,0.6525,,0.2165,,62.62,,152.3,164.2,0.874,0.113,1.549
1791426098.4504273,0.7006,0.8030,0.9259,0.4998,0.7006,0.5695,0.7538,0.6350,0.6350,0.1966,0.2991,0.4302,0.4998,0.0369,0.0574,0.0737,0.0369,0.4360,0.6550,,0.2190,,62.76,,152.7,163.5,0.825,0.113,
1791426098.4892843,0.4998,0.7006,0.7538,0.4998,0.7538,0.7006,0.8030,0.8030,0.7006,0.3646,0.4302,0.4302,0.3646,0.0737,0.0246,0.0410,0.0410,0.4420,0.6570,,0.2150,,62.52,,153.1,163.8,0.870,0.113,1.435
1791426098.5209591,0.7006,0.6350,0.7538,0.5695,0.7006,0.7006,0.7538,0.6350,0.7538,0.1557,0.1557,0.4998,0.4302,0.0737,0.0369,0.0410,0.0369,0.4360,0.6555,,0.2195,,62.97,,153.4,164.0,0.828,0.111,
1791426098.5521631,0.7538,0.7538,0.8030,0.4998,0.8030,0.8440,0.7538,0.7006,0.5695,0.4302,0.3646,0.4998,0.4998,0.0574,0.0410,0.0410,0.0574,0.4360,0.6555,,0.2195,,63.19,,154.0,162.9,0.877,0.110,1.400
1791426098.5837383,0.7538,0.7538,0.7006,0.5695,0.6350,0.7006,0.7006,0.6350,0.6350,0.1966,0.4302,0.5695,0.4998,0.0410,0.0205,0.0574,0.0205,0.4360,0.6570,,0.2210,,63.13,,153.9,163.5,0.849,0.111,1.530
1791426098.616359,0.7006,0.8030,0.7006,0.4302,0.7006,0.7538,0.7538,0.7006,0.5695,0.1557,0.2991,0.5695,0.4998,0.0574,0.0082,0.0369,0.0205,0.4360,0.6575,,0.2215,,63.36,,153.7,163.9,0.841,0.110,
1791426098.6494975,0.8440,0.8030,0.8030,0.4302,0.7006,0.7538,0.5695,0.6350,0.6350,0.1966,0.1557,0.4302,0.4302,0.0574,0.0205,0.0369,0.0246,0.4360,0.6560,,0.2200,,63.38,,153.5,162.6,0.860,0.110,
1791426098.682917,0.6350,0.7538,0.7538,0.4998,0.8440,0.6350,0.8030,0.7006,0.6350,0.2991,0.3646,0.4302,0.4302,0.0246,0.0246,0.0737,0.0369,0.4360,0.6560,,0.2200,,63.40,,153.6,162.6,0.857,0.110,1.483
1791426098.7168481,0.4998,0.8440,0.8767,0.6350,0.5695,0.6350,0.7538,0.6350,0.5695,0.1966,0.1557,0.4302,0.2991,0.0246,0.0246,0.0737,0.0737,0.4360,0.6565,,0.2205,,63.48,,154.0,163.2,,0.110,
1791426098.7497427,0.5695,0.8440,0.7006,0.4998,0.8030,0.7538,0.7538,0.7538,0.7006,0.2458,0.4998,0.4998,0.4302,0.0942,0.0164,0.0574,0.0164,0.4360,0.6570,,0.2210,,62.93,,154.7,162.4,0.914,0.112,1.655
1791426098.7829862,0.5695,0.8440,0.8030,0.6350,0.6350,0.8030,0.5695,0.6350,0.6350,0.4302,0.2991,0.4998,0.4998,0.0737,0.0574,0.0369,0.0369,0.4360,0.6555,,0.2195,,63.09,,154.9,163.1,0.861,0.112,1.442
1791426098.8230293,0.5695,0.6350,0.8440,0.4998,0.7006,0.7006,0.6350,0.6350,0.4998,0.2991,0.3646,0.5695,0.4998,0.0737,0.0410,0.0942,0.0574,0.4360,0.6565,,0.2205,,63.42,,154.6,162.7,0.865,0.110,1.446
1791426098.8530633,0.6350,0.7538,0.8030,0.3646,0.7538,0.7006,0.8030,0.7006,0.4998,0.4998,0.1966,0.4998,0.4302,0.0369,0.0205,0.0369,0.0246,0.4350,0.6560,,0.2210,,63.25,,153.9,162.3,0.817,0.111,1.408
1791426098.8855536,0.5695,0.7006,0.8767,0.5695,0.6350,0.6350,0.7006,0.4302,0.6350,0.2458,0.4302,0.4302,0.4302,0.1229,0.0246,0.0410,0.0369,0.4360,0.6545,,0.2185,,63.71,,154.4,162.9,0.829,0.109,1.439
1791426098.916987,0.7006,0.7006,0.8030,0.5695,0.7006,0.6350,0.7538,0.7006,0.6350,0.2458,0.0737,0.4302,0.2991,0.0410,0.0369,0.0410,0.0369,0.4360,0.6545,,0.2185,,63.95,,153.9,162.7,,0.107,
1791426098.950475,0.7538,0.7006,0.5695,0.4998,0.7538,0.6350,0.6350,0.7538,0.6350,0.1966,0.1966,0.4302,0.4302,0.0737,0.0164,0.0164,0.0369,0.4360,0.6540,,0.2180,,64.10,,154.4,162.8,0.836,0.107,
1791426098.9834688,0.8030,0.6350,0.7538,0.4998,0.8030,0.7006,0.8030,0.7006,0.5695,0.1229,0.2458,0.4998,0.4998,0.0246,0.0369,0.0410,0.0574,0.4360,0.6560,,0.2200,,64.03,,154.5,162.9,0.869,0.107,
1791426099.0164835,0.7538,0.8030,0.8440,0.7006,0.7006,0.6350,0.7538,0.7006,0.6350,0.1966,0.1966,0.4998,0.4998,0.0574,0.0164,0.0246,0.0123,0.4360,0.6565,,0.2205,,63.79,,153.7,162.1,0.848,0.108,
1791426099.050207,0.7538,0.7006,0.6350,0.4998,0.5695,0.7006,0.7006,0.7006,0.5695,0.2991,0.4998,0.5695,0.4998,0.0737,0.0410,0.0369,0.0410,0.4360,0.6570,,0.2210,,63.68,,152.9,162.1,0.895,0.109,1.544
1791426099.083263,0.3646,0.7538,0.7538,0.5695,0.4998,0.7538,0.6350,0.5695,0.5695,0.1557,0.4302,0.4302,0.4302,0.0574,0.0574,0.0410,0.0369,0.4360,0.6565,,0.2205,,64.03,,153.3,163.2,0.828,0.107,1.406
1791426099.122858,0.7538,0.8030,0.7006,0.6350,0.6350,0.8440,0.7538,0.7538,0.7006,0.1229,0.2458,0.6350,0.4302,0.0942,0.0574,0.0164,0.0164,0.4360,0.6520,,0.2160,,64.17,,153.4,164.2,0.869,0.106,
1791426099.1549492,0.6350,0.8440,0.7538,0.6350,0.4998,0.6350,0.7006,0.4998,0.4998,0.1557,0.1557,0.3646,0.4302,0.0574,0.0369,0.0574,0.0410,0.4360,0.6540,,0.2180,,64.13,,153.4,164.4,0.857,0.106,
1791426099.186344,0.6350,0.7538,0.8030,0.5695,0.7006,0.6350,0.7538,0.4998,0.7538,0.3646,0.3646,0.3646,0.4998,0.0737,0.0164,0.0410,0.0164,0.4360,0.6570,,0.2210,,63.88,,153.9,163.9,0.866,0.108,1.464
1791426099.2174678,0.7006,0.7538,0.7538,0.4998,0.5695,0.7538,0.7538,0.8440,0.6350,0.4302,0.4302,0.4302,0.3646,0.0410,0.0369,0.0410,0.0164,0.4360,0.6575,,0.2215,,63.35,,153.4,163.2,0.857,0.110,1.399
1791426099.2502537,0.5695,0.8030,0.7006,0.6350,0.7006,0.7538,0.6350,0.5695,0.6350,0.2991,0.2458,0.4998,0.4998,0.0205,0.0123,0.0369,0.0369,0.4360,0.6560,,0.2200,,63.37,,154.2,162.9,0.925,0.110,
1791426099.2835822,0.6350,0.8440,0.8767,0.6350,0.7538,0.5695,0.7006,0.6350,0.5695,0.1557,0.1557,0.4998,0.4998,0.1229,0.0410,0.0410,0.0164,0.4360,0.6540,,0.2180,,63.21,,153.9,162.5,0.935,0.111,
1791426099.3171833,0.7538,0.4302,0.8767,0.5695,0.7006,0.6350,0.7006,0.6350,0.6350,0.0942,0.2458,0.4998,0.5695,0.0942,0.0246,0.0574,0.0369,0.4360,0.6550,,0.2190,,62.96,,154.0,162.2,0.917,0.112,
1791426099.3502178,0.8440,0.5695,0.7006,0.5695,0.7006,0.6350,0.8030,0.6350,0.7006,0.1229,0.1966,0.4998,0.4998,0.0574,0.0369,0.0246,0.0164,0.4360,0.6580,,0.2220,,63.03,,154.5,162.6,0.841,0.112,
1791426099.3837485,0.4998,0.7538,0.6350,0.4998,0.7006,0.8030,0.8030,0.5695,0.6350,0.1229,0.3646,0.4998,0.4998,0.0737,0.0574,0.0369,0.0205,0.4360,0.6575,,0.2215,,63.14,,154.3,162.9,0.853,0.112,1.477
1791426099.4169772,0.8440,0.6350,0.7538,0.5695,0.8030,0.7538,0.7538,0.7006,0.5695,0.1557,0.4302,0.3646,0.2458,0.0410,0.0574,0.0737,0.0369,0.4360,0.6570,,0.2210,,63.16,,153.9,163.2,,0.112,1.552
1791426099.456334,0.7538,0.5695,0.7006,0.5695,0.6350,0.6350,0.5695,0.7006,0.6350,0.1966,0.2991,0.4998,0.4302,0.0410,0.0369,0.0410,0.0205,0.4360,0.6550,,0.2190,,63.35,,154.5,162.7,0.938,0.110,
1791426099.4891725,0.7006,0.4998,0.6350,0.4998,0.5695,0.7006,0.7538,0.7006,0.5695,0.1966,0.1966,0.5695,0.4998,0.1229,0.0205,0.0410,0.0205,0.4360,0.6550,,0.2190,,63.48,,154.5,163.1,0.901,0.110,
1791426099.519789,0.7006,0.4302,0.8030,0.5695,0.7538,0.5695,0.6350,0.6350,0.7538,0.2991,0.2458,0.4998,0.4302,0.0410,0.0369,0.0574,0.0369,0.4350,0.6555,,0.2205,,63.14,,154.3,163.7,0.936,0.111,
1791426099.5522008,0.4998,0.5695,0.7006,0.6350,0.6350,0.7006,0.6350,0.6350,0.5695,0.2458,0.1966,0.3646,0.4998,0.0246,0.0737,0.0410,0.0369,0.4360,0.6555,,0.2195,,63.62,,154.0,163.2,0.800,0.109,
1791426099.5842898,0.4302,0.6350,0.9259,0.4998,0.5695,0.4302,0.8030,0.6350,0.7006,0.1557,0.2458,0.4998,0.4998,0.0737,0.0205,0.0574,0.0205,0.4360,0.6585,,0.2225,,63.50,,154.7,162.5,0.801,0.110,
1791426099.6168766,0.7538,0.8440,0.7538,0.5695,0.7006,0.7006,0.8030,0.5695,0.4302,0.0942,0.4998,0.4998,0.4998,0.0246,0.0205,0.0164,0.0574,0.4360,0.6555,,0.2195,,63.74,,154.0,162.9,0.833,0.109,1.440
1791426099.6513035,0.5695,0.5695,0.8030,0.4998,0.4998,0.7006,0.5695,0.6350,0.4998,0.4998,0.2991,0.3646,0.4998,0.0369,0.0123,0.0737,0.0164,0.4360,0.6565,,0.2205,,63.34,,154.2,162.6,0.914,0.111,1.516
1791426099.6840005,0.5695,0.8030,0.7538,0.4302,0.5695,0.7538,0.7538,0.7006,0.8030,0.1966,0.4998,0.4302,0.4302,0.0205,0.0246,0.0164,0.0123,0.4360,0.6560,,0.2200,,63.29,,154.6,161.8,0.885,0.111,1.494
1791426099.7183685,0.7538,0.4998,0.8030,0.4998,0.6350,0.7006,0.7006,0.7006,0.5695,0.2458,0.2458,0.4998,0.4998,0.0942,0.0164,0.0410,0.0574,0.4360,0.6570,,0.2210,,63.67,,154.7,161.5,0.821,0.109,
1791426099.7583416,0.7006,0.7006,0.7538,0.5695,0.5695,0.7006,0.6350,0.7006,0.5695,0.2991,0.2458,0.4302,0.3646,0.0737,0.0164,0.0369,0.0123,0.4360,0.6545,,0.2185,,63.86,,155.4,160.1,0.832,0.108,
1791426099.7900016,0.4998,0.3646,0.7538,0.5695,0.4998,0.7538,0.7538,0.7006,0.7006,0.0942,0.0737,0.3646,0.3646,0.0410,0.0205,0.0574,0.0205,0.4360,0.6575,,0.2215,,64.07,,155.0,160.0,0.829,0.107,
1791426099.8218453,0.7538,0.6350,0.7006,0.7006,0.7006,0.4302,0.7006,0.7006,0.6350,0.2458,0.2458,0.4302,0.3646,0.0942,0.0123,0.0246,0.0123,0.4360,0.6580,,0.2220,,63.92,,154.8,161.2,0.857,0.108,
1791426099.8536205,0.7538,0.4302,0.8030,0.5695,0.4302,0.7006,0.9054,0.6350,0.4998,0.2458,0.2458,0.4302,0.5695,0.0574,0.0369,0.0410,0.0205,0.4360,0.6565,,0.2205,,64.23,,155.5,162.0,0.860,0.106,
1791426099.8843231,0.7006,0.5695,0.7538,0.4998,0.6350,0.7538,0.7006,0.6350,0.4998,0.0942,0.3646,0.4302,0.4302,0.0737,0.0369,0.0369,0.0369,0.4360,0.6540,,0.2180,,64.24,,155.6,162.4,0.841,0.106,1.470
1791426099.9180212,0.7538,0.5695,0.7006,0.5695,0.4998,0.7006,0.7538,0.7006,0.5695,0.0574,0.4302,0.3646,0.4302,0.0369,0.0205,0.0410,0.0574,0.4360,0.6550,,0.2190,,64.14,,154.6,162.9,0.873,0.107,1.536
1791426099.950849,0.8440,0.4998,0.8440,0.6350,0.7006,0.7006,0.8030,0.4998,0.4998,0.1966,0.4302,0.4302,0.4998,0.0737,0.0369,0.0246,0.0205,0.4360,0.6565,,0.2205,,63.66,,154.4,161.9,0.887,0.109,1.585
1791426099.984289,0.5695,0.5695,0.7538,0.6350,0.5695,0.6350,0.7006,0.7006,0.6350,0.1557,0.3646,0.4998,0.4302,0.0410,0.0369,0.0410,0.0246,0.4370,0.6535,,0.2165,,63.34,,154.8,162.6,0.903,0.110,1.540
1791426100.0178463,0.7006,0.7006,0.8030,0.4998,0.7538,0.7006,0.7538,0.7006,0.7006,0.1229,0.4302,0.4302,0.4998,0.0737,0.0574,0.0369,0.0123,0.4360,0.6530,,0.2170,,63.24,,155.3,163.1,0.933,0.110,1.583
1791426100.051738,0.4998,0.3646,0.8440,0.5695,0.6350,0.7006,0.7006,0.6350,0.4998,0.0942,0.1557,0.4998,0.3646,0.2458,0.1229,0.0574,0.0246,0.4360,0.6565,,0.2205,,63.30,,154.5,163.7,0.869,0.110,
1791426100.09031,0.5695,0.4998,0.7538,0.6350,0.7538,0.7006,0.7006,0.6350,0.7006,0.1229,0.2991,0.4998,0.4998,0.0369,0.0410,0.0410,0.0410,0.4360,0.6560,,0.2200,,63.33,,154.6,163.2,0.853,0.110,
1791426100.1230912,0.4302,0.5695,0.9259,0.4302,0.6350,0.7006,0.7538,0.6350,0.7006,0.3646,0.4302,0.4998,0.3646,0.0574,0.0246,0.0574,0.0164,0.4360,0.6545,,0.2185,,63.19,,154.5,163.6,0.857,0.111,1.484
1791426100.153846,0.6350,0.4998,0.7006,0.7006,0.7538,0.7538,0.7538,0.7006,0.6350,0.0942,0.4302,0.3646,0.4998,0.0942,0.0574,0.0410,0.0410,0.4360,0.6560,,0.2200,,63.57,,154.6,163.3,0.829,0.109,1.377
1791426100.1860683,0.5695,0.4302,0.8030,0.4302,0.3646,0.5695,0.7006,0.6350,0.6350,0.1557,0.2458,0.5695,0.4302,0.1229,0.0123,0.0737,0.0164,0.4360,0.6565,,0.2205,,63.75,,154.5,164.0,0.857,0.108,
1791426100.2179294,0.4998,0.4302,0.7538,0.4302,0.7006,0.6350,0.7006,0.4302,0.8440,0.0574,0.2991,0.5695,0.3646,0.0737,0.0369,0.0737,0.0205,0.4360,0.6560,,0.2200,,63.62,,153.4,164.2,0.849,0.109,
1791426100.2515087,0.6350,0.4998,0.8030,0.4302,0.6350,0.5695,0.7538,0.6350,0.7006,0.3646,0.5695,0.4998,0.3646,0.0369,0.0369,0.0942,0.0369,0.4360,0.6595,,0.2235,,63.39,,154.1,163.9,0.833,0.110,1.394
1791426100.285418,0.7006,0.6350,0.7006,0.5695,0.8030,0.7538,0.8030,0.7006,0.4998,0.0737,0.4302,0.4998,0.4998,0.0205,0.0246,0.0246,0.0574,0.4360,0.6545,,0.2185,,63.31,,154.8,162.7,0.939,0.111,1.571
1791426100.3187037,0.4302,0.4302,0.7538,0.5695,0.7538,0.7006,0.7006,0.7538,0.4302,0.3646,0.3646,0.4998,0.4302,0.0574,0.0205,0.0369,0.0369,0.4350,0.6560,,0.2210,,63.36,,154.9,161.3,0.906,0.110,1.546
1791426100.351923,0.7538,0.4998,0.7006,0.5695,0.7006,0.6350,0.7006,0.7006,0.5695,0.0942,0.0737,0.4302,0.4998,0.0737,0.0369,0.0737,0.0164,0.4360,0.6570,,0.2210,,63.68,,155.1,161.7,0.870,0.109,
1791426100.3863366,0.5695,0.4998,0.7538,0.4998,0.6350,0.7006,0.7006,0.8030,0.6350,0.3646,0.3646,0.2991,0.3646,0.1557,0.0205,0.0205,0.0164,0.4360,0.6580,,0.2220,,63.79,,155.3,162.2,,0.109,1.352
1791426100.4249249,0.7538,0.7538,0.7006,0.6350,0.6350,0.7006,0.7006,0.6350,0.5695,0.3646,0.2991,0.4998,0.4302,0.0369,0.0123,0.0410,0.0369,0.4370,0.6565,,0.2195,,63.91,,155.1,161.7,0.821,0.108,1.409
1791426100.4559617,0.4302,0.7006,0.9259,0.4998,0.4998,0.6350,0.7006,0.5695,0.5695,0.0942,0.0942,0.4302,0.4302,0.1229,0.0369,0.0574,0.0246,0.4360,0.6555,,0.2195,,63.89,,155.9,161.0,0.862,0.108,
1791426100.488033,0.3646,0.4998,0.8440,0.5695,0.4302,0.3646,0.7538,0.7006,0.5695,0.0942,0.3646,0.2458,0.4302,0.0942,0.0205,0.0369,0.0410,0.4360,0.6595,,0.2235,,63.94,,155.1,162.2,,0.108,1.481
1791426100.520192,0.6350,0.5695,0.9054,0.4302,0.7006,0.6350,0.7538,0.5695,0.4998,0.1966,0.4302,0.4998,0.4302,0.0737,0.0410,0.0369,0.0369,0.4360,0.6570,,0.2210,,63.81,,154.8,163.2,0.902,0.109,1.494
1791426100.5525959,0.4998,0.5695,0.7006,0.6350,0.6350,0.5695,0.8030,0.7006,0.4998,0.1966,0.1966,0.4302,0.4998,0.0246,0.0164,0.0574,0.0246,0.4370,0.6570,,0.2200,,63.67,,154.9,163.5,0.874,0.109,
1791426100.586103,0.4998,0.4998,0.5695,0.4302,0.4998,0.7006,0.7538,0.6350,0.7006,0.1966,0.3646,0.4302,0.4302,0.0369,0.0205,0.0369,0.0410,0.4360,0.6575,,0.2215,,63.39,,154.4,164.6,0.857,0.111,1.423
1791426100.6188157,0.7006,0.6350,0.7538,0.4998,0.4998,0.6350,0.7538,0.7538,0.6350,0.1229,0.2991,0.4998,0.4998,0.0205,0.0164,0.0164,0.0369,0.4360,0.6535,,0.2175,,63.07,,154.5,165.0,0.935,0.112,
1791426100.6528635,0.4998,0.7006,0.5695,0.4998,0.6350,0.7006,0.7538,0.7006,0.7006,0.2458,0.1557,0.4302,0.3646,0.0574,0.0410,0.0410,0.0164,0.4360,0.6560,,0.2200,,62.49,,155.1,165.1,0.930,0.115,
1791426100.685538,0.6350,0.5695,0.8030,0.3646,0.7006,0.7006,0.6350,0.6350,0.4998,0.1557,0.2458,0.4998,0.4998,0.0737,0.0369,0.0410,0.0164,0.4350,0.6535,,0.2185,,62.79,,155.9,165.5,0.911,0.113,
1791426100.7248027,0.5695,0.5695,0.7006,0.4998,0.6350,0.7006,0.7538,0.5695,0.4998,0.1557,0.4998,0.4302,0.4998,0.0369,0.0246,0.0164,0.0164,0.4370,0.6505,,0.2135,,62.36,,155.8,165.3,0.932,0.114,1.596
1791426100.7567272,0.7006,0.5695,0.8440,0.5695,0.7006,0.7006,0.8440,0.6350,0.4302,0.2458,0.1966,0.4998,0.4998,0.0574,0.0410,0.0369,0.0164,0.4360,0.6560,,0.2200,,62.91,,155.2,165.6,0.845,0.112,
1791426100.788476,0.7538,0.7006,0.7538,0.4998,0.7006,0.6350,0.6350,0.6350,0.5695,0.3646,0.3646,0.3646,0.4302,0.0410,0.0246,0.0574,0.0123,0.4360,0.6525,,0.2165,,62.59,,154.7,166.5,0.888,0.113,1.569
1791426100.8215246,0.7006,0.4302,0.7538,0.4998,0.5695,0.7538,0.7006,0.6350,0.7006,0.2458,0.3646,0.4998,0.4998,0.0737,0.0410,0.0369,0.0164,0.4360,0.6570,,0.2210,,62.30,,154.9,166.1,0.895,0.115,1.521
1791426100.8519855,0.4302,0.4302,0.7006,0.5695,0.8030,0.7538,0.8030,0.6350,0.6350,0.1966,0.2991,0.2458,0.3646,0.0246,0.0369,0.0410,0.0123,0.4360,0.6570,,0.2210,,62.35,,155.1,166.0,,0.115,
1791426100.8861594,0.5695,0.4998,0.8030,0.4302,0.5695,0.8030,0.7006,0.7006,0.7006,0.2458,0.1557,0.4998,0.4998,0.0410,0.0205,0.0410,0.0123,0.4360,0.6560,,0.2200,,62.37,,155.0,166.0,0.874,0.115,
1791426100.9195008,0.6350,0.6350,0.8767,0.4998,0.7006,0.6350,0.5695,0.7538,0.6350,0.2991,0.4302,0.5695,0.4302,0.0737,0.0164,0.0574,0.0246,0.4360,0.6560,,0.2200,,62.31,,155.0,164.7,0.886,0.115,1.544
1791426100.9523916,0.6350,0.4302,0.8030,0.6350,0.8030,0.7006,0.6350,0.7006,0.5695,0.2458,0.3646,0.4998,0.4302,0.0574,0.0205,0.0369,0.0164,0.4360,0.6555,,0.2195,,62.40,,155.1,164.2,0.857,0.115,1.545
1791426100.986529,0.4998,0.6350,0.9423,0.6350,0.6350,0.7538,0.7538,0.7006,0.7006,0.2991,0.3646,0.4998,0.4302,0.0246,0.0246,0.0410,0.0164,0.4360,0.6555,,0.2195,,62.25,,156.1,164.7,0.932,0.116,1.566
1791426101.0265179,0.4998,0.7538,0.8767,0.4998,0.5695,0.7006,0.8030,0.5695,0.7538,0.2458,0.3646,0.4302,0.2991,0.0369,0.0246,0.0410,0.0369,0.4360,0.6550,,0.2190,,62.66,,155.9,165.5,,0.113,1.428
1791426101.058222,0.7538,0.4302,0.6350,0.7538,0.7006,0.7006,0.7538,0.7538,0.8030,0.1229,0.1557,0.3646,0.3646,0.0574,0.0164,0.0369,0.0123,0.4360,0.6565,,0.2205,,62.63,,155.6,165.9,0.891,0.114,
1791426101.0908082,0.4998,0.4998,0.7538,0.4998,0.6350,0.8030,0.7538,0.7006,0.4998,0.2458,0.1966,0.4998,0.4998,0.1229,0.0369,0.0574,0.0410,0.4360,0.6545,,0.2185,,63.28,,155.2,165.3,0.841,0.110,
1791426101.122396,0.7006,0.7538,0.7006,0.4998,0.7006,0.7006,0.7006,0.2991,0.7006,0.3646,0.2991,0.4998,0.4302,0.0410,0.0369,0.0369,0.0369,0.4360,0.6575,,0.2215,,63.47,,154.7,165.3,0.841,0.110,1.387
1791426101.1542296,0.8030,0.4302,0.8030,0.5695,0.7538,0.7538,0.7006,0.5695,0.5695,0.2458,0.2991,0.4302,0.4998,0.0410,0.0205,0.0369,0.0123,0.4360,0.6555,,0.2195,,63.74,,155.5,165.7,0.899,0.108,
1791426101.1856143,0.5695,0.4302,0.7006,0.4998,0.3646,0.7538,0.8440,0.4998,0.6350,0.2991,0.2458,0.4302,0.3646,0.0410,0.0369,0.0410,0.0574,0.4360,0.6555,,0.2195,,64.06,,155.0,165.5,0.809,0.107,
1791426101.2193987,0.4998,0.4998,0.7538,0.6350,0.6350,0.7538,0.7538,0.7006,0.6350,0.2991,0.3646,0.4998,0.4998,0.0737,0.0574,0.0410,0.0123,0.4360,0.6535,,0.2175,,63.89,,155.2,165.4,0.899,0.107,1.536
1791426101.2526307,0.7538,0.4998,0.6350,0.4998,0.7006,0.7006,0.5695,0.4998,0.7538,0.2458,0.4302,0.4302,0.4998,0.0205,0.0246,0.0369,0.0369,0.4360,0.6565,,0.2205,,63.68,,155.6,165.8,0.903,0.109,1.537
1791426101.287082,0.6350,0.6350,0.6350,0.4302,0.7538,0.7538,0.5695,0.7006,0.7538,0.1966,0.1557,0.4998,0.4998,0.0737,0.0205,0.0369,0.0369,0.4360,0.6565,,0.2205,,63.65,,156.1,166.2,0.934,0.109,
1791426101.3277836,0.5695,0.5695,0.4998,0.5695,0.4302,0.7538,0.8030,0.6350,0.4998,0.1557,0.3646,0.2458,0.4998,0.0246,0.0164,0.0205,0.0410,0.4360,0.6540,,0.2180,,63.84,,155.8,166.4,,0.108,1.489
1791426101.3599844,0.7006,0.4302,0.5695,0.4302,0.5695,0.7006,0.7006,0.7006,0.7006,0.3646,0.2991,0.4998,0.4302,0.0574,0.0164,0.0737,0.0369,0.4370,0.6535,,0.2165,,63.48,,155.6,166.4,0.866,0.109,1.537
1791426101.390421,0.5695,0.4998,0.7006,0.4998,0.7538,0.7538,0.8030,0.7006,0.4302,0.1966,0.1557,0.4302,0.4302,0.0737,0.0205,0.0369,0.0369,0.4360,0.6560,,0.2200,,63.00,,155.1,165.3,0.824,0.112,
1791426101.4229853,0.7006,0.4998,0.5695,0.4998,0.7006,0.6350,0.8440,0.4302,0.4998,0.2991,0.3646,0.3646,0.4302,0.0205,0.0410,0.0410,0.0369,0.4360,0.6560,,0.2200,,63.29,,154.9,165.6,0.829,0.110,1.500
1791426101.4540641,0.6350,0.7006,0.6350,0.4998,0.4998,0.5695,0.7538,0.5695,0.7006,0.2458,0.0942,0.4998,0.4998,0.0942,0.0246,0.0369,0.0369,0.4360,0.6565,,0.2205,,63.27,,154.5,164.0,0.861,0.111,
1791426101.4872096,0.8030,0.4998,0.7538,0.4302,0.7006,0.7006,0.8030,0.7538,0.8030,0.2991,0.4998,0.4302,0.2991,0.0737,0.0164,0.0410,0.0574,0.4360,0.6570,,0.2210,,63.53,,154.3,164.4,,0.109,1.474
1791426101.5195644,0.8030,0.4302,0.6350,0.4998,0.5695,0.6350,0.7006,0.7006,0.4998,0.3646,0.2991,0.5695,0.4302,0.0574,0.0246,0.0369,0.0369,0.4360,0.6555,,0.2195,,63.64,,154.5,163.5,0.861,0.109,1.449
1791426101.5532622,0.7006,0.5695,0.7538,0.4998,0.7006,0.8030,0.6350,0.5695,0.7006,0.1557,0.1557,0.4302,0.3646,0.0942,0.0369,0.0164,0.0164,0.4360,0.6565,,0.2205,,63.68,,154.2,163.2,0.841,0.109,
1791426101.5883896,0.4998,0.4998,0.6350,0.4998,0.4998,0.7006,0.7006,0.7006,0.4302,0.2991,0.4302,0.4998,0.4998,0.0246,0.0410,0.0369,0.0369,0.4360,0.6565,,0.2205,,64.06,,154.2,164.0,0.865,0.107,1.502
1791426101.6288955,0.4998,0.4302,0.6350,0.4998,0.4998,0.5695,0.6350,0.5695,0.5695,0.2458,0.3646,0.4302,0.4302,0.0737,0.0369,0.0369,0.0369,0.4360,0.6575,,0.2215,,64.24,,154.2,164.6,0.837,0.106,1.433
1791426101.6597574,0.8030,0.4998,0.7538,0.4998,0.7006,0.7006,0.7538,0.7006,0.4998,0.2458,0.2991,0.5695,0.4302,0.0246,0.0369,0.0410,0.0164,0.4360,0.6555,,0.2195,,64.01,,154.2,164.7,0.890,0.107,
1791426101.6920197,0.6350,0.4998,0.7538,0.4998,0.5695,0.8030,0.7006,0.6350,0.5695,0.1557,0.0574,0.3646,0.4998,0.0737,0.0123,0.0164,0.0410,0.4360,0.6565,,0.2205,,63.77,,154.2,164.1,0.869,0.108,
1791426101.7242157,0.7006,0.4302,0.8030,0.4998,0.6350,0.6350,0.5695,0.8030,0.3646,0.2458,0.1557,0.2991,0.4302,0.0737,0.0369,0.0246,0.0164,0.4360,0.6560,,0.2200,,64.04,,154.0,164.4,,0.107,
1791426101.7557428,0.7538,0.4998,0.8767,0.5695,0.4302,0.8030,0.8440,0.5695,0.6350,0.1557,0.5695,0.4998,0.4302,0.0942,0.0410,0.0410,0.0164,0.4360,0.6560,,0.2200,,64.27,,153.9,164.1,0.816,0.106,1.482
1791426101.786293,0.7006,0.6350,0.7006,0.4302,0.6350,0.6350,0.7006,0.7006,0.4998,0.2458,0.3646,0.4302,0.3646,0.1557,0.0246,0.0737,0.0369,0.4360,0.6555,,0.2195,,64.77,,153.9,164.8,0.816,0.104,1.424
1791426101.81984,0.4998,0.4998,0.7006,0.5695,0.7006,0.7538,0.7538,0.7006,0.7006,0.1966,0.1966,0.4302,0.4302,0.0369,0.0246,0.0369,0.0123,0.4360,0.6550,,0.2190,,64.78,,153.4,165.1,0.900,0.104,
1791426101.854255,0.7006,0.5695,0.8030,0.4998,0.6350,0.5695,0.8030,0.7006,0.7006,0.2458,0.4302,0.4998,0.4302,0.0574,0.0410,0.0574,0.0369,0.4350,0.6565,,0.2215,,65.05,,153.0,165.5,0.929,0.102,1.537
1791426101.8865833,0.7538,0.7006,0.8030,0.5695,0.6350,0.7538,0.7006,0.7006,0.5695,0.1557,0.2991,0.2991,0.4302,0.1229,0.0246,0.0410,0.0369,0.4370,0.6565,,0.2195,,64.37,,152.9,165.2,,0.106,
1791426101.9217014,0.5695,0.7538,0.8440,0.4998,0.4302,0.7538,0.7538,0.6350,0.7538,0.1557,0.4302,0.4302,0.4302,0.0574,0.0205,0.0410,0.0205,0.4360,0.6570,,0.2210,,64.67,,153.2,165.4,0.841,0.104,1.435
1791426101.9604044,0.5695,0.6350,0.7006,0.4302,0.6350,0.7006,0.7538,0.6350,0.5695,0.2458,0.3646,0.4998,0.4998,0.1229,0.0123,0.0574,0.0164,0.4360,0.6570,,0.2210,,64.45,,153.2,165.2,0.870,0.105,1.514
1791426101.992178,0.7006,0.7538,0.8030,0.4302,0.7006,0.7006,0.7538,0.7006,0.6350,0.3646,0.3646,0.4302,0.4302,0.0942,0.0737,0.1557,0.0574,0.4360,0.6560,,0.2200,,64.18,,153.7,164.6,0.861,0.107,1.463
1791426102.0240777,0.8030,0.4998,0.6350,0.5695,0.6350,0.7538,0.6350,0.5695,0.7538,0.0942,0.1557,0.2991,0.4302,0.0737,0.0246,0.0205,0.0369,0.4410,0.6560,,0.2150,,64.35,,153.3,163.6,,0.105,
1791426102.0549495,0.6350,0.4302,0.8030,0.5695,0.7006,0.7006,0.8440,0.7006,0.7006,0.0942,0.1966,0.1966,0.2458,0.0574,0.0205,0.0164,0.0369,0.4360,0.6550,,0.2190,,64.29,,152.8,163.0,,0.106,
1791426102.0874918,0.4302,0.5695,0.7538,0.5695,0.8440,0.7538,0.6350,0.7538,0.7538,0.4302,0.4302,0.4998,0.4302,0.0737,0.0410,0.0369,0.0369,0.4360,0.6560,,0.2200,,64.13,,153.2,162.8,0.901,0.106,1.563
1791426102.1204975,0.6350,0.5695,0.7538,0.3646,0.6350,0.7006,0.8440,0.7538,0.6350,0.2458,0.2991,0.4302,0.4302,0.0942,0.0123,0.0369,0.0369,0.4360,0.6575,,0.2215,,64.29,,153.8,161.5,0.837,0.106,
1791426102.1543434,0.8030,0.4998,0.6350,0.4998,0.4998,0.6350,0.7006,0.6350,0.6350,0.0942,0.3646,0.4302,0.4998,0.0164,0.0082,0.0369,0.0410,0.4360,0.6570,,0.2210,,64.29,,154.3,161.8,0.900,0.106,1.578
1791426102.18737,0.6350,0.4998,0.7538,0.5695,0.4302,0.8030,0.6350,0.7006,0.7538,0.3646,0.4998,0.3646,0.4998,0.0737,0.0410,0.0369,0.0369,0.4350,0.6575,,0.2225,,64.30,,153.9,162.2,0.801,0.106,1.368
1791426102.221457,0.7538,0.4302,0.7538,0.5695,0.4998,0.6350,0.7538,0.6350,0.7006,0.1229,0.1229,0.3646,0.4302,0.0410,0.0246,0.0410,0.0205,0.4360,0.6580,,0.2220,,64.31,,152.8,162.2,0.832,0.106,
1791426102.2627175,0.7006,0.6350,0.8030,0.4998,0.4998,0.6350,0.6350,0.5695,0.6350,0.1557,0.4302,0.4998,0.4302,0.0205,0.0369,0.0369,0.0369,0.4360,0.6570,,0.2210,,63.89,,152.7,161.1,0.828,0.108,1.497
1791426102.2938306,0.5695,0.7006,0.8440,0.5695,0.4302,0.6350,0.7538,0.6350,0.7538,0.3646,0.1966,0.4998,0.4302,0.0369,0.0369,0.0410,0.0369,0.4360,0.6590,,0.2230,,64.51,,153.2,161.7,0.775,0.106,1.358
1791426102.3259003,0.4998,0.5695,0.8440,0.4302,0.7538,0.7006,0.7006,0.6350,0.5695,0.2991,0.0942,0.4998,0.4302,0.0574,0.0574,0.0737,0.0369,0.4360,0.6565,,0.2205,,64.52,,154.0,160.6,0.899,0.105,
1791426102.3575144,0.7006,0.6350,0.8030,0.7006,0.5695,0.7006,0.5695,0.6350,0.5695,0.0942,0.3646,0.4998,0.5695,0.0369,0.0205,0.0737,0.0369,0.4360,0.6550,,0.2190,,64.36,,154.2,160.4,0.900,0.106,1.571
1791426102.3890536,0.8030,0.7538,0.7006,0.4998,0.6350,0.7538,0.7538,0.6350,0.7006,0.0942,0.3646,0.4998,0.4302,0.0369,0.0369,0.0123,0.0205,0.4360,0.6560,,0.2200,,64.11,,154.9,160.7,0.820,0.107,1.516
1791426102.420492,0.5695,0.5695,0.7538,0.4998,0.7538,0.5695,0.8440,0.5695,0.7006,0.4998,0.4998,0.5695,0.4302,0.0737,0.0123,0.0164,0.0369,0.4360,0.6570,,0.2210,,64.35,,154.6,162.0,0.837,0.106,1.422
1791426102.4543667,0.5695,0.5695,0.8030,0.5695,0.7538,0.7006,0.8030,0.5695,0.7006,0.1966,0.4302,0.2458,0.3646,0.0942,0.0082,0.0574,0.0369,0.4360,0.6565,,0.2205,,64.32,,154.9,162.5,,0.106,1.515
1791426102.4879842,0.7006,0.5695,0.8440,0.4302,0.6350,0.7006,0.8030,0.6350,0.7538,0.1557,0.3646,0.4998,0.4998,0.0942,0.0410,0.0410,0.0369,0.4360,0.6580,,0.2220,,64.45,,154.6,161.8,0.810,0.106,1.466
1791426102.5208037,0.6350,0.5695,0.7538,0.5695,0.4998,0.7006,0.7006,0.6350,0.7006,0.1229,0.2991,0.4998,0.3646,0.0942,0.0369,0.0737,0.0410,0.4360,0.6565,,0.2205,,63.91,,154.1,162.1,0.840,0.108,
1791426102.5548608,0.7538,0.4998,0.7538,0.5695,0.6350,0.8030,0.8030,0.7006,0.5695,0.2991,0.2991,0.4998,0.4302,0.0410,0.0205,0.0410,0.0369,0.4360,0.6565,,0.2205,,63.77,,154.2,161.7,0.861,0.109,
1791426102.5944302,0.8030,0.8030,0.5695,0.4998,0.5695,0.7538,0.8030,0.7006,0.8030,0.1557,0.1557,0.5695,0.5695,0.0369,0.0369,0.0369,0.0369,0.4360,0.6570,0.6910,0.2210,0.0340,63.92,6.29,154.3,161.0,0.857,0.108,
1791426102.6279237,0.8030,0.5695,0.7538,0.5695,0.4998,0.7006,0.5695,0.6350,0.7538,0.0737,0.3646,0.4302,0.4302,0.0737,0.0164,0.0410,0.0123,0.4360,0.6575,,0.2215,,64.27,6.19,154.8,162.1,0.898,0.106,1.504
1791426102.6581683,0.6350,0.5695,0.7538,0.5695,0.4998,0.7538,0.7538,0.5695,0.4998,0.1229,0.4302,0.4998,0.4998,0.0737,0.0205,0.0369,0.0369,0.4360,0.6525,,0.2165,,63.82,6.21,154.8,163.0,0.946,0.108,1.593
1791426102.690458,0.5695,0.4998,0.5695,0.4998,0.6350,0.7006,0.6350,0.7006,0.4998,0.1557,0.1229,0.3646,0.4998,0.0246,0.0246,0.0737,0.0369,0.4360,0.6560,,0.2200,,64.09,6.27,154.6,163.3,0.840,0.107,
1791426102.721774,0.7538,0.4998,0.5695,0.4998,0.5695,0.7006,0.7006,0.7006,0.5695,0.1557,0.4302,0.4998,0.4998,0.1229,0.0246,0.0410,0.0574,0.4360,0.6550,,0.2190,,63.88,6.25,155.0,163.2,0.904,0.108,1.543
1791426102.7546523,0.5695,0.4998,0.6350,0.5695,0.7538,0.7006,0.5695,0.7006,0.7006,0.1557,0.3646,0.4302,0.4998,0.0737,0.0246,0.0369,0.0369,0.4370,0.6590,,0.2220,,63.97,6.22,155.1,162.5,0.824,0.108,1.458
1791426102.7876825,0.6350,0.4998,0.7538,0.5695,0.6350,0.7538,0.4302,0.7538,0.3646,0.1229,0.4302,0.4998,0.4998,0.1229,0.0942,0.0369,0.0369,0.4360,0.6560,,0.2200,,63.80,6.25,154.8,163.1,0.857,0.108,1.543
1791426102.8217552,0.7006,0.4302,0.8030,0.4302,0.5695,0.6350,0.6350,0.5695,0.7006,0.1229,0.2458,0.3646,0.4302,0.0942,0.0410,0.0410,0.0205,0.4360,0.6555,,0.2195,,63.66,6.24,154.2,163.3,0.886,0.109,
1791426102.854624,0.5695,0.5695,0.7006,0.4998,0.5695,0.7006,0.7538,0.5695,0.4302,0.1229,0.1557,0.5695,0.4302,0.0942,0.0164,0.0369,0.0369,0.4370,0.6580,,0.2210,,63.51,6.30,154.2,162.9,0.792,0.110,
1791426102.8882492,0.5695,0.4998,0.8440,0.4998,0.7538,0.6350,0.7006,0.6350,0.6350,0.3646,0.1966,0.4998,0.4302,0.0410,0.0164,0.0737,0.0410,0.4360,0.6560,,0.2200,,64.02,6.39,154.1,163.8,0.804,0.107,1.401
1791426102.9280996,0.6350,0.6350,0.5695,0.5695,0.3646,0.7538,0.8030,0.7006,0.7006,0.0942,0.3646,0.4302,0.4302,0.0574,0.0205,0.0369,0.0164,0.4360,0.6545,,0.2185,,63.74,6.48,155.4,164.0,0.824,0.108,1.483
1791426102.9599056,0.6350,0.3646,0.9054,0.5695,0.6350,0.7006,0.7006,0.6350,0.7538,0.2458,0.2991,0.3646,0.3646,0.0369,0.0410,0.0369,0.0410,0.4360,0.6560,,0.2200,,63.81,6.59,155.2,163.2,0.770,0.108,
1791426102.9912825,0.6350,0.6350,0.5695,0.4998,0.6350,0.7538,0.7538,0.5695,0.4998,0.2458,0.1229,0.4998,0.4998,0.0737,0.0246,0.0574,0.0369,0.4360,0.6555,,0.2195,,64.21,6.52,155.0,163.4,0.881,0.106,
1791426103.0243812,0.6350,0.4998,0.7006,0.6350,0.7538,0.8030,0.8030,0.6350,0.6350,0.1557,0.2458,0.3646,0.2991,0.0205,0.0246,0.0410,0.0205,0.4360,0.6575,,0.2215,,63.81,6.43,155.2,162.3,,0.108,
1791426103.055549,0.6350,0.5695,0.8767,0.4998,0.5695,0.7538,0.8440,0.7538,0.6350,0.2458,0.1557,0.4998,0.4302,0.0369,0.0205,0.0737,0.0164,0.4360,0.6550,,0.2190,,63.58,6.38,154.8,161.4,0.907,0.109,
1791426103.0874968,0.8440,0.7006,0.7006,0.5695,0.5695,0.8767,0.7006,0.5695,0.5695,0.2991,0.2991,0.1557,0.2991,0.0369,0.0369,0.0369,0.0123,0.4360,0.6560,,0.2200,,63.49,6.36,155.4,162.5,,0.110,
1791426103.1214628,0.6350,0.6350,0.7006,0.5695,0.4998,0.7538,0.8030,0.5695,0.6350,0.1966,0.3646,0.4302,0.2991,0.0737,0.0246,0.0737,0.0369,0.4360,0.6580,,0.2220,,63.72,,155.1,163.3,,0.109,1.480
1791426103.155779,0.5695,0.7538,0.8767,0.4302,0.4998,0.7538,0.7006,0.6350,0.6350,0.0942,0.2991,0.4998,0.4302,0.1966,0.0246,0.0369,0.0164,0.4360,0.6560,,0.2200,,63.88,,154.9,163.6,0.857,0.108,
1791426103.189202,0.5695,0.5695,0.4998,0.5695,0.5695,0.6350,0.7006,0.8030,0.7538,0.2991,0.3646,0.4998,0.4302,0.0574,0.0164,0.0410,0.0246,0.4360,0.6570,,0.2210,,64.08,,154.6,163.3,0.877,0.107,1.483
1791426103.2296672,0.7006,0.5695,0.8440,0.5695,0.4998,0.7006,0.6350,0.7006,0.5695,0.4998,0.2458,0.3646,0.3646,0.1229,0.0369,0.0410,0.0123,0.4360,0.6570,,0.2210,,63.84,,154.7,163.4,0.829,0.108,1.428
1791426103.2612379,0.4998,0.4998,0.9054,0.4302,0.7006,0.7006,0.8030,0.4998,0.6350,0.1229,0.1966,0.4998,0.4302,0.0410,0.0246,0.0369,0.0205,0.4360,0.6575,,0.2215,,64.31,,153.8,163.1,0.834,0.106,
1791426103.293811,0.8440,0.4998,0.7006,0.4302,0.5695,0.6350,0.7006,0.5695,0.4998,0.1557,0.2458,0.4998,0.4998,0.0737,0.0737,0.0164,0.0205,0.4360,0.6565,,0.2205,,64.14,,154.1,163.5,0.877,0.107,
1791426103.3251932,0.7006,0.5695,0.7538,0.4998,0.4998,0.7006,0.8440,0.6350,0.6350,0.1557,0.2458,0.1557,0.2991,0.0737,0.0123,0.0410,0.0369,0.4360,0.6570,,0.2210,,64.16,,154.2,162.6,,0.107,
1791426103.3560543,0.6350,0.5695,0.8767,0.5695,0.8030,0.7006,0.7538,0.7006,0.4998,0.1966,0.1229,0.4302,0.4998,0.0737,0.0246,0.0410,0.0369,0.4370,0.6550,,0.2180,,64.12,,153.6,161.8,0.857,0.107,
1791426103.3892062,0.7006,0.4302,0.6350,0.4302,0.5695,0.6350,0.7006,0.4998,0.5695,0.1229,0.3646,0.4998,0.4998,0.0737,0.0369,0.0574,0.0123,0.4360,0.6570,,0.2210,,63.94,,152.7,162.0,0.878,0.108,1.523
1791426103.421938,0.7006,0.6350,0.7006,0.4302,0.6350,0.6350,0.8440,0.6350,0.4302,0.3646,0.3646,0.4302,0.4302,0.0164,0.0246,0.0246,0.0410,0.4370,0.6580,,0.2210,,64.31,,152.6,162.4,0.853,0.106,1.350
1791426103.4555454,0.4998,0.4998,0.7006,0.5695,0.7538,0.7006,0.7538,0.7538,0.5695,0.2458,0.2458,0.3646,0.2458,0.0574,0.0737,0.0164,0.0123,0.4360,0.6540,,0.2180,,64.31,,153.4,163.3,,0.106,
1791426103.4889011,0.4998,0.4998,0.9259,0.4998,0.8030,0.6350,0.7538,0.6350,0.5695,0.2991,0.2458,0.4998,0.4302,0.0410,0.0205,0.0164,0.0205,0.4360,0.6550,,0.2190,,64.19,,153.7,162.4,0.882,0.106,
1791426103.5222576,0.6350,0.4302,0.8030,0.5695,0.4998,0.8030,0.8030,0.6350,0.4998,0.1557,0.1229,0.4302,0.3646,0.0574,0.0246,0.0574,0.0574,0.4350,0.6555,,0.2205,,64.13,,154.1,161.7,0.870,0.107,
1791426103.5627794,0.7538,0.5695,0.7006,0.6350,0.7538,0.7538,0.7538,0.7006,0.6350,0.2458,0.2458,0.4998,0.4302,0.0942,0.0246,0.0410,0.0123,0.4360,0.6580,,0.2220,,64.16,,154.3,160.9,0.861,0.107,
1791426103.5949974,0.6350,0.7006,0.7006,0.5695,0.7006,0.7538,0.8440,0.5695,0.4998,0.0737,0.2991,0.4302,0.3646,0.0574,0.0164,0.0205,0.0123,0.4360,0.6560,,0.2200,,64.49,,153.7,159.6,0.825,0.105,
1791426103.626161,0.7006,0.5695,0.7006,0.3646,0.8030,0.7006,0.8030,0.6350,0.4998,0.2458,0.2991,0.4302,0.4302,0.0410,0.0205,0.0410,0.0164,0.4360,0.6570,,0.2210,,64.63,,153.3,159.1,0.814,0.105,
1791426103.6583333,0.6350,0.4998,0.7006,0.5695,0.7538,0.8030,0.8440,0.8030,0.6350,0.3646,0.2458,0.1557,0.4302,0.0246,0.0246,0.0246,0.0246,0.4360,0.6570,,0.2210,,64.74,,153.9,160.0,,0.104,1.353
1791426103.6889658,0.7006,0.4302,0.5695,0.4998,0.7006,0.6350,0.7006,0.6350,0.6350,0.4302,0.1557,0.4998,0.4998,0.0942,0.0369,0.0205,0.0410,0.4360,0.6570,,0.2210,,64.51,,153.4,160.3,0.881,0.105,1.412
1791426103.7222574,0.5695,0.5695,0.7006,0.5695,0.7006,0.6350,0.8440,0.5695,0.5695,0.0942,0.2991,0.4998,0.4302,0.1557,0.0246,0.0410,0.0410,0.4360,0.6555,,0.2195,,64.44,,153.2,159.8,0.851,0.105,
1791426103.7554548,0.6350,0.4998,0.8440,0.3646,0.6350,0.8030,0.8030,0.5695,0.7538,0.1966,0.3646,0.4302,0.4302,0.0246,0.0205,0.0369,0.0123,0.4360,0.6555,,0.2195,,64.37,,153.4,160.6,0.870,0.106,1.505
1791426103.7888618,0.6350,0.5695,0.8030,0.6350,0.5695,0.7538,0.4302,0.7006,0.7538,0.1557,0.0737,0.4998,0.4302,0.0246,0.0205,0.0574,0.0369,0.4360,0.6525,,0.2165,,64.05,,154.2,160.4,0.915,0.107,
1791426103.8226144,0.5695,0.4998,0.8440,0.4998,0.5695,0.7538,0.7006,0.8030,0.7006,0.1966,0.1557,0.2991,0.2458,0.0942,0.0246,0.0574,0.0410,0.4360,0.6580,,0.2220,,64.16,,152.9,161.7,,0.107,
1791426103.8572001,0.8030,0.5695,0.7538,0.5695,0.7006,0.7006,0.5695,0.8440,0.4998,0.3646,0.3646,0.2991,0.3646,0.0205,0.0574,0.0369,0.0205,0.4360,0.6545,,0.2185,,63.71,,153.2,162.8,,0.109,1.513
1791426103.8949506,0.8440,0.4998,0.7006,0.5695,0.6350,0.7006,0.5695,0.6350,0.5695,0.1229,0.2991,0.3646,0.3646,0.0369,0.0205,0.0123,0.0164,0.4360,0.6540,,0.2180,,63.42,,153.8,163.1,0.896,0.110,
1791426103.9263883,0.6350,0.4998,0.8030,0.5695,0.7538,0.6350,0.7006,0.6350,0.8030,0.1229,0.1229,0.4998,0.4302,0.0942,0.0369,0.0942,0.0369,0.4360,0.6575,,0.2215,,63.45,,153.7,162.3,0.806,0.110,
1791426103.9584117,0.5695,0.7006,0.8440,0.4998,0.6350,0.6350,0.6350,0.7538,0.4998,0.1229,0.2991,0.4302,0.4302,0.0205,0.0123,0.0164,0.0205,0.4350,0.6555,,0.2205,,63.67,,154.1,162.1,0.886,0.109,
1791426103.9896271,0.4302,0.6350,0.8440,0.4998,0.6350,0.7538,0.8440,0.7006,0.7006,0.0942,0.4302,0.5695,0.4998,0.0205,0.0410,0.0369,0.0164,0.4360,0.6565,,0.2205,,63.97,,153.5,161.4,0.821,0.107,1.455
1791426104.0227017,0.4302,0.5695,0.7538,0.4998,0.6350,0.7006,0.5695,0.7006,0.5695,0.2458,0.3646,0.5695,0.4998,0.0942,0.0164,0.0410,0.0574,0.4360,0.6535,,0.2175,,64.02,,153.5,160.5,0.860,0.107,1.507
1791426104.055514,0.3646,0.4998,0.7538,0.4998,0.5695,0.5695,0.5695,0.7006,0.6350,0.0737,0.1966,0.2991,0.3646,0.1229,0.0246,0.0369,0.0246,0.4360,0.6565,,0.2205,,64.19,,153.6,160.0,,0.106,
1791426104.0895286,0.7538,0.3646,0.6350,0.4302,0.5695,0.8030,0.8440,0.7006,0.6350,0.2991,0.2991,0.4302,0.4998,0.0369,0.0246,0.0574,0.0246,0.4360,0.6555,,0.2195,,64.50,,153.7,160.3,0.845,0.105,
1791426104.1232567,0.6350,0.4998,0.7006,0.4302,0.8440,0.7006,0.7538,0.6350,0.6350,0.2458,0.3646,0.4998,0.4998,0.0737,0.0205,0.0410,0.0164,0.4350,0.6575,,0.2225,,64.67,,153.0,160.9,0.848,0.104,1.459
1791426104.1561625,0.7538,0.7538,0.8030,0.6350,0.7006,0.6350,0.7538,0.7006,0.8440,0.2991,0.3646,0.3646,0.4302,0.0942,0.0410,0.0369,0.0410,0.4360,0.6565,,0.2205,,64.70,,153.6,161.8,0.821,0.104,1.470
1791426104.1907096,0.7538,0.3646,0.8440,0.5695,0.4302,0.7006,0.7006,0.4998,0.3646,0.2991,0.2458,0.4998,0.5695,0.0369,0.0164,0.0410,0.0164,0.4360,0.6565,,0.2205,,64.48,,154.1,162.3,0.872,0.105,
1791426104.229362,0.4302,0.4998,0.8440,0.4302,0.6350,0.7006,0.8030,0.6350,0.6350,0.2991,0.4998,0.4998,0.2991,0.0574,0.0246,0.0369,0.0123,0.4360,0.6560,,0.2200,,64.28,,154.3,162.8,,0.106,1.524
1791426104.261598,0.4998,0.3646,0.6350,0.4302,0.6350,0.7006,0.8030,0.7006,0.5695,0.1966,0.3646,0.4302,0.4302,0.0737,0.0369,0.0574,0.0369,0.4360,0.6560,,0.2200,,64.60,,154.7,163.1,0.832,0.105,1.476
1791426104.2917845,0.8440,0.5695,0.7538,0.4998,0.7538,0.7006,0.8767,0.8030,0.5695,0.0942,0.0942,0.2991,0.1966,0.0369,0.0205,0.0410,0.0369,0.4360,0.6560,,0.2200,,64.30,,154.3,163.1,,0.106,
1791426104.3232741,0.8030,0.5695,0.7006,0.6350,0.5695,0.6350,0.7006,0.7538,0.8030,0.1557,0.1229,0.4998,0.4302,0.1229,0.0246,0.0123,0.0410,0.4360,0.6565,,0.2205,,64.34,,154.3,162.2,0.802,0.106,
1791426104.3563473,0.6350,0.6350,0.8030,0.4302,0.6350,0.7006,0.8767,0.4302,0.7006,0.1557,0.2991,0.2991,0.2991,0.0942,0.0369,0.0410,0.0369,0.4360,0.6555,,0.2195,,64.50,,154.4,162.5,,0.105,
1791426104.3905265,0.8767,0.6350,0.7538,0.4998,0.5695,0.7538,0.6350,0.7538,0.5695,0.1966,0.1229,0.3646,0.2458,0.1557,0.0164,0.0410,0.0123,0.4360,0.6535,,0.2175,,64.74,,,162.5,,0.104,
1791426104.4235668,0.6350,0.4998,0.7538,0.6350,0.6350,0.5695,0.8030,0.5695,0.4998,0.1966,0.4998,0.4302,0.4302,0.0410,0.0369,0.0410,0.0246,0.4360,0.6575,,0.2215,,65.12,,,161.5,0.861,0.102,1.477
1791426104.4574971,0.7538,0.6350,0.7006,0.5695,0.8030,0.7538,0.8030,0.5695,0.6350,0.4302,0.3646,0.4998,0.4302,0.1229,0.0164,0.0574,0.0205,0.4410,0.6535,,0.2125,,64.85,,154.0,160.8,0.874,0.103,1.455
1791426104.4982412,0.6350,0.5695,0.6350,0.4302,0.7006,0.7538,0.7006,0.8030,0.4302,0.0942,0.1557,0.3646,0.2991,0.0574,0.0369,0.0574,0.0164,0.4360,0.6560,,0.2200,,64.70,,153.8,160.1,,0.103,
1791426104.530168,0.6350,0.6350,0.7538,0.5695,0.6350,0.8030,0.7538,0.7006,0.5695,0.0942,0.3646,0.4998,0.4998,0.0369,0.0205,0.0410,0.0369,0.4360,0.6590,,0.2230,,64.90,,153.6,160.2,0.802,0.103,1.346
1791426104.561446,0.7538,0.6350,0.7006,0.5695,0.4998,0.7538,0.7006,0.6350,0.4998,0.2458,0.2458,0.4302,0.4302,0.0737,0.0246,0.0369,0.0410,0.4360,0.6565,,0.2205,,64.62,,153.8,161.0,0.836,0.104,
1791426104.5926867,0.7006,0.6350,0.5695,0.4998,0.5695,0.7006,0.5695,0.5695,0.5695,0.2991,0.1966,0.4998,0.4998,0.1557,0.0205,0.0369,0.0205,0.4370,0.6555,,0.2185,,65.02,,153.7,161.1,0.837,0.102,
1791426104.6244857,0.7538,0.4998,0.5695,0.4998,0.5695,0.8030,0.8030,0.4998,0.4998,0.2458,0.2991,0.4302,0.5695,0.0574,0.0369,0.0410,0.0164,0.4360,0.6565,,0.2205,,64.57,,153.6,160.4,0.913,0.104,
1791426104.6568465,0.8440,0.4998,0.8030,0.6350,0.5695,0.7538,0.8767,0.7006,0.7538,0.2991,0.4998,0.4302,0.3646,0.0942,0.0246,0.0410,0.0164,0.4360,0.6555,,0.2195,,64.62,,153.8,161.9,0.865,0.104,1.474
1791426104.6900501,0.8030,0.7006,0.8030,0.4998,0.7006,0.8030,0.7006,0.6350,0.4998,0.3646,0.0942,0.4998,0.4302,0.0737,0.0410,0.0410,0.0369,0.4360,0.6555,,0.2195,,65.03,,153.8,162.0,0.853,0.102,1.371
1791426104.7234566,0.4998,0.7006,0.8030,0.5695,0.7006,0.7006,0.7006,0.7006,0.7538,0.0942,0.1966,0.2458,0.3646,0.0369,0.0369,0.0410,0.0369,0.4360,0.6550,,0.2190,,64.55,,153.3,162.9,,0.104,
1791426104.7580476,0.8440,0.6350,0.5695,0.5695,0.6350,0.8030,0.8030,0.7006,0.7006,0.2458,0.4302,0.3646,0.4302,0.0737,0.0164,0.0369,0.0123,0.4360,0.6575,,0.2215,,64.29,,153.2,162.5,0.813,0.106,1.469
1791426104.7902799,0.5695,0.6350,0.7538,0.4998,0.7538,0.8030,0.7006,0.6350,0.5695,0.1557,0.5695,0.4998,0.4302,0.0205,0.0246,0.0369,0.0246,0.4360,0.6545,,0.2185,,64.43,,153.8,162.7,0.853,0.105,1.462
1791426104.8301837,0.5695,0.4998,0.7538,0.5695,0.7538,0.6350,0.7538,0.7006,0.8030,0.1966,0.1229,0.4302,0.4302,0.0942,0.0737,0.0410,0.0205,0.4360,0.6560,,0.2200,,64.57,,153.7,162.0,0.841,0.104,
1791426104.862581,0.5695,0.4998,0.7538,0.4302,0.7006,0.7538,0.7006,0.5695,0.7538,0.0942,0.1229,0.4302,0.3646,0.0410,0.0164,0.0410,0.0410,0.4360,0.6560,,0.2200,,64.49,,153.1,161.1,0.886,0.105,
1791426104.8951657,0.7006,0.6350,0.8440,0.7006,0.6350,0.6350,0.8030,0.7006,0.6350,0.1966,0.4302,0.4302,0.4302,0.0205,0.0246,0.0737,0.0410,0.4360,0.6560,,0.2200,,64.77,,153.1,162.3,0.861,0.104,1.478
1791426104.9257636,0.7538,0.4998,0.6350,0.4998,0.5695,0.8440,0.8030,0.6350,0.6350,0.1966,0.4998,0.3646,0.4998,0.0737,0.0410,0.0574,0.0369,0.4360,0.6560,,0.2200,,64.85,,153.0,162.2,0.877,0.103,1.470
1791426104.9579256,0.4998,0.7538,0.7538,0.4998,0.6350,0.6350,0.8767,0.7006,0.6350,0.1966,0.4998,0.4302,0.4302,0.0942,0.0205,0.0737,0.0164,0.4360,0.6580,,0.2220,,64.74,,153.3,162.0,0.849,0.104,1.430
1791426104.9902594,0.5695,0.4302,0.8030,0.5695,0.5695,0.7538,0.8767,0.6350,0.5695,0.1966,0.2991,0.5695,0.5695,0.0942,0.0574,0.0369,0.0369,0.4360,0.6550,0.6950,0.2190,0.0400,64.74,6.32,154.2,162.5,0.895,0.104,
1791426105.0245197,0.7006,0.7538,0.8440,0.4998,0.7538,0.7538,0.6350,0.5695,0.6350,0.3646,0.3646,0.5695,0.4998,0.0737,0.0369,0.0410,0.0164,0.4360,0.6555,,0.2195,,64.33,6.37,154.4,162.8,0.841,0.106,1.400
1791426105.057475,0.4998,0.6350,0.4302,0.4998,0.5695,0.7538,0.7538,0.7538,0.4998,0.0942,0.4998,0.4998,0.4998,0.0737,0.0123,0.0410,0.0164,0.4360,0.6585,,0.2225,,64.34,6.28,153.7,161.7,0.865,0.106,1.487
1791426105.0906641,0.8440,0.4998,0.7006,0.5695,0.6350,0.7538,0.7006,0.5695,0.8030,0.1557,0.1966,0.5695,0.4998,0.2458,0.1557,0.0410,0.0246,0.4360,0.6560,,0.2200,,64.23,6.33,153.8,161.4,0.837,0.106,
1791426105.1325302,0.7538,0.6350,0.7538,0.5695,0.4302,0.8030,0.7006,0.7006,0.5695,0.0942,0.1557,0.4998,0.4998,0.0246,0.0410,0.0410,0.0164,0.4360,0.6570,,0.2210,,64.03,6.25,154.5,162.2,0.895,0.107,
1791426105.1644385,0.6350,0.5695,0.7538,0.6350,0.4998,0.7006,0.5695,0.5695,0.3646,0.2991,0.4302,0.4302,0.4302,0.0205,0.0123,0.0369,0.0164,0.4360,0.6585,,0.2225,,64.49,6.18,154.5,162.7,0.869,0.105,1.454
1791426105.1957343,0.6350,0.4302,0.7538,0.6350,0.4302,0.5695,0.5695,0.4302,0.7006,0.2458,0.2991,0.4998,0.2991,0.0574,0.0082,0.0410,0.0246,0.4360,0.6560,,0.2200,,64.49,6.20,154.1,163.1,,0.105,
1791426105.2274163,0.5695,0.4998,0.8440,0.4998,0.7006,0.7006,0.7538,0.6350,0.5695,0.2458,0.1966,0.4998,0.3646,0.0737,0.0205,0.0737,0.0369,0.4360,0.6580,,0.2220,,64.59,6.18,153.9,162.2,0.852,0.105,
1791426105.2594826,0.4998,0.4998,0.7006,0.5695,0.6350,0.6350,0.7006,0.8030,0.7006,0.1966,0.1966,0.4302,0.4302,0.0942,0.0205,0.0369,0.0574,0.4360,0.6555,,0.2195,,64.14,6.25,153.6,161.4,0.845,0.107,
1791426105.2917707,0.4998,0.5695,0.8030,0.7006,0.5695,0.7006,0.7538,0.7006,0.5695,0.0942,0.2458,0.4302,0.4302,0.0942,0.0574,0.0369,0.0164,0.4360,0.6555,,0.2195,,64.00,6.20,154.8,162.1,0.927,0.107,
1791426105.3245525,0.8440,0.4998,0.7006,0.6350,0.5695,0.7538,0.5695,0.7006,0.7006,0.2991,0.1229,0.4302,0.2991,0.0574,0.0369,0.0246,0.0369,0.4360,0.6560,,0.2200,,63.76,6.16,155.1,162.0,,0.109,
1791426105.3578916,0.4998,0.4998,0.7006,0.6350,0.8030,0.7538,0.8440,0.5695,0.4302,0.1557,0.1966,0.5695,0.4998,0.0574,0.0205,0.0369,0.0123,0.4360,0.6530,,0.2170,,63.65,6.17,155.6,162.5,0.947,0.109,
1791426105.3916464,0.4998,0.4302,0.8030,0.4302,0.7538,0.8030,0.6350,0.7006,0.4998,0.1966,0.1557,0.4998,0.4302,0.0737,0.0246,0.0574,0.0369,0.4360,0.6530,,0.2170,,63.55,6.26,155.4,163.0,0.893,0.109,
1791426105.423966,0.6350,0.4998,0.7006,0.5695,0.4998,0.8030,0.7006,0.7006,0.5695,0.1966,0.3646,0.4302,0.4998,0.0574,0.0737,0.0246,0.0123,0.4360,0.6550,,0.2190,,63.37,6.23,155.3,162.1,0.918,0.110,1.609
1791426105.457999,0.6350,0.6350,0.7538,0.6350,0.6350,0.6350,0.7538,0.7006,0.4998,0.1229,0.3646,0.3646,0.4302,0.0164,0.0164,0.0246,0.0410,0.4360,0.6560,,0.2200,,63.66,6.26,154.9,163.3,0.860,0.109,1.461
1791426105.4979787,0.3646,0.6350,0.7006,0.4998,0.6350,0.8030,0.6350,0.6350,0.7006,0.1557,0.4302,0.4302,0.4998,0.0737,0.0410,0.0942,0.0369,0.4360,0.6540,,0.2180,,63.58,6.32,154.9,163.1,0.877,0.109,1.517
1791426105.5297801,0.6350,0.5695,0.8440,0.4302,0.6350,0.6350,0.7006,0.7538,0.7538,0.0942,0.3646,0.5695,0.4998,0.0737,0.0246,0.0410,0.0205,0.4360,0.6565,,0.2205,,63.57,,155.0,163.9,0.893,0.109,1.481
1791426105.561501,0.7006,0.6350,0.7006,0.6350,0.8030,0.6350,0.7538,0.6350,0.7538,0.1229,0.1966,0.4302,0.2991,0.0574,0.0410,0.0369,0.0410,0.4370,0.6565,,0.2195,,63.82,,,163.9,,0.108,
1791426105.592551,0.7006,0.4998,0.7538,0.4302,0.7538,0.6350,0.5695,0.6350,0.4998,0.2458,0.2991,0.4302,0.4998,0.0246,0.0123,0.0574,0.0164,0.4360,0.6565,,0.2205,,64.09,,,164.5,0.849,0.107,
1791426105.625156,0.7006,0.6350,0.8030,0.5695,0.7006,0.5695,0.7006,0.7006,0.5695,0.2991,0.2991,0.4302,0.4302,0.0410,0.0410,0.0164,0.0164,0.4360,0.6570,,0.2210,,64.05,,,164.3,0.821,0.107,
1791426105.6581082,0.4998,0.4998,0.8030,0.5695,0.5695,0.8030,0.8030,0.6350,0.5695,0.2458,0.4302,0.3646,0.4998,0.0942,0.0369,0.0574,0.0123,0.4360,0.6560,,0.2200,,64.37,,,163.6,0.791,0.106,1.395
1791426105.692363,0.7538,0.2991,0.7538,0.6350,0.6350,0.4998,0.6350,0.4998,0.6350,0.1557,0.1557,0.4998,0.4998,0.0369,0.0246,0.0737,0.0164,0.4360,0.6560,,0.2200,,64.38,,,163.1,0.841,0.105,
1791426105.7255669,0.3646,0.5695,0.8440,0.5695,0.6350,0.7538,0.8440,0.4998,0.6350,0.1557,0.1229,0.4302,0.4302,0.1229,0.0246,0.0574,0.0123,0.4360,0.6560,,0.2200,,64.40,,,163.3,0.825,0.105,
1791426105.7586174,0.5695,0.8440,0.8767,0.6350,0.8030,0.6350,0.8440,0.7538,0.4302,0.1229,0.4998,0.5695,0.4302,0.0737,0.0246,0.0123,0.0205,0.4360,0.6565,,0.2205,,64.28,,,163.1,0.873,0.106,1.475
1791426105.7990243,0.5695,0.4302,0.4998,0.5695,0.6350,0.7006,0.7538,0.6350,0.7006,0.2458,0.2991,0.4998,0.4302,0.0369,0.0123,0.0369,0.0205,0.4360,0.6545,,0.2185,,64.38,,,162.9,0.913,0.105,
1791426105.8315136,0.7006,0.5695,0.7006,0.4302,0.8030,0.7538,0.7006,0.7006,0.6350,0.4302,0.3646,0.5695,0.4302,0.0942,0.0369,0.0410,0.0164,0.4360,0.6555,,0.2195,,64.19,,155.8,163.7,0.940,0.106,1.531
1791426105.8620753,0.4302,0.7006,0.7538,0.6350,0.6350,0.8440,0.7538,0.5695,0.5695,0.1229,0.1966,0.4998,0.4302,0.0410,0.0574,0.0574,0.0574,0.4360,0.6560,,0.2200,,64.11,,155.0,164.0,0.873,0.107,
1791426105.8940406,0.5695,0.7006,0.6350,0.3646,0.7538,0.5695,0.6350,0.7006,0.5695,0.1966,0.4302,0.1966,0.3646,0.0737,0.0123,0.0369,0.0205,0.4360,0.6555,,0.2195,,63.97,,154.9,163.4,,0.107,1.490
1791426105.9254603,0.7006,0.8440,0.8767,0.6350,0.6350,0.7006,0.7006,0.6350,0.6350,0.2991,0.3646,0.4998,0.4302,0.0737,0.0246,0.0369,0.0205,0.4360,0.6565,,0.2205,,64.20,,154.9,163.8,0.841,0.106,1.437
1791426105.9583893,0.6350,0.7006,0.7538,0.4302,0.8030,0.6350,0.7538,0.4998,0.6350,0.1557,0.2458,0.4302,0.4302,0.0369,0.0574,0.0574,0.0164,0.4360,0.6565,,0.2205,,64.28,,155.3,164.2,0.935,0.106,
1791426105.9921615,0.8030,0.8030,0.8440,0.4302,0.6350,0.7538,0.7006,0.7006,0.5695,0.1229,0.2991,0.4998,0.4998,0.0574,0.0246,0.0369,0.0164,0.4360,0.6580,,0.2220,,64.41,,155.6,163.1,0.818,0.106,
1791426106.0252154,0.7006,0.8440,0.7006,0.5695,0.4998,0.7538,0.6350,0.4998,0.5695,0.1229,0.3646,0.4302,0.4302,0.0574,0.0082,0.0410,0.0123,0.4360,0.6560,,0.2200,,64.08,,155.0,162.4,0.876,0.107,1.525
1791426106.0588818,0.7006,0.8030,0.7006,0.5695,0.7006,0.7538,0.7006,0.5695,0.7006,0.2991,0.1966,0.2991,0.4302,0.1229,0.0164,0.0369,0.0205,0.4360,0.6575,,0.2215,,63.42,,154.6,163.4,,0.110,
1791426106.0927598,0.7006,0.8030,0.7006,0.4302,0.7006,0.7538,0.7538,0.6350,0.4302,0.2991,0.1966,0.3646,0.4302,0.1229,0.0369,0.0574,0.0164,0.4360,0.6560,,0.2200,,63.15,,155.0,162.1,0.918,0.112,
1791426106.13162,0.6350,0.8030,0.5695,0.4998,0.5695,0.4998,0.5695,0.6350,0.4998,0.3646,0.4998,0.4302,0.4302,0.0737,0.0410,0.0410,0.0410,0.4370,0.6555,,0.2185,,62.59,,155.7,161.9,0.978,0.114,1.615
1791426106.163267,0.6350,0.7006,0.7538,0.4998,0.7006,0.8030,0.8030,0.6350,0.6350,0.2458,0.1966,0.4302,0.4302,0.0369,0.0246,0.0574,0.0205,0.4360,0.6575,,0.2215,,62.94,,155.5,162.3,0.920,0.113,
1791426106.1957507,0.8030,0.8030,0.7538,0.3646,0.6350,0.7538,0.7006,0.7538,0.5695,0.1966,0.1966,0.4998,0.3646,0.0410,0.0246,0.0164,0.0164,0.4360,0.6570,,0.2210,,63.14,,155.3,161.7,0.885,0.112,
1791426106.226284,0.7006,0.9054,0.7538,0.6350,0.5695,0.4998,0.8030,0.7006,0.5695,0.2991,0.3646,0.3646,0.4302,0.0737,0.0369,0.0410,0.0123,0.4360,0.6570,,0.2210,,62.81,,155.7,160.6,0.873,0.113,1.532
1791426106.2596288,0.6350,0.4998,0.8767,0.4302,0.4302,0.6350,0.6350,0.7538,0.4998,0.1229,0.0942,0.4998,0.4302,0.0246,0.0205,0.0246,0.0574,0.4360,0.6570,,0.2210,,62.83,,154.5,161.1,0.899,0.113,
1791426106.2917252,0.7006,0.7006,0.7538,0.4998,0.5695,0.8440,0.8030,0.6350,0.5695,0.1966,0.4302,0.5695,0.4302,0.0942,0.0246,0.0410,0.0410,0.4360,0.6560,,0.2200,,63.09,,154.6,161.6,0.869,0.112,1.490
1791426106.3252993,0.7006,0.8030,0.7538,0.5695,0.7006,0.8030,0.6350,0.5695,0.7006,0.2991,0.2991,0.4998,0.4998,0.0737,0.0164,0.0410,0.0164,0.4360,0.6570,,0.2210,,63.11,,154.6,161.0,0.906,0.112,
1791426106.3587885,0.8030,0.4998,0.7006,0.6350,0.7006,0.7538,0.6350,0.6350,0.6350,0.1966,0.4302,0.4302,0.4302,0.0574,0.0123,0.0574,0.0164,0.4360,0.6555,,0.2195,,63.36,,155.2,160.2,0.861,0.111,1.483
1791426106.3927004,0.5695,0.8030,0.7006,0.7538,0.8030,0.6350,0.6350,0.6350,0.6350,0.1966,0.3646,0.4998,0.2991,0.0737,0.0369,0.0369,0.0164,0.4360,0.6575,,0.2215,,63.35,,155.3,160.9,,0.111,1.525
1791426106.4334733,0.6350,0.8030,0.7006,0.4998,0.3646,0.6350,0.8030,0.6350,0.4998,0.3646,0.2458,0.2991,0.2991,0.0369,0.0246,0.0410,0.0246,0.4370,0.6570,,0.2200,,63.50,,155.1,160.1,,0.110,1.461
1791426106.46433,0.4998,0.8440,0.8767,0.6350,0.7538,0.7538,0.7538,0.7006,0.6350,0.2458,0.1966,0.4302,0.4302,0.0574,0.0369,0.0410,0.0369,0.4360,0.6535,,0.2175,,63.58,,155.0,161.4,0.844,0.109,
1791426106.4963875,0.5695,0.7538,0.8030,0.4998,0.7538,0.7538,0.6350,0.7006,0.4302,0.2991,0.3646,0.4998,0.3646,0.0942,0.0246,0.0246,0.0369,0.4360,0.6540,,0.2180,,63.45,,155.8,160.7,0.870,0.110,1.597
1791426106.5276983,0.6350,0.8440,0.9054,0.6350,0.5695,0.7006,0.7006,0.6350,0.4998,0.2991,0.4302,0.2991,0.3646,0.0410,0.0410,0.0410,0.0410,0.4360,0.6575,,0.2215,,63.61,,155.7,160.6,,0.109,1.479
1791426106.5587473,0.7006,0.8030,0.8030,0.4998,0.7538,0.6350,0.7006,0.6350,0.5695,0.0942,0.1557,0.3646,0.4302,0.0574,0.0205,0.0574,0.0164,0.4360,0.6565,,0.2205,,63.11,,154.6,160.5,0.877,0.112,
1791426106.593422,0.5695,0.7538,0.7538,0.4998,0.8030,0.8030,0.7538,0.7006,0.5695,0.2458,0.4302,0.4302,0.4998,0.0574,0.0246,0.0942,0.0246,0.4360,0.6575,,0.2215,,62.94,,154.7,160.7,0.853,0.113,1.492
1791426106.6255121,0.7006,0.8767,0.7538,0.4302,0.6350,0.6350,0.7006,0.6350,0.6350,0.2458,0.2458,0.4302,0.4302,0.0942,0.0205,0.0574,0.0369,0.4360,0.6580,,0.2220,,63.02,,154.7,161.5,0.837,0.112,
1791426106.6589472,0.4998,0.7538,0.7538,0.5695,0.7006,0.5695,0.7006,0.5695,0.5695,0.3646,0.4302,0.4302,0.3646,0.1966,0.0246,0.0574,0.0369,0.4360,0.6565,,0.2205,,63.11,,154.6,161.1,0.853,0.112,1.406
1791426106.6922126,0.5695,0.5695,0.7006,0.4998,0.7006,0.6350,0.7006,0.4302,0.7006,0.2458,0.2458,0.4302,0.4302,0.0942,0.0246,0.0369,0.0164,0.4360,0.6565,,0.2205,,63.32,,154.1,161.7,0.840,0.111,
1791426106.7338142,0.7538,0.9054,0.5695,0.4302,0.5695,0.6350,0.6350,0.6350,0.5695,0.3646,0.1966,0.4998,0.4998,0.0737,0.0574,0.0574,0.0246,0.4360,0.6570,,0.2210,,63.70,,154.0,162.2,0.845,0.109,1.388
1791426106.764266,0.4302,0.5695,0.7006,0.4302,0.5695,0.5695,0.7006,0.4302,0.7006,0.1229,0.2991,0.3646,0.4302,0.0410,0.0369,0.0369,0.0164,0.4360,0.6565,,0.2205,,63.00,,155.0,163.3,0.907,0.112,
1791426106.7964613,0.7006,0.3646,0.7006,0.5695,0.6350,0.5695,0.6350,0.7006,0.4998,0.1557,0.4302,0.4302,0.4998,0.1229,0.0369,0.0410,0.0123,0.4360,0.6515,,0.2155,,63.33,,155.0,162.5,0.840,0.110,1.484
1791426106.8269536,0.8440,0.3646,0.7006,0.4998,0.6350,0.6350,0.8030,0.7538,0.7006,0.1966,0.4302,0.4998,0.3646,0.1229,0.0410,0.0574,0.0574,0.4360,0.6555,,0.2195,,63.62,,155.4,162.0,0.833,0.109,1.467
1791426106.8609507,0.4998,0.4998,0.5695,0.4998,0.7006,0.5695,0.6350,0.7538,0.5695,0.2458,0.2458,0.3646,0.4998,0.0410,0.0246,0.0369,0.0369,0.4360,0.6535,,0.2175,,63.33,,155.7,162.7,0.870,0.110,
1791426106.8929334,0.7006,0.7538,0.4998,0.6350,0.7006,0.4998,0.7006,0.5695,0.7006,0.3646,0.1966,0.4302,0.4302,0.0246,0.0164,0.0246,0.0369,0.4360,0.6560,,0.2200,,63.22,,155.1,163.3,0.865,0.111,1.479
1791426106.9265435,0.5695,0.5695,0.7538,0.6350,0.8440,0.8030,0.7006,0.5695,0.6350,0.2458,0.1557,0.4302,0.4302,0.0369,0.0246,0.0574,0.0410,0.4400,0.6565,,0.2165,,63.00,,155.7,163.0,0.867,0.111,
1791426106.9594097,0.7006,0.4998,0.8030,0.4998,0.8030,0.5695,0.7006,0.6350,0.6350,0.1229,0.1229,0.4998,0.4998,0.0737,0.0246,0.0737,0.0123,0.4360,0.6555,,0.2195,,63.08,,155.4,163.1,0.856,0.111,
1791426106.9938314,0.4998,0.8440,0.8440,0.5695,0.5695,0.7006,0.7006,0.8030,0.4998,0.2991,0.1557,0.4302,0.4998,0.0942,0.0410,0.0369,0.0410,0.4360,0.6535,,0.2175,,62.90,,155.3,163.3,0.913,0.112,
1791426107.0335305,0.4302,0.4998,0.4998,0.5695,0.3646,0.6350,0.7006,0.5695,0.7538,0.1229,0.2991,0.5695,0.4998,0.0410,0.0410,0.0410,0.0410,0.4360,0.6565,,0.2205,,63.28,,155.0,163.8,0.856,0.110,
1791426107.0648189,0.5695,0.7538,0.8440,0.5695,0.6350,0.7538,0.4998,0.6350,0.5695,0.1557,0.1966,0.2991,0.4302,0.0737,0.0369,0.0574,0.0369,0.4360,0.6560,,0.2200,,64.01,,155.5,164.1,,0.107,
