timestamp,nose_score,left_eye_score,right_eye_score,left_ear_score,right_ear_score,left_shoulder_score,right_shoulder_score,left_elbow_score,right_elbow_score,left_wrist_score,right_wrist_score,left_hip_score,right_hip_score,left_knee_score,right_knee_score,left_ankle_score,right_ankle_score,head_depth_m,chest_depth_m,hip_depth_m,neck_forward_offset_m,torso_recline_offset_m,head_forward_deg,torso_pitch_deg,elbow_left_deg,elbow_right_deg,torso_len_sw,head_up_m,wrist_face_sw
1791428985.1639209,0.6350,0.3646,0.6350,0.4302,0.5695,0.5695,0.6350,0.4302,0.7006,0.4302,0.2991,0.6350,0.5695,0.0123,0.0369,0.0369,0.0737,0.6720,0.8210,0.6330,0.1490,-0.1880,41.25,-21.25,145.6,157.1,1.141,0.164,1.680
1791428985.2048545,0.7006,0.3646,0.2458,0.6350,0.5695,0.5695,0.8030,0.6350,0.6350,0.7006,0.2991,0.6350,0.4998,0.0205,0.0369,0.0737,0.0574,0.6790,0.8115,,0.1325,,40.75,-21.03,144.1,157.4,1.211,0.164,1.778
1791428985.237274,0.8440,0.4302,0.8030,0.5695,0.4998,0.7006,0.5695,0.4302,0.7538,0.4998,0.5695,0.6350,0.7006,0.0082,0.0123,0.0369,0.0574,0.6720,0.8180,0.6360,0.1460,-0.1820,40.57,-20.81,144.9,157.3,1.250,0.166,1.828
1791428985.269799,0.6350,0.7538,0.5695,0.4998,0.5695,0.6350,0.7538,0.6350,0.6350,0.3646,0.3646,0.5695,0.5695,0.0205,0.0369,0.0205,0.0410,0.6750,0.8180,0.6330,0.1430,-0.1850,40.90,-21.01,145.3,156.9,1.156,0.165,1.697
1791428985.3005455,0.5695,0.7538,0.6350,0.4998,0.5695,0.5695,0.4998,0.4998,0.4998,0.2991,0.2991,0.5695,0.5695,0.0205,0.0164,0.0410,0.0369,0.6720,0.8140,0.6320,0.1420,-0.1820,41.00,-21.12,145.4,156.5,1.150,0.164,
1791428985.33213,0.6350,0.5695,0.8030,0.4998,0.4302,0.7006,0.5695,0.6350,0.6350,0.6350,0.3646,0.4302,0.4302,0.0369,0.0164,0.0574,0.0369,0.6720,0.8190,,0.1470,,41.15,-21.20,145.1,156.8,1.177,0.164,1.725
1791428985.3644645,0.6350,0.4998,0.4998,0.7006,0.4998,0.7006,0.7538,0.6350,0.8440,0.6350,0.4302,0.6350,0.5695,0.0164,0.0574,0.0942,0.0410,0.6740,0.8150,0.6370,0.1410,-0.1780,40.26,-20.75,146.1,157.2,1.284,0.169,1.914
1791428985.3967125,0.5695,0.7006,0.6350,0.6350,0.4302,0.6350,0.7538,0.7006,0.6350,0.6350,0.1557,0.5695,0.5695,0.0205,0.0123,0.0737,0.0737,0.6720,0.8205,0.6390,0.1485,-0.1815,40.96,-21.01,145.9,157.2,1.118,0.166,1.633
1791428985.4291344,0.8440,0.8440,0.5695,0.5695,0.4998,0.4998,0.7538,0.4302,0.7006,0.7538,0.1557,0.6350,0.5695,0.0123,0.0410,0.0737,0.0369,0.6740,0.8190,0.6380,0.1450,-0.1810,41.07,-21.07,145.5,157.3,1.160,0.165,1.738
1791428985.4628737,0.6350,0.7538,0.6350,0.4998,0.5695,0.6350,0.5695,0.5695,0.7538,0.6350,0.4302,0.6350,0.6350,0.0246,0.0369,0.0369,0.0574,0.6750,0.8135,0.6350,0.1385,-0.1785,40.70,-20.80,145.2,157.4,1.242,0.166,1.806
1791428985.4956982,0.4302,0.7538,0.6350,0.4302,0.6350,0.4998,0.7006,0.5695,0.7006,0.2458,0.6350,0.4998,0.4998,0.0082,0.0574,0.0737,0.0574,0.6750,0.8205,,0.1455,,40.85,-20.82,144.9,157.5,1.209,0.166,1.867
1791428985.536413,0.6350,0.5695,0.4302,0.7006,0.2991,0.4998,0.7006,0.5695,0.5695,0.5695,0.4302,0.5695,0.4302,0.0123,0.0123,0.0574,0.0369,0.6740,0.8215,,0.1475,,41.40,-21.10,145.5,157.7,1.136,0.164,1.688
1791428985.5673938,0.6350,0.8030,0.5695,0.4998,0.4302,0.6350,0.6350,0.6350,0.6350,0.5695,0.5695,0.3646,0.4302,0.0164,0.0369,0.0369,0.0574,0.6720,0.8130,,0.1410,,40.99,-20.82,145.8,157.8,1.236,0.165,1.839
1791428985.5996947,0.7538,0.8030,0.6350,0.6350,0.4302,0.5695,0.7538,0.6350,0.7006,0.6350,0.6350,0.6350,0.7006,0.0123,0.0369,0.0369,0.0574,0.6720,0.8185,0.6370,0.1465,-0.1815,40.96,-20.60,145.5,158.1,1.261,0.166,1.838
1791428985.6310227,0.6350,0.5695,0.7006,0.7006,0.6350,0.6350,0.8030,0.8030,0.4998,0.3646,0.4998,0.5695,0.4302,0.0123,0.0369,0.0410,0.0369,0.6780,0.8135,,0.1355,,40.86,-20.63,144.1,157.8,1.172,0.165,1.717
1791428985.6628482,0.5695,0.8030,0.4302,0.4998,0.6350,0.4998,0.5695,0.6350,0.4302,0.5695,0.2991,0.5695,0.5695,0.0205,0.0246,0.0737,0.0574,0.6740,0.8175,0.6330,0.1435,-0.1845,41.09,-20.40,143.8,158.1,1.300,0.164,1.831
1791428985.6968238,0.6350,0.6350,0.4302,0.5695,0.6350,0.7006,0.7006,0.7006,0.6350,0.6350,0.4998,0.5695,0.6350,0.0205,0.0369,0.0410,0.0369,0.6720,0.8145,0.6390,0.1425,-0.1755,40.98,-20.03,143.5,158.5,1.303,0.164,1.848
1791428985.7300422,0.4998,0.5695,0.5695,0.7006,0.5695,0.5695,0.7006,0.4998,0.5695,0.4302,0.6350,0.4998,0.4998,0.0205,0.0123,0.0369,0.0574,0.6720,0.8205,,0.1485,,41.29,-20.27,144.9,158.0,1.185,0.164,1.698
1791428985.7636626,0.6350,0.4302,0.4302,0.4302,0.4998,0.6350,0.6350,0.7538,0.6350,0.4998,0.3646,0.5695,0.5695,0.0164,0.0369,0.0164,0.0574,0.6720,0.8140,0.6320,0.1420,-0.1820,41.42,-20.50,144.5,157.8,1.156,0.163,1.700
1791428985.8044212,0.6350,0.2991,0.3646,0.4998,0.5695,0.4998,0.8030,0.4998,0.5695,0.4302,0.4998,0.6350,0.4302,0.0369,0.0574,0.0574,0.0574,0.6730,0.8110,,0.1380,,41.06,-20.59,144.0,157.8,1.146,0.163,1.729
1791428985.8368704,0.5695,0.7006,0.7538,0.6350,0.5695,0.7538,0.7006,0.6350,0.7006,0.4998,0.6350,0.5695,0.5695,0.0164,0.0164,0.0574,0.0574,0.6710,0.8135,0.6390,0.1425,-0.1745,41.01,-20.54,144.0,157.9,1.177,0.164,1.739
1791428985.8678834,0.4302,0.7538,0.4302,0.4302,0.7006,0.7006,0.6350,0.7006,0.7538,0.4302,0.4302,0.5695,0.4302,0.0123,0.0246,0.0410,0.0737,0.6750,0.8195,,0.1445,,41.35,-20.88,143.8,157.2,1.118,0.162,1.639
1791428985.8983843,0.6350,0.4998,0.4302,0.5695,0.5695,0.4998,0.7538,0.6350,0.5695,0.6350,0.4302,0.4998,0.6350,0.0205,0.0410,0.0574,0.0410,0.6730,0.8180,,0.1450,,41.54,-21.09,143.7,156.9,1.127,0.162,1.694
1791428985.930277,0.7538,0.4302,0.6350,0.3646,0.3646,0.5695,0.7006,0.7538,0.5695,0.5695,0.4302,0.6350,0.5695,0.0123,0.0369,0.0942,0.0410,0.6710,0.8180,0.6420,0.1470,-0.1760,41.26,-20.73,143.9,157.3,1.252,0.164,1.842
1791428985.962885,0.7538,0.4998,0.4998,0.4998,0.4302,0.8440,0.6350,0.6350,0.7538,0.4302,0.5695,0.5695,0.6350,0.0164,0.0164,0.0410,0.0410,0.6710,0.8175,0.6320,0.1465,-0.1855,41.69,-21.09,144.3,157.0,1.113,0.162,1.643
1791428985.996562,0.5695,0.4998,0.6350,0.4998,0.4998,0.7538,0.7538,0.6350,0.7006,0.3646,0.4998,0.4302,0.4302,0.0369,0.0410,0.0410,0.0410,0.6700,0.8185,,0.1485,,41.94,-21.06,145.5,156.7,1.192,0.162,1.728
1791428986.0301964,0.4302,0.5695,0.7006,0.6350,0.6350,0.4998,0.7006,0.4302,0.7006,0.4302,0.2991,0.4998,0.4302,0.0246,0.0369,0.0737,0.0410,0.6700,0.8185,,0.1485,,42.08,-20.91,144.8,156.9,1.231,0.162,1.804
1791428986.0707626,0.7006,0.4998,0.5695,0.5695,0.6350,0.6350,0.7006,0.6350,0.7538,0.1966,0.1557,0.4302,0.3646,0.0205,0.0123,0.0574,0.0369,0.6700,0.8185,,0.1485,,42.56,-21.23,144.8,156.8,1.094,0.160,
1791428986.1020644,0.3646,0.4998,0.8030,0.6350,0.4998,0.4302,0.5695,0.7538,0.7538,0.4998,0.3646,0.6350,0.5695,0.0205,0.0123,0.0737,0.0369,0.6700,0.8180,0.6370,0.1480,-0.1810,42.64,-21.16,144.7,157.0,1.187,0.159,1.714
1791428986.1336992,0.5695,0.4998,0.7538,0.4998,0.6350,0.4998,0.7006,0.7006,0.5695,0.4998,0.7006,0.5695,0.5695,0.0246,0.0123,0.0369,0.0574,0.6730,0.8205,0.6380,0.1475,-0.1825,43.09,-21.25,144.7,157.2,1.151,0.157,1.660
1791428986.1654744,0.3646,0.6350,0.5695,0.4302,0.6350,0.5695,0.7006,0.4998,0.7538,0.4302,0.2991,0.5695,0.4302,0.0123,0.0123,0.0410,0.0737,0.6710,0.8165,,0.1455,,42.79,-21.18,145.2,157.4,1.178,0.158,1.757
1791428986.1973543,0.6350,0.5695,0.3646,0.5695,0.4998,0.7006,0.7538,0.5695,0.8030,0.5695,0.2458,0.6350,0.6350,0.0164,0.0369,0.0737,0.0574,0.6700,0.8140,0.6320,0.1440,-0.1820,42.80,-21.20,145.9,157.5,1.169,0.158,1.678
1791428986.231258,0.6350,0.6350,0.7006,0.7006,0.5695,0.5695,0.6350,0.5695,0.6350,0.4302,0.6350,0.5695,0.6350,0.0246,0.0737,0.0737,0.0737,0.6700,0.8170,0.6360,0.1470,-0.1810,42.86,-20.83,146.3,157.5,1.279,0.158,1.799
1791428986.264561,0.7006,0.8030,0.4998,0.6350,0.7006,0.4998,0.5695,0.5695,0.8030,0.2991,0.3646,0.4302,0.5695,0.0410,0.0123,0.0574,0.0737,0.6720,0.8190,,0.1470,,42.74,-20.80,146.5,157.5,1.213,0.158,1.760
1791428986.2988389,0.6350,0.5695,0.7538,0.4998,0.4998,0.5695,0.7006,0.5695,0.7006,0.5695,0.2991,0.4998,0.4998,0.0082,0.0574,0.0369,0.0942,0.6710,0.8185,,0.1475,,42.52,-20.84,147.1,158.2,1.192,0.160,1.753
1791428986.338938,0.6350,0.6350,0.7006,0.4998,0.4302,0.7006,0.7006,0.5695,0.7538,0.6350,0.1229,0.4998,0.5695,0.0205,0.0369,0.0574,0.0574,0.6730,0.8205,,0.1475,,43.11,-20.86,158.3,157.6,1.205,0.157,1.736
1791428986.3699894,0.6350,0.6350,0.7006,0.5695,0.5695,0.4302,0.7538,0.7006,0.7538,0.5695,0.6350,0.5695,0.6350,0.0123,0.0123,0.0942,0.0369,0.6710,0.8205,0.6350,0.1495,-0.1855,43.77,-21.06,155.4,157.5,1.155,0.154,1.646
1791428986.4016476,0.7006,0.6350,0.4998,0.5695,0.4302,0.5695,0.8030,0.6350,0.4998,0.5695,0.4998,0.5695,0.5695,0.0369,0.0123,0.0737,0.0574,0.6700,0.8170,0.6340,0.1470,-0.1830,43.52,-20.69,152.9,157.6,1.303,0.155,1.868
1791428986.431867,0.4302,0.4998,0.4302,0.6350,0.4998,0.7006,0.8030,0.7006,0.7006,0.6350,0.3646,0.4302,0.2991,0.0246,0.0246,0.0410,0.0246,0.6700,0.8195,,0.1495,,43.64,-20.85,152.0,156.7,,0.155,1.664
1791428986.4647088,0.4998,0.4998,0.4998,0.7006,0.5695,0.7006,0.4998,0.6350,0.6350,0.3646,0.2991,0.2458,0.4302,0.0082,0.0123,0.0737,0.0369,0.6730,0.8125,,0.1395,,42.77,-20.57,150.0,157.2,,0.158,1.839
1791428986.497171,0.6350,0.3646,0.4998,0.4998,0.6350,0.6350,0.7538,0.4998,0.7006,0.6350,0.3646,0.5695,0.5695,0.0164,0.0246,0.0737,0.0369,0.6720,0.8155,0.6320,0.1435,-0.1835,42.68,-21.01,148.8,156.6,1.085,0.158,1.620
1791428986.5307891,0.4302,0.4302,0.6350,0.4998,0.4302,0.6350,0.8030,0.4998,0.6350,0.6350,0.2991,0.5695,0.6350,0.0123,0.0410,0.0369,0.0737,0.6700,0.8185,0.6320,0.1485,-0.1865,42.96,-21.23,148.0,156.8,1.146,0.157,1.687
1791428986.5639915,0.6350,0.4998,0.7006,0.5695,0.4302,0.4302,0.8030,0.5695,0.7538,0.4998,0.4302,0.5695,0.5695,0.0123,0.0164,0.0574,0.0574,0.6760,0.8185,0.6330,0.1425,-0.1855,42.67,-21.29,147.4,156.5,1.176,0.158,1.749
1791428986.6051831,0.7006,0.7006,0.3646,0.4302,0.4302,0.7006,0.8030,0.7006,0.7006,0.4998,0.6350,0.6350,0.6350,0.0123,0.0164,0.0737,0.0574,0.6730,0.8115,0.6320,0.1385,-0.1795,42.32,-21.32,146.3,156.4,1.142,0.158,1.689
1791428986.6360548,0.4998,0.4998,0.2991,0.5695,0.5695,0.7538,0.8440,0.6350,0.7006,0.2458,0.3646,0.5695,0.7006,0.0246,0.0369,0.0737,0.0574,0.6760,0.8125,0.6340,0.1365,-0.1785,41.72,-21.09,146.4,156.9,1.214,0.160,1.846
1791428986.667813,0.5695,0.6350,0.6350,0.5695,0.6350,0.5695,0.8030,0.7006,0.7538,0.5695,0.2458,0.4302,0.2991,0.0164,0.0123,0.0574,0.0737,0.6700,0.8085,,0.1385,,40.96,-20.88,146.4,157.0,,0.163,1.825
1791428986.699459,0.4302,0.4302,0.4302,0.7006,0.3646,0.5695,0.5695,0.4998,0.7006,0.4998,0.4998,0.5695,0.5695,0.0123,0.0410,0.1229,0.0574,0.6790,0.8210,0.6320,0.1420,-0.1890,41.42,-21.13,146.5,157.1,1.161,0.161,1.727
1791428986.7321122,0.6350,0.5695,0.7006,0.6350,0.7006,0.7006,0.7006,0.4998,0.8030,0.4998,0.4302,0.7006,0.6350,0.0123,0.0164,0.1229,0.0574,0.6730,0.7980,0.6320,0.1250,-0.1660,41.29,-20.99,139.1,157.1,1.117,0.158,1.600
1791428986.7639859,0.7538,0.6350,0.6350,0.6350,0.4998,0.7006,0.7006,0.5695,0.6350,0.2991,0.3646,0.7006,0.7006,0.0123,0.0164,0.0410,0.0574,0.6700,0.8180,0.6360,0.1480,-0.1820,41.86,-21.18,141.6,157.1,1.127,0.157,1.687
1791428986.7974675,0.7006,0.6350,0.6350,0.6350,0.5695,0.5695,0.8030,0.6350,0.5695,0.5695,0.5695,0.5695,0.6350,0.0164,0.0246,0.0410,0.0574,0.6700,0.8190,0.6330,0.1490,-0.1860,42.25,-21.09,142.9,156.9,1.228,0.156,1.784
1791428986.8323035,0.6350,0.6350,0.7006,0.4302,0.4998,0.7006,0.8440,0.7006,0.7538,0.7538,0.3646,0.5695,0.5695,0.0123,0.0369,0.0574,0.0410,0.6690,0.8215,0.6320,0.1525,-0.1895,43.07,-21.39,143.2,157.2,1.136,0.154,1.606
1791428986.8735883,0.5695,0.7538,0.6350,0.4302,0.5695,0.6350,0.6350,0.6350,0.5695,0.1966,0.2458,0.4998,0.4302,0.0369,0.0082,0.0410,0.0942,0.6730,0.8190,,0.1460,,43.09,-21.32,144.1,157.2,1.208,0.154,
1791428986.9048426,0.6350,0.5695,0.4302,0.7006,0.3646,0.6350,0.7006,0.5695,0.7006,0.4302,0.1966,0.3646,0.4998,0.0205,0.0164,0.0369,0.0574,0.6750,0.8180,,0.1430,,42.95,-21.30,143.4,157.4,1.190,0.155,1.766
1791428986.9376366,0.5695,0.4302,0.7006,0.5695,0.7006,0.4998,0.7006,0.6350,0.5695,0.2458,0.5695,0.7006,0.6350,0.0205,0.0410,0.0574,0.0410,0.6710,0.8180,0.6320,0.1470,-0.1860,42.87,-20.93,145.0,157.9,1.308,0.156,1.943
1791428986.9684458,0.3646,0.6350,0.4302,0.5695,0.4998,0.7006,0.5695,0.4998,0.4998,0.7006,0.2458,0.4998,0.6350,0.0164,0.0082,0.0410,0.0369,0.6760,0.8110,,0.1350,,42.19,-20.92,145.1,157.5,1.166,0.158,1.723
1791428986.9999452,0.6350,0.4302,0.7006,0.6350,0.3646,0.4998,0.7538,0.7538,0.7006,0.6350,0.2991,0.4998,0.4302,0.0164,0.0246,0.0369,0.0369,0.6710,0.8160,,0.1450,,42.16,-20.97,144.0,157.6,1.182,0.158,1.753
1791428987.0318859,0.4998,0.6350,0.4302,0.5695,0.7006,0.7538,0.7538,0.5695,0.6350,0.6350,0.5695,0.4998,0.4302,0.0246,0.0205,0.1229,0.0574,0.6760,0.8130,,0.1370,,41.74,-20.95,142.6,157.5,1.182,0.159,1.723
1791428987.065828,0.7006,0.7538,0.6350,0.6350,0.5695,0.6350,0.7006,0.7538,0.7006,0.2991,0.2458,0.5695,0.5695,0.0205,0.0369,0.0410,0.0737,0.6720,0.8135,0.6390,0.1415,-0.1745,41.42,-20.65,142.8,157.6,1.232,0.161,
1791428987.0988147,0.8440,0.5695,0.8767,0.4998,0.6350,0.4998,0.7006,0.5695,0.6350,0.4302,0.4302,0.5695,0.4302,0.0369,0.0369,0.0410,0.0410,0.6720,0.8195,,0.1475,,41.72,-20.63,142.7,157.5,1.235,0.160,1.776
1791428987.1327863,0.4302,0.8030,0.6350,0.3646,0.7538,0.6350,0.5695,0.7006,0.6350,0.7006,0.3646,0.6350,0.6350,0.0164,0.0246,0.0410,0.0410,0.6760,0.8095,0.6320,0.1335,-0.1775,41.27,-20.66,142.6,157.5,1.170,0.161,1.739
1791428987.1745048,0.5695,0.7006,0.6350,0.5695,0.3646,0.5695,0.5695,0.7006,0.7006,0.7538,0.2458,0.7006,0.5695,0.0082,0.0369,0.0574,0.0369,0.6720,0.8170,0.6370,0.1450,-0.1800,41.38,-20.84,143.7,157.1,1.136,0.161,1.704
1791428987.2062416,0.3646,0.4998,0.4302,0.4998,0.5695,0.5695,0.7006,0.6350,0.6350,0.6350,0.4302,0.4998,0.4998,0.0205,0.0205,0.0737,0.0369,0.6770,0.8215,,0.1445,,42.02,-20.82,144.6,157.3,1.235,0.158,1.798
1791428987.2374125,0.5695,0.6350,0.6350,0.7006,0.4998,0.8030,0.7006,0.6350,0.5695,0.5695,0.4998,0.4998,0.4998,0.0246,0.0246,0.0574,0.0574,0.6710,0.8165,,0.1455,,41.90,-20.95,144.6,156.8,1.157,0.159,1.714
1791428987.2683158,0.7006,0.7538,0.7006,0.4998,0.4302,0.6350,0.6350,0.6350,0.7538,0.2458,0.4302,0.3646,0.2991,0.0164,0.0164,0.0410,0.0574,0.6720,0.8130,,0.1410,,41.19,-20.62,145.6,157.0,,0.163,1.918
1791428987.3010688,0.6350,0.4998,0.6350,0.4998,0.5695,0.4998,0.7006,0.6350,0.7006,0.6350,0.4998,0.4998,0.4998,0.0164,0.0410,0.0574,0.0737,0.6690,0.8130,,0.1440,,41.55,-20.76,145.0,156.7,1.141,0.161,1.666
1791428987.3335068,0.3646,0.7538,0.6350,0.4302,0.7006,0.5695,0.8030,0.7538,0.6350,0.6350,0.3646,0.5695,0.5695,0.0164,0.0574,0.0574,0.0410,0.6760,0.8130,0.6360,0.1370,-0.1770,41.30,-20.59,144.1,157.0,1.222,0.161,1.739
1791428987.3665218,0.6350,0.6350,0.8030,0.4998,0.5695,0.7538,0.5695,0.8030,0.6350,0.4302,0.6350,0.7006,0.6350,0.0123,0.0369,0.0942,0.0369,0.6720,0.8135,0.6320,0.1415,-0.1815,41.14,-20.64,143.5,157.2,1.193,0.162,1.783
1791428987.3992965,0.4998,0.4302,0.2458,0.4998,0.6350,0.3646,0.7538,0.6350,0.5695,0.4998,0.2458,0.4998,0.7006,0.0164,0.0123,0.0737,0.0574,0.6720,0.8170,,0.1450,,41.33,-20.61,144.6,157.2,1.224,0.162,1.778
1791428987.4324808,0.6350,0.5695,0.7006,0.4998,0.5695,0.4998,0.6350,0.6350,0.5695,0.5695,0.4998,0.6350,0.5695,0.0082,0.0082,0.0369,0.0737,0.6720,0.8135,0.6400,0.1415,-0.1735,41.21,-20.18,144.0,157.8,1.292,0.162,1.836
1791428987.4729111,0.4998,0.4998,0.5695,0.5695,0.6350,0.6350,0.7538,0.7006,0.7006,0.2991,0.3646,0.6350,0.4998,0.0164,0.0246,0.0410,0.0737,0.6760,0.8150,,0.1390,,41.46,-20.43,143.5,157.3,1.142,0.160,1.699
1791428987.504353,0.7006,0.7538,0.5695,0.4302,0.5695,0.6350,0.7006,0.7006,0.8030,0.6350,0.2991,0.6350,0.5695,0.0123,0.0123,0.0574,0.0574,0.6680,0.8145,0.6320,0.1465,-0.1825,41.95,-20.60,144.0,157.4,1.171,0.159,1.691
1791428987.535947,0.7538,0.5695,0.7006,0.6350,0.7006,0.4998,0.5695,0.7006,0.7006,0.4998,0.6350,0.3646,0.4998,0.0123,0.0205,0.0574,0.0410,0.6750,0.8125,,0.1375,,41.49,-20.60,143.5,157.7,1.182,0.160,1.764
1791428987.5680637,0.4302,0.7006,0.4302,0.4302,0.6350,0.7006,0.7006,0.6350,0.7006,0.6350,0.5695,0.5695,0.5695,0.0369,0.0410,0.0737,0.0737,0.6720,0.8175,0.6320,0.1455,-0.1855,41.69,-20.83,143.9,157.5,1.162,0.160,1.714
1791428987.599759,0.6350,0.5695,0.4998,0.5695,0.5695,0.5695,0.7538,0.7538,0.7538,0.3646,0.4302,0.5695,0.6350,0.0369,0.0246,0.0574,0.0369,0.6690,0.8135,0.6350,0.1445,-0.1785,41.66,-20.58,144.2,158.0,1.250,0.160,1.828
1791428987.6324813,0.7006,0.5695,0.4302,0.4998,0.5695,0.6350,0.7538,0.6350,0.2991,0.4998,0.4302,0.6350,0.5695,0.0246,0.0574,0.0737,0.0737,0.6720,0.8175,0.6320,0.1455,-0.1855,41.99,-20.88,145.3,158.5,1.142,0.159,1.671
1791428987.665928,0.7538,0.6350,0.4302,0.5695,0.6350,0.6350,0.7006,0.6350,0.7006,0.2991,0.2458,0.4998,0.4998,0.0205,0.0246,0.0737,0.0410,0.6760,0.8170,,0.1410,,42.03,-20.94,146.2,158.3,1.182,0.158,
1791428987.6993566,0.4998,0.7538,0.6350,0.5695,0.7006,0.3646,0.7538,0.8440,0.7538,0.4998,0.4302,0.5695,0.6350,0.0164,0.0205,0.0737,0.0410,0.6710,0.8115,0.6320,0.1405,-0.1795,41.83,-20.91,146.4,158.0,1.180,0.159,1.778
1791428987.7323756,0.7538,0.5695,0.7538,0.4302,0.5695,0.5695,0.5695,0.5695,0.8030,0.5695,0.7006,0.5695,0.6350,0.0369,0.0123,0.0574,0.0410,0.6720,0.8135,0.6320,0.1415,-0.1815,41.49,-20.79,147.0,157.5,1.226,0.161,1.868
1791428987.7731197,0.4998,0.7538,0.4302,0.6350,0.4302,0.7006,0.8440,0.5695,0.6350,0.7538,0.2991,0.5695,0.4998,0.0123,0.0410,0.0369,0.0574,0.6750,0.8185,,0.1435,,41.65,-20.81,146.6,157.5,1.213,0.160,1.792
1791428987.8040237,0.7538,0.5695,0.6350,0.4302,0.4302,0.6350,0.8030,0.6350,0.4998,0.4302,0.2458,0.5695,0.6350,0.0123,0.0410,0.0942,0.0737,0.6680,0.8110,0.6360,0.1430,-0.1750,41.34,-20.63,146.8,157.3,1.207,0.162,1.792
1791428987.835532,0.5695,0.5695,0.4302,0.4998,0.6350,0.7006,0.7006,0.5695,0.5695,0.2458,0.6350,0.5695,0.5695,0.0164,0.0164,0.0574,0.0737,0.6690,0.8180,0.6360,0.1490,-0.1820,41.84,-20.41,146.6,157.6,1.279,0.161,1.853
1791428987.867583,0.7006,0.7006,0.4998,0.6350,0.4998,0.6350,0.7006,0.6350,0.7006,0.7006,0.4302,0.4998,0.4998,0.0246,0.0737,0.0574,0.0369,0.6720,0.8145,,0.1425,,41.54,-20.24,146.0,157.5,1.268,0.162,1.894
1791428987.8992198,0.7006,0.6350,0.2991,0.4998,0.4998,0.4302,0.7538,0.4998,0.4998,0.5695,0.2458,0.6350,0.6350,0.0205,0.0737,0.0410,0.0737,0.6720,0.8145,0.6370,0.1425,-0.1775,41.26,-20.02,145.9,157.5,1.276,0.163,1.866
1791428987.9322746,0.5695,0.4998,0.8030,0.4998,0.6350,0.6350,0.7006,0.7006,0.8030,0.6350,0.1966,0.5695,0.4998,0.0164,0.0410,0.0737,0.0369,0.6710,0.8185,,0.1475,,41.77,-20.45,146.2,157.2,1.118,0.161,1.676
1791428987.9657605,0.6350,0.5695,0.6350,0.4998,0.5695,0.6350,0.7006,0.4998,0.8440,0.6350,0.3646,0.7006,0.5695,0.0205,0.0246,0.0410,0.0574,0.6690,0.8145,0.6330,0.1455,-0.1815,41.79,-20.18,146.3,157.7,1.308,0.162,1.850
1791428987.9990451,0.5695,0.4302,0.5695,0.6350,0.4302,0.7538,0.6350,0.7538,0.6350,0.6350,0.2458,0.6350,0.6350,0.0164,0.0123,0.0574,0.0574,0.6710,0.8085,0.6380,0.1375,-0.1705,41.07,-19.83,145.5,157.9,1.277,0.164,1.869
1791428988.033232,0.6350,0.3646,0.4302,0.4998,0.4998,0.4998,0.7538,0.5695,0.6350,0.4302,0.3646,0.5695,0.5695,0.0246,0.0410,0.0369,0.0942,0.6720,0.8160,0.6330,0.1440,-0.1830,41.06,-19.88,144.9,157.2,1.252,0.164,1.848
1791428988.07296,0.6350,0.4998,0.7006,0.5695,0.4998,0.6350,0.4302,0.6350,0.6350,0.5695,0.1966,0.4998,0.4998,0.0123,0.0205,0.0410,0.0574,0.6710,0.8115,,0.1405,,41.00,-20.13,144.2,156.9,1.136,0.164,1.682
1791428988.1046717,0.7006,0.4998,0.4998,0.4998,0.4998,0.7538,0.7006,0.7006,0.8440,0.6350,0.7006,0.5695,0.6350,0.0123,0.0574,0.0410,0.0369,0.6690,0.8200,0.6320,0.1510,-0.1880,41.72,-20.39,144.9,157.2,1.197,0.162,1.751
1791428988.13563,0.2991,0.6350,0.5695,0.4998,0.5695,0.6350,0.6350,0.5695,0.7538,0.5695,0.6350,0.4998,0.6350,0.0205,0.0369,0.0737,0.0574,,0.8145,,,,41.72,-20.39,144.3,157.3,1.234,0.162,
1791428988.1658795,0.7006,0.7006,0.4998,0.4998,0.4998,0.7006,0.6350,0.6350,0.7538,0.5695,0.2458,0.6350,0.6350,0.0164,0.0410,0.0942,0.0574,0.6720,0.8145,0.6420,0.1425,-0.1725,42.01,-20.44,143.6,157.3,1.146,0.160,1.660
1791428988.199078,0.5695,0.5695,0.7006,0.5695,0.6350,0.6350,0.7006,0.7538,0.6350,0.6350,0.2991,0.6350,0.5695,0.0205,0.0082,0.0574,0.0369,0.6710,0.8175,0.6360,0.1465,-0.1815,42.10,-20.60,144.0,157.0,1.166,0.160,1.721
1791428988.2331445,0.5695,0.6350,0.7006,0.5695,0.4998,0.8440,0.7006,0.7006,0.4998,0.6350,0.4998,0.6350,0.6350,0.0246,0.0410,0.0574,0.0574,0.6710,0.8140,0.6380,0.1430,-0.1760,41.62,-20.37,143.7,157.1,1.242,0.162,1.822
1791428988.2659042,0.4998,0.5695,0.7538,0.4998,0.5695,0.5695,0.7006,0.7006,0.7538,0.2991,0.3646,0.6350,0.6350,0.0164,0.0410,0.0737,0.0737,0.6710,0.8190,0.6320,0.1480,-0.1870,41.96,-20.63,144.0,157.3,1.177,0.161,1.774
1791428988.2993824,0.4998,0.4302,0.7006,0.4998,0.5695,0.6350,0.7006,0.6350,0.7006,0.5695,0.2991,0.4998,0.4998,0.0164,0.0246,0.0737,0.0574,0.6700,0.8160,,0.1460,,41.93,-20.80,145.1,157.1,1.146,0.162,1.709
1791428988.340082,0.3646,0.5695,0.7006,0.5695,0.4302,0.2991,0.7538,0.7006,0.7006,0.6350,0.2991,0.4998,0.5695,0.0164,0.0369,0.0737,0.0410,0.6690,,,,,41.93,-20.80,145.1,157.1,,,
1791428988.3726287,0.6350,0.6350,0.7538,0.5695,0.4302,0.2991,0.7006,0.6350,0.7538,0.5695,0.4998,0.6350,0.7006,0.0369,0.0369,0.0574,0.0574,0.6760,,0.6340,,,41.93,-20.80,145.1,157.1,,,
1791428988.4045937,0.6350,0.6350,0.6350,0.5695,0.4998,0.6350,0.7006,0.7006,0.7006,0.7006,0.4302,0.7006,0.7006,0.0205,0.0246,0.0574,0.0369,0.6690,0.8145,0.6320,0.1455,-0.1825,42.09,-20.82,146.1,156.3,1.193,0.161,1.745
1791428988.4353716,0.6350,0.4302,0.4998,0.4302,0.5695,0.6350,0.7538,0.7006,0.7006,0.5695,0.4998,0.5695,0.6350,0.0123,0.0369,0.0410,0.0574,0.6660,0.8195,0.6370,0.1535,-0.1825,42.37,-20.95,157.3,156.5,1.161,0.161,1.734
1791428988.4675686,0.4998,0.7006,0.5695,0.6350,0.5695,0.5695,0.6350,0.6350,0.5695,0.6350,0.2991,0.4998,0.6350,0.0205,0.0123,0.0574,0.0410,0.6750,0.8135,,0.1385,,41.99,-20.74,156.1,156.7,1.229,0.161,1.822
1791428988.4994943,0.4998,0.5695,0.7538,0.5695,0.3646,0.6350,0.5695,0.6350,0.4998,0.6350,0.4302,0.6350,0.7006,0.0123,0.0246,0.0410,0.0737,0.6710,0.8180,0.6390,0.1470,-0.1790,42.07,-20.77,153.2,156.7,1.172,0.161,1.735
1791428988.5336645,0.5695,0.6350,0.8030,0.5695,0.4998,0.7006,0.8440,0.5695,0.4998,0.2458,0.4302,0.7006,0.5695,0.0369,0.0246,0.0574,0.0369,0.6690,0.8205,0.6320,0.1515,-0.1885,42.79,-20.82,152.6,156.5,1.228,0.159,1.805
1791428988.5667992,0.6350,0.6350,0.7538,0.4998,0.4302,0.4998,0.8030,0.5695,0.6350,0.7006,0.5695,0.4998,0.6350,0.0123,0.0205,0.0737,0.0574,0.6680,0.8110,,0.1430,,41.99,-20.63,150.2,156.8,1.214,0.162,1.798
1791428988.6085074,0.6350,0.8767,0.7006,0.4998,0.7006,0.5695,0.8440,0.6350,0.8440,0.5695,0.6350,0.5695,0.6350,0.0205,0.0369,0.0369,0.0410,0.6730,0.8215,0.6380,0.1485,-0.1835,42.28,-20.62,149.5,157.1,1.221,0.161,1.768
1791428988.6403632,0.5695,0.4302,0.7006,0.5695,0.5695,0.7006,0.7006,0.6350,0.6350,0.5695,0.3646,0.5695,0.6350,0.0123,0.0123,0.0574,0.0737,0.6690,0.8195,0.6370,0.1505,-0.1825,42.57,-20.79,148.8,157.1,1.161,0.160,1.680
1791428988.671616,0.5695,0.4998,0.5695,0.5695,0.7006,0.7006,0.7006,0.7006,0.6350,0.2991,0.2991,0.4998,0.6350,0.0410,0.0205,0.0737,0.0737,0.6710,0.8125,,0.1415,,42.40,-20.84,147.2,157.3,1.146,0.160,
1791428988.7029843,0.6350,0.6350,0.7006,0.5695,0.5695,0.6350,0.7538,0.6350,0.7538,0.5695,0.2991,0.4302,0.4302,0.0123,0.0246,0.0369,0.0574,0.6680,0.8150,,0.1470,,42.37,-20.88,146.6,157.1,1.162,0.160,1.754
1791428988.734501,0.7006,0.5695,0.4998,0.5695,0.4998,0.7006,0.7538,0.5695,0.7006,0.4302,0.5695,0.6350,0.5695,0.0123,0.0369,0.0737,0.0574,0.6750,0.8185,0.6330,0.1435,-0.1855,42.58,-20.91,147.1,157.2,1.207,0.159,1.779
1791428988.766513,0.2458,0.2991,0.7538,0.5695,0.4998,0.5695,0.7538,0.5695,0.6350,0.6350,0.7538,0.5695,0.6350,0.0369,0.0574,0.0410,0.0410,,0.8205,0.6380,,-0.1825,42.58,-20.91,148.0,156.8,1.197,0.159,
1791428988.8003705,0.5695,0.5695,0.8030,0.6350,0.4998,0.6350,0.8030,0.8030,0.6350,0.6350,0.5695,0.7006,0.4998,0.0123,0.0246,0.0574,0.0410,0.6700,0.8120,,0.1420,,42.04,-20.67,146.7,157.3,1.230,0.161,1.834
1791428988.8337672,0.7538,0.4302,0.6350,0.6350,0.5695,0.6350,0.7006,0.8767,0.7006,0.4302,0.6350,0.6350,0.5695,0.0123,0.0369,0.0369,0.0942,0.6700,0.8155,0.6350,0.1455,-0.1805,41.82,-20.45,146.2,157.4,1.268,0.162,1.856
1791428988.8671646,0.7006,0.6350,0.6350,0.4302,0.4302,0.6350,0.7538,0.5695,0.7006,0.4998,0.2458,0.5695,0.6350,0.0123,0.0369,0.0574,0.0410,0.6710,0.8165,0.6420,0.1455,-0.1745,41.88,-20.41,146.6,157.3,1.182,0.162,1.698
1791428988.899802,0.5695,0.7006,0.7538,0.4302,0.4302,0.4998,0.7538,0.5695,0.7538,0.4998,0.2991,0.4998,0.5695,0.0164,0.0410,0.0942,0.0737,0.6710,0.8155,,0.1445,,41.54,-19.98,146.3,157.7,1.343,0.164,1.913
1791428988.9339683,0.4998,0.4998,0.6350,0.6350,0.4998,0.6350,0.8440,0.6350,0.7538,0.2991,0.5695,0.6350,0.6350,0.0246,0.0410,0.0410,0.0574,0.6700,0.8105,0.6420,0.1405,-0.1685,41.19,-20.02,145.3,157.4,1.146,0.165,1.775
1791428988.9734435,0.3646,0.7006,0.3646,0.5695,0.6350,0.4998,0.6350,0.7006,0.8030,0.7006,0.1557,0.5695,0.5695,0.0205,0.0164,0.0369,0.0369,0.6720,0.8185,0.6380,0.1465,-0.1805,41.74,-20.10,146.2,157.0,1.212,0.162,1.764
1791428989.0050764,0.3646,0.7538,0.7538,0.6350,0.7006,0.4998,0.7006,0.7006,0.7006,0.5695,0.4302,0.5695,0.6350,0.0205,0.0410,0.0737,0.0574,0.6680,0.8145,0.6320,0.1465,-0.1825,41.92,-20.23,145.9,157.1,1.202,0.161,1.760
1791428989.036434,0.6350,0.4998,0.7006,0.4302,0.7538,0.7006,0.7538,0.7006,0.4998,0.3646,0.2458,0.4998,0.5695,0.0369,0.0246,0.0410,0.0369,0.6680,0.8215,,0.1535,,42.96,-20.73,145.1,157.2,1.095,0.158,1.551
1791428989.0672817,0.5695,0.5695,0.8030,0.4998,0.6350,0.7006,0.7538,0.5695,0.8030,0.3646,0.4998,0.6350,0.6350,0.0123,0.0246,0.0574,0.0574,0.6690,0.8135,0.6370,0.1445,-0.1765,43.23,-20.81,144.4,157.0,1.141,0.156,1.644
1791428989.101017,0.5695,0.7538,0.7006,0.6350,0.7006,0.4998,0.7538,0.7006,0.6350,0.5695,0.3646,0.6350,0.5695,0.0205,0.0737,0.0574,0.0574,0.6720,0.8190,0.6330,0.1470,-0.1860,43.59,-21.13,144.8,156.5,1.124,0.154,1.604
1791428989.1341393,0.3646,0.5695,0.4302,0.5695,0.5695,0.4998,0.5695,0.7538,0.8030,0.2991,0.7006,0.6350,0.7006,0.0164,0.0574,0.0574,0.0574,0.6710,0.8130,0.6380,0.1420,-0.1750,43.20,-20.87,143.9,156.9,1.212,0.155,1.780
1791428989.1674712,0.6350,0.7006,0.3646,0.4302,0.5695,0.7006,0.6350,0.7006,0.6350,0.3646,0.2991,0.6350,0.6350,0.0123,0.0123,0.0410,0.0369,0.6680,0.8185,0.6360,0.1505,-0.1825,43.18,-20.92,144.8,157.2,1.181,0.156,1.743
1791428989.2090003,0.6350,0.6350,0.4302,0.5695,0.3646,0.5695,0.8030,0.7006,0.7006,0.5695,0.7006,0.5695,0.5695,0.0123,0.0164,0.0369,0.0737,0.6670,0.8165,0.6360,0.1495,-0.1805,42.80,-20.85,146.7,157.0,1.203,0.159,1.784
1791428989.241007,0.4302,0.7006,0.4302,0.4998,0.7006,0.5695,0.5695,0.7006,0.6350,0.7006,0.5695,0.6350,0.6350,0.0369,0.0246,0.0410,0.0737,0.6690,0.8135,0.6370,0.1445,-0.1765,42.61,-20.60,145.2,157.0,1.237,0.159,1.824
1791428989.2717452,0.4302,0.5695,0.4998,0.5695,0.5695,0.4998,0.6350,0.7538,0.5695,0.4998,0.2991,0.5695,0.4998,0.0205,0.0164,0.0574,0.0737,0.6790,0.8165,,0.1375,,42.24,-20.60,145.8,157.4,1.198,0.159,1.722
1791428989.3033195,0.4998,0.4302,0.7538,0.7006,0.7006,0.6350,0.7006,0.7006,0.7006,0.3646,0.3646,0.7006,0.6350,0.0123,0.0246,0.0942,0.0410,0.6700,0.8135,0.6380,0.1435,-0.1755,41.90,-20.35,145.6,157.6,1.247,0.161,1.856
1791428989.3344142,0.4998,0.4998,0.5695,0.6350,0.6350,0.4998,0.5695,0.6350,0.5695,0.2458,0.2991,0.4998,0.4998,0.0369,0.0246,0.0574,0.0574,0.6700,0.8205,,0.1505,,42.70,-20.68,146.5,157.7,1.132,0.158,
1791428989.3678496,0.7538,0.5695,0.7006,0.6350,0.4302,0.6350,0.6350,0.7538,0.6350,0.5695,0.1966,0.5695,0.6350,0.0164,0.0369,0.0574,0.0410,0.6720,0.8155,0.6360,0.1435,-0.1795,42.76,-20.34,146.2,157.9,1.298,0.157,1.814
1791428989.4009972,0.4998,0.4998,0.7006,0.6350,0.4302,0.6350,0.8030,0.5695,0.5695,0.6350,0.2458,0.4998,0.6350,0.0246,0.0246,0.0410,0.0410,0.6710,0.8130,,0.1420,,42.55,-20.54,145.4,157.5,1.127,0.158,1.675
1791428989.4345586,0.4302,0.6350,0.5695,0.5695,0.4998,0.5695,0.4998,0.7006,0.6350,0.4998,0.3646,0.5695,0.6350,0.0164,0.0410,0.0574,0.0942,0.6710,0.8175,0.6320,0.1465,-0.1855,42.87,-20.67,145.4,157.5,1.196,0.156,1.735
1791428989.467637,0.7006,0.5695,0.4302,0.4998,0.7006,0.4998,0.8030,0.6350,0.7006,0.5695,0.2991,0.6350,0.6350,0.0123,0.0369,0.0574,0.0574,0.6750,0.8175,0.6320,0.1425,-0.1855,42.54,-20.68,144.9,157.5,1.224,0.157,1.805
1791428989.5086176,0.4998,0.5695,0.4998,0.4998,0.6350,0.6350,0.7006,0.4998,0.6350,0.7006,0.7006,0.6350,0.6350,0.0369,0.0410,0.0369,0.0410,0.6780,0.8125,0.6330,0.1345,-0.1795,42.07,-20.57,144.5,157.2,1.227,0.158,1.753
1791428989.5396414,0.7538,0.5695,0.5695,0.4302,0.4998,0.6350,0.6350,0.7538,0.4302,0.2991,0.1966,0.6350,0.5695,0.0246,0.0082,0.0369,0.0410,0.6690,0.8155,0.6320,0.1465,-0.1835,41.84,-20.51,144.0,157.1,1.240,0.160,
1791428989.571143,0.5695,0.4302,0.5695,0.7006,0.4998,0.7006,0.7006,0.5695,0.5695,0.6350,0.2458,0.5695,0.5695,0.0205,0.0205,0.0410,0.0410,0.6710,0.8200,0.6320,0.1490,-0.1880,42.63,-21.03,145.0,157.1,1.091,0.157,1.602
1791428989.601611,0.4998,0.5695,0.5695,0.5695,0.4302,0.5695,0.8030,0.5695,0.5695,0.5695,0.2458,0.6350,0.6350,0.0123,0.0123,0.0737,0.0574,0.6710,0.8175,0.6320,0.1465,-0.1855,42.89,-21.18,144.6,157.1,1.160,0.156,1.702
1791428989.6344686,0.4998,0.6350,0.3646,0.4998,0.4998,0.4998,0.7538,0.7006,0.7006,0.4998,0.4998,0.5695,0.5695,0.0410,0.0410,0.0574,0.0369,0.6700,0.8185,0.6320,0.1485,-0.1865,42.95,-21.27,144.3,157.0,1.176,0.156,1.707
1791428989.6679826,0.7006,0.4302,0.6350,0.4998,0.4998,0.7006,0.6350,0.5695,0.4302,0.6350,0.3646,0.7006,0.5695,0.0164,0.0246,0.0369,0.0574,0.6680,0.8135,0.6370,0.1455,-0.1765,42.46,-20.97,144.3,157.1,1.226,0.159,1.826
1791428989.7013664,0.5695,0.3646,0.4302,0.4998,0.4998,0.7006,0.7006,0.7538,0.7006,0.7006,0.2991,0.5695,0.6350,0.0164,0.0369,0.0369,0.0574,0.6740,0.8120,0.6330,0.1380,-0.1790,41.71,-20.73,145.5,157.4,1.242,0.162,1.864
1791428989.7421486,0.4302,0.7538,0.5695,0.4998,0.6350,0.4998,0.6350,0.7006,0.4998,0.2991,0.3646,0.5695,0.6350,0.0369,0.0123,0.0737,0.0737,0.6710,0.8115,0.6360,0.1405,-0.1755,41.64,-20.61,144.4,157.6,1.196,0.161,1.828
1791428989.7738612,0.4998,0.7006,0.5695,0.6350,0.5695,0.7538,0.8440,0.7006,0.7006,0.4302,0.3646,0.4998,0.5695,0.0123,0.0123,0.0410,0.0410,0.6680,0.8120,,0.1440,,41.30,-20.39,144.2,157.2,1.252,0.163,1.804
1791428989.8050435,0.2991,0.7538,0.7538,0.5695,0.5695,0.7006,0.7006,0.7538,0.7006,0.2991,0.2458,0.4998,0.6350,0.0205,0.0123,0.0574,0.0574,,0.8150,,,,41.30,-20.39,144.2,156.6,1.224,0.163,
1791428989.8371444,0.6350,0.7006,0.5695,0.7006,0.6350,0.7006,0.7006,0.7006,0.7538,0.4302,0.3646,0.7006,0.6350,0.0246,0.0205,0.0737,0.0737,0.6680,0.8185,0.6320,0.1505,-0.1865,42.01,-20.54,145.4,156.9,1.206,0.161,1.686
1791428989.8683271,0.6350,0.5695,0.3646,0.5695,0.7006,0.7006,0.6350,0.6350,0.7006,0.4998,0.5695,0.4998,0.6350,0.0205,0.0164,0.0410,0.0737,0.6740,0.8200,,0.1460,,42.50,-21.01,145.4,156.7,1.095,0.158,1.628
1791428989.9016964,0.6350,0.7538,0.4302,0.5695,0.6350,0.6350,0.3646,0.6350,0.7006,0.6350,0.4302,0.6350,0.5695,0.0205,0.0369,0.0410,0.0574,0.6680,0.8155,0.6320,0.1475,-0.1835,41.84,-20.77,144.6,156.5,1.271,0.163,1.895
1791428989.9354568,0.4998,0.7006,0.4302,0.5695,0.6350,0.7538,0.7006,0.7538,0.6350,0.6350,0.4302,0.4998,0.4998,0.0205,0.0123,0.0369,0.0574,0.6720,0.8120,,0.1400,,42.11,-20.99,143.2,156.8,1.107,0.160,1.638
1791428989.968318,0.3646,0.4998,0.6350,0.5695,0.4302,0.6350,0.8440,0.5695,0.5695,0.5695,0.4998,0.2991,0.4302,0.0123,0.0369,0.0369,0.0737,0.6710,0.8150,,0.1440,,42.00,-20.73,143.5,157.0,,0.160,1.861
1791428990.0106792,0.7006,0.6350,0.7006,0.6350,0.3646,0.6350,0.5695,0.7006,0.4998,0.4998,0.4998,0.5695,0.6350,0.0205,0.0369,0.0574,0.0574,0.6690,0.8170,0.6320,0.1480,-0.1850,42.11,-20.98,143.7,157.0,1.142,0.161,1.702
1791428990.041095,0.4998,0.7006,0.3646,0.6350,0.4998,0.6350,0.8767,0.4998,0.6350,0.6350,0.3646,0.6350,0.6350,0.0164,0.0369,0.0574,0.0737,0.6750,0.8135,0.6320,0.1385,-0.1815,41.93,-20.83,144.9,157.0,1.229,0.160,1.813
1791428990.0733876,0.4302,0.6350,0.4998,0.5695,0.4998,0.4998,0.7006,0.7006,0.4998,0.5695,0.4998,0.6350,0.5695,0.0123,0.0123,0.0737,0.0574,0.6680,0.8135,0.6320,0.1455,-0.1815,41.98,-20.72,144.5,156.9,1.230,0.160,1.766
1791428990.1052084,0.4302,0.4998,0.5695,0.6350,0.6350,0.4998,0.8440,0.4998,0.7006,0.6350,0.4998,0.6350,0.5695,0.0246,0.0164,0.0410,0.0369,0.6700,0.8155,0.6360,0.1455,-0.1795,41.97,-20.80,145.4,156.5,1.161,0.161,1.715
1791428990.1368291,0.7006,0.4998,0.4998,0.5695,0.4302,0.5695,0.8030,0.7006,0.7006,0.3646,0.5695,0.6350,0.5695,0.0205,0.0123,0.0737,0.0410,0.6680,0.8025,0.6320,0.1345,-0.1705,42.20,-20.74,137.5,156.0,1.141,0.157,1.628
1791428990.1704364,0.4998,0.5695,0.4302,0.4302,0.6350,0.6350,0.8030,0.7006,0.5695,0.6350,0.4998,0.7006,0.6350,0.0246,0.0205,0.0369,0.0410,0.6700,0.8150,0.6320,0.1450,-0.1830,41.91,-20.75,140.3,155.9,1.203,0.159,1.777
1791428990.2012672,0.7006,0.6350,0.7538,0.4998,0.4998,0.7006,0.6350,0.7006,0.6350,0.3646,0.1966,0.5695,0.6350,0.0246,0.0123,0.0574,0.0574,0.6680,0.8125,0.6330,0.1445,-0.1795,42.47,-21.09,139.8,155.8,1.082,0.156,1.541
1791428990.2352996,0.6350,0.4998,0.6350,0.4998,0.4302,0.6350,0.6350,0.6350,0.3646,0.6350,0.4998,0.6350,0.6350,0.0123,0.0369,0.0737,0.0574,0.6740,0.8185,0.6370,0.1445,-0.1815,42.33,-21.00,140.6,156.4,1.203,0.158,1.772
1791428990.2685113,0.2991,0.7006,0.3646,0.4998,0.3646,0.7006,0.8440,0.7538,0.5695,0.5695,0.5695,0.6350,0.6350,0.0205,0.0369,0.0737,0.0410,,0.8060,0.6320,,-0.1740,42.33,-21.00,140.6,156.7,1.165,0.158,
1791428990.3021095,0.6350,0.7538,0.9054,0.4302,0.4998,0.5695,0.7538,0.7538,0.7538,0.5695,0.3646,0.6350,0.5695,0.0205,0.0574,0.0737,0.0574,0.6700,0.8165,0.6320,0.1465,-0.1845,42.50,-21.18,141.7,156.2,1.147,0.157,1.707
1791428990.3429472,0.5695,0.6350,0.7538,0.6350,0.4998,0.6350,0.7006,0.8030,0.7006,0.3646,0.3646,0.6350,0.6350,0.0164,0.0410,0.0737,0.0410,0.6680,0.8110,0.6330,0.1430,-0.1780,41.82,-20.83,141.6,156.9,1.255,0.161,1.833
1791428990.3754146,0.6350,0.5695,0.4302,0.5695,0.5695,0.7006,0.8030,0.6350,0.7006,0.5695,0.2458,0.5695,0.6350,0.0123,0.0369,0.0737,0.0574,0.6770,0.8155,0.6360,0.1385,-0.1795,41.50,-20.71,142.4,157.0,1.218,0.161,1.780
1791428990.4056277,0.7006,0.5695,0.6350,0.4998,0.4998,0.5695,0.8030,0.8440,0.5695,0.7006,0.4302,0.4302,0.3646,0.0123,0.0737,0.0574,0.0942,0.6680,0.8185,,0.1505,,42.16,-21.07,142.9,156.8,1.108,0.159,1.631
1791428990.437101,0.7006,0.4998,0.4302,0.4998,0.6350,0.7006,0.7006,0.5695,0.7006,0.3646,0.2991,0.5695,0.6350,0.0164,0.0123,0.0410,0.0410,0.6700,0.8195,0.6320,0.1495,-0.1875,42.67,-21.40,144.3,156.4,1.118,0.158,1.633
1791428990.4693518,0.4998,0.4302,0.2991,0.6350,0.4302,0.8030,0.8030,0.6350,0.7006,0.5695,0.4302,0.7006,0.6350,0.0123,0.0369,0.0410,0.0574,0.6710,0.8195,0.6320,0.1485,-0.1875,43.13,-21.50,143.8,156.2,1.166,0.156,1.701
1791428990.502333,0.7538,0.8030,0.7538,0.4998,0.6350,0.4998,0.7006,0.5695,0.6350,0.4302,0.5695,0.2991,0.2458,0.0205,0.0164,0.0410,0.1229,0.6700,0.8200,,0.1500,,43.89,-21.97,143.3,156.7,,0.153,1.518
1791428990.5359716,0.5695,0.5695,0.7006,0.4998,0.6350,0.4998,0.6350,0.8440,0.7538,0.2991,0.4302,0.5695,0.7006,0.0164,0.0246,0.0942,0.0410,0.6660,0.8175,0.6370,0.1515,-0.1805,43.66,-21.84,144.4,156.7,1.157,0.155,1.803
1791428990.5688949,0.4998,0.6350,0.5695,0.4998,0.4998,0.6350,0.6350,0.5695,0.4998,0.6350,0.4302,0.4998,0.4302,0.0164,0.0246,0.0737,0.0410,0.6710,0.8205,,0.1495,,43.92,-21.82,144.9,156.4,1.167,0.154,1.720
1791428990.6025631,0.5695,0.7006,0.6350,0.6350,0.5695,0.5695,0.8030,0.5695,0.4998,0.3646,0.2458,0.5695,0.5695,0.0369,0.0369,0.0574,0.0410,0.6670,0.8165,0.6370,0.1495,-0.1795,43.62,-21.11,146.1,156.3,1.333,0.156,1.889
1791428990.6427712,0.7006,0.5695,0.5695,0.5695,0.5695,0.5695,0.6350,0.7006,0.8440,0.5695,0.4998,0.6350,0.6350,0.0369,0.0369,0.0737,0.0369,0.6690,0.8155,0.6410,0.1465,-0.1745,43.66,-21.14,145.7,156.1,1.121,0.155,1.642
1791428990.675238,0.7538,0.8030,0.7006,0.5695,0.4998,0.4998,0.7006,0.6350,0.5695,0.2991,0.2458,0.6350,0.5695,0.0164,0.0246,0.0369,0.0574,0.6700,0.8205,0.6330,0.1505,-0.1875,44.21,-21.22,146.5,156.9,1.187,0.153,
1791428990.7070265,0.4302,0.4998,0.7538,0.4998,0.4998,0.6350,0.7538,0.7006,0.6350,0.7006,0.6350,0.4998,0.5695,0.0205,0.0574,0.0942,0.0574,0.6660,0.8145,,0.1485,,44.10,-21.08,146.0,157.2,1.197,0.153,1.762
1791428990.7371356,0.8030,0.7006,0.4998,0.5695,0.5695,0.5695,0.8440,0.5695,0.7006,0.4302,0.3646,0.6350,0.6350,0.0164,0.0410,0.0737,0.0737,0.6660,0.8170,0.6380,0.1510,-0.1790,43.76,-21.14,146.3,157.0,1.142,0.156,1.656
1791428990.7700772,0.5695,0.6350,0.6350,0.6350,0.4302,0.6350,0.7006,0.6350,0.6350,0.2991,0.4998,0.6350,0.4998,0.0205,0.0410,0.0737,0.0369,0.6700,0.8190,,0.1490,,43.90,-20.79,146.4,157.5,1.292,0.155,1.880
1791428990.8023474,0.8030,0.7538,0.7538,0.4998,0.5695,0.7538,0.7538,0.6350,0.6350,0.7006,0.4302,0.6350,0.6350,0.0369,0.0369,0.0942,0.0369,0.6660,0.8100,0.6380,0.1440,-0.1720,42.98,-20.45,144.9,157.7,1.242,0.159,1.857
1791428990.836173,0.6350,0.6350,0.7538,0.4302,0.4998,0.8030,0.7006,0.7006,0.7006,0.5695,0.3646,0.5695,0.6350,0.0164,0.0123,0.0737,0.0574,0.6700,0.8120,0.6380,0.1420,-0.1740,42.78,-20.61,145.4,156.8,1.117,0.159,1.703
1791428990.8688242,0.8030,0.7006,0.4998,0.6350,0.6350,0.5695,0.7006,0.8030,0.7006,0.3646,0.6350,0.5695,0.6350,0.0369,0.0082,0.0574,0.0737,0.6700,0.8195,0.6320,0.1495,-0.1875,43.30,-20.96,145.0,156.8,1.136,0.156,1.640
1791428990.9021292,0.5695,0.5695,0.4998,0.4998,0.5695,0.6350,0.7538,0.5695,0.6350,0.6350,0.4998,0.5695,0.5695,0.0205,0.0164,0.0574,0.0410,0.6690,0.8145,0.6330,0.1455,-0.1815,42.82,-20.62,144.4,156.4,1.290,0.159,1.902
1791428990.9419832,0.4998,0.6350,0.5695,0.5695,0.6350,0.5695,0.7006,0.7006,0.6350,0.2458,0.2458,0.7006,0.7006,0.0246,0.0123,0.0574,0.0574,0.6670,0.8130,0.6340,0.1460,-0.1790,42.74,-20.55,144.3,156.3,1.213,0.159,
1791428990.9735081,0.6350,0.6350,0.5695,0.5695,0.6350,0.4998,0.7006,0.7538,0.7538,0.4302,0.4998,0.4302,0.4302,0.0246,0.0410,0.0737,0.0942,0.6670,0.8145,,0.1475,,42.97,-20.85,144.1,155.9,1.102,0.158,1.668
1791428991.0058246,0.5695,0.4998,0.5695,0.8440,0.7006,0.5695,0.8030,0.6350,0.7538,0.4302,0.4998,0.5695,0.5695,0.0164,0.0246,0.0574,0.0574,0.6660,0.8175,0.6320,0.1515,-0.1855,43.19,-21.18,145.5,155.9,1.118,0.158,1.679
1791428991.036063,0.4998,0.7006,0.4998,0.4302,0.6350,0.5695,0.7538,0.5695,0.6350,0.5695,0.5695,0.6350,0.5695,0.0205,0.0737,0.0574,0.0410,0.6670,0.8185,0.6380,0.1515,-0.1805,43.25,-21.15,146.2,155.8,1.172,0.158,1.724
1791428991.0698564,0.7006,0.6350,0.4302,0.5695,0.5695,0.6350,0.7006,0.8030,0.4998,0.3646,0.2458,0.6350,0.6350,0.0369,0.0164,0.0410,0.0369,0.6690,0.8155,0.6380,0.1465,-0.1775,42.96,-20.92,146.0,156.0,1.218,0.159,1.755
1791428991.102805,0.5695,0.4998,0.7006,0.6350,0.5695,0.7006,0.8767,0.7538,0.6350,0.6350,0.2458,0.5695,0.4998,0.0123,0.0123,0.0410,0.0737,0.6690,0.8165,,0.1475,,43.21,-21.15,146.2,156.0,1.113,0.158,1.701
1791428991.1360965,0.5695,0.5695,0.7006,0.5695,0.3646,0.6350,0.7538,0.7538,0.6350,0.4998,0.4302,0.6350,0.6350,0.0205,0.0574,0.0369,0.0410,0.6700,0.8170,0.6380,0.1470,-0.1790,43.03,-20.90,146.6,156.0,1.231,0.158,1.829
1791428991.1696668,0.8030,0.7006,0.8030,0.4998,0.4998,0.5695,0.7006,0.7006,0.6350,0.7006,0.2991,0.4998,0.6350,0.0369,0.0574,0.0574,0.0574,0.6630,0.8190,,0.1560,,43.21,-21.00,146.7,155.1,1.166,0.159,1.709
1791428991.2093785,0.5695,0.3646,0.5695,0.5695,0.4302,0.5695,0.7006,0.7006,0.7006,0.2991,0.3646,0.5695,0.6350,0.0123,0.0123,0.0737,0.0574,0.6670,0.8175,0.6320,0.1505,-0.1855,43.48,-21.04,146.1,155.0,1.197,0.158,1.740
1791428991.2410772,0.7006,0.4302,0.6350,0.6350,0.4998,0.7006,0.7006,0.7006,0.7538,0.3646,0.1966,0.4998,0.5695,0.0123,0.0246,0.0369,0.0942,0.6680,0.8175,,0.1495,,43.33,-21.10,145.9,155.3,1.167,0.159,1.733
1791428991.27282,0.4302,0.8030,0.4998,0.7006,0.4998,0.7006,0.6350,0.7538,0.7006,0.6350,0.5695,0.6350,0.5695,0.0246,0.0369,0.0369,0.0574,0.6700,0.8145,0.6380,0.1445,-0.1765,43.14,-20.85,145.4,155.2,1.219,0.159,1.753
1791428991.303814,0.8440,0.4998,0.7538,0.4998,0.6350,0.6350,0.7538,0.5695,0.5695,0.7006,0.4998,0.6350,0.6350,0.0164,0.0369,0.0737,0.0410,0.6700,0.8175,0.6350,0.1475,-0.1825,43.56,-21.03,144.9,155.2,1.141,0.156,1.651
1791428991.3364165,0.6350,0.7006,0.7538,0.5695,0.5695,0.5695,0.7538,0.7006,0.7006,0.2991,0.2991,0.5695,0.6350,0.0205,0.0410,0.0410,0.0410,0.6670,0.8180,0.6390,0.1510,-0.1790,43.53,-20.89,145.8,156.0,1.207,0.157,
1791428991.3701408,0.7006,0.6350,0.7538,0.5695,0.4302,0.6350,0.7006,0.7006,0.7006,0.6350,0.6350,0.5695,0.6350,0.0164,0.0246,0.0369,0.0369,0.6690,0.8150,0.6330,0.1460,-0.1820,43.66,-20.99,145.3,155.9,1.161,0.155,1.705
1791428991.403969,0.7006,0.5695,0.6350,0.4998,0.5695,0.7006,0.7538,0.7006,0.5695,0.2991,0.7006,0.6350,0.6350,0.0123,0.0205,0.0574,0.0574,0.6690,0.8195,0.6320,0.1505,-0.1875,43.79,-21.17,146.0,155.9,1.166,0.155,1.745
1791428991.4366457,0.6350,0.5695,0.4302,0.5695,0.2991,0.7538,0.8030,0.7538,0.7538,0.1966,0.2991,0.5695,0.4302,0.0164,0.0410,0.0574,0.0410,0.6730,0.8120,,0.1390,,43.05,-21.16,145.4,155.8,1.147,0.157,
1791428991.4773061,0.6350,0.6350,0.6350,0.5695,0.5695,0.2458,0.7538,0.7538,0.4998,0.5695,0.5695,0.5695,0.5695,0.0205,0.0369,0.0574,0.0737,0.6740,,0.6330,,,43.05,-21.16,145.4,155.8,,,
1791428991.509334,0.7006,0.8440,0.6350,0.4998,0.6350,0.5695,0.7006,0.4998,0.7006,0.4302,0.5695,0.5695,0.4998,0.0369,0.0123,0.0410,0.0410,0.6690,0.8125,,0.1435,,42.55,-20.88,144.6,156.3,1.231,0.159,1.780
1791428991.5408995,0.4998,0.4998,0.3646,0.4302,0.4302,0.6350,0.7006,0.6350,0.8030,0.5695,0.4302,0.5695,0.4302,0.0123,0.0082,0.0410,0.0410,0.6690,0.8185,,0.1495,,42.70,-20.78,146.3,156.1,1.235,0.159,1.798
1791428991.572289,0.4302,0.6350,0.5695,0.4998,0.5695,0.5695,0.6350,0.6350,0.6350,0.7538,0.4302,0.6350,0.4998,0.0164,0.0369,0.0737,0.0574,0.6660,0.8180,,0.1520,,42.75,-20.63,146.2,156.8,1.252,0.160,1.833
1791428991.6033978,0.7538,0.6350,0.5695,0.6350,0.3646,0.4998,0.8030,0.5695,0.5695,0.4998,0.2991,0.5695,0.4302,0.0369,0.0369,0.0574,0.0737,0.6690,0.8155,,0.1465,,42.92,-20.59,146.1,156.6,1.213,0.159,1.790
1791428991.6371787,0.6350,0.6350,0.2991,0.4998,0.5695,0.7006,0.6350,0.6350,0.6350,0.6350,0.4998,0.6350,0.6350,0.0410,0.0369,0.0574,0.0737,0.6670,0.8135,0.6360,0.1465,-0.1775,42.84,-20.49,144.7,156.9,1.213,0.159,1.742
1791428991.6704726,0.7006,0.4998,0.4998,0.4998,0.4998,0.4998,0.7538,0.6350,0.3646,0.4302,0.3646,0.4302,0.4302,0.0164,0.0369,0.0410,0.0410,0.6670,0.8210,,0.1540,,43.60,-20.84,145.5,157.3,1.132,0.156,1.625
1791428991.7035599,0.4302,0.7538,0.6350,0.5695,0.4302,0.7538,0.8440,0.6350,0.7538,0.4998,0.2458,0.5695,0.7006,0.0369,0.0369,0.0942,0.0574,0.6720,0.8185,0.6320,0.1465,-0.1865,43.63,-21.13,145.2,156.9,1.137,0.155,1.671
1791428991.7374673,0.5695,0.7006,0.7538,0.7006,0.4998,0.7538,0.7538,0.7538,0.8030,0.4302,0.7538,0.5695,0.6350,0.0369,0.0369,0.0574,0.0737,0.6690,0.8220,0.6350,0.1530,-0.1870,44.30,-21.22,145.2,157.0,1.180,0.153,1.684
1791428991.7781985,0.7006,0.6350,0.4998,0.4998,0.4998,0.4998,0.8030,0.6350,0.7538,0.3646,0.2458,0.4998,0.3646,0.0205,0.0123,0.0574,0.0410,0.6680,0.8135,,0.1455,,44.34,-21.27,144.8,157.0,1.136,0.152,1.672
1791428991.8088343,0.4998,0.6350,0.6350,0.7006,0.4998,0.5695,0.8440,0.6350,0.7538,0.3646,0.5695,0.6350,0.6350,0.0369,0.0246,0.0369,0.0369,0.6720,0.8100,0.6350,0.1380,-0.1750,43.01,-21.18,144.4,156.7,1.152,0.157,1.733
1791428991.840187,0.6350,0.7006,0.6350,0.4998,0.5695,0.6350,0.7538,0.5695,0.7006,0.4998,0.2991,0.5695,0.4998,0.0246,0.0082,0.0737,0.0737,0.6690,0.8185,,0.1495,,43.02,-21.38,145.6,156.8,1.127,0.158,1.711
1791428991.8725715,0.4302,0.5695,0.6350,0.6350,0.2991,0.6350,0.7006,0.5695,0.7006,0.3646,0.4998,0.5695,0.5695,0.0164,0.0164,0.0942,0.0574,0.6690,0.8115,0.6400,0.1425,-0.1715,42.59,-20.97,144.6,156.4,1.219,0.159,1.787
1791428991.9039009,0.7006,0.5695,0.4998,0.6350,0.5695,0.6350,0.7006,0.6350,0.7006,0.7006,0.3646,0.5695,0.4302,0.0164,0.0164,0.0942,0.0737,0.6690,0.8120,,0.1430,,42.51,-20.97,143.8,156.8,1.149,0.159,1.700
1791428991.9374228,0.6350,0.5695,0.6350,0.4302,0.6350,0.6350,0.8440,0.7538,0.6350,0.2991,0.5695,0.4302,0.5695,0.0123,0.0369,0.0737,0.0737,0.6680,0.8185,,0.1505,,42.85,-21.25,144.5,156.5,1.108,0.158,1.679
1791428991.970743,0.6350,0.5695,0.4998,0.4302,0.5695,0.4998,0.8440,0.5695,0.7538,0.5695,0.4302,0.4302,0.4302,0.0205,0.0369,0.0737,0.0574,0.6690,0.8195,,0.1505,,43.19,-21.23,146.3,156.7,1.187,0.157,1.749
1791428992.0038867,0.7006,0.4998,0.2991,0.6350,0.4302,0.5695,0.8030,0.7538,0.6350,0.3646,0.2991,0.4998,0.5695,0.0164,0.0246,0.0574,0.0410,0.6670,0.8150,,0.1480,,42.71,-21.05,146.4,157.1,1.209,0.160,1.802
1791428992.0457656,0.4998,0.7006,0.4998,0.6350,0.5695,0.6350,0.7538,0.4998,0.7006,0.2991,0.5695,0.6350,0.4998,0.0205,0.0123,0.0574,0.0574,0.6700,0.8215,,0.1515,,43.15,-21.31,147.3,157.1,1.127,0.158,1.668
1791428992.0776303,0.7006,0.5695,0.6350,0.3646,0.4998,0.7538,0.8030,0.7538,0.5695,0.3646,0.5695,0.4302,0.4302,0.0123,0.0246,0.0737,0.0737,0.6750,0.8165,,0.1415,,42.83,-21.23,147.9,156.7,1.183,0.158,1.757
1791428992.1088798,0.7006,0.7006,0.5695,0.4998,0.4998,0.4998,0.7538,0.6350,0.6350,0.5695,0.4302,0.4998,0.6350,0.0205,0.0246,0.0410,0.0574,0.6680,0.8170,,0.1490,,43.12,-21.42,147.1,156.8,1.108,0.157,1.630
1791428992.139843,0.7006,0.5695,0.3646,0.4998,0.5695,0.6350,0.7006,0.7006,0.4998,0.2991,0.2458,0.5695,0.5695,0.0082,0.0164,0.0574,0.0574,0.6750,0.8150,0.6320,0.1400,-0.1830,42.85,-21.35,146.5,156.9,1.187,0.157,
1791428992.1715474,0.6350,0.4998,0.5695,0.5695,0.5695,0.4998,0.7006,0.6350,0.5695,0.4998,0.2991,0.6350,0.5695,0.0246,0.0369,0.0737,0.0410,0.6680,0.8130,0.6330,0.1450,-0.1800,42.83,-21.16,146.8,156.6,1.210,0.157,1.721
1791428992.2049925,0.7538,0.6350,0.7538,0.5695,0.4998,0.5695,0.8767,0.5695,0.8030,0.3646,0.6350,0.5695,0.5695,0.0246,0.0574,0.0369,0.0574,0.6670,0.8120,0.6330,0.1450,-0.1790,42.20,-20.71,146.0,156.2,1.295,0.161,1.894
1791428992.2372434,0.7538,0.7006,0.6350,0.7006,0.4302,0.5695,0.7538,0.5695,0.6350,0.5695,0.3646,0.5695,0.5695,0.0164,0.0123,0.0410,0.0574,0.6690,0.8185,0.6330,0.1495,-0.1855,42.54,-20.98,145.8,156.3,1.141,0.160,1.673
1791428992.2714949,0.7538,0.5695,0.5695,0.6350,0.5695,0.6350,0.6350,0.6350,0.7538,0.2458,0.2458,0.5695,0.6350,0.0164,0.0205,0.0369,0.0574,0.6760,0.8165,0.6320,0.1405,-0.1845,42.89,-21.27,145.0,156.1,1.113,0.156,
1791428992.3042479,0.6350,0.5695,0.4302,0.4998,0.3646,0.7006,0.5695,0.7538,0.7006,0.5695,0.3646,0.5695,0.5695,0.0164,0.0246,0.0737,0.0737,0.6650,0.8155,0.6330,0.1505,-0.1825,42.57,-21.31,144.2,156.5,1.162,0.159,1.716
1791428992.3375258,0.4998,0.5695,0.8030,0.4998,0.5695,0.6350,0.6350,0.6350,0.6350,0.4302,0.5695,0.5695,0.4302,0.0246,0.0164,0.0737,0.0737,0.6700,0.8005,,0.1305,,42.69,-21.19,137.5,155.5,1.105,0.155,1.555
1791428992.3788078,0.7006,0.4998,0.7006,0.5695,0.2991,0.5695,0.8440,0.5695,0.7538,0.5695,0.1966,0.4998,0.4998,0.0164,0.0410,0.0574,0.0410,0.6700,0.8175,,0.1475,,43.00,-21.31,138.9,156.2,1.151,0.154,1.683
1791428992.4088576,0.4302,0.4998,0.5695,0.5695,0.3646,0.4998,0.7538,0.7006,0.6350,0.3646,0.1966,0.4998,0.4998,0.0123,0.0123,0.0574,0.0574,0.6680,0.8180,,0.1500,,43.29,-21.31,139.7,156.7,1.181,0.154,1.727
1791428992.4404027,0.7538,0.4998,0.6350,0.4302,0.4302,0.4998,0.7006,0.7006,0.6350,0.6350,0.4302,0.5695,0.5695,0.0205,0.0123,0.0737,0.0574,0.6690,0.8135,0.6420,0.1445,-0.1715,42.91,-20.92,141.0,155.8,1.218,0.156,1.807
1791428992.4717534,0.6350,0.6350,0.4302,0.5695,0.7006,0.8030,0.7538,0.5695,0.7006,0.7006,0.1966,0.5695,0.5695,0.0164,0.0123,0.0410,0.0737,0.6720,0.8180,0.6320,0.1460,-0.1860,43.33,-21.13,141.3,155.3,1.150,0.154,1.651
1791428992.5045464,0.7006,0.5695,0.3646,0.5695,0.5695,0.6350,0.8030,0.6350,0.7538,0.6350,0.6350,0.6350,0.6350,0.0123,0.0369,0.0737,0.0942,0.6660,0.8085,0.6320,0.1425,-0.1765,42.83,-21.24,141.2,155.6,1.110,0.156,1.658
1791428992.5381796,0.4998,0.6350,0.4302,0.6350,0.4998,0.5695,0.6350,0.8767,0.7006,0.4998,0.5695,0.5695,0.6350,0.0082,0.0246,0.0410,0.0942,0.6690,0.8135,0.6320,0.1445,-0.1815,42.66,-21.19,141.4,155.7,1.184,0.157,1.773
1791428992.5706623,0.4302,0.4302,0.5695,0.7538,0.4998,0.4302,0.7006,0.8030,0.8030,0.8030,0.5695,0.5695,0.6350,0.0123,0.0205,0.0574,0.0737,0.6670,0.8130,0.6320,0.1460,-0.1810,42.14,-20.69,141.6,156.4,1.319,0.160,1.932
1791428992.6051505,0.7006,0.5695,0.7006,0.4998,0.5695,0.7006,0.7006,0.7006,0.6350,0.6350,0.2991,0.6350,0.6350,0.0164,0.0369,0.0410,0.0574,0.6690,0.8085,0.6360,0.1395,-0.1725,41.71,-20.44,142.6,156.4,1.222,0.161,1.791
1791428992.6461895,0.2991,0.7538,0.5695,0.4998,0.4302,0.7006,0.8030,0.7538,0.6350,0.4998,0.2991,0.6350,0.6350,0.0246,0.0369,0.0410,0.0574,,0.8175,0.6330,,-0.1845,41.71,-20.44,142.6,156.4,1.162,0.161,
1791428992.678164,0.5695,0.4998,0.5695,0.6350,0.4302,0.7538,0.8440,0.7538,0.4998,0.6350,0.3646,0.6350,0.6350,0.0246,0.0246,0.0574,0.1229,0.6700,0.8105,0.6330,0.1405,-0.1775,41.64,-20.41,141.8,156.4,1.201,0.161,1.759
1791428992.7091897,0.5695,0.6350,0.7006,0.5695,0.5695,0.7006,0.7538,0.7006,0.7006,0.4998,0.2458,0.5695,0.5695,0.0205,0.0369,0.0574,0.0574,0.6660,0.8195,0.6360,0.1535,-0.1835,42.44,-20.59,141.8,156.2,1.175,0.159,1.678
1791428992.7420177,0.3646,0.4998,0.7006,0.5695,0.4302,0.7006,0.7538,0.6350,0.6350,0.5695,0.3646,0.4998,0.4998,0.0164,0.0246,0.0574,0.0574,0.6700,0.8105,,0.1405,,42.47,-20.80,141.6,156.2,1.108,0.158,1.640
1791428992.7724462,0.6350,0.6350,0.5695,0.7006,0.4302,0.6350,0.5695,0.7006,0.7006,0.4302,0.2991,0.4998,0.6350,0.0205,0.0942,0.0737,0.0737,0.6660,0.8135,,0.1475,,42.05,-20.53,141.8,156.5,1.266,0.161,1.841
1791428992.805075,0.7538,0.6350,0.7006,0.5695,0.5695,0.5695,0.7538,0.7538,0.6350,0.6350,0.1966,0.4998,0.4302,0.0246,0.0369,0.0574,0.0574,0.6690,0.8195,,0.1505,,42.20,-20.50,142.2,157.0,1.245,0.161,1.783
1791428992.8387663,0.7006,0.4998,0.5695,0.5695,0.5695,0.6350,0.8030,0.7538,0.8030,0.6350,0.2991,0.5695,0.4998,0.0246,0.0123,0.0369,0.0410,0.6730,0.8145,,0.1415,,41.96,-20.63,141.7,157.0,1.166,0.161,1.752
1791428992.872939,0.5695,0.8440,0.6350,0.4302,0.5695,0.5695,0.8030,0.7006,0.7538,0.1557,0.3646,0.6350,0.5695,0.0369,0.0574,0.0737,0.0574,0.6750,0.8165,0.6370,0.1415,-0.1795,41.93,-20.77,142.1,157.0,1.147,0.161,1.698
1791428992.9145627,0.7538,0.6350,0.4998,0.3646,0.5695,0.5695,0.5695,0.6350,0.5695,0.4998,0.4998,0.5695,0.5695,0.0205,0.0369,0.0574,0.0574,0.6710,0.8155,0.6330,0.1445,-0.1825,42.17,-20.92,143.1,156.8,1.156,0.159,1.648
1791428992.9453583,0.5695,0.6350,0.5695,0.5695,0.5695,0.5695,0.5695,0.6350,0.4998,0.6350,0.3646,0.4998,0.6350,0.0205,0.0082,0.0574,0.0737,0.6750,0.8165,,0.1415,,42.01,-21.02,144.0,156.8,1.162,0.160,1.742
1791428992.9767332,0.4302,0.8030,0.5695,0.6350,0.4998,0.4998,0.7538,0.7006,0.4998,0.2458,0.4302,0.6350,0.5695,0.0205,0.0369,0.0369,0.0574,0.6680,0.8170,0.6320,0.1490,-0.1850,42.13,-21.20,144.5,156.4,1.147,0.160,1.744
1791428993.0089183,0.6350,0.7006,0.7006,0.4998,0.5695,0.4302,0.6350,0.7538,0.7006,0.4998,0.6350,0.7006,0.6350,0.0205,0.0123,0.0574,0.0574,0.6680,0.8135,0.6330,0.1455,-0.1805,41.96,-20.95,143.9,156.7,1.242,0.161,1.822
1791428993.0401826,0.4998,0.6350,0.8030,0.4302,0.3646,0.5695,0.7538,0.5695,0.7006,0.5695,0.6350,0.6350,0.5695,0.0164,0.0369,0.0574,0.0737,0.6750,0.8190,0.6400,0.1440,-0.1790,41.92,-20.70,145.3,156.8,1.247,0.161,1.866
1791428993.0728714,0.7538,0.7538,0.7006,0.6350,0.4998,0.5695,0.4998,0.6350,0.7006,0.2991,0.4302,0.4998,0.4302,0.0164,0.0737,0.0369,0.0574,0.6680,0.8140,,0.1460,,41.95,-20.71,144.8,156.9,1.182,0.161,1.778
1791428993.1049187,0.7538,0.7538,0.7006,0.5695,0.5695,0.6350,0.6350,0.6350,0.8030,0.6350,0.2991,0.5695,0.6350,0.0246,0.0574,0.0410,0.0737,0.6690,0.8125,0.6330,0.1435,-0.1795,41.71,-20.54,146.1,156.4,1.239,0.162,1.843
1791428993.1379457,0.6350,0.8030,0.7538,0.6350,0.5695,0.5695,0.8030,0.8030,0.4998,0.7006,0.2991,0.5695,0.6350,0.0123,0.0410,0.0737,0.0737,0.6730,0.8165,0.6420,0.1435,-0.1745,41.95,-20.58,145.6,156.3,1.152,0.161,1.710
1791428993.172134,0.5695,0.7538,0.7538,0.4998,0.4998,0.8030,0.5695,0.7006,0.7538,0.6350,0.3646,0.7006,0.5695,0.0164,0.0410,0.0942,0.0574,0.6680,0.8170,0.6370,0.1490,-0.1800,42.02,-20.70,146.7,156.4,1.162,0.161,1.771
1791428993.2140603,0.7006,0.6350,0.5695,0.5695,0.5695,0.7538,0.6350,0.7538,0.6350,0.4998,0.6350,0.7006,0.6350,0.0164,0.0369,0.0369,0.0410,0.6730,0.8160,0.6330,0.1430,-0.1830,42.27,-20.97,146.4,156.0,1.127,0.159,1.643
1791428993.2455163,0.6350,0.8030,0.4302,0.5695,0.4998,0.7006,0.7006,0.7538,0.7006,0.6350,0.4998,0.6350,0.6350,0.0246,0.0246,0.0574,0.0574,0.6680,0.8160,0.6370,0.1480,-0.1790,42.24,-20.87,146.0,155.9,1.197,0.160,1.760
1791428993.2769291,0.4998,0.4998,0.5695,0.4998,0.3646,0.7006,0.7006,0.4302,0.6350,0.4998,0.4998,0.5695,0.6350,0.0164,0.0410,0.0737,0.0574,0.6730,0.8180,0.6330,0.1450,-0.1850,42.62,-21.23,145.5,155.9,1.104,0.158,1.631
1791428993.3090177,0.4998,0.7538,0.6350,0.7006,0.3646,0.6350,0.6350,0.6350,0.4998,0.4998,0.3646,0.6350,0.5695,0.0205,0.0246,0.0737,0.0942,0.6690,0.8145,0.6320,0.1455,-0.1825,42.68,-21.01,145.1,156.3,1.240,0.158,1.750
1791428993.3397696,0.6350,0.4998,0.5695,0.4998,0.5695,0.5695,0.7538,0.7538,0.6350,0.3646,0.5695,0.5695,0.6350,0.0164,0.0205,0.0369,0.0574,0.6680,0.8130,0.6330,0.1450,-0.1800,42.65,-21.11,145.3,155.8,1.142,0.158,1.720
1791428993.3723824,0.5695,0.6350,0.3646,0.3646,0.7006,0.5695,0.7538,0.7006,0.7006,0.3646,0.2458,0.5695,0.5695,0.0164,0.0574,0.0737,0.0574,0.6630,0.8185,0.6330,0.1555,-0.1855,43.08,-21.14,146.0,156.3,1.192,0.158,1.707
1791428993.4060724,0.7006,0.7006,0.7006,0.4998,0.4998,0.5695,0.6350,0.7006,0.4302,0.2991,0.4998,0.4998,0.5695,0.0164,0.0246,0.0369,0.0410,0.6720,0.8165,,0.1445,,43.17,-21.42,146.4,156.5,1.095,0.157,1.634
1791428993.4389234,0.4998,0.4302,0.2991,0.7006,0.4302,0.6350,0.8030,0.7006,0.7538,0.4302,0.4998,0.6350,0.5695,0.0246,0.0410,0.0737,0.0574,0.6750,0.8145,0.6370,0.1395,-0.1775,43.16,-21.50,144.9,156.1,1.108,0.155,1.644
1791428993.4716809,0.8030,0.7538,0.5695,0.5695,0.4302,0.8030,0.6350,0.7538,0.5695,0.2991,0.2991,0.5695,0.5695,0.0205,0.0123,0.0369,0.0574,0.6690,0.8160,0.6370,0.1470,-0.1790,43.44,-21.58,144.9,155.2,1.113,0.154,
1791428993.5056438,0.7006,0.7538,0.6350,0.4998,0.6350,0.7006,0.7538,0.7538,0.5695,0.7538,0.2991,0.5695,0.5695,0.0164,0.0205,0.0369,0.0574,0.6730,0.8130,0.6350,0.1400,-0.1780,43.28,-21.49,144.4,155.1,1.152,0.154,1.704
1791428993.546649,0.4302,0.6350,0.5695,0.6350,0.6350,0.6350,0.8030,0.6350,0.4302,0.4998,0.4998,0.5695,0.6350,0.0410,0.0574,0.0737,0.0737,0.6700,0.8135,0.6340,0.1435,-0.1795,42.85,-21.42,145.3,155.5,1.160,0.156,1.708
1791428993.5779984,0.7006,0.6350,0.7538,0.7006,0.4998,0.5695,0.6350,0.8030,0.6350,0.5695,0.2991,0.6350,0.7006,0.0123,0.0123,0.0410,0.0410,0.6680,0.8170,0.6390,0.1490,-0.1780,43.16,-21.36,145.1,155.2,1.151,0.155,1.677
1791428993.6100368,0.4302,0.6350,0.7538,0.4998,0.4302,0.6350,0.7006,0.7538,0.8030,0.2458,0.2991,0.4998,0.4998,0.0205,0.0369,0.0737,0.0574,0.6680,0.8100,,0.1420,,42.26,-21.02,144.5,155.7,1.216,0.159,
1791428993.641882,0.8440,0.5695,0.6350,0.6350,0.4302,0.7538,0.8030,0.5695,0.6350,0.5695,0.3646,0.5695,0.4998,0.0123,0.0410,0.0737,0.0737,0.6690,0.8095,,0.1405,,41.91,-20.84,144.8,155.9,1.186,0.160,1.759
1791428993.6729386,0.6350,0.4998,0.8030,0.6350,0.6350,0.5695,0.7006,0.7006,0.7006,0.7006,0.3646,0.5695,0.6350,0.0164,0.0410,0.0369,0.0574,0.6630,0.8165,0.6420,0.1535,-0.1745,42.53,-20.85,145.3,156.2,1.142,0.159,1.709
1791428993.7057362,0.7006,0.4302,0.6350,0.5695,0.4302,0.6350,0.7538,0.6350,0.7006,0.3646,0.2458,0.6350,0.6350,0.0205,0.0246,0.0410,0.0574,0.6710,0.8170,0.6320,0.1460,-0.1850,42.50,-21.04,144.9,155.7,1.156,0.159,1.705
1791428993.740206,0.7538,0.6350,0.7006,0.5695,0.7006,0.7006,0.7006,0.6350,0.5695,0.6350,0.4302,0.6350,0.6350,0.0164,0.0369,0.0574,0.0942,0.6690,0.8115,0.6340,0.1425,-0.1775,42.13,-20.94,144.3,156.2,1.183,0.160,1.774
1791428993.7730787,0.5695,0.6350,0.7006,0.7006,0.4998,0.6350,0.7538,0.7538,0.5695,0.6350,0.3646,0.5695,0.6350,0.0410,0.0246,0.0737,0.0942,0.6700,0.8180,0.6420,0.1480,-0.1760,42.77,-20.97,144.7,156.4,1.141,0.157,1.651
1791428993.805786,0.6350,0.5695,0.4302,0.4302,0.6350,0.8440,0.8030,0.7538,0.6350,0.4998,0.2458,0.3646,0.4302,0.0205,0.0410,0.0369,0.0574,0.6720,0.8185,,0.1465,,43.02,-21.16,144.6,156.5,1.127,0.156,1.706
1791428993.847955,0.5695,0.7006,0.7538,0.5695,0.5695,0.4302,0.5695,0.8440,0.6350,0.4998,0.3646,0.7006,0.6350,0.0205,0.0246,0.0737,0.0574,0.6730,0.8150,0.6400,0.1420,-0.1750,43.18,-21.12,144.1,156.3,1.142,0.155,1.634
1791428993.8785481,0.8030,0.7006,0.6350,0.6350,0.7006,0.4998,0.7538,0.6350,0.5695,0.1966,0.1966,0.6350,0.5695,0.0123,0.0246,0.0574,0.0410,0.6620,0.8170,0.6340,0.1550,-0.1830,43.09,-20.69,144.4,156.7,1.317,0.157,
1791428993.910966,0.6350,0.5695,0.4998,0.6350,0.4302,0.4302,0.7538,0.7006,0.7006,0.3646,0.3646,0.4998,0.6350,0.0205,0.0410,0.1229,0.0574,0.6700,0.8095,,0.1395,,42.73,-20.38,143.8,156.2,1.240,0.158,1.825
1791428993.9422855,0.5695,0.7538,0.7538,0.4998,0.4302,0.4998,0.6350,0.5695,0.7006,0.4998,0.4998,0.6350,0.5695,0.0164,0.0246,0.0574,0.0369,0.6720,0.8145,0.6360,0.1425,-0.1785,42.44,-20.14,145.4,156.3,1.281,0.159,1.891
1791428993.9748235,0.6350,0.7006,0.8030,0.6350,0.7538,0.6350,0.7006,0.6350,0.6350,0.3646,0.2991,0.6350,0.5695,0.0205,0.0737,0.0737,0.0410,0.6670,0.8140,0.6320,0.1470,-0.1820,42.54,-20.44,145.1,156.3,1.142,0.158,1.712
1791428994.006539,0.5695,0.4998,0.8440,0.5695,0.6350,0.7006,0.6350,0.5695,0.6350,0.5695,0.5695,0.5695,0.5695,0.0369,0.0164,0.0410,0.0574,0.6660,0.8180,0.6360,0.1520,-0.1820,42.74,-20.69,144.7,156.4,1.142,0.159,1.684
1791428994.0396447,0.5695,0.4998,0.8030,0.7006,0.5695,0.5695,0.6350,0.8030,0.6350,0.2458,0.5695,0.4998,0.4998,0.0246,0.0164,0.0574,0.0737,0.6660,0.8195,,0.1535,,42.93,-20.85,145.9,156.5,1.165,0.159,1.757
1791428994.0729752,0.2991,0.4302,0.7538,0.7006,0.3646,0.5695,0.8030,0.7538,0.6350,0.6350,0.3646,0.5695,0.6350,0.0246,0.0369,0.0737,0.0574,,0.8165,0.6330,,-0.1835,42.93,-20.85,145.4,157.0,1.276,0.159,
1791428994.1077228,0.7538,0.7006,0.4998,0.5695,0.5695,0.5695,0.7006,0.7006,0.5695,0.5695,0.2458,0.5695,0.5695,0.0205,0.0369,0.0737,0.0737,0.6630,0.8120,0.6320,0.1490,-0.1800,42.96,-20.81,145.7,157.0,1.195,0.159,1.759
1791428994.1476433,0.7538,0.7538,0.6350,0.7006,0.6350,0.7006,0.7006,0.5695,0.8767,0.4998,0.3646,0.5695,0.5695,0.0369,0.0369,0.1557,0.0574,0.6740,0.8115,0.6350,0.1375,-0.1765,42.44,-20.45,145.3,157.1,1.275,0.160,1.841
1791428994.1791275,0.4998,0.6350,0.5695,0.4998,0.4302,0.4998,0.8030,0.5695,0.6350,0.4998,0.4998,0.5695,0.4998,0.0123,0.0246,0.0410,0.0574,0.6720,0.8195,,0.1475,,42.64,-20.51,145.2,157.0,1.217,0.159,1.780
1791428994.2107215,0.8030,0.6350,0.5695,0.4998,0.3646,0.4302,0.8030,0.7006,0.7006,0.7006,0.1557,0.6350,0.5695,0.0246,0.0164,0.0574,0.0574,0.6700,0.8110,0.6340,0.1410,-0.1770,42.32,-20.24,144.3,156.7,1.270,0.160,1.839
1791428994.242967,0.6350,0.6350,0.6350,0.5695,0.4998,0.5695,0.5695,0.5695,0.7538,0.6350,0.4302,0.5695,0.7006,0.0123,0.0246,0.0369,0.0410,0.6620,0.8150,0.6330,0.1530,-0.1820,42.29,-20.54,144.4,156.4,1.137,0.161,1.753
1791428994.272878,0.7538,0.5695,0.6350,0.7006,0.6350,0.6350,0.8030,0.6350,0.6350,0.4302,0.4998,0.7006,0.6350,0.0369,0.0164,0.0942,0.0410,0.6670,0.8125,0.6320,0.1455,-0.1805,41.52,-20.25,143.6,156.3,1.298,0.166,1.895
1791428994.3064635,0.4302,0.5695,0.5695,0.6350,0.7006,0.7006,0.7538,0.6350,0.6350,0.3646,0.4302,0.6350,0.5695,0.0164,0.0410,0.0369,0.0574,0.6670,0.8185,0.6330,0.1515,-0.1855,41.97,-20.53,144.2,155.5,1.166,0.164,1.680
1791428994.3397417,0.7006,0.8440,0.7006,0.5695,0.5695,0.5695,0.7538,0.6350,0.7538,0.4998,0.2991,0.6350,0.7006,0.0205,0.0369,0.0737,0.0574,0.6720,0.8120,0.6340,0.1400,-0.1780,41.89,-20.70,144.9,155.7,1.136,0.163,1.734
1791428994.3734877,0.6350,0.8440,0.5695,0.4998,0.5695,0.7006,0.7006,0.8440,0.7006,0.5695,0.2991,0.4998,0.4302,0.0369,0.0369,0.0737,0.0369,0.6730,0.8080,,0.1350,,41.26,-20.62,143.6,155.7,1.177,0.164,1.763
1791428994.4074154,0.4998,0.7006,0.5695,0.4302,0.5695,0.7006,0.6350,0.7006,0.7006,0.5695,0.2991,0.7006,0.6350,0.0082,0.0123,0.0574,0.0737,0.6680,0.8190,0.6330,0.1510,-0.1860,41.90,-20.72,144.7,156.0,1.203,0.162,1.758
1791428994.446805,0.6350,0.6350,0.4998,0.6350,0.6350,0.6350,0.7538,0.6350,0.7006,0.6350,0.5695,0.6350,0.5695,0.0205,0.0410,0.0369,0.0369,0.6630,0.8150,0.6320,0.1520,-0.1830,42.28,-20.69,145.4,155.9,1.219,0.161,1.793
1791428994.4794583,0.6350,0.6350,0.4998,0.5695,0.6350,0.6350,0.7006,0.7006,0.7006,0.3646,0.2991,0.6350,0.4302,0.0246,0.0246,0.0737,0.0737,0.6700,0.8195,,0.1495,,43.05,-20.85,145.6,155.4,1.181,0.158,1.691
1791428994.510823,0.6350,0.4998,0.4998,0.4302,0.6350,0.4302,0.5695,0.7006,0.7006,0.2458,0.2458,0.5695,0.5695,0.0164,0.0410,0.0574,0.0369,0.6720,0.8145,0.6320,0.1425,-0.1825,43.15,-21.26,146.1,155.4,1.073,0.156,
1791428994.543257,0.6350,0.4302,0.5695,0.6350,0.6350,0.7538,0.7538,0.7006,0.7006,0.6350,0.3646,0.5695,0.6350,0.0164,0.0246,0.0737,0.0369,0.6670,0.8150,0.6330,0.1480,-0.1820,42.72,-20.85,147.0,155.9,1.295,0.159,1.884
1791428994.5732234,0.4302,0.5695,0.6350,0.4998,0.4998,0.8030,0.7538,0.5695,0.6350,0.2991,0.4302,0.4998,0.6350,0.0369,0.0410,0.0737,0.0574,0.6730,0.8175,,0.1445,,42.95,-21.02,147.4,156.2,1.156,0.157,1.703
1791428994.6068487,0.4998,0.4998,0.9054,0.4998,0.6350,0.5695,0.4998,0.5695,0.5695,0.4998,0.3646,0.7006,0.5695,0.0205,0.0369,0.0369,0.0737,0.6710,0.8120,0.6410,0.1410,-0.1710,42.49,-20.93,146.7,155.7,1.142,0.158,1.718
1791428994.6404417,0.6350,0.6350,0.5695,0.5695,0.5695,0.8440,0.8030,0.7006,0.6350,0.4998,0.3646,0.7006,0.5695,0.0082,0.0410,0.0737,0.0410,0.6720,0.8185,0.6420,0.1465,-0.1765,42.77,-21.03,146.6,155.3,1.122,0.157,1.680
1791428994.6738055,0.4998,0.6350,0.3646,0.6350,0.4998,0.7006,0.8030,0.6350,0.5695,0.5695,0.4998,0.6350,0.6350,0.0123,0.0369,0.0574,0.0369,0.6720,0.8095,0.6320,0.1375,-0.1775,41.98,-20.86,145.2,156.0,1.208,0.160,1.802
1791428994.7074258,0.5695,0.7538,0.5695,0.7538,0.5695,0.7538,0.7006,0.7006,0.7006,0.4998,0.4302,0.4998,0.4998,0.0246,0.0574,0.0410,0.0369,0.6720,0.8175,,0.1455,,41.80,-20.72,144.8,156.4,1.239,0.161,1.846
1791428994.749749,0.4998,0.4302,0.7538,0.3646,0.5695,0.7538,0.8030,0.6350,0.7538,0.2991,0.2458,0.5695,0.5695,0.0205,0.0246,0.0369,0.0574,0.6720,0.8180,0.6320,0.1460,-0.1860,41.93,-20.80,145.2,156.1,1.202,0.161,
1791428994.7805226,0.4302,0.4998,0.7006,0.7006,0.7006,0.4998,0.7006,0.6350,0.7538,0.7538,0.4302,0.6350,0.6350,0.0246,0.0410,0.0369,0.0369,0.6690,0.8035,0.6320,0.1345,-0.1715,41.96,-20.65,137.7,155.8,1.177,0.159,1.723
1791428994.8116176,0.5695,0.7006,0.8440,0.6350,0.4998,0.8030,0.8030,0.6350,0.5695,0.6350,0.4302,0.6350,0.6350,0.0205,0.0123,0.0410,0.0574,0.6750,0.8115,0.6340,0.1365,-0.1775,41.54,-20.45,139.0,156.0,1.241,0.159,1.790
1791428994.8428414,0.5695,0.8440,0.4302,0.7006,0.4302,0.6350,0.6350,0.7538,0.8030,0.5695,0.5695,0.3646,0.4998,0.0246,0.0123,0.0410,0.0410,0.6690,0.8130,,0.1440,,41.89,-20.57,139.3,155.9,1.161,0.158,1.716
1791428994.8737836,0.7006,0.5695,0.6350,0.5695,0.6350,0.5695,0.7538,0.5695,0.6350,0.1557,0.2458,0.5695,0.5695,0.0246,0.0246,0.0410,0.0737,0.6720,0.8155,0.6320,0.1435,-0.1835,41.80,-20.56,140.3,156.3,1.225,0.159,
1791428994.908369,0.5695,0.7006,0.6350,0.6350,0.4998,0.7538,0.7006,0.6350,0.6350,0.5695,0.1557,0.6350,0.5695,0.0246,0.0369,0.0410,0.0410,0.6680,0.8180,0.6320,0.1500,-0.1860,42.47,-20.97,141.9,156.5,1.113,0.157,1.634
1791428994.9400628,0.4998,0.5695,0.8030,0.4998,0.2458,0.5695,0.7538,0.7006,0.7006,0.7006,0.4302,0.4998,0.3646,0.0369,0.0369,0.0737,0.0369,0.6680,0.8120,,0.1440,,42.34,-21.04,141.6,156.5,1.142,0.158,1.741
1791428994.9734209,0.6350,0.5695,0.6350,0.5695,0.5695,0.7538,0.7538,0.7006,0.6350,0.4302,0.6350,0.4998,0.4302,0.0369,0.0737,0.0942,0.0410,0.6720,0.8135,,0.1415,,42.11,-20.97,142.1,156.7,1.192,0.159,1.780
1791428995.0074875,0.4998,0.7006,0.6350,0.5695,0.3646,0.7006,0.7006,0.5695,0.5695,0.4302,0.4998,0.3646,0.4998,0.0164,0.0246,0.0942,0.0574,0.6730,0.8140,,0.1410,,41.96,-20.69,143.7,156.8,1.266,0.159,1.872
1791428995.0469646,0.5695,0.6350,0.4998,0.5695,0.4998,0.6350,0.8440,0.7538,0.7538,0.3646,0.7006,0.4302,0.4302,0.0205,0.0369,0.0737,0.0574,0.6680,0.8150,,0.1470,,42.00,-20.71,144.9,156.9,1.198,0.160,1.796
1791428995.0786803,0.5695,0.6350,0.4998,0.5695,0.5695,0.7006,0.7006,0.7006,0.5695,0.4998,0.4302,0.5695,0.6350,0.0205,0.0369,0.0369,0.0737,0.6740,0.8200,0.6320,0.1460,-0.1880,42.69,-20.91,145.2,156.5,1.181,0.156,1.716
1791428995.1099627,0.6350,0.6350,0.6350,0.5695,0.4302,0.7006,0.8440,0.7538,0.6350,0.1966,0.4998,0.4302,0.5695,0.0164,0.0737,0.0574,0.0574,0.6680,0.8100,,0.1420,,42.34,-20.82,144.2,156.7,1.186,0.158,1.759
1791428995.1411304,0.4302,0.5695,0.7006,0.6350,0.4302,0.5695,0.4998,0.6350,0.6350,0.5695,0.2991,0.7006,0.6350,0.0205,0.0942,0.0737,0.0410,0.6670,0.8115,0.6360,0.1445,-0.1755,42.19,-20.71,145.1,156.9,1.186,0.159,1.743
1791428995.174799,0.7006,0.3646,0.4998,0.5695,0.4998,0.8440,0.8030,0.8030,0.7538,0.4302,0.2458,0.5695,0.4302,0.0205,0.0123,0.0942,0.0574,0.6710,0.8165,,0.1455,,42.36,-21.14,144.5,156.9,1.076,0.158,1.629
1791428995.2082455,0.7006,0.4998,0.5695,0.6350,0.5695,0.7006,0.7006,0.7538,0.6350,0.6350,0.2991,0.4998,0.5695,0.0205,0.0410,0.0369,0.0942,0.6680,0.8115,,0.1435,,42.29,-21.20,144.1,157.0,1.132,0.158,1.671
1791428995.2415476,0.6350,0.4998,0.7006,0.4998,0.7006,0.6350,0.8030,0.6350,0.6350,0.7006,0.2458,0.6350,0.6350,0.0369,0.0574,0.0574,0.0737,0.6660,0.8005,0.6360,0.1345,-0.1645,41.97,-20.85,137.4,157.1,1.166,0.158,1.700
1791428995.2752473,0.4998,0.8030,0.4302,0.6350,0.4998,0.7006,0.7538,0.7006,0.7538,0.4302,0.6350,0.7006,0.7006,0.0369,0.0369,0.0410,0.0574,0.6740,0.8105,0.6360,0.1365,-0.1745,42.05,-20.98,137.9,157.0,1.107,0.156,1.646
1791428995.3161614,0.4998,0.4302,0.3646,0.4998,0.4998,0.4998,0.7006,0.6350,0.5695,0.5695,0.1966,0.7006,0.5695,0.0123,0.0205,0.0737,0.0574,0.6720,0.8160,0.6390,0.1440,-0.1770,41.76,-20.74,139.9,157.0,1.226,0.159,1.855
1791428995.3475354,0.7006,0.7006,0.5695,0.6350,0.4302,0.5695,0.7538,0.6350,0.6350,0.7006,0.3646,0.6350,0.6350,0.0205,0.0369,0.0369,0.0574,0.6700,0.8105,0.6320,0.1405,-0.1785,41.14,-20.84,140.0,156.2,1.147,0.162,1.750
1791428995.378991,0.7006,0.7538,0.4302,0.6350,0.4302,0.5695,0.7538,0.7538,0.6350,0.5695,0.1966,0.5695,0.6350,0.0164,0.0410,0.0410,0.0369,0.6710,0.8130,0.6360,0.1420,-0.1770,41.23,-20.88,140.1,156.2,1.152,0.161,1.748
1791428995.4111326,0.3646,0.5695,0.6350,0.5695,0.7006,0.7006,0.8030,0.7538,0.8030,0.5695,0.2458,0.4302,0.4998,0.0410,0.0574,0.0737,0.0574,0.6720,0.8215,,0.1495,,42.43,-21.32,140.8,156.6,1.090,0.157,1.577
1791428995.442605,0.7006,0.5695,0.4302,0.6350,0.4302,0.5695,0.8030,0.8440,0.5695,0.4998,0.5695,0.7006,0.7006,0.0205,0.0410,0.0574,0.0574,0.6630,0.8180,0.6320,0.1550,-0.1860,42.86,-21.30,141.9,156.7,1.198,0.157,1.761
1791428995.4754858,0.4998,0.5695,0.7538,0.4998,0.5695,0.7538,0.8030,0.7006,0.7006,0.7538,0.6350,0.4998,0.1966,0.0205,0.0164,0.0410,0.0574,0.6700,0.8165,,0.1465,,42.36,-21.26,142.6,157.1,,0.160,1.765
1791428995.5095086,0.4998,0.7006,0.6350,0.4302,0.5695,0.5695,0.7006,0.7006,0.6350,0.4998,0.7006,0.4302,0.4998,0.0123,0.0410,0.0737,0.0410,0.6680,0.8160,,0.1480,,42.63,-21.34,144.1,157.1,1.142,0.159,1.720
1791428995.5413685,0.6350,0.4998,0.5695,0.6350,0.4302,0.4998,0.7538,0.7006,0.8030,0.3646,0.2991,0.7006,0.6350,0.0123,0.0369,0.0574,0.0410,0.6670,0.8195,0.6370,0.1525,-0.1825,43.25,-21.30,144.5,156.8,1.181,0.157,1.729
1791428995.5753818,0.7538,0.4998,0.7538,0.5695,0.2991,0.8030,0.7006,0.7006,0.6350,0.5695,0.4302,0.5695,0.5695,0.0123,0.0205,0.0369,0.0410,0.6700,0.8165,0.6330,0.1465,-0.1835,43.85,-21.45,144.5,156.8,1.132,0.153,1.607
1791428995.6159084,0.5695,0.6350,0.5695,0.6350,0.4302,0.5695,0.7538,0.6350,0.7006,0.4998,0.5695,0.6350,0.6350,0.0246,0.0246,0.0574,0.0942,0.6670,0.8185,0.6380,0.1515,-0.1805,44.05,-21.34,144.0,156.2,1.181,0.153,1.691
1791428995.6486306,0.4998,0.6350,0.7006,0.6350,0.6350,0.5695,0.8440,0.5695,0.7538,0.2458,0.4302,0.7006,0.5695,0.0123,0.0123,0.0369,0.0410,0.6670,0.8145,0.6410,0.1475,-0.1735,44.06,-21.15,142.7,156.2,1.166,0.153,1.742
1791428995.679258,0.6350,0.5695,0.6350,0.5695,0.4302,0.5695,0.7006,0.7538,0.7006,0.1966,0.5695,0.3646,0.4302,0.0164,0.0246,0.0737,0.0410,0.6680,0.8000,,0.1320,,43.96,-21.08,135.7,156.3,1.081,0.150,1.643
1791428995.711054,0.4998,0.7006,0.7006,0.3646,0.4998,0.5695,0.7538,0.7006,0.6350,0.4302,0.5695,0.5695,0.6350,0.0164,0.0123,0.0369,0.0369,0.6630,0.8180,0.6370,0.1550,-0.1810,44.36,-20.88,138.0,156.6,1.234,0.150,1.788
1791428995.7428775,0.8440,0.6350,0.6350,0.6350,0.4998,0.5695,0.8440,0.5695,0.6350,0.5695,0.6350,0.5695,0.5695,0.0369,0.0246,0.0574,0.0737,0.6660,0.8085,0.6380,0.1425,-0.1705,43.27,-20.78,139.5,156.8,1.146,0.155,1.761
1791428995.7749147,0.6350,0.6350,0.6350,0.4302,0.4998,0.7006,0.6350,0.6350,0.7006,0.5695,0.1557,0.5695,0.6350,0.0164,0.0410,0.0737,0.0574,0.6670,0.8125,0.6320,0.1455,-0.1805,42.56,-20.59,140.0,156.9,1.247,0.159,1.805
1791428995.8085582,0.6350,0.7006,0.7538,0.6350,0.4302,0.4998,0.6350,0.6350,0.7006,0.4302,0.2991,0.6350,0.5695,0.0369,0.0123,0.0737,0.0410,0.6680,0.8180,0.6320,0.1500,-0.1860,43.01,-20.79,142.7,156.8,1.177,0.157,1.741
1791428995.8416107,0.4302,0.4998,0.2991,0.4998,0.7006,0.7538,0.7006,0.5695,0.7006,0.5695,0.2991,0.6350,0.6350,0.0123,0.0369,0.0369,0.0574,0.6690,0.8105,0.6320,0.1415,-0.1785,42.63,-20.54,142.5,157.3,1.252,0.158,1.818
1791428995.8760026,0.7538,0.5695,0.5695,0.5695,0.7006,0.4302,0.8030,0.4998,0.7538,0.4998,0.2458,0.6350,0.5695,0.0246,0.0123,0.0574,0.0737,0.6620,0.8165,0.6370,0.1545,-0.1795,42.87,-20.80,143.8,157.3,1.117,0.159,1.678
1791428995.9161222,0.4302,0.4302,0.6350,0.4998,0.4302,0.5695,0.8030,0.6350,0.7538,0.4302,0.2991,0.5695,0.5695,0.0164,0.0246,0.0942,0.0942,0.6720,0.8120,0.6320,0.1400,-0.1800,42.73,-20.86,143.6,157.5,1.166,0.158,1.738
1791428995.9484613,0.5695,0.7538,0.7006,0.4302,0.4302,0.4302,0.8030,0.7006,0.7006,0.2991,0.1966,0.5695,0.6350,0.0246,0.0164,0.0942,0.0574,0.6670,0.8185,0.6420,0.1515,-0.1765,43.06,-20.69,143.9,157.6,1.211,0.157,
1791428995.9792607,0.7538,0.8030,0.6350,0.5695,0.2991,0.6350,0.7006,0.8440,0.6350,0.4998,0.4998,0.6350,0.4998,0.0369,0.0205,0.1229,0.0369,0.6640,0.8125,,0.1485,,43.64,-20.85,143.3,157.3,1.119,0.154,1.630
1791428996.010632,0.4302,0.6350,0.6350,0.4302,0.5695,0.7006,0.7006,0.5695,0.6350,0.2991,0.4302,0.6350,0.5695,0.0164,0.0574,0.0574,0.0574,0.6640,0.8180,0.6350,0.1540,-0.1830,43.74,-20.95,144.2,157.0,1.172,0.155,1.783
1791428996.0423214,0.4302,0.6350,0.5695,0.4998,0.5695,0.7006,0.6350,0.4998,0.7006,0.6350,0.3646,0.6350,0.5695,0.0410,0.0164,0.0574,0.0942,0.6680,0.8170,0.6380,0.1490,-0.1790,43.77,-20.94,144.8,156.9,1.172,0.155,1.724
1791428996.075723,0.4998,0.5695,0.5695,0.5695,0.5695,0.7538,0.8440,0.6350,0.6350,0.5695,0.7006,0.4998,0.4998,0.0123,0.0410,0.0574,0.0574,0.6690,0.8115,,0.1425,,43.08,-20.87,144.6,156.6,1.166,0.158,1.729
1791428996.1094913,0.7006,0.4998,0.5695,0.4302,0.4998,0.5695,0.7006,0.7006,0.6350,0.4998,0.2458,0.5695,0.5695,0.0410,0.0574,0.0737,0.0410,0.6630,0.8135,0.6330,0.1505,-0.1805,42.88,-20.64,145.1,156.9,1.255,0.160,1.882
1791428996.1418378,0.4998,0.4302,0.5695,0.5695,0.7006,0.4998,0.6350,0.8440,0.7538,0.3646,0.1557,0.5695,0.6350,0.0123,0.0410,0.0574,0.0737,0.6680,0.8170,0.6380,0.1490,-0.1790,43.49,-20.84,145.0,156.2,1.127,0.156,1.587
1791428996.1757724,0.5695,0.7538,0.6350,0.4302,0.4998,0.5695,0.8030,0.5695,0.7538,0.4998,0.4302,0.4998,0.6350,0.0123,0.0246,0.0737,0.0574,0.6680,0.8170,,0.1490,,43.88,-21.21,145.3,156.1,1.076,0.154,1.621
1791428996.2162952,0.4302,0.6350,0.7538,0.5695,0.4302,0.7006,0.8440,0.5695,0.6350,0.6350,0.2991,0.5695,0.4998,0.0205,0.0410,0.0369,0.0410,0.6670,0.8095,,0.1425,,43.30,-21.16,145.3,156.4,1.131,0.156,1.731
1791428996.2483141,0.6350,0.4302,0.4998,0.4998,0.6350,0.4998,0.8030,0.7006,0.6350,0.5695,0.2991,0.4302,0.6350,0.0246,0.0246,0.0574,0.0574,0.6680,0.8170,,0.1490,,43.52,-21.35,144.4,156.1,1.113,0.155,1.684
1791428996.2797413,0.7006,0.6350,0.5695,0.4302,0.4302,0.5695,0.7006,0.6350,0.7538,0.4302,0.4998,0.7006,0.5695,0.0123,0.0123,0.1229,0.0942,0.6730,0.8130,0.6360,0.1400,-0.1770,43.23,-20.95,144.0,156.7,1.252,0.155,1.828
1791428996.310588,0.4998,0.4998,0.7006,0.5695,0.3646,0.6350,0.7006,0.7006,0.6350,0.3646,0.2991,0.6350,0.5695,0.0246,0.0410,0.0574,0.0410,0.6660,0.8150,0.6380,0.1490,-0.1770,43.10,-20.96,144.7,156.3,1.152,0.157,1.702
1791428996.3421988,0.6350,0.4302,0.6350,0.5695,0.7006,0.6350,0.7538,0.7538,0.7538,0.6350,0.6350,0.6350,0.6350,0.0164,0.0410,0.0574,0.0942,0.6630,0.8135,0.6390,0.1505,-0.1745,42.71,-20.90,145.1,155.5,1.157,0.160,1.770
1791428996.3765142,0.7538,0.7538,0.6350,0.5695,0.4998,0.7006,0.7006,0.7006,0.6350,0.2991,0.5695,0.5695,0.5695,0.0246,0.0164,0.0410,0.0369,0.6720,0.8125,0.6340,0.1405,-0.1785,42.00,-20.60,145.0,156.3,1.263,0.162,1.890
1791428996.408778,0.5695,0.4998,0.7006,0.4998,0.4302,0.6350,0.6350,0.7538,0.5695,0.5695,0.2991,0.5695,0.5695,0.0164,0.0574,0.0369,0.0737,0.6680,0.8170,0.6370,0.1490,-0.1800,42.50,-20.90,144.0,156.6,1.103,0.160,1.662
1791428996.4419665,0.4998,0.7006,0.5695,0.7006,0.6350,0.5695,0.7006,0.6350,0.6350,0.2458,0.6350,0.4302,0.5695,0.0369,0.0410,0.0410,0.0410,0.6630,0.8175,,0.1545,,42.74,-20.88,145.1,156.9,1.192,0.160,1.761
1791428996.4759493,0.5695,0.2458,0.6350,0.4998,0.3646,0.7006,0.7006,0.6350,0.7538,0.5695,0.4302,0.7006,0.6350,0.0369,0.0410,0.0574,0.0942,0.6720,0.8185,0.6380,0.1465,-0.1805,43.06,-20.81,145.0,156.8,1.203,0.158,1.744
1791428996.5169482,0.4302,0.7538,0.7538,0.6350,0.3646,0.6350,0.6350,0.6350,0.6350,0.2991,0.4998,0.5695,0.5695,0.0164,0.0410,0.0942,0.0574,0.6670,0.8135,0.6420,0.1465,-0.1715,42.79,-20.31,145.8,156.9,1.286,0.159,1.854
1791428996.5491204,0.8030,0.4302,0.6350,0.7006,0.4998,0.5695,0.8030,0.6350,0.6350,0.2991,0.7006,0.7006,0.7006,0.0123,0.0369,0.0737,0.0574,0.6690,0.8170,0.6420,0.1480,-0.1750,43.26,-20.37,145.6,157.0,1.162,0.157,1.723
1791428996.579549,0.7538,0.4998,0.4302,0.5695,0.3646,0.4998,0.5695,0.5695,0.6350,0.5695,0.3646,0.7006,0.6350,0.0205,0.0246,0.0737,0.0574,0.6620,0.8165,0.6410,0.1545,-0.1755,43.65,-20.56,145.0,156.3,1.122,0.156,1.656
1791428996.6109595,0.5695,0.7006,0.7006,0.5695,0.4998,0.5695,0.7006,0.8030,0.7006,0.4302,0.6350,0.5695,0.5695,0.0205,0.0369,0.0942,0.0369,0.6670,0.8125,0.6360,0.1455,-0.1765,43.38,-20.69,144.2,155.7,1.136,0.157,1.720
1791428996.6427443,0.7006,0.7006,0.7006,0.5695,0.4302,0.4302,0.7538,0.7006,0.6350,0.4302,0.6350,0.5695,0.5695,0.0123,0.0369,0.0942,0.0574,0.6670,0.8080,0.6320,0.1410,-0.1760,42.68,-20.54,143.2,155.9,1.212,0.159,1.771
1791428996.676237,0.7006,0.7006,0.7538,0.5695,0.3646,0.6350,0.7538,0.6350,0.7006,0.4302,0.7006,0.3646,0.6350,0.0246,0.0410,0.0574,0.0737,0.6640,0.8080,,0.1440,,42.01,-20.55,143.0,156.2,1.137,0.162,1.771
1791428996.7094703,0.4998,0.7006,0.7538,0.5695,0.4302,0.7006,0.8030,0.6350,0.7538,0.2458,0.4302,0.6350,0.6350,0.0123,0.0410,0.0737,0.0574,0.6760,0.8190,0.6380,0.1430,-0.1810,42.81,-21.02,143.2,155.9,1.065,0.157,1.544
1791428996.7428036,0.6350,0.4302,0.5695,0.6350,0.5695,0.7538,0.7006,0.7538,0.7538,0.6350,0.4302,0.6350,0.6350,0.0205,0.0123,0.0410,0.0410,0.6660,0.8175,0.6350,0.1515,-0.1825,42.83,-21.05,144.3,156.1,1.177,0.158,1.746
1791428996.7852304,0.4302,0.4302,0.7006,0.4998,0.5695,0.3646,0.7006,0.5695,0.7006,0.5695,0.2991,0.6350,0.7006,0.0123,0.0123,0.0369,0.0369,0.6660,0.8190,0.6330,0.1530,-0.1860,43.13,-21.11,145.9,156.4,1.192,0.158,1.735
1791428996.8166254,0.4998,0.8030,0.3646,0.5695,0.4998,0.7538,0.5695,0.5695,0.5695,0.6350,0.4998,0.4302,0.6350,0.0205,0.0574,0.0942,0.0574,0.6620,0.8160,,0.1540,,43.38,-21.38,146.9,156.1,1.084,0.158,1.669
1791428996.8475595,0.7538,0.6350,0.5695,0.6350,0.4302,0.5695,0.7538,0.7006,0.7006,0.7006,0.4998,0.6350,0.5695,0.0205,0.0246,0.0737,0.0942,0.6730,0.8150,0.6370,0.1420,-0.1780,43.17,-21.48,147.7,156.3,1.107,0.158,1.701
1791428996.8787878,0.4302,0.6350,0.7538,0.4998,0.4302,0.4998,0.5695,0.8440,0.5695,0.4302,0.4998,0.5695,0.5695,0.0369,0.0164,0.0574,0.0369,0.6620,0.8130,0.6420,0.1510,-0.1710,42.89,-21.19,146.3,155.9,1.172,0.160,1.737
1791428996.9115593,0.4998,0.7006,0.6350,0.7538,0.7006,0.6350,0.7006,0.6350,0.6350,0.6350,0.5695,0.6350,0.5695,0.0205,0.0205,0.0574,0.0737,0.6710,0.8190,0.6400,0.1480,-0.1790,43.02,-21.04,146.7,156.1,1.198,0.159,1.768
1791428996.9428554,0.4302,0.4998,0.6350,0.5695,0.6350,0.5695,0.6350,0.7006,0.4998,0.4302,0.2458,0.4998,0.6350,0.0246,0.0410,0.0574,0.0942,0.6620,0.8145,,0.1525,,42.41,-20.81,146.2,156.5,1.219,0.163,1.883
1791428996.9754837,0.5695,0.7006,0.4302,0.4998,0.4998,0.6350,0.7006,0.6350,0.6350,0.5695,0.6350,0.5695,0.6350,0.0123,0.0737,0.0369,0.0574,0.6720,0.8140,0.6380,0.1420,-0.1760,42.02,-20.48,146.1,156.9,1.260,0.164,1.849
1791428997.0091507,0.6350,0.5695,0.4302,0.7006,0.4302,0.8030,0.4998,0.8030,0.7538,0.5695,0.2458,0.4998,0.2991,0.0205,0.0369,0.0574,0.0574,0.6680,0.8180,,0.1500,,42.79,-20.90,145.6,156.2,,0.160,1.620
1791428997.0437121,0.7006,0.7006,0.6350,0.4998,0.2458,0.5695,0.8030,0.6350,0.7538,0.1966,0.3646,0.6350,0.6350,0.0246,0.0123,0.0574,0.0737,0.6700,0.8115,0.6320,0.1415,-0.1795,42.04,-20.75,144.6,156.3,1.221,0.163,1.838
1791428997.0863073,0.7538,0.6350,0.4998,0.3646,0.4302,0.5695,0.7006,0.7006,0.6350,0.5695,0.4998,0.6350,0.5695,0.0164,0.0369,0.0737,0.0410,0.6660,0.8135,0.6360,0.1475,-0.1775,42.07,-20.78,144.5,156.5,1.162,0.163,1.711
1791428997.116839,0.7006,0.6350,0.4998,0.5695,0.4998,0.5695,0.7538,0.7006,0.7006,0.6350,0.7006,0.5695,0.4302,0.0246,0.0123,0.0574,0.0410,0.6630,0.8090,,0.1460,,41.72,-20.58,144.3,156.8,1.199,0.165,1.822
1791428997.148552,0.7006,0.4302,0.5695,0.6350,0.4302,0.7006,0.8440,0.5695,0.7006,0.4998,0.2991,0.5695,0.6350,0.0164,0.0123,0.0574,0.0369,0.6640,0.8165,0.6400,0.1525,-0.1765,42.27,-20.25,143.9,157.0,1.279,0.163,1.771
1791428997.1802208,0.7006,0.7006,0.6350,0.5695,0.4302,0.5695,0.7006,0.6350,0.7538,0.4998,0.3646,0.7006,0.5695,0.0123,0.0246,0.0574,0.0737,0.6680,0.8155,0.6380,0.1475,-0.1775,42.39,-20.35,144.9,156.7,1.172,0.162,1.717
1791428997.211201,0.8767,0.7006,0.5695,0.4998,0.6350,0.5695,0.6350,0.7006,0.5695,0.2991,0.2991,0.3646,0.5695,0.0123,0.0369,0.0574,0.0369,0.6690,0.8200,,0.1510,,43.19,-20.52,146.1,156.5,1.177,0.158,
1791428997.2439892,0.5695,0.5695,0.5695,0.4998,0.4302,0.7006,0.6350,0.6350,0.7006,0.2991,0.3646,0.4302,0.3646,0.0205,0.0205,0.0737,0.0410,0.6680,0.8195,,0.1515,,43.71,-20.72,146.4,156.5,1.152,0.156,1.756
1791428997.2763648,0.6350,0.7006,0.4998,0.7006,0.6350,0.6350,0.7538,0.4998,0.7006,0.5695,0.6350,0.4998,0.5695,0.0123,0.0123,0.0737,0.0369,0.6630,0.8140,,0.1510,,44.20,-20.65,146.4,156.8,1.190,0.154,1.675
1791428997.3102686,0.8767,0.5695,0.4302,0.6350,0.4998,0.5695,0.8030,0.7006,0.6350,0.4302,0.4998,0.5695,0.6350,0.0164,0.0410,0.0574,0.0410,0.6660,0.8155,0.6420,0.1495,-0.1735,44.19,-20.98,147.1,156.6,1.048,0.154,1.586
1791428997.3434532,0.7006,0.5695,0.4998,0.4302,0.6350,0.7006,0.7006,0.5695,0.6350,0.2991,0.1966,0.5695,0.5695,0.0164,0.0410,0.0574,0.0410,0.6690,0.8200,0.6330,0.1510,-0.1870,44.60,-21.19,147.6,156.8,1.156,0.152,
1791428997.376916,0.7006,0.6350,0.6350,0.5695,0.4998,0.6350,0.8030,0.4998,0.6350,0.4302,0.5695,0.6350,0.5695,0.0369,0.0410,0.0369,0.0574,0.6690,0.8165,0.6390,0.1475,-0.1775,44.57,-20.98,148.4,156.3,1.209,0.152,1.767
1791428997.4176142,0.7538,0.6350,0.8440,0.5695,0.7006,0.4998,0.7538,0.6350,0.7006,0.4998,0.5695,0.6350,0.6350,0.0164,0.0574,0.0574,0.0574,0.6680,0.8165,0.6400,0.1485,-0.1765,44.82,-21.25,148.5,155.8,1.068,0.150,1.598
1791428997.44766,0.4998,0.7538,0.7538,0.4998,0.5695,0.7006,0.6350,0.6350,0.6350,0.2991,0.2991,0.6350,0.5695,0.0205,0.0369,0.0574,0.0574,0.6710,0.8200,0.6420,0.1490,-0.1780,45.70,-21.58,147.7,155.8,1.048,0.146,
1791428997.4786696,0.5695,0.7538,0.6350,0.6350,0.5695,0.6350,0.5695,0.7006,0.5695,0.3646,0.2991,0.5695,0.4998,0.0123,0.0369,0.0574,0.0942,0.6670,0.8135,,0.1465,,45.25,-21.27,147.6,155.6,1.193,0.147,1.740
1791428997.5114865,0.7006,0.6350,0.6350,0.5695,0.4302,0.4302,0.6350,0.4998,0.7006,0.6350,0.2991,0.6350,0.5695,0.0574,0.0369,0.0574,0.0410,0.6710,0.8165,0.6400,0.1455,-0.1765,44.99,-20.93,148.1,155.7,1.237,0.148,1.784
1791428997.5441005,0.4302,0.7538,0.5695,0.4998,0.2991,0.4998,0.5695,0.4998,0.7538,0.2991,0.4302,0.7006,0.5695,0.0205,0.0574,0.0574,0.0410,0.6640,0.8115,0.6400,0.1475,-0.1715,44.30,-20.62,147.8,155.7,1.215,0.152,1.818
1791428997.5777147,0.8030,0.7006,0.4998,0.5695,0.5695,0.6350,0.6350,0.7538,0.5695,0.4998,0.5695,0.5695,0.4998,0.0205,0.0369,0.0574,0.0410,0.6740,0.8190,,0.1450,,44.42,-20.64,147.6,156.2,1.187,0.150,1.705
1791428997.6113153,0.6350,0.8030,0.4998,0.4998,0.4998,0.6350,0.6350,0.5695,0.7538,0.5695,0.2991,0.4998,0.7006,0.0164,0.0369,0.0574,0.0574,0.6680,0.8195,,0.1515,,44.75,-20.85,147.0,156.2,1.132,0.149,1.657
1791428997.6438642,0.6350,0.7538,0.5695,0.6350,0.3646,0.6350,0.8030,0.5695,0.7006,0.3646,0.6350,0.6350,0.4998,0.0123,0.0164,0.0369,0.0574,0.6710,0.8105,,0.1395,,44.24,-20.92,146.0,156.0,1.102,0.150,1.669
1791428997.677418,0.6350,0.8030,0.7538,0.6350,0.5695,0.4998,0.7006,0.4998,0.6350,0.5695,0.3646,0.4998,0.6350,0.0164,0.0410,0.0574,0.0574,0.6690,0.8200,,0.1510,,45.04,-21.02,145.8,155.7,1.151,0.147,1.627
1791428997.7174757,0.7006,0.7006,0.6350,0.5695,0.4998,0.7006,0.7538,0.6350,0.6350,0.4998,0.2991,0.5695,0.4998,0.0164,0.0123,0.0574,0.0737,0.6690,0.8145,,0.1455,,44.92,-21.10,146.5,156.0,1.117,0.147,1.666
1791428997.748714,0.5695,0.7006,0.6350,0.6350,0.5695,0.6350,0.8030,0.7538,0.4998,0.2458,0.4998,0.5695,0.4998,0.0205,0.0246,0.0574,0.0737,0.6670,0.8205,,0.1535,,45.27,-21.16,147.6,155.4,1.156,0.147,1.754
1791428997.7811892,0.5695,0.5695,0.4302,0.5695,0.7006,0.6350,0.4998,0.8030,0.5695,0.4302,0.4998,0.6350,0.6350,0.0164,0.0164,0.0369,0.0369,0.6660,0.8135,0.6330,0.1475,-0.1805,44.98,-21.03,146.8,155.4,1.203,0.148,1.724
1791428997.8124192,0.7538,0.4998,0.4998,0.6350,0.4302,0.7006,0.6350,0.6350,0.6350,0.3646,0.5695,0.5695,0.5695,0.0164,0.0123,0.0737,0.0410,0.6690,0.8195,0.6320,0.1505,-0.1875,45.60,-21.19,146.6,155.6,1.171,0.146,1.678
1791428997.84431,0.7538,0.7006,0.5695,0.4302,0.5695,0.6350,0.8030,0.7538,0.7006,0.4998,0.3646,0.5695,0.6350,0.0164,0.0410,0.0574,0.0410,0.6680,0.8180,0.6320,0.1500,-0.1860,45.42,-21.18,146.0,155.7,1.202,0.147,1.693
1791428997.8786597,0.6350,0.7538,0.5695,0.5695,0.5695,0.5695,0.6350,0.8030,0.5695,0.4998,0.4998,0.4998,0.5695,0.0123,0.0942,0.0737,0.0737,0.6730,0.8155,,0.1425,,45.13,-21.32,146.7,155.9,1.118,0.147,1.640
1791428997.9116974,0.4998,0.8030,0.4302,0.4998,0.7006,0.5695,0.7538,0.6350,0.4998,0.1966,0.1966,0.4998,0.4998,0.0205,0.0410,0.0369,0.0574,0.6690,0.8170,,0.1480,,45.17,-21.45,147.5,156.2,1.122,0.147,
1791428997.9445555,0.7006,0.8030,0.6350,0.6350,0.4302,0.4998,0.7538,0.7006,0.7006,0.3646,0.6350,0.6350,0.6350,0.0123,0.0123,0.0574,0.0369,0.6690,0.8170,0.6320,0.1480,-0.1850,44.99,-21.14,147.0,156.3,1.271,0.148,1.845
1791428997.977338,0.7006,0.6350,0.5695,0.4998,0.6350,0.4998,0.7006,0.6350,0.4998,0.5695,0.2991,0.6350,0.6350,0.0164,0.0246,0.0574,0.0410,0.6650,0.8125,0.6360,0.1475,-0.1765,44.49,-20.95,147.2,156.5,1.199,0.150,1.772
1791428998.0188725,0.8030,0.7006,0.6350,0.5695,0.4998,0.5695,0.5695,0.5695,0.5695,0.4998,0.4302,0.5695,0.5695,0.0123,0.0369,0.0369,0.0574,0.6670,0.8180,0.6320,0.1510,-0.1860,44.60,-21.33,146.3,156.1,1.098,0.150,1.640
1791428998.0508804,0.5695,0.6350,0.3646,0.7006,0.4302,0.6350,0.7006,0.7538,0.7006,0.4998,0.4302,0.4302,0.4998,0.0369,0.0246,0.0737,0.0574,0.6690,0.8130,,0.1440,,44.54,-21.42,145.4,156.5,1.116,0.150,1.641
1791428998.0827925,0.4302,0.7538,0.3646,0.6350,0.4302,0.5695,0.7538,0.6350,0.5695,0.6350,0.3646,0.7006,0.5695,0.0164,0.0410,0.0574,0.0942,0.6710,0.8140,0.6320,0.1430,-0.1820,44.01,-21.58,144.6,156.1,1.112,0.152,1.690
1791428998.1138873,0.5695,0.7006,0.6350,0.5695,0.3646,0.5695,0.7538,0.7538,0.7538,0.6350,0.4998,0.6350,0.5695,0.0164,0.0410,0.0574,0.0574,0.6670,0.8145,0.6410,0.1475,-0.1735,43.80,-21.23,144.3,156.1,1.199,0.153,1.774
1791428998.1456156,0.3646,0.4302,0.4998,0.6350,0.7006,0.7006,0.5695,0.6350,0.6350,0.4998,0.1966,0.4998,0.5695,0.0205,0.0410,0.0410,0.0574,0.6690,0.8170,,0.1480,,44.28,-21.12,144.4,156.3,1.203,0.151,1.729
1791428998.178667,0.7006,0.7006,0.7538,0.5695,0.4998,0.7006,0.7006,0.4998,0.6350,0.4302,0.5695,0.4998,0.6350,0.0164,0.0123,0.0574,0.1557,0.6700,0.8180,,0.1480,,44.50,-20.96,145.8,156.6,1.229,0.150,1.785
1791428998.2124135,0.6350,0.7538,0.7006,0.5695,0.5695,0.6350,0.7006,0.7538,0.5695,0.4998,0.4998,0.6350,0.6350,0.0369,0.0574,0.0369,0.0574,0.6730,0.8145,0.6320,0.1415,-0.1825,44.11,-21.12,145.4,156.5,1.142,0.151,1.687
1791428998.2443328,0.5695,0.7538,0.6350,0.5695,0.4998,0.5695,0.7538,0.7006,0.7538,0.1966,0.4998,0.7006,0.5695,0.0369,0.0369,0.0574,0.0369,0.6700,0.8115,0.6320,0.1415,-0.1795,43.82,-21.04,144.9,157.1,1.187,0.151,1.787
1791428998.2786696,0.7538,0.4998,0.6350,0.5695,0.4302,0.5695,0.6350,0.6350,0.6350,0.2991,0.1966,0.5695,0.7006,0.0164,0.0737,0.0574,0.0574,0.6680,0.8110,0.6380,0.1430,-0.1730,43.95,-20.99,144.1,156.5,1.140,0.150,
1791428998.3196464,0.4302,0.7538,0.7538,0.6350,0.3646,0.7006,0.4302,0.7538,0.5695,0.4302,0.6350,0.4998,0.4998,0.0369,0.0164,0.1229,0.0942,0.6700,0.8185,,0.1485,,44.20,-20.93,144.7,156.7,1.213,0.150,1.703
1791428998.35228,0.4998,0.5695,0.4998,0.5695,0.2991,0.5695,0.8440,0.7538,0.8030,0.5695,0.6350,0.6350,0.4998,0.0246,0.0410,0.0942,0.0942,0.6750,0.8160,,0.1410,,44.27,-20.97,144.3,156.6,1.172,0.148,1.699
1791428998.38366,0.7538,0.7538,0.7538,0.6350,0.3646,0.5695,0.6350,0.6350,0.7538,0.4998,0.4998,0.5695,0.5695,0.0574,0.0164,0.0369,0.0369,0.6690,0.8115,0.6360,0.1425,-0.1755,44.16,-21.09,143.8,156.2,1.108,0.148,1.615
1791428998.4144695,0.6350,0.4302,0.4998,0.6350,0.4998,0.5695,0.7006,0.6350,0.7538,0.4302,0.4302,0.5695,0.4998,0.0123,0.0574,0.0574,0.0574,0.6730,0.8170,,0.1440,,44.11,-21.36,144.7,156.1,1.098,0.149,1.659
1791428998.44715,0.4998,0.8030,0.6350,0.6350,0.7006,0.7006,0.6350,0.7006,0.7538,0.4302,0.3646,0.6350,0.6350,0.0369,0.0410,0.0369,0.0574,0.6730,0.8175,0.6410,0.1445,-0.1765,43.93,-21.13,144.5,156.6,1.198,0.150,1.737
1791428998.478357,0.5695,0.7006,0.5695,0.4998,0.5695,0.6350,0.6350,0.5695,0.7006,0.3646,0.4998,0.5695,0.7006,0.0574,0.0164,0.0737,0.0574,0.6750,0.8190,0.6380,0.1440,-0.1810,44.54,-21.29,145.3,156.8,1.122,0.147,1.605
1791428998.511907,0.5695,0.6350,0.4998,0.5695,0.5695,0.7006,0.8030,0.7006,0.7006,0.4998,0.3646,0.2991,0.4302,0.0246,0.0574,0.1229,0.0574,0.6700,0.8190,,0.1490,,44.77,-21.26,144.8,156.4,,0.146,1.696
1791428998.5452719,0.7006,0.7538,0.6350,0.7006,0.4302,0.6350,0.8030,0.6350,0.5695,0.2458,0.1966,0.5695,0.5695,0.0123,0.0246,0.0574,0.0574,0.6670,0.8130,0.6320,0.1460,-0.1810,44.26,-21.01,145.0,156.7,1.238,0.149,
1791428998.577962,0.4302,0.8030,0.7538,0.5695,0.5695,0.4998,0.5695,0.8440,0.7538,0.6350,0.5695,0.6350,0.6350,0.0123,0.0369,0.1229,0.0574,0.6670,0.8125,0.6360,0.1455,-0.1765,43.75,-20.96,144.5,156.6,1.167,0.152,1.717
1791428998.6128542,0.6350,0.7538,0.6350,0.7006,0.2991,0.7006,0.7006,0.7006,0.7006,0.2458,0.1966,0.4302,0.3646,0.0164,0.0574,0.0737,0.0737,0.6690,0.8135,,0.1445,,43.39,-20.85,145.2,156.6,1.193,0.154,
1791428998.652452,0.7006,0.7006,0.6350,0.7006,0.4998,0.6350,0.7006,0.8030,0.7006,0.4302,0.4998,0.5695,0.5695,0.0123,0.0369,0.0410,0.0410,0.6690,0.8140,0.6330,0.1450,-0.1810,43.52,-21.04,145.1,156.4,1.131,0.153,1.709
1791428998.6842275,0.8440,0.7006,0.4998,0.5695,0.2991,0.6350,0.7538,0.4998,0.8440,0.4998,0.4302,0.6350,0.6350,0.0164,0.0164,0.0942,0.0410,0.6700,0.8135,0.6370,0.1435,-0.1765,43.47,-20.80,145.8,156.7,1.220,0.153,1.767
1791428998.7161305,0.5695,0.7538,0.6350,0.5695,0.7006,0.4998,0.8030,0.6350,0.6350,0.6350,0.5695,0.7006,0.6350,0.0369,0.0246,0.0574,0.0369,0.6730,0.8185,0.6350,0.1455,-0.1835,43.85,-21.11,146.2,156.7,1.113,0.151,1.629
1791428998.746443,0.7538,0.7538,0.5695,0.4998,0.4998,0.7006,0.4998,0.6350,0.7006,0.4998,0.4998,0.5695,0.5695,0.0164,0.0123,0.0410,0.0410,0.6730,0.8160,0.6410,0.1430,-0.1750,43.72,-20.55,147.4,157.0,1.306,0.151,1.854
1791428998.7794373,0.5695,0.4998,0.5695,0.4998,0.4998,0.7006,0.6350,0.6350,0.4998,0.4998,0.7006,0.7006,0.6350,0.0205,0.0205,0.0574,0.0410,0.6700,0.8130,0.6390,0.1430,-0.1740,43.64,-20.46,146.1,157.2,1.188,0.151,1.705
1791428998.81272,0.7006,0.7006,0.6350,0.6350,0.4302,0.6350,0.7538,0.4998,0.6350,0.3646,0.4998,0.6350,0.6350,0.0246,0.0205,0.0942,0.0410,0.6660,0.8205,0.6320,0.1545,-0.1885,44.56,-20.91,146.9,156.6,1.123,0.149,1.589
1791428998.8454435,0.7006,0.8767,0.7538,0.5695,0.7006,0.8440,0.7538,0.7006,0.4998,0.2991,0.1966,0.4998,0.6350,0.0123,0.0574,0.0942,0.0737,0.6730,0.8120,,0.1390,,44.27,-20.93,145.9,156.5,1.146,0.149,
1791428998.8793063,0.6350,0.5695,0.6350,0.4998,0.5695,0.4998,0.7538,0.6350,0.7006,0.5695,0.5695,0.5695,0.5695,0.0164,0.0369,0.0574,0.1229,0.6680,0.8190,0.6320,0.1510,-0.1870,45.02,-21.27,145.9,156.3,1.118,0.146,1.567
1791428998.9124281,0.6350,0.4998,0.5695,0.5695,0.3646,0.6350,0.6350,0.7538,0.7006,0.4998,0.4302,0.5695,0.5695,0.0164,0.0410,0.0737,0.0574,0.6700,0.8135,0.6360,0.1435,-0.1775,44.86,-21.16,146.2,156.5,1.172,0.146,1.748
1791428998.9530199,0.6350,0.7006,0.4998,0.5695,0.5695,0.4998,0.5695,0.7006,0.5695,0.4302,0.1557,0.6350,0.5695,0.0123,0.0410,0.0410,0.0942,0.6690,0.8130,0.6360,0.1440,-0.1770,44.92,-21.13,146.4,156.4,1.152,0.146,1.675
1791428998.9854243,0.6350,0.7006,0.7006,0.6350,0.4302,0.4998,0.5695,0.5695,0.7538,0.4998,0.6350,0.3646,0.3646,0.0369,0.0205,0.0574,0.0737,0.6700,0.8140,,0.1440,,44.72,-21.17,146.5,156.4,1.142,0.146,1.728
1791428999.0160618,0.6350,0.7538,0.6350,0.4302,0.5695,0.5695,0.7538,0.7006,0.8030,0.1966,0.4302,0.4998,0.6350,0.0369,0.0410,0.0737,0.0574,0.6650,0.8105,,0.1455,,44.37,-21.22,146.5,155.6,1.117,0.148,1.724
1791428999.0479157,0.7538,0.6350,0.7538,0.5695,0.4998,0.5695,0.7006,0.8030,0.5695,0.4302,0.4998,0.5695,0.5695,0.0164,0.0369,0.0369,0.0574,0.6690,0.8170,0.6320,0.1480,-0.1850,44.73,-21.47,146.8,155.6,1.117,0.147,1.564
1791428999.0793817,0.4998,0.4998,0.4998,0.6350,0.4998,0.4302,0.7006,0.7538,0.5695,0.3646,0.4302,0.7006,0.6350,0.0123,0.0123,0.0369,0.0410,0.6700,0.8185,0.6410,0.1485,-0.1775,45.04,-21.51,147.4,155.9,1.117,0.146,1.663
1791428999.1127076,0.5695,0.7538,0.7006,0.4998,0.3646,0.4998,0.8030,0.6350,0.6350,0.6350,0.4998,0.6350,0.5695,0.0369,0.0369,0.0737,0.0942,0.6740,0.8145,0.6400,0.1405,-0.1745,44.48,-20.84,147.7,156.2,1.306,0.148,1.859
1791428999.145982,0.6350,0.7538,0.7006,0.4998,0.4302,0.5695,0.7538,0.7006,0.6350,0.4302,0.4998,0.6350,0.6350,0.0123,0.0410,0.0942,0.0410,0.6690,0.8150,0.6320,0.1460,-0.1830,44.62,-21.16,146.2,155.7,1.103,0.147,1.606
1791428999.1792138,0.7006,0.7538,0.5695,0.5695,0.4302,0.6350,0.7006,0.6350,0.7006,0.5695,0.4998,0.4998,0.4302,0.0123,0.0410,0.0574,0.0737,0.6760,0.8195,,0.1435,,45.26,-21.24,145.8,155.8,1.162,0.144,1.678
1791428999.221684,0.3646,0.5695,0.5695,0.6350,0.6350,0.7006,0.6350,0.7006,0.7538,0.7538,0.4998,0.5695,0.6350,0.0246,0.0205,0.0574,0.0574,0.6750,0.8185,0.6340,0.1435,-0.1845,44.99,-21.39,145.9,155.7,1.142,0.145,1.670
1791428999.2533484,0.8440,0.7538,0.7006,0.4998,0.3646,0.4302,0.7006,0.6350,0.6350,0.7006,0.3646,0.6350,0.4998,0.0123,0.0369,0.1229,0.0574,0.6690,0.8165,,0.1475,,44.96,-21.52,145.2,155.6,1.117,0.145,1.671
1791428999.2857335,0.8030,0.6350,0.5695,0.5695,0.4302,0.5695,0.7538,0.5695,0.6350,0.4998,0.1557,0.5695,0.7006,0.0164,0.0410,0.0574,0.0737,0.6630,0.8170,0.6420,0.1540,-0.1750,44.78,-21.24,145.8,155.7,1.191,0.148,1.723
1791428999.3163319,0.4998,0.7006,0.6350,0.5695,0.3646,0.5695,0.7538,0.7006,0.6350,0.4998,0.4302,0.5695,0.4998,0.0123,0.0410,0.0574,0.0369,0.6690,0.8100,,0.1410,,44.27,-21.38,144.5,155.4,1.074,0.150,1.674
1791428999.3481665,0.7538,0.6350,0.6350,0.6350,0.4998,0.5695,0.7538,0.7006,0.7006,0.2991,0.4998,0.5695,0.7006,0.0164,0.0410,0.0942,0.0369,0.6700,0.8195,0.6380,0.1495,-0.1815,44.80,-21.20,145.8,155.6,1.213,0.148,1.754
1791428999.3803995,0.8030,0.5695,0.7006,0.4998,0.4998,0.7538,0.7006,0.5695,0.6350,0.5695,0.5695,0.5695,0.6350,0.0369,0.0410,0.0574,0.0369,0.6640,0.8160,0.6370,0.1520,-0.1790,44.29,-20.72,147.2,156.4,1.298,0.151,1.895
1791428999.4136233,0.6350,0.7538,0.7006,0.7538,0.7006,0.4998,0.5695,0.6350,0.6350,0.6350,0.2458,0.6350,0.5695,0.0410,0.0369,0.0369,0.0410,0.6700,0.8140,0.6340,0.1440,-0.1800,43.90,-20.62,147.5,156.3,1.223,0.153,1.814
1791428999.4464817,0.7006,0.6350,0.7006,0.5695,0.4302,0.7006,0.6350,0.7538,0.6350,0.2991,0.2458,0.5695,0.4998,0.0205,0.0246,0.0410,0.0737,0.6700,0.8150,,0.1450,,43.75,-20.36,148.3,157.0,1.268,0.153,
1791428999.4792967,0.7006,0.7538,0.6350,0.5695,0.6350,0.5695,0.7006,0.5695,0.6350,0.5695,0.4302,0.5695,0.6350,0.0164,0.0737,0.0737,0.0574,0.6730,0.8125,0.6360,0.1395,-0.1765,43.56,-20.49,148.3,157.1,1.147,0.153,1.709
1791428999.5132024,0.5695,0.7006,0.6350,0.7006,0.2991,0.7538,0.6350,0.6350,0.4998,0.7006,0.5695,0.5695,0.6350,0.0246,0.0410,0.0737,0.0737,0.6690,0.8150,0.6420,0.1460,-0.1730,43.36,-20.50,148.7,157.0,1.156,0.154,1.710
1791428999.5549686,0.4998,0.7006,0.5695,0.4998,0.4302,0.6350,0.7538,0.4998,0.7006,0.6350,0.4998,0.5695,0.6350,0.0164,0.0164,0.0737,0.0737,0.6740,0.8125,0.6380,0.1385,-0.1745,43.17,-20.24,148.2,157.3,1.249,0.153,1.811
1791428999.5871692,0.5695,0.7006,0.8440,0.4998,0.4302,0.7006,0.7538,0.5695,0.5695,0.6350,0.4998,0.3646,0.5695,0.0246,0.0369,0.0369,0.0369,0.6710,0.8180,,0.1470,,43.20,-20.49,147.3,156.8,1.142,0.154,1.703
1791428999.6178064,0.6350,0.7538,0.5695,0.5695,0.4302,0.7006,0.5695,0.7538,0.7006,0.4302,0.2458,0.5695,0.7006,0.0369,0.0410,0.0410,0.0574,0.6730,0.8145,0.6330,0.1415,-0.1815,43.31,-20.56,147.7,156.5,1.193,0.153,1.762
1791428999.6491954,0.7006,0.7538,0.4302,0.6350,0.4302,0.7538,0.5695,0.7006,0.5695,0.4998,0.5695,0.5695,0.6350,0.0369,0.0410,0.0574,0.0737,0.6730,0.8160,0.6380,0.1430,-0.1780,43.26,-20.42,147.4,157.1,1.232,0.153,1.776
1791428999.6810298,0.7538,0.5695,0.6350,0.6350,0.5695,0.5695,0.6350,0.3646,0.8440,0.5695,0.1557,0.3646,0.5695,0.0123,0.0410,0.0942,0.0942,0.6680,0.7970,,0.1290,,43.42,-20.48,139.4,156.1,1.056,0.149,1.503
1791428999.7135818,0.6350,0.6350,0.4302,0.7006,0.4302,0.7006,0.4998,0.7006,0.5695,0.5695,0.3646,0.7006,0.4302,0.0369,0.0246,0.0737,0.0574,0.6660,0.8200,,0.1540,,44.22,-20.82,141.5,156.5,1.122,0.147,1.668
1791428999.746717,0.7006,0.5695,0.7006,0.4998,0.6350,0.7538,0.7538,0.5695,0.7006,0.3646,0.5695,0.7538,0.5695,0.0369,0.0410,0.0369,0.0369,0.6670,0.8095,0.6380,0.1425,-0.1715,43.40,-20.75,142.8,156.4,1.147,0.151,1.749
1791428999.7798471,0.9054,0.6350,0.5695,0.5695,0.5695,0.4302,0.6350,0.5695,0.5695,0.4302,0.5695,0.5695,0.5695,0.0164,0.0246,0.0369,0.0574,0.6730,0.8195,0.6390,0.1465,-0.1805,44.06,-21.08,144.4,156.7,1.093,0.149,1.619
1791428999.8136039,0.4998,0.7006,0.4998,0.5695,0.5695,0.7538,0.7006,0.8030,0.6350,0.2991,0.1557,0.5695,0.7006,0.0246,0.0410,0.0574,0.0410,0.6730,0.8105,0.6330,0.1375,-0.1775,43.58,-21.15,144.7,155.6,1.130,0.150,
1791428999.8547454,0.5695,0.4302,0.4998,0.6350,0.4998,0.4998,0.7006,0.7006,0.7006,0.7006,0.3646,0.6350,0.5695,0.0164,0.0737,0.0737,0.0574,0.6660,0.8150,0.6370,0.1490,-0.1780,43.41,-20.71,145.6,156.1,1.284,0.152,1.841
1791428999.88781,0.8030,0.6350,0.5695,0.4998,0.5695,0.7006,0.7006,0.5695,0.6350,0.4998,0.4998,0.6350,0.5695,0.0123,0.0410,0.0410,0.0574,0.6620,0.8130,0.6350,0.1510,-0.1780,43.57,-20.90,145.8,156.0,1.117,0.153,1.673
1791428999.9178252,0.5695,0.7538,0.6350,0.5695,0.4998,0.7538,0.8440,0.8030,0.5695,0.5695,0.1966,0.7006,0.6350,0.0164,0.0246,0.1229,0.0737,0.6700,0.8125,0.6380,0.1425,-0.1745,43.95,-21.14,145.8,156.0,1.071,0.150,1.590
1791428999.9504912,0.4302,0.7538,0.4998,0.7006,0.5695,0.8030,0.8030,0.8030,0.6350,0.5695,0.2991,0.6350,0.6350,0.0205,0.0164,0.0369,0.0737,0.6690,0.8135,0.6400,0.1445,-0.1735,43.52,-20.86,145.7,155.6,1.205,0.152,1.803
1791428999.9804091,0.7006,0.7538,0.7006,0.6350,0.5695,0.5695,0.7538,0.7006,0.5695,0.6350,0.4998,0.6350,0.6350,0.0369,0.0246,0.0574,0.0574,0.6680,0.8110,0.6390,0.1430,-0.1720,43.75,-20.79,145.9,155.8,1.151,0.151,1.660
1791429000.0142214,0.4998,0.6350,0.4998,0.4998,0.4998,0.6350,0.5695,0.7006,0.4302,0.4998,0.5695,0.5695,0.5695,0.0164,0.0246,0.0369,0.0574,0.6660,0.8140,0.6360,0.1480,-0.1780,43.58,-20.54,145.2,156.2,1.247,0.152,1.766
1791429000.0475814,0.4998,0.7538,0.5695,0.5695,0.4998,0.4998,0.5695,0.5695,0.7538,0.2458,0.4302,0.6350,0.6350,0.0369,0.0164,0.0737,0.0574,0.6700,0.8165,0.6380,0.1465,-0.1785,43.66,-20.24,145.2,156.4,1.287,0.152,1.852
1791429000.0807464,0.7006,0.7538,0.6350,0.5695,0.4302,0.4998,0.6350,0.7006,0.7006,0.2458,0.4998,0.6350,0.6350,0.0164,0.0369,0.0574,0.0369,0.6700,0.8175,0.6320,0.1475,-0.1855,43.83,-20.36,144.9,156.3,1.219,0.152,1.783
1791429000.122552,0.5695,0.6350,0.5695,0.7006,0.4998,0.6350,0.7538,0.6350,0.5695,0.2458,0.6350,0.5695,0.4302,0.0369,0.0246,0.0737,0.0737,0.6660,0.8170,,0.1510,,44.14,-20.50,144.9,155.4,1.171,0.151,1.747
1791429000.1549318,0.4998,0.7006,0.6350,0.6350,0.4302,0.4998,0.6350,0.7006,0.6350,0.5695,0.4998,0.5695,0.5695,0.0205,0.0369,0.0410,0.0574,0.6680,0.8130,0.6360,0.1450,-0.1770,44.27,-20.39,145.0,155.8,1.219,0.150,1.717
1791429000.186348,0.6350,0.7538,0.5695,0.4998,0.4998,0.7006,0.7538,0.7538,0.5695,0.5695,0.2991,0.3646,0.4302,0.0205,0.0410,0.0942,0.0369,0.6730,0.8165,,0.1435,,44.13,-20.63,144.9,156.1,1.137,0.150,1.691
1791429000.21739,0.4302,0.7006,0.4998,0.6350,0.4302,0.6350,0.6350,0.7006,0.5695,0.5695,0.7006,0.5695,0.6350,0.0164,0.0123,0.0737,0.0574,0.6660,0.8200,0.6350,0.1540,-0.1850,44.60,-20.81,144.2,156.5,1.171,0.150,1.659
1791429000.2481828,0.7006,0.8440,0.6350,0.5695,0.4998,0.7006,0.7006,0.5695,0.6350,0.5695,0.6350,0.5695,0.7006,0.0123,0.0369,0.0410,0.0410,0.6680,0.8095,0.6330,0.1415,-0.1765,44.26,-20.81,145.0,156.9,1.162,0.150,1.719
1791429000.2799752,0.8030,0.4998,0.7006,0.5695,0.6350,0.7006,0.7006,0.7538,0.7006,0.3646,0.4302,0.4998,0.6350,0.0246,0.0205,0.0574,0.0369,0.6690,0.8175,,0.1485,,44.26,-20.87,145.8,157.2,1.178,0.151,1.755
1791429000.314138,0.8030,0.6350,0.4998,0.5695,0.4302,0.6350,0.7006,0.6350,0.7006,0.6350,0.2991,0.6350,0.5695,0.0246,0.0410,0.0369,0.0410,0.6670,0.8135,0.6370,0.1465,-0.1765,44.27,-20.84,145.0,157.1,1.166,0.151,1.686
1791429000.347231,0.5695,0.5695,0.5695,0.5695,0.3646,0.6350,0.7538,0.7006,0.6350,0.2991,0.4998,0.5695,0.5695,0.0369,0.0410,0.0942,0.0737,0.6740,0.8155,0.6430,0.1415,-0.1725,43.67,-20.25,144.9,157.7,1.319,0.153,1.981
1791429000.3810296,0.7538,0.5695,0.7538,0.6350,0.4302,0.5695,0.6350,0.7006,0.7006,0.1966,0.6350,0.5695,0.4998,0.0123,0.0369,0.0369,0.0410,0.6740,0.8120,,0.1380,,43.66,-20.40,143.8,157.3,1.137,0.151,1.696
1791429000.4234426,0.6350,0.8030,0.7006,0.7006,0.4998,0.7538,0.7006,0.7538,0.7538,0.2991,0.3646,0.5695,0.6350,0.0246,0.0410,0.0737,0.0574,0.6700,0.8105,0.6320,0.1405,-0.1785,43.26,-20.50,143.6,157.5,1.167,0.152,1.751
1791429000.4550166,0.5695,0.5695,0.5695,0.6350,0.4998,0.5695,0.8030,0.6350,0.5695,0.3646,0.5695,0.5695,0.7006,0.0246,0.0369,0.0574,0.0369,0.6740,0.8215,0.6320,0.1475,-0.1895,44.45,-21.14,143.3,156.7,1.068,0.147,1.557
1791429000.4859715,0.4302,0.7006,0.4302,0.5695,0.6350,0.6350,0.5695,0.4998,0.5695,0.4998,0.4998,0.7006,0.5695,0.0123,0.0369,0.0574,0.0737,0.6730,0.8135,0.6420,0.1405,-0.1715,44.30,-21.02,142.8,156.6,1.147,0.147,1.679
1791429000.5169685,0.8030,0.4998,0.7006,0.5695,0.4302,0.7538,0.5695,0.7006,0.6350,0.6350,0.4302,0.4302,0.4998,0.0205,0.0205,0.0942,0.0574,0.6680,0.8205,,0.1525,,44.74,-21.06,144.7,156.9,1.182,0.147,1.733
1791429000.5477893,0.7006,0.7538,0.8030,0.5695,0.6350,0.7538,0.6350,0.7538,0.4998,0.2458,0.4998,0.6350,0.6350,0.0369,0.0369,0.0574,0.0942,0.6730,0.8170,0.6330,0.1440,-0.1840,44.70,-21.32,144.7,156.7,1.117,0.147,1.703
1791429000.581095,0.7006,0.5695,0.4302,0.7006,0.4998,0.5695,0.7006,0.7538,0.7006,0.5695,0.6350,0.4998,0.6350,0.0123,0.0205,0.0942,0.0942,0.6740,0.8110,,0.1370,,44.26,-21.16,145.6,157.0,1.167,0.147,1.713
1791429000.6151748,0.5695,0.7538,0.7006,0.4998,0.4998,0.4302,0.7538,0.7006,0.7538,0.5695,0.4302,0.6350,0.5695,0.0369,0.0369,0.0574,0.0574,0.6700,0.8145,0.6320,0.1445,-0.1825,44.67,-20.98,144.9,156.7,1.234,0.145,1.765
1791429000.6474884,0.6350,0.7538,0.7006,0.6350,0.4302,0.6350,0.7006,0.7006,0.5695,0.2458,0.4302,0.4302,0.4302,0.0369,0.0410,0.0942,0.0410,0.6700,0.8155,,0.1455,,44.62,-21.11,144.3,156.5,1.137,0.146,1.710
1791429000.6815853,0.7006,0.7006,0.7006,0.6350,0.4302,0.7006,0.6350,0.5695,0.7006,0.5695,0.2991,0.7006,0.6350,0.0246,0.0164,0.0574,0.0737,0.6690,0.8065,0.6360,0.1375,-0.1705,43.65,-20.82,144.5,156.6,1.192,0.150,1.767
1791429000.7234497,0.5695,0.5695,0.5695,0.5695,0.4302,0.7006,0.6350,0.7538,0.4998,0.4302,0.4998,0.4998,0.4998,0.0246,0.0369,0.0574,0.0369,0.6680,0.8170,,0.1490,,44.20,-21.04,144.7,156.3,1.126,0.148,1.619
1791429000.754357,0.6350,0.8440,0.6350,0.4998,0.6350,0.4998,0.6350,0.4302,0.6350,0.5695,0.6350,0.6350,0.6350,0.0123,0.0574,0.0574,0.0574,0.6660,0.8145,0.6320,0.1485,-0.1825,44.19,-20.86,145.8,156.7,1.242,0.149,1.790
1791429000.7864249,0.7006,0.7538,0.7538,0.5695,0.6350,0.6350,0.6350,0.4302,0.7006,0.3646,0.4998,0.1966,0.1966,0.0164,0.0205,0.0942,0.0410,0.6700,0.8165,,0.1465,,44.54,-21.15,145.4,156.4,,0.148,1.598
1791429000.819128,0.6350,0.7006,0.2458,0.4998,0.5695,0.6350,0.7538,0.7006,0.5695,0.7006,0.3646,0.5695,0.4302,0.0574,0.0369,0.0574,0.0410,0.6730,0.8145,,0.1415,,44.29,-21.28,146.2,156.4,1.122,0.148,1.700
1791429000.8502398,0.5695,0.6350,0.3646,0.6350,0.4998,0.7538,0.7538,0.7538,0.7006,0.5695,0.2458,0.4302,0.4302,0.0123,0.0123,0.0369,0.0942,0.6710,0.8190,,0.1480,,45.36,-21.60,146.5,156.3,1.090,0.143,1.544
1791429000.88129,0.6350,0.8030,0.8030,0.6350,0.2991,0.4302,0.5695,0.6350,0.6350,0.4998,0.3646,0.6350,0.6350,0.0369,0.0369,0.0369,0.0737,0.6740,0.8110,0.6320,0.1370,-0.1790,44.77,-21.36,146.4,156.3,1.198,0.145,1.743
1791429000.9149952,0.6350,0.7538,0.5695,0.7538,0.4302,0.7006,0.8440,0.6350,0.7538,0.5695,0.1557,0.6350,0.6350,0.0164,0.0410,0.0737,0.0410,0.6690,0.8190,0.6320,0.1500,-0.1870,45.01,-21.38,146.6,156.6,1.192,0.145,1.715
1791429000.9470868,0.6350,0.6350,0.8440,0.7006,0.5695,0.5695,0.7006,0.4998,0.5695,0.5695,0.4302,0.4998,0.5695,0.0205,0.0410,0.0737,0.0737,0.6740,0.8160,,0.1420,,45.05,-21.30,147.4,156.9,1.187,0.144,1.690
1791429000.9808068,0.7006,0.7006,0.4302,0.4998,0.4302,0.5695,0.7006,0.7006,0.7538,0.5695,0.4998,0.6350,0.4998,0.0164,0.0410,0.0942,0.0574,0.6690,0.8140,,0.1450,,44.81,-21.59,146.8,156.8,1.071,0.145,1.624
1791429001.0145445,0.6350,0.8030,0.5695,0.4998,0.6350,0.5695,0.5695,0.6350,0.6350,0.5695,0.1557,0.6350,0.5695,0.0164,0.0737,0.0737,0.0737,0.6690,0.8150,0.6320,0.1460,-0.1830,44.82,-21.90,147.0,156.5,1.067,0.146,1.598
1791429001.0553129,0.7006,0.6350,0.6350,0.4998,0.4998,0.5695,0.5695,0.7006,0.7006,0.4302,0.4302,0.7538,0.7006,0.0205,0.0410,0.0574,0.0574,0.6730,0.8150,0.6370,0.1420,-0.1780,44.67,-21.68,145.9,156.6,1.171,0.146,1.714
1791429001.0863974,0.7006,0.7538,0.7006,0.5695,0.6350,0.5695,0.6350,0.7538,0.7006,0.7006,0.4998,0.4998,0.5695,0.0123,0.0205,0.0369,0.0737,0.6760,0.8180,,0.1420,,44.54,-21.69,146.6,156.1,1.152,0.146,1.698
1791429001.1191058,0.7006,0.7538,0.5695,0.7006,0.4302,0.5695,0.6350,0.8440,0.7006,0.5695,0.2991,0.6350,0.4998,0.0164,0.0410,0.0737,0.0574,0.6720,0.8175,,0.1455,,44.44,-21.78,147.2,155.5,1.127,0.147,1.678
1791429001.150952,0.5695,0.7538,0.5695,0.5695,0.4302,0.5695,0.6350,0.7006,0.7006,0.5695,0.2991,0.6350,0.5695,0.0369,0.0205,0.0737,0.0737,0.6760,0.8185,0.6390,0.1425,-0.1795,44.46,-21.70,147.1,154.8,1.146,0.147,1.695
1791429001.181467,0.7538,0.7538,0.6350,0.6350,0.5695,0.7538,0.6350,0.7538,0.6350,0.5695,0.2991,0.6350,0.6350,0.0123,0.0205,0.0410,0.0410,0.6720,0.8200,0.6360,0.1480,-0.1840,44.86,-21.73,145.8,154.8,1.147,0.145,1.677
1791429001.2149842,0.2991,0.7538,0.4998,0.5695,0.2991,0.8030,0.6350,0.7006,0.5695,0.4302,0.3646,0.6350,0.7006,0.0205,0.0410,0.0574,0.0737,,0.8145,0.6360,,-0.1785,44.86,-21.73,146.5,154.9,1.117,0.145,
1791429001.2486787,0.8030,0.4998,0.7006,0.6350,0.4998,0.7006,0.6350,0.7538,0.7006,0.1966,0.4302,0.4998,0.5695,0.0369,0.0246,0.0737,0.0574,0.6740,0.8175,,0.1435,,44.33,-21.68,146.0,155.5,1.157,0.148,1.773
1791429001.281268,0.8030,0.7006,0.5695,0.4998,0.5695,0.7538,0.7538,0.6350,0.5695,0.2458,0.6350,0.4998,0.4998,0.0369,0.0410,0.0574,0.0574,0.6730,0.8205,,0.1475,,44.77,-21.89,145.3,155.6,1.106,0.146,1.660
1791429001.3150887,0.7006,0.8030,0.7006,0.5695,0.4998,0.6350,0.4998,0.7006,0.7006,0.7006,0.2991,0.6350,0.6350,0.0123,0.0410,0.0574,0.0369,0.6730,0.8175,0.6370,0.1445,-0.1805,44.42,-21.30,145.1,155.6,1.295,0.148,1.852
1791429001.3571103,0.7538,0.5695,0.7538,0.5695,0.4302,0.8440,0.7538,0.5695,0.7538,0.6350,0.1966,0.5695,0.6350,0.0123,0.0246,0.0574,0.0369,0.6700,0.8140,0.6430,0.1440,-0.1710,44.60,-20.91,145.9,155.7,1.215,0.147,1.754
1791429001.3879642,0.3646,0.7006,0.4998,0.4998,0.4998,0.5695,0.8030,0.5695,0.5695,0.5695,0.2991,0.4302,0.5695,0.0369,0.0205,0.0574,0.0369,0.6650,0.8115,,0.1465,,43.67,-20.83,145.1,155.9,1.167,0.152,1.776
1791429001.4201128,0.5695,0.4998,0.7006,0.4302,0.4998,0.6350,0.7538,0.6350,0.7538,0.3646,0.4302,0.4998,0.6350,0.0164,0.0205,0.0410,0.0574,0.6690,0.8180,,0.1490,,44.19,-21.03,145.6,156.0,1.127,0.150,1.646
1791429001.4516447,0.6350,0.6350,0.6350,0.7006,0.4998,0.7006,0.6350,0.7006,0.5695,0.2991,0.3646,0.5695,0.4302,0.0369,0.0410,0.0737,0.0737,0.6680,0.8185,,0.1505,,44.39,-21.20,145.5,156.5,1.127,0.150,1.780
1791429001.4833143,0.8030,0.7538,0.6350,0.5695,0.5695,0.7006,0.6350,0.5695,0.8440,0.4998,0.4302,0.6350,0.6350,0.0369,0.0246,0.0574,0.0410,0.6690,0.8100,0.6400,0.1410,-0.1700,44.08,-21.18,145.7,155.8,1.102,0.150,1.642
1791429001.5149732,0.3646,0.4998,0.4998,0.5695,0.5695,0.7006,0.6350,0.7006,0.4998,0.2991,0.2991,0.4302,0.4998,0.0369,0.0574,0.0942,0.0574,0.6730,0.8125,,0.1395,,43.95,-21.05,145.9,155.9,1.166,0.150,
1791429001.5484667,0.7006,0.6350,0.5695,0.6350,0.3646,0.6350,0.6350,0.6350,0.7006,0.3646,0.4998,0.4998,0.5695,0.0123,0.0574,0.0574,0.0369,0.6680,0.8170,,0.1490,,44.60,-21.37,145.7,155.9,1.071,0.147,1.593
1791429001.5824525,0.7006,0.8030,0.4302,0.6350,0.4998,0.7006,0.6350,0.4998,0.6350,0.4302,0.4302,0.5695,0.5695,0.0164,0.0246,0.0942,0.0410,0.6680,0.8170,0.6360,0.1490,-0.1810,44.86,-21.39,146.2,155.5,1.152,0.147,1.662
1791429001.6156135,0.8030,0.7006,0.5695,0.4302,0.4302,0.7538,0.6350,0.7006,0.7006,0.4998,0.4998,0.4998,0.5695,0.0369,0.0942,0.0737,0.0942,0.6690,0.8175,,0.1485,,45.14,-21.53,145.7,155.1,1.108,0.146,1.632
1791429001.6493404,0.6350,0.7006,0.5695,0.7006,0.7006,0.7538,0.6350,0.5695,0.4998,0.4998,0.4302,0.2991,0.3646,0.0369,0.0574,0.0574,0.0574,0.6680,0.8155,,0.1475,,45.19,-21.46,146.6,155.5,,0.146,1.691
1791429001.6892598,0.5695,0.7006,0.6350,0.7006,0.6350,0.7006,0.8030,0.7006,0.7538,0.6350,0.4302,0.4998,0.5695,0.0123,0.0164,0.0574,0.0942,0.6680,0.8135,,0.1455,,44.84,-21.25,145.8,155.7,1.182,0.147,1.742
1791429001.722167,0.5695,0.7538,0.4302,0.4998,0.4302,0.4302,0.7006,0.5695,0.7006,0.4302,0.4998,0.6350,0.5695,0.0246,0.0737,0.0942,0.0737,0.6660,0.8200,0.6420,0.1540,-0.1780,45.49,-21.28,147.2,155.3,1.137,0.145,1.643
1791429001.7528477,0.7538,0.6350,0.6350,0.4998,0.5695,0.5695,0.6350,0.4998,0.7538,0.3646,0.5695,0.6350,0.6350,0.0369,0.0410,0.0574,0.0369,0.6730,0.8190,0.6380,0.1460,-0.1810,45.51,-21.30,148.4,155.4,1.156,0.145,1.696
1791429001.784376,0.4302,0.7538,0.7538,0.5695,0.7538,0.8440,0.5695,0.7538,0.7006,0.4998,0.4302,0.3646,0.3646,0.0164,0.0410,0.0737,0.0369,0.6750,0.8165,,0.1415,,45.32,-21.50,148.2,154.2,1.084,0.145,1.631
1791429001.8166015,0.8030,0.6350,0.5695,0.4998,0.5695,0.5695,0.5695,0.6350,0.4998,0.7006,0.3646,0.5695,0.5695,0.0369,0.0369,0.0737,0.0942,0.6630,0.8140,0.6330,0.1510,-0.1810,44.96,-21.26,147.2,155.0,1.219,0.148,1.772
1791429001.8490608,0.8030,0.7006,0.6350,0.6350,0.4302,0.5695,0.7538,0.7006,0.5695,0.5695,0.4302,0.6350,0.6350,0.0164,0.0369,0.0574,0.0369,0.6720,0.8185,0.6400,0.1465,-0.1785,44.95,-21.11,145.9,155.6,1.191,0.147,1.713
1791429001.8830547,0.4302,0.7006,0.4998,0.5695,0.5695,0.5695,0.5695,0.7538,0.7006,0.3646,0.5695,0.4998,0.3646,0.0246,0.0246,0.0737,0.0737,0.6730,0.8145,,0.1415,,45.00,-21.15,146.0,156.0,1.132,0.146,1.661
1791429001.9153175,0.4998,0.7006,0.7006,0.4998,0.6350,0.5695,0.7006,0.6350,0.7006,0.1966,0.5695,0.5695,0.6350,0.0205,0.0369,0.0574,0.0410,0.6740,0.8090,0.6370,0.1350,-0.1720,44.08,-20.88,144.7,155.9,1.194,0.149,1.786
1791429001.9493837,0.4302,0.8440,0.5695,0.4302,0.7538,0.5695,0.6350,0.7006,0.5695,0.3646,0.5695,0.6350,0.4998,0.0205,0.0410,0.0574,0.0410,0.6730,0.8150,,0.1420,,44.18,-20.76,144.2,156.3,1.199,0.148,1.732
1791429001.9911058,0.5695,0.8440,0.5695,0.6350,0.4998,0.7006,0.8440,0.7006,0.7006,0.6350,0.6350,0.6350,0.6350,0.0164,0.0369,0.0737,0.0574,0.6690,0.8165,0.6320,0.1475,-0.1845,44.29,-20.99,144.6,155.9,1.146,0.148,1.682
1791429002.0236714,0.5695,0.7006,0.6350,0.7006,0.4302,0.5695,0.5695,0.7006,0.5695,0.2991,0.4302,0.4998,0.5695,0.0205,0.0410,0.0737,0.0369,0.6650,0.8160,,0.1510,,44.66,-21.26,145.2,155.4,1.090,0.147,1.660
1791429002.0544133,0.5695,0.7006,0.8030,0.4998,0.4302,0.7006,0.5695,0.4998,0.7538,0.4998,0.1966,0.5695,0.6350,0.0123,0.0574,0.0574,0.0737,0.6710,0.8110,0.6380,0.1400,-0.1730,43.37,-20.68,145.2,155.4,1.287,0.153,1.933
1791429002.0858285,0.4998,0.7006,0.7006,0.5695,0.4998,0.7538,0.7006,0.7538,0.6350,0.1966,0.2458,0.6350,0.4998,0.0246,0.0164,0.0574,0.0410,0.6720,0.8220,,0.1500,,44.34,-21.19,145.2,155.9,1.072,0.149,
1791429002.117519,0.5695,0.8030,0.4998,0.5695,0.4998,0.6350,0.7538,0.7538,0.8030,0.2458,0.3646,0.7006,0.6350,0.0369,0.0369,0.0574,0.0574,0.6680,0.8120,0.6400,0.1440,-0.1720,43.92,-20.82,145.0,156.3,1.219,0.151,1.801
1791429002.149404,0.5695,0.8440,0.7006,0.4302,0.4302,0.4302,0.5695,0.7006,0.6350,0.4302,0.5695,0.5695,0.4302,0.0246,0.0369,0.0574,0.0737,0.6700,0.8195,,0.1495,,44.73,-21.11,144.3,156.0,1.108,0.147,1.565
1791429002.1827908,0.4302,0.7538,0.5695,0.6350,0.4302,0.6350,0.6350,0.7006,0.8030,0.6350,0.4998,0.6350,0.5695,0.0164,0.0574,0.0942,0.0574,0.6710,0.8115,0.6400,0.1405,-0.1715,44.21,-21.17,144.6,156.3,1.092,0.149,1.652
1791429002.2162554,0.3646,0.8440,0.7006,0.7006,0.5695,0.5695,0.4998,0.8030,0.4302,0.5695,0.7006,0.4302,0.6350,0.0123,0.0410,0.0246,0.0410,0.6740,0.8140,,0.1400,,43.39,-20.93,144.4,156.7,1.210,0.152,1.818
1791429002.2494755,0.5695,0.8030,0.5695,0.6350,0.4302,0.4998,0.7538,0.6350,0.7006,0.1966,0.5695,0.5695,0.6350,0.0164,0.0410,0.0942,0.1229,0.6710,0.8075,0.6420,0.1365,-0.1655,42.59,-20.58,143.3,156.5,1.187,0.155,1.789
1791429002.2837863,0.4302,0.6350,0.6350,0.5695,0.4998,0.5695,0.6350,0.7006,0.7006,0.3646,0.3646,0.6350,0.4998,0.0164,0.0574,0.0942,0.0574,0.6710,0.8170,,0.1460,,42.81,-20.63,144.8,156.0,1.172,0.155,1.715
1791429002.323374,0.4302,0.6350,0.6350,0.5695,0.6350,0.8030,0.6350,0.6350,0.7006,0.6350,0.4302,0.6350,0.6350,0.0369,0.0205,0.0737,0.0574,0.6690,0.8125,0.6370,0.1435,-0.1755,42.67,-20.25,145.9,156.4,1.284,0.155,1.870
1791429002.355389,0.3646,0.7006,0.5695,0.6350,0.4998,0.6350,0.8030,0.5695,0.8030,0.2458,0.3646,0.5695,0.6350,0.0164,0.0410,0.0574,0.0574,0.6670,0.8135,0.6360,0.1465,-0.1775,42.91,-20.38,145.1,155.3,1.161,0.155,1.693
1791429002.3866646,0.7538,0.7538,0.4302,0.6350,0.6350,0.7006,0.7006,0.6350,0.6350,0.6350,0.4998,0.5695,0.5695,0.0369,0.0410,0.0737,0.0369,0.6660,0.8190,0.6340,0.1530,-0.1850,43.12,-20.66,146.1,155.8,1.157,0.156,1.682
1791429002.4185028,0.7538,0.7538,0.7006,0.7006,0.4998,0.7538,0.6350,0.7538,0.6350,0.4302,0.2991,0.6350,0.6350,0.0164,0.0369,0.0410,0.0574,0.6720,0.8095,0.6360,0.1375,-0.1735,42.91,-20.88,145.0,155.6,1.084,0.155,1.628
1791429002.4496732,0.4302,0.8030,0.4302,0.6350,0.4302,0.5695,0.5695,0.8440,0.6350,0.5695,0.4998,0.5695,0.4998,0.0369,0.0369,0.0942,0.0369,0.6690,0.8140,,0.1450,,42.86,-20.72,144.9,155.8,1.211,0.155,1.782
1791429002.4827228,0.4302,0.5695,0.7538,0.5695,0.3646,0.7538,0.7006,0.5695,0.7006,0.3646,0.3646,0.4998,0.5695,0.0205,0.0410,0.0410,0.0574,0.6670,0.8085,,0.1415,,42.54,-20.53,145.1,155.7,1.193,0.157,1.742
1791429002.5164938,0.5695,0.7538,0.5695,0.5695,0.4302,0.7006,0.7006,0.6350,0.7006,0.4998,0.5695,0.6350,0.6350,0.0205,0.0410,0.0574,0.0737,0.6670,0.8180,0.6400,0.1510,-0.1780,43.06,-20.43,144.4,156.3,1.219,0.155,1.746
1791429002.5495384,0.4998,0.7006,0.4302,0.6350,0.4302,0.6350,0.7538,0.7006,0.6350,0.4302,0.6350,0.7006,0.5695,0.0246,0.0246,0.0737,0.0737,0.6690,0.8135,0.6420,0.1445,-0.1715,43.07,-20.01,145.3,157.0,1.284,0.155,1.843
1791429002.584139,0.7006,0.7006,0.4998,0.6350,0.5695,0.5695,0.7006,0.7006,0.7538,0.2991,0.1966,0.5695,0.5695,0.0164,0.0246,0.0942,0.0410,0.6670,0.8140,0.6400,0.1470,-0.1740,43.25,-20.00,146.1,156.7,1.199,0.155,
1791429002.6243136,0.7006,0.8440,0.7006,0.8030,0.4998,0.7006,0.4302,0.6350,0.7006,0.7006,0.4302,0.5695,0.4998,0.0164,0.0369,0.0574,0.0574,0.6730,0.8170,,0.1440,,43.09,-20.39,145.8,155.4,1.098,0.155,1.666
1791429002.6562693,0.5695,0.6350,0.6350,0.6350,0.4998,0.6350,0.8030,0.7006,0.5695,0.5695,0.4998,0.7006,0.5695,0.0164,0.0123,0.1557,0.0369,0.6680,0.8085,0.6390,0.1405,-0.1695,42.46,-20.20,145.2,155.9,1.199,0.158,1.796
1791429002.6879911,0.7538,0.7006,0.7006,0.5695,0.3646,0.5695,0.5695,0.5695,0.5695,0.2991,0.2458,0.4302,0.6350,0.0246,0.0164,0.0737,0.0574,0.6730,0.8080,,0.1350,,41.73,-20.08,144.5,156.0,1.189,0.160,
1791429002.719767,0.5695,0.5695,0.7006,0.4302,0.4302,0.5695,0.7006,0.7538,0.7006,0.1557,0.5695,0.4998,0.5695,0.0410,0.0369,0.0737,0.0369,0.6730,0.8125,,0.1395,,41.97,-20.14,145.1,156.5,1.167,0.158,1.718
1791429002.7506154,0.3646,0.7538,0.6350,0.6350,0.5695,0.6350,0.7538,0.6350,0.6350,0.4998,0.2991,0.5695,0.5695,0.0369,0.0205,0.1229,0.0369,0.6680,0.8185,0.6370,0.1505,-0.1815,42.54,-20.38,145.2,156.8,1.162,0.156,1.738
1791429002.7827575,0.4998,0.8767,0.4998,0.7006,0.4302,0.5695,0.5695,0.7006,0.5695,0.5695,0.2458,0.5695,0.6350,0.0246,0.0369,0.0369,0.0737,0.6680,0.8115,0.6360,0.1435,-0.1755,42.62,-20.34,144.9,157.0,1.192,0.156,1.751
1791429002.8160055,0.5695,0.4998,0.8440,0.6350,0.4998,0.6350,0.7006,0.7538,0.7006,0.4998,0.4998,0.5695,0.6350,0.0164,0.0737,0.0574,0.0574,0.6710,0.8170,0.6380,0.1460,-0.1790,42.88,-20.45,144.3,156.7,1.172,0.155,1.736
1791429002.849816,0.7538,0.7538,0.6350,0.6350,0.3646,0.6350,0.7006,0.4998,0.6350,0.7006,0.2991,0.6350,0.5695,0.0246,0.0574,0.1229,0.0574,0.6710,0.8155,0.6430,0.1445,-0.1725,43.10,-20.63,145.8,156.5,1.103,0.154,1.659
1791429002.8826926,0.5695,0.8030,0.4998,0.7006,0.5695,0.7006,0.7538,0.7006,0.8030,0.4302,0.3646,0.6350,0.4998,0.0123,0.0369,0.0737,0.0574,0.6740,0.8175,,0.1435,,43.33,-20.93,146.1,155.4,1.094,0.153,1.637
1791429002.9242263,0.7538,0.7006,0.4302,0.4302,0.3646,0.5695,0.6350,0.6350,0.7538,0.7006,0.6350,0.5695,0.5695,0.0205,0.0164,0.0369,0.0410,0.6620,0.8025,0.6380,0.1405,-0.1645,43.71,-20.80,137.0,155.2,1.113,0.150,1.584
1791429002.957265,0.4998,0.8030,0.7538,0.5695,0.4998,0.7006,0.7006,0.7006,0.7006,0.7006,0.4998,0.6350,0.5695,0.0164,0.0410,0.0574,0.0574,0.6710,0.8095,0.6320,0.1385,-0.1775,42.57,-20.60,138.1,155.8,1.228,0.155,1.864
1791429002.987858,0.7538,0.7006,0.4998,0.4998,0.4302,0.5695,0.6350,0.7538,0.6350,0.7006,0.2458,0.5695,0.6350,0.0369,0.0369,0.0737,0.0574,0.6710,0.8160,0.6420,0.1450,-0.1740,43.31,-21.03,140.4,155.2,1.030,0.152,1.549
1791429003.0199053,0.8030,0.6350,0.7538,0.4998,0.3646,0.5695,0.5695,0.8440,0.7538,0.4302,0.4302,0.5695,0.5695,0.0369,0.0574,0.0574,0.0574,0.6660,0.8105,0.6400,0.1445,-0.1705,42.88,-21.02,139.9,154.7,1.112,0.154,1.704
1791429003.0519319,0.2991,0.5695,0.7006,0.5695,0.4302,0.7006,0.6350,0.6350,0.7006,0.2458,0.5695,0.4998,0.5695,0.0246,0.0369,0.0737,0.0574,,0.8075,,,,42.88,-21.02,140.2,155.1,1.161,0.154,
1791429003.083592,0.6350,0.7538,0.8030,0.6350,0.5695,0.7006,0.8440,0.6350,0.7538,0.2991,0.6350,0.6350,0.6350,0.0205,0.0205,0.0574,0.0369,0.6720,0.8115,0.6410,0.1395,-0.1705,42.75,-20.80,141.5,154.8,1.173,0.154,1.763
1791429003.1170359,0.7538,0.6350,0.4998,0.6350,0.4998,0.6350,0.7538,0.6350,0.7006,0.2991,0.2458,0.7006,0.5695,0.0164,0.0205,0.0369,0.0574,0.6680,0.8155,0.6420,0.1475,-0.1735,42.76,-20.96,141.5,154.0,1.094,0.155,
1791429003.15065,0.7006,0.7006,0.7006,0.7538,0.4302,0.7006,0.6350,0.7538,0.7006,0.6350,0.4998,0.5695,0.6350,0.0164,0.0123,0.0410,0.0737,0.6680,0.8150,0.6360,0.1470,-0.1790,43.36,-21.23,141.5,154.5,1.090,0.153,1.569
1791429003.1830297,0.7538,0.7006,0.7538,0.5695,0.5695,0.5695,0.7006,0.7538,0.7006,0.1966,0.4302,0.6350,0.6350,0.0369,0.0123,0.0574,0.0574,0.6630,0.8125,0.6320,0.1495,-0.1805,43.37,-21.35,141.4,154.8,1.127,0.154,1.700
1791429003.2258022,0.7006,0.7006,0.6350,0.5695,0.6350,0.7006,0.5695,0.6350,0.8440,0.6350,0.2991,0.7006,0.5695,0.0205,0.0410,0.0942,0.0369,0.6670,0.8135,0.6350,0.1465,-0.1785,43.40,-21.10,141.4,155.5,1.214,0.154,1.769
1791429003.2581203,0.4998,0.8030,0.6350,0.4998,0.3646,0.4998,0.7006,0.6350,0.7006,0.2991,0.2458,0.5695,0.6350,0.0246,0.0574,0.0410,0.0410,0.6670,0.8175,0.6380,0.1505,-0.1795,43.92,-21.32,141.7,155.0,1.099,0.152,
1791429003.289831,0.6350,0.8440,0.6350,0.7006,0.4998,0.6350,0.7538,0.6350,0.5695,0.7006,0.6350,0.5695,0.6350,0.0574,0.0410,0.0737,0.0574,0.6710,0.8095,0.6400,0.1385,-0.1695,43.14,-20.97,142.9,154.7,1.188,0.155,1.775
1791429003.3214235,0.3646,0.7538,0.4998,0.6350,0.4302,0.7006,0.7006,0.7006,0.5695,0.4302,0.4302,0.4998,0.4302,0.0369,0.0246,0.0574,0.0574,0.6660,0.8190,,0.1530,,43.71,-21.14,143.3,155.2,1.132,0.153,1.627
1791429003.3537555,0.4998,0.4302,0.4998,0.5695,0.2991,0.6350,0.5695,0.7006,0.8030,0.2991,0.5695,0.5695,0.7006,0.0369,0.0737,0.0737,0.0737,0.6710,0.8125,0.6350,0.1415,-0.1775,42.75,-20.76,144.0,155.9,1.263,0.157,1.900
1791429003.3841357,0.4302,0.7538,0.7538,0.4302,0.2991,0.7006,0.7538,0.7006,0.7538,0.3646,0.2458,0.6350,0.6350,0.0123,0.0369,0.0737,0.0574,0.6750,0.8125,0.6380,0.1375,-0.1745,42.95,-20.84,143.6,156.4,1.127,0.155,1.634
1791429003.417287,0.4998,0.8030,0.6350,0.6350,0.4302,0.6350,0.7006,0.8440,0.7538,0.4998,0.2458,0.4302,0.4302,0.0123,0.0574,0.0574,0.0737,0.6670,0.8200,,0.1530,,43.87,-21.24,144.1,155.9,1.080,0.152,1.634
1791429003.4518313,0.4302,0.4998,0.8440,0.5695,0.4302,0.6350,0.7006,0.7006,0.7538,0.1557,0.2458,0.5695,0.6350,0.0246,0.0205,0.0737,0.0942,0.6680,0.8175,0.6410,0.1495,-0.1765,44.58,-21.47,143.7,156.5,1.068,0.149,
1791429003.4836664,0.7538,0.7538,0.3646,0.5695,0.4998,0.5695,0.6350,0.7006,0.7538,0.6350,0.3646,0.6350,0.6350,0.0205,0.0123,0.0410,0.0410,0.6670,0.8140,0.6340,0.1470,-0.1800,43.96,-21.01,144.8,157.1,1.279,0.152,1.897
1791429003.5177927,0.6350,0.7006,0.5695,0.4998,0.4998,0.6350,0.7538,0.4998,0.6350,0.4998,0.4302,0.6350,0.6350,0.0246,0.0246,0.0737,0.0737,0.6670,0.8145,0.6320,0.1475,-0.1825,43.72,-20.82,145.9,156.8,1.247,0.153,1.814
1791429003.5589383,0.5695,0.4998,0.5695,0.5695,0.4302,0.5695,0.7006,0.7006,0.7006,0.6350,0.4998,0.4302,0.5695,0.0205,0.0410,0.0410,0.0942,0.6670,0.8135,,0.1465,,44.09,-21.10,145.1,156.0,1.080,0.151,1.624
1791429003.5919006,0.4998,0.6350,0.8030,0.7006,0.5695,0.4998,0.7538,0.7006,0.7006,0.6350,0.2458,0.6350,0.5695,0.0246,0.0205,0.0574,0.0737,0.6720,0.8195,0.6400,0.1475,-0.1795,44.63,-21.25,144.8,155.7,1.117,0.149,1.647
1791429003.6231146,0.6350,0.6350,0.8030,0.6350,0.4302,0.6350,0.7538,0.5695,0.4998,0.6350,0.6350,0.2991,0.4998,0.0246,0.0369,0.0410,0.0737,0.6660,0.8200,,0.1540,,45.07,-21.37,146.2,155.0,,0.148,1.682
1791429003.6543388,0.5695,0.6350,0.7006,0.5695,0.4998,0.5695,0.7006,0.4998,0.6350,0.5695,0.3646,0.6350,0.5695,0.0164,0.0369,0.0737,0.0574,0.6710,0.7985,0.6380,0.1275,-0.1605,44.99,-21.22,138.3,154.9,1.069,0.144,1.560
1791429003.6873133,0.7006,0.7538,0.5695,0.4998,0.4302,0.5695,0.6350,0.6350,0.7006,0.4998,0.4302,0.6350,0.5695,0.0205,0.0369,0.0574,0.0574,0.6660,0.8170,0.6320,0.1510,-0.1850,44.26,-20.89,140.2,155.5,1.290,0.149,1.900
1791429003.717952,0.7006,0.8030,0.3646,0.4302,0.4302,0.6350,0.7006,0.7006,0.6350,0.5695,0.4998,0.4302,0.5695,0.0164,0.0164,0.0574,0.0737,0.6700,0.8175,,0.1475,,44.25,-21.17,141.9,155.4,1.103,0.150,1.675
1791429003.750835,0.7006,0.8440,0.5695,0.6350,0.5695,0.7006,0.6350,0.4302,0.5695,0.3646,0.3646,0.4998,0.4302,0.0246,0.0246,0.0574,0.0574,0.6740,0.8100,,0.1360,,43.54,-20.97,142.9,155.3,1.182,0.151,1.753
1791429003.7839735,0.6350,0.8030,0.4998,0.5695,0.6350,0.6350,0.8440,0.5695,0.6350,0.6350,0.3646,0.4998,0.5695,0.0164,0.0410,0.0574,0.0410,0.6680,0.8145,,0.1465,,43.39,-21.08,142.9,154.9,1.132,0.153,1.703
1791429003.8185816,0.4302,0.7538,0.6350,0.5695,0.4998,0.6350,0.6350,0.7006,0.6350,0.7006,0.2458,0.6350,0.6350,0.0205,0.0410,0.0574,0.0410,0.6740,0.8125,0.6410,0.1385,-0.1715,43.12,-20.84,142.5,155.5,1.182,0.153,1.726
1791429003.8510914,0.5695,0.7538,0.5695,0.4998,0.4998,0.7538,0.7006,0.7006,0.7538,0.4998,0.4302,0.6350,0.6350,0.0369,0.0410,0.0942,0.1229,0.6720,0.8120,0.6320,0.1400,-0.1800,43.07,-20.93,143.4,155.2,1.157,0.153,1.700
1791429003.8852746,0.7006,0.7006,0.7006,0.4998,0.5695,0.6350,0.7006,0.4998,0.6350,0.4302,0.4998,0.6350,0.6350,0.0164,0.0205,0.1229,0.0410,0.6670,0.8160,0.6360,0.1490,-0.1800,43.39,-20.93,143.8,155.7,1.177,0.152,1.714
1791429003.92505,0.5695,0.7006,0.4998,0.5695,0.4998,0.6350,0.7538,0.5695,0.6350,0.4302,0.4998,0.4998,0.5695,0.0369,0.0410,0.0737,0.0410,0.6710,0.8155,,0.1445,,43.18,-20.84,145.1,156.0,1.198,0.153,1.754
1791429003.9576652,0.7006,0.6350,0.8030,0.6350,0.2991,0.6350,0.7006,0.7006,0.6350,0.4998,0.4302,0.6350,0.6350,0.0123,0.0369,0.0369,0.0574,0.6720,0.8145,0.6380,0.1425,-0.1765,43.92,-20.90,143.8,155.9,1.140,0.149,1.654
1791429003.9898849,0.6350,0.4998,0.7006,0.4998,0.7006,0.8030,0.8440,0.7538,0.6350,0.5695,0.5695,0.4302,0.4302,0.0164,0.0246,0.0737,0.0942,0.6670,0.8105,,0.1435,,43.53,-20.56,144.9,156.3,1.246,0.151,1.788
1791429004.0201304,0.6350,0.6350,0.4998,0.4998,0.4998,0.4998,0.7006,0.6350,0.7006,0.4302,0.4302,0.6350,0.6350,0.0164,0.0369,0.0410,0.0574,0.6680,0.8110,0.6390,0.1430,-0.1720,43.44,-20.64,144.1,156.2,1.122,0.152,1.707
1791429004.0515735,0.7006,0.7006,0.7006,0.6350,0.6350,0.7006,0.7006,0.7006,0.7538,0.5695,0.4998,0.5695,0.4998,0.0205,0.0369,0.0737,0.0369,0.6660,0.8150,,0.1490,,43.59,-20.94,144.3,156.0,1.089,0.152,1.667
1791429004.0840712,0.6350,0.7006,0.6350,0.7006,0.3646,0.6350,0.7006,0.7538,0.5695,0.7006,0.2458,0.6350,0.6350,0.0164,0.0369,0.0410,0.0574,0.6680,0.8180,0.6390,0.1500,-0.1790,44.23,-20.98,145.0,156.2,1.156,0.150,1.658
1791429004.1182377,0.4998,0.7538,0.6350,0.5695,0.4302,0.7538,0.7538,0.7006,0.7538,0.2458,0.4302,0.7006,0.6350,0.0246,0.0410,0.1229,0.0737,0.6710,0.8125,0.6400,0.1415,-0.1725,44.18,-20.85,145.4,156.2,1.165,0.149,1.696
1791429004.1512,0.4302,0.7538,0.5695,0.5695,0.3646,0.6350,0.7006,0.6350,0.7006,0.5695,0.1966,0.6350,0.5695,0.0205,0.0737,0.0574,0.0737,0.6690,0.8050,0.6320,0.1360,-0.1730,42.98,-20.80,145.1,155.3,1.151,0.154,1.762
1791429004.185765,0.5695,0.7538,0.7006,0.4998,0.4998,0.7006,0.7538,0.7006,0.7538,0.5695,0.6350,0.5695,0.6350,0.0164,0.0574,0.0574,0.0942,0.6660,0.8175,0.6390,0.1515,-0.1785,43.26,-20.94,146.5,155.7,1.132,0.154,1.700
1791429004.2275097,0.7538,0.7538,0.8440,0.7538,0.5695,0.5695,0.7538,0.4998,0.6350,0.6350,0.4998,0.4302,0.4998,0.0205,0.0123,0.0410,0.0369,0.6690,0.8185,,0.1495,,43.46,-21.18,147.3,156.0,1.113,0.154,1.667
1791429004.2596056,0.4998,0.7538,0.6350,0.4998,0.4998,0.7538,0.7538,0.6350,0.7538,0.5695,0.5695,0.6350,0.6350,0.0369,0.0369,0.0410,0.0410,0.6710,0.8145,0.6340,0.1435,-0.1805,43.17,-20.89,146.3,156.1,1.253,0.155,1.797
1791429004.2908366,0.5695,0.5695,0.5695,0.5695,0.4302,0.7538,0.5695,0.6350,0.7006,0.1557,0.5695,0.4998,0.6350,0.0164,0.0410,0.0737,0.0574,0.6690,0.8150,,0.1460,,43.04,-21.14,146.2,156.2,1.093,0.156,1.707
1791429004.3229878,0.7538,0.6350,0.5695,0.7006,0.4302,0.4998,0.6350,0.7006,0.7538,0.1966,0.4998,0.5695,0.6350,0.0410,0.0574,0.0942,0.0574,0.6660,0.8170,0.6330,0.1510,-0.1840,43.10,-20.91,146.9,156.5,1.260,0.157,1.873
1791429004.3556764,0.7538,0.7538,0.7006,0.6350,0.5695,0.8440,0.4998,0.7538,0.6350,0.4302,0.4302,0.6350,0.6350,0.0574,0.0123,0.0737,0.1229,0.6670,0.8205,0.6370,0.1535,-0.1835,43.93,-21.30,146.7,156.2,1.083,0.154,1.643
1791429004.3871007,0.7006,0.4302,0.8030,0.4998,0.5695,0.6350,0.7006,0.6350,0.7006,0.2991,0.4998,0.6350,0.5695,0.0164,0.0369,0.0574,0.0574,0.6620,0.8185,0.6410,0.1565,-0.1775,44.56,-21.36,146.1,156.4,1.121,0.152,1.687
1791429004.4186704,0.8030,0.5695,0.4302,0.5695,0.4998,0.5695,0.7006,0.7006,0.5695,0.4998,0.2458,0.4998,0.5695,0.0123,0.0123,0.0410,0.0737,0.6670,0.8115,,0.1445,,44.23,-21.30,145.7,156.5,1.132,0.153,1.745
1791429004.4529781,0.4998,0.8767,0.7538,0.7538,0.3646,0.4998,0.7006,0.5695,0.7538,0.5695,0.4302,0.6350,0.6350,0.0369,0.0082,0.0410,0.0410,0.6740,0.8170,0.6420,0.1430,-0.1750,44.20,-21.30,146.5,156.3,1.122,0.152,1.655
1791429004.4850495,0.6350,0.8030,0.6350,0.6350,0.4998,0.5695,0.4998,0.4998,0.6350,0.6350,0.3646,0.4998,0.4998,0.0369,0.0574,0.0410,0.0737,0.6720,0.8175,,0.1455,,44.68,-21.65,146.8,155.7,1.050,0.149,1.560
1791429004.5193548,0.7538,0.5695,0.7006,0.4998,0.4998,0.7006,0.7006,0.5695,0.7006,0.4302,0.4998,0.4998,0.4998,0.0369,0.0369,0.0942,0.0164,0.6710,0.8120,,0.1410,,43.61,-21.27,147.5,156.4,1.207,0.153,1.846
1791429004.5623693,0.4998,0.7538,0.8030,0.5695,0.4302,0.5695,0.7006,0.5695,0.6350,0.4302,0.4998,0.6350,0.6350,0.0369,0.0410,0.0737,0.0574,0.6700,0.8185,0.6370,0.1485,-0.1815,43.82,-21.42,148.1,156.4,1.121,0.153,1.677
1791429004.5927134,0.6350,0.7538,0.6350,0.7006,0.4302,0.6350,0.7538,0.5695,0.8030,0.5695,0.6350,0.4998,0.4998,0.0164,0.0246,0.0369,0.0574,0.6670,0.8150,,0.1480,,43.92,-21.53,147.3,156.3,1.098,0.152,1.627
1791429004.6256251,0.8030,0.7538,0.4302,0.6350,0.5695,0.6350,0.7006,0.7538,0.4998,0.7006,0.1966,0.6350,0.6350,0.0369,0.0574,0.0410,0.0737,0.6710,0.8150,0.6360,0.1440,-0.1790,43.92,-21.60,145.9,155.8,1.113,0.152,1.666
1791429004.6571617,0.5695,0.6350,0.7538,0.4998,0.7006,0.5695,0.7006,0.5695,0.7006,0.4998,0.6350,0.5695,0.7006,0.0205,0.0737,0.0574,0.0369,0.6710,0.8145,0.6360,0.1435,-0.1785,43.64,-21.35,146.5,156.0,1.199,0.153,1.763
1791429004.687917,0.6350,0.7538,0.4998,0.5695,0.7006,0.5695,0.7006,0.7538,0.7006,0.4302,0.6350,0.5695,0.6350,0.0123,0.0574,0.0737,0.0737,0.6620,0.8145,0.6360,0.1525,-0.1785,43.66,-21.03,146.1,155.6,1.237,0.154,1.773
1791429004.7204041,0.5695,0.6350,0.5695,0.7538,0.4998,0.7006,0.8030,0.7006,0.6350,0.4302,0.4302,0.5695,0.6350,0.0369,0.0410,0.0574,0.0942,0.6670,0.8105,0.6320,0.1435,-0.1785,43.25,-20.89,146.7,156.2,1.205,0.156,1.804
1791429004.7526214,0.4302,0.6350,0.3646,0.6350,0.3646,0.5695,0.6350,0.2458,0.7538,0.3646,0.4302,0.7006,0.7006,0.0205,0.0246,0.0574,0.0737,0.6700,0.7970,0.6380,0.1270,-0.1590,42.84,-20.77,138.4,155.8,1.077,0.154,1.602
1791429004.7865255,0.7538,0.6350,0.5695,0.6350,0.4302,0.6350,0.7006,0.7006,0.6350,0.4998,0.3646,0.7538,0.6350,0.0369,0.0369,0.1229,0.0574,0.6700,0.8090,0.6340,0.1390,-0.1750,42.46,-20.63,139.8,156.0,1.197,0.155,1.757
1791429004.820047,0.7006,0.5695,0.6350,0.5695,0.4302,0.6350,0.7538,0.7006,0.6350,0.5695,0.3646,0.7006,0.5695,0.0205,0.0410,0.0574,0.0410,0.6660,0.8110,0.6370,0.1450,-0.1740,42.49,-20.58,141.0,155.6,1.172,0.155,1.692
1791429004.852738,0.7006,0.7006,0.4998,0.5695,0.4302,0.5695,0.7538,0.6350,0.7006,0.5695,0.2458,0.5695,0.5695,0.0164,0.0164,0.0737,0.0410,0.6630,0.8185,0.6340,0.1555,-0.1845,43.42,-20.83,143.0,155.8,1.152,0.153,1.660
1791429004.894415,0.8440,0.8030,0.4302,0.4998,0.3646,0.6350,0.8767,0.5695,0.6350,0.2458,0.4998,0.4998,0.5695,0.0369,0.0082,0.0942,0.0369,0.6660,0.8170,,0.1510,,43.74,-20.97,143.2,156.0,1.147,0.153,1.737
1791429004.9260516,0.5695,0.6350,0.5695,0.6350,0.4998,0.5695,0.7538,0.6350,0.6350,0.3646,0.3646,0.5695,0.6350,0.0164,0.0410,0.0942,0.0574,0.6660,0.8050,0.6330,0.1390,-0.1720,43.83,-20.70,135.9,155.9,1.207,0.151,1.710
1791429004.9578695,0.3646,0.7538,0.5695,0.5695,0.4998,0.8440,0.5695,0.6350,0.8440,0.3646,0.1557,0.6350,0.6350,0.0246,0.0574,0.0737,0.0574,0.6700,0.8180,0.6380,0.1480,-0.1800,44.03,-20.73,139.0,155.6,1.182,0.150,1.723
1791429004.989249,0.4302,0.5695,0.5695,0.6350,0.4998,0.5695,0.7538,0.7006,0.6350,0.5695,0.5695,0.7006,0.5695,0.0205,0.0246,0.0369,0.0410,0.6700,0.8125,0.6350,0.1425,-0.1775,43.45,-20.72,140.4,155.9,1.173,0.153,1.776
1791429005.02064,0.4998,0.6350,0.5695,0.5695,0.4998,0.5695,0.7538,0.6350,0.7006,0.6350,0.7006,0.6350,0.6350,0.0164,0.0205,0.0574,0.0574,0.6680,0.8130,0.6430,0.1450,-0.1700,43.63,-20.79,141.0,155.7,1.103,0.152,1.646
1791429005.0534134,0.7006,0.4302,0.7006,0.6350,0.5695,0.7538,0.5695,0.5695,0.6350,0.6350,0.1966,0.6350,0.4998,0.0369,0.0369,0.0410,0.0369,0.6640,0.8100,,0.1460,,42.82,-20.71,142.2,156.1,1.162,0.157,1.780
1791429005.086211,0.7538,0.7538,0.7006,0.6350,0.3646,0.6350,0.8030,0.5695,0.5695,0.1966,0.6350,0.4998,0.4302,0.0205,0.0410,0.0942,0.0737,0.6700,0.8150,,0.1450,,42.57,-20.60,143.4,155.9,1.210,0.158,1.847
1791429005.1193347,0.4998,0.6350,0.6350,0.7006,0.4998,0.5695,0.7538,0.7006,0.7006,0.4998,0.4302,0.4302,0.4998,0.0164,0.0410,0.0737,0.0574,0.6700,0.8195,,0.1495,,43.18,-20.95,144.6,156.0,1.108,0.156,1.668
