timestamp,nose_score,left_eye_score,right_eye_score,left_ear_score,right_ear_score,left_shoulder_score,right_shoulder_score,left_elbow_score,right_elbow_score,left_wrist_score,right_wrist_score,left_hip_score,right_hip_score,left_knee_score,right_knee_score,left_ankle_score,right_ankle_score,head_depth_m,chest_depth_m,hip_depth_m,neck_forward_offset_m,torso_recline_offset_m,head_forward_deg,torso_pitch_deg,elbow_left_deg,elbow_right_deg,torso_len_sw,head_up_m,wrist_face_sw
1791427763.7862957,0.6350,0.6350,0.7538,0.5695,0.6350,0.4302,0.5695,0.5695,0.7538,0.2458,0.6350,0.6350,0.6350,0.0737,0.0410,0.0574,0.0410,0.6770,0.7700,0.6950,0.0930,-0.0750,23.99,-9.78,162.3,174.7,1.136,0.211,1.944
1791427763.8260846,0.8030,0.6350,0.7538,0.5695,0.5695,0.5695,0.7006,0.6350,0.7006,0.4302,0.4302,0.5695,0.5695,0.0574,0.0410,0.0737,0.0164,0.6770,0.7660,0.6900,0.0890,-0.0760,23.78,-9.94,162.4,174.3,1.011,0.210,1.586
1791427763.8580036,0.7006,0.8030,0.5695,0.4302,0.6350,0.5695,0.8030,0.5695,0.7538,0.4302,0.4302,0.7006,0.5695,0.0737,0.0246,0.0737,0.0369,0.6770,0.7710,0.6960,0.0940,-0.0750,23.91,-9.81,162.3,174.0,1.146,0.210,1.820
1791427763.8896606,0.7006,0.8767,0.5695,0.7538,0.5695,0.3646,0.6350,0.5695,0.6350,0.4998,0.4998,0.6350,0.6350,0.0410,0.0410,0.0574,0.0369,0.6770,0.7710,0.6910,0.0940,-0.0800,23.66,-9.71,162.0,174.3,1.214,0.213,1.932
1791427763.9214275,0.8440,0.6350,0.4998,0.5695,0.5695,0.7538,0.6350,0.5695,0.5695,0.1966,0.7006,0.5695,0.5695,0.0574,0.0369,0.0942,0.0410,0.6770,0.7695,0.6900,0.0925,-0.0795,23.66,-9.74,162.1,174.6,1.142,0.212,1.896
1791427763.9525201,0.4998,0.7006,0.4998,0.6350,0.5695,0.5695,0.6350,0.5695,0.6350,0.3646,0.5695,0.5695,0.4998,0.0574,0.0574,0.0737,0.0205,0.6770,0.7695,,0.0925,,23.90,-9.95,161.7,174.0,1.002,0.210,1.642
1791427763.9867811,0.6350,0.6350,0.6350,0.5695,0.5695,0.7538,0.7006,0.4998,0.5695,0.2991,0.4302,0.6350,0.5695,0.0369,0.0369,0.0410,0.0574,0.6770,0.7695,0.6850,0.0925,-0.0845,23.96,-10.10,161.1,174.0,1.117,0.209,1.789
1791427764.0203254,0.7006,0.7006,0.8440,0.6350,0.7006,0.7006,0.5695,0.4998,0.6350,0.1966,0.4302,0.6350,0.5695,0.0574,0.0410,0.0410,0.0410,0.6770,0.7695,0.6940,0.0925,-0.0755,23.96,-10.20,160.3,173.7,1.009,0.209,1.795
1791427764.0535731,0.4998,0.8030,0.7538,0.8030,0.7006,0.7006,0.7006,0.5695,0.1966,0.4302,0.5695,0.7006,0.6350,0.0410,0.0123,0.0574,0.0737,0.6810,0.7735,0.6970,0.0925,-0.0765,24.07,-10.08,160.7,174.2,1.127,0.208,1.801
1791427764.0862026,0.8030,0.2458,0.7006,0.5695,0.6350,0.2991,0.7538,0.4998,0.4998,0.2458,0.1557,0.6350,0.5695,0.0123,0.0246,0.0369,0.0369,0.6770,,0.6940,,,24.07,-10.08,160.7,174.2,,,
1791427764.1195707,0.3646,0.8030,0.7006,0.6350,0.6350,0.8030,0.7538,0.5695,0.6350,0.4302,0.1966,0.6350,0.5695,0.0410,0.0205,0.0574,0.0369,0.6770,0.7745,0.6970,0.0975,-0.0775,24.67,-10.06,161.3,174.4,1.100,0.204,1.717
1791427764.1593578,0.7006,0.7006,0.4998,0.5695,0.7006,0.7006,0.7538,0.5695,0.5695,0.2991,0.4998,0.5695,0.5695,0.0574,0.0410,0.0574,0.0369,0.6770,0.7710,0.6870,0.0940,-0.0840,24.60,-10.00,162.0,174.9,1.218,0.205,2.006
1791427764.1924362,0.8030,0.6350,0.8440,0.4998,0.4302,0.5695,0.7538,0.6350,0.6350,0.3646,0.4302,0.5695,0.4998,0.0205,0.0205,0.0574,0.0410,0.6770,0.7730,,0.0960,,24.77,-10.00,161.9,175.2,1.146,0.204,1.697
1791427764.223022,0.6350,0.5695,0.4998,0.7006,0.7006,0.8440,0.7006,0.5695,0.6350,0.1966,0.4998,0.5695,0.5695,0.0205,0.0410,0.0574,0.0410,0.6840,0.7700,0.6940,0.0860,-0.0760,24.36,-9.98,161.2,174.9,1.090,0.204,1.831
1791427764.2545013,0.6350,0.6350,0.6350,0.7538,0.6350,0.7006,0.7538,0.4998,0.6350,0.1966,0.2991,0.5695,0.5695,0.0737,0.0369,0.0574,0.0574,0.6820,0.7700,0.6970,0.0880,-0.0730,24.01,-9.89,160.6,174.9,1.089,0.206,
1791427764.286912,0.4302,0.5695,0.7006,0.7006,0.6350,0.7006,0.7538,0.2991,0.4998,0.2991,0.2991,0.5695,0.4998,0.0574,0.0246,0.0942,0.0205,0.6770,0.7710,,0.0940,,24.01,-9.87,160.8,174.7,1.122,0.207,
1791427764.3213446,0.7006,0.7006,0.2991,0.7006,0.7006,0.7006,0.7538,0.6350,0.4998,0.2458,0.4302,0.5695,0.6350,0.0942,0.0410,0.0574,0.0410,0.6770,0.7680,0.6890,0.0910,-0.0790,23.85,-9.81,160.3,174.9,1.171,0.208,1.953
1791427764.3539677,0.7006,0.4998,0.4998,0.4998,0.6350,0.6350,0.8030,0.5695,0.7006,0.1966,0.1557,0.6350,0.5695,0.0574,0.0574,0.0410,0.0574,0.6770,0.7725,0.6940,0.0955,-0.0785,23.46,-9.56,160.3,174.6,1.287,0.213,
1791427764.3879306,0.4998,0.8767,0.8440,0.5695,0.4302,0.6350,0.8767,0.7006,0.5695,0.2991,0.5695,0.4998,0.4998,0.0123,0.0410,0.0123,0.0737,0.6770,0.7710,,0.0940,,23.54,-9.62,159.1,174.6,1.122,0.213,1.885
1791427764.4290884,0.4998,0.5695,0.4302,0.5695,0.5695,0.8030,0.7538,0.5695,0.6350,0.4998,0.5695,0.5695,0.4998,0.0410,0.0369,0.0574,0.0410,0.6770,0.7700,,0.0930,,23.29,-9.54,160.5,175.0,1.188,0.216,1.950
1791427764.4598038,0.8030,0.7538,0.7006,0.4998,0.3646,0.7538,0.7006,0.7538,0.4998,0.4302,0.6350,0.5695,0.5695,0.0369,0.0410,0.0942,0.0574,0.6770,0.7745,0.6900,0.0975,-0.0845,24.00,-9.74,161.2,175.3,1.132,0.211,1.726
1791427764.493126,0.7538,0.7006,0.4998,0.5695,0.5695,0.7538,0.5695,0.5695,0.7006,0.2458,0.5695,0.6350,0.4998,0.0574,0.0369,0.0574,0.0369,0.6770,0.7720,,0.0950,,23.74,-9.63,163.2,175.1,1.226,0.214,2.080
1791427764.5235486,0.8030,0.5695,0.7538,0.5695,0.6350,0.7538,0.7538,0.6350,0.7538,0.3646,0.3646,0.5695,0.6350,0.0410,0.0410,0.0369,0.0246,0.6770,0.7670,0.6940,0.0900,-0.0730,23.65,-9.64,162.9,175.2,1.070,0.213,1.696
1791427764.5542064,0.7538,0.7538,0.7538,0.8030,0.6350,0.6350,0.8030,0.5695,0.7006,0.2458,0.5695,0.7006,0.5695,0.0246,0.0246,0.0574,0.0369,0.6770,0.7690,0.6930,0.0920,-0.0760,23.60,-9.60,161.3,175.1,1.142,0.213,1.911
1791427764.588623,0.7006,0.7006,0.6350,0.4998,0.7006,0.6350,0.8440,0.4998,0.5695,0.4302,0.6350,0.6350,0.4998,0.0369,0.0369,0.0369,0.0410,0.6770,0.7705,,0.0935,,23.59,-9.60,160.9,174.8,1.151,0.213,1.802
1791427764.6207988,0.6350,0.6350,0.7006,0.6350,0.6350,0.7006,0.7538,0.6350,0.4998,0.3646,0.4302,0.5695,0.5695,0.0574,0.0205,0.0574,0.0574,0.6840,0.7710,0.6950,0.0870,-0.0760,23.48,-9.55,161.8,175.0,1.152,0.211,1.813
1791427764.6545396,0.8440,0.5695,0.6350,0.7006,0.4302,0.7538,0.7006,0.7538,0.7006,0.2458,0.1966,0.5695,0.5695,0.0737,0.0369,0.0574,0.0410,0.6770,0.7705,0.6950,0.0935,-0.0755,23.42,-9.51,161.2,175.2,1.147,0.213,
1791427764.6871865,0.8030,0.7538,0.7538,0.6350,0.3646,0.6350,0.6350,0.8030,0.7006,0.3646,0.5695,0.5695,0.4998,0.0205,0.0164,0.0410,0.0410,0.6770,0.7720,,0.0950,,23.95,-9.67,161.7,174.5,1.076,0.209,1.755
1791427764.7199824,0.7538,0.5695,0.4998,0.4998,0.4998,0.6350,0.7006,0.4998,0.8030,0.3646,0.5695,0.5695,0.5695,0.0737,0.0410,0.0737,0.0369,0.6770,0.7685,0.6960,0.0915,-0.0725,23.70,-9.50,161.9,175.0,1.167,0.211,1.766
1791427764.7620375,0.8030,0.7538,0.5695,0.5695,0.7006,0.7538,0.7538,0.4998,0.7538,0.4998,0.6350,0.7006,0.4998,0.0410,0.0410,0.0574,0.0574,0.6770,0.7705,,0.0935,,23.71,-9.45,162.3,175.2,1.172,0.211,1.813
1791427764.792981,0.8030,0.4998,0.4998,0.5695,0.7006,0.5695,0.7006,0.6350,0.5695,0.3646,0.2991,0.5695,0.4998,0.0410,0.0410,0.0410,0.0410,0.6770,0.7700,,0.0930,,23.70,-9.43,162.3,175.7,1.152,0.211,1.728
1791427764.8244967,0.8030,0.7538,0.7006,0.4302,0.7538,0.7538,0.7538,0.4998,0.4998,0.4998,0.5695,0.6350,0.4998,0.0574,0.0205,0.0369,0.0205,0.6770,0.7685,,0.0915,,23.47,-9.33,162.5,175.0,1.181,0.213,1.845
1791427764.8557208,0.8440,0.6350,0.6350,0.6350,0.6350,0.6350,0.8030,0.4302,0.7006,0.3646,0.6350,0.6350,0.5695,0.0246,0.0369,0.0942,0.0410,0.6770,0.7655,0.6940,0.0885,-0.0715,23.18,-9.36,162.6,175.6,1.075,0.214,1.808
1791427764.8879871,0.8030,0.7006,0.6350,0.5695,0.7006,0.8440,0.6350,0.7006,0.5695,0.1557,0.1557,0.7006,0.5695,0.0410,0.0369,0.0574,0.0574,0.6770,0.7700,0.6940,0.0930,-0.0760,23.00,-9.32,162.7,175.1,1.173,0.217,
1791427764.9235945,0.8767,0.5695,0.6350,0.5695,0.6350,0.7538,0.7006,0.4998,0.7538,0.1966,0.6350,0.6350,0.6350,0.0369,0.0369,0.0164,0.0369,0.6770,0.7685,0.6930,0.0915,-0.0755,23.13,-9.36,162.0,175.0,1.125,0.215,1.858
1791427764.9549925,0.6350,0.5695,0.7538,0.5695,0.6350,0.6350,0.6350,0.7538,0.5695,0.2991,0.5695,0.6350,0.5695,0.0942,0.0246,0.0737,0.0164,0.6770,0.7680,0.6930,0.0910,-0.0750,22.99,-9.40,162.9,174.7,1.112,0.216,1.877
1791427764.9888191,0.6350,0.7538,0.7006,0.5695,0.7006,0.5695,0.7538,0.6350,0.5695,0.3646,0.4998,0.6350,0.5695,0.0369,0.0246,0.0574,0.0164,0.6770,0.7705,0.6930,0.0935,-0.0775,23.42,-9.50,163.1,174.3,1.113,0.213,1.733
1791427765.0295184,0.7538,0.6350,0.6350,0.7538,0.6350,0.5695,0.6350,0.7006,0.4302,0.2991,0.5695,0.6350,0.5695,0.0410,0.0369,0.0574,0.0410,0.6770,0.7680,0.6940,0.0910,-0.0740,23.42,-9.42,164.1,173.8,1.153,0.212,1.921
1791427765.0609155,0.7538,0.4302,0.6350,0.4998,0.6350,0.5695,0.6350,0.7006,0.4302,0.4302,0.6350,0.6350,0.5695,0.0737,0.0410,0.0574,0.0369,0.6770,0.7695,0.6950,0.0925,-0.0745,23.41,-9.40,164.1,173.8,1.136,0.212,1.907
1791427765.0917041,0.6350,0.6350,0.7538,0.5695,0.2991,0.7538,0.8030,0.4998,0.6350,0.2458,0.1966,0.5695,0.4998,0.0942,0.0369,0.0410,0.0410,0.6770,0.7715,,0.0945,,23.45,-9.47,163.4,173.7,1.127,0.213,
1791427765.1247766,0.7538,0.5695,0.5695,0.5695,0.4302,0.4998,0.7006,0.5695,0.5695,0.2991,0.4998,0.5695,0.5695,0.0737,0.0369,0.0737,0.0205,0.6770,0.7680,0.6930,0.0910,-0.0750,23.59,-9.63,162.2,173.8,1.032,0.211,1.780
1791427765.1557732,0.7006,0.5695,0.4998,0.7006,0.5695,0.7006,0.7006,0.6350,0.6350,0.4998,0.2458,0.6350,0.6350,0.1229,0.0246,0.0410,0.0574,0.6770,0.7700,0.6920,0.0930,-0.0780,23.56,-9.60,162.4,174.5,1.167,0.212,1.808
1791427765.1889021,0.7006,0.7538,0.4998,0.4998,0.4998,0.7006,0.6350,0.5695,0.6350,0.1557,0.6350,0.5695,0.4998,0.0942,0.0410,0.0410,0.0574,0.6770,0.7700,,0.0930,,23.61,-9.60,161.3,174.4,1.132,0.212,1.894
1791427765.220609,0.7006,0.6350,0.6350,0.4998,0.6350,0.7006,0.7538,0.4998,0.5695,0.1557,0.5695,0.6350,0.5695,0.0410,0.0737,0.0942,0.0737,0.6770,0.7685,0.6880,0.0915,-0.0805,23.83,-9.77,161.0,174.9,1.086,0.209,1.825
1791427765.25454,0.4998,0.7538,0.6350,0.7006,0.6350,0.6350,0.8030,0.5695,0.5695,0.2991,0.6350,0.6350,0.4998,0.0410,0.0205,0.0737,0.0737,0.6800,0.7690,,0.0890,,23.70,-9.88,161.3,174.7,1.052,0.209,1.798
1791427765.287607,0.8440,0.6350,0.4998,0.5695,0.6350,0.7006,0.8440,0.5695,0.4998,0.1557,0.2991,0.6350,0.5695,0.0942,0.0246,0.0942,0.0737,0.6770,0.7705,0.6930,0.0935,-0.0775,23.52,-9.78,161.0,174.1,1.172,0.211,
1791427765.3213441,0.7538,0.8030,0.4302,0.5695,0.4302,0.5695,0.7006,0.7006,0.4998,0.2991,0.3646,0.5695,0.5695,0.0737,0.0246,0.0942,0.0369,0.6770,0.7705,0.6970,0.0935,-0.0735,23.71,-9.75,160.2,174.2,1.080,0.210,1.830
1791427765.362505,0.5695,0.7006,0.5695,0.4998,0.6350,0.7006,0.7538,0.6350,0.7538,0.2991,0.6350,0.5695,0.5695,0.0574,0.0369,0.0574,0.0410,0.6770,0.7685,0.6910,0.0915,-0.0775,23.51,-9.73,160.9,174.7,1.142,0.212,1.927
1791427765.3951764,0.5695,0.6350,0.6350,0.4998,0.7538,0.7006,0.6350,0.4998,0.5695,0.3646,0.6350,0.6350,0.5695,0.0574,0.0369,0.0574,0.0942,0.6770,0.7660,0.6940,0.0890,-0.0720,23.31,-9.69,160.9,176.0,1.071,0.212,1.671
1791427765.426431,0.5695,0.6350,0.7538,0.5695,0.2991,0.8030,0.7538,0.5695,0.7538,0.1966,0.1966,0.6350,0.6350,0.0410,0.0410,0.0737,0.0942,0.6770,0.7685,0.6930,0.0915,-0.0755,23.27,-9.71,159.5,175.6,1.093,0.213,
1791427765.4585006,0.4998,0.6350,0.6350,0.4998,0.4998,0.8030,0.7006,0.5695,0.7006,0.2991,0.4998,0.5695,0.6350,0.0574,0.0574,0.0574,0.0369,0.6780,0.7695,0.6970,0.0915,-0.0725,23.12,-9.63,160.5,175.0,1.106,0.214,1.918
1791427765.4897473,0.7006,0.7006,0.7006,0.4998,0.5695,0.7538,0.6350,0.4998,0.7538,0.4302,0.6350,0.5695,0.6350,0.0574,0.0205,0.0574,0.0369,0.6770,0.7710,0.6910,0.0940,-0.0800,22.84,-9.55,160.8,175.2,1.226,0.218,1.952
1791427765.5217834,0.5695,0.7538,0.6350,0.6350,0.5695,0.7006,0.7006,0.6350,0.7006,0.4998,0.4998,0.6350,0.4998,0.0410,0.0123,0.0369,0.0164,0.6770,0.7695,,0.0925,,22.84,-9.45,161.3,174.8,1.191,0.219,1.917
1791427765.5553844,0.7006,0.5695,0.7538,0.7538,0.4998,0.7538,0.8030,0.4302,0.5695,0.2991,0.4302,0.6350,0.5695,0.0410,0.0369,0.0574,0.0410,0.6770,0.7700,0.6960,0.0930,-0.0740,23.25,-9.60,162.0,174.5,1.022,0.215,1.749
1791427765.5895314,0.8030,0.7538,0.5695,0.4998,0.7006,0.8030,0.7006,0.5695,0.5695,0.4302,0.5695,0.5695,0.4998,0.0410,0.0164,0.0737,0.0369,0.6770,0.7740,,0.0970,,23.47,-9.62,162.1,174.6,1.172,0.215,1.788
1791427765.6230755,0.7006,0.4302,0.8030,0.6350,0.6350,0.7006,0.7538,0.5695,0.6350,0.4302,0.3646,0.7006,0.5695,0.0410,0.0369,0.0942,0.0410,0.6800,0.7740,0.6970,0.0940,-0.0770,23.78,-9.60,162.3,174.0,1.146,0.212,1.780
1791427765.6641617,0.7006,0.4998,0.7006,0.7006,0.7006,0.7538,0.7538,0.5695,0.6350,0.2458,0.4302,0.6350,0.5695,0.0246,0.0205,0.0737,0.0369,0.6800,0.7695,0.6970,0.0895,-0.0725,23.70,-9.57,162.5,174.4,1.094,0.211,1.837
1791427765.6961153,0.7538,0.5695,0.6350,0.5695,0.6350,0.3646,0.7538,0.5695,0.6350,0.2458,0.4302,0.5695,0.4998,0.0410,0.0246,0.0369,0.0574,0.6770,0.7715,,0.0945,,23.63,-9.58,160.8,174.4,1.127,0.212,1.936
1791427765.7265751,0.7006,0.7538,0.7538,0.6350,0.3646,0.7538,0.6350,0.4302,0.7538,0.2991,0.4302,0.6350,0.4998,0.0164,0.0410,0.0574,0.0369,0.6770,0.7700,,0.0930,,23.74,-9.58,160.5,174.2,1.112,0.211,1.855
1791427765.7574337,0.8030,0.7006,0.6350,0.5695,0.5695,0.7006,0.8440,0.8030,0.6350,0.3646,0.2991,0.5695,0.5695,0.0205,0.0164,0.0410,0.0369,0.6770,0.7700,0.6950,0.0930,-0.0750,23.63,-9.65,161.0,174.1,1.070,0.213,1.741
1791427765.7892835,0.6350,0.5695,0.6350,0.6350,0.5695,0.6350,0.7538,0.6350,0.7538,0.3646,0.5695,0.6350,0.4302,0.0246,0.0369,0.0574,0.0369,0.6770,0.7690,,0.0920,,23.54,-9.57,161.9,174.3,1.131,0.213,1.815
1791427765.822586,0.7538,0.4302,0.7538,0.8030,0.7006,0.7006,0.5695,0.4998,0.7538,0.1966,0.5695,0.5695,0.5695,0.0369,0.0246,0.0410,0.0410,0.6780,0.7710,0.6930,0.0930,-0.0780,23.45,-9.48,161.2,174.5,1.214,0.214,1.989
1791427765.8556514,0.8030,0.7538,0.7006,0.8030,0.7538,0.7006,0.4998,0.4998,0.6350,0.2458,0.4998,0.5695,0.4998,0.0410,0.0369,0.0574,0.0410,0.6770,0.7695,,0.0925,,23.16,-9.48,161.7,174.8,1.122,0.217,1.918
1791427765.8888602,0.7538,0.8030,0.6350,0.7006,0.7006,0.7006,0.8030,0.6350,0.7006,0.4998,0.2991,0.5695,0.4998,0.0574,0.0123,0.0574,0.0574,0.6770,0.7720,,0.0950,,23.16,-9.41,162.3,175.0,1.204,0.218,1.913
1791427765.92123,0.6350,0.6350,0.6350,0.4998,0.4998,0.7538,0.8030,0.4998,0.6350,0.1966,0.2458,0.7006,0.4998,0.0737,0.0164,0.0942,0.0410,0.6770,0.7730,,0.0960,,23.35,-9.44,160.2,174.9,1.162,0.217,
1791427765.9554224,0.7538,0.7538,0.8030,0.6350,0.7006,0.7538,0.8030,0.4998,0.7006,0.3646,0.4998,0.6350,0.5695,0.0369,0.0082,0.0369,0.0369,0.6770,0.7715,0.6950,0.0945,-0.0765,23.32,-9.49,161.1,174.8,1.122,0.218,1.901
1791427765.9949443,0.8030,0.7006,0.8030,0.7538,0.6350,0.6350,0.7006,0.7006,0.6350,0.4998,0.6350,0.5695,0.5695,0.0410,0.0369,0.0737,0.0410,0.6770,0.7700,0.6970,0.0930,-0.0730,23.42,-9.43,161.4,174.8,1.125,0.216,1.787
1791427766.027681,0.8440,0.8030,0.7006,0.6350,0.7006,0.6350,0.7006,0.7538,0.7006,0.2991,0.5695,0.6350,0.4998,0.0574,0.0205,0.0737,0.0164,0.6770,0.7715,,0.0945,,23.57,-9.44,161.5,174.7,1.147,0.215,1.919
1791427766.0583227,0.6350,0.6350,0.7538,0.6350,0.2991,0.7538,0.7538,0.7006,0.7006,0.1966,0.6350,0.7006,0.5695,0.0410,0.0369,0.0410,0.0410,0.6770,0.7710,0.6910,0.0940,-0.0800,23.51,-9.53,160.8,175.0,1.146,0.216,1.935
1791427766.0906496,0.8030,0.5695,0.7538,0.5695,0.4998,0.5695,0.4998,0.5695,0.7538,0.2458,0.5695,0.5695,0.5695,0.0574,0.0369,0.0737,0.0574,0.6800,0.7690,0.6940,0.0890,-0.0750,23.35,-9.58,160.1,175.1,1.088,0.215,1.836
1791427766.122162,0.6350,0.7538,0.8030,0.8030,0.6350,0.6350,0.6350,0.4998,0.7006,0.3646,0.1966,0.5695,0.5695,0.0369,0.0410,0.0369,0.0574,0.6770,0.7735,0.6750,0.0965,-0.0985,23.42,-9.97,161.4,175.1,1.219,0.216,1.932
1791427766.1568038,0.8030,0.4998,0.7006,0.4998,0.5695,0.7006,0.8030,0.5695,0.5695,0.3646,0.5695,0.5695,0.4998,0.0410,0.0205,0.0737,0.0410,0.6770,0.7710,,0.0940,,23.76,-9.99,161.8,174.8,1.132,0.213,1.753
1791427766.189766,0.8440,0.7006,0.8440,0.7006,0.7006,0.5695,0.6350,0.4998,0.7538,0.2991,0.2458,0.6350,0.4998,0.0574,0.0369,0.0410,0.0369,0.6770,0.7680,,0.0910,,23.18,-9.84,161.1,174.2,1.192,0.218,
1791427766.2231853,0.8030,0.6350,0.7006,0.6350,0.5695,0.8030,0.6350,0.7538,0.6350,0.3646,0.4998,0.6350,0.4998,0.0574,0.0369,0.0737,0.0369,0.6800,0.7700,,0.0900,,23.27,-9.96,161.6,174.3,1.074,0.215,1.809
1791427766.2560124,0.8440,0.6350,0.8030,0.7006,0.7006,0.5695,0.4998,0.7006,0.5695,0.2991,0.4302,0.6350,0.4998,0.0246,0.0246,0.0369,0.0369,0.6770,0.7710,,0.0940,,23.01,-9.86,161.9,174.8,1.210,0.219,2.052
1791427766.2960107,0.6350,0.7538,0.7006,0.7538,0.6350,0.6350,0.7006,0.4998,0.7538,0.2458,0.6350,0.4998,0.4998,0.0942,0.0369,0.0737,0.0574,0.6810,0.7705,,0.0895,,23.21,-10.06,161.0,174.9,1.034,0.215,1.784
1791427766.327958,0.7006,0.6350,0.6350,0.5695,0.6350,0.7538,0.6350,0.7006,0.7006,0.3646,0.2458,0.6350,0.4998,0.1229,0.0369,0.0942,0.0574,0.6770,0.7705,,0.0935,,23.16,-10.11,161.7,174.5,1.102,0.216,1.777
1791427766.359325,0.8030,0.7006,0.7006,0.6350,0.7006,0.7006,0.7006,0.4302,0.5695,0.2991,0.4998,0.5695,0.5695,0.0737,0.0369,0.0737,0.0410,0.6770,0.7715,0.6950,0.0945,-0.0765,23.28,-9.97,161.8,174.1,1.152,0.216,1.945
1791427766.3905149,0.7006,0.6350,0.4998,0.5695,0.4998,0.7006,0.8030,0.5695,0.4302,0.2458,0.4302,0.5695,0.5695,0.0737,0.0246,0.0574,0.0410,0.6770,0.7705,0.6920,0.0935,-0.0785,23.22,-9.96,160.6,174.4,1.122,0.217,1.910
1791427766.4228609,0.6350,0.7538,0.8030,0.7538,0.6350,0.7006,0.6350,0.4998,0.7538,0.2991,0.4302,0.5695,0.6350,0.0410,0.0246,0.0410,0.0205,0.6770,0.7720,0.6890,0.0950,-0.0830,23.69,-10.15,159.7,174.1,1.073,0.213,1.782
1791427766.4550385,0.7006,0.6350,0.7006,0.6350,0.6350,0.2991,0.8030,0.7006,0.5695,0.1966,0.5695,0.5695,0.5695,0.0574,0.0246,0.0410,0.0410,0.6770,,0.6890,,,23.69,-10.15,159.7,174.1,,,
1791427766.4897687,0.7538,0.7538,0.6350,0.6350,0.7006,0.5695,0.7006,0.6350,0.5695,0.2991,0.4302,0.5695,0.5695,0.0737,0.0574,0.1229,0.0574,0.6770,0.7670,0.6940,0.0900,-0.0730,23.57,-10.11,160.2,174.4,1.042,0.213,1.847
1791427766.5234275,0.5695,0.7538,0.4302,0.6350,0.5695,0.7538,0.7538,0.6350,0.5695,0.2991,0.4302,0.5695,0.5695,0.2458,0.0205,0.0942,0.0369,0.6770,0.7715,0.6960,0.0945,-0.0755,23.89,-10.11,161.4,174.7,1.058,0.210,1.826
1791427766.55642,0.7538,0.6350,0.6350,0.3646,0.2991,0.6350,0.8030,0.6350,0.7538,0.1966,0.5695,0.6350,0.5695,0.0369,0.0410,0.0410,0.0246,0.6770,0.7700,0.6950,0.0930,-0.0750,23.40,-9.82,161.2,174.7,1.216,0.215,2.071
1791427766.5971198,0.7006,0.7006,0.7538,0.4998,0.4998,0.6350,0.7538,0.5695,0.7538,0.3646,0.6350,0.5695,0.6350,0.0737,0.0369,0.0574,0.0369,0.6810,0.7695,0.6950,0.0885,-0.0745,22.87,-9.76,161.1,174.5,1.112,0.218,1.816
1791427766.628761,0.8030,0.4302,0.6350,0.5695,0.6350,0.8030,0.7538,0.7006,0.6350,0.1966,0.4302,0.6350,0.5695,0.0574,0.0246,0.0369,0.0410,0.6850,0.7710,0.6920,0.0860,-0.0790,22.48,-9.71,160.7,175.1,1.178,0.220,1.953
1791427766.6611419,0.8030,0.8030,0.7006,0.4998,0.5695,0.7006,0.7006,0.6350,0.7006,0.2458,0.5695,0.5695,0.6350,0.0410,0.0369,0.0574,0.0574,0.6770,0.7695,0.6940,0.0925,-0.0755,22.85,-9.83,160.2,175.0,1.034,0.217,1.816
1791427766.6927345,0.4998,0.3646,0.6350,0.5695,0.6350,0.7538,0.7538,0.5695,0.7538,0.2991,0.5695,0.5695,0.6350,0.0410,0.0410,0.0369,0.0369,0.6820,0.7700,0.6910,0.0880,-0.0790,23.04,-9.89,160.3,175.0,1.104,0.213,1.793
1791427766.7236297,0.8440,0.7006,0.6350,0.7006,0.4998,0.7006,0.8440,0.4998,0.5695,0.1966,0.4302,0.5695,0.6350,0.0574,0.0410,0.0574,0.0574,0.6770,0.7695,0.6940,0.0925,-0.0755,22.96,-9.75,160.8,174.7,1.165,0.215,1.967
1791427766.756429,0.7006,0.8440,0.6350,0.3646,0.6350,0.5695,0.7538,0.6350,0.7006,0.2991,0.8030,0.5695,0.4998,0.0369,0.0246,0.0410,0.0737,0.6770,0.7730,,0.0960,,23.27,-9.76,160.6,174.1,1.156,0.214,1.909
1791427766.7901924,0.6350,0.6350,0.7538,0.5695,0.4302,0.7006,0.6350,0.5695,0.6350,0.2991,0.3646,0.7006,0.5695,0.0737,0.0369,0.0574,0.0369,0.6820,0.7720,0.6960,0.0900,-0.0760,23.22,-9.62,160.1,173.6,1.186,0.213,1.987
1791427766.8230052,0.7538,0.7538,0.6350,0.4302,0.7006,0.6350,0.8440,0.7006,0.6350,0.3646,0.7006,0.4998,0.5695,0.0942,0.0246,0.0942,0.0737,0.6770,0.7695,,0.0925,,23.36,-9.77,160.5,173.9,1.031,0.212,1.657
1791427766.8568206,0.7006,0.6350,0.7538,0.3646,0.4998,0.6350,0.8030,0.6350,0.7006,0.4302,0.4998,0.5695,0.5695,0.0942,0.0164,0.0737,0.0369,0.6820,0.7725,0.6970,0.0905,-0.0755,23.59,-9.78,160.8,174.4,1.090,0.210,1.750
1791427766.8903198,0.7006,0.5695,0.8030,0.6350,0.7006,0.6350,0.8030,0.4998,0.7006,0.1557,0.4998,0.6350,0.5695,0.0574,0.0246,0.0574,0.0123,0.6770,0.7700,0.6950,0.0930,-0.0750,23.77,-9.83,160.2,174.3,1.062,0.208,1.832
1791427766.9309459,0.7538,0.8030,0.8440,0.6350,0.7006,0.7006,0.7538,0.7006,0.7538,0.2991,0.6350,0.5695,0.5695,0.0574,0.0410,0.1229,0.0410,0.6770,0.7720,0.6940,0.0950,-0.0780,23.83,-9.87,161.3,173.8,1.103,0.209,1.929
1791427766.963246,0.6350,0.7538,0.6350,0.4998,0.6350,0.7538,0.7006,0.6350,0.7006,0.3646,0.4998,0.5695,0.5695,0.0410,0.0246,0.0737,0.0369,0.6820,0.7710,0.6960,0.0890,-0.0750,23.61,-9.72,161.1,173.8,1.160,0.210,1.767
1791427766.9932375,0.8440,0.7538,0.8030,0.4302,0.6350,0.6350,0.7538,0.5695,0.7006,0.2458,0.4998,0.6350,0.4302,0.0410,0.0369,0.0410,0.0574,0.6770,0.7735,,0.0965,,24.06,-9.85,161.3,174.2,1.076,0.208,1.768
1791427767.025498,0.7538,0.7006,0.8030,0.5695,0.7538,0.5695,0.7006,0.7006,0.7006,0.2991,0.4998,0.5695,0.5695,0.0737,0.0205,0.0737,0.0369,0.6770,0.7725,0.6950,0.0955,-0.0775,23.64,-9.64,160.9,174.7,1.239,0.213,2.073
1791427767.0561512,0.6350,0.6350,0.7538,0.5695,0.7006,0.7006,0.7006,0.4302,0.6350,0.2991,0.3646,0.5695,0.4998,0.0410,0.0369,0.0369,0.0246,0.6770,0.7745,,0.0975,,23.88,-9.66,160.6,175.5,1.162,0.213,1.858
1791427767.0902267,0.6350,0.4998,0.7006,0.6350,0.4998,0.7006,0.5695,0.4998,0.7006,0.4998,0.4998,0.4998,0.4998,0.0410,0.0369,0.0574,0.0574,0.6770,0.7705,,0.0935,,23.81,-9.67,160.5,175.1,1.107,0.213,1.777
1791427767.1243765,0.8030,0.7538,0.7538,0.7538,0.7006,0.7006,0.7538,0.5695,0.5695,0.4302,0.6350,0.6350,0.4998,0.0410,0.0369,0.0164,0.0205,0.6770,0.7705,,0.0935,,23.80,-9.66,160.6,175.0,1.117,0.213,1.778
1791427767.1568513,0.8767,0.5695,0.8030,0.7538,0.6350,0.7006,0.7006,0.7006,0.6350,0.2458,0.5695,0.6350,0.4998,0.0942,0.0410,0.0942,0.0410,0.6820,0.7670,,0.0850,,23.11,-9.55,160.9,175.1,1.124,0.216,1.923
1791427767.190624,0.7006,0.7006,0.5695,0.6350,0.5695,0.6350,0.7006,0.5695,0.7006,0.4302,0.3646,0.4998,0.5695,0.0246,0.0369,0.0574,0.0369,0.6780,0.7725,,0.0945,,23.47,-9.62,161.6,174.7,1.112,0.213,1.792
1791427767.2318847,0.7538,0.7006,0.7006,0.5695,0.6350,0.5695,0.7538,0.6350,0.6350,0.2458,0.2458,0.5695,0.5695,0.0410,0.0246,0.0369,0.0410,0.6820,0.7690,0.6960,0.0870,-0.0730,23.22,-9.60,162.5,175.3,1.090,0.213,
1791427767.2638934,0.7538,0.8440,0.5695,0.6350,0.4998,0.7538,0.5695,0.7006,0.5695,0.4302,0.5695,0.6350,0.4998,0.0410,0.0410,0.0369,0.0410,0.6860,0.7710,,0.0850,,22.82,-9.55,162.7,175.6,1.156,0.214,1.870
1791427767.2941442,0.8030,0.5695,0.6350,0.7006,0.5695,0.5695,0.7538,0.7538,0.6350,0.4998,0.4302,0.5695,0.4998,0.0574,0.0410,0.0574,0.0942,0.6780,0.7705,,0.0925,,22.50,-9.42,163.6,176.1,1.201,0.219,2.008
1791427767.3259852,0.7538,0.9259,0.4302,0.3646,0.7006,0.4998,0.7538,0.6350,0.5695,0.2991,0.4998,0.6350,0.5695,0.0410,0.0369,0.0369,0.0246,0.6780,0.7695,0.6960,0.0915,-0.0735,22.62,-9.43,162.6,175.9,1.102,0.218,1.861
1791427767.3575683,0.8440,0.6350,0.6350,0.6350,0.4998,0.7538,0.5695,0.5695,0.6350,0.4302,0.4998,0.5695,0.4998,0.0369,0.0246,0.0369,0.0410,0.6780,0.7705,,0.0925,,22.76,-9.43,162.8,175.7,1.131,0.217,1.697
1791427767.3913755,0.8440,0.7538,0.6350,0.5695,0.7006,0.5695,0.6350,0.7006,0.5695,0.4302,0.2458,0.5695,0.6350,0.0410,0.0410,0.0737,0.0574,0.6820,0.7730,0.6920,0.0910,-0.0810,22.66,-9.47,162.8,175.4,1.193,0.218,1.917
1791427767.4243753,0.8767,0.6350,0.7006,0.7006,0.4998,0.7006,0.7006,0.6350,0.8030,0.3646,0.3646,0.5695,0.5695,0.0574,0.0369,0.0737,0.0369,0.6860,0.7700,0.6950,0.0840,-0.0750,22.00,-9.36,162.8,176.0,1.196,0.222,1.889
1791427767.457703,0.6350,0.6350,0.7006,0.7006,0.6350,0.6350,0.8030,0.5695,0.6350,0.1966,0.4998,0.6350,0.5695,0.0737,0.0574,0.0574,0.0410,0.6780,0.7715,0.6930,0.0935,-0.0785,22.20,-9.34,163.5,176.6,1.204,0.222,2.015
1791427767.4908988,0.6350,0.5695,0.7538,0.5695,0.4998,0.7538,0.8030,0.4998,0.7538,0.1966,0.2458,0.6350,0.5695,0.0574,0.0164,0.0164,0.0410,0.6780,0.7715,0.6950,0.0935,-0.0765,22.50,-9.36,163.2,176.1,1.146,0.220,
1791427767.5240984,0.7538,0.7006,0.6350,0.5695,0.5695,0.4998,0.7006,0.4998,0.5695,0.1229,0.4302,0.6350,0.4998,0.0942,0.0574,0.0737,0.0574,0.6780,0.7690,,0.0910,,22.83,-9.44,164.0,176.5,1.080,0.216,1.790
1791427767.5701985,0.7538,0.7006,0.8440,0.4998,0.6350,0.7538,0.7538,0.4998,0.5695,0.4302,0.4998,0.5695,0.5695,0.0574,0.0205,0.0942,0.0737,0.6780,0.7675,0.6950,0.0895,-0.0725,22.84,-9.41,163.2,176.4,1.110,0.215,1.781
1791427767.596344,0.4998,0.5695,0.8440,0.7538,0.5695,0.7006,0.8030,0.6350,0.7538,0.3646,0.4302,0.6350,0.6350,0.0246,0.0369,0.0574,0.0369,0.6780,0.7715,0.6940,0.0935,-0.0775,22.80,-9.42,162.8,175.9,1.162,0.217,1.818
1791427767.6289349,0.8030,0.6350,0.5695,0.4998,0.7006,0.7006,0.8440,0.4302,0.7006,0.2991,0.2458,0.5695,0.5695,0.0246,0.0369,0.0737,0.0410,0.6780,0.7730,0.6980,0.0950,-0.0750,23.27,-9.43,163.0,176.3,1.127,0.214,
1791427767.6587677,0.6350,0.6350,0.6350,0.7006,0.7006,0.7538,0.8030,0.6350,0.7006,0.5695,0.1966,0.6350,0.5695,0.0574,0.0369,0.0574,0.0410,0.6780,0.7715,0.6910,0.0935,-0.0805,22.89,-9.47,163.1,176.3,1.185,0.219,1.949
1791427767.6917274,0.7006,0.5695,0.6350,0.6350,0.7006,0.6350,0.8030,0.7006,0.7538,0.2991,0.2991,0.5695,0.5695,0.0574,0.0574,0.1229,0.0410,0.6780,0.7680,0.6950,0.0900,-0.0730,22.87,-9.49,162.2,176.3,1.082,0.218,
1791427767.7245712,0.7006,0.5695,0.6350,0.5695,0.6350,0.6350,0.8030,0.5695,0.6350,0.3646,0.6350,0.6350,0.4998,0.0574,0.0123,0.0410,0.0369,0.6820,0.7705,,0.0885,,22.84,-9.58,162.4,176.1,1.084,0.216,1.721
1791427767.7575896,0.7006,0.8030,0.4302,0.5695,0.5695,0.6350,0.8030,0.7538,0.7006,0.1966,0.3646,0.7006,0.5695,0.0737,0.0410,0.0737,0.0369,0.6820,0.7715,0.6910,0.0895,-0.0805,23.15,-9.71,163.4,175.9,1.113,0.212,1.806
1791427767.7920225,0.7538,0.8440,0.7538,0.4998,0.5695,0.7006,0.7538,0.4998,0.8030,0.1229,0.4302,0.5695,0.6350,0.0574,0.0369,0.0942,0.0574,0.6780,0.7705,0.6940,0.0925,-0.0765,23.53,-9.80,162.5,176.0,1.063,0.209,1.740
1791427767.8340557,0.7538,0.7006,0.8030,0.5695,0.6350,0.8030,0.7006,0.4998,0.7538,0.1966,0.2458,0.7006,0.4998,0.0410,0.0574,0.0574,0.0205,0.6820,0.7695,,0.0875,,23.22,-9.74,161.9,175.9,1.132,0.211,
1791427767.865142,0.7006,0.8440,0.7006,0.6350,0.4998,0.7006,0.6350,0.5695,0.7006,0.2991,0.4998,0.6350,0.5695,0.0410,0.0574,0.0737,0.0574,0.6780,0.7710,0.6910,0.0930,-0.0800,23.37,-9.86,161.7,175.1,1.094,0.211,1.864
1791427767.897711,0.7538,0.7538,0.8030,0.5695,0.3646,0.7538,0.7538,0.4302,0.7006,0.1557,0.2991,0.5695,0.5695,0.0737,0.0164,0.0574,0.0410,0.6780,0.7740,0.6900,0.0960,-0.0840,23.33,-9.87,161.1,175.6,1.204,0.213,
1791427767.9288194,0.8030,0.6350,0.4998,0.4998,0.2991,0.7006,0.7538,0.7006,0.8030,0.1966,0.2991,0.4998,0.5695,0.0369,0.0369,0.0574,0.0410,0.6780,0.7730,,0.0950,,23.62,-9.93,162.0,175.6,1.122,0.212,
1791427767.9596207,0.5695,0.6350,0.8030,0.7006,0.5695,0.8030,0.6350,0.7006,0.7538,0.2991,0.2458,0.6350,0.5695,0.0410,0.0369,0.0410,0.0369,0.6780,0.7665,0.6900,0.0885,-0.0765,23.34,-9.96,162.6,175.2,1.074,0.213,
1791427767.992233,0.8767,0.8030,0.7006,0.6350,0.7538,0.7006,0.7006,0.7006,0.5695,0.2991,0.5695,0.6350,0.4998,0.0737,0.0164,0.0410,0.0410,0.6780,0.7715,,0.0935,,23.66,-10.10,163.2,174.2,1.048,0.210,1.867
1791427768.024086,0.7006,0.7006,0.5695,0.5695,0.4998,0.7006,0.6350,0.7006,0.6350,0.1966,0.4998,0.5695,0.4998,0.0410,0.0410,0.0574,0.0574,0.6820,0.7705,,0.0885,,23.06,-9.90,162.8,174.3,1.214,0.215,2.086
1791427768.0578806,0.6350,0.5695,0.6350,0.4998,0.4302,0.5695,0.7538,0.5695,0.7006,0.2458,0.1966,0.5695,0.4998,0.0410,0.0410,0.0574,0.0369,0.6820,0.7710,,0.0890,,22.91,-9.92,162.3,174.5,1.122,0.215,
1791427768.0910783,0.7006,0.8030,0.6350,0.6350,0.5695,0.4998,0.8030,0.5695,0.6350,0.3646,0.6350,0.6350,0.6350,0.0205,0.0410,0.0574,0.0737,0.6780,0.7710,0.6950,0.0930,-0.0760,23.05,-9.91,161.8,175.0,1.092,0.215,1.729
1791427768.125664,0.7538,0.4998,0.6350,0.5695,0.6350,0.6350,0.8767,0.6350,0.7006,0.2991,0.6350,0.7006,0.6350,0.0410,0.0410,0.0737,0.0410,0.6830,0.7725,0.6940,0.0895,-0.0785,23.15,-9.94,161.6,174.9,1.103,0.213,1.904
1791427768.1641355,0.4302,0.7006,0.3646,0.5695,0.6350,0.7006,0.8030,0.5695,0.7006,0.2991,0.5695,0.5695,0.4998,0.0737,0.0410,0.0737,0.0369,0.6780,0.7695,,0.0915,,23.35,-10.04,161.8,175.0,1.039,0.211,1.784
1791427768.1966116,0.5695,0.8440,0.7006,0.4998,0.5695,0.4302,0.7006,0.5695,0.7538,0.2991,0.4998,0.5695,0.4998,0.0574,0.0410,0.0737,0.0205,0.6780,0.7705,,0.0925,,22.96,-9.96,161.7,174.6,1.141,0.216,1.996
1791427768.2277827,0.7006,0.8440,0.6350,0.6350,0.6350,0.6350,0.8030,0.6350,0.6350,0.4302,0.2991,0.4998,0.5695,0.0574,0.0246,0.0737,0.0246,0.6780,0.7690,,0.0910,,22.81,-9.87,161.7,174.7,1.131,0.217,1.782
1791427768.2593138,0.7006,0.6350,0.7538,0.5695,0.7006,0.7006,0.5695,0.7006,0.7538,0.5695,0.5695,0.5695,0.7006,0.0574,0.0164,0.0410,0.0410,0.6820,0.7705,0.6950,0.0885,-0.0755,22.40,-9.66,162.0,175.4,1.211,0.220,1.988
1791427768.2917933,0.7006,0.7006,0.7006,0.4998,0.5695,0.7006,0.5695,0.4998,0.4302,0.2458,0.4998,0.7006,0.5695,0.0737,0.0205,0.1229,0.0369,0.6780,0.7705,0.6950,0.0925,-0.0755,22.69,-9.65,161.0,175.7,1.111,0.218,1.900
1791427768.3251324,0.7538,0.7006,0.5695,0.4998,0.7006,0.7006,0.7006,0.7538,0.7006,0.3646,0.1557,0.6350,0.5695,0.0574,0.0369,0.0574,0.0737,0.6820,0.7730,0.6940,0.0910,-0.0790,22.93,-9.75,161.5,175.7,1.103,0.215,1.772
1791427768.3581293,0.8030,0.8030,0.5695,0.4302,0.4998,0.7006,0.7538,0.6350,0.7538,0.5695,0.3646,0.6350,0.5695,0.0737,0.0246,0.0410,0.0246,0.6820,0.7705,0.6950,0.0885,-0.0755,23.07,-9.78,161.5,175.3,1.084,0.213,1.721
1791427768.3923197,0.7006,0.7538,0.7006,0.6350,0.4998,0.7538,0.7538,0.7006,0.7538,0.2991,0.3646,0.5695,0.4998,0.0410,0.0246,0.0574,0.0410,0.6780,0.7665,,0.0885,,22.68,-9.66,160.7,174.9,1.121,0.216,1.934
1791427768.4248884,0.7538,0.7538,0.5695,0.6350,0.4302,0.4998,0.6350,0.6350,0.7538,0.4302,0.4998,0.5695,0.5695,0.0574,0.0369,0.0574,0.0369,0.6820,0.7705,0.6950,0.0885,-0.0755,22.40,-9.58,161.0,175.5,1.157,0.218,1.835
1791427768.4588902,0.7006,0.6350,0.6350,0.6350,0.6350,0.8030,0.6350,0.4302,0.6350,0.4302,0.4998,0.6350,0.5695,0.0246,0.0410,0.0737,0.0574,0.6840,0.7725,0.6890,0.0885,-0.0835,22.34,-9.56,161.4,175.0,1.245,0.218,1.807
1791427768.498689,0.7006,0.8030,0.5695,0.4998,0.4998,0.7538,0.6350,0.7538,0.6350,0.4302,0.2458,0.6350,0.5695,0.0942,0.0246,0.0574,0.0369,0.6820,0.7690,0.6960,0.0870,-0.0730,22.38,-9.61,161.0,174.6,1.053,0.216,1.780
1791427768.528896,0.7538,0.8440,0.4302,0.5695,0.7006,0.7006,0.7538,0.4998,0.6350,0.2991,0.1557,0.5695,0.4998,0.0369,0.0369,0.0737,0.0205,0.6820,0.7670,,0.0850,,22.08,-9.60,162.2,174.7,1.089,0.218,
1791427768.5598423,0.8030,0.6350,0.7006,0.6350,0.6350,0.7006,0.7006,0.7538,0.4998,0.4302,0.4302,0.5695,0.4998,0.0737,0.0246,0.0410,0.0369,0.6820,0.7695,,0.0875,,22.26,-9.73,161.5,174.7,1.044,0.215,1.644
1791427768.5934677,0.5695,0.7006,0.7538,0.4998,0.5695,0.6350,0.8440,0.6350,0.5695,0.4302,0.7006,0.5695,0.5695,0.0205,0.0246,0.0574,0.0410,0.6780,0.7735,0.6930,0.0955,-0.0805,22.72,-9.76,161.6,175.3,1.156,0.214,1.754
1791427768.6257398,0.7538,0.6350,0.6350,0.6350,0.5695,0.7538,0.7538,0.5695,0.7006,0.4302,0.4302,0.5695,0.5695,0.0410,0.0246,0.0574,0.0369,0.6780,0.7715,0.6940,0.0935,-0.0775,23.10,-9.77,161.7,175.3,1.122,0.212,1.703
1791427768.6591344,0.7006,0.8030,0.6350,0.6350,0.7006,0.7538,0.7006,0.5695,0.6350,0.2458,0.4302,0.6350,0.5695,0.0737,0.0205,0.0737,0.0369,0.6860,0.7705,0.6940,0.0845,-0.0765,22.84,-9.80,161.8,174.4,1.089,0.212,1.856
1791427768.692308,0.8767,0.5695,0.7006,0.5695,0.5695,0.5695,0.8030,0.5695,0.6350,0.2991,0.5695,0.7538,0.5695,0.0574,0.0574,0.0737,0.0410,0.6820,0.7745,0.6910,0.0925,-0.0835,22.94,-9.83,162.2,174.8,1.191,0.212,1.977
1791427768.725799,0.5695,0.5695,0.7006,0.5695,0.6350,0.7006,0.7538,0.7006,0.6350,0.4998,0.4998,0.5695,0.5695,0.0205,0.0164,0.0737,0.0410,0.6780,0.7720,0.6940,0.0940,-0.0780,23.24,-9.82,161.6,174.8,1.132,0.211,1.790
1791427768.7671382,0.6350,0.7006,0.6350,0.4302,0.6350,0.5695,0.7006,0.6350,0.7538,0.2991,0.4998,0.5695,0.4998,0.0942,0.0205,0.0942,0.0246,0.6780,0.7715,,0.0935,,23.11,-9.71,161.1,174.9,1.194,0.214,2.043
1791427768.798766,0.6350,0.7538,0.7006,0.5695,0.4998,0.5695,0.8030,0.7538,0.8030,0.1557,0.4998,0.4998,0.5695,0.0369,0.0369,0.0410,0.0369,0.6820,0.7710,,0.0890,,23.07,-9.73,160.1,175.3,1.122,0.213,1.894
1791427768.8298628,0.6350,0.8030,0.6350,0.5695,0.6350,0.6350,0.7006,0.4302,0.6350,0.3646,0.6350,0.6350,0.4998,0.0369,0.0369,0.0410,0.0369,0.6860,0.7715,,0.0855,,23.01,-9.83,160.4,175.7,1.080,0.211,1.738
1791427768.8622663,0.8030,0.7538,0.5695,0.7006,0.5695,0.7538,0.8030,0.5695,0.5695,0.2458,0.5695,0.5695,0.4998,0.0369,0.0205,0.0737,0.0574,0.6780,0.7715,,0.0935,,23.08,-9.88,161.1,175.6,1.097,0.212,1.902
1791427768.8926475,0.7006,0.8030,0.5695,0.7006,0.5695,0.7006,0.6350,0.7006,0.7538,0.4302,0.2991,0.6350,0.4998,0.0574,0.0410,0.0369,0.0410,0.6780,0.7690,,0.0910,,22.80,-9.79,161.3,174.5,1.139,0.215,1.774
1791427768.9266124,0.4302,0.7006,0.8030,0.4998,0.5695,0.5695,0.4998,0.5695,0.5695,0.3646,0.4998,0.4998,0.5695,0.0369,0.0410,0.0574,0.0737,0.6780,0.7670,,0.0890,,22.18,-9.58,161.2,175.0,1.190,0.221,1.826
1791427768.9592092,0.8030,0.7538,0.6350,0.4302,0.4998,0.4998,0.7006,0.6350,0.4998,0.6350,0.3646,0.4998,0.5695,0.0410,0.0369,0.0942,0.0369,0.6780,0.7670,,0.0890,,22.20,-9.65,161.6,175.0,1.048,0.221,1.824
1791427768.9920492,0.7538,0.6350,0.6350,0.7538,0.6350,0.6350,0.7538,0.6350,0.7538,0.2458,0.6350,0.6350,0.6350,0.0369,0.0410,0.0574,0.0737,0.6780,0.7695,0.6940,0.0915,-0.0755,22.31,-9.59,162.0,174.7,1.146,0.220,1.903
1791427769.0266857,0.7538,0.6350,0.4998,0.4998,0.5695,0.7538,0.7538,0.6350,0.6350,0.2991,0.5695,0.6350,0.6350,0.0410,0.0410,0.0574,0.0574,0.6780,0.7705,0.6950,0.0925,-0.0755,22.33,-9.57,162.3,174.6,1.132,0.221,1.953
1791427769.068682,0.8767,0.6350,0.6350,0.6350,0.7006,0.3646,0.7006,0.4302,0.7538,0.4302,0.6350,0.6350,0.6350,0.0369,0.0369,0.0410,0.0410,0.6830,0.7690,0.6950,0.0860,-0.0740,22.44,-9.54,162.8,175.1,1.112,0.217,1.802
1791427769.0990508,0.7006,0.5695,0.7006,0.7006,0.7006,0.5695,0.8440,0.4998,0.6350,0.2991,0.4998,0.5695,0.5695,0.0737,0.0574,0.0574,0.0574,0.6830,0.7675,0.6940,0.0845,-0.0735,22.46,-9.63,162.2,174.5,1.042,0.215,1.766
1791427769.1307027,0.4998,0.5695,0.4998,0.7538,0.4998,0.6350,0.7538,0.4998,0.7006,0.3646,0.5695,0.6350,0.5695,0.0369,0.0410,0.0410,0.0410,0.6780,0.7725,0.6950,0.0945,-0.0775,22.65,-9.56,162.7,174.2,1.183,0.215,1.951
1791427769.161781,0.7006,0.2991,0.7006,0.7006,0.6350,0.6350,0.6350,0.5695,0.7538,0.4302,0.4998,0.6350,0.4998,0.0369,0.0410,0.0574,0.0574,0.6780,0.7705,,0.0925,,22.89,-9.64,162.6,173.6,1.084,0.214,1.767
1791427769.1935127,0.7006,0.4998,0.8767,0.5695,0.5695,0.6350,0.8440,0.6350,0.7538,0.1557,0.6350,0.5695,0.4998,0.0574,0.0164,0.0410,0.0574,0.6780,0.7740,,0.0960,,23.18,-9.64,161.5,173.4,1.172,0.214,2.007
1791427769.226506,0.8030,0.7538,0.7006,0.7006,0.4998,0.7538,0.6350,0.4998,0.6350,0.1966,0.5695,0.6350,0.6350,0.0942,0.0369,0.0737,0.0369,0.6790,0.7715,0.6960,0.0925,-0.0755,23.02,-9.54,160.8,174.2,1.172,0.216,2.024
1791427769.259893,0.7538,0.5695,0.4998,0.5695,0.4302,0.7006,0.7538,0.8030,0.6350,0.2991,0.2991,0.5695,0.5695,0.0410,0.0410,0.0410,0.0574,0.6830,0.7705,0.6950,0.0875,-0.0755,22.88,-9.62,161.6,173.9,1.075,0.215,
1791427769.292907,0.7006,0.5695,0.7006,0.4998,0.6350,0.7538,0.7006,0.5695,0.6350,0.3646,0.4302,0.6350,0.5695,0.0574,0.0574,0.0574,0.0369,0.6780,0.7710,0.6930,0.0930,-0.0780,23.05,-9.73,162.5,174.3,1.085,0.215,1.687
1791427769.325829,0.7538,0.8030,0.6350,0.5695,0.6350,0.8030,0.6350,0.5695,0.5695,0.4998,0.2991,0.7006,0.6350,0.0737,0.0369,0.0410,0.0369,0.6780,0.7710,0.6890,0.0930,-0.0820,23.09,-9.83,162.4,174.6,1.137,0.215,1.819
1791427769.3598206,0.4998,0.4302,0.7006,0.5695,0.5695,0.5695,0.7538,0.5695,0.7006,0.4998,0.2458,0.5695,0.5695,0.0574,0.0246,0.0574,0.0369,0.6830,0.7695,0.6890,0.0865,-0.0805,22.37,-9.73,162.5,174.7,1.221,0.220,2.011
1791427769.4000545,0.5695,0.5695,0.4998,0.6350,0.5695,0.7006,0.7538,0.5695,0.7538,0.3646,0.4998,0.6350,0.5695,0.0574,0.0410,0.0410,0.0164,0.6780,0.7690,0.6860,0.0910,-0.0830,22.20,-9.79,162.4,175.1,1.172,0.222,1.853
1791427769.4321625,0.7006,0.6350,0.8440,0.5695,0.5695,0.5695,0.6350,0.4998,0.7006,0.2991,0.2991,0.5695,0.6350,0.1229,0.0369,0.0942,0.0369,0.6780,0.7725,0.6910,0.0945,-0.0815,22.40,-9.80,161.5,175.0,1.177,0.222,
1791427769.4649432,0.7006,0.7006,0.7006,0.6350,0.5695,0.7006,0.6350,0.6350,0.6350,0.2458,0.5695,0.6350,0.4998,0.0410,0.0246,0.0410,0.0410,0.6780,0.7700,,0.0920,,22.24,-9.81,162.3,175.0,1.137,0.224,1.987
1791427769.4955387,0.7006,0.8440,0.7006,0.5695,0.7006,0.4998,0.7538,0.5695,0.6350,0.4302,0.4302,0.4998,0.5695,0.0369,0.0369,0.0574,0.0369,0.6780,0.7685,,0.0905,,22.29,-9.88,162.5,174.6,1.074,0.223,1.753
1791427769.5283904,0.6350,0.7006,0.7006,0.6350,0.7006,0.7538,0.6350,0.4998,0.7006,0.2991,0.4998,0.6350,0.4998,0.0942,0.0205,0.0574,0.0369,0.6830,0.7725,,0.0895,,22.35,-9.95,161.4,174.9,1.127,0.221,1.928
1791427769.5596178,0.7006,0.8440,0.5695,0.4302,0.6350,0.7006,0.6350,0.4998,0.4998,0.2991,0.6350,0.6350,0.6350,0.0737,0.0574,0.0574,0.0574,0.6830,0.7710,0.6890,0.0880,-0.0820,22.37,-10.04,161.4,174.5,1.118,0.220,1.862
1791427769.593094,0.8030,0.7006,0.6350,0.3646,0.4302,0.6350,0.7538,0.6350,0.6350,0.3646,0.3646,0.5695,0.5695,0.0574,0.0246,0.0574,0.0410,0.6780,0.7700,0.6900,0.0920,-0.0800,22.39,-9.95,161.6,175.1,1.181,0.220,1.814
1791427769.626495,0.6350,0.4998,0.7006,0.7538,0.5695,0.7538,0.8030,0.5695,0.8030,0.5695,0.5695,0.6350,0.5695,0.0737,0.0246,0.0737,0.0369,0.6830,0.7700,0.6950,0.0870,-0.0750,22.43,-9.93,161.6,175.2,1.080,0.218,1.741
1791427769.6606865,0.8030,0.6350,0.7538,0.5695,0.6350,0.6350,0.5695,0.6350,0.7538,0.1966,0.6350,0.5695,0.4998,0.0574,0.0369,0.0574,0.0574,0.6780,0.7740,,0.0960,,23.40,-10.28,160.3,175.9,0.981,0.211,1.634
1791427769.6937742,0.7538,0.6350,0.6350,0.5695,0.7006,0.7006,0.7006,0.6350,0.4998,0.3646,0.5695,0.7006,0.5695,0.0737,0.0410,0.0574,0.0410,0.6830,0.7730,0.6950,0.0900,-0.0780,23.27,-10.11,160.9,175.5,1.167,0.211,1.865
1791427769.7350109,0.7006,0.4998,0.6350,0.6350,0.4302,0.8767,0.6350,0.7538,0.7006,0.1966,0.4998,0.6350,0.6350,0.0574,0.0410,0.0574,0.0574,0.6830,0.7715,0.6950,0.0885,-0.0765,23.29,-10.05,161.0,175.2,1.108,0.210,1.877
1791427769.7660868,0.7006,0.4998,0.7538,0.5695,0.7006,0.7006,0.6350,0.3646,0.6350,0.1557,0.6350,0.5695,0.5695,0.0369,0.0205,0.0737,0.0369,0.6780,0.7740,0.6930,0.0960,-0.0810,23.62,-10.00,160.1,174.9,1.171,0.209,1.935
1791427769.7982936,0.6350,0.7538,0.6350,0.4302,0.4998,0.7538,0.7538,0.6350,0.5695,0.2991,0.5695,0.5695,0.4998,0.0410,0.0410,0.0574,0.0369,0.6830,0.7710,,0.0880,,23.61,-10.00,159.7,175.3,1.108,0.208,1.830
1791427769.828373,0.8440,0.8767,0.8440,0.6350,0.5695,0.6350,0.8440,0.5695,0.8030,0.1966,0.4302,0.4302,0.4998,0.0574,0.0205,0.0410,0.0410,0.6780,0.7745,,0.0965,,23.82,-10.03,159.6,175.4,1.141,0.208,1.969
1791427769.8614495,0.6350,0.7006,0.7538,0.6350,0.6350,0.6350,0.8440,0.5695,0.8030,0.3646,0.4302,0.6350,0.5695,0.0942,0.0205,0.0737,0.0369,0.6780,0.7710,0.6950,0.0930,-0.0760,23.74,-9.98,160.0,175.6,1.107,0.210,1.740
1791427769.8936887,0.6350,0.7006,0.6350,0.7538,0.4998,0.7006,0.7538,0.7006,0.7006,0.2991,0.4998,0.5695,0.5695,0.0246,0.0205,0.0574,0.0369,0.6780,0.7710,0.6940,0.0930,-0.0770,23.28,-9.77,159.7,175.6,1.216,0.215,2.053
1791427769.928205,0.7006,0.6350,0.8767,0.5695,0.4998,0.7006,0.7538,0.6350,0.7006,0.1966,0.4998,0.6350,0.5695,0.0942,0.0246,0.0737,0.0410,0.6780,0.7715,0.6940,0.0935,-0.0775,23.44,-9.78,160.2,175.5,1.116,0.213,1.885
1791427769.9605527,0.7538,0.6350,0.7538,0.5695,0.5695,0.7006,0.8030,0.6350,0.7538,0.3646,0.4302,0.5695,0.5695,0.0369,0.0410,0.0410,0.0410,0.6830,0.7685,0.6920,0.0855,-0.0765,22.96,-9.71,161.0,175.7,1.154,0.215,1.821
1791427769.994179,0.8440,0.6350,0.5695,0.5695,0.6350,0.7538,0.6350,0.4998,0.7006,0.4302,0.4302,0.6350,0.5695,0.0369,0.0246,0.0410,0.0205,0.6780,0.7705,0.6880,0.0925,-0.0825,23.21,-9.77,161.5,175.9,1.170,0.213,1.777
1791427770.0279105,0.6350,0.6350,0.7006,0.5695,0.6350,0.6350,0.7006,0.6350,0.6350,0.4302,0.4998,0.6350,0.6350,0.0123,0.0205,0.0369,0.0410,0.6780,0.7710,0.6890,0.0930,-0.0820,23.33,-9.81,161.8,176.0,1.166,0.213,1.839
1791427770.0681465,0.6350,0.3646,0.7538,0.6350,0.6350,0.7538,0.7538,0.7538,0.6350,0.3646,0.7006,0.5695,0.6350,0.0369,0.0246,0.0410,0.0164,0.6780,0.7720,0.6940,0.0940,-0.0780,23.13,-9.73,162.0,175.9,1.173,0.216,1.826
1791427770.0983598,0.7538,0.5695,0.7006,0.4998,0.6350,0.7006,0.7006,0.6350,0.8030,0.4302,0.2458,0.5695,0.4998,0.0369,0.0410,0.0574,0.0369,0.6780,0.7715,,0.0935,,23.50,-9.78,162.1,175.8,1.132,0.213,1.826
1791427770.1296084,0.7538,0.6350,0.8030,0.7538,0.4998,0.7538,0.6350,0.5695,0.7538,0.3646,0.5695,0.7006,0.5695,0.0246,0.0410,0.0942,0.0410,0.6780,0.7695,0.6930,0.0915,-0.0765,23.73,-9.87,162.7,175.9,1.054,0.210,1.714
1791427770.1606576,0.8030,0.7006,0.6350,0.6350,0.4998,0.6350,0.7538,0.6350,0.6350,0.4302,0.7006,0.6350,0.6350,0.0369,0.0369,0.0942,0.0410,0.6780,0.7710,0.6910,0.0930,-0.0800,23.74,-9.98,162.8,175.7,1.084,0.210,1.768
1791427770.1947477,0.8030,0.5695,0.6350,0.4998,0.4998,0.7006,0.8030,0.5695,0.8767,0.3646,0.4998,0.5695,0.6350,0.0369,0.0574,0.0574,0.0205,0.6780,0.7675,0.6870,0.0895,-0.0805,23.47,-10.01,162.7,175.0,1.127,0.211,1.748
1791427770.2284465,0.6350,0.7538,0.4998,0.7006,0.6350,0.5695,0.7006,0.6350,0.5695,0.3646,0.4998,0.5695,0.5695,0.0574,0.0246,0.0369,0.0205,0.6780,0.7705,0.6950,0.0925,-0.0755,23.59,-9.99,162.9,175.1,1.084,0.211,1.760
1791427770.2606263,0.4998,0.4998,0.5695,0.4998,0.5695,0.8440,0.7538,0.7538,0.6350,0.2991,0.4302,0.5695,0.4998,0.1229,0.0246,0.0737,0.0369,0.6830,0.7705,,0.0875,,23.63,-10.03,161.4,175.2,1.090,0.208,1.815
1791427770.2943645,0.4998,0.7006,0.4302,0.7006,0.4302,0.6350,0.7006,0.7006,0.7006,0.4998,0.1557,0.6350,0.4998,0.0369,0.0410,0.0410,0.0574,0.6780,0.7655,,0.0875,,23.34,-9.88,161.4,175.5,1.131,0.209,1.782
1791427770.3271856,0.7538,0.6350,0.6350,0.6350,0.5695,0.3646,0.6350,0.4998,0.5695,0.4302,0.4302,0.5695,0.5695,0.0369,0.0205,0.0369,0.0410,0.6780,0.7705,0.6940,0.0925,-0.0765,23.48,-9.88,161.5,176.1,1.098,0.209,1.693
1791427770.3680997,0.4998,0.7538,0.5695,0.6350,0.6350,0.8030,0.7006,0.6350,0.6350,0.3646,0.5695,0.5695,0.5695,0.0369,0.0737,0.0737,0.0574,0.6830,0.7670,0.6940,0.0840,-0.0730,23.23,-9.90,161.7,175.4,1.034,0.208,1.704
1791427770.3989866,0.5695,0.7006,0.8030,0.5695,0.6350,0.6350,0.7538,0.6350,0.8030,0.3646,0.3646,0.6350,0.5695,0.0410,0.0574,0.0574,0.0410,0.6780,0.7680,0.6890,0.0900,-0.0790,22.78,-9.74,162.3,176.2,1.226,0.213,1.923
1791427770.4306707,0.5695,0.6350,0.8030,0.4998,0.5695,0.7006,0.7006,0.6350,0.6350,0.2458,0.5695,0.7006,0.5695,0.0410,0.0410,0.0942,0.0369,0.6780,0.7690,0.6960,0.0910,-0.0730,22.96,-9.68,161.7,176.0,1.099,0.212,1.847
1791427770.4620457,0.8030,0.8440,0.7006,0.7006,0.5695,0.5695,0.7538,0.5695,0.4998,0.3646,0.1966,0.6350,0.5695,0.0574,0.0574,0.0737,0.0410,0.6780,0.7690,0.6890,0.0910,-0.0800,22.81,-9.69,162.2,175.9,1.167,0.214,1.835
1791427770.494398,0.7006,0.5695,0.7538,0.7538,0.4998,0.7538,0.7006,0.4302,0.7538,0.3646,0.2991,0.5695,0.5695,0.0574,0.0123,0.0410,0.0164,0.6780,0.7655,0.6980,0.0875,-0.0675,22.43,-9.44,161.2,175.3,1.137,0.217,1.747
1791427770.5280747,0.4998,0.5695,0.5695,0.4302,0.4998,0.7538,0.7538,0.4998,0.4302,0.3646,0.2458,0.5695,0.4998,0.0369,0.0369,0.0574,0.0369,0.6780,0.7680,,0.0900,,22.69,-9.54,160.8,175.8,1.066,0.214,1.698
1791427770.5610101,0.7006,0.7006,0.7538,0.7538,0.3646,0.7006,0.7006,0.4998,0.7538,0.2991,0.5695,0.5695,0.5695,0.1229,0.0737,0.0942,0.0574,0.6780,0.7685,0.6950,0.0905,-0.0735,22.69,-9.48,160.7,175.5,1.126,0.215,1.884
1791427770.5943687,0.7538,0.4998,0.7006,0.4998,0.4302,0.4998,0.6350,0.6350,0.5695,0.1557,0.3646,0.7006,0.5695,0.0410,0.0246,0.0369,0.0574,0.6780,0.7690,0.6890,0.0910,-0.0800,22.68,-9.51,159.7,175.4,1.182,0.216,1.945
1791427770.6357143,0.6350,0.6350,0.7006,0.5695,0.4998,0.6350,0.7006,0.5695,0.5695,0.2458,0.2458,0.5695,0.5695,0.0410,0.0246,0.0574,0.0737,0.6830,0.7700,0.6890,0.0870,-0.0810,22.97,-9.79,159.4,176.0,1.039,0.211,
1791427770.6669645,0.6350,0.7006,0.8030,0.4998,0.7006,0.7006,0.8030,0.5695,0.6350,0.4302,0.4998,0.6350,0.5695,0.0942,0.0246,0.0574,0.0410,0.6780,0.7690,0.6930,0.0910,-0.0760,22.97,-9.83,159.9,175.5,1.080,0.212,1.768
1791427770.6984417,0.5695,0.6350,0.7006,0.7006,0.7538,0.5695,0.7538,0.2991,0.5695,0.2458,0.7006,0.6350,0.4998,0.0410,0.0123,0.0574,0.0369,0.6780,0.7695,,0.0915,,22.96,-9.79,159.7,175.5,1.141,0.213,1.933
1791427770.7307117,0.7538,0.5695,0.5695,0.4998,0.2458,0.6350,0.5695,0.6350,0.7538,0.4302,0.4998,0.5695,0.4998,0.0574,0.0574,0.0737,0.0737,0.6780,0.7700,,0.0920,,23.11,-9.92,160.0,174.9,1.051,0.212,1.724
1791427770.7624218,0.8030,0.7538,0.7538,0.6350,0.6350,0.6350,0.7006,0.6350,0.4998,0.2458,0.4302,0.5695,0.5695,0.0574,0.0574,0.0942,0.0205,0.6780,0.7710,0.6930,0.0930,-0.0780,23.47,-10.01,159.1,174.5,1.064,0.210,1.844
1791427770.7951941,0.7006,0.6350,0.7538,0.4998,0.7538,0.4998,0.6350,0.4998,0.6350,0.3646,0.4302,0.5695,0.5695,0.0574,0.0369,0.0574,0.0369,0.6780,0.7695,0.6940,0.0915,-0.0755,23.54,-9.94,160.2,175.0,1.108,0.209,1.834
1791427770.8355799,0.7538,0.8030,0.6350,0.5695,0.4998,0.8440,0.4998,0.7006,0.6350,0.2991,0.4998,0.5695,0.6350,0.0574,0.0205,0.0574,0.0369,0.6780,0.7680,0.6930,0.0900,-0.0750,23.59,-9.96,160.9,174.8,1.062,0.208,1.826
1791427770.8669581,0.5695,0.6350,0.6350,0.4998,0.5695,0.6350,0.7006,0.6350,0.5695,0.3646,0.4998,0.6350,0.5695,0.1229,0.0246,0.0369,0.0369,0.6780,0.7690,0.6920,0.0910,-0.0770,23.63,-9.93,161.8,174.6,1.111,0.208,1.832
1791427770.8982077,0.8440,0.9054,0.6350,0.7006,0.4998,0.6350,0.7538,0.4998,0.7538,0.2458,0.7006,0.6350,0.6350,0.0410,0.0369,0.0737,0.0369,0.6830,0.7710,0.6940,0.0880,-0.0770,23.51,-9.93,161.5,174.1,1.098,0.208,1.862
1791427770.9306827,0.7538,0.6350,0.3646,0.4302,0.6350,0.5695,0.7538,0.6350,0.7538,0.4302,0.3646,0.5695,0.6350,0.0737,0.0246,0.0574,0.0369,0.6780,0.7690,0.6830,0.0910,-0.0860,23.43,-10.01,161.7,174.7,1.186,0.209,1.842
1791427770.9615016,0.7006,0.7538,0.7538,0.4998,0.6350,0.7006,0.7006,0.4998,0.5695,0.4302,0.1966,0.6350,0.6350,0.0246,0.0246,0.0369,0.0205,0.6780,0.7715,0.6940,0.0935,-0.0775,23.47,-9.83,162.2,175.1,1.198,0.210,1.799
1791427770.9952736,0.7006,0.7006,0.5695,0.6350,0.6350,0.6350,0.7006,0.5695,0.4998,0.1966,0.4998,0.5695,0.6350,0.0205,0.0369,0.0942,0.0369,0.6780,0.7705,0.6920,0.0925,-0.0785,23.36,-9.78,160.7,175.3,1.162,0.211,1.901
1791427771.0283866,0.7006,0.6350,0.5695,0.4998,0.6350,0.7538,0.4998,0.5695,0.7006,0.2991,0.7006,0.5695,0.4302,0.0369,0.0410,0.0574,0.0369,0.6780,0.7720,,0.0940,,23.70,-9.82,160.5,175.5,1.142,0.209,1.893
1791427771.062137,0.7006,0.6350,0.6350,0.4998,0.4998,0.6350,0.7006,0.6350,0.7538,0.2991,0.6350,0.5695,0.5695,0.0574,0.0410,0.0942,0.0574,0.6780,0.7710,0.6970,0.0930,-0.0740,23.42,-9.67,160.0,175.4,1.157,0.213,2.014
1791427771.0956912,0.7538,0.5695,0.7006,0.7006,0.4998,0.6350,0.6350,0.5695,0.7006,0.2458,0.4302,0.6350,0.6350,0.0410,0.0410,0.0574,0.0369,0.6780,0.7705,0.6940,0.0925,-0.0765,23.54,-9.68,159.6,175.5,1.117,0.212,1.869
1791427771.1375182,0.7538,0.4998,0.2458,0.4998,0.3646,0.8030,0.7006,0.5695,0.7538,0.2991,0.4302,0.5695,0.5695,0.0574,0.0246,0.0574,0.0942,0.6780,0.7705,0.6910,0.0925,-0.0795,23.39,-9.66,161.2,175.9,1.178,0.213,1.971
1791427771.1684213,0.6350,0.7006,0.4998,0.4998,0.6350,0.7538,0.5695,0.7006,0.6350,0.3646,0.5695,0.6350,0.5695,0.0410,0.0410,0.0410,0.0574,0.6780,0.7700,0.6910,0.0920,-0.0790,23.64,-9.73,161.3,175.8,1.118,0.211,1.663
1791427771.2002873,0.6350,0.5695,0.6350,0.7006,0.4998,0.6350,0.3646,0.7006,0.8767,0.4302,0.3646,0.5695,0.6350,0.0164,0.0164,0.0410,0.0369,0.6780,0.7715,0.6840,0.0935,-0.0875,23.39,-9.82,161.3,176.2,1.219,0.214,1.951
1791427771.2332015,0.7538,0.7538,0.6350,0.4998,0.7538,0.7006,0.6350,0.3646,0.5695,0.3646,0.6350,0.6350,0.6350,0.0410,0.0205,0.0574,0.0574,0.6830,0.7700,0.6880,0.0870,-0.0820,23.13,-9.89,161.4,175.6,1.146,0.214,1.789
1791427771.2638743,0.7538,0.7006,0.7006,0.4998,0.6350,0.7006,0.6350,0.5695,0.7006,0.1557,0.2991,0.5695,0.6350,0.0942,0.0410,0.0369,0.0369,0.6780,0.7710,0.6940,0.0930,-0.0770,23.59,-9.92,160.7,175.1,1.085,0.210,
1791427771.2961648,0.7538,0.6350,0.7006,0.6350,0.5695,0.8030,0.7538,0.7538,0.5695,0.2458,0.5695,0.5695,0.5695,0.0737,0.0369,0.0942,0.0369,0.6780,0.7735,0.6950,0.0955,-0.0785,23.67,-9.87,160.3,175.5,1.152,0.211,1.988
1791427771.3294003,0.4998,0.6350,0.6350,0.6350,0.5695,0.7006,0.8767,0.6350,0.6350,0.4302,0.4302,0.5695,0.5695,0.0574,0.0737,0.0942,0.0410,0.6780,0.7690,0.6930,0.0910,-0.0760,23.71,-9.89,160.3,175.5,1.079,0.210,1.614
1791427771.362064,0.4998,0.4998,0.7538,0.5695,0.6350,0.8030,0.7538,0.4998,0.7006,0.2991,0.6350,0.5695,0.5695,0.0205,0.0410,0.0737,0.0410,0.6830,0.7715,0.6940,0.0885,-0.0775,23.50,-9.87,161.9,175.6,1.127,0.210,1.917
1791427771.3952928,0.7538,0.5695,0.4998,0.4302,0.4302,0.5695,0.8030,0.4998,0.5695,0.1557,0.4302,0.6350,0.5695,0.0574,0.0205,0.0410,0.0246,0.6780,0.7690,0.6960,0.0910,-0.0730,23.42,-9.88,159.7,175.8,1.039,0.211,1.825
1791427771.4283686,0.8440,0.7006,0.8030,0.7006,0.4998,0.5695,0.6350,0.6350,0.4998,0.3646,0.5695,0.5695,0.6350,0.0369,0.0369,0.0410,0.0369,0.6780,0.7710,0.6950,0.0930,-0.0760,23.67,-9.95,160.0,175.4,1.053,0.209,1.692
1791427771.4623613,0.8030,0.7006,0.7538,0.4998,0.4998,0.7006,0.7006,0.5695,0.6350,0.2458,0.4302,0.6350,0.5695,0.0574,0.0246,0.0737,0.0246,0.6780,0.7710,0.6950,0.0930,-0.0760,23.73,-9.95,158.7,174.8,1.083,0.209,1.877
1791427771.501348,0.7538,0.6350,0.6350,0.5695,0.7538,0.7538,0.8030,0.6350,0.5695,0.2458,0.4302,0.6350,0.4998,0.0205,0.0205,0.0410,0.0369,0.6790,0.7700,,0.0910,,23.75,-10.04,158.6,175.0,1.035,0.208,1.794
1791427771.5335894,0.8440,0.7006,0.6350,0.5695,0.5695,0.6350,0.6350,0.4302,0.6350,0.0942,0.6350,0.5695,0.4998,0.0410,0.0574,0.0737,0.0737,0.6780,0.7550,,0.0770,,23.09,-9.66,151.0,175.1,1.076,0.208,1.808
1791427771.5654862,0.4302,0.4998,0.5695,0.7006,0.6350,0.7006,0.7538,0.5695,0.6350,0.3646,0.4998,0.5695,0.5695,0.0369,0.0574,0.0574,0.0737,0.6780,0.7695,0.6950,0.0915,-0.0745,23.09,-9.63,153.3,174.9,1.111,0.210,1.772
1791427771.5976012,0.7538,0.8440,0.8440,0.6350,0.7006,0.5695,0.7538,0.4302,0.7538,0.2458,0.4302,0.6350,0.5695,0.0737,0.0369,0.0942,0.0410,0.6790,0.7675,0.6960,0.0885,-0.0715,23.05,-9.67,154.3,175.1,1.029,0.210,1.807
1791427771.6286962,0.6350,0.4302,0.6350,0.5695,0.5695,0.8440,0.8030,0.5695,0.7006,0.3646,0.5695,0.6350,0.4998,0.0410,0.0737,0.0737,0.0205,0.6830,0.7695,,0.0865,,23.01,-9.69,155.6,175.0,1.090,0.209,1.663
1791427771.6629927,0.5695,0.4998,0.4998,0.6350,0.7006,0.7538,0.7006,0.4998,0.7006,0.3646,0.4302,0.5695,0.4998,0.0574,0.0574,0.0574,0.0737,0.6790,0.7705,,0.0915,,23.06,-9.80,157.0,174.2,1.055,0.210,1.711
1791427771.6959393,0.7538,0.7538,0.7538,0.6350,0.5695,0.6350,0.5695,0.5695,0.7006,0.3646,0.6350,0.6350,0.5695,0.0410,0.0369,0.0369,0.0369,0.6830,0.7715,0.6950,0.0885,-0.0765,23.07,-9.79,158.4,174.3,1.113,0.209,1.775
1791427771.729193,0.7006,0.6350,0.7006,0.3646,0.6350,0.5695,0.7006,0.4998,0.7006,0.1557,0.4302,0.6350,0.5695,0.0574,0.0205,0.0574,0.0369,0.6780,0.7715,0.6950,0.0935,-0.0765,23.32,-9.81,158.0,174.7,1.098,0.209,1.954
1791427771.7632227,0.7006,0.7538,0.7006,0.7006,0.7006,0.8767,0.7538,0.7006,0.6350,0.1966,0.5695,0.5695,0.5695,0.0737,0.0246,0.0574,0.0410,0.6790,0.7540,0.6900,0.0750,-0.0640,22.85,-9.62,153.1,173.7,1.028,0.206,1.744
1791427771.804184,0.6350,0.7538,0.5695,0.5695,0.8030,0.5695,0.5695,0.6350,0.5695,0.2991,0.4302,0.7006,0.5695,0.0574,0.0246,0.0410,0.0369,0.6790,0.7685,0.6950,0.0895,-0.0735,22.77,-9.56,155.4,173.8,1.122,0.208,1.895
1791427771.8349175,0.7006,0.7006,0.4998,0.6350,0.4998,0.7538,0.8030,0.6350,0.7538,0.4302,0.4998,0.5695,0.4998,0.0369,0.0369,0.0574,0.0410,0.6860,0.7720,,0.0860,,22.84,-9.58,156.9,174.3,1.146,0.207,1.795
1791427771.8656738,0.7006,0.6350,0.3646,0.5695,0.7538,0.6350,0.8440,0.5695,0.6350,0.4302,0.4302,0.7006,0.5695,0.0942,0.0410,0.0737,0.0574,0.6830,0.7750,0.6960,0.0920,-0.0790,22.92,-9.53,158.6,174.5,1.199,0.208,1.826
1791427771.8969285,0.4302,0.5695,0.7006,0.5695,0.5695,0.6350,0.7538,0.5695,0.6350,0.2991,0.4302,0.5695,0.6350,0.0574,0.0369,0.0574,0.0369,0.6790,0.7695,0.6990,0.0905,-0.0705,23.06,-9.43,159.4,174.9,1.111,0.208,1.859
1791427771.929913,0.7006,0.6350,0.6350,0.6350,0.6350,0.5695,0.4998,0.5695,0.5695,0.2991,0.6350,0.6350,0.4998,0.0737,0.0574,0.0737,0.0410,0.6790,0.7725,,0.0935,,23.35,-9.53,159.0,175.2,1.102,0.207,1.885
1791427771.9624536,0.6350,0.6350,0.6350,0.4998,0.7006,0.7006,0.7538,0.5695,0.5695,0.4302,0.5695,0.5695,0.5695,0.1557,0.0369,0.0737,0.0410,0.6830,0.7670,0.6960,0.0840,-0.0710,23.19,-9.61,158.5,173.7,1.012,0.206,1.572
1791427771.9959908,0.7006,0.7006,0.5695,0.4302,0.4302,0.7538,0.7538,0.4998,0.7006,0.4302,0.4302,0.5695,0.4998,0.0410,0.0246,0.0737,0.0410,0.6860,0.7695,,0.0835,,23.06,-9.76,159.3,174.1,1.006,0.205,1.657
1791427772.0298948,0.4302,0.5695,0.7006,0.7006,0.5695,0.7006,0.7006,0.6350,0.8030,0.4302,0.6350,0.7006,0.5695,0.0369,0.0369,0.0410,0.0369,0.6790,0.7725,0.6930,0.0935,-0.0795,23.57,-9.84,159.7,174.4,1.108,0.203,1.745
1791427772.0626876,0.7538,0.5695,0.7006,0.3646,0.5695,0.7006,0.6350,0.4998,0.5695,0.3646,0.7006,0.6350,0.4998,0.0410,0.0369,0.0942,0.0410,0.6790,0.7705,,0.0915,,23.75,-9.82,160.4,174.4,1.103,0.203,1.770
1791427772.0962915,0.8767,0.6350,0.4998,0.5695,0.7538,0.7538,0.7538,0.4998,0.8030,0.2458,0.4302,0.5695,0.5695,0.0942,0.0369,0.0737,0.0410,0.6790,0.7715,0.6960,0.0925,-0.0755,23.78,-9.75,160.0,174.8,1.127,0.204,1.970
1791427772.1360238,0.5695,0.7006,0.5695,0.5695,0.6350,0.5695,0.7538,0.4302,0.5695,0.2991,0.7006,0.7006,0.5695,0.0574,0.0369,0.0574,0.0205,0.6860,0.7700,0.6950,0.0840,-0.0750,23.32,-9.69,161.5,174.7,1.127,0.206,1.843
1791427772.1682608,0.8440,0.4998,0.7538,0.5695,0.5695,0.7006,0.7538,0.6350,0.4302,0.1966,0.3646,0.6350,0.5695,0.0369,0.0246,0.0574,0.0246,0.6830,0.7710,0.6950,0.0880,-0.0760,23.00,-9.66,160.0,174.9,1.132,0.209,1.944
1791427772.199533,0.7006,0.7006,0.6350,0.6350,0.5695,0.5695,0.7006,0.7006,0.7006,0.3646,0.4998,0.4998,0.5695,0.0942,0.0574,0.0410,0.0942,0.6830,0.7730,,0.0900,,23.44,-9.82,160.4,175.7,1.050,0.205,1.610
1791427772.231623,0.8440,0.5695,0.7006,0.4302,0.7006,0.7538,0.6350,0.5695,0.5695,0.2458,0.2458,0.7006,0.4998,0.0410,0.0246,0.0942,0.0369,0.6790,0.7690,,0.0900,,23.55,-9.90,160.5,174.9,1.021,0.204,
1791427772.2643344,0.4998,0.6350,0.5695,0.5695,0.5695,0.6350,0.8030,0.5695,0.7006,0.2991,0.2458,0.5695,0.5695,0.0410,0.0410,0.0410,0.0574,0.6790,0.7685,0.6930,0.0895,-0.0755,23.50,-9.86,161.8,174.7,1.108,0.205,
1791427772.2966106,0.7006,0.7006,0.7006,0.4998,0.4998,0.7006,0.5695,0.6350,0.6350,0.1966,0.4998,0.5695,0.6350,0.0737,0.0410,0.0942,0.0369,0.6830,0.7715,0.6970,0.0885,-0.0745,23.36,-9.73,161.7,175.0,1.142,0.206,1.935
1791427772.3299396,0.6350,0.6350,0.5695,0.7006,0.3646,0.7538,0.7538,0.7538,0.7006,0.2991,0.5695,0.7006,0.5695,0.0574,0.0574,0.0737,0.0369,0.6790,0.7700,0.6950,0.0910,-0.0750,23.52,-9.87,162.6,175.2,1.015,0.206,1.791
1791427772.3627872,0.8030,0.6350,0.7006,0.5695,0.6350,0.7538,0.7538,0.6350,0.7006,0.3646,0.4302,0.7006,0.6350,0.1557,0.0369,0.1557,0.0369,0.6790,0.7725,0.6950,0.0935,-0.0775,23.81,-9.97,162.4,174.2,1.058,0.204,1.623
1791427772.3966093,0.5695,0.5695,0.5695,0.7006,0.4302,0.7006,0.7006,0.6350,0.7538,0.3646,0.3646,0.5695,0.6350,0.0574,0.0369,0.0574,0.0574,0.6830,0.7695,0.6950,0.0865,-0.0745,23.31,-9.92,162.9,174.3,1.088,0.208,1.805
1791427772.4308343,0.7538,0.8030,0.4302,0.6350,0.4998,0.7006,0.7006,0.6350,0.8030,0.2458,0.4998,0.5695,0.5695,0.0369,0.0123,0.0369,0.0574,0.6820,0.7700,0.6960,0.0880,-0.0740,23.38,-9.92,163.3,174.2,1.058,0.206,1.818
1791427772.4707823,0.7006,0.8440,0.7538,0.5695,0.4302,0.7006,0.7538,0.4998,0.4998,0.2458,0.6350,0.6350,0.5695,0.0574,0.0369,0.0574,0.0246,0.6860,0.7690,0.6950,0.0830,-0.0740,22.97,-9.83,163.9,173.7,1.106,0.208,1.875
1791427772.5031188,0.7538,0.6350,0.6350,0.6350,0.7538,0.8030,0.7006,0.6350,0.5695,0.3646,0.5695,0.6350,0.5695,0.0737,0.0574,0.0737,0.0410,0.6820,0.7710,0.6950,0.0890,-0.0760,22.89,-9.73,163.6,173.6,1.155,0.209,1.781
1791427772.5340886,0.8440,0.7006,0.8767,0.7006,0.7006,0.7538,0.7006,0.5695,0.5695,0.1966,0.5695,0.5695,0.5695,0.0942,0.0410,0.1229,0.0574,0.6820,0.7710,0.6950,0.0890,-0.0760,22.71,-9.70,161.9,173.3,1.126,0.211,1.977
1791427772.5659955,0.6350,0.6350,0.6350,0.5695,0.7006,0.7006,0.8030,0.5695,0.7538,0.4302,0.4302,0.5695,0.6350,0.0737,0.0246,0.0574,0.0369,0.6790,0.7725,0.6950,0.0935,-0.0775,22.93,-9.69,161.6,172.6,1.137,0.211,1.788
1791427772.59793,0.6350,0.7538,0.7006,0.5695,0.6350,0.7538,0.8030,0.6350,0.7006,0.2458,0.4998,0.4998,0.5695,0.0737,0.0205,0.0410,0.0574,0.6790,0.7705,,0.0915,,23.04,-9.67,161.9,172.9,1.117,0.211,1.886
1791427772.6302633,0.7006,0.4302,0.5695,0.4302,0.5695,0.7006,0.8440,0.5695,0.6350,0.1557,0.3646,0.6350,0.5695,0.0410,0.0410,0.0737,0.0737,0.6790,0.7695,0.6920,0.0905,-0.0775,23.05,-9.58,161.0,172.7,1.189,0.211,1.914
1791427772.6641765,0.6350,0.5695,0.6350,0.5695,0.4998,0.6350,0.6350,0.5695,0.4302,0.2991,0.2991,0.7006,0.6350,0.0942,0.0369,0.0737,0.0369,0.6820,0.7685,0.6950,0.0865,-0.0735,23.01,-9.64,160.3,172.0,1.055,0.210,
1791427772.6963897,0.6350,0.7538,0.4998,0.7006,0.4998,0.7006,0.7006,0.5695,0.6350,0.3646,0.4302,0.6350,0.6350,0.0574,0.0164,0.0369,0.0369,0.6790,0.7715,0.6950,0.0925,-0.0765,23.19,-9.61,161.7,172.6,1.142,0.210,1.833
1791427772.7312539,0.7538,0.7538,0.5695,0.5695,0.5695,0.8030,0.7006,0.7006,0.7006,0.3646,0.4998,0.5695,0.5695,0.0737,0.0164,0.0942,0.0123,0.6790,0.7720,0.6950,0.0930,-0.0770,23.73,-9.79,161.6,172.5,1.033,0.206,1.638
1791427772.772223,0.5695,0.6350,0.6350,0.4998,0.5695,0.7538,0.8030,0.7006,0.6350,0.3646,0.6350,0.5695,0.5695,0.0942,0.0246,0.0737,0.0205,0.6790,0.7695,0.6970,0.0905,-0.0725,23.55,-9.74,161.7,173.1,1.078,0.208,1.727
1791427772.8028936,0.7006,0.7006,0.5695,0.5695,0.4998,0.6350,0.7006,0.4998,0.6350,0.2991,0.2991,0.6350,0.5695,0.0574,0.0574,0.0737,0.0410,0.6790,0.7710,0.6910,0.0920,-0.0800,23.12,-9.63,162.2,172.6,1.228,0.213,
1791427772.8343215,0.7006,0.5695,0.4998,0.4998,0.5695,0.7006,0.8030,0.5695,0.7538,0.2991,0.5695,0.5695,0.5695,0.0574,0.0246,0.0574,0.0369,0.6790,0.7695,0.6960,0.0905,-0.0735,23.22,-9.63,161.5,172.7,1.088,0.212,1.835
1791427772.8662708,0.4998,0.5695,0.5695,0.6350,0.4998,0.5695,0.7538,0.5695,0.7538,0.1966,0.2991,0.5695,0.6350,0.0410,0.0410,0.0410,0.0410,0.6790,0.7695,0.6950,0.0905,-0.0745,23.57,-9.73,161.2,172.6,1.035,0.208,
1791427772.8979492,0.7538,0.6350,0.3646,0.6350,0.5695,0.7006,0.5695,0.4302,0.5695,0.1557,0.5695,0.6350,0.4998,0.0410,0.0369,0.0574,0.0574,0.6790,0.7690,,0.0900,,23.44,-9.72,162.3,173.3,1.093,0.209,1.894
1791427772.9299273,0.4998,0.4998,0.7006,0.4998,0.5695,0.8030,0.7006,0.4998,0.7006,0.2991,0.5695,0.6350,0.6350,0.0410,0.0246,0.0737,0.0164,0.6790,0.7730,0.6960,0.0940,-0.0770,24.05,-9.88,161.9,174.0,1.033,0.204,1.751
1791427772.9636478,0.6350,0.6350,0.7006,0.6350,0.5695,0.2458,0.8440,0.7006,0.5695,0.2991,0.2991,0.6350,0.5695,0.0410,0.0369,0.0574,0.0410,0.6790,,0.6970,,,24.05,-9.88,161.9,174.0,,,
1791427772.9985192,0.6350,0.7538,0.4998,0.4998,0.6350,0.7538,0.7006,0.7006,0.7006,0.1966,0.4302,0.5695,0.6350,0.0410,0.0369,0.0410,0.0369,0.6820,0.7715,0.6980,0.0895,-0.0735,24.06,-9.82,160.7,174.3,1.085,0.204,1.847
1791427773.030022,0.7006,0.7006,0.4302,0.7006,0.5695,0.7006,0.6350,0.5695,0.8030,0.4302,0.4302,0.5695,0.5695,0.0205,0.0369,0.0410,0.0574,0.6820,0.7690,0.6960,0.0870,-0.0730,23.62,-9.71,160.8,173.9,1.119,0.206,1.847
1791427773.0637846,0.7006,0.6350,0.4302,0.4998,0.4998,0.6350,0.5695,0.4302,0.6350,0.3646,0.5695,0.5695,0.4998,0.0942,0.0123,0.0410,0.0410,0.6790,0.7715,,0.0925,,23.24,-9.52,160.9,174.3,1.218,0.211,1.922
1791427773.1044157,0.7538,0.7538,0.7538,0.5695,0.4998,0.4998,0.8440,0.7006,0.7006,0.1966,0.2458,0.6350,0.4998,0.0737,0.0164,0.0737,0.0410,0.6790,0.7720,,0.0930,,23.28,-9.49,160.8,174.7,1.157,0.212,
1791427773.1362147,0.7006,0.6350,0.6350,0.5695,0.5695,0.7538,0.7538,0.7006,0.8030,0.3646,0.2991,0.5695,0.6350,0.0942,0.0410,0.0574,0.0410,0.6790,0.7740,0.6920,0.0950,-0.0820,23.70,-9.65,161.0,175.4,1.132,0.209,1.718
1791427773.1676319,0.6350,0.6350,0.4998,0.5695,0.4302,0.6350,0.8030,0.7006,0.5695,0.1966,0.5695,0.6350,0.5695,0.0737,0.0246,0.0574,0.0574,0.6820,0.7715,0.6950,0.0895,-0.0765,23.56,-9.72,161.2,175.6,1.079,0.210,1.853
1791427773.1999948,0.7006,0.7538,0.4302,0.5695,0.4998,0.6350,0.8030,0.5695,0.6350,0.1557,0.5695,0.6350,0.5695,0.0737,0.0246,0.0737,0.0574,0.6790,0.7720,0.6960,0.0930,-0.0760,23.96,-9.86,160.4,174.8,1.031,0.206,1.780
1791427773.231226,0.7006,0.5695,0.6350,0.4998,0.6350,0.7006,0.7538,0.7006,0.8030,0.3646,0.1966,0.6350,0.4998,0.0942,0.0369,0.0574,0.0410,0.6820,0.7715,,0.0895,,23.58,-9.75,161.0,175.1,1.162,0.209,1.907
1791427773.2645986,0.6350,0.4998,0.6350,0.5695,0.6350,0.7006,0.8440,0.5695,0.8030,0.2991,0.5695,0.6350,0.5695,0.0246,0.0246,0.0410,0.0246,0.6790,0.7685,0.6960,0.0895,-0.0725,23.00,-9.52,160.4,175.1,1.189,0.214,2.042
1791427773.298378,0.5695,0.4998,0.4302,0.4998,0.6350,0.6350,0.7006,0.5695,0.5695,0.3646,0.4998,0.6350,0.5695,0.0410,0.0369,0.0737,0.0574,0.6820,0.7680,0.6960,0.0860,-0.0720,22.66,-9.49,160.6,174.5,1.090,0.215,1.739
1791427773.3314683,0.7538,0.8030,0.4302,0.6350,0.7006,0.5695,0.7538,0.5695,0.6350,0.2991,0.6350,0.5695,0.5695,0.0410,0.0410,0.0410,0.0574,0.6790,0.7705,0.6940,0.0915,-0.0765,22.78,-9.54,161.7,174.5,1.117,0.215,1.894
1791427773.3642716,0.5695,0.7538,0.5695,0.5695,0.7538,0.7006,0.5695,0.5695,0.7538,0.1966,0.7006,0.5695,0.5695,0.0942,0.0574,0.0574,0.0410,0.6820,0.7710,0.6890,0.0890,-0.0820,22.84,-9.67,161.7,174.3,1.141,0.214,1.885
1791427773.3979423,0.8030,0.5695,0.7538,0.4998,0.5695,0.7006,0.8030,0.5695,0.7006,0.2458,0.6350,0.5695,0.4998,0.0942,0.0369,0.0737,0.0410,0.6820,0.7730,,0.0910,,22.87,-9.68,161.0,174.8,1.152,0.214,1.927
1791427773.4380326,0.5695,0.7006,0.7538,0.5695,0.4998,0.7006,0.8030,0.5695,0.5695,0.3646,0.4302,0.6350,0.6350,0.0737,0.0410,0.0574,0.0205,0.6790,0.7705,0.6950,0.0915,-0.0755,22.92,-9.69,161.2,174.5,1.102,0.214,1.700
1791427773.4701934,0.5695,0.7006,0.5695,0.5695,0.5695,0.8767,0.7538,0.7006,0.7538,0.4302,0.4998,0.5695,0.5695,0.0246,0.0205,0.0737,0.0410,0.6790,0.7730,0.6960,0.0940,-0.0770,23.07,-9.66,161.7,175.1,1.147,0.214,1.847
1791427773.5012486,0.7006,0.7538,0.6350,0.4998,0.4998,0.7006,0.5695,0.6350,0.7006,0.2458,0.4302,0.6350,0.4998,0.0574,0.0410,0.0737,0.0574,0.6820,0.7725,,0.0905,,23.25,-9.70,161.9,175.9,1.122,0.212,1.852
1791427773.5320778,0.7006,0.7006,0.5695,0.7538,0.4998,0.5695,0.6350,0.6350,0.4998,0.2991,0.1966,0.6350,0.5695,0.0737,0.0410,0.0942,0.0410,0.6790,0.7700,0.6930,0.0910,-0.0770,23.51,-9.85,162.1,175.4,1.036,0.209,
1791427773.566955,0.4998,0.4998,0.6350,0.5695,0.6350,0.8030,0.8030,0.5695,0.5695,0.3646,0.3646,0.5695,0.4998,0.0410,0.0246,0.1229,0.0574,0.6820,0.7720,,0.0900,,23.25,-9.69,161.5,175.0,1.215,0.211,1.782
1791427773.5976841,0.6350,0.5695,0.7538,0.4302,0.5695,0.7006,0.7538,0.5695,0.6350,0.3646,0.3646,0.7006,0.4998,0.0942,0.0410,0.0574,0.0574,0.6820,0.7690,,0.0870,,22.86,-9.51,161.9,175.2,1.204,0.214,1.838
1791427773.6314318,0.6350,0.5695,0.5695,0.6350,0.7006,0.7006,0.7006,0.5695,0.6350,0.3646,0.4998,0.6350,0.5695,0.0574,0.0369,0.0737,0.0369,0.6790,0.7545,0.6920,0.0755,-0.0625,22.38,-9.27,158.0,175.3,1.076,0.212,1.699
1791427773.6646411,0.7538,0.5695,0.4998,0.4302,0.4998,0.7538,0.8030,0.6350,0.6350,0.4302,0.5695,0.5695,0.5695,0.0737,0.0410,0.0737,0.0410,0.6820,0.7725,0.6890,0.0905,-0.0835,22.29,-9.37,159.3,175.8,1.219,0.214,1.828
1791427773.6991973,0.7538,0.5695,0.5695,0.5695,0.5695,0.5695,0.7006,0.5695,0.6350,0.1966,0.2991,0.6350,0.5695,0.0737,0.0246,0.0737,0.0369,0.6790,0.7705,0.6960,0.0915,-0.0745,22.53,-9.37,159.5,175.4,1.125,0.213,
1791427773.739146,0.7006,0.6350,0.6350,0.7538,0.4302,0.7006,0.6350,0.5695,0.8030,0.2458,0.2991,0.6350,0.5695,0.0574,0.0369,0.0737,0.0369,0.6820,0.7695,0.6960,0.0875,-0.0735,22.43,-9.30,161.4,175.3,1.156,0.214,
1791427773.771738,0.4998,0.7538,0.4998,0.6350,0.4998,0.6350,0.7006,0.7006,0.4998,0.2458,0.6350,0.5695,0.5695,0.0574,0.0246,0.0737,0.0410,0.6860,0.7715,0.6920,0.0855,-0.0795,22.40,-9.43,161.3,175.3,1.137,0.213,1.862
1791427773.803833,0.7538,0.7538,0.6350,0.6350,0.4998,0.7538,0.7006,0.7006,0.7538,0.1557,0.4302,0.5695,0.5695,0.0410,0.0410,0.0737,0.0205,0.6790,0.7720,0.6950,0.0930,-0.0770,22.75,-9.51,160.1,175.6,1.108,0.212,1.920
1791427773.8344839,0.4998,0.5695,0.6350,0.7006,0.6350,0.8030,0.7538,0.7006,0.8030,0.4302,0.2991,0.6350,0.4998,0.0410,0.0205,0.1229,0.0164,0.6790,0.7715,,0.0925,,23.19,-9.69,160.7,175.8,1.051,0.209,1.662
1791427773.8656116,0.8030,0.6350,0.6350,0.5695,0.4998,0.6350,0.5695,0.6350,0.4302,0.3646,0.4998,0.5695,0.5695,0.0737,0.0205,0.0942,0.0369,0.6790,0.7725,0.6950,0.0935,-0.0775,23.45,-9.73,160.6,175.7,1.108,0.208,1.687
1791427773.898058,0.7538,0.4998,0.4998,0.4998,0.5695,0.7538,0.8030,0.4302,0.6350,0.2991,0.4998,0.6350,0.5695,0.0410,0.0246,0.0410,0.0410,0.6790,0.7690,0.6920,0.0900,-0.0770,23.42,-9.75,160.6,175.7,1.112,0.208,1.877
1791427773.9319777,0.5695,0.6350,0.5695,0.6350,0.5695,0.5695,0.6350,0.7006,0.7006,0.3646,0.6350,0.5695,0.5695,0.0574,0.0410,0.0574,0.0574,0.6820,0.7715,0.6940,0.0895,-0.0775,23.23,-9.73,161.0,175.8,1.142,0.210,1.853
1791427773.96495,0.6350,0.5695,0.5695,0.4998,0.6350,0.8440,0.7538,0.6350,0.7538,0.2991,0.5695,0.5695,0.5695,0.0574,0.0246,0.0369,0.0410,0.6790,0.7720,0.6900,0.0930,-0.0820,23.25,-9.72,161.7,175.7,1.203,0.211,1.996
1791427773.9982488,0.6350,0.6350,0.4302,0.4998,0.4302,0.5695,0.7006,0.6350,0.7006,0.2991,0.4998,0.6350,0.4998,0.0246,0.0246,0.0369,0.0410,0.6820,0.7715,,0.0895,,23.16,-9.69,162.3,175.2,1.164,0.211,1.893
1791427774.0312898,0.7006,0.6350,0.5695,0.4302,0.5695,0.6350,0.6350,0.6350,0.8030,0.2458,0.4998,0.5695,0.5695,0.0737,0.0410,0.0737,0.0410,0.6790,0.7715,0.6980,0.0925,-0.0735,23.12,-9.49,162.1,175.5,1.193,0.213,1.988
1791427774.0718198,0.7538,0.7538,0.6350,0.4998,0.6350,0.8030,0.7538,0.6350,0.7538,0.3646,0.4302,0.4998,0.5695,0.0574,0.0369,0.0410,0.0410,0.6790,0.7715,,0.0925,,23.37,-9.63,162.4,175.4,1.075,0.211,1.721
1791427774.1038394,0.5695,0.7006,0.5695,0.4302,0.5695,0.4302,0.7006,0.3646,0.7006,0.4302,0.6350,0.6350,0.6350,0.0369,0.0410,0.0410,0.0410,0.6790,0.7700,0.6940,0.0910,-0.0760,23.47,-9.69,163.2,174.6,1.084,0.210,1.730
1791427774.1352313,0.7006,0.5695,0.7006,0.5695,0.5695,0.5695,0.7538,0.6350,0.6350,0.4998,0.5695,0.4998,0.5695,0.0942,0.0164,0.0737,0.0410,0.6790,0.7720,,0.0930,,23.51,-9.70,162.9,174.7,1.137,0.210,1.784
1791427774.167048,0.7538,0.6350,0.7006,0.6350,0.5695,0.6350,0.7538,0.7006,0.8030,0.3646,0.4998,0.5695,0.5695,0.0942,0.0246,0.0574,0.0574,0.6820,0.7750,0.6950,0.0930,-0.0800,23.42,-9.62,162.7,175.1,1.219,0.212,1.825
1791427774.1981862,0.7538,0.2991,0.4998,0.6350,0.7006,0.6350,0.7538,0.7538,0.7006,0.1966,0.4998,0.6350,0.4998,0.0737,0.0123,0.0737,0.0369,0.6790,0.7720,,0.0930,,23.43,-9.65,161.9,175.0,1.132,0.212,1.971
1791427774.232219,0.7538,0.5695,0.5695,0.5695,0.3646,0.7006,0.8030,0.7006,0.5695,0.2991,0.5695,0.5695,0.4998,0.0410,0.0369,0.0369,0.0410,0.6790,0.7700,,0.0910,,23.45,-9.67,161.6,175.2,1.103,0.212,1.878
1791427774.2660112,0.5695,0.8440,0.6350,0.4302,0.7006,0.5695,0.7006,0.4302,0.4998,0.2458,0.2458,0.4998,0.5695,0.0574,0.0369,0.0410,0.0164,0.6790,0.7735,,0.0945,,23.64,-9.62,163.1,175.3,1.191,0.211,
1791427774.2990901,0.6350,0.7538,0.4998,0.7006,0.5695,0.7538,0.6350,0.4998,0.4998,0.1966,0.5695,0.7006,0.5695,0.0574,0.0369,0.0737,0.0410,0.6860,0.7685,0.6850,0.0825,-0.0835,23.19,-9.82,163.0,175.5,1.113,0.211,1.830
1791427774.332743,0.7006,0.5695,0.5695,0.5695,0.4302,0.7006,0.7006,0.5695,0.7006,0.2458,0.6350,0.5695,0.4998,0.0410,0.0164,0.0737,0.0574,0.6790,0.7685,,0.0895,,23.22,-9.82,162.7,175.1,1.098,0.210,1.862
1791427774.3734848,0.8030,0.4998,0.5695,0.4998,0.5695,0.6350,0.6350,0.5695,0.8030,0.1557,0.4302,0.5695,0.5695,0.0737,0.0246,0.0942,0.0737,0.6820,0.7555,0.6940,0.0735,-0.0615,22.77,-9.54,156.9,175.6,1.050,0.207,1.687
1791427774.4051223,0.6350,0.4998,0.7006,0.6350,0.7006,0.7538,0.7538,0.4302,0.8030,0.2458,0.1966,0.5695,0.5695,0.0574,0.0246,0.0737,0.0369,0.6790,0.7710,0.6960,0.0920,-0.0750,22.79,-9.52,158.2,175.4,1.126,0.209,
1791427774.4364398,0.8030,0.7538,0.5695,0.4998,0.4998,0.7006,0.7538,0.4998,0.5695,0.2991,0.3646,0.6350,0.6350,0.0737,0.0164,0.0574,0.0737,0.6790,0.7700,0.6950,0.0910,-0.0750,23.20,-9.70,158.3,174.7,1.015,0.207,1.783
1791427774.468404,0.8440,0.8030,0.4998,0.4998,0.5695,0.5695,0.6350,0.4998,0.7538,0.2458,0.6350,0.5695,0.5695,0.0246,0.0369,0.0410,0.0574,0.6790,0.7715,0.6960,0.0925,-0.0755,23.04,-9.56,159.7,174.9,1.188,0.210,2.050
1791427774.499664,0.4302,0.4998,0.5695,0.5695,0.6350,0.7006,0.6350,0.4998,0.7538,0.1966,0.2458,0.5695,0.6350,0.0369,0.0369,0.0737,0.0410,0.6790,0.7715,0.6900,0.0925,-0.0815,23.02,-9.59,160.0,175.6,1.192,0.212,
1791427774.5322802,0.8030,0.6350,0.4998,0.5695,0.5695,0.8030,0.7006,0.5695,0.8440,0.2458,0.7006,0.5695,0.4998,0.0410,0.0410,0.0737,0.0737,0.6790,0.7700,,0.0910,,23.11,-9.66,161.0,175.8,1.090,0.211,1.823
1791427774.56528,0.8030,0.5695,0.4998,0.4302,0.4998,0.7538,0.5695,0.5695,0.7538,0.2458,0.6350,0.6350,0.5695,0.0942,0.0246,0.0574,0.0410,0.6820,0.7730,0.6970,0.0910,-0.0760,23.13,-9.59,160.7,175.5,1.157,0.211,1.943
1791427774.5988622,0.7538,0.7538,0.7538,0.4302,0.4302,0.7006,0.5695,0.4302,0.8030,0.2458,0.4998,0.5695,0.5695,0.0574,0.0246,0.0369,0.0410,0.6790,0.7695,0.6930,0.0905,-0.0765,23.44,-9.66,160.8,175.6,1.093,0.208,1.814
1791427774.6329145,0.7538,0.5695,0.7006,0.5695,0.4998,0.6350,0.8030,0.6350,0.8030,0.3646,0.6350,0.7538,0.5695,0.0410,0.0246,0.0410,0.0574,0.6790,0.7715,0.6930,0.0925,-0.0785,23.64,-9.73,161.1,175.1,1.113,0.207,1.747
1791427774.6661587,0.5695,0.4998,0.5695,0.6350,0.5695,0.7006,0.6350,0.4998,0.6350,0.3646,0.4998,0.5695,0.4998,0.0410,0.0369,0.0737,0.0164,0.6820,0.7680,,0.0860,,23.12,-9.59,161.4,175.0,1.166,0.210,1.869
1791427774.7068877,0.4302,0.6350,0.4302,0.5695,0.6350,0.7006,0.5695,0.6350,0.3646,0.2991,0.5695,0.6350,0.6350,0.0369,0.0410,0.0574,0.0369,0.6860,0.7695,0.6940,0.0835,-0.0755,22.72,-9.56,162.5,175.5,1.136,0.212,1.908
1791427774.7387762,0.5695,0.5695,0.4998,0.6350,0.5695,0.7006,0.7006,0.4998,0.6350,0.1557,0.1966,0.6350,0.5695,0.0205,0.0410,0.0410,0.0246,0.6790,0.7700,0.6950,0.0910,-0.0750,22.92,-9.55,162.0,175.2,1.121,0.211,
1791427774.7710085,0.5695,0.6350,0.4302,0.5695,0.5695,0.8030,0.7006,0.5695,0.7538,0.1966,0.2991,0.6350,0.5695,0.0737,0.0574,0.0410,0.0410,0.6860,0.7695,0.6900,0.0835,-0.0795,22.48,-9.57,162.6,174.2,1.166,0.212,
1791427774.8037837,0.7006,0.8440,0.5695,0.7006,0.4998,0.4998,0.6350,0.5695,0.7006,0.2458,0.4998,0.5695,0.5695,0.0410,0.0410,0.0410,0.0410,0.6790,0.7695,0.6980,0.0905,-0.0715,22.87,-9.57,162.2,173.7,1.061,0.210,1.816
1791427774.8340595,0.7538,0.6350,0.5695,0.6350,0.4998,0.8030,0.7006,0.7538,0.8030,0.4302,0.2458,0.6350,0.5695,0.0737,0.0164,0.0574,0.0410,0.6790,0.7710,0.6950,0.0920,-0.0760,22.87,-9.57,162.2,173.4,1.125,0.211,1.818
1791427774.866341,0.7006,0.2458,0.4998,0.6350,0.4302,0.7006,0.7006,0.7006,0.8030,0.3646,0.2458,0.5695,0.6350,0.0574,0.0205,0.0737,0.0369,0.6820,0.7690,0.6870,0.0870,-0.0820,22.79,-9.69,162.4,173.4,1.146,0.211,1.763
1791427774.9006371,0.4998,0.8030,0.7006,0.5695,0.5695,0.7006,0.7006,0.4998,0.5695,0.3646,0.4998,0.6350,0.4998,0.0410,0.0410,0.0410,0.0410,0.6820,0.7720,,0.0900,,22.96,-9.78,162.3,173.7,1.103,0.210,1.696
1791427774.9334698,0.7538,0.7006,0.5695,0.7006,0.5695,0.7538,0.6350,0.7006,0.5695,0.4998,0.4302,0.6350,0.5695,0.0574,0.0246,0.0369,0.0369,0.6790,0.7725,0.6930,0.0935,-0.0795,23.23,-9.81,162.2,173.6,1.137,0.209,1.790
1791427774.9664886,0.4998,0.5695,0.7538,0.4998,0.4998,0.6350,0.8030,0.4998,0.6350,0.2458,0.6350,0.4998,0.5695,0.0246,0.0410,0.0942,0.0369,0.6790,0.7695,,0.0905,,23.37,-9.89,163.1,173.7,1.061,0.208,1.806
1791427774.9994073,0.7006,0.7006,0.8440,0.5695,0.7006,0.6350,0.8030,0.4998,0.6350,0.3646,0.6350,0.5695,0.5695,0.0737,0.0369,0.0737,0.0369,0.6790,0.7715,0.6950,0.0925,-0.0765,23.21,-9.74,163.0,173.4,1.183,0.211,1.822
1791427775.0407424,0.6350,0.4998,0.4998,0.4302,0.7006,0.7538,0.8440,0.5695,0.7538,0.4302,0.5695,0.5695,0.5695,0.0574,0.0369,0.0369,0.0164,0.6820,0.7550,0.6950,0.0730,-0.0600,22.51,-9.47,157.8,173.0,1.034,0.210,1.700
1791427775.0724244,0.7538,0.7006,0.6350,0.6350,0.4998,0.7538,0.8030,0.4998,0.5695,0.2991,0.4998,0.6350,0.5695,0.0574,0.0369,0.0737,0.0369,0.6820,0.7705,0.6950,0.0885,-0.0755,23.01,-9.71,158.7,173.4,0.992,0.206,1.659
1791427775.1044016,0.7006,0.6350,0.5695,0.4998,0.5695,0.7006,0.8440,0.7006,0.5695,0.2458,0.4302,0.5695,0.5695,0.1229,0.0164,0.0942,0.0369,0.6860,0.7700,0.6940,0.0840,-0.0760,22.56,-9.75,159.0,174.1,1.086,0.209,1.959
1791427775.136289,0.5695,0.7006,0.4998,0.4998,0.7006,0.7006,0.7538,0.6350,0.7538,0.1557,0.6350,0.7538,0.5695,0.0737,0.0246,0.0369,0.0410,0.6820,0.7755,0.6940,0.0935,-0.0815,22.85,-9.76,159.4,174.7,1.182,0.209,1.961
1791427775.1676493,0.6350,0.7538,0.8030,0.7006,0.5695,0.7006,0.7538,0.5695,0.7538,0.3646,0.5695,0.5695,0.5695,0.0574,0.0410,0.0942,0.0369,0.6820,0.7685,0.6890,0.0865,-0.0795,22.81,-9.87,159.6,174.5,1.093,0.209,1.689
1791427775.2001052,0.6350,0.7538,0.6350,0.5695,0.4302,0.4302,0.7006,0.4302,0.7006,0.2458,0.2458,0.6350,0.5695,0.0737,0.0369,0.0574,0.0369,0.6790,0.7695,0.6960,0.0905,-0.0735,22.87,-9.74,159.3,174.6,1.126,0.209,
1791427775.232766,0.6350,0.7006,0.6350,0.4302,0.4998,0.7538,0.6350,0.8030,0.5695,0.3646,0.4998,0.5695,0.5695,0.0410,0.0246,0.0369,0.0410,0.6790,0.7735,0.6950,0.0945,-0.0785,23.37,-9.90,159.9,174.6,1.053,0.207,1.707
1791427775.2668178,0.7538,0.8030,0.6350,0.4998,0.4302,0.6350,0.7006,0.4302,0.7538,0.4302,0.4998,0.5695,0.5695,0.0942,0.0369,0.0737,0.0410,0.6860,0.7705,0.6950,0.0845,-0.0755,22.84,-9.72,161.2,173.9,1.184,0.210,1.940
1791427775.2999341,0.5695,0.7006,0.3646,0.7006,0.5695,0.4998,0.7538,0.4998,0.5695,0.1229,0.4998,0.5695,0.6350,0.0410,0.0369,0.0737,0.0410,0.6820,0.7735,0.6940,0.0915,-0.0795,23.01,-9.79,160.8,173.7,1.122,0.210,1.910
1791427775.3333464,0.7538,0.4998,0.4302,0.4998,0.4998,0.5695,0.7538,0.7538,0.7006,0.4998,0.6350,0.5695,0.6350,0.0410,0.0410,0.0369,0.0410,0.6790,0.7700,0.6950,0.0910,-0.0750,23.42,-9.85,160.8,174.4,1.054,0.207,1.655
1791427775.3733628,0.6350,0.5695,0.7538,0.5695,0.4998,0.8030,0.6350,0.6350,0.5695,0.2458,0.4998,0.6350,0.6350,0.0410,0.0246,0.0410,0.0369,0.6820,0.7685,0.6970,0.0865,-0.0715,23.26,-9.82,161.7,175.2,1.042,0.207,1.830
1791427775.4050694,0.6350,0.8030,0.7006,0.6350,0.6350,0.7538,0.6350,0.5695,0.7006,0.2991,0.2458,0.5695,0.4998,0.0410,0.0410,0.0737,0.0942,0.6820,0.7740,,0.0920,,23.41,-9.78,160.0,174.8,1.170,0.207,
1791427775.4373927,0.6350,0.7006,0.5695,0.4998,0.4998,0.8030,0.9054,0.7538,0.7006,0.4302,0.4302,0.6350,0.5695,0.0574,0.0410,0.0942,0.0410,0.6820,0.7720,0.6950,0.0900,-0.0770,23.43,-9.80,160.5,175.1,1.103,0.207,1.732
1791427775.4690619,0.7538,0.8030,0.4302,0.4998,0.6350,0.5695,0.7538,0.7006,0.6350,0.4998,0.4998,0.4998,0.5695,0.0410,0.0369,0.0574,0.0410,0.6790,0.7725,,0.0935,,23.58,-9.71,161.4,175.3,1.176,0.207,1.910
1791427775.5010793,0.6350,0.7006,0.5695,0.5695,0.5695,0.6350,0.6350,0.4998,0.7538,0.3646,0.7006,0.5695,0.5695,0.0410,0.0410,0.0410,0.0246,0.6790,0.7700,0.6950,0.0910,-0.0750,23.45,-9.72,161.1,174.8,1.089,0.209,1.744
1791427775.5342674,0.7006,0.7006,0.4998,0.6350,0.5695,0.6350,0.8030,0.4302,0.7006,0.2458,0.2458,0.6350,0.4998,0.0410,0.0246,0.0410,0.0574,0.6820,0.7715,,0.0895,,23.47,-9.70,160.8,174.8,1.132,0.208,
1791427775.567159,0.7006,0.5695,0.7006,0.4998,0.5695,0.5695,0.7538,0.6350,0.7006,0.4302,0.5695,0.6350,0.5695,0.0205,0.0164,0.0737,0.0369,0.6820,0.7695,0.6940,0.0875,-0.0755,23.06,-9.64,161.6,174.2,1.142,0.211,1.844
1791427775.6017337,0.7006,0.6350,0.8440,0.5695,0.4998,0.7538,0.7006,0.4302,0.5695,0.3646,0.5695,0.6350,0.5695,0.0369,0.0574,0.0737,0.0574,0.6790,0.7725,0.6940,0.0935,-0.0785,23.30,-9.72,161.9,174.1,1.108,0.210,1.828
1791427775.6336539,0.8030,0.7538,0.6350,0.5695,0.7006,0.6350,0.8030,0.7538,0.7538,0.2458,0.1966,0.7006,0.4998,0.0942,0.0246,0.0574,0.0369,0.6790,0.7720,,0.0930,,23.51,-9.81,161.7,174.2,1.075,0.209,
1791427775.6668186,0.5695,0.6350,0.5695,0.6350,0.5695,0.6350,0.9054,0.7006,0.7538,0.4302,0.4998,0.5695,0.6350,0.0942,0.0369,0.1229,0.0410,0.6820,0.7700,0.6950,0.0880,-0.0750,23.23,-9.73,162.1,174.6,1.129,0.211,1.883
1791427775.7005243,0.7006,0.5695,0.4998,0.4998,0.7006,0.6350,0.7006,0.4998,0.6350,0.2458,0.6350,0.5695,0.6350,0.1229,0.0246,0.0410,0.0369,0.6790,0.7725,0.6900,0.0935,-0.0825,23.27,-9.72,161.2,174.5,1.209,0.212,2.015
1791427775.740607,0.8030,0.4302,0.4302,0.4998,0.6350,0.7538,0.8030,0.5695,0.5695,0.2458,0.4302,0.6350,0.4998,0.0246,0.0410,0.0942,0.0574,0.6820,0.7725,,0.0905,,23.56,-9.71,161.1,174.7,1.156,0.208,1.854
1791427775.7731926,0.6350,0.7538,0.4302,0.4998,0.6350,0.7538,0.8440,0.7538,0.7538,0.2991,0.5695,0.5695,0.4998,0.0574,0.0246,0.0410,0.0369,0.6790,0.7705,,0.0915,,23.47,-9.71,161.8,174.6,1.121,0.210,1.908
1791427775.8036652,0.8030,0.6350,0.5695,0.3646,0.2991,0.7006,0.6350,0.6350,0.6350,0.1229,0.2991,0.6350,0.5695,0.0410,0.0369,0.0410,0.0574,0.6790,0.7695,0.6990,0.0905,-0.0705,23.66,-9.68,161.1,174.4,1.050,0.208,
1791427775.8347664,0.7006,0.6350,0.7006,0.4998,0.4998,0.7006,0.6350,0.7006,0.7006,0.1966,0.4302,0.5695,0.5695,0.0574,0.0369,0.0574,0.0369,0.6820,0.7700,0.6940,0.0880,-0.0760,23.86,-9.85,160.8,174.4,1.013,0.204,1.701
1791427775.868108,0.4998,0.7006,0.8030,0.5695,0.5695,0.7006,0.6350,0.5695,0.7006,0.2991,0.4998,0.5695,0.5695,0.0737,0.0369,0.0369,0.0164,0.6790,0.7705,0.6950,0.0915,-0.0755,23.78,-9.79,159.9,174.2,1.122,0.206,1.871
1791427775.9014027,0.6350,0.6350,0.6350,0.7006,0.6350,0.7538,0.8030,0.7538,0.6350,0.3646,0.6350,0.5695,0.4998,0.0574,0.0410,0.0737,0.0410,0.6790,0.7700,,0.0910,,23.54,-9.79,160.3,174.7,1.092,0.208,1.691
1791427775.9426804,0.4998,0.5695,0.5695,0.5695,0.4998,0.7006,0.7538,0.6350,0.7006,0.2991,0.5695,0.5695,0.6350,0.0942,0.0410,0.0942,0.0369,0.6820,0.7690,0.6950,0.0870,-0.0740,23.31,-9.79,160.8,174.6,1.074,0.209,1.845
1791427775.9746125,0.5695,0.6350,0.4998,0.5695,0.6350,0.7006,0.7006,0.7006,0.7006,0.2991,0.6350,0.6350,0.5695,0.0369,0.0246,0.0574,0.0737,0.6790,0.7695,0.6900,0.0905,-0.0795,23.38,-9.80,160.9,174.3,1.145,0.208,1.918
1791427776.0061023,0.7538,0.8440,0.4998,0.7006,0.5695,0.7538,0.6350,0.4998,0.7006,0.4302,0.4302,0.5695,0.5695,0.1229,0.0205,0.0942,0.0410,0.6820,0.7560,0.6930,0.0740,-0.0630,22.86,-9.47,156.2,174.1,1.099,0.206,1.759
1791427776.038416,0.5695,0.7006,0.7006,0.4998,0.5695,0.7006,0.8767,0.5695,0.3646,0.5695,0.5695,0.5695,0.5695,0.0574,0.0246,0.0942,0.0369,0.6790,0.7735,0.6990,0.0945,-0.0745,23.21,-9.48,157.9,174.2,1.112,0.206,1.843
1791427776.0687337,0.7538,0.7006,0.4998,0.4998,0.5695,0.6350,0.6350,0.6350,0.5695,0.4302,0.4998,0.6350,0.4998,0.0574,0.0246,0.0410,0.0246,0.6820,0.7665,,0.0845,,22.55,-9.38,158.8,174.3,1.137,0.211,1.877
1791427776.1017833,0.6350,0.6350,0.6350,0.6350,0.5695,0.6350,0.5695,0.6350,0.7006,0.4302,0.4998,0.5695,0.4998,0.0410,0.0205,0.0574,0.0369,0.6860,0.7725,,0.0865,,22.61,-9.52,159.6,174.8,1.094,0.210,1.753
1791427776.1341262,0.5695,0.7538,0.4998,0.6350,0.4998,0.3646,0.6350,0.5695,0.7006,0.1557,0.6350,0.6350,0.5695,0.0574,0.0410,0.0410,0.0574,0.6820,0.7700,0.6930,0.0880,-0.0770,22.36,-9.46,160.4,175.0,1.182,0.213,1.986
1791427776.167225,0.6350,0.6350,0.6350,0.7538,0.4998,0.7538,0.7006,0.5695,0.5695,0.2991,0.3646,0.7006,0.4998,0.0410,0.0246,0.0410,0.0369,0.6790,0.7715,,0.0925,,22.93,-9.61,161.0,175.6,1.068,0.209,1.756
1791427776.20104,0.7006,0.5695,0.5695,0.6350,0.2991,0.4998,0.7538,0.6350,0.5695,0.2991,0.5695,0.5695,0.5695,0.0942,0.0246,0.0574,0.0246,0.6790,0.7710,0.6910,0.0920,-0.0800,22.88,-9.57,161.5,175.3,1.204,0.211,1.987
1791427776.2349398,0.6350,0.6350,0.8030,0.4998,0.4302,0.7006,0.8030,0.5695,0.7006,0.2991,0.4998,0.6350,0.6350,0.0574,0.0246,0.0574,0.0410,0.6820,0.7745,0.6960,0.0925,-0.0785,22.94,-9.56,160.9,175.6,1.173,0.212,1.943
1791427776.2760477,0.8030,0.7538,0.5695,0.5695,0.4998,0.7538,0.8440,0.6350,0.5695,0.1229,0.5695,0.6350,0.5695,0.0574,0.0410,0.0737,0.0246,0.6790,0.7725,0.6960,0.0935,-0.0765,22.88,-9.43,160.1,175.1,1.214,0.215,2.050
1791427776.308486,0.4998,0.4998,0.6350,0.6350,0.7006,0.6350,0.7538,0.5695,0.7006,0.2991,0.5695,0.5695,0.5695,0.0737,0.0205,0.0942,0.0410,0.6790,0.7700,0.6960,0.0910,-0.0740,23.17,-9.53,161.0,174.8,1.053,0.212,1.760
1791427776.339243,0.8767,0.6350,0.4302,0.6350,0.4998,0.5695,0.6350,0.4998,0.6350,0.3646,0.2991,0.6350,0.6350,0.0369,0.0410,0.0942,0.0369,0.6790,0.7690,0.6950,0.0900,-0.0740,23.40,-9.61,161.4,174.7,1.053,0.209,1.704
1791427776.3716974,0.8030,0.4998,0.5695,0.4302,0.6350,0.6350,0.8440,0.4998,0.7006,0.3646,0.3646,0.6350,0.6350,0.0369,0.0164,0.0574,0.0369,0.6790,0.7720,0.6950,0.0930,-0.0770,23.59,-9.68,161.5,175.0,1.093,0.208,1.783
1791427776.4036672,0.5695,0.7006,0.7538,0.5695,0.7006,0.6350,0.7538,0.5695,0.5695,0.3646,0.4998,0.6350,0.6350,0.0574,0.0246,0.0369,0.0369,0.6820,0.7700,0.6950,0.0880,-0.0750,23.48,-9.70,161.5,175.6,1.088,0.208,1.774
1791427776.4355304,0.8030,0.5695,0.4998,0.6350,0.5695,0.6350,0.8440,0.6350,0.7538,0.1557,0.2991,0.6350,0.4998,0.0410,0.0574,0.0942,0.0574,0.6790,0.7685,,0.0895,,23.52,-9.70,159.9,175.7,1.076,0.207,
1791427776.46812,0.7006,0.4998,0.5695,0.4998,0.5695,0.6350,0.5695,0.7006,0.8030,0.2458,0.3646,0.6350,0.4998,0.0574,0.0410,0.0942,0.0369,0.6790,0.7705,,0.0915,,23.54,-9.76,158.7,174.9,1.070,0.208,1.889
1791427776.5017216,0.6350,0.7006,0.7006,0.4998,0.4998,0.6350,0.7006,0.4998,0.7006,0.2991,0.5695,0.5695,0.5695,0.0574,0.0410,0.0369,0.0369,0.6790,0.7700,0.6950,0.0910,-0.0750,23.07,-9.61,158.5,175.0,1.179,0.213,2.052
1791427776.5351644,0.7006,0.6350,0.6350,0.6350,0.6350,0.7538,0.5695,0.5695,0.7006,0.3646,0.6350,0.5695,0.5695,0.0574,0.0246,0.0737,0.0737,0.6790,0.7705,0.6960,0.0915,-0.0745,22.97,-9.48,159.9,174.4,1.177,0.214,1.869
1791427776.5685015,0.4998,0.6350,0.4302,0.5695,0.6350,0.7006,0.7006,0.6350,0.6350,0.3646,0.4998,0.6350,0.5695,0.1229,0.0410,0.0574,0.0369,0.6790,0.7705,0.6940,0.0915,-0.0765,23.28,-9.57,160.0,174.5,1.089,0.211,1.615
1791427776.6008964,0.7006,0.6350,0.5695,0.4998,0.6350,0.5695,0.7538,0.5695,0.7006,0.4998,0.4998,0.7006,0.5695,0.0410,0.0246,0.0737,0.0410,0.6790,0.7725,0.6860,0.0935,-0.0865,23.48,-9.80,160.6,174.4,1.146,0.211,1.761
1791427776.6346323,0.8440,0.6350,0.7006,0.6350,0.6350,0.5695,0.7538,0.6350,0.4302,0.2991,0.4302,0.4998,0.5695,0.0737,0.0369,0.0574,0.0410,0.6790,0.7700,,0.0910,,23.52,-9.83,161.0,175.0,1.094,0.210,1.812
1791427776.6740131,0.6350,0.4302,0.5695,0.6350,0.5695,0.7538,0.8030,0.5695,0.4998,0.2458,0.4302,0.5695,0.5695,0.0410,0.0369,0.0574,0.0410,0.6820,0.7735,0.6940,0.0915,-0.0795,23.63,-9.83,161.0,174.6,1.147,0.209,1.894
1791427776.7064843,0.6350,0.8440,0.8030,0.6350,0.6350,0.7006,0.7538,0.6350,0.6350,0.2458,0.2458,0.5695,0.5695,0.0574,0.0123,0.0574,0.0410,0.6820,0.7745,0.6970,0.0925,-0.0775,23.07,-9.54,161.1,174.8,1.295,0.215,
1791427776.7373345,0.8030,0.7006,0.4998,0.6350,0.6350,0.5695,0.7538,0.7006,0.5695,0.2458,0.4998,0.5695,0.5695,0.0205,0.0246,0.0737,0.0369,0.6790,0.7695,0.6960,0.0905,-0.0735,23.06,-9.57,160.5,174.3,1.074,0.215,1.862
1791427776.7684615,0.7538,0.6350,0.5695,0.6350,0.4998,0.7006,0.7538,0.5695,0.6350,0.2458,0.4302,0.6350,0.4998,0.0574,0.0246,0.0574,0.0737,0.6790,0.7720,,0.0930,,23.14,-9.59,160.4,175.0,1.137,0.215,1.935
1791427776.8021016,0.8030,0.6350,0.4998,0.6350,0.6350,0.4998,0.8030,0.4998,0.7006,0.2991,0.2458,0.5695,0.4998,0.0737,0.0410,0.0737,0.0369,0.6820,0.7730,,0.0910,,23.09,-9.52,161.2,174.6,1.205,0.215,
1791427776.8357356,0.6350,0.7538,0.7006,0.4998,0.4998,0.5695,0.7538,0.4998,0.5695,0.4302,0.3646,0.5695,0.4998,0.0369,0.0246,0.0737,0.0410,0.6790,0.7705,,0.0915,,23.44,-9.65,161.8,175.2,1.058,0.211,1.652
1791427776.8689134,0.7006,0.6350,0.4998,0.4998,0.5695,0.6350,0.7006,0.4998,0.6350,0.2991,0.3646,0.6350,0.4998,0.0369,0.0410,0.0369,0.0737,0.6790,0.7690,,0.0900,,23.54,-9.77,161.8,174.6,1.022,0.209,1.755
1791427776.9050171,0.6350,0.7006,0.7006,0.6350,0.7006,0.6350,0.5695,0.6350,0.7006,0.1557,0.4998,0.5695,0.6350,0.0942,0.0410,0.0574,0.0369,0.6790,0.7715,0.6980,0.0925,-0.0735,23.56,-9.74,160.3,174.7,1.089,0.210,1.878
1791427776.9448028,0.7006,0.6350,0.7538,0.4998,0.7538,0.8440,0.7006,0.6350,0.5695,0.1557,0.6350,0.5695,0.4998,0.0574,0.0246,0.0942,0.0737,0.6790,0.7745,,0.0955,,23.46,-9.60,161.1,174.8,1.237,0.213,2.044
1791427776.9772358,0.7538,0.6350,0.5695,0.8030,0.7006,0.7538,0.7006,0.6350,0.7538,0.3646,0.4302,0.7006,0.5695,0.0737,0.0369,0.0574,0.0410,0.6790,0.7715,0.6920,0.0925,-0.0795,23.61,-9.74,161.5,174.1,1.094,0.211,1.736
1791427777.0084755,0.7006,0.6350,0.4998,0.7006,0.7006,0.7006,0.8030,0.6350,0.7006,0.2991,0.4998,0.6350,0.5695,0.0410,0.0369,0.0942,0.0164,0.6820,0.7730,0.6890,0.0910,-0.0840,23.49,-9.77,162.7,174.3,1.203,0.212,1.962
1791427777.0401385,0.5695,0.8030,0.7006,0.4998,0.7006,0.5695,0.8030,0.5695,0.6350,0.1966,0.2458,0.7006,0.5695,0.0246,0.0246,0.0737,0.0574,0.6790,0.7705,0.6910,0.0915,-0.0795,23.02,-9.68,163.4,174.4,1.211,0.216,
1791427777.072308,0.8440,0.6350,0.5695,0.6350,0.4998,0.6350,0.7006,0.7006,0.6350,0.4302,0.1966,0.5695,0.5695,0.0246,0.0164,0.0737,0.0369,0.6790,0.7740,0.6880,0.0950,-0.0860,23.66,-9.98,163.1,174.3,1.078,0.211,1.691
1791427777.103601,0.7538,0.5695,0.6350,0.6350,0.7006,0.8030,0.8030,0.7006,0.6350,0.4302,0.5695,0.5695,0.6350,0.0369,0.0246,0.0737,0.0574,0.6860,0.7730,0.6960,0.0870,-0.0770,23.38,-9.90,163.1,174.7,1.141,0.211,1.778
1791427777.1373656,0.7538,0.7538,0.5695,0.4998,0.5695,0.7006,0.7538,0.6350,0.4998,0.2458,0.6350,0.6350,0.5695,0.0737,0.0369,0.0410,0.0410,0.6860,0.7725,0.6960,0.0865,-0.0765,23.47,-9.97,161.9,174.8,1.055,0.208,1.743
1791427777.1697805,0.6350,0.7006,0.6350,0.6350,0.5695,0.6350,0.7538,0.7538,0.6350,0.3646,0.4998,0.7006,0.5695,0.0410,0.0410,0.0574,0.0369,0.6790,0.7725,0.6850,0.0935,-0.0875,23.63,-10.14,162.0,175.2,1.146,0.208,1.807
1791427777.2041473,0.6350,0.8030,0.6350,0.5695,0.7006,0.6350,0.8030,0.4998,0.7538,0.1557,0.4998,0.6350,0.5695,0.0369,0.0205,0.0737,0.0410,0.6790,0.7705,0.6910,0.0915,-0.0795,23.56,-10.10,161.8,175.0,1.132,0.209,1.980
1791427777.2466722,0.7538,0.4998,0.2991,0.4998,0.4302,0.7006,0.7006,0.5695,0.5695,0.4302,0.4302,0.5695,0.5695,0.0369,0.0410,0.0942,0.0205,0.6790,0.7685,0.6900,0.0895,-0.0785,23.25,-10.02,162.1,175.0,1.152,0.211,1.793
1791427777.2770152,0.5695,0.5695,0.4998,0.4998,0.5695,0.5695,0.7006,0.6350,0.5695,0.2458,0.3646,0.4998,0.5695,0.0737,0.0410,0.0574,0.0410,0.6790,0.7730,,0.0940,,23.72,-10.24,161.7,174.8,1.031,0.208,1.771
1791427777.3098722,0.7538,0.7538,0.6350,0.4302,0.5695,0.8030,0.8030,0.4998,0.6350,0.5695,0.4998,0.6350,0.6350,0.0369,0.0369,0.0574,0.0410,0.6820,0.7720,0.6960,0.0900,-0.0760,23.46,-10.00,162.3,174.5,1.183,0.210,1.907
1791427777.3403418,0.6350,0.6350,0.7006,0.4998,0.5695,0.7006,0.8440,0.7538,0.5695,0.3646,0.4998,0.5695,0.4998,0.0369,0.0369,0.0574,0.0574,0.6820,0.7705,,0.0885,,23.49,-10.04,162.5,174.3,1.089,0.209,1.753
1791427777.372413,0.8030,0.4998,0.5695,0.7006,0.7006,0.8030,0.7006,0.5695,0.5695,0.4998,0.1966,0.5695,0.5695,0.0369,0.0246,0.0574,0.0164,0.6800,0.7705,0.6960,0.0905,-0.0745,23.22,-9.83,162.5,173.3,1.172,0.211,1.834
1791427777.4040744,0.7538,0.6350,0.5695,0.5695,0.5695,0.7538,0.7006,0.5695,0.5695,0.3646,0.5695,0.6350,0.4998,0.0410,0.0410,0.1229,0.0369,0.6800,0.7750,,0.0950,,23.72,-9.97,162.6,173.3,1.104,0.208,1.683
1791427777.4373324,0.7538,0.6350,0.4998,0.7006,0.4998,0.8030,0.7538,0.7006,0.4302,0.2991,0.4302,0.6350,0.5695,0.0369,0.0369,0.0737,0.0410,0.6800,0.7700,0.6940,0.0900,-0.0760,23.66,-9.99,163.3,173.4,1.067,0.208,1.850
1791427777.4705384,0.7006,0.4998,0.3646,0.7006,0.7006,0.7006,0.7006,0.8030,0.8030,0.2991,0.4302,0.5695,0.5695,0.0369,0.0574,0.0574,0.0410,0.6830,0.7695,0.6940,0.0865,-0.0755,23.48,-10.01,163.5,173.0,1.062,0.208,1.769
1791427777.5035405,0.6350,0.7006,0.6350,0.4998,0.6350,0.5695,0.8030,0.4998,0.5695,0.3646,0.5695,0.6350,0.6350,0.0410,0.0369,0.0574,0.0205,0.6830,0.7710,0.6880,0.0880,-0.0830,23.49,-10.15,163.9,172.3,1.095,0.207,1.774
1791427777.537719,0.4998,0.5695,0.5695,0.6350,0.5695,0.7006,0.6350,0.4998,0.8030,0.2458,0.3646,0.6350,0.6350,0.0410,0.0369,0.0942,0.0410,0.6800,0.7730,0.6890,0.0930,-0.0840,23.67,-10.21,164.8,172.1,1.141,0.206,1.913
1791427777.5781622,0.5695,0.6350,0.7006,0.6350,0.5695,0.5695,0.7006,0.4998,0.6350,0.1966,0.3646,0.6350,0.5695,0.0574,0.0246,0.0737,0.0164,0.6830,0.7725,0.6960,0.0895,-0.0765,23.69,-10.16,164.3,171.7,1.089,0.206,1.870
1791427777.610115,0.6350,0.4998,0.5695,0.8030,0.4998,0.7538,0.7006,0.5695,0.3646,0.4302,0.5695,0.5695,0.5695,0.0737,0.0574,0.0410,0.0410,0.6800,0.7720,0.6950,0.0920,-0.0770,23.47,-10.05,163.8,172.2,1.137,0.209,1.824
1791427777.6415007,0.6350,0.3646,0.4998,0.5695,0.5695,0.7538,0.7538,0.4998,0.8030,0.4302,0.4302,0.6350,0.4998,0.0737,0.0737,0.0737,0.0410,0.6800,0.7755,,0.0955,,24.01,-10.01,163.7,172.2,1.186,0.206,1.785
1791427777.6739323,0.7006,0.6350,0.5695,0.6350,0.4998,0.5695,0.7538,0.6350,0.8030,0.3646,0.4302,0.6350,0.4998,0.0246,0.0123,0.0737,0.0369,0.6830,0.7735,,0.0905,,23.78,-9.92,163.4,172.1,1.193,0.207,1.866
1791427777.7058015,0.7006,0.7006,0.7006,0.6350,0.4998,0.8030,0.7006,0.7006,0.6350,0.3646,0.5695,0.5695,0.4998,0.0410,0.0410,0.0574,0.0410,0.6870,0.7730,,0.0860,,23.35,-9.91,163.1,172.8,1.147,0.209,1.919
1791427777.7382624,0.7006,0.6350,0.6350,0.7006,0.4302,0.6350,0.4998,0.6350,0.7538,0.1229,0.3646,0.6350,0.5695,0.0410,0.0246,0.0205,0.0410,0.6800,0.7730,0.6970,0.0930,-0.0760,23.44,-9.86,161.7,172.4,1.117,0.209,1.895
1791427777.7715986,0.5695,0.4998,0.5695,0.4302,0.4302,0.7006,0.8030,0.5695,0.7538,0.2991,0.2991,0.6350,0.5695,0.0369,0.0246,0.0369,0.0574,0.6800,0.7710,0.6950,0.0910,-0.0760,23.16,-9.75,162.2,172.3,1.158,0.212,
1791427777.8052285,0.7538,0.5695,0.5695,0.5695,0.4998,0.6350,0.8030,0.5695,0.5695,0.2991,0.4998,0.7006,0.5695,0.0737,0.0246,0.0737,0.0164,0.6800,0.7725,0.6950,0.0925,-0.0775,23.00,-9.67,162.3,172.1,1.178,0.215,2.015
1791427777.848235,0.5695,0.5695,0.5695,0.6350,0.5695,0.8030,0.8030,0.7538,0.4998,0.1966,0.2991,0.6350,0.5695,0.0942,0.0205,0.0574,0.0410,0.6830,0.7725,0.6890,0.0895,-0.0835,23.10,-9.83,161.9,172.5,1.127,0.213,
1791427777.8798826,0.7538,0.3646,0.7006,0.7006,0.3646,0.7538,0.6350,0.6350,0.6350,0.4302,0.5695,0.5695,0.4998,0.0574,0.0410,0.0410,0.0410,0.6800,0.7710,,0.0910,,23.48,-9.86,162.1,172.8,1.107,0.209,1.711
1791427777.9116545,0.6350,0.5695,0.4998,0.6350,0.5695,0.7006,0.8030,0.7538,0.6350,0.4302,0.5695,0.6350,0.5695,0.0737,0.0574,0.0574,0.0574,0.6830,0.7700,0.6920,0.0870,-0.0780,23.33,-9.94,162.4,173.3,1.072,0.209,1.708
1791427777.9431174,0.6350,0.6350,0.7006,0.7006,0.4998,0.7006,0.8440,0.8030,0.5695,0.5695,0.4302,0.5695,0.5695,0.0410,0.0369,0.0205,0.0246,0.6800,0.7720,0.6960,0.0920,-0.0760,23.49,-9.89,163.3,173.6,1.113,0.208,1.871
1791427777.9746268,0.7538,0.8030,0.7006,0.7538,0.6350,0.6350,0.8767,0.7538,0.5695,0.3646,0.5695,0.6350,0.5695,0.0246,0.0205,0.0369,0.0737,0.6830,0.7740,0.6960,0.0910,-0.0780,23.84,-10.04,163.3,174.3,1.033,0.205,1.689
1791427778.0069783,0.7538,0.4998,0.5695,0.7006,0.4998,0.6350,0.7538,0.4998,0.6350,0.1557,0.4302,0.5695,0.5695,0.0737,0.0410,0.0369,0.0574,0.6830,0.7735,0.6930,0.0905,-0.0805,23.87,-10.02,162.8,174.8,1.151,0.205,1.879
1791427778.0389516,0.4998,0.6350,0.8030,0.4998,0.5695,0.7538,0.7538,0.4302,0.7006,0.3646,0.4998,0.6350,0.5695,0.0369,0.0369,0.0737,0.0369,0.6830,0.7760,0.6940,0.0930,-0.0820,23.94,-9.99,163.0,175.0,1.177,0.205,1.874
1791427778.0714617,0.7006,0.7538,0.4998,0.5695,0.4998,0.6350,0.7006,0.5695,0.4998,0.2991,0.2991,0.5695,0.4998,0.0574,0.0410,0.0410,0.0205,0.6800,0.7730,,0.0930,,23.60,-9.88,163.0,174.9,1.183,0.209,
1791427778.1047177,0.7006,0.7006,0.6350,0.5695,0.6350,0.6350,0.7006,0.4998,0.7538,0.3646,0.4998,0.6350,0.5695,0.0574,0.0410,0.0574,0.0410,0.6830,0.7725,0.6960,0.0895,-0.0765,23.22,-9.80,162.8,174.7,1.147,0.212,1.911
1791427778.1383064,0.4998,0.8030,0.4998,0.5695,0.7538,0.7006,0.9054,0.4998,0.5695,0.2991,0.5695,0.6350,0.5695,0.0123,0.0410,0.0737,0.0737,0.6800,0.7750,0.6960,0.0950,-0.0790,23.24,-9.69,162.7,174.4,1.212,0.214,2.092
1791427778.171364,0.5695,0.5695,0.6350,0.4998,0.5695,0.6350,0.4998,0.4998,0.7006,0.4302,0.4302,0.6350,0.5695,0.0410,0.0574,0.0574,0.0369,0.6800,0.7720,0.6870,0.0920,-0.0850,23.12,-9.82,162.7,174.3,1.162,0.215,1.744
1791427778.2142699,0.5695,0.6350,0.4998,0.7538,0.7006,0.6350,0.7006,0.5695,0.7006,0.2458,0.4998,0.6350,0.5695,0.0369,0.0369,0.0574,0.0369,0.6800,0.7700,0.6870,0.0900,-0.0830,22.71,-9.82,162.3,174.0,1.199,0.219,2.043
1791427778.245579,0.7006,0.6350,0.5695,0.7006,0.4302,0.4302,0.8030,0.6350,0.4998,0.3646,0.2991,0.6350,0.5695,0.0410,0.0369,0.0574,0.0410,0.6800,0.7725,0.6890,0.0925,-0.0835,23.06,-10.02,162.8,174.1,1.086,0.215,1.783
1791427778.2770083,0.7006,0.4302,0.4998,0.2991,0.3646,0.7538,0.7006,0.6350,0.7538,0.1557,0.4998,0.6350,0.5695,0.0369,0.0410,0.0410,0.0737,0.6800,0.7700,0.6860,0.0900,-0.0840,22.85,-10.10,162.1,173.6,1.141,0.217,1.901
1791427778.3085625,0.8030,0.6350,0.6350,0.5695,0.7538,0.6350,0.6350,0.5695,0.6350,0.4302,0.3646,0.6350,0.5695,0.0410,0.0369,0.0369,0.0246,0.6800,0.7730,0.6950,0.0930,-0.0780,22.97,-10.07,162.3,174.3,1.117,0.216,1.854
1791427778.340795,0.7006,0.6350,0.6350,0.4998,0.4998,0.7006,0.6350,0.4998,0.7538,0.4302,0.3646,0.7006,0.4998,0.0410,0.0369,0.0737,0.0369,0.6830,0.7700,,0.0870,,22.89,-10.14,162.1,174.5,1.066,0.215,1.770
1791427778.3719304,0.6350,0.7006,0.7006,0.7006,0.5695,0.5695,0.7006,0.4998,0.7538,0.3646,0.4998,0.6350,0.5695,0.0574,0.0369,0.0942,0.0369,0.6830,0.7730,0.6940,0.0900,-0.0790,23.14,-10.23,162.0,174.6,1.058,0.212,1.714
1791427778.404829,0.7538,0.5695,0.7006,0.5695,0.5695,0.6350,0.7006,0.6350,0.7006,0.4998,0.4302,0.7006,0.5695,0.0737,0.0574,0.1229,0.0574,0.6800,0.7715,0.6930,0.0915,-0.0785,23.36,-10.25,162.5,174.5,1.073,0.210,1.708
1791427778.4398248,0.7538,0.5695,0.6350,0.4998,0.7006,0.7006,0.8030,0.4998,0.6350,0.3646,0.4998,0.4998,0.4998,0.0410,0.0410,0.0410,0.0410,0.6800,0.7725,,0.0925,,23.57,-10.35,162.4,174.7,1.061,0.209,1.718
1791427778.4714663,0.4302,0.7006,0.6350,0.6350,0.5695,0.5695,0.7538,0.7538,0.6350,0.5695,0.5695,0.5695,0.4998,0.0574,0.0246,0.0574,0.0246,0.6800,0.7720,,0.0920,,23.50,-10.26,162.4,174.2,1.141,0.210,1.804
1791427778.50591,0.5695,0.2458,0.6350,0.7538,0.6350,0.7006,0.8030,0.6350,0.8030,0.4302,0.4302,0.5695,0.6350,0.0410,0.0246,0.0574,0.0369,0.6830,0.7715,0.6970,0.0885,-0.0745,23.53,-10.18,162.0,174.2,1.076,0.208,1.706
1791427778.54736,0.7006,0.4302,0.6350,0.6350,0.4302,0.7538,0.6350,0.4302,0.5695,0.2991,0.2458,0.7006,0.4998,0.0737,0.0205,0.1229,0.0574,0.6800,0.7700,,0.0900,,23.45,-10.10,162.9,174.5,1.117,0.209,
1791427778.578806,0.6350,0.5695,0.4998,0.7006,0.5695,0.6350,0.8030,0.6350,0.7006,0.4998,0.5695,0.4998,0.4998,0.0246,0.0246,0.0369,0.0410,0.6830,0.7710,,0.0880,,23.29,-10.01,162.8,174.9,1.146,0.209,1.862
1791427778.609038,0.7538,0.4998,0.4302,0.6350,0.5695,0.6350,0.7538,0.4302,0.7006,0.1557,0.6350,0.5695,0.5695,0.0369,0.0410,0.0369,0.0369,0.6800,0.7695,0.6990,0.0895,-0.0705,23.00,-9.81,161.4,175.0,1.107,0.212,1.919
1791427778.641487,0.6350,0.6350,0.7006,0.5695,0.7538,0.5695,0.7538,0.6350,0.7538,0.3646,0.5695,0.5695,0.6350,0.0369,0.0164,0.0410,0.0164,0.6800,0.7725,0.6950,0.0925,-0.0775,23.07,-9.82,161.8,174.2,1.117,0.212,1.789
1791427778.6726341,0.7006,0.6350,0.5695,0.5695,0.4998,0.8030,0.7006,0.5695,0.7538,0.2991,0.4302,0.6350,0.5695,0.0410,0.0574,0.0410,0.0737,0.6800,0.7760,0.6920,0.0960,-0.0840,23.36,-9.86,162.6,174.6,1.187,0.212,1.997
1791427778.7059104,0.7538,0.6350,0.7538,0.4302,0.2991,0.7538,0.7538,0.4998,0.7006,0.4998,0.5695,0.6350,0.4998,0.0410,0.0164,0.0410,0.0369,0.6800,0.7740,,0.0940,,23.70,-10.00,162.7,174.7,1.072,0.210,1.762
1791427778.738812,0.7538,0.6350,0.5695,0.7006,0.6350,0.7538,0.6350,0.5695,0.4998,0.4302,0.4998,0.6350,0.5695,0.0410,0.0410,0.0574,0.0410,0.6830,0.7710,0.6980,0.0880,-0.0730,23.46,-9.89,162.5,174.5,1.101,0.210,1.853
1791427778.7731545,0.6350,0.4998,0.5695,0.7006,0.6350,0.6350,0.8030,0.6350,0.7538,0.2458,0.6350,0.6350,0.5695,0.0410,0.0410,0.0410,0.0574,0.6800,0.7715,0.6900,0.0915,-0.0815,23.68,-9.99,162.2,173.9,1.108,0.208,1.873
1791427778.815745,0.7006,0.6350,0.7006,0.4998,0.3646,0.6350,0.7538,0.7538,0.8030,0.4302,0.4302,0.7006,0.5695,0.0205,0.0410,0.0410,0.0369,0.6830,0.7705,0.6960,0.0875,-0.0745,23.48,-9.99,162.2,174.2,1.055,0.208,1.700
1791427778.847594,0.7538,0.7006,0.5695,0.6350,0.5695,0.6350,0.3646,0.4998,0.7006,0.4302,0.6350,0.6350,0.5695,0.0574,0.0410,0.0737,0.0574,0.6800,0.7730,0.6920,0.0930,-0.0810,23.36,-9.88,162.5,174.2,1.214,0.211,1.874
1791427778.8792408,0.7538,0.3646,0.4998,0.5695,0.6350,0.5695,0.6350,0.7538,0.4998,0.3646,0.2991,0.5695,0.5695,0.0369,0.0410,0.0574,0.0410,0.6830,0.7685,0.6910,0.0855,-0.0775,22.95,-9.95,163.0,173.9,1.074,0.212,1.862
1791427778.91079,0.8030,0.6350,0.5695,0.5695,0.6350,0.8030,0.6350,0.4998,0.5695,0.2458,0.1557,0.5695,0.5695,0.0369,0.0737,0.0737,0.0942,0.6800,0.7700,0.6940,0.0900,-0.0760,22.80,-9.91,162.6,173.6,1.108,0.214,
1791427778.9413116,0.5695,0.4302,0.7006,0.5695,0.6350,0.4998,0.6350,0.5695,0.5695,0.2991,0.5695,0.6350,0.5695,0.0369,0.0410,0.0410,0.0574,0.6800,0.7710,0.6960,0.0910,-0.0750,22.69,-9.80,162.2,174.3,1.137,0.216,1.935
1791427778.973409,0.6350,0.4998,0.7006,0.6350,0.7006,0.6350,0.7538,0.6350,0.7006,0.4998,0.2458,0.6350,0.5695,0.0369,0.0410,0.0942,0.0410,0.6800,0.7685,0.6940,0.0885,-0.0745,22.66,-9.86,162.9,173.6,1.039,0.215,1.783
1791427779.0064833,0.6350,0.7006,0.4998,0.4998,0.4998,0.7006,0.6350,0.7538,0.4302,0.4302,0.4998,0.6350,0.6350,0.0246,0.0410,0.1229,0.0574,0.6800,0.7655,0.6880,0.0855,-0.0775,22.25,-9.91,163.4,173.4,1.088,0.217,1.779
1791427779.0392954,0.6350,0.6350,0.4998,0.5695,0.4998,0.7538,0.5695,0.6350,0.7006,0.3646,0.4998,0.6350,0.5695,0.0410,0.0246,0.0574,0.0410,0.6800,0.7725,0.6950,0.0925,-0.0775,22.60,-9.95,163.3,173.7,1.085,0.215,1.739
1791427779.0731347,0.7538,0.4998,0.7006,0.7006,0.4302,0.7538,0.9054,0.5695,0.7006,0.2458,0.5695,0.5695,0.6350,0.0574,0.0369,0.1229,0.0369,0.6800,0.7710,0.6890,0.0910,-0.0820,22.85,-10.07,162.9,173.9,1.103,0.213,1.856
1791427779.1073542,0.8030,0.7538,0.6350,0.5695,0.5695,0.5695,0.8030,0.5695,0.7006,0.1966,0.2991,0.6350,0.4998,0.0369,0.0410,0.0737,0.0410,0.6800,0.7700,,0.0900,,22.89,-10.14,162.6,173.1,1.056,0.213,
1791427779.1478474,0.7006,0.5695,0.3646,0.7006,0.4998,0.6350,0.8440,0.5695,0.7006,0.4302,0.5695,0.6350,0.5695,0.0410,0.0369,0.0574,0.0410,0.6800,0.7705,0.6920,0.0905,-0.0785,22.82,-10.07,163.4,173.3,1.136,0.214,1.885
1791427779.1796932,0.5695,0.7006,0.7006,0.6350,0.6350,0.7538,0.8030,0.5695,0.5695,0.1966,0.4302,0.7006,0.6350,0.0246,0.0410,0.0574,0.0369,0.6800,0.7695,0.6970,0.0895,-0.0725,22.78,-9.90,163.7,173.1,1.113,0.214,1.879
1791427779.2109156,0.6350,0.8030,0.5695,0.4998,0.4998,0.7538,0.5695,0.7538,0.5695,0.4998,0.4302,0.7006,0.5695,0.0574,0.0205,0.0574,0.0410,0.6800,0.7690,0.6880,0.0890,-0.0810,22.96,-10.07,164.0,173.4,1.068,0.212,1.716
1791427779.2421677,0.8767,0.6350,0.6350,0.7006,0.7006,0.6350,0.6350,0.6350,0.6350,0.1966,0.2991,0.5695,0.5695,0.0737,0.0410,0.0410,0.0369,0.6800,0.7725,0.6860,0.0925,-0.0865,23.00,-10.10,162.6,174.0,1.197,0.213,
1791427779.2739754,0.4302,0.6350,0.4998,0.7006,0.5695,0.8440,0.8440,0.4998,0.6350,0.4302,0.4302,0.7006,0.5695,0.0574,0.0246,0.0737,0.0737,0.6830,0.7730,0.6930,0.0900,-0.0800,22.98,-10.06,163.2,173.7,1.147,0.213,1.844
1791427779.3071496,0.7538,0.5695,0.7006,0.6350,0.7006,0.7538,0.7538,0.4998,0.7538,0.4302,0.4998,0.5695,0.5695,0.0410,0.0369,0.0574,0.0205,0.6800,0.7660,0.6950,0.0860,-0.0710,22.67,-10.02,163.1,174.2,1.024,0.214,1.745
1791427779.3392415,0.7006,0.1966,0.4998,0.7006,0.5695,0.7006,0.7538,0.7006,0.7006,0.2458,0.2991,0.7006,0.5695,0.0410,0.0164,0.0410,0.0369,0.6800,0.7700,0.6900,0.0900,-0.0800,22.94,-10.10,162.8,174.5,1.084,0.212,
1791427779.3732855,0.7538,0.6350,0.5695,0.4998,0.5695,0.6350,0.6350,0.5695,0.6350,0.4998,0.4998,0.7006,0.5695,0.0574,0.0574,0.0942,0.0574,0.6800,0.7700,0.6900,0.0900,-0.0800,22.97,-10.08,163.2,175.2,1.137,0.211,1.804
1791427779.4066472,0.7538,0.5695,0.3646,0.5695,0.6350,0.6350,0.7006,0.7006,0.5695,0.2458,0.4998,0.6350,0.5695,0.0574,0.0410,0.0369,0.0369,0.6800,0.7740,0.6880,0.0940,-0.0860,23.47,-10.23,162.3,174.1,1.127,0.208,1.864
1791427779.449581,0.7538,0.4998,0.4998,0.5695,0.4998,0.3646,0.8030,0.7538,0.7006,0.1966,0.4998,0.5695,0.5695,0.0737,0.0164,0.0737,0.0737,0.6830,0.7725,0.6860,0.0895,-0.0865,23.64,-10.40,161.6,174.6,1.103,0.206,1.797
1791427779.481579,0.5695,0.7006,0.4998,0.4998,0.4302,0.7538,0.8030,0.6350,0.7538,0.1966,0.4998,0.6350,0.6350,0.0205,0.0574,0.0574,0.0369,0.6830,0.7705,0.6920,0.0875,-0.0785,23.66,-10.44,160.4,173.7,1.045,0.205,1.764
1791427779.5134444,0.6350,0.6350,0.6350,0.5695,0.4302,0.7006,0.7006,0.6350,0.7006,0.4302,0.5695,0.6350,0.5695,0.0574,0.0410,0.0369,0.0410,0.6800,0.7690,0.6860,0.0890,-0.0830,23.50,-10.46,161.5,172.8,1.118,0.206,1.747
1791427779.5457628,0.7538,0.7006,0.7006,0.7006,0.4998,0.5695,0.7006,0.7538,0.4998,0.1557,0.3646,0.7006,0.4998,0.0246,0.0246,0.0410,0.0410,0.6800,0.7695,,0.0895,,23.32,-10.47,161.2,173.2,1.079,0.208,1.860
1791427779.5764446,0.8440,0.7538,0.5695,0.4998,0.6350,0.7538,0.7006,0.6350,0.6350,0.2458,0.2458,0.5695,0.5695,0.0942,0.0410,0.0574,0.0574,0.6830,0.7720,0.6890,0.0890,-0.0830,23.42,-10.43,160.5,173.1,1.146,0.207,
1791427779.60885,0.7538,0.5695,0.4998,0.5695,0.4998,0.6350,0.5695,0.6350,0.6350,0.3646,0.2458,0.7538,0.6350,0.0410,0.0164,0.1229,0.0410,0.6830,0.7705,0.6940,0.0875,-0.0765,23.34,-10.38,160.8,173.3,1.067,0.206,1.736
1791427779.6403093,0.8030,0.7006,0.5695,0.4302,0.7538,0.7538,0.6350,0.7538,0.7006,0.2991,0.3646,0.4998,0.5695,0.0574,0.0410,0.0574,0.0410,0.6800,0.7715,,0.0915,,23.29,-10.36,160.8,173.2,1.117,0.208,1.927
1791427779.6731913,0.7538,0.5695,0.4998,0.4998,0.8030,0.7006,0.7006,0.7006,0.8030,0.2458,0.5695,0.6350,0.5695,0.0205,0.0246,0.0574,0.0574,0.6800,0.7720,0.6980,0.0920,-0.0740,22.96,-10.02,160.3,173.6,1.199,0.213,2.042
1791427779.7072735,0.8440,0.6350,0.4998,0.6350,0.6350,0.7006,0.7538,0.4302,0.7006,0.4998,0.1966,0.5695,0.5695,0.0574,0.0369,0.0737,0.0369,0.6800,0.7710,0.6910,0.0910,-0.0800,22.96,-10.04,160.8,173.8,1.122,0.213,1.827
1791427779.7400115,0.7538,0.5695,0.4302,0.5695,0.6350,0.7538,0.8030,0.5695,0.4302,0.2991,0.2991,0.6350,0.6350,0.0574,0.0246,0.0369,0.0369,0.6830,0.7745,0.6940,0.0915,-0.0805,23.15,-9.93,160.6,174.0,1.203,0.212,
1791427779.783538,0.6350,0.3646,0.4998,0.4302,0.8030,0.7006,0.7006,0.6350,0.4998,0.1966,0.4998,0.7006,0.5695,0.0737,0.0369,0.0737,0.0246,0.6830,0.7670,0.6920,0.0840,-0.0750,22.46,-9.83,161.3,174.2,1.127,0.216,2.005
1791427779.8139548,0.6350,0.4998,0.5695,0.6350,0.5695,0.8030,0.7006,0.7006,0.6350,0.2991,0.4302,0.7006,0.5695,0.1557,0.0246,0.0574,0.0369,0.6800,0.7715,0.6880,0.0915,-0.0835,22.40,-9.76,161.4,174.6,1.247,0.217,2.043
1791427779.8456059,0.8440,0.8030,0.7006,0.4998,0.5695,0.7006,0.8030,0.4998,0.7538,0.1557,0.2991,0.6350,0.5695,0.0410,0.0410,0.0574,0.0246,0.6800,0.7690,0.6890,0.0890,-0.0800,22.52,-9.88,160.7,174.7,1.090,0.216,
1791427779.8778381,0.8440,0.4998,0.5695,0.7006,0.6350,0.7006,0.6350,0.4302,0.6350,0.2458,0.6350,0.4998,0.4998,0.0942,0.0410,0.0369,0.0737,0.6800,0.7705,,0.0905,,22.41,-9.95,160.6,175.1,1.107,0.218,1.961
1791427779.909371,0.6350,0.5695,0.3646,0.5695,0.6350,0.5695,0.4302,0.5695,0.5695,0.2991,0.5695,0.4998,0.5695,0.0369,0.0205,0.0574,0.0410,0.6800,0.7680,,0.0880,,22.59,-9.91,161.2,175.1,1.122,0.215,1.881
1791427779.940823,0.7006,0.2458,0.4302,0.5695,0.5695,0.7006,0.6350,0.5695,0.7006,0.4302,0.5695,0.6350,0.5695,0.0410,0.0410,0.0942,0.0574,0.6870,0.7700,0.6940,0.0830,-0.0760,22.55,-9.92,161.7,174.5,1.079,0.212,1.737
1791427779.9729753,0.8030,0.4998,0.4998,0.4998,0.4998,0.7006,0.6350,0.7006,0.6350,0.2458,0.4998,0.7006,0.6350,0.0369,0.0410,0.0574,0.0246,0.6870,0.7725,0.6870,0.0855,-0.0855,22.75,-10.15,162.5,174.9,1.091,0.209,1.788
1791427780.0071871,0.7538,0.4302,0.6350,0.3646,0.3646,0.7006,0.7006,0.4998,0.5695,0.3646,0.5695,0.6350,0.4998,0.0574,0.0246,0.0574,0.0410,0.6830,0.7710,,0.0880,,22.73,-10.12,163.3,174.4,1.141,0.209,1.759
1791427780.0418108,0.6350,0.6350,0.4998,0.4998,0.4998,0.7538,0.4998,0.7006,0.6350,0.4998,0.4998,0.6350,0.4998,0.0410,0.0410,0.0942,0.0410,0.6830,0.7705,,0.0875,,22.85,-10.23,163.2,172.9,1.056,0.208,1.721
1791427780.08468,0.7006,0.4302,0.5695,0.5695,0.5695,0.7538,0.4998,0.5695,0.4998,0.1966,0.1557,0.6350,0.4998,0.0574,0.0369,0.0737,0.0574,0.6800,0.7695,,0.0895,,22.80,-10.31,162.8,171.9,1.052,0.209,
1791427780.1152139,0.7006,0.5695,0.5695,0.6350,0.5695,0.5695,0.8440,0.5695,0.4998,0.2991,0.5695,0.5695,0.5695,0.0410,0.0205,0.0737,0.0164,0.6800,0.7740,0.6930,0.0940,-0.0810,22.86,-10.22,163.2,171.7,1.161,0.212,1.953
1791427780.1476395,0.7538,0.6350,0.5695,0.7538,0.5695,0.7006,0.5695,0.6350,0.7538,0.2458,0.5695,0.6350,0.4998,0.0205,0.0369,0.0574,0.0410,0.6800,0.7735,,0.0935,,23.20,-10.30,162.4,171.8,1.099,0.210,1.809
1791427780.1793277,0.5695,0.7006,0.4998,0.5695,0.6350,0.4998,0.7006,0.6350,0.7006,0.3646,0.4302,0.5695,0.6350,0.0410,0.0369,0.0410,0.0410,0.6800,0.7695,0.6920,0.0895,-0.0775,23.23,-10.28,162.5,172.9,1.079,0.210,1.758
1791427780.2117612,0.5695,0.5695,0.3646,0.6350,0.5695,0.6350,0.8030,0.8030,0.6350,0.3646,0.4302,0.6350,0.5695,0.0942,0.0410,0.0574,0.0410,0.6800,0.7680,0.6950,0.0880,-0.0730,23.38,-10.30,162.4,172.4,0.992,0.207,1.588
1791427780.2426722,0.5695,0.5695,0.5695,0.5695,0.5695,0.6350,0.7006,0.4998,0.5695,0.3646,0.6350,0.6350,0.5695,0.0737,0.0164,0.0574,0.0369,0.6830,0.7705,0.6870,0.0875,-0.0835,23.13,-10.32,162.9,172.1,1.137,0.209,1.830
1791427780.2742422,0.7006,0.6350,0.5695,0.6350,0.7006,0.6350,0.8030,0.4998,0.5695,0.1557,0.4302,0.6350,0.4998,0.0369,0.0369,0.0410,0.0369,0.6830,0.7705,,0.0875,,23.20,-10.22,161.7,172.6,1.146,0.207,1.836
1791427780.3078456,0.7006,0.6350,0.3646,0.6350,0.5695,0.7006,0.8030,0.7006,0.7006,0.5695,0.4998,0.5695,0.4998,0.0410,0.0410,0.0410,0.0205,0.6830,0.7685,,0.0855,,22.68,-10.18,162.6,173.2,1.096,0.211,1.859
1791427780.3404799,0.5695,0.5695,0.6350,0.4998,0.7006,0.7538,0.6350,0.5695,0.6350,0.1966,0.4998,0.6350,0.5695,0.0246,0.0246,0.0737,0.0410,0.6800,0.7730,0.6950,0.0930,-0.0780,23.01,-10.15,162.4,173.2,1.103,0.210,1.896
1791427780.3740232,0.7538,0.6350,0.4302,0.7006,0.6350,0.6350,0.6350,0.6350,0.6350,0.3646,0.4998,0.5695,0.5695,0.0410,0.0369,0.0410,0.0369,0.6830,0.7705,0.6950,0.0875,-0.0755,22.84,-10.07,162.3,173.9,1.103,0.211,1.830
1791427780.4074388,0.5695,0.4998,0.5695,0.2991,0.3646,0.6350,0.8767,0.4998,0.7006,0.4302,0.3646,0.5695,0.4302,0.0369,0.0246,0.0942,0.0410,0.6800,0.7705,,0.0905,,22.74,-10.06,162.1,174.0,1.102,0.213,1.867
1791427780.4489076,0.7538,0.4998,0.4302,0.7006,0.4998,0.7006,0.5695,0.7006,0.7538,0.4302,0.5695,0.5695,0.5695,0.0737,0.0369,0.0737,0.0410,0.6830,0.7730,0.6910,0.0900,-0.0820,23.02,-10.15,162.1,173.6,1.108,0.210,1.752
1791427780.4809017,0.7538,0.5695,0.7006,0.5695,0.7006,0.8440,0.6350,0.4302,0.5695,0.2458,0.4998,0.6350,0.5695,0.0574,0.0205,0.0574,0.0574,0.6830,0.7705,0.6960,0.0875,-0.0745,22.75,-9.97,162.0,174.0,1.141,0.212,1.890
1791427780.5125222,0.6350,0.4998,0.7006,0.6350,0.6350,0.6350,0.7006,0.6350,0.7006,0.1966,0.4302,0.7006,0.4998,0.0410,0.0410,0.0574,0.0410,0.6800,0.7710,,0.0910,,22.93,-10.06,162.2,174.1,1.061,0.211,1.846
1791427780.5443587,0.4998,0.7538,0.6350,0.7538,0.6350,0.6350,0.8030,0.4998,0.5695,0.4302,0.5695,0.5695,0.5695,0.0369,0.0369,0.0574,0.0369,0.6830,0.7750,0.6950,0.0920,-0.0800,23.14,-10.04,162.3,174.2,1.137,0.210,1.848
1791427780.5759883,0.8030,0.5695,0.6350,0.5695,0.4998,0.7006,0.7006,0.7006,0.7538,0.3646,0.2991,0.6350,0.5695,0.0574,0.0410,0.0410,0.0410,0.6800,0.7750,0.6900,0.0950,-0.0850,23.40,-10.09,162.2,174.0,1.171,0.210,1.866
1791427780.607737,0.8030,0.5695,0.6350,0.5695,0.7006,0.8030,0.7006,0.7006,0.8030,0.2991,0.5695,0.5695,0.4998,0.0410,0.0410,0.0574,0.0410,0.6800,0.7725,,0.0925,,23.68,-10.14,161.6,174.3,1.094,0.208,1.839
1791427780.641071,0.4302,0.7538,0.5695,0.4998,0.5695,0.7006,0.5695,0.4998,0.5695,0.1966,0.4998,0.5695,0.5695,0.0369,0.0369,0.0410,0.0574,0.6870,0.7740,0.6960,0.0870,-0.0780,23.39,-10.05,161.2,174.5,1.142,0.209,1.858
1791427780.674493,0.6350,0.7006,0.7006,0.4302,0.7006,0.7006,0.6350,0.6350,0.7538,0.4998,0.5695,0.6350,0.5695,0.0942,0.0410,0.0942,0.0410,0.6800,0.7715,0.6940,0.0915,-0.0775,23.30,-9.97,161.4,174.5,1.140,0.210,1.873
1791427780.7084355,0.5695,0.4302,0.5695,0.7006,0.7006,0.7006,0.7006,0.6350,0.7006,0.3646,0.2991,0.5695,0.5695,0.0574,0.0410,0.0410,0.0574,0.6800,0.7720,0.6960,0.0920,-0.0760,23.35,-9.94,161.1,174.4,1.098,0.211,1.765
1791427780.750237,0.4998,0.4998,0.5695,0.6350,0.7538,0.4998,0.7006,0.4998,0.8030,0.3646,0.4998,0.5695,0.5695,0.0574,0.0369,0.0737,0.0574,0.6800,0.7715,0.7010,0.0915,-0.0705,23.11,-9.67,161.6,174.3,1.157,0.213,1.964
1791427780.783218,0.5695,0.5695,0.6350,0.5695,0.5695,0.7538,0.7538,0.5695,0.7006,0.3646,0.2991,0.5695,0.6350,0.0737,0.0574,0.0737,0.0410,0.6800,0.7690,0.6950,0.0890,-0.0740,23.05,-9.70,161.4,174.2,1.071,0.213,1.730
1791427780.8145099,0.7538,0.6350,0.4998,0.6350,0.6350,0.7538,0.8440,0.8030,0.7538,0.2991,0.4302,0.6350,0.5695,0.0737,0.0246,0.0737,0.0410,0.6830,0.7715,0.6950,0.0885,-0.0765,22.99,-9.78,161.5,174.0,1.071,0.213,1.831
1791427780.846255,0.7006,0.6350,0.6350,0.7006,0.6350,0.7006,0.8030,0.5695,0.5695,0.1557,0.4998,0.4998,0.5695,0.0574,0.0205,0.1229,0.0737,0.6830,0.7705,,0.0875,,23.17,-9.86,160.8,174.1,1.050,0.209,1.740
1791427780.8772364,0.7006,0.4998,0.6350,0.5695,0.4998,0.7006,0.7538,0.6350,0.5695,0.2458,0.4998,0.5695,0.4998,0.0410,0.0574,0.0737,0.0737,0.6800,0.7695,,0.0895,,23.10,-9.77,160.3,174.6,1.116,0.210,1.900
1791427780.9102504,0.7006,0.4998,0.5695,0.6350,0.6350,0.7006,0.7006,0.5695,0.7538,0.2458,0.6350,0.6350,0.5695,0.0369,0.0246,0.0574,0.0737,0.6830,0.7730,0.6980,0.0900,-0.0750,23.32,-9.76,160.0,175.0,1.094,0.208,1.806
1791427780.9423835,0.6350,0.5695,0.7006,0.6350,0.4302,0.6350,0.6350,0.5695,0.7006,0.2458,0.6350,0.6350,0.4998,0.0369,0.0369,0.0410,0.0369,0.6800,0.7710,,0.0910,,23.25,-9.61,160.1,175.2,1.182,0.209,1.945
1791427780.975324,0.8767,0.7538,0.7006,0.6350,0.7006,0.7006,0.7538,0.4998,0.6350,0.2991,0.5695,0.7006,0.6350,0.0574,0.0369,0.0574,0.0574,0.6800,0.7715,0.6950,0.0915,-0.0765,23.33,-9.60,159.7,174.5,1.136,0.209,1.903
1791427781.0081382,0.8030,0.7006,0.4998,0.5695,0.7006,0.4998,0.5695,0.5695,0.3646,0.2458,0.2458,0.5695,0.6350,0.0574,0.0369,0.0737,0.0574,0.6800,0.7690,0.6960,0.0890,-0.0730,23.27,-9.64,159.1,173.8,1.053,0.209,
1791427781.0417697,0.6350,0.4998,0.6350,0.6350,0.5695,0.7006,0.7538,0.7538,0.4998,0.4302,0.4998,0.5695,0.4998,0.0737,0.0246,0.0574,0.0410,0.6800,0.7670,,0.0870,,22.94,-9.58,159.3,173.5,1.085,0.211,1.765
1791427781.0845244,0.7538,0.5695,0.6350,0.5695,0.6350,0.8030,0.6350,0.4998,0.7538,0.4302,0.1966,0.5695,0.5695,0.0410,0.0410,0.0737,0.0410,0.6800,0.7720,0.6960,0.0920,-0.0760,22.99,-9.57,160.6,173.1,1.132,0.212,1.784
1791427781.1158452,0.6350,0.5695,0.7006,0.7538,0.5695,0.5695,0.7006,0.4998,0.8030,0.2991,0.4302,0.5695,0.5695,0.0410,0.0369,0.0574,0.0164,0.6800,0.7685,0.6950,0.0885,-0.0735,22.80,-9.60,158.9,173.2,1.075,0.213,1.838
1791427781.1480412,0.8030,0.4998,0.6350,0.5695,0.4302,0.6350,0.7538,0.4302,0.6350,0.1966,0.2991,0.4998,0.5695,0.0574,0.0123,0.0410,0.0369,0.6800,0.7720,,0.0920,,22.95,-9.60,159.5,173.3,1.127,0.213,
1791427781.1802278,0.7006,0.5695,0.7006,0.7006,0.7006,0.7538,0.7006,0.7006,0.7006,0.4998,0.4998,0.5695,0.5695,0.0410,0.0246,0.0574,0.0574,0.6880,0.7755,0.6960,0.0875,-0.0795,23.09,-9.70,160.4,173.2,1.117,0.210,1.797
1791427781.2114408,0.8030,0.8030,0.4998,0.6350,0.6350,0.7006,0.7538,0.6350,0.6350,0.4302,0.4302,0.5695,0.4998,0.0369,0.0369,0.0410,0.0369,0.6840,0.7710,,0.0870,,22.84,-9.70,160.7,173.0,1.098,0.211,1.801
1791427781.242513,0.7538,0.5695,0.5695,0.4998,0.5695,0.7006,0.7006,0.4998,0.7006,0.2458,0.3646,0.6350,0.5695,0.0410,0.0410,0.0942,0.0205,0.6830,0.7725,0.6940,0.0895,-0.0785,22.88,-9.68,161.8,173.2,1.162,0.211,1.974
1791427781.2766266,0.7006,0.4998,0.4998,0.7006,0.5695,0.7538,0.7006,0.5695,0.5695,0.6350,0.6350,0.7006,0.5695,0.0737,0.0574,0.0574,0.0164,0.6880,0.7710,0.6960,0.0830,-0.0750,22.83,-9.79,162.0,173.4,1.036,0.209,1.695
1791427781.3082132,0.7538,0.2458,0.7006,0.5695,0.6350,0.6350,0.7538,0.6350,0.5695,0.2991,0.4998,0.5695,0.5695,0.0574,0.0246,0.0574,0.0737,0.6840,0.7730,0.6920,0.0890,-0.0810,23.11,-9.94,162.4,173.5,1.086,0.207,1.779
1791427781.343056,0.8030,0.7538,0.7538,0.7006,0.5695,0.5695,0.7006,0.6350,0.4998,0.2991,0.4998,0.5695,0.5695,0.0246,0.0164,0.0410,0.0246,0.6830,0.7700,0.6960,0.0870,-0.0740,23.07,-9.92,161.8,173.6,1.067,0.206,1.857
1791427781.374826,0.6350,0.5695,0.8030,0.5695,0.7006,0.8030,0.5695,0.6350,0.8767,0.2991,0.2458,0.7006,0.4998,0.0369,0.0574,0.0737,0.0574,0.6800,0.7720,,0.0920,,23.36,-9.90,161.4,174.0,1.113,0.205,
1791427781.4091117,0.4302,0.5695,0.4998,0.7538,0.6350,0.7538,0.7006,0.5695,0.7538,0.2458,0.5695,0.6350,0.5695,0.0410,0.0410,0.0574,0.0574,0.6830,0.7705,0.6910,0.0875,-0.0795,23.22,-9.98,161.1,174.1,1.094,0.206,1.838
1791427781.4494364,0.6350,0.8030,0.5695,0.6350,0.4302,0.6350,0.7006,0.5695,0.7006,0.2991,0.1557,0.5695,0.5695,0.0942,0.0164,0.0164,0.0410,0.6800,0.7720,0.7010,0.0920,-0.0710,23.22,-9.74,161.1,174.7,1.146,0.208,
1791427781.4821117,0.6350,0.6350,0.4302,0.6350,0.5695,0.4998,0.7538,0.7006,0.5695,0.1966,0.6350,0.6350,0.5695,0.0737,0.0246,0.0410,0.0205,0.6870,0.7670,0.6960,0.0800,-0.0710,22.44,-9.71,160.0,175.1,1.050,0.212,1.877
1791427781.513238,0.5695,0.4998,0.4302,0.5695,0.6350,0.6350,0.7538,0.5695,0.7538,0.4998,0.4302,0.6350,0.6350,0.0574,0.0369,0.0369,0.0369,0.6800,0.7700,0.6950,0.0900,-0.0750,22.50,-9.70,160.5,175.0,1.098,0.212,1.792
1791427781.5451477,0.6350,0.6350,0.7006,0.4998,0.7538,0.5695,0.7538,0.5695,0.7006,0.4302,0.6350,0.6350,0.5695,0.0942,0.0574,0.0737,0.0410,0.6830,0.7725,0.6960,0.0895,-0.0765,22.73,-9.76,161.2,175.2,1.089,0.211,1.798
1791427781.5760844,0.6350,0.7006,0.5695,0.6350,0.6350,0.5695,0.7006,0.5695,0.4302,0.2458,0.4998,0.6350,0.5695,0.0369,0.0369,0.0574,0.0164,0.6800,0.7710,0.6950,0.0910,-0.0760,22.88,-9.86,160.0,174.6,1.047,0.210,1.840
1791427781.6093097,0.5695,0.6350,0.6350,0.6350,0.3646,0.7538,0.8030,0.6350,0.7538,0.3646,0.7538,0.5695,0.5695,0.0410,0.0410,0.0574,0.0410,0.6800,0.7705,0.6960,0.0905,-0.0745,23.09,-9.93,160.7,174.0,1.029,0.209,1.741
1791427781.6424081,0.5695,0.7006,0.7006,0.4302,0.7006,0.6350,0.7006,0.5695,0.6350,0.4998,0.6350,0.5695,0.5695,0.0942,0.0369,0.0574,0.0369,0.6830,0.7730,0.6950,0.0900,-0.0780,23.20,-9.96,160.9,173.5,1.099,0.208,1.747
1791427781.675303,0.6350,0.7006,0.4998,0.6350,0.7006,0.7006,0.8030,0.7006,0.7006,0.1557,0.2458,0.5695,0.4998,0.0574,0.0410,0.0737,0.0369,0.6830,0.7680,,0.0850,,22.90,-9.97,160.8,173.2,1.025,0.209,
1791427781.7088726,0.7538,0.7006,0.4998,0.7006,0.3646,0.7006,0.7006,0.5695,0.6350,0.3646,0.5695,0.5695,0.5695,0.0737,0.0205,0.0574,0.0410,0.6800,0.7730,0.6950,0.0930,-0.0780,23.42,-10.16,161.0,172.8,1.010,0.206,1.643
1791427781.7512877,0.7006,0.5695,0.7538,0.4302,0.4998,0.4998,0.7006,0.5695,0.6350,0.4998,0.2458,0.4998,0.4998,0.0410,0.0369,0.0574,0.0574,0.6830,0.7725,,0.0895,,23.29,-10.19,162.0,171.5,1.057,0.208,1.787
1791427781.7831984,0.7006,0.4998,0.5695,0.4998,0.6350,0.6350,0.7006,0.5695,0.6350,0.3646,0.4998,0.6350,0.6350,0.0942,0.0574,0.0574,0.0574,0.6830,0.7710,0.6940,0.0880,-0.0770,23.12,-10.08,161.7,171.6,1.132,0.209,1.853
1791427781.8138707,0.6350,0.4998,0.7538,0.5695,0.7006,0.7006,0.8030,0.5695,0.6350,0.7006,0.5695,0.7006,0.5695,0.0246,0.0574,0.0574,0.0410,0.6800,0.7715,0.6960,0.0915,-0.0755,23.26,-10.03,162.1,171.9,1.089,0.208,1.850
1791427781.8455505,0.8030,0.8030,0.5695,0.4302,0.6350,0.5695,0.7006,0.2458,0.6350,0.2458,0.4302,0.5695,0.4998,0.0369,0.0246,0.0737,0.0574,0.6800,0.7725,,0.0925,,23.35,-9.93,161.1,171.9,1.146,0.209,1.930
1791427781.8770578,0.7006,0.4998,0.5695,0.6350,0.5695,0.7538,0.7538,0.7006,0.6350,0.4302,0.4302,0.6350,0.6350,0.0942,0.0410,0.0737,0.0410,0.6800,0.7710,0.6960,0.0910,-0.0750,23.27,-9.92,161.8,173.0,1.079,0.210,1.761
1791427781.9098465,0.7006,0.7006,0.6350,0.5695,0.7006,0.4302,0.6350,0.6350,0.7006,0.4998,0.4302,0.6350,0.4998,0.0737,0.0369,0.0942,0.0369,0.6840,0.7695,,0.0855,,23.03,-9.86,162.3,172.3,1.089,0.210,1.797
1791427781.943059,0.7538,0.7538,0.7538,0.5695,0.4998,0.7538,0.4998,0.7006,0.7538,0.3646,0.5695,0.4998,0.5695,0.0246,0.0369,0.0369,0.0205,0.6800,0.7735,,0.0935,,23.53,-9.90,162.5,172.7,1.100,0.207,1.781
1791427781.976163,0.6350,0.4998,0.8440,0.4998,0.6350,0.7006,0.8030,0.6350,0.7006,0.3646,0.4302,0.7006,0.5695,0.0574,0.0369,0.0410,0.0410,0.6830,0.7735,0.6940,0.0905,-0.0795,23.91,-10.10,162.7,173.2,1.030,0.204,1.678
1791427782.009847,0.5695,0.5695,0.4998,0.4998,0.7006,0.7006,0.8030,0.4302,0.7006,0.2991,0.5695,0.6350,0.4998,0.0737,0.0369,0.0574,0.0574,0.6830,0.7730,,0.0900,,23.96,-10.18,162.6,172.8,1.048,0.203,1.784
1791427782.0517817,0.7006,0.2991,0.4998,0.6350,0.6350,0.7538,0.5695,0.7538,0.7538,0.2458,0.6350,0.6350,0.4998,0.0410,0.0246,0.0574,0.0369,0.6800,0.7735,,0.0935,,24.24,-10.27,162.5,172.6,1.045,0.202,1.780
1791427782.0835745,0.7538,0.4998,0.5695,0.7006,0.4998,0.6350,0.7006,0.5695,0.5695,0.2458,0.2458,0.6350,0.5695,0.0574,0.0205,0.0574,0.0205,0.6800,0.7690,0.6930,0.0890,-0.0760,24.03,-10.26,162.4,171.6,1.052,0.203,
1791427782.1141198,0.8030,0.7006,0.7006,0.4302,0.7538,0.7538,0.6350,0.6350,0.6350,0.3646,0.5695,0.6350,0.5695,0.0942,0.0574,0.0737,0.0410,0.6800,0.7725,0.6960,0.0925,-0.0765,23.85,-10.09,162.3,171.9,1.146,0.206,1.816
1791427782.1464124,0.7538,0.5695,0.4302,0.5695,0.6350,0.7538,0.7006,0.4998,0.7538,0.2991,0.2991,0.6350,0.4998,0.0410,0.0737,0.0574,0.0574,0.6800,0.7710,,0.0910,,23.74,-10.00,162.7,171.8,1.122,0.207,
1791427782.1782608,0.7006,0.5695,0.6350,0.6350,0.4302,0.6350,0.5695,0.5695,0.7538,0.4302,0.4302,0.6350,0.4998,0.0369,0.0246,0.0942,0.0574,0.6800,0.7710,,0.0910,,23.73,-10.01,162.3,172.3,1.070,0.207,1.776
1791427782.2102277,0.7006,0.5695,0.7006,0.7006,0.7006,0.5695,0.8030,0.8030,0.7006,0.1557,0.5695,0.6350,0.4998,0.0369,0.0246,0.0574,0.0369,0.6840,0.7705,,0.0865,,23.48,-9.98,161.8,172.5,1.088,0.207,1.828
1791427782.2430751,0.7006,0.4998,0.5695,0.6350,0.7538,0.7006,0.7538,0.7006,0.7006,0.3646,0.4998,0.5695,0.6350,0.0410,0.0246,0.1229,0.0574,0.6830,0.7705,0.6910,0.0875,-0.0795,23.14,-9.97,162.2,173.3,1.136,0.210,1.890
1791427782.2765589,0.7006,0.7006,0.7006,0.6350,0.7538,0.6350,0.7538,0.7006,0.7006,0.3646,0.4998,0.5695,0.5695,0.0737,0.0123,0.0574,0.0410,0.6800,0.7705,0.6960,0.0905,-0.0745,23.20,-9.85,162.1,173.2,1.127,0.209,1.817
1791427782.3097854,0.6350,0.4998,0.7006,0.5695,0.5695,0.5695,0.8030,0.4302,0.6350,0.3646,0.4998,0.6350,0.4998,0.0410,0.0574,0.0942,0.0410,0.6830,0.7710,,0.0880,,22.94,-9.78,162.4,173.7,1.137,0.211,1.722
1791427782.3423216,0.6350,0.8440,0.3646,0.4998,0.7006,0.2458,0.8030,0.6350,0.7006,0.2991,0.4302,0.5695,0.5695,0.0574,0.0574,0.0737,0.0369,0.6830,,0.6890,,,22.94,-9.78,162.4,173.7,,,
1791427782.3844538,0.8030,0.5695,0.4998,0.7006,0.4998,0.5695,0.6350,0.5695,0.5695,0.3646,0.1557,0.5695,0.5695,0.0410,0.0410,0.0574,0.0369,0.6800,0.7700,0.6910,0.0900,-0.0790,22.97,-9.82,162.4,173.2,1.122,0.211,1.688
1791427782.4168565,0.7006,0.7538,0.5695,0.5695,0.2991,0.7006,0.5695,0.7006,0.8030,0.2991,0.3646,0.7006,0.5695,0.0410,0.0574,0.0737,0.0369,0.6800,0.7710,0.6870,0.0910,-0.0840,22.98,-9.89,163.0,173.9,1.177,0.212,1.962
1791427782.4481142,0.8030,0.8030,0.4302,0.3646,0.6350,0.7006,0.7538,0.5695,0.7538,0.1229,0.4998,0.6350,0.4998,0.0410,0.0205,0.0574,0.0246,0.6830,0.7705,,0.0875,,22.96,-9.92,162.2,174.0,1.098,0.211,1.853
1791427782.4807305,0.7538,0.4998,0.4302,0.4302,0.6350,0.6350,0.7538,0.5695,0.7006,0.4302,0.4302,0.5695,0.5695,0.0574,0.0410,0.0574,0.0410,0.6830,0.7735,0.6950,0.0905,-0.0785,23.23,-10.00,162.8,174.5,1.080,0.209,1.756
1791427782.5126662,0.7538,0.7538,0.6350,0.6350,0.7006,0.4302,0.8030,0.6350,0.7006,0.2991,0.5695,0.5695,0.4998,0.0574,0.0369,0.0410,0.0410,0.6800,0.7705,,0.0905,,23.12,-10.00,163.4,174.6,1.097,0.210,1.892
1791427782.543985,0.7538,0.6350,0.5695,0.7006,0.7538,0.5695,0.7538,0.6350,0.7538,0.3646,0.5695,0.4998,0.4998,0.0574,0.0205,0.0410,0.0410,0.6800,0.7710,,0.0910,,23.45,-10.10,163.4,174.7,1.053,0.208,1.648
1791427782.576903,0.8030,0.7538,0.7538,0.4998,0.5695,0.8030,0.5695,0.7006,0.7006,0.4302,0.2991,0.6350,0.6350,0.0737,0.0246,0.0410,0.0369,0.6840,0.7705,0.6900,0.0865,-0.0805,23.08,-10.02,163.4,175.3,1.175,0.210,1.920
1791427782.611274,0.7006,0.7006,0.5695,0.6350,0.4998,0.6350,0.7538,0.7538,0.7006,0.4998,0.4302,0.6350,0.4998,0.0246,0.0410,0.0369,0.0369,0.6800,0.7725,,0.0925,,23.30,-10.12,162.9,175.2,1.075,0.209,1.719
1791427782.643587,0.8030,0.4302,0.5695,0.5695,0.5695,0.6350,0.8440,0.7006,0.7538,0.2991,0.4302,0.6350,0.5695,0.0410,0.0246,0.0369,0.0574,0.6800,0.7680,0.6850,0.0880,-0.0830,23.20,-10.26,162.5,175.3,1.084,0.209,1.814
1791427782.6861587,0.7538,0.4998,0.6350,0.7538,0.5695,0.7006,0.7538,0.6350,0.8030,0.2991,0.3646,0.6350,0.4998,0.0164,0.0410,0.0574,0.0737,0.6800,0.7730,,0.0930,,23.33,-10.33,163.3,174.6,1.098,0.209,1.869
1791427782.717905,0.6350,0.6350,0.4998,0.4302,0.4998,0.6350,0.7006,0.5695,0.8030,0.2458,0.5695,0.6350,0.5695,0.0205,0.0205,0.0369,0.0410,0.6830,0.7710,0.6930,0.0880,-0.0780,23.40,-10.34,163.7,173.6,1.062,0.208,1.777
1791427782.7499819,0.5695,0.4998,0.6350,0.6350,0.4998,0.7538,0.7538,0.4998,0.8030,0.2991,0.5695,0.5695,0.5695,0.0410,0.0574,0.0574,0.0369,0.6800,0.7740,0.6950,0.0940,-0.0790,23.65,-10.24,164.3,173.9,1.137,0.207,1.903
1791427782.7820053,0.6350,0.6350,0.6350,0.4998,0.7006,0.6350,0.5695,0.6350,0.7006,0.2458,0.4998,0.6350,0.5695,0.0369,0.0246,0.0369,0.0574,0.6830,0.7710,0.6900,0.0880,-0.0810,23.58,-10.33,164.1,174.2,1.072,0.206,1.769
1791427782.8145516,0.6350,0.8030,0.5695,0.6350,0.4998,0.6350,0.7006,0.6350,0.6350,0.3646,0.4998,0.6350,0.5695,0.0123,0.0246,0.0410,0.0410,0.6800,0.7690,0.6940,0.0890,-0.0750,23.13,-10.16,163.9,174.0,1.122,0.210,1.918
1791427782.8460298,0.7538,0.5695,0.5695,0.5695,0.5695,0.8030,0.7538,0.7538,0.7538,0.2991,0.2458,0.6350,0.4998,0.0246,0.0205,0.0737,0.0369,0.6870,0.7720,,0.0850,,23.11,-10.21,164.0,174.0,1.089,0.208,
1791427782.8774989,0.5695,0.6350,0.6350,0.5695,0.6350,0.7006,0.8440,0.7006,0.7538,0.3646,0.3646,0.5695,0.4998,0.0410,0.0164,0.0410,0.0369,0.6800,0.7700,,0.0900,,23.18,-10.23,164.0,173.9,1.070,0.208,1.737
1791427782.9112473,0.7538,0.6350,0.4302,0.6350,0.4998,0.6350,0.8030,0.6350,0.5695,0.1557,0.3646,0.6350,0.5695,0.0369,0.0410,0.0369,0.0369,0.6800,0.7555,0.6890,0.0755,-0.0665,22.62,-9.96,159.6,173.6,1.067,0.207,1.785
1791427782.9456124,0.7006,0.8030,0.5695,0.7006,0.4998,0.7006,0.7538,0.7538,0.6350,0.1557,0.4302,0.6350,0.5695,0.0942,0.0574,0.0410,0.0369,0.6800,0.7700,0.6950,0.0900,-0.0750,22.85,-9.99,158.7,173.5,1.048,0.207,1.817
1791427782.9885044,0.7538,0.7006,0.6350,0.6350,0.7006,0.8030,0.7538,0.7006,0.7006,0.2991,0.4302,0.5695,0.6350,0.0369,0.0410,0.0574,0.0410,0.6830,0.7705,0.6950,0.0875,-0.0755,22.95,-9.89,160.4,174.1,1.127,0.206,1.894
1791427783.0199037,0.7006,0.7538,0.8440,0.7006,0.7006,0.8030,0.7006,0.6350,0.6350,0.3646,0.4998,0.6350,0.5695,0.0574,0.0246,0.0737,0.0369,0.6800,0.7725,0.6880,0.0925,-0.0845,23.07,-9.95,160.9,174.4,1.180,0.207,1.837
1791427783.051306,0.7538,0.6350,0.5695,0.5695,0.7006,0.7538,0.8030,0.6350,0.5695,0.4998,0.4302,0.6350,0.5695,0.0410,0.0410,0.0574,0.0410,0.6830,0.7705,0.6920,0.0875,-0.0785,23.03,-10.03,161.3,174.4,1.075,0.207,1.777
1791427783.082853,0.5695,0.4998,0.5695,0.6350,0.6350,0.6350,0.8030,0.4998,0.7006,0.5695,0.4302,0.5695,0.5695,0.0410,0.0205,0.0737,0.0164,0.6830,0.7720,0.6960,0.0890,-0.0760,22.97,-9.90,161.5,174.6,1.147,0.208,1.883
1791427783.1149511,0.6350,0.5695,0.4998,0.7006,0.5695,0.7538,0.8030,0.7538,0.6350,0.2991,0.6350,0.5695,0.5695,0.0369,0.0369,0.0574,0.0246,0.6800,0.7720,0.6910,0.0920,-0.0810,22.67,-9.81,161.5,174.9,1.211,0.213,2.117
1791427783.1468983,0.7538,0.7538,0.4998,0.5695,0.7006,0.7006,0.7538,0.6350,0.7538,0.4302,0.5695,0.6350,0.5695,0.0369,0.0369,0.0369,0.0410,0.6830,0.7725,0.6940,0.0895,-0.0785,23.13,-9.93,161.3,174.9,1.065,0.209,1.716
1791427783.1783867,0.4302,0.4998,0.7006,0.4998,0.4302,0.6350,0.8440,0.7006,0.4998,0.2991,0.5695,0.5695,0.5695,0.0574,0.0369,0.0574,0.0410,0.6830,0.7730,0.6960,0.0900,-0.0770,23.17,-9.87,161.2,174.7,1.137,0.209,1.877
1791427783.2104704,0.5695,0.6350,0.6350,0.6350,0.4998,0.7006,0.7006,0.5695,0.6350,0.3646,0.4998,0.5695,0.5695,0.0246,0.0246,0.0574,0.0574,0.6830,0.7720,0.6940,0.0890,-0.0780,23.11,-9.89,161.7,174.5,1.107,0.209,1.785
1791427783.2441049,0.8030,0.2991,0.5695,0.5695,0.5695,0.7006,0.6350,0.6350,0.7538,0.2991,0.4302,0.5695,0.5695,0.0737,0.0369,0.0737,0.0410,0.6800,0.7705,0.6950,0.0905,-0.0755,23.17,-9.80,161.7,175.0,1.137,0.209,1.902
1791427783.2771637,0.8767,0.7006,0.6350,0.5695,0.5695,0.7006,0.8440,0.3646,0.6350,0.4302,0.6350,0.5695,0.5695,0.0369,0.0369,0.0410,0.0369,0.6800,0.7700,0.6920,0.0900,-0.0780,22.90,-9.84,162.0,174.8,1.107,0.212,1.835
1791427783.3116846,0.7538,0.6350,0.6350,0.7006,0.6350,0.6350,0.6350,0.4998,0.4302,0.2458,0.6350,0.6350,0.6350,0.0410,0.0410,0.0369,0.0164,0.6800,0.7725,0.6930,0.0925,-0.0795,22.87,-9.83,161.3,174.4,1.147,0.214,1.952
1791427783.3533807,0.7006,0.6350,0.7006,0.6350,0.4998,0.7006,0.7538,0.5695,0.7538,0.2458,0.6350,0.5695,0.5695,0.0737,0.0246,0.0574,0.0369,0.6800,0.7685,0.6880,0.0885,-0.0805,22.91,-10.05,160.4,174.3,1.039,0.213,1.824
1791427783.38498,0.6350,0.3646,0.4302,0.4302,0.5695,0.2991,0.7006,0.7538,0.8030,0.2991,0.4302,0.4998,0.4998,0.0410,0.0410,0.0574,0.0369,0.6800,,,,,22.91,-10.05,160.4,174.3,,,
1791427783.4170709,0.8030,0.4998,0.6350,0.5695,0.5695,0.7006,0.7006,0.6350,0.7538,0.4998,0.3646,0.6350,0.5695,0.0410,0.0410,0.0574,0.0574,0.6800,0.7725,0.6850,0.0925,-0.0875,23.24,-10.29,160.5,173.8,1.100,0.210,1.751
1791427783.4494517,0.7538,0.6350,0.5695,0.7538,0.5695,0.6350,0.7006,0.5695,0.7006,0.2991,0.2458,0.5695,0.5695,0.0410,0.0410,0.0942,0.0574,0.6800,0.7735,0.6910,0.0935,-0.0825,23.51,-10.38,161.1,173.2,1.085,0.209,
1791427783.4806526,0.7006,0.5695,0.4998,0.6350,0.7006,0.6350,0.5695,0.7006,0.6350,0.2458,0.6350,0.7006,0.4998,0.0737,0.0246,0.0574,0.0574,0.6800,0.7730,,0.0930,,23.49,-10.31,159.0,173.1,1.162,0.210,1.920
1791427783.5116363,0.5695,0.8440,0.7006,0.4998,0.4998,0.5695,0.7538,0.7006,0.6350,0.4998,0.5695,0.5695,0.5695,0.0369,0.0369,0.0574,0.0737,0.6800,0.7715,0.6930,0.0915,-0.0785,23.30,-10.20,160.3,173.3,1.137,0.212,1.882
1791427783.5448482,0.6350,0.6350,0.4998,0.4998,0.6350,0.6350,0.8440,0.4998,0.7006,0.1966,0.5695,0.5695,0.5695,0.0942,0.0574,0.0737,0.0369,0.6800,0.7750,0.6950,0.0950,-0.0800,23.84,-10.25,159.8,174.0,1.086,0.209,1.748
1791427783.5785127,0.6350,0.7006,0.5695,0.7006,0.7006,0.5695,0.7006,0.4998,0.6350,0.2991,0.2458,0.6350,0.4998,0.0942,0.0369,0.0574,0.0410,0.6800,0.7705,,0.0905,,23.64,-10.22,159.8,173.3,1.103,0.210,
1791427783.6113636,0.8440,0.6350,0.7006,0.5695,0.4998,0.7006,0.7006,0.7006,0.8440,0.1557,0.2991,0.5695,0.6350,0.0737,0.0205,0.0737,0.0369,0.6800,0.7675,0.6950,0.0875,-0.0725,23.23,-10.07,159.1,173.6,1.088,0.212,
1791427783.644921,0.7006,0.4998,0.8767,0.4998,0.5695,0.6350,0.8030,0.5695,0.5695,0.4998,0.4998,0.5695,0.4998,0.0737,0.0737,0.0574,0.0369,0.6830,0.7715,,0.0885,,23.23,-10.17,159.8,174.0,1.053,0.211,1.787
1791427783.6865542,0.4998,0.6350,0.6350,0.4998,0.6350,0.7538,0.7006,0.6350,0.5695,0.2991,0.3646,0.7006,0.5695,0.0369,0.0369,0.0410,0.0164,0.6830,0.7750,0.6840,0.0920,-0.0910,23.69,-10.47,159.7,174.2,1.104,0.207,1.787
1791427783.718702,0.6350,0.7538,0.3646,0.7006,0.6350,0.8030,0.7538,0.5695,0.6350,0.1557,0.4302,0.5695,0.6350,0.0410,0.0410,0.0410,0.0410,0.6800,0.7755,0.6860,0.0955,-0.0895,23.99,-10.50,158.9,173.9,1.195,0.206,1.937
1791427783.7500448,0.5695,0.3646,0.5695,0.5695,0.5695,0.5695,0.8030,0.6350,0.7538,0.4302,0.2458,0.6350,0.5695,0.0410,0.0410,0.0410,0.0246,0.6800,0.7725,0.6950,0.0925,-0.0775,24.22,-10.40,159.5,174.7,1.099,0.204,1.702
1791427783.7826056,0.7538,0.5695,0.6350,0.7006,0.7006,0.7006,0.7538,0.5695,0.5695,0.2991,0.3646,0.5695,0.5695,0.0574,0.0574,0.0369,0.0410,0.6800,0.7725,0.6910,0.0925,-0.0815,23.99,-10.33,159.9,174.2,1.146,0.207,1.953
